---------------------------------------------------------------------------------------------------------
      name:  <unnamed>
       log:  /Volumes/Dades/Dropbox/PROJECTS/internalization2/submission/FINAL SUBMISSION/20130186_data/t
> ables/table_cost_pt_additional.log
  log type:  text
 opened on:  26 May 2014, 22:43:41

. 
. preserve 

. drop if rd == 1
(11688 observations deleted)

. 
. // specification
. global demandcontrols = "temp tempx humid"

. global supplycontrols = "windx windx2"

. global controls = "coal gas brent"

. global basefe = "_Ihour_* _Iyear* _Iweek* _Imonth_* _ImonXyea* _ImonXhou* _ImonXtem*"

. global controls1 = "hour#(c.coal c.gas c.brent) coal gas brent"

. 
. global maincost = "ecost2"

. global instruments = "eprice"

. 
. // pass-through estimation
. *(1) - BASELINE
. ivregress 2sls mg_price ($maincost = $instruments) $supplycontrols $demandcontrols $controls1 $basefe, 
> robust first
note: _Iyear_2007 omitted because of collinearity
note: _ImonXyea_2_2007 omitted because of collinearity
note: _ImonXyea_3_2006 omitted because of collinearity
note: _ImonXyea_3_2007 omitted because of collinearity
note: _ImonXyea_4_2006 omitted because of collinearity
note: _ImonXyea_4_2007 omitted because of collinearity
note: _ImonXyea_5_2006 omitted because of collinearity
note: _ImonXyea_5_2007 omitted because of collinearity
note: _ImonXyea_6_2006 omitted because of collinearity
note: _ImonXyea_6_2007 omitted because of collinearity
note: _ImonXyea_7_2006 omitted because of collinearity
note: _ImonXyea_7_2007 omitted because of collinearity
note: _ImonXyea_8_2006 omitted because of collinearity
note: _ImonXyea_8_2007 omitted because of collinearity
note: _ImonXyea_9_2006 omitted because of collinearity
note: _ImonXyea_9_2007 omitted because of collinearity
note: _ImonXyea_10_2006 omitted because of collinearity
note: _ImonXyea_10_2007 omitted because of collinearity
note: _ImonXyea_11_2006 omitted because of collinearity
note: _ImonXyea_11_2007 omitted because of collinearity
note: _ImonXyea_12_2006 omitted because of collinearity
note: _ImonXyea_12_2007 omitted because of collinearity

First-stage regressions
-----------------------

                                                  Number of obs   =      16186
                                                  F( 407,  15778) =     123.27
                                                  Prob > F        =     0.0000
                                                  R-squared       =     0.7886
                                                  Adj R-squared   =     0.7832
                                                  Root MSE        =     3.7799

-----------------------------------------------------------------------------------
                  |               Robust
           ecost2 |      Coef.   Std. Err.      t    P>|t|     [95% Conf. Interval]
------------------+----------------------------------------------------------------
            windx |  -.0423869   .1494524    -0.28   0.777    -.3353308     .250557
           windx2 |   .0078654   .0103637     0.76   0.448    -.0124486    .0281794
             temp |   .0495707   .0466233     1.06   0.288    -.0418163    .1409578
            tempx |   .0550329   .0498773     1.10   0.270    -.0427324    .1527982
            humid |   -.011096   .0056067    -1.98   0.048    -.0220858   -.0001062
                  |
      hour#c.coal |
               1  |          0  (empty)
               2  |   1.523394   4.924665     0.31   0.757    -8.129512     11.1763
               3  |   2.424804   4.908859     0.49   0.621     -7.19712    12.04673
               4  |   13.49843   4.965344     2.72   0.007     3.765786    23.23107
               5  |   15.62068   4.895692     3.19   0.001     6.024562    25.21679
               6  |   20.75774   4.964935     4.18   0.000      11.0259    30.48958
               7  |   -.323712   4.965342    -0.07   0.948    -10.05635    9.408927
               8  |   10.86802   5.184376     2.10   0.036     .7060489    21.02999
               9  |   16.01915    5.19466     3.08   0.002     5.837023    26.20128
              10  |    20.6728   5.062031     4.08   0.000     10.75064    30.59496
              11  |   14.46464   5.217161     2.77   0.006     4.238404    24.69087
              12  |   17.59074   5.505143     3.20   0.001     6.800033    28.38145
              13  |   11.31425   5.207855     2.17   0.030     1.106259    21.52224
              14  |   11.96353   5.082239     2.35   0.019     2.001756    21.92529
              15  |   7.841166   5.125865     1.53   0.126    -2.206117    17.88845
              16  |   19.44224   4.971013     3.91   0.000     9.698486    29.18599
              17  |   13.55415   5.029544     2.69   0.007     3.695668    23.41263
              18  |   13.64616   5.208775     2.62   0.009      3.43636    23.85595
              19  |   10.25351     5.1991     1.97   0.049     .0626822    20.44434
              20  |   14.00615    4.99023     2.81   0.005     4.224725    23.78757
              21  |   13.07422   5.161853     2.53   0.011     2.956397    23.19204
              22  |   15.98631   4.812059     3.32   0.001     6.554122    25.41849
              23  |   13.50467   4.886169     2.76   0.006     3.927219    23.08212
              24  |  -4.284207   4.761384    -0.90   0.368    -13.61707     5.04865
                  |
       hour#c.gas |
               1  |          0  (empty)
               2  |   1.552487   .6283047     2.47   0.013     .3209376    2.784036
               3  |   2.572319   .6737737     3.82   0.000     1.251646    3.892993
               4  |   2.952884   .6884848     4.29   0.000     1.603375    4.302393
               5  |   2.280582   .6983537     3.27   0.001     .9117292    3.649436
               6  |   2.945294   .7755432     3.80   0.000     1.425141    4.465448
               7  |   2.182716   .6315255     3.46   0.001     .9448535    3.420578
               8  |   .7676806   .6439131     1.19   0.233    -.4944626    2.029824
               9  |   .8689781   .6234557     1.39   0.163    -.3530663    2.091022
              10  |   1.461952   .6305236     2.32   0.020     .2260538     2.69785
              11  |   1.563069   .6379496     2.45   0.014     .3126147    2.813523
              12  |   1.272627   .6357097     2.00   0.045     .0265636    2.518691
              13  |   1.015513   .6442012     1.58   0.115    -.2471953    2.278221
              14  |   1.057916    .652163     1.62   0.105    -.2203984     2.33623
              15  |   1.184665   .7465804     1.59   0.113     -.278718    2.648048
              16  |   1.118177   .7048109     1.59   0.113    -.2633328    2.499687
              17  |   .9513484   .7134299     1.33   0.182    -.4470557    2.349753
              18  |   1.113896   .7199165     1.55   0.122    -.2972223    2.525015
              19  |   1.026173   .6271729     1.64   0.102    -.2031578    2.255504
              20  |   1.326589   .6261327     2.12   0.034     .0992977    2.553881
              21  |   .8636017   .7067272     1.22   0.222    -.5216644    2.248868
              22  |   .9393402   .7151382     1.31   0.189    -.4624125    2.341093
              23  |   1.067566   .6483983     1.65   0.100    -.2033691      2.3385
              24  |    .709119   .7194447     0.99   0.324    -.7010749    2.119313
                  |
     hour#c.brent |
               1  |          0  (empty)
               2  |   -.192837   .7786365    -0.25   0.804    -1.719054     1.33338
               3  |  -.7611357    .796133    -0.96   0.339    -2.321647     .799376
               4  |   .2623458   .7991672     0.33   0.743    -1.304113    1.828805
               5  |   1.843092   .7923685     2.33   0.020     .2899593    3.396225
               6  |   1.189408     .84265     1.41   0.158    -.4622823    2.841098
               7  |   .1281095     .77641     0.17   0.869    -1.393743    1.649962
               8  |   .6979094   .7900115     0.88   0.377    -.8506034    2.246422
               9  |   .9897434   .7770297     1.27   0.203    -.5333236    2.512811
              10  |   .6121064   .7853933     0.78   0.436    -.9273544    2.151567
              11  |  -.5809334   .8012553    -0.73   0.468    -2.151485    .9896186
              12  |  -.0021772   .8177109    -0.00   0.998    -1.604984     1.60063
              13  |  -.3246466   .7868236    -0.41   0.680    -1.866911    1.217618
              14  |  -.3431948   .8093105    -0.42   0.672    -1.929536    1.243146
              15  |   -.126725   .8425452    -0.15   0.880     -1.77821     1.52476
              16  |   .3164521   .8292434     0.38   0.703     -1.30896    1.941864
              17  |   .7748589   .8129249     0.95   0.341    -.8185669    2.368285
              18  |  -.0558336   .8309289    -0.07   0.946    -1.684549    1.572882
              19  |  -.3844232   .8062182    -0.48   0.633    -1.964703    1.195857
              20  |  -.8160606   .7826861    -1.04   0.297    -2.350215    .7180936
              21  |  -.5678051   .8080844    -0.70   0.482    -2.151743    1.016133
              22  |   -1.20128   .7761066    -1.55   0.122    -2.722538    .3199773
              23  |  -.9192996    .749293    -1.23   0.220       -2.388    .5494003
              24  |  -.9026085   .7939109    -1.14   0.256    -2.458765    .6535477
                  |
             coal |  -14.07906   3.820881    -3.68   0.000    -21.56842   -6.589691
              gas |  -1.784805   .5426081    -3.29   0.001    -2.848379    -.721231
            brent |   .7834474   .6881229     1.14   0.255    -.5653521    2.132247
         _Ihour_2 |   -3.35514   4.394751    -0.76   0.445    -11.96935    5.259074
         _Ihour_3 |  -3.642803    4.37317    -0.83   0.405    -12.21472    4.929111
         _Ihour_4 |  -12.34454   4.390978    -2.81   0.005    -20.95136   -3.737716
         _Ihour_5 |  -15.77863   4.325083    -3.65   0.000    -24.25629   -7.300975
         _Ihour_6 |  -18.85004   4.396707    -4.29   0.000    -27.46809   -10.23199
         _Ihour_7 |  -1.639699   4.421778    -0.37   0.711    -10.30689    7.027491
         _Ihour_8 |  -9.820007   4.597498    -2.14   0.033    -18.83163   -.8083859
         _Ihour_9 |  -14.12754   4.552893    -3.10   0.002    -23.05173   -5.203348
        _Ihour_10 |  -17.27077   4.442104    -3.89   0.000    -25.97781   -8.563743
        _Ihour_11 |   -10.8615   4.524463    -2.40   0.016    -19.72997   -1.993037
        _Ihour_12 |  -13.65823   4.706679    -2.90   0.004    -22.88386   -4.432605
        _Ihour_13 |  -8.683358   4.464084    -1.95   0.052    -17.43347    .0667574
        _Ihour_14 |  -9.154675   4.433846    -2.06   0.039    -17.84552   -.4638293
        _Ihour_15 |  -7.072575   4.428525    -1.60   0.110    -15.75299     1.60784
        _Ihour_16 |  -15.70893   4.402131    -3.57   0.000    -24.33761   -7.080248
        _Ihour_17 |  -12.36755   4.374283    -2.83   0.005    -20.94165   -3.793457
        _Ihour_18 |  -11.47463   4.514573    -2.54   0.011     -20.3237   -2.625547
        _Ihour_19 |  -7.485724   4.526339    -1.65   0.098    -16.35787    1.386418
        _Ihour_20 |  -10.21059   4.347878    -2.35   0.019    -18.73293   -1.688253
        _Ihour_21 |  -9.262702   4.416523    -2.10   0.036    -17.91959   -.6058124
        _Ihour_22 |  -10.02616    4.08677    -2.45   0.014     -18.0367   -2.015625
        _Ihour_23 |  -9.073517   4.141006    -2.19   0.028    -17.19036   -.9566709
        _Ihour_24 |   3.615383   4.140886     0.87   0.383    -4.501227    11.73199
      _Iyear_2005 |   .7396205   .4585513     1.61   0.107    -.1591925    1.638433
      _Iyear_2006 |   .0632112   1.415611     0.04   0.964    -2.711549    2.837972
      _Iyear_2007 |          0  (omitted)
        _Iweekd_2 |  -.1251706   .1106831    -1.13   0.258    -.3421221    .0917808
        _Iweekd_3 |  -.0509455   .1094732    -0.47   0.642    -.2655256    .1636345
        _Iweekd_4 |  -.1300431    .109544    -1.19   0.235    -.3447619    .0846757
        _Iweekd_5 |  -.2890095     .11133    -2.60   0.009     -.507229   -.0707899
        _Iweekd_6 |   .2062487   .1160273     1.78   0.075    -.0211781    .4336755
        _Iweekd_7 |   .7156493   .1143969     6.26   0.000     .4914183    .9398804
        _Imonth_2 |   3.690741   1.426384     2.59   0.010     .8948656    6.486616
        _Imonth_3 |   3.643691   1.032777     3.53   0.000      1.61933    5.668052
        _Imonth_4 |  -.8819927   1.076274    -0.82   0.413    -2.991613    1.227628
        _Imonth_5 |  -.3908036   1.191912    -0.33   0.743    -2.727087     1.94548
        _Imonth_6 |    2.88827   1.516515     1.90   0.057     -.084273    5.860812
        _Imonth_7 |   .9885434   1.633094     0.61   0.545    -2.212507    4.189594
        _Imonth_8 |   5.212987   2.330073     2.24   0.025      .645778    9.780195
        _Imonth_9 |   12.69195   2.135796     5.94   0.000     8.505548    16.87836
       _Imonth_10 |    3.96784   1.400629     2.83   0.005     1.222447    6.713232
       _Imonth_11 |   1.387868   1.492165     0.93   0.352    -1.536945    4.312681
       _Imonth_12 |  -1.018203   1.425127    -0.71   0.475    -3.811616    1.775209
 _ImonXyea_2_2005 |  -.1790768   .2954016    -0.61   0.544    -.7580977     .399944
 _ImonXyea_2_2006 |  -.0004323   .5116128    -0.00   0.999    -1.003252    1.002387
 _ImonXyea_2_2007 |          0  (omitted)
 _ImonXyea_3_2005 |  -.9661958   .3940816    -2.45   0.014    -1.738641   -.1937509
 _ImonXyea_3_2006 |          0  (omitted)
 _ImonXyea_3_2007 |          0  (omitted)
 _ImonXyea_4_2005 |   .6284867   .5729594     1.10   0.273    -.4945792    1.751553
 _ImonXyea_4_2006 |          0  (omitted)
 _ImonXyea_4_2007 |          0  (omitted)
 _ImonXyea_5_2005 |   1.147632   .6439357     1.78   0.075    -.1145554     2.40982
 _ImonXyea_5_2006 |          0  (omitted)
 _ImonXyea_5_2007 |          0  (omitted)
 _ImonXyea_6_2005 |   2.105372   .7964144     2.64   0.008     .5443085    3.666435
 _ImonXyea_6_2006 |          0  (omitted)
 _ImonXyea_6_2007 |          0  (omitted)
 _ImonXyea_7_2005 |   1.383727   .9558446     1.45   0.148    -.4898379    3.257291
 _ImonXyea_7_2006 |          0  (omitted)
 _ImonXyea_7_2007 |          0  (omitted)
 _ImonXyea_8_2005 |  -.4419772   .9034666    -0.49   0.625    -2.212875    1.328921
 _ImonXyea_8_2006 |          0  (omitted)
 _ImonXyea_8_2007 |          0  (omitted)
 _ImonXyea_9_2005 |  -.1726598   .9465487    -0.18   0.855    -2.028003    1.682684
 _ImonXyea_9_2006 |          0  (omitted)
 _ImonXyea_9_2007 |          0  (omitted)
_ImonXyea_10_2005 |   .1929594   .9055675     0.21   0.831    -1.582056    1.967975
_ImonXyea_10_2006 |          0  (omitted)
_ImonXyea_10_2007 |          0  (omitted)
_ImonXyea_11_2005 |    .121885   .8254137     0.15   0.883     -1.49602     1.73979
_ImonXyea_11_2006 |          0  (omitted)
_ImonXyea_11_2007 |          0  (omitted)
_ImonXyea_12_2005 |  -.4822298   .8757428    -0.55   0.582    -2.198786    1.234326
_ImonXyea_12_2006 |          0  (omitted)
_ImonXyea_12_2007 |          0  (omitted)
    _ImonXhou_2_2 |   .6659696   .9530317     0.70   0.485    -1.202082    2.534021
    _ImonXhou_2_3 |   .3040314   .9629197     0.32   0.752    -1.583401    2.191464
    _ImonXhou_2_4 |  -2.778858    .953223    -2.92   0.004    -4.647284   -.9104324
    _ImonXhou_2_5 |  -2.559026   .8484904    -3.02   0.003    -4.222165   -.8958883
    _ImonXhou_2_6 |  -2.360318   .8556793    -2.76   0.006    -4.037547   -.6830887
    _ImonXhou_2_7 |  -2.133973   .9446645    -2.26   0.024    -3.985623   -.2823225
    _ImonXhou_2_8 |   .0333223   .9429508     0.04   0.972    -1.814969    1.881614
    _ImonXhou_2_9 |  -.2115264   .9281973    -0.23   0.820    -2.030899    1.607846
   _ImonXhou_2_10 |  -.6823382    .907719    -0.75   0.452    -2.461571    1.096895
   _ImonXhou_2_11 |  -.5899464   .8974443    -0.66   0.511     -2.34904    1.169147
   _ImonXhou_2_12 |  -.8035745   .9510441    -0.84   0.398     -2.66773    1.060581
   _ImonXhou_2_13 |  -.6470456   .8070068    -0.80   0.423    -2.228871      .93478
   _ImonXhou_2_14 |  -.7202663    .829442    -0.87   0.385    -2.346067    .9055348
   _ImonXhou_2_15 |   .0959154   .8905973     0.11   0.914    -1.649757    1.841588
   _ImonXhou_2_16 |  -.2662797   .8867731    -0.30   0.764    -2.004456    1.471897
   _ImonXhou_2_17 |   .0133551   .8966357     0.01   0.988    -1.744153    1.770863
   _ImonXhou_2_18 |   .8890684   .8714917     1.02   0.308     -.819155    2.597292
   _ImonXhou_2_19 |  -.5641679   .8454174    -0.67   0.505    -2.221283    1.092947
   _ImonXhou_2_20 |  -.2151629   .7095284    -0.30   0.762     -1.60592    1.175594
   _ImonXhou_2_21 |  -.3555784   .7020946    -0.51   0.613    -1.731764    1.020607
   _ImonXhou_2_22 |  -1.132052   .7101419    -1.59   0.111    -2.524011    .2599074
   _ImonXhou_2_23 |  -.4062238   .7982769    -0.51   0.611    -1.970938     1.15849
   _ImonXhou_2_24 |   .2347949   .8150803     0.29   0.773    -1.362856    1.832446
    _ImonXhou_3_2 |   -.174584   .8159061    -0.21   0.831    -1.773853    1.424685
    _ImonXhou_3_3 |  -1.378005   .8276248    -1.67   0.096    -3.000244    .2442345
    _ImonXhou_3_4 |  -3.389217   .8493205    -3.99   0.000    -5.053982   -1.724452
    _ImonXhou_3_5 |  -4.623279   .7257955    -6.37   0.000    -6.045922   -3.200637
    _ImonXhou_3_6 |  -4.394094   .7932846    -5.54   0.000    -5.949023   -2.839165
    _ImonXhou_3_7 |  -2.745431   .8110595    -3.38   0.001    -4.335201   -1.155662
    _ImonXhou_3_8 |  -1.314166   .7859652    -1.67   0.095    -2.854747    .2264162
    _ImonXhou_3_9 |   -1.48138   .8109032    -1.83   0.068    -3.070842    .1080835
   _ImonXhou_3_10 |  -1.806459   .7999259    -2.26   0.024    -3.374405   -.2385131
   _ImonXhou_3_11 |  -1.728507   .8072555    -2.14   0.032     -3.31082   -.1461943
   _ImonXhou_3_12 |  -2.221264   .8932793    -2.49   0.013    -3.972194   -.4703344
   _ImonXhou_3_13 |  -1.110709   .7178914    -1.55   0.122    -2.517858    .2964401
   _ImonXhou_3_14 |  -.7824601   .7386579    -1.06   0.289    -2.230314    .6653938
   _ImonXhou_3_15 |  -.6325936   .8008308    -0.79   0.430    -2.202313    .9371262
   _ImonXhou_3_16 |  -1.199959   .7810235    -1.54   0.124    -2.730855    .3309364
   _ImonXhou_3_17 |  -1.445422   .7881211    -1.83   0.067     -2.99023    .0993851
   _ImonXhou_3_18 |   -.316713   .7614224    -0.42   0.677    -1.809188    1.175762
   _ImonXhou_3_19 |  -1.042853   .7744775    -1.35   0.178    -2.560917    .4752117
   _ImonXhou_3_20 |  -1.159391   .6841392    -1.69   0.090    -2.500382    .1816002
   _ImonXhou_3_21 |  -.1625426   .7132455    -0.23   0.820    -1.560585      1.2355
   _ImonXhou_3_22 |  -.4654419   .7255376    -0.64   0.521    -1.887578    .9566947
   _ImonXhou_3_23 |  -.6424517   .7353359    -0.87   0.382    -2.083794    .7988907
   _ImonXhou_3_24 |   .2134951   .7424485     0.29   0.774    -1.241789    1.668779
    _ImonXhou_4_2 |    1.60895   .8883533     1.81   0.070    -.1323242    3.350224
    _ImonXhou_4_3 |   1.659748    .872772     1.90   0.057    -.0509844    3.370481
    _ImonXhou_4_4 |  -.8664056   .8823665    -0.98   0.326    -2.595945    .8631337
    _ImonXhou_4_5 |  -1.556248   .7806533    -1.99   0.046    -3.086417   -.0260781
    _ImonXhou_4_6 |  -1.564525    .834275    -1.88   0.061    -3.199799    .0707498
    _ImonXhou_4_7 |  -.3910855   .9114483    -0.43   0.668    -2.177628    1.395457
    _ImonXhou_4_8 |   .5531585   .8717214     0.63   0.526    -1.155515    2.261832
    _ImonXhou_4_9 |   .1732273   .9223658     0.19   0.851    -1.634715     1.98117
   _ImonXhou_4_10 |   .3798629   .8832245     0.43   0.667    -1.351358    2.111084
   _ImonXhou_4_11 |   .7015893   .8748052     0.80   0.423    -1.013129    2.416307
   _ImonXhou_4_12 |    .370641   .9499306     0.39   0.696    -1.491332    2.232614
   _ImonXhou_4_13 |   .5801993    .822627     0.71   0.481    -1.032244    2.192642
   _ImonXhou_4_14 |   1.279658   .8481226     1.51   0.131    -.3827595    2.942075
   _ImonXhou_4_15 |   1.386841   .8944731     1.55   0.121    -.3664289     3.14011
   _ImonXhou_4_16 |   .4935412   .8848456     0.56   0.577    -1.240857     2.22794
   _ImonXhou_4_17 |   .6148315   .8938918     0.69   0.492    -1.137299    2.366962
   _ImonXhou_4_18 |   1.263879   .8721307     1.45   0.147    -.4455971    2.973355
   _ImonXhou_4_19 |   .4451407   .8817029     0.50   0.614    -1.283098    2.173379
   _ImonXhou_4_20 |   1.950066   .8424643     2.31   0.021     .2987394    3.601392
   _ImonXhou_4_21 |   .4436581   .8073239     0.55   0.583    -1.138789    2.026105
   _ImonXhou_4_22 |    .876751   .8175546     1.07   0.284    -.7257495    2.479252
   _ImonXhou_4_23 |    1.00401   .8265065     1.21   0.224    -.6160376    2.624057
   _ImonXhou_4_24 |   1.035551   .8634539     1.20   0.230    -.6569176    2.728019
    _ImonXhou_5_2 |   1.204516    .973108     1.24   0.216    -.7028865    3.111919
    _ImonXhou_5_3 |   .7567567   .9820159     0.77   0.441    -1.168107     2.68162
    _ImonXhou_5_4 |  -1.115899   .9307869    -1.20   0.231    -2.940348    .7085496
    _ImonXhou_5_5 |  -2.200336   .8457169    -2.60   0.009    -3.858038   -.5426341
    _ImonXhou_5_6 |  -2.320151   .9102297    -2.55   0.011    -4.104306    -.535997
    _ImonXhou_5_7 |  -.8103637    .973687    -0.83   0.405    -2.718902    1.098174
    _ImonXhou_5_8 |  -1.182695   .9563976    -1.24   0.216    -3.057344    .6919535
    _ImonXhou_5_9 |  -1.181868    .942438    -1.25   0.210    -3.029154    .6654182
   _ImonXhou_5_10 |  -.4794649   .9659271    -0.50   0.620    -2.372792    1.413863
   _ImonXhou_5_11 |   .3566297   .9697081     0.37   0.713    -1.544109    2.257369
   _ImonXhou_5_12 |   .2788658   1.047567     0.27   0.790    -1.774486    2.332218
   _ImonXhou_5_13 |   .9557274   .8712335     1.10   0.273    -.7519898    2.663445
   _ImonXhou_5_14 |   1.137425   .8990888     1.27   0.206    -.6248916    2.899742
   _ImonXhou_5_15 |   .4497409   .9637533     0.47   0.641    -1.439326    2.338808
   _ImonXhou_5_16 |   .3318174    .948212     0.35   0.726    -1.526786    2.190421
   _ImonXhou_5_17 |  -.2172325    .963254    -0.23   0.822    -2.105321    1.670856
   _ImonXhou_5_18 |    .777728   .9545399     0.81   0.415    -1.093279    2.648735
   _ImonXhou_5_19 |  -.9593917   .9399698    -1.02   0.307     -2.80184    .8830565
   _ImonXhou_5_20 |   .2353247   .8864615     0.27   0.791    -1.502241    1.972891
   _ImonXhou_5_21 |  -.1809093   .8551669    -0.21   0.832    -1.857134    1.495316
   _ImonXhou_5_22 |   .0624652   .8786195     0.07   0.943     -1.65973     1.78466
   _ImonXhou_5_23 |   .1265935   .9029476     0.14   0.889    -1.643287    1.896474
   _ImonXhou_5_24 |   .6407021    .936183     0.68   0.494    -1.194324    2.475728
    _ImonXhou_6_2 |   1.378551   1.061803     1.30   0.194     -.702704    3.459805
    _ImonXhou_6_3 |   .2005898   1.086251     0.18   0.853    -1.928587    2.329766
    _ImonXhou_6_4 |  -2.561227   1.064547    -2.41   0.016    -4.647862   -.4745929
    _ImonXhou_6_5 |  -3.511162    .967563    -3.63   0.000    -5.407696   -1.614628
    _ImonXhou_6_6 |  -4.409586   1.042154    -4.23   0.000    -6.452328   -2.366844
    _ImonXhou_6_7 |  -2.345743   1.069694    -2.19   0.028    -4.442466   -.2490203
    _ImonXhou_6_8 |  -1.392406   1.062692    -1.31   0.190    -3.475403    .6905917
    _ImonXhou_6_9 |  -1.127053   1.030934    -1.09   0.274    -3.147802    .8936961
   _ImonXhou_6_10 |  -2.793412   1.032148    -2.71   0.007    -4.816541   -.7702832
   _ImonXhou_6_11 |  -.1356793   1.042014    -0.13   0.896    -2.178145    1.906787
   _ImonXhou_6_12 |  -.0438444   1.080432    -0.04   0.968    -2.161615    2.073926
   _ImonXhou_6_13 |   .2173921   .9783146     0.22   0.824    -1.700216    2.135001
   _ImonXhou_6_14 |   .0209439   .9658269     0.02   0.983    -1.872187    1.914075
   _ImonXhou_6_15 |    .373394   .9838421     0.38   0.704    -1.555049    2.301837
   _ImonXhou_6_16 |  -.8365453   1.021443    -0.82   0.413    -2.838691      1.1656
   _ImonXhou_6_17 |  -.3365939   1.022967    -0.33   0.742    -2.341727    1.668539
   _ImonXhou_6_18 |  -1.024268   1.030143    -0.99   0.320    -3.043465    .9949295
   _ImonXhou_6_19 |  -.4498201   1.013856    -0.44   0.657    -2.437093    1.537453
   _ImonXhou_6_20 |    .185565   .9447494     0.20   0.844    -1.666252    2.037382
   _ImonXhou_6_21 |  -.2068117   .9342483    -0.22   0.825    -2.038045    1.624422
   _ImonXhou_6_22 |  -.3096454   .8970598    -0.35   0.730    -2.067985    1.448694
   _ImonXhou_6_23 |   .1631853   .9250984     0.18   0.860    -1.650113    1.976484
   _ImonXhou_6_24 |  -.0974258   1.005568    -0.10   0.923    -2.068455    1.873603
    _ImonXhou_7_2 |   .2357696   1.286049     0.18   0.855    -2.285034    2.756573
    _ImonXhou_7_3 |  -.5638683   1.298623    -0.43   0.664    -3.109317    1.981581
    _ImonXhou_7_4 |  -4.661238   1.309101    -3.56   0.000    -7.227227    -2.09525
    _ImonXhou_7_5 |  -5.934907   1.226259    -4.84   0.000    -8.338515   -3.531298
    _ImonXhou_7_6 |  -6.681438   1.254217    -5.33   0.000    -9.139847    -4.22303
    _ImonXhou_7_7 |  -2.682273   1.297083    -2.07   0.039    -5.224703    -.139843
    _ImonXhou_7_8 |  -2.654067   1.281915    -2.07   0.038    -5.166766   -.1413678
    _ImonXhou_7_9 |  -1.950824   1.267883    -1.54   0.124    -4.436019    .5343707
   _ImonXhou_7_10 |   -1.45617   1.257686    -1.16   0.247    -3.921378    1.009037
   _ImonXhou_7_11 |   -.623917   1.238546    -0.50   0.614    -3.051609    1.803775
   _ImonXhou_7_12 |  -1.395722   1.338944    -1.04   0.297    -4.020205     1.22876
   _ImonXhou_7_13 |   .1502118   1.193498     0.13   0.900     -2.18918    2.489604
   _ImonXhou_7_14 |   .7119856   1.239077     0.57   0.566    -1.716747    3.140718
   _ImonXhou_7_15 |   .3467145   1.306109     0.27   0.791    -2.213408    2.906837
   _ImonXhou_7_16 |  -1.732997   1.299625    -1.33   0.182    -4.280411    .8144174
   _ImonXhou_7_17 |  -.1130348   1.230949    -0.09   0.927    -2.525836    2.299766
   _ImonXhou_7_18 |  -.2098797   1.231678    -0.17   0.865     -2.62411    2.204351
   _ImonXhou_7_19 |  -.4528156   1.258636    -0.36   0.719    -2.919885    2.014254
   _ImonXhou_7_20 |   .3441445   1.172545     0.29   0.769    -1.954177    2.642466
   _ImonXhou_7_21 |   .0021252     1.1591     0.00   0.999    -2.269843    2.274094
   _ImonXhou_7_22 |   .7400523   1.140158     0.65   0.516    -1.494787    2.974892
   _ImonXhou_7_23 |  -.3773237   1.195877    -0.32   0.752    -2.721379    1.966731
   _ImonXhou_7_24 |   1.865193   1.219517     1.53   0.126    -.5252009    4.255586
    _ImonXhou_8_2 |  -.0391573   1.567479    -0.02   0.980    -3.111596    3.033282
    _ImonXhou_8_3 |  -1.095401   1.573963    -0.70   0.486    -4.180548    1.989747
    _ImonXhou_8_4 |  -5.756459   1.596749    -3.61   0.000     -8.88627   -2.626648
    _ImonXhou_8_5 |  -7.206428   1.526514    -4.72   0.000    -10.19857   -4.214287
    _ImonXhou_8_6 |  -7.286161   1.552533    -4.69   0.000     -10.3293   -4.243019
    _ImonXhou_8_7 |  -2.369457   1.574824    -1.50   0.132    -5.456293    .7173791
    _ImonXhou_8_8 |  -2.597832   1.595506    -1.63   0.103    -5.725207    .5295422
    _ImonXhou_8_9 |   -2.71747   1.625233    -1.67   0.095    -5.903113    .4681729
   _ImonXhou_8_10 |  -4.811158   1.600488    -3.01   0.003    -7.948297   -1.674019
   _ImonXhou_8_11 |  -2.441289   1.643149    -1.49   0.137     -5.66205    .7794715
   _ImonXhou_8_12 |  -3.717491   1.769428    -2.10   0.036    -7.185772   -.2492094
   _ImonXhou_8_13 |  -.5780098   1.566501    -0.37   0.712    -3.648531    2.492511
   _ImonXhou_8_14 |   -.967157   1.591206    -0.61   0.543    -4.086103    2.151789
   _ImonXhou_8_15 |  -1.014216    1.66928    -0.61   0.543    -4.286195    2.257764
   _ImonXhou_8_16 |  -4.043652   1.586167    -2.55   0.011     -7.15272   -.9345834
   _ImonXhou_8_17 |  -3.388307   1.588038    -2.13   0.033    -6.501043   -.2755708
   _ImonXhou_8_18 |  -1.839727   1.603835    -1.15   0.251    -4.983426    1.303973
   _ImonXhou_8_19 |  -1.897277   1.577888    -1.20   0.229    -4.990118    1.195565
   _ImonXhou_8_20 |  -1.536932   1.573686    -0.98   0.329    -4.621536    1.547672
   _ImonXhou_8_21 |  -1.784244   1.563676    -1.14   0.254    -4.849228    1.280739
   _ImonXhou_8_22 |   -1.44948   1.519532    -0.95   0.340    -4.427937    1.528976
   _ImonXhou_8_23 |  -1.813613   1.539219    -1.18   0.239    -4.830659    1.203433
   _ImonXhou_8_24 |    1.92209    1.55737     1.23   0.217    -1.130534    4.974714
    _ImonXhou_9_2 |  -.0156981   1.397355    -0.01   0.991    -2.754674    2.723278
    _ImonXhou_9_3 |  -.3335847   1.437073    -0.23   0.816    -3.150413    2.483243
    _ImonXhou_9_4 |  -5.333333   1.460051    -3.65   0.000      -8.1952   -2.471467
    _ImonXhou_9_5 |  -6.254352   1.390126    -4.50   0.000    -8.979159   -3.529546
    _ImonXhou_9_6 |  -7.306376   1.438277    -5.08   0.000    -10.12556   -4.487188
    _ImonXhou_9_7 |  -2.019031   1.428986    -1.41   0.158    -4.820007    .7819445
    _ImonXhou_9_8 |  -3.212578   1.492037    -2.15   0.031    -6.137141   -.2880142
    _ImonXhou_9_9 |  -4.636478   1.518613    -3.05   0.002    -7.613133   -1.659822
   _ImonXhou_9_10 |  -5.121072   1.498892    -3.42   0.001    -8.059071   -2.183073
   _ImonXhou_9_11 |  -2.975896   1.539851    -1.93   0.053     -5.99418    .0423878
   _ImonXhou_9_12 |  -3.768814   1.675478    -2.25   0.025    -7.052943   -.4846842
   _ImonXhou_9_13 |  -2.467757   1.476338    -1.67   0.095    -5.361548    .4260347
   _ImonXhou_9_14 |  -2.198946   1.439293    -1.53   0.127    -5.020124    .6222321
   _ImonXhou_9_15 |  -1.399392    1.49934    -0.93   0.351     -4.33827    1.539486
   _ImonXhou_9_16 |   -4.65885   1.436564    -3.24   0.001    -7.474679    -1.84302
   _ImonXhou_9_17 |  -3.112195   1.456595    -2.14   0.033    -5.967287   -.2571023
   _ImonXhou_9_18 |  -1.666801   1.483485    -1.12   0.261    -4.574602    1.240999
   _ImonXhou_9_19 |  -2.707997   1.457746    -1.86   0.063    -5.565346    .1493526
   _ImonXhou_9_20 |  -2.012692   1.464535    -1.37   0.169    -4.883349    .8579648
   _ImonXhou_9_21 |  -2.293599   1.453091    -1.58   0.114    -5.141824    .5546248
   _ImonXhou_9_22 |  -2.983568   1.373087    -2.17   0.030    -5.674975   -.2921617
   _ImonXhou_9_23 |  -2.790909   1.432906    -1.95   0.051    -5.599569      .01775
   _ImonXhou_9_24 |   1.928204   1.377939     1.40   0.162    -.7727145    4.629122
   _ImonXhou_10_2 |  -.2524419   1.408644    -0.18   0.858    -3.013546    2.508662
   _ImonXhou_10_3 |   -.163008   1.424289    -0.11   0.909    -2.954778    2.628762
   _ImonXhou_10_4 |  -4.442559   1.498956    -2.96   0.003    -7.380684   -1.504434
   _ImonXhou_10_5 |  -6.759621   1.400633    -4.83   0.000    -9.505021    -4.01422
   _ImonXhou_10_6 |   -7.05875   1.440125    -4.90   0.000     -9.88156    -4.23594
   _ImonXhou_10_7 |  -2.273828   1.420257    -1.60   0.109    -5.057694    .5100372
   _ImonXhou_10_8 |   -3.45126   1.446154    -2.39   0.017    -6.285887   -.6166334
   _ImonXhou_10_9 |  -4.653581    1.46685    -3.17   0.002    -7.528774   -1.778387
  _ImonXhou_10_10 |  -5.135993   1.479986    -3.47   0.001    -8.036936    -2.23505
  _ImonXhou_10_11 |  -3.313748   1.505061    -2.20   0.028     -6.26384   -.3636564
  _ImonXhou_10_12 |  -4.425154   1.646641    -2.69   0.007    -7.652759   -1.197549
  _ImonXhou_10_13 |  -3.659799   1.392715    -2.63   0.009    -6.389679   -.9299186
  _ImonXhou_10_14 |  -4.252215   1.368475    -3.11   0.002    -6.934583   -1.569848
  _ImonXhou_10_15 |   -2.91166   1.515316    -1.92   0.055    -5.881852    .0585327
  _ImonXhou_10_16 |  -3.544332   1.457859    -2.43   0.015    -6.401901   -.6867623
  _ImonXhou_10_17 |  -3.412973   1.454719    -2.35   0.019    -6.264388   -.5615574
  _ImonXhou_10_18 |  -2.686526   1.481971    -1.81   0.070    -5.591359     .218306
  _ImonXhou_10_19 |  -1.808522   1.528137    -1.18   0.237    -4.803845    1.186801
  _ImonXhou_10_20 |  -2.775447   1.444859    -1.92   0.055    -5.607537    .0566425
  _ImonXhou_10_21 |  -2.268917   1.483887    -1.53   0.126    -5.177505    .6396714
  _ImonXhou_10_22 |  -3.037339   1.306875    -2.32   0.020    -5.598963   -.4757156
  _ImonXhou_10_23 |   -2.21578   1.414821    -1.57   0.117     -4.98899    .5574304
  _ImonXhou_10_24 |   1.052712   1.419144     0.74   0.458    -1.728972    3.834396
   _ImonXhou_11_2 |   1.646457   1.085972     1.52   0.130    -.4821732    3.775087
   _ImonXhou_11_3 |   .4616022   1.107507     0.42   0.677    -1.709238    2.632442
   _ImonXhou_11_4 |  -1.390269   1.049628    -1.32   0.185     -3.44766    .6671218
   _ImonXhou_11_5 |  -3.648237     .99034    -3.68   0.000    -5.589416   -1.707057
   _ImonXhou_11_6 |  -4.100457   1.032997    -3.97   0.000    -6.125248   -2.075665
   _ImonXhou_11_7 |  -1.007854   1.050263    -0.96   0.337     -3.06649    1.050781
   _ImonXhou_11_8 |  -1.191606   1.118911    -1.06   0.287    -3.384799    1.001588
   _ImonXhou_11_9 |  -3.089598   1.123467    -2.75   0.006    -5.291721   -.8874737
  _ImonXhou_11_10 |  -3.072428   1.124317    -2.73   0.006    -5.276217   -.8686385
  _ImonXhou_11_11 |  -2.191033   1.119084    -1.96   0.050    -4.384565    .0024991
  _ImonXhou_11_12 |  -2.840289   1.212321    -2.34   0.019    -5.216577   -.4640008
  _ImonXhou_11_13 |   -1.87236   1.021507    -1.83   0.067     -3.87463     .129911
  _ImonXhou_11_14 |  -2.155792   1.052114    -2.05   0.040    -4.218057   -.0935273
  _ImonXhou_11_15 |  -.8003384    1.10229    -0.73   0.468    -2.960954    1.360277
  _ImonXhou_11_16 |  -1.839251   1.094415    -1.68   0.093    -3.984429    .3059268
  _ImonXhou_11_17 |  -2.305624   1.080968    -2.13   0.033    -4.424446   -.1868032
  _ImonXhou_11_18 |  -1.171942   1.100707    -1.06   0.287    -3.329453    .9855692
  _ImonXhou_11_19 |  -2.125749    1.06833    -1.99   0.047    -4.219799    -.031699
  _ImonXhou_11_20 |  -1.950902   .9796089    -1.99   0.046    -3.871048    -.030757
  _ImonXhou_11_21 |  -1.877848   .9773058    -1.92   0.055    -3.793479    .0377828
  _ImonXhou_11_22 |  -2.033041   .9255888    -2.20   0.028    -3.847301   -.2187814
  _ImonXhou_11_23 |  -1.578776   1.011855    -1.56   0.119    -3.562128     .404576
  _ImonXhou_11_24 |  -.3607123   1.059114    -0.34   0.733    -2.436697    1.715272
   _ImonXhou_12_2 |   .9542406   1.077929     0.89   0.376    -1.158624    3.067105
   _ImonXhou_12_3 |   1.270951   1.040065     1.22   0.222     -.767695    3.309596
   _ImonXhou_12_4 |  -.8063227   1.031276    -0.78   0.434    -2.827742    1.215097
   _ImonXhou_12_5 |  -1.346563   .8594261    -1.57   0.117    -3.031137    .3380104
   _ImonXhou_12_6 |   -1.48963   .8949053    -1.66   0.096    -3.243747    .2644867
   _ImonXhou_12_7 |   .1012053   1.001699     0.10   0.920     -1.86224     2.06465
   _ImonXhou_12_8 |   .4082709   1.012304     0.40   0.687     -1.57596    2.392502
   _ImonXhou_12_9 |  -.7807233   1.036755    -0.75   0.451    -2.812881    1.251435
  _ImonXhou_12_10 |  -1.612063   1.026927    -1.57   0.116    -3.624958    .4008318
  _ImonXhou_12_11 |  -1.097489   1.029463    -1.07   0.286    -3.115354    .9203753
  _ImonXhou_12_12 |  -1.879063   1.082521    -1.74   0.083    -4.000928     .242802
  _ImonXhou_12_13 |  -.4420343   .9314731    -0.47   0.635    -2.267828    1.383759
  _ImonXhou_12_14 |   -.370302   .9519948    -0.39   0.697    -2.236321    1.495717
  _ImonXhou_12_15 |  -.0687907   .9934605    -0.07   0.945    -2.016087    1.878506
  _ImonXhou_12_16 |  -1.126918   .9458612    -1.19   0.234    -2.980914    .7270781
  _ImonXhou_12_17 |  -.8912438   1.001716    -0.89   0.374    -2.854722    1.072234
  _ImonXhou_12_18 |  -.3319631   .9825926    -0.34   0.735    -2.257957    1.594031
  _ImonXhou_12_19 |  -.4537348   .9775333    -0.46   0.643    -2.369812    1.462342
  _ImonXhou_12_20 |  -.0889076   .9177275    -0.10   0.923    -1.887759    1.709943
  _ImonXhou_12_21 |    -.36514   .8380822    -0.44   0.663    -2.007877    1.277597
  _ImonXhou_12_22 |  -.8458527   .7821114    -1.08   0.279     -2.37888    .6871751
  _ImonXhou_12_23 |  -.3148674   .8806273    -0.36   0.721    -2.040998    1.411263
  _ImonXhou_12_24 |  -.5574731    .887364    -0.63   0.530    -2.296808    1.181862
     _ImonXtemp_2 |  -.0199739   .1224744    -0.16   0.870    -.2600377      .22009
     _ImonXtemp_3 |   .0842265    .064572     1.30   0.192    -.0423419     .210795
     _ImonXtemp_4 |   .0607634   .0826121     0.74   0.462    -.1011657    .2226925
     _ImonXtemp_5 |  -.2171746   .0947798    -2.29   0.022    -.4029538   -.0313953
     _ImonXtemp_6 |   .4295771    .146029     2.94   0.003     .1433435    .7158108
     _ImonXtemp_7 |  -.0173413   .1116198    -0.16   0.877    -.2361288    .2014463
     _ImonXtemp_8 |  -.1643917   .0922359    -1.78   0.075    -.3451847    .0164013
     _ImonXtemp_9 |   .0719882   .0891864     0.81   0.420    -.1028272    .2468037
    _ImonXtemp_10 |  -.0388772   .0995017    -0.39   0.696    -.2339119    .1561575
    _ImonXtemp_11 |  -.0534421   .0584662    -0.91   0.361    -.1680426    .0611584
    _ImonXtemp_12 |  -.0581315   .0888689    -0.65   0.513    -.2323248    .1160618
     _ImonXtempa2 |  -.1605218   .0960519    -1.67   0.095    -.3487945    .0277509
     _ImonXtempa3 |  -.1623772   .0646173    -2.51   0.012    -.2890346   -.0357198
     _ImonXtempa4 |  -.0453958   .0674324    -0.67   0.501     -.177571    .0867794
     _ImonXtempa5 |   .0985881   .0872536     1.13   0.259    -.0724391    .2696152
     _ImonXtempa6 |  -.3979426   .0969405    -4.11   0.000    -.5879571    -.207928
     _ImonXtempa7 |  -.0436843   .0908163    -0.48   0.631    -.2216945     .134326
     _ImonXtempa8 |   -.033865   .0735104    -0.46   0.645    -.1779537    .1102237
     _ImonXtempa9 |  -.3951017   .0743099    -5.32   0.000    -.5407577   -.2494457
    _ImonXtempa10 |  -.0681642   .0717098    -0.95   0.342    -.2087236    .0723952
    _ImonXtempa11 |   .0132638   .0735107     0.18   0.857    -.1308256    .1573532
    _ImonXtempa12 |    .111484   .0905654     1.23   0.218    -.0660346    .2890027
           eprice |   .5688258   .0523462    10.87   0.000     .4662213    .6714303
            _cons |   9.921414   3.367381     2.95   0.003     3.320963    16.52187
-----------------------------------------------------------------------------------


Instrumental variables (2SLS) regression               Number of obs =   16186
                                                       Wald chi2(407)=54630.54
                                                       Prob > chi2   =  0.0000
                                                       R-squared     =  0.7525
                                                       Root MSE      =   8.694

-----------------------------------------------------------------------------------
                  |               Robust
         mg_price |      Coef.   Std. Err.      z    P>|z|     [95% Conf. Interval]
------------------+----------------------------------------------------------------
           ecost2 |   .8483805   .1675377     5.06   0.000     .5200125    1.176748
            windx |  -2.237789   .3286246    -6.81   0.000    -2.881881   -1.593697
           windx2 |   .0675388   .0229351     2.94   0.003     .0225869    .1124906
             temp |    .760979   .1305637     5.83   0.000     .5050788    1.016879
            tempx |  -1.049218   .1458933    -7.19   0.000    -1.335164   -.7632728
            humid |   .0918912   .0129302     7.11   0.000     .0665484     .117234
                  |
      hour#c.coal |
               2  |  -15.79261   9.887382    -1.60   0.110    -35.17153    3.586301
               3  |  -15.62148   9.862552    -1.58   0.113    -34.95172    3.708771
               4  |  -28.05464   9.907927    -2.83   0.005    -47.47381   -8.635457
               5  |  -31.64262   9.539924    -3.32   0.001    -50.34053   -12.94471
               6  |  -36.47908   9.736424    -3.75   0.000    -55.56212   -17.39604
               7  |  -16.28924   9.227041    -1.77   0.077     -34.3739    1.795432
               8  |  -17.14606   10.68552    -1.60   0.109     -38.0893    3.797175
               9  |  -19.69139   12.18274    -1.62   0.106    -43.56912    4.186347
              10  |  -15.33777   12.69807    -1.21   0.227    -40.22553    9.549993
              11  |  -8.496626    12.4363    -0.68   0.494    -32.87132    15.87807
              12  |  -19.14397   13.23744    -1.45   0.148    -45.08887    6.800935
              13  |  -23.09782   12.95576    -1.78   0.075    -48.49063    2.294997
              14  |  -36.84387   12.24492    -3.01   0.003    -60.84347   -12.84427
              15  |  -17.53807   11.07739    -1.58   0.113    -39.24936     4.17322
              16  |  -24.56355   11.39317    -2.16   0.031    -46.89376   -2.233337
              17  |  -8.984621    11.4542    -0.78   0.433    -31.43445    13.46521
              18  |  -14.33444    13.2395    -1.08   0.279    -40.28337     11.6145
              19  |  -2.620932   12.61263    -0.21   0.835    -27.34123    22.09937
              20  |  -3.150022   12.13527    -0.26   0.795    -26.93472    20.63468
              21  |   6.619828   12.16969     0.54   0.586    -17.23232    30.47197
              22  |  -17.72162   12.96588    -1.37   0.172    -43.13428     7.69104
              23  |  -5.607458   10.95014    -0.51   0.609    -27.06933    15.85442
              24  |   12.88993   10.24106     1.26   0.208    -7.182171    32.96204
                  |
       hour#c.gas |
               2  |  -3.511508   2.026202    -1.73   0.083    -7.482791    .4597756
               3  |  -5.603185    1.75808    -3.19   0.001    -9.048957   -2.157412
               4  |  -5.974122   1.785086    -3.35   0.001    -9.472826   -2.475418
               5  |  -5.856572   1.751701    -3.34   0.001    -9.289843   -2.423301
               6  |   -6.60574   1.812593    -3.64   0.000    -10.15836   -3.053122
               7  |  -5.637908   1.667539    -3.38   0.001    -8.906225   -2.369591
               8  |  -2.639819   1.757645    -1.50   0.133    -6.084739    .8051006
               9  |  -1.097455    2.08365    -0.53   0.598    -5.181333    2.986424
              10  |  -1.358642   2.145328    -0.63   0.527    -5.563408    2.846124
              11  |  -.0794348   2.127876    -0.04   0.970    -4.249994    4.091125
              12  |  -.3911014   2.176473    -0.18   0.857    -4.656911    3.874708
              13  |  -.5483432   2.021073    -0.27   0.786    -4.509573    3.412887
              14  |  -1.977766   1.901408    -1.04   0.298    -5.704456    1.748925
              15  |  -2.085514   2.317486    -0.90   0.368    -6.627703    2.456674
              16  |  -2.095207   2.141671    -0.98   0.328    -6.292806    2.102392
              17  |  -2.339207   2.138614    -1.09   0.274    -6.530813      1.8524
              18  |  -2.761928   2.249859    -1.23   0.220    -7.171572    1.647715
              19  |   .4713884   2.627631     0.18   0.858    -4.678674     5.62145
              20  |   2.426376   2.230985     1.09   0.277    -1.946275    6.799026
              21  |   .5109067    1.94478     0.26   0.793    -3.300793    4.322606
              22  |   1.493618   1.961828     0.76   0.446    -2.351494    5.338731
              23  |  -2.217017   2.670353    -0.83   0.406    -7.450813    3.016779
              24  |  -.8437998   2.721396    -0.31   0.757    -6.177638    4.490039
                  |
     hour#c.brent |
               2  |  -1.110114   1.896901    -0.59   0.558    -4.827972    2.607744
               3  |  -.2310308   1.727513    -0.13   0.894    -3.616894    3.154833
               4  |  -2.309294   1.705886    -1.35   0.176     -5.65277    1.034182
               5  |  -3.906114   1.700717    -2.30   0.022    -7.239457   -.5727708
               6  |  -3.554931   1.685346    -2.11   0.035    -6.858149   -.2517136
               7  |  -2.280006    1.63666    -1.39   0.164    -5.487801    .9277894
               8  |  -2.141724   1.790952    -1.20   0.232    -5.651925    1.368477
               9  |  -.9416013   2.153036    -0.44   0.662    -5.161474    3.278272
              10  |   2.346639   2.253152     1.04   0.298    -2.069458    6.762736
              11  |   4.043372   2.230453     1.81   0.070    -.3282356    8.414979
              12  |    4.51034   2.337975     1.93   0.054    -.0720067    9.092687
              13  |   5.339458    2.14854     2.49   0.013     1.128396    9.550519
              14  |   5.916684   2.030797     2.91   0.004     1.936396    9.896972
              15  |   6.301774    2.27118     2.77   0.006     1.850343    10.75321
              16  |   4.500721   2.118655     2.12   0.034     .3482333    8.653208
              17  |   3.845548   2.129733     1.81   0.071    -.3286515    8.019748
              18  |   5.078624   2.249116     2.26   0.024     .6704384     9.48681
              19  |   3.935665   2.422494     1.62   0.104     -.812336    8.683666
              20  |   4.810299   2.250449     2.14   0.033     .3994999    9.221099
              21  |   6.813678   1.991802     3.42   0.001     2.909818    10.71754
              22  |    6.39773   2.079251     3.08   0.002     2.322473    10.47299
              23  |    6.61678   2.379745     2.78   0.005     1.952565    11.28099
              24  |    3.50092   2.370048     1.48   0.140    -1.144288    8.146128
                  |
             coal |   58.93448   9.013523     6.54   0.000      41.2683    76.60066
              gas |   5.832109   1.592497     3.66   0.000     2.710872    8.953346
            brent |  -3.890073    1.66263    -2.34   0.019    -7.148767    -.631379
         _Ihour_2 |   13.22863   8.884328     1.49   0.136    -4.184332    30.64159
         _Ihour_3 |   11.61322   8.880012     1.31   0.191    -5.791282    29.01772
         _Ihour_4 |   22.07714   8.886214     2.48   0.013     4.660484     39.4938
         _Ihour_5 |   26.10085   8.644857     3.02   0.003     9.157245    43.04446
         _Ihour_6 |   29.48815   8.717546     3.38   0.001     12.40207    46.57422
         _Ihour_7 |   14.14023   8.299361     1.70   0.088    -2.126216    30.40668
         _Ihour_8 |   15.09769   9.589417     1.57   0.115    -3.697222     33.8926
         _Ihour_9 |   13.11859   11.04068     1.19   0.235    -8.520756    34.75793
        _Ihour_10 |   4.454653   11.69145     0.38   0.703    -18.46017    27.36948
        _Ihour_11 |  -3.001231   11.18964    -0.27   0.789    -24.93252    18.93006
        _Ihour_12 |   5.006161   11.66962     0.43   0.668    -17.86588     27.8782
        _Ihour_13 |   6.097758   11.14961     0.55   0.584    -15.75507    27.95059
        _Ihour_14 |   14.93527   10.54402     1.42   0.157     -5.73063    35.60118
        _Ihour_15 |  -1.499446   10.00039    -0.15   0.881    -21.09985    18.10096
        _Ihour_16 |   6.914693    10.1125     0.68   0.494    -12.90544    26.73483
        _Ihour_17 |  -2.223715   10.18379    -0.22   0.827    -22.18358    17.73615
        _Ihour_18 |   1.625666   11.38272     0.14   0.886    -20.68406    23.93539
        _Ihour_19 |  -3.190582   11.09975    -0.29   0.774     -24.9457    18.56453
        _Ihour_20 |  -1.393325   11.07584    -0.13   0.900    -23.10158    20.31493
        _Ihour_21 |   -10.8493   10.79846    -1.00   0.315    -32.01389    10.31528
        _Ihour_22 |   .4948679   11.26241     0.04   0.965    -21.57906    22.56879
        _Ihour_23 |   -4.81129    9.52109    -0.51   0.613    -23.47228     13.8497
        _Ihour_24 |  -10.94358   9.034894    -1.21   0.226    -28.65165    6.764486
      _Iyear_2005 |   14.38305   1.154016    12.46   0.000     12.12122    16.64488
      _Iyear_2006 |   27.52104   3.068539     8.97   0.000     21.50682    33.53527
      _Iyear_2007 |          0  (omitted)
        _Iweekd_2 |   .4565842    .254304     1.80   0.073    -.0418426    .9550109
        _Iweekd_3 |    1.06581   .2616678     4.07   0.000     .5529506     1.57867
        _Iweekd_4 |   .9668758   .2662438     3.63   0.000     .4450475    1.488704
        _Iweekd_5 |  -.4456728   .2546758    -1.75   0.080    -.9448283    .0534827
        _Iweekd_6 |  -4.506217   .2585656   -17.43   0.000    -5.012996   -3.999438
        _Iweekd_7 |  -9.528788   .2976552   -32.01   0.000    -10.11218   -8.945394
        _Imonth_2 |  -15.63786   3.790493    -4.13   0.000    -23.06709   -8.208631
        _Imonth_3 |  -14.38334   3.618133    -3.98   0.000    -21.47475    -7.29193
        _Imonth_4 |  -14.78016    2.94391    -5.02   0.000    -20.55011   -9.010198
        _Imonth_5 |  -19.47145   3.205981    -6.07   0.000    -25.75505   -13.18784
        _Imonth_6 |  -52.70297   4.487847   -11.74   0.000    -61.49899   -43.90695
        _Imonth_7 |  -29.55258   4.025867    -7.34   0.000    -37.44313   -21.66202
        _Imonth_8 |  -33.08844   4.962972    -6.67   0.000    -42.81569    -23.3612
        _Imonth_9 |  -46.04938   5.126369    -8.98   0.000    -56.09688   -36.00189
       _Imonth_10 |   -24.6674   3.712297    -6.64   0.000    -31.94337   -17.39143
       _Imonth_11 |   5.210661   3.764476     1.38   0.166    -2.167577     12.5889
       _Imonth_12 |  -12.09932   4.145374    -2.92   0.004     -20.2241   -3.974537
 _ImonXyea_2_2005 |  -.3694175   .8658513    -0.43   0.670    -2.066455     1.32762
 _ImonXyea_2_2006 |  -1.243166   1.140613    -1.09   0.276    -3.478726    .9923937
 _ImonXyea_2_2007 |          0  (omitted)
 _ImonXyea_3_2005 |   3.644915   1.157086     3.15   0.002     1.377067    5.912762
 _ImonXyea_3_2006 |          0  (omitted)
 _ImonXyea_3_2007 |          0  (omitted)
 _ImonXyea_4_2005 |  -.7010308   1.313243    -0.53   0.593     -3.27494    1.872878
 _ImonXyea_4_2006 |          0  (omitted)
 _ImonXyea_4_2007 |          0  (omitted)
 _ImonXyea_5_2005 |  -6.705317   1.445601    -4.64   0.000    -9.538643    -3.87199
 _ImonXyea_5_2006 |          0  (omitted)
 _ImonXyea_5_2007 |          0  (omitted)
 _ImonXyea_6_2005 |   3.758091   1.917403     1.96   0.050     .0000502    7.516131
 _ImonXyea_6_2006 |          0  (omitted)
 _ImonXyea_6_2007 |          0  (omitted)
 _ImonXyea_7_2005 |    6.08407   2.112403     2.88   0.004     1.943837     10.2243
 _ImonXyea_7_2006 |          0  (omitted)
 _ImonXyea_7_2007 |          0  (omitted)
 _ImonXyea_8_2005 |   2.720624   1.779627     1.53   0.126     -.767381    6.208628
 _ImonXyea_8_2006 |          0  (omitted)
 _ImonXyea_8_2007 |          0  (omitted)
 _ImonXyea_9_2005 |    4.26377   1.952278     2.18   0.029      .437375    8.090166
 _ImonXyea_9_2006 |          0  (omitted)
 _ImonXyea_9_2007 |          0  (omitted)
_ImonXyea_10_2005 |  -1.334622   1.842404    -0.72   0.469    -4.945666    2.276423
_ImonXyea_10_2006 |          0  (omitted)
_ImonXyea_10_2007 |          0  (omitted)
_ImonXyea_11_2005 |   3.570301   1.700266     2.10   0.036     .2378398    6.902761
_ImonXyea_11_2006 |          0  (omitted)
_ImonXyea_11_2007 |          0  (omitted)
_ImonXyea_12_2005 |   9.201228    1.80838     5.09   0.000     5.656869    12.74559
_ImonXyea_12_2006 |          0  (omitted)
_ImonXyea_12_2007 |          0  (omitted)
    _ImonXhou_2_2 |   .0329907   2.310667     0.01   0.989    -4.495833    4.561814
    _ImonXhou_2_3 |  -.1728021   2.356837    -0.07   0.942    -4.792117    4.446513
    _ImonXhou_2_4 |   2.807064   2.263402     1.24   0.215    -1.629122    7.243251
    _ImonXhou_2_5 |   2.315915   2.139482     1.08   0.279    -1.877393    6.509224
    _ImonXhou_2_6 |    2.15975   2.084808     1.04   0.300    -1.926398    6.245899
    _ImonXhou_2_7 |   2.879497   2.175786     1.32   0.186    -1.384966    7.143961
    _ImonXhou_2_8 |   1.715705   2.452004     0.70   0.484    -3.090136    6.521545
    _ImonXhou_2_9 |   1.142592   3.030884     0.38   0.706    -4.797832    7.083015
   _ImonXhou_2_10 |   3.544283   3.026687     1.17   0.242    -2.387915     9.47648
   _ImonXhou_2_11 |   2.901178   2.866844     1.01   0.312    -2.717734    8.520089
   _ImonXhou_2_12 |    2.23905   2.832306     0.79   0.429    -3.312168    7.790267
   _ImonXhou_2_13 |   2.716569   2.604536     1.04   0.297    -2.388228    7.821365
   _ImonXhou_2_14 |    1.94234   2.385699     0.81   0.416    -2.733545    6.618224
   _ImonXhou_2_15 |  -.5085337     2.3404    -0.22   0.828    -5.095634    4.078567
   _ImonXhou_2_16 |  -.3981825   2.416562    -0.16   0.869    -5.134557    4.338192
   _ImonXhou_2_17 |  -1.255644   2.426338    -0.52   0.605     -6.01118    3.499892
   _ImonXhou_2_18 |  -2.720744   2.462078    -1.11   0.269    -7.546328     2.10484
   _ImonXhou_2_19 |  -5.874644   2.429594    -2.42   0.016    -10.63656   -1.112728
   _ImonXhou_2_20 |  -2.720922   2.472934    -1.10   0.271    -7.567783    2.125939
   _ImonXhou_2_21 |  -.1217468   2.537331    -0.05   0.962    -5.094823     4.85133
   _ImonXhou_2_22 |   2.602139   2.554641     1.02   0.308    -2.404866    7.609145
   _ImonXhou_2_23 |  -1.756334   2.305009    -0.76   0.446    -6.274068    2.761401
   _ImonXhou_2_24 |  -2.582957   2.324134    -1.11   0.266    -7.138176    1.972261
    _ImonXhou_3_2 |   2.892803   2.701768     1.07   0.284    -2.402565     8.18817
    _ImonXhou_3_3 |    2.04392   2.521891     0.81   0.418    -2.898896    6.986736
    _ImonXhou_3_4 |   4.227663   2.538429     1.67   0.096    -.7475667    9.202893
    _ImonXhou_3_5 |   5.531792   2.505077     2.21   0.027     .6219303    10.44165
    _ImonXhou_3_6 |   5.574698   2.483967     2.24   0.025     .7062118    10.44318
    _ImonXhou_3_7 |   5.434919   2.418619     2.25   0.025     .6945115    10.17533
    _ImonXhou_3_8 |   2.710582   2.652332     1.02   0.307    -2.487893    7.909057
    _ImonXhou_3_9 |   5.849906   3.238505     1.81   0.071    -.4974463    12.19726
   _ImonXhou_3_10 |   9.673578   3.293316     2.94   0.003     3.218798    16.12836
   _ImonXhou_3_11 |   5.900059   3.229292     1.83   0.068    -.4292377    12.22936
   _ImonXhou_3_12 |   6.398213   3.280412     1.95   0.051    -.0312766     12.8277
   _ImonXhou_3_13 |   5.877623   3.086826     1.90   0.057    -.1724459    11.92769
   _ImonXhou_3_14 |   5.251367   2.854205     1.84   0.066    -.3427718     10.8455
   _ImonXhou_3_15 |   4.293294   2.789527     1.54   0.124    -1.174079    9.760668
   _ImonXhou_3_16 |   3.806449   2.828966     1.35   0.178    -1.738223    9.351121
   _ImonXhou_3_17 |   4.565868   2.785145     1.64   0.101    -.8929161    10.02465
   _ImonXhou_3_18 |   2.023031   2.860548     0.71   0.479    -3.583541    7.629603
   _ImonXhou_3_19 |  -3.045256   2.832833    -1.07   0.282    -8.597507    2.506994
   _ImonXhou_3_20 |  -2.915495   3.084718    -0.95   0.345    -8.961431    3.130442
   _ImonXhou_3_21 |   .8763705   3.012923     0.29   0.771     -5.02885    6.781591
   _ImonXhou_3_22 |   6.955134   2.952802     2.36   0.019     1.167748    12.74252
   _ImonXhou_3_23 |   2.513479   2.943228     0.85   0.393    -3.255142      8.2821
   _ImonXhou_3_24 |  -.8624506   2.928172    -0.29   0.768    -6.601562    4.876661
    _ImonXhou_4_2 |   1.833635   2.175804     0.84   0.399    -2.430863    6.098132
    _ImonXhou_4_3 |    1.85688   2.140712     0.87   0.386    -2.338838    6.052598
    _ImonXhou_4_4 |   5.200712   2.024867     2.57   0.010     1.232046    9.169379
    _ImonXhou_4_5 |   6.239664   1.967769     3.17   0.002     2.382908    10.09642
    _ImonXhou_4_6 |   6.927754   1.982342     3.49   0.000     3.042434    10.81307
    _ImonXhou_4_7 |    5.90532   1.980754     2.98   0.003     2.023114    9.787527
    _ImonXhou_4_8 |   4.482671    2.22703     2.01   0.044     .1177725    8.847569
    _ImonXhou_4_9 |   3.666525   2.692242     1.36   0.173    -1.610173    8.943224
   _ImonXhou_4_10 |    4.19491   2.719546     1.54   0.123    -1.135303    9.525123
   _ImonXhou_4_11 |   2.104099   2.646103     0.80   0.427    -3.082168    7.290366
   _ImonXhou_4_12 |   1.659087   2.622619     0.63   0.527    -3.481152    6.799326
   _ImonXhou_4_13 |   2.626155   2.404258     1.09   0.275    -2.086104    7.338414
   _ImonXhou_4_14 |   2.083888    2.21688     0.94   0.347    -2.261117    6.428894
   _ImonXhou_4_15 |   1.890503   2.231374     0.85   0.397    -2.482909    6.263915
   _ImonXhou_4_16 |   2.803013   2.288948     1.22   0.221    -1.683243     7.28927
   _ImonXhou_4_17 |   2.121531   2.235145     0.95   0.343    -2.259274    6.502335
   _ImonXhou_4_18 |   .4524122   2.351882     0.19   0.847    -4.157192    5.062016
   _ImonXhou_4_19 |  -5.260677    2.35347    -2.24   0.025    -9.873394   -.6479598
   _ImonXhou_4_20 |  -13.31904   2.399412    -5.55   0.000    -18.02181   -8.616283
   _ImonXhou_4_21 |  -10.80628   2.376418    -4.55   0.000    -15.46398   -6.148589
   _ImonXhou_4_22 |    2.79303   2.415347     1.16   0.248    -1.940964    7.527024
   _ImonXhou_4_23 |  -1.526732   2.347421    -0.65   0.515    -6.127592    3.074128
   _ImonXhou_4_24 |  -7.317302   2.374787    -3.08   0.002     -11.9718   -2.662805
    _ImonXhou_5_2 |   2.581966   2.292097     1.13   0.260    -1.910461    7.074393
    _ImonXhou_5_3 |   3.911634   2.244709     1.74   0.081    -.4879151    8.311182
    _ImonXhou_5_4 |    6.91494   2.169078     3.19   0.001     2.663625    11.16626
    _ImonXhou_5_5 |   8.742464   2.116379     4.13   0.000     4.594438    12.89049
    _ImonXhou_5_6 |   9.323653   2.110176     4.42   0.000     5.187784    13.45952
    _ImonXhou_5_7 |   6.947392   2.090592     3.32   0.001     2.849907    11.04488
    _ImonXhou_5_8 |   4.536529   2.317024     1.96   0.050    -.0047538    9.077812
    _ImonXhou_5_9 |   5.348638   2.865417     1.87   0.062    -.2674748    10.96475
   _ImonXhou_5_10 |   4.205051   2.831308     1.49   0.137    -1.344212    9.754313
   _ImonXhou_5_11 |   1.641601   2.776075     0.59   0.554    -3.799407    7.082608
   _ImonXhou_5_12 |    1.36599   2.840049     0.48   0.631    -4.200403    6.932384
   _ImonXhou_5_13 |   1.986381   2.561863     0.78   0.438    -3.034778     7.00754
   _ImonXhou_5_14 |   2.242406   2.400137     0.93   0.350    -2.461776    6.946587
   _ImonXhou_5_15 |   2.583747   2.541118     1.02   0.309    -2.396753    7.564246
   _ImonXhou_5_16 |    3.85874   2.503241     1.54   0.123    -1.047523    8.765002
   _ImonXhou_5_17 |   3.774094   2.457169     1.54   0.125    -1.041869    8.590057
   _ImonXhou_5_18 |   1.578092   2.537874     0.62   0.534     -3.39605    6.552234
   _ImonXhou_5_19 |  -3.252328   2.512594    -1.29   0.196    -8.176921    1.672266
   _ImonXhou_5_20 |  -11.79205    2.52627    -4.67   0.000    -16.74345   -6.840652
   _ImonXhou_5_21 |  -13.01119   2.460092    -5.29   0.000    -17.83288   -8.189497
   _ImonXhou_5_22 |  -.7836879   2.428122    -0.32   0.747    -5.542719    3.975343
   _ImonXhou_5_23 |  -.5646823   2.595119    -0.22   0.828    -5.651023    4.521658
   _ImonXhou_5_24 |  -6.318426    2.51729    -2.51   0.012    -11.25222   -1.384629
    _ImonXhou_6_2 |   2.478078    2.56696     0.97   0.334    -2.553071    7.509228
    _ImonXhou_6_3 |   3.574144   2.511951     1.42   0.155    -1.349189    8.497477
    _ImonXhou_6_4 |   7.699302   2.442586     3.15   0.002     2.911921    12.48668
    _ImonXhou_6_5 |   9.721422   2.403332     4.04   0.000     5.010977    14.43187
    _ImonXhou_6_6 |   11.00805   2.401397     4.58   0.000     6.301401     15.7147
    _ImonXhou_6_7 |   8.097089   2.349286     3.45   0.001     3.492572    12.70161
    _ImonXhou_6_8 |   4.934309   2.578492     1.91   0.056    -.1194427     9.98806
    _ImonXhou_6_9 |   10.47241   3.302131     3.17   0.002     4.000355    16.94447
   _ImonXhou_6_10 |   13.15383   3.260713     4.03   0.000      6.76295    19.54471
   _ImonXhou_6_11 |   11.94831   3.253741     3.67   0.000     5.571095    18.32552
   _ImonXhou_6_12 |   13.71801   3.420623     4.01   0.000     7.013712    20.42231
   _ImonXhou_6_13 |   14.59254   3.177118     4.59   0.000       8.3655    20.81957
   _ImonXhou_6_14 |   18.07859   3.073011     5.88   0.000      12.0556    24.10158
   _ImonXhou_6_15 |   15.71037   3.180667     4.94   0.000     9.476378    21.94436
   _ImonXhou_6_16 |   15.51461   3.123573     4.97   0.000     9.392522     21.6367
   _ImonXhou_6_17 |   15.96244     3.1365     5.09   0.000     9.815012    22.10987
   _ImonXhou_6_18 |   15.71039   3.426836     4.58   0.000     8.993919    22.42687
   _ImonXhou_6_19 |   7.471561   3.079948     2.43   0.015     1.434973    13.50815
   _ImonXhou_6_20 |  -.5358601   2.985138    -0.18   0.858    -6.386623    5.314903
   _ImonXhou_6_21 |  -5.792653   2.777449    -2.09   0.037    -11.23635   -.3489542
   _ImonXhou_6_22 |   2.645672   2.767321     0.96   0.339    -2.778179    8.069522
   _ImonXhou_6_23 |   7.055868   2.864449     2.46   0.014     1.441652    12.67008
   _ImonXhou_6_24 |  -2.115281   2.888762    -0.73   0.464     -7.77715    3.546588
    _ImonXhou_7_2 |   4.343424   2.826143     1.54   0.124    -1.195714    9.882562
    _ImonXhou_7_3 |   4.451221   2.714367     1.64   0.101    -.8688406    9.771282
    _ImonXhou_7_4 |   9.795261   2.669065     3.67   0.000     4.563989    15.02653
    _ImonXhou_7_5 |   12.08247   2.662323     4.54   0.000     6.864409    17.30052
    _ImonXhou_7_6 |   13.36606   2.647026     5.05   0.000     8.177982    18.55413
    _ImonXhou_7_7 |   9.404161   2.583207     3.64   0.000     4.341168    14.46715
    _ImonXhou_7_8 |    5.88282   2.827752     2.08   0.037     .3405272    11.42511
    _ImonXhou_7_9 |   7.476509   3.509982     2.13   0.033       .59707    14.35595
   _ImonXhou_7_10 |   9.819279   3.521937     2.79   0.005      2.91641    16.72215
   _ImonXhou_7_11 |   9.951446   3.542941     2.81   0.005     3.007408    16.89548
   _ImonXhou_7_12 |    10.7275   3.700449     2.90   0.004     3.474756    17.98025
   _ImonXhou_7_13 |   13.80494    3.44504     4.01   0.000     7.052784    20.55709
   _ImonXhou_7_14 |   14.45453   3.214391     4.50   0.000     8.154442    20.75462
   _ImonXhou_7_15 |   13.05384   3.167942     4.12   0.000     6.844788    19.26289
   _ImonXhou_7_16 |   15.90998   3.155833     5.04   0.000     9.724666     22.0953
   _ImonXhou_7_17 |   11.34323   3.208285     3.54   0.000     5.055112    17.63136
   _ImonXhou_7_18 |   11.64731   3.365056     3.46   0.001      5.05192     18.2427
   _ImonXhou_7_19 |    5.94325   3.394539     1.75   0.080    -.7099237    12.59642
   _ImonXhou_7_20 |  -4.188368   3.221826    -1.30   0.194    -10.50303    2.126295
   _ImonXhou_7_21 |  -7.638081   3.041367    -2.51   0.012    -13.59905   -1.677111
   _ImonXhou_7_22 |  -.6361465   3.045668    -0.21   0.835    -6.605547    5.333254
   _ImonXhou_7_23 |   5.946443   3.171563     1.87   0.061    -.2697063    12.16259
   _ImonXhou_7_24 |  -4.308305   3.171851    -1.36   0.174    -10.52502    1.908409
    _ImonXhou_8_2 |   5.847211   3.324992     1.76   0.079    -.6696524    12.36408
    _ImonXhou_8_3 |   6.343099   3.232248     1.96   0.050     .0080094    12.67819
    _ImonXhou_8_4 |   12.53061   3.298912     3.80   0.000     6.064859    18.99636
    _ImonXhou_8_5 |   14.70751   3.257317     4.52   0.000     8.323289    21.09174
    _ImonXhou_8_6 |   15.62417   3.227036     4.84   0.000     9.299292    21.94904
    _ImonXhou_8_7 |   10.57163   3.042993     3.47   0.001     4.607478    16.53579
    _ImonXhou_8_8 |   5.831941   3.401069     1.71   0.086    -.8340319    12.49791
    _ImonXhou_8_9 |   3.899605   4.178845     0.93   0.351     -4.29078    12.08999
   _ImonXhou_8_10 |   5.704659   4.258857     1.34   0.180    -2.642548    14.05187
   _ImonXhou_8_11 |   3.272547   4.130473     0.79   0.428    -4.823031    11.36813
   _ImonXhou_8_12 |   6.348597   4.500673     1.41   0.158    -2.472561    15.16975
   _ImonXhou_8_13 |   8.295221   4.284339     1.94   0.053    -.1019282    16.69237
   _ImonXhou_8_14 |   14.67041   4.118798     3.56   0.000     6.597713    22.74311
   _ImonXhou_8_15 |   7.779297   3.793021     2.05   0.040     .3451129    15.21348
   _ImonXhou_8_16 |   8.986856   3.811144     2.36   0.018     1.517152    16.45656
   _ImonXhou_8_17 |   6.261138   3.676571     1.70   0.089    -.9448096    13.46709
   _ImonXhou_8_18 |   6.623068   4.155169     1.59   0.111    -1.520914    14.76705
   _ImonXhou_8_19 |  -1.293984   4.193446    -0.31   0.758    -9.512988    6.925019
   _ImonXhou_8_20 |  -10.16407   3.971946    -2.56   0.010    -17.94894   -2.379199
   _ImonXhou_8_21 |  -13.82561   3.711966    -3.72   0.000    -21.10093   -6.550289
   _ImonXhou_8_22 |   1.456305   4.041478     0.36   0.719    -6.464845    9.377456
   _ImonXhou_8_23 |     1.8611   3.874855     0.48   0.631    -5.733476    9.455677
   _ImonXhou_8_24 |   -8.32509   3.834421    -2.17   0.030    -15.84042   -.8097639
    _ImonXhou_9_2 |   5.162104   3.280587     1.57   0.116    -1.267729    11.59194
    _ImonXhou_9_3 |   4.686446   3.147456     1.49   0.136    -1.482454    10.85535
    _ImonXhou_9_4 |   11.18524    3.14769     3.55   0.000     5.015885     17.3546
    _ImonXhou_9_5 |   13.16486   3.085379     4.27   0.000     7.117631    19.21209
    _ImonXhou_9_6 |   14.93159   3.141927     4.75   0.000      8.77353    21.08966
    _ImonXhou_9_7 |   10.66248   2.951593     3.61   0.000     4.877461    16.44749
    _ImonXhou_9_8 |   12.61825   3.318076     3.80   0.000     6.114936    19.12155
    _ImonXhou_9_9 |   11.95609   4.085524     2.93   0.003     3.948607    19.96357
   _ImonXhou_9_10 |   12.44758   4.080557     3.05   0.002     4.449834    20.44532
   _ImonXhou_9_11 |   10.64509   4.009002     2.66   0.008      2.78759    18.50259
   _ImonXhou_9_12 |   12.86976   4.415883     2.91   0.004     4.214787    21.52473
   _ImonXhou_9_13 |   15.94599   4.028485     3.96   0.000     8.050306    23.84168
   _ImonXhou_9_14 |   15.21066   3.718805     4.09   0.000     7.921938    22.49938
   _ImonXhou_9_15 |   10.81304   3.672988     2.94   0.003     3.614121    18.01197
   _ImonXhou_9_16 |    14.4189   3.719487     3.88   0.000     7.128842    21.70896
   _ImonXhou_9_17 |   13.54547   3.787923     3.58   0.000     6.121273    20.96966
   _ImonXhou_9_18 |   13.11083   4.162012     3.15   0.002     4.953439    21.26823
   _ImonXhou_9_19 |    6.04489   3.869473     1.56   0.118    -1.539138    13.62892
   _ImonXhou_9_20 |  -3.053849   3.765827    -0.81   0.417    -10.43473    4.327036
   _ImonXhou_9_21 |   .4114554   3.709448     0.11   0.912     -6.85893    7.681841
   _ImonXhou_9_22 |   17.64036   3.816026     4.62   0.000     10.16108    25.11963
   _ImonXhou_9_23 |   4.219485   3.828283     1.10   0.270    -3.283812    11.72278
   _ImonXhou_9_24 |   -9.28457   3.701654    -2.51   0.012    -16.53968   -2.029462
   _ImonXhou_10_2 |   5.862402   3.237518     1.81   0.070    -.4830168    12.20782
   _ImonXhou_10_3 |    5.14776   3.062348     1.68   0.093    -.8543317    11.14985
   _ImonXhou_10_4 |   11.23253   3.135535     3.58   0.000     5.086995    17.37806
   _ImonXhou_10_5 |   14.08444   3.128415     4.50   0.000     7.952856    20.21602
   _ImonXhou_10_6 |   15.15519   3.144258     4.82   0.000      8.99256    21.31783
   _ImonXhou_10_7 |   11.88788   2.936618     4.05   0.000     6.132219    17.64355
   _ImonXhou_10_8 |   15.70866   3.413535     4.60   0.000     9.018257    22.39907
   _ImonXhou_10_9 |   15.65616   4.151651     3.77   0.000     7.519072    23.79325
  _ImonXhou_10_10 |   11.31655   4.070295     2.78   0.005     3.338913    19.29418
  _ImonXhou_10_11 |   8.437473   4.001706     2.11   0.035     .5942729    16.28067
  _ImonXhou_10_12 |   8.947341   4.158164     2.15   0.031     .7974893    17.09719
  _ImonXhou_10_13 |   9.581842   3.720472     2.58   0.010     2.289851    16.87383
  _ImonXhou_10_14 |   9.867171   3.415376     2.89   0.004     3.173158    16.56118
  _ImonXhou_10_15 |   6.482783   3.608216     1.80   0.072    -.5891902    13.55476
  _ImonXhou_10_16 |   7.732762   3.570167     2.17   0.030     .7353626    14.73016
  _ImonXhou_10_17 |   8.453257   3.537905     2.39   0.017      1.51909    15.38742
  _ImonXhou_10_18 |   7.075442   3.663245     1.93   0.053    -.1043859    14.25527
  _ImonXhou_10_19 |   .3632643   3.684697     0.10   0.921     -6.85861    7.585139
  _ImonXhou_10_20 |  -.9951215   3.797533    -0.26   0.793     -8.43815    6.447907
  _ImonXhou_10_21 |   5.918964   3.882413     1.52   0.127    -1.690425    13.52835
  _ImonXhou_10_22 |    9.18257   3.493512     2.63   0.009     2.335413    16.02973
  _ImonXhou_10_23 |    1.16872   3.758444     0.31   0.756    -6.197694    8.535135
  _ImonXhou_10_24 |  -7.497596   3.737376    -2.01   0.045    -14.82272   -.1724736
   _ImonXhou_11_2 |   .5189858   2.632953     0.20   0.844    -4.641508     5.67948
   _ImonXhou_11_3 |   .4133282   2.565902     0.16   0.872    -4.615748    5.442404
   _ImonXhou_11_4 |   3.552597   2.477002     1.43   0.152    -1.302238    8.407433
   _ImonXhou_11_5 |   5.514212   2.439052     2.26   0.024     .7337569    10.29467
   _ImonXhou_11_6 |   6.616677   2.461453     2.69   0.007     1.792319    11.44104
   _ImonXhou_11_7 |   4.805505   2.401507     2.00   0.045     .0986386    9.512371
   _ImonXhou_11_8 |    5.37434   2.740269     1.96   0.050     .0035112    10.74517
   _ImonXhou_11_9 |   6.236668   3.350997     1.86   0.063    -.3311666     12.8045
  _ImonXhou_11_10 |    6.71139   3.346492     2.01   0.045     .1523855    13.27039
  _ImonXhou_11_11 |   5.155087   3.275476     1.57   0.116    -1.264729     11.5749
  _ImonXhou_11_12 |   4.576063   3.394829     1.35   0.178    -2.077679    11.22981
  _ImonXhou_11_13 |   3.361739   2.979625     1.13   0.259    -2.478219    9.201698
  _ImonXhou_11_14 |   3.869097   2.738464     1.41   0.158    -1.498195    9.236388
  _ImonXhou_11_15 |   .7283133   2.729417     0.27   0.790    -4.621246    6.077873
  _ImonXhou_11_16 |   2.619268    2.81754     0.93   0.353    -2.903009    8.141545
  _ImonXhou_11_17 |    3.41826   2.818576     1.21   0.225    -2.106048    8.942568
  _ImonXhou_11_18 |   2.945717   2.843029     1.04   0.300    -2.626518    8.517951
  _ImonXhou_11_19 |   6.622143   3.107692     2.13   0.033     .5311787    12.71311
  _ImonXhou_11_20 |   3.236872   3.019505     1.07   0.284    -2.681249    9.154993
  _ImonXhou_11_21 |  -.5461062   2.988667    -0.18   0.855    -6.403786    5.311573
  _ImonXhou_11_22 |   1.991914   2.829574     0.70   0.481     -3.55395    7.537777
  _ImonXhou_11_23 |  -1.655409   2.777399    -0.60   0.551    -7.099011    3.788192
  _ImonXhou_11_24 |  -3.299408   2.830016    -1.17   0.244    -8.846138    2.247323
   _ImonXhou_12_2 |  -2.787979   2.548233    -1.09   0.274    -7.782425    2.206466
   _ImonXhou_12_3 |  -6.284415   2.371022    -2.65   0.008    -10.93153   -1.637298
   _ImonXhou_12_4 |  -4.233895   2.217861    -1.91   0.056    -8.580823    .1130336
   _ImonXhou_12_5 |  -3.952622   2.125477    -1.86   0.063     -8.11848    .2132363
   _ImonXhou_12_6 |  -4.176972   2.110142    -1.98   0.048    -8.312774   -.0411706
   _ImonXhou_12_7 |  -4.975813   2.289171    -2.17   0.030    -9.462507   -.4891203
   _ImonXhou_12_8 |   -4.55689   2.784294    -1.64   0.102    -10.01401    .9002255
   _ImonXhou_12_9 |  -4.595765   3.396934    -1.35   0.176    -11.25363    2.062104
  _ImonXhou_12_10 |  -3.357652   3.387391    -0.99   0.322    -9.996816    3.281513
  _ImonXhou_12_11 |  -.2598314   3.189654    -0.08   0.935    -6.511438    5.991776
  _ImonXhou_12_12 |   .7584153    3.15213     0.24   0.810    -5.419645    6.936476
  _ImonXhou_12_13 |  -1.852916   2.715599    -0.68   0.495    -7.175392    3.469561
  _ImonXhou_12_14 |    -2.0811   2.640357    -0.79   0.431    -7.256106    3.093905
  _ImonXhou_12_15 |  -4.333114    2.40684    -1.80   0.072    -9.050433    .3842051
  _ImonXhou_12_16 |  -3.677949   2.560712    -1.44   0.151    -8.696852    1.340954
  _ImonXhou_12_17 |  -3.982716   2.583339    -1.54   0.123    -9.045967    1.080536
  _ImonXhou_12_18 |  -.1792693    2.77972    -0.06   0.949     -5.62742    5.268881
  _ImonXhou_12_19 |   2.534231   2.670669     0.95   0.343    -2.700183    7.768645
  _ImonXhou_12_20 |  -4.315328   2.670495    -1.62   0.106    -9.549402    .9187468
  _ImonXhou_12_21 |   -5.50311   2.780298    -1.98   0.048    -10.95239   -.0538257
  _ImonXhou_12_22 |  -1.800412   2.697173    -0.67   0.504    -7.086774     3.48595
  _ImonXhou_12_23 |  -5.192578   2.602798    -1.99   0.046    -10.29397   -.0911883
  _ImonXhou_12_24 |    -4.0478   2.529498    -1.60   0.110    -9.005524     .909924
     _ImonXtemp_2 |  -2.765386   .2549665   -10.85   0.000    -3.265111   -2.265661
     _ImonXtemp_3 |  -3.261287   .2645194   -12.33   0.000    -3.779736   -2.742839
     _ImonXtemp_4 |  -.8850746   .1801084    -4.91   0.000    -1.238081   -.5320686
     _ImonXtemp_5 |  -2.044655   .2073492    -9.86   0.000    -2.451051   -1.638258
     _ImonXtemp_6 |   2.065181   .3485986     5.92   0.000      1.38194    2.748421
     _ImonXtemp_7 |   .9168588   .2335316     3.93   0.000     .4591453    1.374572
     _ImonXtemp_8 |   .2253637   .2046729     1.10   0.271    -.1757878    .6265151
     _ImonXtemp_9 |  -.2938704   .2004815    -1.47   0.143    -.6868069     .099066
    _ImonXtemp_10 |  -.6959029   .2013117    -3.46   0.001    -1.090467   -.3013391
    _ImonXtemp_11 |   -1.87464   .1565244   -11.98   0.000    -2.181422   -1.567858
    _ImonXtemp_12 |  -.7451698   .2484523    -3.00   0.003    -1.232127   -.2582122
     _ImonXtempa2 |   1.856773    .231355     8.03   0.000     1.403326    2.310221
     _ImonXtempa3 |   2.237428   .2326892     9.62   0.000     1.781366     2.69349
     _ImonXtempa4 |   1.132423   .1740235     6.51   0.000     .7913434    1.473503
     _ImonXtempa5 |   2.053536   .2040892    10.06   0.000     1.653529    2.453544
     _ImonXtempa6 |    .224724   .2537618     0.89   0.376      -.27264     .722088
     _ImonXtempa7 |   .2962254   .2081502     1.42   0.155    -.1117414    .7041922
     _ImonXtempa8 |   .8061783     .17815     4.53   0.000     .4570108    1.155346
     _ImonXtempa9 |   1.623135   .1964122     8.26   0.000     1.238174    2.008096
    _ImonXtempa10 |   1.287539    .172643     7.46   0.000      .949165    1.625913
    _ImonXtempa11 |   .5914984   .1833276     3.23   0.001     .2321829    .9508139
    _ImonXtempa12 |   1.564609   .2650382     5.90   0.000     1.045143    2.084074
            _cons |   4.169171   7.942751     0.52   0.600    -11.39834    19.73668
-----------------------------------------------------------------------------------
Instrumented:  ecost2
Instruments:   windx windx2 temp tempx humid 2.hour#c.coal 3.hour#c.coal
               4.hour#c.coal 5.hour#c.coal 6.hour#c.coal 7.hour#c.coal
               8.hour#c.coal 9.hour#c.coal 10.hour#c.coal 11.hour#c.coal
               12.hour#c.coal 13.hour#c.coal 14.hour#c.coal 15.hour#c.coal
               16.hour#c.coal 17.hour#c.coal 18.hour#c.coal 19.hour#c.coal
               20.hour#c.coal 21.hour#c.coal 22.hour#c.coal 23.hour#c.coal
               24.hour#c.coal 2.hour#c.gas 3.hour#c.gas 4.hour#c.gas 5.hour#c.gas
               6.hour#c.gas 7.hour#c.gas 8.hour#c.gas 9.hour#c.gas 10.hour#c.gas
               11.hour#c.gas 12.hour#c.gas 13.hour#c.gas 14.hour#c.gas
               15.hour#c.gas 16.hour#c.gas 17.hour#c.gas 18.hour#c.gas
               19.hour#c.gas 20.hour#c.gas 21.hour#c.gas 22.hour#c.gas
               23.hour#c.gas 24.hour#c.gas 2.hour#c.brent 3.hour#c.brent
               4.hour#c.brent 5.hour#c.brent 6.hour#c.brent 7.hour#c.brent
               8.hour#c.brent 9.hour#c.brent 10.hour#c.brent 11.hour#c.brent
               12.hour#c.brent 13.hour#c.brent 14.hour#c.brent 15.hour#c.brent
               16.hour#c.brent 17.hour#c.brent 18.hour#c.brent 19.hour#c.brent
               20.hour#c.brent 21.hour#c.brent 22.hour#c.brent 23.hour#c.brent
               24.hour#c.brent coal gas brent _Ihour_2 _Ihour_3 _Ihour_4 _Ihour_5
               _Ihour_6 _Ihour_7 _Ihour_8 _Ihour_9 _Ihour_10 _Ihour_11 _Ihour_12
               _Ihour_13 _Ihour_14 _Ihour_15 _Ihour_16 _Ihour_17 _Ihour_18
               _Ihour_19 _Ihour_20 _Ihour_21 _Ihour_22 _Ihour_23 _Ihour_24
               _Iyear_2005 _Iyear_2006 _Iweekd_2 _Iweekd_3 _Iweekd_4 _Iweekd_5
               _Iweekd_6 _Iweekd_7 _Imonth_2 _Imonth_3 _Imonth_4 _Imonth_5
               _Imonth_6 _Imonth_7 _Imonth_8 _Imonth_9 _Imonth_10 _Imonth_11
               _Imonth_12 _ImonXyea_2_2005 _ImonXyea_2_2006 _ImonXyea_3_2005
               _ImonXyea_4_2005 _ImonXyea_5_2005 _ImonXyea_6_2005
               _ImonXyea_7_2005 _ImonXyea_8_2005 _ImonXyea_9_2005
               _ImonXyea_10_2005 _ImonXyea_11_2005 _ImonXyea_12_2005
               _ImonXhou_2_2 _ImonXhou_2_3 _ImonXhou_2_4 _ImonXhou_2_5
               _ImonXhou_2_6 _ImonXhou_2_7 _ImonXhou_2_8 _ImonXhou_2_9
               _ImonXhou_2_10 _ImonXhou_2_11 _ImonXhou_2_12 _ImonXhou_2_13
               _ImonXhou_2_14 _ImonXhou_2_15 _ImonXhou_2_16 _ImonXhou_2_17
               _ImonXhou_2_18 _ImonXhou_2_19 _ImonXhou_2_20 _ImonXhou_2_21
               _ImonXhou_2_22 _ImonXhou_2_23 _ImonXhou_2_24 _ImonXhou_3_2
               _ImonXhou_3_3 _ImonXhou_3_4 _ImonXhou_3_5 _ImonXhou_3_6
               _ImonXhou_3_7 _ImonXhou_3_8 _ImonXhou_3_9 _ImonXhou_3_10
               _ImonXhou_3_11 _ImonXhou_3_12 _ImonXhou_3_13 _ImonXhou_3_14
               _ImonXhou_3_15 _ImonXhou_3_16 _ImonXhou_3_17 _ImonXhou_3_18
               _ImonXhou_3_19 _ImonXhou_3_20 _ImonXhou_3_21 _ImonXhou_3_22
               _ImonXhou_3_23 _ImonXhou_3_24 _ImonXhou_4_2 _ImonXhou_4_3
               _ImonXhou_4_4 _ImonXhou_4_5 _ImonXhou_4_6 _ImonXhou_4_7
               _ImonXhou_4_8 _ImonXhou_4_9 _ImonXhou_4_10 _ImonXhou_4_11
               _ImonXhou_4_12 _ImonXhou_4_13 _ImonXhou_4_14 _ImonXhou_4_15
               _ImonXhou_4_16 _ImonXhou_4_17 _ImonXhou_4_18 _ImonXhou_4_19
               _ImonXhou_4_20 _ImonXhou_4_21 _ImonXhou_4_22 _ImonXhou_4_23
               _ImonXhou_4_24 _ImonXhou_5_2 _ImonXhou_5_3 _ImonXhou_5_4
               _ImonXhou_5_5 _ImonXhou_5_6 _ImonXhou_5_7 _ImonXhou_5_8
               _ImonXhou_5_9 _ImonXhou_5_10 _ImonXhou_5_11 _ImonXhou_5_12
               _ImonXhou_5_13 _ImonXhou_5_14 _ImonXhou_5_15 _ImonXhou_5_16
               _ImonXhou_5_17 _ImonXhou_5_18 _ImonXhou_5_19 _ImonXhou_5_20
               _ImonXhou_5_21 _ImonXhou_5_22 _ImonXhou_5_23 _ImonXhou_5_24
               _ImonXhou_6_2 _ImonXhou_6_3 _ImonXhou_6_4 _ImonXhou_6_5
               _ImonXhou_6_6 _ImonXhou_6_7 _ImonXhou_6_8 _ImonXhou_6_9
               _ImonXhou_6_10 _ImonXhou_6_11 _ImonXhou_6_12 _ImonXhou_6_13
               _ImonXhou_6_14 _ImonXhou_6_15 _ImonXhou_6_16 _ImonXhou_6_17
               _ImonXhou_6_18 _ImonXhou_6_19 _ImonXhou_6_20 _ImonXhou_6_21
               _ImonXhou_6_22 _ImonXhou_6_23 _ImonXhou_6_24 _ImonXhou_7_2
               _ImonXhou_7_3 _ImonXhou_7_4 _ImonXhou_7_5 _ImonXhou_7_6
               _ImonXhou_7_7 _ImonXhou_7_8 _ImonXhou_7_9 _ImonXhou_7_10
               _ImonXhou_7_11 _ImonXhou_7_12 _ImonXhou_7_13 _ImonXhou_7_14
               _ImonXhou_7_15 _ImonXhou_7_16 _ImonXhou_7_17 _ImonXhou_7_18
               _ImonXhou_7_19 _ImonXhou_7_20 _ImonXhou_7_21 _ImonXhou_7_22
               _ImonXhou_7_23 _ImonXhou_7_24 _ImonXhou_8_2 _ImonXhou_8_3
               _ImonXhou_8_4 _ImonXhou_8_5 _ImonXhou_8_6 _ImonXhou_8_7
               _ImonXhou_8_8 _ImonXhou_8_9 _ImonXhou_8_10 _ImonXhou_8_11
               _ImonXhou_8_12 _ImonXhou_8_13 _ImonXhou_8_14 _ImonXhou_8_15
               _ImonXhou_8_16 _ImonXhou_8_17 _ImonXhou_8_18 _ImonXhou_8_19
               _ImonXhou_8_20 _ImonXhou_8_21 _ImonXhou_8_22 _ImonXhou_8_23
               _ImonXhou_8_24 _ImonXhou_9_2 _ImonXhou_9_3 _ImonXhou_9_4
               _ImonXhou_9_5 _ImonXhou_9_6 _ImonXhou_9_7 _ImonXhou_9_8
               _ImonXhou_9_9 _ImonXhou_9_10 _ImonXhou_9_11 _ImonXhou_9_12
               _ImonXhou_9_13 _ImonXhou_9_14 _ImonXhou_9_15 _ImonXhou_9_16
               _ImonXhou_9_17 _ImonXhou_9_18 _ImonXhou_9_19 _ImonXhou_9_20
               _ImonXhou_9_21 _ImonXhou_9_22 _ImonXhou_9_23 _ImonXhou_9_24
               _ImonXhou_10_2 _ImonXhou_10_3 _ImonXhou_10_4 _ImonXhou_10_5
               _ImonXhou_10_6 _ImonXhou_10_7 _ImonXhou_10_8 _ImonXhou_10_9
               _ImonXhou_10_10 _ImonXhou_10_11 _ImonXhou_10_12 _ImonXhou_10_13
               _ImonXhou_10_14 _ImonXhou_10_15 _ImonXhou_10_16 _ImonXhou_10_17
               _ImonXhou_10_18 _ImonXhou_10_19 _ImonXhou_10_20 _ImonXhou_10_21
               _ImonXhou_10_22 _ImonXhou_10_23 _ImonXhou_10_24 _ImonXhou_11_2
               _ImonXhou_11_3 _ImonXhou_11_4 _ImonXhou_11_5 _ImonXhou_11_6
               _ImonXhou_11_7 _ImonXhou_11_8 _ImonXhou_11_9 _ImonXhou_11_10
               _ImonXhou_11_11 _ImonXhou_11_12 _ImonXhou_11_13 _ImonXhou_11_14
               _ImonXhou_11_15 _ImonXhou_11_16 _ImonXhou_11_17 _ImonXhou_11_18
               _ImonXhou_11_19 _ImonXhou_11_20 _ImonXhou_11_21 _ImonXhou_11_22
               _ImonXhou_11_23 _ImonXhou_11_24 _ImonXhou_12_2 _ImonXhou_12_3
               _ImonXhou_12_4 _ImonXhou_12_5 _ImonXhou_12_6 _ImonXhou_12_7
               _ImonXhou_12_8 _ImonXhou_12_9 _ImonXhou_12_10 _ImonXhou_12_11
               _ImonXhou_12_12 _ImonXhou_12_13 _ImonXhou_12_14 _ImonXhou_12_15
               _ImonXhou_12_16 _ImonXhou_12_17 _ImonXhou_12_18 _ImonXhou_12_19
               _ImonXhou_12_20 _ImonXhou_12_21 _ImonXhou_12_22 _ImonXhou_12_23
               _ImonXhou_12_24 _ImonXtemp_2 _ImonXtemp_3 _ImonXtemp_4
               _ImonXtemp_5 _ImonXtemp_6 _ImonXtemp_7 _ImonXtemp_8 _ImonXtemp_9
               _ImonXtemp_10 _ImonXtemp_11 _ImonXtemp_12 _ImonXtempa2
               _ImonXtempa3 _ImonXtempa4 _ImonXtempa5 _ImonXtempa6 _ImonXtempa7
               _ImonXtempa8 _ImonXtempa9 _ImonXtempa10 _ImonXtempa11
               _ImonXtempa12 eprice

. estimates store spec_add1

. estat firststage

  First-stage regression summary statistics
  --------------------------------------------------------------------------
               |            Adjusted      Partial       Robust
      Variable |   R-sq.       R-sq.        R-sq.    F(1,15778)   Prob > F
  -------------+------------------------------------------------------------
        ecost2 |  0.7886      0.7832       0.0191       118.271    0.0000
  --------------------------------------------------------------------------


. mat ftest_add1 = r(singleresults)

. 
. *(2) - QUADRATIC INPUTS
. ivregress 2sls mg_price ($maincost = $instruments) $supplycontrols $demandcontrols $controls1 $basefe c
> oal2 gas2 brent2, robust first
note: _Iyear_2007 omitted because of collinearity
note: _ImonXyea_2_2007 omitted because of collinearity
note: _ImonXyea_3_2006 omitted because of collinearity
note: _ImonXyea_3_2007 omitted because of collinearity
note: _ImonXyea_4_2006 omitted because of collinearity
note: _ImonXyea_4_2007 omitted because of collinearity
note: _ImonXyea_5_2006 omitted because of collinearity
note: _ImonXyea_5_2007 omitted because of collinearity
note: _ImonXyea_6_2006 omitted because of collinearity
note: _ImonXyea_6_2007 omitted because of collinearity
note: _ImonXyea_7_2006 omitted because of collinearity
note: _ImonXyea_7_2007 omitted because of collinearity
note: _ImonXyea_8_2006 omitted because of collinearity
note: _ImonXyea_8_2007 omitted because of collinearity
note: _ImonXyea_9_2006 omitted because of collinearity
note: _ImonXyea_9_2007 omitted because of collinearity
note: _ImonXyea_10_2006 omitted because of collinearity
note: _ImonXyea_10_2007 omitted because of collinearity
note: _ImonXyea_11_2006 omitted because of collinearity
note: _ImonXyea_11_2007 omitted because of collinearity
note: _ImonXyea_12_2006 omitted because of collinearity
note: _ImonXyea_12_2007 omitted because of collinearity

First-stage regressions
-----------------------

                                                  Number of obs   =      16186
                                                  F( 410,  15775) =     122.50
                                                  Prob > F        =     0.0000
                                                  R-squared       =     0.7889
                                                  Adj R-squared   =     0.7834
                                                  Root MSE        =     3.7780

-----------------------------------------------------------------------------------
                  |               Robust
           ecost2 |      Coef.   Std. Err.      t    P>|t|     [95% Conf. Interval]
------------------+----------------------------------------------------------------
            windx |  -.0314757     .14935    -0.21   0.833    -.3242188    .2612674
           windx2 |   .0077167   .0103511     0.75   0.456    -.0125726    .0280061
             temp |    .045273   .0463559     0.98   0.329      -.04559    .1361359
            tempx |   .0622618   .0497661     1.25   0.211    -.0352855    .1598091
            humid |  -.0115107   .0056154    -2.05   0.040    -.0225175   -.0005039
                  |
      hour#c.coal |
               1  |          0  (empty)
               2  |   1.592643   4.928186     0.32   0.747    -8.067166    11.25245
               3  |   2.489566   4.906756     0.51   0.612    -7.128237    12.10737
               4  |   13.56849   4.960614     2.74   0.006      3.84512    23.29186
               5  |   15.68585   4.895626     3.20   0.001      6.08986    25.28184
               6  |    20.7998   4.962121     4.19   0.000     11.07347    30.52612
               7  |  -.2613517   4.958149    -0.05   0.958    -9.979891    9.457188
               8  |     10.926   5.178668     2.11   0.035     .7752181    21.07678
               9  |     16.108   5.189459     3.10   0.002      5.93607    26.27994
              10  |   20.79547   5.059432     4.11   0.000     10.87841    30.71254
              11  |   14.55669   5.218229     2.79   0.005     4.328361    24.78501
              12  |   17.77321   5.509431     3.23   0.001     6.974094    28.57232
              13  |   11.43283   5.198154     2.20   0.028     1.243855    21.62181
              14  |   12.09417   5.078854     2.38   0.017     2.139039    22.04931
              15  |   7.994777   5.130108     1.56   0.119    -2.060822    18.05038
              16  |   19.49015   4.973648     3.92   0.000     9.741232    29.23907
              17  |   13.62447   5.028458     2.71   0.007     3.768112    23.48082
              18  |   13.73531   5.208221     2.64   0.008     3.526605    23.94402
              19  |   10.38329   5.196198     2.00   0.046     .1981474    20.56843
              20  |   14.14356   5.006313     2.83   0.005     4.330619    23.95651
              21  |   13.19412   5.147146     2.56   0.010     3.105128    23.28312
              22  |   16.08878   4.810611     3.34   0.001     6.659427    25.51812
              23  |   13.61264   4.883494     2.79   0.005     4.040434    23.18485
              24  |  -4.209806   4.760541    -0.88   0.377    -13.54101    5.121399
                  |
       hour#c.gas |
               1  |          0  (empty)
               2  |   1.416799   .6230197     2.27   0.023     .1956095    2.637989
               3  |   2.425919   .7015741     3.46   0.001     1.050753    3.801084
               4  |   2.813895   .7147979     3.94   0.000      1.41281    4.214981
               5  |   2.144459   .7286833     2.94   0.003      .716156    3.572761
               6  |     2.9296   .7778715     3.77   0.000     1.404883    4.454317
               7  |   2.050748   .6508333     3.15   0.002     .7750404    3.326456
               8  |   .6287934   .6325375     0.99   0.320    -.6110525    1.868639
               9  |   .7132502   .6182702     1.15   0.249      -.49863    1.925131
              10  |   1.316143   .6452135     2.04   0.041      .051451    2.580835
              11  |   1.392548   .6540988     2.13   0.033       .11044    2.674657
              12  |   1.062105   .6373336     1.67   0.096    -.1871414    2.311352
              13  |   .8382213   .6365593     1.32   0.188    -.4095076     2.08595
              14  |   .8765058   .6523948     1.34   0.179    -.4022626    2.155274
              15  |   1.014441   .6976263     1.45   0.146    -.3529861    2.381868
              16  |   .9679269   .6637132     1.46   0.145    -.3330269    2.268881
              17  |   .7998902   .6711709     1.19   0.233    -.5156815    2.115462
              18  |   .9412232   .6706533     1.40   0.161    -.3733339     2.25578
              19  |   .8254894   .6206665     1.33   0.184     -.391088    2.042067
              20  |    1.14044   .6311941     1.81   0.071    -.0967729    2.377652
              21  |   .6273967   .6983216     0.90   0.369    -.7413936    1.996187
              22  |   .8902699   .7099547     1.25   0.210    -.5013226    2.281862
              23  |   .9084838   .6467935     1.40   0.160    -.3593054    2.176273
              24  |   .5532015   .6786119     0.82   0.415    -.7769555    1.883358
                  |
     hour#c.brent |
               1  |          0  (empty)
               2  |  -.0899958   .7759157    -0.12   0.908    -1.610879    1.430888
               3  |  -.6505893   .8091117    -0.80   0.421    -2.236541    .9353623
               4  |   .3665413   .8112273     0.45   0.651    -1.223557     1.95664
               5  |   1.945162   .8074187     2.41   0.016     .3625292    3.527795
               6  |   1.199901   .8428943     1.42   0.155    -.4522683     2.85207
               7  |   .2277759   .7846454     0.29   0.772    -1.310219    1.765771
               8  |    .802126   .7836488     1.02   0.306    -.7339153    2.338167
               9  |   1.109339   .7737117     1.43   0.152    -.4072241    2.625903
              10  |   .7286319   .7915875     0.92   0.357    -.8229702    2.280234
              11  |  -.4504699   .8083273    -0.56   0.577    -2.034884    1.133944
              12  |   .1596133   .8187856     0.19   0.845      -1.4453    1.764527
              13  |  -.1775364   .7823723    -0.23   0.820    -1.711076    1.356003
              14  |  -.1955518   .8086424    -0.24   0.809    -1.780583     1.38948
              15  |    .007694   .8154742     0.01   0.992    -1.590729    1.606117
              16  |   .4294997   .8080908     0.53   0.595    -1.154451     2.01345
              17  |   .8903455   .7912343     1.13   0.260    -.6605642    2.441255
              18  |   .0800093   .8052636     0.10   0.921      -1.4984    1.658418
              19  |  -.2284332   .8037323    -0.28   0.776    -1.803841    1.346974
              20  |  -.6734694    .785698    -0.86   0.391    -2.213527    .8665885
              21  |  -.3836256   .8028742    -0.48   0.633    -1.957351      1.1901
              22  |  -1.147348   .7733947    -1.48   0.138     -2.66329    .3685945
              23  |    -.79535   .7484336    -1.06   0.288    -2.262365    .6716654
              24  |  -.7799706   .7729823    -1.01   0.313    -2.295104     .735163
                  |
             coal |  -35.07258   23.26876    -1.51   0.132      -80.682    10.53684
              gas |  -2.774641   .6448131    -4.30   0.000    -4.038548   -1.510734
            brent |  -3.046214   1.757769    -1.73   0.083    -6.491644    .3992146
         _Ihour_2 |  -3.387241   4.395155    -0.77   0.441    -12.00225    5.227765
         _Ihour_3 |  -3.672099    4.36859    -0.84   0.401    -12.23503    4.890837
         _Ihour_4 |  -12.37616   4.384265    -2.82   0.005    -20.96982     -3.7825
         _Ihour_5 |  -15.80562   4.323931    -3.66   0.000    -24.28102   -7.330216
         _Ihour_6 |  -18.86878   4.392449    -4.30   0.000    -27.47848   -10.25908
         _Ihour_7 |  -1.667677   4.413703    -0.38   0.706    -10.31904    6.983687
         _Ihour_8 |  -9.843437   4.591459    -2.14   0.032    -18.84322   -.8436517
         _Ihour_9 |  -14.17963   4.545079    -3.12   0.002     -23.0885   -5.270754
        _Ihour_10 |  -17.35062   4.437149    -3.91   0.000    -26.04794   -8.653301
        _Ihour_11 |  -10.91137   4.522372    -2.41   0.016    -19.77574   -2.047007
        _Ihour_12 |  -13.77999   4.710938    -2.93   0.003    -23.01397   -4.546015
        _Ihour_13 |  -8.780969   4.455114    -1.97   0.049     -17.5135    -.048437
        _Ihour_14 |  -9.254242   4.427444    -2.09   0.037    -17.93254   -.5759453
        _Ihour_15 |  -7.174772   4.428072    -1.62   0.105     -15.8543    1.504756
        _Ihour_16 |  -15.72453   4.401369    -3.57   0.000    -24.35171   -7.097339
        _Ihour_17 |  -12.40411   4.371408    -2.84   0.005    -20.97257   -3.835647
        _Ihour_18 |  -11.52949   4.512587    -2.55   0.011    -20.37468   -2.684307
        _Ihour_19 |  -7.573092   4.522291    -1.67   0.094     -16.4373    1.291115
        _Ihour_20 |  -10.29041   4.365577    -2.36   0.018    -18.84744   -1.733382
        _Ihour_21 |  -9.342697   4.402993    -2.12   0.034    -17.97307   -.7123271
        _Ihour_22 |  -10.11924   4.083823    -2.48   0.013      -18.124   -2.114477
        _Ihour_23 |   -9.14239   4.139636    -2.21   0.027    -17.25655    -1.02823
        _Ihour_24 |   3.566236   4.139833     0.86   0.389    -4.548309    11.68078
      _Iyear_2005 |    1.93966   .5314386     3.65   0.000     .8979791     2.98134
      _Iyear_2006 |   1.318357   1.385135     0.95   0.341    -1.396666    4.033379
      _Iyear_2007 |          0  (omitted)
        _Iweekd_2 |  -.1191805     .11073    -1.08   0.282     -.336224     .097863
        _Iweekd_3 |  -.0321076   .1096908    -0.29   0.770    -.2471141    .1828988
        _Iweekd_4 |  -.1505519   .1098522    -1.37   0.171    -.3658749     .064771
        _Iweekd_5 |  -.2929432   .1115677    -2.63   0.009    -.5116287   -.0742577
        _Iweekd_6 |   .2048033   .1161268     1.76   0.078    -.0228185    .4324252
        _Iweekd_7 |   .7106893   .1143943     6.21   0.000     .4864634    .9349153
        _Imonth_2 |   4.279348   1.458311     2.93   0.003     1.420892    7.137805
        _Imonth_3 |   3.794182   1.047706     3.62   0.000     1.740558    5.847806
        _Imonth_4 |  -.3925751    1.08164    -0.36   0.717    -2.512713    1.727563
        _Imonth_5 |   .3304785     1.2023     0.27   0.783    -2.026167    2.687124
        _Imonth_6 |     3.8391   1.561045     2.46   0.014     .7792733    6.898927
        _Imonth_7 |   1.905329   1.745162     1.09   0.275    -1.515388    5.326046
        _Imonth_8 |   5.995988   2.341668     2.56   0.010     1.406051    10.58593
        _Imonth_9 |   13.87872   2.153641     6.44   0.000     9.657337     18.1001
       _Imonth_10 |   5.369668   1.377887     3.90   0.000     2.668852    8.070484
       _Imonth_11 |   3.242698   1.515934     2.14   0.032     .2712945    6.214101
       _Imonth_12 |   -.385848   1.433067    -0.27   0.788    -3.194823    2.423127
 _ImonXyea_2_2005 |  -.1739526   .3284941    -0.53   0.596    -.8178386    .4699334
 _ImonXyea_2_2006 |   .3070935   .6025825     0.51   0.610    -.8740372    1.488224
 _ImonXyea_2_2007 |          0  (omitted)
 _ImonXyea_3_2005 |   -1.23474    .470217    -2.63   0.009     -2.15642   -.3130613
 _ImonXyea_3_2006 |          0  (omitted)
 _ImonXyea_3_2007 |          0  (omitted)
 _ImonXyea_4_2005 |   .4083561   .6714611     0.61   0.543    -.9077844    1.724497
 _ImonXyea_4_2006 |          0  (omitted)
 _ImonXyea_4_2007 |          0  (omitted)
 _ImonXyea_5_2005 |   .7498564   .6713882     1.12   0.264    -.5661412    2.065854
 _ImonXyea_5_2006 |          0  (omitted)
 _ImonXyea_5_2007 |          0  (omitted)
 _ImonXyea_6_2005 |   1.901087   .8146532     2.33   0.020     .3042734      3.4979
 _ImonXyea_6_2006 |          0  (omitted)
 _ImonXyea_6_2007 |          0  (omitted)
 _ImonXyea_7_2005 |   1.021893       .981     1.04   0.298    -.9009793    2.944765
 _ImonXyea_7_2006 |          0  (omitted)
 _ImonXyea_7_2007 |          0  (omitted)
 _ImonXyea_8_2005 |  -1.239498   1.019919    -1.22   0.224    -3.238655    .7596595
 _ImonXyea_8_2006 |          0  (omitted)
 _ImonXyea_8_2007 |          0  (omitted)
 _ImonXyea_9_2005 |  -1.068932   1.060535    -1.01   0.314    -3.147702    1.009838
 _ImonXyea_9_2006 |          0  (omitted)
 _ImonXyea_9_2007 |          0  (omitted)
_ImonXyea_10_2005 |  -.7246048   .9894667    -0.73   0.464    -2.664073    1.214863
_ImonXyea_10_2006 |          0  (omitted)
_ImonXyea_10_2007 |          0  (omitted)
_ImonXyea_11_2005 |  -.6069619   .9381999    -0.65   0.518    -2.445941    1.232017
_ImonXyea_11_2006 |          0  (omitted)
_ImonXyea_11_2007 |          0  (omitted)
_ImonXyea_12_2005 |  -.8239751   1.012103    -0.81   0.416    -2.807813    1.159863
_ImonXyea_12_2006 |          0  (omitted)
_ImonXyea_12_2007 |          0  (omitted)
    _ImonXhou_2_2 |   .6549397   .9554587     0.69   0.493    -1.217869    2.527748
    _ImonXhou_2_3 |   .2883271   .9645969     0.30   0.765    -1.602393    2.179047
    _ImonXhou_2_4 |  -2.786444   .9526358    -2.92   0.003     -4.65372   -.9191692
    _ImonXhou_2_5 |  -2.566746    .848991    -3.02   0.003    -4.230865   -.9026263
    _ImonXhou_2_6 |   -2.37233   .8555046    -2.77   0.006    -4.049217   -.6954434
    _ImonXhou_2_7 |  -2.142528   .9453962    -2.27   0.023    -3.995613   -.2894434
    _ImonXhou_2_8 |   .0195945   .9441258     0.02   0.983       -1.831    1.870189
    _ImonXhou_2_9 |  -.2161847   .9287595    -0.23   0.816     -2.03666     1.60429
   _ImonXhou_2_10 |  -.6781977   .9066153    -0.75   0.454    -2.455267    1.098872
   _ImonXhou_2_11 |  -.6057623   .8997321    -0.67   0.501     -2.36934    1.157816
   _ImonXhou_2_12 |  -.8154808   .9530435    -0.86   0.392    -2.683555    1.052593
   _ImonXhou_2_13 |     -.6548    .810176    -0.81   0.419    -2.242838    .9332377
   _ImonXhou_2_14 |  -.7247156   .8305365    -0.87   0.383    -2.352662    .9032309
   _ImonXhou_2_15 |   .0791039   .8916676     0.09   0.929    -1.668667    1.826874
   _ImonXhou_2_16 |  -.2777926     .88679    -0.31   0.754    -2.016003    1.460417
   _ImonXhou_2_17 |   .0115298   .8969015     0.01   0.990      -1.7465    1.769559
   _ImonXhou_2_18 |   .8834957   .8726509     1.01   0.311    -.8269998    2.593991
   _ImonXhou_2_19 |   -.571503   .8482547    -0.67   0.500    -2.234179    1.091173
   _ImonXhou_2_20 |  -.2249772   .7125185    -0.32   0.752    -1.621595    1.171641
   _ImonXhou_2_21 |  -.3610306   .7026916    -0.51   0.607    -1.738387    1.016325
   _ImonXhou_2_22 |  -1.146639   .7127158    -1.61   0.108    -2.543644     .250365
   _ImonXhou_2_23 |  -.4115503   .8006234    -0.51   0.607    -1.980864    1.157763
   _ImonXhou_2_24 |   .2312032   .8168215     0.28   0.777     -1.36986    1.832267
    _ImonXhou_3_2 |   -.250258    .817737    -0.31   0.760    -1.853116      1.3526
    _ImonXhou_3_3 |  -1.451176   .8339712    -1.74   0.082    -3.085855    .1835027
    _ImonXhou_3_4 |   -3.46895   .8537389    -4.06   0.000    -5.142376   -1.795524
    _ImonXhou_3_5 |  -4.709517    .732844    -6.43   0.000    -6.145975   -3.273059
    _ImonXhou_3_6 |  -4.417761   .7940762    -5.56   0.000    -5.974241    -2.86128
    _ImonXhou_3_7 |  -2.817311   .8156589    -3.45   0.001    -4.416095   -1.218526
    _ImonXhou_3_8 |  -1.386588   .7859979    -1.76   0.078    -2.927233    .1540581
    _ImonXhou_3_9 |  -1.565586   .8109846    -1.93   0.054    -3.155208    .0240368
   _ImonXhou_3_10 |  -1.893378   .8006747    -2.36   0.018    -3.462792   -.3239638
   _ImonXhou_3_11 |  -1.822046   .8077202    -2.26   0.024     -3.40527   -.2388215
   _ImonXhou_3_12 |  -2.326104   .8932711    -2.60   0.009    -4.077017   -.5751899
   _ImonXhou_3_13 |  -1.211279   .7196496    -1.68   0.092    -2.621875    .1993163
   _ImonXhou_3_14 |  -.8903221   .7406816    -1.20   0.229    -2.342143    .5614985
   _ImonXhou_3_15 |  -.7383424   .7912697    -0.93   0.351    -2.289321    .8126367
   _ImonXhou_3_16 |   -1.29834   .7711483    -1.68   0.092    -2.809878    .2131993
   _ImonXhou_3_17 |  -1.538729   .7793073    -1.97   0.048     -3.06626   -.0111974
   _ImonXhou_3_18 |  -.4222332   .7512609    -0.56   0.574    -1.894791    1.050324
   _ImonXhou_3_19 |  -1.141347   .7766545    -1.47   0.142    -2.663679    .3809847
   _ImonXhou_3_20 |  -1.269024   .6868625    -1.85   0.065    -2.615353     .077305
   _ImonXhou_3_21 |   -.299495   .7142573    -0.42   0.675    -1.699521    1.100531
   _ImonXhou_3_22 |  -.5172227   .7275451    -0.71   0.477    -1.943294    .9088489
   _ImonXhou_3_23 |  -.7307104   .7387445    -0.99   0.323    -2.178734    .7173133
   _ImonXhou_3_24 |   .1339005   .7390389     0.18   0.856      -1.3147    1.582501
    _ImonXhou_4_2 |   1.546661   .8900611     1.74   0.082     -.197961    3.291282
    _ImonXhou_4_3 |   1.593474   .8780546     1.81   0.070    -.1276139    3.314561
    _ImonXhou_4_4 |  -.9285493    .886855    -1.05   0.295    -2.666887     .809788
    _ImonXhou_4_5 |  -1.618865   .7854181    -2.06   0.039    -3.158374   -.0793556
    _ImonXhou_4_6 |  -1.577275   .8344258    -1.89   0.059    -3.212845    .0582947
    _ImonXhou_4_7 |  -.4509551   .9154461    -0.49   0.622    -2.245334    1.343424
    _ImonXhou_4_8 |    .490832   .8726796     0.56   0.574     -1.21972    2.201384
    _ImonXhou_4_9 |   .0992575   .9238871     0.11   0.914    -1.711667    1.910182
   _ImonXhou_4_10 |   .3068568   .8851872     0.35   0.729    -1.428211    2.041925
   _ImonXhou_4_11 |   .6199876   .8766789     0.71   0.479    -1.098403    2.338379
   _ImonXhou_4_12 |   .2789256    .952132     0.29   0.770    -1.587362    2.145213
   _ImonXhou_4_13 |   .4992994   .8257744     0.60   0.545    -1.119313    2.117912
   _ImonXhou_4_14 |   1.198112   .8502558     1.41   0.159     -.468487     2.86471
   _ImonXhou_4_15 |   1.304919   .8882049     1.47   0.142    -.4360645    3.045902
   _ImonXhou_4_16 |    .421803   .8808635     0.48   0.632     -1.30479    2.148396
   _ImonXhou_4_17 |   .5422984    .888706     0.61   0.542    -1.199667    2.284264
   _ImonXhou_4_18 |   1.178309   .8659944     1.36   0.174    -.5191392    2.875757
   _ImonXhou_4_19 |   .3579616   .8840775     0.40   0.686    -1.374931    2.090855
   _ImonXhou_4_20 |   1.860916   .8439582     2.20   0.027     .2066617    3.515171
   _ImonXhou_4_21 |   .3444839   .8079547     0.43   0.670      -1.2392    1.928167
   _ImonXhou_4_22 |   .8355316   .8207644     1.02   0.309    -.7732605    2.444324
   _ImonXhou_4_23 |   .9248345   .8276637     1.12   0.264     -.697481     2.54715
   _ImonXhou_4_24 |   .9708836   .8590523     1.13   0.258    -.7129572    2.654724
    _ImonXhou_5_2 |   1.128963   .9748789     1.16   0.247    -.7819111    3.039837
    _ImonXhou_5_3 |    .678236   .9886336     0.69   0.493    -1.259599    2.616071
    _ImonXhou_5_4 |   -1.19114   .9363767    -1.27   0.203    -3.026546    .6442651
    _ImonXhou_5_5 |  -2.274304   .8519574    -2.67   0.008    -3.944238   -.6043706
    _ImonXhou_5_6 |  -2.336695   .9106009    -2.57   0.010    -4.121576   -.5518127
    _ImonXhou_5_7 |  -.8815697   .9777826    -0.90   0.367    -2.798136    1.034996
    _ImonXhou_5_8 |  -1.254777   .9566788    -1.31   0.190    -3.129977    .6204223
    _ImonXhou_5_9 |  -1.263657   .9442369    -1.34   0.181    -3.114469    .5871558
   _ImonXhou_5_10 |  -.5688325   .9678348    -0.59   0.557      -2.4659    1.328234
   _ImonXhou_5_11 |   .2643416   .9721839     0.27   0.786     -1.64125    2.169933
   _ImonXhou_5_12 |   .1684342   1.048792     0.16   0.872    -1.887318    2.224187
   _ImonXhou_5_13 |   .8535185    .872692     0.98   0.328    -.8570577    2.564095
   _ImonXhou_5_14 |   1.037718   .9004002     1.15   0.249     -.727169    2.802606
   _ImonXhou_5_15 |   .3535175   .9549518     0.37   0.711    -1.518297    2.225332
   _ImonXhou_5_16 |   .2506655   .9401213     0.27   0.790     -1.59208    2.093411
   _ImonXhou_5_17 |  -.2979579   .9564901    -0.31   0.755    -2.172788    1.576872
   _ImonXhou_5_18 |   .6798365    .947778     0.72   0.473    -1.177917     2.53759
   _ImonXhou_5_19 |  -1.061065   .9420637    -1.13   0.260    -2.907618    .7854875
   _ImonXhou_5_20 |     .13441   .8881353     0.15   0.880    -1.606437    1.875257
   _ImonXhou_5_21 |  -.3016737   .8543507    -0.35   0.724    -1.976299    1.372952
   _ImonXhou_5_22 |    .024383   .8794634     0.03   0.978    -1.699466    1.748232
   _ImonXhou_5_23 |   .0379163   .9027441     0.04   0.966    -1.731565    1.807398
   _ImonXhou_5_24 |   .5605479   .9296199     0.60   0.547    -1.261613    2.382709
    _ImonXhou_6_2 |    1.29319   1.062147     1.22   0.223    -.7887394    3.375119
    _ImonXhou_6_3 |   .1100783   1.093572     0.10   0.920    -2.033448    2.253605
    _ImonXhou_6_4 |  -2.647418   1.071152    -2.47   0.013    -4.746997    -.547838
    _ImonXhou_6_5 |  -3.597033   .9755619    -3.69   0.000    -5.509245    -1.68482
    _ImonXhou_6_6 |  -4.423064    1.04163    -4.25   0.000    -6.464778    -2.38135
    _ImonXhou_6_7 |  -2.428126   1.074288    -2.26   0.024    -4.533853   -.3223982
    _ImonXhou_6_8 |  -1.478188   1.060656    -1.39   0.163    -3.557195     .600819
    _ImonXhou_6_9 |  -1.224311   1.030508    -1.19   0.235    -3.244224    .7956019
   _ImonXhou_6_10 |  -2.893496   1.034302    -2.80   0.005    -4.920846   -.8661455
   _ImonXhou_6_11 |  -.2453206   1.045107    -0.23   0.814     -2.29385    1.803209
   _ImonXhou_6_12 |  -.1618308   1.081155    -0.15   0.881    -2.281018    1.957356
   _ImonXhou_6_13 |   .1112778   .9780556     0.11   0.909    -1.805823    2.028379
   _ImonXhou_6_14 |  -.0944329   .9668516    -0.10   0.922    -1.989573    1.800707
   _ImonXhou_6_15 |   .2675833   .9746548     0.27   0.784    -1.642852    2.178018
   _ImonXhou_6_16 |  -.9293673   1.013247    -0.92   0.359    -2.915447    1.056712
   _ImonXhou_6_17 |  -.4330193   1.013703    -0.43   0.669    -2.419993    1.553955
   _ImonXhou_6_18 |  -1.133692   1.020525    -1.11   0.267    -3.134037    .8666545
   _ImonXhou_6_19 |  -.5648903   1.014842    -0.56   0.578    -2.554096    1.424315
   _ImonXhou_6_20 |   .0612215   .9462636     0.06   0.948    -1.793563    1.916006
   _ImonXhou_6_21 |  -.3462953   .9320522    -0.37   0.710    -2.173224    1.480634
   _ImonXhou_6_22 |  -.3646201   .8983152    -0.41   0.685    -2.125421     1.39618
   _ImonXhou_6_23 |   .0623875   .9255446     0.07   0.946    -1.751786    1.876561
   _ImonXhou_6_24 |  -.1963532   .9952642    -0.20   0.844    -2.147185    1.754478
    _ImonXhou_7_2 |   .1410024   1.287866     0.11   0.913    -2.383363    2.665368
    _ImonXhou_7_3 |  -.6627467    1.30617    -0.51   0.612    -3.222989    1.897496
    _ImonXhou_7_4 |  -4.755531   1.314497    -3.62   0.000    -7.332095   -2.178966
    _ImonXhou_7_5 |  -6.028707   1.233364    -4.89   0.000    -8.446242   -3.611171
    _ImonXhou_7_6 |  -6.698723   1.253282    -5.34   0.000    -9.155299   -4.242148
    _ImonXhou_7_7 |   -2.77287   1.302075    -2.13   0.033    -5.325086   -.2206543
    _ImonXhou_7_8 |  -2.748686   1.282086    -2.14   0.032    -5.261721   -.2356518
    _ImonXhou_7_9 |  -2.056059   1.268187    -1.62   0.105    -4.541851    .4297322
   _ImonXhou_7_10 |  -1.564916   1.259811    -1.24   0.214    -4.034289    .9044575
   _ImonXhou_7_11 |  -.7400723    1.24166    -0.60   0.551    -3.173868    1.693724
   _ImonXhou_7_12 |  -1.529612   1.340699    -1.14   0.254    -4.157535     1.09831
   _ImonXhou_7_13 |   .0313575   1.194307     0.03   0.979    -2.309621    2.372336
   _ImonXhou_7_14 |   .5882556   1.240288     0.47   0.635     -1.84285    3.019361
   _ImonXhou_7_15 |   .2274232   1.299097     0.18   0.861    -2.318956    2.773803
   _ImonXhou_7_16 |  -1.829662   1.292916    -1.42   0.157    -4.363925    .7046007
   _ImonXhou_7_17 |  -.2152392   1.223801    -0.18   0.860     -2.61403    2.183552
   _ImonXhou_7_18 |  -.3321915   1.224013    -0.27   0.786    -2.731398    2.067015
   _ImonXhou_7_19 |  -.5847472    1.26059    -0.46   0.643    -3.055649    1.886154
   _ImonXhou_7_20 |   .2136423   1.175492     0.18   0.856    -2.090457    2.517741
   _ImonXhou_7_21 |  -.1521781     1.1567    -0.13   0.895    -2.419443    2.115087
   _ImonXhou_7_22 |   .6788553   1.142929     0.59   0.553    -1.561416    2.919127
   _ImonXhou_7_23 |  -.4878774   1.197064    -0.41   0.684    -2.834259    1.858504
   _ImonXhou_7_24 |   1.760437   1.211543     1.45   0.146    -.6143265    4.135201
    _ImonXhou_8_2 |  -.1710419   1.568961    -0.11   0.913    -3.246385    2.904301
    _ImonXhou_8_3 |  -1.233878   1.583792    -0.78   0.436    -4.338291    1.870534
    _ImonXhou_8_4 |  -5.888383   1.605271    -3.67   0.000    -9.034897   -2.741869
    _ImonXhou_8_5 |   -7.33699   1.536534    -4.78   0.000    -10.34877   -4.325208
    _ImonXhou_8_6 |  -7.308519   1.552175    -4.71   0.000    -10.35096   -4.266078
    _ImonXhou_8_7 |  -2.495896   1.579932    -1.58   0.114    -5.592744    .6009516
    _ImonXhou_8_8 |  -2.728713   1.591434    -1.71   0.086    -5.848105    .3906798
    _ImonXhou_8_9 |  -2.866048   1.624895    -1.76   0.078    -6.051028    .3189312
   _ImonXhou_8_10 |  -4.964993   1.602758    -3.10   0.002    -8.106583   -1.823403
   _ImonXhou_8_11 |  -2.614722   1.647856    -1.59   0.113    -5.844708    .6152633
   _ImonXhou_8_12 |  -3.930761   1.770527    -2.22   0.026    -7.401196   -.4603253
   _ImonXhou_8_13 |  -.7555352   1.564346    -0.48   0.629    -3.821831    2.310761
   _ImonXhou_8_14 |  -1.146496   1.589509    -0.72   0.471    -4.262116    1.969123
   _ImonXhou_8_15 |  -1.206837   1.653659    -0.73   0.466    -4.448197    2.034523
   _ImonXhou_8_16 |  -4.177983   1.574153    -2.65   0.008    -7.263503   -1.092462
   _ImonXhou_8_17 |  -3.533185   1.573881    -2.24   0.025    -6.618171   -.4481995
   _ImonXhou_8_18 |  -2.020523   1.586477    -1.27   0.203    -5.130201    1.089154
   _ImonXhou_8_19 |  -2.091174   1.577508    -1.33   0.185     -5.18327    1.000922
   _ImonXhou_8_20 |  -1.715585   1.578095    -1.09   0.277    -4.808832    1.377661
   _ImonXhou_8_21 |  -1.996075   1.557929    -1.28   0.200    -5.049795    1.057644
   _ImonXhou_8_22 |  -1.517172   1.520258    -1.00   0.318    -4.497052    1.462708
   _ImonXhou_8_23 |  -1.966956   1.536364    -1.28   0.200    -4.978405    1.044492
   _ImonXhou_8_24 |   1.775936   1.543652     1.15   0.250    -1.249799    4.801671
    _ImonXhou_9_2 |  -.1453119   1.398521    -0.10   0.917    -2.886573    2.595949
    _ImonXhou_9_3 |  -.4699985   1.450178    -0.32   0.746    -3.312513    2.372516
    _ImonXhou_9_4 |  -5.463006   1.469616    -3.72   0.000     -8.34362   -2.582391
    _ImonXhou_9_5 |  -6.382813   1.402414    -4.55   0.000    -9.131704   -3.633921
    _ImonXhou_9_6 |  -7.326902   1.439191    -5.09   0.000    -10.14788   -4.505922
    _ImonXhou_9_7 |  -2.143424   1.436411    -1.49   0.136    -4.958954    .6721056
    _ImonXhou_9_8 |  -3.341606   1.488569    -2.24   0.025    -6.259372   -.4238401
    _ImonXhou_9_9 |  -4.784004   1.516925    -3.15   0.002     -7.75735   -1.810659
   _ImonXhou_9_10 |  -5.272658   1.503172    -3.51   0.000    -8.219048   -2.326269
   _ImonXhou_9_11 |  -3.138675   1.545349    -2.03   0.042    -6.167737    -.109614
   _ImonXhou_9_12 |  -3.969301   1.676899    -2.37   0.018    -7.256214   -.6823875
   _ImonXhou_9_13 |  -2.633491   1.474436    -1.79   0.074    -5.523554    .2565717
   _ImonXhou_9_14 |  -2.381668   1.442131    -1.65   0.099     -5.20841    .4450734
   _ImonXhou_9_15 |  -1.570256   1.483036    -1.06   0.290    -4.477175    1.336664
   _ImonXhou_9_16 |  -4.799234   1.422594    -3.37   0.001    -7.587682   -2.010786
   _ImonXhou_9_17 |   -3.25025   1.443059    -2.25   0.024    -6.078811   -.4216899
   _ImonXhou_9_18 |  -1.822499   1.469432    -1.24   0.215    -4.702753    1.057755
   _ImonXhou_9_19 |  -2.887712    1.45841    -1.98   0.048    -5.746363   -.0290609
   _ImonXhou_9_20 |  -2.193681   1.468778    -1.49   0.135    -5.072653    .6852917
   _ImonXhou_9_21 |  -2.494898   1.448288    -1.72   0.085    -5.333708    .3439109
   _ImonXhou_9_22 |  -3.059198   1.373694    -2.23   0.026    -5.751795   -.3666002
   _ImonXhou_9_23 |  -2.945383   1.433904    -2.05   0.040    -5.755999   -.1347662
   _ImonXhou_9_24 |    1.77835   1.361055     1.31   0.191    -.8894736    4.446173
   _ImonXhou_10_2 |  -.3793413   1.407944    -0.27   0.788    -3.139073     2.38039
   _ImonXhou_10_3 |  -.2964208   1.434789    -0.21   0.836    -3.108771    2.515929
   _ImonXhou_10_4 |  -4.569297   1.505969    -3.03   0.002    -7.521168   -1.617425
   _ImonXhou_10_5 |  -6.885378   1.412335    -4.88   0.000    -9.653716    -4.11704
   _ImonXhou_10_6 |  -7.081361   1.440963    -4.91   0.000    -9.905813   -4.256909
   _ImonXhou_10_7 |  -2.394895   1.426842    -1.68   0.093     -5.19167     .401879
   _ImonXhou_10_8 |  -3.577681   1.441696    -2.48   0.013     -6.40357   -.7517931
   _ImonXhou_10_9 |  -4.800138   1.465698    -3.27   0.001    -7.673073   -1.927203
  _ImonXhou_10_10 |  -5.285273   1.483092    -3.56   0.000    -8.192303   -2.378244
  _ImonXhou_10_11 |  -3.465937   1.509335    -2.30   0.022    -6.424406   -.5074677
  _ImonXhou_10_12 |  -4.610472   1.647999    -2.80   0.005    -7.840738   -1.380206
  _ImonXhou_10_13 |  -3.824853    1.39135    -2.75   0.006    -6.552058   -1.097649
  _ImonXhou_10_14 |  -4.425797   1.367751    -3.24   0.001    -7.106746   -1.744848
  _ImonXhou_10_15 |  -3.074323   1.498181    -2.05   0.040    -6.010929    -.137716
  _ImonXhou_10_16 |  -3.680844   1.442204    -2.55   0.011    -6.507728   -.8539598
  _ImonXhou_10_17 |     -3.553   1.439091    -2.47   0.014    -6.373783   -.7322167
  _ImonXhou_10_18 |  -2.850883   1.464837    -1.95   0.052     -5.72213    .0203644
  _ImonXhou_10_19 |  -1.982635   1.528548    -1.30   0.195    -4.978765    1.013495
  _ImonXhou_10_20 |  -2.954547   1.446715    -2.04   0.041    -5.790274   -.1188211
  _ImonXhou_10_21 |  -2.499559    1.47628    -1.69   0.090    -5.393237     .394118
  _ImonXhou_10_22 |   -3.12367   1.306924    -2.39   0.017     -5.68539   -.5619506
  _ImonXhou_10_23 |  -2.368975   1.414805    -1.67   0.094    -5.142155    .4042055
  _ImonXhou_10_24 |   .9086338   1.403264     0.65   0.517    -1.841924    3.659191
   _ImonXhou_11_2 |   1.577582   1.088746     1.45   0.147    -.5564838    3.711648
   _ImonXhou_11_3 |   .3945346   1.114196     0.35   0.723    -1.789416    2.578486
   _ImonXhou_11_4 |  -1.462224   1.055165    -1.39   0.166    -3.530467    .6060195
   _ImonXhou_11_5 |  -3.712629   .9953886    -3.73   0.000    -5.663705   -1.761553
   _ImonXhou_11_6 |  -4.118611   1.031892    -3.99   0.000    -6.141238   -2.095984
   _ImonXhou_11_7 |  -1.070249    1.05404    -1.02   0.310    -3.136288    .9957893
   _ImonXhou_11_8 |  -1.255615   1.116805    -1.12   0.261     -3.44468      .93345
   _ImonXhou_11_9 |  -3.155745   1.120833    -2.82   0.005    -5.352706   -.9587843
  _ImonXhou_11_10 |  -3.158324   1.124153    -2.81   0.005    -5.361792   -.9548552
  _ImonXhou_11_11 |  -2.282732    1.11955    -2.04   0.041    -4.477177   -.0882865
  _ImonXhou_11_12 |  -2.936477   1.212127    -2.42   0.015    -5.312386   -.5605691
  _ImonXhou_11_13 |  -1.969367   1.022212    -1.93   0.054    -3.973019    .0342855
  _ImonXhou_11_14 |  -2.235553    1.05237    -2.12   0.034    -4.298318   -.1727883
  _ImonXhou_11_15 |  -.8836197   1.094819    -0.81   0.420     -3.02959    1.262351
  _ImonXhou_11_16 |  -1.904838   1.086238    -1.75   0.080    -4.033988    .2243127
  _ImonXhou_11_17 |  -2.374154   1.074422    -2.21   0.027    -4.480145   -.2681637
  _ImonXhou_11_18 |  -1.253279   1.094531    -1.15   0.252    -3.398686    .8921272
  _ImonXhou_11_19 |  -2.243071   1.066471    -2.10   0.035    -4.333475   -.1526659
  _ImonXhou_11_20 |  -2.061583   .9785021    -2.11   0.035    -3.979559   -.1436071
  _ImonXhou_11_21 |  -1.977651   .9750138    -2.03   0.043     -3.88879   -.0665129
  _ImonXhou_11_22 |  -2.088151   .9259854    -2.26   0.024    -3.903188   -.2731138
  _ImonXhou_11_23 |  -1.653753   1.009743    -1.64   0.101    -3.632965    .3254589
  _ImonXhou_11_24 |  -.4376102   1.052584    -0.42   0.678    -2.500796    1.625575
   _ImonXhou_12_2 |   .9378473    1.08129     0.87   0.386    -1.181604    3.057299
   _ImonXhou_12_3 |   1.254362   1.042257     1.20   0.229    -.7885809    3.297305
   _ImonXhou_12_4 |  -.8207711   1.031687    -0.80   0.426    -2.842996    1.201454
   _ImonXhou_12_5 |  -1.362535   .8595028    -1.59   0.113    -3.047259    .3221884
   _ImonXhou_12_6 |  -1.500379   .8932146    -1.68   0.093    -3.251181    .2504242
   _ImonXhou_12_7 |    .085876   1.003321     0.09   0.932    -1.880748      2.0525
   _ImonXhou_12_8 |   .3933779   1.012703     0.39   0.698    -1.591635    2.378391
   _ImonXhou_12_9 |  -.7954178   1.038283    -0.77   0.444    -2.830571    1.239735
  _ImonXhou_12_10 |  -1.642312   1.028828    -1.60   0.110    -3.658932    .3743087
  _ImonXhou_12_11 |  -1.117311   1.031905    -1.08   0.279    -3.139962    .9053411
  _ImonXhou_12_12 |  -1.906438   1.083879    -1.76   0.079    -4.030964    .2180887
  _ImonXhou_12_13 |  -.4657609   .9338737    -0.50   0.618     -2.29626    1.364738
  _ImonXhou_12_14 |  -.3930551   .9532341    -0.41   0.680    -2.261503    1.475393
  _ImonXhou_12_15 |  -.0879781   .9958835    -0.09   0.930    -2.040024    1.864068
  _ImonXhou_12_16 |  -1.142581   .9459876    -1.21   0.227    -2.996825    .7116633
  _ImonXhou_12_17 |  -.9065574   1.002144    -0.90   0.366    -2.870874     1.05776
  _ImonXhou_12_18 |   -.350044   .9845649    -0.36   0.722    -2.279904    1.579816
  _ImonXhou_12_19 |  -.4737171   .9817344    -0.48   0.629    -2.398029    1.450595
  _ImonXhou_12_20 |  -.1222895   .9197359    -0.13   0.894    -1.925077    1.680498
  _ImonXhou_12_21 |  -.3923062   .8381441    -0.47   0.640    -2.035164    1.250552
  _ImonXhou_12_22 |  -.8665402   .7863241    -1.10   0.270    -2.407825    .6747449
  _ImonXhou_12_23 |  -.3274133   .8823401    -0.37   0.711    -2.056901    1.402074
  _ImonXhou_12_24 |  -.5628232   .8878647    -0.63   0.526     -2.30314    1.177493
     _ImonXtemp_2 |  -.0228783   .1223094    -0.19   0.852    -.2626188    .2168621
     _ImonXtemp_3 |    .055068   .0655603     0.84   0.401    -.0734377    .1835736
     _ImonXtemp_4 |   .0792584   .0825498     0.96   0.337    -.0825486    .2410654
     _ImonXtemp_5 |  -.2056842   .0944688    -2.18   0.029    -.3908539   -.0205145
     _ImonXtemp_6 |   .4150961   .1463586     2.84   0.005     .1282165    .7019758
     _ImonXtemp_7 |   .0051806   .1127428     0.05   0.963    -.2158082    .2261695
     _ImonXtemp_8 |  -.1703002   .0920818    -1.85   0.064     -.350791    .0101906
     _ImonXtemp_9 |   .0575813   .0899528     0.64   0.522    -.1187364     .233899
    _ImonXtemp_10 |  -.0379964   .0997708    -0.38   0.703    -.2335586    .1575658
    _ImonXtemp_11 |  -.0466933   .0585425    -0.80   0.425    -.1614433    .0680568
    _ImonXtemp_12 |  -.0512058    .088815    -0.58   0.564    -.2252933    .1228817
     _ImonXtempa2 |  -.1903342   .0969898    -1.96   0.050    -.3804453   -.0002231
     _ImonXtempa3 |  -.1361344   .0644883    -2.11   0.035    -.2625389   -.0097299
     _ImonXtempa4 |  -.0590251   .0673972    -0.88   0.381    -.1911313    .0730811
     _ImonXtempa5 |   .0889972   .0869703     1.02   0.306    -.0814745     .259469
     _ImonXtempa6 |  -.4026865   .0966873    -4.16   0.000    -.5922046   -.2131684
     _ImonXtempa7 |  -.0664007   .0907751    -0.73   0.464    -.2443302    .1115288
     _ImonXtempa8 |  -.0319476   .0734518    -0.43   0.664    -.1759215    .1120263
     _ImonXtempa9 |   -.399514   .0751553    -5.32   0.000     -.546827    -.252201
    _ImonXtempa10 |  -.0826992   .0716179    -1.15   0.248    -.2230786    .0576801
    _ImonXtempa11 |  -.0354298   .0736191    -0.48   0.630    -.1797317    .1088721
    _ImonXtempa12 |   .1091265   .0901431     1.21   0.226    -.0675644    .2858173
            coal2 |   13.98496   14.50625     0.96   0.335    -14.44896    42.41888
             gas2 |   .1627499   .0555261     2.93   0.003     .0539124    .2715874
           brent2 |   .6198388   .3269811     1.90   0.058    -.0210815    1.260759
           eprice |   .5549153   .0543198    10.22   0.000     .4484423    .6613884
            _cons |   23.52784   9.499988     2.48   0.013     4.906773     42.1489
-----------------------------------------------------------------------------------


Instrumental variables (2SLS) regression               Number of obs =   16186
                                                       Wald chi2(410)=54039.88
                                                       Prob > chi2   =  0.0000
                                                       R-squared     =  0.7498
                                                       Root MSE      =  8.7411

-----------------------------------------------------------------------------------
                  |               Robust
         mg_price |      Coef.   Std. Err.      z    P>|z|     [95% Conf. Interval]
------------------+----------------------------------------------------------------
           ecost2 |   .8903257   .1779921     5.00   0.000     .5414675    1.239184
            windx |  -2.225946   .3324325    -6.70   0.000    -2.877502   -1.574391
           windx2 |   .0652203   .0231917     2.81   0.005     .0197653    .1106753
             temp |   .7556041   .1309447     5.77   0.000     .4989572    1.012251
            tempx |  -1.066866   .1471267    -7.25   0.000    -1.355229   -.7785027
            humid |   .0913887   .0130648     7.00   0.000     .0657822    .1169953
                  |
      hour#c.coal |
               2  |  -16.16164   10.00595    -1.62   0.106    -35.77294    3.449667
               3  |  -16.00609   9.978951    -1.60   0.109    -35.56448    3.552292
               4  |  -28.90397   10.04613    -2.88   0.004    -48.59402    -9.21392
               5  |  -32.55095   9.690501    -3.36   0.001    -51.54398   -13.55792
               6  |  -37.49334   9.909721    -3.78   0.000    -56.91604   -18.07065
               7  |  -16.54455   9.342828    -1.77   0.077    -34.85615    1.767057
               8  |  -17.86242   10.82136    -1.65   0.099    -39.07188    3.347049
               9  |  -20.88182    12.3285    -1.69   0.090    -45.04524    3.281598
              10  |  -16.80922   12.85315    -1.31   0.191    -42.00093    8.382495
              11  |   -9.76567   12.56412    -0.78   0.437    -34.39088    14.85954
              12  |  -20.80448   13.36352    -1.56   0.120     -46.9965    5.387528
              13  |  -24.29589   13.02407    -1.87   0.062    -49.82261    1.230825
              14  |   -37.9822   12.31252    -3.08   0.002    -62.11429   -13.85011
              15  |  -18.47105   11.19468    -1.65   0.099    -40.41221     3.47011
              16  |  -25.72266   11.55286    -2.23   0.026    -48.36584   -3.079475
              17  |  -9.984597   11.58142    -0.86   0.389    -32.68376    12.71457
              18  |  -15.50094   13.34479    -1.16   0.245    -41.65625    10.65437
              19  |   -3.82183   12.69883    -0.30   0.763    -28.71109    21.06743
              20  |  -4.721718   12.22289    -0.39   0.699    -28.67814     19.2347
              21  |    4.97102    12.2427     0.41   0.685    -19.02423    28.96627
              22  |   -19.3191   13.05219    -1.48   0.139    -44.90092     6.26272
              23  |  -6.828943    11.0632    -0.62   0.537    -28.51241    14.85452
              24  |   12.67372   10.32702     1.23   0.220    -7.566872     32.9143
                  |
       hour#c.gas |
               2  |  -2.770938   1.999769    -1.39   0.166    -6.690413    1.148536
               3  |  -4.861556   1.897059    -2.56   0.010    -8.579723   -1.143389
               4  |  -5.282495   1.926555    -2.74   0.006    -9.058473   -1.506517
               5  |  -5.152128    1.91372    -2.69   0.007     -8.90295   -1.401307
               6  |  -6.629639   1.850725    -3.58   0.000    -10.25699   -3.002285
               7  |  -4.951078   1.816052    -2.73   0.006    -8.510475   -1.391682
               8  |  -1.852488   1.874973    -0.99   0.323    -5.527368    1.822392
               9  |  -.2303508   2.307496    -0.10   0.920    -4.752961    4.292259
              10  |   -.562955   2.318647    -0.24   0.808    -5.107419    3.981509
              11  |   .8631361   2.271117     0.38   0.704    -3.588171    5.314443
              12  |   .7774628   2.346096     0.33   0.740      -3.8208    5.375726
              13  |   .4528103   2.140676     0.21   0.832    -3.742837    4.648458
              14  |  -.9759825   1.928143    -0.51   0.613    -4.755074    2.803109
              15  |  -1.137793   2.007007    -0.57   0.571    -5.071454    2.795867
              16  |   -1.26789   1.940136    -0.65   0.513    -5.070486    2.534706
              17  |  -1.499096    1.94106    -0.77   0.440    -5.303503    2.305312
              18  |  -1.808997   2.035724    -0.89   0.374    -5.798942    2.180948
              19  |    1.58014   2.346257     0.67   0.501    -3.018439    6.178719
              20  |   3.461402   2.044297     1.69   0.090    -.5453479    7.468151
              21  |   1.842957   1.830641     1.01   0.314    -1.745034    5.430948
              22  |   1.718888    1.97062     0.87   0.383    -2.143457    5.581233
              23  |  -1.321865   2.246751    -0.59   0.556    -5.725416    3.081686
              24  |   .0645085   2.274289     0.03   0.977    -4.393017    4.522034
                  |
     hour#c.brent |
               2  |  -1.710214   1.888115    -0.91   0.365    -5.410851    1.990423
               3  |  -.8373093   1.816299    -0.46   0.645     -4.39719    2.722571
               4  |  -2.928796   1.797827    -1.63   0.103    -6.452473    .5948804
               5  |  -4.579331   1.811285    -2.53   0.011    -8.129384   -1.029278
               6  |     -3.672   1.712598    -2.14   0.032    -7.028631   -.3153695
               7  |  -2.870089   1.733045    -1.66   0.098    -6.266796    .5266178
               8  |  -2.784945   1.868027    -1.49   0.136     -6.44621    .8763208
               9  |  -1.680188   2.288372    -0.73   0.463    -6.165315    2.804939
              10  |   1.658549   2.354241     0.70   0.481    -2.955679    6.272777
              11  |   3.297375   2.314478     1.42   0.154    -1.238918    7.833668
              12  |   3.581503   2.425164     1.48   0.140    -1.171731    8.334737
              13  |   4.522582   2.219511     2.04   0.042     .1724214    8.872744
              14  |   5.110265   2.050432     2.49   0.013     1.091492    9.129038
              15  |   5.530416   2.087167     2.65   0.008     1.439644    9.621189
              16  |    3.82713   2.009606     1.90   0.057     -.111626    7.765886
              17  |   3.148712   2.028992     1.55   0.121    -.8280397    7.125464
              18  |   4.293592   2.130158     2.02   0.044       .11856    8.468624
              19  |    3.07942   2.281072     1.35   0.177    -1.391399     7.55024
              20  |    3.99547   2.171735     1.84   0.066    -.2610528    8.251992
              21  |    5.75583   1.941915     2.96   0.003     1.949747    9.561914
              22  |   6.156903   2.095843     2.94   0.003     2.049127    10.26468
              23  |   5.920125   2.107363     2.81   0.005      1.78977    10.05048
              24  |   2.808068    2.09238     1.34   0.180    -1.292922    6.909059
                  |
             coal |   8.954792   53.51202     0.17   0.867    -95.92684    113.8364
              gas |   11.79446   1.992715     5.92   0.000     7.888809    15.70011
            brent |   6.614174   4.118952     1.61   0.108    -1.458823    14.68717
         _Ihour_2 |   13.50833   8.977954     1.50   0.132    -4.088139     31.1048
         _Ihour_3 |   11.87952   8.972936     1.32   0.186    -5.707107    29.46615
         _Ihour_4 |   22.70092   9.001729     2.52   0.012      5.05786    40.34399
         _Ihour_5 |   26.83823   8.779936     3.06   0.002     9.629873    44.04659
         _Ihour_6 |   30.33385   8.864707     3.42   0.001     12.95935    47.70836
         _Ihour_7 |   14.31447   8.388355     1.71   0.088    -2.126405    30.75534
         _Ihour_8 |   15.60484   9.697899     1.61   0.108     -3.40269    34.61238
         _Ihour_9 |   14.01344   11.15081     1.26   0.209    -7.841744    35.86862
        _Ihour_10 |   5.531831   11.79997     0.47   0.639    -17.59569    28.65935
        _Ihour_11 |  -2.151654    11.2717    -0.19   0.849    -24.24377    19.94047
        _Ihour_12 |   6.178926   11.74228     0.53   0.599    -16.83553    29.19338
        _Ihour_13 |   6.974492   11.20401     0.62   0.534    -14.98497    28.93395
        _Ihour_14 |   15.74762   10.59917     1.49   0.137     -5.02638    36.52161
        _Ihour_15 |  -.8257724   10.09436    -0.08   0.935    -20.61035    18.95881
        _Ihour_16 |   7.724502   10.24062     0.75   0.451    -12.34674    27.79574
        _Ihour_17 |  -1.488957   10.29221    -0.14   0.885    -21.66133    18.68341
        _Ihour_18 |    2.48918   11.47003     0.22   0.828    -19.99166    24.97002
        _Ihour_19 |  -2.396084   11.16722    -0.21   0.830    -24.28344    19.49127
        _Ihour_20 |  -.3313851   11.12621    -0.03   0.976    -22.13836    21.47559
        _Ihour_21 |  -9.697283   10.85005    -0.89   0.371    -30.96299    11.56842
        _Ihour_22 |   1.675941   11.32423     0.15   0.882    -20.51914    23.87103
        _Ihour_23 |  -4.006816   9.602158    -0.42   0.676     -22.8267    14.81307
        _Ihour_24 |  -10.84808   9.110795    -1.19   0.234    -28.70491    7.008748
      _Iyear_2005 |   10.62007    1.49471     7.11   0.000     7.690489    13.54964
      _Iyear_2006 |   21.22799   3.215576     6.60   0.000     14.92558     27.5304
      _Iyear_2007 |          0  (omitted)
        _Iweekd_2 |   .4584673   .2549635     1.80   0.072     -.041252    .9581866
        _Iweekd_3 |   .9840203   .2619598     3.76   0.000     .4705886    1.497452
        _Iweekd_4 |    1.13049   .2665862     4.24   0.000     .6079904    1.652989
        _Iweekd_5 |   -.366705   .2559704    -1.43   0.152    -.8683978    .1349877
        _Iweekd_6 |  -4.473126   .2601526   -17.19   0.000    -4.983016   -3.963236
        _Iweekd_7 |  -9.502662   .3026133   -31.40   0.000    -10.09577   -8.909551
        _Imonth_2 |  -17.28642   3.897524    -4.44   0.000    -24.92543   -9.647416
        _Imonth_3 |  -13.95691   3.662111    -3.81   0.000    -21.13452   -6.779308
        _Imonth_4 |  -16.16123   2.965558    -5.45   0.000    -21.97362   -10.34884
        _Imonth_5 |  -21.17708    3.24571    -6.52   0.000    -27.53856   -14.81561
        _Imonth_6 |  -54.82982   4.623936   -11.86   0.000    -63.89257   -45.76708
        _Imonth_7 |  -29.54689   4.235971    -6.98   0.000    -37.84924   -21.24454
        _Imonth_8 |  -35.88269   5.061269    -7.09   0.000     -45.8026   -25.96279
        _Imonth_9 |  -50.26982    5.40801    -9.30   0.000    -60.86932   -39.67031
       _Imonth_10 |  -28.59943     3.8591    -7.41   0.000    -36.16313   -21.03573
       _Imonth_11 |  -2.394036   3.858274    -0.62   0.535    -9.956114    5.168042
       _Imonth_12 |  -14.31923   4.201289    -3.41   0.001     -22.5536   -6.084852
 _ImonXyea_2_2005 |  -.8953425   .9194629    -0.97   0.330    -2.697457    .9067717
 _ImonXyea_2_2006 |   -.776568   1.340432    -0.58   0.562    -3.403766    1.850631
 _ImonXyea_2_2007 |          0  (omitted)
 _ImonXyea_3_2005 |   3.805992   1.297319     2.93   0.003     1.263293    6.348691
 _ImonXyea_3_2006 |          0  (omitted)
 _ImonXyea_3_2007 |          0  (omitted)
 _ImonXyea_4_2005 |  -1.314357   1.501604    -0.88   0.381    -4.257446    1.628731
 _ImonXyea_4_2006 |          0  (omitted)
 _ImonXyea_4_2007 |          0  (omitted)
 _ImonXyea_5_2005 |  -6.410312   1.501306    -4.27   0.000    -9.352819   -3.467806
 _ImonXyea_5_2006 |          0  (omitted)
 _ImonXyea_5_2007 |          0  (omitted)
 _ImonXyea_6_2005 |   3.824769   1.950736     1.96   0.050     .0013958    7.648141
 _ImonXyea_6_2006 |          0  (omitted)
 _ImonXyea_6_2007 |          0  (omitted)
 _ImonXyea_7_2005 |   7.119605   2.144311     3.32   0.001     2.916834    11.32238
 _ImonXyea_7_2006 |          0  (omitted)
 _ImonXyea_7_2007 |          0  (omitted)
 _ImonXyea_8_2005 |   5.584034   2.016364     2.77   0.006     1.632033    9.536035
 _ImonXyea_8_2006 |          0  (omitted)
 _ImonXyea_8_2007 |          0  (omitted)
 _ImonXyea_9_2005 |   6.625553   2.161994     3.06   0.002     2.388122    10.86298
 _ImonXyea_9_2006 |          0  (omitted)
 _ImonXyea_9_2007 |          0  (omitted)
_ImonXyea_10_2005 |   .5036653    2.02418     0.25   0.803    -3.463654    4.470985
_ImonXyea_10_2006 |          0  (omitted)
_ImonXyea_10_2007 |          0  (omitted)
_ImonXyea_11_2005 |   4.210855   1.935298     2.18   0.030     .4177412    8.003969
_ImonXyea_11_2006 |          0  (omitted)
_ImonXyea_11_2007 |          0  (omitted)
_ImonXyea_12_2005 |   7.779458   2.117641     3.67   0.000     3.628959    11.92996
_ImonXyea_12_2006 |          0  (omitted)
_ImonXyea_12_2007 |          0  (omitted)
    _ImonXhou_2_2 |   .0308745   2.344163     0.01   0.989    -4.563601     4.62535
    _ImonXhou_2_3 |  -.1323432   2.384997    -0.06   0.956    -4.806851    4.542165
    _ImonXhou_2_4 |   2.933587   2.294275     1.28   0.201     -1.56311    7.430284
    _ImonXhou_2_5 |   2.434868   2.164201     1.13   0.261    -1.806887    6.676623
    _ImonXhou_2_6 |   2.293191   2.107483     1.09   0.277      -1.8374    6.423782
    _ImonXhou_2_7 |   2.984279   2.207208     1.35   0.176     -1.34177    7.310329
    _ImonXhou_2_8 |    1.76202   2.485166     0.71   0.478    -3.108817    6.632856
    _ImonXhou_2_9 |   1.187322   3.060797     0.39   0.698    -4.811729    7.186374
   _ImonXhou_2_10 |   3.550555   3.048722     1.16   0.244     -2.42483     9.52594
   _ImonXhou_2_11 |   3.004266   2.902299     1.04   0.301    -2.684136    8.692668
   _ImonXhou_2_12 |   2.320315   2.867353     0.81   0.418    -3.299594    7.940224
   _ImonXhou_2_13 |   2.814658   2.632571     1.07   0.285    -2.345087    7.974403
   _ImonXhou_2_14 |   2.019471   2.407975     0.84   0.402    -2.700074    6.739016
   _ImonXhou_2_15 |  -.4442876   2.363966    -0.19   0.851    -5.077576    4.189001
   _ImonXhou_2_16 |  -.3543756   2.444511    -0.14   0.885     -5.14553    4.436779
   _ImonXhou_2_17 |  -1.248811   2.454527    -0.51   0.611    -6.059596    3.561974
   _ImonXhou_2_18 |  -2.746918   2.487664    -1.10   0.269    -7.622649    2.128813
   _ImonXhou_2_19 |  -5.824513   2.452822    -2.37   0.018    -10.63196    -1.01707
   _ImonXhou_2_20 |  -2.674841   2.500446    -1.07   0.285    -7.575625    2.225942
   _ImonXhou_2_21 |  -.0597678   2.564891    -0.02   0.981    -5.086862    4.967327
   _ImonXhou_2_22 |   2.757404   2.572831     1.07   0.284    -2.285251     7.80006
   _ImonXhou_2_23 |  -1.714758   2.326383    -0.74   0.461    -6.274385    2.844868
   _ImonXhou_2_24 |  -2.559838   2.345105    -1.09   0.275     -7.15616    2.036484
    _ImonXhou_3_2 |   3.288546   2.740134     1.20   0.230    -2.082019    8.659111
    _ImonXhou_3_3 |   2.513564   2.589771     0.97   0.332    -2.562294    7.589422
    _ImonXhou_3_4 |   4.798984   2.608282     1.84   0.066    -.3131558    9.911124
    _ImonXhou_3_5 |   6.192524   2.582739     2.40   0.017     1.130449     11.2546
    _ImonXhou_3_6 |   5.854786   2.535193     2.31   0.021     .8858989    10.82367
    _ImonXhou_3_7 |   5.938306   2.488226     2.39   0.017     1.061472    10.81514
    _ImonXhou_3_8 |    3.15355   2.707021     1.16   0.244    -2.152113    8.459214
    _ImonXhou_3_9 |   6.402602   3.286663     1.95   0.051    -.0391383    12.84434
   _ImonXhou_3_10 |   10.22376   3.318209     3.08   0.002     3.720187    16.72733
   _ImonXhou_3_11 |   6.470259    3.25137     1.99   0.047     .0976912    12.84283
   _ImonXhou_3_12 |   7.050168   3.317542     2.13   0.034     .5479057    13.55243
   _ImonXhou_3_13 |   6.438077   3.109436     2.07   0.038     .3436931    12.53246
   _ImonXhou_3_14 |   5.875056   2.872354     2.05   0.041     .2453456    11.50477
   _ImonXhou_3_15 |   4.897548   2.736344     1.79   0.073     -.465588    10.26068
   _ImonXhou_3_16 |   4.373518   2.803692     1.56   0.119    -1.121617    9.868653
   _ImonXhou_3_17 |   5.139762   2.761991     1.86   0.063    -.2736401    10.55317
   _ImonXhou_3_18 |   2.617757   2.828902     0.93   0.355    -2.926789    8.162303
   _ImonXhou_3_19 |  -2.458533   2.811524    -0.87   0.382    -7.969018    3.051953
   _ImonXhou_3_20 |  -2.267281   3.073091    -0.74   0.461    -8.290428    3.755867
   _ImonXhou_3_21 |   1.679209    3.02302     0.56   0.579    -4.245802     7.60422
   _ImonXhou_3_22 |   7.274062   2.967994     2.45   0.014     1.456901    13.09122
   _ImonXhou_3_23 |   3.035795    2.87566     1.06   0.291    -2.600396    8.671986
   _ImonXhou_3_24 |  -.4453102   2.875313    -0.15   0.877    -6.080821      5.1902
    _ImonXhou_4_2 |   2.104789   2.201501     0.96   0.339    -2.210073    6.419652
    _ImonXhou_4_3 |   2.156304   2.187442     0.99   0.324    -2.131003    6.443611
    _ImonXhou_4_4 |   5.586284   2.069709     2.70   0.007     1.529728    9.642839
    _ImonXhou_4_5 |   6.650917   2.014386     3.30   0.001     2.702793    10.59904
    _ImonXhou_4_6 |   7.049263   2.010343     3.51   0.000     3.109063    10.98946
    _ImonXhou_4_7 |   6.263858   2.033031     3.08   0.002     2.279191    10.24853
    _ImonXhou_4_8 |   4.826301   2.271274     2.12   0.034     .3746863    9.277916
    _ImonXhou_4_9 |   4.100155   2.745527     1.49   0.135    -1.280978    9.481288
   _ImonXhou_4_10 |   4.589079   2.758023     1.66   0.096     -.816547    9.994704
   _ImonXhou_4_11 |   2.540129   2.688789     0.94   0.345      -2.7298    7.810057
   _ImonXhou_4_12 |   2.167935   2.667636     0.81   0.416    -3.060535    7.396405
   _ImonXhou_4_13 |   3.079906   2.441091     1.26   0.207    -1.704545    7.864356
   _ImonXhou_4_14 |     2.4779   2.245189     1.10   0.270    -1.922589    6.878389
   _ImonXhou_4_15 |   2.293647   2.197389     1.04   0.297    -2.013156     6.60045
   _ImonXhou_4_16 |    3.18761   2.281515     1.40   0.162    -1.284076    7.659297
   _ImonXhou_4_17 |   2.499105    2.22824     1.12   0.262    -1.868166    6.866375
   _ImonXhou_4_18 |   .8693876   2.334845     0.37   0.710    -3.706824    5.445599
   _ImonXhou_4_19 |  -4.823552   2.344112    -2.06   0.040    -9.417928   -.2291767
   _ImonXhou_4_20 |  -12.89079   2.405461    -5.36   0.000    -17.60541   -8.176172
   _ImonXhou_4_21 |  -10.22133   2.384131    -4.29   0.000    -14.89414   -5.548515
   _ImonXhou_4_22 |   2.988834   2.435311     1.23   0.220    -1.784287    7.761955
   _ImonXhou_4_23 |  -1.112637   2.277163    -0.49   0.625    -5.575795     3.35052
   _ImonXhou_4_24 |  -6.963191   2.313871    -3.01   0.003     -11.4983   -2.428087
    _ImonXhou_5_2 |   2.938922   2.318346     1.27   0.205    -1.604952    7.482797
    _ImonXhou_5_3 |   4.306835   2.301643     1.87   0.061    -.2043026    8.817972
    _ImonXhou_5_4 |   7.375402   2.225319     3.31   0.001     3.013856    11.73695
    _ImonXhou_5_5 |   9.246539   2.176571     4.25   0.000     4.980537    13.51254
    _ImonXhou_5_6 |   9.493359   2.144071     4.43   0.000     5.291057    13.69566
    _ImonXhou_5_7 |   7.379145   2.150122     3.43   0.001     3.164984    11.59331
    _ImonXhou_5_8 |   4.996414   2.371155     2.11   0.035     .3490366    9.643792
    _ImonXhou_5_9 |   5.870569   2.930839     2.00   0.045     .1262294    11.61491
   _ImonXhou_5_10 |   4.709813   2.881131     1.63   0.102    -.9371012    10.35673
   _ImonXhou_5_11 |   2.146239   2.823174     0.76   0.447     -3.38708    7.679557
   _ImonXhou_5_12 |    1.95812   2.895606     0.68   0.499    -3.717164    7.633404
   _ImonXhou_5_13 |   2.510745   2.601745     0.97   0.335     -2.58858    7.610071
   _ImonXhou_5_14 |   2.733326   2.424703     1.13   0.260    -2.019005    7.485657
   _ImonXhou_5_15 |   3.094014   2.488442     1.24   0.214    -1.783242     7.97127
   _ImonXhou_5_16 |   4.294002   2.477784     1.73   0.083    -.5623643    9.150369
   _ImonXhou_5_17 |   4.234821   2.442324     1.73   0.083    -.5520451    9.021688
   _ImonXhou_5_18 |    2.10583   2.513751     0.84   0.402    -2.821032    7.032691
   _ImonXhou_5_19 |  -2.662262    2.49199    -1.07   0.285    -7.546474    2.221949
   _ImonXhou_5_20 |  -11.22286   2.523544    -4.45   0.000    -16.16892   -6.276809
   _ImonXhou_5_21 |  -12.28038   2.465504    -4.98   0.000    -17.11267   -7.448077
   _ImonXhou_5_22 |  -.5739045    2.44467    -0.23   0.814     -5.36537    4.217561
   _ImonXhou_5_23 |  -.0544182   2.490763    -0.02   0.983    -4.936224    4.827387
   _ImonXhou_5_24 |  -5.871778   2.430033    -2.42   0.016    -10.63455   -1.109001
    _ImonXhou_6_2 |   2.902523   2.594415     1.12   0.263    -2.182436    7.987482
    _ImonXhou_6_3 |   4.073476   2.580705     1.58   0.114    -.9846133    9.131565
    _ImonXhou_6_4 |   8.293651   2.517267     3.29   0.001     3.359899     13.2274
    _ImonXhou_6_5 |   10.35343   2.485555     4.17   0.000     5.481835    15.22503
    _ImonXhou_6_6 |    11.2583   2.449426     4.60   0.000     6.457508    16.05908
    _ImonXhou_6_7 |   8.663258   2.426872     3.57   0.000     3.906676    13.41984
    _ImonXhou_6_8 |   5.484124   2.641705     2.08   0.038      .306478    10.66177
    _ImonXhou_6_9 |   11.09622   3.380134     3.28   0.001     4.471281    17.72116
   _ImonXhou_6_10 |   13.83182   3.324563     4.16   0.000     7.315794    20.34784
   _ImonXhou_6_11 |   12.58346   3.308325     3.80   0.000     6.099263    19.06766
   _ImonXhou_6_12 |    14.4006   3.472912     4.15   0.000     7.593814    21.20738
   _ImonXhou_6_13 |   15.20432   3.218018     4.72   0.000     8.897119    21.51152
   _ImonXhou_6_14 |   18.72561   3.103798     6.03   0.000     12.64228    24.80894
   _ImonXhou_6_15 |   16.30003   3.147147     5.18   0.000     10.13173    22.46832
   _ImonXhou_6_16 |   16.08809   3.111812     5.17   0.000     9.989047    22.18713
   _ImonXhou_6_17 |   16.52716   3.124192     5.29   0.000     10.40386    22.65046
   _ImonXhou_6_18 |    16.3881    3.41229     4.80   0.000     9.700132    23.07606
   _ImonXhou_6_19 |   8.138047   3.060444     2.66   0.008     2.139687    14.13641
   _ImonXhou_6_20 |   .1851725   2.982643     0.06   0.950    -5.660699    6.031044
   _ImonXhou_6_21 |  -4.948222    2.78267    -1.78   0.075    -10.40215    .5057112
   _ImonXhou_6_22 |   2.957895   2.793036     1.06   0.290    -2.516355    8.432144
   _ImonXhou_6_23 |     7.6408   2.764869     2.76   0.006     2.221756    13.05984
   _ImonXhou_6_24 |  -1.528413   2.773703    -0.55   0.582    -6.964772    3.907945
    _ImonXhou_7_2 |   4.865948   2.867336     1.70   0.090    -.7539285    10.48582
    _ImonXhou_7_3 |   5.030718   2.797107     1.80   0.072    -.4515114    10.51295
    _ImonXhou_7_4 |     10.524   2.759963     3.81   0.000     5.114573    15.93343
    _ImonXhou_7_5 |   12.86122   2.766135     4.65   0.000     7.439691    18.28274
    _ImonXhou_7_6 |   13.73395   2.713222     5.06   0.000     8.416136    19.05177
    _ImonXhou_7_7 |   10.03199   2.674937     3.75   0.000     4.789213    15.27477
    _ImonXhou_7_8 |   6.531208   2.908257     2.25   0.025     .8311292    12.23129
    _ImonXhou_7_9 |   8.185704   3.601614     2.27   0.023     1.126671    15.24474
   _ImonXhou_7_10 |   10.48658   3.592524     2.92   0.004     3.445362     17.5278
   _ImonXhou_7_11 |    10.6488    3.59991     2.96   0.003     3.593104    17.70449
   _ImonXhou_7_12 |    11.5593   3.764364     3.07   0.002     4.181287    18.93732
   _ImonXhou_7_13 |   14.52743   3.489845     4.16   0.000     7.687457     21.3674
   _ImonXhou_7_14 |   15.12839   3.248965     4.66   0.000     8.760537    21.49624
   _ImonXhou_7_15 |   13.71121   3.128478     4.38   0.000     7.579508    19.84292
   _ImonXhou_7_16 |   16.56417     3.1418     5.27   0.000     10.40636    22.72199
   _ImonXhou_7_17 |   11.93778   3.206207     3.72   0.000     5.653727    18.22183
   _ImonXhou_7_18 |    12.3575   3.348894     3.69   0.000     5.793791    18.92121
   _ImonXhou_7_19 |   6.694375    3.37898     1.98   0.048     .0716954    13.31705
   _ImonXhou_7_20 |  -3.430635   3.224384    -1.06   0.287    -9.750312    2.889042
   _ImonXhou_7_21 |  -6.692283   3.054365    -2.19   0.028    -12.67873   -.7058386
   _ImonXhou_7_22 |  -.3153898   3.085586    -0.10   0.919    -6.363027    5.732247
   _ImonXhou_7_23 |   6.622523   3.070645     2.16   0.031     .6041706    12.64088
   _ImonXhou_7_24 |   -3.76587   3.070337    -1.23   0.220     -9.78362    2.251881
    _ImonXhou_8_2 |   6.592378   3.355568     1.96   0.049      .015585    13.16917
    _ImonXhou_8_3 |    7.16557   3.337408     2.15   0.032      .624371    13.70677
    _ImonXhou_8_4 |   13.51603   3.418013     3.95   0.000     6.816844    20.21521
    _ImonXhou_8_5 |   15.74519   3.395808     4.64   0.000     9.089525    22.40085
    _ImonXhou_8_6 |   16.04068   3.300336     4.86   0.000     9.572141    22.50922
    _ImonXhou_8_7 |   11.38848   3.157348     3.61   0.000     5.200193    17.57677
    _ImonXhou_8_8 |   6.688891    3.49946     1.91   0.056    -.1699248    13.54771
    _ImonXhou_8_9 |   4.888258   4.311505     1.13   0.257    -3.562136    13.33865
   _ImonXhou_8_10 |   6.762361   4.369116     1.55   0.122     -1.80095    15.32567
   _ImonXhou_8_11 |   4.387582   4.219272     1.04   0.298    -3.882039     12.6572
   _ImonXhou_8_12 |   7.652415   4.591197     1.67   0.096    -1.346166    16.65099
   _ImonXhou_8_13 |   9.337789   4.336407     2.15   0.031     .8385863    17.83699
   _ImonXhou_8_14 |   15.70955   4.138932     3.80   0.000     7.597393    23.82171
   _ImonXhou_8_15 |   8.813336   3.681863     2.39   0.017     1.597017    16.02966
   _ImonXhou_8_16 |    9.97292   3.774207     2.64   0.008     2.575611    17.37023
   _ImonXhou_8_17 |   7.253154   3.648747     1.99   0.047     .1017404    14.40457
   _ImonXhou_8_18 |   7.720783   4.103776     1.88   0.060    -.3224703    15.76404
   _ImonXhou_8_19 |  -.1531442   4.138369    -0.04   0.970    -8.264199    7.957911
   _ImonXhou_8_20 |   -8.99555   3.954871    -2.27   0.023    -16.74695   -1.244146
   _ImonXhou_8_21 |  -12.39971   3.710527    -3.34   0.001     -19.6722   -5.127207
   _ImonXhou_8_22 |   1.990389   4.077931     0.49   0.625    -6.002209    9.982988
   _ImonXhou_8_23 |   2.860702    3.69039     0.78   0.438    -4.372328    10.09373
   _ImonXhou_8_24 |   -7.53839    3.63163    -2.08   0.038    -14.65625   -.4205262
    _ImonXhou_9_2 |   5.895696   3.304522     1.78   0.074    -.5810469    12.37244
    _ImonXhou_9_3 |    5.46739   3.248097     1.68   0.092    -.8987624    11.83354
    _ImonXhou_9_4 |    12.1433   3.263115     3.72   0.000     5.747711    18.53889
    _ImonXhou_9_5 |   14.15395   3.215952     4.40   0.000     7.850798     20.4571
    _ImonXhou_9_6 |   15.34093   3.213693     4.77   0.000      9.04221    21.63965
    _ImonXhou_9_7 |   11.45521   3.061618     3.74   0.000     5.454545    17.45587
    _ImonXhou_9_8 |   13.49207   3.418032     3.95   0.000     6.792853    20.19129
    _ImonXhou_9_9 |   13.01607   4.223649     3.08   0.002     4.737867    21.29427
   _ImonXhou_9_10 |   13.50922    4.19391     3.22   0.001     5.289304    21.72913
   _ImonXhou_9_11 |   11.71123   4.102938     2.85   0.004     3.669621    19.75284
   _ImonXhou_9_12 |   14.12506   4.512596     3.13   0.002     5.280536    22.96959
   _ImonXhou_9_13 |   17.02657   4.094333     4.16   0.000     9.001828    25.05132
   _ImonXhou_9_14 |    16.2945   3.762573     4.33   0.000     8.919989    23.66901
   _ImonXhou_9_15 |    11.8294   3.551635     3.33   0.001     4.868319    18.79047
   _ImonXhou_9_16 |   15.42311   3.678248     4.19   0.000     8.213877    22.63235
   _ImonXhou_9_17 |   14.47126    3.75673     3.85   0.000     7.108203    21.83431
   _ImonXhou_9_18 |   14.11151   4.114256     3.43   0.001     6.047716     22.1753
   _ImonXhou_9_19 |    7.17803   3.818203     1.88   0.060      -.30551    14.66157
   _ImonXhou_9_20 |  -1.905615     3.7471    -0.51   0.611    -9.249797    5.438567
   _ImonXhou_9_21 |   1.760691   3.712261     0.47   0.635    -5.515207     9.03659
   _ImonXhou_9_22 |   18.23251   3.849587     4.74   0.000     10.68746    25.77756
   _ImonXhou_9_23 |   5.251117   3.631049     1.45   0.148    -1.865608    12.36784
   _ImonXhou_9_24 |  -8.482169   3.485014    -2.43   0.015    -15.31267   -1.651666
   _ImonXhou_10_2 |   6.585823   3.270026     2.01   0.044     .1766902    12.99496
   _ImonXhou_10_3 |   5.900265   3.165321     1.86   0.062    -.3036495    12.10418
   _ImonXhou_10_4 |   12.13284   3.250078     3.73   0.000     5.762801    18.50287
   _ImonXhou_10_5 |   15.07559   3.265714     4.62   0.000     8.674904    21.47627
   _ImonXhou_10_6 |    15.5625    3.22148     4.83   0.000     9.248513    21.87648
   _ImonXhou_10_7 |   12.67328   3.050132     4.15   0.000     6.695136    18.65143
   _ImonXhou_10_8 |   16.57274   3.511344     4.72   0.000     9.690631    23.45485
   _ImonXhou_10_9 |   16.69915   4.286062     3.90   0.000     8.298626    25.09968
  _ImonXhou_10_10 |     12.349   4.182117     2.95   0.003       4.1522     20.5458
  _ImonXhou_10_11 |   9.459488   4.096016     2.31   0.021     1.431443    17.48753
  _ImonXhou_10_12 |   10.17477   4.265709     2.39   0.017     1.814132     18.5354
  _ImonXhou_10_13 |   10.67472   3.803315     2.81   0.005     3.220354    18.12908
  _ImonXhou_10_14 |   10.99799     3.4747     3.17   0.002     4.187699    17.80827
  _ImonXhou_10_15 |   7.522071   3.505749     2.15   0.032       .65093    14.39321
  _ImonXhou_10_16 |   8.664124   3.532605     2.45   0.014     1.740346     15.5879
  _ImonXhou_10_17 |   9.390633   3.507664     2.68   0.007     2.515738    16.26553
  _ImonXhou_10_18 |   8.127662   3.611501     2.25   0.024      1.04925    15.20607
  _ImonXhou_10_19 |   1.411891   3.634212     0.39   0.698    -5.711035    8.534816
  _ImonXhou_10_20 |   .1555781   3.785419     0.04   0.967    -7.263707    7.574864
  _ImonXhou_10_21 |   7.365943   3.875914     1.90   0.057    -.2307091     14.9626
  _ImonXhou_10_22 |   9.771227   3.538974     2.76   0.006     2.834965    16.70749
  _ImonXhou_10_23 |   2.148351   3.574385     0.60   0.548    -4.857316    9.154017
  _ImonXhou_10_24 |  -6.694965   3.552454    -1.88   0.059    -13.65765    .2677169
   _ImonXhou_11_2 |   .8257276   2.664879     0.31   0.757     -4.39734    6.048795
   _ImonXhou_11_3 |   .7682999   2.610523     0.29   0.769     -4.34823     5.88483
   _ImonXhou_11_4 |   4.006439   2.516262     1.59   0.111    -.9253435    8.938222
   _ImonXhou_11_5 |   6.029075   2.483752     2.43   0.015      1.16101    10.89714
   _ImonXhou_11_6 |   6.883001   2.486775     2.77   0.006     2.009011    11.75699
   _ImonXhou_11_7 |   5.199524     2.4413     2.13   0.033      .414665    9.984384
   _ImonXhou_11_8 |    5.78752   2.769781     2.09   0.037     .3588487    11.21619
   _ImonXhou_11_9 |   6.773249    3.38758     2.00   0.046     .1337153    13.41278
  _ImonXhou_11_10 |   7.309877   3.385969     2.16   0.031     .6735003    13.94625
  _ImonXhou_11_11 |   5.742567   3.311851     1.73   0.083    -.7485421    12.23368
  _ImonXhou_11_12 |   5.212982   3.440286     1.52   0.130    -1.529855    11.95582
  _ImonXhou_11_13 |    3.95466   3.007199     1.32   0.188    -1.939341    9.848661
  _ImonXhou_11_14 |   4.404927   2.757158     1.60   0.110     -.999004    9.808858
  _ImonXhou_11_15 |   1.240937   2.691504     0.46   0.645    -4.034313    6.516188
  _ImonXhou_11_16 |   3.082613   2.802475     1.10   0.271    -2.410138    8.575363
  _ImonXhou_11_17 |   3.907781   2.811167     1.39   0.165    -1.602006    9.417567
  _ImonXhou_11_18 |   3.483327   2.816535     1.24   0.216    -2.036981    9.003634
  _ImonXhou_11_19 |   7.351196   3.066726     2.40   0.017     1.340523    13.36187
  _ImonXhou_11_20 |   3.934821   3.007766     1.31   0.191    -1.960292    9.829934
  _ImonXhou_11_21 |   .1507574    2.97781     0.05   0.960    -5.685643    5.987158
  _ImonXhou_11_22 |   2.369641   2.843222     0.83   0.405    -3.202972    7.942254
  _ImonXhou_11_23 |  -1.136971   2.710554    -0.42   0.675    -6.449559    4.175617
  _ImonXhou_11_24 |  -2.820669   2.761772    -1.02   0.307    -8.233641    2.592304
   _ImonXhou_12_2 |  -2.743112   2.590531    -1.06   0.290    -7.820461    2.334236
   _ImonXhou_12_3 |  -6.249177   2.409987    -2.59   0.010    -10.97267   -1.525689
   _ImonXhou_12_4 |  -4.119506   2.250638    -1.83   0.067    -8.530675    .2916627
   _ImonXhou_12_5 |  -3.807803   2.152325    -1.77   0.077    -8.026283    .4106767
   _ImonXhou_12_6 |  -4.055779   2.135333    -1.90   0.058    -8.240955    .1293982
   _ImonXhou_12_7 |   -4.89519    2.32289    -2.11   0.035    -9.447971   -.3424083
   _ImonXhou_12_8 |  -4.489806   2.812156    -1.60   0.110    -10.00153    1.021918
   _ImonXhou_12_9 |  -4.457935   3.425459    -1.30   0.193    -11.17171    2.255843
  _ImonXhou_12_10 |  -3.135895   3.422493    -0.92   0.360    -9.843858    3.572068
  _ImonXhou_12_11 |   -.104793   3.228224    -0.03   0.974    -6.431996     6.22241
  _ImonXhou_12_12 |   .9741825   3.197318     0.30   0.761    -5.292445     7.24081
  _ImonXhou_12_13 |  -1.681347    2.74351    -0.61   0.540    -7.058527    3.695834
  _ImonXhou_12_14 |   -1.94881   2.671227    -0.73   0.466    -7.184318    3.286698
  _ImonXhou_12_15 |   -4.22393    2.43797    -1.73   0.083    -9.002263    .5544037
  _ImonXhou_12_16 |  -3.536528    2.59044    -1.37   0.172    -8.613697    1.540642
  _ImonXhou_12_17 |  -3.851966   2.612549    -1.47   0.140    -8.972469    1.268537
  _ImonXhou_12_18 |  -.0528057   2.807791    -0.02   0.985    -5.555975    5.450364
  _ImonXhou_12_19 |   2.663771   2.701387     0.99   0.324    -2.630849    7.958391
  _ImonXhou_12_20 |  -4.124866   2.694898    -1.53   0.126    -9.406769    1.157036
  _ImonXhou_12_21 |  -5.315375   2.806322    -1.89   0.058    -10.81567    .1849154
  _ImonXhou_12_22 |  -1.652914   2.717246    -0.61   0.543    -6.978618    3.672791
  _ImonXhou_12_23 |  -5.096914    2.62282    -1.94   0.052    -10.23755     .043718
  _ImonXhou_12_24 |  -3.995118   2.546997    -1.57   0.117     -8.98714    .9969044
     _ImonXtemp_2 |  -2.673008   .2578725   -10.37   0.000    -3.178429   -2.167588
     _ImonXtemp_3 |  -3.084227    .259961   -11.86   0.000    -3.593741   -2.574713
     _ImonXtemp_4 |  -.9007469   .1821324    -4.95   0.000     -1.25772    -.543774
     _ImonXtemp_5 |  -2.046686   .2085986    -9.81   0.000    -2.455532   -1.637841
     _ImonXtemp_6 |   2.102341   .3515186     5.98   0.000     1.413377    2.791305
     _ImonXtemp_7 |    .820254   .2378282     3.45   0.001     .3541192    1.286389
     _ImonXtemp_8 |   .2241163   .2060432     1.09   0.277    -.1797209    .6279535
     _ImonXtemp_9 |  -.3092731   .2025266    -1.53   0.127    -.7062181    .0876718
    _ImonXtemp_10 |  -.7431134   .2043813    -3.64   0.000    -1.143693   -.3425335
    _ImonXtemp_11 |    -1.8453   .1565592   -11.79   0.000     -2.15215   -1.538449
    _ImonXtemp_12 |  -.7421134   .2512684    -2.95   0.003     -1.23459   -.2496364
     _ImonXtempa2 |    1.91874   .2368522     8.10   0.000     1.454518    2.382962
     _ImonXtempa3 |   2.092279   .2318846     9.02   0.000     1.637793    2.546764
     _ImonXtempa4 |   1.173698   .1753654     6.69   0.000      .829988    1.517408
     _ImonXtempa5 |   2.071269   .2052987    10.09   0.000     1.668891    2.473647
     _ImonXtempa6 |     .23903   .2570498     0.93   0.352    -.2647784    .7428384
     _ImonXtempa7 |   .3057902   .2093269     1.46   0.144     -.104483    .7160633
     _ImonXtempa8 |   .8023745   .1799734     4.46   0.000     .4496332    1.155116
     _ImonXtempa9 |   1.671196   .2019175     8.28   0.000     1.275445    2.066947
    _ImonXtempa10 |   1.337024   .1743751     7.67   0.000     .9952556    1.678793
    _ImonXtempa11 |   .8280542   .1836481     4.51   0.000     .4681105    1.187998
    _ImonXtempa12 |   1.596681   .2681134     5.96   0.000     1.071189    2.122174
            coal2 |   33.88731   33.61109     1.01   0.313    -31.98923    99.76384
             gas2 |  -.9565256   .1917288    -4.99   0.000    -1.332307   -.5807441
           brent2 |  -1.672977   .7098941    -2.36   0.018    -3.064344   -.2816098
            _cons |   3.131391   22.72881     0.14   0.890    -41.41625    47.67903
-----------------------------------------------------------------------------------
Instrumented:  ecost2
Instruments:   windx windx2 temp tempx humid 2.hour#c.coal 3.hour#c.coal
               4.hour#c.coal 5.hour#c.coal 6.hour#c.coal 7.hour#c.coal
               8.hour#c.coal 9.hour#c.coal 10.hour#c.coal 11.hour#c.coal
               12.hour#c.coal 13.hour#c.coal 14.hour#c.coal 15.hour#c.coal
               16.hour#c.coal 17.hour#c.coal 18.hour#c.coal 19.hour#c.coal
               20.hour#c.coal 21.hour#c.coal 22.hour#c.coal 23.hour#c.coal
               24.hour#c.coal 2.hour#c.gas 3.hour#c.gas 4.hour#c.gas 5.hour#c.gas
               6.hour#c.gas 7.hour#c.gas 8.hour#c.gas 9.hour#c.gas 10.hour#c.gas
               11.hour#c.gas 12.hour#c.gas 13.hour#c.gas 14.hour#c.gas
               15.hour#c.gas 16.hour#c.gas 17.hour#c.gas 18.hour#c.gas
               19.hour#c.gas 20.hour#c.gas 21.hour#c.gas 22.hour#c.gas
               23.hour#c.gas 24.hour#c.gas 2.hour#c.brent 3.hour#c.brent
               4.hour#c.brent 5.hour#c.brent 6.hour#c.brent 7.hour#c.brent
               8.hour#c.brent 9.hour#c.brent 10.hour#c.brent 11.hour#c.brent
               12.hour#c.brent 13.hour#c.brent 14.hour#c.brent 15.hour#c.brent
               16.hour#c.brent 17.hour#c.brent 18.hour#c.brent 19.hour#c.brent
               20.hour#c.brent 21.hour#c.brent 22.hour#c.brent 23.hour#c.brent
               24.hour#c.brent coal gas brent _Ihour_2 _Ihour_3 _Ihour_4 _Ihour_5
               _Ihour_6 _Ihour_7 _Ihour_8 _Ihour_9 _Ihour_10 _Ihour_11 _Ihour_12
               _Ihour_13 _Ihour_14 _Ihour_15 _Ihour_16 _Ihour_17 _Ihour_18
               _Ihour_19 _Ihour_20 _Ihour_21 _Ihour_22 _Ihour_23 _Ihour_24
               _Iyear_2005 _Iyear_2006 _Iweekd_2 _Iweekd_3 _Iweekd_4 _Iweekd_5
               _Iweekd_6 _Iweekd_7 _Imonth_2 _Imonth_3 _Imonth_4 _Imonth_5
               _Imonth_6 _Imonth_7 _Imonth_8 _Imonth_9 _Imonth_10 _Imonth_11
               _Imonth_12 _ImonXyea_2_2005 _ImonXyea_2_2006 _ImonXyea_3_2005
               _ImonXyea_4_2005 _ImonXyea_5_2005 _ImonXyea_6_2005
               _ImonXyea_7_2005 _ImonXyea_8_2005 _ImonXyea_9_2005
               _ImonXyea_10_2005 _ImonXyea_11_2005 _ImonXyea_12_2005
               _ImonXhou_2_2 _ImonXhou_2_3 _ImonXhou_2_4 _ImonXhou_2_5
               _ImonXhou_2_6 _ImonXhou_2_7 _ImonXhou_2_8 _ImonXhou_2_9
               _ImonXhou_2_10 _ImonXhou_2_11 _ImonXhou_2_12 _ImonXhou_2_13
               _ImonXhou_2_14 _ImonXhou_2_15 _ImonXhou_2_16 _ImonXhou_2_17
               _ImonXhou_2_18 _ImonXhou_2_19 _ImonXhou_2_20 _ImonXhou_2_21
               _ImonXhou_2_22 _ImonXhou_2_23 _ImonXhou_2_24 _ImonXhou_3_2
               _ImonXhou_3_3 _ImonXhou_3_4 _ImonXhou_3_5 _ImonXhou_3_6
               _ImonXhou_3_7 _ImonXhou_3_8 _ImonXhou_3_9 _ImonXhou_3_10
               _ImonXhou_3_11 _ImonXhou_3_12 _ImonXhou_3_13 _ImonXhou_3_14
               _ImonXhou_3_15 _ImonXhou_3_16 _ImonXhou_3_17 _ImonXhou_3_18
               _ImonXhou_3_19 _ImonXhou_3_20 _ImonXhou_3_21 _ImonXhou_3_22
               _ImonXhou_3_23 _ImonXhou_3_24 _ImonXhou_4_2 _ImonXhou_4_3
               _ImonXhou_4_4 _ImonXhou_4_5 _ImonXhou_4_6 _ImonXhou_4_7
               _ImonXhou_4_8 _ImonXhou_4_9 _ImonXhou_4_10 _ImonXhou_4_11
               _ImonXhou_4_12 _ImonXhou_4_13 _ImonXhou_4_14 _ImonXhou_4_15
               _ImonXhou_4_16 _ImonXhou_4_17 _ImonXhou_4_18 _ImonXhou_4_19
               _ImonXhou_4_20 _ImonXhou_4_21 _ImonXhou_4_22 _ImonXhou_4_23
               _ImonXhou_4_24 _ImonXhou_5_2 _ImonXhou_5_3 _ImonXhou_5_4
               _ImonXhou_5_5 _ImonXhou_5_6 _ImonXhou_5_7 _ImonXhou_5_8
               _ImonXhou_5_9 _ImonXhou_5_10 _ImonXhou_5_11 _ImonXhou_5_12
               _ImonXhou_5_13 _ImonXhou_5_14 _ImonXhou_5_15 _ImonXhou_5_16
               _ImonXhou_5_17 _ImonXhou_5_18 _ImonXhou_5_19 _ImonXhou_5_20
               _ImonXhou_5_21 _ImonXhou_5_22 _ImonXhou_5_23 _ImonXhou_5_24
               _ImonXhou_6_2 _ImonXhou_6_3 _ImonXhou_6_4 _ImonXhou_6_5
               _ImonXhou_6_6 _ImonXhou_6_7 _ImonXhou_6_8 _ImonXhou_6_9
               _ImonXhou_6_10 _ImonXhou_6_11 _ImonXhou_6_12 _ImonXhou_6_13
               _ImonXhou_6_14 _ImonXhou_6_15 _ImonXhou_6_16 _ImonXhou_6_17
               _ImonXhou_6_18 _ImonXhou_6_19 _ImonXhou_6_20 _ImonXhou_6_21
               _ImonXhou_6_22 _ImonXhou_6_23 _ImonXhou_6_24 _ImonXhou_7_2
               _ImonXhou_7_3 _ImonXhou_7_4 _ImonXhou_7_5 _ImonXhou_7_6
               _ImonXhou_7_7 _ImonXhou_7_8 _ImonXhou_7_9 _ImonXhou_7_10
               _ImonXhou_7_11 _ImonXhou_7_12 _ImonXhou_7_13 _ImonXhou_7_14
               _ImonXhou_7_15 _ImonXhou_7_16 _ImonXhou_7_17 _ImonXhou_7_18
               _ImonXhou_7_19 _ImonXhou_7_20 _ImonXhou_7_21 _ImonXhou_7_22
               _ImonXhou_7_23 _ImonXhou_7_24 _ImonXhou_8_2 _ImonXhou_8_3
               _ImonXhou_8_4 _ImonXhou_8_5 _ImonXhou_8_6 _ImonXhou_8_7
               _ImonXhou_8_8 _ImonXhou_8_9 _ImonXhou_8_10 _ImonXhou_8_11
               _ImonXhou_8_12 _ImonXhou_8_13 _ImonXhou_8_14 _ImonXhou_8_15
               _ImonXhou_8_16 _ImonXhou_8_17 _ImonXhou_8_18 _ImonXhou_8_19
               _ImonXhou_8_20 _ImonXhou_8_21 _ImonXhou_8_22 _ImonXhou_8_23
               _ImonXhou_8_24 _ImonXhou_9_2 _ImonXhou_9_3 _ImonXhou_9_4
               _ImonXhou_9_5 _ImonXhou_9_6 _ImonXhou_9_7 _ImonXhou_9_8
               _ImonXhou_9_9 _ImonXhou_9_10 _ImonXhou_9_11 _ImonXhou_9_12
               _ImonXhou_9_13 _ImonXhou_9_14 _ImonXhou_9_15 _ImonXhou_9_16
               _ImonXhou_9_17 _ImonXhou_9_18 _ImonXhou_9_19 _ImonXhou_9_20
               _ImonXhou_9_21 _ImonXhou_9_22 _ImonXhou_9_23 _ImonXhou_9_24
               _ImonXhou_10_2 _ImonXhou_10_3 _ImonXhou_10_4 _ImonXhou_10_5
               _ImonXhou_10_6 _ImonXhou_10_7 _ImonXhou_10_8 _ImonXhou_10_9
               _ImonXhou_10_10 _ImonXhou_10_11 _ImonXhou_10_12 _ImonXhou_10_13
               _ImonXhou_10_14 _ImonXhou_10_15 _ImonXhou_10_16 _ImonXhou_10_17
               _ImonXhou_10_18 _ImonXhou_10_19 _ImonXhou_10_20 _ImonXhou_10_21
               _ImonXhou_10_22 _ImonXhou_10_23 _ImonXhou_10_24 _ImonXhou_11_2
               _ImonXhou_11_3 _ImonXhou_11_4 _ImonXhou_11_5 _ImonXhou_11_6
               _ImonXhou_11_7 _ImonXhou_11_8 _ImonXhou_11_9 _ImonXhou_11_10
               _ImonXhou_11_11 _ImonXhou_11_12 _ImonXhou_11_13 _ImonXhou_11_14
               _ImonXhou_11_15 _ImonXhou_11_16 _ImonXhou_11_17 _ImonXhou_11_18
               _ImonXhou_11_19 _ImonXhou_11_20 _ImonXhou_11_21 _ImonXhou_11_22
               _ImonXhou_11_23 _ImonXhou_11_24 _ImonXhou_12_2 _ImonXhou_12_3
               _ImonXhou_12_4 _ImonXhou_12_5 _ImonXhou_12_6 _ImonXhou_12_7
               _ImonXhou_12_8 _ImonXhou_12_9 _ImonXhou_12_10 _ImonXhou_12_11
               _ImonXhou_12_12 _ImonXhou_12_13 _ImonXhou_12_14 _ImonXhou_12_15
               _ImonXhou_12_16 _ImonXhou_12_17 _ImonXhou_12_18 _ImonXhou_12_19
               _ImonXhou_12_20 _ImonXhou_12_21 _ImonXhou_12_22 _ImonXhou_12_23
               _ImonXhou_12_24 _ImonXtemp_2 _ImonXtemp_3 _ImonXtemp_4
               _ImonXtemp_5 _ImonXtemp_6 _ImonXtemp_7 _ImonXtemp_8 _ImonXtemp_9
               _ImonXtemp_10 _ImonXtemp_11 _ImonXtemp_12 _ImonXtempa2
               _ImonXtempa3 _ImonXtempa4 _ImonXtempa5 _ImonXtempa6 _ImonXtempa7
               _ImonXtempa8 _ImonXtempa9 _ImonXtempa10 _ImonXtempa11
               _ImonXtempa12 coal2 gas2 brent2 eprice

. estimates store spec_add2

. estat firststage

  First-stage regression summary statistics
  --------------------------------------------------------------------------
               |            Adjusted      Partial       Robust
      Variable |   R-sq.       R-sq.        R-sq.    F(1,15775)   Prob > F
  -------------+------------------------------------------------------------
        ecost2 |  0.7889      0.7834       0.0174       104.526    0.0000
  --------------------------------------------------------------------------


. mat ftest_add2 = r(singleresults)

. 
. *(3) - QUADRATIC TEMPERATURE
. ivregress 2sls mg_price ($maincost = $instruments) $supplycontrols $demandcontrols $controls1 $basefe c
> oal2 gas2 brent2 temp2, robust first
note: _Iyear_2007 omitted because of collinearity
note: _ImonXyea_2_2007 omitted because of collinearity
note: _ImonXyea_3_2006 omitted because of collinearity
note: _ImonXyea_3_2007 omitted because of collinearity
note: _ImonXyea_4_2006 omitted because of collinearity
note: _ImonXyea_4_2007 omitted because of collinearity
note: _ImonXyea_5_2006 omitted because of collinearity
note: _ImonXyea_5_2007 omitted because of collinearity
note: _ImonXyea_6_2006 omitted because of collinearity
note: _ImonXyea_6_2007 omitted because of collinearity
note: _ImonXyea_7_2006 omitted because of collinearity
note: _ImonXyea_7_2007 omitted because of collinearity
note: _ImonXyea_8_2006 omitted because of collinearity
note: _ImonXyea_8_2007 omitted because of collinearity
note: _ImonXyea_9_2006 omitted because of collinearity
note: _ImonXyea_9_2007 omitted because of collinearity
note: _ImonXyea_10_2006 omitted because of collinearity
note: _ImonXyea_10_2007 omitted because of collinearity
note: _ImonXyea_11_2006 omitted because of collinearity
note: _ImonXyea_11_2007 omitted because of collinearity
note: _ImonXyea_12_2006 omitted because of collinearity
note: _ImonXyea_12_2007 omitted because of collinearity

First-stage regressions
-----------------------

                                                  Number of obs   =      16186
                                                  F( 411,  15774) =     122.27
                                                  Prob > F        =     0.0000
                                                  R-squared       =     0.7889
                                                  Adj R-squared   =     0.7834
                                                  Root MSE        =     3.7779

-----------------------------------------------------------------------------------
                  |               Robust
           ecost2 |      Coef.   Std. Err.      t    P>|t|     [95% Conf. Interval]
------------------+----------------------------------------------------------------
            windx |  -.0183143   .1509056    -0.12   0.903    -.3141065    .2774778
           windx2 |   .0067729   .0104611     0.65   0.517    -.0137321    .0272779
             temp |  -.0303757   .0768291    -0.40   0.693    -.1809695     .120218
            tempx |    .070876   .0502022     1.41   0.158     -.027526     .169278
            humid |  -.0101545   .0057158    -1.78   0.076    -.0213581     .001049
                  |
      hour#c.coal |
               1  |          0  (empty)
               2  |   1.586875   4.928056     0.32   0.747    -8.072679    11.24643
               3  |   2.492643   4.906986     0.51   0.611     -7.12561     12.1109
               4  |   13.56886   4.957975     2.74   0.006     3.850665    23.28706
               5  |   15.68326   4.894527     3.20   0.001     6.089427    25.27709
               6  |   20.79671   4.961238     4.19   0.000     11.07212    30.52131
               7  |  -.2602444   4.955916    -0.05   0.958    -9.974408    9.453919
               8  |   10.93111   5.178427     2.11   0.035      .780798    21.08142
               9  |   16.12117   5.188188     3.11   0.002     5.951733    26.29062
              10  |   20.82039   5.059344     4.12   0.000     10.90349    30.73728
              11  |    14.5655   5.219658     2.79   0.005     4.334371    24.79662
              12  |   17.78321   5.512141     3.23   0.001     6.978784    28.58764
              13  |   11.46277   5.196187     2.21   0.027     1.277647    21.64789
              14  |   12.10703   5.075952     2.39   0.017     2.157584    22.05648
              15  |   8.002247   5.130583     1.56   0.119    -2.054283    18.05878
              16  |   19.49524   4.973658     3.92   0.000     9.746301    29.24418
              17  |   13.64066   5.029063     2.71   0.007     3.783118    23.49819
              18  |   13.73815   5.209651     2.64   0.008     3.526636    23.94966
              19  |   10.39214   5.196051     2.00   0.046     .2072908      20.577
              20  |   14.14912   5.006614     2.83   0.005     4.335583    23.96266
              21  |   13.24373   5.146091     2.57   0.010     3.156801    23.33066
              22  |   16.09694   4.811559     3.35   0.001     6.665735    25.52815
              23  |   13.59796   4.884396     2.78   0.005     4.023985    23.17193
              24  |  -4.223511   4.758806    -0.89   0.375    -13.55132    5.104294
                  |
       hour#c.gas |
               1  |          0  (empty)
               2  |   1.421298   .6219189     2.29   0.022     .2022653     2.64033
               3  |   2.428433   .7005166     3.47   0.001      1.05534    3.801525
               4  |   2.820315   .7138286     3.95   0.000     1.421129    4.219501
               5  |   2.150807   .7280819     2.95   0.003     .7236826     3.57793
               6  |    2.93562   .7764949     3.78   0.000     1.413601    4.457639
               7  |   2.054452   .6502613     3.16   0.002     .7798655    3.329039
               8  |   .6340705   .6319809     1.00   0.316    -.6046844    1.872825
               9  |   .7158281   .6178078     1.16   0.247    -.4951458    1.926802
              10  |   1.321027   .6446961     2.05   0.040     .0573491    2.584705
              11  |   1.400482   .6534618     2.14   0.032     .1196225    2.681342
              12  |   1.069147   .6367216     1.68   0.093    -.1789003    2.317194
              13  |   .8480129   .6360572     1.33   0.182    -.3987319    2.094758
              14  |   .8823811   .6517985     1.35   0.176    -.3952186    2.159981
              15  |   1.018514     .69695     1.46   0.144    -.3475877    2.384616
              16  |   .9738286   .6632277     1.47   0.142    -.3261736    2.273831
              17  |    .807908   .6706444     1.20   0.228    -.5066317    2.122448
              18  |   .9497717   .6697453     1.42   0.156    -.3630058    2.262549
              19  |   .8292193    .619778     1.34   0.181    -.3856165    2.044055
              20  |   1.145317   .6299679     1.82   0.069    -.0894922    2.380126
              21  |   .6362727   .6981004     0.91   0.362     -.732084    2.004629
              22  |   .9000108   .7098924     1.27   0.205    -.4914596    2.291481
              23  |    .918619   .6472513     1.42   0.156    -.3500675    2.187305
              24  |   .5568426   .6783409     0.82   0.412    -.7727832    1.886468
                  |
     hour#c.brent |
               1  |          0  (empty)
               2  |  -.0944533   .7753267    -0.12   0.903    -1.614182    1.425276
               3  |  -.6525335   .8084956    -0.81   0.420    -2.237277    .9322103
               4  |   .3613248   .8104261     0.45   0.656    -1.227203    1.949853
               5  |   1.940388   .8070898     2.40   0.016     .3584002    3.522377
               6  |   1.195244   .8420537     1.42   0.156    -.4552774    2.845766
               7  |    .224878   .7841097     0.29   0.774    -1.312067    1.761823
               8  |   .7975361    .783356     1.02   0.309    -.7379313    2.333004
               9  |   1.109107   .7734179     1.43   0.152    -.4068804    2.625095
              10  |   .7279267   .7913863     0.92   0.358    -.8232809    2.279134
              11  |  -.4553083   .8084549    -0.56   0.573    -2.039972    1.129356
              12  |   .1566509   .8191773     0.19   0.848     -1.44903    1.762332
              13  |  -.1838629   .7822572    -0.24   0.814    -1.717177    1.349451
              14  |  -.1972865   .8080576    -0.24   0.807    -1.781172    1.386599
              15  |    .007147   .8152687     0.01   0.993    -1.590873    1.605167
              16  |   .4256873   .8082213     0.53   0.598    -1.158519    2.009893
              17  |   .8850182   .7912938     1.12   0.263    -.6660082    2.436045
              18  |   .0744711   .8050444     0.09   0.926    -1.503508     1.65245
              19  |   -.228086   .8034785    -0.28   0.777    -1.802996    1.346824
              20  |  -.6740701   .7853096    -0.86   0.391    -2.213367    .8652265
              21  |  -.3848971   .8026396    -0.48   0.632    -1.958163    1.188368
              22  |  -1.151431   .7735829    -1.49   0.137    -2.667742    .3648805
              23  |  -.8036697   .7489573    -1.07   0.283    -2.271712    .6643722
              24  |  -.7844348    .772911    -1.01   0.310    -2.299429    .7305592
                  |
             coal |  -34.39315   23.30602    -1.48   0.140    -80.07562    11.28931
              gas |   -2.81416   .6445333    -4.37   0.000    -4.077519   -1.550801
            brent |  -2.955594   1.752152    -1.69   0.092    -6.390012    .4788236
         _Ihour_2 |  -3.381822   4.395365    -0.77   0.442    -11.99724    5.233597
         _Ihour_3 |  -3.672983    4.36902    -0.84   0.401    -12.23676    4.890795
         _Ihour_4 |  -12.37526   4.382281    -2.82   0.005    -20.96503   -3.785487
         _Ihour_5 |   -15.8039   4.323211    -3.66   0.000    -24.27788   -7.329909
         _Ihour_6 |  -18.86583   4.392331    -4.30   0.000    -27.47531   -10.25636
         _Ihour_7 |  -1.667468   4.412107    -0.38   0.705     -10.3157    6.980765
         _Ihour_8 |  -9.843137   4.591727    -2.14   0.032    -18.84345   -.8428265
         _Ihour_9 |  -14.18996    4.54397    -3.12   0.002    -23.09666   -5.283258
        _Ihour_10 |  -17.37029    4.43698    -3.91   0.000    -26.06728   -8.673303
        _Ihour_11 |  -10.92034   4.524217    -2.41   0.016    -19.78832   -2.052357
        _Ihour_12 |   -13.7961    4.71429    -2.93   0.003    -23.03665   -4.555557
        _Ihour_13 |  -8.803073    4.45386    -1.98   0.048    -17.53315   -.0729982
        _Ihour_14 |  -9.269671   4.424983    -2.09   0.036    -17.94314   -.5961972
        _Ihour_15 |  -7.185673   4.428749    -1.62   0.105    -15.86653    1.495182
        _Ihour_16 |  -15.72742   4.401886    -3.57   0.000    -24.35562   -7.099222
        _Ihour_17 |  -12.41573    4.37217    -2.84   0.005    -20.98568   -3.845776
        _Ihour_18 |  -11.53505   4.514269    -2.56   0.011    -20.38354   -2.686572
        _Ihour_19 |  -7.580898   4.523251    -1.68   0.094    -16.44699    1.285191
        _Ihour_20 |   -10.2972   4.366384    -2.36   0.018    -18.85581   -1.738589
        _Ihour_21 |  -9.381159   4.402313    -2.13   0.033     -18.0102   -.7521221
        _Ihour_22 |  -10.13382   4.084818    -2.48   0.013    -18.14053   -2.127108
        _Ihour_23 |  -9.133472   4.140746    -2.21   0.027    -17.24981   -1.017136
        _Ihour_24 |   3.576618   4.138821     0.86   0.388    -4.535945    11.68918
      _Iyear_2005 |   1.941291   .5315785     3.65   0.000     .8993365    2.983246
      _Iyear_2006 |   1.389669   1.389512     1.00   0.317    -1.333934    4.113271
      _Iyear_2007 |          0  (omitted)
        _Iweekd_2 |  -.1150617    .110781    -1.04   0.299    -.3322051    .1020818
        _Iweekd_3 |  -.0260637   .1099094    -0.24   0.813    -.2414987    .1893713
        _Iweekd_4 |   -.151532   .1098434    -1.38   0.168    -.3668377    .0637736
        _Iweekd_5 |  -.2953009   .1115659    -2.65   0.008    -.5139828    -.076619
        _Iweekd_6 |   .2001995   .1160544     1.73   0.085    -.0272804    .4276795
        _Iweekd_7 |   .7095328    .114337     6.21   0.000     .4854191    .9336465
        _Imonth_2 |   4.373076   1.456976     3.00   0.003     1.517235    7.228916
        _Imonth_3 |    4.03774   1.045753     3.86   0.000     1.987944    6.087536
        _Imonth_4 |   .4213321   1.152994     0.37   0.715    -1.838669    2.681333
        _Imonth_5 |   1.482614   1.360791     1.09   0.276    -1.184693    4.149921
        _Imonth_6 |   6.650431   2.390885     2.78   0.005     1.964022    11.33684
        _Imonth_7 |   4.710523    2.39825     1.96   0.050     .0096791    9.411368
        _Imonth_8 |   8.771366   2.893536     3.03   0.002     3.099704    14.44303
        _Imonth_9 |   15.95585   2.500394     6.38   0.000     11.05479    20.85691
       _Imonth_10 |    6.46694   1.543151     4.19   0.000     3.442187    9.491694
       _Imonth_11 |   3.680439   1.531544     2.40   0.016     .6784374    6.682441
       _Imonth_12 |  -.2156958   1.425958    -0.15   0.880    -3.010737    2.579345
 _ImonXyea_2_2005 |   -.174704   .3284781    -0.53   0.595    -.8185586    .4691506
 _ImonXyea_2_2006 |   .2898961   .6019034     0.48   0.630    -.8899034    1.469696
 _ImonXyea_2_2007 |          0  (omitted)
 _ImonXyea_3_2005 |  -1.286983    .467399    -2.75   0.006    -2.203138   -.3708271
 _ImonXyea_3_2006 |          0  (omitted)
 _ImonXyea_3_2007 |          0  (omitted)
 _ImonXyea_4_2005 |   .4400801     .67408     0.65   0.514    -.8811939    1.761354
 _ImonXyea_4_2006 |          0  (omitted)
 _ImonXyea_4_2007 |          0  (omitted)
 _ImonXyea_5_2005 |   .8269495   .6794301     1.22   0.224    -.5048111     2.15871
 _ImonXyea_5_2006 |          0  (omitted)
 _ImonXyea_5_2007 |          0  (omitted)
 _ImonXyea_6_2005 |   1.942589     .81824     2.37   0.018     .3387449    3.546433
 _ImonXyea_6_2006 |          0  (omitted)
 _ImonXyea_6_2007 |          0  (omitted)
 _ImonXyea_7_2005 |   1.084927   .9849836     1.10   0.271    -.8457537    3.015607
 _ImonXyea_7_2006 |          0  (omitted)
 _ImonXyea_7_2007 |          0  (omitted)
 _ImonXyea_8_2005 |  -1.208546   1.021003    -1.18   0.237    -3.209829    .7927365
 _ImonXyea_8_2006 |          0  (omitted)
 _ImonXyea_8_2007 |          0  (omitted)
 _ImonXyea_9_2005 |  -1.045207   1.061754    -0.98   0.325    -3.126366    1.035953
 _ImonXyea_9_2006 |          0  (omitted)
 _ImonXyea_9_2007 |          0  (omitted)
_ImonXyea_10_2005 |  -.6385965   .9954951    -0.64   0.521    -2.589881    1.312688
_ImonXyea_10_2006 |          0  (omitted)
_ImonXyea_10_2007 |          0  (omitted)
_ImonXyea_11_2005 |  -.5663309   .9404055    -0.60   0.547    -2.409633    1.276972
_ImonXyea_11_2006 |          0  (omitted)
_ImonXyea_11_2007 |          0  (omitted)
_ImonXyea_12_2005 |  -.8013655   1.013619    -0.79   0.429    -2.788175    1.185444
_ImonXyea_12_2006 |          0  (omitted)
_ImonXyea_12_2007 |          0  (omitted)
    _ImonXhou_2_2 |   .6568388   .9560793     0.69   0.492    -1.217186    2.530864
    _ImonXhou_2_3 |   .2874339   .9651124     0.30   0.766    -1.604297    2.179165
    _ImonXhou_2_4 |  -2.786638   .9521405    -2.93   0.003    -4.652942   -.9203338
    _ImonXhou_2_5 |  -2.567139   .8490984    -3.02   0.003    -4.231469   -.9028089
    _ImonXhou_2_6 |   -2.37422   .8557965    -2.77   0.006    -4.051679    -.696761
    _ImonXhou_2_7 |  -2.143035   .9453025    -2.27   0.023    -3.995936   -.2901338
    _ImonXhou_2_8 |   .0168177   .9446931     0.02   0.986    -1.834889    1.868524
    _ImonXhou_2_9 |  -.2194761   .9290314    -0.24   0.813    -2.040484    1.601532
   _ImonXhou_2_10 |  -.6823311   .9069714    -0.75   0.452    -2.460099    1.095437
   _ImonXhou_2_11 |  -.6041262   .9012237    -0.67   0.503    -2.370628    1.162375
   _ImonXhou_2_12 |  -.8087645   .9553409    -0.85   0.397    -2.681342    1.063813
   _ImonXhou_2_13 |  -.6562336   .8112841    -0.81   0.419    -2.246443     .933976
   _ImonXhou_2_14 |  -.7242524   .8300772    -0.87   0.383    -2.351299    .9027939
   _ImonXhou_2_15 |   .0780596    .891897     0.09   0.930    -1.670161     1.82628
   _ImonXhou_2_16 |  -.2813521    .887679    -0.32   0.751    -2.021304      1.4586
   _ImonXhou_2_17 |   .0084202    .897673     0.01   0.993    -1.751122    1.767962
   _ImonXhou_2_18 |    .883704   .8730768     1.01   0.311    -.8276264    2.595034
   _ImonXhou_2_19 |  -.5796121   .8493922    -0.68   0.495    -2.244518    1.085294
   _ImonXhou_2_20 |  -.2287599   .7126897    -0.32   0.748    -1.625713    1.168193
   _ImonXhou_2_21 |  -.3695356   .7033932    -0.53   0.599    -1.748267    1.009195
   _ImonXhou_2_22 |  -1.145237   .7130665    -1.61   0.108    -2.542929    .2524551
   _ImonXhou_2_23 |  -.4094763   .8012952    -0.51   0.609    -1.980107    1.161154
   _ImonXhou_2_24 |   .2349027   .8168972     0.29   0.774    -1.366309    1.836115
    _ImonXhou_3_2 |  -.2414314   .8171585    -0.30   0.768    -1.843156    1.360293
    _ImonXhou_3_3 |  -1.445232   .8347297    -1.73   0.083    -3.081398    .1909332
    _ImonXhou_3_4 |  -3.458712   .8525728    -4.06   0.000    -5.129852   -1.787572
    _ImonXhou_3_5 |  -4.695292   .7323816    -6.41   0.000    -6.130844    -3.25974
    _ImonXhou_3_6 |  -4.402699   .7930961    -5.55   0.000    -5.957258   -2.848139
    _ImonXhou_3_7 |  -2.808502   .8153341    -3.44   0.001     -4.40665   -1.210354
    _ImonXhou_3_8 |  -1.380706   .7867707    -1.75   0.079    -2.922866    .1614549
    _ImonXhou_3_9 |  -1.557245   .8120694    -1.92   0.055    -3.148993    .0345043
   _ImonXhou_3_10 |   -1.88413   .8007522    -2.35   0.019    -3.453696    -.314564
   _ImonXhou_3_11 |  -1.808829   .8084976    -2.24   0.025    -3.393577    -.224081
   _ImonXhou_3_12 |  -2.305179   .8956116    -2.57   0.010     -4.06068   -.5496774
   _ImonXhou_3_13 |  -1.200517   .7203523    -1.67   0.096     -2.61249     .211456
   _ImonXhou_3_14 |  -.8756871   .7399089    -1.18   0.237    -2.325993     .574619
   _ImonXhou_3_15 |  -.7242734   .7916042    -0.91   0.360    -2.275908    .8273615
   _ImonXhou_3_16 |  -1.290438     .77181    -1.67   0.095    -2.803273    .2223984
   _ImonXhou_3_17 |  -1.534069   .7798127    -1.97   0.049    -3.062591   -.0055474
   _ImonXhou_3_18 |   -.411561   .7514518    -0.55   0.584    -1.884493    1.061371
   _ImonXhou_3_19 |  -1.137964   .7772063    -1.46   0.143    -2.661377    .3854491
   _ImonXhou_3_20 |  -1.265726   .6871173    -1.84   0.065    -2.612555    .0811024
   _ImonXhou_3_21 |  -.3015684   .7154848    -0.42   0.673       -1.704    1.100864
   _ImonXhou_3_22 |  -.5023395   .7289294    -0.69   0.491    -1.931125    .9264455
   _ImonXhou_3_23 |  -.7197705   .7391052    -0.97   0.330    -2.168501    .7289602
   _ImonXhou_3_24 |   .1428459   .7385792     0.19   0.847    -1.304854    1.590546
    _ImonXhou_4_2 |    1.54929   .8914024     1.74   0.082    -.1979603    3.296541
    _ImonXhou_4_3 |   1.592517   .8787964     1.81   0.070    -.1300248    3.315058
    _ImonXhou_4_4 |  -.9275988   .8862249    -1.05   0.295    -2.664701    .8095034
    _ImonXhou_4_5 |  -1.616694   .7852294    -2.06   0.040    -3.155833    -.077554
    _ImonXhou_4_6 |  -1.575761   .8344035    -1.89   0.059    -3.211288    .0597651
    _ImonXhou_4_7 |  -.4519295    .915938    -0.49   0.622    -2.247273    1.343414
    _ImonXhou_4_8 |   .4879128   .8727633     0.56   0.576    -1.222803    2.198629
    _ImonXhou_4_9 |   .0922049   .9247579     0.10   0.921    -1.720426    1.904836
   _ImonXhou_4_10 |   .3045591   .8856641     0.34   0.731    -1.431444    2.040562
   _ImonXhou_4_11 |   .6227578   .8775494     0.71   0.478    -1.097339    2.342855
   _ImonXhou_4_12 |   .2832651   .9537184     0.30   0.766    -1.586132    2.152662
   _ImonXhou_4_13 |   .4993957   .8267201     0.60   0.546     -1.12107    2.119862
   _ImonXhou_4_14 |   1.201363   .8509207     1.41   0.158    -.4665394    2.869265
   _ImonXhou_4_15 |   1.302689   .8880967     1.47   0.142     -.438082     3.04346
   _ImonXhou_4_16 |   .4191991   .8825312     0.47   0.635    -1.310663    2.149061
   _ImonXhou_4_17 |   .5411643   .8887343     0.61   0.543    -1.200857    2.283185
   _ImonXhou_4_18 |   1.178851   .8654647     1.36   0.173     -.517559    2.875261
   _ImonXhou_4_19 |   .3520491   .8841249     0.40   0.690    -1.380937    2.085035
   _ImonXhou_4_20 |    1.85729   .8446553     2.20   0.028     .2016696    3.512911
   _ImonXhou_4_21 |   .3358025   .8085921     0.42   0.678    -1.249131    1.920736
   _ImonXhou_4_22 |    .840581   .8215783     1.02   0.306    -.7698064    2.450968
   _ImonXhou_4_23 |   .9292785   .8289832     1.12   0.262    -.6956234     2.55418
   _ImonXhou_4_24 |   .9745692   .8597298     1.13   0.257    -.7105996    2.659738
    _ImonXhou_5_2 |   1.131223    .973653     1.16   0.245    -.7772482    3.039694
    _ImonXhou_5_3 |   .6770882    .988135     0.69   0.493    -1.259769    2.613946
    _ImonXhou_5_4 |  -1.190076   .9349014    -1.27   0.203     -3.02259    .6424374
    _ImonXhou_5_5 |  -2.272731   .8515009    -2.67   0.008     -3.94177    -.603692
    _ImonXhou_5_6 |  -2.336055   .9101694    -2.57   0.010    -4.120091   -.5520185
    _ImonXhou_5_7 |  -.8818652   .9766027    -0.90   0.367    -2.796118    1.032388
    _ImonXhou_5_8 |  -1.256696   .9570161    -1.31   0.189    -3.132557     .619165
    _ImonXhou_5_9 |  -1.261639    .943459    -1.34   0.181    -3.110926    .5876486
   _ImonXhou_5_10 |  -.5713265   .9679203    -0.59   0.555    -2.468561    1.325908
   _ImonXhou_5_11 |   .2718061   .9721136     0.28   0.780    -1.633648     2.17726
   _ImonXhou_5_12 |   .1822034   1.050286     0.17   0.862    -1.876477    2.240884
   _ImonXhou_5_13 |   .8635186    .872606     0.99   0.322    -.8468889    2.573926
   _ImonXhou_5_14 |   1.046738   .8988998     1.16   0.244    -.7152081    2.808685
   _ImonXhou_5_15 |   .3574646   .9535427     0.37   0.708    -1.511588    2.226517
   _ImonXhou_5_16 |   .2574221   .9401102     0.27   0.784    -1.585301    2.100146
   _ImonXhou_5_17 |  -.2923165   .9571412    -0.31   0.760    -2.168423     1.58379
   _ImonXhou_5_18 |   .6872426    .946083     0.73   0.468    -1.167188    2.541673
   _ImonXhou_5_19 |  -1.060684   .9416971    -1.13   0.260    -2.906518    .7851504
   _ImonXhou_5_20 |   .1366555    .887606     0.15   0.878    -1.603154    1.876465
   _ImonXhou_5_21 |  -.3084554   .8545196    -0.36   0.718    -1.983412    1.366501
   _ImonXhou_5_22 |   .0354312   .8794066     0.04   0.968    -1.688306    1.759169
   _ImonXhou_5_23 |   .0488228   .9021747     0.05   0.957    -1.719543    1.817188
   _ImonXhou_5_24 |   .5635865   .9287343     0.61   0.544    -1.256839    2.384012
    _ImonXhou_6_2 |   1.296003   1.062622     1.22   0.223    -.7868573    3.378864
    _ImonXhou_6_3 |   .1094515   1.093894     0.10   0.920    -2.034705    2.253608
    _ImonXhou_6_4 |  -2.644948   1.070714    -2.47   0.014    -4.743669   -.5462273
    _ImonXhou_6_5 |  -3.594312   .9756664    -3.68   0.000     -5.50673   -1.681895
    _ImonXhou_6_6 |  -4.421016   1.041621    -4.24   0.000    -6.462713   -2.379319
    _ImonXhou_6_7 |  -2.427784    1.07409    -2.26   0.024    -4.533123   -.3224455
    _ImonXhou_6_8 |  -1.478976   1.060999    -1.39   0.163    -3.558655    .6007034
    _ImonXhou_6_9 |  -1.227956   1.030965    -1.19   0.234    -3.248765    .7928535
   _ImonXhou_6_10 |  -2.899241   1.034898    -2.80   0.005    -4.927758   -.8707231
   _ImonXhou_6_11 |  -.2430831   1.046318    -0.23   0.816    -2.293986     1.80782
   _ImonXhou_6_12 |  -.1577259   1.083267    -0.15   0.884    -2.281053    1.965602
   _ImonXhou_6_13 |   .1136857   .9790679     0.12   0.908    -1.805399    2.032771
   _ImonXhou_6_14 |   -.095117   .9663778    -0.10   0.922    -1.989328    1.799094
   _ImonXhou_6_15 |   .2666886    .974835     0.27   0.784      -1.6441    2.177477
   _ImonXhou_6_16 |  -.9337148   1.013936    -0.92   0.357    -2.921146    1.053717
   _ImonXhou_6_17 |  -.4318094   1.014765    -0.43   0.670    -2.420865    1.557246
   _ImonXhou_6_18 |  -1.129371   1.020495    -1.11   0.268    -3.129659    .8709162
   _ImonXhou_6_19 |  -.5708168   1.015767    -0.56   0.574    -2.561836    1.420202
   _ImonXhou_6_20 |   .0532973   .9466768     0.06   0.955    -1.802297    1.908892
   _ImonXhou_6_21 |  -.3543576   .9329372    -0.38   0.704    -2.183021    1.474306
   _ImonXhou_6_22 |  -.3576913   .8992672    -0.40   0.691    -2.120358    1.404975
   _ImonXhou_6_23 |   .0715865   .9267081     0.08   0.938    -1.744867     1.88804
   _ImonXhou_6_24 |  -.1914842    .995498    -0.19   0.847    -2.142774    1.759806
    _ImonXhou_7_2 |   .1443472   1.288233     0.11   0.911    -2.380737    2.669432
    _ImonXhou_7_3 |  -.6638396   1.305763    -0.51   0.611    -3.223285    1.895605
    _ImonXhou_7_4 |  -4.753295   1.313622    -3.62   0.000    -7.328144   -2.178446
    _ImonXhou_7_5 |  -6.026242   1.233303    -4.89   0.000    -8.443657   -3.608828
    _ImonXhou_7_6 |  -6.696905   1.252768    -5.35   0.000    -9.152473   -4.241337
    _ImonXhou_7_7 |  -2.772761   1.301636    -2.13   0.033    -5.324117    -.221405
    _ImonXhou_7_8 |  -2.750589   1.282741    -2.14   0.032    -5.264909     -.23627
    _ImonXhou_7_9 |  -2.060474   1.268122    -1.62   0.104    -4.546138    .4251897
   _ImonXhou_7_10 |      -1.57   1.260255    -1.25   0.213    -4.040245     .900245
   _ImonXhou_7_11 |  -.7365665   1.243299    -0.59   0.554    -3.173575    1.700442
   _ImonXhou_7_12 |  -1.522439   1.343208    -1.13   0.257    -4.155281    1.110403
   _ImonXhou_7_13 |   .0328751   1.195302     0.03   0.978    -2.310053    2.375803
   _ImonXhou_7_14 |   .5923141   1.240347     0.48   0.633    -1.838908    3.023536
   _ImonXhou_7_15 |   .2315804   1.299563     0.18   0.859    -2.315712    2.778872
   _ImonXhou_7_16 |  -1.824471   1.294126    -1.41   0.159    -4.361105    .7121632
   _ImonXhou_7_17 |  -.2111223   1.224926    -0.17   0.863    -2.612116    2.189872
   _ImonXhou_7_18 |  -.3236487   1.224567    -0.26   0.792    -2.723939    2.076642
   _ImonXhou_7_19 |  -.5898643   1.261518    -0.47   0.640    -3.062583    1.882855
   _ImonXhou_7_20 |   .2132768   1.175848     0.18   0.856    -2.091519    2.518073
   _ImonXhou_7_21 |  -.1610805    1.15716    -0.14   0.889    -2.429246    2.107085
   _ImonXhou_7_22 |   .6843055   1.143746     0.60   0.550    -1.557567    2.926178
   _ImonXhou_7_23 |  -.4776254   1.197326    -0.40   0.690    -2.824522    1.869271
   _ImonXhou_7_24 |   1.766507   1.211828     1.46   0.145    -.6088147    4.141829
    _ImonXhou_8_2 |  -.1648822   1.568546    -0.11   0.916    -3.239412    2.909647
    _ImonXhou_8_3 |  -1.233249   1.583585    -0.78   0.436    -4.337258    1.870759
    _ImonXhou_8_4 |  -5.883244   1.604115    -3.67   0.000    -9.027492   -2.738996
    _ImonXhou_8_5 |  -7.331672   1.536408    -4.77   0.000    -10.34321   -4.320136
    _ImonXhou_8_6 |  -7.303874   1.551561    -4.71   0.000    -10.34511   -4.262637
    _ImonXhou_8_7 |  -2.493684   1.579263    -1.58   0.114     -5.58922    .6018525
    _ImonXhou_8_8 |  -2.726828     1.5913    -1.71   0.087    -5.845957    .3923014
    _ImonXhou_8_9 |   -2.86958   1.624746    -1.77   0.077    -6.054268    .3151071
   _ImonXhou_8_10 |  -4.970691   1.602764    -3.10   0.002    -8.112291   -1.829091
   _ImonXhou_8_11 |   -2.61249   1.649246    -1.58   0.113      -5.8452    .6202203
   _ImonXhou_8_12 |  -3.926083   1.773172    -2.21   0.027    -7.401704   -.4504622
   _ImonXhou_8_13 |  -.7571639   1.564902    -0.48   0.629     -3.82455    2.310222
   _ImonXhou_8_14 |  -1.148192   1.588426    -0.72   0.470    -4.261689    1.965305
   _ImonXhou_8_15 |  -1.207897   1.653801    -0.73   0.465    -4.449536    2.033742
   _ImonXhou_8_16 |  -4.176999   1.574507    -2.65   0.008    -7.263214   -1.090784
   _ImonXhou_8_17 |  -3.533638   1.574663    -2.24   0.025    -6.620158   -.4471171
   _ImonXhou_8_18 |  -2.014172   1.586712    -1.27   0.204    -5.124309    1.095966
   _ImonXhou_8_19 |  -2.099111   1.577963    -1.33   0.183    -5.192098    .9938762
   _ImonXhou_8_20 |  -1.718726   1.578402    -1.09   0.276    -4.812575    1.375123
   _ImonXhou_8_21 |  -2.007768   1.558355    -1.29   0.198    -5.062321    1.046786
   _ImonXhou_8_22 |  -1.510274   1.520744    -0.99   0.321    -4.491107    1.470559
   _ImonXhou_8_23 |  -1.953906    1.53715    -1.27   0.204    -4.966896    1.059085
   _ImonXhou_8_24 |   1.785052   1.543774     1.16   0.248    -1.240922    4.811026
    _ImonXhou_9_2 |  -.1400903   1.399361    -0.10   0.920    -2.882997    2.602816
    _ImonXhou_9_3 |  -.4699923   1.451151    -0.32   0.746    -3.314414     2.37443
    _ImonXhou_9_4 |  -5.458572   1.468533    -3.72   0.000    -8.337065   -2.580079
    _ImonXhou_9_5 |  -6.378287   1.402344    -4.55   0.000    -9.127042   -3.629533
    _ImonXhou_9_6 |  -7.323073    1.43848    -5.09   0.000    -10.14266   -4.503487
    _ImonXhou_9_7 |  -2.141897   1.436052    -1.49   0.136    -4.956723    .6729292
    _ImonXhou_9_8 |   -3.34028   1.488512    -2.24   0.025    -6.257934   -.4226265
    _ImonXhou_9_9 |   -4.78632   1.517253    -3.15   0.002    -7.760309    -1.81233
   _ImonXhou_9_10 |  -5.278971   1.503994    -3.51   0.000    -8.226971   -2.330971
   _ImonXhou_9_11 |   -3.13538   1.546565    -2.03   0.043    -6.166825   -.1039351
   _ImonXhou_9_12 |  -3.965602   1.679012    -2.36   0.018    -7.256657   -.6745475
   _ImonXhou_9_13 |  -2.633622   1.474682    -1.79   0.074    -5.524167    .2569227
   _ImonXhou_9_14 |  -2.382066   1.441037    -1.65   0.098    -5.206662    .4425312
   _ImonXhou_9_15 |  -1.570178   1.483504    -1.06   0.290    -4.478014    1.337659
   _ImonXhou_9_16 |  -4.799074   1.423626    -3.37   0.001    -7.589545   -2.008603
   _ImonXhou_9_17 |  -3.250307   1.444175    -2.25   0.024    -6.081055    -.419559
   _ImonXhou_9_18 |  -1.816664   1.470266    -1.24   0.217    -4.698555    1.065226
   _ImonXhou_9_19 |  -2.892728   1.458982    -1.98   0.047    -5.752498   -.0329569
   _ImonXhou_9_20 |  -2.198809   1.468711    -1.50   0.134     -5.07765    .6800324
   _ImonXhou_9_21 |  -2.506763     1.4483    -1.73   0.084    -5.345596    .3320695
   _ImonXhou_9_22 |  -3.052785   1.374656    -2.22   0.026    -5.747269   -.3583013
   _ImonXhou_9_23 |  -2.930461   1.435138    -2.04   0.041    -5.743497   -.1174259
   _ImonXhou_9_24 |   1.788228   1.361387     1.31   0.189    -.8802461    4.456702
   _ImonXhou_10_2 |  -.3741625   1.407679    -0.27   0.790    -3.133374    2.385049
   _ImonXhou_10_3 |  -.2962298   1.434535    -0.21   0.836    -3.108083    2.515624
   _ImonXhou_10_4 |  -4.564863   1.504739    -3.03   0.002    -7.514325   -1.615402
   _ImonXhou_10_5 |  -6.880956    1.41158    -4.87   0.000    -9.647814   -4.114097
   _ImonXhou_10_6 |  -7.077627    1.43987    -4.92   0.000    -9.899936   -4.255318
   _ImonXhou_10_7 |  -2.393116   1.426063    -1.68   0.093    -5.188362    .4021296
   _ImonXhou_10_8 |  -3.576174   1.441845    -2.48   0.013    -6.402355   -.7499936
   _ImonXhou_10_9 |  -4.803596   1.465529    -3.28   0.001    -7.676199   -1.930992
  _ImonXhou_10_10 |  -5.289259   1.483244    -3.57   0.000    -8.196586   -2.381932
  _ImonXhou_10_11 |  -3.459908   1.510707    -2.29   0.022    -6.421065   -.4987501
  _ImonXhou_10_12 |  -4.602805   1.650308    -2.79   0.005    -7.837598   -1.368013
  _ImonXhou_10_13 |  -3.821428   1.391732    -2.75   0.006    -6.549383   -1.093473
  _ImonXhou_10_14 |  -4.423458   1.366689    -3.24   0.001    -7.102324   -1.744591
  _ImonXhou_10_15 |  -3.074612   1.497888    -2.05   0.040    -6.010644   -.1385807
  _ImonXhou_10_16 |  -3.679778   1.442581    -2.55   0.011    -6.507401   -.8521543
  _ImonXhou_10_17 |  -3.549243   1.439782    -2.47   0.014     -6.37138   -.7271053
  _ImonXhou_10_18 |  -2.844177   1.464898    -1.94   0.052    -5.715545      .02719
  _ImonXhou_10_19 |  -1.988017   1.528944    -1.30   0.194    -4.984921    1.008887
  _ImonXhou_10_20 |  -2.957209   1.446385    -2.04   0.041     -5.79229   -.1221279
  _ImonXhou_10_21 |  -2.510255   1.476379    -1.70   0.089    -5.404127    .3836167
  _ImonXhou_10_22 |  -3.118033   1.307361    -2.38   0.017    -5.680609   -.5554564
  _ImonXhou_10_23 |  -2.358623   1.415631    -1.67   0.096    -5.133421     .416175
  _ImonXhou_10_24 |   .9161054   1.403012     0.65   0.514    -1.833959     3.66617
   _ImonXhou_11_2 |   1.578869   1.089181     1.45   0.147    -.5560498    3.713787
   _ImonXhou_11_3 |    .392574     1.1146     0.35   0.725    -1.792169    2.577317
   _ImonXhou_11_4 |  -1.462622   1.054818    -1.39   0.166    -3.530186    .6049417
   _ImonXhou_11_5 |  -3.712317   .9955305    -3.73   0.000    -5.663671   -1.760964
   _ImonXhou_11_6 |  -4.118893   1.031776    -3.99   0.000    -6.141292   -2.096494
   _ImonXhou_11_7 |  -1.071417   1.054297    -1.02   0.310     -3.13796    .9951253
   _ImonXhou_11_8 |  -1.257646   1.117087    -1.13   0.260    -3.447264    .9319728
   _ImonXhou_11_9 |   -3.15827   1.121353    -2.82   0.005    -5.356251   -.9602892
  _ImonXhou_11_10 |   -3.16422   1.124233    -2.81   0.005    -5.367845   -.9605958
  _ImonXhou_11_11 |  -2.281412   1.120604    -2.04   0.042    -4.477923   -.0849007
  _ImonXhou_11_12 |   -2.93236   1.214179    -2.42   0.016    -5.312289   -.5524305
  _ImonXhou_11_13 |  -1.970763   1.022895    -1.93   0.054    -3.975754    .0342288
  _ImonXhou_11_14 |  -2.234424   1.052005    -2.12   0.034    -4.296474   -.1723746
  _ImonXhou_11_15 |  -.8850926   1.094503    -0.81   0.419    -3.030443    1.260258
  _ImonXhou_11_16 |  -1.904325   1.087209    -1.75   0.080    -4.035379    .2267277
  _ImonXhou_11_17 |  -2.375056    1.07565    -2.21   0.027    -4.483454   -.2666582
  _ImonXhou_11_18 |  -1.247099   1.094774    -1.14   0.255    -3.392981    .8987836
  _ImonXhou_11_19 |  -2.244155   1.066615    -2.10   0.035    -4.334842   -.1534674
  _ImonXhou_11_20 |   -2.06313    .978171    -2.11   0.035    -3.980457   -.1458029
  _ImonXhou_11_21 |  -1.985964   .9749872    -2.04   0.042    -3.897051   -.0748781
  _ImonXhou_11_22 |  -2.088439   .9264787    -2.25   0.024    -3.904443   -.2724349
  _ImonXhou_11_23 |  -1.648331   1.011428    -1.63   0.103    -3.630846    .3341834
  _ImonXhou_11_24 |  -.4328725   1.053185    -0.41   0.681    -2.497235     1.63149
   _ImonXhou_12_2 |   .9376259   1.081606     0.87   0.386    -1.182445    3.057697
   _ImonXhou_12_3 |   1.252157   1.042695     1.20   0.230    -.7916447    3.295959
   _ImonXhou_12_4 |  -.8223192   1.032024    -0.80   0.426    -2.845205    1.200566
   _ImonXhou_12_5 |  -1.364008   .8596827    -1.59   0.113    -3.049084    .3210683
   _ImonXhou_12_6 |  -1.502354   .8932927    -1.68   0.093    -3.253309    .2486023
   _ImonXhou_12_7 |   .0838417   1.003313     0.08   0.933    -1.882766    2.050449
   _ImonXhou_12_8 |   .3895024   1.012719     0.38   0.701    -1.595543    2.374548
   _ImonXhou_12_9 |  -.8013925   1.038448    -0.77   0.440    -2.836869    1.234084
  _ImonXhou_12_10 |  -1.652982   1.028735    -1.61   0.108     -3.66942    .3634561
  _ImonXhou_12_11 |  -1.122023   1.033086    -1.09   0.277     -3.14699    .9029438
  _ImonXhou_12_12 |  -1.905491   1.086046    -1.75   0.079    -4.034264    .2232828
  _ImonXhou_12_13 |  -.4737831   .9353168    -0.51   0.612    -2.307111    1.359545
  _ImonXhou_12_14 |  -.3994154   .9523655    -0.42   0.675    -2.266161     1.46733
  _ImonXhou_12_15 |   -.091946   .9957191    -0.09   0.926    -2.043669    1.859777
  _ImonXhou_12_16 |  -1.149218   .9471684    -1.21   0.225    -3.005777    .7073401
  _ImonXhou_12_17 |  -.9112876   1.002867    -0.91   0.364    -2.877021    1.054446
  _ImonXhou_12_18 |  -.3528933   .9847886    -0.36   0.720    -2.283192    1.577405
  _ImonXhou_12_19 |   -.480261   .9818976    -0.49   0.625    -2.404893    1.444371
  _ImonXhou_12_20 |  -.1267292    .920091    -0.14   0.890    -1.930213    1.676754
  _ImonXhou_12_21 |  -.4058841   .8381909    -0.48   0.628    -2.048834    1.237066
  _ImonXhou_12_22 |  -.8659344   .7868277    -1.10   0.271    -2.408207    .6763379
  _ImonXhou_12_23 |  -.3257071   .8824543    -0.37   0.712    -2.055418    1.404004
  _ImonXhou_12_24 |  -.5611983   .8878589    -0.63   0.527    -2.301503    1.179107
     _ImonXtemp_2 |  -.0224786   .1223262    -0.18   0.854    -.2622519    .2172946
     _ImonXtemp_3 |   .0272902   .0639995     0.43   0.670    -.0981561    .1527365
     _ImonXtemp_4 |   .0107762     .08776     0.12   0.902    -.1612435    .1827958
     _ImonXtemp_5 |  -.3130742   .1030541    -3.04   0.002    -.5150721   -.1110763
     _ImonXtemp_6 |   .2277451   .1799177     1.27   0.206    -.1249141    .5804044
     _ImonXtemp_7 |  -.1755395     .14603    -1.20   0.229    -.4617751    .1106961
     _ImonXtemp_8 |   -.351731   .1433049    -2.45   0.014     -.632625    -.070837
     _ImonXtemp_9 |  -.0899403   .1264329    -0.71   0.477    -.3377632    .1578826
    _ImonXtemp_10 |  -.1347972   .1122771    -1.20   0.230    -.3548732    .0852789
    _ImonXtemp_11 |  -.0620884   .0559884    -1.11   0.267     -.171832    .0476552
    _ImonXtemp_12 |  -.0433483   .0892018    -0.49   0.627    -.2181941    .1314975
     _ImonXtempa2 |  -.1934004   .0969867    -1.99   0.046    -.3835056   -.0032953
     _ImonXtempa3 |  -.1379517   .0645848    -2.14   0.033    -.2645452   -.0113582
     _ImonXtempa4 |  -.0671391   .0675256    -0.99   0.320    -.1994971    .0652188
     _ImonXtempa5 |    .087106   .0871178     1.00   0.317    -.0836548    .2578668
     _ImonXtempa6 |  -.4068744   .0968708    -4.20   0.000    -.5967522   -.2169966
     _ImonXtempa7 |  -.0751273   .0912939    -0.82   0.411    -.2540738    .1038193
     _ImonXtempa8 |  -.0389877   .0734554    -0.53   0.596    -.1829688    .1049934
     _ImonXtempa9 |  -.4069836   .0751639    -5.41   0.000    -.5543135   -.2596536
    _ImonXtempa10 |   -.088142   .0717969    -1.23   0.220    -.2288722    .0525882
    _ImonXtempa11 |  -.0525269   .0749618    -0.70   0.483    -.1994607    .0944069
    _ImonXtempa12 |   .0982697   .0898522     1.09   0.274    -.0778509    .2743902
            coal2 |   13.46968   14.53499     0.93   0.354    -15.02057    41.95993
             gas2 |   .1670928   .0555917     3.01   0.003     .0581268    .2760588
           brent2 |   .6103178   .3264416     1.87   0.062    -.0295451    1.250181
            temp2 |   .0057445    .003843     1.49   0.135    -.0017882    .0132773
           eprice |   .5516523    .054579    10.11   0.000     .4446712    .6586335
            _cons |   23.10482   9.514587     2.43   0.015      4.45514     41.7545
-----------------------------------------------------------------------------------


Instrumental variables (2SLS) regression               Number of obs =   16186
                                                       Wald chi2(411)=54468.31
                                                       Prob > chi2   =  0.0000
                                                       R-squared     =  0.7513
                                                       Root MSE      =  8.7161

-----------------------------------------------------------------------------------
                  |               Robust
         mg_price |      Coef.   Std. Err.      z    P>|z|     [95% Conf. Interval]
------------------+----------------------------------------------------------------
           ecost2 |   .8758093   .1790749     4.89   0.000     .5248289     1.22679
            windx |  -2.193912   .3334436    -6.58   0.000    -2.847449   -1.540375
           windx2 |   .0630023   .0232512     2.71   0.007     .0174308    .1085738
             temp |   .5695083    .191989     2.97   0.003     .1932168    .9457998
            tempx |  -1.044696   .1476808    -7.07   0.000    -1.334145   -.7552472
            humid |   .0945697   .0132978     7.11   0.000     .0685065    .1206329
                  |
      hour#c.coal |
               2  |  -16.15276   9.964239    -1.62   0.105    -35.68231    3.376792
               3  |  -15.96236   9.938767    -1.61   0.108    -35.44198    3.517268
               4  |  -28.70608    10.0145    -2.87   0.004    -48.33414   -9.078028
               5  |  -32.32963   9.662892    -3.35   0.001    -51.26855   -13.39071
               6  |  -37.19902   9.883954    -3.76   0.000    -56.57121   -17.82682
               7  |  -16.54561   9.301783    -1.78   0.075    -34.77677    1.685551
               8  |   -17.6912    10.7765    -1.64   0.101    -38.81276     3.43035
               9  |  -20.61547   12.28776    -1.68   0.093    -44.69903    3.468083
              10  |  -16.44584   12.82328    -1.28   0.200    -41.57901    8.687335
              11  |  -9.532611   12.52665    -0.76   0.447    -34.08439    15.01917
              12  |  -20.52179   13.33194    -1.54   0.124    -46.65192    5.608336
              13  |  -24.05603   13.00058    -1.85   0.064    -49.53669    1.424637
              14  |   -37.7749   12.29203    -3.07   0.002    -61.86683   -13.68296
              15  |  -18.33656   11.15916    -1.64   0.100     -40.2081     3.53499
              16  |  -25.42717   11.52075    -2.21   0.027    -48.00743   -2.846904
              17  |  -9.746849   11.54448    -0.84   0.399    -32.37362    12.87993
              18  |  -15.29456   13.31373    -1.15   0.251    -41.38898    10.79987
              19  |   -3.64924   12.66723    -0.29   0.773    -28.47656    21.17808
              20  |  -4.502691   12.20275    -0.37   0.712    -28.41965    19.41426
              21  |   5.285014   12.22007     0.43   0.665    -18.66588     29.2359
              22  |  -19.06539   13.03898    -1.46   0.144    -44.62131    6.490532
              23  |  -6.667584   11.03272    -0.60   0.546    -28.29131    14.95615
              24  |   12.57877   10.29112     1.22   0.222    -7.591446    32.74899
                  |
       hour#c.gas |
               2  |  -2.739267   2.001713    -1.37   0.171    -6.662552    1.184018
               3  |  -4.820134   1.897543    -2.54   0.011    -8.539251   -1.101017
               4  |  -5.225799   1.926737    -2.71   0.007    -9.002134   -1.449465
               5  |  -5.105327   1.912822    -2.67   0.008     -8.85439   -1.356265
               6  |  -6.572252   1.852595    -3.55   0.000    -10.20327   -2.941231
               7  |  -4.912165   1.815766    -2.71   0.007       -8.471    -1.35333
               8  |  -1.830333   1.872367    -0.98   0.328    -5.500105    1.839439
               9  |  -.2136332   2.304039    -0.09   0.926    -4.729466      4.3022
              10  |   -.531792   2.314165    -0.23   0.818    -5.067473    4.003889
              11  |   .9029372   2.266515     0.40   0.690     -3.53935    5.345224
              12  |    .810264   2.342178     0.35   0.729     -3.78032    5.400848
              13  |   .4891506    2.13676     0.23   0.819    -3.698822    4.677123
              14  |  -.9487545   1.926107    -0.49   0.622    -4.723856    2.826347
              15  |  -1.113013   2.003326    -0.56   0.578    -5.039461    2.813434
              16  |   -1.23927   1.936293    -0.64   0.522    -5.034334    2.555794
              17  |  -1.467691   1.937351    -0.76   0.449    -5.264829    2.329448
              18  |  -1.774231   2.032403    -0.87   0.383    -5.757668    2.209207
              19  |   1.601331   2.342477     0.68   0.494     -2.98984    6.192502
              20  |   3.489997   2.042712     1.71   0.088    -.5136437    7.493638
              21  |   1.873977   1.828908     1.02   0.306    -1.710616     5.45857
              22  |   1.755858   1.969671     0.89   0.373    -2.104626    5.616342
              23  |  -1.283656    2.24898    -0.57   0.568    -5.691576    3.124263
              24  |   .0815278   2.270876     0.04   0.971    -4.369307    4.532363
                  |
     hour#c.brent |
               2  |  -1.722524   1.885754    -0.91   0.361    -5.418534    1.973486
               3  |  -.8515531    1.81276    -0.47   0.639    -4.404498    2.701392
               4  |  -2.936353   1.794189    -1.64   0.102    -6.452899    .5801923
               5  |  -4.562879   1.807545    -2.52   0.012    -8.105602   -1.020156
               6  |  -3.666078   1.710208    -2.14   0.032    -7.018024   -.3141327
               7  |  -2.873936   1.728958    -1.66   0.096    -6.262632    .5147591
               8  |  -2.784632   1.862479    -1.50   0.135    -6.435023    .8657596
               9  |  -1.664658   2.283227    -0.73   0.466    -6.139701    2.810385
              10  |   1.667385   2.348659     0.71   0.478    -2.935903    6.270673
              11  |   3.278892   2.308485     1.42   0.156    -1.245655    7.803438
              12  |   3.576507   2.420396     1.48   0.140    -1.167382    8.320396
              13  |   4.504387   2.214467     2.03   0.042     .1641117    8.844663
              14  |   5.103144   2.046908     2.49   0.013     1.091279    9.115009
              15  |   5.529178   2.082076     2.66   0.008     1.448383    9.609972
              16  |   3.823953   2.003368     1.91   0.056    -.1025758    7.750482
              17  |   3.148485   2.023306     1.56   0.120    -.8171206    7.114091
              18  |   4.281082   2.124783     2.01   0.044     .1165836     8.44558
              19  |   3.076962   2.276583     1.35   0.177    -1.385059    7.538982
              20  |    3.98421   2.169794     1.84   0.066    -.2685073    8.236928
              21  |   5.747122   1.939027     2.96   0.003     1.946699    9.547546
              22  |   6.130168   2.093582     2.93   0.003     2.026823    10.23351
              23  |   5.888041   2.106573     2.80   0.005     1.759233    10.01685
              24  |   2.785725   2.087474     1.33   0.182    -1.305649      6.8771
                  |
             coal |   10.12296   53.35163     0.19   0.850    -94.44431    114.6902
              gas |   11.65662   1.993932     5.85   0.000     7.748587    15.56466
            brent |   6.793667    4.09692     1.66   0.097    -1.236148    14.82348
         _Ihour_2 |   13.47254   8.937892     1.51   0.132    -4.045409    30.99048
         _Ihour_3 |   11.82403   8.934618     1.32   0.186    -5.687496    29.33556
         _Ihour_4 |   22.52349    8.97152     2.51   0.012     4.939639    40.10735
         _Ihour_5 |   26.61303   8.755228     3.04   0.002     9.453101    43.77297
         _Ihour_6 |   30.06722   8.840979     3.40   0.001     12.73922    47.39522
         _Ihour_7 |   14.29077   8.348872     1.71   0.087    -2.072715    30.65426
         _Ihour_8 |   15.46269   9.655271     1.60   0.109     -3.46129    34.38668
         _Ihour_9 |    13.7821    11.1124     1.24   0.215    -7.997803      35.562
        _Ihour_10 |   5.231403   11.77174     0.44   0.657    -17.84078    28.30358
        _Ihour_11 |  -2.332184   11.23785    -0.21   0.836    -24.35797     19.6936
        _Ihour_12 |   5.939115   11.71571     0.51   0.612    -17.02326    28.90149
        _Ihour_13 |   6.792458   11.18103     0.61   0.544    -15.12195    28.70687
        _Ihour_14 |   15.57519   10.57936     1.47   0.141    -5.159975    36.31035
        _Ihour_15 |  -.9568363   10.06384    -0.10   0.924    -20.68161    18.76793
        _Ihour_16 |    7.48909   10.21094     0.73   0.463    -12.52399    27.50217
        _Ihour_17 |  -1.697711   10.26124    -0.17   0.869    -21.80936    18.41394
        _Ihour_18 |   2.308087   11.44204     0.20   0.840     -20.1179    24.73407
        _Ihour_19 |  -2.525288   11.13659    -0.23   0.821     -24.3526    19.30202
        _Ihour_20 |  -.4975277   11.10819    -0.04   0.964    -22.26918    21.27412
        _Ihour_21 |  -9.927856   10.82785    -0.92   0.359    -31.15006    11.29435
        _Ihour_22 |    1.49305   11.30957     0.13   0.895     -20.6733     23.6594
        _Ihour_23 |  -4.117515   9.573211    -0.43   0.667    -22.88066    14.64563
        _Ihour_24 |  -10.77068   9.076727    -1.19   0.235    -28.56074    7.019375
      _Iyear_2005 |   10.65225   1.490816     7.15   0.000     7.730305     13.5742
      _Iyear_2006 |   21.42317   3.215976     6.66   0.000     15.11998    27.72637
      _Iyear_2007 |          0  (omitted)
        _Iweekd_2 |   .4669053   .2543399     1.84   0.066    -.0315917    .9654023
        _Iweekd_3 |   .9984749   .2614772     3.82   0.000      .485989    1.510961
        _Iweekd_4 |   1.125885   .2661707     4.23   0.000     .6041997     1.64757
        _Iweekd_5 |  -.3767779   .2558498    -1.47   0.141    -.8782344    .1246785
        _Iweekd_6 |  -4.481518   .2594103   -17.28   0.000    -4.989953   -3.973084
        _Iweekd_7 |  -9.495201   .3021639   -31.42   0.000    -10.08743   -8.902971
        _Imonth_2 |  -16.99292   3.887449    -4.37   0.000    -24.61218   -9.373656
        _Imonth_3 |  -13.30057   3.700145    -3.59   0.000    -20.55272   -6.048414
        _Imonth_4 |  -14.15765    3.18218    -4.45   0.000    -20.39461   -7.920688
        _Imonth_5 |  -18.32802   3.676886    -4.98   0.000    -25.53459   -11.12146
        _Imonth_6 |   -47.8338   6.535883    -7.32   0.000    -60.64389    -35.0237
        _Imonth_7 |  -22.59408   6.099558    -3.70   0.000    -34.54899   -10.63917
        _Imonth_8 |  -28.94411   6.770021    -4.28   0.000    -42.21311   -15.67511
        _Imonth_9 |  -44.94056   6.570777    -6.84   0.000    -57.81904   -32.06207
       _Imonth_10 |  -25.81266   4.262046    -6.06   0.000    -34.16611    -17.4592
       _Imonth_11 |  -1.266317   3.910201    -0.32   0.746     -8.93017    6.397537
       _Imonth_12 |  -13.90478    4.17154    -3.33   0.001    -22.08084   -5.728708
 _ImonXyea_2_2005 |  -.8997226   .9166368    -0.98   0.326    -2.696298    .8968524
 _ImonXyea_2_2006 |  -.8145652   1.333416    -0.61   0.541    -3.428013    1.798882
 _ImonXyea_2_2007 |          0  (omitted)
 _ImonXyea_3_2005 |   3.659098   1.296051     2.82   0.005     1.118884    6.199312
 _ImonXyea_3_2006 |          0  (omitted)
 _ImonXyea_3_2007 |          0  (omitted)
 _ImonXyea_4_2005 |  -1.230113   1.504946    -0.82   0.414    -4.179753    1.719527
 _ImonXyea_4_2006 |          0  (omitted)
 _ImonXyea_4_2007 |          0  (omitted)
 _ImonXyea_5_2005 |  -6.209108   1.524269    -4.07   0.000    -9.196621   -3.221595
 _ImonXyea_5_2006 |          0  (omitted)
 _ImonXyea_5_2007 |          0  (omitted)
 _ImonXyea_6_2005 |   3.954821   1.958914     2.02   0.043     .1154208    7.794221
 _ImonXyea_6_2006 |          0  (omitted)
 _ImonXyea_6_2007 |          0  (omitted)
 _ImonXyea_7_2005 |   7.290051   2.155208     3.38   0.001     3.065921    11.51418
 _ImonXyea_7_2006 |          0  (omitted)
 _ImonXyea_7_2007 |          0  (omitted)
 _ImonXyea_8_2005 |   5.642452   2.013002     2.80   0.005     1.697039    9.587864
 _ImonXyea_8_2006 |          0  (omitted)
 _ImonXyea_8_2007 |          0  (omitted)
 _ImonXyea_9_2005 |   6.668607   2.158428     3.09   0.002     2.438164    10.89905
 _ImonXyea_9_2006 |          0  (omitted)
 _ImonXyea_9_2007 |          0  (omitted)
_ImonXyea_10_2005 |   .7054744   2.039991     0.35   0.729    -3.292834    4.703783
_ImonXyea_10_2006 |          0  (omitted)
_ImonXyea_10_2007 |          0  (omitted)
_ImonXyea_11_2005 |    4.30235   1.937418     2.22   0.026     .5050799     8.09962
_ImonXyea_11_2006 |          0  (omitted)
_ImonXyea_11_2007 |          0  (omitted)
_ImonXyea_12_2005 |   7.823313   2.114862     3.70   0.000      3.67826    11.96837
_ImonXyea_12_2006 |          0  (omitted)
_ImonXyea_12_2007 |          0  (omitted)
    _ImonXhou_2_2 |     .04507   2.336571     0.02   0.985    -4.534526    4.624666
    _ImonXhou_2_3 |  -.1303628   2.377368    -0.05   0.956    -4.789918    4.529193
    _ImonXhou_2_4 |    2.89266   2.289192     1.26   0.206    -1.594074    7.379395
    _ImonXhou_2_5 |   2.396638   2.160221     1.11   0.267    -1.837317    6.630593
    _ImonXhou_2_6 |   2.254087    2.10331     1.07   0.284    -1.868323    6.376498
    _ImonXhou_2_7 |   2.951927   2.200472     1.34   0.180    -1.360919    7.264773
    _ImonXhou_2_8 |   1.755449   2.476136     0.71   0.478    -3.097689    6.608587
    _ImonXhou_2_9 |   1.176059   3.051651     0.39   0.700    -4.805067    7.157184
   _ImonXhou_2_10 |   3.530506   3.041061     1.16   0.246    -2.429864    9.490876
   _ImonXhou_2_11 |   2.999512   2.893222     1.04   0.300    -2.671099    8.670123
   _ImonXhou_2_12 |   2.325058   2.856821     0.81   0.416     -3.27421    7.924325
   _ImonXhou_2_13 |   2.801613   2.625662     1.07   0.286     -2.34459    7.947817
   _ImonXhou_2_14 |   2.010094   2.403038     0.84   0.403    -2.699774    6.719962
   _ImonXhou_2_15 |  -.4457173   2.358186    -0.19   0.850    -5.067677    4.176242
   _ImonXhou_2_16 |  -.3671953   2.436041    -0.15   0.880    -5.141747    4.407357
   _ImonXhou_2_17 |   -1.25632   2.446146    -0.51   0.608    -6.050678    3.538037
   _ImonXhou_2_18 |  -2.733579   2.480052    -1.10   0.270    -7.594391    2.127234
   _ImonXhou_2_19 |  -5.852827   2.446726    -2.39   0.017    -10.64832   -1.057333
   _ImonXhou_2_20 |  -2.687446   2.496577    -1.08   0.282    -7.580647    2.205755
   _ImonXhou_2_21 |   -.086005   2.560315    -0.03   0.973     -5.10413     4.93212
   _ImonXhou_2_22 |   2.744222   2.570647     1.07   0.286    -2.294154    7.782597
   _ImonXhou_2_23 |  -1.715612   2.323223    -0.74   0.460    -6.269045    2.837821
   _ImonXhou_2_24 |  -2.547348   2.341556    -1.09   0.277    -7.136714    2.042017
    _ImonXhou_3_2 |   3.306703   2.739498     1.21   0.227    -2.062614    8.676021
    _ImonXhou_3_3 |   2.507172   2.588389     0.97   0.333    -2.565978    7.580321
    _ImonXhou_3_4 |   4.773902   2.607939     1.83   0.067    -.3375647    9.885369
    _ImonXhou_3_5 |   6.159276   2.582749     2.38   0.017     1.097181    11.22137
    _ImonXhou_3_6 |   5.827839   2.535499     2.30   0.022     .8583522    10.79733
    _ImonXhou_3_7 |   5.919154   2.486929     2.38   0.017     1.044863    10.79345
    _ImonXhou_3_8 |   3.147943   2.701337     1.17   0.244     -2.14658    8.442466
    _ImonXhou_3_9 |   6.400467   3.278629     1.95   0.051    -.0255276    12.82646
   _ImonXhou_3_10 |    10.2191   3.312008     3.09   0.002     3.727686    16.71052
   _ImonXhou_3_11 |   6.476437   3.243044     2.00   0.046     .1201878    12.83269
   _ImonXhou_3_12 |   7.068058   3.306642     2.14   0.033     .5871601    13.54896
   _ImonXhou_3_13 |   6.447062   3.103416     2.08   0.038     .3644792    12.52965
   _ImonXhou_3_14 |   5.898261   2.868012     2.06   0.040     .2770613    11.51946
   _ImonXhou_3_15 |   4.921562   2.732456     1.80   0.072    -.4339541    10.27708
   _ImonXhou_3_16 |   4.374179   2.796138     1.56   0.118    -1.106151    9.854508
   _ImonXhou_3_17 |   5.128928   2.755206     1.86   0.063    -.2711759    10.52903
   _ImonXhou_3_18 |   2.637975    2.82149     0.93   0.350    -2.892043    8.167992
   _ImonXhou_3_19 |  -2.466749   2.807399    -0.88   0.380     -7.96915    3.035651
   _ImonXhou_3_20 |  -2.277561   3.072072    -0.74   0.458    -8.298712    3.743589
   _ImonXhou_3_21 |   1.669743   3.022243     0.55   0.581    -4.253744    7.593229
   _ImonXhou_3_22 |   7.303296   2.968835     2.46   0.014     1.484486    13.12211
   _ImonXhou_3_23 |   3.052195   2.875681     1.06   0.289    -2.584037    8.688427
   _ImonXhou_3_24 |  -.4212832   2.873831    -0.15   0.883    -6.053889    5.211323
    _ImonXhou_4_2 |   2.133733   2.192253     0.97   0.330    -2.163003    6.430469
    _ImonXhou_4_3 |   2.177073   2.178515     1.00   0.318    -2.092738    6.446884
    _ImonXhou_4_4 |   5.575151   2.062811     2.70   0.007     1.532116    9.618186
    _ImonXhou_4_5 |   6.632777   2.007977     3.30   0.001     2.697214    10.56834
    _ImonXhou_4_6 |   7.030104   2.003385     3.51   0.000     3.103543    10.95667
    _ImonXhou_4_7 |   6.254907   2.023689     3.09   0.002      2.28855    10.22126
    _ImonXhou_4_8 |   4.826219   2.263068     2.13   0.033     .3906874    9.261751
    _ImonXhou_4_9 |   4.084185   2.736024     1.49   0.136    -1.278324    9.446694
   _ImonXhou_4_10 |   4.587861   2.749654     1.67   0.095    -.8013632    9.977084
   _ImonXhou_4_11 |   2.555967   2.678861     0.95   0.340    -2.694504    7.806439
   _ImonXhou_4_12 |   2.182697   2.655945     0.82   0.411     -3.02286    7.388254
   _ImonXhou_4_13 |   3.087392   2.432184     1.27   0.204    -1.679601    7.854384
   _ImonXhou_4_14 |   2.503318   2.237034     1.12   0.263    -1.881189    6.887825
   _ImonXhou_4_15 |   2.307085   2.189932     1.05   0.292    -1.985103    6.599274
   _ImonXhou_4_16 |   3.187305   2.270972     1.40   0.160    -1.263717    7.638328
   _ImonXhou_4_17 |   2.504177   2.218935     1.13   0.259    -1.844855     6.85321
   _ImonXhou_4_18 |   .8878305    2.32673     0.38   0.703    -3.672476    5.448137
   _ImonXhou_4_19 |  -4.832952   2.336754    -2.07   0.039    -9.412905   -.2529993
   _ImonXhou_4_20 |  -12.87273    2.39885    -5.37   0.000    -17.57439   -8.171068
   _ImonXhou_4_21 |  -10.23776   2.377438    -4.31   0.000    -14.89745   -5.578065
   _ImonXhou_4_22 |   3.013428   2.429533     1.24   0.215     -1.74837    7.775226
   _ImonXhou_4_23 |  -1.088241   2.272333    -0.48   0.632    -5.541933     3.36545
   _ImonXhou_4_24 |  -6.939999   2.306081    -3.01   0.003    -11.45983   -2.420163
    _ImonXhou_5_2 |    2.96089   2.310855     1.28   0.200    -1.568303    7.490083
    _ImonXhou_5_3 |   4.313847    2.29329     1.88   0.060    -.1809186    8.808612
    _ImonXhou_5_4 |   7.360737   2.219009     3.32   0.001      3.01156    11.70991
    _ImonXhou_5_5 |   9.217408   2.170503     4.25   0.000     4.963299    13.47152
    _ImonXhou_5_6 |   9.461019   2.138145     4.42   0.000     5.270332    13.65171
    _ImonXhou_5_7 |   7.365618    2.14265     3.44   0.001     3.166102    11.56513
    _ImonXhou_5_8 |   4.973463   2.361616     2.11   0.035     .3447806    9.602145
    _ImonXhou_5_9 |   5.857206   2.923381     2.00   0.045     .1274844    11.58693
   _ImonXhou_5_10 |   4.695398   2.873415     1.63   0.102    -.9363923    10.32719
   _ImonXhou_5_11 |   2.168503   2.814598     0.77   0.441    -3.348008    7.685014
   _ImonXhou_5_12 |   1.994557   2.884559     0.69   0.489    -3.659074    7.648188
   _ImonXhou_5_13 |   2.547823   2.595647     0.98   0.326    -2.539552    7.635197
   _ImonXhou_5_14 |   2.770657   2.420226     1.14   0.252    -1.972899    7.514213
   _ImonXhou_5_15 |    3.10889   2.482029     1.25   0.210    -1.755798    7.973578
   _ImonXhou_5_16 |   4.314321   2.469958     1.75   0.081    -.5267082     9.15535
   _ImonXhou_5_17 |   4.244423   2.433328     1.74   0.081    -.5248118    9.013658
   _ImonXhou_5_18 |   2.133982    2.50604     0.85   0.394    -2.777766    7.045729
   _ImonXhou_5_19 |  -2.676723   2.485682    -1.08   0.282    -7.548571    2.195124
   _ImonXhou_5_20 |  -11.21537   2.518623    -4.45   0.000    -16.15178   -6.278959
   _ImonXhou_5_21 |   -12.3015   2.459584    -5.00   0.000    -17.12219     -7.4808
   _ImonXhou_5_22 |  -.5462759   2.441212    -0.22   0.823    -5.330964    4.238412
   _ImonXhou_5_23 |   -.026943   2.488432    -0.01   0.991    -4.904179    4.850293
   _ImonXhou_5_24 |  -5.856139   2.423732    -2.42   0.016    -10.60657   -1.105712
    _ImonXhou_6_2 |   2.928242   2.585283     1.13   0.257     -2.13882    7.995304
    _ImonXhou_6_3 |   4.073526   2.571107     1.58   0.113    -.9657518    9.112804
    _ImonXhou_6_4 |   8.261317   2.509591     3.29   0.001     3.342609    13.18002
    _ImonXhou_6_5 |   10.30793   2.478745     4.16   0.000     5.449682    15.16619
    _ImonXhou_6_6 |   11.19914   2.444009     4.58   0.000     6.408975    15.98931
    _ImonXhou_6_7 |   8.628854   2.418281     3.57   0.000     3.889111     13.3686
    _ImonXhou_6_8 |   5.460722   2.631801     2.07   0.038     .3024862    10.61896
    _ImonXhou_6_9 |   11.06945    3.37043     3.28   0.001      4.46353    17.67537
   _ImonXhou_6_10 |   13.77563   3.316115     4.15   0.000     7.276167     20.2751
   _ImonXhou_6_11 |   12.58542   3.298504     3.82   0.000     6.120473    19.05037
   _ImonXhou_6_12 |   14.40838   3.461828     4.16   0.000     7.623322    21.19344
   _ImonXhou_6_13 |   15.21188    3.21076     4.74   0.000     8.918904    21.50485
   _ImonXhou_6_14 |   18.72255   3.097863     6.04   0.000     12.65085    24.79425
   _ImonXhou_6_15 |    16.3017   3.140071     5.19   0.000     10.14727    22.45613
   _ImonXhou_6_16 |   16.06386   3.101346     5.18   0.000     9.985337    22.14239
   _ImonXhou_6_17 |   16.52386   3.116554     5.30   0.000     10.41553     22.6322
   _ImonXhou_6_18 |   16.38231   3.404555     4.81   0.000     9.709501    23.05511
   _ImonXhou_6_19 |   8.115217   3.053268     2.66   0.008     2.130922    14.09951
   _ImonXhou_6_20 |    .166499   2.976285     0.06   0.955    -5.666913    5.999911
   _ImonXhou_6_21 |  -4.973152   2.775698    -1.79   0.073    -10.41342    .4671167
   _ImonXhou_6_22 |   2.969707    2.78741     1.07   0.287    -2.493516    8.432929
   _ImonXhou_6_23 |   7.664415   2.759991     2.78   0.005     2.254932     13.0739
   _ImonXhou_6_24 |  -1.519243   2.766048    -0.55   0.583    -6.940597    3.902111
    _ImonXhou_7_2 |   4.876252   2.856975     1.71   0.088    -.7233168    10.47582
    _ImonXhou_7_3 |   5.018399   2.787874     1.80   0.072    -.4457343    10.48253
    _ImonXhou_7_4 |   10.46049   2.753792     3.80   0.000     5.063153    15.85782
    _ImonXhou_7_5 |   12.77979   2.760821     4.63   0.000     7.368675     18.1909
    _ImonXhou_7_6 |    13.6412    2.71013     5.03   0.000     8.329445    18.95296
    _ImonXhou_7_7 |    9.99201   2.664951     3.75   0.000     4.768801    15.21522
    _ImonXhou_7_8 |    6.48661   2.895966     2.24   0.025     .8106213     12.1626
    _ImonXhou_7_9 |   8.144959   3.590397     2.27   0.023      1.10791    15.18201
   _ImonXhou_7_10 |   10.45131   3.580836     2.92   0.004     3.433002    17.46962
   _ImonXhou_7_11 |   10.64671   3.586821     2.97   0.003      3.61667    17.67675
   _ImonXhou_7_12 |   11.55481   3.750548     3.08   0.002      4.20387    18.90575
   _ImonXhou_7_13 |   14.53163   3.482402     4.17   0.000     7.706247    21.35701
   _ImonXhou_7_14 |   15.14695   3.243539     4.67   0.000     8.789729    21.50417
   _ImonXhou_7_15 |   13.72478   3.122093     4.40   0.000     7.605586    19.84396
   _ImonXhou_7_16 |   16.55043   3.133279     5.28   0.000     10.40931    22.69154
   _ImonXhou_7_17 |   11.94482   3.197593     3.74   0.000     5.677649    18.21198
   _ImonXhou_7_18 |   12.37377   3.339522     3.71   0.000     5.828426    18.91911
   _ImonXhou_7_19 |   6.673254   3.370333     1.98   0.048     .0675232    13.27898
   _ImonXhou_7_20 |  -3.428436   3.219346    -1.06   0.287    -9.738237    2.881366
   _ImonXhou_7_21 |  -6.716469   3.047573    -2.20   0.028     -12.6896   -.7433364
   _ImonXhou_7_22 |  -.2920805   3.079569    -0.09   0.924    -6.327925    5.743764
   _ImonXhou_7_23 |    6.64075   3.064456     2.17   0.030     .6345265    12.64697
   _ImonXhou_7_24 |   -3.72533   3.061595    -1.22   0.224    -9.725946    2.275286
    _ImonXhou_8_2 |   6.605102    3.34557     1.97   0.048     .0479059     13.1623
    _ImonXhou_8_3 |   7.149212   3.326473     2.15   0.032      .629444    13.66898
    _ImonXhou_8_4 |   13.44323   3.409888     3.94   0.000     6.759976    20.12649
    _ImonXhou_8_5 |   15.65181   3.388874     4.62   0.000     9.009738    22.29388
    _ImonXhou_8_6 |   15.94605   3.295194     4.84   0.000     9.487593    22.40452
    _ImonXhou_8_7 |   11.35771    3.14643     3.61   0.000     5.190823     17.5246
    _ImonXhou_8_8 |   6.653932   3.486307     1.91   0.056    -.1791036    13.48697
    _ImonXhou_8_9 |   4.837934   4.298808     1.13   0.260    -3.587574    13.26344
   _ImonXhou_8_10 |    6.67622   4.357723     1.53   0.126     -1.86476     15.2172
   _ImonXhou_8_11 |   4.355137   4.204512     1.04   0.300    -3.885555    12.59583
   _ImonXhou_8_12 |   7.606902   4.575375     1.66   0.096    -1.360668    16.57447
   _ImonXhou_8_13 |     9.3228    4.32764     2.15   0.031      .840781    17.80482
   _ImonXhou_8_14 |   15.68872   4.134015     3.80   0.000     7.586202    23.79124
   _ImonXhou_8_15 |   8.793201   3.671069     2.40   0.017     1.598039    15.98836
   _ImonXhou_8_16 |   9.914699   3.760916     2.64   0.008     2.543439    17.28596
   _ImonXhou_8_17 |   7.200749   3.635466     1.98   0.048      .075366    14.32613
   _ImonXhou_8_18 |   7.707132   4.092616     1.88   0.060     -.314248    15.72851
   _ImonXhou_8_19 |  -.2030953   4.130096    -0.05   0.961    -8.297936    7.891745
   _ImonXhou_8_20 |  -9.028208   3.948692    -2.29   0.022     -16.7675   -1.288913
   _ImonXhou_8_21 |  -12.45755   3.703695    -3.36   0.001    -19.71665   -5.198438
   _ImonXhou_8_22 |   1.985396   4.073909     0.49   0.626    -5.999318     9.97011
   _ImonXhou_8_23 |   2.864367   3.683673     0.78   0.437      -4.3555    10.08423
   _ImonXhou_8_24 |  -7.490106   3.621439    -2.07   0.039      -14.588   -.3922149
    _ImonXhou_9_2 |   5.906477   3.293805     1.79   0.073    -.5492627    12.36222
    _ImonXhou_9_3 |   5.460583   3.236204     1.69   0.092    -.8822602    11.80343
    _ImonXhou_9_4 |   12.07494   3.255489     3.71   0.000       5.6943    18.45558
    _ImonXhou_9_5 |   14.07246   3.209176     4.39   0.000     7.782593    20.36233
    _ImonXhou_9_6 |   15.24403   3.209132     4.75   0.000     8.954242    21.53381
    _ImonXhou_9_7 |   11.42786   3.051116     3.75   0.000     5.447785    17.40794
    _ImonXhou_9_8 |   13.44684   3.405865     3.95   0.000     6.771464    20.12221
    _ImonXhou_9_9 |    12.9409    4.21216     3.07   0.002     4.685222    21.19659
   _ImonXhou_9_10 |   13.41709   4.183245     3.21   0.001     5.218084     21.6161
   _ImonXhou_9_11 |    11.6738   4.088403     2.86   0.004     3.660683    19.68693
   _ImonXhou_9_12 |   14.07657   4.496381     3.13   0.002     5.263826    22.88932
   _ImonXhou_9_13 |   16.98802   4.085281     4.16   0.000     8.981018    24.99502
   _ImonXhou_9_14 |   16.25894   3.754782     4.33   0.000     8.899704    23.61818
   _ImonXhou_9_15 |   11.80679   3.540948     3.33   0.001     4.866663    18.74692
   _ImonXhou_9_16 |   15.35384    3.66617     4.19   0.000     8.168278     22.5394
   _ImonXhou_9_17 |   14.42394   3.744099     3.85   0.000     7.085637    21.76224
   _ImonXhou_9_18 |   14.09946   4.103469     3.44   0.001     6.056805    22.14211
   _ImonXhou_9_19 |   7.123729   3.809004     1.87   0.061    -.3417827    14.58924
   _ImonXhou_9_20 |  -1.950119   3.740615    -0.52   0.602    -9.281588    5.381351
   _ImonXhou_9_21 |   1.695184   3.705569     0.46   0.647    -5.567597    8.957965
   _ImonXhou_9_22 |   18.20393   3.843579     4.74   0.000     10.67066    25.73721
   _ImonXhou_9_23 |   5.245196   3.623342     1.45   0.148    -1.856423    12.34682
   _ImonXhou_9_24 |  -8.431967   3.476131    -2.43   0.015    -15.24506   -1.618876
   _ImonXhou_10_2 |   6.593101   3.259992     2.02   0.043     .2036329    12.98257
   _ImonXhou_10_3 |   5.896434   3.154999     1.87   0.062    -.2872502    12.08012
   _ImonXhou_10_4 |   12.07745   3.240877     3.73   0.000      5.72545    18.42945
   _ImonXhou_10_5 |   14.98655   3.259074     4.60   0.000     8.598883    21.37422
   _ImonXhou_10_6 |   15.46892   3.216113     4.81   0.000     9.165456    21.77239
   _ImonXhou_10_7 |   12.64291   3.039292     4.16   0.000     6.686008    18.59982
   _ImonXhou_10_8 |   16.52453   3.497762     4.72   0.000     9.669039    23.38001
   _ImonXhou_10_9 |   16.62094   4.273811     3.89   0.000     8.244421    24.99745
  _ImonXhou_10_10 |   12.26244   4.170106     2.94   0.003     4.089178    20.43569
  _ImonXhou_10_11 |   9.424058   4.080328     2.31   0.021     1.426763    17.42135
  _ImonXhou_10_12 |   10.12677   4.247811     2.38   0.017     1.801211    18.45232
  _ImonXhou_10_13 |   10.62765   3.791575     2.80   0.005     3.196298      18.059
  _ImonXhou_10_14 |   10.93951   3.466382     3.16   0.002     4.145531     17.7335
  _ImonXhou_10_15 |   7.476728   3.493711     2.14   0.032     .6291811    14.32428
  _ImonXhou_10_16 |   8.613324   3.518395     2.45   0.014     1.717397    15.50925
  _ImonXhou_10_17 |   9.348332   3.493774     2.68   0.007      2.50066      16.196
  _ImonXhou_10_18 |   8.102831   3.597289     2.25   0.024     1.052275    15.15339
  _ImonXhou_10_19 |   1.369824   3.622411     0.38   0.705    -5.729972     8.46962
  _ImonXhou_10_20 |   .1061192   3.778177     0.03   0.978    -7.298971    7.511209
  _ImonXhou_10_21 |   7.303254   3.867891     1.89   0.059    -.2776722    14.88418
  _ImonXhou_10_22 |     9.7398   3.533646     2.76   0.006     2.813981    16.66562
  _ImonXhou_10_23 |   2.139518   3.566276     0.60   0.549    -4.850254    9.129291
  _ImonXhou_10_24 |  -6.663329   3.542293    -1.88   0.060     -13.6061    .2794364
   _ImonXhou_11_2 |   .8518042   2.654888     0.32   0.748     -4.35168    6.055288
   _ImonXhou_11_3 |   .7691872   2.600728     0.30   0.767    -4.328146     5.86652
   _ImonXhou_11_4 |    3.98423   2.509176     1.59   0.112    -.9336647    8.902125
   _ImonXhou_11_5 |   5.975951   2.477873     2.41   0.016     1.119409    10.83249
   _ImonXhou_11_6 |   6.822517   2.480693     2.75   0.006     1.960449    11.68458
   _ImonXhou_11_7 |   5.181105   2.431197     2.13   0.033     .4160465    9.946164
   _ImonXhou_11_8 |   5.764279    2.75793     2.09   0.037     .3588361    11.16972
   _ImonXhou_11_9 |   6.721205    3.37614     1.99   0.047     .1040932    13.33832
  _ImonXhou_11_10 |   7.249472   3.374842     2.15   0.032     .6349027    13.86404
  _ImonXhou_11_11 |   5.712689   3.298565     1.73   0.083    -.7523797    12.17776
  _ImonXhou_11_12 |    5.18052   3.423872     1.51   0.130    -1.530146    11.89119
  _ImonXhou_11_13 |   3.922625    2.99622     1.31   0.190    -1.949857    9.795108
  _ImonXhou_11_14 |   4.375261   2.748665     1.59   0.111    -1.012024    9.762547
  _ImonXhou_11_15 |   1.224474   2.682184     0.46   0.648     -4.03251    6.481458
  _ImonXhou_11_16 |   3.056226   2.790038     1.10   0.273    -2.412148    8.524599
  _ImonXhou_11_17 |   3.871091   2.798492     1.38   0.167    -1.613853    9.356034
  _ImonXhou_11_18 |   3.480391   2.804827     1.24   0.215    -2.016969    8.977751
  _ImonXhou_11_19 |   7.315958   3.057329     2.39   0.017     1.323703    13.30821
  _ImonXhou_11_20 |   3.901075   3.001376     1.30   0.194    -1.981514    9.783665
  _ImonXhou_11_21 |   .1015271   2.971751     0.03   0.973    -5.722997    5.926051
  _ImonXhou_11_22 |   2.338618    2.83815     0.82   0.410    -3.224054    7.901289
  _ImonXhou_11_23 |  -1.147593   2.702108    -0.42   0.671    -6.443627    4.148441
  _ImonXhou_11_24 |  -2.815325    2.75321    -1.02   0.307    -8.211517    2.580866
   _ImonXhou_12_2 |  -2.730045   2.578149    -1.06   0.290    -7.783124    2.323034
   _ImonXhou_12_3 |  -6.236411   2.399467    -2.60   0.009    -10.93928   -1.533542
   _ImonXhou_12_4 |  -4.135243   2.241463    -1.84   0.065    -8.528429    .2579436
   _ImonXhou_12_5 |  -3.831218   2.145291    -1.79   0.074     -8.03591    .3734743
   _ImonXhou_12_6 |  -4.082434   2.128658    -1.92   0.055    -8.254527    .0896588
   _ImonXhou_12_7 |  -4.898965   2.314113    -2.12   0.034    -9.434543   -.3633863
   _ImonXhou_12_8 |  -4.493663   2.802973    -1.60   0.109     -9.98739    1.000063
   _ImonXhou_12_9 |  -4.484231   3.414925    -1.31   0.189    -11.17736    2.208899
  _ImonXhou_12_10 |  -3.186076   3.412564    -0.93   0.350    -9.874578    3.502427
  _ImonXhou_12_11 |   -.132646   3.216827    -0.04   0.967    -6.437511    6.172219
  _ImonXhou_12_12 |   .9488451   3.184217     0.30   0.766    -5.292106    7.189797
  _ImonXhou_12_13 |  -1.707912   2.736314    -0.62   0.533    -7.070988    3.655164
  _ImonXhou_12_14 |  -1.970217   2.664346    -0.74   0.460    -7.192238    3.251804
  _ImonXhou_12_15 |  -4.235002   2.431089    -1.74   0.082    -8.999849    .5298439
  _ImonXhou_12_16 |    -3.5695   2.581132    -1.38   0.167    -8.628425    1.489426
  _ImonXhou_12_17 |  -3.876803   2.602437    -1.49   0.136    -8.977487     1.22388
  _ImonXhou_12_18 |  -.0649211   2.797336    -0.02   0.981      -5.5476    5.417758
  _ImonXhou_12_19 |    2.64074   2.693572     0.98   0.327    -2.638564    7.920043
  _ImonXhou_12_20 |  -4.137602   2.688304    -1.54   0.124     -9.40658    1.131377
  _ImonXhou_12_21 |   -5.35459   2.799408    -1.91   0.056    -10.84133    .1321497
  _ImonXhou_12_22 |  -1.663997   2.712712    -0.61   0.540    -6.980814     3.65282
  _ImonXhou_12_23 |  -5.097455   2.616379    -1.95   0.051    -10.22546    .0305535
  _ImonXhou_12_24 |  -3.999276   2.540843    -1.57   0.115    -8.979237    .9806849
     _ImonXtemp_2 |  -2.672354   .2568905   -10.40   0.000     -3.17585   -2.168858
     _ImonXtemp_3 |  -3.152002   .2557182   -12.33   0.000    -3.653201   -2.650804
     _ImonXtemp_4 |  -1.068658   .2021595    -5.29   0.000    -1.464883   -.6724324
     _ImonXtemp_5 |  -2.314785   .2602056    -8.90   0.000    -2.824778   -1.804791
     _ImonXtemp_6 |   1.645855   .4311208     3.82   0.000      .800874    2.490836
     _ImonXtemp_7 |   .3741875    .354481     1.06   0.291    -.3205824    1.068957
     _ImonXtemp_8 |  -.2262518   .3466166    -0.65   0.514    -.9056079    .4531043
     _ImonXtemp_9 |  -.6726222   .2915963    -2.31   0.021    -1.244141   -.1011039
    _ImonXtemp_10 |  -.9826358   .2463613    -3.99   0.000    -1.465495   -.4997765
    _ImonXtemp_11 |  -1.883983   .1534645   -12.28   0.000    -2.184768   -1.583199
    _ImonXtemp_12 |  -.7234591   .2504867    -2.89   0.004    -1.214404   -.2325143
     _ImonXtempa2 |   1.908407   .2361941     8.08   0.000     1.445475    2.371339
     _ImonXtempa3 |   2.085816    .231873     9.00   0.000     1.631354    2.540279
     _ImonXtempa4 |    1.15281   .1752789     6.58   0.000     .8092696     1.49635
     _ImonXtempa5 |   2.067892   .2047175    10.10   0.000     1.666653    2.469131
     _ImonXtempa6 |   .2228458    .257407     0.87   0.387    -.2816627    .7273542
     _ImonXtempa7 |   .2832832    .209672     1.35   0.177    -.1276663    .6942327
     _ImonXtempa8 |   .7845309    .179662     4.37   0.000     .4323999    1.136662
     _ImonXtempa9 |   1.646956     .20296     8.11   0.000     1.249162    2.044751
    _ImonXtempa10 |   1.322388   .1740119     7.60   0.000     .9813304    1.663445
    _ImonXtempa11 |   .7853326   .1864817     4.21   0.000     .4198352     1.15083
    _ImonXtempa12 |   1.571463   .2664251     5.90   0.000      1.04928    2.093647
            coal2 |   32.81825   33.52993     0.98   0.328     -32.8992    98.53569
             gas2 |  -.9434419   .1912592    -4.93   0.000    -1.318303   -.5685807
           brent2 |  -1.687483   .7060886    -2.39   0.017    -3.071391   -.3035749
            temp2 |   .0141814   .0093956     1.51   0.131    -.0042337    .0325965
            _cons |   2.428636   22.65439     0.11   0.915    -41.97316    46.83043
-----------------------------------------------------------------------------------
Instrumented:  ecost2
Instruments:   windx windx2 temp tempx humid 2.hour#c.coal 3.hour#c.coal
               4.hour#c.coal 5.hour#c.coal 6.hour#c.coal 7.hour#c.coal
               8.hour#c.coal 9.hour#c.coal 10.hour#c.coal 11.hour#c.coal
               12.hour#c.coal 13.hour#c.coal 14.hour#c.coal 15.hour#c.coal
               16.hour#c.coal 17.hour#c.coal 18.hour#c.coal 19.hour#c.coal
               20.hour#c.coal 21.hour#c.coal 22.hour#c.coal 23.hour#c.coal
               24.hour#c.coal 2.hour#c.gas 3.hour#c.gas 4.hour#c.gas 5.hour#c.gas
               6.hour#c.gas 7.hour#c.gas 8.hour#c.gas 9.hour#c.gas 10.hour#c.gas
               11.hour#c.gas 12.hour#c.gas 13.hour#c.gas 14.hour#c.gas
               15.hour#c.gas 16.hour#c.gas 17.hour#c.gas 18.hour#c.gas
               19.hour#c.gas 20.hour#c.gas 21.hour#c.gas 22.hour#c.gas
               23.hour#c.gas 24.hour#c.gas 2.hour#c.brent 3.hour#c.brent
               4.hour#c.brent 5.hour#c.brent 6.hour#c.brent 7.hour#c.brent
               8.hour#c.brent 9.hour#c.brent 10.hour#c.brent 11.hour#c.brent
               12.hour#c.brent 13.hour#c.brent 14.hour#c.brent 15.hour#c.brent
               16.hour#c.brent 17.hour#c.brent 18.hour#c.brent 19.hour#c.brent
               20.hour#c.brent 21.hour#c.brent 22.hour#c.brent 23.hour#c.brent
               24.hour#c.brent coal gas brent _Ihour_2 _Ihour_3 _Ihour_4 _Ihour_5
               _Ihour_6 _Ihour_7 _Ihour_8 _Ihour_9 _Ihour_10 _Ihour_11 _Ihour_12
               _Ihour_13 _Ihour_14 _Ihour_15 _Ihour_16 _Ihour_17 _Ihour_18
               _Ihour_19 _Ihour_20 _Ihour_21 _Ihour_22 _Ihour_23 _Ihour_24
               _Iyear_2005 _Iyear_2006 _Iweekd_2 _Iweekd_3 _Iweekd_4 _Iweekd_5
               _Iweekd_6 _Iweekd_7 _Imonth_2 _Imonth_3 _Imonth_4 _Imonth_5
               _Imonth_6 _Imonth_7 _Imonth_8 _Imonth_9 _Imonth_10 _Imonth_11
               _Imonth_12 _ImonXyea_2_2005 _ImonXyea_2_2006 _ImonXyea_3_2005
               _ImonXyea_4_2005 _ImonXyea_5_2005 _ImonXyea_6_2005
               _ImonXyea_7_2005 _ImonXyea_8_2005 _ImonXyea_9_2005
               _ImonXyea_10_2005 _ImonXyea_11_2005 _ImonXyea_12_2005
               _ImonXhou_2_2 _ImonXhou_2_3 _ImonXhou_2_4 _ImonXhou_2_5
               _ImonXhou_2_6 _ImonXhou_2_7 _ImonXhou_2_8 _ImonXhou_2_9
               _ImonXhou_2_10 _ImonXhou_2_11 _ImonXhou_2_12 _ImonXhou_2_13
               _ImonXhou_2_14 _ImonXhou_2_15 _ImonXhou_2_16 _ImonXhou_2_17
               _ImonXhou_2_18 _ImonXhou_2_19 _ImonXhou_2_20 _ImonXhou_2_21
               _ImonXhou_2_22 _ImonXhou_2_23 _ImonXhou_2_24 _ImonXhou_3_2
               _ImonXhou_3_3 _ImonXhou_3_4 _ImonXhou_3_5 _ImonXhou_3_6
               _ImonXhou_3_7 _ImonXhou_3_8 _ImonXhou_3_9 _ImonXhou_3_10
               _ImonXhou_3_11 _ImonXhou_3_12 _ImonXhou_3_13 _ImonXhou_3_14
               _ImonXhou_3_15 _ImonXhou_3_16 _ImonXhou_3_17 _ImonXhou_3_18
               _ImonXhou_3_19 _ImonXhou_3_20 _ImonXhou_3_21 _ImonXhou_3_22
               _ImonXhou_3_23 _ImonXhou_3_24 _ImonXhou_4_2 _ImonXhou_4_3
               _ImonXhou_4_4 _ImonXhou_4_5 _ImonXhou_4_6 _ImonXhou_4_7
               _ImonXhou_4_8 _ImonXhou_4_9 _ImonXhou_4_10 _ImonXhou_4_11
               _ImonXhou_4_12 _ImonXhou_4_13 _ImonXhou_4_14 _ImonXhou_4_15
               _ImonXhou_4_16 _ImonXhou_4_17 _ImonXhou_4_18 _ImonXhou_4_19
               _ImonXhou_4_20 _ImonXhou_4_21 _ImonXhou_4_22 _ImonXhou_4_23
               _ImonXhou_4_24 _ImonXhou_5_2 _ImonXhou_5_3 _ImonXhou_5_4
               _ImonXhou_5_5 _ImonXhou_5_6 _ImonXhou_5_7 _ImonXhou_5_8
               _ImonXhou_5_9 _ImonXhou_5_10 _ImonXhou_5_11 _ImonXhou_5_12
               _ImonXhou_5_13 _ImonXhou_5_14 _ImonXhou_5_15 _ImonXhou_5_16
               _ImonXhou_5_17 _ImonXhou_5_18 _ImonXhou_5_19 _ImonXhou_5_20
               _ImonXhou_5_21 _ImonXhou_5_22 _ImonXhou_5_23 _ImonXhou_5_24
               _ImonXhou_6_2 _ImonXhou_6_3 _ImonXhou_6_4 _ImonXhou_6_5
               _ImonXhou_6_6 _ImonXhou_6_7 _ImonXhou_6_8 _ImonXhou_6_9
               _ImonXhou_6_10 _ImonXhou_6_11 _ImonXhou_6_12 _ImonXhou_6_13
               _ImonXhou_6_14 _ImonXhou_6_15 _ImonXhou_6_16 _ImonXhou_6_17
               _ImonXhou_6_18 _ImonXhou_6_19 _ImonXhou_6_20 _ImonXhou_6_21
               _ImonXhou_6_22 _ImonXhou_6_23 _ImonXhou_6_24 _ImonXhou_7_2
               _ImonXhou_7_3 _ImonXhou_7_4 _ImonXhou_7_5 _ImonXhou_7_6
               _ImonXhou_7_7 _ImonXhou_7_8 _ImonXhou_7_9 _ImonXhou_7_10
               _ImonXhou_7_11 _ImonXhou_7_12 _ImonXhou_7_13 _ImonXhou_7_14
               _ImonXhou_7_15 _ImonXhou_7_16 _ImonXhou_7_17 _ImonXhou_7_18
               _ImonXhou_7_19 _ImonXhou_7_20 _ImonXhou_7_21 _ImonXhou_7_22
               _ImonXhou_7_23 _ImonXhou_7_24 _ImonXhou_8_2 _ImonXhou_8_3
               _ImonXhou_8_4 _ImonXhou_8_5 _ImonXhou_8_6 _ImonXhou_8_7
               _ImonXhou_8_8 _ImonXhou_8_9 _ImonXhou_8_10 _ImonXhou_8_11
               _ImonXhou_8_12 _ImonXhou_8_13 _ImonXhou_8_14 _ImonXhou_8_15
               _ImonXhou_8_16 _ImonXhou_8_17 _ImonXhou_8_18 _ImonXhou_8_19
               _ImonXhou_8_20 _ImonXhou_8_21 _ImonXhou_8_22 _ImonXhou_8_23
               _ImonXhou_8_24 _ImonXhou_9_2 _ImonXhou_9_3 _ImonXhou_9_4
               _ImonXhou_9_5 _ImonXhou_9_6 _ImonXhou_9_7 _ImonXhou_9_8
               _ImonXhou_9_9 _ImonXhou_9_10 _ImonXhou_9_11 _ImonXhou_9_12
               _ImonXhou_9_13 _ImonXhou_9_14 _ImonXhou_9_15 _ImonXhou_9_16
               _ImonXhou_9_17 _ImonXhou_9_18 _ImonXhou_9_19 _ImonXhou_9_20
               _ImonXhou_9_21 _ImonXhou_9_22 _ImonXhou_9_23 _ImonXhou_9_24
               _ImonXhou_10_2 _ImonXhou_10_3 _ImonXhou_10_4 _ImonXhou_10_5
               _ImonXhou_10_6 _ImonXhou_10_7 _ImonXhou_10_8 _ImonXhou_10_9
               _ImonXhou_10_10 _ImonXhou_10_11 _ImonXhou_10_12 _ImonXhou_10_13
               _ImonXhou_10_14 _ImonXhou_10_15 _ImonXhou_10_16 _ImonXhou_10_17
               _ImonXhou_10_18 _ImonXhou_10_19 _ImonXhou_10_20 _ImonXhou_10_21
               _ImonXhou_10_22 _ImonXhou_10_23 _ImonXhou_10_24 _ImonXhou_11_2
               _ImonXhou_11_3 _ImonXhou_11_4 _ImonXhou_11_5 _ImonXhou_11_6
               _ImonXhou_11_7 _ImonXhou_11_8 _ImonXhou_11_9 _ImonXhou_11_10
               _ImonXhou_11_11 _ImonXhou_11_12 _ImonXhou_11_13 _ImonXhou_11_14
               _ImonXhou_11_15 _ImonXhou_11_16 _ImonXhou_11_17 _ImonXhou_11_18
               _ImonXhou_11_19 _ImonXhou_11_20 _ImonXhou_11_21 _ImonXhou_11_22
               _ImonXhou_11_23 _ImonXhou_11_24 _ImonXhou_12_2 _ImonXhou_12_3
               _ImonXhou_12_4 _ImonXhou_12_5 _ImonXhou_12_6 _ImonXhou_12_7
               _ImonXhou_12_8 _ImonXhou_12_9 _ImonXhou_12_10 _ImonXhou_12_11
               _ImonXhou_12_12 _ImonXhou_12_13 _ImonXhou_12_14 _ImonXhou_12_15
               _ImonXhou_12_16 _ImonXhou_12_17 _ImonXhou_12_18 _ImonXhou_12_19
               _ImonXhou_12_20 _ImonXhou_12_21 _ImonXhou_12_22 _ImonXhou_12_23
               _ImonXhou_12_24 _ImonXtemp_2 _ImonXtemp_3 _ImonXtemp_4
               _ImonXtemp_5 _ImonXtemp_6 _ImonXtemp_7 _ImonXtemp_8 _ImonXtemp_9
               _ImonXtemp_10 _ImonXtemp_11 _ImonXtemp_12 _ImonXtempa2
               _ImonXtempa3 _ImonXtempa4 _ImonXtempa5 _ImonXtempa6 _ImonXtempa7
               _ImonXtempa8 _ImonXtempa9 _ImonXtempa10 _ImonXtempa11
               _ImonXtempa12 coal2 gas2 brent2 temp2 eprice

. estimates store spec_add3

. estat firststage

  First-stage regression summary statistics
  --------------------------------------------------------------------------
               |            Adjusted      Partial       Robust
      Variable |   R-sq.       R-sq.        R-sq.    F(1,15774)   Prob > F
  -------------+------------------------------------------------------------
        ecost2 |  0.7889      0.7834       0.0171       102.322    0.0000
  --------------------------------------------------------------------------


. mat ftest_add3 = r(singleresults)

. 
. *(4) - BOTH
. ivregress 2sls mg_price ($maincost = $instruments) $supplycontrols $demandcontrols $controls1 $basefe c
> oal2 gas2 brent2 temp2 windtime, robust first
note: _Iyear_2007 omitted because of collinearity
note: _ImonXyea_2_2007 omitted because of collinearity
note: _ImonXyea_3_2006 omitted because of collinearity
note: _ImonXyea_3_2007 omitted because of collinearity
note: _ImonXyea_4_2006 omitted because of collinearity
note: _ImonXyea_4_2007 omitted because of collinearity
note: _ImonXyea_5_2006 omitted because of collinearity
note: _ImonXyea_5_2007 omitted because of collinearity
note: _ImonXyea_6_2006 omitted because of collinearity
note: _ImonXyea_6_2007 omitted because of collinearity
note: _ImonXyea_7_2006 omitted because of collinearity
note: _ImonXyea_7_2007 omitted because of collinearity
note: _ImonXyea_8_2006 omitted because of collinearity
note: _ImonXyea_8_2007 omitted because of collinearity
note: _ImonXyea_9_2006 omitted because of collinearity
note: _ImonXyea_9_2007 omitted because of collinearity
note: _ImonXyea_10_2006 omitted because of collinearity
note: _ImonXyea_10_2007 omitted because of collinearity
note: _ImonXyea_11_2006 omitted because of collinearity
note: _ImonXyea_11_2007 omitted because of collinearity
note: _ImonXyea_12_2006 omitted because of collinearity
note: _ImonXyea_12_2007 omitted because of collinearity

First-stage regressions
-----------------------

                                                  Number of obs   =      16186
                                                  F( 412,  15773) =     122.05
                                                  Prob > F        =     0.0000
                                                  R-squared       =     0.7894
                                                  Adj R-squared   =     0.7839
                                                  Root MSE        =     3.7738

-----------------------------------------------------------------------------------
                  |               Robust
           ecost2 |      Coef.   Std. Err.      t    P>|t|     [95% Conf. Interval]
------------------+----------------------------------------------------------------
            windx |  -.2304812   .1592506    -1.45   0.148    -.5426305    .0816681
           windx2 |   .0074376    .010604     0.70   0.483    -.0133474    .0282225
             temp |   .0226202   .0777113     0.29   0.771    -.1297028    .1749433
            tempx |   .0370616   .0503374     0.74   0.462    -.0616055    .1357287
            humid |  -.0091463   .0057306    -1.60   0.110     -.020379    .0020863
                  |
      hour#c.coal |
               1  |          0  (empty)
               2  |   1.596506   4.900165     0.33   0.745    -8.008378    11.20139
               3  |   2.443452   4.870023     0.50   0.616    -7.102352    11.98925
               4  |   13.51668   4.952819     2.73   0.006     3.808585    23.22477
               5  |   15.64275   4.903932     3.19   0.001     6.030485    25.25502
               6  |   20.82762   4.958438     4.20   0.000     11.10852    30.54673
               7  |  -.3092848   4.950394    -0.06   0.950    -10.01262    9.394054
               8  |   10.95195   5.149141     2.13   0.033     .8590489    21.04486
               9  |   15.90199   5.198002     3.06   0.002     5.713309    26.09067
              10  |   20.73452   5.055411     4.10   0.000     10.82534    30.64371
              11  |   14.35969   5.204687     2.76   0.006     4.157907    24.56147
              12  |    17.6802   5.488476     3.22   0.001     6.922164    28.43825
              13  |     11.455   5.204368     2.20   0.028     1.253847    21.65616
              14  |   11.92037   5.076804     2.35   0.019     1.969256    21.87149
              15  |   7.956263   5.128574     1.55   0.121    -2.096328    18.00885
              16  |   19.41402   4.951985     3.92   0.000     9.707566    29.12048
              17  |   13.59953   5.006887     2.72   0.007     3.785458     23.4136
              18  |   13.79896   5.181193     2.66   0.008      3.64323    23.95469
              19  |   10.28375   5.146813     2.00   0.046     .1954077    20.37209
              20  |   14.17536   5.029534     2.82   0.005     4.316899    24.03382
              21  |   13.58927   5.149113     2.64   0.008     3.496424    23.68212
              22  |   16.07914    4.84441     3.32   0.001      6.58354    25.57474
              23  |   13.63477   4.884825     2.79   0.005     4.059959    23.20959
              24  |  -4.277002   4.753467    -0.90   0.368    -13.59434    5.040337
                  |
       hour#c.gas |
               1  |          0  (empty)
               2  |   1.408386   .6198976     2.27   0.023     .1933158    2.623456
               3  |   2.424783   .7012941     3.46   0.001     1.050166      3.7994
               4  |   2.813056   .7134669     3.94   0.000     1.414579    4.211533
               5  |   2.144546   .7277791     2.95   0.003     .7180154    3.571076
               6  |    2.93444   .7762136     3.78   0.000     1.412972    4.455907
               7  |   2.046607   .6511901     3.14   0.002     .7701999    3.323014
               8  |   .6325158   .6298985     1.00   0.315    -.6021573    1.867189
               9  |   .7126198   .6163166     1.16   0.248    -.4954313    1.920671
              10  |   1.305868   .6453905     2.02   0.043     .0408286    2.570907
              11  |   1.387139   .6548073     2.12   0.034     .1036423    2.670637
              12  |    1.05121   .6375916     1.65   0.099    -.1985428    2.300962
              13  |   .8412214   .6371583     1.32   0.187    -.4076818    2.090125
              14  |   .8704309   .6511351     1.34   0.181    -.4058684     2.14673
              15  |   1.010169   .6939005     1.46   0.145    -.3499554    2.370293
              16  |   .9694639   .6604804     1.47   0.142    -.3251532    2.264081
              17  |     .80439   .6678428     1.20   0.228    -.5046584    2.113438
              18  |   .9411024   .6674414     1.41   0.159     -.367159    2.249364
              19  |   .8201806    .619561     1.32   0.186    -.3942298    2.034591
              20  |   1.120824   .6289569     1.78   0.075    -.1120036    2.353651
              21  |   .6260569   .6967441     0.90   0.369    -.7396414    1.991755
              22  |   .8918059   .7105052     1.26   0.209    -.5008656    2.284477
              23  |   .9233725   .6470557     1.43   0.154    -.3449307    2.191676
              24  |   .5529669   .6760022     0.82   0.413    -.7720748    1.878009
                  |
     hour#c.brent |
               1  |          0  (empty)
               2  |  -.0873817   .7706728    -0.11   0.910    -1.597989    1.423225
               3  |  -.6582529   .8046826    -0.82   0.413    -2.235523     .919017
               4  |   .3572896   .8087358     0.44   0.659    -1.227925    1.942504
               5  |   1.937247   .8079899     2.40   0.017     .3534941       3.521
               6  |   1.197758   .8417369     1.42   0.155    -.4521428    2.847658
               7  |   .2232897   .7832858     0.29   0.776     -1.31204    1.758619
               8  |   .8008772   .7780705     1.03   0.303      -.72423    2.325984
               9  |    1.07945   .7730283     1.40   0.163    -.4357741    2.594674
              10  |   .7178749    .792185     0.91   0.365    -.8348983    2.270648
              11  |  -.4847452   .8075606    -0.60   0.548    -2.067656    1.098166
              12  |   .1366432   .8164914     0.17   0.867    -1.463773     1.73706
              13  |  -.1955233   .7842934    -0.25   0.803    -1.732828    1.341781
              14  |   -.229267   .8092052    -0.28   0.777    -1.815402    1.356868
              15  |    .008097    .814681     0.01   0.992    -1.588771    1.604965
              16  |   .4147525    .805793     0.51   0.607    -1.164694    1.994199
              17  |   .8728832   .7879449     1.11   0.268    -.6715789    2.417345
              18  |   .0768913   .8017711     0.10   0.924    -1.494672    1.648454
              19  |  -.2582184   .7969938    -0.32   0.746    -1.820417    1.303981
              20  |  -.6758286   .7898154    -0.86   0.392    -2.223957    .8722999
              21  |  -.3610578    .803707    -0.45   0.653    -1.936415      1.2143
              22  |  -1.173208   .7773667    -1.51   0.131    -2.696936    .3505197
              23  |   -.809349   .7507048    -1.08   0.281    -2.280816    .6621182
              24  |  -.7904188   .7714364    -1.02   0.306    -2.302522    .7216847
                  |
             coal |  -27.19948   23.46434    -1.16   0.246    -73.19227    18.79331
              gas |  -3.054578   .6460788    -4.73   0.000    -4.320967    -1.78819
            brent |  -2.448414   1.742735    -1.40   0.160    -5.864375    .9675463
         _Ihour_2 |  -3.403978   4.361445    -0.78   0.435    -11.95291    5.144953
         _Ihour_3 |    -3.6366    4.32545    -0.84   0.401    -12.11498    4.841778
         _Ihour_4 |  -12.33869   4.374469    -2.82   0.005    -20.91315   -3.764231
         _Ihour_5 |  -15.77402   4.334424    -3.64   0.000    -24.26999   -7.278053
         _Ihour_6 |  -18.91127   4.388623    -4.31   0.000    -27.51348   -10.30907
         _Ihour_7 |  -1.633218   4.403057    -0.37   0.711    -10.26371    6.997278
         _Ihour_8 |  -9.882148   4.557012    -2.17   0.030    -18.81441   -.9498828
         _Ihour_9 |  -13.98351   4.553065    -3.07   0.002    -22.90804   -5.058979
        _Ihour_10 |  -17.29692   4.433993    -3.90   0.000    -25.98805   -8.605788
        _Ihour_11 |  -10.72068   4.504618    -2.38   0.017    -19.55024   -1.891109
        _Ihour_12 |  -13.67441   4.683457    -2.92   0.004    -22.85452   -4.494296
        _Ihour_13 |   -8.80044   4.463359    -1.97   0.049    -17.54913   -.0517467
        _Ihour_14 |  -9.089222   4.431896    -2.05   0.040    -17.77625   -.4021994
        _Ihour_15 |  -7.146024    4.43039    -1.61   0.107     -15.8301    1.538047
        _Ihour_16 |  -15.66014   4.382094    -3.57   0.000    -24.24955   -7.070734
        _Ihour_17 |  -12.38293   4.347928    -2.85   0.004    -20.90536   -3.860491
        _Ihour_18 |  -11.58716   4.485327    -2.58   0.010    -20.37891   -2.795406
        _Ihour_19 |  -7.462627   4.468225    -1.67   0.095    -16.22086    1.295605
        _Ihour_20 |  -10.30153   4.392767    -2.35   0.019    -18.91186   -1.691208
        _Ihour_21 |  -9.655645   4.410679    -2.19   0.029    -18.30108    -1.01021
        _Ihour_22 |  -10.07578   4.120632    -2.45   0.014    -18.15269   -1.998869
        _Ihour_23 |  -9.163184   4.146894    -2.21   0.027    -17.29157   -1.034798
        _Ihour_24 |   3.627462   4.132347     0.88   0.380    -4.472411    11.72733
      _Iyear_2005 |   .8799498   .5783672     1.52   0.128    -.2537161    2.013616
      _Iyear_2006 |  -.3846542   1.400433    -0.27   0.784    -3.129664    2.360355
      _Iyear_2007 |          0  (omitted)
        _Iweekd_2 |     -.1173   .1107423    -1.06   0.290    -.3343675    .0997675
        _Iweekd_3 |  -.0316844   .1098929    -0.29   0.773     -.247087    .1837182
        _Iweekd_4 |  -.1630096      .1098    -1.48   0.138    -.3782302    .0522109
        _Iweekd_5 |  -.3118572   .1115508    -2.80   0.005    -.5305095   -.0932049
        _Iweekd_6 |   .1650908   .1164668     1.42   0.156    -.0631975    .3933791
        _Iweekd_7 |   .6724039   .1146148     5.87   0.000     .4477458     .897062
        _Imonth_2 |   3.990693   1.446314     2.76   0.006     1.155752    6.825634
        _Imonth_3 |   3.768012   1.048165     3.59   0.000      1.71349    5.822535
        _Imonth_4 |   .9563969    1.14441     0.84   0.403    -1.286777    3.199571
        _Imonth_5 |    1.50487   1.360995     1.11   0.269    -1.162836    4.172575
        _Imonth_6 |   6.535367   2.392227     2.73   0.006     1.846329     11.2244
        _Imonth_7 |   4.520184   2.402298     1.88   0.060    -.1885953    9.228963
        _Imonth_8 |   7.859097   2.909535     2.70   0.007     2.156075    13.56212
        _Imonth_9 |    14.6038   2.523734     5.79   0.000     9.656996    19.55061
       _Imonth_10 |   5.566296   1.567166     3.55   0.000     2.494472     8.63812
       _Imonth_11 |   2.328695   1.555727     1.50   0.134    -.7207082    5.378097
       _Imonth_12 |  -1.870992   1.484999    -1.26   0.208     -4.78176    1.039776
 _ImonXyea_2_2005 |  -.6018227   .3241205    -1.86   0.063    -1.237136    .0334905
 _ImonXyea_2_2006 |   -.448468   .6216012    -0.72   0.471    -1.666877    .7699415
 _ImonXyea_2_2007 |          0  (omitted)
 _ImonXyea_3_2005 |  -1.446883   .4605144    -3.14   0.002    -2.349544   -.5442224
 _ImonXyea_3_2006 |          0  (omitted)
 _ImonXyea_3_2007 |          0  (omitted)
 _ImonXyea_4_2005 |   .1449946   .6669332     0.22   0.828    -1.162271     1.45226
 _ImonXyea_4_2006 |          0  (omitted)
 _ImonXyea_4_2007 |          0  (omitted)
 _ImonXyea_5_2005 |   .6574226   .6765958     0.97   0.331    -.6687827    1.983628
 _ImonXyea_5_2006 |          0  (omitted)
 _ImonXyea_5_2007 |          0  (omitted)
 _ImonXyea_6_2005 |   1.693227   .8136512     2.08   0.037     .0983776    3.288077
 _ImonXyea_6_2006 |          0  (omitted)
 _ImonXyea_6_2007 |          0  (omitted)
 _ImonXyea_7_2005 |   .9315787   .9813925     0.95   0.343    -.9920628     2.85522
 _ImonXyea_7_2006 |          0  (omitted)
 _ImonXyea_7_2007 |          0  (omitted)
 _ImonXyea_8_2005 |  -1.285664    1.01755    -1.26   0.206    -3.280179    .7088507
 _ImonXyea_8_2006 |          0  (omitted)
 _ImonXyea_8_2007 |          0  (omitted)
 _ImonXyea_9_2005 |  -.9276453   1.061272    -0.87   0.382    -3.007859    1.152569
 _ImonXyea_9_2006 |          0  (omitted)
 _ImonXyea_9_2007 |          0  (omitted)
_ImonXyea_10_2005 |  -.4934232   .9976713    -0.49   0.621    -2.448973    1.462127
_ImonXyea_10_2006 |          0  (omitted)
_ImonXyea_10_2007 |          0  (omitted)
_ImonXyea_11_2005 |  -.5050103   .9396306    -0.54   0.591    -2.346794    1.336773
_ImonXyea_11_2006 |          0  (omitted)
_ImonXyea_11_2007 |          0  (omitted)
_ImonXyea_12_2005 |  -.6419336   1.016866    -0.63   0.528    -2.635108     1.35124
_ImonXyea_12_2006 |          0  (omitted)
_ImonXyea_12_2007 |          0  (omitted)
    _ImonXhou_2_2 |   .6964769   .9474587     0.74   0.462     -1.16065    2.553604
    _ImonXhou_2_3 |   .3133167   .9537493     0.33   0.743    -1.556141    2.182774
    _ImonXhou_2_4 |  -2.757485   .9480061    -2.91   0.004    -4.615686   -.8992849
    _ImonXhou_2_5 |  -2.546795   .8491611    -3.00   0.003    -4.211248   -.8823425
    _ImonXhou_2_6 |  -2.339309   .8553649    -2.73   0.006    -4.015922   -.6626957
    _ImonXhou_2_7 |  -2.119622   .9439526    -2.25   0.025    -3.969877   -.2693673
    _ImonXhou_2_8 |   .0561537    .936083     0.06   0.952    -1.778676    1.890984
    _ImonXhou_2_9 |  -.2145188   .9266502    -0.23   0.817    -2.030859    1.601822
   _ImonXhou_2_10 |  -.6512764   .9093811    -0.72   0.474    -2.433767    1.131215
   _ImonXhou_2_11 |  -.5936586   .8994751    -0.66   0.509    -2.356733    1.169416
   _ImonXhou_2_12 |  -.8014661   .9559698    -0.84   0.402    -2.675276    1.072344
   _ImonXhou_2_13 |  -.6219971   .8066795    -0.77   0.441    -2.203181    .9591869
   _ImonXhou_2_14 |  -.6993249   .8282858    -0.84   0.399     -2.32286    .9242099
   _ImonXhou_2_15 |   .0745709   .8904009     0.08   0.933    -1.670717    1.819859
   _ImonXhou_2_16 |  -.2679565   .8869368    -0.30   0.763    -2.006454    1.470541
   _ImonXhou_2_17 |    .033326   .8958006     0.04   0.970    -1.722546    1.789198
   _ImonXhou_2_18 |     .90263   .8716862     1.04   0.300    -.8059746    2.611235
   _ImonXhou_2_19 |  -.5658185    .842507    -0.67   0.502    -2.217229    1.085592
   _ImonXhou_2_20 |  -.1895194   .7148471    -0.27   0.791    -1.590701    1.211663
   _ImonXhou_2_21 |   -.372861   .7009477    -0.53   0.595    -1.746799    1.001077
   _ImonXhou_2_22 |  -1.160288   .7124498    -1.63   0.103    -2.556771    .2361949
   _ImonXhou_2_23 |  -.3947378   .7984133    -0.49   0.621    -1.959719    1.170244
   _ImonXhou_2_24 |   .2418164   .8202846     0.29   0.768    -1.366035    1.849668
    _ImonXhou_3_2 |  -.2227701   .8136429    -0.27   0.784    -1.817603    1.372063
    _ImonXhou_3_3 |   -1.42984   .8310534    -1.72   0.085      -3.0588    .1991199
    _ImonXhou_3_4 |  -3.434166   .8510799    -4.04   0.000     -5.10238   -1.765952
    _ImonXhou_3_5 |  -4.678019   .7309321    -6.40   0.000     -6.11073   -3.245309
    _ImonXhou_3_6 |  -4.383422   .7917712    -5.54   0.000    -5.935384    -2.83146
    _ImonXhou_3_7 |  -2.792527   .8157144    -3.42   0.001    -4.391421   -1.193634
    _ImonXhou_3_8 |  -1.366795   .7817764    -1.75   0.080    -2.899166    .1655761
    _ImonXhou_3_9 |  -1.530582   .8076096    -1.90   0.058    -3.113589    .0524257
   _ImonXhou_3_10 |  -1.841222   .8019499    -2.30   0.022    -3.413135    -.269308
   _ImonXhou_3_11 |  -1.756777   .8095211    -2.17   0.030    -3.343531   -.1700228
   _ImonXhou_3_12 |  -2.268985   .8999953    -2.52   0.012    -4.033079   -.5048917
   _ImonXhou_3_13 |  -1.155738    .713863    -1.62   0.105    -2.554991     .243515
   _ImonXhou_3_14 |  -.8262207   .7363465    -1.12   0.262    -2.269544    .6171026
   _ImonXhou_3_15 |  -.7242517   .7880835    -0.92   0.358    -2.268985    .8204821
   _ImonXhou_3_16 |  -1.265262   .7706769    -1.64   0.101    -2.775877    .2453531
   _ImonXhou_3_17 |  -1.499689   .7798216    -1.92   0.054    -3.028229    .0288502
   _ImonXhou_3_18 |  -.3899524   .7502416    -0.52   0.603    -1.860512    1.080607
   _ImonXhou_3_19 |   -1.09051   .7739184    -1.41   0.159    -2.607478    .4264588
   _ImonXhou_3_20 |  -1.236572   .6913062    -1.79   0.074    -2.591612    .1184669
   _ImonXhou_3_21 |  -.3242879   .7120497    -0.46   0.649    -1.719987    1.071411
   _ImonXhou_3_22 |  -.4780493   .7236431    -0.66   0.509    -1.896473    .9403739
   _ImonXhou_3_23 |   -.719266   .7332687    -0.98   0.327    -2.156557    .7180246
   _ImonXhou_3_24 |   .1448064   .7404171     0.20   0.845    -1.306496    1.596109
    _ImonXhou_4_2 |   1.561029   .8885176     1.76   0.079    -.1805672    3.302625
    _ImonXhou_4_3 |   1.606911    .874669     1.84   0.066    -.1075405    3.321362
    _ImonXhou_4_4 |  -.9125754   .8855465    -1.03   0.303    -2.648348    .8231971
    _ImonXhou_4_5 |  -1.607612   .7847759    -2.05   0.041    -3.145863   -.0693616
    _ImonXhou_4_6 |  -1.564024   .8352972    -1.87   0.061    -3.201302    .0732536
    _ImonXhou_4_7 |  -.4375374    .916637    -0.48   0.633    -2.234251    1.359176
    _ImonXhou_4_8 |   .5082407   .8672771     0.59   0.558    -1.191722    2.208203
    _ImonXhou_4_9 |   .1113767   .9206298     0.12   0.904    -1.693163    1.915916
   _ImonXhou_4_10 |   .3347036    .888329     0.38   0.706    -1.406523     2.07593
   _ImonXhou_4_11 |   .6546903   .8763494     0.75   0.455    -1.063055    2.372435
   _ImonXhou_4_12 |   .3101691   .9585459     0.32   0.746     -1.56869    2.189029
   _ImonXhou_4_13 |   .5433264   .8228842     0.66   0.509    -1.069621    2.156274
   _ImonXhou_4_14 |   1.240051   .8486864     1.46   0.144    -.4234711    2.903574
   _ImonXhou_4_15 |   1.298016   .8869318     1.46   0.143    -.4404718    3.036504
   _ImonXhou_4_16 |   .4406135     .88399     0.50   0.618    -1.292108    2.173335
   _ImonXhou_4_17 |   .5550977   .8916653     0.62   0.534    -1.192668    2.302864
   _ImonXhou_4_18 |   1.177955   .8659452     1.36   0.174    -.5193971    2.875306
   _ImonXhou_4_19 |    .378478   .8826253     0.43   0.668    -1.351569    2.108525
   _ImonXhou_4_20 |   1.881001   .8474582     2.22   0.026     .2198859    3.542116
   _ImonXhou_4_21 |   .3167169   .8071131     0.39   0.695    -1.265317    1.898751
   _ImonXhou_4_22 |   .8577683   .8212204     1.04   0.296    -.7519176    2.467454
   _ImonXhou_4_23 |   .9353498   .8239676     1.14   0.256    -.6797211    2.550421
   _ImonXhou_4_24 |   .9807623   .8616784     1.14   0.255    -.7082259    2.669751
    _ImonXhou_5_2 |   1.149948    .973284     1.18   0.237    -.7578004    3.057696
    _ImonXhou_5_3 |   .6976293   .9857012     0.71   0.479    -1.234458    2.629716
    _ImonXhou_5_4 |  -1.165398   .9349015    -1.25   0.213    -2.997912    .6671154
    _ImonXhou_5_5 |  -2.255434   .8521515    -2.65   0.008    -3.925749   -.5851197
    _ImonXhou_5_6 |  -2.315076   .9112408    -2.54   0.011    -4.101212     -.52894
    _ImonXhou_5_7 |  -.8647834   .9793844    -0.88   0.377    -2.784489    1.054922
    _ImonXhou_5_8 |  -1.239111   .9536813    -1.30   0.194    -3.108436    .6302133
    _ImonXhou_5_9 |  -1.227879   .9414878    -1.30   0.192    -3.073303    .6175451
   _ImonXhou_5_10 |  -.5282688   .9696006    -0.54   0.586    -2.428797    1.372259
   _ImonXhou_5_11 |   .3045523   .9752314     0.31   0.755    -1.607013    2.216117
   _ImonXhou_5_12 |   .2099868   1.055403     0.20   0.842    -1.858724    2.278698
   _ImonXhou_5_13 |   .9137579   .8706606     1.05   0.294    -.7928365    2.620352
   _ImonXhou_5_14 |   1.103614   .8979195     1.23   0.219    -.6564104    2.863639
   _ImonXhou_5_15 |   .3656103   .9533887     0.38   0.701    -1.503141    2.234361
   _ImonXhou_5_16 |   .2852622   .9419683     0.30   0.762    -1.561103    2.131628
   _ImonXhou_5_17 |  -.2554663   .9585237    -0.27   0.790    -2.134282     1.62335
   _ImonXhou_5_18 |   .7052831   .9455367     0.75   0.456    -1.148077    2.558643
   _ImonXhou_5_19 |  -1.013815   .9405922    -1.08   0.281    -2.857483    .8298534
   _ImonXhou_5_20 |     .16432   .8913294     0.18   0.854    -1.582788    1.911428
   _ImonXhou_5_21 |  -.3288222   .8528718    -0.39   0.700    -2.000548    1.342904
   _ImonXhou_5_22 |   .0520386   .8781019     0.06   0.953    -1.669142    1.773219
   _ImonXhou_5_23 |   .0555854   .9016556     0.06   0.951    -1.711763    1.822933
   _ImonXhou_5_24 |   .5689333   .9303096     0.61   0.541     -1.25458    2.392447
    _ImonXhou_6_2 |   1.317767   1.058763     1.24   0.213    -.7575298    3.393063
    _ImonXhou_6_3 |   .1321783   1.090209     0.12   0.904    -2.004756    2.269113
    _ImonXhou_6_4 |  -2.619354   1.070137    -2.45   0.014    -4.716945   -.5217625
    _ImonXhou_6_5 |   -3.57478   .9762927    -3.66   0.000    -5.488425   -1.661134
    _ImonXhou_6_6 |  -4.402273   1.042655    -4.22   0.000    -6.445997    -2.35855
    _ImonXhou_6_7 |  -2.403741   1.074497    -2.24   0.025    -4.509879   -.2976032
    _ImonXhou_6_8 |  -1.456779   1.054234    -1.38   0.167    -3.523197    .6096392
    _ImonXhou_6_9 |  -1.190658   1.028079    -1.16   0.247    -3.205811     .824494
   _ImonXhou_6_10 |  -2.859098    1.03649    -2.76   0.006    -4.890736    -.827459
   _ImonXhou_6_11 |  -.1918811   1.048604    -0.18   0.855    -2.247266    1.863504
   _ImonXhou_6_12 |  -.1212511   1.087153    -0.11   0.911    -2.252195    2.009693
   _ImonXhou_6_13 |    .168621   .9746302     0.17   0.863    -1.741766    2.079008
   _ImonXhou_6_14 |   -.041787   .9633733    -0.04   0.965    -1.930109    1.846535
   _ImonXhou_6_15 |   .2729918   .9719921     0.28   0.779    -1.632224    2.178208
   _ImonXhou_6_16 |  -.9010749    1.01276    -0.89   0.374    -2.886201    1.084051
   _ImonXhou_6_17 |  -.3981599   1.014506    -0.39   0.695    -2.386707    1.590387
   _ImonXhou_6_18 |  -1.109277   1.018309    -1.09   0.276    -3.105279    .8867249
   _ImonXhou_6_19 |  -.5074357   1.011996    -0.50   0.616    -2.491063    1.476192
   _ImonXhou_6_20 |   .0750839   .9515536     0.08   0.937     -1.79007    1.940238
   _ImonXhou_6_21 |  -.3823425   .9307291    -0.41   0.681    -2.206678    1.441993
   _ImonXhou_6_22 |  -.3370006   .8972787    -0.38   0.707    -2.095769    1.421768
   _ImonXhou_6_23 |   .0690471   .9218054     0.07   0.940    -1.737797    1.875891
   _ImonXhou_6_24 |  -.1846473   .9954329    -0.19   0.853     -2.13581    1.766515
    _ImonXhou_7_2 |   .1626957   1.286077     0.13   0.899    -2.358163    2.683554
    _ImonXhou_7_3 |  -.6376984   1.301698    -0.49   0.624    -3.189175    1.913779
    _ImonXhou_7_4 |   -4.72412   1.312334    -3.60   0.000    -7.296445   -2.151796
    _ImonXhou_7_5 |   -6.00365   1.232936    -4.87   0.000    -8.420345   -3.586955
    _ImonXhou_7_6 |  -6.678233   1.253378    -5.33   0.000    -9.134998   -4.221469
    _ImonXhou_7_7 |  -2.750328   1.302637    -2.11   0.035    -5.303645   -.1970107
    _ImonXhou_7_8 |  -2.734361   1.277566    -2.14   0.032    -5.238537   -.2301844
    _ImonXhou_7_9 |  -2.007269   1.266128    -1.59   0.113    -4.489024    .4744866
   _ImonXhou_7_10 |  -1.523248   1.262613    -1.21   0.228    -3.998114    .9516183
   _ImonXhou_7_11 |  -.6829592   1.244277    -0.55   0.583    -3.121884    1.755966
   _ImonXhou_7_12 |  -1.473572   1.346824    -1.09   0.274    -4.113502    1.166358
   _ImonXhou_7_13 |   .0932885   1.193543     0.08   0.938    -2.246192    2.432769
   _ImonXhou_7_14 |      .6676    1.23921     0.54   0.590    -1.761393    3.096593
   _ImonXhou_7_15 |   .2322019   1.299279     0.18   0.858    -2.314534    2.778938
   _ImonXhou_7_16 |  -1.795349   1.293889    -1.39   0.165     -4.33152    .7408222
   _ImonXhou_7_17 |  -.1757685   1.224793    -0.14   0.886    -2.576502    2.224965
   _ImonXhou_7_18 |  -.3085498   1.223581    -0.25   0.801    -2.706909     2.08981
   _ImonXhou_7_19 |  -.5323524   1.255582    -0.42   0.672    -2.993437    1.928733
   _ImonXhou_7_20 |   .2376899   1.182755     0.20   0.841    -2.080644    2.556024
   _ImonXhou_7_21 |  -.2041333   1.155958    -0.18   0.860    -2.469942    2.061676
   _ImonXhou_7_22 |   .7113869   1.142703     0.62   0.534    -1.528442    2.951216
   _ImonXhou_7_23 |  -.4702354   1.194756    -0.39   0.694    -2.812094    1.871623
   _ImonXhou_7_24 |   1.775986   1.214068     1.46   0.144    -.6037267    4.155699
    _ImonXhou_8_2 |  -.1520121   1.562187    -0.10   0.922    -3.214077    2.910053
    _ImonXhou_8_3 |  -1.206619   1.577277    -0.77   0.444    -4.298262    1.885024
    _ImonXhou_8_4 |  -5.854086   1.601637    -3.66   0.000    -8.993477   -2.714695
    _ImonXhou_8_5 |  -7.309709   1.536567    -4.76   0.000    -10.32156   -4.297861
    _ImonXhou_8_6 |  -7.289665   1.551307    -4.70   0.000     -10.3304   -4.248926
    _ImonXhou_8_7 |  -2.472133   1.578272    -1.57   0.117    -5.565727    .6214603
    _ImonXhou_8_8 |  -2.713527    1.58402    -1.71   0.087    -5.818387    .3913322
    _ImonXhou_8_9 |  -2.803233   1.623361    -1.73   0.084    -5.985207    .3787411
   _ImonXhou_8_10 |  -4.920048   1.605551    -3.06   0.002    -8.067113   -1.772984
   _ImonXhou_8_11 |   -2.53623   1.650019    -1.54   0.124    -5.770455    .6979962
   _ImonXhou_8_12 |  -3.870794   1.774596    -2.18   0.029    -7.349204   -.3923831
   _ImonXhou_8_13 |  -.7110494   1.563829    -0.45   0.649    -3.776333    2.354234
   _ImonXhou_8_14 |  -1.058875   1.585119    -0.67   0.504    -4.165888    2.048139
   _ImonXhou_8_15 |  -1.195189   1.652704    -0.72   0.470    -4.434678    2.044299
   _ImonXhou_8_16 |  -4.140553   1.573023    -2.63   0.008    -7.223858   -1.057248
   _ImonXhou_8_17 |  -3.496177   1.572378    -2.22   0.026    -6.578218   -.4141364
   _ImonXhou_8_18 |  -2.007401   1.583369    -1.27   0.205    -5.110985    1.096183
   _ImonXhou_8_19 |  -2.026307   1.568737    -1.29   0.196     -5.10121    1.048596
   _ImonXhou_8_20 |  -1.693299   1.588023    -1.07   0.286    -4.806005    1.419407
   _ImonXhou_8_21 |  -2.073071   1.558231    -1.33   0.183    -5.127383    .9812412
   _ImonXhou_8_22 |  -1.473615   1.524068    -0.97   0.334    -4.460962    1.513733
   _ImonXhou_8_23 |  -1.950311   1.535948    -1.27   0.204    -4.960944    1.060322
   _ImonXhou_8_24 |   1.798878   1.544225     1.16   0.244     -1.22798    4.825735
    _ImonXhou_9_2 |  -.1277134   1.395401    -0.09   0.927    -2.862859    2.607432
    _ImonXhou_9_3 |  -.4459302   1.445143    -0.31   0.758    -3.278576    2.386716
    _ImonXhou_9_4 |  -5.432115   1.469065    -3.70   0.000     -8.31165    -2.55258
    _ImonXhou_9_5 |  -6.358573    1.40296    -4.53   0.000    -9.108534   -3.608611
    _ImonXhou_9_6 |  -7.308425   1.439541    -5.08   0.000    -10.13009   -4.486759
    _ImonXhou_9_7 |  -2.122852   1.439047    -1.48   0.140    -4.943549    .6978458
    _ImonXhou_9_8 |   -3.32684   1.483831    -2.24   0.025    -6.235319   -.4183614
    _ImonXhou_9_9 |  -4.726777   1.516619    -3.12   0.002    -7.699525   -1.754029
   _ImonXhou_9_10 |  -5.232622   1.504559    -3.48   0.001    -8.181729   -2.283514
   _ImonXhou_9_11 |  -3.061338   1.547994    -1.98   0.048    -6.095584   -.0270917
   _ImonXhou_9_12 |  -3.926118   1.680447    -2.34   0.019    -7.219985   -.6322506
   _ImonXhou_9_13 |  -2.608661   1.474527    -1.77   0.077    -5.498903    .2815818
   _ImonXhou_9_14 |   -2.30967   1.435966    -1.61   0.108    -5.124328    .5049886
   _ImonXhou_9_15 |  -1.559892   1.477713    -1.06   0.291    -4.456378    1.336593
   _ImonXhou_9_16 |  -4.759969   1.417901    -3.36   0.001    -7.539216   -1.980721
   _ImonXhou_9_17 |  -3.216881   1.440988    -2.23   0.026    -6.041382   -.3923797
   _ImonXhou_9_18 |  -1.834582   1.463929    -1.25   0.210    -4.704051    1.034887
   _ImonXhou_9_19 |  -2.841846   1.448237    -1.96   0.050    -5.680555   -.0031362
   _ImonXhou_9_20 |  -2.174448   1.474354    -1.47   0.140    -5.064351    .7154551
   _ImonXhou_9_21 |   -2.59417   1.450137    -1.79   0.074    -5.436605    .2482642
   _ImonXhou_9_22 |  -3.041373   1.374962    -2.21   0.027    -5.736455   -.3462906
   _ImonXhou_9_23 |    -2.9204    1.42802    -2.05   0.041    -5.719482   -.1213181
   _ImonXhou_9_24 |   1.802191    1.36269     1.32   0.186     -.868837    4.473219
   _ImonXhou_10_2 |  -.3634184   1.407549    -0.26   0.796    -3.122375    2.395538
   _ImonXhou_10_3 |  -.2752471   1.434048    -0.19   0.848    -3.086145    2.535651
   _ImonXhou_10_4 |  -4.541364   1.505516    -3.02   0.003    -7.492348    -1.59038
   _ImonXhou_10_5 |  -6.864049   1.415062    -4.85   0.000    -9.637733   -4.090366
   _ImonXhou_10_6 |  -7.064788   1.442982    -4.90   0.000    -9.893198   -4.236377
   _ImonXhou_10_7 |  -2.375266   1.428519    -1.66   0.096    -5.175326    .4247939
   _ImonXhou_10_8 |  -3.564836   1.436224    -2.48   0.013    -6.379999   -.7496735
   _ImonXhou_10_9 |  -4.742087   1.465667    -3.24   0.001    -7.614963   -1.869211
  _ImonXhou_10_10 |  -5.245166   1.484425    -3.53   0.000    -8.154809   -2.335523
  _ImonXhou_10_11 |  -3.377686   1.513465    -2.23   0.026     -6.34425   -.4111219
  _ImonXhou_10_12 |  -4.557929    1.65266    -2.76   0.006    -7.797332   -1.318525
  _ImonXhou_10_13 |  -3.775758   1.387543    -2.72   0.007      -6.4955   -1.056015
  _ImonXhou_10_14 |   -4.33763   1.365153    -3.18   0.001    -7.013485   -1.661774
  _ImonXhou_10_15 |  -3.074835    1.49714    -2.05   0.040    -6.009401   -.1402692
  _ImonXhou_10_16 |  -3.649821   1.441613    -2.53   0.011    -6.475548   -.8240938
  _ImonXhou_10_17 |  -3.512493   1.438443    -2.44   0.015    -6.332005   -.6929808
  _ImonXhou_10_18 |  -2.841096   1.461745    -1.94   0.052    -5.706283    .0240908
  _ImonXhou_10_19 |  -1.916528   1.522696    -1.26   0.208    -4.901187    1.068131
  _ImonXhou_10_20 |  -2.928224    1.45685    -2.01   0.044    -5.783816   -.0726318
  _ImonXhou_10_21 |  -2.595695   1.469825    -1.77   0.077    -5.476721    .2853299
  _ImonXhou_10_22 |  -3.085962   1.310439    -2.35   0.019    -5.654571    -.517352
  _ImonXhou_10_23 |  -2.360594   1.414281    -1.67   0.095    -5.132747    .4115578
  _ImonXhou_10_24 |   .9240726    1.40524     0.66   0.511    -1.830358    3.678504
   _ImonXhou_11_2 |   1.591033   1.083052     1.47   0.142     -.531874     3.71394
   _ImonXhou_11_3 |   .4070827     1.1121     0.37   0.714     -1.77276    2.586925
   _ImonXhou_11_4 |  -1.444956   1.051593    -1.37   0.169    -3.506198    .6162863
   _ImonXhou_11_5 |  -3.700158   .9939655    -3.72   0.000    -5.648444   -1.751872
   _ImonXhou_11_6 |  -4.107638   1.034153    -3.97   0.000    -6.134697    -2.08058
   _ImonXhou_11_7 |  -1.059561   1.053792    -1.01   0.315    -3.125113    1.005991
   _ImonXhou_11_8 |  -1.247885   1.109511    -1.12   0.261    -3.422654    .9268843
   _ImonXhou_11_9 |   -3.13248   1.114392    -2.81   0.005    -5.316816   -.9481446
  _ImonXhou_11_10 |  -3.137995   1.126655    -2.79   0.005    -5.346367   -.9296224
  _ImonXhou_11_11 |  -2.244337   1.122558    -2.00   0.046    -4.444679   -.0439942
  _ImonXhou_11_12 |  -2.934195   1.219333    -2.41   0.016    -5.324228   -.5441627
  _ImonXhou_11_13 |   -1.94805   1.020291    -1.91   0.056    -3.947937     .051838
  _ImonXhou_11_14 |  -2.182976   1.047253    -2.08   0.037    -4.235711   -.1302402
  _ImonXhou_11_15 |  -.8883464     1.0892    -0.82   0.415    -3.023304    1.246611
  _ImonXhou_11_16 |  -1.884346   1.085369    -1.74   0.083    -4.011794     .243102
  _ImonXhou_11_17 |  -2.345421   1.074824    -2.18   0.029    -4.452198   -.2386436
  _ImonXhou_11_18 |  -1.248633   1.094604    -1.14   0.254    -3.394181    .8969164
  _ImonXhou_11_19 |  -2.195116   1.063497    -2.06   0.039    -4.279692   -.1105402
  _ImonXhou_11_20 |  -2.051753   .9861028    -2.08   0.037    -3.984627   -.1188786
  _ImonXhou_11_21 |  -2.022484   .9736535    -2.08   0.038    -3.930957    -.114012
  _ImonXhou_11_22 |  -2.077839   .9240012    -2.25   0.025    -3.888987   -.2666911
  _ImonXhou_11_23 |  -1.645497   1.007326    -1.63   0.102    -3.619971    .3289764
  _ImonXhou_11_24 |  -.4268166    1.05413    -0.40   0.686    -2.493031    1.639398
   _ImonXhou_12_2 |   .9686217   1.076917     0.90   0.368     -1.14226    3.079503
   _ImonXhou_12_3 |   1.283942   1.036692     1.24   0.216    -.7480938    3.315977
   _ImonXhou_12_4 |  -.7855964   1.029325    -0.76   0.445    -2.803191    1.231998
   _ImonXhou_12_5 |  -1.333448   .8557794    -1.56   0.119    -3.010873    .3439774
   _ImonXhou_12_6 |  -1.472677    .894168    -1.65   0.100    -3.225348    .2799948
   _ImonXhou_12_7 |   .1145774   1.005392     0.11   0.909    -1.856106    2.085261
   _ImonXhou_12_8 |   .4229103   1.006477     0.42   0.674    -1.549899     2.39572
   _ImonXhou_12_9 |  -.7503275     1.0341    -0.73   0.468    -2.777281    1.276626
  _ImonXhou_12_10 |  -1.599225   1.031633    -1.55   0.121    -3.621343    .4228929
  _ImonXhou_12_11 |     -1.056    1.03448    -1.02   0.307    -3.083698    .9716989
  _ImonXhou_12_12 |  -1.865666   1.087731    -1.72   0.086    -3.997744    .2664111
  _ImonXhou_12_13 |  -.3922491    .930758    -0.42   0.673    -2.216641    1.432143
  _ImonXhou_12_14 |  -.3213309   .9482178    -0.34   0.735    -2.179946    1.537284
  _ImonXhou_12_15 |  -.0777531    .992407    -0.08   0.938    -2.022984    1.867478
  _ImonXhou_12_16 |  -1.119506   .9445761    -1.19   0.236    -2.970983    .7319713
  _ImonXhou_12_17 |  -.8590568   1.003379    -0.86   0.392    -2.825794     1.10768
  _ImonXhou_12_18 |  -.3081194   .9838152    -0.31   0.754     -2.23651    1.620271
  _ImonXhou_12_19 |  -.4089295   .9802265    -0.42   0.677    -2.330286    1.512427
  _ImonXhou_12_20 |  -.0855875   .9214343    -0.09   0.926    -1.891704    1.720529
  _ImonXhou_12_21 |  -.4065342   .8336451    -0.49   0.626    -2.040574    1.227505
  _ImonXhou_12_22 |   -.844108   .7790598    -1.08   0.279    -2.371154    .6829384
  _ImonXhou_12_23 |  -.3127452   .8758859    -0.36   0.721    -2.029582    1.404091
  _ImonXhou_12_24 |  -.5360782   .8884651    -0.60   0.546    -2.277571    1.205415
     _ImonXtemp_2 |   -.283529   .1237029    -2.29   0.022    -.5260009   -.0410572
     _ImonXtemp_3 |  -.0768985   .0668761    -1.15   0.250    -.2079833    .0541863
     _ImonXtemp_4 |  -.0406455    .087712    -0.46   0.643    -.2125711    .1312801
     _ImonXtemp_5 |  -.3999788   .1035058    -3.86   0.000     -.602862   -.1970957
     _ImonXtemp_6 |   .1264802    .180072     0.70   0.482    -.2264814    .4794419
     _ImonXtemp_7 |   -.270752   .1464336    -1.85   0.064    -.5577786    .0162745
     _ImonXtemp_8 |  -.4075272   .1430949    -2.85   0.004    -.6880096   -.1270448
     _ImonXtemp_9 |  -.1415592   .1262096    -1.12   0.262    -.3889444    .1058261
    _ImonXtemp_10 |   -.229884   .1129516    -2.04   0.042     -.451282   -.0084859
    _ImonXtemp_11 |  -.1205923   .0564935    -2.13   0.033    -.2313259   -.0098586
    _ImonXtemp_12 |  -.1810587   .0931595    -1.94   0.052    -.3636619    .0015445
     _ImonXtempa2 |  -.0802269   .0951692    -0.84   0.399    -.2667694    .1063156
     _ImonXtempa3 |  -.0864168   .0654729    -1.32   0.187    -.2147511    .0419175
     _ImonXtempa4 |  -.0744231   .0676299    -1.10   0.271    -.2069855    .0581393
     _ImonXtempa5 |   .1129041   .0873513     1.29   0.196    -.0583145    .2841227
     _ImonXtempa6 |  -.3676798   .0968534    -3.80   0.000    -.5575235   -.1778361
     _ImonXtempa7 |  -.0414578   .0914755    -0.45   0.650    -.2207604    .1378447
     _ImonXtempa8 |  -.0145753   .0734751    -0.20   0.843     -.158595    .1294444
     _ImonXtempa9 |  -.3749703   .0752125    -4.99   0.000    -.5223955   -.2275452
    _ImonXtempa10 |  -.0475344   .0722438    -0.66   0.511    -.1891404    .0940716
    _ImonXtempa11 |  -.0150162   .0749982    -0.20   0.841    -.1620212    .1319888
    _ImonXtempa12 |   .1761157   .0918952     1.92   0.055    -.0040093    .3562407
            coal2 |   9.224783   14.61737     0.63   0.528    -19.42694    37.87651
             gas2 |   .1931826   .0559485     3.45   0.001     .0835172     .302848
           brent2 |   .5312106   .3245434     1.64   0.102    -.1049317    1.167353
            temp2 |   .0064389   .0038505     1.67   0.095    -.0011085    .0139863
         windtime |   .2230647    .046675     4.78   0.000     .1315764     .314553
           eprice |   .5524322   .0545313    10.13   0.000     .4455446    .6593199
            _cons |   21.04656   9.540189     2.21   0.027     2.346698    39.74642
-----------------------------------------------------------------------------------


Instrumental variables (2SLS) regression               Number of obs =   16186
                                                       Wald chi2(412)=55739.62
                                                       Prob > chi2   =  0.0000
                                                       R-squared     =  0.7536
                                                       Root MSE      =  8.6757

-----------------------------------------------------------------------------------
                  |               Robust
         mg_price |      Coef.   Std. Err.      z    P>|z|     [95% Conf. Interval]
------------------+----------------------------------------------------------------
           ecost2 |   .8699882   .1784706     4.87   0.000     .5201923    1.219784
            windx |  -1.320424   .3522452    -3.75   0.000    -2.010812   -.6300364
           windx2 |   .0603049    .023404     2.58   0.010     .0144338     .106176
             temp |   .3511213   .1933493     1.82   0.069    -.0278364     .730079
            tempx |  -.9050534   .1441036    -6.28   0.000    -1.187491   -.6226156
            humid |   .0903594   .0132471     6.82   0.000     .0643956    .1163231
                  |
      hour#c.coal |
               2  |  -16.18318    9.88285    -1.64   0.102    -35.55321    3.186852
               3  |   -15.7453    9.85702    -1.60   0.110     -35.0647    3.574105
               4  |  -28.41221   9.983721    -2.85   0.004    -47.97995   -8.844481
               5  |  -32.07155   9.668489    -3.32   0.001    -51.02144   -13.12165
               6  |  -37.20523   9.861685    -3.77   0.000    -56.53378   -17.87668
               7  |   -16.3452   9.248736    -1.77   0.077    -34.47239    1.781988
               8  |   -17.7134   10.66689    -1.66   0.097    -38.62013    3.193324
               9  |  -19.61914   12.20957    -1.61   0.108    -43.54945     4.31117
              10  |  -15.97109   12.67303    -1.26   0.208    -40.80977    8.867584
              11  |  -8.600413   12.35407    -0.70   0.486    -32.81394    15.61311
              12  |  -19.99415     13.146    -1.52   0.128    -45.75984    5.771543
              13  |  -23.95733   12.86563    -1.86   0.063    -49.17349    1.258832
              14  |  -36.93586   12.22281    -3.02   0.003    -60.89213   -12.97959
              15  |  -18.10063   11.05365    -1.64   0.102     -39.7654    3.564131
              16  |  -24.97928   11.40054    -2.19   0.028    -47.32393   -2.634629
              17  |  -9.498105   11.42888    -0.83   0.406     -31.8983    12.90209
              18  |  -15.46498   13.21487    -1.17   0.242    -41.36564    10.43568
              19  |   -3.14243   12.49895    -0.25   0.801    -27.63993    21.35507
              20  |  -4.528373   12.10918    -0.37   0.708    -28.26193    19.20518
              21  |   3.939328   12.11594     0.33   0.745    -19.80748    27.68614
              22  |  -18.89839   13.19279    -1.43   0.152    -44.75577    6.959002
              23  |  -6.740012   10.97411    -0.61   0.539    -28.24887    14.76885
              24  |   12.77444   10.22035     1.25   0.211    -7.257079    32.80595
                  |
       hour#c.gas |
               2  |  -2.677831   1.990248    -1.35   0.178    -6.578646    1.222984
               3  |   -4.79097   1.895663    -2.53   0.011    -8.506401   -1.075539
               4  |  -5.179491   1.921739    -2.70   0.007     -8.94603   -1.412953
               5  |  -5.067029   1.908863    -2.65   0.008    -8.808331   -1.325727
               6  |  -6.550303   1.843013    -3.55   0.000    -10.16254   -2.938065
               7  |  -4.867904   1.815725    -2.68   0.007    -8.426659   -1.309149
               8  |   -1.82024   1.873427    -0.97   0.331     -5.49209    1.851609
               9  |  -.1962561   2.313126    -0.08   0.932      -4.7299    4.337387
              10  |  -.4616836   2.320498    -0.20   0.842    -5.009776    4.086409
              11  |   .9660292   2.274968     0.42   0.671    -3.492826    5.424884
              12  |    .890344   2.354727     0.38   0.705    -3.724837    5.505525
              13  |   .5220512   2.147596     0.24   0.808     -3.68716    4.731262
              14  |  -.8944136    1.92959    -0.46   0.643     -4.67634    2.887513
              15  |  -1.072724   1.989795    -0.54   0.590    -4.972652    2.827203
              16  |   -1.21563    1.92806    -0.63   0.528    -4.994557    2.563298
              17  |  -1.448502    1.92897    -0.75   0.453    -5.229214    2.332209
              18  |  -1.733006   2.028772    -0.85   0.393    -5.709327    2.243315
              19  |   1.643375   2.325887     0.71   0.480     -2.91528    6.202029
              20  |   3.597515    2.02232     1.78   0.075    -.3661601     7.56119
              21  |   1.919744     1.8141     1.06   0.290    -1.635827    5.475316
              22  |   1.794881   1.962255     0.91   0.360    -2.051067    5.640829
              23  |  -1.297881   2.224495    -0.58   0.560    -5.657811    3.062049
              24  |   .1007275   2.251358     0.04   0.964    -4.311853    4.513308
                  |
     hour#c.brent |
               2  |  -1.752191   1.871809    -0.94   0.349    -5.420869    1.916486
               3  |  -.8318021   1.804749    -0.46   0.645    -4.369045    2.705441
               4  |  -2.917635    1.78891    -1.63   0.103    -6.423834    .5885635
               5  |  -4.538648   1.808497    -2.51   0.012    -8.083237   -.9940597
               6  |  -3.669471    1.70512    -2.15   0.031    -7.011444   -.3274969
               7  |  -2.866087   1.724663    -1.66   0.097    -6.246366    .5141908
               8  |  -2.793746   1.852309    -1.51   0.131    -6.424205     .836714
               9  |  -1.536088    2.27988    -0.67   0.500    -6.004571    2.932394
              10  |    1.71301   2.337277     0.73   0.464    -2.867969    6.293989
              11  |   3.397448   2.299185     1.48   0.139    -1.108873    7.903768
              12  |     3.6598   2.413541     1.52   0.129    -1.070653    8.390253
              13  |   4.551329   2.208756     2.06   0.039     .2222475     8.88041
              14  |   5.233675   2.050333     2.55   0.011     1.215096    9.252254
              15  |   5.525307   2.071276     2.67   0.008     1.465682    9.584933
              16  |   3.871455   1.991857     1.94   0.052    -.0325118    7.775423
              17  |   3.203603   2.012363     1.59   0.111    -.7405558    7.147762
              18  |    4.27155   2.116038     2.02   0.044     .1241925    8.418908
              19  |   3.199703    2.25472     1.42   0.156    -1.219467    7.618874
              20  |   3.987527   2.161037     1.85   0.065    -.2480272    8.223082
              21  |   5.646724   1.930571     2.92   0.003     1.862874    9.430574
              22  |   6.213134   2.107535     2.95   0.003     2.082441    10.34383
              23  |   5.906747   2.089846     2.83   0.005     1.810725    10.00277
              24  |   2.805798   2.071742     1.35   0.176    -1.254741    6.866338
                  |
             coal |   -19.6971   52.54078    -0.37   0.708    -122.6751    83.28094
              gas |   12.63016   2.003014     6.31   0.000     8.704327      16.556
            brent |   4.688156   4.035182     1.16   0.245    -3.220655    12.59697
         _Ihour_2 |   13.54408    8.82794     1.53   0.125    -3.758368    30.84652
         _Ihour_3 |   11.65285   8.823617     1.32   0.187    -5.641126    28.94682
         _Ihour_4 |   22.30088   8.917407     2.50   0.012     4.823089    39.77868
         _Ihour_5 |   26.39802   8.748246     3.02   0.003     9.251772    43.54427
         _Ihour_6 |    30.1445   8.801111     3.43   0.001     12.89464    47.39436
         _Ihour_7 |   14.14004   8.267522     1.71   0.087    -2.064004    30.34409
         _Ihour_8 |   15.56602   9.520535     1.63   0.102    -3.093882    34.22593
         _Ihour_9 |   12.84944   11.02417     1.17   0.244    -8.757539    34.45641
        _Ihour_10 |   4.828186   11.59981     0.42   0.677    -17.90703     27.5634
        _Ihour_11 |  -3.217872   11.03938    -0.29   0.771    -24.85466    18.41892
        _Ihour_12 |   5.357723   11.50507     0.47   0.641     -17.1918    27.90724
        _Ihour_13 |   6.730375   11.02875     0.61   0.542    -14.88558    28.34633
        _Ihour_14 |   14.77824   10.51858     1.40   0.160    -5.837793    35.39427
        _Ihour_15 |   -1.16192   9.957917    -0.12   0.907    -20.67908    18.35524
        _Ihour_16 |   7.120506    10.0842     0.71   0.480    -12.64416    26.88518
        _Ihour_17 |   -1.90504   10.13544    -0.19   0.851    -21.77014    17.96006
        _Ihour_18 |   2.455484    11.3219     0.22   0.828    -19.73503      24.646
        _Ihour_19 |  -3.056395   10.95691    -0.28   0.780    -24.53155    18.41876
        _Ihour_20 |   -.539634   11.02713    -0.05   0.961    -22.15242    21.07315
        _Ihour_21 |  -8.852273   10.74615    -0.82   0.410    -29.91433    12.20978
        _Ihour_22 |   1.195079   11.48395     0.10   0.917    -21.31305    23.70321
        _Ihour_23 |  -4.048346    9.50784    -0.43   0.670    -22.68337    14.58668
        _Ihour_24 |  -10.95921   8.991125    -1.22   0.223    -28.58149    6.663069
      _Iyear_2005 |   15.03361   1.427474    10.53   0.000     12.23581    17.83141
      _Iyear_2006 |   28.73702   2.984457     9.63   0.000     22.88759    34.58644
      _Iyear_2007 |          0  (omitted)
        _Iweekd_2 |    .475452    .252822     1.88   0.060      -.02007    .9709739
        _Iweekd_3 |   1.021466   .2602642     3.92   0.000     .5113579    1.531575
        _Iweekd_4 |   1.172262   .2653359     4.42   0.000     .6522127     1.69231
        _Iweekd_5 |  -.3103265   .2548317    -1.22   0.223    -.8097873    .1891344
        _Iweekd_6 |  -4.335793   .2587496   -16.76   0.000    -4.842933   -3.828653
        _Iweekd_7 |  -9.338193   .2986362   -31.27   0.000    -9.923509   -8.752877
        _Imonth_2 |    -15.393   3.776548    -4.08   0.000     -22.7949   -7.991105
        _Imonth_3 |  -12.16646   3.651574    -3.33   0.001    -19.32341   -5.009508
        _Imonth_4 |  -16.35832   3.168405    -5.16   0.000    -22.56828   -10.14836
        _Imonth_5 |  -18.41103   3.640178    -5.06   0.000    -25.54565   -11.27641
        _Imonth_6 |  -47.32131   6.539415    -7.24   0.000    -60.13833   -34.50429
        _Imonth_7 |  -21.78294   6.102187    -3.57   0.000    -33.74301   -9.822874
        _Imonth_8 |   -25.1368   6.721154    -3.74   0.000    -38.31002   -11.96358
        _Imonth_9 |  -39.28064   6.433819    -6.11   0.000    -51.89069   -26.67059
       _Imonth_10 |  -22.06662   4.183658    -5.27   0.000    -30.26644    -13.8668
       _Imonth_11 |   4.320899    3.86938     1.12   0.264    -3.262946    11.90474
       _Imonth_12 |   -7.09037   4.193704    -1.69   0.091    -15.30988    1.129137
 _ImonXyea_2_2005 |   .8579161   .9126653     0.94   0.347    -.9308751    2.646707
 _ImonXyea_2_2006 |   2.227327   1.319995     1.69   0.092    -.3598158    4.814469
 _ImonXyea_2_2007 |          0  (omitted)
 _ImonXyea_3_2005 |   4.309995   1.273211     3.39   0.001     1.814547    6.805444
 _ImonXyea_3_2006 |          0  (omitted)
 _ImonXyea_3_2007 |          0  (omitted)
 _ImonXyea_4_2005 |  -.0125405   1.454444    -0.01   0.993    -2.863199    2.838118
 _ImonXyea_4_2006 |          0  (omitted)
 _ImonXyea_4_2007 |          0  (omitted)
 _ImonXyea_5_2005 |  -5.506269   1.490588    -3.69   0.000    -8.427768   -2.584771
 _ImonXyea_5_2006 |          0  (omitted)
 _ImonXyea_5_2007 |          0  (omitted)
 _ImonXyea_6_2005 |   4.992873   1.907819     2.62   0.009     1.253616     8.73213
 _ImonXyea_6_2006 |          0  (omitted)
 _ImonXyea_6_2007 |          0  (omitted)
 _ImonXyea_7_2005 |   7.927775   2.122285     3.74   0.000     3.768173    12.08738
 _ImonXyea_7_2006 |          0  (omitted)
 _ImonXyea_7_2007 |          0  (omitted)
 _ImonXyea_8_2005 |    5.95295   1.987332     3.00   0.003     2.057852    9.848048
 _ImonXyea_8_2006 |          0  (omitted)
 _ImonXyea_8_2007 |          0  (omitted)
 _ImonXyea_9_2005 |   6.178466   2.142994     2.88   0.004     1.978274    10.37866
 _ImonXyea_9_2006 |          0  (omitted)
 _ImonXyea_9_2007 |          0  (omitted)
_ImonXyea_10_2005 |    .104008   2.034633     0.05   0.959      -3.8838    4.091816
_ImonXyea_10_2006 |          0  (omitted)
_ImonXyea_10_2007 |          0  (omitted)
_ImonXyea_11_2005 |   4.046566   1.919805     2.11   0.035     .2838187    7.809314
_ImonXyea_11_2006 |          0  (omitted)
_ImonXyea_11_2007 |          0  (omitted)
_ImonXyea_12_2005 |    7.16219   2.106256     3.40   0.001     3.034004    11.29038
_ImonXyea_12_2006 |          0  (omitted)
_ImonXyea_12_2007 |          0  (omitted)
    _ImonXhou_2_2 |   -.114316   2.285716    -0.05   0.960    -4.594237    4.365605
    _ImonXhou_2_3 |  -.2352619   2.324416    -0.10   0.919    -4.791034     4.32051
    _ImonXhou_2_4 |   2.756403   2.249182     1.23   0.220    -1.651913    7.164719
    _ImonXhou_2_5 |    2.29793   2.126974     1.08   0.280    -1.870863    6.466724
    _ImonXhou_2_6 |    2.09652   2.067208     1.01   0.310    -1.955133    6.148173
    _ImonXhou_2_7 |   2.843052   2.159155     1.32   0.188    -1.388814    7.074918
    _ImonXhou_2_8 |   1.593582   2.423032     0.66   0.511    -3.155473    6.342637
    _ImonXhou_2_9 |    1.15437   2.991542     0.39   0.700    -4.708946    7.017685
   _ImonXhou_2_10 |   3.398667   2.987261     1.14   0.255    -2.456258    9.253592
   _ImonXhou_2_11 |   2.952895   2.839318     1.04   0.298    -2.612067    8.517857
   _ImonXhou_2_12 |   2.290299    2.83391     0.81   0.419    -3.264063     7.84466
   _ImonXhou_2_13 |   2.656825    2.57172     1.03   0.302    -2.383654    7.697304
   _ImonXhou_2_14 |    1.90324   2.359575     0.81   0.420    -2.721442    6.527921
   _ImonXhou_2_15 |  -.4308981   2.299323    -0.19   0.851    -4.937489    4.075693
   _ImonXhou_2_16 |  -.4239895   2.390805    -0.18   0.859    -5.109881    4.261902
   _ImonXhou_2_17 |   -1.35882   2.402762    -0.57   0.572    -6.068148    3.350507
   _ImonXhou_2_18 |  -2.806362    2.42989    -1.15   0.248     -7.56886    1.956135
   _ImonXhou_2_19 |  -5.912996   2.389767    -2.47   0.013    -10.59685   -1.229139
   _ImonXhou_2_20 |   -2.85035    2.43135    -1.17   0.241    -7.615708    1.915009
   _ImonXhou_2_21 |  -.0744639   2.507105    -0.03   0.976      -4.9883    4.839372
   _ImonXhou_2_22 |   2.799529   2.553439     1.10   0.273    -2.205119    7.804177
   _ImonXhou_2_23 |  -1.778681   2.278373    -0.78   0.435     -6.24421    2.686848
   _ImonXhou_2_24 |  -2.574448   2.302513    -1.12   0.264    -7.087291    1.938395
    _ImonXhou_3_2 |    3.22846   2.729739     1.18   0.237    -2.121731    8.578651
    _ImonXhou_3_3 |    2.43538   2.579322     0.94   0.345    -2.619998    7.490758
    _ImonXhou_3_4 |   4.652702   2.601066     1.79   0.074     -.445293    9.750697
    _ImonXhou_3_5 |   6.060825   2.574958     2.35   0.019        1.014    11.10765
    _ImonXhou_3_6 |    5.72284   2.525928     2.27   0.023     .7721124    10.67357
    _ImonXhou_3_7 |   5.837029   2.482456     2.35   0.019     .9715045    10.70255
    _ImonXhou_3_8 |   3.082629   2.688452     1.15   0.252    -2.186639    8.351897
    _ImonXhou_3_9 |   6.281618   3.253085     1.93   0.053    -.0943119    12.65755
   _ImonXhou_3_10 |   10.03146   3.299281     3.04   0.002     3.564988    16.49793
   _ImonXhou_3_11 |   6.251584   3.232159     1.93   0.053    -.0833304     12.5865
   _ImonXhou_3_12 |   6.905615   3.321918     2.08   0.038     .3947751    13.41645
   _ImonXhou_3_13 |   6.255698   3.089688     2.02   0.043     .2000197    12.31138
   _ImonXhou_3_14 |   5.689486   2.858585     1.99   0.047     .0867622    11.29221
   _ImonXhou_3_15 |   4.917257   2.714314     1.81   0.070    -.4027004    10.23721
   _ImonXhou_3_16 |   4.263006    2.78481     1.53   0.126    -1.195121    9.721133
   _ImonXhou_3_17 |   4.978438   2.749115     1.81   0.070    -.4097284    10.36661
   _ImonXhou_3_18 |   2.546606   2.814547     0.90   0.366    -2.969805    8.063017
   _ImonXhou_3_19 |  -2.668766   2.791226    -0.96   0.339    -8.139469    2.801937
   _ImonXhou_3_20 |  -2.404969   3.062147    -0.79   0.432    -8.406667    3.596728
   _ImonXhou_3_21 |   1.761534    3.01531     0.58   0.559    -4.148364    7.671433
   _ImonXhou_3_22 |   7.200357   2.960091     2.43   0.015     1.398686    13.00203
   _ImonXhou_3_23 |   3.045927   2.863509     1.06   0.287    -2.566448    8.658303
   _ImonXhou_3_24 |  -.4285241   2.868044    -0.15   0.881    -6.049788    5.192739
    _ImonXhou_4_2 |   2.094419   2.188942     0.96   0.339    -2.195828    6.384666
    _ImonXhou_4_3 |   2.127075   2.171704     0.98   0.327    -2.129387    6.383537
    _ImonXhou_4_4 |   5.507892   2.062754     2.67   0.008     1.464968    9.550817
    _ImonXhou_4_5 |   6.585974   2.006839     3.28   0.001     2.652642    10.51931
    _ImonXhou_4_6 |   6.972606   2.003947     3.48   0.001     3.044942    10.90027
    _ImonXhou_4_7 |   6.193017   2.021249     3.06   0.002     2.231441    10.15459
    _ImonXhou_4_8 |   4.745359   2.244419     2.11   0.034     .3463781    9.144341
    _ImonXhou_4_9 |   4.005782   2.707871     1.48   0.139    -1.301547    9.313111
   _ImonXhou_4_10 |   4.465514   2.736991     1.63   0.103    -.8988898    9.829917
   _ImonXhou_4_11 |   2.428111   2.659794     0.91   0.361     -2.78499    7.641211
   _ImonXhou_4_12 |   2.073569   2.669832     0.78   0.437    -3.159205    7.306343
   _ImonXhou_4_13 |   2.909414   2.414734     1.20   0.228    -1.823376    7.642205
   _ImonXhou_4_14 |    2.35101   2.227354     1.06   0.291    -2.014523    6.716544
   _ImonXhou_4_15 |    2.33391   2.173443     1.07   0.283     -1.92596     6.59378
   _ImonXhou_4_16 |   3.101572    2.26119     1.37   0.170    -1.330279    7.533423
   _ImonXhou_4_17 |   2.449957   2.217999     1.10   0.269    -1.897242    6.797156
   _ImonXhou_4_18 |   .8983836   2.318035     0.39   0.698    -3.644881    5.441648
   _ImonXhou_4_19 |  -4.939724   2.322003    -2.13   0.033    -9.490766   -.3886809
   _ImonXhou_4_20 |  -12.95954   2.383974    -5.44   0.000    -17.63205    -8.28704
   _ImonXhou_4_21 |  -10.15722   2.364375    -4.30   0.000    -14.79131   -5.523129
   _ImonXhou_4_22 |   2.947553   2.435766     1.21   0.226    -1.826461    7.721567
   _ImonXhou_4_23 |   -1.10783    2.26715    -0.49   0.625    -5.551363    3.335702
   _ImonXhou_4_24 |  -6.959826   2.301529    -3.02   0.002    -11.47074   -2.448913
    _ImonXhou_5_2 |   2.890377    2.30863     1.25   0.211    -1.634455    7.415208
    _ImonXhou_5_3 |   4.233211   2.288987     1.85   0.064    -.2531211    8.719542
    _ImonXhou_5_4 |   7.252198   2.220082     3.27   0.001     2.900918    11.60348
    _ImonXhou_5_5 |   9.132957   2.171487     4.21   0.000     4.876922    13.38899
    _ImonXhou_5_6 |   9.361042   2.138623     4.38   0.000     5.169418    13.55267
    _ImonXhou_5_7 |   7.290151   2.144101     3.40   0.001      3.08779    11.49251
    _ImonXhou_5_8 |   4.893742   2.347182     2.08   0.037     .2933501    9.494134
    _ImonXhou_5_9 |   5.710854   2.899188     1.97   0.049       .02855    11.39316
   _ImonXhou_5_10 |   4.514783   2.856821     1.58   0.114    -1.084483    10.11405
   _ImonXhou_5_11 |   2.035253   2.802875     0.73   0.468     -3.45828    7.528787
   _ImonXhou_5_12 |    1.88122    2.89837     0.65   0.516     -3.79948     7.56192
   _ImonXhou_5_13 |    2.34599   2.580456     0.91   0.363    -2.711612    7.403591
   _ImonXhou_5_14 |   2.542564     2.4096     1.06   0.291    -2.180166    7.265294
   _ImonXhou_5_15 |   3.077431   2.464942     1.25   0.212    -1.753767    7.908628
   _ImonXhou_5_16 |   4.201188   2.458498     1.71   0.087    -.6173788    9.019755
   _ImonXhou_5_17 |   4.090991   2.421514     1.69   0.091     -.655089    8.837071
   _ImonXhou_5_18 |   2.063701   2.490629     0.83   0.407    -2.817841    6.945243
   _ImonXhou_5_19 |  -2.875879   2.466412    -1.17   0.244    -7.709959      1.9582
   _ImonXhou_5_20 |  -11.32848   2.500646    -4.53   0.000    -16.22966   -6.427307
   _ImonXhou_5_21 |  -12.21943    2.44256    -5.00   0.000    -17.00676   -7.432102
   _ImonXhou_5_22 |  -.6144506   2.434044    -0.25   0.801     -5.38509    4.156189
   _ImonXhou_5_23 |  -.0545035   2.483803    -0.02   0.982    -4.922668    4.813661
   _ImonXhou_5_24 |  -5.874874    2.41605    -2.43   0.015    -10.61024   -1.139504
    _ImonXhou_6_2 |   2.846175   2.576226     1.10   0.269    -2.203136    7.895486
    _ImonXhou_6_3 |   3.980586   2.563045     1.55   0.120    -1.042891    9.004062
    _ImonXhou_6_4 |   8.140535   2.507761     3.25   0.001     3.225413    13.05566
    _ImonXhou_6_5 |   10.20658   2.478419     4.12   0.000     5.348972     15.0642
    _ImonXhou_6_6 |   11.09624   2.443163     4.54   0.000     6.307725    15.88475
    _ImonXhou_6_7 |   8.515725   2.417107     3.52   0.000     3.778283    13.25317
    _ImonXhou_6_8 |   5.360719   2.614838     2.05   0.040     .2357301    10.48571
    _ImonXhou_6_9 |   10.90873   3.345712     3.26   0.001     4.351257    17.46621
   _ImonXhou_6_10 |   13.59347   3.302088     4.12   0.000     7.121494    20.06544
   _ImonXhou_6_11 |   12.37318   3.289815     3.76   0.000     5.925265     18.8211
   _ImonXhou_6_12 |   14.25728   3.475742     4.10   0.000     7.444949    21.06961
   _ImonXhou_6_13 |   14.98634   3.195199     4.69   0.000     8.723869    21.24882
   _ImonXhou_6_14 |   18.50241   3.093389     5.98   0.000     12.43948    24.56534
   _ImonXhou_6_15 |    16.2773   3.138249     5.19   0.000     10.12645    22.42815
   _ImonXhou_6_16 |   15.92403   3.101263     5.13   0.000     9.845671     22.0024
   _ImonXhou_6_17 |    16.3828   3.122375     5.25   0.000     10.26306    22.50254
   _ImonXhou_6_18 |   16.29299   3.404979     4.79   0.000     9.619358    22.96663
   _ImonXhou_6_19 |   7.850923   3.038055     2.58   0.010     1.896445     13.8054
   _ImonXhou_6_20 |   .0771035    2.96349     0.03   0.979     -5.73123    5.885437
   _ImonXhou_6_21 |  -4.859988   2.759737    -1.76   0.078    -10.26897    .5489983
   _ImonXhou_6_22 |   2.882431   2.789458     1.03   0.301    -2.584807    8.349669
   _ImonXhou_6_23 |   7.675288   2.752749     2.79   0.005     2.279998    13.07058
   _ImonXhou_6_24 |  -1.548509   2.755419    -0.56   0.574    -6.949031    3.852014
    _ImonXhou_7_2 |   4.801542   2.845251     1.69   0.091    -.7750467    10.37813
    _ImonXhou_7_3 |   4.906899   2.775886     1.77   0.077    -.5337367    10.34753
    _ImonXhou_7_4 |   10.31269   2.748335     3.75   0.000     4.926053    15.69933
    _ImonXhou_7_5 |   12.65168   2.756616     4.59   0.000     7.248815    18.05455
    _ImonXhou_7_6 |   13.52534   2.706532     5.00   0.000     8.220631    18.83004
    _ImonXhou_7_7 |   9.883501   2.660184     3.72   0.000     4.669636    15.09737
    _ImonXhou_7_8 |   6.403776   2.872042     2.23   0.026      .774677    12.03287
    _ImonXhou_7_9 |   7.913894   3.554109     2.23   0.026     .9479688    14.87982
   _ImonXhou_7_10 |   10.24967   3.553465     2.88   0.004     3.285008    17.21434
   _ImonXhou_7_11 |    10.4217   3.568559     2.92   0.003     3.427447    17.41594
   _ImonXhou_7_12 |   11.34474    3.75699     3.02   0.003     3.981171     18.7083
   _ImonXhou_7_13 |   14.28307   3.460946     4.13   0.000      7.49974     21.0664
   _ImonXhou_7_14 |   14.84041    3.23412     4.59   0.000     8.501649    21.17917
   _ImonXhou_7_15 |   13.72356   3.108363     4.42   0.000     7.631284    19.81584
   _ImonXhou_7_16 |    16.4199   3.123522     5.26   0.000     10.29791    22.54189
   _ImonXhou_7_17 |   11.79802   3.190392     3.70   0.000     5.544965    18.05107
   _ImonXhou_7_18 |   12.30972   3.329864     3.70   0.000     5.783303    18.83613
   _ImonXhou_7_19 |   6.433016   3.347169     1.92   0.055    -.1273153    12.99335
   _ImonXhou_7_20 |  -3.527715   3.199974    -1.10   0.270     -9.79955     2.74412
   _ImonXhou_7_21 |  -6.540138   3.024514    -2.16   0.031    -12.46808   -.6121993
   _ImonXhou_7_22 |  -.3996046   3.081996    -0.13   0.897    -6.440205    5.640996
   _ImonXhou_7_23 |   6.607542   3.042414     2.17   0.030     .6445199    12.57056
   _ImonXhou_7_24 |  -3.754076   3.047725    -1.23   0.218    -9.727509    2.219356
    _ImonXhou_8_2 |    6.55115   3.325858     1.97   0.049     .0325888    13.06971
    _ImonXhou_8_3 |   7.032383   3.311893     2.12   0.034     .5411918    13.52357
    _ImonXhou_8_4 |   13.28893   3.403439     3.90   0.000     6.618313    19.95955
    _ImonXhou_8_5 |    15.5187   3.386788     4.58   0.000     8.880715    22.15668
    _ImonXhou_8_6 |   15.84503   3.290235     4.82   0.000     9.396286    22.29377
    _ImonXhou_8_7 |   11.25446   3.137541     3.59   0.000     5.104993    17.40393
    _ImonXhou_8_8 |   6.583294   3.459028     1.90   0.057    -.1962775    13.36286
    _ImonXhou_8_9 |   4.548046   4.260387     1.07   0.286     -3.80216    12.89825
   _ImonXhou_8_10 |   6.438764   4.322544     1.49   0.136    -2.033267     14.9108
   _ImonXhou_8_11 |   4.025928   4.173689     0.96   0.335    -4.154352    12.20621
   _ImonXhou_8_12 |   7.356394   4.573128     1.61   0.108    -1.606772    16.31956
   _ImonXhou_8_13 |   9.128517   4.304357     2.12   0.034     .6921311     17.5649
   _ImonXhou_8_14 |   15.31427   4.117024     3.72   0.000     7.245056    23.38349
   _ImonXhou_8_15 |   8.733845   3.639239     2.40   0.016     1.601067    15.86662
   _ImonXhou_8_16 |   9.740319   3.737586     2.61   0.009     2.414785    17.06585
   _ImonXhou_8_17 |   7.025937   3.615798     1.94   0.052    -.0608971    14.11277
   _ImonXhou_8_18 |   7.667527   4.075556     1.88   0.060    -.3204162    15.65547
   _ImonXhou_8_19 |  -.5150844   4.087744    -0.13   0.900    -8.526914    7.496746
   _ImonXhou_8_20 |   -9.14291   3.920693    -2.33   0.020    -16.82733   -1.458493
   _ImonXhou_8_21 |  -12.20035   3.679639    -3.32   0.001    -19.41231    -4.98839
   _ImonXhou_8_22 |    1.82566   4.087463     0.45   0.655     -6.18562    9.836941
   _ImonXhou_8_23 |   2.838191   3.658842     0.78   0.438    -4.333007    10.00939
   _ImonXhou_8_24 |  -7.536642   3.598369    -2.09   0.036    -14.58931   -.4839681
    _ImonXhou_9_2 |     5.8547   3.297414     1.78   0.076     -.608112    12.31751
    _ImonXhou_9_3 |   5.358771   3.240397     1.65   0.098    -.9922892    11.70983
    _ImonXhou_9_4 |   11.93423   3.271398     3.65   0.000     5.522408    18.34605
    _ImonXhou_9_5 |   13.95416   3.224889     4.33   0.000     7.633492    20.27483
    _ImonXhou_9_6 |   15.14109   3.222456     4.70   0.000     8.825188    21.45698
    _ImonXhou_9_7 |   11.33698   3.066338     3.70   0.000     5.327064    17.34689
    _ImonXhou_9_8 |   13.37205   3.396946     3.94   0.000     6.714161    20.02994
    _ImonXhou_9_9 |   12.66788   4.185268     3.03   0.002     4.464903    20.87085
   _ImonXhou_9_10 |   13.19552   4.158558     3.17   0.002     5.044896    21.34614
   _ImonXhou_9_11 |   11.35068   4.064811     2.79   0.005     3.383803    19.31757
   _ImonXhou_9_12 |   13.89091    4.49455     3.09   0.002     5.081756    22.70007
   _ImonXhou_9_13 |   16.86991   4.059426     4.16   0.000     8.913583    24.82624
   _ImonXhou_9_14 |   15.94699   3.733892     4.27   0.000     8.628694    23.26528
   _ImonXhou_9_15 |    11.7553    3.51376     3.35   0.001     4.868459    18.64215
   _ImonXhou_9_16 |   15.16489   3.643321     4.16   0.000      8.02411    22.30566
   _ImonXhou_9_17 |   14.26738   3.726219     3.83   0.000      6.96413    21.57064
   _ImonXhou_9_18 |   14.16266   4.092905     3.46   0.001     6.140713    22.18461
   _ImonXhou_9_19 |   6.897383   3.773959     1.83   0.068    -.4994409    14.29421
   _ImonXhou_9_20 |  -2.063224   3.714335    -0.56   0.579    -9.343187     5.21674
   _ImonXhou_9_21 |   2.040488   3.681842     0.55   0.579     -5.17579    9.256766
   _ImonXhou_9_22 |   18.13917   3.861419     4.70   0.000     10.57093    25.70741
   _ImonXhou_9_23 |   5.186709   3.602111     1.44   0.150    -1.873299    12.24672
   _ImonXhou_9_24 |  -8.479049   3.470354    -2.44   0.015    -15.28082    -1.67728
   _ImonXhou_10_2 |   6.546684   3.252907     2.01   0.044     .1711035    12.92226
   _ImonXhou_10_3 |   5.808313   3.148888     1.84   0.065    -.3633932    11.98002
   _ImonXhou_10_4 |   11.95412   3.237106     3.69   0.000      5.60951    18.29873
   _ImonXhou_10_5 |   14.87689   3.258819     4.57   0.000     8.489717    21.26405
   _ImonXhou_10_6 |   15.37486   3.213808     4.78   0.000      9.07591     21.6738
   _ImonXhou_10_7 |   12.55548   3.039403     4.13   0.000     6.598364     18.5126
   _ImonXhou_10_8 |   16.45702   3.479035     4.73   0.000     9.638242    23.27581
   _ImonXhou_10_9 |   16.33971   4.243777     3.85   0.000     8.022064    24.65736
  _ImonXhou_10_10 |   12.05009   4.138967     2.91   0.004     3.937867    20.16232
  _ImonXhou_10_11 |   9.065371   4.052201     2.24   0.025     1.123204    17.00754
  _ImonXhou_10_12 |   9.915196    4.24955     2.33   0.020     1.586231    18.24416
  _ImonXhou_10_13 |   10.41736   3.756679     2.77   0.006     3.054401    17.78031
  _ImonXhou_10_14 |   10.56037    3.44794     3.06   0.002     3.802532    17.31821
  _ImonXhou_10_15 |   7.459749   3.463851     2.15   0.031     .6707255    14.24877
  _ImonXhou_10_16 |   8.468557   3.496491     2.42   0.015      1.61556    15.32155
  _ImonXhou_10_17 |   9.176354   3.475542     2.64   0.008     2.364416    15.98829
  _ImonXhou_10_18 |   8.073589   3.581021     2.25   0.024     1.054916    15.09226
  _ImonXhou_10_19 |   1.063897   3.587321     0.30   0.767    -5.967124    8.094918
  _ImonXhou_10_20 |  -.0304397     3.7573    -0.01   0.994    -7.394613    7.333734
  _ImonXhou_10_21 |   7.640441   3.833618     1.99   0.046     .1266885    15.15419
  _ImonXhou_10_22 |   9.589597   3.544803     2.71   0.007     2.641911    16.53728
  _ImonXhou_10_23 |   2.133907    3.54198     0.60   0.547    -4.808246     9.07606
  _ImonXhou_10_24 |  -6.690801   3.524476    -1.90   0.058    -13.59865     .217044
   _ImonXhou_11_2 |   .8109092   2.657535     0.31   0.760    -4.397764    6.019583
   _ImonXhou_11_3 |   .7117333   2.607841     0.27   0.785    -4.399541    5.823007
   _ImonXhou_11_4 |   3.902976   2.518477     1.55   0.121    -1.033148    8.839099
   _ImonXhou_11_5 |   5.904275   2.489072     2.37   0.018     1.025784    10.78277
   _ImonXhou_11_6 |   6.752199   2.495441     2.71   0.007     1.861225    11.64317
   _ImonXhou_11_7 |   5.126052   2.437923     2.10   0.035     .3478106    9.904293
   _ImonXhou_11_8 |   5.716768   2.736945     2.09   0.037     .3524538    11.08108
   _ImonXhou_11_9 |    6.59663    3.33734     1.98   0.048     .0555632     13.1377
  _ImonXhou_11_10 |    7.12307   3.353981     2.12   0.034     .5493871    13.69675
  _ImonXhou_11_11 |   5.546751   3.281727     1.69   0.091    -.8853145    11.97882
  _ImonXhou_11_12 |   5.171008   3.447033     1.50   0.134    -1.585052    11.92707
  _ImonXhou_11_13 |   3.817632   2.982179     1.28   0.200    -2.027331    9.662596
  _ImonXhou_11_14 |   4.150415   2.736536     1.52   0.129    -1.213096    9.513926
  _ImonXhou_11_15 |   1.232719   2.656529     0.46   0.643    -3.973983    6.439421
  _ImonXhou_11_16 |   2.962876   2.775273     1.07   0.286    -2.476559    8.402311
  _ImonXhou_11_17 |   3.735242   2.788772     1.34   0.180    -1.730651    9.201135
  _ImonXhou_11_18 |   3.479446   2.802615     1.24   0.214    -2.013577     8.97247
  _ImonXhou_11_19 |   7.100979   3.030703     2.34   0.019     1.160911    13.04105
  _ImonXhou_11_20 |    3.84222   2.978343     1.29   0.197    -1.995225    9.679666
  _ImonXhou_11_21 |    .240337   2.962024     0.08   0.935    -5.565124    6.045798
  _ImonXhou_11_22 |   2.282816   2.845686     0.80   0.422    -3.294625    7.860257
  _ImonXhou_11_23 |  -1.168856   2.695839    -0.43   0.665    -6.452604    4.114892
  _ImonXhou_11_24 |   -2.84278   2.751696    -1.03   0.302    -8.236005    2.550446
   _ImonXhou_12_2 |  -2.852212   2.545104    -1.12   0.262    -7.840524      2.1361
   _ImonXhou_12_3 |  -6.359995   2.371166    -2.68   0.007     -11.0074   -1.712595
   _ImonXhou_12_4 |  -4.291235   2.220233    -1.93   0.053    -8.642811    .0603407
   _ImonXhou_12_5 |  -3.964989   2.122569    -1.87   0.062    -8.125148    .1951704
   _ImonXhou_12_6 |  -4.213373   2.115442    -1.99   0.046    -8.359564   -.0671821
   _ImonXhou_12_7 |   -5.02503   2.302121    -2.18   0.029    -9.537105   -.5129558
   _ImonXhou_12_8 |  -4.628952   2.773361    -1.67   0.095    -10.06464    .8067357
   _ImonXhou_12_9 |  -4.699155   3.377413    -1.39   0.164    -11.31876    1.920452
  _ImonXhou_12_10 |   -3.41704   3.396815    -1.01   0.314    -10.07467    3.240594
  _ImonXhou_12_11 |  -.4110277   3.197206    -0.13   0.898    -6.677436    5.855381
  _ImonXhou_12_12 |   .7737758     3.1971     0.24   0.809    -5.492424    7.039976
  _ImonXhou_12_13 |  -2.046385   2.709816    -0.76   0.450    -7.357526    3.264756
  _ImonXhou_12_14 |  -2.294054   2.641094    -0.87   0.385    -7.470504    2.882396
  _ImonXhou_12_15 |  -4.293977   2.396552    -1.79   0.073    -8.991132    .4031791
  _ImonXhou_12_16 |  -3.698529   2.558619    -1.45   0.148    -8.713331    1.316272
  _ImonXhou_12_17 |  -4.097168   2.587502    -1.58   0.113    -9.168579    .9742433
  _ImonXhou_12_18 |  -.2513314   2.779246    -0.09   0.928    -5.698553     5.19589
  _ImonXhou_12_19 |   2.344237   2.668278     0.88   0.380    -2.885492    7.573966
  _ImonXhou_12_20 |   -4.30774   2.662848    -1.62   0.106    -9.526827    .9113467
  _ImonXhou_12_21 |  -5.354276   2.772675    -1.93   0.053    -10.78862    .0800677
  _ImonXhou_12_22 |  -1.758908   2.694422    -0.65   0.514    -7.039877    3.522062
  _ImonXhou_12_23 |  -5.152722   2.588649    -1.99   0.047    -10.22638   -.0790625
  _ImonXhou_12_24 |  -4.105975   2.512946    -1.63   0.102    -9.031258    .8193089
     _ImonXtemp_2 |  -1.597613   .2815858    -5.67   0.000    -2.149511   -1.045715
     _ImonXtemp_3 |  -2.722848   .2601716   -10.47   0.000    -3.232775   -2.212921
     _ImonXtemp_4 |  -.8568671   .2018875    -4.24   0.000    -1.252559   -.4611748
     _ImonXtemp_5 |  -1.958778   .2663595    -7.35   0.000    -2.480833   -1.436723
     _ImonXtemp_6 |   2.064138    .434777     4.75   0.000     1.211991    2.916285
     _ImonXtemp_7 |   .7652021   .3613178     2.12   0.034     .0570321    1.473372
     _ImonXtemp_8 |    .001441   .3507011     0.00   0.997    -.6859205    .6888025
     _ImonXtemp_9 |  -.4606058   .2945706    -1.56   0.118    -1.037954     .116742
    _ImonXtemp_10 |  -.5919018   .2542946    -2.33   0.020     -1.09031   -.0934935
    _ImonXtemp_11 |  -1.643456   .1560045   -10.53   0.000    -1.949219   -1.337693
    _ImonXtemp_12 |  -.1566908   .2567922    -0.61   0.542    -.6599944    .3466127
     _ImonXtempa2 |   1.441291   .2302288     6.26   0.000     .9900506    1.892531
     _ImonXtempa3 |   1.872819   .2296385     8.16   0.000     1.422736    2.322902
     _ImonXtempa4 |   1.182411   .1735419     6.81   0.000     .8422749    1.522547
     _ImonXtempa5 |   1.962176   .2019071     9.72   0.000     1.566445    2.357906
     _ImonXtempa6 |    .059094   .2543518     0.23   0.816    -.4394263    .5576143
     _ImonXtempa7 |   .1442124   .2074357     0.70   0.487     -.262354    .5507789
     _ImonXtempa8 |   .6837863   .1768919     3.87   0.000     .3370845    1.030488
     _ImonXtempa9 |   1.512773   .1984237     7.62   0.000      1.12387    1.901677
    _ImonXtempa10 |   1.154673   .1715129     6.73   0.000     .8185141    1.490832
    _ImonXtempa11 |    .630577   .1846125     3.42   0.001     .2687431    .9924109
    _ImonXtempa12 |   1.251505   .2681902     4.67   0.000     .7258621    1.777148
            coal2 |   50.37497   33.05561     1.52   0.128    -14.41284    115.1628
             gas2 |  -1.049894   .1929542    -5.44   0.000    -1.428077   -.6717104
           brent2 |  -1.358207   .6934656    -1.96   0.050    -2.717375    .0009602
            temp2 |   .0113557   .0094986     1.20   0.232    -.0072612    .0299726
         windtime |   -.918466    .110626    -8.30   0.000    -1.135289   -.7016431
            _cons |   11.03799   22.24649     0.50   0.620    -32.56433    54.64031
-----------------------------------------------------------------------------------
Instrumented:  ecost2
Instruments:   windx windx2 temp tempx humid 2.hour#c.coal 3.hour#c.coal
               4.hour#c.coal 5.hour#c.coal 6.hour#c.coal 7.hour#c.coal
               8.hour#c.coal 9.hour#c.coal 10.hour#c.coal 11.hour#c.coal
               12.hour#c.coal 13.hour#c.coal 14.hour#c.coal 15.hour#c.coal
               16.hour#c.coal 17.hour#c.coal 18.hour#c.coal 19.hour#c.coal
               20.hour#c.coal 21.hour#c.coal 22.hour#c.coal 23.hour#c.coal
               24.hour#c.coal 2.hour#c.gas 3.hour#c.gas 4.hour#c.gas 5.hour#c.gas
               6.hour#c.gas 7.hour#c.gas 8.hour#c.gas 9.hour#c.gas 10.hour#c.gas
               11.hour#c.gas 12.hour#c.gas 13.hour#c.gas 14.hour#c.gas
               15.hour#c.gas 16.hour#c.gas 17.hour#c.gas 18.hour#c.gas
               19.hour#c.gas 20.hour#c.gas 21.hour#c.gas 22.hour#c.gas
               23.hour#c.gas 24.hour#c.gas 2.hour#c.brent 3.hour#c.brent
               4.hour#c.brent 5.hour#c.brent 6.hour#c.brent 7.hour#c.brent
               8.hour#c.brent 9.hour#c.brent 10.hour#c.brent 11.hour#c.brent
               12.hour#c.brent 13.hour#c.brent 14.hour#c.brent 15.hour#c.brent
               16.hour#c.brent 17.hour#c.brent 18.hour#c.brent 19.hour#c.brent
               20.hour#c.brent 21.hour#c.brent 22.hour#c.brent 23.hour#c.brent
               24.hour#c.brent coal gas brent _Ihour_2 _Ihour_3 _Ihour_4 _Ihour_5
               _Ihour_6 _Ihour_7 _Ihour_8 _Ihour_9 _Ihour_10 _Ihour_11 _Ihour_12
               _Ihour_13 _Ihour_14 _Ihour_15 _Ihour_16 _Ihour_17 _Ihour_18
               _Ihour_19 _Ihour_20 _Ihour_21 _Ihour_22 _Ihour_23 _Ihour_24
               _Iyear_2005 _Iyear_2006 _Iweekd_2 _Iweekd_3 _Iweekd_4 _Iweekd_5
               _Iweekd_6 _Iweekd_7 _Imonth_2 _Imonth_3 _Imonth_4 _Imonth_5
               _Imonth_6 _Imonth_7 _Imonth_8 _Imonth_9 _Imonth_10 _Imonth_11
               _Imonth_12 _ImonXyea_2_2005 _ImonXyea_2_2006 _ImonXyea_3_2005
               _ImonXyea_4_2005 _ImonXyea_5_2005 _ImonXyea_6_2005
               _ImonXyea_7_2005 _ImonXyea_8_2005 _ImonXyea_9_2005
               _ImonXyea_10_2005 _ImonXyea_11_2005 _ImonXyea_12_2005
               _ImonXhou_2_2 _ImonXhou_2_3 _ImonXhou_2_4 _ImonXhou_2_5
               _ImonXhou_2_6 _ImonXhou_2_7 _ImonXhou_2_8 _ImonXhou_2_9
               _ImonXhou_2_10 _ImonXhou_2_11 _ImonXhou_2_12 _ImonXhou_2_13
               _ImonXhou_2_14 _ImonXhou_2_15 _ImonXhou_2_16 _ImonXhou_2_17
               _ImonXhou_2_18 _ImonXhou_2_19 _ImonXhou_2_20 _ImonXhou_2_21
               _ImonXhou_2_22 _ImonXhou_2_23 _ImonXhou_2_24 _ImonXhou_3_2
               _ImonXhou_3_3 _ImonXhou_3_4 _ImonXhou_3_5 _ImonXhou_3_6
               _ImonXhou_3_7 _ImonXhou_3_8 _ImonXhou_3_9 _ImonXhou_3_10
               _ImonXhou_3_11 _ImonXhou_3_12 _ImonXhou_3_13 _ImonXhou_3_14
               _ImonXhou_3_15 _ImonXhou_3_16 _ImonXhou_3_17 _ImonXhou_3_18
               _ImonXhou_3_19 _ImonXhou_3_20 _ImonXhou_3_21 _ImonXhou_3_22
               _ImonXhou_3_23 _ImonXhou_3_24 _ImonXhou_4_2 _ImonXhou_4_3
               _ImonXhou_4_4 _ImonXhou_4_5 _ImonXhou_4_6 _ImonXhou_4_7
               _ImonXhou_4_8 _ImonXhou_4_9 _ImonXhou_4_10 _ImonXhou_4_11
               _ImonXhou_4_12 _ImonXhou_4_13 _ImonXhou_4_14 _ImonXhou_4_15
               _ImonXhou_4_16 _ImonXhou_4_17 _ImonXhou_4_18 _ImonXhou_4_19
               _ImonXhou_4_20 _ImonXhou_4_21 _ImonXhou_4_22 _ImonXhou_4_23
               _ImonXhou_4_24 _ImonXhou_5_2 _ImonXhou_5_3 _ImonXhou_5_4
               _ImonXhou_5_5 _ImonXhou_5_6 _ImonXhou_5_7 _ImonXhou_5_8
               _ImonXhou_5_9 _ImonXhou_5_10 _ImonXhou_5_11 _ImonXhou_5_12
               _ImonXhou_5_13 _ImonXhou_5_14 _ImonXhou_5_15 _ImonXhou_5_16
               _ImonXhou_5_17 _ImonXhou_5_18 _ImonXhou_5_19 _ImonXhou_5_20
               _ImonXhou_5_21 _ImonXhou_5_22 _ImonXhou_5_23 _ImonXhou_5_24
               _ImonXhou_6_2 _ImonXhou_6_3 _ImonXhou_6_4 _ImonXhou_6_5
               _ImonXhou_6_6 _ImonXhou_6_7 _ImonXhou_6_8 _ImonXhou_6_9
               _ImonXhou_6_10 _ImonXhou_6_11 _ImonXhou_6_12 _ImonXhou_6_13
               _ImonXhou_6_14 _ImonXhou_6_15 _ImonXhou_6_16 _ImonXhou_6_17
               _ImonXhou_6_18 _ImonXhou_6_19 _ImonXhou_6_20 _ImonXhou_6_21
               _ImonXhou_6_22 _ImonXhou_6_23 _ImonXhou_6_24 _ImonXhou_7_2
               _ImonXhou_7_3 _ImonXhou_7_4 _ImonXhou_7_5 _ImonXhou_7_6
               _ImonXhou_7_7 _ImonXhou_7_8 _ImonXhou_7_9 _ImonXhou_7_10
               _ImonXhou_7_11 _ImonXhou_7_12 _ImonXhou_7_13 _ImonXhou_7_14
               _ImonXhou_7_15 _ImonXhou_7_16 _ImonXhou_7_17 _ImonXhou_7_18
               _ImonXhou_7_19 _ImonXhou_7_20 _ImonXhou_7_21 _ImonXhou_7_22
               _ImonXhou_7_23 _ImonXhou_7_24 _ImonXhou_8_2 _ImonXhou_8_3
               _ImonXhou_8_4 _ImonXhou_8_5 _ImonXhou_8_6 _ImonXhou_8_7
               _ImonXhou_8_8 _ImonXhou_8_9 _ImonXhou_8_10 _ImonXhou_8_11
               _ImonXhou_8_12 _ImonXhou_8_13 _ImonXhou_8_14 _ImonXhou_8_15
               _ImonXhou_8_16 _ImonXhou_8_17 _ImonXhou_8_18 _ImonXhou_8_19
               _ImonXhou_8_20 _ImonXhou_8_21 _ImonXhou_8_22 _ImonXhou_8_23
               _ImonXhou_8_24 _ImonXhou_9_2 _ImonXhou_9_3 _ImonXhou_9_4
               _ImonXhou_9_5 _ImonXhou_9_6 _ImonXhou_9_7 _ImonXhou_9_8
               _ImonXhou_9_9 _ImonXhou_9_10 _ImonXhou_9_11 _ImonXhou_9_12
               _ImonXhou_9_13 _ImonXhou_9_14 _ImonXhou_9_15 _ImonXhou_9_16
               _ImonXhou_9_17 _ImonXhou_9_18 _ImonXhou_9_19 _ImonXhou_9_20
               _ImonXhou_9_21 _ImonXhou_9_22 _ImonXhou_9_23 _ImonXhou_9_24
               _ImonXhou_10_2 _ImonXhou_10_3 _ImonXhou_10_4 _ImonXhou_10_5
               _ImonXhou_10_6 _ImonXhou_10_7 _ImonXhou_10_8 _ImonXhou_10_9
               _ImonXhou_10_10 _ImonXhou_10_11 _ImonXhou_10_12 _ImonXhou_10_13
               _ImonXhou_10_14 _ImonXhou_10_15 _ImonXhou_10_16 _ImonXhou_10_17
               _ImonXhou_10_18 _ImonXhou_10_19 _ImonXhou_10_20 _ImonXhou_10_21
               _ImonXhou_10_22 _ImonXhou_10_23 _ImonXhou_10_24 _ImonXhou_11_2
               _ImonXhou_11_3 _ImonXhou_11_4 _ImonXhou_11_5 _ImonXhou_11_6
               _ImonXhou_11_7 _ImonXhou_11_8 _ImonXhou_11_9 _ImonXhou_11_10
               _ImonXhou_11_11 _ImonXhou_11_12 _ImonXhou_11_13 _ImonXhou_11_14
               _ImonXhou_11_15 _ImonXhou_11_16 _ImonXhou_11_17 _ImonXhou_11_18
               _ImonXhou_11_19 _ImonXhou_11_20 _ImonXhou_11_21 _ImonXhou_11_22
               _ImonXhou_11_23 _ImonXhou_11_24 _ImonXhou_12_2 _ImonXhou_12_3
               _ImonXhou_12_4 _ImonXhou_12_5 _ImonXhou_12_6 _ImonXhou_12_7
               _ImonXhou_12_8 _ImonXhou_12_9 _ImonXhou_12_10 _ImonXhou_12_11
               _ImonXhou_12_12 _ImonXhou_12_13 _ImonXhou_12_14 _ImonXhou_12_15
               _ImonXhou_12_16 _ImonXhou_12_17 _ImonXhou_12_18 _ImonXhou_12_19
               _ImonXhou_12_20 _ImonXhou_12_21 _ImonXhou_12_22 _ImonXhou_12_23
               _ImonXhou_12_24 _ImonXtemp_2 _ImonXtemp_3 _ImonXtemp_4
               _ImonXtemp_5 _ImonXtemp_6 _ImonXtemp_7 _ImonXtemp_8 _ImonXtemp_9
               _ImonXtemp_10 _ImonXtemp_11 _ImonXtemp_12 _ImonXtempa2
               _ImonXtempa3 _ImonXtempa4 _ImonXtempa5 _ImonXtempa6 _ImonXtempa7
               _ImonXtempa8 _ImonXtempa9 _ImonXtempa10 _ImonXtempa11
               _ImonXtempa12 coal2 gas2 brent2 temp2 windtime eprice

. estimates store spec_add4

. estat firststage

  First-stage regression summary statistics
  --------------------------------------------------------------------------
               |            Adjusted      Partial       Robust
      Variable |   R-sq.       R-sq.        R-sq.    F(1,15773)   Prob > F
  -------------+------------------------------------------------------------
        ecost2 |  0.7894      0.7839       0.0172       102.791    0.0000
  --------------------------------------------------------------------------


. mat ftest_add4 = r(singleresults)

. 
. restore

. 
. log close
      name:  <unnamed>
       log:  /Volumes/Dades/Dropbox/PROJECTS/internalization2/submission/FINAL SUBMISSION/20130186_data/t
> ables/table_cost_pt_additional.log
  log type:  text
 closed on:  26 May 2014, 22:50:10
---------------------------------------------------------------------------------------------------------
