---------------------------------------------------------------------------------------------------------
      name:  <unnamed>
       log:  /Volumes/Dades/Dropbox/PROJECTS/internalization2/submission/FINAL SUBMISSION/20130186_data/t
> ables/table_cost_pt_peak.log
  log type:  text
 opened on:  26 May 2014, 22:58:20

. 
. // specification
. global demandcontrols = "temp tempx humid"

. global supplycontrols = "windx windx2"

. global controls = "coal gas brent"

. global basefe = "_Ihour_* _Iyear* _Iweek* _Imonth_*"

. global controls1 = "hour#(c.coal c.gas c.brent) coal gas brent"

. 
. global maincost = "ecost2_peak ecost2_off"

. global instruments = "eprice _IpeaXepric_1"

. 
. preserve 

. drop if rd == 1
(11688 observations deleted)

. 
. // pass-through estimation
. *(2) - MONTH-HOUR FE
. ivregress 2sls mg_price ($maincost = $instruments) $supplycontrols $demandcontrols $controls $basefe _I
> monXyea*, robust
note: _Iyear_2007 omitted because of collinearity
note: _ImonXyea_2_2007 omitted because of collinearity
note: _ImonXyea_3_2006 omitted because of collinearity
note: _ImonXyea_3_2007 omitted because of collinearity
note: _ImonXyea_4_2006 omitted because of collinearity
note: _ImonXyea_4_2007 omitted because of collinearity
note: _ImonXyea_5_2006 omitted because of collinearity
note: _ImonXyea_5_2007 omitted because of collinearity
note: _ImonXyea_6_2006 omitted because of collinearity
note: _ImonXyea_6_2007 omitted because of collinearity
note: _ImonXyea_7_2006 omitted because of collinearity
note: _ImonXyea_7_2007 omitted because of collinearity
note: _ImonXyea_8_2006 omitted because of collinearity
note: _ImonXyea_8_2007 omitted because of collinearity
note: _ImonXyea_9_2006 omitted because of collinearity
note: _ImonXyea_9_2007 omitted because of collinearity
note: _ImonXyea_10_2006 omitted because of collinearity
note: _ImonXyea_10_2007 omitted because of collinearity
note: _ImonXyea_11_2006 omitted because of collinearity
note: _ImonXyea_11_2007 omitted because of collinearity
note: _ImonXyea_12_2006 omitted because of collinearity
note: _ImonXyea_12_2007 omitted because of collinearity

Instrumental variables (2SLS) regression               Number of obs =   16186
                                                       Wald chi2(64) =31463.24
                                                       Prob > chi2   =  0.0000
                                                       R-squared     =  0.6807
                                                       Root MSE      =  9.8762

-----------------------------------------------------------------------------------
                  |               Robust
         mg_price |      Coef.   Std. Err.      z    P>|z|     [95% Conf. Interval]
------------------+----------------------------------------------------------------
      ecost2_peak |   1.085381   .1850569     5.87   0.000     .7226758    1.448085
       ecost2_off |   .6351879   .1695042     3.75   0.000     .3029657      .96741
            windx |   -2.06283   .3672013    -5.62   0.000    -2.782531   -1.343128
           windx2 |   .0520113   .0258437     2.01   0.044     .0013586    .1026641
             temp |  -.2178908   .0595614    -3.66   0.000     -.334629   -.1011526
            tempx |   .1216289    .049022     2.48   0.013     .0255476    .2177102
            humid |   .0172354   .0122972     1.40   0.161    -.0068667    .0413375
             coal |   57.97326   4.023269    14.41   0.000     50.08779    65.85872
              gas |   5.667354   .4091761    13.85   0.000     4.865384    6.469324
            brent |  -3.195018   .8802968    -3.63   0.000    -4.920368   -1.469668
         _Ihour_2 |  -5.094558   .4705977   -10.83   0.000    -6.016913   -4.172204
         _Ihour_3 |  -8.045759    .464214   -17.33   0.000    -8.955602   -7.135916
         _Ihour_4 |  -9.548586    .469378   -20.34   0.000    -10.46855   -8.628622
         _Ihour_5 |  -11.04138   .4899472   -22.54   0.000    -12.00166   -10.08111
         _Ihour_6 |  -10.83121   .4680548   -23.14   0.000    -11.74859   -9.913844
         _Ihour_7 |  -8.286037   .4637767   -17.87   0.000    -9.195023   -7.377051
         _Ihour_8 |  -6.306592   .5364604   -11.76   0.000    -7.358035   -5.255149
         _Ihour_9 |   -3.12876   .5673568    -5.51   0.000    -4.240759   -2.016761
        _Ihour_10 |   1.180433   .5643627     2.09   0.036     .0743023    2.286563
        _Ihour_11 |   4.341717   .5769539     7.53   0.000     3.210908    5.472526
        _Ihour_12 |   5.754693   .5716014    10.07   0.000     4.634375    6.875011
        _Ihour_13 |   6.483841   .5774297    11.23   0.000     5.352099    7.615582
        _Ihour_14 |    5.06217   .5610587     9.02   0.000     3.962515    6.161824
        _Ihour_15 |   1.419379   .5385142     2.64   0.008     .3639107    2.474847
        _Ihour_16 |   .9331315   .5342838     1.75   0.081    -.1140455    1.980308
        _Ihour_17 |   .1012332   .5507891     0.18   0.854    -.9782936     1.18076
        _Ihour_18 |   2.279918   .5814001     3.92   0.000     1.140395    3.419441
        _Ihour_19 |   4.185831   .5870503     7.13   0.000     3.035233    5.336428
        _Ihour_20 |   6.036881   .5879474    10.27   0.000     4.884526    7.189237
        _Ihour_21 |   7.889309   .5867674    13.45   0.000     6.739267    9.039352
        _Ihour_22 |     9.9503   .6145293    16.19   0.000     8.745845    11.15476
        _Ihour_23 |   6.370441   .5536044    11.51   0.000     5.285397    7.455486
        _Ihour_24 |   1.995597   .5199514     3.84   0.000     .9765109    3.014683
      _Iyear_2005 |   10.85243   1.198052     9.06   0.000     8.504292    13.20057
      _Iyear_2006 |   25.79143   3.268818     7.89   0.000     19.38467     32.1982
      _Iyear_2007 |          0  (omitted)
        _Iweekd_2 |   .5945035   .2945845     2.02   0.044     .0171285    1.171879
        _Iweekd_3 |   1.458597   .3025022     4.82   0.000     .8657034     2.05149
        _Iweekd_4 |   1.319362    .306655     4.30   0.000     .7183288    1.920394
        _Iweekd_5 |   .1824924   .2922555     0.62   0.532    -.3903177    .7553026
        _Iweekd_6 |  -4.174988   .2922003   -14.29   0.000     -4.74769   -3.602286
        _Iweekd_7 |  -9.362978   .3347871   -27.97   0.000    -10.01915   -8.706807
        _Imonth_2 |  -.7966521   .4337513    -1.84   0.066    -1.646789    .0534848
        _Imonth_3 |   3.428752   .4991412     6.87   0.000     2.450453     4.40705
        _Imonth_4 |  -1.241166   .5076608    -2.44   0.014    -2.236163    -.246169
        _Imonth_5 |   1.667439   .6191859     2.69   0.007     .4538575    2.881021
        _Imonth_6 |   2.826301   .7318776     3.86   0.000     1.391847    4.260754
        _Imonth_7 |   .3563698   .8425912     0.42   0.672    -1.295079    2.007818
        _Imonth_8 |   -3.83334   1.018522    -3.76   0.000    -5.829606   -1.837073
        _Imonth_9 |   2.723753   .9883883     2.76   0.006     .7865479    4.660959
       _Imonth_10 |   3.268845   1.081131     3.02   0.002     1.149866    5.387823
       _Imonth_11 |   3.389309   .6773276     5.00   0.000     2.061771    4.716847
       _Imonth_12 |    6.50325    .564368    11.52   0.000     5.397109    7.609391
 _ImonXyea_2_2005 |   4.502289    .864794     5.21   0.000     2.807324    6.197254
 _ImonXyea_2_2006 |  -1.044182    1.14076    -0.92   0.360     -3.28003    1.191666
 _ImonXyea_2_2007 |          0  (omitted)
 _ImonXyea_3_2005 |   4.114501   1.258891     3.27   0.001      1.64712    6.581882
 _ImonXyea_3_2006 |          0  (omitted)
 _ImonXyea_3_2007 |          0  (omitted)
 _ImonXyea_4_2005 |   4.234816   1.461126     2.90   0.004     1.371061     7.09857
 _ImonXyea_4_2006 |          0  (omitted)
 _ImonXyea_4_2007 |          0  (omitted)
 _ImonXyea_5_2005 |  -1.749924   1.591168    -1.10   0.271    -4.868555    1.368708
 _ImonXyea_5_2006 |          0  (omitted)
 _ImonXyea_5_2007 |          0  (omitted)
 _ImonXyea_6_2005 |   6.951988   2.025745     3.43   0.001       2.9816    10.92238
 _ImonXyea_6_2006 |          0  (omitted)
 _ImonXyea_6_2007 |          0  (omitted)
 _ImonXyea_7_2005 |   10.70285   2.239578     4.78   0.000     6.313354    15.09234
 _ImonXyea_7_2006 |          0  (omitted)
 _ImonXyea_7_2007 |          0  (omitted)
 _ImonXyea_8_2005 |     8.7695   1.913724     4.58   0.000      5.01867    12.52033
 _ImonXyea_8_2006 |          0  (omitted)
 _ImonXyea_8_2007 |          0  (omitted)
 _ImonXyea_9_2005 |   8.425594   2.177488     3.87   0.000     4.157797    12.69339
 _ImonXyea_9_2006 |          0  (omitted)
 _ImonXyea_9_2007 |          0  (omitted)
_ImonXyea_10_2005 |   4.149007   1.994702     2.08   0.038     .2394634     8.05855
_ImonXyea_10_2006 |          0  (omitted)
_ImonXyea_10_2007 |          0  (omitted)
_ImonXyea_11_2005 |     7.0686   1.847208     3.83   0.000     3.448138    10.68906
_ImonXyea_11_2006 |          0  (omitted)
_ImonXyea_11_2007 |          0  (omitted)
_ImonXyea_12_2005 |   11.45902   2.035358     5.63   0.000     7.469793    15.44825
_ImonXyea_12_2006 |          0  (omitted)
_ImonXyea_12_2007 |          0  (omitted)
            _cons |  -7.363861   3.583752    -2.05   0.040    -14.38789   -.3398361
-----------------------------------------------------------------------------------
Instrumented:  ecost2_peak ecost2_off
Instruments:   windx windx2 temp tempx humid coal gas brent _Ihour_2 _Ihour_3
               _Ihour_4 _Ihour_5 _Ihour_6 _Ihour_7 _Ihour_8 _Ihour_9 _Ihour_10
               _Ihour_11 _Ihour_12 _Ihour_13 _Ihour_14 _Ihour_15 _Ihour_16
               _Ihour_17 _Ihour_18 _Ihour_19 _Ihour_20 _Ihour_21 _Ihour_22
               _Ihour_23 _Ihour_24 _Iyear_2005 _Iyear_2006 _Iweekd_2 _Iweekd_3
               _Iweekd_4 _Iweekd_5 _Iweekd_6 _Iweekd_7 _Imonth_2 _Imonth_3
               _Imonth_4 _Imonth_5 _Imonth_6 _Imonth_7 _Imonth_8 _Imonth_9
               _Imonth_10 _Imonth_11 _Imonth_12 _ImonXyea_2_2005 _ImonXyea_2_2006
               _ImonXyea_3_2005 _ImonXyea_4_2005 _ImonXyea_5_2005
               _ImonXyea_6_2005 _ImonXyea_7_2005 _ImonXyea_8_2005
               _ImonXyea_9_2005 _ImonXyea_10_2005 _ImonXyea_11_2005
               _ImonXyea_12_2005 eprice _IpeaXepric_1

. estimates store spec_peak1

. 
. *(3) - MONTHxTEMP
. ivregress 2sls mg_price ($maincost = $instruments) $supplycontrols $demandcontrols $controls $basefe _I
> monXyea* _ImonXtem*, robust
note: _Iyear_2007 omitted because of collinearity
note: _ImonXyea_2_2007 omitted because of collinearity
note: _ImonXyea_3_2006 omitted because of collinearity
note: _ImonXyea_3_2007 omitted because of collinearity
note: _ImonXyea_4_2006 omitted because of collinearity
note: _ImonXyea_4_2007 omitted because of collinearity
note: _ImonXyea_5_2006 omitted because of collinearity
note: _ImonXyea_5_2007 omitted because of collinearity
note: _ImonXyea_6_2006 omitted because of collinearity
note: _ImonXyea_6_2007 omitted because of collinearity
note: _ImonXyea_7_2006 omitted because of collinearity
note: _ImonXyea_7_2007 omitted because of collinearity
note: _ImonXyea_8_2006 omitted because of collinearity
note: _ImonXyea_8_2007 omitted because of collinearity
note: _ImonXyea_9_2006 omitted because of collinearity
note: _ImonXyea_9_2007 omitted because of collinearity
note: _ImonXyea_10_2006 omitted because of collinearity
note: _ImonXyea_10_2007 omitted because of collinearity
note: _ImonXyea_11_2006 omitted because of collinearity
note: _ImonXyea_11_2007 omitted because of collinearity
note: _ImonXyea_12_2006 omitted because of collinearity
note: _ImonXyea_12_2007 omitted because of collinearity

Instrumental variables (2SLS) regression               Number of obs =   16186
                                                       Wald chi2(86) =33813.76
                                                       Prob > chi2   =  0.0000
                                                       R-squared     =  0.6960
                                                       Root MSE      =   9.636

-----------------------------------------------------------------------------------
                  |               Robust
         mg_price |      Coef.   Std. Err.      z    P>|z|     [95% Conf. Interval]
------------------+----------------------------------------------------------------
      ecost2_peak |   1.082936   .1852067     5.85   0.000     .7199376    1.445935
       ecost2_off |   .6330429   .1699641     3.72   0.000     .2999194    .9661663
            windx |  -2.114025   .3733761    -5.66   0.000    -2.845829   -1.382222
           windx2 |   .0617267   .0261302     2.36   0.018     .0105125     .112941
             temp |   .7003784   .1468659     4.77   0.000     .4125266    .9882303
            tempx |  -.9841963   .1619176    -6.08   0.000    -1.301549   -.6668436
            humid |    .095567   .0143722     6.65   0.000      .067398     .123736
             coal |    46.0601   4.336307    10.62   0.000     37.56109     54.5591
              gas |   3.644315   .4084414     8.92   0.000     2.843785    4.444846
            brent |  -2.106408   .9795352    -2.15   0.032    -4.026262   -.1865547
         _Ihour_2 |  -5.112872   .4661068   -10.97   0.000    -6.026425    -4.19932
         _Ihour_3 |  -8.099081   .4609799   -17.57   0.000    -9.002585   -7.195577
         _Ihour_4 |  -9.558025   .4667633   -20.48   0.000    -10.47286   -8.643185
         _Ihour_5 |  -11.05583   .4886058   -22.63   0.000    -12.01348   -10.09818
         _Ihour_6 |  -10.87738   .4661488   -23.33   0.000    -11.79102   -9.963748
         _Ihour_7 |  -8.313243   .4616973   -18.01   0.000    -9.218153   -7.408333
         _Ihour_8 |  -6.331052   .5300363   -11.94   0.000    -7.369904     -5.2922
         _Ihour_9 |  -3.147394   .5603312    -5.62   0.000    -4.245623   -2.049165
        _Ihour_10 |   1.125188   .5513943     2.04   0.041     .0444755    2.205901
        _Ihour_11 |   4.350157   .5626598     7.73   0.000     3.247365     5.45295
        _Ihour_12 |   5.749293   .5596059    10.27   0.000     4.652485      6.8461
        _Ihour_13 |    6.49784    .564635    11.51   0.000     5.391176    7.604505
        _Ihour_14 |   5.069167   .5451309     9.30   0.000      4.00073    6.137604
        _Ihour_15 |     1.4491    .523725     2.77   0.006     .4226175    2.475582
        _Ihour_16 |   .9349345   .5201912     1.80   0.072    -.0846214     1.95449
        _Ihour_17 |   .1242198   .5369614     0.23   0.817    -.9282051    1.176645
        _Ihour_18 |   2.318287   .5672493     4.09   0.000     1.206499    3.430075
        _Ihour_19 |   4.195011   .5690919     7.37   0.000     3.079611     5.31041
        _Ihour_20 |   6.058862   .5715275    10.60   0.000     4.938688    7.179035
        _Ihour_21 |   7.933557   .5731274    13.84   0.000     6.810248    9.056866
        _Ihour_22 |   10.02568   .6063928    16.53   0.000     8.837172    11.21419
        _Ihour_23 |   6.372762   .5399954    11.80   0.000      5.31439    7.431133
        _Ihour_24 |   1.994405   .5086302     3.92   0.000     .9975081    2.991302
      _Iyear_2005 |   14.11061   1.238704    11.39   0.000     11.68279    16.53842
      _Iyear_2006 |   26.40728   3.272929     8.07   0.000     19.99245     32.8221
      _Iyear_2007 |          0  (omitted)
        _Iweekd_2 |   .5139485   .2872171     1.79   0.074    -.0489866    1.076884
        _Iweekd_3 |   1.180505   .2950233     4.00   0.000     .6022698     1.75874
        _Iweekd_4 |   1.043438   .3004676     3.47   0.001     .4545323    1.632344
        _Iweekd_5 |  -.3125764   .2904188    -1.08   0.282    -.8817867    .2566339
        _Iweekd_6 |  -4.475061   .2883097   -15.52   0.000    -5.040138   -3.909984
        _Iweekd_7 |  -9.571701    .327739   -29.21   0.000    -10.21406   -8.929345
        _Imonth_2 |  -14.64722   3.542412    -4.13   0.000    -21.59022   -7.704224
        _Imonth_3 |  -11.08911   3.283512    -3.38   0.001    -17.52467   -4.653541
        _Imonth_4 |  -13.84621   2.725374    -5.08   0.000    -19.18784   -8.504576
        _Imonth_5 |  -17.69879   2.984698    -5.93   0.000    -23.54869   -11.84889
        _Imonth_6 |  -43.73326   4.276737   -10.23   0.000    -52.11551   -35.35101
        _Imonth_7 |  -21.69939   3.628481    -5.98   0.000    -28.81108    -14.5877
        _Imonth_8 |  -27.05866   4.535531    -5.97   0.000    -35.94814   -18.16918
        _Imonth_9 |  -34.58546   4.599682    -7.52   0.000    -43.60067   -25.57025
       _Imonth_10 |   -15.8685    2.95426    -5.37   0.000    -21.65874   -10.07826
       _Imonth_11 |   7.264643   3.427841     2.12   0.034     .5461975    13.98309
       _Imonth_12 |  -14.90902   4.014886    -3.71   0.000    -22.77805   -7.039986
 _ImonXyea_2_2005 |   .4258371   .9423488     0.45   0.651    -1.421133    2.272807
 _ImonXyea_2_2006 |  -1.086762   1.190907    -0.91   0.361    -3.420897    1.247372
 _ImonXyea_2_2007 |          0  (omitted)
 _ImonXyea_3_2005 |   4.074542     1.2297     3.31   0.001     1.664374     6.48471
 _ImonXyea_3_2006 |          0  (omitted)
 _ImonXyea_3_2007 |          0  (omitted)
 _ImonXyea_4_2005 |   .2491795   1.379802     0.18   0.857    -2.455183    2.953542
 _ImonXyea_4_2006 |          0  (omitted)
 _ImonXyea_4_2007 |          0  (omitted)
 _ImonXyea_5_2005 |  -5.719421    1.52134    -3.76   0.000    -8.701193    -2.73765
 _ImonXyea_5_2006 |          0  (omitted)
 _ImonXyea_5_2007 |          0  (omitted)
 _ImonXyea_6_2005 |   3.137895   1.941808     1.62   0.106    -.6679796    6.943769
 _ImonXyea_6_2006 |          0  (omitted)
 _ImonXyea_6_2007 |          0  (omitted)
 _ImonXyea_7_2005 |   5.815358   2.144561     2.71   0.007     1.612095    10.01862
 _ImonXyea_7_2006 |          0  (omitted)
 _ImonXyea_7_2007 |          0  (omitted)
 _ImonXyea_8_2005 |   3.285587   1.851733     1.77   0.076    -.3437431    6.914917
 _ImonXyea_8_2006 |          0  (omitted)
 _ImonXyea_8_2007 |          0  (omitted)
 _ImonXyea_9_2005 |   4.270299   2.054926     2.08   0.038     .2427175     8.29788
 _ImonXyea_9_2006 |          0  (omitted)
 _ImonXyea_9_2007 |          0  (omitted)
_ImonXyea_10_2005 |  -.8384056   1.929264    -0.43   0.664    -4.619694    2.942883
_ImonXyea_10_2006 |          0  (omitted)
_ImonXyea_10_2007 |          0  (omitted)
_ImonXyea_11_2005 |   4.141991   1.782574     2.32   0.020     .6482092    7.635772
_ImonXyea_11_2006 |          0  (omitted)
_ImonXyea_11_2007 |          0  (omitted)
_ImonXyea_12_2005 |   8.638517   1.932263     4.47   0.000     4.851352    12.42568
_ImonXyea_12_2006 |          0  (omitted)
_ImonXyea_12_2007 |          0  (omitted)
     _ImonXtemp_2 |  -2.529512   .2800566    -9.03   0.000    -3.078412   -1.980611
     _ImonXtemp_3 |  -3.263476   .2943643   -11.09   0.000     -3.84042   -2.686533
     _ImonXtemp_4 |  -.8741477   .2090657    -4.18   0.000    -1.283909   -.4643864
     _ImonXtemp_5 |  -1.974096   .2352297    -8.39   0.000    -2.435138   -1.513054
     _ImonXtemp_6 |   2.110865   .3725835     5.67   0.000     1.380615    2.841116
     _ImonXtemp_7 |   .9377954   .2513639     3.73   0.000     .4451311     1.43046
     _ImonXtemp_8 |   .2881488   .2272206     1.27   0.205    -.1571953    .7334929
     _ImonXtemp_9 |  -.3327186   .2290998    -1.45   0.146    -.7817461    .1163088
    _ImonXtemp_10 |  -.7610835   .2250037    -3.38   0.001    -1.202083   -.3200842
    _ImonXtemp_11 |  -1.812656    .174851   -10.37   0.000    -2.155358   -1.469955
    _ImonXtemp_12 |  -.8027007   .2704977    -2.97   0.003    -1.332866    -.272535
     _ImonXtempa2 |   1.737159   .2511198     6.92   0.000     1.244973    2.229345
     _ImonXtempa3 |   2.246752   .2611814     8.60   0.000     1.734845    2.758658
     _ImonXtempa4 |   1.118047   .1991047     5.62   0.000     .7278087    1.508285
     _ImonXtempa5 |   2.006845   .2306024     8.70   0.000     1.554872    2.458817
     _ImonXtempa6 |   .1747771   .2722449     0.64   0.521    -.3588131    .7083673
     _ImonXtempa7 |   .2607705   .2276641     1.15   0.252    -.1854429    .7069839
     _ImonXtempa8 |   .7265995   .1978547     3.67   0.000     .3388114    1.114388
     _ImonXtempa9 |    1.57374   .2219546     7.09   0.000     1.138717    2.008763
    _ImonXtempa10 |   1.287494   .1909314     6.74   0.000     .9132754    1.661713
    _ImonXtempa11 |    .623794   .2035298     3.06   0.002     .2248829    1.022705
    _ImonXtempa12 |   1.572617   .2902354     5.42   0.000     1.003766    2.141467
            _cons |   8.550496   4.174239     2.05   0.041     .3691373    16.73185
-----------------------------------------------------------------------------------
Instrumented:  ecost2_peak ecost2_off
Instruments:   windx windx2 temp tempx humid coal gas brent _Ihour_2 _Ihour_3
               _Ihour_4 _Ihour_5 _Ihour_6 _Ihour_7 _Ihour_8 _Ihour_9 _Ihour_10
               _Ihour_11 _Ihour_12 _Ihour_13 _Ihour_14 _Ihour_15 _Ihour_16
               _Ihour_17 _Ihour_18 _Ihour_19 _Ihour_20 _Ihour_21 _Ihour_22
               _Ihour_23 _Ihour_24 _Iyear_2005 _Iyear_2006 _Iweekd_2 _Iweekd_3
               _Iweekd_4 _Iweekd_5 _Iweekd_6 _Iweekd_7 _Imonth_2 _Imonth_3
               _Imonth_4 _Imonth_5 _Imonth_6 _Imonth_7 _Imonth_8 _Imonth_9
               _Imonth_10 _Imonth_11 _Imonth_12 _ImonXyea_2_2005 _ImonXyea_2_2006
               _ImonXyea_3_2005 _ImonXyea_4_2005 _ImonXyea_5_2005
               _ImonXyea_6_2005 _ImonXyea_7_2005 _ImonXyea_8_2005
               _ImonXyea_9_2005 _ImonXyea_10_2005 _ImonXyea_11_2005
               _ImonXyea_12_2005 _ImonXtemp_2 _ImonXtemp_3 _ImonXtemp_4
               _ImonXtemp_5 _ImonXtemp_6 _ImonXtemp_7 _ImonXtemp_8 _ImonXtemp_9
               _ImonXtemp_10 _ImonXtemp_11 _ImonXtemp_12 _ImonXtempa2
               _ImonXtempa3 _ImonXtempa4 _ImonXtempa5 _ImonXtempa6 _ImonXtempa7
               _ImonXtempa8 _ImonXtempa9 _ImonXtempa10 _ImonXtempa11
               _ImonXtempa12 eprice _IpeaXepric_1

. estimates store spec_peak2

. 
. *(4) - MONTHxWIND
. ivregress 2sls mg_price ($maincost = $instruments) $supplycontrols $demandcontrols $controls $basefe _I
> monXyea* _ImonXhou*, robust
note: _Iyear_2007 omitted because of collinearity
note: _ImonXyea_2_2007 omitted because of collinearity
note: _ImonXyea_3_2006 omitted because of collinearity
note: _ImonXyea_3_2007 omitted because of collinearity
note: _ImonXyea_4_2006 omitted because of collinearity
note: _ImonXyea_4_2007 omitted because of collinearity
note: _ImonXyea_5_2006 omitted because of collinearity
note: _ImonXyea_5_2007 omitted because of collinearity
note: _ImonXyea_6_2006 omitted because of collinearity
note: _ImonXyea_6_2007 omitted because of collinearity
note: _ImonXyea_7_2006 omitted because of collinearity
note: _ImonXyea_7_2007 omitted because of collinearity
note: _ImonXyea_8_2006 omitted because of collinearity
note: _ImonXyea_8_2007 omitted because of collinearity
note: _ImonXyea_9_2006 omitted because of collinearity
note: _ImonXyea_9_2007 omitted because of collinearity
note: _ImonXyea_10_2006 omitted because of collinearity
note: _ImonXyea_10_2007 omitted because of collinearity
note: _ImonXyea_11_2006 omitted because of collinearity
note: _ImonXyea_11_2007 omitted because of collinearity
note: _ImonXyea_12_2006 omitted because of collinearity
note: _ImonXyea_12_2007 omitted because of collinearity

Instrumental variables (2SLS) regression               Number of obs =   16186
                                                       Wald chi2(317)=41325.07
                                                       Prob > chi2   =  0.0000
                                                       R-squared     =  0.7143
                                                       Root MSE      =   9.342

-----------------------------------------------------------------------------------
                  |               Robust
         mg_price |      Coef.   Std. Err.      z    P>|z|     [95% Conf. Interval]
------------------+----------------------------------------------------------------
      ecost2_peak |   1.055233   .1779486     5.93   0.000     .7064599    1.404006
       ecost2_off |   .6081046   .1641304     3.71   0.000     .2864149    .9297943
            windx |  -2.070364   .3451708    -6.00   0.000    -2.746886   -1.393841
           windx2 |   .0520485   .0242506     2.15   0.032     .0045181    .0995788
             temp |  -.1921146   .0563369    -3.41   0.001    -.3025328   -.0816964
            tempx |   .0971574   .0462347     2.10   0.036      .006539    .1877757
            humid |   .0162017   .0116823     1.39   0.165    -.0066951    .0390986
             coal |   58.04557   3.838279    15.12   0.000     50.52269    65.56846
              gas |   5.622753   .3924298    14.33   0.000     4.853605    6.391901
            brent |  -3.252005   .8327049    -3.91   0.000    -4.884077   -1.619934
         _Ihour_2 |  -7.892893    1.62368    -4.86   0.000    -11.07525   -4.710538
         _Ihour_3 |  -11.10936   1.649879    -6.73   0.000    -14.34307   -7.875661
         _Ihour_4 |  -14.94376   1.737235    -8.60   0.000    -18.34868   -11.53884
         _Ihour_5 |  -17.40065    1.79268    -9.71   0.000    -20.91424   -13.88707
         _Ihour_6 |  -17.90027     1.7724   -10.10   0.000    -21.37411   -14.42643
         _Ihour_7 |  -14.45747   1.667217    -8.67   0.000    -17.72516   -11.18978
         _Ihour_8 |  -10.78578   1.948204    -5.54   0.000    -14.60419   -6.967375
         _Ihour_9 |  -7.131448   2.373781    -3.00   0.003    -11.78397   -2.478922
        _Ihour_10 |  -4.688145    2.31027    -2.03   0.042    -9.216192   -.1600987
        _Ihour_11 |  -.9373253   2.186035    -0.43   0.668    -5.221874    3.347224
        _Ihour_12 |   -.053476   2.076443    -0.03   0.979     -4.12323    4.016278
        _Ihour_13 |   .7461497   1.879062     0.40   0.691    -2.936745    4.429044
        _Ihour_14 |   -.709113   1.754589    -0.40   0.686    -4.148044    2.729818
        _Ihour_15 |  -2.657433   1.782636    -1.49   0.136    -6.151336    .8364702
        _Ihour_16 |  -3.852688   1.864135    -2.07   0.039    -7.506325   -.1990502
        _Ihour_17 |  -5.019011   1.817452    -2.76   0.006    -8.581152    -1.45687
        _Ihour_18 |  -2.325186     1.8274    -1.27   0.203    -5.906825    1.256453
        _Ihour_19 |   3.048311   1.861498     1.64   0.102    -.6001573    6.696779
        _Ihour_20 |   8.954135   2.033378     4.40   0.000     4.968787    12.93948
        _Ihour_21 |   8.694459   2.152508     4.04   0.000      4.47562     12.9133
        _Ihour_22 |   5.672652    1.96628     2.88   0.004     1.818815     9.52649
        _Ihour_23 |   4.591852   1.862501     2.47   0.014     .9414176    8.242287
        _Ihour_24 |   4.799937   1.800273     2.67   0.008     1.271468    8.328407
      _Iyear_2005 |   11.54731   1.135537    10.17   0.000     9.321697    13.77292
      _Iyear_2006 |   26.90658   3.132476     8.59   0.000     20.76704    33.04612
      _Iyear_2007 |          0  (omitted)
        _Iweekd_2 |   .5803232   .2757097     2.10   0.035     .0399421    1.120704
        _Iweekd_3 |   1.434391   .2846458     5.04   0.000     .8764949    1.992286
        _Iweekd_4 |   1.335728   .2869292     4.66   0.000     .7733569    1.898099
        _Iweekd_5 |   .1378942   .2720817     0.51   0.612     -.395376    .6711645
        _Iweekd_6 |  -4.200219   .2767286   -15.18   0.000    -4.742597    -3.65784
        _Iweekd_7 |  -9.369352    .316355   -29.62   0.000    -9.989397   -8.749308
        _Imonth_2 |  -.4185879   1.847841    -0.23   0.821     -4.04029    3.203114
        _Imonth_3 |  -.2490701   1.867763    -0.13   0.894    -3.909819    3.411679
        _Imonth_4 |  -2.883973    1.61279    -1.79   0.074    -6.044984    .2770375
        _Imonth_5 |  -.6274698   1.687652    -0.37   0.710    -3.935208    2.680268
        _Imonth_6 |  -5.723059   1.844407    -3.10   0.002     -9.33803   -2.108088
        _Imonth_7 |  -6.581312   1.761747    -3.74   0.000    -10.03427   -3.128351
        _Imonth_8 |  -8.670941   1.837136    -4.72   0.000    -12.27166    -5.07022
        _Imonth_9 |  -6.853435   1.957809    -3.50   0.000    -10.69067     -3.0162
       _Imonth_10 |  -5.282704   1.946197    -2.71   0.007    -9.097179   -1.468229
       _Imonth_11 |  -.3561833   1.995774    -0.18   0.858    -4.267828    3.555462
       _Imonth_12 |   9.297549   1.892867     4.91   0.000     5.587597     13.0075
 _ImonXyea_2_2005 |   4.142325   .8412732     4.92   0.000      2.49346     5.79119
 _ImonXyea_2_2006 |  -1.026681    1.13174    -0.91   0.364     -3.24485    1.191489
 _ImonXyea_2_2007 |          0  (omitted)
 _ImonXyea_3_2005 |   3.877417   1.258163     3.08   0.002     1.411463    6.343371
 _ImonXyea_3_2006 |          0  (omitted)
 _ImonXyea_3_2007 |          0  (omitted)
 _ImonXyea_4_2005 |   3.515861   1.436043     2.45   0.014     .7012672    6.330454
 _ImonXyea_4_2006 |          0  (omitted)
 _ImonXyea_4_2007 |          0  (omitted)
 _ImonXyea_5_2005 |  -2.659406   1.567476    -1.70   0.090    -5.731602    .4127912
 _ImonXyea_5_2006 |          0  (omitted)
 _ImonXyea_5_2007 |          0  (omitted)
 _ImonXyea_6_2005 |   7.669903   2.036483     3.77   0.000      3.67847    11.66134
 _ImonXyea_6_2006 |          0  (omitted)
 _ImonXyea_6_2007 |          0  (omitted)
 _ImonXyea_7_2005 |   11.27451   2.260156     4.99   0.000      6.84469    15.70434
 _ImonXyea_7_2006 |          0  (omitted)
 _ImonXyea_7_2007 |          0  (omitted)
 _ImonXyea_8_2005 |   8.702646    1.87352     4.65   0.000     5.030615    12.37468
 _ImonXyea_8_2006 |          0  (omitted)
 _ImonXyea_8_2007 |          0  (omitted)
 _ImonXyea_9_2005 |   9.009879   2.121205     4.25   0.000     4.852393    13.16736
 _ImonXyea_9_2006 |          0  (omitted)
 _ImonXyea_9_2007 |          0  (omitted)
_ImonXyea_10_2005 |   4.346666   1.944292     2.24   0.025     .5359239    8.157409
_ImonXyea_10_2006 |          0  (omitted)
_ImonXyea_10_2007 |          0  (omitted)
_ImonXyea_11_2005 |   7.258394   1.793506     4.05   0.000     3.743187     10.7736
_ImonXyea_11_2006 |          0  (omitted)
_ImonXyea_11_2007 |          0  (omitted)
_ImonXyea_12_2005 |   12.37326   1.953442     6.33   0.000     8.544585    16.20194
_ImonXyea_12_2006 |          0  (omitted)
_ImonXyea_12_2007 |          0  (omitted)
    _ImonXhou_2_2 |  -.0856945   2.295012    -0.04   0.970    -4.583835    4.412446
    _ImonXhou_2_3 |   -.374586   2.321691    -0.16   0.872    -4.925016    4.175844
    _ImonXhou_2_4 |   1.436289   2.315802     0.62   0.535    -3.102599    5.975178
    _ImonXhou_2_5 |   1.107512   2.285475     0.48   0.628    -3.371937    5.586962
    _ImonXhou_2_6 |   1.016989   2.254606     0.45   0.652    -3.401957    5.435935
    _ImonXhou_2_7 |   2.044824   2.225948     0.92   0.358    -2.317955    6.407603
    _ImonXhou_2_8 |   1.039515   2.655902     0.39   0.696    -4.165958    6.244988
    _ImonXhou_2_9 |  -.1497049   3.177729    -0.05   0.962    -6.377939    6.078529
   _ImonXhou_2_10 |   2.278521   3.172196     0.72   0.473    -3.938868     8.49591
   _ImonXhou_2_11 |    2.07308   2.972576     0.70   0.486    -3.753061    7.899221
   _ImonXhou_2_12 |   1.417417   2.816125     0.50   0.615    -4.102086    6.936921
   _ImonXhou_2_13 |   1.599758   2.672062     0.60   0.549    -3.637387    6.836902
   _ImonXhou_2_14 |  -.1282712   2.441276    -0.05   0.958    -4.913085    4.656543
   _ImonXhou_2_15 |  -2.168892   2.482977    -0.87   0.382    -7.035439    2.697654
   _ImonXhou_2_16 |  -2.225931   2.536808    -0.88   0.380    -7.197983    2.746121
   _ImonXhou_2_17 |  -2.514431   2.545673    -0.99   0.323    -7.503859    2.474996
   _ImonXhou_2_18 |  -4.161789    2.60055    -1.60   0.110    -9.258772    .9351947
   _ImonXhou_2_19 |  -5.714789    2.59886    -2.20   0.028    -10.80846   -.6211173
   _ImonXhou_2_20 |  -2.237467   2.663833    -0.84   0.401    -7.458483     2.98355
   _ImonXhou_2_21 |   .7198838   2.899673     0.25   0.804    -4.963371    6.403139
   _ImonXhou_2_22 |   1.072167   2.914069     0.37   0.713    -4.639303    6.783638
   _ImonXhou_2_23 |  -2.349711   2.551464    -0.92   0.357    -7.350488    2.651066
   _ImonXhou_2_24 |  -2.281943   2.461233    -0.93   0.354    -7.105872    2.541985
    _ImonXhou_3_2 |   3.578597   2.401702     1.49   0.136    -1.128651    8.285846
    _ImonXhou_3_3 |    2.73773   2.304154     1.19   0.235    -1.778328    7.253789
    _ImonXhou_3_4 |   3.977892   2.397183     1.66   0.097    -.7205005    8.676285
    _ImonXhou_3_5 |   5.394409   2.441129     2.21   0.027     .6098842    10.17893
    _ImonXhou_3_6 |   6.143095   2.372949     2.59   0.010     1.492201    10.79399
    _ImonXhou_3_7 |   6.077451   2.321835     2.62   0.009     1.526738    10.62816
    _ImonXhou_3_8 |   4.536497   2.639888     1.72   0.086     -.637589    9.710582
    _ImonXhou_3_9 |   6.129096   3.122224     1.96   0.050     .0096489    12.24854
   _ImonXhou_3_10 |   9.989388   3.212492     3.11   0.002     3.693019    16.28576
   _ImonXhou_3_11 |   6.091334   3.183582     1.91   0.056    -.1483717    12.33104
   _ImonXhou_3_12 |   6.498117   3.045552     2.13   0.033     .5289449    12.46729
   _ImonXhou_3_13 |   5.278483   2.993089     1.76   0.078    -.5878645    11.14483
   _ImonXhou_3_14 |   3.768441   2.726115     1.38   0.167    -1.574646    9.111527
   _ImonXhou_3_15 |   3.169154    2.63783     1.20   0.230    -2.000898    8.339207
   _ImonXhou_3_16 |   2.334938   2.704939     0.86   0.388    -2.966645     7.63652
   _ImonXhou_3_17 |   4.159633   2.652453     1.57   0.117     -1.03908    9.358346
   _ImonXhou_3_18 |   1.246572   2.709797     0.46   0.645    -4.064532    6.557675
   _ImonXhou_3_19 |   -2.28536   2.766917    -0.83   0.409    -7.708418    3.137698
   _ImonXhou_3_20 |  -.8138263   3.288767    -0.25   0.805    -7.259692    5.632039
   _ImonXhou_3_21 |   2.860659   3.204306     0.89   0.372    -3.419665    9.140982
   _ImonXhou_3_22 |   6.487724   3.166155     2.05   0.040     .2821743    12.69327
   _ImonXhou_3_23 |   1.123365   2.908906     0.39   0.699    -4.577986    6.824715
   _ImonXhou_3_24 |   .0794436    2.79297     0.03   0.977    -5.394677    5.553564
    _ImonXhou_4_2 |   3.834927   1.974614     1.94   0.052    -.0352451    7.705098
    _ImonXhou_4_3 |   4.677922   1.981863     2.36   0.018     .7935411    8.562303
    _ImonXhou_4_4 |   7.677837   1.999923     3.84   0.000     3.758059    11.59761
    _ImonXhou_4_5 |   8.854307   2.012952     4.40   0.000     4.908994    12.79962
    _ImonXhou_4_6 |   9.723012    2.00883     4.84   0.000     5.785777    13.66025
    _ImonXhou_4_7 |   8.788757   1.920185     4.58   0.000     5.025264    12.55225
    _ImonXhou_4_8 |   6.710978    2.28582     2.94   0.003     2.230853     11.1911
    _ImonXhou_4_9 |   4.070079   2.651875     1.53   0.125      -1.1275    9.267657
   _ImonXhou_4_10 |    4.19392   2.678729     1.57   0.117    -1.056293    9.444133
   _ImonXhou_4_11 |   2.005413   2.600041     0.77   0.441    -3.090574    7.101401
   _ImonXhou_4_12 |   1.385284   2.388008     0.58   0.562    -3.295125    6.065693
   _ImonXhou_4_13 |   1.853236   2.306724     0.80   0.422     -2.66786    6.374331
   _ImonXhou_4_14 |   1.263346   2.127622     0.59   0.553    -2.906717    5.433409
   _ImonXhou_4_15 |    1.06232   2.102536     0.51   0.613    -3.058574    5.183215
   _ImonXhou_4_16 |   2.130857   2.198488     0.97   0.332      -2.1781    6.439815
   _ImonXhou_4_17 |    2.64385    2.13857     1.24   0.216    -1.547671    6.835371
   _ImonXhou_4_18 |   .7415081   2.247563     0.33   0.741    -3.663634     5.14665
   _ImonXhou_4_19 |  -4.731459   2.248468    -2.10   0.035    -9.138375   -.3245424
   _ImonXhou_4_20 |  -12.36831   2.350408    -5.26   0.000    -16.97503   -7.761599
   _ImonXhou_4_21 |   -8.01466    2.49949    -3.21   0.001    -12.91357   -3.115749
   _ImonXhou_4_22 |    1.86662   2.555685     0.73   0.465    -3.142431    6.875671
   _ImonXhou_4_23 |  -2.149213   2.266176    -0.95   0.343    -6.590836     2.29241
   _ImonXhou_4_24 |  -6.436334   2.148671    -3.00   0.003    -10.64765   -2.225016
    _ImonXhou_5_2 |    4.43844   1.991052     2.23   0.026       .53605    8.340831
    _ImonXhou_5_3 |    6.52485   1.992851     3.27   0.001     2.618933    10.43077
    _ImonXhou_5_4 |    9.19228    2.03532     4.52   0.000     5.203127    13.18143
    _ImonXhou_5_5 |   10.95166   2.048297     5.35   0.000     6.937069    14.96625
    _ImonXhou_5_6 |   11.73912   2.034557     5.77   0.000     7.751462    15.72678
    _ImonXhou_5_7 |   9.617894   1.941627     4.95   0.000     5.812374    13.42341
    _ImonXhou_5_8 |   6.137458   2.275027     2.70   0.007     1.678486    10.59643
    _ImonXhou_5_9 |   5.401389   2.698443     2.00   0.045     .1125387    10.69024
   _ImonXhou_5_10 |   4.054564   2.678586     1.51   0.130    -1.195369    9.304497
   _ImonXhou_5_11 |   1.571778   2.602901     0.60   0.546    -3.529815    6.673372
   _ImonXhou_5_12 |   1.376278   2.484822     0.55   0.580    -3.493883    6.246438
   _ImonXhou_5_13 |   1.231829   2.321362     0.53   0.596    -3.317957    5.781616
   _ImonXhou_5_14 |   1.267387   2.210832     0.57   0.566    -3.065764    5.600538
   _ImonXhou_5_15 |   1.864124   2.313765     0.81   0.420    -2.670773    6.399021
   _ImonXhou_5_16 |    3.08275   2.304412     1.34   0.181    -1.433815    7.599315
   _ImonXhou_5_17 |   4.164944   2.244971     1.86   0.064    -.2351186    8.565006
   _ImonXhou_5_18 |   1.851316    2.29961     0.81   0.421    -2.655836    6.358468
   _ImonXhou_5_19 |  -2.583046   2.270267    -1.14   0.255    -7.032688    1.866596
   _ImonXhou_5_20 |  -10.58887   2.375379    -4.46   0.000    -15.24452   -5.933211
   _ImonXhou_5_21 |  -9.858691   2.452187    -4.02   0.000    -14.66489   -5.052492
   _ImonXhou_5_22 |  -.5292383   2.410405    -0.22   0.826    -5.253546     4.19507
   _ImonXhou_5_23 |  -.7826134   2.332898    -0.34   0.737     -5.35501    3.789783
   _ImonXhou_5_24 |  -5.230798   2.163746    -2.42   0.016    -9.471662   -.9899343
    _ImonXhou_6_2 |   3.762587   2.126118     1.77   0.077    -.4045284    7.929702
    _ImonXhou_6_3 |   5.641571   2.162441     2.61   0.009     1.403265    9.879876
    _ImonXhou_6_4 |   8.655831    2.21142     3.91   0.000     4.321528    12.99013
    _ImonXhou_6_5 |   10.42752   2.218363     4.70   0.000     6.079613    14.77544
    _ImonXhou_6_6 |   11.61451   2.236921     5.19   0.000     7.230228     15.9988
    _ImonXhou_6_7 |   9.666316    2.12863     4.54   0.000     5.494278    13.83835
    _ImonXhou_6_8 |   5.029311   2.517755     2.00   0.046     .0946016     9.96402
    _ImonXhou_6_9 |   8.524368    2.97903     2.86   0.004     2.685577    14.36316
   _ImonXhou_6_10 |   12.67226   3.011228     4.21   0.000     6.770364    18.57416
   _ImonXhou_6_11 |   11.29719   3.170531     3.56   0.000     5.083059    17.51131
   _ImonXhou_6_12 |   13.20463   3.275917     4.03   0.000     6.783953    19.62531
   _ImonXhou_6_13 |   12.79173   2.986069     4.28   0.000     6.939143    18.64432
   _ImonXhou_6_14 |    15.9138   3.141246     5.07   0.000      9.75707    22.07053
   _ImonXhou_6_15 |   14.06036   3.296483     4.27   0.000     7.599373    20.52135
   _ImonXhou_6_16 |   14.26481   3.084369     4.62   0.000     8.219553    20.31006
   _ImonXhou_6_17 |   16.15115   3.012697     5.36   0.000     10.24637    22.05592
   _ImonXhou_6_18 |   15.94992    3.36359     4.74   0.000     9.357407    22.54244
   _ImonXhou_6_19 |   7.711325   3.068197     2.51   0.012      1.69777    13.72488
   _ImonXhou_6_20 |   .3315284   3.066732     0.11   0.914    -5.679156    6.342213
   _ImonXhou_6_21 |  -2.300176   2.769677    -0.83   0.406    -7.728644    3.128292
   _ImonXhou_6_22 |   3.000391    2.68883     1.12   0.264     -2.26962    8.270401
   _ImonXhou_6_23 |   6.993501   2.732072     2.56   0.010     1.638737    12.34826
   _ImonXhou_6_24 |  -.1736511   2.437123    -0.07   0.943    -4.950324    4.603022
    _ImonXhou_7_2 |   4.519529    2.04291     2.21   0.027     .5154991    8.523558
    _ImonXhou_7_3 |   5.339409   2.028123     2.63   0.008     1.364361    9.314456
    _ImonXhou_7_4 |   8.661926   2.129937     4.07   0.000     4.487325    12.83653
    _ImonXhou_7_5 |   10.31299    2.17443     4.74   0.000     6.051189     14.5748
    _ImonXhou_7_6 |   11.43046   2.163594     5.28   0.000     7.189891    15.67102
    _ImonXhou_7_7 |   9.506702   2.048797     4.64   0.000     5.491135    13.52227
    _ImonXhou_7_8 |   4.813021   2.412113     2.00   0.046     .0853664    9.540676
    _ImonXhou_7_9 |   4.513374   2.782554     1.62   0.105     -.940331    9.967079
   _ImonXhou_7_10 |   8.105816   2.821997     2.87   0.004     2.574803    13.63683
   _ImonXhou_7_11 |   9.516114   2.991936     3.18   0.001     3.652026     15.3802
   _ImonXhou_7_12 |   9.827237   2.924113     3.36   0.001      4.09608    15.55839
   _ImonXhou_7_13 |   12.04589   2.888206     4.17   0.000      6.38511    17.70667
   _ImonXhou_7_14 |   11.54496     2.7264     4.23   0.000     6.201314     16.8886
   _ImonXhou_7_15 |   11.43273   2.638211     4.33   0.000      6.26193    16.60353
   _ImonXhou_7_16 |   13.78978   2.556317     5.39   0.000     8.779491    18.80007
   _ImonXhou_7_17 |   10.91222   2.721386     4.01   0.000     5.578401    16.24604
   _ImonXhou_7_18 |   11.15413   2.748297     4.06   0.000     5.767569    16.54069
   _ImonXhou_7_19 |   6.228284   2.886305     2.16   0.031       .57123    11.88534
   _ImonXhou_7_20 |   -2.91852   2.737064    -1.07   0.286    -8.283067    2.446027
   _ImonXhou_7_21 |  -1.491778   2.597946    -0.57   0.566    -6.583659    3.600102
   _ImonXhou_7_22 |   2.016196   2.510928     0.80   0.422    -2.905132    6.937524
   _ImonXhou_7_23 |   7.252033   2.597944     2.79   0.005     2.160156    12.34391
   _ImonXhou_7_24 |  -1.220233   2.343771    -0.52   0.603    -5.813939    3.373474
    _ImonXhou_8_2 |   5.058291   1.985123     2.55   0.011     1.167521    8.949061
    _ImonXhou_8_3 |    6.48557    2.03956     3.18   0.001     2.488106    10.48303
    _ImonXhou_8_4 |   9.653437   2.234683     4.32   0.000     5.273539    14.03333
    _ImonXhou_8_5 |   10.68005    2.21098     4.83   0.000      6.34661    15.01349
    _ImonXhou_8_6 |   11.55347    2.18706     5.28   0.000     7.266911    15.84003
    _ImonXhou_8_7 |     9.5222   1.985743     4.80   0.000     5.630214    13.41419
    _ImonXhou_8_8 |   3.413666   2.365302     1.44   0.149    -1.222241    8.049572
    _ImonXhou_8_9 |   .1813492   2.704965     0.07   0.947    -5.120285    5.482984
   _ImonXhou_8_10 |   4.964609   2.667645     1.86   0.063    -.2638792     10.1931
   _ImonXhou_8_11 |    4.37791   2.598452     1.68   0.092    -.7149612    9.470782
   _ImonXhou_8_12 |   6.658755   2.623908     2.54   0.011      1.51599    11.80152
   _ImonXhou_8_13 |   7.742399    2.77737     2.79   0.005     2.298854    13.18594
   _ImonXhou_8_14 |   12.90852   2.852874     4.52   0.000     7.316994    18.50005
   _ImonXhou_8_15 |   8.403086   2.360775     3.56   0.000     3.776052    13.03012
   _ImonXhou_8_16 |   8.094892   2.404475     3.37   0.001     3.382208    12.80758
   _ImonXhou_8_17 |   7.486187   2.246335     3.33   0.001     3.083451    11.88892
   _ImonXhou_8_18 |   7.798474   2.599326     3.00   0.003     2.703889    12.89306
   _ImonXhou_8_19 |   .8385184   2.653114     0.32   0.752     -4.36149    6.038526
   _ImonXhou_8_20 |  -6.778205   2.528885    -2.68   0.007    -11.73473   -1.821681
   _ImonXhou_8_21 |  -5.733613   2.485783    -2.31   0.021    -10.60566   -.8615686
   _ImonXhou_8_22 |   3.487914   2.803685     1.24   0.213    -2.007207    8.983036
   _ImonXhou_8_23 |   4.552586   2.502581     1.82   0.069    -.3523825    9.457554
   _ImonXhou_8_24 |   -3.88812   2.228678    -1.74   0.081    -8.256248    .4800082
    _ImonXhou_9_2 |   5.095091   2.169633     2.35   0.019     .8426883    9.347493
    _ImonXhou_9_3 |   5.741577   2.159651     2.66   0.008      1.50874    9.974415
    _ImonXhou_9_4 |   9.524335   2.302955     4.14   0.000     5.010626    14.03804
    _ImonXhou_9_5 |   10.61887   2.263517     4.69   0.000     6.182459    15.05528
    _ImonXhou_9_6 |   12.23864   2.330833     5.25   0.000     7.670295    16.80699
    _ImonXhou_9_7 |   10.52606   2.090455     5.04   0.000     6.428843    14.62327
    _ImonXhou_9_8 |   10.56208   2.545881     4.15   0.000     5.572241    15.55191
    _ImonXhou_9_9 |   9.056749   2.857229     3.17   0.002     3.456683    14.65682
   _ImonXhou_9_10 |   11.82462    2.81317     4.20   0.000     6.310909    17.33833
   _ImonXhou_9_11 |   11.40186   2.775721     4.11   0.000     5.961549    16.84218
   _ImonXhou_9_12 |   13.32743   2.873888     4.64   0.000     7.694712    18.96014
   _ImonXhou_9_13 |   15.68651   2.821489     5.56   0.000     10.15649    21.21653
   _ImonXhou_9_14 |   13.72558   2.578465     5.32   0.000     8.671882    18.77928
   _ImonXhou_9_15 |   11.57054   2.467752     4.69   0.000     6.733837    16.40725
   _ImonXhou_9_16 |   14.23102   2.605919     5.46   0.000     9.123513    19.33853
   _ImonXhou_9_17 |   14.65404   2.696243     5.43   0.000     9.369501    19.93858
   _ImonXhou_9_18 |   14.20592   2.913863     4.88   0.000     8.494852    19.91699
   _ImonXhou_9_19 |   7.906832   2.682355     2.95   0.003     2.649512    13.16415
   _ImonXhou_9_20 |   .1577499   2.605603     0.06   0.952    -4.949139    5.264639
   _ImonXhou_9_21 |   7.428831   2.808456     2.65   0.008     1.924359     12.9333
   _ImonXhou_9_22 |   19.43825   2.857587     6.80   0.000     13.83749    25.03902
   _ImonXhou_9_23 |    7.47951     2.4815     3.01   0.003     2.615859    12.34316
   _ImonXhou_9_24 |  -5.152444   2.299495    -2.24   0.025    -9.659372   -.6455167
   _ImonXhou_10_2 |   5.698804   2.130918     2.67   0.007     1.522281    9.875327
   _ImonXhou_10_3 |    6.08184   2.087507     2.91   0.004     1.990402    10.17328
   _ImonXhou_10_4 |   9.721293   2.261063     4.30   0.000     5.289691    14.15289
   _ImonXhou_10_5 |   11.34095   2.288806     4.95   0.000      6.85497    15.82692
   _ImonXhou_10_6 |   12.50104     2.3204     5.39   0.000     7.953135    17.04894
   _ImonXhou_10_7 |   11.39953   2.068181     5.51   0.000     7.345968    15.45309
   _ImonXhou_10_8 |   13.77265   2.629621     5.24   0.000     8.618689    18.92661
   _ImonXhou_10_9 |   13.13936   2.992675     4.39   0.000     7.273829     19.0049
  _ImonXhou_10_10 |    11.3031    2.84911     3.97   0.000     5.718943    16.88725
  _ImonXhou_10_11 |   10.05168   2.806839     3.58   0.000     4.550372    15.55298
  _ImonXhou_10_12 |   10.85506    2.63635     4.12   0.000     5.687906    16.02221
  _ImonXhou_10_13 |   11.42456   2.527806     4.52   0.000     6.470155    16.37897
  _ImonXhou_10_14 |   11.44567   2.348721     4.87   0.000     6.842263    16.04908
  _ImonXhou_10_15 |   8.603149   2.393116     3.59   0.000     3.912727    13.29357
  _ImonXhou_10_16 |   8.297457   2.408162     3.45   0.001     3.577547    13.01737
  _ImonXhou_10_17 |    9.74623    2.42511     4.02   0.000     4.993103    14.49936
  _ImonXhou_10_18 |   9.166631   2.503476     3.66   0.000     4.259908    14.07335
  _ImonXhou_10_19 |   2.369516   2.506486     0.95   0.344    -2.543107    7.282138
  _ImonXhou_10_20 |   3.103177     2.6805     1.16   0.247    -2.150507     8.35686
  _ImonXhou_10_21 |   13.01189   2.901544     4.48   0.000     7.324972    18.69881
  _ImonXhou_10_22 |   12.85767   2.594172     4.96   0.000     7.773181    17.94215
  _ImonXhou_10_23 |   5.001276   2.479487     2.02   0.044     .1415701    9.860982
  _ImonXhou_10_24 |   -3.81746   2.327814    -1.64   0.101    -8.379892    .7449717
   _ImonXhou_11_2 |   1.174751   2.393081     0.49   0.624      -3.5156    5.865103
   _ImonXhou_11_3 |   1.156279   2.333524     0.50   0.620    -3.417345    5.729903
   _ImonXhou_11_4 |   3.345292    2.34414     1.43   0.154    -1.249138    7.939721
   _ImonXhou_11_5 |   4.517761   2.353621     1.92   0.055    -.0952526    9.130774
   _ImonXhou_11_6 |   5.605507   2.353792     2.38   0.017       .99216    10.21885
   _ImonXhou_11_7 |   4.894317   2.266669     2.16   0.031     .4517267    9.336908
   _ImonXhou_11_8 |   4.582993   2.714189     1.69   0.091     -.736719    9.902706
   _ImonXhou_11_9 |   5.084758   3.082832     1.65   0.099     -.957481      11.127
  _ImonXhou_11_10 |   6.532924   3.050011     2.14   0.032     .5550118    12.51084
  _ImonXhou_11_11 |   6.013496   3.021819     1.99   0.047     .0908391    11.93615
  _ImonXhou_11_12 |   5.762899   2.947111     1.96   0.051    -.0133326    11.53913
  _ImonXhou_11_13 |   4.331443   2.724247     1.59   0.112    -1.007983    9.670869
  _ImonXhou_11_14 |   4.950858   2.583118     1.92   0.055    -.1119615    10.01368
  _ImonXhou_11_15 |   1.345469   2.558018     0.53   0.599    -3.668154    6.359093
  _ImonXhou_11_16 |    2.86804   2.650175     1.08   0.279    -2.326207    8.062288
  _ImonXhou_11_17 |   3.918373   2.613355     1.50   0.134     -1.20371    9.040456
  _ImonXhou_11_18 |   3.695282   2.630398     1.40   0.160    -1.460203    8.850766
  _ImonXhou_11_19 |   8.150471   2.893958     2.82   0.005     2.478418    13.82253
  _ImonXhou_11_20 |   6.293257   2.891011     2.18   0.029      .626979    11.95954
  _ImonXhou_11_21 |    4.33452   3.021209     1.43   0.151    -1.586941    10.25598
  _ImonXhou_11_22 |   4.988248   2.808596     1.78   0.076    -.5164998      10.493
  _ImonXhou_11_23 |   .0988343   2.639045     0.04   0.970    -5.073598    5.271267
  _ImonXhou_11_24 |   -1.60784   2.571273    -0.63   0.532    -6.647443    3.431764
   _ImonXhou_12_2 |  -2.793624   2.454916    -1.14   0.255     -7.60517    2.017923
   _ImonXhou_12_3 |  -6.324801    2.33325    -2.71   0.007    -10.89789   -1.751715
   _ImonXhou_12_4 |  -5.171611    2.28098    -2.27   0.023     -9.64225   -.7009717
   _ImonXhou_12_5 |   -5.06333   2.278597    -2.22   0.026    -9.529299   -.5973615
   _ImonXhou_12_6 |   -5.36391   2.270722    -2.36   0.018    -9.814443   -.9133765
   _ImonXhou_12_7 |  -5.484792   2.329823    -2.35   0.019    -10.05116   -.9184228
   _ImonXhou_12_8 |  -5.173186   2.911185    -1.78   0.076      -10.879    .5326323
   _ImonXhou_12_9 |  -5.254985   3.383424    -1.55   0.120    -11.88637    1.376404
  _ImonXhou_12_10 |  -3.214303   3.381243    -0.95   0.342    -9.841418    3.412812
  _ImonXhou_12_11 |   .6650492   3.143567     0.21   0.832    -5.496229    6.826327
  _ImonXhou_12_12 |   1.898323   2.959531     0.64   0.521    -3.902252    7.698897
  _ImonXhou_12_13 |  -1.615375   2.679173    -0.60   0.547    -6.866457    3.635706
  _ImonXhou_12_14 |  -2.074669     2.6753    -0.78   0.438    -7.318159    3.168822
  _ImonXhou_12_15 |  -4.297737   2.468084    -1.74   0.082    -9.135092    .5396179
  _ImonXhou_12_16 |  -3.855452   2.578448    -1.50   0.135    -8.909117    1.198214
  _ImonXhou_12_17 |  -3.856945   2.582145    -1.49   0.135    -8.917856    1.203966
  _ImonXhou_12_18 |  -.0127194   2.802544    -0.00   0.996    -5.505604    5.480165
  _ImonXhou_12_19 |   3.572569   2.710267     1.32   0.187    -1.739458    8.884595
  _ImonXhou_12_20 |  -1.864634   2.781491    -0.67   0.503    -7.316256    3.586988
  _ImonXhou_12_21 |  -2.704761   3.002168    -0.90   0.368    -8.588903    3.179381
  _ImonXhou_12_22 |   .0350251   2.918149     0.01   0.990    -5.684442    5.754493
  _ImonXhou_12_23 |  -4.880274   2.736713    -1.78   0.075    -10.24413    .4835862
  _ImonXhou_12_24 |  -3.193806   2.611452    -1.22   0.221    -8.312158    1.924545
            _cons |  -3.223009   3.625246    -0.89   0.374    -10.32836    3.882343
-----------------------------------------------------------------------------------
Instrumented:  ecost2_peak ecost2_off
Instruments:   windx windx2 temp tempx humid coal gas brent _Ihour_2 _Ihour_3
               _Ihour_4 _Ihour_5 _Ihour_6 _Ihour_7 _Ihour_8 _Ihour_9 _Ihour_10
               _Ihour_11 _Ihour_12 _Ihour_13 _Ihour_14 _Ihour_15 _Ihour_16
               _Ihour_17 _Ihour_18 _Ihour_19 _Ihour_20 _Ihour_21 _Ihour_22
               _Ihour_23 _Ihour_24 _Iyear_2005 _Iyear_2006 _Iweekd_2 _Iweekd_3
               _Iweekd_4 _Iweekd_5 _Iweekd_6 _Iweekd_7 _Imonth_2 _Imonth_3
               _Imonth_4 _Imonth_5 _Imonth_6 _Imonth_7 _Imonth_8 _Imonth_9
               _Imonth_10 _Imonth_11 _Imonth_12 _ImonXyea_2_2005 _ImonXyea_2_2006
               _ImonXyea_3_2005 _ImonXyea_4_2005 _ImonXyea_5_2005
               _ImonXyea_6_2005 _ImonXyea_7_2005 _ImonXyea_8_2005
               _ImonXyea_9_2005 _ImonXyea_10_2005 _ImonXyea_11_2005
               _ImonXyea_12_2005 _ImonXhou_2_2 _ImonXhou_2_3 _ImonXhou_2_4
               _ImonXhou_2_5 _ImonXhou_2_6 _ImonXhou_2_7 _ImonXhou_2_8
               _ImonXhou_2_9 _ImonXhou_2_10 _ImonXhou_2_11 _ImonXhou_2_12
               _ImonXhou_2_13 _ImonXhou_2_14 _ImonXhou_2_15 _ImonXhou_2_16
               _ImonXhou_2_17 _ImonXhou_2_18 _ImonXhou_2_19 _ImonXhou_2_20
               _ImonXhou_2_21 _ImonXhou_2_22 _ImonXhou_2_23 _ImonXhou_2_24
               _ImonXhou_3_2 _ImonXhou_3_3 _ImonXhou_3_4 _ImonXhou_3_5
               _ImonXhou_3_6 _ImonXhou_3_7 _ImonXhou_3_8 _ImonXhou_3_9
               _ImonXhou_3_10 _ImonXhou_3_11 _ImonXhou_3_12 _ImonXhou_3_13
               _ImonXhou_3_14 _ImonXhou_3_15 _ImonXhou_3_16 _ImonXhou_3_17
               _ImonXhou_3_18 _ImonXhou_3_19 _ImonXhou_3_20 _ImonXhou_3_21
               _ImonXhou_3_22 _ImonXhou_3_23 _ImonXhou_3_24 _ImonXhou_4_2
               _ImonXhou_4_3 _ImonXhou_4_4 _ImonXhou_4_5 _ImonXhou_4_6
               _ImonXhou_4_7 _ImonXhou_4_8 _ImonXhou_4_9 _ImonXhou_4_10
               _ImonXhou_4_11 _ImonXhou_4_12 _ImonXhou_4_13 _ImonXhou_4_14
               _ImonXhou_4_15 _ImonXhou_4_16 _ImonXhou_4_17 _ImonXhou_4_18
               _ImonXhou_4_19 _ImonXhou_4_20 _ImonXhou_4_21 _ImonXhou_4_22
               _ImonXhou_4_23 _ImonXhou_4_24 _ImonXhou_5_2 _ImonXhou_5_3
               _ImonXhou_5_4 _ImonXhou_5_5 _ImonXhou_5_6 _ImonXhou_5_7
               _ImonXhou_5_8 _ImonXhou_5_9 _ImonXhou_5_10 _ImonXhou_5_11
               _ImonXhou_5_12 _ImonXhou_5_13 _ImonXhou_5_14 _ImonXhou_5_15
               _ImonXhou_5_16 _ImonXhou_5_17 _ImonXhou_5_18 _ImonXhou_5_19
               _ImonXhou_5_20 _ImonXhou_5_21 _ImonXhou_5_22 _ImonXhou_5_23
               _ImonXhou_5_24 _ImonXhou_6_2 _ImonXhou_6_3 _ImonXhou_6_4
               _ImonXhou_6_5 _ImonXhou_6_6 _ImonXhou_6_7 _ImonXhou_6_8
               _ImonXhou_6_9 _ImonXhou_6_10 _ImonXhou_6_11 _ImonXhou_6_12
               _ImonXhou_6_13 _ImonXhou_6_14 _ImonXhou_6_15 _ImonXhou_6_16
               _ImonXhou_6_17 _ImonXhou_6_18 _ImonXhou_6_19 _ImonXhou_6_20
               _ImonXhou_6_21 _ImonXhou_6_22 _ImonXhou_6_23 _ImonXhou_6_24
               _ImonXhou_7_2 _ImonXhou_7_3 _ImonXhou_7_4 _ImonXhou_7_5
               _ImonXhou_7_6 _ImonXhou_7_7 _ImonXhou_7_8 _ImonXhou_7_9
               _ImonXhou_7_10 _ImonXhou_7_11 _ImonXhou_7_12 _ImonXhou_7_13
               _ImonXhou_7_14 _ImonXhou_7_15 _ImonXhou_7_16 _ImonXhou_7_17
               _ImonXhou_7_18 _ImonXhou_7_19 _ImonXhou_7_20 _ImonXhou_7_21
               _ImonXhou_7_22 _ImonXhou_7_23 _ImonXhou_7_24 _ImonXhou_8_2
               _ImonXhou_8_3 _ImonXhou_8_4 _ImonXhou_8_5 _ImonXhou_8_6
               _ImonXhou_8_7 _ImonXhou_8_8 _ImonXhou_8_9 _ImonXhou_8_10
               _ImonXhou_8_11 _ImonXhou_8_12 _ImonXhou_8_13 _ImonXhou_8_14
               _ImonXhou_8_15 _ImonXhou_8_16 _ImonXhou_8_17 _ImonXhou_8_18
               _ImonXhou_8_19 _ImonXhou_8_20 _ImonXhou_8_21 _ImonXhou_8_22
               _ImonXhou_8_23 _ImonXhou_8_24 _ImonXhou_9_2 _ImonXhou_9_3
               _ImonXhou_9_4 _ImonXhou_9_5 _ImonXhou_9_6 _ImonXhou_9_7
               _ImonXhou_9_8 _ImonXhou_9_9 _ImonXhou_9_10 _ImonXhou_9_11
               _ImonXhou_9_12 _ImonXhou_9_13 _ImonXhou_9_14 _ImonXhou_9_15
               _ImonXhou_9_16 _ImonXhou_9_17 _ImonXhou_9_18 _ImonXhou_9_19
               _ImonXhou_9_20 _ImonXhou_9_21 _ImonXhou_9_22 _ImonXhou_9_23
               _ImonXhou_9_24 _ImonXhou_10_2 _ImonXhou_10_3 _ImonXhou_10_4
               _ImonXhou_10_5 _ImonXhou_10_6 _ImonXhou_10_7 _ImonXhou_10_8
               _ImonXhou_10_9 _ImonXhou_10_10 _ImonXhou_10_11 _ImonXhou_10_12
               _ImonXhou_10_13 _ImonXhou_10_14 _ImonXhou_10_15 _ImonXhou_10_16
               _ImonXhou_10_17 _ImonXhou_10_18 _ImonXhou_10_19 _ImonXhou_10_20
               _ImonXhou_10_21 _ImonXhou_10_22 _ImonXhou_10_23 _ImonXhou_10_24
               _ImonXhou_11_2 _ImonXhou_11_3 _ImonXhou_11_4 _ImonXhou_11_5
               _ImonXhou_11_6 _ImonXhou_11_7 _ImonXhou_11_8 _ImonXhou_11_9
               _ImonXhou_11_10 _ImonXhou_11_11 _ImonXhou_11_12 _ImonXhou_11_13
               _ImonXhou_11_14 _ImonXhou_11_15 _ImonXhou_11_16 _ImonXhou_11_17
               _ImonXhou_11_18 _ImonXhou_11_19 _ImonXhou_11_20 _ImonXhou_11_21
               _ImonXhou_11_22 _ImonXhou_11_23 _ImonXhou_11_24 _ImonXhou_12_2
               _ImonXhou_12_3 _ImonXhou_12_4 _ImonXhou_12_5 _ImonXhou_12_6
               _ImonXhou_12_7 _ImonXhou_12_8 _ImonXhou_12_9 _ImonXhou_12_10
               _ImonXhou_12_11 _ImonXhou_12_12 _ImonXhou_12_13 _ImonXhou_12_14
               _ImonXhou_12_15 _ImonXhou_12_16 _ImonXhou_12_17 _ImonXhou_12_18
               _ImonXhou_12_19 _ImonXhou_12_20 _ImonXhou_12_21 _ImonXhou_12_22
               _ImonXhou_12_23 _ImonXhou_12_24 eprice _IpeaXepric_1

. estimates store spec_peak3

. 
. *(5) - HOURxINPUT
. ivregress 2sls mg_price ($maincost = $instruments) $supplycontrols $demandcontrols $controls $basefe _I
> monXyea* _ImonXhou* _ImonXtem*, robust
note: _Iyear_2007 omitted because of collinearity
note: _ImonXyea_2_2007 omitted because of collinearity
note: _ImonXyea_3_2006 omitted because of collinearity
note: _ImonXyea_3_2007 omitted because of collinearity
note: _ImonXyea_4_2006 omitted because of collinearity
note: _ImonXyea_4_2007 omitted because of collinearity
note: _ImonXyea_5_2006 omitted because of collinearity
note: _ImonXyea_5_2007 omitted because of collinearity
note: _ImonXyea_6_2006 omitted because of collinearity
note: _ImonXyea_6_2007 omitted because of collinearity
note: _ImonXyea_7_2006 omitted because of collinearity
note: _ImonXyea_7_2007 omitted because of collinearity
note: _ImonXyea_8_2006 omitted because of collinearity
note: _ImonXyea_8_2007 omitted because of collinearity
note: _ImonXyea_9_2006 omitted because of collinearity
note: _ImonXyea_9_2007 omitted because of collinearity
note: _ImonXyea_10_2006 omitted because of collinearity
note: _ImonXyea_10_2007 omitted because of collinearity
note: _ImonXyea_11_2006 omitted because of collinearity
note: _ImonXyea_11_2007 omitted because of collinearity
note: _ImonXyea_12_2006 omitted because of collinearity
note: _ImonXyea_12_2007 omitted because of collinearity

Instrumental variables (2SLS) regression               Number of obs =   16186
                                                       Wald chi2(339)=44679.84
                                                       Prob > chi2   =  0.0000
                                                       R-squared     =  0.7299
                                                       Root MSE      =  9.0828

-----------------------------------------------------------------------------------
                  |               Robust
         mg_price |      Coef.   Std. Err.      z    P>|z|     [95% Conf. Interval]
------------------+----------------------------------------------------------------
      ecost2_peak |   1.050507   .1768763     5.94   0.000     .7038353    1.397178
       ecost2_off |   .6031562   .1632413     3.69   0.000     .2832091    .9231033
            windx |  -2.139199    .349302    -6.12   0.000    -2.823818    -1.45458
           windx2 |   .0629006   .0244253     2.58   0.010     .0150279    .1107732
             temp |   .7418829   .1420479     5.22   0.000     .4634741    1.020292
            tempx |  -1.035004   .1542358    -6.71   0.000      -1.3373    -.732707
            humid |   .0946936   .0135963     6.96   0.000     .0680454    .1213418
             coal |   45.98993   4.108505    11.19   0.000     37.93741    54.04245
              gas |   3.604025   .3889465     9.27   0.000     2.841704    4.366347
            brent |  -2.212784   .9264198    -2.39   0.017    -4.028533   -.3970344
         _Ihour_2 |  -7.809233   1.546616    -5.05   0.000    -10.84055    -4.77792
         _Ihour_3 |  -11.19987   1.580377    -7.09   0.000    -14.29735   -8.102386
         _Ihour_4 |  -15.01031   1.673691    -8.97   0.000    -18.29069   -11.72994
         _Ihour_5 |  -17.41954   1.723185   -10.11   0.000    -20.79692   -14.04216
         _Ihour_6 |  -17.91367   1.708641   -10.48   0.000    -21.26254   -14.56479
         _Ihour_7 |  -14.48681    1.60714    -9.01   0.000    -17.63674   -11.33687
         _Ihour_8 |  -10.78168   1.899167    -5.68   0.000    -14.50398   -7.059386
         _Ihour_9 |  -7.188376   2.338927    -3.07   0.002    -11.77259   -2.604164
        _Ihour_10 |  -4.915978    2.23812    -2.20   0.028    -9.302612   -.5293437
        _Ihour_11 |   -1.03364   2.111927    -0.49   0.625    -5.172941    3.105661
        _Ihour_12 |  -.2343282   2.030975    -0.12   0.908    -4.214967    3.746311
        _Ihour_13 |   .5369941   1.811903     0.30   0.767     -3.01427    4.088258
        _Ihour_14 |  -.8623544   1.672401    -0.52   0.606    -4.140201    2.415492
        _Ihour_15 |  -2.629386   1.722698    -1.53   0.127    -6.005812    .7470404
        _Ihour_16 |  -3.947245   1.798653    -2.19   0.028    -7.472541   -.4219493
        _Ihour_17 |  -5.245925   1.750286    -3.00   0.003    -8.676422   -1.815429
        _Ihour_18 |  -2.351874   1.758648    -1.34   0.181    -5.798762    1.095013
        _Ihour_19 |   2.933871   1.751564     1.68   0.094    -.4991312    6.366874
        _Ihour_20 |   9.087327   1.924742     4.72   0.000     5.314901    12.85975
        _Ihour_21 |   8.678736   2.046802     4.24   0.000     4.667079    12.69039
        _Ihour_22 |   5.951896   1.919036     3.10   0.002     2.190654    9.713139
        _Ihour_23 |   4.642861    1.78537     2.60   0.009       1.1436    8.142121
        _Ihour_24 |   4.918928   1.728747     2.85   0.004     1.530647    8.307209
      _Iyear_2005 |   14.87852   1.172179    12.69   0.000     12.58109    17.17595
      _Iyear_2006 |   27.60619   3.130916     8.82   0.000     21.46971    33.74267
      _Iyear_2007 |          0  (omitted)
        _Iweekd_2 |   .5009897   .2677749     1.87   0.061    -.0238395    1.025819
        _Iweekd_3 |   1.153118   .2764497     4.17   0.000     .6112868     1.69495
        _Iweekd_4 |    1.05624   .2796363     3.78   0.000     .5081624    1.604317
        _Iweekd_5 |  -.3615844    .268873    -1.34   0.179    -.8885658     .165397
        _Iweekd_6 |  -4.505139    .272309   -16.54   0.000    -5.038855   -3.971423
        _Iweekd_7 |  -9.577256   .3089866   -31.00   0.000    -10.18286   -8.971653
        _Imonth_2 |    -14.422   3.874815    -3.72   0.000     -22.0165   -6.827503
        _Imonth_3 |  -15.43552   3.734839    -4.13   0.000    -22.75568   -8.115375
        _Imonth_4 |  -15.89685   2.959175    -5.37   0.000    -21.69672   -10.09697
        _Imonth_5 |  -20.16532    3.17509    -6.35   0.000    -26.38839   -13.94226
        _Imonth_6 |  -51.61063   4.421902   -11.67   0.000     -60.2774   -42.94386
        _Imonth_7 |  -29.21751   3.851297    -7.59   0.000    -36.76591    -21.6691
        _Imonth_8 |  -32.35206   4.563351    -7.09   0.000    -41.29607   -23.40806
        _Imonth_9 |  -45.55144    4.87602    -9.34   0.000    -55.10827   -35.99462
       _Imonth_10 |  -24.87647   3.299089    -7.54   0.000    -31.34256   -18.41037
       _Imonth_11 |   3.686878   3.765766     0.98   0.328    -3.693888    11.06764
       _Imonth_12 |  -12.54289   4.221813    -2.97   0.003    -20.81749   -4.268291
 _ImonXyea_2_2005 |  -.0113164   .9099373    -0.01   0.990    -1.794761    1.772128
 _ImonXyea_2_2006 |  -1.049893   1.178619    -0.89   0.373    -3.359943    1.260157
 _ImonXyea_2_2007 |          0  (omitted)
 _ImonXyea_3_2005 |   3.801556   1.220679     3.11   0.002     1.409068    6.194044
 _ImonXyea_3_2006 |          0  (omitted)
 _ImonXyea_3_2007 |          0  (omitted)
 _ImonXyea_4_2005 |  -.5060892   1.352253    -0.37   0.708    -3.156457    2.144278
 _ImonXyea_4_2006 |          0  (omitted)
 _ImonXyea_4_2007 |          0  (omitted)
 _ImonXyea_5_2005 |  -6.643763   1.482228    -4.48   0.000    -9.548877    -3.73865
 _ImonXyea_5_2006 |          0  (omitted)
 _ImonXyea_5_2007 |          0  (omitted)
 _ImonXyea_6_2005 |   3.834124   1.945106     1.97   0.049      .021786    7.646463
 _ImonXyea_6_2006 |          0  (omitted)
 _ImonXyea_6_2007 |          0  (omitted)
 _ImonXyea_7_2005 |   6.424389   2.155746     2.98   0.003     2.199205    10.64957
 _ImonXyea_7_2006 |          0  (omitted)
 _ImonXyea_7_2007 |          0  (omitted)
 _ImonXyea_8_2005 |   3.228901   1.804036     1.79   0.073    -.3069437    6.764746
 _ImonXyea_8_2006 |          0  (omitted)
 _ImonXyea_8_2007 |          0  (omitted)
 _ImonXyea_9_2005 |   4.929833   1.985924     2.48   0.013     1.037494    8.822173
 _ImonXyea_9_2006 |          0  (omitted)
 _ImonXyea_9_2007 |          0  (omitted)
_ImonXyea_10_2005 |  -.6815593   1.870692    -0.36   0.716    -4.348048    2.984929
_ImonXyea_10_2006 |          0  (omitted)
_ImonXyea_10_2007 |          0  (omitted)
_ImonXyea_11_2005 |   4.333066   1.726131     2.51   0.012     .9499125     7.71622
_ImonXyea_11_2006 |          0  (omitted)
_ImonXyea_11_2007 |          0  (omitted)
_ImonXyea_12_2005 |   9.574252   1.848003     5.18   0.000     5.952233    13.19627
_ImonXyea_12_2006 |          0  (omitted)
_ImonXyea_12_2007 |          0  (omitted)
    _ImonXhou_2_2 |  -.1192216   2.245652    -0.05   0.958    -4.520618    4.282175
    _ImonXhou_2_3 |  -.2884454   2.279677    -0.13   0.899    -4.756531     4.17964
    _ImonXhou_2_4 |     1.5575   2.269785     0.69   0.493    -2.891195    6.006196
    _ImonXhou_2_5 |    1.15794   2.234472     0.52   0.604    -3.221544    5.537424
    _ImonXhou_2_6 |   1.027599   2.205054     0.47   0.641    -3.294226    5.349425
    _ImonXhou_2_7 |    2.12708   2.182697     0.97   0.330    -2.150928    6.405088
    _ImonXhou_2_8 |   .9906759   2.620209     0.38   0.705     -4.14484    6.126191
    _ImonXhou_2_9 |   .0727188   3.151997     0.02   0.982    -6.105083     6.25052
   _ImonXhou_2_10 |   2.588523   3.099601     0.84   0.404    -3.486583    8.663628
   _ImonXhou_2_11 |   2.203803   2.889836     0.76   0.446    -3.460171    7.867777
   _ImonXhou_2_12 |   1.611086   2.759879     0.58   0.559    -3.798178     7.02035
   _ImonXhou_2_13 |   1.941915   2.617214     0.74   0.458     -3.18773     7.07156
   _ImonXhou_2_14 |   .2551958   2.380685     0.11   0.915    -4.410861    4.921252
   _ImonXhou_2_15 |  -2.197529   2.431287    -0.90   0.366    -6.962764    2.567707
   _ImonXhou_2_16 |  -2.138184   2.472659    -0.86   0.387    -6.984508    2.708139
   _ImonXhou_2_17 |  -2.255088   2.473309    -0.91   0.362    -7.102685    2.592509
   _ImonXhou_2_18 |  -4.067895   2.529913    -1.61   0.108    -9.026434    .8906433
   _ImonXhou_2_19 |  -5.481082   2.504601    -2.19   0.029    -10.39001   -.5721556
   _ImonXhou_2_20 |  -2.296953   2.574473    -0.89   0.372    -7.342828    2.748921
   _ImonXhou_2_21 |    .785571   2.812331     0.28   0.780    -4.726496    6.297638
   _ImonXhou_2_22 |    1.07742   2.895553     0.37   0.710    -4.597759    6.752599
   _ImonXhou_2_23 |  -2.398341   2.473445    -0.97   0.332    -7.246204    2.449522
   _ImonXhou_2_24 |  -2.298097     2.3902    -0.96   0.336    -6.982804    2.386609
    _ImonXhou_3_2 |   3.442147   2.479928     1.39   0.165    -1.418422    8.302716
    _ImonXhou_3_3 |   2.750253   2.371414     1.16   0.246    -1.897633    7.398138
    _ImonXhou_3_4 |   4.418638   2.463498     1.79   0.073    -.4097286    9.247004
    _ImonXhou_3_5 |   5.700128   2.489784     2.29   0.022     .8202409    10.58001
    _ImonXhou_3_6 |   6.114385    2.45246     2.49   0.013     1.307652    10.92112
    _ImonXhou_3_7 |   6.121254   2.378341     2.57   0.010      1.45979    10.78272
    _ImonXhou_3_8 |    4.55056   2.659483     1.71   0.087    -.6619321    9.763051
    _ImonXhou_3_9 |   6.317483   3.110564     2.03   0.042     .2208893    12.41408
   _ImonXhou_3_10 |   10.16252   3.141228     3.24   0.001     4.005823    16.31921
   _ImonXhou_3_11 |   6.615531   3.132285     2.11   0.035     .4763655     12.7547
   _ImonXhou_3_12 |   6.989277   3.050243     2.29   0.022     1.010911    12.96764
   _ImonXhou_3_13 |   5.733155   2.933367     1.95   0.051    -.0161393    11.48245
   _ImonXhou_3_14 |   4.172199   2.667497     1.56   0.118    -1.055999    9.400396
   _ImonXhou_3_15 |   3.323259   2.592598     1.28   0.200     -1.75814    8.404658
   _ImonXhou_3_16 |   2.994149   2.664627     1.12   0.261    -2.228424    8.216721
   _ImonXhou_3_17 |   5.172884   2.617396     1.98   0.048     .0428824    10.30289
   _ImonXhou_3_18 |   1.898366   2.658534     0.71   0.475    -3.312266    7.108997
   _ImonXhou_3_19 |  -1.750832   2.685787    -0.65   0.514    -7.014877    3.513213
   _ImonXhou_3_20 |  -.7325673   3.153705    -0.23   0.816    -6.913716    5.448581
   _ImonXhou_3_21 |   3.067416   3.121654     0.98   0.326    -3.050914    9.185746
   _ImonXhou_3_22 |   6.353537   3.177884     2.00   0.046     .1250002    12.58207
   _ImonXhou_3_23 |   1.213603    2.88616     0.42   0.674    -4.443166    6.870373
   _ImonXhou_3_24 |  -.0957167   2.777882    -0.03   0.973    -5.540266    5.348832
    _ImonXhou_4_2 |   3.774413   1.903163     1.98   0.047     .0442814    7.504545
    _ImonXhou_4_3 |   4.759343   1.915083     2.49   0.013     1.005849    8.512838
    _ImonXhou_4_4 |   7.739907   1.937088     4.00   0.000     3.943285    11.53653
    _ImonXhou_4_5 |   8.874787   1.944937     4.56   0.000     5.062781    12.68679
    _ImonXhou_4_6 |   9.737588    1.94493     5.01   0.000     5.925596    13.54958
    _ImonXhou_4_7 |   8.832885   1.861202     4.75   0.000     5.184997    12.48077
    _ImonXhou_4_8 |   6.722157   2.235883     3.01   0.003     2.339907    11.10441
    _ImonXhou_4_9 |   4.140077   2.621956     1.58   0.114    -.9988629    9.279016
   _ImonXhou_4_10 |   4.404793   2.607392     1.69   0.091    -.7056005    9.515187
   _ImonXhou_4_11 |   2.050674   2.530865     0.81   0.418    -2.909729    7.011078
   _ImonXhou_4_12 |   1.593077   2.353496     0.68   0.498    -3.019689    6.205844
   _ImonXhou_4_13 |   2.066459   2.249142     0.92   0.358    -2.341778    6.474695
   _ImonXhou_4_14 |   1.374176    2.05799     0.67   0.504     -2.65941    5.407761
   _ImonXhou_4_15 |   1.025113     2.0474     0.50   0.617    -2.987717    5.037943
   _ImonXhou_4_16 |   2.218191   2.144707     1.03   0.301    -1.985358    6.421739
   _ImonXhou_4_17 |   2.808907    2.07606     1.35   0.176    -1.260095    6.877909
   _ImonXhou_4_18 |   .6949476   2.180563     0.32   0.750    -3.578878    4.968773
   _ImonXhou_4_19 |  -4.688825   2.149874    -2.18   0.029      -8.9025   -.4751491
   _ImonXhou_4_20 |   -12.5035   2.259216    -5.53   0.000    -16.93148   -8.075518
   _ImonXhou_4_21 |  -7.953767   2.406997    -3.30   0.001    -12.67139   -3.236138
   _ImonXhou_4_22 |   1.580131   2.518748     0.63   0.530    -3.356525    6.516787
   _ImonXhou_4_23 |  -2.204896   2.200382    -1.00   0.316    -6.517566    2.107773
   _ImonXhou_4_24 |  -6.546664   2.083438    -3.14   0.002    -10.63013     -2.4632
    _ImonXhou_5_2 |    4.31898   1.912375     2.26   0.024     .5707932    8.067167
    _ImonXhou_5_3 |   6.579622   1.933431     3.40   0.001     2.790167    10.36908
    _ImonXhou_5_4 |   9.200412   1.977733     4.65   0.000     5.324126     13.0767
    _ImonXhou_5_5 |   10.94108   1.982314     5.52   0.000     7.055811    14.82634
    _ImonXhou_5_6 |   11.69328   1.978054     5.91   0.000     7.816362    15.57019
    _ImonXhou_5_7 |   9.615822   1.880039     5.11   0.000     5.931014    13.30063
    _ImonXhou_5_8 |   6.161306    2.23694     2.75   0.006     1.776984    10.54563
    _ImonXhou_5_9 |   5.371493   2.651933     2.03   0.043     .1738001    10.56919
   _ImonXhou_5_10 |   4.188717     2.5966     1.61   0.107     -.900525     9.27796
   _ImonXhou_5_11 |   1.513875   2.515479     0.60   0.547    -3.416374    6.444124
   _ImonXhou_5_12 |    1.44107    2.42306     0.59   0.552    -3.308041    6.190181
   _ImonXhou_5_13 |   1.415699   2.254158     0.63   0.530     -3.00237    5.833768
   _ImonXhou_5_14 |   1.392694   2.128576     0.65   0.513    -2.779238    5.564627
   _ImonXhou_5_15 |   1.852451   2.247562     0.82   0.410     -2.55269    6.257592
   _ImonXhou_5_16 |   3.110482   2.231818     1.39   0.163    -1.263801    7.484765
   _ImonXhou_5_17 |   4.363367   2.173008     2.01   0.045     .1043503    8.622384
   _ImonXhou_5_18 |    1.82047   2.227198     0.82   0.414    -2.544758    6.185698
   _ImonXhou_5_19 |  -2.616803   2.160182    -1.21   0.226    -6.850682    1.617076
   _ImonXhou_5_20 |  -10.79316   2.265133    -4.76   0.000    -15.23274   -6.353579
   _ImonXhou_5_21 |  -9.859969   2.348619    -4.20   0.000    -14.46318   -5.256761
   _ImonXhou_5_22 |  -.8643119   2.344688    -0.37   0.712    -5.459816    3.731192
   _ImonXhou_5_23 |    -.92655   2.241178    -0.41   0.679    -5.319179    3.466079
   _ImonXhou_5_24 |  -5.297361   2.089378    -2.54   0.011    -9.392468   -1.202255
    _ImonXhou_6_2 |    3.73914   1.999034     1.87   0.061    -.1788951    7.657176
    _ImonXhou_6_3 |   5.676363   2.030323     2.80   0.005     1.697004    9.655723
    _ImonXhou_6_4 |   8.667063   2.101577     4.12   0.000     4.548048    12.78608
    _ImonXhou_6_5 |   10.39343   2.118795     4.91   0.000     6.240665    14.54619
    _ImonXhou_6_6 |   11.57019   2.117626     5.46   0.000     7.419722    15.72066
    _ImonXhou_6_7 |   9.688885   2.033178     4.77   0.000     5.703929    13.67384
    _ImonXhou_6_8 |   5.106882   2.402038     2.13   0.033     .3989746     9.81479
    _ImonXhou_6_9 |   8.596738   2.903671     2.96   0.003     2.905647    14.28783
   _ImonXhou_6_10 |   12.68927   2.845481     4.46   0.000     7.112229    18.26631
   _ImonXhou_6_11 |   11.24015    2.97066     3.78   0.000     5.417763    17.06254
   _ImonXhou_6_12 |   12.82724   3.088247     4.15   0.000     6.774391     18.8801
   _ImonXhou_6_13 |   12.96335   2.867635     4.52   0.000     7.342891    18.58381
   _ImonXhou_6_14 |    15.8845   2.909117     5.46   0.000     10.18274    21.58626
   _ImonXhou_6_15 |   13.96442   3.000407     4.65   0.000      8.08373    19.84511
   _ImonXhou_6_16 |   13.96575   2.859237     4.88   0.000     8.361751    19.56975
   _ImonXhou_6_17 |   16.04975   2.831853     5.67   0.000     10.49942    21.60008
   _ImonXhou_6_18 |   15.63524   3.211208     4.87   0.000     9.341384    21.92909
   _ImonXhou_6_19 |   7.596557   2.812729     2.70   0.007     2.083709     13.1094
   _ImonXhou_6_20 |  -.0163137   2.884832    -0.01   0.995     -5.67048    5.637852
   _ImonXhou_6_21 |  -2.245064   2.587212    -0.87   0.386    -7.315907    2.825778
   _ImonXhou_6_22 |   2.589486   2.572669     1.01   0.314    -2.452854    7.631825
   _ImonXhou_6_23 |   6.880697   2.550165     2.70   0.007     1.882465    11.87893
   _ImonXhou_6_24 |  -.4540161    2.25599    -0.20   0.841    -4.875676    3.967643
    _ImonXhou_7_2 |   4.349555   1.994098     2.18   0.029     .4411947    8.257914
    _ImonXhou_7_3 |   5.341784   1.976105     2.70   0.007     1.468689    9.214879
    _ImonXhou_7_4 |   8.636438   2.075267     4.16   0.000     4.568989    12.70389
    _ImonXhou_7_5 |   10.24194   2.113652     4.85   0.000     6.099254    14.38462
    _ImonXhou_7_6 |   11.35018   2.105314     5.39   0.000     7.223839    15.47652
    _ImonXhou_7_7 |   9.446823   2.008824     4.70   0.000       5.5096    13.38405
    _ImonXhou_7_8 |    4.66834   2.372358     1.97   0.049     .0186034    9.318077
    _ImonXhou_7_9 |   4.483534   2.740331     1.64   0.102    -.8874154    9.854483
   _ImonXhou_7_10 |   8.368614   2.733505     3.06   0.002     3.011041    13.72619
   _ImonXhou_7_11 |   9.659072   2.869826     3.37   0.001     4.034317    15.28383
   _ImonXhou_7_12 |   10.14565    2.83565     3.58   0.000     4.587874    15.70342
   _ImonXhou_7_13 |   12.33565   2.779395     4.44   0.000     6.888131    17.78316
   _ImonXhou_7_14 |   11.72666   2.585187     4.54   0.000     6.659788    16.79354
   _ImonXhou_7_15 |    11.6423   2.550841     4.56   0.000     6.642746    16.64186
   _ImonXhou_7_16 |   14.12947   2.461844     5.74   0.000     9.304344     18.9546
   _ImonXhou_7_17 |    11.4444   2.595663     4.41   0.000     6.356992    16.53181
   _ImonXhou_7_18 |   11.38383   2.638561     4.31   0.000     6.212342    16.55531
   _ImonXhou_7_19 |   6.544088   2.746002     2.38   0.017     1.162023    11.92615
   _ImonXhou_7_20 |  -2.842408   2.602344    -1.09   0.275    -7.942908    2.258092
   _ImonXhou_7_21 |  -1.365782   2.472476    -0.55   0.581    -6.211746    3.480182
   _ImonXhou_7_22 |   1.810256   2.402579     0.75   0.451    -2.898713    6.519225
   _ImonXhou_7_23 |   7.179731   2.458541     2.92   0.003      2.36108    11.99838
   _ImonXhou_7_24 |  -1.375602   2.249162    -0.61   0.541    -5.783879    3.032675
    _ImonXhou_8_2 |   4.973419   1.875312     2.65   0.008     1.297875    8.648963
    _ImonXhou_8_3 |   6.570934    1.93363     3.40   0.001     2.781089    10.36078
    _ImonXhou_8_4 |   9.711358   2.141095     4.54   0.000      5.51489    13.90783
    _ImonXhou_8_5 |   10.69435   2.114872     5.06   0.000      6.54928    14.83942
    _ImonXhou_8_6 |   11.56155   2.086054     5.54   0.000     7.472961    15.65014
    _ImonXhou_8_7 |   9.550482   1.890714     5.05   0.000     5.844752    13.25621
    _ImonXhou_8_8 |   3.406201   2.299332     1.48   0.139    -1.100406    7.912808
    _ImonXhou_8_9 |   .2383796   2.632627     0.09   0.928    -4.921475    5.398234
   _ImonXhou_8_10 |   5.183885    2.56501     2.02   0.043     .1565588    10.21121
   _ImonXhou_8_11 |   4.448912   2.511523     1.77   0.076    -.4735833    9.371407
   _ImonXhou_8_12 |   6.984832   2.580916     2.71   0.007     1.926329    12.04333
   _ImonXhou_8_13 |   7.970709    2.69533     2.96   0.003      2.68796    13.25346
   _ImonXhou_8_14 |   13.10144   2.754826     4.76   0.000     7.702077     18.5008
   _ImonXhou_8_15 |   8.466988   2.262814     3.74   0.000     4.031954    12.90202
   _ImonXhou_8_16 |   8.369566   2.310417     3.62   0.000     3.841232     12.8979
   _ImonXhou_8_17 |   7.872359    2.15649     3.65   0.000     3.645716      12.099
   _ImonXhou_8_18 |   7.924234   2.486075     3.19   0.001     3.051617    12.79685
   _ImonXhou_8_19 |   1.005026   2.509755     0.40   0.689    -3.914003    5.924056
   _ImonXhou_8_20 |  -6.750609   2.398065    -2.82   0.005    -11.45073   -2.050488
   _ImonXhou_8_21 |  -5.607374   2.349735    -2.39   0.017    -10.21277   -1.001978
   _ImonXhou_8_22 |   3.306198   2.727754     1.21   0.225    -2.040102    8.652498
   _ImonXhou_8_23 |   4.660802   2.393148     1.95   0.051    -.0296826    9.351286
   _ImonXhou_8_24 |  -3.977339   2.123898    -1.87   0.061    -8.140103    .1854243
    _ImonXhou_9_2 |   4.921197   2.093058     2.35   0.019     .8188799    9.023515
    _ImonXhou_9_3 |   5.741375   2.103892     2.73   0.006     1.617822    9.864929
    _ImonXhou_9_4 |   9.492994   2.251465     4.22   0.000     5.080205    13.90578
    _ImonXhou_9_5 |   10.54604   2.197714     4.80   0.000     6.238601    14.85348
    _ImonXhou_9_6 |   12.15394   2.265286     5.37   0.000     7.714063    16.59382
    _ImonXhou_9_7 |   10.46712   2.036908     5.14   0.000     6.474853    14.45939
    _ImonXhou_9_8 |   10.46077   2.494991     4.19   0.000     5.570679    15.35087
    _ImonXhou_9_9 |    8.91968   2.828737     3.15   0.002     3.375458     14.4639
   _ImonXhou_9_10 |   12.03382   2.750228     4.38   0.000     6.643469    17.42417
   _ImonXhou_9_11 |   11.63198   2.725749     4.27   0.000     6.289609    16.97435
   _ImonXhou_9_12 |   13.58957   2.827589     4.81   0.000     8.047599    19.13154
   _ImonXhou_9_13 |   15.93843   2.719858     5.86   0.000      10.6076    21.26925
   _ImonXhou_9_14 |   14.02794   2.468036     5.68   0.000     9.190679     18.8652
   _ImonXhou_9_15 |   11.62138    2.38709     4.87   0.000     6.942766    16.29999
   _ImonXhou_9_16 |   14.25958   2.501691     5.70   0.000     9.356358    19.16281
   _ImonXhou_9_17 |   14.83226    2.59213     5.72   0.000     9.751775    19.91274
   _ImonXhou_9_18 |   14.25869   2.855664     4.99   0.000      8.66169    19.85569
   _ImonXhou_9_19 |   7.984964    2.57054     3.11   0.002     2.946799    13.02313
   _ImonXhou_9_20 |  -.0941549   2.505841    -0.04   0.970    -5.005513    4.817203
   _ImonXhou_9_21 |   7.291748   2.704477     2.70   0.007      1.99107    12.59243
   _ImonXhou_9_22 |    19.2202   2.852829     6.74   0.000     13.62876    24.81164
   _ImonXhou_9_23 |   7.413859   2.438218     3.04   0.002      2.63504    12.19268
   _ImonXhou_9_24 |  -5.411664   2.228412    -2.43   0.015    -9.779271   -1.044057
   _ImonXhou_10_2 |   5.600961   2.065766     2.71   0.007     1.552134    9.649788
   _ImonXhou_10_3 |   6.159837   2.027205     3.04   0.002     2.186588    10.13309
   _ImonXhou_10_4 |   9.770816    2.20677     4.43   0.000     5.445626    14.09601
   _ImonXhou_10_5 |   11.34207   2.229754     5.09   0.000     6.971831    15.71231
   _ImonXhou_10_6 |   12.49341    2.26717     5.51   0.000     8.049834    16.93698
   _ImonXhou_10_7 |      11.44   2.013586     5.68   0.000     7.493448    15.38656
   _ImonXhou_10_8 |   13.74627   2.584665     5.32   0.000     8.680417    18.81212
   _ImonXhou_10_9 |    13.1944   2.965924     4.45   0.000     7.381293     19.0075
  _ImonXhou_10_10 |   11.49765   2.786023     4.13   0.000     6.037143    16.95815
  _ImonXhou_10_11 |   10.13467   2.742226     3.70   0.000     4.760005    15.50934
  _ImonXhou_10_12 |   11.04346    2.59517     4.26   0.000     5.957019     16.1299
  _ImonXhou_10_13 |    11.6216   2.477596     4.69   0.000     6.765599     16.4776
  _ImonXhou_10_14 |   11.59194   2.283024     5.08   0.000     7.117291    16.06658
  _ImonXhou_10_15 |   8.548504   2.341877     3.65   0.000     3.958508     13.1385
  _ImonXhou_10_16 |    8.36773   2.356163     3.55   0.000     3.749736    12.98572
  _ImonXhou_10_17 |   9.925064   2.368816     4.19   0.000     5.282271    14.56786
  _ImonXhou_10_18 |   9.140017   2.447374     3.73   0.000     4.343253    13.93678
  _ImonXhou_10_19 |   2.449984   2.421719     1.01   0.312    -2.296499    7.196467
  _ImonXhou_10_20 |   2.926985   2.589423     1.13   0.258    -2.148192    8.002161
  _ImonXhou_10_21 |   12.91285   2.794724     4.62   0.000     7.435288     18.3904
  _ImonXhou_10_22 |    12.5674   2.551191     4.93   0.000     7.567158    17.56764
  _ImonXhou_10_23 |   4.895183   2.405744     2.03   0.042     .1800117    9.610354
  _ImonXhou_10_24 |  -3.949338   2.267141    -1.74   0.082    -8.392852    .4941767
   _ImonXhou_11_2 |   .9475142   2.290323     0.41   0.679    -3.541436    5.436465
   _ImonXhou_11_3 |   1.130873   2.260416     0.50   0.617    -3.299461    5.561208
   _ImonXhou_11_4 |   3.344951   2.286228     1.46   0.143    -1.135973    7.825876
   _ImonXhou_11_5 |   4.421095    2.29005     1.93   0.054    -.0673201     8.90951
   _ImonXhou_11_6 |   5.500196   2.297401     2.39   0.017     .9973722    10.00302
   _ImonXhou_11_7 |   4.810404   2.187938     2.20   0.028     .5221242    9.098683
   _ImonXhou_11_8 |   4.455475   2.629855     1.69   0.090    -.6989454    9.609895
   _ImonXhou_11_9 |   5.034923    3.04034     1.66   0.098    -.9240335    10.99388
  _ImonXhou_11_10 |   6.781368    2.97934     2.28   0.023     .9419695    12.62077
  _ImonXhou_11_11 |   6.164184   2.929028     2.10   0.035     .4233955    11.90497
  _ImonXhou_11_12 |   6.091512   2.885759     2.11   0.035      .435529    11.74749
  _ImonXhou_11_13 |   4.630573   2.652052     1.75   0.081    -.5673544      9.8285
  _ImonXhou_11_14 |   4.978583   2.469696     2.02   0.044     .1380682    9.819097
  _ImonXhou_11_15 |   1.244123   2.463819     0.50   0.614    -3.584874     6.07312
  _ImonXhou_11_16 |   2.723901   2.568844     1.06   0.289    -2.310941    7.758742
  _ImonXhou_11_17 |   4.016101   2.530157     1.59   0.112     -.942915    8.975117
  _ImonXhou_11_18 |   3.729109     2.5471     1.46   0.143    -1.263115    8.721334
  _ImonXhou_11_19 |   8.165023   2.747853     2.97   0.003      2.77933    13.55071
  _ImonXhou_11_20 |   6.144491   2.718757     2.26   0.024     .8158258    11.47316
  _ImonXhou_11_21 |   4.531022   2.900234     1.56   0.118    -1.153332    10.21538
  _ImonXhou_11_22 |   4.766016   2.735593     1.74   0.081    -.5956483    10.12768
  _ImonXhou_11_23 |  -.0311672   2.532522    -0.01   0.990    -4.994818    4.932484
  _ImonXhou_11_24 |  -1.755648   2.482822    -0.71   0.479     -6.62189    3.110594
   _ImonXhou_12_2 |  -2.900431   2.376404    -1.22   0.222    -7.558099    1.757236
   _ImonXhou_12_3 |  -6.264726   2.256879    -2.78   0.006    -10.68813   -1.841324
   _ImonXhou_12_4 |  -5.144854   2.205637    -2.33   0.020    -9.467822   -.8218853
   _ImonXhou_12_5 |   -5.08157   2.205538    -2.30   0.021    -9.404346   -.7587951
   _ImonXhou_12_6 |  -5.388331   2.199795    -2.45   0.014    -9.699849   -1.076812
   _ImonXhou_12_7 |  -5.494595   2.268702    -2.42   0.015    -9.941169   -1.048021
   _ImonXhou_12_8 |  -5.206478   2.881332    -1.81   0.071    -10.85379    .4408295
   _ImonXhou_12_9 |   -5.26689   3.357341    -1.57   0.117    -11.84716    1.313377
  _ImonXhou_12_10 |   -3.19282   3.317882    -0.96   0.336    -9.695749    3.310109
  _ImonXhou_12_11 |   .6293559   3.072631     0.20   0.838    -5.392891    6.651603
  _ImonXhou_12_12 |   1.948837   2.898318     0.67   0.501    -3.731761    7.629435
  _ImonXhou_12_13 |  -1.591577   2.595435    -0.61   0.540    -6.678537    3.495382
  _ImonXhou_12_14 |  -2.056176   2.603227    -0.79   0.430    -7.158407    3.046055
  _ImonXhou_12_15 |  -4.374368    2.40176    -1.82   0.069    -9.081731    .3329964
  _ImonXhou_12_16 |  -3.854603     2.5114    -1.53   0.125    -8.776855     1.06765
  _ImonXhou_12_17 |  -3.684546   2.528647    -1.46   0.145    -8.640602     1.27151
  _ImonXhou_12_18 |  -.0177781   2.741741    -0.01   0.995    -5.391492    5.355936
  _ImonXhou_12_19 |   3.670271   2.624561     1.40   0.162    -1.473773    8.814315
  _ImonXhou_12_20 |  -2.102332   2.676087    -0.79   0.432    -7.347366    3.142702
  _ImonXhou_12_21 |  -2.633937   2.911016    -0.90   0.366    -8.339423    3.071549
  _ImonXhou_12_22 |  -.2005061   2.870917    -0.07   0.944      -5.8274    5.426388
  _ImonXhou_12_23 |   -4.94759   2.658005    -1.86   0.063    -10.15719    .2620044
  _ImonXhou_12_24 |  -3.224772   2.538992    -1.27   0.204    -8.201104     1.75156
     _ImonXtemp_2 |  -2.560002   .2683254    -9.54   0.000     -3.08591   -2.034094
     _ImonXtemp_3 |  -3.252591     .28827   -11.28   0.000    -3.817589   -2.687592
     _ImonXtemp_4 |  -.8746244   .1929732    -4.53   0.000    -1.252845   -.4964038
     _ImonXtemp_5 |  -2.013695   .2165733    -9.30   0.000     -2.43817   -1.589219
     _ImonXtemp_6 |   2.055569   .3570557     5.76   0.000     1.355753    2.755386
     _ImonXtemp_7 |   .9605233    .243373     3.95   0.000      .483521    1.437526
     _ImonXtemp_8 |   .2478707    .215549     1.15   0.250    -.1745976    .6703391
     _ImonXtemp_9 |  -.3698572   .2118603    -1.75   0.081    -.7850957    .0453813
    _ImonXtemp_10 |  -.7932167   .2113381    -3.75   0.000    -1.207432   -.3790017
    _ImonXtemp_11 |  -1.836856   .1696861   -10.83   0.000    -2.169434   -1.504277
    _ImonXtemp_12 |  -.7749663   .2577087    -3.01   0.003    -1.280066   -.2698665
     _ImonXtempa2 |   1.752084   .2397247     7.31   0.000     1.282232    2.221936
     _ImonXtempa3 |   2.265711   .2540382     8.92   0.000     1.767806    2.763617
     _ImonXtempa4 |   1.138829   .1839033     6.19   0.000     .7783848    1.499273
     _ImonXtempa5 |   2.041653   .2127438     9.60   0.000     1.624683    2.458623
     _ImonXtempa6 |   .2006787   .2601496     0.77   0.440    -.3092051    .7105624
     _ImonXtempa7 |   .2678509   .2165359     1.24   0.216    -.1565517    .6922534
     _ImonXtempa8 |    .770319   .1867832     4.12   0.000     .4042307    1.136407
     _ImonXtempa9 |   1.646039    .207378     7.94   0.000     1.239585    2.052492
    _ImonXtempa10 |   1.328745   .1807811     7.35   0.000     .9744206     1.68307
    _ImonXtempa11 |    .629657   .1938685     3.25   0.001     .2496817    1.009632
    _ImonXtempa12 |   1.590773   .2728077     5.83   0.000     1.056079    2.125466
            _cons |   13.32543   4.127018     3.23   0.001     5.236621    21.41423
-----------------------------------------------------------------------------------
Instrumented:  ecost2_peak ecost2_off
Instruments:   windx windx2 temp tempx humid coal gas brent _Ihour_2 _Ihour_3
               _Ihour_4 _Ihour_5 _Ihour_6 _Ihour_7 _Ihour_8 _Ihour_9 _Ihour_10
               _Ihour_11 _Ihour_12 _Ihour_13 _Ihour_14 _Ihour_15 _Ihour_16
               _Ihour_17 _Ihour_18 _Ihour_19 _Ihour_20 _Ihour_21 _Ihour_22
               _Ihour_23 _Ihour_24 _Iyear_2005 _Iyear_2006 _Iweekd_2 _Iweekd_3
               _Iweekd_4 _Iweekd_5 _Iweekd_6 _Iweekd_7 _Imonth_2 _Imonth_3
               _Imonth_4 _Imonth_5 _Imonth_6 _Imonth_7 _Imonth_8 _Imonth_9
               _Imonth_10 _Imonth_11 _Imonth_12 _ImonXyea_2_2005 _ImonXyea_2_2006
               _ImonXyea_3_2005 _ImonXyea_4_2005 _ImonXyea_5_2005
               _ImonXyea_6_2005 _ImonXyea_7_2005 _ImonXyea_8_2005
               _ImonXyea_9_2005 _ImonXyea_10_2005 _ImonXyea_11_2005
               _ImonXyea_12_2005 _ImonXhou_2_2 _ImonXhou_2_3 _ImonXhou_2_4
               _ImonXhou_2_5 _ImonXhou_2_6 _ImonXhou_2_7 _ImonXhou_2_8
               _ImonXhou_2_9 _ImonXhou_2_10 _ImonXhou_2_11 _ImonXhou_2_12
               _ImonXhou_2_13 _ImonXhou_2_14 _ImonXhou_2_15 _ImonXhou_2_16
               _ImonXhou_2_17 _ImonXhou_2_18 _ImonXhou_2_19 _ImonXhou_2_20
               _ImonXhou_2_21 _ImonXhou_2_22 _ImonXhou_2_23 _ImonXhou_2_24
               _ImonXhou_3_2 _ImonXhou_3_3 _ImonXhou_3_4 _ImonXhou_3_5
               _ImonXhou_3_6 _ImonXhou_3_7 _ImonXhou_3_8 _ImonXhou_3_9
               _ImonXhou_3_10 _ImonXhou_3_11 _ImonXhou_3_12 _ImonXhou_3_13
               _ImonXhou_3_14 _ImonXhou_3_15 _ImonXhou_3_16 _ImonXhou_3_17
               _ImonXhou_3_18 _ImonXhou_3_19 _ImonXhou_3_20 _ImonXhou_3_21
               _ImonXhou_3_22 _ImonXhou_3_23 _ImonXhou_3_24 _ImonXhou_4_2
               _ImonXhou_4_3 _ImonXhou_4_4 _ImonXhou_4_5 _ImonXhou_4_6
               _ImonXhou_4_7 _ImonXhou_4_8 _ImonXhou_4_9 _ImonXhou_4_10
               _ImonXhou_4_11 _ImonXhou_4_12 _ImonXhou_4_13 _ImonXhou_4_14
               _ImonXhou_4_15 _ImonXhou_4_16 _ImonXhou_4_17 _ImonXhou_4_18
               _ImonXhou_4_19 _ImonXhou_4_20 _ImonXhou_4_21 _ImonXhou_4_22
               _ImonXhou_4_23 _ImonXhou_4_24 _ImonXhou_5_2 _ImonXhou_5_3
               _ImonXhou_5_4 _ImonXhou_5_5 _ImonXhou_5_6 _ImonXhou_5_7
               _ImonXhou_5_8 _ImonXhou_5_9 _ImonXhou_5_10 _ImonXhou_5_11
               _ImonXhou_5_12 _ImonXhou_5_13 _ImonXhou_5_14 _ImonXhou_5_15
               _ImonXhou_5_16 _ImonXhou_5_17 _ImonXhou_5_18 _ImonXhou_5_19
               _ImonXhou_5_20 _ImonXhou_5_21 _ImonXhou_5_22 _ImonXhou_5_23
               _ImonXhou_5_24 _ImonXhou_6_2 _ImonXhou_6_3 _ImonXhou_6_4
               _ImonXhou_6_5 _ImonXhou_6_6 _ImonXhou_6_7 _ImonXhou_6_8
               _ImonXhou_6_9 _ImonXhou_6_10 _ImonXhou_6_11 _ImonXhou_6_12
               _ImonXhou_6_13 _ImonXhou_6_14 _ImonXhou_6_15 _ImonXhou_6_16
               _ImonXhou_6_17 _ImonXhou_6_18 _ImonXhou_6_19 _ImonXhou_6_20
               _ImonXhou_6_21 _ImonXhou_6_22 _ImonXhou_6_23 _ImonXhou_6_24
               _ImonXhou_7_2 _ImonXhou_7_3 _ImonXhou_7_4 _ImonXhou_7_5
               _ImonXhou_7_6 _ImonXhou_7_7 _ImonXhou_7_8 _ImonXhou_7_9
               _ImonXhou_7_10 _ImonXhou_7_11 _ImonXhou_7_12 _ImonXhou_7_13
               _ImonXhou_7_14 _ImonXhou_7_15 _ImonXhou_7_16 _ImonXhou_7_17
               _ImonXhou_7_18 _ImonXhou_7_19 _ImonXhou_7_20 _ImonXhou_7_21
               _ImonXhou_7_22 _ImonXhou_7_23 _ImonXhou_7_24 _ImonXhou_8_2
               _ImonXhou_8_3 _ImonXhou_8_4 _ImonXhou_8_5 _ImonXhou_8_6
               _ImonXhou_8_7 _ImonXhou_8_8 _ImonXhou_8_9 _ImonXhou_8_10
               _ImonXhou_8_11 _ImonXhou_8_12 _ImonXhou_8_13 _ImonXhou_8_14
               _ImonXhou_8_15 _ImonXhou_8_16 _ImonXhou_8_17 _ImonXhou_8_18
               _ImonXhou_8_19 _ImonXhou_8_20 _ImonXhou_8_21 _ImonXhou_8_22
               _ImonXhou_8_23 _ImonXhou_8_24 _ImonXhou_9_2 _ImonXhou_9_3
               _ImonXhou_9_4 _ImonXhou_9_5 _ImonXhou_9_6 _ImonXhou_9_7
               _ImonXhou_9_8 _ImonXhou_9_9 _ImonXhou_9_10 _ImonXhou_9_11
               _ImonXhou_9_12 _ImonXhou_9_13 _ImonXhou_9_14 _ImonXhou_9_15
               _ImonXhou_9_16 _ImonXhou_9_17 _ImonXhou_9_18 _ImonXhou_9_19
               _ImonXhou_9_20 _ImonXhou_9_21 _ImonXhou_9_22 _ImonXhou_9_23
               _ImonXhou_9_24 _ImonXhou_10_2 _ImonXhou_10_3 _ImonXhou_10_4
               _ImonXhou_10_5 _ImonXhou_10_6 _ImonXhou_10_7 _ImonXhou_10_8
               _ImonXhou_10_9 _ImonXhou_10_10 _ImonXhou_10_11 _ImonXhou_10_12
               _ImonXhou_10_13 _ImonXhou_10_14 _ImonXhou_10_15 _ImonXhou_10_16
               _ImonXhou_10_17 _ImonXhou_10_18 _ImonXhou_10_19 _ImonXhou_10_20
               _ImonXhou_10_21 _ImonXhou_10_22 _ImonXhou_10_23 _ImonXhou_10_24
               _ImonXhou_11_2 _ImonXhou_11_3 _ImonXhou_11_4 _ImonXhou_11_5
               _ImonXhou_11_6 _ImonXhou_11_7 _ImonXhou_11_8 _ImonXhou_11_9
               _ImonXhou_11_10 _ImonXhou_11_11 _ImonXhou_11_12 _ImonXhou_11_13
               _ImonXhou_11_14 _ImonXhou_11_15 _ImonXhou_11_16 _ImonXhou_11_17
               _ImonXhou_11_18 _ImonXhou_11_19 _ImonXhou_11_20 _ImonXhou_11_21
               _ImonXhou_11_22 _ImonXhou_11_23 _ImonXhou_11_24 _ImonXhou_12_2
               _ImonXhou_12_3 _ImonXhou_12_4 _ImonXhou_12_5 _ImonXhou_12_6
               _ImonXhou_12_7 _ImonXhou_12_8 _ImonXhou_12_9 _ImonXhou_12_10
               _ImonXhou_12_11 _ImonXhou_12_12 _ImonXhou_12_13 _ImonXhou_12_14
               _ImonXhou_12_15 _ImonXhou_12_16 _ImonXhou_12_17 _ImonXhou_12_18
               _ImonXhou_12_19 _ImonXhou_12_20 _ImonXhou_12_21 _ImonXhou_12_22
               _ImonXhou_12_23 _ImonXhou_12_24 _ImonXtemp_2 _ImonXtemp_3
               _ImonXtemp_4 _ImonXtemp_5 _ImonXtemp_6 _ImonXtemp_7 _ImonXtemp_8
               _ImonXtemp_9 _ImonXtemp_10 _ImonXtemp_11 _ImonXtemp_12
               _ImonXtempa2 _ImonXtempa3 _ImonXtempa4 _ImonXtempa5 _ImonXtempa6
               _ImonXtempa7 _ImonXtempa8 _ImonXtempa9 _ImonXtempa10 _ImonXtempa11
               _ImonXtempa12 eprice _IpeaXepric_1

. estimates store spec_peak4

. 
. *(5) - HOURxINPUT
. ivregress 2sls mg_price ($maincost = $instruments) $supplycontrols $demandcontrols $controls1 $basefe _
> ImonXyea* _ImonXhou* _ImonXtem*, robust
note: _Iyear_2007 omitted because of collinearity
note: _ImonXyea_2_2007 omitted because of collinearity
note: _ImonXyea_3_2006 omitted because of collinearity
note: _ImonXyea_3_2007 omitted because of collinearity
note: _ImonXyea_4_2006 omitted because of collinearity
note: _ImonXyea_4_2007 omitted because of collinearity
note: _ImonXyea_5_2006 omitted because of collinearity
note: _ImonXyea_5_2007 omitted because of collinearity
note: _ImonXyea_6_2006 omitted because of collinearity
note: _ImonXyea_6_2007 omitted because of collinearity
note: _ImonXyea_7_2006 omitted because of collinearity
note: _ImonXyea_7_2007 omitted because of collinearity
note: _ImonXyea_8_2006 omitted because of collinearity
note: _ImonXyea_8_2007 omitted because of collinearity
note: _ImonXyea_9_2006 omitted because of collinearity
note: _ImonXyea_9_2007 omitted because of collinearity
note: _ImonXyea_10_2006 omitted because of collinearity
note: _ImonXyea_10_2007 omitted because of collinearity
note: _ImonXyea_11_2006 omitted because of collinearity
note: _ImonXyea_11_2007 omitted because of collinearity
note: _ImonXyea_12_2006 omitted because of collinearity
note: _ImonXyea_12_2007 omitted because of collinearity

Instrumental variables (2SLS) regression               Number of obs =   16186
                                                       Wald chi2(408)=55647.34
                                                       Prob > chi2   =  0.0000
                                                       R-squared     =  0.7511
                                                       Root MSE      =  8.7198

-----------------------------------------------------------------------------------
                  |               Robust
         mg_price |      Coef.   Std. Err.      z    P>|z|     [95% Conf. Interval]
------------------+----------------------------------------------------------------
      ecost2_peak |   1.106514    .175038     6.32   0.000     .7634456    1.449582
       ecost2_off |   .4964953   .1638568     3.03   0.002     .1753419    .8176487
            windx |  -2.166787   .3363892    -6.44   0.000    -2.826097   -1.507476
           windx2 |   .0628887   .0235283     2.67   0.008     .0167741    .1090033
             temp |   .7680699   .1308781     5.87   0.000     .5115536    1.024586
            tempx |  -1.071108   .1472083    -7.28   0.000    -1.359631   -.7825853
            humid |   .0930098   .0129308     7.19   0.000      .067666    .1183537
                  |
      hour#c.coal |
               2  |  -15.21381    9.01855    -1.69   0.092    -32.88985     2.46222
               3  |  -14.59272   9.017313    -1.62   0.106    -32.26633    3.080891
               4  |  -23.09129   9.112562    -2.53   0.011    -40.95158   -5.230997
               5  |  -25.94173   8.856243    -2.93   0.003    -43.29965   -8.583814
               6  |  -29.01621   9.017787    -3.22   0.001    -46.69074   -11.34167
               7  |  -16.12508   8.309456    -1.94   0.052    -32.41131    .1611563
               8  |   5.275861   11.14417     0.47   0.636    -16.56631    27.11803
               9  |    1.14134   12.53237     0.09   0.927    -23.42165    25.70433
              10  |   4.559106   12.95286     0.35   0.725    -20.82804    29.94625
              11  |   13.17097   12.69011     1.04   0.299    -11.70118    38.04313
              12  |   1.997255   13.45605     0.15   0.882    -24.37611    28.37063
              13  |   -.146483   13.16751    -0.01   0.991    -25.95433    25.66136
              14  |  -14.46486   12.47093    -1.16   0.246    -38.90744    9.977722
              15  |   6.025017   11.59373     0.52   0.603    -16.69827     28.7483
              16  |  -3.899792    11.6854    -0.33   0.739    -26.80275    19.00317
              17  |   13.18323   11.82147     1.12   0.265     -9.98643    36.35289
              18  |   7.725478   13.64705     0.57   0.571    -19.02224     34.4732
              19  |   20.06279   13.07136     1.53   0.125    -5.556593    45.68218
              20  |   18.38748   12.20742     1.51   0.132    -5.538624    42.31358
              21  |   11.78404   11.56144     1.02   0.308    -10.87598    34.44405
              22  |  -11.87835   12.56185    -0.95   0.344    -36.49912    12.74242
              23  |  -.9186025    10.3809    -0.09   0.929    -21.26479    19.42758
              24  |   11.48473   9.498698     1.21   0.227    -7.132376    30.10184
                  |
       hour#c.gas |
               2  |  -2.947241   1.956807    -1.51   0.132    -6.782511    .8880294
               3  |   -4.69206   1.687981    -2.78   0.005    -8.000442   -1.383679
               4  |   -4.91906   1.703032    -2.89   0.004    -8.256942   -1.581179
               5  |  -5.029978    1.66887    -3.01   0.003    -8.300903   -1.759054
               6  |  -5.564776   1.728503    -3.22   0.001    -8.952579   -2.176972
               7  |  -4.848674   1.599496    -3.03   0.002     -7.98363   -1.713719
               8  |  -1.509332   1.730308    -0.87   0.383    -4.900674    1.882009
               9  |   .0138915   2.049634     0.01   0.995    -4.003318    4.031101
              10  |  -.3919479   2.119704    -0.18   0.853    -4.546492    3.762596
              11  |   .8394975   2.109557     0.40   0.691    -3.295157    4.974153
              12  |   .5759308   2.155825     0.27   0.789    -3.649408     4.80127
              13  |   .5086639   1.994932     0.25   0.799    -3.401331    4.418659
              14  |  -.9415003   1.869564    -0.50   0.615    -4.605778    2.722777
              15  |   -1.11827   2.330496    -0.48   0.631    -5.685958    3.449418
              16  |  -1.075615   2.145106    -0.50   0.616    -5.279946    3.128715
              17  |  -1.262155    2.14601    -0.59   0.556    -5.468258    2.943947
              18  |   -1.69969   2.267327    -0.75   0.453    -6.143569    2.744188
              19  |   1.467456   2.592988     0.57   0.571    -3.614707    6.549619
              20  |   3.373569   2.180829     1.55   0.122    -.9007767    7.647914
              21  |    .874219   1.864833     0.47   0.639    -2.780787    4.529225
              22  |   1.800329   1.910271     0.94   0.346    -1.943734    5.544392
              23  |  -1.832249   2.610914    -0.70   0.483    -6.949547    3.285049
              24  |  -.5916379   2.598675    -0.23   0.820    -5.684946    4.501671
                  |
     hour#c.brent |
               2  |  -1.189039   1.774187    -0.67   0.503    -4.666383    2.288304
               3  |  -.4941294   1.603264    -0.31   0.758    -3.636468     2.64821
               4  |  -2.214272    1.58279    -1.40   0.162    -5.316484    .8879394
               5  |  -3.263721   1.588305    -2.05   0.040    -6.376741   -.1507015
               6  |  -3.136996   1.573111    -1.99   0.046    -6.220237   -.0537541
               7  |  -2.239496   1.511751    -1.48   0.139    -5.202474    .7234829
               8  |  -7.825759   1.923437    -4.07   0.000    -11.59563   -4.055891
               9  |   -6.76103   2.275396    -2.97   0.003    -11.22072   -2.301336
              10  |  -3.365548   2.344165    -1.44   0.151    -7.960027     1.22893
              11  |  -1.326327   2.300508    -0.58   0.564     -5.83524    3.182586
              12  |  -1.006109   2.397297    -0.42   0.675    -5.704724    3.692506
              13  |  -.0956083    2.21747    -0.04   0.966     -4.44177    4.250553
              14  |   .4876277   2.086606     0.23   0.815    -3.602045    4.577301
              15  |    .942337   2.332534     0.40   0.686    -3.629345    5.514019
              16  |  -1.030181   2.209439    -0.47   0.641    -5.360602     3.30024
              17  |  -1.826828    2.23076    -0.82   0.413    -6.199038    2.545382
              18  |  -.4153729   2.331355    -0.18   0.859    -4.984744    4.153998
              19  |  -1.532032   2.459388    -0.62   0.533    -6.352343    3.288279
              20  |  -.5712152   2.277593    -0.25   0.802    -5.035216    3.892786
              21  |   6.794288   1.907649     3.56   0.000     3.055366    10.53321
              22  |   6.105876   1.992809     3.06   0.002     2.200041    10.01171
              23  |    6.23259   2.305554     2.70   0.007     1.713787    10.75139
              24  |   3.210095   2.235494     1.44   0.151    -1.171393    7.591582
                  |
             coal |   47.32235    8.50453     5.56   0.000     30.65378    63.99093
              gas |   5.003056   1.542142     3.24   0.001     1.980512    8.025599
            brent |  -1.450712   1.585221    -0.92   0.360    -4.557688    1.656265
         _Ihour_2 |   11.98075   8.122922     1.47   0.140     -3.93988    27.90139
         _Ihour_3 |   10.17906   8.128212     1.25   0.210    -5.751939    26.11007
         _Ihour_4 |   17.55139   8.187175     2.14   0.032     1.504824    33.59796
         _Ihour_5 |   20.36642   8.057531     2.53   0.011      4.57395    36.15889
         _Ihour_6 |   22.73849   8.113815     2.80   0.005     6.835708    38.64128
         _Ihour_7 |   13.34798   7.494328     1.78   0.075    -1.340629     28.0366
         _Ihour_8 |   9.804575   9.710878     1.01   0.313    -9.228396    28.83755
         _Ihour_9 |    9.22938    11.1602     0.83   0.408    -12.64422    31.10298
        _Ihour_10 |   1.074339   11.73406     0.09   0.927      -21.924    24.07268
        _Ihour_11 |  -8.256166   11.16236    -0.74   0.460    -30.13399    13.62166
        _Ihour_12 |   .2575688   11.55978     0.02   0.982    -22.39918    22.91432
        _Ihour_13 |  -.0147833   11.03312    -0.00   0.999    -21.63929    21.60973
        _Ihour_14 |   9.259191   10.40401     0.89   0.373     -11.1323    29.65068
        _Ihour_15 |  -7.865746   10.04074    -0.78   0.433    -27.54523    11.81374
        _Ihour_16 |   2.772258   10.12329     0.27   0.784    -17.06902    22.61354
        _Ihour_17 |  -7.225881   10.19139    -0.71   0.478    -27.20064    12.74888
        _Ihour_18 |   -3.53822    11.4501    -0.31   0.757    -25.98001    18.90357
        _Ihour_19 |  -9.117838    11.1465    -0.82   0.413    -30.96458     12.7289
        _Ihour_20 |  -6.542616   10.84011    -0.60   0.546    -27.78885    14.70361
        _Ihour_21 |  -14.65997   10.35628    -1.42   0.157     -34.9579    5.637957
        _Ihour_22 |  -3.189053   10.92163    -0.29   0.770    -24.59505    18.21695
        _Ihour_23 |  -7.837613   9.058302    -0.87   0.387    -25.59156    9.916332
        _Ihour_24 |  -9.763324   8.396276    -1.16   0.245    -26.21972    6.693075
      _Iyear_2005 |   14.93894   1.142926    13.07   0.000     12.69885    17.17904
      _Iyear_2006 |   29.33389   3.045517     9.63   0.000     23.36479      35.303
      _Iyear_2007 |          0  (omitted)
        _Iweekd_2 |   .4662692     .25287     1.84   0.065    -.0293469    .9618852
        _Iweekd_3 |    1.14042   .2598646     4.39   0.000     .6310947    1.649745
        _Iweekd_4 |   .9950281   .2641365     3.77   0.000     .4773301    1.512726
        _Iweekd_5 |  -.4096423   .2527401    -1.62   0.105    -.9050037    .0857191
        _Iweekd_6 |  -4.594024   .2587844   -17.75   0.000    -5.101232   -4.086816
        _Iweekd_7 |  -9.701838   .3010335   -32.23   0.000    -10.29185   -9.111824
        _Imonth_2 |  -13.85359   3.728532    -3.72   0.000    -21.16138   -6.545797
        _Imonth_3 |  -14.14949    3.58209    -3.95   0.000    -21.17025   -7.128718
        _Imonth_4 |  -14.61916    2.90945    -5.02   0.000    -20.32158   -8.916746
        _Imonth_5 |  -19.34673   3.161563    -6.12   0.000    -25.54328   -13.15018
        _Imonth_6 |  -50.54093   4.342409   -11.64   0.000     -59.0519   -42.02997
        _Imonth_7 |  -28.51615   3.891445    -7.33   0.000    -36.14324   -20.88905
        _Imonth_8 |  -31.53543   4.856052    -6.49   0.000    -41.05312   -22.01774
        _Imonth_9 |  -45.35418    5.03608    -9.01   0.000    -55.22472   -35.48365
       _Imonth_10 |  -24.27807   3.594189    -6.75   0.000    -31.32256   -17.23359
       _Imonth_11 |   4.793315   3.726887     1.29   0.198    -2.511249    12.09788
       _Imonth_12 |  -12.16864   4.114913    -2.96   0.003    -20.23372   -4.103556
 _ImonXyea_2_2005 |  -.2914749   .8674903    -0.34   0.737    -1.991725    1.408775
 _ImonXyea_2_2006 |  -1.660432   1.139441    -1.46   0.145    -3.893696    .5728324
 _ImonXyea_2_2007 |          0  (omitted)
 _ImonXyea_3_2005 |   3.933455   1.156652     3.40   0.001     1.666459    6.200451
 _ImonXyea_3_2006 |          0  (omitted)
 _ImonXyea_3_2007 |          0  (omitted)
 _ImonXyea_4_2005 |  -.3236378   1.305188    -0.25   0.804     -2.88176    2.234484
 _ImonXyea_4_2006 |          0  (omitted)
 _ImonXyea_4_2007 |          0  (omitted)
 _ImonXyea_5_2005 |  -6.453908   1.431996    -4.51   0.000    -9.260569   -3.647248
 _ImonXyea_5_2006 |          0  (omitted)
 _ImonXyea_5_2007 |          0  (omitted)
 _ImonXyea_6_2005 |   4.433911   1.901078     2.33   0.020     .7078659    8.159956
 _ImonXyea_6_2006 |          0  (omitted)
 _ImonXyea_6_2007 |          0  (omitted)
 _ImonXyea_7_2005 |   6.632222   2.093713     3.17   0.002      2.52862    10.73582
 _ImonXyea_7_2006 |          0  (omitted)
 _ImonXyea_7_2007 |          0  (omitted)
 _ImonXyea_8_2005 |   3.383805   1.760122     1.92   0.055    -.0659713    6.833582
 _ImonXyea_8_2006 |          0  (omitted)
 _ImonXyea_8_2007 |          0  (omitted)
 _ImonXyea_9_2005 |   5.258909   1.938321     2.71   0.007      1.45987    9.057948
 _ImonXyea_9_2006 |          0  (omitted)
 _ImonXyea_9_2007 |          0  (omitted)
_ImonXyea_10_2005 |  -.4955915   1.822775    -0.27   0.786    -4.068165    3.076982
_ImonXyea_10_2006 |          0  (omitted)
_ImonXyea_10_2007 |          0  (omitted)
_ImonXyea_11_2005 |   4.559533   1.686081     2.70   0.007     1.254876    7.864191
_ImonXyea_11_2006 |          0  (omitted)
_ImonXyea_11_2007 |          0  (omitted)
_ImonXyea_12_2005 |   10.33343   1.798225     5.75   0.000     6.808969    13.85788
_ImonXyea_12_2006 |          0  (omitted)
_ImonXyea_12_2007 |          0  (omitted)
    _ImonXhou_2_2 |   .3090188   2.142107     0.14   0.885    -3.889433    4.507471
    _ImonXhou_2_3 |  -.0547915   2.175267    -0.03   0.980    -4.318237    4.208654
    _ImonXhou_2_4 |   1.840883   2.119858     0.87   0.385    -2.313963    5.995729
    _ImonXhou_2_5 |   1.430071   2.031219     0.70   0.481    -2.551045    5.411188
    _ImonXhou_2_6 |   1.326504   1.982337     0.67   0.503    -2.558805    5.211814
    _ImonXhou_2_7 |   2.137047   2.014397     1.06   0.289    -1.811098    6.085192
    _ImonXhou_2_8 |  -.0637531   2.489413    -0.03   0.980    -4.942912    4.815406
    _ImonXhou_2_9 |  -.5724016   3.057759    -0.19   0.852    -6.565499    5.420696
   _ImonXhou_2_10 |   2.054188   3.033141     0.68   0.498    -3.890658    7.999035
   _ImonXhou_2_11 |   1.426984   2.866629     0.50   0.619    -4.191505    7.045473
   _ImonXhou_2_12 |    .900432   2.830567     0.32   0.750    -4.647378    6.448242
   _ImonXhou_2_13 |   1.186776   2.567054     0.46   0.644    -3.844558    6.218109
   _ImonXhou_2_14 |   .4342971   2.348427     0.18   0.853    -4.168535    5.037129
   _ImonXhou_2_15 |  -2.419353   2.332353    -1.04   0.300    -6.990681    2.151975
   _ImonXhou_2_16 |  -2.174511   2.413475    -0.90   0.368    -6.904835    2.555813
   _ImonXhou_2_17 |  -3.093956   2.429371    -1.27   0.203    -7.855434    1.667523
   _ImonXhou_2_18 |  -4.742918   2.476893    -1.91   0.056    -9.597539    .1117033
   _ImonXhou_2_19 |  -7.332743    2.39511    -3.06   0.002    -12.02707   -2.638414
   _ImonXhou_2_20 |  -4.091402   2.422127    -1.69   0.091    -8.838683    .6558788
   _ImonXhou_2_21 |  -.6972236   2.478504    -0.28   0.778    -5.555002    4.160555
   _ImonXhou_2_22 |   1.909144   2.495641     0.76   0.444    -2.982224    6.800511
   _ImonXhou_2_23 |  -1.895195   2.241568    -0.85   0.398    -6.288588    2.498197
   _ImonXhou_2_24 |  -2.570444    2.24114    -1.15   0.251    -6.962998    1.822109
    _ImonXhou_3_2 |   2.860449   2.565001     1.12   0.265    -2.166861    7.887759
    _ImonXhou_3_3 |   1.534188   2.381855     0.64   0.520    -3.134163    6.202538
    _ImonXhou_3_4 |   3.008493   2.415933     1.25   0.213    -1.726649    7.743635
    _ImonXhou_3_5 |   3.877975   2.404476     1.61   0.107    -.8347108    8.590661
    _ImonXhou_3_6 |   3.983339   2.383846     1.67   0.095    -.6889139    8.655591
    _ImonXhou_3_7 |   4.410893   2.295489     1.92   0.055    -.0881814    8.909968
    _ImonXhou_3_8 |   1.860909   2.638786     0.71   0.481    -3.311016    7.032834
    _ImonXhou_3_9 |    5.04876   3.237413     1.56   0.119    -1.296453    11.39397
   _ImonXhou_3_10 |   9.014414   3.275557     2.75   0.006     2.594441    15.43439
   _ImonXhou_3_11 |   5.184571   3.221301     1.61   0.108    -1.129064     11.4982
   _ImonXhou_3_12 |    5.83658   3.283761     1.78   0.076    -.5994738    12.27263
   _ImonXhou_3_13 |   5.000889   3.051391     1.64   0.101    -.9797276    10.98151
   _ImonXhou_3_14 |   4.302837   2.802578     1.54   0.125    -1.190115     9.79579
   _ImonXhou_3_15 |   3.151649   2.756613     1.14   0.253    -2.251214    8.554512
   _ImonXhou_3_16 |   2.813372   2.808313     1.00   0.316    -2.690821    8.317564
   _ImonXhou_3_17 |    3.66336   2.756878     1.33   0.184    -1.740022    9.066742
   _ImonXhou_3_18 |   .8588772   2.842811     0.30   0.763    -4.712929    6.430684
   _ImonXhou_3_19 |  -3.772555    2.78336    -1.36   0.175    -9.227839     1.68273
   _ImonXhou_3_20 |   -3.62466   3.041341    -1.19   0.233    -9.585578    2.336259
   _ImonXhou_3_21 |   .5745253    2.95547     0.19   0.846    -5.218089     6.36714
   _ImonXhou_3_22 |   6.646049   2.875123     2.31   0.021     1.010911    12.28119
   _ImonXhou_3_23 |   2.372239   2.864678     0.83   0.408    -3.242428    7.986905
   _ImonXhou_3_24 |  -.8159141   2.834533    -0.29   0.773    -6.371496    4.739668
    _ImonXhou_4_2 |   2.446245   2.028839     1.21   0.228    -1.530206    6.422696
    _ImonXhou_4_3 |   2.435874    1.98302     1.23   0.219    -1.450773    6.322521
    _ImonXhou_4_4 |   4.894952   1.902615     2.57   0.010     1.165896    8.624008
    _ImonXhou_4_5 |   5.711619   1.868585     3.06   0.002      2.04926    9.373978
    _ImonXhou_4_6 |   6.380044   1.859212     3.43   0.001     2.736056    10.02403
    _ImonXhou_4_7 |   5.753976   1.817912     3.17   0.002     2.190934    9.317019
    _ImonXhou_4_8 |   3.541761   2.238173     1.58   0.114    -.8449764    7.928499
    _ImonXhou_4_9 |   2.859303   2.705342     1.06   0.291     -2.44307    8.161676
   _ImonXhou_4_10 |   3.379047   2.721408     1.24   0.214    -1.954814    8.712908
   _ImonXhou_4_11 |   1.322529   2.658967     0.50   0.619    -3.888951    6.534008
   _ImonXhou_4_12 |   .9363935   2.616262     0.36   0.720    -4.191386    6.064173
   _ImonXhou_4_13 |      1.777   2.374086     0.75   0.454    -2.876122    6.430123
   _ImonXhou_4_14 |     1.0672   2.183549     0.49   0.625    -3.212477    5.346877
   _ImonXhou_4_15 |   .6430208   2.220759     0.29   0.772    -3.709587    4.995629
   _ImonXhou_4_16 |   1.801223   2.277423     0.79   0.429    -2.662443    6.264889
   _ImonXhou_4_17 |   1.158608   2.225434     0.52   0.603    -3.203162    5.520378
   _ImonXhou_4_18 |  -.6130746   2.360503    -0.26   0.795    -5.239576    4.013427
   _ImonXhou_4_19 |  -5.946021   2.325702    -2.56   0.011    -10.50431   -1.387729
   _ImonXhou_4_20 |  -14.36023    2.36481    -6.07   0.000    -18.99518   -9.725291
   _ImonXhou_4_21 |  -11.03261   2.306657    -4.78   0.000    -15.55357    -6.51164
   _ImonXhou_4_22 |   2.735619   2.339636     1.17   0.242    -1.849984    7.321223
   _ImonXhou_4_23 |  -1.224681   2.292691    -0.53   0.593    -5.718273     3.26891
   _ImonXhou_4_24 |  -7.017555   2.261017    -3.10   0.002    -11.44907   -2.586043
    _ImonXhou_5_2 |   3.070659   2.117607     1.45   0.147    -1.079775    7.221093
    _ImonXhou_5_3 |   4.211306   2.061876     2.04   0.041     .1701028     8.25251
    _ImonXhou_5_4 |   6.549365   2.014894     3.25   0.001     2.600245    10.49849
    _ImonXhou_5_5 |   8.030088   1.985058     4.05   0.000     4.139445    11.92073
    _ImonXhou_5_6 |    8.53431   1.974301     4.32   0.000     4.664751    12.40387
    _ImonXhou_5_7 |   6.705239   1.914141     3.50   0.000     2.953592    10.45689
    _ImonXhou_5_8 |   3.555446   2.308535     1.54   0.124    -.9691991    8.080091
    _ImonXhou_5_9 |   4.625251   2.849031     1.62   0.104    -.9587478    10.20925
   _ImonXhou_5_10 |   3.345946   2.808601     1.19   0.234    -2.158812    8.850703
   _ImonXhou_5_11 |    .775963   2.755137     0.28   0.778    -4.624006    6.175932
   _ImonXhou_5_12 |   .5548482   2.843888     0.20   0.845     -5.01907    6.128767
   _ImonXhou_5_13 |   .9510584   2.505022     0.38   0.704    -3.958695    5.860812
   _ImonXhou_5_14 |    1.10985   2.353091     0.47   0.637    -3.502124    5.721823
   _ImonXhou_5_15 |   1.291696   2.529143     0.51   0.610    -3.665334    6.248726
   _ImonXhou_5_16 |   2.621417   2.462508     1.06   0.287     -2.20501    7.447843
   _ImonXhou_5_17 |   2.728147   2.434538     1.12   0.262    -2.043461    7.499754
   _ImonXhou_5_18 |   .3330109   2.522357     0.13   0.895    -4.610717    5.276739
   _ImonXhou_5_19 |   -3.91265   2.440442    -1.60   0.109    -8.695828    .8705283
   _ImonXhou_5_20 |  -12.70472   2.476555    -5.13   0.000    -17.55868   -7.850763
   _ImonXhou_5_21 |  -13.62423   2.370709    -5.75   0.000    -18.27074   -8.977729
   _ImonXhou_5_22 |  -1.329022   2.352322    -0.56   0.572    -5.939488    3.281443
   _ImonXhou_5_23 |  -.8151005   2.509853    -0.32   0.745    -5.734322    4.104121
   _ImonXhou_5_24 |  -6.181371   2.384162    -2.59   0.010    -10.85424     -1.5085
    _ImonXhou_6_2 |   3.039577     2.3557     1.29   0.197    -1.577509    7.656664
    _ImonXhou_6_3 |   3.707213   2.285665     1.62   0.105     -.772609    8.187034
    _ImonXhou_6_4 |   6.852155   2.250286     3.05   0.002     2.441676    11.26263
    _ImonXhou_6_5 |   8.558807    2.23345     3.83   0.000     4.181325    12.93629
    _ImonXhou_6_6 |   9.512497   2.239601     4.25   0.000      5.12296    13.90203
    _ImonXhou_6_7 |   7.310879   2.141894     3.41   0.001     3.112844    11.50891
    _ImonXhou_6_8 |   3.018089   2.571383     1.17   0.241    -2.021729    8.057907
    _ImonXhou_6_9 |   8.525246   3.295449     2.59   0.010     2.066284    14.98421
   _ImonXhou_6_10 |   11.86176   3.216275     3.69   0.000     5.557973    18.16554
   _ImonXhou_6_11 |    10.0965   3.227304     3.13   0.002     3.771105     16.4219
   _ImonXhou_6_12 |   11.92209   3.377899     3.53   0.000     5.301533    18.54266
   _ImonXhou_6_13 |   12.61684   3.119071     4.05   0.000     6.503576    18.73011
   _ImonXhou_6_14 |   16.17976   2.983293     5.42   0.000     10.33261     22.0269
   _ImonXhou_6_15 |     13.571   3.142595     4.32   0.000     7.411629    19.73037
   _ImonXhou_6_16 |   13.64575   3.071574     4.44   0.000     7.625571    19.66592
   _ImonXhou_6_17 |   13.96783   3.070517     4.55   0.000     7.949729    19.98593
   _ImonXhou_6_18 |   13.93256   3.378391     4.12   0.000     7.311033    20.55408
   _ImonXhou_6_19 |   5.739866   3.013418     1.90   0.057     -.166325    11.64606
   _ImonXhou_6_20 |  -2.404788   2.917722    -0.82   0.410    -8.123418    3.313842
   _ImonXhou_6_21 |  -6.396702   2.660151    -2.40   0.016     -11.6105   -1.182903
   _ImonXhou_6_22 |   2.115052   2.634066     0.80   0.422    -3.047623    7.277728
   _ImonXhou_6_23 |   6.954292   2.779858     2.50   0.012      1.50587    12.40271
   _ImonXhou_6_24 |  -2.191169   2.735688    -0.80   0.423    -7.553019    3.170681
    _ImonXhou_7_2 |   4.503766   2.532603     1.78   0.075    -.4600444    9.467576
    _ImonXhou_7_3 |    4.28875   2.436503     1.76   0.078    -.4867079    9.064209
    _ImonXhou_7_4 |   8.181065   2.450697     3.34   0.001     3.377787    12.98434
    _ImonXhou_7_5 |   10.03985   2.465615     4.07   0.000     5.207336    14.87237
    _ImonXhou_7_6 |    11.0461    2.46829     4.48   0.000     6.208337    15.88386
    _ImonXhou_7_7 |   8.483732   2.301648     3.69   0.000     3.972585    12.99488
    _ImonXhou_7_8 |   4.269019   2.808221     1.52   0.128    -1.234992    9.773031
    _ImonXhou_7_9 |   5.723692   3.498422     1.64   0.102     -1.13309    12.58047
   _ImonXhou_7_10 |    8.02112   3.494931     2.30   0.022      1.17118    14.87106
   _ImonXhou_7_11 |   8.136479   3.508933     2.32   0.020     1.259096    15.01386
   _ImonXhou_7_12 |   9.159738   3.667777     2.50   0.013     1.971026    16.34845
   _ImonXhou_7_13 |   11.70449   3.341852     3.50   0.000     5.154582     18.2544
   _ImonXhou_7_14 |   12.22706   3.138924     3.90   0.000     6.074882    18.37924
   _ImonXhou_7_15 |    10.7379   3.117806     3.44   0.001     4.627115    16.84869
   _ImonXhou_7_16 |    14.0562   3.085001     4.56   0.000     8.009713    20.10269
   _ImonXhou_7_17 |    9.22055   3.177126     2.90   0.004     2.993498     15.4476
   _ImonXhou_7_18 |   9.542659   3.334521     2.86   0.004     3.007117     16.0782
   _ImonXhou_7_19 |   4.132542   3.327139     1.24   0.214     -2.38853    10.65361
   _ImonXhou_7_20 |  -6.191879     3.1338    -1.98   0.048    -12.33401   -.0497446
   _ImonXhou_7_21 |  -8.126827   2.884984    -2.82   0.005    -13.78129   -2.472363
   _ImonXhou_7_22 |  -.7263383   2.856025    -0.25   0.799    -6.324044    4.871367
   _ImonXhou_7_23 |   5.766206   3.016084     1.91   0.056    -.1452106    11.67762
   _ImonXhou_7_24 |  -3.702769   2.937326    -1.26   0.207    -9.459822    2.054284
    _ImonXhou_8_2 |   5.873367    3.03232     1.94   0.053    -.0698712    11.81661
    _ImonXhou_8_3 |   5.946931   2.931649     2.03   0.043     .2010049    11.69286
    _ImonXhou_8_4 |   10.48404   3.028726     3.46   0.001     4.547846    16.42023
    _ImonXhou_8_5 |    12.1737   3.021985     4.03   0.000     6.250718    18.09668
    _ImonXhou_8_6 |    13.0469   2.992278     4.36   0.000     7.182144    18.91166
    _ImonXhou_8_7 |   9.714702   2.745497     3.54   0.000     4.333627    15.09578
    _ImonXhou_8_8 |   5.451365   3.403836     1.60   0.109    -1.220031    12.12276
    _ImonXhou_8_9 |   3.645729   4.198382     0.87   0.385    -4.582948    11.87441
   _ImonXhou_8_10 |   6.039705   4.255997     1.42   0.156    -2.301895    14.38131
   _ImonXhou_8_11 |   2.874738    4.12189     0.70   0.486    -5.204017    10.95349
   _ImonXhou_8_12 |   6.293054   4.492238     1.40   0.161     -2.51157    15.09768
   _ImonXhou_8_13 |    7.31746   4.210209     1.74   0.082    -.9343991    15.56932
   _ImonXhou_8_14 |   13.83501    4.04027     3.42   0.001     5.916224    21.75379
   _ImonXhou_8_15 |    6.75538   3.798223     1.78   0.075    -.6890012    14.19976
   _ImonXhou_8_16 |    8.76155   3.807266     2.30   0.021     1.299446    16.22365
   _ImonXhou_8_17 |   5.882312   3.651218     1.61   0.107    -1.273943    13.03857
   _ImonXhou_8_18 |   5.945351    4.15573     1.43   0.153     -2.19973    14.09043
   _ImonXhou_8_19 |  -1.734895   4.149669    -0.42   0.676    -9.868097    6.398307
   _ImonXhou_8_20 |  -10.51592    3.89856    -2.70   0.007    -18.15696   -2.874881
   _ImonXhou_8_21 |  -14.98136   3.545359    -4.23   0.000    -21.93013   -8.032579
   _ImonXhou_8_22 |   .6328831   3.883478     0.16   0.871    -6.978594    8.244361
   _ImonXhou_8_23 |   1.323712   3.721476     0.36   0.722    -5.970246     8.61767
   _ImonXhou_8_24 |   -7.72091   3.584758    -2.15   0.031    -14.74691   -.6949124
    _ImonXhou_9_2 |   5.197119   3.026608     1.72   0.086    -.7349243    11.12916
    _ImonXhou_9_3 |   4.563525   2.884506     1.58   0.114    -1.090003    10.21705
    _ImonXhou_9_4 |   9.294209   2.928613     3.17   0.002     3.554233    15.03419
    _ImonXhou_9_5 |   10.97236   2.894491     3.79   0.000     5.299263    16.64546
    _ImonXhou_9_6 |   12.35164   2.944334     4.20   0.000     6.580849    18.12243
    _ImonXhou_9_7 |   9.937581   2.695617     3.69   0.000     4.654269    15.22089
    _ImonXhou_9_8 |   12.24823   3.326053     3.68   0.000     5.729284    18.76717
    _ImonXhou_9_9 |   12.05131   4.112558     2.93   0.003     3.990849    20.11178
   _ImonXhou_9_10 |   12.69129   4.076222     3.11   0.002     4.702043    20.68054
   _ImonXhou_9_11 |   10.31497   4.020416     2.57   0.010     2.435098    18.19484
   _ImonXhou_9_12 |   12.74531   4.440145     2.87   0.004     4.042783    21.44783
   _ImonXhou_9_13 |   15.32356    3.97676     3.85   0.000     7.529253    23.11787
   _ImonXhou_9_14 |   14.57731   3.655036     3.99   0.000     7.413566    21.74104
   _ImonXhou_9_15 |   9.777075   3.668363     2.67   0.008     2.587216    16.96693
   _ImonXhou_9_16 |   14.29768   3.707141     3.86   0.000     7.031814    21.56354
   _ImonXhou_9_17 |   13.03999   3.795278     3.44   0.001     5.601383     20.4786
   _ImonXhou_9_18 |   12.22757   4.169492     2.93   0.003     4.055512    20.39962
   _ImonXhou_9_19 |    5.72427   3.842353     1.49   0.136    -1.806603    13.25514
   _ImonXhou_9_20 |  -3.372904   3.703126    -0.91   0.362     -10.6309     3.88509
   _ImonXhou_9_21 |  -.7813785    3.53442    -0.22   0.825    -7.708715    6.145958
   _ImonXhou_9_22 |   16.35271   3.686072     4.44   0.000     9.128143    23.57728
   _ImonXhou_9_23 |   3.289567   3.668027     0.90   0.370    -3.899635    10.47877
   _ImonXhou_9_24 |  -8.711128   3.496305    -2.49   0.013    -15.56376   -1.858495
   _ImonXhou_10_2 |   5.819725   2.937719     1.98   0.048      .061901    11.57755
   _ImonXhou_10_3 |   5.093886   2.772201     1.84   0.066    -.3395288     10.5273
   _ImonXhou_10_4 |   9.664208   2.847815     3.39   0.001     4.082593    15.24582
   _ImonXhou_10_5 |   11.72307   2.883404     4.07   0.000     6.071706    17.37444
   _ImonXhou_10_6 |   12.67147   2.892938     4.38   0.000     7.001414    18.34152
   _ImonXhou_10_7 |   11.07413    2.63327     4.21   0.000     5.913016    16.23524
   _ImonXhou_10_8 |    16.4254   3.405499     4.82   0.000     9.750747    23.10006
   _ImonXhou_10_9 |   16.83035   4.176041     4.03   0.000     8.645458    25.01524
  _ImonXhou_10_10 |   12.65707   4.070281     3.11   0.002      4.67947    20.63468
  _ImonXhou_10_11 |   9.354999   4.003808     2.34   0.019     1.507679    17.20232
  _ImonXhou_10_12 |   10.18667   4.152717     2.45   0.014     2.047492    18.32584
  _ImonXhou_10_13 |     10.513   3.642189     2.89   0.004     3.374442    17.65156
  _ImonXhou_10_14 |   10.97969   3.305428     3.32   0.001     4.501169    17.45821
  _ImonXhou_10_15 |   6.890088   3.584817     1.92   0.055    -.1360238     13.9162
  _ImonXhou_10_16 |   8.367657    3.54795     2.36   0.018     1.413801    15.32151
  _ImonXhou_10_17 |   9.144581   3.506959     2.61   0.009     2.271068    16.01809
  _ImonXhou_10_18 |   7.670753    3.65568     2.10   0.036     .5057512    14.83575
  _ImonXhou_10_19 |   .9925465   3.634501     0.27   0.785    -6.130945    8.116038
  _ImonXhou_10_20 |    .010169   3.717115     0.00   0.998    -7.275242     7.29558
  _ImonXhou_10_21 |    4.30134   3.674527     1.17   0.242      -2.9006    11.50328
  _ImonXhou_10_22 |    7.54371   3.319247     2.27   0.023     1.038106    14.04931
  _ImonXhou_10_23 |   .3888744   3.541666     0.11   0.913    -6.552663    7.330412
  _ImonXhou_10_24 |  -7.198191   3.472978    -2.07   0.038     -14.0051   -.3912783
   _ImonXhou_11_2 |   1.142446   2.408507     0.47   0.635    -3.578141    5.863033
   _ImonXhou_11_3 |   .5999676   2.344302     0.26   0.798     -3.99478    5.194716
   _ImonXhou_11_4 |   3.067995   2.292674     1.34   0.181    -1.425563    7.561553
   _ImonXhou_11_5 |   4.261901    2.27677     1.87   0.061    -.2004856    8.724289
   _ImonXhou_11_6 |   5.192693   2.285415     2.27   0.023     .7133616    9.672025
   _ImonXhou_11_7 |    4.46542   2.187319     2.04   0.041      .178354    8.752485
   _ImonXhou_11_8 |   5.356029   2.737256     1.96   0.050    -.0088951    10.72095
   _ImonXhou_11_9 |   6.775596   3.368001     2.01   0.044     .1744345    13.37676
  _ImonXhou_11_10 |   7.348861   3.355428     2.19   0.029     .7723443    13.92538
  _ImonXhou_11_11 |    5.65085   3.286322     1.72   0.086    -.7902235    12.09192
  _ImonXhou_11_12 |   5.328495   3.414897     1.56   0.119    -1.364581    12.02157
  _ImonXhou_11_13 |    3.75489   2.936521     1.28   0.201    -2.000586    9.510366
  _ImonXhou_11_14 |   4.247062   2.669075     1.59   0.112     -.984229    9.478352
  _ImonXhou_11_15 |   .5060065   2.691043     0.19   0.851     -4.76834    5.780353
  _ImonXhou_11_16 |   2.703095   2.791313     0.97   0.333    -2.767778    8.173969
  _ImonXhou_11_17 |   3.668771    2.78814     1.32   0.188    -1.795882    9.133424
  _ImonXhou_11_18 |   2.975919   2.826193     1.05   0.292    -2.563317    8.515155
  _ImonXhou_11_19 |   7.286107   3.049607     2.39   0.017     1.308988    13.26323
  _ImonXhou_11_20 |   3.935366   2.928917     1.34   0.179    -1.805205    9.675938
  _ImonXhou_11_21 |  -1.714695   2.888714    -0.59   0.553    -7.376471    3.947081
  _ImonXhou_11_22 |   .9021413    2.71057     0.33   0.739    -4.410477     6.21476
  _ImonXhou_11_23 |  -2.162479   2.631433    -0.82   0.411    -7.319993    2.995034
  _ImonXhou_11_24 |   -3.49003   2.662916    -1.31   0.190    -8.709249    1.729189
   _ImonXhou_12_2 |   -2.42428   2.308177    -1.05   0.294    -6.948224    2.099664
   _ImonXhou_12_3 |  -5.840976   2.153152    -2.71   0.007    -10.06108   -1.620875
   _ImonXhou_12_4 |   -4.54183   2.032695    -2.23   0.025     -8.52584   -.5578205
   _ImonXhou_12_5 |  -4.436443   1.977575    -2.24   0.025    -8.312418   -.5604672
   _ImonXhou_12_6 |  -4.718526   1.962785    -2.40   0.016    -8.565514   -.8715384
   _ImonXhou_12_7 |  -4.965401   2.085157    -2.38   0.017    -9.052233   -.8785693
   _ImonXhou_12_8 |  -4.764055   2.798535    -1.70   0.089    -10.24908    .7209729
   _ImonXhou_12_9 |  -4.463646   3.442915    -1.30   0.195    -11.21164    2.284344
  _ImonXhou_12_10 |  -2.946037   3.422914    -0.86   0.389    -9.654826    3.762752
  _ImonXhou_12_11 |   .0734963   3.217816     0.02   0.982    -6.233308      6.3803
  _ImonXhou_12_12 |   1.358576   3.165295     0.43   0.668    -4.845287     7.56244
  _ImonXhou_12_13 |  -1.744109   2.655063    -0.66   0.511    -6.947936    3.459718
  _ImonXhou_12_14 |   -1.98639   2.609039    -0.76   0.446    -7.100013    3.127233
  _ImonXhou_12_15 |  -4.493774   2.356631    -1.91   0.057    -9.112686    .1251374
  _ImonXhou_12_16 |  -3.552296   2.519283    -1.41   0.159    -8.489999    1.385408
  _ImonXhou_12_17 |  -3.872641    2.56454    -1.51   0.131    -8.899048    1.153765
  _ImonXhou_12_18 |  -.1902102   2.785624    -0.07   0.946    -5.649933    5.269513
  _ImonXhou_12_19 |   2.716772   2.639456     1.03   0.303    -2.456467     7.89001
  _ImonXhou_12_20 |    -4.1366   2.624746    -1.58   0.115    -9.281007    1.007807
  _ImonXhou_12_21 |  -5.855767   2.653424    -2.21   0.027    -11.05638   -.6551523
  _ImonXhou_12_22 |  -2.307485   2.613415    -0.88   0.377    -7.429684    2.814714
  _ImonXhou_12_23 |  -5.261863   2.473398    -2.13   0.033    -10.10963   -.4140922
  _ImonXhou_12_24 |  -4.297597   2.414462    -1.78   0.075    -9.029856     .434662
     _ImonXtemp_2 |  -2.657333   .2582664   -10.29   0.000    -3.163526    -2.15114
     _ImonXtemp_3 |  -3.244474   .2652666   -12.23   0.000    -3.764387   -2.724561
     _ImonXtemp_4 |  -.9052065    .182892    -4.95   0.000    -1.263668   -.5467448
     _ImonXtemp_5 |  -2.048683   .2078482    -9.86   0.000    -2.456059   -1.641308
     _ImonXtemp_6 |   2.052522   .3448766     5.95   0.000     1.376577    2.728468
     _ImonXtemp_7 |   .9984173   .2295008     4.35   0.000      .548604    1.448231
     _ImonXtemp_8 |    .243865   .2057397     1.19   0.236    -.1593774    .6471074
     _ImonXtemp_9 |  -.3884009   .2025454    -1.92   0.055    -.7853825    .0085808
    _ImonXtemp_10 |  -.8152363   .2022537    -4.03   0.000    -1.211646   -.4188264
    _ImonXtemp_11 |  -1.872412   .1573213   -11.90   0.000    -2.180757   -1.564068
    _ImonXtemp_12 |  -.7259225   .2508587    -2.89   0.004    -1.217596   -.2342484
     _ImonXtempa2 |   1.778299   .2314817     7.68   0.000     1.324603    2.231995
     _ImonXtempa3 |   2.255507   .2338501     9.65   0.000     1.797169    2.713845
     _ImonXtempa4 |   1.160037   .1761176     6.59   0.000     .8148531    1.505222
     _ImonXtempa5 |    2.08725   .2055141    10.16   0.000      1.68445    2.490051
     _ImonXtempa6 |   .2137471   .2526162     0.85   0.397    -.2813715    .7088657
     _ImonXtempa7 |   .2624852   .2059808     1.27   0.203    -.1412298    .6662002
     _ImonXtempa8 |   .7807918   .1784885     4.37   0.000     .4309607    1.130623
     _ImonXtempa9 |   1.688878   .1998173     8.45   0.000     1.297243    2.080513
    _ImonXtempa10 |   1.358475   .1735958     7.83   0.000     1.018233    1.698717
    _ImonXtempa11 |    .627437   .1856761     3.38   0.001     .2635186    .9913554
    _ImonXtempa12 |    1.56572   .2666873     5.87   0.000     1.043023    2.088418
            _cons |   8.137228   7.508997     1.08   0.279    -6.580136    22.85459
-----------------------------------------------------------------------------------
Instrumented:  ecost2_peak ecost2_off
Instruments:   windx windx2 temp tempx humid 2.hour#c.coal 3.hour#c.coal
               4.hour#c.coal 5.hour#c.coal 6.hour#c.coal 7.hour#c.coal
               8.hour#c.coal 9.hour#c.coal 10.hour#c.coal 11.hour#c.coal
               12.hour#c.coal 13.hour#c.coal 14.hour#c.coal 15.hour#c.coal
               16.hour#c.coal 17.hour#c.coal 18.hour#c.coal 19.hour#c.coal
               20.hour#c.coal 21.hour#c.coal 22.hour#c.coal 23.hour#c.coal
               24.hour#c.coal 2.hour#c.gas 3.hour#c.gas 4.hour#c.gas 5.hour#c.gas
               6.hour#c.gas 7.hour#c.gas 8.hour#c.gas 9.hour#c.gas 10.hour#c.gas
               11.hour#c.gas 12.hour#c.gas 13.hour#c.gas 14.hour#c.gas
               15.hour#c.gas 16.hour#c.gas 17.hour#c.gas 18.hour#c.gas
               19.hour#c.gas 20.hour#c.gas 21.hour#c.gas 22.hour#c.gas
               23.hour#c.gas 24.hour#c.gas 2.hour#c.brent 3.hour#c.brent
               4.hour#c.brent 5.hour#c.brent 6.hour#c.brent 7.hour#c.brent
               8.hour#c.brent 9.hour#c.brent 10.hour#c.brent 11.hour#c.brent
               12.hour#c.brent 13.hour#c.brent 14.hour#c.brent 15.hour#c.brent
               16.hour#c.brent 17.hour#c.brent 18.hour#c.brent 19.hour#c.brent
               20.hour#c.brent 21.hour#c.brent 22.hour#c.brent 23.hour#c.brent
               24.hour#c.brent coal gas brent _Ihour_2 _Ihour_3 _Ihour_4 _Ihour_5
               _Ihour_6 _Ihour_7 _Ihour_8 _Ihour_9 _Ihour_10 _Ihour_11 _Ihour_12
               _Ihour_13 _Ihour_14 _Ihour_15 _Ihour_16 _Ihour_17 _Ihour_18
               _Ihour_19 _Ihour_20 _Ihour_21 _Ihour_22 _Ihour_23 _Ihour_24
               _Iyear_2005 _Iyear_2006 _Iweekd_2 _Iweekd_3 _Iweekd_4 _Iweekd_5
               _Iweekd_6 _Iweekd_7 _Imonth_2 _Imonth_3 _Imonth_4 _Imonth_5
               _Imonth_6 _Imonth_7 _Imonth_8 _Imonth_9 _Imonth_10 _Imonth_11
               _Imonth_12 _ImonXyea_2_2005 _ImonXyea_2_2006 _ImonXyea_3_2005
               _ImonXyea_4_2005 _ImonXyea_5_2005 _ImonXyea_6_2005
               _ImonXyea_7_2005 _ImonXyea_8_2005 _ImonXyea_9_2005
               _ImonXyea_10_2005 _ImonXyea_11_2005 _ImonXyea_12_2005
               _ImonXhou_2_2 _ImonXhou_2_3 _ImonXhou_2_4 _ImonXhou_2_5
               _ImonXhou_2_6 _ImonXhou_2_7 _ImonXhou_2_8 _ImonXhou_2_9
               _ImonXhou_2_10 _ImonXhou_2_11 _ImonXhou_2_12 _ImonXhou_2_13
               _ImonXhou_2_14 _ImonXhou_2_15 _ImonXhou_2_16 _ImonXhou_2_17
               _ImonXhou_2_18 _ImonXhou_2_19 _ImonXhou_2_20 _ImonXhou_2_21
               _ImonXhou_2_22 _ImonXhou_2_23 _ImonXhou_2_24 _ImonXhou_3_2
               _ImonXhou_3_3 _ImonXhou_3_4 _ImonXhou_3_5 _ImonXhou_3_6
               _ImonXhou_3_7 _ImonXhou_3_8 _ImonXhou_3_9 _ImonXhou_3_10
               _ImonXhou_3_11 _ImonXhou_3_12 _ImonXhou_3_13 _ImonXhou_3_14
               _ImonXhou_3_15 _ImonXhou_3_16 _ImonXhou_3_17 _ImonXhou_3_18
               _ImonXhou_3_19 _ImonXhou_3_20 _ImonXhou_3_21 _ImonXhou_3_22
               _ImonXhou_3_23 _ImonXhou_3_24 _ImonXhou_4_2 _ImonXhou_4_3
               _ImonXhou_4_4 _ImonXhou_4_5 _ImonXhou_4_6 _ImonXhou_4_7
               _ImonXhou_4_8 _ImonXhou_4_9 _ImonXhou_4_10 _ImonXhou_4_11
               _ImonXhou_4_12 _ImonXhou_4_13 _ImonXhou_4_14 _ImonXhou_4_15
               _ImonXhou_4_16 _ImonXhou_4_17 _ImonXhou_4_18 _ImonXhou_4_19
               _ImonXhou_4_20 _ImonXhou_4_21 _ImonXhou_4_22 _ImonXhou_4_23
               _ImonXhou_4_24 _ImonXhou_5_2 _ImonXhou_5_3 _ImonXhou_5_4
               _ImonXhou_5_5 _ImonXhou_5_6 _ImonXhou_5_7 _ImonXhou_5_8
               _ImonXhou_5_9 _ImonXhou_5_10 _ImonXhou_5_11 _ImonXhou_5_12
               _ImonXhou_5_13 _ImonXhou_5_14 _ImonXhou_5_15 _ImonXhou_5_16
               _ImonXhou_5_17 _ImonXhou_5_18 _ImonXhou_5_19 _ImonXhou_5_20
               _ImonXhou_5_21 _ImonXhou_5_22 _ImonXhou_5_23 _ImonXhou_5_24
               _ImonXhou_6_2 _ImonXhou_6_3 _ImonXhou_6_4 _ImonXhou_6_5
               _ImonXhou_6_6 _ImonXhou_6_7 _ImonXhou_6_8 _ImonXhou_6_9
               _ImonXhou_6_10 _ImonXhou_6_11 _ImonXhou_6_12 _ImonXhou_6_13
               _ImonXhou_6_14 _ImonXhou_6_15 _ImonXhou_6_16 _ImonXhou_6_17
               _ImonXhou_6_18 _ImonXhou_6_19 _ImonXhou_6_20 _ImonXhou_6_21
               _ImonXhou_6_22 _ImonXhou_6_23 _ImonXhou_6_24 _ImonXhou_7_2
               _ImonXhou_7_3 _ImonXhou_7_4 _ImonXhou_7_5 _ImonXhou_7_6
               _ImonXhou_7_7 _ImonXhou_7_8 _ImonXhou_7_9 _ImonXhou_7_10
               _ImonXhou_7_11 _ImonXhou_7_12 _ImonXhou_7_13 _ImonXhou_7_14
               _ImonXhou_7_15 _ImonXhou_7_16 _ImonXhou_7_17 _ImonXhou_7_18
               _ImonXhou_7_19 _ImonXhou_7_20 _ImonXhou_7_21 _ImonXhou_7_22
               _ImonXhou_7_23 _ImonXhou_7_24 _ImonXhou_8_2 _ImonXhou_8_3
               _ImonXhou_8_4 _ImonXhou_8_5 _ImonXhou_8_6 _ImonXhou_8_7
               _ImonXhou_8_8 _ImonXhou_8_9 _ImonXhou_8_10 _ImonXhou_8_11
               _ImonXhou_8_12 _ImonXhou_8_13 _ImonXhou_8_14 _ImonXhou_8_15
               _ImonXhou_8_16 _ImonXhou_8_17 _ImonXhou_8_18 _ImonXhou_8_19
               _ImonXhou_8_20 _ImonXhou_8_21 _ImonXhou_8_22 _ImonXhou_8_23
               _ImonXhou_8_24 _ImonXhou_9_2 _ImonXhou_9_3 _ImonXhou_9_4
               _ImonXhou_9_5 _ImonXhou_9_6 _ImonXhou_9_7 _ImonXhou_9_8
               _ImonXhou_9_9 _ImonXhou_9_10 _ImonXhou_9_11 _ImonXhou_9_12
               _ImonXhou_9_13 _ImonXhou_9_14 _ImonXhou_9_15 _ImonXhou_9_16
               _ImonXhou_9_17 _ImonXhou_9_18 _ImonXhou_9_19 _ImonXhou_9_20
               _ImonXhou_9_21 _ImonXhou_9_22 _ImonXhou_9_23 _ImonXhou_9_24
               _ImonXhou_10_2 _ImonXhou_10_3 _ImonXhou_10_4 _ImonXhou_10_5
               _ImonXhou_10_6 _ImonXhou_10_7 _ImonXhou_10_8 _ImonXhou_10_9
               _ImonXhou_10_10 _ImonXhou_10_11 _ImonXhou_10_12 _ImonXhou_10_13
               _ImonXhou_10_14 _ImonXhou_10_15 _ImonXhou_10_16 _ImonXhou_10_17
               _ImonXhou_10_18 _ImonXhou_10_19 _ImonXhou_10_20 _ImonXhou_10_21
               _ImonXhou_10_22 _ImonXhou_10_23 _ImonXhou_10_24 _ImonXhou_11_2
               _ImonXhou_11_3 _ImonXhou_11_4 _ImonXhou_11_5 _ImonXhou_11_6
               _ImonXhou_11_7 _ImonXhou_11_8 _ImonXhou_11_9 _ImonXhou_11_10
               _ImonXhou_11_11 _ImonXhou_11_12 _ImonXhou_11_13 _ImonXhou_11_14
               _ImonXhou_11_15 _ImonXhou_11_16 _ImonXhou_11_17 _ImonXhou_11_18
               _ImonXhou_11_19 _ImonXhou_11_20 _ImonXhou_11_21 _ImonXhou_11_22
               _ImonXhou_11_23 _ImonXhou_11_24 _ImonXhou_12_2 _ImonXhou_12_3
               _ImonXhou_12_4 _ImonXhou_12_5 _ImonXhou_12_6 _ImonXhou_12_7
               _ImonXhou_12_8 _ImonXhou_12_9 _ImonXhou_12_10 _ImonXhou_12_11
               _ImonXhou_12_12 _ImonXhou_12_13 _ImonXhou_12_14 _ImonXhou_12_15
               _ImonXhou_12_16 _ImonXhou_12_17 _ImonXhou_12_18 _ImonXhou_12_19
               _ImonXhou_12_20 _ImonXhou_12_21 _ImonXhou_12_22 _ImonXhou_12_23
               _ImonXhou_12_24 _ImonXtemp_2 _ImonXtemp_3 _ImonXtemp_4
               _ImonXtemp_5 _ImonXtemp_6 _ImonXtemp_7 _ImonXtemp_8 _ImonXtemp_9
               _ImonXtemp_10 _ImonXtemp_11 _ImonXtemp_12 _ImonXtempa2
               _ImonXtempa3 _ImonXtempa4 _ImonXtempa5 _ImonXtempa6 _ImonXtempa7
               _ImonXtempa8 _ImonXtempa9 _ImonXtempa10 _ImonXtempa11
               _ImonXtempa12 eprice _IpeaXepric_1

. estimates store spec_peak5

. 
. restore

. 
. 
. log close
      name:  <unnamed>
       log:  /Volumes/Dades/Dropbox/PROJECTS/internalization2/submission/FINAL SUBMISSION/20130186_data/t
> ables/table_cost_pt_peak.log
  log type:  text
 closed on:  26 May 2014, 22:59:47
---------------------------------------------------------------------------------------------------------
