---------------------------------------------------------------------------------------------------------
      name:  <unnamed>
       log:  /Volumes/Dades/Dropbox/PROJECTS/internalization2/submission/FINAL SUBMISSION/20130186_data/t
> ables/table_cost_pt_interpolated.log
  log type:  text
 opened on:  26 May 2014, 22:50:10

. 
. preserve 

. drop if rd == 1
(11688 observations deleted)

. 
. // specification
. global demandcontrols = "temp tempx humid"

. global supplycontrols = "windx windx2"

. global controls = "coal gas brent"

. global basefe = "_Ihour_* _Iyear* _Iweek* _Imonth_*"

. global controls1 = "hour#(c.coal c.gas c.brent) coal gas brent"

. global instruments = "eprice"

. 
. 
. global maincost = "ecost_int"

. *(2) - MONTH-HOUR FE
. ivregress 2sls mg_price ($maincost = $instruments) $supplycontrols $demandcontrols $controls $basefe _I
> monXyea*, robust
note: _Iyear_2007 omitted because of collinearity
note: _ImonXyea_2_2007 omitted because of collinearity
note: _ImonXyea_3_2006 omitted because of collinearity
note: _ImonXyea_3_2007 omitted because of collinearity
note: _ImonXyea_4_2006 omitted because of collinearity
note: _ImonXyea_4_2007 omitted because of collinearity
note: _ImonXyea_5_2006 omitted because of collinearity
note: _ImonXyea_5_2007 omitted because of collinearity
note: _ImonXyea_6_2006 omitted because of collinearity
note: _ImonXyea_6_2007 omitted because of collinearity
note: _ImonXyea_7_2006 omitted because of collinearity
note: _ImonXyea_7_2007 omitted because of collinearity
note: _ImonXyea_8_2006 omitted because of collinearity
note: _ImonXyea_8_2007 omitted because of collinearity
note: _ImonXyea_9_2006 omitted because of collinearity
note: _ImonXyea_9_2007 omitted because of collinearity
note: _ImonXyea_10_2006 omitted because of collinearity
note: _ImonXyea_10_2007 omitted because of collinearity
note: _ImonXyea_11_2006 omitted because of collinearity
note: _ImonXyea_11_2007 omitted because of collinearity
note: _ImonXyea_12_2006 omitted because of collinearity
note: _ImonXyea_12_2007 omitted because of collinearity

Instrumental variables (2SLS) regression               Number of obs =   18744
                                                       Wald chi2(63) =44904.59
                                                       Prob > chi2   =  0.0000
                                                       R-squared     =  0.7209
                                                       Root MSE      =  11.471

-----------------------------------------------------------------------------------
                  |               Robust
         mg_price |      Coef.   Std. Err.      z    P>|z|     [95% Conf. Interval]
------------------+----------------------------------------------------------------
        ecost_int |   .8940369   .1811937     4.93   0.000     .5389038     1.24917
            windx |  -2.749378   .3657393    -7.52   0.000    -3.466214   -2.032542
           windx2 |   .0840416   .0255514     3.29   0.001     .0339617    .1341215
             temp |  -.0931927   .0644364    -1.45   0.148    -.2194857    .0331004
            tempx |  -.0251773   .0527535    -0.48   0.633    -.1285723    .0782176
            humid |  -.0123237   .0128143    -0.96   0.336    -.0374393    .0127919
             coal |   45.85503   4.462874    10.27   0.000     37.10796     54.6021
              gas |   5.985343   .3876603    15.44   0.000     5.225543    6.745144
            brent |  -2.617404   .9882758    -2.65   0.008    -4.554389   -.6804192
         _Ihour_2 |  -6.482364   .5653773   -11.47   0.000    -7.590484   -5.374245
         _Ihour_3 |  -9.697203   .5621121   -17.25   0.000    -10.79892   -8.595483
         _Ihour_4 |  -11.26563   .5745048   -19.61   0.000    -12.39164   -10.13963
         _Ihour_5 |  -12.82336   .5999988   -21.37   0.000    -13.99933   -11.64738
         _Ihour_6 |   -12.6016   .5813699   -21.68   0.000    -13.74106   -11.46213
         _Ihour_7 |  -9.968216   .5728651   -17.40   0.000    -11.09101   -8.845421
         _Ihour_8 |  -4.569201   .5644118    -8.10   0.000    -5.675428   -3.462974
         _Ihour_9 |  -.0483079   .5998405    -0.08   0.936    -1.223974    1.127358
        _Ihour_10 |   4.389674   .5978354     7.34   0.000     3.217938     5.56141
        _Ihour_11 |   9.136056   .6021773    15.17   0.000      7.95581     10.3163
        _Ihour_12 |   11.26579   .6065626    18.57   0.000     10.07695    12.45463
        _Ihour_13 |   11.94811   .6235521    19.16   0.000     10.72597    13.17025
        _Ihour_14 |   9.836612   .6147399    16.00   0.000     8.631743    11.04148
        _Ihour_15 |   4.825338   .5786804     8.34   0.000     3.691145     5.95953
        _Ihour_16 |   4.206241   .5783379     7.27   0.000      3.07272    5.339763
        _Ihour_17 |   4.115292   .6014839     6.84   0.000     2.936405    5.294178
        _Ihour_18 |   6.585975   .6278016    10.49   0.000     5.355507    7.816444
        _Ihour_19 |   9.632095    .640808    15.03   0.000     8.376134    10.88806
        _Ihour_20 |   11.05497   .6270873    17.63   0.000     9.825899    12.28404
        _Ihour_21 |   11.20231   .6325365    17.71   0.000     9.962558    12.44206
        _Ihour_22 |   12.57823   .6233451    20.18   0.000      11.3565    13.79997
        _Ihour_23 |   7.221623   .5826282    12.39   0.000     6.079692    8.363553
        _Ihour_24 |   2.049994   .5940125     3.45   0.001     .8857512    3.214237
      _Iyear_2005 |   12.32946   1.195566    10.31   0.000     9.986198    14.67273
      _Iyear_2006 |   30.35032    3.06312     9.91   0.000     24.34672    36.35393
      _Iyear_2007 |          0  (omitted)
        _Iweekd_2 |   .0165642   .3163072     0.05   0.958    -.6033864    .6365148
        _Iweekd_3 |   .8704755   .3220482     2.70   0.007     .2392726    1.501678
        _Iweekd_4 |   .9988578   .3254686     3.07   0.002     .3609511    1.636765
        _Iweekd_5 |  -.5342247   .3184203    -1.68   0.093    -1.158317    .0898677
        _Iweekd_6 |  -5.570264   .3108517   -17.92   0.000    -6.179522   -4.961005
        _Iweekd_7 |  -10.79408   .3516655   -30.69   0.000    -11.48333   -10.10483
        _Imonth_2 |  -.3627603   .5154055    -0.70   0.482    -1.372937    .6474159
        _Imonth_3 |   4.452752    .569807     7.81   0.000     3.335951    5.569554
        _Imonth_4 |   -.116725   .5896558    -0.20   0.843    -1.272429    1.038979
        _Imonth_5 |   2.291317   .7151249     3.20   0.001     .8896978    3.692936
        _Imonth_6 |   3.832477   .8161589     4.70   0.000     2.232835    5.432119
        _Imonth_7 |   1.848839   .9446696     1.96   0.050    -.0026791    3.700358
        _Imonth_8 |  -1.526733   1.139888    -1.34   0.180    -3.760873    .7074069
        _Imonth_9 |   4.768057   1.094991     4.35   0.000     2.621915    6.914199
       _Imonth_10 |   4.682033   1.216395     3.85   0.000     2.297942    7.066124
       _Imonth_11 |   3.924115   .7599637     5.16   0.000     2.434613    5.413616
       _Imonth_12 |   7.265265   .6257076    11.61   0.000     6.038901     8.49163
 _ImonXyea_2_2005 |   2.937907    .843118     3.48   0.000     1.285426    4.590388
 _ImonXyea_2_2006 |  -2.481527   1.169055    -2.12   0.034    -4.772833   -.1902216
 _ImonXyea_2_2007 |          0  (omitted)
 _ImonXyea_3_2005 |   4.021512   1.183234     3.40   0.001     1.702416    6.340608
 _ImonXyea_3_2006 |          0  (omitted)
 _ImonXyea_3_2007 |          0  (omitted)
 _ImonXyea_4_2005 |   1.766792   1.423176     1.24   0.214    -1.022582    4.556166
 _ImonXyea_4_2006 |          0  (omitted)
 _ImonXyea_4_2007 |          0  (omitted)
 _ImonXyea_5_2005 |  -1.864929   1.542873    -1.21   0.227    -4.888905    1.159047
 _ImonXyea_5_2006 |          0  (omitted)
 _ImonXyea_5_2007 |          0  (omitted)
 _ImonXyea_6_2005 |   8.937361   1.980494     4.51   0.000     5.055664    12.81906
 _ImonXyea_6_2006 |          0  (omitted)
 _ImonXyea_6_2007 |          0  (omitted)
 _ImonXyea_7_2005 |   13.08137   2.282234     5.73   0.000     8.608277    17.55447
 _ImonXyea_7_2006 |          0  (omitted)
 _ImonXyea_7_2007 |          0  (omitted)
 _ImonXyea_8_2005 |   7.296647   1.803377     4.05   0.000     3.762093     10.8312
 _ImonXyea_8_2006 |          0  (omitted)
 _ImonXyea_8_2007 |          0  (omitted)
 _ImonXyea_9_2005 |   6.965924   2.057482     3.39   0.001     2.933332    10.99852
 _ImonXyea_9_2006 |          0  (omitted)
 _ImonXyea_9_2007 |          0  (omitted)
_ImonXyea_10_2005 |   1.028599   1.924196     0.53   0.593    -2.742755    4.799953
_ImonXyea_10_2006 |          0  (omitted)
_ImonXyea_10_2007 |          0  (omitted)
_ImonXyea_11_2005 |   5.407918   1.741673     3.11   0.002     1.994302    8.821534
_ImonXyea_11_2006 |          0  (omitted)
_ImonXyea_11_2007 |          0  (omitted)
_ImonXyea_12_2005 |   10.83249   1.871956     5.79   0.000     7.163521    14.50145
_ImonXyea_12_2006 |          0  (omitted)
_ImonXyea_12_2007 |          0  (omitted)
            _cons |   4.825252   3.854487     1.25   0.211    -2.729403    12.37991
-----------------------------------------------------------------------------------
Instrumented:  ecost_int
Instruments:   windx windx2 temp tempx humid coal gas brent _Ihour_2 _Ihour_3
               _Ihour_4 _Ihour_5 _Ihour_6 _Ihour_7 _Ihour_8 _Ihour_9 _Ihour_10
               _Ihour_11 _Ihour_12 _Ihour_13 _Ihour_14 _Ihour_15 _Ihour_16
               _Ihour_17 _Ihour_18 _Ihour_19 _Ihour_20 _Ihour_21 _Ihour_22
               _Ihour_23 _Ihour_24 _Iyear_2005 _Iyear_2006 _Iweekd_2 _Iweekd_3
               _Iweekd_4 _Iweekd_5 _Iweekd_6 _Iweekd_7 _Imonth_2 _Imonth_3
               _Imonth_4 _Imonth_5 _Imonth_6 _Imonth_7 _Imonth_8 _Imonth_9
               _Imonth_10 _Imonth_11 _Imonth_12 _ImonXyea_2_2005 _ImonXyea_2_2006
               _ImonXyea_3_2005 _ImonXyea_4_2005 _ImonXyea_5_2005
               _ImonXyea_6_2005 _ImonXyea_7_2005 _ImonXyea_8_2005
               _ImonXyea_9_2005 _ImonXyea_10_2005 _ImonXyea_11_2005
               _ImonXyea_12_2005 eprice

. estimates store spec_int1

.         
. *(3) - MONTHxTEMP
. ivregress 2sls mg_price ($maincost = $instruments) $supplycontrols $demandcontrols $controls $basefe _I
> monXyea* _ImonXtem*, robust
note: _Iyear_2007 omitted because of collinearity
note: _ImonXyea_2_2007 omitted because of collinearity
note: _ImonXyea_3_2006 omitted because of collinearity
note: _ImonXyea_3_2007 omitted because of collinearity
note: _ImonXyea_4_2006 omitted because of collinearity
note: _ImonXyea_4_2007 omitted because of collinearity
note: _ImonXyea_5_2006 omitted because of collinearity
note: _ImonXyea_5_2007 omitted because of collinearity
note: _ImonXyea_6_2006 omitted because of collinearity
note: _ImonXyea_6_2007 omitted because of collinearity
note: _ImonXyea_7_2006 omitted because of collinearity
note: _ImonXyea_7_2007 omitted because of collinearity
note: _ImonXyea_8_2006 omitted because of collinearity
note: _ImonXyea_8_2007 omitted because of collinearity
note: _ImonXyea_9_2006 omitted because of collinearity
note: _ImonXyea_9_2007 omitted because of collinearity
note: _ImonXyea_10_2006 omitted because of collinearity
note: _ImonXyea_10_2007 omitted because of collinearity
note: _ImonXyea_11_2006 omitted because of collinearity
note: _ImonXyea_11_2007 omitted because of collinearity
note: _ImonXyea_12_2006 omitted because of collinearity
note: _ImonXyea_12_2007 omitted because of collinearity

Instrumental variables (2SLS) regression               Number of obs =   18744
                                                       Wald chi2(85) =48003.01
                                                       Prob > chi2   =  0.0000
                                                       R-squared     =  0.7337
                                                       Root MSE      =  11.204

-----------------------------------------------------------------------------------
                  |               Robust
         mg_price |      Coef.   Std. Err.      z    P>|z|     [95% Conf. Interval]
------------------+----------------------------------------------------------------
        ecost_int |   .9168721   .1843471     4.97   0.000     .5555584    1.278186
            windx |   -2.65791   .3760987    -7.07   0.000     -3.39505    -1.92077
           windx2 |   .0899307   .0261599     3.44   0.001     .0386583    .1412031
             temp |   .5166848   .1575162     3.28   0.001     .2079588    .8254108
            tempx |  -.9719009   .1551895    -6.26   0.000    -1.276067   -.6677351
            humid |   .0914943   .0150791     6.07   0.000     .0619398    .1210487
             coal |   32.24771   4.836434     6.67   0.000     22.76847    41.72695
              gas |   3.448668   .3804742     9.06   0.000     2.702952    4.194383
            brent |  -1.250104   1.089017    -1.15   0.251    -3.384538     .884329
         _Ihour_2 |  -6.494665   .5637485   -11.52   0.000    -7.599592   -5.389738
         _Ihour_3 |  -9.711457   .5614148   -17.30   0.000    -10.81181   -8.611104
         _Ihour_4 |  -11.28164   .5748905   -19.62   0.000    -12.40841   -10.15488
         _Ihour_5 |   -12.8489   .6024357   -21.33   0.000    -14.02965   -11.66814
         _Ihour_6 |  -12.61986   .5814961   -21.70   0.000    -13.75958   -11.48015
         _Ihour_7 |  -9.988124   .5738055   -17.41   0.000    -11.11276   -8.863486
         _Ihour_8 |  -4.569778   .5600127    -8.16   0.000    -5.667383   -3.472173
         _Ihour_9 |  -.0465932   .5931071    -0.08   0.937    -1.209062    1.115875
        _Ihour_10 |   4.395026   .5887665     7.46   0.000     3.241065    5.548987
        _Ihour_11 |   9.140783   .5910744    15.46   0.000     7.982299    10.29927
        _Ihour_12 |   11.26854   .5943371    18.96   0.000     10.10366    12.43342
        _Ihour_13 |   11.95124   .6098997    19.60   0.000     10.75586    13.14663
        _Ihour_14 |   9.837894   .5992198    16.42   0.000     8.663444    11.01234
        _Ihour_15 |   4.826209   .5610358     8.60   0.000     3.726599    5.925819
        _Ihour_16 |   4.210751      .5614     7.50   0.000     3.110427    5.311074
        _Ihour_17 |   4.112603   .5850058     7.03   0.000     2.966012    5.259193
        _Ihour_18 |   6.589071   .6117196    10.77   0.000     5.390122    7.788019
        _Ihour_19 |   9.633664   .6252449    15.41   0.000     8.408206    10.85912
        _Ihour_20 |   11.06275   .6129959    18.05   0.000     9.861301     12.2642
        _Ihour_21 |   11.21209   .6216304    18.04   0.000     9.993716    12.43046
        _Ihour_22 |   12.59185   .6113541    20.60   0.000     11.39361    13.79008
        _Ihour_23 |     7.2362   .5692467    12.71   0.000     6.120497    8.351903
        _Ihour_24 |   2.050622   .5828214     3.52   0.000      .908313    3.192931
      _Iyear_2005 |   14.91631   1.275793    11.69   0.000      12.4158    17.41682
      _Iyear_2006 |   30.51439   3.123863     9.77   0.000     24.39173    36.63704
      _Iyear_2007 |          0  (omitted)
        _Iweekd_2 |  -.1263741   .3092611    -0.41   0.683    -.7325148    .4797666
        _Iweekd_3 |   .5570692   .3150199     1.77   0.077    -.0603585    1.174497
        _Iweekd_4 |   .7115107   .3205572     2.22   0.026     .0832302    1.339791
        _Iweekd_5 |  -1.111179   .3172142    -3.50   0.000    -1.732908   -.4894508
        _Iweekd_6 |  -5.950657   .3075151   -19.35   0.000    -6.553376   -5.347939
        _Iweekd_7 |  -10.98916   .3450471   -31.85   0.000    -11.66544   -10.31288
        _Imonth_2 |  -16.01922   3.340123    -4.80   0.000    -22.56574   -9.472703
        _Imonth_3 |  -8.400953   3.295676    -2.55   0.011    -14.86036   -1.941546
        _Imonth_4 |  -11.30582   2.842544    -3.98   0.000    -16.87711   -5.734537
        _Imonth_5 |  -19.51264   3.139878    -6.21   0.000    -25.66669    -13.3586
        _Imonth_6 |  -46.26737   4.652983    -9.94   0.000    -55.38705   -37.14769
        _Imonth_7 |  -27.03887    4.32103    -6.26   0.000    -35.50793    -18.5698
        _Imonth_8 |  -30.44163   4.879968    -6.24   0.000    -40.00619   -20.87707
        _Imonth_9 |  -38.46221   4.995842    -7.70   0.000    -48.25388   -28.67054
       _Imonth_10 |  -16.02871   3.022428    -5.30   0.000    -21.95256   -10.10486
       _Imonth_11 |   13.20552   3.480811     3.79   0.000     6.383259    20.02779
       _Imonth_12 |  -15.95863   4.012683    -3.98   0.000    -23.82334   -8.093915
 _ImonXyea_2_2005 |  -.5086365   .9722804    -0.52   0.601    -2.414271    1.396998
 _ImonXyea_2_2006 |  -2.352594   1.201506    -1.96   0.050    -4.707502    .0023132
 _ImonXyea_2_2007 |          0  (omitted)
 _ImonXyea_3_2005 |   4.829604   1.180555     4.09   0.000     2.515758     7.14345
 _ImonXyea_3_2006 |          0  (omitted)
 _ImonXyea_3_2007 |          0  (omitted)
 _ImonXyea_4_2005 |  -1.908442   1.406183    -1.36   0.175     -4.66451    .8476267
 _ImonXyea_4_2006 |          0  (omitted)
 _ImonXyea_4_2007 |          0  (omitted)
 _ImonXyea_5_2005 |  -5.759687   1.531141    -3.76   0.000    -8.760669   -2.758706
 _ImonXyea_5_2006 |          0  (omitted)
 _ImonXyea_5_2007 |          0  (omitted)
 _ImonXyea_6_2005 |   5.409336   1.958928     2.76   0.006     1.569907    9.248764
 _ImonXyea_6_2006 |          0  (omitted)
 _ImonXyea_6_2007 |          0  (omitted)
 _ImonXyea_7_2005 |   7.657034   2.251373     3.40   0.001     3.244424    12.06964
 _ImonXyea_7_2006 |          0  (omitted)
 _ImonXyea_7_2007 |          0  (omitted)
 _ImonXyea_8_2005 |   1.654227   1.822891     0.91   0.364    -1.918574    5.227029
 _ImonXyea_8_2006 |          0  (omitted)
 _ImonXyea_8_2007 |          0  (omitted)
 _ImonXyea_9_2005 |   2.989772   2.058257     1.45   0.146    -1.044337    7.023882
 _ImonXyea_9_2006 |          0  (omitted)
 _ImonXyea_9_2007 |          0  (omitted)
_ImonXyea_10_2005 |  -3.786224   1.931846    -1.96   0.050    -7.572573    .0001242
_ImonXyea_10_2006 |          0  (omitted)
_ImonXyea_10_2007 |          0  (omitted)
_ImonXyea_11_2005 |   2.435651   1.741599     1.40   0.162    -.9778194    5.849122
_ImonXyea_11_2006 |          0  (omitted)
_ImonXyea_11_2007 |          0  (omitted)
_ImonXyea_12_2005 |   8.495926    1.84027     4.62   0.000     4.889063    12.10279
_ImonXyea_12_2006 |          0  (omitted)
_ImonXyea_12_2007 |          0  (omitted)
     _ImonXtemp_2 |  -2.619173   .2911197    -9.00   0.000    -3.189757   -2.048589
     _ImonXtemp_3 |  -3.411558   .2850973   -11.97   0.000    -3.970339   -2.852778
     _ImonXtemp_4 |   -.474108   .2344442    -2.02   0.043    -.9336102   -.0146059
     _ImonXtemp_5 |  -1.840723   .2575277    -7.15   0.000    -2.345468   -1.335978
     _ImonXtemp_6 |   2.700334   .4004336     6.74   0.000     1.915499     3.48517
     _ImonXtemp_7 |   1.972465   .3104611     6.35   0.000     1.363972    2.580957
     _ImonXtemp_8 |   .7291678   .2419966     3.01   0.003     .2548632    1.203472
     _ImonXtemp_9 |   .5320366   .2502926     2.13   0.034     .0414721    1.022601
    _ImonXtemp_10 |  -.2730471   .2398386    -1.14   0.255    -.7431221     .197028
    _ImonXtemp_11 |  -1.541408   .1920765    -8.02   0.000    -1.917871   -1.164945
    _ImonXtemp_12 |  -.6906982   .2618708    -2.64   0.008    -1.203955    -.177441
     _ImonXtempa2 |   1.859862   .2364429     7.87   0.000     1.396442    2.323281
     _ImonXtempa3 |    2.24638   .2584409     8.69   0.000     1.739845    2.752915
     _ImonXtempa4 |   .8914486   .2084099     4.28   0.000     .4829727    1.299925
     _ImonXtempa5 |   2.080471   .2401465     8.66   0.000     1.609793    2.551149
     _ImonXtempa6 |  -.0270252   .2747771    -0.10   0.922    -.5655783     .511528
     _ImonXtempa7 |  -.1298447   .2584112    -0.50   0.615    -.6363214     .376632
     _ImonXtempa8 |   .6819332   .1981896     3.44   0.001     .2934887    1.070378
     _ImonXtempa9 |   1.301017   .2251718     5.78   0.000     .8596885    1.742346
    _ImonXtempa10 |   1.118847   .1918628     5.83   0.000     .7428032    1.494892
    _ImonXtempa11 |   .2572824   .2046712     1.26   0.209    -.1438658    .6584305
    _ImonXtempa12 |   1.625427   .2831251     5.74   0.000     1.070512    2.180342
            _cons |   18.66155   4.348399     4.29   0.000     10.13884    27.18425
-----------------------------------------------------------------------------------
Instrumented:  ecost_int
Instruments:   windx windx2 temp tempx humid coal gas brent _Ihour_2 _Ihour_3
               _Ihour_4 _Ihour_5 _Ihour_6 _Ihour_7 _Ihour_8 _Ihour_9 _Ihour_10
               _Ihour_11 _Ihour_12 _Ihour_13 _Ihour_14 _Ihour_15 _Ihour_16
               _Ihour_17 _Ihour_18 _Ihour_19 _Ihour_20 _Ihour_21 _Ihour_22
               _Ihour_23 _Ihour_24 _Iyear_2005 _Iyear_2006 _Iweekd_2 _Iweekd_3
               _Iweekd_4 _Iweekd_5 _Iweekd_6 _Iweekd_7 _Imonth_2 _Imonth_3
               _Imonth_4 _Imonth_5 _Imonth_6 _Imonth_7 _Imonth_8 _Imonth_9
               _Imonth_10 _Imonth_11 _Imonth_12 _ImonXyea_2_2005 _ImonXyea_2_2006
               _ImonXyea_3_2005 _ImonXyea_4_2005 _ImonXyea_5_2005
               _ImonXyea_6_2005 _ImonXyea_7_2005 _ImonXyea_8_2005
               _ImonXyea_9_2005 _ImonXyea_10_2005 _ImonXyea_11_2005
               _ImonXyea_12_2005 _ImonXtemp_2 _ImonXtemp_3 _ImonXtemp_4
               _ImonXtemp_5 _ImonXtemp_6 _ImonXtemp_7 _ImonXtemp_8 _ImonXtemp_9
               _ImonXtemp_10 _ImonXtemp_11 _ImonXtemp_12 _ImonXtempa2
               _ImonXtempa3 _ImonXtempa4 _ImonXtempa5 _ImonXtempa6 _ImonXtempa7
               _ImonXtempa8 _ImonXtempa9 _ImonXtempa10 _ImonXtempa11
               _ImonXtempa12 eprice

. estimates store spec_int2

.         
. *(4) - MONTHxWIND
. ivregress 2sls mg_price ($maincost = $instruments) $supplycontrols $demandcontrols $controls $basefe _I
> monXyea* _ImonXhou*, robust
note: _Iyear_2007 omitted because of collinearity
note: _ImonXyea_2_2007 omitted because of collinearity
note: _ImonXyea_3_2006 omitted because of collinearity
note: _ImonXyea_3_2007 omitted because of collinearity
note: _ImonXyea_4_2006 omitted because of collinearity
note: _ImonXyea_4_2007 omitted because of collinearity
note: _ImonXyea_5_2006 omitted because of collinearity
note: _ImonXyea_5_2007 omitted because of collinearity
note: _ImonXyea_6_2006 omitted because of collinearity
note: _ImonXyea_6_2007 omitted because of collinearity
note: _ImonXyea_7_2006 omitted because of collinearity
note: _ImonXyea_7_2007 omitted because of collinearity
note: _ImonXyea_8_2006 omitted because of collinearity
note: _ImonXyea_8_2007 omitted because of collinearity
note: _ImonXyea_9_2006 omitted because of collinearity
note: _ImonXyea_9_2007 omitted because of collinearity
note: _ImonXyea_10_2006 omitted because of collinearity
note: _ImonXyea_10_2007 omitted because of collinearity
note: _ImonXyea_11_2006 omitted because of collinearity
note: _ImonXyea_11_2007 omitted because of collinearity
note: _ImonXyea_12_2006 omitted because of collinearity
note: _ImonXyea_12_2007 omitted because of collinearity

Instrumental variables (2SLS) regression               Number of obs =   18744
                                                       Wald chi2(316)=59978.93
                                                       Prob > chi2   =  0.0000
                                                       R-squared     =  0.7552
                                                       Root MSE      =  10.742

-----------------------------------------------------------------------------------
                  |               Robust
         mg_price |      Coef.   Std. Err.      z    P>|z|     [95% Conf. Interval]
------------------+----------------------------------------------------------------
        ecost_int |   .8940369   .1626614     5.50   0.000     .5752264    1.212847
            windx |  -2.749378   .3413094    -8.06   0.000    -3.418332   -2.080423
           windx2 |   .0840416   .0237633     3.54   0.000     .0374663    .1306169
             temp |  -.0931927   .0598753    -1.56   0.120    -.2105461    .0241608
            tempx |  -.0251773   .0489934    -0.51   0.607    -.1212026     .070848
            humid |  -.0123237   .0120369    -1.02   0.306    -.0359155    .0112681
             coal |   45.85503   4.281527    10.71   0.000     37.46339    54.24667
              gas |   5.985343   .3765013    15.90   0.000     5.247414    6.723272
            brent |  -2.617404   .9207647    -2.84   0.004     -4.42207   -.8127387
         _Ihour_2 |  -9.384638   1.782541    -5.26   0.000    -12.87835   -5.890921
         _Ihour_3 |  -13.89428   1.828548    -7.60   0.000    -17.47817   -10.31039
         _Ihour_4 |   -18.1781   2.018538    -9.01   0.000    -22.13436   -14.22184
         _Ihour_5 |  -20.88894   2.097245    -9.96   0.000    -24.99946   -16.77841
         _Ihour_6 |  -21.41098    2.09031   -10.24   0.000    -25.50791   -17.31405
         _Ihour_7 |   -17.4832    1.95828    -8.93   0.000    -21.32136   -13.64505
         _Ihour_8 |  -9.954389   1.928678    -5.16   0.000    -13.73453    -6.17425
         _Ihour_9 |   -2.17926   2.195648    -0.99   0.321    -6.482652    2.124131
        _Ihour_10 |   1.351294   2.187497     0.62   0.537    -2.936121     5.63871
        _Ihour_11 |   6.499015   2.137865     3.04   0.002     2.308876    10.68915
        _Ihour_12 |   7.816054   2.075381     3.77   0.000     3.748381    11.88373
        _Ihour_13 |   6.381115   1.826769     3.49   0.000     2.800714    9.961516
        _Ihour_14 |   3.573243   1.703249     2.10   0.036     .2349352     6.91155
        _Ihour_15 |  -1.634999   1.689586    -0.97   0.333    -4.946526    1.676528
        _Ihour_16 |  -2.503049   1.736326    -1.44   0.149    -5.906186    .9000885
        _Ihour_17 |   -3.07528   1.757986    -1.75   0.080    -6.520868    .3703087
        _Ihour_18 |   .2215937   1.758264     0.13   0.900     -3.22454    3.667727
        _Ihour_19 |   9.677341   1.829734     5.29   0.000     6.091128    13.26355
        _Ihour_20 |   15.99007   1.795465     8.91   0.000     12.47102    19.50911
        _Ihour_21 |   14.21729   1.848565     7.69   0.000     10.59417    17.84041
        _Ihour_22 |   10.63667   1.880224     5.66   0.000     6.951497    14.32184
        _Ihour_23 |   4.123554   1.760279     2.34   0.019     .6734696    7.573638
        _Ihour_24 |   5.649783    1.78099     3.17   0.002     2.159107    9.140459
      _Iyear_2005 |   12.32946   1.120222    11.01   0.000     10.13387    14.52506
      _Iyear_2006 |   30.35032   2.830354    10.72   0.000     24.80293    35.89771
      _Iyear_2007 |          0  (omitted)
        _Iweekd_2 |   .0165642    .295667     0.06   0.955    -.5629325    .5960609
        _Iweekd_3 |   .8704755    .300991     2.89   0.004     .2805439    1.460407
        _Iweekd_4 |   .9988578   .3027221     3.30   0.001     .4055334    1.592182
        _Iweekd_5 |  -.5342247   .2947899    -1.81   0.070    -1.112002    .0435529
        _Iweekd_6 |  -5.570264   .2914479   -19.11   0.000    -6.141491   -4.999036
        _Iweekd_7 |  -10.79408   .3320232   -32.51   0.000    -11.44483   -10.14333
        _Imonth_2 |   .0721126   1.910436     0.04   0.970    -3.672273    3.816499
        _Imonth_3 |   2.879228   2.084793     1.38   0.167     -1.20689    6.965346
        _Imonth_4 |   .0913392   1.753766     0.05   0.958     -3.34598    3.528658
        _Imonth_5 |  -.5192099   1.788488    -0.29   0.772    -4.024583    2.986163
        _Imonth_6 |  -6.212635   2.001547    -3.10   0.002    -10.13559   -2.289675
        _Imonth_7 |  -6.106337   2.145907    -2.85   0.004    -10.31224   -1.900437
        _Imonth_8 |  -7.909169   1.997269    -3.96   0.000    -11.82374   -3.994593
        _Imonth_9 |  -5.876227   2.232952    -2.63   0.008    -10.25273   -1.499721
       _Imonth_10 |  -4.154901   2.145889    -1.94   0.053    -8.360766    .0509636
       _Imonth_11 |   .4096791   2.128326     0.19   0.847    -3.761762    4.581121
       _Imonth_12 |   11.76375   1.923546     6.12   0.000      7.99367    15.53383
 _ImonXyea_2_2005 |   2.937907   .8238646     3.57   0.000     1.323162    4.552652
 _ImonXyea_2_2006 |  -2.481527   1.114874    -2.23   0.026     -4.66664   -.2964146
 _ImonXyea_2_2007 |          0  (omitted)
 _ImonXyea_3_2005 |   4.021512   1.153206     3.49   0.000      1.76127    6.281754
 _ImonXyea_3_2006 |          0  (omitted)
 _ImonXyea_3_2007 |          0  (omitted)
 _ImonXyea_4_2005 |   1.766792   1.321304     1.34   0.181     -.822917    4.356501
 _ImonXyea_4_2006 |          0  (omitted)
 _ImonXyea_4_2007 |          0  (omitted)
 _ImonXyea_5_2005 |  -1.864929   1.415332    -1.32   0.188    -4.638929    .9090717
 _ImonXyea_5_2006 |          0  (omitted)
 _ImonXyea_5_2007 |          0  (omitted)
 _ImonXyea_6_2005 |   8.937361   1.822186     4.90   0.000     5.365942    12.50878
 _ImonXyea_6_2006 |          0  (omitted)
 _ImonXyea_6_2007 |          0  (omitted)
 _ImonXyea_7_2005 |   13.08137   2.099507     6.23   0.000     8.966416    17.19633
 _ImonXyea_7_2006 |          0  (omitted)
 _ImonXyea_7_2007 |          0  (omitted)
 _ImonXyea_8_2005 |   7.296647   1.678984     4.35   0.000     4.005899     10.5874
 _ImonXyea_8_2006 |          0  (omitted)
 _ImonXyea_8_2007 |          0  (omitted)
 _ImonXyea_9_2005 |   6.965924   1.917752     3.63   0.000     3.207198    10.72465
 _ImonXyea_9_2006 |          0  (omitted)
 _ImonXyea_9_2007 |          0  (omitted)
_ImonXyea_10_2005 |   1.028599   1.787256     0.58   0.565    -2.474357    4.531556
_ImonXyea_10_2006 |          0  (omitted)
_ImonXyea_10_2007 |          0  (omitted)
_ImonXyea_11_2005 |   5.407918   1.621288     3.34   0.001     2.230252    8.585584
_ImonXyea_11_2006 |          0  (omitted)
_ImonXyea_11_2007 |          0  (omitted)
_ImonXyea_12_2005 |   10.83249   1.744789     6.21   0.000     7.412764    14.25221
_ImonXyea_12_2006 |          0  (omitted)
_ImonXyea_12_2007 |          0  (omitted)
    _ImonXhou_2_2 |     .12017   2.545152     0.05   0.962    -4.868237    5.108577
    _ImonXhou_2_3 |    .467245   2.593316     0.18   0.857    -4.615561    5.550051
    _ImonXhou_2_4 |   2.757551   2.677789     1.03   0.303    -2.490818    8.005921
    _ImonXhou_2_5 |    2.59867    2.71779     0.96   0.339    -2.728101    7.925441
    _ImonXhou_2_6 |   2.325616   2.697035     0.86   0.389    -2.960475    7.611707
    _ImonXhou_2_7 |   3.517752   2.591696     1.36   0.175    -1.561879    8.597383
    _ImonXhou_2_8 |   1.640481   2.650483     0.62   0.536    -3.554369    6.835332
    _ImonXhou_2_9 |   .0381501   3.027573     0.01   0.990    -5.895783    5.972083
   _ImonXhou_2_10 |   .7305031   3.043875     0.24   0.810    -5.235382    6.696389
   _ImonXhou_2_11 |   1.048328   2.902948     0.36   0.718    -4.641345    6.738001
   _ImonXhou_2_12 |   1.000233     2.8182     0.35   0.723    -4.523337    6.523804
   _ImonXhou_2_13 |   .4865113   2.603161     0.19   0.852    -4.615591    5.588614
   _ImonXhou_2_14 |  -.1913545   2.447803    -0.08   0.938     -4.98896    4.606251
   _ImonXhou_2_15 |  -1.109128   2.435087    -0.46   0.649    -5.881811    3.663555
   _ImonXhou_2_16 |  -1.300555   2.482176    -0.52   0.600    -6.165531     3.56442
   _ImonXhou_2_17 |  -2.404347   2.496965    -0.96   0.336    -7.298308    2.489615
   _ImonXhou_2_18 |  -4.360061   2.535231    -1.72   0.085    -9.329022    .6088997
   _ImonXhou_2_19 |  -8.238595   2.582961    -3.19   0.001    -13.30111   -3.176084
   _ImonXhou_2_20 |  -3.735085    2.49097    -1.50   0.134    -8.617295    1.147126
   _ImonXhou_2_21 |  -1.167091   2.531813    -0.46   0.645    -6.129353    3.795171
   _ImonXhou_2_22 |  -1.119042   2.607853    -0.43   0.668     -6.23034    3.992257
   _ImonXhou_2_23 |  -1.612679   2.498661    -0.65   0.519    -6.509964    3.284606
   _ImonXhou_2_24 |  -1.930227   2.525412    -0.76   0.445    -6.879943    3.019489
    _ImonXhou_3_2 |   2.761409    2.72932     1.01   0.312     -2.58796    8.110778
    _ImonXhou_3_3 |   3.310892   2.677299     1.24   0.216    -1.936519    8.558302
    _ImonXhou_3_4 |   4.659113   2.867407     1.62   0.104    -.9609014    10.27913
    _ImonXhou_3_5 |   6.129786    2.92704     2.09   0.036     .3928916    11.86668
    _ImonXhou_3_6 |   6.206261   2.919464     2.13   0.034     .4842159    11.92831
    _ImonXhou_3_7 |   6.546827   2.807671     2.33   0.020     1.043894    12.04976
    _ImonXhou_3_8 |   2.747105   2.796441     0.98   0.326    -2.733818    8.228029
    _ImonXhou_3_9 |   .8943466   3.151005     0.28   0.777    -5.281509    7.070202
   _ImonXhou_3_10 |   2.473499   3.202079     0.77   0.440    -3.802461    8.749458
   _ImonXhou_3_11 |   .7298998   3.207528     0.23   0.820     -5.55674    7.016539
   _ImonXhou_3_12 |   .9014375   3.187246     0.28   0.777     -5.34545    7.148325
   _ImonXhou_3_13 |   .8292225   3.011988     0.28   0.783    -5.074166    6.732611
   _ImonXhou_3_14 |   1.359561   2.863839     0.47   0.635    -4.253461    6.972583
   _ImonXhou_3_15 |    2.03948   2.779433     0.73   0.463    -3.408109     7.48707
   _ImonXhou_3_16 |   2.795093   2.874475     0.97   0.331    -2.838775    8.428962
   _ImonXhou_3_17 |   3.702759   2.874092     1.29   0.198    -1.930357    9.335875
   _ImonXhou_3_18 |   .5991174   2.896907     0.21   0.836    -5.078716    6.276951
   _ImonXhou_3_19 |  -7.969657   2.940361    -2.71   0.007    -13.73266   -2.206657
   _ImonXhou_3_20 |  -7.244521   3.124513    -2.32   0.020    -13.36845   -1.120588
   _ImonXhou_3_21 |   .5793833   3.054121     0.19   0.850    -5.406583     6.56535
   _ImonXhou_3_22 |   3.002934   3.040029     0.99   0.323    -2.955414    8.961282
   _ImonXhou_3_23 |   1.978188   2.882015     0.69   0.492    -3.670457    7.626832
   _ImonXhou_3_24 |   -1.26755   2.999669    -0.42   0.673    -7.146793    4.611692
    _ImonXhou_4_2 |   3.532814     2.2735     1.55   0.120    -.9231651    7.988793
    _ImonXhou_4_3 |   5.383214   2.312963     2.33   0.020     .8498901    9.916539
    _ImonXhou_4_4 |   8.638959   2.423652     3.56   0.000     3.888688    13.38923
    _ImonXhou_4_5 |   10.16921   2.468725     4.12   0.000       5.3306    15.00783
    _ImonXhou_4_6 |   11.08452   2.488208     4.45   0.000     6.207726    15.96132
    _ImonXhou_4_7 |   9.707679   2.352121     4.13   0.000     5.097606    14.31775
    _ImonXhou_4_8 |   7.382276   2.369492     3.12   0.002     2.738157     12.0264
    _ImonXhou_4_9 |   .8108495   2.612376     0.31   0.756    -4.309313    5.931012
   _ImonXhou_4_10 |  -1.005907   2.643675    -0.38   0.704    -6.187415    4.175601
   _ImonXhou_4_11 |  -3.069504   2.642003    -1.16   0.245    -8.247734    2.108727
   _ImonXhou_4_12 |   -3.33845   2.541779    -1.31   0.189    -8.320245    1.643345
   _ImonXhou_4_13 |  -1.919956   2.356352    -0.81   0.415     -6.53832    2.698408
   _ImonXhou_4_14 |  -2.324618    2.19484    -1.06   0.290    -6.626426     1.97719
   _ImonXhou_4_15 |   .5730123   2.152047     0.27   0.790    -3.644921    4.790946
   _ImonXhou_4_16 |   1.304859   2.186994     0.60   0.551    -2.981571    5.591288
   _ImonXhou_4_17 |   2.202183    2.21561     0.99   0.320    -2.140334    6.544699
   _ImonXhou_4_18 |   .1089838   2.288419     0.05   0.962    -4.376235    4.594202
   _ImonXhou_4_19 |  -10.56466   2.296978    -4.60   0.000    -15.06666   -6.062667
   _ImonXhou_4_20 |    -18.707   2.225699    -8.40   0.000    -23.06929   -14.34471
   _ImonXhou_4_21 |  -14.87159   2.289458    -6.50   0.000    -19.35884   -10.38433
   _ImonXhou_4_22 |  -.2073552   2.570116    -0.08   0.936     -5.24469     4.82998
   _ImonXhou_4_23 |  -1.614048   2.344738    -0.69   0.491     -6.20965    2.981555
   _ImonXhou_4_24 |  -8.269023   2.301234    -3.59   0.000    -12.77936   -3.758688
    _ImonXhou_5_2 |   5.095722   2.273263     2.24   0.025     .6402083    9.551235
    _ImonXhou_5_3 |   8.446974   2.294616     3.68   0.000     3.949609    12.94434
    _ImonXhou_5_4 |   11.50638   2.434998     4.73   0.000     6.733873    16.27889
    _ImonXhou_5_5 |   13.66071   2.469544     5.53   0.000     8.820491    18.50093
    _ImonXhou_5_6 |   14.38284   2.464388     5.84   0.000     9.552731    19.21295
    _ImonXhou_5_7 |   11.97667   2.343917     5.11   0.000     7.382672    16.57066
    _ImonXhou_5_8 |   8.278259   2.381267     3.48   0.001     3.611063    12.94546
    _ImonXhou_5_9 |   4.635953   2.614707     1.77   0.076    -.4887786    9.760685
   _ImonXhou_5_10 |   2.527043   2.663166     0.95   0.343    -2.692667    7.746752
   _ImonXhou_5_11 |  -1.014199   2.606433    -0.39   0.697    -6.122714    4.094316
   _ImonXhou_5_12 |  -.4971712   2.609092    -0.19   0.849    -5.610897    4.616555
   _ImonXhou_5_13 |   1.921518   2.418037     0.79   0.427    -2.817747    6.660782
   _ImonXhou_5_14 |   2.383411   2.287232     1.04   0.297    -2.099482    6.866304
   _ImonXhou_5_15 |   4.999228   2.286091     2.19   0.029     .5185716    9.479885
   _ImonXhou_5_16 |   5.967383   2.277847     2.62   0.009     1.502885    10.43188
   _ImonXhou_5_17 |   7.132458   2.324889     3.07   0.002      2.57576    11.68916
   _ImonXhou_5_18 |   4.248482   2.333584     1.82   0.069    -.3252592    8.822223
   _ImonXhou_5_19 |  -5.381761    2.33281    -2.31   0.021    -9.953986   -.8095367
   _ImonXhou_5_20 |   -13.4804   2.293156    -5.88   0.000    -17.97491   -8.985902
   _ImonXhou_5_21 |  -13.20537   2.297228    -5.75   0.000    -17.70786   -8.702888
   _ImonXhou_5_22 |  -2.940852   2.355935    -1.25   0.212      -7.5584    1.676696
   _ImonXhou_5_23 |   2.944551   2.336341     1.26   0.208    -1.634593    7.523696
   _ImonXhou_5_24 |  -6.135176   2.255218    -2.72   0.007    -10.55532   -1.715031
    _ImonXhou_6_2 |   4.772507   2.532409     1.88   0.059    -.1909229    9.735938
    _ImonXhou_6_3 |   7.916288   2.596109     3.05   0.002     2.828008    13.00457
    _ImonXhou_6_4 |   11.35734    2.73714     4.15   0.000     5.992646    16.72204
    _ImonXhou_6_5 |   13.24786   2.777863     4.77   0.000     7.803347    18.69237
    _ImonXhou_6_6 |   14.73087   2.774578     5.31   0.000     9.292797    20.16894
    _ImonXhou_6_7 |   12.41919   2.633861     4.72   0.000     7.256918    17.58146
    _ImonXhou_6_8 |   6.999971   2.606798     2.69   0.007     1.890742     12.1092
    _ImonXhou_6_9 |   6.860377   2.904831     2.36   0.018     1.167013    12.55374
   _ImonXhou_6_10 |   11.50768   2.960705     3.89   0.000     5.704802    17.31055
   _ImonXhou_6_11 |   11.21448   3.097118     3.62   0.000     5.144236    17.28472
   _ImonXhou_6_12 |   12.42298   3.104014     4.00   0.000     6.339228    18.50674
   _ImonXhou_6_13 |   17.26319    3.09452     5.58   0.000     11.19805    23.32834
   _ImonXhou_6_14 |   18.79967   2.973514     6.32   0.000     12.97169    24.62765
   _ImonXhou_6_15 |   19.59739   2.880692     6.80   0.000     13.95134    25.24345
   _ImonXhou_6_16 |   19.64163    2.89293     6.79   0.000     13.97159    25.31166
   _ImonXhou_6_17 |   20.97895   3.035713     6.91   0.000     15.02906    26.92884
   _ImonXhou_6_18 |   20.50034   3.201193     6.40   0.000     14.22611    26.77456
   _ImonXhou_6_19 |   8.560798   3.066789     2.79   0.005     2.550002    14.57159
   _ImonXhou_6_20 |  -1.329933   2.837835    -0.47   0.639    -6.891987    4.232121
   _ImonXhou_6_21 |  -4.676279   2.710743    -1.73   0.085    -9.989237     .636679
   _ImonXhou_6_22 |  -.0866237   2.660389    -0.03   0.974    -5.300891    5.127644
   _ImonXhou_6_23 |   9.782035   2.539262     3.85   0.000     4.805173     14.7589
   _ImonXhou_6_24 |  -1.398017    2.53759    -0.55   0.582    -6.371601    3.575568
    _ImonXhou_7_2 |   4.261469   2.641493     1.61   0.107    -.9157613      9.4387
    _ImonXhou_7_3 |   6.479338   2.618614     2.47   0.013     1.346949    11.61173
    _ImonXhou_7_4 |   10.47723   2.751062     3.81   0.000      5.08525    15.86922
    _ImonXhou_7_5 |   12.26105   2.829448     4.33   0.000     6.715429    17.80666
    _ImonXhou_7_6 |   13.61667   2.786734     4.89   0.000     8.154773    19.07857
    _ImonXhou_7_7 |   10.95024   2.749912     3.98   0.000     5.560514    16.33997
    _ImonXhou_7_8 |   5.487805   2.678281     2.05   0.040     .2384717    10.73714
    _ImonXhou_7_9 |   1.690398   2.883252     0.59   0.558    -3.960672    7.341467
   _ImonXhou_7_10 |    4.97958   2.976072     1.67   0.094    -.8534129    10.81257
   _ImonXhou_7_11 |   6.918148   3.026045     2.29   0.022     .9872095    12.84909
   _ImonXhou_7_12 |   9.233327   3.056611     3.02   0.003      3.24248    15.22417
   _ImonXhou_7_13 |   15.01622   3.043777     4.93   0.000     9.050524    20.98191
   _ImonXhou_7_14 |   17.64557   3.052592     5.78   0.000      11.6626    23.62854
   _ImonXhou_7_15 |   18.63122   2.801381     6.65   0.000     13.14061    24.12182
   _ImonXhou_7_16 |    19.2856   2.769207     6.96   0.000     13.85805    24.71314
   _ImonXhou_7_17 |   19.04442   3.065565     6.21   0.000     13.03602    25.05281
   _ImonXhou_7_18 |   18.23134   3.148328     5.79   0.000     12.06073    24.40195
   _ImonXhou_7_19 |   6.901903   3.144988     2.19   0.028     .7378403    13.06597
   _ImonXhou_7_20 |  -4.647142   2.826536    -1.64   0.100    -10.18705    .8927668
   _ImonXhou_7_21 |  -7.632829    2.62831    -2.90   0.004    -12.78422   -2.481436
   _ImonXhou_7_22 |   -3.73278     2.7412    -1.36   0.173    -9.105433    1.639873
   _ImonXhou_7_23 |   9.069644   2.745716     3.30   0.001     3.688139    14.45115
   _ImonXhou_7_24 |  -3.244187   2.723204    -1.19   0.234     -8.58157    2.093195
    _ImonXhou_8_2 |   6.620071   2.301014     2.88   0.004     2.110167    11.12998
    _ImonXhou_8_3 |    9.56743   2.345813     4.08   0.000     4.969721    14.16514
    _ImonXhou_8_4 |   13.38642   2.602416     5.14   0.000     8.285777    18.48706
    _ImonXhou_8_5 |   14.43303   2.623694     5.50   0.000     9.290689    19.57538
    _ImonXhou_8_6 |   15.37124   2.609066     5.89   0.000     10.25757    20.48492
    _ImonXhou_8_7 |   12.60878   2.417798     5.21   0.000     7.869983    17.34758
    _ImonXhou_8_8 |   6.071811   2.422648     2.51   0.012     1.323508    10.82011
    _ImonXhou_8_9 |  -1.163045   2.615699    -0.44   0.657    -6.289722    3.963631
   _ImonXhou_8_10 |   2.237653   2.611212     0.86   0.391    -2.880229    7.355535
   _ImonXhou_8_11 |   4.444565   2.713353     1.64   0.101    -.8735098     9.76264
   _ImonXhou_8_12 |   5.811217   2.713138     2.14   0.032      .493565    11.12887
   _ImonXhou_8_13 |    10.3328   2.821815     3.66   0.000     4.802146    15.86346
   _ImonXhou_8_14 |   15.47883    2.82563     5.48   0.000     9.940701    21.01697
   _ImonXhou_8_15 |   13.27475   2.396386     5.54   0.000     8.577915    17.97158
   _ImonXhou_8_16 |   11.51189   2.364084     4.87   0.000     6.878371    16.14541
   _ImonXhou_8_17 |   12.54304   2.423527     5.18   0.000     7.793015    17.29307
   _ImonXhou_8_18 |   12.57983   2.719747     4.63   0.000     7.249227    17.91044
   _ImonXhou_8_19 |   1.147844   2.656164     0.43   0.666    -4.058143    6.353831
   _ImonXhou_8_20 |  -9.089549   2.430403    -3.74   0.000    -13.85305   -4.326047
   _ImonXhou_8_21 |  -9.816507   2.369055    -4.14   0.000    -14.45977   -5.173244
   _ImonXhou_8_22 |   2.902244   2.657446     1.09   0.275    -2.306253    8.110742
   _ImonXhou_8_23 |   7.524679   2.427477     3.10   0.002     2.766912    12.28245
   _ImonXhou_8_24 |  -4.600577   2.404909    -1.91   0.056    -9.314112    .1129589
    _ImonXhou_9_2 |   5.838458   2.583032     2.26   0.024     .7758077    10.90111
    _ImonXhou_9_3 |   7.805393   2.591556     3.01   0.003     2.726036    12.88475
    _ImonXhou_9_4 |   12.45286   2.758801     4.51   0.000     7.045708    17.86001
    _ImonXhou_9_5 |   13.44421   2.774787     4.85   0.000     8.005723    18.88269
    _ImonXhou_9_6 |   15.45543   2.813957     5.49   0.000     9.940177    20.97069
    _ImonXhou_9_7 |   12.69028   2.623923     4.84   0.000     7.547485    17.83307
    _ImonXhou_9_8 |   12.85715   2.704487     4.75   0.000     7.556453    18.15785
    _ImonXhou_9_9 |   6.699397   2.881582     2.32   0.020     1.051601    12.34719
   _ImonXhou_9_10 |   8.879408   2.841373     3.13   0.002     3.310419     14.4484
   _ImonXhou_9_11 |   9.515098   2.903475     3.28   0.001     3.824392     15.2058
   _ImonXhou_9_12 |   12.41805   3.048362     4.07   0.000     6.443374    18.39273
   _ImonXhou_9_13 |   18.56004   3.057772     6.07   0.000     12.56691    24.55316
   _ImonXhou_9_14 |   17.31463    2.90736     5.96   0.000     11.61631    23.01296
   _ImonXhou_9_15 |    15.6218   2.636005     5.93   0.000     10.45533    20.78828
   _ImonXhou_9_16 |   17.24063   2.713907     6.35   0.000     11.92147    22.55979
   _ImonXhou_9_17 |   18.11132   2.793601     6.48   0.000     12.63596    23.58667
   _ImonXhou_9_18 |   18.07612   2.860682     6.32   0.000     12.46929    23.68296
   _ImonXhou_9_19 |   7.662877   2.922302     2.62   0.009      1.93527    13.39048
   _ImonXhou_9_20 |  -3.293391   2.601177    -1.27   0.205    -8.391606    1.804823
   _ImonXhou_9_21 |   3.993412   2.653418     1.51   0.132    -1.207193    9.194016
   _ImonXhou_9_22 |   20.17485   3.052838     6.61   0.000      14.1914    26.15831
   _ImonXhou_9_23 |   9.802042   2.853374     3.44   0.001     4.209532    15.39455
   _ImonXhou_9_24 |  -5.857253   2.670563    -2.19   0.028    -11.09146   -.6230454
   _ImonXhou_10_2 |   6.773377   2.485418     2.73   0.006     1.902047    11.64471
   _ImonXhou_10_3 |   8.352713   2.449013     3.41   0.001     3.552736    13.15269
   _ImonXhou_10_4 |   12.70281   2.703042     4.70   0.000     7.404942    18.00067
   _ImonXhou_10_5 |   14.61881   2.734788     5.35   0.000     9.258723     19.9789
   _ImonXhou_10_6 |   15.99001   2.768008     5.78   0.000     10.56481     21.4152
   _ImonXhou_10_7 |   13.78267   2.554212     5.40   0.000     8.776509    18.78884
   _ImonXhou_10_8 |   16.23265   2.699415     6.01   0.000      10.9419    21.52341
   _ImonXhou_10_9 |   11.73047   2.960774     3.96   0.000      5.92746    17.53348
  _ImonXhou_10_10 |   9.045454   2.836398     3.19   0.001     3.486217    14.60469
  _ImonXhou_10_11 |   6.033564   2.800802     2.15   0.031     .5440929    11.52303
  _ImonXhou_10_12 |   7.102984   2.765411     2.57   0.010     1.682877    12.52309
  _ImonXhou_10_13 |   9.606216   2.619275     3.67   0.000     4.472532     14.7399
  _ImonXhou_10_14 |   10.86882   2.462572     4.41   0.000     6.042267    15.69537
  _ImonXhou_10_15 |     10.725   2.448947     4.38   0.000     5.925152    15.52485
  _ImonXhou_10_16 |   10.17099   2.428491     4.19   0.000     5.411237    14.93075
  _ImonXhou_10_17 |   11.50142   2.492927     4.61   0.000     6.615374    16.38747
  _ImonXhou_10_18 |   10.25222   2.518965     4.07   0.000     5.315141     15.1893
  _ImonXhou_10_19 |  -.0069611   2.577449    -0.00   0.998    -5.058669    5.044746
  _ImonXhou_10_20 |  -.1830524   2.576271    -0.07   0.943    -5.232451    4.866346
  _ImonXhou_10_21 |   13.91455   2.947203     4.72   0.000     8.138139    19.69096
  _ImonXhou_10_22 |    11.1458   2.598682     4.29   0.000     6.052472    16.23912
  _ImonXhou_10_23 |   6.885258   2.598043     2.65   0.008     1.793187    11.97733
  _ImonXhou_10_24 |  -5.159353   2.555398    -2.02   0.043    -10.16784   -.1508661
   _ImonXhou_11_2 |   1.566539   2.762987     0.57   0.571    -3.848815    6.981894
   _ImonXhou_11_3 |   2.605939   2.685157     0.97   0.332    -2.656872     7.86875
   _ImonXhou_11_4 |   4.692572   2.795439     1.68   0.093    -.7863881    10.17153
   _ImonXhou_11_5 |   6.649957   2.812865     2.36   0.018     1.136843    12.16307
   _ImonXhou_11_6 |   7.942629   2.817572     2.82   0.005     2.420289    13.46497
   _ImonXhou_11_7 |   6.431086   2.727915     2.36   0.018      1.08447     11.7777
   _ImonXhou_11_8 |   6.190801    2.74839     2.25   0.024     .8040553    11.57755
   _ImonXhou_11_9 |   2.811661    2.97809     0.94   0.345    -3.025288     8.64861
  _ImonXhou_11_10 |   3.656098   3.008769     1.22   0.224    -2.240982    9.553177
  _ImonXhou_11_11 |   2.491922   3.040953     0.82   0.413    -3.468236    8.452079
  _ImonXhou_11_12 |   2.929456   3.018831     0.97   0.332    -2.987343    8.846256
  _ImonXhou_11_13 |   3.249131   2.806925     1.16   0.247    -2.252341    8.750603
  _ImonXhou_11_14 |    3.47985   2.624066     1.33   0.185    -1.663225    8.622925
  _ImonXhou_11_15 |   2.912906   2.566123     1.14   0.256    -2.116602    7.942415
  _ImonXhou_11_16 |    3.78051    2.61161     1.45   0.148    -1.338151    8.899171
  _ImonXhou_11_17 |   4.217119   2.633893     1.60   0.109    -.9452168    9.379456
  _ImonXhou_11_18 |   4.487722   2.647253     1.70   0.090    -.7007993    9.676243
  _ImonXhou_11_19 |   9.086404   3.167643     2.87   0.004     2.877938    15.29487
  _ImonXhou_11_20 |   4.721148   2.970957     1.59   0.112     -1.10182    10.54412
  _ImonXhou_11_21 |   .9841732   2.885914     0.34   0.733    -4.672114     6.64046
  _ImonXhou_11_22 |   1.286628   2.777547     0.46   0.643    -4.157264     6.73052
  _ImonXhou_11_23 |   .5749864   2.702082     0.21   0.831    -4.720997    5.870969
  _ImonXhou_11_24 |  -2.402785   2.743274    -0.88   0.381    -7.779504    2.973934
   _ImonXhou_12_2 |   -4.32105    2.67533    -1.62   0.106    -9.564601    .9225009
   _ImonXhou_12_3 |   -6.87427   2.631777    -2.61   0.009    -12.03246   -1.716081
   _ImonXhou_12_4 |  -5.381273   2.698627    -1.99   0.046    -10.67048   -.0920621
   _ImonXhou_12_5 |  -5.173412   2.737903    -1.89   0.059     -10.5396    .1927787
   _ImonXhou_12_6 |  -5.411462   2.738775    -1.98   0.048    -10.77936   -.0435617
   _ImonXhou_12_7 |  -5.940961   2.748801    -2.16   0.031    -11.32851   -.5534111
   _ImonXhou_12_8 |  -5.582492   2.867451    -1.95   0.052    -11.20259    .0376093
   _ImonXhou_12_9 |  -7.625315    3.21228    -2.37   0.018    -13.92127   -1.329361
  _ImonXhou_12_10 |  -6.285085    3.15507    -1.99   0.046    -12.46891   -.1012614
  _ImonXhou_12_11 |  -4.832923   2.939064    -1.64   0.100    -10.59338    .9275356
  _ImonXhou_12_12 |  -4.111465   2.807238    -1.46   0.143    -9.613551    1.390621
  _ImonXhou_12_13 |  -4.200723   2.558194    -1.64   0.101     -9.21469    .8132449
  _ImonXhou_12_14 |   -4.64291   2.499413    -1.86   0.063    -9.541669      .25585
  _ImonXhou_12_15 |  -4.226257   2.400375    -1.76   0.078    -8.930906    .4783919
  _ImonXhou_12_16 |  -4.046356   2.439289    -1.66   0.097    -8.827275     .734563
  _ImonXhou_12_17 |  -4.091332   2.504217    -1.63   0.102    -8.999506    .8168428
  _ImonXhou_12_18 |    -1.5433   2.589751    -0.60   0.551    -6.619119    3.532518
  _ImonXhou_12_19 |   1.763758   2.642865     0.67   0.505    -3.416163    6.943679
  _ImonXhou_12_20 |  -4.392111   2.625918    -1.67   0.094    -9.538816     .754593
  _ImonXhou_12_21 |  -6.117967   2.606157    -2.35   0.019    -11.22594   -1.009994
  _ImonXhou_12_22 |  -4.870419   2.672561    -1.82   0.068    -10.10854    .3677032
  _ImonXhou_12_23 |  -5.112503   2.606516    -1.96   0.050    -10.22118   -.0038256
  _ImonXhou_12_24 |   -4.94382   2.551926    -1.94   0.053    -9.945503    .0578637
            _cons |   8.452024   3.853591     2.19   0.028      .899124    16.00492
-----------------------------------------------------------------------------------
Instrumented:  ecost_int
Instruments:   windx windx2 temp tempx humid coal gas brent _Ihour_2 _Ihour_3
               _Ihour_4 _Ihour_5 _Ihour_6 _Ihour_7 _Ihour_8 _Ihour_9 _Ihour_10
               _Ihour_11 _Ihour_12 _Ihour_13 _Ihour_14 _Ihour_15 _Ihour_16
               _Ihour_17 _Ihour_18 _Ihour_19 _Ihour_20 _Ihour_21 _Ihour_22
               _Ihour_23 _Ihour_24 _Iyear_2005 _Iyear_2006 _Iweekd_2 _Iweekd_3
               _Iweekd_4 _Iweekd_5 _Iweekd_6 _Iweekd_7 _Imonth_2 _Imonth_3
               _Imonth_4 _Imonth_5 _Imonth_6 _Imonth_7 _Imonth_8 _Imonth_9
               _Imonth_10 _Imonth_11 _Imonth_12 _ImonXyea_2_2005 _ImonXyea_2_2006
               _ImonXyea_3_2005 _ImonXyea_4_2005 _ImonXyea_5_2005
               _ImonXyea_6_2005 _ImonXyea_7_2005 _ImonXyea_8_2005
               _ImonXyea_9_2005 _ImonXyea_10_2005 _ImonXyea_11_2005
               _ImonXyea_12_2005 _ImonXhou_2_2 _ImonXhou_2_3 _ImonXhou_2_4
               _ImonXhou_2_5 _ImonXhou_2_6 _ImonXhou_2_7 _ImonXhou_2_8
               _ImonXhou_2_9 _ImonXhou_2_10 _ImonXhou_2_11 _ImonXhou_2_12
               _ImonXhou_2_13 _ImonXhou_2_14 _ImonXhou_2_15 _ImonXhou_2_16
               _ImonXhou_2_17 _ImonXhou_2_18 _ImonXhou_2_19 _ImonXhou_2_20
               _ImonXhou_2_21 _ImonXhou_2_22 _ImonXhou_2_23 _ImonXhou_2_24
               _ImonXhou_3_2 _ImonXhou_3_3 _ImonXhou_3_4 _ImonXhou_3_5
               _ImonXhou_3_6 _ImonXhou_3_7 _ImonXhou_3_8 _ImonXhou_3_9
               _ImonXhou_3_10 _ImonXhou_3_11 _ImonXhou_3_12 _ImonXhou_3_13
               _ImonXhou_3_14 _ImonXhou_3_15 _ImonXhou_3_16 _ImonXhou_3_17
               _ImonXhou_3_18 _ImonXhou_3_19 _ImonXhou_3_20 _ImonXhou_3_21
               _ImonXhou_3_22 _ImonXhou_3_23 _ImonXhou_3_24 _ImonXhou_4_2
               _ImonXhou_4_3 _ImonXhou_4_4 _ImonXhou_4_5 _ImonXhou_4_6
               _ImonXhou_4_7 _ImonXhou_4_8 _ImonXhou_4_9 _ImonXhou_4_10
               _ImonXhou_4_11 _ImonXhou_4_12 _ImonXhou_4_13 _ImonXhou_4_14
               _ImonXhou_4_15 _ImonXhou_4_16 _ImonXhou_4_17 _ImonXhou_4_18
               _ImonXhou_4_19 _ImonXhou_4_20 _ImonXhou_4_21 _ImonXhou_4_22
               _ImonXhou_4_23 _ImonXhou_4_24 _ImonXhou_5_2 _ImonXhou_5_3
               _ImonXhou_5_4 _ImonXhou_5_5 _ImonXhou_5_6 _ImonXhou_5_7
               _ImonXhou_5_8 _ImonXhou_5_9 _ImonXhou_5_10 _ImonXhou_5_11
               _ImonXhou_5_12 _ImonXhou_5_13 _ImonXhou_5_14 _ImonXhou_5_15
               _ImonXhou_5_16 _ImonXhou_5_17 _ImonXhou_5_18 _ImonXhou_5_19
               _ImonXhou_5_20 _ImonXhou_5_21 _ImonXhou_5_22 _ImonXhou_5_23
               _ImonXhou_5_24 _ImonXhou_6_2 _ImonXhou_6_3 _ImonXhou_6_4
               _ImonXhou_6_5 _ImonXhou_6_6 _ImonXhou_6_7 _ImonXhou_6_8
               _ImonXhou_6_9 _ImonXhou_6_10 _ImonXhou_6_11 _ImonXhou_6_12
               _ImonXhou_6_13 _ImonXhou_6_14 _ImonXhou_6_15 _ImonXhou_6_16
               _ImonXhou_6_17 _ImonXhou_6_18 _ImonXhou_6_19 _ImonXhou_6_20
               _ImonXhou_6_21 _ImonXhou_6_22 _ImonXhou_6_23 _ImonXhou_6_24
               _ImonXhou_7_2 _ImonXhou_7_3 _ImonXhou_7_4 _ImonXhou_7_5
               _ImonXhou_7_6 _ImonXhou_7_7 _ImonXhou_7_8 _ImonXhou_7_9
               _ImonXhou_7_10 _ImonXhou_7_11 _ImonXhou_7_12 _ImonXhou_7_13
               _ImonXhou_7_14 _ImonXhou_7_15 _ImonXhou_7_16 _ImonXhou_7_17
               _ImonXhou_7_18 _ImonXhou_7_19 _ImonXhou_7_20 _ImonXhou_7_21
               _ImonXhou_7_22 _ImonXhou_7_23 _ImonXhou_7_24 _ImonXhou_8_2
               _ImonXhou_8_3 _ImonXhou_8_4 _ImonXhou_8_5 _ImonXhou_8_6
               _ImonXhou_8_7 _ImonXhou_8_8 _ImonXhou_8_9 _ImonXhou_8_10
               _ImonXhou_8_11 _ImonXhou_8_12 _ImonXhou_8_13 _ImonXhou_8_14
               _ImonXhou_8_15 _ImonXhou_8_16 _ImonXhou_8_17 _ImonXhou_8_18
               _ImonXhou_8_19 _ImonXhou_8_20 _ImonXhou_8_21 _ImonXhou_8_22
               _ImonXhou_8_23 _ImonXhou_8_24 _ImonXhou_9_2 _ImonXhou_9_3
               _ImonXhou_9_4 _ImonXhou_9_5 _ImonXhou_9_6 _ImonXhou_9_7
               _ImonXhou_9_8 _ImonXhou_9_9 _ImonXhou_9_10 _ImonXhou_9_11
               _ImonXhou_9_12 _ImonXhou_9_13 _ImonXhou_9_14 _ImonXhou_9_15
               _ImonXhou_9_16 _ImonXhou_9_17 _ImonXhou_9_18 _ImonXhou_9_19
               _ImonXhou_9_20 _ImonXhou_9_21 _ImonXhou_9_22 _ImonXhou_9_23
               _ImonXhou_9_24 _ImonXhou_10_2 _ImonXhou_10_3 _ImonXhou_10_4
               _ImonXhou_10_5 _ImonXhou_10_6 _ImonXhou_10_7 _ImonXhou_10_8
               _ImonXhou_10_9 _ImonXhou_10_10 _ImonXhou_10_11 _ImonXhou_10_12
               _ImonXhou_10_13 _ImonXhou_10_14 _ImonXhou_10_15 _ImonXhou_10_16
               _ImonXhou_10_17 _ImonXhou_10_18 _ImonXhou_10_19 _ImonXhou_10_20
               _ImonXhou_10_21 _ImonXhou_10_22 _ImonXhou_10_23 _ImonXhou_10_24
               _ImonXhou_11_2 _ImonXhou_11_3 _ImonXhou_11_4 _ImonXhou_11_5
               _ImonXhou_11_6 _ImonXhou_11_7 _ImonXhou_11_8 _ImonXhou_11_9
               _ImonXhou_11_10 _ImonXhou_11_11 _ImonXhou_11_12 _ImonXhou_11_13
               _ImonXhou_11_14 _ImonXhou_11_15 _ImonXhou_11_16 _ImonXhou_11_17
               _ImonXhou_11_18 _ImonXhou_11_19 _ImonXhou_11_20 _ImonXhou_11_21
               _ImonXhou_11_22 _ImonXhou_11_23 _ImonXhou_11_24 _ImonXhou_12_2
               _ImonXhou_12_3 _ImonXhou_12_4 _ImonXhou_12_5 _ImonXhou_12_6
               _ImonXhou_12_7 _ImonXhou_12_8 _ImonXhou_12_9 _ImonXhou_12_10
               _ImonXhou_12_11 _ImonXhou_12_12 _ImonXhou_12_13 _ImonXhou_12_14
               _ImonXhou_12_15 _ImonXhou_12_16 _ImonXhou_12_17 _ImonXhou_12_18
               _ImonXhou_12_19 _ImonXhou_12_20 _ImonXhou_12_21 _ImonXhou_12_22
               _ImonXhou_12_23 _ImonXhou_12_24 eprice

. estimates store spec_int3

. 
. *(5) - HOURxINPUT
. ivregress 2sls mg_price ($maincost = $instruments) $supplycontrols $demandcontrols $controls $basefe _I
> monXyea* _ImonXhou* _ImonXtem*, robust
note: _Iyear_2007 omitted because of collinearity
note: _ImonXyea_2_2007 omitted because of collinearity
note: _ImonXyea_3_2006 omitted because of collinearity
note: _ImonXyea_3_2007 omitted because of collinearity
note: _ImonXyea_4_2006 omitted because of collinearity
note: _ImonXyea_4_2007 omitted because of collinearity
note: _ImonXyea_5_2006 omitted because of collinearity
note: _ImonXyea_5_2007 omitted because of collinearity
note: _ImonXyea_6_2006 omitted because of collinearity
note: _ImonXyea_6_2007 omitted because of collinearity
note: _ImonXyea_7_2006 omitted because of collinearity
note: _ImonXyea_7_2007 omitted because of collinearity
note: _ImonXyea_8_2006 omitted because of collinearity
note: _ImonXyea_8_2007 omitted because of collinearity
note: _ImonXyea_9_2006 omitted because of collinearity
note: _ImonXyea_9_2007 omitted because of collinearity
note: _ImonXyea_10_2006 omitted because of collinearity
note: _ImonXyea_10_2007 omitted because of collinearity
note: _ImonXyea_11_2006 omitted because of collinearity
note: _ImonXyea_11_2007 omitted because of collinearity
note: _ImonXyea_12_2006 omitted because of collinearity
note: _ImonXyea_12_2007 omitted because of collinearity

Instrumental variables (2SLS) regression               Number of obs =   18744
                                                       Wald chi2(338)=64792.82
                                                       Prob > chi2   =  0.0000
                                                       R-squared     =  0.7681
                                                       Root MSE      =  10.455

-----------------------------------------------------------------------------------
                  |               Robust
         mg_price |      Coef.   Std. Err.      z    P>|z|     [95% Conf. Interval]
------------------+----------------------------------------------------------------
        ecost_int |   .9168721   .1639051     5.59   0.000      .595624     1.23812
            windx |   -2.65791   .3487121    -7.62   0.000    -3.341374   -1.974447
           windx2 |   .0899307   .0241813     3.72   0.000     .0425363    .1373251
             temp |   .5166848   .1524025     3.39   0.001     .2179815    .8153881
            tempx |  -.9719009   .1448619    -6.71   0.000    -1.255825   -.6879768
            humid |   .0914943   .0139737     6.55   0.000     .0641063    .1188822
             coal |   32.24771   4.537827     7.11   0.000     23.35373    41.14169
              gas |   3.448668   .3673826     9.39   0.000     2.728611    4.168724
            brent |  -1.250104   1.012463    -1.23   0.217    -3.234495    .7342858
         _Ihour_2 |  -9.390308   1.726734    -5.44   0.000    -12.77465   -6.005971
         _Ihour_3 |  -13.91971   1.780661    -7.82   0.000    -17.40974   -10.42968
         _Ihour_4 |  -18.25452   1.983221    -9.20   0.000    -22.14156   -14.36747
         _Ihour_5 |  -20.98794   2.059345   -10.19   0.000    -25.02419    -16.9517
         _Ihour_6 |  -21.50919   2.058416   -10.45   0.000    -25.54361   -17.47477
         _Ihour_7 |  -17.54902   1.930262    -9.09   0.000    -21.33227   -13.76578
         _Ihour_8 |  -9.969954   1.891162    -5.27   0.000    -13.67656   -6.263345
         _Ihour_9 |  -2.189732   2.168532    -1.01   0.313    -6.439977    2.060513
        _Ihour_10 |   1.339709   2.162656     0.62   0.536    -2.899019    5.578437
        _Ihour_11 |    6.49702   2.103272     3.09   0.002     2.374683    10.61936
        _Ihour_12 |   7.802638    2.04453     3.82   0.000     3.795432    11.80984
        _Ihour_13 |   6.371006   1.788841     3.56   0.000     2.864942     9.87707
        _Ihour_14 |   3.566986   1.656742     2.15   0.031     .3198315     6.81414
        _Ihour_15 |  -1.636723   1.635062    -1.00   0.317    -4.841386     1.56794
        _Ihour_16 |   -2.51047   1.685338    -1.49   0.136    -5.813672    .7927321
        _Ihour_17 |  -3.093087   1.708311    -1.81   0.070    -6.441314    .2551408
        _Ihour_18 |   .2182866   1.710409     0.13   0.898    -3.134054    3.570627
        _Ihour_19 |   9.653651   1.775496     5.44   0.000     6.173743    13.13356
        _Ihour_20 |   15.98188   1.737232     9.20   0.000     12.57697    19.38679
        _Ihour_21 |   14.21527   1.784711     7.97   0.000     10.71731    17.71324
        _Ihour_22 |   10.63903   1.820364     5.84   0.000     7.071178    14.20687
        _Ihour_23 |   4.129616   1.702079     2.43   0.015     .7936023     7.46563
        _Ihour_24 |   5.653022   1.719436     3.29   0.001      2.28299    9.023054
      _Iyear_2005 |   14.91631   1.191249    12.52   0.000     12.58151    17.25112
      _Iyear_2006 |   30.51439   2.870306    10.63   0.000     24.88869    36.14008
      _Iyear_2007 |          0  (omitted)
        _Iweekd_2 |  -.1263741   .2878334    -0.44   0.661    -.6905172    .4377689
        _Iweekd_3 |   .5570692   .2930558     1.90   0.057    -.0173096    1.131448
        _Iweekd_4 |   .7115107   .2965504     2.40   0.016     .1302825    1.292739
        _Iweekd_5 |  -1.111179   .2924493    -3.80   0.000    -1.684369   -.5379891
        _Iweekd_6 |  -5.950657   .2876866   -20.68   0.000    -6.514512   -5.386802
        _Iweekd_7 |  -10.98916   .3251445   -33.80   0.000    -11.62643   -10.35189
        _Imonth_2 |  -15.58379   3.651612    -4.27   0.000    -22.74082   -8.426763
        _Imonth_3 |  -10.00102   3.846895    -2.60   0.009     -17.5408   -2.461245
        _Imonth_4 |  -11.09034   3.016144    -3.68   0.000    -17.00187   -5.178804
        _Imonth_5 |  -22.33554    3.26897    -6.83   0.000     -28.7426   -15.92847
        _Imonth_6 |    -56.331   4.793765   -11.75   0.000    -65.72661   -46.93539
        _Imonth_7 |  -35.00149   4.528891    -7.73   0.000    -43.87795   -26.12502
        _Imonth_8 |  -36.86059   4.888917    -7.54   0.000    -46.44269   -27.27849
        _Imonth_9 |  -49.15873   5.072893    -9.69   0.000    -59.10142   -39.21604
       _Imonth_10 |   -24.9279   3.349654    -7.44   0.000     -31.4931    -18.3627
       _Imonth_11 |   9.652637   3.833192     2.52   0.012     2.139719    17.16555
       _Imonth_12 |  -11.45781     4.2562    -2.69   0.007    -19.79981    -3.11581
 _ImonXyea_2_2005 |  -.5086365   .9426802    -0.54   0.589    -2.356256    1.338983
 _ImonXyea_2_2006 |  -2.352594   1.146723    -2.05   0.040    -4.600129   -.1050596
 _ImonXyea_2_2007 |          0  (omitted)
 _ImonXyea_3_2005 |   4.829604   1.148249     4.21   0.000     2.579077    7.080131
 _ImonXyea_3_2006 |          0  (omitted)
 _ImonXyea_3_2007 |          0  (omitted)
 _ImonXyea_4_2005 |  -1.908442   1.298774    -1.47   0.142    -4.453993    .6371096
 _ImonXyea_4_2006 |          0  (omitted)
 _ImonXyea_4_2007 |          0  (omitted)
 _ImonXyea_5_2005 |  -5.759687   1.394103    -4.13   0.000    -8.492078   -3.027296
 _ImonXyea_5_2006 |          0  (omitted)
 _ImonXyea_5_2007 |          0  (omitted)
 _ImonXyea_6_2005 |   5.409336   1.786985     3.03   0.002     1.906909    8.911762
 _ImonXyea_6_2006 |          0  (omitted)
 _ImonXyea_6_2007 |          0  (omitted)
 _ImonXyea_7_2005 |   7.657034   2.052322     3.73   0.000     3.634556    11.67951
 _ImonXyea_7_2006 |          0  (omitted)
 _ImonXyea_7_2007 |          0  (omitted)
 _ImonXyea_8_2005 |   1.654227   1.683617     0.98   0.326    -1.645601    4.954056
 _ImonXyea_8_2006 |          0  (omitted)
 _ImonXyea_8_2007 |          0  (omitted)
 _ImonXyea_9_2005 |   2.989772   1.904953     1.57   0.117    -.7438665    6.723411
 _ImonXyea_9_2006 |          0  (omitted)
 _ImonXyea_9_2007 |          0  (omitted)
_ImonXyea_10_2005 |  -3.786224   1.777944    -2.13   0.033    -7.270931   -.3015179
_ImonXyea_10_2006 |          0  (omitted)
_ImonXyea_10_2007 |          0  (omitted)
_ImonXyea_11_2005 |   2.435651   1.611617     1.51   0.131    -.7230593    5.594361
_ImonXyea_11_2006 |          0  (omitted)
_ImonXyea_11_2007 |          0  (omitted)
_ImonXyea_12_2005 |   8.495926   1.704535     4.98   0.000       5.1551    11.83675
_ImonXyea_12_2006 |          0  (omitted)
_ImonXyea_12_2007 |          0  (omitted)
    _ImonXhou_2_2 |   .1017536   2.531476     0.04   0.968    -4.859847    5.063355
    _ImonXhou_2_3 |   .4575564   2.577466     0.18   0.859    -4.594185    5.509298
    _ImonXhou_2_4 |   2.806659   2.664765     1.05   0.292    -2.416185    8.029503
    _ImonXhou_2_5 |   2.645133   2.701914     0.98   0.328    -2.650521    7.940788
    _ImonXhou_2_6 |   2.365359   2.682065     0.88   0.378    -2.891391     7.62211
    _ImonXhou_2_7 |   3.564834   2.581568     1.38   0.167    -1.494947    8.624614
    _ImonXhou_2_8 |   1.629482   2.630041     0.62   0.536    -3.525304    6.784268
    _ImonXhou_2_9 |   .0210773   3.005016     0.01   0.994    -5.868646    5.910801
   _ImonXhou_2_10 |   .7190448   3.025734     0.24   0.812    -5.211285    6.649375
   _ImonXhou_2_11 |   1.035826   2.873624     0.36   0.719    -4.596373    6.668026
   _ImonXhou_2_12 |   .9993562   2.788995     0.36   0.720    -4.466974    6.465686
   _ImonXhou_2_13 |   .4892069   2.569273     0.19   0.849    -4.546476     5.52489
   _ImonXhou_2_14 |  -.1970148   2.408589    -0.08   0.935    -4.917762    4.523732
   _ImonXhou_2_15 |  -1.120701    2.39438    -0.47   0.640      -5.8136    3.572199
   _ImonXhou_2_16 |   -1.31292   2.437477    -0.54   0.590    -6.090287    3.464446
   _ImonXhou_2_17 |  -2.413246   2.446082    -0.99   0.324    -7.207478    2.380986
   _ImonXhou_2_18 |  -4.381854   2.485659    -1.76   0.078    -9.253656     .489948
   _ImonXhou_2_19 |  -8.237262   2.524457    -3.26   0.001    -13.18511   -3.289417
   _ImonXhou_2_20 |  -3.752625   2.454974    -1.53   0.126    -8.564284    1.059035
   _ImonXhou_2_21 |   -1.18005   2.494163    -0.47   0.636     -6.06852     3.70842
   _ImonXhou_2_22 |  -1.130128   2.575954    -0.44   0.661    -6.178904    3.918648
   _ImonXhou_2_23 |  -1.615122   2.454811    -0.66   0.511    -6.426463    3.196219
   _ImonXhou_2_24 |  -1.944757   2.478252    -0.78   0.433    -6.802042    2.912528
    _ImonXhou_3_2 |   2.772217   2.820537     0.98   0.326    -2.755934    8.300368
    _ImonXhou_3_3 |    3.35064   2.758075     1.21   0.224    -2.055088    8.756369
    _ImonXhou_3_4 |   4.738323   2.944356     1.61   0.108     -1.03251    10.50915
    _ImonXhou_3_5 |   6.240824   3.004875     2.08   0.038     .3513785    12.13027
    _ImonXhou_3_6 |   6.306669   2.987334     2.11   0.035     .4516018    12.16174
    _ImonXhou_3_7 |   6.622418   2.874195     2.30   0.021     .9891001    12.25574
    _ImonXhou_3_8 |   2.771102   2.825735     0.98   0.327    -2.767237    8.309442
    _ImonXhou_3_9 |   .9091829   3.103727     0.29   0.770     -5.17401    6.992376
   _ImonXhou_3_10 |   2.488226    3.15595     0.79   0.430    -3.697321    8.673774
   _ImonXhou_3_11 |   .7385043   3.161614     0.23   0.815    -5.458146    6.935155
   _ImonXhou_3_12 |   .9297394   3.155535     0.29   0.768    -5.254996    7.114475
   _ImonXhou_3_13 |   .8498287   2.963883     0.29   0.774    -4.959276    6.658933
   _ImonXhou_3_14 |   1.372324   2.797108     0.49   0.624    -4.109907    6.854556
   _ImonXhou_3_15 |   2.049974   2.678744     0.77   0.444    -3.200268    7.300216
   _ImonXhou_3_16 |   2.801553   2.774965     1.01   0.313    -2.637278    8.240384
   _ImonXhou_3_17 |   3.726352   2.780956     1.34   0.180    -1.724223    9.176926
   _ImonXhou_3_18 |    .600972   2.805201     0.21   0.830     -4.89712    6.099064
   _ImonXhou_3_19 |  -7.936983   2.843845    -2.79   0.005    -13.51082    -2.36315
   _ImonXhou_3_20 |  -7.223694   3.022072    -2.39   0.017    -13.14685   -1.300543
   _ImonXhou_3_21 |   .5798141    3.02488     0.19   0.848    -5.348843    6.508471
   _ImonXhou_3_22 |   2.998602   3.038839     0.99   0.324    -2.957413    8.954618
   _ImonXhou_3_23 |   1.981443   2.884979     0.69   0.492    -3.673011    7.635897
   _ImonXhou_3_24 |  -1.266394   2.973269    -0.43   0.670    -7.093894    4.561106
    _ImonXhou_4_2 |   3.510151   2.217007     1.58   0.113    -.8351029    7.855404
    _ImonXhou_4_3 |    5.36912    2.26483     2.37   0.018     .9301354    9.808105
    _ImonXhou_4_4 |   8.681392   2.382825     3.64   0.000     4.011141    13.35164
    _ImonXhou_4_5 |   10.22649   2.427907     4.21   0.000     5.467879     14.9851
    _ImonXhou_4_6 |   11.14293   2.452182     4.54   0.000     6.336744    15.94912
    _ImonXhou_4_7 |   9.739491   2.322889     4.19   0.000     5.186712    14.29227
    _ImonXhou_4_8 |   7.369572   2.327523     3.17   0.002     2.807712    11.93143
    _ImonXhou_4_9 |   .7923548   2.588121     0.31   0.759     -4.28027     5.86498
   _ImonXhou_4_10 |  -1.028065   2.615395    -0.39   0.694    -6.154145    4.098015
   _ImonXhou_4_11 |  -3.102947   2.608913    -1.19   0.234    -8.216323    2.010429
   _ImonXhou_4_12 |  -3.363506   2.511569    -1.34   0.181     -8.28609    1.559079
   _ImonXhou_4_13 |  -1.933401   2.323806    -0.83   0.405    -6.487977    2.621176
   _ImonXhou_4_14 |  -2.350897   2.159049    -1.09   0.276    -6.582556    1.880761
   _ImonXhou_4_15 |   .5449126   2.106088     0.26   0.796    -3.582944    4.672769
   _ImonXhou_4_16 |   1.285699   2.147729     0.60   0.549    -2.923772     5.49517
   _ImonXhou_4_17 |   2.190759   2.171413     1.01   0.313    -2.065132     6.44665
   _ImonXhou_4_18 |   .0860233   2.251556     0.04   0.970    -4.326946    4.498992
   _ImonXhou_4_19 |  -10.56068   2.250284    -4.69   0.000    -14.97115   -6.150199
   _ImonXhou_4_20 |  -18.73197   2.178719    -8.60   0.000    -23.00218   -14.46176
   _ImonXhou_4_21 |  -14.88035    2.23001    -6.67   0.000    -19.25109   -10.50961
   _ImonXhou_4_22 |   -.233947   2.519271    -0.09   0.926    -5.171628    4.703734
   _ImonXhou_4_23 |  -1.642566    2.29427    -0.72   0.474    -6.139251     2.85412
   _ImonXhou_4_24 |   -8.28219    2.24429    -3.69   0.000    -12.68092   -3.883462
    _ImonXhou_5_2 |    5.08226   2.213205     2.30   0.022     .7444578    9.420062
    _ImonXhou_5_3 |   8.452953   2.258418     3.74   0.000     4.026535    12.87937
    _ImonXhou_5_4 |   11.55143   2.401337     4.81   0.000       6.8449    16.25797
    _ImonXhou_5_5 |   13.72814   2.432522     5.64   0.000     8.960481    18.49579
    _ImonXhou_5_6 |   14.45341   2.434091     5.94   0.000      9.68268    19.22414
    _ImonXhou_5_7 |   12.01988   2.311539     5.20   0.000     7.489342    16.55041
    _ImonXhou_5_8 |   8.301635   2.340408     3.55   0.000      3.71452    12.88875
    _ImonXhou_5_9 |   4.650999   2.579794     1.80   0.071    -.4053029    9.707302
   _ImonXhou_5_10 |   2.526173   2.628902     0.96   0.337     -2.62638    7.678726
   _ImonXhou_5_11 |  -1.021889    2.56512    -0.40   0.690    -6.049432    4.005653
   _ImonXhou_5_12 |  -.5049957   2.573748    -0.20   0.844    -5.549448    4.539457
   _ImonXhou_5_13 |   1.914746   2.382025     0.80   0.421    -2.753938     6.58343
   _ImonXhou_5_14 |   2.375246   2.240309     1.06   0.289    -2.015679    6.766172
   _ImonXhou_5_15 |   4.999528   2.225605     2.25   0.025     .6374216    9.361634
   _ImonXhou_5_16 |   5.962432   2.219385     2.69   0.007     1.612518    10.31235
   _ImonXhou_5_17 |    7.14511   2.272718     3.14   0.002     2.690664    11.59956
   _ImonXhou_5_18 |   4.244998   2.282909     1.86   0.063    -.2294223    8.719418
   _ImonXhou_5_19 |  -5.344737   2.277525    -2.35   0.019    -9.808604   -.8808701
   _ImonXhou_5_20 |  -13.46826   2.230028    -6.04   0.000    -17.83904    -9.09749
   _ImonXhou_5_21 |  -13.19398   2.226345    -5.93   0.000    -17.55754   -8.830426
   _ImonXhou_5_22 |  -2.935743   2.286798    -1.28   0.199    -7.417785    1.546298
   _ImonXhou_5_23 |   2.946469   2.271797     1.30   0.195    -1.506171     7.39911
   _ImonXhou_5_24 |   -6.13639    2.19255    -2.80   0.005    -10.43371   -1.839071
    _ImonXhou_6_2 |   4.762522   2.436276     1.95   0.051    -.0124913    9.537535
    _ImonXhou_6_3 |   7.942054   2.491755     3.19   0.001     3.058304     12.8258
    _ImonXhou_6_4 |   11.43229   2.660965     4.30   0.000      6.21689    16.64768
    _ImonXhou_6_5 |    13.3346   2.721221     4.90   0.000     8.001107     18.6681
    _ImonXhou_6_6 |   14.83866   2.687232     5.52   0.000     9.571785    20.10554
    _ImonXhou_6_7 |   12.50052    2.57919     4.85   0.000     7.445405    17.55564
    _ImonXhou_6_8 |   7.020603    2.51251     2.79   0.005     2.096175    11.94503
    _ImonXhou_6_9 |   6.865091   2.830088     2.43   0.015     1.318222    12.41196
   _ImonXhou_6_10 |   11.53725   2.832527     4.07   0.000     5.985596     17.0889
   _ImonXhou_6_11 |    11.2043   2.946954     3.80   0.000     5.428377    16.98022
   _ImonXhou_6_12 |   12.40979   2.952887     4.20   0.000     6.622241    18.19735
   _ImonXhou_6_13 |   17.25612   2.941953     5.87   0.000        11.49    23.02224
   _ImonXhou_6_14 |   18.79485   2.784317     6.75   0.000     13.33769    24.25201
   _ImonXhou_6_15 |    19.5849   2.676778     7.32   0.000     14.33851    24.83129
   _ImonXhou_6_16 |   19.64048   2.706624     7.26   0.000      14.3356    24.94537
   _ImonXhou_6_17 |     20.986   2.855904     7.35   0.000     15.38853    26.58347
   _ImonXhou_6_18 |   20.51605   3.043005     6.74   0.000     14.55187    26.48023
   _ImonXhou_6_19 |   8.575089   2.906453     2.95   0.003     2.878547    14.27163
   _ImonXhou_6_20 |   -1.32191    2.67697    -0.49   0.621    -6.568675    3.924854
   _ImonXhou_6_21 |  -4.676809   2.511782    -1.86   0.063    -9.599812    .2461933
   _ImonXhou_6_22 |  -.0839517   2.492791    -0.03   0.973    -4.969733    4.801829
   _ImonXhou_6_23 |   9.782258   2.346966     4.17   0.000      5.18229    14.38223
   _ImonXhou_6_24 |  -1.373719   2.368291    -0.58   0.562    -6.015484    3.268046
    _ImonXhou_7_2 |   4.264731   2.652038     1.61   0.108    -.9331682    9.462631
    _ImonXhou_7_3 |   6.510729   2.619783     2.49   0.013     1.376049    11.64541
    _ImonXhou_7_4 |   10.57766   2.746171     3.85   0.000     5.195259    15.96005
    _ImonXhou_7_5 |   12.37438   2.821351     4.39   0.000     6.844632    17.90412
    _ImonXhou_7_6 |   13.74643   2.779625     4.95   0.000     8.298469     19.1944
    _ImonXhou_7_7 |   11.02704   2.769291     3.98   0.000      5.59933    16.45475
    _ImonXhou_7_8 |    5.52331   2.669479     2.07   0.039      .291227    10.75539
    _ImonXhou_7_9 |   1.691464    2.86802     0.59   0.555    -3.929751    7.312679
   _ImonXhou_7_10 |   4.962928   2.941764     1.69   0.092    -.8028247    10.72868
   _ImonXhou_7_11 |   6.886068   2.968262     2.32   0.020     1.068382    12.70375
   _ImonXhou_7_12 |   9.212596   2.991692     3.08   0.002     3.348988     15.0762
   _ImonXhou_7_13 |   14.99397   2.970253     5.05   0.000     9.172384    20.81556
   _ImonXhou_7_14 |   17.60115   2.967327     5.93   0.000      11.7853    23.41701
   _ImonXhou_7_15 |   18.60464   2.712081     6.86   0.000     13.28906    23.92022
   _ImonXhou_7_16 |   19.27772    2.67383     7.21   0.000     14.03711    24.51833
   _ImonXhou_7_17 |    19.0269   2.958763     6.43   0.000     13.22783    24.82596
   _ImonXhou_7_18 |   18.20811    3.04687     5.98   0.000     12.23635    24.17986
   _ImonXhou_7_19 |   6.894723   3.033238     2.27   0.023     .9496861    12.83976
   _ImonXhou_7_20 |  -4.659674   2.719527    -1.71   0.087    -9.989848    .6705004
   _ImonXhou_7_21 |  -7.644319   2.545704    -3.00   0.003    -12.63381   -2.654831
   _ImonXhou_7_22 |  -3.760938   2.627364    -1.43   0.152    -8.910477    1.388602
   _ImonXhou_7_23 |   9.051601   2.665474     3.40   0.001     3.827367    14.27583
   _ImonXhou_7_24 |  -3.268355   2.667566    -1.23   0.220    -8.496689    1.959979
    _ImonXhou_8_2 |   6.631335   2.223549     2.98   0.003     2.273258    10.98941
    _ImonXhou_8_3 |   9.616574   2.267682     4.24   0.000     5.171999    14.06115
    _ImonXhou_8_4 |   13.50266   2.544043     5.31   0.000     8.516424    18.48889
    _ImonXhou_8_5 |   14.55318    2.56656     5.67   0.000     9.522812    19.58354
    _ImonXhou_8_6 |   15.49397   2.542811     6.09   0.000     10.51015    20.47779
    _ImonXhou_8_7 |   12.67946   2.362467     5.37   0.000      8.04911    17.30981
    _ImonXhou_8_8 |   6.095129   2.373104     2.57   0.010     1.443931    10.74633
    _ImonXhou_8_9 |  -1.161572   2.553262    -0.45   0.649    -6.165874    3.842729
   _ImonXhou_8_10 |   2.282074   2.553426     0.89   0.371    -2.722549    7.286697
   _ImonXhou_8_11 |   4.472729   2.668819     1.68   0.094    -.7580588    9.703518
   _ImonXhou_8_12 |   5.851938   2.669298     2.19   0.028     .6202098    11.08367
   _ImonXhou_8_13 |   10.34287   2.756458     3.75   0.000     4.940307    15.74543
   _ImonXhou_8_14 |   15.49216   2.751999     5.63   0.000     10.09834    20.88598
   _ImonXhou_8_15 |   13.28803   2.298689     5.78   0.000     8.782686    17.79338
   _ImonXhou_8_16 |   11.54395   2.273211     5.08   0.000     7.088538    15.99936
   _ImonXhou_8_17 |   12.57638   2.329513     5.40   0.000     8.010614    17.14214
   _ImonXhou_8_18 |   12.60955   2.614312     4.82   0.000     7.485592    17.73351
   _ImonXhou_8_19 |   1.190906   2.548443     0.47   0.640    -3.803951    6.185762
   _ImonXhou_8_20 |  -9.057477   2.332323    -3.88   0.000    -13.62875   -4.486207
   _ImonXhou_8_21 |  -9.791105    2.26105    -4.33   0.000    -14.22268    -5.35953
   _ImonXhou_8_22 |   2.919848   2.563826     1.14   0.255    -2.105157    7.944854
   _ImonXhou_8_23 |   7.534201     2.3254     3.24   0.001     2.976501     12.0919
   _ImonXhou_8_24 |  -4.611618   2.320627    -1.99   0.047    -9.159962   -.0632732
    _ImonXhou_9_2 |   5.848921   2.472105     2.37   0.018     1.003684    10.69416
    _ImonXhou_9_3 |   7.837793   2.511567     3.12   0.002     2.915213    12.76037
    _ImonXhou_9_4 |   12.56941    2.69106     4.67   0.000      7.29503    17.84379
    _ImonXhou_9_5 |   13.55483   2.691978     5.04   0.000     8.278646      18.831
    _ImonXhou_9_6 |   15.59472   2.733281     5.71   0.000     10.23759    20.95186
    _ImonXhou_9_7 |   12.75186   2.554138     4.99   0.000     7.745839    17.75788
    _ImonXhou_9_8 |   12.90148   2.633556     4.90   0.000     7.739806    18.06316
    _ImonXhou_9_9 |   6.757729   2.823626     2.39   0.017     1.223522    12.29193
   _ImonXhou_9_10 |   8.941469   2.794066     3.20   0.001       3.4652    14.41774
   _ImonXhou_9_11 |    9.56033   2.837276     3.37   0.001      3.99937    15.12129
   _ImonXhou_9_12 |   12.47339   2.958658     4.22   0.000     6.674531    18.27226
   _ImonXhou_9_13 |   18.61146   2.943957     6.32   0.000      12.8414    24.38151
   _ImonXhou_9_14 |   17.34374   2.787757     6.22   0.000     11.87984    22.80765
   _ImonXhou_9_15 |   15.64729   2.506247     6.24   0.000     10.73514    20.55945
   _ImonXhou_9_16 |   17.31007   2.581541     6.71   0.000     12.25035     22.3698
   _ImonXhou_9_17 |   18.16107   2.678172     6.78   0.000     12.91195    23.41019
   _ImonXhou_9_18 |   18.10976   2.769413     6.54   0.000     12.68181    23.53771
   _ImonXhou_9_19 |   7.728878   2.840686     2.72   0.007     2.161236    13.29652
   _ImonXhou_9_20 |  -3.237366   2.528672    -1.28   0.200    -8.193473     1.71874
   _ImonXhou_9_21 |   4.036746   2.594549     1.56   0.120    -1.048477    9.121968
   _ImonXhou_9_22 |   20.22973   2.953096     6.85   0.000     14.44177    26.01769
   _ImonXhou_9_23 |   9.859534   2.760819     3.57   0.000     4.448429    15.27064
   _ImonXhou_9_24 |   -5.87625   2.562361    -2.29   0.022    -10.89839   -.8541139
   _ImonXhou_10_2 |   6.787168   2.439729     2.78   0.005     2.005388    11.56895
   _ImonXhou_10_3 |   8.378526   2.408618     3.48   0.001     3.657723    13.09933
   _ImonXhou_10_4 |   12.80047   2.672353     4.79   0.000     7.562753    18.03818
   _ImonXhou_10_5 |   14.74245   2.703096     5.45   0.000     9.444475    20.04042
   _ImonXhou_10_6 |   16.12791   2.743459     5.88   0.000     10.75083    21.50499
   _ImonXhou_10_7 |   13.84765   2.529037     5.48   0.000     8.890827    18.80447
   _ImonXhou_10_8 |   16.28608    2.66499     6.11   0.000     11.06279    21.50936
   _ImonXhou_10_9 |   11.79452   2.941185     4.01   0.000     6.029907    17.55914
  _ImonXhou_10_10 |   9.121507   2.816262     3.24   0.001     3.601735    14.64128
  _ImonXhou_10_11 |   6.090474   2.772999     2.20   0.028     .6554962    11.52545
  _ImonXhou_10_12 |   7.182034    2.73879     2.62   0.009     1.814104    12.54996
  _ImonXhou_10_13 |   9.692379    2.59415     3.74   0.000     4.607939    14.77682
  _ImonXhou_10_14 |   10.95759   2.430252     4.51   0.000     6.194386     15.7208
  _ImonXhou_10_15 |   10.78542   2.410635     4.47   0.000     6.060665    15.51018
  _ImonXhou_10_16 |   10.22594   2.395694     4.27   0.000     5.530464    14.92141
  _ImonXhou_10_17 |   11.55878    2.45867     4.70   0.000     6.739877    16.37769
  _ImonXhou_10_18 |   10.30518   2.485747     4.15   0.000     5.433207    15.17716
  _ImonXhou_10_19 |   .0484358   2.545075     0.02   0.985    -4.939819     5.03669
  _ImonXhou_10_20 |  -.1127779   2.531683    -0.04   0.964    -5.074786     4.84923
  _ImonXhou_10_21 |   13.96547   2.905219     4.81   0.000     8.271342    19.65959
  _ImonXhou_10_22 |   11.22041   2.548804     4.40   0.000     6.224847    16.21598
  _ImonXhou_10_23 |   6.935439   2.547329     2.72   0.006     1.942766    11.92811
  _ImonXhou_10_24 |  -5.160451   2.510277    -2.06   0.040     -10.0805   -.2403993
   _ImonXhou_11_2 |   1.533044   2.677845     0.57   0.567    -3.715435    6.781523
   _ImonXhou_11_3 |   2.605801   2.624205     0.99   0.321    -2.537547    7.749149
   _ImonXhou_11_4 |   4.722143   2.759481     1.71   0.087    -.6863395    10.13063
   _ImonXhou_11_5 |    6.72173   2.770444     2.43   0.015      1.29176     12.1517
   _ImonXhou_11_6 |   8.028178   2.784856     2.88   0.004     2.569961     13.4864
   _ImonXhou_11_7 |   6.459064   2.668288     2.42   0.015     1.229316    11.68881
   _ImonXhou_11_8 |   6.207568   2.669083     2.33   0.020     .9762624    11.43887
   _ImonXhou_11_9 |   2.858255    2.93507     0.97   0.330    -2.894378    8.610887
  _ImonXhou_11_10 |   3.701135   2.959976     1.25   0.211    -2.100311    9.502582
  _ImonXhou_11_11 |   2.536672   2.970394     0.85   0.393    -3.285192    8.358537
  _ImonXhou_11_12 |   2.986506   2.953237     1.01   0.312    -2.801731    8.774743
  _ImonXhou_11_13 |   3.302033   2.739255     1.21   0.228    -2.066809    8.670875
  _ImonXhou_11_14 |   3.533613   2.539635     1.39   0.164     -1.44398    8.511206
  _ImonXhou_11_15 |   2.930276   2.471141     1.19   0.236    -1.913072    7.773624
  _ImonXhou_11_16 |   3.814932   2.542995     1.50   0.134    -1.169247    8.799111
  _ImonXhou_11_17 |   4.263997    2.56196     1.66   0.096    -.7573526    9.285347
  _ImonXhou_11_18 |   4.521491   2.571284     1.76   0.079    -.5181328    9.561115
  _ImonXhou_11_19 |   9.149699    3.08989     2.96   0.003     3.093626    15.20577
  _ImonXhou_11_20 |   4.776204   2.872962     1.66   0.096     -.854699    10.40711
  _ImonXhou_11_21 |   1.034419   2.784305     0.37   0.710    -4.422719    6.491556
  _ImonXhou_11_22 |   1.343387   2.680258     0.50   0.616    -3.909823    6.596597
  _ImonXhou_11_23 |   .6177008   2.600068     0.24   0.812    -4.478338     5.71374
  _ImonXhou_11_24 |  -2.378575   2.646123    -0.90   0.369     -7.56488     2.80773
   _ImonXhou_12_2 |  -4.351097   2.614746    -1.66   0.096    -9.475906    .7737114
   _ImonXhou_12_3 |  -6.914808    2.57807    -2.68   0.007    -11.96773   -1.861884
   _ImonXhou_12_4 |  -5.381265   2.650331    -2.03   0.042    -10.57582    -.186711
   _ImonXhou_12_5 |  -5.163142   2.698186    -1.91   0.056    -10.45149    .1252058
   _ImonXhou_12_6 |  -5.398789   2.701613    -2.00   0.046    -10.69385   -.1037243
   _ImonXhou_12_7 |  -5.954574   2.719403    -2.19   0.029    -11.28451   -.6246418
   _ImonXhou_12_8 |  -5.605033   2.846731    -1.97   0.049    -11.18452   -.0255419
   _ImonXhou_12_9 |  -7.633082   3.192442    -2.39   0.017    -13.89015   -1.376011
  _ImonXhou_12_10 |  -6.284514   3.135564    -2.00   0.045    -12.43011   -.1389211
  _ImonXhou_12_11 |  -4.829878   2.902593    -1.66   0.096    -10.51886    .8590991
  _ImonXhou_12_12 |  -4.097866   2.766713    -1.48   0.139    -9.520524    1.324792
  _ImonXhou_12_13 |  -4.206517   2.507818    -1.68   0.093     -9.12175     .708715
  _ImonXhou_12_14 |  -4.652558   2.449986    -1.90   0.058    -9.454443    .1493269
  _ImonXhou_12_15 |  -4.237818   2.335913    -1.81   0.070    -8.816124    .3404878
  _ImonXhou_12_16 |  -4.040621   2.380789    -1.70   0.090    -8.706881    .6256393
  _ImonXhou_12_17 |  -4.087391   2.457722    -1.66   0.096    -8.904437    .7296552
  _ImonXhou_12_18 |  -1.548803   2.540866    -0.61   0.542    -6.528808    3.431202
  _ImonXhou_12_19 |   1.776333   2.593921     0.68   0.493    -3.307659    6.860326
  _ImonXhou_12_20 |  -4.380731   2.565042    -1.71   0.088    -9.408122     .646659
  _ImonXhou_12_21 |   -6.10981   2.535706    -2.41   0.016     -11.0797   -1.139918
  _ImonXhou_12_22 |  -4.863141   2.600262    -1.87   0.061     -9.95956    .2332785
  _ImonXhou_12_23 |  -5.118316   2.532462    -2.02   0.043    -10.08185   -.1547813
  _ImonXhou_12_24 |  -4.936241   2.469691    -2.00   0.046    -9.776746   -.0957356
     _ImonXtemp_2 |  -2.619173      .2762    -9.48   0.000    -3.160515   -2.077831
     _ImonXtemp_3 |  -3.411558   .2822597   -12.09   0.000    -3.964777    -2.85834
     _ImonXtemp_4 |   -.474108   .2107941    -2.25   0.025    -.8872569   -.0609592
     _ImonXtemp_5 |  -1.840723   .2379135    -7.74   0.000    -2.307025   -1.374421
     _ImonXtemp_6 |   2.700334   .3768191     7.17   0.000     1.961783    3.438886
     _ImonXtemp_7 |   1.972465   .2918331     6.76   0.000     1.400482    2.544447
     _ImonXtemp_8 |   .7291678   .2287623     3.19   0.001     .2808019    1.177534
     _ImonXtemp_9 |   .5320366   .2285426     2.33   0.020     .0841013     .979972
    _ImonXtemp_10 |  -.2730471   .2245382    -1.22   0.224    -.7131339    .1670397
    _ImonXtemp_11 |  -1.541408   .1867207    -8.26   0.000    -1.907373   -1.175442
    _ImonXtemp_12 |  -.6906982   .2462167    -2.81   0.005    -1.173274   -.2081223
     _ImonXtempa2 |   1.859862   .2218333     8.38   0.000     1.425076    2.294647
     _ImonXtempa3 |    2.24638    .250024     8.98   0.000     1.756342    2.736418
     _ImonXtempa4 |   .8914486   .1849441     4.82   0.000     .5289649    1.253932
     _ImonXtempa5 |   2.080471   .2185444     9.52   0.000     1.652132     2.50881
     _ImonXtempa6 |  -.0270252   .2549999    -0.11   0.916    -.5268157    .4727653
     _ImonXtempa7 |  -.1298447   .2378482    -0.55   0.585    -.5960185    .3363292
     _ImonXtempa8 |   .6819332   .1829841     3.73   0.000      .323291    1.040575
     _ImonXtempa9 |   1.301017   .2069964     6.29   0.000     .8953117    1.706723
    _ImonXtempa10 |   1.118847   .1780318     6.28   0.000     .7699116    1.467783
    _ImonXtempa11 |   .2572824   .1939393     1.33   0.185    -.1228317    .6373965
    _ImonXtempa12 |   1.625427     .26561     6.12   0.000     1.104841    2.146013
            _cons |   22.30741   4.207992     5.30   0.000      14.0599    30.55493
-----------------------------------------------------------------------------------
Instrumented:  ecost_int
Instruments:   windx windx2 temp tempx humid coal gas brent _Ihour_2 _Ihour_3
               _Ihour_4 _Ihour_5 _Ihour_6 _Ihour_7 _Ihour_8 _Ihour_9 _Ihour_10
               _Ihour_11 _Ihour_12 _Ihour_13 _Ihour_14 _Ihour_15 _Ihour_16
               _Ihour_17 _Ihour_18 _Ihour_19 _Ihour_20 _Ihour_21 _Ihour_22
               _Ihour_23 _Ihour_24 _Iyear_2005 _Iyear_2006 _Iweekd_2 _Iweekd_3
               _Iweekd_4 _Iweekd_5 _Iweekd_6 _Iweekd_7 _Imonth_2 _Imonth_3
               _Imonth_4 _Imonth_5 _Imonth_6 _Imonth_7 _Imonth_8 _Imonth_9
               _Imonth_10 _Imonth_11 _Imonth_12 _ImonXyea_2_2005 _ImonXyea_2_2006
               _ImonXyea_3_2005 _ImonXyea_4_2005 _ImonXyea_5_2005
               _ImonXyea_6_2005 _ImonXyea_7_2005 _ImonXyea_8_2005
               _ImonXyea_9_2005 _ImonXyea_10_2005 _ImonXyea_11_2005
               _ImonXyea_12_2005 _ImonXhou_2_2 _ImonXhou_2_3 _ImonXhou_2_4
               _ImonXhou_2_5 _ImonXhou_2_6 _ImonXhou_2_7 _ImonXhou_2_8
               _ImonXhou_2_9 _ImonXhou_2_10 _ImonXhou_2_11 _ImonXhou_2_12
               _ImonXhou_2_13 _ImonXhou_2_14 _ImonXhou_2_15 _ImonXhou_2_16
               _ImonXhou_2_17 _ImonXhou_2_18 _ImonXhou_2_19 _ImonXhou_2_20
               _ImonXhou_2_21 _ImonXhou_2_22 _ImonXhou_2_23 _ImonXhou_2_24
               _ImonXhou_3_2 _ImonXhou_3_3 _ImonXhou_3_4 _ImonXhou_3_5
               _ImonXhou_3_6 _ImonXhou_3_7 _ImonXhou_3_8 _ImonXhou_3_9
               _ImonXhou_3_10 _ImonXhou_3_11 _ImonXhou_3_12 _ImonXhou_3_13
               _ImonXhou_3_14 _ImonXhou_3_15 _ImonXhou_3_16 _ImonXhou_3_17
               _ImonXhou_3_18 _ImonXhou_3_19 _ImonXhou_3_20 _ImonXhou_3_21
               _ImonXhou_3_22 _ImonXhou_3_23 _ImonXhou_3_24 _ImonXhou_4_2
               _ImonXhou_4_3 _ImonXhou_4_4 _ImonXhou_4_5 _ImonXhou_4_6
               _ImonXhou_4_7 _ImonXhou_4_8 _ImonXhou_4_9 _ImonXhou_4_10
               _ImonXhou_4_11 _ImonXhou_4_12 _ImonXhou_4_13 _ImonXhou_4_14
               _ImonXhou_4_15 _ImonXhou_4_16 _ImonXhou_4_17 _ImonXhou_4_18
               _ImonXhou_4_19 _ImonXhou_4_20 _ImonXhou_4_21 _ImonXhou_4_22
               _ImonXhou_4_23 _ImonXhou_4_24 _ImonXhou_5_2 _ImonXhou_5_3
               _ImonXhou_5_4 _ImonXhou_5_5 _ImonXhou_5_6 _ImonXhou_5_7
               _ImonXhou_5_8 _ImonXhou_5_9 _ImonXhou_5_10 _ImonXhou_5_11
               _ImonXhou_5_12 _ImonXhou_5_13 _ImonXhou_5_14 _ImonXhou_5_15
               _ImonXhou_5_16 _ImonXhou_5_17 _ImonXhou_5_18 _ImonXhou_5_19
               _ImonXhou_5_20 _ImonXhou_5_21 _ImonXhou_5_22 _ImonXhou_5_23
               _ImonXhou_5_24 _ImonXhou_6_2 _ImonXhou_6_3 _ImonXhou_6_4
               _ImonXhou_6_5 _ImonXhou_6_6 _ImonXhou_6_7 _ImonXhou_6_8
               _ImonXhou_6_9 _ImonXhou_6_10 _ImonXhou_6_11 _ImonXhou_6_12
               _ImonXhou_6_13 _ImonXhou_6_14 _ImonXhou_6_15 _ImonXhou_6_16
               _ImonXhou_6_17 _ImonXhou_6_18 _ImonXhou_6_19 _ImonXhou_6_20
               _ImonXhou_6_21 _ImonXhou_6_22 _ImonXhou_6_23 _ImonXhou_6_24
               _ImonXhou_7_2 _ImonXhou_7_3 _ImonXhou_7_4 _ImonXhou_7_5
               _ImonXhou_7_6 _ImonXhou_7_7 _ImonXhou_7_8 _ImonXhou_7_9
               _ImonXhou_7_10 _ImonXhou_7_11 _ImonXhou_7_12 _ImonXhou_7_13
               _ImonXhou_7_14 _ImonXhou_7_15 _ImonXhou_7_16 _ImonXhou_7_17
               _ImonXhou_7_18 _ImonXhou_7_19 _ImonXhou_7_20 _ImonXhou_7_21
               _ImonXhou_7_22 _ImonXhou_7_23 _ImonXhou_7_24 _ImonXhou_8_2
               _ImonXhou_8_3 _ImonXhou_8_4 _ImonXhou_8_5 _ImonXhou_8_6
               _ImonXhou_8_7 _ImonXhou_8_8 _ImonXhou_8_9 _ImonXhou_8_10
               _ImonXhou_8_11 _ImonXhou_8_12 _ImonXhou_8_13 _ImonXhou_8_14
               _ImonXhou_8_15 _ImonXhou_8_16 _ImonXhou_8_17 _ImonXhou_8_18
               _ImonXhou_8_19 _ImonXhou_8_20 _ImonXhou_8_21 _ImonXhou_8_22
               _ImonXhou_8_23 _ImonXhou_8_24 _ImonXhou_9_2 _ImonXhou_9_3
               _ImonXhou_9_4 _ImonXhou_9_5 _ImonXhou_9_6 _ImonXhou_9_7
               _ImonXhou_9_8 _ImonXhou_9_9 _ImonXhou_9_10 _ImonXhou_9_11
               _ImonXhou_9_12 _ImonXhou_9_13 _ImonXhou_9_14 _ImonXhou_9_15
               _ImonXhou_9_16 _ImonXhou_9_17 _ImonXhou_9_18 _ImonXhou_9_19
               _ImonXhou_9_20 _ImonXhou_9_21 _ImonXhou_9_22 _ImonXhou_9_23
               _ImonXhou_9_24 _ImonXhou_10_2 _ImonXhou_10_3 _ImonXhou_10_4
               _ImonXhou_10_5 _ImonXhou_10_6 _ImonXhou_10_7 _ImonXhou_10_8
               _ImonXhou_10_9 _ImonXhou_10_10 _ImonXhou_10_11 _ImonXhou_10_12
               _ImonXhou_10_13 _ImonXhou_10_14 _ImonXhou_10_15 _ImonXhou_10_16
               _ImonXhou_10_17 _ImonXhou_10_18 _ImonXhou_10_19 _ImonXhou_10_20
               _ImonXhou_10_21 _ImonXhou_10_22 _ImonXhou_10_23 _ImonXhou_10_24
               _ImonXhou_11_2 _ImonXhou_11_3 _ImonXhou_11_4 _ImonXhou_11_5
               _ImonXhou_11_6 _ImonXhou_11_7 _ImonXhou_11_8 _ImonXhou_11_9
               _ImonXhou_11_10 _ImonXhou_11_11 _ImonXhou_11_12 _ImonXhou_11_13
               _ImonXhou_11_14 _ImonXhou_11_15 _ImonXhou_11_16 _ImonXhou_11_17
               _ImonXhou_11_18 _ImonXhou_11_19 _ImonXhou_11_20 _ImonXhou_11_21
               _ImonXhou_11_22 _ImonXhou_11_23 _ImonXhou_11_24 _ImonXhou_12_2
               _ImonXhou_12_3 _ImonXhou_12_4 _ImonXhou_12_5 _ImonXhou_12_6
               _ImonXhou_12_7 _ImonXhou_12_8 _ImonXhou_12_9 _ImonXhou_12_10
               _ImonXhou_12_11 _ImonXhou_12_12 _ImonXhou_12_13 _ImonXhou_12_14
               _ImonXhou_12_15 _ImonXhou_12_16 _ImonXhou_12_17 _ImonXhou_12_18
               _ImonXhou_12_19 _ImonXhou_12_20 _ImonXhou_12_21 _ImonXhou_12_22
               _ImonXhou_12_23 _ImonXhou_12_24 _ImonXtemp_2 _ImonXtemp_3
               _ImonXtemp_4 _ImonXtemp_5 _ImonXtemp_6 _ImonXtemp_7 _ImonXtemp_8
               _ImonXtemp_9 _ImonXtemp_10 _ImonXtemp_11 _ImonXtemp_12
               _ImonXtempa2 _ImonXtempa3 _ImonXtempa4 _ImonXtempa5 _ImonXtempa6
               _ImonXtempa7 _ImonXtempa8 _ImonXtempa9 _ImonXtempa10 _ImonXtempa11
               _ImonXtempa12 eprice

. estimates store spec_int4

. 
. *(5) - HOURxINPUT
. ivregress 2sls mg_price ($maincost = $instruments) $supplycontrols $demandcontrols $controls1 $basefe _
> ImonXyea* _ImonXhou* _ImonXtem*, robust
note: _Iyear_2007 omitted because of collinearity
note: _ImonXyea_2_2007 omitted because of collinearity
note: _ImonXyea_3_2006 omitted because of collinearity
note: _ImonXyea_3_2007 omitted because of collinearity
note: _ImonXyea_4_2006 omitted because of collinearity
note: _ImonXyea_4_2007 omitted because of collinearity
note: _ImonXyea_5_2006 omitted because of collinearity
note: _ImonXyea_5_2007 omitted because of collinearity
note: _ImonXyea_6_2006 omitted because of collinearity
note: _ImonXyea_6_2007 omitted because of collinearity
note: _ImonXyea_7_2006 omitted because of collinearity
note: _ImonXyea_7_2007 omitted because of collinearity
note: _ImonXyea_8_2006 omitted because of collinearity
note: _ImonXyea_8_2007 omitted because of collinearity
note: _ImonXyea_9_2006 omitted because of collinearity
note: _ImonXyea_9_2007 omitted because of collinearity
note: _ImonXyea_10_2006 omitted because of collinearity
note: _ImonXyea_10_2007 omitted because of collinearity
note: _ImonXyea_11_2006 omitted because of collinearity
note: _ImonXyea_11_2007 omitted because of collinearity
note: _ImonXyea_12_2006 omitted because of collinearity
note: _ImonXyea_12_2007 omitted because of collinearity

Instrumental variables (2SLS) regression               Number of obs =   18744
                                                       Wald chi2(407)=87057.99
                                                       Prob > chi2   =  0.0000
                                                       R-squared     =  0.8025
                                                       Root MSE      =  9.6497

-----------------------------------------------------------------------------------
                  |               Robust
         mg_price |      Coef.   Std. Err.      z    P>|z|     [95% Conf. Interval]
------------------+----------------------------------------------------------------
        ecost_int |   .9168721   .1555889     5.89   0.000     .6119235    1.221821
            windx |   -2.65791     .33657    -7.90   0.000    -3.317575   -1.998245
           windx2 |   .0899307   .0235269     3.82   0.000     .0438189    .1360426
             temp |   .5166848   .1314381     3.93   0.000     .2590709    .7742988
            tempx |  -.9719009   .1332323    -7.29   0.000    -1.233031   -.7107704
            humid |   .0914943   .0130102     7.03   0.000     .0659948    .1169937
                  |
      hour#c.coal |
               2  |  -14.31703   10.74292    -1.33   0.183    -35.37278    6.738711
               3  |  -17.08039   10.60125    -1.61   0.107    -37.85846    3.697679
               4  |   -28.5029   10.56725    -2.70   0.007    -49.21433   -7.791467
               5  |  -32.43522   10.18665    -3.18   0.001    -52.40068   -12.46976
               6  |  -37.63049   10.29502    -3.66   0.000    -57.80836   -17.45262
               7  |  -15.63391   9.982166    -1.57   0.117     -35.1986    3.930775
               8  |  -19.68742   11.15437    -1.76   0.078    -41.54958    2.174743
               9  |  -4.853707   12.51747    -0.39   0.698     -29.3875    19.68008
              10  |  -5.560114   12.45213    -0.45   0.655    -29.96585    18.84562
              11  |  -8.728332     11.881    -0.73   0.463    -32.01466      14.558
              12  |  -21.55724   11.95359    -1.80   0.071    -44.98584    1.871372
              13  |   -36.8506   12.34816    -2.98   0.003    -61.05255   -12.64864
              14  |  -43.30908   11.89451    -3.64   0.000     -66.6219   -19.99627
              15  |  -26.55328   11.42187    -2.32   0.020    -48.93973   -4.166839
              16  |  -28.59368   11.56839    -2.47   0.013    -51.26731   -5.920054
              17  |  -25.90115   11.93176    -2.17   0.030    -49.28698   -2.515323
              18  |  -30.24799   12.72091    -2.38   0.017    -55.18051   -5.315464
              19  |  -20.19917   12.64991    -1.60   0.110    -44.99253    4.594187
              20  |  -5.243899   11.43288    -0.46   0.646    -27.65194    17.16414
              21  |  -10.26411   11.81468    -0.87   0.385    -33.42045    12.89224
              22  |  -37.40027   12.08162    -3.10   0.002    -61.07981   -13.72073
              23  |  -13.24874   11.74926    -1.13   0.259    -36.27687    9.779388
              24  |   15.21302   11.31064     1.35   0.179    -6.955435    37.38147
                  |
       hour#c.gas |
               2  |  -2.528775   2.009313    -1.26   0.208    -6.466955    1.409405
               3  |  -4.482024   1.699266    -2.64   0.008    -7.812524   -1.151524
               4  |  -5.565926   1.693799    -3.29   0.001     -8.88571   -2.246141
               5  |  -5.404538   1.680977    -3.22   0.001    -8.699193   -2.109883
               6  |  -5.800318   1.640764    -3.54   0.000    -9.016156    -2.58448
               7  |  -5.071624   1.563006    -3.24   0.001     -8.13506   -2.008188
               8  |  -2.008748   1.640932    -1.22   0.221    -5.224916    1.207421
               9  |   .7444244   1.927298     0.39   0.699    -3.033011    4.521859
              10  |   .9353873   1.967719     0.48   0.635    -2.921271    4.792046
              11  |   .9956742   1.887753     0.53   0.598    -2.704253    4.695601
              12  |   .4597006   1.847949     0.25   0.804    -3.162212    4.081614
              13  |  -.0563791   1.787112    -0.03   0.975    -3.559055    3.446296
              14  |  -1.078074   1.783546    -0.60   0.546    -4.573759    2.417611
              15  |  -1.821362   1.943833    -0.94   0.349    -5.631204    1.988481
              16  |  -1.809204   1.986354    -0.91   0.362    -5.702385    2.083978
              17  |   -2.14107   1.978907    -1.08   0.279    -6.019656    1.737517
              18  |  -2.099921   2.050188    -1.02   0.306    -6.118216    1.918373
              19  |   1.403634   2.206136     0.64   0.525    -2.920314    5.727582
              20  |   3.435395   1.953313     1.76   0.079    -.3930275    7.263817
              21  |   1.703508   1.826288     0.93   0.351    -1.875951    5.282966
              22  |  -1.120242   2.112264    -0.53   0.596    -5.260204     3.01972
              23  |  -1.380682   2.397913    -0.58   0.565    -6.080506    3.319141
              24  |   .6086957   2.550514     0.24   0.811    -4.390219     5.60761
                  |
     hour#c.brent |
               2  |  -3.446454   1.937743    -1.78   0.075    -7.244361    .3514525
               3  |  -3.064383   1.754402    -1.75   0.081    -6.502948    .3741816
               4  |  -4.566041   1.721591    -2.65   0.008    -7.940297   -1.191785
               5  |  -6.330837    1.72813    -3.66   0.000     -9.71791   -2.943764
               6  |  -6.223863   1.665335    -3.74   0.000    -9.487861   -2.959866
               7  |   -4.63334   1.636144    -2.83   0.005    -7.840122   -1.426558
               8  |  -4.625818   1.762567    -2.62   0.009    -8.080385   -1.171251
               9  |  -.2789148   2.085566    -0.13   0.894     -4.36655     3.80872
              10  |   2.590801   2.110043     1.23   0.220    -1.544808     6.72641
              11  |    6.41474   1.980781     3.24   0.001      2.53248      10.297
              12  |   7.218389   1.943762     3.71   0.000     3.408685    11.02809
              13  |   7.081942   1.924659     3.68   0.000      3.30968     10.8542
              14  |   6.766519   1.874956     3.61   0.000     3.091673    10.44137
              15  |   5.497391   1.965222     2.80   0.005     1.645627    9.349155
              16  |   4.316813   2.010773     2.15   0.032     .3757702    8.257857
              17  |   4.061278   2.042193     1.99   0.047     .0586527    8.063904
              18  |   5.328967   2.107457     2.53   0.011     1.198428    9.459506
              19  |   5.253872   2.226884     2.36   0.018     .8892597    9.618485
              20  |   4.790875   2.004942     2.39   0.017     .8612606    8.720489
              21  |   5.574232   1.889947     2.95   0.003     1.870005     9.27846
              22  |   7.098182    2.05437     3.46   0.001     3.071691    11.12467
              23  |     5.7861   2.209125     2.62   0.009     1.456294    10.11591
              24  |   2.549314   2.318458     1.10   0.272    -1.994781    7.093409
                  |
             coal |   51.77211   9.681829     5.35   0.000     32.79608    70.74815
              gas |   4.785437   1.453206     3.29   0.001     1.937205    7.633669
            brent |  -3.215095   1.651582    -1.95   0.052    -6.452137    .0219474
         _Ihour_2 |   15.31472   9.596316     1.60   0.111    -3.493718    34.12315
         _Ihour_3 |   15.82116   9.540442     1.66   0.097    -2.877768    34.52008
         _Ihour_4 |   25.66488   9.478401     2.71   0.007     7.087555     44.2422
         _Ihour_5 |   30.13836   9.199979     3.28   0.001     12.10674    48.16999
         _Ihour_6 |   33.64243   9.205204     3.65   0.000     15.60056     51.6843
         _Ihour_7 |   16.90736   8.964692     1.89   0.059    -.6631097    34.47784
         _Ihour_8 |   20.47815   10.00114     2.05   0.041     .8762736    40.08002
         _Ihour_9 |   .1987568   11.46163     0.02   0.986    -22.26563    22.66314
        _Ihour_10 |  -4.250946   11.44942    -0.37   0.710     -26.6914    18.18951
        _Ihour_11 |  -7.818644   10.65466    -0.73   0.463     -28.7014    13.06411
        _Ihour_12 |   .9531134   10.60289     0.09   0.928    -19.82816    21.73439
        _Ihour_13 |   11.21725    10.8606     1.03   0.302    -10.06914    32.50364
        _Ihour_14 |   15.82891   10.41667     1.52   0.129    -4.587382    36.24521
        _Ihour_15 |   4.639336    10.2405     0.45   0.651    -15.43167    24.71034
        _Ihour_16 |   8.402781    10.3716     0.81   0.418    -11.92518    28.73074
        _Ihour_17 |   7.466501   10.64973     0.70   0.483    -13.40658    28.33958
        _Ihour_18 |   10.03506   11.26171     0.89   0.373    -12.03748     32.1076
        _Ihour_19 |   5.337546   11.31425     0.47   0.637    -16.83798    27.51307
        _Ihour_20 |  -1.436114   10.30449    -0.14   0.889    -21.63254    18.76031
        _Ihour_21 |   1.729865   10.51276     0.16   0.869    -18.87476    22.33449
        _Ihour_22 |   18.12873   10.66028     1.70   0.089    -2.765029    39.02249
        _Ihour_23 |  -.2269004   10.29744    -0.02   0.982     -20.4095     19.9557
        _Ihour_24 |  -12.94541   10.04913    -1.29   0.198    -32.64134    6.750523
      _Iyear_2005 |   14.91631   1.101481    13.54   0.000     12.75745    17.07518
      _Iyear_2006 |   30.51439   2.716218    11.23   0.000      25.1907    35.83807
      _Iyear_2007 |          0  (omitted)
        _Iweekd_2 |  -.1263741   .2564759    -0.49   0.622    -.6290577    .3763095
        _Iweekd_3 |   .5570692   .2608094     2.14   0.033     .0458922    1.068246
        _Iweekd_4 |   .7115107    .265255     2.68   0.007     .1916205    1.231401
        _Iweekd_5 |  -1.111179   .2622495    -4.24   0.000    -1.625179   -.5971796
        _Iweekd_6 |  -5.950657   .2657918   -22.39   0.000    -6.471599   -5.429715
        _Iweekd_7 |  -10.98916   .3109177   -35.34   0.000    -11.59855   -10.37977
        _Imonth_2 |  -16.35758   3.528139    -4.64   0.000     -23.2726    -9.44255
        _Imonth_3 |  -11.16906   3.661637    -3.05   0.002    -18.34574   -3.992387
        _Imonth_4 |  -11.48627   2.990266    -3.84   0.000    -17.34708   -5.625451
        _Imonth_5 |  -22.73164   3.211561    -7.08   0.000    -29.02619    -16.4371
        _Imonth_6 |  -56.92783   4.540063   -12.54   0.000    -65.82619   -48.02947
        _Imonth_7 |  -35.74965   4.320516    -8.27   0.000    -44.21771   -27.28159
        _Imonth_8 |  -37.56517    5.18956    -7.24   0.000    -47.73652   -27.39382
        _Imonth_9 |  -49.23236   5.280692    -9.32   0.000    -59.58232   -38.88239
       _Imonth_10 |   -24.4679   3.678721    -6.65   0.000    -31.67806   -17.25774
       _Imonth_11 |   9.881445     3.7738     2.62   0.009     2.484932    17.27796
       _Imonth_12 |  -11.58527   4.019594    -2.88   0.004    -19.46353   -3.707013
 _ImonXyea_2_2005 |  -.5086365   .8396435    -0.61   0.545    -2.154308    1.137035
 _ImonXyea_2_2006 |  -2.352594   1.055193    -2.23   0.026    -4.420734   -.2844546
 _ImonXyea_2_2007 |          0  (omitted)
 _ImonXyea_3_2005 |   4.829604    1.03644     4.66   0.000     2.798218     6.86099
 _ImonXyea_3_2006 |          0  (omitted)
 _ImonXyea_3_2007 |          0  (omitted)
 _ImonXyea_4_2005 |  -1.908442   1.202751    -1.59   0.113     -4.26579    .4489064
 _ImonXyea_4_2006 |          0  (omitted)
 _ImonXyea_4_2007 |          0  (omitted)
 _ImonXyea_5_2005 |  -5.759687   1.301606    -4.43   0.000    -8.310788   -3.208587
 _ImonXyea_5_2006 |          0  (omitted)
 _ImonXyea_5_2007 |          0  (omitted)
 _ImonXyea_6_2005 |   5.409336   1.678415     3.22   0.001     2.119703    8.698968
 _ImonXyea_6_2006 |          0  (omitted)
 _ImonXyea_6_2007 |          0  (omitted)
 _ImonXyea_7_2005 |   7.657034   1.920412     3.99   0.000     3.893096    11.42097
 _ImonXyea_7_2006 |          0  (omitted)
 _ImonXyea_7_2007 |          0  (omitted)
 _ImonXyea_8_2005 |   1.654227   1.571791     1.05   0.293    -1.426426    4.734881
 _ImonXyea_8_2006 |          0  (omitted)
 _ImonXyea_8_2007 |          0  (omitted)
 _ImonXyea_9_2005 |   2.989772   1.774814     1.68   0.092    -.4887987    6.468343
 _ImonXyea_9_2006 |          0  (omitted)
 _ImonXyea_9_2007 |          0  (omitted)
_ImonXyea_10_2005 |  -3.786224   1.664541    -2.27   0.023    -7.048665   -.5237839
_ImonXyea_10_2006 |          0  (omitted)
_ImonXyea_10_2007 |          0  (omitted)
_ImonXyea_11_2005 |   2.435651   1.499171     1.62   0.104    -.5026692    5.373971
_ImonXyea_11_2006 |          0  (omitted)
_ImonXyea_11_2007 |          0  (omitted)
_ImonXyea_12_2005 |   8.495926    1.58759     5.35   0.000     5.384307    11.60755
_ImonXyea_12_2006 |          0  (omitted)
_ImonXyea_12_2007 |          0  (omitted)
    _ImonXhou_2_2 |   .2320445   2.476442     0.09   0.925    -4.621693    5.085782
    _ImonXhou_2_3 |   .6396902   2.466251     0.26   0.795    -4.194072    5.473453
    _ImonXhou_2_4 |    3.22442   2.385943     1.35   0.177    -1.451942    7.900783
    _ImonXhou_2_5 |   3.067064   2.264287     1.35   0.176    -1.370856    7.504985
    _ImonXhou_2_6 |   2.959408   2.205793     1.34   0.180    -1.363866    7.282683
    _ImonXhou_2_7 |    3.55348   2.285227     1.55   0.120    -.9254828    8.032442
    _ImonXhou_2_8 |   1.872183   2.517654     0.74   0.457    -3.062329    6.806694
    _ImonXhou_2_9 |   .1939932   3.000086     0.06   0.948    -5.686067    6.074053
   _ImonXhou_2_10 |   1.146133   2.984041     0.38   0.701     -4.70248    6.994746
   _ImonXhou_2_11 |   1.870907   2.767745     0.68   0.499    -3.553773    7.295587
   _ImonXhou_2_12 |   2.317784   2.691521     0.86   0.389      -2.9575    7.593068
   _ImonXhou_2_13 |   2.303449   2.501072     0.92   0.357    -2.598562     7.20546
   _ImonXhou_2_14 |   1.776645   2.384912     0.74   0.456    -2.897696    6.450986
   _ImonXhou_2_15 |   .1508306   2.390989     0.06   0.950    -4.535421    4.837082
   _ImonXhou_2_16 |  -.0624547   2.448857    -0.03   0.980    -4.862125    4.737216
   _ImonXhou_2_17 |   -1.28753   2.469414    -0.52   0.602    -6.127492    3.552433
   _ImonXhou_2_18 |   -3.00679   2.495043    -1.21   0.228    -7.896984    1.883403
   _ImonXhou_2_19 |  -7.082837   2.441803    -2.90   0.004    -11.86868   -2.296991
   _ImonXhou_2_20 |  -3.072441   2.314587    -1.33   0.184    -7.608947    1.464065
   _ImonXhou_2_21 |  -.3310529   2.361245    -0.14   0.888    -4.959007    4.296902
   _ImonXhou_2_22 |   .6646184    2.46983     0.27   0.788    -4.176159    5.505395
   _ImonXhou_2_23 |  -.7620386   2.439469    -0.31   0.755     -5.54331    4.019233
   _ImonXhou_2_24 |  -2.247048   2.489467    -0.90   0.367    -7.126314    2.632219
    _ImonXhou_3_2 |   1.910596   2.869859     0.67   0.506    -3.714224    7.535415
    _ImonXhou_3_3 |   2.203318   2.702369     0.82   0.415    -3.093228    7.499864
    _ImonXhou_3_4 |   3.488336   2.686671     1.30   0.194    -1.777442    8.754114
    _ImonXhou_3_5 |   4.769127   2.658292     1.79   0.073    -.4410295    9.979284
    _ImonXhou_3_6 |   5.024451   2.621593     1.92   0.055    -.1137763    10.16268
    _ImonXhou_3_7 |   4.823698   2.567984     1.88   0.060    -.2094583    9.856854
    _ImonXhou_3_8 |   2.014865     2.7533     0.73   0.464    -3.381504    7.411234
    _ImonXhou_3_9 |   1.287893   3.177689     0.41   0.685    -4.940263    7.516049
   _ImonXhou_3_10 |   3.717387   3.217964     1.16   0.248    -2.589706    10.02448
   _ImonXhou_3_11 |   3.163292   3.150558     1.00   0.315    -3.011689    9.338272
   _ImonXhou_3_12 |   4.085441   3.148658     1.30   0.194    -2.085814     10.2567
   _ImonXhou_3_13 |   4.619519   3.004164     1.54   0.124    -1.268535    10.50757
   _ImonXhou_3_14 |   5.114763   2.888204     1.77   0.077     -.546014    10.77554
   _ImonXhou_3_15 |   4.387869   2.805278     1.56   0.118    -1.110374    9.886113
   _ImonXhou_3_16 |   4.934644   2.903092     1.70   0.089    -.7553123     10.6246
   _ImonXhou_3_17 |   5.562404   2.904888     1.91   0.056    -.1310719    11.25588
   _ImonXhou_3_18 |   3.009473   2.931643     1.03   0.305     -2.73644    8.755387
   _ImonXhou_3_19 |   -5.11708   2.888297    -1.77   0.076    -10.77804    .5438779
   _ImonXhou_3_20 |   -4.74827   2.933056    -1.62   0.105    -10.49695    1.000415
   _ImonXhou_3_21 |   3.052789   2.959398     1.03   0.302    -2.747524    8.853102
   _ImonXhou_3_22 |   6.512358   2.971317     2.19   0.028     .6886844    12.33603
   _ImonXhou_3_23 |   3.828098   2.977027     1.29   0.198    -2.006769    9.662964
   _ImonXhou_3_24 |  -1.210295   3.141133    -0.39   0.700    -7.366803    4.946213
    _ImonXhou_4_2 |   1.598056    2.34702     0.68   0.496    -3.002018     6.19813
    _ImonXhou_4_3 |   2.480482   2.276024     1.09   0.276    -1.980443    6.941407
    _ImonXhou_4_4 |   5.152921   2.179421     2.36   0.018     .8813342    9.424509
    _ImonXhou_4_5 |   6.474011   2.125806     3.05   0.002     2.307507    10.64051
    _ImonXhou_4_6 |   7.363471   2.136379     3.45   0.001     3.176246     11.5507
    _ImonXhou_4_7 |   6.037342   2.126356     2.84   0.005     1.869761    10.20492
    _ImonXhou_4_8 |   5.651925   2.365866     2.39   0.017     1.014914    10.28894
    _ImonXhou_4_9 |   1.337801    2.67149     0.50   0.617    -3.898223    6.573825
   _ImonXhou_4_10 |   .4039826   2.686893     0.15   0.880    -4.862231    5.670197
   _ImonXhou_4_11 |  -.5277249   2.604896    -0.20   0.839    -5.633228    4.577778
   _ImonXhou_4_12 |  -.4493678   2.511132    -0.18   0.858    -5.371095     4.47236
   _ImonXhou_4_13 |   1.173651   2.363656     0.50   0.620     -3.45903    5.806332
   _ImonXhou_4_14 |   .2877115   2.297072     0.13   0.900    -4.214466    4.789889
   _ImonXhou_4_15 |   1.816745   2.279265     0.80   0.425    -2.650533    6.284023
   _ImonXhou_4_16 |   2.329353   2.318971     1.00   0.315    -2.215746    6.874452
   _ImonXhou_4_17 |    2.87375    2.34061     1.23   0.220     -1.71376    7.461261
   _ImonXhou_4_18 |   1.276766   2.408523     0.53   0.596    -3.443853    5.997385
   _ImonXhou_4_19 |   -7.63873   2.386727    -3.20   0.001    -12.31663    -2.96083
   _ImonXhou_4_20 |  -15.23663   2.288045    -6.66   0.000    -19.72111   -10.75214
   _ImonXhou_4_21 |  -12.04466   2.284255    -5.27   0.000    -16.52172   -7.567603
   _ImonXhou_4_22 |   2.257636   2.528036     0.89   0.372    -2.697223    7.212494
   _ImonXhou_4_23 |  -.4992829   2.512398    -0.20   0.842    -5.423493    4.424927
   _ImonXhou_4_24 |  -7.788545   2.537719    -3.07   0.002    -12.76238   -2.814706
    _ImonXhou_5_2 |   3.435867   2.394018     1.44   0.151    -1.256322    8.128057
    _ImonXhou_5_3 |   5.780453   2.325059     2.49   0.013     1.223422    10.33748
    _ImonXhou_5_4 |   8.396431   2.250211     3.73   0.000     3.986099    12.80676
    _ImonXhou_5_5 |   10.49383   2.192701     4.79   0.000     6.196217    14.79145
    _ImonXhou_5_6 |   11.21701   2.168679     5.17   0.000     6.966479    15.46754
    _ImonXhou_5_7 |   8.605387   2.157956     3.99   0.000     4.375871     12.8349
    _ImonXhou_5_8 |   6.978224     2.3995     2.91   0.004      2.27529    11.68116
    _ImonXhou_5_9 |   5.270464   2.722242     1.94   0.053    -.0650326    10.60596
   _ImonXhou_5_10 |   3.864341   2.752664     1.40   0.160    -1.530782    9.259464
   _ImonXhou_5_11 |   1.248644   2.621389     0.48   0.634    -3.889184    6.386471
   _ImonXhou_5_12 |   2.143207   2.638672     0.81   0.417    -3.028494    7.314909
   _ImonXhou_5_13 |   4.873018   2.472998     1.97   0.049     .0260319    9.720005
   _ImonXhou_5_14 |   4.910904   2.390568     2.05   0.040     .2254765    9.596331
   _ImonXhou_5_15 |   6.096127   2.431245     2.51   0.012     1.330975    10.86128
   _ImonXhou_5_16 |   6.920631    2.43442     2.84   0.004     2.149256    11.69201
   _ImonXhou_5_17 |    7.72904   2.496194     3.10   0.002     2.836589    12.62149
   _ImonXhou_5_18 |   5.293458   2.503979     2.11   0.035     .3857484    10.20117
   _ImonXhou_5_19 |  -2.554448   2.460747    -1.04   0.299    -7.377424    2.268529
   _ImonXhou_5_20 |  -10.14477   2.370798    -4.28   0.000    -14.79145   -5.498095
   _ImonXhou_5_21 |  -10.58131   2.336272    -4.53   0.000    -15.16032   -6.002305
   _ImonXhou_5_22 |  -.6156022   2.440517    -0.25   0.801    -5.398927    4.167723
   _ImonXhou_5_23 |   3.801841   2.574473     1.48   0.140    -1.244033    8.847715
   _ImonXhou_5_24 |  -5.906803   2.575346    -2.29   0.022    -10.95439   -.8592178
    _ImonXhou_6_2 |   4.007858    2.70208     1.48   0.138    -1.288122    9.303838
    _ImonXhou_6_3 |    6.18369   2.621555     2.36   0.018     1.045537    11.32184
    _ImonXhou_6_4 |   9.709795   2.565594     3.78   0.000     4.681324    14.73827
    _ImonXhou_6_5 |   11.89627   2.523374     4.71   0.000     6.950548    16.84199
    _ImonXhou_6_6 |    13.5145   2.497461     5.41   0.000     8.619571    18.40944
    _ImonXhou_6_7 |   10.20344   2.453024     4.16   0.000     5.395599    15.01128
    _ImonXhou_6_8 |   6.898293   2.630473     2.62   0.009     1.742661    12.05393
    _ImonXhou_6_9 |   7.644137   3.138955     2.44   0.015     1.491899    13.79637
   _ImonXhou_6_10 |   12.61946   3.133683     4.03   0.000     6.477555    18.76137
   _ImonXhou_6_11 |   12.72205   3.072702     4.14   0.000     6.699662    18.74443
   _ImonXhou_6_12 |   14.50865    3.06334     4.74   0.000     8.504609    20.51268
   _ImonXhou_6_13 |   20.07172   3.016868     6.65   0.000     14.15876    25.98467
   _ImonXhou_6_14 |    21.4028   2.890641     7.40   0.000     15.73724    27.06835
   _ImonXhou_6_15 |   20.52904   2.883081     7.12   0.000     14.87831    26.17978
   _ImonXhou_6_16 |    20.6751   2.951718     7.00   0.000     14.88984    26.46036
   _ImonXhou_6_17 |   21.61917   3.077312     7.03   0.000     15.58775    27.65059
   _ImonXhou_6_18 |   21.53154   3.204134     6.72   0.000     15.25155    27.81153
   _ImonXhou_6_19 |   11.07269   3.092819     3.58   0.000     5.010877     17.1345
   _ImonXhou_6_20 |   1.392674   2.852001     0.49   0.625    -4.197145    6.982493
   _ImonXhou_6_21 |  -2.655724   2.724291    -0.97   0.330    -7.995237     2.68379
   _ImonXhou_6_22 |   2.110668   2.823885     0.75   0.455    -3.424044    7.645381
   _ImonXhou_6_23 |   10.10582   2.840643     3.56   0.000     4.538266    15.67338
   _ImonXhou_6_24 |  -1.912693   2.974978    -0.64   0.520    -7.743543    3.918158
    _ImonXhou_7_2 |   4.782425   3.119459     1.53   0.125    -1.331603    10.89645
    _ImonXhou_7_3 |   6.238962   2.975366     2.10   0.036     .4073527    12.07057
    _ImonXhou_7_4 |   10.99517   2.911067     3.78   0.000     5.289581    16.70075
    _ImonXhou_7_5 |   13.48495   2.893091     4.66   0.000     7.814597    19.15531
    _ImonXhou_7_6 |   15.09918   2.856065     5.29   0.000     9.501391    20.69696
    _ImonXhou_7_7 |   10.57234   2.847948     3.71   0.000     4.990469    16.15422
    _ImonXhou_7_8 |   6.950252    3.01976     2.30   0.021      1.03163    12.86887
    _ImonXhou_7_9 |   2.530718   3.453013     0.73   0.464    -4.237064      9.2985
   _ImonXhou_7_10 |   5.524155   3.506734     1.58   0.115    -1.348916    12.39723
   _ImonXhou_7_11 |   7.175351   3.386754     2.12   0.034     .5374339    13.81327
   _ImonXhou_7_12 |   10.23812   3.370827     3.04   0.002     3.631421    16.84482
   _ImonXhou_7_13 |   17.12441   3.297211     5.19   0.000       10.662    23.58683
   _ImonXhou_7_14 |   19.83654   3.282164     6.04   0.000     13.40362    26.26947
   _ImonXhou_7_15 |   19.19205   3.184287     6.03   0.000     12.95096    25.43314
   _ImonXhou_7_16 |   20.22922   3.213801     6.29   0.000     13.93028    26.52815
   _ImonXhou_7_17 |   19.61548   3.449728     5.69   0.000     12.85414    26.37682
   _ImonXhou_7_18 |   19.00627   3.513177     5.41   0.000     12.12057    25.89197
   _ImonXhou_7_19 |   8.569709   3.458623     2.48   0.013     1.790933    15.34848
   _ImonXhou_7_20 |  -3.213295   3.116324    -1.03   0.302    -9.321177    2.894587
   _ImonXhou_7_21 |  -6.739911   3.010789    -2.24   0.025    -12.64095    -.838872
   _ImonXhou_7_22 |    -2.1152   3.214499    -0.66   0.511    -8.415503    4.185103
   _ImonXhou_7_23 |   8.647865   3.312881     2.61   0.009     2.154738    15.14099
   _ImonXhou_7_24 |  -4.685972   3.418108    -1.37   0.170    -11.38534    2.013396
    _ImonXhou_8_2 |   8.606442   3.429112     2.51   0.012     1.885506    15.32738
    _ImonXhou_8_3 |   10.72738   3.302264     3.25   0.001     4.255059     17.1997
    _ImonXhou_8_4 |   16.09626    3.35275     4.80   0.000     9.524993    22.66753
    _ImonXhou_8_5 |   18.51243   3.300497     5.61   0.000     12.04357    24.98128
    _ImonXhou_8_6 |   19.81242    3.24425     6.11   0.000      13.4538    26.17103
    _ImonXhou_8_7 |   14.03943   3.093807     4.54   0.000     7.975683    20.10319
    _ImonXhou_8_8 |   9.521095   3.391879     2.81   0.005     2.873135    16.16906
    _ImonXhou_8_9 |  -.0721244   3.893428    -0.02   0.985    -7.703103    7.558854
   _ImonXhou_8_10 |   2.225738   3.938334     0.57   0.572    -5.493254     9.94473
   _ImonXhou_8_11 |    3.05208   3.826929     0.80   0.425    -4.448563    10.55272
   _ImonXhou_8_12 |   5.297674   3.793871     1.40   0.163    -2.138177    12.73353
   _ImonXhou_8_13 |   11.39186   3.841171     2.97   0.003     3.863308    18.92042
   _ImonXhou_8_14 |   16.92026   3.753684     4.51   0.000     9.563175    24.27734
   _ImonXhou_8_15 |   12.93678   3.558993     3.63   0.000     5.961279    19.91227
   _ImonXhou_8_16 |   11.98674   3.622608     3.31   0.001     4.886558    19.08692
   _ImonXhou_8_17 |   12.64683   3.712682     3.41   0.001     5.370108    19.92355
   _ImonXhou_8_18 |   12.62843   3.981294     3.17   0.002      4.82524    20.43163
   _ImonXhou_8_19 |   1.875591   3.921308     0.48   0.632    -5.810031    9.561212
   _ImonXhou_8_20 |  -8.871644   3.523208    -2.52   0.012      -15.777   -1.966284
   _ImonXhou_8_21 |  -10.27359   3.422661    -3.00   0.003    -16.98188   -3.565301
   _ImonXhou_8_22 |   3.473953   3.785682     0.92   0.359    -3.945846    10.89375
   _ImonXhou_8_23 |   5.705175   3.770644     1.51   0.130    -1.685151     13.0955
   _ImonXhou_8_24 |  -7.274257   3.877403    -1.88   0.061    -14.87383    .3253124
    _ImonXhou_9_2 |   7.184482   3.465257     2.07   0.038     .3927039    13.97626
    _ImonXhou_9_3 |   8.177623   3.310982     2.47   0.014     1.688218    14.66703
    _ImonXhou_9_4 |    13.9407   3.288906     4.24   0.000     7.494567    20.38684
    _ImonXhou_9_5 |   16.11498   3.215017     5.01   0.000     9.813659    22.41629
    _ImonXhou_9_6 |   18.33347   3.243951     5.65   0.000     11.97545     24.6915
    _ImonXhou_9_7 |   13.33002   3.093714     4.31   0.000     7.266451    19.39359
    _ImonXhou_9_8 |    15.4887   3.399056     4.56   0.000     8.826668    22.15072
    _ImonXhou_9_9 |   7.696257   3.891136     1.98   0.048     .0697705    15.32274
   _ImonXhou_9_10 |   8.796137   3.861028     2.28   0.023     1.228661    16.36361
   _ImonXhou_9_11 |   8.053871   3.745553     2.15   0.032     .7127222    15.39502
   _ImonXhou_9_12 |   11.41379   3.838464     2.97   0.003     3.890537    18.93704
   _ImonXhou_9_13 |   18.62737   3.790927     4.91   0.000     11.19729    26.05745
   _ImonXhou_9_14 |   17.48812   3.672825     4.76   0.000     10.28951    24.68672
   _ImonXhou_9_15 |   14.51724   3.528044     4.11   0.000     7.602396    21.43207
   _ImonXhou_9_16 |   16.87306   3.643104     4.63   0.000     9.732709    24.01342
   _ImonXhou_9_17 |   17.42598   3.758461     4.64   0.000     10.05954    24.79243
   _ImonXhou_9_18 |   17.21462   3.839205     4.48   0.000     9.689912    24.73932
   _ImonXhou_9_19 |   7.922477   3.937689     2.01   0.044     .2047472    15.64021
   _ImonXhou_9_20 |  -3.004306   3.474722    -0.86   0.387    -9.814637    3.806025
   _ImonXhou_9_21 |   3.411618   3.446319     0.99   0.322    -3.343042    10.16628
   _ImonXhou_9_22 |   19.70568   3.844756     5.13   0.000      12.1701    27.24126
   _ImonXhou_9_23 |   7.715387   3.989422     1.93   0.053    -.1037365    15.53451
   _ImonXhou_9_24 |  -7.943664   3.869738    -2.05   0.040    -15.52821   -.3591171
   _ImonXhou_10_2 |   8.225581   3.361924     2.45   0.014     1.636331    14.81483
   _ImonXhou_10_3 |   8.896805   3.153279     2.82   0.005     2.716492    15.07712
   _ImonXhou_10_4 |   14.25768   3.221642     4.43   0.000     7.943375    20.57198
   _ImonXhou_10_5 |   17.39918   3.203362     5.43   0.000     11.12071    23.67765
   _ImonXhou_10_6 |   18.85505   3.195456     5.90   0.000     12.59208    25.11803
   _ImonXhou_10_7 |   14.80908   3.013883     4.91   0.000     8.901982    20.71619
   _ImonXhou_10_8 |    18.8744   3.428791     5.50   0.000     12.15409     25.5947
   _ImonXhou_10_9 |   12.55927   3.940014     3.19   0.001     4.836982    20.28155
  _ImonXhou_10_10 |    8.55835   3.831078     2.23   0.025     1.049575    16.06713
  _ImonXhou_10_11 |   3.800164   3.623779     1.05   0.294    -3.302312    10.90264
  _ImonXhou_10_12 |   4.992548   3.559587     1.40   0.161    -1.984114    11.96921
  _ImonXhou_10_13 |    8.23433   3.427368     2.40   0.016     1.516813    14.95185
  _ImonXhou_10_14 |   9.573708   3.273865     2.92   0.003     3.157051    15.99037
  _ImonXhou_10_15 |   8.724816   3.401832     2.56   0.010     2.057347    15.39228
  _ImonXhou_10_16 |   8.889581   3.460987     2.57   0.010     2.106171    15.67299
  _ImonXhou_10_17 |   10.04325   3.498841     2.87   0.004      3.18565    16.90085
  _ImonXhou_10_18 |   8.420033   3.533276     2.38   0.017      1.49494    15.34513
  _ImonXhou_10_19 |  -.7945497   3.593425    -0.22   0.825    -7.837534    6.248435
  _ImonXhou_10_20 |  -.6738763   3.387586    -0.20   0.842    -7.313422     5.96567
  _ImonXhou_10_21 |   12.51364   3.702805     3.38   0.001     5.256276    19.77101
  _ImonXhou_10_22 |   9.302522   3.423699     2.72   0.007     2.592196    16.01285
  _ImonXhou_10_23 |   4.148479   3.701434     1.12   0.262    -3.106199    11.40316
  _ImonXhou_10_24 |  -7.069414   3.780274    -1.87   0.061    -14.47861    .3397877
   _ImonXhou_11_2 |   1.953298   2.739619     0.71   0.476    -3.416257    7.322853
   _ImonXhou_11_3 |   2.570771   2.626972     0.98   0.328       -2.578    7.719542
   _ImonXhou_11_4 |   4.995156   2.537934     1.97   0.049     .0208962    9.969416
   _ImonXhou_11_5 |   7.463296    2.49607     2.99   0.003      2.57109     12.3555
   _ImonXhou_11_6 |   8.779841   2.518402     3.49   0.000     3.843864    13.71582
   _ImonXhou_11_7 |   6.557971   2.451188     2.68   0.007     1.753732    11.36221
   _ImonXhou_11_8 |      7.099   2.752456     2.58   0.010     1.704285    12.49372
   _ImonXhou_11_9 |   3.195139   3.143488     1.02   0.309    -2.965985    9.356263
  _ImonXhou_11_10 |   3.545166    3.16609     1.12   0.263    -2.660256    9.750587
  _ImonXhou_11_11 |   1.731529   3.063419     0.57   0.572    -4.272661    7.735719
  _ImonXhou_11_12 |   2.203139   3.033785     0.73   0.468     -3.74297    8.149248
  _ImonXhou_11_13 |   2.783565    2.81637     0.99   0.323    -2.736418    8.303548
  _ImonXhou_11_14 |   2.993128   2.654867     1.13   0.260    -2.210316    8.196572
  _ImonXhou_11_15 |   2.074017   2.660722     0.78   0.436    -3.140902    7.288936
  _ImonXhou_11_16 |    3.23648   2.751853     1.18   0.240    -2.157052    8.630013
  _ImonXhou_11_17 |   3.596231   2.786108     1.29   0.197     -1.86444    9.056903
  _ImonXhou_11_18 |   3.720186   2.765617     1.35   0.179    -1.700323    9.140696
  _ImonXhou_11_19 |    8.92877    3.08225     2.90   0.004     2.887671    14.96987
  _ImonXhou_11_20 |   4.759903    2.82698     1.68   0.092    -.7808756    10.30068
  _ImonXhou_11_21 |   .5886729   2.793954     0.21   0.833    -4.887377    6.064722
  _ImonXhou_11_22 |   .5916403   2.763217     0.21   0.830    -4.824165    6.007446
  _ImonXhou_11_23 |  -.5036582    2.81515    -0.18   0.858    -6.021251    5.013935
  _ImonXhou_11_24 |  -3.085357   2.898971    -1.06   0.287    -8.767236    2.596522
   _ImonXhou_12_2 |   -3.79576      2.638    -1.44   0.150    -8.966145    1.374624
   _ImonXhou_12_3 |   -6.29972   2.444049    -2.58   0.010    -11.08997   -1.509471
   _ImonXhou_12_4 |   -4.45649   2.311515    -1.93   0.054    -8.986975    .0739958
   _ImonXhou_12_5 |  -4.040499   2.208266    -1.83   0.067    -8.368621    .2876235
   _ImonXhou_12_6 |  -4.205555   2.193403    -1.92   0.055    -8.504547    .0934366
   _ImonXhou_12_7 |  -5.207601   2.365403    -2.20   0.028    -9.843707   -.5714953
   _ImonXhou_12_8 |  -4.893191   2.802454    -1.75   0.081     -10.3859    .5995179
   _ImonXhou_12_9 |  -7.566726   3.296244    -2.30   0.022    -14.02724   -1.106207
  _ImonXhou_12_10 |  -6.459456   3.228373    -2.00   0.045    -12.78695   -.1319613
  _ImonXhou_12_11 |  -5.291477   2.918445    -1.81   0.070    -11.01152    .4285697
  _ImonXhou_12_12 |  -4.443892   2.775723    -1.60   0.109    -9.884209    .9964258
  _ImonXhou_12_13 |  -4.324805   2.514311    -1.72   0.085    -9.252765    .6031543
  _ImonXhou_12_14 |    -4.6296   2.485403    -1.86   0.063      -9.5009    .2416996
  _ImonXhou_12_15 |   -4.30567   2.392674    -1.80   0.072    -8.995224     .383884
  _ImonXhou_12_16 |  -3.981127   2.463585    -1.62   0.106    -8.809665    .8474122
  _ImonXhou_12_17 |   -4.03199   2.559418    -1.58   0.115    -9.048357    .9843774
  _ImonXhou_12_18 |  -1.545653   2.608619    -0.59   0.554    -6.658451    3.567146
  _ImonXhou_12_19 |   1.553164   2.540529     0.61   0.541    -3.426181     6.53251
  _ImonXhou_12_20 |  -4.819454   2.472522    -1.95   0.051    -9.665508       .0266
  _ImonXhou_12_21 |  -6.499703   2.466014    -2.64   0.008      -11.333   -1.666404
  _ImonXhou_12_22 |  -4.945071   2.555135    -1.94   0.053    -9.953045    .0629022
  _ImonXhou_12_23 |  -5.398573   2.585305    -2.09   0.037    -10.46568   -.3314689
  _ImonXhou_12_24 |  -5.371675   2.579689    -2.08   0.037    -10.42777   -.3155767
     _ImonXtemp_2 |  -2.619173   .2498535   -10.48   0.000    -3.108877   -2.129469
     _ImonXtemp_3 |  -3.411558   .2500982   -13.64   0.000    -3.901742   -2.921375
     _ImonXtemp_4 |   -.474108   .1936038    -2.45   0.014    -.8535645   -.0946516
     _ImonXtemp_5 |  -1.840723   .2176977    -8.46   0.000    -2.267403   -1.414044
     _ImonXtemp_6 |   2.700334   .3504416     7.71   0.000     2.013481    3.387187
     _ImonXtemp_7 |   1.972465   .2618272     7.53   0.000     1.459293    2.485637
     _ImonXtemp_8 |   .7291678   .2100072     3.47   0.001     .3175613    1.140774
     _ImonXtemp_9 |   .5320366   .2025425     2.63   0.009     .1350605    .9290127
    _ImonXtemp_10 |  -.2730471   .2048338    -1.33   0.183    -.6745139    .1284197
    _ImonXtemp_11 |  -1.541408   .1630906    -9.45   0.000    -1.861059   -1.221756
    _ImonXtemp_12 |  -.6906982   .2287176    -3.02   0.003    -1.138977   -.2424199
     _ImonXtempa2 |   1.859862   .2086065     8.92   0.000        1.451    2.268723
     _ImonXtempa3 |    2.24638   .2222837    10.11   0.000     1.810712    2.682048
     _ImonXtempa4 |   .8914486   .1729177     5.16   0.000     .5525362    1.230361
     _ImonXtempa5 |   2.080471   .2031003    10.24   0.000     1.682402     2.47854
     _ImonXtempa6 |  -.0270252   .2387317    -0.11   0.910    -.4949308    .4408804
     _ImonXtempa7 |  -.1298447    .215868    -0.60   0.548    -.5529383    .2932489
     _ImonXtempa8 |   .6819332   .1717231     3.97   0.000     .3453622    1.018504
     _ImonXtempa9 |   1.301017   .1926881     6.75   0.000     .9233553    1.678679
    _ImonXtempa10 |   1.118847   .1646753     6.79   0.000     .7960898    1.441605
    _ImonXtempa11 |   .2572824   .1780255     1.45   0.148    -.0916412    .6062059
    _ImonXtempa12 |   1.625427   .2455578     6.62   0.000     1.144143    2.106712
            _cons |   11.88369   8.452435     1.41   0.160    -4.682781    28.45016
-----------------------------------------------------------------------------------
Instrumented:  ecost_int
Instruments:   windx windx2 temp tempx humid 2.hour#c.coal 3.hour#c.coal
               4.hour#c.coal 5.hour#c.coal 6.hour#c.coal 7.hour#c.coal
               8.hour#c.coal 9.hour#c.coal 10.hour#c.coal 11.hour#c.coal
               12.hour#c.coal 13.hour#c.coal 14.hour#c.coal 15.hour#c.coal
               16.hour#c.coal 17.hour#c.coal 18.hour#c.coal 19.hour#c.coal
               20.hour#c.coal 21.hour#c.coal 22.hour#c.coal 23.hour#c.coal
               24.hour#c.coal 2.hour#c.gas 3.hour#c.gas 4.hour#c.gas 5.hour#c.gas
               6.hour#c.gas 7.hour#c.gas 8.hour#c.gas 9.hour#c.gas 10.hour#c.gas
               11.hour#c.gas 12.hour#c.gas 13.hour#c.gas 14.hour#c.gas
               15.hour#c.gas 16.hour#c.gas 17.hour#c.gas 18.hour#c.gas
               19.hour#c.gas 20.hour#c.gas 21.hour#c.gas 22.hour#c.gas
               23.hour#c.gas 24.hour#c.gas 2.hour#c.brent 3.hour#c.brent
               4.hour#c.brent 5.hour#c.brent 6.hour#c.brent 7.hour#c.brent
               8.hour#c.brent 9.hour#c.brent 10.hour#c.brent 11.hour#c.brent
               12.hour#c.brent 13.hour#c.brent 14.hour#c.brent 15.hour#c.brent
               16.hour#c.brent 17.hour#c.brent 18.hour#c.brent 19.hour#c.brent
               20.hour#c.brent 21.hour#c.brent 22.hour#c.brent 23.hour#c.brent
               24.hour#c.brent coal gas brent _Ihour_2 _Ihour_3 _Ihour_4 _Ihour_5
               _Ihour_6 _Ihour_7 _Ihour_8 _Ihour_9 _Ihour_10 _Ihour_11 _Ihour_12
               _Ihour_13 _Ihour_14 _Ihour_15 _Ihour_16 _Ihour_17 _Ihour_18
               _Ihour_19 _Ihour_20 _Ihour_21 _Ihour_22 _Ihour_23 _Ihour_24
               _Iyear_2005 _Iyear_2006 _Iweekd_2 _Iweekd_3 _Iweekd_4 _Iweekd_5
               _Iweekd_6 _Iweekd_7 _Imonth_2 _Imonth_3 _Imonth_4 _Imonth_5
               _Imonth_6 _Imonth_7 _Imonth_8 _Imonth_9 _Imonth_10 _Imonth_11
               _Imonth_12 _ImonXyea_2_2005 _ImonXyea_2_2006 _ImonXyea_3_2005
               _ImonXyea_4_2005 _ImonXyea_5_2005 _ImonXyea_6_2005
               _ImonXyea_7_2005 _ImonXyea_8_2005 _ImonXyea_9_2005
               _ImonXyea_10_2005 _ImonXyea_11_2005 _ImonXyea_12_2005
               _ImonXhou_2_2 _ImonXhou_2_3 _ImonXhou_2_4 _ImonXhou_2_5
               _ImonXhou_2_6 _ImonXhou_2_7 _ImonXhou_2_8 _ImonXhou_2_9
               _ImonXhou_2_10 _ImonXhou_2_11 _ImonXhou_2_12 _ImonXhou_2_13
               _ImonXhou_2_14 _ImonXhou_2_15 _ImonXhou_2_16 _ImonXhou_2_17
               _ImonXhou_2_18 _ImonXhou_2_19 _ImonXhou_2_20 _ImonXhou_2_21
               _ImonXhou_2_22 _ImonXhou_2_23 _ImonXhou_2_24 _ImonXhou_3_2
               _ImonXhou_3_3 _ImonXhou_3_4 _ImonXhou_3_5 _ImonXhou_3_6
               _ImonXhou_3_7 _ImonXhou_3_8 _ImonXhou_3_9 _ImonXhou_3_10
               _ImonXhou_3_11 _ImonXhou_3_12 _ImonXhou_3_13 _ImonXhou_3_14
               _ImonXhou_3_15 _ImonXhou_3_16 _ImonXhou_3_17 _ImonXhou_3_18
               _ImonXhou_3_19 _ImonXhou_3_20 _ImonXhou_3_21 _ImonXhou_3_22
               _ImonXhou_3_23 _ImonXhou_3_24 _ImonXhou_4_2 _ImonXhou_4_3
               _ImonXhou_4_4 _ImonXhou_4_5 _ImonXhou_4_6 _ImonXhou_4_7
               _ImonXhou_4_8 _ImonXhou_4_9 _ImonXhou_4_10 _ImonXhou_4_11
               _ImonXhou_4_12 _ImonXhou_4_13 _ImonXhou_4_14 _ImonXhou_4_15
               _ImonXhou_4_16 _ImonXhou_4_17 _ImonXhou_4_18 _ImonXhou_4_19
               _ImonXhou_4_20 _ImonXhou_4_21 _ImonXhou_4_22 _ImonXhou_4_23
               _ImonXhou_4_24 _ImonXhou_5_2 _ImonXhou_5_3 _ImonXhou_5_4
               _ImonXhou_5_5 _ImonXhou_5_6 _ImonXhou_5_7 _ImonXhou_5_8
               _ImonXhou_5_9 _ImonXhou_5_10 _ImonXhou_5_11 _ImonXhou_5_12
               _ImonXhou_5_13 _ImonXhou_5_14 _ImonXhou_5_15 _ImonXhou_5_16
               _ImonXhou_5_17 _ImonXhou_5_18 _ImonXhou_5_19 _ImonXhou_5_20
               _ImonXhou_5_21 _ImonXhou_5_22 _ImonXhou_5_23 _ImonXhou_5_24
               _ImonXhou_6_2 _ImonXhou_6_3 _ImonXhou_6_4 _ImonXhou_6_5
               _ImonXhou_6_6 _ImonXhou_6_7 _ImonXhou_6_8 _ImonXhou_6_9
               _ImonXhou_6_10 _ImonXhou_6_11 _ImonXhou_6_12 _ImonXhou_6_13
               _ImonXhou_6_14 _ImonXhou_6_15 _ImonXhou_6_16 _ImonXhou_6_17
               _ImonXhou_6_18 _ImonXhou_6_19 _ImonXhou_6_20 _ImonXhou_6_21
               _ImonXhou_6_22 _ImonXhou_6_23 _ImonXhou_6_24 _ImonXhou_7_2
               _ImonXhou_7_3 _ImonXhou_7_4 _ImonXhou_7_5 _ImonXhou_7_6
               _ImonXhou_7_7 _ImonXhou_7_8 _ImonXhou_7_9 _ImonXhou_7_10
               _ImonXhou_7_11 _ImonXhou_7_12 _ImonXhou_7_13 _ImonXhou_7_14
               _ImonXhou_7_15 _ImonXhou_7_16 _ImonXhou_7_17 _ImonXhou_7_18
               _ImonXhou_7_19 _ImonXhou_7_20 _ImonXhou_7_21 _ImonXhou_7_22
               _ImonXhou_7_23 _ImonXhou_7_24 _ImonXhou_8_2 _ImonXhou_8_3
               _ImonXhou_8_4 _ImonXhou_8_5 _ImonXhou_8_6 _ImonXhou_8_7
               _ImonXhou_8_8 _ImonXhou_8_9 _ImonXhou_8_10 _ImonXhou_8_11
               _ImonXhou_8_12 _ImonXhou_8_13 _ImonXhou_8_14 _ImonXhou_8_15
               _ImonXhou_8_16 _ImonXhou_8_17 _ImonXhou_8_18 _ImonXhou_8_19
               _ImonXhou_8_20 _ImonXhou_8_21 _ImonXhou_8_22 _ImonXhou_8_23
               _ImonXhou_8_24 _ImonXhou_9_2 _ImonXhou_9_3 _ImonXhou_9_4
               _ImonXhou_9_5 _ImonXhou_9_6 _ImonXhou_9_7 _ImonXhou_9_8
               _ImonXhou_9_9 _ImonXhou_9_10 _ImonXhou_9_11 _ImonXhou_9_12
               _ImonXhou_9_13 _ImonXhou_9_14 _ImonXhou_9_15 _ImonXhou_9_16
               _ImonXhou_9_17 _ImonXhou_9_18 _ImonXhou_9_19 _ImonXhou_9_20
               _ImonXhou_9_21 _ImonXhou_9_22 _ImonXhou_9_23 _ImonXhou_9_24
               _ImonXhou_10_2 _ImonXhou_10_3 _ImonXhou_10_4 _ImonXhou_10_5
               _ImonXhou_10_6 _ImonXhou_10_7 _ImonXhou_10_8 _ImonXhou_10_9
               _ImonXhou_10_10 _ImonXhou_10_11 _ImonXhou_10_12 _ImonXhou_10_13
               _ImonXhou_10_14 _ImonXhou_10_15 _ImonXhou_10_16 _ImonXhou_10_17
               _ImonXhou_10_18 _ImonXhou_10_19 _ImonXhou_10_20 _ImonXhou_10_21
               _ImonXhou_10_22 _ImonXhou_10_23 _ImonXhou_10_24 _ImonXhou_11_2
               _ImonXhou_11_3 _ImonXhou_11_4 _ImonXhou_11_5 _ImonXhou_11_6
               _ImonXhou_11_7 _ImonXhou_11_8 _ImonXhou_11_9 _ImonXhou_11_10
               _ImonXhou_11_11 _ImonXhou_11_12 _ImonXhou_11_13 _ImonXhou_11_14
               _ImonXhou_11_15 _ImonXhou_11_16 _ImonXhou_11_17 _ImonXhou_11_18
               _ImonXhou_11_19 _ImonXhou_11_20 _ImonXhou_11_21 _ImonXhou_11_22
               _ImonXhou_11_23 _ImonXhou_11_24 _ImonXhou_12_2 _ImonXhou_12_3
               _ImonXhou_12_4 _ImonXhou_12_5 _ImonXhou_12_6 _ImonXhou_12_7
               _ImonXhou_12_8 _ImonXhou_12_9 _ImonXhou_12_10 _ImonXhou_12_11
               _ImonXhou_12_12 _ImonXhou_12_13 _ImonXhou_12_14 _ImonXhou_12_15
               _ImonXhou_12_16 _ImonXhou_12_17 _ImonXhou_12_18 _ImonXhou_12_19
               _ImonXhou_12_20 _ImonXhou_12_21 _ImonXhou_12_22 _ImonXhou_12_23
               _ImonXhou_12_24 _ImonXtemp_2 _ImonXtemp_3 _ImonXtemp_4
               _ImonXtemp_5 _ImonXtemp_6 _ImonXtemp_7 _ImonXtemp_8 _ImonXtemp_9
               _ImonXtemp_10 _ImonXtemp_11 _ImonXtemp_12 _ImonXtempa2
               _ImonXtempa3 _ImonXtempa4 _ImonXtempa5 _ImonXtempa6 _ImonXtempa7
               _ImonXtempa8 _ImonXtempa9 _ImonXtempa10 _ImonXtempa11
               _ImonXtempa12 eprice

. estimates store spec_int5

. 
. global maincost = "ecost"

. *(2) - MONTH-HOUR FE
. ivregress 2sls mg_price ($maincost = $instruments) $supplycontrols $demandcontrols $controls $basefe _I
> monXyea*, robust
note: _Iyear_2007 omitted because of collinearity
note: _ImonXyea_2_2007 omitted because of collinearity
note: _ImonXyea_3_2006 omitted because of collinearity
note: _ImonXyea_3_2007 omitted because of collinearity
note: _ImonXyea_4_2006 omitted because of collinearity
note: _ImonXyea_4_2007 omitted because of collinearity
note: _ImonXyea_5_2006 omitted because of collinearity
note: _ImonXyea_5_2007 omitted because of collinearity
note: _ImonXyea_6_2006 omitted because of collinearity
note: _ImonXyea_6_2007 omitted because of collinearity
note: _ImonXyea_7_2006 omitted because of collinearity
note: _ImonXyea_7_2007 omitted because of collinearity
note: _ImonXyea_8_2006 omitted because of collinearity
note: _ImonXyea_8_2007 omitted because of collinearity
note: _ImonXyea_9_2006 omitted because of collinearity
note: _ImonXyea_9_2007 omitted because of collinearity
note: _ImonXyea_10_2006 omitted because of collinearity
note: _ImonXyea_10_2007 omitted because of collinearity
note: _ImonXyea_11_2006 omitted because of collinearity
note: _ImonXyea_11_2007 omitted because of collinearity
note: _ImonXyea_12_2006 omitted because of collinearity
note: _ImonXyea_12_2007 omitted because of collinearity

Instrumental variables (2SLS) regression               Number of obs =   14928
                                                       Wald chi2(63) =24539.45
                                                       Prob > chi2   =  0.0000
                                                       R-squared     =  0.6587
                                                       Root MSE      =  9.2354

-----------------------------------------------------------------------------------
                  |               Robust
         mg_price |      Coef.   Std. Err.      z    P>|z|     [95% Conf. Interval]
------------------+----------------------------------------------------------------
            ecost |   .8610326   .1776084     4.85   0.000     .5129265    1.209139
            windx |  -1.777726    .352859    -5.04   0.000    -2.469317   -1.086135
           windx2 |   .0432977   .0248854     1.74   0.082    -.0054769    .0920722
             temp |  -.1242587   .0576831    -2.15   0.031    -.2373155    -.011202
            tempx |   .1191252   .0481302     2.48   0.013     .0247918    .2134586
            humid |   .0287721   .0121263     2.37   0.018      .005005    .0525392
             coal |   58.68164   3.954264    14.84   0.000     50.93143    66.43186
              gas |   4.644981   .3899284    11.91   0.000     3.880735    5.409227
            brent |  -2.472003   .8723038    -2.83   0.005    -4.181687   -.7623194
         _Ihour_2 |   -5.01039   .4858443   -10.31   0.000    -5.962628   -4.058153
         _Ihour_3 |   -7.94113   .4826375   -16.45   0.000    -8.887082   -6.995178
         _Ihour_4 |  -9.233098   .4853512   -19.02   0.000    -10.18437   -8.281827
         _Ihour_5 |  -10.95194   .5121473   -21.38   0.000    -11.95573   -9.948154
         _Ihour_6 |   -10.6168   .4850251   -21.89   0.000    -11.56743   -9.666168
         _Ihour_7 |  -8.167446   .4878777   -16.74   0.000    -9.123669   -7.211224
         _Ihour_8 |  -3.035554   .4982799    -6.09   0.000    -4.012164   -2.058943
         _Ihour_9 |  -1.115413   .5311086    -2.10   0.036    -2.156366   -.0744588
        _Ihour_10 |   2.565987    .533062     4.81   0.000     1.521205    3.610769
        _Ihour_11 |   5.355382   .5635963     9.50   0.000     4.250754    6.460011
        _Ihour_12 |   6.652142    .586948    11.33   0.000     5.501745    7.802539
        _Ihour_13 |   7.534023   .5951968    12.66   0.000     6.367459    8.700587
        _Ihour_14 |   5.984419   .5713936    10.47   0.000     4.864508     7.10433
        _Ihour_15 |   3.542519   .5493859     6.45   0.000     2.465743    4.619296
        _Ihour_16 |   2.799653   .5291714     5.29   0.000     1.762496     3.83681
        _Ihour_17 |   2.222268    .541152     4.11   0.000     1.161629    3.282906
        _Ihour_18 |   3.843927   .5841606     6.58   0.000     2.698993     4.98886
        _Ihour_19 |   5.743953   .5878943     9.77   0.000     4.591701    6.896204
        _Ihour_20 |   7.311241    .593963    12.31   0.000     6.147095    8.475387
        _Ihour_21 |   6.792899   .5849962    11.61   0.000     5.646328    7.939471
        _Ihour_22 |   8.929964   .6014294    14.85   0.000     7.751184    10.10874
        _Ihour_23 |    5.79082     .54346    10.66   0.000     4.725658    6.855982
        _Ihour_24 |   1.752976   .5276593     3.32   0.001     .7187829    2.787169
      _Iyear_2005 |   10.95406   1.199363     9.13   0.000     8.603351    13.30477
      _Iyear_2006 |   24.36326   3.288098     7.41   0.000     17.91871    30.80781
      _Iyear_2007 |          0  (omitted)
        _Iweekd_2 |   .6303926   .2940217     2.14   0.032     .0541207    1.206664
        _Iweekd_3 |   1.200031   .3043239     3.94   0.000     .6035669    1.796495
        _Iweekd_4 |   1.244339   .3078294     4.04   0.000     .6410046    1.847674
        _Iweekd_5 |   .2744846   .2916041     0.94   0.347     -.297049    .8460183
        _Iweekd_6 |   -3.52734   .2839686   -12.42   0.000    -4.083908   -2.970772
        _Iweekd_7 |  -8.130059   .3084373   -26.36   0.000    -8.734585   -7.525533
        _Imonth_2 |  -.7921619   .4207545    -1.88   0.060    -1.616826    .0325018
        _Imonth_3 |   2.991506   .4875606     6.14   0.000     2.035905    3.947107
        _Imonth_4 |  -2.039239   .4924745    -4.14   0.000    -3.004471   -1.074006
        _Imonth_5 |   .3798291   .5989006     0.63   0.526    -.7939944    1.553653
        _Imonth_6 |   1.212739    .699814     1.73   0.083     -.158871     2.58435
        _Imonth_7 |  -1.318286    .808638    -1.63   0.103    -2.903187    .2666157
        _Imonth_8 |  -5.776138   .9861887    -5.86   0.000    -7.709032   -3.843243
        _Imonth_9 |    1.11741   .9601655     1.16   0.245    -.7644794      2.9993
       _Imonth_10 |   1.680758   1.054321     1.59   0.111    -.3856744     3.74719
       _Imonth_11 |   3.167945    .661877     4.79   0.000      1.87069    4.465201
       _Imonth_12 |   6.451307   .5507253    11.71   0.000     5.371905    7.530708
 _ImonXyea_2_2005 |   3.636744   .9219451     3.94   0.000     1.829765    5.443723
 _ImonXyea_2_2006 |  -.6710783   1.138001    -0.59   0.555     -2.90152    1.559363
 _ImonXyea_2_2007 |          0  (omitted)
 _ImonXyea_3_2005 |   1.821139   1.245774     1.46   0.144    -.6205332    4.262812
 _ImonXyea_3_2006 |          0  (omitted)
 _ImonXyea_3_2007 |          0  (omitted)
 _ImonXyea_4_2005 |   3.768353   1.510341     2.50   0.013     .8081393    6.728566
 _ImonXyea_4_2006 |          0  (omitted)
 _ImonXyea_4_2007 |          0  (omitted)
 _ImonXyea_5_2005 |  -2.639669    1.59058    -1.66   0.097    -5.757148    .4778102
 _ImonXyea_5_2006 |          0  (omitted)
 _ImonXyea_5_2007 |          0  (omitted)
 _ImonXyea_6_2005 |   4.211643   2.075707     2.03   0.042     .1433322    8.279953
 _ImonXyea_6_2006 |          0  (omitted)
 _ImonXyea_6_2007 |          0  (omitted)
 _ImonXyea_7_2005 |   8.464841    2.27971     3.71   0.000     3.996691    12.93299
 _ImonXyea_7_2006 |          0  (omitted)
 _ImonXyea_7_2007 |          0  (omitted)
 _ImonXyea_8_2005 |   7.459339   1.963893     3.80   0.000      3.61018     11.3085
 _ImonXyea_8_2006 |          0  (omitted)
 _ImonXyea_8_2007 |          0  (omitted)
 _ImonXyea_9_2005 |   6.988024   2.254788     3.10   0.002     2.568721    11.40733
 _ImonXyea_9_2006 |          0  (omitted)
 _ImonXyea_9_2007 |          0  (omitted)
_ImonXyea_10_2005 |   3.236173   2.071577     1.56   0.118    -.8240428    7.296389
_ImonXyea_10_2006 |          0  (omitted)
_ImonXyea_10_2007 |          0  (omitted)
_ImonXyea_11_2005 |   4.393331   1.998275     2.20   0.028     .4767836    8.309879
_ImonXyea_11_2006 |          0  (omitted)
_ImonXyea_11_2007 |          0  (omitted)
_ImonXyea_12_2005 |   6.809566   2.223041     3.06   0.002     2.452485    11.16665
_ImonXyea_12_2006 |          0  (omitted)
_ImonXyea_12_2007 |          0  (omitted)
            _cons |     -11.74   3.499035    -3.36   0.001    -18.59798   -4.882012
-----------------------------------------------------------------------------------
Instrumented:  ecost
Instruments:   windx windx2 temp tempx humid coal gas brent _Ihour_2 _Ihour_3
               _Ihour_4 _Ihour_5 _Ihour_6 _Ihour_7 _Ihour_8 _Ihour_9 _Ihour_10
               _Ihour_11 _Ihour_12 _Ihour_13 _Ihour_14 _Ihour_15 _Ihour_16
               _Ihour_17 _Ihour_18 _Ihour_19 _Ihour_20 _Ihour_21 _Ihour_22
               _Ihour_23 _Ihour_24 _Iyear_2005 _Iyear_2006 _Iweekd_2 _Iweekd_3
               _Iweekd_4 _Iweekd_5 _Iweekd_6 _Iweekd_7 _Imonth_2 _Imonth_3
               _Imonth_4 _Imonth_5 _Imonth_6 _Imonth_7 _Imonth_8 _Imonth_9
               _Imonth_10 _Imonth_11 _Imonth_12 _ImonXyea_2_2005 _ImonXyea_2_2006
               _ImonXyea_3_2005 _ImonXyea_4_2005 _ImonXyea_5_2005
               _ImonXyea_6_2005 _ImonXyea_7_2005 _ImonXyea_8_2005
               _ImonXyea_9_2005 _ImonXyea_10_2005 _ImonXyea_11_2005
               _ImonXyea_12_2005 eprice

. estimates store spec_exact1

.         
. *(3) - MONTHxTEMP
. ivregress 2sls mg_price ($maincost = $instruments) $supplycontrols $demandcontrols $controls $basefe _I
> monXyea* _ImonXtem*, robust
note: _Iyear_2007 omitted because of collinearity
note: _ImonXyea_2_2007 omitted because of collinearity
note: _ImonXyea_3_2006 omitted because of collinearity
note: _ImonXyea_3_2007 omitted because of collinearity
note: _ImonXyea_4_2006 omitted because of collinearity
note: _ImonXyea_4_2007 omitted because of collinearity
note: _ImonXyea_5_2006 omitted because of collinearity
note: _ImonXyea_5_2007 omitted because of collinearity
note: _ImonXyea_6_2006 omitted because of collinearity
note: _ImonXyea_6_2007 omitted because of collinearity
note: _ImonXyea_7_2006 omitted because of collinearity
note: _ImonXyea_7_2007 omitted because of collinearity
note: _ImonXyea_8_2006 omitted because of collinearity
note: _ImonXyea_8_2007 omitted because of collinearity
note: _ImonXyea_9_2006 omitted because of collinearity
note: _ImonXyea_9_2007 omitted because of collinearity
note: _ImonXyea_10_2006 omitted because of collinearity
note: _ImonXyea_10_2007 omitted because of collinearity
note: _ImonXyea_11_2006 omitted because of collinearity
note: _ImonXyea_11_2007 omitted because of collinearity
note: _ImonXyea_12_2006 omitted because of collinearity
note: _ImonXyea_12_2007 omitted because of collinearity

Instrumental variables (2SLS) regression               Number of obs =   14928
                                                       Wald chi2(85) =26945.32
                                                       Prob > chi2   =  0.0000
                                                       R-squared     =  0.6813
                                                       Root MSE      =  8.9254

-----------------------------------------------------------------------------------
                  |               Robust
         mg_price |      Coef.   Std. Err.      z    P>|z|     [95% Conf. Interval]
------------------+----------------------------------------------------------------
            ecost |   .8061938   .1756913     4.59   0.000     .4618451    1.150542
            windx |  -1.892161   .3550199    -5.33   0.000    -2.587987   -1.196335
           windx2 |   .0551454   .0248339     2.22   0.026     .0064719    .1038188
             temp |   .6616063   .1463821     4.52   0.000     .3747027      .94851
            tempx |  -.8655982   .1593113    -5.43   0.000    -1.177843   -.5533538
            humid |   .0843352   .0139099     6.06   0.000     .0570724    .1115981
             coal |   47.60148   4.255818    11.19   0.000     39.26023    55.94273
              gas |   2.923126   .3660023     7.99   0.000     2.205775    3.640477
            brent |  -1.721496   .9663385    -1.78   0.075    -3.615485    .1724928
         _Ihour_2 |  -4.970119   .4696908   -10.58   0.000    -5.890696   -4.049542
         _Ihour_3 |  -7.917837    .469671   -16.86   0.000    -8.838376   -6.997299
         _Ihour_4 |  -9.167728   .4727571   -19.39   0.000    -10.09432   -8.241142
         _Ihour_5 |  -10.88209   .5015836   -21.70   0.000    -11.86518   -9.899004
         _Ihour_6 |  -10.61769   .4734962   -22.42   0.000    -11.54572   -9.689653
         _Ihour_7 |  -8.130407   .4753334   -17.10   0.000    -9.062044   -7.198771
         _Ihour_8 |  -3.038664   .4828546    -6.29   0.000    -3.985041   -2.092286
         _Ihour_9 |   -1.09001   .5166907    -2.11   0.035    -2.102705   -.0773145
        _Ihour_10 |   2.549813   .5136485     4.96   0.000      1.54308    3.556545
        _Ihour_11 |   5.396906   .5437066     9.93   0.000     4.331261    6.462552
        _Ihour_12 |   6.689909   .5677491    11.78   0.000     5.577141    7.802676
        _Ihour_13 |   7.537571   .5770618    13.06   0.000     6.406551    8.668592
        _Ihour_14 |   6.007093   .5498866    10.92   0.000     4.929335    7.084851
        _Ihour_15 |   3.623899   .5272569     6.87   0.000     2.590494    4.657303
        _Ihour_16 |   2.801579   .5079442     5.52   0.000     1.806027    3.797131
        _Ihour_17 |   2.267069   .5194586     4.36   0.000     1.248948    3.285189
        _Ihour_18 |   3.892696   .5629856     6.91   0.000     2.789265    4.996127
        _Ihour_19 |   5.788437   .5636516    10.27   0.000       4.6837    6.893174
        _Ihour_20 |   7.322545   .5723185    12.79   0.000     6.200822    8.444269
        _Ihour_21 |   6.876248   .5676279    12.11   0.000     5.763718    7.988778
        _Ihour_22 |    9.03241   .5881347    15.36   0.000     7.879687    10.18513
        _Ihour_23 |   5.809672   .5252065    11.06   0.000     4.780286    6.839057
        _Ihour_24 |   1.798192   .5088252     3.53   0.000     .8009127    2.795471
      _Iyear_2005 |   14.00927   1.229195    11.40   0.000     11.60009    16.41844
      _Iyear_2006 |   25.88317   3.276429     7.90   0.000     19.46149    32.30486
      _Iyear_2007 |          0  (omitted)
        _Iweekd_2 |   .5070109   .2834649     1.79   0.074    -.0485701    1.062592
        _Iweekd_3 |   .9376445   .2971271     3.16   0.002     .3552861    1.520003
        _Iweekd_4 |   .9292054   .3011158     3.09   0.002     .3390293    1.519381
        _Iweekd_5 |  -.2171435   .2863023    -0.76   0.448    -.7782857    .3439986
        _Iweekd_6 |  -3.850515   .2774737   -13.88   0.000    -4.394353   -3.306676
        _Iweekd_7 |  -8.357072   .3006992   -27.79   0.000    -8.946432   -7.767712
        _Imonth_2 |   -12.9833    3.55963    -3.65   0.000    -19.96005   -6.006554
        _Imonth_3 |  -10.13119   3.052252    -3.32   0.001    -16.11349   -4.148885
        _Imonth_4 |  -13.02783    2.66552    -4.89   0.000    -18.25216    -7.80351
        _Imonth_5 |  -14.25479   2.914552    -4.89   0.000    -19.96721   -8.542374
        _Imonth_6 |  -42.43858   4.330258    -9.80   0.000    -50.92573   -33.95143
        _Imonth_7 |  -18.82525   3.526575    -5.34   0.000    -25.73721   -11.91329
        _Imonth_8 |  -25.67288   4.197315    -6.12   0.000    -33.89946   -17.44629
        _Imonth_9 |  -30.39651   4.326375    -7.03   0.000    -38.87605   -21.91697
       _Imonth_10 |  -15.00562   2.865072    -5.24   0.000    -20.62106    -9.39018
       _Imonth_11 |   7.509711   3.295294     2.28   0.023     1.051053    13.96837
       _Imonth_12 |  -14.30272   3.892652    -3.67   0.000    -21.93218   -6.673266
 _ImonXyea_2_2005 |  -.4282331   .9863964    -0.43   0.664    -2.361535    1.505068
 _ImonXyea_2_2006 |  -.6578083   1.149155    -0.57   0.567    -2.910111    1.594494
 _ImonXyea_2_2007 |          0  (omitted)
 _ImonXyea_3_2005 |   1.741903   1.237607     1.41   0.159    -.6837617    4.167568
 _ImonXyea_3_2006 |          0  (omitted)
 _ImonXyea_3_2007 |          0  (omitted)
 _ImonXyea_4_2005 |   .7155068   1.439042     0.50   0.619    -2.104965    3.535978
 _ImonXyea_4_2006 |          0  (omitted)
 _ImonXyea_4_2007 |          0  (omitted)
 _ImonXyea_5_2005 |  -5.189206   1.517004    -3.42   0.001    -8.162478   -2.215933
 _ImonXyea_5_2006 |          0  (omitted)
 _ImonXyea_5_2007 |          0  (omitted)
 _ImonXyea_6_2005 |   1.753696   1.994223     0.88   0.379     -2.15491    5.662302
 _ImonXyea_6_2006 |          0  (omitted)
 _ImonXyea_6_2007 |          0  (omitted)
 _ImonXyea_7_2005 |   5.025131   2.193052     2.29   0.022     .7268277    9.323434
 _ImonXyea_7_2006 |          0  (omitted)
 _ImonXyea_7_2007 |          0  (omitted)
 _ImonXyea_8_2005 |   3.264141   1.914191     1.71   0.088    -.4876039    7.015887
 _ImonXyea_8_2006 |          0  (omitted)
 _ImonXyea_8_2007 |          0  (omitted)
 _ImonXyea_9_2005 |    3.86305   2.163897     1.79   0.074    -.3781106     8.10421
 _ImonXyea_9_2006 |          0  (omitted)
 _ImonXyea_9_2007 |          0  (omitted)
_ImonXyea_10_2005 |  -.5588829   2.010406    -0.28   0.781    -4.499206     3.38144
_ImonXyea_10_2006 |          0  (omitted)
_ImonXyea_10_2007 |          0  (omitted)
_ImonXyea_11_2005 |    2.94753   1.931608     1.53   0.127    -.8383517    6.733412
_ImonXyea_11_2006 |          0  (omitted)
_ImonXyea_11_2007 |          0  (omitted)
_ImonXyea_12_2005 |   5.146307    2.11699     2.43   0.015     .9970827     9.29553
_ImonXyea_12_2006 |          0  (omitted)
_ImonXyea_12_2007 |          0  (omitted)
     _ImonXtemp_2 |  -2.583177   .2785807    -9.27   0.000    -3.129185   -2.037169
     _ImonXtemp_3 |  -2.417564   .2764953    -8.74   0.000    -2.959485   -1.875643
     _ImonXtemp_4 |  -.7069571   .2001141    -3.53   0.000    -1.099174   -.3147406
     _ImonXtemp_5 |  -1.677626    .225776    -7.43   0.000    -2.120138   -1.235113
     _ImonXtemp_6 |   2.125702   .3531996     6.02   0.000     1.433444    2.817961
     _ImonXtemp_7 |   .8606562   .2452369     3.51   0.000     .3800006    1.341312
     _ImonXtemp_8 |   .3523391   .2197454     1.60   0.109     -.078354    .7830322
     _ImonXtemp_9 |  -.4145295   .2331978    -1.78   0.075    -.8715888    .0425298
    _ImonXtemp_10 |  -.5034184   .2344958    -2.15   0.032    -.9630217   -.0438151
    _ImonXtemp_11 |  -1.854131   .1715055   -10.81   0.000    -2.190275   -1.517986
    _ImonXtemp_12 |  -.3557362   .2628901    -1.35   0.176    -.8709912    .1595189
     _ImonXtempa2 |   1.653929   .2526606     6.55   0.000     1.158724    2.149135
     _ImonXtempa3 |   1.799611    .243765     7.38   0.000      1.32184    2.277381
     _ImonXtempa4 |   .9527039   .1918264     4.97   0.000      .576731    1.328677
     _ImonXtempa5 |   1.644983   .2224678     7.39   0.000     1.208954    2.081012
     _ImonXtempa6 |   .0659861   .2576005     0.26   0.798    -.4389015    .5708738
     _ImonXtempa7 |   .1646495   .2219294     0.74   0.458    -.2703241    .5996231
     _ImonXtempa8 |   .5775634   .1913111     3.02   0.003     .2026006    .9525263
     _ImonXtempa9 |   1.431793   .2132913     6.71   0.000      1.01375    1.849836
    _ImonXtempa10 |   1.052728    .191814     5.49   0.000     .6767792    1.428676
    _ImonXtempa11 |    .600891   .1990999     3.02   0.003     .2106623    .9911197
    _ImonXtempa12 |   1.382815   .2806724     4.93   0.000     .8327073    1.932923
            _cons |   4.722233   4.123306     1.15   0.252    -3.359298    12.80377
-----------------------------------------------------------------------------------
Instrumented:  ecost
Instruments:   windx windx2 temp tempx humid coal gas brent _Ihour_2 _Ihour_3
               _Ihour_4 _Ihour_5 _Ihour_6 _Ihour_7 _Ihour_8 _Ihour_9 _Ihour_10
               _Ihour_11 _Ihour_12 _Ihour_13 _Ihour_14 _Ihour_15 _Ihour_16
               _Ihour_17 _Ihour_18 _Ihour_19 _Ihour_20 _Ihour_21 _Ihour_22
               _Ihour_23 _Ihour_24 _Iyear_2005 _Iyear_2006 _Iweekd_2 _Iweekd_3
               _Iweekd_4 _Iweekd_5 _Iweekd_6 _Iweekd_7 _Imonth_2 _Imonth_3
               _Imonth_4 _Imonth_5 _Imonth_6 _Imonth_7 _Imonth_8 _Imonth_9
               _Imonth_10 _Imonth_11 _Imonth_12 _ImonXyea_2_2005 _ImonXyea_2_2006
               _ImonXyea_3_2005 _ImonXyea_4_2005 _ImonXyea_5_2005
               _ImonXyea_6_2005 _ImonXyea_7_2005 _ImonXyea_8_2005
               _ImonXyea_9_2005 _ImonXyea_10_2005 _ImonXyea_11_2005
               _ImonXyea_12_2005 _ImonXtemp_2 _ImonXtemp_3 _ImonXtemp_4
               _ImonXtemp_5 _ImonXtemp_6 _ImonXtemp_7 _ImonXtemp_8 _ImonXtemp_9
               _ImonXtemp_10 _ImonXtemp_11 _ImonXtemp_12 _ImonXtempa2
               _ImonXtempa3 _ImonXtempa4 _ImonXtempa5 _ImonXtempa6 _ImonXtempa7
               _ImonXtempa8 _ImonXtempa9 _ImonXtempa10 _ImonXtempa11
               _ImonXtempa12 eprice

. estimates store spec_exact2

.         
. *(4) - MONTHxWIND
. ivregress 2sls mg_price ($maincost = $instruments) $supplycontrols $demandcontrols $controls $basefe _I
> monXhou* _ImonXtem*, robust
note: _Iyear_2007 omitted because of collinearity

Instrumental variables (2SLS) regression               Number of obs =   14928
                                                       Wald chi2(326)=30365.13
                                                       Prob > chi2   =  0.0000
                                                       R-squared     =  0.6995
                                                       Root MSE      =  8.6666

---------------------------------------------------------------------------------
                |               Robust
       mg_price |      Coef.   Std. Err.      z    P>|z|     [95% Conf. Interval]
----------------+----------------------------------------------------------------
          ecost |   .9010581   .0666426    13.52   0.000     .7704409    1.031675
          windx |  -1.958289   .3402508    -5.76   0.000    -2.625168    -1.29141
         windx2 |   .0558813   .0237266     2.36   0.019      .009378    .1023846
           temp |    .584246   .1356654     4.31   0.000     .3183466    .8501454
          tempx |  -.8362928   .1475064    -5.67   0.000      -1.1254   -.5471856
          humid |   .0800283   .0135163     5.92   0.000     .0535368    .1065199
           coal |   43.44634   2.779025    15.63   0.000     37.99955    48.89313
            gas |   3.378847    .334344    10.11   0.000     2.723544    4.034149
          brent |   3.977421   .6438174     6.18   0.000     2.715562     5.23928
       _Ihour_2 |   -8.10509    1.54951    -5.23   0.000    -11.14207   -5.068107
       _Ihour_3 |  -11.90383   1.596826    -7.45   0.000    -15.03355   -8.774108
       _Ihour_4 |  -16.40119   1.676411    -9.78   0.000     -19.6869   -13.11549
       _Ihour_5 |  -18.99797    1.66124   -11.44   0.000    -22.25394     -15.742
       _Ihour_6 |  -19.56659   1.658242   -11.80   0.000    -22.81668   -16.31649
       _Ihour_7 |  -15.21854   1.587787    -9.58   0.000    -18.33055   -12.10654
       _Ihour_8 |   -7.67455   1.760476    -4.36   0.000    -11.12502    -4.22408
       _Ihour_9 |  -6.646102   2.215408    -3.00   0.003    -10.98822   -2.303983
      _Ihour_10 |  -4.202056   2.023584    -2.08   0.038    -8.168208   -.2359052
      _Ihour_11 |  -.0150233     1.8833    -0.01   0.994    -3.706223    3.676176
      _Ihour_12 |   .6893332   1.948111     0.35   0.723    -3.128894     4.50756
      _Ihour_13 |   1.175235   1.831371     0.64   0.521    -2.414186    4.764656
      _Ihour_14 |  -.0936793   1.623325    -0.06   0.954    -3.275338    3.087979
      _Ihour_15 |  -1.483661   1.716666    -0.86   0.387    -4.848264    1.880942
      _Ihour_16 |  -2.792492   1.728482    -1.62   0.106    -6.180254    .5952695
      _Ihour_17 |  -3.850461   1.714666    -2.25   0.025    -7.211145   -.4897769
      _Ihour_18 |  -1.979817   1.738744    -1.14   0.255    -5.387693    1.428059
      _Ihour_19 |   3.483395   1.813043     1.92   0.055    -.0701035    7.036893
      _Ihour_20 |   8.841931   1.984983     4.45   0.000     4.951436    12.73243
      _Ihour_21 |   7.965249   2.027098     3.93   0.000     3.992209    11.93829
      _Ihour_22 |   3.821335   1.844047     2.07   0.038     .2070697    7.435601
      _Ihour_23 |   3.064611   1.717026     1.78   0.074    -.3006983     6.42992
      _Ihour_24 |   4.528674   1.676277     2.70   0.007     1.243231    7.814117
    _Iyear_2005 |   8.522132   .7382345    11.54   0.000     7.075219    9.969045
    _Iyear_2006 |   11.94629   1.529014     7.81   0.000     8.949479     14.9431
    _Iyear_2007 |          0  (omitted)
      _Iweekd_2 |   .4969598   .2708766     1.83   0.067    -.0339486    1.027868
      _Iweekd_3 |   1.039313   .2830931     3.67   0.000     .4844607    1.594165
      _Iweekd_4 |   1.000112    .284838     3.51   0.000     .4418399    1.558384
      _Iweekd_5 |  -.1069841   .2689456    -0.40   0.691    -.6341077    .4201396
      _Iweekd_6 |  -3.803967   .2689613   -14.14   0.000    -4.331121   -3.276812
      _Iweekd_7 |  -8.347301   .2787246   -29.95   0.000    -8.893591    -7.80101
      _Imonth_2 |  -14.51988   3.684672    -3.94   0.000    -21.74171    -7.29806
      _Imonth_3 |  -13.89554   3.378304    -4.11   0.000     -20.5169   -7.274186
      _Imonth_4 |  -16.75804   2.853148    -5.87   0.000     -22.3501   -11.16597
      _Imonth_5 |   -10.3027   3.072157    -3.35   0.001    -16.32402   -4.281384
      _Imonth_6 |  -51.93393    4.40092   -11.80   0.000    -60.55958   -43.30829
      _Imonth_7 |  -27.77848   3.786408    -7.34   0.000     -35.1997   -20.35725
      _Imonth_8 |  -36.87664   4.224304    -8.73   0.000    -45.15613   -28.59716
      _Imonth_9 |  -42.59071   4.121454   -10.33   0.000    -50.66861   -34.51281
     _Imonth_10 |  -31.18768   3.077054   -10.14   0.000     -37.2186   -25.15677
     _Imonth_11 |    4.55599   3.719965     1.22   0.221    -2.735007    11.84699
     _Imonth_12 |  -13.66765    4.17322    -3.28   0.001    -21.84701   -5.488292
  _ImonXhou_2_2 |   1.423166   2.266047     0.63   0.530    -3.018205    5.864537
  _ImonXhou_2_3 |   1.574177   2.332739     0.67   0.500    -2.997907     6.14626
  _ImonXhou_2_4 |    4.82395   2.336187     2.06   0.039     .2451074    9.402792
  _ImonXhou_2_5 |   3.950453   2.298685     1.72   0.086    -.5548874    8.455792
  _ImonXhou_2_6 |   3.516721   2.294768     1.53   0.125    -.9809411    8.014383
  _ImonXhou_2_7 |   3.573247   2.231832     1.60   0.109     -.801063    7.947557
  _ImonXhou_2_8 |   2.346368   2.478445     0.95   0.344    -2.511296    7.204031
  _ImonXhou_2_9 |   2.188807   2.918605     0.75   0.453    -3.531553    7.909167
 _ImonXhou_2_10 |   2.882885   2.831062     1.02   0.309    -2.665895    8.431666
 _ImonXhou_2_11 |   3.015651   2.714792     1.11   0.267    -2.305243    8.336545
 _ImonXhou_2_12 |   1.753404   2.701522     0.65   0.516    -3.541483    7.048291
 _ImonXhou_2_13 |   3.533903   2.642073     1.34   0.181    -1.644465     8.71227
 _ImonXhou_2_14 |   2.496518   2.358057     1.06   0.290    -2.125189    7.118225
 _ImonXhou_2_15 |   .6042051   2.443104     0.25   0.805    -4.184192    5.392602
 _ImonXhou_2_16 |   1.082686   2.406269     0.45   0.653    -3.633515    5.798887
 _ImonXhou_2_17 |    .659225    2.41808     0.27   0.785    -4.080124    5.398574
 _ImonXhou_2_18 |  -.5880624   2.484406    -0.24   0.813    -5.457409    4.281284
 _ImonXhou_2_19 |  -2.301276   2.560861    -0.90   0.369    -7.320471     2.71792
 _ImonXhou_2_20 |  -.2794619   2.744463    -0.10   0.919    -5.658511    5.099587
 _ImonXhou_2_21 |   -.523256   2.789715    -0.19   0.851    -5.990998    4.944486
 _ImonXhou_2_22 |     4.1367   2.824549     1.46   0.143    -1.399314    9.672714
 _ImonXhou_2_23 |  -.6484187   2.395263    -0.27   0.787    -5.343048     4.04621
 _ImonXhou_2_24 |  -.2402067   2.332484    -0.10   0.918    -4.811791    4.331377
  _ImonXhou_3_2 |   3.291333   2.284643     1.44   0.150    -1.186485    7.769151
  _ImonXhou_3_3 |   3.991525    2.24522     1.78   0.075    -.4090247    8.392075
  _ImonXhou_3_4 |   6.101936   2.365392     2.58   0.010     1.465853    10.73802
  _ImonXhou_3_5 |   7.190323   2.330401     3.09   0.002     2.622822    11.75782
  _ImonXhou_3_6 |   7.553279   2.309302     3.27   0.001     3.027129    12.07943
  _ImonXhou_3_7 |   6.922901   2.244742     3.08   0.002     2.523288    11.32251
  _ImonXhou_3_8 |   2.907109   2.462355     1.18   0.238    -1.919018    7.733237
  _ImonXhou_3_9 |   4.999962   2.835485     1.76   0.078    -.5574874    10.55741
 _ImonXhou_3_10 |   7.831106   2.868241     2.73   0.006     2.209456    13.45276
 _ImonXhou_3_11 |   4.636084   2.821677     1.64   0.100    -.8943018    10.16647
 _ImonXhou_3_12 |   4.853804   2.864345     1.69   0.090     -.760209    10.46782
 _ImonXhou_3_13 |   5.285797   2.887251     1.83   0.067    -.3731108     10.9447
 _ImonXhou_3_14 |   1.847387   2.353945     0.78   0.433    -2.766261    6.461035
 _ImonXhou_3_15 |    2.23473    2.46699     0.91   0.365    -2.600481    7.069941
 _ImonXhou_3_16 |   2.456192   2.478905     0.99   0.322    -2.402374    7.314757
 _ImonXhou_3_17 |   3.638774   2.503838     1.45   0.146    -1.268658    8.546205
 _ImonXhou_3_18 |   .9730563   2.413996     0.40   0.687     -3.75829    5.704402
 _ImonXhou_3_19 |  -3.070774   2.571381    -1.19   0.232    -8.110589     1.96904
 _ImonXhou_3_20 |  -1.953752   3.098275    -0.63   0.528    -8.026259    4.118756
 _ImonXhou_3_21 |   1.879268    3.04863     0.62   0.538    -4.095936    7.854472
 _ImonXhou_3_22 |   5.415187   3.010589     1.80   0.072    -.4854599    11.31583
 _ImonXhou_3_23 |    2.23013   2.665393     0.84   0.403    -2.993944    7.454204
 _ImonXhou_3_24 |  -1.515944   2.593261    -0.58   0.559    -6.598642    3.566754
  _ImonXhou_4_2 |   3.917793   1.940413     2.02   0.043      .114654    7.720933
  _ImonXhou_4_3 |   5.109919   2.004352     2.55   0.011     1.181462    9.038376
  _ImonXhou_4_4 |    9.18132   2.030906     4.52   0.000     5.200817    13.16182
  _ImonXhou_4_5 |   9.929724   2.043512     4.86   0.000     5.924515    13.93493
  _ImonXhou_4_6 |   11.14721   2.044806     5.45   0.000     7.139466    15.15496
  _ImonXhou_4_7 |   9.040067   1.971603     4.59   0.000     5.175797    12.90434
  _ImonXhou_4_8 |   5.489407   2.125272     2.58   0.010      1.32395    9.654864
  _ImonXhou_4_9 |    4.80951   2.508845     1.92   0.055    -.1077365    9.726757
 _ImonXhou_4_10 |   5.370615   2.394853     2.24   0.025     .6767889    10.06444
 _ImonXhou_4_11 |   1.898501   2.300444     0.83   0.409    -2.610286    6.407288
 _ImonXhou_4_12 |   2.635446   2.279956     1.16   0.248    -1.833186    7.104079
 _ImonXhou_4_13 |    1.28334    2.18491     0.59   0.557    -2.999004    5.565685
 _ImonXhou_4_14 |   1.964895   2.041794     0.96   0.336    -2.036947    5.966737
 _ImonXhou_4_15 |   1.735314   2.055604     0.84   0.399    -2.293595    5.764224
 _ImonXhou_4_16 |    2.47992   2.030974     1.22   0.222    -1.500716    6.460555
 _ImonXhou_4_17 |   3.140456   2.046582     1.53   0.125    -.8707715    7.151684
 _ImonXhou_4_18 |   2.114201   2.126855     0.99   0.320    -2.054359    6.282761
 _ImonXhou_4_19 |  -3.322058   2.164886    -1.53   0.125    -7.565157    .9210417
 _ImonXhou_4_20 |  -10.16374    2.30697    -4.41   0.000    -14.68532   -5.642165
 _ImonXhou_4_21 |  -8.135212   2.323171    -3.50   0.000    -12.68854   -3.581881
 _ImonXhou_4_22 |   3.202704    2.41944     1.32   0.186    -1.539311     7.94472
 _ImonXhou_4_23 |  -.7526266   2.109754    -0.36   0.721    -4.887669    3.382416
 _ImonXhou_4_24 |   -6.33743   2.059614    -3.08   0.002     -10.3742    -2.30066
  _ImonXhou_5_2 |   4.015087   2.029714     1.98   0.048     .0369196    7.993254
  _ImonXhou_5_3 |   6.997741   2.049177     3.41   0.001     2.981427    11.01406
  _ImonXhou_5_4 |   10.47393   2.122729     4.93   0.000     6.313456     14.6344
  _ImonXhou_5_5 |   12.08755    2.10713     5.74   0.000     7.957648    16.21745
  _ImonXhou_5_6 |   12.77896   2.100758     6.08   0.000     8.661547    16.89637
  _ImonXhou_5_7 |   10.05492   2.005419     5.01   0.000     6.124369    13.98547
  _ImonXhou_5_8 |   5.525724   2.154679     2.56   0.010      1.30263    9.748817
  _ImonXhou_5_9 |   6.643295   2.589039     2.57   0.010     1.568872    11.71772
 _ImonXhou_5_10 |   5.209815   2.450351     2.13   0.033     .4072157    10.01241
 _ImonXhou_5_11 |   1.836061   2.337561     0.79   0.432    -2.745475    6.417596
 _ImonXhou_5_12 |   1.933475    2.36733     0.82   0.414    -2.706405    6.573356
 _ImonXhou_5_13 |   2.179158   2.280793     0.96   0.339    -2.291114    6.649431
 _ImonXhou_5_14 |   2.704802   2.148613     1.26   0.208    -1.506402    6.916006
 _ImonXhou_5_15 |   2.891287   2.309225     1.25   0.211     -1.63471    7.417284
 _ImonXhou_5_16 |    3.15739   2.180242     1.45   0.148    -1.115806    7.430585
 _ImonXhou_5_17 |   4.839696   2.207023     2.19   0.028     .5140117    9.165381
 _ImonXhou_5_18 |     2.8085   2.239842     1.25   0.210    -1.581509    7.198509
 _ImonXhou_5_19 |  -1.991174   2.231736    -0.89   0.372    -6.365296    2.382947
 _ImonXhou_5_20 |  -8.415901    2.38314    -3.53   0.000    -13.08677   -3.745034
 _ImonXhou_5_21 |  -9.316536   2.372422    -3.93   0.000     -13.9664   -4.666674
 _ImonXhou_5_22 |   1.520704   2.282461     0.67   0.505    -2.952837    5.994245
 _ImonXhou_5_23 |   .6523015     2.2438     0.29   0.771    -3.745465    5.050068
 _ImonXhou_5_24 |     -5.014     2.1271    -2.36   0.018     -9.18304   -.8449607
  _ImonXhou_6_2 |   4.111228   2.038866     2.02   0.044     .1151238    8.107333
  _ImonXhou_6_3 |   6.536116   2.087231     3.13   0.002     2.445218    10.62701
  _ImonXhou_6_4 |   10.05781   2.154476     4.67   0.000     5.835112     14.2805
  _ImonXhou_6_5 |   12.02912   2.158572     5.57   0.000       7.7984    16.25985
  _ImonXhou_6_6 |   13.49426    2.09586     6.44   0.000     9.386449    17.60207
  _ImonXhou_6_7 |   10.79701   2.054563     5.26   0.000     6.770139    14.82388
  _ImonXhou_6_8 |   5.424233   2.197089     2.47   0.014     1.118018    9.730448
  _ImonXhou_6_9 |   10.14705   2.766726     3.67   0.000     4.724367    15.56974
 _ImonXhou_6_10 |   11.52906   2.551287     4.52   0.000     6.528633    16.52949
 _ImonXhou_6_11 |   10.70552   2.649201     4.04   0.000     5.513184    15.89786
 _ImonXhou_6_12 |   13.20223   3.155219     4.18   0.000     7.018117    19.38635
 _ImonXhou_6_13 |   13.58349   2.983677     4.55   0.000     7.735586    19.43139
 _ImonXhou_6_14 |   15.83387   3.030249     5.23   0.000     9.894687    21.77304
 _ImonXhou_6_15 |   14.73893   3.056574     4.82   0.000     8.748159    20.72971
 _ImonXhou_6_16 |   12.03466   2.519901     4.78   0.000     7.095742    16.97357
 _ImonXhou_6_17 |   15.62037   2.897417     5.39   0.000     9.941542    21.29921
 _ImonXhou_6_18 |   16.69663   3.297021     5.06   0.000     10.23459    23.15868
 _ImonXhou_6_19 |   9.216004   2.971765     3.10   0.002     3.391452    15.04056
 _ImonXhou_6_20 |   1.524577   2.878372     0.53   0.596    -4.116929    7.166084
 _ImonXhou_6_21 |  -2.377143   2.469578    -0.96   0.336    -7.217426     2.46314
 _ImonXhou_6_22 |   3.564842   2.410348     1.48   0.139    -1.159353    8.289037
 _ImonXhou_6_23 |   7.699823   2.370951     3.25   0.001     3.052844     12.3468
 _ImonXhou_6_24 |   .0462175   2.186577     0.02   0.983    -4.239395     4.33183
  _ImonXhou_7_2 |   5.036747   2.150922     2.34   0.019     .8210182    9.252477
  _ImonXhou_7_3 |   5.921577   2.087367     2.84   0.005     1.830414    10.01274
  _ImonXhou_7_4 |   10.45055   2.120916     4.93   0.000     6.293628    14.60747
  _ImonXhou_7_5 |    11.9959   2.134096     5.62   0.000     7.813154    16.17866
  _ImonXhou_7_6 |   13.14576   2.060474     6.38   0.000     9.107302    17.18421
  _ImonXhou_7_7 |   10.62995   2.100445     5.06   0.000     6.513154    14.74675
  _ImonXhou_7_8 |   5.186515   2.211023     2.35   0.019     .8529899     9.52004
  _ImonXhou_7_9 |   7.505131   2.661612     2.82   0.005     2.288468    12.72179
 _ImonXhou_7_10 |   10.81643   2.613576     4.14   0.000     5.693913    15.93894
 _ImonXhou_7_11 |   9.696607   2.781439     3.49   0.000     4.245087    15.14813
 _ImonXhou_7_12 |    8.99984   2.785787     3.23   0.001     3.539796    14.45988
 _ImonXhou_7_13 |   11.10357   2.734526     4.06   0.000     5.744001    16.46315
 _ImonXhou_7_14 |   12.03048   2.614166     4.60   0.000     6.906807    17.15415
 _ImonXhou_7_15 |   10.31424   2.552304     4.04   0.000      5.31182    15.31667
 _ImonXhou_7_16 |   13.71175   2.512077     5.46   0.000     8.788172    18.63533
 _ImonXhou_7_17 |   11.23138   2.492864     4.51   0.000     6.345459    16.11731
 _ImonXhou_7_18 |    12.2689   2.687571     4.57   0.000      7.00136    17.53644
 _ImonXhou_7_19 |   7.665347   2.875638     2.67   0.008     2.029199    13.30149
 _ImonXhou_7_20 |  -1.330199   2.579092    -0.52   0.606    -6.385126    3.724729
 _ImonXhou_7_21 |   -1.55564   2.541067    -0.61   0.540    -6.536041     3.42476
 _ImonXhou_7_22 |   3.341979   2.446272     1.37   0.172    -1.452627    8.136585
 _ImonXhou_7_23 |     6.4533   2.302184     2.80   0.005     1.941103     10.9655
 _ImonXhou_7_24 |  -1.267619   2.341494    -0.54   0.588    -5.856864    3.321626
  _ImonXhou_8_2 |   5.155559   1.976383     2.61   0.009     1.281919    9.029199
  _ImonXhou_8_3 |   7.172065   2.006585     3.57   0.000     3.239231     11.1049
  _ImonXhou_8_4 |   12.31237   2.106055     5.85   0.000     8.184577    16.44016
  _ImonXhou_8_5 |    12.3251   2.115038     5.83   0.000     8.179703     16.4705
  _ImonXhou_8_6 |    13.9892   2.021946     6.92   0.000     10.02626    17.95214
  _ImonXhou_8_7 |    10.1798   1.964594     5.18   0.000     6.329268    14.03034
  _ImonXhou_8_8 |   3.548107   2.167363     1.64   0.102    -.6998472    7.796061
  _ImonXhou_8_9 |   3.035747   2.500312     1.21   0.225    -1.864774    7.936269
 _ImonXhou_8_10 |   7.019362    2.35763     2.98   0.003     2.398492    11.64023
 _ImonXhou_8_11 |   6.169809   2.307205     2.67   0.007      1.64777    10.69185
 _ImonXhou_8_12 |   7.698069    2.58079     2.98   0.003     2.639814    12.75632
 _ImonXhou_8_13 |   9.420344   2.793244     3.37   0.001     3.945687      14.895
 _ImonXhou_8_14 |   12.25693    2.65173     4.62   0.000     7.059634    17.45422
 _ImonXhou_8_15 |    9.35968   2.352458     3.98   0.000     4.748946    13.97041
 _ImonXhou_8_16 |   9.823133   2.293058     4.28   0.000     5.328823    14.31744
 _ImonXhou_8_17 |    9.14851   2.146268     4.26   0.000     4.941902    13.35512
 _ImonXhou_8_18 |   9.422538   2.469503     3.82   0.000       4.5824    14.26268
 _ImonXhou_8_19 |   3.157125   2.568076     1.23   0.219    -1.876211    8.190461
 _ImonXhou_8_20 |  -3.380709   2.473658    -1.37   0.172     -8.22899    1.467571
 _ImonXhou_8_21 |  -4.525677   2.380762    -1.90   0.057    -9.191885    .1405306
 _ImonXhou_8_22 |   5.778164    2.66857     2.17   0.030     .5478633    11.00847
 _ImonXhou_8_23 |   6.139795   2.324081     2.64   0.008      1.58468    10.69491
 _ImonXhou_8_24 |  -3.784736   2.161868    -1.75   0.080     -8.02192    .4524478
  _ImonXhou_9_2 |   5.654423   2.161799     2.62   0.009     1.417375    9.891471
  _ImonXhou_9_3 |   6.152877   2.173978     2.83   0.005     1.891958     10.4138
  _ImonXhou_9_4 |   11.16078   2.230253     5.00   0.000     6.789563    15.53199
  _ImonXhou_9_5 |   12.08702   2.185148     5.53   0.000     7.804213    16.36984
  _ImonXhou_9_6 |   14.08095   2.188257     6.43   0.000     9.792046    18.36985
  _ImonXhou_9_7 |   11.04517   2.106176     5.24   0.000     6.917144     15.1732
  _ImonXhou_9_8 |   11.35595   2.352591     4.83   0.000     6.744957    15.96694
  _ImonXhou_9_9 |   11.96482   2.712606     4.41   0.000     6.648211    17.28143
 _ImonXhou_9_10 |   14.48755    2.58565     5.60   0.000     9.419773    19.55534
 _ImonXhou_9_11 |   13.03014   2.603068     5.01   0.000     7.928223    18.13206
 _ImonXhou_9_12 |    15.2636   2.858578     5.34   0.000     9.660894    20.86631
 _ImonXhou_9_13 |    16.7977   2.681675     6.26   0.000     11.54171    22.05369
 _ImonXhou_9_14 |   13.87837   2.376921     5.84   0.000     9.219685    18.53705
 _ImonXhou_9_15 |   13.47884    2.48015     5.43   0.000     8.617833    18.33984
 _ImonXhou_9_16 |   15.62329   2.576572     6.06   0.000      10.5733    20.67328
 _ImonXhou_9_17 |   16.39897   2.723436     6.02   0.000     11.06114    21.73681
 _ImonXhou_9_18 |   15.18417   2.746225     5.53   0.000      9.80167    20.56667
 _ImonXhou_9_19 |   9.538844   2.643183     3.61   0.000     4.358301    14.71939
 _ImonXhou_9_20 |    3.52386   2.610022     1.35   0.177    -1.591689    8.639408
 _ImonXhou_9_21 |   7.898481   2.733471     2.89   0.004     2.540976    13.25599
 _ImonXhou_9_22 |   20.60635   2.802056     7.35   0.000     15.11442    26.09828
 _ImonXhou_9_23 |   9.432743   2.409624     3.91   0.000     4.709967    14.15552
 _ImonXhou_9_24 |  -5.330261   2.268974    -2.35   0.019    -9.777367   -.8831536
 _ImonXhou_10_2 |   5.889207   2.167848     2.72   0.007     1.640304    10.13811
 _ImonXhou_10_3 |   6.460223   2.124768     3.04   0.002     2.295755    10.62469
 _ImonXhou_10_4 |   10.97982   2.264124     4.85   0.000     6.542215    15.41742
 _ImonXhou_10_5 |   12.93928   2.200054     5.88   0.000     8.627255    17.25131
 _ImonXhou_10_6 |   14.49894   2.220731     6.53   0.000     10.14639     18.8515
 _ImonXhou_10_7 |   11.82493   2.123249     5.57   0.000     7.663436    15.98642
 _ImonXhou_10_8 |   13.91624    2.48131     5.61   0.000     9.052962    18.77952
 _ImonXhou_10_9 |   14.82587   2.863289     5.18   0.000     9.213926    20.43781
_ImonXhou_10_10 |   13.50989   2.600573     5.19   0.000     8.412862    18.60692
_ImonXhou_10_11 |   11.00137   2.572338     4.28   0.000     5.959685    16.04306
_ImonXhou_10_12 |    12.1972   2.565642     4.75   0.000     7.168638    17.22577
_ImonXhou_10_13 |   12.48715   2.515011     4.97   0.000     7.557817    17.41648
_ImonXhou_10_14 |    12.9961   2.296695     5.66   0.000     8.494659    17.49754
_ImonXhou_10_15 |   9.518097   2.325549     4.09   0.000     4.960105    14.07609
_ImonXhou_10_16 |   9.690929    2.30636     4.20   0.000     5.170546    14.21131
_ImonXhou_10_17 |   11.73733   2.375215     4.94   0.000     7.081993    16.39267
_ImonXhou_10_18 |   10.94595    2.42908     4.51   0.000     6.185042    15.70686
_ImonXhou_10_19 |   5.332306   2.470526     2.16   0.031     .4901636    10.17445
_ImonXhou_10_20 |   5.312776   2.682394     1.98   0.048     .0553804    10.57017
_ImonXhou_10_21 |   14.19764     2.9015     4.89   0.000     8.510806    19.88448
_ImonXhou_10_22 |    14.1593   2.473772     5.72   0.000     9.310795     19.0078
_ImonXhou_10_23 |   6.236906   2.397423     2.60   0.009     1.538045    10.93577
_ImonXhou_10_24 |  -3.909589   2.340365    -1.67   0.095    -8.496621    .6774425
 _ImonXhou_11_2 |     .34092   2.385907     0.14   0.886    -4.335372    5.017212
 _ImonXhou_11_3 |   1.265428   2.373828     0.53   0.594    -3.387189    5.918045
 _ImonXhou_11_4 |   4.062949   2.452891     1.66   0.098    -.7446286    8.870527
 _ImonXhou_11_5 |    5.44611   2.386098     2.28   0.022     .7694453    10.12278
 _ImonXhou_11_6 |    6.77159    2.37997     2.85   0.004     2.106935    11.43624
 _ImonXhou_11_7 |    4.88524   2.333413     2.09   0.036     .3118344    9.458646
 _ImonXhou_11_8 |   4.471533   2.548572     1.75   0.079    -.5235755    9.466642
 _ImonXhou_11_9 |   5.697157   2.937907     1.94   0.052    -.0610351    11.45535
_ImonXhou_11_10 |   6.208281   2.810727     2.21   0.027     .6993584     11.7172
_ImonXhou_11_11 |   4.553661   2.789252     1.63   0.103    -.9131729    10.02049
_ImonXhou_11_12 |   5.279057   2.897593     1.82   0.068      -.40012    10.95823
_ImonXhou_11_13 |   3.477014   2.738065     1.27   0.204    -1.889495    8.843524
_ImonXhou_11_14 |   3.920994   2.518151     1.56   0.119     -1.01449    8.856479
_ImonXhou_11_15 |   2.109483   2.534175     0.83   0.405    -2.857409    7.076374
_ImonXhou_11_16 |   3.553415   2.613214     1.36   0.174     -1.56839    8.675219
_ImonXhou_11_17 |   3.842815   2.565542     1.50   0.134    -1.185556    8.871185
_ImonXhou_11_18 |    4.51045   2.540736     1.78   0.076    -.4692999    9.490201
_ImonXhou_11_19 |   6.526568   2.688807     2.43   0.015     1.256603    11.79653
_ImonXhou_11_20 |   5.191284   2.760145     1.88   0.060    -.2184995    10.60107
_ImonXhou_11_21 |   3.322616   3.107252     1.07   0.285    -2.767486    9.412718
_ImonXhou_11_22 |   5.585254   2.821062     1.98   0.048     .0560749    11.11443
_ImonXhou_11_23 |   .8083634   2.593155     0.31   0.755    -4.274127    5.890854
_ImonXhou_11_24 |  -1.589249   2.559004    -0.62   0.535    -6.604805    3.426307
 _ImonXhou_12_2 |  -2.702823   2.516469    -1.07   0.283    -7.635011    2.229366
 _ImonXhou_12_3 |  -4.353717   2.385556    -1.83   0.068    -9.029321    .3218869
 _ImonXhou_12_4 |  -2.479756   2.386316    -1.04   0.299     -7.15685    2.197339
 _ImonXhou_12_5 |  -2.527803   2.372755    -1.07   0.287    -7.178318    2.122711
 _ImonXhou_12_6 |  -2.674532   2.355263    -1.14   0.256    -7.290763      1.9417
 _ImonXhou_12_7 |  -3.867712   2.424603    -1.60   0.111    -8.619848    .8844231
 _ImonXhou_12_8 |  -5.102759   2.768756    -1.84   0.065    -10.52942    .3239019
 _ImonXhou_12_9 |  -3.766179   3.192383    -1.18   0.238    -10.02313    2.490776
_ImonXhou_12_10 |  -3.169864   3.025981    -1.05   0.295    -9.100679     2.76095
_ImonXhou_12_11 |  -.7267116   2.996917    -0.24   0.808    -6.600561    5.147138
_ImonXhou_12_12 |  -.0355815   2.968916    -0.01   0.990     -5.85455    5.783387
_ImonXhou_12_13 |  -.6420234   2.857354    -0.22   0.822    -6.242335    4.958288
_ImonXhou_12_14 |  -4.117448    2.60079    -1.58   0.113    -9.214904    .9800072
_ImonXhou_12_15 |  -2.411167   2.727725    -0.88   0.377     -7.75741    2.935075
_ImonXhou_12_16 |  -3.725902   2.565565    -1.45   0.146    -8.754316    1.302512
_ImonXhou_12_17 |  -3.204214   2.520459    -1.27   0.204    -8.144224    1.735795
_ImonXhou_12_18 |   .1222947   2.830531     0.04   0.966    -5.425444    5.670033
_ImonXhou_12_19 |   3.154589   2.727053     1.16   0.247    -2.190337    8.499516
_ImonXhou_12_20 |  -.3727377    2.99431    -0.12   0.901    -6.241477    5.496002
_ImonXhou_12_21 |   -3.79118    2.91186    -1.30   0.193    -9.498322    1.915961
_ImonXhou_12_22 |   .2577195   2.901713     0.09   0.929    -5.429533    5.944972
_ImonXhou_12_23 |  -3.771723   2.773089    -1.36   0.174    -9.206878    1.663431
_ImonXhou_12_24 |  -2.889291   2.561966    -1.13   0.259    -7.910651    2.132069
   _ImonXtemp_2 |  -2.245477   .2617157    -8.58   0.000    -2.758431   -1.732524
   _ImonXtemp_3 |  -2.273212   .2597877    -8.75   0.000    -2.782387   -1.764038
   _ImonXtemp_4 |  -.8331097   .1847131    -4.51   0.000    -1.195141   -.4710786
   _ImonXtemp_5 |  -.9168647   .2058442    -4.45   0.000    -1.320312   -.5134176
   _ImonXtemp_6 |   2.072486   .3208999     6.46   0.000     1.443534    2.701439
   _ImonXtemp_7 |   .9206342   .2409407     3.82   0.000     .4483991    1.392869
   _ImonXtemp_8 |   .4043456   .2095341     1.93   0.054    -.0063337     .815025
   _ImonXtemp_9 |  -.1076141   .2115416    -0.51   0.611    -.5222279    .3069998
  _ImonXtemp_10 |  -.3115372   .2201147    -1.42   0.157    -.7429541    .1198797
  _ImonXtemp_11 |  -1.796869   .1633926   -11.00   0.000    -2.117112   -1.476625
  _ImonXtemp_12 |  -.3303331   .2543992    -1.30   0.194    -.8289463      .16828
   _ImonXtempa2 |   1.538791   .2400737     6.41   0.000     1.068255    2.009326
   _ImonXtempa3 |   1.715232   .2294274     7.48   0.000     1.265562    2.164901
   _ImonXtempa4 |   1.014029   .1768291     5.73   0.000       .66745    1.360607
   _ImonXtempa5 |   .7789082   .2020243     3.86   0.000     .3829478    1.174869
   _ImonXtempa6 |   .0804371   .2332481     0.34   0.730    -.3767209     .537595
   _ImonXtempa7 |   .1302394   .2133407     0.61   0.542    -.2879008    .5483795
   _ImonXtempa8 |   .5851379   .1803015     3.25   0.001     .2317534    .9385223
   _ImonXtempa9 |   1.189461   .1896496     6.27   0.000      .817755    1.561168
  _ImonXtempa10 |   .9565735    .181379     5.27   0.000     .6010773     1.31207
  _ImonXtempa11 |   .3799426   .1887049     2.01   0.044     .0100877    .7497974
  _ImonXtempa12 |   1.372419   .2685459     5.11   0.000     .8460791     1.89876
          _cons |   1.740154   3.494314     0.50   0.618    -5.108575    8.588883
---------------------------------------------------------------------------------
Instrumented:  ecost
Instruments:   windx windx2 temp tempx humid coal gas brent _Ihour_2 _Ihour_3
               _Ihour_4 _Ihour_5 _Ihour_6 _Ihour_7 _Ihour_8 _Ihour_9 _Ihour_10
               _Ihour_11 _Ihour_12 _Ihour_13 _Ihour_14 _Ihour_15 _Ihour_16
               _Ihour_17 _Ihour_18 _Ihour_19 _Ihour_20 _Ihour_21 _Ihour_22
               _Ihour_23 _Ihour_24 _Iyear_2005 _Iyear_2006 _Iweekd_2 _Iweekd_3
               _Iweekd_4 _Iweekd_5 _Iweekd_6 _Iweekd_7 _Imonth_2 _Imonth_3
               _Imonth_4 _Imonth_5 _Imonth_6 _Imonth_7 _Imonth_8 _Imonth_9
               _Imonth_10 _Imonth_11 _Imonth_12 _ImonXhou_2_2 _ImonXhou_2_3
               _ImonXhou_2_4 _ImonXhou_2_5 _ImonXhou_2_6 _ImonXhou_2_7
               _ImonXhou_2_8 _ImonXhou_2_9 _ImonXhou_2_10 _ImonXhou_2_11
               _ImonXhou_2_12 _ImonXhou_2_13 _ImonXhou_2_14 _ImonXhou_2_15
               _ImonXhou_2_16 _ImonXhou_2_17 _ImonXhou_2_18 _ImonXhou_2_19
               _ImonXhou_2_20 _ImonXhou_2_21 _ImonXhou_2_22 _ImonXhou_2_23
               _ImonXhou_2_24 _ImonXhou_3_2 _ImonXhou_3_3 _ImonXhou_3_4
               _ImonXhou_3_5 _ImonXhou_3_6 _ImonXhou_3_7 _ImonXhou_3_8
               _ImonXhou_3_9 _ImonXhou_3_10 _ImonXhou_3_11 _ImonXhou_3_12
               _ImonXhou_3_13 _ImonXhou_3_14 _ImonXhou_3_15 _ImonXhou_3_16
               _ImonXhou_3_17 _ImonXhou_3_18 _ImonXhou_3_19 _ImonXhou_3_20
               _ImonXhou_3_21 _ImonXhou_3_22 _ImonXhou_3_23 _ImonXhou_3_24
               _ImonXhou_4_2 _ImonXhou_4_3 _ImonXhou_4_4 _ImonXhou_4_5
               _ImonXhou_4_6 _ImonXhou_4_7 _ImonXhou_4_8 _ImonXhou_4_9
               _ImonXhou_4_10 _ImonXhou_4_11 _ImonXhou_4_12 _ImonXhou_4_13
               _ImonXhou_4_14 _ImonXhou_4_15 _ImonXhou_4_16 _ImonXhou_4_17
               _ImonXhou_4_18 _ImonXhou_4_19 _ImonXhou_4_20 _ImonXhou_4_21
               _ImonXhou_4_22 _ImonXhou_4_23 _ImonXhou_4_24 _ImonXhou_5_2
               _ImonXhou_5_3 _ImonXhou_5_4 _ImonXhou_5_5 _ImonXhou_5_6
               _ImonXhou_5_7 _ImonXhou_5_8 _ImonXhou_5_9 _ImonXhou_5_10
               _ImonXhou_5_11 _ImonXhou_5_12 _ImonXhou_5_13 _ImonXhou_5_14
               _ImonXhou_5_15 _ImonXhou_5_16 _ImonXhou_5_17 _ImonXhou_5_18
               _ImonXhou_5_19 _ImonXhou_5_20 _ImonXhou_5_21 _ImonXhou_5_22
               _ImonXhou_5_23 _ImonXhou_5_24 _ImonXhou_6_2 _ImonXhou_6_3
               _ImonXhou_6_4 _ImonXhou_6_5 _ImonXhou_6_6 _ImonXhou_6_7
               _ImonXhou_6_8 _ImonXhou_6_9 _ImonXhou_6_10 _ImonXhou_6_11
               _ImonXhou_6_12 _ImonXhou_6_13 _ImonXhou_6_14 _ImonXhou_6_15
               _ImonXhou_6_16 _ImonXhou_6_17 _ImonXhou_6_18 _ImonXhou_6_19
               _ImonXhou_6_20 _ImonXhou_6_21 _ImonXhou_6_22 _ImonXhou_6_23
               _ImonXhou_6_24 _ImonXhou_7_2 _ImonXhou_7_3 _ImonXhou_7_4
               _ImonXhou_7_5 _ImonXhou_7_6 _ImonXhou_7_7 _ImonXhou_7_8
               _ImonXhou_7_9 _ImonXhou_7_10 _ImonXhou_7_11 _ImonXhou_7_12
               _ImonXhou_7_13 _ImonXhou_7_14 _ImonXhou_7_15 _ImonXhou_7_16
               _ImonXhou_7_17 _ImonXhou_7_18 _ImonXhou_7_19 _ImonXhou_7_20
               _ImonXhou_7_21 _ImonXhou_7_22 _ImonXhou_7_23 _ImonXhou_7_24
               _ImonXhou_8_2 _ImonXhou_8_3 _ImonXhou_8_4 _ImonXhou_8_5
               _ImonXhou_8_6 _ImonXhou_8_7 _ImonXhou_8_8 _ImonXhou_8_9
               _ImonXhou_8_10 _ImonXhou_8_11 _ImonXhou_8_12 _ImonXhou_8_13
               _ImonXhou_8_14 _ImonXhou_8_15 _ImonXhou_8_16 _ImonXhou_8_17
               _ImonXhou_8_18 _ImonXhou_8_19 _ImonXhou_8_20 _ImonXhou_8_21
               _ImonXhou_8_22 _ImonXhou_8_23 _ImonXhou_8_24 _ImonXhou_9_2
               _ImonXhou_9_3 _ImonXhou_9_4 _ImonXhou_9_5 _ImonXhou_9_6
               _ImonXhou_9_7 _ImonXhou_9_8 _ImonXhou_9_9 _ImonXhou_9_10
               _ImonXhou_9_11 _ImonXhou_9_12 _ImonXhou_9_13 _ImonXhou_9_14
               _ImonXhou_9_15 _ImonXhou_9_16 _ImonXhou_9_17 _ImonXhou_9_18
               _ImonXhou_9_19 _ImonXhou_9_20 _ImonXhou_9_21 _ImonXhou_9_22
               _ImonXhou_9_23 _ImonXhou_9_24 _ImonXhou_10_2 _ImonXhou_10_3
               _ImonXhou_10_4 _ImonXhou_10_5 _ImonXhou_10_6 _ImonXhou_10_7
               _ImonXhou_10_8 _ImonXhou_10_9 _ImonXhou_10_10 _ImonXhou_10_11
               _ImonXhou_10_12 _ImonXhou_10_13 _ImonXhou_10_14 _ImonXhou_10_15
               _ImonXhou_10_16 _ImonXhou_10_17 _ImonXhou_10_18 _ImonXhou_10_19
               _ImonXhou_10_20 _ImonXhou_10_21 _ImonXhou_10_22 _ImonXhou_10_23
               _ImonXhou_10_24 _ImonXhou_11_2 _ImonXhou_11_3 _ImonXhou_11_4
               _ImonXhou_11_5 _ImonXhou_11_6 _ImonXhou_11_7 _ImonXhou_11_8
               _ImonXhou_11_9 _ImonXhou_11_10 _ImonXhou_11_11 _ImonXhou_11_12
               _ImonXhou_11_13 _ImonXhou_11_14 _ImonXhou_11_15 _ImonXhou_11_16
               _ImonXhou_11_17 _ImonXhou_11_18 _ImonXhou_11_19 _ImonXhou_11_20
               _ImonXhou_11_21 _ImonXhou_11_22 _ImonXhou_11_23 _ImonXhou_11_24
               _ImonXhou_12_2 _ImonXhou_12_3 _ImonXhou_12_4 _ImonXhou_12_5
               _ImonXhou_12_6 _ImonXhou_12_7 _ImonXhou_12_8 _ImonXhou_12_9
               _ImonXhou_12_10 _ImonXhou_12_11 _ImonXhou_12_12 _ImonXhou_12_13
               _ImonXhou_12_14 _ImonXhou_12_15 _ImonXhou_12_16 _ImonXhou_12_17
               _ImonXhou_12_18 _ImonXhou_12_19 _ImonXhou_12_20 _ImonXhou_12_21
               _ImonXhou_12_22 _ImonXhou_12_23 _ImonXhou_12_24 _ImonXtemp_2
               _ImonXtemp_3 _ImonXtemp_4 _ImonXtemp_5 _ImonXtemp_6 _ImonXtemp_7
               _ImonXtemp_8 _ImonXtemp_9 _ImonXtemp_10 _ImonXtemp_11
               _ImonXtemp_12 _ImonXtempa2 _ImonXtempa3 _ImonXtempa4
               _ImonXtempa5 _ImonXtempa6 _ImonXtempa7 _ImonXtempa8 _ImonXtempa9
               _ImonXtempa10 _ImonXtempa11 _ImonXtempa12 eprice

. estimates store spec_exact3

. 
. *(5) - HOURxINPUT
. ivregress 2sls mg_price ($maincost = $instruments) $supplycontrols $demandcontrols $controls $basefe _I
> monXyea* _ImonXhou* _ImonXtem*, robust
note: _Iyear_2007 omitted because of collinearity
note: _ImonXyea_2_2007 omitted because of collinearity
note: _ImonXyea_3_2006 omitted because of collinearity
note: _ImonXyea_3_2007 omitted because of collinearity
note: _ImonXyea_4_2006 omitted because of collinearity
note: _ImonXyea_4_2007 omitted because of collinearity
note: _ImonXyea_5_2006 omitted because of collinearity
note: _ImonXyea_5_2007 omitted because of collinearity
note: _ImonXyea_6_2006 omitted because of collinearity
note: _ImonXyea_6_2007 omitted because of collinearity
note: _ImonXyea_7_2006 omitted because of collinearity
note: _ImonXyea_7_2007 omitted because of collinearity
note: _ImonXyea_8_2006 omitted because of collinearity
note: _ImonXyea_8_2007 omitted because of collinearity
note: _ImonXyea_9_2006 omitted because of collinearity
note: _ImonXyea_9_2007 omitted because of collinearity
note: _ImonXyea_10_2006 omitted because of collinearity
note: _ImonXyea_10_2007 omitted because of collinearity
note: _ImonXyea_11_2006 omitted because of collinearity
note: _ImonXyea_11_2007 omitted because of collinearity
note: _ImonXyea_12_2006 omitted because of collinearity
note: _ImonXyea_12_2007 omitted because of collinearity

Instrumental variables (2SLS) regression               Number of obs =   14928
                                                       Wald chi2(338)=35043.88
                                                       Prob > chi2   =  0.0000
                                                       R-squared     =  0.7149
                                                       Root MSE      =  8.4405

-----------------------------------------------------------------------------------
                  |               Robust
         mg_price |      Coef.   Std. Err.      z    P>|z|     [95% Conf. Interval]
------------------+----------------------------------------------------------------
            ecost |   .7992943   .1718751     4.65   0.000     .4624254    1.136163
            windx |  -1.905756   .3340004    -5.71   0.000    -2.560384   -1.251127
           windx2 |   .0545325    .023345     2.34   0.019     .0087771    .1002878
             temp |   .6947312   .1410282     4.93   0.000      .418321    .9711415
            tempx |  -.9249792   .1493318    -6.19   0.000    -1.217664   -.6322943
            humid |   .0854107   .0131513     6.49   0.000     .0596347    .1111867
             coal |   47.75962   4.063617    11.75   0.000     39.79508    55.72417
              gas |   2.984666   .3577803     8.34   0.000     2.283429    3.685903
            brent |  -1.702025   .9133452    -1.86   0.062    -3.492149    .0880985
         _Ihour_2 |  -8.102002   1.545096    -5.24   0.000    -11.13033   -5.073669
         _Ihour_3 |  -11.85969   1.597654    -7.42   0.000    -14.99103   -8.728342
         _Ihour_4 |  -16.04455   1.751091    -9.16   0.000    -19.47663   -12.61247
         _Ihour_5 |  -18.55608    1.80155   -10.30   0.000    -22.08705    -15.0251
         _Ihour_6 |  -19.11187   1.796562   -10.64   0.000    -22.63306   -15.59067
         _Ihour_7 |  -15.00335   1.639801    -9.15   0.000     -18.2173    -11.7894
         _Ihour_8 |  -7.655749   1.745533    -4.39   0.000    -11.07693   -4.234567
         _Ihour_9 |  -6.635491   2.206202    -3.01   0.003    -10.95957   -2.311416
        _Ihour_10 |  -4.174186   1.984038    -2.10   0.035    -8.062828   -.2855436
        _Ihour_11 |   -.043355   1.843858    -0.02   0.981     -3.65725     3.57054
        _Ihour_12 |   .7618454     1.9098     0.40   0.690    -2.981295    4.504985
        _Ihour_13 |   1.156589   1.816054     0.64   0.524    -2.402812     4.71599
        _Ihour_14 |    -.14163    1.60163    -0.09   0.930    -3.280768    2.997508
        _Ihour_15 |  -1.425738   1.701617    -0.84   0.402    -4.760846    1.909371
        _Ihour_16 |  -2.790211   1.708667    -1.63   0.102    -6.139137    .5587156
        _Ihour_17 |  -3.821228   1.700662    -2.25   0.025    -7.154464   -.4879916
        _Ihour_18 |  -2.075242   1.721179    -1.21   0.228     -5.44869    1.298206
        _Ihour_19 |   3.474992   1.803117     1.93   0.054    -.0590518    7.009035
        _Ihour_20 |   8.868891   1.967993     4.51   0.000     5.011695    12.72609
        _Ihour_21 |   7.944617   2.001041     3.97   0.000     4.022648    11.86659
        _Ihour_22 |   3.731939   1.827338     2.04   0.041     .1504219    7.313457
        _Ihour_23 |   3.080873   1.702964     1.81   0.070    -.2568755    6.418622
        _Ihour_24 |   4.424503   1.652353     2.68   0.007     1.185952    7.663055
      _Iyear_2005 |   14.50513   1.174595    12.35   0.000     12.20297     16.8073
      _Iyear_2006 |    26.3074   3.171891     8.29   0.000      20.0906    32.52419
      _Iyear_2007 |          0  (omitted)
        _Iweekd_2 |   .5036106   .2650459     1.90   0.057    -.0158698    1.023091
        _Iweekd_3 |   .9124715   .2783604     3.28   0.001      .366895    1.458048
        _Iweekd_4 |   .9359561   .2803525     3.34   0.001     .3864754    1.485437
        _Iweekd_5 |  -.2352114    .266276    -0.88   0.377    -.7571028    .2866799
        _Iweekd_6 |  -3.874779   .2635996   -14.70   0.000    -4.391425   -3.358133
        _Iweekd_7 |  -8.372396    .285068   -29.37   0.000    -8.931119   -7.813673
        _Imonth_2 |  -14.83607   3.874112    -3.83   0.000    -22.42919   -7.242954
        _Imonth_3 |  -14.06764   3.434109    -4.10   0.000    -20.79837    -7.33691
        _Imonth_4 |  -15.66414   2.857613    -5.48   0.000    -21.26496   -10.06332
        _Imonth_5 |  -17.44333   3.073466    -5.68   0.000    -23.46722   -11.41945
        _Imonth_6 |  -50.94838   4.492815   -11.34   0.000    -59.75414   -42.14262
        _Imonth_7 |  -27.28789   3.777716    -7.22   0.000    -34.69208    -19.8837
        _Imonth_8 |  -32.27645   4.264952    -7.57   0.000    -40.63561    -23.9173
        _Imonth_9 |  -43.07609    4.62737    -9.31   0.000    -52.14557   -34.00661
       _Imonth_10 |   -25.3323   3.183427    -7.96   0.000     -31.5717   -19.09289
       _Imonth_11 |   3.348674   3.662545     0.91   0.361    -3.829781    10.52713
       _Imonth_12 |  -12.40125   4.131671    -3.00   0.003    -20.49917   -4.303319
 _ImonXyea_2_2005 |  -.6888306   .9554647    -0.72   0.471    -2.561507    1.183846
 _ImonXyea_2_2006 |  -.7968097   1.142696    -0.70   0.486    -3.036452    1.442833
 _ImonXyea_2_2007 |          0  (omitted)
 _ImonXyea_3_2005 |   1.302828   1.241741     1.05   0.294    -1.130939    3.736595
 _ImonXyea_3_2006 |          0  (omitted)
 _ImonXyea_3_2007 |          0  (omitted)
 _ImonXyea_4_2005 |   -.292801   1.432207    -0.20   0.838    -3.099875    2.514273
 _ImonXyea_4_2006 |          0  (omitted)
 _ImonXyea_4_2007 |          0  (omitted)
 _ImonXyea_5_2005 |  -6.258631   1.494963    -4.19   0.000    -9.188705   -3.328557
 _ImonXyea_5_2006 |          0  (omitted)
 _ImonXyea_5_2007 |          0  (omitted)
 _ImonXyea_6_2005 |   2.260948   2.027063     1.12   0.265    -1.712022    6.233917
 _ImonXyea_6_2006 |          0  (omitted)
 _ImonXyea_6_2007 |          0  (omitted)
 _ImonXyea_7_2005 |   5.322236   2.237537     2.38   0.017      .936744    9.707728
 _ImonXyea_7_2006 |          0  (omitted)
 _ImonXyea_7_2007 |          0  (omitted)
 _ImonXyea_8_2005 |   3.163651   1.877746     1.68   0.092    -.5166639    6.843967
 _ImonXyea_8_2006 |          0  (omitted)
 _ImonXyea_8_2007 |          0  (omitted)
 _ImonXyea_9_2005 |   4.657864   2.105698     2.21   0.027     .5307717    8.784957
 _ImonXyea_9_2006 |          0  (omitted)
 _ImonXyea_9_2007 |          0  (omitted)
_ImonXyea_10_2005 |  -.3787195   1.968932    -0.19   0.847    -4.237756    3.480317
_ImonXyea_10_2006 |          0  (omitted)
_ImonXyea_10_2007 |          0  (omitted)
_ImonXyea_11_2005 |    3.17309   1.894174     1.68   0.094    -.5394236    6.885603
_ImonXyea_11_2006 |          0  (omitted)
_ImonXyea_11_2007 |          0  (omitted)
_ImonXyea_12_2005 |   6.055723   2.050608     2.95   0.003     2.036604    10.07484
_ImonXyea_12_2006 |          0  (omitted)
_ImonXyea_12_2007 |          0  (omitted)
    _ImonXhou_2_2 |    1.57749   2.233202     0.71   0.480    -2.799506    5.954486
    _ImonXhou_2_3 |   1.695841   2.292338     0.74   0.459    -2.797058     6.18874
    _ImonXhou_2_4 |    4.66335    2.31149     2.02   0.044     .1329124    9.193788
    _ImonXhou_2_5 |   3.844176   2.271362     1.69   0.091    -.6076111    8.295964
    _ImonXhou_2_6 |   3.403005   2.260908     1.51   0.132    -1.028293    7.834302
    _ImonXhou_2_7 |    3.58888   2.200586     1.63   0.103    -.7241893     7.90195
    _ImonXhou_2_8 |   2.507495   2.431087     1.03   0.302    -2.257348    7.272338
    _ImonXhou_2_9 |   2.401467   2.874949     0.84   0.404     -3.23333    8.036263
   _ImonXhou_2_10 |   3.071886   2.778243     1.11   0.269    -2.373371    8.517142
   _ImonXhou_2_11 |   3.198641    2.65323     1.21   0.228    -2.001595    8.398878
   _ImonXhou_2_12 |   1.852506   2.657106     0.70   0.486    -3.355326    7.060339
   _ImonXhou_2_13 |   3.528617   2.589527     1.36   0.173    -1.546763    8.603997
   _ImonXhou_2_14 |   2.502511   2.309549     1.08   0.279    -2.024121    7.029144
   _ImonXhou_2_15 |   .6373891   2.403949     0.27   0.791    -4.074265    5.349043
   _ImonXhou_2_16 |   1.249355   2.368477     0.53   0.598    -3.392775    5.891485
   _ImonXhou_2_17 |     .77678   2.372738     0.33   0.743    -3.873701    5.427261
   _ImonXhou_2_18 |  -.3048715   2.440838    -0.12   0.901    -5.088826    4.479083
   _ImonXhou_2_19 |  -2.285187   2.518493    -0.91   0.364    -7.221343    2.650969
   _ImonXhou_2_20 |  -.0700164   2.714292    -0.03   0.979     -5.38993    5.249898
   _ImonXhou_2_21 |  -.3025882   2.756032    -0.11   0.913    -5.704312    5.099136
   _ImonXhou_2_22 |   4.232548   2.784445     1.52   0.128    -1.224864    9.689959
   _ImonXhou_2_23 |  -.6582055   2.360152    -0.28   0.780    -5.284017    3.967606
   _ImonXhou_2_24 |  -.0927205    2.28901    -0.04   0.968    -4.579098    4.393657
    _ImonXhou_3_2 |   3.257127   2.275581     1.43   0.152    -1.202929    7.717184
    _ImonXhou_3_3 |   3.840986    2.25652     1.70   0.089    -.5817123    8.263685
    _ImonXhou_3_4 |    5.73375   2.415724     2.37   0.018     .9990178    10.46848
    _ImonXhou_3_5 |   6.708283   2.442012     2.75   0.006     1.922027    11.49454
    _ImonXhou_3_6 |   7.070303   2.409917     2.93   0.003     2.346952    11.79365
    _ImonXhou_3_7 |    6.64966   2.285928     2.91   0.004     2.169323       11.13
    _ImonXhou_3_8 |   2.874146   2.449691     1.17   0.241     -1.92716    7.675451
    _ImonXhou_3_9 |   4.970999   2.825195     1.76   0.078    -.5662814    10.50828
   _ImonXhou_3_10 |   7.806817   2.844197     2.74   0.006     2.232293    13.38134
   _ImonXhou_3_11 |   4.671422   2.812909     1.66   0.097     -.841778    10.18462
   _ImonXhou_3_12 |   4.787812   2.857771     1.68   0.094    -.8133162    10.38894
   _ImonXhou_3_13 |   5.292714   2.889417     1.83   0.067    -.3704392    10.95587
   _ImonXhou_3_14 |   1.909519   2.345594     0.81   0.416     -2.68776    6.506798
   _ImonXhou_3_15 |    2.16792   2.451881     0.88   0.377    -2.637678    6.973518
   _ImonXhou_3_16 |   2.478555   2.458848     1.01   0.313    -2.340699    7.297808
   _ImonXhou_3_17 |   3.635585   2.494022     1.46   0.145    -1.252608    8.523778
   _ImonXhou_3_18 |   1.127736   2.395037     0.47   0.638     -3.56645    5.821922
   _ImonXhou_3_19 |  -3.073497   2.564492    -1.20   0.231    -8.099809    1.952815
   _ImonXhou_3_20 |  -2.047043   3.097263    -0.66   0.509    -8.117567     4.02348
   _ImonXhou_3_21 |   1.985974   3.045977     0.65   0.514    -3.984031     7.95598
   _ImonXhou_3_22 |   5.577289   3.002616     1.86   0.063    -.3077312    11.46231
   _ImonXhou_3_23 |   2.217716   2.650006     0.84   0.403    -2.976201    7.411632
   _ImonXhou_3_24 |  -1.394996   2.567003    -0.54   0.587    -6.426228    3.636237
    _ImonXhou_4_2 |   4.075017   1.898192     2.15   0.032     .3546296    7.795404
    _ImonXhou_4_3 |   5.336408    1.94891     2.74   0.006     1.516615      9.1562
    _ImonXhou_4_4 |   8.959619   1.999036     4.48   0.000      5.04158    12.87766
    _ImonXhou_4_5 |   9.722629   2.025983     4.80   0.000     5.751776    13.69348
    _ImonXhou_4_6 |   10.90373   2.035817     5.36   0.000     6.913598    14.89386
    _ImonXhou_4_7 |   9.069023   1.909196     4.75   0.000     5.327067    12.81098
    _ImonXhou_4_8 |   5.665441   2.072341     2.73   0.006     1.603727    9.727156
    _ImonXhou_4_9 |   4.861567   2.457881     1.98   0.048     .0442077    9.678926
   _ImonXhou_4_10 |   5.324312   2.336018     2.28   0.023     .7458002    9.902824
   _ImonXhou_4_11 |    1.91347   2.250999     0.85   0.395    -2.498407    6.325348
   _ImonXhou_4_12 |   2.370363   2.243051     1.06   0.291    -2.025936    6.766661
   _ImonXhou_4_13 |   1.209082   2.167118     0.56   0.577    -3.038392    5.456555
   _ImonXhou_4_14 |   2.022827   2.023784     1.00   0.318    -1.943717    5.989371
   _ImonXhou_4_15 |   1.840588   2.033236     0.91   0.365     -2.14448    5.825657
   _ImonXhou_4_16 |   2.491896   1.998981     1.25   0.213    -1.426035    6.409827
   _ImonXhou_4_17 |   3.171641   2.006006     1.58   0.114    -.7600577    7.103341
   _ImonXhou_4_18 |   2.184375   2.092805     1.04   0.297    -1.917448    6.286197
   _ImonXhou_4_19 |  -3.266066   2.136775    -1.53   0.126    -7.454068    .9219362
   _ImonXhou_4_20 |  -10.05244   2.280187    -4.41   0.000    -14.52153   -5.583358
   _ImonXhou_4_21 |   -8.10648   2.296956    -3.53   0.000    -12.60843    -3.60453
   _ImonXhou_4_22 |   3.145777   2.420522     1.30   0.194    -1.598359    7.889912
   _ImonXhou_4_23 |  -.8514229   2.104803    -0.40   0.686    -4.976761    3.273915
   _ImonXhou_4_24 |  -6.156405    2.02347    -3.04   0.002    -10.12233   -2.190478
    _ImonXhou_5_2 |   4.144766   1.950678     2.12   0.034     .3215072    7.968026
    _ImonXhou_5_3 |   7.171308    1.97438     3.63   0.000     3.301593    11.04102
    _ImonXhou_5_4 |   10.21587   2.052533     4.98   0.000     6.192977    14.23876
    _ImonXhou_5_5 |   11.89669   2.065007     5.76   0.000     7.849347    15.94403
    _ImonXhou_5_6 |   12.59042   2.060564     6.11   0.000     8.551789    16.62905
    _ImonXhou_5_7 |   9.983651    1.93381     5.16   0.000     6.193453    13.77385
    _ImonXhou_5_8 |   5.531064   2.090173     2.65   0.008       1.4344    9.627728
    _ImonXhou_5_9 |   6.411693   2.544112     2.52   0.012     1.425326    11.39806
   _ImonXhou_5_10 |   5.050922   2.362203     2.14   0.032     .4210883    9.680755
   _ImonXhou_5_11 |   1.599853   2.246158     0.71   0.476    -2.802536    6.002243
   _ImonXhou_5_12 |   1.645748   2.266693     0.73   0.468    -2.796887    6.088384
   _ImonXhou_5_13 |    1.91495   2.230113     0.86   0.391    -2.455992    6.285892
   _ImonXhou_5_14 |   2.513849   2.101254     1.20   0.232    -1.604533     6.63223
   _ImonXhou_5_15 |   2.816582   2.262205     1.25   0.213    -1.617259    7.250422
   _ImonXhou_5_16 |   3.119615   2.120626     1.47   0.141    -1.036736    7.275966
   _ImonXhou_5_17 |   4.762535   2.136174     2.23   0.026     .5757114    8.949359
   _ImonXhou_5_18 |   2.688588    2.15052     1.25   0.211    -1.526355     6.90353
   _ImonXhou_5_19 |  -2.139396   2.193374    -0.98   0.329    -6.438329    2.159537
   _ImonXhou_5_20 |  -8.607894   2.322107    -3.71   0.000    -13.15914   -4.056648
   _ImonXhou_5_21 |  -9.493582   2.307937    -4.11   0.000    -14.01706   -4.970107
   _ImonXhou_5_22 |   1.292462   2.272664     0.57   0.570    -3.161877    5.746801
   _ImonXhou_5_23 |   .1788408   2.175569     0.08   0.934    -4.085197    4.442879
   _ImonXhou_5_24 |  -4.758167   2.054788    -2.32   0.021    -8.785478   -.7308569
    _ImonXhou_6_2 |   4.144164   2.018582     2.05   0.040     .1878152    8.100513
    _ImonXhou_6_3 |   6.531768   2.072077     3.15   0.002     2.470572    10.59296
    _ImonXhou_6_4 |   9.749597   2.191058     4.45   0.000     5.455203    14.04399
    _ImonXhou_6_5 |   11.67589   2.204019     5.30   0.000     7.356087    15.99568
    _ImonXhou_6_6 |   13.06792   2.211289     5.91   0.000     8.733871    17.40197
    _ImonXhou_6_7 |   10.50296   2.098237     5.01   0.000     6.390491    14.61543
    _ImonXhou_6_8 |    5.36527   2.174378     2.47   0.014     1.103567    9.626973
    _ImonXhou_6_9 |   10.27317   2.744962     3.74   0.000     4.893143     15.6532
   _ImonXhou_6_10 |   11.36591   2.540921     4.47   0.000     6.385793    16.34602
   _ImonXhou_6_11 |   10.75532   2.646712     4.06   0.000     5.567857    15.94278
   _ImonXhou_6_12 |   13.06992    3.17681     4.11   0.000     6.843484    19.29635
   _ImonXhou_6_13 |   13.49731   2.967623     4.55   0.000     7.680879    19.31375
   _ImonXhou_6_14 |    15.8538   3.088424     5.13   0.000     9.800604      21.907
   _ImonXhou_6_15 |   14.60381   3.114839     4.69   0.000     8.498837    20.70878
   _ImonXhou_6_16 |   12.00448   2.521882     4.76   0.000     7.061678    16.94727
   _ImonXhou_6_17 |   15.61604   2.948949     5.30   0.000      9.83621    21.39588
   _ImonXhou_6_18 |   16.66734   3.323682     5.01   0.000     10.15304    23.18164
   _ImonXhou_6_19 |    9.20913   3.010272     3.06   0.002     3.309105    15.10915
   _ImonXhou_6_20 |   1.510462   2.884804     0.52   0.601     -4.14365    7.164574
   _ImonXhou_6_21 |    -2.3606    2.44658    -0.96   0.335    -7.155809    2.434608
   _ImonXhou_6_22 |   3.688732   2.404187     1.53   0.125    -1.023388    8.400852
   _ImonXhou_6_23 |   7.661123   2.395787     3.20   0.001     2.965467    12.35678
   _ImonXhou_6_24 |   .1358753   2.188901     0.06   0.951    -4.154292    4.426043
    _ImonXhou_7_2 |   4.954286   2.107398     2.35   0.019     .8238616     9.08471
    _ImonXhou_7_3 |   5.779854   2.055573     2.81   0.005     1.751006    9.808702
    _ImonXhou_7_4 |   9.885507    2.19392     4.51   0.000     5.585503    14.18551
    _ImonXhou_7_5 |    11.4556   2.245388     5.10   0.000     7.054725    15.85648
    _ImonXhou_7_6 |   12.51217    2.20615     5.67   0.000     8.188199    16.83615
    _ImonXhou_7_7 |   10.28838    2.12377     4.84   0.000     6.125864    14.45089
    _ImonXhou_7_8 |   5.030223    2.17854     2.31   0.021     .7603618    9.300084
    _ImonXhou_7_9 |   7.523429   2.615993     2.88   0.004     2.396177    12.65068
   _ImonXhou_7_10 |   10.94993   2.543465     4.31   0.000     5.964825    15.93503
   _ImonXhou_7_11 |   10.16016    2.71128     3.75   0.000     4.846149    15.47417
   _ImonXhou_7_12 |   9.462702   2.746842     3.44   0.001      4.07899    14.84641
   _ImonXhou_7_13 |    11.6669   2.719517     4.29   0.000     6.336742    16.99705
   _ImonXhou_7_14 |   12.62203    2.58707     4.88   0.000      7.55146    17.69259
   _ImonXhou_7_15 |   10.87178   2.520803     4.31   0.000     5.931099    15.81247
   _ImonXhou_7_16 |   14.11971   2.469629     5.72   0.000     9.279324    18.96009
   _ImonXhou_7_17 |   11.86362   2.489201     4.77   0.000     6.984879    16.74237
   _ImonXhou_7_18 |   12.84246   2.664274     4.82   0.000     7.620583    18.06434
   _ImonXhou_7_19 |   8.046473   2.840841     2.83   0.005     2.478526    13.61442
   _ImonXhou_7_20 |  -1.040461   2.536287    -0.41   0.682    -6.011492    3.930571
   _ImonXhou_7_21 |  -1.435007   2.479813    -0.58   0.563    -6.295352    3.425337
   _ImonXhou_7_22 |   3.556032   2.398364     1.48   0.138    -1.144675     8.25674
   _ImonXhou_7_23 |   6.758618   2.275709     2.97   0.003      2.29831    11.21893
   _ImonXhou_7_24 |  -1.139096   2.279206    -0.50   0.617    -5.606258    3.328066
    _ImonXhou_8_2 |   5.141258   1.942308     2.65   0.008     1.334404    8.948112
    _ImonXhou_8_3 |   6.999662   1.990051     3.52   0.000     3.099233    10.90009
    _ImonXhou_8_4 |   11.67135   2.252996     5.18   0.000     7.255555    16.08714
    _ImonXhou_8_5 |   11.75825    2.23681     5.26   0.000     7.374184    16.14232
    _ImonXhou_8_6 |   13.38557   2.199043     6.09   0.000     9.075524    17.69561
    _ImonXhou_8_7 |   9.944055   1.973483     5.04   0.000     6.076098    13.81201
    _ImonXhou_8_8 |   3.482566   2.111495     1.65   0.099    -.6558892     7.62102
    _ImonXhou_8_9 |   3.044896   2.455249     1.24   0.215    -1.767304    7.857096
   _ImonXhou_8_10 |   6.804582   2.319515     2.93   0.003     2.258417    11.35075
   _ImonXhou_8_11 |   6.020336   2.261144     2.66   0.008     1.588574     10.4521
   _ImonXhou_8_12 |   7.426739   2.560778     2.90   0.004     2.407707    12.44577
   _ImonXhou_8_13 |   9.344457    2.78642     3.35   0.001     3.883174    14.80574
   _ImonXhou_8_14 |   12.20353   2.648436     4.61   0.000     7.012693    17.39437
   _ImonXhou_8_15 |   9.112711   2.339022     3.90   0.000     4.528312    13.69711
   _ImonXhou_8_16 |    9.59105   2.271252     4.22   0.000     5.139477    14.04262
   _ImonXhou_8_17 |   8.936499   2.114422     4.23   0.000     4.792309    13.08069
   _ImonXhou_8_18 |   9.384659   2.461897     3.81   0.000     4.559429    14.20989
   _ImonXhou_8_19 |   2.995296   2.566613     1.17   0.243    -2.035172    8.025764
   _ImonXhou_8_20 |  -3.610541   2.446896    -1.48   0.140     -8.40637    1.185287
   _ImonXhou_8_21 |  -4.741201   2.350874    -2.02   0.044    -9.348828    -.133573
   _ImonXhou_8_22 |   5.492195   2.697909     2.04   0.042     .2043917       10.78
   _ImonXhou_8_23 |   5.676136   2.307198     2.46   0.014     1.154111    10.19816
   _ImonXhou_8_24 |  -3.673977   2.108797    -1.74   0.081    -7.807143    .4591894
    _ImonXhou_9_2 |   5.638057   2.136896     2.64   0.008     1.449817    9.826297
    _ImonXhou_9_3 |    6.05305    2.15334     2.81   0.005      1.83258    10.27352
    _ImonXhou_9_4 |   10.59594   2.337256     4.53   0.000     6.015001    15.17688
    _ImonXhou_9_5 |    11.5444   2.298045     5.02   0.000     7.040315    16.04849
    _ImonXhou_9_6 |   13.42063   2.376386     5.65   0.000     8.762997    18.07826
    _ImonXhou_9_7 |   10.81114    2.12122     5.10   0.000     6.653625    14.96865
    _ImonXhou_9_8 |   11.15301   2.334821     4.78   0.000     6.576844    15.72917
    _ImonXhou_9_9 |   11.73223   2.714374     4.32   0.000     6.412156    17.05231
   _ImonXhou_9_10 |   14.15554   2.576311     5.49   0.000     9.106058    19.20501
   _ImonXhou_9_11 |   12.93201   2.572634     5.03   0.000     7.889737    17.97428
   _ImonXhou_9_12 |    15.2649   2.843471     5.37   0.000       9.6918      20.838
   _ImonXhou_9_13 |   16.83356   2.683304     6.27   0.000     11.57438    22.09274
   _ImonXhou_9_14 |   14.01731   2.349927     5.96   0.000     9.411538    18.62308
   _ImonXhou_9_15 |   13.33159   2.455072     5.43   0.000     8.519739    18.14345
   _ImonXhou_9_16 |   15.40651   2.573167     5.99   0.000      10.3632    20.44983
   _ImonXhou_9_17 |   16.41152   2.717912     6.04   0.000     11.08451    21.73853
   _ImonXhou_9_18 |   15.35998   2.731453     5.62   0.000     10.00643    20.71353
   _ImonXhou_9_19 |   9.486048   2.636124     3.60   0.000      4.31934    14.65276
   _ImonXhou_9_20 |   3.297573   2.594554     1.27   0.204    -1.787659    8.382806
   _ImonXhou_9_21 |    7.85569   2.719332     2.89   0.004     2.525897    13.18548
   _ImonXhou_9_22 |   20.63595   2.778102     7.43   0.000     15.19097    26.08093
   _ImonXhou_9_23 |   9.079976   2.396834     3.79   0.000     4.382268    13.77768
   _ImonXhou_9_24 |  -5.162677   2.246631    -2.30   0.022    -9.565993   -.7593617
   _ImonXhou_10_2 |   5.894185   2.126107     2.77   0.006     1.727091    10.06128
   _ImonXhou_10_3 |   6.464854     2.0895     3.09   0.002      2.36951     10.5602
   _ImonXhou_10_4 |   10.59596   2.316477     4.57   0.000     6.055748    15.13617
   _ImonXhou_10_5 |   12.43567   2.339993     5.31   0.000     7.849368    17.02197
   _ImonXhou_10_6 |   13.90924   2.404246     5.79   0.000     9.197006    18.62148
   _ImonXhou_10_7 |   11.67114   2.106911     5.54   0.000     7.541673    15.80061
   _ImonXhou_10_8 |   13.80743    2.44306     5.65   0.000     9.019119    18.59574
   _ImonXhou_10_9 |   14.63787   2.860499     5.12   0.000     9.031395    20.24435
  _ImonXhou_10_10 |   13.28452   2.585581     5.14   0.000     8.216877    18.35217
  _ImonXhou_10_11 |   10.83556   2.550176     4.25   0.000     5.837306    15.83381
  _ImonXhou_10_12 |   11.85865   2.554674     4.64   0.000     6.851579    16.86572
  _ImonXhou_10_13 |    12.2305   2.515127     4.86   0.000      7.30094    17.16006
  _ImonXhou_10_14 |     12.651   2.322967     5.45   0.000     8.098069    17.20393
  _ImonXhou_10_15 |   9.287196   2.300376     4.04   0.000     4.778542    13.79585
  _ImonXhou_10_16 |   9.559234   2.261546     4.23   0.000     5.126685    13.99178
  _ImonXhou_10_17 |    11.5517    2.34974     4.92   0.000     6.946291     16.1571
  _ImonXhou_10_18 |   10.86028    2.39859     4.53   0.000     6.159128    15.56143
  _ImonXhou_10_19 |   5.196001   2.431475     2.14   0.033     .4303982    9.961604
  _ImonXhou_10_20 |   5.016331   2.673779     1.88   0.061    -.2241791    10.25684
  _ImonXhou_10_21 |   13.93308   2.870493     4.85   0.000     8.307022    19.55915
  _ImonXhou_10_22 |   13.87325   2.487829     5.58   0.000     8.997194     18.7493
  _ImonXhou_10_23 |   6.024447   2.363967     2.55   0.011     1.391156    10.65774
  _ImonXhou_10_24 |  -3.752043   2.271092    -1.65   0.099    -8.203302    .6992159
   _ImonXhou_11_2 |   .5092667   2.351725     0.22   0.829     -4.10003    5.118563
   _ImonXhou_11_3 |   1.297993   2.325165     0.56   0.577    -3.259245    5.855232
   _ImonXhou_11_4 |   3.910201   2.410407     1.62   0.105    -.8141099    8.634513
   _ImonXhou_11_5 |    5.08371   2.396765     2.12   0.034     .3861358    9.781284
   _ImonXhou_11_6 |   6.341709   2.411137     2.63   0.009     1.615967    11.06745
   _ImonXhou_11_7 |   4.812111   2.287975     2.10   0.035     .3277613     9.29646
   _ImonXhou_11_8 |   4.394722   2.485545     1.77   0.077    -.4768565      9.2663
   _ImonXhou_11_9 |    5.58701   2.897619     1.93   0.054    -.0922178    11.26624
  _ImonXhou_11_10 |   6.182603   2.730411     2.26   0.024      .831095    11.53411
  _ImonXhou_11_11 |   4.628236   2.709175     1.71   0.088     -.681649    9.938121
  _ImonXhou_11_12 |   5.224501   2.810969     1.86   0.063    -.2848965     10.7339
  _ImonXhou_11_13 |   3.501028   2.662933     1.31   0.189    -1.718224     8.72028
  _ImonXhou_11_14 |   3.922629   2.440833     1.61   0.108    -.8613162    8.706574
  _ImonXhou_11_15 |   2.048628   2.461376     0.83   0.405    -2.775581    6.872837
  _ImonXhou_11_16 |   3.483001    2.53192     1.38   0.169    -1.479472    8.445474
  _ImonXhou_11_17 |   3.763468   2.495606     1.51   0.132     -1.12783    8.654767
  _ImonXhou_11_18 |   4.586124   2.469025     1.86   0.063    -.2530755    9.425323
  _ImonXhou_11_19 |   6.693589   2.628596     2.55   0.011     1.541637    11.84554
  _ImonXhou_11_20 |   5.285797   2.694292     1.96   0.050     .0050823    10.56651
  _ImonXhou_11_21 |   3.406391   3.023464     1.13   0.260     -2.51949    9.332271
  _ImonXhou_11_22 |   5.607148   2.754409     2.04   0.042     .2086054    11.00569
  _ImonXhou_11_23 |   .5822401   2.517544     0.23   0.817    -4.352056    5.516536
  _ImonXhou_11_24 |  -1.609375   2.486041    -0.65   0.517    -6.481926    3.263176
   _ImonXhou_12_2 |  -2.799955   2.452649    -1.14   0.254    -7.607058    2.007149
   _ImonXhou_12_3 |  -4.490854   2.339589    -1.92   0.055    -9.076364    .0946552
   _ImonXhou_12_4 |   -2.88558    2.34038    -1.23   0.218     -7.47264    1.701479
   _ImonXhou_12_5 |  -2.939508   2.348557    -1.25   0.211    -7.542595    1.663578
   _ImonXhou_12_6 |  -3.147486   2.330612    -1.35   0.177      -7.7154    1.420429
   _ImonXhou_12_7 |  -4.114543   2.381106    -1.73   0.084    -8.781425    .5523399
   _ImonXhou_12_8 |  -5.235416   2.722134    -1.92   0.054     -10.5707    .0998679
   _ImonXhou_12_9 |   -3.89014   3.148711    -1.24   0.217     -10.0615    2.281221
  _ImonXhou_12_10 |  -3.211459   2.964956    -1.08   0.279    -9.022665    2.599748
  _ImonXhou_12_11 |  -.5706093   2.912188    -0.20   0.845    -6.278394    5.137175
  _ImonXhou_12_12 |   .0773611   2.888778     0.03   0.979    -5.584539    5.739261
  _ImonXhou_12_13 |   -.531323   2.776943    -0.19   0.848    -5.974032    4.911386
  _ImonXhou_12_14 |  -3.843793   2.523136    -1.52   0.128    -8.789049    1.101463
  _ImonXhou_12_15 |  -2.599638   2.630064    -0.99   0.323    -7.754468    2.555193
  _ImonXhou_12_16 |  -3.882813   2.477599    -1.57   0.117    -8.738818    .9731912
  _ImonXhou_12_17 |  -3.369198   2.452429    -1.37   0.169     -8.17587    1.437474
  _ImonXhou_12_18 |   .2231456   2.732502     0.08   0.935     -5.13246    5.578752
  _ImonXhou_12_19 |    3.58366   2.674132     1.34   0.180    -1.657543    8.824863
  _ImonXhou_12_20 |  -.1934604   2.912172    -0.07   0.947    -5.901213    5.514293
  _ImonXhou_12_21 |  -3.372976   2.843299    -1.19   0.236     -8.94574    2.199788
  _ImonXhou_12_22 |   .4322125   2.817081     0.15   0.878    -5.089166    5.953591
  _ImonXhou_12_23 |  -3.888373   2.686004    -1.45   0.148    -9.152844    1.376099
  _ImonXhou_12_24 |  -2.965415   2.484444    -1.19   0.233    -7.834837    1.904006
     _ImonXtemp_2 |  -2.568787   .2710668    -9.48   0.000    -3.100068   -2.037505
     _ImonXtemp_3 |  -2.399952    .272472    -8.81   0.000    -2.933987   -1.865917
     _ImonXtemp_4 |  -.6787405   .1874417    -3.62   0.000     -1.04612   -.3113614
     _ImonXtemp_5 |  -1.676466   .2074055    -8.08   0.000    -2.082973   -1.269959
     _ImonXtemp_6 |   2.073911   .3391532     6.11   0.000     1.409183    2.738639
     _ImonXtemp_7 |   .8757904   .2386708     3.67   0.000     .4080043    1.343577
     _ImonXtemp_8 |   .3136317   .2104713     1.49   0.136    -.0988845    .7261478
     _ImonXtemp_9 |  -.4423403   .2132479    -2.07   0.038    -.8602985   -.0243822
    _ImonXtemp_10 |  -.5273436   .2182584    -2.42   0.016    -.9551221    -.099565
    _ImonXtemp_11 |  -1.889569    .166042   -11.38   0.000    -2.215005   -1.564133
    _ImonXtemp_12 |  -.3081443    .249497    -1.24   0.217    -.7971494    .1808608
     _ImonXtempa2 |   1.659486   .2439323     6.80   0.000     1.181388    2.137585
     _ImonXtempa3 |   1.829763   .2349176     7.79   0.000     1.369333    2.290193
     _ImonXtempa4 |   .9606733   .1759717     5.46   0.000      .615775    1.305572
     _ImonXtempa5 |   1.661913   .2033749     8.17   0.000     1.263306    2.060521
     _ImonXtempa6 |   .1019323     .24576     0.41   0.678    -.3797485    .5836132
     _ImonXtempa7 |   .1895127   .2109061     0.90   0.369    -.2238556     .602881
     _ImonXtempa8 |   .6307584   .1791988     3.52   0.000     .2795352    .9819816
     _ImonXtempa9 |   1.518008    .197101     7.70   0.000     1.131697    1.904319
    _ImonXtempa10 |   1.100026    .179381     6.13   0.000      .748446    1.451607
    _ImonXtempa11 |   .6401647   .1891622     3.38   0.001     .2694136    1.010916
    _ImonXtempa12 |   1.385343    .264049     5.25   0.000     .8678163    1.902869
            _cons |   9.761452   4.060657     2.40   0.016     1.802711    17.72019
-----------------------------------------------------------------------------------
Instrumented:  ecost
Instruments:   windx windx2 temp tempx humid coal gas brent _Ihour_2 _Ihour_3
               _Ihour_4 _Ihour_5 _Ihour_6 _Ihour_7 _Ihour_8 _Ihour_9 _Ihour_10
               _Ihour_11 _Ihour_12 _Ihour_13 _Ihour_14 _Ihour_15 _Ihour_16
               _Ihour_17 _Ihour_18 _Ihour_19 _Ihour_20 _Ihour_21 _Ihour_22
               _Ihour_23 _Ihour_24 _Iyear_2005 _Iyear_2006 _Iweekd_2 _Iweekd_3
               _Iweekd_4 _Iweekd_5 _Iweekd_6 _Iweekd_7 _Imonth_2 _Imonth_3
               _Imonth_4 _Imonth_5 _Imonth_6 _Imonth_7 _Imonth_8 _Imonth_9
               _Imonth_10 _Imonth_11 _Imonth_12 _ImonXyea_2_2005 _ImonXyea_2_2006
               _ImonXyea_3_2005 _ImonXyea_4_2005 _ImonXyea_5_2005
               _ImonXyea_6_2005 _ImonXyea_7_2005 _ImonXyea_8_2005
               _ImonXyea_9_2005 _ImonXyea_10_2005 _ImonXyea_11_2005
               _ImonXyea_12_2005 _ImonXhou_2_2 _ImonXhou_2_3 _ImonXhou_2_4
               _ImonXhou_2_5 _ImonXhou_2_6 _ImonXhou_2_7 _ImonXhou_2_8
               _ImonXhou_2_9 _ImonXhou_2_10 _ImonXhou_2_11 _ImonXhou_2_12
               _ImonXhou_2_13 _ImonXhou_2_14 _ImonXhou_2_15 _ImonXhou_2_16
               _ImonXhou_2_17 _ImonXhou_2_18 _ImonXhou_2_19 _ImonXhou_2_20
               _ImonXhou_2_21 _ImonXhou_2_22 _ImonXhou_2_23 _ImonXhou_2_24
               _ImonXhou_3_2 _ImonXhou_3_3 _ImonXhou_3_4 _ImonXhou_3_5
               _ImonXhou_3_6 _ImonXhou_3_7 _ImonXhou_3_8 _ImonXhou_3_9
               _ImonXhou_3_10 _ImonXhou_3_11 _ImonXhou_3_12 _ImonXhou_3_13
               _ImonXhou_3_14 _ImonXhou_3_15 _ImonXhou_3_16 _ImonXhou_3_17
               _ImonXhou_3_18 _ImonXhou_3_19 _ImonXhou_3_20 _ImonXhou_3_21
               _ImonXhou_3_22 _ImonXhou_3_23 _ImonXhou_3_24 _ImonXhou_4_2
               _ImonXhou_4_3 _ImonXhou_4_4 _ImonXhou_4_5 _ImonXhou_4_6
               _ImonXhou_4_7 _ImonXhou_4_8 _ImonXhou_4_9 _ImonXhou_4_10
               _ImonXhou_4_11 _ImonXhou_4_12 _ImonXhou_4_13 _ImonXhou_4_14
               _ImonXhou_4_15 _ImonXhou_4_16 _ImonXhou_4_17 _ImonXhou_4_18
               _ImonXhou_4_19 _ImonXhou_4_20 _ImonXhou_4_21 _ImonXhou_4_22
               _ImonXhou_4_23 _ImonXhou_4_24 _ImonXhou_5_2 _ImonXhou_5_3
               _ImonXhou_5_4 _ImonXhou_5_5 _ImonXhou_5_6 _ImonXhou_5_7
               _ImonXhou_5_8 _ImonXhou_5_9 _ImonXhou_5_10 _ImonXhou_5_11
               _ImonXhou_5_12 _ImonXhou_5_13 _ImonXhou_5_14 _ImonXhou_5_15
               _ImonXhou_5_16 _ImonXhou_5_17 _ImonXhou_5_18 _ImonXhou_5_19
               _ImonXhou_5_20 _ImonXhou_5_21 _ImonXhou_5_22 _ImonXhou_5_23
               _ImonXhou_5_24 _ImonXhou_6_2 _ImonXhou_6_3 _ImonXhou_6_4
               _ImonXhou_6_5 _ImonXhou_6_6 _ImonXhou_6_7 _ImonXhou_6_8
               _ImonXhou_6_9 _ImonXhou_6_10 _ImonXhou_6_11 _ImonXhou_6_12
               _ImonXhou_6_13 _ImonXhou_6_14 _ImonXhou_6_15 _ImonXhou_6_16
               _ImonXhou_6_17 _ImonXhou_6_18 _ImonXhou_6_19 _ImonXhou_6_20
               _ImonXhou_6_21 _ImonXhou_6_22 _ImonXhou_6_23 _ImonXhou_6_24
               _ImonXhou_7_2 _ImonXhou_7_3 _ImonXhou_7_4 _ImonXhou_7_5
               _ImonXhou_7_6 _ImonXhou_7_7 _ImonXhou_7_8 _ImonXhou_7_9
               _ImonXhou_7_10 _ImonXhou_7_11 _ImonXhou_7_12 _ImonXhou_7_13
               _ImonXhou_7_14 _ImonXhou_7_15 _ImonXhou_7_16 _ImonXhou_7_17
               _ImonXhou_7_18 _ImonXhou_7_19 _ImonXhou_7_20 _ImonXhou_7_21
               _ImonXhou_7_22 _ImonXhou_7_23 _ImonXhou_7_24 _ImonXhou_8_2
               _ImonXhou_8_3 _ImonXhou_8_4 _ImonXhou_8_5 _ImonXhou_8_6
               _ImonXhou_8_7 _ImonXhou_8_8 _ImonXhou_8_9 _ImonXhou_8_10
               _ImonXhou_8_11 _ImonXhou_8_12 _ImonXhou_8_13 _ImonXhou_8_14
               _ImonXhou_8_15 _ImonXhou_8_16 _ImonXhou_8_17 _ImonXhou_8_18
               _ImonXhou_8_19 _ImonXhou_8_20 _ImonXhou_8_21 _ImonXhou_8_22
               _ImonXhou_8_23 _ImonXhou_8_24 _ImonXhou_9_2 _ImonXhou_9_3
               _ImonXhou_9_4 _ImonXhou_9_5 _ImonXhou_9_6 _ImonXhou_9_7
               _ImonXhou_9_8 _ImonXhou_9_9 _ImonXhou_9_10 _ImonXhou_9_11
               _ImonXhou_9_12 _ImonXhou_9_13 _ImonXhou_9_14 _ImonXhou_9_15
               _ImonXhou_9_16 _ImonXhou_9_17 _ImonXhou_9_18 _ImonXhou_9_19
               _ImonXhou_9_20 _ImonXhou_9_21 _ImonXhou_9_22 _ImonXhou_9_23
               _ImonXhou_9_24 _ImonXhou_10_2 _ImonXhou_10_3 _ImonXhou_10_4
               _ImonXhou_10_5 _ImonXhou_10_6 _ImonXhou_10_7 _ImonXhou_10_8
               _ImonXhou_10_9 _ImonXhou_10_10 _ImonXhou_10_11 _ImonXhou_10_12
               _ImonXhou_10_13 _ImonXhou_10_14 _ImonXhou_10_15 _ImonXhou_10_16
               _ImonXhou_10_17 _ImonXhou_10_18 _ImonXhou_10_19 _ImonXhou_10_20
               _ImonXhou_10_21 _ImonXhou_10_22 _ImonXhou_10_23 _ImonXhou_10_24
               _ImonXhou_11_2 _ImonXhou_11_3 _ImonXhou_11_4 _ImonXhou_11_5
               _ImonXhou_11_6 _ImonXhou_11_7 _ImonXhou_11_8 _ImonXhou_11_9
               _ImonXhou_11_10 _ImonXhou_11_11 _ImonXhou_11_12 _ImonXhou_11_13
               _ImonXhou_11_14 _ImonXhou_11_15 _ImonXhou_11_16 _ImonXhou_11_17
               _ImonXhou_11_18 _ImonXhou_11_19 _ImonXhou_11_20 _ImonXhou_11_21
               _ImonXhou_11_22 _ImonXhou_11_23 _ImonXhou_11_24 _ImonXhou_12_2
               _ImonXhou_12_3 _ImonXhou_12_4 _ImonXhou_12_5 _ImonXhou_12_6
               _ImonXhou_12_7 _ImonXhou_12_8 _ImonXhou_12_9 _ImonXhou_12_10
               _ImonXhou_12_11 _ImonXhou_12_12 _ImonXhou_12_13 _ImonXhou_12_14
               _ImonXhou_12_15 _ImonXhou_12_16 _ImonXhou_12_17 _ImonXhou_12_18
               _ImonXhou_12_19 _ImonXhou_12_20 _ImonXhou_12_21 _ImonXhou_12_22
               _ImonXhou_12_23 _ImonXhou_12_24 _ImonXtemp_2 _ImonXtemp_3
               _ImonXtemp_4 _ImonXtemp_5 _ImonXtemp_6 _ImonXtemp_7 _ImonXtemp_8
               _ImonXtemp_9 _ImonXtemp_10 _ImonXtemp_11 _ImonXtemp_12
               _ImonXtempa2 _ImonXtempa3 _ImonXtempa4 _ImonXtempa5 _ImonXtempa6
               _ImonXtempa7 _ImonXtempa8 _ImonXtempa9 _ImonXtempa10 _ImonXtempa11
               _ImonXtempa12 eprice

. estimates store spec_exact4

. 
. *(5) - HOURxINPUT
. ivregress 2sls mg_price ($maincost = $instruments) $supplycontrols $demandcontrols $controls1 $basefe _
> ImonXyea* _ImonXhou* _ImonXtem*, robust
note: _Iyear_2007 omitted because of collinearity
note: _ImonXyea_2_2007 omitted because of collinearity
note: _ImonXyea_3_2006 omitted because of collinearity
note: _ImonXyea_3_2007 omitted because of collinearity
note: _ImonXyea_4_2006 omitted because of collinearity
note: _ImonXyea_4_2007 omitted because of collinearity
note: _ImonXyea_5_2006 omitted because of collinearity
note: _ImonXyea_5_2007 omitted because of collinearity
note: _ImonXyea_6_2006 omitted because of collinearity
note: _ImonXyea_6_2007 omitted because of collinearity
note: _ImonXyea_7_2006 omitted because of collinearity
note: _ImonXyea_7_2007 omitted because of collinearity
note: _ImonXyea_8_2006 omitted because of collinearity
note: _ImonXyea_8_2007 omitted because of collinearity
note: _ImonXyea_9_2006 omitted because of collinearity
note: _ImonXyea_9_2007 omitted because of collinearity
note: _ImonXyea_10_2006 omitted because of collinearity
note: _ImonXyea_10_2007 omitted because of collinearity
note: _ImonXyea_11_2006 omitted because of collinearity
note: _ImonXyea_11_2007 omitted because of collinearity
note: _ImonXyea_12_2006 omitted because of collinearity
note: _ImonXyea_12_2007 omitted because of collinearity

Instrumental variables (2SLS) regression               Number of obs =   14928
                                                       Wald chi2(407)=47031.96
                                                       Prob > chi2   =  0.0000
                                                       R-squared     =  0.7403
                                                       Root MSE      =  8.0564

-----------------------------------------------------------------------------------
                  |               Robust
         mg_price |      Coef.   Std. Err.      z    P>|z|     [95% Conf. Interval]
------------------+----------------------------------------------------------------
            ecost |   .8024969   .1670519     4.80   0.000     .4750812    1.129913
            windx |  -1.993843   .3231232    -6.17   0.000    -2.627153   -1.360533
           windx2 |   .0577011   .0226255     2.55   0.011     .0133559    .1020462
             temp |   .7160036   .1286345     5.57   0.000     .4638845    .9681226
            tempx |  -.9467865   .1405025    -6.74   0.000    -1.222166   -.6714065
            humid |   .0820293   .0125208     6.55   0.000     .0574891    .1065695
                  |
      hour#c.coal |
               2  |   -16.9426    9.73727    -1.74   0.082     -36.0273    2.142095
               3  |  -16.80341   9.653213    -1.74   0.082    -35.72336    2.116538
               4  |  -28.81431   9.707564    -2.97   0.003    -47.84079   -9.787837
               5  |  -33.10218   9.389804    -3.53   0.000    -51.50586    -14.6985
               6  |  -39.25375   9.658612    -4.06   0.000    -58.18428   -20.32322
               7  |  -20.33036   8.998657    -2.26   0.024    -37.96741   -2.693319
               8  |  -16.94842   10.65165    -1.59   0.112    -37.82527    3.928438
               9  |  -21.19131   11.79051    -1.80   0.072    -44.30028     1.91766
              10  |  -23.72175   12.02597    -1.97   0.049    -47.29222   -.1512734
              11  |  -3.874948   12.58088    -0.31   0.758    -28.53301    20.78312
              12  |  -20.04653   14.29155    -1.40   0.161    -48.05746    7.964393
              13  |  -17.35791   13.47605    -1.29   0.198    -43.77047    9.054661
              14  |  -25.52191   12.64609    -2.02   0.044    -50.30779   -.7360334
              15  |  -17.55094   11.50569    -1.53   0.127    -40.10169    4.999805
              16  |  -21.69415     11.403    -1.90   0.057    -44.04361    .6553212
              17  |  -7.771841   11.90315    -0.65   0.514    -31.10159    15.55791
              18  |  -5.461148   13.20369    -0.41   0.679     -31.3399     20.4176
              19  |   5.297536   12.71614     0.42   0.677    -19.62564    30.22072
              20  |  -2.647256   12.53668    -0.21   0.833    -27.21869    21.92418
              21  |   4.346253   12.47879     0.35   0.728    -20.11173    28.80424
              22  |  -14.04466   14.06709    -1.00   0.318    -41.61565    13.52632
              23  |  -3.725832    10.8532    -0.34   0.731    -24.99772    17.54606
              24  |   14.86332   9.993778     1.49   0.137    -4.724126    34.45076
                  |
       hour#c.gas |
               2  |   -4.33909   1.516497    -2.86   0.004     -7.31137   -1.366811
               3  |  -5.035576   1.542615    -3.26   0.001    -8.059047   -2.012106
               4  |  -5.974347   1.762659    -3.39   0.001    -9.429096   -2.519598
               5  |  -4.884394   1.577181    -3.10   0.002    -7.975611   -1.793176
               6  |  -5.617417   1.640931    -3.42   0.001    -8.833583   -2.401252
               7  |  -4.561429   1.469738    -3.10   0.002    -7.442064   -1.680795
               8  |   -1.74681   1.596041    -1.09   0.274    -4.874992    1.381372
               9  |   -3.59552   1.923867    -1.87   0.062     -7.36623    .1751899
              10  |  -3.194244   2.579244    -1.24   0.216    -8.249469    1.860981
              11  |  -1.240012   2.684767    -0.46   0.644    -6.502058    4.022034
              12  |  -.5066126   3.182829    -0.16   0.874    -6.744843    5.731618
              13  |    .235701   2.057145     0.11   0.909     -3.79623    4.267632
              14  |  -1.398161   1.745498    -0.80   0.423    -4.819274    2.022952
              15  |  -1.902042    2.06382    -0.92   0.357    -5.947055    2.142971
              16  |  -1.813953    1.92068    -0.94   0.345    -5.578416    1.950509
              17  |  -2.311859   1.940714    -1.19   0.234    -6.115588     1.49187
              18  |  -3.949464   1.700259    -2.32   0.020    -7.281911    -.617018
              19  |  -1.125531   2.190681    -0.51   0.607    -5.419188    3.168125
              20  |   2.762957   2.591647     1.07   0.286    -2.316579    7.842493
              21  |    3.43398   2.399818     1.43   0.152    -1.269578    8.137537
              22  |   1.279163   2.267027     0.56   0.573    -3.164129    5.722456
              23  |   1.189445   2.109941     0.56   0.573    -2.945964    5.324854
              24  |  -1.162888   2.664775    -0.44   0.663    -6.385752    4.059976
                  |
     hour#c.brent |
               2  |  -.4733576   1.584139    -0.30   0.765    -3.578213    2.631498
               3  |  -.6024106   1.566042    -0.38   0.700    -3.671797    2.466976
               4  |  -1.915674   1.641446    -1.17   0.243     -5.13285    1.301502
               5  |   -4.56965   1.571998    -2.91   0.004     -7.65071    -1.48859
               6  |  -4.248932   1.548771    -2.74   0.006    -7.284468   -1.213397
               7  |  -3.196441      1.501    -2.13   0.033    -6.138346   -.2545357
               8  |  -2.779615   1.694848    -1.64   0.101    -6.101457    .5422268
               9  |  -1.072305   1.977327    -0.54   0.588    -4.947796    2.803185
              10  |   .1860271   2.291255     0.08   0.935     -4.30475    4.676804
              11  |   3.062404   2.462018     1.24   0.214    -1.763063    7.887871
              12  |   2.369606   2.922864     0.81   0.418    -3.359102    8.098313
              13  |    3.05122    2.21772     1.38   0.169    -1.295432    7.397871
              14  |   4.002356   1.999014     2.00   0.045     .0843614    7.920351
              15  |   5.180192   2.141246     2.42   0.016     .9834274    9.376958
              16  |    3.11221   1.951421     1.59   0.111    -.7125043    6.936924
              17  |   2.857864   2.024657     1.41   0.158    -1.110391    6.826119
              18  |   4.583686    1.98167     2.31   0.021     .6996853    8.467687
              19  |   4.788846     2.1686     2.21   0.027     .5384684    9.039224
              20  |   3.852097    2.43172     1.58   0.113    -.9139874    8.618181
              21  |   3.442083   2.086556     1.65   0.099     -.647492    7.531658
              22  |   5.865123   2.204527     2.66   0.008     1.544329    10.18592
              23  |   3.052766   1.982353     1.54   0.124    -.8325753    6.938107
              24  |   3.526991   2.294014     1.54   0.124    -.9691944    8.023176
                  |
             coal |   59.85351   8.706512     6.87   0.000     42.78906    76.91796
              gas |   5.577149   1.400594     3.98   0.000     2.832034    8.322263
            brent |  -2.726081   1.540555    -1.77   0.077    -5.745513    .2933518
         _Ihour_2 |   13.84552   8.669702     1.60   0.110    -3.146787    30.83782
         _Ihour_3 |   11.90568   8.621753     1.38   0.167    -4.992644    28.80401
         _Ihour_4 |   21.40038   8.629227     2.48   0.013     4.487402    38.31335
         _Ihour_5 |   26.63987      8.458     3.15   0.002     10.06249    43.21724
         _Ihour_6 |   30.89257   8.569616     3.60   0.000     14.09643    47.68871
         _Ihour_7 |   17.18461   8.059912     2.13   0.033      1.38747    32.98174
         _Ihour_8 |   15.01873   9.501108     1.58   0.114    -3.603097    33.64056
         _Ihour_9 |    17.5929   10.54231     1.67   0.095    -3.069645    38.25545
        _Ihour_10 |   17.70019   10.92061     1.62   0.105    -3.703822     39.1042
        _Ihour_11 |  -1.958851   11.21816    -0.17   0.861    -23.94604    20.02834
        _Ihour_12 |   10.40321   12.43508     0.84   0.403    -13.96909    34.77551
        _Ihour_13 |   5.468106   11.37711     0.48   0.631    -16.83062    27.76683
        _Ihour_14 |   10.34017   10.60918     0.97   0.330    -10.45343    31.13378
        _Ihour_15 |     .35349   10.17738     0.03   0.972    -19.59382     20.3008
        _Ihour_16 |   7.152156   9.905831     0.72   0.470    -12.26292    26.56723
        _Ihour_17 |  -1.463492   10.36356    -0.14   0.888    -21.77569    18.84871
        _Ihour_18 |  -2.166397   11.30508    -0.19   0.848    -24.32396    19.99116
        _Ihour_19 |    -8.1673    11.0176    -0.74   0.459     -29.7614     13.4268
        _Ihour_20 |  -.3796565   11.35122    -0.03   0.973    -22.62763    21.86832
        _Ihour_21 |  -7.119384    10.9846    -0.65   0.517    -28.64881    14.41004
        _Ihour_22 |  -1.215316   11.80618    -0.10   0.918      -24.355    21.92437
        _Ihour_23 |  -4.661396   9.273297    -0.50   0.615    -22.83673    13.51393
        _Ihour_24 |  -11.88895   8.758568    -1.36   0.175    -29.05543    5.277532
      _Iyear_2005 |   14.11294   1.153634    12.23   0.000     11.85186    16.37402
      _Iyear_2006 |   27.01048   3.078076     8.78   0.000     20.97756     33.0434
      _Iyear_2007 |          0  (omitted)
        _Iweekd_2 |   .4602648    .246086     1.87   0.061     -.022055    .9425846
        _Iweekd_3 |   .8460985   .2590901     3.27   0.001     .3382912    1.353906
        _Iweekd_4 |   .8692327   .2613678     3.33   0.001     .3569612    1.381504
        _Iweekd_5 |  -.3069308   .2482637    -1.24   0.216    -.7935186    .1796571
        _Iweekd_6 |  -4.057542   .2503938   -16.20   0.000    -4.548305   -3.566779
        _Iweekd_7 |  -8.727356   .2796471   -31.21   0.000    -9.275454   -8.179257
        _Imonth_2 |  -15.16652   3.701237    -4.10   0.000    -22.42081   -7.912228
        _Imonth_3 |  -12.90314   3.307935    -3.90   0.000    -19.38657   -6.419702
        _Imonth_4 |  -14.58364   2.812522    -5.19   0.000    -20.09608   -9.071199
        _Imonth_5 |  -16.59971   3.062834    -5.42   0.000    -22.60275   -10.59666
        _Imonth_6 |  -50.18448   4.345121   -11.55   0.000    -58.70076    -41.6682
        _Imonth_7 |  -27.30283   3.839356    -7.11   0.000    -34.82783   -19.77783
        _Imonth_8 |  -31.80042   4.633082    -6.86   0.000    -40.88109   -22.71975
        _Imonth_9 |  -43.40639   4.889147    -8.88   0.000    -52.98894   -33.82384
       _Imonth_10 |  -24.21936   3.503193    -6.91   0.000    -31.08549   -17.35322
       _Imonth_11 |   4.755578   3.648221     1.30   0.192    -2.394803    11.90596
       _Imonth_12 |  -11.53278   4.042961    -2.85   0.004    -19.45684   -3.608724
 _ImonXyea_2_2005 |  -1.044307   .9084519    -1.15   0.250     -2.82484    .7362264
 _ImonXyea_2_2006 |   -1.65457   1.098572    -1.51   0.132    -3.807731    .4985907
 _ImonXyea_2_2007 |          0  (omitted)
 _ImonXyea_3_2005 |   1.342151   1.164435     1.15   0.249     -.940099    3.624401
 _ImonXyea_3_2006 |          0  (omitted)
 _ImonXyea_3_2007 |          0  (omitted)
 _ImonXyea_4_2005 |  -.3342326   1.376931    -0.24   0.808    -3.032968    2.364503
 _ImonXyea_4_2006 |          0  (omitted)
 _ImonXyea_4_2007 |          0  (omitted)
 _ImonXyea_5_2005 |  -6.338937   1.446035    -4.38   0.000    -9.173113   -3.504761
 _ImonXyea_5_2006 |          0  (omitted)
 _ImonXyea_5_2007 |          0  (omitted)
 _ImonXyea_6_2005 |   2.791667   1.967667     1.42   0.156     -1.06489    6.648224
 _ImonXyea_6_2006 |          0  (omitted)
 _ImonXyea_6_2007 |          0  (omitted)
 _ImonXyea_7_2005 |   5.401335   2.161247     2.50   0.012     1.165369    9.637301
 _ImonXyea_7_2006 |          0  (omitted)
 _ImonXyea_7_2007 |          0  (omitted)
 _ImonXyea_8_2005 |   2.974617   1.830109     1.63   0.104    -.6123297    6.561565
 _ImonXyea_8_2006 |          0  (omitted)
 _ImonXyea_8_2007 |          0  (omitted)
 _ImonXyea_9_2005 |   4.664916   2.034102     2.29   0.022     .6781497    8.651683
 _ImonXyea_9_2006 |          0  (omitted)
 _ImonXyea_9_2007 |          0  (omitted)
_ImonXyea_10_2005 |  -.7543004   1.917973    -0.39   0.694    -4.513457    3.004857
_ImonXyea_10_2006 |          0  (omitted)
_ImonXyea_10_2007 |          0  (omitted)
_ImonXyea_11_2005 |   3.169259    1.82776     1.73   0.083    -.4130851    6.751602
_ImonXyea_11_2006 |          0  (omitted)
_ImonXyea_11_2007 |          0  (omitted)
_ImonXyea_12_2005 |   6.774538   1.956224     3.46   0.001     2.940409    10.60867
_ImonXyea_12_2006 |          0  (omitted)
_ImonXyea_12_2007 |          0  (omitted)
    _ImonXhou_2_2 |   1.968284   2.204101     0.89   0.372    -2.351675    6.288242
    _ImonXhou_2_3 |   1.925786   2.238411     0.86   0.390    -2.461419     6.31299
    _ImonXhou_2_4 |   5.319301   2.169638     2.45   0.014     1.066889    9.571713
    _ImonXhou_2_5 |   4.548871   2.026391     2.24   0.025      .577218    8.520524
    _ImonXhou_2_6 |   4.262276   1.978159     2.15   0.031     .3851553    8.139397
    _ImonXhou_2_7 |   3.890188   2.056067     1.89   0.058     -.139629    7.920006
    _ImonXhou_2_8 |   2.940806   2.381163     1.24   0.217    -1.726187    7.607798
    _ImonXhou_2_9 |   2.945347   2.803055     1.05   0.293     -2.54854    8.439234
   _ImonXhou_2_10 |   3.717404   2.740276     1.36   0.175    -1.653439    9.088247
   _ImonXhou_2_11 |    3.14115   2.636887     1.19   0.234    -2.027054    8.309354
   _ImonXhou_2_12 |   2.398197   2.717809     0.88   0.378    -2.928611    7.725006
   _ImonXhou_2_13 |   3.979127   2.565942     1.55   0.121    -1.050027    9.008281
   _ImonXhou_2_14 |   3.003782   2.272776     1.32   0.186    -1.450776    7.458341
   _ImonXhou_2_15 |    1.49588   2.262455     0.66   0.508    -2.938451    5.930211
   _ImonXhou_2_16 |   2.045965   2.302858     0.89   0.374    -2.467554    6.559485
   _ImonXhou_2_17 |   1.121923   2.340269     0.48   0.632     -3.46492    5.708765
   _ImonXhou_2_18 |  -.2822259   2.405034    -0.12   0.907    -4.996006    4.431554
   _ImonXhou_2_19 |  -4.061015   2.376102    -1.71   0.087    -8.718088    .5960587
   _ImonXhou_2_20 |  -1.268825   2.539715    -0.50   0.617    -6.246575    3.708925
   _ImonXhou_2_21 |  -.0854879    2.53085    -0.03   0.973    -5.045863    4.874887
   _ImonXhou_2_22 |   3.967185   2.470065     1.61   0.108    -.8740525    8.808422
   _ImonXhou_2_23 |  -.5476065   2.218149    -0.25   0.805      -4.8951    3.799887
   _ImonXhou_2_24 |  -.7733611   2.205022    -0.35   0.726    -5.095125    3.548403
    _ImonXhou_3_2 |   2.030572   2.338388     0.87   0.385    -2.552585    6.613729
    _ImonXhou_3_3 |   2.599103   2.306838     1.13   0.260    -1.922215    7.120422
    _ImonXhou_3_4 |   4.000618   2.357553     1.70   0.090    -.6201016    8.621337
    _ImonXhou_3_5 |    5.40351   2.315675     2.33   0.020     .8648705    9.942149
    _ImonXhou_3_6 |   5.736369   2.293968     2.50   0.012     1.240275    10.23246
    _ImonXhou_3_7 |   5.370362   2.211255     2.43   0.015     1.036382    9.704342
    _ImonXhou_3_8 |   2.097696   2.501999     0.84   0.402    -2.806132    7.001524
    _ImonXhou_3_9 |   4.712765   2.934506     1.61   0.108    -1.038762    10.46429
   _ImonXhou_3_10 |   7.924864   3.076644     2.58   0.010     1.894753    13.95498
   _ImonXhou_3_11 |   4.128917   2.964118     1.39   0.164    -1.680649    9.938482
   _ImonXhou_3_12 |   5.084696   3.112446     1.63   0.102    -1.015585    11.18498
   _ImonXhou_3_13 |   5.437145   2.962158     1.84   0.066    -.3685788    11.24287
   _ImonXhou_3_14 |   2.673801   2.499408     1.07   0.285    -2.224949    7.572551
   _ImonXhou_3_15 |   3.508866   2.557666     1.37   0.170    -1.504068      8.5218
   _ImonXhou_3_16 |   3.565671   2.575644     1.38   0.166      -1.4825    8.613841
   _ImonXhou_3_17 |   3.698822   2.617479     1.41   0.158    -1.431343    8.828988
   _ImonXhou_3_18 |    .713445   2.490499     0.29   0.775    -4.167842    5.594733
   _ImonXhou_3_19 |  -5.231393   2.656349    -1.97   0.049    -10.43774   -.0250441
   _ImonXhou_3_20 |  -4.116666   3.054363    -1.35   0.178    -10.10311    1.869775
   _ImonXhou_3_21 |   1.062246   2.937792     0.36   0.718     -4.69572    6.820213
   _ImonXhou_3_22 |   5.530222   2.847505     1.94   0.052    -.0507853    11.11123
   _ImonXhou_3_23 |   3.462873   2.625919     1.32   0.187    -1.683834    8.609581
   _ImonXhou_3_24 |  -2.626575   2.790021    -0.94   0.346    -8.094915    2.841765
    _ImonXhou_4_2 |    2.00377   2.026664     0.99   0.323    -1.968419     5.97596
    _ImonXhou_4_3 |   2.767471   2.053003     1.35   0.178    -1.256342    6.791283
    _ImonXhou_4_4 |   5.890228   1.956463     3.01   0.003      2.05563    9.724826
    _ImonXhou_4_5 |   6.905392   1.888523     3.66   0.000     3.203955    10.60683
    _ImonXhou_4_6 |   8.034935   1.907799     4.21   0.000     4.295717    11.77415
    _ImonXhou_4_7 |    6.35236    1.88577     3.37   0.001     2.656319     10.0484
    _ImonXhou_4_8 |   4.641401   2.167592     2.14   0.032     .3929988    8.889804
    _ImonXhou_4_9 |   3.685162   2.540519     1.45   0.147    -1.294165    8.664489
   _ImonXhou_4_10 |   4.632716   2.552505     1.81   0.070    -.3701015    9.635534
   _ImonXhou_4_11 |    1.14733   2.487192     0.46   0.645    -3.727478    6.022137
   _ImonXhou_4_12 |   2.522718   2.591922     0.97   0.330    -2.557355    7.602792
   _ImonXhou_4_13 |   2.004416   2.360831     0.85   0.396    -2.622726    6.631559
   _ImonXhou_4_14 |   2.356253   2.165115     1.09   0.276    -1.887295    6.599801
   _ImonXhou_4_15 |    2.59923   2.135579     1.22   0.224    -1.586428    6.784888
   _ImonXhou_4_16 |   3.271157   2.118393     1.54   0.123    -.8808176    7.423131
   _ImonXhou_4_17 |   2.861462   2.160272     1.32   0.185    -1.372594    7.095517
   _ImonXhou_4_18 |    .989853   2.215971     0.45   0.655     -3.35337    5.333076
   _ImonXhou_4_19 |  -5.427138   2.254879    -2.41   0.016    -9.846619   -1.007657
   _ImonXhou_4_20 |  -12.63174   2.456176    -5.14   0.000    -17.44576   -7.817725
   _ImonXhou_4_21 |    -9.7468   2.301324    -4.24   0.000    -14.25731   -5.236288
   _ImonXhou_4_22 |   3.155673   2.447472     1.29   0.197    -1.641284    7.952629
   _ImonXhou_4_23 |   .5696528   2.198563     0.26   0.796    -3.739452    4.878758
   _ImonXhou_4_24 |  -7.381051   2.318759    -3.18   0.001    -11.92574   -2.836366
    _ImonXhou_5_2 |   2.127679   2.152721     0.99   0.323    -2.091577    6.346934
    _ImonXhou_5_3 |   4.680084   2.163079     2.16   0.030     .4405266    8.919642
    _ImonXhou_5_4 |   7.329631   2.113265     3.47   0.001     3.187707    11.47155
    _ImonXhou_5_5 |    9.59514   2.045483     4.69   0.000     5.586067    13.60421
    _ImonXhou_5_6 |   10.19337   2.032202     5.02   0.000     6.210324    14.17641
    _ImonXhou_5_7 |   7.505965   2.010479     3.73   0.000     3.565498    11.44643
    _ImonXhou_5_8 |   4.766417   2.264583     2.10   0.035     .3279155    9.204918
    _ImonXhou_5_9 |    5.35473    2.74455     1.95   0.051    -.0244892    10.73395
   _ImonXhou_5_10 |   4.431308   2.714758     1.63   0.103    -.8895205    9.752136
   _ImonXhou_5_11 |   .4571691   2.649768     0.17   0.863    -4.736281    5.650619
   _ImonXhou_5_12 |   1.283109   2.876216     0.45   0.656    -4.354171     6.92039
   _ImonXhou_5_13 |    2.22254   2.568383     0.87   0.387    -2.811399    7.256479
   _ImonXhou_5_14 |   2.437695   2.347864     1.04   0.299    -2.164033    7.039423
   _ImonXhou_5_15 |   3.229782   2.471944     1.31   0.191    -1.615139    8.074703
   _ImonXhou_5_16 |   3.528158   2.348267     1.50   0.133    -1.074361    8.130676
   _ImonXhou_5_17 |   4.167095    2.39941     1.74   0.082     -.535661    8.869851
   _ImonXhou_5_18 |   .9433815   2.365228     0.40   0.690     -3.69238    5.579143
   _ImonXhou_5_19 |  -4.743009   2.422148    -1.96   0.050    -9.490332    .0043135
   _ImonXhou_5_20 |  -11.32604   2.644287    -4.28   0.000    -16.50874   -6.143328
   _ImonXhou_5_21 |   -11.2862   2.453429    -4.60   0.000    -16.09483   -6.477568
   _ImonXhou_5_22 |  -.1675948   2.455138    -0.07   0.946    -4.979577    4.644388
   _ImonXhou_5_23 |    1.33629   2.417328     0.55   0.580    -3.401585    6.074166
   _ImonXhou_5_24 |  -6.320915    2.47934    -2.55   0.011    -11.18033   -1.461499
    _ImonXhou_6_2 |   2.623816   2.334702     1.12   0.261    -1.952116    7.199748
    _ImonXhou_6_3 |   4.593637   2.355968     1.95   0.051    -.0239754    9.211249
    _ImonXhou_6_4 |   8.037494   2.338449     3.44   0.001     3.454217    12.62077
    _ImonXhou_6_5 |   10.81502   2.273187     4.76   0.000      6.35966    15.27039
    _ImonXhou_6_6 |   12.28553   2.297508     5.35   0.000     7.782503    16.78857
    _ImonXhou_6_7 |    8.93899   2.222441     4.02   0.000     4.583086    13.29489
    _ImonXhou_6_8 |   5.337499   2.482564     2.15   0.032     .4717624    10.20323
    _ImonXhou_6_9 |   10.06381   3.091821     3.25   0.001     4.003952    16.12367
   _ImonXhou_6_10 |   11.30132   2.993085     3.78   0.000     5.434984    17.16766
   _ImonXhou_6_11 |   9.833253   3.012228     3.26   0.001     3.929395    15.73711
   _ImonXhou_6_12 |   13.58864    3.43188     3.96   0.000     6.862277      20.315
   _ImonXhou_6_13 |   14.60198   3.239632     4.51   0.000     8.252418    20.95154
   _ImonXhou_6_14 |    16.8773   3.060995     5.51   0.000     10.87786    22.87674
   _ImonXhou_6_15 |   16.13503   3.076067     5.25   0.000     10.10605    22.16401
   _ImonXhou_6_16 |   13.47158   2.786967     4.83   0.000     8.009224    18.93393
   _ImonXhou_6_17 |   15.29025   3.094083     4.94   0.000     9.225958    21.35454
   _ImonXhou_6_18 |   15.04256   3.325581     4.52   0.000     8.524544    21.56058
   _ImonXhou_6_19 |   6.498079   2.993927     2.17   0.030     .6300893    12.36607
   _ImonXhou_6_20 |  -1.185437   2.935702    -0.40   0.686    -6.939306    4.568433
   _ImonXhou_6_21 |  -4.267533   2.706827    -1.58   0.115    -9.572815     1.03775
   _ImonXhou_6_22 |   2.552153   2.707129     0.94   0.346    -2.753722    7.858028
   _ImonXhou_6_23 |   8.891629    2.62435     3.39   0.001     3.747998    14.03526
   _ImonXhou_6_24 |  -2.275904   2.785751    -0.82   0.414    -7.735876    3.184069
    _ImonXhou_7_2 |   4.442007    2.61444     1.70   0.089    -.6822009    9.566216
    _ImonXhou_7_3 |   4.955255   2.570666     1.93   0.054    -.0831574    9.993668
    _ImonXhou_7_4 |    9.88695   2.571195     3.85   0.000       4.8475     14.9264
    _ImonXhou_7_5 |   12.66148   2.560705     4.94   0.000     7.642588    17.68037
    _ImonXhou_7_6 |   13.83561   2.541268     5.44   0.000     8.854814     18.8164
    _ImonXhou_7_7 |   10.43174   2.459425     4.24   0.000     5.611351    15.25212
    _ImonXhou_7_8 |   6.183047   2.743929     2.25   0.024     .8050452    11.56105
    _ImonXhou_7_9 |   8.428374   3.318758     2.54   0.011     1.923727    14.93302
   _ImonXhou_7_10 |   11.81559   3.352932     3.52   0.000     5.243962    18.38721
   _ImonXhou_7_11 |   8.753548   3.396155     2.58   0.010     2.097207    15.40989
   _ImonXhou_7_12 |   9.916328   3.729717     2.66   0.008     2.606216    17.22644
   _ImonXhou_7_13 |   12.46762   3.403986     3.66   0.000     5.795933    19.13931
   _ImonXhou_7_14 |   13.51858   3.156905     4.28   0.000     7.331156      19.706
   _ImonXhou_7_15 |   12.17337   3.005358     4.05   0.000     6.282978    18.06376
   _ImonXhou_7_16 |   15.32318   3.007637     5.09   0.000     9.428317    21.21804
   _ImonXhou_7_17 |    11.3929   3.107022     3.67   0.000     5.303253    17.48256
   _ImonXhou_7_18 |   10.88374   3.227446     3.37   0.001     4.558067    17.20942
   _ImonXhou_7_19 |   4.207866   3.267563     1.29   0.198    -2.196439    10.61217
   _ImonXhou_7_20 |  -4.827298   3.269404    -1.48   0.140    -11.23521    1.580617
   _ImonXhou_7_21 |  -5.199871   2.996725    -1.74   0.083    -11.07334    .6736014
   _ImonXhou_7_22 |   .1059171   3.052519     0.03   0.972     -5.87691    6.088744
   _ImonXhou_7_23 |   7.064487   2.840822     2.49   0.013     1.496578     12.6324
   _ImonXhou_7_24 |  -4.415187    3.08069    -1.43   0.152    -10.45323    1.622854
    _ImonXhou_8_2 |   5.173831   3.035373     1.70   0.088    -.7753899    11.12305
    _ImonXhou_8_3 |   6.630761   3.057936     2.17   0.030     .6373167    12.62421
    _ImonXhou_8_4 |   12.87498   3.178517     4.05   0.000     6.645201    19.10476
    _ImonXhou_8_5 |    15.4866   3.141689     4.93   0.000     9.329005     21.6442
    _ImonXhou_8_6 |   17.28009   3.119901     5.54   0.000      11.1652    23.39499
    _ImonXhou_8_7 |   11.67121    2.89941     4.03   0.000     5.988469    17.35395
    _ImonXhou_8_8 |    6.01618   3.311239     1.82   0.069    -.4737287    12.50609
    _ImonXhou_8_9 |   4.941569   3.944198     1.25   0.210    -2.788917    12.67206
   _ImonXhou_8_10 |   8.310363   4.071959     2.04   0.041     .3294696    16.29126
   _ImonXhou_8_11 |   3.389075   4.092881     0.83   0.408    -4.632825    11.41098
   _ImonXhou_8_12 |   7.642298   4.821479     1.59   0.113    -1.807626    17.09222
   _ImonXhou_8_13 |   9.441862   4.455955     2.12   0.034     .7083498    18.17537
   _ImonXhou_8_14 |   12.55286   4.050996     3.10   0.002     4.613054    20.49267
   _ImonXhou_8_15 |   8.643828   3.753841     2.30   0.021     1.286436    16.00122
   _ImonXhou_8_16 |   10.06102   3.663842     2.75   0.006     2.880022    17.24202
   _ImonXhou_8_17 |   7.456353   3.615206     2.06   0.039     .3706798    14.54203
   _ImonXhou_8_18 |   5.773163   3.990889     1.45   0.148    -2.048837    13.59516
   _ImonXhou_8_19 |  -2.784305   4.075823    -0.68   0.495    -10.77277    5.204161
   _ImonXhou_8_20 |  -9.107463   4.178535    -2.18   0.029    -17.29724   -.9176853
   _ImonXhou_8_21 |  -9.837246   3.726751    -2.64   0.008    -17.14154   -2.532948
   _ImonXhou_8_22 |   2.018816   4.208951     0.48   0.631    -6.230576    10.26821
   _ImonXhou_8_23 |   4.987323   3.534544     1.41   0.158    -1.940257     11.9149
   _ImonXhou_8_24 |   -8.55126    3.72914    -2.29   0.022    -15.86024   -1.242281
    _ImonXhou_9_2 |   5.120515   3.008561     1.70   0.089    -.7761562    11.01719
    _ImonXhou_9_3 |   5.222752   2.995793     1.74   0.081    -.6488938     11.0944
    _ImonXhou_9_4 |   10.91762    3.04516     3.59   0.000      4.94922    16.88603
    _ImonXhou_9_5 |   14.11645   2.983119     4.73   0.000     8.269642    19.96325
    _ImonXhou_9_6 |   15.95796   3.054922     5.22   0.000     9.970419    21.94549
    _ImonXhou_9_7 |    11.7753   2.835847     4.15   0.000     6.217147    17.33346
    _ImonXhou_9_8 |   13.19035   3.249541     4.06   0.000     6.821368    19.55933
    _ImonXhou_9_9 |   12.91751   3.896395     3.32   0.001     5.280714     20.5543
   _ImonXhou_9_10 |    14.9716   3.965579     3.78   0.000     7.199208    22.74399
   _ImonXhou_9_11 |   10.27416   4.045541     2.54   0.011     2.345046    18.20328
   _ImonXhou_9_12 |   15.21442   4.769531     3.19   0.001     5.866311    24.56253
   _ImonXhou_9_13 |   17.00966   4.063812     4.19   0.000     9.044732    24.97458
   _ImonXhou_9_14 |   14.57736   3.626398     4.02   0.000     7.469746    21.68496
   _ImonXhou_9_15 |    11.9965   3.609972     3.32   0.001     4.921088    19.07192
   _ImonXhou_9_16 |   15.50752   3.660122     4.24   0.000      8.33381    22.68123
   _ImonXhou_9_17 |   14.83188   3.913705     3.79   0.000      7.16116     22.5026
   _ImonXhou_9_18 |   11.82618   3.871234     3.05   0.002     4.238703    19.41366
   _ImonXhou_9_19 |   3.965712   3.742972     1.06   0.289    -3.370377     11.3018
   _ImonXhou_9_20 |  -1.963356   4.012209    -0.49   0.625    -9.827141    5.900428
   _ImonXhou_9_21 |   3.537444   3.744299     0.94   0.345    -3.801247    10.87614
   _ImonXhou_9_22 |   17.75782   3.975774     4.47   0.000     9.965445    25.55019
   _ImonXhou_9_23 |   8.101319   3.455835     2.34   0.019     1.328007    14.87463
   _ImonXhou_9_24 |  -9.489134   3.641808    -2.61   0.009    -16.62695   -2.351321
   _ImonXhou_10_2 |   5.304913   2.962775     1.79   0.073    -.5020186    11.11185
   _ImonXhou_10_3 |   5.590325   2.903618     1.93   0.054     -.100662    11.28131
   _ImonXhou_10_4 |   10.75506   3.017795     3.56   0.000     4.840287    16.66983
   _ImonXhou_10_5 |   14.82615    3.01372     4.92   0.000     8.919365    20.73293
   _ImonXhou_10_6 |   16.15984    3.05103     5.30   0.000     10.17994    22.13975
   _ImonXhou_10_7 |   12.67274   2.800524     4.53   0.000     7.183819    18.16167
   _ImonXhou_10_8 |   15.66754   3.343283     4.69   0.000     9.114829    22.22026
   _ImonXhou_10_9 |   15.50683   3.985385     3.89   0.000      7.69562    23.31804
  _ImonXhou_10_10 |   13.60417   3.939932     3.45   0.001     5.882046     21.3263
  _ImonXhou_10_11 |   7.613276   3.994989     1.91   0.057     -.216759    15.44331
  _ImonXhou_10_12 |   10.14027   4.486211     2.26   0.024      1.34746    18.93308
  _ImonXhou_10_13 |   10.40823   3.845547     2.71   0.007     2.871094    17.94536
  _ImonXhou_10_14 |   10.42971   3.375187     3.09   0.002     3.814467    17.04496
  _ImonXhou_10_15 |   6.592796   3.455358     1.91   0.056    -.1795811    13.36517
  _ImonXhou_10_16 |   8.344828   3.390399     2.46   0.014     1.699768    14.98989
  _ImonXhou_10_17 |   9.425288   3.466205     2.72   0.007     2.631652    16.21892
  _ImonXhou_10_18 |   6.637454   3.428016     1.94   0.053    -.0813325    13.35624
  _ImonXhou_10_19 |  -.8397431   3.514343    -0.24   0.811    -7.727729    6.048243
  _ImonXhou_10_20 |  -.9228756    4.06071    -0.23   0.820     -8.88172    7.035969
  _ImonXhou_10_21 |   9.113448   4.046456     2.25   0.024     1.182541    17.04436
  _ImonXhou_10_22 |   8.784785   3.606611     2.44   0.015     1.715957    15.85361
  _ImonXhou_10_23 |   4.437458   3.408197     1.30   0.193    -2.242487     11.1174
  _ImonXhou_10_24 |  -7.834419   3.652996    -2.14   0.032    -14.99416   -.6746778
   _ImonXhou_11_2 |   .1832663   2.502641     0.07   0.942     -4.72182    5.088353
   _ImonXhou_11_3 |   .8093969   2.474499     0.33   0.744    -4.040532    5.659326
   _ImonXhou_11_4 |   3.512392    2.41986     1.45   0.147    -1.230447     8.25523
   _ImonXhou_11_5 |   5.892385   2.384012     2.47   0.013     1.219808    10.56496
   _ImonXhou_11_6 |   7.072898   2.410316     2.93   0.003     2.348765    11.79703
   _ImonXhou_11_7 |   5.018466   2.332036     2.15   0.031     .4477595    9.589173
   _ImonXhou_11_8 |   5.114434   2.692244     1.90   0.057    -.1622685    10.39114
   _ImonXhou_11_9 |   6.102199   3.221086     1.89   0.058     -.211014    12.41541
  _ImonXhou_11_10 |   6.366234   3.106256     2.05   0.040     .2780845    12.45438
  _ImonXhou_11_11 |   3.056513    3.10666     0.98   0.325     -3.03243    9.145455
  _ImonXhou_11_12 |   4.454353   3.439891     1.29   0.195    -2.287709    11.19642
  _ImonXhou_11_13 |    2.72571   3.006662     0.91   0.365    -3.167239     8.61866
  _ImonXhou_11_14 |   3.050378   2.638446     1.16   0.248    -2.120882    8.221637
  _ImonXhou_11_15 |   .8735696   2.644153     0.33   0.741    -4.308875    6.056014
  _ImonXhou_11_16 |   2.990849   2.732586     1.09   0.274    -2.364921    8.346619
  _ImonXhou_11_17 |   2.922318   2.763568     1.06   0.290    -2.494175    8.338811
  _ImonXhou_11_18 |   2.597052   2.725345     0.95   0.341    -2.744526    7.938629
  _ImonXhou_11_19 |   3.798731   2.889752     1.31   0.189    -1.865078    9.462541
  _ImonXhou_11_20 |   2.344942   3.023924     0.78   0.438     -3.58184    8.271724
  _ImonXhou_11_21 |   .5975833   3.074823     0.19   0.846    -5.428959    6.624126
  _ImonXhou_11_22 |   2.158078   2.881597     0.75   0.454    -3.489748    7.805904
  _ImonXhou_11_23 |  -.1748008   2.586901    -0.07   0.946    -5.245033    4.895431
  _ImonXhou_11_24 |  -3.682617   2.759782    -1.33   0.182    -9.091691    1.726457
   _ImonXhou_12_2 |  -2.797837   2.535891    -1.10   0.270    -7.768092    2.172418
   _ImonXhou_12_3 |  -4.307597   2.385663    -1.81   0.071    -8.983412    .3682175
   _ImonXhou_12_4 |  -2.313439   2.274087    -1.02   0.309    -6.770568    2.143689
   _ImonXhou_12_5 |  -2.030344    2.19836    -0.92   0.356     -6.33905    2.278362
   _ImonXhou_12_6 |  -2.191623   2.164108    -1.01   0.311    -6.433197    2.049952
   _ImonXhou_12_7 |  -3.558695   2.320744    -1.53   0.125    -8.107268    .9898792
   _ImonXhou_12_8 |  -4.896092   2.782902    -1.76   0.079    -10.35048    .5582951
   _ImonXhou_12_9 |  -3.238196   3.266918    -0.99   0.322    -9.641238    3.164846
  _ImonXhou_12_10 |  -2.729609   3.104516    -0.88   0.379    -8.814348    3.355131
  _ImonXhou_12_11 |  -1.177953   3.070022    -0.38   0.701    -7.195086     4.83918
  _ImonXhou_12_12 |   .1043107   3.175696     0.03   0.974    -6.119939    6.328561
  _ImonXhou_12_13 |  -.4051799   2.871553    -0.14   0.888    -6.033321    5.222961
  _ImonXhou_12_14 |  -3.220332   2.667196    -1.21   0.227     -8.44794    2.007275
  _ImonXhou_12_15 |  -2.431757   2.544814    -0.96   0.339    -7.419501    2.555986
  _ImonXhou_12_16 |   -3.42565   2.512851    -1.36   0.173    -8.350748    1.499447
  _ImonXhou_12_17 |  -3.474982   2.538582    -1.37   0.171    -8.450512    1.500548
  _ImonXhou_12_18 |  -.2067349   2.821662    -0.07   0.942     -5.73709     5.32362
  _ImonXhou_12_19 |   2.424042   2.763914     0.88   0.380    -2.993129    7.841214
  _ImonXhou_12_20 |   -2.54668   2.849517    -0.89   0.371    -8.131631     3.03827
  _ImonXhou_12_21 |  -4.738145   2.813548    -1.68   0.092     -10.2526    .7763072
  _ImonXhou_12_22 |  -.9107338   2.813685    -0.32   0.746    -6.425455    4.603988
  _ImonXhou_12_23 |  -4.122886   2.696161    -1.53   0.126    -9.407265    1.161492
  _ImonXhou_12_24 |  -4.358416   2.500864    -1.74   0.081     -9.26002    .5431871
     _ImonXtemp_2 |  -2.727082   .2525384   -10.80   0.000    -3.222048   -2.232116
     _ImonXtemp_3 |  -2.414773   .2483031    -9.73   0.000    -2.901438   -1.928107
     _ImonXtemp_4 |   -.756887   .1743618    -4.34   0.000     -1.09863   -.4151441
     _ImonXtemp_5 |  -1.721982   .1970439    -8.74   0.000    -2.108181   -1.335783
     _ImonXtemp_6 |   2.050536   .3286363     6.24   0.000     1.406421    2.694652
     _ImonXtemp_7 |   .9650215   .2251108     4.29   0.000     .5238124    1.406231
     _ImonXtemp_8 |   .3099232   .2010565     1.54   0.123    -.0841404    .7039868
     _ImonXtemp_9 |  -.3999145   .1995594    -2.00   0.045    -.7910437   -.0087853
    _ImonXtemp_10 |  -.5142383   .2064914    -2.49   0.013    -.9189539   -.1095226
    _ImonXtemp_11 |  -1.928773   .1526689   -12.63   0.000    -2.227998   -1.629547
    _ImonXtemp_12 |   -.235467   .2404685    -0.98   0.327    -.7067765    .2358425
     _ImonXtempa2 |   1.728099   .2299198     7.52   0.000     1.277464    2.178733
     _ImonXtempa3 |   1.806634   .2159352     8.37   0.000     1.383409     2.22986
     _ImonXtempa4 |   1.002575   .1654606     6.06   0.000     .6782786    1.326872
     _ImonXtempa5 |   1.701569   .1939731     8.77   0.000     1.321388    2.081749
     _ImonXtempa6 |   .1154992   .2384348     0.48   0.628    -.3518243    .5828228
     _ImonXtempa7 |   .1483019   .1999854     0.74   0.458    -.2436624    .5402661
     _ImonXtempa8 |   .6396978    .171331     3.73   0.000     .3038952    .9755004
     _ImonXtempa9 |   1.530801   .1878407     8.15   0.000      1.16264    1.898962
    _ImonXtempa10 |   1.103272   .1696729     6.50   0.000     .7707195    1.435825
    _ImonXtempa11 |   .6188617   .1796194     3.45   0.001     .2668142    .9709093
    _ImonXtempa12 |   1.313027   .2555212     5.14   0.000     .8122144    1.813839
            _cons |  -.1410314   7.689628    -0.02   0.985    -15.21242    14.93036
-----------------------------------------------------------------------------------
Instrumented:  ecost
Instruments:   windx windx2 temp tempx humid 2.hour#c.coal 3.hour#c.coal
               4.hour#c.coal 5.hour#c.coal 6.hour#c.coal 7.hour#c.coal
               8.hour#c.coal 9.hour#c.coal 10.hour#c.coal 11.hour#c.coal
               12.hour#c.coal 13.hour#c.coal 14.hour#c.coal 15.hour#c.coal
               16.hour#c.coal 17.hour#c.coal 18.hour#c.coal 19.hour#c.coal
               20.hour#c.coal 21.hour#c.coal 22.hour#c.coal 23.hour#c.coal
               24.hour#c.coal 2.hour#c.gas 3.hour#c.gas 4.hour#c.gas 5.hour#c.gas
               6.hour#c.gas 7.hour#c.gas 8.hour#c.gas 9.hour#c.gas 10.hour#c.gas
               11.hour#c.gas 12.hour#c.gas 13.hour#c.gas 14.hour#c.gas
               15.hour#c.gas 16.hour#c.gas 17.hour#c.gas 18.hour#c.gas
               19.hour#c.gas 20.hour#c.gas 21.hour#c.gas 22.hour#c.gas
               23.hour#c.gas 24.hour#c.gas 2.hour#c.brent 3.hour#c.brent
               4.hour#c.brent 5.hour#c.brent 6.hour#c.brent 7.hour#c.brent
               8.hour#c.brent 9.hour#c.brent 10.hour#c.brent 11.hour#c.brent
               12.hour#c.brent 13.hour#c.brent 14.hour#c.brent 15.hour#c.brent
               16.hour#c.brent 17.hour#c.brent 18.hour#c.brent 19.hour#c.brent
               20.hour#c.brent 21.hour#c.brent 22.hour#c.brent 23.hour#c.brent
               24.hour#c.brent coal gas brent _Ihour_2 _Ihour_3 _Ihour_4 _Ihour_5
               _Ihour_6 _Ihour_7 _Ihour_8 _Ihour_9 _Ihour_10 _Ihour_11 _Ihour_12
               _Ihour_13 _Ihour_14 _Ihour_15 _Ihour_16 _Ihour_17 _Ihour_18
               _Ihour_19 _Ihour_20 _Ihour_21 _Ihour_22 _Ihour_23 _Ihour_24
               _Iyear_2005 _Iyear_2006 _Iweekd_2 _Iweekd_3 _Iweekd_4 _Iweekd_5
               _Iweekd_6 _Iweekd_7 _Imonth_2 _Imonth_3 _Imonth_4 _Imonth_5
               _Imonth_6 _Imonth_7 _Imonth_8 _Imonth_9 _Imonth_10 _Imonth_11
               _Imonth_12 _ImonXyea_2_2005 _ImonXyea_2_2006 _ImonXyea_3_2005
               _ImonXyea_4_2005 _ImonXyea_5_2005 _ImonXyea_6_2005
               _ImonXyea_7_2005 _ImonXyea_8_2005 _ImonXyea_9_2005
               _ImonXyea_10_2005 _ImonXyea_11_2005 _ImonXyea_12_2005
               _ImonXhou_2_2 _ImonXhou_2_3 _ImonXhou_2_4 _ImonXhou_2_5
               _ImonXhou_2_6 _ImonXhou_2_7 _ImonXhou_2_8 _ImonXhou_2_9
               _ImonXhou_2_10 _ImonXhou_2_11 _ImonXhou_2_12 _ImonXhou_2_13
               _ImonXhou_2_14 _ImonXhou_2_15 _ImonXhou_2_16 _ImonXhou_2_17
               _ImonXhou_2_18 _ImonXhou_2_19 _ImonXhou_2_20 _ImonXhou_2_21
               _ImonXhou_2_22 _ImonXhou_2_23 _ImonXhou_2_24 _ImonXhou_3_2
               _ImonXhou_3_3 _ImonXhou_3_4 _ImonXhou_3_5 _ImonXhou_3_6
               _ImonXhou_3_7 _ImonXhou_3_8 _ImonXhou_3_9 _ImonXhou_3_10
               _ImonXhou_3_11 _ImonXhou_3_12 _ImonXhou_3_13 _ImonXhou_3_14
               _ImonXhou_3_15 _ImonXhou_3_16 _ImonXhou_3_17 _ImonXhou_3_18
               _ImonXhou_3_19 _ImonXhou_3_20 _ImonXhou_3_21 _ImonXhou_3_22
               _ImonXhou_3_23 _ImonXhou_3_24 _ImonXhou_4_2 _ImonXhou_4_3
               _ImonXhou_4_4 _ImonXhou_4_5 _ImonXhou_4_6 _ImonXhou_4_7
               _ImonXhou_4_8 _ImonXhou_4_9 _ImonXhou_4_10 _ImonXhou_4_11
               _ImonXhou_4_12 _ImonXhou_4_13 _ImonXhou_4_14 _ImonXhou_4_15
               _ImonXhou_4_16 _ImonXhou_4_17 _ImonXhou_4_18 _ImonXhou_4_19
               _ImonXhou_4_20 _ImonXhou_4_21 _ImonXhou_4_22 _ImonXhou_4_23
               _ImonXhou_4_24 _ImonXhou_5_2 _ImonXhou_5_3 _ImonXhou_5_4
               _ImonXhou_5_5 _ImonXhou_5_6 _ImonXhou_5_7 _ImonXhou_5_8
               _ImonXhou_5_9 _ImonXhou_5_10 _ImonXhou_5_11 _ImonXhou_5_12
               _ImonXhou_5_13 _ImonXhou_5_14 _ImonXhou_5_15 _ImonXhou_5_16
               _ImonXhou_5_17 _ImonXhou_5_18 _ImonXhou_5_19 _ImonXhou_5_20
               _ImonXhou_5_21 _ImonXhou_5_22 _ImonXhou_5_23 _ImonXhou_5_24
               _ImonXhou_6_2 _ImonXhou_6_3 _ImonXhou_6_4 _ImonXhou_6_5
               _ImonXhou_6_6 _ImonXhou_6_7 _ImonXhou_6_8 _ImonXhou_6_9
               _ImonXhou_6_10 _ImonXhou_6_11 _ImonXhou_6_12 _ImonXhou_6_13
               _ImonXhou_6_14 _ImonXhou_6_15 _ImonXhou_6_16 _ImonXhou_6_17
               _ImonXhou_6_18 _ImonXhou_6_19 _ImonXhou_6_20 _ImonXhou_6_21
               _ImonXhou_6_22 _ImonXhou_6_23 _ImonXhou_6_24 _ImonXhou_7_2
               _ImonXhou_7_3 _ImonXhou_7_4 _ImonXhou_7_5 _ImonXhou_7_6
               _ImonXhou_7_7 _ImonXhou_7_8 _ImonXhou_7_9 _ImonXhou_7_10
               _ImonXhou_7_11 _ImonXhou_7_12 _ImonXhou_7_13 _ImonXhou_7_14
               _ImonXhou_7_15 _ImonXhou_7_16 _ImonXhou_7_17 _ImonXhou_7_18
               _ImonXhou_7_19 _ImonXhou_7_20 _ImonXhou_7_21 _ImonXhou_7_22
               _ImonXhou_7_23 _ImonXhou_7_24 _ImonXhou_8_2 _ImonXhou_8_3
               _ImonXhou_8_4 _ImonXhou_8_5 _ImonXhou_8_6 _ImonXhou_8_7
               _ImonXhou_8_8 _ImonXhou_8_9 _ImonXhou_8_10 _ImonXhou_8_11
               _ImonXhou_8_12 _ImonXhou_8_13 _ImonXhou_8_14 _ImonXhou_8_15
               _ImonXhou_8_16 _ImonXhou_8_17 _ImonXhou_8_18 _ImonXhou_8_19
               _ImonXhou_8_20 _ImonXhou_8_21 _ImonXhou_8_22 _ImonXhou_8_23
               _ImonXhou_8_24 _ImonXhou_9_2 _ImonXhou_9_3 _ImonXhou_9_4
               _ImonXhou_9_5 _ImonXhou_9_6 _ImonXhou_9_7 _ImonXhou_9_8
               _ImonXhou_9_9 _ImonXhou_9_10 _ImonXhou_9_11 _ImonXhou_9_12
               _ImonXhou_9_13 _ImonXhou_9_14 _ImonXhou_9_15 _ImonXhou_9_16
               _ImonXhou_9_17 _ImonXhou_9_18 _ImonXhou_9_19 _ImonXhou_9_20
               _ImonXhou_9_21 _ImonXhou_9_22 _ImonXhou_9_23 _ImonXhou_9_24
               _ImonXhou_10_2 _ImonXhou_10_3 _ImonXhou_10_4 _ImonXhou_10_5
               _ImonXhou_10_6 _ImonXhou_10_7 _ImonXhou_10_8 _ImonXhou_10_9
               _ImonXhou_10_10 _ImonXhou_10_11 _ImonXhou_10_12 _ImonXhou_10_13
               _ImonXhou_10_14 _ImonXhou_10_15 _ImonXhou_10_16 _ImonXhou_10_17
               _ImonXhou_10_18 _ImonXhou_10_19 _ImonXhou_10_20 _ImonXhou_10_21
               _ImonXhou_10_22 _ImonXhou_10_23 _ImonXhou_10_24 _ImonXhou_11_2
               _ImonXhou_11_3 _ImonXhou_11_4 _ImonXhou_11_5 _ImonXhou_11_6
               _ImonXhou_11_7 _ImonXhou_11_8 _ImonXhou_11_9 _ImonXhou_11_10
               _ImonXhou_11_11 _ImonXhou_11_12 _ImonXhou_11_13 _ImonXhou_11_14
               _ImonXhou_11_15 _ImonXhou_11_16 _ImonXhou_11_17 _ImonXhou_11_18
               _ImonXhou_11_19 _ImonXhou_11_20 _ImonXhou_11_21 _ImonXhou_11_22
               _ImonXhou_11_23 _ImonXhou_11_24 _ImonXhou_12_2 _ImonXhou_12_3
               _ImonXhou_12_4 _ImonXhou_12_5 _ImonXhou_12_6 _ImonXhou_12_7
               _ImonXhou_12_8 _ImonXhou_12_9 _ImonXhou_12_10 _ImonXhou_12_11
               _ImonXhou_12_12 _ImonXhou_12_13 _ImonXhou_12_14 _ImonXhou_12_15
               _ImonXhou_12_16 _ImonXhou_12_17 _ImonXhou_12_18 _ImonXhou_12_19
               _ImonXhou_12_20 _ImonXhou_12_21 _ImonXhou_12_22 _ImonXhou_12_23
               _ImonXhou_12_24 _ImonXtemp_2 _ImonXtemp_3 _ImonXtemp_4
               _ImonXtemp_5 _ImonXtemp_6 _ImonXtemp_7 _ImonXtemp_8 _ImonXtemp_9
               _ImonXtemp_10 _ImonXtemp_11 _ImonXtemp_12 _ImonXtempa2
               _ImonXtempa3 _ImonXtempa4 _ImonXtempa5 _ImonXtempa6 _ImonXtempa7
               _ImonXtempa8 _ImonXtempa9 _ImonXtempa10 _ImonXtempa11
               _ImonXtempa12 eprice

. estimates store spec_exact5

. 
. restore

. 
. log close
      name:  <unnamed>
       log:  /Volumes/Dades/Dropbox/PROJECTS/internalization2/submission/FINAL SUBMISSION/20130186_data/t
> ables/table_cost_pt_interpolated.log
  log type:  text
 closed on:  26 May 2014, 22:53:01
---------------------------------------------------------------------------------------------------------
