---------------------------------------------------------------------------------------------------------
      name:  <unnamed>
       log:  /Volumes/Dades/Dropbox/PROJECTS/internalization2/submission/FINAL SUBMISSION/20130186_data/t
> ables/table_cost_pt_rd.log
  log type:  text
 opened on:  26 May 2014, 22:53:02

. 
. // specification
. global demandcontrols = "temp tempx humid"

. global supplycontrols = "windx windx2"

. global controls = "coal gas brent"

. global basefe = "_Ihour_* _Iyear* _Iweek* _Imonth_*"

. global controls1 = "hour#(c.coal c.gas c.brent) coal gas brent"

. 
. global maincost = "ecost2"

. global instruments = "eprice"

. 
. // pass-through estimation
. *(2) - MONTH-HOUR FE
. ivregress 2sls mg_price ($maincost = $instruments) $supplycontrols $demandcontrols $controls $basefe _I
> monXyea*, robust first
note: _ImonXyea_7_2007 omitted because of collinearity
note: _ImonXyea_8_2007 omitted because of collinearity
note: _ImonXyea_9_2007 omitted because of collinearity
note: _ImonXyea_10_2007 omitted because of collinearity
note: _ImonXyea_11_2007 omitted because of collinearity
note: _ImonXyea_12_2007 omitted because of collinearity

First-stage regressions
-----------------------

                                                  Number of obs   =      26050
                                                  F(  79,  25970) =    1019.66
                                                  Prob > F        =     0.0000
                                                  R-squared       =     0.7425
                                                  Adj R-squared   =     0.7417
                                                  Root MSE        =     3.9581

-----------------------------------------------------------------------------------
                  |               Robust
           ecost2 |      Coef.   Std. Err.      t    P>|t|     [95% Conf. Interval]
------------------+----------------------------------------------------------------
            windx |  -.0280614   .0878761    -0.32   0.749    -.2003034    .1441805
           windx2 |   .0056351   .0058697     0.96   0.337    -.0058698    .0171399
             temp |    .033395   .0189938     1.76   0.079    -.0038339    .0706239
            tempx |  -.0292087   .0155981    -1.87   0.061    -.0597819    .0013645
            humid |  -.0095636    .003878    -2.47   0.014    -.0171648   -.0019625
             coal |  -5.045796   1.177159    -4.29   0.000    -7.353093     -2.7385
              gas |  -.3613805   .1011131    -3.57   0.000    -.5595678   -.1631931
            brent |   1.067258   .2725213     3.92   0.000     .5331012    1.601415
         _Ihour_2 |   .3100694   .1680095     1.85   0.065    -.0192385    .6393773
         _Ihour_3 |    .278498   .1674888     1.66   0.096    -.0497892    .6067852
         _Ihour_4 |   .2358571   .1689481     1.40   0.163    -.0952905    .5670047
         _Ihour_5 |   .4539147   .1673195     2.71   0.007     .1259593    .7818702
         _Ihour_6 |   .1862183    .170225     1.09   0.274     -.147432    .5198687
         _Ihour_7 |    .366691   .1684726     2.18   0.030     .0364753    .6969067
         _Ihour_8 |   -.189498    .168516    -1.12   0.261    -.5197987    .1408028
         _Ihour_9 |  -.2765806   .1650974    -1.68   0.094    -.6001807    .0470195
        _Ihour_10 |   -.177548   .1659277    -1.07   0.285    -.5027754    .1476794
        _Ihour_11 |  -.3489739   .1674285    -2.08   0.037    -.6771431   -.0208047
        _Ihour_12 |  -.0680018   .1688495    -0.40   0.687    -.3989562    .2629526
        _Ihour_13 |   -.184507   .1662467    -1.11   0.267    -.5103597    .1413458
        _Ihour_14 |  -.1537191   .1672298    -0.92   0.358    -.4814988    .1740606
        _Ihour_15 |   .0374248   .1680469     0.22   0.824    -.2919565    .3668061
        _Ihour_16 |  -.1039962   .1667994    -0.62   0.533    -.4309323    .2229398
        _Ihour_17 |   .1441528   .1669832     0.86   0.388    -.1831435    .4714492
        _Ihour_18 |  -.1746804   .1678323    -1.04   0.298    -.5036411    .1542802
        _Ihour_19 |  -.0104547   .1705407    -0.06   0.951    -.3447239    .3238146
        _Ihour_20 |  -.0919376   .1674618    -0.55   0.583    -.4201719    .2362968
        _Ihour_21 |   -.224622   .1649959    -1.36   0.173    -.5480231     .098779
        _Ihour_22 |  -.4279316   .1685152    -2.54   0.011    -.7582306   -.0976326
        _Ihour_23 |  -.3004024   .1695584    -1.77   0.076    -.6327462    .0319414
        _Ihour_24 |  -.0957455   .1669665    -0.57   0.566    -.4230091     .231518
      _Iyear_2005 |   .5161651   .2908316     1.77   0.076     -.053881    1.086211
      _Iyear_2006 |  -1.050115    .947284    -1.11   0.268    -2.906844    .8066145
      _Iyear_2007 |  -.9791806   .3704066    -2.64   0.008    -1.705198   -.2531632
        _Iweekd_2 |  -.1556816   .0925627    -1.68   0.093    -.3371097    .0257464
        _Iweekd_3 |   .0125197   .0923318     0.14   0.892    -.1684557     .193495
        _Iweekd_4 |  -.1111957   .0915153    -1.22   0.224    -.2905709    .0681794
        _Iweekd_5 |  -.3130456   .0917951    -3.41   0.001    -.4929691   -.1331222
        _Iweekd_6 |   .1896821   .0936406     2.03   0.043     .0061415    .3732228
        _Iweekd_7 |   .3436971   .0936208     3.67   0.000     .1601952     .527199
        _Imonth_2 |   .1008765   .0463255     2.18   0.029      .010076     .191677
        _Imonth_3 |   .0368782   .1024629     0.36   0.719    -.1639548    .2377112
        _Imonth_4 |  -.0975826   .1124243    -0.87   0.385    -.3179404    .1227753
        _Imonth_5 |  -.4994251   .1446603    -3.45   0.001    -.7829672   -.2158829
        _Imonth_6 |  -.2487139    .192285    -1.29   0.196    -.6256032    .1281754
        _Imonth_7 |  -.1513568   .2241815    -0.68   0.500     -.590765    .2880514
        _Imonth_8 |  -.0699737   .2886086    -0.24   0.808    -.6356624     .495715
        _Imonth_9 |  -.0444796   .2738446    -0.16   0.871    -.5812301    .4922709
       _Imonth_10 |  -.6178503   .2961065    -2.09   0.037    -1.198236   -.0374652
       _Imonth_11 |   -.221335    .171908    -1.29   0.198    -.5582842    .1156142
       _Imonth_12 |   .0396085   .1126766     0.35   0.725    -.1812439     .260461
 _ImonXyea_2_2005 |  -.1536408   .1764253    -0.87   0.384    -.4994442    .1921625
 _ImonXyea_2_2006 |   .2678315   .4976864     0.54   0.590    -.7076614    1.243324
 _ImonXyea_2_2007 |  -.8075457   .1406228    -5.74   0.000    -1.083174   -.5319172
 _ImonXyea_3_2005 |  -1.391369    .307546    -4.52   0.000    -1.994176   -.7885618
 _ImonXyea_3_2006 |   2.446814   .4880742     5.01   0.000     1.490161    3.403466
 _ImonXyea_3_2007 |  -.9766938   .1560843    -6.26   0.000    -1.282628     -.67076
 _ImonXyea_4_2005 |   .1768676   .4031715     0.44   0.661    -.6133707     .967106
 _ImonXyea_4_2006 |  -1.512279   .4492276    -3.37   0.001     -2.39279    -.631768
 _ImonXyea_4_2007 |  -1.219737   .2093905    -5.83   0.000    -1.630154   -.8093201
 _ImonXyea_5_2005 |    1.00289      .3905     2.57   0.010      .237488    1.768291
 _ImonXyea_5_2006 |  -.7523786   .4734294    -1.59   0.112    -1.680326    .1755691
 _ImonXyea_5_2007 |  -.7483985    .159948    -4.68   0.000    -1.061905   -.4348917
 _ImonXyea_6_2005 |   1.281645   .5156937     2.49   0.013     .2708571    2.292434
 _ImonXyea_6_2006 |   .6070662   .4475613     1.36   0.175    -.2701786    1.484311
 _ImonXyea_6_2007 |  -1.076764   .2139504    -5.03   0.000    -1.496118    -.657409
 _ImonXyea_7_2005 |   .2781551   .6040808     0.46   0.645    -.9058766    1.462187
 _ImonXyea_7_2006 |    .460262   .4520858     1.02   0.309    -.4258513    1.346375
 _ImonXyea_7_2007 |          0  (omitted)
 _ImonXyea_8_2005 |  -1.553654   .6171684    -2.52   0.012    -2.763338   -.3439697
 _ImonXyea_8_2006 |   -1.11767   .4608492    -2.43   0.015     -2.02096     -.21438
 _ImonXyea_8_2007 |          0  (omitted)
 _ImonXyea_9_2005 |  -.6617178   .6484753    -1.02   0.308    -1.932765    .6093297
 _ImonXyea_9_2006 |  -.5383601   .5354797    -1.01   0.315     -1.58793    .5112097
 _ImonXyea_9_2007 |          0  (omitted)
_ImonXyea_10_2005 |  -.6812483   .5758284    -1.18   0.237    -1.809904    .4474072
_ImonXyea_10_2006 |  -.0964014   .6383225    -0.15   0.880    -1.347549    1.154746
_ImonXyea_10_2007 |          0  (omitted)
_ImonXyea_11_2005 |  -.7695918   .5424958    -1.42   0.156    -1.832914      .29373
_ImonXyea_11_2006 |  -1.282024   .6240967    -2.05   0.040    -2.505288   -.0587598
_ImonXyea_11_2007 |          0  (omitted)
_ImonXyea_12_2005 |  -1.070021   .6121132    -1.75   0.080    -2.269796    .1297549
_ImonXyea_12_2006 |  -.4120238   .6133013    -0.67   0.502    -1.614128    .7900806
_ImonXyea_12_2007 |          0  (omitted)
           eprice |   .5952377   .0261349    22.78   0.000     .5440119    .6464635
            _cons |   2.974783   1.008425     2.95   0.003     .9982134    4.951352
-----------------------------------------------------------------------------------


Instrumental variables (2SLS) regression               Number of obs =   26050
                                                       Wald chi2(79) =41683.38
                                                       Prob > chi2   =  0.0000
                                                       R-squared     =  0.6488
                                                       Root MSE      =  9.5179

-----------------------------------------------------------------------------------
                  |               Robust
         mg_price |      Coef.   Std. Err.      z    P>|z|     [95% Conf. Interval]
------------------+----------------------------------------------------------------
           ecost2 |   .6136072   .0882361     6.95   0.000     .4406675    .7865468
            windx |  -2.738303   .2210814   -12.39   0.000    -3.171615   -2.304992
           windx2 |   .1026612   .0146832     6.99   0.000     .0738828    .1314397
             temp |  -.1051038   .0458054    -2.29   0.022    -.1948807    -.015327
            tempx |  -.0189398   .0389109    -0.49   0.626    -.0952038    .0573241
            humid |   -.014959   .0104246    -1.43   0.151    -.0353909    .0054729
             coal |   43.13277   3.199149    13.48   0.000     36.86256    49.40299
              gas |   3.794418   .2645217    14.34   0.000     3.275965    4.312871
            brent |  -1.025802   .6104674    -1.68   0.093    -2.222296    .1706925
         _Ihour_2 |  -4.338632   .3445063   -12.59   0.000    -5.013852   -3.663412
         _Ihour_3 |  -7.128665   .3378685   -21.10   0.000    -7.790875   -6.466455
         _Ihour_4 |  -8.336085   .3377131   -24.68   0.000    -8.997991    -7.67418
         _Ihour_5 |   -9.59925    .338887   -28.33   0.000    -10.26346   -8.935044
         _Ihour_6 |  -9.464274   .3348753   -28.26   0.000    -10.12062    -8.80793
         _Ihour_7 |  -7.078208   .3292658   -21.50   0.000    -7.723557   -6.432859
         _Ihour_8 |   -2.72358   .3527872    -7.72   0.000     -3.41503    -2.03213
         _Ihour_9 |   .6075607   .3896565     1.56   0.119    -.1561521    1.371273
        _Ihour_10 |   4.356871   .4068999    10.71   0.000     3.559361     5.15438
        _Ihour_11 |   7.763652   .4276257    18.16   0.000     6.925521    8.601783
        _Ihour_12 |   9.071943   .4496662    20.17   0.000     8.190614    9.953273
        _Ihour_13 |   10.08059    .455979    22.11   0.000     9.186883    10.97429
        _Ihour_14 |   8.815673   .4398739    20.04   0.000     7.953536     9.67781
        _Ihour_15 |   5.688308   .4122405    13.80   0.000     4.880331    6.496284
        _Ihour_16 |   5.109197   .4161946    12.28   0.000     4.293471    5.924924
        _Ihour_17 |   4.289818   .4149451    10.34   0.000     3.476541    5.103095
        _Ihour_18 |   5.796322   .4419196    13.12   0.000     4.930176    6.662469
        _Ihour_19 |   6.830653   .4361248    15.66   0.000     5.975865    7.685442
        _Ihour_20 |   8.275937   .4443134    18.63   0.000     7.405099    9.146775
        _Ihour_21 |   8.739431   .4509589    19.38   0.000     7.855568    9.623294
        _Ihour_22 |   11.79097   .4843753    24.34   0.000     10.84162    12.74033
        _Ihour_23 |   7.312044   .4071188    17.96   0.000     6.514106    8.109983
        _Ihour_24 |    2.52738   .3824139     6.61   0.000     1.777863    3.276897
      _Iyear_2005 |   12.03182   .8280476    14.53   0.000     10.40888    13.65476
      _Iyear_2006 |   27.31068   2.033204    13.43   0.000     23.32567    31.29568
      _Iyear_2007 |   17.44038   .8961307    19.46   0.000       15.684    19.19677
        _Iweekd_2 |   .6605271   .2312012     2.86   0.004      .207381    1.113673
        _Iweekd_3 |   .9904812   .2341756     4.23   0.000     .5315055    1.449457
        _Iweekd_4 |   1.279521   .2333188     5.48   0.000     .8222248    1.736818
        _Iweekd_5 |   .1424915   .2269044     0.63   0.530     -.302233    .5872159
        _Iweekd_6 |  -3.435382   .2208841   -15.55   0.000    -3.868307   -3.002457
        _Iweekd_7 |  -7.903356   .2322574   -34.03   0.000    -8.358573    -7.44814
        _Imonth_2 |  -.4803564   .4377337    -1.10   0.272    -1.338299     .377586
        _Imonth_3 |   4.089843   .4681915     8.74   0.000     3.172204    5.007481
        _Imonth_4 |  -.8978271   .4712701    -1.91   0.057      -1.8215    .0258453
        _Imonth_5 |   1.169796   .5304466     2.21   0.027     .1301396    2.209452
        _Imonth_6 |   3.266375   .6367074     5.13   0.000     2.018451    4.514298
        _Imonth_7 |   1.343005   .7309785     1.84   0.066    -.0896862    2.775697
        _Imonth_8 |  -2.311631   .8671391    -2.67   0.008    -4.011193   -.6120699
        _Imonth_9 |   4.168618   .8433798     4.94   0.000     2.515624    5.821612
       _Imonth_10 |   3.218245   .8432006     3.82   0.000     1.565602    4.870888
       _Imonth_11 |   3.517752   .5676325     6.20   0.000     2.405212    4.630291
       _Imonth_12 |   7.137162   .5093509    14.01   0.000     6.138853    8.135471
 _ImonXyea_2_2005 |   4.466467   .8231698     5.43   0.000     2.853084    6.079851
 _ImonXyea_2_2006 |   .3800817   1.035768     0.37   0.714    -1.649986    2.410149
 _ImonXyea_2_2007 |  -2.262254   .7607777    -2.97   0.003    -3.753351   -.7711575
 _ImonXyea_3_2005 |   3.650473   1.124012     3.25   0.001      1.44745    5.853496
 _ImonXyea_3_2006 |  -25.82318   .9875233   -26.15   0.000    -27.75869   -23.88767
 _ImonXyea_3_2007 |  -12.63658    .699421   -18.07   0.000    -14.00742   -11.26574
 _ImonXyea_4_2005 |   3.524706   1.077723     3.27   0.001     1.412406    5.637005
 _ImonXyea_4_2006 |   -12.8357   .8696903   -14.76   0.000    -14.54026   -11.13113
 _ImonXyea_4_2007 |   .6026656    .775766     0.78   0.437    -.9178078    2.123139
 _ImonXyea_5_2005 |  -.6416468   1.072202    -0.60   0.550    -2.743124     1.45983
 _ImonXyea_5_2006 |  -9.412394   1.170429    -8.04   0.000    -11.70639   -7.118396
 _ImonXyea_5_2007 |  -4.802315   .6756843    -7.11   0.000    -6.126632   -3.477999
 _ImonXyea_6_2005 |   7.084113   1.402124     5.05   0.000        4.336    9.832225
 _ImonXyea_6_2006 |  -16.45031   1.048742   -15.69   0.000    -18.50581   -14.39481
 _ImonXyea_6_2007 |  -5.549495   .7935342    -6.99   0.000    -7.104793   -3.994196
 _ImonXyea_7_2005 |   10.52975   1.469185     7.17   0.000     7.650197     13.4093
 _ImonXyea_7_2006 |  -10.66569   1.032603   -10.33   0.000    -12.68955   -8.641826
 _ImonXyea_7_2007 |          0  (omitted)
 _ImonXyea_8_2005 |   6.753625   1.371618     4.92   0.000     4.065303    9.441948
 _ImonXyea_8_2006 |  -10.76009   1.103696    -9.75   0.000     -12.9233   -8.596888
 _ImonXyea_8_2007 |          0  (omitted)
 _ImonXyea_9_2005 |   5.677907   1.564707     3.63   0.000     2.611138    8.744677
 _ImonXyea_9_2006 |  -9.435443    1.34715    -7.00   0.000    -12.07581   -6.795076
 _ImonXyea_9_2007 |          0  (omitted)
_ImonXyea_10_2005 |   3.509256   1.376305     2.55   0.011     .8117475    6.206764
_ImonXyea_10_2006 |   -14.9556   1.508823    -9.91   0.000    -17.91284   -11.99836
_ImonXyea_10_2007 |          0  (omitted)
_ImonXyea_11_2005 |   6.828348   1.297925     5.26   0.000     4.284461    9.372235
_ImonXyea_11_2006 |  -24.39852   1.488001   -16.40   0.000    -27.31495   -21.48209
_ImonXyea_11_2007 |          0  (omitted)
_ImonXyea_12_2005 |   11.16253   1.476784     7.56   0.000     8.268088    14.05697
_ImonXyea_12_2006 |  -27.62982   1.420583   -19.45   0.000    -30.41411   -24.84553
_ImonXyea_12_2007 |          0  (omitted)
            _cons |   4.857264   2.812119     1.73   0.084    -.6543883    10.36892
-----------------------------------------------------------------------------------
Instrumented:  ecost2
Instruments:   windx windx2 temp tempx humid coal gas brent _Ihour_2 _Ihour_3
               _Ihour_4 _Ihour_5 _Ihour_6 _Ihour_7 _Ihour_8 _Ihour_9 _Ihour_10
               _Ihour_11 _Ihour_12 _Ihour_13 _Ihour_14 _Ihour_15 _Ihour_16
               _Ihour_17 _Ihour_18 _Ihour_19 _Ihour_20 _Ihour_21 _Ihour_22
               _Ihour_23 _Ihour_24 _Iyear_2005 _Iyear_2006 _Iyear_2007 _Iweekd_2
               _Iweekd_3 _Iweekd_4 _Iweekd_5 _Iweekd_6 _Iweekd_7 _Imonth_2
               _Imonth_3 _Imonth_4 _Imonth_5 _Imonth_6 _Imonth_7 _Imonth_8
               _Imonth_9 _Imonth_10 _Imonth_11 _Imonth_12 _ImonXyea_2_2005
               _ImonXyea_2_2006 _ImonXyea_2_2007 _ImonXyea_3_2005
               _ImonXyea_3_2006 _ImonXyea_3_2007 _ImonXyea_4_2005
               _ImonXyea_4_2006 _ImonXyea_4_2007 _ImonXyea_5_2005
               _ImonXyea_5_2006 _ImonXyea_5_2007 _ImonXyea_6_2005
               _ImonXyea_6_2006 _ImonXyea_6_2007 _ImonXyea_7_2005
               _ImonXyea_7_2006 _ImonXyea_8_2005 _ImonXyea_8_2006
               _ImonXyea_9_2005 _ImonXyea_9_2006 _ImonXyea_10_2005
               _ImonXyea_10_2006 _ImonXyea_11_2005 _ImonXyea_11_2006
               _ImonXyea_12_2005 _ImonXyea_12_2006 eprice

. estimates store spec_rd1

. estat firststage

  First-stage regression summary statistics
  --------------------------------------------------------------------------
               |            Adjusted      Partial       Robust
      Variable |   R-sq.       R-sq.        R-sq.    F(1,25970)   Prob > F
  -------------+------------------------------------------------------------
        ecost2 |  0.7425      0.7417       0.0361       518.849    0.0000
  --------------------------------------------------------------------------


. mat ftest_rd1 = r(singleresults)

. 
. *(3) - MONTHxTEMP
. ivregress 2sls mg_price ($maincost = $instruments) $supplycontrols $demandcontrols $controls $basefe _I
> monXyea* _ImonXtem*, robust first
note: _ImonXyea_7_2007 omitted because of collinearity
note: _ImonXyea_8_2007 omitted because of collinearity
note: _ImonXyea_9_2007 omitted because of collinearity
note: _ImonXyea_10_2007 omitted because of collinearity
note: _ImonXyea_11_2007 omitted because of collinearity
note: _ImonXyea_12_2007 omitted because of collinearity

First-stage regressions
-----------------------

                                                  Number of obs   =      26050
                                                  F( 101,  25948) =     797.29
                                                  Prob > F        =     0.0000
                                                  R-squared       =     0.7433
                                                  Adj R-squared   =     0.7423
                                                  Root MSE        =     3.9538

-----------------------------------------------------------------------------------
                  |               Robust
           ecost2 |      Coef.   Std. Err.      t    P>|t|     [95% Conf. Interval]
------------------+----------------------------------------------------------------
            windx |  -.0286597   .0909776    -0.32   0.753    -.2069809    .1496615
           windx2 |    .006063   .0060192     1.01   0.314     -.005735    .0178611
             temp |   .0523045   .0368962     1.42   0.156     -.020014    .1246231
            tempx |   .0492967   .0359435     1.37   0.170    -.0211545    .1197479
            humid |   -.015347   .0044438    -3.45   0.001     -.024057    -.006637
             coal |  -5.077247   1.354374    -3.75   0.000    -7.731895   -2.422599
              gas |   -.333632   .1097081    -3.04   0.002    -.5486659    -.118598
            brent |    1.35095   .2808017     4.81   0.000     .8005629    1.901337
         _Ihour_2 |   .3101553   .1682092     1.84   0.065     -.019544    .6398546
         _Ihour_3 |   .2802863   .1675639     1.67   0.094    -.0481483    .6087208
         _Ihour_4 |    .235672   .1691374     1.39   0.164    -.0958467    .5671908
         _Ihour_5 |   .4551191    .167563     2.72   0.007     .1266863     .783552
         _Ihour_6 |   .1881576   .1705122     1.10   0.270    -.1460557    .5223709
         _Ihour_7 |    .367439   .1688036     2.18   0.030     .0365745    .6983034
         _Ihour_8 |  -.1877324   .1687059    -1.11   0.266    -.5184054    .1429406
         _Ihour_9 |  -.2769927   .1650341    -1.68   0.093    -.6004686    .0464833
        _Ihour_10 |   -.177675   .1659705    -1.07   0.284    -.5029864    .1476364
        _Ihour_11 |  -.3505009   .1674064    -2.09   0.036    -.6786267   -.0223751
        _Ihour_12 |  -.0703184   .1689552    -0.42   0.677    -.4014798    .2608431
        _Ihour_13 |  -.1794762   .1663911    -1.08   0.281     -.505612    .1466596
        _Ihour_14 |  -.1499636   .1672343    -0.90   0.370    -.4777521    .1778249
        _Ihour_15 |   .0438071   .1679733     0.26   0.794    -.2854298    .3730441
        _Ihour_16 |   -.100865   .1664693    -0.61   0.545    -.4271541    .2254241
        _Ihour_17 |    .145627   .1668263     0.87   0.383    -.1813618    .4726158
        _Ihour_18 |  -.1733352   .1678295    -1.03   0.302    -.5022903      .15562
        _Ihour_19 |  -.0101033   .1706861    -0.06   0.953    -.3446575    .3244509
        _Ihour_20 |  -.0947673    .167544    -0.57   0.572    -.4231628    .2336283
        _Ihour_21 |  -.2262587   .1647853    -1.37   0.170     -.549247    .0967297
        _Ihour_22 |  -.4262896    .168782    -2.53   0.012    -.7571117   -.0954676
        _Ihour_23 |  -.3018672   .1695943    -1.78   0.075    -.6342815     .030547
        _Ihour_24 |  -.0941469   .1671586    -0.56   0.573     -.421787    .2334931
      _Iyear_2005 |   .3864534   .3110367     1.24   0.214    -.2231958    .9961026
      _Iyear_2006 |  -1.470342    .971566    -1.51   0.130    -3.374665    .4339812
      _Iyear_2007 |  -1.286584    .382865    -3.36   0.001     -2.03702   -.5361474
        _Iweekd_2 |  -.1538054   .0926665    -1.66   0.097    -.3354368     .027826
        _Iweekd_3 |   .0148924   .0928588     0.16   0.873    -.1671161    .1969008
        _Iweekd_4 |  -.1142615   .0920676    -1.24   0.215    -.2947191     .066196
        _Iweekd_5 |  -.3211154   .0923919    -3.48   0.001    -.5022087   -.1400222
        _Iweekd_6 |   .1744074   .0940029     1.86   0.064    -.0098434    .3586583
        _Iweekd_7 |   .3330223   .0932059     3.57   0.000     .1503336    .5157111
        _Imonth_2 |    2.70759   .8428845     3.21   0.001     1.055489     4.35969
        _Imonth_3 |   2.552867   .8747854     2.92   0.004      .838239    4.267495
        _Imonth_4 |   1.355904   .8039835     1.69   0.092     -.219948    2.931756
        _Imonth_5 |   .4917086   .6415038     0.77   0.443    -.7656745    1.749092
        _Imonth_6 |   1.894894     .94916     2.00   0.046     .0344879      3.7553
        _Imonth_7 |    .310923    1.21737     0.26   0.798    -2.075189    2.697035
        _Imonth_8 |  -.2574321   1.519541    -0.17   0.865    -3.235816    2.720952
        _Imonth_9 |   6.363182   1.233714     5.16   0.000     3.945035     8.78133
       _Imonth_10 |  -.0648689   .7371222    -0.09   0.930    -1.509669    1.379932
       _Imonth_11 |   .2170466   1.012857     0.21   0.830    -1.768209    2.202302
       _Imonth_12 |  -.6471864   .9267644    -0.70   0.485    -2.463696    1.169323
 _ImonXyea_2_2005 |  -.5288243   .2298069    -2.30   0.021    -.9792586   -.0783901
 _ImonXyea_2_2006 |  -.1103423   .5028657    -0.22   0.826    -1.095987    .8753022
 _ImonXyea_2_2007 |  -.8731688   .2026188    -4.31   0.000    -1.270313   -.4760247
 _ImonXyea_3_2005 |  -1.710265   .3278551    -5.22   0.000     -2.35288   -1.067651
 _ImonXyea_3_2006 |   2.129279   .5009465     4.25   0.000     1.147396    3.111161
 _ImonXyea_3_2007 |  -1.112181   .1687174    -6.59   0.000    -1.442877   -.7814858
 _ImonXyea_4_2005 |  -.1191296   .4279673    -0.28   0.781    -.9579692      .71971
 _ImonXyea_4_2006 |  -1.947661   .4621844    -4.21   0.000    -2.853568   -1.041754
 _ImonXyea_4_2007 |  -1.454235   .2361759    -6.16   0.000    -1.917153    -.991317
 _ImonXyea_5_2005 |   .7739392    .414786     1.87   0.062    -.0390643    1.586943
 _ImonXyea_5_2006 |  -.9887503   .4838049    -2.04   0.041    -1.937035   -.0404659
 _ImonXyea_5_2007 |  -.9355669   .1801295    -5.19   0.000    -1.288631   -.5825032
 _ImonXyea_6_2005 |   1.005359   .5359416     1.88   0.061    -.0451162    2.055834
 _ImonXyea_6_2006 |   .3610554    .457818     0.79   0.430    -.5362933    1.258404
 _ImonXyea_6_2007 |  -1.075454    .258804    -4.16   0.000    -1.582724   -.5681836
 _ImonXyea_7_2005 |  -.0648607   .6333299    -0.10   0.918    -1.306222    1.176501
 _ImonXyea_7_2006 |   .1594554   .4776838     0.33   0.739    -.7768312    1.095742
 _ImonXyea_7_2007 |          0  (omitted)
 _ImonXyea_8_2005 |  -1.920101   .6523463    -2.94   0.003    -3.198736   -.6414665
 _ImonXyea_8_2006 |  -1.274425   .4743287    -2.69   0.007    -2.204136   -.3447149
 _ImonXyea_8_2007 |          0  (omitted)
 _ImonXyea_9_2005 |  -1.313442   .6991568    -1.88   0.060    -2.683828    .0569442
 _ImonXyea_9_2006 |  -.6855111   .5507872    -1.24   0.213    -1.765085    .3940624
 _ImonXyea_9_2007 |          0  (omitted)
_ImonXyea_10_2005 |  -.7916275   .6113348    -1.29   0.195    -1.989878    .4066225
_ImonXyea_10_2006 |   .1872293   .6565118     0.29   0.776     -1.09957    1.474029
_ImonXyea_10_2007 |          0  (omitted)
_ImonXyea_11_2005 |  -.8426589   .5709722    -1.48   0.140    -1.961796    .2764782
_ImonXyea_11_2006 |  -.8591513   .6584884    -1.30   0.192    -2.149825    .4315224
_ImonXyea_11_2007 |          0  (omitted)
_ImonXyea_12_2005 |  -1.483285   .6402114    -2.32   0.021    -2.738135   -.2284354
_ImonXyea_12_2006 |  -.4313386   .6270484    -0.69   0.492    -1.660388     .797711
_ImonXyea_12_2007 |          0  (omitted)
     _ImonXtemp_2 |  -.0435772   .0838347    -0.52   0.603    -.2078978    .1207435
     _ImonXtemp_3 |    .082204   .0703337     1.17   0.243     -.055654     .220062
     _ImonXtemp_4 |   .0780558   .0853552     0.91   0.360    -.0892451    .2453566
     _ImonXtemp_5 |  -.1188199    .063002    -1.89   0.059    -.2423073    .0046674
     _ImonXtemp_6 |   .1300713   .0780523     1.67   0.096    -.0229156    .2830582
     _ImonXtemp_7 |   .0046946   .0971742     0.05   0.961    -.1857722    .1951615
     _ImonXtemp_8 |  -.0333352   .0805515    -0.41   0.679    -.1912206    .1245501
     _ImonXtemp_9 |    .183978   .0790245     2.33   0.020     .0290855    .3388705
    _ImonXtemp_10 |    -.06522    .083688    -0.78   0.436     -.229253     .098813
    _ImonXtemp_11 |  -.1135266    .049493    -2.29   0.022    -.2105357   -.0165175
    _ImonXtemp_12 |  -.1122952   .0610856    -1.84   0.066    -.2320263     .007436
     _ImonXtempa2 |  -.1266035   .0663171    -1.91   0.056    -.2565887    .0033817
     _ImonXtempa3 |  -.1758275   .0658272    -2.67   0.008    -.3048525   -.0468025
     _ImonXtempa4 |   -.128203   .0690814    -1.86   0.063    -.2636064    .0072004
     _ImonXtempa5 |  -.0059195   .0530389    -0.11   0.911    -.1098787    .0980397
     _ImonXtempa6 |  -.1990615   .0571307    -3.48   0.000    -.3110409   -.0870821
     _ImonXtempa7 |  -.0712591   .0768555    -0.93   0.354    -.2219003     .079382
     _ImonXtempa8 |   -.030332   .0600706    -0.50   0.614    -.1480738    .0874098
     _ImonXtempa9 |  -.3564753   .0636256    -5.60   0.000     -.481185   -.2317655
    _ImonXtempa10 |  -.0299251   .0565629    -0.53   0.597    -.1407915    .0809412
    _ImonXtempa11 |  -.0006682   .0570357    -0.01   0.991    -.1124614    .1111249
    _ImonXtempa12 |   .0758222   .0669427     1.13   0.257    -.0553893    .2070336
           eprice |   .5976753    .026545    22.52   0.000     .5456456    .6497049
            _cons |   1.334785   1.182591     1.13   0.259    -.9831589    3.652729
-----------------------------------------------------------------------------------


Instrumental variables (2SLS) regression               Number of obs =   26050
                                                       Wald chi2(101)=42893.26
                                                       Prob > chi2   =  0.0000
                                                       R-squared     =  0.6529
                                                       Root MSE      =   9.463

-----------------------------------------------------------------------------------
                  |               Robust
         mg_price |      Coef.   Std. Err.      z    P>|z|     [95% Conf. Interval]
------------------+----------------------------------------------------------------
           ecost2 |   .7220064    .089171     8.10   0.000     .5472346    .8967783
            windx |  -2.301581   .2188946   -10.51   0.000    -2.730606   -1.872555
           windx2 |   .0800905   .0143109     5.60   0.000     .0520416    .1081394
             temp |   .5728584   .1237817     4.63   0.000     .3302508     .815466
            tempx |  -1.007625   .1206641    -8.35   0.000    -1.244123   -.7711281
            humid |    .076461   .0119582     6.39   0.000     .0530234    .0998986
             coal |   33.93824   3.385313    10.03   0.000     27.30315    40.57333
              gas |    2.48944   .2588914     9.62   0.000     1.982022    2.996858
            brent |  -1.878693   .6372442    -2.95   0.003    -3.127668   -.6297171
         _Ihour_2 |   -4.39586   .3493258   -12.58   0.000    -5.080526   -3.711194
         _Ihour_3 |  -7.210821   .3434788   -20.99   0.000    -7.884027   -6.537615
         _Ihour_4 |  -8.395171   .3436014   -24.43   0.000    -9.068618   -7.721725
         _Ihour_5 |   -9.69552   .3444858   -28.14   0.000     -10.3707    -9.02034
         _Ihour_6 |  -9.530663   .3399408   -28.04   0.000    -10.19694   -8.864392
         _Ihour_7 |  -7.175031   .3351951   -21.41   0.000    -7.832001   -6.518061
         _Ihour_8 |  -2.749169   .3563299    -7.72   0.000    -3.447563   -2.050775
         _Ihour_9 |   .5938853    .391507     1.52   0.129    -.1734543    1.361225
        _Ihour_10 |    4.31642   .4064032    10.62   0.000     3.519884    5.112955
        _Ihour_11 |   7.791523   .4270073    18.25   0.000     6.954604    8.628442
        _Ihour_12 |   9.089611   .4479455    20.29   0.000     8.211654    9.967568
        _Ihour_13 |   10.09139   .4527821    22.29   0.000     9.203958    10.97883
        _Ihour_14 |   8.777864   .4332827    20.26   0.000     7.928645    9.627082
        _Ihour_15 |   5.666689   .4076318    13.90   0.000     4.867746    6.465633
        _Ihour_16 |   5.082553   .4122378    12.33   0.000     4.274582    5.890524
        _Ihour_17 |   4.265721   .4120227    10.35   0.000     3.458172    5.073271
        _Ihour_18 |   5.799139   .4391286    13.21   0.000     4.938462    6.659815
        _Ihour_19 |   6.812089   .4301735    15.84   0.000     5.968965    7.655214
        _Ihour_20 |   8.315656   .4418314    18.82   0.000     7.449682     9.18163
        _Ihour_21 |   8.724706   .4490902    19.43   0.000     7.844506    9.604907
        _Ihour_22 |   11.83166   .4851842    24.39   0.000     10.88072    12.78261
        _Ihour_23 |   7.329807   .4049954    18.10   0.000     6.536031    8.123584
        _Ihour_24 |   2.514424   .3823711     6.58   0.000      1.76499    3.263857
      _Iyear_2005 |   15.19419   .8555987    17.76   0.000     13.51724    16.87113
      _Iyear_2006 |   28.62735   2.090979    13.69   0.000     24.52911    32.72559
      _Iyear_2007 |   19.68035   .9229572    21.32   0.000     17.87139    21.48932
        _Iweekd_2 |   .7072471   .2299276     3.08   0.002     .2565972    1.157897
        _Iweekd_3 |    1.04432   .2308641     4.52   0.000     .5918348    1.496806
        _Iweekd_4 |   1.420039   .2329031     6.10   0.000     .9635571    1.876521
        _Iweekd_5 |   .2730606   .2272516     1.20   0.230    -.1723444    .7184657
        _Iweekd_6 |  -3.249577   .2216558   -14.66   0.000    -3.684015    -2.81514
        _Iweekd_7 |  -7.872059   .2317722   -33.96   0.000    -8.326324   -7.417794
        _Imonth_2 |  -11.92366   2.510352    -4.75   0.000    -16.84386   -7.003458
        _Imonth_3 |    .816461   2.245524     0.36   0.716    -3.584686    5.217608
        _Imonth_4 |  -15.67918   2.094853    -7.48   0.000    -19.78502   -11.57335
        _Imonth_5 |  -15.71347   2.017353    -7.79   0.000    -19.66741   -11.75953
        _Imonth_6 |  -32.69009   3.441163    -9.50   0.000    -39.43464   -25.94553
        _Imonth_7 |  -23.01817   3.139722    -7.33   0.000    -29.17191   -16.86443
        _Imonth_8 |   -31.9408   3.275899    -9.75   0.000    -38.36144   -25.52015
        _Imonth_9 |  -27.73004   3.183589    -8.71   0.000    -33.96976   -21.49032
       _Imonth_10 |  -17.98591   2.249993    -7.99   0.000    -22.39582   -13.57601
       _Imonth_11 |   3.349447     2.5432     1.32   0.188    -1.635135    8.334028
       _Imonth_12 |  -10.11416   2.830277    -3.57   0.000     -15.6614   -4.566917
 _ImonXyea_2_2005 |   .4168422   .8761797     0.48   0.634    -1.300438    2.134123
 _ImonXyea_2_2006 |   .0808629   1.097804     0.07   0.941    -2.070794     2.23252
 _ImonXyea_2_2007 |  -.4707513   .8367561    -0.56   0.574    -2.110763    1.169261
 _ImonXyea_3_2005 |   3.598834   1.132813     3.18   0.001     1.378561    5.819106
 _ImonXyea_3_2006 |  -22.13578   1.046675   -21.15   0.000    -24.18723   -20.08433
 _ImonXyea_3_2007 |  -13.15555   .7298068   -18.03   0.000    -14.58594   -11.72515
 _ImonXyea_4_2005 |  -.2240516   1.085618    -0.21   0.836    -2.351823     1.90372
 _ImonXyea_4_2006 |  -12.87023   .9421845   -13.66   0.000    -14.71688   -11.02358
 _ImonXyea_4_2007 |  -1.717577   .8056735    -2.13   0.033    -3.296668   -.1384863
 _ImonXyea_5_2005 |  -4.600871   1.079688    -4.26   0.000     -6.71702   -2.484721
 _ImonXyea_5_2006 |  -9.771565   1.234506    -7.92   0.000    -12.19115   -7.351977
 _ImonXyea_5_2007 |  -6.662878    .712882    -9.35   0.000    -8.060101   -5.265655
 _ImonXyea_6_2005 |   3.572993   1.384835     2.58   0.010     .8587657     6.28722
 _ImonXyea_6_2006 |  -15.42749   1.133699   -13.61   0.000     -17.6495   -13.20548
 _ImonXyea_6_2007 |  -3.176478   .9388253    -3.38   0.001    -5.016542   -1.336415
 _ImonXyea_7_2005 |   6.149559   1.472771     4.18   0.000     3.262982    9.036136
 _ImonXyea_7_2006 |  -13.44739   1.120956   -12.00   0.000    -15.64442   -11.25035
 _ImonXyea_7_2007 |          0  (omitted)
 _ImonXyea_8_2005 |   2.247196   1.400676     1.60   0.109    -.4980794    4.992471
 _ImonXyea_8_2006 |   -11.4946   1.170793    -9.82   0.000    -13.78931    -9.19989
 _ImonXyea_8_2007 |          0  (omitted)
 _ImonXyea_9_2005 |   2.171849   1.593816     1.36   0.173    -.9519728    5.295671
 _ImonXyea_9_2006 |  -11.77277   1.396688    -8.43   0.000    -14.51023   -9.035313
 _ImonXyea_9_2007 |          0  (omitted)
_ImonXyea_10_2005 |  -1.499879   1.406146    -1.07   0.286    -4.255875    1.256118
_ImonXyea_10_2006 |   -17.9785   1.565933   -11.48   0.000    -21.04768   -14.90933
_ImonXyea_10_2007 |          0  (omitted)
_ImonXyea_11_2005 |    4.04939    1.31932     3.07   0.002     1.463569     6.63521
_ImonXyea_11_2006 |  -21.17375   1.579688   -13.40   0.000    -24.26988   -18.07762
_ImonXyea_11_2007 |          0  (omitted)
_ImonXyea_12_2005 |   8.727476   1.487258     5.87   0.000     5.812503    11.64245
_ImonXyea_12_2006 |  -28.04406   1.484133   -18.90   0.000     -30.9529   -25.13521
_ImonXyea_12_2007 |          0  (omitted)
     _ImonXtemp_2 |   -2.34083   .2165587   -10.81   0.000    -2.765277   -1.916382
     _ImonXtemp_3 |  -2.146547   .2059526   -10.42   0.000    -2.550207   -1.742887
     _ImonXtemp_4 |  -.5727755   .1784557    -3.21   0.001    -.9225422   -.2230089
     _ImonXtemp_5 |  -.9235291   .1828824    -5.05   0.000    -1.281972   -.5650862
     _ImonXtemp_6 |   .5160891   .2481961     2.08   0.038     .0296336    1.002545
     _ImonXtemp_7 |   .7601516   .2219967     3.42   0.001      .325046    1.195257
     _ImonXtemp_8 |   .2663394   .1935499     1.38   0.169    -.1130114    .6456902
     _ImonXtemp_9 |  -.2046051   .2032499    -1.01   0.314    -.6029675    .1937574
    _ImonXtemp_10 |  -.4045548   .1994968    -2.03   0.043    -.7955613   -.0135483
    _ImonXtemp_11 |  -1.487869   .1493955    -9.96   0.000    -1.780679   -1.195059
    _ImonXtemp_12 |   -.646079    .185079    -3.49   0.000    -1.008827   -.2833308
     _ImonXtempa2 |   1.530452   .1860181     8.23   0.000     1.165863    1.895041
     _ImonXtempa3 |   1.219752   .1743729     7.00   0.000     .8779874    1.561517
     _ImonXtempa4 |   1.099202   .1606653     6.84   0.000      .784304      1.4141
     _ImonXtempa5 |   1.364747   .1560987     8.74   0.000     1.058799    1.670694
     _ImonXtempa6 |   .9711905   .1770676     5.48   0.000     .6241444    1.318237
     _ImonXtempa7 |   .5045103   .1900575     2.65   0.008     .1320044    .8770163
     _ImonXtempa8 |   .9953557   .1552508     6.41   0.000     .6910698    1.299642
     _ImonXtempa9 |   1.405929   .1724821     8.15   0.000      1.06787    1.743987
    _ImonXtempa10 |   1.262273   .1504037     8.39   0.000     .9674872    1.557059
    _ImonXtempa11 |   .7431954   .1542353     4.82   0.000     .4408998    1.045491
    _ImonXtempa12 |   1.288351   .2034939     6.33   0.000     .8895101    1.687191
            _cons |   18.18899   3.318306     5.48   0.000     11.68523    24.69276
-----------------------------------------------------------------------------------
Instrumented:  ecost2
Instruments:   windx windx2 temp tempx humid coal gas brent _Ihour_2 _Ihour_3
               _Ihour_4 _Ihour_5 _Ihour_6 _Ihour_7 _Ihour_8 _Ihour_9 _Ihour_10
               _Ihour_11 _Ihour_12 _Ihour_13 _Ihour_14 _Ihour_15 _Ihour_16
               _Ihour_17 _Ihour_18 _Ihour_19 _Ihour_20 _Ihour_21 _Ihour_22
               _Ihour_23 _Ihour_24 _Iyear_2005 _Iyear_2006 _Iyear_2007 _Iweekd_2
               _Iweekd_3 _Iweekd_4 _Iweekd_5 _Iweekd_6 _Iweekd_7 _Imonth_2
               _Imonth_3 _Imonth_4 _Imonth_5 _Imonth_6 _Imonth_7 _Imonth_8
               _Imonth_9 _Imonth_10 _Imonth_11 _Imonth_12 _ImonXyea_2_2005
               _ImonXyea_2_2006 _ImonXyea_2_2007 _ImonXyea_3_2005
               _ImonXyea_3_2006 _ImonXyea_3_2007 _ImonXyea_4_2005
               _ImonXyea_4_2006 _ImonXyea_4_2007 _ImonXyea_5_2005
               _ImonXyea_5_2006 _ImonXyea_5_2007 _ImonXyea_6_2005
               _ImonXyea_6_2006 _ImonXyea_6_2007 _ImonXyea_7_2005
               _ImonXyea_7_2006 _ImonXyea_8_2005 _ImonXyea_8_2006
               _ImonXyea_9_2005 _ImonXyea_9_2006 _ImonXyea_10_2005
               _ImonXyea_10_2006 _ImonXyea_11_2005 _ImonXyea_11_2006
               _ImonXyea_12_2005 _ImonXyea_12_2006 _ImonXtemp_2 _ImonXtemp_3
               _ImonXtemp_4 _ImonXtemp_5 _ImonXtemp_6 _ImonXtemp_7 _ImonXtemp_8
               _ImonXtemp_9 _ImonXtemp_10 _ImonXtemp_11 _ImonXtemp_12
               _ImonXtempa2 _ImonXtempa3 _ImonXtempa4 _ImonXtempa5 _ImonXtempa6
               _ImonXtempa7 _ImonXtempa8 _ImonXtempa9 _ImonXtempa10 _ImonXtempa11
               _ImonXtempa12 eprice

. estimates store spec_rd2

. estat firststage

  First-stage regression summary statistics
  --------------------------------------------------------------------------
               |            Adjusted      Partial       Robust
      Variable |   R-sq.       R-sq.        R-sq.    F(1,25948)   Prob > F
  -------------+------------------------------------------------------------
        ecost2 |  0.7433      0.7423       0.0353       507.068    0.0000
  --------------------------------------------------------------------------


. mat ftest_rd2 = r(singleresults)

.         
. *(4) - MONTHxWIND
. ivregress 2sls mg_price ($maincost = $instruments) $supplycontrols $demandcontrols $controls $basefe _I
> monXyea* _ImonXhou*, robust first
note: _ImonXyea_7_2007 omitted because of collinearity
note: _ImonXyea_8_2007 omitted because of collinearity
note: _ImonXyea_9_2007 omitted because of collinearity
note: _ImonXyea_10_2007 omitted because of collinearity
note: _ImonXyea_11_2007 omitted because of collinearity
note: _ImonXyea_12_2007 omitted because of collinearity

First-stage regressions
-----------------------

                                                  Number of obs   =      26050
                                                  F( 332,  25717) =     228.55
                                                  Prob > F        =     0.0000
                                                  R-squared       =     0.7512
                                                  Adj R-squared   =     0.7480
                                                  Root MSE        =     3.9097

-----------------------------------------------------------------------------------
                  |               Robust
           ecost2 |      Coef.   Std. Err.      t    P>|t|     [95% Conf. Interval]
------------------+----------------------------------------------------------------
            windx |  -.0309536   .0869545    -0.36   0.722    -.2013893    .1394822
           windx2 |   .0059443    .005815     1.02   0.307    -.0054534    .0173421
             temp |   .0350324   .0187338     1.87   0.061     -.001687    .0717518
            tempx |  -.0294792   .0154064    -1.91   0.056    -.0596766    .0007181
            humid |  -.0097791   .0038571    -2.54   0.011    -.0173393   -.0022189
             coal |  -5.212981   1.179408    -4.42   0.000    -7.524687   -2.901274
              gas |  -.3613708   .0982415    -3.68   0.000    -.5539296    -.168812
            brent |   1.121591   .2683053     4.18   0.000     .5956978    1.647485
         _Ihour_2 |   .3751433    .515734     0.73   0.467    -.6357242    1.386011
         _Ihour_3 |   1.119681   .5166491     2.17   0.030     .1070197    2.132342
         _Ihour_4 |   2.808731   .5428348     5.17   0.000     1.744744    3.872718
         _Ihour_5 |   3.580004    .497355     7.20   0.000     2.605161    4.554848
         _Ihour_6 |   3.490857   .4997275     6.99   0.000     2.511364    4.470351
         _Ihour_7 |   2.372739   .5312102     4.47   0.000     1.331537    3.413941
         _Ihour_8 |   .7928951   .5000149     1.59   0.113    -.1871623    1.772952
         _Ihour_9 |   .9499703   .4767764     1.99   0.046     .0154617    1.884479
        _Ihour_10 |   .9504592   .4711811     2.02   0.044     .0269178    1.874001
        _Ihour_11 |   .4525396   .4819432     0.94   0.348    -.4920961    1.397175
        _Ihour_12 |   .7390444   .5032976     1.47   0.142    -.2474472    1.725536
        _Ihour_13 |   .2469404    .418456     0.59   0.555    -.5732568    1.067138
        _Ihour_14 |   .2347528   .4193009     0.56   0.576    -.5871005    1.056606
        _Ihour_15 |   .2850773   .4842148     0.59   0.556    -.6640109    1.234166
        _Ihour_16 |   .3637962   .4800377     0.76   0.449    -.5771047    1.304697
        _Ihour_17 |   .5748133   .4794189     1.20   0.231    -.3648747    1.514501
        _Ihour_18 |   .0329032   .4649682     0.07   0.944    -.8784605    .9442669
        _Ihour_19 |    .665164    .421067     1.58   0.114     -.160151    1.490479
        _Ihour_20 |   .3032585   .3945084     0.77   0.442    -.4700003    1.076517
        _Ihour_21 |   .4763709   .3842554     1.24   0.215    -.2767912    1.229533
        _Ihour_22 |   .1708892   .4292952     0.40   0.691    -.6705535    1.012332
        _Ihour_23 |  -.1602098   .4516236    -0.35   0.723    -1.045417    .7249978
        _Ihour_24 |   .0336213     .43137     0.08   0.938    -.8118882    .8791309
      _Iyear_2005 |   .3463456   .2904546     1.19   0.233    -.2229619     .915653
      _Iyear_2006 |  -1.265224   .9301874    -1.36   0.174    -3.088443    .5579961
      _Iyear_2007 |  -1.101346   .3690167    -2.98   0.003    -1.824639   -.3780525
        _Iweekd_2 |  -.1539622   .0912958    -1.69   0.092    -.3329072    .0249827
        _Iweekd_3 |   .0108562   .0906636     0.12   0.905    -.1668494    .1885619
        _Iweekd_4 |  -.1045644   .0899603    -1.16   0.245    -.2808916    .0717628
        _Iweekd_5 |  -.3074718    .090331    -3.40   0.001    -.4845257   -.1304179
        _Iweekd_6 |   .1934001   .0924299     2.09   0.036     .0122324    .3745679
        _Iweekd_7 |   .3357977   .0925101     3.63   0.000     .1544728    .5171227
        _Imonth_2 |   .3334054   .4676177     0.71   0.476    -.5831516    1.249962
        _Imonth_3 |   1.824202   .5217962     3.50   0.000     .8014521    2.846952
        _Imonth_4 |   1.615277   .5910021     2.73   0.006     .4568796    2.773674
        _Imonth_5 |    .179126   .4676584     0.38   0.702    -.7375108    1.095763
        _Imonth_6 |   .7078492   .4870645     1.45   0.146    -.2468247    1.662523
        _Imonth_7 |   .1026235   .6358827     0.16   0.872    -1.143742    1.348989
        _Imonth_8 |   .1149387   .6316004     0.18   0.856    -1.123034    1.352911
        _Imonth_9 |   1.377871   .6092286     2.26   0.024     .1837486    2.571993
       _Imonth_10 |   1.165265    .597085     1.95   0.051    -.0050548    2.335586
       _Imonth_11 |   .8247241   .5308094     1.55   0.120    -.2156921     1.86514
       _Imonth_12 |   .3208924   .4775895     0.67   0.502    -.6152099    1.256995
 _ImonXyea_2_2005 |  -.0509851   .1848105    -0.28   0.783    -.4132241    .3112539
 _ImonXyea_2_2006 |   .3628787   .4818335     0.75   0.451    -.5815421    1.307299
 _ImonXyea_2_2007 |  -.7745678   .1522989    -5.09   0.000    -1.073082   -.4760534
 _ImonXyea_3_2005 |  -1.157124   .3127727    -3.70   0.000    -1.770176   -.5440715
 _ImonXyea_3_2006 |   2.636022   .4701571     5.61   0.000     1.714487    3.557556
 _ImonXyea_3_2007 |  -.9497126   .1690912    -5.62   0.000    -1.281141   -.6182844
 _ImonXyea_4_2005 |   .3877752   .4080792     0.95   0.342    -.4120829    1.187633
 _ImonXyea_4_2006 |  -1.325636    .432956    -3.06   0.002    -2.174254   -.4770176
 _ImonXyea_4_2007 |  -1.156311   .2167925    -5.33   0.000    -1.581236   -.7313857
 _ImonXyea_5_2005 |   1.148253   .3910616     2.94   0.003     .3817507    1.914756
 _ImonXyea_5_2006 |  -.6313264   .4592944    -1.37   0.169    -1.531569    .2689164
 _ImonXyea_5_2007 |  -.7191071   .1692377    -4.25   0.000    -1.050822   -.3873917
 _ImonXyea_6_2005 |   1.488872   .5131123     2.90   0.004     .4831429    2.494601
 _ImonXyea_6_2006 |   .7667382   .4329015     1.77   0.077    -.0817731     1.61525
 _ImonXyea_6_2007 |  -1.024459   .2197899    -4.66   0.000     -1.45526   -.5936589
 _ImonXyea_7_2005 |   .5775216   .6009714     0.96   0.337    -.6004161    1.755459
 _ImonXyea_7_2006 |   .7033813   .4398199     1.60   0.110    -.1586905    1.565453
 _ImonXyea_7_2007 |          0  (omitted)
 _ImonXyea_8_2005 |  -1.176589   .6176219    -1.91   0.057    -2.387163    .0339844
 _ImonXyea_8_2006 |  -.8425804   .4416938    -1.91   0.056    -1.708325    .0231642
 _ImonXyea_8_2007 |          0  (omitted)
 _ImonXyea_9_2005 |  -.4798933   .6477336    -0.74   0.459    -1.749488     .789701
 _ImonXyea_9_2006 |  -.3673616   .5215344    -0.70   0.481    -1.389598    .6548752
 _ImonXyea_9_2007 |          0  (omitted)
_ImonXyea_10_2005 |  -.5385277   .5735585    -0.94   0.348    -1.662735    .5856793
_ImonXyea_10_2006 |    .051504   .6260477     0.08   0.934    -1.175585    1.278593
_ImonXyea_10_2007 |          0  (omitted)
_ImonXyea_11_2005 |  -.6984254   .5373687    -1.30   0.194    -1.751698    .3548476
_ImonXyea_11_2006 |  -1.081247   .6117923    -1.77   0.077    -2.280394    .1179005
_ImonXyea_11_2007 |          0  (omitted)
_ImonXyea_12_2005 |  -1.138541   .6036655    -1.89   0.059    -2.321759    .0446773
_ImonXyea_12_2006 |  -.2757182   .6006194    -0.46   0.646    -1.452966    .9015296
_ImonXyea_12_2007 |          0  (omitted)
    _ImonXhou_2_2 |   .4924801   .7523052     0.65   0.513    -.9820804     1.96704
    _ImonXhou_2_3 |   .2422863   .7469561     0.32   0.746     -1.22179    1.706362
    _ImonXhou_2_4 |  -1.732342   .7639629    -2.27   0.023    -3.229753   -.2349323
    _ImonXhou_2_5 |  -1.642216   .7504983    -2.19   0.029    -3.113235   -.1711969
    _ImonXhou_2_6 |  -1.299379   .7505638    -1.73   0.083    -2.770526    .1717684
    _ImonXhou_2_7 |  -1.579781   .7561637    -2.09   0.037    -3.061905   -.0976581
    _ImonXhou_2_8 |   .2121153   .7469519     0.28   0.776    -1.251952    1.676183
    _ImonXhou_2_9 |   .0975004   .7098536     0.14   0.891    -1.293853    1.488853
   _ImonXhou_2_10 |  -.0438503   .6951201    -0.06   0.950    -1.406325    1.318624
   _ImonXhou_2_11 |  -.0628481    .675899    -0.09   0.926    -1.387648    1.261952
   _ImonXhou_2_12 |  -.2720957   .6805608    -0.40   0.689    -1.606033    1.061842
   _ImonXhou_2_13 |  -.2710145   .6443767    -0.42   0.674    -1.534029    .9920001
   _ImonXhou_2_14 |  -.2376956   .6482435    -0.37   0.714    -1.508289    1.032898
   _ImonXhou_2_15 |   .2567463   .6946722     0.37   0.712     -1.10485    1.618343
   _ImonXhou_2_16 |    .281568   .7034622     0.40   0.689    -1.097258    1.660394
   _ImonXhou_2_17 |   .3570968   .7043432     0.51   0.612    -1.023455    1.737649
   _ImonXhou_2_18 |   .8538141   .6918757     1.23   0.217    -.5023012    2.209929
   _ImonXhou_2_19 |   -.384829   .6644136    -0.58   0.562    -1.687117     .917459
   _ImonXhou_2_20 |   .0000611   .5733798     0.00   1.000    -1.123796    1.123918
   _ImonXhou_2_21 |  -.2776139   .5744747    -0.48   0.629    -1.403617    .8483888
   _ImonXhou_2_22 |  -.5381651    .617059    -0.87   0.383    -1.747635    .6713053
   _ImonXhou_2_23 |   .0691289   .6466643     0.11   0.915    -1.198369    1.336627
   _ImonXhou_2_24 |   .0277951   .6436957     0.04   0.966    -1.233885    1.289475
    _ImonXhou_3_2 |  -.8445501   .7723721    -1.09   0.274    -2.358443    .6693427
    _ImonXhou_3_3 |  -3.266367   .7671709    -4.26   0.000    -4.770065   -1.762669
    _ImonXhou_3_4 |  -4.621183   .8041237    -5.75   0.000    -6.197311   -3.045055
    _ImonXhou_3_5 |  -6.034901   .7525168    -8.02   0.000    -7.509876   -4.559926
    _ImonXhou_3_6 |  -6.095351   .7812239    -7.80   0.000    -7.626594   -4.564108
    _ImonXhou_3_7 |  -4.040443   .7901781    -5.11   0.000    -5.589237    -2.49165
    _ImonXhou_3_8 |  -1.198253   .7467611    -1.60   0.109    -2.661947    .2654403
    _ImonXhou_3_9 |  -2.086577   .7415554    -2.81   0.005    -3.540068   -.6330872
   _ImonXhou_3_10 |  -1.934264   .7427805    -2.60   0.009    -3.390156   -.4783727
   _ImonXhou_3_11 |   -2.03548   .7618096    -2.67   0.008     -3.52867   -.5422906
   _ImonXhou_3_12 |  -1.777389   .7660006    -2.32   0.020    -3.278793   -.2759848
   _ImonXhou_3_13 |  -.7459345   .7138873    -1.04   0.296    -2.145194    .6533247
   _ImonXhou_3_14 |  -1.207214   .7290847    -1.66   0.098    -2.636261    .2218333
   _ImonXhou_3_15 |  -.3131238   .7660651    -0.41   0.683    -1.814655    1.188407
   _ImonXhou_3_16 |  -.7163339   .7361269    -0.97   0.331    -2.159184    .7265162
   _ImonXhou_3_17 |  -.7476423   .7543832    -0.99   0.322    -2.226276    .7309912
   _ImonXhou_3_18 |  -.3821919   .7571877    -0.50   0.614    -1.866322    1.101939
   _ImonXhou_3_19 |  -.5138753   .7052269    -0.73   0.466     -1.89616     .868409
   _ImonXhou_3_20 |  -.7110497   .7008356    -1.01   0.310    -2.084727    .6626275
   _ImonXhou_3_21 |  -.8904153   .7203595    -1.24   0.216     -2.30236    .5215298
   _ImonXhou_3_22 |  -1.147887    .751397    -1.53   0.127    -2.620667    .3248936
   _ImonXhou_3_23 |  -.6218704   .7617638    -0.82   0.414     -2.11497    .8712296
   _ImonXhou_3_24 |  -1.024602   .7267059    -1.41   0.159    -2.448986    .3997822
    _ImonXhou_4_2 |  -.6552335   .8301511    -0.79   0.430    -2.282376    .9719093
    _ImonXhou_4_3 |  -1.495293   .8228187    -1.82   0.069    -3.108064     .117478
    _ImonXhou_4_4 |  -4.185362   .8349834    -5.01   0.000    -5.821976   -2.548747
    _ImonXhou_4_5 |  -5.018938   .7930087    -6.33   0.000    -6.573279   -3.464596
    _ImonXhou_4_6 |   -5.34567   .7935626    -6.74   0.000    -6.901097   -3.790243
    _ImonXhou_4_7 |  -3.281792    .845759    -3.88   0.000    -4.939528   -1.624057
    _ImonXhou_4_8 |  -1.924049   .8239418    -2.34   0.020    -3.539021   -.3090765
    _ImonXhou_4_9 |  -2.436314   .8082354    -3.01   0.003    -4.020501   -.8521271
   _ImonXhou_4_10 |  -1.182164   .8036205    -1.47   0.141    -2.757305    .3929779
   _ImonXhou_4_11 |  -1.290059   .8290806    -1.56   0.120    -2.915103    .3349858
   _ImonXhou_4_12 |  -1.139064   .8675242    -1.31   0.189    -2.839461    .5613319
   _ImonXhou_4_13 |  -1.903534   .7501192    -2.54   0.011     -3.37381   -.4332585
   _ImonXhou_4_14 |  -1.144289   .7616281    -1.50   0.133    -2.637123    .3485451
   _ImonXhou_4_15 |  -1.409419   .7883194    -1.79   0.074     -2.95457    .1357309
   _ImonXhou_4_16 |  -1.677598   .8042476    -2.09   0.037    -3.253968   -.1012273
   _ImonXhou_4_17 |  -1.648193   .8099107    -2.04   0.042    -3.235664   -.0607228
   _ImonXhou_4_18 |  -1.271504   .8004675    -1.59   0.112    -2.840466    .2974571
   _ImonXhou_4_19 |  -1.564946   .7886041    -1.98   0.047    -3.110655   -.0192376
   _ImonXhou_4_20 |  -.1016794   .7754982    -0.13   0.896    -1.621699    1.418341
   _ImonXhou_4_21 |  -1.520883   .7629045    -1.99   0.046    -3.016219   -.0255475
   _ImonXhou_4_22 |  -.5479016   .8536404    -0.64   0.521    -2.221085    1.125282
   _ImonXhou_4_23 |   .3440203   .8652502     0.40   0.691    -1.351919    2.039959
   _ImonXhou_4_24 |  -.9575861   .7835174    -1.22   0.222    -2.493324     .578152
    _ImonXhou_5_2 |   .2290028   .6917098     0.33   0.741    -1.126787    1.584793
    _ImonXhou_5_3 |  -.6990925   .6881972    -1.02   0.310    -2.047998    .6498126
    _ImonXhou_5_4 |  -2.011073   .6894753    -2.92   0.004    -3.362483   -.6596622
    _ImonXhou_5_5 |  -2.537119   .6530314    -3.89   0.000    -3.817097   -1.257141
    _ImonXhou_5_6 |  -2.480095    .663507    -3.74   0.000    -3.780606   -1.179584
    _ImonXhou_5_7 |  -1.677962   .6954662    -2.41   0.016    -3.041115   -.3148095
    _ImonXhou_5_8 |  -.5641536   .6780881    -0.83   0.405    -1.893244    .7649371
    _ImonXhou_5_9 |  -1.285202   .6369286    -2.02   0.044    -2.533618   -.0367861
   _ImonXhou_5_10 |  -.6985949   .6430135    -1.09   0.277    -1.958938    .5617477
   _ImonXhou_5_11 |  -.1061106   .6586857    -0.16   0.872    -1.397172     1.18495
   _ImonXhou_5_12 |  -.5746221   .6645525    -0.86   0.387    -1.877182    .7279381
   _ImonXhou_5_13 |  -.0377487    .595409    -0.06   0.949    -1.204784    1.129286
   _ImonXhou_5_14 |  -.1647516   .5980467    -0.28   0.783    -1.336957    1.007454
   _ImonXhou_5_15 |  -.6357281   .6477609    -0.98   0.326    -1.905376    .6339198
   _ImonXhou_5_16 |  -.0911523   .6535891    -0.14   0.889    -1.372224    1.189919
   _ImonXhou_5_17 |  -.0883011    .659809    -0.13   0.894    -1.381564    1.204962
   _ImonXhou_5_18 |  -.0039067   .6368944    -0.01   0.995    -1.252256    1.244442
   _ImonXhou_5_19 |   -1.30386   .6134166    -2.13   0.034    -2.506191   -.1015287
   _ImonXhou_5_20 |   -.470984   .5866476    -0.80   0.422    -1.620846    .6788782
   _ImonXhou_5_21 |   -.673444   .5831455    -1.15   0.248    -1.816442    .4695541
   _ImonXhou_5_22 |  -.5645213   .6156218    -0.92   0.359    -1.771175     .642132
   _ImonXhou_5_23 |  -.5614302   .6168054    -0.91   0.363    -1.770403    .6475429
   _ImonXhou_5_24 |  -.0207621   .6334457    -0.03   0.974    -1.262351    1.220827
    _ImonXhou_6_2 |   .2251772   .6935261     0.32   0.745    -1.134173    1.584527
    _ImonXhou_6_3 |  -.9559857   .6951362    -1.38   0.169    -2.318492    .4065204
    _ImonXhou_6_4 |  -2.450346   .7032304    -3.48   0.000    -3.828717   -1.071975
    _ImonXhou_6_5 |  -3.108639    .665452    -4.67   0.000    -4.412962   -1.804316
    _ImonXhou_6_6 |   -3.54449   .6853275    -5.17   0.000    -4.887771    -2.20121
    _ImonXhou_6_7 |  -2.430937   .7064254    -3.44   0.001     -3.81557   -1.046303
    _ImonXhou_6_8 |  -1.892975   .6912647    -2.74   0.006    -3.247893   -.5380573
    _ImonXhou_6_9 |  -1.304691   .6477818    -2.01   0.044     -2.57438   -.0350027
   _ImonXhou_6_10 |  -1.741046   .6566386    -2.65   0.008    -3.028094   -.4539969
   _ImonXhou_6_11 |  -.6664413   .6753628    -0.99   0.324     -1.99019    .6573078
   _ImonXhou_6_12 |  -.1177235   .6750291    -0.17   0.862    -1.440819    1.205372
   _ImonXhou_6_13 |  -.2591099   .6454535    -0.40   0.688    -1.524235    1.006015
   _ImonXhou_6_14 |  -.1680704   .6328624    -0.27   0.791    -1.408516    1.072375
   _ImonXhou_6_15 |  -.2853157   .6568648    -0.43   0.664    -1.572808    1.002176
   _ImonXhou_6_16 |  -.0163407   .6662874    -0.02   0.980    -1.322302     1.28962
   _ImonXhou_6_17 |  -.3967184   .6718101    -0.59   0.555    -1.713504    .9200672
   _ImonXhou_6_18 |  -.8718582   .6671203    -1.31   0.191    -2.179451    .4357351
   _ImonXhou_6_19 |  -.7505678   .6455033    -1.16   0.245    -2.015791     .514655
   _ImonXhou_6_20 |  -.3460204   .6200611    -0.56   0.577    -1.561375    .8693342
   _ImonXhou_6_21 |   -1.03936    .598471    -1.74   0.082    -2.212397    .1336766
   _ImonXhou_6_22 |  -.5393982   .6207723    -0.87   0.385    -1.756147    .6773504
   _ImonXhou_6_23 |   .2856554   .6145141     0.46   0.642    -.9188269    1.490138
   _ImonXhou_6_24 |  -1.282862   .6334826    -2.03   0.043    -2.524524   -.0412009
    _ImonXhou_7_2 |  -.0664662   .8909716    -0.07   0.941    -1.812821    1.679888
    _ImonXhou_7_3 |  -.0216316   .8732763    -0.02   0.980    -1.733302    1.690039
    _ImonXhou_7_4 |  -2.243583   .8996321    -2.49   0.013    -4.006913   -.4802537
    _ImonXhou_7_5 |  -2.661842   .8577309    -3.10   0.002    -4.343043   -.9806414
    _ImonXhou_7_6 |  -3.078411   .8712174    -3.53   0.000    -4.786046   -1.370776
    _ImonXhou_7_7 |  -1.990863   .8894411    -2.24   0.025    -3.734217   -.2475082
    _ImonXhou_7_8 |  -1.797374   .8865182    -2.03   0.043       -3.535   -.0597486
    _ImonXhou_7_9 |  -1.183757   .8473965    -1.40   0.162    -2.844702    .4771876
   _ImonXhou_7_10 |  -.4193281   .8553418    -0.49   0.624    -2.095846     1.25719
   _ImonXhou_7_11 |    .127339    .850456     0.15   0.881    -1.539603    1.794281
   _ImonXhou_7_12 |   .0398738   .8606075     0.05   0.963    -1.646965    1.726713
   _ImonXhou_7_13 |   1.064197   .8477954     1.26   0.209    -.5975296    2.725924
   _ImonXhou_7_14 |   1.546716   .8704842     1.78   0.076    -.1594821    3.252914
   _ImonXhou_7_15 |   1.252726   .9499948     1.32   0.187    -.6093176    3.114769
   _ImonXhou_7_16 |   .2574714   .9239728     0.28   0.781    -1.553567     2.06851
   _ImonXhou_7_17 |   1.254823   .8853269     1.42   0.156    -.4804676    2.990114
   _ImonXhou_7_18 |   .6811598   .8646342     0.79   0.431    -1.013572    2.375891
   _ImonXhou_7_19 |  -.4081506   .9016355    -0.45   0.651    -2.175407    1.359106
   _ImonXhou_7_20 |   .1372784   .8168034     0.17   0.867    -1.463702    1.738259
   _ImonXhou_7_21 |    .096872    .791104     0.12   0.903    -1.453736     1.64748
   _ImonXhou_7_22 |   .0062443   .8272339     0.01   0.994    -1.615181    1.627669
   _ImonXhou_7_23 |   .2517192   .8567783     0.29   0.769    -1.427614    1.931053
   _ImonXhou_7_24 |   .2917135   .8521777     0.34   0.732    -1.378603     1.96203
    _ImonXhou_8_2 |  -.4641639   .8298822    -0.56   0.576     -2.09078    1.162452
    _ImonXhou_8_3 |  -1.817053   .8118051    -2.24   0.025    -3.408236   -.2258688
    _ImonXhou_8_4 |  -3.976366   .8413281    -4.73   0.000    -5.625417   -2.327316
    _ImonXhou_8_5 |  -4.202188   .8267137    -5.08   0.000    -5.822594   -2.581783
    _ImonXhou_8_6 |  -4.211811   .8194196    -5.14   0.000     -5.81792   -2.605703
    _ImonXhou_8_7 |  -2.519635   .8420182    -2.99   0.003    -4.170038    -.869232
    _ImonXhou_8_8 |  -.9686257   .8344477    -1.16   0.246     -2.60419    .6669387
    _ImonXhou_8_9 |  -.2141693   .8248982    -0.26   0.795    -1.831016    1.402678
   _ImonXhou_8_10 |  -1.076643   .8102286    -1.33   0.184    -2.664737    .5114504
   _ImonXhou_8_11 |   .2992144   .8481343     0.35   0.724    -1.363177    1.961605
   _ImonXhou_8_12 |   .4847424   .8600706     0.56   0.573    -1.201044    2.170529
   _ImonXhou_8_13 |    1.71105   .8130631     2.10   0.035     .1174008    3.304699
   _ImonXhou_8_14 |   2.178228   .8320874     2.62   0.009     .5472897    3.809166
   _ImonXhou_8_15 |   1.751015   .8964281     1.95   0.051    -.0060346    3.508064
   _ImonXhou_8_16 |   .7439104   .8597144     0.87   0.387    -.9411782    2.428999
   _ImonXhou_8_17 |   .9645829   .8557248     1.13   0.260    -.7126858    2.641852
   _ImonXhou_8_18 |   1.246692   .8281144     1.51   0.132     -.376459    2.869842
   _ImonXhou_8_19 |   .6109869   .8048219     0.76   0.448    -.9665093    2.188483
   _ImonXhou_8_20 |   .1056535   .7788094     0.14   0.892    -1.420857    1.632164
   _ImonXhou_8_21 |  -.1371122   .7683959    -0.18   0.858    -1.643211    1.368987
   _ImonXhou_8_22 |   1.541424   .8197114     1.88   0.060    -.0652568    3.148104
   _ImonXhou_8_23 |   .6992524   .8250453     0.85   0.397    -.9178829    2.316388
   _ImonXhou_8_24 |   2.001267   .8004191     2.50   0.012     .4324002    3.570133
    _ImonXhou_9_2 |  -.9622198   .8080311    -1.19   0.234    -2.546006    .6215666
    _ImonXhou_9_3 |  -1.563564   .8211448    -1.90   0.057    -3.173054    .0459264
    _ImonXhou_9_4 |  -4.488525   .8234356    -5.45   0.000    -6.102505   -2.874545
    _ImonXhou_9_5 |  -4.416496   .8235663    -5.36   0.000    -6.030732    -2.80226
    _ImonXhou_9_6 |  -5.265933   .8182492    -6.44   0.000    -6.869748   -3.662119
    _ImonXhou_9_7 |  -2.455271    .837371    -2.93   0.003    -4.096565   -.8139765
    _ImonXhou_9_8 |  -1.365083   .8461713    -1.61   0.107    -3.023626    .2934603
    _ImonXhou_9_9 |  -1.841323   .8379535    -2.20   0.028     -3.48376   -.1988874
   _ImonXhou_9_10 |  -1.965236   .8147817    -2.41   0.016    -3.562254   -.3682184
   _ImonXhou_9_11 |  -1.687445   .8415834    -2.01   0.045    -3.336996    -.037894
   _ImonXhou_9_12 |  -1.008268   .8564925    -1.18   0.239    -2.687042     .670505
   _ImonXhou_9_13 |  -.2134693   .8155614    -0.26   0.794    -1.812015    1.385077
   _ImonXhou_9_14 |  -.3977628   .7936767    -0.50   0.616    -1.953414    1.157888
   _ImonXhou_9_15 |  -.1596246   .8334278    -0.19   0.848     -1.79319    1.473941
   _ImonXhou_9_16 |  -1.486396   .8339844    -1.78   0.075    -3.121053    .1482602
   _ImonXhou_9_17 |  -1.263289   .8111005    -1.56   0.119    -2.853091     .326514
   _ImonXhou_9_18 |  -.2429506   .8144191    -0.30   0.765    -1.839258    1.353357
   _ImonXhou_9_19 |  -1.323511   .7987697    -1.66   0.098    -2.889145    .2421224
   _ImonXhou_9_20 |  -1.048529    .781229    -1.34   0.180    -2.579782    .4827236
   _ImonXhou_9_21 |  -1.057614   .7712174    -1.37   0.170    -2.569244    .4540153
   _ImonXhou_9_22 |  -1.486086   .8007572    -1.86   0.063    -3.055615    .0834434
   _ImonXhou_9_23 |  -.2546696   .8365095    -0.30   0.761    -1.894275    1.384936
   _ImonXhou_9_24 |   1.062245   .7688676     1.38   0.167    -.4447788    2.569269
   _ImonXhou_10_2 |  -.6167095   .7754999    -0.80   0.426    -2.136733    .9033138
   _ImonXhou_10_3 |  -.9978803   .7804875    -1.28   0.201     -2.52768    .5319191
   _ImonXhou_10_4 |  -3.420044   .8169019    -4.19   0.000    -5.021218    -1.81887
   _ImonXhou_10_5 |  -4.315338   .7799573    -5.53   0.000    -5.844098   -2.786578
   _ImonXhou_10_6 |  -4.670897   .7749549    -6.03   0.000    -6.189853   -3.151942
   _ImonXhou_10_7 |  -2.339235   .7935618    -2.95   0.003    -3.894661   -.7838093
   _ImonXhou_10_8 |  -1.776238   .7801048    -2.28   0.023    -3.305288   -.2471892
   _ImonXhou_10_9 |  -1.801358   .7700169    -2.34   0.019    -3.310635   -.2920821
  _ImonXhou_10_10 |  -1.974334   .7833604    -2.52   0.012    -3.509764   -.4389035
  _ImonXhou_10_11 |  -2.113572   .7906977    -2.67   0.008    -3.663384   -.5637597
  _ImonXhou_10_12 |  -2.260906   .8338689    -2.71   0.007    -3.895336   -.6264763
  _ImonXhou_10_13 |  -2.310036   .7602394    -3.04   0.002    -3.800148   -.8199237
  _ImonXhou_10_14 |  -2.316162   .7365518    -3.14   0.002    -3.759845   -.8724794
  _ImonXhou_10_15 |  -1.735606   .7912985    -2.19   0.028    -3.286595   -.1846162
  _ImonXhou_10_16 |  -1.544509   .7736192    -2.00   0.046    -3.060846   -.0281721
  _ImonXhou_10_17 |   -1.46417   .7728624    -1.89   0.058    -2.979024    .0506837
  _ImonXhou_10_18 |  -1.407472   .7857233    -1.79   0.073    -2.947534    .1325901
  _ImonXhou_10_19 |  -1.131197   .7812741    -1.45   0.148    -2.662538    .4001446
  _ImonXhou_10_20 |   -2.15902   .7286585    -2.96   0.003    -3.587232   -.7308087
  _ImonXhou_10_21 |   -1.05395   .7355243    -1.43   0.152    -2.495619    .3877189
  _ImonXhou_10_22 |  -1.940355   .7264975    -2.67   0.008    -3.364331   -.5163792
  _ImonXhou_10_23 |  -.6738348   .8027215    -0.84   0.401    -2.247214    .8995445
  _ImonXhou_10_24 |    -.00083    .750625    -0.00   0.999    -1.472097    1.470437
   _ImonXhou_11_2 |   1.285519   .7760052     1.66   0.098    -.2354945    2.806533
   _ImonXhou_11_3 |   .3064553   .8089684     0.38   0.705    -1.279168    1.892079
   _ImonXhou_11_4 |  -1.025879   .7801735    -1.31   0.189    -2.555063    .5033046
   _ImonXhou_11_5 |  -2.401584   .7577487    -3.17   0.002    -3.886814   -.9163538
   _ImonXhou_11_6 |   -2.74054   .7614585    -3.60   0.000    -4.233042   -1.248039
   _ImonXhou_11_7 |  -1.139534   .7585014    -1.50   0.133    -2.626239    .3471719
   _ImonXhou_11_8 |  -.7768636    .759929    -1.02   0.307    -2.266367    .7126399
   _ImonXhou_11_9 |  -1.968467   .7315295    -2.69   0.007    -3.402306   -.5346279
  _ImonXhou_11_10 |  -1.714041   .7262282    -2.36   0.018    -3.137489   -.2905931
  _ImonXhou_11_11 |  -1.344918   .7299226    -1.84   0.065    -2.775607    .0857716
  _ImonXhou_11_12 |   -1.72091    .741103    -2.32   0.020    -3.173514   -.2683063
  _ImonXhou_11_13 |  -1.236762   .6806365    -1.82   0.069    -2.570848    .0973236
  _ImonXhou_11_14 |  -1.492836   .6917838    -2.16   0.031    -2.848771   -.1369006
  _ImonXhou_11_15 |  -.4728502    .745532    -0.63   0.526    -1.934135    .9884344
  _ImonXhou_11_16 |  -.7918453   .7528463    -1.05   0.293    -2.267466    .6837758
  _ImonXhou_11_17 |  -1.200231   .7329309    -1.64   0.102    -2.636817    .2363544
  _ImonXhou_11_18 |   -.613606   .7355378    -0.83   0.404    -2.055301    .8280894
  _ImonXhou_11_19 |  -1.271807   .7019519    -1.81   0.070    -2.647672    .1040582
  _ImonXhou_11_20 |   -.926277   .6932445    -1.34   0.182    -2.285075    .4325212
  _ImonXhou_11_21 |   -1.31396   .6859937    -1.92   0.055    -2.658546    .0306262
  _ImonXhou_11_22 |  -1.369228    .720815    -1.90   0.058    -2.782066    .0436094
  _ImonXhou_11_23 |  -1.047039   .7193966    -1.46   0.146    -2.457096    .3630191
  _ImonXhou_11_24 |  -.6612875    .707948    -0.93   0.350    -2.048905    .7263304
   _ImonXhou_12_2 |   .7817366   .7644775     1.02   0.307    -.7166822    2.280155
   _ImonXhou_12_3 |   .9288518   .7556647     1.23   0.219    -.5522935    2.409997
   _ImonXhou_12_4 |  -.3894057   .7927667    -0.49   0.623    -1.943273    1.164462
   _ImonXhou_12_5 |  -.8872589    .733607    -1.21   0.227     -2.32517    .5506521
   _ImonXhou_12_6 |  -.7702465   .7512269    -1.03   0.305    -2.242694    .7022006
   _ImonXhou_12_7 |  -.0375218    .776198    -0.05   0.961    -1.558914     1.48387
   _ImonXhou_12_8 |   .2907487   .7222029     0.40   0.687    -1.124809    1.706307
   _ImonXhou_12_9 |  -.5188724   .6975776    -0.74   0.457    -1.886164    .8484189
  _ImonXhou_12_10 |  -.9112523   .6930378    -1.31   0.189    -2.269645    .4471408
  _ImonXhou_12_11 |  -.7482786   .7046104    -1.06   0.288    -2.129355    .6327975
  _ImonXhou_12_12 |  -1.278979   .7132431    -1.79   0.073    -2.676976    .1190175
  _ImonXhou_12_13 |  -.2590835    .658099    -0.39   0.694    -1.548995    1.030828
  _ImonXhou_12_14 |  -.0782474   .6635685    -0.12   0.906    -1.378879    1.222384
  _ImonXhou_12_15 |  -.1060122   .6885864    -0.15   0.878     -1.45568    1.243656
  _ImonXhou_12_16 |  -.5064357   .6684145    -0.76   0.449    -1.816566    .8036943
  _ImonXhou_12_17 |  -.4614725   .6888345    -0.67   0.503    -1.811627    .8886819
  _ImonXhou_12_18 |  -.1524608   .6936024    -0.22   0.826    -1.511961    1.207039
  _ImonXhou_12_19 |  -.1617214   .6671501    -0.24   0.808    -1.469373     1.14593
  _ImonXhou_12_20 |   .0077137   .6647205     0.01   0.991    -1.295176    1.310603
  _ImonXhou_12_21 |  -.3192003   .6271604    -0.51   0.611     -1.54847    .9100693
  _ImonXhou_12_22 |  -.8004686   .6495866    -1.23   0.218    -2.073695    .4727577
  _ImonXhou_12_23 |   .0727385   .6553577     0.11   0.912    -1.211799    1.357276
  _ImonXhou_12_24 |  -.5847005   .6487014    -0.90   0.367    -1.856192    .6867908
           eprice |   .5930542   .0256922    23.08   0.000     .5426961    .6434123
            _cons |   2.098461    1.04879     2.00   0.045     .0427746    4.154147
-----------------------------------------------------------------------------------


Instrumental variables (2SLS) regression               Number of obs =   26050
                                                       Wald chi2(332)=51953.12
                                                       Prob > chi2   =  0.0000
                                                       R-squared     =  0.6876
                                                       Root MSE      =  8.9767

-----------------------------------------------------------------------------------
                  |               Robust
         mg_price |      Coef.   Std. Err.      z    P>|z|     [95% Conf. Interval]
------------------+----------------------------------------------------------------
           ecost2 |   .6002906   .0845944     7.10   0.000     .4344886    .7660927
            windx |  -2.788696    .208548   -13.37   0.000    -3.197443    -2.37995
           windx2 |   .1053624   .0138446     7.61   0.000     .0782274    .1324974
             temp |  -.0822034   .0433244    -1.90   0.058    -.1671176    .0027109
            tempx |  -.0418243   .0366058    -1.14   0.253    -.1135704    .0299218
            humid |   -.017054   .0098873    -1.72   0.085    -.0364328    .0023248
             coal |   42.82286   3.061158    13.99   0.000      36.8231    48.82261
              gas |   3.782867   .2546353    14.86   0.000     3.283791    4.281943
            brent |   -1.00471   .5787042    -1.74   0.083    -2.138949    .1295295
         _Ihour_2 |   -8.08117   1.269326    -6.37   0.000      -10.569   -5.593336
         _Ihour_3 |  -11.63899   1.260551    -9.23   0.000    -14.10963   -9.168359
         _Ihour_4 |   -14.9585   1.285403   -11.64   0.000    -17.47784   -12.43916
         _Ihour_5 |  -17.29754   1.301894   -13.29   0.000     -19.8492   -14.74587
         _Ihour_6 |  -17.71785   1.280852   -13.83   0.000    -20.22827   -15.20743
         _Ihour_7 |  -14.39005   1.243243   -11.57   0.000    -16.82676   -11.95333
         _Ihour_8 |  -7.540773    1.42219    -5.30   0.000    -10.32821   -4.753332
         _Ihour_9 |  -2.929909   1.790046    -1.64   0.102    -6.438334    .5785168
        _Ihour_10 |  -.5738957   1.766153    -0.32   0.745    -4.035491      2.8877
        _Ihour_11 |   3.321412   1.648329     2.02   0.044     .0907474    6.552077
        _Ihour_12 |   3.855111   1.525411     2.53   0.011     .8653599    6.844862
        _Ihour_13 |   4.141146   1.447979     2.86   0.004     1.303159    6.979133
        _Ihour_14 |   2.992883   1.369525     2.19   0.029     .3086627    5.677104
        _Ihour_15 |    .564256   1.398221     0.40   0.687    -2.176207    3.304719
        _Ihour_16 |  -.6673766   1.444276    -0.46   0.644    -3.498105    2.163352
        _Ihour_17 |  -1.800258   1.414718    -1.27   0.203    -4.573054    .9725374
        _Ihour_18 |   .5446193   1.411403     0.39   0.700    -2.221679    3.310917
        _Ihour_19 |   7.475833   1.451345     5.15   0.000     4.631249    10.32042
        _Ihour_20 |   11.76818   1.548842     7.60   0.000     8.732506    14.80385
        _Ihour_21 |   10.11636   1.492666     6.78   0.000      7.19079    13.04194
        _Ihour_22 |   7.097096   1.474057     4.81   0.000     4.207997    9.986195
        _Ihour_23 |   4.623167    1.38595     3.34   0.001     1.906756    7.339579
        _Ihour_24 |   5.028387   1.344843     3.74   0.000     2.392542    7.664231
      _Iyear_2005 |   12.69237   .7802108    16.27   0.000     11.16319    14.22156
      _Iyear_2006 |   28.24769   1.918466    14.72   0.000     24.48756    32.00781
      _Iyear_2007 |   17.66156   .8493249    20.79   0.000     15.99691     19.3262
        _Iweekd_2 |   .6258981     .21709     2.88   0.004     .2004095    1.051387
        _Iweekd_3 |   .9536599   .2200677     4.33   0.000     .5223352    1.384985
        _Iweekd_4 |   1.305783   .2185891     5.97   0.000     .8773563     1.73421
        _Iweekd_5 |   .1206033   .2109429     0.57   0.568    -.2928371    .5340437
        _Iweekd_6 |  -3.518659   .2083856   -16.89   0.000    -3.927087    -3.11023
        _Iweekd_7 |  -8.025237    .221201   -36.28   0.000    -8.458783   -7.591691
        _Imonth_2 |  -.1873689   1.435159    -0.13   0.896    -3.000229    2.625492
        _Imonth_3 |   1.705048   1.396423     1.22   0.222    -1.031891    4.441987
        _Imonth_4 |  -2.433275    1.31458    -1.85   0.064    -5.009805    .1432556
        _Imonth_5 |  -2.577151   1.282815    -2.01   0.045    -5.091423   -.0628792
        _Imonth_6 |  -4.100057   1.364743    -3.00   0.003    -6.774905    -1.42521
        _Imonth_7 |  -7.142976   1.413318    -5.05   0.000    -9.913028   -4.372924
        _Imonth_8 |  -8.578108   1.436265    -5.97   0.000    -11.39314    -5.76308
        _Imonth_9 |  -6.793381   1.533318    -4.43   0.000    -9.798628   -3.788133
       _Imonth_10 |  -5.131886   1.470697    -3.49   0.000    -8.014398   -2.249373
       _Imonth_11 |   .4042971   1.463168     0.28   0.782    -2.463459    3.272054
       _Imonth_12 |   8.425369   1.412807     5.96   0.000     5.656318    11.19442
 _ImonXyea_2_2005 |   3.987042   .7875225     5.06   0.000     2.443526    5.530557
 _ImonXyea_2_2006 |   .1857798    1.01982     0.18   0.855     -1.81303     2.18459
 _ImonXyea_2_2007 |  -2.473889   .7374293    -3.35   0.001    -3.919224   -1.028554
 _ImonXyea_3_2005 |    3.03932     1.1104     2.74   0.006     .8629755    5.215665
 _ImonXyea_3_2006 |  -26.38055    .962611   -27.41   0.000    -28.26724   -24.49387
 _ImonXyea_3_2007 |  -12.81526   .6724161   -19.06   0.000    -14.13317   -11.49735
 _ImonXyea_4_2005 |   2.753825   1.040681     2.65   0.008     .7141275    4.793522
 _ImonXyea_4_2006 |  -13.56438   .8368471   -16.21   0.000    -15.20457   -11.92419
 _ImonXyea_4_2007 |   .2903474   .7282714     0.40   0.690    -1.137038    1.717733
 _ImonXyea_5_2005 |  -1.380932   1.028761    -1.34   0.179    -3.397266    .6354018
 _ImonXyea_5_2006 |  -10.44241   1.143999    -9.13   0.000    -12.68461   -8.200214
 _ImonXyea_5_2007 |  -5.056077   .6376801    -7.93   0.000    -6.305908   -3.806247
 _ImonXyea_6_2005 |    7.25908   1.370364     5.30   0.000     4.573215    9.944945
 _ImonXyea_6_2006 |  -16.95012   1.015822   -16.69   0.000    -18.94109   -14.95915
 _ImonXyea_6_2007 |  -5.533406     .76565    -7.23   0.000    -7.034053    -4.03276
 _ImonXyea_7_2005 |   11.28357   1.455236     7.75   0.000     8.431356    14.13578
 _ImonXyea_7_2006 |  -10.44591   .9820155   -10.64   0.000    -12.37063   -8.521196
 _ImonXyea_7_2007 |          0  (omitted)
 _ImonXyea_8_2005 |   6.493123   1.331602     4.88   0.000     3.883231    9.103016
 _ImonXyea_8_2006 |  -11.37241   1.050027   -10.83   0.000    -13.43042   -9.314392
 _ImonXyea_8_2007 |          0  (omitted)
 _ImonXyea_9_2005 |   6.215135    1.50848     4.12   0.000     3.258569    9.171702
 _ImonXyea_9_2006 |   -9.56484   1.266786    -7.55   0.000    -12.04769   -7.081986
 _ImonXyea_9_2007 |          0  (omitted)
_ImonXyea_10_2005 |   3.592147   1.330348     2.70   0.007     .9847119    6.199582
_ImonXyea_10_2006 |  -15.60482   1.424346   -10.96   0.000    -18.39649   -12.81316
_ImonXyea_10_2007 |          0  (omitted)
_ImonXyea_11_2005 |   6.508545   1.250197     5.21   0.000     4.058204    8.958886
_ImonXyea_11_2006 |   -25.3554   1.408522   -18.00   0.000    -28.11605   -22.59475
_ImonXyea_11_2007 |          0  (omitted)
_ImonXyea_12_2005 |   11.43455   1.401735     8.16   0.000       8.6872     14.1819
_ImonXyea_12_2006 |  -28.30547   1.354514   -20.90   0.000    -30.96027   -25.65067
_ImonXyea_12_2007 |          0  (omitted)
    _ImonXhou_2_2 |   .6797314   1.809794     0.38   0.707      -2.8674    4.226862
    _ImonXhou_2_3 |   .5737731   1.804423     0.32   0.750    -2.962831    4.110377
    _ImonXhou_2_4 |   1.882833   1.800354     1.05   0.296    -1.645797    5.411462
    _ImonXhou_2_5 |   1.695642   1.793802     0.95   0.345    -1.820146    5.211429
    _ImonXhou_2_6 |   1.816571   1.773327     1.02   0.306    -1.659086    5.292228
    _ImonXhou_2_7 |   2.525723   1.730454     1.46   0.144    -.8659046     5.91735
    _ImonXhou_2_8 |   1.773127   1.947664     0.91   0.363    -2.044224    5.590477
    _ImonXhou_2_9 |    .346675   2.400458     0.14   0.885    -4.358137    5.051487
   _ImonXhou_2_10 |   1.933122   2.450782     0.79   0.430    -2.870322    6.736565
   _ImonXhou_2_11 |   2.115304    2.31677     0.91   0.361    -2.425481    6.656089
   _ImonXhou_2_12 |   .9083471   2.183296     0.42   0.677    -3.370835     5.18753
   _ImonXhou_2_13 |   1.142506   2.106781     0.54   0.588    -2.986709    5.271721
   _ImonXhou_2_14 |   -.975894   1.912764    -0.51   0.610    -4.724842    2.773054
   _ImonXhou_2_15 |  -2.164822   1.944214    -1.11   0.266    -5.975411    1.645766
   _ImonXhou_2_16 |  -2.094864   1.959064    -1.07   0.285    -5.934558     1.74483
   _ImonXhou_2_17 |  -1.975749   1.955792    -1.01   0.312    -5.809031    1.857534
   _ImonXhou_2_18 |  -3.368796   1.982232    -1.70   0.089      -7.2539    .5163081
   _ImonXhou_2_19 |  -6.733261   2.036214    -3.31   0.001    -10.72417   -2.742356
   _ImonXhou_2_20 |  -2.059069   2.103182    -0.98   0.328    -6.181231    2.063092
   _ImonXhou_2_21 |   .5165694   2.123271     0.24   0.808    -3.644965    4.678104
   _ImonXhou_2_22 |  -.0067766   2.184215    -0.00   0.998    -4.287759    4.274206
   _ImonXhou_2_23 |  -2.349603   1.944056    -1.21   0.227    -6.159882    1.460676
   _ImonXhou_2_24 |  -2.517754   1.897271    -1.33   0.184    -6.236336    1.200828
    _ImonXhou_3_2 |   4.499843   1.730114     2.60   0.009     1.108881    7.890804
    _ImonXhou_3_3 |   5.046684   1.707768     2.96   0.003      1.69952    8.393847
    _ImonXhou_3_4 |   5.679088   1.781823     3.19   0.001     2.186778    9.171398
    _ImonXhou_3_5 |     6.8661   1.810763     3.79   0.000      3.31707    10.41513
    _ImonXhou_3_6 |   7.206399   1.804554     3.99   0.000     3.669539    10.74326
    _ImonXhou_3_7 |   7.112609   1.732399     4.11   0.000     3.717169    10.50805
    _ImonXhou_3_8 |   3.269507   1.889603     1.73   0.084    -.4340469    6.973061
    _ImonXhou_3_9 |   3.820831   2.275581     1.68   0.093    -.6392253    8.280886
   _ImonXhou_3_10 |   6.188364   2.308865     2.68   0.007     1.663071    10.71366
   _ImonXhou_3_11 |   3.766087   2.223147     1.69   0.090    -.5912004    8.123374
   _ImonXhou_3_12 |   3.624566    2.08308     1.74   0.082    -.4581958    7.707328
   _ImonXhou_3_13 |   2.740974   2.060705     1.33   0.183    -1.297934    6.779882
   _ImonXhou_3_14 |   1.985529   1.933419     1.03   0.304    -1.803903    5.774961
   _ImonXhou_3_15 |   .6842705   1.876623     0.36   0.715    -2.993843    4.362384
   _ImonXhou_3_16 |   .9777945     1.8878     0.52   0.604    -2.722226    4.677815
   _ImonXhou_3_17 |   1.766316   1.870849     0.94   0.345    -1.900481    5.433113
   _ImonXhou_3_18 |  -.4093279   1.889137    -0.22   0.828    -4.111968    3.293312
   _ImonXhou_3_19 |  -6.874721   1.953567    -3.52   0.000    -10.70364   -3.045801
   _ImonXhou_3_20 |  -5.267048   2.239735    -2.35   0.019    -9.656848   -.8772486
   _ImonXhou_3_21 |    1.44991   2.248299     0.64   0.519    -2.956674    5.856495
   _ImonXhou_3_22 |   4.261005   2.295799     1.86   0.063    -.2386777    8.760687
   _ImonXhou_3_23 |   .1860348   1.981107     0.09   0.925    -3.696863    4.068933
   _ImonXhou_3_24 |  -.5536458   1.985565    -0.28   0.780    -4.445282    3.337991
    _ImonXhou_4_2 |   4.317417   1.632802     2.64   0.008     1.117184     7.51765
    _ImonXhou_4_3 |   5.154303   1.594138     3.23   0.001      2.02985    8.278757
    _ImonXhou_4_4 |   7.063773   1.629666     4.33   0.000     3.869687    10.25786
    _ImonXhou_4_5 |   8.248647   1.650204     5.00   0.000     5.014307    11.48299
    _ImonXhou_4_6 |   8.897271   1.632546     5.45   0.000      5.69754      12.097
    _ImonXhou_4_7 |   8.378398   1.555374     5.39   0.000     5.329922    11.42687
    _ImonXhou_4_8 |   6.147054   1.753074     3.51   0.000     2.711092    9.583016
    _ImonXhou_4_9 |   2.838287   2.114917     1.34   0.180    -1.306875    6.983449
   _ImonXhou_4_10 |   2.721609   2.069934     1.31   0.189    -1.335386    6.778605
   _ImonXhou_4_11 |   1.958518   2.043463     0.96   0.338    -2.046596    5.963633
   _ImonXhou_4_12 |   1.731652   1.887539     0.92   0.359    -1.967857    5.431161
   _ImonXhou_4_13 |   2.314817   1.827511     1.27   0.205    -1.267039    5.896674
   _ImonXhou_4_14 |    1.63583   1.685214     0.97   0.332    -1.667128    4.938789
   _ImonXhou_4_15 |   2.004784   1.698158     1.18   0.238    -1.323544    5.333112
   _ImonXhou_4_16 |   2.136279   1.738796     1.23   0.219    -1.271698    5.544256
   _ImonXhou_4_17 |   2.661101   1.721763     1.55   0.122    -.7134936    6.035695
   _ImonXhou_4_18 |   .3435057   1.746433     0.20   0.844    -3.079439    3.766451
   _ImonXhou_4_19 |  -7.424718   1.775024    -4.18   0.000     -10.9037   -3.945735
   _ImonXhou_4_20 |  -13.21178   1.817911    -7.27   0.000    -16.77482   -9.648738
   _ImonXhou_4_21 |  -8.897053   1.793075    -4.96   0.000    -12.41141   -5.382691
   _ImonXhou_4_22 |   5.714641   2.207823     2.59   0.010     1.387388    10.04189
   _ImonXhou_4_23 |  -1.271914   1.826369    -0.70   0.486    -4.851531    2.307703
   _ImonXhou_4_24 |  -5.852886   1.701914    -3.44   0.001    -9.188577   -2.517196
    _ImonXhou_5_2 |   4.988222   1.560922     3.20   0.001      1.92887    8.047574
    _ImonXhou_5_3 |   7.001234   1.535238     4.56   0.000     3.992223    10.01024
    _ImonXhou_5_4 |   9.198817   1.558629     5.90   0.000     6.143961    12.25367
    _ImonXhou_5_5 |   10.73961   1.560956     6.88   0.000     7.680197    13.79903
    _ImonXhou_5_6 |   11.06292   1.538731     7.19   0.000     8.047067    14.07878
    _ImonXhou_5_7 |   9.683576   1.485037     6.52   0.000     6.772958    12.59419
    _ImonXhou_5_8 |   5.421464   1.644432     3.30   0.001     2.198437    8.644492
    _ImonXhou_5_9 |   4.951548   2.018583     2.45   0.014      .995198    8.907898
   _ImonXhou_5_10 |   4.649811   2.029951     2.29   0.022     .6711792    8.628443
   _ImonXhou_5_11 |   3.996757   2.060732     1.94   0.052    -.0422038    8.035718
   _ImonXhou_5_12 |   5.204658   2.043215     2.55   0.011     1.200031    9.209286
   _ImonXhou_5_13 |   5.019703   1.948627     2.58   0.010     1.200464    8.838943
   _ImonXhou_5_14 |   5.127387   1.829929     2.80   0.005     1.540792    8.713983
   _ImonXhou_5_15 |   4.816797   1.757185     2.74   0.006     1.372778    8.260815
   _ImonXhou_5_16 |   6.162576   1.856385     3.32   0.001     2.524128    9.801024
   _ImonXhou_5_17 |   6.740513    1.79913     3.75   0.000     3.214284    10.26674
   _ImonXhou_5_18 |   5.031539   1.805511     2.79   0.005     1.492802    8.570276
   _ImonXhou_5_19 |    -2.6031   1.784047    -1.46   0.145    -6.099768    .8935672
   _ImonXhou_5_20 |  -9.233679   1.819818    -5.07   0.000    -12.80046     -5.6669
   _ImonXhou_5_21 |  -8.501389   1.765013    -4.82   0.000    -11.96075   -5.042028
   _ImonXhou_5_22 |   1.839566   1.836409     1.00   0.316     -1.75973    5.438862
   _ImonXhou_5_23 |   2.894278   1.787264     1.62   0.105    -.6086959    6.397251
   _ImonXhou_5_24 |  -4.359866   1.617241    -2.70   0.007    -7.529601   -1.190132
    _ImonXhou_6_2 |   4.432403   1.580587     2.80   0.005      1.33451    7.530296
    _ImonXhou_6_3 |   6.667959   1.575196     4.23   0.000      3.58063    9.755287
    _ImonXhou_6_4 |   9.074012   1.585365     5.72   0.000     5.966753    12.18127
    _ImonXhou_6_5 |   10.97339   1.591976     6.89   0.000     7.853179    14.09361
    _ImonXhou_6_6 |   11.71694   1.571185     7.46   0.000     8.637474    14.79641
    _ImonXhou_6_7 |   9.366332    1.51729     6.17   0.000     6.392498    12.34017
    _ImonXhou_6_8 |   5.577466   1.691805     3.30   0.001     2.261589    8.893342
    _ImonXhou_6_9 |   6.615233   2.098013     3.15   0.002     2.503203    10.72726
   _ImonXhou_6_10 |   9.732634   2.286394     4.26   0.000     5.251385    14.21388
   _ImonXhou_6_11 |   8.045602   2.171514     3.71   0.000     3.789514    12.30169
   _ImonXhou_6_12 |   11.28547   2.458737     4.59   0.000     6.466438    16.10451
   _ImonXhou_6_13 |   10.89767    2.13151     5.11   0.000     6.719986    15.07535
   _ImonXhou_6_14 |   13.57305   2.332925     5.82   0.000     9.000599    18.14549
   _ImonXhou_6_15 |   14.36481   2.297558     6.25   0.000     9.861679    18.86794
   _ImonXhou_6_16 |   13.90741   2.260927     6.15   0.000     9.476075    18.33875
   _ImonXhou_6_17 |    14.5856    2.15507     6.77   0.000     10.36175    18.80946
   _ImonXhou_6_18 |   12.96227    2.25744     5.74   0.000     8.537765    17.38677
   _ImonXhou_6_19 |   4.221074    2.16712     1.95   0.051    -.0264037    8.468552
   _ImonXhou_6_20 |  -1.460315   2.216169    -0.66   0.510    -5.803927    2.883298
   _ImonXhou_6_21 |  -4.492537   1.838203    -2.44   0.015    -8.095348   -.8897252
   _ImonXhou_6_22 |   .9995034   1.930671     0.52   0.605    -2.784542    4.783548
   _ImonXhou_6_23 |   5.500527   1.911298     2.88   0.004     1.754452    9.246602
   _ImonXhou_6_24 |  -1.334363   1.714863    -0.78   0.437    -4.695433    2.026708
    _ImonXhou_7_2 |   4.867382    1.62795     2.99   0.003     1.676659    8.058106
    _ImonXhou_7_3 |   5.969203   1.586226     3.76   0.000     2.860256    9.078149
    _ImonXhou_7_4 |   8.926455   1.593398     5.60   0.000     5.803452    12.04946
    _ImonXhou_7_5 |    10.6682    1.60061     6.67   0.000     7.531067    13.80534
    _ImonXhou_7_6 |   11.49811   1.564587     7.35   0.000     8.431579    14.56465
    _ImonXhou_7_7 |   9.576295   1.568258     6.11   0.000     6.502565    12.65003
    _ImonXhou_7_8 |    5.36759   1.703607     3.15   0.002     2.028583    8.706598
    _ImonXhou_7_9 |   5.082875   2.064061     2.46   0.014      1.03739    9.128359
   _ImonXhou_7_10 |    8.46073   2.127302     3.98   0.000     4.291294    12.63017
   _ImonXhou_7_11 |   9.257217   2.197632     4.21   0.000     4.949939     13.5645
   _ImonXhou_7_12 |   11.08588   2.239016     4.95   0.000     6.697494    15.47427
   _ImonXhou_7_13 |   15.28738   2.460034     6.21   0.000      10.4658    20.10895
   _ImonXhou_7_14 |   15.97671   2.347936     6.80   0.000     11.37484    20.57858
   _ImonXhou_7_15 |   15.36339   2.397207     6.41   0.000     10.66495    20.06183
   _ImonXhou_7_16 |    18.2947   2.275993     8.04   0.000     13.83384    22.75557
   _ImonXhou_7_17 |   16.72573   2.381752     7.02   0.000     12.05758    21.39388
   _ImonXhou_7_18 |   15.93183   2.357562     6.76   0.000     11.31109    20.55257
   _ImonXhou_7_19 |   6.351191   2.380593     2.67   0.008     1.685315    11.01707
   _ImonXhou_7_20 |   .0115598   2.100109     0.01   0.996    -4.104578    4.127697
   _ImonXhou_7_21 |  -1.041341   1.856946    -0.56   0.575    -4.680889    2.598207
   _ImonXhou_7_22 |   2.074081   1.880469     1.10   0.270    -1.611571    5.759733
   _ImonXhou_7_23 |   8.550413    1.93536     4.42   0.000     4.757177    12.34365
   _ImonXhou_7_24 |   .4737016   1.792725     0.26   0.792    -3.039975    3.987378
    _ImonXhou_8_2 |   6.005039    1.53124     3.92   0.000     3.003864    9.006213
    _ImonXhou_8_3 |   8.387404   1.521389     5.51   0.000     5.405537    11.36927
    _ImonXhou_8_4 |   11.25888   1.581765     7.12   0.000     8.158681    14.35909
    _ImonXhou_8_5 |   12.64813   1.577415     8.02   0.000     9.556448     15.7398
    _ImonXhou_8_6 |   13.31741   1.550997     8.59   0.000     10.27751     16.3573
    _ImonXhou_8_7 |   10.93575   1.481445     7.38   0.000     8.032173    13.83933
    _ImonXhou_8_8 |   4.770887   1.655023     2.88   0.004     1.527101    8.014672
    _ImonXhou_8_9 |   1.046816   1.968072     0.53   0.595    -2.810533    4.904166
   _ImonXhou_8_10 |   3.808352   2.003423     1.90   0.057    -.1182843    7.734989
   _ImonXhou_8_11 |   4.092545   1.996956     2.05   0.040     .1785843    8.006506
   _ImonXhou_8_12 |   6.376985   2.061463     3.09   0.002     2.336592    10.41738
   _ImonXhou_8_13 |   11.32852   2.335214     4.85   0.000     6.751581    15.90545
   _ImonXhou_8_14 |   14.86783    2.35694     6.31   0.000     10.24832    19.48735
   _ImonXhou_8_15 |   12.40878   2.082344     5.96   0.000     8.327458     16.4901
   _ImonXhou_8_16 |   11.65724   2.042181     5.71   0.000     7.654638    15.65984
   _ImonXhou_8_17 |   10.95552    1.99769     5.48   0.000     7.040116    14.87092
   _ImonXhou_8_18 |   10.68783   2.184332     4.89   0.000     6.406616    14.96904
   _ImonXhou_8_19 |   .3405611    2.04554     0.17   0.868    -3.668623    4.349745
   _ImonXhou_8_20 |  -5.324947   1.896501    -2.81   0.005     -9.04202   -1.607874
   _ImonXhou_8_21 |  -5.682256   1.756913    -3.23   0.001    -9.125742    -2.23877
   _ImonXhou_8_22 |   4.970981   2.099544     2.37   0.018     .8559509     9.08601
   _ImonXhou_8_23 |   6.998962   1.984295     3.53   0.000     3.109815    10.88811
   _ImonXhou_8_24 |  -3.563157   1.731162    -2.06   0.040    -6.956172    -.170142
    _ImonXhou_9_2 |   5.636525   1.690997     3.33   0.001     2.322231    8.950819
    _ImonXhou_9_3 |   6.959724   1.647335     4.22   0.000     3.731006    10.18844
    _ImonXhou_9_4 |   10.25277    1.67602     6.12   0.000     6.967836    13.53771
    _ImonXhou_9_5 |   11.64907   1.667795     6.98   0.000     8.380255    14.91789
    _ImonXhou_9_6 |   12.80609   1.666613     7.68   0.000     9.539592     16.0726
    _ImonXhou_9_7 |   10.66155   1.611205     6.62   0.000     7.503644    13.81945
    _ImonXhou_9_8 |   9.942658   1.847269     5.38   0.000     6.322078    13.56324
    _ImonXhou_9_9 |   7.803152    2.12771     3.67   0.000     3.632917    11.97339
   _ImonXhou_9_10 |   10.87404   2.130221     5.10   0.000     6.698886     15.0492
   _ImonXhou_9_11 |   11.68426   2.131992     5.48   0.000      7.50563    15.86288
   _ImonXhou_9_12 |   14.11637    2.31394     6.10   0.000     9.581134    18.65161
   _ImonXhou_9_13 |   18.31156   2.347836     7.80   0.000     13.70988    22.91323
   _ImonXhou_9_14 |   16.35259   2.242044     7.29   0.000     11.95827    20.74692
   _ImonXhou_9_15 |   15.17514   2.105929     7.21   0.000     11.04759    19.30268
   _ImonXhou_9_16 |   16.17897   2.157924     7.50   0.000     11.94952    20.40842
   _ImonXhou_9_17 |   17.22126   2.279094     7.56   0.000     12.75432     21.6882
   _ImonXhou_9_18 |   17.53089   2.496593     7.02   0.000     12.63766    22.42413
   _ImonXhou_9_19 |   8.643178   2.238927     3.86   0.000     4.254962    13.03139
   _ImonXhou_9_20 |   1.627188   2.103329     0.77   0.439    -2.495261    5.749637
   _ImonXhou_9_21 |   9.206116   2.176915     4.23   0.000     4.939441    13.47279
   _ImonXhou_9_22 |    24.4625     2.3994    10.20   0.000     19.75976    29.16523
   _ImonXhou_9_23 |   10.52615   2.061825     5.11   0.000     6.485052    14.56726
   _ImonXhou_9_24 |  -2.899029   1.793287    -1.62   0.106    -6.413808    .6157496
   _ImonXhou_10_2 |   6.304106   1.638411     3.85   0.000     3.092879    9.515332
   _ImonXhou_10_3 |   7.203583   1.637454     4.40   0.000     3.994231    10.41293
   _ImonXhou_10_4 |   10.85658   1.651948     6.57   0.000     7.618819    14.09433
   _ImonXhou_10_5 |    12.6443   1.650897     7.66   0.000     9.408603       15.88
   _ImonXhou_10_6 |   13.50624    1.64063     8.23   0.000     10.29066    16.72181
   _ImonXhou_10_7 |   11.82627   1.568259     7.54   0.000     8.752542    14.90001
   _ImonXhou_10_8 |   11.91959   1.865189     6.39   0.000     8.263889     15.5753
   _ImonXhou_10_9 |   10.42903    2.18724     4.77   0.000     6.142115    14.71594
  _ImonXhou_10_10 |   8.600116   2.090859     4.11   0.000     4.502108    12.69812
  _ImonXhou_10_11 |   7.315419   2.080578     3.52   0.000     3.237561    11.39328
  _ImonXhou_10_12 |   8.242185   1.961313     4.20   0.000     4.398082    12.08629
  _ImonXhou_10_13 |    9.50777   2.001509     4.75   0.000     5.584885    13.43066
  _ImonXhou_10_14 |   8.515333   1.794231     4.75   0.000     4.998705    12.03196
  _ImonXhou_10_15 |   7.677064   1.792702     4.28   0.000     4.163433    11.19069
  _ImonXhou_10_16 |   8.070858   1.814713     4.45   0.000     4.514086    11.62763
  _ImonXhou_10_17 |   9.178351   1.847695     4.97   0.000     5.556935    12.79977
  _ImonXhou_10_18 |    8.55015   1.911196     4.47   0.000     4.804275    12.29603
  _ImonXhou_10_19 |   1.801106   1.944304     0.93   0.354     -2.00966    5.611871
  _ImonXhou_10_20 |   3.384009   2.128424     1.59   0.112     -.787625    7.555644
  _ImonXhou_10_21 |   17.02657   2.602877     6.54   0.000     11.92502    22.12811
  _ImonXhou_10_22 |   16.82527   2.306877     7.29   0.000     12.30387    21.34667
  _ImonXhou_10_23 |   5.667407   1.975073     2.87   0.004     1.796335    9.538479
  _ImonXhou_10_24 |  -3.445964   1.767645    -1.95   0.051    -6.910485    .0185567
   _ImonXhou_11_2 |   2.430233   1.857129     1.31   0.191    -1.209672    6.070138
   _ImonXhou_11_3 |   1.962667   1.841189     1.07   0.286    -1.645997     5.57133
   _ImonXhou_11_4 |   5.923817   1.825295     3.25   0.001     2.346305    9.501329
   _ImonXhou_11_5 |   7.148557   1.814501     3.94   0.000     3.592201    10.70491
   _ImonXhou_11_6 |   8.397587   1.797215     4.67   0.000     4.875109    11.92006
   _ImonXhou_11_7 |   7.764055   1.760575     4.41   0.000      4.31339    11.21472
   _ImonXhou_11_8 |   5.885066   1.904174     3.09   0.002     2.152953    9.617178
   _ImonXhou_11_9 |   3.660286   2.225437     1.64   0.100    -.7014897    8.022061
  _ImonXhou_11_10 |   4.536456    2.22405     2.04   0.041     .1773983    8.895514
  _ImonXhou_11_11 |    2.48447   2.184088     1.14   0.255    -1.796265    6.765205
  _ImonXhou_11_12 |   2.148705   2.103087     1.02   0.307     -1.97327     6.27068
  _ImonXhou_11_13 |   1.753134   2.005376     0.87   0.382    -2.177331    5.683598
  _ImonXhou_11_14 |   2.454757   1.915976     1.28   0.200    -1.300487    6.210002
  _ImonXhou_11_15 |   1.615386   1.882194     0.86   0.391    -2.073647    5.304418
  _ImonXhou_11_16 |   2.768869   1.936311     1.43   0.153    -1.026231    6.563969
  _ImonXhou_11_17 |   3.485903   1.914158     1.82   0.069    -.2657774    7.237583
  _ImonXhou_11_18 |   2.863149   1.916338     1.49   0.135    -.8928049    6.619103
  _ImonXhou_11_19 |   3.557994   2.160345     1.65   0.100    -.6762046    7.792194
  _ImonXhou_11_20 |   3.104458   2.237072     1.39   0.165    -1.280122    7.489039
  _ImonXhou_11_21 |   2.386035   2.179404     1.09   0.274    -1.885519    6.657589
  _ImonXhou_11_22 |    2.39478   2.112975     1.13   0.257    -1.746575    6.536134
  _ImonXhou_11_23 |  -.3900481   1.914792    -0.20   0.839    -4.142972    3.362875
  _ImonXhou_11_24 |  -2.447201   1.878301    -1.30   0.193    -6.128603      1.2342
   _ImonXhou_12_2 |   -.001829   1.850882    -0.00   0.999    -3.629491    3.625832
   _ImonXhou_12_3 |    -2.5366   1.832671    -1.38   0.166    -6.128568    1.055369
   _ImonXhou_12_4 |  -1.266212   1.827429    -0.69   0.488    -4.847906    2.315482
   _ImonXhou_12_5 |  -1.459734   1.817431    -0.80   0.422    -5.021834    2.102365
   _ImonXhou_12_6 |  -1.676983   1.815655    -0.92   0.356    -5.235601    1.881635
   _ImonXhou_12_7 |  -.7420166   1.835427    -0.40   0.686    -4.339387    2.855354
   _ImonXhou_12_8 |  -1.865288   2.037154    -0.92   0.360    -5.858036    2.127461
   _ImonXhou_12_9 |  -4.161621   2.396416    -1.74   0.082    -8.858511     .535268
  _ImonXhou_12_10 |   -2.28248    2.40267    -0.95   0.342    -6.991627    2.426668
  _ImonXhou_12_11 |  -.4062817   2.309582    -0.18   0.860    -4.932979    4.120415
  _ImonXhou_12_12 |   .2515235   2.241848     0.11   0.911    -4.142418    4.645465
  _ImonXhou_12_13 |  -1.847633   2.033845    -0.91   0.364    -5.833896    2.138631
  _ImonXhou_12_14 |   -1.69768   1.976134    -0.86   0.390    -5.570832    2.175471
  _ImonXhou_12_15 |  -2.706156   1.871158    -1.45   0.148    -6.373558    .9612456
  _ImonXhou_12_16 |  -2.378737   1.927004    -1.23   0.217    -6.155596    1.398122
  _ImonXhou_12_17 |  -1.897905   1.893889    -1.00   0.316     -5.60986     1.81405
  _ImonXhou_12_18 |   .3768464   2.036294     0.19   0.853    -3.614216    4.367908
  _ImonXhou_12_19 |   1.617635   2.092005     0.77   0.439    -2.482619     5.71789
  _ImonXhou_12_20 |  -1.425528   2.159102    -0.66   0.509     -5.65729    2.806234
  _ImonXhou_12_21 |  -.8885843   2.279202    -0.39   0.697    -5.355738     3.57857
  _ImonXhou_12_22 |   1.328536   2.256114     0.59   0.556    -3.093366    5.750439
  _ImonXhou_12_23 |  -2.497318   1.990603    -1.25   0.210    -6.398827    1.404192
  _ImonXhou_12_24 |  -1.922426   1.931032    -1.00   0.319    -5.707178    1.862327
            _cons |   9.626161    2.84921     3.38   0.001     4.041812    15.21051
-----------------------------------------------------------------------------------
Instrumented:  ecost2
Instruments:   windx windx2 temp tempx humid coal gas brent _Ihour_2 _Ihour_3
               _Ihour_4 _Ihour_5 _Ihour_6 _Ihour_7 _Ihour_8 _Ihour_9 _Ihour_10
               _Ihour_11 _Ihour_12 _Ihour_13 _Ihour_14 _Ihour_15 _Ihour_16
               _Ihour_17 _Ihour_18 _Ihour_19 _Ihour_20 _Ihour_21 _Ihour_22
               _Ihour_23 _Ihour_24 _Iyear_2005 _Iyear_2006 _Iyear_2007 _Iweekd_2
               _Iweekd_3 _Iweekd_4 _Iweekd_5 _Iweekd_6 _Iweekd_7 _Imonth_2
               _Imonth_3 _Imonth_4 _Imonth_5 _Imonth_6 _Imonth_7 _Imonth_8
               _Imonth_9 _Imonth_10 _Imonth_11 _Imonth_12 _ImonXyea_2_2005
               _ImonXyea_2_2006 _ImonXyea_2_2007 _ImonXyea_3_2005
               _ImonXyea_3_2006 _ImonXyea_3_2007 _ImonXyea_4_2005
               _ImonXyea_4_2006 _ImonXyea_4_2007 _ImonXyea_5_2005
               _ImonXyea_5_2006 _ImonXyea_5_2007 _ImonXyea_6_2005
               _ImonXyea_6_2006 _ImonXyea_6_2007 _ImonXyea_7_2005
               _ImonXyea_7_2006 _ImonXyea_8_2005 _ImonXyea_8_2006
               _ImonXyea_9_2005 _ImonXyea_9_2006 _ImonXyea_10_2005
               _ImonXyea_10_2006 _ImonXyea_11_2005 _ImonXyea_11_2006
               _ImonXyea_12_2005 _ImonXyea_12_2006 _ImonXhou_2_2 _ImonXhou_2_3
               _ImonXhou_2_4 _ImonXhou_2_5 _ImonXhou_2_6 _ImonXhou_2_7
               _ImonXhou_2_8 _ImonXhou_2_9 _ImonXhou_2_10 _ImonXhou_2_11
               _ImonXhou_2_12 _ImonXhou_2_13 _ImonXhou_2_14 _ImonXhou_2_15
               _ImonXhou_2_16 _ImonXhou_2_17 _ImonXhou_2_18 _ImonXhou_2_19
               _ImonXhou_2_20 _ImonXhou_2_21 _ImonXhou_2_22 _ImonXhou_2_23
               _ImonXhou_2_24 _ImonXhou_3_2 _ImonXhou_3_3 _ImonXhou_3_4
               _ImonXhou_3_5 _ImonXhou_3_6 _ImonXhou_3_7 _ImonXhou_3_8
               _ImonXhou_3_9 _ImonXhou_3_10 _ImonXhou_3_11 _ImonXhou_3_12
               _ImonXhou_3_13 _ImonXhou_3_14 _ImonXhou_3_15 _ImonXhou_3_16
               _ImonXhou_3_17 _ImonXhou_3_18 _ImonXhou_3_19 _ImonXhou_3_20
               _ImonXhou_3_21 _ImonXhou_3_22 _ImonXhou_3_23 _ImonXhou_3_24
               _ImonXhou_4_2 _ImonXhou_4_3 _ImonXhou_4_4 _ImonXhou_4_5
               _ImonXhou_4_6 _ImonXhou_4_7 _ImonXhou_4_8 _ImonXhou_4_9
               _ImonXhou_4_10 _ImonXhou_4_11 _ImonXhou_4_12 _ImonXhou_4_13
               _ImonXhou_4_14 _ImonXhou_4_15 _ImonXhou_4_16 _ImonXhou_4_17
               _ImonXhou_4_18 _ImonXhou_4_19 _ImonXhou_4_20 _ImonXhou_4_21
               _ImonXhou_4_22 _ImonXhou_4_23 _ImonXhou_4_24 _ImonXhou_5_2
               _ImonXhou_5_3 _ImonXhou_5_4 _ImonXhou_5_5 _ImonXhou_5_6
               _ImonXhou_5_7 _ImonXhou_5_8 _ImonXhou_5_9 _ImonXhou_5_10
               _ImonXhou_5_11 _ImonXhou_5_12 _ImonXhou_5_13 _ImonXhou_5_14
               _ImonXhou_5_15 _ImonXhou_5_16 _ImonXhou_5_17 _ImonXhou_5_18
               _ImonXhou_5_19 _ImonXhou_5_20 _ImonXhou_5_21 _ImonXhou_5_22
               _ImonXhou_5_23 _ImonXhou_5_24 _ImonXhou_6_2 _ImonXhou_6_3
               _ImonXhou_6_4 _ImonXhou_6_5 _ImonXhou_6_6 _ImonXhou_6_7
               _ImonXhou_6_8 _ImonXhou_6_9 _ImonXhou_6_10 _ImonXhou_6_11
               _ImonXhou_6_12 _ImonXhou_6_13 _ImonXhou_6_14 _ImonXhou_6_15
               _ImonXhou_6_16 _ImonXhou_6_17 _ImonXhou_6_18 _ImonXhou_6_19
               _ImonXhou_6_20 _ImonXhou_6_21 _ImonXhou_6_22 _ImonXhou_6_23
               _ImonXhou_6_24 _ImonXhou_7_2 _ImonXhou_7_3 _ImonXhou_7_4
               _ImonXhou_7_5 _ImonXhou_7_6 _ImonXhou_7_7 _ImonXhou_7_8
               _ImonXhou_7_9 _ImonXhou_7_10 _ImonXhou_7_11 _ImonXhou_7_12
               _ImonXhou_7_13 _ImonXhou_7_14 _ImonXhou_7_15 _ImonXhou_7_16
               _ImonXhou_7_17 _ImonXhou_7_18 _ImonXhou_7_19 _ImonXhou_7_20
               _ImonXhou_7_21 _ImonXhou_7_22 _ImonXhou_7_23 _ImonXhou_7_24
               _ImonXhou_8_2 _ImonXhou_8_3 _ImonXhou_8_4 _ImonXhou_8_5
               _ImonXhou_8_6 _ImonXhou_8_7 _ImonXhou_8_8 _ImonXhou_8_9
               _ImonXhou_8_10 _ImonXhou_8_11 _ImonXhou_8_12 _ImonXhou_8_13
               _ImonXhou_8_14 _ImonXhou_8_15 _ImonXhou_8_16 _ImonXhou_8_17
               _ImonXhou_8_18 _ImonXhou_8_19 _ImonXhou_8_20 _ImonXhou_8_21
               _ImonXhou_8_22 _ImonXhou_8_23 _ImonXhou_8_24 _ImonXhou_9_2
               _ImonXhou_9_3 _ImonXhou_9_4 _ImonXhou_9_5 _ImonXhou_9_6
               _ImonXhou_9_7 _ImonXhou_9_8 _ImonXhou_9_9 _ImonXhou_9_10
               _ImonXhou_9_11 _ImonXhou_9_12 _ImonXhou_9_13 _ImonXhou_9_14
               _ImonXhou_9_15 _ImonXhou_9_16 _ImonXhou_9_17 _ImonXhou_9_18
               _ImonXhou_9_19 _ImonXhou_9_20 _ImonXhou_9_21 _ImonXhou_9_22
               _ImonXhou_9_23 _ImonXhou_9_24 _ImonXhou_10_2 _ImonXhou_10_3
               _ImonXhou_10_4 _ImonXhou_10_5 _ImonXhou_10_6 _ImonXhou_10_7
               _ImonXhou_10_8 _ImonXhou_10_9 _ImonXhou_10_10 _ImonXhou_10_11
               _ImonXhou_10_12 _ImonXhou_10_13 _ImonXhou_10_14 _ImonXhou_10_15
               _ImonXhou_10_16 _ImonXhou_10_17 _ImonXhou_10_18 _ImonXhou_10_19
               _ImonXhou_10_20 _ImonXhou_10_21 _ImonXhou_10_22 _ImonXhou_10_23
               _ImonXhou_10_24 _ImonXhou_11_2 _ImonXhou_11_3 _ImonXhou_11_4
               _ImonXhou_11_5 _ImonXhou_11_6 _ImonXhou_11_7 _ImonXhou_11_8
               _ImonXhou_11_9 _ImonXhou_11_10 _ImonXhou_11_11 _ImonXhou_11_12
               _ImonXhou_11_13 _ImonXhou_11_14 _ImonXhou_11_15 _ImonXhou_11_16
               _ImonXhou_11_17 _ImonXhou_11_18 _ImonXhou_11_19 _ImonXhou_11_20
               _ImonXhou_11_21 _ImonXhou_11_22 _ImonXhou_11_23 _ImonXhou_11_24
               _ImonXhou_12_2 _ImonXhou_12_3 _ImonXhou_12_4 _ImonXhou_12_5
               _ImonXhou_12_6 _ImonXhou_12_7 _ImonXhou_12_8 _ImonXhou_12_9
               _ImonXhou_12_10 _ImonXhou_12_11 _ImonXhou_12_12 _ImonXhou_12_13
               _ImonXhou_12_14 _ImonXhou_12_15 _ImonXhou_12_16 _ImonXhou_12_17
               _ImonXhou_12_18 _ImonXhou_12_19 _ImonXhou_12_20 _ImonXhou_12_21
               _ImonXhou_12_22 _ImonXhou_12_23 _ImonXhou_12_24 eprice

. estimates store spec_rd3

. estat firststage

  First-stage regression summary statistics
  --------------------------------------------------------------------------
               |            Adjusted      Partial       Robust
      Variable |   R-sq.       R-sq.        R-sq.    F(1,25717)   Prob > F
  -------------+------------------------------------------------------------
        ecost2 |  0.7512      0.7480       0.0370       532.952    0.0000
  --------------------------------------------------------------------------


. mat ftest_rd3 = r(singleresults)

. 
. *(4) - MONTHxWIND
. ivregress 2sls mg_price ($maincost = $instruments) $supplycontrols $demandcontrols $controls $basefe _I
> monXyea* _ImonXhou* _ImonXtem*, robust first
note: _ImonXyea_7_2007 omitted because of collinearity
note: _ImonXyea_8_2007 omitted because of collinearity
note: _ImonXyea_9_2007 omitted because of collinearity
note: _ImonXyea_10_2007 omitted because of collinearity
note: _ImonXyea_11_2007 omitted because of collinearity
note: _ImonXyea_12_2007 omitted because of collinearity

First-stage regressions
-----------------------

                                                  Number of obs   =      26050
                                                  F( 354,  25695) =     215.19
                                                  Prob > F        =     0.0000
                                                  R-squared       =     0.7520
                                                  Adj R-squared   =     0.7486
                                                  Root MSE        =     3.9052

-----------------------------------------------------------------------------------
                  |               Robust
           ecost2 |      Coef.   Std. Err.      t    P>|t|     [95% Conf. Interval]
------------------+----------------------------------------------------------------
            windx |  -.0298638    .089842    -0.33   0.740    -.2059591    .1462315
           windx2 |   .0062372   .0059532     1.05   0.295    -.0054314    .0179058
             temp |   .0494377    .036224     1.36   0.172    -.0215634    .1204389
            tempx |   .0554893   .0350317     1.58   0.113    -.0131749    .1241535
            humid |  -.0154689   .0044168    -3.50   0.000    -.0241261   -.0068118
             coal |  -5.230812   1.354139    -3.86   0.000    -7.885002   -2.576623
              gas |  -.3411278   .1066949    -3.20   0.001    -.5502559   -.1319997
            brent |   1.403109    .275985     5.08   0.000     .8621627    1.944055
         _Ihour_2 |   .3649268    .513817     0.71   0.478    -.6421834    1.372037
         _Ihour_3 |   1.123467   .5157481     2.18   0.029     .1125714    2.134362
         _Ihour_4 |   2.813566   .5439184     5.17   0.000     1.747455    3.879677
         _Ihour_5 |   3.586548   .4964696     7.22   0.000     2.613439    4.559656
         _Ihour_6 |   3.492484   .4997867     6.99   0.000     2.512874    4.472094
         _Ihour_7 |    2.37521   .5334906     4.45   0.000     1.329538    3.420882
         _Ihour_8 |   .7918057   .5008281     1.58   0.114    -.1898455    1.773457
         _Ihour_9 |   .9452546   .4755778     1.99   0.047     .0130954    1.877414
        _Ihour_10 |   .9645343   .4694502     2.05   0.040     .0443854    1.884683
        _Ihour_11 |   .4424938   .4793881     0.92   0.356    -.4971338    1.382121
        _Ihour_12 |   .7292077   .5013845     1.45   0.146    -.2535341    1.711949
        _Ihour_13 |   .2543025   .4158115     0.61   0.541    -.5607114    1.069316
        _Ihour_14 |   .2416161    .419099     0.58   0.564    -.5798415    1.063074
        _Ihour_15 |   .2876267   .4833527     0.60   0.552    -.6597718    1.235025
        _Ihour_16 |   .3629832   .4766437     0.76   0.446    -.5712653    1.297232
        _Ihour_17 |   .5717252   .4764015     1.20   0.230    -.3620485    1.505499
        _Ihour_18 |   .0392999   .4643038     0.08   0.933    -.8707616    .9493614
        _Ihour_19 |   .6722462   .4196517     1.60   0.109    -.1502948    1.494787
        _Ihour_20 |   .2897036   .3953981     0.73   0.464    -.4852989    1.064706
        _Ihour_21 |   .4690796    .383976     1.22   0.222    -.2835349    1.221694
        _Ihour_22 |   .1541797    .426467     0.36   0.718    -.6817197     .990079
        _Ihour_23 |  -.1696186   .4512433    -0.38   0.707    -1.054081    .7148436
        _Ihour_24 |   .0247205   .4302391     0.06   0.954    -.8185723    .8680133
      _Iyear_2005 |   .2142518   .3093431     0.69   0.489    -.3920781    .8205817
      _Iyear_2006 |  -1.666316   .9535912    -1.75   0.081    -3.535409    .2027764
      _Iyear_2007 |  -1.407798   .3803907    -3.70   0.000    -2.153386   -.6622111
        _Iweekd_2 |  -.1506351   .0914058    -1.65   0.099    -.3297955    .0285254
        _Iweekd_3 |   .0141816   .0912191     0.16   0.876    -.1646128    .1929761
        _Iweekd_4 |  -.1063705   .0904984    -1.18   0.240    -.2837525    .0710116
        _Iweekd_5 |  -.3138602   .0909633    -3.45   0.001    -.4921534   -.1355671
        _Iweekd_6 |    .178589   .0928221     1.92   0.054    -.0033475    .3605254
        _Iweekd_7 |   .3252318   .0921009     3.53   0.000     .1447089    .5057547
        _Imonth_2 |   3.045273   .9631314     3.16   0.002     1.157481    4.933065
        _Imonth_3 |   4.467606   .9839355     4.54   0.000     2.539037    6.396175
        _Imonth_4 |   3.206869   .9740534     3.29   0.001     1.297669    5.116069
        _Imonth_5 |   1.267563   .7655038     1.66   0.098    -.2328674    2.767993
        _Imonth_6 |   2.957822   1.041972     2.84   0.005     .9154976    5.000147
        _Imonth_7 |   .7080299   1.346784     0.53   0.599    -1.931743    3.347802
        _Imonth_8 |  -.3093996   1.583564    -0.20   0.845    -3.413274    2.794475
        _Imonth_9 |   7.833616   1.342806     5.83   0.000     5.201641    10.46559
       _Imonth_10 |   1.820209   .8964368     2.03   0.042      .063142    3.577275
       _Imonth_11 |   1.330816   1.113804     1.19   0.232    -.8523034    3.513934
       _Imonth_12 |  -.3590418   1.028932    -0.35   0.727    -2.375806    1.657723
 _ImonXyea_2_2005 |  -.4120842   .2356074    -1.75   0.080    -.8738879    .0497195
 _ImonXyea_2_2006 |  -.0239157   .4882014    -0.05   0.961    -.9808179    .9329866
 _ImonXyea_2_2007 |  -.8471799   .2101937    -4.03   0.000    -1.259171   -.4351885
 _ImonXyea_3_2005 |  -1.453807   .3319104    -4.38   0.000     -2.10437   -.8032439
 _ImonXyea_3_2006 |   2.331801   .4856249     4.80   0.000     1.379948    3.283653
 _ImonXyea_3_2007 |  -1.076986   .1809233    -5.95   0.000    -1.431606   -.7223662
 _ImonXyea_4_2005 |   .1034284   .4315954     0.24   0.811     -.742523    .9493797
 _ImonXyea_4_2006 |  -1.763899   .4476015    -3.94   0.000    -2.641224   -.8865753
 _ImonXyea_4_2007 |  -1.386762   .2425254    -5.72   0.000    -1.862125   -.9113983
 _ImonXyea_5_2005 |    .926177   .4144238     2.23   0.025     .1138831    1.738471
 _ImonXyea_5_2006 |  -.8722865   .4705157    -1.85   0.064    -1.794524    .0499507
 _ImonXyea_5_2007 |  -.9005338   .1883226    -4.78   0.000    -1.269657   -.5314109
 _ImonXyea_6_2005 |   1.217843   .5326461     2.29   0.022     .1738268    2.261859
 _ImonXyea_6_2006 |    .511539   .4440648     1.15   0.249    -.3588531    1.381931
 _ImonXyea_6_2007 |  -1.026234   .2632405    -3.90   0.000      -1.5422   -.5102677
 _ImonXyea_7_2005 |   .2378111   .6292819     0.38   0.706    -.9956169    1.471239
 _ImonXyea_7_2006 |   .3855469    .466075     0.83   0.408    -.5279864     1.29908
 _ImonXyea_7_2007 |          0  (omitted)
 _ImonXyea_8_2005 |  -1.543448    .652084    -2.37   0.018     -2.82157   -.2653268
 _ImonXyea_8_2006 |  -1.008149   .4564752    -2.21   0.027    -1.902866    -.113432
 _ImonXyea_8_2007 |          0  (omitted)
 _ImonXyea_9_2005 |   -1.12302   .6966654    -1.61   0.107    -2.488523    .2424836
 _ImonXyea_9_2006 |  -.5266027   .5372738    -0.98   0.327     -1.57969    .5264841
 _ImonXyea_9_2007 |          0  (omitted)
_ImonXyea_10_2005 |   -.645599   .6078893    -1.06   0.288    -1.837096    .5458981
_ImonXyea_10_2006 |   .3226004   .6438022     0.50   0.616    -.9392881    1.584489
_ImonXyea_10_2007 |          0  (omitted)
_ImonXyea_11_2005 |  -.7551021   .5656394    -1.33   0.182    -1.863787     .353583
_ImonXyea_11_2006 |  -.6504777   .6465496    -1.01   0.314    -1.917751    .6167958
_ImonXyea_11_2007 |          0  (omitted)
_ImonXyea_12_2005 |  -1.533169   .6310221    -2.43   0.015    -2.770007   -.2963299
_ImonXyea_12_2006 |  -.3023988   .6143914    -0.49   0.623    -1.506641     .901843
_ImonXyea_12_2007 |          0  (omitted)
    _ImonXhou_2_2 |     .51355   .7498788     0.68   0.493    -.9562547    1.983355
    _ImonXhou_2_3 |   .2463939   .7439997     0.33   0.741    -1.211887    1.704675
    _ImonXhou_2_4 |  -1.732265   .7632264    -2.27   0.023    -3.228232   -.2362983
    _ImonXhou_2_5 |  -1.643485   .7497993    -2.19   0.028    -3.113134   -.1738366
    _ImonXhou_2_6 |  -1.294717     .75043    -1.73   0.084    -2.765602    .1761681
    _ImonXhou_2_7 |  -1.580481   .7557974    -2.09   0.037    -3.061886   -.0990751
    _ImonXhou_2_8 |   .2237579   .7462699     0.30   0.764    -1.238973    1.686489
    _ImonXhou_2_9 |   .1119612   .7070995     0.16   0.874    -1.273994    1.497916
   _ImonXhou_2_10 |  -.0507528   .6937276    -0.07   0.942    -1.410498    1.308992
   _ImonXhou_2_11 |  -.0524024   .6737028    -0.08   0.938    -1.372898    1.268093
   _ImonXhou_2_12 |  -.2527218   .6791584    -0.37   0.710    -1.583911    1.078467
   _ImonXhou_2_13 |  -.2584574   .6414685    -0.40   0.687    -1.515772    .9988569
   _ImonXhou_2_14 |  -.2233552   .6462455    -0.35   0.730    -1.490033    1.043322
   _ImonXhou_2_15 |   .2636338   .6931391     0.38   0.704    -1.094958    1.622225
   _ImonXhou_2_16 |   .2804385   .7003416     0.40   0.689     -1.09227    1.653147
   _ImonXhou_2_17 |   .3611161   .7019251     0.51   0.607    -1.014697    1.736929
   _ImonXhou_2_18 |   .8546413   .6909189     1.24   0.216    -.4995987    2.208881
   _ImonXhou_2_19 |  -.3944001   .6627743    -0.60   0.552    -1.693475    .9046748
   _ImonXhou_2_20 |   .0182846   .5736392     0.03   0.975     -1.10608     1.14265
   _ImonXhou_2_21 |  -.2601153   .5741826    -0.45   0.651    -1.385545    .8653149
   _ImonXhou_2_22 |  -.5095053   .6129152    -0.83   0.406    -1.710854     .691843
   _ImonXhou_2_23 |   .0906544   .6462671     0.14   0.888    -1.176065    1.357374
   _ImonXhou_2_24 |   .0559158   .6422419     0.09   0.931    -1.202915    1.314746
    _ImonXhou_3_2 |  -.8393239   .7725268    -1.09   0.277     -2.35352    .6748721
    _ImonXhou_3_3 |  -3.269771   .7679511    -4.26   0.000    -4.774998   -1.764543
    _ImonXhou_3_4 |  -4.631759   .8056197    -5.75   0.000    -6.210819   -3.052699
    _ImonXhou_3_5 |  -6.044266   .7534713    -8.02   0.000    -7.521113    -4.56742
    _ImonXhou_3_6 |  -6.095828   .7831582    -7.78   0.000    -7.630862   -4.560794
    _ImonXhou_3_7 |  -4.046559   .7939295    -5.10   0.000    -5.602706   -2.490413
    _ImonXhou_3_8 |  -1.198283   .7491875    -1.60   0.110    -2.666733    .2701668
    _ImonXhou_3_9 |  -2.086583   .7423093    -2.81   0.005    -3.541551   -.6316145
   _ImonXhou_3_10 |  -1.952279   .7431162    -2.63   0.009    -3.408828    -.495729
   _ImonXhou_3_11 |   -2.04619   .7606537    -2.69   0.007    -3.537114   -.5552656
   _ImonXhou_3_12 |  -1.776749   .7658889    -2.32   0.020    -3.277934   -.2755632
   _ImonXhou_3_13 |  -.7564786   .7137352    -1.06   0.289     -2.15544    .6424825
   _ImonXhou_3_14 |  -1.224411   .7297504    -1.68   0.093    -2.654763    .2059409
   _ImonXhou_3_15 |  -.3169711   .7659779    -0.41   0.679    -1.818331    1.184389
   _ImonXhou_3_16 |  -.7262307   .7338129    -0.99   0.322    -2.164545     .712084
   _ImonXhou_3_17 |  -.7592393   .7529319    -1.01   0.313    -2.235028    .7165497
   _ImonXhou_3_18 |  -.3991066   .7571299    -0.53   0.598    -1.883124    1.084911
   _ImonXhou_3_19 |  -.5249923   .7051308    -0.74   0.457    -1.907088    .8571039
   _ImonXhou_3_20 |   -.691319   .7049391    -0.98   0.327    -2.073039    .6904015
   _ImonXhou_3_21 |  -.8890022   .7213072    -1.23   0.218    -2.302805    .5248006
   _ImonXhou_3_22 |  -1.141599   .7522013    -1.52   0.129    -2.615956    .3327577
   _ImonXhou_3_23 |  -.6163924   .7632381    -0.81   0.419    -2.112382    .8795972
   _ImonXhou_3_24 |  -1.019762   .7271916    -1.40   0.161    -2.445098    .4055748
    _ImonXhou_4_2 |  -.6428877   .8294177    -0.78   0.438    -2.268593    .9828177
    _ImonXhou_4_3 |  -1.501635   .8226971    -1.83   0.068    -3.114168    .1108973
    _ImonXhou_4_4 |   -4.19096    .836111    -5.01   0.000    -5.829785   -2.552135
    _ImonXhou_4_5 |  -5.025327    .793552    -6.33   0.000    -6.580733    -3.46992
    _ImonXhou_4_6 |  -5.346638   .7946537    -6.73   0.000    -6.904204   -3.789072
    _ImonXhou_4_7 |  -3.284663   .8483457    -3.87   0.000    -4.947469   -1.621858
    _ImonXhou_4_8 |   -1.92089   .8261208    -2.33   0.020    -3.540134   -.3016473
    _ImonXhou_4_9 |  -2.430406    .808067    -3.01   0.003    -4.014263    -.846549
   _ImonXhou_4_10 |  -1.193326   .8032588    -1.49   0.137    -2.767758    .3811068
   _ImonXhou_4_11 |  -1.275207   .8271409    -1.54   0.123     -2.89645    .3460358
   _ImonXhou_4_12 |  -1.127694   .8663991    -1.30   0.193    -2.825885    .5704974
   _ImonXhou_4_13 |  -1.905703   .7482746    -2.55   0.011    -3.372364    -.439043
   _ImonXhou_4_14 |  -1.148609   .7617655    -1.51   0.132    -2.641712    .3444942
   _ImonXhou_4_15 |  -1.413796   .7876718    -1.79   0.073    -2.957677    .1300851
   _ImonXhou_4_16 |   -1.67996   .8023603    -2.09   0.036    -3.252631   -.1072884
   _ImonXhou_4_17 |  -1.646758   .8080603    -2.04   0.042    -3.230602   -.0629144
   _ImonXhou_4_18 |  -1.275984   .8003928    -1.59   0.111    -2.844799     .292831
   _ImonXhou_4_19 |  -1.571156   .7877819    -1.99   0.046    -3.115253    -.027059
   _ImonXhou_4_20 |  -.0879697   .7755775    -0.11   0.910    -1.608145    1.432206
   _ImonXhou_4_21 |  -1.513295   .7625781    -1.98   0.047    -3.007991   -.0185985
   _ImonXhou_4_22 |  -.5285219   .8519746    -0.62   0.535     -2.19844    1.141396
   _ImonXhou_4_23 |   .3458408    .866805     0.40   0.690    -1.353146    2.044827
   _ImonXhou_4_24 |  -.9555982   .7826416    -1.22   0.222     -2.48962    .5784234
    _ImonXhou_5_2 |   .2392347   .6903301     0.35   0.729    -1.113851    1.592321
    _ImonXhou_5_3 |  -.7028629   .6874046    -1.02   0.307    -2.050215    .6444889
    _ImonXhou_5_4 |  -2.017923   .6906992    -2.92   0.003    -3.371732   -.6641133
    _ImonXhou_5_5 |  -2.542804    .651693    -3.90   0.000    -3.820159   -1.265449
    _ImonXhou_5_6 |  -2.483736   .6637826    -3.74   0.000    -3.784788   -1.182685
    _ImonXhou_5_7 |  -1.680717    .696985    -2.41   0.016    -3.046847   -.3145874
    _ImonXhou_5_8 |  -.5618189   .6788993    -0.83   0.408      -1.8925     .768862
    _ImonXhou_5_9 |  -1.282427   .6368629    -2.01   0.044    -2.530714   -.0341396
   _ImonXhou_5_10 |  -.7220078   .6413435    -1.13   0.260    -1.979077    .5350617
   _ImonXhou_5_11 |  -.0960075   .6573792    -0.15   0.884    -1.384508    1.192493
   _ImonXhou_5_12 |  -.5625278   .6633752    -0.85   0.396    -1.862781    .7377249
   _ImonXhou_5_13 |  -.0425385    .594469    -0.07   0.943    -1.207731    1.122654
   _ImonXhou_5_14 |  -.1680482   .5975915    -0.28   0.779    -1.339361    1.003265
   _ImonXhou_5_15 |  -.6316614    .646785    -0.98   0.329    -1.899396    .6360736
   _ImonXhou_5_16 |  -.0900181   .6504591    -0.14   0.890    -1.364954    1.184918
   _ImonXhou_5_17 |  -.0849553   .6576175    -0.13   0.897    -1.373923    1.204012
   _ImonXhou_5_18 |  -.0098508   .6374191    -0.02   0.988    -1.259228    1.239526
   _ImonXhou_5_19 |  -1.310349   .6128451    -2.14   0.033     -2.51156   -.1091376
   _ImonXhou_5_20 |  -.4608654    .588658    -0.78   0.434    -1.614668    .6929375
   _ImonXhou_5_21 |  -.6736479   .5832199    -1.16   0.248    -1.816792     .469496
   _ImonXhou_5_22 |  -.5387804   .6137985    -0.88   0.380     -1.74186    .6642992
   _ImonXhou_5_23 |  -.5573439   .6166065    -0.90   0.366    -1.765927    .6512395
   _ImonXhou_5_24 |  -.0070631   .6326797    -0.01   0.991    -1.247151    1.233025
    _ImonXhou_6_2 |   .2375739     .69178     0.34   0.731    -1.118354    1.593502
    _ImonXhou_6_3 |   -.963212   .6939729    -1.39   0.165    -2.323438     .397014
    _ImonXhou_6_4 |  -2.458622   .7028578    -3.50   0.000    -3.836262   -1.080981
    _ImonXhou_6_5 |  -3.118623    .662794    -4.71   0.000    -4.417737   -1.819509
    _ImonXhou_6_6 |  -3.549557   .6849106    -5.18   0.000     -4.89202   -2.207094
    _ImonXhou_6_7 |  -2.434778   .7062861    -3.45   0.001    -3.819139   -1.050418
    _ImonXhou_6_8 |  -1.890427   .6920921    -2.73   0.006    -3.246966   -.5338874
    _ImonXhou_6_9 |  -1.302739   .6465836    -2.01   0.044    -2.570079   -.0353982
   _ImonXhou_6_10 |   -1.75264    .655223    -2.67   0.007    -3.036914   -.4683658
   _ImonXhou_6_11 |  -.6562394   .6730914    -0.97   0.330    -1.975536    .6630576
   _ImonXhou_6_12 |  -.1254541   .6733213    -0.19   0.852    -1.445202    1.194294
   _ImonXhou_6_13 |  -.2659345   .6404869    -0.42   0.678    -1.521325    .9894558
   _ImonXhou_6_14 |   -.187481   .6324864    -0.30   0.767     -1.42719    1.052228
   _ImonXhou_6_15 |  -.2825081   .6567361    -0.43   0.667    -1.569748    1.004732
   _ImonXhou_6_16 |  -.0158173   .6621782    -0.02   0.981    -1.313724    1.282089
   _ImonXhou_6_17 |  -.3830461   .6698319    -0.57   0.567    -1.695954    .9298621
   _ImonXhou_6_18 |  -.8730161   .6653284    -1.31   0.189    -2.177097    .4310649
   _ImonXhou_6_19 |   -.753065   .6436753    -1.17   0.242    -2.014705    .5085749
   _ImonXhou_6_20 |  -.3305651   .6182882    -0.53   0.593    -1.542445    .8813145
   _ImonXhou_6_21 |  -1.027662   .5979223    -1.72   0.086    -2.199623    .1442994
   _ImonXhou_6_22 |  -.5237749   .6187377    -0.85   0.397    -1.736536    .6889858
   _ImonXhou_6_23 |   .2991608   .6136593     0.49   0.626    -.9036459    1.501968
   _ImonXhou_6_24 |  -1.279594   .6311039    -2.03   0.043    -2.516593    -.042595
    _ImonXhou_7_2 |  -.0569621   .8885077    -0.06   0.949    -1.798487    1.684563
    _ImonXhou_7_3 |  -.0261298   .8718243    -0.03   0.976    -1.734955    1.682695
    _ImonXhou_7_4 |  -2.249131   .8998897    -2.50   0.012    -4.012966   -.4852965
    _ImonXhou_7_5 |  -2.669098   .8569264    -3.11   0.002    -4.348722    -.989474
    _ImonXhou_7_6 |   -3.08075   .8708699    -3.54   0.000    -4.787704   -1.373796
    _ImonXhou_7_7 |  -1.994046   .8896149    -2.24   0.025    -3.737742   -.2503512
    _ImonXhou_7_8 |  -1.797416   .8862702    -2.03   0.043    -3.534556   -.0602768
    _ImonXhou_7_9 |  -1.181156   .8458272    -1.40   0.163    -2.839025    .4767126
   _ImonXhou_7_10 |  -.4354196   .8546863    -0.51   0.610    -2.110653    1.239814
   _ImonXhou_7_11 |   .1407338   .8496521     0.17   0.868    -1.524632      1.8061
   _ImonXhou_7_12 |   .0449183   .8594737     0.05   0.958    -1.639699    1.729535
   _ImonXhou_7_13 |   1.054389   .8460382     1.25   0.213    -.6038935    2.712671
   _ImonXhou_7_14 |   1.538059   .8706247     1.77   0.077    -.1684145    3.244532
   _ImonXhou_7_15 |   1.257566   .9472505     1.33   0.184    -.5990987     3.11423
   _ImonXhou_7_16 |   .2670702   .9210338     0.29   0.772    -1.538208    2.072348
   _ImonXhou_7_17 |   1.271452   .8842022     1.44   0.150    -.4616341    3.004538
   _ImonXhou_7_18 |   .6822289   .8636452     0.79   0.430    -1.010564    2.375022
   _ImonXhou_7_19 |  -.4114945   .9012385    -0.46   0.648    -2.177973    1.354984
   _ImonXhou_7_20 |   .1585696   .8171845     0.19   0.846    -1.443158    1.760297
   _ImonXhou_7_21 |   .0994837   .7896807     0.13   0.900    -1.448335    1.647302
   _ImonXhou_7_22 |   .0251079    .824751     0.03   0.976     -1.59145    1.641666
   _ImonXhou_7_23 |   .2620181   .8548842     0.31   0.759    -1.413603    1.937639
   _ImonXhou_7_24 |   .2997443   .8507403     0.35   0.725    -1.367755    1.967243
    _ImonXhou_8_2 |  -.4539473   .8305528    -0.55   0.585    -2.081878    1.173983
    _ImonXhou_8_3 |  -1.820838   .8127097    -2.24   0.025    -3.413795   -.2278816
    _ImonXhou_8_4 |  -3.981202   .8429543    -4.72   0.000    -5.633439   -2.328964
    _ImonXhou_8_5 |  -4.208732   .8286946    -5.08   0.000     -5.83302   -2.584444
    _ImonXhou_8_6 |  -4.213438   .8219424    -5.13   0.000    -5.824491   -2.602384
    _ImonXhou_8_7 |  -2.522106   .8465778    -2.98   0.003    -4.181446   -.8627661
    _ImonXhou_8_8 |  -.9675363    .835595    -1.16   0.247     -2.60535    .6702769
    _ImonXhou_8_9 |  -.2094537    .824514    -0.25   0.799    -1.825547     1.40664
   _ImonXhou_8_10 |  -1.090718   .8100367    -1.35   0.178    -2.678436    .4969992
   _ImonXhou_8_11 |   .3176477   .8468072     0.38   0.708    -1.342142    1.977438
   _ImonXhou_8_12 |   .5108327   .8611729     0.59   0.553    -1.177115     2.19878
   _ImonXhou_8_13 |   1.712458   .8118908     2.11   0.035     .1211063     3.30381
   _ImonXhou_8_14 |   2.183038   .8337297     2.62   0.009     .5488808    3.817195
   _ImonXhou_8_15 |   1.759991   .8971342     1.96   0.050     .0015569    3.518424
   _ImonXhou_8_16 |   .7582475   .8573302     0.88   0.376     -.922168    2.438663
   _ImonXhou_8_17 |   .9766863   .8526655     1.15   0.252     -.694586    2.647959
   _ImonXhou_8_18 |   1.246912   .8270785     1.51   0.132    -.3742089    2.868032
   _ImonXhou_8_19 |   .6231258   .8039994     0.78   0.438    -.9527583     2.19901
   _ImonXhou_8_20 |   .1235027   .7789755     0.16   0.874    -1.403333    1.650339
   _ImonXhou_8_21 |   -.130001    .768139    -0.17   0.866    -1.635597    1.375595
   _ImonXhou_8_22 |     1.5664   .8201632     1.91   0.056    -.0411656    3.173966
   _ImonXhou_8_23 |   .7108251   .8265782     0.86   0.390    -.9093147    2.330965
   _ImonXhou_8_24 |   2.014418    .801695     2.51   0.012     .4430502    3.585785
    _ImonXhou_9_2 |   -.944505   .8140566    -1.16   0.246    -2.540102    .6510918
    _ImonXhou_9_3 |  -1.551523   .8213546    -1.89   0.059    -3.161424    .0583784
    _ImonXhou_9_4 |  -4.479232   .8310202    -5.39   0.000    -6.108078   -2.850386
    _ImonXhou_9_5 |  -4.408911    .828892    -5.32   0.000    -6.033586   -2.784236
    _ImonXhou_9_6 |  -5.244516   .8215005    -6.38   0.000    -6.854703   -3.634328
    _ImonXhou_9_7 |  -2.435408     .84786    -2.87   0.004    -4.097262   -.7735549
    _ImonXhou_9_8 |  -1.353842   .8525245    -1.59   0.112    -3.024838    .3171544
    _ImonXhou_9_9 |  -1.828228   .8377327    -2.18   0.029    -3.470231   -.1862245
   _ImonXhou_9_10 |  -1.963225   .8162633    -2.41   0.016    -3.563147   -.3633032
   _ImonXhou_9_11 |  -1.633756   .8363436    -1.95   0.051    -3.273036    .0055249
   _ImonXhou_9_12 |  -.9657781   .8528652    -1.13   0.257    -2.637442    .7058856
   _ImonXhou_9_13 |  -.2007607   .8222668    -0.24   0.807     -1.81245    1.410929
   _ImonXhou_9_14 |  -.3712525   .7961202    -0.47   0.641    -1.931693    1.189188
   _ImonXhou_9_15 |  -.1133588   .8353295    -0.14   0.892    -1.750652    1.523934
   _ImonXhou_9_16 |  -1.430353   .8306807    -1.72   0.085    -3.058534    .1978282
   _ImonXhou_9_17 |  -1.250917   .8082248    -1.55   0.122    -2.835083    .3332495
   _ImonXhou_9_18 |  -.2599407   .8155038    -0.32   0.750    -1.858374    1.338493
   _ImonXhou_9_19 |  -1.315688   .8029343    -1.64   0.101    -2.889484    .2581087
   _ImonXhou_9_20 |  -1.021212   .7824161    -1.31   0.192    -2.554792    .5123676
   _ImonXhou_9_21 |  -1.032873   .7645326    -1.35   0.177      -2.5314    .4656538
   _ImonXhou_9_22 |  -1.447483   .8107077    -1.79   0.074    -3.036516    .1415495
   _ImonXhou_9_23 |  -.2461456   .8404645    -0.29   0.770    -1.893503    1.401212
   _ImonXhou_9_24 |   1.078738   .7784294     1.39   0.166    -.4470278    2.604503
   _ImonXhou_10_2 |  -.6149266   .7729034    -0.80   0.426    -2.129861    .9000077
   _ImonXhou_10_3 |  -1.006971   .7810315    -1.29   0.197    -2.537837    .5238946
   _ImonXhou_10_4 |  -3.433731    .814617    -4.22   0.000    -5.030426   -1.837036
   _ImonXhou_10_5 |  -4.330733   .7797954    -5.55   0.000    -5.859176   -2.802291
   _ImonXhou_10_6 |  -4.681375   .7759656    -6.03   0.000    -6.202312   -3.160439
   _ImonXhou_10_7 |  -2.348011   .7931782    -2.96   0.003    -3.902685   -.7933373
   _ImonXhou_10_8 |  -1.780792   .7780043    -2.29   0.022    -3.305724   -.2558597
   _ImonXhou_10_9 |   -1.81052   .7682172    -2.36   0.018    -3.316269   -.3047709
  _ImonXhou_10_10 |  -2.002925   .7808817    -2.56   0.010    -3.533497   -.4723527
  _ImonXhou_10_11 |  -2.115699    .789334    -2.68   0.007    -3.662838   -.5685596
  _ImonXhou_10_12 |  -2.273824   .8312197    -2.74   0.006    -3.903061   -.6445865
  _ImonXhou_10_13 |  -2.314985   .7589006    -3.05   0.002    -3.802472   -.8274965
  _ImonXhou_10_14 |  -2.325181   .7349251    -3.16   0.002    -3.765676   -.8846869
  _ImonXhou_10_15 |  -1.743356   .7898417    -2.21   0.027     -3.29149   -.1952219
  _ImonXhou_10_16 |  -1.548562   .7705893    -2.01   0.044    -3.058961    -.038164
  _ImonXhou_10_17 |   -1.46704   .7703023    -1.90   0.057    -2.976876    .0427955
  _ImonXhou_10_18 |  -1.419782   .7849565    -1.81   0.071    -2.958341    .1187765
  _ImonXhou_10_19 |  -1.149535   .7828163    -1.47   0.142    -2.683899    .3848287
  _ImonXhou_10_20 |  -2.170123    .725778    -2.99   0.003    -3.592689   -.7475575
  _ImonXhou_10_21 |  -1.060462   .7308077    -1.45   0.147    -2.492886    .3719624
  _ImonXhou_10_22 |  -1.942143   .7238427    -2.68   0.007    -3.360915   -.5233705
  _ImonXhou_10_23 |   -.675251   .7995839    -0.84   0.398    -2.242481    .8919786
  _ImonXhou_10_24 |   .0042167   .7486061     0.01   0.996    -1.463093    1.471527
   _ImonXhou_11_2 |   1.297157    .774909     1.67   0.094    -.2217084    2.816022
   _ImonXhou_11_3 |   .3063371   .8094118     0.38   0.705    -1.280156     1.89283
   _ImonXhou_11_4 |  -1.030785   .7826373    -1.32   0.188    -2.564798     .503228
   _ImonXhou_11_5 |  -2.403702   .7585435    -3.17   0.002     -3.89049   -.9169146
   _ImonXhou_11_6 |  -2.734176   .7637871    -3.58   0.000    -4.231242    -1.23711
   _ImonXhou_11_7 |  -1.142728   .7613488    -1.50   0.133    -2.635015    .3495581
   _ImonXhou_11_8 |  -.7732182   .7608662    -1.02   0.310    -2.264559    .7181224
   _ImonXhou_11_9 |  -1.961381   .7300666    -2.69   0.007    -3.392353   -.5304098
  _ImonXhou_11_10 |  -1.730743   .7237638    -2.39   0.017     -3.14936   -.3121248
  _ImonXhou_11_11 |   -1.34627   .7288172    -1.85   0.065    -2.774792    .0822529
  _ImonXhou_11_12 |  -1.722507   .7411863    -2.32   0.020    -3.175274   -.2697399
  _ImonXhou_11_13 |  -1.248991    .679826    -1.84   0.066    -2.581488    .0835064
  _ImonXhou_11_14 |   -1.50894   .6915712    -2.18   0.029    -2.864459   -.1534216
  _ImonXhou_11_15 |  -.4721635   .7439001    -0.63   0.526    -1.930249    .9859225
  _ImonXhou_11_16 |  -.7915483   .7494287    -1.06   0.291    -2.260471    .6773741
  _ImonXhou_11_17 |   -1.19393   .7299501    -1.64   0.102    -2.624673    .2368133
  _ImonXhou_11_18 |  -.6225417   .7355656    -0.85   0.397    -2.064292    .8192083
  _ImonXhou_11_19 |  -1.299851   .7036748    -1.85   0.065    -2.679093     .079391
  _ImonXhou_11_20 |  -.9319441   .6959296    -1.34   0.181    -2.296005    .4321171
  _ImonXhou_11_21 |  -1.304601   .6857135    -1.90   0.057    -2.648638    .0394357
  _ImonXhou_11_22 |  -1.355784   .7183152    -1.89   0.059    -2.763723    .0521539
  _ImonXhou_11_23 |    -1.0388   .7163308    -1.45   0.147    -2.442848    .3652491
  _ImonXhou_11_24 |  -.6500911   .7076134    -0.92   0.358    -2.037053    .7368711
   _ImonXhou_12_2 |   .7918381   .7641269     1.04   0.300    -.7058935     2.28957
   _ImonXhou_12_3 |   .9277457   .7556999     1.23   0.220    -.5534687     2.40896
   _ImonXhou_12_4 |  -.3964198   .7945156    -0.50   0.618    -1.953715    1.160876
   _ImonXhou_12_5 |  -.8955326   .7322056    -1.22   0.221    -2.330697    .5396317
   _ImonXhou_12_6 |  -.7713239   .7501862    -1.03   0.304    -2.241731    .6990834
   _ImonXhou_12_7 |  -.0430601   .7780808    -0.06   0.956    -1.568142    1.482022
   _ImonXhou_12_8 |   .2912668   .7208046     0.40   0.686    -1.121551    1.704084
   _ImonXhou_12_9 |  -.5122935   .6957669    -0.74   0.462    -1.876036    .8514488
  _ImonXhou_12_10 |  -.9410746   .6920994    -1.36   0.174    -2.297628    .4154792
  _ImonXhou_12_11 |  -.7564043   .7047834    -1.07   0.283    -2.137819    .6250109
  _ImonXhou_12_12 |  -1.275325   .7145429    -1.78   0.074    -2.675869    .1252194
  _ImonXhou_12_13 |  -.2657112   .6594347    -0.40   0.687     -1.55824    1.026818
  _ImonXhou_12_14 |  -.0808269   .6626759    -0.12   0.903    -1.379709    1.218055
  _ImonXhou_12_15 |  -.1069621   .6870635    -0.16   0.876    -1.453645    1.239721
  _ImonXhou_12_16 |  -.5043967    .665764    -0.76   0.449    -1.809332    .8005382
  _ImonXhou_12_17 |  -.4489821   .6851737    -0.66   0.512    -1.791961     .893997
  _ImonXhou_12_18 |  -.1497716   .6929734    -0.22   0.829    -1.508038    1.208495
  _ImonXhou_12_19 |   -.172597   .6624744    -0.26   0.794    -1.471084     1.12589
  _ImonXhou_12_20 |  -.0056903   .6668405    -0.01   0.993    -1.312735    1.301355
  _ImonXhou_12_21 |   -.334266    .628444    -0.53   0.595    -1.566052    .8975196
  _ImonXhou_12_22 |  -.7741776   .6495543    -1.19   0.233    -2.047341    .4989854
  _ImonXhou_12_23 |   .0833718   .6545486     0.13   0.899     -1.19958    1.366324
  _ImonXhou_12_24 |  -.5646139   .6491048    -0.87   0.384    -1.836896    .7076679
     _ImonXtemp_2 |  -.0345251    .082748    -0.42   0.677    -.1967158    .1276656
     _ImonXtemp_3 |   .0760635   .0697269     1.09   0.275    -.0606051    .2127322
     _ImonXtemp_4 |   .0811631   .0846152     0.96   0.337    -.0846875    .2470137
     _ImonXtemp_5 |  -.1156118   .0625304    -1.85   0.064    -.2381749    .0069514
     _ImonXtemp_6 |   .1313684   .0775795     1.69   0.090    -.0206918    .2834285
     _ImonXtemp_7 |   .0205639   .0966989     0.21   0.832    -.1689714    .2100992
     _ImonXtemp_8 |  -.0169706   .0795884    -0.21   0.831    -.1729684    .1390273
     _ImonXtemp_9 |   .1902092   .0784766     2.42   0.015     .0363906    .3440278
    _ImonXtemp_10 |  -.0660417   .0824574    -0.80   0.423    -.2276628    .0955794
    _ImonXtemp_11 |  -.1143333   .0490802    -2.33   0.020    -.2105332   -.0181334
    _ImonXtemp_12 |  -.0965232   .0594855    -1.62   0.105    -.2131182    .0200717
     _ImonXtempa2 |   -.136239   .0654599    -2.08   0.037     -.264544   -.0079339
     _ImonXtempa3 |  -.1795711   .0641321    -2.80   0.005    -.3052737   -.0538685
     _ImonXtempa4 |  -.1363467   .0681867    -2.00   0.046    -.2699964    -.002697
     _ImonXtempa5 |  -.0121068   .0522762    -0.23   0.817     -.114571    .0903574
     _ImonXtempa6 |   -.204037   .0566409    -3.60   0.000    -.3150564   -.0930176
     _ImonXtempa7 |  -.0865572   .0759732    -1.14   0.255    -.2354689    .0623545
     _ImonXtempa8 |  -.0352538   .0588452    -0.60   0.549    -.1505937    .0800861
     _ImonXtempa9 |  -.3634015   .0627876    -5.79   0.000    -.4864688   -.2403342
    _ImonXtempa10 |  -.0336852   .0554316    -0.61   0.543    -.1423343    .0749639
    _ImonXtempa11 |  -.0042665   .0561892    -0.08   0.939    -.1144005    .1058674
    _ImonXtempa12 |    .070282   .0655499     1.07   0.284    -.0581995    .1987635
           eprice |    .595742   .0260939    22.83   0.000     .5445963    .6468876
            _cons |   .3669163   1.211385     0.30   0.762    -2.007467    2.741299
-----------------------------------------------------------------------------------


Instrumental variables (2SLS) regression               Number of obs =   26050
                                                       Wald chi2(354)=53264.00
                                                       Prob > chi2   =  0.0000
                                                       R-squared     =  0.6921
                                                       Root MSE      =   8.912

-----------------------------------------------------------------------------------
                  |               Robust
         mg_price |      Coef.   Std. Err.      z    P>|z|     [95% Conf. Interval]
------------------+----------------------------------------------------------------
           ecost2 |   .7080366   .0851632     8.31   0.000     .5411197    .8749534
            windx |  -2.349418   .2050765   -11.46   0.000     -2.75136   -1.947475
           windx2 |   .0826936   .0133966     6.17   0.000     .0564368    .1089504
             temp |   .6136605    .117612     5.22   0.000     .3831453    .8441758
            tempx |  -1.054978   .1126328    -9.37   0.000    -1.275735   -.8342222
            humid |   .0749118    .011346     6.60   0.000     .0526741    .0971495
             coal |   33.52058   3.203829    10.46   0.000     27.24119    39.79997
              gas |   2.491094   .2478757    10.05   0.000     2.005267    2.976922
            brent |  -1.859056   .6039512    -3.08   0.002    -3.042778   -.6753331
         _Ihour_2 |  -8.048718   1.269003    -6.34   0.000    -10.53592   -5.561519
         _Ihour_3 |  -11.90109   1.260312    -9.44   0.000    -14.37126   -9.430926
         _Ihour_4 |   -15.3653   1.291021   -11.90   0.000    -17.89566   -12.83495
         _Ihour_5 |  -17.75134    1.30022   -13.65   0.000    -20.29972   -15.20295
         _Ihour_6 |  -18.16797   1.282374   -14.17   0.000    -20.68137   -15.65456
         _Ihour_7 |  -14.68417    1.25359   -11.71   0.000    -17.14117   -12.22718
         _Ihour_8 |  -7.648031   1.422679    -5.38   0.000    -10.43643   -4.859632
         _Ihour_9 |  -3.120382   1.787094    -1.75   0.081    -6.623023    .3822582
        _Ihour_10 |  -.9094635   1.745864    -0.52   0.602    -4.331293    2.512366
        _Ihour_11 |   3.245799   1.643164     1.98   0.048     .0252562    6.466342
        _Ihour_12 |   3.762454   1.548195     2.43   0.015     .7280479     6.79686
        _Ihour_13 |   3.970711   1.434644     2.77   0.006     1.158861    6.782561
        _Ihour_14 |   2.796979   1.346638     2.08   0.038     .1576173    5.436341
        _Ihour_15 |    .496538   1.387908     0.36   0.721    -2.223711    3.216787
        _Ihour_16 |  -.8079951   1.428466    -0.57   0.572    -3.607737    1.991747
        _Ihour_17 |  -1.977977   1.394818    -1.42   0.156    -4.711771    .7558164
        _Ihour_18 |   .4422731   1.391356     0.32   0.751    -2.284734     3.16928
        _Ihour_19 |   7.303144   1.399162     5.22   0.000     4.560837    10.04545
        _Ihour_20 |    11.8457   1.503456     7.88   0.000     8.898978    14.79242
        _Ihour_21 |   10.07793   1.465328     6.88   0.000     7.205944    12.94992
        _Ihour_22 |   7.246075   1.468759     4.93   0.000     4.367361    10.12479
        _Ihour_23 |   4.708267    1.36537     3.45   0.001      2.03219    7.384343
        _Ihour_24 |   5.136423   1.329664     3.86   0.000      2.53033    7.742516
      _Iyear_2005 |   15.91264   .8066147    19.73   0.000      14.3317    17.49357
      _Iyear_2006 |   29.54571   1.976103    14.95   0.000     25.67262     33.4188
      _Iyear_2007 |   19.92768   .8768813    22.73   0.000     18.20902    21.64633
        _Iweekd_2 |    .673769   .2159254     3.12   0.002      .250563    1.096975
        _Iweekd_3 |   1.005524   .2165528     4.64   0.000      .581088     1.42996
        _Iweekd_4 |   1.445739   .2178115     6.64   0.000     1.018837    1.872642
        _Iweekd_5 |   .2508133   .2110546     1.19   0.235    -.1628461    .6644728
        _Iweekd_6 |   -3.33827   .2090046   -15.97   0.000    -3.747911   -2.928628
        _Iweekd_7 |  -7.994232   .2205786   -36.24   0.000    -8.426558   -7.561906
        _Imonth_2 |  -11.87016   2.784665    -4.26   0.000    -17.32801   -6.412319
        _Imonth_3 |  -2.186096    2.54496    -0.86   0.390    -7.174126    2.801935
        _Imonth_4 |  -17.68193   2.308111    -7.66   0.000    -22.20575   -13.15812
        _Imonth_5 |  -20.07459   2.258056    -8.89   0.000     -24.5003   -15.64888
        _Imonth_6 |  -39.84281   3.504577   -11.37   0.000    -46.71165   -32.97396
        _Imonth_7 |  -31.95272    3.30186    -9.68   0.000    -38.42424   -25.48119
        _Imonth_8 |  -39.23859   3.307236   -11.86   0.000    -45.72066   -32.75653
        _Imonth_9 |  -38.94948   3.215747   -12.11   0.000    -45.25222   -32.64673
       _Imonth_10 |   -26.9159   2.466072   -10.91   0.000    -31.74931   -22.08248
       _Imonth_11 |  -.1888988   2.759731    -0.07   0.945    -5.597873    5.220075
       _Imonth_12 |  -8.925867   2.981973    -2.99   0.003    -14.77043   -3.081308
 _ImonXyea_2_2005 |  -.1229286   .8347293    -0.15   0.883    -1.758968    1.513111
 _ImonXyea_2_2006 |  -.0960946   1.077269    -0.09   0.929    -2.207503    2.015313
 _ImonXyea_2_2007 |  -.7264314   .8082715    -0.90   0.369    -2.310614    .8577516
 _ImonXyea_3_2005 |   2.897382   1.117811     2.59   0.010     .7065121    5.088252
 _ImonXyea_3_2006 |  -22.73091   1.021236   -22.26   0.000    -24.73249   -20.72932
 _ImonXyea_3_2007 |  -13.37485   .7017877   -19.06   0.000    -14.75033   -11.99937
 _ImonXyea_4_2005 |  -1.063562   1.043278    -1.02   0.308     -3.10835     .981226
 _ImonXyea_4_2006 |  -13.58238   .9056993   -15.00   0.000    -15.35752   -11.80724
 _ImonXyea_4_2007 |  -2.062489   .7546609    -2.73   0.006    -3.541597   -.5833803
 _ImonXyea_5_2005 |  -5.442343   1.033393    -5.27   0.000    -7.467757   -3.416928
 _ImonXyea_5_2006 |   -10.8295   1.200157    -9.02   0.000    -13.18176   -8.477234
 _ImonXyea_5_2007 |  -6.979325    .672584   -10.38   0.000    -8.297566   -5.661085
 _ImonXyea_6_2005 |   3.667008   1.348062     2.72   0.007     1.024855    6.309162
 _ImonXyea_6_2006 |  -15.96957   1.096716   -14.56   0.000     -18.1191   -13.82005
 _ImonXyea_6_2007 |  -3.343953   .9118899    -3.67   0.000    -5.131225   -1.556682
 _ImonXyea_7_2005 |   6.806061   1.449586     4.70   0.000     3.964924    9.647198
 _ImonXyea_7_2006 |  -13.34922   1.060498   -12.59   0.000    -15.42776   -11.27068
 _ImonXyea_7_2007 |          0  (omitted)
 _ImonXyea_8_2005 |   1.891558   1.352525     1.40   0.162    -.7593417    4.542458
 _ImonXyea_8_2006 |  -12.11911   1.111351   -10.90   0.000    -14.29732   -9.940905
 _ImonXyea_8_2007 |          0  (omitted)
 _ImonXyea_9_2005 |   2.611674   1.524777     1.71   0.087    -.3768341    5.600182
 _ImonXyea_9_2006 |    -11.911   1.318608    -9.03   0.000    -14.49542   -9.326575
 _ImonXyea_9_2007 |          0  (omitted)
_ImonXyea_10_2005 |  -1.490868   1.351506    -1.10   0.270     -4.13977    1.158034
_ImonXyea_10_2006 |  -18.62756   1.479422   -12.59   0.000    -21.52718   -15.72795
_ImonXyea_10_2007 |          0  (omitted)
_ImonXyea_11_2005 |   3.687394   1.266295     2.91   0.004     1.205501    6.169287
_ImonXyea_11_2006 |  -22.08779   1.497921   -14.75   0.000    -25.02366   -19.15191
_ImonXyea_11_2007 |          0  (omitted)
_ImonXyea_12_2005 |   8.908363   1.408167     6.33   0.000     6.148407    11.66832
_ImonXyea_12_2006 |  -28.72947   1.415941   -20.29   0.000    -31.50467   -25.95428
_ImonXyea_12_2007 |          0  (omitted)
    _ImonXhou_2_2 |   .6041092   1.835363     0.33   0.742    -2.993135    4.201354
    _ImonXhou_2_3 |   .7229848   1.835145     0.39   0.694    -2.873834    4.319803
    _ImonXhou_2_4 |   2.180996   1.831669     1.19   0.234    -1.409009    5.771001
    _ImonXhou_2_5 |   1.948461   1.819016     1.07   0.284    -1.616745    5.513667
    _ImonXhou_2_6 |   1.980609    1.80049     1.10   0.271    -1.548287    5.509504
    _ImonXhou_2_7 |   2.724056   1.761151     1.55   0.122    -.7277364    6.175849
    _ImonXhou_2_8 |   1.760147   1.965173     0.90   0.370    -2.091521    5.611816
    _ImonXhou_2_9 |   .4811103   2.406775     0.20   0.842    -4.236083    5.198303
   _ImonXhou_2_10 |   2.362114   2.430543     0.97   0.331    -2.401662     7.12589
   _ImonXhou_2_11 |   2.229092   2.285927     0.98   0.329    -2.251244    6.709427
   _ImonXhou_2_12 |   1.086165   2.170219     0.50   0.617    -3.167385    5.339716
   _ImonXhou_2_13 |   1.528844   2.090395     0.73   0.465    -2.568255    5.625944
   _ImonXhou_2_14 |  -.6147495   1.888434    -0.33   0.745    -4.316013    3.086514
   _ImonXhou_2_15 |  -2.091837   1.929905    -1.08   0.278    -5.874382    1.690708
   _ImonXhou_2_16 |  -2.000715   1.941141    -1.03   0.303    -5.805281    1.803851
   _ImonXhou_2_17 |  -1.908273   1.935708    -0.99   0.324    -5.702191    1.885646
   _ImonXhou_2_18 |    -3.2774   1.963735    -1.67   0.095    -7.126251    .5714502
   _ImonXhou_2_19 |  -6.542079   1.988283    -3.29   0.001    -10.43904   -2.645116
   _ImonXhou_2_20 |  -2.121093    2.05437    -1.03   0.302    -6.147584    1.905397
   _ImonXhou_2_21 |   .5267992   2.090887     0.25   0.801    -3.571263    4.624862
   _ImonXhou_2_22 |   .0244774   2.185389     0.01   0.991    -4.258806    4.307761
   _ImonXhou_2_23 |  -2.454041   1.916567    -1.28   0.200    -6.210443    1.302361
   _ImonXhou_2_24 |  -2.518873   1.882081    -1.34   0.181    -6.207685    1.169939
    _ImonXhou_3_2 |    4.30953   1.755899     2.45   0.014     .8680316    7.751028
    _ImonXhou_3_3 |   5.341841   1.740303     3.07   0.002      1.93091    8.752772
    _ImonXhou_3_4 |   6.217542   1.814281     3.43   0.001     2.661616    9.773468
    _ImonXhou_3_5 |   7.373781     1.8269     4.04   0.000     3.793122    10.95444
    _ImonXhou_3_6 |   7.766566   1.817167     4.27   0.000     4.204983    11.32815
    _ImonXhou_3_7 |   7.245247   1.765753     4.10   0.000     3.784435    10.70606
    _ImonXhou_3_8 |    3.23225   1.893486     1.71   0.088    -.4789141    6.943414
    _ImonXhou_3_9 |   4.032229   2.255245     1.79   0.074    -.3879696    8.452428
   _ImonXhou_3_10 |   6.426739   2.270251     2.83   0.005      1.97713    10.87635
   _ImonXhou_3_11 |   4.156432   2.222612     1.87   0.061    -.1998072    8.512671
   _ImonXhou_3_12 |   3.986033   2.114173     1.89   0.059    -.1576692    8.129735
   _ImonXhou_3_13 |   2.973682   2.036881     1.46   0.144    -1.018531    6.965896
   _ImonXhou_3_14 |   2.209216   1.897881     1.16   0.244    -1.510563    5.928995
   _ImonXhou_3_15 |   .6659615   1.849673     0.36   0.719     -2.95933    4.291253
   _ImonXhou_3_16 |   1.136341   1.857626     0.61   0.541    -2.504538    4.777221
   _ImonXhou_3_17 |   2.017113    1.84434     1.09   0.274    -1.597726    5.631953
   _ImonXhou_3_18 |  -.1965728   1.864318    -0.11   0.916    -3.850568    3.457423
   _ImonXhou_3_19 |  -6.690402   1.886113    -3.55   0.000    -10.38712   -2.993688
   _ImonXhou_3_20 |  -5.096792   2.178333    -2.34   0.019    -9.366246   -.8273366
   _ImonXhou_3_21 |   1.449442   2.204129     0.66   0.511    -2.870572    5.769456
   _ImonXhou_3_22 |   4.037927   2.312903     1.75   0.081    -.4952801    8.571134
   _ImonXhou_3_23 |   .0790007   1.965184     0.04   0.968     -3.77269    3.930691
   _ImonXhou_3_24 |  -.8246573   1.963031    -0.42   0.674    -4.672128    3.022813
    _ImonXhou_4_2 |   4.339222   1.644251     2.64   0.008     1.116549    7.561894
    _ImonXhou_4_3 |   5.452182   1.602704     3.40   0.001      2.31094    8.593424
    _ImonXhou_4_4 |   7.620045   1.639084     4.65   0.000       4.4075    10.83259
    _ImonXhou_4_5 |   8.860474   1.655579     5.35   0.000       5.6156    12.10535
    _ImonXhou_4_6 |   9.556371   1.641236     5.82   0.000     6.339609    12.77313
    _ImonXhou_4_7 |   8.780053   1.575702     5.57   0.000     5.691734    11.86837
    _ImonXhou_4_8 |    6.42278   1.763986     3.64   0.000     2.965432    9.880129
    _ImonXhou_4_9 |   3.242907   2.125675     1.53   0.127    -.9233388    7.409153
   _ImonXhou_4_10 |   3.122869   2.063289     1.51   0.130    -.9211018    7.166841
   _ImonXhou_4_11 |   2.130995   2.055928     1.04   0.300     -1.89855    6.160539
   _ImonXhou_4_12 |    1.86659   1.914601     0.97   0.330    -1.885959    5.619139
   _ImonXhou_4_13 |   2.699436   1.830676     1.47   0.140    -.8886234    6.287496
   _ImonXhou_4_14 |   1.955408    1.68059     1.16   0.245    -1.338489    5.249304
   _ImonXhou_4_15 |   2.208638   1.703536     1.30   0.195    -1.130231    5.547507
   _ImonXhou_4_16 |   2.406979   1.738858     1.38   0.166    -1.001121    5.815078
   _ImonXhou_4_17 |   2.965287   1.720222     1.72   0.085    -.4062865    6.336861
   _ImonXhou_4_18 |   .6159767   1.741688     0.35   0.724    -2.797669    4.029622
   _ImonXhou_4_19 |  -7.163942   1.748404    -4.10   0.000    -10.59075   -3.737134
   _ImonXhou_4_20 |  -13.31424   1.793453    -7.42   0.000    -16.82934   -9.799137
   _ImonXhou_4_21 |  -8.718294   1.786907    -4.88   0.000    -12.22057   -5.216021
   _ImonXhou_4_22 |   5.567732    2.19986     2.53   0.011     1.256085    9.879379
   _ImonXhou_4_23 |  -1.327215   1.827879    -0.73   0.468    -4.909792    2.255362
   _ImonXhou_4_24 |  -5.859959   1.707168    -3.43   0.001    -9.205947   -2.513971
    _ImonXhou_5_2 |    4.86166    1.57417     3.09   0.002     1.776343    7.946977
    _ImonXhou_5_3 |   7.188999   1.549812     4.64   0.000     4.151423    10.22658
    _ImonXhou_5_4 |   9.488258   1.576081     6.02   0.000     6.399197    12.57732
    _ImonXhou_5_5 |   11.04256   1.572555     7.02   0.000     7.960407    14.12471
    _ImonXhou_5_6 |   11.37272   1.553516     7.32   0.000     8.327884    14.41756
    _ImonXhou_5_7 |   9.874003   1.505897     6.56   0.000       6.9225    12.82551
    _ImonXhou_5_8 |   5.485985   1.658318     3.31   0.001     2.235743    8.736228
    _ImonXhou_5_9 |   5.128388    2.02164     2.54   0.011     1.166047    9.090729
   _ImonXhou_5_10 |   4.909825   2.018143     2.43   0.015      .954338    8.865312
   _ImonXhou_5_11 |   3.977497   2.058629     1.93   0.053     -.057342    8.012337
   _ImonXhou_5_12 |   5.226638   2.060121     2.54   0.011     1.188875      9.2644
   _ImonXhou_5_13 |   5.208637   1.951037     2.67   0.008     1.384675      9.0326
   _ImonXhou_5_14 |   5.305919   1.820373     2.91   0.004     1.738053    8.873784
   _ImonXhou_5_15 |   4.915337   1.758606     2.80   0.005     1.468534    8.362141
   _ImonXhou_5_16 |   6.247443   1.846439     3.38   0.001      2.62849    9.866397
   _ImonXhou_5_17 |   6.822573      1.789     3.81   0.000     3.316197    10.32895
   _ImonXhou_5_18 |   5.061491   1.791486     2.83   0.005     1.550242     8.57274
   _ImonXhou_5_19 |  -2.394767   1.746247    -1.37   0.170    -5.817348    1.027814
   _ImonXhou_5_20 |  -9.330772   1.789981    -5.21   0.000    -12.83907   -5.822472
   _ImonXhou_5_21 |  -8.486254   1.753047    -4.84   0.000    -11.92216   -5.050345
   _ImonXhou_5_22 |   1.700741   1.839263     0.92   0.355    -1.904148    5.305629
   _ImonXhou_5_23 |   2.845641    1.77579     1.60   0.109    -.6348424    6.326125
   _ImonXhou_5_24 |   -4.48763   1.616878    -2.78   0.006    -7.656654   -1.318607
    _ImonXhou_6_2 |   4.336033   1.569952     2.76   0.006     1.258984    7.413082
    _ImonXhou_6_3 |   6.849524   1.563059     4.38   0.000     3.785985    9.913063
    _ImonXhou_6_4 |   9.379302   1.578357     5.94   0.000     6.285778    12.47283
    _ImonXhou_6_5 |   11.31351   1.582457     7.15   0.000     8.211951    14.41507
    _ImonXhou_6_6 |   12.10994   1.559155     7.77   0.000     9.054052    15.16583
    _ImonXhou_6_7 |   9.616255   1.516102     6.34   0.000     6.644751    12.58776
    _ImonXhou_6_8 |   5.739168   1.681184     3.41   0.001     2.444109    9.034228
    _ImonXhou_6_9 |   6.692795   2.089464     3.20   0.001     2.597521    10.78807
   _ImonXhou_6_10 |   9.936413   2.263778     4.39   0.000     5.499489    14.37334
   _ImonXhou_6_11 |   7.963838   2.148587     3.71   0.000     3.752685    12.17499
   _ImonXhou_6_12 |   11.11288   2.451619     4.53   0.000     6.307795    15.91797
   _ImonXhou_6_13 |   11.04192   2.121544     5.20   0.000     6.883773    15.20007
   _ImonXhou_6_14 |   13.55135   2.283508     5.93   0.000     9.075756    18.02694
   _ImonXhou_6_15 |   14.38258     2.2572     6.37   0.000     9.958549    18.80661
   _ImonXhou_6_16 |   13.86754   2.223376     6.24   0.000     9.509798    18.22527
   _ImonXhou_6_17 |   14.61726   2.123899     6.88   0.000     10.45449    18.78002
   _ImonXhou_6_18 |   12.95726    2.23566     5.80   0.000     8.575446    17.33907
   _ImonXhou_6_19 |   4.246252   2.090657     2.03   0.042     .1486404    8.343864
   _ImonXhou_6_20 |  -1.587116    2.16938    -0.73   0.464    -5.839022     2.66479
   _ImonXhou_6_21 |  -4.417502   1.801568    -2.45   0.014     -7.94851   -.8864933
   _ImonXhou_6_22 |   .8173868   1.919774     0.43   0.670    -2.945302    4.580075
   _ImonXhou_6_23 |   5.429275   1.882818     2.88   0.004      1.73902    9.119529
   _ImonXhou_6_24 |  -1.377059   1.681391    -0.82   0.413    -4.672526    1.918407
    _ImonXhou_7_2 |   4.749717   1.669201     2.85   0.004     1.478144    8.021291
    _ImonXhou_7_3 |   6.061036   1.616963     3.75   0.000     2.891848    9.230225
    _ImonXhou_7_4 |   9.220408   1.621774     5.69   0.000     6.041789    12.39903
    _ImonXhou_7_5 |   10.97112   1.625852     6.75   0.000     7.784508    14.15773
    _ImonXhou_7_6 |   11.85184   1.589048     7.46   0.000     8.737359    14.96631
    _ImonXhou_7_7 |   9.777324   1.613971     6.06   0.000     6.613999    12.94065
    _ImonXhou_7_8 |   5.510776   1.730267     3.18   0.001     2.119515    8.902036
    _ImonXhou_7_9 |   5.220423    2.07662     2.51   0.012     1.150322    9.290523
   _ImonXhou_7_10 |   8.737216   2.118895     4.12   0.000     4.584258    12.89017
   _ImonXhou_7_11 |   9.219104   2.187419     4.21   0.000     4.931841    13.50637
   _ImonXhou_7_12 |   11.00738   2.239317     4.92   0.000     6.618395    15.39636
   _ImonXhou_7_13 |     15.231   2.420037     6.29   0.000     10.48781    19.97419
   _ImonXhou_7_14 |   15.87644   2.287332     6.94   0.000     11.39336    20.35953
   _ImonXhou_7_15 |   15.34451   2.350604     6.53   0.000     10.73741    19.95161
   _ImonXhou_7_16 |   18.58379   2.248537     8.26   0.000     14.17674    22.99084
   _ImonXhou_7_17 |   16.99664   2.354677     7.22   0.000     12.38156    21.61173
   _ImonXhou_7_18 |   16.09601   2.327811     6.91   0.000     11.53358    20.65844
   _ImonXhou_7_19 |   6.570555   2.318245     2.83   0.005     2.026878    11.11423
   _ImonXhou_7_20 |   .0961402   2.057785     0.05   0.963    -3.937044    4.129324
   _ImonXhou_7_21 |  -1.088302   1.831513    -0.59   0.552    -4.678002    2.501397
   _ImonXhou_7_22 |   1.944727   1.860473     1.05   0.296    -1.701732    5.591186
   _ImonXhou_7_23 |   8.491665   1.881954     4.51   0.000     4.803103    12.18023
   _ImonXhou_7_24 |   .2992423   1.786316     0.17   0.867    -3.201872    3.800357
    _ImonXhou_8_2 |   5.982178   1.535502     3.90   0.000     2.972651    8.991706
    _ImonXhou_8_3 |   8.724642    1.52282     5.73   0.000     5.739969    11.70931
    _ImonXhou_8_4 |   11.79149   1.593628     7.40   0.000     8.668039    14.91494
    _ImonXhou_8_5 |   13.16896    1.58444     8.31   0.000     10.06352    16.27441
    _ImonXhou_8_6 |    13.8452    1.55501     8.90   0.000     10.79744    16.89297
    _ImonXhou_8_7 |   11.24571   1.495187     7.52   0.000     8.315196    14.17622
    _ImonXhou_8_8 |   4.897079   1.669333     2.93   0.003     1.625246    8.168911
    _ImonXhou_8_9 |    1.15801   1.965493     0.59   0.556    -2.694285    5.010305
   _ImonXhou_8_10 |   4.157516   1.980392     2.10   0.036     .2760194    8.039013
   _ImonXhou_8_11 |   4.104241   1.973602     2.08   0.038     .2360515     7.97243
   _ImonXhou_8_12 |   6.568151   2.058709     3.19   0.001     2.533156    10.60315
   _ImonXhou_8_13 |   11.33116   2.294216     4.94   0.000     6.834581    15.82774
   _ImonXhou_8_14 |   14.87021   2.293892     6.48   0.000     10.37427    19.36616
   _ImonXhou_8_15 |   12.38699   2.028257     6.11   0.000     8.411682     16.3623
   _ImonXhou_8_16 |   11.83781    1.99945     5.92   0.000     7.918962    15.75666
   _ImonXhou_8_17 |   11.09861   1.940259     5.72   0.000     7.295769    14.90145
   _ImonXhou_8_18 |   10.71779   2.118275     5.06   0.000     6.566049    14.86954
   _ImonXhou_8_19 |   .5206654   1.980715     0.26   0.793    -3.361465    4.402796
   _ImonXhou_8_20 |  -5.316302   1.853709    -2.87   0.004    -8.949505     -1.6831
   _ImonXhou_8_21 |  -5.596193   1.721405    -3.25   0.001    -8.970084   -2.222301
   _ImonXhou_8_22 |   4.707903   2.093849     2.25   0.025      .604035    8.811771
   _ImonXhou_8_23 |   6.954735   1.961887     3.54   0.000     3.109506    10.79996
   _ImonXhou_8_24 |  -3.850651    1.71935    -2.24   0.025    -7.220515   -.4807873
    _ImonXhou_9_2 |   5.620398   1.707976     3.29   0.001     2.272827     8.96797
    _ImonXhou_9_3 |   7.197947   1.666396     4.32   0.000      3.93187    10.46402
    _ImonXhou_9_4 |   10.74828   1.698853     6.33   0.000     7.418586    14.07797
    _ImonXhou_9_5 |   12.10071   1.681521     7.20   0.000     8.804991    15.39643
    _ImonXhou_9_6 |   13.33094   1.680164     7.93   0.000     10.03787      16.624
    _ImonXhou_9_7 |   10.85906   1.638833     6.63   0.000     7.647006    14.07111
    _ImonXhou_9_8 |   10.04246   1.869857     5.37   0.000     6.377606    13.70731
    _ImonXhou_9_9 |   8.028823   2.144795     3.74   0.000     3.825101    12.23254
   _ImonXhou_9_10 |   11.28847   2.133936     5.29   0.000     7.106032    15.47091
   _ImonXhou_9_11 |   11.95817   2.157851     5.54   0.000      7.72886    16.18748
   _ImonXhou_9_12 |   14.16669   2.326666     6.09   0.000     9.606509    18.72687
   _ImonXhou_9_13 |   18.27986   2.313399     7.90   0.000     13.74568    22.81404
   _ImonXhou_9_14 |   16.51785   2.164209     7.63   0.000     12.27608    20.75962
   _ImonXhou_9_15 |   15.19792   2.054459     7.40   0.000     11.17126    19.22459
   _ImonXhou_9_16 |   16.33262    2.10693     7.75   0.000     12.20311    20.46212
   _ImonXhou_9_17 |   17.49215   2.237075     7.82   0.000     13.10757    21.87674
   _ImonXhou_9_18 |   17.58584   2.469687     7.12   0.000     12.74535    22.42634
   _ImonXhou_9_19 |   8.877563   2.191261     4.05   0.000     4.582769    13.17236
   _ImonXhou_9_20 |   1.606514   2.063629     0.78   0.436    -2.438124    5.651152
   _ImonXhou_9_21 |   9.151403   2.169254     4.22   0.000     4.899744    13.40306
   _ImonXhou_9_22 |   24.36294   2.429908    10.03   0.000     19.60041    29.12547
   _ImonXhou_9_23 |     10.467   2.045907     5.12   0.000     6.457099    14.47691
   _ImonXhou_9_24 |  -3.164274   1.772056    -1.79   0.074     -6.63744    .3088918
   _ImonXhou_10_2 |   6.271725   1.643449     3.82   0.000     3.050624    9.492825
   _ImonXhou_10_3 |   7.439754   1.642282     4.53   0.000      4.22094    10.65857
   _ImonXhou_10_4 |    11.3108   1.666145     6.79   0.000     8.045212    14.57638
   _ImonXhou_10_5 |   13.15888   1.656695     7.94   0.000     9.911818    16.40594
   _ImonXhou_10_6 |   14.06505   1.650538     8.52   0.000     10.83006    17.30005
   _ImonXhou_10_7 |   12.13083   1.582367     7.67   0.000     9.029444    15.23221
   _ImonXhou_10_8 |   12.13412   1.866558     6.50   0.000     8.475737    15.79251
   _ImonXhou_10_9 |   10.70815   2.195815     4.88   0.000     6.404434    15.01187
  _ImonXhou_10_10 |    9.06082   2.081026     4.35   0.000     4.982084    13.13956
  _ImonXhou_10_11 |   7.553375    2.08529     3.62   0.000     3.466283    11.64047
  _ImonXhou_10_12 |   8.517245   1.984285     4.29   0.000     4.628117    12.40637
  _ImonXhou_10_13 |   9.932938   2.005679     4.95   0.000     6.001879      13.864
  _ImonXhou_10_14 |   8.950466   1.778698     5.03   0.000     5.464283    12.43665
  _ImonXhou_10_15 |   7.866977   1.788065     4.40   0.000     4.362435    11.37152
  _ImonXhou_10_16 |   8.306219   1.804917     4.60   0.000     4.768647    11.84379
  _ImonXhou_10_17 |   9.422204   1.836724     5.13   0.000     5.822292    13.02212
  _ImonXhou_10_18 |   8.771283   1.903642     4.61   0.000     5.040212    12.50235
  _ImonXhou_10_19 |   1.954524   1.909548     1.02   0.306    -1.788121    5.697169
  _ImonXhou_10_20 |   3.458564   2.106129     1.64   0.101    -.6693724      7.5865
  _ImonXhou_10_21 |    16.9909   2.568389     6.62   0.000     11.95695    22.02485
  _ImonXhou_10_22 |   16.93538   2.294001     7.38   0.000     12.43922    21.43154
  _ImonXhou_10_23 |   5.640434   1.958524     2.88   0.004     1.801798     9.47907
  _ImonXhou_10_24 |   -3.56465   1.761118    -2.02   0.043    -7.016379   -.1129215
   _ImonXhou_11_2 |   2.129388   1.834298     1.16   0.246    -1.465769    5.724546
   _ImonXhou_11_3 |   2.019415   1.830874     1.10   0.270    -1.569031    5.607862
   _ImonXhou_11_4 |   6.155018   1.842696     3.34   0.001     2.543401    9.766636
   _ImonXhou_11_5 |   7.481983   1.827051     4.10   0.000     3.901028    11.06294
   _ImonXhou_11_6 |   8.821863   1.812952     4.87   0.000     5.268543    12.37518
   _ImonXhou_11_7 |    7.84208   1.763488     4.45   0.000     4.385707    11.29845
   _ImonXhou_11_8 |   5.824517   1.892757     3.08   0.002     2.114782    9.534253
   _ImonXhou_11_9 |   3.889016   2.219037     1.75   0.080     -.460217    8.238248
  _ImonXhou_11_10 |    4.91181   2.200713     2.23   0.026     .5984923    9.225127
  _ImonXhou_11_11 |   2.682333   2.163134     1.24   0.215    -1.557332    6.921997
  _ImonXhou_11_12 |   2.394408   2.111083     1.13   0.257    -1.743239    6.532054
  _ImonXhou_11_13 |   2.033829   1.988743     1.02   0.306    -1.864036    5.931694
  _ImonXhou_11_14 |   2.566711   1.877735     1.37   0.172    -1.113581    6.247004
  _ImonXhou_11_15 |   1.567023   1.860688     0.84   0.400    -2.079859    5.213904
  _ImonXhou_11_16 |   2.688819   1.914298     1.40   0.160    -1.063135    6.440773
  _ImonXhou_11_17 |   3.572355   1.887129     1.89   0.058    -.1263498    7.271061
  _ImonXhou_11_18 |   2.961965    1.89261     1.57   0.118    -.7474815    6.671412
  _ImonXhou_11_19 |   3.676236   2.104476     1.75   0.081    -.4484608    7.800933
  _ImonXhou_11_20 |   3.069467   2.184948     1.40   0.160    -1.212952    7.351886
  _ImonXhou_11_21 |   2.462196   2.157804     1.14   0.254    -1.767022    6.691414
  _ImonXhou_11_22 |   2.317189    2.09192     1.11   0.268    -1.782898    6.417276
  _ImonXhou_11_23 |  -.4838371   1.881638    -0.26   0.797     -4.17178    3.204106
  _ImonXhou_11_24 |   -2.53066    1.85205    -1.37   0.172    -6.160612    1.099292
   _ImonXhou_12_2 |  -.1309156   1.863187    -0.07   0.944    -3.782695    3.520864
   _ImonXhou_12_3 |  -2.500404   1.845362    -1.35   0.175    -6.117246    1.116439
   _ImonXhou_12_4 |  -1.110882   1.842802    -0.60   0.547    -4.722707    2.500944
   _ImonXhou_12_5 |  -1.308491   1.829033    -0.72   0.474    -4.893329    2.276348
   _ImonXhou_12_6 |  -1.535808   1.830871    -0.84   0.402     -5.12425    2.052633
   _ImonXhou_12_7 |  -.6634345   1.860038    -0.36   0.721    -4.309041    2.982172
   _ImonXhou_12_8 |  -1.869915    2.04891    -0.91   0.361    -5.885705    2.145876
   _ImonXhou_12_9 |  -4.033975   2.406573    -1.68   0.094    -8.750771    .6828212
  _ImonXhou_12_10 |  -2.111826   2.397523    -0.88   0.378    -6.810886    2.587233
  _ImonXhou_12_11 |  -.4358212   2.315502    -0.19   0.851    -4.974122     4.10248
  _ImonXhou_12_12 |    .319785   2.255433     0.14   0.887    -4.100782    4.740352
  _ImonXhou_12_13 |  -1.829564   2.017989    -0.91   0.365     -5.78475    2.125622
  _ImonXhou_12_14 |  -1.653718   1.966631    -0.84   0.400    -5.508244    2.200808
  _ImonXhou_12_15 |  -2.698885   1.861643    -1.45   0.147    -6.347638    .9498691
  _ImonXhou_12_16 |  -2.282634   1.914801    -1.19   0.233    -6.035575    1.470307
  _ImonXhou_12_17 |  -1.735965   1.885087    -0.92   0.357    -5.430667    1.958737
  _ImonXhou_12_18 |   .4392041    2.03362     0.22   0.829    -3.546618    4.425027
  _ImonXhou_12_19 |   1.713382   2.066823     0.83   0.407    -2.337516     5.76428
  _ImonXhou_12_20 |   -1.70326   2.126252    -0.80   0.423    -5.870637    2.464117
  _ImonXhou_12_21 |  -1.045015   2.265984    -0.46   0.645    -5.486262    3.396232
  _ImonXhou_12_22 |   1.200825   2.255626     0.53   0.594    -3.220121    5.621771
  _ImonXhou_12_23 |  -2.641475   1.976189    -1.34   0.181    -6.514734    1.231784
  _ImonXhou_12_24 |   -1.98638   1.920988    -1.03   0.301    -5.751448    1.778689
     _ImonXtemp_2 |  -2.348366   .2067314   -11.36   0.000    -2.753552    -1.94318
     _ImonXtemp_3 |  -2.141373   .2014824   -10.63   0.000    -2.536271   -1.746475
     _ImonXtemp_4 |  -.5953838   .1683486    -3.54   0.000    -.9253409   -.2654266
     _ImonXtemp_5 |  -.9659246   .1747456    -5.53   0.000     -1.30842   -.6234296
     _ImonXtemp_6 |   .4369034    .236514     1.85   0.065    -.0266555    .9004623
     _ImonXtemp_7 |   .8493347   .2157681     3.94   0.000     .4264369    1.272233
     _ImonXtemp_8 |   .2343786   .1834805     1.28   0.201    -.1252365    .5939938
     _ImonXtemp_9 |  -.2203219   .1834348    -1.20   0.230    -.5798474    .1392037
    _ImonXtemp_10 |  -.4161123   .1841849    -2.26   0.024    -.7771081   -.0551166
    _ImonXtemp_11 |  -1.518178   .1421436   -10.68   0.000    -1.796774   -1.239581
    _ImonXtemp_12 |  -.6845198   .1771444    -3.86   0.000    -1.031716   -.3373232
     _ImonXtempa2 |   1.540758    .176072     8.75   0.000     1.195664    1.885853
     _ImonXtempa3 |   1.241947   .1667122     7.45   0.000     .9151969    1.568697
     _ImonXtempa4 |   1.122627   .1496609     7.50   0.000      .829297    1.415957
     _ImonXtempa5 |    1.41249   .1474461     9.58   0.000     1.123501    1.701479
     _ImonXtempa6 |     1.0192   .1684152     6.05   0.000     .6891124    1.349288
     _ImonXtempa7 |   .4631917   .1793868     2.58   0.010     .1116001    .8147834
     _ImonXtempa8 |    1.04609   .1447333     7.23   0.000     .7624176    1.329762
     _ImonXtempa9 |   1.424047   .1571747     9.06   0.000     1.115991    1.732104
    _ImonXtempa10 |   1.285389   .1395643     9.21   0.000     1.011848     1.55893
    _ImonXtempa11 |   .7734057   .1451024     5.33   0.000     .4890101    1.057801
    _ImonXtempa12 |   1.306284   .1916764     6.82   0.000     .9306048    1.681963
            _cons |   23.39172   3.274766     7.14   0.000      16.9733    29.81014
-----------------------------------------------------------------------------------
Instrumented:  ecost2
Instruments:   windx windx2 temp tempx humid coal gas brent _Ihour_2 _Ihour_3
               _Ihour_4 _Ihour_5 _Ihour_6 _Ihour_7 _Ihour_8 _Ihour_9 _Ihour_10
               _Ihour_11 _Ihour_12 _Ihour_13 _Ihour_14 _Ihour_15 _Ihour_16
               _Ihour_17 _Ihour_18 _Ihour_19 _Ihour_20 _Ihour_21 _Ihour_22
               _Ihour_23 _Ihour_24 _Iyear_2005 _Iyear_2006 _Iyear_2007 _Iweekd_2
               _Iweekd_3 _Iweekd_4 _Iweekd_5 _Iweekd_6 _Iweekd_7 _Imonth_2
               _Imonth_3 _Imonth_4 _Imonth_5 _Imonth_6 _Imonth_7 _Imonth_8
               _Imonth_9 _Imonth_10 _Imonth_11 _Imonth_12 _ImonXyea_2_2005
               _ImonXyea_2_2006 _ImonXyea_2_2007 _ImonXyea_3_2005
               _ImonXyea_3_2006 _ImonXyea_3_2007 _ImonXyea_4_2005
               _ImonXyea_4_2006 _ImonXyea_4_2007 _ImonXyea_5_2005
               _ImonXyea_5_2006 _ImonXyea_5_2007 _ImonXyea_6_2005
               _ImonXyea_6_2006 _ImonXyea_6_2007 _ImonXyea_7_2005
               _ImonXyea_7_2006 _ImonXyea_8_2005 _ImonXyea_8_2006
               _ImonXyea_9_2005 _ImonXyea_9_2006 _ImonXyea_10_2005
               _ImonXyea_10_2006 _ImonXyea_11_2005 _ImonXyea_11_2006
               _ImonXyea_12_2005 _ImonXyea_12_2006 _ImonXhou_2_2 _ImonXhou_2_3
               _ImonXhou_2_4 _ImonXhou_2_5 _ImonXhou_2_6 _ImonXhou_2_7
               _ImonXhou_2_8 _ImonXhou_2_9 _ImonXhou_2_10 _ImonXhou_2_11
               _ImonXhou_2_12 _ImonXhou_2_13 _ImonXhou_2_14 _ImonXhou_2_15
               _ImonXhou_2_16 _ImonXhou_2_17 _ImonXhou_2_18 _ImonXhou_2_19
               _ImonXhou_2_20 _ImonXhou_2_21 _ImonXhou_2_22 _ImonXhou_2_23
               _ImonXhou_2_24 _ImonXhou_3_2 _ImonXhou_3_3 _ImonXhou_3_4
               _ImonXhou_3_5 _ImonXhou_3_6 _ImonXhou_3_7 _ImonXhou_3_8
               _ImonXhou_3_9 _ImonXhou_3_10 _ImonXhou_3_11 _ImonXhou_3_12
               _ImonXhou_3_13 _ImonXhou_3_14 _ImonXhou_3_15 _ImonXhou_3_16
               _ImonXhou_3_17 _ImonXhou_3_18 _ImonXhou_3_19 _ImonXhou_3_20
               _ImonXhou_3_21 _ImonXhou_3_22 _ImonXhou_3_23 _ImonXhou_3_24
               _ImonXhou_4_2 _ImonXhou_4_3 _ImonXhou_4_4 _ImonXhou_4_5
               _ImonXhou_4_6 _ImonXhou_4_7 _ImonXhou_4_8 _ImonXhou_4_9
               _ImonXhou_4_10 _ImonXhou_4_11 _ImonXhou_4_12 _ImonXhou_4_13
               _ImonXhou_4_14 _ImonXhou_4_15 _ImonXhou_4_16 _ImonXhou_4_17
               _ImonXhou_4_18 _ImonXhou_4_19 _ImonXhou_4_20 _ImonXhou_4_21
               _ImonXhou_4_22 _ImonXhou_4_23 _ImonXhou_4_24 _ImonXhou_5_2
               _ImonXhou_5_3 _ImonXhou_5_4 _ImonXhou_5_5 _ImonXhou_5_6
               _ImonXhou_5_7 _ImonXhou_5_8 _ImonXhou_5_9 _ImonXhou_5_10
               _ImonXhou_5_11 _ImonXhou_5_12 _ImonXhou_5_13 _ImonXhou_5_14
               _ImonXhou_5_15 _ImonXhou_5_16 _ImonXhou_5_17 _ImonXhou_5_18
               _ImonXhou_5_19 _ImonXhou_5_20 _ImonXhou_5_21 _ImonXhou_5_22
               _ImonXhou_5_23 _ImonXhou_5_24 _ImonXhou_6_2 _ImonXhou_6_3
               _ImonXhou_6_4 _ImonXhou_6_5 _ImonXhou_6_6 _ImonXhou_6_7
               _ImonXhou_6_8 _ImonXhou_6_9 _ImonXhou_6_10 _ImonXhou_6_11
               _ImonXhou_6_12 _ImonXhou_6_13 _ImonXhou_6_14 _ImonXhou_6_15
               _ImonXhou_6_16 _ImonXhou_6_17 _ImonXhou_6_18 _ImonXhou_6_19
               _ImonXhou_6_20 _ImonXhou_6_21 _ImonXhou_6_22 _ImonXhou_6_23
               _ImonXhou_6_24 _ImonXhou_7_2 _ImonXhou_7_3 _ImonXhou_7_4
               _ImonXhou_7_5 _ImonXhou_7_6 _ImonXhou_7_7 _ImonXhou_7_8
               _ImonXhou_7_9 _ImonXhou_7_10 _ImonXhou_7_11 _ImonXhou_7_12
               _ImonXhou_7_13 _ImonXhou_7_14 _ImonXhou_7_15 _ImonXhou_7_16
               _ImonXhou_7_17 _ImonXhou_7_18 _ImonXhou_7_19 _ImonXhou_7_20
               _ImonXhou_7_21 _ImonXhou_7_22 _ImonXhou_7_23 _ImonXhou_7_24
               _ImonXhou_8_2 _ImonXhou_8_3 _ImonXhou_8_4 _ImonXhou_8_5
               _ImonXhou_8_6 _ImonXhou_8_7 _ImonXhou_8_8 _ImonXhou_8_9
               _ImonXhou_8_10 _ImonXhou_8_11 _ImonXhou_8_12 _ImonXhou_8_13
               _ImonXhou_8_14 _ImonXhou_8_15 _ImonXhou_8_16 _ImonXhou_8_17
               _ImonXhou_8_18 _ImonXhou_8_19 _ImonXhou_8_20 _ImonXhou_8_21
               _ImonXhou_8_22 _ImonXhou_8_23 _ImonXhou_8_24 _ImonXhou_9_2
               _ImonXhou_9_3 _ImonXhou_9_4 _ImonXhou_9_5 _ImonXhou_9_6
               _ImonXhou_9_7 _ImonXhou_9_8 _ImonXhou_9_9 _ImonXhou_9_10
               _ImonXhou_9_11 _ImonXhou_9_12 _ImonXhou_9_13 _ImonXhou_9_14
               _ImonXhou_9_15 _ImonXhou_9_16 _ImonXhou_9_17 _ImonXhou_9_18
               _ImonXhou_9_19 _ImonXhou_9_20 _ImonXhou_9_21 _ImonXhou_9_22
               _ImonXhou_9_23 _ImonXhou_9_24 _ImonXhou_10_2 _ImonXhou_10_3
               _ImonXhou_10_4 _ImonXhou_10_5 _ImonXhou_10_6 _ImonXhou_10_7
               _ImonXhou_10_8 _ImonXhou_10_9 _ImonXhou_10_10 _ImonXhou_10_11
               _ImonXhou_10_12 _ImonXhou_10_13 _ImonXhou_10_14 _ImonXhou_10_15
               _ImonXhou_10_16 _ImonXhou_10_17 _ImonXhou_10_18 _ImonXhou_10_19
               _ImonXhou_10_20 _ImonXhou_10_21 _ImonXhou_10_22 _ImonXhou_10_23
               _ImonXhou_10_24 _ImonXhou_11_2 _ImonXhou_11_3 _ImonXhou_11_4
               _ImonXhou_11_5 _ImonXhou_11_6 _ImonXhou_11_7 _ImonXhou_11_8
               _ImonXhou_11_9 _ImonXhou_11_10 _ImonXhou_11_11 _ImonXhou_11_12
               _ImonXhou_11_13 _ImonXhou_11_14 _ImonXhou_11_15 _ImonXhou_11_16
               _ImonXhou_11_17 _ImonXhou_11_18 _ImonXhou_11_19 _ImonXhou_11_20
               _ImonXhou_11_21 _ImonXhou_11_22 _ImonXhou_11_23 _ImonXhou_11_24
               _ImonXhou_12_2 _ImonXhou_12_3 _ImonXhou_12_4 _ImonXhou_12_5
               _ImonXhou_12_6 _ImonXhou_12_7 _ImonXhou_12_8 _ImonXhou_12_9
               _ImonXhou_12_10 _ImonXhou_12_11 _ImonXhou_12_12 _ImonXhou_12_13
               _ImonXhou_12_14 _ImonXhou_12_15 _ImonXhou_12_16 _ImonXhou_12_17
               _ImonXhou_12_18 _ImonXhou_12_19 _ImonXhou_12_20 _ImonXhou_12_21
               _ImonXhou_12_22 _ImonXhou_12_23 _ImonXhou_12_24 _ImonXtemp_2
               _ImonXtemp_3 _ImonXtemp_4 _ImonXtemp_5 _ImonXtemp_6 _ImonXtemp_7
               _ImonXtemp_8 _ImonXtemp_9 _ImonXtemp_10 _ImonXtemp_11
               _ImonXtemp_12 _ImonXtempa2 _ImonXtempa3 _ImonXtempa4 _ImonXtempa5
               _ImonXtempa6 _ImonXtempa7 _ImonXtempa8 _ImonXtempa9 _ImonXtempa10
               _ImonXtempa11 _ImonXtempa12 eprice

. estimates store spec_rd4

. estat firststage

  First-stage regression summary statistics
  --------------------------------------------------------------------------
               |            Adjusted      Partial       Robust
      Variable |   R-sq.       R-sq.        R-sq.    F(1,25695)   Prob > F
  -------------+------------------------------------------------------------
        ecost2 |  0.7520      0.7486       0.0363       521.361    0.0000
  --------------------------------------------------------------------------


. mat ftest_rd4 = r(singleresults)

. 
. *(5) - HOURxINPUT
. ivregress 2sls mg_price ($maincost = $instruments) $supplycontrols $demandcontrols $controls1 $basefe _
> ImonXyea* _ImonXhou* _ImonXtem*, robust first
note: _ImonXyea_7_2007 omitted because of collinearity
note: _ImonXyea_8_2007 omitted because of collinearity
note: _ImonXyea_9_2007 omitted because of collinearity
note: _ImonXyea_10_2007 omitted because of collinearity
note: _ImonXyea_11_2007 omitted because of collinearity
note: _ImonXyea_12_2007 omitted because of collinearity

First-stage regressions
-----------------------

                                                  Number of obs   =      26050
                                                  F( 423,  25626) =     182.70
                                                  Prob > F        =     0.0000
                                                  R-squared       =     0.7545
                                                  Adj R-squared   =     0.7504
                                                  Root MSE        =     3.8909

-----------------------------------------------------------------------------------
                  |               Robust
           ecost2 |      Coef.   Std. Err.      t    P>|t|     [95% Conf. Interval]
------------------+----------------------------------------------------------------
            windx |  -.0245838   .0890898    -0.28   0.783    -.1992048    .1500372
           windx2 |   .0059401   .0059004     1.01   0.314    -.0056249    .0175051
             temp |   .0471302   .0360683     1.31   0.191    -.0235656     .117826
            tempx |   .0556273   .0346981     1.60   0.109    -.0123829    .1236375
            humid |  -.0149992   .0044112    -3.40   0.001    -.0236454    -.006353
                  |
      hour#c.coal |
               1  |          0  (empty)
               2  |   -7.79428   4.323685    -1.80   0.071    -16.26895    .6803863
               3  |   -14.8713   4.266547    -3.49   0.000    -23.23398    -6.50863
               4  |  -13.21272   4.323806    -3.06   0.002    -21.68763   -4.737819
               5  |  -15.63073   4.287622    -3.65   0.000    -24.03471   -7.226752
               6  |  -13.47005   4.351921    -3.10   0.002    -22.00006   -4.940035
               7  |  -17.81959   4.396492    -4.05   0.000    -26.43696   -9.202218
               8  |  -3.376997    4.41702    -0.76   0.445    -12.03461    5.280611
               9  |  -3.605984   4.334896    -0.83   0.406    -12.10262    4.890657
              10  |   3.497333     4.3375     0.81   0.420    -5.004412    11.99908
              11  |   -1.56778   4.506785    -0.35   0.728    -10.40133    7.265774
              12  |   .0534288   4.680069     0.01   0.991    -9.119772     9.22663
              13  |  -2.933661   4.513989    -0.65   0.516    -11.78133    5.914013
              14  |   -3.22933   4.485158    -0.72   0.472    -12.02049    5.561834
              15  |   -4.50505   4.387104    -1.03   0.304    -13.10402    4.093922
              16  |   1.399376   4.302822     0.33   0.745    -7.034399    9.833151
              17  |  -1.291096   4.373938    -0.30   0.768    -9.864262     7.28207
              18  |  -.3087743   4.501338    -0.07   0.945    -9.131651    8.514103
              19  |   .8504734   4.491089     0.19   0.850    -7.952314    9.653261
              20  |   5.985407    4.44633     1.35   0.178    -2.729652    14.70047
              21  |  -.2815547   4.675686    -0.06   0.952    -9.446163    8.883054
              22  |   3.941538   4.583632     0.86   0.390    -5.042641    12.92572
              23  |   4.634681   4.508884     1.03   0.304    -4.202988    13.47235
              24  |  -7.335601   4.308235    -1.70   0.089    -15.77999    1.108783
                  |
       hour#c.gas |
               1  |          0  (empty)
               2  |   .3749953    .320929     1.17   0.243    -.2540436    1.004034
               3  |  -.0931157   .3340568    -0.28   0.780     -.747886    .5616546
               4  |   .0736401   .3440712     0.21   0.831     -.600759    .7480391
               5  |   -.065974   .3261478    -0.20   0.840    -.7052421    .5732941
               6  |   .1104115   .3630456     0.30   0.761    -.6011784    .8220014
               7  |   .2859549   .3375748     0.85   0.397    -.3757108    .9476206
               8  |  -.3091379   .3418686    -0.90   0.366    -.9792197    .3609438
               9  |  -.7020656   .3408339    -2.06   0.039    -1.370119   -.0340118
              10  |  -.1392489   .3528429    -0.39   0.693    -.8308409    .5523431
              11  |  -.3937763   .3909685    -1.01   0.314    -1.160097    .3725442
              12  |  -.0215938   .3985141    -0.05   0.957     -.802704    .7595163
              13  |  -.1299146    .360909    -0.36   0.719    -.8373167    .5774875
              14  |  -.2430913   .3683088    -0.66   0.509    -.9649974    .4788148
              15  |   .0496205   .3698525     0.13   0.893    -.6753113    .7745524
              16  |  -.3745563   .3505971    -1.07   0.285    -1.061747    .3126339
              17  |   -.057679   .3623521    -0.16   0.874    -.7679096    .6525516
              18  |  -.2329929   .3712272    -0.63   0.530    -.9606193    .4946334
              19  |   .0061741   .3504693     0.02   0.986    -.6807656    .6931138
              20  |   .2203935   .3896262     0.57   0.572    -.5432959    .9840829
              21  |  -.6754756   .3793386    -1.78   0.075    -1.419001    .0680496
              22  |  -.4513337   .4136052    -1.09   0.275    -1.262023    .3593559
              23  |  -.5716087   .3773307    -1.51   0.130    -1.311198    .1679807
              24  |   -.804918   .3645845    -2.21   0.027    -1.519524   -.0903118
                  |
     hour#c.brent |
               1  |          0  (empty)
               2  |  -.6053229   .3345171    -1.81   0.070    -1.260995    .0503495
               3  |  -.7526659   .3263493    -2.31   0.021    -1.392329   -.1130029
               4  |  -.6438197   .3324302    -1.94   0.053    -1.295402    .0077623
               5  |  -.4825915   .3293735    -1.47   0.143    -1.128182    .1629991
               6  |  -.7134975   .3350362    -2.13   0.033    -1.370187   -.0568076
               7  |  -.8675405   .3388805    -2.56   0.010    -1.531765   -.2033156
               8  |  -.2878216   .3321326    -0.87   0.386    -.9388203    .3631771
               9  |  -.3537461   .3258681    -1.09   0.278     -.992466    .2849739
              10  |   .0210985   .3278041     0.06   0.949    -.6214161     .663613
              11  |  -.3772894   .3318302    -1.14   0.256    -1.027695    .2731165
              12  |  -.1620975   .3435377    -0.47   0.637    -.8354508    .5112558
              13  |  -.4495373   .3271277    -1.37   0.169    -1.090726    .1916515
              14  |  -.4395278   .3323151    -1.32   0.186    -1.090884    .2118286
              15  |  -.3680066   .3272253    -1.12   0.261    -1.009387    .2733734
              16  |   .0919389   .3325345     0.28   0.782    -.5598475    .7437252
              17  |   .1176853   .3301515     0.36   0.722    -.5294303    .7648009
              18  |  -.1417996   .3359789    -0.42   0.673    -.8003373    .5167381
              19  |   -.002262   .3342744    -0.01   0.995    -.6574586    .6529347
              20  |   .1112706   .3346534     0.33   0.740     -.544669    .7672102
              21  |   .0571395   .3285416     0.17   0.862    -.5868207    .7010997
              22  |  -.1312547   .3433652    -0.38   0.702      -.80427    .5417605
              23  |   .1790816    .343035     0.52   0.602    -.4932865    .8514497
              24  |  -.1027061   .3356794    -0.31   0.760    -.7606567    .5552446
                  |
             coal |  -.9913635   3.393846    -0.29   0.770    -7.643493    5.660766
              gas |  -.1865125   .2625433    -0.71   0.477    -.7011123    .3280872
            brent |   1.665733   .3636119     4.58   0.000     .9530331    2.378433
         _Ihour_2 |   6.495423   3.824723     1.70   0.089    -1.001251     13.9921
         _Ihour_3 |   13.38454   3.776207     3.54   0.000     5.982959    20.78612
         _Ihour_4 |   13.31817   3.818444     3.49   0.000     5.833806    20.80254
         _Ihour_5 |   15.52386   3.792751     4.09   0.000     8.089848    22.95786
         _Ihour_6 |   14.29597   3.848952     3.71   0.000     6.751808    21.84013
         _Ihour_7 |   16.16374   3.902239     4.14   0.000     8.515128    23.81235
         _Ihour_8 |   4.491512    3.89617     1.15   0.249    -3.145201    12.12823
         _Ihour_9 |   5.721516   3.801621     1.51   0.132    -1.729876    13.17291
        _Ihour_10 |  -1.173561   3.812614    -0.31   0.758    -8.646499    6.299377
        _Ihour_11 |   3.261567   3.932791     0.83   0.407    -4.446927    10.97006
        _Ihour_12 |   1.212778   4.054989     0.30   0.765    -6.735231    9.160786
        _Ihour_13 |   3.701897   3.896629     0.95   0.342    -3.935716    11.33951
        _Ihour_14 |   4.088129   3.914565     1.04   0.296     -3.58464     11.7609
        _Ihour_15 |   4.229966    3.80713     1.11   0.267    -3.232225    11.69216
        _Ihour_16 |  -.0562906   3.759769    -0.01   0.988    -7.425651    7.313069
        _Ihour_17 |   1.219541   3.807075     0.32   0.749    -6.242541    8.681623
        _Ihour_18 |   1.111562   3.924815     0.28   0.777    -6.581296    8.804421
        _Ihour_19 |   .1516587   3.878778     0.04   0.969    -7.450965    7.754283
        _Ihour_20 |  -4.294047   3.875945    -1.11   0.268    -11.89112    3.303024
        _Ihour_21 |   1.744922   4.071572     0.43   0.668    -6.235589    9.725433
        _Ihour_22 |  -1.321037   4.040834    -0.33   0.744      -9.2413    6.599226
        _Ihour_23 |   -2.56249   3.958012    -0.65   0.517    -10.32042    5.195438
        _Ihour_24 |    6.80787   3.782043     1.80   0.072    -.6051481    14.22089
      _Iyear_2005 |   .2854732   .3105739     0.92   0.358    -.3232692    .8942156
      _Iyear_2006 |   -1.67791   .9545316    -1.76   0.079    -3.548846    .1930256
      _Iyear_2007 |  -1.387975    .380975    -3.64   0.000    -2.134708   -.6412424
        _Iweekd_2 |  -.1487268   .0909876    -1.63   0.102    -.3270677     .029614
        _Iweekd_3 |   .0089418   .0907532     0.10   0.922    -.1689396    .1868231
        _Iweekd_4 |  -.1080232   .0902055    -1.20   0.231    -.2848311    .0687848
        _Iweekd_5 |  -.3179945    .090493    -3.51   0.000     -.495366    -.140623
        _Iweekd_6 |   .1847049   .0925823     2.00   0.046     .0032383    .3661714
        _Iweekd_7 |   .3368869   .0920246     3.66   0.000     .1565134    .5172603
        _Imonth_2 |   2.914394   .9619225     3.03   0.002     1.028971    4.799816
        _Imonth_3 |   4.169343   .9711779     4.29   0.000      2.26578    6.072907
        _Imonth_4 |   3.011038   .9614847     3.13   0.002     1.126474    4.895603
        _Imonth_5 |    1.12745    .779344     1.45   0.148    -.4001082    2.655008
        _Imonth_6 |   2.703989   1.072316     2.52   0.012     .6021885     4.80579
        _Imonth_7 |   .3852639   1.375524     0.28   0.779    -2.310841    3.081369
        _Imonth_8 |  -.9011024   1.685694    -0.53   0.593    -4.205158    2.402953
        _Imonth_9 |   7.440532   1.408167     5.28   0.000     4.680445    10.20062
       _Imonth_10 |   1.486569   .9610644     1.55   0.122    -.3971719    3.370309
       _Imonth_11 |   1.072328   1.118834     0.96   0.338    -1.120649    3.265305
       _Imonth_12 |  -.5147377    1.02205    -0.50   0.615    -2.518014    1.488538
 _ImonXyea_2_2005 |   -.464609   .2379825    -1.95   0.051    -.9310683    .0018502
 _ImonXyea_2_2006 |   .0593791   .4895393     0.12   0.903    -.9001456    1.018904
 _ImonXyea_2_2007 |  -.8632494   .2117571    -4.08   0.000    -1.278305   -.4481936
 _ImonXyea_3_2005 |  -1.499923   .3337242    -4.49   0.000    -2.154041   -.8458045
 _ImonXyea_3_2006 |   2.387357   .4825178     4.95   0.000     1.441595     3.33312
 _ImonXyea_3_2007 |  -1.046029   .1820569    -5.75   0.000    -1.402871   -.6891875
 _ImonXyea_4_2005 |    .034332   .4321676     0.08   0.937    -.8127409    .8814048
 _ImonXyea_4_2006 |  -1.688833   .4464748    -3.78   0.000    -2.563949   -.8137171
 _ImonXyea_4_2007 |  -1.375241    .243618    -5.65   0.000    -1.852746   -.8977358
 _ImonXyea_5_2005 |   .8989679   .4156536     2.16   0.031     .0842634    1.713672
 _ImonXyea_5_2006 |  -.8035278   .4688635    -1.71   0.087    -1.722527    .1154711
 _ImonXyea_5_2007 |  -.8814239   .1888315    -4.67   0.000    -1.251544   -.5113035
 _ImonXyea_6_2005 |   1.188732   .5346848     2.22   0.026       .14072    2.236745
 _ImonXyea_6_2006 |   .5658772   .4421269     1.28   0.201    -.3007164    1.432471
 _ImonXyea_6_2007 |  -1.020642   .2640309    -3.87   0.000    -1.538158   -.5031269
 _ImonXyea_7_2005 |   .2280157   .6318126     0.36   0.718    -1.010373    1.466404
 _ImonXyea_7_2006 |   .4688402   .4640127     1.01   0.312    -.4406509    1.378331
 _ImonXyea_7_2007 |          0  (omitted)
 _ImonXyea_8_2005 |  -1.576888   .6550229    -2.41   0.016     -2.86077   -.2930062
 _ImonXyea_8_2006 |  -.9078238   .4567382    -1.99   0.047    -1.803057    -.012591
 _ImonXyea_8_2007 |          0  (omitted)
 _ImonXyea_9_2005 |  -1.153588   .6982805    -1.65   0.099    -2.522257    .2150813
 _ImonXyea_9_2006 |  -.4445768   .5390655    -0.82   0.410    -1.501176     .612022
 _ImonXyea_9_2007 |          0  (omitted)
_ImonXyea_10_2005 |  -.6668703   .6093522    -1.09   0.274    -1.861235    .5274944
_ImonXyea_10_2006 |   .3842926   .6434552     0.60   0.550    -.8769159    1.645501
_ImonXyea_10_2007 |          0  (omitted)
_ImonXyea_11_2005 |  -.7745474   .5652459    -1.37   0.171    -1.882461    .3333666
_ImonXyea_11_2006 |  -.5758656   .6457918    -0.89   0.373    -1.841654    .6899228
_ImonXyea_11_2007 |          0  (omitted)
_ImonXyea_12_2005 |   -1.59085   .6307495    -2.52   0.012    -2.827154   -.3545451
_ImonXyea_12_2006 |  -.2413566   .6134316    -0.39   0.694    -1.443717     .961004
_ImonXyea_12_2007 |          0  (omitted)
    _ImonXhou_2_2 |   .8196418   .7441669     1.10   0.271    -.6389675    2.278251
    _ImonXhou_2_3 |   .6498544   .7389275     0.88   0.379    -.7984852    2.098194
    _ImonXhou_2_4 |  -1.361742   .7489288    -1.82   0.069    -2.829685    .1062004
    _ImonXhou_2_5 |  -1.216076   .7350439    -1.65   0.098    -2.656803    .2246517
    _ImonXhou_2_6 |  -.9171894   .7382472    -1.24   0.214    -2.364196    .5298169
    _ImonXhou_2_7 |  -1.054315   .7400622    -1.42   0.154    -2.504879    .3962483
    _ImonXhou_2_8 |   .2705949   .7314082     0.37   0.711    -1.163006    1.704196
    _ImonXhou_2_9 |   .1040158   .7032198     0.15   0.882    -1.274335    1.482366
   _ImonXhou_2_10 |  -.1224112   .6853409    -0.18   0.858    -1.465718    1.220896
   _ImonXhou_2_11 |  -.0200377   .6698065    -0.03   0.976    -1.332896    1.292821
   _ImonXhou_2_12 |  -.2196281   .6810843    -0.32   0.747    -1.554592    1.115336
   _ImonXhou_2_13 |  -.1556103   .6326907    -0.25   0.806     -1.39572    1.084499
   _ImonXhou_2_14 |  -.1468131   .6369916    -0.23   0.818    -1.395353    1.101726
   _ImonXhou_2_15 |   .4140591   .6870979     0.60   0.547    -.9326916     1.76081
   _ImonXhou_2_16 |   .1706158   .6885815     0.25   0.804    -1.179043    1.520274
   _ImonXhou_2_17 |   .3716023   .6931321     0.54   0.592    -.9869757     1.73018
   _ImonXhou_2_18 |   .8345229   .6771501     1.23   0.218    -.4927296    2.161775
   _ImonXhou_2_19 |  -.4539078   .6600223    -0.69   0.492    -1.747589    .8397732
   _ImonXhou_2_20 |  -.0734861    .592771    -0.12   0.901    -1.235351    1.088379
   _ImonXhou_2_21 |   -.275427    .568778    -0.48   0.628    -1.390264      .83941
   _ImonXhou_2_22 |  -.6037304    .605085    -1.00   0.318    -1.789731    .5822704
   _ImonXhou_2_23 |  -.1802368   .6411099    -0.28   0.779    -1.436848    1.076375
   _ImonXhou_2_24 |   .1134871   .6309996     0.18   0.857    -1.123308    1.350282
    _ImonXhou_3_2 |  -.3404558   .7577316    -0.45   0.653    -1.825653    1.144741
    _ImonXhou_3_3 |  -2.323201   .7509249    -3.09   0.002    -3.795057   -.8513461
    _ImonXhou_3_4 |    -3.8268   .7794402    -4.91   0.000    -5.354547   -2.299053
    _ImonXhou_3_5 |   -5.14959   .7220825    -7.13   0.000    -6.564913   -3.734268
    _ImonXhou_3_6 |  -5.272058   .7539966    -6.99   0.000    -6.749934   -3.794182
    _ImonXhou_3_7 |  -3.005714   .7627234    -3.94   0.000    -4.500695   -1.510732
    _ImonXhou_3_8 |  -.9059433   .7345951    -1.23   0.217    -2.345791    .5339047
    _ImonXhou_3_9 |   -1.66113   .7220457    -2.30   0.021    -3.076381   -.2458801
   _ImonXhou_3_10 |  -2.078762   .7275236    -2.86   0.004    -3.504749   -.6527743
   _ImonXhou_3_11 |  -1.747435   .7364057    -2.37   0.018    -3.190832   -.3040377
   _ImonXhou_3_12 |  -1.753925   .7604346    -2.31   0.021    -3.244419   -.2634298
   _ImonXhou_3_13 |  -.4357636   .6798866    -0.64   0.522     -1.76838    .8968525
   _ImonXhou_3_14 |  -.8751955   .6920348    -1.26   0.206    -2.231623     .481232
   _ImonXhou_3_15 |   .0050312   .7436553     0.01   0.995    -1.452575    1.462638
   _ImonXhou_3_16 |  -.7821008   .7204044    -1.09   0.278    -2.194134    .6299326
   _ImonXhou_3_17 |  -.7347139   .7350871    -1.00   0.318    -2.175526    .7060983
   _ImonXhou_3_18 |  -.3145348   .7276149    -0.43   0.666    -1.740701    1.111632
   _ImonXhou_3_19 |  -.6303858   .6967817    -0.90   0.366    -1.996117    .7353459
   _ImonXhou_3_20 |  -1.219194   .6797939    -1.79   0.073    -2.551629    .1132403
   _ImonXhou_3_21 |  -.7930099    .685125    -1.16   0.247    -2.135894    .5498738
   _ImonXhou_3_22 |  -1.169768   .7119138    -1.64   0.100     -2.56516     .225623
   _ImonXhou_3_23 |  -.8734174   .7266434    -1.20   0.229     -2.29768    .5508448
   _ImonXhou_3_24 |  -.4356455    .697346    -0.62   0.532    -1.802483     .931192
    _ImonXhou_4_2 |  -.0637568   .8147246    -0.08   0.938    -1.660663    1.533149
    _ImonXhou_4_3 |  -.8418518   .7987298    -1.05   0.292    -2.407407    .7237038
    _ImonXhou_4_4 |   -3.56553   .8119193    -4.39   0.000    -5.156937   -1.974122
    _ImonXhou_4_5 |   -4.45212     .76647    -5.81   0.000    -5.954444   -2.949795
    _ImonXhou_4_6 |  -4.692601   .7788819    -6.02   0.000    -6.219253   -3.165948
    _ImonXhou_4_7 |  -2.384699   .8246305    -2.89   0.004    -4.001022   -.7683768
    _ImonXhou_4_8 |  -1.813732   .8033523    -2.26   0.024    -3.388348   -.2391158
    _ImonXhou_4_9 |  -2.328215   .7951618    -2.93   0.003    -3.886777   -.7696525
   _ImonXhou_4_10 |  -1.354146   .7882546    -1.72   0.086     -2.89917    .1908776
   _ImonXhou_4_11 |  -1.131642   .8019438    -1.41   0.158    -2.703497    .4402131
   _ImonXhou_4_12 |  -1.131645   .8418168    -1.34   0.179    -2.781653    .5183637
   _ImonXhou_4_13 |  -1.660461   .7410556    -2.24   0.025    -3.112972   -.2079501
   _ImonXhou_4_14 |  -.9235667   .7493304    -1.23   0.218    -2.392297    .5451632
   _ImonXhou_4_15 |  -1.132282   .7828655    -1.45   0.148    -2.666743    .4021782
   _ImonXhou_4_16 |  -1.912964   .7900509    -2.42   0.015    -3.461508   -.3644191
   _ImonXhou_4_17 |  -1.726194   .8017827    -2.15   0.031    -3.297734   -.1546549
   _ImonXhou_4_18 |  -1.297063   .7844427    -1.65   0.098    -2.834615    .2404888
   _ImonXhou_4_19 |  -1.680476   .7706324    -2.18   0.029    -3.190959   -.1699925
   _ImonXhou_4_20 |   -.461833   .7491064    -0.62   0.538    -1.930124    1.006458
   _ImonXhou_4_21 |  -1.624923   .7315682    -2.22   0.026    -3.058838   -.1910076
   _ImonXhou_4_22 |  -.6916625   .8121426    -0.85   0.394    -2.283508    .9001829
   _ImonXhou_4_23 |  -.1141223    .825091    -0.14   0.890    -1.731347    1.503103
   _ImonXhou_4_24 |  -.9224335   .7655987    -1.20   0.228     -2.42305    .5781832
    _ImonXhou_5_2 |   .6527594   .7285518     0.90   0.370    -.7752434    2.080762
    _ImonXhou_5_3 |   -.338714   .7196978    -0.47   0.638    -1.749362    1.071934
    _ImonXhou_5_4 |  -1.666359   .7137704    -2.33   0.020    -3.065389   -.2673285
    _ImonXhou_5_5 |  -2.274754   .6720835    -3.38   0.001    -3.592075    -.957432
    _ImonXhou_5_6 |  -2.095954    .690145    -3.04   0.002    -3.448677   -.7432303
    _ImonXhou_5_7 |  -1.163488   .7206666    -1.61   0.106    -2.576035    .2490593
    _ImonXhou_5_8 |   -.498762   .7132336    -0.70   0.484     -1.89674    .8992162
    _ImonXhou_5_9 |  -1.233642   .6763364    -1.82   0.068      -2.5593    .0920153
   _ImonXhou_5_10 |  -.7819614   .6881534    -1.14   0.256    -2.130781    .5668582
   _ImonXhou_5_11 |   .0365111   .7058703     0.05   0.959    -1.347035    1.420057
   _ImonXhou_5_12 |  -.5192345   .7243356    -0.72   0.473    -1.938973    .9005043
   _ImonXhou_5_13 |   .1518788   .6370356     0.24   0.812    -1.096747    1.400505
   _ImonXhou_5_14 |   .0102406   .6399907     0.02   0.987    -1.244177    1.264659
   _ImonXhou_5_15 |  -.4217257   .6923413    -0.61   0.542    -1.778754    .9353023
   _ImonXhou_5_16 |  -.2564986   .6906682    -0.37   0.710    -1.610247     1.09725
   _ImonXhou_5_17 |   -.143803   .7036791    -0.20   0.838    -1.523054    1.235448
   _ImonXhou_5_18 |  -.0106459   .6791639    -0.02   0.987    -1.341846    1.320554
   _ImonXhou_5_19 |  -1.367893   .6699844    -2.04   0.041    -2.681101    -.054686
   _ImonXhou_5_20 |  -.6607211   .6580583    -1.00   0.315    -1.950553    .6291104
   _ImonXhou_5_21 |  -.7537131   .6317989    -1.19   0.233    -1.992075    .4846485
   _ImonXhou_5_22 |  -.5400377   .6599999    -0.82   0.413    -1.833675    .7535994
   _ImonXhou_5_23 |  -.8828718   .6548085    -1.35   0.178    -2.166334    .4005899
   _ImonXhou_5_24 |    -.08527   .6740521    -0.13   0.899     -1.40645     1.23591
    _ImonXhou_6_2 |   1.002762   .7840814     1.28   0.201    -.5340818    2.539606
    _ImonXhou_6_3 |   .0051676    .778546     0.01   0.995    -1.520827    1.531162
    _ImonXhou_6_4 |  -1.568552   .7761589    -2.02   0.043    -3.089867   -.0472364
    _ImonXhou_6_5 |  -2.251873   .7385991    -3.05   0.002    -3.699569   -.8041766
    _ImonXhou_6_6 |  -2.604776    .764557    -3.41   0.001    -4.103351   -1.106201
    _ImonXhou_6_7 |  -1.192991   .7810261    -1.53   0.127    -2.723847     .337864
    _ImonXhou_6_8 |   -1.69149   .7736211    -2.19   0.029    -3.207831    -.175149
    _ImonXhou_6_9 |  -1.120328   .7425573    -1.51   0.131    -2.575782    .3351268
   _ImonXhou_6_10 |  -1.925983   .7543775    -2.55   0.011    -3.404605   -.4473602
   _ImonXhou_6_11 |   -.451396   .7687882    -0.59   0.557    -1.958264    1.055472
   _ImonXhou_6_12 |  -.0697552   .7860963    -0.09   0.929    -1.610548    1.471038
   _ImonXhou_6_13 |   .0606364   .7381081     0.08   0.935    -1.386097     1.50737
   _ImonXhou_6_14 |   .1086052   .7215353     0.15   0.880    -1.305645    1.522855
   _ImonXhou_6_15 |   .1234548   .7538589     0.16   0.870    -1.354151    1.601061
   _ImonXhou_6_16 |  -.2525893   .7558028    -0.33   0.738    -1.734005    1.228827
   _ImonXhou_6_17 |  -.3942381   .7694776    -0.51   0.608    -1.902458    1.113982
   _ImonXhou_6_18 |  -.8654713   .7614847    -1.14   0.256    -2.358024    .6270818
   _ImonXhou_6_19 |  -.8343314   .7559161    -1.10   0.270     -2.31597    .6473069
   _ImonXhou_6_20 |  -.7450744     .74404    -1.00   0.317    -2.203435    .7132861
   _ImonXhou_6_21 |  -1.143087   .7194874    -1.59   0.112    -2.553323    .2671495
   _ImonXhou_6_22 |  -.6223329   .7317964    -0.85   0.395    -2.056695    .8120295
   _ImonXhou_6_23 |  -.2316308   .7194433    -0.32   0.747     -1.64178    1.178519
   _ImonXhou_6_24 |  -1.118463    .731737    -1.53   0.126    -2.552709    .3157826
    _ImonXhou_7_2 |   .7376276   .9730834     0.76   0.448    -1.169671    2.644926
    _ImonXhou_7_3 |   1.150249   .9514368     1.21   0.227    -.7146205    3.015119
    _ImonXhou_7_4 |  -1.209005   .9748681    -1.24   0.215    -3.119802    .7017916
    _ImonXhou_7_5 |  -1.599232   .9241667    -1.73   0.084    -3.410651    .2121871
    _ImonXhou_7_6 |  -1.989331   .9410911    -2.11   0.035    -3.833923   -.1447394
    _ImonXhou_7_7 |  -.5834823   .9633912    -0.61   0.545    -2.471784    1.304819
    _ImonXhou_7_8 |  -1.478438   .9654848    -1.53   0.126    -3.370842    .4139671
    _ImonXhou_7_9 |  -.7766987   .9354591    -0.83   0.406    -2.610251    1.056854
   _ImonXhou_7_10 |  -.6199395   .9459899    -0.66   0.512    -2.474133    1.234254
   _ImonXhou_7_11 |   .4626425   .9472789     0.49   0.625    -1.394078    2.319363
   _ImonXhou_7_12 |   .0841129   .9832503     0.09   0.932    -1.843113    2.011339
   _ImonXhou_7_13 |   1.424475   .9496716     1.50   0.134    -.4369348    3.285885
   _ImonXhou_7_14 |   1.891913   .9702272     1.95   0.051    -.0097877    3.793613
   _ImonXhou_7_15 |   1.737552   1.039969     1.67   0.095    -.3008454     3.77595
   _ImonXhou_7_16 |   .0399437   1.009069     0.04   0.968    -1.937888    2.017776
   _ImonXhou_7_17 |   1.308794   .9760614     1.34   0.180    -.6043418    3.221929
   _ImonXhou_7_18 |   .7294063   .9574452     0.76   0.446    -1.147241    2.606053
   _ImonXhou_7_19 |  -.5185655   1.006264    -0.52   0.606    -2.490899    1.453768
   _ImonXhou_7_20 |  -.4076473    .937584    -0.43   0.664    -2.245365     1.43007
   _ImonXhou_7_21 |   .1466523   .9072022     0.16   0.872    -1.631515     1.92482
   _ImonXhou_7_22 |    -.00116   .9181673    -0.00   0.999     -1.80082      1.7985
   _ImonXhou_7_23 |  -.2096119   .9449478    -0.22   0.824    -2.061763    1.642539
   _ImonXhou_7_24 |   .7291407   .9357617     0.78   0.436    -1.105005    2.563286
    _ImonXhou_8_2 |   .8316183   1.112291     0.75   0.455    -1.348536    3.011772
    _ImonXhou_8_3 |    .135957   1.082734     0.13   0.900    -1.986263    2.258177
    _ImonXhou_8_4 |  -2.237184   1.108984    -2.02   0.044    -4.410856   -.0635124
    _ImonXhou_8_5 |  -2.374606   1.092767    -2.17   0.030    -4.516491   -.2327216
    _ImonXhou_8_6 |  -2.390074   1.089977    -2.19   0.028     -4.52649   -.2536584
    _ImonXhou_8_7 |  -.1446243   1.115192    -0.13   0.897    -2.330464    2.041216
    _ImonXhou_8_8 |  -.4760517   1.112666    -0.43   0.669     -2.65694    1.704837
    _ImonXhou_8_9 |   .3557531   1.113262     0.32   0.749    -1.826303    2.537809
   _ImonXhou_8_10 |  -1.431326   1.097015    -1.30   0.192    -3.581538    .7188861
   _ImonXhou_8_11 |   .7121722   1.158776     0.61   0.539    -1.559094    2.983439
   _ImonXhou_8_12 |   .5364164   1.213844     0.44   0.659    -1.842786    2.915619
   _ImonXhou_8_13 |   2.298113   1.135104     2.02   0.043     .0732441    4.522981
   _ImonXhou_8_14 |   2.776412   1.141479     2.43   0.015     .5390489    5.013774
   _ImonXhou_8_15 |   2.496746   1.186959     2.10   0.035     .1702403    4.823253
   _ImonXhou_8_16 |   .4388826   1.137199     0.39   0.700    -1.790092    2.667857
   _ImonXhou_8_17 |   .9990263   1.144585     0.87   0.383    -1.244426    3.242478
   _ImonXhou_8_18 |   1.298952   1.130722     1.15   0.251    -.9173268    3.515231
   _ImonXhou_8_19 |   .4338393   1.126731     0.39   0.700    -1.774618    2.642297
   _ImonXhou_8_20 |  -.7171582   1.120505    -0.64   0.522    -2.913412    1.479096
   _ImonXhou_8_21 |   -.151373    1.11811    -0.14   0.892    -2.342931    2.040185
   _ImonXhou_8_22 |   1.227227   1.149397     1.07   0.286    -1.025656    3.480109
   _ImonXhou_8_23 |  -.0823917   1.130369    -0.07   0.942    -2.297979    2.133196
   _ImonXhou_8_24 |   2.703906   1.089488     2.48   0.013      .568447    4.839364
    _ImonXhou_9_2 |  -.0261319   .9803462    -0.03   0.979    -1.947666    1.895402
    _ImonXhou_9_3 |  -.2737145   .9753532    -0.28   0.779    -2.185462    1.638033
    _ImonXhou_9_4 |  -3.311367   .9866459    -3.36   0.001    -5.245249   -1.377485
    _ImonXhou_9_5 |  -3.206614   .9842756    -3.26   0.001    -5.135849   -1.277378
    _ImonXhou_9_6 |  -4.010575   .9841176    -4.08   0.000    -5.939501   -2.081649
    _ImonXhou_9_7 |  -.8158581    1.00147    -0.81   0.415    -2.778796     1.14708
    _ImonXhou_9_8 |  -1.069712   1.013972    -1.05   0.291    -3.057153    .9177295
    _ImonXhou_9_9 |  -1.542496   1.013349    -1.52   0.128    -3.528717    .4437258
   _ImonXhou_9_10 |  -2.210825   .9923954    -2.23   0.026    -4.155976   -.2656736
   _ImonXhou_9_11 |   -1.44005   1.045918    -1.38   0.169    -3.490109    .6100089
   _ImonXhou_9_12 |  -1.024933   1.113546    -0.92   0.357    -3.207547     1.15768
   _ImonXhou_9_13 |   .1618333   1.061451     0.15   0.879     -1.91867    2.242337
   _ImonXhou_9_14 |  -.0322152   1.021942    -0.03   0.975    -2.035279    1.970848
   _ImonXhou_9_15 |   .3894192   1.019194     0.38   0.702    -1.608259    2.387097
   _ImonXhou_9_16 |  -1.725393   1.009428    -1.71   0.087    -3.703929    .2531439
   _ImonXhou_9_17 |  -1.263498   1.010523    -1.25   0.211    -3.244181    .7171838
   _ImonXhou_9_18 |  -.3136216   1.025625    -0.31   0.760    -2.323905    1.696662
   _ImonXhou_9_19 |  -1.500268   1.023073    -1.47   0.143    -3.505549    .5050135
   _ImonXhou_9_20 |  -1.659332   1.014934    -1.63   0.102    -3.648661     .329996
   _ImonXhou_9_21 |   -1.18668   1.017837    -1.17   0.244    -3.181698    .8083393
   _ImonXhou_9_22 |   -1.84226   1.028486    -1.79   0.073     -3.85815    .1736298
   _ImonXhou_9_23 |  -.8407088    1.03301    -0.81   0.416    -2.865467     1.18405
   _ImonXhou_9_24 |    1.42394   .9462164     1.50   0.132     -.430698    3.278577
   _ImonXhou_10_2 |   .2122643   .9138715     0.23   0.816    -1.578976    2.003504
   _ImonXhou_10_3 |   .0663553   .9046185     0.07   0.942    -1.706748    1.839459
   _ImonXhou_10_4 |  -2.450043   .9440279    -2.60   0.009    -4.300391   -.5996946
   _ImonXhou_10_5 |  -3.345975   .9101694    -3.68   0.000    -5.129959   -1.561992
   _ImonXhou_10_6 |  -3.643019   .9122102    -3.99   0.000    -5.431002   -1.855035
   _ImonXhou_10_7 |  -.9614444   .9122718    -1.05   0.292    -2.749549      .82666
   _ImonXhou_10_8 |  -1.554508   .9166726    -1.70   0.090    -3.351238    .2422222
   _ImonXhou_10_9 |  -1.611774    .922564    -1.75   0.081    -3.420051    .1965041
  _ImonXhou_10_10 |  -2.215814   .9362372    -2.37   0.018    -4.050892   -.3807364
  _ImonXhou_10_11 |  -1.890533   .9567446    -1.98   0.048    -3.765807   -.0152597
  _ImonXhou_10_12 |  -2.245858   1.029903    -2.18   0.029    -4.264526   -.2271912
  _ImonXhou_10_13 |  -1.944075   .9312154    -2.09   0.037     -3.76931   -.1188402
  _ImonXhou_10_14 |  -1.972002   .8927645    -2.21   0.027    -3.721871   -.2221333
  _ImonXhou_10_15 |  -1.308651   .9462306    -1.38   0.167    -3.163316    .5460146
  _ImonXhou_10_16 |  -1.786528   .9213479    -1.94   0.053    -3.592422    .0193657
  _ImonXhou_10_17 |   -1.48818   .9315079    -1.60   0.110    -3.313988    .3376284
  _ImonXhou_10_18 |  -1.410473   .9475443    -1.49   0.137    -3.267713    .4467673
  _ImonXhou_10_19 |  -1.262115    .972925    -1.30   0.195    -3.169103    .6448733
  _ImonXhou_10_20 |  -2.692704   .9161326    -2.94   0.003    -4.488376   -.8970325
  _ImonXhou_10_21 |  -1.317888   .9591779    -1.37   0.169    -3.197931    .5621554
  _ImonXhou_10_22 |  -2.215645   .8894033    -2.49   0.013    -3.958926   -.4723644
  _ImonXhou_10_23 |  -1.246111   .9618384    -1.30   0.195    -3.131368    .6391467
  _ImonXhou_10_24 |    .221995   .9025988     0.25   0.806     -1.54715     1.99114
   _ImonXhou_11_2 |   1.621779   .8161935     1.99   0.047     .0219937    3.221565
   _ImonXhou_11_3 |   .8161897   .8371282     0.97   0.330    -.8246289    2.457008
   _ImonXhou_11_4 |  -.5716354   .8039591    -0.71   0.477    -2.147441     1.00417
   _ImonXhou_11_5 |  -1.924762   .7780656    -2.47   0.013    -3.449814    -.399709
   _ImonXhou_11_6 |  -2.275406   .7907275    -2.88   0.004    -3.825277   -.7255357
   _ImonXhou_11_7 |  -.5936848   .7849281    -0.76   0.449    -2.132188    .9448188
   _ImonXhou_11_8 |  -.5800711     .80311    -0.72   0.470    -2.154212    .9940699
   _ImonXhou_11_9 |  -1.643555   .7789036    -2.11   0.035     -3.17025   -.1168598
  _ImonXhou_11_10 |  -1.766881   .7786629    -2.27   0.023    -3.293104   -.2406576
  _ImonXhou_11_11 |  -1.086397   .7887453    -1.38   0.168    -2.632383     .459588
  _ImonXhou_11_12 |  -1.702007   .8217243    -2.07   0.038    -3.312633   -.0913804
  _ImonXhou_11_13 |  -1.007102   .7338173    -1.37   0.170    -2.445425    .4312215
  _ImonXhou_11_14 |  -1.244304   .7405362    -1.68   0.093    -2.695797    .2071888
  _ImonXhou_11_15 |  -.2678429   .7910427    -0.34   0.735    -1.818331    1.282645
  _ImonXhou_11_16 |  -.8025841   .7893883    -1.02   0.309     -2.34983    .7446616
  _ImonXhou_11_17 |  -1.182598    .780955    -1.51   0.130    -2.713314    .3481183
  _ImonXhou_11_18 |  -.5451186   .7803386    -0.70   0.485    -2.074626    .9843892
  _ImonXhou_11_19 |  -1.376097   .7674033    -1.79   0.073     -2.88025    .1280573
  _ImonXhou_11_20 |  -1.315178     .76845    -1.71   0.087    -2.821383    .1910275
  _ImonXhou_11_21 |  -1.151479   .7473906    -1.54   0.123    -2.616407     .313449
  _ImonXhou_11_22 |  -1.266618   .7573353    -1.67   0.094    -2.751038    .2178021
  _ImonXhou_11_23 |  -1.153915    .751521    -1.54   0.125    -2.626938    .3191092
  _ImonXhou_11_24 |  -.3394395   .7482346    -0.45   0.650    -1.806022    1.127143
   _ImonXhou_12_2 |   .9590501   .7884327     1.22   0.224    -.5863227    2.504423
   _ImonXhou_12_3 |   1.192257   .7711724     1.55   0.122    -.3192847    2.703798
   _ImonXhou_12_4 |  -.1977746   .7985218    -0.25   0.804    -1.762922    1.367373
   _ImonXhou_12_5 |   -.694229   .7248393    -0.96   0.338    -2.114955     .726497
   _ImonXhou_12_6 |  -.5657778     .74666    -0.76   0.449    -2.029274     .897718
   _ImonXhou_12_7 |   .1886614   .7721161     0.24   0.807     -1.32473    1.702053
   _ImonXhou_12_8 |   .4257974   .7447745     0.57   0.568    -1.034003    1.885598
   _ImonXhou_12_9 |  -.2782078    .725468    -0.38   0.701    -1.700166    1.143751
  _ImonXhou_12_10 |  -.9525064   .7211573    -1.32   0.187    -2.366016    .4610027
  _ImonXhou_12_11 |  -.5718418   .7338159    -0.78   0.436    -2.010162    .8664789
  _ImonXhou_12_12 |  -1.268666   .7572521    -1.68   0.094    -2.752923     .215591
  _ImonXhou_12_13 |  -.1303572    .685648    -0.19   0.849    -1.474266    1.213552
  _ImonXhou_12_14 |   .0822288   .6850946     0.12   0.904    -1.260595    1.425053
  _ImonXhou_12_15 |   .0153514   .7159736     0.02   0.983    -1.387997      1.4187
  _ImonXhou_12_16 |  -.5197516   .6861495    -0.76   0.449    -1.864643    .8251402
  _ImonXhou_12_17 |  -.4587891   .7174629    -0.64   0.523    -1.865057    .9474788
  _ImonXhou_12_18 |  -.1014673   .7134738    -0.14   0.887    -1.499916    1.296982
  _ImonXhou_12_19 |  -.2445247   .7001358    -0.35   0.727     -1.61683    1.127781
  _ImonXhou_12_20 |  -.3098073   .7103744    -0.44   0.663    -1.702181    1.082567
  _ImonXhou_12_21 |  -.2862041   .6514766    -0.44   0.660    -1.563135    .9907269
  _ImonXhou_12_22 |  -.7138584   .6525963    -1.09   0.274    -1.992984    .5652674
  _ImonXhou_12_23 |  -.0012588   .6666426    -0.00   0.998    -1.307916    1.305398
  _ImonXhou_12_24 |  -.3445696   .6623605    -0.52   0.603    -1.642834    .9536945
     _ImonXtemp_2 |   -.026848   .0832556    -0.32   0.747    -.1900337    .1363377
     _ImonXtemp_3 |   .0785069   .0692041     1.13   0.257    -.0571371    .2141509
     _ImonXtemp_4 |   .0858588   .0841841     1.02   0.308    -.0791468    .2508644
     _ImonXtemp_5 |  -.1120214   .0623411    -1.80   0.072    -.2342136    .0101708
     _ImonXtemp_6 |   .1320589   .0777429     1.70   0.089    -.0203215    .2844394
     _ImonXtemp_7 |   .0208375   .0966843     0.22   0.829    -.1686693    .2103442
     _ImonXtemp_8 |  -.0190575   .0802827    -0.24   0.812    -.1764161     .138301
     _ImonXtemp_9 |   .1869828   .0784758     2.38   0.017     .0331658    .3407998
    _ImonXtemp_10 |  -.0705892   .0819879    -0.86   0.389    -.2312901    .0901117
    _ImonXtemp_11 |  -.1126814    .048417    -2.33   0.020    -.2075815   -.0177813
    _ImonXtemp_12 |  -.0953291   .0587244    -1.62   0.105    -.2104323    .0197741
     _ImonXtempa2 |  -.1375287    .065649    -2.09   0.036    -.2662044   -.0088529
     _ImonXtempa3 |  -.1813074    .063406    -2.86   0.004    -.3055869    -.057028
     _ImonXtempa4 |  -.1373807   .0678163    -2.03   0.043    -.2703044   -.0044569
     _ImonXtempa5 |  -.0125814   .0519811    -0.24   0.809    -.1144674    .0893045
     _ImonXtempa6 |  -.2041308   .0564832    -3.61   0.000     -.314841   -.0934206
     _ImonXtempa7 |  -.0872233   .0760039    -1.15   0.251    -.2361951    .0617486
     _ImonXtempa8 |  -.0331595   .0593439    -0.56   0.576    -.1494769    .0831579
     _ImonXtempa9 |  -.3600765   .0625577    -5.76   0.000    -.4826932   -.2374597
    _ImonXtempa10 |  -.0298674   .0550218    -0.54   0.587    -.1377131    .0779784
    _ImonXtempa11 |  -.0023638   .0553979    -0.04   0.966    -.1109469    .1062193
    _ImonXtempa12 |   .0717889    .064253     1.12   0.264    -.0541506    .1977283
           eprice |    .594928   .0262144    22.69   0.000     .5435463    .6463098
            _cons |  -3.570209   2.974407    -1.20   0.230    -9.400214    2.259796
-----------------------------------------------------------------------------------


Instrumental variables (2SLS) regression               Number of obs =   26050
                                                       Wald chi2(423)=67624.27
                                                       Prob > chi2   =  0.0000
                                                       R-squared     =  0.7093
                                                       Root MSE      =  8.6592

-----------------------------------------------------------------------------------
                  |               Robust
         mg_price |      Coef.   Std. Err.      z    P>|z|     [95% Conf. Interval]
------------------+----------------------------------------------------------------
           ecost2 |   .7057969   .0845866     8.34   0.000     .5400102    .8715836
            windx |   -2.36456   .2010405   -11.76   0.000    -2.758592   -1.970527
           windx2 |   .0826978   .0131508     6.29   0.000     .0569227    .1084729
             temp |    .609808   .1124189     5.42   0.000      .389471     .830145
            tempx |  -1.058545   .1107211    -9.56   0.000    -1.275555    -.841536
            humid |   .0715047   .0109834     6.51   0.000     .0499777    .0930318
                  |
      hour#c.coal |
               2  |  -5.198215   7.516415    -0.69   0.489    -19.93012    9.533689
               3  |  -2.548456    7.53851    -0.34   0.735    -17.32366    12.22675
               4  |  -8.704869   7.629904    -1.14   0.254    -23.65921    6.249468
               5  |  -9.753924   7.491224    -1.30   0.193    -24.43645    4.928605
               6  |  -11.45622   7.412589    -1.55   0.122    -25.98462    3.072191
               7  |  -1.783185    7.30883    -0.24   0.807    -16.10823    12.54186
               8  |  -2.909285   8.127635    -0.36   0.720    -18.83916    13.02059
               9  |  -5.164246   8.866523    -0.58   0.560    -22.54231    12.21382
              10  |  -16.33328   9.174671    -1.78   0.075     -34.3153    1.648747
              11  |  -4.264494   9.438702    -0.45   0.651    -22.76401    14.23502
              12  |  -21.94915   10.20545    -2.15   0.031    -41.95146    -1.94683
              13  |  -29.65077   10.17103    -2.92   0.004    -49.58563   -9.715915
              14  |  -42.62659   9.527945    -4.47   0.000    -61.30102   -23.95216
              15  |  -35.98515   8.534299    -4.22   0.000    -52.71207   -19.25823
              16  |  -34.78112    8.61911    -4.04   0.000    -51.67427   -17.88798
              17  |  -22.43206   8.908286    -2.52   0.012    -39.89198   -4.972144
              18  |  -28.39219   10.08843    -2.81   0.005    -48.16514   -8.619235
              19  |   -17.7929   9.809289    -1.81   0.070    -37.01875    1.432958
              20  |  -31.36479   9.273787    -3.38   0.001    -49.54108    -13.1885
              21  |  -20.86233   9.689924    -2.15   0.031    -39.85424   -1.870433
              22  |   -33.3584    11.3771    -2.93   0.003    -55.65711   -11.05968
              23  |  -23.60515   8.825538    -2.67   0.007    -40.90289   -6.307416
              24  |   .8275172   8.112918     0.10   0.919    -15.07351    16.72855
                  |
       hour#c.gas |
               2  |  -1.685772   .7501256    -2.25   0.025    -3.155992   -.2155532
               3  |  -1.692053   .7115187    -2.38   0.017    -3.086604   -.2975019
               4  |   -2.20518   .7017555    -3.14   0.002    -3.580596   -.8297649
               5  |  -2.431221    .686329    -3.54   0.000    -3.776402   -1.086041
               6  |  -2.787439   .6856252    -4.07   0.000     -4.13124   -1.443639
               7  |  -2.835573   .6590472    -4.30   0.000    -4.127282   -1.543864
               8  |  -1.947704   .7338554    -2.65   0.008    -3.386034   -.5093741
               9  |  -.8543931   .9658979    -0.88   0.376    -2.747518    1.038732
              10  |   .3708365   .9523612     0.39   0.697    -1.495757     2.23743
              11  |   1.216868   .9788983     1.24   0.214    -.7017375    3.135473
              12  |   1.501243   .9561735     1.57   0.116     -.372823    3.375308
              13  |   1.926325   .8680446     2.22   0.026     .2249883    3.627661
              14  |   1.463112   .7994872     1.83   0.067    -.1038536    3.030079
              15  |   1.049292   .8444075     1.24   0.214    -.6057163      2.7043
              16  |   1.301592   .8280492     1.57   0.116    -.3213548    2.924538
              17  |   .4087074   .8135764     0.50   0.615    -1.185873    2.003288
              18  |   .5544057   .8521388     0.65   0.515    -1.115756    2.224567
              19  |   .7802872   .8975971     0.87   0.385    -.9789709    2.539545
              20  |   2.549586   .8962275     2.84   0.004     .7930122    4.306159
              21  |   3.038933    .847691     3.58   0.000     1.377489    4.700376
              22  |   2.901755   1.044002     2.78   0.005     .8555486    4.947962
              23  |   1.336815   1.037707     1.29   0.198    -.6970533    3.370683
              24  |   1.738231   1.004007     1.73   0.083    -.2295865    3.706049
                  |
     hour#c.brent |
               2  |   .1766485   .7602734     0.23   0.816     -1.31346    1.666757
               3  |    .102814   .7160348     0.14   0.886    -1.300588    1.506216
               4  |  -.5635875   .7207776    -0.78   0.434    -1.976286    .8491106
               5  |  -.9017806   .7101842    -1.27   0.204    -2.293716    .4901549
               6  |  -.8436791   .7008033    -1.20   0.229    -2.217228    .5298702
               7  |  -.1286495    .678021    -0.19   0.850    -1.457546    1.200247
               8  |   .3124562   .7434036     0.42   0.674    -1.144588    1.769501
               9  |   1.027288   .8753853     1.17   0.241    -.6884358    2.743011
              10  |   .5080449   .8937374     0.57   0.570    -1.243648    2.259738
              11  |   2.588988   .8896122     2.91   0.004     .8453804    4.332596
              12  |   1.978095   .8787493     2.25   0.024     .2557782    3.700412
              13  |   2.267004   .8619395     2.63   0.009     .5776336    3.956374
              14  |   2.301924   .7940307     2.90   0.004     .7456522    3.858195
              15  |   2.742024     .80733     3.40   0.001     1.159687    4.324362
              16  |   1.859046   .8185806     2.27   0.023     .2546572    3.463434
              17  |   1.976999   .8186268     2.42   0.016     .3725201    3.581478
              18  |   1.544052   .8559316     1.80   0.071     -.133543    3.221647
              19  |   .9403496   .8715309     1.08   0.281    -.7678196    2.648519
              20  |  -.3955978   .8397257    -0.47   0.638     -2.04143    1.250234
              21  |   .7852202   .7850614     1.00   0.317    -.7534718    2.323912
              22  |   1.954414   .9572372     2.04   0.041     .0782638    3.830565
              23  |   1.285125   .9279558     1.38   0.166    -.5336351    3.103885
              24  |   .7027466   .8612181     0.82   0.415    -.9852098    2.390703
                  |
             coal |   48.51952   6.695964     7.25   0.000     35.39567    61.64336
              gas |   2.492615   .5930976     4.20   0.000     1.330165    3.655065
            brent |  -2.550083   .8069994    -3.16   0.002    -4.131772   -.9683929
         _Ihour_2 |  -1.554548   6.486426    -0.24   0.811    -14.26771    11.15861
         _Ihour_3 |  -6.938503   6.559326    -1.06   0.290    -19.79455    5.917539
         _Ihour_4 |  -3.340145   6.668808    -0.50   0.616    -16.41077    9.730479
         _Ihour_5 |   -3.54581   6.592799    -0.54   0.591    -16.46746    9.375839
         _Ihour_6 |    -2.2639    6.52246    -0.35   0.729    -15.04769    10.51989
         _Ihour_7 |  -7.211106   6.398193    -1.13   0.260    -19.75133    5.329123
         _Ihour_8 |  -2.535249   6.999083    -0.36   0.717     -16.2532     11.1827
         _Ihour_9 |  -.8902909   7.681737    -0.12   0.908    -15.94622    14.16564
        _Ihour_10 |   7.878706    7.88077     1.00   0.317    -7.567318    23.32473
        _Ihour_11 |  -3.212222   8.062089    -0.40   0.690    -19.01363    12.58918
        _Ihour_12 |   10.68209   8.398535     1.27   0.203    -5.778734    27.14292
        _Ihour_13 |   14.24044     8.3917     1.70   0.090    -2.206989    30.68787
        _Ihour_14 |   22.37705   7.822719     2.86   0.004       7.0448     37.7093
        _Ihour_15 |   14.31358    7.11679     2.01   0.044     .3649324    28.26224
        _Ihour_16 |    14.3371   7.124318     2.01   0.044     .3736972    28.30051
        _Ihour_17 |   6.545299   7.333039     0.89   0.372    -7.827193    20.91779
        _Ihour_18 |   13.93742   8.214128     1.70   0.090    -2.161979    30.03681
        _Ihour_19 |   15.32773    8.14084     1.88   0.060    -.6280202    31.28348
        _Ihour_20 |   29.48917   7.874155     3.75   0.000     14.05611    44.92223
        _Ihour_21 |   16.78375   8.268499     2.03   0.042      .577784    32.98971
        _Ihour_22 |   19.26159   9.779978     1.97   0.049     .0931827    38.42999
        _Ihour_23 |   14.03479   7.445339     1.89   0.059    -.5578082    28.62738
        _Ihour_24 |  -.8255946   6.995871    -0.12   0.906    -14.53725    12.88606
      _Iyear_2005 |   15.50894   .7926518    19.57   0.000     13.95538    17.06251
      _Iyear_2006 |   29.78456   1.938056    15.37   0.000     25.98604    33.58308
      _Iyear_2007 |    19.4943    .851693    22.89   0.000     17.82502    21.16359
        _Iweekd_2 |   .6600472   .2079322     3.17   0.002     .2525076    1.067587
        _Iweekd_3 |   1.029935   .2087124     4.93   0.000      .620866    1.439004
        _Iweekd_4 |   1.444675   .2103692     6.87   0.000     1.032359    1.856991
        _Iweekd_5 |   .2600624   .2031451     1.28   0.200    -.1380946    .6582195
        _Iweekd_6 |  -3.426704   .2031207   -16.87   0.000    -3.824814   -3.028595
        _Iweekd_7 |  -8.140844   .2175499   -37.42   0.000    -8.567234   -7.714454
        _Imonth_2 |  -12.18279   2.753521    -4.42   0.000    -17.57959   -6.785983
        _Imonth_3 |  -2.304053   2.551569    -0.90   0.367    -7.305036     2.69693
        _Imonth_4 |  -17.47995   2.306955    -7.58   0.000     -22.0015    -12.9584
        _Imonth_5 |  -19.59551   2.252191    -8.70   0.000    -24.00973    -15.1813
        _Imonth_6 |   -40.4567   3.498836   -11.56   0.000     -47.3143   -33.59911
        _Imonth_7 |  -32.35332   3.184702   -10.16   0.000    -38.59522   -26.11142
        _Imonth_8 |  -40.49769   3.429509   -11.81   0.000     -47.2194   -33.77597
        _Imonth_9 |  -39.05931   3.238675   -12.06   0.000      -45.407   -32.71162
       _Imonth_10 |  -27.24583   2.538872   -10.73   0.000    -32.22192   -22.26973
       _Imonth_11 |  -.0235156   2.782072    -0.01   0.993    -5.476276    5.429245
       _Imonth_12 |  -8.373247   2.975529    -2.81   0.005    -14.20518   -2.541317
 _ImonXyea_2_2005 |  -.0600266   .8089333    -0.07   0.941    -1.645507    1.525454
 _ImonXyea_2_2006 |  -.4182984   1.037591    -0.40   0.687     -2.45194    1.615343
 _ImonXyea_2_2007 |  -.6163733   .7843674    -0.79   0.432    -2.153705    .9209585
 _ImonXyea_3_2005 |   2.716181   1.084369     2.50   0.012     .5908573    4.841505
 _ImonXyea_3_2006 |  -23.57018   .9977823   -23.62   0.000     -25.5258   -21.61456
 _ImonXyea_3_2007 |  -13.46998   .6793033   -19.83   0.000    -14.80139   -12.13857
 _ImonXyea_4_2005 |  -1.141918   1.012666    -1.13   0.259    -3.126707    .8428714
 _ImonXyea_4_2006 |  -14.56647   .8735132   -16.68   0.000    -16.27852   -12.85441
 _ImonXyea_4_2007 |  -2.164506   .7335042    -2.95   0.003    -3.602148   -.7268638
 _ImonXyea_5_2005 |  -5.466443   1.006136    -5.43   0.000    -7.438435   -3.494452
 _ImonXyea_5_2006 |  -11.60421    1.14969   -10.09   0.000    -13.85756   -9.350855
 _ImonXyea_5_2007 |  -7.095481   .6498125   -10.92   0.000     -8.36909   -5.821872
 _ImonXyea_6_2005 |   3.674481   1.323441     2.78   0.005     1.080584    6.268378
 _ImonXyea_6_2006 |  -16.70924   1.067922   -15.65   0.000    -18.80233   -14.61615
 _ImonXyea_6_2007 |  -3.350142   .8866631    -3.78   0.000     -5.08797   -1.612314
 _ImonXyea_7_2005 |   6.861045   1.416599     4.84   0.000     4.084562    9.637529
 _ImonXyea_7_2006 |  -13.89127   1.019287   -13.63   0.000    -15.88903    -11.8935
 _ImonXyea_7_2007 |          0  (omitted)
 _ImonXyea_8_2005 |   1.841819   1.321961     1.39   0.164    -.7491779    4.432815
 _ImonXyea_8_2006 |  -12.96782   1.079879   -12.01   0.000    -15.08435    -10.8513
 _ImonXyea_8_2007 |          0  (omitted)
 _ImonXyea_9_2005 |    2.63629   1.489517     1.77   0.077    -.2831101     5.55569
 _ImonXyea_9_2006 |  -12.63446   1.276493    -9.90   0.000    -15.13634   -10.13258
 _ImonXyea_9_2007 |          0  (omitted)
_ImonXyea_10_2005 |  -1.533193   1.320696    -1.16   0.246     -4.12171    1.055324
_ImonXyea_10_2006 |  -19.21995   1.447277   -13.28   0.000    -22.05656   -16.38334
_ImonXyea_10_2007 |          0  (omitted)
_ImonXyea_11_2005 |   3.592702   1.230902     2.92   0.004     1.180179    6.005225
_ImonXyea_11_2006 |  -22.91525   1.465072   -15.64   0.000    -25.78674   -20.04376
_ImonXyea_11_2007 |          0  (omitted)
_ImonXyea_12_2005 |   9.110114   1.364939     6.67   0.000     6.434883    11.78534
_ImonXyea_12_2006 |  -29.54509   1.387626   -21.29   0.000    -32.26479   -26.82539
_ImonXyea_12_2007 |          0  (omitted)
    _ImonXhou_2_2 |   .4095546   1.858799     0.22   0.826    -3.233625    4.052734
    _ImonXhou_2_3 |   .4337945   1.851557     0.23   0.815    -3.195191     4.06278
    _ImonXhou_2_4 |   2.077077   1.784356     1.16   0.244    -1.420197    5.574351
    _ImonXhou_2_5 |   1.811752   1.730678     1.05   0.295    -1.580314    5.203818
    _ImonXhou_2_6 |   1.796213   1.693185     1.06   0.289    -1.522368    5.114794
    _ImonXhou_2_7 |   2.315354   1.707641     1.36   0.175    -1.031561    5.662268
    _ImonXhou_2_8 |   1.458208    1.95901     0.74   0.457     -2.38138    5.297796
    _ImonXhou_2_9 |   .4695125   2.403959     0.20   0.845     -4.24216    5.181185
   _ImonXhou_2_10 |   2.786929   2.439885     1.14   0.253    -1.995157    7.569015
   _ImonXhou_2_11 |   2.420107    2.28403     1.06   0.289     -2.05651    6.896723
   _ImonXhou_2_12 |   1.527018   2.217411     0.69   0.491    -2.819027    5.873063
   _ImonXhou_2_13 |   2.133349   2.102765     1.01   0.310    -1.987994    6.254691
   _ImonXhou_2_14 |   .5090707   1.932274     0.26   0.792    -3.278116    4.296258
   _ImonXhou_2_15 |  -.6506269   1.915254    -0.34   0.734    -4.404455    3.103202
   _ImonXhou_2_16 |   -.719911   1.954305    -0.37   0.713    -4.550278    3.110456
   _ImonXhou_2_17 |  -1.261222   1.967289    -0.64   0.521    -5.117038    2.594593
   _ImonXhou_2_18 |   -2.50459   1.983857    -1.26   0.207    -6.392878    1.383698
   _ImonXhou_2_19 |  -6.254908   2.004245    -3.12   0.002    -10.18316   -2.326661
   _ImonXhou_2_20 |  -1.247975    2.06976    -0.60   0.547    -5.304629     2.80868
   _ImonXhou_2_21 |   1.145921   2.062586     0.56   0.579    -2.896673    5.188514
   _ImonXhou_2_22 |   1.332726   2.128143     0.63   0.531    -2.838358     5.50381
   _ImonXhou_2_23 |  -1.487555   1.933287    -0.77   0.442    -5.276729    2.301618
   _ImonXhou_2_24 |  -2.210857   1.908871    -1.16   0.247    -5.952176    1.530463
    _ImonXhou_3_2 |   4.811136   1.868419     2.57   0.010     1.149102     8.47317
    _ImonXhou_3_3 |   5.663471   1.819737     3.11   0.002     2.096852    9.230091
    _ImonXhou_3_4 |   7.161732   1.820064     3.93   0.000     3.594474    10.72899
    _ImonXhou_3_5 |    8.32448   1.799055     4.63   0.000     4.798397    11.85056
    _ImonXhou_3_6 |   8.769078   1.783393     4.92   0.000     5.273693    12.26446
    _ImonXhou_3_7 |   7.723706    1.73529     4.45   0.000       4.3226    11.12481
    _ImonXhou_3_8 |   3.598138   1.949953     1.85   0.065    -.2236989    7.419976
    _ImonXhou_3_9 |   4.243536   2.390616     1.78   0.076    -.4419847    8.929056
   _ImonXhou_3_10 |   7.022473   2.422209     2.90   0.004      2.27503    11.76992
   _ImonXhou_3_11 |   3.168285   2.344513     1.35   0.177    -1.426876    7.763445
   _ImonXhou_3_12 |   3.656108   2.313764     1.58   0.114    -.8787867    8.191003
   _ImonXhou_3_13 |   2.956395   2.205533     1.34   0.180     -1.36637    7.279159
   _ImonXhou_3_14 |   3.096871    2.04751     1.51   0.130    -.9161754    7.109917
   _ImonXhou_3_15 |   1.945764   1.965571     0.99   0.322    -1.906684    5.798212
   _ImonXhou_3_16 |   2.395538   2.004213     1.20   0.232    -1.532648    6.323724
   _ImonXhou_3_17 |   2.612619   2.001159     1.31   0.192    -1.309581    6.534819
   _ImonXhou_3_18 |   .7561036   2.024566     0.37   0.709    -3.211972    4.724179
   _ImonXhou_3_19 |  -6.489872   2.006416    -3.23   0.001    -10.42237    -2.55737
   _ImonXhou_3_20 |  -4.368119    2.24466    -1.95   0.052    -8.767572    .0313333
   _ImonXhou_3_21 |   1.606256   2.216013     0.72   0.469    -2.737049    5.949561
   _ImonXhou_3_22 |   4.159971   2.301583     1.81   0.071    -.3510486    8.670991
   _ImonXhou_3_23 |   .8322745   2.057568     0.40   0.686    -3.200484    4.865033
   _ImonXhou_3_24 |  -1.472799   2.029362    -0.73   0.468    -5.450276    2.504677
    _ImonXhou_4_2 |     3.8636   1.724855     2.24   0.025     .4829472    7.244253
    _ImonXhou_4_3 |    4.95622   1.668008     2.97   0.003     1.686985    8.225455
    _ImonXhou_4_4 |    7.46281   1.637949     4.56   0.000     4.252488    10.67313
    _ImonXhou_4_5 |    8.68578   1.619493     5.36   0.000     5.511631    11.85993
    _ImonXhou_4_6 |   9.342012   1.603541     5.83   0.000     6.199131    12.48489
    _ImonXhou_4_7 |   8.055145   1.571219     5.13   0.000     4.975612    11.13468
    _ImonXhou_4_8 |   5.755155   1.834353     3.14   0.002      2.15989    9.350419
    _ImonXhou_4_9 |   2.775321   2.230356     1.24   0.213    -1.596097    7.146739
   _ImonXhou_4_10 |   3.435992   2.216679     1.55   0.121    -.9086186    7.780603
   _ImonXhou_4_11 |    .981607   2.161599     0.45   0.650    -3.255049    5.218263
   _ImonXhou_4_12 |   1.424133   2.093248     0.68   0.496    -2.678557    5.526823
   _ImonXhou_4_13 |    2.63188   1.959802     1.34   0.179    -1.209262    6.473022
   _ImonXhou_4_14 |   2.170811   1.805554     1.20   0.229     -1.36801    5.709631
   _ImonXhou_4_15 |   2.662279   1.782847     1.49   0.135    -.8320369    6.156595
   _ImonXhou_4_16 |    3.16491   1.858562     1.70   0.089    -.4778034    6.807624
   _ImonXhou_4_17 |   2.931088   1.850995     1.58   0.113    -.6967962    6.558972
   _ImonXhou_4_18 |   .9578443   1.873723     0.51   0.609    -2.714585    4.630273
   _ImonXhou_4_19 |  -7.219488   1.856138    -3.89   0.000    -10.85745   -3.581524
   _ImonXhou_4_20 |  -12.24804   1.882812    -6.51   0.000    -15.93828   -8.557795
   _ImonXhou_4_21 |  -8.740944   1.847093    -4.73   0.000    -12.36118   -5.120709
   _ImonXhou_4_22 |    6.00368   2.124828     2.83   0.005     1.839093    10.16827
   _ImonXhou_4_23 |  -.6283836   1.925977    -0.33   0.744    -4.403229    3.146462
   _ImonXhou_4_24 |  -5.751655    1.82525    -3.15   0.002     -9.32908   -2.174231
    _ImonXhou_5_2 |   4.365301   1.658804     2.63   0.008     1.114104    7.616497
    _ImonXhou_5_3 |   6.694584   1.605011     4.17   0.000     3.548819    9.840348
    _ImonXhou_5_4 |   9.164866   1.567325     5.85   0.000     6.092966    12.23677
    _ImonXhou_5_5 |   10.74705   1.530777     7.02   0.000     7.746783    13.74732
    _ImonXhou_5_6 |   10.97956   1.497598     7.33   0.000     8.044323     13.9148
    _ImonXhou_5_7 |    9.15388   1.490095     6.14   0.000     6.233347    12.07441
    _ImonXhou_5_8 |   4.829712    1.70693     2.83   0.005     1.484191    8.175233
    _ImonXhou_5_9 |   4.554184   2.140041     2.13   0.033     .3597803    8.748587
   _ImonXhou_5_10 |   4.844825   2.149973     2.25   0.024      .630956    9.058694
   _ImonXhou_5_11 |   2.825575   2.168133     1.30   0.192    -1.423887    7.075037
   _ImonXhou_5_12 |   4.190586   2.188506     1.91   0.056    -.0988078     8.47998
   _ImonXhou_5_13 |   4.657852   2.031843     2.29   0.022     .6755126    8.640192
   _ImonXhou_5_14 |   4.586361   1.887245     2.43   0.015     .8874298    8.285293
   _ImonXhou_5_15 |    4.63385   1.822816     2.54   0.011     1.061197    8.206504
   _ImonXhou_5_16 |   6.208365   1.923357     3.23   0.001     2.438654    9.978076
   _ImonXhou_5_17 |   6.295409   1.895086     3.32   0.001      2.58111    10.00971
   _ImonXhou_5_18 |   4.775271   1.889372     2.53   0.011     1.072169    8.478373
   _ImonXhou_5_19 |  -2.839313   1.829488    -1.55   0.121    -6.425043    .7464166
   _ImonXhou_5_20 |  -8.945332   1.860408    -4.81   0.000    -12.59166      -5.299
   _ImonXhou_5_21 |  -9.078777   1.800189    -5.04   0.000    -12.60708   -5.550471
   _ImonXhou_5_22 |   .9633196   1.909679     0.50   0.614    -2.779583    4.706223
   _ImonXhou_5_23 |   2.900386   1.881688     1.54   0.123    -.7876544    6.588427
   _ImonXhou_5_24 |   -4.43453   1.729315    -2.56   0.010    -7.823925   -1.045135
    _ImonXhou_6_2 |    3.89822   1.775475     2.20   0.028     .4183536    7.378086
    _ImonXhou_6_3 |   6.332183   1.739388     3.64   0.000     2.923046     9.74132
    _ImonXhou_6_4 |   9.313477   1.691136     5.51   0.000     5.998912    12.62804
    _ImonXhou_6_5 |    11.3522   1.669068     6.80   0.000     8.080891    14.62352
    _ImonXhou_6_6 |   12.08145   1.636237     7.38   0.000     8.874487    15.28842
    _ImonXhou_6_7 |   8.840797   1.615691     5.47   0.000     5.674101    12.00749
    _ImonXhou_6_8 |   5.002637   1.869482     2.68   0.007     1.338519    8.666755
    _ImonXhou_6_9 |   6.109674   2.322601     2.63   0.009     1.557459    10.66189
   _ImonXhou_6_10 |     10.339   2.540411     4.07   0.000     5.359888    15.31812
   _ImonXhou_6_11 |   6.728957   2.376839     2.83   0.005     2.070438    11.38747
   _ImonXhou_6_12 |   10.72017   2.712263     3.95   0.000     5.404234    16.03611
   _ImonXhou_6_13 |   11.32617   2.387387     4.74   0.000     6.646975    16.00536
   _ImonXhou_6_14 |   14.47936   2.446087     5.92   0.000     9.685114     19.2736
   _ImonXhou_6_15 |   15.25204   2.412663     6.32   0.000     10.52331    19.98077
   _ImonXhou_6_16 |   14.98845   2.425363     6.18   0.000     10.23483    19.74208
   _ImonXhou_6_17 |   14.75062   2.338501     6.31   0.000     10.16724      19.334
   _ImonXhou_6_18 |   13.57308   2.452789     5.53   0.000     8.765704    18.38046
   _ImonXhou_6_19 |   4.375258   2.273505     1.92   0.054    -.0807303    8.831246
   _ImonXhou_6_20 |  -.1097364   2.354572    -0.05   0.963    -4.724612     4.50514
   _ImonXhou_6_21 |  -4.163451   1.969101    -2.11   0.034    -8.022818    -.304083
   _ImonXhou_6_22 |   .8313546   2.190681     0.38   0.704    -3.462302    5.125011
   _ImonXhou_6_23 |   6.299342    2.13439     2.95   0.003     2.116014    10.48267
   _ImonXhou_6_24 |  -1.413528   1.920062    -0.74   0.462     -5.17678    2.349725
    _ImonXhou_7_2 |   4.736129   1.854805     2.55   0.011     1.100778     8.37148
    _ImonXhou_7_3 |   5.941626   1.779356     3.34   0.001     2.454153    9.429099
    _ImonXhou_7_4 |   9.749641   1.716497     5.68   0.000     6.385368    13.11391
    _ImonXhou_7_5 |   11.67589   1.680349     6.95   0.000     8.382463    14.96931
    _ImonXhou_7_6 |   12.58522   1.631299     7.71   0.000     9.387934    15.78251
    _ImonXhou_7_7 |   9.645411    1.68591     5.72   0.000     6.341088    12.94973
    _ImonXhou_7_8 |   5.276694    1.90501     2.77   0.006     1.542944    9.010444
    _ImonXhou_7_9 |   4.887365   2.325128     2.10   0.036     .3301986    9.444531
   _ImonXhou_7_10 |   9.234385   2.387734     3.87   0.000     4.554513    13.91426
   _ImonXhou_7_11 |   7.646585   2.423078     3.16   0.002     2.897439    12.39573
   _ImonXhou_7_12 |   10.80037   2.525472     4.28   0.000     5.850535     15.7502
   _ImonXhou_7_13 |   15.91584   2.596891     6.13   0.000     10.82603    21.00565
   _ImonXhou_7_14 |   17.75919   2.399939     7.40   0.000     13.05539    22.46298
   _ImonXhou_7_15 |   18.03512   2.384819     7.56   0.000     13.36096    22.70928
   _ImonXhou_7_16 |   20.49385   2.351171     8.72   0.000     15.88564    25.10207
   _ImonXhou_7_17 |   17.53978   2.507523     6.99   0.000     12.62513    22.45443
   _ImonXhou_7_18 |   17.12177   2.507281     6.83   0.000     12.20759    22.03595
   _ImonXhou_7_19 |   6.870432   2.506724     2.74   0.006     1.957344    11.78352
   _ImonXhou_7_20 |   1.502572   2.233793     0.67   0.501    -2.875582    5.880726
   _ImonXhou_7_21 |  -1.348473   2.024307    -0.67   0.505    -5.316041    2.619095
   _ImonXhou_7_22 |   1.564977   2.167116     0.72   0.470    -2.682493    5.812446
   _ImonXhou_7_23 |    9.32534   2.110039     4.42   0.000     5.189739    13.46094
   _ImonXhou_7_24 |  -.1686369   2.001246    -0.08   0.933    -4.091008    3.753734
    _ImonXhou_8_2 |     5.9773   2.006685     2.98   0.003     2.044269     9.91033
    _ImonXhou_8_3 |   8.509523   1.959586     4.34   0.000     4.668805    12.35024
    _ImonXhou_8_4 |   12.56969   1.966432     6.39   0.000     8.715558    16.42383
    _ImonXhou_8_5 |   14.21139   1.911168     7.44   0.000     10.46557    17.95721
    _ImonXhou_8_6 |   14.94525   1.871314     7.99   0.000     11.27754    18.61296
    _ImonXhou_8_7 |   10.92116   1.838692     5.94   0.000     7.317387    14.52493
    _ImonXhou_8_8 |   4.532006   2.127835     2.13   0.033     .3615257    8.702486
    _ImonXhou_8_9 |   .7638195   2.521734     0.30   0.762    -4.178689    5.706328
   _ImonXhou_8_10 |   5.282629   2.586924     2.04   0.041     .2123501    10.35291
   _ImonXhou_8_11 |    2.24456   2.590311     0.87   0.386    -2.832356    7.321477
   _ImonXhou_8_12 |   6.880227   2.822353     2.44   0.015     1.348517    12.41194
   _ImonXhou_8_13 |    12.7061   2.959391     4.29   0.000     6.905803     18.5064
   _ImonXhou_8_14 |    17.7394   2.861236     6.20   0.000     12.13148    23.34732
   _ImonXhou_8_15 |   15.02436   2.454156     6.12   0.000      10.2143    19.83441
   _ImonXhou_8_16 |   14.48514   2.492151     5.81   0.000     9.600609    19.36966
   _ImonXhou_8_17 |   12.10928   2.501865     4.84   0.000     7.205719    17.01285
   _ImonXhou_8_18 |   12.61071   2.790397     4.52   0.000     7.141636    18.07979
   _ImonXhou_8_19 |   1.360924   2.670259     0.51   0.610    -3.872687    6.594536
   _ImonXhou_8_20 |  -2.310548   2.410879    -0.96   0.338    -7.035784    2.414689
   _ImonXhou_8_21 |  -4.851359   2.259061    -2.15   0.032    -9.279037   -.4236804
   _ImonXhou_8_22 |   6.115119   2.875921     2.13   0.033     .4784174    11.75182
   _ImonXhou_8_23 |   8.595695   2.468997     3.48   0.000      3.75655    13.43484
   _ImonXhou_8_24 |  -4.325594   2.233966    -1.94   0.053    -8.704086     .052898
    _ImonXhou_9_2 |   5.340239   1.951357     2.74   0.006     1.515649    9.164828
    _ImonXhou_9_3 |   6.776022   1.870832     3.62   0.000     3.109259    10.44278
    _ImonXhou_9_4 |   10.88907   1.837089     5.93   0.000      7.28844     14.4897
    _ImonXhou_9_5 |   12.37289   1.780406     6.95   0.000      8.88336    15.86242
    _ImonXhou_9_6 |   13.58756   1.772161     7.67   0.000     10.11418    17.06093
    _ImonXhou_9_7 |   10.18007   1.753963     5.80   0.000     6.742369    13.61778
    _ImonXhou_9_8 |   9.481393   2.031331     4.67   0.000     5.500058    13.46273
    _ImonXhou_9_9 |   7.591918   2.412957     3.15   0.002     2.862611    12.32123
   _ImonXhou_9_10 |   12.02223   2.433045     4.94   0.000     7.253549    16.79091
   _ImonXhou_9_11 |   10.68208   2.471881     4.32   0.000     5.837284    15.52688
   _ImonXhou_9_12 |    14.4211   2.802534     5.15   0.000     8.928229    19.91396
   _ImonXhou_9_13 |   19.40279   2.726261     7.12   0.000     14.05942    24.74616
   _ImonXhou_9_14 |   19.16177   2.532002     7.57   0.000     14.19914     24.1244
   _ImonXhou_9_15 |   16.97204   2.323236     7.31   0.000     12.41858     21.5255
   _ImonXhou_9_16 |   18.27015   2.384258     7.66   0.000     13.59709    22.94321
   _ImonXhou_9_17 |   18.25206   2.571786     7.10   0.000     13.21145    23.29266
   _ImonXhou_9_18 |   19.09806    2.86633     6.66   0.000     13.48016    24.71596
   _ImonXhou_9_19 |   9.365226   2.506343     3.74   0.000     4.452883    14.27757
   _ImonXhou_9_20 |   3.829176   2.334177     1.64   0.101     -.745728    8.404079
   _ImonXhou_9_21 |   9.914575   2.479571     4.00   0.000     5.054705    14.77444
   _ImonXhou_9_22 |   25.81751   2.766332     9.33   0.000      20.3956    31.23942
   _ImonXhou_9_23 |   11.68655   2.385422     4.90   0.000     7.011207    16.36189
   _ImonXhou_9_24 |  -3.295966   2.033433    -1.62   0.105     -7.28142     .689489
   _ImonXhou_10_2 |    5.87006   1.904915     3.08   0.002     2.136494    9.603625
   _ImonXhou_10_3 |     6.9358   1.856047     3.74   0.000     3.298014    10.57359
   _ImonXhou_10_4 |   11.29202   1.830337     6.17   0.000     7.704629    14.87942
   _ImonXhou_10_5 |   13.24124   1.782459     7.43   0.000     9.747688     16.7348
   _ImonXhou_10_6 |   14.09516   1.766125     7.98   0.000     10.63362     17.5567
   _ImonXhou_10_7 |   11.33434   1.718795     6.59   0.000     7.965561    14.70311
   _ImonXhou_10_8 |   11.48482   2.090128     5.49   0.000      7.38824    15.58139
   _ImonXhou_10_9 |   10.14544   2.476233     4.10   0.000     5.292114    14.99877
  _ImonXhou_10_10 |   9.625519    2.40906     4.00   0.000     4.903848    14.34719
  _ImonXhou_10_11 |   6.256444   2.409972     2.60   0.009     1.532985     10.9799
  _ImonXhou_10_12 |   8.192503   2.376381     3.45   0.001     3.534881    12.85013
  _ImonXhou_10_13 |   10.15724   2.332596     4.35   0.000     5.585435    14.72904
  _ImonXhou_10_14 |   9.901164   2.074003     4.77   0.000     5.836193    13.96614
  _ImonXhou_10_15 |   8.813207   2.056672     4.29   0.000     4.782204    12.84421
  _ImonXhou_10_16 |   9.587869   2.109482     4.55   0.000      5.45336    13.72238
  _ImonXhou_10_17 |   9.653652   2.131596     4.53   0.000     5.475801     13.8315
  _ImonXhou_10_18 |   9.583717   2.212897     4.33   0.000     5.246519    13.92092
  _ImonXhou_10_19 |   2.193258   2.191431     1.00   0.317    -2.101867    6.488383
  _ImonXhou_10_20 |   5.343014   2.353834     2.27   0.023     .7295846    9.956443
  _ImonXhou_10_21 |   17.82984   2.874482     6.20   0.000     12.19596    23.46372
  _ImonXhou_10_22 |   17.73195    2.59153     6.84   0.000     12.65265    22.81126
  _ImonXhou_10_23 |   6.629757   2.281647     2.91   0.004     2.157811     11.1017
  _ImonXhou_10_24 |  -3.566121   2.077492    -1.72   0.086    -7.637931    .5056891
   _ImonXhou_11_2 |   2.257441   1.883305     1.20   0.231    -1.433769     5.94865
   _ImonXhou_11_3 |   2.033963   1.859999     1.09   0.274    -1.611568    5.679494
   _ImonXhou_11_4 |   6.530808   1.844869     3.54   0.000     2.914932    10.14668
   _ImonXhou_11_5 |    8.01378   1.810801     4.43   0.000     4.464675    11.56289
   _ImonXhou_11_6 |   9.422843   1.803214     5.23   0.000     5.888608    12.95708
   _ImonXhou_11_7 |   8.192169      1.774     4.62   0.000     4.715193    11.66914
   _ImonXhou_11_8 |   6.016352   1.977783     3.04   0.002     2.139968    9.892737
   _ImonXhou_11_9 |   3.882309   2.332774     1.66   0.096    -.6898439    8.454463
  _ImonXhou_11_10 |   5.034181   2.319918     2.17   0.030     .4872249    9.581136
  _ImonXhou_11_11 |   1.497999   2.282849     0.66   0.512    -2.976304    5.972301
  _ImonXhou_11_12 |   1.463373   2.280557     0.64   0.521    -3.006436    5.933183
  _ImonXhou_11_13 |   1.265099   2.099767     0.60   0.547    -2.850369    5.380567
  _ImonXhou_11_14 |   2.154155    1.95113     1.10   0.270    -1.669989      5.9783
  _ImonXhou_11_15 |   1.760292    1.89199     0.93   0.352    -1.947939    5.468524
  _ImonXhou_11_16 |   2.921935   1.965622     1.49   0.137    -.9306139    6.774483
  _ImonXhou_11_17 |   3.494213   1.968151     1.78   0.076    -.3632926    7.351718
  _ImonXhou_11_18 |   3.124366   1.964236     1.59   0.112    -.7254654    6.974198
  _ImonXhou_11_19 |   3.440936   2.172836     1.58   0.113     -.817745    7.699617
  _ImonXhou_11_20 |   3.107929   2.220985     1.40   0.162    -1.245122     7.46098
  _ImonXhou_11_21 |   1.438271   2.171616     0.66   0.508    -2.818017    5.694559
  _ImonXhou_11_22 |   1.362624   2.136257     0.64   0.524    -2.824364    5.549611
  _ImonXhou_11_23 |  -.3952356   1.917636    -0.21   0.837    -4.153734    3.363263
  _ImonXhou_11_24 |  -2.996954   1.911315    -1.57   0.117    -6.743063    .7491545
   _ImonXhou_12_2 |   .0342706   1.914898     0.02   0.986     -3.71886    3.787401
   _ImonXhou_12_3 |  -2.377115   1.849123    -1.29   0.199    -6.001329    1.247098
   _ImonXhou_12_4 |  -.6959909   1.790804    -0.39   0.698    -4.205902    2.813921
   _ImonXhou_12_5 |  -.8209564   1.733162    -0.47   0.636    -4.217891    2.575978
   _ImonXhou_12_6 |  -1.065258   1.722188    -0.62   0.536    -4.440684    2.310168
   _ImonXhou_12_7 |  -.2939756   1.799891    -0.16   0.870    -3.821697    3.233746
   _ImonXhou_12_8 |  -1.670612   2.080004    -0.80   0.422    -5.747345    2.406121
   _ImonXhou_12_9 |  -4.078741    2.46921    -1.65   0.099    -8.918303    .7608212
  _ImonXhou_12_10 |  -2.147256   2.476394    -0.87   0.386      -7.0009    2.706387
  _ImonXhou_12_11 |  -1.384579   2.379892    -0.58   0.561    -6.049082    3.279924
  _ImonXhou_12_12 |  -.4653649    2.34196    -0.20   0.842    -5.055522    4.124792
  _ImonXhou_12_13 |  -2.151732   2.081464    -1.03   0.301    -6.231327    1.927863
  _ImonXhou_12_14 |  -2.019145   1.991938    -1.01   0.311    -5.923272    1.884982
  _ImonXhou_12_15 |  -2.820178   1.850881    -1.52   0.128    -6.447838    .8074818
  _ImonXhou_12_16 |  -2.270675   1.937457    -1.17   0.241    -6.068022    1.526671
  _ImonXhou_12_17 |  -1.964241    1.94174    -1.01   0.312    -5.769981    1.841499
  _ImonXhou_12_18 |   .4173675   2.067814     0.20   0.840    -3.635474    4.470209
  _ImonXhou_12_19 |   1.492903   2.104579     0.71   0.478    -2.631997    5.617803
  _ImonXhou_12_20 |  -1.683777     2.1308    -0.79   0.429    -5.860068    2.492513
  _ImonXhou_12_21 |   -1.62639   2.260481    -0.72   0.472     -6.05685    2.804071
  _ImonXhou_12_22 |   .3292791    2.22263     0.15   0.882    -4.026996    4.685554
  _ImonXhou_12_23 |  -2.703198   1.994758    -1.36   0.175    -6.612851    1.206455
  _ImonXhou_12_24 |  -2.463771   1.956558    -1.26   0.208    -6.298553    1.371011
     _ImonXtemp_2 |  -2.370752   .1993157   -11.89   0.000    -2.761404   -1.980101
     _ImonXtemp_3 |  -2.137723   .1945286   -10.99   0.000    -2.518992   -1.756454
     _ImonXtemp_4 |  -.5822388    .161443    -3.61   0.000    -.8986612   -.2658164
     _ImonXtemp_5 |  -.9764354   .1663717    -5.87   0.000    -1.302518   -.6503528
     _ImonXtemp_6 |   .4652305   .2333705     1.99   0.046     .0078328    .9226283
     _ImonXtemp_7 |     .87906    .204431     4.30   0.000     .4783826    1.279737
     _ImonXtemp_8 |   .2626062   .1768437     1.48   0.138    -.0840011    .6092136
     _ImonXtemp_9 |  -.1800597   .1750403    -1.03   0.304    -.5231324    .1630129
    _ImonXtemp_10 |  -.3783763   .1780187    -2.13   0.034    -.7272865   -.0294661
    _ImonXtemp_11 |   -1.51162   .1363008   -11.09   0.000    -1.778764   -1.244475
    _ImonXtemp_12 |   -.676286   .1717715    -3.94   0.000    -1.012952   -.3396202
     _ImonXtempa2 |   1.547051   .1712878     9.03   0.000     1.211333    1.882769
     _ImonXtempa3 |   1.230471   .1623238     7.58   0.000     .9123222     1.54862
     _ImonXtempa4 |     1.1145   .1455253     7.66   0.000     .8292759    1.399725
     _ImonXtempa5 |   1.418334   .1431725     9.91   0.000     1.137721    1.698947
     _ImonXtempa6 |   1.020258   .1680144     6.07   0.000     .6909561     1.34956
     _ImonXtempa7 |   .4489462   .1723771     2.60   0.009     .1110932    .7867992
     _ImonXtempa8 |    1.04727   .1421755     7.37   0.000     .7686109    1.325929
     _ImonXtempa9 |   1.393031   .1534096     9.08   0.000     1.092353    1.693708
    _ImonXtempa10 |    1.26998   .1361108     9.33   0.000     1.003208    1.536752
    _ImonXtempa11 |   .7670633   .1426851     5.38   0.000     .4874057    1.046721
    _ImonXtempa12 |   1.279887   .1886485     6.78   0.000     .9101424    1.649631
            _cons |   15.94211   5.958148     2.68   0.007     4.264356    27.61986
-----------------------------------------------------------------------------------
Instrumented:  ecost2
Instruments:   windx windx2 temp tempx humid 2.hour#c.coal 3.hour#c.coal
               4.hour#c.coal 5.hour#c.coal 6.hour#c.coal 7.hour#c.coal
               8.hour#c.coal 9.hour#c.coal 10.hour#c.coal 11.hour#c.coal
               12.hour#c.coal 13.hour#c.coal 14.hour#c.coal 15.hour#c.coal
               16.hour#c.coal 17.hour#c.coal 18.hour#c.coal 19.hour#c.coal
               20.hour#c.coal 21.hour#c.coal 22.hour#c.coal 23.hour#c.coal
               24.hour#c.coal 2.hour#c.gas 3.hour#c.gas 4.hour#c.gas 5.hour#c.gas
               6.hour#c.gas 7.hour#c.gas 8.hour#c.gas 9.hour#c.gas 10.hour#c.gas
               11.hour#c.gas 12.hour#c.gas 13.hour#c.gas 14.hour#c.gas
               15.hour#c.gas 16.hour#c.gas 17.hour#c.gas 18.hour#c.gas
               19.hour#c.gas 20.hour#c.gas 21.hour#c.gas 22.hour#c.gas
               23.hour#c.gas 24.hour#c.gas 2.hour#c.brent 3.hour#c.brent
               4.hour#c.brent 5.hour#c.brent 6.hour#c.brent 7.hour#c.brent
               8.hour#c.brent 9.hour#c.brent 10.hour#c.brent 11.hour#c.brent
               12.hour#c.brent 13.hour#c.brent 14.hour#c.brent 15.hour#c.brent
               16.hour#c.brent 17.hour#c.brent 18.hour#c.brent 19.hour#c.brent
               20.hour#c.brent 21.hour#c.brent 22.hour#c.brent 23.hour#c.brent
               24.hour#c.brent coal gas brent _Ihour_2 _Ihour_3 _Ihour_4 _Ihour_5
               _Ihour_6 _Ihour_7 _Ihour_8 _Ihour_9 _Ihour_10 _Ihour_11 _Ihour_12
               _Ihour_13 _Ihour_14 _Ihour_15 _Ihour_16 _Ihour_17 _Ihour_18
               _Ihour_19 _Ihour_20 _Ihour_21 _Ihour_22 _Ihour_23 _Ihour_24
               _Iyear_2005 _Iyear_2006 _Iyear_2007 _Iweekd_2 _Iweekd_3 _Iweekd_4
               _Iweekd_5 _Iweekd_6 _Iweekd_7 _Imonth_2 _Imonth_3 _Imonth_4
               _Imonth_5 _Imonth_6 _Imonth_7 _Imonth_8 _Imonth_9 _Imonth_10
               _Imonth_11 _Imonth_12 _ImonXyea_2_2005 _ImonXyea_2_2006
               _ImonXyea_2_2007 _ImonXyea_3_2005 _ImonXyea_3_2006
               _ImonXyea_3_2007 _ImonXyea_4_2005 _ImonXyea_4_2006
               _ImonXyea_4_2007 _ImonXyea_5_2005 _ImonXyea_5_2006
               _ImonXyea_5_2007 _ImonXyea_6_2005 _ImonXyea_6_2006
               _ImonXyea_6_2007 _ImonXyea_7_2005 _ImonXyea_7_2006
               _ImonXyea_8_2005 _ImonXyea_8_2006 _ImonXyea_9_2005
               _ImonXyea_9_2006 _ImonXyea_10_2005 _ImonXyea_10_2006
               _ImonXyea_11_2005 _ImonXyea_11_2006 _ImonXyea_12_2005
               _ImonXyea_12_2006 _ImonXhou_2_2 _ImonXhou_2_3 _ImonXhou_2_4
               _ImonXhou_2_5 _ImonXhou_2_6 _ImonXhou_2_7 _ImonXhou_2_8
               _ImonXhou_2_9 _ImonXhou_2_10 _ImonXhou_2_11 _ImonXhou_2_12
               _ImonXhou_2_13 _ImonXhou_2_14 _ImonXhou_2_15 _ImonXhou_2_16
               _ImonXhou_2_17 _ImonXhou_2_18 _ImonXhou_2_19 _ImonXhou_2_20
               _ImonXhou_2_21 _ImonXhou_2_22 _ImonXhou_2_23 _ImonXhou_2_24
               _ImonXhou_3_2 _ImonXhou_3_3 _ImonXhou_3_4 _ImonXhou_3_5
               _ImonXhou_3_6 _ImonXhou_3_7 _ImonXhou_3_8 _ImonXhou_3_9
               _ImonXhou_3_10 _ImonXhou_3_11 _ImonXhou_3_12 _ImonXhou_3_13
               _ImonXhou_3_14 _ImonXhou_3_15 _ImonXhou_3_16 _ImonXhou_3_17
               _ImonXhou_3_18 _ImonXhou_3_19 _ImonXhou_3_20 _ImonXhou_3_21
               _ImonXhou_3_22 _ImonXhou_3_23 _ImonXhou_3_24 _ImonXhou_4_2
               _ImonXhou_4_3 _ImonXhou_4_4 _ImonXhou_4_5 _ImonXhou_4_6
               _ImonXhou_4_7 _ImonXhou_4_8 _ImonXhou_4_9 _ImonXhou_4_10
               _ImonXhou_4_11 _ImonXhou_4_12 _ImonXhou_4_13 _ImonXhou_4_14
               _ImonXhou_4_15 _ImonXhou_4_16 _ImonXhou_4_17 _ImonXhou_4_18
               _ImonXhou_4_19 _ImonXhou_4_20 _ImonXhou_4_21 _ImonXhou_4_22
               _ImonXhou_4_23 _ImonXhou_4_24 _ImonXhou_5_2 _ImonXhou_5_3
               _ImonXhou_5_4 _ImonXhou_5_5 _ImonXhou_5_6 _ImonXhou_5_7
               _ImonXhou_5_8 _ImonXhou_5_9 _ImonXhou_5_10 _ImonXhou_5_11
               _ImonXhou_5_12 _ImonXhou_5_13 _ImonXhou_5_14 _ImonXhou_5_15
               _ImonXhou_5_16 _ImonXhou_5_17 _ImonXhou_5_18 _ImonXhou_5_19
               _ImonXhou_5_20 _ImonXhou_5_21 _ImonXhou_5_22 _ImonXhou_5_23
               _ImonXhou_5_24 _ImonXhou_6_2 _ImonXhou_6_3 _ImonXhou_6_4
               _ImonXhou_6_5 _ImonXhou_6_6 _ImonXhou_6_7 _ImonXhou_6_8
               _ImonXhou_6_9 _ImonXhou_6_10 _ImonXhou_6_11 _ImonXhou_6_12
               _ImonXhou_6_13 _ImonXhou_6_14 _ImonXhou_6_15 _ImonXhou_6_16
               _ImonXhou_6_17 _ImonXhou_6_18 _ImonXhou_6_19 _ImonXhou_6_20
               _ImonXhou_6_21 _ImonXhou_6_22 _ImonXhou_6_23 _ImonXhou_6_24
               _ImonXhou_7_2 _ImonXhou_7_3 _ImonXhou_7_4 _ImonXhou_7_5
               _ImonXhou_7_6 _ImonXhou_7_7 _ImonXhou_7_8 _ImonXhou_7_9
               _ImonXhou_7_10 _ImonXhou_7_11 _ImonXhou_7_12 _ImonXhou_7_13
               _ImonXhou_7_14 _ImonXhou_7_15 _ImonXhou_7_16 _ImonXhou_7_17
               _ImonXhou_7_18 _ImonXhou_7_19 _ImonXhou_7_20 _ImonXhou_7_21
               _ImonXhou_7_22 _ImonXhou_7_23 _ImonXhou_7_24 _ImonXhou_8_2
               _ImonXhou_8_3 _ImonXhou_8_4 _ImonXhou_8_5 _ImonXhou_8_6
               _ImonXhou_8_7 _ImonXhou_8_8 _ImonXhou_8_9 _ImonXhou_8_10
               _ImonXhou_8_11 _ImonXhou_8_12 _ImonXhou_8_13 _ImonXhou_8_14
               _ImonXhou_8_15 _ImonXhou_8_16 _ImonXhou_8_17 _ImonXhou_8_18
               _ImonXhou_8_19 _ImonXhou_8_20 _ImonXhou_8_21 _ImonXhou_8_22
               _ImonXhou_8_23 _ImonXhou_8_24 _ImonXhou_9_2 _ImonXhou_9_3
               _ImonXhou_9_4 _ImonXhou_9_5 _ImonXhou_9_6 _ImonXhou_9_7
               _ImonXhou_9_8 _ImonXhou_9_9 _ImonXhou_9_10 _ImonXhou_9_11
               _ImonXhou_9_12 _ImonXhou_9_13 _ImonXhou_9_14 _ImonXhou_9_15
               _ImonXhou_9_16 _ImonXhou_9_17 _ImonXhou_9_18 _ImonXhou_9_19
               _ImonXhou_9_20 _ImonXhou_9_21 _ImonXhou_9_22 _ImonXhou_9_23
               _ImonXhou_9_24 _ImonXhou_10_2 _ImonXhou_10_3 _ImonXhou_10_4
               _ImonXhou_10_5 _ImonXhou_10_6 _ImonXhou_10_7 _ImonXhou_10_8
               _ImonXhou_10_9 _ImonXhou_10_10 _ImonXhou_10_11 _ImonXhou_10_12
               _ImonXhou_10_13 _ImonXhou_10_14 _ImonXhou_10_15 _ImonXhou_10_16
               _ImonXhou_10_17 _ImonXhou_10_18 _ImonXhou_10_19 _ImonXhou_10_20
               _ImonXhou_10_21 _ImonXhou_10_22 _ImonXhou_10_23 _ImonXhou_10_24
               _ImonXhou_11_2 _ImonXhou_11_3 _ImonXhou_11_4 _ImonXhou_11_5
               _ImonXhou_11_6 _ImonXhou_11_7 _ImonXhou_11_8 _ImonXhou_11_9
               _ImonXhou_11_10 _ImonXhou_11_11 _ImonXhou_11_12 _ImonXhou_11_13
               _ImonXhou_11_14 _ImonXhou_11_15 _ImonXhou_11_16 _ImonXhou_11_17
               _ImonXhou_11_18 _ImonXhou_11_19 _ImonXhou_11_20 _ImonXhou_11_21
               _ImonXhou_11_22 _ImonXhou_11_23 _ImonXhou_11_24 _ImonXhou_12_2
               _ImonXhou_12_3 _ImonXhou_12_4 _ImonXhou_12_5 _ImonXhou_12_6
               _ImonXhou_12_7 _ImonXhou_12_8 _ImonXhou_12_9 _ImonXhou_12_10
               _ImonXhou_12_11 _ImonXhou_12_12 _ImonXhou_12_13 _ImonXhou_12_14
               _ImonXhou_12_15 _ImonXhou_12_16 _ImonXhou_12_17 _ImonXhou_12_18
               _ImonXhou_12_19 _ImonXhou_12_20 _ImonXhou_12_21 _ImonXhou_12_22
               _ImonXhou_12_23 _ImonXhou_12_24 _ImonXtemp_2 _ImonXtemp_3
               _ImonXtemp_4 _ImonXtemp_5 _ImonXtemp_6 _ImonXtemp_7 _ImonXtemp_8
               _ImonXtemp_9 _ImonXtemp_10 _ImonXtemp_11 _ImonXtemp_12
               _ImonXtempa2 _ImonXtempa3 _ImonXtempa4 _ImonXtempa5 _ImonXtempa6
               _ImonXtempa7 _ImonXtempa8 _ImonXtempa9 _ImonXtempa10 _ImonXtempa11
               _ImonXtempa12 eprice

. estimates store spec_rd5

. estat firststage

  First-stage regression summary statistics
  --------------------------------------------------------------------------
               |            Adjusted      Partial       Robust
      Variable |   R-sq.       R-sq.        R-sq.    F(1,25626)   Prob > F
  -------------+------------------------------------------------------------
        ecost2 |  0.7545      0.7504       0.0365        515.23    0.0000
  --------------------------------------------------------------------------


. mat ftest_rd5 = r(singleresults)

. 
. log close
      name:  <unnamed>
       log:  /Volumes/Dades/Dropbox/PROJECTS/internalization2/submission/FINAL SUBMISSION/20130186_data/t
> ables/table_cost_pt_rd.log
  log type:  text
 closed on:  26 May 2014, 22:58:16
---------------------------------------------------------------------------------------------------------
