-----------------------------------------------------------------------------------------------------
      name:  <unnamed>
       log:  /Volumes/Dades/Dropbox/PROJECTS/internalization2/submission/FINAL SUBMISSION/20130186_da
> ta/tables/table_cost_pt_base.log
  log type:  text
 opened on:  26 May 2014, 22:38:12

. 
. preserve 

. drop if rd == 1
(11688 observations deleted)

. 
. // specification
. global demandcontrols = "temp tempx humid"

. global supplycontrols = "windx windx2"

. global controls = "coal gas brent"

. global basefe = "_Ihour_* _Iyear* _Iweek* _Imonth_*"

. global controls1 = "hour#(c.coal c.gas c.brent) coal gas brent"

. 
. global maincost = "ecost2"

. global instruments = "eprice"

. 
. // pass-through estimation
. *(2) - MONTH-HOUR FE
. regress $maincost $instruments $supplycontrols $demandcontrols $controls $basefe _ImonXyea*, robust
note: _Iyear_2007 omitted because of collinearity
note: _ImonXyea_2_2007 omitted because of collinearity
note: _ImonXyea_3_2006 omitted because of collinearity
note: _ImonXyea_3_2007 omitted because of collinearity
note: _ImonXyea_4_2006 omitted because of collinearity
note: _ImonXyea_4_2007 omitted because of collinearity
note: _ImonXyea_5_2006 omitted because of collinearity
note: _ImonXyea_5_2007 omitted because of collinearity
note: _ImonXyea_6_2006 omitted because of collinearity
note: _ImonXyea_6_2007 omitted because of collinearity
note: _ImonXyea_7_2006 omitted because of collinearity
note: _ImonXyea_7_2007 omitted because of collinearity
note: _ImonXyea_8_2006 omitted because of collinearity
note: _ImonXyea_8_2007 omitted because of collinearity
note: _ImonXyea_9_2006 omitted because of collinearity
note: _ImonXyea_9_2007 omitted because of collinearity
note: _ImonXyea_10_2006 omitted because of collinearity
note: _ImonXyea_10_2007 omitted because of collinearity
note: _ImonXyea_11_2006 omitted because of collinearity
note: _ImonXyea_11_2007 omitted because of collinearity
note: _ImonXyea_12_2006 omitted because of collinearity
note: _ImonXyea_12_2007 omitted because of collinearity

Linear regression                                      Number of obs =   16186
                                                       F( 63, 16122) =  696.93
                                                       Prob > F      =  0.0000
                                                       R-squared     =  0.7684
                                                       Root MSE      =  3.9138

-----------------------------------------------------------------------------------
                  |               Robust
           ecost2 |      Coef.   Std. Err.      t    P>|t|     [95% Conf. Interval]
------------------+----------------------------------------------------------------
           eprice |   .5881898   .0526412    11.17   0.000     .4850072    .6913723
            windx |   .0531736   .1418769     0.37   0.708    -.2249209     .331268
           windx2 |   .0005618   .0099078     0.06   0.955    -.0188586    .0199821
             temp |   .0399412   .0240718     1.66   0.097    -.0072421    .0871246
            tempx |  -.0293245   .0192355    -1.52   0.127    -.0670282    .0083791
            humid |  -.0046055   .0047403    -0.97   0.331    -.0138971    .0046861
             coal |  -1.296129   1.281015    -1.01   0.312    -3.807061    1.214803
              gas |  -.3675382   .0889792    -4.13   0.000    -.5419474   -.1931291
            brent |   .7743906   .3606223     2.15   0.032     .0675308     1.48125
         _Ihour_2 |   .5533291    .217169     2.55   0.011     .1276538    .9790044
         _Ihour_3 |   .6437337   .2172449     2.96   0.003     .2179095    1.069558
         _Ihour_4 |   .7265644   .2207076     3.29   0.001     .2939529    1.159176
         _Ihour_5 |   1.156107   .2173273     5.32   0.000     .7301214    1.582093
         _Ihour_6 |    .831661   .2218745     3.75   0.000     .3967623     1.26656
         _Ihour_7 |   .9051459   .2192937     4.13   0.000     .4753059    1.334986
         _Ihour_8 |   .0433963   .2184398     0.20   0.843      -.38477    .4715625
         _Ihour_9 |  -.0047964   .2113896    -0.02   0.982    -.4191435    .4095508
        _Ihour_10 |  -.2195046   .2099121    -1.05   0.296    -.6309556    .1919464
        _Ihour_11 |   -.390913   .2079598    -1.88   0.060    -.7985373    .0167112
        _Ihour_12 |  -.3163574   .2049307    -1.54   0.123    -.7180443    .0853296
        _Ihour_13 |  -.3373124   .2050213    -1.65   0.100     -.739177    .0645521
        _Ihour_14 |   -.311504   .2069259    -1.51   0.132    -.7171019    .0940938
        _Ihour_15 |  -.0810854    .211776    -0.38   0.702      -.49619    .3340191
        _Ihour_16 |  -.3352601   .2108758    -1.59   0.112    -.7486002    .0780799
        _Ihour_17 |   .0288887   .2090026     0.14   0.890    -.3807796    .4385571
        _Ihour_18 |  -.3039425   .2103707    -1.44   0.149    -.7162925    .1084074
        _Ihour_19 |  -.2466756   .2105984    -1.17   0.241    -.6594718    .1661206
        _Ihour_20 |  -.4573122   .2041031    -2.24   0.025    -.8573769   -.0572475
        _Ihour_21 |  -.4450298   .2002696    -2.22   0.026    -.8375805   -.0524791
        _Ihour_22 |    -.79293   .2020366    -3.92   0.000    -1.188944   -.3969158
        _Ihour_23 |  -.7684424   .2064319    -3.72   0.000    -1.173072   -.3638129
        _Ihour_24 |  -.0813992   .2125581    -0.38   0.702    -.4980367    .3352383
      _Iyear_2005 |    .535741   .4423063     1.21   0.226    -.3312284    1.402711
      _Iyear_2006 |  -.1212986   1.416216    -0.09   0.932     -2.89724    2.654643
      _Iyear_2007 |          0  (omitted)
        _Iweekd_2 |  -.1206626   .1149808    -1.05   0.294    -.3460378    .1047126
        _Iweekd_3 |  -.0254828   .1128405    -0.23   0.821    -.2466628    .1956971
        _Iweekd_4 |  -.1494791   .1122158    -1.33   0.183    -.3694345    .0704764
        _Iweekd_5 |  -.2819729    .114146    -2.47   0.014    -.5057119    -.058234
        _Iweekd_6 |   .2204855   .1186445     1.86   0.063    -.0120709    .4530418
        _Iweekd_7 |   .7361525   .1184883     6.21   0.000     .5039023    .9684028
        _Imonth_2 |   .0010803   .0589689     0.02   0.985    -.1145052    .1166659
        _Imonth_3 |  -.1934327    .116061    -1.67   0.096     -.420925    .0340597
        _Imonth_4 |  -.3126574   .1217126    -2.57   0.010    -.5512275   -.0740872
        _Imonth_5 |  -.6137348   .1765685    -3.48   0.001    -.9598285    -.267641
        _Imonth_6 |  -.4827013   .2157671    -2.24   0.025    -.9056288   -.0597739
        _Imonth_7 |   -.486083   .2405022    -2.02   0.043    -.9574941   -.0146719
        _Imonth_8 |  -.6118236   .3096258    -1.98   0.048    -1.218725   -.0049226
        _Imonth_9 |  -.5274855   .3001468    -1.76   0.079    -1.115807    .0608355
       _Imonth_10 |  -.8448898   .3773479    -2.24   0.025    -1.584534    -.105246
       _Imonth_11 |  -.2774215   .2255448    -1.23   0.219    -.7195143    .1646713
       _Imonth_12 |  -.1186517   .1477874    -0.80   0.422    -.4083314    .1710281
 _ImonXyea_2_2005 |   .1306953   .1821242     0.72   0.473    -.2262885     .487679
 _ImonXyea_2_2006 |   .0347208   .5164425     0.07   0.946     -.977564    1.047005
 _ImonXyea_2_2007 |          0  (omitted)
 _ImonXyea_3_2005 |  -.8050246   .3614581    -2.23   0.026    -1.513523   -.0965265
 _ImonXyea_3_2006 |          0  (omitted)
 _ImonXyea_3_2007 |          0  (omitted)
 _ImonXyea_4_2005 |   .8620305   .5362133     1.61   0.108    -.1890072    1.913068
 _ImonXyea_4_2006 |          0  (omitted)
 _ImonXyea_4_2007 |          0  (omitted)
 _ImonXyea_5_2005 |   1.408426   .6052033     2.33   0.020     .2221598    2.594691
 _ImonXyea_5_2006 |          0  (omitted)
 _ImonXyea_5_2007 |          0  (omitted)
 _ImonXyea_6_2005 |   1.846562   .7750758     2.38   0.017     .3273277    3.365797
 _ImonXyea_6_2006 |          0  (omitted)
 _ImonXyea_6_2007 |          0  (omitted)
 _ImonXyea_7_2005 |   1.060322   .9192999     1.15   0.249    -.7416077    2.862252
 _ImonXyea_7_2006 |          0  (omitted)
 _ImonXyea_7_2007 |          0  (omitted)
 _ImonXyea_8_2005 |  -.4288267   .8572779    -0.50   0.617    -2.109187    1.251533
 _ImonXyea_8_2006 |          0  (omitted)
 _ImonXyea_8_2007 |          0  (omitted)
 _ImonXyea_9_2005 |   .6161292   .8837269     0.70   0.486    -1.116074    2.348332
 _ImonXyea_9_2006 |          0  (omitted)
 _ImonXyea_9_2007 |          0  (omitted)
_ImonXyea_10_2005 |   .2856873   .8613972     0.33   0.740    -1.402747    1.974122
_ImonXyea_10_2006 |          0  (omitted)
_ImonXyea_10_2007 |          0  (omitted)
_ImonXyea_11_2005 |   .0243692   .8003404     0.03   0.976    -1.544387    1.593125
_ImonXyea_11_2006 |          0  (omitted)
_ImonXyea_11_2007 |          0  (omitted)
_ImonXyea_12_2005 |  -.1112849    .851323    -0.13   0.896    -1.779973    1.557403
_ImonXyea_12_2006 |          0  (omitted)
_ImonXyea_12_2007 |          0  (omitted)
            _cons |   .1950393   1.242497     0.16   0.875    -2.240393    2.630472
-----------------------------------------------------------------------------------

. estimates store spec_first1

. ivregress 2sls mg_price ($maincost = $instruments) $supplycontrols $demandcontrols $controls $basef
> e _ImonXyea*, robust first
note: _Iyear_2007 omitted because of collinearity
note: _ImonXyea_2_2007 omitted because of collinearity
note: _ImonXyea_3_2006 omitted because of collinearity
note: _ImonXyea_3_2007 omitted because of collinearity
note: _ImonXyea_4_2006 omitted because of collinearity
note: _ImonXyea_4_2007 omitted because of collinearity
note: _ImonXyea_5_2006 omitted because of collinearity
note: _ImonXyea_5_2007 omitted because of collinearity
note: _ImonXyea_6_2006 omitted because of collinearity
note: _ImonXyea_6_2007 omitted because of collinearity
note: _ImonXyea_7_2006 omitted because of collinearity
note: _ImonXyea_7_2007 omitted because of collinearity
note: _ImonXyea_8_2006 omitted because of collinearity
note: _ImonXyea_8_2007 omitted because of collinearity
note: _ImonXyea_9_2006 omitted because of collinearity
note: _ImonXyea_9_2007 omitted because of collinearity
note: _ImonXyea_10_2006 omitted because of collinearity
note: _ImonXyea_10_2007 omitted because of collinearity
note: _ImonXyea_11_2006 omitted because of collinearity
note: _ImonXyea_11_2007 omitted because of collinearity
note: _ImonXyea_12_2006 omitted because of collinearity
note: _ImonXyea_12_2007 omitted because of collinearity

First-stage regressions
-----------------------

                                                  Number of obs   =      16186
                                                  F(  63,  16122) =     695.98
                                                  Prob > F        =     0.0000
                                                  R-squared       =     0.7684
                                                  Adj R-squared   =     0.7675
                                                  Root MSE        =     3.9138

-----------------------------------------------------------------------------------
                  |               Robust
           ecost2 |      Coef.   Std. Err.      t    P>|t|     [95% Conf. Interval]
------------------+----------------------------------------------------------------
            windx |   .0531736   .1419738     0.37   0.708    -.2251109     .331458
           windx2 |   .0005618   .0099146     0.06   0.955    -.0188719    .0199954
             temp |   .0399412   .0240882     1.66   0.097    -.0072743    .0871568
            tempx |  -.0293245   .0192486    -1.52   0.128     -.067054    .0084049
            humid |  -.0046055   .0047436    -0.97   0.332    -.0139034    .0046925
             coal |  -1.296129    1.28189    -1.01   0.312    -3.808776    1.216518
              gas |  -.3675382     .08904    -4.13   0.000    -.5420665     -.19301
            brent |   .7743906   .3608686     2.15   0.032      .067048    1.481733
         _Ihour_2 |   .5533291   .2173173     2.55   0.011     .1273631    .9792952
         _Ihour_3 |   .6437337   .2173933     2.96   0.003     .2176186    1.069849
         _Ihour_4 |   .7265644   .2208584     3.29   0.001     .2936575    1.159471
         _Ihour_5 |   1.156107   .2174757     5.32   0.000     .7298305    1.582384
         _Ihour_6 |    .831661    .222026     3.75   0.000     .3964653    1.266857
         _Ihour_7 |   .9051459   .2194435     4.12   0.000     .4750123     1.33528
         _Ihour_8 |   .0433963    .218589     0.20   0.843    -.3850624     .471855
         _Ihour_9 |  -.0047964    .211534    -0.02   0.982    -.4194265    .4098338
        _Ihour_10 |  -.2195046   .2100554    -1.04   0.296    -.6312366    .1922274
        _Ihour_11 |   -.390913   .2081018    -1.88   0.060    -.7988157    .0169896
        _Ihour_12 |  -.3163574   .2050707    -1.54   0.123    -.7183186    .0856039
        _Ihour_13 |  -.3373124   .2051613    -1.64   0.100    -.7394514    .0648266
        _Ihour_14 |   -.311504   .2070673    -1.50   0.133    -.7173789    .0943708
        _Ihour_15 |  -.0810854   .2119207    -0.38   0.702    -.4964735    .3343026
        _Ihour_16 |  -.3352601   .2110199    -1.59   0.112    -.7488825    .0783622
        _Ihour_17 |   .0288887   .2091454     0.14   0.890    -.3810594    .4388369
        _Ihour_18 |  -.3039425   .2105144    -1.44   0.149    -.7165741    .1086891
        _Ihour_19 |  -.2466756   .2107422    -1.17   0.242    -.6597537    .1664025
        _Ihour_20 |  -.4573122   .2042425    -2.24   0.025    -.8576501   -.0569743
        _Ihour_21 |  -.4450298   .2004064    -2.22   0.026    -.8378486    -.052211
        _Ihour_22 |    -.79293   .2021746    -3.92   0.000    -1.189215   -.3966453
        _Ihour_23 |  -.7684424   .2065729    -3.72   0.000    -1.173348   -.3635366
        _Ihour_24 |  -.0813992   .2127033    -0.38   0.702    -.4983212    .3355228
      _Iyear_2005 |    .535741   .4426084     1.21   0.226    -.3318206    1.403303
      _Iyear_2006 |  -.1212986   1.417183    -0.09   0.932    -2.899136    2.656539
      _Iyear_2007 |          0  (omitted)
        _Iweekd_2 |  -.1206626   .1150594    -1.05   0.294    -.3461918    .1048665
        _Iweekd_3 |  -.0254828   .1129176    -0.23   0.821    -.2468138    .1958482
        _Iweekd_4 |  -.1494791   .1122925    -1.33   0.183    -.3695847    .0706266
        _Iweekd_5 |  -.2819729    .114224    -2.47   0.014    -.5058647   -.0580812
        _Iweekd_6 |   .2204855   .1187255     1.86   0.063    -.0122297    .4532007
        _Iweekd_7 |   .7361525   .1185692     6.21   0.000     .5037437    .9685614
        _Imonth_2 |   .0010803   .0590091     0.02   0.985    -.1145842    .1167448
        _Imonth_3 |  -.1934327   .1161402    -1.67   0.096    -.4210804    .0342151
        _Imonth_4 |  -.3126574   .1217957    -2.57   0.010    -.5513905   -.0739243
        _Imonth_5 |  -.6137348    .176689    -3.47   0.001    -.9600649   -.2674046
        _Imonth_6 |  -.4827013   .2159144    -2.24   0.025    -.9059176   -.0594851
        _Imonth_7 |   -.486083   .2406665    -2.02   0.043    -.9578161   -.0143499
        _Imonth_8 |  -.6118236   .3098373    -1.97   0.048    -1.219139   -.0045081
        _Imonth_9 |  -.5274855   .3003518    -1.76   0.079    -1.116208    .0612374
       _Imonth_10 |  -.8448898   .3776056    -2.24   0.025    -1.585039   -.1047408
       _Imonth_11 |  -.2774215   .2256988    -1.23   0.219    -.7198162    .1649733
       _Imonth_12 |  -.1186517   .1478884    -0.80   0.422    -.4085293     .171226
 _ImonXyea_2_2005 |   .1306953   .1822486     0.72   0.473    -.2265323    .4879229
 _ImonXyea_2_2006 |   .0347208   .5167952     0.07   0.946    -.9782554    1.047697
 _ImonXyea_2_2007 |          0  (omitted)
 _ImonXyea_3_2005 |  -.8050246    .361705    -2.23   0.026    -1.514007   -.0960426
 _ImonXyea_3_2006 |          0  (omitted)
 _ImonXyea_3_2007 |          0  (omitted)
 _ImonXyea_4_2005 |   .8620305   .5365795     1.61   0.108    -.1897251    1.913786
 _ImonXyea_4_2006 |          0  (omitted)
 _ImonXyea_4_2007 |          0  (omitted)
 _ImonXyea_5_2005 |   1.408426   .6056166     2.33   0.020     .2213496    2.595501
 _ImonXyea_5_2006 |          0  (omitted)
 _ImonXyea_5_2007 |          0  (omitted)
 _ImonXyea_6_2005 |   1.846562   .7756052     2.38   0.017       .32629    3.366835
 _ImonXyea_6_2006 |          0  (omitted)
 _ImonXyea_6_2007 |          0  (omitted)
 _ImonXyea_7_2005 |   1.060322   .9199278     1.15   0.249    -.7428384    2.863483
 _ImonXyea_7_2006 |          0  (omitted)
 _ImonXyea_7_2007 |          0  (omitted)
 _ImonXyea_8_2005 |  -.4288267   .8578634    -0.50   0.617    -2.110334    1.252681
 _ImonXyea_8_2006 |          0  (omitted)
 _ImonXyea_8_2007 |          0  (omitted)
 _ImonXyea_9_2005 |   .6161292   .8843304     0.70   0.486    -1.117257    2.349515
 _ImonXyea_9_2006 |          0  (omitted)
 _ImonXyea_9_2007 |          0  (omitted)
_ImonXyea_10_2005 |   .2856873   .8619856     0.33   0.740      -1.4039    1.975275
_ImonXyea_10_2006 |          0  (omitted)
_ImonXyea_10_2007 |          0  (omitted)
_ImonXyea_11_2005 |   .0243692    .800887     0.03   0.976    -1.545458    1.594197
_ImonXyea_11_2006 |          0  (omitted)
_ImonXyea_11_2007 |          0  (omitted)
_ImonXyea_12_2005 |  -.1112849   .8519044    -0.13   0.896    -1.781112    1.558542
_ImonXyea_12_2006 |          0  (omitted)
_ImonXyea_12_2007 |          0  (omitted)
           eprice |   .5881898   .0526771    11.17   0.000     .4849367    .6914428
            _cons |   .1950393   1.243346     0.16   0.875    -2.242056    2.632135
-----------------------------------------------------------------------------------


Instrumental variables (2SLS) regression               Number of obs =   16186
                                                       Wald chi2(63) =28822.48
                                                       Prob > chi2   =  0.0000
                                                       R-squared     =  0.6737
                                                       Root MSE      =  9.9834

-----------------------------------------------------------------------------------
                  |               Robust
         mg_price |      Coef.   Std. Err.      z    P>|z|     [95% Conf. Interval]
------------------+----------------------------------------------------------------
           ecost2 |   .8624785   .1805521     4.78   0.000     .5086028    1.216354
            windx |  -2.085983   .3540122    -5.89   0.000    -2.779834   -1.392132
           windx2 |   .0545788   .0247813     2.20   0.028     .0060083    .1031493
             temp |   -.231168   .0599389    -3.86   0.000    -.3486462   -.1136899
            tempx |   .1371334   .0496339     2.76   0.006     .0398529     .234414
            humid |   .0188746   .0124341     1.52   0.129    -.0054959     .043245
             coal |   57.47663   4.035357    14.24   0.000     49.56747    65.38578
              gas |   5.638236   .4066459    13.87   0.000     4.841225    6.435248
            brent |  -2.896269    .881457    -3.29   0.001    -4.623893   -1.168645
         _Ihour_2 |  -5.304871   .5021357   -10.56   0.000    -6.289039   -4.320703
         _Ihour_3 |  -8.288395   .4972647   -16.67   0.000    -9.263016   -7.313774
         _Ihour_4 |  -9.812243   .5057944   -19.40   0.000    -10.80358   -8.820905
         _Ihour_5 |  -11.41141   .5297544   -21.54   0.000    -12.44971   -10.37311
         _Ihour_6 |   -11.1214    .507214   -21.93   0.000    -12.11552   -10.12727
         _Ihour_7 |  -8.589345   .5047302   -17.02   0.000    -9.578598   -7.600092
         _Ihour_8 |  -3.301203   .5070393    -6.51   0.000    -4.294981   -2.307424
         _Ihour_9 |  -.2494082   .5525197    -0.45   0.652    -1.332327    .8335105
        _Ihour_10 |   3.936708   .5697967     6.91   0.000     2.819927    5.053489
        _Ihour_11 |    6.79928   .5945942    11.44   0.000     5.633897    7.964663
        _Ihour_12 |   8.096201   .5957316    13.59   0.000     6.928589    9.263814
        _Ihour_13 |   8.899083   .6027265    14.76   0.000     7.717761    10.08041
        _Ihour_14 |   7.543337   .5898744    12.79   0.000     6.387205     8.69947
        _Ihour_15 |   4.172355   .5479905     7.61   0.000     3.098313    5.246397
        _Ihour_16 |   3.660542   .5503604     6.65   0.000     2.581856    4.739229
        _Ihour_17 |   2.847501   .5482122     5.19   0.000     1.773025    3.921977
        _Ihour_18 |   4.900546   .5997989     8.17   0.000     3.724962     6.07613
        _Ihour_19 |   6.671932   .5976648    11.16   0.000      5.50053    7.843333
        _Ihour_20 |   8.507286   .6041768    14.08   0.000     7.323121     9.69145
        _Ihour_21 |   8.330008   .5961503    13.97   0.000     7.161575    9.498441
        _Ihour_22 |   10.48672   .6178415    16.97   0.000     9.275778    11.69767
        _Ihour_23 |   6.695432   .5582861    11.99   0.000     5.601212    7.789653
        _Ihour_24 |   2.030732    .539734     3.76   0.000     .9728732    3.088591
      _Iyear_2005 |   10.67778   1.213412     8.80   0.000     8.299538    13.05603
      _Iyear_2006 |   24.72796   3.322825     7.44   0.000     18.21535    31.24058
      _Iyear_2007 |          0  (omitted)
        _Iweekd_2 |   .5937323   .3025374     1.96   0.050     .0007699    1.186695
        _Iweekd_3 |   1.406853   .3111427     4.52   0.000     .7970247    2.016682
        _Iweekd_4 |   1.275679   .3154613     4.04   0.000     .6573862    1.893972
        _Iweekd_5 |    .149632   .2993102     0.50   0.617    -.4370053    .7362693
        _Iweekd_6 |  -3.972073   .2944292   -13.49   0.000    -4.549144   -3.395002
        _Iweekd_7 |  -8.982923   .3307832   -27.16   0.000    -9.631246     -8.3346
        _Imonth_2 |  -.8064731   .4507043    -1.79   0.074    -1.689837    .0768912
        _Imonth_3 |   3.409975   .5107955     6.68   0.000     2.408834    4.411116
        _Imonth_4 |  -1.285092   .5226236    -2.46   0.014    -2.309415   -.2607682
        _Imonth_5 |   1.539381   .6325085     2.43   0.015     .2996872    2.779075
        _Imonth_6 |   2.766097   .7378897     3.75   0.000      1.31986    4.212334
        _Imonth_7 |   .2522182   .8518795     0.30   0.767    -1.417435    1.921871
        _Imonth_8 |  -4.012233   1.026018    -3.91   0.000     -6.02319   -2.001275
        _Imonth_9 |   2.557313    .991765     2.58   0.010     .6134889    4.501136
       _Imonth_10 |   2.965453   1.087877     2.73   0.006     .8332535    5.097652
       _Imonth_11 |   3.212567   .6820164     4.71   0.000     1.875839    4.549294
       _Imonth_12 |   6.431899   .5722605    11.24   0.000      5.31029    7.553509
 _ImonXyea_2_2005 |   4.546145   .8705393     5.22   0.000      2.83992    6.252371
 _ImonXyea_2_2006 |  -.4370352   1.146533    -0.38   0.703    -2.684199    1.810128
 _ImonXyea_2_2007 |          0  (omitted)
 _ImonXyea_3_2005 |   4.096628   1.267341     3.23   0.001     1.612686    6.580571
 _ImonXyea_3_2006 |          0  (omitted)
 _ImonXyea_3_2007 |          0  (omitted)
 _ImonXyea_4_2005 |    4.17125    1.47759     2.82   0.005     1.275226    7.067274
 _ImonXyea_4_2006 |          0  (omitted)
 _ImonXyea_4_2007 |          0  (omitted)
 _ImonXyea_5_2005 |  -1.802477   1.615021    -1.12   0.264    -4.967859    1.362905
 _ImonXyea_5_2006 |          0  (omitted)
 _ImonXyea_5_2007 |          0  (omitted)
 _ImonXyea_6_2005 |   6.502293   2.066723     3.15   0.002     2.451591      10.553
 _ImonXyea_6_2006 |          0  (omitted)
 _ImonXyea_6_2007 |          0  (omitted)
 _ImonXyea_7_2005 |   10.27678   2.277279     4.51   0.000     5.813396    14.74017
 _ImonXyea_7_2006 |          0  (omitted)
 _ImonXyea_7_2007 |          0  (omitted)
 _ImonXyea_8_2005 |   8.464024    1.94444     4.35   0.000     4.652991    12.27506
 _ImonXyea_8_2006 |          0  (omitted)
 _ImonXyea_8_2007 |          0  (omitted)
 _ImonXyea_9_2005 |   7.922153   2.215568     3.58   0.000     3.579719    12.26459
 _ImonXyea_9_2006 |          0  (omitted)
 _ImonXyea_9_2007 |          0  (omitted)
_ImonXyea_10_2005 |   3.971515   2.024437     1.96   0.050     .0036907     7.93934
_ImonXyea_10_2006 |          0  (omitted)
_ImonXyea_10_2007 |          0  (omitted)
_ImonXyea_11_2005 |   6.703185    1.88031     3.56   0.000     3.017844    10.38853
_ImonXyea_11_2006 |          0  (omitted)
_ImonXyea_11_2007 |          0  (omitted)
_ImonXyea_12_2005 |   10.81612     2.0752     5.21   0.000     6.748803    14.88344
_ImonXyea_12_2006 |          0  (omitted)
_ImonXyea_12_2007 |          0  (omitted)
            _cons |  -9.292539   3.581971    -2.59   0.009    -16.31307   -2.272004
-----------------------------------------------------------------------------------
Instrumented:  ecost2
Instruments:   windx windx2 temp tempx humid coal gas brent _Ihour_2 _Ihour_3
               _Ihour_4 _Ihour_5 _Ihour_6 _Ihour_7 _Ihour_8 _Ihour_9 _Ihour_10
               _Ihour_11 _Ihour_12 _Ihour_13 _Ihour_14 _Ihour_15 _Ihour_16
               _Ihour_17 _Ihour_18 _Ihour_19 _Ihour_20 _Ihour_21 _Ihour_22
               _Ihour_23 _Ihour_24 _Iyear_2005 _Iyear_2006 _Iweekd_2 _Iweekd_3
               _Iweekd_4 _Iweekd_5 _Iweekd_6 _Iweekd_7 _Imonth_2 _Imonth_3
               _Imonth_4 _Imonth_5 _Imonth_6 _Imonth_7 _Imonth_8 _Imonth_9
               _Imonth_10 _Imonth_11 _Imonth_12 _ImonXyea_2_2005 _ImonXyea_2_2006
               _ImonXyea_3_2005 _ImonXyea_4_2005 _ImonXyea_5_2005
               _ImonXyea_6_2005 _ImonXyea_7_2005 _ImonXyea_8_2005
               _ImonXyea_9_2005 _ImonXyea_10_2005 _ImonXyea_11_2005
               _ImonXyea_12_2005 eprice

. estimates store spec1

. estat firststage

  First-stage regression summary statistics
  --------------------------------------------------------------------------
               |            Adjusted      Partial       Robust
      Variable |   R-sq.       R-sq.        R-sq.    F(1,16122)   Prob > F
  -------------+------------------------------------------------------------
        ecost2 |  0.7684      0.7675       0.0197       124.849    0.0000
  --------------------------------------------------------------------------


. mat ftest1 = r(singleresults)

.         
. *(3) - MONTHxTEMP
. regress $maincost $instruments $supplycontrols $demandcontrols $controls $basefe _ImonXyea* _ImonXt
> em*, robust
note: _Iyear_2007 omitted because of collinearity
note: _ImonXyea_2_2007 omitted because of collinearity
note: _ImonXyea_3_2006 omitted because of collinearity
note: _ImonXyea_3_2007 omitted because of collinearity
note: _ImonXyea_4_2006 omitted because of collinearity
note: _ImonXyea_4_2007 omitted because of collinearity
note: _ImonXyea_5_2006 omitted because of collinearity
note: _ImonXyea_5_2007 omitted because of collinearity
note: _ImonXyea_6_2006 omitted because of collinearity
note: _ImonXyea_6_2007 omitted because of collinearity
note: _ImonXyea_7_2006 omitted because of collinearity
note: _ImonXyea_7_2007 omitted because of collinearity
note: _ImonXyea_8_2006 omitted because of collinearity
note: _ImonXyea_8_2007 omitted because of collinearity
note: _ImonXyea_9_2006 omitted because of collinearity
note: _ImonXyea_9_2007 omitted because of collinearity
note: _ImonXyea_10_2006 omitted because of collinearity
note: _ImonXyea_10_2007 omitted because of collinearity
note: _ImonXyea_11_2006 omitted because of collinearity
note: _ImonXyea_11_2007 omitted because of collinearity
note: _ImonXyea_12_2006 omitted because of collinearity
note: _ImonXyea_12_2007 omitted because of collinearity

Linear regression                                      Number of obs =   16186
                                                       F( 85, 16100) =  525.53
                                                       Prob > F      =  0.0000
                                                       R-squared     =  0.7697
                                                       Root MSE      =  3.9057

-----------------------------------------------------------------------------------
                  |               Robust
           ecost2 |      Coef.   Std. Err.      t    P>|t|     [95% Conf. Interval]
------------------+----------------------------------------------------------------
           eprice |   .5765723    .053994    10.68   0.000     .4707381    .6824065
            windx |  -.0517858   .1519037    -0.34   0.733     -.349534    .2459623
           windx2 |     .00789   .0104447     0.76   0.450    -.0125828    .0283628
             temp |   .0617354   .0511686     1.21   0.228    -.0385608    .1620316
            tempx |   .0387403   .0537346     0.72   0.471    -.0665855    .1440661
            humid |  -.0107817   .0057339    -1.88   0.060    -.0220208    .0004575
             coal |  -3.102254   1.568395    -1.98   0.048    -6.176482   -.0280256
              gas |  -.3537492   .0961753    -3.68   0.000    -.5422634   -.1652349
            brent |   .8778718   .4005924     2.19   0.028     .0926662    1.663077
         _Ihour_2 |    .557833   .2173486     2.57   0.010     .1318055    .9838604
         _Ihour_3 |    .647969   .2170972     2.98   0.003     .2224343    1.073504
         _Ihour_4 |   .7292151   .2210167     3.30   0.001     .2959978    1.162432
         _Ihour_5 |       1.16   .2173506     5.34   0.000     .7339691    1.586032
         _Ihour_6 |   .8353832   .2219686     3.76   0.000        .4003    1.270466
         _Ihour_7 |   .9089358   .2193295     4.14   0.000     .4790255    1.338846
         _Ihour_8 |   .0496428   .2184857     0.23   0.820    -.3786134     .477899
         _Ihour_9 |   .0028824   .2111361     0.01   0.989    -.4109678    .4167326
        _Ihour_10 |  -.2167057   .2100189    -1.03   0.302    -.6283662    .1949548
        _Ihour_11 |  -.3899475    .208423    -1.87   0.061    -.7984798    .0185847
        _Ihour_12 |  -.3218354   .2052596    -1.57   0.117    -.7241671    .0804963
        _Ihour_13 |  -.3408317   .2050036    -1.66   0.096    -.7426615    .0609982
        _Ihour_14 |   -.308095   .2067266    -1.49   0.136    -.7133021    .0971121
        _Ihour_15 |  -.0766601   .2115641    -0.36   0.717    -.4913492     .338029
        _Ihour_16 |  -.3324058   .2101711    -1.58   0.114    -.7443646     .079553
        _Ihour_17 |   .0346726   .2084732     0.17   0.868     -.373958    .4433032
        _Ihour_18 |  -.3047987   .2100789    -1.45   0.147    -.7165769    .1069794
        _Ihour_19 |  -.2463778   .2101896    -1.17   0.241    -.6583728    .1656173
        _Ihour_20 |   -.458218   .2040584    -2.25   0.025    -.8581952   -.0582407
        _Ihour_21 |  -.4417774   .1998365    -2.21   0.027    -.8334791   -.0500756
        _Ihour_22 |  -.7937278   .2019359    -3.93   0.000    -1.189545    -.397911
        _Ihour_23 |  -.7666293   .2066556    -3.71   0.000    -1.171697   -.3615614
        _Ihour_24 |  -.0723197   .2124865    -0.34   0.734    -.4888169    .3441774
      _Iyear_2005 |   .7415187   .4680331     1.58   0.113    -.1758783    1.658916
      _Iyear_2006 |   .0692235   1.441434     0.05   0.962    -2.756149    2.894596
      _Iyear_2007 |          0  (omitted)
        _Iweekd_2 |  -.1447338   .1154533    -1.25   0.210    -.3710351    .0815676
        _Iweekd_3 |  -.0568399   .1143401    -0.50   0.619    -.2809592    .1672794
        _Iweekd_4 |  -.1497256   .1140809    -1.31   0.189    -.3733369    .0738857
        _Iweekd_5 |  -.3168734   .1162661    -2.73   0.006    -.5447679   -.0889789
        _Iweekd_6 |   .1821514   .1198572     1.52   0.129     -.052782    .4170848
        _Iweekd_7 |   .7025351   .1180015     5.95   0.000     .4712389    .9338312
        _Imonth_2 |   2.892747   1.299419     2.23   0.026      .345741    5.439753
        _Imonth_3 |   2.039726   .9069738     2.25   0.025     .2619565    3.817496
        _Imonth_4 |  -.4542172   .9539907    -0.48   0.634    -2.324145    1.415711
        _Imonth_5 |  -.7599156   1.056723    -0.72   0.472     -2.83121    1.311379
        _Imonth_6 |   1.779296   1.353273     1.31   0.189    -.8732694    4.431861
        _Imonth_7 |  -.3976289   1.378462    -0.29   0.773    -3.099568    2.304311
        _Imonth_8 |   2.475945    2.08315     1.19   0.235    -1.607262    6.559151
        _Imonth_9 |   9.537654   1.877631     5.08   0.000     5.857288    13.21802
       _Imonth_10 |    .636029   1.039906     0.61   0.541    -1.402302     2.67436
       _Imonth_11 |   -.069625    1.36296    -0.05   0.959    -2.741179    2.601929
       _Imonth_12 |  -1.624591   1.377777    -1.18   0.238    -4.325187    1.076005
 _ImonXyea_2_2005 |  -.3831639   .2933499    -1.31   0.192    -.9581624    .1918346
 _ImonXyea_2_2006 |  -.2359178   .5344484    -0.44   0.659    -1.283496    .8116605
 _ImonXyea_2_2007 |          0  (omitted)
 _ImonXyea_3_2005 |  -1.233484   .3905702    -3.16   0.002    -1.999046   -.4679232
 _ImonXyea_3_2006 |          0  (omitted)
 _ImonXyea_3_2007 |          0  (omitted)
 _ImonXyea_4_2005 |   .3776293   .5760169     0.66   0.512    -.7514279    1.506686
 _ImonXyea_4_2006 |          0  (omitted)
 _ImonXyea_4_2007 |          0  (omitted)
 _ImonXyea_5_2005 |   .8691345   .6556472     1.33   0.185     -.416007    2.154276
 _ImonXyea_5_2006 |          0  (omitted)
 _ImonXyea_5_2007 |          0  (omitted)
 _ImonXyea_6_2005 |   1.682006   .8108878     2.07   0.038      .092576    3.271437
 _ImonXyea_6_2006 |          0  (omitted)
 _ImonXyea_6_2007 |          0  (omitted)
 _ImonXyea_7_2005 |   .8098841   .9649139     0.84   0.401    -1.081454    2.701223
 _ImonXyea_7_2006 |          0  (omitted)
 _ImonXyea_7_2007 |          0  (omitted)
 _ImonXyea_8_2005 |  -.8013198   .9127283    -0.88   0.380    -2.590369    .9877293
 _ImonXyea_8_2006 |          0  (omitted)
 _ImonXyea_8_2007 |          0  (omitted)
 _ImonXyea_9_2005 |  -.4329062   .9586676    -0.45   0.652    -2.312001    1.446189
 _ImonXyea_9_2006 |          0  (omitted)
 _ImonXyea_9_2007 |          0  (omitted)
_ImonXyea_10_2005 |  -.0469966   .9176458    -0.05   0.959    -1.845685    1.751691
_ImonXyea_10_2006 |          0  (omitted)
_ImonXyea_10_2007 |          0  (omitted)
_ImonXyea_11_2005 |  -.1059485   .8423374    -0.13   0.900    -1.757024    1.545127
_ImonXyea_11_2006 |          0  (omitted)
_ImonXyea_11_2007 |          0  (omitted)
_ImonXyea_12_2005 |  -.4762547   .8899176    -0.54   0.593    -2.220592    1.268083
_ImonXyea_12_2006 |          0  (omitted)
_ImonXyea_12_2007 |          0  (omitted)
     _ImonXtemp_2 |  -.0670647   .1274946    -0.53   0.599    -.3169683    .1828389
     _ImonXtemp_3 |   .0685819   .0667965     1.03   0.305    -.0623468    .1995105
     _ImonXtemp_4 |   .0452197   .0857303     0.53   0.598    -.1228213    .2132607
     _ImonXtemp_5 |  -.2374316   .0978051    -2.43   0.015    -.4291405   -.0457227
     _ImonXtemp_6 |   .4199047    .147861     2.84   0.005     .1300807    .7097288
     _ImonXtemp_7 |  -.0520302   .1140195    -0.46   0.648    -.2755212    .1714608
     _ImonXtemp_8 |  -.1694213   .0948191    -1.79   0.074    -.3552773    .0164346
     _ImonXtemp_9 |   .0729386   .0929971     0.78   0.433    -.1093461    .2552233
    _ImonXtemp_10 |   -.031365   .1053924    -0.30   0.766    -.2379458    .1752158
    _ImonXtemp_11 |  -.0643036   .0628533    -1.02   0.306    -.1875031    .0588959
    _ImonXtemp_12 |    -.05424   .0954117    -0.57   0.570    -.2412576    .1327777
     _ImonXtempa2 |  -.1308729   .0984031    -1.33   0.184    -.3237538    .0620081
     _ImonXtempa3 |  -.1444491   .0663231    -2.18   0.029    -.2744497   -.0144485
     _ImonXtempa4 |  -.0311442   .0709124    -0.44   0.661    -.1701404     .107852
     _ImonXtempa5 |   .1201826   .0904287     1.33   0.184    -.0570677    .2974329
     _ImonXtempa6 |  -.3794993   .0990118    -3.83   0.000    -.5735734   -.1854252
     _ImonXtempa7 |  -.0113188   .0927559    -0.12   0.903    -.1931306    .1704931
     _ImonXtempa8 |   -.019144   .0760542    -0.25   0.801    -.1682188    .1299308
     _ImonXtempa9 |  -.3824904    .080175    -4.77   0.000    -.5396422   -.2253385
    _ImonXtempa10 |  -.0626392    .076419    -0.82   0.412    -.2124289    .0871505
    _ImonXtempa11 |   .0054669   .0777993     0.07   0.944    -.1470284    .1579622
    _ImonXtempa12 |   .1154217   .0991787     1.16   0.245    -.0789795    .3098229
            _cons |   .6607958   1.528587     0.43   0.666    -2.335405    3.656996
-----------------------------------------------------------------------------------

. estimates store spec_first2

. ivregress 2sls mg_price ($maincost = $instruments) $supplycontrols $demandcontrols $controls $basef
> e _ImonXyea* _ImonXtem*, robust first
note: _Iyear_2007 omitted because of collinearity
note: _ImonXyea_2_2007 omitted because of collinearity
note: _ImonXyea_3_2006 omitted because of collinearity
note: _ImonXyea_3_2007 omitted because of collinearity
note: _ImonXyea_4_2006 omitted because of collinearity
note: _ImonXyea_4_2007 omitted because of collinearity
note: _ImonXyea_5_2006 omitted because of collinearity
note: _ImonXyea_5_2007 omitted because of collinearity
note: _ImonXyea_6_2006 omitted because of collinearity
note: _ImonXyea_6_2007 omitted because of collinearity
note: _ImonXyea_7_2006 omitted because of collinearity
note: _ImonXyea_7_2007 omitted because of collinearity
note: _ImonXyea_8_2006 omitted because of collinearity
note: _ImonXyea_8_2007 omitted because of collinearity
note: _ImonXyea_9_2006 omitted because of collinearity
note: _ImonXyea_9_2007 omitted because of collinearity
note: _ImonXyea_10_2006 omitted because of collinearity
note: _ImonXyea_10_2007 omitted because of collinearity
note: _ImonXyea_11_2006 omitted because of collinearity
note: _ImonXyea_11_2007 omitted because of collinearity
note: _ImonXyea_12_2006 omitted because of collinearity
note: _ImonXyea_12_2007 omitted because of collinearity

First-stage regressions
-----------------------

                                                  Number of obs   =      16186
                                                  F(  85,  16100) =     524.81
                                                  Prob > F        =     0.0000
                                                  R-squared       =     0.7697
                                                  Adj R-squared   =     0.7685
                                                  Root MSE        =     3.9057

-----------------------------------------------------------------------------------
                  |               Robust
           ecost2 |      Coef.   Std. Err.      t    P>|t|     [95% Conf. Interval]
------------------+----------------------------------------------------------------
            windx |  -.0517858   .1520076    -0.34   0.733    -.3497376    .2461659
           windx2 |     .00789   .0104519     0.75   0.450    -.0125968    .0283768
             temp |   .0617354   .0512036     1.21   0.228    -.0386294    .1621002
            tempx |   .0387403   .0537714     0.72   0.471    -.0666576    .1441382
            humid |  -.0107817   .0057379    -1.88   0.060    -.0220285    .0004652
             coal |  -3.102254   1.569467    -1.98   0.048    -6.178585   -.0259231
              gas |  -.3537492    .096241    -3.68   0.000    -.5423923    -.165106
            brent |   .8778718   .4008663     2.19   0.029     .0921291    1.663614
         _Ihour_2 |    .557833   .2174972     2.56   0.010     .1315142    .9841518
         _Ihour_3 |    .647969   .2172457     2.98   0.003     .2221432    1.073795
         _Ihour_4 |   .7292151   .2211678     3.30   0.001     .2957015    1.162729
         _Ihour_5 |       1.16   .2174992     5.33   0.000     .7336777    1.586323
         _Ihour_6 |   .8353832   .2221204     3.76   0.000     .4000025    1.270764
         _Ihour_7 |   .9089358   .2194795     4.14   0.000     .4787315     1.33914
         _Ihour_8 |   .0496428   .2186351     0.23   0.820    -.3789063    .4781919
         _Ihour_9 |   .0028824   .2112805     0.01   0.989    -.4112508    .4170157
        _Ihour_10 |  -.2167057   .2101626    -1.03   0.302    -.6286478    .1952364
        _Ihour_11 |  -.3899475   .2085655    -1.87   0.062    -.7987592    .0188641
        _Ihour_12 |  -.3218354      .2054    -1.57   0.117    -.7244422    .0807715
        _Ihour_13 |  -.3408317   .2051438    -1.66   0.097    -.7429363     .061273
        _Ihour_14 |   -.308095    .206868    -1.49   0.136    -.7135792    .0973892
        _Ihour_15 |  -.0766601   .2117087    -0.36   0.717    -.4916328    .3383126
        _Ihour_16 |  -.3324058   .2103149    -1.58   0.114    -.7446463    .0798348
        _Ihour_17 |   .0346726   .2086157     0.17   0.868    -.3742375    .4435827
        _Ihour_18 |  -.3047987   .2102226    -1.45   0.147    -.7168585     .107261
        _Ihour_19 |  -.2463778   .2103334    -1.17   0.241    -.6586546     .165899
        _Ihour_20 |   -.458218    .204198    -2.24   0.025    -.8584688   -.0579672
        _Ihour_21 |  -.4417774   .1999731    -2.21   0.027     -.833747   -.0498077
        _Ihour_22 |  -.7937278    .202074    -3.93   0.000    -1.189815   -.3976403
        _Ihour_23 |  -.7666293   .2067969    -3.71   0.000    -1.171974   -.3612843
        _Ihour_24 |  -.0723197   .2126318    -0.34   0.734    -.4891018    .3444623
      _Iyear_2005 |   .7415187   .4683532     1.58   0.113    -.1765057    1.659543
      _Iyear_2006 |   .0692235    1.44242     0.05   0.962    -2.758081    2.896528
      _Iyear_2007 |          0  (omitted)
        _Iweekd_2 |  -.1447338   .1155323    -1.25   0.210    -.3711899    .0817224
        _Iweekd_3 |  -.0568399   .1144183    -0.50   0.619    -.2811125    .1674327
        _Iweekd_4 |  -.1497256   .1141589    -1.31   0.190    -.3734898    .0740386
        _Iweekd_5 |  -.3168734   .1163456    -2.72   0.006    -.5449237   -.0888231
        _Iweekd_6 |   .1821514   .1199392     1.52   0.129    -.0529427    .4172455
        _Iweekd_7 |   .7025351   .1180822     5.95   0.000     .4710807    .9339894
        _Imonth_2 |   2.892747   1.300308     2.22   0.026     .3439991    5.441495
        _Imonth_3 |   2.039726   .9075941     2.25   0.025     .2607406    3.818712
        _Imonth_4 |  -.4542172   .9546431    -0.48   0.634    -2.325424     1.41699
        _Imonth_5 |  -.7599156   1.057446    -0.72   0.472    -2.832627    1.312796
        _Imonth_6 |   1.779296   1.354198     1.31   0.189    -.8750836    4.433675
        _Imonth_7 |  -.3976289   1.379405    -0.29   0.773    -3.101416    2.306158
        _Imonth_8 |   2.475945   2.084575     1.19   0.235    -1.610054    6.561944
        _Imonth_9 |   9.537654   1.878915     5.08   0.000     5.854771    13.22054
       _Imonth_10 |    .636029   1.040617     0.61   0.541    -1.403696    2.675754
       _Imonth_11 |   -.069625   1.363892    -0.05   0.959    -2.743006    2.603756
       _Imonth_12 |  -1.624591   1.378719    -1.18   0.239    -4.327034    1.077852
 _ImonXyea_2_2005 |  -.3831639   .2935505    -1.31   0.192    -.9585556    .1922279
 _ImonXyea_2_2006 |  -.2359178   .5348139    -0.44   0.659    -1.284213     .812377
 _ImonXyea_2_2007 |          0  (omitted)
 _ImonXyea_3_2005 |  -1.233484   .3908374    -3.16   0.002    -1.999569   -.4673996
 _ImonXyea_3_2006 |          0  (omitted)
 _ImonXyea_3_2007 |          0  (omitted)
 _ImonXyea_4_2005 |   .3776293   .5764108     0.66   0.512    -.7522001    1.507459
 _ImonXyea_4_2006 |          0  (omitted)
 _ImonXyea_4_2007 |          0  (omitted)
 _ImonXyea_5_2005 |   .8691345   .6560956     1.32   0.185     -.416886    2.155155
 _ImonXyea_5_2006 |          0  (omitted)
 _ImonXyea_5_2007 |          0  (omitted)
 _ImonXyea_6_2005 |   1.682006   .8114424     2.07   0.038      .091489    3.272524
 _ImonXyea_6_2006 |          0  (omitted)
 _ImonXyea_6_2007 |          0  (omitted)
 _ImonXyea_7_2005 |   .8098841   .9655738     0.84   0.402    -1.082748    2.702516
 _ImonXyea_7_2006 |          0  (omitted)
 _ImonXyea_7_2007 |          0  (omitted)
 _ImonXyea_8_2005 |  -.8013198   .9133526    -0.88   0.380    -2.591592    .9889529
 _ImonXyea_8_2006 |          0  (omitted)
 _ImonXyea_8_2007 |          0  (omitted)
 _ImonXyea_9_2005 |  -.4329062   .9593233    -0.45   0.652    -2.313287    1.447474
 _ImonXyea_9_2006 |          0  (omitted)
 _ImonXyea_9_2007 |          0  (omitted)
_ImonXyea_10_2005 |  -.0469966   .9182734    -0.05   0.959    -1.846915    1.752922
_ImonXyea_10_2006 |          0  (omitted)
_ImonXyea_10_2007 |          0  (omitted)
_ImonXyea_11_2005 |  -.1059485   .8429135    -0.13   0.900    -1.758153    1.546256
_ImonXyea_11_2006 |          0  (omitted)
_ImonXyea_11_2007 |          0  (omitted)
_ImonXyea_12_2005 |  -.4762547   .8905262    -0.53   0.593    -2.221785    1.269276
_ImonXyea_12_2006 |          0  (omitted)
_ImonXyea_12_2007 |          0  (omitted)
     _ImonXtemp_2 |  -.0670647   .1275818    -0.53   0.599    -.3171392    .1830098
     _ImonXtemp_3 |   .0685819   .0668422     1.03   0.305    -.0624363       .1996
     _ImonXtemp_4 |   .0452197   .0857889     0.53   0.598    -.1229362    .2133756
     _ImonXtemp_5 |  -.2374316    .097872    -2.43   0.015    -.4292716   -.0455916
     _ImonXtemp_6 |   .4199047   .1479621     2.84   0.005     .1298825     .709927
     _ImonXtemp_7 |  -.0520302   .1140975    -0.46   0.648     -.275674    .1716136
     _ImonXtemp_8 |  -.1694213   .0948839    -1.79   0.074    -.3554045    .0165618
     _ImonXtemp_9 |   .0729386   .0930607     0.78   0.433    -.1094708     .255348
    _ImonXtemp_10 |   -.031365   .1054644    -0.30   0.766    -.2380871    .1753571
    _ImonXtemp_11 |  -.0643036   .0628963    -1.02   0.307    -.1875874    .0589801
    _ImonXtemp_12 |    -.05424    .095477    -0.57   0.570    -.2413855    .1329056
     _ImonXtempa2 |  -.1308729   .0984704    -1.33   0.184    -.3238858      .06214
     _ImonXtempa3 |  -.1444491   .0663684    -2.18   0.030    -.2745386   -.0143596
     _ImonXtempa4 |  -.0311442   .0709609    -0.44   0.661    -.1702355    .1079471
     _ImonXtempa5 |   .1201826   .0904906     1.33   0.184     -.057189    .2975541
     _ImonXtempa6 |  -.3794993   .0990795    -3.83   0.000    -.5737061   -.1852924
     _ImonXtempa7 |  -.0113188   .0928193    -0.12   0.903     -.193255    .1706175
     _ImonXtempa8 |   -.019144   .0761063    -0.25   0.801    -.1683207    .1300327
     _ImonXtempa9 |  -.3824904   .0802298    -4.77   0.000    -.5397497    -.225231
    _ImonXtempa10 |  -.0626392   .0764712    -0.82   0.413    -.2125314     .087253
    _ImonXtempa11 |   .0054669   .0778525     0.07   0.944    -.1471327    .1580665
    _ImonXtempa12 |   .1154217   .0992465     1.16   0.245    -.0791125    .3099559
           eprice |   .5765723   .0540309    10.67   0.000     .4706657    .6824789
            _cons |   .6607958   1.529632     0.43   0.666    -2.337454    3.659045
-----------------------------------------------------------------------------------


Instrumental variables (2SLS) regression               Number of obs =   16186
                                                       Wald chi2(85) =30883.61
                                                       Prob > chi2   =  0.0000
                                                       R-squared     =  0.6892
                                                       Root MSE      =  9.7427

-----------------------------------------------------------------------------------
                  |               Robust
         mg_price |      Coef.   Std. Err.      z    P>|z|     [95% Conf. Interval]
------------------+----------------------------------------------------------------
           ecost2 |   .8600097   .1817079     4.73   0.000     .5038688    1.216151
            windx |  -2.170941   .3609852    -6.01   0.000    -2.878459   -1.463422
           windx2 |   .0661996   .0251175     2.64   0.008     .0169702     .115429
             temp |   .7154344    .149188     4.80   0.000     .4230313    1.007838
            tempx |  -.9827289   .1618636    -6.07   0.000    -1.299976    -.665482
            humid |   .0952536   .0144638     6.59   0.000      .066905    .1236021
             coal |   45.54788   4.363749    10.44   0.000     36.99509    54.10067
              gas |   3.589096   .4046708     8.87   0.000     2.795956    4.382237
            brent |  -1.685464   .9849143    -1.71   0.087     -3.61586     .244933
         _Ihour_2 |  -5.323127   .4973464   -10.70   0.000    -6.297908   -4.348346
         _Ihour_3 |  -8.341594   .4939021   -16.89   0.000    -9.309625   -7.373564
         _Ihour_4 |   -9.82142   .5031934   -19.52   0.000    -10.80766   -8.835179
         _Ihour_5 |  -11.42543   .5287452   -21.61   0.000    -12.46175   -10.38911
         _Ihour_6 |  -11.16754   .5052193   -22.10   0.000    -12.15775   -10.17733
         _Ihour_7 |   -8.61621    .502934   -17.13   0.000    -9.601943   -7.630478
         _Ihour_8 |  -3.328134   .5006972    -6.65   0.000    -4.309483   -2.346786
         _Ihour_9 |  -.2689154   .5460566    -0.49   0.622    -1.339167    .8013359
        _Ihour_10 |   3.878109   .5563569     6.97   0.000      2.78767    4.968549
        _Ihour_11 |   6.804542   .5801337    11.73   0.000     5.667501    7.941583
        _Ihour_12 |   8.086186   .5826064    13.88   0.000     6.944298    9.228073
        _Ihour_13 |    8.90891   .5897363    15.11   0.000     7.753048    10.06477
        _Ihour_14 |   7.548793    .573203    13.17   0.000     6.425335     8.67225
        _Ihour_15 |   4.198845   .5323722     7.89   0.000     3.155414    5.242275
        _Ihour_16 |   3.658518   .5353202     6.83   0.000      2.60931    4.707726
        _Ihour_17 |   2.865629   .5336821     5.37   0.000     1.819631    3.911626
        _Ihour_18 |   4.934368   .5855338     8.43   0.000     3.786742    6.081993
        _Ihour_19 |   6.677735   .5785562    11.54   0.000     5.543786    7.811685
        _Ihour_20 |    8.52658   .5873034    14.52   0.000     7.375487    9.677674
        _Ihour_21 |   8.372793   .5823633    14.38   0.000     7.231381    9.514204
        _Ihour_22 |    10.5625   .6092707    17.34   0.000     9.368351    11.75665
        _Ihour_23 |   6.697383   .5448408    12.29   0.000     5.629515    7.765252
        _Ihour_24 |   2.029827   .5285133     3.84   0.000     .9939596    3.065694
      _Iyear_2005 |   13.91819    1.25612    11.08   0.000     11.45623    16.38014
      _Iyear_2006 |   25.18304   3.334627     7.55   0.000     18.64729    31.71879
      _Iyear_2007 |          0  (omitted)
        _Iweekd_2 |   .5028926   .2955192     1.70   0.089    -.0763144      1.0821
        _Iweekd_3 |    1.12093   .3041712     3.69   0.000     .5247652    1.717094
        _Iweekd_4 |   .9950022    .309744     3.21   0.001     .3879152    1.602089
        _Iweekd_5 |  -.3631208   .2980656    -1.22   0.223    -.9473186     .221077
        _Iweekd_6 |   -4.27891   .2904762   -14.73   0.000    -4.848233   -3.709587
        _Iweekd_7 |  -9.198812   .3238428   -28.41   0.000    -9.833532   -8.564091
        _Imonth_2 |  -15.31943    3.56648    -4.30   0.000     -22.3096   -8.329257
        _Imonth_3 |  -10.82287   3.294114    -3.29   0.001    -17.27922   -4.366526
        _Imonth_4 |  -13.77956   2.733898    -5.04   0.000     -19.1379   -8.421216
        _Imonth_5 |  -17.54654    3.00335    -5.84   0.000      -23.433   -11.66009
        _Imonth_6 |  -45.06148   4.443364   -10.14   0.000    -53.77032   -36.35265
        _Imonth_7 |  -21.54799   3.686123    -5.85   0.000    -28.77266   -14.32332
        _Imonth_8 |  -27.68027   4.467125    -6.20   0.000    -36.43567   -18.92486
        _Imonth_9 |  -34.40202   4.491579    -7.66   0.000    -43.20535   -25.59869
       _Imonth_10 |  -16.36042   2.934415    -5.58   0.000    -22.11177   -10.60907
       _Imonth_11 |   7.271493   3.413214     2.13   0.033     .5817161    13.96127
       _Imonth_12 |  -15.39082   4.089872    -3.76   0.000    -23.40682   -7.374815
 _ImonXyea_2_2005 |   .3730918    .948711     0.39   0.694    -1.486348    2.232531
 _ImonXyea_2_2006 |  -.4961128   1.191396    -0.42   0.677    -2.831206    1.838981
 _ImonXyea_2_2007 |          0  (omitted)
 _ImonXyea_3_2005 |   3.977558   1.238998     3.21   0.001     1.549166     6.40595
 _ImonXyea_3_2006 |          0  (omitted)
 _ImonXyea_3_2007 |          0  (omitted)
 _ImonXyea_4_2005 |   .0715486   1.401838     0.05   0.959    -2.676003    2.819101
 _ImonXyea_4_2006 |          0  (omitted)
 _ImonXyea_4_2007 |          0  (omitted)
 _ImonXyea_5_2005 |  -5.749896   1.546861    -3.72   0.000    -8.781687   -2.718105
 _ImonXyea_5_2006 |          0  (omitted)
 _ImonXyea_5_2007 |          0  (omitted)
 _ImonXyea_6_2005 |   2.571893   1.997575     1.29   0.198    -1.343283    6.487068
 _ImonXyea_6_2006 |          0  (omitted)
 _ImonXyea_6_2007 |          0  (omitted)
 _ImonXyea_7_2005 |   5.302332   2.192453     2.42   0.016     1.005203     9.59946
 _ImonXyea_7_2006 |          0  (omitted)
 _ImonXyea_7_2007 |          0  (omitted)
 _ImonXyea_8_2005 |   2.852191   1.892642     1.51   0.132     -.857318      6.5617
 _ImonXyea_8_2006 |          0  (omitted)
 _ImonXyea_8_2007 |          0  (omitted)
 _ImonXyea_9_2005 |   3.611669   2.104669     1.72   0.086    -.5134068    7.736744
 _ImonXyea_9_2006 |          0  (omitted)
 _ImonXyea_9_2007 |          0  (omitted)
_ImonXyea_10_2005 |  -1.062539   1.965644    -0.54   0.589     -4.91513    2.790052
_ImonXyea_10_2006 |          0  (omitted)
_ImonXyea_10_2007 |          0  (omitted)
_ImonXyea_11_2005 |   3.693218   1.824022     2.02   0.043     .1182004    7.268236
_ImonXyea_11_2006 |          0  (omitted)
_ImonXyea_11_2007 |          0  (omitted)
_ImonXyea_12_2005 |   7.880803   1.980409     3.98   0.000     3.999273    11.76233
_ImonXyea_12_2006 |          0  (omitted)
_ImonXyea_12_2007 |          0  (omitted)
     _ImonXtemp_2 |  -2.626756   .2835282    -9.26   0.000    -3.182461   -2.071051
     _ImonXtemp_3 |  -3.284935   .2964271   -11.08   0.000    -3.865922   -2.703949
     _ImonXtemp_4 |  -.8563774   .2092066    -4.09   0.000    -1.266415   -.4463401
     _ImonXtemp_5 |   -1.99569   .2381595    -8.38   0.000    -2.462474   -1.528906
     _ImonXtemp_6 |   2.129214   .3808576     5.59   0.000     1.382746    2.875681
     _ImonXtemp_7 |   .8047041   .2579328     3.12   0.002     .2991652    1.310243
     _ImonXtemp_8 |    .219092   .2272006     0.96   0.335     -.226213     .664397
     _ImonXtemp_9 |  -.3095766   .2350688    -1.32   0.188    -.7703031    .1511498
    _ImonXtemp_10 |  -.7037784   .2305121    -3.05   0.002    -1.155574    -.251983
    _ImonXtemp_11 |  -1.843787    .177155   -10.41   0.000    -2.191005    -1.49657
    _ImonXtemp_12 |  -.8363516   .2712231    -3.08   0.002    -1.367939    -.304764
     _ImonXtempa2 |   1.808309   .2537951     7.13   0.000      1.31088    2.305739
     _ImonXtempa3 |   2.239591   .2627858     8.52   0.000      1.72454    2.754642
     _ImonXtempa4 |   1.100622   .1993451     5.52   0.000     .7099125    1.491331
     _ImonXtempa5 |   2.000903   .2319009     8.63   0.000     1.546385     2.45542
     _ImonXtempa6 |   .1913333   .2754844     0.69   0.487    -.3486062    .7312728
     _ImonXtempa7 |   .3300644    .231208     1.43   0.153     -.123095    .7832238
     _ImonXtempa8 |   .7735316   .1969555     3.93   0.000     .3875059    1.159557
     _ImonXtempa9 |   1.541236   .2210339     6.97   0.000     1.108018    1.974455
    _ImonXtempa10 |   1.254218    .193206     6.49   0.000     .8755413    1.632895
    _ImonXtempa11 |   .6233267   .2040998     3.05   0.002     .2232985    1.023355
    _ImonXtempa12 |   1.607013   .2941272     5.46   0.000     1.030534    2.183492
            _cons |   6.784414   4.173681     1.63   0.104     -1.39585    14.96468
-----------------------------------------------------------------------------------
Instrumented:  ecost2
Instruments:   windx windx2 temp tempx humid coal gas brent _Ihour_2 _Ihour_3
               _Ihour_4 _Ihour_5 _Ihour_6 _Ihour_7 _Ihour_8 _Ihour_9 _Ihour_10
               _Ihour_11 _Ihour_12 _Ihour_13 _Ihour_14 _Ihour_15 _Ihour_16
               _Ihour_17 _Ihour_18 _Ihour_19 _Ihour_20 _Ihour_21 _Ihour_22
               _Ihour_23 _Ihour_24 _Iyear_2005 _Iyear_2006 _Iweekd_2 _Iweekd_3
               _Iweekd_4 _Iweekd_5 _Iweekd_6 _Iweekd_7 _Imonth_2 _Imonth_3
               _Imonth_4 _Imonth_5 _Imonth_6 _Imonth_7 _Imonth_8 _Imonth_9
               _Imonth_10 _Imonth_11 _Imonth_12 _ImonXyea_2_2005 _ImonXyea_2_2006
               _ImonXyea_3_2005 _ImonXyea_4_2005 _ImonXyea_5_2005
               _ImonXyea_6_2005 _ImonXyea_7_2005 _ImonXyea_8_2005
               _ImonXyea_9_2005 _ImonXyea_10_2005 _ImonXyea_11_2005
               _ImonXyea_12_2005 _ImonXtemp_2 _ImonXtemp_3 _ImonXtemp_4
               _ImonXtemp_5 _ImonXtemp_6 _ImonXtemp_7 _ImonXtemp_8 _ImonXtemp_9
               _ImonXtemp_10 _ImonXtemp_11 _ImonXtemp_12 _ImonXtempa2
               _ImonXtempa3 _ImonXtempa4 _ImonXtempa5 _ImonXtempa6 _ImonXtempa7
               _ImonXtempa8 _ImonXtempa9 _ImonXtempa10 _ImonXtempa11
               _ImonXtempa12 eprice

. estimates store spec2

. estat firststage

  First-stage regression summary statistics
  --------------------------------------------------------------------------
               |            Adjusted      Partial       Robust
      Variable |   R-sq.       R-sq.        R-sq.    F(1,16100)   Prob > F
  -------------+------------------------------------------------------------
        ecost2 |  0.7697      0.7685       0.0181       114.029    0.0000
  --------------------------------------------------------------------------


. mat ftest2 = r(singleresults)

. 
. *(4) - MONTHxWIND
. regress $maincost $instruments $supplycontrols $demandcontrols $controls $basefe _ImonXyea* _ImonXh
> ou*, robust
note: _Iyear_2007 omitted because of collinearity
note: _ImonXyea_2_2007 omitted because of collinearity
note: _ImonXyea_3_2006 omitted because of collinearity
note: _ImonXyea_3_2007 omitted because of collinearity
note: _ImonXyea_4_2006 omitted because of collinearity
note: _ImonXyea_4_2007 omitted because of collinearity
note: _ImonXyea_5_2006 omitted because of collinearity
note: _ImonXyea_5_2007 omitted because of collinearity
note: _ImonXyea_6_2006 omitted because of collinearity
note: _ImonXyea_6_2007 omitted because of collinearity
note: _ImonXyea_7_2006 omitted because of collinearity
note: _ImonXyea_7_2007 omitted because of collinearity
note: _ImonXyea_8_2006 omitted because of collinearity
note: _ImonXyea_8_2007 omitted because of collinearity
note: _ImonXyea_9_2006 omitted because of collinearity
note: _ImonXyea_9_2007 omitted because of collinearity
note: _ImonXyea_10_2006 omitted because of collinearity
note: _ImonXyea_10_2007 omitted because of collinearity
note: _ImonXyea_11_2006 omitted because of collinearity
note: _ImonXyea_11_2007 omitted because of collinearity
note: _ImonXyea_12_2006 omitted because of collinearity
note: _ImonXyea_12_2007 omitted because of collinearity

Linear regression                                      Number of obs =   16186
                                                       F(316, 15869) =  149.18
                                                       Prob > F      =  0.0000
                                                       R-squared     =  0.7791
                                                       Root MSE      =  3.8531

-----------------------------------------------------------------------------------
                  |               Robust
           ecost2 |      Coef.   Std. Err.      t    P>|t|     [95% Conf. Interval]
------------------+----------------------------------------------------------------
           eprice |   .5810901   .0509898    11.40   0.000     .4811442     .681036
            windx |   .0353454   .1401017     0.25   0.801    -.2392699    .3099606
           windx2 |   .0018677   .0098012     0.19   0.849    -.0173438    .0210792
             temp |   .0421502   .0235767     1.79   0.074    -.0040629    .0883633
            tempx |  -.0299843   .0189607    -1.58   0.114    -.0671494    .0071808
            humid |  -.0050859   .0047084    -1.08   0.280    -.0143148    .0041431
             coal |  -1.317084   1.294616    -1.02   0.309    -3.854679    1.220511
              gas |  -.3805488   .0868229    -4.38   0.000    -.5507315   -.2103661
            brent |   .7601397   .3560178     2.14   0.033     .0623045    1.457975
         _Ihour_2 |   .4271975   .6759917     0.63   0.527    -.8978229    1.752218
         _Ihour_3 |   1.359876   .6962479     1.95   0.051    -.0048493    2.724601
         _Ihour_4 |   3.699785   .7312228     5.06   0.000     2.266505    5.133065
         _Ihour_5 |   4.655983   .6531923     7.13   0.000     3.375652    5.936314
         _Ihour_6 |    4.62468   .6546872     7.06   0.000     3.341418    5.907941
         _Ihour_7 |   3.154749   .7047822     4.48   0.000     1.773296    4.536202
         _Ihour_8 |   .9385858   .6665685     1.41   0.159    -.3679642    2.245136
         _Ihour_9 |     1.0393   .6608924     1.57   0.116    -.2561245    2.334724
        _Ihour_10 |   1.234258   .6447576     1.91   0.056    -.0295399    2.498056
        _Ihour_11 |   .6769721   .6578473     1.03   0.303    -.6124833    1.966427
        _Ihour_12 |    .929315   .7023976     1.32   0.186     -.447464    2.306094
        _Ihour_13 |   .3330395   .5685645     0.59   0.558    -.7814114     1.44749
        _Ihour_14 |   .2796749   .5826844     0.48   0.631    -.8624527    1.421803
        _Ihour_15 |    .295669     .65202     0.45   0.650    -.9823643    1.573702
        _Ihour_16 |   .3801922   .6418921     0.59   0.554    -.8779891    1.638374
        _Ihour_17 |   .7535786   .6382951     1.18   0.238    -.4975523    2.004709
        _Ihour_18 |  -.1819939    .624257    -0.29   0.771    -1.405608    1.041621
        _Ihour_19 |    .835739   .5815348     1.44   0.151    -.3041351    1.975613
        _Ihour_20 |   .3327916   .5403811     0.62   0.538    -.7264166       1.392
        _Ihour_21 |   .3811787   .5208695     0.73   0.464    -.6397847    1.402142
        _Ihour_22 |  -.0021445   .5665383    -0.00   0.997    -1.112624    1.108335
        _Ihour_23 |  -.3645201   .5997755    -0.61   0.543    -1.540148    .8111079
        _Ihour_24 |  -.0342027   .5805522    -0.06   0.953    -1.172151    1.103745
      _Iyear_2005 |   .4470898   .4381996     1.02   0.308    -.4118312    1.306011
      _Iyear_2006 |  -.0090187   1.382268    -0.01   0.995    -2.718422    2.700384
      _Iyear_2007 |          0  (omitted)
        _Iweekd_2 |  -.1121537   .1127034    -1.00   0.320    -.3330651    .1087576
        _Iweekd_3 |  -.0250364   .1103158    -0.23   0.820    -.2412679    .1911951
        _Iweekd_4 |  -.1418063   .1101478    -1.29   0.198    -.3577084    .0740958
        _Iweekd_5 |  -.2660144   .1117995    -2.38   0.017    -.4851541   -.0468746
        _Iweekd_6 |   .2173994   .1168159     1.86   0.063    -.0115731    .4463719
        _Iweekd_7 |   .7111607   .1162728     6.12   0.000     .4832529    .9390686
        _Imonth_2 |   .2593342   .6314078     0.41   0.681    -.9782968    1.496965
        _Imonth_3 |   1.253473   .5129776     2.44   0.015     .2479785    2.258967
        _Imonth_4 |  -.4258973   .6030293    -0.71   0.480    -1.607903    .7561086
        _Imonth_5 |  -.1012154   .6333342    -0.16   0.873    -1.342622    1.140191
        _Imonth_6 |   .3680897   .6957393     0.53   0.597    -.9956384    1.731818
        _Imonth_7 |   .2985376   .7993223     0.37   0.709    -1.268225      1.8653
        _Imonth_8 |   1.151528   .7954004     1.45   0.148    -.4075473    2.710603
        _Imonth_9 |   2.020807   .7347296     2.75   0.006     .5806537     3.46096
       _Imonth_10 |   2.185768   .7905995     2.76   0.006     .6361034    3.735433
       _Imonth_11 |   1.457938   .7533658     1.94   0.053    -.0187442    2.934621
       _Imonth_12 |   .1472455   .6754446     0.22   0.827    -1.176703    1.471193
 _ImonXyea_2_2005 |   .2812172    .202117     1.39   0.164    -.1149552    .6773895
 _ImonXyea_2_2006 |   .1261805   .5023504     0.25   0.802    -.8584833    1.110844
 _ImonXyea_2_2007 |          0  (omitted)
 _ImonXyea_3_2005 |  -.5200788   .3649828    -1.42   0.154    -1.235486    .1953288
 _ImonXyea_3_2006 |          0  (omitted)
 _ImonXyea_3_2007 |          0  (omitted)
 _ImonXyea_4_2005 |   1.145186    .534608     2.14   0.032     .0972934    2.193078
 _ImonXyea_4_2006 |          0  (omitted)
 _ImonXyea_4_2007 |          0  (omitted)
 _ImonXyea_5_2005 |   1.721504   .5967219     2.88   0.004     .5518611    2.891146
 _ImonXyea_5_2006 |          0  (omitted)
 _ImonXyea_5_2007 |          0  (omitted)
 _ImonXyea_6_2005 |   2.329612   .7625416     3.06   0.002     .8349438     3.82428
 _ImonXyea_6_2006 |          0  (omitted)
 _ImonXyea_6_2007 |          0  (omitted)
 _ImonXyea_7_2005 |   1.635196   .9126008     1.79   0.073    -.1536053    3.423997
 _ImonXyea_7_2006 |          0  (omitted)
 _ImonXyea_7_2007 |          0  (omitted)
 _ImonXyea_8_2005 |  -.0702118   .8457543    -0.08   0.934    -1.727986    1.587563
 _ImonXyea_8_2006 |          0  (omitted)
 _ImonXyea_8_2007 |          0  (omitted)
 _ImonXyea_9_2005 |   .8949882   .8708826     1.03   0.304    -.8120405    2.602017
 _ImonXyea_9_2006 |          0  (omitted)
 _ImonXyea_9_2007 |          0  (omitted)
_ImonXyea_10_2005 |   .4978334    .847099     0.59   0.557    -1.162577    2.158244
_ImonXyea_10_2006 |          0  (omitted)
_ImonXyea_10_2007 |          0  (omitted)
_ImonXyea_11_2005 |   .1910338   .7858542     0.24   0.808     -1.34933    1.731397
_ImonXyea_11_2006 |          0  (omitted)
_ImonXyea_11_2007 |          0  (omitted)
_ImonXyea_12_2005 |  -.0327665   .8361438    -0.04   0.969    -1.671703     1.60617
_ImonXyea_12_2006 |          0  (omitted)
_ImonXyea_12_2007 |          0  (omitted)
    _ImonXhou_2_2 |   .6938178     .99717     0.70   0.487    -1.260749    2.648384
    _ImonXhou_2_3 |   .3428506   1.003206     0.34   0.733    -1.623547    2.309248
    _ImonXhou_2_4 |  -2.371004   1.018665    -2.33   0.020    -4.367703   -.3743055
    _ImonXhou_2_5 |  -2.193601    .984681    -2.23   0.026    -4.123687   -.2635146
    _ImonXhou_2_6 |   -1.82836   .9832311    -1.86   0.063    -3.755604    .0988851
    _ImonXhou_2_7 |  -2.177456   1.003722    -2.17   0.030    -4.144865   -.2100478
    _ImonXhou_2_8 |    .391329   .9917278     0.39   0.693     -1.55257    2.335228
    _ImonXhou_2_9 |   .2799623   .9768391     0.29   0.774    -1.634753    2.194678
   _ImonXhou_2_10 |  -.0202604   .9411949    -0.02   0.983    -1.865109    1.824588
   _ImonXhou_2_11 |  -.1345584    .929221    -0.14   0.885    -1.955937     1.68682
   _ImonXhou_2_12 |  -.3178534   .9457442    -0.34   0.737    -2.171619    1.535913
   _ImonXhou_2_13 |  -.3802973   .8783521    -0.43   0.665    -2.101967    1.341373
   _ImonXhou_2_14 |  -.3557429   .8959576    -0.40   0.691    -2.111922    1.400436
   _ImonXhou_2_15 |   .3920152   .9392435     0.42   0.676    -1.449009    2.233039
   _ImonXhou_2_16 |   .4847057   .9391351     0.52   0.606    -1.356106    2.325517
   _ImonXhou_2_17 |   .4831724   .9430744     0.51   0.608     -1.36536    2.331705
   _ImonXhou_2_18 |   1.343137   .9307193     1.44   0.149    -.4811786    3.167452
   _ImonXhou_2_19 |  -.4888577   .9164821    -0.53   0.594    -2.285267    1.307551
   _ImonXhou_2_20 |   .0593249   .7914285     0.07   0.940    -1.491965    1.610615
   _ImonXhou_2_21 |  -.1320927   .7845381    -0.17   0.866    -1.669876    1.405691
   _ImonXhou_2_22 |  -.5600378    .824911    -0.68   0.497    -2.176957    1.056881
   _ImonXhou_2_23 |   .1770444   .8678127     0.20   0.838    -1.523967    1.878056
   _ImonXhou_2_24 |   .1016778   .8734424     0.12   0.907    -1.610368    1.813724
    _ImonXhou_3_2 |   -.656991   .7927307    -0.83   0.407    -2.210833    .8968513
    _ImonXhou_3_3 |  -1.974552   .7991911    -2.47   0.013    -3.541058   -.4080471
    _ImonXhou_3_4 |  -3.721525   .8529913    -4.36   0.000    -5.393485   -2.049565
    _ImonXhou_3_5 |  -5.121084   .7648529    -6.70   0.000    -6.620282   -3.621885
    _ImonXhou_3_6 |  -4.784726   .7813434    -6.12   0.000    -6.316247   -3.253204
    _ImonXhou_3_7 |  -3.534473   .8116383    -4.35   0.000    -5.125376    -1.94357
    _ImonXhou_3_8 |  -1.303293   .7689084    -1.69   0.090    -2.810441    .2038549
    _ImonXhou_3_9 |  -1.241611   .7644307    -1.62   0.104    -2.739981    .2567604
   _ImonXhou_3_10 |  -1.374557   .7458001    -1.84   0.065     -2.83641    .0872953
   _ImonXhou_3_11 |  -1.485421   .7555205    -1.97   0.049    -2.966327   -.0045155
   _ImonXhou_3_12 |  -1.904695   .7821419    -2.44   0.015    -3.437782   -.3716085
   _ImonXhou_3_13 |  -1.066079   .6804682    -1.57   0.117    -2.399874     .267716
   _ImonXhou_3_14 |  -.6524544   .7003837    -0.93   0.352    -2.025286    .7203771
   _ImonXhou_3_15 |  -.6658667    .762068    -0.87   0.382    -2.159606    .8278731
   _ImonXhou_3_16 |  -.6082066   .7524024    -0.81   0.419    -2.083001    .8665874
   _ImonXhou_3_17 |  -1.314498   .7460819    -1.76   0.078    -2.776904    .1479066
   _ImonXhou_3_18 |  -.0167904   .7301518    -0.02   0.982    -1.447971     1.41439
   _ImonXhou_3_19 |  -1.213428   .7009255    -1.73   0.083    -2.587322    .1604651
   _ImonXhou_3_20 |  -1.290699   .6411877    -2.01   0.044    -2.547499   -.0338981
   _ImonXhou_3_21 |  -.1857378   .6439882    -0.29   0.773    -1.448028    1.076552
   _ImonXhou_3_22 |  -.1198693   .6861903    -0.17   0.861     -1.46488    1.225141
   _ImonXhou_3_23 |  -.0630957   .7097462    -0.09   0.929    -1.454279    1.328087
   _ImonXhou_3_24 |  -.3826159    .688902    -0.56   0.579    -1.732942    .9677101
    _ImonXhou_4_2 |   .8562633   .8899502     0.96   0.336    -.8881401    2.600667
    _ImonXhou_4_3 |   .4750628   .8837643     0.54   0.591    -1.257215    2.207341
    _ImonXhou_4_4 |  -2.120333   .9215721    -2.30   0.021    -3.926719   -.3139474
    _ImonXhou_4_5 |  -2.750946   .8471783    -3.25   0.001    -4.411512   -1.090381
    _ImonXhou_4_6 |  -2.804206   .8784818    -3.19   0.001     -4.52613   -1.082282
    _ImonXhou_4_7 |  -1.670239   .9340808    -1.79   0.074    -3.501143    .1606656
    _ImonXhou_4_8 |      .4079   .8755808     0.47   0.641    -1.308338    2.124138
    _ImonXhou_4_9 |   .1287242   .9013639     0.14   0.886    -1.638051      1.8955
   _ImonXhou_4_10 |   .2606436   .8607912     0.30   0.762    -1.426605    1.947892
   _ImonXhou_4_11 |   .4380028   .8560603     0.51   0.609    -1.239973    2.115978
   _ImonXhou_4_12 |    .367791   .8906138     0.41   0.680    -1.377913    2.113495
   _ImonXhou_4_13 |   .3929139    .811784     0.48   0.628    -1.198275    1.984103
   _ImonXhou_4_14 |   1.078633   .8255053     1.31   0.191    -.5394507    2.696718
   _ImonXhou_4_15 |   1.074653    .876289     1.23   0.220    -.6429728    2.792279
   _ImonXhou_4_16 |     .68593   .8760146     0.78   0.434    -1.031158    2.403018
   _ImonXhou_4_17 |   .4471588   .8762527     0.51   0.610    -1.270396    2.164713
   _ImonXhou_4_18 |   1.190313   .8568688     1.39   0.165    -.4892472    2.869873
   _ImonXhou_4_19 |  -.0317073   .8472599    -0.04   0.970    -1.692433    1.629018
   _ImonXhou_4_20 |    1.34412   .8008927     1.68   0.093    -.2257203    2.913961
   _ImonXhou_4_21 |  -.0150361   .7936177    -0.02   0.985    -1.570617    1.540545
   _ImonXhou_4_22 |   .9579778   .8258342     1.16   0.246     -.660751    2.576707
   _ImonXhou_4_23 |   1.337245   .8204694     1.63   0.103    -.2709683    2.945458
   _ImonXhou_4_24 |   .4938296   .8320841     0.59   0.553     -1.13715    2.124809
    _ImonXhou_5_2 |   .4211611   .9381913     0.45   0.654      -1.4178    2.260123
    _ImonXhou_5_3 |  -.4973955   .9571978    -0.52   0.603    -2.373612    1.378821
    _ImonXhou_5_4 |  -2.303796   .9377581    -2.46   0.014    -4.141909   -.4656839
    _ImonXhou_5_5 |  -3.209117   .8743804    -3.67   0.000    -4.923002   -1.495232
    _ImonXhou_5_6 |  -3.394491   .9085854    -3.74   0.000    -5.175421    -1.61356
    _ImonXhou_5_7 |  -2.100538    .968752    -2.17   0.030    -3.999402   -.2016739
    _ImonXhou_5_8 |  -1.230051   .9290354    -1.32   0.186    -3.051066    .5909634
    _ImonXhou_5_9 |  -1.050698   .8911268    -1.18   0.238    -2.797408    .6960113
   _ImonXhou_5_10 |  -.4295903   .9038983    -0.48   0.635    -2.201334    1.342153
   _ImonXhou_5_11 |   .0721625   .9095661     0.08   0.937     -1.71069    1.855015
   _ImonXhou_5_12 |   .2139091   .9293637     0.23   0.818    -1.607749    2.035567
   _ImonXhou_5_13 |   .7812074   .8115743     0.96   0.336    -.8095702    2.371985
   _ImonXhou_5_14 |   1.008281   .8395068     1.20   0.230    -.6372478    2.653809
   _ImonXhou_5_15 |   .1597248   .8970764     0.18   0.859    -1.598647    1.918096
   _ImonXhou_5_16 |   .6468125    .897055     0.72   0.471    -1.111517    2.405142
   _ImonXhou_5_17 |  -.2289089   .9038216    -0.25   0.800    -2.000502    1.542684
   _ImonXhou_5_18 |   .8018583   .8889154     0.90   0.367    -.9405167    2.544233
   _ImonXhou_5_19 |  -1.371494   .8664918    -1.58   0.113    -3.069916    .3269282
   _ImonXhou_5_20 |  -.3790933   .8187498    -0.46   0.643    -1.983936    1.225749
   _ImonXhou_5_21 |  -.6128561   .7888553    -0.78   0.437    -2.159102    .9333897
   _ImonXhou_5_22 |  -.1385833   .8559547    -0.16   0.871    -1.816352    1.539185
   _ImonXhou_5_23 |   .4067901   .8696398     0.47   0.640    -1.297803    2.111383
   _ImonXhou_5_24 |  -.0170287   .8726217    -0.02   0.984    -1.727466    1.693409
    _ImonXhou_6_2 |   .5702444   1.015594     0.56   0.574    -1.420436    2.560925
    _ImonXhou_6_3 |  -1.119279   1.038362    -1.08   0.281    -3.154585    .9160275
    _ImonXhou_6_4 |  -3.380031   1.041908    -3.24   0.001    -5.422288   -1.337773
    _ImonXhou_6_5 |  -3.863668   .9749157    -3.96   0.000    -5.774614   -1.952723
    _ImonXhou_6_6 |  -4.789226   1.012419    -4.73   0.000    -6.773682    -2.80477
    _ImonXhou_6_7 |  -3.645539   1.036888    -3.52   0.000    -5.677958   -1.613121
    _ImonXhou_6_8 |  -1.109834   1.012102    -1.10   0.273    -3.093668    .8740006
    _ImonXhou_6_9 |  -.4955825   .9343244    -0.53   0.596    -2.326964    1.335799
   _ImonXhou_6_10 |  -2.209661   .9463844    -2.33   0.020    -4.064682   -.3546406
   _ImonXhou_6_11 |  -.0986556   .9725076    -0.10   0.919    -2.004881     1.80757
   _ImonXhou_6_12 |   .3924761    .935637     0.42   0.675    -1.441479    2.226431
   _ImonXhou_6_13 |    .355984   .9332852     0.38   0.703    -1.473361    2.185329
   _ImonXhou_6_14 |   .2371693   .8995225     0.26   0.792    -1.525997    2.000336
   _ImonXhou_6_15 |   .2663151   .8957748     0.30   0.766    -1.489505    2.022135
   _ImonXhou_6_16 |   .0158736   .9740028     0.02   0.987    -1.893282     1.92503
   _ImonXhou_6_17 |   .0061354   .9515612     0.01   0.995    -1.859033    1.871303
   _ImonXhou_6_18 |  -.6679375    .974204    -0.69   0.493    -2.577488    1.241613
   _ImonXhou_6_19 |  -.6045361   .9477387    -0.64   0.524    -2.462212    1.253139
   _ImonXhou_6_20 |  -.1016121   .9183543    -0.11   0.912    -1.901691    1.698467
   _ImonXhou_6_21 |  -.3411629   .8766105    -0.39   0.697    -2.059419    1.377093
   _ImonXhou_6_22 |  -.1941157   .8724793    -0.22   0.824    -1.904274    1.516043
   _ImonXhou_6_23 |   .7296507   .8503126     0.86   0.391    -.9370585     2.39636
   _ImonXhou_6_24 |  -.9780808   .9355199    -1.05   0.296    -2.811806    .8556445
    _ImonXhou_7_2 |  -.3458546    1.14849    -0.30   0.763    -2.597025    1.905316
    _ImonXhou_7_3 |   -1.64512   1.150312    -1.43   0.153    -3.899863    .6096223
    _ImonXhou_7_4 |  -4.775256   1.164533    -4.10   0.000    -7.057872    -2.49264
    _ImonXhou_7_5 |  -5.307579   1.103355    -4.81   0.000     -7.47028   -3.144878
    _ImonXhou_7_6 |  -6.030776    1.10931    -5.44   0.000    -8.205148   -3.856403
    _ImonXhou_7_7 |  -3.659599   1.159824    -3.16   0.002    -5.932986   -1.386213
    _ImonXhou_7_8 |   -1.86932   1.126984    -1.66   0.097    -4.078337    .3396961
    _ImonXhou_7_9 |  -.6515708   1.067259    -0.61   0.542    -2.743519    1.440377
   _ImonXhou_7_10 |  -.0987284   1.059623    -0.09   0.926    -2.175709    1.978252
   _ImonXhou_7_11 |   -.150072   1.038552    -0.14   0.885    -2.185753    1.885609
   _ImonXhou_7_12 |  -.4044434   1.061848    -0.38   0.703    -2.485786    1.676899
   _ImonXhou_7_13 |   .5950437    1.01619     0.59   0.558    -1.396804    2.586891
   _ImonXhou_7_14 |   1.254142   1.053195     1.19   0.234    -.8102388    3.318523
   _ImonXhou_7_15 |    .512565   1.135052     0.45   0.652    -1.712267    2.737397
   _ImonXhou_7_16 |   -.235955   1.142743    -0.21   0.836    -2.475861    2.003951
   _ImonXhou_7_17 |   .7858269   1.063418     0.74   0.460    -1.298592    2.870246
   _ImonXhou_7_18 |   .5967391   1.046506     0.57   0.569    -1.454532     2.64801
   _ImonXhou_7_19 |  -.3319038   1.076222    -0.31   0.758    -2.441421    1.777613
   _ImonXhou_7_20 |   .3292631   .9894137     0.33   0.739      -1.6101    2.268626
   _ImonXhou_7_21 |   .0400107   .9788745     0.04   0.967    -1.878694    1.958716
   _ImonXhou_7_22 |   .8817034   1.011698     0.87   0.383    -1.101339    2.864746
   _ImonXhou_7_23 |   .3523985   1.057124     0.33   0.739    -1.719685    2.424482
   _ImonXhou_7_24 |   .8254651   1.062101     0.78   0.437    -1.256373    2.907303
    _ImonXhou_8_2 |  -.6721338   1.066397    -0.63   0.529    -2.762392    1.418125
    _ImonXhou_8_3 |  -2.398393   1.063533    -2.26   0.024    -4.483038   -.3137486
    _ImonXhou_8_4 |  -5.443698   1.112491    -4.89   0.000    -7.624308   -3.263089
    _ImonXhou_8_5 |  -5.581719   1.080533    -5.17   0.000    -7.699687   -3.463751
    _ImonXhou_8_6 |  -5.698571   1.067203    -5.34   0.000    -7.790409   -3.606733
    _ImonXhou_8_7 |  -3.367553   1.094361    -3.08   0.002    -5.512625   -1.222481
    _ImonXhou_8_8 |  -1.278115   1.090975    -1.17   0.241     -3.41655    .8603206
    _ImonXhou_8_9 |  -.6452378   1.067863    -0.60   0.546    -2.738371    1.447895
   _ImonXhou_8_10 |  -2.672186   1.041733    -2.57   0.010      -4.7141   -.6302716
   _ImonXhou_8_11 |  -1.691326    1.05756    -1.60   0.110    -3.764263    .3816111
   _ImonXhou_8_12 |  -2.116183   1.056049    -2.00   0.045    -4.186159   -.0462073
   _ImonXhou_8_13 |   .0555389   .9863717     0.06   0.955    -1.877862    1.988939
   _ImonXhou_8_14 |  -.2371652   1.015971    -0.23   0.815    -2.228583    1.754253
   _ImonXhou_8_15 |  -.6813106   1.087971    -0.63   0.531    -2.813857    1.451236
   _ImonXhou_8_16 |  -1.862557    1.03308    -1.80   0.071    -3.887512    .1623976
   _ImonXhou_8_17 |   -1.77842   1.023521    -1.74   0.082    -3.784638    .2277983
   _ImonXhou_8_18 |  -.6372407   1.028556    -0.62   0.536    -2.653328    1.378846
   _ImonXhou_8_19 |  -1.599539   .9758328    -1.64   0.101    -3.512282     .313204
   _ImonXhou_8_20 |  -1.452475   .9924608    -1.46   0.143    -3.397811    .4928607
   _ImonXhou_8_21 |   -1.52017   .9757766    -1.56   0.119    -3.432803    .3924628
   _ImonXhou_8_22 |  -.8304021   .9919048    -0.84   0.403    -2.774648    1.113844
   _ImonXhou_8_23 |  -.9094746   1.018376    -0.89   0.372    -2.905606    1.086657
   _ImonXhou_8_24 |    .443788   1.031903     0.43   0.667    -1.578859    2.466435
    _ImonXhou_9_2 |  -.7440279   .9856085    -0.75   0.450    -2.675932    1.187877
    _ImonXhou_9_3 |  -1.772108   1.022741    -1.73   0.083    -3.776797    .2325806
    _ImonXhou_9_4 |  -5.564391   1.042459    -5.34   0.000     -7.60773   -3.521052
    _ImonXhou_9_5 |  -5.271585   1.018255    -5.18   0.000    -7.267481   -3.275689
    _ImonXhou_9_6 |  -6.530889   1.021527    -6.39   0.000    -8.533198    -4.52858
    _ImonXhou_9_7 |  -3.075908   1.028705    -2.99   0.003    -5.092287   -1.059529
    _ImonXhou_9_8 |   -2.30527   1.058541    -2.18   0.029     -4.38013   -.2304101
    _ImonXhou_9_9 |   -3.17663   1.037999    -3.06   0.002    -5.211226   -1.142034
   _ImonXhou_9_10 |  -3.692409    1.00235    -3.68   0.000    -5.657129   -1.727688
   _ImonXhou_9_11 |  -2.793471   1.019568    -2.74   0.006    -4.791939    -.795003
   _ImonXhou_9_12 |  -2.731229   1.023845    -2.67   0.008    -4.738081   -.7243774
   _ImonXhou_9_13 |  -2.126833   .9407746    -2.26   0.024    -3.970858   -.2828079
   _ImonXhou_9_14 |  -1.788178    .910519    -1.96   0.050    -3.572899   -.0034577
   _ImonXhou_9_15 |  -1.378269   .9926685    -1.39   0.165    -3.324012    .5674736
   _ImonXhou_9_16 |  -3.228313   .9718005    -3.32   0.001    -5.133152   -1.323473
   _ImonXhou_9_17 |  -1.997821   .9705943    -2.06   0.040    -3.900296   -.0953459
   _ImonXhou_9_18 |  -.8342243      .9605    -0.87   0.385    -2.716913    1.048465
   _ImonXhou_9_19 |  -2.790088   .9262188    -3.01   0.003    -4.605582   -.9745937
   _ImonXhou_9_20 |  -2.470823   .9197231    -2.69   0.007    -4.273584   -.6680611
   _ImonXhou_9_21 |  -2.293906   .8752317    -2.62   0.009     -4.00946   -.5783526
   _ImonXhou_9_22 |  -2.754761   .9333883    -2.95   0.003    -4.584308   -.9252139
   _ImonXhou_9_23 |  -2.516067   .9902831    -2.54   0.011    -4.457134       -.575
   _ImonXhou_9_24 |   .5194702   .9272274     0.56   0.575    -1.298001    2.336941
   _ImonXhou_10_2 |  -.8717133   1.021048    -0.85   0.393    -2.873083    1.129656
   _ImonXhou_10_3 |  -1.465607   1.040645    -1.41   0.159    -3.505389    .5741755
   _ImonXhou_10_4 |  -4.719076   1.114647    -4.23   0.000    -6.903909   -2.534242
   _ImonXhou_10_5 |  -5.823571   1.051355    -5.54   0.000    -7.884346   -3.762795
   _ImonXhou_10_6 |  -6.452154   1.045658    -6.17   0.000    -8.501763   -4.402545
   _ImonXhou_10_7 |   -3.11572   1.059843    -2.94   0.003    -5.193133   -1.038307
   _ImonXhou_10_8 |  -2.685468   1.043101    -2.57   0.010    -4.730065   -.6408708
   _ImonXhou_10_9 |  -3.394601   1.008498    -3.37   0.001    -5.371373    -1.41783
  _ImonXhou_10_10 |  -4.056246   1.016136    -3.99   0.000    -6.047988   -2.064504
  _ImonXhou_10_11 |  -3.524365   1.021133    -3.45   0.001    -5.525901   -1.522829
  _ImonXhou_10_12 |  -3.988318   1.062109    -3.76   0.000    -6.070173   -1.906464
  _ImonXhou_10_13 |  -3.765013   .9483912    -3.97   0.000    -5.623968   -1.906059
  _ImonXhou_10_14 |  -4.274088   .9228475    -4.63   0.000    -6.082974   -2.465202
  _ImonXhou_10_15 |  -2.955187   1.039833    -2.84   0.004    -4.993378   -.9169953
  _ImonXhou_10_16 |   -2.55031    1.00174    -2.55   0.011    -4.513834   -.5867871
  _ImonXhou_10_17 |  -2.483341   .9976396    -2.49   0.013    -4.438828   -.5278539
  _ImonXhou_10_18 |  -2.304373    1.00898    -2.28   0.022    -4.282088   -.3266588
  _ImonXhou_10_19 |  -2.168747   1.006117    -2.16   0.031    -4.140851   -.1966433
  _ImonXhou_10_20 |  -3.484253   .9368822    -3.72   0.000    -5.320649   -1.647858
  _ImonXhou_10_21 |  -2.492458   .9005208    -2.77   0.006    -4.257581   -.7273349
  _ImonXhou_10_22 |  -3.538572   .9123223    -3.88   0.000    -5.326827   -1.750317
  _ImonXhou_10_23 |  -2.278343   1.005079    -2.27   0.023    -4.248411   -.3082751
  _ImonXhou_10_24 |  -.1484494   .9769676    -0.15   0.879    -2.063417    1.766518
   _ImonXhou_11_2 |   1.385051   1.048161     1.32   0.186    -.6694647    3.439566
   _ImonXhou_11_3 |  -.0993126   1.090729    -0.09   0.927    -2.237266    2.038641
   _ImonXhou_11_4 |  -1.596626   1.070112    -1.49   0.136    -3.694167    .5009154
   _ImonXhou_11_5 |  -3.322557   1.039034    -3.20   0.001    -5.359182   -1.285932
   _ImonXhou_11_6 |  -3.929516   1.051426    -3.74   0.000    -5.990431   -1.868601
   _ImonXhou_11_7 |  -1.356613   1.046358    -1.30   0.195    -3.407592    .6943672
   _ImonXhou_11_8 |  -.8503299   1.076114    -0.79   0.429    -2.959635    1.258975
   _ImonXhou_11_9 |  -2.528757   1.058399    -2.39   0.017    -4.603338   -.4541756
  _ImonXhou_11_10 |  -2.585276   1.032678    -2.50   0.012    -4.609442   -.5611101
  _ImonXhou_11_11 |  -2.356761   1.028277    -2.29   0.022      -4.3723   -.3412215
  _ImonXhou_11_12 |  -2.669998   1.052438    -2.54   0.011    -4.732895   -.6071007
  _ImonXhou_11_13 |  -1.971217   .9582858    -2.06   0.040    -3.849566    -.092868
  _ImonXhou_11_14 |  -2.243656   .9926193    -2.26   0.024    -4.189302   -.2980096
  _ImonXhou_11_15 |  -.8027763    1.05298    -0.76   0.446    -2.866737    1.261184
  _ImonXhou_11_16 |  -1.373255   1.053833    -1.30   0.193    -3.438888    .6923779
  _ImonXhou_11_17 |  -1.885736   1.023629    -1.84   0.065    -3.892165    .1206937
  _ImonXhou_11_18 |  -.9696285   1.033899    -0.94   0.348    -2.996189    1.056932
  _ImonXhou_11_19 |  -2.344747   1.000058    -2.34   0.019    -4.304973   -.3845209
  _ImonXhou_11_20 |  -2.436428   .9375365    -2.60   0.009    -4.274106   -.5987498
  _ImonXhou_11_21 |  -2.338668   .9402658    -2.49   0.013    -4.181696   -.4956401
  _ImonXhou_11_22 |  -2.584664   .9491273    -2.72   0.006    -4.445061   -.7242665
  _ImonXhou_11_23 |  -1.602392   1.014026    -1.58   0.114    -3.589999    .3852149
  _ImonXhou_11_24 |  -.9454417   1.015737    -0.93   0.352    -2.936402    1.045519
   _ImonXhou_12_2 |   1.050504   1.061504     0.99   0.322    -1.030164    3.131173
   _ImonXhou_12_3 |   1.362079   1.044747     1.30   0.192    -.6857446    3.409902
   _ImonXhou_12_4 |  -.4106662   1.081533    -0.38   0.704    -2.530594    1.709262
   _ImonXhou_12_5 |  -.8270056   .9896098    -0.84   0.403    -2.766753    1.112742
   _ImonXhou_12_6 |  -.9359556   1.001171    -0.93   0.350    -2.898364    1.026453
   _ImonXhou_12_7 |   .2669136   1.047849     0.25   0.799    -1.786989    2.320816
   _ImonXhou_12_8 |   .7262487   1.002081     0.72   0.469    -1.237943    2.690441
   _ImonXhou_12_9 |  -.2951626   1.002222    -0.29   0.768    -2.259632    1.669307
  _ImonXhou_12_10 |  -1.015979    .989683    -1.03   0.305     -2.95587    .9239123
  _ImonXhou_12_11 |  -.8772718   .9916467    -0.88   0.376    -2.821012    1.066468
  _ImonXhou_12_12 |  -1.496308   .9933352    -1.51   0.132    -3.443358    .4507417
  _ImonXhou_12_13 |  -.1885109   .9228484    -0.20   0.838    -1.997398    1.620377
  _ImonXhou_12_14 |  -.1540296    .940903    -0.16   0.870    -1.998306    1.690247
  _ImonXhou_12_15 |   .1216478   .9729667     0.13   0.901    -1.785477    2.028773
  _ImonXhou_12_16 |  -.5566764   .9369176    -0.59   0.552    -2.393141    1.279788
  _ImonXhou_12_17 |  -.4938169   .9800072    -0.50   0.614    -2.414742    1.427108
  _ImonXhou_12_18 |   .0520839   .9775197     0.05   0.958    -1.863966    1.968133
  _ImonXhou_12_19 |  -.3109374    .941685    -0.33   0.741    -2.156747    1.534872
  _ImonXhou_12_20 |  -.0536573   .9146865    -0.06   0.953    -1.846547    1.739232
  _ImonXhou_12_21 |  -.3181238   .8466308    -0.38   0.707    -1.977616    1.341369
  _ImonXhou_12_22 |   -.893383   .8649437    -1.03   0.302    -2.588771    .8020048
  _ImonXhou_12_23 |   .0082485   .9010145     0.01   0.993    -1.757842    1.774339
  _ImonXhou_12_24 |  -.8884259   .8863852    -1.00   0.316    -2.625841    .8489896
            _cons |  -.7401752    1.30862    -0.57   0.572     -3.30522    1.824869
-----------------------------------------------------------------------------------

. estimates store spec_first3

. ivregress 2sls mg_price ($maincost = $instruments) $supplycontrols $demandcontrols $controls $basef
> e _ImonXyea* _ImonXhou*, robust first
note: _Iyear_2007 omitted because of collinearity
note: _ImonXyea_2_2007 omitted because of collinearity
note: _ImonXyea_3_2006 omitted because of collinearity
note: _ImonXyea_3_2007 omitted because of collinearity
note: _ImonXyea_4_2006 omitted because of collinearity
note: _ImonXyea_4_2007 omitted because of collinearity
note: _ImonXyea_5_2006 omitted because of collinearity
note: _ImonXyea_5_2007 omitted because of collinearity
note: _ImonXyea_6_2006 omitted because of collinearity
note: _ImonXyea_6_2007 omitted because of collinearity
note: _ImonXyea_7_2006 omitted because of collinearity
note: _ImonXyea_7_2007 omitted because of collinearity
note: _ImonXyea_8_2006 omitted because of collinearity
note: _ImonXyea_8_2007 omitted because of collinearity
note: _ImonXyea_9_2006 omitted because of collinearity
note: _ImonXyea_9_2007 omitted because of collinearity
note: _ImonXyea_10_2006 omitted because of collinearity
note: _ImonXyea_10_2007 omitted because of collinearity
note: _ImonXyea_11_2006 omitted because of collinearity
note: _ImonXyea_11_2007 omitted because of collinearity
note: _ImonXyea_12_2006 omitted because of collinearity
note: _ImonXyea_12_2007 omitted because of collinearity

First-stage regressions
-----------------------

                                                  Number of obs   =      16186
                                                  F( 316,  15869) =     148.98
                                                  Prob > F        =     0.0000
                                                  R-squared       =     0.7791
                                                  Adj R-squared   =     0.7747
                                                  Root MSE        =     3.8531

-----------------------------------------------------------------------------------
                  |               Robust
           ecost2 |      Coef.   Std. Err.      t    P>|t|     [95% Conf. Interval]
------------------+----------------------------------------------------------------
            windx |   .0353454   .1401989     0.25   0.801    -.2394605    .3101512
           windx2 |   .0018677    .009808     0.19   0.849    -.0173571    .0210925
             temp |   .0421502   .0235931     1.79   0.074     -.004095    .0883954
            tempx |  -.0299843   .0189738    -1.58   0.114    -.0671752    .0072066
            humid |  -.0050859   .0047117    -1.08   0.280    -.0143212    .0041495
             coal |  -1.317084   1.295515    -1.02   0.309     -3.85644    1.222272
              gas |  -.3805488   .0868831    -4.38   0.000    -.5508496    -.210248
            brent |   .7601397   .3562648     2.13   0.033     .0618202    1.458459
         _Ihour_2 |   .4271975   .6764607     0.63   0.528    -.8987423    1.753137
         _Ihour_3 |   1.359876    .696731     1.95   0.051    -.0057962    2.725548
         _Ihour_4 |   3.699785   .7317302     5.06   0.000     2.265511    5.134059
         _Ihour_5 |   4.655983   .6536455     7.12   0.000     3.374764    5.937202
         _Ihour_6 |    4.62468   .6551415     7.06   0.000     3.340528    5.908831
         _Ihour_7 |   3.154749   .7052712     4.47   0.000     1.772337     4.53716
         _Ihour_8 |   .9385858   .6670311     1.41   0.159    -.3688708    2.246042
         _Ihour_9 |     1.0393    .661351     1.57   0.116    -.2570234    2.335623
        _Ihour_10 |   1.234258    .645205     1.91   0.056    -.0304168    2.498933
        _Ihour_11 |   .6769721   .6583038     1.03   0.304    -.6133781    1.967322
        _Ihour_12 |    .929315    .702885     1.32   0.186    -.4484194    2.307049
        _Ihour_13 |   .3330395    .568959     0.59   0.558    -.7821847    1.448264
        _Ihour_14 |   .2796749   .5830888     0.48   0.631    -.8632452    1.422595
        _Ihour_15 |    .295669   .6524725     0.45   0.650    -.9832511    1.574589
        _Ihour_16 |   .3801922   .6423375     0.59   0.554    -.8788621    1.639247
        _Ihour_17 |   .7535786    .638738     1.18   0.238    -.4984204    2.005578
        _Ihour_18 |  -.1819939   .6246902    -0.29   0.771    -1.406457     1.04247
        _Ihour_19 |    .835739   .5819383     1.44   0.151    -.3049261    1.976404
        _Ihour_20 |   .3327916    .540756     0.62   0.538    -.7271516    1.392735
        _Ihour_21 |   .3811787   .5212309     0.73   0.465    -.6404931     1.40285
        _Ihour_22 |  -.0021445   .5669315    -0.00   0.997    -1.113395    1.109105
        _Ihour_23 |  -.3645201   .6001916    -0.61   0.544    -1.540964    .8119237
        _Ihour_24 |  -.0342027    .580955    -0.06   0.953    -1.172941    1.104535
      _Iyear_2005 |   .4470898   .4385037     1.02   0.308    -.4124272    1.306607
      _Iyear_2006 |  -.0090187   1.383227    -0.01   0.995    -2.720302    2.702264
      _Iyear_2007 |          0  (omitted)
        _Iweekd_2 |  -.1121537   .1127816    -0.99   0.320    -.3332184    .1089109
        _Iweekd_3 |  -.0250364   .1103924    -0.23   0.821     -.241418    .1913451
        _Iweekd_4 |  -.1418063   .1102242    -1.29   0.198    -.3578582    .0742457
        _Iweekd_5 |  -.2660144   .1118771    -2.38   0.017    -.4853062   -.0467226
        _Iweekd_6 |   .2173994    .116897     1.86   0.063     -.011732    .4465308
        _Iweekd_7 |   .7111607   .1163535     6.11   0.000     .4830947    .9392268
        _Imonth_2 |   .2593342    .631846     0.41   0.681    -.9791556    1.497824
        _Imonth_3 |   1.253473   .5133336     2.44   0.015     .2472808    2.259665
        _Imonth_4 |  -.4258973   .6034478    -0.71   0.480    -1.608723    .7569288
        _Imonth_5 |  -.1012154   .6337736    -0.16   0.873    -1.343484    1.141053
        _Imonth_6 |   .3680897   .6962221     0.53   0.597    -.9965847    1.732764
        _Imonth_7 |   .2985376    .799877     0.37   0.709    -1.269312    1.866387
        _Imonth_8 |   1.151528   .7959524     1.45   0.148    -.4086292    2.711685
        _Imonth_9 |   2.020807   .7352394     2.75   0.006     .5796544     3.46196
       _Imonth_10 |   2.185768   .7911481     2.76   0.006     .6350281    3.736508
       _Imonth_11 |   1.457938   .7538886     1.93   0.053    -.0197689    2.935645
       _Imonth_12 |   .1472455   .6759133     0.22   0.828    -1.177621    1.472112
 _ImonXyea_2_2005 |   .2812172   .2022573     1.39   0.164    -.1152301    .6776644
 _ImonXyea_2_2006 |   .1261805    .502699     0.25   0.802    -.8591666    1.111528
 _ImonXyea_2_2007 |          0  (omitted)
 _ImonXyea_3_2005 |  -.5200788    .365236    -1.42   0.154    -1.235983    .1958252
 _ImonXyea_3_2006 |          0  (omitted)
 _ImonXyea_3_2007 |          0  (omitted)
 _ImonXyea_4_2005 |   1.145186    .534979     2.14   0.032     .0965663    2.193805
 _ImonXyea_4_2006 |          0  (omitted)
 _ImonXyea_4_2007 |          0  (omitted)
 _ImonXyea_5_2005 |   1.721504    .597136     2.88   0.004     .5510495    2.891958
 _ImonXyea_5_2006 |          0  (omitted)
 _ImonXyea_5_2007 |          0  (omitted)
 _ImonXyea_6_2005 |   2.329612   .7630707     3.05   0.002     .8339066    3.825317
 _ImonXyea_6_2006 |          0  (omitted)
 _ImonXyea_6_2007 |          0  (omitted)
 _ImonXyea_7_2005 |   1.635196    .913234     1.79   0.073    -.1548466    3.425238
 _ImonXyea_7_2006 |          0  (omitted)
 _ImonXyea_7_2007 |          0  (omitted)
 _ImonXyea_8_2005 |  -.0702118   .8463411    -0.08   0.934    -1.729136    1.588713
 _ImonXyea_8_2006 |          0  (omitted)
 _ImonXyea_8_2007 |          0  (omitted)
 _ImonXyea_9_2005 |   .8949882   .8714869     1.03   0.304     -.813225    2.603201
 _ImonXyea_9_2006 |          0  (omitted)
 _ImonXyea_9_2007 |          0  (omitted)
_ImonXyea_10_2005 |   .4978334   .8476868     0.59   0.557    -1.163729    2.159396
_ImonXyea_10_2006 |          0  (omitted)
_ImonXyea_10_2007 |          0  (omitted)
_ImonXyea_11_2005 |   .1910338   .7863995     0.24   0.808    -1.350398    1.732466
_ImonXyea_11_2006 |          0  (omitted)
_ImonXyea_11_2007 |          0  (omitted)
_ImonXyea_12_2005 |  -.0327665    .836724    -0.04   0.969    -1.672841    1.607308
_ImonXyea_12_2006 |          0  (omitted)
_ImonXyea_12_2007 |          0  (omitted)
    _ImonXhou_2_2 |   .6938178    .997862     0.70   0.487    -1.262105    2.649741
    _ImonXhou_2_3 |   .3428506   1.003902     0.34   0.733    -1.624911    2.310612
    _ImonXhou_2_4 |  -2.371004   1.019372    -2.33   0.020    -4.369089     -.37292
    _ImonXhou_2_5 |  -2.193601   .9853642    -2.23   0.026    -4.125027   -.2621754
    _ImonXhou_2_6 |   -1.82836   .9839134    -1.86   0.063    -3.756941    .1002224
    _ImonXhou_2_7 |  -2.177456   1.004418    -2.17   0.030     -4.14623   -.2086827
    _ImonXhou_2_8 |    .391329    .992416     0.39   0.693    -1.553919    2.336577
    _ImonXhou_2_9 |   .2799623   .9775169     0.29   0.775    -1.636082    2.196006
   _ImonXhou_2_10 |  -.0202604    .941848    -0.02   0.983    -1.866389    1.825869
   _ImonXhou_2_11 |  -.1345584   .9298658    -0.14   0.885    -1.957201    1.688084
   _ImonXhou_2_12 |  -.3178534   .9464005    -0.34   0.737    -2.172906    1.537199
   _ImonXhou_2_13 |  -.3802973   .8789616    -0.43   0.665    -2.103162    1.342567
   _ImonXhou_2_14 |  -.3557429   .8965793    -0.40   0.692     -2.11314    1.401654
   _ImonXhou_2_15 |   .3920152   .9398953     0.42   0.677    -1.450286    2.234317
   _ImonXhou_2_16 |   .4847057   .9397867     0.52   0.606    -1.357383    2.326794
   _ImonXhou_2_17 |   .4831724   .9437288     0.51   0.609    -1.366643    2.332988
   _ImonXhou_2_18 |   1.343137   .9313651     1.44   0.149    -.4824445    3.168718
   _ImonXhou_2_19 |  -.4888577   .9171181    -0.53   0.594    -2.286513    1.308798
   _ImonXhou_2_20 |   .0593249   .7919776     0.07   0.940    -1.493041    1.611691
   _ImonXhou_2_21 |  -.1320927   .7850825    -0.17   0.866    -1.670943    1.406758
   _ImonXhou_2_22 |  -.5600378   .8254834    -0.68   0.498    -2.178079    1.058003
   _ImonXhou_2_23 |   .1770444   .8684149     0.20   0.838    -1.525147    1.879236
   _ImonXhou_2_24 |   .1016778   .8740485     0.12   0.907    -1.611556    1.814912
    _ImonXhou_3_2 |   -.656991   .7932808    -0.83   0.408    -2.211911    .8979295
    _ImonXhou_3_3 |  -1.974552   .7997457    -2.47   0.014    -3.542145   -.4069601
    _ImonXhou_3_4 |  -3.721525   .8535832    -4.36   0.000    -5.394645   -2.048405
    _ImonXhou_3_5 |  -5.121084   .7653837    -6.69   0.000    -6.621322   -3.620845
    _ImonXhou_3_6 |  -4.784726   .7818856    -6.12   0.000     -6.31731   -3.252141
    _ImonXhou_3_7 |  -3.534473   .8122015    -4.35   0.000     -5.12648   -1.942466
    _ImonXhou_3_8 |  -1.303293    .769442    -1.69   0.090    -2.811487    .2049007
    _ImonXhou_3_9 |  -1.241611   .7649611    -1.62   0.105    -2.741021    .2578001
   _ImonXhou_3_10 |  -1.374557   .7463176    -1.84   0.066    -2.837425    .0883097
   _ImonXhou_3_11 |  -1.485421   .7560447    -1.96   0.049    -2.967355   -.0034879
   _ImonXhou_3_12 |  -1.904695   .7826847    -2.43   0.015    -3.438846   -.3705447
   _ImonXhou_3_13 |  -1.066079   .6809404    -1.57   0.117    -2.400799    .2686415
   _ImonXhou_3_14 |  -.6524544   .7008697    -0.93   0.352    -2.026238    .7213297
   _ImonXhou_3_15 |  -.6658667   .7625968    -0.87   0.383    -2.160643    .8289096
   _ImonXhou_3_16 |  -.6082066   .7529245    -0.81   0.419    -2.084024    .8676108
   _ImonXhou_3_17 |  -1.314498   .7465996    -1.76   0.078    -2.777918    .1489214
   _ImonXhou_3_18 |  -.0167904   .7306584    -0.02   0.982    -1.448964    1.415383
   _ImonXhou_3_19 |  -1.213428   .7014119    -1.73   0.084    -2.588275    .1614185
   _ImonXhou_3_20 |  -1.290699   .6416326    -2.01   0.044    -2.548371    -.033026
   _ImonXhou_3_21 |  -.1857378    .644435    -0.29   0.773    -1.448904    1.077428
   _ImonXhou_3_22 |  -.1198693   .6866664    -0.17   0.861    -1.465813    1.226075
   _ImonXhou_3_23 |  -.0630957   .7102387    -0.09   0.929    -1.455244    1.329053
   _ImonXhou_3_24 |  -.3826159     .68938    -0.56   0.579    -1.733879    .9686471
    _ImonXhou_4_2 |   .8562633   .8905678     0.96   0.336    -.8893506    2.601877
    _ImonXhou_4_3 |   .4750628   .8843775     0.54   0.591    -1.258417    2.208543
    _ImonXhou_4_4 |  -2.120333   .9222116    -2.30   0.022    -3.927973    -.312694
    _ImonXhou_4_5 |  -2.750946   .8477662    -3.24   0.001    -4.412664   -1.089228
    _ImonXhou_4_6 |  -2.804206   .8790914    -3.19   0.001    -4.527325   -1.081087
    _ImonXhou_4_7 |  -1.670239    .934729    -1.79   0.074    -3.502414    .1619361
    _ImonXhou_4_8 |      .4079   .8761884     0.47   0.642    -1.309529    2.125329
    _ImonXhou_4_9 |   .1287242   .9019894     0.14   0.887    -1.639277    1.896726
   _ImonXhou_4_10 |   .2606436   .8613885     0.30   0.762    -1.427776    1.949063
   _ImonXhou_4_11 |   .4380028   .8566543     0.51   0.609    -1.241137    2.117143
   _ImonXhou_4_12 |    .367791   .8912318     0.41   0.680    -1.379124    2.114707
   _ImonXhou_4_13 |   .3929139   .8123473     0.48   0.629    -1.199379    1.985207
   _ImonXhou_4_14 |   1.078633   .8260782     1.31   0.192    -.5405735     2.69784
   _ImonXhou_4_15 |   1.074653   .8768971     1.23   0.220    -.6441646    2.793471
   _ImonXhou_4_16 |     .68593   .8766225     0.78   0.434     -1.03235     2.40421
   _ImonXhou_4_17 |   .4471588   .8768607     0.51   0.610    -1.271588    2.165905
   _ImonXhou_4_18 |   1.190313   .8574634     1.39   0.165    -.4904126    2.871038
   _ImonXhou_4_19 |  -.0317073   .8478478    -0.04   0.970    -1.693585    1.630171
   _ImonXhou_4_20 |    1.34412   .8014484     1.68   0.094    -.2268096     2.91505
   _ImonXhou_4_21 |  -.0150361   .7941684    -0.02   0.985    -1.571696    1.541624
   _ImonXhou_4_22 |   .9579778   .8264073     1.16   0.246    -.6618742     2.57783
   _ImonXhou_4_23 |   1.337245   .8210387     1.63   0.103    -.2720843    2.946574
   _ImonXhou_4_24 |   .4938296   .8326615     0.59   0.553    -1.138281    2.125941
    _ImonXhou_5_2 |   .4211611   .9388423     0.45   0.654    -1.419076    2.261399
    _ImonXhou_5_3 |  -.4973955    .957862    -0.52   0.604    -2.374914    1.380123
    _ImonXhou_5_4 |  -2.303796   .9384088    -2.46   0.014    -4.143184   -.4644085
    _ImonXhou_5_5 |  -3.209117   .8749871    -3.67   0.000    -4.924191   -1.494043
    _ImonXhou_5_6 |  -3.394491   .9092158    -3.73   0.000    -5.176657   -1.612325
    _ImonXhou_5_7 |  -2.100538   .9694242    -2.17   0.030    -4.000719   -.2003562
    _ImonXhou_5_8 |  -1.230051     .92968    -1.32   0.186     -3.05233     .592227
    _ImonXhou_5_9 |  -1.050698   .8917451    -1.18   0.239     -2.79862    .6972234
   _ImonXhou_5_10 |  -.4295903   .9045255    -0.47   0.635    -2.202563    1.343382
   _ImonXhou_5_11 |   .0721625   .9101973     0.08   0.937    -1.711927    1.856253
   _ImonXhou_5_12 |   .2139091   .9300086     0.23   0.818    -1.609013    2.036831
   _ImonXhou_5_13 |   .7812074   .8121374     0.96   0.336    -.8106741    2.373089
   _ImonXhou_5_14 |   1.008281   .8400893     1.20   0.230    -.6383897    2.654951
   _ImonXhou_5_15 |   .1597248   .8976989     0.18   0.859    -1.599867    1.919316
   _ImonXhou_5_16 |   .6468125   .8976774     0.72   0.471    -1.112737    2.406362
   _ImonXhou_5_17 |  -.2289089   .9044488    -0.25   0.800    -2.001731    1.543913
   _ImonXhou_5_18 |   .8018583   .8895322     0.90   0.367    -.9417257    2.545442
   _ImonXhou_5_19 |  -1.371494   .8670931    -1.58   0.114    -3.071095    .3281068
   _ImonXhou_5_20 |  -.3790933   .8193179    -0.46   0.644    -1.985049    1.226863
   _ImonXhou_5_21 |  -.6128561   .7894027    -0.78   0.438    -2.160175    .9344627
   _ImonXhou_5_22 |  -.1385833   .8565486    -0.16   0.871    -1.817516    1.540349
   _ImonXhou_5_23 |   .4067901   .8702433     0.47   0.640    -1.298985    2.112566
   _ImonXhou_5_24 |  -.0170287   .8732272    -0.02   0.984    -1.728653    1.694596
    _ImonXhou_6_2 |   .5702444   1.016299     0.56   0.575    -1.421817    2.562306
    _ImonXhou_6_3 |  -1.119279   1.039082    -1.08   0.281    -3.155998    .9174398
    _ImonXhou_6_4 |  -3.380031   1.042631    -3.24   0.001    -5.423705   -1.336356
    _ImonXhou_6_5 |  -3.863668   .9755922    -3.96   0.000     -5.77594   -1.951397
    _ImonXhou_6_6 |  -4.789226   1.013121    -4.73   0.000    -6.775059   -2.803393
    _ImonXhou_6_7 |  -3.645539   1.037608    -3.51   0.000    -5.679369    -1.61171
    _ImonXhou_6_8 |  -1.109834   1.012804    -1.10   0.273    -3.095045    .8753772
    _ImonXhou_6_9 |  -.4955825   .9349727    -0.53   0.596    -2.328235     1.33707
   _ImonXhou_6_10 |  -2.209661   .9470411    -2.33   0.020    -4.065969   -.3533534
   _ImonXhou_6_11 |  -.0986556   .9731824    -0.10   0.919    -2.006203    1.808892
   _ImonXhou_6_12 |   .3924761   .9362862     0.42   0.675    -1.442751    2.227703
   _ImonXhou_6_13 |    .355984   .9339328     0.38   0.703     -1.47463    2.186598
   _ImonXhou_6_14 |   .2371693   .9001467     0.26   0.792     -1.52722    2.001559
   _ImonXhou_6_15 |   .2663151   .8963963     0.30   0.766    -1.490723    2.023354
   _ImonXhou_6_16 |   .0158736   .9746786     0.02   0.987    -1.894607    1.926354
   _ImonXhou_6_17 |   .0061354   .9522215     0.01   0.995    -1.860327    1.872598
   _ImonXhou_6_18 |  -.6679375     .97488    -0.69   0.493    -2.578813    1.242938
   _ImonXhou_6_19 |  -.6045361   .9483964    -0.64   0.524    -2.463501    1.254428
   _ImonXhou_6_20 |  -.1016121   .9189915    -0.11   0.912     -1.90294    1.699716
   _ImonXhou_6_21 |  -.3411629   .8772188    -0.39   0.697    -2.060611    1.378285
   _ImonXhou_6_22 |  -.1941157   .8730848    -0.22   0.824    -1.905461     1.51723
   _ImonXhou_6_23 |   .7296507   .8509026     0.86   0.391     -.938215    2.397516
   _ImonXhou_6_24 |  -.9780808   .9361691    -1.04   0.296    -2.813078    .8569169
    _ImonXhou_7_2 |  -.3458546   1.149287    -0.30   0.763    -2.598587    1.906878
    _ImonXhou_7_3 |   -1.64512   1.151111    -1.43   0.153    -3.901428    .6111869
    _ImonXhou_7_4 |  -4.775256   1.165341    -4.10   0.000    -7.059456   -2.491056
    _ImonXhou_7_5 |  -5.307579   1.104121    -4.81   0.000     -7.47178   -3.143377
    _ImonXhou_7_6 |  -6.030776   1.110079    -5.43   0.000    -8.206657   -3.854894
    _ImonXhou_7_7 |  -3.659599   1.160629    -3.15   0.002    -5.934563   -1.384635
    _ImonXhou_7_8 |   -1.86932   1.127766    -1.66   0.097     -4.07987    .3412289
    _ImonXhou_7_9 |  -.6515708   1.067999    -0.61   0.542    -2.744971    1.441829
   _ImonXhou_7_10 |  -.0987284   1.060358    -0.09   0.926     -2.17715    1.979693
   _ImonXhou_7_11 |   -.150072   1.039273    -0.14   0.885    -2.187165    1.887021
   _ImonXhou_7_12 |  -.4044434   1.062585    -0.38   0.703     -2.48723    1.678343
   _ImonXhou_7_13 |   .5950437   1.016895     0.59   0.558    -1.398186    2.588274
   _ImonXhou_7_14 |   1.254142   1.053926     1.19   0.234    -.8116713    3.319956
   _ImonXhou_7_15 |    .512565    1.13584     0.45   0.652     -1.71381     2.73894
   _ImonXhou_7_16 |   -.235955   1.143536    -0.21   0.837    -2.477415    2.005505
   _ImonXhou_7_17 |   .7858269   1.064155     0.74   0.460    -1.300039    2.871692
   _ImonXhou_7_18 |   .5967391   1.047232     0.57   0.569    -1.455955    2.649433
   _ImonXhou_7_19 |  -.3319038   1.076969    -0.31   0.758    -2.442885    1.779077
   _ImonXhou_7_20 |   .3292631   .9901002     0.33   0.739    -1.611446    2.269972
   _ImonXhou_7_21 |   .0400107   .9795538     0.04   0.967    -1.880026    1.960047
   _ImonXhou_7_22 |   .8817034     1.0124     0.87   0.384    -1.102715    2.866122
   _ImonXhou_7_23 |   .3523985   1.057858     0.33   0.739    -1.721123     2.42592
   _ImonXhou_7_24 |   .8254651   1.062838     0.78   0.437    -1.257818    2.908748
    _ImonXhou_8_2 |  -.6721338   1.067137    -0.63   0.529    -2.763843    1.419575
    _ImonXhou_8_3 |  -2.398393   1.064271    -2.25   0.024    -4.484484   -.3123021
    _ImonXhou_8_4 |  -5.443698   1.113263    -4.89   0.000    -7.625821   -3.261576
    _ImonXhou_8_5 |  -5.581719   1.081283    -5.16   0.000    -7.701157   -3.462282
    _ImonXhou_8_6 |  -5.698571   1.067943    -5.34   0.000    -7.791861   -3.605281
    _ImonXhou_8_7 |  -3.367553   1.095121    -3.08   0.002    -5.514113   -1.220992
    _ImonXhou_8_8 |  -1.278115   1.091732    -1.17   0.242    -3.418034    .8618045
    _ImonXhou_8_9 |  -.6452378   1.068604    -0.60   0.546    -2.739823    1.449348
   _ImonXhou_8_10 |  -2.672186   1.042456    -2.56   0.010    -4.715517   -.6288547
   _ImonXhou_8_11 |  -1.691326   1.058294    -1.60   0.110    -3.765702    .3830495
   _ImonXhou_8_12 |  -2.116183   1.056782    -2.00   0.045    -4.187595   -.0447709
   _ImonXhou_8_13 |   .0555389   .9870561     0.06   0.955    -1.879203    1.990281
   _ImonXhou_8_14 |  -.2371652   1.016676    -0.23   0.816    -2.229965    1.755634
   _ImonXhou_8_15 |  -.6813106   1.088726    -0.63   0.531    -2.815337    1.452716
   _ImonXhou_8_16 |  -1.862557   1.033797    -1.80   0.072    -3.888917    .1638027
   _ImonXhou_8_17 |   -1.77842   1.024232    -1.74   0.083     -3.78603    .2291904
   _ImonXhou_8_18 |  -.6372407    1.02927    -0.62   0.536    -2.654727    1.380245
   _ImonXhou_8_19 |  -1.599539   .9765099    -1.64   0.101    -3.513609    .3145313
   _ImonXhou_8_20 |  -1.452475   .9931495    -1.46   0.144    -3.399161    .4942105
   _ImonXhou_8_21 |   -1.52017   .9764536    -1.56   0.120     -3.43413      .39379
   _ImonXhou_8_22 |  -.8304021    .992593    -0.84   0.403    -2.775997    1.115193
   _ImonXhou_8_23 |  -.9094746   1.019082    -0.89   0.372    -2.906991    1.088042
   _ImonXhou_8_24 |    .443788   1.032619     0.43   0.667    -1.580263    2.467839
    _ImonXhou_9_2 |  -.7440279   .9862924    -0.75   0.451    -2.677273    1.189217
    _ImonXhou_9_3 |  -1.772108   1.023451    -1.73   0.083    -3.778188    .2339716
    _ImonXhou_9_4 |  -5.564391   1.043183    -5.33   0.000    -7.609147   -3.519634
    _ImonXhou_9_5 |  -5.271585   1.018962    -5.17   0.000    -7.268866   -3.274304
    _ImonXhou_9_6 |  -6.530889   1.022236    -6.39   0.000    -8.534587    -4.52719
    _ImonXhou_9_7 |  -3.075908   1.029419    -2.99   0.003    -5.093687    -1.05813
    _ImonXhou_9_8 |   -2.30527   1.059275    -2.18   0.030    -4.381569   -.2289704
    _ImonXhou_9_9 |   -3.17663   1.038719    -3.06   0.002    -5.212638   -1.140622
   _ImonXhou_9_10 |  -3.692409   1.003046    -3.68   0.000    -5.658493   -1.726325
   _ImonXhou_9_11 |  -2.793471   1.020275    -2.74   0.006    -4.793326   -.7936163
   _ImonXhou_9_12 |  -2.731229   1.024555    -2.67   0.008    -4.739473   -.7229848
   _ImonXhou_9_13 |  -2.126833   .9414274    -2.26   0.024    -3.972138   -.2815284
   _ImonXhou_9_14 |  -1.788178   .9111508    -1.96   0.050    -3.574137   -.0022193
   _ImonXhou_9_15 |  -1.378269   .9933573    -1.39   0.165    -3.325362    .5688237
   _ImonXhou_9_16 |  -3.228313   .9724749    -3.32   0.001    -5.134474   -1.322152
   _ImonXhou_9_17 |  -1.997821   .9712678    -2.06   0.040    -3.901616   -.0940258
   _ImonXhou_9_18 |  -.8342243   .9611665    -0.87   0.385     -2.71822    1.049771
   _ImonXhou_9_19 |  -2.790088   .9268615    -3.01   0.003    -4.606841   -.9733339
   _ImonXhou_9_20 |  -2.470823   .9203613    -2.68   0.007    -4.274835   -.6668102
   _ImonXhou_9_21 |  -2.293906   .8758391    -2.62   0.009     -4.01065   -.5771622
   _ImonXhou_9_22 |  -2.754761   .9340359    -2.95   0.003    -4.585577   -.9239444
   _ImonXhou_9_23 |  -2.516067   .9909702    -2.54   0.011    -4.458481   -.5736531
   _ImonXhou_9_24 |   .5194702   .9278708     0.56   0.576    -1.299262    2.338202
   _ImonXhou_10_2 |  -.8717133   1.021756    -0.85   0.394    -2.874472    1.131045
   _ImonXhou_10_3 |  -1.465607   1.041367    -1.41   0.159    -3.506805    .5755909
   _ImonXhou_10_4 |  -4.719076    1.11542    -4.23   0.000    -6.905425   -2.532726
   _ImonXhou_10_5 |  -5.823571   1.052085    -5.54   0.000    -7.885776   -3.761365
   _ImonXhou_10_6 |  -6.452154   1.046384    -6.17   0.000    -8.503185   -4.401123
   _ImonXhou_10_7 |   -3.11572   1.060579    -2.94   0.003    -5.194574   -1.036865
   _ImonXhou_10_8 |  -2.685468   1.043825    -2.57   0.010    -4.731484   -.6394521
   _ImonXhou_10_9 |  -3.394601   1.009198    -3.36   0.001    -5.372744   -1.416458
  _ImonXhou_10_10 |  -4.056246   1.016841    -3.99   0.000     -6.04937   -2.063122
  _ImonXhou_10_11 |  -3.524365   1.021841    -3.45   0.001     -5.52729    -1.52144
  _ImonXhou_10_12 |  -3.988318   1.062846    -3.75   0.000    -6.071617   -1.905019
  _ImonXhou_10_13 |  -3.765013   .9490493    -3.97   0.000    -5.625257   -1.904769
  _ImonXhou_10_14 |  -4.274088   .9234878    -4.63   0.000    -6.084229   -2.463947
  _ImonXhou_10_15 |  -2.955187   1.040555    -2.84   0.005    -4.994792    -.915581
  _ImonXhou_10_16 |   -2.55031   1.002435    -2.54   0.011    -4.515196   -.5854246
  _ImonXhou_10_17 |  -2.483341   .9983319    -2.49   0.013    -4.440185   -.5264969
  _ImonXhou_10_18 |  -2.304373    1.00968    -2.28   0.022     -4.28346   -.3252864
  _ImonXhou_10_19 |  -2.168747   1.006815    -2.15   0.031    -4.142219   -.1952749
  _ImonXhou_10_20 |  -3.484253   .9375323    -3.72   0.000    -5.321923   -1.646584
  _ImonXhou_10_21 |  -2.492458   .9011457    -2.77   0.006    -4.258806   -.7261101
  _ImonXhou_10_22 |  -3.538572   .9129554    -3.88   0.000    -5.328068   -1.749076
  _ImonXhou_10_23 |  -2.278343   1.005776    -2.27   0.024    -4.249778    -.306908
  _ImonXhou_10_24 |  -.1484494   .9776456    -0.15   0.879    -2.064746    1.767847
   _ImonXhou_11_2 |   1.385051   1.048889     1.32   0.187    -.6708904    3.440991
   _ImonXhou_11_3 |  -.0993126   1.091486    -0.09   0.928    -2.238749    2.040124
   _ImonXhou_11_4 |  -1.596626   1.070855    -1.49   0.136    -3.695622    .5023708
   _ImonXhou_11_5 |  -3.322557   1.039755    -3.20   0.001    -5.360595   -1.284519
   _ImonXhou_11_6 |  -3.929516   1.052156    -3.73   0.000    -5.991861   -1.867171
   _ImonXhou_11_7 |  -1.356613   1.047084    -1.30   0.195    -3.409015    .6957903
   _ImonXhou_11_8 |  -.8503299   1.076861    -0.79   0.430    -2.961099    1.260439
   _ImonXhou_11_9 |  -2.528757   1.059133    -2.39   0.017    -4.604778    -.452736
  _ImonXhou_11_10 |  -2.585276   1.033394    -2.50   0.012    -4.610846   -.5597055
  _ImonXhou_11_11 |  -2.356761    1.02899    -2.29   0.022    -4.373699   -.3398229
  _ImonXhou_11_12 |  -2.669998   1.053168    -2.54   0.011    -4.734327   -.6056693
  _ImonXhou_11_13 |  -1.971217   .9589508    -2.06   0.040    -3.850869   -.0915646
  _ImonXhou_11_14 |  -2.243656    .993308    -2.26   0.024    -4.190653   -.2966595
  _ImonXhou_11_15 |  -.8027763   1.053711    -0.76   0.446    -2.868169    1.262616
  _ImonXhou_11_16 |  -1.373255   1.054565    -1.30   0.193    -3.440321    .6938112
  _ImonXhou_11_17 |  -1.885736   1.024339    -1.84   0.066    -3.893557     .122086
  _ImonXhou_11_18 |  -.9696285   1.034617    -0.94   0.349    -2.997595    1.058338
  _ImonXhou_11_19 |  -2.344747   1.000751    -2.34   0.019    -4.306333   -.3831607
  _ImonXhou_11_20 |  -2.436428   .9381871    -2.60   0.009    -4.275381   -.5974746
  _ImonXhou_11_21 |  -2.338668   .9409183    -2.49   0.013    -4.182974   -.4943612
  _ImonXhou_11_22 |  -2.584664   .9497859    -2.72   0.007    -4.446352   -.7229756
  _ImonXhou_11_23 |  -1.602392    1.01473    -1.58   0.114    -3.591378    .3865941
  _ImonXhou_11_24 |  -.9454417   1.016442    -0.93   0.352    -2.937784      1.0469
   _ImonXhou_12_2 |   1.050504   1.062241     0.99   0.323    -1.031608    3.132617
   _ImonXhou_12_3 |   1.362079   1.045472     1.30   0.193    -.6871656    3.411323
   _ImonXhou_12_4 |  -.4106662   1.082284    -0.38   0.704    -2.532065    1.710733
   _ImonXhou_12_5 |  -.8270056   .9902965    -0.84   0.404    -2.768099    1.114088
   _ImonXhou_12_6 |  -.9359556   1.001865    -0.93   0.350    -2.899725    1.027814
   _ImonXhou_12_7 |   .2669136   1.048576     0.25   0.799    -1.788414    2.322241
   _ImonXhou_12_8 |   .7262487   1.002776     0.72   0.469    -1.239306    2.691804
   _ImonXhou_12_9 |  -.2951626   1.002918    -0.29   0.769    -2.260995     1.67067
  _ImonXhou_12_10 |  -1.015979   .9903697    -1.03   0.305    -2.957216    .9252584
  _ImonXhou_12_11 |  -.8772718   .9923348    -0.88   0.377    -2.822361    1.067817
  _ImonXhou_12_12 |  -1.496308   .9940245    -1.51   0.132    -3.444709    .4520928
  _ImonXhou_12_13 |  -.1885109   .9234887    -0.20   0.838    -1.998654    1.621632
  _ImonXhou_12_14 |  -.1540296   .9415559    -0.16   0.870    -1.999586    1.691527
  _ImonXhou_12_15 |   .1216478   .9736419     0.12   0.901    -1.786801    2.030096
  _ImonXhou_12_16 |  -.5566764   .9375678    -0.59   0.553    -2.394416    1.281063
  _ImonXhou_12_17 |  -.4938169   .9806872    -0.50   0.615    -2.416075    1.428441
  _ImonXhou_12_18 |   .0520839    .978198     0.05   0.958    -1.865295    1.969463
  _ImonXhou_12_19 |  -.3109374   .9423384    -0.33   0.741    -2.158028    1.536153
  _ImonXhou_12_20 |  -.0536573   .9153212    -0.06   0.953    -1.847791    1.740476
  _ImonXhou_12_21 |  -.3181238   .8472183    -0.38   0.707    -1.978768     1.34252
  _ImonXhou_12_22 |   -.893383   .8655439    -1.03   0.302    -2.589947    .8031813
  _ImonXhou_12_23 |   .0082485   .9016397     0.01   0.993    -1.759068    1.775565
  _ImonXhou_12_24 |  -.8884259   .8870002    -1.00   0.317    -2.627047    .8501952
           eprice |   .5810901   .0510252    11.39   0.000     .4810748    .6811053
            _cons |  -.7401752   1.309528    -0.57   0.572    -3.306999    1.826649
-----------------------------------------------------------------------------------


Instrumental variables (2SLS) regression               Number of obs =   16186
                                                       Wald chi2(316)=38208.86
                                                       Prob > chi2   =  0.0000
                                                       R-squared     =  0.7088
                                                       Root MSE      =  9.4304

-----------------------------------------------------------------------------------
                  |               Robust
         mg_price |      Coef.   Std. Err.      z    P>|z|     [95% Conf. Interval]
------------------+----------------------------------------------------------------
           ecost2 |   .8345449   .1726276     4.83   0.000      .496201    1.172889
            windx |  -2.089076   .3328506    -6.28   0.000    -2.741451     -1.4367
           windx2 |   .0542537   .0232663     2.33   0.020     .0086526    .0998548
             temp |   -.204357   .0565774    -3.61   0.000    -.3152466   -.0934674
            tempx |   .1120921   .0467421     2.40   0.016     .0204793     .203705
            humid |   .0180991   .0118165     1.53   0.126    -.0050609     .041259
             coal |   57.49648   3.884889    14.80   0.000     49.88223    65.11072
              gas |    5.60418   .3911346    14.33   0.000      4.83757     6.37079
            brent |  -2.938191   .8335326    -3.52   0.000    -4.571885   -1.304497
         _Ihour_2 |  -8.099731   1.658629    -4.88   0.000    -11.35058   -4.848878
         _Ihour_3 |   -11.5546   1.706351    -6.77   0.000    -14.89899   -8.210214
         _Ihour_4 |  -15.90304   1.839931    -8.64   0.000    -19.50924   -12.29684
         _Ihour_5 |  -18.59346   1.900414    -9.78   0.000     -22.3182   -14.86872
         _Ihour_6 |  -19.08263   1.881378   -10.14   0.000    -22.77007    -15.3952
         _Ihour_7 |  -15.30079   1.767207    -8.66   0.000    -18.76445   -11.83713
         _Ihour_8 |  -8.055938   1.846666    -4.36   0.000    -11.67534   -4.436539
         _Ihour_9 |  -4.701738   2.298034    -2.05   0.041    -9.205803   -.1976742
        _Ihour_10 |  -2.382895   2.239385    -1.06   0.287     -6.77201     2.00622
        _Ihour_11 |   1.100986   2.118189     0.52   0.603    -3.050589    5.252561
        _Ihour_12 |   1.741531     1.9792     0.88   0.379     -2.13763    5.620692
        _Ihour_13 |   2.678901   1.863992     1.44   0.151    -.9744569    6.332258
        _Ihour_14 |   1.357001   1.760611     0.77   0.441    -2.093734    4.807736
        _Ihour_15 |  -.0638368   1.801981    -0.04   0.972    -3.595655    3.467981
        _Ihour_16 |  -1.296251   1.865404    -0.69   0.487    -4.952375    2.359873
        _Ihour_17 |  -2.458055   1.797587    -1.37   0.171     -5.98126    1.065151
        _Ihour_18 |  -.0496316   1.826982    -0.03   0.978    -3.630451    3.531188
        _Ihour_19 |   4.828411   1.870401     2.58   0.010     1.162492     8.49433
        _Ihour_20 |   10.36672   2.064772     5.02   0.000     6.319841     14.4136
        _Ihour_21 |   9.343323   2.097657     4.45   0.000     5.231991    13.45465
        _Ihour_22 |      6.141   1.920174     3.20   0.001     2.377529    9.904471
        _Ihour_23 |   4.687253   1.794323     2.61   0.009     1.170445    8.204062
        _Ihour_24 |   4.950996   1.740968     2.84   0.004     1.538762     8.36323
      _Iyear_2005 |   11.38333   1.145279     9.94   0.000     9.138628    13.62804
      _Iyear_2006 |   25.77292   3.163329     8.15   0.000     19.57291    31.97293
      _Iyear_2007 |          0  (omitted)
        _Iweekd_2 |   .5742314   .2832853     2.03   0.043     .0190024     1.12946
        _Iweekd_3 |   1.383168   .2929172     4.72   0.000      .809061    1.957275
        _Iweekd_4 |   1.292245   .2954718     4.37   0.000     .7131305    1.871359
        _Iweekd_5 |   .1063886   .2784223     0.38   0.702    -.4393091    .6520863
        _Iweekd_6 |  -3.994238   .2782367   -14.36   0.000    -4.539572   -3.448904
        _Iweekd_7 |  -8.989008   .3117451   -28.83   0.000    -9.600017   -8.377999
        _Imonth_2 |   -.827626   1.831845    -0.45   0.651    -4.417976    2.762724
        _Imonth_3 |   .0549753   1.884395     0.03   0.977    -3.638372    3.748322
        _Imonth_4 |  -2.808296   1.614083    -1.74   0.082     -5.97184    .3552491
        _Imonth_5 |  -.9288247    1.70848    -0.54   0.587    -4.277384    2.419735
        _Imonth_6 |  -6.200825   1.896742    -3.27   0.001    -9.918372   -2.483278
        _Imonth_7 |  -7.346827   1.843772    -3.98   0.000    -10.96055     -3.7331
        _Imonth_8 |  -9.563928   1.873851    -5.10   0.000    -13.23661   -5.891248
        _Imonth_9 |  -7.939055    1.99818    -3.97   0.000    -11.85542   -4.022693
       _Imonth_10 |  -6.569499   2.010251    -3.27   0.001    -10.50952   -2.629479
       _Imonth_11 |  -.9711495   2.058096    -0.47   0.637    -5.004943    3.062644
       _Imonth_12 |   9.358498   1.884715     4.97   0.000     5.664524    13.05247
 _ImonXyea_2_2005 |   4.173658   .8477828     4.92   0.000     2.512035    5.835282
 _ImonXyea_2_2006 |  -.3981466   1.135397    -0.35   0.726    -2.623484    1.827191
 _ImonXyea_2_2007 |          0  (omitted)
 _ImonXyea_3_2005 |   3.764334    1.26981     2.96   0.003     1.275553    6.253116
 _ImonXyea_3_2006 |          0  (omitted)
 _ImonXyea_3_2007 |          0  (omitted)
 _ImonXyea_4_2005 |   3.369548   1.450675     2.32   0.020     .5262765     6.21282
 _ImonXyea_4_2006 |          0  (omitted)
 _ImonXyea_4_2007 |          0  (omitted)
 _ImonXyea_5_2005 |  -2.757723   1.585421    -1.74   0.082    -5.865091    .3496455
 _ImonXyea_5_2006 |          0  (omitted)
 _ImonXyea_5_2007 |          0  (omitted)
 _ImonXyea_6_2005 |   7.151911   2.060988     3.47   0.001     3.112448    11.19137
 _ImonXyea_6_2006 |          0  (omitted)
 _ImonXyea_6_2007 |          0  (omitted)
 _ImonXyea_7_2005 |   10.82791   2.288289     4.73   0.000     6.342947    15.31288
 _ImonXyea_7_2006 |          0  (omitted)
 _ImonXyea_7_2007 |          0  (omitted)
 _ImonXyea_8_2005 |   8.331298   1.897172     4.39   0.000     4.612909    12.04969
 _ImonXyea_8_2006 |          0  (omitted)
 _ImonXyea_8_2007 |          0  (omitted)
 _ImonXyea_9_2005 |   8.469031   2.146323     3.95   0.000     4.262316    12.67575
 _ImonXyea_9_2006 |          0  (omitted)
 _ImonXyea_9_2007 |          0  (omitted)
_ImonXyea_10_2005 |    4.14806   1.964472     2.11   0.035     .2977648    7.998355
_ImonXyea_10_2006 |          0  (omitted)
_ImonXyea_10_2007 |          0  (omitted)
_ImonXyea_11_2005 |   6.840095   1.817436     3.76   0.000     3.277986     10.4022
_ImonXyea_11_2006 |          0  (omitted)
_ImonXyea_11_2007 |          0  (omitted)
_ImonXyea_12_2005 |   11.66748   1.983106     5.88   0.000     7.780664     15.5543
_ImonXyea_12_2006 |          0  (omitted)
_ImonXyea_12_2007 |          0  (omitted)
    _ImonXhou_2_2 |  -.2308015   2.359059    -0.10   0.922    -4.854472    4.392869
    _ImonXhou_2_3 |   -.437441   2.407815    -0.18   0.856    -5.156672     4.28179
    _ImonXhou_2_4 |   1.964926   2.432974     0.81   0.419    -2.803616    6.733468
    _ImonXhou_2_5 |   1.626479   2.417204     0.67   0.501    -3.111153    6.364112
    _ImonXhou_2_6 |   1.479676   2.392236     0.62   0.536     -3.20902    6.168372
    _ImonXhou_2_7 |   2.537094   2.345542     1.08   0.279    -2.060084    7.134273
    _ImonXhou_2_8 |   1.480261   2.521095     0.59   0.557    -3.460993    6.421516
    _ImonXhou_2_9 |    .285124   3.062848     0.09   0.926    -5.717948    6.288196
   _ImonXhou_2_10 |   2.854564    3.09996     0.92   0.357    -3.221246    8.930374
   _ImonXhou_2_11 |   2.568322   2.926192     0.88   0.380     -3.16691    8.303553
   _ImonXhou_2_12 |   2.025386   2.763192     0.73   0.464    -3.390371    7.441144
   _ImonXhou_2_13 |   2.269253    2.67778     0.85   0.397      -2.9791    7.517605
   _ImonXhou_2_14 |   .2841099   2.432327     0.12   0.907    -4.483164    5.051384
   _ImonXhou_2_15 |  -1.768986   2.490201    -0.71   0.477     -6.64969    3.111718
   _ImonXhou_2_16 |  -1.766421   2.512814    -0.70   0.482    -6.691446    3.158604
   _ImonXhou_2_17 |  -1.932636   2.494797    -0.77   0.439    -6.822347    2.957076
   _ImonXhou_2_18 |  -3.305676    2.56166    -1.29   0.197    -8.326436    1.715084
   _ImonXhou_2_19 |   -4.72018   2.595953    -1.82   0.069    -9.808154    .3677936
   _ImonXhou_2_20 |  -1.584145   2.705652    -0.59   0.558    -6.887125    3.718836
   _ImonXhou_2_21 |   .7515017   2.810963     0.27   0.789    -4.757884    6.260887
   _ImonXhou_2_22 |   1.364526   2.824401     0.48   0.629    -4.171198    6.900251
   _ImonXhou_2_23 |  -2.341381   2.465882    -0.95   0.342    -7.174421     2.49166
   _ImonXhou_2_24 |  -2.298877    2.40258    -0.96   0.339    -7.007848    2.410094
    _ImonXhou_3_2 |   3.711973   2.471223     1.50   0.133    -1.131536    8.555482
    _ImonXhou_3_3 |   3.184189   2.387321     1.33   0.182    -1.494873    7.863252
    _ImonXhou_3_4 |   4.779473   2.530285     1.89   0.059    -.1797945     9.73874
    _ImonXhou_3_5 |   6.518117   2.570402     2.54   0.011     1.480222    11.55601
    _ImonXhou_3_6 |   7.197514   2.509642     2.87   0.004     2.278707    12.11632
    _ImonXhou_3_7 |    6.82196   2.450707     2.78   0.005     2.018663    11.62526
    _ImonXhou_3_8 |   3.302153   2.553541     1.29   0.196    -1.702696    8.307002
    _ImonXhou_3_9 |   5.188194   3.068565     1.69   0.091    -.8260819    11.20247
   _ImonXhou_3_10 |   9.106862   3.195965     2.85   0.004     2.842885    15.37084
   _ImonXhou_3_11 |   5.169366   3.147148     1.64   0.100    -.9989301    11.33766
   _ImonXhou_3_12 |   5.770734   2.999952     1.92   0.054    -.1090639    11.65053
   _ImonXhou_3_13 |   4.587156   2.999808     1.53   0.126     -1.29236    10.46667
   _ImonXhou_3_14 |   3.083016    2.74847     1.12   0.262    -2.303886    8.469918
   _ImonXhou_3_15 |   1.988894   2.671273     0.74   0.457    -3.246705    7.224493
   _ImonXhou_3_16 |   1.181092   2.700002     0.44   0.662    -4.110815    6.472998
   _ImonXhou_3_17 |    2.93687   2.649457     1.11   0.268    -2.255971    8.129711
   _ImonXhou_3_18 |   .3440509   2.714369     0.13   0.899    -4.976014    5.664115
   _ImonXhou_3_19 |  -2.629128   2.801872    -0.94   0.348    -8.120697     2.86244
   _ImonXhou_3_20 |  -1.063962   3.351235    -0.32   0.751    -7.632261    5.504336
   _ImonXhou_3_21 |   2.341107   3.132427     0.75   0.455    -3.798336     8.48055
   _ImonXhou_3_22 |   6.223443   3.107563     2.00   0.045     .1327318    12.31415
   _ImonXhou_3_23 |   1.144623   2.862701     0.40   0.689    -4.466167    6.755414
   _ImonXhou_3_24 |   .0056512   2.764398     0.00   0.998     -5.41247    5.423773
    _ImonXhou_4_2 |   3.640616   2.032046     1.79   0.073    -.3421212    7.623353
    _ImonXhou_4_3 |   4.620366   2.071828     2.23   0.026     .5596576    8.681074
    _ImonXhou_4_4 |   8.186196   2.124051     3.85   0.000     4.023132    12.34926
    _ImonXhou_4_5 |   9.479169   2.143425     4.42   0.000     5.278133    13.68021
    _ImonXhou_4_6 |   10.35658   2.152193     4.81   0.000     6.138361     14.5748
    _ImonXhou_4_7 |    9.20402   2.055016     4.48   0.000     5.176263    13.23178
    _ImonXhou_4_8 |   6.065968   2.176592     2.79   0.005     1.799927    10.33201
    _ImonXhou_4_9 |   3.566919    2.57164     1.39   0.165    -1.473403    8.607241
   _ImonXhou_4_10 |   3.924843    2.61289     1.50   0.133    -1.196326    9.046012
   _ImonXhou_4_11 |   1.623953   2.543656     0.64   0.523    -3.361521    6.609427
   _ImonXhou_4_12 |   1.126465   2.324214     0.48   0.628    -3.428911    5.681842
   _ImonXhou_4_13 |   1.595054   2.316063     0.69   0.491    -2.944346    6.134454
   _ImonXhou_4_14 |   1.234535   2.143744     0.58   0.565    -2.967125    5.436196
   _ImonXhou_4_15 |   .5863212   2.128446     0.28   0.783    -3.585356    4.757998
   _ImonXhou_4_16 |   1.553447   2.200372     0.71   0.480    -2.759203    5.866096
   _ImonXhou_4_17 |   1.958419   2.113029     0.93   0.354    -2.183042     6.09988
   _ImonXhou_4_18 |   .3565431   2.237842     0.16   0.873    -4.029547    4.742633
   _ImonXhou_4_19 |  -4.544175   2.256166    -2.01   0.044    -8.966179   -.1221719
   _ImonXhou_4_20 |  -11.64281    2.37214    -4.91   0.000    -16.29212   -6.993502
   _ImonXhou_4_21 |  -8.706562    2.43187    -3.58   0.000    -13.47294   -3.940184
   _ImonXhou_4_22 |   1.675819   2.476539     0.68   0.499    -3.178108    6.529745
   _ImonXhou_4_23 |  -2.197036   2.177362    -1.01   0.313    -6.464588    2.070515
   _ImonXhou_4_24 |  -6.645774    2.11305    -3.15   0.002    -10.78728   -2.504272
    _ImonXhou_5_2 |   4.410833   2.063472     2.14   0.033     .3665021    8.455164
    _ImonXhou_5_3 |   6.732442   2.079962     3.24   0.001     2.655792    10.80909
    _ImonXhou_5_4 |   9.793019   2.167086     4.52   0.000     5.545609    14.04043
    _ImonXhou_5_5 |   11.74798   2.183681     5.38   0.000     7.468043    16.02792
    _ImonXhou_5_6 |   12.60049    2.17295     5.80   0.000     8.341589     16.8594
    _ImonXhou_5_7 |   10.15364   2.075774     4.89   0.000     6.085198    14.22208
    _ImonXhou_5_8 |   5.826985    2.18206     2.67   0.008     1.550226    10.10374
    _ImonXhou_5_9 |   5.160431   2.647635     1.95   0.051    -.0288371     10.3497
   _ImonXhou_5_10 |   4.158213   2.628683     1.58   0.114    -.9939106    9.310336
   _ImonXhou_5_11 |   1.707405   2.565237     0.67   0.506    -3.320367    6.735177
   _ImonXhou_5_12 |   1.869122   2.409624     0.78   0.438    -2.853654    6.591897
   _ImonXhou_5_13 |   1.538797   2.334931     0.66   0.510    -3.037583    6.115178
   _ImonXhou_5_14 |   1.523787   2.233816     0.68   0.495    -2.854412    5.901985
   _ImonXhou_5_15 |   1.603582   2.337657     0.69   0.493    -2.978143    6.185306
   _ImonXhou_5_16 |   2.981062    2.33588     1.28   0.202    -1.597178    7.559303
   _ImonXhou_5_17 |   3.950706   2.235988     1.77   0.077      -.43175    8.333162
   _ImonXhou_5_18 |   1.884474   2.306267     0.82   0.414    -2.635726    6.404674
   _ImonXhou_5_19 |  -2.191229   2.315569    -0.95   0.344    -6.729661    2.347202
   _ImonXhou_5_20 |  -9.713993   2.413641    -4.02   0.000    -14.44464   -4.983345
   _ImonXhou_5_21 |  -10.28201   2.410649    -4.27   0.000     -15.0068   -5.557227
   _ImonXhou_5_22 |  -.6406084   2.354427    -0.27   0.786    -5.255201    3.973984
   _ImonXhou_5_23 |  -.5026299   2.281041    -0.22   0.826    -4.973388    3.968128
   _ImonXhou_5_24 |  -5.352963   2.140548    -2.50   0.012    -9.548359   -1.157566
    _ImonXhou_6_2 |   3.650289   2.256241     1.62   0.106    -.7718616     8.07244
    _ImonXhou_6_3 |   5.871779   2.310791     2.54   0.011     1.342713    10.40085
    _ImonXhou_6_4 |   9.382154   2.397035     3.91   0.000     4.684053    14.08026
    _ImonXhou_6_5 |   11.28037   2.411734     4.68   0.000     6.553461    16.00728
    _ImonXhou_6_6 |   12.67359   2.421948     5.23   0.000     7.926658    17.42052
    _ImonXhou_6_7 |   10.49366   2.308285     4.55   0.000     5.969499    15.01781
    _ImonXhou_6_8 |   5.469237    2.39436     2.28   0.022     .7763786     10.1621
    _ImonXhou_6_9 |   9.480296    2.92278     3.24   0.001     3.751752    15.20884
   _ImonXhou_6_10 |   13.00139    3.02875     4.29   0.000     7.065143    18.93763
   _ImonXhou_6_11 |   11.95568   3.184561     3.75   0.000     5.714057    18.19731
   _ImonXhou_6_12 |   14.06461   3.328361     4.23   0.000     7.541145    20.58808
   _ImonXhou_6_13 |   13.35953   3.027652     4.41   0.000      7.42544    19.29362
   _ImonXhou_6_14 |   16.33078   3.276323     4.98   0.000     9.909305    22.75226
   _ImonXhou_6_15 |    13.7918   3.393627     4.06   0.000     7.140411    20.44318
   _ImonXhou_6_16 |   14.28346   3.173694     4.50   0.000     8.063132    20.50378
   _ImonXhou_6_17 |   16.43886   3.115405     5.28   0.000     10.33278    22.54494
   _ImonXhou_6_18 |   16.10546     3.4609     4.65   0.000     9.322225     22.8887
   _ImonXhou_6_19 |    8.58673   3.158273     2.72   0.007     2.396629    14.77683
   _ImonXhou_6_20 |   1.762844   3.163387     0.56   0.577    -4.437281    7.962969
   _ImonXhou_6_21 |  -2.674761   2.745118    -0.97   0.330    -8.055093    2.705571
   _ImonXhou_6_22 |   2.853648   2.660514     1.07   0.283    -2.360864    8.068161
   _ImonXhou_6_23 |   7.254244   2.631628     2.76   0.006     2.096347    12.41214
   _ImonXhou_6_24 |  -.1826361   2.411827    -0.08   0.940     -4.90973    4.544457
    _ImonXhou_7_2 |   4.577134   2.212939     2.07   0.039     .2398529    8.914415
    _ImonXhou_7_3 |   5.718421    2.19104     2.61   0.009     1.424062    10.01278
    _ImonXhou_7_4 |   9.733917   2.312394     4.21   0.000     5.201709    14.26613
    _ImonXhou_7_5 |   11.52253   2.370403     4.86   0.000     6.876629    16.16844
    _ImonXhou_7_6 |    12.8004     2.3365     5.48   0.000     8.220948    17.37986
    _ImonXhou_7_7 |   10.33352   2.271556     4.55   0.000     5.881358    14.78569
    _ImonXhou_7_8 |   5.461253   2.307239     2.37   0.018     .9391475    9.983359
    _ImonXhou_7_9 |   5.831674   2.719221     2.14   0.032     .5020987    11.16125
   _ImonXhou_7_10 |   9.586231   2.781895     3.45   0.001     4.133817    15.03865
   _ImonXhou_7_11 |   10.45017   2.990433     3.49   0.000     4.589028    16.31131
   _ImonXhou_7_12 |   10.88845   2.928455     3.72   0.000     5.148784    16.62812
   _ImonXhou_7_13 |   13.08594   2.991111     4.37   0.000     7.223474    18.94842
   _ImonXhou_7_14 |   12.51562   2.800799     4.47   0.000     7.026154    18.00508
   _ImonXhou_7_15 |   11.64898   2.765664     4.21   0.000     6.228378    17.06958
   _ImonXhou_7_16 |   14.25713   2.674695     5.33   0.000     9.014827    19.49944
   _ImonXhou_7_17 |   11.38931   2.711636     4.20   0.000     6.074606    16.70402
   _ImonXhou_7_18 |   11.87602   2.794664     4.25   0.000     6.398575    17.35346
   _ImonXhou_7_19 |   7.516497   2.964616     2.54   0.011     1.705956    13.32704
   _ImonXhou_7_20 |  -.9328697   2.815855    -0.33   0.740    -6.451844    4.586104
   _ImonXhou_7_21 |  -2.251773   2.599802    -0.87   0.386    -7.347292    2.843745
   _ImonXhou_7_22 |   1.341874   2.543849     0.53   0.598    -3.643977    6.327726
   _ImonXhou_7_23 |   7.415899   2.572773     2.88   0.004     2.373357    12.45844
   _ImonXhou_7_24 |  -1.615442   2.405929    -0.67   0.502    -6.330976    3.100093
    _ImonXhou_8_2 |   5.320593   2.084438     2.55   0.011     1.235169    9.406017
    _ImonXhou_8_3 |   7.165968   2.144034     3.34   0.001     2.963739     11.3682
    _ImonXhou_8_4 |    11.0076   2.382469     4.62   0.000     6.338051    15.67716
    _ImonXhou_8_5 |   12.08248   2.369277     5.10   0.000     7.438783    16.72618
    _ImonXhou_8_6 |   12.97901   2.349457     5.52   0.000     8.374155    17.58386
    _ImonXhou_8_7 |   10.41371   2.146715     4.85   0.000     6.206221    14.62119
    _ImonXhou_8_8 |    4.15316   2.246461     1.85   0.064    -.2498219    8.556143
    _ImonXhou_8_9 |   1.382876   2.605149     0.53   0.596    -3.723121    6.488874
   _ImonXhou_8_10 |   5.886297   2.612202     2.25   0.024     .7664755    11.00612
   _ImonXhou_8_11 |   5.027018   2.536154     1.98   0.047     .0562484    9.997787
   _ImonXhou_8_12 |   7.480191    2.60462     2.87   0.004     2.375231    12.58515
   _ImonXhou_8_13 |   8.806031   2.840709     3.10   0.002     3.238343    14.37372
   _ImonXhou_8_14 |    13.8718   2.975685     4.66   0.000     8.039561    19.70403
   _ImonXhou_8_15 |   8.832006   2.418352     3.65   0.000     4.092124    13.57189
   _ImonXhou_8_16 |   8.498995   2.420626     3.51   0.000     3.754656    13.24333
   _ImonXhou_8_17 |   7.696988   2.230004     3.45   0.001      3.32626    12.06771
   _ImonXhou_8_18 |   8.401084    2.62279     3.20   0.001      3.26051    13.54166
   _ImonXhou_8_19 |   1.798765    2.66594     0.67   0.500    -3.426382    7.023912
   _ImonXhou_8_20 |   -5.04767   2.551359    -1.98   0.048    -10.04824   -.0470974
   _ImonXhou_8_21 |  -6.010655   2.480918    -2.42   0.015    -10.87316   -1.148145
   _ImonXhou_8_22 |   3.761391   2.752291     1.37   0.172    -1.632999    9.155782
   _ImonXhou_8_23 |   5.152217   2.454362     2.10   0.036      .341755    9.962678
   _ImonXhou_8_24 |  -4.105751   2.256686    -1.82   0.069    -8.528774    .3172722
    _ImonXhou_9_2 |   5.332525   2.249327     2.37   0.018     .9239255    9.741125
    _ImonXhou_9_3 |   6.239012    2.25976     2.76   0.006     1.809963    10.66806
    _ImonXhou_9_4 |   10.86469   2.431377     4.47   0.000     6.099275     15.6301
    _ImonXhou_9_5 |   11.90993   2.407943     4.95   0.000     7.190444    16.62941
    _ImonXhou_9_6 |    13.8115   2.473117     5.58   0.000     8.964282    18.65872
    _ImonXhou_9_7 |   11.31038    2.23853     5.05   0.000     6.922939    15.69782
    _ImonXhou_9_8 |   11.67521   2.432724     4.80   0.000     6.907164    16.44327
    _ImonXhou_9_9 |   10.27232   2.787106     3.69   0.000     4.809693    15.73495
   _ImonXhou_9_10 |     13.015    2.76791     4.70   0.000     7.589997    18.44001
   _ImonXhou_9_11 |   12.59169   2.723634     4.62   0.000     7.253466    17.92992
   _ImonXhou_9_12 |    14.5232   2.819056     5.15   0.000     8.997957    20.04845
   _ImonXhou_9_13 |   16.63058   2.850952     5.83   0.000     11.04282    22.21835
   _ImonXhou_9_14 |   14.64984   2.627423     5.58   0.000     9.500181    19.79949
   _ImonXhou_9_15 |   12.60928   2.505425     5.03   0.000     7.698733    17.51982
   _ImonXhou_9_16 |   14.95923   2.650218     5.64   0.000     9.764902    20.15356
   _ImonXhou_9_17 |   15.47844   2.688969     5.76   0.000     10.20816    20.74872
   _ImonXhou_9_18 |   15.16801   2.922495     5.19   0.000      9.44003      20.896
   _ImonXhou_9_19 |   9.309934   2.686399     3.47   0.001     4.044689    14.57518
   _ImonXhou_9_20 |    2.27467   2.647056     0.86   0.390    -2.913464    7.462805
   _ImonXhou_9_21 |   7.689813   2.801696     2.74   0.006     2.198589    13.18104
   _ImonXhou_9_22 |   20.15974   2.794348     7.21   0.000     14.68292    25.63657
   _ImonXhou_9_23 |   8.108786   2.470567     3.28   0.001     3.266564    12.95101
   _ImonXhou_9_24 |  -5.339859   2.330462    -2.29   0.022     -9.90748   -.7722384
   _ImonXhou_10_2 |   5.973673   2.256861     2.65   0.008     1.550307    10.39704
   _ImonXhou_10_3 |   6.518392   2.221876     2.93   0.003     2.163595    10.87319
   _ImonXhou_10_4 |   10.87875   2.450603     4.44   0.000     6.075657    15.68184
   _ImonXhou_10_5 |   12.76552   2.469491     5.17   0.000     7.925401    17.60563
   _ImonXhou_10_6 |   14.06459   2.505498     5.61   0.000       9.1539    18.97527
   _ImonXhou_10_7 |   12.23467   2.270599     5.39   0.000     7.784376    16.68496
   _ImonXhou_10_8 |   14.74192   2.552219     5.78   0.000     9.739665    19.74418
   _ImonXhou_10_9 |   14.12786    2.94097     4.80   0.000     8.363662    19.89205
  _ImonXhou_10_10 |   12.37099    2.81815     4.39   0.000      6.84752    17.89446
  _ImonXhou_10_11 |   11.28438   2.787232     4.05   0.000     5.821507    16.74725
  _ImonXhou_10_12 |   12.29185   2.621211     4.69   0.000     7.154375    17.42933
  _ImonXhou_10_13 |   12.67492   2.586851     4.90   0.000     7.604782    17.74505
  _ImonXhou_10_14 |   12.37416   2.438111     5.08   0.000     7.595549    17.15277
  _ImonXhou_10_15 |   9.507264   2.441325     3.89   0.000     4.722355    14.29217
  _ImonXhou_10_16 |   9.346736    2.43223     3.84   0.000     4.579654    14.11382
  _ImonXhou_10_17 |   10.83045   2.422593     4.47   0.000     6.082254    15.57864
  _ImonXhou_10_18 |   10.27565   2.511487     4.09   0.000      5.35323    15.19808
  _ImonXhou_10_19 |   4.228456     2.5132     1.68   0.092    -.6973263    9.154238
  _ImonXhou_10_20 |   4.859636   2.748326     1.77   0.077    -.5269851    10.24626
  _ImonXhou_10_21 |    13.7827   2.921852     4.72   0.000     8.055975    19.50942
  _ImonXhou_10_22 |   13.63182    2.57394     5.30   0.000     8.586992    18.67665
  _ImonXhou_10_23 |   5.601854   2.495539     2.24   0.025     .7106865    10.49302
  _ImonXhou_10_24 |  -3.959785   2.389782    -1.66   0.098    -8.643671    .7241012
   _ImonXhou_11_2 |   .8762622   2.555281     0.34   0.732    -4.131997    5.884521
   _ImonXhou_11_3 |   1.194559   2.491898     0.48   0.632    -3.689471     6.07859
   _ImonXhou_11_4 |   3.746688   2.543345     1.47   0.141    -1.238177    8.731553
   _ImonXhou_11_5 |   5.287112   2.548426     2.07   0.038     .2922877    10.28194
   _ImonXhou_11_6 |   6.508944   2.550634     2.55   0.011     1.509793    11.50809
   _ImonXhou_11_7 |   5.208951   2.477429     2.10   0.036     .3532794    10.06462
   _ImonXhou_11_8 |   5.150906   2.629514     1.96   0.050     -.002848    10.30466
   _ImonXhou_11_9 |   5.520149   3.045443     1.81   0.070    -.4488099    11.48911
  _ImonXhou_11_10 |   7.091717   3.030235     2.34   0.019     1.152566    13.03087
  _ImonXhou_11_11 |     6.6577   3.011747     2.21   0.027     .7547837    12.56062
  _ImonXhou_11_12 |   6.478427   2.918317     2.22   0.026     .7586312    12.19822
  _ImonXhou_11_13 |   5.049928   2.763358     1.83   0.068    -.3661545    10.46601
  _ImonXhou_11_14 |   5.605073   2.650766     2.11   0.034     .4096664    10.80048
  _ImonXhou_11_15 |   1.894006   2.602595     0.73   0.467    -3.206987    6.994999
  _ImonXhou_11_16 |   3.340771   2.678654     1.25   0.212    -1.909295    8.590836
  _ImonXhou_11_17 |   4.385845   2.632405     1.67   0.096    -.7735739    9.545264
  _ImonXhou_11_18 |   4.297637   2.655821     1.62   0.106    -.9076768     9.50295
  _ImonXhou_11_19 |   8.762201   2.942968     2.98   0.003     2.994089    14.53031
  _ImonXhou_11_20 |   7.133431    2.98863     2.39   0.017     1.275824    12.99104
  _ImonXhou_11_21 |   4.312431   3.015011     1.43   0.153    -1.596881    10.22174
  _ImonXhou_11_22 |   5.214234   2.812486     1.85   0.064    -.2981372     10.7266
  _ImonXhou_11_23 |    .353829   2.660587     0.13   0.894    -4.860825    5.568483
  _ImonXhou_11_24 |  -1.608725   2.624533    -0.61   0.540    -6.752715    3.535265
   _ImonXhou_12_2 |  -3.152152   2.533126    -1.24   0.213    -8.116988    1.812684
   _ImonXhou_12_3 |  -6.722139   2.449053    -2.74   0.006     -11.5222   -1.922083
   _ImonXhou_12_4 |  -5.232952   2.433766    -2.15   0.032    -10.00305   -.4628576
   _ImonXhou_12_5 |  -5.013387   2.440717    -2.05   0.040    -9.797103     -.22967
   _ImonXhou_12_6 |   -5.29265   2.435832    -2.17   0.030    -10.06679    -.518506
   _ImonXhou_12_7 |  -5.692104   2.492736    -2.28   0.022    -10.57778   -.8064325
   _ImonXhou_12_8 |  -5.110686   2.773484    -1.84   0.065    -10.54661    .3252434
   _ImonXhou_12_9 |  -5.290863   3.264468    -1.62   0.105     -11.6891    1.107376
  _ImonXhou_12_10 |  -3.401808   3.269258    -1.04   0.298    -9.809436    3.005821
  _ImonXhou_12_11 |   .6059342   3.094045     0.20   0.845    -5.458283    6.670152
  _ImonXhou_12_12 |   1.823126   2.927844     0.62   0.533    -3.915343    7.561596
  _ImonXhou_12_13 |  -1.844062   2.696614    -0.68   0.494    -7.129329    3.441204
  _ImonXhou_12_14 |  -2.179438   2.687017    -0.81   0.417    -7.445895    3.087019
  _ImonXhou_12_15 |  -4.503507   2.505809    -1.80   0.072    -9.414803    .4077885
  _ImonXhou_12_16 |  -4.258629   2.595708    -1.64   0.101    -9.346124    .8288657
  _ImonXhou_12_17 |  -4.170553   2.546871    -1.64   0.102    -9.162328    .8212216
  _ImonXhou_12_18 |  -.2890821   2.789004    -0.10   0.917     -5.75543    5.177266
  _ImonXhou_12_19 |   3.262446   2.695024     1.21   0.226    -2.019705    8.544596
  _ImonXhou_12_20 |  -1.717893   2.820689    -0.61   0.543    -7.246341    3.810555
  _ImonXhou_12_21 |  -2.909674   2.949379    -0.99   0.324     -8.69035    2.871002
  _ImonXhou_12_22 |  -.0192434   2.849444    -0.01   0.995    -5.604052    5.565565
  _ImonXhou_12_23 |  -4.913253   2.689969    -1.83   0.068     -10.1855    .3589894
  _ImonXhou_12_24 |  -3.215905    2.55461    -1.26   0.208    -8.222848    1.791038
            _cons |  -4.822642   3.632048    -1.33   0.184    -11.94132    2.296041
-----------------------------------------------------------------------------------
Instrumented:  ecost2
Instruments:   windx windx2 temp tempx humid coal gas brent _Ihour_2 _Ihour_3
               _Ihour_4 _Ihour_5 _Ihour_6 _Ihour_7 _Ihour_8 _Ihour_9 _Ihour_10
               _Ihour_11 _Ihour_12 _Ihour_13 _Ihour_14 _Ihour_15 _Ihour_16
               _Ihour_17 _Ihour_18 _Ihour_19 _Ihour_20 _Ihour_21 _Ihour_22
               _Ihour_23 _Ihour_24 _Iyear_2005 _Iyear_2006 _Iweekd_2 _Iweekd_3
               _Iweekd_4 _Iweekd_5 _Iweekd_6 _Iweekd_7 _Imonth_2 _Imonth_3
               _Imonth_4 _Imonth_5 _Imonth_6 _Imonth_7 _Imonth_8 _Imonth_9
               _Imonth_10 _Imonth_11 _Imonth_12 _ImonXyea_2_2005 _ImonXyea_2_2006
               _ImonXyea_3_2005 _ImonXyea_4_2005 _ImonXyea_5_2005
               _ImonXyea_6_2005 _ImonXyea_7_2005 _ImonXyea_8_2005
               _ImonXyea_9_2005 _ImonXyea_10_2005 _ImonXyea_11_2005
               _ImonXyea_12_2005 _ImonXhou_2_2 _ImonXhou_2_3 _ImonXhou_2_4
               _ImonXhou_2_5 _ImonXhou_2_6 _ImonXhou_2_7 _ImonXhou_2_8
               _ImonXhou_2_9 _ImonXhou_2_10 _ImonXhou_2_11 _ImonXhou_2_12
               _ImonXhou_2_13 _ImonXhou_2_14 _ImonXhou_2_15 _ImonXhou_2_16
               _ImonXhou_2_17 _ImonXhou_2_18 _ImonXhou_2_19 _ImonXhou_2_20
               _ImonXhou_2_21 _ImonXhou_2_22 _ImonXhou_2_23 _ImonXhou_2_24
               _ImonXhou_3_2 _ImonXhou_3_3 _ImonXhou_3_4 _ImonXhou_3_5
               _ImonXhou_3_6 _ImonXhou_3_7 _ImonXhou_3_8 _ImonXhou_3_9
               _ImonXhou_3_10 _ImonXhou_3_11 _ImonXhou_3_12 _ImonXhou_3_13
               _ImonXhou_3_14 _ImonXhou_3_15 _ImonXhou_3_16 _ImonXhou_3_17
               _ImonXhou_3_18 _ImonXhou_3_19 _ImonXhou_3_20 _ImonXhou_3_21
               _ImonXhou_3_22 _ImonXhou_3_23 _ImonXhou_3_24 _ImonXhou_4_2
               _ImonXhou_4_3 _ImonXhou_4_4 _ImonXhou_4_5 _ImonXhou_4_6
               _ImonXhou_4_7 _ImonXhou_4_8 _ImonXhou_4_9 _ImonXhou_4_10
               _ImonXhou_4_11 _ImonXhou_4_12 _ImonXhou_4_13 _ImonXhou_4_14
               _ImonXhou_4_15 _ImonXhou_4_16 _ImonXhou_4_17 _ImonXhou_4_18
               _ImonXhou_4_19 _ImonXhou_4_20 _ImonXhou_4_21 _ImonXhou_4_22
               _ImonXhou_4_23 _ImonXhou_4_24 _ImonXhou_5_2 _ImonXhou_5_3
               _ImonXhou_5_4 _ImonXhou_5_5 _ImonXhou_5_6 _ImonXhou_5_7
               _ImonXhou_5_8 _ImonXhou_5_9 _ImonXhou_5_10 _ImonXhou_5_11
               _ImonXhou_5_12 _ImonXhou_5_13 _ImonXhou_5_14 _ImonXhou_5_15
               _ImonXhou_5_16 _ImonXhou_5_17 _ImonXhou_5_18 _ImonXhou_5_19
               _ImonXhou_5_20 _ImonXhou_5_21 _ImonXhou_5_22 _ImonXhou_5_23
               _ImonXhou_5_24 _ImonXhou_6_2 _ImonXhou_6_3 _ImonXhou_6_4
               _ImonXhou_6_5 _ImonXhou_6_6 _ImonXhou_6_7 _ImonXhou_6_8
               _ImonXhou_6_9 _ImonXhou_6_10 _ImonXhou_6_11 _ImonXhou_6_12
               _ImonXhou_6_13 _ImonXhou_6_14 _ImonXhou_6_15 _ImonXhou_6_16
               _ImonXhou_6_17 _ImonXhou_6_18 _ImonXhou_6_19 _ImonXhou_6_20
               _ImonXhou_6_21 _ImonXhou_6_22 _ImonXhou_6_23 _ImonXhou_6_24
               _ImonXhou_7_2 _ImonXhou_7_3 _ImonXhou_7_4 _ImonXhou_7_5
               _ImonXhou_7_6 _ImonXhou_7_7 _ImonXhou_7_8 _ImonXhou_7_9
               _ImonXhou_7_10 _ImonXhou_7_11 _ImonXhou_7_12 _ImonXhou_7_13
               _ImonXhou_7_14 _ImonXhou_7_15 _ImonXhou_7_16 _ImonXhou_7_17
               _ImonXhou_7_18 _ImonXhou_7_19 _ImonXhou_7_20 _ImonXhou_7_21
               _ImonXhou_7_22 _ImonXhou_7_23 _ImonXhou_7_24 _ImonXhou_8_2
               _ImonXhou_8_3 _ImonXhou_8_4 _ImonXhou_8_5 _ImonXhou_8_6
               _ImonXhou_8_7 _ImonXhou_8_8 _ImonXhou_8_9 _ImonXhou_8_10
               _ImonXhou_8_11 _ImonXhou_8_12 _ImonXhou_8_13 _ImonXhou_8_14
               _ImonXhou_8_15 _ImonXhou_8_16 _ImonXhou_8_17 _ImonXhou_8_18
               _ImonXhou_8_19 _ImonXhou_8_20 _ImonXhou_8_21 _ImonXhou_8_22
               _ImonXhou_8_23 _ImonXhou_8_24 _ImonXhou_9_2 _ImonXhou_9_3
               _ImonXhou_9_4 _ImonXhou_9_5 _ImonXhou_9_6 _ImonXhou_9_7
               _ImonXhou_9_8 _ImonXhou_9_9 _ImonXhou_9_10 _ImonXhou_9_11
               _ImonXhou_9_12 _ImonXhou_9_13 _ImonXhou_9_14 _ImonXhou_9_15
               _ImonXhou_9_16 _ImonXhou_9_17 _ImonXhou_9_18 _ImonXhou_9_19
               _ImonXhou_9_20 _ImonXhou_9_21 _ImonXhou_9_22 _ImonXhou_9_23
               _ImonXhou_9_24 _ImonXhou_10_2 _ImonXhou_10_3 _ImonXhou_10_4
               _ImonXhou_10_5 _ImonXhou_10_6 _ImonXhou_10_7 _ImonXhou_10_8
               _ImonXhou_10_9 _ImonXhou_10_10 _ImonXhou_10_11 _ImonXhou_10_12
               _ImonXhou_10_13 _ImonXhou_10_14 _ImonXhou_10_15 _ImonXhou_10_16
               _ImonXhou_10_17 _ImonXhou_10_18 _ImonXhou_10_19 _ImonXhou_10_20
               _ImonXhou_10_21 _ImonXhou_10_22 _ImonXhou_10_23 _ImonXhou_10_24
               _ImonXhou_11_2 _ImonXhou_11_3 _ImonXhou_11_4 _ImonXhou_11_5
               _ImonXhou_11_6 _ImonXhou_11_7 _ImonXhou_11_8 _ImonXhou_11_9
               _ImonXhou_11_10 _ImonXhou_11_11 _ImonXhou_11_12 _ImonXhou_11_13
               _ImonXhou_11_14 _ImonXhou_11_15 _ImonXhou_11_16 _ImonXhou_11_17
               _ImonXhou_11_18 _ImonXhou_11_19 _ImonXhou_11_20 _ImonXhou_11_21
               _ImonXhou_11_22 _ImonXhou_11_23 _ImonXhou_11_24 _ImonXhou_12_2
               _ImonXhou_12_3 _ImonXhou_12_4 _ImonXhou_12_5 _ImonXhou_12_6
               _ImonXhou_12_7 _ImonXhou_12_8 _ImonXhou_12_9 _ImonXhou_12_10
               _ImonXhou_12_11 _ImonXhou_12_12 _ImonXhou_12_13 _ImonXhou_12_14
               _ImonXhou_12_15 _ImonXhou_12_16 _ImonXhou_12_17 _ImonXhou_12_18
               _ImonXhou_12_19 _ImonXhou_12_20 _ImonXhou_12_21 _ImonXhou_12_22
               _ImonXhou_12_23 _ImonXhou_12_24 eprice

. estimates store spec3

. estat firststage

  First-stage regression summary statistics
  --------------------------------------------------------------------------
               |            Adjusted      Partial       Robust
      Variable |   R-sq.       R-sq.        R-sq.    F(1,15869)   Prob > F
  -------------+------------------------------------------------------------
        ecost2 |  0.7791      0.7747       0.0200       129.873    0.0000
  --------------------------------------------------------------------------


. mat ftest3 = r(singleresults)

. 
. *(5) - HOURxINPUT
. regress $maincost $instruments $supplycontrols $demandcontrols $controls $basefe _ImonXyea* _ImonXhou* 
> _ImonXtem*, robust
note: _Iyear_2007 omitted because of collinearity
note: _ImonXyea_2_2007 omitted because of collinearity
note: _ImonXyea_3_2006 omitted because of collinearity
note: _ImonXyea_3_2007 omitted because of collinearity
note: _ImonXyea_4_2006 omitted because of collinearity
note: _ImonXyea_4_2007 omitted because of collinearity
note: _ImonXyea_5_2006 omitted because of collinearity
note: _ImonXyea_5_2007 omitted because of collinearity
note: _ImonXyea_6_2006 omitted because of collinearity
note: _ImonXyea_6_2007 omitted because of collinearity
note: _ImonXyea_7_2006 omitted because of collinearity
note: _ImonXyea_7_2007 omitted because of collinearity
note: _ImonXyea_8_2006 omitted because of collinearity
note: _ImonXyea_8_2007 omitted because of collinearity
note: _ImonXyea_9_2006 omitted because of collinearity
note: _ImonXyea_9_2007 omitted because of collinearity
note: _ImonXyea_10_2006 omitted because of collinearity
note: _ImonXyea_10_2007 omitted because of collinearity
note: _ImonXyea_11_2006 omitted because of collinearity
note: _ImonXyea_11_2007 omitted because of collinearity
note: _ImonXyea_12_2006 omitted because of collinearity
note: _ImonXyea_12_2007 omitted because of collinearity

Linear regression                                      Number of obs =   16186
                                                       F(338, 15847) =  142.14
                                                       Prob > F      =  0.0000
                                                       R-squared     =  0.7804
                                                       Root MSE      =  3.8445

-----------------------------------------------------------------------------------
                  |               Robust
           ecost2 |      Coef.   Std. Err.      t    P>|t|     [95% Conf. Interval]
------------------+----------------------------------------------------------------
           eprice |   .5702694   .0522194    10.92   0.000     .4679135    .6726253
            windx |   -.059845   .1494673    -0.40   0.689    -.3528178    .2331279
           windx2 |   .0086393   .0103013     0.84   0.402    -.0115523     .028831
             temp |   .0589865   .0505699     1.17   0.243    -.0401363    .1581092
            tempx |    .045504   .0524716     0.87   0.386    -.0573462    .1483543
            humid |  -.0112961   .0056727    -1.99   0.046    -.0224152    -.000177
             coal |  -3.156046   1.568826    -2.01   0.044    -6.231124    -.080969
              gas |  -.3644441   .0936786    -3.89   0.000    -.5480648   -.1808234
            brent |   .8304249   .3948414     2.10   0.035     .0564909    1.604359
         _Ihour_2 |   .4219767    .671777     0.63   0.530    -.8947826    1.738736
         _Ihour_3 |   1.365985   .6942583     1.97   0.049     .0051597     2.72681
         _Ihour_4 |    3.70553   .7322238     5.06   0.000     2.270288    5.140772
         _Ihour_5 |   4.660049   .6525153     7.14   0.000     3.381045    5.939053
         _Ihour_6 |   4.626373   .6545955     7.07   0.000     3.343292    5.909455
         _Ihour_7 |   3.158069   .7056068     4.48   0.000        1.775    4.541139
         _Ihour_8 |   .9350453   .6671361     1.40   0.161    -.3726174    2.242708
         _Ihour_9 |    1.02697   .6587246     1.56   0.119    -.2642051    2.318145
        _Ihour_10 |   1.238202   .6437483     1.92   0.054     -.023618    2.500022
        _Ihour_11 |   .6769814   .6540022     1.04   0.301    -.6049373      1.9589
        _Ihour_12 |   .9485014   .6983635     1.36   0.174    -.4203704    2.317373
        _Ihour_13 |   .3477646   .5638522     0.62   0.537    -.7574499    1.452979
        _Ihour_14 |   .2826043   .5814269     0.49   0.627    -.8570586    1.422267
        _Ihour_15 |   .2880438    .650455     0.44   0.658     -.986922     1.56301
        _Ihour_16 |   .3839344    .638116     0.60   0.547    -.8668456    1.634714
        _Ihour_17 |    .764069   .6350875     1.20   0.229    -.4807747    2.008913
        _Ihour_18 |  -.1824314    .623048    -0.29   0.770    -1.403676    1.038814
        _Ihour_19 |   .8342157   .5778165     1.44   0.149    -.2983703    1.966802
        _Ihour_20 |   .3116466   .5423708     0.57   0.566    -.7514617    1.374755
        _Ihour_21 |   .3667024   .5208851     0.70   0.481    -.6542916    1.387696
        _Ihour_22 |  -.0240436   .5631605    -0.04   0.966    -1.127902    1.079815
        _Ihour_23 |  -.3658899   .6000525    -0.61   0.542    -1.542061    .8102813
        _Ihour_24 |  -.0352823   .5794117    -0.06   0.951    -1.170995    1.100431
      _Iyear_2005 |   .6654298    .462586     1.44   0.150    -.2412913    1.572151
      _Iyear_2006 |    .231447   1.405568     0.16   0.869    -2.523627    2.986521
      _Iyear_2007 |          0  (omitted)
        _Iweekd_2 |  -.1353148   .1132242    -1.20   0.232    -.3572471    .0866175
        _Iweekd_3 |  -.0562205   .1118184    -0.50   0.615    -.2753974    .1629563
        _Iweekd_4 |  -.1411778   .1119564    -1.26   0.207    -.3606251    .0782694
        _Iweekd_5 |  -.2976604   .1139099    -2.61   0.009    -.5209367   -.0743841
        _Iweekd_6 |   .1790437   .1179554     1.52   0.129    -.0521623    .4102496
        _Iweekd_7 |   .6792147     .11577     5.87   0.000     .4522923    .9061371
        _Imonth_2 |    3.28586   1.444664     2.27   0.023     .4541543    6.117565
        _Imonth_3 |   3.631753   1.006034     3.61   0.000     1.659812    5.603694
        _Imonth_4 |  -.4918491   1.095382    -0.45   0.653    -2.638923    1.655225
        _Imonth_5 |  -.1241682    1.20155    -0.10   0.918    -2.479342    2.231006
        _Imonth_6 |    2.88226   1.495407     1.93   0.054    -.0489072    5.813428
        _Imonth_7 |   .4403422   1.558139     0.28   0.777    -2.613787    3.494471
        _Imonth_8 |   4.439233   2.183825     2.03   0.042      .158688    8.719778
        _Imonth_9 |   12.20183   2.009764     6.07   0.000     8.262463     16.1412
       _Imonth_10 |   3.833901   1.243487     3.08   0.002     1.396525    6.271278
       _Imonth_11 |   1.514163   1.517563     1.00   0.318    -1.460432    4.488758
       _Imonth_12 |  -1.219829   1.508557    -0.81   0.419    -4.176772    1.737114
 _ImonXyea_2_2005 |  -.2287112   .3055288    -0.75   0.454    -.8275825      .37016
 _ImonXyea_2_2006 |  -.1574626   .5217186    -0.30   0.763     -1.18009    .8651652
 _ImonXyea_2_2007 |          0  (omitted)
 _ImonXyea_3_2005 |  -.9446037   .3923538    -2.41   0.016    -1.713662   -.1755457
 _ImonXyea_3_2006 |          0  (omitted)
 _ImonXyea_3_2007 |          0  (omitted)
 _ImonXyea_4_2005 |   .6617833   .5732173     1.15   0.248    -.4617878    1.785354
 _ImonXyea_4_2006 |          0  (omitted)
 _ImonXyea_4_2007 |          0  (omitted)
 _ImonXyea_5_2005 |   1.171494   .6460236     1.81   0.070    -.0947856    2.437774
 _ImonXyea_5_2006 |          0  (omitted)
 _ImonXyea_5_2007 |          0  (omitted)
 _ImonXyea_6_2005 |   2.174562   .7964656     2.73   0.006     .6133993    3.735726
 _ImonXyea_6_2006 |          0  (omitted)
 _ImonXyea_6_2007 |          0  (omitted)
 _ImonXyea_7_2005 |   1.379367   .9565624     1.44   0.149    -.4956037    3.254338
 _ImonXyea_7_2006 |          0  (omitted)
 _ImonXyea_7_2007 |          0  (omitted)
 _ImonXyea_8_2005 |  -.4389397   .8999031    -0.49   0.626    -2.202852    1.324973
 _ImonXyea_8_2006 |          0  (omitted)
 _ImonXyea_8_2007 |          0  (omitted)
 _ImonXyea_9_2005 |  -.1611444   .9437871    -0.17   0.864    -2.011074    1.688786
 _ImonXyea_9_2006 |          0  (omitted)
 _ImonXyea_9_2007 |          0  (omitted)
_ImonXyea_10_2005 |    .151316   .9015709     0.17   0.867    -1.615865    1.918497
_ImonXyea_10_2006 |          0  (omitted)
_ImonXyea_10_2007 |          0  (omitted)
_ImonXyea_11_2005 |   .0720914    .826644     0.09   0.931    -1.548225    1.692408
_ImonXyea_11_2006 |          0  (omitted)
_ImonXyea_11_2007 |          0  (omitted)
_ImonXyea_12_2005 |  -.3955993    .873552    -0.45   0.651     -2.10786    1.316662
_ImonXyea_12_2006 |          0  (omitted)
_ImonXyea_12_2007 |          0  (omitted)
    _ImonXhou_2_2 |   .7170338   .9931226     0.72   0.470      -1.2296    2.663667
    _ImonXhou_2_3 |   .3480345   .9990422     0.35   0.728    -1.610202    2.306271
    _ImonXhou_2_4 |  -2.366547    1.01808    -2.32   0.020    -4.362099   -.3709948
    _ImonXhou_2_5 |  -2.187059   .9847689    -2.22   0.026    -4.117318   -.2567998
    _ImonXhou_2_6 |  -1.816231     .98366    -1.85   0.065    -3.744316    .1118546
    _ImonXhou_2_7 |  -2.170575   1.002222    -2.17   0.030    -4.135044   -.2061049
    _ImonXhou_2_8 |   .4177745    .990663     0.42   0.673    -1.524037    2.359587
    _ImonXhou_2_9 |   .3177484   .9730087     0.33   0.744    -1.589459    2.224956
   _ImonXhou_2_10 |  -.0169498   .9414045    -0.02   0.986     -1.86221     1.82831
   _ImonXhou_2_11 |  -.1302888   .9254219    -0.14   0.888    -1.944221    1.683643
   _ImonXhou_2_12 |  -.3277415   .9422318    -0.35   0.728    -2.174623     1.51914
   _ImonXhou_2_13 |  -.3678325   .8740222    -0.42   0.674    -2.081015     1.34535
   _ImonXhou_2_14 |  -.3167604   .8927022    -0.35   0.723    -2.066558    1.433037
   _ImonXhou_2_15 |   .4099305   .9361113     0.44   0.661    -1.424954    2.244815
   _ImonXhou_2_16 |   .4829376   .9348483     0.52   0.605    -1.349471    2.315347
   _ImonXhou_2_17 |   .4804184   .9402063     0.51   0.609    -1.362493     2.32333
   _ImonXhou_2_18 |   1.356653    .928848     1.46   0.144    -.4639951      3.1773
   _ImonXhou_2_19 |  -.4890437   .9123913    -0.54   0.592    -2.277434    1.299347
   _ImonXhou_2_20 |    .099446    .792876     0.13   0.900    -1.454681    1.653573
   _ImonXhou_2_21 |  -.0947927   .7845198    -0.12   0.904    -1.632541    1.442955
   _ImonXhou_2_22 |  -.5142902   .8192617    -0.63   0.530    -2.120136    1.091556
   _ImonXhou_2_23 |    .199597    .867545     0.23   0.818     -1.50089    1.900084
   _ImonXhou_2_24 |   .1367283    .871375     0.16   0.875    -1.571266    1.844722
    _ImonXhou_3_2 |  -.6536977   .7903979    -0.83   0.408    -2.202968    .8955721
    _ImonXhou_3_3 |  -1.976184   .7969627    -2.48   0.013    -3.538321   -.4140463
    _ImonXhou_3_4 |  -3.737245   .8535819    -4.38   0.000    -5.410363   -2.064128
    _ImonXhou_3_5 |  -5.131021   .7631695    -6.72   0.000     -6.62692   -3.635122
    _ImonXhou_3_6 |  -4.786412   .7811303    -6.13   0.000    -6.317516   -3.255308
    _ImonXhou_3_7 |  -3.540145   .8122738    -4.36   0.000    -5.132294   -1.947996
    _ImonXhou_3_8 |   -1.30154   .7678368    -1.70   0.090    -2.806587    .2035079
    _ImonXhou_3_9 |  -1.234634   .7615356    -1.62   0.105    -2.727331     .258062
   _ImonXhou_3_10 |  -1.378349   .7438469    -1.85   0.064    -2.836373    .0796758
   _ImonXhou_3_11 |  -1.501528   .7514104    -2.00   0.046    -2.974377   -.0286776
   _ImonXhou_3_12 |  -1.932623   .7781968    -2.48   0.013    -3.457977   -.4072689
   _ImonXhou_3_13 |   -1.08959   .6759556    -1.61   0.107    -2.414539    .2353603
   _ImonXhou_3_14 |   -.657981   .7000204    -0.94   0.347      -2.0301    .7141385
   _ImonXhou_3_15 |  -.6619913   .7588703    -0.87   0.383    -2.149463    .8254807
   _ImonXhou_3_16 |  -.6318918   .7489363    -0.84   0.399    -2.099892    .8361086
   _ImonXhou_3_17 |  -1.347272   .7430366    -1.81   0.070    -2.803708    .1091644
   _ImonXhou_3_18 |   -.029691   .7282626    -0.04   0.967    -1.457168    1.397786
   _ImonXhou_3_19 |  -1.218781   .6984739    -1.74   0.081    -2.587869    .1503075
   _ImonXhou_3_20 |   -1.26747   .6438248    -1.97   0.049     -2.52944   -.0055005
   _ImonXhou_3_21 |  -.1646556   .6445209    -0.26   0.798     -1.42799    1.098679
   _ImonXhou_3_22 |  -.1101246   .6841196    -0.16   0.872    -1.451077    1.230828
   _ImonXhou_3_23 |  -.0576348   .7104675    -0.08   0.935    -1.450232    1.334962
   _ImonXhou_3_24 |  -.3824633   .6882366    -0.56   0.578    -1.731485    .9665587
    _ImonXhou_4_2 |   .8723962   .8895868     0.98   0.327    -.8712951    2.616088
    _ImonXhou_4_3 |    .477173   .8852957     0.54   0.590    -1.258107    2.212453
    _ImonXhou_4_4 |  -2.114298   .9231309    -2.29   0.022     -3.92374   -.3048566
    _ImonXhou_4_5 |  -2.738955   .8476929    -3.23   0.001    -4.400529    -1.07738
    _ImonXhou_4_6 |  -2.789843     .87835    -3.18   0.001    -4.511508   -1.068177
    _ImonXhou_4_7 |  -1.660613   .9391063    -1.77   0.077    -3.501368    .1801421
    _ImonXhou_4_8 |   .4157849   .8789757     0.47   0.636    -1.307107    2.138677
    _ImonXhou_4_9 |   .1615047   .9061209     0.18   0.859    -1.614595    1.937605
   _ImonXhou_4_10 |   .2833467   .8600159     0.33   0.742    -1.402382    1.969076
   _ImonXhou_4_11 |   .4734525    .856112     0.55   0.580    -1.204624    2.151529
   _ImonXhou_4_12 |   .3442845    .886348     0.39   0.698    -1.393058    2.081627
   _ImonXhou_4_13 |    .383799   .8075538     0.48   0.635    -1.199098    1.966696
   _ImonXhou_4_14 |   1.097467   .8252492     1.33   0.184    -.5201153    2.715049
   _ImonXhou_4_15 |   1.090308   .8718667     1.25   0.211    -.6186496    2.799266
   _ImonXhou_4_16 |   .6861883   .8731189     0.79   0.432    -1.025224    2.397601
   _ImonXhou_4_17 |   .4643009   .8732217     0.53   0.595    -1.247313    2.175915
   _ImonXhou_4_18 |   1.229332   .8562076     1.44   0.151    -.4489318    2.907597
   _ImonXhou_4_19 |   .0081879    .843799     0.01   0.992    -1.645754     1.66213
   _ImonXhou_4_20 |   1.371131    .805333     1.70   0.089    -.2074135    2.949675
   _ImonXhou_4_21 |   .0044401   .7896939     0.01   0.996     -1.54345     1.55233
   _ImonXhou_4_22 |    .986212   .8210193     1.20   0.230    -.6230792    2.595503
   _ImonXhou_4_23 |   1.327539   .8235251     1.61   0.107    -.2866634    2.941742
   _ImonXhou_4_24 |   .4857897   .8313697     0.58   0.559     -1.14379    2.115369
    _ImonXhou_5_2 |   .4206558   .9375807     0.45   0.654    -1.417109    2.258421
    _ImonXhou_5_3 |  -.5092308   .9528706    -0.53   0.593    -2.376966    1.358504
    _ImonXhou_5_4 |  -2.323343   .9377964    -2.48   0.013    -4.161531   -.4851559
    _ImonXhou_5_5 |  -3.217831   .8726541    -3.69   0.000    -4.928332    -1.50733
    _ImonXhou_5_6 |  -3.409987   .9097202    -3.75   0.000    -5.193142   -1.626832
    _ImonXhou_5_7 |  -2.108507   .9664858    -2.18   0.029    -4.002929   -.2140845
    _ImonXhou_5_8 |  -1.222587   .9263675    -1.32   0.187    -3.038373    .5931986
    _ImonXhou_5_9 |  -1.041897   .8888262    -1.17   0.241    -2.784098    .7003029
   _ImonXhou_5_10 |  -.4498712   .9003104    -0.50   0.617    -2.214582     1.31484
   _ImonXhou_5_11 |   .0644298   .9043897     0.07   0.943    -1.708277    1.837136
   _ImonXhou_5_12 |   .1874087   .9284708     0.20   0.840      -1.6325    2.007317
   _ImonXhou_5_13 |   .7596626   .8104461     0.94   0.349     -.828904    2.348229
   _ImonXhou_5_14 |   1.007599   .8330114     1.21   0.226    -.6251984    2.640395
   _ImonXhou_5_15 |   .1698343   .8965242     0.19   0.850    -1.587455    1.927124
   _ImonXhou_5_16 |   .6298362   .8908681     0.71   0.480    -1.116367    2.376039
   _ImonXhou_5_17 |  -.2377259   .9015128    -0.26   0.792    -2.004794    1.529342
   _ImonXhou_5_18 |   .7954257   .8931132     0.89   0.373    -.9551778    2.546029
   _ImonXhou_5_19 |   -1.38358   .8630075    -1.60   0.109    -3.075173    .3080127
   _ImonXhou_5_20 |  -.3661984    .821703    -0.45   0.656     -1.97683    1.244433
   _ImonXhou_5_21 |  -.6020668    .786068    -0.77   0.444     -2.14285    .9387159
   _ImonXhou_5_22 |   -.102938   .8487445    -0.12   0.903    -1.766574    1.560698
   _ImonXhou_5_23 |   .3945724   .8657383     0.46   0.649    -1.302373    2.091518
   _ImonXhou_5_24 |   .0044185   .8714523     0.01   0.996    -1.703727    1.712564
    _ImonXhou_6_2 |   .5967368   1.016879     0.59   0.557    -1.396461    2.589935
    _ImonXhou_6_3 |  -1.116814   1.040114    -1.07   0.283    -3.155556    .9219281
    _ImonXhou_6_4 |  -3.377201   1.041054    -3.24   0.001    -5.417786   -1.336617
    _ImonXhou_6_5 |   -3.85916   .9677644    -3.99   0.000    -5.756088   -1.962232
    _ImonXhou_6_6 |  -4.782346   1.015891    -4.71   0.000    -6.773607   -2.791084
    _ImonXhou_6_7 |  -3.640576   1.029721    -3.54   0.000    -5.658946   -1.622207
    _ImonXhou_6_8 |  -1.076174   1.018802    -1.06   0.291    -3.073141    .9207929
    _ImonXhou_6_9 |  -.4590364   .9323339    -0.49   0.622    -2.286517    1.368444
   _ImonXhou_6_10 |  -2.176653   .9471312    -2.30   0.022    -4.033138   -.3201682
   _ImonXhou_6_11 |  -.0598792   .9810772    -0.06   0.951    -1.982902    1.863144
   _ImonXhou_6_12 |   .3698134   .9329834     0.40   0.692     -1.45894    2.198567
   _ImonXhou_6_13 |   .3580485   .9173122     0.39   0.696    -1.439988    2.156085
   _ImonXhou_6_14 |    .247112   .9055494     0.27   0.785    -1.527868    2.022092
   _ImonXhou_6_15 |   .3141045   .9044895     0.35   0.728    -1.458798    2.087007
   _ImonXhou_6_16 |   .0280452   .9620664     0.03   0.977    -1.857714    1.913805
   _ImonXhou_6_17 |   .0330557   .9498002     0.03   0.972    -1.828661    1.894772
   _ImonXhou_6_18 |  -.6379133   .9696673    -0.66   0.511    -2.538572    1.262745
   _ImonXhou_6_19 |  -.5781038   .9394561    -0.62   0.538    -2.419545    1.263337
   _ImonXhou_6_20 |  -.0746383   .9072356    -0.08   0.934    -1.852923    1.703647
   _ImonXhou_6_21 |   -.290323   .8775786    -0.33   0.741    -2.010477    1.429831
   _ImonXhou_6_22 |  -.1443461   .8669504    -0.17   0.868    -1.843667    1.554975
   _ImonXhou_6_23 |   .7559446   .8507063     0.89   0.374    -.9115364    2.423426
   _ImonXhou_6_24 |  -.9701167   .9296823    -1.04   0.297      -2.7924    .8521664
    _ImonXhou_7_2 |  -.3435327   1.146793    -0.30   0.765    -2.591378    1.904313
    _ImonXhou_7_3 |  -1.654129   1.148589    -1.44   0.150    -3.905494    .5972366
    _ImonXhou_7_4 |    -4.7839   1.166095    -4.10   0.000     -7.06958    -2.49822
    _ImonXhou_7_5 |  -5.314544   1.104152    -4.81   0.000    -7.478807   -3.150281
    _ImonXhou_7_6 |  -6.035368   1.109448    -5.44   0.000    -8.210012   -3.860725
    _ImonXhou_7_7 |  -3.665819   1.160499    -3.16   0.002    -5.940528    -1.39111
    _ImonXhou_7_8 |  -1.870121   1.127075    -1.66   0.097    -4.079315    .3390729
    _ImonXhou_7_9 |  -.6421403    1.06585    -0.60   0.547    -2.731328    1.447047
   _ImonXhou_7_10 |  -.1057962   1.060429    -0.10   0.921    -2.184359    1.972766
   _ImonXhou_7_11 |  -.1402679   1.037003    -0.14   0.892    -2.172912    1.892376
   _ImonXhou_7_12 |  -.4270813   1.059578    -0.40   0.687    -2.503975    1.649813
   _ImonXhou_7_13 |   .5676502   1.013906     0.56   0.576    -1.419721    2.555021
   _ImonXhou_7_14 |   1.255847   1.053825     1.19   0.233    -.8097712    3.321464
   _ImonXhou_7_15 |   .5312327   1.133383     0.47   0.639    -1.690327    2.752792
   _ImonXhou_7_16 |  -.2290159   1.140709    -0.20   0.841    -2.464934    2.006902
   _ImonXhou_7_17 |   .7856197   1.063296     0.74   0.460    -1.298562    2.869801
   _ImonXhou_7_18 |   .6099816   1.045859     0.58   0.560    -1.440022    2.659985
   _ImonXhou_7_19 |   -.324545   1.075647    -0.30   0.763    -2.432936    1.783846
   _ImonXhou_7_20 |   .3588171   .9904055     0.36   0.717     -1.58249    2.300125
   _ImonXhou_7_21 |   .0554885   .9785889     0.06   0.955    -1.862657    1.973634
   _ImonXhou_7_22 |    .906931   1.010262     0.90   0.369    -1.073297    2.887159
   _ImonXhou_7_23 |   .3566361   1.055618     0.34   0.735    -1.712496    2.425768
   _ImonXhou_7_24 |   .8245721   1.060588     0.78   0.437    -1.254301    2.903445
    _ImonXhou_8_2 |  -.6669129    1.06256    -0.63   0.530    -2.749652    1.415826
    _ImonXhou_8_3 |  -2.404502   1.057612    -2.27   0.023    -4.477543   -.3314621
    _ImonXhou_8_4 |  -5.449443   1.111651    -4.90   0.000    -7.628406    -3.27048
    _ImonXhou_8_5 |  -5.585785   1.078656    -5.18   0.000    -7.700074   -3.471497
    _ImonXhou_8_6 |  -5.700264    1.06275    -5.36   0.000    -7.783376   -3.617153
    _ImonXhou_8_7 |  -3.370874   1.090851    -3.09   0.002    -5.509065   -1.232682
    _ImonXhou_8_8 |  -1.274574   1.089679    -1.17   0.242    -3.410469    .8613211
    _ImonXhou_8_9 |  -.6329083   1.061406    -0.60   0.551    -2.713386    1.447569
   _ImonXhou_8_10 |   -2.67613   1.037304    -2.58   0.010    -4.709363   -.6428964
   _ImonXhou_8_11 |   -1.68503   1.052151    -1.60   0.109    -3.747365     .377305
   _ImonXhou_8_12 |   -2.15674   1.051125    -2.05   0.040    -4.217064   -.0964157
   _ImonXhou_8_13 |   .0369908   .9807928     0.04   0.970    -1.885475    1.959456
   _ImonXhou_8_14 |  -.2448985   1.011574    -0.24   0.809    -2.227698    1.737901
   _ImonXhou_8_15 |  -.6912111   1.083815    -0.64   0.524    -2.815611    1.433189
   _ImonXhou_8_16 |   -1.88244   1.027225    -1.83   0.067    -3.895918    .1310373
   _ImonXhou_8_17 |  -1.802569    1.01937    -1.77   0.077    -3.800651    .1955124
   _ImonXhou_8_18 |  -.6448714   1.020241    -0.63   0.527     -2.64466    1.354917
   _ImonXhou_8_19 |  -1.602938   .9697708    -1.65   0.098    -3.503799    .2979233
   _ImonXhou_8_20 |  -1.443465   .9873728    -1.46   0.144    -3.378828    .4918982
   _ImonXhou_8_21 |  -1.511924   .9698378    -1.56   0.119    -3.412916    .3890683
   _ImonXhou_8_22 |  -.8099251   .9866498    -0.82   0.412    -2.743871    1.124021
   _ImonXhou_8_23 |  -.9232929   1.018504    -0.91   0.365    -2.919676     1.07309
   _ImonXhou_8_24 |    .442412   1.031027     0.43   0.668    -1.578519    2.463342
    _ImonXhou_9_2 |   -.714444   .9837337    -0.73   0.468    -2.642674    1.213786
    _ImonXhou_9_3 |  -1.753854     1.0219    -1.72   0.086    -3.756894    .2491851
    _ImonXhou_9_4 |  -5.545773   1.052998    -5.27   0.000    -7.609769   -3.481777
    _ImonXhou_9_5 |  -5.251288    1.02525    -5.12   0.000    -7.260894   -3.241682
    _ImonXhou_9_6 |  -6.508219   1.022289    -6.37   0.000    -8.512021   -4.504417
    _ImonXhou_9_7 |  -3.054866   1.042767    -2.93   0.003    -5.098809   -1.010923
    _ImonXhou_9_8 |  -2.277366   1.068565    -2.13   0.033    -4.371875   -.1828579
    _ImonXhou_9_9 |  -3.119034   1.041538    -2.99   0.003    -5.160567   -1.077501
   _ImonXhou_9_10 |  -3.677767   1.011579    -3.64   0.000    -5.660576   -1.694957
   _ImonXhou_9_11 |  -2.788348   1.026467    -2.72   0.007    -4.800341   -.7763556
   _ImonXhou_9_12 |  -2.755021   1.035844    -2.66   0.008    -4.785394   -.7246487
   _ImonXhou_9_13 |   -2.20291   .9516645    -2.31   0.021     -4.06828   -.3375388
   _ImonXhou_9_14 |  -1.825823   .9121234    -2.00   0.045    -3.613689   -.0379579
   _ImonXhou_9_15 |  -1.352269   .9954836    -1.36   0.174     -3.30353    .5989919
   _ImonXhou_9_16 |  -3.182041   .9650728    -3.30   0.001    -5.073694   -1.290389
   _ImonXhou_9_17 |  -1.995413   .9584772    -2.08   0.037    -3.874138   -.1166888
   _ImonXhou_9_18 |  -.8942749   .9557238    -0.94   0.349    -2.767602    .9790525
   _ImonXhou_9_19 |  -2.794292   .9201551    -3.04   0.002    -4.597901   -.9906838
   _ImonXhou_9_20 |  -2.407855   .9318908    -2.58   0.010    -4.234467   -.5812436
   _ImonXhou_9_21 |  -2.266592   .8803587    -2.57   0.010    -3.992195   -.5409891
   _ImonXhou_9_22 |   -2.78292   .9493964    -2.93   0.003    -4.643845   -.9219952
   _ImonXhou_9_23 |  -2.516132   1.007599    -2.50   0.013     -4.49114    -.541124
   _ImonXhou_9_24 |   .5621315   .9360893     0.60   0.548     -1.27271    2.396973
   _ImonXhou_10_2 |  -.8676529   1.018361    -0.85   0.394    -2.863757    1.128451
   _ImonXhou_10_3 |  -1.472877   1.040736    -1.42   0.157    -3.512838    .5670848
   _ImonXhou_10_4 |  -4.725981   1.114302    -4.24   0.000     -6.91014   -2.541822
   _ImonXhou_10_5 |  -5.828797   1.051985    -5.54   0.000    -7.890808   -3.766787
   _ImonXhou_10_6 |  -6.455008   1.047235    -6.16   0.000    -8.507707   -4.402309
   _ImonXhou_10_7 |  -3.121365    1.06056    -2.94   0.003    -5.200183   -1.042548
   _ImonXhou_10_8 |  -2.683088   1.042808    -2.57   0.010    -4.727111   -.6390654
   _ImonXhou_10_9 |  -3.384182   1.007353    -3.36   0.001    -5.358708   -1.409657
  _ImonXhou_10_10 |  -4.064771   1.015792    -4.00   0.000    -6.055839   -2.073702
  _ImonXhou_10_11 |  -3.526834   1.019754    -3.46   0.001    -5.525668   -1.528001
  _ImonXhou_10_12 |  -4.012148   1.059649    -3.79   0.000    -6.089181   -1.935116
  _ImonXhou_10_13 |    -3.7769   .9460837    -3.99   0.000    -5.631331   -1.922468
  _ImonXhou_10_14 |   -4.27899   .9224542    -4.64   0.000    -6.087105   -2.470875
  _ImonXhou_10_15 |  -2.948722   1.039141    -2.84   0.005    -4.985556    -.911888
  _ImonXhou_10_16 |  -2.555213   1.000321    -2.55   0.011    -4.515956   -.5944704
  _ImonXhou_10_17 |  -2.497128   .9961343    -2.51   0.012    -4.449664    -.544591
  _ImonXhou_10_18 |  -2.306712   1.008865    -2.29   0.022    -4.284202   -.3292226
  _ImonXhou_10_19 |  -2.168332   1.007155    -2.15   0.031    -4.142471   -.1941934
  _ImonXhou_10_20 |  -3.474768   .9367933    -3.71   0.000    -5.310989   -1.638547
  _ImonXhou_10_21 |  -2.479725   .8981974    -2.76   0.006    -4.240294   -.7191559
  _ImonXhou_10_22 |  -3.527686   .9103093    -3.88   0.000    -5.311996   -1.743377
  _ImonXhou_10_23 |  -2.280738   1.003582    -2.27   0.023    -4.247873   -.3136028
  _ImonXhou_10_24 |  -.1485304   .9768362    -0.15   0.879     -2.06324     1.76618
   _ImonXhou_11_2 |   1.391594    1.04247     1.33   0.182    -.6517651    3.434954
   _ImonXhou_11_3 |   -.101098   1.088825    -0.09   0.926    -2.235318    2.033122
   _ImonXhou_11_4 |  -1.598368   1.072252    -1.49   0.136    -3.700105    .5033679
   _ImonXhou_11_5 |  -3.322299   1.038466    -3.20   0.001    -5.357811   -1.286787
   _ImonXhou_11_6 |  -3.926886   1.052693    -3.73   0.000    -5.990284   -1.863487
   _ImonXhou_11_7 |  -1.355609   1.044799    -1.30   0.194    -3.403535    .6923157
   _ImonXhou_11_8 |  -.8424655   1.072103    -0.79   0.432    -2.943909    1.258978
   _ImonXhou_11_9 |  -2.513657   1.054575    -2.38   0.017    -4.580744   -.4465706
  _ImonXhou_11_10 |  -2.595324   1.029821    -2.52   0.012     -4.61389   -.5767578
  _ImonXhou_11_11 |    -2.3723   1.025853    -2.31   0.021    -4.383089   -.3615113
  _ImonXhou_11_12 |  -2.709555   1.050025    -2.58   0.010    -4.767724   -.6513866
  _ImonXhou_11_13 |  -2.000333    .955324    -2.09   0.036    -3.872876    -.127789
  _ImonXhou_11_14 |  -2.250675   .9890261    -2.28   0.023    -4.189279   -.3120717
  _ImonXhou_11_15 |  -.7922694   1.047514    -0.76   0.449    -2.845516    1.260977
  _ImonXhou_11_16 |  -1.368926    1.04807    -1.31   0.192    -3.423264     .685411
  _ImonXhou_11_17 |  -1.891902   1.018009    -1.86   0.063    -3.887316    .1035117
  _ImonXhou_11_18 |  -.9761922   1.032751    -0.95   0.345    -3.000503    1.048118
  _ImonXhou_11_19 |  -2.363616   .9992093    -2.37   0.018     -4.32218   -.4050525
  _ImonXhou_11_20 |  -2.443526   .9374378    -2.61   0.009    -4.281011   -.6060412
  _ImonXhou_11_21 |  -2.329664   .9364693    -2.49   0.013     -4.16525   -.4940778
  _ImonXhou_11_22 |  -2.566666   .9439359    -2.72   0.007    -4.416887    -.716444
  _ImonXhou_11_23 |  -1.598819   1.007978    -1.59   0.113    -3.574571    .3769336
  _ImonXhou_11_24 |  -.9419034   1.010701    -0.93   0.351    -2.922991    1.039185
   _ImonXhou_12_2 |   1.046608   1.060239     0.99   0.324    -1.031581    3.124796
   _ImonXhou_12_3 |   1.346215   1.044929     1.29   0.198    -.7019645    3.394395
   _ImonXhou_12_4 |  -.4253649   1.083945    -0.39   0.695     -2.55002     1.69929
   _ImonXhou_12_5 |  -.8400254   .9861778    -0.85   0.394    -2.773046    1.092995
   _ImonXhou_12_6 |   -.946603   .9987272    -0.95   0.343    -2.904222    1.011016
   _ImonXhou_12_7 |   .2546391   1.047825     0.24   0.808    -1.799217    2.308496
   _ImonXhou_12_8 |   .7213651   .9968856     0.72   0.469    -1.232644    2.675374
   _ImonXhou_12_9 |  -.2870443     .99767    -0.29   0.774    -2.242591    1.668502
  _ImonXhou_12_10 |  -1.048546    .988591    -1.06   0.289    -2.986297    .8892051
  _ImonXhou_12_11 |  -.9170313   .9905766    -0.93   0.355    -2.858674    1.024612
  _ImonXhou_12_12 |  -1.540805   .9900224    -1.56   0.120    -3.481362    .3997511
  _ImonXhou_12_13 |  -.2297356   .9219494    -0.25   0.803    -2.036861     1.57739
  _ImonXhou_12_14 |  -.1754229   .9382961    -0.19   0.852     -2.01459    1.663744
  _ImonXhou_12_15 |   .1329046    .970984     0.14   0.891    -1.770334    2.036144
  _ImonXhou_12_16 |  -.5617939   .9357422    -0.60   0.548    -2.395955    1.272367
  _ImonXhou_12_17 |  -.4967762   .9748475    -0.51   0.610    -2.407588    1.414036
  _ImonXhou_12_18 |   .0396099   .9745079     0.04   0.968    -1.870536    1.949756
  _ImonXhou_12_19 |  -.3180012   .9337707    -0.34   0.733    -2.148298    1.512296
  _ImonXhou_12_20 |  -.0584397   .9186602    -0.06   0.949    -1.859118    1.742239
  _ImonXhou_12_21 |  -.3220141   .8456842    -0.38   0.703    -1.979651    1.335623
  _ImonXhou_12_22 |  -.8693972    .861346    -1.01   0.313    -2.557733    .8189388
  _ImonXhou_12_23 |   .0134683   .8993267     0.01   0.988    -1.749314    1.776251
  _ImonXhou_12_24 |  -.8765199   .8833659    -0.99   0.321    -2.608018    .8549777
     _ImonXtemp_2 |   -.056828   .1264216    -0.45   0.653    -.3046288    .1909728
     _ImonXtemp_3 |   .0746911   .0654249     1.14   0.254    -.0535492    .2029313
     _ImonXtemp_4 |   .0484807   .0852238     0.57   0.569    -.1185677    .2155292
     _ImonXtemp_5 |  -.2289389   .0969539    -2.36   0.018    -.4189795   -.0388983
     _ImonXtemp_6 |   .4225289   .1457576     2.90   0.004     .1368275    .7082303
     _ImonXtemp_7 |  -.0118683   .1111953    -0.11   0.915    -.2298236    .2060871
     _ImonXtemp_8 |  -.1629247   .0936105    -1.74   0.082     -.346412    .0205626
     _ImonXtemp_9 |   .0739538   .0922751     0.80   0.423    -.1069159    .2548236
    _ImonXtemp_10 |  -.0377554   .1028516    -0.37   0.714    -.2393563    .1638455
    _ImonXtemp_11 |  -.0624935    .063044    -0.99   0.322    -.1860669    .0610799
    _ImonXtemp_12 |  -.0555331    .092616    -0.60   0.549    -.2370709    .1260048
     _ImonXtempa2 |  -.1429266   .0973033    -1.47   0.142    -.3336522    .0477989
     _ImonXtempa3 |   -.154162   .0643753    -2.39   0.017    -.2803448   -.0279791
     _ImonXtempa4 |  -.0370473   .0695323    -0.53   0.594    -.1733385     .099244
     _ImonXtempa5 |   .1104153   .0891545     1.24   0.216    -.0643376    .2851682
     _ImonXtempa6 |  -.3901573   .0977688    -3.99   0.000    -.5817953   -.1985193
     _ImonXtempa7 |  -.0394369   .0901447    -0.44   0.662    -.2161308    .1372569
     _ImonXtempa8 |  -.0294507   .0748523    -0.39   0.694    -.1761698    .1172684
     _ImonXtempa9 |   -.387438   .0781827    -4.96   0.000    -.5406849   -.2341911
    _ImonXtempa10 |  -.0648571   .0743602    -0.87   0.383    -.2106115    .0808972
    _ImonXtempa11 |   .0125721   .0768307     0.16   0.870    -.1380248     .163169
    _ImonXtempa12 |   .1090894   .0963139     1.13   0.257    -.0796968    .2978755
            _cons |  -.3242703   1.575867    -0.21   0.837    -3.413149    2.764608
-----------------------------------------------------------------------------------

. estimates store spec_first4

. ivregress 2sls mg_price ($maincost = $instruments) $supplycontrols $demandcontrols $controls $basefe _I
> monXyea* _ImonXhou* _ImonXtem*, robust first
note: _Iyear_2007 omitted because of collinearity
note: _ImonXyea_2_2007 omitted because of collinearity
note: _ImonXyea_3_2006 omitted because of collinearity
note: _ImonXyea_3_2007 omitted because of collinearity
note: _ImonXyea_4_2006 omitted because of collinearity
note: _ImonXyea_4_2007 omitted because of collinearity
note: _ImonXyea_5_2006 omitted because of collinearity
note: _ImonXyea_5_2007 omitted because of collinearity
note: _ImonXyea_6_2006 omitted because of collinearity
note: _ImonXyea_6_2007 omitted because of collinearity
note: _ImonXyea_7_2006 omitted because of collinearity
note: _ImonXyea_7_2007 omitted because of collinearity
note: _ImonXyea_8_2006 omitted because of collinearity
note: _ImonXyea_8_2007 omitted because of collinearity
note: _ImonXyea_9_2006 omitted because of collinearity
note: _ImonXyea_9_2007 omitted because of collinearity
note: _ImonXyea_10_2006 omitted because of collinearity
note: _ImonXyea_10_2007 omitted because of collinearity
note: _ImonXyea_11_2006 omitted because of collinearity
note: _ImonXyea_11_2007 omitted because of collinearity
note: _ImonXyea_12_2006 omitted because of collinearity
note: _ImonXyea_12_2007 omitted because of collinearity

First-stage regressions
-----------------------

                                                  Number of obs   =      16186
                                                  F( 338,  15847) =     141.94
                                                  Prob > F        =     0.0000
                                                  R-squared       =     0.7804
                                                  Adj R-squared   =     0.7757
                                                  Root MSE        =     3.8445

-----------------------------------------------------------------------------------
                  |               Robust
           ecost2 |      Coef.   Std. Err.      t    P>|t|     [95% Conf. Interval]
------------------+----------------------------------------------------------------
            windx |   -.059845   .1495711    -0.40   0.689    -.3530214    .2333315
           windx2 |   .0086393   .0103084     0.84   0.402    -.0115664     .028845
             temp |   .0589865    .050605     1.17   0.244    -.0402052    .1581781
            tempx |    .045504    .052508     0.87   0.386    -.0574177    .1484258
            humid |  -.0112961   .0056766    -1.99   0.047    -.0224229   -.0001693
             coal |  -3.156046   1.569916    -2.01   0.044    -6.233261   -.0788322
              gas |  -.3644441   .0937437    -3.89   0.000    -.5481924   -.1806958
            brent |   .8304249   .3951157     2.10   0.036     .0559532    1.604897
         _Ihour_2 |   .4219767   .6722438     0.63   0.530    -.8956976    1.739651
         _Ihour_3 |   1.365985   .6947407     1.97   0.049     .0042141    2.727756
         _Ihour_4 |    3.70553   .7327326     5.06   0.000     2.269291    5.141769
         _Ihour_5 |   4.660049   .6529687     7.14   0.000     3.380156    5.939942
         _Ihour_6 |   4.626373   .6550504     7.06   0.000       3.3424    5.910347
         _Ihour_7 |   3.158069   .7060971     4.47   0.000     1.774039      4.5421
         _Ihour_8 |   .9350453   .6675997     1.40   0.161     -.373526    2.243617
         _Ihour_9 |    1.02697   .6591824     1.56   0.119    -.2651023    2.319042
        _Ihour_10 |   1.238202   .6441956     1.92   0.055    -.0244948    2.500899
        _Ihour_11 |   .6769814   .6544566     1.03   0.301    -.6058281    1.959791
        _Ihour_12 |   .9485014   .6988488     1.36   0.175    -.4213216    2.318324
        _Ihour_13 |   .3477646    .564244     0.62   0.538    -.7582179    1.453747
        _Ihour_14 |   .2826043   .5818309     0.49   0.627    -.8578505    1.423059
        _Ihour_15 |   .2880438    .650907     0.44   0.658    -.9878079    1.563896
        _Ihour_16 |   .3839344   .6385594     0.60   0.548    -.8677147    1.635583
        _Ihour_17 |    .764069   .6355288     1.20   0.229    -.4816397    2.009778
        _Ihour_18 |  -.1824314   .6234809    -0.29   0.770    -1.404525    1.039662
        _Ihour_19 |   .8342157    .578218     1.44   0.149    -.2991573    1.967589
        _Ihour_20 |   .3116466   .5427476     0.57   0.566    -.7522004    1.375494
        _Ihour_21 |   .3667024    .521247     0.70   0.482     -.655001    1.388406
        _Ihour_22 |  -.0240436   .5635518    -0.04   0.966    -1.128669    1.080582
        _Ihour_23 |  -.3658899   .6004695    -0.61   0.542    -1.542878    .8110986
        _Ihour_24 |  -.0352823   .5798143    -0.06   0.951    -1.171784     1.10122
      _Iyear_2005 |   .6654298   .4629074     1.44   0.151    -.2419213    1.572781
      _Iyear_2006 |    .231447   1.406545     0.16   0.869    -2.525541    2.988435
      _Iyear_2007 |          0  (omitted)
        _Iweekd_2 |  -.1353148   .1133029    -1.19   0.232    -.3574014    .0867717
        _Iweekd_3 |  -.0562205   .1118961    -0.50   0.615    -.2755497    .1631086
        _Iweekd_4 |  -.1411778   .1120342    -1.26   0.208    -.3607775    .0784219
        _Iweekd_5 |  -.2976604    .113989    -2.61   0.009    -.5210919    -.074229
        _Iweekd_6 |   .1790437   .1180373     1.52   0.129    -.0523229    .4104103
        _Iweekd_7 |   .6792147   .1158504     5.86   0.000     .4521347    .9062948
        _Imonth_2 |    3.28586   1.445668     2.27   0.023     .4521867    6.119533
        _Imonth_3 |   3.631753   1.006733     3.61   0.000     1.658441    5.605064
        _Imonth_4 |  -.4918491   1.096143    -0.45   0.654    -2.640415    1.656717
        _Imonth_5 |  -.1241682   1.202385    -0.10   0.918    -2.480979    2.232642
        _Imonth_6 |    2.88226   1.496446     1.93   0.054     -.050944    5.815465
        _Imonth_7 |   .4403422   1.559221     0.28   0.778    -2.615909    3.496593
        _Imonth_8 |   4.439233   2.185342     2.03   0.042     .1557136    8.722752
        _Imonth_9 |   12.20183   2.011161     6.07   0.000     8.259726    16.14393
       _Imonth_10 |   3.833901   1.244351     3.08   0.002     1.394831    6.272972
       _Imonth_11 |   1.514163   1.518617     1.00   0.319    -1.462499    4.490825
       _Imonth_12 |  -1.219829   1.509605    -0.81   0.419    -4.178827    1.739169
 _ImonXyea_2_2005 |  -.2287112   .3057411    -0.75   0.454    -.8279986    .3705762
 _ImonXyea_2_2006 |  -.1574626   .5220812    -0.30   0.763    -1.180801    .8658758
 _ImonXyea_2_2007 |          0  (omitted)
 _ImonXyea_3_2005 |  -.9446037   .3926264    -2.41   0.016    -1.714196   -.1750113
 _ImonXyea_3_2006 |          0  (omitted)
 _ImonXyea_3_2007 |          0  (omitted)
 _ImonXyea_4_2005 |   .6617833   .5736156     1.15   0.249    -.4625685    1.786135
 _ImonXyea_4_2006 |          0  (omitted)
 _ImonXyea_4_2007 |          0  (omitted)
 _ImonXyea_5_2005 |   1.171494   .6464725     1.81   0.070    -.0956655    2.438654
 _ImonXyea_5_2006 |          0  (omitted)
 _ImonXyea_5_2007 |          0  (omitted)
 _ImonXyea_6_2005 |   2.174562    .797019     2.73   0.006     .6123145     3.73681
 _ImonXyea_6_2006 |          0  (omitted)
 _ImonXyea_6_2007 |          0  (omitted)
 _ImonXyea_7_2005 |   1.379367   .9572271     1.44   0.150    -.4969066    3.255641
 _ImonXyea_7_2006 |          0  (omitted)
 _ImonXyea_7_2007 |          0  (omitted)
 _ImonXyea_8_2005 |  -.4389397   .9005284    -0.49   0.626    -2.204078    1.326198
 _ImonXyea_8_2006 |          0  (omitted)
 _ImonXyea_8_2007 |          0  (omitted)
 _ImonXyea_9_2005 |  -.1611444   .9444429    -0.17   0.865     -2.01236    1.690071
 _ImonXyea_9_2006 |          0  (omitted)
 _ImonXyea_9_2007 |          0  (omitted)
_ImonXyea_10_2005 |    .151316   .9021974     0.17   0.867    -1.617093    1.919725
_ImonXyea_10_2006 |          0  (omitted)
_ImonXyea_10_2007 |          0  (omitted)
_ImonXyea_11_2005 |   .0720914   .8272184     0.09   0.931    -1.549351    1.693534
_ImonXyea_11_2006 |          0  (omitted)
_ImonXyea_11_2007 |          0  (omitted)
_ImonXyea_12_2005 |  -.3955993    .874159    -0.45   0.651     -2.10905    1.317852
_ImonXyea_12_2006 |          0  (omitted)
_ImonXyea_12_2007 |          0  (omitted)
    _ImonXhou_2_2 |   .7170338   .9938127     0.72   0.471    -1.230952     2.66502
    _ImonXhou_2_3 |   .3480345   .9997364     0.35   0.728    -1.611562    2.307632
    _ImonXhou_2_4 |  -2.366547   1.018787    -2.32   0.020    -4.363486   -.3696082
    _ImonXhou_2_5 |  -2.187059   .9854532    -2.22   0.026    -4.118659   -.2554586
    _ImonXhou_2_6 |  -1.816231   .9843435    -1.85   0.065    -3.745656    .1131944
    _ImonXhou_2_7 |  -2.170575   1.002919    -2.16   0.030     -4.13641   -.2047399
    _ImonXhou_2_8 |   .4177745   .9913513     0.42   0.673    -1.525387    2.360936
    _ImonXhou_2_9 |   .3177484   .9736849     0.33   0.744    -1.590785    2.226281
   _ImonXhou_2_10 |  -.0169498   .9420586    -0.02   0.986    -1.863492    1.829592
   _ImonXhou_2_11 |  -.1302888    .926065    -0.14   0.888    -1.945481    1.684904
   _ImonXhou_2_12 |  -.3277415   .9428865    -0.35   0.728    -2.175906    1.520423
   _ImonXhou_2_13 |  -.3678325   .8746296    -0.42   0.674    -2.082206    1.346541
   _ImonXhou_2_14 |  -.3167604   .8933225    -0.35   0.723    -2.067774    1.434253
   _ImonXhou_2_15 |   .4099305   .9367617     0.44   0.662    -1.426229     2.24609
   _ImonXhou_2_16 |   .4829376   .9354979     0.52   0.606    -1.350745     2.31662
   _ImonXhou_2_17 |   .4804184   .9408596     0.51   0.610    -1.363773     2.32461
   _ImonXhou_2_18 |   1.356653   .9294935     1.46   0.144    -.4652602    3.178566
   _ImonXhou_2_19 |  -.4890437   .9130253    -0.54   0.592    -2.278677     1.30059
   _ImonXhou_2_20 |    .099446   .7934269     0.13   0.900    -1.455761    1.654653
   _ImonXhou_2_21 |  -.0947927   .7850649    -0.12   0.904    -1.633609    1.444024
   _ImonXhou_2_22 |  -.5142902   .8198309    -0.63   0.530    -2.121252    1.092672
   _ImonXhou_2_23 |    .199597   .8681479     0.23   0.818    -1.502072    1.901266
   _ImonXhou_2_24 |   .1367283   .8719804     0.16   0.875    -1.572452    1.845909
    _ImonXhou_3_2 |  -.6536977   .7909471    -0.83   0.409    -2.204044    .8966486
    _ImonXhou_3_3 |  -1.976184   .7975164    -2.48   0.013    -3.539407   -.4129609
    _ImonXhou_3_4 |  -3.737245    .854175    -4.38   0.000    -5.411526   -2.062965
    _ImonXhou_3_5 |  -5.131021   .7636998    -6.72   0.000    -6.627959   -3.634083
    _ImonXhou_3_6 |  -4.786412   .7816731    -6.12   0.000     -6.31858   -3.254244
    _ImonXhou_3_7 |  -3.540145   .8128383    -4.36   0.000      -5.1334    -1.94689
    _ImonXhou_3_8 |   -1.30154   .7683703    -1.69   0.090    -2.807633    .2045537
    _ImonXhou_3_9 |  -1.234634   .7620647    -1.62   0.105    -2.728368    .2590992
   _ImonXhou_3_10 |  -1.378349   .7443638    -1.85   0.064    -2.837386    .0806889
   _ImonXhou_3_11 |  -1.501528   .7519326    -2.00   0.046    -2.975401   -.0276542
   _ImonXhou_3_12 |  -1.932623   .7787375    -2.48   0.013    -3.459037    -.406209
   _ImonXhou_3_13 |   -1.08959   .6764253    -1.61   0.107     -2.41546     .236281
   _ImonXhou_3_14 |   -.657981   .7005068    -0.94   0.348    -2.031054     .715092
   _ImonXhou_3_15 |  -.6619913   .7593976    -0.87   0.383    -2.150497    .8265143
   _ImonXhou_3_16 |  -.6318918   .7494567    -0.84   0.399    -2.100912    .8371286
   _ImonXhou_3_17 |  -1.347272    .743553    -1.81   0.070     -2.80472    .1101764
   _ImonXhou_3_18 |   -.029691   .7287686    -0.04   0.968     -1.45816    1.398778
   _ImonXhou_3_19 |  -1.218781   .6989592    -1.74   0.081     -2.58882    .1512589
   _ImonXhou_3_20 |   -1.26747   .6442721    -1.97   0.049    -2.530317   -.0046236
   _ImonXhou_3_21 |  -.1646556   .6449688    -0.26   0.799    -1.428868    1.099556
   _ImonXhou_3_22 |  -.1101246    .684595    -0.16   0.872    -1.452009    1.231759
   _ImonXhou_3_23 |  -.0576348   .7109612    -0.08   0.935      -1.4512     1.33593
   _ImonXhou_3_24 |  -.3824633   .6887148    -0.56   0.579    -1.732423    .9674961
    _ImonXhou_4_2 |   .8723962    .890205     0.98   0.327    -.8725067    2.617299
    _ImonXhou_4_3 |    .477173   .8859109     0.54   0.590    -1.259313    2.213659
    _ImonXhou_4_4 |  -2.114298   .9237723    -2.29   0.022    -3.924997   -.3035993
    _ImonXhou_4_5 |  -2.738955   .8482819    -3.23   0.001    -4.401684   -1.076226
    _ImonXhou_4_6 |  -2.789843   .8789603    -3.17   0.002    -4.512705    -1.06698
    _ImonXhou_4_7 |  -1.660613   .9397589    -1.77   0.077    -3.502647    .1814212
    _ImonXhou_4_8 |   .4157849   .8795864     0.47   0.636    -1.308304    2.139874
    _ImonXhou_4_9 |   .1615047   .9067505     0.18   0.859    -1.615829    1.938839
   _ImonXhou_4_10 |   .2833467   .8606135     0.33   0.742    -1.403554    1.970247
   _ImonXhou_4_11 |   .4734525   .8567069     0.55   0.581     -1.20579    2.152695
   _ImonXhou_4_12 |   .3442845   .8869638     0.39   0.698    -1.394266    2.082834
   _ImonXhou_4_13 |    .383799   .8081149     0.47   0.635    -1.200198    1.967796
   _ImonXhou_4_14 |   1.097467   .8258227     1.33   0.184    -.5212393    2.716173
   _ImonXhou_4_15 |   1.090308   .8724725     1.25   0.211    -.6198371    2.800454
   _ImonXhou_4_16 |   .6861883   .8737256     0.79   0.432    -1.026413     2.39879
   _ImonXhou_4_17 |   .4643009   .8738284     0.53   0.595    -1.248502    2.177104
   _ImonXhou_4_18 |   1.229332   .8568025     1.43   0.151    -.4500979    2.908763
   _ImonXhou_4_19 |   .0081879   .8443853     0.01   0.992    -1.646903    1.663279
   _ImonXhou_4_20 |   1.371131   .8058926     1.70   0.089    -.2085104    2.950772
   _ImonXhou_4_21 |   .0044401   .7902426     0.01   0.996    -1.544525    1.553405
   _ImonXhou_4_22 |    .986212   .8215898     1.20   0.230    -.6241975    2.596621
   _ImonXhou_4_23 |   1.327539   .8240973     1.61   0.107    -.2877851    2.942864
   _ImonXhou_4_24 |   .4857897   .8319474     0.58   0.559    -1.144922    2.116501
    _ImonXhou_5_2 |   .4206558   .9382322     0.45   0.654    -1.418386    2.259698
    _ImonXhou_5_3 |  -.5092308   .9535327    -0.53   0.593    -2.378263    1.359802
    _ImonXhou_5_4 |  -2.323343    .938448    -2.48   0.013    -4.162808   -.4838786
    _ImonXhou_5_5 |  -3.217831   .8732605    -3.68   0.000    -4.929521   -1.506141
    _ImonXhou_5_6 |  -3.409987   .9103523    -3.75   0.000    -5.194381   -1.625593
    _ImonXhou_5_7 |  -2.108507   .9671574    -2.18   0.029    -4.004245   -.2127681
    _ImonXhou_5_8 |  -1.222587   .9270112    -1.32   0.187    -3.039634    .5944603
    _ImonXhou_5_9 |  -1.041897   .8894438    -1.17   0.241    -2.785308    .7015135
   _ImonXhou_5_10 |  -.4498712    .900936    -0.50   0.618    -2.215808    1.316066
   _ImonXhou_5_11 |   .0644298   .9050181     0.07   0.943    -1.709509    1.838368
   _ImonXhou_5_12 |   .1874087   .9291159     0.20   0.840    -1.633764    2.008582
   _ImonXhou_5_13 |   .7596626   .8110093     0.94   0.349    -.8300078    2.349333
   _ImonXhou_5_14 |   1.007599   .8335902     1.21   0.227     -.626333     2.64153
   _ImonXhou_5_15 |   .1698343   .8971472     0.19   0.850    -1.588676    1.928345
   _ImonXhou_5_16 |   .6298362   .8914871     0.71   0.480     -1.11758    2.377252
   _ImonXhou_5_17 |  -.2377259   .9021393    -0.26   0.792    -2.006021     1.53057
   _ImonXhou_5_18 |   .7954257   .8937338     0.89   0.373    -.9563943    2.547246
   _ImonXhou_5_19 |   -1.38358   .8636072    -1.60   0.109    -3.076348    .3091882
   _ImonXhou_5_20 |  -.3661984    .822274    -0.45   0.656    -1.977949    1.245552
   _ImonXhou_5_21 |  -.6020668   .7866143    -0.77   0.444     -2.14392    .9397865
   _ImonXhou_5_22 |   -.102938   .8493342    -0.12   0.904     -1.76773    1.561854
   _ImonXhou_5_23 |   .3945724   .8663398     0.46   0.649    -1.303552    2.092697
   _ImonXhou_5_24 |   .0044185   .8720578     0.01   0.996    -1.704914    1.713751
    _ImonXhou_6_2 |   .5967368   1.017585     0.59   0.558    -1.397846     2.59132
    _ImonXhou_6_3 |  -1.116814   1.040837    -1.07   0.283    -3.156973    .9233447
    _ImonXhou_6_4 |  -3.377201   1.041777    -3.24   0.001    -5.419203   -1.335199
    _ImonXhou_6_5 |   -3.85916   .9684369    -3.98   0.000    -5.757406   -1.960914
    _ImonXhou_6_6 |  -4.782346   1.016597    -4.70   0.000    -6.774991     -2.7897
    _ImonXhou_6_7 |  -3.640576   1.030436    -3.53   0.000    -5.660349   -1.620804
    _ImonXhou_6_8 |  -1.076174   1.019509    -1.06   0.291    -3.074528    .9221805
    _ImonXhou_6_9 |  -.4590364   .9329817    -0.49   0.623    -2.287787    1.369714
   _ImonXhou_6_10 |  -2.176653   .9477894    -2.30   0.022    -4.034428   -.3188782
   _ImonXhou_6_11 |  -.0598792   .9817589    -0.06   0.951    -1.984238     1.86448
   _ImonXhou_6_12 |   .3698134   .9336317     0.40   0.692    -1.460211    2.199838
   _ImonXhou_6_13 |   .3580485   .9179496     0.39   0.697    -1.441237    2.157334
   _ImonXhou_6_14 |    .247112   .9061786     0.27   0.785    -1.529101    2.023325
   _ImonXhou_6_15 |   .3141045    .905118     0.35   0.729     -1.46003    2.088239
   _ImonXhou_6_16 |   .0280452   .9627349     0.03   0.977    -1.859025    1.915115
   _ImonXhou_6_17 |   .0330557   .9504602     0.03   0.972    -1.829954    1.896066
   _ImonXhou_6_18 |  -.6379133   .9703411    -0.66   0.511    -2.539892    1.264066
   _ImonXhou_6_19 |  -.5781038   .9401089    -0.61   0.539    -2.420824    1.264616
   _ImonXhou_6_20 |  -.0746383    .907866    -0.08   0.934    -1.854159    1.704882
   _ImonXhou_6_21 |   -.290323   .8781884    -0.33   0.741    -2.011672    1.431026
   _ImonXhou_6_22 |  -.1443461   .8675528    -0.17   0.868    -1.844848    1.556156
   _ImonXhou_6_23 |   .7559446   .8512974     0.89   0.375     -.912695    2.424584
   _ImonXhou_6_24 |  -.9701167   .9303283    -1.04   0.297    -2.793666    .8534326
    _ImonXhou_7_2 |  -.3435327    1.14759    -0.30   0.765     -2.59294    1.905875
    _ImonXhou_7_3 |  -1.654129   1.149387    -1.44   0.150    -3.907058     .598801
    _ImonXhou_7_4 |    -4.7839   1.166906    -4.10   0.000    -7.071168   -2.496632
    _ImonXhou_7_5 |  -5.314544   1.104919    -4.81   0.000    -7.480311   -3.148777
    _ImonXhou_7_6 |  -6.035368   1.110219    -5.44   0.000    -8.211523   -3.859213
    _ImonXhou_7_7 |  -3.665819   1.161305    -3.16   0.002    -5.942109   -1.389529
    _ImonXhou_7_8 |  -1.870121   1.127858    -1.66   0.097    -4.080851     .340608
    _ImonXhou_7_9 |  -.6421403   1.066591    -0.60   0.547     -2.73278    1.448499
   _ImonXhou_7_10 |  -.1057962   1.061166    -0.10   0.921    -2.185803     1.97421
   _ImonXhou_7_11 |  -.1402679   1.037723    -0.14   0.892    -2.174324    1.893788
   _ImonXhou_7_12 |  -.4270813   1.060315    -0.40   0.687    -2.505418    1.651256
   _ImonXhou_7_13 |   .5676502    1.01461     0.56   0.576    -1.421102    2.556402
   _ImonXhou_7_14 |   1.255847   1.054558     1.19   0.234    -.8112065      3.3229
   _ImonXhou_7_15 |   .5312327    1.13417     0.47   0.640     -1.69187    2.754336
   _ImonXhou_7_16 |  -.2290159   1.141501    -0.20   0.841    -2.466488    2.008456
   _ImonXhou_7_17 |   .7856197   1.064035     0.74   0.460     -1.30001    2.871249
   _ImonXhou_7_18 |   .6099816   1.046586     0.58   0.560    -1.441446    2.661409
   _ImonXhou_7_19 |   -.324545   1.076395    -0.30   0.763    -2.434401    1.785311
   _ImonXhou_7_20 |   .3588171   .9910937     0.36   0.717    -1.583839    2.301473
   _ImonXhou_7_21 |   .0554885   .9792689     0.06   0.955     -1.86399    1.974967
   _ImonXhou_7_22 |    .906931   1.010964     0.90   0.370    -1.074673    2.888535
   _ImonXhou_7_23 |   .3566361   1.056352     0.34   0.736    -1.713934    2.427206
   _ImonXhou_7_24 |   .8245721   1.061325     0.78   0.437    -1.255745    2.904889
    _ImonXhou_8_2 |  -.6669129   1.063299    -0.63   0.531    -2.751099    1.417273
    _ImonXhou_8_3 |  -2.404502   1.058347    -2.27   0.023    -4.478983   -.3300216
    _ImonXhou_8_4 |  -5.449443   1.112424    -4.90   0.000     -7.62992   -3.268966
    _ImonXhou_8_5 |  -5.585785   1.079406    -5.17   0.000    -7.701543   -3.470027
    _ImonXhou_8_6 |  -5.700264   1.063489    -5.36   0.000    -7.784823   -3.615706
    _ImonXhou_8_7 |  -3.370874   1.091609    -3.09   0.002    -5.510551   -1.231196
    _ImonXhou_8_8 |  -1.274574   1.090436    -1.17   0.242    -3.411953    .8628052
    _ImonXhou_8_9 |  -.6329083   1.062144    -0.60   0.551    -2.714831    1.449015
   _ImonXhou_8_10 |   -2.67613   1.038024    -2.58   0.010    -4.710775   -.6414836
   _ImonXhou_8_11 |   -1.68503   1.052882    -1.60   0.110    -3.748798    .3787381
   _ImonXhou_8_12 |   -2.15674   1.051855    -2.05   0.040    -4.218496    -.094984
   _ImonXhou_8_13 |   .0369908   .9814744     0.04   0.970    -1.886811    1.960792
   _ImonXhou_8_14 |  -.2448985   1.012277    -0.24   0.809    -2.229076    1.739279
   _ImonXhou_8_15 |  -.6912111   1.084568    -0.64   0.524    -2.817087    1.434665
   _ImonXhou_8_16 |   -1.88244   1.027939    -1.83   0.067    -3.897317    .1324364
   _ImonXhou_8_17 |  -1.802569   1.020079    -1.77   0.077     -3.80204    .1969008
   _ImonXhou_8_18 |  -.6448714    1.02095    -0.63   0.528    -2.646049    1.356307
   _ImonXhou_8_19 |  -1.602938   .9704446    -1.65   0.099    -3.505119    .2992441
   _ImonXhou_8_20 |  -1.443465   .9880589    -1.46   0.144    -3.380173     .493243
   _ImonXhou_8_21 |  -1.511924   .9705117    -1.56   0.119    -3.414237    .3903892
   _ImonXhou_8_22 |  -.8099251   .9873354    -0.82   0.412    -2.745215    1.125365
   _ImonXhou_8_23 |  -.9232929   1.019212    -0.91   0.365    -2.921063    1.074478
   _ImonXhou_8_24 |    .442412   1.031744     0.43   0.668    -1.579923    2.464747
    _ImonXhou_9_2 |   -.714444   .9844173    -0.73   0.468    -2.644014    1.215126
    _ImonXhou_9_3 |  -1.753854    1.02261    -1.72   0.086    -3.758286    .2505769
    _ImonXhou_9_4 |  -5.545773    1.05373    -5.26   0.000    -7.611203   -3.480343
    _ImonXhou_9_5 |  -5.251288   1.025962    -5.12   0.000     -7.26229   -3.240286
    _ImonXhou_9_6 |  -6.508219   1.022999    -6.36   0.000    -8.513414   -4.503025
    _ImonXhou_9_7 |  -3.054866   1.043492    -2.93   0.003    -5.100229   -1.009503
    _ImonXhou_9_8 |  -2.277366   1.069307    -2.13   0.033     -4.37333   -.1814025
    _ImonXhou_9_9 |  -3.119034   1.042262    -2.99   0.003    -5.161985   -1.076082
   _ImonXhou_9_10 |  -3.677767   1.012282    -3.63   0.000    -5.661954   -1.693579
   _ImonXhou_9_11 |  -2.788348   1.027181    -2.71   0.007    -4.801739   -.7749575
   _ImonXhou_9_12 |  -2.755021   1.036564    -2.66   0.008    -4.786805   -.7232378
   _ImonXhou_9_13 |   -2.20291   .9523258    -2.31   0.021    -4.069576   -.3362427
   _ImonXhou_9_14 |  -1.825823   .9127572    -2.00   0.045    -3.614931   -.0367155
   _ImonXhou_9_15 |  -1.352269   .9961753    -1.36   0.175    -3.304886    .6003477
   _ImonXhou_9_16 |  -3.182041   .9657434    -3.29   0.001    -5.075008   -1.289075
   _ImonXhou_9_17 |  -1.995413   .9591433    -2.08   0.038    -3.875443   -.1153834
   _ImonXhou_9_18 |  -.8942749   .9563879    -0.94   0.350    -2.768904    .9803542
   _ImonXhou_9_19 |  -2.794292   .9207945    -3.03   0.002    -4.599154   -.9894306
   _ImonXhou_9_20 |  -2.407855   .9325383    -2.58   0.010    -4.235737   -.5799744
   _ImonXhou_9_21 |  -2.266592   .8809704    -2.57   0.010    -3.993394   -.5397901
   _ImonXhou_9_22 |   -2.78292   .9500561    -2.93   0.003    -4.645138   -.9207021
   _ImonXhou_9_23 |  -2.516132   1.008299    -2.50   0.013    -4.492513   -.5397516
   _ImonXhou_9_24 |   .5621315   .9367397     0.60   0.548    -1.273985    2.398248
   _ImonXhou_10_2 |  -.8676529   1.019069    -0.85   0.395    -2.865144    1.129838
   _ImonXhou_10_3 |  -1.472877   1.041459    -1.41   0.157    -3.514256    .5685023
   _ImonXhou_10_4 |  -4.725981   1.115077    -4.24   0.000    -6.911658   -2.540304
   _ImonXhou_10_5 |  -5.828797   1.052716    -5.54   0.000    -7.892241   -3.765354
   _ImonXhou_10_6 |  -6.455008   1.047963    -6.16   0.000    -8.509134   -4.400882
   _ImonXhou_10_7 |  -3.121365   1.061297    -2.94   0.003    -5.201628   -1.041103
   _ImonXhou_10_8 |  -2.683088   1.043533    -2.57   0.010    -4.728531   -.6376451
   _ImonXhou_10_9 |  -3.384182   1.008053    -3.36   0.001     -5.36008   -1.408284
  _ImonXhou_10_10 |  -4.064771   1.016498    -4.00   0.000    -6.057222   -2.072319
  _ImonXhou_10_11 |  -3.526834   1.020462    -3.46   0.001    -5.527057   -1.526612
  _ImonXhou_10_12 |  -4.012148   1.060385    -3.78   0.000    -6.090624   -1.933672
  _ImonXhou_10_13 |    -3.7769   .9467411    -3.99   0.000     -5.63262   -1.921179
  _ImonXhou_10_14 |   -4.27899   .9230952    -4.64   0.000    -6.088361   -2.469618
  _ImonXhou_10_15 |  -2.948722   1.039863    -2.84   0.005    -4.986971   -.9104727
  _ImonXhou_10_16 |  -2.555213   1.001016    -2.55   0.011    -4.517318   -.5931079
  _ImonXhou_10_17 |  -2.497128   .9968265    -2.51   0.012    -4.451021   -.5432343
  _ImonXhou_10_18 |  -2.306712   1.009566    -2.28   0.022    -4.285576   -.3278486
  _ImonXhou_10_19 |  -2.168332   1.007855    -2.15   0.031    -4.143842   -.1928216
  _ImonXhou_10_20 |  -3.474768   .9374442    -3.71   0.000    -5.312265   -1.637271
  _ImonXhou_10_21 |  -2.479725   .8988216    -2.76   0.006    -4.241518   -.7179326
  _ImonXhou_10_22 |  -3.527686   .9109418    -3.87   0.000    -5.313236   -1.742137
  _ImonXhou_10_23 |  -2.280738    1.00428    -2.27   0.023     -4.24924    -.312236
  _ImonXhou_10_24 |  -.1485304    .977515    -0.15   0.879    -2.064571     1.76751
   _ImonXhou_11_2 |   1.391594   1.043194     1.33   0.182     -.653185    3.436374
   _ImonXhou_11_3 |   -.101098   1.089581    -0.09   0.926    -2.236801    2.034605
   _ImonXhou_11_4 |  -1.598368   1.072997    -1.49   0.136    -3.701565    .5048283
   _ImonXhou_11_5 |  -3.322299   1.039188    -3.20   0.001    -5.359226   -1.285372
   _ImonXhou_11_6 |  -3.926886   1.053425    -3.73   0.000    -5.991718   -1.862053
   _ImonXhou_11_7 |  -1.355609   1.045525    -1.30   0.195    -3.404958    .6937388
   _ImonXhou_11_8 |  -.8424655   1.072848    -0.79   0.432    -2.945369    1.260438
   _ImonXhou_11_9 |  -2.513657   1.055308    -2.38   0.017     -4.58218   -.4451343
  _ImonXhou_11_10 |  -2.595324   1.030537    -2.52   0.012    -4.615293   -.5753552
  _ImonXhou_11_11 |    -2.3723   1.026566    -2.31   0.021    -4.384486   -.3601141
  _ImonXhou_11_12 |  -2.709555   1.050755    -2.58   0.010    -4.769154   -.6499565
  _ImonXhou_11_13 |  -2.000333   .9559878    -2.09   0.036    -3.874177   -.1264878
  _ImonXhou_11_14 |  -2.250675   .9897134    -2.27   0.023    -4.190626   -.3107247
  _ImonXhou_11_15 |  -.7922694   1.048242    -0.76   0.450    -2.846943    1.262404
  _ImonXhou_11_16 |  -1.368926   1.048799    -1.31   0.192    -3.424691    .6868384
  _ImonXhou_11_17 |  -1.891902   1.018717    -1.86   0.063    -3.888703    .1048982
  _ImonXhou_11_18 |  -.9761922   1.033469    -0.94   0.345    -3.001909    1.049525
  _ImonXhou_11_19 |  -2.363616   .9999036    -2.36   0.018    -4.323541   -.4036916
  _ImonXhou_11_20 |  -2.443526   .9380892    -2.60   0.009    -4.282287   -.6047644
  _ImonXhou_11_21 |  -2.329664     .93712    -2.49   0.013    -4.166526   -.4928023
  _ImonXhou_11_22 |  -2.566666   .9445918    -2.72   0.007    -4.418173   -.7151583
  _ImonXhou_11_23 |  -1.598819   1.008679    -1.59   0.113    -3.575944    .3783065
  _ImonXhou_11_24 |  -.9419034   1.011403    -0.93   0.352    -2.924368    1.040561
   _ImonXhou_12_2 |   1.046608   1.060976     0.99   0.324    -1.033025    3.126241
   _ImonXhou_12_3 |   1.346215   1.045655     1.29   0.198    -.7033877    3.395818
   _ImonXhou_12_4 |  -.4253649   1.084698    -0.39   0.695    -2.551496    1.700766
   _ImonXhou_12_5 |  -.8400254   .9868631    -0.85   0.395    -2.774389    1.094338
   _ImonXhou_12_6 |   -.946603   .9994212    -0.95   0.344    -2.905582    1.012376
   _ImonXhou_12_7 |   .2546391   1.048553     0.24   0.808    -1.800644    2.309923
   _ImonXhou_12_8 |   .7213651   .9975783     0.72   0.470    -1.234002    2.676732
   _ImonXhou_12_9 |  -.2870443   .9983632    -0.29   0.774     -2.24395    1.669861
  _ImonXhou_12_10 |  -1.048546    .989278    -1.06   0.289    -2.987643    .8905516
  _ImonXhou_12_11 |  -.9170313    .991265    -0.93   0.355    -2.860023    1.025961
  _ImonXhou_12_12 |  -1.540805   .9907103    -1.56   0.120     -3.48271    .4010995
  _ImonXhou_12_13 |  -.2297356     .92259    -0.25   0.803    -2.038117    1.578646
  _ImonXhou_12_14 |  -.1754229   .9389481    -0.19   0.852    -2.015868    1.665022
  _ImonXhou_12_15 |   .1329046   .9716587     0.14   0.891    -1.771657    2.037466
  _ImonXhou_12_16 |  -.5617939   .9363924    -0.60   0.549    -2.397229    1.273642
  _ImonXhou_12_17 |  -.4967762   .9755249    -0.51   0.611    -2.408916    1.415364
  _ImonXhou_12_18 |   .0396099    .975185     0.04   0.968    -1.871864    1.951083
  _ImonXhou_12_19 |  -.3180012   .9344196    -0.34   0.734     -2.14957    1.513567
  _ImonXhou_12_20 |  -.0584397   .9192985    -0.06   0.949    -1.860369     1.74349
  _ImonXhou_12_21 |  -.3220141   .8462718    -0.38   0.704    -1.980803    1.336775
  _ImonXhou_12_22 |  -.8693972   .8619445    -1.01   0.313    -2.558906     .820112
  _ImonXhou_12_23 |   .0134683   .8999517     0.01   0.988    -1.750539    1.777476
  _ImonXhou_12_24 |  -.8765199   .8839797    -0.99   0.321    -2.609221    .8561809
     _ImonXtemp_2 |   -.056828   .1265095    -0.45   0.653     -.304801     .191145
     _ImonXtemp_3 |   .0746911   .0654704     1.14   0.254    -.0536383    .2030204
     _ImonXtemp_4 |   .0484807   .0852831     0.57   0.570    -.1186838    .2156452
     _ImonXtemp_5 |  -.2289389   .0970213    -2.36   0.018    -.4191116   -.0387662
     _ImonXtemp_6 |   .4225289   .1458588     2.90   0.004     .1366289    .7084288
     _ImonXtemp_7 |  -.0118683   .1112725    -0.11   0.915    -.2299751    .2062386
     _ImonXtemp_8 |  -.1629247   .0936756    -1.74   0.082    -.3465395    .0206901
     _ImonXtemp_9 |   .0739538   .0923393     0.80   0.423    -.1070416    .2549493
    _ImonXtemp_10 |  -.0377554   .1029231    -0.37   0.714    -.2394963    .1639856
    _ImonXtemp_11 |  -.0624935   .0630878    -0.99   0.322    -.1861528    .0611658
    _ImonXtemp_12 |  -.0555331   .0926804    -0.60   0.549    -.2371971     .126131
     _ImonXtempa2 |  -.1429266   .0973709    -1.47   0.142    -.3337847    .0479315
     _ImonXtempa3 |   -.154162     .06442    -2.39   0.017    -.2804325   -.0278915
     _ImonXtempa4 |  -.0370473   .0695806    -0.53   0.594    -.1734332    .0993387
     _ImonXtempa5 |   .1104153   .0892164     1.24   0.216     -.064459    .2852897
     _ImonXtempa6 |  -.3901573   .0978368    -3.99   0.000    -.5819284   -.1983861
     _ImonXtempa7 |  -.0394369   .0902073    -0.44   0.662    -.2162536    .1373797
     _ImonXtempa8 |  -.0294507   .0749044    -0.39   0.694    -.1762718    .1173704
     _ImonXtempa9 |   -.387438    .078237    -4.95   0.000    -.5407914   -.2340846
    _ImonXtempa10 |  -.0648571   .0744118    -0.87   0.383    -.2107128    .0809985
    _ImonXtempa11 |   .0125721   .0768841     0.16   0.870    -.1381295    .1632736
    _ImonXtempa12 |   .1090894   .0963808     1.13   0.258     -.079828    .2980067
           eprice |   .5702694   .0522557    10.91   0.000     .4678423    .6726964
            _cons |  -.3242703   1.576962    -0.21   0.837    -3.415295    2.766755
-----------------------------------------------------------------------------------


Instrumental variables (2SLS) regression               Number of obs =   16186
                                                       Wald chi2(338)=41265.59
                                                       Prob > chi2   =  0.0000
                                                       R-squared     =  0.7247
                                                       Root MSE      =  9.1703

-----------------------------------------------------------------------------------
                  |               Robust
         mg_price |      Coef.   Std. Err.      z    P>|z|     [95% Conf. Interval]
------------------+----------------------------------------------------------------
           ecost2 |   .8293759   .1722044     4.82   0.000     .4918614     1.16689
            windx |  -2.191104    .337444    -6.49   0.000    -2.852482   -1.529726
           windx2 |   .0669561    .023463     2.85   0.004     .0209695    .1129427
             temp |   .7587126   .1442659     5.26   0.000     .4759567    1.041469
            tempx |  -1.035846   .1535297    -6.75   0.000    -1.336758   -.7349329
            humid |   .0944411   .0136509     6.92   0.000     .0676858    .1211965
             coal |   45.46866   4.164159    10.92   0.000     37.30706    53.63026
              gas |   3.563342   .3867046     9.21   0.000     2.805415    4.321269
            brent |  -1.777643   .9301166    -1.91   0.056    -3.600638    .0453524
         _Ihour_2 |  -8.015451   1.581659    -5.07   0.000    -11.11545   -4.915456
         _Ihour_3 |  -11.64569   1.638959    -7.11   0.000    -14.85799   -8.433391
         _Ihour_4 |   -15.9702   1.779595    -8.97   0.000    -19.45814   -12.48226
         _Ihour_5 |  -18.61236   1.834512   -10.15   0.000    -22.20793   -15.01678
         _Ihour_6 |  -19.09582   1.822448   -10.48   0.000    -22.66776   -15.52389
         _Ihour_7 |  -15.32987   1.712549    -8.95   0.000    -18.68641   -11.97334
         _Ihour_8 |  -8.050187   1.794953    -4.48   0.000    -11.56823   -4.532144
         _Ihour_9 |  -4.759083   2.263675    -2.10   0.036    -9.195804   -.3223608
        _Ihour_10 |   -2.61483   2.163059    -1.21   0.227    -6.854349    1.624688
        _Ihour_11 |   1.004681   2.039987     0.49   0.622     -2.99362    5.002982
        _Ihour_12 |   1.558779   1.927072     0.81   0.419    -2.218212     5.33577
        _Ihour_13 |   2.467637   1.795206     1.37   0.169    -1.050903    5.986176
        _Ihour_14 |   1.200885   1.678096     0.72   0.474    -2.088122    4.489892
        _Ihour_15 |  -.0350274   1.744914    -0.02   0.984    -3.454996    3.384941
        _Ihour_16 |  -1.391305   1.803399    -0.77   0.440    -4.925902    2.143293
        _Ihour_17 |   -2.68855   1.730762    -1.55   0.120    -6.080782    .7036819
        _Ihour_18 |  -.0764297    1.75915    -0.04   0.965      -3.5243    3.371441
        _Ihour_19 |   4.711478   1.761614     2.67   0.007     1.258778    8.164178
        _Ihour_20 |   10.50222   1.957071     5.37   0.000     6.666433    14.33801
        _Ihour_21 |    9.32492   1.989263     4.69   0.000     5.426037     13.2238
        _Ihour_22 |   6.424306   1.867853     3.44   0.001     2.763382    10.08523
        _Ihour_23 |   4.738004   1.715161     2.76   0.006      1.37635    8.099658
        _Ihour_24 |   5.073595   1.665773     3.05   0.002      1.80874    8.338449
      _Iyear_2005 |   14.69169   1.183604    12.41   0.000     12.37187    17.01151
      _Iyear_2006 |   26.30717   3.166737     8.31   0.000     20.10048    32.51386
      _Iyear_2007 |          0  (omitted)
        _Iweekd_2 |   .4843961   .2757535     1.76   0.079    -.0560709    1.024863
        _Iweekd_3 |   1.093404   .2852171     3.83   0.000      .534389     1.65242
        _Iweekd_4 |   1.007747   .2886461     3.49   0.000     .4420106    1.573482
        _Iweekd_5 |  -.4112504   .2758828    -1.49   0.136    -.9519707    .1294699
        _Iweekd_6 |  -4.306493   .2737647   -15.73   0.000    -4.843062   -3.769924
        _Iweekd_7 |  -9.203506   .3043391   -30.24   0.000    -9.799999   -8.607012
        _Imonth_2 |  -15.58146    3.90754    -3.99   0.000     -23.2401   -7.922824
        _Imonth_3 |  -14.82894   3.736131    -3.97   0.000    -22.15162   -7.506257
        _Imonth_4 |   -15.7059   2.934597    -5.35   0.000    -21.45761     -9.9542
        _Imonth_5 |  -20.20872   3.171489    -6.37   0.000    -26.42472   -13.99272
        _Imonth_6 |  -53.38684   4.617254   -11.56   0.000    -62.43649   -44.33719
        _Imonth_7 |  -29.72421   3.956973    -7.51   0.000    -37.47973   -21.96868
        _Imonth_8 |  -33.70953   4.494665    -7.50   0.000    -42.51892   -24.90015
        _Imonth_9 |  -46.32848   4.787275    -9.68   0.000    -55.71137   -36.94559
       _Imonth_10 |  -26.36373   3.309852    -7.97   0.000    -32.85092   -19.87654
       _Imonth_11 |   3.211447   3.764486     0.85   0.394     -4.16681     10.5897
       _Imonth_12 |  -12.97842   4.272796    -3.04   0.002    -21.35295   -4.603897
 _ImonXyea_2_2005 |  -.0727755   .9186284    -0.08   0.937    -1.873254    1.727703
 _ImonXyea_2_2006 |  -.4319585    1.17611    -0.37   0.713    -2.737092    1.873175
 _ImonXyea_2_2007 |          0  (omitted)
 _ImonXyea_3_2005 |   3.604907   1.234291     2.92   0.003     1.185742    6.024072
 _ImonXyea_3_2006 |          0  (omitted)
 _ImonXyea_3_2007 |          0  (omitted)
 _ImonXyea_4_2005 |  -.7550134   1.370111    -0.55   0.582    -3.440382    1.930355
 _ImonXyea_4_2006 |          0  (omitted)
 _ImonXyea_4_2007 |          0  (omitted)
 _ImonXyea_5_2005 |   -6.71343   1.498992    -4.48   0.000    -9.651399    -3.77546
 _ImonXyea_5_2006 |          0  (omitted)
 _ImonXyea_5_2007 |          0  (omitted)
 _ImonXyea_6_2005 |   3.206639   1.980842     1.62   0.105    -.6757399    7.089018
 _ImonXyea_6_2006 |          0  (omitted)
 _ImonXyea_6_2007 |          0  (omitted)
 _ImonXyea_7_2005 |   5.899027   2.190321     2.69   0.007     1.606077    10.19198
 _ImonXyea_7_2006 |          0  (omitted)
 _ImonXyea_7_2007 |          0  (omitted)
 _ImonXyea_8_2005 |   2.742412   1.834807     1.49   0.135    -.8537447    6.338568
 _ImonXyea_8_2006 |          0  (omitted)
 _ImonXyea_8_2007 |          0  (omitted)
 _ImonXyea_9_2005 |    4.24901    2.02195     2.10   0.036     .2860615    8.211959
 _ImonXyea_9_2006 |          0  (omitted)
 _ImonXyea_9_2007 |          0  (omitted)
_ImonXyea_10_2005 |  -.9136525   1.893613    -0.48   0.629    -4.625065     2.79776
_ImonXyea_10_2006 |          0  (omitted)
_ImonXyea_10_2007 |          0  (omitted)
_ImonXyea_11_2005 |   3.842556   1.755485     2.19   0.029     .4018681    7.283244
_ImonXyea_11_2006 |          0  (omitted)
_ImonXyea_11_2007 |          0  (omitted)
_ImonXyea_12_2005 |   8.760737   1.883846     4.65   0.000     5.068466    12.45301
_ImonXyea_12_2006 |          0  (omitted)
_ImonXyea_12_2007 |          0  (omitted)
    _ImonXhou_2_2 |  -.2675504   2.309868    -0.12   0.908    -4.794809    4.259708
    _ImonXhou_2_3 |   -.349973   2.367241    -0.15   0.882     -4.98968    4.289734
    _ImonXhou_2_4 |   2.086609   2.390612     0.87   0.383    -2.598905    6.772123
    _ImonXhou_2_5 |   1.676085   2.370268     0.71   0.479    -2.969555    6.321725
    _ImonXhou_2_6 |   1.487413    2.34745     0.63   0.526    -3.113504     6.08833
    _ImonXhou_2_7 |   2.618884   2.307551     1.13   0.256    -1.903834    7.141602
    _ImonXhou_2_8 |   1.428088   2.482241     0.58   0.565    -3.437016    6.293192
    _ImonXhou_2_9 |   .5204017   3.037099     0.17   0.864    -5.432203    6.473006
   _ImonXhou_2_10 |   3.166308    3.02246     1.05   0.295    -2.757604     9.09022
   _ImonXhou_2_11 |   2.697275   2.840146     0.95   0.342     -2.86931    8.263859
   _ImonXhou_2_12 |   2.220365   2.701762     0.82   0.411    -3.074992    7.515722
   _ImonXhou_2_13 |   2.616686   2.621882     1.00   0.318    -2.522107    7.755479
   _ImonXhou_2_14 |   .6819079   2.373844     0.29   0.774     -3.97074    5.334556
   _ImonXhou_2_15 |  -1.792778   2.439997    -0.73   0.462    -6.575085    2.989529
   _ImonXhou_2_16 |  -1.671983   2.450771    -0.68   0.495    -6.475406     3.13144
   _ImonXhou_2_17 |  -1.662982   2.424418    -0.69   0.493    -6.414753     3.08879
   _ImonXhou_2_18 |   -3.20458   2.492796    -1.29   0.199    -8.090371    1.681211
   _ImonXhou_2_19 |  -4.466539   2.506577    -1.78   0.075     -9.37934    .4462615
   _ImonXhou_2_20 |  -1.644338   2.620125    -0.63   0.530    -6.779688    3.491011
   _ImonXhou_2_21 |   .8234083   2.725978     0.30   0.763     -4.51941    6.166227
   _ImonXhou_2_22 |   1.378494   2.803141     0.49   0.623    -4.115562     6.87255
   _ImonXhou_2_23 |  -2.388185   2.388727    -1.00   0.317    -7.070003    2.293633
   _ImonXhou_2_24 |  -2.313948   2.331359    -0.99   0.321    -6.883329    2.255432
    _ImonXhou_3_2 |   3.575008   2.541477     1.41   0.160    -1.406195     8.55621
    _ImonXhou_3_3 |   3.198264   2.448568     1.31   0.191    -1.600841    7.997368
    _ImonXhou_3_4 |   5.221852   2.586821     2.02   0.044     .1517754    10.29193
    _ImonXhou_3_5 |   6.825908   2.611856     2.61   0.009     1.706763    11.94505
    _ImonXhou_3_6 |   7.169627   2.579726     2.78   0.005     2.113458     12.2258
    _ImonXhou_3_7 |   6.865461   2.501088     2.74   0.006     1.963418     11.7675
    _ImonXhou_3_8 |   3.315866   2.573889     1.29   0.198    -1.728863    8.360595
    _ImonXhou_3_9 |   5.378007   3.056097     1.76   0.078    -.6118334    11.36785
   _ImonXhou_3_10 |   9.284896   3.121149     2.97   0.003     3.167557    15.40224
   _ImonXhou_3_11 |    5.69251   3.096211     1.84   0.066    -.3759529    11.76097
   _ImonXhou_3_12 |   6.265657   3.001589     2.09   0.037     .3826509    12.14866
   _ImonXhou_3_13 |   5.047774   2.939476     1.72   0.086    -.7134922    10.80904
   _ImonXhou_3_14 |   3.493304   2.687604     1.30   0.194    -1.774303     8.76091
   _ImonXhou_3_15 |   2.145575   2.626816     0.82   0.414     -3.00289    7.294039
   _ImonXhou_3_16 |   1.842767    2.66287     0.69   0.489    -3.376361    7.061896
   _ImonXhou_3_17 |   3.955192   2.617878     1.51   0.131    -1.175755    9.086138
   _ImonXhou_3_18 |   .9988495   2.666302     0.37   0.708    -4.227006    6.224705
   _ImonXhou_3_19 |  -2.088956   2.721838    -0.77   0.443    -7.423659    3.245748
   _ImonXhou_3_20 |  -.9782899   3.215492    -0.30   0.761    -7.280538    5.323959
   _ImonXhou_3_21 |   2.558386   3.045546     0.84   0.401    -3.410776    8.527547
   _ImonXhou_3_22 |   6.082888   3.114666     1.95   0.051     -.021745    12.18752
   _ImonXhou_3_23 |   1.240371   2.836464     0.44   0.662    -4.318996    6.799738
   _ImonXhou_3_24 |  -.1718682   2.745603    -0.06   0.950     -5.55315    5.209414
    _ImonXhou_4_2 |   3.580136   1.960142     1.83   0.068    -.2616713    7.421944
    _ImonXhou_4_3 |   4.701277   2.006015     2.34   0.019     .7695597    8.632995
    _ImonXhou_4_4 |   8.247647    2.06204     4.00   0.000     4.206122    12.28917
    _ImonXhou_4_5 |   9.499646    2.07698     4.57   0.000     5.428841    13.57045
    _ImonXhou_4_6 |   10.37092   2.090953     4.96   0.000     6.272723    14.46911
    _ImonXhou_4_7 |   9.246967   2.000106     4.62   0.000     5.326832     13.1671
    _ImonXhou_4_8 |   6.072705   2.123045     2.86   0.004     1.911613     10.2338
    _ImonXhou_4_9 |   3.637661   2.539376     1.43   0.152    -1.339424    8.614747
   _ImonXhou_4_10 |   4.142633   2.538007     1.63   0.103    -.8317682    9.117035
   _ImonXhou_4_11 |   1.669252   2.470053     0.68   0.499    -3.171964    6.510468
   _ImonXhou_4_12 |   1.333875   2.285962     0.58   0.560    -3.146527    5.814278
   _ImonXhou_4_13 |    1.80789   2.258019     0.80   0.423    -2.617746    6.233526
   _ImonXhou_4_14 |   1.346144   2.071953     0.65   0.516     -2.71481    5.407098
   _ImonXhou_4_15 |   .5456663   2.075224     0.26   0.793    -3.521698    4.613031
   _ImonXhou_4_16 |   1.637662   2.147536     0.76   0.446    -2.571432    5.846756
   _ImonXhou_4_17 |   2.121929    2.04811     1.04   0.300    -1.892293    6.136151
   _ImonXhou_4_18 |   .3055705   2.168683     0.14   0.888    -3.944971    4.556112
   _ImonXhou_4_19 |  -4.502238   2.156642    -2.09   0.037    -8.729179   -.2752966
   _ImonXhou_4_20 |  -11.78068   2.280474    -5.17   0.000    -16.25033    -7.31103
   _ImonXhou_4_21 |  -8.639942   2.335311    -3.70   0.000    -13.21707   -4.062817
   _ImonXhou_4_22 |   1.388372   2.434141     0.57   0.568    -3.382456    6.159201
   _ImonXhou_4_23 |  -2.256973   2.108873    -1.07   0.285    -6.390288    1.876342
   _ImonXhou_4_24 |  -6.764594   2.044558    -3.31   0.001    -10.77185   -2.757334
    _ImonXhou_5_2 |   4.292151   1.980411     2.17   0.030     .4106175    8.173684
    _ImonXhou_5_3 |   6.789204   2.021659     3.36   0.001     2.826825    10.75158
    _ImonXhou_5_4 |   9.803863   2.110576     4.65   0.000      5.66721    13.94052
    _ImonXhou_5_5 |   11.73893   2.119004     5.54   0.000     7.585757     15.8921
    _ImonXhou_5_6 |   12.55651   2.119399     5.92   0.000     8.402563    16.71045
    _ImonXhou_5_7 |   10.15275   2.016565     5.03   0.000     6.200355    14.10514
    _ImonXhou_5_8 |   5.850648   2.138139     2.74   0.006     1.659973    10.04132
    _ImonXhou_5_9 |   5.131577    2.59886     1.97   0.048     .0379041    10.22525
   _ImonXhou_5_10 |   4.298482   2.539692     1.69   0.091    -.6792227    9.276188
   _ImonXhou_5_11 |   1.650424   2.471237     0.67   0.504    -3.193112     6.49396
   _ImonXhou_5_12 |   1.934722   2.340484     0.83   0.408    -2.652543    6.521987
   _ImonXhou_5_13 |   1.723571   2.266854     0.76   0.447    -2.719382    6.166523
   _ImonXhou_5_14 |   1.651156   2.149063     0.77   0.442     -2.56093    5.863242
   _ImonXhou_5_15 |   1.592017   2.274327     0.70   0.484    -2.865581    6.049615
   _ImonXhou_5_16 |   3.009612   2.264621     1.33   0.184    -1.428963    7.448187
   _ImonXhou_5_17 |   4.153023    2.16268     1.92   0.055    -.0857513    8.391797
   _ImonXhou_5_18 |   1.854348   2.234754     0.83   0.407    -2.525691    6.234386
   _ImonXhou_5_19 |  -2.222552    2.20541    -1.01   0.314    -6.545077    2.099972
   _ImonXhou_5_20 |  -9.920142   2.302622    -4.31   0.000     -14.4332   -5.407086
   _ImonXhou_5_21 |  -10.28059   2.304693    -4.46   0.000     -14.7977   -5.763472
   _ImonXhou_5_22 |    -.98279   2.282565    -0.43   0.667    -5.456535    3.490955
   _ImonXhou_5_23 |  -.6473497   2.187037    -0.30   0.767    -4.933864    3.639165
   _ImonXhou_5_24 |  -5.423514   2.060992    -2.63   0.009    -9.462983   -1.384044
    _ImonXhou_6_2 |   3.625023   2.134209     1.70   0.089    -.5579497    7.807995
    _ImonXhou_6_3 |   5.904442   2.181084     2.71   0.007     1.629596    10.17929
    _ImonXhou_6_4 |   9.391297   2.291772     4.10   0.000     4.899507    13.88309
    _ImonXhou_6_5 |   11.24369   2.321358     4.84   0.000     6.693914    15.79347
    _ImonXhou_6_6 |   12.62626   2.305803     5.48   0.000     8.106967    17.14555
    _ImonXhou_6_7 |   10.51466   2.222457     4.73   0.000     6.158725    14.87059
    _ImonXhou_6_8 |   5.545335   2.276214     2.44   0.015     1.084037    10.00663
    _ImonXhou_6_9 |   9.553649   2.843245     3.36   0.001     3.980991    15.12631
   _ImonXhou_6_10 |   13.01493   2.856524     4.56   0.000     7.416247    18.61362
   _ImonXhou_6_11 |   11.89255   2.981805     3.99   0.000     6.048315    17.73678
   _ImonXhou_6_12 |   13.67142   3.119352     4.38   0.000     7.557602    19.78524
   _ImonXhou_6_13 |   13.53019   2.901491     4.66   0.000      7.84337      19.217
   _ImonXhou_6_14 |   16.30156   3.047725     5.35   0.000     10.32813    22.27499
   _ImonXhou_6_15 |   13.68891   3.104041     4.41   0.000     7.605106    19.77272
   _ImonXhou_6_16 |   13.97244    2.93965     4.75   0.000     8.210828    19.73404
   _ImonXhou_6_17 |   16.32798   2.927761     5.58   0.000     10.58967    22.06628
   _ImonXhou_6_18 |   15.77796   3.299822     4.78   0.000      9.31043    22.24549
   _ImonXhou_6_19 |   8.466253   2.895566     2.92   0.003     2.791047    14.14146
   _ImonXhou_6_20 |   1.408814   2.973194     0.47   0.636     -4.41854    7.236168
   _ImonXhou_6_21 |  -2.616455    2.55917    -1.02   0.307    -7.632336    2.399427
   _ImonXhou_6_22 |   2.431756   2.542902     0.96   0.339    -2.552239    7.415752
   _ImonXhou_6_23 |   7.136321    2.44324     2.92   0.003     2.347659    11.92498
   _ImonXhou_6_24 |  -.4727305   2.230671    -0.21   0.832    -4.844765    3.899304
    _ImonXhou_7_2 |   4.410994   2.171388     2.03   0.042     .1551516    8.666835
    _ImonXhou_7_3 |   5.725757   2.145289     2.67   0.008     1.521068    9.930446
    _ImonXhou_7_4 |   9.713239   2.262396     4.29   0.000     5.279024    14.14745
    _ImonXhou_7_5 |   11.45578    2.31422     4.95   0.000     6.919992    15.99157
    _ImonXhou_7_6 |   12.72405   2.282447     5.57   0.000     8.250532    17.19756
    _ImonXhou_7_7 |   10.27772   2.239817     4.59   0.000     5.887758    14.66768
    _ImonXhou_7_8 |   5.323261   2.261862     2.35   0.019     .8900929    9.756429
    _ImonXhou_7_9 |   5.808742   2.674786     2.17   0.030     .5662573    11.05123
   _ImonXhou_7_10 |   9.853588   2.691461     3.66   0.000     4.578421    15.12875
   _ImonXhou_7_11 |   10.59111   2.872935     3.69   0.000     4.960257    16.22196
   _ImonXhou_7_12 |   11.19973   2.843187     3.94   0.000     5.627183    16.77227
   _ImonXhou_7_13 |   13.37252   2.887287     4.63   0.000     7.713544     19.0315
   _ImonXhou_7_14 |   12.69929   2.669215     4.76   0.000     7.467722    17.93085
   _ImonXhou_7_15 |   11.84389   2.688417     4.41   0.000     6.574693     17.1131
   _ImonXhou_7_16 |   14.58316   2.594052     5.62   0.000      9.49891    19.66741
   _ImonXhou_7_17 |   11.90846   2.599697     4.58   0.000     6.813152    17.00378
   _ImonXhou_7_18 |    12.0953   2.693535     4.49   0.000     6.816067    17.37453
   _ImonXhou_7_19 |   7.823859    2.83354     2.76   0.006     2.270223     13.3775
   _ImonXhou_7_20 |  -.8703091   2.690298    -0.32   0.746    -6.143196    4.402578
   _ImonXhou_7_21 |   -2.12954   2.477181    -0.86   0.390    -6.984726    2.725646
   _ImonXhou_7_22 |   1.127708     2.4349     0.46   0.643    -3.644608    5.900025
   _ImonXhou_7_23 |   7.344055   2.442516     3.01   0.003     2.556812     12.1313
   _ImonXhou_7_24 |  -1.771917   2.316724    -0.76   0.444    -6.312612    2.768778
    _ImonXhou_8_2 |   5.235046   1.978867     2.65   0.008     1.356539    9.113554
    _ImonXhou_8_3 |    7.25169   2.041984     3.55   0.000     3.249474    11.25391
    _ImonXhou_8_4 |   11.06575   2.294867     4.82   0.000     6.567895    15.56361
    _ImonXhou_8_5 |   12.09659   2.280352     5.30   0.000     7.627183      16.566
    _ImonXhou_8_6 |   12.98664    2.25412     5.76   0.000      8.56865    17.40464
    _ImonXhou_8_7 |   10.44169   2.059585     5.07   0.000     6.404978     14.4784
    _ImonXhou_8_8 |   4.145655   2.171544     1.91   0.056    -.1104937    8.401803
    _ImonXhou_8_9 |   1.442257   2.530344     0.57   0.569    -3.517125     6.40164
   _ImonXhou_8_10 |     6.1108   2.504103     2.44   0.015     1.202849    11.01875
   _ImonXhou_8_11 |   5.096344   2.442288     2.09   0.037     .3095481     9.88314
   _ImonXhou_8_12 |    7.80359   2.556612     3.05   0.002     2.792721    12.81446
   _ImonXhou_8_13 |   9.033184    2.75725     3.28   0.001     3.629073    14.43729
   _ImonXhou_8_14 |   14.06539   2.880809     4.88   0.000     8.419112    19.71168
   _ImonXhou_8_15 |   8.891203   2.322752     3.83   0.000     4.338692    13.44371
   _ImonXhou_8_16 |    8.77118   2.331589     3.76   0.000      4.20135    13.34101
   _ImonXhou_8_17 |   8.081008   2.139694     3.78   0.000     3.887285    12.27473
   _ImonXhou_8_18 |   8.521108   2.514693     3.39   0.001       3.5924    13.44982
   _ImonXhou_8_19 |   1.964311   2.524484     0.78   0.437    -2.983587    6.912208
   _ImonXhou_8_20 |  -5.024765    2.42364    -2.07   0.038    -9.775011   -.2745177
   _ImonXhou_8_21 |  -5.885271   2.341031    -2.51   0.012    -10.47361   -1.296933
   _ImonXhou_8_22 |    3.57571   2.670383     1.34   0.181    -1.658145    8.809565
   _ImonXhou_8_23 |   5.257392   2.344144     2.24   0.025     .6629548    9.851828
   _ImonXhou_8_24 |   -4.19787   2.152396    -1.95   0.051    -8.416488    .0207473
    _ImonXhou_9_2 |   5.158059   2.166685     2.38   0.017     .9114357    9.404683
    _ImonXhou_9_3 |   6.239424   2.201293     2.83   0.005     1.924969    10.55388
    _ImonXhou_9_4 |   10.83366   2.378972     4.55   0.000     6.170961    15.49636
    _ImonXhou_9_5 |   11.83709   2.339817     5.06   0.000     7.251136    16.42305
    _ImonXhou_9_6 |   13.72629   2.405687     5.71   0.000     9.011233    18.44135
    _ImonXhou_9_7 |   11.25132   2.185626     5.15   0.000     6.967573    15.53507
    _ImonXhou_9_8 |   11.57385   2.378556     4.87   0.000     6.911968    16.23574
    _ImonXhou_9_9 |   10.13715   2.756894     3.68   0.000     4.733736    15.54056
   _ImonXhou_9_10 |   13.23265   2.700104     4.90   0.000     7.940544    18.52476
   _ImonXhou_9_11 |   12.83101   2.672979     4.80   0.000     7.592071    18.06996
   _ImonXhou_9_12 |   14.79125   2.766973     5.35   0.000      9.36808    20.21442
   _ImonXhou_9_13 |   16.87716   2.750897     6.14   0.000     11.48551    22.26882
   _ImonXhou_9_14 |   14.95848   2.523384     5.93   0.000     10.01274    19.90423
   _ImonXhou_9_15 |   12.66629   2.426875     5.22   0.000     7.909702    17.42288
   _ImonXhou_9_16 |   14.99511   2.550981     5.88   0.000     9.995279    19.99494
   _ImonXhou_9_17 |   15.66189   2.588484     6.05   0.000     10.58855    20.73522
   _ImonXhou_9_18 |   15.21288   2.869437     5.30   0.000     9.588888    20.83688
   _ImonXhou_9_19 |   9.389008   2.578327     3.64   0.000      4.33558    14.44244
   _ImonXhou_9_20 |   2.023351   2.544807     0.80   0.427    -2.964379    7.011082
   _ImonXhou_9_21 |   7.551524   2.699721     2.80   0.005     2.260168    12.84288
   _ImonXhou_9_22 |   19.93359   2.783329     7.16   0.000     14.47837    25.38882
   _ImonXhou_9_23 |   8.043585   2.426674     3.31   0.001     3.287392    12.79978
   _ImonXhou_9_24 |  -5.600408   2.255655    -2.48   0.013    -10.02141   -1.179406
   _ImonXhou_10_2 |   5.874108   2.192105     2.68   0.007     1.577662    10.17055
   _ImonXhou_10_3 |    6.59595   2.163425     3.05   0.002     2.355714    10.83619
   _ImonXhou_10_4 |   10.92766   2.397451     4.56   0.000     6.228739    15.62657
   _ImonXhou_10_5 |   12.76539   2.413012     5.29   0.000     8.035973    17.49481
   _ImonXhou_10_6 |   14.05535   2.456334     5.72   0.000     9.241019    18.86967
   _ImonXhou_10_7 |   12.27423   2.219941     5.53   0.000     7.923226    16.62523
   _ImonXhou_10_8 |   14.71416   2.503885     5.88   0.000     9.806633    19.62168
   _ImonXhou_10_9 |    14.1852   2.913965     4.87   0.000     8.473935    19.89647
  _ImonXhou_10_10 |   12.57174   2.752396     4.57   0.000     7.177143    17.96634
  _ImonXhou_10_11 |   11.36732   2.720808     4.18   0.000     6.034637    16.70001
  _ImonXhou_10_12 |   12.48672   2.577706     4.84   0.000     7.434511    17.53893
  _ImonXhou_10_13 |   12.87341   2.537292     5.07   0.000      7.90041    17.84641
  _ImonXhou_10_14 |   12.52726   2.374202     5.28   0.000      7.87391    17.18061
  _ImonXhou_10_15 |   9.451722   2.391564     3.95   0.000     4.764342     14.1391
  _ImonXhou_10_16 |   9.417587   2.381832     3.95   0.000     4.749282    14.08589
  _ImonXhou_10_17 |   11.01327   2.366262     4.65   0.000     6.375484    15.65106
  _ImonXhou_10_18 |   10.24999   2.456459     4.17   0.000     5.435419    15.06456
  _ImonXhou_10_19 |   4.307713   2.429137     1.77   0.076    -.4533088    9.068734
  _ImonXhou_10_20 |   4.688096   2.658257     1.76   0.078    -.5219928    9.898185
  _ImonXhou_10_21 |   13.67611   2.815796     4.86   0.000     8.157247    19.19496
  _ImonXhou_10_22 |   13.34543   2.527851     5.28   0.000     8.390934    18.29993
  _ImonXhou_10_23 |   5.500112   2.421362     2.27   0.023     .7543299    10.24589
  _ImonXhou_10_24 |  -4.096314   2.328362    -1.76   0.079    -8.659819    .4671921
   _ImonXhou_11_2 |   .6481692   2.450711     0.26   0.791    -4.155136    5.451475
   _ImonXhou_11_3 |   1.169977   2.417578     0.48   0.628    -3.568389    5.908344
   _ImonXhou_11_4 |   3.747486   2.485444     1.51   0.132    -1.123895    8.618868
   _ImonXhou_11_5 |   5.190712   2.483677     2.09   0.037     .3227948    10.05863
   _ImonXhou_11_6 |   6.403539   2.494917     2.57   0.010     1.513591    11.29349
   _ImonXhou_11_7 |   5.125142   2.398013     2.14   0.033     .4251231    9.825162
   _ImonXhou_11_8 |   5.023423   2.537465     1.98   0.048     .0500824    9.996764
   _ImonXhou_11_9 |    5.47147   2.995557     1.83   0.068    -.3997147    11.34265
  _ImonXhou_11_10 |   7.345983   2.951294     2.49   0.013     1.561554    13.13041
  _ImonXhou_11_11 |   6.809735   2.912393     2.34   0.019     1.101551    12.51792
  _ImonXhou_11_12 |   6.812098   2.850106     2.39   0.017     1.225993     12.3982
  _ImonXhou_11_13 |   5.353433    2.68639     1.99   0.046      .088205    10.61866
  _ImonXhou_11_14 |   5.637157   2.534197     2.22   0.026      .670222    10.60409
  _ImonXhou_11_15 |   1.793472   2.507395     0.72   0.474    -3.120933    6.707877
  _ImonXhou_11_16 |   3.197479   2.591678     1.23   0.217    -1.882118    8.277075
  _ImonXhou_11_17 |   4.488301   2.543496     1.76   0.078    -.4968595    9.473461
  _ImonXhou_11_18 |   4.334441   2.568513     1.69   0.092    -.6997524    9.368635
  _ImonXhou_11_19 |   8.779262   2.791315     3.15   0.002     3.308385    14.25014
  _ImonXhou_11_20 |    6.98162   2.818716     2.48   0.013     1.457038     12.5062
  _ImonXhou_11_21 |   4.513598   2.883231     1.57   0.117     -1.13743    10.16463
  _ImonXhou_11_22 |   4.989176   2.728847     1.83   0.068    -.3592666    10.33762
  _ImonXhou_11_23 |   .2240636   2.548821     0.09   0.930    -4.771533     5.21966
  _ImonXhou_11_24 |  -1.759904   2.527062    -0.70   0.486    -6.712854    3.193046
   _ImonXhou_12_2 |   -3.26254   2.456718    -1.33   0.184    -8.077619     1.55254
   _ImonXhou_12_3 |  -6.664014   2.376694    -2.80   0.005    -11.32225   -2.005779
   _ImonXhou_12_4 |  -5.207749   2.362859    -2.20   0.028    -9.838867   -.5766299
   _ImonXhou_12_5 |  -5.033658   2.374568    -2.12   0.034    -9.687726   -.3795906
   _ImonXhou_12_6 |  -5.319352   2.371764    -2.24   0.025    -9.967925   -.6707788
   _ImonXhou_12_7 |  -5.704292   2.439082    -2.34   0.019    -10.48481   -.9237787
   _ImonXhou_12_8 |  -5.146859   2.740906    -1.88   0.060    -10.51894    .2252171
   _ImonXhou_12_9 |  -5.303089   3.238263    -1.64   0.101    -11.64997     1.04379
  _ImonXhou_12_10 |  -3.381255   3.201288    -1.06   0.291    -9.655663    2.893153
  _ImonXhou_12_11 |   .5629728   3.019863     0.19   0.852    -5.355851    6.481796
  _ImonXhou_12_12 |   1.869254   2.860322     0.65   0.513    -3.736873    7.475382
  _ImonXhou_12_13 |  -1.824699   2.609696    -0.70   0.484    -6.939608    3.290211
  _ImonXhou_12_14 |  -2.160598   2.614989    -0.83   0.409    -7.285882    2.964687
  _ImonXhou_12_15 |  -4.580454    2.44406    -1.87   0.061    -9.370723    .2098144
  _ImonXhou_12_16 |   -4.25699   2.532805    -1.68   0.093    -9.221196    .7072166
  _ImonXhou_12_17 |  -3.994054   2.494203    -1.60   0.109    -8.882602    .8944942
  _ImonXhou_12_18 |  -.2960991     2.7294    -0.11   0.914    -5.645624    5.053426
  _ImonXhou_12_19 |   3.360565   2.610754     1.29   0.198    -1.756419    8.477549
  _ImonXhou_12_20 |  -1.961855   2.715221    -0.72   0.470     -7.28359    3.359881
  _ImonXhou_12_21 |  -2.841198   2.855884    -0.99   0.320    -8.438628    2.756232
  _ImonXhou_12_22 |  -.2586073   2.798097    -0.09   0.926    -5.742777    5.225563
  _ImonXhou_12_23 |  -4.980329   2.610243    -1.91   0.056    -10.09631    .1356537
  _ImonXhou_12_24 |  -3.250346   2.479058    -1.31   0.190     -8.10921    1.608519
     _ImonXtemp_2 |  -2.661085   .2728605    -9.75   0.000    -3.195882   -2.126288
     _ImonXtemp_3 |  -3.263682   .2916342   -11.19   0.000    -3.835275   -2.692089
     _ImonXtemp_4 |  -.8578377   .1932977    -4.44   0.000    -1.236694   -.4789812
     _ImonXtemp_5 |  -2.036976   .2194026    -9.28   0.000    -2.466997   -1.606955
     _ImonXtemp_6 |   2.070054   .3632439     5.70   0.000     1.358109    2.781999
     _ImonXtemp_7 |   .8268785   .2500303     3.31   0.001     .3368281    1.316929
     _ImonXtemp_8 |   .1758893   .2151002     0.82   0.414    -.2456992    .5974779
     _ImonXtemp_9 |  -.3468592   .2167091    -1.60   0.109    -.7716012    .0778828
    _ImonXtemp_10 |   -.738788   .2147882    -3.44   0.001    -1.159765   -.3178109
    _ImonXtemp_11 |  -1.869991   .1724817   -10.84   0.000    -2.208048   -1.531933
    _ImonXtemp_12 |  -.8094565   .2573635    -3.15   0.002     -1.31388   -.3050333
     _ImonXtempa2 |   1.829073   .2425305     7.54   0.000     1.353722    2.304424
     _ImonXtempa3 |   2.252903   .2551261     8.83   0.000     1.752865    2.752941
     _ImonXtempa4 |   1.121683   .1828116     6.14   0.000     .7633785    1.479987
     _ImonXtempa5 |   2.037622   .2133641     9.55   0.000     1.619436    2.455808
     _ImonXtempa6 |   .2209924   .2621165     0.84   0.399    -.2927465    .7347313
     _ImonXtempa7 |   .3376915   .2199311     1.54   0.125    -.0933656    .7687485
     _ImonXtempa8 |   .8198888   .1850597     4.43   0.000     .4571784    1.182599
     _ImonXtempa9 |   1.614977   .2050959     7.87   0.000     1.212996    2.016957
    _ImonXtempa10 |   1.297526   .1818231     7.14   0.000     .9411597    1.653893
    _ImonXtempa11 |   .6319658   .1942215     3.25   0.001     .2512987    1.012633
    _ImonXtempa12 |   1.630293   .2756801     5.91   0.000      1.08997    2.170616
            _cons |   11.89567   4.124831     2.88   0.004     3.811147    19.98019
-----------------------------------------------------------------------------------
Instrumented:  ecost2
Instruments:   windx windx2 temp tempx humid coal gas brent _Ihour_2 _Ihour_3
               _Ihour_4 _Ihour_5 _Ihour_6 _Ihour_7 _Ihour_8 _Ihour_9 _Ihour_10
               _Ihour_11 _Ihour_12 _Ihour_13 _Ihour_14 _Ihour_15 _Ihour_16
               _Ihour_17 _Ihour_18 _Ihour_19 _Ihour_20 _Ihour_21 _Ihour_22
               _Ihour_23 _Ihour_24 _Iyear_2005 _Iyear_2006 _Iweekd_2 _Iweekd_3
               _Iweekd_4 _Iweekd_5 _Iweekd_6 _Iweekd_7 _Imonth_2 _Imonth_3
               _Imonth_4 _Imonth_5 _Imonth_6 _Imonth_7 _Imonth_8 _Imonth_9
               _Imonth_10 _Imonth_11 _Imonth_12 _ImonXyea_2_2005 _ImonXyea_2_2006
               _ImonXyea_3_2005 _ImonXyea_4_2005 _ImonXyea_5_2005
               _ImonXyea_6_2005 _ImonXyea_7_2005 _ImonXyea_8_2005
               _ImonXyea_9_2005 _ImonXyea_10_2005 _ImonXyea_11_2005
               _ImonXyea_12_2005 _ImonXhou_2_2 _ImonXhou_2_3 _ImonXhou_2_4
               _ImonXhou_2_5 _ImonXhou_2_6 _ImonXhou_2_7 _ImonXhou_2_8
               _ImonXhou_2_9 _ImonXhou_2_10 _ImonXhou_2_11 _ImonXhou_2_12
               _ImonXhou_2_13 _ImonXhou_2_14 _ImonXhou_2_15 _ImonXhou_2_16
               _ImonXhou_2_17 _ImonXhou_2_18 _ImonXhou_2_19 _ImonXhou_2_20
               _ImonXhou_2_21 _ImonXhou_2_22 _ImonXhou_2_23 _ImonXhou_2_24
               _ImonXhou_3_2 _ImonXhou_3_3 _ImonXhou_3_4 _ImonXhou_3_5
               _ImonXhou_3_6 _ImonXhou_3_7 _ImonXhou_3_8 _ImonXhou_3_9
               _ImonXhou_3_10 _ImonXhou_3_11 _ImonXhou_3_12 _ImonXhou_3_13
               _ImonXhou_3_14 _ImonXhou_3_15 _ImonXhou_3_16 _ImonXhou_3_17
               _ImonXhou_3_18 _ImonXhou_3_19 _ImonXhou_3_20 _ImonXhou_3_21
               _ImonXhou_3_22 _ImonXhou_3_23 _ImonXhou_3_24 _ImonXhou_4_2
               _ImonXhou_4_3 _ImonXhou_4_4 _ImonXhou_4_5 _ImonXhou_4_6
               _ImonXhou_4_7 _ImonXhou_4_8 _ImonXhou_4_9 _ImonXhou_4_10
               _ImonXhou_4_11 _ImonXhou_4_12 _ImonXhou_4_13 _ImonXhou_4_14
               _ImonXhou_4_15 _ImonXhou_4_16 _ImonXhou_4_17 _ImonXhou_4_18
               _ImonXhou_4_19 _ImonXhou_4_20 _ImonXhou_4_21 _ImonXhou_4_22
               _ImonXhou_4_23 _ImonXhou_4_24 _ImonXhou_5_2 _ImonXhou_5_3
               _ImonXhou_5_4 _ImonXhou_5_5 _ImonXhou_5_6 _ImonXhou_5_7
               _ImonXhou_5_8 _ImonXhou_5_9 _ImonXhou_5_10 _ImonXhou_5_11
               _ImonXhou_5_12 _ImonXhou_5_13 _ImonXhou_5_14 _ImonXhou_5_15
               _ImonXhou_5_16 _ImonXhou_5_17 _ImonXhou_5_18 _ImonXhou_5_19
               _ImonXhou_5_20 _ImonXhou_5_21 _ImonXhou_5_22 _ImonXhou_5_23
               _ImonXhou_5_24 _ImonXhou_6_2 _ImonXhou_6_3 _ImonXhou_6_4
               _ImonXhou_6_5 _ImonXhou_6_6 _ImonXhou_6_7 _ImonXhou_6_8
               _ImonXhou_6_9 _ImonXhou_6_10 _ImonXhou_6_11 _ImonXhou_6_12
               _ImonXhou_6_13 _ImonXhou_6_14 _ImonXhou_6_15 _ImonXhou_6_16
               _ImonXhou_6_17 _ImonXhou_6_18 _ImonXhou_6_19 _ImonXhou_6_20
               _ImonXhou_6_21 _ImonXhou_6_22 _ImonXhou_6_23 _ImonXhou_6_24
               _ImonXhou_7_2 _ImonXhou_7_3 _ImonXhou_7_4 _ImonXhou_7_5
               _ImonXhou_7_6 _ImonXhou_7_7 _ImonXhou_7_8 _ImonXhou_7_9
               _ImonXhou_7_10 _ImonXhou_7_11 _ImonXhou_7_12 _ImonXhou_7_13
               _ImonXhou_7_14 _ImonXhou_7_15 _ImonXhou_7_16 _ImonXhou_7_17
               _ImonXhou_7_18 _ImonXhou_7_19 _ImonXhou_7_20 _ImonXhou_7_21
               _ImonXhou_7_22 _ImonXhou_7_23 _ImonXhou_7_24 _ImonXhou_8_2
               _ImonXhou_8_3 _ImonXhou_8_4 _ImonXhou_8_5 _ImonXhou_8_6
               _ImonXhou_8_7 _ImonXhou_8_8 _ImonXhou_8_9 _ImonXhou_8_10
               _ImonXhou_8_11 _ImonXhou_8_12 _ImonXhou_8_13 _ImonXhou_8_14
               _ImonXhou_8_15 _ImonXhou_8_16 _ImonXhou_8_17 _ImonXhou_8_18
               _ImonXhou_8_19 _ImonXhou_8_20 _ImonXhou_8_21 _ImonXhou_8_22
               _ImonXhou_8_23 _ImonXhou_8_24 _ImonXhou_9_2 _ImonXhou_9_3
               _ImonXhou_9_4 _ImonXhou_9_5 _ImonXhou_9_6 _ImonXhou_9_7
               _ImonXhou_9_8 _ImonXhou_9_9 _ImonXhou_9_10 _ImonXhou_9_11
               _ImonXhou_9_12 _ImonXhou_9_13 _ImonXhou_9_14 _ImonXhou_9_15
               _ImonXhou_9_16 _ImonXhou_9_17 _ImonXhou_9_18 _ImonXhou_9_19
               _ImonXhou_9_20 _ImonXhou_9_21 _ImonXhou_9_22 _ImonXhou_9_23
               _ImonXhou_9_24 _ImonXhou_10_2 _ImonXhou_10_3 _ImonXhou_10_4
               _ImonXhou_10_5 _ImonXhou_10_6 _ImonXhou_10_7 _ImonXhou_10_8
               _ImonXhou_10_9 _ImonXhou_10_10 _ImonXhou_10_11 _ImonXhou_10_12
               _ImonXhou_10_13 _ImonXhou_10_14 _ImonXhou_10_15 _ImonXhou_10_16
               _ImonXhou_10_17 _ImonXhou_10_18 _ImonXhou_10_19 _ImonXhou_10_20
               _ImonXhou_10_21 _ImonXhou_10_22 _ImonXhou_10_23 _ImonXhou_10_24
               _ImonXhou_11_2 _ImonXhou_11_3 _ImonXhou_11_4 _ImonXhou_11_5
               _ImonXhou_11_6 _ImonXhou_11_7 _ImonXhou_11_8 _ImonXhou_11_9
               _ImonXhou_11_10 _ImonXhou_11_11 _ImonXhou_11_12 _ImonXhou_11_13
               _ImonXhou_11_14 _ImonXhou_11_15 _ImonXhou_11_16 _ImonXhou_11_17
               _ImonXhou_11_18 _ImonXhou_11_19 _ImonXhou_11_20 _ImonXhou_11_21
               _ImonXhou_11_22 _ImonXhou_11_23 _ImonXhou_11_24 _ImonXhou_12_2
               _ImonXhou_12_3 _ImonXhou_12_4 _ImonXhou_12_5 _ImonXhou_12_6
               _ImonXhou_12_7 _ImonXhou_12_8 _ImonXhou_12_9 _ImonXhou_12_10
               _ImonXhou_12_11 _ImonXhou_12_12 _ImonXhou_12_13 _ImonXhou_12_14
               _ImonXhou_12_15 _ImonXhou_12_16 _ImonXhou_12_17 _ImonXhou_12_18
               _ImonXhou_12_19 _ImonXhou_12_20 _ImonXhou_12_21 _ImonXhou_12_22
               _ImonXhou_12_23 _ImonXhou_12_24 _ImonXtemp_2 _ImonXtemp_3
               _ImonXtemp_4 _ImonXtemp_5 _ImonXtemp_6 _ImonXtemp_7 _ImonXtemp_8
               _ImonXtemp_9 _ImonXtemp_10 _ImonXtemp_11 _ImonXtemp_12
               _ImonXtempa2 _ImonXtempa3 _ImonXtempa4 _ImonXtempa5 _ImonXtempa6
               _ImonXtempa7 _ImonXtempa8 _ImonXtempa9 _ImonXtempa10 _ImonXtempa11
               _ImonXtempa12 eprice

. estimates store spec4

. estat firststage

  First-stage regression summary statistics
  --------------------------------------------------------------------------
               |            Adjusted      Partial       Robust
      Variable |   R-sq.       R-sq.        R-sq.    F(1,15847)   Prob > F
  -------------+------------------------------------------------------------
        ecost2 |  0.7804      0.7757       0.0185       119.261    0.0000
  --------------------------------------------------------------------------


. mat ftest4 = r(singleresults)

. 
. *(5) - HOURxINPUT
. regress $maincost $instruments $supplycontrols $demandcontrols $controls $basefe _ImonXyea* _ImonXhou* 
> _ImonXtem*, robust
note: _Iyear_2007 omitted because of collinearity
note: _ImonXyea_2_2007 omitted because of collinearity
note: _ImonXyea_3_2006 omitted because of collinearity
note: _ImonXyea_3_2007 omitted because of collinearity
note: _ImonXyea_4_2006 omitted because of collinearity
note: _ImonXyea_4_2007 omitted because of collinearity
note: _ImonXyea_5_2006 omitted because of collinearity
note: _ImonXyea_5_2007 omitted because of collinearity
note: _ImonXyea_6_2006 omitted because of collinearity
note: _ImonXyea_6_2007 omitted because of collinearity
note: _ImonXyea_7_2006 omitted because of collinearity
note: _ImonXyea_7_2007 omitted because of collinearity
note: _ImonXyea_8_2006 omitted because of collinearity
note: _ImonXyea_8_2007 omitted because of collinearity
note: _ImonXyea_9_2006 omitted because of collinearity
note: _ImonXyea_9_2007 omitted because of collinearity
note: _ImonXyea_10_2006 omitted because of collinearity
note: _ImonXyea_10_2007 omitted because of collinearity
note: _ImonXyea_11_2006 omitted because of collinearity
note: _ImonXyea_11_2007 omitted because of collinearity
note: _ImonXyea_12_2006 omitted because of collinearity
note: _ImonXyea_12_2007 omitted because of collinearity

Linear regression                                      Number of obs =   16186
                                                       F(338, 15847) =  142.14
                                                       Prob > F      =  0.0000
                                                       R-squared     =  0.7804
                                                       Root MSE      =  3.8445

-----------------------------------------------------------------------------------
                  |               Robust
           ecost2 |      Coef.   Std. Err.      t    P>|t|     [95% Conf. Interval]
------------------+----------------------------------------------------------------
           eprice |   .5702694   .0522194    10.92   0.000     .4679135    .6726253
            windx |   -.059845   .1494673    -0.40   0.689    -.3528178    .2331279
           windx2 |   .0086393   .0103013     0.84   0.402    -.0115523     .028831
             temp |   .0589865   .0505699     1.17   0.243    -.0401363    .1581092
            tempx |    .045504   .0524716     0.87   0.386    -.0573462    .1483543
            humid |  -.0112961   .0056727    -1.99   0.046    -.0224152    -.000177
             coal |  -3.156046   1.568826    -2.01   0.044    -6.231124    -.080969
              gas |  -.3644441   .0936786    -3.89   0.000    -.5480648   -.1808234
            brent |   .8304249   .3948414     2.10   0.035     .0564909    1.604359
         _Ihour_2 |   .4219767    .671777     0.63   0.530    -.8947826    1.738736
         _Ihour_3 |   1.365985   .6942583     1.97   0.049     .0051597     2.72681
         _Ihour_4 |    3.70553   .7322238     5.06   0.000     2.270288    5.140772
         _Ihour_5 |   4.660049   .6525153     7.14   0.000     3.381045    5.939053
         _Ihour_6 |   4.626373   .6545955     7.07   0.000     3.343292    5.909455
         _Ihour_7 |   3.158069   .7056068     4.48   0.000        1.775    4.541139
         _Ihour_8 |   .9350453   .6671361     1.40   0.161    -.3726174    2.242708
         _Ihour_9 |    1.02697   .6587246     1.56   0.119    -.2642051    2.318145
        _Ihour_10 |   1.238202   .6437483     1.92   0.054     -.023618    2.500022
        _Ihour_11 |   .6769814   .6540022     1.04   0.301    -.6049373      1.9589
        _Ihour_12 |   .9485014   .6983635     1.36   0.174    -.4203704    2.317373
        _Ihour_13 |   .3477646   .5638522     0.62   0.537    -.7574499    1.452979
        _Ihour_14 |   .2826043   .5814269     0.49   0.627    -.8570586    1.422267
        _Ihour_15 |   .2880438    .650455     0.44   0.658     -.986922     1.56301
        _Ihour_16 |   .3839344    .638116     0.60   0.547    -.8668456    1.634714
        _Ihour_17 |    .764069   .6350875     1.20   0.229    -.4807747    2.008913
        _Ihour_18 |  -.1824314    .623048    -0.29   0.770    -1.403676    1.038814
        _Ihour_19 |   .8342157   .5778165     1.44   0.149    -.2983703    1.966802
        _Ihour_20 |   .3116466   .5423708     0.57   0.566    -.7514617    1.374755
        _Ihour_21 |   .3667024   .5208851     0.70   0.481    -.6542916    1.387696
        _Ihour_22 |  -.0240436   .5631605    -0.04   0.966    -1.127902    1.079815
        _Ihour_23 |  -.3658899   .6000525    -0.61   0.542    -1.542061    .8102813
        _Ihour_24 |  -.0352823   .5794117    -0.06   0.951    -1.170995    1.100431
      _Iyear_2005 |   .6654298    .462586     1.44   0.150    -.2412913    1.572151
      _Iyear_2006 |    .231447   1.405568     0.16   0.869    -2.523627    2.986521
      _Iyear_2007 |          0  (omitted)
        _Iweekd_2 |  -.1353148   .1132242    -1.20   0.232    -.3572471    .0866175
        _Iweekd_3 |  -.0562205   .1118184    -0.50   0.615    -.2753974    .1629563
        _Iweekd_4 |  -.1411778   .1119564    -1.26   0.207    -.3606251    .0782694
        _Iweekd_5 |  -.2976604   .1139099    -2.61   0.009    -.5209367   -.0743841
        _Iweekd_6 |   .1790437   .1179554     1.52   0.129    -.0521623    .4102496
        _Iweekd_7 |   .6792147     .11577     5.87   0.000     .4522923    .9061371
        _Imonth_2 |    3.28586   1.444664     2.27   0.023     .4541543    6.117565
        _Imonth_3 |   3.631753   1.006034     3.61   0.000     1.659812    5.603694
        _Imonth_4 |  -.4918491   1.095382    -0.45   0.653    -2.638923    1.655225
        _Imonth_5 |  -.1241682    1.20155    -0.10   0.918    -2.479342    2.231006
        _Imonth_6 |    2.88226   1.495407     1.93   0.054    -.0489072    5.813428
        _Imonth_7 |   .4403422   1.558139     0.28   0.777    -2.613787    3.494471
        _Imonth_8 |   4.439233   2.183825     2.03   0.042      .158688    8.719778
        _Imonth_9 |   12.20183   2.009764     6.07   0.000     8.262463     16.1412
       _Imonth_10 |   3.833901   1.243487     3.08   0.002     1.396525    6.271278
       _Imonth_11 |   1.514163   1.517563     1.00   0.318    -1.460432    4.488758
       _Imonth_12 |  -1.219829   1.508557    -0.81   0.419    -4.176772    1.737114
 _ImonXyea_2_2005 |  -.2287112   .3055288    -0.75   0.454    -.8275825      .37016
 _ImonXyea_2_2006 |  -.1574626   .5217186    -0.30   0.763     -1.18009    .8651652
 _ImonXyea_2_2007 |          0  (omitted)
 _ImonXyea_3_2005 |  -.9446037   .3923538    -2.41   0.016    -1.713662   -.1755457
 _ImonXyea_3_2006 |          0  (omitted)
 _ImonXyea_3_2007 |          0  (omitted)
 _ImonXyea_4_2005 |   .6617833   .5732173     1.15   0.248    -.4617878    1.785354
 _ImonXyea_4_2006 |          0  (omitted)
 _ImonXyea_4_2007 |          0  (omitted)
 _ImonXyea_5_2005 |   1.171494   .6460236     1.81   0.070    -.0947856    2.437774
 _ImonXyea_5_2006 |          0  (omitted)
 _ImonXyea_5_2007 |          0  (omitted)
 _ImonXyea_6_2005 |   2.174562   .7964656     2.73   0.006     .6133993    3.735726
 _ImonXyea_6_2006 |          0  (omitted)
 _ImonXyea_6_2007 |          0  (omitted)
 _ImonXyea_7_2005 |   1.379367   .9565624     1.44   0.149    -.4956037    3.254338
 _ImonXyea_7_2006 |          0  (omitted)
 _ImonXyea_7_2007 |          0  (omitted)
 _ImonXyea_8_2005 |  -.4389397   .8999031    -0.49   0.626    -2.202852    1.324973
 _ImonXyea_8_2006 |          0  (omitted)
 _ImonXyea_8_2007 |          0  (omitted)
 _ImonXyea_9_2005 |  -.1611444   .9437871    -0.17   0.864    -2.011074    1.688786
 _ImonXyea_9_2006 |          0  (omitted)
 _ImonXyea_9_2007 |          0  (omitted)
_ImonXyea_10_2005 |    .151316   .9015709     0.17   0.867    -1.615865    1.918497
_ImonXyea_10_2006 |          0  (omitted)
_ImonXyea_10_2007 |          0  (omitted)
_ImonXyea_11_2005 |   .0720914    .826644     0.09   0.931    -1.548225    1.692408
_ImonXyea_11_2006 |          0  (omitted)
_ImonXyea_11_2007 |          0  (omitted)
_ImonXyea_12_2005 |  -.3955993    .873552    -0.45   0.651     -2.10786    1.316662
_ImonXyea_12_2006 |          0  (omitted)
_ImonXyea_12_2007 |          0  (omitted)
    _ImonXhou_2_2 |   .7170338   .9931226     0.72   0.470      -1.2296    2.663667
    _ImonXhou_2_3 |   .3480345   .9990422     0.35   0.728    -1.610202    2.306271
    _ImonXhou_2_4 |  -2.366547    1.01808    -2.32   0.020    -4.362099   -.3709948
    _ImonXhou_2_5 |  -2.187059   .9847689    -2.22   0.026    -4.117318   -.2567998
    _ImonXhou_2_6 |  -1.816231     .98366    -1.85   0.065    -3.744316    .1118546
    _ImonXhou_2_7 |  -2.170575   1.002222    -2.17   0.030    -4.135044   -.2061049
    _ImonXhou_2_8 |   .4177745    .990663     0.42   0.673    -1.524037    2.359587
    _ImonXhou_2_9 |   .3177484   .9730087     0.33   0.744    -1.589459    2.224956
   _ImonXhou_2_10 |  -.0169498   .9414045    -0.02   0.986     -1.86221     1.82831
   _ImonXhou_2_11 |  -.1302888   .9254219    -0.14   0.888    -1.944221    1.683643
   _ImonXhou_2_12 |  -.3277415   .9422318    -0.35   0.728    -2.174623     1.51914
   _ImonXhou_2_13 |  -.3678325   .8740222    -0.42   0.674    -2.081015     1.34535
   _ImonXhou_2_14 |  -.3167604   .8927022    -0.35   0.723    -2.066558    1.433037
   _ImonXhou_2_15 |   .4099305   .9361113     0.44   0.661    -1.424954    2.244815
   _ImonXhou_2_16 |   .4829376   .9348483     0.52   0.605    -1.349471    2.315347
   _ImonXhou_2_17 |   .4804184   .9402063     0.51   0.609    -1.362493     2.32333
   _ImonXhou_2_18 |   1.356653    .928848     1.46   0.144    -.4639951      3.1773
   _ImonXhou_2_19 |  -.4890437   .9123913    -0.54   0.592    -2.277434    1.299347
   _ImonXhou_2_20 |    .099446    .792876     0.13   0.900    -1.454681    1.653573
   _ImonXhou_2_21 |  -.0947927   .7845198    -0.12   0.904    -1.632541    1.442955
   _ImonXhou_2_22 |  -.5142902   .8192617    -0.63   0.530    -2.120136    1.091556
   _ImonXhou_2_23 |    .199597    .867545     0.23   0.818     -1.50089    1.900084
   _ImonXhou_2_24 |   .1367283    .871375     0.16   0.875    -1.571266    1.844722
    _ImonXhou_3_2 |  -.6536977   .7903979    -0.83   0.408    -2.202968    .8955721
    _ImonXhou_3_3 |  -1.976184   .7969627    -2.48   0.013    -3.538321   -.4140463
    _ImonXhou_3_4 |  -3.737245   .8535819    -4.38   0.000    -5.410363   -2.064128
    _ImonXhou_3_5 |  -5.131021   .7631695    -6.72   0.000     -6.62692   -3.635122
    _ImonXhou_3_6 |  -4.786412   .7811303    -6.13   0.000    -6.317516   -3.255308
    _ImonXhou_3_7 |  -3.540145   .8122738    -4.36   0.000    -5.132294   -1.947996
    _ImonXhou_3_8 |   -1.30154   .7678368    -1.70   0.090    -2.806587    .2035079
    _ImonXhou_3_9 |  -1.234634   .7615356    -1.62   0.105    -2.727331     .258062
   _ImonXhou_3_10 |  -1.378349   .7438469    -1.85   0.064    -2.836373    .0796758
   _ImonXhou_3_11 |  -1.501528   .7514104    -2.00   0.046    -2.974377   -.0286776
   _ImonXhou_3_12 |  -1.932623   .7781968    -2.48   0.013    -3.457977   -.4072689
   _ImonXhou_3_13 |   -1.08959   .6759556    -1.61   0.107    -2.414539    .2353603
   _ImonXhou_3_14 |   -.657981   .7000204    -0.94   0.347      -2.0301    .7141385
   _ImonXhou_3_15 |  -.6619913   .7588703    -0.87   0.383    -2.149463    .8254807
   _ImonXhou_3_16 |  -.6318918   .7489363    -0.84   0.399    -2.099892    .8361086
   _ImonXhou_3_17 |  -1.347272   .7430366    -1.81   0.070    -2.803708    .1091644
   _ImonXhou_3_18 |   -.029691   .7282626    -0.04   0.967    -1.457168    1.397786
   _ImonXhou_3_19 |  -1.218781   .6984739    -1.74   0.081    -2.587869    .1503075
   _ImonXhou_3_20 |   -1.26747   .6438248    -1.97   0.049     -2.52944   -.0055005
   _ImonXhou_3_21 |  -.1646556   .6445209    -0.26   0.798     -1.42799    1.098679
   _ImonXhou_3_22 |  -.1101246   .6841196    -0.16   0.872    -1.451077    1.230828
   _ImonXhou_3_23 |  -.0576348   .7104675    -0.08   0.935    -1.450232    1.334962
   _ImonXhou_3_24 |  -.3824633   .6882366    -0.56   0.578    -1.731485    .9665587
    _ImonXhou_4_2 |   .8723962   .8895868     0.98   0.327    -.8712951    2.616088
    _ImonXhou_4_3 |    .477173   .8852957     0.54   0.590    -1.258107    2.212453
    _ImonXhou_4_4 |  -2.114298   .9231309    -2.29   0.022     -3.92374   -.3048566
    _ImonXhou_4_5 |  -2.738955   .8476929    -3.23   0.001    -4.400529    -1.07738
    _ImonXhou_4_6 |  -2.789843     .87835    -3.18   0.001    -4.511508   -1.068177
    _ImonXhou_4_7 |  -1.660613   .9391063    -1.77   0.077    -3.501368    .1801421
    _ImonXhou_4_8 |   .4157849   .8789757     0.47   0.636    -1.307107    2.138677
    _ImonXhou_4_9 |   .1615047   .9061209     0.18   0.859    -1.614595    1.937605
   _ImonXhou_4_10 |   .2833467   .8600159     0.33   0.742    -1.402382    1.969076
   _ImonXhou_4_11 |   .4734525    .856112     0.55   0.580    -1.204624    2.151529
   _ImonXhou_4_12 |   .3442845    .886348     0.39   0.698    -1.393058    2.081627
   _ImonXhou_4_13 |    .383799   .8075538     0.48   0.635    -1.199098    1.966696
   _ImonXhou_4_14 |   1.097467   .8252492     1.33   0.184    -.5201153    2.715049
   _ImonXhou_4_15 |   1.090308   .8718667     1.25   0.211    -.6186496    2.799266
   _ImonXhou_4_16 |   .6861883   .8731189     0.79   0.432    -1.025224    2.397601
   _ImonXhou_4_17 |   .4643009   .8732217     0.53   0.595    -1.247313    2.175915
   _ImonXhou_4_18 |   1.229332   .8562076     1.44   0.151    -.4489318    2.907597
   _ImonXhou_4_19 |   .0081879    .843799     0.01   0.992    -1.645754     1.66213
   _ImonXhou_4_20 |   1.371131    .805333     1.70   0.089    -.2074135    2.949675
   _ImonXhou_4_21 |   .0044401   .7896939     0.01   0.996     -1.54345     1.55233
   _ImonXhou_4_22 |    .986212   .8210193     1.20   0.230    -.6230792    2.595503
   _ImonXhou_4_23 |   1.327539   .8235251     1.61   0.107    -.2866634    2.941742
   _ImonXhou_4_24 |   .4857897   .8313697     0.58   0.559     -1.14379    2.115369
    _ImonXhou_5_2 |   .4206558   .9375807     0.45   0.654    -1.417109    2.258421
    _ImonXhou_5_3 |  -.5092308   .9528706    -0.53   0.593    -2.376966    1.358504
    _ImonXhou_5_4 |  -2.323343   .9377964    -2.48   0.013    -4.161531   -.4851559
    _ImonXhou_5_5 |  -3.217831   .8726541    -3.69   0.000    -4.928332    -1.50733
    _ImonXhou_5_6 |  -3.409987   .9097202    -3.75   0.000    -5.193142   -1.626832
    _ImonXhou_5_7 |  -2.108507   .9664858    -2.18   0.029    -4.002929   -.2140845
    _ImonXhou_5_8 |  -1.222587   .9263675    -1.32   0.187    -3.038373    .5931986
    _ImonXhou_5_9 |  -1.041897   .8888262    -1.17   0.241    -2.784098    .7003029
   _ImonXhou_5_10 |  -.4498712   .9003104    -0.50   0.617    -2.214582     1.31484
   _ImonXhou_5_11 |   .0644298   .9043897     0.07   0.943    -1.708277    1.837136
   _ImonXhou_5_12 |   .1874087   .9284708     0.20   0.840      -1.6325    2.007317
   _ImonXhou_5_13 |   .7596626   .8104461     0.94   0.349     -.828904    2.348229
   _ImonXhou_5_14 |   1.007599   .8330114     1.21   0.226    -.6251984    2.640395
   _ImonXhou_5_15 |   .1698343   .8965242     0.19   0.850    -1.587455    1.927124
   _ImonXhou_5_16 |   .6298362   .8908681     0.71   0.480    -1.116367    2.376039
   _ImonXhou_5_17 |  -.2377259   .9015128    -0.26   0.792    -2.004794    1.529342
   _ImonXhou_5_18 |   .7954257   .8931132     0.89   0.373    -.9551778    2.546029
   _ImonXhou_5_19 |   -1.38358   .8630075    -1.60   0.109    -3.075173    .3080127
   _ImonXhou_5_20 |  -.3661984    .821703    -0.45   0.656     -1.97683    1.244433
   _ImonXhou_5_21 |  -.6020668    .786068    -0.77   0.444     -2.14285    .9387159
   _ImonXhou_5_22 |   -.102938   .8487445    -0.12   0.903    -1.766574    1.560698
   _ImonXhou_5_23 |   .3945724   .8657383     0.46   0.649    -1.302373    2.091518
   _ImonXhou_5_24 |   .0044185   .8714523     0.01   0.996    -1.703727    1.712564
    _ImonXhou_6_2 |   .5967368   1.016879     0.59   0.557    -1.396461    2.589935
    _ImonXhou_6_3 |  -1.116814   1.040114    -1.07   0.283    -3.155556    .9219281
    _ImonXhou_6_4 |  -3.377201   1.041054    -3.24   0.001    -5.417786   -1.336617
    _ImonXhou_6_5 |   -3.85916   .9677644    -3.99   0.000    -5.756088   -1.962232
    _ImonXhou_6_6 |  -4.782346   1.015891    -4.71   0.000    -6.773607   -2.791084
    _ImonXhou_6_7 |  -3.640576   1.029721    -3.54   0.000    -5.658946   -1.622207
    _ImonXhou_6_8 |  -1.076174   1.018802    -1.06   0.291    -3.073141    .9207929
    _ImonXhou_6_9 |  -.4590364   .9323339    -0.49   0.622    -2.286517    1.368444
   _ImonXhou_6_10 |  -2.176653   .9471312    -2.30   0.022    -4.033138   -.3201682
   _ImonXhou_6_11 |  -.0598792   .9810772    -0.06   0.951    -1.982902    1.863144
   _ImonXhou_6_12 |   .3698134   .9329834     0.40   0.692     -1.45894    2.198567
   _ImonXhou_6_13 |   .3580485   .9173122     0.39   0.696    -1.439988    2.156085
   _ImonXhou_6_14 |    .247112   .9055494     0.27   0.785    -1.527868    2.022092
   _ImonXhou_6_15 |   .3141045   .9044895     0.35   0.728    -1.458798    2.087007
   _ImonXhou_6_16 |   .0280452   .9620664     0.03   0.977    -1.857714    1.913805
   _ImonXhou_6_17 |   .0330557   .9498002     0.03   0.972    -1.828661    1.894772
   _ImonXhou_6_18 |  -.6379133   .9696673    -0.66   0.511    -2.538572    1.262745
   _ImonXhou_6_19 |  -.5781038   .9394561    -0.62   0.538    -2.419545    1.263337
   _ImonXhou_6_20 |  -.0746383   .9072356    -0.08   0.934    -1.852923    1.703647
   _ImonXhou_6_21 |   -.290323   .8775786    -0.33   0.741    -2.010477    1.429831
   _ImonXhou_6_22 |  -.1443461   .8669504    -0.17   0.868    -1.843667    1.554975
   _ImonXhou_6_23 |   .7559446   .8507063     0.89   0.374    -.9115364    2.423426
   _ImonXhou_6_24 |  -.9701167   .9296823    -1.04   0.297      -2.7924    .8521664
    _ImonXhou_7_2 |  -.3435327   1.146793    -0.30   0.765    -2.591378    1.904313
    _ImonXhou_7_3 |  -1.654129   1.148589    -1.44   0.150    -3.905494    .5972366
    _ImonXhou_7_4 |    -4.7839   1.166095    -4.10   0.000     -7.06958    -2.49822
    _ImonXhou_7_5 |  -5.314544   1.104152    -4.81   0.000    -7.478807   -3.150281
    _ImonXhou_7_6 |  -6.035368   1.109448    -5.44   0.000    -8.210012   -3.860725
    _ImonXhou_7_7 |  -3.665819   1.160499    -3.16   0.002    -5.940528    -1.39111
    _ImonXhou_7_8 |  -1.870121   1.127075    -1.66   0.097    -4.079315    .3390729
    _ImonXhou_7_9 |  -.6421403    1.06585    -0.60   0.547    -2.731328    1.447047
   _ImonXhou_7_10 |  -.1057962   1.060429    -0.10   0.921    -2.184359    1.972766
   _ImonXhou_7_11 |  -.1402679   1.037003    -0.14   0.892    -2.172912    1.892376
   _ImonXhou_7_12 |  -.4270813   1.059578    -0.40   0.687    -2.503975    1.649813
   _ImonXhou_7_13 |   .5676502   1.013906     0.56   0.576    -1.419721    2.555021
   _ImonXhou_7_14 |   1.255847   1.053825     1.19   0.233    -.8097712    3.321464
   _ImonXhou_7_15 |   .5312327   1.133383     0.47   0.639    -1.690327    2.752792
   _ImonXhou_7_16 |  -.2290159   1.140709    -0.20   0.841    -2.464934    2.006902
   _ImonXhou_7_17 |   .7856197   1.063296     0.74   0.460    -1.298562    2.869801
   _ImonXhou_7_18 |   .6099816   1.045859     0.58   0.560    -1.440022    2.659985
   _ImonXhou_7_19 |   -.324545   1.075647    -0.30   0.763    -2.432936    1.783846
   _ImonXhou_7_20 |   .3588171   .9904055     0.36   0.717     -1.58249    2.300125
   _ImonXhou_7_21 |   .0554885   .9785889     0.06   0.955    -1.862657    1.973634
   _ImonXhou_7_22 |    .906931   1.010262     0.90   0.369    -1.073297    2.887159
   _ImonXhou_7_23 |   .3566361   1.055618     0.34   0.735    -1.712496    2.425768
   _ImonXhou_7_24 |   .8245721   1.060588     0.78   0.437    -1.254301    2.903445
    _ImonXhou_8_2 |  -.6669129    1.06256    -0.63   0.530    -2.749652    1.415826
    _ImonXhou_8_3 |  -2.404502   1.057612    -2.27   0.023    -4.477543   -.3314621
    _ImonXhou_8_4 |  -5.449443   1.111651    -4.90   0.000    -7.628406    -3.27048
    _ImonXhou_8_5 |  -5.585785   1.078656    -5.18   0.000    -7.700074   -3.471497
    _ImonXhou_8_6 |  -5.700264    1.06275    -5.36   0.000    -7.783376   -3.617153
    _ImonXhou_8_7 |  -3.370874   1.090851    -3.09   0.002    -5.509065   -1.232682
    _ImonXhou_8_8 |  -1.274574   1.089679    -1.17   0.242    -3.410469    .8613211
    _ImonXhou_8_9 |  -.6329083   1.061406    -0.60   0.551    -2.713386    1.447569
   _ImonXhou_8_10 |   -2.67613   1.037304    -2.58   0.010    -4.709363   -.6428964
   _ImonXhou_8_11 |   -1.68503   1.052151    -1.60   0.109    -3.747365     .377305
   _ImonXhou_8_12 |   -2.15674   1.051125    -2.05   0.040    -4.217064   -.0964157
   _ImonXhou_8_13 |   .0369908   .9807928     0.04   0.970    -1.885475    1.959456
   _ImonXhou_8_14 |  -.2448985   1.011574    -0.24   0.809    -2.227698    1.737901
   _ImonXhou_8_15 |  -.6912111   1.083815    -0.64   0.524    -2.815611    1.433189
   _ImonXhou_8_16 |   -1.88244   1.027225    -1.83   0.067    -3.895918    .1310373
   _ImonXhou_8_17 |  -1.802569    1.01937    -1.77   0.077    -3.800651    .1955124
   _ImonXhou_8_18 |  -.6448714   1.020241    -0.63   0.527     -2.64466    1.354917
   _ImonXhou_8_19 |  -1.602938   .9697708    -1.65   0.098    -3.503799    .2979233
   _ImonXhou_8_20 |  -1.443465   .9873728    -1.46   0.144    -3.378828    .4918982
   _ImonXhou_8_21 |  -1.511924   .9698378    -1.56   0.119    -3.412916    .3890683
   _ImonXhou_8_22 |  -.8099251   .9866498    -0.82   0.412    -2.743871    1.124021
   _ImonXhou_8_23 |  -.9232929   1.018504    -0.91   0.365    -2.919676     1.07309
   _ImonXhou_8_24 |    .442412   1.031027     0.43   0.668    -1.578519    2.463342
    _ImonXhou_9_2 |   -.714444   .9837337    -0.73   0.468    -2.642674    1.213786
    _ImonXhou_9_3 |  -1.753854     1.0219    -1.72   0.086    -3.756894    .2491851
    _ImonXhou_9_4 |  -5.545773   1.052998    -5.27   0.000    -7.609769   -3.481777
    _ImonXhou_9_5 |  -5.251288    1.02525    -5.12   0.000    -7.260894   -3.241682
    _ImonXhou_9_6 |  -6.508219   1.022289    -6.37   0.000    -8.512021   -4.504417
    _ImonXhou_9_7 |  -3.054866   1.042767    -2.93   0.003    -5.098809   -1.010923
    _ImonXhou_9_8 |  -2.277366   1.068565    -2.13   0.033    -4.371875   -.1828579
    _ImonXhou_9_9 |  -3.119034   1.041538    -2.99   0.003    -5.160567   -1.077501
   _ImonXhou_9_10 |  -3.677767   1.011579    -3.64   0.000    -5.660576   -1.694957
   _ImonXhou_9_11 |  -2.788348   1.026467    -2.72   0.007    -4.800341   -.7763556
   _ImonXhou_9_12 |  -2.755021   1.035844    -2.66   0.008    -4.785394   -.7246487
   _ImonXhou_9_13 |   -2.20291   .9516645    -2.31   0.021     -4.06828   -.3375388
   _ImonXhou_9_14 |  -1.825823   .9121234    -2.00   0.045    -3.613689   -.0379579
   _ImonXhou_9_15 |  -1.352269   .9954836    -1.36   0.174     -3.30353    .5989919
   _ImonXhou_9_16 |  -3.182041   .9650728    -3.30   0.001    -5.073694   -1.290389
   _ImonXhou_9_17 |  -1.995413   .9584772    -2.08   0.037    -3.874138   -.1166888
   _ImonXhou_9_18 |  -.8942749   .9557238    -0.94   0.349    -2.767602    .9790525
   _ImonXhou_9_19 |  -2.794292   .9201551    -3.04   0.002    -4.597901   -.9906838
   _ImonXhou_9_20 |  -2.407855   .9318908    -2.58   0.010    -4.234467   -.5812436
   _ImonXhou_9_21 |  -2.266592   .8803587    -2.57   0.010    -3.992195   -.5409891
   _ImonXhou_9_22 |   -2.78292   .9493964    -2.93   0.003    -4.643845   -.9219952
   _ImonXhou_9_23 |  -2.516132   1.007599    -2.50   0.013     -4.49114    -.541124
   _ImonXhou_9_24 |   .5621315   .9360893     0.60   0.548     -1.27271    2.396973
   _ImonXhou_10_2 |  -.8676529   1.018361    -0.85   0.394    -2.863757    1.128451
   _ImonXhou_10_3 |  -1.472877   1.040736    -1.42   0.157    -3.512838    .5670848
   _ImonXhou_10_4 |  -4.725981   1.114302    -4.24   0.000     -6.91014   -2.541822
   _ImonXhou_10_5 |  -5.828797   1.051985    -5.54   0.000    -7.890808   -3.766787
   _ImonXhou_10_6 |  -6.455008   1.047235    -6.16   0.000    -8.507707   -4.402309
   _ImonXhou_10_7 |  -3.121365    1.06056    -2.94   0.003    -5.200183   -1.042548
   _ImonXhou_10_8 |  -2.683088   1.042808    -2.57   0.010    -4.727111   -.6390654
   _ImonXhou_10_9 |  -3.384182   1.007353    -3.36   0.001    -5.358708   -1.409657
  _ImonXhou_10_10 |  -4.064771   1.015792    -4.00   0.000    -6.055839   -2.073702
  _ImonXhou_10_11 |  -3.526834   1.019754    -3.46   0.001    -5.525668   -1.528001
  _ImonXhou_10_12 |  -4.012148   1.059649    -3.79   0.000    -6.089181   -1.935116
  _ImonXhou_10_13 |    -3.7769   .9460837    -3.99   0.000    -5.631331   -1.922468
  _ImonXhou_10_14 |   -4.27899   .9224542    -4.64   0.000    -6.087105   -2.470875
  _ImonXhou_10_15 |  -2.948722   1.039141    -2.84   0.005    -4.985556    -.911888
  _ImonXhou_10_16 |  -2.555213   1.000321    -2.55   0.011    -4.515956   -.5944704
  _ImonXhou_10_17 |  -2.497128   .9961343    -2.51   0.012    -4.449664    -.544591
  _ImonXhou_10_18 |  -2.306712   1.008865    -2.29   0.022    -4.284202   -.3292226
  _ImonXhou_10_19 |  -2.168332   1.007155    -2.15   0.031    -4.142471   -.1941934
  _ImonXhou_10_20 |  -3.474768   .9367933    -3.71   0.000    -5.310989   -1.638547
  _ImonXhou_10_21 |  -2.479725   .8981974    -2.76   0.006    -4.240294   -.7191559
  _ImonXhou_10_22 |  -3.527686   .9103093    -3.88   0.000    -5.311996   -1.743377
  _ImonXhou_10_23 |  -2.280738   1.003582    -2.27   0.023    -4.247873   -.3136028
  _ImonXhou_10_24 |  -.1485304   .9768362    -0.15   0.879     -2.06324     1.76618
   _ImonXhou_11_2 |   1.391594    1.04247     1.33   0.182    -.6517651    3.434954
   _ImonXhou_11_3 |   -.101098   1.088825    -0.09   0.926    -2.235318    2.033122
   _ImonXhou_11_4 |  -1.598368   1.072252    -1.49   0.136    -3.700105    .5033679
   _ImonXhou_11_5 |  -3.322299   1.038466    -3.20   0.001    -5.357811   -1.286787
   _ImonXhou_11_6 |  -3.926886   1.052693    -3.73   0.000    -5.990284   -1.863487
   _ImonXhou_11_7 |  -1.355609   1.044799    -1.30   0.194    -3.403535    .6923157
   _ImonXhou_11_8 |  -.8424655   1.072103    -0.79   0.432    -2.943909    1.258978
   _ImonXhou_11_9 |  -2.513657   1.054575    -2.38   0.017    -4.580744   -.4465706
  _ImonXhou_11_10 |  -2.595324   1.029821    -2.52   0.012     -4.61389   -.5767578
  _ImonXhou_11_11 |    -2.3723   1.025853    -2.31   0.021    -4.383089   -.3615113
  _ImonXhou_11_12 |  -2.709555   1.050025    -2.58   0.010    -4.767724   -.6513866
  _ImonXhou_11_13 |  -2.000333    .955324    -2.09   0.036    -3.872876    -.127789
  _ImonXhou_11_14 |  -2.250675   .9890261    -2.28   0.023    -4.189279   -.3120717
  _ImonXhou_11_15 |  -.7922694   1.047514    -0.76   0.449    -2.845516    1.260977
  _ImonXhou_11_16 |  -1.368926    1.04807    -1.31   0.192    -3.423264     .685411
  _ImonXhou_11_17 |  -1.891902   1.018009    -1.86   0.063    -3.887316    .1035117
  _ImonXhou_11_18 |  -.9761922   1.032751    -0.95   0.345    -3.000503    1.048118
  _ImonXhou_11_19 |  -2.363616   .9992093    -2.37   0.018     -4.32218   -.4050525
  _ImonXhou_11_20 |  -2.443526   .9374378    -2.61   0.009    -4.281011   -.6060412
  _ImonXhou_11_21 |  -2.329664   .9364693    -2.49   0.013     -4.16525   -.4940778
  _ImonXhou_11_22 |  -2.566666   .9439359    -2.72   0.007    -4.416887    -.716444
  _ImonXhou_11_23 |  -1.598819   1.007978    -1.59   0.113    -3.574571    .3769336
  _ImonXhou_11_24 |  -.9419034   1.010701    -0.93   0.351    -2.922991    1.039185
   _ImonXhou_12_2 |   1.046608   1.060239     0.99   0.324    -1.031581    3.124796
   _ImonXhou_12_3 |   1.346215   1.044929     1.29   0.198    -.7019645    3.394395
   _ImonXhou_12_4 |  -.4253649   1.083945    -0.39   0.695     -2.55002     1.69929
   _ImonXhou_12_5 |  -.8400254   .9861778    -0.85   0.394    -2.773046    1.092995
   _ImonXhou_12_6 |   -.946603   .9987272    -0.95   0.343    -2.904222    1.011016
   _ImonXhou_12_7 |   .2546391   1.047825     0.24   0.808    -1.799217    2.308496
   _ImonXhou_12_8 |   .7213651   .9968856     0.72   0.469    -1.232644    2.675374
   _ImonXhou_12_9 |  -.2870443     .99767    -0.29   0.774    -2.242591    1.668502
  _ImonXhou_12_10 |  -1.048546    .988591    -1.06   0.289    -2.986297    .8892051
  _ImonXhou_12_11 |  -.9170313   .9905766    -0.93   0.355    -2.858674    1.024612
  _ImonXhou_12_12 |  -1.540805   .9900224    -1.56   0.120    -3.481362    .3997511
  _ImonXhou_12_13 |  -.2297356   .9219494    -0.25   0.803    -2.036861     1.57739
  _ImonXhou_12_14 |  -.1754229   .9382961    -0.19   0.852     -2.01459    1.663744
  _ImonXhou_12_15 |   .1329046    .970984     0.14   0.891    -1.770334    2.036144
  _ImonXhou_12_16 |  -.5617939   .9357422    -0.60   0.548    -2.395955    1.272367
  _ImonXhou_12_17 |  -.4967762   .9748475    -0.51   0.610    -2.407588    1.414036
  _ImonXhou_12_18 |   .0396099   .9745079     0.04   0.968    -1.870536    1.949756
  _ImonXhou_12_19 |  -.3180012   .9337707    -0.34   0.733    -2.148298    1.512296
  _ImonXhou_12_20 |  -.0584397   .9186602    -0.06   0.949    -1.859118    1.742239
  _ImonXhou_12_21 |  -.3220141   .8456842    -0.38   0.703    -1.979651    1.335623
  _ImonXhou_12_22 |  -.8693972    .861346    -1.01   0.313    -2.557733    .8189388
  _ImonXhou_12_23 |   .0134683   .8993267     0.01   0.988    -1.749314    1.776251
  _ImonXhou_12_24 |  -.8765199   .8833659    -0.99   0.321    -2.608018    .8549777
     _ImonXtemp_2 |   -.056828   .1264216    -0.45   0.653    -.3046288    .1909728
     _ImonXtemp_3 |   .0746911   .0654249     1.14   0.254    -.0535492    .2029313
     _ImonXtemp_4 |   .0484807   .0852238     0.57   0.569    -.1185677    .2155292
     _ImonXtemp_5 |  -.2289389   .0969539    -2.36   0.018    -.4189795   -.0388983
     _ImonXtemp_6 |   .4225289   .1457576     2.90   0.004     .1368275    .7082303
     _ImonXtemp_7 |  -.0118683   .1111953    -0.11   0.915    -.2298236    .2060871
     _ImonXtemp_8 |  -.1629247   .0936105    -1.74   0.082     -.346412    .0205626
     _ImonXtemp_9 |   .0739538   .0922751     0.80   0.423    -.1069159    .2548236
    _ImonXtemp_10 |  -.0377554   .1028516    -0.37   0.714    -.2393563    .1638455
    _ImonXtemp_11 |  -.0624935    .063044    -0.99   0.322    -.1860669    .0610799
    _ImonXtemp_12 |  -.0555331    .092616    -0.60   0.549    -.2370709    .1260048
     _ImonXtempa2 |  -.1429266   .0973033    -1.47   0.142    -.3336522    .0477989
     _ImonXtempa3 |   -.154162   .0643753    -2.39   0.017    -.2803448   -.0279791
     _ImonXtempa4 |  -.0370473   .0695323    -0.53   0.594    -.1733385     .099244
     _ImonXtempa5 |   .1104153   .0891545     1.24   0.216    -.0643376    .2851682
     _ImonXtempa6 |  -.3901573   .0977688    -3.99   0.000    -.5817953   -.1985193
     _ImonXtempa7 |  -.0394369   .0901447    -0.44   0.662    -.2161308    .1372569
     _ImonXtempa8 |  -.0294507   .0748523    -0.39   0.694    -.1761698    .1172684
     _ImonXtempa9 |   -.387438   .0781827    -4.96   0.000    -.5406849   -.2341911
    _ImonXtempa10 |  -.0648571   .0743602    -0.87   0.383    -.2106115    .0808972
    _ImonXtempa11 |   .0125721   .0768307     0.16   0.870    -.1380248     .163169
    _ImonXtempa12 |   .1090894   .0963139     1.13   0.257    -.0796968    .2978755
            _cons |  -.3242703   1.575867    -0.21   0.837    -3.413149    2.764608
-----------------------------------------------------------------------------------

. estimates store spec_first5

. ivregress 2sls mg_price ($maincost = $instruments) $supplycontrols $demandcontrols $controls1 $basefe _
> ImonXyea* _ImonXhou* _ImonXtem*, robust first
note: _Iyear_2007 omitted because of collinearity
note: _ImonXyea_2_2007 omitted because of collinearity
note: _ImonXyea_3_2006 omitted because of collinearity
note: _ImonXyea_3_2007 omitted because of collinearity
note: _ImonXyea_4_2006 omitted because of collinearity
note: _ImonXyea_4_2007 omitted because of collinearity
note: _ImonXyea_5_2006 omitted because of collinearity
note: _ImonXyea_5_2007 omitted because of collinearity
note: _ImonXyea_6_2006 omitted because of collinearity
note: _ImonXyea_6_2007 omitted because of collinearity
note: _ImonXyea_7_2006 omitted because of collinearity
note: _ImonXyea_7_2007 omitted because of collinearity
note: _ImonXyea_8_2006 omitted because of collinearity
note: _ImonXyea_8_2007 omitted because of collinearity
note: _ImonXyea_9_2006 omitted because of collinearity
note: _ImonXyea_9_2007 omitted because of collinearity
note: _ImonXyea_10_2006 omitted because of collinearity
note: _ImonXyea_10_2007 omitted because of collinearity
note: _ImonXyea_11_2006 omitted because of collinearity
note: _ImonXyea_11_2007 omitted because of collinearity
note: _ImonXyea_12_2006 omitted because of collinearity
note: _ImonXyea_12_2007 omitted because of collinearity

First-stage regressions
-----------------------

                                                  Number of obs   =      16186
                                                  F( 407,  15778) =     123.27
                                                  Prob > F        =     0.0000
                                                  R-squared       =     0.7886
                                                  Adj R-squared   =     0.7832
                                                  Root MSE        =     3.7799

-----------------------------------------------------------------------------------
                  |               Robust
           ecost2 |      Coef.   Std. Err.      t    P>|t|     [95% Conf. Interval]
------------------+----------------------------------------------------------------
            windx |  -.0423869   .1494524    -0.28   0.777    -.3353308     .250557
           windx2 |   .0078654   .0103637     0.76   0.448    -.0124486    .0281794
             temp |   .0495707   .0466233     1.06   0.288    -.0418163    .1409578
            tempx |   .0550329   .0498773     1.10   0.270    -.0427324    .1527982
            humid |   -.011096   .0056067    -1.98   0.048    -.0220858   -.0001062
                  |
      hour#c.coal |
               1  |          0  (empty)
               2  |   1.523394   4.924665     0.31   0.757    -8.129512     11.1763
               3  |   2.424804   4.908859     0.49   0.621     -7.19712    12.04673
               4  |   13.49843   4.965344     2.72   0.007     3.765786    23.23107
               5  |   15.62068   4.895692     3.19   0.001     6.024562    25.21679
               6  |   20.75774   4.964935     4.18   0.000      11.0259    30.48958
               7  |   -.323712   4.965342    -0.07   0.948    -10.05635    9.408927
               8  |   10.86802   5.184376     2.10   0.036     .7060489    21.02999
               9  |   16.01915    5.19466     3.08   0.002     5.837023    26.20128
              10  |    20.6728   5.062031     4.08   0.000     10.75064    30.59496
              11  |   14.46464   5.217161     2.77   0.006     4.238404    24.69087
              12  |   17.59074   5.505143     3.20   0.001     6.800033    28.38145
              13  |   11.31425   5.207855     2.17   0.030     1.106259    21.52224
              14  |   11.96353   5.082239     2.35   0.019     2.001756    21.92529
              15  |   7.841166   5.125865     1.53   0.126    -2.206117    17.88845
              16  |   19.44224   4.971013     3.91   0.000     9.698486    29.18599
              17  |   13.55415   5.029544     2.69   0.007     3.695668    23.41263
              18  |   13.64616   5.208775     2.62   0.009      3.43636    23.85595
              19  |   10.25351     5.1991     1.97   0.049     .0626822    20.44434
              20  |   14.00615    4.99023     2.81   0.005     4.224725    23.78757
              21  |   13.07422   5.161853     2.53   0.011     2.956397    23.19204
              22  |   15.98631   4.812059     3.32   0.001     6.554122    25.41849
              23  |   13.50467   4.886169     2.76   0.006     3.927219    23.08212
              24  |  -4.284207   4.761384    -0.90   0.368    -13.61707     5.04865
                  |
       hour#c.gas |
               1  |          0  (empty)
               2  |   1.552487   .6283047     2.47   0.013     .3209376    2.784036
               3  |   2.572319   .6737737     3.82   0.000     1.251646    3.892993
               4  |   2.952884   .6884848     4.29   0.000     1.603375    4.302393
               5  |   2.280582   .6983537     3.27   0.001     .9117292    3.649436
               6  |   2.945294   .7755432     3.80   0.000     1.425141    4.465448
               7  |   2.182716   .6315255     3.46   0.001     .9448535    3.420578
               8  |   .7676806   .6439131     1.19   0.233    -.4944626    2.029824
               9  |   .8689781   .6234557     1.39   0.163    -.3530663    2.091022
              10  |   1.461952   .6305236     2.32   0.020     .2260538     2.69785
              11  |   1.563069   .6379496     2.45   0.014     .3126147    2.813523
              12  |   1.272627   .6357097     2.00   0.045     .0265636    2.518691
              13  |   1.015513   .6442012     1.58   0.115    -.2471953    2.278221
              14  |   1.057916    .652163     1.62   0.105    -.2203984     2.33623
              15  |   1.184665   .7465804     1.59   0.113     -.278718    2.648048
              16  |   1.118177   .7048109     1.59   0.113    -.2633328    2.499687
              17  |   .9513484   .7134299     1.33   0.182    -.4470557    2.349753
              18  |   1.113896   .7199165     1.55   0.122    -.2972223    2.525015
              19  |   1.026173   .6271729     1.64   0.102    -.2031578    2.255504
              20  |   1.326589   .6261327     2.12   0.034     .0992977    2.553881
              21  |   .8636017   .7067272     1.22   0.222    -.5216644    2.248868
              22  |   .9393402   .7151382     1.31   0.189    -.4624125    2.341093
              23  |   1.067566   .6483983     1.65   0.100    -.2033691      2.3385
              24  |    .709119   .7194447     0.99   0.324    -.7010749    2.119313
                  |
     hour#c.brent |
               1  |          0  (empty)
               2  |   -.192837   .7786365    -0.25   0.804    -1.719054     1.33338
               3  |  -.7611357    .796133    -0.96   0.339    -2.321647     .799376
               4  |   .2623458   .7991672     0.33   0.743    -1.304113    1.828805
               5  |   1.843092   .7923685     2.33   0.020     .2899593    3.396225
               6  |   1.189408     .84265     1.41   0.158    -.4622823    2.841098
               7  |   .1281095     .77641     0.17   0.869    -1.393743    1.649962
               8  |   .6979094   .7900115     0.88   0.377    -.8506034    2.246422
               9  |   .9897434   .7770297     1.27   0.203    -.5333236    2.512811
              10  |   .6121064   .7853933     0.78   0.436    -.9273544    2.151567
              11  |  -.5809334   .8012553    -0.73   0.468    -2.151485    .9896186
              12  |  -.0021772   .8177109    -0.00   0.998    -1.604984     1.60063
              13  |  -.3246466   .7868236    -0.41   0.680    -1.866911    1.217618
              14  |  -.3431948   .8093105    -0.42   0.672    -1.929536    1.243146
              15  |   -.126725   .8425452    -0.15   0.880     -1.77821     1.52476
              16  |   .3164521   .8292434     0.38   0.703     -1.30896    1.941864
              17  |   .7748589   .8129249     0.95   0.341    -.8185669    2.368285
              18  |  -.0558336   .8309289    -0.07   0.946    -1.684549    1.572882
              19  |  -.3844232   .8062182    -0.48   0.633    -1.964703    1.195857
              20  |  -.8160606   .7826861    -1.04   0.297    -2.350215    .7180936
              21  |  -.5678051   .8080844    -0.70   0.482    -2.151743    1.016133
              22  |   -1.20128   .7761066    -1.55   0.122    -2.722538    .3199773
              23  |  -.9192996    .749293    -1.23   0.220       -2.388    .5494003
              24  |  -.9026085   .7939109    -1.14   0.256    -2.458765    .6535477
                  |
             coal |  -14.07906   3.820881    -3.68   0.000    -21.56842   -6.589691
              gas |  -1.784805   .5426081    -3.29   0.001    -2.848379    -.721231
            brent |   .7834474   .6881229     1.14   0.255    -.5653521    2.132247
         _Ihour_2 |   -3.35514   4.394751    -0.76   0.445    -11.96935    5.259074
         _Ihour_3 |  -3.642803    4.37317    -0.83   0.405    -12.21472    4.929111
         _Ihour_4 |  -12.34454   4.390978    -2.81   0.005    -20.95136   -3.737716
         _Ihour_5 |  -15.77863   4.325083    -3.65   0.000    -24.25629   -7.300975
         _Ihour_6 |  -18.85004   4.396707    -4.29   0.000    -27.46809   -10.23199
         _Ihour_7 |  -1.639699   4.421778    -0.37   0.711    -10.30689    7.027491
         _Ihour_8 |  -9.820007   4.597498    -2.14   0.033    -18.83163   -.8083859
         _Ihour_9 |  -14.12754   4.552893    -3.10   0.002    -23.05173   -5.203348
        _Ihour_10 |  -17.27077   4.442104    -3.89   0.000    -25.97781   -8.563743
        _Ihour_11 |   -10.8615   4.524463    -2.40   0.016    -19.72997   -1.993037
        _Ihour_12 |  -13.65823   4.706679    -2.90   0.004    -22.88386   -4.432605
        _Ihour_13 |  -8.683358   4.464084    -1.95   0.052    -17.43347    .0667574
        _Ihour_14 |  -9.154675   4.433846    -2.06   0.039    -17.84552   -.4638293
        _Ihour_15 |  -7.072575   4.428525    -1.60   0.110    -15.75299     1.60784
        _Ihour_16 |  -15.70893   4.402131    -3.57   0.000    -24.33761   -7.080248
        _Ihour_17 |  -12.36755   4.374283    -2.83   0.005    -20.94165   -3.793457
        _Ihour_18 |  -11.47463   4.514573    -2.54   0.011     -20.3237   -2.625547
        _Ihour_19 |  -7.485724   4.526339    -1.65   0.098    -16.35787    1.386418
        _Ihour_20 |  -10.21059   4.347878    -2.35   0.019    -18.73293   -1.688253
        _Ihour_21 |  -9.262702   4.416523    -2.10   0.036    -17.91959   -.6058124
        _Ihour_22 |  -10.02616    4.08677    -2.45   0.014     -18.0367   -2.015625
        _Ihour_23 |  -9.073517   4.141006    -2.19   0.028    -17.19036   -.9566709
        _Ihour_24 |   3.615383   4.140886     0.87   0.383    -4.501227    11.73199
      _Iyear_2005 |   .7396205   .4585513     1.61   0.107    -.1591925    1.638433
      _Iyear_2006 |   .0632112   1.415611     0.04   0.964    -2.711549    2.837972
      _Iyear_2007 |          0  (omitted)
        _Iweekd_2 |  -.1251706   .1106831    -1.13   0.258    -.3421221    .0917808
        _Iweekd_3 |  -.0509455   .1094732    -0.47   0.642    -.2655256    .1636345
        _Iweekd_4 |  -.1300431    .109544    -1.19   0.235    -.3447619    .0846757
        _Iweekd_5 |  -.2890095     .11133    -2.60   0.009     -.507229   -.0707899
        _Iweekd_6 |   .2062487   .1160273     1.78   0.075    -.0211781    .4336755
        _Iweekd_7 |   .7156493   .1143969     6.26   0.000     .4914183    .9398804
        _Imonth_2 |   3.690741   1.426384     2.59   0.010     .8948656    6.486616
        _Imonth_3 |   3.643691   1.032777     3.53   0.000      1.61933    5.668052
        _Imonth_4 |  -.8819927   1.076274    -0.82   0.413    -2.991613    1.227628
        _Imonth_5 |  -.3908036   1.191912    -0.33   0.743    -2.727087     1.94548
        _Imonth_6 |    2.88827   1.516515     1.90   0.057     -.084273    5.860812
        _Imonth_7 |   .9885434   1.633094     0.61   0.545    -2.212507    4.189594
        _Imonth_8 |   5.212987   2.330073     2.24   0.025      .645778    9.780195
        _Imonth_9 |   12.69195   2.135796     5.94   0.000     8.505548    16.87836
       _Imonth_10 |    3.96784   1.400629     2.83   0.005     1.222447    6.713232
       _Imonth_11 |   1.387868   1.492165     0.93   0.352    -1.536945    4.312681
       _Imonth_12 |  -1.018203   1.425127    -0.71   0.475    -3.811616    1.775209
 _ImonXyea_2_2005 |  -.1790768   .2954016    -0.61   0.544    -.7580977     .399944
 _ImonXyea_2_2006 |  -.0004323   .5116128    -0.00   0.999    -1.003252    1.002387
 _ImonXyea_2_2007 |          0  (omitted)
 _ImonXyea_3_2005 |  -.9661958   .3940816    -2.45   0.014    -1.738641   -.1937509
 _ImonXyea_3_2006 |          0  (omitted)
 _ImonXyea_3_2007 |          0  (omitted)
 _ImonXyea_4_2005 |   .6284867   .5729594     1.10   0.273    -.4945792    1.751553
 _ImonXyea_4_2006 |          0  (omitted)
 _ImonXyea_4_2007 |          0  (omitted)
 _ImonXyea_5_2005 |   1.147632   .6439357     1.78   0.075    -.1145554     2.40982
 _ImonXyea_5_2006 |          0  (omitted)
 _ImonXyea_5_2007 |          0  (omitted)
 _ImonXyea_6_2005 |   2.105372   .7964144     2.64   0.008     .5443085    3.666435
 _ImonXyea_6_2006 |          0  (omitted)
 _ImonXyea_6_2007 |          0  (omitted)
 _ImonXyea_7_2005 |   1.383727   .9558446     1.45   0.148    -.4898379    3.257291
 _ImonXyea_7_2006 |          0  (omitted)
 _ImonXyea_7_2007 |          0  (omitted)
 _ImonXyea_8_2005 |  -.4419772   .9034666    -0.49   0.625    -2.212875    1.328921
 _ImonXyea_8_2006 |          0  (omitted)
 _ImonXyea_8_2007 |          0  (omitted)
 _ImonXyea_9_2005 |  -.1726598   .9465487    -0.18   0.855    -2.028003    1.682684
 _ImonXyea_9_2006 |          0  (omitted)
 _ImonXyea_9_2007 |          0  (omitted)
_ImonXyea_10_2005 |   .1929594   .9055675     0.21   0.831    -1.582056    1.967975
_ImonXyea_10_2006 |          0  (omitted)
_ImonXyea_10_2007 |          0  (omitted)
_ImonXyea_11_2005 |    .121885   .8254137     0.15   0.883     -1.49602     1.73979
_ImonXyea_11_2006 |          0  (omitted)
_ImonXyea_11_2007 |          0  (omitted)
_ImonXyea_12_2005 |  -.4822298   .8757428    -0.55   0.582    -2.198786    1.234326
_ImonXyea_12_2006 |          0  (omitted)
_ImonXyea_12_2007 |          0  (omitted)
    _ImonXhou_2_2 |   .6659696   .9530317     0.70   0.485    -1.202082    2.534021
    _ImonXhou_2_3 |   .3040314   .9629197     0.32   0.752    -1.583401    2.191464
    _ImonXhou_2_4 |  -2.778858    .953223    -2.92   0.004    -4.647284   -.9104324
    _ImonXhou_2_5 |  -2.559026   .8484904    -3.02   0.003    -4.222165   -.8958883
    _ImonXhou_2_6 |  -2.360318   .8556793    -2.76   0.006    -4.037547   -.6830887
    _ImonXhou_2_7 |  -2.133973   .9446645    -2.26   0.024    -3.985623   -.2823225
    _ImonXhou_2_8 |   .0333223   .9429508     0.04   0.972    -1.814969    1.881614
    _ImonXhou_2_9 |  -.2115264   .9281973    -0.23   0.820    -2.030899    1.607846
   _ImonXhou_2_10 |  -.6823382    .907719    -0.75   0.452    -2.461571    1.096895
   _ImonXhou_2_11 |  -.5899464   .8974443    -0.66   0.511     -2.34904    1.169147
   _ImonXhou_2_12 |  -.8035745   .9510441    -0.84   0.398     -2.66773    1.060581
   _ImonXhou_2_13 |  -.6470456   .8070068    -0.80   0.423    -2.228871      .93478
   _ImonXhou_2_14 |  -.7202663    .829442    -0.87   0.385    -2.346067    .9055348
   _ImonXhou_2_15 |   .0959154   .8905973     0.11   0.914    -1.649757    1.841588
   _ImonXhou_2_16 |  -.2662797   .8867731    -0.30   0.764    -2.004456    1.471897
   _ImonXhou_2_17 |   .0133551   .8966357     0.01   0.988    -1.744153    1.770863
   _ImonXhou_2_18 |   .8890684   .8714917     1.02   0.308     -.819155    2.597292
   _ImonXhou_2_19 |  -.5641679   .8454174    -0.67   0.505    -2.221283    1.092947
   _ImonXhou_2_20 |  -.2151629   .7095284    -0.30   0.762     -1.60592    1.175594
   _ImonXhou_2_21 |  -.3555784   .7020946    -0.51   0.613    -1.731764    1.020607
   _ImonXhou_2_22 |  -1.132052   .7101419    -1.59   0.111    -2.524011    .2599074
   _ImonXhou_2_23 |  -.4062238   .7982769    -0.51   0.611    -1.970938     1.15849
   _ImonXhou_2_24 |   .2347949   .8150803     0.29   0.773    -1.362856    1.832446
    _ImonXhou_3_2 |   -.174584   .8159061    -0.21   0.831    -1.773853    1.424685
    _ImonXhou_3_3 |  -1.378005   .8276248    -1.67   0.096    -3.000244    .2442345
    _ImonXhou_3_4 |  -3.389217   .8493205    -3.99   0.000    -5.053982   -1.724452
    _ImonXhou_3_5 |  -4.623279   .7257955    -6.37   0.000    -6.045922   -3.200637
    _ImonXhou_3_6 |  -4.394094   .7932846    -5.54   0.000    -5.949023   -2.839165
    _ImonXhou_3_7 |  -2.745431   .8110595    -3.38   0.001    -4.335201   -1.155662
    _ImonXhou_3_8 |  -1.314166   .7859652    -1.67   0.095    -2.854747    .2264162
    _ImonXhou_3_9 |   -1.48138   .8109032    -1.83   0.068    -3.070842    .1080835
   _ImonXhou_3_10 |  -1.806459   .7999259    -2.26   0.024    -3.374405   -.2385131
   _ImonXhou_3_11 |  -1.728507   .8072555    -2.14   0.032     -3.31082   -.1461943
   _ImonXhou_3_12 |  -2.221264   .8932793    -2.49   0.013    -3.972194   -.4703344
   _ImonXhou_3_13 |  -1.110709   .7178914    -1.55   0.122    -2.517858    .2964401
   _ImonXhou_3_14 |  -.7824601   .7386579    -1.06   0.289    -2.230314    .6653938
   _ImonXhou_3_15 |  -.6325936   .8008308    -0.79   0.430    -2.202313    .9371262
   _ImonXhou_3_16 |  -1.199959   .7810235    -1.54   0.124    -2.730855    .3309364
   _ImonXhou_3_17 |  -1.445422   .7881211    -1.83   0.067     -2.99023    .0993851
   _ImonXhou_3_18 |   -.316713   .7614224    -0.42   0.677    -1.809188    1.175762
   _ImonXhou_3_19 |  -1.042853   .7744775    -1.35   0.178    -2.560917    .4752117
   _ImonXhou_3_20 |  -1.159391   .6841392    -1.69   0.090    -2.500382    .1816002
   _ImonXhou_3_21 |  -.1625426   .7132455    -0.23   0.820    -1.560585      1.2355
   _ImonXhou_3_22 |  -.4654419   .7255376    -0.64   0.521    -1.887578    .9566947
   _ImonXhou_3_23 |  -.6424517   .7353359    -0.87   0.382    -2.083794    .7988907
   _ImonXhou_3_24 |   .2134951   .7424485     0.29   0.774    -1.241789    1.668779
    _ImonXhou_4_2 |    1.60895   .8883533     1.81   0.070    -.1323242    3.350224
    _ImonXhou_4_3 |   1.659748    .872772     1.90   0.057    -.0509844    3.370481
    _ImonXhou_4_4 |  -.8664056   .8823665    -0.98   0.326    -2.595945    .8631337
    _ImonXhou_4_5 |  -1.556248   .7806533    -1.99   0.046    -3.086417   -.0260781
    _ImonXhou_4_6 |  -1.564525    .834275    -1.88   0.061    -3.199799    .0707498
    _ImonXhou_4_7 |  -.3910855   .9114483    -0.43   0.668    -2.177628    1.395457
    _ImonXhou_4_8 |   .5531585   .8717214     0.63   0.526    -1.155515    2.261832
    _ImonXhou_4_9 |   .1732273   .9223658     0.19   0.851    -1.634715     1.98117
   _ImonXhou_4_10 |   .3798629   .8832245     0.43   0.667    -1.351358    2.111084
   _ImonXhou_4_11 |   .7015893   .8748052     0.80   0.423    -1.013129    2.416307
   _ImonXhou_4_12 |    .370641   .9499306     0.39   0.696    -1.491332    2.232614
   _ImonXhou_4_13 |   .5801993    .822627     0.71   0.481    -1.032244    2.192642
   _ImonXhou_4_14 |   1.279658   .8481226     1.51   0.131    -.3827595    2.942075
   _ImonXhou_4_15 |   1.386841   .8944731     1.55   0.121    -.3664289     3.14011
   _ImonXhou_4_16 |   .4935412   .8848456     0.56   0.577    -1.240857     2.22794
   _ImonXhou_4_17 |   .6148315   .8938918     0.69   0.492    -1.137299    2.366962
   _ImonXhou_4_18 |   1.263879   .8721307     1.45   0.147    -.4455971    2.973355
   _ImonXhou_4_19 |   .4451407   .8817029     0.50   0.614    -1.283098    2.173379
   _ImonXhou_4_20 |   1.950066   .8424643     2.31   0.021     .2987394    3.601392
   _ImonXhou_4_21 |   .4436581   .8073239     0.55   0.583    -1.138789    2.026105
   _ImonXhou_4_22 |    .876751   .8175546     1.07   0.284    -.7257495    2.479252
   _ImonXhou_4_23 |    1.00401   .8265065     1.21   0.224    -.6160376    2.624057
   _ImonXhou_4_24 |   1.035551   .8634539     1.20   0.230    -.6569176    2.728019
    _ImonXhou_5_2 |   1.204516    .973108     1.24   0.216    -.7028865    3.111919
    _ImonXhou_5_3 |   .7567567   .9820159     0.77   0.441    -1.168107     2.68162
    _ImonXhou_5_4 |  -1.115899   .9307869    -1.20   0.231    -2.940348    .7085496
    _ImonXhou_5_5 |  -2.200336   .8457169    -2.60   0.009    -3.858038   -.5426341
    _ImonXhou_5_6 |  -2.320151   .9102297    -2.55   0.011    -4.104306    -.535997
    _ImonXhou_5_7 |  -.8103637    .973687    -0.83   0.405    -2.718902    1.098174
    _ImonXhou_5_8 |  -1.182695   .9563976    -1.24   0.216    -3.057344    .6919535
    _ImonXhou_5_9 |  -1.181868    .942438    -1.25   0.210    -3.029154    .6654182
   _ImonXhou_5_10 |  -.4794649   .9659271    -0.50   0.620    -2.372792    1.413863
   _ImonXhou_5_11 |   .3566297   .9697081     0.37   0.713    -1.544109    2.257369
   _ImonXhou_5_12 |   .2788658   1.047567     0.27   0.790    -1.774486    2.332218
   _ImonXhou_5_13 |   .9557274   .8712335     1.10   0.273    -.7519898    2.663445
   _ImonXhou_5_14 |   1.137425   .8990888     1.27   0.206    -.6248916    2.899742
   _ImonXhou_5_15 |   .4497409   .9637533     0.47   0.641    -1.439326    2.338808
   _ImonXhou_5_16 |   .3318174    .948212     0.35   0.726    -1.526786    2.190421
   _ImonXhou_5_17 |  -.2172325    .963254    -0.23   0.822    -2.105321    1.670856
   _ImonXhou_5_18 |    .777728   .9545399     0.81   0.415    -1.093279    2.648735
   _ImonXhou_5_19 |  -.9593917   .9399698    -1.02   0.307     -2.80184    .8830565
   _ImonXhou_5_20 |   .2353247   .8864615     0.27   0.791    -1.502241    1.972891
   _ImonXhou_5_21 |  -.1809093   .8551669    -0.21   0.832    -1.857134    1.495316
   _ImonXhou_5_22 |   .0624652   .8786195     0.07   0.943     -1.65973     1.78466
   _ImonXhou_5_23 |   .1265935   .9029476     0.14   0.889    -1.643287    1.896474
   _ImonXhou_5_24 |   .6407021    .936183     0.68   0.494    -1.194324    2.475728
    _ImonXhou_6_2 |   1.378551   1.061803     1.30   0.194     -.702704    3.459805
    _ImonXhou_6_3 |   .2005898   1.086251     0.18   0.853    -1.928587    2.329766
    _ImonXhou_6_4 |  -2.561227   1.064547    -2.41   0.016    -4.647862   -.4745929
    _ImonXhou_6_5 |  -3.511162    .967563    -3.63   0.000    -5.407696   -1.614628
    _ImonXhou_6_6 |  -4.409586   1.042154    -4.23   0.000    -6.452328   -2.366844
    _ImonXhou_6_7 |  -2.345743   1.069694    -2.19   0.028    -4.442466   -.2490203
    _ImonXhou_6_8 |  -1.392406   1.062692    -1.31   0.190    -3.475403    .6905917
    _ImonXhou_6_9 |  -1.127053   1.030934    -1.09   0.274    -3.147802    .8936961
   _ImonXhou_6_10 |  -2.793412   1.032148    -2.71   0.007    -4.816541   -.7702832
   _ImonXhou_6_11 |  -.1356793   1.042014    -0.13   0.896    -2.178145    1.906787
   _ImonXhou_6_12 |  -.0438444   1.080432    -0.04   0.968    -2.161615    2.073926
   _ImonXhou_6_13 |   .2173921   .9783146     0.22   0.824    -1.700216    2.135001
   _ImonXhou_6_14 |   .0209439   .9658269     0.02   0.983    -1.872187    1.914075
   _ImonXhou_6_15 |    .373394   .9838421     0.38   0.704    -1.555049    2.301837
   _ImonXhou_6_16 |  -.8365453   1.021443    -0.82   0.413    -2.838691      1.1656
   _ImonXhou_6_17 |  -.3365939   1.022967    -0.33   0.742    -2.341727    1.668539
   _ImonXhou_6_18 |  -1.024268   1.030143    -0.99   0.320    -3.043465    .9949295
   _ImonXhou_6_19 |  -.4498201   1.013856    -0.44   0.657    -2.437093    1.537453
   _ImonXhou_6_20 |    .185565   .9447494     0.20   0.844    -1.666252    2.037382
   _ImonXhou_6_21 |  -.2068117   .9342483    -0.22   0.825    -2.038045    1.624422
   _ImonXhou_6_22 |  -.3096454   .8970598    -0.35   0.730    -2.067985    1.448694
   _ImonXhou_6_23 |   .1631853   .9250984     0.18   0.860    -1.650113    1.976484
   _ImonXhou_6_24 |  -.0974258   1.005568    -0.10   0.923    -2.068455    1.873603
    _ImonXhou_7_2 |   .2357696   1.286049     0.18   0.855    -2.285034    2.756573
    _ImonXhou_7_3 |  -.5638683   1.298623    -0.43   0.664    -3.109317    1.981581
    _ImonXhou_7_4 |  -4.661238   1.309101    -3.56   0.000    -7.227227    -2.09525
    _ImonXhou_7_5 |  -5.934907   1.226259    -4.84   0.000    -8.338515   -3.531298
    _ImonXhou_7_6 |  -6.681438   1.254217    -5.33   0.000    -9.139847    -4.22303
    _ImonXhou_7_7 |  -2.682273   1.297083    -2.07   0.039    -5.224703    -.139843
    _ImonXhou_7_8 |  -2.654067   1.281915    -2.07   0.038    -5.166766   -.1413678
    _ImonXhou_7_9 |  -1.950824   1.267883    -1.54   0.124    -4.436019    .5343707
   _ImonXhou_7_10 |   -1.45617   1.257686    -1.16   0.247    -3.921378    1.009037
   _ImonXhou_7_11 |   -.623917   1.238546    -0.50   0.614    -3.051609    1.803775
   _ImonXhou_7_12 |  -1.395722   1.338944    -1.04   0.297    -4.020205     1.22876
   _ImonXhou_7_13 |   .1502118   1.193498     0.13   0.900     -2.18918    2.489604
   _ImonXhou_7_14 |   .7119856   1.239077     0.57   0.566    -1.716747    3.140718
   _ImonXhou_7_15 |   .3467145   1.306109     0.27   0.791    -2.213408    2.906837
   _ImonXhou_7_16 |  -1.732997   1.299625    -1.33   0.182    -4.280411    .8144174
   _ImonXhou_7_17 |  -.1130348   1.230949    -0.09   0.927    -2.525836    2.299766
   _ImonXhou_7_18 |  -.2098797   1.231678    -0.17   0.865     -2.62411    2.204351
   _ImonXhou_7_19 |  -.4528156   1.258636    -0.36   0.719    -2.919885    2.014254
   _ImonXhou_7_20 |   .3441445   1.172545     0.29   0.769    -1.954177    2.642466
   _ImonXhou_7_21 |   .0021252     1.1591     0.00   0.999    -2.269843    2.274094
   _ImonXhou_7_22 |   .7400523   1.140158     0.65   0.516    -1.494787    2.974892
   _ImonXhou_7_23 |  -.3773237   1.195877    -0.32   0.752    -2.721379    1.966731
   _ImonXhou_7_24 |   1.865193   1.219517     1.53   0.126    -.5252009    4.255586
    _ImonXhou_8_2 |  -.0391573   1.567479    -0.02   0.980    -3.111596    3.033282
    _ImonXhou_8_3 |  -1.095401   1.573963    -0.70   0.486    -4.180548    1.989747
    _ImonXhou_8_4 |  -5.756459   1.596749    -3.61   0.000     -8.88627   -2.626648
    _ImonXhou_8_5 |  -7.206428   1.526514    -4.72   0.000    -10.19857   -4.214287
    _ImonXhou_8_6 |  -7.286161   1.552533    -4.69   0.000     -10.3293   -4.243019
    _ImonXhou_8_7 |  -2.369457   1.574824    -1.50   0.132    -5.456293    .7173791
    _ImonXhou_8_8 |  -2.597832   1.595506    -1.63   0.103    -5.725207    .5295422
    _ImonXhou_8_9 |   -2.71747   1.625233    -1.67   0.095    -5.903113    .4681729
   _ImonXhou_8_10 |  -4.811158   1.600488    -3.01   0.003    -7.948297   -1.674019
   _ImonXhou_8_11 |  -2.441289   1.643149    -1.49   0.137     -5.66205    .7794715
   _ImonXhou_8_12 |  -3.717491   1.769428    -2.10   0.036    -7.185772   -.2492094
   _ImonXhou_8_13 |  -.5780098   1.566501    -0.37   0.712    -3.648531    2.492511
   _ImonXhou_8_14 |   -.967157   1.591206    -0.61   0.543    -4.086103    2.151789
   _ImonXhou_8_15 |  -1.014216    1.66928    -0.61   0.543    -4.286195    2.257764
   _ImonXhou_8_16 |  -4.043652   1.586167    -2.55   0.011     -7.15272   -.9345834
   _ImonXhou_8_17 |  -3.388307   1.588038    -2.13   0.033    -6.501043   -.2755708
   _ImonXhou_8_18 |  -1.839727   1.603835    -1.15   0.251    -4.983426    1.303973
   _ImonXhou_8_19 |  -1.897277   1.577888    -1.20   0.229    -4.990118    1.195565
   _ImonXhou_8_20 |  -1.536932   1.573686    -0.98   0.329    -4.621536    1.547672
   _ImonXhou_8_21 |  -1.784244   1.563676    -1.14   0.254    -4.849228    1.280739
   _ImonXhou_8_22 |   -1.44948   1.519532    -0.95   0.340    -4.427937    1.528976
   _ImonXhou_8_23 |  -1.813613   1.539219    -1.18   0.239    -4.830659    1.203433
   _ImonXhou_8_24 |    1.92209    1.55737     1.23   0.217    -1.130534    4.974714
    _ImonXhou_9_2 |  -.0156981   1.397355    -0.01   0.991    -2.754674    2.723278
    _ImonXhou_9_3 |  -.3335847   1.437073    -0.23   0.816    -3.150413    2.483243
    _ImonXhou_9_4 |  -5.333333   1.460051    -3.65   0.000      -8.1952   -2.471467
    _ImonXhou_9_5 |  -6.254352   1.390126    -4.50   0.000    -8.979159   -3.529546
    _ImonXhou_9_6 |  -7.306376   1.438277    -5.08   0.000    -10.12556   -4.487188
    _ImonXhou_9_7 |  -2.019031   1.428986    -1.41   0.158    -4.820007    .7819445
    _ImonXhou_9_8 |  -3.212578   1.492037    -2.15   0.031    -6.137141   -.2880142
    _ImonXhou_9_9 |  -4.636478   1.518613    -3.05   0.002    -7.613133   -1.659822
   _ImonXhou_9_10 |  -5.121072   1.498892    -3.42   0.001    -8.059071   -2.183073
   _ImonXhou_9_11 |  -2.975896   1.539851    -1.93   0.053     -5.99418    .0423878
   _ImonXhou_9_12 |  -3.768814   1.675478    -2.25   0.025    -7.052943   -.4846842
   _ImonXhou_9_13 |  -2.467757   1.476338    -1.67   0.095    -5.361548    .4260347
   _ImonXhou_9_14 |  -2.198946   1.439293    -1.53   0.127    -5.020124    .6222321
   _ImonXhou_9_15 |  -1.399392    1.49934    -0.93   0.351     -4.33827    1.539486
   _ImonXhou_9_16 |   -4.65885   1.436564    -3.24   0.001    -7.474679    -1.84302
   _ImonXhou_9_17 |  -3.112195   1.456595    -2.14   0.033    -5.967287   -.2571023
   _ImonXhou_9_18 |  -1.666801   1.483485    -1.12   0.261    -4.574602    1.240999
   _ImonXhou_9_19 |  -2.707997   1.457746    -1.86   0.063    -5.565346    .1493526
   _ImonXhou_9_20 |  -2.012692   1.464535    -1.37   0.169    -4.883349    .8579648
   _ImonXhou_9_21 |  -2.293599   1.453091    -1.58   0.114    -5.141824    .5546248
   _ImonXhou_9_22 |  -2.983568   1.373087    -2.17   0.030    -5.674975   -.2921617
   _ImonXhou_9_23 |  -2.790909   1.432906    -1.95   0.051    -5.599569      .01775
   _ImonXhou_9_24 |   1.928204   1.377939     1.40   0.162    -.7727145    4.629122
   _ImonXhou_10_2 |  -.2524419   1.408644    -0.18   0.858    -3.013546    2.508662
   _ImonXhou_10_3 |   -.163008   1.424289    -0.11   0.909    -2.954778    2.628762
   _ImonXhou_10_4 |  -4.442559   1.498956    -2.96   0.003    -7.380684   -1.504434
   _ImonXhou_10_5 |  -6.759621   1.400633    -4.83   0.000    -9.505021    -4.01422
   _ImonXhou_10_6 |   -7.05875   1.440125    -4.90   0.000     -9.88156    -4.23594
   _ImonXhou_10_7 |  -2.273828   1.420257    -1.60   0.109    -5.057694    .5100372
   _ImonXhou_10_8 |   -3.45126   1.446154    -2.39   0.017    -6.285887   -.6166334
   _ImonXhou_10_9 |  -4.653581    1.46685    -3.17   0.002    -7.528774   -1.778387
  _ImonXhou_10_10 |  -5.135993   1.479986    -3.47   0.001    -8.036936    -2.23505
  _ImonXhou_10_11 |  -3.313748   1.505061    -2.20   0.028     -6.26384   -.3636564
  _ImonXhou_10_12 |  -4.425154   1.646641    -2.69   0.007    -7.652759   -1.197549
  _ImonXhou_10_13 |  -3.659799   1.392715    -2.63   0.009    -6.389679   -.9299186
  _ImonXhou_10_14 |  -4.252215   1.368475    -3.11   0.002    -6.934583   -1.569848
  _ImonXhou_10_15 |   -2.91166   1.515316    -1.92   0.055    -5.881852    .0585327
  _ImonXhou_10_16 |  -3.544332   1.457859    -2.43   0.015    -6.401901   -.6867623
  _ImonXhou_10_17 |  -3.412973   1.454719    -2.35   0.019    -6.264388   -.5615574
  _ImonXhou_10_18 |  -2.686526   1.481971    -1.81   0.070    -5.591359     .218306
  _ImonXhou_10_19 |  -1.808522   1.528137    -1.18   0.237    -4.803845    1.186801
  _ImonXhou_10_20 |  -2.775447   1.444859    -1.92   0.055    -5.607537    .0566425
  _ImonXhou_10_21 |  -2.268917   1.483887    -1.53   0.126    -5.177505    .6396714
  _ImonXhou_10_22 |  -3.037339   1.306875    -2.32   0.020    -5.598963   -.4757156
  _ImonXhou_10_23 |   -2.21578   1.414821    -1.57   0.117     -4.98899    .5574304
  _ImonXhou_10_24 |   1.052712   1.419144     0.74   0.458    -1.728972    3.834396
   _ImonXhou_11_2 |   1.646457   1.085972     1.52   0.130    -.4821732    3.775087
   _ImonXhou_11_3 |   .4616022   1.107507     0.42   0.677    -1.709238    2.632442
   _ImonXhou_11_4 |  -1.390269   1.049628    -1.32   0.185     -3.44766    .6671218
   _ImonXhou_11_5 |  -3.648237     .99034    -3.68   0.000    -5.589416   -1.707057
   _ImonXhou_11_6 |  -4.100457   1.032997    -3.97   0.000    -6.125248   -2.075665
   _ImonXhou_11_7 |  -1.007854   1.050263    -0.96   0.337     -3.06649    1.050781
   _ImonXhou_11_8 |  -1.191606   1.118911    -1.06   0.287    -3.384799    1.001588
   _ImonXhou_11_9 |  -3.089598   1.123467    -2.75   0.006    -5.291721   -.8874737
  _ImonXhou_11_10 |  -3.072428   1.124317    -2.73   0.006    -5.276217   -.8686385
  _ImonXhou_11_11 |  -2.191033   1.119084    -1.96   0.050    -4.384565    .0024991
  _ImonXhou_11_12 |  -2.840289   1.212321    -2.34   0.019    -5.216577   -.4640008
  _ImonXhou_11_13 |   -1.87236   1.021507    -1.83   0.067     -3.87463     .129911
  _ImonXhou_11_14 |  -2.155792   1.052114    -2.05   0.040    -4.218057   -.0935273
  _ImonXhou_11_15 |  -.8003384    1.10229    -0.73   0.468    -2.960954    1.360277
  _ImonXhou_11_16 |  -1.839251   1.094415    -1.68   0.093    -3.984429    .3059268
  _ImonXhou_11_17 |  -2.305624   1.080968    -2.13   0.033    -4.424446   -.1868032
  _ImonXhou_11_18 |  -1.171942   1.100707    -1.06   0.287    -3.329453    .9855692
  _ImonXhou_11_19 |  -2.125749    1.06833    -1.99   0.047    -4.219799    -.031699
  _ImonXhou_11_20 |  -1.950902   .9796089    -1.99   0.046    -3.871048    -.030757
  _ImonXhou_11_21 |  -1.877848   .9773058    -1.92   0.055    -3.793479    .0377828
  _ImonXhou_11_22 |  -2.033041   .9255888    -2.20   0.028    -3.847301   -.2187814
  _ImonXhou_11_23 |  -1.578776   1.011855    -1.56   0.119    -3.562128     .404576
  _ImonXhou_11_24 |  -.3607123   1.059114    -0.34   0.733    -2.436697    1.715272
   _ImonXhou_12_2 |   .9542406   1.077929     0.89   0.376    -1.158624    3.067105
   _ImonXhou_12_3 |   1.270951   1.040065     1.22   0.222     -.767695    3.309596
   _ImonXhou_12_4 |  -.8063227   1.031276    -0.78   0.434    -2.827742    1.215097
   _ImonXhou_12_5 |  -1.346563   .8594261    -1.57   0.117    -3.031137    .3380104
   _ImonXhou_12_6 |   -1.48963   .8949053    -1.66   0.096    -3.243747    .2644867
   _ImonXhou_12_7 |   .1012053   1.001699     0.10   0.920     -1.86224     2.06465
   _ImonXhou_12_8 |   .4082709   1.012304     0.40   0.687     -1.57596    2.392502
   _ImonXhou_12_9 |  -.7807233   1.036755    -0.75   0.451    -2.812881    1.251435
  _ImonXhou_12_10 |  -1.612063   1.026927    -1.57   0.116    -3.624958    .4008318
  _ImonXhou_12_11 |  -1.097489   1.029463    -1.07   0.286    -3.115354    .9203753
  _ImonXhou_12_12 |  -1.879063   1.082521    -1.74   0.083    -4.000928     .242802
  _ImonXhou_12_13 |  -.4420343   .9314731    -0.47   0.635    -2.267828    1.383759
  _ImonXhou_12_14 |   -.370302   .9519948    -0.39   0.697    -2.236321    1.495717
  _ImonXhou_12_15 |  -.0687907   .9934605    -0.07   0.945    -2.016087    1.878506
  _ImonXhou_12_16 |  -1.126918   .9458612    -1.19   0.234    -2.980914    .7270781
  _ImonXhou_12_17 |  -.8912438   1.001716    -0.89   0.374    -2.854722    1.072234
  _ImonXhou_12_18 |  -.3319631   .9825926    -0.34   0.735    -2.257957    1.594031
  _ImonXhou_12_19 |  -.4537348   .9775333    -0.46   0.643    -2.369812    1.462342
  _ImonXhou_12_20 |  -.0889076   .9177275    -0.10   0.923    -1.887759    1.709943
  _ImonXhou_12_21 |    -.36514   .8380822    -0.44   0.663    -2.007877    1.277597
  _ImonXhou_12_22 |  -.8458527   .7821114    -1.08   0.279     -2.37888    .6871751
  _ImonXhou_12_23 |  -.3148674   .8806273    -0.36   0.721    -2.040998    1.411263
  _ImonXhou_12_24 |  -.5574731    .887364    -0.63   0.530    -2.296808    1.181862
     _ImonXtemp_2 |  -.0199739   .1224744    -0.16   0.870    -.2600377      .22009
     _ImonXtemp_3 |   .0842265    .064572     1.30   0.192    -.0423419     .210795
     _ImonXtemp_4 |   .0607634   .0826121     0.74   0.462    -.1011657    .2226925
     _ImonXtemp_5 |  -.2171746   .0947798    -2.29   0.022    -.4029538   -.0313953
     _ImonXtemp_6 |   .4295771    .146029     2.94   0.003     .1433435    .7158108
     _ImonXtemp_7 |  -.0173413   .1116198    -0.16   0.877    -.2361288    .2014463
     _ImonXtemp_8 |  -.1643917   .0922359    -1.78   0.075    -.3451847    .0164013
     _ImonXtemp_9 |   .0719882   .0891864     0.81   0.420    -.1028272    .2468037
    _ImonXtemp_10 |  -.0388772   .0995017    -0.39   0.696    -.2339119    .1561575
    _ImonXtemp_11 |  -.0534421   .0584662    -0.91   0.361    -.1680426    .0611584
    _ImonXtemp_12 |  -.0581315   .0888689    -0.65   0.513    -.2323248    .1160618
     _ImonXtempa2 |  -.1605218   .0960519    -1.67   0.095    -.3487945    .0277509
     _ImonXtempa3 |  -.1623772   .0646173    -2.51   0.012    -.2890346   -.0357198
     _ImonXtempa4 |  -.0453958   .0674324    -0.67   0.501     -.177571    .0867794
     _ImonXtempa5 |   .0985881   .0872536     1.13   0.259    -.0724391    .2696152
     _ImonXtempa6 |  -.3979426   .0969405    -4.11   0.000    -.5879571    -.207928
     _ImonXtempa7 |  -.0436843   .0908163    -0.48   0.631    -.2216945     .134326
     _ImonXtempa8 |   -.033865   .0735104    -0.46   0.645    -.1779537    .1102237
     _ImonXtempa9 |  -.3951017   .0743099    -5.32   0.000    -.5407577   -.2494457
    _ImonXtempa10 |  -.0681642   .0717098    -0.95   0.342    -.2087236    .0723952
    _ImonXtempa11 |   .0132638   .0735107     0.18   0.857    -.1308256    .1573532
    _ImonXtempa12 |    .111484   .0905654     1.23   0.218    -.0660346    .2890027
           eprice |   .5688258   .0523462    10.87   0.000     .4662213    .6714303
            _cons |   9.921414   3.367381     2.95   0.003     3.320963    16.52187
-----------------------------------------------------------------------------------


Instrumental variables (2SLS) regression               Number of obs =   16186
                                                       Wald chi2(407)=54630.54
                                                       Prob > chi2   =  0.0000
                                                       R-squared     =  0.7525
                                                       Root MSE      =   8.694

-----------------------------------------------------------------------------------
                  |               Robust
         mg_price |      Coef.   Std. Err.      z    P>|z|     [95% Conf. Interval]
------------------+----------------------------------------------------------------
           ecost2 |   .8483805   .1675377     5.06   0.000     .5200125    1.176748
            windx |  -2.237789   .3286246    -6.81   0.000    -2.881881   -1.593697
           windx2 |   .0675388   .0229351     2.94   0.003     .0225869    .1124906
             temp |    .760979   .1305637     5.83   0.000     .5050788    1.016879
            tempx |  -1.049218   .1458933    -7.19   0.000    -1.335164   -.7632728
            humid |   .0918912   .0129302     7.11   0.000     .0665484     .117234
                  |
      hour#c.coal |
               2  |  -15.79261   9.887382    -1.60   0.110    -35.17153    3.586301
               3  |  -15.62148   9.862552    -1.58   0.113    -34.95172    3.708771
               4  |  -28.05464   9.907927    -2.83   0.005    -47.47381   -8.635457
               5  |  -31.64262   9.539924    -3.32   0.001    -50.34053   -12.94471
               6  |  -36.47908   9.736424    -3.75   0.000    -55.56212   -17.39604
               7  |  -16.28924   9.227041    -1.77   0.077     -34.3739    1.795432
               8  |  -17.14606   10.68552    -1.60   0.109     -38.0893    3.797175
               9  |  -19.69139   12.18274    -1.62   0.106    -43.56912    4.186347
              10  |  -15.33777   12.69807    -1.21   0.227    -40.22553    9.549993
              11  |  -8.496626    12.4363    -0.68   0.494    -32.87132    15.87807
              12  |  -19.14397   13.23744    -1.45   0.148    -45.08887    6.800935
              13  |  -23.09782   12.95576    -1.78   0.075    -48.49063    2.294997
              14  |  -36.84387   12.24492    -3.01   0.003    -60.84347   -12.84427
              15  |  -17.53807   11.07739    -1.58   0.113    -39.24936     4.17322
              16  |  -24.56355   11.39317    -2.16   0.031    -46.89376   -2.233337
              17  |  -8.984621    11.4542    -0.78   0.433    -31.43445    13.46521
              18  |  -14.33444    13.2395    -1.08   0.279    -40.28337     11.6145
              19  |  -2.620932   12.61263    -0.21   0.835    -27.34123    22.09937
              20  |  -3.150022   12.13527    -0.26   0.795    -26.93472    20.63468
              21  |   6.619828   12.16969     0.54   0.586    -17.23232    30.47197
              22  |  -17.72162   12.96588    -1.37   0.172    -43.13428     7.69104
              23  |  -5.607458   10.95014    -0.51   0.609    -27.06933    15.85442
              24  |   12.88993   10.24106     1.26   0.208    -7.182171    32.96204
                  |
       hour#c.gas |
               2  |  -3.511508   2.026202    -1.73   0.083    -7.482791    .4597756
               3  |  -5.603185    1.75808    -3.19   0.001    -9.048957   -2.157412
               4  |  -5.974122   1.785086    -3.35   0.001    -9.472826   -2.475418
               5  |  -5.856572   1.751701    -3.34   0.001    -9.289843   -2.423301
               6  |   -6.60574   1.812593    -3.64   0.000    -10.15836   -3.053122
               7  |  -5.637908   1.667539    -3.38   0.001    -8.906225   -2.369591
               8  |  -2.639819   1.757645    -1.50   0.133    -6.084739    .8051006
               9  |  -1.097455    2.08365    -0.53   0.598    -5.181333    2.986424
              10  |  -1.358642   2.145328    -0.63   0.527    -5.563408    2.846124
              11  |  -.0794348   2.127876    -0.04   0.970    -4.249994    4.091125
              12  |  -.3911014   2.176473    -0.18   0.857    -4.656911    3.874708
              13  |  -.5483432   2.021073    -0.27   0.786    -4.509573    3.412887
              14  |  -1.977766   1.901408    -1.04   0.298    -5.704456    1.748925
              15  |  -2.085514   2.317486    -0.90   0.368    -6.627703    2.456674
              16  |  -2.095207   2.141671    -0.98   0.328    -6.292806    2.102392
              17  |  -2.339207   2.138614    -1.09   0.274    -6.530813      1.8524
              18  |  -2.761928   2.249859    -1.23   0.220    -7.171572    1.647715
              19  |   .4713884   2.627631     0.18   0.858    -4.678674     5.62145
              20  |   2.426376   2.230985     1.09   0.277    -1.946275    6.799026
              21  |   .5109067    1.94478     0.26   0.793    -3.300793    4.322606
              22  |   1.493618   1.961828     0.76   0.446    -2.351494    5.338731
              23  |  -2.217017   2.670353    -0.83   0.406    -7.450813    3.016779
              24  |  -.8437998   2.721396    -0.31   0.757    -6.177638    4.490039
                  |
     hour#c.brent |
               2  |  -1.110114   1.896901    -0.59   0.558    -4.827972    2.607744
               3  |  -.2310308   1.727513    -0.13   0.894    -3.616894    3.154833
               4  |  -2.309294   1.705886    -1.35   0.176     -5.65277    1.034182
               5  |  -3.906114   1.700717    -2.30   0.022    -7.239457   -.5727708
               6  |  -3.554931   1.685346    -2.11   0.035    -6.858149   -.2517136
               7  |  -2.280006    1.63666    -1.39   0.164    -5.487801    .9277894
               8  |  -2.141724   1.790952    -1.20   0.232    -5.651925    1.368477
               9  |  -.9416013   2.153036    -0.44   0.662    -5.161474    3.278272
              10  |   2.346639   2.253152     1.04   0.298    -2.069458    6.762736
              11  |   4.043372   2.230453     1.81   0.070    -.3282356    8.414979
              12  |    4.51034   2.337975     1.93   0.054    -.0720067    9.092687
              13  |   5.339458    2.14854     2.49   0.013     1.128396    9.550519
              14  |   5.916684   2.030797     2.91   0.004     1.936396    9.896972
              15  |   6.301774    2.27118     2.77   0.006     1.850343    10.75321
              16  |   4.500721   2.118655     2.12   0.034     .3482333    8.653208
              17  |   3.845548   2.129733     1.81   0.071    -.3286515    8.019748
              18  |   5.078624   2.249116     2.26   0.024     .6704384     9.48681
              19  |   3.935665   2.422494     1.62   0.104     -.812336    8.683666
              20  |   4.810299   2.250449     2.14   0.033     .3994999    9.221099
              21  |   6.813678   1.991802     3.42   0.001     2.909818    10.71754
              22  |    6.39773   2.079251     3.08   0.002     2.322473    10.47299
              23  |    6.61678   2.379745     2.78   0.005     1.952565    11.28099
              24  |    3.50092   2.370048     1.48   0.140    -1.144288    8.146128
                  |
             coal |   58.93448   9.013523     6.54   0.000      41.2683    76.60066
              gas |   5.832109   1.592497     3.66   0.000     2.710872    8.953346
            brent |  -3.890073    1.66263    -2.34   0.019    -7.148767    -.631379
         _Ihour_2 |   13.22863   8.884328     1.49   0.136    -4.184332    30.64159
         _Ihour_3 |   11.61322   8.880012     1.31   0.191    -5.791282    29.01772
         _Ihour_4 |   22.07714   8.886214     2.48   0.013     4.660484     39.4938
         _Ihour_5 |   26.10085   8.644857     3.02   0.003     9.157245    43.04446
         _Ihour_6 |   29.48815   8.717546     3.38   0.001     12.40207    46.57422
         _Ihour_7 |   14.14023   8.299361     1.70   0.088    -2.126216    30.40668
         _Ihour_8 |   15.09769   9.589417     1.57   0.115    -3.697222     33.8926
         _Ihour_9 |   13.11859   11.04068     1.19   0.235    -8.520756    34.75793
        _Ihour_10 |   4.454653   11.69145     0.38   0.703    -18.46017    27.36948
        _Ihour_11 |  -3.001231   11.18964    -0.27   0.789    -24.93252    18.93006
        _Ihour_12 |   5.006161   11.66962     0.43   0.668    -17.86588     27.8782
        _Ihour_13 |   6.097758   11.14961     0.55   0.584    -15.75507    27.95059
        _Ihour_14 |   14.93527   10.54402     1.42   0.157     -5.73063    35.60118
        _Ihour_15 |  -1.499446   10.00039    -0.15   0.881    -21.09985    18.10096
        _Ihour_16 |   6.914693    10.1125     0.68   0.494    -12.90544    26.73483
        _Ihour_17 |  -2.223715   10.18379    -0.22   0.827    -22.18358    17.73615
        _Ihour_18 |   1.625666   11.38272     0.14   0.886    -20.68406    23.93539
        _Ihour_19 |  -3.190582   11.09975    -0.29   0.774     -24.9457    18.56453
        _Ihour_20 |  -1.393325   11.07584    -0.13   0.900    -23.10158    20.31493
        _Ihour_21 |   -10.8493   10.79846    -1.00   0.315    -32.01389    10.31528
        _Ihour_22 |   .4948679   11.26241     0.04   0.965    -21.57906    22.56879
        _Ihour_23 |   -4.81129    9.52109    -0.51   0.613    -23.47228     13.8497
        _Ihour_24 |  -10.94358   9.034894    -1.21   0.226    -28.65165    6.764486
      _Iyear_2005 |   14.38305   1.154016    12.46   0.000     12.12122    16.64488
      _Iyear_2006 |   27.52104   3.068539     8.97   0.000     21.50682    33.53527
      _Iyear_2007 |          0  (omitted)
        _Iweekd_2 |   .4565842    .254304     1.80   0.073    -.0418426    .9550109
        _Iweekd_3 |    1.06581   .2616678     4.07   0.000     .5529506     1.57867
        _Iweekd_4 |   .9668758   .2662438     3.63   0.000     .4450475    1.488704
        _Iweekd_5 |  -.4456728   .2546758    -1.75   0.080    -.9448283    .0534827
        _Iweekd_6 |  -4.506217   .2585656   -17.43   0.000    -5.012996   -3.999438
        _Iweekd_7 |  -9.528788   .2976552   -32.01   0.000    -10.11218   -8.945394
        _Imonth_2 |  -15.63786   3.790493    -4.13   0.000    -23.06709   -8.208631
        _Imonth_3 |  -14.38334   3.618133    -3.98   0.000    -21.47475    -7.29193
        _Imonth_4 |  -14.78016    2.94391    -5.02   0.000    -20.55011   -9.010198
        _Imonth_5 |  -19.47145   3.205981    -6.07   0.000    -25.75505   -13.18784
        _Imonth_6 |  -52.70297   4.487847   -11.74   0.000    -61.49899   -43.90695
        _Imonth_7 |  -29.55258   4.025867    -7.34   0.000    -37.44313   -21.66202
        _Imonth_8 |  -33.08844   4.962972    -6.67   0.000    -42.81569    -23.3612
        _Imonth_9 |  -46.04938   5.126369    -8.98   0.000    -56.09688   -36.00189
       _Imonth_10 |   -24.6674   3.712297    -6.64   0.000    -31.94337   -17.39143
       _Imonth_11 |   5.210661   3.764476     1.38   0.166    -2.167577     12.5889
       _Imonth_12 |  -12.09932   4.145374    -2.92   0.004     -20.2241   -3.974537
 _ImonXyea_2_2005 |  -.3694175   .8658513    -0.43   0.670    -2.066455     1.32762
 _ImonXyea_2_2006 |  -1.243166   1.140613    -1.09   0.276    -3.478726    .9923937
 _ImonXyea_2_2007 |          0  (omitted)
 _ImonXyea_3_2005 |   3.644915   1.157086     3.15   0.002     1.377067    5.912762
 _ImonXyea_3_2006 |          0  (omitted)
 _ImonXyea_3_2007 |          0  (omitted)
 _ImonXyea_4_2005 |  -.7010308   1.313243    -0.53   0.593     -3.27494    1.872878
 _ImonXyea_4_2006 |          0  (omitted)
 _ImonXyea_4_2007 |          0  (omitted)
 _ImonXyea_5_2005 |  -6.705317   1.445601    -4.64   0.000    -9.538643    -3.87199
 _ImonXyea_5_2006 |          0  (omitted)
 _ImonXyea_5_2007 |          0  (omitted)
 _ImonXyea_6_2005 |   3.758091   1.917403     1.96   0.050     .0000502    7.516131
 _ImonXyea_6_2006 |          0  (omitted)
 _ImonXyea_6_2007 |          0  (omitted)
 _ImonXyea_7_2005 |    6.08407   2.112403     2.88   0.004     1.943837     10.2243
 _ImonXyea_7_2006 |          0  (omitted)
 _ImonXyea_7_2007 |          0  (omitted)
 _ImonXyea_8_2005 |   2.720624   1.779627     1.53   0.126     -.767381    6.208628
 _ImonXyea_8_2006 |          0  (omitted)
 _ImonXyea_8_2007 |          0  (omitted)
 _ImonXyea_9_2005 |    4.26377   1.952278     2.18   0.029      .437375    8.090166
 _ImonXyea_9_2006 |          0  (omitted)
 _ImonXyea_9_2007 |          0  (omitted)
_ImonXyea_10_2005 |  -1.334622   1.842404    -0.72   0.469    -4.945666    2.276423
_ImonXyea_10_2006 |          0  (omitted)
_ImonXyea_10_2007 |          0  (omitted)
_ImonXyea_11_2005 |   3.570301   1.700266     2.10   0.036     .2378398    6.902761
_ImonXyea_11_2006 |          0  (omitted)
_ImonXyea_11_2007 |          0  (omitted)
_ImonXyea_12_2005 |   9.201228    1.80838     5.09   0.000     5.656869    12.74559
_ImonXyea_12_2006 |          0  (omitted)
_ImonXyea_12_2007 |          0  (omitted)
    _ImonXhou_2_2 |   .0329907   2.310667     0.01   0.989    -4.495833    4.561814
    _ImonXhou_2_3 |  -.1728021   2.356837    -0.07   0.942    -4.792117    4.446513
    _ImonXhou_2_4 |   2.807064   2.263402     1.24   0.215    -1.629122    7.243251
    _ImonXhou_2_5 |   2.315915   2.139482     1.08   0.279    -1.877393    6.509224
    _ImonXhou_2_6 |    2.15975   2.084808     1.04   0.300    -1.926398    6.245899
    _ImonXhou_2_7 |   2.879497   2.175786     1.32   0.186    -1.384966    7.143961
    _ImonXhou_2_8 |   1.715705   2.452004     0.70   0.484    -3.090136    6.521545
    _ImonXhou_2_9 |   1.142592   3.030884     0.38   0.706    -4.797832    7.083015
   _ImonXhou_2_10 |   3.544283   3.026687     1.17   0.242    -2.387915     9.47648
   _ImonXhou_2_11 |   2.901178   2.866844     1.01   0.312    -2.717734    8.520089
   _ImonXhou_2_12 |    2.23905   2.832306     0.79   0.429    -3.312168    7.790267
   _ImonXhou_2_13 |   2.716569   2.604536     1.04   0.297    -2.388228    7.821365
   _ImonXhou_2_14 |    1.94234   2.385699     0.81   0.416    -2.733545    6.618224
   _ImonXhou_2_15 |  -.5085337     2.3404    -0.22   0.828    -5.095634    4.078567
   _ImonXhou_2_16 |  -.3981825   2.416562    -0.16   0.869    -5.134557    4.338192
   _ImonXhou_2_17 |  -1.255644   2.426338    -0.52   0.605     -6.01118    3.499892
   _ImonXhou_2_18 |  -2.720744   2.462078    -1.11   0.269    -7.546328     2.10484
   _ImonXhou_2_19 |  -5.874644   2.429594    -2.42   0.016    -10.63656   -1.112728
   _ImonXhou_2_20 |  -2.720922   2.472934    -1.10   0.271    -7.567783    2.125939
   _ImonXhou_2_21 |  -.1217468   2.537331    -0.05   0.962    -5.094823     4.85133
   _ImonXhou_2_22 |   2.602139   2.554641     1.02   0.308    -2.404866    7.609145
   _ImonXhou_2_23 |  -1.756334   2.305009    -0.76   0.446    -6.274068    2.761401
   _ImonXhou_2_24 |  -2.582957   2.324134    -1.11   0.266    -7.138176    1.972261
    _ImonXhou_3_2 |   2.892803   2.701768     1.07   0.284    -2.402565     8.18817
    _ImonXhou_3_3 |    2.04392   2.521891     0.81   0.418    -2.898896    6.986736
    _ImonXhou_3_4 |   4.227663   2.538429     1.67   0.096    -.7475667    9.202893
    _ImonXhou_3_5 |   5.531792   2.505077     2.21   0.027     .6219303    10.44165
    _ImonXhou_3_6 |   5.574698   2.483967     2.24   0.025     .7062118    10.44318
    _ImonXhou_3_7 |   5.434919   2.418619     2.25   0.025     .6945115    10.17533
    _ImonXhou_3_8 |   2.710582   2.652332     1.02   0.307    -2.487893    7.909057
    _ImonXhou_3_9 |   5.849906   3.238505     1.81   0.071    -.4974463    12.19726
   _ImonXhou_3_10 |   9.673578   3.293316     2.94   0.003     3.218798    16.12836
   _ImonXhou_3_11 |   5.900059   3.229292     1.83   0.068    -.4292377    12.22936
   _ImonXhou_3_12 |   6.398213   3.280412     1.95   0.051    -.0312766     12.8277
   _ImonXhou_3_13 |   5.877623   3.086826     1.90   0.057    -.1724459    11.92769
   _ImonXhou_3_14 |   5.251367   2.854205     1.84   0.066    -.3427718     10.8455
   _ImonXhou_3_15 |   4.293294   2.789527     1.54   0.124    -1.174079    9.760668
   _ImonXhou_3_16 |   3.806449   2.828966     1.35   0.178    -1.738223    9.351121
   _ImonXhou_3_17 |   4.565868   2.785145     1.64   0.101    -.8929161    10.02465
   _ImonXhou_3_18 |   2.023031   2.860548     0.71   0.479    -3.583541    7.629603
   _ImonXhou_3_19 |  -3.045256   2.832833    -1.07   0.282    -8.597507    2.506994
   _ImonXhou_3_20 |  -2.915495   3.084718    -0.95   0.345    -8.961431    3.130442
   _ImonXhou_3_21 |   .8763705   3.012923     0.29   0.771     -5.02885    6.781591
   _ImonXhou_3_22 |   6.955134   2.952802     2.36   0.019     1.167748    12.74252
   _ImonXhou_3_23 |   2.513479   2.943228     0.85   0.393    -3.255142      8.2821
   _ImonXhou_3_24 |  -.8624506   2.928172    -0.29   0.768    -6.601562    4.876661
    _ImonXhou_4_2 |   1.833635   2.175804     0.84   0.399    -2.430863    6.098132
    _ImonXhou_4_3 |    1.85688   2.140712     0.87   0.386    -2.338838    6.052598
    _ImonXhou_4_4 |   5.200712   2.024867     2.57   0.010     1.232046    9.169379
    _ImonXhou_4_5 |   6.239664   1.967769     3.17   0.002     2.382908    10.09642
    _ImonXhou_4_6 |   6.927754   1.982342     3.49   0.000     3.042434    10.81307
    _ImonXhou_4_7 |    5.90532   1.980754     2.98   0.003     2.023114    9.787527
    _ImonXhou_4_8 |   4.482671    2.22703     2.01   0.044     .1177725    8.847569
    _ImonXhou_4_9 |   3.666525   2.692242     1.36   0.173    -1.610173    8.943224
   _ImonXhou_4_10 |    4.19491   2.719546     1.54   0.123    -1.135303    9.525123
   _ImonXhou_4_11 |   2.104099   2.646103     0.80   0.427    -3.082168    7.290366
   _ImonXhou_4_12 |   1.659087   2.622619     0.63   0.527    -3.481152    6.799326
   _ImonXhou_4_13 |   2.626155   2.404258     1.09   0.275    -2.086104    7.338414
   _ImonXhou_4_14 |   2.083888    2.21688     0.94   0.347    -2.261117    6.428894
   _ImonXhou_4_15 |   1.890503   2.231374     0.85   0.397    -2.482909    6.263915
   _ImonXhou_4_16 |   2.803013   2.288948     1.22   0.221    -1.683243     7.28927
   _ImonXhou_4_17 |   2.121531   2.235145     0.95   0.343    -2.259274    6.502335
   _ImonXhou_4_18 |   .4524122   2.351882     0.19   0.847    -4.157192    5.062016
   _ImonXhou_4_19 |  -5.260677    2.35347    -2.24   0.025    -9.873394   -.6479598
   _ImonXhou_4_20 |  -13.31904   2.399412    -5.55   0.000    -18.02181   -8.616283
   _ImonXhou_4_21 |  -10.80628   2.376418    -4.55   0.000    -15.46398   -6.148589
   _ImonXhou_4_22 |    2.79303   2.415347     1.16   0.248    -1.940964    7.527024
   _ImonXhou_4_23 |  -1.526732   2.347421    -0.65   0.515    -6.127592    3.074128
   _ImonXhou_4_24 |  -7.317302   2.374787    -3.08   0.002     -11.9718   -2.662805
    _ImonXhou_5_2 |   2.581966   2.292097     1.13   0.260    -1.910461    7.074393
    _ImonXhou_5_3 |   3.911634   2.244709     1.74   0.081    -.4879151    8.311182
    _ImonXhou_5_4 |    6.91494   2.169078     3.19   0.001     2.663625    11.16626
    _ImonXhou_5_5 |   8.742464   2.116379     4.13   0.000     4.594438    12.89049
    _ImonXhou_5_6 |   9.323653   2.110176     4.42   0.000     5.187784    13.45952
    _ImonXhou_5_7 |   6.947392   2.090592     3.32   0.001     2.849907    11.04488
    _ImonXhou_5_8 |   4.536529   2.317024     1.96   0.050    -.0047538    9.077812
    _ImonXhou_5_9 |   5.348638   2.865417     1.87   0.062    -.2674748    10.96475
   _ImonXhou_5_10 |   4.205051   2.831308     1.49   0.137    -1.344212    9.754313
   _ImonXhou_5_11 |   1.641601   2.776075     0.59   0.554    -3.799407    7.082608
   _ImonXhou_5_12 |    1.36599   2.840049     0.48   0.631    -4.200403    6.932384
   _ImonXhou_5_13 |   1.986381   2.561863     0.78   0.438    -3.034778     7.00754
   _ImonXhou_5_14 |   2.242406   2.400137     0.93   0.350    -2.461776    6.946587
   _ImonXhou_5_15 |   2.583747   2.541118     1.02   0.309    -2.396753    7.564246
   _ImonXhou_5_16 |    3.85874   2.503241     1.54   0.123    -1.047523    8.765002
   _ImonXhou_5_17 |   3.774094   2.457169     1.54   0.125    -1.041869    8.590057
   _ImonXhou_5_18 |   1.578092   2.537874     0.62   0.534     -3.39605    6.552234
   _ImonXhou_5_19 |  -3.252328   2.512594    -1.29   0.196    -8.176921    1.672266
   _ImonXhou_5_20 |  -11.79205    2.52627    -4.67   0.000    -16.74345   -6.840652
   _ImonXhou_5_21 |  -13.01119   2.460092    -5.29   0.000    -17.83288   -8.189497
   _ImonXhou_5_22 |  -.7836879   2.428122    -0.32   0.747    -5.542719    3.975343
   _ImonXhou_5_23 |  -.5646823   2.595119    -0.22   0.828    -5.651023    4.521658
   _ImonXhou_5_24 |  -6.318426    2.51729    -2.51   0.012    -11.25222   -1.384629
    _ImonXhou_6_2 |   2.478078    2.56696     0.97   0.334    -2.553071    7.509228
    _ImonXhou_6_3 |   3.574144   2.511951     1.42   0.155    -1.349189    8.497477
    _ImonXhou_6_4 |   7.699302   2.442586     3.15   0.002     2.911921    12.48668
    _ImonXhou_6_5 |   9.721422   2.403332     4.04   0.000     5.010977    14.43187
    _ImonXhou_6_6 |   11.00805   2.401397     4.58   0.000     6.301401     15.7147
    _ImonXhou_6_7 |   8.097089   2.349286     3.45   0.001     3.492572    12.70161
    _ImonXhou_6_8 |   4.934309   2.578492     1.91   0.056    -.1194427     9.98806
    _ImonXhou_6_9 |   10.47241   3.302131     3.17   0.002     4.000355    16.94447
   _ImonXhou_6_10 |   13.15383   3.260713     4.03   0.000      6.76295    19.54471
   _ImonXhou_6_11 |   11.94831   3.253741     3.67   0.000     5.571095    18.32552
   _ImonXhou_6_12 |   13.71801   3.420623     4.01   0.000     7.013712    20.42231
   _ImonXhou_6_13 |   14.59254   3.177118     4.59   0.000       8.3655    20.81957
   _ImonXhou_6_14 |   18.07859   3.073011     5.88   0.000      12.0556    24.10158
   _ImonXhou_6_15 |   15.71037   3.180667     4.94   0.000     9.476378    21.94436
   _ImonXhou_6_16 |   15.51461   3.123573     4.97   0.000     9.392522     21.6367
   _ImonXhou_6_17 |   15.96244     3.1365     5.09   0.000     9.815012    22.10987
   _ImonXhou_6_18 |   15.71039   3.426836     4.58   0.000     8.993919    22.42687
   _ImonXhou_6_19 |   7.471561   3.079948     2.43   0.015     1.434973    13.50815
   _ImonXhou_6_20 |  -.5358601   2.985138    -0.18   0.858    -6.386623    5.314903
   _ImonXhou_6_21 |  -5.792653   2.777449    -2.09   0.037    -11.23635   -.3489542
   _ImonXhou_6_22 |   2.645672   2.767321     0.96   0.339    -2.778179    8.069522
   _ImonXhou_6_23 |   7.055868   2.864449     2.46   0.014     1.441652    12.67008
   _ImonXhou_6_24 |  -2.115281   2.888762    -0.73   0.464     -7.77715    3.546588
    _ImonXhou_7_2 |   4.343424   2.826143     1.54   0.124    -1.195714    9.882562
    _ImonXhou_7_3 |   4.451221   2.714367     1.64   0.101    -.8688406    9.771282
    _ImonXhou_7_4 |   9.795261   2.669065     3.67   0.000     4.563989    15.02653
    _ImonXhou_7_5 |   12.08247   2.662323     4.54   0.000     6.864409    17.30052
    _ImonXhou_7_6 |   13.36606   2.647026     5.05   0.000     8.177982    18.55413
    _ImonXhou_7_7 |   9.404161   2.583207     3.64   0.000     4.341168    14.46715
    _ImonXhou_7_8 |    5.88282   2.827752     2.08   0.037     .3405272    11.42511
    _ImonXhou_7_9 |   7.476509   3.509982     2.13   0.033       .59707    14.35595
   _ImonXhou_7_10 |   9.819279   3.521937     2.79   0.005      2.91641    16.72215
   _ImonXhou_7_11 |   9.951446   3.542941     2.81   0.005     3.007408    16.89548
   _ImonXhou_7_12 |    10.7275   3.700449     2.90   0.004     3.474756    17.98025
   _ImonXhou_7_13 |   13.80494    3.44504     4.01   0.000     7.052784    20.55709
   _ImonXhou_7_14 |   14.45453   3.214391     4.50   0.000     8.154442    20.75462
   _ImonXhou_7_15 |   13.05384   3.167942     4.12   0.000     6.844788    19.26289
   _ImonXhou_7_16 |   15.90998   3.155833     5.04   0.000     9.724666     22.0953
   _ImonXhou_7_17 |   11.34323   3.208285     3.54   0.000     5.055112    17.63136
   _ImonXhou_7_18 |   11.64731   3.365056     3.46   0.001      5.05192     18.2427
   _ImonXhou_7_19 |    5.94325   3.394539     1.75   0.080    -.7099237    12.59642
   _ImonXhou_7_20 |  -4.188368   3.221826    -1.30   0.194    -10.50303    2.126295
   _ImonXhou_7_21 |  -7.638081   3.041367    -2.51   0.012    -13.59905   -1.677111
   _ImonXhou_7_22 |  -.6361465   3.045668    -0.21   0.835    -6.605547    5.333254
   _ImonXhou_7_23 |   5.946443   3.171563     1.87   0.061    -.2697063    12.16259
   _ImonXhou_7_24 |  -4.308305   3.171851    -1.36   0.174    -10.52502    1.908409
    _ImonXhou_8_2 |   5.847211   3.324992     1.76   0.079    -.6696524    12.36408
    _ImonXhou_8_3 |   6.343099   3.232248     1.96   0.050     .0080094    12.67819
    _ImonXhou_8_4 |   12.53061   3.298912     3.80   0.000     6.064859    18.99636
    _ImonXhou_8_5 |   14.70751   3.257317     4.52   0.000     8.323289    21.09174
    _ImonXhou_8_6 |   15.62417   3.227036     4.84   0.000     9.299292    21.94904
    _ImonXhou_8_7 |   10.57163   3.042993     3.47   0.001     4.607478    16.53579
    _ImonXhou_8_8 |   5.831941   3.401069     1.71   0.086    -.8340319    12.49791
    _ImonXhou_8_9 |   3.899605   4.178845     0.93   0.351     -4.29078    12.08999
   _ImonXhou_8_10 |   5.704659   4.258857     1.34   0.180    -2.642548    14.05187
   _ImonXhou_8_11 |   3.272547   4.130473     0.79   0.428    -4.823031    11.36813
   _ImonXhou_8_12 |   6.348597   4.500673     1.41   0.158    -2.472561    15.16975
   _ImonXhou_8_13 |   8.295221   4.284339     1.94   0.053    -.1019282    16.69237
   _ImonXhou_8_14 |   14.67041   4.118798     3.56   0.000     6.597713    22.74311
   _ImonXhou_8_15 |   7.779297   3.793021     2.05   0.040     .3451129    15.21348
   _ImonXhou_8_16 |   8.986856   3.811144     2.36   0.018     1.517152    16.45656
   _ImonXhou_8_17 |   6.261138   3.676571     1.70   0.089    -.9448096    13.46709
   _ImonXhou_8_18 |   6.623068   4.155169     1.59   0.111    -1.520914    14.76705
   _ImonXhou_8_19 |  -1.293984   4.193446    -0.31   0.758    -9.512988    6.925019
   _ImonXhou_8_20 |  -10.16407   3.971946    -2.56   0.010    -17.94894   -2.379199
   _ImonXhou_8_21 |  -13.82561   3.711966    -3.72   0.000    -21.10093   -6.550289
   _ImonXhou_8_22 |   1.456305   4.041478     0.36   0.719    -6.464845    9.377456
   _ImonXhou_8_23 |     1.8611   3.874855     0.48   0.631    -5.733476    9.455677
   _ImonXhou_8_24 |   -8.32509   3.834421    -2.17   0.030    -15.84042   -.8097639
    _ImonXhou_9_2 |   5.162104   3.280587     1.57   0.116    -1.267729    11.59194
    _ImonXhou_9_3 |   4.686446   3.147456     1.49   0.136    -1.482454    10.85535
    _ImonXhou_9_4 |   11.18524    3.14769     3.55   0.000     5.015885     17.3546
    _ImonXhou_9_5 |   13.16486   3.085379     4.27   0.000     7.117631    19.21209
    _ImonXhou_9_6 |   14.93159   3.141927     4.75   0.000      8.77353    21.08966
    _ImonXhou_9_7 |   10.66248   2.951593     3.61   0.000     4.877461    16.44749
    _ImonXhou_9_8 |   12.61825   3.318076     3.80   0.000     6.114936    19.12155
    _ImonXhou_9_9 |   11.95609   4.085524     2.93   0.003     3.948607    19.96357
   _ImonXhou_9_10 |   12.44758   4.080557     3.05   0.002     4.449834    20.44532
   _ImonXhou_9_11 |   10.64509   4.009002     2.66   0.008      2.78759    18.50259
   _ImonXhou_9_12 |   12.86976   4.415883     2.91   0.004     4.214787    21.52473
   _ImonXhou_9_13 |   15.94599   4.028485     3.96   0.000     8.050306    23.84168
   _ImonXhou_9_14 |   15.21066   3.718805     4.09   0.000     7.921938    22.49938
   _ImonXhou_9_15 |   10.81304   3.672988     2.94   0.003     3.614121    18.01197
   _ImonXhou_9_16 |    14.4189   3.719487     3.88   0.000     7.128842    21.70896
   _ImonXhou_9_17 |   13.54547   3.787923     3.58   0.000     6.121273    20.96966
   _ImonXhou_9_18 |   13.11083   4.162012     3.15   0.002     4.953439    21.26823
   _ImonXhou_9_19 |    6.04489   3.869473     1.56   0.118    -1.539138    13.62892
   _ImonXhou_9_20 |  -3.053849   3.765827    -0.81   0.417    -10.43473    4.327036
   _ImonXhou_9_21 |   .4114554   3.709448     0.11   0.912     -6.85893    7.681841
   _ImonXhou_9_22 |   17.64036   3.816026     4.62   0.000     10.16108    25.11963
   _ImonXhou_9_23 |   4.219485   3.828283     1.10   0.270    -3.283812    11.72278
   _ImonXhou_9_24 |   -9.28457   3.701654    -2.51   0.012    -16.53968   -2.029462
   _ImonXhou_10_2 |   5.862402   3.237518     1.81   0.070    -.4830168    12.20782
   _ImonXhou_10_3 |    5.14776   3.062348     1.68   0.093    -.8543317    11.14985
   _ImonXhou_10_4 |   11.23253   3.135535     3.58   0.000     5.086995    17.37806
   _ImonXhou_10_5 |   14.08444   3.128415     4.50   0.000     7.952856    20.21602
   _ImonXhou_10_6 |   15.15519   3.144258     4.82   0.000      8.99256    21.31783
   _ImonXhou_10_7 |   11.88788   2.936618     4.05   0.000     6.132219    17.64355
   _ImonXhou_10_8 |   15.70866   3.413535     4.60   0.000     9.018257    22.39907
   _ImonXhou_10_9 |   15.65616   4.151651     3.77   0.000     7.519072    23.79325
  _ImonXhou_10_10 |   11.31655   4.070295     2.78   0.005     3.338913    19.29418
  _ImonXhou_10_11 |   8.437473   4.001706     2.11   0.035     .5942729    16.28067
  _ImonXhou_10_12 |   8.947341   4.158164     2.15   0.031     .7974893    17.09719
  _ImonXhou_10_13 |   9.581842   3.720472     2.58   0.010     2.289851    16.87383
  _ImonXhou_10_14 |   9.867171   3.415376     2.89   0.004     3.173158    16.56118
  _ImonXhou_10_15 |   6.482783   3.608216     1.80   0.072    -.5891902    13.55476
  _ImonXhou_10_16 |   7.732762   3.570167     2.17   0.030     .7353626    14.73016
  _ImonXhou_10_17 |   8.453257   3.537905     2.39   0.017      1.51909    15.38742
  _ImonXhou_10_18 |   7.075442   3.663245     1.93   0.053    -.1043859    14.25527
  _ImonXhou_10_19 |   .3632643   3.684697     0.10   0.921     -6.85861    7.585139
  _ImonXhou_10_20 |  -.9951215   3.797533    -0.26   0.793     -8.43815    6.447907
  _ImonXhou_10_21 |   5.918964   3.882413     1.52   0.127    -1.690425    13.52835
  _ImonXhou_10_22 |    9.18257   3.493512     2.63   0.009     2.335413    16.02973
  _ImonXhou_10_23 |    1.16872   3.758444     0.31   0.756    -6.197694    8.535135
  _ImonXhou_10_24 |  -7.497596   3.737376    -2.01   0.045    -14.82272   -.1724736
   _ImonXhou_11_2 |   .5189858   2.632953     0.20   0.844    -4.641508     5.67948
   _ImonXhou_11_3 |   .4133282   2.565902     0.16   0.872    -4.615748    5.442404
   _ImonXhou_11_4 |   3.552597   2.477002     1.43   0.152    -1.302238    8.407433
   _ImonXhou_11_5 |   5.514212   2.439052     2.26   0.024     .7337569    10.29467
   _ImonXhou_11_6 |   6.616677   2.461453     2.69   0.007     1.792319    11.44104
   _ImonXhou_11_7 |   4.805505   2.401507     2.00   0.045     .0986386    9.512371
   _ImonXhou_11_8 |    5.37434   2.740269     1.96   0.050     .0035112    10.74517
   _ImonXhou_11_9 |   6.236668   3.350997     1.86   0.063    -.3311666     12.8045
  _ImonXhou_11_10 |    6.71139   3.346492     2.01   0.045     .1523855    13.27039
  _ImonXhou_11_11 |   5.155087   3.275476     1.57   0.116    -1.264729     11.5749
  _ImonXhou_11_12 |   4.576063   3.394829     1.35   0.178    -2.077679    11.22981
  _ImonXhou_11_13 |   3.361739   2.979625     1.13   0.259    -2.478219    9.201698
  _ImonXhou_11_14 |   3.869097   2.738464     1.41   0.158    -1.498195    9.236388
  _ImonXhou_11_15 |   .7283133   2.729417     0.27   0.790    -4.621246    6.077873
  _ImonXhou_11_16 |   2.619268    2.81754     0.93   0.353    -2.903009    8.141545
  _ImonXhou_11_17 |    3.41826   2.818576     1.21   0.225    -2.106048    8.942568
  _ImonXhou_11_18 |   2.945717   2.843029     1.04   0.300    -2.626518    8.517951
  _ImonXhou_11_19 |   6.622143   3.107692     2.13   0.033     .5311787    12.71311
  _ImonXhou_11_20 |   3.236872   3.019505     1.07   0.284    -2.681249    9.154993
  _ImonXhou_11_21 |  -.5461062   2.988667    -0.18   0.855    -6.403786    5.311573
  _ImonXhou_11_22 |   1.991914   2.829574     0.70   0.481     -3.55395    7.537777
  _ImonXhou_11_23 |  -1.655409   2.777399    -0.60   0.551    -7.099011    3.788192
  _ImonXhou_11_24 |  -3.299408   2.830016    -1.17   0.244    -8.846138    2.247323
   _ImonXhou_12_2 |  -2.787979   2.548233    -1.09   0.274    -7.782425    2.206466
   _ImonXhou_12_3 |  -6.284415   2.371022    -2.65   0.008    -10.93153   -1.637298
   _ImonXhou_12_4 |  -4.233895   2.217861    -1.91   0.056    -8.580823    .1130336
   _ImonXhou_12_5 |  -3.952622   2.125477    -1.86   0.063     -8.11848    .2132363
   _ImonXhou_12_6 |  -4.176972   2.110142    -1.98   0.048    -8.312774   -.0411706
   _ImonXhou_12_7 |  -4.975813   2.289171    -2.17   0.030    -9.462507   -.4891203
   _ImonXhou_12_8 |   -4.55689   2.784294    -1.64   0.102    -10.01401    .9002255
   _ImonXhou_12_9 |  -4.595765   3.396934    -1.35   0.176    -11.25363    2.062104
  _ImonXhou_12_10 |  -3.357652   3.387391    -0.99   0.322    -9.996816    3.281513
  _ImonXhou_12_11 |  -.2598314   3.189654    -0.08   0.935    -6.511438    5.991776
  _ImonXhou_12_12 |   .7584153    3.15213     0.24   0.810    -5.419645    6.936476
  _ImonXhou_12_13 |  -1.852916   2.715599    -0.68   0.495    -7.175392    3.469561
  _ImonXhou_12_14 |    -2.0811   2.640357    -0.79   0.431    -7.256106    3.093905
  _ImonXhou_12_15 |  -4.333114    2.40684    -1.80   0.072    -9.050433    .3842051
  _ImonXhou_12_16 |  -3.677949   2.560712    -1.44   0.151    -8.696852    1.340954
  _ImonXhou_12_17 |  -3.982716   2.583339    -1.54   0.123    -9.045967    1.080536
  _ImonXhou_12_18 |  -.1792693    2.77972    -0.06   0.949     -5.62742    5.268881
  _ImonXhou_12_19 |   2.534231   2.670669     0.95   0.343    -2.700183    7.768645
  _ImonXhou_12_20 |  -4.315328   2.670495    -1.62   0.106    -9.549402    .9187468
  _ImonXhou_12_21 |   -5.50311   2.780298    -1.98   0.048    -10.95239   -.0538257
  _ImonXhou_12_22 |  -1.800412   2.697173    -0.67   0.504    -7.086774     3.48595
  _ImonXhou_12_23 |  -5.192578   2.602798    -1.99   0.046    -10.29397   -.0911883
  _ImonXhou_12_24 |    -4.0478   2.529498    -1.60   0.110    -9.005524     .909924
     _ImonXtemp_2 |  -2.765386   .2549665   -10.85   0.000    -3.265111   -2.265661
     _ImonXtemp_3 |  -3.261287   .2645194   -12.33   0.000    -3.779736   -2.742839
     _ImonXtemp_4 |  -.8850746   .1801084    -4.91   0.000    -1.238081   -.5320686
     _ImonXtemp_5 |  -2.044655   .2073492    -9.86   0.000    -2.451051   -1.638258
     _ImonXtemp_6 |   2.065181   .3485986     5.92   0.000      1.38194    2.748421
     _ImonXtemp_7 |   .9168588   .2335316     3.93   0.000     .4591453    1.374572
     _ImonXtemp_8 |   .2253637   .2046729     1.10   0.271    -.1757878    .6265151
     _ImonXtemp_9 |  -.2938704   .2004815    -1.47   0.143    -.6868069     .099066
    _ImonXtemp_10 |  -.6959029   .2013117    -3.46   0.001    -1.090467   -.3013391
    _ImonXtemp_11 |   -1.87464   .1565244   -11.98   0.000    -2.181422   -1.567858
    _ImonXtemp_12 |  -.7451698   .2484523    -3.00   0.003    -1.232127   -.2582122
     _ImonXtempa2 |   1.856773    .231355     8.03   0.000     1.403326    2.310221
     _ImonXtempa3 |   2.237428   .2326892     9.62   0.000     1.781366     2.69349
     _ImonXtempa4 |   1.132423   .1740235     6.51   0.000     .7913434    1.473503
     _ImonXtempa5 |   2.053536   .2040892    10.06   0.000     1.653529    2.453544
     _ImonXtempa6 |    .224724   .2537618     0.89   0.376      -.27264     .722088
     _ImonXtempa7 |   .2962254   .2081502     1.42   0.155    -.1117414    .7041922
     _ImonXtempa8 |   .8061783     .17815     4.53   0.000     .4570108    1.155346
     _ImonXtempa9 |   1.623135   .1964122     8.26   0.000     1.238174    2.008096
    _ImonXtempa10 |   1.287539    .172643     7.46   0.000      .949165    1.625913
    _ImonXtempa11 |   .5914984   .1833276     3.23   0.001     .2321829    .9508139
    _ImonXtempa12 |   1.564609   .2650382     5.90   0.000     1.045143    2.084074
            _cons |   4.169171   7.942751     0.52   0.600    -11.39834    19.73668
-----------------------------------------------------------------------------------
Instrumented:  ecost2
Instruments:   windx windx2 temp tempx humid 2.hour#c.coal 3.hour#c.coal
               4.hour#c.coal 5.hour#c.coal 6.hour#c.coal 7.hour#c.coal
               8.hour#c.coal 9.hour#c.coal 10.hour#c.coal 11.hour#c.coal
               12.hour#c.coal 13.hour#c.coal 14.hour#c.coal 15.hour#c.coal
               16.hour#c.coal 17.hour#c.coal 18.hour#c.coal 19.hour#c.coal
               20.hour#c.coal 21.hour#c.coal 22.hour#c.coal 23.hour#c.coal
               24.hour#c.coal 2.hour#c.gas 3.hour#c.gas 4.hour#c.gas 5.hour#c.gas
               6.hour#c.gas 7.hour#c.gas 8.hour#c.gas 9.hour#c.gas 10.hour#c.gas
               11.hour#c.gas 12.hour#c.gas 13.hour#c.gas 14.hour#c.gas
               15.hour#c.gas 16.hour#c.gas 17.hour#c.gas 18.hour#c.gas
               19.hour#c.gas 20.hour#c.gas 21.hour#c.gas 22.hour#c.gas
               23.hour#c.gas 24.hour#c.gas 2.hour#c.brent 3.hour#c.brent
               4.hour#c.brent 5.hour#c.brent 6.hour#c.brent 7.hour#c.brent
               8.hour#c.brent 9.hour#c.brent 10.hour#c.brent 11.hour#c.brent
               12.hour#c.brent 13.hour#c.brent 14.hour#c.brent 15.hour#c.brent
               16.hour#c.brent 17.hour#c.brent 18.hour#c.brent 19.hour#c.brent
               20.hour#c.brent 21.hour#c.brent 22.hour#c.brent 23.hour#c.brent
               24.hour#c.brent coal gas brent _Ihour_2 _Ihour_3 _Ihour_4 _Ihour_5
               _Ihour_6 _Ihour_7 _Ihour_8 _Ihour_9 _Ihour_10 _Ihour_11 _Ihour_12
               _Ihour_13 _Ihour_14 _Ihour_15 _Ihour_16 _Ihour_17 _Ihour_18
               _Ihour_19 _Ihour_20 _Ihour_21 _Ihour_22 _Ihour_23 _Ihour_24
               _Iyear_2005 _Iyear_2006 _Iweekd_2 _Iweekd_3 _Iweekd_4 _Iweekd_5
               _Iweekd_6 _Iweekd_7 _Imonth_2 _Imonth_3 _Imonth_4 _Imonth_5
               _Imonth_6 _Imonth_7 _Imonth_8 _Imonth_9 _Imonth_10 _Imonth_11
               _Imonth_12 _ImonXyea_2_2005 _ImonXyea_2_2006 _ImonXyea_3_2005
               _ImonXyea_4_2005 _ImonXyea_5_2005 _ImonXyea_6_2005
               _ImonXyea_7_2005 _ImonXyea_8_2005 _ImonXyea_9_2005
               _ImonXyea_10_2005 _ImonXyea_11_2005 _ImonXyea_12_2005
               _ImonXhou_2_2 _ImonXhou_2_3 _ImonXhou_2_4 _ImonXhou_2_5
               _ImonXhou_2_6 _ImonXhou_2_7 _ImonXhou_2_8 _ImonXhou_2_9
               _ImonXhou_2_10 _ImonXhou_2_11 _ImonXhou_2_12 _ImonXhou_2_13
               _ImonXhou_2_14 _ImonXhou_2_15 _ImonXhou_2_16 _ImonXhou_2_17
               _ImonXhou_2_18 _ImonXhou_2_19 _ImonXhou_2_20 _ImonXhou_2_21
               _ImonXhou_2_22 _ImonXhou_2_23 _ImonXhou_2_24 _ImonXhou_3_2
               _ImonXhou_3_3 _ImonXhou_3_4 _ImonXhou_3_5 _ImonXhou_3_6
               _ImonXhou_3_7 _ImonXhou_3_8 _ImonXhou_3_9 _ImonXhou_3_10
               _ImonXhou_3_11 _ImonXhou_3_12 _ImonXhou_3_13 _ImonXhou_3_14
               _ImonXhou_3_15 _ImonXhou_3_16 _ImonXhou_3_17 _ImonXhou_3_18
               _ImonXhou_3_19 _ImonXhou_3_20 _ImonXhou_3_21 _ImonXhou_3_22
               _ImonXhou_3_23 _ImonXhou_3_24 _ImonXhou_4_2 _ImonXhou_4_3
               _ImonXhou_4_4 _ImonXhou_4_5 _ImonXhou_4_6 _ImonXhou_4_7
               _ImonXhou_4_8 _ImonXhou_4_9 _ImonXhou_4_10 _ImonXhou_4_11
               _ImonXhou_4_12 _ImonXhou_4_13 _ImonXhou_4_14 _ImonXhou_4_15
               _ImonXhou_4_16 _ImonXhou_4_17 _ImonXhou_4_18 _ImonXhou_4_19
               _ImonXhou_4_20 _ImonXhou_4_21 _ImonXhou_4_22 _ImonXhou_4_23
               _ImonXhou_4_24 _ImonXhou_5_2 _ImonXhou_5_3 _ImonXhou_5_4
               _ImonXhou_5_5 _ImonXhou_5_6 _ImonXhou_5_7 _ImonXhou_5_8
               _ImonXhou_5_9 _ImonXhou_5_10 _ImonXhou_5_11 _ImonXhou_5_12
               _ImonXhou_5_13 _ImonXhou_5_14 _ImonXhou_5_15 _ImonXhou_5_16
               _ImonXhou_5_17 _ImonXhou_5_18 _ImonXhou_5_19 _ImonXhou_5_20
               _ImonXhou_5_21 _ImonXhou_5_22 _ImonXhou_5_23 _ImonXhou_5_24
               _ImonXhou_6_2 _ImonXhou_6_3 _ImonXhou_6_4 _ImonXhou_6_5
               _ImonXhou_6_6 _ImonXhou_6_7 _ImonXhou_6_8 _ImonXhou_6_9
               _ImonXhou_6_10 _ImonXhou_6_11 _ImonXhou_6_12 _ImonXhou_6_13
               _ImonXhou_6_14 _ImonXhou_6_15 _ImonXhou_6_16 _ImonXhou_6_17
               _ImonXhou_6_18 _ImonXhou_6_19 _ImonXhou_6_20 _ImonXhou_6_21
               _ImonXhou_6_22 _ImonXhou_6_23 _ImonXhou_6_24 _ImonXhou_7_2
               _ImonXhou_7_3 _ImonXhou_7_4 _ImonXhou_7_5 _ImonXhou_7_6
               _ImonXhou_7_7 _ImonXhou_7_8 _ImonXhou_7_9 _ImonXhou_7_10
               _ImonXhou_7_11 _ImonXhou_7_12 _ImonXhou_7_13 _ImonXhou_7_14
               _ImonXhou_7_15 _ImonXhou_7_16 _ImonXhou_7_17 _ImonXhou_7_18
               _ImonXhou_7_19 _ImonXhou_7_20 _ImonXhou_7_21 _ImonXhou_7_22
               _ImonXhou_7_23 _ImonXhou_7_24 _ImonXhou_8_2 _ImonXhou_8_3
               _ImonXhou_8_4 _ImonXhou_8_5 _ImonXhou_8_6 _ImonXhou_8_7
               _ImonXhou_8_8 _ImonXhou_8_9 _ImonXhou_8_10 _ImonXhou_8_11
               _ImonXhou_8_12 _ImonXhou_8_13 _ImonXhou_8_14 _ImonXhou_8_15
               _ImonXhou_8_16 _ImonXhou_8_17 _ImonXhou_8_18 _ImonXhou_8_19
               _ImonXhou_8_20 _ImonXhou_8_21 _ImonXhou_8_22 _ImonXhou_8_23
               _ImonXhou_8_24 _ImonXhou_9_2 _ImonXhou_9_3 _ImonXhou_9_4
               _ImonXhou_9_5 _ImonXhou_9_6 _ImonXhou_9_7 _ImonXhou_9_8
               _ImonXhou_9_9 _ImonXhou_9_10 _ImonXhou_9_11 _ImonXhou_9_12
               _ImonXhou_9_13 _ImonXhou_9_14 _ImonXhou_9_15 _ImonXhou_9_16
               _ImonXhou_9_17 _ImonXhou_9_18 _ImonXhou_9_19 _ImonXhou_9_20
               _ImonXhou_9_21 _ImonXhou_9_22 _ImonXhou_9_23 _ImonXhou_9_24
               _ImonXhou_10_2 _ImonXhou_10_3 _ImonXhou_10_4 _ImonXhou_10_5
               _ImonXhou_10_6 _ImonXhou_10_7 _ImonXhou_10_8 _ImonXhou_10_9
               _ImonXhou_10_10 _ImonXhou_10_11 _ImonXhou_10_12 _ImonXhou_10_13
               _ImonXhou_10_14 _ImonXhou_10_15 _ImonXhou_10_16 _ImonXhou_10_17
               _ImonXhou_10_18 _ImonXhou_10_19 _ImonXhou_10_20 _ImonXhou_10_21
               _ImonXhou_10_22 _ImonXhou_10_23 _ImonXhou_10_24 _ImonXhou_11_2
               _ImonXhou_11_3 _ImonXhou_11_4 _ImonXhou_11_5 _ImonXhou_11_6
               _ImonXhou_11_7 _ImonXhou_11_8 _ImonXhou_11_9 _ImonXhou_11_10
               _ImonXhou_11_11 _ImonXhou_11_12 _ImonXhou_11_13 _ImonXhou_11_14
               _ImonXhou_11_15 _ImonXhou_11_16 _ImonXhou_11_17 _ImonXhou_11_18
               _ImonXhou_11_19 _ImonXhou_11_20 _ImonXhou_11_21 _ImonXhou_11_22
               _ImonXhou_11_23 _ImonXhou_11_24 _ImonXhou_12_2 _ImonXhou_12_3
               _ImonXhou_12_4 _ImonXhou_12_5 _ImonXhou_12_6 _ImonXhou_12_7
               _ImonXhou_12_8 _ImonXhou_12_9 _ImonXhou_12_10 _ImonXhou_12_11
               _ImonXhou_12_12 _ImonXhou_12_13 _ImonXhou_12_14 _ImonXhou_12_15
               _ImonXhou_12_16 _ImonXhou_12_17 _ImonXhou_12_18 _ImonXhou_12_19
               _ImonXhou_12_20 _ImonXhou_12_21 _ImonXhou_12_22 _ImonXhou_12_23
               _ImonXhou_12_24 _ImonXtemp_2 _ImonXtemp_3 _ImonXtemp_4
               _ImonXtemp_5 _ImonXtemp_6 _ImonXtemp_7 _ImonXtemp_8 _ImonXtemp_9
               _ImonXtemp_10 _ImonXtemp_11 _ImonXtemp_12 _ImonXtempa2
               _ImonXtempa3 _ImonXtempa4 _ImonXtempa5 _ImonXtempa6 _ImonXtempa7
               _ImonXtempa8 _ImonXtempa9 _ImonXtempa10 _ImonXtempa11
               _ImonXtempa12 eprice

. estimates store spec5

. estat firststage

  First-stage regression summary statistics
  --------------------------------------------------------------------------
               |            Adjusted      Partial       Robust
      Variable |   R-sq.       R-sq.        R-sq.    F(1,15778)   Prob > F
  -------------+------------------------------------------------------------
        ecost2 |  0.7886      0.7832       0.0191       118.271    0.0000
  --------------------------------------------------------------------------


. mat ftest5 = r(singleresults)

. 
. restore

. 
. log close
      name:  <unnamed>
       log:  /Volumes/Dades/Dropbox/PROJECTS/internalization2/submission/FINAL SUBMISSION/20130186_data/t
> ables/table_cost_pt_base.log
  log type:  text
 closed on:  26 May 2014, 22:43:39
---------------------------------------------------------------------------------------------------------
