year,month,day,hour,firm_code,id,price,mwh,erate,direction,accepted,rejected,mg_cost
2005,6,9,1,3,1001,0,180,1.12757,2,1,0,0
2005,6,9,1,3,1001,31.25,30,1.12757,2,1,0,42.972686
2005,6,9,1,3,1001,32.48,30,1.12757,2,1,0,42.972686
2005,6,9,1,3,1001,36.48,50,1.12757,2,1,0,42.972686
2005,6,9,1,3,1001,39.48,40,1.12757,2,1,0,42.972686
2005,6,9,1,3,1001,180.3,20,1.12757,2,0,0,180.3
2005,6,9,2,3,1001,0,180,1.12757,2,1,0,0
2005,6,9,2,3,1001,31.25,30,1.12757,2,1,0,42.972686
2005,6,9,2,3,1001,32.48,30,1.12757,2,1,0,42.972686
2005,6,9,2,3,1001,36.48,50,1.12757,2,1,0,42.972686
2005,6,9,2,3,1001,39.48,40,1.12757,2,0,0,42.972686
2005,6,9,2,3,1001,180.3,20,1.12757,2,0,0,180.3
2005,6,9,3,3,1001,0,180,1.12757,2,1,0,0
2005,6,9,3,3,1001,31.25,30,1.12757,2,1,0,42.972686
2005,6,9,3,3,1001,32.48,30,1.12757,2,1,0,42.972686
2005,6,9,3,3,1001,36.48,50,1.12757,2,1,0,42.972686
2005,6,9,3,3,1001,39.48,40,1.12757,2,0,0,42.972686
2005,6,9,3,3,1001,180.3,20,1.12757,2,0,0,180.3
2005,6,9,4,3,1001,0,180,1.12757,2,1,0,0
2005,6,9,4,3,1001,31.25,30,1.12757,2,1,0,42.972686
2005,6,9,4,3,1001,32.48,30,1.12757,2,1,0,42.972686
2005,6,9,4,3,1001,36.48,50,1.12757,2,1,0,42.972686
2005,6,9,4,3,1001,39.48,40,1.12757,2,0,0,42.972686
2005,6,9,4,3,1001,180.3,20,1.12757,2,0,0,180.3
2005,6,9,5,3,1001,0,180,1.12757,2,1,0,0
2005,6,9,5,3,1001,31.25,30,1.12757,2,1,0,42.972686
2005,6,9,5,3,1001,32.48,30,1.12757,2,1,0,42.972686
2005,6,9,5,3,1001,36.48,50,1.12757,2,1,0,42.972686
2005,6,9,5,3,1001,39.48,40,1.12757,2,0,0,42.972686
2005,6,9,5,3,1001,180.3,20,1.12757,2,0,0,180.3
2005,6,9,6,3,1001,0,180,1.12757,2,1,0,0
2005,6,9,6,3,1001,31.25,30,1.12757,2,1,0,42.972686
2005,6,9,6,3,1001,32.48,30,1.12757,2,1,0,42.972686
2005,6,9,6,3,1001,36.48,50,1.12757,2,1,0,42.972686
2005,6,9,6,3,1001,39.48,40,1.12757,2,0,0,42.972686
2005,6,9,6,3,1001,180.3,20,1.12757,2,0,0,180.3
2005,6,9,7,3,1001,0,180,1.12757,2,1,0,0
2005,6,9,7,3,1001,31.25,30,1.12757,2,1,0,42.972686
2005,6,9,7,3,1001,32.48,30,1.12757,2,1,0,42.972686
2005,6,9,7,3,1001,36.48,50,1.12757,2,1,0,42.972686
2005,6,9,7,3,1001,39.48,40,1.12757,2,1,0,42.972686
2005,6,9,7,3,1001,180.3,20,1.12757,2,0,0,180.3
2005,6,9,8,3,1001,0,250,1.12757,2,1,0,0
2005,6,9,8,3,1001,31.25,20,1.12757,2,1,0,42.972686
2005,6,9,8,3,1001,32.48,20,1.12757,2,1,0,42.972686
2005,6,9,8,3,1001,36.48,20,1.12757,2,1,0,42.972686
2005,6,9,8,3,1001,39.48,20,1.12757,2,1,0,42.972686
2005,6,9,8,3,1001,180.3,20,1.12757,2,0,0,180.3
2005,6,9,9,3,1001,0,290,1.12757,2,1,0,0
2005,6,9,9,3,1001,31.25,10,1.12757,2,1,0,42.972686
2005,6,9,9,3,1001,32.48,10,1.12757,2,1,0,42.972686
2005,6,9,9,3,1001,36.48,10,1.12757,2,1,0,42.972686
2005,6,9,9,3,1001,39.48,10,1.12757,2,1,0,42.972686
2005,6,9,9,3,1001,180.3,20,1.12757,2,0,0,180.3
2005,6,9,10,3,1001,0,330,1.12757,2,1,0,0
2005,6,9,10,3,1001,180.3,20,1.12757,2,0,0,180.3
2005,6,9,11,3,1001,0,330,1.12757,2,1,0,0
2005,6,9,11,3,1001,180.3,20,1.12757,2,0,0,180.3
2005,6,9,12,3,1001,0,330,1.12757,2,1,0,0
2005,6,9,12,3,1001,180.3,20,1.12757,2,0,0,180.3
2005,6,9,13,3,1001,0,330,1.12757,2,1,0,0
2005,6,9,13,3,1001,180.3,20,1.12757,2,0,0,180.3
2005,6,9,14,3,1001,0,330,1.12757,2,1,0,0
2005,6,9,14,3,1001,180.3,20,1.12757,2,0,0,180.3
2005,6,9,15,3,1001,0,290,1.12757,2,1,0,0
2005,6,9,15,3,1001,31.25,20,1.12757,2,1,0,42.972686
2005,6,9,15,3,1001,32.48,10,1.12757,2,1,0,42.972686
2005,6,9,15,3,1001,36.48,10,1.12757,2,1,0,42.972686
2005,6,9,15,3,1001,180.3,20,1.12757,2,0,0,180.3
2005,6,9,16,3,1001,0,290,1.12757,2,1,0,0
2005,6,9,16,3,1001,31.25,20,1.12757,2,1,0,42.972686
2005,6,9,16,3,1001,32.48,10,1.12757,2,1,0,42.972686
2005,6,9,16,3,1001,36.48,10,1.12757,2,1,0,42.972686
2005,6,9,16,3,1001,180.3,20,1.12757,2,0,0,180.3
2005,6,9,17,3,1001,0,290,1.12757,2,1,0,0
2005,6,9,17,3,1001,31.25,20,1.12757,2,1,0,42.972686
2005,6,9,17,3,1001,32.48,10,1.12757,2,1,0,42.972686
2005,6,9,17,3,1001,36.48,10,1.12757,2,1,0,42.972686
2005,6,9,17,3,1001,180.3,20,1.12757,2,0,0,180.3
2005,6,9,18,3,1001,0,290,1.12757,2,1,0,0
2005,6,9,18,3,1001,31.25,20,1.12757,2,1,0,42.972686
2005,6,9,18,3,1001,32.48,10,1.12757,2,1,0,42.972686
2005,6,9,18,3,1001,36.48,10,1.12757,2,1,0,42.972686
2005,6,9,18,3,1001,180.3,20,1.12757,2,0,0,180.3
2005,6,9,19,3,1001,0,290,1.12757,2,1,0,0
2005,6,9,19,3,1001,31.25,20,1.12757,2,1,0,42.972686
2005,6,9,19,3,1001,32.48,10,1.12757,2,1,0,42.972686
2005,6,9,19,3,1001,36.48,10,1.12757,2,1,0,42.972686
2005,6,9,19,3,1001,180.3,20,1.12757,2,0,0,180.3
2005,6,9,20,3,1001,0,290,1.12757,2,1,0,0
2005,6,9,20,3,1001,31.25,20,1.12757,2,1,0,42.972686
2005,6,9,20,3,1001,32.48,10,1.12757,2,1,0,42.972686
2005,6,9,20,3,1001,36.48,10,1.12757,2,1,0,42.972686
2005,6,9,20,3,1001,180.3,20,1.12757,2,0,0,180.3
2005,6,9,21,3,1001,0,290,1.12757,2,1,0,0
2005,6,9,21,3,1001,31.25,20,1.12757,2,1,0,42.972686
2005,6,9,21,3,1001,32.48,10,1.12757,2,1,0,42.972686
2005,6,9,21,3,1001,36.48,10,1.12757,2,1,0,42.972686
2005,6,9,21,3,1001,180.3,20,1.12757,2,0,0,180.3
2005,6,9,22,3,1001,0,330,1.12757,2,1,0,0
2005,6,9,22,3,1001,180.3,20,1.12757,2,0,0,180.3
2005,6,9,23,3,1001,0,330,1.12757,2,1,0,0
2005,6,9,23,3,1001,180.3,20,1.12757,2,0,0,180.3
2005,6,9,24,3,1001,0,330,1.12757,2,1,0,0
2005,6,9,24,3,1001,180.3,20,1.12757,2,0,0,180.3
2005,6,9,1,3,1002,0,400,1.12757,2,1,0,0
2005,6,9,1,3,1002,28.55,30,1.12757,2,1,0,42.333787
2005,6,9,1,3,1002,29.55,30,1.12757,2,1,0,42.333787
2005,6,9,1,3,1002,30.55,30,1.12757,2,1,0,42.333787
2005,6,9,1,3,1002,31.55,35,1.12757,2,1,0,42.333787
2005,6,9,1,3,1002,180.3,10,1.12757,2,0,0,180.3
2005,6,9,2,3,1002,0,400,1.12757,2,1,0,0
2005,6,9,2,3,1002,28.55,30,1.12757,2,1,0,42.333787
2005,6,9,2,3,1002,29.55,30,1.12757,2,1,0,42.333787
2005,6,9,2,3,1002,30.55,30,1.12757,2,1,0,42.333787
2005,6,9,2,3,1002,31.55,35,1.12757,2,1,0,42.333787
2005,6,9,2,3,1002,180.3,10,1.12757,2,0,0,180.3
2005,6,9,3,3,1002,0,400,1.12757,2,1,0,0
2005,6,9,3,3,1002,28.55,30,1.12757,2,1,0,42.333787
2005,6,9,3,3,1002,29.55,30,1.12757,2,1,0,42.333787
2005,6,9,3,3,1002,30.55,30,1.12757,2,1,0,42.333787
2005,6,9,3,3,1002,31.55,35,1.12757,2,1,0,42.333787
2005,6,9,3,3,1002,180.3,10,1.12757,2,0,0,180.3
2005,6,9,4,3,1002,0,400,1.12757,2,1,0,0
2005,6,9,4,3,1002,28.55,30,1.12757,2,1,0,42.333787
2005,6,9,4,3,1002,29.55,30,1.12757,2,1,0,42.333787
2005,6,9,4,3,1002,30.55,30,1.12757,2,1,0,42.333787
2005,6,9,4,3,1002,31.55,35,1.12757,2,1,0,42.333787
2005,6,9,4,3,1002,180.3,10,1.12757,2,0,0,180.3
2005,6,9,5,3,1002,0,400,1.12757,2,1,0,0
2005,6,9,5,3,1002,28.55,30,1.12757,2,1,0,42.333787
2005,6,9,5,3,1002,29.55,30,1.12757,2,1,0,42.333787
2005,6,9,5,3,1002,30.55,30,1.12757,2,1,0,42.333787
2005,6,9,5,3,1002,31.55,35,1.12757,2,1,0,42.333787
2005,6,9,5,3,1002,180.3,10,1.12757,2,0,0,180.3
2005,6,9,6,3,1002,0,400,1.12757,2,1,0,0
2005,6,9,6,3,1002,28.55,30,1.12757,2,1,0,42.333787
2005,6,9,6,3,1002,29.55,30,1.12757,2,1,0,42.333787
2005,6,9,6,3,1002,30.55,30,1.12757,2,1,0,42.333787
2005,6,9,6,3,1002,31.55,35,1.12757,2,1,0,42.333787
2005,6,9,6,3,1002,180.3,10,1.12757,2,0,0,180.3
2005,6,9,7,3,1002,0,400,1.12757,2,1,0,0
2005,6,9,7,3,1002,28.55,30,1.12757,2,1,0,42.333787
2005,6,9,7,3,1002,29.55,30,1.12757,2,1,0,42.333787
2005,6,9,7,3,1002,30.55,30,1.12757,2,1,0,42.333787
2005,6,9,7,3,1002,31.55,35,1.12757,2,1,0,42.333787
2005,6,9,7,3,1002,180.3,10,1.12757,2,0,0,180.3
2005,6,9,8,3,1002,0,490,1.12757,2,1,0,0
2005,6,9,8,3,1002,28.55,10,1.12757,2,1,0,42.333787
2005,6,9,8,3,1002,29.55,10,1.12757,2,1,0,42.333787
2005,6,9,8,3,1002,30.55,10,1.12757,2,1,0,42.333787
2005,6,9,8,3,1002,31.55,5,1.12757,2,1,0,42.333787
2005,6,9,8,3,1002,180.3,10,1.12757,2,0,0,180.3
2005,6,9,9,3,1002,0,525,1.12757,2,1,0,0
2005,6,9,9,3,1002,180.3,10,1.12757,2,0,0,180.3
2005,6,9,10,3,1002,0,525,1.12757,2,1,0,0
2005,6,9,10,3,1002,180.3,10,1.12757,2,0,0,180.3
2005,6,9,11,3,1002,0,525,1.12757,2,1,0,0
2005,6,9,11,3,1002,180.3,10,1.12757,2,0,0,180.3
2005,6,9,12,3,1002,0,525,1.12757,2,1,0,0
2005,6,9,12,3,1002,180.3,10,1.12757,2,0,0,180.3
2005,6,9,13,3,1002,0,525,1.12757,2,1,0,0
2005,6,9,13,3,1002,180.3,10,1.12757,2,0,0,180.3
2005,6,9,14,3,1002,0,525,1.12757,2,1,0,0
2005,6,9,14,3,1002,180.3,10,1.12757,2,0,0,180.3
2005,6,9,15,3,1002,0,525,1.12757,2,1,0,0
2005,6,9,15,3,1002,180.3,10,1.12757,2,0,0,180.3
2005,6,9,16,3,1002,0,525,1.12757,2,1,0,0
2005,6,9,16,3,1002,180.3,10,1.12757,2,0,0,180.3
2005,6,9,17,3,1002,0,525,1.12757,2,1,0,0
2005,6,9,17,3,1002,180.3,10,1.12757,2,0,0,180.3
2005,6,9,18,3,1002,0,525,1.12757,2,1,0,0
2005,6,9,18,3,1002,180.3,10,1.12757,2,0,0,180.3
2005,6,9,19,3,1002,0,525,1.12757,2,1,0,0
2005,6,9,19,3,1002,180.3,10,1.12757,2,0,0,180.3
2005,6,9,20,3,1002,0,525,1.12757,2,1,0,0
2005,6,9,20,3,1002,180.3,10,1.12757,2,0,0,180.3
2005,6,9,21,3,1002,0,525,1.12757,2,1,0,0
2005,6,9,21,3,1002,180.3,10,1.12757,2,0,0,180.3
2005,6,9,22,3,1002,0,525,1.12757,2,1,0,0
2005,6,9,22,3,1002,180.3,10,1.12757,2,0,0,180.3
2005,6,9,23,3,1002,0,525,1.12757,2,1,0,0
2005,6,9,23,3,1002,180.3,10,1.12757,2,0,0,180.3
2005,6,9,24,3,1002,0,525,1.12757,2,1,0,0
2005,6,9,24,3,1002,180.3,10,1.12757,2,0,0,180.3
2005,6,9,1,1,1003,111.97,150.5,.761947,2,0,0,67.178319
2005,6,9,2,1,1003,111.97,150.5,.761947,2,0,0,67.178319
2005,6,9,3,1,1003,111.97,150.5,.761947,2,0,0,67.178319
2005,6,9,4,1,1003,111.97,150.5,.761947,2,0,0,67.178319
2005,6,9,5,1,1003,111.97,150.5,.761947,2,0,0,67.178319
2005,6,9,6,1,1003,111.97,150.5,.761947,2,0,0,67.178319
2005,6,9,7,1,1003,111.97,150.5,.761947,2,0,0,67.178319
2005,6,9,8,1,1003,111.97,150.5,.761947,2,0,0,67.178319
2005,6,9,9,1,1003,111.97,150.5,.761947,2,0,0,67.178319
2005,6,9,10,1,1003,111.97,150.5,.761947,2,0,0,67.178319
2005,6,9,11,1,1003,111.97,150.5,.761947,2,0,0,67.178319
2005,6,9,12,1,1003,111.97,150.5,.761947,2,0,0,67.178319
2005,6,9,13,1,1003,111.97,150.5,.761947,2,0,0,67.178319
2005,6,9,14,1,1003,111.97,150.5,.761947,2,0,0,67.178319
2005,6,9,15,1,1003,111.97,150.5,.761947,2,0,0,67.178319
2005,6,9,16,1,1003,111.97,150.5,.761947,2,0,0,67.178319
2005,6,9,17,1,1003,111.97,150.5,.761947,2,0,0,67.178319
2005,6,9,18,1,1003,111.97,150.5,.761947,2,0,0,67.178319
2005,6,9,19,1,1003,111.97,150.5,.761947,2,0,0,67.178319
2005,6,9,20,1,1003,111.97,150.5,.761947,2,0,0,67.178319
2005,6,9,21,1,1003,111.97,150.5,.761947,2,0,0,67.178319
2005,6,9,22,1,1003,111.97,150.5,.761947,2,0,0,67.178319
2005,6,9,23,1,1003,111.97,150.5,.761947,2,0,0,67.178319
2005,6,9,24,1,1003,111.97,150.5,.761947,2,0,0,67.178319
2005,6,9,1,4,1003,111.97,150.5,.761947,2,0,0,67.178319
2005,6,9,2,4,1003,111.97,150.5,.761947,2,0,0,67.178319
2005,6,9,3,4,1003,111.97,150.5,.761947,2,0,0,67.178319
2005,6,9,4,4,1003,111.97,150.5,.761947,2,0,0,67.178319
2005,6,9,5,4,1003,111.97,150.5,.761947,2,0,0,67.178319
2005,6,9,6,4,1003,111.97,150.5,.761947,2,0,0,67.178319
2005,6,9,7,4,1003,111.97,150.5,.761947,2,0,0,67.178319
2005,6,9,8,4,1003,111.97,150.5,.761947,2,0,0,67.178319
2005,6,9,9,4,1003,111.97,150.5,.761947,2,0,0,67.178319
2005,6,9,10,4,1003,111.97,150.5,.761947,2,0,0,67.178319
2005,6,9,11,4,1003,111.97,150.5,.761947,2,0,0,67.178319
2005,6,9,12,4,1003,111.97,150.5,.761947,2,0,0,67.178319
2005,6,9,13,4,1003,111.97,150.5,.761947,2,0,0,67.178319
2005,6,9,14,4,1003,111.97,150.5,.761947,2,0,0,67.178319
2005,6,9,15,4,1003,111.97,150.5,.761947,2,0,0,67.178319
2005,6,9,16,4,1003,111.97,150.5,.761947,2,0,0,67.178319
2005,6,9,17,4,1003,111.97,150.5,.761947,2,0,0,67.178319
2005,6,9,18,4,1003,111.97,150.5,.761947,2,0,0,67.178319
2005,6,9,19,4,1003,111.97,150.5,.761947,2,0,0,67.178319
2005,6,9,20,4,1003,111.97,150.5,.761947,2,0,0,67.178319
2005,6,9,21,4,1003,111.97,150.5,.761947,2,0,0,67.178319
2005,6,9,22,4,1003,111.97,150.5,.761947,2,0,0,67.178319
2005,6,9,23,4,1003,111.97,150.5,.761947,2,0,0,67.178319
2005,6,9,24,4,1003,111.97,150.5,.761947,2,0,0,67.178319
2005,6,9,1,1,1004,135.1,150.9,.761947,2,0,0,135.1
2005,6,9,2,1,1004,135.1,150.9,.761947,2,0,0,135.1
2005,6,9,3,1,1004,135.1,150.9,.761947,2,0,0,135.1
2005,6,9,4,1,1004,135.1,150.9,.761947,2,0,0,135.1
2005,6,9,5,1,1004,135.1,150.9,.761947,2,0,0,135.1
2005,6,9,6,1,1004,135.1,150.9,.761947,2,0,0,135.1
2005,6,9,7,1,1004,135.1,150.9,.761947,2,0,0,135.1
2005,6,9,8,1,1004,135.1,150.9,.761947,2,0,0,135.1
2005,6,9,9,1,1004,135.1,150.9,.761947,2,0,0,135.1
2005,6,9,10,1,1004,135.1,150.9,.761947,2,0,0,135.1
2005,6,9,11,1,1004,135.1,150.9,.761947,2,0,0,135.1
2005,6,9,12,1,1004,135.1,150.9,.761947,2,0,0,135.1
2005,6,9,13,1,1004,135.1,150.9,.761947,2,0,0,135.1
2005,6,9,14,1,1004,135.1,150.9,.761947,2,0,0,135.1
2005,6,9,15,1,1004,135.1,150.9,.761947,2,0,0,135.1
2005,6,9,16,1,1004,135.1,150.9,.761947,2,0,0,135.1
2005,6,9,17,1,1004,135.1,150.9,.761947,2,0,0,135.1
2005,6,9,18,1,1004,135.1,150.9,.761947,2,0,0,135.1
2005,6,9,19,1,1004,135.1,150.9,.761947,2,0,0,135.1
2005,6,9,20,1,1004,135.1,150.9,.761947,2,0,0,135.1
2005,6,9,21,1,1004,135.1,150.9,.761947,2,0,0,135.1
2005,6,9,22,1,1004,135.1,150.9,.761947,2,0,0,135.1
2005,6,9,23,1,1004,135.1,150.9,.761947,2,0,0,135.1
2005,6,9,24,1,1004,135.1,150.9,.761947,2,0,0,135.1
2005,6,9,1,4,1004,135.1,150.9,.761947,2,0,0,135.1
2005,6,9,2,4,1004,135.1,150.9,.761947,2,0,0,135.1
2005,6,9,3,4,1004,135.1,150.9,.761947,2,0,0,135.1
2005,6,9,4,4,1004,135.1,150.9,.761947,2,0,0,135.1
2005,6,9,5,4,1004,135.1,150.9,.761947,2,0,0,135.1
2005,6,9,6,4,1004,135.1,150.9,.761947,2,0,0,135.1
2005,6,9,7,4,1004,135.1,150.9,.761947,2,0,0,135.1
2005,6,9,8,4,1004,135.1,150.9,.761947,2,0,0,135.1
2005,6,9,9,4,1004,135.1,150.9,.761947,2,0,0,135.1
2005,6,9,10,4,1004,135.1,150.9,.761947,2,0,0,135.1
2005,6,9,11,4,1004,135.1,150.9,.761947,2,0,0,135.1
2005,6,9,12,4,1004,135.1,150.9,.761947,2,0,0,135.1
2005,6,9,13,4,1004,135.1,150.9,.761947,2,0,0,135.1
2005,6,9,14,4,1004,135.1,150.9,.761947,2,0,0,135.1
2005,6,9,15,4,1004,135.1,150.9,.761947,2,0,0,135.1
2005,6,9,16,4,1004,135.1,150.9,.761947,2,0,0,135.1
2005,6,9,17,4,1004,135.1,150.9,.761947,2,0,0,135.1
2005,6,9,18,4,1004,135.1,150.9,.761947,2,0,0,135.1
2005,6,9,19,4,1004,135.1,150.9,.761947,2,0,0,135.1
2005,6,9,20,4,1004,135.1,150.9,.761947,2,0,0,135.1
2005,6,9,21,4,1004,135.1,150.9,.761947,2,0,0,135.1
2005,6,9,22,4,1004,135.1,150.9,.761947,2,0,0,135.1
2005,6,9,23,4,1004,135.1,150.9,.761947,2,0,0,135.1
2005,6,9,24,4,1004,135.1,150.9,.761947,2,0,0,135.1
2005,6,9,1,9,5,20.1,50.7,0,1,0,0,20.1
2005,6,9,2,9,5,18.6,50.7,0,1,0,0,18.6
2005,6,9,3,9,5,15.2,50.7,0,1,0,0,15.2
2005,6,9,4,9,5,13.8,50.7,0,1,0,0,13.8
2005,6,9,5,9,5,14.7,50.7,0,1,0,0,14.7
2005,6,9,6,9,5,21.4,50.7,0,1,0,0,21.4
2005,6,9,7,9,5,15.9,50.7,0,1,0,0,15.9
2005,6,9,8,9,5,25.5,50.7,0,1,0,0,25.5
2005,6,9,9,9,5,29.9,50.9,0,1,0,0,29.9
2005,6,9,10,9,5,46.9,50.9,0,1,0,0,46.9
2005,6,9,11,9,5,52,50.9,0,1,0,0,52
2005,6,9,12,9,5,55.8,50.9,0,1,0,0,55.8
2005,6,9,13,9,5,49.5,50.9,0,1,0,0,49.5
2005,6,9,14,9,5,49.4,50.9,0,1,0,0,49.4
2005,6,9,15,9,5,47.4,50.9,0,1,0,0,47.4
2005,6,9,16,9,5,44.9,50.9,0,1,0,0,44.9
2005,6,9,17,9,5,43.7,50.9,0,1,0,0,43.7
2005,6,9,18,9,5,39.6,50.9,0,1,0,0,39.6
2005,6,9,19,9,5,38.8,50.9,0,1,0,0,38.8
2005,6,9,20,9,5,35.9,50.9,0,1,0,0,35.9
2005,6,9,21,9,5,36.6,50.9,0,1,0,0,36.6
2005,6,9,22,9,5,34.8,50.9,0,1,0,0,34.8
2005,6,9,23,9,5,35,50.9,0,1,0,0,35
2005,6,9,24,9,5,28.7,50.9,0,1,0,0,28.7
2005,6,9,1,2,1007,10,90,.66451,2,1,0,10
2005,6,9,1,2,1007,63.01,223,.66451,2,0,0,62.432651
2005,6,9,2,2,1007,10,90,.66451,2,1,0,10
2005,6,9,2,2,1007,63.01,223,.66451,2,0,0,62.432651
2005,6,9,3,2,1007,10,90,.66451,2,1,0,10
2005,6,9,3,2,1007,63.01,223,.66451,2,0,0,62.432651
2005,6,9,4,2,1007,10,90,.66451,2,1,0,10
2005,6,9,4,2,1007,63.01,223,.66451,2,0,0,62.432651
2005,6,9,5,2,1007,10,90,.66451,2,1,0,10
2005,6,9,5,2,1007,63.01,223,.66451,2,0,0,62.432651
2005,6,9,6,2,1007,10,90,.66451,2,1,0,10
2005,6,9,6,2,1007,63.01,223,.66451,2,0,0,62.432651
2005,6,9,7,2,1007,10,90,.66451,2,1,0,10
2005,6,9,7,2,1007,63.01,223,.66451,2,0,0,62.432651
2005,6,9,8,2,1007,10,90,.66451,2,1,0,10
2005,6,9,8,2,1007,63.01,223,.66451,2,0,0,62.432651
2005,6,9,9,2,1007,10,90,.66451,2,1,0,10
2005,6,9,9,2,1007,63.01,223,.66451,2,1,0,62.432651
2005,6,9,10,2,1007,10,90,.66451,2,1,0,10
2005,6,9,10,2,1007,63.01,223,.66451,2,1,0,62.432651
2005,6,9,11,2,1007,10,90,.66451,2,1,0,10
2005,6,9,11,2,1007,63.01,223,.66451,2,1,0,62.432651
2005,6,9,12,2,1007,10,90,.66451,2,1,0,10
2005,6,9,12,2,1007,63.01,223,.66451,2,1,0,62.432651
2005,6,9,13,2,1007,10,90,.66451,2,1,0,10
2005,6,9,13,2,1007,63.01,223,.66451,2,1,0,62.432651
2005,6,9,14,2,1007,10,90,.66451,2,1,0,10
2005,6,9,14,2,1007,63.01,223,.66451,2,1,0,62.432651
2005,6,9,15,2,1007,10,90,.66451,2,1,0,10
2005,6,9,15,2,1007,63.01,223,.66451,2,1,0,62.432651
2005,6,9,16,2,1007,10,90,.66451,2,1,0,10
2005,6,9,16,2,1007,63.01,223,.66451,2,1,0,62.432651
2005,6,9,17,2,1007,10,90,.66451,2,1,0,10
2005,6,9,17,2,1007,63.01,223,.66451,2,1,0,62.432651
2005,6,9,18,2,1007,10,90,.66451,2,1,0,10
2005,6,9,18,2,1007,63.01,223,.66451,2,1,0,62.432651
2005,6,9,19,2,1007,10,90,.66451,2,1,0,10
2005,6,9,19,2,1007,63.01,223,.66451,2,1,0,62.432651
2005,6,9,20,2,1007,10,90,.66451,2,1,0,10
2005,6,9,20,2,1007,63.01,223,.66451,2,1,0,62.432651
2005,6,9,21,2,1007,10,90,.66451,2,1,0,10
2005,6,9,21,2,1007,63.01,223,.66451,2,1,0,62.432651
2005,6,9,22,2,1007,10,90,.66451,2,1,0,10
2005,6,9,22,2,1007,63.01,142.8,.66451,2,1,0,62.432651
2005,6,9,23,2,1007,10,90,.66451,2,1,0,10
2005,6,9,23,2,1007,63.01,53.1,.66451,2,1,0,62.432651
2005,6,9,24,2,1007,10,90,.66451,2,1,0,10
2005,6,9,24,2,1007,63.01,223,.66451,2,0,0,62.432651
2005,6,9,1,2,1009,129.24,90,.66451,2,0,0,129.24
2005,6,9,1,2,1009,129.35,245,.66451,2,0,0,129.35
2005,6,9,2,2,1009,129.24,90,.66451,2,0,0,129.24
2005,6,9,2,2,1009,129.35,245,.66451,2,0,0,129.35
2005,6,9,3,2,1009,129.24,90,.66451,2,0,0,129.24
2005,6,9,3,2,1009,129.35,245,.66451,2,0,0,129.35
2005,6,9,4,2,1009,129.24,90,.66451,2,0,0,129.24
2005,6,9,4,2,1009,129.35,245,.66451,2,0,0,129.35
2005,6,9,5,2,1009,129.24,90,.66451,2,0,0,129.24
2005,6,9,5,2,1009,129.35,245,.66451,2,0,0,129.35
2005,6,9,6,2,1009,129.24,90,.66451,2,0,0,129.24
2005,6,9,6,2,1009,129.35,245,.66451,2,0,0,129.35
2005,6,9,7,2,1009,129.24,90,.66451,2,0,0,129.24
2005,6,9,7,2,1009,129.35,245,.66451,2,0,0,129.35
2005,6,9,8,2,1009,129.24,90,.66451,2,0,0,129.24
2005,6,9,8,2,1009,129.35,245,.66451,2,0,0,129.35
2005,6,9,9,2,1009,129.24,90,.66451,2,0,0,129.24
2005,6,9,9,2,1009,129.35,245,.66451,2,0,0,129.35
2005,6,9,10,2,1009,129.24,90,.66451,2,0,0,129.24
2005,6,9,10,2,1009,129.35,245,.66451,2,0,0,129.35
2005,6,9,11,2,1009,129.24,90,.66451,2,0,0,129.24
2005,6,9,11,2,1009,129.35,245,.66451,2,0,0,129.35
2005,6,9,12,2,1009,129.24,90,.66451,2,0,0,129.24
2005,6,9,12,2,1009,129.35,245,.66451,2,0,0,129.35
2005,6,9,13,2,1009,129.24,90,.66451,2,0,0,129.24
2005,6,9,13,2,1009,129.35,245,.66451,2,0,0,129.35
2005,6,9,14,2,1009,129.24,90,.66451,2,0,0,129.24
2005,6,9,14,2,1009,129.35,245,.66451,2,0,0,129.35
2005,6,9,15,2,1009,129.24,90,.66451,2,0,0,129.24
2005,6,9,15,2,1009,129.35,245,.66451,2,0,0,129.35
2005,6,9,16,2,1009,129.24,90,.66451,2,0,0,129.24
2005,6,9,16,2,1009,129.35,245,.66451,2,0,0,129.35
2005,6,9,17,2,1009,129.24,90,.66451,2,0,0,129.24
2005,6,9,17,2,1009,129.35,245,.66451,2,0,0,129.35
2005,6,9,18,2,1009,129.24,90,.66451,2,0,0,129.24
2005,6,9,18,2,1009,129.35,245,.66451,2,0,0,129.35
2005,6,9,19,2,1009,129.24,90,.66451,2,0,0,129.24
2005,6,9,19,2,1009,129.35,245,.66451,2,0,0,129.35
2005,6,9,20,2,1009,129.24,90,.66451,2,0,0,129.24
2005,6,9,20,2,1009,129.35,245,.66451,2,0,0,129.35
2005,6,9,21,2,1009,129.24,90,.66451,2,0,0,129.24
2005,6,9,21,2,1009,129.35,245,.66451,2,0,0,129.35
2005,6,9,22,2,1009,129.24,90,.66451,2,0,0,129.24
2005,6,9,22,2,1009,129.35,245,.66451,2,0,0,129.35
2005,6,9,23,2,1009,129.24,90,.66451,2,0,0,129.24
2005,6,9,23,2,1009,129.35,245,.66451,2,0,0,129.35
2005,6,9,24,2,1009,129.24,90,.66451,2,0,0,129.24
2005,6,9,24,2,1009,129.35,245,.66451,2,0,0,129.35
2005,6,9,1,9,8,0,1.5,0,2,1,0,0
2005,6,9,2,9,8,0,1.5,0,2,1,0,0
2005,6,9,3,9,8,0,1.5,0,2,1,0,0
2005,6,9,4,9,8,0,1.5,0,2,1,0,0
2005,6,9,5,9,8,0,1.5,0,2,1,0,0
2005,6,9,6,9,8,0,1.5,0,2,1,0,0
2005,6,9,7,9,8,0,1.5,0,2,1,0,0
2005,6,9,8,9,8,0,1.4,0,2,1,0,0
2005,6,9,9,9,8,0,1.4,0,2,1,0,0
2005,6,9,10,9,8,0,1.3,0,2,1,0,0
2005,6,9,11,9,8,0,1.3,0,2,1,0,0
2005,6,9,12,9,8,0,1.3,0,2,1,0,0
2005,6,9,13,9,8,0,1.3,0,2,1,0,0
2005,6,9,14,9,8,0,1.3,0,2,1,0,0
2005,6,9,15,9,8,0,1.3,0,2,1,0,0
2005,6,9,16,9,8,0,1.3,0,2,1,0,0
2005,6,9,17,9,8,0,1.3,0,2,1,0,0
2005,6,9,18,9,8,0,1.3,0,2,1,0,0
2005,6,9,19,9,8,0,1.3,0,2,1,0,0
2005,6,9,20,9,8,0,1.3,0,2,1,0,0
2005,6,9,21,9,8,0,1.4,0,2,1,0,0
2005,6,9,22,9,8,0,1.5,0,2,1,0,0
2005,6,9,23,9,8,0,1.6,0,2,1,0,0
2005,6,9,24,9,8,0,1.6,0,2,1,0,0
2005,6,9,1,6,9,44,90,0,1,1,0,44
2005,6,9,1,6,9,45,180,0,1,1,0,45
2005,6,9,2,6,9,44,90,0,1,1,0,44
2005,6,9,2,6,9,45,180,0,1,1,0,45
2005,6,9,3,6,9,44,90,0,1,1,0,44
2005,6,9,3,6,9,45,180,0,1,1,0,45
2005,6,9,4,6,9,44,90,0,1,1,0,44
2005,6,9,4,6,9,45,180,0,1,1,0,45
2005,6,9,5,6,9,44,90,0,1,1,0,44
2005,6,9,5,6,9,45,180,0,1,1,0,45
2005,6,9,6,6,9,44,90,0,1,1,0,44
2005,6,9,6,6,9,45,180,0,1,1,0,45
2005,6,9,7,6,9,44,90,0,1,1,0,44
2005,6,9,7,6,9,45,180,0,1,1,0,45
2005,6,9,8,6,9,44,90,0,1,1,0,44
2005,6,9,8,6,9,45,180,0,1,1,0,45
2005,6,9,9,6,9,31,90,0,1,0,0,31
2005,6,9,9,6,9,35,180,0,1,0,0,35
2005,6,9,10,6,9,31,90,0,1,0,0,31
2005,6,9,10,6,9,35,180,0,1,0,0,35
2005,6,9,11,6,9,31,90,0,1,0,0,31
2005,6,9,11,6,9,35,180,0,1,0,0,35
2005,6,9,12,6,9,31,90,0,1,0,0,31
2005,6,9,12,6,9,35,180,0,1,0,0,35
2005,6,9,13,6,9,31,90,0,1,0,0,31
2005,6,9,13,6,9,35,180,0,1,0,0,35
2005,6,9,14,6,9,31,90,0,1,0,0,31
2005,6,9,14,6,9,35,180,0,1,0,0,35
2005,6,9,15,6,9,31,90,0,1,0,0,31
2005,6,9,15,6,9,35,180,0,1,0,0,35
2005,6,9,16,6,9,31,90,0,1,0,0,31
2005,6,9,16,6,9,35,180,0,1,0,0,35
2005,6,9,17,6,9,31,90,0,1,0,0,31
2005,6,9,17,6,9,35,180,0,1,0,0,35
2005,6,9,18,6,9,31,90,0,1,0,0,31
2005,6,9,18,6,9,35,180,0,1,0,0,35
2005,6,9,19,6,9,31,90,0,1,0,0,31
2005,6,9,19,6,9,35,180,0,1,0,0,35
2005,6,9,20,6,9,31,90,0,1,0,0,31
2005,6,9,20,6,9,35,180,0,1,0,0,35
2005,6,9,21,6,9,31,90,0,1,0,0,31
2005,6,9,21,6,9,35,180,0,1,0,0,35
2005,6,9,22,6,9,31,90,0,1,0,0,31
2005,6,9,22,6,9,35,180,0,1,0,0,35
2005,6,9,23,6,9,31,90,0,1,0,0,31
2005,6,9,23,6,9,35,180,0,1,0,0,35
2005,6,9,24,6,9,31,90,0,1,0,0,31
2005,6,9,24,6,9,35,180,0,1,0,0,35
2005,6,9,1,6,10,85,120,0,2,0,0,85
2005,6,9,1,6,10,105,120,0,2,0,0,105
2005,6,9,2,6,10,85,120,0,2,0,0,85
2005,6,9,2,6,10,105,120,0,2,0,0,105
2005,6,9,3,6,10,85,120,0,2,0,0,85
2005,6,9,3,6,10,105,120,0,2,0,0,105
2005,6,9,4,6,10,85,120,0,2,0,0,85
2005,6,9,4,6,10,105,120,0,2,0,0,105
2005,6,9,5,6,10,85,120,0,2,0,0,85
2005,6,9,5,6,10,105,120,0,2,0,0,105
2005,6,9,6,6,10,85,120,0,2,0,0,85
2005,6,9,6,6,10,105,120,0,2,0,0,105
2005,6,9,7,6,10,85,120,0,2,0,0,85
2005,6,9,7,6,10,105,120,0,2,0,0,105
2005,6,9,8,6,10,85,120,0,2,0,0,85
2005,6,9,8,6,10,105,120,0,2,0,0,105
2005,6,9,9,6,10,85,120,0,2,0,0,85
2005,6,9,9,6,10,105,120,0,2,0,0,105
2005,6,9,10,6,10,0,180,0,2,1,0,0
2005,6,9,10,6,10,80,60,0,2,0,0,80
2005,6,9,11,6,10,0,180,0,2,1,0,0
2005,6,9,11,6,10,80,60,0,2,1,0,80
2005,6,9,12,6,10,0,180,0,2,1,0,0
2005,6,9,12,6,10,80,60,0,2,1,0,80
2005,6,9,13,6,10,0,180,0,2,1,0,0
2005,6,9,13,6,10,80,60,0,2,1,0,80
2005,6,9,14,6,10,0,180,0,2,1,0,0
2005,6,9,14,6,10,80,60,0,2,1,0,80
2005,6,9,15,6,10,0,180,0,2,1,0,0
2005,6,9,15,6,10,80,60,0,2,1,0,80
2005,6,9,16,6,10,0,180,0,2,1,0,0
2005,6,9,16,6,10,80,60,0,2,1,0,80
2005,6,9,17,6,10,0,180,0,2,1,0,0
2005,6,9,17,6,10,80,60,0,2,1,0,80
2005,6,9,18,6,10,0,180,0,2,1,0,0
2005,6,9,18,6,10,80,60,0,2,1,0,80
2005,6,9,19,6,10,0,180,0,2,1,0,0
2005,6,9,19,6,10,80,60,0,2,0,0,80
2005,6,9,20,6,10,0,180,0,2,1,0,0
2005,6,9,20,6,10,80,60,0,2,0,0,80
2005,6,9,21,6,10,85,120,0,2,0,0,85
2005,6,9,21,6,10,105,120,0,2,0,0,105
2005,6,9,22,6,10,85,120,0,2,0,0,85
2005,6,9,22,6,10,105,120,0,2,0,0,105
2005,6,9,23,6,10,85,120,0,2,0,0,85
2005,6,9,23,6,10,105,120,0,2,0,0,105
2005,6,9,24,6,10,85,120,0,2,0,0,85
2005,6,9,24,6,10,105,120,0,2,0,0,105
2005,6,9,1,6,1010,88.21,59,.679878,2,0,1,67.027941
2005,6,9,1,6,1010,108.21,111,.679878,2,0,1,67.027941
2005,6,9,1,6,1010,150,39,.679878,2,0,1,150
2005,6,9,2,6,1010,88.21,59,.679878,2,0,1,67.027941
2005,6,9,2,6,1010,108.21,111,.679878,2,0,1,67.027941
2005,6,9,2,6,1010,150,39,.679878,2,0,1,150
2005,6,9,3,6,1010,88.21,59,.679878,2,0,1,67.027941
2005,6,9,3,6,1010,108.21,111,.679878,2,0,1,67.027941
2005,6,9,3,6,1010,150,39,.679878,2,0,1,150
2005,6,9,4,6,1010,88.21,59,.679878,2,0,1,67.027941
2005,6,9,4,6,1010,108.21,111,.679878,2,0,1,67.027941
2005,6,9,4,6,1010,150,39,.679878,2,0,1,150
2005,6,9,5,6,1010,88.21,59,.679878,2,0,1,67.027941
2005,6,9,5,6,1010,108.21,111,.679878,2,0,1,67.027941
2005,6,9,5,6,1010,150,39,.679878,2,0,1,150
2005,6,9,6,6,1010,88.21,59,.679878,2,0,1,67.027941
2005,6,9,6,6,1010,108.21,111,.679878,2,0,1,67.027941
2005,6,9,6,6,1010,150,39,.679878,2,0,1,150
2005,6,9,7,6,1010,88.21,59,.679878,2,0,1,67.027941
2005,6,9,7,6,1010,108.21,111,.679878,2,0,1,67.027941
2005,6,9,7,6,1010,150,39,.679878,2,0,1,150
2005,6,9,8,6,1010,88.21,59,.679878,2,0,1,67.027941
2005,6,9,8,6,1010,108.21,111,.679878,2,0,1,67.027941
2005,6,9,8,6,1010,150,39,.679878,2,0,1,150
2005,6,9,9,6,1010,88.21,59,.679878,2,0,1,67.027941
2005,6,9,9,6,1010,108.21,111,.679878,2,0,1,67.027941
2005,6,9,9,6,1010,150,39,.679878,2,0,1,150
2005,6,9,10,6,1010,88.21,59,.679878,2,0,1,67.027941
2005,6,9,10,6,1010,108.21,111,.679878,2,0,1,67.027941
2005,6,9,10,6,1010,150,39,.679878,2,0,1,150
2005,6,9,11,6,1010,88.21,59,.679878,2,0,1,67.027941
2005,6,9,11,6,1010,108.21,111,.679878,2,0,1,67.027941
2005,6,9,11,6,1010,150,39,.679878,2,0,1,150
2005,6,9,12,6,1010,88.21,59,.679878,2,0,1,67.027941
2005,6,9,12,6,1010,108.21,111,.679878,2,0,1,67.027941
2005,6,9,12,6,1010,150,39,.679878,2,0,1,150
2005,6,9,13,6,1010,88.21,59,.679878,2,0,1,67.027941
2005,6,9,13,6,1010,108.21,111,.679878,2,0,1,67.027941
2005,6,9,13,6,1010,150,39,.679878,2,0,1,150
2005,6,9,14,6,1010,88.21,59,.679878,2,0,1,67.027941
2005,6,9,14,6,1010,108.21,111,.679878,2,0,1,67.027941
2005,6,9,14,6,1010,150,39,.679878,2,0,1,150
2005,6,9,15,6,1010,88.21,59,.679878,2,0,1,67.027941
2005,6,9,15,6,1010,108.21,111,.679878,2,0,1,67.027941
2005,6,9,15,6,1010,150,39,.679878,2,0,1,150
2005,6,9,16,6,1010,88.21,59,.679878,2,0,1,67.027941
2005,6,9,16,6,1010,108.21,111,.679878,2,0,1,67.027941
2005,6,9,16,6,1010,150,39,.679878,2,0,1,150
2005,6,9,17,6,1010,88.21,59,.679878,2,0,1,67.027941
2005,6,9,17,6,1010,108.21,111,.679878,2,0,1,67.027941
2005,6,9,17,6,1010,150,39,.679878,2,0,1,150
2005,6,9,18,6,1010,88.21,59,.679878,2,0,1,67.027941
2005,6,9,18,6,1010,108.21,111,.679878,2,0,1,67.027941
2005,6,9,18,6,1010,150,39,.679878,2,0,1,150
2005,6,9,19,6,1010,88.21,59,.679878,2,0,1,67.027941
2005,6,9,19,6,1010,108.21,111,.679878,2,0,1,67.027941
2005,6,9,19,6,1010,150,39,.679878,2,0,1,150
2005,6,9,20,6,1010,88.21,59,.679878,2,0,1,67.027941
2005,6,9,20,6,1010,108.21,111,.679878,2,0,1,67.027941
2005,6,9,20,6,1010,150,39,.679878,2,0,1,150
2005,6,9,21,6,1010,88.21,59,.679878,2,0,1,67.027941
2005,6,9,21,6,1010,108.21,111,.679878,2,0,1,67.027941
2005,6,9,21,6,1010,150,39,.679878,2,0,1,150
2005,6,9,22,6,1010,88.21,59,.679878,2,0,1,67.027941
2005,6,9,22,6,1010,108.21,111,.679878,2,0,1,67.027941
2005,6,9,22,6,1010,150,39,.679878,2,0,1,150
2005,6,9,23,6,1010,88.21,59,.679878,2,0,1,67.027941
2005,6,9,23,6,1010,108.21,111,.679878,2,0,1,67.027941
2005,6,9,23,6,1010,150,39,.679878,2,0,1,150
2005,6,9,24,6,1010,88.21,59,.679878,2,0,1,67.027941
2005,6,9,24,6,1010,108.21,111,.679878,2,0,1,67.027941
2005,6,9,24,6,1010,150,39,.679878,2,0,1,150
2005,6,9,1,6,1011,89.3,152,.679878,2,0,1,64.481382
2005,6,9,1,6,1011,109.3,273,.679878,2,0,1,64.481382
2005,6,9,1,6,1011,150,5,.679878,2,0,1,150
2005,6,9,2,6,1011,89.3,152,.679878,2,0,1,64.481382
2005,6,9,2,6,1011,109.3,273,.679878,2,0,1,64.481382
2005,6,9,2,6,1011,150,5,.679878,2,0,1,150
2005,6,9,3,6,1011,89.3,152,.679878,2,0,1,64.481382
2005,6,9,3,6,1011,109.3,273,.679878,2,0,1,64.481382
2005,6,9,3,6,1011,150,5,.679878,2,0,1,150
2005,6,9,4,6,1011,89.3,152,.679878,2,0,1,64.481382
2005,6,9,4,6,1011,109.3,273,.679878,2,0,1,64.481382
2005,6,9,4,6,1011,150,5,.679878,2,0,1,150
2005,6,9,5,6,1011,89.3,152,.679878,2,0,1,64.481382
2005,6,9,5,6,1011,109.3,273,.679878,2,0,1,64.481382
2005,6,9,5,6,1011,150,5,.679878,2,0,1,150
2005,6,9,6,6,1011,89.3,152,.679878,2,0,1,64.481382
2005,6,9,6,6,1011,109.3,273,.679878,2,0,1,64.481382
2005,6,9,6,6,1011,150,5,.679878,2,0,1,150
2005,6,9,7,6,1011,89.3,152,.679878,2,0,1,64.481382
2005,6,9,7,6,1011,109.3,273,.679878,2,0,1,64.481382
2005,6,9,7,6,1011,150,5,.679878,2,0,1,150
2005,6,9,8,6,1011,89.3,152,.679878,2,0,1,64.481382
2005,6,9,8,6,1011,109.3,273,.679878,2,0,1,64.481382
2005,6,9,8,6,1011,150,5,.679878,2,0,1,150
2005,6,9,9,6,1011,89.3,152,.679878,2,0,1,64.481382
2005,6,9,9,6,1011,109.3,273,.679878,2,0,1,64.481382
2005,6,9,9,6,1011,150,5,.679878,2,0,1,150
2005,6,9,10,6,1011,89.3,152,.679878,2,0,1,64.481382
2005,6,9,10,6,1011,109.3,273,.679878,2,0,1,64.481382
2005,6,9,10,6,1011,150,5,.679878,2,0,1,150
2005,6,9,11,6,1011,89.3,152,.679878,2,0,1,64.481382
2005,6,9,11,6,1011,109.3,273,.679878,2,0,1,64.481382
2005,6,9,11,6,1011,150,5,.679878,2,0,1,150
2005,6,9,12,6,1011,89.3,152,.679878,2,0,1,64.481382
2005,6,9,12,6,1011,109.3,273,.679878,2,0,1,64.481382
2005,6,9,12,6,1011,150,5,.679878,2,0,1,150
2005,6,9,13,6,1011,89.3,152,.679878,2,0,1,64.481382
2005,6,9,13,6,1011,109.3,273,.679878,2,0,1,64.481382
2005,6,9,13,6,1011,150,5,.679878,2,0,1,150
2005,6,9,14,6,1011,89.3,152,.679878,2,0,1,64.481382
2005,6,9,14,6,1011,109.3,273,.679878,2,0,1,64.481382
2005,6,9,14,6,1011,150,5,.679878,2,0,1,150
2005,6,9,15,6,1011,89.3,152,.679878,2,0,1,64.481382
2005,6,9,15,6,1011,109.3,273,.679878,2,0,1,64.481382
2005,6,9,15,6,1011,150,5,.679878,2,0,1,150
2005,6,9,16,6,1011,89.3,152,.679878,2,0,1,64.481382
2005,6,9,16,6,1011,109.3,273,.679878,2,0,1,64.481382
2005,6,9,16,6,1011,150,5,.679878,2,0,1,150
2005,6,9,17,6,1011,89.3,152,.679878,2,0,1,64.481382
2005,6,9,17,6,1011,109.3,273,.679878,2,0,1,64.481382
2005,6,9,17,6,1011,150,5,.679878,2,0,1,150
2005,6,9,18,6,1011,89.3,152,.679878,2,0,1,64.481382
2005,6,9,18,6,1011,109.3,273,.679878,2,0,1,64.481382
2005,6,9,18,6,1011,150,5,.679878,2,0,1,150
2005,6,9,19,6,1011,89.3,152,.679878,2,0,1,64.481382
2005,6,9,19,6,1011,109.3,273,.679878,2,0,1,64.481382
2005,6,9,19,6,1011,150,5,.679878,2,0,1,150
2005,6,9,20,6,1011,89.3,152,.679878,2,0,1,64.481382
2005,6,9,20,6,1011,109.3,273,.679878,2,0,1,64.481382
2005,6,9,20,6,1011,150,5,.679878,2,0,1,150
2005,6,9,21,6,1011,89.3,152,.679878,2,0,1,64.481382
2005,6,9,21,6,1011,109.3,273,.679878,2,0,1,64.481382
2005,6,9,21,6,1011,150,5,.679878,2,0,1,150
2005,6,9,22,6,1011,89.3,152,.679878,2,0,1,64.481382
2005,6,9,22,6,1011,109.3,273,.679878,2,0,1,64.481382
2005,6,9,22,6,1011,150,5,.679878,2,0,1,150
2005,6,9,23,6,1011,89.3,152,.679878,2,0,1,64.481382
2005,6,9,23,6,1011,109.3,273,.679878,2,0,1,64.481382
2005,6,9,23,6,1011,150,5,.679878,2,0,1,150
2005,6,9,24,6,1011,89.3,152,.679878,2,0,1,64.481382
2005,6,9,24,6,1011,109.3,273,.679878,2,0,1,64.481382
2005,6,9,24,6,1011,150,5,.679878,2,0,1,150
2005,6,9,1,2,1013,0,82.3,.9555,2,1,0,0
2005,6,9,1,2,1013,35.95,1,.9555,2,1,0,39.611296
2005,6,9,1,2,1013,36,6.7,.9555,2,1,0,39.611296
2005,6,9,1,2,1013,36.17,6.7,.9555,2,1,0,39.611296
2005,6,9,1,2,1013,36.53,6.7,.9555,2,1,0,39.611296
2005,6,9,1,2,1013,68,8.3,.9555,2,0,0,39.611296
2005,6,9,1,2,1013,150,4,.9555,2,0,0,150
2005,6,9,2,2,1013,0,63.3,.9555,2,1,0,0
2005,6,9,2,2,1013,35.83,6.7,.9555,2,1,0,39.611296
2005,6,9,2,2,1013,35.9,6.7,.9555,2,1,0,39.611296
2005,6,9,2,2,1013,35.95,6.7,.9555,2,1,0,39.611296
2005,6,9,2,2,1013,36,6.7,.9555,2,1,0,39.611296
2005,6,9,2,2,1013,36.17,6.7,.9555,2,1,0,39.611296
2005,6,9,2,2,1013,36.53,6.7,.9555,2,1,0,39.611296
2005,6,9,2,2,1013,68,8.3,.9555,2,0,0,39.611296
2005,6,9,2,2,1013,150,4,.9555,2,0,0,150
2005,6,9,3,2,1013,0,63.3,.9555,2,1,0,0
2005,6,9,3,2,1013,35.83,6.7,.9555,2,1,0,39.611296
2005,6,9,3,2,1013,35.9,6.7,.9555,2,1,0,39.611296
2005,6,9,3,2,1013,35.95,6.7,.9555,2,1,0,39.611296
2005,6,9,3,2,1013,36,6.7,.9555,2,1,0,39.611296
2005,6,9,3,2,1013,36.17,6.7,.9555,2,1,0,39.611296
2005,6,9,3,2,1013,36.53,6.7,.9555,2,1,0,39.611296
2005,6,9,3,2,1013,68,8.3,.9555,2,0,0,39.611296
2005,6,9,3,2,1013,150,4,.9555,2,0,0,150
2005,6,9,4,2,1013,0,63.3,.9555,2,1,0,0
2005,6,9,4,2,1013,35.83,6.7,.9555,2,1,0,39.611296
2005,6,9,4,2,1013,35.9,6.7,.9555,2,1,0,39.611296
2005,6,9,4,2,1013,35.95,6.7,.9555,2,1,0,39.611296
2005,6,9,4,2,1013,36,6.7,.9555,2,1,0,39.611296
2005,6,9,4,2,1013,36.17,6.7,.9555,2,1,0,39.611296
2005,6,9,4,2,1013,36.53,6.7,.9555,2,1,0,39.611296
2005,6,9,4,2,1013,68,8.3,.9555,2,0,0,39.611296
2005,6,9,4,2,1013,150,4,.9555,2,0,0,150
2005,6,9,5,2,1013,0,63.3,.9555,2,1,0,0
2005,6,9,5,2,1013,35.83,6.7,.9555,2,1,0,39.611296
2005,6,9,5,2,1013,35.9,6.7,.9555,2,1,0,39.611296
2005,6,9,5,2,1013,35.95,6.7,.9555,2,1,0,39.611296
2005,6,9,5,2,1013,36,6.7,.9555,2,1,0,39.611296
2005,6,9,5,2,1013,36.17,6.7,.9555,2,1,0,39.611296
2005,6,9,5,2,1013,36.53,6.7,.9555,2,1,0,39.611296
2005,6,9,5,2,1013,68,8.3,.9555,2,0,0,39.611296
2005,6,9,5,2,1013,150,4,.9555,2,0,0,150
2005,6,9,6,2,1013,0,63.3,.9555,2,1,0,0
2005,6,9,6,2,1013,35.83,6.7,.9555,2,1,0,39.611296
2005,6,9,6,2,1013,35.9,6.7,.9555,2,1,0,39.611296
2005,6,9,6,2,1013,35.95,6.7,.9555,2,1,0,39.611296
2005,6,9,6,2,1013,36,6.7,.9555,2,1,0,39.611296
2005,6,9,6,2,1013,36.17,6.7,.9555,2,1,0,39.611296
2005,6,9,6,2,1013,36.53,6.7,.9555,2,1,0,39.611296
2005,6,9,6,2,1013,68,8.3,.9555,2,0,0,39.611296
2005,6,9,6,2,1013,150,4,.9555,2,0,0,150
2005,6,9,7,2,1013,0,63.3,.9555,2,1,0,0
2005,6,9,7,2,1013,35.83,6.7,.9555,2,1,0,39.611296
2005,6,9,7,2,1013,35.9,6.7,.9555,2,1,0,39.611296
2005,6,9,7,2,1013,35.95,6.7,.9555,2,1,0,39.611296
2005,6,9,7,2,1013,36,6.7,.9555,2,1,0,39.611296
2005,6,9,7,2,1013,36.17,6.7,.9555,2,1,0,39.611296
2005,6,9,7,2,1013,36.53,6.7,.9555,2,1,0,39.611296
2005,6,9,7,2,1013,68,8.3,.9555,2,0,0,39.611296
2005,6,9,7,2,1013,150,4,.9555,2,0,0,150
2005,6,9,8,2,1013,0,82.3,.9555,2,1,0,0
2005,6,9,8,2,1013,35.95,1,.9555,2,1,0,39.611296
2005,6,9,8,2,1013,36,6.7,.9555,2,1,0,39.611296
2005,6,9,8,2,1013,36.17,6.7,.9555,2,1,0,39.611296
2005,6,9,8,2,1013,36.53,6.7,.9555,2,1,0,39.611296
2005,6,9,8,2,1013,68,8.3,.9555,2,0,0,39.611296
2005,6,9,8,2,1013,150,4,.9555,2,0,0,150
2005,6,9,9,2,1013,0,103.3,.9555,2,1,0,0
2005,6,9,9,2,1013,68,8.3,.9555,2,0,0,39.611296
2005,6,9,9,2,1013,150,4,.9555,2,0,0,150
2005,6,9,10,2,1013,0,103.3,.9555,2,1,0,0
2005,6,9,10,2,1013,68,8.3,.9555,2,1,0,39.611296
2005,6,9,10,2,1013,150,4,.9555,2,0,0,150
2005,6,9,11,2,1013,0,103.3,.9555,2,1,0,0
2005,6,9,11,2,1013,68,8.3,.9555,2,1,0,39.611296
2005,6,9,11,2,1013,150,4,.9555,2,0,0,150
2005,6,9,12,2,1013,0,103.3,.9555,2,1,0,0
2005,6,9,12,2,1013,68,8.3,.9555,2,1,0,39.611296
2005,6,9,12,2,1013,150,4,.9555,2,0,0,150
2005,6,9,13,2,1013,0,103.3,.9555,2,1,0,0
2005,6,9,13,2,1013,68,8.3,.9555,2,1,0,39.611296
2005,6,9,13,2,1013,150,4,.9555,2,0,0,150
2005,6,9,14,2,1013,0,103.3,.9555,2,1,0,0
2005,6,9,14,2,1013,68,8.3,.9555,2,1,0,39.611296
2005,6,9,14,2,1013,150,4,.9555,2,0,0,150
2005,6,9,15,2,1013,0,103.3,.9555,2,1,0,0
2005,6,9,15,2,1013,68,8.3,.9555,2,1,0,39.611296
2005,6,9,15,2,1013,150,4,.9555,2,0,0,150
2005,6,9,16,2,1013,0,103.3,.9555,2,1,0,0
2005,6,9,16,2,1013,68,8.3,.9555,2,1,0,39.611296
2005,6,9,16,2,1013,150,4,.9555,2,0,0,150
2005,6,9,17,2,1013,0,103.3,.9555,2,1,0,0
2005,6,9,17,2,1013,68,8.3,.9555,2,1,0,39.611296
2005,6,9,17,2,1013,150,4,.9555,2,0,0,150
2005,6,9,18,2,1013,0,103.3,.9555,2,1,0,0
2005,6,9,18,2,1013,68,8.3,.9555,2,1,0,39.611296
2005,6,9,18,2,1013,150,4,.9555,2,0,0,150
2005,6,9,19,2,1013,0,103.3,.9555,2,1,0,0
2005,6,9,19,2,1013,68,8.3,.9555,2,1,0,39.611296
2005,6,9,19,2,1013,150,4,.9555,2,0,0,150
2005,6,9,20,2,1013,0,103.3,.9555,2,1,0,0
2005,6,9,20,2,1013,68,8.3,.9555,2,1,0,39.611296
2005,6,9,20,2,1013,150,4,.9555,2,0,0,150
2005,6,9,21,2,1013,0,103.3,.9555,2,1,0,0
2005,6,9,21,2,1013,68,8.3,.9555,2,0,0,39.611296
2005,6,9,21,2,1013,150,4,.9555,2,0,0,150
2005,6,9,22,2,1013,0,103.3,.9555,2,1,0,0
2005,6,9,22,2,1013,68,8.3,.9555,2,0,0,39.611296
2005,6,9,22,2,1013,150,4,.9555,2,0,0,150
2005,6,9,23,2,1013,0,103.3,.9555,2,1,0,0
2005,6,9,23,2,1013,68,8.3,.9555,2,0,0,39.611296
2005,6,9,23,2,1013,150,4,.9555,2,0,0,150
2005,6,9,24,2,1013,0,103.3,.9555,2,1,0,0
2005,6,9,24,2,1013,68,8.3,.9555,2,0,0,39.611296
2005,6,9,24,2,1013,150,4,.9555,2,0,0,150
2005,6,9,1,4,1013,0,164.7,.9555,2,1,0,0
2005,6,9,1,4,1013,35.95,2,.9555,2,1,0,39.611296
2005,6,9,1,4,1013,36,13.3,.9555,2,1,0,39.611296
2005,6,9,1,4,1013,36.17,13.3,.9555,2,1,0,39.611296
2005,6,9,1,4,1013,36.53,13.3,.9555,2,1,0,39.611296
2005,6,9,1,4,1013,68,16.7,.9555,2,0,0,39.611296
2005,6,9,1,4,1013,150,7.9,.9555,2,0,0,150
2005,6,9,2,4,1013,0,126.7,.9555,2,1,0,0
2005,6,9,2,4,1013,35.83,13.3,.9555,2,1,0,39.611296
2005,6,9,2,4,1013,35.9,13.3,.9555,2,1,0,39.611296
2005,6,9,2,4,1013,35.95,13.3,.9555,2,1,0,39.611296
2005,6,9,2,4,1013,36,13.3,.9555,2,1,0,39.611296
2005,6,9,2,4,1013,36.17,13.3,.9555,2,1,0,39.611296
2005,6,9,2,4,1013,36.53,13.3,.9555,2,1,0,39.611296
2005,6,9,2,4,1013,68,16.7,.9555,2,0,0,39.611296
2005,6,9,2,4,1013,150,7.9,.9555,2,0,0,150
2005,6,9,3,4,1013,0,126.7,.9555,2,1,0,0
2005,6,9,3,4,1013,35.83,13.3,.9555,2,1,0,39.611296
2005,6,9,3,4,1013,35.9,13.3,.9555,2,1,0,39.611296
2005,6,9,3,4,1013,35.95,13.3,.9555,2,1,0,39.611296
2005,6,9,3,4,1013,36,13.3,.9555,2,1,0,39.611296
2005,6,9,3,4,1013,36.17,13.3,.9555,2,1,0,39.611296
2005,6,9,3,4,1013,36.53,13.3,.9555,2,1,0,39.611296
2005,6,9,3,4,1013,68,16.7,.9555,2,0,0,39.611296
2005,6,9,3,4,1013,150,7.9,.9555,2,0,0,150
2005,6,9,4,4,1013,0,126.7,.9555,2,1,0,0
2005,6,9,4,4,1013,35.83,13.3,.9555,2,1,0,39.611296
2005,6,9,4,4,1013,35.9,13.3,.9555,2,1,0,39.611296
2005,6,9,4,4,1013,35.95,13.3,.9555,2,1,0,39.611296
2005,6,9,4,4,1013,36,13.3,.9555,2,1,0,39.611296
2005,6,9,4,4,1013,36.17,13.3,.9555,2,1,0,39.611296
2005,6,9,4,4,1013,36.53,13.3,.9555,2,1,0,39.611296
2005,6,9,4,4,1013,68,16.7,.9555,2,0,0,39.611296
2005,6,9,4,4,1013,150,7.9,.9555,2,0,0,150
2005,6,9,5,4,1013,0,126.7,.9555,2,1,0,0
2005,6,9,5,4,1013,35.83,13.3,.9555,2,1,0,39.611296
2005,6,9,5,4,1013,35.9,13.3,.9555,2,1,0,39.611296
2005,6,9,5,4,1013,35.95,13.3,.9555,2,1,0,39.611296
2005,6,9,5,4,1013,36,13.3,.9555,2,1,0,39.611296
2005,6,9,5,4,1013,36.17,13.3,.9555,2,1,0,39.611296
2005,6,9,5,4,1013,36.53,13.3,.9555,2,1,0,39.611296
2005,6,9,5,4,1013,68,16.7,.9555,2,0,0,39.611296
2005,6,9,5,4,1013,150,7.9,.9555,2,0,0,150
2005,6,9,6,4,1013,0,126.7,.9555,2,1,0,0
2005,6,9,6,4,1013,35.83,13.3,.9555,2,1,0,39.611296
2005,6,9,6,4,1013,35.9,13.3,.9555,2,1,0,39.611296
2005,6,9,6,4,1013,35.95,13.3,.9555,2,1,0,39.611296
2005,6,9,6,4,1013,36,13.3,.9555,2,1,0,39.611296
2005,6,9,6,4,1013,36.17,13.3,.9555,2,1,0,39.611296
2005,6,9,6,4,1013,36.53,13.3,.9555,2,1,0,39.611296
2005,6,9,6,4,1013,68,16.7,.9555,2,0,0,39.611296
2005,6,9,6,4,1013,150,7.9,.9555,2,0,0,150
2005,6,9,7,4,1013,0,126.7,.9555,2,1,0,0
2005,6,9,7,4,1013,35.83,13.3,.9555,2,1,0,39.611296
2005,6,9,7,4,1013,35.9,13.3,.9555,2,1,0,39.611296
2005,6,9,7,4,1013,35.95,13.3,.9555,2,1,0,39.611296
2005,6,9,7,4,1013,36,13.3,.9555,2,1,0,39.611296
2005,6,9,7,4,1013,36.17,13.3,.9555,2,1,0,39.611296
2005,6,9,7,4,1013,36.53,13.3,.9555,2,1,0,39.611296
2005,6,9,7,4,1013,68,16.7,.9555,2,0,0,39.611296
2005,6,9,7,4,1013,150,7.9,.9555,2,0,0,150
2005,6,9,8,4,1013,0,164.7,.9555,2,1,0,0
2005,6,9,8,4,1013,35.95,2,.9555,2,1,0,39.611296
2005,6,9,8,4,1013,36,13.3,.9555,2,1,0,39.611296
2005,6,9,8,4,1013,36.17,13.3,.9555,2,1,0,39.611296
2005,6,9,8,4,1013,36.53,13.3,.9555,2,1,0,39.611296
2005,6,9,8,4,1013,68,16.7,.9555,2,0,0,39.611296
2005,6,9,8,4,1013,150,7.9,.9555,2,0,0,150
2005,6,9,9,4,1013,0,206.7,.9555,2,1,0,0
2005,6,9,9,4,1013,68,16.7,.9555,2,0,0,39.611296
2005,6,9,9,4,1013,150,7.9,.9555,2,0,0,150
2005,6,9,10,4,1013,0,206.7,.9555,2,1,0,0
2005,6,9,10,4,1013,68,16.7,.9555,2,1,0,39.611296
2005,6,9,10,4,1013,150,7.9,.9555,2,0,0,150
2005,6,9,11,4,1013,0,206.7,.9555,2,1,0,0
2005,6,9,11,4,1013,68,16.7,.9555,2,1,0,39.611296
2005,6,9,11,4,1013,150,7.9,.9555,2,0,0,150
2005,6,9,12,4,1013,0,206.7,.9555,2,1,0,0
2005,6,9,12,4,1013,68,16.7,.9555,2,1,0,39.611296
2005,6,9,12,4,1013,150,7.9,.9555,2,0,0,150
2005,6,9,13,4,1013,0,206.7,.9555,2,1,0,0
2005,6,9,13,4,1013,68,16.7,.9555,2,1,0,39.611296
2005,6,9,13,4,1013,150,7.9,.9555,2,0,0,150
2005,6,9,14,4,1013,0,206.7,.9555,2,1,0,0
2005,6,9,14,4,1013,68,16.7,.9555,2,1,0,39.611296
2005,6,9,14,4,1013,150,7.9,.9555,2,0,0,150
2005,6,9,15,4,1013,0,206.7,.9555,2,1,0,0
2005,6,9,15,4,1013,68,16.7,.9555,2,1,0,39.611296
2005,6,9,15,4,1013,150,7.9,.9555,2,0,0,150
2005,6,9,16,4,1013,0,206.7,.9555,2,1,0,0
2005,6,9,16,4,1013,68,16.7,.9555,2,1,0,39.611296
2005,6,9,16,4,1013,150,7.9,.9555,2,0,0,150
2005,6,9,17,4,1013,0,206.7,.9555,2,1,0,0
2005,6,9,17,4,1013,68,16.7,.9555,2,1,0,39.611296
2005,6,9,17,4,1013,150,7.9,.9555,2,0,0,150
2005,6,9,18,4,1013,0,206.7,.9555,2,1,0,0
2005,6,9,18,4,1013,68,16.7,.9555,2,1,0,39.611296
2005,6,9,18,4,1013,150,7.9,.9555,2,0,0,150
2005,6,9,19,4,1013,0,206.7,.9555,2,1,0,0
2005,6,9,19,4,1013,68,16.7,.9555,2,1,0,39.611296
2005,6,9,19,4,1013,150,7.9,.9555,2,0,0,150
2005,6,9,20,4,1013,0,206.7,.9555,2,1,0,0
2005,6,9,20,4,1013,68,16.7,.9555,2,1,0,39.611296
2005,6,9,20,4,1013,150,7.9,.9555,2,0,0,150
2005,6,9,21,4,1013,0,206.7,.9555,2,1,0,0
2005,6,9,21,4,1013,68,16.7,.9555,2,0,0,39.611296
2005,6,9,21,4,1013,150,7.9,.9555,2,0,0,150
2005,6,9,22,4,1013,0,206.7,.9555,2,1,0,0
2005,6,9,22,4,1013,68,16.7,.9555,2,0,0,39.611296
2005,6,9,22,4,1013,150,7.9,.9555,2,0,0,150
2005,6,9,23,4,1013,0,206.7,.9555,2,1,0,0
2005,6,9,23,4,1013,68,16.7,.9555,2,0,0,39.611296
2005,6,9,23,4,1013,150,7.9,.9555,2,0,0,150
2005,6,9,24,4,1013,0,206.7,.9555,2,1,0,0
2005,6,9,24,4,1013,68,16.7,.9555,2,0,0,39.611296
2005,6,9,24,4,1013,150,7.9,.9555,2,0,0,150
2005,6,9,1,1,14,0,486,0,2,1,0,0
2005,6,9,1,1,14,125,13.4,0,2,0,0,125
2005,6,9,2,1,14,0,486,0,2,1,0,0
2005,6,9,2,1,14,125,13.4,0,2,0,0,125
2005,6,9,3,1,14,0,486,0,2,1,0,0
2005,6,9,3,1,14,125,13.4,0,2,0,0,125
2005,6,9,4,1,14,0,486,0,2,1,0,0
2005,6,9,4,1,14,125,13.4,0,2,0,0,125
2005,6,9,5,1,14,0,486,0,2,1,0,0
2005,6,9,5,1,14,125,13.4,0,2,0,0,125
2005,6,9,6,1,14,0,486,0,2,1,0,0
2005,6,9,6,1,14,125,13.4,0,2,0,0,125
2005,6,9,7,1,14,0,486,0,2,1,0,0
2005,6,9,7,1,14,125,13.4,0,2,0,0,125
2005,6,9,8,1,14,0,486,0,2,1,0,0
2005,6,9,8,1,14,125,13.4,0,2,0,0,125
2005,6,9,9,1,14,0,486,0,2,1,0,0
2005,6,9,9,1,14,125,13.4,0,2,0,0,125
2005,6,9,10,1,14,0,486,0,2,1,0,0
2005,6,9,10,1,14,125,13.4,0,2,0,0,125
2005,6,9,11,1,14,0,486,0,2,1,0,0
2005,6,9,11,1,14,125,13.4,0,2,0,0,125
2005,6,9,12,1,14,0,486,0,2,1,0,0
2005,6,9,12,1,14,125,13.4,0,2,0,0,125
2005,6,9,13,1,14,0,486,0,2,1,0,0
2005,6,9,13,1,14,125,13.4,0,2,0,0,125
2005,6,9,14,1,14,0,486,0,2,1,0,0
2005,6,9,14,1,14,125,13.4,0,2,0,0,125
2005,6,9,15,1,14,0,486,0,2,1,0,0
2005,6,9,15,1,14,125,13.4,0,2,0,0,125
2005,6,9,16,1,14,0,486,0,2,1,0,0
2005,6,9,16,1,14,125,13.4,0,2,0,0,125
2005,6,9,17,1,14,0,486,0,2,1,0,0
2005,6,9,17,1,14,125,13.4,0,2,0,0,125
2005,6,9,18,1,14,0,486,0,2,1,0,0
2005,6,9,18,1,14,125,13.4,0,2,0,0,125
2005,6,9,19,1,14,0,486,0,2,1,0,0
2005,6,9,19,1,14,125,13.4,0,2,0,0,125
2005,6,9,20,1,14,0,486,0,2,1,0,0
2005,6,9,20,1,14,125,13.4,0,2,0,0,125
2005,6,9,21,1,14,0,486,0,2,1,0,0
2005,6,9,21,1,14,125,13.4,0,2,0,0,125
2005,6,9,22,1,14,0,486,0,2,1,0,0
2005,6,9,22,1,14,125,13.4,0,2,0,0,125
2005,6,9,23,1,14,0,486,0,2,1,0,0
2005,6,9,23,1,14,125,13.4,0,2,0,0,125
2005,6,9,24,1,14,0,486,0,2,1,0,0
2005,6,9,24,1,14,125,13.4,0,2,0,0,125
2005,6,9,1,2,14,0,332.3,0,2,1,0,0
2005,6,9,1,2,14,125,9.1,0,2,0,0,125
2005,6,9,2,2,14,0,332.3,0,2,1,0,0
2005,6,9,2,2,14,125,9.1,0,2,0,0,125
2005,6,9,3,2,14,0,332.3,0,2,1,0,0
2005,6,9,3,2,14,125,9.1,0,2,0,0,125
2005,6,9,4,2,14,0,332.3,0,2,1,0,0
2005,6,9,4,2,14,125,9.1,0,2,0,0,125
2005,6,9,5,2,14,0,332.3,0,2,1,0,0
2005,6,9,5,2,14,125,9.1,0,2,0,0,125
2005,6,9,6,2,14,0,332.3,0,2,1,0,0
2005,6,9,6,2,14,125,9.1,0,2,0,0,125
2005,6,9,7,2,14,0,332.3,0,2,1,0,0
2005,6,9,7,2,14,125,9.1,0,2,0,0,125
2005,6,9,8,2,14,0,332.3,0,2,1,0,0
2005,6,9,8,2,14,125,9.1,0,2,0,0,125
2005,6,9,9,2,14,0,332.3,0,2,1,0,0
2005,6,9,9,2,14,125,9.1,0,2,0,0,125
2005,6,9,10,2,14,0,332.3,0,2,1,0,0
2005,6,9,10,2,14,125,9.1,0,2,0,0,125
2005,6,9,11,2,14,0,332.3,0,2,1,0,0
2005,6,9,11,2,14,125,9.1,0,2,0,0,125
2005,6,9,12,2,14,0,332.3,0,2,1,0,0
2005,6,9,12,2,14,125,9.1,0,2,0,0,125
2005,6,9,13,2,14,0,332.3,0,2,1,0,0
2005,6,9,13,2,14,125,9.1,0,2,0,0,125
2005,6,9,14,2,14,0,332.3,0,2,1,0,0
2005,6,9,14,2,14,125,9.1,0,2,0,0,125
2005,6,9,15,2,14,0,332.3,0,2,1,0,0
2005,6,9,15,2,14,125,9.1,0,2,0,0,125
2005,6,9,16,2,14,0,332.3,0,2,1,0,0
2005,6,9,16,2,14,125,9.1,0,2,0,0,125
2005,6,9,17,2,14,0,332.3,0,2,1,0,0
2005,6,9,17,2,14,125,9.1,0,2,0,0,125
2005,6,9,18,2,14,0,332.3,0,2,1,0,0
2005,6,9,18,2,14,125,9.1,0,2,0,0,125
2005,6,9,19,2,14,0,332.3,0,2,1,0,0
2005,6,9,19,2,14,125,9.1,0,2,0,0,125
2005,6,9,20,2,14,0,332.3,0,2,1,0,0
2005,6,9,20,2,14,125,9.1,0,2,0,0,125
2005,6,9,21,2,14,0,332.3,0,2,1,0,0
2005,6,9,21,2,14,125,9.1,0,2,0,0,125
2005,6,9,22,2,14,0,332.3,0,2,1,0,0
2005,6,9,22,2,14,125,9.1,0,2,0,0,125
2005,6,9,23,2,14,0,332.3,0,2,1,0,0
2005,6,9,23,2,14,125,9.1,0,2,0,0,125
2005,6,9,24,2,14,0,332.3,0,2,1,0,0
2005,6,9,24,2,14,125,9.1,0,2,0,0,125
2005,6,9,1,5,14,0,104.2,0,2,1,0,0
2005,6,9,1,5,14,125,2.9,0,2,0,0,125
2005,6,9,2,5,14,0,104.2,0,2,1,0,0
2005,6,9,2,5,14,125,2.9,0,2,0,0,125
2005,6,9,3,5,14,0,104.2,0,2,1,0,0
2005,6,9,3,5,14,125,2.9,0,2,0,0,125
2005,6,9,4,5,14,0,104.2,0,2,1,0,0
2005,6,9,4,5,14,125,2.9,0,2,0,0,125
2005,6,9,5,5,14,0,104.2,0,2,1,0,0
2005,6,9,5,5,14,125,2.9,0,2,0,0,125
2005,6,9,6,5,14,0,104.2,0,2,1,0,0
2005,6,9,6,5,14,125,2.9,0,2,0,0,125
2005,6,9,7,5,14,0,104.2,0,2,1,0,0
2005,6,9,7,5,14,125,2.9,0,2,0,0,125
2005,6,9,8,5,14,0,104.2,0,2,1,0,0
2005,6,9,8,5,14,125,2.9,0,2,0,0,125
2005,6,9,9,5,14,0,104.2,0,2,1,0,0
2005,6,9,9,5,14,125,2.9,0,2,0,0,125
2005,6,9,10,5,14,0,104.2,0,2,1,0,0
2005,6,9,10,5,14,125,2.9,0,2,0,0,125
2005,6,9,11,5,14,0,104.2,0,2,1,0,0
2005,6,9,11,5,14,125,2.9,0,2,0,0,125
2005,6,9,12,5,14,0,104.2,0,2,1,0,0
2005,6,9,12,5,14,125,2.9,0,2,0,0,125
2005,6,9,13,5,14,0,104.2,0,2,1,0,0
2005,6,9,13,5,14,125,2.9,0,2,0,0,125
2005,6,9,14,5,14,0,104.2,0,2,1,0,0
2005,6,9,14,5,14,125,2.9,0,2,0,0,125
2005,6,9,15,5,14,0,104.2,0,2,1,0,0
2005,6,9,15,5,14,125,2.9,0,2,0,0,125
2005,6,9,16,5,14,0,104.2,0,2,1,0,0
2005,6,9,16,5,14,125,2.9,0,2,0,0,125
2005,6,9,17,5,14,0,104.2,0,2,1,0,0
2005,6,9,17,5,14,125,2.9,0,2,0,0,125
2005,6,9,18,5,14,0,104.2,0,2,1,0,0
2005,6,9,18,5,14,125,2.9,0,2,0,0,125
2005,6,9,19,5,14,0,104.2,0,2,1,0,0
2005,6,9,19,5,14,125,2.9,0,2,0,0,125
2005,6,9,20,5,14,0,104.2,0,2,1,0,0
2005,6,9,20,5,14,125,2.9,0,2,0,0,125
2005,6,9,21,5,14,0,104.2,0,2,1,0,0
2005,6,9,21,5,14,125,2.9,0,2,0,0,125
2005,6,9,22,5,14,0,104.2,0,2,1,0,0
2005,6,9,22,5,14,125,2.9,0,2,0,0,125
2005,6,9,23,5,14,0,104.2,0,2,1,0,0
2005,6,9,23,5,14,125,2.9,0,2,0,0,125
2005,6,9,24,5,14,0,104.2,0,2,1,0,0
2005,6,9,24,5,14,125,2.9,0,2,0,0,125
2005,6,9,1,1,15,0,491.4,0,2,1,0,0
2005,6,9,1,1,15,125,6.6,0,2,0,0,125
2005,6,9,2,1,15,0,491.4,0,2,1,0,0
2005,6,9,2,1,15,125,6.6,0,2,0,0,125
2005,6,9,3,1,15,0,491.4,0,2,1,0,0
2005,6,9,3,1,15,125,6.6,0,2,0,0,125
2005,6,9,4,1,15,0,491.4,0,2,1,0,0
2005,6,9,4,1,15,125,6.6,0,2,0,0,125
2005,6,9,5,1,15,0,491.4,0,2,1,0,0
2005,6,9,5,1,15,125,6.6,0,2,0,0,125
2005,6,9,6,1,15,0,491.4,0,2,1,0,0
2005,6,9,6,1,15,125,6.6,0,2,0,0,125
2005,6,9,7,1,15,0,491.4,0,2,1,0,0
2005,6,9,7,1,15,125,6.6,0,2,0,0,125
2005,6,9,8,1,15,0,491.4,0,2,1,0,0
2005,6,9,8,1,15,125,6.6,0,2,0,0,125
2005,6,9,9,1,15,0,491.4,0,2,1,0,0
2005,6,9,9,1,15,125,6.6,0,2,0,0,125
2005,6,9,10,1,15,0,491.4,0,2,1,0,0
2005,6,9,10,1,15,125,6.6,0,2,0,0,125
2005,6,9,11,1,15,0,491.4,0,2,1,0,0
2005,6,9,11,1,15,125,6.6,0,2,0,0,125
2005,6,9,12,1,15,0,491.4,0,2,1,0,0
2005,6,9,12,1,15,125,6.6,0,2,0,0,125
2005,6,9,13,1,15,0,491.4,0,2,1,0,0
2005,6,9,13,1,15,125,6.6,0,2,0,0,125
2005,6,9,14,1,15,0,491.4,0,2,1,0,0
2005,6,9,14,1,15,125,6.6,0,2,0,0,125
2005,6,9,15,1,15,0,491.4,0,2,1,0,0
2005,6,9,15,1,15,125,6.6,0,2,0,0,125
2005,6,9,16,1,15,0,491.4,0,2,1,0,0
2005,6,9,16,1,15,125,6.6,0,2,0,0,125
2005,6,9,17,1,15,0,491.4,0,2,1,0,0
2005,6,9,17,1,15,125,6.6,0,2,0,0,125
2005,6,9,18,1,15,0,491.4,0,2,1,0,0
2005,6,9,18,1,15,125,6.6,0,2,0,0,125
2005,6,9,19,1,15,0,491.4,0,2,1,0,0
2005,6,9,19,1,15,125,6.6,0,2,0,0,125
2005,6,9,20,1,15,0,491.4,0,2,1,0,0
2005,6,9,20,1,15,125,6.6,0,2,0,0,125
2005,6,9,21,1,15,0,491.4,0,2,1,0,0
2005,6,9,21,1,15,125,6.6,0,2,0,0,125
2005,6,9,22,1,15,0,491.4,0,2,1,0,0
2005,6,9,22,1,15,125,6.6,0,2,0,0,125
2005,6,9,23,1,15,0,491.4,0,2,1,0,0
2005,6,9,23,1,15,125,6.6,0,2,0,0,125
2005,6,9,24,1,15,0,491.4,0,2,1,0,0
2005,6,9,24,1,15,125,6.6,0,2,0,0,125
2005,6,9,1,2,15,0,335.9,0,2,1,0,0
2005,6,9,1,2,15,125,4.5,0,2,0,0,125
2005,6,9,2,2,15,0,335.9,0,2,1,0,0
2005,6,9,2,2,15,125,4.5,0,2,0,0,125
2005,6,9,3,2,15,0,335.9,0,2,1,0,0
2005,6,9,3,2,15,125,4.5,0,2,0,0,125
2005,6,9,4,2,15,0,335.9,0,2,1,0,0
2005,6,9,4,2,15,125,4.5,0,2,0,0,125
2005,6,9,5,2,15,0,335.9,0,2,1,0,0
2005,6,9,5,2,15,125,4.5,0,2,0,0,125
2005,6,9,6,2,15,0,335.9,0,2,1,0,0
2005,6,9,6,2,15,125,4.5,0,2,0,0,125
2005,6,9,7,2,15,0,335.9,0,2,1,0,0
2005,6,9,7,2,15,125,4.5,0,2,0,0,125
2005,6,9,8,2,15,0,335.9,0,2,1,0,0
2005,6,9,8,2,15,125,4.5,0,2,0,0,125
2005,6,9,9,2,15,0,335.9,0,2,1,0,0
2005,6,9,9,2,15,125,4.5,0,2,0,0,125
2005,6,9,10,2,15,0,335.9,0,2,1,0,0
2005,6,9,10,2,15,125,4.5,0,2,0,0,125
2005,6,9,11,2,15,0,335.9,0,2,1,0,0
2005,6,9,11,2,15,125,4.5,0,2,0,0,125
2005,6,9,12,2,15,0,335.9,0,2,1,0,0
2005,6,9,12,2,15,125,4.5,0,2,0,0,125
2005,6,9,13,2,15,0,335.9,0,2,1,0,0
2005,6,9,13,2,15,125,4.5,0,2,0,0,125
2005,6,9,14,2,15,0,335.9,0,2,1,0,0
2005,6,9,14,2,15,125,4.5,0,2,0,0,125
2005,6,9,15,2,15,0,335.9,0,2,1,0,0
2005,6,9,15,2,15,125,4.5,0,2,0,0,125
2005,6,9,16,2,15,0,335.9,0,2,1,0,0
2005,6,9,16,2,15,125,4.5,0,2,0,0,125
2005,6,9,17,2,15,0,335.9,0,2,1,0,0
2005,6,9,17,2,15,125,4.5,0,2,0,0,125
2005,6,9,18,2,15,0,335.9,0,2,1,0,0
2005,6,9,18,2,15,125,4.5,0,2,0,0,125
2005,6,9,19,2,15,0,335.9,0,2,1,0,0
2005,6,9,19,2,15,125,4.5,0,2,0,0,125
2005,6,9,20,2,15,0,335.9,0,2,1,0,0
2005,6,9,20,2,15,125,4.5,0,2,0,0,125
2005,6,9,21,2,15,0,335.9,0,2,1,0,0
2005,6,9,21,2,15,125,4.5,0,2,0,0,125
2005,6,9,22,2,15,0,335.9,0,2,1,0,0
2005,6,9,22,2,15,125,4.5,0,2,0,0,125
2005,6,9,23,2,15,0,335.9,0,2,1,0,0
2005,6,9,23,2,15,125,4.5,0,2,0,0,125
2005,6,9,24,2,15,0,335.9,0,2,1,0,0
2005,6,9,24,2,15,125,4.5,0,2,0,0,125
2005,6,9,1,5,15,0,105.3,0,2,1,0,0
2005,6,9,1,5,15,125,1.4,0,2,0,0,125
2005,6,9,2,5,15,0,105.3,0,2,1,0,0
2005,6,9,2,5,15,125,1.4,0,2,0,0,125
2005,6,9,3,5,15,0,105.3,0,2,1,0,0
2005,6,9,3,5,15,125,1.4,0,2,0,0,125
2005,6,9,4,5,15,0,105.3,0,2,1,0,0
2005,6,9,4,5,15,125,1.4,0,2,0,0,125
2005,6,9,5,5,15,0,105.3,0,2,1,0,0
2005,6,9,5,5,15,125,1.4,0,2,0,0,125
2005,6,9,6,5,15,0,105.3,0,2,1,0,0
2005,6,9,6,5,15,125,1.4,0,2,0,0,125
2005,6,9,7,5,15,0,105.3,0,2,1,0,0
2005,6,9,7,5,15,125,1.4,0,2,0,0,125
2005,6,9,8,5,15,0,105.3,0,2,1,0,0
2005,6,9,8,5,15,125,1.4,0,2,0,0,125
2005,6,9,9,5,15,0,105.3,0,2,1,0,0
2005,6,9,9,5,15,125,1.4,0,2,0,0,125
2005,6,9,10,5,15,0,105.3,0,2,1,0,0
2005,6,9,10,5,15,125,1.4,0,2,0,0,125
2005,6,9,11,5,15,0,105.3,0,2,1,0,0
2005,6,9,11,5,15,125,1.4,0,2,0,0,125
2005,6,9,12,5,15,0,105.3,0,2,1,0,0
2005,6,9,12,5,15,125,1.4,0,2,0,0,125
2005,6,9,13,5,15,0,105.3,0,2,1,0,0
2005,6,9,13,5,15,125,1.4,0,2,0,0,125
2005,6,9,14,5,15,0,105.3,0,2,1,0,0
2005,6,9,14,5,15,125,1.4,0,2,0,0,125
2005,6,9,15,5,15,0,105.3,0,2,1,0,0
2005,6,9,15,5,15,125,1.4,0,2,0,0,125
2005,6,9,16,5,15,0,105.3,0,2,1,0,0
2005,6,9,16,5,15,125,1.4,0,2,0,0,125
2005,6,9,17,5,15,0,105.3,0,2,1,0,0
2005,6,9,17,5,15,125,1.4,0,2,0,0,125
2005,6,9,18,5,15,0,105.3,0,2,1,0,0
2005,6,9,18,5,15,125,1.4,0,2,0,0,125
2005,6,9,19,5,15,0,105.3,0,2,1,0,0
2005,6,9,19,5,15,125,1.4,0,2,0,0,125
2005,6,9,20,5,15,0,105.3,0,2,1,0,0
2005,6,9,20,5,15,125,1.4,0,2,0,0,125
2005,6,9,21,5,15,0,105.3,0,2,1,0,0
2005,6,9,21,5,15,125,1.4,0,2,0,0,125
2005,6,9,22,5,15,0,105.3,0,2,1,0,0
2005,6,9,22,5,15,125,1.4,0,2,0,0,125
2005,6,9,23,5,15,0,105.3,0,2,1,0,0
2005,6,9,23,5,15,125,1.4,0,2,0,0,125
2005,6,9,24,5,15,0,105.3,0,2,1,0,0
2005,6,9,24,5,15,125,1.4,0,2,0,0,125
2005,6,9,1,9,16,0,3.5,0,2,1,0,0
2005,6,9,2,9,16,0,3.5,0,2,1,0,0
2005,6,9,3,9,16,0,3.5,0,2,1,0,0
2005,6,9,4,9,16,0,3.5,0,2,1,0,0
2005,6,9,5,9,16,0,3.5,0,2,1,0,0
2005,6,9,6,9,16,0,3.5,0,2,1,0,0
2005,6,9,7,9,16,0,3.5,0,2,1,0,0
2005,6,9,8,9,16,0,3.5,0,2,1,0,0
2005,6,9,9,9,16,0,3.5,0,2,1,0,0
2005,6,9,10,9,16,0,3.1,0,2,1,0,0
2005,6,9,11,9,16,0,3.1,0,2,1,0,0
2005,6,9,12,9,16,0,3.1,0,2,1,0,0
2005,6,9,13,9,16,0,3.1,0,2,1,0,0
2005,6,9,14,9,16,0,3.1,0,2,1,0,0
2005,6,9,15,9,16,0,3.1,0,2,1,0,0
2005,6,9,16,9,16,0,3.1,0,2,1,0,0
2005,6,9,17,9,16,0,3.1,0,2,1,0,0
2005,6,9,18,9,16,0,3.1,0,2,1,0,0
2005,6,9,19,9,16,0,3.1,0,2,1,0,0
2005,6,9,20,9,16,0,3.1,0,2,1,0,0
2005,6,9,21,9,16,0,3.1,0,2,1,0,0
2005,6,9,22,9,16,0,3.5,0,2,1,0,0
2005,6,9,23,9,16,0,3.5,0,2,1,0,0
2005,6,9,24,9,16,0,3.5,0,2,1,0,0
2005,6,9,1,9,17,0,5.1,0,2,1,0,0
2005,6,9,2,9,17,0,5.1,0,2,1,0,0
2005,6,9,3,9,17,0,5.1,0,2,1,0,0
2005,6,9,4,9,17,0,5.1,0,2,1,0,0
2005,6,9,5,9,17,0,5.1,0,2,1,0,0
2005,6,9,6,9,17,0,5.1,0,2,1,0,0
2005,6,9,7,9,17,0,5.1,0,2,1,0,0
2005,6,9,8,9,17,0,5.1,0,2,1,0,0
2005,6,9,9,9,17,0,5,0,2,1,0,0
2005,6,9,10,9,17,0,5,0,2,1,0,0
2005,6,9,11,9,17,0,5,0,2,1,0,0
2005,6,9,12,9,17,0,5,0,2,1,0,0
2005,6,9,13,9,17,0,5,0,2,1,0,0
2005,6,9,14,9,17,0,5,0,2,1,0,0
2005,6,9,15,9,17,0,5,0,2,1,0,0
2005,6,9,16,9,17,0,5,0,2,1,0,0
2005,6,9,17,9,17,0,5,0,2,1,0,0
2005,6,9,18,9,17,0,5,0,2,1,0,0
2005,6,9,19,9,17,0,5,0,2,1,0,0
2005,6,9,20,9,17,0,5,0,2,1,0,0
2005,6,9,21,9,17,0,5,0,2,1,0,0
2005,6,9,22,9,17,0,5,0,2,1,0,0
2005,6,9,23,9,17,0,5,0,2,1,0,0
2005,6,9,24,9,17,0,5,0,2,1,0,0
2005,6,9,1,9,18,0,8.7,0,2,1,0,0
2005,6,9,2,9,18,0,8.7,0,2,1,0,0
2005,6,9,3,9,18,0,8.7,0,2,1,0,0
2005,6,9,4,9,18,0,8.7,0,2,1,0,0
2005,6,9,5,9,18,0,8.7,0,2,1,0,0
2005,6,9,6,9,18,0,8.6,0,2,1,0,0
2005,6,9,7,9,18,0,8.6,0,2,1,0,0
2005,6,9,8,9,18,0,8.6,0,2,1,0,0
2005,6,9,9,9,18,0,8.9,0,2,1,0,0
2005,6,9,10,9,18,0,8.9,0,2,1,0,0
2005,6,9,11,9,18,0,9.7,0,2,1,0,0
2005,6,9,12,9,18,0,9.6,0,2,1,0,0
2005,6,9,13,9,18,0,9.5,0,2,1,0,0
2005,6,9,14,9,18,0,9.4,0,2,1,0,0
2005,6,9,15,9,18,0,9.4,0,2,1,0,0
2005,6,9,16,9,18,0,9.4,0,2,1,0,0
2005,6,9,17,9,18,0,8.9,0,2,1,0,0
2005,6,9,18,9,18,0,8.9,0,2,1,0,0
2005,6,9,19,9,18,0,8.9,0,2,1,0,0
2005,6,9,20,9,18,0,8.9,0,2,1,0,0
2005,6,9,21,9,18,0,9,0,2,1,0,0
2005,6,9,22,9,18,0,9,0,2,1,0,0
2005,6,9,23,9,18,0,8.7,0,2,1,0,0
2005,6,9,24,9,18,0,8.7,0,2,1,0,0
2005,6,9,1,1,1015,12,230,.370879,2,1,0,41.826344
2005,6,9,1,1,1015,35.48,50,.370879,2,1,0,41.826344
2005,6,9,1,1,1015,37.88,50,.370879,2,1,0,41.826344
2005,6,9,1,1,1015,40.28,59.2,.370879,2,1,0,41.826344
2005,6,9,2,1,1015,12,230,.370879,2,1,0,41.826344
2005,6,9,2,1,1015,35.48,50,.370879,2,1,0,41.826344
2005,6,9,2,1,1015,37.88,50,.370879,2,1,0,41.826344
2005,6,9,2,1,1015,40.28,59.2,.370879,2,0,0,41.826344
2005,6,9,3,1,1015,12,230,.370879,2,1,0,41.826344
2005,6,9,3,1,1015,35.48,50,.370879,2,1,0,41.826344
2005,6,9,3,1,1015,37.88,50,.370879,2,0,0,41.826344
2005,6,9,3,1,1015,40.28,59.2,.370879,2,0,0,41.826344
2005,6,9,4,1,1015,12,230,.370879,2,1,0,41.826344
2005,6,9,4,1,1015,35.48,50,.370879,2,1,0,41.826344
2005,6,9,4,1,1015,37.88,50,.370879,2,0,0,41.826344
2005,6,9,4,1,1015,40.28,59.2,.370879,2,0,0,41.826344
2005,6,9,5,1,1015,12,230,.370879,2,1,0,41.826344
2005,6,9,5,1,1015,35.48,50,.370879,2,1,0,41.826344
2005,6,9,5,1,1015,37.88,50,.370879,2,0,0,41.826344
2005,6,9,5,1,1015,40.28,59.2,.370879,2,0,0,41.826344
2005,6,9,6,1,1015,12,230,.370879,2,1,0,41.826344
2005,6,9,6,1,1015,35.48,50,.370879,2,1,0,41.826344
2005,6,9,6,1,1015,37.88,50,.370879,2,0,0,41.826344
2005,6,9,6,1,1015,40.28,59.2,.370879,2,0,0,41.826344
2005,6,9,7,1,1015,12,230,.370879,2,1,0,41.826344
2005,6,9,7,1,1015,35.48,50,.370879,2,1,0,41.826344
2005,6,9,7,1,1015,37.88,50,.370879,2,1,0,41.826344
2005,6,9,7,1,1015,40.28,59.2,.370879,2,0,0,41.826344
2005,6,9,8,1,1015,12,230,.370879,2,1,0,41.826344
2005,6,9,8,1,1015,35.48,50,.370879,2,1,0,41.826344
2005,6,9,8,1,1015,37.88,50,.370879,2,1,0,41.826344
2005,6,9,8,1,1015,40.28,59.2,.370879,2,1,0,41.826344
2005,6,9,9,1,1015,12,230,.370879,2,1,0,41.826344
2005,6,9,9,1,1015,35.48,50,.370879,2,1,0,41.826344
2005,6,9,9,1,1015,37.88,50,.370879,2,1,0,41.826344
2005,6,9,9,1,1015,40.28,59.2,.370879,2,1,0,41.826344
2005,6,9,10,1,1015,12,230,.370879,2,1,0,41.826344
2005,6,9,10,1,1015,35.48,50,.370879,2,1,0,41.826344
2005,6,9,10,1,1015,37.88,50,.370879,2,1,0,41.826344
2005,6,9,10,1,1015,40.28,59.2,.370879,2,1,0,41.826344
2005,6,9,11,1,1015,12,230,.370879,2,1,0,41.826344
2005,6,9,11,1,1015,35.48,50,.370879,2,1,0,41.826344
2005,6,9,11,1,1015,37.88,50,.370879,2,1,0,41.826344
2005,6,9,11,1,1015,40.28,59.2,.370879,2,1,0,41.826344
2005,6,9,12,1,1015,12,230,.370879,2,1,0,41.826344
2005,6,9,12,1,1015,35.48,50,.370879,2,1,0,41.826344
2005,6,9,12,1,1015,37.88,50,.370879,2,1,0,41.826344
2005,6,9,12,1,1015,40.28,59.2,.370879,2,1,0,41.826344
2005,6,9,13,1,1015,12,230,.370879,2,1,0,41.826344
2005,6,9,13,1,1015,35.48,50,.370879,2,1,0,41.826344
2005,6,9,13,1,1015,37.88,50,.370879,2,1,0,41.826344
2005,6,9,13,1,1015,40.28,59.2,.370879,2,1,0,41.826344
2005,6,9,14,1,1015,12,230,.370879,2,1,0,41.826344
2005,6,9,14,1,1015,35.48,50,.370879,2,1,0,41.826344
2005,6,9,14,1,1015,37.88,50,.370879,2,1,0,41.826344
2005,6,9,14,1,1015,40.28,59.2,.370879,2,1,0,41.826344
2005,6,9,15,1,1015,12,230,.370879,2,1,0,41.826344
2005,6,9,15,1,1015,35.48,50,.370879,2,1,0,41.826344
2005,6,9,15,1,1015,37.88,50,.370879,2,1,0,41.826344
2005,6,9,15,1,1015,40.28,59.2,.370879,2,1,0,41.826344
2005,6,9,16,1,1015,12,230,.370879,2,1,0,41.826344
2005,6,9,16,1,1015,35.48,50,.370879,2,1,0,41.826344
2005,6,9,16,1,1015,37.88,50,.370879,2,1,0,41.826344
2005,6,9,16,1,1015,40.28,59.2,.370879,2,1,0,41.826344
2005,6,9,17,1,1015,12,230,.370879,2,1,0,41.826344
2005,6,9,17,1,1015,35.48,50,.370879,2,1,0,41.826344
2005,6,9,17,1,1015,37.88,50,.370879,2,1,0,41.826344
2005,6,9,17,1,1015,40.28,59.2,.370879,2,1,0,41.826344
2005,6,9,18,1,1015,12,230,.370879,2,1,0,41.826344
2005,6,9,18,1,1015,35.48,50,.370879,2,1,0,41.826344
2005,6,9,18,1,1015,37.88,50,.370879,2,1,0,41.826344
2005,6,9,18,1,1015,40.28,59.2,.370879,2,1,0,41.826344
2005,6,9,19,1,1015,12,230,.370879,2,1,0,41.826344
2005,6,9,19,1,1015,35.48,50,.370879,2,1,0,41.826344
2005,6,9,19,1,1015,37.88,50,.370879,2,1,0,41.826344
2005,6,9,19,1,1015,40.28,59.2,.370879,2,1,0,41.826344
2005,6,9,20,1,1015,12,230,.370879,2,1,0,41.826344
2005,6,9,20,1,1015,35.48,50,.370879,2,1,0,41.826344
2005,6,9,20,1,1015,37.88,50,.370879,2,1,0,41.826344
2005,6,9,20,1,1015,40.28,59.2,.370879,2,1,0,41.826344
2005,6,9,21,1,1015,12,230,.370879,2,1,0,41.826344
2005,6,9,21,1,1015,35.48,50,.370879,2,1,0,41.826344
2005,6,9,21,1,1015,37.88,50,.370879,2,1,0,41.826344
2005,6,9,21,1,1015,40.28,59.2,.370879,2,1,0,41.826344
2005,6,9,22,1,1015,12,230,.370879,2,1,0,41.826344
2005,6,9,22,1,1015,35.48,50,.370879,2,1,0,41.826344
2005,6,9,22,1,1015,37.88,50,.370879,2,1,0,41.826344
2005,6,9,22,1,1015,40.28,59.2,.370879,2,1,0,41.826344
2005,6,9,23,1,1015,12,230,.370879,2,1,0,41.826344
2005,6,9,23,1,1015,35.48,50,.370879,2,1,0,41.826344
2005,6,9,23,1,1015,37.88,50,.370879,2,1,0,41.826344
2005,6,9,23,1,1015,40.28,59.2,.370879,2,1,0,41.826344
2005,6,9,24,1,1015,12,230,.370879,2,1,0,41.826344
2005,6,9,24,1,1015,35.48,50,.370879,2,1,0,41.826344
2005,6,9,24,1,1015,37.88,50,.370879,2,1,0,41.826344
2005,6,9,24,1,1015,40.28,59.2,.370879,2,1,0,41.826344
2005,6,9,1,1,1016,0,230,.370879,2,1,0,0
2005,6,9,1,1,1016,35.23,50,.370879,2,1,0,41.826344
2005,6,9,1,1,1016,37.63,50,.370879,2,1,0,41.826344
2005,6,9,1,1,1016,40.03,43.2,.370879,2,1,0,41.826344
2005,6,9,2,1,1016,0,230,.370879,2,1,0,0
2005,6,9,2,1,1016,35.23,50,.370879,2,1,0,41.826344
2005,6,9,2,1,1016,37.63,50,.370879,2,1,0,41.826344
2005,6,9,2,1,1016,40.03,43.2,.370879,2,0,0,41.826344
2005,6,9,3,1,1016,0,230,.370879,2,1,0,0
2005,6,9,3,1,1016,35.23,50,.370879,2,1,0,41.826344
2005,6,9,3,1,1016,37.63,50,.370879,2,0,0,41.826344
2005,6,9,3,1,1016,40.03,43.2,.370879,2,0,0,41.826344
2005,6,9,4,1,1016,0,230,.370879,2,1,0,0
2005,6,9,4,1,1016,35.23,50,.370879,2,1,0,41.826344
2005,6,9,4,1,1016,37.63,50,.370879,2,0,0,41.826344
2005,6,9,4,1,1016,40.03,43.2,.370879,2,0,0,41.826344
2005,6,9,5,1,1016,0,230,.370879,2,1,0,0
2005,6,9,5,1,1016,35.23,50,.370879,2,1,0,41.826344
2005,6,9,5,1,1016,37.63,50,.370879,2,0,0,41.826344
2005,6,9,5,1,1016,40.03,43.2,.370879,2,0,0,41.826344
2005,6,9,6,1,1016,0,230,.370879,2,1,0,0
2005,6,9,6,1,1016,35.23,50,.370879,2,1,0,41.826344
2005,6,9,6,1,1016,37.63,50,.370879,2,0,0,41.826344
2005,6,9,6,1,1016,40.03,43.2,.370879,2,0,0,41.826344
2005,6,9,7,1,1016,0,230,.370879,2,1,0,0
2005,6,9,7,1,1016,35.23,50,.370879,2,1,0,41.826344
2005,6,9,7,1,1016,37.63,50,.370879,2,1,0,41.826344
2005,6,9,7,1,1016,40.03,43.2,.370879,2,0,0,41.826344
2005,6,9,8,1,1016,0,230,.370879,2,1,0,0
2005,6,9,8,1,1016,35.23,50,.370879,2,1,0,41.826344
2005,6,9,8,1,1016,37.63,50,.370879,2,1,0,41.826344
2005,6,9,8,1,1016,40.03,43.2,.370879,2,1,0,41.826344
2005,6,9,9,1,1016,0,230,.370879,2,1,0,0
2005,6,9,9,1,1016,35.23,50,.370879,2,1,0,41.826344
2005,6,9,9,1,1016,37.63,50,.370879,2,1,0,41.826344
2005,6,9,9,1,1016,40.03,43.2,.370879,2,1,0,41.826344
2005,6,9,10,1,1016,0,230,.370879,2,1,0,0
2005,6,9,10,1,1016,35.23,50,.370879,2,1,0,41.826344
2005,6,9,10,1,1016,37.63,50,.370879,2,1,0,41.826344
2005,6,9,10,1,1016,40.03,43.2,.370879,2,1,0,41.826344
2005,6,9,11,1,1016,0,230,.370879,2,1,0,0
2005,6,9,11,1,1016,35.23,50,.370879,2,1,0,41.826344
2005,6,9,11,1,1016,37.63,50,.370879,2,1,0,41.826344
2005,6,9,11,1,1016,40.03,43.2,.370879,2,1,0,41.826344
2005,6,9,12,1,1016,0,230,.370879,2,1,0,0
2005,6,9,12,1,1016,35.23,50,.370879,2,1,0,41.826344
2005,6,9,12,1,1016,37.63,50,.370879,2,1,0,41.826344
2005,6,9,12,1,1016,40.03,43.2,.370879,2,1,0,41.826344
2005,6,9,13,1,1016,0,230,.370879,2,1,0,0
2005,6,9,13,1,1016,35.23,50,.370879,2,1,0,41.826344
2005,6,9,13,1,1016,37.63,50,.370879,2,1,0,41.826344
2005,6,9,13,1,1016,40.03,43.2,.370879,2,1,0,41.826344
2005,6,9,14,1,1016,0,230,.370879,2,1,0,0
2005,6,9,14,1,1016,35.23,50,.370879,2,1,0,41.826344
2005,6,9,14,1,1016,37.63,50,.370879,2,1,0,41.826344
2005,6,9,14,1,1016,40.03,43.2,.370879,2,1,0,41.826344
2005,6,9,15,1,1016,0,230,.370879,2,1,0,0
2005,6,9,15,1,1016,35.23,50,.370879,2,1,0,41.826344
2005,6,9,15,1,1016,37.63,50,.370879,2,1,0,41.826344
2005,6,9,15,1,1016,40.03,43.2,.370879,2,1,0,41.826344
2005,6,9,16,1,1016,0,230,.370879,2,1,0,0
2005,6,9,16,1,1016,35.23,50,.370879,2,1,0,41.826344
2005,6,9,16,1,1016,37.63,50,.370879,2,1,0,41.826344
2005,6,9,16,1,1016,40.03,43.2,.370879,2,1,0,41.826344
2005,6,9,17,1,1016,0,230,.370879,2,1,0,0
2005,6,9,17,1,1016,35.23,50,.370879,2,1,0,41.826344
2005,6,9,17,1,1016,37.63,50,.370879,2,1,0,41.826344
2005,6,9,17,1,1016,40.03,43.2,.370879,2,1,0,41.826344
2005,6,9,18,1,1016,0,230,.370879,2,1,0,0
2005,6,9,18,1,1016,35.23,50,.370879,2,1,0,41.826344
2005,6,9,18,1,1016,37.63,50,.370879,2,1,0,41.826344
2005,6,9,18,1,1016,40.03,43.2,.370879,2,1,0,41.826344
2005,6,9,19,1,1016,0,230,.370879,2,1,0,0
2005,6,9,19,1,1016,35.23,50,.370879,2,1,0,41.826344
2005,6,9,19,1,1016,37.63,50,.370879,2,1,0,41.826344
2005,6,9,19,1,1016,40.03,43.2,.370879,2,1,0,41.826344
2005,6,9,20,1,1016,0,230,.370879,2,1,0,0
2005,6,9,20,1,1016,35.23,50,.370879,2,1,0,41.826344
2005,6,9,20,1,1016,37.63,50,.370879,2,1,0,41.826344
2005,6,9,20,1,1016,40.03,43.2,.370879,2,1,0,41.826344
2005,6,9,21,1,1016,0,230,.370879,2,1,0,0
2005,6,9,21,1,1016,35.23,50,.370879,2,1,0,41.826344
2005,6,9,21,1,1016,37.63,50,.370879,2,1,0,41.826344
2005,6,9,21,1,1016,40.03,43.2,.370879,2,1,0,41.826344
2005,6,9,22,1,1016,0,230,.370879,2,1,0,0
2005,6,9,22,1,1016,35.23,50,.370879,2,1,0,41.826344
2005,6,9,22,1,1016,37.63,50,.370879,2,1,0,41.826344
2005,6,9,22,1,1016,40.03,43.2,.370879,2,1,0,41.826344
2005,6,9,23,1,1016,0,230,.370879,2,1,0,0
2005,6,9,23,1,1016,35.23,50,.370879,2,1,0,41.826344
2005,6,9,23,1,1016,37.63,50,.370879,2,1,0,41.826344
2005,6,9,23,1,1016,40.03,43.2,.370879,2,1,0,41.826344
2005,6,9,24,1,1016,0,230,.370879,2,1,0,0
2005,6,9,24,1,1016,35.23,50,.370879,2,1,0,41.826344
2005,6,9,24,1,1016,37.63,50,.370879,2,1,0,41.826344
2005,6,9,24,1,1016,40.03,43.2,.370879,2,1,0,41.826344
2005,6,9,1,5,1018,.01,200,.342533,2,1,0,.01
2005,6,9,1,5,1018,33.86,3.7,.342533,2,1,0,40.855555
2005,6,9,1,5,1018,33.96,3.7,.342533,2,1,0,40.855555
2005,6,9,1,5,1018,34.05,3.7,.342533,2,1,0,40.855555
2005,6,9,1,5,1018,34.15,3.7,.342533,2,1,0,40.855555
2005,6,9,1,5,1018,34.18,145.2,.342533,2,1,0,40.855555
2005,6,9,1,5,1018,180.3,30,.342533,2,0,0,180.3
2005,6,9,2,5,1018,.01,200,.342533,2,1,0,.01
2005,6,9,2,5,1018,33.86,3.7,.342533,2,1,0,40.855555
2005,6,9,2,5,1018,33.96,3.7,.342533,2,1,0,40.855555
2005,6,9,2,5,1018,34.05,3.7,.342533,2,1,0,40.855555
2005,6,9,2,5,1018,34.15,3.7,.342533,2,1,0,40.855555
2005,6,9,2,5,1018,34.18,145.2,.342533,2,1,0,40.855555
2005,6,9,2,5,1018,180.3,30,.342533,2,0,0,180.3
2005,6,9,3,5,1018,.01,200,.342533,2,1,0,.01
2005,6,9,3,5,1018,33.86,3.7,.342533,2,1,0,40.855555
2005,6,9,3,5,1018,33.96,3.7,.342533,2,1,0,40.855555
2005,6,9,3,5,1018,34.05,3.7,.342533,2,1,0,40.855555
2005,6,9,3,5,1018,34.15,3.7,.342533,2,1,0,40.855555
2005,6,9,3,5,1018,34.18,145.2,.342533,2,1,0,40.855555
2005,6,9,3,5,1018,180.3,30,.342533,2,0,0,180.3
2005,6,9,4,5,1018,.01,200,.342533,2,1,0,.01
2005,6,9,4,5,1018,33.86,3.7,.342533,2,1,0,40.855555
2005,6,9,4,5,1018,33.96,3.7,.342533,2,1,0,40.855555
2005,6,9,4,5,1018,34.05,3.7,.342533,2,1,0,40.855555
2005,6,9,4,5,1018,34.15,3.7,.342533,2,1,0,40.855555
2005,6,9,4,5,1018,34.18,145.2,.342533,2,1,0,40.855555
2005,6,9,4,5,1018,180.3,30,.342533,2,0,0,180.3
2005,6,9,5,5,1018,.01,200,.342533,2,1,0,.01
2005,6,9,5,5,1018,33.86,3.7,.342533,2,1,0,40.855555
2005,6,9,5,5,1018,33.96,3.7,.342533,2,1,0,40.855555
2005,6,9,5,5,1018,34.05,3.7,.342533,2,1,0,40.855555
2005,6,9,5,5,1018,34.15,3.7,.342533,2,1,0,40.855555
2005,6,9,5,5,1018,34.18,145.2,.342533,2,1,0,40.855555
2005,6,9,5,5,1018,180.3,30,.342533,2,0,0,180.3
2005,6,9,6,5,1018,.01,200,.342533,2,1,0,.01
2005,6,9,6,5,1018,33.86,3.7,.342533,2,1,0,40.855555
2005,6,9,6,5,1018,33.96,3.7,.342533,2,1,0,40.855555
2005,6,9,6,5,1018,34.05,3.7,.342533,2,1,0,40.855555
2005,6,9,6,5,1018,34.15,3.7,.342533,2,1,0,40.855555
2005,6,9,6,5,1018,34.18,145.2,.342533,2,1,0,40.855555
2005,6,9,6,5,1018,180.3,30,.342533,2,0,0,180.3
2005,6,9,7,5,1018,.01,200,.342533,2,1,0,.01
2005,6,9,7,5,1018,33.86,3.7,.342533,2,1,0,40.855555
2005,6,9,7,5,1018,33.96,3.7,.342533,2,1,0,40.855555
2005,6,9,7,5,1018,34.05,3.7,.342533,2,1,0,40.855555
2005,6,9,7,5,1018,34.15,3.7,.342533,2,1,0,40.855555
2005,6,9,7,5,1018,34.18,145.2,.342533,2,1,0,40.855555
2005,6,9,7,5,1018,180.3,30,.342533,2,0,0,180.3
2005,6,9,8,5,1018,.01,200,.342533,2,1,0,.01
2005,6,9,8,5,1018,33.86,3.7,.342533,2,1,0,40.855555
2005,6,9,8,5,1018,33.96,3.7,.342533,2,1,0,40.855555
2005,6,9,8,5,1018,34.05,3.7,.342533,2,1,0,40.855555
2005,6,9,8,5,1018,34.15,3.7,.342533,2,1,0,40.855555
2005,6,9,8,5,1018,34.18,145.2,.342533,2,1,0,40.855555
2005,6,9,8,5,1018,180.3,30,.342533,2,0,0,180.3
2005,6,9,9,5,1018,.01,200,.342533,2,1,0,.01
2005,6,9,9,5,1018,33.86,3.7,.342533,2,1,0,40.855555
2005,6,9,9,5,1018,33.96,3.7,.342533,2,1,0,40.855555
2005,6,9,9,5,1018,34.05,3.7,.342533,2,1,0,40.855555
2005,6,9,9,5,1018,34.15,3.7,.342533,2,1,0,40.855555
2005,6,9,9,5,1018,34.18,65.2,.342533,2,1,0,40.855555
2005,6,9,9,5,1018,151.7,85,.342533,2,0,0,151.7
2005,6,9,9,5,1018,180.3,25,.342533,2,0,0,180.3
2005,6,9,10,5,1018,.01,200,.342533,2,1,0,.01
2005,6,9,10,5,1018,33.86,3.7,.342533,2,1,0,40.855555
2005,6,9,10,5,1018,33.96,3.7,.342533,2,1,0,40.855555
2005,6,9,10,5,1018,34.05,3.7,.342533,2,1,0,40.855555
2005,6,9,10,5,1018,34.15,3.7,.342533,2,1,0,40.855555
2005,6,9,10,5,1018,34.18,65.2,.342533,2,1,0,40.855555
2005,6,9,10,5,1018,151.7,85,.342533,2,0,0,151.7
2005,6,9,10,5,1018,180.3,25,.342533,2,0,0,180.3
2005,6,9,11,5,1018,.01,200,.342533,2,1,0,.01
2005,6,9,11,5,1018,33.86,3.7,.342533,2,1,0,40.855555
2005,6,9,11,5,1018,33.96,3.7,.342533,2,1,0,40.855555
2005,6,9,11,5,1018,34.05,3.7,.342533,2,1,0,40.855555
2005,6,9,11,5,1018,34.15,3.7,.342533,2,1,0,40.855555
2005,6,9,11,5,1018,34.18,65.2,.342533,2,1,0,40.855555
2005,6,9,11,5,1018,151.7,85,.342533,2,0,0,151.7
2005,6,9,11,5,1018,180.3,25,.342533,2,0,0,180.3
2005,6,9,12,5,1018,.01,200,.342533,2,1,0,.01
2005,6,9,12,5,1018,33.86,3.7,.342533,2,1,0,40.855555
2005,6,9,12,5,1018,33.96,3.7,.342533,2,1,0,40.855555
2005,6,9,12,5,1018,34.05,3.7,.342533,2,1,0,40.855555
2005,6,9,12,5,1018,34.15,3.7,.342533,2,1,0,40.855555
2005,6,9,12,5,1018,34.18,65.2,.342533,2,1,0,40.855555
2005,6,9,12,5,1018,151.7,85,.342533,2,0,0,151.7
2005,6,9,12,5,1018,180.3,25,.342533,2,0,0,180.3
2005,6,9,13,5,1018,0,200,.342533,2,1,0,0
2005,6,9,13,5,1018,33.86,3.7,.342533,2,1,0,40.855555
2005,6,9,13,5,1018,33.96,3.7,.342533,2,1,0,40.855555
2005,6,9,13,5,1018,34.05,3.7,.342533,2,1,0,40.855555
2005,6,9,13,5,1018,34.15,3.7,.342533,2,1,0,40.855555
2005,6,9,13,5,1018,34.18,65.2,.342533,2,1,0,40.855555
2005,6,9,13,5,1018,151.7,85,.342533,2,0,0,151.7
2005,6,9,13,5,1018,180.3,25,.342533,2,0,0,180.3
2005,6,9,14,5,1018,0,200,.342533,2,1,0,0
2005,6,9,14,5,1018,33.86,3.7,.342533,2,1,0,40.855555
2005,6,9,14,5,1018,33.96,3.7,.342533,2,1,0,40.855555
2005,6,9,14,5,1018,34.05,3.7,.342533,2,1,0,40.855555
2005,6,9,14,5,1018,34.15,3.7,.342533,2,1,0,40.855555
2005,6,9,14,5,1018,34.18,65.2,.342533,2,1,0,40.855555
2005,6,9,14,5,1018,151.7,85,.342533,2,0,0,151.7
2005,6,9,14,5,1018,180.3,25,.342533,2,0,0,180.3
2005,6,9,15,5,1018,0,200,.342533,2,1,0,0
2005,6,9,15,5,1018,33.86,3.7,.342533,2,1,0,40.855555
2005,6,9,15,5,1018,33.96,3.7,.342533,2,1,0,40.855555
2005,6,9,15,5,1018,34.05,3.7,.342533,2,1,0,40.855555
2005,6,9,15,5,1018,34.15,3.7,.342533,2,1,0,40.855555
2005,6,9,15,5,1018,34.18,65.2,.342533,2,1,0,40.855555
2005,6,9,15,5,1018,151.7,85,.342533,2,0,0,151.7
2005,6,9,15,5,1018,180.3,25,.342533,2,0,0,180.3
2005,6,9,16,5,1018,0,200,.342533,2,1,0,0
2005,6,9,16,5,1018,33.86,3.7,.342533,2,1,0,40.855555
2005,6,9,16,5,1018,33.96,3.7,.342533,2,1,0,40.855555
2005,6,9,16,5,1018,34.05,3.7,.342533,2,1,0,40.855555
2005,6,9,16,5,1018,34.15,3.7,.342533,2,1,0,40.855555
2005,6,9,16,5,1018,34.18,65.2,.342533,2,1,0,40.855555
2005,6,9,16,5,1018,151.7,85,.342533,2,0,0,151.7
2005,6,9,16,5,1018,180.3,25,.342533,2,0,0,180.3
2005,6,9,17,5,1018,0,200,.342533,2,1,0,0
2005,6,9,17,5,1018,33.86,3.7,.342533,2,1,0,40.855555
2005,6,9,17,5,1018,33.96,3.7,.342533,2,1,0,40.855555
2005,6,9,17,5,1018,34.05,3.7,.342533,2,1,0,40.855555
2005,6,9,17,5,1018,34.15,3.7,.342533,2,1,0,40.855555
2005,6,9,17,5,1018,34.18,65.2,.342533,2,1,0,40.855555
2005,6,9,17,5,1018,151.7,85,.342533,2,0,0,151.7
2005,6,9,17,5,1018,180.3,25,.342533,2,0,0,180.3
2005,6,9,18,5,1018,0,200,.342533,2,1,0,0
2005,6,9,18,5,1018,33.86,3.7,.342533,2,1,0,40.855555
2005,6,9,18,5,1018,33.96,3.7,.342533,2,1,0,40.855555
2005,6,9,18,5,1018,34.05,3.7,.342533,2,1,0,40.855555
2005,6,9,18,5,1018,34.15,3.7,.342533,2,1,0,40.855555
2005,6,9,18,5,1018,34.18,65.2,.342533,2,1,0,40.855555
2005,6,9,18,5,1018,151.7,85,.342533,2,0,0,151.7
2005,6,9,18,5,1018,180.3,25,.342533,2,0,0,180.3
2005,6,9,19,5,1018,0,200,.342533,2,1,0,0
2005,6,9,19,5,1018,33.86,3.7,.342533,2,1,0,40.855555
2005,6,9,19,5,1018,33.96,3.7,.342533,2,1,0,40.855555
2005,6,9,19,5,1018,34.05,3.7,.342533,2,1,0,40.855555
2005,6,9,19,5,1018,34.15,3.7,.342533,2,1,0,40.855555
2005,6,9,19,5,1018,34.18,65.2,.342533,2,1,0,40.855555
2005,6,9,19,5,1018,151.7,85,.342533,2,0,0,151.7
2005,6,9,19,5,1018,180.3,25,.342533,2,0,0,180.3
2005,6,9,20,5,1018,0,200,.342533,2,1,0,0
2005,6,9,20,5,1018,33.86,3.7,.342533,2,1,0,40.855555
2005,6,9,20,5,1018,33.96,3.7,.342533,2,1,0,40.855555
2005,6,9,20,5,1018,34.05,3.7,.342533,2,1,0,40.855555
2005,6,9,20,5,1018,34.15,3.7,.342533,2,1,0,40.855555
2005,6,9,20,5,1018,34.18,65.2,.342533,2,1,0,40.855555
2005,6,9,20,5,1018,151.7,85,.342533,2,0,0,151.7
2005,6,9,20,5,1018,180.3,25,.342533,2,0,0,180.3
2005,6,9,21,5,1018,0,200,.342533,2,1,0,0
2005,6,9,21,5,1018,33.86,3.7,.342533,2,1,0,40.855555
2005,6,9,21,5,1018,33.96,3.7,.342533,2,1,0,40.855555
2005,6,9,21,5,1018,34.05,3.7,.342533,2,1,0,40.855555
2005,6,9,21,5,1018,34.15,3.7,.342533,2,1,0,40.855555
2005,6,9,21,5,1018,34.18,65.2,.342533,2,1,0,40.855555
2005,6,9,21,5,1018,151.7,85,.342533,2,0,0,151.7
2005,6,9,21,5,1018,180.3,25,.342533,2,0,0,180.3
2005,6,9,22,5,1018,0,200,.342533,2,1,0,0
2005,6,9,22,5,1018,33.86,3.7,.342533,2,1,0,40.855555
2005,6,9,22,5,1018,33.96,3.7,.342533,2,1,0,40.855555
2005,6,9,22,5,1018,34.05,3.7,.342533,2,1,0,40.855555
2005,6,9,22,5,1018,34.15,3.7,.342533,2,1,0,40.855555
2005,6,9,22,5,1018,34.18,65.2,.342533,2,1,0,40.855555
2005,6,9,22,5,1018,151.7,85,.342533,2,0,0,151.7
2005,6,9,22,5,1018,180.3,25,.342533,2,0,0,180.3
2005,6,9,23,5,1018,0,200,.342533,2,1,0,0
2005,6,9,23,5,1018,33.86,3.7,.342533,2,1,0,40.855555
2005,6,9,23,5,1018,33.96,3.7,.342533,2,1,0,40.855555
2005,6,9,23,5,1018,34.05,3.7,.342533,2,1,0,40.855555
2005,6,9,23,5,1018,34.15,3.7,.342533,2,1,0,40.855555
2005,6,9,23,5,1018,34.18,65.2,.342533,2,1,0,40.855555
2005,6,9,23,5,1018,151.7,85,.342533,2,0,0,151.7
2005,6,9,23,5,1018,180.3,25,.342533,2,0,0,180.3
2005,6,9,24,5,1018,0,200,.342533,2,1,0,0
2005,6,9,24,5,1018,33.86,3.7,.342533,2,1,0,40.855555
2005,6,9,24,5,1018,33.96,3.7,.342533,2,1,0,40.855555
2005,6,9,24,5,1018,34.05,3.7,.342533,2,1,0,40.855555
2005,6,9,24,5,1018,34.15,3.7,.342533,2,1,0,40.855555
2005,6,9,24,5,1018,34.18,65.2,.342533,2,1,0,40.855555
2005,6,9,24,5,1018,151.7,85,.342533,2,0,0,151.7
2005,6,9,24,5,1018,180.3,25,.342533,2,0,0,180.3
2005,6,9,1,5,1019,34.18,109.8,.342533,2,1,0,41.331384
2005,6,9,1,5,1019,180.3,40,.342533,2,0,0,180.3
2005,6,9,2,5,1019,0,9.6,.342533,2,1,0,0
2005,6,9,2,5,1019,33.86,3.7,.342533,2,1,0,41.331384
2005,6,9,2,5,1019,33.96,3.7,.342533,2,1,0,41.331384
2005,6,9,2,5,1019,34.05,3.7,.342533,2,1,0,41.331384
2005,6,9,2,5,1019,34.15,3.7,.342533,2,1,0,41.331384
2005,6,9,2,5,1019,34.18,135.2,.342533,2,1,0,41.331384
2005,6,9,2,5,1019,180.3,40,.342533,2,0,0,180.3
2005,6,9,3,5,1019,0,33.1,.342533,2,1,0,0
2005,6,9,3,5,1019,33.86,3.7,.342533,2,1,0,41.331384
2005,6,9,3,5,1019,33.96,3.7,.342533,2,1,0,41.331384
2005,6,9,3,5,1019,34.05,3.7,.342533,2,1,0,41.331384
2005,6,9,3,5,1019,34.15,3.7,.342533,2,1,0,41.331384
2005,6,9,3,5,1019,34.18,135.2,.342533,2,1,0,41.331384
2005,6,9,3,5,1019,180.3,40,.342533,2,0,0,180.3
2005,6,9,4,5,1019,0,47,.342533,2,1,0,0
2005,6,9,4,5,1019,33.86,3.7,.342533,2,1,0,41.331384
2005,6,9,4,5,1019,33.96,3.7,.342533,2,1,0,41.331384
2005,6,9,4,5,1019,34.05,3.7,.342533,2,1,0,41.331384
2005,6,9,4,5,1019,34.15,3.7,.342533,2,1,0,41.331384
2005,6,9,4,5,1019,34.18,135.2,.342533,2,1,0,41.331384
2005,6,9,4,5,1019,180.3,40,.342533,2,0,0,180.3
2005,6,9,5,5,1019,0,60,.342533,2,1,0,0
2005,6,9,5,5,1019,33.86,3.7,.342533,2,1,0,41.331384
2005,6,9,5,5,1019,33.96,3.7,.342533,2,1,0,41.331384
2005,6,9,5,5,1019,34.05,3.7,.342533,2,1,0,41.331384
2005,6,9,5,5,1019,34.15,3.7,.342533,2,1,0,41.331384
2005,6,9,5,5,1019,34.18,135.2,.342533,2,1,0,41.331384
2005,6,9,5,5,1019,180.3,40,.342533,2,0,0,180.3
2005,6,9,6,5,1019,0,57.1,.342533,2,1,0,0
2005,6,9,6,5,1019,33.86,3.7,.342533,2,1,0,41.331384
2005,6,9,6,5,1019,33.96,3.7,.342533,2,1,0,41.331384
2005,6,9,6,5,1019,34.05,3.7,.342533,2,1,0,41.331384
2005,6,9,6,5,1019,34.15,3.7,.342533,2,1,0,41.331384
2005,6,9,6,5,1019,34.18,135.2,.342533,2,1,0,41.331384
2005,6,9,6,5,1019,180.3,40,.342533,2,0,0,180.3
2005,6,9,7,5,1019,0,30.3,.342533,2,1,0,0
2005,6,9,7,5,1019,33.86,3.7,.342533,2,1,0,41.331384
2005,6,9,7,5,1019,33.96,3.7,.342533,2,1,0,41.331384
2005,6,9,7,5,1019,34.05,3.7,.342533,2,1,0,41.331384
2005,6,9,7,5,1019,34.15,3.7,.342533,2,1,0,41.331384
2005,6,9,7,5,1019,34.18,135.2,.342533,2,1,0,41.331384
2005,6,9,7,5,1019,180.3,40,.342533,2,0,0,180.3
2005,6,9,8,5,1019,34.18,134,.342533,2,1,0,41.331384
2005,6,9,8,5,1019,180.3,40,.342533,2,0,0,180.3
2005,6,9,9,5,1019,34.18,74.7,.342533,2,1,0,41.331384
2005,6,9,9,5,1019,180.3,40,.342533,2,0,0,180.3
2005,6,9,10,5,1019,34.18,47.1,.342533,2,1,0,41.331384
2005,6,9,10,5,1019,180.3,40,.342533,2,0,0,180.3
2005,6,9,11,5,1019,34.18,18.2,.342533,2,1,0,41.331384
2005,6,9,11,5,1019,180.3,40,.342533,2,0,0,180.3
2005,6,9,12,5,1019,34.18,2.1,.342533,2,1,0,41.331384
2005,6,9,12,5,1019,180.3,40,.342533,2,0,0,180.3
2005,6,9,13,5,1019,180.3,28.7,.342533,2,0,0,180.3
2005,6,9,14,5,1019,180.3,28.4,.342533,2,0,0,180.3
2005,6,9,15,5,1019,34.18,14.6,.342533,2,1,0,41.331384
2005,6,9,15,5,1019,180.3,40,.342533,2,0,0,180.3
2005,6,9,16,5,1019,34.18,16.1,.342533,2,1,0,41.331384
2005,6,9,16,5,1019,180.3,40,.342533,2,0,0,180.3
2005,6,9,17,5,1019,34.18,15.6,.342533,2,1,0,41.331384
2005,6,9,17,5,1019,180.3,40,.342533,2,0,0,180.3
2005,6,9,18,5,1019,34.18,12.3,.342533,2,1,0,41.331384
2005,6,9,18,5,1019,180.3,40,.342533,2,0,0,180.3
2005,6,9,19,5,1019,34.18,16.4,.342533,2,1,0,41.331384
2005,6,9,19,5,1019,180.3,40,.342533,2,0,0,180.3
2005,6,9,20,5,1019,34.18,20.2,.342533,2,1,0,41.331384
2005,6,9,20,5,1019,180.3,40,.342533,2,0,0,180.3
2005,6,9,21,5,1019,34.18,17.3,.342533,2,1,0,41.331384
2005,6,9,21,5,1019,180.3,40,.342533,2,0,0,180.3
2005,6,9,22,5,1019,34.18,10.9,.342533,2,1,0,41.331384
2005,6,9,22,5,1019,180.3,40,.342533,2,0,0,180.3
2005,6,9,23,5,1019,180.3,36.1,.342533,2,0,0,180.3
2005,6,9,24,5,1019,34.18,36.3,.342533,2,1,0,41.331384
2005,6,9,24,5,1019,180.3,40,.342533,2,0,0,180.3
2005,6,9,1,9,23,180.3,.5,0,1,1,0,180.3
2005,6,9,2,9,23,180.3,.5,0,1,1,0,180.3
2005,6,9,3,9,23,180.3,.5,0,1,1,0,180.3
2005,6,9,4,9,23,180.3,.5,0,1,1,0,180.3
2005,6,9,5,9,23,180.3,.5,0,1,1,0,180.3
2005,6,9,6,9,23,180.3,.5,0,1,1,0,180.3
2005,6,9,7,9,23,180.3,.5,0,1,1,0,180.3
2005,6,9,8,9,23,180.3,.5,0,1,1,0,180.3
2005,6,9,9,9,23,180.3,.5,0,1,1,0,180.3
2005,6,9,10,9,23,180.3,.6,0,1,1,0,180.3
2005,6,9,11,9,23,180.3,.5,0,1,1,0,180.3
2005,6,9,12,9,23,180.3,.5,0,1,1,0,180.3
2005,6,9,13,9,23,180.3,.5,0,1,1,0,180.3
2005,6,9,14,9,23,180.3,.5,0,1,1,0,180.3
2005,6,9,15,9,23,180.3,.5,0,1,1,0,180.3
2005,6,9,16,9,23,180.3,.5,0,1,1,0,180.3
2005,6,9,17,9,23,180.3,.5,0,1,1,0,180.3
2005,6,9,18,9,23,180.3,.5,0,1,1,0,180.3
2005,6,9,19,9,23,180.3,.5,0,1,1,0,180.3
2005,6,9,20,9,23,180.3,.5,0,1,1,0,180.3
2005,6,9,21,9,23,180.3,.5,0,1,1,0,180.3
2005,6,9,22,9,23,180.3,.5,0,1,1,0,180.3
2005,6,9,23,9,23,180.3,.5,0,1,1,0,180.3
2005,6,9,24,9,23,180.3,.5,0,1,1,0,180.3
2005,6,9,1,2,24,0,877,0,2,1,0,0
2005,6,9,1,2,24,120.01,23,0,2,0,0,120.01
2005,6,9,2,2,24,0,878,0,2,1,0,0
2005,6,9,2,2,24,120.01,22,0,2,0,0,120.01
2005,6,9,3,2,24,0,881,0,2,1,0,0
2005,6,9,3,2,24,120.01,19,0,2,0,0,120.01
2005,6,9,4,2,24,0,882,0,2,1,0,0
2005,6,9,4,2,24,120.01,18,0,2,0,0,120.01
2005,6,9,5,2,24,0,883,0,2,1,0,0
2005,6,9,5,2,24,120.01,17,0,2,0,0,120.01
2005,6,9,6,2,24,0,884,0,2,1,0,0
2005,6,9,6,2,24,120.01,16,0,2,0,0,120.01
2005,6,9,7,2,24,0,885,0,2,1,0,0
2005,6,9,7,2,24,120.01,15,0,2,0,0,120.01
2005,6,9,8,2,24,0,859,0,2,1,0,0
2005,6,9,8,2,24,120.01,41,0,2,0,0,120.01
2005,6,9,9,2,24,0,824,0,2,1,0,0
2005,6,9,9,2,24,120.01,76,0,2,0,0,120.01
2005,6,9,10,2,24,0,850,0,2,1,0,0
2005,6,9,10,2,24,120.01,50,0,2,0,0,120.01
2005,6,9,11,2,24,0,881,0,2,1,0,0
2005,6,9,11,2,24,120.01,19,0,2,0,0,120.01
2005,6,9,12,2,24,0,879,0,2,1,0,0
2005,6,9,12,2,24,120.01,21,0,2,0,0,120.01
2005,6,9,13,2,24,0,876,0,2,1,0,0
2005,6,9,13,2,24,120.01,24,0,2,0,0,120.01
2005,6,9,14,2,24,0,875,0,2,1,0,0
2005,6,9,14,2,24,120.01,25,0,2,0,0,120.01
2005,6,9,15,2,24,0,873,0,2,1,0,0
2005,6,9,15,2,24,120.01,27,0,2,0,0,120.01
2005,6,9,16,2,24,0,873,0,2,1,0,0
2005,6,9,16,2,24,120.01,27,0,2,0,0,120.01
2005,6,9,17,2,24,0,872,0,2,1,0,0
2005,6,9,17,2,24,120.01,28,0,2,0,0,120.01
2005,6,9,18,2,24,0,872,0,2,1,0,0
2005,6,9,18,2,24,120.01,28,0,2,0,0,120.01
2005,6,9,19,2,24,0,869,0,2,1,0,0
2005,6,9,19,2,24,120.01,31,0,2,0,0,120.01
2005,6,9,20,2,24,0,871,0,2,1,0,0
2005,6,9,20,2,24,120.01,29,0,2,0,0,120.01
2005,6,9,21,2,24,0,872,0,2,1,0,0
2005,6,9,21,2,24,120.01,28,0,2,0,0,120.01
2005,6,9,22,2,24,0,874,0,2,1,0,0
2005,6,9,22,2,24,120.01,26,0,2,0,0,120.01
2005,6,9,23,2,24,0,875,0,2,1,0,0
2005,6,9,23,2,24,120.01,25,0,2,0,0,120.01
2005,6,9,24,2,24,0,876,0,2,1,0,0
2005,6,9,24,2,24,120.01,24,0,2,0,0,120.01
2005,6,9,1,1,25,0,144.6,0,2,1,0,0
2005,6,9,1,1,25,120.01,4.2,0,2,0,0,120.01
2005,6,9,2,1,25,0,144.8,0,2,1,0,0
2005,6,9,2,1,25,120.01,4,0,2,0,0,120.01
2005,6,9,3,1,25,0,145,0,2,1,0,0
2005,6,9,3,1,25,120.01,3.7,0,2,0,0,120.01
2005,6,9,4,1,25,0,145.3,0,2,1,0,0
2005,6,9,4,1,25,120.01,3.4,0,2,0,0,120.01
2005,6,9,5,1,25,0,145.5,0,2,1,0,0
2005,6,9,5,1,25,120.01,3.3,0,2,0,0,120.01
2005,6,9,6,1,25,0,145.7,0,2,1,0,0
2005,6,9,6,1,25,120.01,3.1,0,2,0,0,120.01
2005,6,9,7,1,25,0,145.7,0,2,1,0,0
2005,6,9,7,1,25,120.01,3.1,0,2,0,0,120.01
2005,6,9,8,1,25,0,141.9,0,2,1,0,0
2005,6,9,8,1,25,120.01,6.9,0,2,0,0,120.01
2005,6,9,9,1,25,0,136.7,0,2,1,0,0
2005,6,9,9,1,25,120.01,12.1,0,2,0,0,120.01
2005,6,9,10,1,25,0,140.5,0,2,1,0,0
2005,6,9,10,1,25,120.01,8.2,0,2,0,0,120.01
2005,6,9,11,1,25,0,145.2,0,2,1,0,0
2005,6,9,11,1,25,120.01,3.6,0,2,0,0,120.01
2005,6,9,12,1,25,0,144.9,0,2,1,0,0
2005,6,9,12,1,25,120.01,3.9,0,2,0,0,120.01
2005,6,9,13,1,25,0,144.4,0,2,1,0,0
2005,6,9,13,1,25,120.01,4.3,0,2,0,0,120.01
2005,6,9,14,1,25,0,144.3,0,2,1,0,0
2005,6,9,14,1,25,120.01,4.5,0,2,0,0,120.01
2005,6,9,15,1,25,0,144,0,2,1,0,0
2005,6,9,15,1,25,120.01,4.8,0,2,0,0,120.01
2005,6,9,16,1,25,0,144,0,2,1,0,0
2005,6,9,16,1,25,120.01,4.8,0,2,0,0,120.01
2005,6,9,17,1,25,0,143.8,0,2,1,0,0
2005,6,9,17,1,25,120.01,4.9,0,2,0,0,120.01
2005,6,9,18,1,25,0,143.7,0,2,1,0,0
2005,6,9,18,1,25,120.01,5.1,0,2,0,0,120.01
2005,6,9,19,1,25,0,143.4,0,2,1,0,0
2005,6,9,19,1,25,120.01,5.4,0,2,0,0,120.01
2005,6,9,20,1,25,0,143.7,0,2,1,0,0
2005,6,9,20,1,25,120.01,5.1,0,2,0,0,120.01
2005,6,9,21,1,25,0,143.8,0,2,1,0,0
2005,6,9,21,1,25,120.01,4.9,0,2,0,0,120.01
2005,6,9,22,1,25,0,144,0,2,1,0,0
2005,6,9,22,1,25,120.01,4.8,0,2,0,0,120.01
2005,6,9,23,1,25,0,144.3,0,2,1,0,0
2005,6,9,23,1,25,120.01,4.5,0,2,0,0,120.01
2005,6,9,24,1,25,0,144.4,0,2,1,0,0
2005,6,9,24,1,25,120.01,4.3,0,2,0,0,120.01
2005,6,9,1,2,25,0,819.4,0,2,1,0,0
2005,6,9,1,2,25,120.01,23.5,0,2,0,0,120.01
2005,6,9,2,2,25,0,820.3,0,2,1,0,0
2005,6,9,2,2,25,120.01,22.7,0,2,0,0,120.01
2005,6,9,3,2,25,0,821.9,0,2,1,0,0
2005,6,9,3,2,25,120.01,21,0,2,0,0,120.01
2005,6,9,4,2,25,0,823.7,0,2,1,0,0
2005,6,9,4,2,25,120.01,19.3,0,2,0,0,120.01
2005,6,9,5,2,25,0,824.5,0,2,1,0,0
2005,6,9,5,2,25,120.01,18.4,0,2,0,0,120.01
2005,6,9,6,2,25,0,825.4,0,2,1,0,0
2005,6,9,6,2,25,120.01,17.6,0,2,0,0,120.01
2005,6,9,7,2,25,0,825.4,0,2,1,0,0
2005,6,9,7,2,25,120.01,17.6,0,2,0,0,120.01
2005,6,9,8,2,25,0,804.1,0,2,1,0,0
2005,6,9,8,2,25,120.01,38.8,0,2,0,0,120.01
2005,6,9,9,2,25,0,774.4,0,2,1,0,0
2005,6,9,9,2,25,120.01,68.6,0,2,0,0,120.01
2005,6,9,10,2,25,0,796.4,0,2,1,0,0
2005,6,9,10,2,25,120.01,46.5,0,2,0,0,120.01
2005,6,9,11,2,25,0,822.8,0,2,1,0,0
2005,6,9,11,2,25,120.01,20.1,0,2,0,0,120.01
2005,6,9,12,2,25,0,821.1,0,2,1,0,0
2005,6,9,12,2,25,120.01,21.8,0,2,0,0,120.01
2005,6,9,13,2,25,0,818.5,0,2,1,0,0
2005,6,9,13,2,25,120.01,24.4,0,2,0,0,120.01
2005,6,9,14,2,25,0,817.7,0,2,1,0,0
2005,6,9,14,2,25,120.01,25.2,0,2,0,0,120.01
2005,6,9,15,2,25,0,816,0,2,1,0,0
2005,6,9,15,2,25,120.01,26.9,0,2,0,0,120.01
2005,6,9,16,2,25,0,816,0,2,1,0,0
2005,6,9,16,2,25,120.01,26.9,0,2,0,0,120.01
2005,6,9,17,2,25,0,815.1,0,2,1,0,0
2005,6,9,17,2,25,120.01,27.8,0,2,0,0,120.01
2005,6,9,18,2,25,0,814.3,0,2,1,0,0
2005,6,9,18,2,25,120.01,28.6,0,2,0,0,120.01
2005,6,9,19,2,25,0,812.6,0,2,1,0,0
2005,6,9,19,2,25,120.01,30.3,0,2,0,0,120.01
2005,6,9,20,2,25,0,814.3,0,2,1,0,0
2005,6,9,20,2,25,120.01,28.6,0,2,0,0,120.01
2005,6,9,21,2,25,0,815.1,0,2,1,0,0
2005,6,9,21,2,25,120.01,27.8,0,2,0,0,120.01
2005,6,9,22,2,25,0,816,0,2,1,0,0
2005,6,9,22,2,25,120.01,26.9,0,2,0,0,120.01
2005,6,9,23,2,25,0,817.7,0,2,1,0,0
2005,6,9,23,2,25,120.01,25.2,0,2,0,0,120.01
2005,6,9,24,2,25,0,818.5,0,2,1,0,0
2005,6,9,24,2,25,120.01,24.4,0,2,0,0,120.01
2005,6,9,1,9,26,0,75,0,2,1,0,0
2005,6,9,2,9,26,0,75,0,2,1,0,0
2005,6,9,3,9,26,0,75,0,2,1,0,0
2005,6,9,4,9,26,0,75,0,2,1,0,0
2005,6,9,5,9,26,0,75,0,2,1,0,0
2005,6,9,6,9,26,0,75,0,2,1,0,0
2005,6,9,7,9,26,0,75,0,2,1,0,0
2005,6,9,8,9,26,0,75,0,2,1,0,0
2005,6,9,9,9,26,0,75,0,2,1,0,0
2005,6,9,10,9,26,0,75,0,2,1,0,0
2005,6,9,11,9,26,0,75,0,2,1,0,0
2005,6,9,12,9,26,0,75,0,2,1,0,0
2005,6,9,13,9,26,0,75,0,2,1,0,0
2005,6,9,14,9,26,0,75,0,2,1,0,0
2005,6,9,15,9,26,0,75,0,2,1,0,0
2005,6,9,16,9,26,0,75,0,2,1,0,0
2005,6,9,17,9,26,0,75,0,2,1,0,0
2005,6,9,18,9,26,0,75,0,2,1,0,0
2005,6,9,19,9,26,0,75,0,2,1,0,0
2005,6,9,20,9,26,0,75,0,2,1,0,0
2005,6,9,21,9,26,0,75,0,2,1,0,0
2005,6,9,22,9,26,0,75,0,2,1,0,0
2005,6,9,23,9,26,0,75,0,2,1,0,0
2005,6,9,24,9,26,0,75,0,2,1,0,0
2005,6,9,1,9,27,0,2.8,0,2,1,0,0
2005,6,9,2,9,27,0,2.8,0,2,1,0,0
2005,6,9,3,9,27,0,2.8,0,2,1,0,0
2005,6,9,4,9,27,0,2.8,0,2,1,0,0
2005,6,9,5,9,27,0,2.8,0,2,1,0,0
2005,6,9,6,9,27,0,2.8,0,2,1,0,0
2005,6,9,7,9,27,0,2.8,0,2,1,0,0
2005,6,9,8,9,27,0,2.7,0,2,1,0,0
2005,6,9,9,9,27,0,2.7,0,2,1,0,0
2005,6,9,10,9,27,0,2.7,0,2,1,0,0
2005,6,9,11,9,27,0,2.6,0,2,1,0,0
2005,6,9,12,9,27,0,2.6,0,2,1,0,0
2005,6,9,13,9,27,0,2.4,0,2,1,0,0
2005,6,9,14,9,27,0,2.5,0,2,1,0,0
2005,6,9,15,9,27,0,2.5,0,2,1,0,0
2005,6,9,16,9,27,0,2.5,0,2,1,0,0
2005,6,9,17,9,27,0,2.6,0,2,1,0,0
2005,6,9,18,9,27,0,2.6,0,2,1,0,0
2005,6,9,19,9,27,0,2.6,0,2,1,0,0
2005,6,9,20,9,27,0,2.6,0,2,1,0,0
2005,6,9,21,9,27,0,2.6,0,2,1,0,0
2005,6,9,22,9,27,0,2.6,0,2,1,0,0
2005,6,9,23,9,27,0,2.6,0,2,1,0,0
2005,6,9,24,9,27,0,2.6,0,2,1,0,0
2005,6,9,8,9,28,0,.2,0,2,1,0,0
2005,6,9,9,9,28,0,.8,0,2,1,0,0
2005,6,9,10,9,28,0,.9,0,2,1,0,0
2005,6,9,11,9,28,0,.9,0,2,1,0,0
2005,6,9,12,9,28,0,.9,0,2,1,0,0
2005,6,9,13,9,28,0,.8,0,2,1,0,0
2005,6,9,14,9,28,0,1,0,2,1,0,0
2005,6,9,15,9,28,0,1.1,0,2,1,0,0
2005,6,9,16,9,28,0,1.1,0,2,1,0,0
2005,6,9,17,9,28,0,1.2,0,2,1,0,0
2005,6,9,18,9,28,0,1.3,0,2,1,0,0
2005,6,9,19,9,28,0,1.3,0,2,1,0,0
2005,6,9,20,9,28,0,1.3,0,2,1,0,0
2005,6,9,21,9,28,0,1.4,0,2,1,0,0
2005,6,9,22,9,28,0,1.5,0,2,1,0,0
2005,6,9,23,9,28,0,1.5,0,2,1,0,0
2005,6,9,24,9,28,0,1.5,0,2,1,0,0
2005,6,9,1,9,29,0,15.8,0,2,1,0,0
2005,6,9,2,9,29,0,15.8,0,2,1,0,0
2005,6,9,3,9,29,0,15.8,0,2,1,0,0
2005,6,9,4,9,29,0,15.8,0,2,1,0,0
2005,6,9,5,9,29,0,15.8,0,2,1,0,0
2005,6,9,6,9,29,0,15.8,0,2,1,0,0
2005,6,9,7,9,29,0,15.8,0,2,1,0,0
2005,6,9,8,9,29,0,15.8,0,2,1,0,0
2005,6,9,9,9,29,0,15.8,0,2,1,0,0
2005,6,9,10,9,29,0,15.8,0,2,1,0,0
2005,6,9,11,9,29,0,15.8,0,2,1,0,0
2005,6,9,12,9,29,0,15.8,0,2,1,0,0
2005,6,9,13,9,29,0,15.8,0,2,1,0,0
2005,6,9,14,9,29,0,15.8,0,2,1,0,0
2005,6,9,15,9,29,0,15.8,0,2,1,0,0
2005,6,9,16,9,29,0,15.8,0,2,1,0,0
2005,6,9,17,9,29,0,15.8,0,2,1,0,0
2005,6,9,18,9,29,0,15.8,0,2,1,0,0
2005,6,9,19,9,29,0,15.8,0,2,1,0,0
2005,6,9,20,9,29,0,15.8,0,2,1,0,0
2005,6,9,21,9,29,0,15.8,0,2,1,0,0
2005,6,9,22,9,29,0,15.8,0,2,1,0,0
2005,6,9,23,9,29,0,15.8,0,2,1,0,0
2005,6,9,24,9,29,0,15.8,0,2,1,0,0
2005,6,9,1,9,30,0,11.1,0,2,1,0,0
2005,6,9,2,9,30,0,11.2,0,2,1,0,0
2005,6,9,3,9,30,0,11.1,0,2,1,0,0
2005,6,9,4,9,30,0,11.1,0,2,1,0,0
2005,6,9,5,9,30,0,11.4,0,2,1,0,0
2005,6,9,6,9,30,0,11.9,0,2,1,0,0
2005,6,9,7,9,30,0,11.7,0,2,1,0,0
2005,6,9,8,9,30,0,11.7,0,2,1,0,0
2005,6,9,9,9,30,0,11.4,0,2,1,0,0
2005,6,9,10,9,30,0,11.2,0,2,1,0,0
2005,6,9,11,9,30,0,10.7,0,2,1,0,0
2005,6,9,12,9,30,0,10.4,0,2,1,0,0
2005,6,9,13,9,30,0,10.3,0,2,1,0,0
2005,6,9,14,9,30,0,10.2,0,2,1,0,0
2005,6,9,15,9,30,0,10.3,0,2,1,0,0
2005,6,9,16,9,30,0,11,0,2,1,0,0
2005,6,9,17,9,30,0,10.7,0,2,1,0,0
2005,6,9,18,9,30,0,10.5,0,2,1,0,0
2005,6,9,19,9,30,0,10.8,0,2,1,0,0
2005,6,9,20,9,30,0,11.5,0,2,1,0,0
2005,6,9,21,9,30,0,11.9,0,2,1,0,0
2005,6,9,22,9,30,0,11.9,0,2,1,0,0
2005,6,9,23,9,30,0,11.5,0,2,1,0,0
2005,6,9,24,9,30,0,11.6,0,2,1,0,0
2005,6,9,1,7,1020,0,439,.372179,2,1,0,0
2005,6,9,1,7,1020,.01,1,.372179,2,1,0,.01
2005,6,9,1,7,1020,72.5,40,.372179,2,0,0,39.381373
2005,6,9,1,7,1020,74.5,40,.372179,2,0,0,39.381373
2005,6,9,1,7,1020,76.5,40,.372179,2,0,0,39.381373
2005,6,9,1,7,1020,83.5,40,.372179,2,0,0,39.381373
2005,6,9,1,7,1020,86.5,40,.372179,2,0,0,39.381373
2005,6,9,1,7,1020,88.5,40,.372179,2,0,0,39.381373
2005,6,9,1,7,1020,150,105.2,.372179,2,0,0,150
2005,6,9,2,7,1020,0,439,.372179,2,1,0,0
2005,6,9,2,7,1020,.01,1,.372179,2,1,0,.01
2005,6,9,2,7,1020,72.5,40,.372179,2,0,0,39.381373
2005,6,9,2,7,1020,74.5,40,.372179,2,0,0,39.381373
2005,6,9,2,7,1020,76.5,40,.372179,2,0,0,39.381373
2005,6,9,2,7,1020,83.5,40,.372179,2,0,0,39.381373
2005,6,9,2,7,1020,86.5,40,.372179,2,0,0,39.381373
2005,6,9,2,7,1020,88.5,40,.372179,2,0,0,39.381373
2005,6,9,2,7,1020,150,105.2,.372179,2,0,0,150
2005,6,9,3,7,1020,0,439,.372179,2,1,0,0
2005,6,9,3,7,1020,.01,1,.372179,2,1,0,.01
2005,6,9,3,7,1020,72.5,40,.372179,2,0,0,39.381373
2005,6,9,3,7,1020,74.5,40,.372179,2,0,0,39.381373
2005,6,9,3,7,1020,76.5,40,.372179,2,0,0,39.381373
2005,6,9,3,7,1020,83.5,40,.372179,2,0,0,39.381373
2005,6,9,3,7,1020,86.5,40,.372179,2,0,0,39.381373
2005,6,9,3,7,1020,88.5,40,.372179,2,0,0,39.381373
2005,6,9,3,7,1020,150,105.2,.372179,2,0,0,150
2005,6,9,4,7,1020,0,439,.372179,2,1,0,0
2005,6,9,4,7,1020,.01,1,.372179,2,1,0,.01
2005,6,9,4,7,1020,72.5,40,.372179,2,0,0,39.381373
2005,6,9,4,7,1020,74.5,40,.372179,2,0,0,39.381373
2005,6,9,4,7,1020,76.5,40,.372179,2,0,0,39.381373
2005,6,9,4,7,1020,83.5,40,.372179,2,0,0,39.381373
2005,6,9,4,7,1020,86.5,40,.372179,2,0,0,39.381373
2005,6,9,4,7,1020,88.5,40,.372179,2,0,0,39.381373
2005,6,9,4,7,1020,150,105.2,.372179,2,0,0,150
2005,6,9,5,7,1020,0,439,.372179,2,1,0,0
2005,6,9,5,7,1020,.01,1,.372179,2,1,0,.01
2005,6,9,5,7,1020,72.5,40,.372179,2,0,0,39.381373
2005,6,9,5,7,1020,74.5,40,.372179,2,0,0,39.381373
2005,6,9,5,7,1020,76.5,40,.372179,2,0,0,39.381373
2005,6,9,5,7,1020,83.5,40,.372179,2,0,0,39.381373
2005,6,9,5,7,1020,86.5,40,.372179,2,0,0,39.381373
2005,6,9,5,7,1020,88.5,40,.372179,2,0,0,39.381373
2005,6,9,5,7,1020,150,105.2,.372179,2,0,0,150
2005,6,9,6,7,1020,0,439,.372179,2,1,0,0
2005,6,9,6,7,1020,.01,1,.372179,2,1,0,.01
2005,6,9,6,7,1020,72.5,40,.372179,2,0,0,39.381373
2005,6,9,6,7,1020,74.5,40,.372179,2,0,0,39.381373
2005,6,9,6,7,1020,76.5,40,.372179,2,0,0,39.381373
2005,6,9,6,7,1020,83.5,40,.372179,2,0,0,39.381373
2005,6,9,6,7,1020,86.5,40,.372179,2,0,0,39.381373
2005,6,9,6,7,1020,88.5,40,.372179,2,0,0,39.381373
2005,6,9,6,7,1020,150,105.2,.372179,2,0,0,150
2005,6,9,7,7,1020,0,439,.372179,2,1,0,0
2005,6,9,7,7,1020,.01,1,.372179,2,1,0,.01
2005,6,9,7,7,1020,72.5,40,.372179,2,0,0,39.381373
2005,6,9,7,7,1020,74.5,40,.372179,2,0,0,39.381373
2005,6,9,7,7,1020,76.5,40,.372179,2,0,0,39.381373
2005,6,9,7,7,1020,83.5,40,.372179,2,0,0,39.381373
2005,6,9,7,7,1020,86.5,40,.372179,2,0,0,39.381373
2005,6,9,7,7,1020,88.5,40,.372179,2,0,0,39.381373
2005,6,9,7,7,1020,150,105.2,.372179,2,0,0,150
2005,6,9,8,7,1020,0,439,.372179,2,1,0,0
2005,6,9,8,7,1020,.01,1,.372179,2,1,0,.01
2005,6,9,8,7,1020,72.5,40,.372179,2,0,0,39.381373
2005,6,9,8,7,1020,74.5,40,.372179,2,0,0,39.381373
2005,6,9,8,7,1020,76.5,40,.372179,2,0,0,39.381373
2005,6,9,8,7,1020,83.5,40,.372179,2,0,0,39.381373
2005,6,9,8,7,1020,86.5,40,.372179,2,0,0,39.381373
2005,6,9,8,7,1020,88.5,40,.372179,2,0,0,39.381373
2005,6,9,8,7,1020,150,105.2,.372179,2,0,0,150
2005,6,9,9,7,1020,0,529,.372179,2,1,0,0
2005,6,9,9,7,1020,.01,1,.372179,2,1,0,.01
2005,6,9,9,7,1020,39,45,.372179,2,1,0,39.381373
2005,6,9,9,7,1020,40,25,.372179,2,1,0,39.381373
2005,6,9,9,7,1020,45,15,.372179,2,1,0,39.381373
2005,6,9,9,7,1020,50,35,.372179,2,1,0,39.381373
2005,6,9,9,7,1020,65,20,.372179,2,0,0,39.381373
2005,6,9,9,7,1020,88.5,20,.372179,2,0,0,39.381373
2005,6,9,9,7,1020,150,95.2,.372179,2,0,0,150
2005,6,9,10,7,1020,0,629,.372179,2,1,0,0
2005,6,9,10,7,1020,.01,1,.372179,2,1,0,.01
2005,6,9,10,7,1020,38.5,10,.372179,2,1,0,39.381373
2005,6,9,10,7,1020,39,10,.372179,2,1,0,39.381373
2005,6,9,10,7,1020,40,10,.372179,2,1,0,39.381373
2005,6,9,10,7,1020,42.5,10,.372179,2,1,0,39.381373
2005,6,9,10,7,1020,95,20,.372179,2,0,0,39.381373
2005,6,9,10,7,1020,100,20,.372179,2,0,0,39.381373
2005,6,9,10,7,1020,150,75.2,.372179,2,0,0,150
2005,6,9,11,7,1020,0,629,.372179,2,1,0,0
2005,6,9,11,7,1020,.01,1,.372179,2,1,0,.01
2005,6,9,11,7,1020,38.5,10,.372179,2,1,0,39.381373
2005,6,9,11,7,1020,39,10,.372179,2,1,0,39.381373
2005,6,9,11,7,1020,40,10,.372179,2,1,0,39.381373
2005,6,9,11,7,1020,42.5,10,.372179,2,1,0,39.381373
2005,6,9,11,7,1020,95,20,.372179,2,0,0,39.381373
2005,6,9,11,7,1020,100,20,.372179,2,0,0,39.381373
2005,6,9,11,7,1020,150,75.2,.372179,2,0,0,150
2005,6,9,12,7,1020,0,629,.372179,2,1,0,0
2005,6,9,12,7,1020,.01,1,.372179,2,1,0,.01
2005,6,9,12,7,1020,38.5,10,.372179,2,1,0,39.381373
2005,6,9,12,7,1020,39,10,.372179,2,1,0,39.381373
2005,6,9,12,7,1020,40,10,.372179,2,1,0,39.381373
2005,6,9,12,7,1020,42.5,10,.372179,2,1,0,39.381373
2005,6,9,12,7,1020,95,20,.372179,2,0,0,39.381373
2005,6,9,12,7,1020,100,20,.372179,2,0,0,39.381373
2005,6,9,12,7,1020,150,75.2,.372179,2,0,0,150
2005,6,9,13,7,1020,0,629,.372179,2,1,0,0
2005,6,9,13,7,1020,.01,1,.372179,2,1,0,.01
2005,6,9,13,7,1020,38.5,10,.372179,2,1,0,39.381373
2005,6,9,13,7,1020,39,10,.372179,2,1,0,39.381373
2005,6,9,13,7,1020,40,10,.372179,2,1,0,39.381373
2005,6,9,13,7,1020,42.5,10,.372179,2,1,0,39.381373
2005,6,9,13,7,1020,95,20,.372179,2,0,0,39.381373
2005,6,9,13,7,1020,100,20,.372179,2,0,0,39.381373
2005,6,9,13,7,1020,150,75.2,.372179,2,0,0,150
2005,6,9,14,7,1020,0,629,.372179,2,1,0,0
2005,6,9,14,7,1020,.01,1,.372179,2,1,0,.01
2005,6,9,14,7,1020,38.5,10,.372179,2,1,0,39.381373
2005,6,9,14,7,1020,39,10,.372179,2,1,0,39.381373
2005,6,9,14,7,1020,40,10,.372179,2,1,0,39.381373
2005,6,9,14,7,1020,42.5,10,.372179,2,1,0,39.381373
2005,6,9,14,7,1020,95,20,.372179,2,0,0,39.381373
2005,6,9,14,7,1020,100,20,.372179,2,0,0,39.381373
2005,6,9,14,7,1020,150,75.2,.372179,2,0,0,150
2005,6,9,15,7,1020,0,629,.372179,2,1,0,0
2005,6,9,15,7,1020,.01,1,.372179,2,1,0,.01
2005,6,9,15,7,1020,38.5,10,.372179,2,1,0,39.381373
2005,6,9,15,7,1020,39,10,.372179,2,1,0,39.381373
2005,6,9,15,7,1020,40,10,.372179,2,1,0,39.381373
2005,6,9,15,7,1020,42.5,10,.372179,2,1,0,39.381373
2005,6,9,15,7,1020,95,20,.372179,2,0,0,39.381373
2005,6,9,15,7,1020,100,20,.372179,2,0,0,39.381373
2005,6,9,15,7,1020,150,75.2,.372179,2,0,0,150
2005,6,9,16,7,1020,0,629,.372179,2,1,0,0
2005,6,9,16,7,1020,.01,1,.372179,2,1,0,.01
2005,6,9,16,7,1020,38.5,10,.372179,2,1,0,39.381373
2005,6,9,16,7,1020,39,10,.372179,2,1,0,39.381373
2005,6,9,16,7,1020,40,10,.372179,2,1,0,39.381373
2005,6,9,16,7,1020,42.5,10,.372179,2,1,0,39.381373
2005,6,9,16,7,1020,95,20,.372179,2,0,0,39.381373
2005,6,9,16,7,1020,100,20,.372179,2,0,0,39.381373
2005,6,9,16,7,1020,150,75.2,.372179,2,0,0,150
2005,6,9,17,7,1020,0,629,.372179,2,1,0,0
2005,6,9,17,7,1020,.01,1,.372179,2,1,0,.01
2005,6,9,17,7,1020,38.5,10,.372179,2,1,0,39.381373
2005,6,9,17,7,1020,39,10,.372179,2,1,0,39.381373
2005,6,9,17,7,1020,40,10,.372179,2,1,0,39.381373
2005,6,9,17,7,1020,42.5,10,.372179,2,1,0,39.381373
2005,6,9,17,7,1020,95,20,.372179,2,0,0,39.381373
2005,6,9,17,7,1020,100,20,.372179,2,0,0,39.381373
2005,6,9,17,7,1020,150,75.2,.372179,2,0,0,150
2005,6,9,18,7,1020,0,629,.372179,2,1,0,0
2005,6,9,18,7,1020,.01,1,.372179,2,1,0,.01
2005,6,9,18,7,1020,38.5,10,.372179,2,1,0,39.381373
2005,6,9,18,7,1020,39,10,.372179,2,1,0,39.381373
2005,6,9,18,7,1020,40,10,.372179,2,1,0,39.381373
2005,6,9,18,7,1020,42.5,10,.372179,2,1,0,39.381373
2005,6,9,18,7,1020,95,20,.372179,2,0,0,39.381373
2005,6,9,18,7,1020,100,20,.372179,2,0,0,39.381373
2005,6,9,18,7,1020,150,75.2,.372179,2,0,0,150
2005,6,9,19,7,1020,0,629,.372179,2,1,0,0
2005,6,9,19,7,1020,.01,1,.372179,2,1,0,.01
2005,6,9,19,7,1020,38.5,10,.372179,2,1,0,39.381373
2005,6,9,19,7,1020,39,10,.372179,2,1,0,39.381373
2005,6,9,19,7,1020,40,10,.372179,2,1,0,39.381373
2005,6,9,19,7,1020,42.5,10,.372179,2,1,0,39.381373
2005,6,9,19,7,1020,95,20,.372179,2,0,0,39.381373
2005,6,9,19,7,1020,100,20,.372179,2,0,0,39.381373
2005,6,9,19,7,1020,150,75.2,.372179,2,0,0,150
2005,6,9,20,7,1020,0,629,.372179,2,1,0,0
2005,6,9,20,7,1020,.01,1,.372179,2,1,0,.01
2005,6,9,20,7,1020,38.5,10,.372179,2,1,0,39.381373
2005,6,9,20,7,1020,39,10,.372179,2,1,0,39.381373
2005,6,9,20,7,1020,40,10,.372179,2,1,0,39.381373
2005,6,9,20,7,1020,42.5,10,.372179,2,1,0,39.381373
2005,6,9,20,7,1020,95,20,.372179,2,0,0,39.381373
2005,6,9,20,7,1020,100,20,.372179,2,0,0,39.381373
2005,6,9,20,7,1020,150,75.2,.372179,2,0,0,150
2005,6,9,21,7,1020,0,629,.372179,2,1,0,0
2005,6,9,21,7,1020,.01,1,.372179,2,1,0,.01
2005,6,9,21,7,1020,38.5,10,.372179,2,1,0,39.381373
2005,6,9,21,7,1020,39,10,.372179,2,1,0,39.381373
2005,6,9,21,7,1020,40,10,.372179,2,1,0,39.381373
2005,6,9,21,7,1020,42.5,10,.372179,2,1,0,39.381373
2005,6,9,21,7,1020,95,20,.372179,2,0,0,39.381373
2005,6,9,21,7,1020,100,20,.372179,2,0,0,39.381373
2005,6,9,21,7,1020,150,75.2,.372179,2,0,0,150
2005,6,9,22,7,1020,0,629,.372179,2,1,0,0
2005,6,9,22,7,1020,.01,1,.372179,2,1,0,.01
2005,6,9,22,7,1020,38.5,10,.372179,2,1,0,39.381373
2005,6,9,22,7,1020,39,10,.372179,2,1,0,39.381373
2005,6,9,22,7,1020,40,10,.372179,2,1,0,39.381373
2005,6,9,22,7,1020,42.5,10,.372179,2,1,0,39.381373
2005,6,9,22,7,1020,95,20,.372179,2,0,0,39.381373
2005,6,9,22,7,1020,100,20,.372179,2,0,0,39.381373
2005,6,9,22,7,1020,150,75.2,.372179,2,0,0,150
2005,6,9,23,7,1020,0,629,.372179,2,1,0,0
2005,6,9,23,7,1020,.01,1,.372179,2,1,0,.01
2005,6,9,23,7,1020,38.5,10,.372179,2,1,0,39.381373
2005,6,9,23,7,1020,39,10,.372179,2,1,0,39.381373
2005,6,9,23,7,1020,40,10,.372179,2,1,0,39.381373
2005,6,9,23,7,1020,42.5,10,.372179,2,1,0,39.381373
2005,6,9,23,7,1020,95,20,.372179,2,0,0,39.381373
2005,6,9,23,7,1020,100,20,.372179,2,0,0,39.381373
2005,6,9,23,7,1020,150,75.2,.372179,2,0,0,150
2005,6,9,24,7,1020,0,479,.372179,2,1,0,0
2005,6,9,24,7,1020,.01,1,.372179,2,1,0,.01
2005,6,9,24,7,1020,39,50,.372179,2,1,0,39.381373
2005,6,9,24,7,1020,39.5,45,.372179,2,1,0,39.381373
2005,6,9,24,7,1020,40,25,.372179,2,1,0,39.381373
2005,6,9,24,7,1020,42.5,30,.372179,2,0,0,39.381373
2005,6,9,24,7,1020,50,20,.372179,2,0,0,39.381373
2005,6,9,24,7,1020,60,20,.372179,2,0,0,39.381373
2005,6,9,24,7,1020,150,115.2,.372179,2,0,0,150
2005,6,9,1,9,32,21.16,50.7,0,1,0,0,21.16
2005,6,9,1,9,32,23.16,50.7,0,1,0,0,23.16
2005,6,9,1,9,32,25.16,50.7,0,1,0,0,25.16
2005,6,9,1,9,32,26.16,50.7,0,1,0,0,26.16
2005,6,9,2,9,32,19.58,50.7,0,1,0,0,19.58
2005,6,9,2,9,32,21.58,50.7,0,1,0,0,21.58
2005,6,9,2,9,32,23.58,50.7,0,1,0,0,23.58
2005,6,9,2,9,32,24.58,50.7,0,1,0,0,24.58
2005,6,9,3,9,32,16.52,50.7,0,1,0,0,16.52
2005,6,9,3,9,32,18.52,50.7,0,1,0,0,18.52
2005,6,9,3,9,32,20.52,50.7,0,1,0,0,20.52
2005,6,9,3,9,32,21.52,50.7,0,1,0,0,21.52
2005,6,9,4,9,32,13.8,50.7,0,1,0,0,13.8
2005,6,9,4,9,32,15.8,50.7,0,1,0,0,15.8
2005,6,9,4,9,32,17.8,50.7,0,1,0,0,17.8
2005,6,9,4,9,32,18.8,50.7,0,1,0,0,18.8
2005,6,9,5,9,32,8.44,50.7,0,1,0,0,8.44
2005,6,9,5,9,32,10.44,50.7,0,1,0,0,10.44
2005,6,9,5,9,32,12.44,50.7,0,1,0,0,12.44
2005,6,9,5,9,32,13.44,50.7,0,1,0,0,13.44
2005,6,9,6,9,32,16.49,50.7,0,1,0,0,16.49
2005,6,9,6,9,32,18.49,50.7,0,1,0,0,18.49
2005,6,9,6,9,32,20.49,50.7,0,1,0,0,20.49
2005,6,9,6,9,32,21.49,50.7,0,1,0,0,21.49
2005,6,9,7,9,32,27.81,50.7,0,1,0,0,27.81
2005,6,9,7,9,32,28.81,50.7,0,1,0,0,28.81
2005,6,9,8,9,32,37.19,101.7,0,1,0,0,37.19
2005,6,9,8,9,32,38.19,101.7,0,1,0,0,38.19
2005,6,9,9,9,32,45.9,50.9,0,1,0,0,45.9
2005,6,9,9,9,32,46.9,50.9,0,1,0,0,46.9
2005,6,9,10,9,32,49.55,50.9,0,1,0,0,49.55
2005,6,9,10,9,32,50.55,50.9,0,1,0,0,50.55
2005,6,9,11,9,32,53.56,50.9,0,1,0,0,53.56
2005,6,9,11,9,32,54.56,50.9,0,1,0,0,54.56
2005,6,9,12,9,32,52.19,50.9,0,1,0,0,52.19
2005,6,9,12,9,32,54.19,50.9,0,1,0,0,54.19
2005,6,9,12,9,32,56.19,50.9,0,1,0,0,56.19
2005,6,9,12,9,32,57.19,50.9,0,1,0,0,57.19
2005,6,9,13,9,32,50.92,50.9,0,1,0,0,50.92
2005,6,9,13,9,32,52.92,50.9,0,1,0,0,52.92
2005,6,9,13,9,32,54.92,50.9,0,1,0,0,54.92
2005,6,9,13,9,32,55.92,50.9,0,1,0,0,55.92
2005,6,9,14,9,32,48.96,50.9,0,1,0,0,48.96
2005,6,9,14,9,32,50.96,50.9,0,1,0,0,50.96
2005,6,9,14,9,32,52.96,50.9,0,1,0,0,52.96
2005,6,9,14,9,32,53.96,50.9,0,1,0,0,53.96
2005,6,9,15,9,32,47.32,50.9,0,1,0,0,47.32
2005,6,9,15,9,32,49.32,50.9,0,1,0,0,49.32
2005,6,9,15,9,32,51.32,50.9,0,1,0,0,51.32
2005,6,9,15,9,32,52.32,50.9,0,1,0,0,52.32
2005,6,9,16,9,32,44.8,50.9,0,1,0,0,44.8
2005,6,9,16,9,32,46.8,50.9,0,1,0,0,46.8
2005,6,9,16,9,32,48.8,50.9,0,1,0,0,48.8
2005,6,9,16,9,32,49.8,50.9,0,1,0,0,49.8
2005,6,9,17,9,32,40.88,50.9,0,1,0,0,40.88
2005,6,9,17,9,32,42.88,50.9,0,1,0,0,42.88
2005,6,9,17,9,32,44.88,50.9,0,1,0,0,44.88
2005,6,9,17,9,32,45.88,50.9,0,1,0,0,45.88
2005,6,9,18,9,32,38.13,50.9,0,1,0,0,38.13
2005,6,9,18,9,32,40.13,50.9,0,1,0,0,40.13
2005,6,9,18,9,32,42.13,50.9,0,1,0,0,42.13
2005,6,9,18,9,32,43.13,50.9,0,1,0,0,43.13
2005,6,9,19,9,32,38.02,50.9,0,1,0,0,38.02
2005,6,9,19,9,32,40.02,50.9,0,1,0,0,40.02
2005,6,9,19,9,32,42.02,50.9,0,1,0,0,42.02
2005,6,9,19,9,32,43.02,50.9,0,1,0,0,43.02
2005,6,9,20,9,32,35.77,50.9,0,1,0,0,35.77
2005,6,9,20,9,32,37.77,50.9,0,1,0,0,37.77
2005,6,9,20,9,32,39.77,50.9,0,1,0,0,39.77
2005,6,9,20,9,32,40.77,50.9,0,1,0,0,40.77
2005,6,9,21,9,32,32.6,50.9,0,1,0,0,32.6
2005,6,9,21,9,32,34.6,50.9,0,1,0,0,34.6
2005,6,9,21,9,32,36.6,50.9,0,1,0,0,36.6
2005,6,9,21,9,32,37.6,50.9,0,1,0,0,37.6
2005,6,9,22,9,32,32.65,50.9,0,1,0,0,32.65
2005,6,9,22,9,32,34.65,50.9,0,1,0,0,34.65
2005,6,9,22,9,32,36.65,50.9,0,1,0,0,36.65
2005,6,9,22,9,32,37.65,50.9,0,1,0,0,37.65
2005,6,9,23,9,32,33.32,50.9,0,1,0,0,33.32
2005,6,9,23,9,32,35.32,50.9,0,1,0,0,35.32
2005,6,9,23,9,32,37.32,50.9,0,1,0,0,37.32
2005,6,9,23,9,32,38.32,50.9,0,1,0,0,38.32
2005,6,9,24,9,32,27.42,50.9,0,1,0,0,27.42
2005,6,9,24,9,32,29.42,50.9,0,1,0,0,29.42
2005,6,9,24,9,32,31.42,50.9,0,1,0,0,31.42
2005,6,9,24,9,32,32.42,50.9,0,1,0,0,32.42
2005,6,9,1,9,33,14.32,50,0,2,0,1,14.32
2005,6,9,1,9,33,36.16,25,0,2,0,1,36.16
2005,6,9,1,9,33,37.16,25,0,2,0,1,37.16
2005,6,9,1,9,33,39.16,25,0,2,0,1,39.16
2005,6,9,1,9,33,41.16,25,0,2,0,1,41.16
2005,6,9,2,9,33,14.32,50,0,2,0,1,14.32
2005,6,9,2,9,33,34.58,25,0,2,0,1,34.58
2005,6,9,2,9,33,35.58,25,0,2,0,1,35.58
2005,6,9,2,9,33,37.58,25,0,2,0,1,37.58
2005,6,9,2,9,33,39.58,25,0,2,0,1,39.58
2005,6,9,3,9,33,14.32,50,0,2,0,1,14.32
2005,6,9,3,9,33,31.52,25,0,2,0,1,31.52
2005,6,9,3,9,33,32.52,25,0,2,0,1,32.52
2005,6,9,3,9,33,34.52,25,0,2,0,1,34.52
2005,6,9,3,9,33,36.52,25,0,2,0,1,36.52
2005,6,9,4,9,33,14.32,50,0,2,0,1,14.32
2005,6,9,4,9,33,28.8,25,0,2,0,1,28.8
2005,6,9,4,9,33,29.8,25,0,2,0,1,29.8
2005,6,9,4,9,33,31.8,25,0,2,0,1,31.8
2005,6,9,4,9,33,33.8,25,0,2,0,1,33.8
2005,6,9,5,9,33,14.32,50,0,2,0,1,14.32
2005,6,9,5,9,33,23.44,25,0,2,0,1,23.44
2005,6,9,5,9,33,24.44,25,0,2,0,1,24.44
2005,6,9,5,9,33,26.44,25,0,2,0,1,26.44
2005,6,9,5,9,33,28.44,25,0,2,0,1,28.44
2005,6,9,6,9,33,14.32,50,0,2,0,1,14.32
2005,6,9,6,9,33,31.49,25,0,2,0,1,31.49
2005,6,9,6,9,33,32.49,25,0,2,0,1,32.49
2005,6,9,6,9,33,34.49,25,0,2,0,1,34.49
2005,6,9,6,9,33,36.49,25,0,2,0,1,36.49
2005,6,9,7,9,33,38.81,25,0,2,0,1,38.81
2005,6,9,7,9,33,39.81,25,0,2,0,1,39.81
2005,6,9,7,9,33,41.81,25,0,2,0,1,41.81
2005,6,9,7,9,33,43.81,25,0,2,0,1,43.81
2005,6,9,8,9,33,0,100,0,2,1,0,0
2005,6,9,8,9,33,48.19,25,0,2,0,1,48.19
2005,6,9,8,9,33,49.19,25,0,2,0,1,49.19
2005,6,9,8,9,33,51.19,25,0,2,0,1,51.19
2005,6,9,8,9,33,53.19,25,0,2,0,1,53.19
2005,6,9,9,9,33,56.9,25,0,2,0,1,56.9
2005,6,9,9,9,33,57.9,25,0,2,0,1,57.9
2005,6,9,9,9,33,59.9,25,0,2,0,1,59.9
2005,6,9,9,9,33,61.9,25,0,2,0,1,61.9
2005,6,9,10,9,33,14.32,50,0,2,0,1,14.32
2005,6,9,10,9,33,63.55,25,0,2,0,1,63.55
2005,6,9,10,9,33,64.55,25,0,2,0,1,64.55
2005,6,9,10,9,33,66.55,25,0,2,0,1,66.55
2005,6,9,10,9,33,68.55,25,0,2,0,1,68.55
2005,6,9,11,9,33,14.32,50,0,2,0,1,14.32
2005,6,9,11,9,33,67.56,25,0,2,0,1,67.56
2005,6,9,11,9,33,68.56,25,0,2,0,1,68.56
2005,6,9,11,9,33,70.56,25,0,2,0,1,70.56
2005,6,9,11,9,33,72.56,25,0,2,0,1,72.56
2005,6,9,12,9,33,14.32,200,0,2,0,1,14.32
2005,6,9,12,9,33,70.19,50,0,2,0,1,70.19
2005,6,9,12,9,33,71.19,50,0,2,0,1,71.19
2005,6,9,12,9,33,73.19,100,0,2,0,1,73.19
2005,6,9,12,9,33,75.19,100,0,2,0,1,75.19
2005,6,9,13,9,33,14.32,200,0,2,0,1,14.32
2005,6,9,13,9,33,68.92,50,0,2,0,1,68.92
2005,6,9,13,9,33,69.92,50,0,2,0,1,69.92
2005,6,9,13,9,33,71.92,100,0,2,0,1,71.92
2005,6,9,13,9,33,73.92,100,0,2,0,1,73.92
2005,6,9,14,9,33,14.32,200,0,2,0,1,14.32
2005,6,9,14,9,33,63.96,50,0,2,0,1,63.96
2005,6,9,14,9,33,64.96,50,0,2,0,1,64.96
2005,6,9,14,9,33,66.96,100,0,2,0,1,66.96
2005,6,9,14,9,33,68.96,100,0,2,0,1,68.96
2005,6,9,15,9,33,14.32,200,0,2,0,1,14.32
2005,6,9,15,9,33,62.32,50,0,2,0,1,62.32
2005,6,9,15,9,33,63.32,50,0,2,0,1,63.32
2005,6,9,15,9,33,65.32,100,0,2,0,1,65.32
2005,6,9,15,9,33,67.32,100,0,2,0,1,67.32
2005,6,9,16,9,33,14.32,200,0,2,0,1,14.32
2005,6,9,16,9,33,59.8,50,0,2,0,1,59.8
2005,6,9,16,9,33,60.8,50,0,2,0,1,60.8
2005,6,9,16,9,33,62.8,100,0,2,0,1,62.8
2005,6,9,16,9,33,64.8,100,0,2,0,1,64.8
2005,6,9,17,9,33,14.32,200,0,2,0,1,14.32
2005,6,9,17,9,33,55.88,50,0,2,0,1,55.88
2005,6,9,17,9,33,56.88,50,0,2,0,1,56.88
2005,6,9,17,9,33,58.88,100,0,2,0,1,58.88
2005,6,9,17,9,33,60.88,100,0,2,0,1,60.88
2005,6,9,18,9,33,14.32,200,0,2,0,1,14.32
2005,6,9,18,9,33,53.13,50,0,2,0,1,53.13
2005,6,9,18,9,33,54.13,50,0,2,0,1,54.13
2005,6,9,18,9,33,56.13,100,0,2,0,1,56.13
2005,6,9,18,9,33,58.13,100,0,2,0,1,58.13
2005,6,9,19,9,33,14.32,200,0,2,0,1,14.32
2005,6,9,19,9,33,53.02,50,0,2,0,1,53.02
2005,6,9,19,9,33,54.02,50,0,2,0,1,54.02
2005,6,9,19,9,33,56.02,100,0,2,0,1,56.02
2005,6,9,19,9,33,58.02,100,0,2,0,1,58.02
2005,6,9,20,9,33,14.32,200,0,2,0,1,14.32
2005,6,9,20,9,33,50.77,50,0,2,0,1,50.77
2005,6,9,20,9,33,51.77,50,0,2,0,1,51.77
2005,6,9,20,9,33,53.77,100,0,2,0,1,53.77
2005,6,9,20,9,33,55.77,100,0,2,0,1,55.77
2005,6,9,21,9,33,14.32,200,0,2,0,1,14.32
2005,6,9,21,9,33,47.6,50,0,2,0,1,47.6
2005,6,9,21,9,33,48.6,50,0,2,0,1,48.6
2005,6,9,21,9,33,50.6,100,0,2,0,1,50.6
2005,6,9,21,9,33,52.6,100,0,2,0,1,52.6
2005,6,9,22,9,33,14.32,200,0,2,0,1,14.32
2005,6,9,22,9,33,47.65,50,0,2,0,1,47.65
2005,6,9,22,9,33,48.65,50,0,2,0,1,48.65
2005,6,9,22,9,33,50.65,100,0,2,0,1,50.65
2005,6,9,22,9,33,52.65,100,0,2,0,1,52.65
2005,6,9,23,9,33,14.32,200,0,2,0,1,14.32
2005,6,9,23,9,33,48.32,50,0,2,0,1,48.32
2005,6,9,23,9,33,49.32,50,0,2,0,1,49.32
2005,6,9,23,9,33,51.32,100,0,2,0,1,51.32
2005,6,9,23,9,33,53.32,100,0,2,0,1,53.32
2005,6,9,24,9,33,14.32,200,0,2,0,1,14.32
2005,6,9,24,9,33,42.42,50,0,2,0,1,42.42
2005,6,9,24,9,33,43.42,50,0,2,0,1,43.42
2005,6,9,24,9,33,45.42,100,0,2,0,1,45.42
2005,6,9,24,9,33,47.42,100,0,2,0,1,47.42
2005,6,9,1,5,1024,0,400,.343857,2,1,0,0
2005,6,9,2,5,1024,0,400,.343857,2,1,0,0
2005,6,9,3,5,1024,0,400,.343857,2,1,0,0
2005,6,9,4,5,1024,0,400,.343857,2,1,0,0
2005,6,9,5,5,1024,0,400,.343857,2,1,0,0
2005,6,9,6,5,1024,0,400,.343857,2,1,0,0
2005,6,9,7,5,1024,0,400,.343857,2,1,0,0
2005,6,9,8,5,1024,0,400,.343857,2,1,0,0
2005,6,9,9,5,1024,0,400,.343857,2,1,0,0
2005,6,9,10,5,1024,0,400,.343857,2,1,0,0
2005,6,9,11,5,1024,0,400,.343857,2,1,0,0
2005,6,9,12,5,1024,0,400,.343857,2,1,0,0
2005,6,9,13,5,1024,0,400,.343857,2,1,0,0
2005,6,9,14,5,1024,0,400,.343857,2,1,0,0
2005,6,9,15,5,1024,0,400,.343857,2,1,0,0
2005,6,9,16,5,1024,0,400,.343857,2,1,0,0
2005,6,9,17,5,1024,0,400,.343857,2,1,0,0
2005,6,9,18,5,1024,0,400,.343857,2,1,0,0
2005,6,9,19,5,1024,0,400,.343857,2,1,0,0
2005,6,9,20,5,1024,0,400,.343857,2,1,0,0
2005,6,9,21,5,1024,0,400,.343857,2,1,0,0
2005,6,9,22,5,1024,0,400,.343857,2,1,0,0
2005,6,9,23,5,1024,0,400,.343857,2,1,0,0
2005,6,9,24,5,1024,0,400,.343857,2,1,0,0
2005,6,9,1,9,35,0,19.1,0,2,1,0,0
2005,6,9,2,9,35,0,19.1,0,2,1,0,0
2005,6,9,3,9,35,0,19.1,0,2,1,0,0
2005,6,9,4,9,35,0,19.1,0,2,1,0,0
2005,6,9,5,9,35,0,19.1,0,2,1,0,0
2005,6,9,6,9,35,0,19.1,0,2,1,0,0
2005,6,9,7,9,35,0,19.1,0,2,1,0,0
2005,6,9,8,9,35,0,19.1,0,2,1,0,0
2005,6,9,9,9,35,0,19.1,0,2,1,0,0
2005,6,9,10,9,35,0,19.1,0,2,1,0,0
2005,6,9,11,9,35,0,19.1,0,2,1,0,0
2005,6,9,12,9,35,0,19.1,0,2,1,0,0
2005,6,9,13,9,35,0,19.1,0,2,1,0,0
2005,6,9,14,9,35,0,19.1,0,2,1,0,0
2005,6,9,15,9,35,0,19.1,0,2,1,0,0
2005,6,9,16,9,35,0,19.1,0,2,1,0,0
2005,6,9,17,9,35,0,19.1,0,2,1,0,0
2005,6,9,18,9,35,0,19.1,0,2,1,0,0
2005,6,9,19,9,35,0,19.1,0,2,1,0,0
2005,6,9,20,9,35,0,19.1,0,2,1,0,0
2005,6,9,21,9,35,0,19.1,0,2,1,0,0
2005,6,9,22,9,35,0,19.1,0,2,1,0,0
2005,6,9,23,9,35,0,19.1,0,2,1,0,0
2005,6,9,24,9,35,0,19.1,0,2,1,0,0
2005,6,9,1,9,36,0,2.6,0,2,1,0,0
2005,6,9,2,9,36,0,2.6,0,2,1,0,0
2005,6,9,3,9,36,0,2.6,0,2,1,0,0
2005,6,9,4,9,36,0,2.6,0,2,1,0,0
2005,6,9,5,9,36,0,2.6,0,2,1,0,0
2005,6,9,6,9,36,0,2.6,0,2,1,0,0
2005,6,9,7,9,36,0,2.6,0,2,1,0,0
2005,6,9,8,9,36,0,2.6,0,2,1,0,0
2005,6,9,9,9,36,0,2.6,0,2,1,0,0
2005,6,9,10,9,36,0,2.6,0,2,1,0,0
2005,6,9,11,9,36,0,2.6,0,2,1,0,0
2005,6,9,12,9,36,0,2.6,0,2,1,0,0
2005,6,9,13,9,36,0,2.6,0,2,1,0,0
2005,6,9,14,9,36,0,2.6,0,2,1,0,0
2005,6,9,15,9,36,0,2.6,0,2,1,0,0
2005,6,9,16,9,36,0,2.6,0,2,1,0,0
2005,6,9,17,9,36,0,2.6,0,2,1,0,0
2005,6,9,18,9,36,0,2.6,0,2,1,0,0
2005,6,9,19,9,36,0,2.6,0,2,1,0,0
2005,6,9,20,9,36,0,2.6,0,2,1,0,0
2005,6,9,21,9,36,0,2.6,0,2,1,0,0
2005,6,9,22,9,36,0,2.6,0,2,1,0,0
2005,6,9,23,9,36,0,2.6,0,2,1,0,0
2005,6,9,24,9,36,0,2.6,0,2,1,0,0
2005,6,9,1,9,37,180.3,.4,0,1,1,0,180.3
2005,6,9,2,9,37,180.3,.4,0,1,1,0,180.3
2005,6,9,3,9,37,180.3,.1,0,1,1,0,180.3
2005,6,9,4,9,37,180.3,.1,0,1,1,0,180.3
2005,6,9,5,9,37,180.3,.1,0,1,1,0,180.3
2005,6,9,6,9,37,180.3,.1,0,1,1,0,180.3
2005,6,9,7,9,37,180.3,.1,0,1,1,0,180.3
2005,6,9,8,9,37,180.3,.2,0,1,1,0,180.3
2005,6,9,9,9,37,180.3,.7,0,1,1,0,180.3
2005,6,9,10,9,37,180.3,.7,0,1,1,0,180.3
2005,6,9,11,9,37,180.3,.7,0,1,1,0,180.3
2005,6,9,12,9,37,180.3,.6,0,1,1,0,180.3
2005,6,9,13,9,37,180.3,.7,0,1,1,0,180.3
2005,6,9,14,9,37,180.3,.7,0,1,1,0,180.3
2005,6,9,15,9,37,180.3,.7,0,1,1,0,180.3
2005,6,9,16,9,37,180.3,.7,0,1,1,0,180.3
2005,6,9,17,9,37,180.3,.8,0,1,1,0,180.3
2005,6,9,18,9,37,180.3,.8,0,1,1,0,180.3
2005,6,9,19,9,37,180.3,.8,0,1,1,0,180.3
2005,6,9,20,9,37,180.3,.7,0,1,1,0,180.3
2005,6,9,21,9,37,180.3,.5,0,1,1,0,180.3
2005,6,9,22,9,37,180.3,.4,0,1,1,0,180.3
2005,6,9,23,9,37,180.3,.4,0,1,1,0,180.3
2005,6,9,24,9,37,180.3,.4,0,1,1,0,180.3
2005,6,9,1,2,1026,0,220,.885785,2,1,0,0
2005,6,9,1,2,1026,12.32,265.2,.885785,2,1,0,37.708215
2005,6,9,1,2,1026,90.07,66.8,.885785,2,0,0,37.708215
2005,6,9,2,2,1026,0,220,.885785,2,1,0,0
2005,6,9,2,2,1026,16.99,53.2,.885785,2,1,0,37.708215
2005,6,9,2,2,1026,17.45,53,.885785,2,1,0,37.708215
2005,6,9,2,2,1026,17.9,53,.885785,2,1,0,37.708215
2005,6,9,2,2,1026,18.36,53,.885785,2,1,0,37.708215
2005,6,9,2,2,1026,18.56,53,.885785,2,1,0,37.708215
2005,6,9,2,2,1026,90.07,66.8,.885785,2,0,0,37.708215
2005,6,9,3,2,1026,0,220,.885785,2,1,0,0
2005,6,9,3,2,1026,18.52,53.2,.885785,2,1,0,37.708215
2005,6,9,3,2,1026,18.53,53,.885785,2,1,0,37.708215
2005,6,9,3,2,1026,18.54,53,.885785,2,1,0,37.708215
2005,6,9,3,2,1026,18.55,53,.885785,2,1,0,37.708215
2005,6,9,3,2,1026,18.56,53,.885785,2,1,0,37.708215
2005,6,9,3,2,1026,90.07,66.8,.885785,2,0,0,37.708215
2005,6,9,4,2,1026,0,220,.885785,2,1,0,0
2005,6,9,4,2,1026,18.52,53.2,.885785,2,1,0,37.708215
2005,6,9,4,2,1026,18.53,53,.885785,2,1,0,37.708215
2005,6,9,4,2,1026,18.54,53,.885785,2,1,0,37.708215
2005,6,9,4,2,1026,18.55,53,.885785,2,1,0,37.708215
2005,6,9,4,2,1026,18.56,53,.885785,2,1,0,37.708215
2005,6,9,4,2,1026,90.07,66.8,.885785,2,0,0,37.708215
2005,6,9,5,2,1026,0,220,.885785,2,1,0,0
2005,6,9,5,2,1026,18.52,53.2,.885785,2,1,0,37.708215
2005,6,9,5,2,1026,18.53,53,.885785,2,1,0,37.708215
2005,6,9,5,2,1026,18.54,53,.885785,2,1,0,37.708215
2005,6,9,5,2,1026,18.55,53,.885785,2,1,0,37.708215
2005,6,9,5,2,1026,18.56,53,.885785,2,1,0,37.708215
2005,6,9,5,2,1026,90.07,66.8,.885785,2,0,0,37.708215
2005,6,9,6,2,1026,0,220,.885785,2,1,0,0
2005,6,9,6,2,1026,18.52,53.2,.885785,2,1,0,37.708215
2005,6,9,6,2,1026,18.53,53,.885785,2,1,0,37.708215
2005,6,9,6,2,1026,18.54,53,.885785,2,1,0,37.708215
2005,6,9,6,2,1026,18.55,53,.885785,2,1,0,37.708215
2005,6,9,6,2,1026,18.56,53,.885785,2,1,0,37.708215
2005,6,9,6,2,1026,90.07,66.8,.885785,2,0,0,37.708215
2005,6,9,7,2,1026,0,220,.885785,2,1,0,0
2005,6,9,7,2,1026,18.52,53.2,.885785,2,1,0,37.708215
2005,6,9,7,2,1026,18.53,53,.885785,2,1,0,37.708215
2005,6,9,7,2,1026,18.54,53,.885785,2,1,0,37.708215
2005,6,9,7,2,1026,18.55,53,.885785,2,1,0,37.708215
2005,6,9,7,2,1026,18.56,53,.885785,2,1,0,37.708215
2005,6,9,7,2,1026,90.07,66.8,.885785,2,0,0,37.708215
2005,6,9,8,2,1026,0,220,.885785,2,1,0,0
2005,6,9,8,2,1026,12.32,102,.885785,2,1,0,37.708215
2005,6,9,8,2,1026,15.02,40.8,.885785,2,1,0,37.708215
2005,6,9,8,2,1026,15.52,40.8,.885785,2,1,0,37.708215
2005,6,9,8,2,1026,16.02,40.8,.885785,2,1,0,37.708215
2005,6,9,8,2,1026,16.52,40.8,.885785,2,1,0,37.708215
2005,6,9,8,2,1026,90.07,66.8,.885785,2,0,0,37.708215
2005,6,9,9,2,1026,0,545.2,.885785,2,1,0,0
2005,6,9,9,2,1026,90.07,6.8,.885785,2,0,0,37.708215
2005,6,9,10,2,1026,0,545.2,.885785,2,1,0,0
2005,6,9,10,2,1026,90.07,6.8,.885785,2,0,0,37.708215
2005,6,9,11,2,1026,0,545.2,.885785,2,1,0,0
2005,6,9,11,2,1026,90.07,6.8,.885785,2,0,0,37.708215
2005,6,9,12,2,1026,0,545.2,.885785,2,1,0,0
2005,6,9,12,2,1026,90.07,6.8,.885785,2,0,0,37.708215
2005,6,9,13,2,1026,0,545.2,.885785,2,1,0,0
2005,6,9,13,2,1026,90.07,6.8,.885785,2,1,0,37.708215
2005,6,9,14,2,1026,0,545.2,.885785,2,1,0,0
2005,6,9,14,2,1026,90.07,6.8,.885785,2,0,0,37.708215
2005,6,9,15,2,1026,0,545.2,.885785,2,1,0,0
2005,6,9,15,2,1026,90.07,6.8,.885785,2,0,0,37.708215
2005,6,9,16,2,1026,0,545.2,.885785,2,1,0,0
2005,6,9,16,2,1026,90.07,6.8,.885785,2,0,0,37.708215
2005,6,9,17,2,1026,0,545.2,.885785,2,1,0,0
2005,6,9,17,2,1026,90.07,6.8,.885785,2,0,0,37.708215
2005,6,9,18,2,1026,0,545.2,.885785,2,1,0,0
2005,6,9,18,2,1026,90.07,6.8,.885785,2,0,0,37.708215
2005,6,9,19,2,1026,0,545.2,.885785,2,1,0,0
2005,6,9,19,2,1026,90.07,6.8,.885785,2,0,0,37.708215
2005,6,9,20,2,1026,0,545.2,.885785,2,1,0,0
2005,6,9,20,2,1026,90.07,6.8,.885785,2,0,0,37.708215
2005,6,9,21,2,1026,0,545.2,.885785,2,1,0,0
2005,6,9,21,2,1026,90.07,6.8,.885785,2,0,0,37.708215
2005,6,9,22,2,1026,0,545.2,.885785,2,1,0,0
2005,6,9,22,2,1026,90.07,6.8,.885785,2,0,0,37.708215
2005,6,9,23,2,1026,0,545.2,.885785,2,1,0,0
2005,6,9,23,2,1026,90.07,6.8,.885785,2,0,0,37.708215
2005,6,9,24,2,1026,0,220,.885785,2,1,0,0
2005,6,9,24,2,1026,12.32,172.4,.885785,2,1,0,37.708215
2005,6,9,24,2,1026,14.98,38.2,.885785,2,1,0,37.708215
2005,6,9,24,2,1026,15.43,38.2,.885785,2,1,0,37.708215
2005,6,9,24,2,1026,15.89,38.2,.885785,2,1,0,37.708215
2005,6,9,24,2,1026,16.35,38.2,.885785,2,1,0,37.708215
2005,6,9,24,2,1026,90.07,6.8,.885785,2,0,0,37.708215
2005,6,9,1,7,1027,0,183,.368091,2,1,0,0
2005,6,9,1,7,1027,40.5,17,.368091,2,1,0,41.592293
2005,6,9,1,7,1027,41,50,.368091,2,1,0,41.592293
2005,6,9,1,7,1027,42,23,.368091,2,1,0,41.592293
2005,6,9,1,7,1027,43,50,.368091,2,0,0,41.592293
2005,6,9,1,7,1027,44,5,.368091,2,0,0,41.592293
2005,6,9,1,7,1027,149,29.7,.368091,2,0,0,149
2005,6,9,2,7,1027,0,183,.368091,2,1,0,0
2005,6,9,2,7,1027,40.5,17,.368091,2,0,0,41.592293
2005,6,9,2,7,1027,41,50,.368091,2,0,0,41.592293
2005,6,9,2,7,1027,42,50,.368091,2,0,0,41.592293
2005,6,9,2,7,1027,43,50,.368091,2,0,0,41.592293
2005,6,9,2,7,1027,44,5,.368091,2,0,0,41.592293
2005,6,9,2,7,1027,149,29.7,.368091,2,0,0,149
2005,6,9,3,7,1027,0,183,.368091,2,1,0,0
2005,6,9,3,7,1027,40.5,17,.368091,2,0,0,41.592293
2005,6,9,3,7,1027,41,50,.368091,2,0,0,41.592293
2005,6,9,3,7,1027,42,50,.368091,2,0,0,41.592293
2005,6,9,3,7,1027,43,50,.368091,2,0,0,41.592293
2005,6,9,3,7,1027,44,5,.368091,2,0,0,41.592293
2005,6,9,3,7,1027,149,29.7,.368091,2,0,0,149
2005,6,9,4,7,1027,0,183,.368091,2,1,0,0
2005,6,9,4,7,1027,40.5,17,.368091,2,0,0,41.592293
2005,6,9,4,7,1027,41,50,.368091,2,0,0,41.592293
2005,6,9,4,7,1027,42,50,.368091,2,0,0,41.592293
2005,6,9,4,7,1027,43,50,.368091,2,0,0,41.592293
2005,6,9,4,7,1027,44,5,.368091,2,0,0,41.592293
2005,6,9,4,7,1027,149,29.7,.368091,2,0,0,149
2005,6,9,5,7,1027,0,183,.368091,2,1,0,0
2005,6,9,5,7,1027,40.5,17,.368091,2,0,0,41.592293
2005,6,9,5,7,1027,41,50,.368091,2,0,0,41.592293
2005,6,9,5,7,1027,42,50,.368091,2,0,0,41.592293
2005,6,9,5,7,1027,43,50,.368091,2,0,0,41.592293
2005,6,9,5,7,1027,44,5,.368091,2,0,0,41.592293
2005,6,9,5,7,1027,149,29.7,.368091,2,0,0,149
2005,6,9,6,7,1027,0,183,.368091,2,1,0,0
2005,6,9,6,7,1027,40.5,17,.368091,2,0,0,41.592293
2005,6,9,6,7,1027,41,50,.368091,2,0,0,41.592293
2005,6,9,6,7,1027,42,50,.368091,2,0,0,41.592293
2005,6,9,6,7,1027,43,50,.368091,2,0,0,41.592293
2005,6,9,6,7,1027,44,5,.368091,2,0,0,41.592293
2005,6,9,6,7,1027,149,29.7,.368091,2,0,0,149
2005,6,9,7,7,1027,0,183,.368091,2,1,0,0
2005,6,9,7,7,1027,40.5,17,.368091,2,0,0,41.592293
2005,6,9,7,7,1027,41,50,.368091,2,0,0,41.592293
2005,6,9,7,7,1027,42,50,.368091,2,0,0,41.592293
2005,6,9,7,7,1027,43,50,.368091,2,0,0,41.592293
2005,6,9,7,7,1027,44,5,.368091,2,0,0,41.592293
2005,6,9,7,7,1027,149,29.7,.368091,2,0,0,149
2005,6,9,8,7,1027,0,183,.368091,2,1,0,0
2005,6,9,8,7,1027,40.5,17,.368091,2,1,0,41.592293
2005,6,9,8,7,1027,41,50,.368091,2,1,0,41.592293
2005,6,9,8,7,1027,42,23,.368091,2,1,0,41.592293
2005,6,9,8,7,1027,43,50,.368091,2,0,0,41.592293
2005,6,9,8,7,1027,44,5,.368091,2,0,0,41.592293
2005,6,9,8,7,1027,149,29.7,.368091,2,0,0,149
2005,6,9,9,7,1027,0,183,.368091,2,1,0,0
2005,6,9,9,7,1027,40.5,17,.368091,2,1,0,41.592293
2005,6,9,9,7,1027,41,50,.368091,2,1,0,41.592293
2005,6,9,9,7,1027,42,50,.368091,2,1,0,41.592293
2005,6,9,9,7,1027,43,50,.368091,2,1,0,41.592293
2005,6,9,9,7,1027,44,5,.368091,2,1,0,41.592293
2005,6,9,9,7,1027,149,29.7,.368091,2,0,0,149
2005,6,9,10,7,1027,0,183,.368091,2,1,0,0
2005,6,9,10,7,1027,40.5,17,.368091,2,1,0,41.592293
2005,6,9,10,7,1027,41,50,.368091,2,1,0,41.592293
2005,6,9,10,7,1027,42,50,.368091,2,1,0,41.592293
2005,6,9,10,7,1027,43,50,.368091,2,1,0,41.592293
2005,6,9,10,7,1027,44,5,.368091,2,1,0,41.592293
2005,6,9,10,7,1027,149,29.7,.368091,2,0,0,149
2005,6,9,11,7,1027,0,183,.368091,2,1,0,0
2005,6,9,11,7,1027,40.5,17,.368091,2,1,0,41.592293
2005,6,9,11,7,1027,41,50,.368091,2,1,0,41.592293
2005,6,9,11,7,1027,42,50,.368091,2,1,0,41.592293
2005,6,9,11,7,1027,43,50,.368091,2,1,0,41.592293
2005,6,9,11,7,1027,44,5,.368091,2,1,0,41.592293
2005,6,9,11,7,1027,149,29.7,.368091,2,0,0,149
2005,6,9,12,7,1027,0,183,.368091,2,1,0,0
2005,6,9,12,7,1027,40.5,17,.368091,2,1,0,41.592293
2005,6,9,12,7,1027,41,50,.368091,2,1,0,41.592293
2005,6,9,12,7,1027,42,50,.368091,2,1,0,41.592293
2005,6,9,12,7,1027,43,50,.368091,2,1,0,41.592293
2005,6,9,12,7,1027,44,5,.368091,2,1,0,41.592293
2005,6,9,12,7,1027,149,29.7,.368091,2,0,0,149
2005,6,9,13,7,1027,0,183,.368091,2,1,0,0
2005,6,9,13,7,1027,40.5,17,.368091,2,1,0,41.592293
2005,6,9,13,7,1027,41,50,.368091,2,1,0,41.592293
2005,6,9,13,7,1027,42,50,.368091,2,1,0,41.592293
2005,6,9,13,7,1027,43,50,.368091,2,1,0,41.592293
2005,6,9,13,7,1027,44,5,.368091,2,1,0,41.592293
2005,6,9,13,7,1027,149,29.7,.368091,2,0,0,149
2005,6,9,14,7,1027,0,183,.368091,2,1,0,0
2005,6,9,14,7,1027,40.5,17,.368091,2,1,0,41.592293
2005,6,9,14,7,1027,41,50,.368091,2,1,0,41.592293
2005,6,9,14,7,1027,42,50,.368091,2,1,0,41.592293
2005,6,9,14,7,1027,43,50,.368091,2,1,0,41.592293
2005,6,9,14,7,1027,44,5,.368091,2,1,0,41.592293
2005,6,9,14,7,1027,149,29.7,.368091,2,0,0,149
2005,6,9,15,7,1027,0,183,.368091,2,1,0,0
2005,6,9,15,7,1027,40.5,17,.368091,2,1,0,41.592293
2005,6,9,15,7,1027,41,50,.368091,2,1,0,41.592293
2005,6,9,15,7,1027,42,50,.368091,2,1,0,41.592293
2005,6,9,15,7,1027,43,50,.368091,2,1,0,41.592293
2005,6,9,15,7,1027,44,5,.368091,2,1,0,41.592293
2005,6,9,15,7,1027,149,29.7,.368091,2,0,0,149
2005,6,9,16,7,1027,0,183,.368091,2,1,0,0
2005,6,9,16,7,1027,40.5,17,.368091,2,1,0,41.592293
2005,6,9,16,7,1027,41,50,.368091,2,1,0,41.592293
2005,6,9,16,7,1027,42,50,.368091,2,1,0,41.592293
2005,6,9,16,7,1027,43,50,.368091,2,1,0,41.592293
2005,6,9,16,7,1027,44,5,.368091,2,1,0,41.592293
2005,6,9,16,7,1027,149,29.7,.368091,2,0,0,149
2005,6,9,17,7,1027,0,183,.368091,2,1,0,0
2005,6,9,17,7,1027,40.5,17,.368091,2,1,0,41.592293
2005,6,9,17,7,1027,41,50,.368091,2,1,0,41.592293
2005,6,9,17,7,1027,42,50,.368091,2,1,0,41.592293
2005,6,9,17,7,1027,43,50,.368091,2,1,0,41.592293
2005,6,9,17,7,1027,44,5,.368091,2,1,0,41.592293
2005,6,9,17,7,1027,149,29.7,.368091,2,0,0,149
2005,6,9,18,7,1027,0,183,.368091,2,1,0,0
2005,6,9,18,7,1027,40.5,17,.368091,2,1,0,41.592293
2005,6,9,18,7,1027,41,50,.368091,2,1,0,41.592293
2005,6,9,18,7,1027,42,50,.368091,2,1,0,41.592293
2005,6,9,18,7,1027,43,50,.368091,2,1,0,41.592293
2005,6,9,18,7,1027,44,5,.368091,2,1,0,41.592293
2005,6,9,18,7,1027,149,29.7,.368091,2,0,0,149
2005,6,9,19,7,1027,0,183,.368091,2,1,0,0
2005,6,9,19,7,1027,40.5,17,.368091,2,1,0,41.592293
2005,6,9,19,7,1027,41,50,.368091,2,1,0,41.592293
2005,6,9,19,7,1027,42,50,.368091,2,1,0,41.592293
2005,6,9,19,7,1027,43,50,.368091,2,1,0,41.592293
2005,6,9,19,7,1027,44,5,.368091,2,1,0,41.592293
2005,6,9,19,7,1027,149,29.7,.368091,2,0,0,149
2005,6,9,20,7,1027,0,183,.368091,2,1,0,0
2005,6,9,20,7,1027,40.5,17,.368091,2,1,0,41.592293
2005,6,9,20,7,1027,41,50,.368091,2,1,0,41.592293
2005,6,9,20,7,1027,42,50,.368091,2,1,0,41.592293
2005,6,9,20,7,1027,43,50,.368091,2,1,0,41.592293
2005,6,9,20,7,1027,44,5,.368091,2,1,0,41.592293
2005,6,9,20,7,1027,149,29.7,.368091,2,0,0,149
2005,6,9,21,7,1027,0,183,.368091,2,1,0,0
2005,6,9,21,7,1027,40.5,17,.368091,2,1,0,41.592293
2005,6,9,21,7,1027,41,50,.368091,2,1,0,41.592293
2005,6,9,21,7,1027,42,50,.368091,2,1,0,41.592293
2005,6,9,21,7,1027,43,50,.368091,2,1,0,41.592293
2005,6,9,21,7,1027,44,5,.368091,2,1,0,41.592293
2005,6,9,21,7,1027,149,29.7,.368091,2,0,0,149
2005,6,9,22,7,1027,0,183,.368091,2,1,0,0
2005,6,9,22,7,1027,40.5,17,.368091,2,1,0,41.592293
2005,6,9,22,7,1027,41,50,.368091,2,1,0,41.592293
2005,6,9,22,7,1027,42,50,.368091,2,1,0,41.592293
2005,6,9,22,7,1027,43,50,.368091,2,1,0,41.592293
2005,6,9,22,7,1027,44,5,.368091,2,1,0,41.592293
2005,6,9,22,7,1027,149,29.7,.368091,2,0,0,149
2005,6,9,23,7,1027,0,183,.368091,2,1,0,0
2005,6,9,23,7,1027,40.5,17,.368091,2,1,0,41.592293
2005,6,9,23,7,1027,41,50,.368091,2,1,0,41.592293
2005,6,9,23,7,1027,42,50,.368091,2,1,0,41.592293
2005,6,9,23,7,1027,43,50,.368091,2,1,0,41.592293
2005,6,9,23,7,1027,44,5,.368091,2,1,0,41.592293
2005,6,9,23,7,1027,149,29.7,.368091,2,0,0,149
2005,6,9,24,7,1027,0,183,.368091,2,1,0,0
2005,6,9,24,7,1027,40.5,17,.368091,2,1,0,41.592293
2005,6,9,24,7,1027,41,50,.368091,2,1,0,41.592293
2005,6,9,24,7,1027,42,50,.368091,2,1,0,41.592293
2005,6,9,24,7,1027,43,50,.368091,2,0,0,41.592293
2005,6,9,24,7,1027,44,5,.368091,2,0,0,41.592293
2005,6,9,24,7,1027,149,29.7,.368091,2,0,0,149
2005,6,9,1,9,40,0,6.6,0,2,1,0,0
2005,6,9,2,9,40,0,6,0,2,1,0,0
2005,6,9,3,9,40,0,6.7,0,2,1,0,0
2005,6,9,4,9,40,0,3.1,0,2,1,0,0
2005,6,9,5,9,40,0,3.8,0,2,1,0,0
2005,6,9,6,9,40,0,3.7,0,2,1,0,0
2005,6,9,7,9,40,0,3.6,0,2,1,0,0
2005,6,9,8,9,40,0,3.8,0,2,1,0,0
2005,6,9,9,9,40,0,3.8,0,2,1,0,0
2005,6,9,10,9,40,0,2.6,0,2,1,0,0
2005,6,9,11,9,40,0,2.3,0,2,1,0,0
2005,6,9,12,9,40,0,2.6,0,2,1,0,0
2005,6,9,13,9,40,0,1.6,0,2,1,0,0
2005,6,9,14,9,40,0,.9,0,2,1,0,0
2005,6,9,15,9,40,0,.7,0,2,1,0,0
2005,6,9,16,9,40,0,.7,0,2,1,0,0
2005,6,9,17,9,40,0,.6,0,2,1,0,0
2005,6,9,18,9,40,0,.1,0,2,1,0,0
2005,6,9,19,9,40,0,.1,0,2,1,0,0
2005,6,9,20,9,40,0,1.8,0,2,1,0,0
2005,6,9,21,9,40,0,6,0,2,1,0,0
2005,6,9,22,9,40,0,6.8,0,2,1,0,0
2005,6,9,23,9,40,0,7.8,0,2,1,0,0
2005,6,9,24,9,40,0,8.8,0,2,1,0,0
2005,6,9,1,9,41,0,5.3,0,2,1,0,0
2005,6,9,2,9,41,0,5,0,2,1,0,0
2005,6,9,3,9,41,0,12.9,0,2,1,0,0
2005,6,9,4,9,41,0,11.1,0,2,1,0,0
2005,6,9,5,9,41,0,3.2,0,2,1,0,0
2005,6,9,6,9,41,0,1.8,0,2,1,0,0
2005,6,9,7,9,41,0,1.5,0,2,1,0,0
2005,6,9,8,9,41,0,1.3,0,2,1,0,0
2005,6,9,9,9,41,0,1.3,0,2,1,0,0
2005,6,9,10,9,41,0,1.6,0,2,1,0,0
2005,6,9,11,9,41,0,2,0,2,1,0,0
2005,6,9,12,9,41,0,1.8,0,2,1,0,0
2005,6,9,13,9,41,0,1,0,2,1,0,0
2005,6,9,14,9,41,0,.4,0,2,1,0,0
2005,6,9,15,9,41,0,.1,0,2,1,0,0
2005,6,9,16,9,41,0,.1,0,2,1,0,0
2005,6,9,17,9,41,0,.3,0,2,1,0,0
2005,6,9,18,9,41,0,.4,0,2,1,0,0
2005,6,9,19,9,41,0,.1,0,2,1,0,0
2005,6,9,20,9,41,0,.8,0,2,1,0,0
2005,6,9,21,9,41,0,2.6,0,2,1,0,0
2005,6,9,22,9,41,0,3.2,0,2,1,0,0
2005,6,9,23,9,41,0,3.4,0,2,1,0,0
2005,6,9,24,9,41,0,3.7,0,2,1,0,0
2005,6,9,1,9,42,0,3.8,0,2,1,0,0
2005,6,9,2,9,42,0,3.8,0,2,1,0,0
2005,6,9,3,9,42,0,3.8,0,2,1,0,0
2005,6,9,4,9,42,0,3.8,0,2,1,0,0
2005,6,9,5,9,42,0,3.8,0,2,1,0,0
2005,6,9,6,9,42,0,3.8,0,2,1,0,0
2005,6,9,7,9,42,0,3.8,0,2,1,0,0
2005,6,9,8,9,42,0,3.8,0,2,1,0,0
2005,6,9,9,9,42,0,3.8,0,2,1,0,0
2005,6,9,10,9,42,0,3.7,0,2,1,0,0
2005,6,9,11,9,42,0,3.7,0,2,1,0,0
2005,6,9,12,9,42,0,3.6,0,2,1,0,0
2005,6,9,13,9,42,0,3.6,0,2,1,0,0
2005,6,9,14,9,42,0,3.6,0,2,1,0,0
2005,6,9,15,9,42,0,3.6,0,2,1,0,0
2005,6,9,16,9,42,0,3.6,0,2,1,0,0
2005,6,9,17,9,42,0,3.7,0,2,1,0,0
2005,6,9,18,9,42,0,3.7,0,2,1,0,0
2005,6,9,19,9,42,0,3.7,0,2,1,0,0
2005,6,9,20,9,42,0,3.7,0,2,1,0,0
2005,6,9,21,9,42,0,3.7,0,2,1,0,0
2005,6,9,22,9,42,0,3.8,0,2,1,0,0
2005,6,9,23,9,42,0,3.8,0,2,1,0,0
2005,6,9,24,9,42,0,3.8,0,2,1,0,0
2005,6,9,1,2,1030,0,60,.93876,2,1,0,0
2005,6,9,1,2,1030,11.01,73,.93876,2,1,0,41.097529
2005,6,9,1,2,1030,120.02,5.3,.93876,2,0,0,120.02
2005,6,9,2,2,1030,0,60,.93876,2,1,0,0
2005,6,9,2,2,1030,11.01,73,.93876,2,1,0,41.097529
2005,6,9,2,2,1030,120.02,5.3,.93876,2,0,0,120.02
2005,6,9,3,2,1030,0,60,.93876,2,1,0,0
2005,6,9,3,2,1030,11.01,73,.93876,2,1,0,41.097529
2005,6,9,3,2,1030,120.02,5.3,.93876,2,0,0,120.02
2005,6,9,4,2,1030,0,60,.93876,2,1,0,0
2005,6,9,4,2,1030,11.01,73,.93876,2,1,0,41.097529
2005,6,9,4,2,1030,120.02,5.3,.93876,2,0,0,120.02
2005,6,9,5,2,1030,0,60,.93876,2,1,0,0
2005,6,9,5,2,1030,11.01,73,.93876,2,1,0,41.097529
2005,6,9,5,2,1030,120.02,5.3,.93876,2,0,0,120.02
2005,6,9,6,2,1030,0,60,.93876,2,1,0,0
2005,6,9,6,2,1030,11.01,73,.93876,2,1,0,41.097529
2005,6,9,6,2,1030,120.02,5.3,.93876,2,0,0,120.02
2005,6,9,7,2,1030,0,60,.93876,2,1,0,0
2005,6,9,7,2,1030,11.01,73,.93876,2,1,0,41.097529
2005,6,9,7,2,1030,120.02,5.3,.93876,2,0,0,120.02
2005,6,9,8,2,1030,0,60,.93876,2,1,0,0
2005,6,9,8,2,1030,11.01,73,.93876,2,1,0,41.097529
2005,6,9,8,2,1030,120.02,5.3,.93876,2,0,0,120.02
2005,6,9,9,2,1030,0,133,.93876,2,1,0,0
2005,6,9,9,2,1030,120.01,5.3,.93876,2,0,0,120.01
2005,6,9,10,2,1030,0,133,.93876,2,1,0,0
2005,6,9,10,2,1030,120.01,5.3,.93876,2,0,0,120.01
2005,6,9,11,2,1030,0,133,.93876,2,1,0,0
2005,6,9,11,2,1030,120.01,5.3,.93876,2,0,0,120.01
2005,6,9,12,2,1030,0,133,.93876,2,1,0,0
2005,6,9,12,2,1030,120.01,5.3,.93876,2,0,0,120.01
2005,6,9,13,2,1030,0,133,.93876,2,1,0,0
2005,6,9,13,2,1030,120.01,5.3,.93876,2,0,0,120.01
2005,6,9,14,2,1030,0,133,.93876,2,1,0,0
2005,6,9,14,2,1030,120.01,5.3,.93876,2,0,0,120.01
2005,6,9,15,2,1030,0,133,.93876,2,1,0,0
2005,6,9,15,2,1030,120.01,5.3,.93876,2,0,0,120.01
2005,6,9,16,2,1030,0,133,.93876,2,1,0,0
2005,6,9,16,2,1030,120.01,5.3,.93876,2,0,0,120.01
2005,6,9,17,2,1030,0,133,.93876,2,1,0,0
2005,6,9,17,2,1030,120.01,5.3,.93876,2,0,0,120.01
2005,6,9,18,2,1030,0,133,.93876,2,1,0,0
2005,6,9,18,2,1030,120.01,5.3,.93876,2,0,0,120.01
2005,6,9,19,2,1030,0,133,.93876,2,1,0,0
2005,6,9,19,2,1030,120.01,5.3,.93876,2,0,0,120.01
2005,6,9,20,2,1030,0,133,.93876,2,1,0,0
2005,6,9,20,2,1030,120.01,5.3,.93876,2,0,0,120.01
2005,6,9,21,2,1030,0,133,.93876,2,1,0,0
2005,6,9,21,2,1030,120.01,5.3,.93876,2,0,0,120.01
2005,6,9,22,2,1030,0,133,.93876,2,1,0,0
2005,6,9,22,2,1030,120.01,5.3,.93876,2,0,0,120.01
2005,6,9,23,2,1030,0,133,.93876,2,1,0,0
2005,6,9,23,2,1030,120.01,5.3,.93876,2,0,0,120.01
2005,6,9,24,2,1030,0,133,.93876,2,1,0,0
2005,6,9,24,2,1030,120.01,5.3,.93876,2,0,0,120.01
2005,6,9,1,2,1031,0,153,.93876,2,1,0,0
2005,6,9,1,2,1031,11.01,15,.93876,2,1,0,39.377961
2005,6,9,1,2,1031,36.43,21.3,.93876,2,1,0,39.377961
2005,6,9,1,2,1031,36.47,21.3,.93876,2,1,0,39.377961
2005,6,9,1,2,1031,36.52,21.3,.93876,2,1,0,39.377961
2005,6,9,1,2,1031,36.56,21.3,.93876,2,1,0,39.377961
2005,6,9,1,2,1031,36.6,21.3,.93876,2,1,0,39.377961
2005,6,9,1,2,1031,36.65,21.3,.93876,2,1,0,39.377961
2005,6,9,1,2,1031,36.69,21.2,.93876,2,1,0,39.377961
2005,6,9,1,2,1031,120.09,6.3,.93876,2,0,0,120.09
2005,6,9,2,2,1031,0,153,.93876,2,1,0,0
2005,6,9,2,2,1031,11.01,15,.93876,2,1,0,39.377961
2005,6,9,2,2,1031,36.78,21.3,.93876,2,1,0,39.377961
2005,6,9,2,2,1031,36.82,21.3,.93876,2,1,0,39.377961
2005,6,9,2,2,1031,36.87,21.3,.93876,2,1,0,39.377961
2005,6,9,2,2,1031,36.91,21.3,.93876,2,1,0,39.377961
2005,6,9,2,2,1031,36.96,21.3,.93876,2,1,0,39.377961
2005,6,9,2,2,1031,37,21.3,.93876,2,1,0,39.377961
2005,6,9,2,2,1031,37.05,21.2,.93876,2,1,0,39.377961
2005,6,9,2,2,1031,120.09,6.3,.93876,2,0,0,120.09
2005,6,9,3,2,1031,0,153,.93876,2,1,0,0
2005,6,9,3,2,1031,11.01,15,.93876,2,1,0,39.377961
2005,6,9,3,2,1031,36.94,21.3,.93876,2,1,0,39.377961
2005,6,9,3,2,1031,36.99,21.3,.93876,2,1,0,39.377961
2005,6,9,3,2,1031,37.04,21.3,.93876,2,1,0,39.377961
2005,6,9,3,2,1031,37.08,21.3,.93876,2,1,0,39.377961
2005,6,9,3,2,1031,37.13,18.8,.93876,2,1,0,39.377961
2005,6,9,3,2,1031,37.18,21.3,.93876,2,0,0,39.377961
2005,6,9,3,2,1031,37.22,21.2,.93876,2,0,0,39.377961
2005,6,9,3,2,1031,120.09,6.3,.93876,2,0,0,120.09
2005,6,9,4,2,1031,0,153,.93876,2,1,0,0
2005,6,9,4,2,1031,11.01,15,.93876,2,1,0,39.377961
2005,6,9,4,2,1031,37.17,21.3,.93876,2,0,0,39.377961
2005,6,9,4,2,1031,37.22,21.3,.93876,2,0,0,39.377961
2005,6,9,4,2,1031,37.27,21.3,.93876,2,0,0,39.377961
2005,6,9,4,2,1031,37.31,21.3,.93876,2,0,0,39.377961
2005,6,9,4,2,1031,37.36,21.3,.93876,2,0,0,39.377961
2005,6,9,4,2,1031,37.41,21.3,.93876,2,0,0,39.377961
2005,6,9,4,2,1031,37.45,21.2,.93876,2,0,0,39.377961
2005,6,9,4,2,1031,120.09,6.3,.93876,2,0,0,120.09
2005,6,9,5,2,1031,0,153,.93876,2,1,0,0
2005,6,9,5,2,1031,11.01,15,.93876,2,1,0,39.377961
2005,6,9,5,2,1031,37.24,21.3,.93876,2,0,0,39.377961
2005,6,9,5,2,1031,37.29,21.3,.93876,2,0,0,39.377961
2005,6,9,5,2,1031,37.34,21.3,.93876,2,0,0,39.377961
2005,6,9,5,2,1031,37.39,21.3,.93876,2,0,0,39.377961
2005,6,9,5,2,1031,37.43,21.3,.93876,2,0,0,39.377961
2005,6,9,5,2,1031,37.48,21.3,.93876,2,0,0,39.377961
2005,6,9,5,2,1031,37.53,21.2,.93876,2,0,0,39.377961
2005,6,9,5,2,1031,120.09,6.3,.93876,2,0,0,120.09
2005,6,9,6,2,1031,0,153,.93876,2,1,0,0
2005,6,9,6,2,1031,11.01,15,.93876,2,1,0,39.377961
2005,6,9,6,2,1031,37.15,21.3,.93876,2,1,0,39.377961
2005,6,9,6,2,1031,37.2,21.3,.93876,2,1,0,39.377961
2005,6,9,6,2,1031,37.24,21.3,.93876,2,1,0,39.377961
2005,6,9,6,2,1031,37.29,21.3,.93876,2,1,0,39.377961
2005,6,9,6,2,1031,37.34,21.3,.93876,2,1,0,39.377961
2005,6,9,6,2,1031,37.38,21.3,.93876,2,1,0,39.377961
2005,6,9,6,2,1031,37.43,21.2,.93876,2,1,0,39.377961
2005,6,9,6,2,1031,120.09,6.3,.93876,2,0,0,120.09
2005,6,9,7,2,1031,0,153,.93876,2,1,0,0
2005,6,9,7,2,1031,11.01,15,.93876,2,1,0,39.377961
2005,6,9,7,2,1031,36.7,21.3,.93876,2,1,0,39.377961
2005,6,9,7,2,1031,36.75,21.3,.93876,2,1,0,39.377961
2005,6,9,7,2,1031,36.8,21.3,.93876,2,1,0,39.377961
2005,6,9,7,2,1031,36.84,21.3,.93876,2,1,0,39.377961
2005,6,9,7,2,1031,36.89,21.3,.93876,2,1,0,39.377961
2005,6,9,7,2,1031,36.94,21.3,.93876,2,1,0,39.377961
2005,6,9,7,2,1031,36.98,21.2,.93876,2,1,0,39.377961
2005,6,9,7,2,1031,120.09,6.3,.93876,2,0,0,120.09
2005,6,9,8,2,1031,0,168,.93876,2,1,0,0
2005,6,9,8,2,1031,35.96,21.3,.93876,2,1,0,39.377961
2005,6,9,8,2,1031,36,21.3,.93876,2,1,0,39.377961
2005,6,9,8,2,1031,36.04,21.3,.93876,2,1,0,39.377961
2005,6,9,8,2,1031,36.09,21.3,.93876,2,1,0,39.377961
2005,6,9,8,2,1031,36.13,21.3,.93876,2,1,0,39.377961
2005,6,9,8,2,1031,36.18,21.3,.93876,2,1,0,39.377961
2005,6,9,8,2,1031,36.22,21.2,.93876,2,1,0,39.377961
2005,6,9,8,2,1031,120.08,6.3,.93876,2,0,0,120.08
2005,6,9,9,2,1031,0,168,.93876,2,1,0,0
2005,6,9,9,2,1031,34.98,21.3,.93876,2,1,0,39.377961
2005,6,9,9,2,1031,35.02,21.3,.93876,2,1,0,39.377961
2005,6,9,9,2,1031,35.06,21.3,.93876,2,1,0,39.377961
2005,6,9,9,2,1031,35.1,21.3,.93876,2,1,0,39.377961
2005,6,9,9,2,1031,35.14,21.3,.93876,2,1,0,39.377961
2005,6,9,9,2,1031,35.19,21.3,.93876,2,1,0,39.377961
2005,6,9,9,2,1031,35.23,21.2,.93876,2,1,0,39.377961
2005,6,9,9,2,1031,120.08,6.3,.93876,2,0,0,120.08
2005,6,9,10,2,1031,0,168,.93876,2,1,0,0
2005,6,9,10,2,1031,35.01,21.3,.93876,2,1,0,39.377961
2005,6,9,10,2,1031,35.05,21.3,.93876,2,1,0,39.377961
2005,6,9,10,2,1031,35.09,21.3,.93876,2,1,0,39.377961
2005,6,9,10,2,1031,35.13,21.3,.93876,2,1,0,39.377961
2005,6,9,10,2,1031,35.17,21.3,.93876,2,1,0,39.377961
2005,6,9,10,2,1031,35.21,21.3,.93876,2,1,0,39.377961
2005,6,9,10,2,1031,35.25,21.2,.93876,2,1,0,39.377961
2005,6,9,10,2,1031,120.08,6.3,.93876,2,0,0,120.08
2005,6,9,11,2,1031,0,168,.93876,2,1,0,0
2005,6,9,11,2,1031,35.23,21.3,.93876,2,1,0,39.377961
2005,6,9,11,2,1031,35.26,21.3,.93876,2,1,0,39.377961
2005,6,9,11,2,1031,35.3,21.3,.93876,2,1,0,39.377961
2005,6,9,11,2,1031,35.34,21.3,.93876,2,1,0,39.377961
2005,6,9,11,2,1031,35.38,21.3,.93876,2,1,0,39.377961
2005,6,9,11,2,1031,35.42,21.3,.93876,2,1,0,39.377961
2005,6,9,11,2,1031,35.46,21.2,.93876,2,1,0,39.377961
2005,6,9,11,2,1031,120.08,6.3,.93876,2,0,0,120.08
2005,6,9,12,2,1031,0,168,.93876,2,1,0,0
2005,6,9,12,2,1031,35.02,21.3,.93876,2,1,0,39.377961
2005,6,9,12,2,1031,35.06,21.3,.93876,2,1,0,39.377961
2005,6,9,12,2,1031,35.1,21.3,.93876,2,1,0,39.377961
2005,6,9,12,2,1031,35.13,21.3,.93876,2,1,0,39.377961
2005,6,9,12,2,1031,35.17,21.3,.93876,2,1,0,39.377961
2005,6,9,12,2,1031,35.21,21.3,.93876,2,1,0,39.377961
2005,6,9,12,2,1031,35.25,21.2,.93876,2,1,0,39.377961
2005,6,9,12,2,1031,120.08,6.3,.93876,2,0,0,120.08
2005,6,9,13,2,1031,0,168,.93876,2,1,0,0
2005,6,9,13,2,1031,34.86,21.3,.93876,2,1,0,39.377961
2005,6,9,13,2,1031,34.9,21.3,.93876,2,1,0,39.377961
2005,6,9,13,2,1031,34.93,21.3,.93876,2,1,0,39.377961
2005,6,9,13,2,1031,34.97,21.3,.93876,2,1,0,39.377961
2005,6,9,13,2,1031,35.01,21.3,.93876,2,1,0,39.377961
2005,6,9,13,2,1031,35.05,21.3,.93876,2,1,0,39.377961
2005,6,9,13,2,1031,35.08,21.2,.93876,2,1,0,39.377961
2005,6,9,13,2,1031,120.08,6.3,.93876,2,0,0,120.08
2005,6,9,14,2,1031,0,168,.93876,2,1,0,0
2005,6,9,14,2,1031,34.96,21.3,.93876,2,1,0,39.377961
2005,6,9,14,2,1031,35,21.3,.93876,2,1,0,39.377961
2005,6,9,14,2,1031,35.04,21.3,.93876,2,1,0,39.377961
2005,6,9,14,2,1031,35.07,21.3,.93876,2,1,0,39.377961
2005,6,9,14,2,1031,35.11,21.3,.93876,2,1,0,39.377961
2005,6,9,14,2,1031,35.15,21.3,.93876,2,1,0,39.377961
2005,6,9,14,2,1031,35.19,21.2,.93876,2,1,0,39.377961
2005,6,9,14,2,1031,120.08,6.3,.93876,2,0,0,120.08
2005,6,9,15,2,1031,0,168,.93876,2,1,0,0
2005,6,9,15,2,1031,34.91,21.3,.93876,2,1,0,39.377961
2005,6,9,15,2,1031,34.95,21.3,.93876,2,1,0,39.377961
2005,6,9,15,2,1031,34.99,21.3,.93876,2,1,0,39.377961
2005,6,9,15,2,1031,35.03,21.3,.93876,2,1,0,39.377961
2005,6,9,15,2,1031,35.07,21.3,.93876,2,1,0,39.377961
2005,6,9,15,2,1031,35.11,21.3,.93876,2,1,0,39.377961
2005,6,9,15,2,1031,35.14,21.2,.93876,2,1,0,39.377961
2005,6,9,15,2,1031,120.08,6.3,.93876,2,0,0,120.08
2005,6,9,16,2,1031,0,168,.93876,2,1,0,0
2005,6,9,16,2,1031,34.84,21.3,.93876,2,1,0,39.377961
2005,6,9,16,2,1031,34.88,21.3,.93876,2,1,0,39.377961
2005,6,9,16,2,1031,34.92,21.3,.93876,2,1,0,39.377961
2005,6,9,16,2,1031,34.96,21.3,.93876,2,1,0,39.377961
2005,6,9,16,2,1031,35,21.3,.93876,2,1,0,39.377961
2005,6,9,16,2,1031,35.04,21.3,.93876,2,1,0,39.377961
2005,6,9,16,2,1031,35.07,21.2,.93876,2,1,0,39.377961
2005,6,9,16,2,1031,120.08,6.3,.93876,2,0,0,120.08
2005,6,9,17,2,1031,0,168,.93876,2,1,0,0
2005,6,9,17,2,1031,34.9,21.3,.93876,2,1,0,39.377961
2005,6,9,17,2,1031,34.93,21.3,.93876,2,1,0,39.377961
2005,6,9,17,2,1031,34.97,21.3,.93876,2,1,0,39.377961
2005,6,9,17,2,1031,35.01,21.3,.93876,2,1,0,39.377961
2005,6,9,17,2,1031,35.05,21.3,.93876,2,1,0,39.377961
2005,6,9,17,2,1031,35.08,21.3,.93876,2,1,0,39.377961
2005,6,9,17,2,1031,35.12,21.2,.93876,2,1,0,39.377961
2005,6,9,17,2,1031,120.08,6.3,.93876,2,0,0,120.08
2005,6,9,18,2,1031,0,168,.93876,2,1,0,0
2005,6,9,18,2,1031,34.62,21.3,.93876,2,1,0,39.377961
2005,6,9,18,2,1031,34.66,21.3,.93876,2,1,0,39.377961
2005,6,9,18,2,1031,34.69,21.3,.93876,2,1,0,39.377961
2005,6,9,18,2,1031,34.73,21.3,.93876,2,1,0,39.377961
2005,6,9,18,2,1031,34.77,21.3,.93876,2,1,0,39.377961
2005,6,9,18,2,1031,34.81,21.3,.93876,2,1,0,39.377961
2005,6,9,18,2,1031,34.84,21.2,.93876,2,1,0,39.377961
2005,6,9,18,2,1031,120.08,6.3,.93876,2,0,0,120.08
2005,6,9,19,2,1031,0,168,.93876,2,1,0,0
2005,6,9,19,2,1031,34.76,21.3,.93876,2,1,0,39.377961
2005,6,9,19,2,1031,34.79,21.3,.93876,2,1,0,39.377961
2005,6,9,19,2,1031,34.83,21.3,.93876,2,1,0,39.377961
2005,6,9,19,2,1031,34.87,21.3,.93876,2,1,0,39.377961
2005,6,9,19,2,1031,34.91,21.3,.93876,2,1,0,39.377961
2005,6,9,19,2,1031,34.94,21.3,.93876,2,1,0,39.377961
2005,6,9,19,2,1031,34.98,21.2,.93876,2,1,0,39.377961
2005,6,9,19,2,1031,120.08,6.3,.93876,2,0,0,120.08
2005,6,9,20,2,1031,0,168,.93876,2,1,0,0
2005,6,9,20,2,1031,34.89,21.3,.93876,2,1,0,39.377961
2005,6,9,20,2,1031,34.93,21.3,.93876,2,1,0,39.377961
2005,6,9,20,2,1031,34.97,21.3,.93876,2,1,0,39.377961
2005,6,9,20,2,1031,35.01,21.3,.93876,2,1,0,39.377961
2005,6,9,20,2,1031,35.05,21.3,.93876,2,1,0,39.377961
2005,6,9,20,2,1031,35.09,21.3,.93876,2,1,0,39.377961
2005,6,9,20,2,1031,35.13,21.2,.93876,2,1,0,39.377961
2005,6,9,20,2,1031,120.08,6.3,.93876,2,0,0,120.08
2005,6,9,21,2,1031,0,168,.93876,2,1,0,0
2005,6,9,21,2,1031,35.29,21.3,.93876,2,1,0,39.377961
2005,6,9,21,2,1031,35.33,21.3,.93876,2,1,0,39.377961
2005,6,9,21,2,1031,35.37,21.3,.93876,2,1,0,39.377961
2005,6,9,21,2,1031,35.41,21.3,.93876,2,1,0,39.377961
2005,6,9,21,2,1031,35.45,21.3,.93876,2,1,0,39.377961
2005,6,9,21,2,1031,35.49,21.3,.93876,2,1,0,39.377961
2005,6,9,21,2,1031,35.53,21.2,.93876,2,1,0,39.377961
2005,6,9,21,2,1031,120.08,6.3,.93876,2,0,0,120.08
2005,6,9,22,2,1031,0,168,.93876,2,1,0,0
2005,6,9,22,2,1031,35.21,21.3,.93876,2,1,0,39.377961
2005,6,9,22,2,1031,35.25,21.3,.93876,2,1,0,39.377961
2005,6,9,22,2,1031,35.29,21.3,.93876,2,1,0,39.377961
2005,6,9,22,2,1031,35.33,21.3,.93876,2,1,0,39.377961
2005,6,9,22,2,1031,35.37,21.3,.93876,2,1,0,39.377961
2005,6,9,22,2,1031,35.41,21.3,.93876,2,1,0,39.377961
2005,6,9,22,2,1031,35.45,21.2,.93876,2,1,0,39.377961
2005,6,9,22,2,1031,120.08,6.3,.93876,2,0,0,120.08
2005,6,9,23,2,1031,0,168,.93876,2,1,0,0
2005,6,9,23,2,1031,35.03,21.3,.93876,2,1,0,39.377961
2005,6,9,23,2,1031,35.07,21.3,.93876,2,1,0,39.377961
2005,6,9,23,2,1031,35.11,21.3,.93876,2,1,0,39.377961
2005,6,9,23,2,1031,35.15,21.3,.93876,2,1,0,39.377961
2005,6,9,23,2,1031,35.19,21.3,.93876,2,1,0,39.377961
2005,6,9,23,2,1031,35.23,21.3,.93876,2,1,0,39.377961
2005,6,9,23,2,1031,35.27,21.2,.93876,2,1,0,39.377961
2005,6,9,23,2,1031,120.08,6.3,.93876,2,0,0,120.08
2005,6,9,24,2,1031,0,168,.93876,2,1,0,0
2005,6,9,24,2,1031,35.7,21.3,.93876,2,1,0,39.377961
2005,6,9,24,2,1031,35.75,21.3,.93876,2,1,0,39.377961
2005,6,9,24,2,1031,35.79,21.3,.93876,2,1,0,39.377961
2005,6,9,24,2,1031,35.83,21.3,.93876,2,1,0,39.377961
2005,6,9,24,2,1031,35.87,21.3,.93876,2,1,0,39.377961
2005,6,9,24,2,1031,35.91,21.3,.93876,2,1,0,39.377961
2005,6,9,24,2,1031,35.96,21.2,.93876,2,1,0,39.377961
2005,6,9,24,2,1031,120.08,6.3,.93876,2,0,0,120.08
2005,6,9,1,9,45,0,2.8,0,2,1,0,0
2005,6,9,2,9,45,0,2.8,0,2,1,0,0
2005,6,9,3,9,45,0,2.8,0,2,1,0,0
2005,6,9,4,9,45,0,2.8,0,2,1,0,0
2005,6,9,5,9,45,0,2.8,0,2,1,0,0
2005,6,9,6,9,45,0,2.8,0,2,1,0,0
2005,6,9,7,9,45,0,2.8,0,2,1,0,0
2005,6,9,8,9,45,0,2.8,0,2,1,0,0
2005,6,9,9,9,45,0,2.8,0,2,1,0,0
2005,6,9,10,9,45,0,2.8,0,2,1,0,0
2005,6,9,11,9,45,0,2.8,0,2,1,0,0
2005,6,9,12,9,45,0,2.8,0,2,1,0,0
2005,6,9,13,9,45,0,2.8,0,2,1,0,0
2005,6,9,14,9,45,0,2.8,0,2,1,0,0
2005,6,9,15,9,45,0,2.8,0,2,1,0,0
2005,6,9,16,9,45,0,2.8,0,2,1,0,0
2005,6,9,17,9,45,0,2.8,0,2,1,0,0
2005,6,9,18,9,45,0,2.8,0,2,1,0,0
2005,6,9,19,9,45,0,2.8,0,2,1,0,0
2005,6,9,20,9,45,0,2.8,0,2,1,0,0
2005,6,9,21,9,45,0,2.8,0,2,1,0,0
2005,6,9,22,9,45,0,2.8,0,2,1,0,0
2005,6,9,23,9,45,0,2.8,0,2,1,0,0
2005,6,9,24,9,45,0,2.8,0,2,1,0,0
2005,6,9,1,9,46,150,20,0,1,1,0,150
2005,6,9,2,9,46,150,20,0,1,1,0,150
2005,6,9,3,9,46,150,20,0,1,1,0,150
2005,6,9,4,9,46,150,20,0,1,1,0,150
2005,6,9,5,9,46,150,20,0,1,1,0,150
2005,6,9,6,9,46,150,20,0,1,1,0,150
2005,6,9,7,9,46,150,20,0,1,1,0,150
2005,6,9,8,9,46,150,20,0,1,1,0,150
2005,6,9,1,9,47,0,25.9,0,2,1,0,0
2005,6,9,2,9,47,0,25.2,0,2,1,0,0
2005,6,9,3,9,47,0,23.4,0,2,1,0,0
2005,6,9,4,9,47,0,22.2,0,2,1,0,0
2005,6,9,5,9,47,0,23.5,0,2,1,0,0
2005,6,9,6,9,47,0,23.5,0,2,1,0,0
2005,6,9,7,9,47,0,23.9,0,2,1,0,0
2005,6,9,8,9,47,0,24.1,0,2,1,0,0
2005,6,9,9,9,47,0,23.4,0,2,1,0,0
2005,6,9,10,9,47,0,23.1,0,2,1,0,0
2005,6,9,11,9,47,0,22.5,0,2,1,0,0
2005,6,9,12,9,47,0,22.3,0,2,1,0,0
2005,6,9,13,9,47,0,22.6,0,2,1,0,0
2005,6,9,14,9,47,0,22.9,0,2,1,0,0
2005,6,9,15,9,47,0,23.6,0,2,1,0,0
2005,6,9,16,9,47,0,25.1,0,2,1,0,0
2005,6,9,17,9,47,0,25.7,0,2,1,0,0
2005,6,9,18,9,47,0,26.4,0,2,1,0,0
2005,6,9,19,9,47,0,27.6,0,2,1,0,0
2005,6,9,20,9,47,0,28.5,0,2,1,0,0
2005,6,9,21,9,47,0,29.1,0,2,1,0,0
2005,6,9,22,9,47,0,31.9,0,2,1,0,0
2005,6,9,23,9,47,0,32,0,2,1,0,0
2005,6,9,24,9,47,0,37,0,2,1,0,0
2005,6,9,1,9,48,0,3.8,0,2,1,0,0
2005,6,9,2,9,48,0,3.8,0,2,1,0,0
2005,6,9,3,9,48,0,3.8,0,2,1,0,0
2005,6,9,4,9,48,0,3.6,0,2,1,0,0
2005,6,9,5,9,48,0,3.6,0,2,1,0,0
2005,6,9,6,9,48,0,3.5,0,2,1,0,0
2005,6,9,7,9,48,0,2.9,0,2,1,0,0
2005,6,9,8,9,48,0,2.7,0,2,1,0,0
2005,6,9,9,9,48,0,2.5,0,2,1,0,0
2005,6,9,10,9,48,0,2.5,0,2,1,0,0
2005,6,9,11,9,48,0,2.5,0,2,1,0,0
2005,6,9,12,9,48,0,2.5,0,2,1,0,0
2005,6,9,13,9,48,0,2.5,0,2,1,0,0
2005,6,9,14,9,48,0,2.5,0,2,1,0,0
2005,6,9,15,9,48,0,2.5,0,2,1,0,0
2005,6,9,16,9,48,0,2.5,0,2,1,0,0
2005,6,9,17,9,48,0,2.5,0,2,1,0,0
2005,6,9,18,9,48,0,2.6,0,2,1,0,0
2005,6,9,19,9,48,0,2.8,0,2,1,0,0
2005,6,9,20,9,48,0,2.9,0,2,1,0,0
2005,6,9,21,9,48,0,3,0,2,1,0,0
2005,6,9,22,9,48,0,3.2,0,2,1,0,0
2005,6,9,23,9,48,0,3.8,0,2,1,0,0
2005,6,9,24,9,48,0,3.8,0,2,1,0,0
2005,6,9,1,9,49,0,80.8,0,2,1,0,0
2005,6,9,1,9,49,15,.5,0,2,1,0,15
2005,6,9,1,9,49,25.01,.5,0,2,1,0,25.01
2005,6,9,1,9,49,30.01,.5,0,2,1,0,30.01
2005,6,9,1,9,49,40,.5,0,2,1,0,40
2005,6,9,1,9,49,46.8,.5,0,2,0,0,46.8
2005,6,9,2,9,49,0,80.9,0,2,1,0,0
2005,6,9,2,9,49,15,.5,0,2,1,0,15
2005,6,9,2,9,49,25.01,.5,0,2,1,0,25.01
2005,6,9,2,9,49,30.01,.5,0,2,1,0,30.01
2005,6,9,2,9,49,40,.5,0,2,0,0,40
2005,6,9,2,9,49,46.8,.5,0,2,0,0,46.8
2005,6,9,3,9,49,0,80.5,0,2,1,0,0
2005,6,9,3,9,49,15,.5,0,2,1,0,15
2005,6,9,3,9,49,25.01,.5,0,2,1,0,25.01
2005,6,9,3,9,49,30.01,.5,0,2,1,0,30.01
2005,6,9,3,9,49,40,.5,0,2,0,0,40
2005,6,9,3,9,49,46.8,.5,0,2,0,0,46.8
2005,6,9,4,9,49,0,80.4,0,2,1,0,0
2005,6,9,4,9,49,15,.5,0,2,1,0,15
2005,6,9,4,9,49,25.01,.5,0,2,1,0,25.01
2005,6,9,4,9,49,30.01,.5,0,2,1,0,30.01
2005,6,9,4,9,49,40,.5,0,2,0,0,40
2005,6,9,4,9,49,46.8,.5,0,2,0,0,46.8
2005,6,9,5,9,49,0,81,0,2,1,0,0
2005,6,9,5,9,49,15,.5,0,2,1,0,15
2005,6,9,5,9,49,25.01,.5,0,2,1,0,25.01
2005,6,9,5,9,49,30.01,.5,0,2,1,0,30.01
2005,6,9,5,9,49,40,.5,0,2,0,0,40
2005,6,9,5,9,49,46.8,.5,0,2,0,0,46.8
2005,6,9,6,9,49,0,80.6,0,2,1,0,0
2005,6,9,6,9,49,15,.5,0,2,1,0,15
2005,6,9,6,9,49,25.01,.5,0,2,1,0,25.01
2005,6,9,6,9,49,30.01,.5,0,2,1,0,30.01
2005,6,9,6,9,49,40,.5,0,2,0,0,40
2005,6,9,6,9,49,46.8,.5,0,2,0,0,46.8
2005,6,9,7,9,49,0,80.6,0,2,1,0,0
2005,6,9,7,9,49,15,.5,0,2,1,0,15
2005,6,9,7,9,49,25.01,.5,0,2,1,0,25.01
2005,6,9,7,9,49,30.01,.5,0,2,1,0,30.01
2005,6,9,7,9,49,40,.5,0,2,0,0,40
2005,6,9,7,9,49,46.8,.5,0,2,0,0,46.8
2005,6,9,8,9,49,0,80.7,0,2,1,0,0
2005,6,9,8,9,49,15,.5,0,2,1,0,15
2005,6,9,8,9,49,25.01,.5,0,2,1,0,25.01
2005,6,9,8,9,49,30.01,.5,0,2,1,0,30.01
2005,6,9,8,9,49,40,.5,0,2,1,0,40
2005,6,9,8,9,49,46.8,.5,0,2,0,0,46.8
2005,6,9,9,9,49,0,80.3,0,2,1,0,0
2005,6,9,9,9,49,15,.5,0,2,1,0,15
2005,6,9,9,9,49,25.01,.5,0,2,1,0,25.01
2005,6,9,9,9,49,30.01,.5,0,2,1,0,30.01
2005,6,9,9,9,49,40,.5,0,2,1,0,40
2005,6,9,9,9,49,46.8,.5,0,2,1,0,46.8
2005,6,9,10,9,49,0,80.3,0,2,1,0,0
2005,6,9,10,9,49,15,.5,0,2,1,0,15
2005,6,9,10,9,49,25.01,.5,0,2,1,0,25.01
2005,6,9,10,9,49,30.01,.5,0,2,1,0,30.01
2005,6,9,10,9,49,40,.5,0,2,1,0,40
2005,6,9,10,9,49,46.8,.5,0,2,1,0,46.8
2005,6,9,11,9,49,0,80.2,0,2,1,0,0
2005,6,9,11,9,49,15,.5,0,2,1,0,15
2005,6,9,11,9,49,25.01,.5,0,2,1,0,25.01
2005,6,9,11,9,49,30.01,.5,0,2,1,0,30.01
2005,6,9,11,9,49,40,.5,0,2,1,0,40
2005,6,9,11,9,49,46.8,.5,0,2,1,0,46.8
2005,6,9,12,9,49,0,80.4,0,2,1,0,0
2005,6,9,12,9,49,15,.5,0,2,1,0,15
2005,6,9,12,9,49,25.01,.5,0,2,1,0,25.01
2005,6,9,12,9,49,30.01,.5,0,2,1,0,30.01
2005,6,9,12,9,49,40,.5,0,2,1,0,40
2005,6,9,12,9,49,46.8,.5,0,2,1,0,46.8
2005,6,9,13,9,49,0,80.6,0,2,1,0,0
2005,6,9,13,9,49,15,.5,0,2,1,0,15
2005,6,9,13,9,49,25.01,.5,0,2,1,0,25.01
2005,6,9,13,9,49,30.01,.5,0,2,1,0,30.01
2005,6,9,13,9,49,40,.5,0,2,1,0,40
2005,6,9,13,9,49,46.8,.5,0,2,1,0,46.8
2005,6,9,14,9,49,0,80.5,0,2,1,0,0
2005,6,9,14,9,49,15,.5,0,2,1,0,15
2005,6,9,14,9,49,25.01,.5,0,2,1,0,25.01
2005,6,9,14,9,49,30.01,.5,0,2,1,0,30.01
2005,6,9,14,9,49,40,.5,0,2,1,0,40
2005,6,9,14,9,49,46.8,.5,0,2,1,0,46.8
2005,6,9,15,9,49,0,80.4,0,2,1,0,0
2005,6,9,15,9,49,15,.5,0,2,1,0,15
2005,6,9,15,9,49,25.01,.5,0,2,1,0,25.01
2005,6,9,15,9,49,30.01,.5,0,2,1,0,30.01
2005,6,9,15,9,49,40,.5,0,2,1,0,40
2005,6,9,15,9,49,46.8,.5,0,2,1,0,46.8
2005,6,9,16,9,49,0,80.7,0,2,1,0,0
2005,6,9,16,9,49,15,.5,0,2,1,0,15
2005,6,9,16,9,49,25.01,.5,0,2,1,0,25.01
2005,6,9,16,9,49,30.01,.5,0,2,1,0,30.01
2005,6,9,16,9,49,40,.5,0,2,1,0,40
2005,6,9,16,9,49,46.8,.5,0,2,1,0,46.8
2005,6,9,17,9,49,0,80.8,0,2,1,0,0
2005,6,9,17,9,49,15,.5,0,2,1,0,15
2005,6,9,17,9,49,25.01,.5,0,2,1,0,25.01
2005,6,9,17,9,49,30.01,.5,0,2,1,0,30.01
2005,6,9,17,9,49,40,.5,0,2,1,0,40
2005,6,9,17,9,49,46.8,.5,0,2,1,0,46.8
2005,6,9,18,9,49,0,80.3,0,2,1,0,0
2005,6,9,18,9,49,15,.5,0,2,1,0,15
2005,6,9,18,9,49,25.01,.5,0,2,1,0,25.01
2005,6,9,18,9,49,30.01,.5,0,2,1,0,30.01
2005,6,9,18,9,49,40,.5,0,2,1,0,40
2005,6,9,18,9,49,46.8,.5,0,2,1,0,46.8
2005,6,9,19,9,49,0,80.2,0,2,1,0,0
2005,6,9,19,9,49,15,.5,0,2,1,0,15
2005,6,9,19,9,49,25.01,.5,0,2,1,0,25.01
2005,6,9,19,9,49,30.01,.5,0,2,1,0,30.01
2005,6,9,19,9,49,40,.5,0,2,1,0,40
2005,6,9,19,9,49,46.8,.5,0,2,1,0,46.8
2005,6,9,20,9,49,0,81,0,2,1,0,0
2005,6,9,20,9,49,15,.5,0,2,1,0,15
2005,6,9,20,9,49,25.01,.5,0,2,1,0,25.01
2005,6,9,20,9,49,30.01,.5,0,2,1,0,30.01
2005,6,9,20,9,49,40,.5,0,2,1,0,40
2005,6,9,20,9,49,46.8,.5,0,2,1,0,46.8
2005,6,9,21,9,49,0,80.6,0,2,1,0,0
2005,6,9,21,9,49,15,.5,0,2,1,0,15
2005,6,9,21,9,49,25.01,.5,0,2,1,0,25.01
2005,6,9,21,9,49,30.01,.5,0,2,1,0,30.01
2005,6,9,21,9,49,40,.5,0,2,1,0,40
2005,6,9,21,9,49,46.8,.5,0,2,1,0,46.8
2005,6,9,22,9,49,0,80.5,0,2,1,0,0
2005,6,9,22,9,49,15,.5,0,2,1,0,15
2005,6,9,22,9,49,25.01,.5,0,2,1,0,25.01
2005,6,9,22,9,49,30.01,.5,0,2,1,0,30.01
2005,6,9,22,9,49,40,.5,0,2,1,0,40
2005,6,9,22,9,49,46.8,.5,0,2,1,0,46.8
2005,6,9,23,9,49,0,81,0,2,1,0,0
2005,6,9,23,9,49,15,.5,0,2,1,0,15
2005,6,9,23,9,49,25.01,.5,0,2,1,0,25.01
2005,6,9,23,9,49,30.01,.5,0,2,1,0,30.01
2005,6,9,23,9,49,40,.5,0,2,1,0,40
2005,6,9,23,9,49,46.8,.5,0,2,1,0,46.8
2005,6,9,24,9,49,0,80.3,0,2,1,0,0
2005,6,9,24,9,49,15,.5,0,2,1,0,15
2005,6,9,24,9,49,25.01,.5,0,2,1,0,25.01
2005,6,9,24,9,49,30.01,.5,0,2,1,0,30.01
2005,6,9,24,9,49,40,.5,0,2,1,0,40
2005,6,9,24,9,49,46.8,.5,0,2,0,0,46.8
2005,6,9,1,9,50,180.3,24.2,0,1,1,0,180.3
2005,6,9,2,9,50,180.3,23.3,0,1,1,0,180.3
2005,6,9,3,9,50,180.3,22.5,0,1,1,0,180.3
2005,6,9,4,9,50,180.3,22,0,1,1,0,180.3
2005,6,9,1,9,51,180.3,2.1,0,1,1,0,180.3
2005,6,9,2,9,51,180.3,1.9,0,1,1,0,180.3
2005,6,9,3,9,51,180.3,1.8,0,1,1,0,180.3
2005,6,9,4,9,51,180.3,1.7,0,1,1,0,180.3
2005,6,9,1,9,52,180.3,10.9,0,1,1,0,180.3
2005,6,9,2,9,52,180.3,10.2,0,1,1,0,180.3
2005,6,9,3,9,52,180.3,8.8,0,1,1,0,180.3
2005,6,9,4,9,52,180.3,8.3,0,1,1,0,180.3
2005,6,9,5,9,53,0,245,0,2,1,0,0
2005,6,9,6,9,53,0,255,0,2,1,0,0
2005,6,9,7,9,53,0,250,0,2,1,0,0
2005,6,9,8,9,53,0,320,0,2,1,0,0
2005,6,9,9,9,53,0,310,0,2,1,0,0
2005,6,9,10,9,53,0,300,0,2,1,0,0
2005,6,9,11,9,53,0,280,0,2,1,0,0
2005,6,9,12,9,53,0,280,0,2,1,0,0
2005,6,9,13,9,53,0,280,0,2,1,0,0
2005,6,9,14,9,53,0,285,0,2,1,0,0
2005,6,9,15,9,53,0,310,0,2,1,0,0
2005,6,9,16,9,53,0,310,0,2,1,0,0
2005,6,9,17,9,53,0,310,0,2,1,0,0
2005,6,9,18,9,53,0,310,0,2,1,0,0
2005,6,9,19,9,53,0,305,0,2,1,0,0
2005,6,9,20,9,53,0,305,0,2,1,0,0
2005,6,9,21,9,53,0,305,0,2,1,0,0
2005,6,9,22,9,53,0,310,0,2,1,0,0
2005,6,9,23,9,53,0,330,0,2,1,0,0
2005,6,9,24,9,53,0,330,0,2,1,0,0
2005,6,9,1,9,54,0,24.9,0,2,1,0,0
2005,6,9,2,9,54,0,25.1,0,2,1,0,0
2005,6,9,3,9,54,0,25.1,0,2,1,0,0
2005,6,9,4,9,54,0,25,0,2,1,0,0
2005,6,9,5,9,54,0,25,0,2,1,0,0
2005,6,9,6,9,54,0,25,0,2,1,0,0
2005,6,9,7,9,54,0,25.1,0,2,1,0,0
2005,6,9,8,9,54,0,25.2,0,2,1,0,0
2005,6,9,9,9,54,0,25.3,0,2,1,0,0
2005,6,9,10,9,54,0,25,0,2,1,0,0
2005,6,9,11,9,54,0,24.7,0,2,1,0,0
2005,6,9,12,9,54,0,24.4,0,2,1,0,0
2005,6,9,13,9,54,0,24.2,0,2,1,0,0
2005,6,9,14,9,54,0,23.9,0,2,1,0,0
2005,6,9,15,9,54,0,23.8,0,2,1,0,0
2005,6,9,16,9,54,0,23.8,0,2,1,0,0
2005,6,9,17,9,54,0,24,0,2,1,0,0
2005,6,9,18,9,54,0,24,0,2,1,0,0
2005,6,9,19,9,54,0,24.2,0,2,1,0,0
2005,6,9,20,9,54,0,24.2,0,2,1,0,0
2005,6,9,21,9,54,0,24.1,0,2,1,0,0
2005,6,9,22,9,54,0,24.4,0,2,1,0,0
2005,6,9,23,9,54,0,24.5,0,2,1,0,0
2005,6,9,24,9,54,0,24.6,0,2,1,0,0
2005,6,9,1,9,55,0,1.1,0,2,1,0,0
2005,6,9,2,9,55,0,1.1,0,2,1,0,0
2005,6,9,3,9,55,0,1.1,0,2,1,0,0
2005,6,9,4,9,55,0,1.1,0,2,1,0,0
2005,6,9,5,9,55,0,1.1,0,2,1,0,0
2005,6,9,6,9,55,0,1,0,2,1,0,0
2005,6,9,7,9,55,0,.8,0,2,1,0,0
2005,6,9,8,9,55,0,.7,0,2,1,0,0
2005,6,9,9,9,55,0,.6,0,2,1,0,0
2005,6,9,10,9,55,0,.6,0,2,1,0,0
2005,6,9,11,9,55,0,.5,0,2,1,0,0
2005,6,9,12,9,55,0,.5,0,2,1,0,0
2005,6,9,13,9,55,0,.5,0,2,1,0,0
2005,6,9,14,9,55,0,.5,0,2,1,0,0
2005,6,9,15,9,55,0,.5,0,2,1,0,0
2005,6,9,16,9,55,0,.5,0,2,1,0,0
2005,6,9,17,9,55,0,.5,0,2,1,0,0
2005,6,9,18,9,55,0,.5,0,2,1,0,0
2005,6,9,19,9,55,0,.5,0,2,1,0,0
2005,6,9,20,9,55,0,.5,0,2,1,0,0
2005,6,9,21,9,55,0,.6,0,2,1,0,0
2005,6,9,22,9,55,0,1,0,2,1,0,0
2005,6,9,23,9,55,0,1.1,0,2,1,0,0
2005,6,9,24,9,55,0,1.1,0,2,1,0,0
2005,6,9,1,9,56,0,10,0,2,1,0,0
2005,6,9,1,9,56,180.3,55,0,2,0,0,180.3
2005,6,9,2,9,56,0,10,0,2,1,0,0
2005,6,9,2,9,56,180.3,55,0,2,0,0,180.3
2005,6,9,3,9,56,0,10,0,2,1,0,0
2005,6,9,3,9,56,180.3,55,0,2,0,0,180.3
2005,6,9,4,9,56,0,9,0,2,1,0,0
2005,6,9,4,9,56,180.3,55,0,2,0,0,180.3
2005,6,9,5,9,56,0,10,0,2,1,0,0
2005,6,9,5,9,56,180.3,55,0,2,0,0,180.3
2005,6,9,6,9,56,0,10,0,2,1,0,0
2005,6,9,6,9,56,180.3,55,0,2,0,0,180.3
2005,6,9,7,9,56,0,10,0,2,1,0,0
2005,6,9,7,9,56,180.3,55,0,2,0,0,180.3
2005,6,9,8,9,56,0,10,0,2,1,0,0
2005,6,9,8,9,56,180.3,55,0,2,0,0,180.3
2005,6,9,9,9,56,0,10,0,2,1,0,0
2005,6,9,9,9,56,180.3,55,0,2,0,0,180.3
2005,6,9,10,9,56,0,9.5,0,2,1,0,0
2005,6,9,10,9,56,180.3,55,0,2,0,0,180.3
2005,6,9,11,9,56,0,9.5,0,2,1,0,0
2005,6,9,11,9,56,180.3,55,0,2,0,0,180.3
2005,6,9,12,9,56,0,9.5,0,2,1,0,0
2005,6,9,12,9,56,180.3,55,0,2,0,0,180.3
2005,6,9,13,9,56,0,9.5,0,2,1,0,0
2005,6,9,13,9,56,180.3,55,0,2,0,0,180.3
2005,6,9,14,9,56,0,9.5,0,2,1,0,0
2005,6,9,14,9,56,180.3,55,0,2,0,0,180.3
2005,6,9,15,9,56,0,9.5,0,2,1,0,0
2005,6,9,15,9,56,180.3,55,0,2,0,0,180.3
2005,6,9,16,9,56,0,8.5,0,2,1,0,0
2005,6,9,16,9,56,180.3,55,0,2,0,0,180.3
2005,6,9,17,9,56,0,9.5,0,2,1,0,0
2005,6,9,17,9,56,180.3,55,0,2,0,0,180.3
2005,6,9,18,9,56,0,9.5,0,2,1,0,0
2005,6,9,18,9,56,180.3,55,0,2,0,0,180.3
2005,6,9,19,9,56,0,9.5,0,2,1,0,0
2005,6,9,19,9,56,180.3,55,0,2,0,0,180.3
2005,6,9,20,9,56,0,9.5,0,2,1,0,0
2005,6,9,20,9,56,180.3,55,0,2,0,0,180.3
2005,6,9,21,9,56,0,9.5,0,2,1,0,0
2005,6,9,21,9,56,180.3,55,0,2,0,0,180.3
2005,6,9,22,9,56,0,9.5,0,2,1,0,0
2005,6,9,22,9,56,180.3,55,0,2,0,0,180.3
2005,6,9,23,9,56,0,9.5,0,2,1,0,0
2005,6,9,23,9,56,180.3,55,0,2,0,0,180.3
2005,6,9,24,9,56,0,9.5,0,2,1,0,0
2005,6,9,24,9,56,180.3,55,0,2,0,0,180.3
2005,6,9,1,9,57,0,60,0,2,1,0,0
2005,6,9,2,9,57,0,60,0,2,1,0,0
2005,6,9,3,9,57,0,60,0,2,1,0,0
2005,6,9,4,9,57,0,60,0,2,1,0,0
2005,6,9,5,9,57,0,60,0,2,1,0,0
2005,6,9,6,9,57,0,60,0,2,1,0,0
2005,6,9,7,9,57,0,60,0,2,1,0,0
2005,6,9,8,9,57,0,60,0,2,1,0,0
2005,6,9,9,9,57,0,58,0,2,1,0,0
2005,6,9,10,9,57,0,58,0,2,1,0,0
2005,6,9,11,9,57,0,58,0,2,1,0,0
2005,6,9,12,9,57,0,58,0,2,1,0,0
2005,6,9,13,9,57,0,58,0,2,1,0,0
2005,6,9,14,9,57,0,58,0,2,1,0,0
2005,6,9,15,9,57,0,58,0,2,1,0,0
2005,6,9,16,9,57,0,58,0,2,1,0,0
2005,6,9,17,9,57,0,58,0,2,1,0,0
2005,6,9,18,9,57,0,58,0,2,1,0,0
2005,6,9,19,9,57,0,60,0,2,1,0,0
2005,6,9,20,9,57,0,60,0,2,1,0,0
2005,6,9,21,9,57,0,60,0,2,1,0,0
2005,6,9,22,9,57,0,60,0,2,1,0,0
2005,6,9,23,9,57,0,60,0,2,1,0,0
2005,6,9,24,9,57,0,60,0,2,1,0,0
2005,6,9,1,9,58,0,8.5,0,2,1,0,0
2005,6,9,2,9,58,0,8.6,0,2,1,0,0
2005,6,9,3,9,58,0,8.7,0,2,1,0,0
2005,6,9,4,9,58,0,8.8,0,2,1,0,0
2005,6,9,5,9,58,0,8.9,0,2,1,0,0
2005,6,9,6,9,58,0,9,0,2,1,0,0
2005,6,9,7,9,58,0,9.1,0,2,1,0,0
2005,6,9,8,9,58,0,8.9,0,2,1,0,0
2005,6,9,9,9,58,0,7.4,0,2,1,0,0
2005,6,9,10,9,58,0,7.9,0,2,1,0,0
2005,6,9,11,9,58,0,7.8,0,2,1,0,0
2005,6,9,12,9,58,0,8.1,0,2,1,0,0
2005,6,9,13,9,58,0,8,0,2,1,0,0
2005,6,9,14,9,58,0,8,0,2,1,0,0
2005,6,9,15,9,58,0,8,0,2,1,0,0
2005,6,9,16,9,58,0,8,0,2,1,0,0
2005,6,9,17,9,58,0,7.9,0,2,1,0,0
2005,6,9,18,9,58,0,7.8,0,2,1,0,0
2005,6,9,19,9,58,0,7.8,0,2,1,0,0
2005,6,9,20,9,58,0,8.1,0,2,1,0,0
2005,6,9,21,9,58,0,8.3,0,2,1,0,0
2005,6,9,22,9,58,0,8.4,0,2,1,0,0
2005,6,9,23,9,58,0,8.4,0,2,1,0,0
2005,6,9,24,9,58,0,8.5,0,2,1,0,0
2005,6,9,1,9,59,0,17.5,0,2,1,0,0
2005,6,9,2,9,59,0,17.5,0,2,1,0,0
2005,6,9,3,9,59,0,17.5,0,2,1,0,0
2005,6,9,4,9,59,0,17.5,0,2,1,0,0
2005,6,9,5,9,59,0,17.5,0,2,1,0,0
2005,6,9,6,9,59,0,17.5,0,2,1,0,0
2005,6,9,7,9,59,0,17.5,0,2,1,0,0
2005,6,9,8,9,59,0,17.5,0,2,1,0,0
2005,6,9,9,9,59,0,17.5,0,2,1,0,0
2005,6,9,10,9,59,0,17.5,0,2,1,0,0
2005,6,9,11,9,59,0,17.5,0,2,1,0,0
2005,6,9,12,9,59,0,17.5,0,2,1,0,0
2005,6,9,13,9,59,0,17.5,0,2,1,0,0
2005,6,9,14,9,59,0,17.5,0,2,1,0,0
2005,6,9,15,9,59,0,17.5,0,2,1,0,0
2005,6,9,16,9,59,0,17.5,0,2,1,0,0
2005,6,9,17,9,59,0,17.5,0,2,1,0,0
2005,6,9,18,9,59,0,17.5,0,2,1,0,0
2005,6,9,19,9,59,0,17.5,0,2,1,0,0
2005,6,9,20,9,59,0,17.5,0,2,1,0,0
2005,6,9,21,9,59,0,17.5,0,2,1,0,0
2005,6,9,22,9,59,0,17.5,0,2,1,0,0
2005,6,9,23,9,59,0,17.5,0,2,1,0,0
2005,6,9,24,9,59,0,17.5,0,2,1,0,0
2005,6,9,1,9,60,0,37,0,2,1,0,0
2005,6,9,1,9,60,180.3,56.6,0,2,0,0,180.3
2005,6,9,2,9,60,0,37,0,2,1,0,0
2005,6,9,2,9,60,180.3,56.6,0,2,0,0,180.3
2005,6,9,3,9,60,0,37,0,2,1,0,0
2005,6,9,3,9,60,180.3,56.6,0,2,0,0,180.3
2005,6,9,4,9,60,0,37,0,2,1,0,0
2005,6,9,4,9,60,180.3,56.6,0,2,0,0,180.3
2005,6,9,5,9,60,0,37,0,2,1,0,0
2005,6,9,5,9,60,180.3,56.6,0,2,0,0,180.3
2005,6,9,6,9,60,0,37,0,2,1,0,0
2005,6,9,6,9,60,180.3,56.6,0,2,0,0,180.3
2005,6,9,7,9,60,0,37,0,2,1,0,0
2005,6,9,7,9,60,180.3,56.6,0,2,0,0,180.3
2005,6,9,8,9,60,0,37,0,2,1,0,0
2005,6,9,8,9,60,180.3,56.6,0,2,0,0,180.3
2005,6,9,9,9,60,0,37,0,2,1,0,0
2005,6,9,9,9,60,180.3,56.6,0,2,0,0,180.3
2005,6,9,10,9,60,0,37,0,2,1,0,0
2005,6,9,10,9,60,180.3,56.6,0,2,0,0,180.3
2005,6,9,11,9,60,0,37,0,2,1,0,0
2005,6,9,11,9,60,180.3,56.6,0,2,0,0,180.3
2005,6,9,12,9,60,0,37,0,2,1,0,0
2005,6,9,12,9,60,180.3,56.6,0,2,0,0,180.3
2005,6,9,13,9,60,0,37,0,2,1,0,0
2005,6,9,13,9,60,180.3,56.6,0,2,0,0,180.3
2005,6,9,14,9,60,0,37,0,2,1,0,0
2005,6,9,14,9,60,180.3,56.6,0,2,0,0,180.3
2005,6,9,15,9,60,0,37,0,2,1,0,0
2005,6,9,15,9,60,180.3,56.6,0,2,0,0,180.3
2005,6,9,16,9,60,0,37,0,2,1,0,0
2005,6,9,16,9,60,180.3,56.6,0,2,0,0,180.3
2005,6,9,17,9,60,0,37,0,2,1,0,0
2005,6,9,17,9,60,180.3,56.6,0,2,0,0,180.3
2005,6,9,18,9,60,0,37,0,2,1,0,0
2005,6,9,18,9,60,180.3,56.6,0,2,0,0,180.3
2005,6,9,19,9,60,0,37,0,2,1,0,0
2005,6,9,19,9,60,180.3,56.6,0,2,0,0,180.3
2005,6,9,20,9,60,0,37,0,2,1,0,0
2005,6,9,20,9,60,180.3,56.6,0,2,0,0,180.3
2005,6,9,21,9,60,0,37,0,2,1,0,0
2005,6,9,21,9,60,180.3,56.6,0,2,0,0,180.3
2005,6,9,22,9,60,0,37,0,2,1,0,0
2005,6,9,22,9,60,180.3,56.6,0,2,0,0,180.3
2005,6,9,23,9,60,0,37,0,2,1,0,0
2005,6,9,23,9,60,180.3,56.6,0,2,0,0,180.3
2005,6,9,24,9,60,0,37,0,2,1,0,0
2005,6,9,24,9,60,180.3,56.6,0,2,0,0,180.3
2005,6,9,1,2,1033,111.93,40,.739024,2,0,0,73.020722
2005,6,9,1,2,1033,112.04,104,.739024,2,0,0,73.020722
2005,6,9,2,2,1033,111.93,40,.739024,2,0,0,73.020722
2005,6,9,2,2,1033,112.04,104,.739024,2,0,0,73.020722
2005,6,9,3,2,1033,111.93,40,.739024,2,0,0,73.020722
2005,6,9,3,2,1033,112.04,104,.739024,2,0,0,73.020722
2005,6,9,4,2,1033,111.93,40,.739024,2,0,0,73.020722
2005,6,9,4,2,1033,112.04,104,.739024,2,0,0,73.020722
2005,6,9,5,2,1033,111.93,40,.739024,2,0,0,73.020722
2005,6,9,5,2,1033,112.04,104,.739024,2,0,0,73.020722
2005,6,9,6,2,1033,111.93,40,.739024,2,0,0,73.020722
2005,6,9,6,2,1033,112.04,104,.739024,2,0,0,73.020722
2005,6,9,7,2,1033,111.93,40,.739024,2,0,0,73.020722
2005,6,9,7,2,1033,112.04,104,.739024,2,0,0,73.020722
2005,6,9,8,2,1033,111.93,40,.739024,2,0,0,73.020722
2005,6,9,8,2,1033,112.04,104,.739024,2,0,0,73.020722
2005,6,9,9,2,1033,111.93,40,.739024,2,0,0,73.020722
2005,6,9,9,2,1033,112.04,104,.739024,2,0,0,73.020722
2005,6,9,10,2,1033,111.93,40,.739024,2,0,0,73.020722
2005,6,9,10,2,1033,112.04,104,.739024,2,0,0,73.020722
2005,6,9,11,2,1033,111.93,40,.739024,2,0,0,73.020722
2005,6,9,11,2,1033,112.04,104,.739024,2,0,0,73.020722
2005,6,9,12,2,1033,111.93,40,.739024,2,0,0,73.020722
2005,6,9,12,2,1033,112.04,104,.739024,2,0,0,73.020722
2005,6,9,13,2,1033,111.93,40,.739024,2,0,0,73.020722
2005,6,9,13,2,1033,112.04,104,.739024,2,0,0,73.020722
2005,6,9,14,2,1033,111.93,40,.739024,2,0,0,73.020722
2005,6,9,14,2,1033,112.04,104,.739024,2,0,0,73.020722
2005,6,9,15,2,1033,111.93,40,.739024,2,0,0,73.020722
2005,6,9,15,2,1033,112.04,104,.739024,2,0,0,73.020722
2005,6,9,16,2,1033,111.93,40,.739024,2,0,0,73.020722
2005,6,9,16,2,1033,112.04,104,.739024,2,0,0,73.020722
2005,6,9,17,2,1033,111.93,40,.739024,2,0,0,73.020722
2005,6,9,17,2,1033,112.04,104,.739024,2,0,0,73.020722
2005,6,9,18,2,1033,111.93,40,.739024,2,0,0,73.020722
2005,6,9,18,2,1033,112.04,104,.739024,2,0,0,73.020722
2005,6,9,19,2,1033,111.93,40,.739024,2,0,0,73.020722
2005,6,9,19,2,1033,112.04,104,.739024,2,0,0,73.020722
2005,6,9,20,2,1033,111.93,40,.739024,2,0,0,73.020722
2005,6,9,20,2,1033,112.04,104,.739024,2,0,0,73.020722
2005,6,9,21,2,1033,111.93,40,.739024,2,0,0,73.020722
2005,6,9,21,2,1033,112.04,104,.739024,2,0,0,73.020722
2005,6,9,22,2,1033,111.93,40,.739024,2,0,0,73.020722
2005,6,9,22,2,1033,112.04,104,.739024,2,0,0,73.020722
2005,6,9,23,2,1033,111.93,40,.739024,2,0,0,73.020722
2005,6,9,23,2,1033,112.04,104,.739024,2,0,0,73.020722
2005,6,9,24,2,1033,111.93,40,.739024,2,0,0,73.020722
2005,6,9,24,2,1033,112.04,104,.739024,2,0,0,73.020722
2005,6,9,1,2,1034,88.28,80,.739024,2,0,1,68.368125
2005,6,9,1,2,1034,88.39,75,.739024,2,0,1,68.368125
2005,6,9,2,2,1034,88.28,80,.739024,2,0,1,68.368125
2005,6,9,2,2,1034,88.39,75,.739024,2,0,1,68.368125
2005,6,9,3,2,1034,88.28,80,.739024,2,0,1,68.368125
2005,6,9,3,2,1034,88.39,75,.739024,2,0,1,68.368125
2005,6,9,4,2,1034,88.28,80,.739024,2,0,1,68.368125
2005,6,9,4,2,1034,88.39,75,.739024,2,0,1,68.368125
2005,6,9,5,2,1034,88.28,80,.739024,2,0,1,68.368125
2005,6,9,5,2,1034,88.39,75,.739024,2,0,1,68.368125
2005,6,9,6,2,1034,88.28,80,.739024,2,0,1,68.368125
2005,6,9,6,2,1034,88.39,75,.739024,2,0,1,68.368125
2005,6,9,7,2,1034,88.28,80,.739024,2,0,1,68.368125
2005,6,9,7,2,1034,88.39,75,.739024,2,0,1,68.368125
2005,6,9,8,2,1034,88.28,80,.739024,2,0,1,68.368125
2005,6,9,8,2,1034,88.39,75,.739024,2,0,1,68.368125
2005,6,9,9,2,1034,88.28,80,.739024,2,0,1,68.368125
2005,6,9,9,2,1034,88.39,75,.739024,2,0,1,68.368125
2005,6,9,10,2,1034,88.28,80,.739024,2,0,1,68.368125
2005,6,9,10,2,1034,88.39,75,.739024,2,0,1,68.368125
2005,6,9,11,2,1034,88.28,80,.739024,2,0,1,68.368125
2005,6,9,11,2,1034,88.39,75,.739024,2,0,1,68.368125
2005,6,9,12,2,1034,88.28,80,.739024,2,0,1,68.368125
2005,6,9,12,2,1034,88.39,75,.739024,2,0,1,68.368125
2005,6,9,13,2,1034,88.28,80,.739024,2,0,1,68.368125
2005,6,9,13,2,1034,88.39,75,.739024,2,0,1,68.368125
2005,6,9,14,2,1034,88.28,80,.739024,2,0,1,68.368125
2005,6,9,14,2,1034,88.39,75,.739024,2,0,1,68.368125
2005,6,9,15,2,1034,88.28,80,.739024,2,0,1,68.368125
2005,6,9,15,2,1034,88.39,75,.739024,2,0,1,68.368125
2005,6,9,16,2,1034,88.28,80,.739024,2,0,1,68.368125
2005,6,9,16,2,1034,88.39,75,.739024,2,0,1,68.368125
2005,6,9,17,2,1034,88.28,80,.739024,2,0,1,68.368125
2005,6,9,17,2,1034,88.39,75,.739024,2,0,1,68.368125
2005,6,9,18,2,1034,88.28,80,.739024,2,0,1,68.368125
2005,6,9,18,2,1034,88.39,75,.739024,2,0,1,68.368125
2005,6,9,19,2,1034,88.28,80,.739024,2,0,1,68.368125
2005,6,9,19,2,1034,88.39,75,.739024,2,0,1,68.368125
2005,6,9,20,2,1034,88.28,80,.739024,2,0,1,68.368125
2005,6,9,20,2,1034,88.39,75,.739024,2,0,1,68.368125
2005,6,9,21,2,1034,88.28,80,.739024,2,0,1,68.368125
2005,6,9,21,2,1034,88.39,75,.739024,2,0,1,68.368125
2005,6,9,22,2,1034,88.28,80,.739024,2,0,1,68.368125
2005,6,9,22,2,1034,88.39,75,.739024,2,0,1,68.368125
2005,6,9,23,2,1034,88.28,80,.739024,2,0,1,68.368125
2005,6,9,23,2,1034,88.39,75,.739024,2,0,1,68.368125
2005,6,9,24,2,1034,88.28,80,.739024,2,0,1,68.368125
2005,6,9,24,2,1034,88.39,75,.739024,2,0,1,68.368125
2005,6,9,1,9,63,0,8.8,0,2,1,0,0
2005,6,9,2,9,63,0,8.8,0,2,1,0,0
2005,6,9,3,9,63,0,8.8,0,2,1,0,0
2005,6,9,4,9,63,0,8.8,0,2,1,0,0
2005,6,9,5,9,63,0,8.9,0,2,1,0,0
2005,6,9,6,9,63,0,8.8,0,2,1,0,0
2005,6,9,7,9,63,0,8.9,0,2,1,0,0
2005,6,9,8,9,63,0,8.5,0,2,1,0,0
2005,6,9,9,9,63,0,8.3,0,2,1,0,0
2005,6,9,10,9,63,0,8.2,0,2,1,0,0
2005,6,9,11,9,63,0,8.2,0,2,1,0,0
2005,6,9,12,9,63,0,7.9,0,2,1,0,0
2005,6,9,13,9,63,0,7.9,0,2,1,0,0
2005,6,9,14,9,63,0,7.8,0,2,1,0,0
2005,6,9,15,9,63,0,7.8,0,2,1,0,0
2005,6,9,16,9,63,0,7.9,0,2,1,0,0
2005,6,9,17,9,63,0,8,0,2,1,0,0
2005,6,9,18,9,63,0,8,0,2,1,0,0
2005,6,9,19,9,63,0,8,0,2,1,0,0
2005,6,9,20,9,63,0,8,0,2,1,0,0
2005,6,9,21,9,63,0,8.2,0,2,1,0,0
2005,6,9,22,9,63,0,8.3,0,2,1,0,0
2005,6,9,23,9,63,0,8.4,0,2,1,0,0
2005,6,9,24,9,63,0,8.6,0,2,1,0,0
2005,6,9,1,2,1036,0,164,.93876,2,1,0,0
2005,6,9,1,2,1036,11.01,15,.93876,2,1,0,39.31556
2005,6,9,1,2,1036,36.9,20.1,.93876,2,1,0,39.31556
2005,6,9,1,2,1036,36.94,20.1,.93876,2,1,0,39.31556
2005,6,9,1,2,1036,36.98,20.1,.93876,2,1,0,39.31556
2005,6,9,1,2,1036,37.02,20.1,.93876,2,1,0,39.31556
2005,6,9,1,2,1036,37.07,20.1,.93876,2,1,0,39.31556
2005,6,9,1,2,1036,37.11,20.1,.93876,2,1,0,39.31556
2005,6,9,1,2,1036,37.15,20.4,.93876,2,1,0,39.31556
2005,6,9,1,2,1036,120.09,21.1,.93876,2,0,0,120.09
2005,6,9,2,2,1036,0,164,.93876,2,1,0,0
2005,6,9,2,2,1036,11.01,15,.93876,2,1,0,39.31556
2005,6,9,2,2,1036,37.26,20.1,.93876,2,1,0,39.31556
2005,6,9,2,2,1036,37.31,20.1,.93876,2,1,0,39.31556
2005,6,9,2,2,1036,37.35,20.1,.93876,2,1,0,39.31556
2005,6,9,2,2,1036,37.39,20.1,.93876,2,1,0,39.31556
2005,6,9,2,2,1036,37.44,20.1,.93876,2,1,0,39.31556
2005,6,9,2,2,1036,37.48,20.1,.93876,2,1,0,39.31556
2005,6,9,2,2,1036,37.53,20.4,.93876,2,1,0,39.31556
2005,6,9,2,2,1036,120.09,21.1,.93876,2,0,0,120.09
2005,6,9,3,2,1036,0,164,.93876,2,1,0,0
2005,6,9,3,2,1036,11.01,15,.93876,2,1,0,39.31556
2005,6,9,3,2,1036,37.44,20.1,.93876,2,0,0,39.31556
2005,6,9,3,2,1036,37.48,20.1,.93876,2,0,0,39.31556
2005,6,9,3,2,1036,37.53,20.1,.93876,2,0,0,39.31556
2005,6,9,3,2,1036,37.57,20.1,.93876,2,0,0,39.31556
2005,6,9,3,2,1036,37.62,20.1,.93876,2,0,0,39.31556
2005,6,9,3,2,1036,37.66,20.1,.93876,2,0,0,39.31556
2005,6,9,3,2,1036,37.71,20.4,.93876,2,0,0,39.31556
2005,6,9,3,2,1036,120.09,21.1,.93876,2,0,0,120.09
2005,6,9,4,2,1036,0,164,.93876,2,1,0,0
2005,6,9,4,2,1036,11.01,15,.93876,2,1,0,39.31556
2005,6,9,4,2,1036,37.68,20.1,.93876,2,0,0,39.31556
2005,6,9,4,2,1036,37.72,20.1,.93876,2,0,0,39.31556
2005,6,9,4,2,1036,37.77,20.1,.93876,2,0,0,39.31556
2005,6,9,4,2,1036,37.81,20.1,.93876,2,0,0,39.31556
2005,6,9,4,2,1036,37.86,20.1,.93876,2,0,0,39.31556
2005,6,9,4,2,1036,37.9,20.1,.93876,2,0,0,39.31556
2005,6,9,4,2,1036,37.95,20.4,.93876,2,0,0,39.31556
2005,6,9,4,2,1036,120.09,21.1,.93876,2,0,0,120.09
2005,6,9,5,2,1036,0,164,.93876,2,1,0,0
2005,6,9,5,2,1036,11.01,15,.93876,2,1,0,39.31556
2005,6,9,5,2,1036,37.75,20.1,.93876,2,0,0,39.31556
2005,6,9,5,2,1036,37.8,20.1,.93876,2,0,0,39.31556
2005,6,9,5,2,1036,37.84,20.1,.93876,2,0,0,39.31556
2005,6,9,5,2,1036,37.89,20.1,.93876,2,0,0,39.31556
2005,6,9,5,2,1036,37.93,20.1,.93876,2,0,0,39.31556
2005,6,9,5,2,1036,37.98,20.1,.93876,2,0,0,39.31556
2005,6,9,5,2,1036,38.02,20.4,.93876,2,0,0,39.31556
2005,6,9,5,2,1036,120.09,21.1,.93876,2,0,0,120.09
2005,6,9,6,2,1036,0,164,.93876,2,1,0,0
2005,6,9,6,2,1036,11.01,15,.93876,2,1,0,39.31556
2005,6,9,6,2,1036,37.65,20.1,.93876,2,0,0,39.31556
2005,6,9,6,2,1036,37.7,20.1,.93876,2,0,0,39.31556
2005,6,9,6,2,1036,37.74,20.1,.93876,2,0,0,39.31556
2005,6,9,6,2,1036,37.79,20.1,.93876,2,0,0,39.31556
2005,6,9,6,2,1036,37.83,20.1,.93876,2,0,0,39.31556
2005,6,9,6,2,1036,37.88,20.1,.93876,2,0,0,39.31556
2005,6,9,6,2,1036,37.92,20.4,.93876,2,0,0,39.31556
2005,6,9,6,2,1036,120.09,21.1,.93876,2,0,0,120.09
2005,6,9,7,2,1036,0,164,.93876,2,1,0,0
2005,6,9,7,2,1036,11.01,15,.93876,2,1,0,39.31556
2005,6,9,7,2,1036,37.2,20.1,.93876,2,1,0,39.31556
2005,6,9,7,2,1036,37.24,20.1,.93876,2,1,0,39.31556
2005,6,9,7,2,1036,37.29,20.1,.93876,2,1,0,39.31556
2005,6,9,7,2,1036,37.33,20.1,.93876,2,1,0,39.31556
2005,6,9,7,2,1036,37.38,20.1,.93876,2,1,0,39.31556
2005,6,9,7,2,1036,37.42,20.1,.93876,2,1,0,39.31556
2005,6,9,7,2,1036,37.47,20.4,.93876,2,1,0,39.31556
2005,6,9,7,2,1036,120.09,21.1,.93876,2,0,0,120.09
2005,6,9,8,2,1036,0,164,.93876,2,1,0,0
2005,6,9,8,2,1036,11.01,15,.93876,2,1,0,39.31556
2005,6,9,8,2,1036,36.43,20.1,.93876,2,1,0,39.31556
2005,6,9,8,2,1036,36.47,20.1,.93876,2,1,0,39.31556
2005,6,9,8,2,1036,36.51,20.1,.93876,2,1,0,39.31556
2005,6,9,8,2,1036,36.56,20.1,.93876,2,1,0,39.31556
2005,6,9,8,2,1036,36.6,20.1,.93876,2,1,0,39.31556
2005,6,9,8,2,1036,36.64,20.1,.93876,2,1,0,39.31556
2005,6,9,8,2,1036,36.68,20.4,.93876,2,1,0,39.31556
2005,6,9,8,2,1036,120.09,21.1,.93876,2,0,0,120.09
2005,6,9,9,2,1036,0,179,.93876,2,1,0,0
2005,6,9,9,2,1036,35.4,20.1,.93876,2,1,0,39.31556
2005,6,9,9,2,1036,35.44,20.1,.93876,2,1,0,39.31556
2005,6,9,9,2,1036,35.48,20.1,.93876,2,1,0,39.31556
2005,6,9,9,2,1036,35.52,20.1,.93876,2,1,0,39.31556
2005,6,9,9,2,1036,35.56,20.1,.93876,2,1,0,39.31556
2005,6,9,9,2,1036,35.6,20.1,.93876,2,1,0,39.31556
2005,6,9,9,2,1036,35.64,20.4,.93876,2,1,0,39.31556
2005,6,9,9,2,1036,120.08,21.1,.93876,2,0,0,120.08
2005,6,9,10,2,1036,0,179,.93876,2,1,0,0
2005,6,9,10,2,1036,35.42,20.1,.93876,2,1,0,39.31556
2005,6,9,10,2,1036,35.45,20.1,.93876,2,1,0,39.31556
2005,6,9,10,2,1036,35.49,20.1,.93876,2,1,0,39.31556
2005,6,9,10,2,1036,35.53,20.1,.93876,2,1,0,39.31556
2005,6,9,10,2,1036,35.57,20.1,.93876,2,1,0,39.31556
2005,6,9,10,2,1036,35.61,20.1,.93876,2,1,0,39.31556
2005,6,9,10,2,1036,35.65,20.4,.93876,2,1,0,39.31556
2005,6,9,10,2,1036,120.08,21.1,.93876,2,0,0,120.08
2005,6,9,11,2,1036,0,179,.93876,2,1,0,0
2005,6,9,11,2,1036,35.61,20.1,.93876,2,1,0,39.31556
2005,6,9,11,2,1036,35.65,20.1,.93876,2,1,0,39.31556
2005,6,9,11,2,1036,35.69,20.1,.93876,2,1,0,39.31556
2005,6,9,11,2,1036,35.72,20.1,.93876,2,1,0,39.31556
2005,6,9,11,2,1036,35.76,20.1,.93876,2,1,0,39.31556
2005,6,9,11,2,1036,35.8,20.1,.93876,2,1,0,39.31556
2005,6,9,11,2,1036,35.83,20.4,.93876,2,1,0,39.31556
2005,6,9,11,2,1036,120.08,21.1,.93876,2,0,0,120.08
2005,6,9,12,2,1036,0,179,.93876,2,1,0,0
2005,6,9,12,2,1036,35.4,20.1,.93876,2,1,0,39.31556
2005,6,9,12,2,1036,35.43,20.1,.93876,2,1,0,39.31556
2005,6,9,12,2,1036,35.47,20.1,.93876,2,1,0,39.31556
2005,6,9,12,2,1036,35.51,20.1,.93876,2,1,0,39.31556
2005,6,9,12,2,1036,35.54,20.1,.93876,2,1,0,39.31556
2005,6,9,12,2,1036,35.58,20.1,.93876,2,1,0,39.31556
2005,6,9,12,2,1036,35.62,20.4,.93876,2,1,0,39.31556
2005,6,9,12,2,1036,120.08,21.1,.93876,2,0,0,120.08
2005,6,9,13,2,1036,0,179,.93876,2,1,0,0
2005,6,9,13,2,1036,35.23,20.1,.93876,2,1,0,39.31556
2005,6,9,13,2,1036,35.27,20.1,.93876,2,1,0,39.31556
2005,6,9,13,2,1036,35.3,20.1,.93876,2,1,0,39.31556
2005,6,9,13,2,1036,35.34,20.1,.93876,2,1,0,39.31556
2005,6,9,13,2,1036,35.38,20.1,.93876,2,1,0,39.31556
2005,6,9,13,2,1036,35.41,20.1,.93876,2,1,0,39.31556
2005,6,9,13,2,1036,35.45,20.4,.93876,2,1,0,39.31556
2005,6,9,13,2,1036,120.08,21.1,.93876,2,0,0,120.08
2005,6,9,14,2,1036,0,179,.93876,2,1,0,0
2005,6,9,14,2,1036,35.34,20.1,.93876,2,1,0,39.31556
2005,6,9,14,2,1036,35.37,20.1,.93876,2,1,0,39.31556
2005,6,9,14,2,1036,35.41,20.1,.93876,2,1,0,39.31556
2005,6,9,14,2,1036,35.45,20.1,.93876,2,1,0,39.31556
2005,6,9,14,2,1036,35.48,20.1,.93876,2,1,0,39.31556
2005,6,9,14,2,1036,35.52,20.1,.93876,2,1,0,39.31556
2005,6,9,14,2,1036,35.56,20.4,.93876,2,1,0,39.31556
2005,6,9,14,2,1036,120.08,21.1,.93876,2,0,0,120.08
2005,6,9,15,2,1036,0,179,.93876,2,1,0,0
2005,6,9,15,2,1036,35.3,20.1,.93876,2,1,0,39.31556
2005,6,9,15,2,1036,35.34,20.1,.93876,2,1,0,39.31556
2005,6,9,15,2,1036,35.37,20.1,.93876,2,1,0,39.31556
2005,6,9,15,2,1036,35.41,20.1,.93876,2,1,0,39.31556
2005,6,9,15,2,1036,35.45,20.1,.93876,2,1,0,39.31556
2005,6,9,15,2,1036,35.48,20.1,.93876,2,1,0,39.31556
2005,6,9,15,2,1036,35.52,20.4,.93876,2,1,0,39.31556
2005,6,9,15,2,1036,120.08,21.1,.93876,2,0,0,120.08
2005,6,9,16,2,1036,0,179,.93876,2,1,0,0
2005,6,9,16,2,1036,35.23,20.1,.93876,2,1,0,39.31556
2005,6,9,16,2,1036,35.26,20.1,.93876,2,1,0,39.31556
2005,6,9,16,2,1036,35.3,20.1,.93876,2,1,0,39.31556
2005,6,9,16,2,1036,35.34,20.1,.93876,2,1,0,39.31556
2005,6,9,16,2,1036,35.37,20.1,.93876,2,1,0,39.31556
2005,6,9,16,2,1036,35.41,20.1,.93876,2,1,0,39.31556
2005,6,9,16,2,1036,35.45,20.4,.93876,2,1,0,39.31556
2005,6,9,16,2,1036,120.08,21.1,.93876,2,0,0,120.08
2005,6,9,17,2,1036,0,179,.93876,2,1,0,0
2005,6,9,17,2,1036,35.27,20.1,.93876,2,1,0,39.31556
2005,6,9,17,2,1036,35.31,20.1,.93876,2,1,0,39.31556
2005,6,9,17,2,1036,35.35,20.1,.93876,2,1,0,39.31556
2005,6,9,17,2,1036,35.38,20.1,.93876,2,1,0,39.31556
2005,6,9,17,2,1036,35.42,20.1,.93876,2,1,0,39.31556
2005,6,9,17,2,1036,35.45,20.1,.93876,2,1,0,39.31556
2005,6,9,17,2,1036,35.49,20.4,.93876,2,1,0,39.31556
2005,6,9,17,2,1036,120.08,21.1,.93876,2,0,0,120.08
2005,6,9,18,2,1036,0,179,.93876,2,1,0,0
2005,6,9,18,2,1036,34.99,20.1,.93876,2,1,0,39.31556
2005,6,9,18,2,1036,35.02,20.1,.93876,2,1,0,39.31556
2005,6,9,18,2,1036,35.06,20.1,.93876,2,1,0,39.31556
2005,6,9,18,2,1036,35.1,20.1,.93876,2,1,0,39.31556
2005,6,9,18,2,1036,35.13,20.1,.93876,2,1,0,39.31556
2005,6,9,18,2,1036,35.17,20.1,.93876,2,1,0,39.31556
2005,6,9,18,2,1036,35.2,20.4,.93876,2,1,0,39.31556
2005,6,9,18,2,1036,120.08,21.1,.93876,2,0,0,120.08
2005,6,9,19,2,1036,0,179,.93876,2,1,0,0
2005,6,9,19,2,1036,35.13,20.1,.93876,2,1,0,39.31556
2005,6,9,19,2,1036,35.17,20.1,.93876,2,1,0,39.31556
2005,6,9,19,2,1036,35.2,20.1,.93876,2,1,0,39.31556
2005,6,9,19,2,1036,35.24,20.1,.93876,2,1,0,39.31556
2005,6,9,19,2,1036,35.27,20.1,.93876,2,1,0,39.31556
2005,6,9,19,2,1036,35.31,20.1,.93876,2,1,0,39.31556
2005,6,9,19,2,1036,35.35,20.4,.93876,2,1,0,39.31556
2005,6,9,19,2,1036,120.08,21.1,.93876,2,0,0,120.08
2005,6,9,20,2,1036,0,179,.93876,2,1,0,0
2005,6,9,20,2,1036,35.28,20.1,.93876,2,1,0,39.31556
2005,6,9,20,2,1036,35.32,20.1,.93876,2,1,0,39.31556
2005,6,9,20,2,1036,35.36,20.1,.93876,2,1,0,39.31556
2005,6,9,20,2,1036,35.4,20.1,.93876,2,1,0,39.31556
2005,6,9,20,2,1036,35.43,20.1,.93876,2,1,0,39.31556
2005,6,9,20,2,1036,35.47,20.1,.93876,2,1,0,39.31556
2005,6,9,20,2,1036,35.51,20.4,.93876,2,1,0,39.31556
2005,6,9,20,2,1036,120.08,21.1,.93876,2,0,0,120.08
2005,6,9,21,2,1036,0,179,.93876,2,1,0,0
2005,6,9,21,2,1036,35.7,20.1,.93876,2,1,0,39.31556
2005,6,9,21,2,1036,35.73,20.1,.93876,2,1,0,39.31556
2005,6,9,21,2,1036,35.77,20.1,.93876,2,1,0,39.31556
2005,6,9,21,2,1036,35.81,20.1,.93876,2,1,0,39.31556
2005,6,9,21,2,1036,35.85,20.1,.93876,2,1,0,39.31556
2005,6,9,21,2,1036,35.89,20.1,.93876,2,1,0,39.31556
2005,6,9,21,2,1036,35.93,20.4,.93876,2,1,0,39.31556
2005,6,9,21,2,1036,120.08,21.1,.93876,2,0,0,120.08
2005,6,9,22,2,1036,0,179,.93876,2,1,0,0
2005,6,9,22,2,1036,35.62,20.1,.93876,2,1,0,39.31556
2005,6,9,22,2,1036,35.66,20.1,.93876,2,1,0,39.31556
2005,6,9,22,2,1036,35.69,20.1,.93876,2,1,0,39.31556
2005,6,9,22,2,1036,35.73,20.1,.93876,2,1,0,39.31556
2005,6,9,22,2,1036,35.77,20.1,.93876,2,1,0,39.31556
2005,6,9,22,2,1036,35.81,20.1,.93876,2,1,0,39.31556
2005,6,9,22,2,1036,35.85,20.4,.93876,2,1,0,39.31556
2005,6,9,22,2,1036,120.08,21.1,.93876,2,0,0,120.08
2005,6,9,23,2,1036,0,179,.93876,2,1,0,0
2005,6,9,23,2,1036,35.44,20.1,.93876,2,1,0,39.31556
2005,6,9,23,2,1036,35.48,20.1,.93876,2,1,0,39.31556
2005,6,9,23,2,1036,35.52,20.1,.93876,2,1,0,39.31556
2005,6,9,23,2,1036,35.55,20.1,.93876,2,1,0,39.31556
2005,6,9,23,2,1036,35.59,20.1,.93876,2,1,0,39.31556
2005,6,9,23,2,1036,35.63,20.1,.93876,2,1,0,39.31556
2005,6,9,23,2,1036,35.67,20.4,.93876,2,1,0,39.31556
2005,6,9,23,2,1036,120.08,21.1,.93876,2,0,0,120.08
2005,6,9,24,2,1036,0,164,.93876,2,1,0,0
2005,6,9,24,2,1036,11.01,15,.93876,2,1,0,39.31556
2005,6,9,24,2,1036,36.15,20.1,.93876,2,1,0,39.31556
2005,6,9,24,2,1036,36.19,20.1,.93876,2,1,0,39.31556
2005,6,9,24,2,1036,36.23,20.1,.93876,2,1,0,39.31556
2005,6,9,24,2,1036,36.27,20.1,.93876,2,1,0,39.31556
2005,6,9,24,2,1036,36.31,20.1,.93876,2,1,0,39.31556
2005,6,9,24,2,1036,36.35,20.1,.93876,2,1,0,39.31556
2005,6,9,24,2,1036,36.39,20.4,.93876,2,1,0,39.31556
2005,6,9,24,2,1036,120.09,21.1,.93876,2,0,0,120.09
2005,6,9,1,2,1037,0,164,.93876,2,1,0,0
2005,6,9,1,2,1037,11.01,15,.93876,2,1,0,39.291452
2005,6,9,1,2,1037,36.67,20.1,.93876,2,1,0,39.291452
2005,6,9,1,2,1037,36.71,20.1,.93876,2,1,0,39.291452
2005,6,9,1,2,1037,36.75,20.1,.93876,2,1,0,39.291452
2005,6,9,1,2,1037,36.8,20.1,.93876,2,1,0,39.291452
2005,6,9,1,2,1037,36.84,20.1,.93876,2,1,0,39.291452
2005,6,9,1,2,1037,36.88,20.1,.93876,2,1,0,39.291452
2005,6,9,1,2,1037,36.92,20.4,.93876,2,1,0,39.291452
2005,6,9,1,2,1037,120.09,20.6,.93876,2,0,0,120.09
2005,6,9,2,2,1037,0,164,.93876,2,1,0,0
2005,6,9,2,2,1037,11.01,15,.93876,2,1,0,39.291452
2005,6,9,2,2,1037,37.02,20.1,.93876,2,1,0,39.291452
2005,6,9,2,2,1037,37.07,20.1,.93876,2,1,0,39.291452
2005,6,9,2,2,1037,37.11,20.1,.93876,2,1,0,39.291452
2005,6,9,2,2,1037,37.16,20.1,.93876,2,1,0,39.291452
2005,6,9,2,2,1037,37.2,20.1,.93876,2,1,0,39.291452
2005,6,9,2,2,1037,37.24,20.1,.93876,2,1,0,39.291452
2005,6,9,2,2,1037,37.29,20.4,.93876,2,1,0,39.291452
2005,6,9,2,2,1037,120.09,20.6,.93876,2,0,0,120.09
2005,6,9,3,2,1037,0,164,.93876,2,1,0,0
2005,6,9,3,2,1037,11.01,15,.93876,2,1,0,39.291452
2005,6,9,3,2,1037,37.2,20.1,.93876,2,0,0,39.291452
2005,6,9,3,2,1037,37.24,20.1,.93876,2,0,0,39.291452
2005,6,9,3,2,1037,37.29,20.1,.93876,2,0,0,39.291452
2005,6,9,3,2,1037,37.33,20.1,.93876,2,0,0,39.291452
2005,6,9,3,2,1037,37.38,20.1,.93876,2,0,0,39.291452
2005,6,9,3,2,1037,37.42,20.1,.93876,2,0,0,39.291452
2005,6,9,3,2,1037,37.46,20.4,.93876,2,0,0,39.291452
2005,6,9,3,2,1037,120.09,20.6,.93876,2,0,0,120.09
2005,6,9,4,2,1037,0,164,.93876,2,1,0,0
2005,6,9,4,2,1037,11.01,15,.93876,2,1,0,39.291452
2005,6,9,4,2,1037,37.43,20.1,.93876,2,0,0,39.291452
2005,6,9,4,2,1037,37.47,20.1,.93876,2,0,0,39.291452
2005,6,9,4,2,1037,37.52,20.1,.93876,2,0,0,39.291452
2005,6,9,4,2,1037,37.56,20.1,.93876,2,0,0,39.291452
2005,6,9,4,2,1037,37.61,20.1,.93876,2,0,0,39.291452
2005,6,9,4,2,1037,37.65,20.1,.93876,2,0,0,39.291452
2005,6,9,4,2,1037,37.7,20.4,.93876,2,0,0,39.291452
2005,6,9,4,2,1037,120.09,20.6,.93876,2,0,0,120.09
2005,6,9,5,2,1037,0,164,.93876,2,1,0,0
2005,6,9,5,2,1037,11.01,15,.93876,2,1,0,39.291452
2005,6,9,5,2,1037,37.5,20.1,.93876,2,0,0,39.291452
2005,6,9,5,2,1037,37.55,20.1,.93876,2,0,0,39.291452
2005,6,9,5,2,1037,37.59,20.1,.93876,2,0,0,39.291452
2005,6,9,5,2,1037,37.64,20.1,.93876,2,0,0,39.291452
2005,6,9,5,2,1037,37.68,20.1,.93876,2,0,0,39.291452
2005,6,9,5,2,1037,37.73,20.1,.93876,2,0,0,39.291452
2005,6,9,5,2,1037,37.78,20.4,.93876,2,0,0,39.291452
2005,6,9,5,2,1037,120.09,20.6,.93876,2,0,0,120.09
2005,6,9,6,2,1037,0,164,.93876,2,1,0,0
2005,6,9,6,2,1037,11.01,15,.93876,2,1,0,39.291452
2005,6,9,6,2,1037,37.41,20.1,.93876,2,1,0,39.291452
2005,6,9,6,2,1037,37.45,20.1,.93876,2,1,0,39.291452
2005,6,9,6,2,1037,37.5,20.1,.93876,2,1,0,39.291452
2005,6,9,6,2,1037,37.54,15.2,.93876,2,1,0,39.291452
2005,6,9,6,2,1037,37.59,20.1,.93876,2,0,0,39.291452
2005,6,9,6,2,1037,37.63,20.1,.93876,2,0,0,39.291452
2005,6,9,6,2,1037,37.68,20.4,.93876,2,0,0,39.291452
2005,6,9,6,2,1037,120.09,20.6,.93876,2,0,0,120.09
2005,6,9,7,2,1037,0,164,.93876,2,1,0,0
2005,6,9,7,2,1037,11.01,15,.93876,2,1,0,39.291452
2005,6,9,7,2,1037,36.96,20.1,.93876,2,1,0,39.291452
2005,6,9,7,2,1037,37,20.1,.93876,2,1,0,39.291452
2005,6,9,7,2,1037,37.05,20.1,.93876,2,1,0,39.291452
2005,6,9,7,2,1037,37.09,20.1,.93876,2,1,0,39.291452
2005,6,9,7,2,1037,37.14,20.1,.93876,2,1,0,39.291452
2005,6,9,7,2,1037,37.18,20.1,.93876,2,1,0,39.291452
2005,6,9,7,2,1037,37.23,20.4,.93876,2,1,0,39.291452
2005,6,9,7,2,1037,120.09,20.6,.93876,2,0,0,120.09
2005,6,9,8,2,1037,0,164,.93876,2,1,0,0
2005,6,9,8,2,1037,11.01,15,.93876,2,1,0,39.291452
2005,6,9,8,2,1037,36.2,20.1,.93876,2,1,0,39.291452
2005,6,9,8,2,1037,36.24,20.1,.93876,2,1,0,39.291452
2005,6,9,8,2,1037,36.29,20.1,.93876,2,1,0,39.291452
2005,6,9,8,2,1037,36.33,20.1,.93876,2,1,0,39.291452
2005,6,9,8,2,1037,36.37,20.1,.93876,2,1,0,39.291452
2005,6,9,8,2,1037,36.41,20.1,.93876,2,1,0,39.291452
2005,6,9,8,2,1037,36.46,20.4,.93876,2,1,0,39.291452
2005,6,9,8,2,1037,120.09,20.6,.93876,2,0,0,120.09
2005,6,9,9,2,1037,0,179,.93876,2,1,0,0
2005,6,9,9,2,1037,35.2,20.1,.93876,2,1,0,39.291452
2005,6,9,9,2,1037,35.24,20.1,.93876,2,1,0,39.291452
2005,6,9,9,2,1037,35.28,20.1,.93876,2,1,0,39.291452
2005,6,9,9,2,1037,35.32,20.1,.93876,2,1,0,39.291452
2005,6,9,9,2,1037,35.35,20.1,.93876,2,1,0,39.291452
2005,6,9,9,2,1037,35.39,20.1,.93876,2,1,0,39.291452
2005,6,9,9,2,1037,35.43,20.4,.93876,2,1,0,39.291452
2005,6,9,9,2,1037,120.08,20.6,.93876,2,0,0,120.08
2005,6,9,10,2,1037,0,179,.93876,2,1,0,0
2005,6,9,10,2,1037,35.22,20.1,.93876,2,1,0,39.291452
2005,6,9,10,2,1037,35.26,20.1,.93876,2,1,0,39.291452
2005,6,9,10,2,1037,35.29,20.1,.93876,2,1,0,39.291452
2005,6,9,10,2,1037,35.33,20.1,.93876,2,1,0,39.291452
2005,6,9,10,2,1037,35.37,20.1,.93876,2,1,0,39.291452
2005,6,9,10,2,1037,35.41,20.1,.93876,2,1,0,39.291452
2005,6,9,10,2,1037,35.45,20.4,.93876,2,1,0,39.291452
2005,6,9,10,2,1037,120.08,20.6,.93876,2,0,0,120.08
2005,6,9,11,2,1037,0,179,.93876,2,1,0,0
2005,6,9,11,2,1037,35.42,20.1,.93876,2,1,0,39.291452
2005,6,9,11,2,1037,35.46,20.1,.93876,2,1,0,39.291452
2005,6,9,11,2,1037,35.5,20.1,.93876,2,1,0,39.291452
2005,6,9,11,2,1037,35.53,20.1,.93876,2,1,0,39.291452
2005,6,9,11,2,1037,35.57,20.1,.93876,2,1,0,39.291452
2005,6,9,11,2,1037,35.61,20.1,.93876,2,1,0,39.291452
2005,6,9,11,2,1037,35.65,20.4,.93876,2,1,0,39.291452
2005,6,9,11,2,1037,120.08,20.6,.93876,2,0,0,120.08
2005,6,9,12,2,1037,0,179,.93876,2,1,0,0
2005,6,9,12,2,1037,35.21,20.1,.93876,2,1,0,39.291452
2005,6,9,12,2,1037,35.25,20.1,.93876,2,1,0,39.291452
2005,6,9,12,2,1037,35.29,20.1,.93876,2,1,0,39.291452
2005,6,9,12,2,1037,35.32,20.1,.93876,2,1,0,39.291452
2005,6,9,12,2,1037,35.36,20.1,.93876,2,1,0,39.291452
2005,6,9,12,2,1037,35.4,20.1,.93876,2,1,0,39.291452
2005,6,9,12,2,1037,35.43,20.4,.93876,2,1,0,39.291452
2005,6,9,12,2,1037,120.08,20.6,.93876,2,0,0,120.08
2005,6,9,13,2,1037,0,179,.93876,2,1,0,0
2005,6,9,13,2,1037,35.05,20.1,.93876,2,1,0,39.291452
2005,6,9,13,2,1037,35.09,20.1,.93876,2,1,0,39.291452
2005,6,9,13,2,1037,35.12,20.1,.93876,2,1,0,39.291452
2005,6,9,13,2,1037,35.16,20.1,.93876,2,1,0,39.291452
2005,6,9,13,2,1037,35.19,20.1,.93876,2,1,0,39.291452
2005,6,9,13,2,1037,35.23,20.1,.93876,2,1,0,39.291452
2005,6,9,13,2,1037,35.27,20.4,.93876,2,1,0,39.291452
2005,6,9,13,2,1037,120.08,20.6,.93876,2,0,0,120.08
2005,6,9,14,2,1037,0,179,.93876,2,1,0,0
2005,6,9,14,2,1037,35.15,20.1,.93876,2,1,0,39.291452
2005,6,9,14,2,1037,35.19,20.1,.93876,2,1,0,39.291452
2005,6,9,14,2,1037,35.23,20.1,.93876,2,1,0,39.291452
2005,6,9,14,2,1037,35.26,20.1,.93876,2,1,0,39.291452
2005,6,9,14,2,1037,35.3,20.1,.93876,2,1,0,39.291452
2005,6,9,14,2,1037,35.34,20.1,.93876,2,1,0,39.291452
2005,6,9,14,2,1037,35.37,20.4,.93876,2,1,0,39.291452
2005,6,9,14,2,1037,120.08,20.6,.93876,2,0,0,120.08
2005,6,9,15,2,1037,0,179,.93876,2,1,0,0
2005,6,9,15,2,1037,35.11,20.1,.93876,2,1,0,39.291452
2005,6,9,15,2,1037,35.15,20.1,.93876,2,1,0,39.291452
2005,6,9,15,2,1037,35.18,20.1,.93876,2,1,0,39.291452
2005,6,9,15,2,1037,35.22,20.1,.93876,2,1,0,39.291452
2005,6,9,15,2,1037,35.26,20.1,.93876,2,1,0,39.291452
2005,6,9,15,2,1037,35.29,20.1,.93876,2,1,0,39.291452
2005,6,9,15,2,1037,35.33,20.4,.93876,2,1,0,39.291452
2005,6,9,15,2,1037,120.08,20.6,.93876,2,0,0,120.08
2005,6,9,16,2,1037,0,179,.93876,2,1,0,0
2005,6,9,16,2,1037,35.04,20.1,.93876,2,1,0,39.291452
2005,6,9,16,2,1037,35.08,20.1,.93876,2,1,0,39.291452
2005,6,9,16,2,1037,35.11,20.1,.93876,2,1,0,39.291452
2005,6,9,16,2,1037,35.15,20.1,.93876,2,1,0,39.291452
2005,6,9,16,2,1037,35.19,20.1,.93876,2,1,0,39.291452
2005,6,9,16,2,1037,35.22,20.1,.93876,2,1,0,39.291452
2005,6,9,16,2,1037,35.26,20.4,.93876,2,1,0,39.291452
2005,6,9,16,2,1037,120.08,20.6,.93876,2,0,0,120.08
2005,6,9,17,2,1037,0,179,.93876,2,1,0,0
2005,6,9,17,2,1037,35.09,20.1,.93876,2,1,0,39.291452
2005,6,9,17,2,1037,35.12,20.1,.93876,2,1,0,39.291452
2005,6,9,17,2,1037,35.16,20.1,.93876,2,1,0,39.291452
2005,6,9,17,2,1037,35.2,20.1,.93876,2,1,0,39.291452
2005,6,9,17,2,1037,35.23,20.1,.93876,2,1,0,39.291452
2005,6,9,17,2,1037,35.27,20.1,.93876,2,1,0,39.291452
2005,6,9,17,2,1037,35.31,20.4,.93876,2,1,0,39.291452
2005,6,9,17,2,1037,120.08,20.6,.93876,2,0,0,120.08
2005,6,9,18,2,1037,0,179,.93876,2,1,0,0
2005,6,9,18,2,1037,34.81,20.1,.93876,2,1,0,39.291452
2005,6,9,18,2,1037,34.84,20.1,.93876,2,1,0,39.291452
2005,6,9,18,2,1037,34.88,20.1,.93876,2,1,0,39.291452
2005,6,9,18,2,1037,34.92,20.1,.93876,2,1,0,39.291452
2005,6,9,18,2,1037,34.95,20.1,.93876,2,1,0,39.291452
2005,6,9,18,2,1037,34.99,20.1,.93876,2,1,0,39.291452
2005,6,9,18,2,1037,35.02,20.4,.93876,2,1,0,39.291452
2005,6,9,18,2,1037,120.08,20.6,.93876,2,0,0,120.08
2005,6,9,19,2,1037,0,179,.93876,2,1,0,0
2005,6,9,19,2,1037,34.95,20.1,.93876,2,1,0,39.291452
2005,6,9,19,2,1037,34.98,20.1,.93876,2,1,0,39.291452
2005,6,9,19,2,1037,35.02,20.1,.93876,2,1,0,39.291452
2005,6,9,19,2,1037,35.06,20.1,.93876,2,1,0,39.291452
2005,6,9,19,2,1037,35.09,20.1,.93876,2,1,0,39.291452
2005,6,9,19,2,1037,35.13,20.1,.93876,2,1,0,39.291452
2005,6,9,19,2,1037,35.16,20.4,.93876,2,1,0,39.291452
2005,6,9,19,2,1037,120.08,20.6,.93876,2,0,0,120.08
2005,6,9,20,2,1037,0,179,.93876,2,1,0,0
2005,6,9,20,2,1037,35.09,20.1,.93876,2,1,0,39.291452
2005,6,9,20,2,1037,35.13,20.1,.93876,2,1,0,39.291452
2005,6,9,20,2,1037,35.17,20.1,.93876,2,1,0,39.291452
2005,6,9,20,2,1037,35.21,20.1,.93876,2,1,0,39.291452
2005,6,9,20,2,1037,35.24,20.1,.93876,2,1,0,39.291452
2005,6,9,20,2,1037,35.28,20.1,.93876,2,1,0,39.291452
2005,6,9,20,2,1037,35.32,20.4,.93876,2,1,0,39.291452
2005,6,9,20,2,1037,120.08,20.6,.93876,2,0,0,120.08
2005,6,9,21,2,1037,0,179,.93876,2,1,0,0
2005,6,9,21,2,1037,35.5,20.1,.93876,2,1,0,39.291452
2005,6,9,21,2,1037,35.54,20.1,.93876,2,1,0,39.291452
2005,6,9,21,2,1037,35.57,20.1,.93876,2,1,0,39.291452
2005,6,9,21,2,1037,35.61,20.1,.93876,2,1,0,39.291452
2005,6,9,21,2,1037,35.65,20.1,.93876,2,1,0,39.291452
2005,6,9,21,2,1037,35.69,20.1,.93876,2,1,0,39.291452
2005,6,9,21,2,1037,35.73,20.4,.93876,2,1,0,39.291452
2005,6,9,21,2,1037,120.08,20.6,.93876,2,0,0,120.08
2005,6,9,22,2,1037,0,179,.93876,2,1,0,0
2005,6,9,22,2,1037,35.42,20.1,.93876,2,1,0,39.291452
2005,6,9,22,2,1037,35.46,20.1,.93876,2,1,0,39.291452
2005,6,9,22,2,1037,35.49,20.1,.93876,2,1,0,39.291452
2005,6,9,22,2,1037,35.53,20.1,.93876,2,1,0,39.291452
2005,6,9,22,2,1037,35.57,20.1,.93876,2,1,0,39.291452
2005,6,9,22,2,1037,35.61,20.1,.93876,2,1,0,39.291452
2005,6,9,22,2,1037,35.65,20.4,.93876,2,1,0,39.291452
2005,6,9,22,2,1037,120.08,20.6,.93876,2,0,0,120.08
2005,6,9,23,2,1037,0,179,.93876,2,1,0,0
2005,6,9,23,2,1037,35.24,20.1,.93876,2,1,0,39.291452
2005,6,9,23,2,1037,35.28,20.1,.93876,2,1,0,39.291452
2005,6,9,23,2,1037,35.32,20.1,.93876,2,1,0,39.291452
2005,6,9,23,2,1037,35.35,20.1,.93876,2,1,0,39.291452
2005,6,9,23,2,1037,35.39,20.1,.93876,2,1,0,39.291452
2005,6,9,23,2,1037,35.43,20.1,.93876,2,1,0,39.291452
2005,6,9,23,2,1037,35.47,20.4,.93876,2,1,0,39.291452
2005,6,9,23,2,1037,120.08,20.6,.93876,2,0,0,120.08
2005,6,9,24,2,1037,0,179,.93876,2,1,0,0
2005,6,9,24,2,1037,35.93,20.1,.93876,2,1,0,39.291452
2005,6,9,24,2,1037,35.97,20.1,.93876,2,1,0,39.291452
2005,6,9,24,2,1037,36.01,20.1,.93876,2,1,0,39.291452
2005,6,9,24,2,1037,36.05,20.1,.93876,2,1,0,39.291452
2005,6,9,24,2,1037,36.09,20.1,.93876,2,1,0,39.291452
2005,6,9,24,2,1037,36.13,20.1,.93876,2,1,0,39.291452
2005,6,9,24,2,1037,36.17,20.4,.93876,2,1,0,39.291452
2005,6,9,24,2,1037,120.08,20.6,.93876,2,0,0,120.08
2005,6,9,1,7,66,0,31,0,2,1,0,0
2005,6,9,1,7,66,28.13,4,0,2,1,0,28.13
2005,6,9,1,7,66,34.12,1,0,2,1,0,34.12
2005,6,9,1,7,66,50,.1,0,2,0,0,50
2005,6,9,2,7,66,0,31,0,2,1,0,0
2005,6,9,2,7,66,28.13,4,0,2,1,0,28.13
2005,6,9,2,7,66,34.12,1,0,2,1,0,34.12
2005,6,9,2,7,66,50,.1,0,2,0,0,50
2005,6,9,3,7,66,0,31,0,2,1,0,0
2005,6,9,3,7,66,28.13,4,0,2,1,0,28.13
2005,6,9,3,7,66,34.12,1,0,2,1,0,34.12
2005,6,9,3,7,66,50,.1,0,2,0,0,50
2005,6,9,4,7,66,0,31,0,2,1,0,0
2005,6,9,4,7,66,28.13,4.1,0,2,1,0,28.13
2005,6,9,4,7,66,34.12,1,0,2,1,0,34.12
2005,6,9,4,7,66,50,.1,0,2,0,0,50
2005,6,9,5,7,66,0,31,0,2,1,0,0
2005,6,9,5,7,66,28.13,4.1,0,2,1,0,28.13
2005,6,9,5,7,66,34.12,1,0,2,1,0,34.12
2005,6,9,5,7,66,50,.1,0,2,0,0,50
2005,6,9,6,7,66,0,31,0,2,1,0,0
2005,6,9,6,7,66,28.13,4.1,0,2,1,0,28.13
2005,6,9,6,7,66,34.12,1,0,2,1,0,34.12
2005,6,9,6,7,66,50,.1,0,2,0,0,50
2005,6,9,7,7,66,0,31,0,2,1,0,0
2005,6,9,7,7,66,28.13,4.1,0,2,1,0,28.13
2005,6,9,7,7,66,34.12,1,0,2,1,0,34.12
2005,6,9,7,7,66,50,.1,0,2,0,0,50
2005,6,9,8,7,66,0,31,0,2,1,0,0
2005,6,9,8,7,66,28.13,4.1,0,2,1,0,28.13
2005,6,9,8,7,66,34.12,1,0,2,1,0,34.12
2005,6,9,8,7,66,50,.1,0,2,0,0,50
2005,6,9,9,7,66,0,31,0,2,1,0,0
2005,6,9,9,7,66,25.19,4,0,2,1,0,25.19
2005,6,9,9,7,66,31.19,1,0,2,1,0,31.19
2005,6,9,9,7,66,50,.1,0,2,1,0,50
2005,6,9,10,7,66,0,31,0,2,1,0,0
2005,6,9,10,7,66,28.13,4,0,2,1,0,28.13
2005,6,9,10,7,66,34.12,1,0,2,1,0,34.12
2005,6,9,10,7,66,50,.1,0,2,1,0,50
2005,6,9,11,7,66,0,31,0,2,1,0,0
2005,6,9,11,7,66,28.13,3.7,0,2,1,0,28.13
2005,6,9,11,7,66,34.12,1,0,2,1,0,34.12
2005,6,9,11,7,66,50,.1,0,2,1,0,50
2005,6,9,12,7,66,0,31,0,2,1,0,0
2005,6,9,12,7,66,28.13,3.7,0,2,1,0,28.13
2005,6,9,12,7,66,34.12,1,0,2,1,0,34.12
2005,6,9,12,7,66,50,.1,0,2,1,0,50
2005,6,9,13,7,66,0,31,0,2,1,0,0
2005,6,9,13,7,66,28.13,3.7,0,2,1,0,28.13
2005,6,9,13,7,66,34.12,1,0,2,1,0,34.12
2005,6,9,13,7,66,50,.1,0,2,1,0,50
2005,6,9,14,7,66,0,31,0,2,1,0,0
2005,6,9,14,7,66,25.19,3.7,0,2,1,0,25.19
2005,6,9,14,7,66,31.19,1,0,2,1,0,31.19
2005,6,9,14,7,66,50,.1,0,2,1,0,50
2005,6,9,15,7,66,0,31,0,2,1,0,0
2005,6,9,15,7,66,25.19,3.8,0,2,1,0,25.19
2005,6,9,15,7,66,31.19,1,0,2,1,0,31.19
2005,6,9,15,7,66,50,.1,0,2,1,0,50
2005,6,9,16,7,66,0,31,0,2,1,0,0
2005,6,9,16,7,66,25.19,3.8,0,2,1,0,25.19
2005,6,9,16,7,66,31.19,1,0,2,1,0,31.19
2005,6,9,16,7,66,50,.1,0,2,1,0,50
2005,6,9,17,7,66,0,31,0,2,1,0,0
2005,6,9,17,7,66,25.19,3.6,0,2,1,0,25.19
2005,6,9,17,7,66,31.19,1,0,2,1,0,31.19
2005,6,9,17,7,66,50,.1,0,2,1,0,50
2005,6,9,18,7,66,0,31,0,2,1,0,0
2005,6,9,18,7,66,25.19,3.5,0,2,1,0,25.19
2005,6,9,18,7,66,31.19,1,0,2,1,0,31.19
2005,6,9,18,7,66,50,.1,0,2,1,0,50
2005,6,9,19,7,66,0,31,0,2,1,0,0
2005,6,9,19,7,66,25.19,3.5,0,2,1,0,25.19
2005,6,9,19,7,66,31.19,1,0,2,1,0,31.19
2005,6,9,19,7,66,50,.1,0,2,1,0,50
2005,6,9,20,7,66,0,31,0,2,1,0,0
2005,6,9,20,7,66,25.19,3.5,0,2,1,0,25.19
2005,6,9,20,7,66,31.19,1,0,2,1,0,31.19
2005,6,9,20,7,66,50,.1,0,2,1,0,50
2005,6,9,21,7,66,0,31,0,2,1,0,0
2005,6,9,21,7,66,25.19,3.6,0,2,1,0,25.19
2005,6,9,21,7,66,31.19,1,0,2,1,0,31.19
2005,6,9,21,7,66,50,.1,0,2,1,0,50
2005,6,9,22,7,66,0,31,0,2,1,0,0
2005,6,9,22,7,66,25.19,3.8,0,2,1,0,25.19
2005,6,9,22,7,66,31.19,1,0,2,1,0,31.19
2005,6,9,22,7,66,50,.1,0,2,1,0,50
2005,6,9,23,7,66,0,31,0,2,1,0,0
2005,6,9,23,7,66,25.19,3.8,0,2,1,0,25.19
2005,6,9,23,7,66,31.19,1,0,2,1,0,31.19
2005,6,9,23,7,66,50,.1,0,2,1,0,50
2005,6,9,24,7,66,0,31,0,2,1,0,0
2005,6,9,24,7,66,25.19,3.8,0,2,1,0,25.19
2005,6,9,24,7,66,31.19,1,0,2,1,0,31.19
2005,6,9,24,7,66,50,.1,0,2,0,0,50
2005,6,9,1,9,67,0,8.6,0,2,1,0,0
2005,6,9,2,9,67,0,8.6,0,2,1,0,0
2005,6,9,3,9,67,0,8.2,0,2,1,0,0
2005,6,9,4,9,67,0,8.1,0,2,1,0,0
2005,6,9,5,9,67,0,7.9,0,2,1,0,0
2005,6,9,6,9,67,0,7.7,0,2,1,0,0
2005,6,9,7,9,67,0,7.9,0,2,1,0,0
2005,6,9,8,9,67,0,7.9,0,2,1,0,0
2005,6,9,9,9,67,0,6.6,0,2,1,0,0
2005,6,9,10,9,67,0,6,0,2,1,0,0
2005,6,9,11,9,67,0,6.9,0,2,1,0,0
2005,6,9,12,9,67,0,6.4,0,2,1,0,0
2005,6,9,13,9,67,0,6.2,0,2,1,0,0
2005,6,9,14,9,67,0,6.2,0,2,1,0,0
2005,6,9,15,9,67,0,6.2,0,2,1,0,0
2005,6,9,16,9,67,0,6.1,0,2,1,0,0
2005,6,9,17,9,67,0,6.1,0,2,1,0,0
2005,6,9,18,9,67,0,6.4,0,2,1,0,0
2005,6,9,19,9,67,0,6.5,0,2,1,0,0
2005,6,9,20,9,67,0,6.5,0,2,1,0,0
2005,6,9,21,9,67,0,6.6,0,2,1,0,0
2005,6,9,22,9,67,0,6.8,0,2,1,0,0
2005,6,9,23,9,67,0,7.1,0,2,1,0,0
2005,6,9,24,9,67,0,7.3,0,2,1,0,0
2005,6,9,1,6,1038,0,72,.962627,2,1,0,0
2005,6,9,1,6,1038,21.49,73,.962627,2,1,0,41.683283
2005,6,9,2,6,1038,0,72,.962627,2,1,0,0
2005,6,9,2,6,1038,21.49,73,.962627,2,1,0,41.683283
2005,6,9,3,6,1038,0,72,.962627,2,1,0,0
2005,6,9,3,6,1038,21.49,73,.962627,2,1,0,41.683283
2005,6,9,4,6,1038,0,72,.962627,2,1,0,0
2005,6,9,4,6,1038,21.49,73,.962627,2,1,0,41.683283
2005,6,9,5,6,1038,0,72,.962627,2,1,0,0
2005,6,9,5,6,1038,21.49,73,.962627,2,1,0,41.683283
2005,6,9,6,6,1038,0,72,.962627,2,1,0,0
2005,6,9,6,6,1038,21.49,73,.962627,2,1,0,41.683283
2005,6,9,7,6,1038,0,72,.962627,2,1,0,0
2005,6,9,7,6,1038,21.49,73,.962627,2,1,0,41.683283
2005,6,9,8,6,1038,0,72,.962627,2,1,0,0
2005,6,9,8,6,1038,21.49,73,.962627,2,1,0,41.683283
2005,6,9,9,6,1038,0,145,.962627,2,1,0,0
2005,6,9,10,6,1038,0,145,.962627,2,1,0,0
2005,6,9,11,6,1038,0,145,.962627,2,1,0,0
2005,6,9,12,6,1038,0,145,.962627,2,1,0,0
2005,6,9,13,6,1038,0,145,.962627,2,1,0,0
2005,6,9,14,6,1038,0,145,.962627,2,1,0,0
2005,6,9,15,6,1038,0,145,.962627,2,1,0,0
2005,6,9,16,6,1038,0,145,.962627,2,1,0,0
2005,6,9,17,6,1038,0,145,.962627,2,1,0,0
2005,6,9,18,6,1038,0,145,.962627,2,1,0,0
2005,6,9,19,6,1038,0,145,.962627,2,1,0,0
2005,6,9,20,6,1038,0,145,.962627,2,1,0,0
2005,6,9,21,6,1038,0,145,.962627,2,1,0,0
2005,6,9,22,6,1038,0,145,.962627,2,1,0,0
2005,6,9,23,6,1038,0,145,.962627,2,1,0,0
2005,6,9,24,6,1038,0,145,.962627,2,1,0,0
2005,6,9,1,9,69,0,17,0,2,1,0,0
2005,6,9,2,9,69,0,17,0,2,1,0,0
2005,6,9,3,9,69,0,17,0,2,1,0,0
2005,6,9,4,9,69,0,17,0,2,1,0,0
2005,6,9,5,9,69,0,17,0,2,1,0,0
2005,6,9,6,9,69,0,17,0,2,1,0,0
2005,6,9,7,9,69,0,17,0,2,1,0,0
2005,6,9,8,9,69,0,17,0,2,1,0,0
2005,6,9,9,9,69,0,17,0,2,1,0,0
2005,6,9,10,9,69,0,17,0,2,1,0,0
2005,6,9,11,9,69,0,17,0,2,1,0,0
2005,6,9,12,9,69,0,17,0,2,1,0,0
2005,6,9,13,9,69,0,17,0,2,1,0,0
2005,6,9,14,9,69,0,17,0,2,1,0,0
2005,6,9,15,9,69,0,17,0,2,1,0,0
2005,6,9,16,9,69,0,17,0,2,1,0,0
2005,6,9,17,9,69,0,17,0,2,1,0,0
2005,6,9,18,9,69,0,17,0,2,1,0,0
2005,6,9,19,9,69,0,17,0,2,1,0,0
2005,6,9,20,9,69,0,17,0,2,1,0,0
2005,6,9,21,9,69,0,17,0,2,1,0,0
2005,6,9,22,9,69,0,17,0,2,1,0,0
2005,6,9,23,9,69,0,17,0,2,1,0,0
2005,6,9,24,9,69,0,17,0,2,1,0,0
2005,6,9,1,3,1042,0,165,.359851,2,1,0,0
2005,6,9,1,3,1042,36.37,45,.359851,2,1,0,41.454226
2005,6,9,1,3,1042,39.37,45,.359851,2,1,0,41.454226
2005,6,9,1,3,1042,170,45,.359851,2,0,0,170
2005,6,9,1,3,1042,175,60,.359851,2,0,0,175
2005,6,9,1,3,1042,180.3,32.6,.359851,2,0,0,180.3
2005,6,9,2,3,1042,0,165,.359851,2,1,0,0
2005,6,9,2,3,1042,160,40,.359851,2,0,0,160
2005,6,9,2,3,1042,165,50,.359851,2,0,0,165
2005,6,9,2,3,1042,170,50,.359851,2,0,0,170
2005,6,9,2,3,1042,175,55,.359851,2,0,0,175
2005,6,9,2,3,1042,180.3,32.6,.359851,2,0,0,180.3
2005,6,9,3,3,1042,0,165,.359851,2,1,0,0
2005,6,9,3,3,1042,160,40,.359851,2,0,0,160
2005,6,9,3,3,1042,165,50,.359851,2,0,0,165
2005,6,9,3,3,1042,170,50,.359851,2,0,0,170
2005,6,9,3,3,1042,175,55,.359851,2,0,0,175
2005,6,9,3,3,1042,180.3,32.6,.359851,2,0,0,180.3
2005,6,9,4,3,1042,0,165,.359851,2,1,0,0
2005,6,9,4,3,1042,160,40,.359851,2,0,0,160
2005,6,9,4,3,1042,165,50,.359851,2,0,0,165
2005,6,9,4,3,1042,170,50,.359851,2,0,0,170
2005,6,9,4,3,1042,175,55,.359851,2,0,0,175
2005,6,9,4,3,1042,180.3,32.6,.359851,2,0,0,180.3
2005,6,9,5,3,1042,0,165,.359851,2,1,0,0
2005,6,9,5,3,1042,160,40,.359851,2,0,0,160
2005,6,9,5,3,1042,165,50,.359851,2,0,0,165
2005,6,9,5,3,1042,170,50,.359851,2,0,0,170
2005,6,9,5,3,1042,175,55,.359851,2,0,0,175
2005,6,9,5,3,1042,180.3,32.6,.359851,2,0,0,180.3
2005,6,9,6,3,1042,0,165,.359851,2,1,0,0
2005,6,9,6,3,1042,160,40,.359851,2,0,0,160
2005,6,9,6,3,1042,165,50,.359851,2,0,0,165
2005,6,9,6,3,1042,170,50,.359851,2,0,0,170
2005,6,9,6,3,1042,175,55,.359851,2,0,0,175
2005,6,9,6,3,1042,180.3,32.6,.359851,2,0,0,180.3
2005,6,9,7,3,1042,0,165,.359851,2,1,0,0
2005,6,9,7,3,1042,36.37,40,.359851,2,1,0,41.454226
2005,6,9,7,3,1042,38.37,50,.359851,2,1,0,41.454226
2005,6,9,7,3,1042,170,50,.359851,2,0,0,170
2005,6,9,7,3,1042,175,55,.359851,2,0,0,175
2005,6,9,7,3,1042,180.3,32.6,.359851,2,0,0,180.3
2005,6,9,8,3,1042,0,165,.359851,2,1,0,0
2005,6,9,8,3,1042,36.37,40,.359851,2,1,0,41.454226
2005,6,9,8,3,1042,38.37,50,.359851,2,1,0,41.454226
2005,6,9,8,3,1042,40.37,50,.359851,2,1,0,41.454226
2005,6,9,8,3,1042,42.37,60,.359851,2,1,0,41.454226
2005,6,9,8,3,1042,180.3,27.6,.359851,2,0,0,180.3
2005,6,9,9,3,1042,0,240,.359851,2,1,0,0
2005,6,9,9,3,1042,33.61,30,.359851,2,1,0,41.454226
2005,6,9,9,3,1042,34.61,30,.359851,2,1,0,41.454226
2005,6,9,9,3,1042,36.61,30,.359851,2,1,0,41.454226
2005,6,9,9,3,1042,38.61,35,.359851,2,1,0,41.454226
2005,6,9,9,3,1042,180.3,27.6,.359851,2,0,0,180.3
2005,6,9,10,3,1042,0,300,.359851,2,1,0,0
2005,6,9,10,3,1042,33.61,20,.359851,2,1,0,41.454226
2005,6,9,10,3,1042,34.61,15,.359851,2,1,0,41.454226
2005,6,9,10,3,1042,36.61,15,.359851,2,1,0,41.454226
2005,6,9,10,3,1042,38.61,15,.359851,2,1,0,41.454226
2005,6,9,10,3,1042,180.3,27.6,.359851,2,0,0,180.3
2005,6,9,11,3,1042,0,300,.359851,2,1,0,0
2005,6,9,11,3,1042,33.61,20,.359851,2,1,0,41.454226
2005,6,9,11,3,1042,34.61,15,.359851,2,1,0,41.454226
2005,6,9,11,3,1042,36.61,15,.359851,2,1,0,41.454226
2005,6,9,11,3,1042,38.61,15,.359851,2,1,0,41.454226
2005,6,9,11,3,1042,180.3,27.6,.359851,2,0,0,180.3
2005,6,9,12,3,1042,0,300,.359851,2,1,0,0
2005,6,9,12,3,1042,33.61,20,.359851,2,1,0,41.454226
2005,6,9,12,3,1042,34.61,15,.359851,2,1,0,41.454226
2005,6,9,12,3,1042,36.61,15,.359851,2,1,0,41.454226
2005,6,9,12,3,1042,38.61,15,.359851,2,1,0,41.454226
2005,6,9,12,3,1042,180.3,27.6,.359851,2,0,0,180.3
2005,6,9,13,3,1042,0,300,.359851,2,1,0,0
2005,6,9,13,3,1042,33.61,20,.359851,2,1,0,41.454226
2005,6,9,13,3,1042,34.61,15,.359851,2,1,0,41.454226
2005,6,9,13,3,1042,36.61,15,.359851,2,1,0,41.454226
2005,6,9,13,3,1042,38.61,15,.359851,2,1,0,41.454226
2005,6,9,13,3,1042,180.3,27.6,.359851,2,0,0,180.3
2005,6,9,14,3,1042,0,300,.359851,2,1,0,0
2005,6,9,14,3,1042,33.61,20,.359851,2,1,0,41.454226
2005,6,9,14,3,1042,34.61,15,.359851,2,1,0,41.454226
2005,6,9,14,3,1042,36.61,15,.359851,2,1,0,41.454226
2005,6,9,14,3,1042,38.61,15,.359851,2,1,0,41.454226
2005,6,9,14,3,1042,180.3,27.6,.359851,2,0,0,180.3
2005,6,9,15,3,1042,0,300,.359851,2,1,0,0
2005,6,9,15,3,1042,33.61,20,.359851,2,1,0,41.454226
2005,6,9,15,3,1042,34.61,15,.359851,2,1,0,41.454226
2005,6,9,15,3,1042,36.61,15,.359851,2,1,0,41.454226
2005,6,9,15,3,1042,38.61,15,.359851,2,1,0,41.454226
2005,6,9,15,3,1042,180.3,27.6,.359851,2,0,0,180.3
2005,6,9,16,3,1042,0,300,.359851,2,1,0,0
2005,6,9,16,3,1042,33.61,20,.359851,2,1,0,41.454226
2005,6,9,16,3,1042,34.61,15,.359851,2,1,0,41.454226
2005,6,9,16,3,1042,36.61,15,.359851,2,1,0,41.454226
2005,6,9,16,3,1042,38.61,15,.359851,2,1,0,41.454226
2005,6,9,16,3,1042,180.3,27.6,.359851,2,0,0,180.3
2005,6,9,17,3,1042,0,300,.359851,2,1,0,0
2005,6,9,17,3,1042,33.61,20,.359851,2,1,0,41.454226
2005,6,9,17,3,1042,34.61,15,.359851,2,1,0,41.454226
2005,6,9,17,3,1042,36.61,15,.359851,2,1,0,41.454226
2005,6,9,17,3,1042,38.61,15,.359851,2,1,0,41.454226
2005,6,9,17,3,1042,180.3,27.6,.359851,2,0,0,180.3
2005,6,9,18,3,1042,0,300,.359851,2,1,0,0
2005,6,9,18,3,1042,33.61,20,.359851,2,1,0,41.454226
2005,6,9,18,3,1042,34.61,15,.359851,2,1,0,41.454226
2005,6,9,18,3,1042,36.61,15,.359851,2,1,0,41.454226
2005,6,9,18,3,1042,38.61,15,.359851,2,1,0,41.454226
2005,6,9,18,3,1042,180.3,27.6,.359851,2,0,0,180.3
2005,6,9,19,3,1042,0,300,.359851,2,1,0,0
2005,6,9,19,3,1042,33.61,20,.359851,2,1,0,41.454226
2005,6,9,19,3,1042,34.61,15,.359851,2,1,0,41.454226
2005,6,9,19,3,1042,36.61,15,.359851,2,1,0,41.454226
2005,6,9,19,3,1042,38.61,15,.359851,2,1,0,41.454226
2005,6,9,19,3,1042,180.3,27.6,.359851,2,0,0,180.3
2005,6,9,20,3,1042,0,300,.359851,2,1,0,0
2005,6,9,20,3,1042,33.61,20,.359851,2,1,0,41.454226
2005,6,9,20,3,1042,34.61,15,.359851,2,1,0,41.454226
2005,6,9,20,3,1042,36.61,15,.359851,2,1,0,41.454226
2005,6,9,20,3,1042,38.61,15,.359851,2,1,0,41.454226
2005,6,9,20,3,1042,180.3,27.6,.359851,2,0,0,180.3
2005,6,9,21,3,1042,0,300,.359851,2,1,0,0
2005,6,9,21,3,1042,33.61,20,.359851,2,1,0,41.454226
2005,6,9,21,3,1042,34.61,15,.359851,2,1,0,41.454226
2005,6,9,21,3,1042,36.61,15,.359851,2,1,0,41.454226
2005,6,9,21,3,1042,38.61,15,.359851,2,1,0,41.454226
2005,6,9,21,3,1042,180.3,27.6,.359851,2,0,0,180.3
2005,6,9,22,3,1042,0,300,.359851,2,1,0,0
2005,6,9,22,3,1042,33.61,20,.359851,2,1,0,41.454226
2005,6,9,22,3,1042,34.61,15,.359851,2,1,0,41.454226
2005,6,9,22,3,1042,36.61,15,.359851,2,1,0,41.454226
2005,6,9,22,3,1042,38.61,15,.359851,2,1,0,41.454226
2005,6,9,22,3,1042,180.3,27.6,.359851,2,0,0,180.3
2005,6,9,23,3,1042,0,300,.359851,2,1,0,0
2005,6,9,23,3,1042,33.61,20,.359851,2,1,0,41.454226
2005,6,9,23,3,1042,34.61,15,.359851,2,1,0,41.454226
2005,6,9,23,3,1042,36.61,15,.359851,2,1,0,41.454226
2005,6,9,23,3,1042,38.61,15,.359851,2,1,0,41.454226
2005,6,9,23,3,1042,180.3,27.6,.359851,2,0,0,180.3
2005,6,9,24,3,1042,0,250,.359851,2,1,0,0
2005,6,9,24,3,1042,36.37,50,.359851,2,1,0,41.454226
2005,6,9,24,3,1042,38.37,25,.359851,2,1,0,41.454226
2005,6,9,24,3,1042,40.37,20,.359851,2,1,0,41.454226
2005,6,9,24,3,1042,42.37,20,.359851,2,0,0,41.454226
2005,6,9,24,3,1042,180.3,27.6,.359851,2,0,0,180.3
2005,6,9,1,9,1043,0,190,.359851,2,1,0,0
2005,6,9,1,9,1043,35.33,90,.359851,2,1,0,41.454226
2005,6,9,1,9,1043,37.73,50,.359851,2,1,0,41.454226
2005,6,9,1,9,1043,40.13,48.9,.359851,2,1,0,41.454226
2005,6,9,2,9,1043,0,190,.359851,2,1,0,0
2005,6,9,2,9,1043,35.33,90,.359851,2,1,0,41.454226
2005,6,9,2,9,1043,37.73,50,.359851,2,1,0,41.454226
2005,6,9,2,9,1043,40.13,48.9,.359851,2,0,0,41.454226
2005,6,9,3,9,1043,0,190,.359851,2,1,0,0
2005,6,9,3,9,1043,35.33,90,.359851,2,1,0,41.454226
2005,6,9,3,9,1043,37.73,50,.359851,2,0,0,41.454226
2005,6,9,3,9,1043,40.13,48.9,.359851,2,0,0,41.454226
2005,6,9,4,9,1043,0,190,.359851,2,1,0,0
2005,6,9,4,9,1043,35.33,90,.359851,2,1,0,41.454226
2005,6,9,4,9,1043,37.73,50,.359851,2,0,0,41.454226
2005,6,9,4,9,1043,40.13,48.9,.359851,2,0,0,41.454226
2005,6,9,5,9,1043,0,190,.359851,2,1,0,0
2005,6,9,5,9,1043,35.33,90,.359851,2,1,0,41.454226
2005,6,9,5,9,1043,37.73,50,.359851,2,0,0,41.454226
2005,6,9,5,9,1043,40.13,48.9,.359851,2,0,0,41.454226
2005,6,9,6,9,1043,0,190,.359851,2,1,0,0
2005,6,9,6,9,1043,35.33,90,.359851,2,1,0,41.454226
2005,6,9,6,9,1043,37.73,50,.359851,2,0,0,41.454226
2005,6,9,6,9,1043,40.13,48.9,.359851,2,0,0,41.454226
2005,6,9,7,9,1043,0,190,.359851,2,1,0,0
2005,6,9,7,9,1043,35.33,90,.359851,2,1,0,41.454226
2005,6,9,7,9,1043,37.73,50,.359851,2,1,0,41.454226
2005,6,9,7,9,1043,40.13,48.9,.359851,2,0,0,41.454226
2005,6,9,8,9,1043,0,190,.359851,2,1,0,0
2005,6,9,8,9,1043,35.33,90,.359851,2,1,0,41.454226
2005,6,9,8,9,1043,37.73,50,.359851,2,1,0,41.454226
2005,6,9,8,9,1043,40.13,48.9,.359851,2,1,0,41.454226
2005,6,9,9,9,1043,0,190,.359851,2,1,0,0
2005,6,9,9,9,1043,35.33,90,.359851,2,1,0,41.454226
2005,6,9,9,9,1043,37.73,50,.359851,2,1,0,41.454226
2005,6,9,9,9,1043,40.13,48.9,.359851,2,1,0,41.454226
2005,6,9,10,9,1043,0,190,.359851,2,1,0,0
2005,6,9,10,9,1043,35.33,90,.359851,2,1,0,41.454226
2005,6,9,10,9,1043,37.73,50,.359851,2,1,0,41.454226
2005,6,9,10,9,1043,40.13,48.9,.359851,2,1,0,41.454226
2005,6,9,11,9,1043,0,190,.359851,2,1,0,0
2005,6,9,11,9,1043,35.33,90,.359851,2,1,0,41.454226
2005,6,9,11,9,1043,37.73,50,.359851,2,1,0,41.454226
2005,6,9,11,9,1043,40.13,48.9,.359851,2,1,0,41.454226
2005,6,9,12,9,1043,0,190,.359851,2,1,0,0
2005,6,9,12,9,1043,35.33,90,.359851,2,1,0,41.454226
2005,6,9,12,9,1043,37.73,50,.359851,2,1,0,41.454226
2005,6,9,12,9,1043,40.13,48.9,.359851,2,1,0,41.454226
2005,6,9,13,9,1043,0,190,.359851,2,1,0,0
2005,6,9,13,9,1043,35.33,90,.359851,2,1,0,41.454226
2005,6,9,13,9,1043,37.73,50,.359851,2,1,0,41.454226
2005,6,9,13,9,1043,40.13,48.9,.359851,2,1,0,41.454226
2005,6,9,14,9,1043,0,190,.359851,2,1,0,0
2005,6,9,14,9,1043,35.33,90,.359851,2,1,0,41.454226
2005,6,9,14,9,1043,37.73,50,.359851,2,1,0,41.454226
2005,6,9,14,9,1043,40.13,48.9,.359851,2,1,0,41.454226
2005,6,9,15,9,1043,0,190,.359851,2,1,0,0
2005,6,9,15,9,1043,35.33,90,.359851,2,1,0,41.454226
2005,6,9,15,9,1043,37.73,50,.359851,2,1,0,41.454226
2005,6,9,15,9,1043,40.13,48.9,.359851,2,1,0,41.454226
2005,6,9,16,9,1043,0,190,.359851,2,1,0,0
2005,6,9,16,9,1043,35.33,90,.359851,2,1,0,41.454226
2005,6,9,16,9,1043,37.73,50,.359851,2,1,0,41.454226
2005,6,9,16,9,1043,40.13,48.9,.359851,2,1,0,41.454226
2005,6,9,17,9,1043,0,190,.359851,2,1,0,0
2005,6,9,17,9,1043,35.33,90,.359851,2,1,0,41.454226
2005,6,9,17,9,1043,37.73,50,.359851,2,1,0,41.454226
2005,6,9,17,9,1043,40.13,48.9,.359851,2,1,0,41.454226
2005,6,9,18,9,1043,0,190,.359851,2,1,0,0
2005,6,9,18,9,1043,35.33,90,.359851,2,1,0,41.454226
2005,6,9,18,9,1043,37.73,50,.359851,2,1,0,41.454226
2005,6,9,18,9,1043,40.13,48.9,.359851,2,1,0,41.454226
2005,6,9,19,9,1043,0,190,.359851,2,1,0,0
2005,6,9,19,9,1043,35.33,90,.359851,2,1,0,41.454226
2005,6,9,19,9,1043,37.73,50,.359851,2,1,0,41.454226
2005,6,9,19,9,1043,40.13,48.9,.359851,2,1,0,41.454226
2005,6,9,20,9,1043,0,190,.359851,2,1,0,0
2005,6,9,20,9,1043,35.33,90,.359851,2,1,0,41.454226
2005,6,9,20,9,1043,37.73,50,.359851,2,1,0,41.454226
2005,6,9,20,9,1043,40.13,48.9,.359851,2,1,0,41.454226
2005,6,9,21,9,1043,0,190,.359851,2,1,0,0
2005,6,9,21,9,1043,35.33,90,.359851,2,1,0,41.454226
2005,6,9,21,9,1043,37.73,50,.359851,2,1,0,41.454226
2005,6,9,21,9,1043,40.13,48.9,.359851,2,1,0,41.454226
2005,6,9,22,9,1043,0,190,.359851,2,1,0,0
2005,6,9,22,9,1043,35.33,90,.359851,2,1,0,41.454226
2005,6,9,22,9,1043,37.73,50,.359851,2,1,0,41.454226
2005,6,9,22,9,1043,40.13,48.9,.359851,2,1,0,41.454226
2005,6,9,23,9,1043,0,190,.359851,2,1,0,0
2005,6,9,23,9,1043,35.33,90,.359851,2,1,0,41.454226
2005,6,9,23,9,1043,37.73,50,.359851,2,1,0,41.454226
2005,6,9,23,9,1043,40.13,48.9,.359851,2,1,0,41.454226
2005,6,9,24,9,1043,0,190,.359851,2,1,0,0
2005,6,9,24,9,1043,35.33,90,.359851,2,1,0,41.454226
2005,6,9,24,9,1043,37.73,50,.359851,2,1,0,41.454226
2005,6,9,24,9,1043,40.13,48.9,.359851,2,1,0,41.454226
2005,6,9,1,1,1046,122.17,532.4,.791988,2,0,0,122.17
2005,6,9,2,1,1046,122.17,532.4,.791988,2,0,0,122.17
2005,6,9,3,1,1046,122.17,532.4,.791988,2,0,0,122.17
2005,6,9,4,1,1046,122.17,532.4,.791988,2,0,0,122.17
2005,6,9,5,1,1046,122.17,532.4,.791988,2,0,0,122.17
2005,6,9,6,1,1046,122.17,532.4,.791988,2,0,0,122.17
2005,6,9,7,1,1046,122.17,532.4,.791988,2,0,0,122.17
2005,6,9,8,1,1046,122.17,532.4,.791988,2,0,0,122.17
2005,6,9,9,1,1046,122.17,532.4,.791988,2,0,0,122.17
2005,6,9,10,1,1046,122.17,532.4,.791988,2,0,0,122.17
2005,6,9,11,1,1046,122.17,532.4,.791988,2,0,0,122.17
2005,6,9,12,1,1046,122.17,532.4,.791988,2,0,0,122.17
2005,6,9,13,1,1046,122.17,532.4,.791988,2,0,0,122.17
2005,6,9,14,1,1046,122.17,532.4,.791988,2,0,0,122.17
2005,6,9,15,1,1046,122.17,532.4,.791988,2,0,0,122.17
2005,6,9,16,1,1046,122.17,532.4,.791988,2,0,0,122.17
2005,6,9,17,1,1046,122.17,532.4,.791988,2,0,0,122.17
2005,6,9,18,1,1046,122.17,532.4,.791988,2,0,0,122.17
2005,6,9,19,1,1046,122.17,532.4,.791988,2,0,0,122.17
2005,6,9,20,1,1046,122.17,532.4,.791988,2,0,0,122.17
2005,6,9,21,1,1046,122.17,532.4,.791988,2,0,0,122.17
2005,6,9,22,1,1046,122.17,532.4,.791988,2,0,0,122.17
2005,6,9,23,1,1046,122.17,532.4,.791988,2,0,0,122.17
2005,6,9,24,1,1046,122.17,532.4,.791988,2,0,0,122.17
2005,6,9,1,1,1047,0,225,.360098,2,1,0,0
2005,6,9,1,1,1047,35.03,50,.360098,2,1,0,39.14337
2005,6,9,1,1,1047,37.43,50,.360098,2,1,0,39.14337
2005,6,9,1,1,1047,39.83,64.7,.360098,2,1,0,39.14337
2005,6,9,2,1,1047,0,225,.360098,2,1,0,0
2005,6,9,2,1,1047,35.03,50,.360098,2,1,0,39.14337
2005,6,9,2,1,1047,37.43,50,.360098,2,1,0,39.14337
2005,6,9,2,1,1047,39.83,64.7,.360098,2,0,0,39.14337
2005,6,9,3,1,1047,0,225,.360098,2,1,0,0
2005,6,9,3,1,1047,35.03,50,.360098,2,1,0,39.14337
2005,6,9,3,1,1047,37.43,50,.360098,2,0,0,39.14337
2005,6,9,3,1,1047,39.83,64.7,.360098,2,0,0,39.14337
2005,6,9,4,1,1047,0,225,.360098,2,1,0,0
2005,6,9,4,1,1047,35.03,50,.360098,2,1,0,39.14337
2005,6,9,4,1,1047,37.43,50,.360098,2,0,0,39.14337
2005,6,9,4,1,1047,39.83,64.7,.360098,2,0,0,39.14337
2005,6,9,5,1,1047,0,225,.360098,2,1,0,0
2005,6,9,5,1,1047,35.03,50,.360098,2,1,0,39.14337
2005,6,9,5,1,1047,37.43,50,.360098,2,0,0,39.14337
2005,6,9,5,1,1047,39.83,64.7,.360098,2,0,0,39.14337
2005,6,9,6,1,1047,0,225,.360098,2,1,0,0
2005,6,9,6,1,1047,35.03,50,.360098,2,1,0,39.14337
2005,6,9,6,1,1047,37.43,50,.360098,2,1,0,39.14337
2005,6,9,6,1,1047,39.83,64.7,.360098,2,0,0,39.14337
2005,6,9,7,1,1047,0,225,.360098,2,1,0,0
2005,6,9,7,1,1047,35.03,50,.360098,2,1,0,39.14337
2005,6,9,7,1,1047,37.43,50,.360098,2,1,0,39.14337
2005,6,9,7,1,1047,39.83,60.7,.360098,2,1,0,39.14337
2005,6,9,8,1,1047,0,225,.360098,2,1,0,0
2005,6,9,8,1,1047,35.03,50,.360098,2,1,0,39.14337
2005,6,9,8,1,1047,37.43,50,.360098,2,1,0,39.14337
2005,6,9,8,1,1047,39.83,64.7,.360098,2,1,0,39.14337
2005,6,9,9,1,1047,0,225,.360098,2,1,0,0
2005,6,9,9,1,1047,35.03,50,.360098,2,1,0,39.14337
2005,6,9,9,1,1047,37.43,50,.360098,2,1,0,39.14337
2005,6,9,9,1,1047,39.83,64.7,.360098,2,1,0,39.14337
2005,6,9,10,1,1047,0,225,.360098,2,1,0,0
2005,6,9,10,1,1047,35.03,50,.360098,2,1,0,39.14337
2005,6,9,10,1,1047,37.43,50,.360098,2,1,0,39.14337
2005,6,9,10,1,1047,39.83,64.7,.360098,2,1,0,39.14337
2005,6,9,11,1,1047,0,225,.360098,2,1,0,0
2005,6,9,11,1,1047,35.03,50,.360098,2,1,0,39.14337
2005,6,9,11,1,1047,37.43,50,.360098,2,1,0,39.14337
2005,6,9,11,1,1047,39.83,64.7,.360098,2,1,0,39.14337
2005,6,9,12,1,1047,0,225,.360098,2,1,0,0
2005,6,9,12,1,1047,35.03,50,.360098,2,1,0,39.14337
2005,6,9,12,1,1047,37.43,50,.360098,2,1,0,39.14337
2005,6,9,12,1,1047,39.83,64.7,.360098,2,1,0,39.14337
2005,6,9,13,1,1047,0,225,.360098,2,1,0,0
2005,6,9,13,1,1047,35.03,50,.360098,2,1,0,39.14337
2005,6,9,13,1,1047,37.43,50,.360098,2,1,0,39.14337
2005,6,9,13,1,1047,39.83,64.7,.360098,2,1,0,39.14337
2005,6,9,14,1,1047,0,225,.360098,2,1,0,0
2005,6,9,14,1,1047,35.03,50,.360098,2,1,0,39.14337
2005,6,9,14,1,1047,37.43,50,.360098,2,1,0,39.14337
2005,6,9,14,1,1047,39.83,64.7,.360098,2,1,0,39.14337
2005,6,9,15,1,1047,0,225,.360098,2,1,0,0
2005,6,9,15,1,1047,35.03,50,.360098,2,1,0,39.14337
2005,6,9,15,1,1047,37.43,50,.360098,2,1,0,39.14337
2005,6,9,15,1,1047,39.83,64.7,.360098,2,1,0,39.14337
2005,6,9,16,1,1047,0,225,.360098,2,1,0,0
2005,6,9,16,1,1047,35.03,50,.360098,2,1,0,39.14337
2005,6,9,16,1,1047,37.43,50,.360098,2,1,0,39.14337
2005,6,9,16,1,1047,39.83,64.7,.360098,2,1,0,39.14337
2005,6,9,17,1,1047,0,225,.360098,2,1,0,0
2005,6,9,17,1,1047,35.03,50,.360098,2,1,0,39.14337
2005,6,9,17,1,1047,37.43,50,.360098,2,1,0,39.14337
2005,6,9,17,1,1047,39.83,64.7,.360098,2,1,0,39.14337
2005,6,9,18,1,1047,0,225,.360098,2,1,0,0
2005,6,9,18,1,1047,35.03,50,.360098,2,1,0,39.14337
2005,6,9,18,1,1047,37.43,50,.360098,2,1,0,39.14337
2005,6,9,18,1,1047,39.83,64.7,.360098,2,1,0,39.14337
2005,6,9,19,1,1047,0,225,.360098,2,1,0,0
2005,6,9,19,1,1047,35.03,50,.360098,2,1,0,39.14337
2005,6,9,19,1,1047,37.43,50,.360098,2,1,0,39.14337
2005,6,9,19,1,1047,39.83,64.7,.360098,2,1,0,39.14337
2005,6,9,20,1,1047,0,225,.360098,2,1,0,0
2005,6,9,20,1,1047,35.03,50,.360098,2,1,0,39.14337
2005,6,9,20,1,1047,37.43,50,.360098,2,1,0,39.14337
2005,6,9,20,1,1047,39.83,64.7,.360098,2,1,0,39.14337
2005,6,9,21,1,1047,0,225,.360098,2,1,0,0
2005,6,9,21,1,1047,35.03,50,.360098,2,1,0,39.14337
2005,6,9,21,1,1047,37.43,50,.360098,2,1,0,39.14337
2005,6,9,21,1,1047,39.83,64.7,.360098,2,1,0,39.14337
2005,6,9,22,1,1047,0,225,.360098,2,1,0,0
2005,6,9,22,1,1047,35.03,50,.360098,2,1,0,39.14337
2005,6,9,22,1,1047,37.43,50,.360098,2,1,0,39.14337
2005,6,9,22,1,1047,39.83,64.7,.360098,2,1,0,39.14337
2005,6,9,23,1,1047,0,225,.360098,2,1,0,0
2005,6,9,23,1,1047,35.03,50,.360098,2,1,0,39.14337
2005,6,9,23,1,1047,37.43,50,.360098,2,1,0,39.14337
2005,6,9,23,1,1047,39.83,64.7,.360098,2,1,0,39.14337
2005,6,9,24,1,1047,0,225,.360098,2,1,0,0
2005,6,9,24,1,1047,35.03,50,.360098,2,1,0,39.14337
2005,6,9,24,1,1047,37.43,50,.360098,2,1,0,39.14337
2005,6,9,24,1,1047,39.83,64.7,.360098,2,1,0,39.14337
2005,6,9,1,9,74,14.31,475,0,2,1,0,14.31
2005,6,9,2,9,74,14.31,475,0,2,1,0,14.31
2005,6,9,3,9,74,14.31,475,0,2,1,0,14.31
2005,6,9,4,9,74,14.31,475,0,2,1,0,14.31
2005,6,9,5,9,74,14.31,181.3,0,2,1,0,14.31
2005,6,9,6,9,74,14.31,167,0,2,1,0,14.31
2005,6,9,7,9,74,14.31,183.2,0,2,1,0,14.31
2005,6,9,8,9,74,14.31,128.6,0,2,1,0,14.31
2005,6,9,9,9,74,14.31,109,0,2,1,0,14.31
2005,6,9,10,9,74,14.31,88.4,0,2,1,0,14.31
2005,6,9,11,9,74,14.31,96.1,0,2,1,0,14.31
2005,6,9,12,9,74,14.31,107.2,0,2,1,0,14.31
2005,6,9,13,9,74,14.31,107.4,0,2,1,0,14.31
2005,6,9,14,9,74,14.31,105.6,0,2,1,0,14.31
2005,6,9,15,9,74,14.31,93.5,0,2,1,0,14.31
2005,6,9,16,9,74,14.31,95.9,0,2,1,0,14.31
2005,6,9,17,9,74,14.31,96.3,0,2,1,0,14.31
2005,6,9,18,9,74,14.31,93.6,0,2,1,0,14.31
2005,6,9,19,9,74,14.31,97.8,0,2,1,0,14.31
2005,6,9,20,9,74,14.31,96.5,0,2,1,0,14.31
2005,6,9,21,9,74,14.31,97.4,0,2,1,0,14.31
2005,6,9,22,9,74,14.31,100.5,0,2,1,0,14.31
2005,6,9,23,9,74,14.31,86.4,0,2,1,0,14.31
2005,6,9,24,9,74,14.31,86.9,0,2,1,0,14.31
2005,6,9,1,9,75,180.3,28.7,0,1,1,0,180.3
2005,6,9,2,9,75,180.3,27.8,0,1,1,0,180.3
2005,6,9,3,9,75,180.3,26.4,0,1,1,0,180.3
2005,6,9,4,9,75,180.3,26.2,0,1,1,0,180.3
2005,6,9,5,9,75,180.3,26.2,0,1,1,0,180.3
2005,6,9,6,9,75,180.3,27,0,1,1,0,180.3
2005,6,9,7,9,75,180.3,32.3,0,1,1,0,180.3
2005,6,9,8,9,75,180.3,37.3,0,1,1,0,180.3
2005,6,9,9,9,75,180.3,41.1,0,1,1,0,180.3
2005,6,9,10,9,75,180.3,46.6,0,1,1,0,180.3
2005,6,9,11,9,75,180.3,50.2,0,1,1,0,180.3
2005,6,9,12,9,75,180.3,51.1,0,1,1,0,180.3
2005,6,9,13,9,75,180.3,50.5,0,1,1,0,180.3
2005,6,9,14,9,75,180.3,47.6,0,1,1,0,180.3
2005,6,9,15,9,75,180.3,42.9,0,1,1,0,180.3
2005,6,9,16,9,75,180.3,44.7,0,1,1,0,180.3
2005,6,9,17,9,75,180.3,45.9,0,1,1,0,180.3
2005,6,9,18,9,75,180.3,46.6,0,1,1,0,180.3
2005,6,9,19,9,75,180.3,44.2,0,1,1,0,180.3
2005,6,9,20,9,75,180.3,41.3,0,1,1,0,180.3
2005,6,9,21,9,75,180.3,39.6,0,1,1,0,180.3
2005,6,9,22,9,75,180.3,35.7,0,1,1,0,180.3
2005,6,9,23,9,75,180.3,32.2,0,1,1,0,180.3
2005,6,9,24,9,75,180.3,30.3,0,1,1,0,180.3
2005,6,9,1,9,76,0,10.1,0,2,1,0,0
2005,6,9,2,9,76,0,5.6,0,2,1,0,0
2005,6,9,3,9,76,0,2,0,2,1,0,0
2005,6,9,4,9,76,0,.8,0,2,1,0,0
2005,6,9,5,9,76,0,.6,0,2,1,0,0
2005,6,9,6,9,76,0,1.4,0,2,1,0,0
2005,6,9,7,9,76,0,2,0,2,1,0,0
2005,6,9,8,9,76,0,2,0,2,1,0,0
2005,6,9,9,9,76,0,1.8,0,2,1,0,0
2005,6,9,10,9,76,0,1.1,0,2,1,0,0
2005,6,9,11,9,76,0,.2,0,2,1,0,0
2005,6,9,12,9,76,0,.1,0,2,1,0,0
2005,6,9,13,9,76,0,.1,0,2,1,0,0
2005,6,9,14,9,76,0,.1,0,2,1,0,0
2005,6,9,15,9,76,0,.1,0,2,1,0,0
2005,6,9,16,9,76,0,2.2,0,2,1,0,0
2005,6,9,17,9,76,0,7.2,0,2,1,0,0
2005,6,9,18,9,76,0,12.8,0,2,1,0,0
2005,6,9,19,9,76,0,17.5,0,2,1,0,0
2005,6,9,20,9,76,0,21.3,0,2,1,0,0
2005,6,9,21,9,76,0,24.1,0,2,1,0,0
2005,6,9,22,9,76,0,26.1,0,2,1,0,0
2005,6,9,23,9,76,0,27.1,0,2,1,0,0
2005,6,9,24,9,76,0,27.2,0,2,1,0,0
2005,6,9,1,8,77,0,62.9,0,2,1,0,0
2005,6,9,2,8,77,0,62.6,0,2,1,0,0
2005,6,9,3,8,77,0,61.4,0,2,1,0,0
2005,6,9,4,8,77,0,59.1,0,2,1,0,0
2005,6,9,5,8,77,0,55.9,0,2,1,0,0
2005,6,9,6,8,77,0,51.7,0,2,1,0,0
2005,6,9,7,8,77,0,48,0,2,1,0,0
2005,6,9,8,8,77,0,44.9,0,2,1,0,0
2005,6,9,9,8,77,0,42.3,0,2,1,0,0
2005,6,9,10,8,77,0,41.2,0,2,1,0,0
2005,6,9,11,8,77,0,40.2,0,2,1,0,0
2005,6,9,12,8,77,0,39,0,2,1,0,0
2005,6,9,13,8,77,0,38.4,0,2,1,0,0
2005,6,9,14,8,77,0,38.6,0,2,1,0,0
2005,6,9,15,8,77,0,40.1,0,2,1,0,0
2005,6,9,16,8,77,0,42.7,0,2,1,0,0
2005,6,9,17,8,77,0,46,0,2,1,0,0
2005,6,9,18,8,77,0,50,0,2,1,0,0
2005,6,9,19,8,77,0,53.1,0,2,1,0,0
2005,6,9,20,8,77,0,55.1,0,2,1,0,0
2005,6,9,21,8,77,0,56,0,2,1,0,0
2005,6,9,22,8,77,0,55.9,0,2,1,0,0
2005,6,9,23,8,77,0,54.7,0,2,1,0,0
2005,6,9,24,8,77,0,52.4,0,2,1,0,0
2005,6,9,1,9,78,0,528.5,0,2,1,0,0
2005,6,9,2,9,78,0,456.5,0,2,1,0,0
2005,6,9,3,9,78,0,424.7,0,2,1,0,0
2005,6,9,4,9,78,0,405.6,0,2,1,0,0
2005,6,9,5,9,78,0,387.8,0,2,1,0,0
2005,6,9,6,9,78,0,372.3,0,2,1,0,0
2005,6,9,7,9,78,0,356,0,2,1,0,0
2005,6,9,8,9,78,0,350.3,0,2,1,0,0
2005,6,9,9,9,78,0,351.3,0,2,1,0,0
2005,6,9,10,9,78,0,339.8,0,2,1,0,0
2005,6,9,11,9,78,0,333.5,0,2,1,0,0
2005,6,9,12,9,78,0,332.4,0,2,1,0,0
2005,6,9,13,9,78,0,336,0,2,1,0,0
2005,6,9,14,9,78,0,348.4,0,2,1,0,0
2005,6,9,15,9,78,0,386.5,0,2,1,0,0
2005,6,9,16,9,78,0,464.3,0,2,1,0,0
2005,6,9,17,9,78,0,566.5,0,2,1,0,0
2005,6,9,18,9,78,0,692,0,2,1,0,0
2005,6,9,19,9,78,0,790,0,2,1,0,0
2005,6,9,20,9,78,0,836.3,0,2,1,0,0
2005,6,9,21,9,78,0,850.5,0,2,1,0,0
2005,6,9,22,9,78,0,856.6,0,2,1,0,0
2005,6,9,23,9,78,0,846.7,0,2,1,0,0
2005,6,9,24,9,78,0,801.5,0,2,1,0,0
2005,6,9,1,9,79,180.3,28.5,0,1,1,0,180.3
2005,6,9,2,9,79,180.3,26.9,0,1,1,0,180.3
2005,6,9,3,9,79,180.3,27.6,0,1,1,0,180.3
2005,6,9,4,9,79,180.3,27.1,0,1,1,0,180.3
2005,6,9,5,9,79,180.3,27.9,0,1,1,0,180.3
2005,6,9,6,9,79,180.3,29.2,0,1,1,0,180.3
2005,6,9,7,9,79,180.3,34.7,0,1,1,0,180.3
2005,6,9,8,9,79,180.3,36.4,0,1,1,0,180.3
2005,6,9,9,9,79,180.3,36.6,0,1,1,0,180.3
2005,6,9,10,9,79,180.3,35.2,0,1,1,0,180.3
2005,6,9,11,9,79,180.3,33.5,0,1,1,0,180.3
2005,6,9,12,9,79,180.3,33.4,0,1,1,0,180.3
2005,6,9,13,9,79,180.3,32.9,0,1,1,0,180.3
2005,6,9,14,9,79,180.3,33.7,0,1,1,0,180.3
2005,6,9,15,9,79,180.3,32.1,0,1,1,0,180.3
2005,6,9,16,9,79,180.3,32.4,0,1,1,0,180.3
2005,6,9,17,9,79,180.3,33.3,0,1,1,0,180.3
2005,6,9,18,9,79,180.3,33.3,0,1,1,0,180.3
2005,6,9,19,9,79,180.3,33.4,0,1,1,0,180.3
2005,6,9,20,9,79,180.3,33.2,0,1,1,0,180.3
2005,6,9,21,9,79,180.3,32.6,0,1,1,0,180.3
2005,6,9,22,9,79,180.3,31.1,0,1,1,0,180.3
2005,6,9,23,9,79,180.3,31.7,0,1,1,0,180.3
2005,6,9,24,9,79,180.3,32.7,0,1,1,0,180.3
2005,6,9,1,1,80,16.65,200,0,1,0,0,16.65
2005,6,9,1,1,80,23.05,138,0,1,0,0,23.05
2005,6,9,1,1,80,24.05,138,0,1,0,0,24.05
2005,6,9,1,1,80,26.03,138,0,1,0,0,26.03
2005,6,9,2,1,80,16.65,200,0,1,0,0,16.65
2005,6,9,2,1,80,23.05,138,0,1,0,0,23.05
2005,6,9,2,1,80,24.05,138,0,1,0,0,24.05
2005,6,9,2,1,80,26.03,138,0,1,0,0,26.03
2005,6,9,3,1,80,16.65,200,0,1,0,0,16.65
2005,6,9,3,1,80,23.05,138,0,1,0,0,23.05
2005,6,9,3,1,80,24.05,138,0,1,0,0,24.05
2005,6,9,3,1,80,26.03,138,0,1,0,0,26.03
2005,6,9,4,1,80,16.65,200,0,1,0,0,16.65
2005,6,9,4,1,80,23.05,138,0,1,0,0,23.05
2005,6,9,4,1,80,24.05,138,0,1,0,0,24.05
2005,6,9,4,1,80,26.03,138,0,1,0,0,26.03
2005,6,9,5,1,80,16.65,200,0,1,0,0,16.65
2005,6,9,5,1,80,23.05,138,0,1,0,0,23.05
2005,6,9,5,1,80,24.05,138,0,1,0,0,24.05
2005,6,9,5,1,80,26.03,138,0,1,0,0,26.03
2005,6,9,6,1,80,16.65,200,0,1,0,0,16.65
2005,6,9,6,1,80,23.05,138,0,1,0,0,23.05
2005,6,9,6,1,80,24.05,138,0,1,0,0,24.05
2005,6,9,6,1,80,26.03,138,0,1,0,0,26.03
2005,6,9,7,1,80,16.65,200,0,1,0,0,16.65
2005,6,9,7,1,80,23.05,138,0,1,0,0,23.05
2005,6,9,7,1,80,24.05,138,0,1,0,0,24.05
2005,6,9,7,1,80,26.03,138,0,1,0,0,26.03
2005,6,9,8,1,80,16.65,200,0,1,0,0,16.65
2005,6,9,8,1,80,23.05,138,0,1,0,0,23.05
2005,6,9,8,1,80,24.05,138,0,1,0,0,24.05
2005,6,9,8,1,80,26.03,138,0,1,0,0,26.03
2005,6,9,9,1,80,16.65,200,0,1,0,0,16.65
2005,6,9,9,1,80,23.05,138,0,1,0,0,23.05
2005,6,9,9,1,80,24.05,138,0,1,0,0,24.05
2005,6,9,9,1,80,26.03,138,0,1,0,0,26.03
2005,6,9,10,1,80,16.65,200,0,1,0,0,16.65
2005,6,9,10,1,80,23.05,138,0,1,0,0,23.05
2005,6,9,10,1,80,24.05,138,0,1,0,0,24.05
2005,6,9,10,1,80,26.03,138,0,1,0,0,26.03
2005,6,9,11,1,80,16.65,200,0,1,0,0,16.65
2005,6,9,11,1,80,23.05,138,0,1,0,0,23.05
2005,6,9,11,1,80,24.05,138,0,1,0,0,24.05
2005,6,9,11,1,80,26.03,138,0,1,0,0,26.03
2005,6,9,12,1,80,16.65,200,0,1,0,0,16.65
2005,6,9,12,1,80,23.05,138,0,1,0,0,23.05
2005,6,9,12,1,80,24.05,138,0,1,0,0,24.05
2005,6,9,12,1,80,26.03,138,0,1,0,0,26.03
2005,6,9,13,1,80,16.65,200,0,1,0,0,16.65
2005,6,9,13,1,80,23.05,138,0,1,0,0,23.05
2005,6,9,13,1,80,24.05,138,0,1,0,0,24.05
2005,6,9,13,1,80,26.03,138,0,1,0,0,26.03
2005,6,9,14,1,80,16.65,200,0,1,0,0,16.65
2005,6,9,14,1,80,23.05,138,0,1,0,0,23.05
2005,6,9,14,1,80,24.05,138,0,1,0,0,24.05
2005,6,9,14,1,80,26.03,138,0,1,0,0,26.03
2005,6,9,15,1,80,16.65,200,0,1,0,0,16.65
2005,6,9,15,1,80,23.05,138,0,1,0,0,23.05
2005,6,9,15,1,80,24.05,138,0,1,0,0,24.05
2005,6,9,15,1,80,26.03,138,0,1,0,0,26.03
2005,6,9,16,1,80,16.65,200,0,1,0,0,16.65
2005,6,9,16,1,80,23.05,138,0,1,0,0,23.05
2005,6,9,16,1,80,24.05,138,0,1,0,0,24.05
2005,6,9,16,1,80,26.03,138,0,1,0,0,26.03
2005,6,9,17,1,80,16.65,200,0,1,0,0,16.65
2005,6,9,17,1,80,23.05,138,0,1,0,0,23.05
2005,6,9,17,1,80,24.05,138,0,1,0,0,24.05
2005,6,9,17,1,80,26.03,138,0,1,0,0,26.03
2005,6,9,18,1,80,16.65,200,0,1,0,0,16.65
2005,6,9,18,1,80,23.05,138,0,1,0,0,23.05
2005,6,9,18,1,80,24.05,138,0,1,0,0,24.05
2005,6,9,18,1,80,26.03,138,0,1,0,0,26.03
2005,6,9,19,1,80,16.65,200,0,1,0,0,16.65
2005,6,9,19,1,80,23.05,138,0,1,0,0,23.05
2005,6,9,19,1,80,24.05,138,0,1,0,0,24.05
2005,6,9,19,1,80,26.03,138,0,1,0,0,26.03
2005,6,9,20,1,80,16.65,200,0,1,0,0,16.65
2005,6,9,20,1,80,23.05,138,0,1,0,0,23.05
2005,6,9,20,1,80,24.05,138,0,1,0,0,24.05
2005,6,9,20,1,80,26.03,138,0,1,0,0,26.03
2005,6,9,21,1,80,16.65,200,0,1,0,0,16.65
2005,6,9,21,1,80,23.05,138,0,1,0,0,23.05
2005,6,9,21,1,80,24.05,138,0,1,0,0,24.05
2005,6,9,21,1,80,26.03,138,0,1,0,0,26.03
2005,6,9,22,1,80,16.65,200,0,1,0,0,16.65
2005,6,9,22,1,80,23.05,138,0,1,0,0,23.05
2005,6,9,22,1,80,24.05,138,0,1,0,0,24.05
2005,6,9,22,1,80,26.03,138,0,1,0,0,26.03
2005,6,9,23,1,80,16.65,200,0,1,0,0,16.65
2005,6,9,23,1,80,23.05,138,0,1,0,0,23.05
2005,6,9,23,1,80,24.05,138,0,1,0,0,24.05
2005,6,9,23,1,80,26.03,138,0,1,0,0,26.03
2005,6,9,24,1,80,16.65,200,0,1,0,0,16.65
2005,6,9,24,1,80,23.05,138,0,1,0,0,23.05
2005,6,9,24,1,80,24.05,138,0,1,0,0,24.05
2005,6,9,24,1,80,26.03,138,0,1,0,0,26.03
2005,6,9,1,1,81,0,191.3,0,2,1,0,0
2005,6,9,1,1,81,73.85,24,0,2,0,0,73.85
2005,6,9,1,1,81,75.53,24,0,2,0,0,75.53
2005,6,9,1,1,81,77.11,24,0,2,0,0,77.11
2005,6,9,1,1,81,78.6,91,0,2,0,0,78.6
2005,6,9,1,1,81,79.18,115,0,2,0,0,79.18
2005,6,9,1,1,81,81.67,115,0,2,0,0,81.67
2005,6,9,1,1,81,83.32,115,0,2,0,0,83.32
2005,6,9,1,1,81,90.68,55,0,2,0,0,90.68
2005,6,9,1,1,81,123.04,1480.3,0,2,0,0,123.04
2005,6,9,2,1,81,0,186.2,0,2,1,0,0
2005,6,9,2,1,81,73.85,24,0,2,0,0,73.85
2005,6,9,2,1,81,75.53,24,0,2,0,0,75.53
2005,6,9,2,1,81,77.11,24,0,2,0,0,77.11
2005,6,9,2,1,81,78.6,91,0,2,0,0,78.6
2005,6,9,2,1,81,79.18,115,0,2,0,0,79.18
2005,6,9,2,1,81,81.67,115,0,2,0,0,81.67
2005,6,9,2,1,81,83.32,115,0,2,0,0,83.32
2005,6,9,2,1,81,90.68,55,0,2,0,0,90.68
2005,6,9,2,1,81,123.04,1485.4,0,2,0,0,123.04
2005,6,9,3,1,81,0,186.3,0,2,1,0,0
2005,6,9,3,1,81,73.85,24,0,2,0,0,73.85
2005,6,9,3,1,81,75.53,24,0,2,0,0,75.53
2005,6,9,3,1,81,77.11,24,0,2,0,0,77.11
2005,6,9,3,1,81,78.6,91,0,2,0,0,78.6
2005,6,9,3,1,81,79.18,115,0,2,0,0,79.18
2005,6,9,3,1,81,81.67,115,0,2,0,0,81.67
2005,6,9,3,1,81,83.32,115,0,2,0,0,83.32
2005,6,9,3,1,81,90.68,55,0,2,0,0,90.68
2005,6,9,3,1,81,123.04,1485.3,0,2,0,0,123.04
2005,6,9,4,1,81,0,186.4,0,2,1,0,0
2005,6,9,4,1,81,73.85,24,0,2,0,0,73.85
2005,6,9,4,1,81,75.53,24,0,2,0,0,75.53
2005,6,9,4,1,81,77.11,24,0,2,0,0,77.11
2005,6,9,4,1,81,78.6,91,0,2,0,0,78.6
2005,6,9,4,1,81,79.18,115,0,2,0,0,79.18
2005,6,9,4,1,81,81.67,115,0,2,0,0,81.67
2005,6,9,4,1,81,83.32,115,0,2,0,0,83.32
2005,6,9,4,1,81,90.68,55,0,2,0,0,90.68
2005,6,9,4,1,81,123.04,1485.2,0,2,0,0,123.04
2005,6,9,5,1,81,0,189.9,0,2,1,0,0
2005,6,9,5,1,81,73.85,24,0,2,0,0,73.85
2005,6,9,5,1,81,75.53,24,0,2,0,0,75.53
2005,6,9,5,1,81,77.11,24,0,2,0,0,77.11
2005,6,9,5,1,81,78.6,91,0,2,0,0,78.6
2005,6,9,5,1,81,79.18,115,0,2,0,0,79.18
2005,6,9,5,1,81,81.67,115,0,2,0,0,81.67
2005,6,9,5,1,81,83.32,115,0,2,0,0,83.32
2005,6,9,5,1,81,90.68,55,0,2,0,0,90.68
2005,6,9,5,1,81,123.04,1481.7,0,2,0,0,123.04
2005,6,9,6,1,81,0,190,0,2,1,0,0
2005,6,9,6,1,81,73.85,24,0,2,0,0,73.85
2005,6,9,6,1,81,75.53,24,0,2,0,0,75.53
2005,6,9,6,1,81,77.11,24,0,2,0,0,77.11
2005,6,9,6,1,81,78.6,91,0,2,0,0,78.6
2005,6,9,6,1,81,79.18,115,0,2,0,0,79.18
2005,6,9,6,1,81,81.67,115,0,2,0,0,81.67
2005,6,9,6,1,81,83.32,115,0,2,0,0,83.32
2005,6,9,6,1,81,90.68,55,0,2,0,0,90.68
2005,6,9,6,1,81,123.04,1481.6,0,2,0,0,123.04
2005,6,9,7,1,81,0,189.8,0,2,1,0,0
2005,6,9,7,1,81,73.85,24,0,2,0,0,73.85
2005,6,9,7,1,81,75.53,24,0,2,0,0,75.53
2005,6,9,7,1,81,77.11,24,0,2,0,0,77.11
2005,6,9,7,1,81,78.6,91,0,2,0,0,78.6
2005,6,9,7,1,81,79.18,115,0,2,0,0,79.18
2005,6,9,7,1,81,81.67,115,0,2,0,0,81.67
2005,6,9,7,1,81,83.32,115,0,2,0,0,83.32
2005,6,9,7,1,81,90.68,55,0,2,0,0,90.68
2005,6,9,7,1,81,123.04,1481.8,0,2,0,0,123.04
2005,6,9,8,1,81,0,194.8,0,2,1,0,0
2005,6,9,8,1,81,73.85,24,0,2,0,0,73.85
2005,6,9,8,1,81,75.53,24,0,2,0,0,75.53
2005,6,9,8,1,81,77.11,24,0,2,0,0,77.11
2005,6,9,8,1,81,78.6,91,0,2,0,0,78.6
2005,6,9,8,1,81,79.18,115,0,2,0,0,79.18
2005,6,9,8,1,81,81.67,115,0,2,0,0,81.67
2005,6,9,8,1,81,83.32,115,0,2,0,0,83.32
2005,6,9,8,1,81,90.68,55,0,2,0,0,90.68
2005,6,9,8,1,81,123.04,1476.8,0,2,0,0,123.04
2005,6,9,9,1,81,0,234.8,0,2,1,0,0
2005,6,9,9,1,81,73.85,24,0,2,0,0,73.85
2005,6,9,9,1,81,75.53,24,0,2,0,0,75.53
2005,6,9,9,1,81,77.11,24,0,2,0,0,77.11
2005,6,9,9,1,81,79.18,115,0,2,0,0,79.18
2005,6,9,9,1,81,81.67,115,0,2,0,0,81.67
2005,6,9,9,1,81,83.32,115,0,2,0,0,83.32
2005,6,9,9,1,81,90.68,55,0,2,0,0,90.68
2005,6,9,9,1,81,123.04,1527.8,0,2,0,0,123.04
2005,6,9,10,1,81,0,505.2,0,2,1,0,0
2005,6,9,10,1,81,73.85,24,0,2,0,0,73.85
2005,6,9,10,1,81,75.53,24,0,2,0,0,75.53
2005,6,9,10,1,81,77.11,24,0,2,0,0,77.11
2005,6,9,10,1,81,79.18,115,0,2,0,0,79.18
2005,6,9,10,1,81,81.67,115,0,2,0,0,81.67
2005,6,9,10,1,81,83.32,115,0,2,0,0,83.32
2005,6,9,10,1,81,90.68,55,0,2,0,0,90.68
2005,6,9,10,1,81,123.04,1257.4,0,2,0,0,123.04
2005,6,9,11,1,81,0,546.3,0,2,1,0,0
2005,6,9,11,1,81,73.87,24,0,2,1,0,73.87
2005,6,9,11,1,81,75.55,24,0,2,1,0,75.55
2005,6,9,11,1,81,77.13,24,0,2,1,0,77.13
2005,6,9,11,1,81,79.2,115,0,2,1,0,79.2
2005,6,9,11,1,81,81.67,115,0,2,0,0,81.67
2005,6,9,11,1,81,83.34,115,0,2,0,0,83.34
2005,6,9,11,1,81,123.04,1271.3,0,2,0,0,123.04
2005,6,9,12,1,81,0,585.4,0,2,1,0,0
2005,6,9,12,1,81,73.87,24,0,2,1,0,73.87
2005,6,9,12,1,81,75.55,24,0,2,1,0,75.55
2005,6,9,12,1,81,77.13,24,0,2,1,0,77.13
2005,6,9,12,1,81,79.2,115,0,2,1,0,79.2
2005,6,9,12,1,81,81.67,115,0,2,1,0,81.67
2005,6,9,12,1,81,83.34,115,0,2,1,0,83.34
2005,6,9,12,1,81,123.04,1232.2,0,2,0,0,123.04
2005,6,9,13,1,81,0,585.4,0,2,1,0,0
2005,6,9,13,1,81,73.87,24,0,2,1,0,73.87
2005,6,9,13,1,81,75.55,24,0,2,1,0,75.55
2005,6,9,13,1,81,77.13,24,0,2,1,0,77.13
2005,6,9,13,1,81,79.2,115,0,2,1,0,79.2
2005,6,9,13,1,81,81.67,115,0,2,1,0,81.67
2005,6,9,13,1,81,83.34,115,0,2,1,0,83.34
2005,6,9,13,1,81,123.04,1232.2,0,2,0,0,123.04
2005,6,9,14,1,81,0,585.4,0,2,1,0,0
2005,6,9,14,1,81,73.87,24,0,2,1,0,73.87
2005,6,9,14,1,81,75.55,24,0,2,1,0,75.55
2005,6,9,14,1,81,77.13,24,0,2,1,0,77.13
2005,6,9,14,1,81,79.2,115,0,2,1,0,79.2
2005,6,9,14,1,81,81.67,115,0,2,1,0,81.67
2005,6,9,14,1,81,83.34,115,0,2,1,0,83.34
2005,6,9,14,1,81,123.04,1232.2,0,2,0,0,123.04
2005,6,9,15,1,81,0,585.4,0,2,1,0,0
2005,6,9,15,1,81,73.87,24,0,2,1,0,73.87
2005,6,9,15,1,81,75.55,24,0,2,1,0,75.55
2005,6,9,15,1,81,77.13,24,0,2,1,0,77.13
2005,6,9,15,1,81,79.2,115,0,2,1,0,79.2
2005,6,9,15,1,81,81.67,20.8,0,2,1,0,81.67
2005,6,9,15,1,81,83.34,115,0,2,0,0,83.34
2005,6,9,15,1,81,123.04,1232.2,0,2,0,0,123.04
2005,6,9,16,1,81,0,585.4,0,2,1,0,0
2005,6,9,16,1,81,73.87,24,0,2,1,0,73.87
2005,6,9,16,1,81,75.55,24,0,2,1,0,75.55
2005,6,9,16,1,81,77.13,24,0,2,1,0,77.13
2005,6,9,16,1,81,79.2,115,0,2,1,0,79.2
2005,6,9,16,1,81,81.67,112.6,0,2,1,0,81.67
2005,6,9,16,1,81,83.34,115,0,2,0,0,83.34
2005,6,9,16,1,81,123.04,1232.2,0,2,0,0,123.04
2005,6,9,17,1,81,0,585.4,0,2,1,0,0
2005,6,9,17,1,81,73.87,24,0,2,1,0,73.87
2005,6,9,17,1,81,75.55,24,0,2,1,0,75.55
2005,6,9,17,1,81,77.13,24,0,2,1,0,77.13
2005,6,9,17,1,81,79.2,115,0,2,1,0,79.2
2005,6,9,17,1,81,81.67,115,0,2,1,0,81.67
2005,6,9,17,1,81,83.34,115,0,2,0,0,83.34
2005,6,9,17,1,81,123.04,1232.2,0,2,0,0,123.04
2005,6,9,18,1,81,0,585.4,0,2,1,0,0
2005,6,9,18,1,81,73.87,24,0,2,1,0,73.87
2005,6,9,18,1,81,75.55,24,0,2,1,0,75.55
2005,6,9,18,1,81,77.13,24,0,2,1,0,77.13
2005,6,9,18,1,81,79.2,115,0,2,1,0,79.2
2005,6,9,18,1,81,81.67,115,0,2,1,0,81.67
2005,6,9,18,1,81,83.34,99.4,0,2,1,0,83.34
2005,6,9,18,1,81,123.04,1232.2,0,2,0,0,123.04
2005,6,9,19,1,81,0,546.4,0,2,1,0,0
2005,6,9,19,1,81,73.87,24,0,2,1,0,73.87
2005,6,9,19,1,81,75.55,24,0,2,1,0,75.55
2005,6,9,19,1,81,77.13,24,0,2,1,0,77.13
2005,6,9,19,1,81,79.2,27.6,0,2,1,0,79.2
2005,6,9,19,1,81,81.67,115,0,2,0,0,81.67
2005,6,9,19,1,81,83.34,115,0,2,0,0,83.34
2005,6,9,19,1,81,123.04,1271.2,0,2,0,0,123.04
2005,6,9,20,1,81,0,423.4,0,2,1,0,0
2005,6,9,20,1,81,73.85,24,0,2,0,0,73.85
2005,6,9,20,1,81,75.53,24,0,2,0,0,75.53
2005,6,9,20,1,81,77.11,24,0,2,0,0,77.11
2005,6,9,20,1,81,79.18,115,0,2,0,0,79.18
2005,6,9,20,1,81,81.67,115,0,2,0,0,81.67
2005,6,9,20,1,81,83.32,115,0,2,0,0,83.32
2005,6,9,20,1,81,90.68,55,0,2,0,0,90.68
2005,6,9,20,1,81,123.04,1339.2,0,2,0,0,123.04
2005,6,9,21,1,81,0,376.4,0,2,1,0,0
2005,6,9,21,1,81,73.85,24,0,2,0,0,73.85
2005,6,9,21,1,81,75.53,24,0,2,0,0,75.53
2005,6,9,21,1,81,77.11,24,0,2,0,0,77.11
2005,6,9,21,1,81,79.18,115,0,2,0,0,79.18
2005,6,9,21,1,81,81.67,115,0,2,0,0,81.67
2005,6,9,21,1,81,83.32,115,0,2,0,0,83.32
2005,6,9,21,1,81,90.68,55,0,2,0,0,90.68
2005,6,9,21,1,81,123.04,1386.2,0,2,0,0,123.04
2005,6,9,22,1,81,0,361.4,0,2,1,0,0
2005,6,9,22,1,81,73.85,24,0,2,0,0,73.85
2005,6,9,22,1,81,75.53,24,0,2,0,0,75.53
2005,6,9,22,1,81,77.11,24,0,2,0,0,77.11
2005,6,9,22,1,81,79.18,115,0,2,0,0,79.18
2005,6,9,22,1,81,81.67,115,0,2,0,0,81.67
2005,6,9,22,1,81,83.32,115,0,2,0,0,83.32
2005,6,9,22,1,81,90.68,55,0,2,0,0,90.68
2005,6,9,22,1,81,123.04,1401.2,0,2,0,0,123.04
2005,6,9,23,1,81,0,310.9,0,2,1,0,0
2005,6,9,23,1,81,73.85,24,0,2,0,0,73.85
2005,6,9,23,1,81,75.53,24,0,2,0,0,75.53
2005,6,9,23,1,81,77.11,24,0,2,0,0,77.11
2005,6,9,23,1,81,79.18,115,0,2,0,0,79.18
2005,6,9,23,1,81,81.67,115,0,2,0,0,81.67
2005,6,9,23,1,81,83.32,115,0,2,0,0,83.32
2005,6,9,23,1,81,90.68,55,0,2,0,0,90.68
2005,6,9,23,1,81,123.04,1451.7,0,2,0,0,123.04
2005,6,9,24,1,81,0,220.4,0,2,1,0,0
2005,6,9,24,1,81,73.85,24,0,2,0,0,73.85
2005,6,9,24,1,81,75.53,24,0,2,0,0,75.53
2005,6,9,24,1,81,77.11,24,0,2,0,0,77.11
2005,6,9,24,1,81,79.18,115,0,2,0,0,79.18
2005,6,9,24,1,81,81.67,115,0,2,0,0,81.67
2005,6,9,24,1,81,83.32,115,0,2,0,0,83.32
2005,6,9,24,1,81,90.68,55,0,2,0,0,90.68
2005,6,9,24,1,81,123.04,1542.2,0,2,0,0,123.04
2005,6,9,1,9,82,180.3,12.7,0,1,1,0,180.3
2005,6,9,2,9,82,180.3,12,0,1,1,0,180.3
2005,6,9,3,9,82,180.3,11.9,0,1,1,0,180.3
2005,6,9,4,9,82,180.3,11.7,0,1,1,0,180.3
2005,6,9,5,9,82,180.3,11.5,0,1,1,0,180.3
2005,6,9,6,9,82,180.3,11.4,0,1,1,0,180.3
2005,6,9,7,9,82,180.3,10.9,0,1,1,0,180.3
2005,6,9,8,9,82,180.3,10.8,0,1,1,0,180.3
2005,6,9,9,9,82,180.3,10.5,0,1,1,0,180.3
2005,6,9,10,9,82,180.3,11.2,0,1,1,0,180.3
2005,6,9,11,9,82,180.3,11.8,0,1,1,0,180.3
2005,6,9,12,9,82,180.3,12.2,0,1,1,0,180.3
2005,6,9,13,9,82,180.3,12.5,0,1,1,0,180.3
2005,6,9,14,9,82,180.3,12.3,0,1,1,0,180.3
2005,6,9,15,9,82,180.3,12.2,0,1,1,0,180.3
2005,6,9,16,9,82,180.3,12.1,0,1,1,0,180.3
2005,6,9,17,9,82,180.3,12.1,0,1,1,0,180.3
2005,6,9,18,9,82,180.3,11.7,0,1,1,0,180.3
2005,6,9,19,9,82,180.3,11.5,0,1,1,0,180.3
2005,6,9,20,9,82,180.3,11.6,0,1,1,0,180.3
2005,6,9,21,9,82,180.3,12.2,0,1,1,0,180.3
2005,6,9,22,9,82,180.3,13.6,0,1,1,0,180.3
2005,6,9,23,9,82,180.3,13.9,0,1,1,0,180.3
2005,6,9,24,9,82,180.3,12.6,0,1,1,0,180.3
2005,6,9,1,9,83,180,.2,0,1,1,0,180
2005,6,9,2,9,83,180,.2,0,1,1,0,180
2005,6,9,3,9,83,180,.2,0,1,1,0,180
2005,6,9,4,9,83,180,.2,0,1,1,0,180
2005,6,9,5,9,83,180,.2,0,1,1,0,180
2005,6,9,6,9,83,180,.2,0,1,1,0,180
2005,6,9,7,9,83,180,.4,0,1,1,0,180
2005,6,9,8,9,83,180,.5,0,1,1,0,180
2005,6,9,9,9,83,180,.5,0,1,1,0,180
2005,6,9,10,9,83,180,.5,0,1,1,0,180
2005,6,9,11,9,83,180,.5,0,1,1,0,180
2005,6,9,12,9,83,180,.5,0,1,1,0,180
2005,6,9,13,9,83,180,.6,0,1,1,0,180
2005,6,9,14,9,83,180,.6,0,1,1,0,180
2005,6,9,15,9,83,180,.6,0,1,1,0,180
2005,6,9,16,9,83,180,.6,0,1,1,0,180
2005,6,9,17,9,83,180,.6,0,1,1,0,180
2005,6,9,18,9,83,180,.6,0,1,1,0,180
2005,6,9,19,9,83,180,.5,0,1,1,0,180
2005,6,9,20,9,83,180,.6,0,1,1,0,180
2005,6,9,21,9,83,180,.5,0,1,1,0,180
2005,6,9,22,9,83,180,.4,0,1,1,0,180
2005,6,9,23,9,83,180,.3,0,1,1,0,180
2005,6,9,24,9,83,180,.3,0,1,1,0,180
2005,6,9,1,1,84,0,41.4,0,2,1,0,0
2005,6,9,1,1,84,124.33,81.6,0,2,0,0,124.33
2005,6,9,2,1,84,0,41.4,0,2,1,0,0
2005,6,9,2,1,84,124.33,81.6,0,2,0,0,124.33
2005,6,9,3,1,84,0,41.4,0,2,1,0,0
2005,6,9,3,1,84,124.33,81.6,0,2,0,0,124.33
2005,6,9,4,1,84,0,41.5,0,2,1,0,0
2005,6,9,4,1,84,124.33,81.5,0,2,0,0,124.33
2005,6,9,5,1,84,0,41.5,0,2,1,0,0
2005,6,9,5,1,84,124.33,81.5,0,2,0,0,124.33
2005,6,9,6,1,84,0,41.5,0,2,1,0,0
2005,6,9,6,1,84,124.33,81.5,0,2,0,0,124.33
2005,6,9,7,1,84,0,41.5,0,2,1,0,0
2005,6,9,7,1,84,124.33,81.5,0,2,0,0,124.33
2005,6,9,8,1,84,0,36.2,0,2,1,0,0
2005,6,9,8,1,84,124.33,86.8,0,2,0,0,124.33
2005,6,9,9,1,84,0,34.3,0,2,1,0,0
2005,6,9,9,1,84,124.33,88.7,0,2,0,0,124.33
2005,6,9,10,1,84,0,34.3,0,2,1,0,0
2005,6,9,10,1,84,124.33,88.7,0,2,0,0,124.33
2005,6,9,11,1,84,0,53.5,0,2,1,0,0
2005,6,9,11,1,84,124.33,69.5,0,2,0,0,124.33
2005,6,9,12,1,84,0,74.1,0,2,1,0,0
2005,6,9,12,1,84,124.33,48.9,0,2,0,0,124.33
2005,6,9,13,1,84,0,74.2,0,2,1,0,0
2005,6,9,13,1,84,124.33,48.8,0,2,0,0,124.33
2005,6,9,14,1,84,0,79.7,0,2,1,0,0
2005,6,9,14,1,84,124.33,43.3,0,2,0,0,124.33
2005,6,9,15,1,84,0,80.6,0,2,1,0,0
2005,6,9,15,1,84,124.33,42.4,0,2,0,0,124.33
2005,6,9,16,1,84,0,40.7,0,2,1,0,0
2005,6,9,16,1,84,124.33,82.3,0,2,0,0,124.33
2005,6,9,17,1,84,0,40.6,0,2,1,0,0
2005,6,9,17,1,84,124.33,82.4,0,2,0,0,124.33
2005,6,9,18,1,84,0,40.2,0,2,1,0,0
2005,6,9,18,1,84,124.33,82.8,0,2,0,0,124.33
2005,6,9,19,1,84,0,40.1,0,2,1,0,0
2005,6,9,19,1,84,124.33,82.9,0,2,0,0,124.33
2005,6,9,20,1,84,0,40.1,0,2,1,0,0
2005,6,9,20,1,84,124.33,82.9,0,2,0,0,124.33
2005,6,9,21,1,84,0,40.3,0,2,1,0,0
2005,6,9,21,1,84,124.33,82.7,0,2,0,0,124.33
2005,6,9,22,1,84,0,40,0,2,1,0,0
2005,6,9,22,1,84,124.33,83,0,2,0,0,124.33
2005,6,9,23,1,84,0,40,0,2,1,0,0
2005,6,9,23,1,84,124.33,83,0,2,0,0,124.33
2005,6,9,24,1,84,0,40,0,2,1,0,0
2005,6,9,24,1,84,124.33,83,0,2,0,0,124.33
2005,6,9,1,2,85,0,105.4,0,2,1,0,0
2005,6,9,1,2,85,67.51,17.5,0,2,0,0,67.51
2005,6,9,1,2,85,70.02,17.5,0,2,0,0,70.02
2005,6,9,1,2,85,72.53,17.5,0,2,0,0,72.53
2005,6,9,1,2,85,75.04,17.5,0,2,0,0,75.04
2005,6,9,2,2,85,0,105.4,0,2,1,0,0
2005,6,9,2,2,85,67.51,17.5,0,2,0,0,67.51
2005,6,9,2,2,85,70.02,17.5,0,2,0,0,70.02
2005,6,9,2,2,85,72.53,17.5,0,2,0,0,72.53
2005,6,9,2,2,85,75.04,17.5,0,2,0,0,75.04
2005,6,9,3,2,85,0,105.4,0,2,1,0,0
2005,6,9,3,2,85,67.51,17.5,0,2,0,0,67.51
2005,6,9,3,2,85,70.02,17.5,0,2,0,0,70.02
2005,6,9,3,2,85,72.53,17.5,0,2,0,0,72.53
2005,6,9,3,2,85,75.04,17.5,0,2,0,0,75.04
2005,6,9,4,2,85,0,105.5,0,2,1,0,0
2005,6,9,4,2,85,67.51,17.5,0,2,0,0,67.51
2005,6,9,4,2,85,70.02,17.5,0,2,0,0,70.02
2005,6,9,4,2,85,72.53,17.5,0,2,0,0,72.53
2005,6,9,4,2,85,75.04,17.5,0,2,0,0,75.04
2005,6,9,5,2,85,0,105.5,0,2,1,0,0
2005,6,9,5,2,85,67.51,17.5,0,2,0,0,67.51
2005,6,9,5,2,85,70.02,17.5,0,2,0,0,70.02
2005,6,9,5,2,85,72.53,17.5,0,2,0,0,72.53
2005,6,9,5,2,85,75.04,17.5,0,2,0,0,75.04
2005,6,9,6,2,85,0,105.5,0,2,1,0,0
2005,6,9,6,2,85,67.51,17.5,0,2,0,0,67.51
2005,6,9,6,2,85,70.02,17.5,0,2,0,0,70.02
2005,6,9,6,2,85,72.53,17.5,0,2,0,0,72.53
2005,6,9,6,2,85,75.04,17.5,0,2,0,0,75.04
2005,6,9,7,2,85,0,117.5,0,2,1,0,0
2005,6,9,7,2,85,67.51,17.5,0,2,0,0,67.51
2005,6,9,7,2,85,70.02,17.5,0,2,0,0,70.02
2005,6,9,7,2,85,72.53,17.5,0,2,0,0,72.53
2005,6,9,7,2,85,75.04,17.5,0,2,0,0,75.04
2005,6,9,8,2,85,0,117.5,0,2,1,0,0
2005,6,9,8,2,85,67.51,17.5,0,2,0,0,67.51
2005,6,9,8,2,85,70.02,17.5,0,2,0,0,70.02
2005,6,9,8,2,85,72.53,17.5,0,2,0,0,72.53
2005,6,9,8,2,85,75.04,17.5,0,2,0,0,75.04
2005,6,9,9,2,85,0,117.5,0,2,1,0,0
2005,6,9,9,2,85,67.51,17.5,0,2,0,0,67.51
2005,6,9,9,2,85,70.02,17.5,0,2,0,0,70.02
2005,6,9,9,2,85,72.53,17.5,0,2,0,0,72.53
2005,6,9,9,2,85,75.04,17.5,0,2,0,0,75.04
2005,6,9,10,2,85,0,144.9,0,2,1,0,0
2005,6,9,10,2,85,67.51,8.8,0,2,1,0,67.51
2005,6,9,10,2,85,70.02,8.8,0,2,1,0,70.02
2005,6,9,10,2,85,72.53,8.8,0,2,1,0,72.53
2005,6,9,10,2,85,75.04,8.8,0,2,0,0,75.04
2005,6,9,11,2,85,0,188.6,0,2,1,0,0
2005,6,9,12,2,85,0,188.6,0,2,1,0,0
2005,6,9,13,2,85,0,188.6,0,2,1,0,0
2005,6,9,14,2,85,0,188.6,0,2,1,0,0
2005,6,9,15,2,85,0,188.6,0,2,1,0,0
2005,6,9,16,2,85,0,188.5,0,2,1,0,0
2005,6,9,17,2,85,0,188.5,0,2,1,0,0
2005,6,9,18,2,85,0,188.5,0,2,1,0,0
2005,6,9,19,2,85,0,188.5,0,2,1,0,0
2005,6,9,20,2,85,0,172.8,0,2,1,0,0
2005,6,9,21,2,85,0,144.8,0,2,1,0,0
2005,6,9,21,2,85,67.51,8.8,0,2,0,0,67.51
2005,6,9,21,2,85,70.02,8.8,0,2,0,0,70.02
2005,6,9,21,2,85,72.53,8.8,0,2,0,0,72.53
2005,6,9,21,2,85,75.04,8.8,0,2,0,0,75.04
2005,6,9,22,2,85,0,139.4,0,2,1,0,0
2005,6,9,22,2,85,67.51,8.8,0,2,0,0,67.51
2005,6,9,22,2,85,70.02,8.8,0,2,0,0,70.02
2005,6,9,22,2,85,72.53,8.8,0,2,0,0,72.53
2005,6,9,22,2,85,75.04,8.8,0,2,0,0,75.04
2005,6,9,23,2,85,0,117.4,0,2,1,0,0
2005,6,9,23,2,85,67.51,17.5,0,2,0,0,67.51
2005,6,9,23,2,85,70.02,17.5,0,2,0,0,70.02
2005,6,9,23,2,85,72.53,17.5,0,2,0,0,72.53
2005,6,9,23,2,85,75.04,17.5,0,2,0,0,75.04
2005,6,9,24,2,85,0,117.4,0,2,1,0,0
2005,6,9,24,2,85,67.51,17.5,0,2,0,0,67.51
2005,6,9,24,2,85,70.02,17.5,0,2,0,0,70.02
2005,6,9,24,2,85,72.53,17.5,0,2,0,0,72.53
2005,6,9,24,2,85,75.04,17.5,0,2,0,0,75.04
2005,6,9,1,2,86,0,545.7,0,2,1,0,0
2005,6,9,1,2,86,67.51,39,0,2,0,0,67.51
2005,6,9,1,2,86,70.02,39,0,2,0,0,70.02
2005,6,9,1,2,86,72.53,39,0,2,0,0,72.53
2005,6,9,1,2,86,75.04,39,0,2,0,0,75.04
2005,6,9,2,2,86,0,480.4,0,2,1,0,0
2005,6,9,2,2,86,67.51,39,0,2,0,0,67.51
2005,6,9,2,2,86,70.02,39,0,2,0,0,70.02
2005,6,9,2,2,86,72.53,39,0,2,0,0,72.53
2005,6,9,2,2,86,75.04,39,0,2,0,0,75.04
2005,6,9,3,2,86,0,456.2,0,2,1,0,0
2005,6,9,3,2,86,67.51,39,0,2,0,0,67.51
2005,6,9,3,2,86,70.02,39,0,2,0,0,70.02
2005,6,9,3,2,86,72.53,39,0,2,0,0,72.53
2005,6,9,3,2,86,75.04,39,0,2,0,0,75.04
2005,6,9,4,2,86,0,441.7,0,2,1,0,0
2005,6,9,4,2,86,67.51,39,0,2,0,0,67.51
2005,6,9,4,2,86,70.02,39,0,2,0,0,70.02
2005,6,9,4,2,86,72.53,39,0,2,0,0,72.53
2005,6,9,4,2,86,75.04,39,0,2,0,0,75.04
2005,6,9,5,2,86,0,439.5,0,2,1,0,0
2005,6,9,5,2,86,67.51,39,0,2,0,0,67.51
2005,6,9,5,2,86,70.02,39,0,2,0,0,70.02
2005,6,9,5,2,86,72.53,39,0,2,0,0,72.53
2005,6,9,5,2,86,75.04,39,0,2,0,0,75.04
2005,6,9,6,2,86,0,435.2,0,2,1,0,0
2005,6,9,6,2,86,67.51,39,0,2,0,0,67.51
2005,6,9,6,2,86,70.02,39,0,2,0,0,70.02
2005,6,9,6,2,86,72.53,39,0,2,0,0,72.53
2005,6,9,6,2,86,75.04,39,0,2,0,0,75.04
2005,6,9,7,2,86,0,469,0,2,1,0,0
2005,6,9,7,2,86,67.51,39,0,2,0,0,67.51
2005,6,9,7,2,86,70.02,39,0,2,0,0,70.02
2005,6,9,7,2,86,72.53,39,0,2,0,0,72.53
2005,6,9,7,2,86,75.04,39,0,2,0,0,75.04
2005,6,9,8,2,86,0,575,0,2,1,0,0
2005,6,9,8,2,86,67.51,22.5,0,2,0,0,67.51
2005,6,9,8,2,86,70.02,22.5,0,2,0,0,70.02
2005,6,9,8,2,86,72.53,22.5,0,2,0,0,72.53
2005,6,9,8,2,86,75.04,22.5,0,2,0,0,75.04
2005,6,9,9,2,86,0,629.3,0,2,1,0,0
2005,6,9,9,2,86,67.51,22.5,0,2,0,0,67.51
2005,6,9,9,2,86,70.02,22.5,0,2,0,0,70.02
2005,6,9,9,2,86,72.53,22.5,0,2,0,0,72.53
2005,6,9,9,2,86,75.04,22.5,0,2,0,0,75.04
2005,6,9,10,2,86,0,679.6,0,2,1,0,0
2005,6,9,10,2,86,67.51,22.5,0,2,1,0,67.51
2005,6,9,10,2,86,70.02,22.5,0,2,1,0,70.02
2005,6,9,10,2,86,72.53,22.5,0,2,1,0,72.53
2005,6,9,10,2,86,75.04,22.5,0,2,0,0,75.04
2005,6,9,11,2,86,0,934.5,0,2,1,0,0
2005,6,9,12,2,86,0,935.5,0,2,1,0,0
2005,6,9,13,2,86,0,936.7,0,2,1,0,0
2005,6,9,14,2,86,0,916.8,0,2,1,0,0
2005,6,9,15,2,86,0,873.6,0,2,1,0,0
2005,6,9,16,2,86,0,875.7,0,2,1,0,0
2005,6,9,17,2,86,0,945.4,0,2,1,0,0
2005,6,9,18,2,86,0,919.3,0,2,1,0,0
2005,6,9,19,2,86,0,910.4,0,2,1,0,0
2005,6,9,20,2,86,0,783,0,2,1,0,0
2005,6,9,20,2,86,67.51,22.5,0,2,1,0,67.51
2005,6,9,20,2,86,70.02,22.5,0,2,1,0,70.02
2005,6,9,20,2,86,72.53,22.5,0,2,1,0,72.53
2005,6,9,20,2,86,75.04,22.5,0,2,0,0,75.04
2005,6,9,21,2,86,0,749.7,0,2,1,0,0
2005,6,9,21,2,86,67.51,22.5,0,2,0,0,67.51
2005,6,9,21,2,86,70.02,22.5,0,2,0,0,70.02
2005,6,9,21,2,86,72.53,22.5,0,2,0,0,72.53
2005,6,9,21,2,86,75.04,22.5,0,2,0,0,75.04
2005,6,9,22,2,86,0,643.4,0,2,1,0,0
2005,6,9,22,2,86,67.51,22.5,0,2,0,0,67.51
2005,6,9,22,2,86,70.02,22.5,0,2,0,0,70.02
2005,6,9,22,2,86,72.53,22.5,0,2,0,0,72.53
2005,6,9,22,2,86,75.04,22.5,0,2,0,0,75.04
2005,6,9,23,2,86,0,642.3,0,2,1,0,0
2005,6,9,23,2,86,67.51,22.5,0,2,0,0,67.51
2005,6,9,23,2,86,70.02,22.5,0,2,0,0,70.02
2005,6,9,23,2,86,72.53,22.5,0,2,0,0,72.53
2005,6,9,23,2,86,75.04,22.5,0,2,0,0,75.04
2005,6,9,24,2,86,0,631.1,0,2,1,0,0
2005,6,9,24,2,86,67.51,22.5,0,2,0,0,67.51
2005,6,9,24,2,86,70.02,22.5,0,2,0,0,70.02
2005,6,9,24,2,86,72.53,22.5,0,2,0,0,72.53
2005,6,9,24,2,86,75.04,22.5,0,2,0,0,75.04
2005,6,9,1,6,1050,0,142,.955796,2,1,0,0
2005,6,9,2,6,1050,0,142,.955796,2,1,0,0
2005,6,9,3,6,1050,0,142,.955796,2,1,0,0
2005,6,9,4,6,1050,0,142,.955796,2,1,0,0
2005,6,9,5,6,1050,0,142,.955796,2,1,0,0
2005,6,9,6,6,1050,0,142,.955796,2,1,0,0
2005,6,9,7,6,1050,0,142,.955796,2,1,0,0
2005,6,9,8,6,1050,0,142,.955796,2,1,0,0
2005,6,9,9,6,1050,0,142,.955796,2,1,0,0
2005,6,9,10,6,1050,0,142,.955796,2,1,0,0
2005,6,9,11,6,1050,0,142,.955796,2,1,0,0
2005,6,9,12,6,1050,0,142,.955796,2,1,0,0
2005,6,9,13,6,1050,0,125,.955796,2,1,0,0
2005,6,9,13,6,1050,150,17,.955796,2,0,0,150
2005,6,9,14,6,1050,0,125,.955796,2,1,0,0
2005,6,9,14,6,1050,150,17,.955796,2,0,0,150
2005,6,9,15,6,1050,0,125,.955796,2,1,0,0
2005,6,9,15,6,1050,150,17,.955796,2,0,0,150
2005,6,9,16,6,1050,0,125,.955796,2,1,0,0
2005,6,9,16,6,1050,150,17,.955796,2,0,0,150
2005,6,9,17,6,1050,0,125,.955796,2,1,0,0
2005,6,9,17,6,1050,150,17,.955796,2,0,0,150
2005,6,9,18,6,1050,0,125,.955796,2,1,0,0
2005,6,9,18,6,1050,150,17,.955796,2,0,0,150
2005,6,9,19,6,1050,0,125,.955796,2,1,0,0
2005,6,9,19,6,1050,150,17,.955796,2,0,0,150
2005,6,9,20,6,1050,0,125,.955796,2,1,0,0
2005,6,9,20,6,1050,150,17,.955796,2,0,0,150
2005,6,9,21,6,1050,0,125,.955796,2,1,0,0
2005,6,9,21,6,1050,150,17,.955796,2,0,0,150
2005,6,9,22,6,1050,0,142,.955796,2,1,0,0
2005,6,9,23,6,1050,0,142,.955796,2,1,0,0
2005,6,9,24,6,1050,0,142,.955796,2,1,0,0
2005,6,9,1,9,88,0,14.6,0,2,1,0,0
2005,6,9,2,9,88,0,14.7,0,2,1,0,0
2005,6,9,3,9,88,0,14.7,0,2,1,0,0
2005,6,9,4,9,88,0,14.8,0,2,1,0,0
2005,6,9,5,9,88,0,14.9,0,2,1,0,0
2005,6,9,6,9,88,0,14.9,0,2,1,0,0
2005,6,9,7,9,88,0,14.7,0,2,1,0,0
2005,6,9,8,9,88,0,14.6,0,2,1,0,0
2005,6,9,9,9,88,0,14.5,0,2,1,0,0
2005,6,9,10,9,88,0,14.4,0,2,1,0,0
2005,6,9,11,9,88,0,14.3,0,2,1,0,0
2005,6,9,12,9,88,0,14.2,0,2,1,0,0
2005,6,9,13,9,88,0,14.2,0,2,1,0,0
2005,6,9,14,9,88,0,14.1,0,2,1,0,0
2005,6,9,15,9,88,0,14.1,0,2,1,0,0
2005,6,9,16,9,88,0,14,0,2,1,0,0
2005,6,9,17,9,88,0,14,0,2,1,0,0
2005,6,9,18,9,88,0,14.1,0,2,1,0,0
2005,6,9,19,9,88,0,14.2,0,2,1,0,0
2005,6,9,20,9,88,0,14.2,0,2,1,0,0
2005,6,9,21,9,88,0,14.3,0,2,1,0,0
2005,6,9,22,9,88,0,14.4,0,2,1,0,0
2005,6,9,23,9,88,0,14.5,0,2,1,0,0
2005,6,9,24,9,88,0,14.6,0,2,1,0,0
2005,6,9,1,6,1051,100.65,37,1.3035,2,0,0,46.720685
2005,6,9,1,6,1051,120.65,3,1.3035,2,0,0,120.65
2005,6,9,1,6,1051,180,25,1.3035,2,0,0,180
2005,6,9,2,6,1051,100.65,37,1.3035,2,0,0,46.720685
2005,6,9,2,6,1051,120.65,3,1.3035,2,0,0,120.65
2005,6,9,2,6,1051,180,25,1.3035,2,0,0,180
2005,6,9,3,6,1051,100.65,37,1.3035,2,0,0,46.720685
2005,6,9,3,6,1051,120.65,3,1.3035,2,0,0,120.65
2005,6,9,3,6,1051,180,25,1.3035,2,0,0,180
2005,6,9,4,6,1051,100.65,37,1.3035,2,0,0,46.720685
2005,6,9,4,6,1051,120.65,3,1.3035,2,0,0,120.65
2005,6,9,4,6,1051,180,25,1.3035,2,0,0,180
2005,6,9,5,6,1051,100.65,37,1.3035,2,0,0,46.720685
2005,6,9,5,6,1051,120.65,3,1.3035,2,0,0,120.65
2005,6,9,5,6,1051,180,25,1.3035,2,0,0,180
2005,6,9,6,6,1051,100.65,37,1.3035,2,0,0,46.720685
2005,6,9,6,6,1051,120.65,3,1.3035,2,0,0,120.65
2005,6,9,6,6,1051,180,25,1.3035,2,0,0,180
2005,6,9,7,6,1051,100.65,37,1.3035,2,0,0,46.720685
2005,6,9,7,6,1051,120.65,3,1.3035,2,0,0,120.65
2005,6,9,7,6,1051,180,25,1.3035,2,0,0,180
2005,6,9,8,6,1051,100.65,37,1.3035,2,0,0,46.720685
2005,6,9,8,6,1051,120.65,3,1.3035,2,0,0,120.65
2005,6,9,8,6,1051,180,25,1.3035,2,0,0,180
2005,6,9,9,6,1051,100.65,37,1.3035,2,0,0,46.720685
2005,6,9,9,6,1051,120.65,3,1.3035,2,0,0,120.65
2005,6,9,9,6,1051,180,25,1.3035,2,0,0,180
2005,6,9,10,6,1051,100.65,37,1.3035,2,0,0,46.720685
2005,6,9,10,6,1051,120.65,3,1.3035,2,0,0,120.65
2005,6,9,10,6,1051,180,25,1.3035,2,0,0,180
2005,6,9,11,6,1051,100.65,37,1.3035,2,0,0,46.720685
2005,6,9,11,6,1051,120.65,3,1.3035,2,0,0,120.65
2005,6,9,11,6,1051,180,25,1.3035,2,0,0,180
2005,6,9,12,6,1051,100.65,37,1.3035,2,0,0,46.720685
2005,6,9,12,6,1051,120.65,3,1.3035,2,0,0,120.65
2005,6,9,12,6,1051,180,25,1.3035,2,0,0,180
2005,6,9,13,6,1051,100.65,37,1.3035,2,0,0,46.720685
2005,6,9,13,6,1051,120.65,3,1.3035,2,0,0,120.65
2005,6,9,13,6,1051,180,25,1.3035,2,0,0,180
2005,6,9,14,6,1051,100.65,37,1.3035,2,0,0,46.720685
2005,6,9,14,6,1051,120.65,3,1.3035,2,0,0,120.65
2005,6,9,14,6,1051,180,25,1.3035,2,0,0,180
2005,6,9,15,6,1051,100.65,37,1.3035,2,0,0,46.720685
2005,6,9,15,6,1051,120.65,3,1.3035,2,0,0,120.65
2005,6,9,15,6,1051,180,25,1.3035,2,0,0,180
2005,6,9,16,6,1051,100.65,37,1.3035,2,0,0,46.720685
2005,6,9,16,6,1051,120.65,3,1.3035,2,0,0,120.65
2005,6,9,16,6,1051,180,25,1.3035,2,0,0,180
2005,6,9,17,6,1051,100.65,37,1.3035,2,0,0,46.720685
2005,6,9,17,6,1051,120.65,3,1.3035,2,0,0,120.65
2005,6,9,17,6,1051,180,25,1.3035,2,0,0,180
2005,6,9,18,6,1051,100.65,37,1.3035,2,0,0,46.720685
2005,6,9,18,6,1051,120.65,3,1.3035,2,0,0,120.65
2005,6,9,18,6,1051,180,25,1.3035,2,0,0,180
2005,6,9,19,6,1051,100.65,37,1.3035,2,0,0,46.720685
2005,6,9,19,6,1051,120.65,3,1.3035,2,0,0,120.65
2005,6,9,19,6,1051,180,25,1.3035,2,0,0,180
2005,6,9,20,6,1051,100.65,37,1.3035,2,0,0,46.720685
2005,6,9,20,6,1051,120.65,3,1.3035,2,0,0,120.65
2005,6,9,20,6,1051,180,25,1.3035,2,0,0,180
2005,6,9,21,6,1051,100.65,37,1.3035,2,0,0,46.720685
2005,6,9,21,6,1051,120.65,3,1.3035,2,0,0,120.65
2005,6,9,21,6,1051,180,25,1.3035,2,0,0,180
2005,6,9,22,6,1051,100.65,37,1.3035,2,0,0,46.720685
2005,6,9,22,6,1051,120.65,3,1.3035,2,0,0,120.65
2005,6,9,22,6,1051,180,25,1.3035,2,0,0,180
2005,6,9,23,6,1051,100.65,37,1.3035,2,0,0,46.720685
2005,6,9,23,6,1051,120.65,3,1.3035,2,0,0,120.65
2005,6,9,23,6,1051,180,25,1.3035,2,0,0,180
2005,6,9,24,6,1051,100.65,37,1.3035,2,0,0,46.720685
2005,6,9,24,6,1051,120.65,3,1.3035,2,0,0,120.65
2005,6,9,24,6,1051,180,25,1.3035,2,0,0,180
2005,6,9,1,4,90,0,43.8,0,2,1,0,0
2005,6,9,2,4,90,0,34.3,0,2,1,0,0
2005,6,9,3,4,90,0,28.3,0,2,1,0,0
2005,6,9,4,4,90,0,25.6,0,2,1,0,0
2005,6,9,5,4,90,0,23.7,0,2,1,0,0
2005,6,9,6,4,90,0,22.5,0,2,1,0,0
2005,6,9,7,4,90,0,22.7,0,2,1,0,0
2005,6,9,8,4,90,0,22.1,0,2,1,0,0
2005,6,9,9,4,90,0,20.7,0,2,1,0,0
2005,6,9,10,4,90,0,23.7,0,2,1,0,0
2005,6,9,11,4,90,0,21.3,0,2,1,0,0
2005,6,9,12,4,90,0,19.2,0,2,1,0,0
2005,6,9,13,4,90,0,18.9,0,2,1,0,0
2005,6,9,14,4,90,0,19.2,0,2,1,0,0
2005,6,9,15,4,90,0,22.3,0,2,1,0,0
2005,6,9,16,4,90,0,29.9,0,2,1,0,0
2005,6,9,17,4,90,0,40.3,0,2,1,0,0
2005,6,9,18,4,90,0,53.5,0,2,1,0,0
2005,6,9,19,4,90,0,64.9,0,2,1,0,0
2005,6,9,20,4,90,0,74.3,0,2,1,0,0
2005,6,9,21,4,90,0,82,0,2,1,0,0
2005,6,9,22,4,90,0,87.7,0,2,1,0,0
2005,6,9,23,4,90,0,91.6,0,2,1,0,0
2005,6,9,24,4,90,0,93.6,0,2,1,0,0
2005,6,9,1,4,91,0,33,0,2,1,0,0
2005,6,9,2,4,91,0,32.5,0,2,1,0,0
2005,6,9,3,4,91,0,31.2,0,2,1,0,0
2005,6,9,4,4,91,0,29.1,0,2,1,0,0
2005,6,9,5,4,91,0,26.3,0,2,1,0,0
2005,6,9,6,4,91,0,22.7,0,2,1,0,0
2005,6,9,7,4,91,0,19.9,0,2,1,0,0
2005,6,9,8,4,91,0,18.1,0,2,1,0,0
2005,6,9,9,4,91,0,17.2,0,2,1,0,0
2005,6,9,10,4,91,0,17.1,0,2,1,0,0
2005,6,9,11,4,91,0,18,0,2,1,0,0
2005,6,9,12,4,91,0,19.7,0,2,1,0,0
2005,6,9,13,4,91,0,21.4,0,2,1,0,0
2005,6,9,14,4,91,0,23,0,2,1,0,0
2005,6,9,15,4,91,0,24.6,0,2,1,0,0
2005,6,9,16,4,91,0,26.1,0,2,1,0,0
2005,6,9,17,4,91,0,27.6,0,2,1,0,0
2005,6,9,18,4,91,0,29,0,2,1,0,0
2005,6,9,19,4,91,0,30.2,0,2,1,0,0
2005,6,9,20,4,91,0,31.2,0,2,1,0,0
2005,6,9,21,4,91,0,32.1,0,2,1,0,0
2005,6,9,22,4,91,0,32.8,0,2,1,0,0
2005,6,9,23,4,91,0,33.3,0,2,1,0,0
2005,6,9,24,4,91,0,33.6,0,2,1,0,0
2005,6,9,1,4,92,0,212.1,0,2,1,0,0
2005,6,9,2,4,92,0,178.7,0,2,1,0,0
2005,6,9,3,4,92,0,167.7,0,2,1,0,0
2005,6,9,4,4,92,0,157.2,0,2,1,0,0
2005,6,9,5,4,92,0,147.1,0,2,1,0,0
2005,6,9,6,4,92,0,137.6,0,2,1,0,0
2005,6,9,7,4,92,0,130.2,0,2,1,0,0
2005,6,9,8,4,92,0,137,0,2,1,0,0
2005,6,9,9,4,92,0,145,0,2,1,0,0
2005,6,9,10,4,92,0,149.3,0,2,1,0,0
2005,6,9,11,4,92,0,180.1,0,2,1,0,0
2005,6,9,12,4,92,0,183.6,0,2,1,0,0
2005,6,9,13,4,92,0,188.7,0,2,1,0,0
2005,6,9,14,4,92,0,195.3,0,2,1,0,0
2005,6,9,15,4,92,0,203.5,0,2,1,0,0
2005,6,9,16,4,92,0,213.3,0,2,1,0,0
2005,6,9,17,4,92,0,224.6,0,2,1,0,0
2005,6,9,18,4,92,0,237.5,0,2,1,0,0
2005,6,9,19,4,92,0,248.5,0,2,1,0,0
2005,6,9,20,4,92,0,228.2,0,2,1,0,0
2005,6,9,21,4,92,0,235.4,0,2,1,0,0
2005,6,9,22,4,92,0,240.7,0,2,1,0,0
2005,6,9,23,4,92,0,238.9,0,2,1,0,0
2005,6,9,24,4,92,0,240.4,0,2,1,0,0
2005,6,9,1,9,93,0,.1,0,1,0,0,0
2005,6,9,2,9,93,0,.1,0,1,0,0,0
2005,6,9,3,9,93,0,.1,0,1,0,0,0
2005,6,9,4,9,93,0,.1,0,1,0,0,0
2005,6,9,5,9,93,0,.1,0,1,0,0,0
2005,6,9,6,9,93,0,.1,0,1,0,0,0
2005,6,9,7,9,93,0,.1,0,1,0,0,0
2005,6,9,8,9,93,0,.1,0,1,0,0,0
2005,6,9,9,9,93,0,.1,0,1,0,0,0
2005,6,9,10,9,93,0,.1,0,1,0,0,0
2005,6,9,11,9,93,0,.1,0,1,0,0,0
2005,6,9,12,9,93,0,.1,0,1,0,0,0
2005,6,9,13,9,93,0,.1,0,1,0,0,0
2005,6,9,14,9,93,0,.1,0,1,0,0,0
2005,6,9,15,9,93,0,.1,0,1,0,0,0
2005,6,9,16,9,93,0,.1,0,1,0,0,0
2005,6,9,17,9,93,0,.1,0,1,0,0,0
2005,6,9,18,9,93,0,.1,0,1,0,0,0
2005,6,9,19,9,93,0,.1,0,1,0,0,0
2005,6,9,20,9,93,0,.1,0,1,0,0,0
2005,6,9,21,9,93,0,.1,0,1,0,0,0
2005,6,9,22,9,93,0,.1,0,1,0,0,0
2005,6,9,23,9,93,0,.1,0,1,0,0,0
2005,6,9,24,9,93,0,.1,0,1,0,0,0
2005,6,9,1,9,94,0,50,0,2,1,0,0
2005,6,9,2,9,94,0,50,0,2,1,0,0
2005,6,9,3,9,94,0,50,0,2,1,0,0
2005,6,9,4,9,94,0,50,0,2,1,0,0
2005,6,9,5,9,94,0,50,0,2,1,0,0
2005,6,9,6,9,94,0,50,0,2,1,0,0
2005,6,9,7,9,94,0,225,0,2,1,0,0
2005,6,9,8,9,94,0,100,0,2,1,0,0
2005,6,9,9,9,94,0,225,0,2,1,0,0
2005,6,9,10,9,94,0,50,0,2,1,0,0
2005,6,9,11,9,94,0,50,0,2,1,0,0
2005,6,9,12,9,94,0,50,0,2,1,0,0
2005,6,9,13,9,94,0,50,0,2,1,0,0
2005,6,9,14,9,94,0,50,0,2,1,0,0
2005,6,9,15,9,94,0,50,0,2,1,0,0
2005,6,9,16,9,94,0,50,0,2,1,0,0
2005,6,9,17,9,94,0,50,0,2,1,0,0
2005,6,9,18,9,94,0,50,0,2,1,0,0
2005,6,9,19,9,94,0,50,0,2,1,0,0
2005,6,9,20,9,94,0,50,0,2,1,0,0
2005,6,9,21,9,94,0,50,0,2,1,0,0
2005,6,9,22,9,94,0,50,0,2,1,0,0
2005,6,9,23,9,94,0,50,0,2,1,0,0
2005,6,9,24,9,94,0,50,0,2,1,0,0
2005,6,9,1,3,95,0,.1,0,1,0,0,0
2005,6,9,2,3,95,0,.1,0,1,0,0,0
2005,6,9,3,3,95,0,.1,0,1,0,0,0
2005,6,9,4,3,95,0,.1,0,1,0,0,0
2005,6,9,5,3,95,0,.1,0,1,0,0,0
2005,6,9,6,3,95,0,.1,0,1,0,0,0
2005,6,9,7,3,95,0,.1,0,1,0,0,0
2005,6,9,8,3,95,0,.1,0,1,0,0,0
2005,6,9,9,3,95,0,.1,0,1,0,0,0
2005,6,9,10,3,95,0,.1,0,1,0,0,0
2005,6,9,11,3,95,0,.1,0,1,0,0,0
2005,6,9,12,3,95,0,.1,0,1,0,0,0
2005,6,9,13,3,95,0,.1,0,1,0,0,0
2005,6,9,14,3,95,0,.1,0,1,0,0,0
2005,6,9,15,3,95,0,.1,0,1,0,0,0
2005,6,9,16,3,95,0,.1,0,1,0,0,0
2005,6,9,17,3,95,0,.1,0,1,0,0,0
2005,6,9,18,3,95,0,.1,0,1,0,0,0
2005,6,9,19,3,95,0,.1,0,1,0,0,0
2005,6,9,20,3,95,0,.1,0,1,0,0,0
2005,6,9,21,3,95,0,.1,0,1,0,0,0
2005,6,9,22,3,95,0,.1,0,1,0,0,0
2005,6,9,23,3,95,0,.1,0,1,0,0,0
2005,6,9,24,3,95,0,.1,0,1,0,0,0
2005,6,9,3,9,96,27.22,51.7,0,1,0,0,27.22
2005,6,9,4,9,96,24.99,35.5,0,1,0,0,24.99
2005,6,9,5,9,96,25.17,31.4,0,1,0,0,25.17
2005,6,9,6,9,96,24.77,35.5,0,1,0,0,24.77
2005,6,9,7,9,96,23.62,58.8,0,1,0,0,23.62
2005,6,9,8,9,96,27.17,104.4,0,1,0,0,27.17
2005,6,9,9,9,96,61.9,203.4,0,1,0,0,61.9
2005,6,9,10,9,96,53.27,143.4,0,1,0,0,53.27
2005,6,9,10,9,96,61.7,203.4,0,1,0,0,61.7
2005,6,9,11,9,96,61.9,203.4,0,1,0,0,61.9
2005,6,9,11,9,96,81.25,68.6,0,1,1,0,81.25
2005,6,9,12,9,96,62.4,203.4,0,1,0,0,62.4
2005,6,9,12,9,96,92.01,309.6,0,1,1,0,92.01
2005,6,9,13,9,96,62,203.4,0,1,0,0,62
2005,6,9,13,9,96,91.68,278.4,0,1,1,0,91.68
2005,6,9,14,9,96,60.89,198.3,0,1,0,0,60.89
2005,6,9,14,9,96,62.1,203.4,0,1,0,0,62.1
2005,6,9,15,9,96,53.83,204.4,0,1,0,0,53.83
2005,6,9,15,9,96,62.3,203.4,0,1,0,0,62.3
2005,6,9,16,9,96,53.86,239,0,1,0,0,53.86
2005,6,9,16,9,96,62.3,203.4,0,1,0,0,62.3
2005,6,9,17,9,96,53.94,244.1,0,1,0,0,53.94
2005,6,9,17,9,96,62.4,203.4,0,1,0,0,62.4
2005,6,9,18,9,96,53.69,222.7,0,1,0,0,53.69
2005,6,9,18,9,96,62.2,203.4,0,1,0,0,62.2
2005,6,9,19,9,96,53.42,180,0,1,0,0,53.42
2005,6,9,19,9,96,61.9,203.4,0,1,0,0,61.9
2005,6,9,20,9,96,53.29,136.3,0,1,0,0,53.29
2005,6,9,20,9,96,61.8,203.4,0,1,0,0,61.8
2005,6,9,21,9,96,53.54,83.4,0,1,0,0,53.54
2005,6,9,21,9,96,62,203.4,0,1,0,0,62
2005,6,9,22,9,96,53.7,19.3,0,1,0,0,53.7
2005,6,9,22,9,96,62.2,203.4,0,1,0,0,62.2
2005,6,9,23,9,96,62.3,203.4,0,1,0,0,62.3
2005,6,9,24,9,96,62.2,203.4,0,1,1,0,62.2
2005,6,9,1,9,97,.1,.1,0,1,0,0,.1
2005,6,9,2,9,97,.1,.1,0,1,0,0,.1
2005,6,9,3,9,97,.1,.1,0,1,0,0,.1
2005,6,9,4,9,97,.1,.1,0,1,0,0,.1
2005,6,9,5,9,97,.1,.1,0,1,0,0,.1
2005,6,9,6,9,97,.1,.1,0,1,0,0,.1
2005,6,9,7,9,97,.1,.1,0,1,0,0,.1
2005,6,9,8,9,97,.1,.1,0,1,0,0,.1
2005,6,9,9,9,97,.1,.1,0,1,0,0,.1
2005,6,9,10,9,97,.1,.1,0,1,0,0,.1
2005,6,9,11,9,97,.1,.1,0,1,0,0,.1
2005,6,9,12,9,97,.1,.1,0,1,0,0,.1
2005,6,9,13,9,97,.1,.1,0,1,0,0,.1
2005,6,9,14,9,97,.1,.1,0,1,0,0,.1
2005,6,9,15,9,97,.1,.1,0,1,0,0,.1
2005,6,9,16,9,97,.1,.1,0,1,0,0,.1
2005,6,9,17,9,97,.1,.1,0,1,0,0,.1
2005,6,9,18,9,97,.1,.1,0,1,0,0,.1
2005,6,9,19,9,97,.1,.1,0,1,0,0,.1
2005,6,9,20,9,97,.1,.1,0,1,0,0,.1
2005,6,9,21,9,97,.1,.1,0,1,0,0,.1
2005,6,9,22,9,97,.1,.1,0,1,0,0,.1
2005,6,9,23,9,97,.1,.1,0,1,0,0,.1
2005,6,9,24,9,97,.1,.1,0,1,0,0,.1
2005,6,9,1,9,98,180.3,.1,0,2,0,0,180.3
2005,6,9,2,9,98,180.3,.1,0,2,0,0,180.3
2005,6,9,3,9,98,180.3,.1,0,2,0,0,180.3
2005,6,9,4,9,98,180.3,.1,0,2,0,0,180.3
2005,6,9,5,9,98,180.3,.1,0,2,0,0,180.3
2005,6,9,6,9,98,180.3,.1,0,2,0,0,180.3
2005,6,9,7,9,98,180.3,.1,0,2,0,0,180.3
2005,6,9,8,9,98,180.3,.1,0,2,0,0,180.3
2005,6,9,9,9,98,180.3,.1,0,2,0,0,180.3
2005,6,9,10,9,98,180.3,.1,0,2,0,0,180.3
2005,6,9,11,9,98,180.3,.1,0,2,0,0,180.3
2005,6,9,12,9,98,180.3,.1,0,2,0,0,180.3
2005,6,9,13,9,98,180.3,.1,0,2,0,0,180.3
2005,6,9,14,9,98,180.3,.1,0,2,0,0,180.3
2005,6,9,15,9,98,180.3,.1,0,2,0,0,180.3
2005,6,9,16,9,98,180.3,.1,0,2,0,0,180.3
2005,6,9,17,9,98,180.3,.1,0,2,0,0,180.3
2005,6,9,18,9,98,180.3,.1,0,2,0,0,180.3
2005,6,9,19,9,98,180.3,.1,0,2,0,0,180.3
2005,6,9,20,9,98,180.3,.1,0,2,0,0,180.3
2005,6,9,21,9,98,180.3,.1,0,2,0,0,180.3
2005,6,9,22,9,98,180.3,.1,0,2,0,0,180.3
2005,6,9,23,9,98,180.3,.1,0,2,0,0,180.3
2005,6,9,24,9,98,180.3,.1,0,2,0,0,180.3
2005,6,9,1,9,99,180.3,421.8,0,1,1,0,180.3
2005,6,9,2,9,99,180.3,371.1,0,1,1,0,180.3
2005,6,9,3,9,99,27.23,303.2,0,1,0,0,27.23
2005,6,9,3,9,99,180.3,353.9,0,1,1,0,180.3
2005,6,9,4,9,99,25,319.4,0,1,0,0,25
2005,6,9,4,9,99,180.3,335.6,0,1,1,0,180.3
2005,6,9,5,9,99,25.18,323.4,0,1,0,0,25.18
2005,6,9,5,9,99,180.3,331.6,0,1,1,0,180.3
2005,6,9,6,9,99,24.78,319.4,0,1,0,0,24.78
2005,6,9,6,9,99,180.3,334.6,0,1,1,0,180.3
2005,6,9,7,9,99,23.63,296.1,0,1,0,0,23.63
2005,6,9,7,9,99,180.3,357.9,0,1,1,0,180.3
2005,6,9,8,9,99,27.18,250.4,0,1,0,0,27.18
2005,6,9,8,9,99,180.3,403.6,0,1,1,0,180.3
2005,6,9,9,9,99,53.46,355.9,0,1,0,0,53.46
2005,6,9,9,9,99,180.3,291.9,0,1,1,0,180.3
2005,6,9,10,9,99,53.28,212.6,0,1,0,0,53.28
2005,6,9,10,9,99,180.3,450.5,0,1,1,0,180.3
2005,6,9,11,9,99,81.26,110.9,0,1,1,0,81.26
2005,6,9,11,9,99,180.3,504.4,0,1,1,0,180.3
2005,6,9,12,9,99,92.02,84.5,0,1,1,0,92.02
2005,6,9,12,9,99,180.3,541,0,1,1,0,180.3
2005,6,9,13,9,99,91.69,76.2,0,1,1,0,91.69
2005,6,9,13,9,99,180.3,554.3,0,1,1,0,180.3
2005,6,9,14,9,99,60.9,157.6,0,1,0,0,60.9
2005,6,9,14,9,99,180.3,472.9,0,1,1,0,180.3
2005,6,9,15,9,99,53.84,151.6,0,1,0,0,53.84
2005,6,9,15,9,99,180.3,534.9,0,1,1,0,180.3
2005,6,9,16,9,99,53.87,117,0,1,0,0,53.87
2005,6,9,16,9,99,180.3,557.3,0,1,1,0,180.3
2005,6,9,17,9,99,53.95,111.8,0,1,0,0,53.95
2005,6,9,17,9,99,180.3,536,0,1,1,0,180.3
2005,6,9,18,9,99,53.7,133.2,0,1,0,0,53.7
2005,6,9,18,9,99,180.3,512.6,0,1,1,0,180.3
2005,6,9,19,9,99,53.43,175.9,0,1,0,0,53.43
2005,6,9,19,9,99,180.3,469.9,0,1,1,0,180.3
2005,6,9,20,9,99,53.3,219.7,0,1,0,0,53.3
2005,6,9,20,9,99,180.3,466.8,0,1,1,0,180.3
2005,6,9,21,9,99,53.55,272.6,0,1,0,0,53.55
2005,6,9,21,9,99,180.3,408.8,0,1,1,0,180.3
2005,6,9,22,9,99,53.71,336.6,0,1,0,0,53.71
2005,6,9,22,9,99,180.3,334.6,0,1,1,0,180.3
2005,6,9,23,9,99,53.82,356,0,1,0,0,53.82
2005,6,9,23,9,99,180.3,295.9,0,1,1,0,180.3
2005,6,9,24,9,99,53.7,356,0,1,1,0,53.7
2005,6,9,24,9,99,180.3,253.2,0,1,1,0,180.3
2005,6,9,1,9,100,180.3,.1,0,2,0,0,180.3
2005,6,9,2,9,100,180.3,.1,0,2,0,0,180.3
2005,6,9,3,9,100,180.3,.1,0,2,0,0,180.3
2005,6,9,4,9,100,180.3,.1,0,2,0,0,180.3
2005,6,9,5,9,100,180.3,.1,0,2,0,0,180.3
2005,6,9,6,9,100,180.3,.1,0,2,0,0,180.3
2005,6,9,7,9,100,180.3,.1,0,2,0,0,180.3
2005,6,9,8,9,100,180.3,.1,0,2,0,0,180.3
2005,6,9,9,9,100,180.3,.1,0,2,0,0,180.3
2005,6,9,10,9,100,180.3,.1,0,2,0,0,180.3
2005,6,9,11,9,100,180.3,.1,0,2,0,0,180.3
2005,6,9,12,9,100,180.3,.1,0,2,0,0,180.3
2005,6,9,13,9,100,180.3,.1,0,2,0,0,180.3
2005,6,9,14,9,100,180.3,.1,0,2,0,0,180.3
2005,6,9,15,9,100,180.3,.1,0,2,0,0,180.3
2005,6,9,16,9,100,180.3,.1,0,2,0,0,180.3
2005,6,9,17,9,100,180.3,.1,0,2,0,0,180.3
2005,6,9,18,9,100,180.3,.1,0,2,0,0,180.3
2005,6,9,19,9,100,180.3,.1,0,2,0,0,180.3
2005,6,9,20,9,100,180.3,.1,0,2,0,0,180.3
2005,6,9,21,9,100,180.3,.1,0,2,0,0,180.3
2005,6,9,22,9,100,180.3,.1,0,2,0,0,180.3
2005,6,9,23,9,100,180.3,.1,0,2,0,0,180.3
2005,6,9,24,9,100,180.3,.1,0,2,0,0,180.3
2005,6,9,1,9,101,0,12,0,2,1,0,0
2005,6,9,2,9,101,0,13,0,2,1,0,0
2005,6,9,3,9,101,0,13.9,0,2,1,0,0
2005,6,9,4,9,101,0,13.1,0,2,1,0,0
2005,6,9,5,9,101,0,12.6,0,2,1,0,0
2005,6,9,6,9,101,0,12.3,0,2,1,0,0
2005,6,9,7,9,101,0,11.5,0,2,1,0,0
2005,6,9,8,9,101,0,10.2,0,2,1,0,0
2005,6,9,9,9,101,0,8.9,0,2,1,0,0
2005,6,9,10,9,101,0,6.1,0,2,1,0,0
2005,6,9,11,9,101,0,5.4,0,2,1,0,0
2005,6,9,12,9,101,0,17.2,0,2,1,0,0
2005,6,9,13,9,101,0,16.3,0,2,1,0,0
2005,6,9,14,9,101,0,12.6,0,2,1,0,0
2005,6,9,15,9,101,0,8.9,0,2,1,0,0
2005,6,9,16,9,101,0,5,0,2,1,0,0
2005,6,9,17,9,101,0,2.6,0,2,1,0,0
2005,6,9,18,9,101,0,1.7,0,2,1,0,0
2005,6,9,19,9,101,0,1.3,0,2,1,0,0
2005,6,9,20,9,101,0,2,0,2,1,0,0
2005,6,9,21,9,101,0,2.1,0,2,1,0,0
2005,6,9,22,9,101,0,1.6,0,2,1,0,0
2005,6,9,23,9,101,0,2.3,0,2,1,0,0
2005,6,9,24,9,101,0,5.5,0,2,1,0,0
2005,6,9,1,9,102,100,31.7,0,1,1,0,100
2005,6,9,2,9,102,100,30,0,1,1,0,100
2005,6,9,3,9,102,100,28.8,0,1,1,0,100
2005,6,9,4,9,102,100,28.1,0,1,1,0,100
2005,6,9,5,9,102,100,28.2,0,1,1,0,100
2005,6,9,6,9,102,100,30.1,0,1,1,0,100
2005,6,9,7,9,102,100,35.3,0,1,1,0,100
2005,6,9,8,9,102,100,43.8,0,1,1,0,100
2005,6,9,9,9,102,100,52.4,0,1,1,0,100
2005,6,9,10,9,102,100,59,0,1,1,0,100
2005,6,9,11,9,102,100,64.9,0,1,1,0,100
2005,6,9,12,9,102,100,66.6,0,1,1,0,100
2005,6,9,13,9,102,100,66.4,0,1,1,0,100
2005,6,9,14,9,102,100,62.4,0,1,1,0,100
2005,6,9,15,9,102,100,54.4,0,1,1,0,100
2005,6,9,16,9,102,100,57,0,1,1,0,100
2005,6,9,17,9,102,100,59.2,0,1,1,0,100
2005,6,9,18,9,102,100,59.5,0,1,1,0,100
2005,6,9,19,9,102,100,58.5,0,1,1,0,100
2005,6,9,20,9,102,100,54.9,0,1,1,0,100
2005,6,9,21,9,102,100,51.6,0,1,1,0,100
2005,6,9,22,9,102,100,44.8,0,1,1,0,100
2005,6,9,23,9,102,100,37.9,0,1,1,0,100
2005,6,9,24,9,102,100,34.6,0,1,1,0,100
2005,6,9,1,9,103,0,50,0,1,0,0,0
2005,6,9,2,9,103,0,50,0,1,0,0,0
2005,6,9,3,9,103,0,50,0,1,0,0,0
2005,6,9,4,9,103,0,50,0,1,0,0,0
2005,6,9,5,9,103,0,50,0,1,0,0,0
2005,6,9,6,9,103,0,50,0,1,0,0,0
2005,6,9,7,9,103,0,50,0,1,0,0,0
2005,6,9,8,9,103,0,50,0,1,0,0,0
2005,6,9,9,9,103,0,50,0,1,0,0,0
2005,6,9,10,9,103,0,50,0,1,0,0,0
2005,6,9,11,9,103,0,50,0,1,0,0,0
2005,6,9,12,9,103,0,50,0,1,0,0,0
2005,6,9,13,9,103,0,50,0,1,0,0,0
2005,6,9,14,9,103,0,50,0,1,0,0,0
2005,6,9,15,9,103,0,50,0,1,0,0,0
2005,6,9,16,9,103,0,50,0,1,0,0,0
2005,6,9,17,9,103,0,50,0,1,0,0,0
2005,6,9,18,9,103,0,50,0,1,0,0,0
2005,6,9,19,9,103,0,50,0,1,0,0,0
2005,6,9,20,9,103,0,50,0,1,0,0,0
2005,6,9,21,9,103,0,50,0,1,0,0,0
2005,6,9,22,9,103,0,50,0,1,0,0,0
2005,6,9,23,9,103,0,50,0,1,0,0,0
2005,6,9,24,9,103,0,50,0,1,0,0,0
2005,6,9,1,9,104,0,10,0,1,0,0,0
2005,6,9,1,9,105,0,170.9,0,2,1,0,0
2005,6,9,2,9,105,0,125.4,0,2,1,0,0
2005,6,9,3,9,105,0,96.4,0,2,1,0,0
2005,6,9,4,9,105,0,79.5,0,2,1,0,0
2005,6,9,5,9,105,0,68.5,0,2,1,0,0
2005,6,9,6,9,105,0,60.8,0,2,1,0,0
2005,6,9,7,9,105,0,56,0,2,1,0,0
2005,6,9,8,9,105,0,51.9,0,2,1,0,0
2005,6,9,9,9,105,0,53.5,0,2,1,0,0
2005,6,9,10,9,105,0,44.1,0,2,1,0,0
2005,6,9,11,9,105,0,48.7,0,2,1,0,0
2005,6,9,12,9,105,0,59.5,0,2,1,0,0
2005,6,9,13,9,105,0,74.7,0,2,1,0,0
2005,6,9,14,9,105,0,87,0,2,1,0,0
2005,6,9,15,9,105,0,103.3,0,2,1,0,0
2005,6,9,16,9,105,0,145.6,0,2,1,0,0
2005,6,9,17,9,105,0,209.5,0,2,1,0,0
2005,6,9,18,9,105,0,290.9,0,2,1,0,0
2005,6,9,19,9,105,0,344.2,0,2,1,0,0
2005,6,9,20,9,105,0,384.2,0,2,1,0,0
2005,6,9,21,9,105,0,392.5,0,2,1,0,0
2005,6,9,22,9,105,0,394.2,0,2,1,0,0
2005,6,9,23,9,105,0,407,0,2,1,0,0
2005,6,9,24,9,105,0,374.9,0,2,1,0,0
2005,6,9,1,9,106,0,25,0,2,1,0,0
2005,6,9,2,9,106,0,25,0,2,1,0,0
2005,6,9,3,9,106,0,25,0,2,1,0,0
2005,6,9,4,9,106,0,25,0,2,1,0,0
2005,6,9,5,9,106,0,50,0,2,1,0,0
2005,6,9,6,9,106,0,50,0,2,1,0,0
2005,6,9,7,9,106,0,50,0,2,1,0,0
2005,6,9,8,9,106,0,50,0,2,1,0,0
2005,6,9,9,9,106,0,50,0,2,1,0,0
2005,6,9,10,9,106,0,50,0,2,1,0,0
2005,6,9,11,9,106,0,50,0,2,1,0,0
2005,6,9,12,9,106,0,50,0,2,1,0,0
2005,6,9,13,9,106,0,50,0,2,1,0,0
2005,6,9,14,9,106,0,50,0,2,1,0,0
2005,6,9,15,9,106,0,50,0,2,1,0,0
2005,6,9,16,9,106,0,50,0,2,1,0,0
2005,6,9,17,9,106,0,50,0,2,1,0,0
2005,6,9,18,9,106,0,50,0,2,1,0,0
2005,6,9,19,9,106,0,50,0,2,1,0,0
2005,6,9,20,9,106,0,50,0,2,1,0,0
2005,6,9,21,9,106,0,50,0,2,1,0,0
2005,6,9,22,9,106,0,50,0,2,1,0,0
2005,6,9,23,9,106,0,50,0,2,1,0,0
2005,6,9,24,9,106,0,50,0,2,1,0,0
2005,6,9,1,9,107,0,75,0,2,1,0,0
2005,6,9,2,9,107,0,75,0,2,1,0,0
2005,6,9,3,9,107,0,75,0,2,1,0,0
2005,6,9,4,9,107,0,75,0,2,1,0,0
2005,6,9,5,9,107,0,75,0,2,1,0,0
2005,6,9,6,9,107,0,75,0,2,1,0,0
2005,6,9,7,9,107,0,75,0,2,1,0,0
2005,6,9,9,9,107,0,75,0,2,1,0,0
2005,6,9,10,9,107,0,75,0,2,1,0,0
2005,6,9,11,9,107,0,75,0,2,1,0,0
2005,6,9,12,9,107,0,75,0,2,1,0,0
2005,6,9,13,9,107,0,75,0,2,1,0,0
2005,6,9,14,9,107,0,75,0,2,1,0,0
2005,6,9,15,9,107,0,75,0,2,1,0,0
2005,6,9,16,9,107,0,75,0,2,1,0,0
2005,6,9,17,9,107,0,75,0,2,1,0,0
2005,6,9,18,9,107,0,75,0,2,1,0,0
2005,6,9,19,9,107,0,75,0,2,1,0,0
2005,6,9,20,9,107,0,75,0,2,1,0,0
2005,6,9,21,9,107,0,75,0,2,1,0,0
2005,6,9,22,9,107,0,75,0,2,1,0,0
2005,6,9,23,9,107,0,75,0,2,1,0,0
2005,6,9,24,9,107,0,75,0,2,1,0,0
2005,6,9,1,9,1054,0,220,.705776,2,1,0,0
2005,6,9,1,9,1054,120.01,70,.705776,2,0,0,120.01
2005,6,9,2,9,1054,0,220,.705776,2,1,0,0
2005,6,9,2,9,1054,120.01,70,.705776,2,0,0,120.01
2005,6,9,3,9,1054,0,220,.705776,2,1,0,0
2005,6,9,3,9,1054,120.01,70,.705776,2,0,0,120.01
2005,6,9,4,9,1054,0,220,.705776,2,1,0,0
2005,6,9,4,9,1054,120.01,70,.705776,2,0,0,120.01
2005,6,9,5,9,1054,0,220,.705776,2,1,0,0
2005,6,9,5,9,1054,120.01,70,.705776,2,0,0,120.01
2005,6,9,6,9,1054,0,220,.705776,2,1,0,0
2005,6,9,6,9,1054,120.01,70,.705776,2,0,0,120.01
2005,6,9,7,9,1054,0,220,.705776,2,1,0,0
2005,6,9,7,9,1054,120.01,70,.705776,2,0,0,120.01
2005,6,9,8,9,1054,0,220,.705776,2,1,0,0
2005,6,9,8,9,1054,120.01,70,.705776,2,0,0,120.01
2005,6,9,9,9,1054,0,220,.705776,2,1,0,0
2005,6,9,9,9,1054,120.01,70,.705776,2,0,0,120.01
2005,6,9,10,9,1054,0,220,.705776,2,1,0,0
2005,6,9,10,9,1054,120.01,70,.705776,2,0,0,120.01
2005,6,9,11,9,1054,0,220,.705776,2,1,0,0
2005,6,9,11,9,1054,120.01,70,.705776,2,0,0,120.01
2005,6,9,12,9,1054,0,220,.705776,2,1,0,0
2005,6,9,12,9,1054,120.01,70,.705776,2,0,0,120.01
2005,6,9,13,9,1054,0,220,.705776,2,1,0,0
2005,6,9,13,9,1054,120.01,70,.705776,2,0,0,120.01
2005,6,9,14,9,1054,0,220,.705776,2,1,0,0
2005,6,9,14,9,1054,120.01,70,.705776,2,0,0,120.01
2005,6,9,15,9,1054,0,220,.705776,2,1,0,0
2005,6,9,15,9,1054,120.01,70,.705776,2,0,0,120.01
2005,6,9,16,9,1054,0,220,.705776,2,1,0,0
2005,6,9,16,9,1054,120.01,70,.705776,2,0,0,120.01
2005,6,9,17,9,1054,0,220,.705776,2,1,0,0
2005,6,9,17,9,1054,120.01,70,.705776,2,0,0,120.01
2005,6,9,18,9,1054,0,220,.705776,2,1,0,0
2005,6,9,18,9,1054,120.01,70,.705776,2,0,0,120.01
2005,6,9,19,9,1054,0,220,.705776,2,1,0,0
2005,6,9,19,9,1054,120.01,70,.705776,2,0,0,120.01
2005,6,9,20,9,1054,0,220,.705776,2,1,0,0
2005,6,9,20,9,1054,120.01,70,.705776,2,0,0,120.01
2005,6,9,21,9,1054,0,220,.705776,2,1,0,0
2005,6,9,21,9,1054,120.01,70,.705776,2,0,0,120.01
2005,6,9,22,9,1054,0,220,.705776,2,1,0,0
2005,6,9,22,9,1054,120.01,70,.705776,2,0,0,120.01
2005,6,9,23,9,1054,0,220,.705776,2,1,0,0
2005,6,9,23,9,1054,120.01,70,.705776,2,0,0,120.01
2005,6,9,24,9,1054,0,220,.705776,2,1,0,0
2005,6,9,24,9,1054,120.01,70,.705776,2,0,0,120.01
2005,6,9,1,9,109,0,6.1,0,2,1,0,0
2005,6,9,2,9,109,0,6,0,2,1,0,0
2005,6,9,3,9,109,0,5.8,0,2,1,0,0
2005,6,9,4,9,109,0,5.4,0,2,1,0,0
2005,6,9,5,9,109,0,4.9,0,2,1,0,0
2005,6,9,6,9,109,0,4.2,0,2,1,0,0
2005,6,9,7,9,109,0,3.6,0,2,1,0,0
2005,6,9,8,9,109,0,3.1,0,2,1,0,0
2005,6,9,9,9,109,0,2.6,0,2,1,0,0
2005,6,9,10,9,109,0,2.2,0,2,1,0,0
2005,6,9,11,9,109,0,1.9,0,2,1,0,0
2005,6,9,12,9,109,0,1.6,0,2,1,0,0
2005,6,9,13,9,109,0,1.5,0,2,1,0,0
2005,6,9,14,9,109,0,1.8,0,2,1,0,0
2005,6,9,15,9,109,0,2.3,0,2,1,0,0
2005,6,9,16,9,109,0,3,0,2,1,0,0
2005,6,9,17,9,109,0,4,0,2,1,0,0
2005,6,9,18,9,109,0,5.3,0,2,1,0,0
2005,6,9,19,9,109,0,6.6,0,2,1,0,0
2005,6,9,20,9,109,0,7.8,0,2,1,0,0
2005,6,9,21,9,109,0,8.9,0,2,1,0,0
2005,6,9,22,9,109,0,10,0,2,1,0,0
2005,6,9,23,9,109,0,11,0,2,1,0,0
2005,6,9,24,9,109,0,12,0,2,1,0,0
2005,6,9,1,9,110,0,33.8,0,2,1,0,0
2005,6,9,2,9,110,0,33.8,0,2,1,0,0
2005,6,9,3,9,110,0,33.8,0,2,1,0,0
2005,6,9,4,9,110,0,34.4,0,2,1,0,0
2005,6,9,5,9,110,0,34.4,0,2,1,0,0
2005,6,9,6,9,110,0,34.4,0,2,1,0,0
2005,6,9,7,9,110,0,34.7,0,2,1,0,0
2005,6,9,8,9,110,0,34.7,0,2,1,0,0
2005,6,9,9,9,110,0,34.7,0,2,1,0,0
2005,6,9,10,9,110,0,34,0,2,1,0,0
2005,6,9,11,9,110,0,34,0,2,1,0,0
2005,6,9,12,9,110,0,34,0,2,1,0,0
2005,6,9,13,9,110,0,34,0,2,1,0,0
2005,6,9,14,9,110,0,34,0,2,1,0,0
2005,6,9,15,9,110,0,33.2,0,2,1,0,0
2005,6,9,16,9,110,0,33.2,0,2,1,0,0
2005,6,9,17,9,110,0,33.2,0,2,1,0,0
2005,6,9,18,9,110,0,33.2,0,2,1,0,0
2005,6,9,19,9,110,0,33.2,0,2,1,0,0
2005,6,9,20,9,110,0,33.2,0,2,1,0,0
2005,6,9,21,9,110,0,32.9,0,2,1,0,0
2005,6,9,22,9,110,0,32.9,0,2,1,0,0
2005,6,9,23,9,110,0,33.2,0,2,1,0,0
2005,6,9,24,9,110,0,33.2,0,2,1,0,0
2005,6,9,1,9,111,180.3,1,0,2,0,0,180.3
2005,6,9,2,9,111,180.3,1,0,2,0,0,180.3
2005,6,9,3,9,111,180.3,1,0,2,0,0,180.3
2005,6,9,4,9,111,180.3,1,0,2,0,0,180.3
2005,6,9,5,9,111,180.3,1,0,2,0,0,180.3
2005,6,9,6,9,111,180.3,1,0,2,0,0,180.3
2005,6,9,7,9,111,180.3,1,0,2,0,0,180.3
2005,6,9,8,9,111,180.3,1,0,2,0,0,180.3
2005,6,9,9,9,111,180.3,1,0,2,0,0,180.3
2005,6,9,10,9,111,180.3,1,0,2,0,0,180.3
2005,6,9,11,9,111,180.3,1,0,2,0,0,180.3
2005,6,9,12,9,111,180.3,1,0,2,0,0,180.3
2005,6,9,13,9,111,180.3,1,0,2,0,0,180.3
2005,6,9,14,9,111,180.3,1,0,2,0,0,180.3
2005,6,9,15,9,111,180.3,1,0,2,0,0,180.3
2005,6,9,16,9,111,180.3,1,0,2,0,0,180.3
2005,6,9,17,9,111,180.3,1,0,2,0,0,180.3
2005,6,9,18,9,111,180.3,1,0,2,0,0,180.3
2005,6,9,19,9,111,180.3,1,0,2,0,0,180.3
2005,6,9,20,9,111,180.3,1,0,2,0,0,180.3
2005,6,9,21,9,111,180.3,1,0,2,0,0,180.3
2005,6,9,22,9,111,180.3,1,0,2,0,0,180.3
2005,6,9,23,9,111,180.3,1,0,2,0,0,180.3
2005,6,9,24,9,111,180.3,1,0,2,0,0,180.3
2005,6,9,1,9,112,60,.3,0,1,1,0,60
2005,6,9,2,9,112,60,.3,0,1,1,0,60
2005,6,9,3,9,112,60,.3,0,1,1,0,60
2005,6,9,4,9,112,60,.3,0,1,1,0,60
2005,6,9,5,9,112,60,.3,0,1,1,0,60
2005,6,9,6,9,112,60,.3,0,1,1,0,60
2005,6,9,7,9,112,60,.4,0,1,1,0,60
2005,6,9,8,9,112,60,.5,0,1,1,0,60
2005,6,9,9,9,112,60,.4,0,1,0,0,60
2005,6,9,10,9,112,60,.7,0,1,0,0,60
2005,6,9,11,9,112,60,.7,0,1,0,0,60
2005,6,9,12,9,112,60,.7,0,1,0,0,60
2005,6,9,13,9,112,60,.7,0,1,0,0,60
2005,6,9,14,9,112,60,.5,0,1,0,0,60
2005,6,9,15,9,112,60,.4,0,1,0,0,60
2005,6,9,16,9,112,60,.4,0,1,0,0,60
2005,6,9,17,9,112,60,.4,0,1,0,0,60
2005,6,9,18,9,112,60,.5,0,1,0,0,60
2005,6,9,19,9,112,60,.5,0,1,0,0,60
2005,6,9,20,9,112,60,.5,0,1,0,0,60
2005,6,9,21,9,112,60,.5,0,1,0,0,60
2005,6,9,22,9,112,60,.4,0,1,0,0,60
2005,6,9,23,9,112,60,.3,0,1,0,0,60
2005,6,9,24,9,112,60,.3,0,1,1,0,60
2005,6,9,1,9,113,180.3,5506,0,1,1,0,180.3
2005,6,9,2,9,113,180.3,4851.2,0,1,1,0,180.3
2005,6,9,3,9,113,180.3,4549.7,0,1,1,0,180.3
2005,6,9,4,9,113,180.3,4467.1,0,1,1,0,180.3
2005,6,9,5,9,113,180.3,4449.3,0,1,1,0,180.3
2005,6,9,6,9,113,180.3,4494.3,0,1,1,0,180.3
2005,6,9,7,9,113,180.3,4535.2,0,1,1,0,180.3
2005,6,9,8,9,113,180.3,5020.5,0,1,1,0,180.3
2005,6,9,9,9,113,180.3,5684.2,0,1,1,0,180.3
2005,6,9,10,9,113,180.3,6109.4,0,1,1,0,180.3
2005,6,9,11,9,113,180.3,6442.8,0,1,1,0,180.3
2005,6,9,12,9,113,180.3,6626.1,0,1,1,0,180.3
2005,6,9,13,9,113,180.3,6830,0,1,1,0,180.3
2005,6,9,14,9,113,180.3,6791.1,0,1,1,0,180.3
2005,6,9,15,9,113,180.3,6698.5,0,1,1,0,180.3
2005,6,9,16,9,113,180.3,6789.3,0,1,1,0,180.3
2005,6,9,17,9,113,180.3,6859.1,0,1,1,0,180.3
2005,6,9,18,9,113,180.3,7123,0,1,1,0,180.3
2005,6,9,19,9,113,180.3,7064.6,0,1,1,0,180.3
2005,6,9,20,9,113,180.3,6743,0,1,1,0,180.3
2005,6,9,21,9,113,180.3,6375,0,1,1,0,180.3
2005,6,9,22,9,113,180.3,6658.8,0,1,1,0,180.3
2005,6,9,23,9,113,180.3,6909.4,0,1,1,0,180.3
2005,6,9,24,9,113,180.3,6076.7,0,1,1,0,180.3
2005,6,9,1,2,114,117.18,263.6,0,1,1,0,117.18
2005,6,9,1,2,114,117.29,263.6,0,1,1,0,117.29
2005,6,9,1,2,114,117.4,263.6,0,1,1,0,117.4
2005,6,9,1,2,114,117.51,263.6,0,1,1,0,117.51
2005,6,9,1,2,114,117.62,263.6,0,1,1,0,117.62
2005,6,9,1,2,114,117.73,263.6,0,1,1,0,117.73
2005,6,9,1,2,114,117.84,263.6,0,1,1,0,117.84
2005,6,9,1,2,114,117.95,263.6,0,1,1,0,117.95
2005,6,9,1,2,114,118.06,263.6,0,1,1,0,118.06
2005,6,9,1,2,114,118.17,263.6,0,1,1,0,118.17
2005,6,9,1,2,114,118.28,263.6,0,1,1,0,118.28
2005,6,9,1,2,114,118.39,263.6,0,1,1,0,118.39
2005,6,9,1,2,114,118.5,263.7,0,1,1,0,118.5
2005,6,9,2,2,114,117.18,252.8,0,1,1,0,117.18
2005,6,9,2,2,114,117.29,252.8,0,1,1,0,117.29
2005,6,9,2,2,114,117.4,252.8,0,1,1,0,117.4
2005,6,9,2,2,114,117.51,252.8,0,1,1,0,117.51
2005,6,9,2,2,114,117.62,252.8,0,1,1,0,117.62
2005,6,9,2,2,114,117.73,252.8,0,1,1,0,117.73
2005,6,9,2,2,114,117.84,252.8,0,1,1,0,117.84
2005,6,9,2,2,114,117.95,252.8,0,1,1,0,117.95
2005,6,9,2,2,114,118.06,252.8,0,1,1,0,118.06
2005,6,9,2,2,114,118.17,252.8,0,1,1,0,118.17
2005,6,9,2,2,114,118.28,252.8,0,1,1,0,118.28
2005,6,9,2,2,114,118.39,252.8,0,1,1,0,118.39
2005,6,9,2,2,114,118.5,252.9,0,1,1,0,118.5
2005,6,9,3,2,114,117.18,245.5,0,1,1,0,117.18
2005,6,9,3,2,114,117.29,245.5,0,1,1,0,117.29
2005,6,9,3,2,114,117.4,245.5,0,1,1,0,117.4
2005,6,9,3,2,114,117.51,245.5,0,1,1,0,117.51
2005,6,9,3,2,114,117.62,245.5,0,1,1,0,117.62
2005,6,9,3,2,114,117.73,245.5,0,1,1,0,117.73
2005,6,9,3,2,114,117.84,245.5,0,1,1,0,117.84
2005,6,9,3,2,114,117.95,245.5,0,1,1,0,117.95
2005,6,9,3,2,114,118.06,245.5,0,1,1,0,118.06
2005,6,9,3,2,114,118.17,245.5,0,1,1,0,118.17
2005,6,9,3,2,114,118.28,245.5,0,1,1,0,118.28
2005,6,9,3,2,114,118.39,245.5,0,1,1,0,118.39
2005,6,9,3,2,114,118.5,244.9,0,1,1,0,118.5
2005,6,9,4,2,114,117.18,241.8,0,1,1,0,117.18
2005,6,9,4,2,114,117.29,241.8,0,1,1,0,117.29
2005,6,9,4,2,114,117.4,241.8,0,1,1,0,117.4
2005,6,9,4,2,114,117.51,241.8,0,1,1,0,117.51
2005,6,9,4,2,114,117.62,241.8,0,1,1,0,117.62
2005,6,9,4,2,114,117.73,241.8,0,1,1,0,117.73
2005,6,9,4,2,114,117.84,241.8,0,1,1,0,117.84
2005,6,9,4,2,114,117.95,241.8,0,1,1,0,117.95
2005,6,9,4,2,114,118.06,241.8,0,1,1,0,118.06
2005,6,9,4,2,114,118.17,241.8,0,1,1,0,118.17
2005,6,9,4,2,114,118.28,241.8,0,1,1,0,118.28
2005,6,9,4,2,114,118.39,241.8,0,1,1,0,118.39
2005,6,9,4,2,114,118.5,242.4,0,1,1,0,118.5
2005,6,9,5,2,114,117.18,241.9,0,1,1,0,117.18
2005,6,9,5,2,114,117.29,241.9,0,1,1,0,117.29
2005,6,9,5,2,114,117.4,241.9,0,1,1,0,117.4
2005,6,9,5,2,114,117.51,241.9,0,1,1,0,117.51
2005,6,9,5,2,114,117.62,241.9,0,1,1,0,117.62
2005,6,9,5,2,114,117.73,241.9,0,1,1,0,117.73
2005,6,9,5,2,114,117.84,241.9,0,1,1,0,117.84
2005,6,9,5,2,114,117.95,241.9,0,1,1,0,117.95
2005,6,9,5,2,114,118.06,241.9,0,1,1,0,118.06
2005,6,9,5,2,114,118.17,241.9,0,1,1,0,118.17
2005,6,9,5,2,114,118.28,241.9,0,1,1,0,118.28
2005,6,9,5,2,114,118.39,241.9,0,1,1,0,118.39
2005,6,9,5,2,114,118.5,241.3,0,1,1,0,118.5
2005,6,9,6,2,114,117.18,248,0,1,1,0,117.18
2005,6,9,6,2,114,117.29,248,0,1,1,0,117.29
2005,6,9,6,2,114,117.4,248,0,1,1,0,117.4
2005,6,9,6,2,114,117.51,248,0,1,1,0,117.51
2005,6,9,6,2,114,117.62,248,0,1,1,0,117.62
2005,6,9,6,2,114,117.73,248,0,1,1,0,117.73
2005,6,9,6,2,114,117.84,248,0,1,1,0,117.84
2005,6,9,6,2,114,117.95,248,0,1,1,0,117.95
2005,6,9,6,2,114,118.06,248,0,1,1,0,118.06
2005,6,9,6,2,114,118.17,248,0,1,1,0,118.17
2005,6,9,6,2,114,118.28,248,0,1,1,0,118.28
2005,6,9,6,2,114,118.39,248,0,1,1,0,118.39
2005,6,9,6,2,114,118.5,247.5,0,1,1,0,118.5
2005,6,9,7,2,114,117.18,277.4,0,1,1,0,117.18
2005,6,9,7,2,114,117.29,277.4,0,1,1,0,117.29
2005,6,9,7,2,114,117.4,277.4,0,1,1,0,117.4
2005,6,9,7,2,114,117.51,277.4,0,1,1,0,117.51
2005,6,9,7,2,114,117.62,277.4,0,1,1,0,117.62
2005,6,9,7,2,114,117.73,277.4,0,1,1,0,117.73
2005,6,9,7,2,114,117.84,277.4,0,1,1,0,117.84
2005,6,9,7,2,114,117.95,277.4,0,1,1,0,117.95
2005,6,9,7,2,114,118.06,277.4,0,1,1,0,118.06
2005,6,9,7,2,114,118.17,277.4,0,1,1,0,118.17
2005,6,9,7,2,114,118.28,277.4,0,1,1,0,118.28
2005,6,9,7,2,114,118.39,277.4,0,1,1,0,118.39
2005,6,9,7,2,114,118.5,277.7,0,1,1,0,118.5
2005,6,9,8,2,114,117.18,306.5,0,1,1,0,117.18
2005,6,9,8,2,114,117.29,306.5,0,1,1,0,117.29
2005,6,9,8,2,114,117.4,306.5,0,1,1,0,117.4
2005,6,9,8,2,114,117.51,306.5,0,1,1,0,117.51
2005,6,9,8,2,114,117.62,306.5,0,1,1,0,117.62
2005,6,9,8,2,114,117.73,306.5,0,1,1,0,117.73
2005,6,9,8,2,114,117.84,306.5,0,1,1,0,117.84
2005,6,9,8,2,114,117.95,306.5,0,1,1,0,117.95
2005,6,9,8,2,114,118.06,306.5,0,1,1,0,118.06
2005,6,9,8,2,114,118.17,306.5,0,1,1,0,118.17
2005,6,9,8,2,114,118.28,306.5,0,1,1,0,118.28
2005,6,9,8,2,114,118.39,306.5,0,1,1,0,118.39
2005,6,9,8,2,114,118.5,306.3,0,1,1,0,118.5
2005,6,9,9,2,114,117.18,337.2,0,1,1,0,117.18
2005,6,9,9,2,114,117.29,337.2,0,1,1,0,117.29
2005,6,9,9,2,114,117.4,337.2,0,1,1,0,117.4
2005,6,9,9,2,114,117.51,337.2,0,1,1,0,117.51
2005,6,9,9,2,114,117.62,337.2,0,1,1,0,117.62
2005,6,9,9,2,114,117.73,337.2,0,1,1,0,117.73
2005,6,9,9,2,114,117.84,337.2,0,1,1,0,117.84
2005,6,9,9,2,114,117.95,337.2,0,1,1,0,117.95
2005,6,9,9,2,114,118.06,337.2,0,1,1,0,118.06
2005,6,9,9,2,114,118.17,337.2,0,1,1,0,118.17
2005,6,9,9,2,114,118.28,337.2,0,1,1,0,118.28
2005,6,9,9,2,114,118.39,337.2,0,1,1,0,118.39
2005,6,9,9,2,114,118.5,336.8,0,1,1,0,118.5
2005,6,9,10,2,114,99.87,447.2,0,1,1,0,99.87
2005,6,9,10,2,114,117.18,328,0,1,1,0,117.18
2005,6,9,10,2,114,117.29,328,0,1,1,0,117.29
2005,6,9,10,2,114,117.4,328,0,1,1,0,117.4
2005,6,9,10,2,114,117.51,328,0,1,1,0,117.51
2005,6,9,10,2,114,117.62,328,0,1,1,0,117.62
2005,6,9,10,2,114,117.73,328,0,1,1,0,117.73
2005,6,9,10,2,114,117.84,328,0,1,1,0,117.84
2005,6,9,10,2,114,117.95,328,0,1,1,0,117.95
2005,6,9,10,2,114,118.06,328,0,1,1,0,118.06
2005,6,9,10,2,114,118.17,328,0,1,1,0,118.17
2005,6,9,10,2,114,118.28,328,0,1,1,0,118.28
2005,6,9,10,2,114,118.39,328,0,1,1,0,118.39
2005,6,9,10,2,114,118.5,328.3,0,1,1,0,118.5
2005,6,9,11,2,114,99.87,448.2,0,1,1,0,99.87
2005,6,9,11,2,114,117.18,350.1,0,1,1,0,117.18
2005,6,9,11,2,114,117.29,350.1,0,1,1,0,117.29
2005,6,9,11,2,114,117.4,350.1,0,1,1,0,117.4
2005,6,9,11,2,114,117.51,350.1,0,1,1,0,117.51
2005,6,9,11,2,114,117.62,350.1,0,1,1,0,117.62
2005,6,9,11,2,114,117.73,350.1,0,1,1,0,117.73
2005,6,9,11,2,114,117.84,350.1,0,1,1,0,117.84
2005,6,9,11,2,114,117.95,350.1,0,1,1,0,117.95
2005,6,9,11,2,114,118.06,350.1,0,1,1,0,118.06
2005,6,9,11,2,114,118.17,350.1,0,1,1,0,118.17
2005,6,9,11,2,114,118.28,350.1,0,1,1,0,118.28
2005,6,9,11,2,114,118.39,350.1,0,1,1,0,118.39
2005,6,9,11,2,114,118.5,350.3,0,1,1,0,118.5
2005,6,9,12,2,114,99.87,443.5,0,1,1,0,99.87
2005,6,9,12,2,114,117.18,361.5,0,1,1,0,117.18
2005,6,9,12,2,114,117.29,361.5,0,1,1,0,117.29
2005,6,9,12,2,114,117.4,361.5,0,1,1,0,117.4
2005,6,9,12,2,114,117.51,361.5,0,1,1,0,117.51
2005,6,9,12,2,114,117.62,361.5,0,1,1,0,117.62
2005,6,9,12,2,114,117.73,361.5,0,1,1,0,117.73
2005,6,9,12,2,114,117.84,361.5,0,1,1,0,117.84
2005,6,9,12,2,114,117.95,361.5,0,1,1,0,117.95
2005,6,9,12,2,114,118.06,361.5,0,1,1,0,118.06
2005,6,9,12,2,114,118.17,361.5,0,1,1,0,118.17
2005,6,9,12,2,114,118.28,361.5,0,1,1,0,118.28
2005,6,9,12,2,114,118.39,361.5,0,1,1,0,118.39
2005,6,9,12,2,114,118.5,361.4,0,1,1,0,118.5
2005,6,9,13,2,114,99.87,445.5,0,1,1,0,99.87
2005,6,9,13,2,114,117.18,366.9,0,1,1,0,117.18
2005,6,9,13,2,114,117.29,366.9,0,1,1,0,117.29
2005,6,9,13,2,114,117.4,366.9,0,1,1,0,117.4
2005,6,9,13,2,114,117.51,366.9,0,1,1,0,117.51
2005,6,9,13,2,114,117.62,366.9,0,1,1,0,117.62
2005,6,9,13,2,114,117.73,366.9,0,1,1,0,117.73
2005,6,9,13,2,114,117.84,366.9,0,1,1,0,117.84
2005,6,9,13,2,114,117.95,366.9,0,1,1,0,117.95
2005,6,9,13,2,114,118.06,366.9,0,1,1,0,118.06
2005,6,9,13,2,114,118.17,366.9,0,1,1,0,118.17
2005,6,9,13,2,114,118.28,366.9,0,1,1,0,118.28
2005,6,9,13,2,114,118.39,366.9,0,1,1,0,118.39
2005,6,9,13,2,114,118.5,366.8,0,1,1,0,118.5
2005,6,9,14,2,114,99.87,447,0,1,1,0,99.87
2005,6,9,14,2,114,117.18,359.2,0,1,1,0,117.18
2005,6,9,14,2,114,117.29,359.2,0,1,1,0,117.29
2005,6,9,14,2,114,117.4,359.2,0,1,1,0,117.4
2005,6,9,14,2,114,117.51,359.2,0,1,1,0,117.51
2005,6,9,14,2,114,117.62,359.2,0,1,1,0,117.62
2005,6,9,14,2,114,117.73,359.2,0,1,1,0,117.73
2005,6,9,14,2,114,117.84,359.2,0,1,1,0,117.84
2005,6,9,14,2,114,117.95,359.2,0,1,1,0,117.95
2005,6,9,14,2,114,118.06,359.2,0,1,1,0,118.06
2005,6,9,14,2,114,118.17,359.2,0,1,1,0,118.17
2005,6,9,14,2,114,118.28,359.2,0,1,1,0,118.28
2005,6,9,14,2,114,118.39,359.2,0,1,1,0,118.39
2005,6,9,14,2,114,118.5,358.8,0,1,1,0,118.5
2005,6,9,15,2,114,99.87,469.1,0,1,1,0,99.87
2005,6,9,15,2,114,117.18,340.5,0,1,1,0,117.18
2005,6,9,15,2,114,117.29,340.5,0,1,1,0,117.29
2005,6,9,15,2,114,117.4,340.5,0,1,1,0,117.4
2005,6,9,15,2,114,117.51,340.5,0,1,1,0,117.51
2005,6,9,15,2,114,117.62,340.5,0,1,1,0,117.62
2005,6,9,15,2,114,117.73,340.5,0,1,1,0,117.73
2005,6,9,15,2,114,117.84,340.5,0,1,1,0,117.84
2005,6,9,15,2,114,117.95,340.5,0,1,1,0,117.95
2005,6,9,15,2,114,118.06,340.5,0,1,1,0,118.06
2005,6,9,15,2,114,118.17,340.5,0,1,1,0,118.17
2005,6,9,15,2,114,118.28,340.5,0,1,1,0,118.28
2005,6,9,15,2,114,118.39,340.5,0,1,1,0,118.39
2005,6,9,15,2,114,118.5,340.2,0,1,1,0,118.5
2005,6,9,16,2,114,99.87,469.6,0,1,1,0,99.87
2005,6,9,16,2,114,117.18,336.6,0,1,1,0,117.18
2005,6,9,16,2,114,117.29,336.6,0,1,1,0,117.29
2005,6,9,16,2,114,117.4,336.6,0,1,1,0,117.4
2005,6,9,16,2,114,117.51,336.6,0,1,1,0,117.51
2005,6,9,16,2,114,117.62,336.6,0,1,1,0,117.62
2005,6,9,16,2,114,117.73,336.6,0,1,1,0,117.73
2005,6,9,16,2,114,117.84,336.6,0,1,1,0,117.84
2005,6,9,16,2,114,117.95,336.6,0,1,1,0,117.95
2005,6,9,16,2,114,118.06,336.6,0,1,1,0,118.06
2005,6,9,16,2,114,118.17,336.6,0,1,1,0,118.17
2005,6,9,16,2,114,118.28,336.6,0,1,1,0,118.28
2005,6,9,16,2,114,118.39,336.6,0,1,1,0,118.39
2005,6,9,16,2,114,118.5,336.8,0,1,1,0,118.5
2005,6,9,17,2,114,99.87,453.6,0,1,1,0,99.87
2005,6,9,17,2,114,117.18,344.2,0,1,1,0,117.18
2005,6,9,17,2,114,117.29,344.2,0,1,1,0,117.29
2005,6,9,17,2,114,117.4,344.2,0,1,1,0,117.4
2005,6,9,17,2,114,117.51,344.2,0,1,1,0,117.51
2005,6,9,17,2,114,117.62,344.2,0,1,1,0,117.62
2005,6,9,17,2,114,117.73,344.2,0,1,1,0,117.73
2005,6,9,17,2,114,117.84,344.2,0,1,1,0,117.84
2005,6,9,17,2,114,117.95,344.2,0,1,1,0,117.95
2005,6,9,17,2,114,118.06,344.2,0,1,1,0,118.06
2005,6,9,17,2,114,118.17,344.2,0,1,1,0,118.17
2005,6,9,17,2,114,118.28,344.2,0,1,1,0,118.28
2005,6,9,17,2,114,118.39,344.2,0,1,1,0,118.39
2005,6,9,17,2,114,118.5,344.3,0,1,1,0,118.5
2005,6,9,18,2,114,99.87,447.4,0,1,1,0,99.87
2005,6,9,18,2,114,117.18,344,0,1,1,0,117.18
2005,6,9,18,2,114,117.29,344,0,1,1,0,117.29
2005,6,9,18,2,114,117.4,344,0,1,1,0,117.4
2005,6,9,18,2,114,117.51,344,0,1,1,0,117.51
2005,6,9,18,2,114,117.62,344,0,1,1,0,117.62
2005,6,9,18,2,114,117.73,344,0,1,1,0,117.73
2005,6,9,18,2,114,117.84,344,0,1,1,0,117.84
2005,6,9,18,2,114,117.95,344,0,1,1,0,117.95
2005,6,9,18,2,114,118.06,344,0,1,1,0,118.06
2005,6,9,18,2,114,118.17,344,0,1,1,0,118.17
2005,6,9,18,2,114,118.28,344,0,1,1,0,118.28
2005,6,9,18,2,114,118.39,344,0,1,1,0,118.39
2005,6,9,18,2,114,118.5,343.8,0,1,1,0,118.5
2005,6,9,19,2,114,99.87,452.6,0,1,1,0,99.87
2005,6,9,19,2,114,117.18,337.5,0,1,1,0,117.18
2005,6,9,19,2,114,117.29,337.5,0,1,1,0,117.29
2005,6,9,19,2,114,117.4,337.5,0,1,1,0,117.4
2005,6,9,19,2,114,117.51,337.5,0,1,1,0,117.51
2005,6,9,19,2,114,117.62,337.5,0,1,1,0,117.62
2005,6,9,19,2,114,117.73,337.5,0,1,1,0,117.73
2005,6,9,19,2,114,117.84,337.5,0,1,1,0,117.84
2005,6,9,19,2,114,117.95,337.5,0,1,1,0,117.95
2005,6,9,19,2,114,118.06,337.5,0,1,1,0,118.06
2005,6,9,19,2,114,118.17,337.5,0,1,1,0,118.17
2005,6,9,19,2,114,118.28,337.5,0,1,1,0,118.28
2005,6,9,19,2,114,118.39,337.5,0,1,1,0,118.39
2005,6,9,19,2,114,118.5,337,0,1,1,0,118.5
2005,6,9,20,2,114,99.87,452.6,0,1,1,0,99.87
2005,6,9,20,2,114,117.18,328.4,0,1,1,0,117.18
2005,6,9,20,2,114,117.29,328.4,0,1,1,0,117.29
2005,6,9,20,2,114,117.4,328.4,0,1,1,0,117.4
2005,6,9,20,2,114,117.51,328.4,0,1,1,0,117.51
2005,6,9,20,2,114,117.62,328.4,0,1,1,0,117.62
2005,6,9,20,2,114,117.73,328.4,0,1,1,0,117.73
2005,6,9,20,2,114,117.84,328.4,0,1,1,0,117.84
2005,6,9,20,2,114,117.95,328.4,0,1,1,0,117.95
2005,6,9,20,2,114,118.06,328.4,0,1,1,0,118.06
2005,6,9,20,2,114,118.17,328.4,0,1,1,0,118.17
2005,6,9,20,2,114,118.28,328.4,0,1,1,0,118.28
2005,6,9,20,2,114,118.39,328.4,0,1,1,0,118.39
2005,6,9,20,2,114,118.5,328.3,0,1,1,0,118.5
2005,6,9,21,2,114,99.87,451.8,0,1,1,0,99.87
2005,6,9,21,2,114,117.18,317,0,1,1,0,117.18
2005,6,9,21,2,114,117.29,317,0,1,1,0,117.29
2005,6,9,21,2,114,117.4,317,0,1,1,0,117.4
2005,6,9,21,2,114,117.51,317,0,1,1,0,117.51
2005,6,9,21,2,114,117.62,317,0,1,1,0,117.62
2005,6,9,21,2,114,117.73,317,0,1,1,0,117.73
2005,6,9,21,2,114,117.84,317,0,1,1,0,117.84
2005,6,9,21,2,114,117.95,317,0,1,1,0,117.95
2005,6,9,21,2,114,118.06,317,0,1,1,0,118.06
2005,6,9,21,2,114,118.17,317,0,1,1,0,118.17
2005,6,9,21,2,114,118.28,317,0,1,1,0,118.28
2005,6,9,21,2,114,118.39,317,0,1,1,0,118.39
2005,6,9,21,2,114,118.5,317.3,0,1,1,0,118.5
2005,6,9,22,2,114,99.87,451.8,0,1,1,0,99.87
2005,6,9,22,2,114,117.18,293.4,0,1,1,0,117.18
2005,6,9,22,2,114,117.29,293.4,0,1,1,0,117.29
2005,6,9,22,2,114,117.4,293.4,0,1,1,0,117.4
2005,6,9,22,2,114,117.51,293.4,0,1,1,0,117.51
2005,6,9,22,2,114,117.62,293.4,0,1,1,0,117.62
2005,6,9,22,2,114,117.73,293.4,0,1,1,0,117.73
2005,6,9,22,2,114,117.84,293.4,0,1,1,0,117.84
2005,6,9,22,2,114,117.95,293.4,0,1,1,0,117.95
2005,6,9,22,2,114,118.06,293.4,0,1,1,0,118.06
2005,6,9,22,2,114,118.17,293.4,0,1,1,0,118.17
2005,6,9,22,2,114,118.28,293.4,0,1,1,0,118.28
2005,6,9,22,2,114,118.39,293.4,0,1,1,0,118.39
2005,6,9,22,2,114,118.5,293.8,0,1,1,0,118.5
2005,6,9,23,2,114,99.87,468,0,1,1,0,99.87
2005,6,9,23,2,114,117.18,261.4,0,1,1,0,117.18
2005,6,9,23,2,114,117.29,261.4,0,1,1,0,117.29
2005,6,9,23,2,114,117.4,261.4,0,1,1,0,117.4
2005,6,9,23,2,114,117.51,261.4,0,1,1,0,117.51
2005,6,9,23,2,114,117.62,261.4,0,1,1,0,117.62
2005,6,9,23,2,114,117.73,261.4,0,1,1,0,117.73
2005,6,9,23,2,114,117.84,261.4,0,1,1,0,117.84
2005,6,9,23,2,114,117.95,261.4,0,1,1,0,117.95
2005,6,9,23,2,114,118.06,261.4,0,1,1,0,118.06
2005,6,9,23,2,114,118.17,261.4,0,1,1,0,118.17
2005,6,9,23,2,114,118.28,261.4,0,1,1,0,118.28
2005,6,9,23,2,114,118.39,261.4,0,1,1,0,118.39
2005,6,9,23,2,114,118.5,261.2,0,1,1,0,118.5
2005,6,9,24,2,114,117.18,280.6,0,1,1,0,117.18
2005,6,9,24,2,114,117.29,280.6,0,1,1,0,117.29
2005,6,9,24,2,114,117.4,280.6,0,1,1,0,117.4
2005,6,9,24,2,114,117.51,280.6,0,1,1,0,117.51
2005,6,9,24,2,114,117.62,280.6,0,1,1,0,117.62
2005,6,9,24,2,114,117.73,280.6,0,1,1,0,117.73
2005,6,9,24,2,114,117.84,280.6,0,1,1,0,117.84
2005,6,9,24,2,114,117.95,280.6,0,1,1,0,117.95
2005,6,9,24,2,114,118.06,280.6,0,1,1,0,118.06
2005,6,9,24,2,114,118.17,280.6,0,1,1,0,118.17
2005,6,9,24,2,114,118.28,280.6,0,1,1,0,118.28
2005,6,9,24,2,114,118.39,280.6,0,1,1,0,118.39
2005,6,9,24,2,114,118.5,280.4,0,1,1,0,118.5
2005,6,9,1,2,115,180.3,31.8,0,1,1,0,180.3
2005,6,9,2,2,115,180.3,26.7,0,1,1,0,180.3
2005,6,9,3,2,115,180.3,24.6,0,1,1,0,180.3
2005,6,9,4,2,115,180.3,23.6,0,1,1,0,180.3
2005,6,9,5,2,115,180.3,22.6,0,1,1,0,180.3
2005,6,9,6,2,115,180.3,22.6,0,1,1,0,180.3
2005,6,9,7,2,115,180.3,24.6,0,1,1,0,180.3
2005,6,9,8,2,115,180.3,35.9,0,1,1,0,180.3
2005,6,9,9,2,115,180.3,22.7,0,1,1,0,180.3
2005,6,9,10,2,115,180.3,33,0,1,1,0,180.3
2005,6,9,11,2,115,180.3,39.2,0,1,1,0,180.3
2005,6,9,12,2,115,180.3,41.2,0,1,1,0,180.3
2005,6,9,13,2,115,180.3,41.2,0,1,1,0,180.3
2005,6,9,14,2,115,180.3,37.1,0,1,1,0,180.3
2005,6,9,15,2,115,180.3,34,0,1,1,0,180.3
2005,6,9,16,2,115,180.3,35.1,0,1,1,0,180.3
2005,6,9,17,2,115,180.3,36.1,0,1,1,0,180.3
2005,6,9,18,2,115,180.3,35.1,0,1,1,0,180.3
2005,6,9,19,2,115,180.3,35.1,0,1,1,0,180.3
2005,6,9,20,2,115,180.3,34,0,1,1,0,180.3
2005,6,9,21,2,115,180.3,27.8,0,1,1,0,180.3
2005,6,9,22,2,115,180.3,27.8,0,1,1,0,180.3
2005,6,9,23,2,115,180.3,23.7,0,1,1,0,180.3
2005,6,9,24,2,115,180.3,14.4,0,1,1,0,180.3
2005,6,9,1,2,116,0,54.2,0,2,1,0,0
2005,6,9,2,2,116,0,54.2,0,2,1,0,0
2005,6,9,3,2,116,0,54.3,0,2,1,0,0
2005,6,9,4,2,116,0,54.6,0,2,1,0,0
2005,6,9,5,2,116,0,55,0,2,1,0,0
2005,6,9,6,2,116,0,55.1,0,2,1,0,0
2005,6,9,7,2,116,0,55.4,0,2,1,0,0
2005,6,9,8,2,116,0,55,0,2,1,0,0
2005,6,9,9,2,116,0,54.9,0,2,1,0,0
2005,6,9,10,2,116,0,54.7,0,2,1,0,0
2005,6,9,11,2,116,0,54.2,0,2,1,0,0
2005,6,9,12,2,116,0,52.9,0,2,1,0,0
2005,6,9,13,2,116,0,52.7,0,2,1,0,0
2005,6,9,14,2,116,0,53.5,0,2,1,0,0
2005,6,9,15,2,116,0,53.7,0,2,1,0,0
2005,6,9,16,2,116,0,53.4,0,2,1,0,0
2005,6,9,17,2,116,0,53.1,0,2,1,0,0
2005,6,9,18,2,116,0,53.2,0,2,1,0,0
2005,6,9,19,2,116,0,53.3,0,2,1,0,0
2005,6,9,20,2,116,0,53.4,0,2,1,0,0
2005,6,9,21,2,116,0,53.5,0,2,1,0,0
2005,6,9,22,2,116,0,53.9,0,2,1,0,0
2005,6,9,23,2,116,0,54.2,0,2,1,0,0
2005,6,9,24,2,116,0,54.2,0,2,1,0,0
2005,6,9,1,2,117,180.3,280,0,1,1,0,180.3
2005,6,9,2,2,117,180.3,245.2,0,1,1,0,180.3
2005,6,9,3,2,117,180.3,238.6,0,1,1,0,180.3
2005,6,9,4,2,117,180.3,237.2,0,1,1,0,180.3
2005,6,9,5,2,117,180.3,234.5,0,1,1,0,180.3
2005,6,9,6,2,117,180.3,235.7,0,1,1,0,180.3
2005,6,9,7,2,117,180.3,242.3,0,1,1,0,180.3
2005,6,9,8,2,117,180.3,260.5,0,1,1,0,180.3
2005,6,9,9,2,117,180.3,284.9,0,1,1,0,180.3
2005,6,9,10,2,117,180.3,332.6,0,1,1,0,180.3
2005,6,9,11,2,117,180.3,380.4,0,1,1,0,180.3
2005,6,9,12,2,117,180.3,385.8,0,1,1,0,180.3
2005,6,9,13,2,117,180.3,390.6,0,1,1,0,180.3
2005,6,9,14,2,117,180.3,350.8,0,1,1,0,180.3
2005,6,9,15,2,117,180.3,374.5,0,1,1,0,180.3
2005,6,9,16,2,117,180.3,390.1,0,1,1,0,180.3
2005,6,9,17,2,117,180.3,388.7,0,1,1,0,180.3
2005,6,9,18,2,117,180.3,385.7,0,1,1,0,180.3
2005,6,9,19,2,117,180.3,370.6,0,1,1,0,180.3
2005,6,9,20,2,117,180.3,352.3,0,1,1,0,180.3
2005,6,9,21,2,117,180.3,332.4,0,1,1,0,180.3
2005,6,9,22,2,117,180.3,321.8,0,1,1,0,180.3
2005,6,9,23,2,117,180.3,312.1,0,1,1,0,180.3
2005,6,9,24,2,117,180.3,285.9,0,1,1,0,180.3
2005,6,9,1,2,118,20,101.4,0,1,0,0,20
2005,6,9,2,2,118,18,101.4,0,1,0,0,18
2005,6,9,3,2,118,16,101.4,0,1,0,0,16
2005,6,9,4,2,118,13,101.4,0,1,0,0,13
2005,6,9,5,2,118,8,101.4,0,1,0,0,8
2005,6,9,6,2,118,17,101.4,0,1,0,0,17
2005,6,9,7,2,118,25,101.4,0,1,0,0,25
2005,6,9,8,2,118,35,101.4,0,1,0,0,35
2005,6,9,9,2,118,41,101.7,0,1,0,0,41
2005,6,9,10,2,118,46,101.7,0,1,0,0,46
2005,6,9,11,2,118,47,101.7,0,1,0,0,47
2005,6,9,12,2,118,52,101.7,0,1,0,0,52
2005,6,9,13,2,118,50,101.7,0,1,0,0,50
2005,6,9,14,2,118,46,101.7,0,1,0,0,46
2005,6,9,15,2,118,44,101.7,0,1,0,0,44
2005,6,9,16,2,118,42,101.7,0,1,0,0,42
2005,6,9,17,2,118,38,101.7,0,1,0,0,38
2005,6,9,18,2,118,36,101.7,0,1,0,0,36
2005,6,9,19,2,118,35,101.7,0,1,0,0,35
2005,6,9,20,2,118,33,101.7,0,1,0,0,33
2005,6,9,21,2,118,31,101.7,0,1,0,0,31
2005,6,9,22,2,118,30,101.7,0,1,0,0,30
2005,6,9,23,2,118,31,101.7,0,1,0,0,31
2005,6,9,24,2,118,26,101.7,0,1,0,0,26
2005,6,9,1,2,119,0,225,0,2,1,0,0
2005,6,9,2,2,119,0,225,0,2,1,0,0
2005,6,9,3,2,119,0,225,0,2,1,0,0
2005,6,9,4,2,119,0,225,0,2,1,0,0
2005,6,9,5,2,119,0,225,0,2,1,0,0
2005,6,9,6,2,119,0,225,0,2,1,0,0
2005,6,9,10,2,119,0,225,0,2,1,0,0
2005,6,9,11,2,119,0,225,0,2,1,0,0
2005,6,9,12,2,119,0,225,0,2,1,0,0
2005,6,9,13,2,119,0,225,0,2,1,0,0
2005,6,9,14,2,119,0,225,0,2,1,0,0
2005,6,9,15,2,119,0,225,0,2,1,0,0
2005,6,9,16,2,119,0,225,0,2,1,0,0
2005,6,9,17,2,119,0,225,0,2,1,0,0
2005,6,9,18,2,119,0,225,0,2,1,0,0
2005,6,9,19,2,119,0,225,0,2,1,0,0
2005,6,9,20,2,119,0,225,0,2,1,0,0
2005,6,9,21,2,119,0,225,0,2,1,0,0
2005,6,9,22,2,119,0,225,0,2,1,0,0
2005,6,9,23,2,119,0,225,0,2,1,0,0
2005,6,9,24,2,119,0,225,0,2,1,0,0
2005,6,9,1,2,120,1,50,0,1,0,0,1
2005,6,9,2,2,120,42,50,0,1,1,0,42
2005,6,9,3,2,120,42,50,0,1,1,0,42
2005,6,9,4,2,120,42,50,0,1,1,0,42
2005,6,9,5,2,120,42,50,0,1,1,0,42
2005,6,9,6,2,120,42,50,0,1,1,0,42
2005,6,9,7,2,120,42,50,0,1,1,0,42
2005,6,9,8,2,120,1,50,0,1,0,0,1
2005,6,9,9,2,120,1,50,0,1,0,0,1
2005,6,9,10,2,120,1,50,0,1,0,0,1
2005,6,9,11,2,120,1,50,0,1,0,0,1
2005,6,9,12,2,120,1,50,0,1,0,0,1
2005,6,9,13,2,120,1,50,0,1,0,0,1
2005,6,9,14,2,120,1,50,0,1,0,0,1
2005,6,9,15,2,120,1,50,0,1,0,0,1
2005,6,9,16,2,120,1,50,0,1,0,0,1
2005,6,9,17,2,120,1,50,0,1,0,0,1
2005,6,9,18,2,120,1,50,0,1,0,0,1
2005,6,9,19,2,120,1,50,0,1,0,0,1
2005,6,9,20,2,120,1,50,0,1,0,0,1
2005,6,9,21,2,120,1,50,0,1,0,0,1
2005,6,9,22,2,120,1,50,0,1,0,0,1
2005,6,9,23,2,120,1,50,0,1,0,0,1
2005,6,9,24,2,120,1,50,0,1,0,0,1
2005,6,9,1,9,121,0,2.5,0,2,1,0,0
2005,6,9,2,9,121,0,2.5,0,2,1,0,0
2005,6,9,3,9,121,0,2.5,0,2,1,0,0
2005,6,9,4,9,121,0,2.5,0,2,1,0,0
2005,6,9,5,9,121,0,2.5,0,2,1,0,0
2005,6,9,6,9,121,0,2.5,0,2,1,0,0
2005,6,9,7,9,121,0,2.5,0,2,1,0,0
2005,6,9,8,9,121,0,2.5,0,2,1,0,0
2005,6,9,9,9,121,0,2.4,0,2,1,0,0
2005,6,9,10,9,121,0,2.4,0,2,1,0,0
2005,6,9,11,9,121,0,2.4,0,2,1,0,0
2005,6,9,12,9,121,0,2.4,0,2,1,0,0
2005,6,9,13,9,121,0,2.3,0,2,1,0,0
2005,6,9,14,9,121,0,2.3,0,2,1,0,0
2005,6,9,15,9,121,0,2.3,0,2,1,0,0
2005,6,9,16,9,121,0,2.3,0,2,1,0,0
2005,6,9,17,9,121,0,2.3,0,2,1,0,0
2005,6,9,18,9,121,0,2.3,0,2,1,0,0
2005,6,9,19,9,121,0,2.3,0,2,1,0,0
2005,6,9,20,9,121,0,2.3,0,2,1,0,0
2005,6,9,21,9,121,0,2.3,0,2,1,0,0
2005,6,9,22,9,121,0,2.4,0,2,1,0,0
2005,6,9,23,9,121,0,2.4,0,2,1,0,0
2005,6,9,24,9,121,0,2.5,0,2,1,0,0
2005,6,9,1,9,122,0,17.7,0,2,1,0,0
2005,6,9,2,9,122,0,15.2,0,2,1,0,0
2005,6,9,3,9,122,0,19.4,0,2,1,0,0
2005,6,9,4,9,122,0,20.3,0,2,1,0,0
2005,6,9,5,9,122,0,12.3,0,2,1,0,0
2005,6,9,6,9,122,0,12.6,0,2,1,0,0
2005,6,9,7,9,122,0,11.3,0,2,1,0,0
2005,6,9,8,9,122,0,9.9,0,2,1,0,0
2005,6,9,9,9,122,0,9,0,2,1,0,0
2005,6,9,10,9,122,0,8.3,0,2,1,0,0
2005,6,9,11,9,122,0,7.8,0,2,1,0,0
2005,6,9,12,9,122,0,8.5,0,2,1,0,0
2005,6,9,13,9,122,0,5.6,0,2,1,0,0
2005,6,9,14,9,122,0,.3,0,2,1,0,0
2005,6,9,15,9,122,0,3.3,0,2,1,0,0
2005,6,9,16,9,122,0,6.4,0,2,1,0,0
2005,6,9,17,9,122,0,8.6,0,2,1,0,0
2005,6,9,18,9,122,0,10.8,0,2,1,0,0
2005,6,9,19,9,122,0,13.2,0,2,1,0,0
2005,6,9,20,9,122,0,15.3,0,2,1,0,0
2005,6,9,21,9,122,0,16.3,0,2,1,0,0
2005,6,9,22,9,122,0,24.7,0,2,1,0,0
2005,6,9,23,9,122,0,24.5,0,2,1,0,0
2005,6,9,24,9,122,0,21.7,0,2,1,0,0
2005,6,9,1,9,123,0,18.9,0,2,1,0,0
2005,6,9,2,9,123,0,19,0,2,1,0,0
2005,6,9,3,9,123,0,18.8,0,2,1,0,0
2005,6,9,4,9,123,0,18.8,0,2,1,0,0
2005,6,9,5,9,123,0,18.8,0,2,1,0,0
2005,6,9,6,9,123,0,18.9,0,2,1,0,0
2005,6,9,7,9,123,0,18.9,0,2,1,0,0
2005,6,9,8,9,123,0,18.9,0,2,1,0,0
2005,6,9,9,9,123,0,19.4,0,2,1,0,0
2005,6,9,10,9,123,0,19,0,2,1,0,0
2005,6,9,11,9,123,0,18.9,0,2,1,0,0
2005,6,9,12,9,123,0,18.7,0,2,1,0,0
2005,6,9,13,9,123,0,18.8,0,2,1,0,0
2005,6,9,14,9,123,0,18.5,0,2,1,0,0
2005,6,9,15,9,123,0,18.5,0,2,1,0,0
2005,6,9,16,9,123,0,18.6,0,2,1,0,0
2005,6,9,17,9,123,0,18.4,0,2,1,0,0
2005,6,9,18,9,123,0,18.5,0,2,1,0,0
2005,6,9,19,9,123,0,18.5,0,2,1,0,0
2005,6,9,20,9,123,0,18.8,0,2,1,0,0
2005,6,9,21,9,123,0,19,0,2,1,0,0
2005,6,9,22,9,123,0,19,0,2,1,0,0
2005,6,9,23,9,123,0,19,0,2,1,0,0
2005,6,9,24,9,123,0,19.1,0,2,1,0,0
2005,6,9,1,1,1058,131.4,267.8,.800689,2,0,0,131.4
2005,6,9,2,1,1058,131.4,267.8,.800689,2,0,0,131.4
2005,6,9,3,1,1058,131.4,267.8,.800689,2,0,0,131.4
2005,6,9,4,1,1058,131.4,267.8,.800689,2,0,0,131.4
2005,6,9,5,1,1058,131.4,267.8,.800689,2,0,0,131.4
2005,6,9,6,1,1058,131.4,267.8,.800689,2,0,0,131.4
2005,6,9,7,1,1058,131.4,267.8,.800689,2,0,0,131.4
2005,6,9,8,1,1058,131.4,267.8,.800689,2,0,0,131.4
2005,6,9,9,1,1058,131.4,267.8,.800689,2,0,0,131.4
2005,6,9,10,1,1058,131.4,267.8,.800689,2,0,0,131.4
2005,6,9,11,1,1058,131.4,267.8,.800689,2,0,0,131.4
2005,6,9,12,1,1058,131.4,267.8,.800689,2,0,0,131.4
2005,6,9,13,1,1058,131.4,267.8,.800689,2,0,0,131.4
2005,6,9,14,1,1058,131.4,267.8,.800689,2,0,0,131.4
2005,6,9,15,1,1058,131.4,267.8,.800689,2,0,0,131.4
2005,6,9,16,1,1058,131.4,267.8,.800689,2,0,0,131.4
2005,6,9,17,1,1058,131.4,267.8,.800689,2,0,0,131.4
2005,6,9,18,1,1058,131.4,267.8,.800689,2,0,0,131.4
2005,6,9,19,1,1058,131.4,267.8,.800689,2,0,0,131.4
2005,6,9,20,1,1058,131.4,267.8,.800689,2,0,0,131.4
2005,6,9,21,1,1058,131.4,267.8,.800689,2,0,0,131.4
2005,6,9,22,1,1058,131.4,267.8,.800689,2,0,0,131.4
2005,6,9,23,1,1058,131.4,267.8,.800689,2,0,0,131.4
2005,6,9,24,1,1058,131.4,267.8,.800689,2,0,0,131.4
2005,6,9,1,1,1059,131.31,269.5,.800689,2,0,0,131.31
2005,6,9,2,1,1059,131.31,269.5,.800689,2,0,0,131.31
2005,6,9,3,1,1059,131.31,269.5,.800689,2,0,0,131.31
2005,6,9,4,1,1059,131.31,269.5,.800689,2,0,0,131.31
2005,6,9,5,1,1059,131.31,269.5,.800689,2,0,0,131.31
2005,6,9,6,1,1059,131.31,269.5,.800689,2,0,0,131.31
2005,6,9,7,1,1059,131.31,269.5,.800689,2,0,0,131.31
2005,6,9,8,1,1059,131.31,269.5,.800689,2,0,0,131.31
2005,6,9,9,1,1059,131.31,269.5,.800689,2,0,0,131.31
2005,6,9,10,1,1059,131.31,269.5,.800689,2,0,0,131.31
2005,6,9,11,1,1059,131.31,269.5,.800689,2,0,0,131.31
2005,6,9,12,1,1059,131.31,269.5,.800689,2,0,0,131.31
2005,6,9,13,1,1059,131.31,269.5,.800689,2,0,0,131.31
2005,6,9,14,1,1059,131.31,269.5,.800689,2,0,0,131.31
2005,6,9,15,1,1059,131.31,269.5,.800689,2,0,0,131.31
2005,6,9,16,1,1059,131.31,269.5,.800689,2,0,0,131.31
2005,6,9,17,1,1059,131.31,269.5,.800689,2,0,0,131.31
2005,6,9,18,1,1059,131.31,269.5,.800689,2,0,0,131.31
2005,6,9,19,1,1059,131.31,269.5,.800689,2,0,0,131.31
2005,6,9,20,1,1059,131.31,269.5,.800689,2,0,0,131.31
2005,6,9,21,1,1059,131.31,269.5,.800689,2,0,0,131.31
2005,6,9,22,1,1059,131.31,269.5,.800689,2,0,0,131.31
2005,6,9,23,1,1059,131.31,269.5,.800689,2,0,0,131.31
2005,6,9,24,1,1059,131.31,269.5,.800689,2,0,0,131.31
2005,6,9,1,9,126,180.3,.8,0,1,1,0,180.3
2005,6,9,2,9,126,180.3,.8,0,1,1,0,180.3
2005,6,9,3,9,126,180.3,.8,0,1,1,0,180.3
2005,6,9,4,9,126,180.3,.8,0,1,1,0,180.3
2005,6,9,5,9,126,180.3,.8,0,1,1,0,180.3
2005,6,9,6,9,126,180.3,.8,0,1,1,0,180.3
2005,6,9,7,9,126,180.3,.9,0,1,1,0,180.3
2005,6,9,8,9,126,180.3,1,0,1,1,0,180.3
2005,6,9,9,9,126,180.3,1,0,1,1,0,180.3
2005,6,9,10,9,126,180.3,1.1,0,1,1,0,180.3
2005,6,9,11,9,126,180.3,1.1,0,1,1,0,180.3
2005,6,9,12,9,126,180.3,1.1,0,1,1,0,180.3
2005,6,9,13,9,126,180.3,1.1,0,1,1,0,180.3
2005,6,9,14,9,126,180.3,1,0,1,1,0,180.3
2005,6,9,15,9,126,180.3,1,0,1,1,0,180.3
2005,6,9,16,9,126,180.3,1,0,1,1,0,180.3
2005,6,9,17,9,126,180.3,1,0,1,1,0,180.3
2005,6,9,18,9,126,180.3,1,0,1,1,0,180.3
2005,6,9,19,9,126,180.3,1,0,1,1,0,180.3
2005,6,9,20,9,126,180.3,1.1,0,1,1,0,180.3
2005,6,9,21,9,126,180.3,1.3,0,1,1,0,180.3
2005,6,9,22,9,126,180.3,1.1,0,1,1,0,180.3
2005,6,9,23,9,126,180.3,1,0,1,1,0,180.3
2005,6,9,24,9,126,180.3,.8,0,1,1,0,180.3
2005,6,9,1,9,127,0,16.6,0,2,1,0,0
2005,6,9,1,9,127,150,7.4,0,2,0,0,150
2005,6,9,2,9,127,0,16.6,0,2,1,0,0
2005,6,9,2,9,127,150,7.4,0,2,0,0,150
2005,6,9,3,9,127,0,16.5,0,2,1,0,0
2005,6,9,3,9,127,150,7.5,0,2,0,0,150
2005,6,9,4,9,127,0,16.5,0,2,1,0,0
2005,6,9,4,9,127,150,7.5,0,2,0,0,150
2005,6,9,5,9,127,0,16.5,0,2,1,0,0
2005,6,9,5,9,127,150,7.5,0,2,0,0,150
2005,6,9,6,9,127,0,16.5,0,2,1,0,0
2005,6,9,6,9,127,150,7.5,0,2,0,0,150
2005,6,9,7,9,127,0,15.9,0,2,1,0,0
2005,6,9,7,9,127,150,8.1,0,2,0,0,150
2005,6,9,8,9,127,0,15,0,2,1,0,0
2005,6,9,8,9,127,150,9,0,2,0,0,150
2005,6,9,9,9,127,0,15,0,2,1,0,0
2005,6,9,9,9,127,150,9,0,2,0,0,150
2005,6,9,10,9,127,0,15,0,2,1,0,0
2005,6,9,10,9,127,150,9,0,2,0,0,150
2005,6,9,11,9,127,0,15.8,0,2,1,0,0
2005,6,9,11,9,127,150,8.2,0,2,0,0,150
2005,6,9,12,9,127,0,15.5,0,2,1,0,0
2005,6,9,12,9,127,150,8.5,0,2,0,0,150
2005,6,9,13,9,127,0,15.7,0,2,1,0,0
2005,6,9,13,9,127,150,8.3,0,2,0,0,150
2005,6,9,14,9,127,0,15.8,0,2,1,0,0
2005,6,9,14,9,127,150,8.2,0,2,0,0,150
2005,6,9,15,9,127,0,15.9,0,2,1,0,0
2005,6,9,15,9,127,150,8.1,0,2,0,0,150
2005,6,9,16,9,127,0,15.9,0,2,1,0,0
2005,6,9,16,9,127,150,8.1,0,2,0,0,150
2005,6,9,17,9,127,0,15.9,0,2,1,0,0
2005,6,9,17,9,127,150,8.1,0,2,0,0,150
2005,6,9,18,9,127,0,15.8,0,2,1,0,0
2005,6,9,18,9,127,150,8.2,0,2,0,0,150
2005,6,9,19,9,127,0,15.7,0,2,1,0,0
2005,6,9,19,9,127,150,8.3,0,2,0,0,150
2005,6,9,20,9,127,0,15.5,0,2,1,0,0
2005,6,9,20,9,127,150,8.5,0,2,0,0,150
2005,6,9,21,9,127,0,15.4,0,2,1,0,0
2005,6,9,21,9,127,150,8.6,0,2,0,0,150
2005,6,9,22,9,127,0,15.2,0,2,1,0,0
2005,6,9,22,9,127,150,8.8,0,2,0,0,150
2005,6,9,23,9,127,0,16,0,2,1,0,0
2005,6,9,23,9,127,150,8,0,2,0,0,150
2005,6,9,24,9,127,0,16.3,0,2,1,0,0
2005,6,9,24,9,127,150,7.7,0,2,0,0,150
2005,6,9,1,2,1064,1,89,.579541,2,1,0,1
2005,6,9,1,2,1064,56.01,361,.579541,2,0,0,62.534922
2005,6,9,1,2,1064,120.02,52,.579541,2,0,0,120.02
2005,6,9,2,2,1064,1,89,.579541,2,1,0,1
2005,6,9,2,2,1064,56.01,361,.579541,2,0,0,62.534922
2005,6,9,2,2,1064,120.02,52,.579541,2,0,0,120.02
2005,6,9,3,2,1064,1,89,.579541,2,1,0,1
2005,6,9,3,2,1064,56.01,361,.579541,2,0,0,62.534922
2005,6,9,3,2,1064,120.02,52,.579541,2,0,0,120.02
2005,6,9,4,2,1064,1,89,.579541,2,1,0,1
2005,6,9,4,2,1064,56.01,361,.579541,2,0,0,62.534922
2005,6,9,4,2,1064,120.02,52,.579541,2,0,0,120.02
2005,6,9,5,2,1064,1,89,.579541,2,1,0,1
2005,6,9,5,2,1064,56.01,361,.579541,2,0,0,62.534922
2005,6,9,5,2,1064,120.02,52,.579541,2,0,0,120.02
2005,6,9,6,2,1064,1,89,.579541,2,1,0,1
2005,6,9,6,2,1064,56.01,361,.579541,2,0,0,62.534922
2005,6,9,6,2,1064,120.02,52,.579541,2,0,0,120.02
2005,6,9,7,2,1064,1,89,.579541,2,1,0,1
2005,6,9,7,2,1064,56.01,361,.579541,2,0,0,62.534922
2005,6,9,7,2,1064,120.02,52,.579541,2,0,0,120.02
2005,6,9,8,2,1064,1,89,.579541,2,1,0,1
2005,6,9,8,2,1064,56.01,361,.579541,2,0,0,62.534922
2005,6,9,8,2,1064,120.02,52,.579541,2,0,0,120.02
2005,6,9,9,2,1064,1,89,.579541,2,1,0,1
2005,6,9,9,2,1064,56.01,361,.579541,2,1,0,62.534922
2005,6,9,9,2,1064,120.02,52,.579541,2,0,0,120.02
2005,6,9,10,2,1064,1,89,.579541,2,1,0,1
2005,6,9,10,2,1064,56.01,361,.579541,2,1,0,62.534922
2005,6,9,10,2,1064,120.02,52,.579541,2,0,0,120.02
2005,6,9,11,2,1064,1,89,.579541,2,1,0,1
2005,6,9,11,2,1064,56.01,361,.579541,2,1,0,62.534922
2005,6,9,11,2,1064,120.02,52,.579541,2,0,0,120.02
2005,6,9,12,2,1064,1,89,.579541,2,1,0,1
2005,6,9,12,2,1064,56.01,361,.579541,2,1,0,62.534922
2005,6,9,12,2,1064,120.02,52,.579541,2,0,0,120.02
2005,6,9,13,2,1064,1,89,.579541,2,1,0,1
2005,6,9,13,2,1064,56.01,361,.579541,2,1,0,62.534922
2005,6,9,13,2,1064,120.02,52,.579541,2,0,0,120.02
2005,6,9,14,2,1064,1,89,.579541,2,1,0,1
2005,6,9,14,2,1064,56.01,361,.579541,2,1,0,62.534922
2005,6,9,14,2,1064,120.02,52,.579541,2,0,0,120.02
2005,6,9,15,2,1064,1,89,.579541,2,1,0,1
2005,6,9,15,2,1064,56.01,361,.579541,2,1,0,62.534922
2005,6,9,15,2,1064,120.02,52,.579541,2,0,0,120.02
2005,6,9,16,2,1064,1,89,.579541,2,1,0,1
2005,6,9,16,2,1064,56.01,361,.579541,2,1,0,62.534922
2005,6,9,16,2,1064,120.02,52,.579541,2,0,0,120.02
2005,6,9,17,2,1064,1,89,.579541,2,1,0,1
2005,6,9,17,2,1064,56.01,361,.579541,2,1,0,62.534922
2005,6,9,17,2,1064,120.02,52,.579541,2,0,0,120.02
2005,6,9,18,2,1064,1,89,.579541,2,1,0,1
2005,6,9,18,2,1064,56.01,361,.579541,2,1,0,62.534922
2005,6,9,18,2,1064,120.02,52,.579541,2,0,0,120.02
2005,6,9,19,2,1064,1,89,.579541,2,1,0,1
2005,6,9,19,2,1064,56.01,361,.579541,2,1,0,62.534922
2005,6,9,19,2,1064,120.02,52,.579541,2,0,0,120.02
2005,6,9,20,2,1064,1,89,.579541,2,1,0,1
2005,6,9,20,2,1064,56.01,361,.579541,2,1,0,62.534922
2005,6,9,20,2,1064,120.02,52,.579541,2,0,0,120.02
2005,6,9,21,2,1064,1,89,.579541,2,1,0,1
2005,6,9,21,2,1064,56.01,361,.579541,2,1,0,62.534922
2005,6,9,21,2,1064,120.02,52,.579541,2,0,0,120.02
2005,6,9,22,2,1064,1,89,.579541,2,1,0,1
2005,6,9,22,2,1064,56.01,361,.579541,2,1,0,62.534922
2005,6,9,22,2,1064,120.02,52,.579541,2,0,0,120.02
2005,6,9,23,2,1064,1,89,.579541,2,1,0,1
2005,6,9,23,2,1064,56.01,361,.579541,2,1,0,62.534922
2005,6,9,23,2,1064,120.02,52,.579541,2,0,0,120.02
2005,6,9,24,2,1064,1,89,.579541,2,1,0,1
2005,6,9,24,2,1064,56.01,361,.579541,2,0,0,62.534922
2005,6,9,24,2,1064,120.02,52,.579541,2,0,0,120.02
2005,6,9,1,1,129,0,222.5,0,2,1,0,0
2005,6,9,1,1,129,120.01,10.5,0,2,0,0,120.01
2005,6,9,2,1,129,0,222.5,0,2,1,0,0
2005,6,9,2,1,129,120.01,10.5,0,2,0,0,120.01
2005,6,9,3,1,129,0,222.5,0,2,1,0,0
2005,6,9,3,1,129,120.01,10.5,0,2,0,0,120.01
2005,6,9,4,1,129,0,222.5,0,2,1,0,0
2005,6,9,4,1,129,120.01,10.5,0,2,0,0,120.01
2005,6,9,5,1,129,0,222.5,0,2,1,0,0
2005,6,9,5,1,129,120.01,10.5,0,2,0,0,120.01
2005,6,9,6,1,129,0,222.5,0,2,1,0,0
2005,6,9,6,1,129,120.01,10.5,0,2,0,0,120.01
2005,6,9,7,1,129,0,222.5,0,2,1,0,0
2005,6,9,7,1,129,120.01,10.5,0,2,0,0,120.01
2005,6,9,8,1,129,0,222.5,0,2,1,0,0
2005,6,9,8,1,129,120.01,10.5,0,2,0,0,120.01
2005,6,9,9,1,129,0,222.5,0,2,1,0,0
2005,6,9,9,1,129,120.01,10.5,0,2,0,0,120.01
2005,6,9,10,1,129,0,222.5,0,2,1,0,0
2005,6,9,10,1,129,120.01,10.5,0,2,0,0,120.01
2005,6,9,11,1,129,0,222.5,0,2,1,0,0
2005,6,9,11,1,129,120.01,10.5,0,2,0,0,120.01
2005,6,9,12,1,129,0,222.5,0,2,1,0,0
2005,6,9,12,1,129,120.01,10.5,0,2,0,0,120.01
2005,6,9,13,1,129,0,222.5,0,2,1,0,0
2005,6,9,13,1,129,120.01,10.5,0,2,0,0,120.01
2005,6,9,14,1,129,0,222.5,0,2,1,0,0
2005,6,9,14,1,129,120.01,10.5,0,2,0,0,120.01
2005,6,9,15,1,129,0,222.5,0,2,1,0,0
2005,6,9,15,1,129,120.01,10.5,0,2,0,0,120.01
2005,6,9,16,1,129,0,222.5,0,2,1,0,0
2005,6,9,16,1,129,120.01,10.5,0,2,0,0,120.01
2005,6,9,17,1,129,0,222.5,0,2,1,0,0
2005,6,9,17,1,129,120.01,10.5,0,2,0,0,120.01
2005,6,9,18,1,129,0,222.5,0,2,1,0,0
2005,6,9,18,1,129,120.01,10.5,0,2,0,0,120.01
2005,6,9,19,1,129,0,222.5,0,2,1,0,0
2005,6,9,19,1,129,120.01,10.5,0,2,0,0,120.01
2005,6,9,20,1,129,0,222.5,0,2,1,0,0
2005,6,9,20,1,129,120.01,10.5,0,2,0,0,120.01
2005,6,9,21,1,129,0,222.5,0,2,1,0,0
2005,6,9,21,1,129,120.01,10.5,0,2,0,0,120.01
2005,6,9,22,1,129,0,222.5,0,2,1,0,0
2005,6,9,22,1,129,120.01,10.5,0,2,0,0,120.01
2005,6,9,23,1,129,0,222.5,0,2,1,0,0
2005,6,9,23,1,129,120.01,10.5,0,2,0,0,120.01
2005,6,9,24,1,129,0,222.5,0,2,1,0,0
2005,6,9,24,1,129,120.01,10.5,0,2,0,0,120.01
2005,6,9,1,2,129,0,222.5,0,2,1,0,0
2005,6,9,1,2,129,120.01,10.5,0,2,0,0,120.01
2005,6,9,2,2,129,0,222.5,0,2,1,0,0
2005,6,9,2,2,129,120.01,10.5,0,2,0,0,120.01
2005,6,9,3,2,129,0,222.5,0,2,1,0,0
2005,6,9,3,2,129,120.01,10.5,0,2,0,0,120.01
2005,6,9,4,2,129,0,222.5,0,2,1,0,0
2005,6,9,4,2,129,120.01,10.5,0,2,0,0,120.01
2005,6,9,5,2,129,0,222.5,0,2,1,0,0
2005,6,9,5,2,129,120.01,10.5,0,2,0,0,120.01
2005,6,9,6,2,129,0,222.5,0,2,1,0,0
2005,6,9,6,2,129,120.01,10.5,0,2,0,0,120.01
2005,6,9,7,2,129,0,222.5,0,2,1,0,0
2005,6,9,7,2,129,120.01,10.5,0,2,0,0,120.01
2005,6,9,8,2,129,0,222.5,0,2,1,0,0
2005,6,9,8,2,129,120.01,10.5,0,2,0,0,120.01
2005,6,9,9,2,129,0,222.5,0,2,1,0,0
2005,6,9,9,2,129,120.01,10.5,0,2,0,0,120.01
2005,6,9,10,2,129,0,222.5,0,2,1,0,0
2005,6,9,10,2,129,120.01,10.5,0,2,0,0,120.01
2005,6,9,11,2,129,0,222.5,0,2,1,0,0
2005,6,9,11,2,129,120.01,10.5,0,2,0,0,120.01
2005,6,9,12,2,129,0,222.5,0,2,1,0,0
2005,6,9,12,2,129,120.01,10.5,0,2,0,0,120.01
2005,6,9,13,2,129,0,222.5,0,2,1,0,0
2005,6,9,13,2,129,120.01,10.5,0,2,0,0,120.01
2005,6,9,14,2,129,0,222.5,0,2,1,0,0
2005,6,9,14,2,129,120.01,10.5,0,2,0,0,120.01
2005,6,9,15,2,129,0,222.5,0,2,1,0,0
2005,6,9,15,2,129,120.01,10.5,0,2,0,0,120.01
2005,6,9,16,2,129,0,222.5,0,2,1,0,0
2005,6,9,16,2,129,120.01,10.5,0,2,0,0,120.01
2005,6,9,17,2,129,0,222.5,0,2,1,0,0
2005,6,9,17,2,129,120.01,10.5,0,2,0,0,120.01
2005,6,9,18,2,129,0,222.5,0,2,1,0,0
2005,6,9,18,2,129,120.01,10.5,0,2,0,0,120.01
2005,6,9,19,2,129,0,222.5,0,2,1,0,0
2005,6,9,19,2,129,120.01,10.5,0,2,0,0,120.01
2005,6,9,20,2,129,0,222.5,0,2,1,0,0
2005,6,9,20,2,129,120.01,10.5,0,2,0,0,120.01
2005,6,9,21,2,129,0,222.5,0,2,1,0,0
2005,6,9,21,2,129,120.01,10.5,0,2,0,0,120.01
2005,6,9,22,2,129,0,222.5,0,2,1,0,0
2005,6,9,22,2,129,120.01,10.5,0,2,0,0,120.01
2005,6,9,23,2,129,0,222.5,0,2,1,0,0
2005,6,9,23,2,129,120.01,10.5,0,2,0,0,120.01
2005,6,9,24,2,129,0,222.5,0,2,1,0,0
2005,6,9,24,2,129,120.01,10.5,0,2,0,0,120.01
2005,6,9,1,4,130,0,2.9,0,2,1,0,0
2005,6,9,2,4,130,0,2.9,0,2,1,0,0
2005,6,9,3,4,130,0,2.9,0,2,1,0,0
2005,6,9,4,4,130,0,2.9,0,2,1,0,0
2005,6,9,5,4,130,0,2.9,0,2,1,0,0
2005,6,9,6,4,130,0,2.9,0,2,1,0,0
2005,6,9,7,4,130,0,2.9,0,2,1,0,0
2005,6,9,8,4,130,0,2.9,0,2,1,0,0
2005,6,9,9,4,130,0,2.9,0,2,1,0,0
2005,6,9,10,4,130,0,2.9,0,2,1,0,0
2005,6,9,11,4,130,0,2.9,0,2,1,0,0
2005,6,9,12,4,130,0,2.9,0,2,1,0,0
2005,6,9,13,4,130,0,2.9,0,2,1,0,0
2005,6,9,14,4,130,0,2.9,0,2,1,0,0
2005,6,9,15,4,130,0,2.9,0,2,1,0,0
2005,6,9,16,4,130,0,2.9,0,2,1,0,0
2005,6,9,17,4,130,0,2.9,0,2,1,0,0
2005,6,9,18,4,130,0,2.9,0,2,1,0,0
2005,6,9,19,4,130,0,2.9,0,2,1,0,0
2005,6,9,20,4,130,0,2.9,0,2,1,0,0
2005,6,9,21,4,130,0,2.9,0,2,1,0,0
2005,6,9,22,4,130,0,2.9,0,2,1,0,0
2005,6,9,23,4,130,0,2.9,0,2,1,0,0
2005,6,9,24,4,130,0,2.9,0,2,1,0,0
2005,6,9,1,9,130,0,2.9,0,2,1,0,0
2005,6,9,2,9,130,0,2.9,0,2,1,0,0
2005,6,9,3,9,130,0,2.9,0,2,1,0,0
2005,6,9,4,9,130,0,2.9,0,2,1,0,0
2005,6,9,5,9,130,0,2.9,0,2,1,0,0
2005,6,9,6,9,130,0,2.9,0,2,1,0,0
2005,6,9,7,9,130,0,2.9,0,2,1,0,0
2005,6,9,8,9,130,0,2.9,0,2,1,0,0
2005,6,9,9,9,130,0,2.9,0,2,1,0,0
2005,6,9,10,9,130,0,2.9,0,2,1,0,0
2005,6,9,11,9,130,0,2.9,0,2,1,0,0
2005,6,9,12,9,130,0,2.9,0,2,1,0,0
2005,6,9,13,9,130,0,2.9,0,2,1,0,0
2005,6,9,14,9,130,0,2.9,0,2,1,0,0
2005,6,9,15,9,130,0,2.9,0,2,1,0,0
2005,6,9,16,9,130,0,2.9,0,2,1,0,0
2005,6,9,17,9,130,0,2.9,0,2,1,0,0
2005,6,9,18,9,130,0,2.9,0,2,1,0,0
2005,6,9,19,9,130,0,2.9,0,2,1,0,0
2005,6,9,20,9,130,0,2.9,0,2,1,0,0
2005,6,9,21,9,130,0,2.9,0,2,1,0,0
2005,6,9,22,9,130,0,2.9,0,2,1,0,0
2005,6,9,23,9,130,0,2.9,0,2,1,0,0
2005,6,9,24,9,130,0,2.9,0,2,1,0,0
2005,6,9,1,9,131,0,14.7,0,2,1,0,0
2005,6,9,2,9,131,0,14.7,0,2,1,0,0
2005,6,9,3,9,131,0,14.7,0,2,1,0,0
2005,6,9,4,9,131,0,14.7,0,2,1,0,0
2005,6,9,5,9,131,0,14.7,0,2,1,0,0
2005,6,9,6,9,131,0,14.7,0,2,1,0,0
2005,6,9,7,9,131,0,14.7,0,2,1,0,0
2005,6,9,8,9,131,0,14.7,0,2,1,0,0
2005,6,9,9,9,131,0,14.7,0,2,1,0,0
2005,6,9,10,9,131,0,14.7,0,2,1,0,0
2005,6,9,11,9,131,0,14.7,0,2,1,0,0
2005,6,9,12,9,131,0,14.7,0,2,1,0,0
2005,6,9,13,9,131,0,14.7,0,2,1,0,0
2005,6,9,14,9,131,0,14.7,0,2,1,0,0
2005,6,9,15,9,131,0,14.7,0,2,1,0,0
2005,6,9,16,9,131,0,14.7,0,2,1,0,0
2005,6,9,17,9,131,0,14.7,0,2,1,0,0
2005,6,9,18,9,131,0,14.7,0,2,1,0,0
2005,6,9,19,9,131,0,14.7,0,2,1,0,0
2005,6,9,20,9,131,0,14.7,0,2,1,0,0
2005,6,9,21,9,131,0,14.7,0,2,1,0,0
2005,6,9,22,9,131,0,14.7,0,2,1,0,0
2005,6,9,23,9,131,0,14.7,0,2,1,0,0
2005,6,9,24,9,131,0,14.7,0,2,1,0,0
2005,6,9,1,2,132,0,80.6,0,2,1,0,0
2005,6,9,1,2,132,67.51,6.3,0,2,0,0,67.51
2005,6,9,1,2,132,70.02,6.3,0,2,0,0,70.02
2005,6,9,1,2,132,72.53,6.3,0,2,0,0,72.53
2005,6,9,1,2,132,75.04,6.3,0,2,0,0,75.04
2005,6,9,2,2,132,0,80.6,0,2,1,0,0
2005,6,9,2,2,132,67.51,6.3,0,2,0,0,67.51
2005,6,9,2,2,132,70.02,6.3,0,2,0,0,70.02
2005,6,9,2,2,132,72.53,6.3,0,2,0,0,72.53
2005,6,9,2,2,132,75.04,6.3,0,2,0,0,75.04
2005,6,9,3,2,132,0,80.6,0,2,1,0,0
2005,6,9,3,2,132,67.51,6.3,0,2,0,0,67.51
2005,6,9,3,2,132,70.02,6.3,0,2,0,0,70.02
2005,6,9,3,2,132,72.53,6.3,0,2,0,0,72.53
2005,6,9,3,2,132,75.04,6.3,0,2,0,0,75.04
2005,6,9,4,2,132,0,80.6,0,2,1,0,0
2005,6,9,4,2,132,67.51,6.3,0,2,0,0,67.51
2005,6,9,4,2,132,70.02,6.3,0,2,0,0,70.02
2005,6,9,4,2,132,72.53,6.3,0,2,0,0,72.53
2005,6,9,4,2,132,75.04,6.3,0,2,0,0,75.04
2005,6,9,5,2,132,0,80.6,0,2,1,0,0
2005,6,9,5,2,132,67.51,6.3,0,2,0,0,67.51
2005,6,9,5,2,132,70.02,6.3,0,2,0,0,70.02
2005,6,9,5,2,132,72.53,6.3,0,2,0,0,72.53
2005,6,9,5,2,132,75.04,6.3,0,2,0,0,75.04
2005,6,9,6,2,132,0,80.6,0,2,1,0,0
2005,6,9,6,2,132,67.51,6.3,0,2,0,0,67.51
2005,6,9,6,2,132,70.02,6.3,0,2,0,0,70.02
2005,6,9,6,2,132,72.53,6.3,0,2,0,0,72.53
2005,6,9,6,2,132,75.04,6.3,0,2,0,0,75.04
2005,6,9,7,2,132,0,80.6,0,2,1,0,0
2005,6,9,7,2,132,67.51,6.3,0,2,0,0,67.51
2005,6,9,7,2,132,70.02,6.3,0,2,0,0,70.02
2005,6,9,7,2,132,72.53,6.3,0,2,0,0,72.53
2005,6,9,7,2,132,75.04,6.3,0,2,0,0,75.04
2005,6,9,8,2,132,0,87.4,0,2,1,0,0
2005,6,9,8,2,132,67.51,6.3,0,2,0,0,67.51
2005,6,9,8,2,132,70.02,6.3,0,2,0,0,70.02
2005,6,9,8,2,132,72.53,6.3,0,2,0,0,72.53
2005,6,9,8,2,132,75.04,6.3,0,2,0,0,75.04
2005,6,9,9,2,132,0,115.4,0,2,1,0,0
2005,6,9,9,2,132,67.51,3.8,0,2,0,0,67.51
2005,6,9,9,2,132,70.02,3.8,0,2,0,0,70.02
2005,6,9,9,2,132,72.53,3.8,0,2,0,0,72.53
2005,6,9,9,2,132,75.04,3.8,0,2,0,0,75.04
2005,6,9,10,2,132,0,122.5,0,2,1,0,0
2005,6,9,10,2,132,67.51,2,0,2,1,0,67.51
2005,6,9,10,2,132,70.02,2,0,2,1,0,70.02
2005,6,9,10,2,132,72.53,2,0,2,1,0,72.53
2005,6,9,10,2,132,75.04,2,0,2,0,0,75.04
2005,6,9,11,2,132,0,132.3,0,2,1,0,0
2005,6,9,11,2,132,67.51,2,0,2,1,0,67.51
2005,6,9,11,2,132,70.02,2,0,2,1,0,70.02
2005,6,9,11,2,132,72.53,2,0,2,1,0,72.53
2005,6,9,11,2,132,75.04,2,0,2,1,0,75.04
2005,6,9,12,2,132,0,132.3,0,2,1,0,0
2005,6,9,12,2,132,67.51,2,0,2,1,0,67.51
2005,6,9,12,2,132,70.02,2,0,2,1,0,70.02
2005,6,9,12,2,132,72.53,2,0,2,1,0,72.53
2005,6,9,12,2,132,75.04,2,0,2,1,0,75.04
2005,6,9,13,2,132,0,125.4,0,2,1,0,0
2005,6,9,13,2,132,67.51,2,0,2,1,0,67.51
2005,6,9,13,2,132,70.02,2,0,2,1,0,70.02
2005,6,9,13,2,132,72.53,2,0,2,1,0,72.53
2005,6,9,13,2,132,75.04,2,0,2,1,0,75.04
2005,6,9,14,2,132,0,125.4,0,2,1,0,0
2005,6,9,14,2,132,67.51,2,0,2,1,0,67.51
2005,6,9,14,2,132,70.02,2,0,2,1,0,70.02
2005,6,9,14,2,132,72.53,2,0,2,1,0,72.53
2005,6,9,14,2,132,75.04,2,0,2,1,0,75.04
2005,6,9,15,2,132,0,125.4,0,2,1,0,0
2005,6,9,15,2,132,67.51,2,0,2,1,0,67.51
2005,6,9,15,2,132,70.02,2,0,2,1,0,70.02
2005,6,9,15,2,132,72.53,2,0,2,1,0,72.53
2005,6,9,15,2,132,75.04,2,0,2,1,0,75.04
2005,6,9,16,2,132,0,127,0,2,1,0,0
2005,6,9,16,2,132,67.51,2,0,2,1,0,67.51
2005,6,9,16,2,132,70.02,2,0,2,1,0,70.02
2005,6,9,16,2,132,72.53,2,0,2,1,0,72.53
2005,6,9,16,2,132,75.04,2,0,2,1,0,75.04
2005,6,9,17,2,132,0,127,0,2,1,0,0
2005,6,9,17,2,132,67.51,2,0,2,1,0,67.51
2005,6,9,17,2,132,70.02,2,0,2,1,0,70.02
2005,6,9,17,2,132,72.53,2,0,2,1,0,72.53
2005,6,9,17,2,132,75.04,2,0,2,1,0,75.04
2005,6,9,18,2,132,0,120.1,0,2,1,0,0
2005,6,9,18,2,132,67.51,2,0,2,1,0,67.51
2005,6,9,18,2,132,70.02,2,0,2,1,0,70.02
2005,6,9,18,2,132,72.53,2,0,2,1,0,72.53
2005,6,9,18,2,132,75.04,2,0,2,1,0,75.04
2005,6,9,19,2,132,0,120.1,0,2,1,0,0
2005,6,9,19,2,132,67.51,2,0,2,1,0,67.51
2005,6,9,19,2,132,70.02,2,0,2,1,0,70.02
2005,6,9,19,2,132,72.53,2,0,2,1,0,72.53
2005,6,9,19,2,132,75.04,2,0,2,1,0,75.04
2005,6,9,20,2,132,0,133.8,0,2,1,0,0
2005,6,9,20,2,132,67.51,2,0,2,1,0,67.51
2005,6,9,20,2,132,70.02,2,0,2,1,0,70.02
2005,6,9,20,2,132,72.53,2,0,2,1,0,72.53
2005,6,9,20,2,132,75.04,2,0,2,0,0,75.04
2005,6,9,21,2,132,0,116,0,2,1,0,0
2005,6,9,21,2,132,67.51,2,0,2,0,0,67.51
2005,6,9,21,2,132,70.02,2,0,2,0,0,70.02
2005,6,9,21,2,132,72.53,2,0,2,0,0,72.53
2005,6,9,21,2,132,75.04,2,0,2,0,0,75.04
2005,6,9,22,2,132,0,116,0,2,1,0,0
2005,6,9,22,2,132,67.51,2,0,2,0,0,67.51
2005,6,9,22,2,132,70.02,2,0,2,0,0,70.02
2005,6,9,22,2,132,72.53,2,0,2,0,0,72.53
2005,6,9,22,2,132,75.04,2,0,2,0,0,75.04
2005,6,9,23,2,132,0,99.1,0,2,1,0,0
2005,6,9,23,2,132,67.51,3.8,0,2,0,0,67.51
2005,6,9,23,2,132,70.02,3.8,0,2,0,0,70.02
2005,6,9,23,2,132,72.53,3.8,0,2,0,0,72.53
2005,6,9,23,2,132,75.04,3.8,0,2,0,0,75.04
2005,6,9,24,2,132,0,88.9,0,2,1,0,0
2005,6,9,24,2,132,67.51,6.3,0,2,0,0,67.51
2005,6,9,24,2,132,70.02,6.3,0,2,0,0,70.02
2005,6,9,24,2,132,72.53,6.3,0,2,0,0,72.53
2005,6,9,24,2,132,75.04,6.3,0,2,0,0,75.04
2005,6,9,1,2,133,0,10,0,2,1,0,0
2005,6,9,1,2,133,67.51,18,0,2,0,0,67.51
2005,6,9,1,2,133,70.02,18,0,2,0,0,70.02
2005,6,9,1,2,133,72.53,18,0,2,0,0,72.53
2005,6,9,1,2,133,75.04,18,0,2,0,0,75.04
2005,6,9,2,2,133,0,10,0,2,1,0,0
2005,6,9,2,2,133,67.51,18,0,2,0,0,67.51
2005,6,9,2,2,133,70.02,18,0,2,0,0,70.02
2005,6,9,2,2,133,72.53,18,0,2,0,0,72.53
2005,6,9,2,2,133,75.04,18,0,2,0,0,75.04
2005,6,9,3,2,133,0,10,0,2,1,0,0
2005,6,9,3,2,133,67.51,18,0,2,0,0,67.51
2005,6,9,3,2,133,70.02,18,0,2,0,0,70.02
2005,6,9,3,2,133,72.53,18,0,2,0,0,72.53
2005,6,9,3,2,133,75.04,18,0,2,0,0,75.04
2005,6,9,4,2,133,0,10,0,2,1,0,0
2005,6,9,4,2,133,67.51,18,0,2,0,0,67.51
2005,6,9,4,2,133,70.02,18,0,2,0,0,70.02
2005,6,9,4,2,133,72.53,18,0,2,0,0,72.53
2005,6,9,4,2,133,75.04,18,0,2,0,0,75.04
2005,6,9,5,2,133,0,10,0,2,1,0,0
2005,6,9,5,2,133,67.51,18,0,2,0,0,67.51
2005,6,9,5,2,133,70.02,18,0,2,0,0,70.02
2005,6,9,5,2,133,72.53,18,0,2,0,0,72.53
2005,6,9,5,2,133,75.04,18,0,2,0,0,75.04
2005,6,9,6,2,133,0,24.4,0,2,1,0,0
2005,6,9,6,2,133,67.51,14.4,0,2,0,0,67.51
2005,6,9,6,2,133,70.02,14.4,0,2,0,0,70.02
2005,6,9,6,2,133,72.53,14.4,0,2,0,0,72.53
2005,6,9,6,2,133,75.04,14.4,0,2,0,0,75.04
2005,6,9,7,2,133,0,48.1,0,2,1,0,0
2005,6,9,7,2,133,67.51,8.4,0,2,0,0,67.51
2005,6,9,7,2,133,70.02,8.4,0,2,0,0,70.02
2005,6,9,7,2,133,72.53,8.4,0,2,0,0,72.53
2005,6,9,7,2,133,75.04,8.4,0,2,0,0,75.04
2005,6,9,8,2,133,0,48.1,0,2,1,0,0
2005,6,9,8,2,133,67.51,8.4,0,2,0,0,67.51
2005,6,9,8,2,133,70.02,8.4,0,2,0,0,70.02
2005,6,9,8,2,133,72.53,8.4,0,2,0,0,72.53
2005,6,9,8,2,133,75.04,8.4,0,2,0,0,75.04
2005,6,9,9,2,133,0,48.1,0,2,1,0,0
2005,6,9,9,2,133,67.51,8.4,0,2,0,0,67.51
2005,6,9,9,2,133,70.02,8.4,0,2,0,0,70.02
2005,6,9,9,2,133,72.53,8.4,0,2,0,0,72.53
2005,6,9,9,2,133,75.04,8.4,0,2,0,0,75.04
2005,6,9,10,2,133,0,87.1,0,2,1,0,0
2005,6,9,10,2,133,67.51,.1,0,2,1,0,67.51
2005,6,9,10,2,133,70.02,.1,0,2,1,0,70.02
2005,6,9,10,2,133,72.53,.1,0,2,1,0,72.53
2005,6,9,10,2,133,75.04,.1,0,2,0,0,75.04
2005,6,9,11,2,133,0,113.8,0,2,1,0,0
2005,6,9,11,2,133,67.51,.1,0,2,1,0,67.51
2005,6,9,11,2,133,70.02,.1,0,2,1,0,70.02
2005,6,9,11,2,133,72.53,.1,0,2,1,0,72.53
2005,6,9,11,2,133,75.04,.1,0,2,1,0,75.04
2005,6,9,12,2,133,0,130.1,0,2,1,0,0
2005,6,9,12,2,133,67.51,.1,0,2,1,0,67.51
2005,6,9,12,2,133,70.02,.1,0,2,1,0,70.02
2005,6,9,12,2,133,72.53,.1,0,2,1,0,72.53
2005,6,9,12,2,133,75.04,.1,0,2,1,0,75.04
2005,6,9,13,2,133,0,113.7,0,2,1,0,0
2005,6,9,13,2,133,67.51,.1,0,2,1,0,67.51
2005,6,9,13,2,133,70.02,.1,0,2,1,0,70.02
2005,6,9,13,2,133,72.53,.1,0,2,1,0,72.53
2005,6,9,13,2,133,75.04,.1,0,2,1,0,75.04
2005,6,9,14,2,133,0,113.7,0,2,1,0,0
2005,6,9,14,2,133,67.51,.1,0,2,1,0,67.51
2005,6,9,14,2,133,70.02,.1,0,2,1,0,70.02
2005,6,9,14,2,133,72.53,.1,0,2,1,0,72.53
2005,6,9,14,2,133,75.04,.1,0,2,1,0,75.04
2005,6,9,15,2,133,0,113.7,0,2,1,0,0
2005,6,9,15,2,133,67.51,.1,0,2,1,0,67.51
2005,6,9,15,2,133,70.02,.1,0,2,1,0,70.02
2005,6,9,15,2,133,72.53,.1,0,2,1,0,72.53
2005,6,9,15,2,133,75.04,.1,0,2,1,0,75.04
2005,6,9,16,2,133,0,113.7,0,2,1,0,0
2005,6,9,16,2,133,67.51,.1,0,2,1,0,67.51
2005,6,9,16,2,133,70.02,.1,0,2,1,0,70.02
2005,6,9,16,2,133,72.53,.1,0,2,1,0,72.53
2005,6,9,16,2,133,75.04,.1,0,2,1,0,75.04
2005,6,9,17,2,133,0,113.7,0,2,1,0,0
2005,6,9,17,2,133,67.51,.1,0,2,1,0,67.51
2005,6,9,17,2,133,70.02,.1,0,2,1,0,70.02
2005,6,9,17,2,133,72.53,.1,0,2,1,0,72.53
2005,6,9,17,2,133,75.04,.1,0,2,1,0,75.04
2005,6,9,18,2,133,0,113.6,0,2,1,0,0
2005,6,9,18,2,133,67.51,.1,0,2,1,0,67.51
2005,6,9,18,2,133,70.02,.1,0,2,1,0,70.02
2005,6,9,18,2,133,72.53,.1,0,2,1,0,72.53
2005,6,9,18,2,133,75.04,.1,0,2,1,0,75.04
2005,6,9,19,2,133,0,113.6,0,2,1,0,0
2005,6,9,19,2,133,67.51,.1,0,2,1,0,67.51
2005,6,9,19,2,133,70.02,.1,0,2,1,0,70.02
2005,6,9,19,2,133,72.53,.1,0,2,1,0,72.53
2005,6,9,19,2,133,75.04,.1,0,2,1,0,75.04
2005,6,9,20,2,133,0,113.6,0,2,1,0,0
2005,6,9,20,2,133,67.51,.1,0,2,1,0,67.51
2005,6,9,20,2,133,70.02,.1,0,2,1,0,70.02
2005,6,9,20,2,133,72.53,.1,0,2,1,0,72.53
2005,6,9,20,2,133,75.04,.1,0,2,0,0,75.04
2005,6,9,21,2,133,0,113.6,0,2,1,0,0
2005,6,9,21,2,133,67.51,.1,0,2,0,0,67.51
2005,6,9,21,2,133,70.02,.1,0,2,0,0,70.02
2005,6,9,21,2,133,72.53,.1,0,2,0,0,72.53
2005,6,9,21,2,133,75.04,.1,0,2,0,0,75.04
2005,6,9,22,2,133,0,109,0,2,1,0,0
2005,6,9,22,2,133,67.51,.2,0,2,0,0,67.51
2005,6,9,22,2,133,70.02,.2,0,2,0,0,70.02
2005,6,9,22,2,133,72.53,.2,0,2,0,0,72.53
2005,6,9,22,2,133,75.04,.2,0,2,0,0,75.04
2005,6,9,23,2,133,0,48,0,2,1,0,0
2005,6,9,23,2,133,67.51,8.4,0,2,0,0,67.51
2005,6,9,23,2,133,70.02,8.4,0,2,0,0,70.02
2005,6,9,23,2,133,72.53,8.4,0,2,0,0,72.53
2005,6,9,23,2,133,75.04,8.4,0,2,0,0,75.04
2005,6,9,24,2,133,0,48,0,2,1,0,0
2005,6,9,24,2,133,67.51,8.4,0,2,0,0,67.51
2005,6,9,24,2,133,70.02,8.4,0,2,0,0,70.02
2005,6,9,24,2,133,72.53,8.4,0,2,0,0,72.53
2005,6,9,24,2,133,75.04,8.4,0,2,0,0,75.04
2005,6,9,1,9,134,0,51.7,0,2,1,0,0
2005,6,9,2,9,134,0,51.9,0,2,1,0,0
2005,6,9,3,9,134,0,51.7,0,2,1,0,0
2005,6,9,4,9,134,0,51.5,0,2,1,0,0
2005,6,9,5,9,134,0,51.7,0,2,1,0,0
2005,6,9,6,9,134,0,51.7,0,2,1,0,0
2005,6,9,7,9,134,0,52.1,0,2,1,0,0
2005,6,9,8,9,134,0,52.4,0,2,1,0,0
2005,6,9,9,9,134,0,51.6,0,2,1,0,0
2005,6,9,10,9,134,0,51.4,0,2,1,0,0
2005,6,9,11,9,134,0,51,0,2,1,0,0
2005,6,9,12,9,134,0,50.3,0,2,1,0,0
2005,6,9,13,9,134,0,50.1,0,2,1,0,0
2005,6,9,14,9,134,0,49.2,0,2,1,0,0
2005,6,9,15,9,134,0,49.4,0,2,1,0,0
2005,6,9,16,9,134,0,49,0,2,1,0,0
2005,6,9,17,9,134,0,49,0,2,1,0,0
2005,6,9,18,9,134,0,48.9,0,2,1,0,0
2005,6,9,19,9,134,0,49.7,0,2,1,0,0
2005,6,9,20,9,134,0,50.5,0,2,1,0,0
2005,6,9,21,9,134,0,51,0,2,1,0,0
2005,6,9,22,9,134,0,51.1,0,2,1,0,0
2005,6,9,23,9,134,0,51.7,0,2,1,0,0
2005,6,9,24,9,134,0,51.8,0,2,1,0,0
2005,6,9,23,5,135,0,.1,0,2,1,0,0
2005,6,9,24,5,135,0,.3,0,2,1,0,0
2005,6,9,1,5,136,12,30,0,1,0,0,12
2005,6,9,1,5,136,180,529.6,0,1,1,0,180
2005,6,9,2,5,136,12,30,0,1,0,0,12
2005,6,9,2,5,136,180,526.3,0,1,1,0,180
2005,6,9,3,5,136,12,30,0,1,0,0,12
2005,6,9,3,5,136,180,513.5,0,1,1,0,180
2005,6,9,4,5,136,12,30,0,1,0,0,12
2005,6,9,4,5,136,180,513.7,0,1,1,0,180
2005,6,9,5,5,136,12,30,0,1,0,0,12
2005,6,9,5,5,136,180,514,0,1,1,0,180
2005,6,9,6,5,136,12,30,0,1,0,0,12
2005,6,9,6,5,136,180,528.6,0,1,1,0,180
2005,6,9,7,5,136,12,30,0,1,0,0,12
2005,6,9,7,5,136,180,596.5,0,1,1,0,180
2005,6,9,8,5,136,12,30,0,1,0,0,12
2005,6,9,8,5,136,180,641.2,0,1,1,0,180
2005,6,9,9,5,136,12,30,0,1,0,0,12
2005,6,9,9,5,136,180,663.8,0,1,1,0,180
2005,6,9,10,5,136,12,30,0,1,0,0,12
2005,6,9,10,5,136,180,680.1,0,1,1,0,180
2005,6,9,11,5,136,12,30,0,1,0,0,12
2005,6,9,11,5,136,180,688.5,0,1,1,0,180
2005,6,9,12,5,136,12,30,0,1,0,0,12
2005,6,9,12,5,136,180,704.5,0,1,1,0,180
2005,6,9,13,5,136,12,30,0,1,0,0,12
2005,6,9,13,5,136,180,699.4,0,1,1,0,180
2005,6,9,14,5,136,12,30,0,1,0,0,12
2005,6,9,14,5,136,180,693,0,1,1,0,180
2005,6,9,15,5,136,12,30,0,1,0,0,12
2005,6,9,15,5,136,180,685.7,0,1,1,0,180
2005,6,9,16,5,136,12,30,0,1,0,0,12
2005,6,9,16,5,136,180,688.1,0,1,1,0,180
2005,6,9,17,5,136,12,30,0,1,0,0,12
2005,6,9,17,5,136,180,686.6,0,1,1,0,180
2005,6,9,18,5,136,12,30,0,1,0,0,12
2005,6,9,18,5,136,180,685.2,0,1,1,0,180
2005,6,9,19,5,136,12,30,0,1,0,0,12
2005,6,9,19,5,136,180,665.1,0,1,1,0,180
2005,6,9,20,5,136,12,30,0,1,0,0,12
2005,6,9,20,5,136,180,644.2,0,1,1,0,180
2005,6,9,21,5,136,12,30,0,1,0,0,12
2005,6,9,21,5,136,180,619.4,0,1,1,0,180
2005,6,9,22,5,136,12,30,0,1,0,0,12
2005,6,9,22,5,136,180,588.4,0,1,1,0,180
2005,6,9,23,5,136,12,30,0,1,0,0,12
2005,6,9,23,5,136,180,540.9,0,1,1,0,180
2005,6,9,24,5,136,12,30,0,1,0,0,12
2005,6,9,24,5,136,180,523.2,0,1,1,0,180
2005,6,9,1,5,137,12,240.2,0,1,0,0,12
2005,6,9,2,5,137,12,190.4,0,1,0,0,12
2005,6,9,3,5,137,12,166.9,0,1,0,0,12
2005,6,9,4,5,137,12,153,0,1,0,0,12
2005,6,9,5,5,137,12,140,0,1,0,0,12
2005,6,9,6,5,137,12,142.9,0,1,0,0,12
2005,6,9,7,5,137,12,169.7,0,1,0,0,12
2005,6,9,8,5,137,12,216,0,1,0,0,12
2005,6,9,9,5,137,12,275.3,0,1,0,0,12
2005,6,9,10,5,137,12,302.9,0,1,0,0,12
2005,6,9,11,5,137,12,331.8,0,1,0,0,12
2005,6,9,12,5,137,12,347.9,0,1,0,0,12
2005,6,9,13,5,137,12,361.3,0,1,0,0,12
2005,6,9,14,5,137,12,361.6,0,1,0,0,12
2005,6,9,15,5,137,12,335.4,0,1,0,0,12
2005,6,9,16,5,137,12,333.9,0,1,0,0,12
2005,6,9,17,5,137,12,334.4,0,1,0,0,12
2005,6,9,18,5,137,12,337.7,0,1,0,0,12
2005,6,9,19,5,137,12,333.6,0,1,0,0,12
2005,6,9,20,5,137,12,329.8,0,1,0,0,12
2005,6,9,21,5,137,12,332.7,0,1,0,0,12
2005,6,9,22,5,137,12,339.1,0,1,0,0,12
2005,6,9,23,5,137,12,353.9,0,1,0,0,12
2005,6,9,24,5,137,12,313.7,0,1,0,0,12
2005,6,9,1,1,1065,12,65,.938284,2,1,0,40.922931
2005,6,9,1,1,1065,39.47,29,.938284,2,1,0,40.922931
2005,6,9,1,1,1065,39.85,26,.938284,2,1,0,40.922931
2005,6,9,1,1,1065,40.22,18,.938284,2,1,0,40.922931
2005,6,9,1,1,1065,91.09,5.4,.938284,2,0,0,40.922931
2005,6,9,2,1,1065,12,65,.938284,2,1,0,40.922931
2005,6,9,2,1,1065,39.47,29,.938284,2,0,0,40.922931
2005,6,9,2,1,1065,39.85,26,.938284,2,0,0,40.922931
2005,6,9,2,1,1065,40.22,18,.938284,2,0,0,40.922931
2005,6,9,2,1,1065,91.09,5.4,.938284,2,0,0,40.922931
2005,6,9,3,1,1065,12,65,.938284,2,1,0,40.922931
2005,6,9,3,1,1065,39.47,29,.938284,2,0,0,40.922931
2005,6,9,3,1,1065,39.85,26,.938284,2,0,0,40.922931
2005,6,9,3,1,1065,40.22,18,.938284,2,0,0,40.922931
2005,6,9,3,1,1065,91.09,5.4,.938284,2,0,0,40.922931
2005,6,9,4,1,1065,12,65,.938284,2,1,0,40.922931
2005,6,9,4,1,1065,39.47,29,.938284,2,0,0,40.922931
2005,6,9,4,1,1065,39.85,26,.938284,2,0,0,40.922931
2005,6,9,4,1,1065,40.22,18,.938284,2,0,0,40.922931
2005,6,9,4,1,1065,91.09,5.4,.938284,2,0,0,40.922931
2005,6,9,5,1,1065,12,65,.938284,2,1,0,40.922931
2005,6,9,5,1,1065,39.47,29,.938284,2,0,0,40.922931
2005,6,9,5,1,1065,39.85,26,.938284,2,0,0,40.922931
2005,6,9,5,1,1065,40.22,18,.938284,2,0,0,40.922931
2005,6,9,5,1,1065,91.09,5.4,.938284,2,0,0,40.922931
2005,6,9,6,1,1065,12,65,.938284,2,1,0,40.922931
2005,6,9,6,1,1065,39.47,29,.938284,2,0,0,40.922931
2005,6,9,6,1,1065,39.85,26,.938284,2,0,0,40.922931
2005,6,9,6,1,1065,40.22,18,.938284,2,0,0,40.922931
2005,6,9,6,1,1065,91.09,5.4,.938284,2,0,0,40.922931
2005,6,9,7,1,1065,12,65,.938284,2,1,0,40.922931
2005,6,9,7,1,1065,39.47,29,.938284,2,1,0,40.922931
2005,6,9,7,1,1065,39.85,26,.938284,2,0,0,40.922931
2005,6,9,7,1,1065,40.22,18,.938284,2,0,0,40.922931
2005,6,9,7,1,1065,91.09,5.4,.938284,2,0,0,40.922931
2005,6,9,8,1,1065,12,65,.938284,2,1,0,40.922931
2005,6,9,8,1,1065,39.47,29,.938284,2,1,0,40.922931
2005,6,9,8,1,1065,39.85,26,.938284,2,1,0,40.922931
2005,6,9,8,1,1065,40.22,18,.938284,2,1,0,40.922931
2005,6,9,8,1,1065,91.09,5.4,.938284,2,0,0,40.922931
2005,6,9,9,1,1065,12,65,.938284,2,1,0,40.922931
2005,6,9,9,1,1065,39.47,29,.938284,2,1,0,40.922931
2005,6,9,9,1,1065,39.85,26,.938284,2,1,0,40.922931
2005,6,9,9,1,1065,40.22,18,.938284,2,1,0,40.922931
2005,6,9,9,1,1065,91.09,5.4,.938284,2,0,0,40.922931
2005,6,9,10,1,1065,12,65,.938284,2,1,0,40.922931
2005,6,9,10,1,1065,39.47,29,.938284,2,1,0,40.922931
2005,6,9,10,1,1065,39.85,26,.938284,2,1,0,40.922931
2005,6,9,10,1,1065,40.22,18,.938284,2,1,0,40.922931
2005,6,9,10,1,1065,91.09,5.4,.938284,2,0,0,40.922931
2005,6,9,11,1,1065,7,65,.938284,2,1,0,7
2005,6,9,11,1,1065,39.47,29,.938284,2,1,0,40.922931
2005,6,9,11,1,1065,39.85,26,.938284,2,1,0,40.922931
2005,6,9,11,1,1065,40.22,18,.938284,2,1,0,40.922931
2005,6,9,11,1,1065,91.09,5.4,.938284,2,0,0,40.922931
2005,6,9,12,1,1065,7,65,.938284,2,1,0,7
2005,6,9,12,1,1065,39.47,29,.938284,2,1,0,40.922931
2005,6,9,12,1,1065,39.85,26,.938284,2,1,0,40.922931
2005,6,9,12,1,1065,40.22,18,.938284,2,1,0,40.922931
2005,6,9,12,1,1065,91.09,5.4,.938284,2,0,0,40.922931
2005,6,9,13,1,1065,7,65,.938284,2,1,0,7
2005,6,9,13,1,1065,39.47,29,.938284,2,1,0,40.922931
2005,6,9,13,1,1065,39.85,26,.938284,2,1,0,40.922931
2005,6,9,13,1,1065,40.22,18,.938284,2,1,0,40.922931
2005,6,9,13,1,1065,91.09,5.4,.938284,2,1,0,40.922931
2005,6,9,14,1,1065,7,65,.938284,2,1,0,7
2005,6,9,14,1,1065,39.47,29,.938284,2,1,0,40.922931
2005,6,9,14,1,1065,39.85,26,.938284,2,1,0,40.922931
2005,6,9,14,1,1065,40.22,18,.938284,2,1,0,40.922931
2005,6,9,14,1,1065,91.09,5.4,.938284,2,0,0,40.922931
2005,6,9,15,1,1065,7,65,.938284,2,1,0,7
2005,6,9,15,1,1065,39.47,29,.938284,2,1,0,40.922931
2005,6,9,15,1,1065,39.85,26,.938284,2,1,0,40.922931
2005,6,9,15,1,1065,40.22,18,.938284,2,1,0,40.922931
2005,6,9,15,1,1065,91.09,5.4,.938284,2,0,0,40.922931
2005,6,9,16,1,1065,7,65,.938284,2,1,0,7
2005,6,9,16,1,1065,39.47,29,.938284,2,1,0,40.922931
2005,6,9,16,1,1065,39.85,26,.938284,2,1,0,40.922931
2005,6,9,16,1,1065,40.22,18,.938284,2,1,0,40.922931
2005,6,9,16,1,1065,91.09,5.4,.938284,2,0,0,40.922931
2005,6,9,17,1,1065,7,65,.938284,2,1,0,7
2005,6,9,17,1,1065,39.47,29,.938284,2,1,0,40.922931
2005,6,9,17,1,1065,39.85,26,.938284,2,1,0,40.922931
2005,6,9,17,1,1065,40.22,18,.938284,2,1,0,40.922931
2005,6,9,17,1,1065,91.09,5.4,.938284,2,0,0,40.922931
2005,6,9,18,1,1065,7,65,.938284,2,1,0,7
2005,6,9,18,1,1065,39.47,29,.938284,2,1,0,40.922931
2005,6,9,18,1,1065,39.85,26,.938284,2,1,0,40.922931
2005,6,9,18,1,1065,40.22,18,.938284,2,1,0,40.922931
2005,6,9,18,1,1065,91.09,5.4,.938284,2,0,0,40.922931
2005,6,9,19,1,1065,7,65,.938284,2,1,0,7
2005,6,9,19,1,1065,39.47,29,.938284,2,1,0,40.922931
2005,6,9,19,1,1065,39.85,26,.938284,2,1,0,40.922931
2005,6,9,19,1,1065,40.22,18,.938284,2,1,0,40.922931
2005,6,9,19,1,1065,91.09,5.4,.938284,2,0,0,40.922931
2005,6,9,20,1,1065,7,65,.938284,2,1,0,7
2005,6,9,20,1,1065,39.47,29,.938284,2,1,0,40.922931
2005,6,9,20,1,1065,39.85,26,.938284,2,1,0,40.922931
2005,6,9,20,1,1065,40.22,18,.938284,2,1,0,40.922931
2005,6,9,20,1,1065,91.09,5.4,.938284,2,0,0,40.922931
2005,6,9,21,1,1065,7,65,.938284,2,1,0,7
2005,6,9,21,1,1065,39.47,29,.938284,2,1,0,40.922931
2005,6,9,21,1,1065,39.85,26,.938284,2,1,0,40.922931
2005,6,9,21,1,1065,40.22,18,.938284,2,1,0,40.922931
2005,6,9,21,1,1065,91.09,5.4,.938284,2,0,0,40.922931
2005,6,9,22,1,1065,7,65,.938284,2,1,0,7
2005,6,9,22,1,1065,39.47,29,.938284,2,1,0,40.922931
2005,6,9,22,1,1065,39.85,26,.938284,2,1,0,40.922931
2005,6,9,22,1,1065,40.22,18,.938284,2,1,0,40.922931
2005,6,9,22,1,1065,91.09,5.4,.938284,2,0,0,40.922931
2005,6,9,23,1,1065,12,65,.938284,2,1,0,40.922931
2005,6,9,23,1,1065,39.47,29,.938284,2,1,0,40.922931
2005,6,9,23,1,1065,39.85,26,.938284,2,1,0,40.922931
2005,6,9,23,1,1065,40.22,18,.938284,2,1,0,40.922931
2005,6,9,23,1,1065,91.09,5.4,.938284,2,0,0,40.922931
2005,6,9,24,1,1065,12,65,.938284,2,1,0,40.922931
2005,6,9,24,1,1065,39.47,29,.938284,2,1,0,40.922931
2005,6,9,24,1,1065,39.85,26,.938284,2,1,0,40.922931
2005,6,9,24,1,1065,40.22,18,.938284,2,1,0,40.922931
2005,6,9,24,1,1065,91.09,5.4,.938284,2,0,0,40.922931
2005,6,9,1,1,1066,0,160,.938284,2,1,0,0
2005,6,9,1,1,1066,42.93,95,.938284,2,1,0,39.435948
2005,6,9,1,1,1066,43.28,45,.938284,2,0,0,39.435948
2005,6,9,1,1,1066,43.63,42.4,.938284,2,0,0,39.435948
2005,6,9,2,1,1066,0,160,.938284,2,1,0,0
2005,6,9,2,1,1066,42.93,95,.938284,2,0,0,39.435948
2005,6,9,2,1,1066,43.28,45,.938284,2,0,0,39.435948
2005,6,9,2,1,1066,43.63,42.4,.938284,2,0,0,39.435948
2005,6,9,3,1,1066,0,160,.938284,2,1,0,0
2005,6,9,3,1,1066,42.93,95,.938284,2,0,0,39.435948
2005,6,9,3,1,1066,43.28,45,.938284,2,0,0,39.435948
2005,6,9,3,1,1066,43.63,42.4,.938284,2,0,0,39.435948
2005,6,9,4,1,1066,0,160,.938284,2,1,0,0
2005,6,9,4,1,1066,42.93,95,.938284,2,0,0,39.435948
2005,6,9,4,1,1066,43.28,45,.938284,2,0,0,39.435948
2005,6,9,4,1,1066,43.63,42.4,.938284,2,0,0,39.435948
2005,6,9,5,1,1066,0,160,.938284,2,1,0,0
2005,6,9,5,1,1066,42.93,95,.938284,2,0,0,39.435948
2005,6,9,5,1,1066,43.28,45,.938284,2,0,0,39.435948
2005,6,9,5,1,1066,43.63,42.4,.938284,2,0,0,39.435948
2005,6,9,6,1,1066,0,160,.938284,2,1,0,0
2005,6,9,6,1,1066,42.93,95,.938284,2,0,0,39.435948
2005,6,9,6,1,1066,43.28,45,.938284,2,0,0,39.435948
2005,6,9,6,1,1066,43.63,42.4,.938284,2,0,0,39.435948
2005,6,9,7,1,1066,0,160,.938284,2,1,0,0
2005,6,9,7,1,1066,42.93,95,.938284,2,0,0,39.435948
2005,6,9,7,1,1066,43.28,45,.938284,2,0,0,39.435948
2005,6,9,7,1,1066,43.63,42.4,.938284,2,0,0,39.435948
2005,6,9,8,1,1066,0,160,.938284,2,1,0,0
2005,6,9,8,1,1066,42.93,28,.938284,2,1,0,39.435948
2005,6,9,8,1,1066,43.28,45,.938284,2,0,0,39.435948
2005,6,9,8,1,1066,43.63,42.4,.938284,2,0,0,39.435948
2005,6,9,9,1,1066,0,160,.938284,2,1,0,0
2005,6,9,9,1,1066,42.93,95,.938284,2,1,0,39.435948
2005,6,9,9,1,1066,43.28,45,.938284,2,1,0,39.435948
2005,6,9,9,1,1066,43.63,42.4,.938284,2,1,0,39.435948
2005,6,9,10,1,1066,0,160,.938284,2,1,0,0
2005,6,9,10,1,1066,42.93,95,.938284,2,1,0,39.435948
2005,6,9,10,1,1066,43.28,45,.938284,2,1,0,39.435948
2005,6,9,10,1,1066,43.63,42.4,.938284,2,1,0,39.435948
2005,6,9,11,1,1066,0,160,.938284,2,1,0,0
2005,6,9,11,1,1066,42.93,95,.938284,2,1,0,39.435948
2005,6,9,11,1,1066,43.28,45,.938284,2,1,0,39.435948
2005,6,9,11,1,1066,43.63,42.4,.938284,2,1,0,39.435948
2005,6,9,12,1,1066,0,160,.938284,2,1,0,0
2005,6,9,12,1,1066,42.93,95,.938284,2,1,0,39.435948
2005,6,9,12,1,1066,43.28,45,.938284,2,1,0,39.435948
2005,6,9,12,1,1066,43.63,42.4,.938284,2,1,0,39.435948
2005,6,9,13,1,1066,0,160,.938284,2,1,0,0
2005,6,9,13,1,1066,42.93,95,.938284,2,1,0,39.435948
2005,6,9,13,1,1066,43.28,45,.938284,2,1,0,39.435948
2005,6,9,13,1,1066,43.63,42.4,.938284,2,1,0,39.435948
2005,6,9,14,1,1066,0,160,.938284,2,1,0,0
2005,6,9,14,1,1066,42.93,95,.938284,2,1,0,39.435948
2005,6,9,14,1,1066,43.28,45,.938284,2,1,0,39.435948
2005,6,9,14,1,1066,43.63,42.4,.938284,2,1,0,39.435948
2005,6,9,15,1,1066,0,160,.938284,2,1,0,0
2005,6,9,15,1,1066,42.93,95,.938284,2,1,0,39.435948
2005,6,9,15,1,1066,43.28,45,.938284,2,1,0,39.435948
2005,6,9,15,1,1066,43.63,42.4,.938284,2,1,0,39.435948
2005,6,9,16,1,1066,0,160,.938284,2,1,0,0
2005,6,9,16,1,1066,42.93,95,.938284,2,1,0,39.435948
2005,6,9,16,1,1066,43.28,45,.938284,2,1,0,39.435948
2005,6,9,16,1,1066,43.63,42.4,.938284,2,1,0,39.435948
2005,6,9,17,1,1066,0,160,.938284,2,1,0,0
2005,6,9,17,1,1066,42.93,95,.938284,2,1,0,39.435948
2005,6,9,17,1,1066,43.28,45,.938284,2,1,0,39.435948
2005,6,9,17,1,1066,43.63,42.4,.938284,2,1,0,39.435948
2005,6,9,18,1,1066,0,160,.938284,2,1,0,0
2005,6,9,18,1,1066,42.93,95,.938284,2,1,0,39.435948
2005,6,9,18,1,1066,43.28,45,.938284,2,1,0,39.435948
2005,6,9,18,1,1066,43.63,42.4,.938284,2,1,0,39.435948
2005,6,9,19,1,1066,0,160,.938284,2,1,0,0
2005,6,9,19,1,1066,42.93,95,.938284,2,1,0,39.435948
2005,6,9,19,1,1066,43.28,45,.938284,2,1,0,39.435948
2005,6,9,19,1,1066,43.63,42.4,.938284,2,1,0,39.435948
2005,6,9,20,1,1066,0,160,.938284,2,1,0,0
2005,6,9,20,1,1066,42.93,95,.938284,2,1,0,39.435948
2005,6,9,20,1,1066,43.28,45,.938284,2,1,0,39.435948
2005,6,9,20,1,1066,43.63,42.4,.938284,2,1,0,39.435948
2005,6,9,21,1,1066,0,160,.938284,2,1,0,0
2005,6,9,21,1,1066,42.93,95,.938284,2,1,0,39.435948
2005,6,9,21,1,1066,43.28,45,.938284,2,1,0,39.435948
2005,6,9,21,1,1066,43.63,42.4,.938284,2,1,0,39.435948
2005,6,9,22,1,1066,0,160,.938284,2,1,0,0
2005,6,9,22,1,1066,42.93,95,.938284,2,1,0,39.435948
2005,6,9,22,1,1066,43.28,45,.938284,2,1,0,39.435948
2005,6,9,22,1,1066,43.63,42.4,.938284,2,1,0,39.435948
2005,6,9,23,1,1066,0,160,.938284,2,1,0,0
2005,6,9,23,1,1066,42.93,95,.938284,2,1,0,39.435948
2005,6,9,23,1,1066,43.28,45,.938284,2,1,0,39.435948
2005,6,9,23,1,1066,43.63,42.4,.938284,2,1,0,39.435948
2005,6,9,24,1,1066,0,160,.938284,2,1,0,0
2005,6,9,24,1,1066,42.93,95,.938284,2,0,0,39.435948
2005,6,9,24,1,1066,43.28,45,.938284,2,0,0,39.435948
2005,6,9,24,1,1066,43.63,42.4,.938284,2,0,0,39.435948
2005,6,9,1,2,140,10.98,75,0,1,0,0,10.98
2005,6,9,1,2,140,10.99,75,0,1,0,0,10.99
2005,6,9,1,2,140,11,75,0,1,0,0,11
2005,6,9,2,2,140,10.98,75,0,1,0,0,10.98
2005,6,9,2,2,140,10.99,75,0,1,0,0,10.99
2005,6,9,2,2,140,43,75,0,1,1,0,43
2005,6,9,3,2,140,10.98,75,0,1,0,0,10.98
2005,6,9,3,2,140,10.99,75,0,1,0,0,10.99
2005,6,9,3,2,140,43,75,0,1,1,0,43
2005,6,9,4,2,140,10.98,75,0,1,0,0,10.98
2005,6,9,4,2,140,10.99,75,0,1,0,0,10.99
2005,6,9,4,2,140,43,75,0,1,1,0,43
2005,6,9,5,2,140,10.98,75,0,1,0,0,10.98
2005,6,9,5,2,140,10.99,75,0,1,0,0,10.99
2005,6,9,5,2,140,43,75,0,1,1,0,43
2005,6,9,6,2,140,10.98,75,0,1,0,0,10.98
2005,6,9,6,2,140,10.99,75,0,1,0,0,10.99
2005,6,9,6,2,140,43,75,0,1,1,0,43
2005,6,9,7,2,140,10.98,75,0,1,0,0,10.98
2005,6,9,7,2,140,10.99,75,0,1,0,0,10.99
2005,6,9,7,2,140,43,75,0,1,1,0,43
2005,6,9,8,2,140,10.98,75,0,1,0,0,10.98
2005,6,9,8,2,140,10.99,75,0,1,0,0,10.99
2005,6,9,8,2,140,11,75,0,1,0,0,11
2005,6,9,9,2,140,10.98,75,0,1,0,0,10.98
2005,6,9,9,2,140,10.99,75,0,1,0,0,10.99
2005,6,9,9,2,140,11,75,0,1,0,0,11
2005,6,9,10,2,140,10.98,75,0,1,0,0,10.98
2005,6,9,10,2,140,10.99,75,0,1,0,0,10.99
2005,6,9,10,2,140,11,75,0,1,0,0,11
2005,6,9,11,2,140,10.98,75,0,1,0,0,10.98
2005,6,9,11,2,140,10.99,75,0,1,0,0,10.99
2005,6,9,11,2,140,11,75,0,1,0,0,11
2005,6,9,12,2,140,10.98,75,0,1,0,0,10.98
2005,6,9,12,2,140,10.99,75,0,1,0,0,10.99
2005,6,9,12,2,140,11,75,0,1,0,0,11
2005,6,9,13,2,140,10.98,75,0,1,0,0,10.98
2005,6,9,13,2,140,10.99,75,0,1,0,0,10.99
2005,6,9,13,2,140,11,75,0,1,0,0,11
2005,6,9,14,2,140,10.98,75,0,1,0,0,10.98
2005,6,9,14,2,140,10.99,75,0,1,0,0,10.99
2005,6,9,14,2,140,11,75,0,1,0,0,11
2005,6,9,15,2,140,10.98,75,0,1,0,0,10.98
2005,6,9,15,2,140,10.99,75,0,1,0,0,10.99
2005,6,9,15,2,140,11,75,0,1,0,0,11
2005,6,9,16,2,140,10.98,75,0,1,0,0,10.98
2005,6,9,16,2,140,10.99,75,0,1,0,0,10.99
2005,6,9,16,2,140,11,75,0,1,0,0,11
2005,6,9,17,2,140,10.98,75,0,1,0,0,10.98
2005,6,9,17,2,140,10.99,75,0,1,0,0,10.99
2005,6,9,17,2,140,11,75,0,1,0,0,11
2005,6,9,18,2,140,10.98,75,0,1,0,0,10.98
2005,6,9,18,2,140,10.99,75,0,1,0,0,10.99
2005,6,9,18,2,140,11,75,0,1,0,0,11
2005,6,9,19,2,140,10.98,75,0,1,0,0,10.98
2005,6,9,19,2,140,10.99,75,0,1,0,0,10.99
2005,6,9,19,2,140,11,75,0,1,0,0,11
2005,6,9,20,2,140,10.98,75,0,1,0,0,10.98
2005,6,9,20,2,140,10.99,75,0,1,0,0,10.99
2005,6,9,20,2,140,11,75,0,1,0,0,11
2005,6,9,21,2,140,10.98,75,0,1,0,0,10.98
2005,6,9,21,2,140,10.99,75,0,1,0,0,10.99
2005,6,9,21,2,140,11,75,0,1,0,0,11
2005,6,9,22,2,140,10.98,75,0,1,0,0,10.98
2005,6,9,22,2,140,10.99,75,0,1,0,0,10.99
2005,6,9,22,2,140,11,75,0,1,0,0,11
2005,6,9,23,2,140,10.98,75,0,1,0,0,10.98
2005,6,9,23,2,140,10.99,75,0,1,0,0,10.99
2005,6,9,23,2,140,11,75,0,1,0,0,11
2005,6,9,24,2,140,10.98,75,0,1,0,0,10.98
2005,6,9,24,2,140,10.99,75,0,1,0,0,10.99
2005,6,9,24,2,140,11,75,0,1,0,0,11
2005,6,9,10,2,141,67.67,17.5,0,2,1,0,67.67
2005,6,9,10,2,141,68.07,17.5,0,2,1,0,68.07
2005,6,9,10,2,141,68.48,17.5,0,2,1,0,68.48
2005,6,9,10,2,141,68.89,17.5,0,2,1,0,68.89
2005,6,9,11,2,141,68.02,17.5,0,2,1,0,68.02
2005,6,9,11,2,141,68.35,17.5,0,2,1,0,68.35
2005,6,9,11,2,141,68.68,17.5,0,2,1,0,68.68
2005,6,9,11,2,141,69.01,17.5,0,2,1,0,69.01
2005,6,9,12,2,141,68.02,17.5,0,2,1,0,68.02
2005,6,9,12,2,141,68.35,17.5,0,2,1,0,68.35
2005,6,9,12,2,141,68.68,17.5,0,2,1,0,68.68
2005,6,9,12,2,141,69.01,17.5,0,2,1,0,69.01
2005,6,9,13,2,141,68.02,17.5,0,2,1,0,68.02
2005,6,9,13,2,141,68.35,17.5,0,2,1,0,68.35
2005,6,9,13,2,141,68.68,17.5,0,2,1,0,68.68
2005,6,9,13,2,141,69.01,17.5,0,2,1,0,69.01
2005,6,9,14,2,141,68.02,17.5,0,2,1,0,68.02
2005,6,9,14,2,141,68.35,17.5,0,2,1,0,68.35
2005,6,9,14,2,141,68.68,17.5,0,2,1,0,68.68
2005,6,9,14,2,141,69.01,17.5,0,2,1,0,69.01
2005,6,9,15,2,141,68.02,17.5,0,2,1,0,68.02
2005,6,9,15,2,141,68.35,17.5,0,2,1,0,68.35
2005,6,9,15,2,141,68.68,17.5,0,2,1,0,68.68
2005,6,9,15,2,141,69.01,17.5,0,2,1,0,69.01
2005,6,9,16,2,141,68.02,17.5,0,2,1,0,68.02
2005,6,9,16,2,141,68.35,17.5,0,2,1,0,68.35
2005,6,9,16,2,141,68.68,17.5,0,2,1,0,68.68
2005,6,9,16,2,141,69.01,17.5,0,2,1,0,69.01
2005,6,9,17,2,141,68.02,17.5,0,2,1,0,68.02
2005,6,9,17,2,141,68.35,17.5,0,2,1,0,68.35
2005,6,9,17,2,141,68.68,17.5,0,2,1,0,68.68
2005,6,9,17,2,141,69.01,17.5,0,2,1,0,69.01
2005,6,9,18,2,141,68.02,17.5,0,2,1,0,68.02
2005,6,9,18,2,141,68.35,17.5,0,2,1,0,68.35
2005,6,9,18,2,141,68.68,17.5,0,2,1,0,68.68
2005,6,9,18,2,141,69.01,17.5,0,2,1,0,69.01
2005,6,9,19,2,141,68.02,17.5,0,2,1,0,68.02
2005,6,9,19,2,141,68.35,17.5,0,2,1,0,68.35
2005,6,9,19,2,141,68.68,17.5,0,2,1,0,68.68
2005,6,9,19,2,141,69.01,17.5,0,2,1,0,69.01
2005,6,9,20,2,141,67.67,17.5,0,2,1,0,67.67
2005,6,9,20,2,141,68.07,17.5,0,2,1,0,68.07
2005,6,9,20,2,141,68.48,17.5,0,2,1,0,68.48
2005,6,9,20,2,141,68.89,17.5,0,2,1,0,68.89
2005,6,9,1,9,142,180.3,847.6,0,1,1,0,180.3
2005,6,9,2,9,142,180.3,808.3,0,1,1,0,180.3
2005,6,9,3,9,142,180.3,787.1,0,1,1,0,180.3
2005,6,9,4,9,142,180.3,773.7,0,1,1,0,180.3
2005,6,9,5,9,142,180.3,761.9,0,1,1,0,180.3
2005,6,9,6,9,142,180.3,759.5,0,1,1,0,180.3
2005,6,9,7,9,142,180.3,762.6,0,1,1,0,180.3
2005,6,9,8,9,142,180.3,762.5,0,1,1,0,180.3
2005,6,9,9,9,142,180.3,803,0,1,1,0,180.3
2005,6,9,10,9,142,180.3,832.8,0,1,1,0,180.3
2005,6,9,11,9,142,180.3,854.6,0,1,1,0,180.3
2005,6,9,12,9,142,180.3,854.2,0,1,1,0,180.3
2005,6,9,13,9,142,180.3,862.2,0,1,1,0,180.3
2005,6,9,14,9,142,180.3,847.1,0,1,1,0,180.3
2005,6,9,15,9,142,180.3,859.1,0,1,1,0,180.3
2005,6,9,16,9,142,180.3,842,0,1,1,0,180.3
2005,6,9,17,9,142,180.3,841.5,0,1,1,0,180.3
2005,6,9,18,9,142,180.3,827.7,0,1,1,0,180.3
2005,6,9,19,9,142,180.3,827.7,0,1,1,0,180.3
2005,6,9,20,9,142,180.3,824.7,0,1,1,0,180.3
2005,6,9,21,9,142,180.3,838.6,0,1,1,0,180.3
2005,6,9,22,9,142,180.3,875,0,1,1,0,180.3
2005,6,9,23,9,142,180.3,903.3,0,1,1,0,180.3
2005,6,9,24,9,142,180.3,858.5,0,1,1,0,180.3
2005,6,9,1,3,143,3,30,0,1,0,0,3
2005,6,9,1,3,143,180.3,547.8,0,1,1,0,180.3
2005,6,9,2,3,143,3,30,0,1,0,0,3
2005,6,9,2,3,143,180.3,534.4,0,1,1,0,180.3
2005,6,9,3,3,143,3,30,0,1,0,0,3
2005,6,9,3,3,143,180.3,560.9,0,1,1,0,180.3
2005,6,9,4,3,143,3,30,0,1,0,0,3
2005,6,9,4,3,143,180.3,562.4,0,1,1,0,180.3
2005,6,9,5,3,143,3,30,0,1,0,0,3
2005,6,9,5,3,143,180.3,587.9,0,1,1,0,180.3
2005,6,9,6,3,143,3,30,0,1,0,0,3
2005,6,9,6,3,143,180.3,627.8,0,1,1,0,180.3
2005,6,9,7,3,143,3,30,0,1,0,0,3
2005,6,9,7,3,143,180.3,680.2,0,1,1,0,180.3
2005,6,9,8,3,143,3,30,0,1,0,0,3
2005,6,9,8,3,143,180.3,726.3,0,1,1,0,180.3
2005,6,9,9,3,143,3,30,0,1,0,0,3
2005,6,9,9,3,143,29.97,10,0,1,0,0,29.97
2005,6,9,9,3,143,38.77,10,0,1,0,0,38.77
2005,6,9,9,3,143,39.77,10,0,1,0,0,39.77
2005,6,9,9,3,143,180.3,821.7,0,1,1,0,180.3
2005,6,9,10,3,143,3,30,0,1,0,0,3
2005,6,9,10,3,143,29.97,10,0,1,0,0,29.97
2005,6,9,10,3,143,38.77,10,0,1,0,0,38.77
2005,6,9,10,3,143,39.77,10,0,1,0,0,39.77
2005,6,9,10,3,143,180.3,830.1,0,1,1,0,180.3
2005,6,9,11,3,143,3,30,0,1,0,0,3
2005,6,9,11,3,143,29.97,10,0,1,0,0,29.97
2005,6,9,11,3,143,38.77,10,0,1,0,0,38.77
2005,6,9,11,3,143,39.77,10,0,1,0,0,39.77
2005,6,9,11,3,143,180.3,820.8,0,1,1,0,180.3
2005,6,9,12,3,143,3,60,0,1,0,0,3
2005,6,9,12,3,143,29.97,10,0,1,0,0,29.97
2005,6,9,12,3,143,38.77,10,0,1,0,0,38.77
2005,6,9,12,3,143,39.77,10,0,1,0,0,39.77
2005,6,9,12,3,143,180.3,724.4,0,1,1,0,180.3
2005,6,9,13,3,143,3,60,0,1,0,0,3
2005,6,9,13,3,143,29.97,10,0,1,0,0,29.97
2005,6,9,13,3,143,38.77,10,0,1,0,0,38.77
2005,6,9,13,3,143,39.77,10,0,1,0,0,39.77
2005,6,9,13,3,143,180.3,710.8,0,1,1,0,180.3
2005,6,9,14,3,143,3,60,0,1,0,0,3
2005,6,9,14,3,143,29.97,10,0,1,0,0,29.97
2005,6,9,14,3,143,38.77,10,0,1,0,0,38.77
2005,6,9,14,3,143,39.77,10,0,1,0,0,39.77
2005,6,9,14,3,143,180.3,700.9,0,1,1,0,180.3
2005,6,9,15,3,143,3,60,0,1,0,0,3
2005,6,9,15,3,143,29.97,10,0,1,0,0,29.97
2005,6,9,15,3,143,38.77,10,0,1,0,0,38.77
2005,6,9,15,3,143,39.77,10,0,1,0,0,39.77
2005,6,9,15,3,143,180.3,769.9,0,1,1,0,180.3
2005,6,9,16,3,143,3,60,0,1,0,0,3
2005,6,9,16,3,143,29.97,10,0,1,0,0,29.97
2005,6,9,16,3,143,38.77,10,0,1,0,0,38.77
2005,6,9,16,3,143,39.77,10,0,1,0,0,39.77
2005,6,9,16,3,143,180.3,793.9,0,1,1,0,180.3
2005,6,9,17,3,143,3,60,0,1,0,0,3
2005,6,9,17,3,143,29.97,10,0,1,0,0,29.97
2005,6,9,17,3,143,38.77,10,0,1,0,0,38.77
2005,6,9,17,3,143,39.77,10,0,1,0,0,39.77
2005,6,9,17,3,143,180.3,795,0,1,1,0,180.3
2005,6,9,18,3,143,3,60,0,1,0,0,3
2005,6,9,18,3,143,29.97,10,0,1,0,0,29.97
2005,6,9,18,3,143,38.77,10,0,1,0,0,38.77
2005,6,9,18,3,143,39.77,10,0,1,0,0,39.77
2005,6,9,18,3,143,180.3,717.3,0,1,1,0,180.3
2005,6,9,19,3,143,3,60,0,1,0,0,3
2005,6,9,19,3,143,29.97,10,0,1,0,0,29.97
2005,6,9,19,3,143,38.77,10,0,1,0,0,38.77
2005,6,9,19,3,143,39.77,10,0,1,0,0,39.77
2005,6,9,19,3,143,180.3,716.3,0,1,1,0,180.3
2005,6,9,20,3,143,3,60,0,1,0,0,3
2005,6,9,20,3,143,29.97,10,0,1,0,0,29.97
2005,6,9,20,3,143,38.77,10,0,1,0,0,38.77
2005,6,9,20,3,143,39.77,10,0,1,0,0,39.77
2005,6,9,20,3,143,180.3,805.3,0,1,1,0,180.3
2005,6,9,21,3,143,3,60,0,1,0,0,3
2005,6,9,21,3,143,29.97,10,0,1,0,0,29.97
2005,6,9,21,3,143,38.77,10,0,1,0,0,38.77
2005,6,9,21,3,143,39.77,10,0,1,0,0,39.77
2005,6,9,21,3,143,180.3,770.1,0,1,1,0,180.3
2005,6,9,22,3,143,3,60,0,1,0,0,3
2005,6,9,22,3,143,29.97,10,0,1,0,0,29.97
2005,6,9,22,3,143,38.77,10,0,1,0,0,38.77
2005,6,9,22,3,143,39.77,10,0,1,0,0,39.77
2005,6,9,22,3,143,180.3,737.6,0,1,1,0,180.3
2005,6,9,23,3,143,3,60,0,1,0,0,3
2005,6,9,23,3,143,29.97,10,0,1,0,0,29.97
2005,6,9,23,3,143,38.77,10,0,1,0,0,38.77
2005,6,9,23,3,143,39.77,10,0,1,0,0,39.77
2005,6,9,23,3,143,180.3,666.2,0,1,1,0,180.3
2005,6,9,24,3,143,3,60,0,1,0,0,3
2005,6,9,24,3,143,29.97,10,0,1,0,0,29.97
2005,6,9,24,3,143,38.77,10,0,1,0,0,38.77
2005,6,9,24,3,143,39.77,10,0,1,0,0,39.77
2005,6,9,24,3,143,180.3,667.6,0,1,1,0,180.3
2005,6,9,1,3,144,0,7.9,0,2,1,0,0
2005,6,9,1,3,144,180.3,56.7,0,2,0,0,180.3
2005,6,9,2,3,144,0,6.9,0,2,1,0,0
2005,6,9,2,3,144,180.3,57.7,0,2,0,0,180.3
2005,6,9,3,3,144,0,5.8,0,2,1,0,0
2005,6,9,3,3,144,180.3,58.8,0,2,0,0,180.3
2005,6,9,4,3,144,0,5.2,0,2,1,0,0
2005,6,9,4,3,144,180.3,59.4,0,2,0,0,180.3
2005,6,9,5,3,144,0,4.8,0,2,1,0,0
2005,6,9,5,3,144,180.3,59.8,0,2,0,0,180.3
2005,6,9,6,3,144,0,4.5,0,2,1,0,0
2005,6,9,6,3,144,180.3,60.1,0,2,0,0,180.3
2005,6,9,7,3,144,0,4.5,0,2,1,0,0
2005,6,9,7,3,144,180.3,60.1,0,2,0,0,180.3
2005,6,9,8,3,144,0,4.5,0,2,1,0,0
2005,6,9,8,3,144,180.3,60.1,0,2,0,0,180.3
2005,6,9,9,3,144,0,4.8,0,2,1,0,0
2005,6,9,9,3,144,180.3,59.8,0,2,0,0,180.3
2005,6,9,10,3,144,0,5.3,0,2,1,0,0
2005,6,9,10,3,144,180.3,59.3,0,2,0,0,180.3
2005,6,9,11,3,144,0,5.8,0,2,1,0,0
2005,6,9,11,3,144,180.3,58.8,0,2,0,0,180.3
2005,6,9,12,3,144,0,6.5,0,2,1,0,0
2005,6,9,12,3,144,180.3,58.1,0,2,0,0,180.3
2005,6,9,13,3,144,0,7.2,0,2,1,0,0
2005,6,9,13,3,144,180.3,57.4,0,2,0,0,180.3
2005,6,9,14,3,144,0,7.8,0,2,1,0,0
2005,6,9,14,3,144,180.3,56.8,0,2,0,0,180.3
2005,6,9,15,3,144,0,8.2,0,2,1,0,0
2005,6,9,15,3,144,180.3,56.4,0,2,0,0,180.3
2005,6,9,16,3,144,0,8.6,0,2,1,0,0
2005,6,9,16,3,144,180.3,56,0,2,0,0,180.3
2005,6,9,17,3,144,0,8.9,0,2,1,0,0
2005,6,9,17,3,144,180.3,55.7,0,2,0,0,180.3
2005,6,9,18,3,144,0,9.1,0,2,1,0,0
2005,6,9,18,3,144,180.3,55.5,0,2,0,0,180.3
2005,6,9,19,3,144,0,9.7,0,2,1,0,0
2005,6,9,19,3,144,180.3,54.9,0,2,0,0,180.3
2005,6,9,20,3,144,0,10.6,0,2,1,0,0
2005,6,9,20,3,144,180.3,54,0,2,0,0,180.3
2005,6,9,21,3,144,0,12,0,2,1,0,0
2005,6,9,21,3,144,180.3,52.6,0,2,0,0,180.3
2005,6,9,22,3,144,0,13.6,0,2,1,0,0
2005,6,9,22,3,144,180.3,51,0,2,0,0,180.3
2005,6,9,23,3,144,0,15.7,0,2,1,0,0
2005,6,9,23,3,144,180.3,48.9,0,2,0,0,180.3
2005,6,9,24,3,144,0,18.1,0,2,1,0,0
2005,6,9,24,3,144,180.3,46.5,0,2,0,0,180.3
2005,6,9,1,3,145,0,24,0,2,1,0,0
2005,6,9,1,3,145,180.3,25.5,0,2,0,0,180.3
2005,6,9,2,3,145,0,27.3,0,2,1,0,0
2005,6,9,2,3,145,180.3,22.2,0,2,0,0,180.3
2005,6,9,3,3,145,0,29,0,2,1,0,0
2005,6,9,3,3,145,180.3,20.5,0,2,0,0,180.3
2005,6,9,4,3,145,0,29.2,0,2,1,0,0
2005,6,9,4,3,145,180.3,20.3,0,2,0,0,180.3
2005,6,9,5,3,145,0,27.9,0,2,1,0,0
2005,6,9,5,3,145,180.3,21.6,0,2,0,0,180.3
2005,6,9,6,3,145,0,25,0,2,1,0,0
2005,6,9,6,3,145,180.3,24.5,0,2,0,0,180.3
2005,6,9,7,3,145,0,22.1,0,2,1,0,0
2005,6,9,7,3,145,180.3,27.4,0,2,0,0,180.3
2005,6,9,8,3,145,0,19.1,0,2,1,0,0
2005,6,9,8,3,145,180.3,30.4,0,2,0,0,180.3
2005,6,9,9,3,145,0,16,0,2,1,0,0
2005,6,9,9,3,145,180.3,33.5,0,2,0,0,180.3
2005,6,9,10,3,145,0,12.9,0,2,1,0,0
2005,6,9,10,3,145,180.3,36.6,0,2,0,0,180.3
2005,6,9,11,3,145,0,9.7,0,2,1,0,0
2005,6,9,11,3,145,180.3,39.8,0,2,0,0,180.3
2005,6,9,12,3,145,0,6.5,0,2,1,0,0
2005,6,9,12,3,145,180.3,43,0,2,0,0,180.3
2005,6,9,13,3,145,0,3.9,0,2,1,0,0
2005,6,9,13,3,145,180.3,45.6,0,2,0,0,180.3
2005,6,9,14,3,145,0,1.9,0,2,1,0,0
2005,6,9,14,3,145,180.3,47.6,0,2,0,0,180.3
2005,6,9,15,3,145,0,.5,0,2,1,0,0
2005,6,9,15,3,145,180.3,49,0,2,0,0,180.3
2005,6,9,16,3,145,180.3,49.5,0,2,0,0,180.3
2005,6,9,17,3,145,180.3,49.5,0,2,0,0,180.3
2005,6,9,18,3,145,0,.3,0,2,1,0,0
2005,6,9,18,3,145,180.3,49.2,0,2,0,0,180.3
2005,6,9,19,3,145,0,1.2,0,2,1,0,0
2005,6,9,19,3,145,180.3,48.3,0,2,0,0,180.3
2005,6,9,20,3,145,0,2.4,0,2,1,0,0
2005,6,9,20,3,145,180.3,47.1,0,2,0,0,180.3
2005,6,9,21,3,145,0,3.9,0,2,1,0,0
2005,6,9,21,3,145,180.3,45.6,0,2,0,0,180.3
2005,6,9,22,3,145,0,5.9,0,2,1,0,0
2005,6,9,22,3,145,180.3,43.6,0,2,0,0,180.3
2005,6,9,23,3,145,0,8.1,0,2,1,0,0
2005,6,9,23,3,145,180.3,41.4,0,2,0,0,180.3
2005,6,9,24,3,145,0,10.7,0,2,1,0,0
2005,6,9,24,3,145,180.3,38.8,0,2,0,0,180.3
2005,6,9,1,3,146,0,4,0,2,1,0,0
2005,6,9,1,3,146,180.3,51.7,0,2,0,0,180.3
2005,6,9,2,3,146,0,4.4,0,2,1,0,0
2005,6,9,2,3,146,180.3,51.3,0,2,0,0,180.3
2005,6,9,3,3,146,0,5.4,0,2,1,0,0
2005,6,9,3,3,146,180.3,50.3,0,2,0,0,180.3
2005,6,9,4,3,146,0,7,0,2,1,0,0
2005,6,9,4,3,146,180.3,48.7,0,2,0,0,180.3
2005,6,9,5,3,146,0,8.8,0,2,1,0,0
2005,6,9,5,3,146,180.3,46.9,0,2,0,0,180.3
2005,6,9,6,3,146,0,11.4,0,2,1,0,0
2005,6,9,6,3,146,180.3,44.3,0,2,0,0,180.3
2005,6,9,7,3,146,0,12.8,0,2,1,0,0
2005,6,9,7,3,146,180.3,42.9,0,2,0,0,180.3
2005,6,9,8,3,146,0,13.3,0,2,1,0,0
2005,6,9,8,3,146,180.3,42.4,0,2,0,0,180.3
2005,6,9,9,3,146,0,12.8,0,2,1,0,0
2005,6,9,9,3,146,180.3,42.9,0,2,0,0,180.3
2005,6,9,10,3,146,0,11.3,0,2,1,0,0
2005,6,9,10,3,146,180.3,44.4,0,2,0,0,180.3
2005,6,9,11,3,146,0,8.8,0,2,1,0,0
2005,6,9,11,3,146,180.3,46.9,0,2,0,0,180.3
2005,6,9,12,3,146,0,5.1,0,2,1,0,0
2005,6,9,12,3,146,180.3,50.6,0,2,0,0,180.3
2005,6,9,13,3,146,0,2.5,0,2,1,0,0
2005,6,9,13,3,146,180.3,53.2,0,2,0,0,180.3
2005,6,9,14,3,146,0,.7,0,2,1,0,0
2005,6,9,14,3,146,180.3,55,0,2,0,0,180.3
2005,6,9,15,3,146,0,.2,0,2,1,0,0
2005,6,9,15,3,146,180.3,55.5,0,2,0,0,180.3
2005,6,9,16,3,146,0,.1,0,2,1,0,0
2005,6,9,16,3,146,180.3,55.6,0,2,0,0,180.3
2005,6,9,17,3,146,0,.6,0,2,1,0,0
2005,6,9,17,3,146,180.3,55.1,0,2,0,0,180.3
2005,6,9,18,3,146,0,2.1,0,2,1,0,0
2005,6,9,18,3,146,180.3,53.6,0,2,0,0,180.3
2005,6,9,19,3,146,0,3.2,0,2,1,0,0
2005,6,9,19,3,146,180.3,52.5,0,2,0,0,180.3
2005,6,9,20,3,146,0,4.2,0,2,1,0,0
2005,6,9,20,3,146,180.3,51.5,0,2,0,0,180.3
2005,6,9,21,3,146,0,4.7,0,2,1,0,0
2005,6,9,21,3,146,180.3,51,0,2,0,0,180.3
2005,6,9,22,3,146,0,4.9,0,2,1,0,0
2005,6,9,22,3,146,180.3,50.8,0,2,0,0,180.3
2005,6,9,23,3,146,0,4.7,0,2,1,0,0
2005,6,9,23,3,146,180.3,51,0,2,0,0,180.3
2005,6,9,24,3,146,0,4.1,0,2,1,0,0
2005,6,9,24,3,146,180.3,51.6,0,2,0,0,180.3
2005,6,9,20,3,147,0,1,0,1,0,0,0
2005,6,9,21,3,147,0,1,0,1,0,0,0
2005,6,9,22,3,147,0,1,0,1,0,0,0
2005,6,9,1,3,148,26.63,50.7,0,1,0,0,26.63
2005,6,9,2,3,148,24.62,50.7,0,1,0,0,24.62
2005,6,9,3,3,148,21.62,50.7,0,1,0,0,21.62
2005,6,9,4,3,148,16.5,50.7,0,1,0,0,16.5
2005,6,9,5,3,148,14.63,50.7,0,1,0,0,14.63
2005,6,9,6,3,148,21.65,50.7,0,1,0,0,21.65
2005,6,9,7,3,148,30.54,50.7,0,1,0,0,30.54
2005,6,9,9,3,148,42.02,50.9,0,1,0,0,42.02
2005,6,9,10,3,148,45.93,50.9,0,1,0,0,45.93
2005,6,9,11,3,148,47.74,50.9,0,1,0,0,47.74
2005,6,9,12,3,148,51.85,50.9,0,1,0,0,51.85
2005,6,9,13,3,148,47.65,50.9,0,1,0,0,47.65
2005,6,9,14,3,148,47.21,50.9,0,1,0,0,47.21
2005,6,9,15,3,148,45.61,50.9,0,1,0,0,45.61
2005,6,9,16,3,148,43.74,50.9,0,1,0,0,43.74
2005,6,9,17,3,148,39.25,50.9,0,1,0,0,39.25
2005,6,9,18,3,148,37.25,50.9,0,1,0,0,37.25
2005,6,9,19,3,148,36.23,50.9,0,1,0,0,36.23
2005,6,9,20,3,148,35.88,50.9,0,1,0,0,35.88
2005,6,9,21,3,148,34.87,50.9,0,1,0,0,34.87
2005,6,9,22,3,148,34.45,50.9,0,1,0,0,34.45
2005,6,9,23,3,148,35.12,50.9,0,1,0,0,35.12
2005,6,9,24,3,148,30.86,50.9,0,1,0,0,30.86
2005,6,9,8,3,149,0,100,0,2,1,0,0
2005,6,9,1,3,150,0,23,0,2,1,0,0
2005,6,9,1,3,150,2.17,1,0,2,1,0,2.17
2005,6,9,1,3,150,4.37,.1,0,2,1,0,4.37
2005,6,9,1,3,150,6.47,.1,0,2,1,0,6.47
2005,6,9,1,3,150,8.57,.1,0,2,1,0,8.57
2005,6,9,1,3,150,10.77,.1,0,2,1,0,10.77
2005,6,9,1,3,150,12.87,.1,0,2,1,0,12.87
2005,6,9,1,3,150,14.97,.1,0,2,1,0,14.97
2005,6,9,1,3,150,17.17,.1,0,2,1,0,17.17
2005,6,9,1,3,150,19.27,.1,0,2,1,0,19.27
2005,6,9,1,3,150,21.47,.1,0,2,1,0,21.47
2005,6,9,1,3,150,23.57,.1,0,2,1,0,23.57
2005,6,9,1,3,150,25.67,.1,0,2,1,0,25.67
2005,6,9,1,3,150,27.87,.1,0,2,1,0,27.87
2005,6,9,1,3,150,29.97,.1,0,2,1,0,29.97
2005,6,9,1,3,150,32.07,.1,0,2,1,0,32.07
2005,6,9,1,3,150,34.27,.1,0,2,1,0,34.27
2005,6,9,1,3,150,36.37,.1,0,2,1,0,36.37
2005,6,9,1,3,150,38.47,.1,0,2,1,0,38.47
2005,6,9,1,3,150,40.67,.1,0,2,1,0,40.67
2005,6,9,1,3,150,42.77,.1,0,2,1,0,42.77
2005,6,9,1,3,150,44.87,.1,0,2,0,0,44.87
2005,6,9,1,3,150,46.97,.1,0,2,0,0,46.97
2005,6,9,1,3,150,175.67,.1,0,2,0,0,175.67
2005,6,9,1,3,150,180,.1,0,2,0,0,180
2005,6,9,2,3,150,0,20,0,2,1,0,0
2005,6,9,2,3,150,1.97,1,0,2,1,0,1.97
2005,6,9,2,3,150,3.97,.1,0,2,1,0,3.97
2005,6,9,2,3,150,5.87,.1,0,2,1,0,5.87
2005,6,9,2,3,150,7.87,.1,0,2,1,0,7.87
2005,6,9,2,3,150,9.77,.1,0,2,1,0,9.77
2005,6,9,2,3,150,11.77,.1,0,2,1,0,11.77
2005,6,9,2,3,150,13.67,.1,0,2,1,0,13.67
2005,6,9,2,3,150,15.67,.1,0,2,1,0,15.67
2005,6,9,2,3,150,17.57,.1,0,2,1,0,17.57
2005,6,9,2,3,150,19.57,.1,0,2,1,0,19.57
2005,6,9,2,3,150,21.47,.1,0,2,1,0,21.47
2005,6,9,2,3,150,23.47,.1,0,2,1,0,23.47
2005,6,9,2,3,150,25.37,.1,0,2,1,0,25.37
2005,6,9,2,3,150,27.37,.1,0,2,1,0,27.37
2005,6,9,2,3,150,29.27,.1,0,2,1,0,29.27
2005,6,9,2,3,150,31.27,.1,0,2,1,0,31.27
2005,6,9,2,3,150,33.17,.1,0,2,1,0,33.17
2005,6,9,2,3,150,35.17,.1,0,2,1,0,35.17
2005,6,9,2,3,150,37.07,.1,0,2,1,0,37.07
2005,6,9,2,3,150,39.07,.1,0,2,0,0,39.07
2005,6,9,2,3,150,40.97,.1,0,2,0,0,40.97
2005,6,9,2,3,150,42.87,.1,0,2,0,0,42.87
2005,6,9,2,3,150,175.67,.1,0,2,0,0,175.67
2005,6,9,2,3,150,180,.1,0,2,0,0,180
2005,6,9,3,3,150,0,20,0,2,1,0,0
2005,6,9,3,3,150,1.97,1,0,2,1,0,1.97
2005,6,9,3,3,150,3.87,.1,0,2,1,0,3.87
2005,6,9,3,3,150,5.77,.1,0,2,1,0,5.77
2005,6,9,3,3,150,7.67,.1,0,2,1,0,7.67
2005,6,9,3,3,150,9.47,.1,0,2,1,0,9.47
2005,6,9,3,3,150,11.37,.1,0,2,1,0,11.37
2005,6,9,3,3,150,13.27,.1,0,2,1,0,13.27
2005,6,9,3,3,150,15.17,.1,0,2,1,0,15.17
2005,6,9,3,3,150,17.07,.1,0,2,1,0,17.07
2005,6,9,3,3,150,18.97,.1,0,2,1,0,18.97
2005,6,9,3,3,150,20.87,.1,0,2,1,0,20.87
2005,6,9,3,3,150,22.77,.1,0,2,1,0,22.77
2005,6,9,3,3,150,24.67,.1,0,2,1,0,24.67
2005,6,9,3,3,150,26.57,.1,0,2,1,0,26.57
2005,6,9,3,3,150,28.37,.1,0,2,1,0,28.37
2005,6,9,3,3,150,30.27,.1,0,2,1,0,30.27
2005,6,9,3,3,150,32.17,.1,0,2,1,0,32.17
2005,6,9,3,3,150,34.07,.1,0,2,1,0,34.07
2005,6,9,3,3,150,35.97,.1,0,2,1,0,35.97
2005,6,9,3,3,150,37.87,.1,0,2,0,0,37.87
2005,6,9,3,3,150,39.77,.1,0,2,0,0,39.77
2005,6,9,3,3,150,41.57,.1,0,2,0,0,41.57
2005,6,9,3,3,150,175.67,.1,0,2,0,0,175.67
2005,6,9,3,3,150,180,.1,0,2,0,0,180
2005,6,9,4,3,150,0,20,0,2,1,0,0
2005,6,9,4,3,150,1.97,1,0,2,1,0,1.97
2005,6,9,4,3,150,3.87,.1,0,2,1,0,3.87
2005,6,9,4,3,150,5.67,.1,0,2,1,0,5.67
2005,6,9,4,3,150,7.57,.1,0,2,1,0,7.57
2005,6,9,4,3,150,9.47,.1,0,2,1,0,9.47
2005,6,9,4,3,150,11.37,.1,0,2,1,0,11.37
2005,6,9,4,3,150,13.27,.1,0,2,1,0,13.27
2005,6,9,4,3,150,15.07,.1,0,2,1,0,15.07
2005,6,9,4,3,150,16.97,.1,0,2,1,0,16.97
2005,6,9,4,3,150,18.87,.1,0,2,1,0,18.87
2005,6,9,4,3,150,20.77,.1,0,2,1,0,20.77
2005,6,9,4,3,150,22.67,.1,0,2,1,0,22.67
2005,6,9,4,3,150,24.47,.1,0,2,1,0,24.47
2005,6,9,4,3,150,26.37,.1,0,2,1,0,26.37
2005,6,9,4,3,150,28.27,.1,0,2,1,0,28.27
2005,6,9,4,3,150,30.17,.1,0,2,1,0,30.17
2005,6,9,4,3,150,32.07,.1,0,2,1,0,32.07
2005,6,9,4,3,150,33.87,.1,0,2,1,0,33.87
2005,6,9,4,3,150,35.77,.1,0,2,1,0,35.77
2005,6,9,4,3,150,37.67,.1,0,2,0,0,37.67
2005,6,9,4,3,150,39.57,.1,0,2,0,0,39.57
2005,6,9,4,3,150,41.37,.1,0,2,0,0,41.37
2005,6,9,4,3,150,175.67,.1,0,2,0,0,175.67
2005,6,9,4,3,150,180,.1,0,2,0,0,180
2005,6,9,5,3,150,0,20,0,2,1,0,0
2005,6,9,5,3,150,1.97,1,0,2,1,0,1.97
2005,6,9,5,3,150,3.87,.1,0,2,1,0,3.87
2005,6,9,5,3,150,5.77,.1,0,2,1,0,5.77
2005,6,9,5,3,150,7.67,.1,0,2,1,0,7.67
2005,6,9,5,3,150,9.47,.1,0,2,1,0,9.47
2005,6,9,5,3,150,11.37,.1,0,2,1,0,11.37
2005,6,9,5,3,150,13.27,.1,0,2,1,0,13.27
2005,6,9,5,3,150,15.17,.1,0,2,1,0,15.17
2005,6,9,5,3,150,17.07,.1,0,2,1,0,17.07
2005,6,9,5,3,150,18.97,.1,0,2,1,0,18.97
2005,6,9,5,3,150,20.87,.1,0,2,1,0,20.87
2005,6,9,5,3,150,22.77,.1,0,2,1,0,22.77
2005,6,9,5,3,150,24.67,.1,0,2,1,0,24.67
2005,6,9,5,3,150,26.57,.1,0,2,1,0,26.57
2005,6,9,5,3,150,28.37,.1,0,2,1,0,28.37
2005,6,9,5,3,150,30.27,.1,0,2,1,0,30.27
2005,6,9,5,3,150,32.17,.1,0,2,1,0,32.17
2005,6,9,5,3,150,34.07,.1,0,2,1,0,34.07
2005,6,9,5,3,150,35.97,.1,0,2,1,0,35.97
2005,6,9,5,3,150,37.87,.1,0,2,0,0,37.87
2005,6,9,5,3,150,39.77,.1,0,2,0,0,39.77
2005,6,9,5,3,150,41.57,.1,0,2,0,0,41.57
2005,6,9,5,3,150,175.67,.1,0,2,0,0,175.67
2005,6,9,5,3,150,180,.1,0,2,0,0,180
2005,6,9,6,3,150,0,20,0,2,1,0,0
2005,6,9,6,3,150,1.97,1,0,2,1,0,1.97
2005,6,9,6,3,150,3.87,.1,0,2,1,0,3.87
2005,6,9,6,3,150,5.77,.1,0,2,1,0,5.77
2005,6,9,6,3,150,7.67,.1,0,2,1,0,7.67
2005,6,9,6,3,150,9.57,.1,0,2,1,0,9.57
2005,6,9,6,3,150,11.47,.1,0,2,1,0,11.47
2005,6,9,6,3,150,13.37,.1,0,2,1,0,13.37
2005,6,9,6,3,150,15.27,.1,0,2,1,0,15.27
2005,6,9,6,3,150,17.07,.1,0,2,1,0,17.07
2005,6,9,6,3,150,18.97,.1,0,2,1,0,18.97
2005,6,9,6,3,150,20.87,.1,0,2,1,0,20.87
2005,6,9,6,3,150,22.77,.1,0,2,1,0,22.77
2005,6,9,6,3,150,24.67,.1,0,2,1,0,24.67
2005,6,9,6,3,150,26.57,.1,0,2,1,0,26.57
2005,6,9,6,3,150,28.47,.1,0,2,1,0,28.47
2005,6,9,6,3,150,30.37,.1,0,2,1,0,30.37
2005,6,9,6,3,150,32.27,.1,0,2,1,0,32.27
2005,6,9,6,3,150,34.17,.1,0,2,1,0,34.17
2005,6,9,6,3,150,36.07,.1,0,2,1,0,36.07
2005,6,9,6,3,150,37.97,.1,0,2,0,0,37.97
2005,6,9,6,3,150,39.87,.1,0,2,0,0,39.87
2005,6,9,6,3,150,41.67,.1,0,2,0,0,41.67
2005,6,9,6,3,150,175.67,.1,0,2,0,0,175.67
2005,6,9,6,3,150,180,.1,0,2,0,0,180
2005,6,9,7,3,150,0,21,0,2,1,0,0
2005,6,9,7,3,150,2.07,1,0,2,1,0,2.07
2005,6,9,7,3,150,3.97,.1,0,2,1,0,3.97
2005,6,9,7,3,150,5.97,.1,0,2,1,0,5.97
2005,6,9,7,3,150,7.87,.1,0,2,1,0,7.87
2005,6,9,7,3,150,9.87,.1,0,2,1,0,9.87
2005,6,9,7,3,150,11.77,.1,0,2,1,0,11.77
2005,6,9,7,3,150,13.77,.1,0,2,1,0,13.77
2005,6,9,7,3,150,15.77,.1,0,2,1,0,15.77
2005,6,9,7,3,150,17.67,.1,0,2,1,0,17.67
2005,6,9,7,3,150,19.67,.1,0,2,1,0,19.67
2005,6,9,7,3,150,21.57,.1,0,2,1,0,21.57
2005,6,9,7,3,150,23.57,.1,0,2,1,0,23.57
2005,6,9,7,3,150,25.57,.1,0,2,1,0,25.57
2005,6,9,7,3,150,27.47,.1,0,2,1,0,27.47
2005,6,9,7,3,150,29.47,.1,0,2,1,0,29.47
2005,6,9,7,3,150,31.37,.1,0,2,1,0,31.37
2005,6,9,7,3,150,33.37,.1,0,2,1,0,33.37
2005,6,9,7,3,150,35.27,.1,0,2,1,0,35.27
2005,6,9,7,3,150,37.27,.1,0,2,1,0,37.27
2005,6,9,7,3,150,39.27,.1,0,2,1,0,39.27
2005,6,9,7,3,150,41.17,.1,0,2,0,0,41.17
2005,6,9,7,3,150,43.07,.1,0,2,0,0,43.07
2005,6,9,7,3,150,175.67,.1,0,2,0,0,175.67
2005,6,9,7,3,150,180,.1,0,2,0,0,180
2005,6,9,8,3,150,0,24,0,2,1,0,0
2005,6,9,8,3,150,2.47,1,0,2,1,0,2.47
2005,6,9,8,3,150,4.87,1,0,2,1,0,4.87
2005,6,9,8,3,150,7.27,.1,0,2,1,0,7.27
2005,6,9,8,3,150,9.67,.1,0,2,1,0,9.67
2005,6,9,8,3,150,11.97,.1,0,2,1,0,11.97
2005,6,9,8,3,150,14.37,.1,0,2,1,0,14.37
2005,6,9,8,3,150,16.77,.1,0,2,1,0,16.77
2005,6,9,8,3,150,19.17,.1,0,2,1,0,19.17
2005,6,9,8,3,150,21.57,.1,0,2,1,0,21.57
2005,6,9,8,3,150,23.97,.1,0,2,1,0,23.97
2005,6,9,8,3,150,26.37,.1,0,2,1,0,26.37
2005,6,9,8,3,150,28.77,.1,0,2,1,0,28.77
2005,6,9,8,3,150,31.17,.1,0,2,1,0,31.17
2005,6,9,8,3,150,33.57,.1,0,2,1,0,33.57
2005,6,9,8,3,150,35.87,.1,0,2,1,0,35.87
2005,6,9,8,3,150,38.27,.1,0,2,1,0,38.27
2005,6,9,8,3,150,40.67,.1,0,2,1,0,40.67
2005,6,9,8,3,150,43.07,.1,0,2,0,0,43.07
2005,6,9,8,3,150,45.47,.1,0,2,0,0,45.47
2005,6,9,8,3,150,47.87,.1,0,2,0,0,47.87
2005,6,9,8,3,150,50.27,.1,0,2,0,0,50.27
2005,6,9,8,3,150,52.57,.1,0,2,0,0,52.57
2005,6,9,8,3,150,175.67,.1,0,2,0,0,175.67
2005,6,9,8,3,150,180,.1,0,2,0,0,180
2005,6,9,9,3,150,0,30,0,2,1,0,0
2005,6,9,9,3,150,3.27,1,0,2,1,0,3.27
2005,6,9,9,3,150,6.47,1,0,2,1,0,6.47
2005,6,9,9,3,150,9.67,.1,0,2,1,0,9.67
2005,6,9,9,3,150,12.87,.1,0,2,1,0,12.87
2005,6,9,9,3,150,16.07,.1,0,2,1,0,16.07
2005,6,9,9,3,150,19.27,.1,0,2,1,0,19.27
2005,6,9,9,3,150,22.47,.1,0,2,1,0,22.47
2005,6,9,9,3,150,25.67,.1,0,2,1,0,25.67
2005,6,9,9,3,150,28.87,.1,0,2,1,0,28.87
2005,6,9,9,3,150,32.07,.1,0,2,1,0,32.07
2005,6,9,9,3,150,35.27,.1,0,2,1,0,35.27
2005,6,9,9,3,150,38.47,.1,0,2,1,0,38.47
2005,6,9,9,3,150,41.67,.1,0,2,1,0,41.67
2005,6,9,9,3,150,44.87,.1,0,2,1,0,44.87
2005,6,9,9,3,150,48.07,.1,0,2,1,0,48.07
2005,6,9,9,3,150,51.27,.1,0,2,1,0,51.27
2005,6,9,9,3,150,54.47,.1,0,2,1,0,54.47
2005,6,9,9,3,150,57.67,.1,0,2,1,0,57.67
2005,6,9,9,3,150,60.87,.1,0,2,1,0,60.87
2005,6,9,9,3,150,64.07,.1,0,2,0,0,64.07
2005,6,9,9,3,150,67.27,.1,0,2,0,0,67.27
2005,6,9,9,3,150,70.37,.1,0,2,0,0,70.37
2005,6,9,9,3,150,175.67,.1,0,2,0,0,175.67
2005,6,9,9,3,150,180,.1,0,2,0,0,180
2005,6,9,10,3,150,0,45,0,2,1,0,0
2005,6,9,10,3,150,3.77,1,0,2,1,0,3.77
2005,6,9,10,3,150,7.47,1,0,2,1,0,7.47
2005,6,9,10,3,150,11.27,.1,0,2,1,0,11.27
2005,6,9,10,3,150,14.97,.1,0,2,1,0,14.97
2005,6,9,10,3,150,18.67,.1,0,2,1,0,18.67
2005,6,9,10,3,150,22.37,.1,0,2,1,0,22.37
2005,6,9,10,3,150,26.07,.1,0,2,1,0,26.07
2005,6,9,10,3,150,29.87,.1,0,2,1,0,29.87
2005,6,9,10,3,150,33.57,.1,0,2,1,0,33.57
2005,6,9,10,3,150,37.27,.1,0,2,1,0,37.27
2005,6,9,10,3,150,44.77,.1,0,2,1,0,44.77
2005,6,9,10,3,150,48.47,.1,0,2,1,0,48.47
2005,6,9,10,3,150,52.17,.1,0,2,1,0,52.17
2005,6,9,10,3,150,55.87,.1,0,2,1,0,55.87
2005,6,9,10,3,150,59.57,.1,0,2,1,0,59.57
2005,6,9,10,3,150,63.37,.1,0,2,1,0,63.37
2005,6,9,10,3,150,67.07,.1,0,2,1,0,67.07
2005,6,9,10,3,150,70.77,.1,0,2,1,0,70.77
2005,6,9,10,3,150,74.47,.1,0,2,0,0,74.47
2005,6,9,10,3,150,78.17,.1,0,2,0,0,78.17
2005,6,9,10,3,150,81.87,.1,0,2,0,0,81.87
2005,6,9,10,3,150,175.67,.1,0,2,0,0,175.67
2005,6,9,10,3,150,180,.1,0,2,0,0,180
2005,6,9,11,3,150,0,47,0,2,1,0,0
2005,6,9,11,3,150,3.87,1,0,2,1,0,3.87
2005,6,9,11,3,150,7.67,1,0,2,1,0,7.67
2005,6,9,11,3,150,11.47,.1,0,2,1,0,11.47
2005,6,9,11,3,150,15.27,.1,0,2,1,0,15.27
2005,6,9,11,3,150,19.07,.1,0,2,1,0,19.07
2005,6,9,11,3,150,22.87,.1,0,2,1,0,22.87
2005,6,9,11,3,150,26.67,.1,0,2,1,0,26.67
2005,6,9,11,3,150,30.47,.1,0,2,1,0,30.47
2005,6,9,11,3,150,34.17,.1,0,2,1,0,34.17
2005,6,9,11,3,150,37.97,.1,0,2,1,0,37.97
2005,6,9,11,3,150,41.77,.1,0,2,1,0,41.77
2005,6,9,11,3,150,45.57,.1,0,2,1,0,45.57
2005,6,9,11,3,150,49.37,.1,0,2,1,0,49.37
2005,6,9,11,3,150,53.17,.1,0,2,1,0,53.17
2005,6,9,11,3,150,56.97,.1,0,2,1,0,56.97
2005,6,9,11,3,150,60.77,.1,0,2,1,0,60.77
2005,6,9,11,3,150,64.57,.1,0,2,1,0,64.57
2005,6,9,11,3,150,68.37,.1,0,2,1,0,68.37
2005,6,9,11,3,150,72.17,.1,0,2,1,0,72.17
2005,6,9,11,3,150,75.97,.1,0,2,1,0,75.97
2005,6,9,11,3,150,79.77,.1,0,2,1,0,79.77
2005,6,9,11,3,150,83.47,.1,0,2,0,0,83.47
2005,6,9,11,3,150,175.67,.1,0,2,0,0,175.67
2005,6,9,11,3,150,180,.1,0,2,0,0,180
2005,6,9,12,3,150,0,47,0,2,1,0,0
2005,6,9,12,3,150,3.97,1,0,2,1,0,3.97
2005,6,9,12,3,150,7.97,1,0,2,1,0,7.97
2005,6,9,12,3,150,11.87,.1,0,2,1,0,11.87
2005,6,9,12,3,150,15.77,.1,0,2,1,0,15.77
2005,6,9,12,3,150,19.77,.1,0,2,1,0,19.77
2005,6,9,12,3,150,23.67,.1,0,2,1,0,23.67
2005,6,9,12,3,150,27.57,.1,0,2,1,0,27.57
2005,6,9,12,3,150,31.47,.1,0,2,1,0,31.47
2005,6,9,12,3,150,35.47,.1,0,2,1,0,35.47
2005,6,9,12,3,150,39.37,.1,0,2,1,0,39.37
2005,6,9,12,3,150,43.27,.1,0,2,1,0,43.27
2005,6,9,12,3,150,47.27,.1,0,2,1,0,47.27
2005,6,9,12,3,150,51.17,.1,0,2,1,0,51.17
2005,6,9,12,3,150,55.07,.1,0,2,1,0,55.07
2005,6,9,12,3,150,59.07,.1,0,2,1,0,59.07
2005,6,9,12,3,150,62.97,.1,0,2,1,0,62.97
2005,6,9,12,3,150,66.87,.1,0,2,1,0,66.87
2005,6,9,12,3,150,70.77,.1,0,2,1,0,70.77
2005,6,9,12,3,150,74.77,.1,0,2,1,0,74.77
2005,6,9,12,3,150,78.67,.1,0,2,1,0,78.67
2005,6,9,12,3,150,82.57,.1,0,2,1,0,82.57
2005,6,9,12,3,150,86.47,.1,0,2,1,0,86.47
2005,6,9,12,3,150,175.67,.1,0,2,0,0,175.67
2005,6,9,12,3,150,180,.1,0,2,0,0,180
2005,6,9,13,3,150,0,47,0,2,1,0,0
2005,6,9,13,3,150,4.37,1,0,2,1,0,4.37
2005,6,9,13,3,150,8.67,1,0,2,1,0,8.67
2005,6,9,13,3,150,12.87,.1,0,2,1,0,12.87
2005,6,9,13,3,150,17.17,.1,0,2,1,0,17.17
2005,6,9,13,3,150,21.47,.1,0,2,1,0,21.47
2005,6,9,13,3,150,25.77,.1,0,2,1,0,25.77
2005,6,9,13,3,150,30.07,.1,0,2,1,0,30.07
2005,6,9,13,3,150,34.27,.1,0,2,1,0,34.27
2005,6,9,13,3,150,38.57,.1,0,2,1,0,38.57
2005,6,9,13,3,150,42.87,.1,0,2,1,0,42.87
2005,6,9,13,3,150,47.17,.1,0,2,1,0,47.17
2005,6,9,13,3,150,51.47,.1,0,2,1,0,51.47
2005,6,9,13,3,150,55.67,.1,0,2,1,0,55.67
2005,6,9,13,3,150,59.97,.1,0,2,1,0,59.97
2005,6,9,13,3,150,64.27,.1,0,2,1,0,64.27
2005,6,9,13,3,150,68.57,.1,0,2,1,0,68.57
2005,6,9,13,3,150,72.87,.1,0,2,1,0,72.87
2005,6,9,13,3,150,77.07,.1,0,2,1,0,77.07
2005,6,9,13,3,150,81.37,.1,0,2,1,0,81.37
2005,6,9,13,3,150,85.67,.1,0,2,1,0,85.67
2005,6,9,13,3,150,89.97,.1,0,2,1,0,89.97
2005,6,9,13,3,150,94.17,.1,0,2,0,0,94.17
2005,6,9,13,3,150,175.67,.1,0,2,0,0,175.67
2005,6,9,13,3,150,180,.1,0,2,0,0,180
2005,6,9,14,3,150,0,47,0,2,1,0,0
2005,6,9,14,3,150,4.17,1,0,2,1,0,4.17
2005,6,9,14,3,150,8.27,1,0,2,1,0,8.27
2005,6,9,14,3,150,12.37,.1,0,2,1,0,12.37
2005,6,9,14,3,150,16.47,.1,0,2,1,0,16.47
2005,6,9,14,3,150,20.57,.1,0,2,1,0,20.57
2005,6,9,14,3,150,24.67,.1,0,2,1,0,24.67
2005,6,9,14,3,150,28.77,.1,0,2,1,0,28.77
2005,6,9,14,3,150,32.87,.1,0,2,1,0,32.87
2005,6,9,14,3,150,36.97,.1,0,2,1,0,36.97
2005,6,9,14,3,150,41.07,.1,0,2,1,0,41.07
2005,6,9,14,3,150,45.17,.1,0,2,1,0,45.17
2005,6,9,14,3,150,49.27,.1,0,2,1,0,49.27
2005,6,9,14,3,150,53.37,.1,0,2,1,0,53.37
2005,6,9,14,3,150,57.47,.1,0,2,1,0,57.47
2005,6,9,14,3,150,61.57,.1,0,2,1,0,61.57
2005,6,9,14,3,150,65.77,.1,0,2,1,0,65.77
2005,6,9,14,3,150,69.87,.1,0,2,1,0,69.87
2005,6,9,14,3,150,73.97,.1,0,2,1,0,73.97
2005,6,9,14,3,150,78.07,.1,0,2,1,0,78.07
2005,6,9,14,3,150,82.17,.1,0,2,1,0,82.17
2005,6,9,14,3,150,86.27,.1,0,2,0,0,86.27
2005,6,9,14,3,150,90.27,.1,0,2,0,0,90.27
2005,6,9,14,3,150,175.67,.1,0,2,0,0,175.67
2005,6,9,14,3,150,180,.1,0,2,0,0,180
2005,6,9,15,3,150,0,30,0,2,1,0,0
2005,6,9,15,3,150,3.87,1,0,2,1,0,3.87
2005,6,9,15,3,150,7.57,1,0,2,1,0,7.57
2005,6,9,15,3,150,11.37,.1,0,2,1,0,11.37
2005,6,9,15,3,150,15.07,.1,0,2,1,0,15.07
2005,6,9,15,3,150,18.87,.1,0,2,1,0,18.87
2005,6,9,15,3,150,22.57,.1,0,2,1,0,22.57
2005,6,9,15,3,150,26.37,.1,0,2,1,0,26.37
2005,6,9,15,3,150,30.07,.1,0,2,1,0,30.07
2005,6,9,15,3,150,33.87,.1,0,2,1,0,33.87
2005,6,9,15,3,150,37.57,.1,0,2,1,0,37.57
2005,6,9,15,3,150,41.37,.1,0,2,1,0,41.37
2005,6,9,15,3,150,45.07,.1,0,2,1,0,45.07
2005,6,9,15,3,150,48.87,.1,0,2,1,0,48.87
2005,6,9,15,3,150,52.57,.1,0,2,1,0,52.57
2005,6,9,15,3,150,56.37,.1,0,2,1,0,56.37
2005,6,9,15,3,150,60.17,.1,0,2,1,0,60.17
2005,6,9,15,3,150,63.87,.1,0,2,1,0,63.87
2005,6,9,15,3,150,67.67,.1,0,2,1,0,67.67
2005,6,9,15,3,150,71.37,.1,0,2,1,0,71.37
2005,6,9,15,3,150,75.17,.1,0,2,1,0,75.17
2005,6,9,15,3,150,78.87,.1,0,2,1,0,78.87
2005,6,9,15,3,150,82.57,.1,0,2,0,0,82.57
2005,6,9,15,3,150,175.67,.1,0,2,0,0,175.67
2005,6,9,15,3,150,180,.1,0,2,0,0,180
2005,6,9,16,3,150,0,30,0,2,1,0,0
2005,6,9,16,3,150,3.87,1,0,2,1,0,3.87
2005,6,9,16,3,150,7.67,1,0,2,1,0,7.67
2005,6,9,16,3,150,11.47,.1,0,2,1,0,11.47
2005,6,9,16,3,150,15.27,.1,0,2,1,0,15.27
2005,6,9,16,3,150,19.07,.1,0,2,1,0,19.07
2005,6,9,16,3,150,22.87,.1,0,2,1,0,22.87
2005,6,9,16,3,150,26.67,.1,0,2,1,0,26.67
2005,6,9,16,3,150,30.47,.1,0,2,1,0,30.47
2005,6,9,16,3,150,34.17,.1,0,2,1,0,34.17
2005,6,9,16,3,150,37.97,.1,0,2,1,0,37.97
2005,6,9,16,3,150,41.77,.1,0,2,1,0,41.77
2005,6,9,16,3,150,45.57,.1,0,2,1,0,45.57
2005,6,9,16,3,150,49.37,.1,0,2,1,0,49.37
2005,6,9,16,3,150,53.17,.1,0,2,1,0,53.17
2005,6,9,16,3,150,56.97,.1,0,2,1,0,56.97
2005,6,9,16,3,150,60.77,.1,0,2,1,0,60.77
2005,6,9,16,3,150,64.57,.1,0,2,1,0,64.57
2005,6,9,16,3,150,68.37,.1,0,2,1,0,68.37
2005,6,9,16,3,150,72.17,.1,0,2,1,0,72.17
2005,6,9,16,3,150,75.97,.1,0,2,1,0,75.97
2005,6,9,16,3,150,79.77,.1,0,2,1,0,79.77
2005,6,9,16,3,150,83.47,.1,0,2,0,0,83.47
2005,6,9,16,3,150,175.67,.1,0,2,0,0,175.67
2005,6,9,16,3,150,180,.1,0,2,0,0,180
2005,6,9,17,3,150,0,32,0,2,1,0,0
2005,6,9,17,3,150,3.87,1,0,2,1,0,3.87
2005,6,9,17,3,150,7.67,1,0,2,1,0,7.67
2005,6,9,17,3,150,11.47,.1,0,2,1,0,11.47
2005,6,9,17,3,150,15.27,.1,0,2,1,0,15.27
2005,6,9,17,3,150,19.07,.1,0,2,1,0,19.07
2005,6,9,17,3,150,22.87,.1,0,2,1,0,22.87
2005,6,9,17,3,150,26.67,.1,0,2,1,0,26.67
2005,6,9,17,3,150,30.47,.1,0,2,1,0,30.47
2005,6,9,17,3,150,34.27,.1,0,2,1,0,34.27
2005,6,9,17,3,150,38.07,.1,0,2,1,0,38.07
2005,6,9,17,3,150,41.87,.1,0,2,1,0,41.87
2005,6,9,17,3,150,45.67,.1,0,2,1,0,45.67
2005,6,9,17,3,150,49.47,.1,0,2,1,0,49.47
2005,6,9,17,3,150,53.27,.1,0,2,1,0,53.27
2005,6,9,17,3,150,57.07,.1,0,2,1,0,57.07
2005,6,9,17,3,150,60.97,.1,0,2,1,0,60.97
2005,6,9,17,3,150,64.77,.1,0,2,1,0,64.77
2005,6,9,17,3,150,68.57,.1,0,2,1,0,68.57
2005,6,9,17,3,150,72.37,.1,0,2,1,0,72.37
2005,6,9,17,3,150,76.17,.1,0,2,1,0,76.17
2005,6,9,17,3,150,79.97,.1,0,2,1,0,79.97
2005,6,9,17,3,150,83.67,.1,0,2,0,0,83.67
2005,6,9,17,3,150,175.67,.1,0,2,0,0,175.67
2005,6,9,17,3,150,180,.1,0,2,0,0,180
2005,6,9,18,3,150,0,32,0,2,1,0,0
2005,6,9,18,3,150,4.07,1,0,2,1,0,4.07
2005,6,9,18,3,150,8.07,1,0,2,1,0,8.07
2005,6,9,18,3,150,12.07,.1,0,2,1,0,12.07
2005,6,9,18,3,150,16.07,.1,0,2,1,0,16.07
2005,6,9,18,3,150,20.07,.1,0,2,1,0,20.07
2005,6,9,18,3,150,24.07,.1,0,2,1,0,24.07
2005,6,9,18,3,150,28.07,.1,0,2,1,0,28.07
2005,6,9,18,3,150,32.07,.1,0,2,1,0,32.07
2005,6,9,18,3,150,36.07,.1,0,2,1,0,36.07
2005,6,9,18,3,150,40.07,.1,0,2,1,0,40.07
2005,6,9,18,3,150,44.07,.1,0,2,1,0,44.07
2005,6,9,18,3,150,48.07,.1,0,2,1,0,48.07
2005,6,9,18,3,150,52.07,.1,0,2,1,0,52.07
2005,6,9,18,3,150,56.07,.1,0,2,1,0,56.07
2005,6,9,18,3,150,60.07,.1,0,2,1,0,60.07
2005,6,9,18,3,150,64.07,.1,0,2,1,0,64.07
2005,6,9,18,3,150,68.07,.1,0,2,1,0,68.07
2005,6,9,18,3,150,72.07,.1,0,2,1,0,72.07
2005,6,9,18,3,150,76.07,.1,0,2,1,0,76.07
2005,6,9,18,3,150,80.07,.1,0,2,1,0,80.07
2005,6,9,18,3,150,84.07,.1,0,2,0,0,84.07
2005,6,9,18,3,150,87.97,.1,0,2,0,0,87.97
2005,6,9,18,3,150,175.67,.1,0,2,0,0,175.67
2005,6,9,18,3,150,180,.1,0,2,0,0,180
2005,6,9,19,3,150,0,32,0,2,1,0,0
2005,6,9,19,3,150,3.87,1,0,2,1,0,3.87
2005,6,9,19,3,150,7.77,1,0,2,1,0,7.77
2005,6,9,19,3,150,11.57,.1,0,2,1,0,11.57
2005,6,9,19,3,150,15.37,.1,0,2,1,0,15.37
2005,6,9,19,3,150,19.27,.1,0,2,1,0,19.27
2005,6,9,19,3,150,23.07,.1,0,2,1,0,23.07
2005,6,9,19,3,150,26.87,.1,0,2,1,0,26.87
2005,6,9,19,3,150,30.67,.1,0,2,1,0,30.67
2005,6,9,19,3,150,34.57,.1,0,2,1,0,34.57
2005,6,9,19,3,150,38.37,.1,0,2,1,0,38.37
2005,6,9,19,3,150,42.17,.1,0,2,1,0,42.17
2005,6,9,19,3,150,46.07,.1,0,2,1,0,46.07
2005,6,9,19,3,150,49.87,.1,0,2,1,0,49.87
2005,6,9,19,3,150,53.67,.1,0,2,1,0,53.67
2005,6,9,19,3,150,57.57,.1,0,2,1,0,57.57
2005,6,9,19,3,150,61.37,.1,0,2,1,0,61.37
2005,6,9,19,3,150,65.17,.1,0,2,1,0,65.17
2005,6,9,19,3,150,68.97,.1,0,2,1,0,68.97
2005,6,9,19,3,150,72.87,.1,0,2,1,0,72.87
2005,6,9,19,3,150,76.67,.1,0,2,1,0,76.67
2005,6,9,19,3,150,80.47,.1,0,2,0,0,80.47
2005,6,9,19,3,150,84.27,.1,0,2,0,0,84.27
2005,6,9,19,3,150,175.67,.1,0,2,0,0,175.67
2005,6,9,19,3,150,180,.1,0,2,0,0,180
2005,6,9,20,3,150,0,30,0,2,1,0,0
2005,6,9,20,3,150,3.57,1,0,2,1,0,3.57
2005,6,9,20,3,150,7.17,1,0,2,1,0,7.17
2005,6,9,20,3,150,10.67,.1,0,2,1,0,10.67
2005,6,9,20,3,150,14.27,.1,0,2,1,0,14.27
2005,6,9,20,3,150,17.77,.1,0,2,1,0,17.77
2005,6,9,20,3,150,21.37,.1,0,2,1,0,21.37
2005,6,9,20,3,150,24.87,.1,0,2,1,0,24.87
2005,6,9,20,3,150,28.47,.1,0,2,1,0,28.47
2005,6,9,20,3,150,31.97,.1,0,2,1,0,31.97
2005,6,9,20,3,150,35.47,.1,0,2,1,0,35.47
2005,6,9,20,3,150,39.07,.1,0,2,1,0,39.07
2005,6,9,20,3,150,42.57,.1,0,2,1,0,42.57
2005,6,9,20,3,150,46.17,.1,0,2,1,0,46.17
2005,6,9,20,3,150,49.67,.1,0,2,1,0,49.67
2005,6,9,20,3,150,53.27,.1,0,2,1,0,53.27
2005,6,9,20,3,150,56.77,.1,0,2,1,0,56.77
2005,6,9,20,3,150,60.27,.1,0,2,1,0,60.27
2005,6,9,20,3,150,63.87,.1,0,2,1,0,63.87
2005,6,9,20,3,150,67.37,.1,0,2,1,0,67.37
2005,6,9,20,3,150,70.97,.1,0,2,1,0,70.97
2005,6,9,20,3,150,74.47,.1,0,2,0,0,74.47
2005,6,9,20,3,150,77.97,.1,0,2,0,0,77.97
2005,6,9,20,3,150,175.67,.1,0,2,0,0,175.67
2005,6,9,20,3,150,180,.1,0,2,0,0,180
2005,6,9,21,3,150,0,30,0,2,1,0,0
2005,6,9,21,3,150,2.87,1,0,2,1,0,2.87
2005,6,9,21,3,150,5.67,1,0,2,1,0,5.67
2005,6,9,21,3,150,8.57,.1,0,2,1,0,8.57
2005,6,9,21,3,150,11.37,.1,0,2,1,0,11.37
2005,6,9,21,3,150,14.17,.1,0,2,1,0,14.17
2005,6,9,21,3,150,16.97,.1,0,2,1,0,16.97
2005,6,9,21,3,150,19.77,.1,0,2,1,0,19.77
2005,6,9,21,3,150,22.57,.1,0,2,1,0,22.57
2005,6,9,21,3,150,25.47,.1,0,2,1,0,25.47
2005,6,9,21,3,150,28.27,.1,0,2,1,0,28.27
2005,6,9,21,3,150,31.07,.1,0,2,1,0,31.07
2005,6,9,21,3,150,33.87,.1,0,2,1,0,33.87
2005,6,9,21,3,150,36.67,.1,0,2,1,0,36.67
2005,6,9,21,3,150,39.47,.1,0,2,1,0,39.47
2005,6,9,21,3,150,42.37,.1,0,2,1,0,42.37
2005,6,9,21,3,150,45.17,.1,0,2,1,0,45.17
2005,6,9,21,3,150,47.97,.1,0,2,1,0,47.97
2005,6,9,21,3,150,50.77,.1,0,2,1,0,50.77
2005,6,9,21,3,150,53.57,.1,0,2,1,0,53.57
2005,6,9,21,3,150,56.37,.1,0,2,1,0,56.37
2005,6,9,21,3,150,59.27,.1,0,2,1,0,59.27
2005,6,9,21,3,150,61.97,.1,0,2,1,0,61.97
2005,6,9,21,3,150,175.67,.1,0,2,0,0,175.67
2005,6,9,21,3,150,180,.1,0,2,0,0,180
2005,6,9,22,3,150,0,30,0,2,1,0,0
2005,6,9,22,3,150,3.07,1,0,2,1,0,3.07
2005,6,9,22,3,150,6.17,1,0,2,1,0,6.17
2005,6,9,22,3,150,9.17,.1,0,2,1,0,9.17
2005,6,9,22,3,150,12.17,.1,0,2,1,0,12.17
2005,6,9,22,3,150,15.27,.1,0,2,1,0,15.27
2005,6,9,22,3,150,18.27,.1,0,2,1,0,18.27
2005,6,9,22,3,150,21.27,.1,0,2,1,0,21.27
2005,6,9,22,3,150,24.27,.1,0,2,1,0,24.27
2005,6,9,22,3,150,27.37,.1,0,2,1,0,27.37
2005,6,9,22,3,150,30.37,.1,0,2,1,0,30.37
2005,6,9,22,3,150,33.37,.1,0,2,1,0,33.37
2005,6,9,22,3,150,36.47,.1,0,2,1,0,36.47
2005,6,9,22,3,150,39.47,.1,0,2,1,0,39.47
2005,6,9,22,3,150,42.47,.1,0,2,1,0,42.47
2005,6,9,22,3,150,45.57,.1,0,2,1,0,45.57
2005,6,9,22,3,150,48.57,.1,0,2,1,0,48.57
2005,6,9,22,3,150,51.57,.1,0,2,1,0,51.57
2005,6,9,22,3,150,54.57,.1,0,2,1,0,54.57
2005,6,9,22,3,150,57.67,.1,0,2,1,0,57.67
2005,6,9,22,3,150,60.67,.1,0,2,1,0,60.67
2005,6,9,22,3,150,63.67,.1,0,2,0,0,63.67
2005,6,9,22,3,150,66.67,.1,0,2,0,0,66.67
2005,6,9,22,3,150,175.67,.1,0,2,0,0,175.67
2005,6,9,22,3,150,180,.1,0,2,0,0,180
2005,6,9,23,3,150,0,30,0,2,1,0,0
2005,6,9,23,3,150,3.07,1,0,2,1,0,3.07
2005,6,9,23,3,150,6.07,1,0,2,1,0,6.07
2005,6,9,23,3,150,9.17,.1,0,2,1,0,9.17
2005,6,9,23,3,150,12.17,.1,0,2,1,0,12.17
2005,6,9,23,3,150,15.17,.1,0,2,1,0,15.17
2005,6,9,23,3,150,18.17,.1,0,2,1,0,18.17
2005,6,9,23,3,150,21.17,.1,0,2,1,0,21.17
2005,6,9,23,3,150,24.17,.1,0,2,1,0,24.17
2005,6,9,23,3,150,27.27,.1,0,2,1,0,27.27
2005,6,9,23,3,150,30.27,.1,0,2,1,0,30.27
2005,6,9,23,3,150,33.27,.1,0,2,1,0,33.27
2005,6,9,23,3,150,36.27,.1,0,2,1,0,36.27
2005,6,9,23,3,150,39.27,.1,0,2,1,0,39.27
2005,6,9,23,3,150,42.27,.1,0,2,1,0,42.27
2005,6,9,23,3,150,45.37,.1,0,2,1,0,45.37
2005,6,9,23,3,150,48.37,.1,0,2,1,0,48.37
2005,6,9,23,3,150,51.37,.1,0,2,1,0,51.37
2005,6,9,23,3,150,54.37,.1,0,2,1,0,54.37
2005,6,9,23,3,150,57.37,.1,0,2,1,0,57.37
2005,6,9,23,3,150,60.37,.1,0,2,1,0,60.37
2005,6,9,23,3,150,63.47,.1,0,2,0,0,63.47
2005,6,9,23,3,150,66.37,.1,0,2,0,0,66.37
2005,6,9,23,3,150,175.67,.1,0,2,0,0,175.67
2005,6,9,23,3,150,180,.1,0,2,0,0,180
2005,6,9,24,3,150,0,29,0,2,1,0,0
2005,6,9,24,3,150,2.27,1,0,2,1,0,2.27
2005,6,9,24,3,150,4.47,1,0,2,1,0,4.47
2005,6,9,24,3,150,6.67,.1,0,2,1,0,6.67
2005,6,9,24,3,150,8.87,.1,0,2,1,0,8.87
2005,6,9,24,3,150,10.97,.1,0,2,1,0,10.97
2005,6,9,24,3,150,13.17,.1,0,2,1,0,13.17
2005,6,9,24,3,150,15.37,.1,0,2,1,0,15.37
2005,6,9,24,3,150,17.57,.1,0,2,1,0,17.57
2005,6,9,24,3,150,19.77,.1,0,2,1,0,19.77
2005,6,9,24,3,150,21.97,.1,0,2,1,0,21.97
2005,6,9,24,3,150,24.17,.1,0,2,1,0,24.17
2005,6,9,24,3,150,26.37,.1,0,2,1,0,26.37
2005,6,9,24,3,150,28.57,.1,0,2,1,0,28.57
2005,6,9,24,3,150,30.77,.1,0,2,1,0,30.77
2005,6,9,24,3,150,32.87,.1,0,2,1,0,32.87
2005,6,9,24,3,150,35.07,.1,0,2,1,0,35.07
2005,6,9,24,3,150,37.27,.1,0,2,1,0,37.27
2005,6,9,24,3,150,39.47,.1,0,2,1,0,39.47
2005,6,9,24,3,150,41.67,.1,0,2,1,0,41.67
2005,6,9,24,3,150,43.87,.1,0,2,0,0,43.87
2005,6,9,24,3,150,46.07,.1,0,2,0,0,46.07
2005,6,9,24,3,150,48.17,.1,0,2,0,0,48.17
2005,6,9,24,3,150,175.67,.1,0,2,0,0,175.67
2005,6,9,24,3,150,180,.1,0,2,0,0,180
2005,6,9,1,9,151,180,53.8,0,1,1,0,180
2005,6,9,2,9,151,180,51.3,0,1,1,0,180
2005,6,9,3,9,151,180,50,0,1,1,0,180
2005,6,9,4,9,151,180,50.3,0,1,1,0,180
2005,6,9,5,9,151,180,49.9,0,1,1,0,180
2005,6,9,6,9,151,180,53.7,0,1,1,0,180
2005,6,9,7,9,151,180,63.6,0,1,1,0,180
2005,6,9,8,9,151,180,70.5,0,1,1,0,180
2005,6,9,9,9,151,180,72.1,0,1,1,0,180
2005,6,9,10,9,151,180,70.6,0,1,1,0,180
2005,6,9,11,9,151,180,73.1,0,1,1,0,180
2005,6,9,12,9,151,180,73.4,0,1,1,0,180
2005,6,9,13,9,151,180,72.7,0,1,1,0,180
2005,6,9,14,9,151,180,74.2,0,1,1,0,180
2005,6,9,15,9,151,180,72.1,0,1,1,0,180
2005,6,9,16,9,151,180,70.4,0,1,1,0,180
2005,6,9,17,9,151,180,69.7,0,1,1,0,180
2005,6,9,18,9,151,180,68,0,1,1,0,180
2005,6,9,19,9,151,180,68.3,0,1,1,0,180
2005,6,9,20,9,151,180,70.9,0,1,1,0,180
2005,6,9,21,9,151,180,68.1,0,1,1,0,180
2005,6,9,22,9,151,180,65.1,0,1,1,0,180
2005,6,9,23,9,151,180,59.6,0,1,1,0,180
2005,6,9,24,9,151,180,57.2,0,1,1,0,180
2005,6,9,1,1,152,71,200,0,1,1,0,71
2005,6,9,1,1,152,74,100,0,1,1,0,74
2005,6,9,1,1,152,94,200,0,1,1,0,94
2005,6,9,1,1,152,180.3,2812,0,1,1,0,180.3
2005,6,9,2,1,152,71,200,0,1,1,0,71
2005,6,9,2,1,152,74,100,0,1,1,0,74
2005,6,9,2,1,152,94,200,0,1,1,0,94
2005,6,9,2,1,152,180.3,2703,0,1,1,0,180.3
2005,6,9,3,1,152,71,200,0,1,1,0,71
2005,6,9,3,1,152,74,100,0,1,1,0,74
2005,6,9,3,1,152,94,200,0,1,1,0,94
2005,6,9,3,1,152,180.3,2595,0,1,1,0,180.3
2005,6,9,4,1,152,71,200,0,1,1,0,71
2005,6,9,4,1,152,74,100,0,1,1,0,74
2005,6,9,4,1,152,94,200,0,1,1,0,94
2005,6,9,4,1,152,180.3,2560,0,1,1,0,180.3
2005,6,9,5,1,152,71,200,0,1,1,0,71
2005,6,9,5,1,152,74,100,0,1,1,0,74
2005,6,9,5,1,152,94,200,0,1,1,0,94
2005,6,9,5,1,152,180.3,2535,0,1,1,0,180.3
2005,6,9,6,1,152,71,200,0,1,1,0,71
2005,6,9,6,1,152,74,100,0,1,1,0,74
2005,6,9,6,1,152,94,200,0,1,1,0,94
2005,6,9,6,1,152,180.3,2621,0,1,1,0,180.3
2005,6,9,7,1,152,71,200,0,1,1,0,71
2005,6,9,7,1,152,74,100,0,1,1,0,74
2005,6,9,7,1,152,94,200,0,1,1,0,94
2005,6,9,7,1,152,180.3,3079,0,1,1,0,180.3
2005,6,9,8,1,152,71,200,0,1,1,0,71
2005,6,9,8,1,152,74,100,0,1,1,0,74
2005,6,9,8,1,152,94,200,0,1,1,0,94
2005,6,9,8,1,152,180.3,3510,0,1,1,0,180.3
2005,6,9,9,1,152,73,200,0,1,1,0,73
2005,6,9,9,1,152,76,100,0,1,1,0,76
2005,6,9,9,1,152,94,200,0,1,1,0,94
2005,6,9,9,1,152,180.3,4037,0,1,1,0,180.3
2005,6,9,10,1,152,73,66.4,0,1,1,0,73
2005,6,9,10,1,152,76,100,0,1,1,0,76
2005,6,9,10,1,152,94,200,0,1,1,0,94
2005,6,9,10,1,152,180.3,4411,0,1,1,0,180.3
2005,6,9,11,1,152,73,200,0,1,0,0,73
2005,6,9,11,1,152,76,100,0,1,0,0,76
2005,6,9,11,1,152,94,200,0,1,1,0,94
2005,6,9,11,1,152,180.3,4656,0,1,1,0,180.3
2005,6,9,12,1,152,73,200,0,1,0,0,73
2005,6,9,12,1,152,76,100,0,1,0,0,76
2005,6,9,12,1,152,94,200,0,1,1,0,94
2005,6,9,12,1,152,180.3,4790,0,1,1,0,180.3
2005,6,9,13,1,152,73,200,0,1,0,0,73
2005,6,9,13,1,152,76,100,0,1,0,0,76
2005,6,9,13,1,152,94,200,0,1,1,0,94
2005,6,9,13,1,152,180.3,4828,0,1,1,0,180.3
2005,6,9,14,1,152,73,200,0,1,0,0,73
2005,6,9,14,1,152,76,100,0,1,0,0,76
2005,6,9,14,1,152,94,200,0,1,1,0,94
2005,6,9,14,1,152,180.3,4625,0,1,1,0,180.3
2005,6,9,15,1,152,73,200,0,1,0,0,73
2005,6,9,15,1,152,76,100,0,1,0,0,76
2005,6,9,15,1,152,94,200,0,1,1,0,94
2005,6,9,15,1,152,180.3,4362,0,1,1,0,180.3
2005,6,9,16,1,152,73,200,0,1,0,0,73
2005,6,9,16,1,152,76,100,0,1,0,0,76
2005,6,9,16,1,152,94,200,0,1,1,0,94
2005,6,9,16,1,152,180.3,4298,0,1,1,0,180.3
2005,6,9,17,1,152,73,200,0,1,0,0,73
2005,6,9,17,1,152,76,100,0,1,0,0,76
2005,6,9,17,1,152,94,200,0,1,1,0,94
2005,6,9,17,1,152,180.3,4341,0,1,1,0,180.3
2005,6,9,18,1,152,73,200,0,1,0,0,73
2005,6,9,18,1,152,76,100,0,1,0,0,76
2005,6,9,18,1,152,94,200,0,1,1,0,94
2005,6,9,18,1,152,180.3,4375,0,1,1,0,180.3
2005,6,9,19,1,152,73,200,0,1,0,0,73
2005,6,9,19,1,152,76,100,0,1,0,0,76
2005,6,9,19,1,152,94,200,0,1,1,0,94
2005,6,9,19,1,152,180.3,4303,0,1,1,0,180.3
2005,6,9,20,1,152,73,145.2,0,1,1,0,73
2005,6,9,20,1,152,76,100,0,1,1,0,76
2005,6,9,20,1,152,94,200,0,1,1,0,94
2005,6,9,20,1,152,180.3,4158,0,1,1,0,180.3
2005,6,9,21,1,152,73,200,0,1,1,0,73
2005,6,9,21,1,152,76,100,0,1,1,0,76
2005,6,9,21,1,152,94,200,0,1,1,0,94
2005,6,9,21,1,152,180.3,4010,0,1,1,0,180.3
2005,6,9,22,1,152,73,200,0,1,1,0,73
2005,6,9,22,1,152,75,100,0,1,1,0,75
2005,6,9,22,1,152,94,200,0,1,1,0,94
2005,6,9,22,1,152,180.3,3712,0,1,1,0,180.3
2005,6,9,23,1,152,73,200,0,1,1,0,73
2005,6,9,23,1,152,76,100,0,1,1,0,76
2005,6,9,23,1,152,94,200,0,1,1,0,94
2005,6,9,23,1,152,180.3,3290,0,1,1,0,180.3
2005,6,9,24,1,152,71,200,0,1,1,0,71
2005,6,9,24,1,152,74,100,0,1,1,0,74
2005,6,9,24,1,152,94,200,0,1,1,0,94
2005,6,9,24,1,152,180.3,3058,0,1,1,0,180.3
2005,6,9,1,9,153,180.3,5257,0,1,1,0,180.3
2005,6,9,2,9,153,180.3,4843,0,1,1,0,180.3
2005,6,9,3,9,153,180.3,4507,0,1,1,0,180.3
2005,6,9,4,9,153,180.3,4310,0,1,1,0,180.3
2005,6,9,5,9,153,180.3,4349,0,1,1,0,180.3
2005,6,9,6,9,153,180.3,4376,0,1,1,0,180.3
2005,6,9,7,9,153,180.3,4454,0,1,1,0,180.3
2005,6,9,8,9,153,180.3,4922,0,1,1,0,180.3
2005,6,9,9,9,153,180.3,5445,0,1,1,0,180.3
2005,6,9,10,9,153,180.3,5755,0,1,1,0,180.3
2005,6,9,11,9,153,180.3,6071,0,1,1,0,180.3
2005,6,9,12,9,153,180.3,6256,0,1,1,0,180.3
2005,6,9,13,9,153,180.3,6378,0,1,1,0,180.3
2005,6,9,14,9,153,180.3,6442,0,1,1,0,180.3
2005,6,9,15,9,153,180.3,6052,0,1,1,0,180.3
2005,6,9,16,9,153,180.3,6160,0,1,1,0,180.3
2005,6,9,17,9,153,180.3,6377,0,1,1,0,180.3
2005,6,9,18,9,153,180.3,6590,0,1,1,0,180.3
2005,6,9,19,9,153,180.3,6477,0,1,1,0,180.3
2005,6,9,20,9,153,180.3,6112,0,1,1,0,180.3
2005,6,9,21,9,153,180.3,5791,0,1,1,0,180.3
2005,6,9,22,9,153,180.3,6167,0,1,1,0,180.3
2005,6,9,23,9,153,180.3,6569,0,1,1,0,180.3
2005,6,9,24,9,153,180.3,5850,0,1,1,0,180.3
2005,6,9,1,1,154,180.3,129.8,0,1,1,0,180.3
2005,6,9,2,1,154,180.3,121.7,0,1,1,0,180.3
2005,6,9,3,1,154,180.3,117.6,0,1,1,0,180.3
2005,6,9,4,1,154,180.3,120.7,0,1,1,0,180.3
2005,6,9,5,1,154,180.3,118.6,0,1,1,0,180.3
2005,6,9,6,1,154,180.3,117.6,0,1,1,0,180.3
2005,6,9,7,1,154,180.3,121.7,0,1,1,0,180.3
2005,6,9,8,1,154,180.3,126.8,0,1,1,0,180.3
2005,6,9,9,1,154,180.3,151.5,0,1,1,0,180.3
2005,6,9,10,1,154,180.3,208.5,0,1,1,0,180.3
2005,6,9,11,1,154,180.3,231.9,0,1,1,0,180.3
2005,6,9,12,1,154,180.3,244.1,0,1,1,0,180.3
2005,6,9,13,1,154,180.3,244.1,0,1,1,0,180.3
2005,6,9,14,1,154,180.3,215.6,0,1,1,0,180.3
2005,6,9,15,1,154,180.3,212.6,0,1,1,0,180.3
2005,6,9,16,1,154,180.3,234.9,0,1,1,0,180.3
2005,6,9,17,1,154,180.3,230.9,0,1,1,0,180.3
2005,6,9,18,1,154,180.3,225.8,0,1,1,0,180.3
2005,6,9,19,1,154,180.3,196.3,0,1,1,0,180.3
2005,6,9,20,1,154,180.3,175.9,0,1,1,0,180.3
2005,6,9,21,1,154,180.3,160.7,0,1,1,0,180.3
2005,6,9,22,1,154,180.3,147.5,0,1,1,0,180.3
2005,6,9,23,1,154,180.3,144.4,0,1,1,0,180.3
2005,6,9,24,1,154,180.3,140.3,0,1,1,0,180.3
2005,6,9,1,1,155,0,77,0,2,1,0,0
2005,6,9,2,1,155,0,78,0,2,1,0,0
2005,6,9,3,1,155,0,78,0,2,1,0,0
2005,6,9,4,1,155,0,79,0,2,1,0,0
2005,6,9,5,1,155,0,79,0,2,1,0,0
2005,6,9,6,1,155,0,78,0,2,1,0,0
2005,6,9,7,1,155,0,78,0,2,1,0,0
2005,6,9,8,1,155,0,79,0,2,1,0,0
2005,6,9,9,1,155,0,79,0,2,1,0,0
2005,6,9,10,1,155,0,79,0,2,1,0,0
2005,6,9,11,1,155,0,77,0,2,1,0,0
2005,6,9,12,1,155,0,77,0,2,1,0,0
2005,6,9,13,1,155,0,75,0,2,1,0,0
2005,6,9,14,1,155,0,73,0,2,1,0,0
2005,6,9,15,1,155,0,71,0,2,1,0,0
2005,6,9,16,1,155,0,70,0,2,1,0,0
2005,6,9,17,1,155,0,70,0,2,1,0,0
2005,6,9,18,1,155,0,71,0,2,1,0,0
2005,6,9,19,1,155,0,71,0,2,1,0,0
2005,6,9,20,1,155,0,71,0,2,1,0,0
2005,6,9,21,1,155,0,73,0,2,1,0,0
2005,6,9,22,1,155,0,73,0,2,1,0,0
2005,6,9,23,1,155,0,75,0,2,1,0,0
2005,6,9,24,1,155,0,76,0,2,1,0,0
2005,6,9,1,1,156,0,60.3,0,2,1,0,0
2005,6,9,2,1,156,0,59,0,2,1,0,0
2005,6,9,3,1,156,0,61.2,0,2,1,0,0
2005,6,9,4,1,156,0,61.8,0,2,1,0,0
2005,6,9,5,1,156,0,55,0,2,1,0,0
2005,6,9,6,1,156,0,48.4,0,2,1,0,0
2005,6,9,7,1,156,0,44.1,0,2,1,0,0
2005,6,9,8,1,156,0,39.8,0,2,1,0,0
2005,6,9,9,1,156,0,42.4,0,2,1,0,0
2005,6,9,10,1,156,0,32.3,0,2,1,0,0
2005,6,9,11,1,156,0,12,0,2,1,0,0
2005,6,9,12,1,156,0,5.4,0,2,1,0,0
2005,6,9,13,1,156,0,8.9,0,2,1,0,0
2005,6,9,14,1,156,0,18.3,0,2,1,0,0
2005,6,9,15,1,156,0,41.4,0,2,1,0,0
2005,6,9,16,1,156,0,54.7,0,2,1,0,0
2005,6,9,17,1,156,0,61.8,0,2,1,0,0
2005,6,9,18,1,156,0,69.2,0,2,1,0,0
2005,6,9,19,1,156,0,79.9,0,2,1,0,0
2005,6,9,20,1,156,0,87.1,0,2,1,0,0
2005,6,9,21,1,156,0,93.5,0,2,1,0,0
2005,6,9,22,1,156,0,100.3,0,2,1,0,0
2005,6,9,23,1,156,0,89.3,0,2,1,0,0
2005,6,9,24,1,156,0,81.1,0,2,1,0,0
2005,6,9,1,1,157,0,8,0,2,1,0,0
2005,6,9,2,1,157,0,7.5,0,2,1,0,0
2005,6,9,3,1,157,0,7.3,0,2,1,0,0
2005,6,9,4,1,157,0,6.8,0,2,1,0,0
2005,6,9,5,1,157,0,6.7,0,2,1,0,0
2005,6,9,6,1,157,0,7,0,2,1,0,0
2005,6,9,7,1,157,0,6.8,0,2,1,0,0
2005,6,9,8,1,157,0,6.4,0,2,1,0,0
2005,6,9,9,1,157,0,6.4,0,2,1,0,0
2005,6,9,10,1,157,0,6.1,0,2,1,0,0
2005,6,9,11,1,157,0,5.6,0,2,1,0,0
2005,6,9,12,1,157,0,5.6,0,2,1,0,0
2005,6,9,13,1,157,0,5.6,0,2,1,0,0
2005,6,9,14,1,157,0,5.6,0,2,1,0,0
2005,6,9,15,1,157,0,6.5,0,2,1,0,0
2005,6,9,16,1,157,0,7.6,0,2,1,0,0
2005,6,9,17,1,157,0,7.5,0,2,1,0,0
2005,6,9,18,1,157,0,7,0,2,1,0,0
2005,6,9,19,1,157,0,6.4,0,2,1,0,0
2005,6,9,20,1,157,0,6.3,0,2,1,0,0
2005,6,9,21,1,157,0,5.9,0,2,1,0,0
2005,6,9,22,1,157,0,5.6,0,2,1,0,0
2005,6,9,23,1,157,0,6.4,0,2,1,0,0
2005,6,9,24,1,157,0,6.5,0,2,1,0,0
2005,6,9,1,1,158,0,28,0,2,1,0,0
2005,6,9,2,1,158,0,28,0,2,1,0,0
2005,6,9,3,1,158,0,28,0,2,1,0,0
2005,6,9,4,1,158,0,28,0,2,1,0,0
2005,6,9,5,1,158,0,29,0,2,1,0,0
2005,6,9,6,1,158,0,29,0,2,1,0,0
2005,6,9,7,1,158,0,29,0,2,1,0,0
2005,6,9,8,1,158,0,29,0,2,1,0,0
2005,6,9,9,1,158,0,29,0,2,1,0,0
2005,6,9,10,1,158,0,28,0,2,1,0,0
2005,6,9,11,1,158,0,28,0,2,1,0,0
2005,6,9,12,1,158,0,28,0,2,1,0,0
2005,6,9,13,1,158,0,27,0,2,1,0,0
2005,6,9,14,1,158,0,27,0,2,1,0,0
2005,6,9,15,1,158,0,27,0,2,1,0,0
2005,6,9,16,1,158,0,27,0,2,1,0,0
2005,6,9,17,1,158,0,27,0,2,1,0,0
2005,6,9,18,1,158,0,27,0,2,1,0,0
2005,6,9,19,1,158,0,27,0,2,1,0,0
2005,6,9,20,1,158,0,27,0,2,1,0,0
2005,6,9,21,1,158,0,28,0,2,1,0,0
2005,6,9,22,1,158,0,28,0,2,1,0,0
2005,6,9,23,1,158,0,28,0,2,1,0,0
2005,6,9,24,1,158,0,28,0,2,1,0,0
2005,6,9,1,1,159,0,200,0,2,1,0,0
2005,6,9,2,1,159,0,200,0,2,1,0,0
2005,6,9,3,1,159,0,200,0,2,1,0,0
2005,6,9,4,1,159,0,200,0,2,1,0,0
2005,6,9,5,1,159,0,200,0,2,1,0,0
2005,6,9,6,1,159,0,200,0,2,1,0,0
2005,6,9,7,1,159,0,200,0,2,1,0,0
2005,6,9,8,1,159,0,200,0,2,1,0,0
2005,6,9,9,1,159,0,200,0,2,1,0,0
2005,6,9,10,1,159,0,200,0,2,1,0,0
2005,6,9,11,1,159,0,200,0,2,1,0,0
2005,6,9,12,1,159,0,200,0,2,1,0,0
2005,6,9,13,1,159,0,200,0,2,1,0,0
2005,6,9,14,1,159,0,200,0,2,1,0,0
2005,6,9,15,1,159,0,200,0,2,1,0,0
2005,6,9,16,1,159,0,200,0,2,1,0,0
2005,6,9,17,1,159,0,200,0,2,1,0,0
2005,6,9,18,1,159,0,200,0,2,1,0,0
2005,6,9,19,1,159,0,200,0,2,1,0,0
2005,6,9,20,1,159,0,200,0,2,1,0,0
2005,6,9,21,1,159,0,200,0,2,1,0,0
2005,6,9,22,1,159,0,200,0,2,1,0,0
2005,6,9,23,1,159,0,200,0,2,1,0,0
2005,6,9,24,1,159,0,200,0,2,1,0,0
2005,6,9,8,9,160,0,.2,0,2,1,0,0
2005,6,9,9,9,160,0,3.1,0,2,1,0,0
2005,6,9,10,9,160,0,3.1,0,2,1,0,0
2005,6,9,11,9,160,0,3.1,0,2,1,0,0
2005,6,9,12,9,160,0,3.1,0,2,1,0,0
2005,6,9,13,9,160,0,3.1,0,2,1,0,0
2005,6,9,14,9,160,0,3.1,0,2,1,0,0
2005,6,9,15,9,160,0,3.1,0,2,1,0,0
2005,6,9,16,9,160,0,3.1,0,2,1,0,0
2005,6,9,17,9,160,0,3.1,0,2,1,0,0
2005,6,9,18,9,160,0,3.1,0,2,1,0,0
2005,6,9,19,9,160,0,3.1,0,2,1,0,0
2005,6,9,20,9,160,0,3.1,0,2,1,0,0
2005,6,9,21,9,160,0,3.1,0,2,1,0,0
2005,6,9,22,9,160,0,3.1,0,2,1,0,0
2005,6,9,23,9,160,0,3.1,0,2,1,0,0
2005,6,9,24,9,160,0,3.1,0,2,1,0,0
2005,6,9,1,9,161,0,4.7,0,2,1,0,0
2005,6,9,2,9,161,0,4.7,0,2,1,0,0
2005,6,9,3,9,161,0,4.7,0,2,1,0,0
2005,6,9,4,9,161,0,4.7,0,2,1,0,0
2005,6,9,5,9,161,0,4.7,0,2,1,0,0
2005,6,9,6,9,161,0,4.7,0,2,1,0,0
2005,6,9,7,9,161,0,4.7,0,2,1,0,0
2005,6,9,8,9,161,0,4.7,0,2,1,0,0
2005,6,9,9,9,161,0,4.7,0,2,1,0,0
2005,6,9,10,9,161,0,4.7,0,2,1,0,0
2005,6,9,11,9,161,0,4.7,0,2,1,0,0
2005,6,9,12,9,161,0,4.7,0,2,1,0,0
2005,6,9,13,9,161,0,4.7,0,2,1,0,0
2005,6,9,14,9,161,0,4.7,0,2,1,0,0
2005,6,9,15,9,161,0,4.7,0,2,1,0,0
2005,6,9,16,9,161,0,4.7,0,2,1,0,0
2005,6,9,17,9,161,0,4.7,0,2,1,0,0
2005,6,9,18,9,161,0,4.7,0,2,1,0,0
2005,6,9,19,9,161,0,4.7,0,2,1,0,0
2005,6,9,20,9,161,0,4.7,0,2,1,0,0
2005,6,9,21,9,161,0,4.7,0,2,1,0,0
2005,6,9,22,9,161,0,4.7,0,2,1,0,0
2005,6,9,23,9,161,0,4.7,0,2,1,0,0
2005,6,9,24,9,161,0,4.7,0,2,1,0,0
2005,6,9,1,9,162,40.99,33,0,1,0,0,40.99
2005,6,9,1,9,162,41,33,0,1,0,0,41
2005,6,9,2,9,162,40.99,33,0,1,1,0,40.99
2005,6,9,2,9,162,41,33,0,1,1,0,41
2005,6,9,3,9,162,40.99,33,0,1,1,0,40.99
2005,6,9,3,9,162,41,33,0,1,1,0,41
2005,6,9,4,9,162,40.99,33,0,1,1,0,40.99
2005,6,9,4,9,162,41,33,0,1,1,0,41
2005,6,9,5,9,162,40.99,33,0,1,1,0,40.99
2005,6,9,5,9,162,41,33,0,1,1,0,41
2005,6,9,6,9,162,40.99,33,0,1,1,0,40.99
2005,6,9,6,9,162,41,33,0,1,1,0,41
2005,6,9,7,9,162,40.99,33,0,1,1,0,40.99
2005,6,9,7,9,162,41,33,0,1,1,0,41
2005,6,9,8,9,162,.99,33,0,1,0,0,.99
2005,6,9,8,9,162,1,33,0,1,0,0,1
2005,6,9,9,9,162,.99,33,0,1,0,0,.99
2005,6,9,9,9,162,1,33,0,1,0,0,1
2005,6,9,10,9,162,.99,33,0,1,0,0,.99
2005,6,9,10,9,162,1,33,0,1,0,0,1
2005,6,9,11,9,162,.99,33,0,1,0,0,.99
2005,6,9,11,9,162,1,33,0,1,0,0,1
2005,6,9,12,9,162,.99,33,0,1,0,0,.99
2005,6,9,12,9,162,1,33,0,1,0,0,1
2005,6,9,13,9,162,.99,33,0,1,0,0,.99
2005,6,9,13,9,162,1,33,0,1,0,0,1
2005,6,9,14,9,162,.99,33,0,1,0,0,.99
2005,6,9,14,9,162,1,33,0,1,0,0,1
2005,6,9,15,9,162,.99,33,0,1,0,0,.99
2005,6,9,15,9,162,1,33,0,1,0,0,1
2005,6,9,16,9,162,.99,33,0,1,0,0,.99
2005,6,9,16,9,162,1,33,0,1,0,0,1
2005,6,9,17,9,162,.99,33,0,1,0,0,.99
2005,6,9,17,9,162,1,33,0,1,0,0,1
2005,6,9,18,9,162,.99,33,0,1,0,0,.99
2005,6,9,18,9,162,1,33,0,1,0,0,1
2005,6,9,19,9,162,.99,33,0,1,0,0,.99
2005,6,9,19,9,162,1,33,0,1,0,0,1
2005,6,9,20,9,162,.99,33,0,1,0,0,.99
2005,6,9,20,9,162,1,33,0,1,0,0,1
2005,6,9,21,9,162,.99,33,0,1,0,0,.99
2005,6,9,21,9,162,1,33,0,1,0,0,1
2005,6,9,22,9,162,.99,33,0,1,0,0,.99
2005,6,9,22,9,162,1,33,0,1,0,0,1
2005,6,9,23,9,162,.99,33,0,1,0,0,.99
2005,6,9,23,9,162,1,33,0,1,0,0,1
2005,6,9,24,9,162,.99,33,0,1,0,0,.99
2005,6,9,24,9,162,1,33,0,1,0,0,1
2005,6,9,10,9,163,69.02,7,0,2,1,0,69.02
2005,6,9,10,9,163,69.19,7,0,2,1,0,69.19
2005,6,9,10,9,163,69.36,7,0,2,1,0,69.36
2005,6,9,10,9,163,69.52,7,0,2,1,0,69.52
2005,6,9,11,9,163,69.11,7,0,2,1,0,69.11
2005,6,9,11,9,163,69.25,7,0,2,1,0,69.25
2005,6,9,11,9,163,69.39,7,0,2,1,0,69.39
2005,6,9,11,9,163,69.52,7,0,2,1,0,69.52
2005,6,9,12,9,163,69.11,7,0,2,1,0,69.11
2005,6,9,12,9,163,69.25,7,0,2,1,0,69.25
2005,6,9,12,9,163,69.39,7,0,2,1,0,69.39
2005,6,9,12,9,163,69.52,7,0,2,1,0,69.52
2005,6,9,13,9,163,69.11,7,0,2,1,0,69.11
2005,6,9,13,9,163,69.25,7,0,2,1,0,69.25
2005,6,9,13,9,163,69.39,7,0,2,1,0,69.39
2005,6,9,13,9,163,69.52,7,0,2,1,0,69.52
2005,6,9,14,9,163,69.11,7,0,2,1,0,69.11
2005,6,9,14,9,163,69.25,7,0,2,1,0,69.25
2005,6,9,14,9,163,69.39,7,0,2,1,0,69.39
2005,6,9,14,9,163,69.52,7,0,2,1,0,69.52
2005,6,9,15,9,163,69.11,7,0,2,1,0,69.11
2005,6,9,15,9,163,69.25,7,0,2,1,0,69.25
2005,6,9,15,9,163,69.39,7,0,2,1,0,69.39
2005,6,9,15,9,163,69.52,7,0,2,1,0,69.52
2005,6,9,16,9,163,69.11,7,0,2,1,0,69.11
2005,6,9,16,9,163,69.25,7,0,2,1,0,69.25
2005,6,9,16,9,163,69.39,7,0,2,1,0,69.39
2005,6,9,16,9,163,69.52,7,0,2,1,0,69.52
2005,6,9,17,9,163,69.11,7,0,2,1,0,69.11
2005,6,9,17,9,163,69.25,7,0,2,1,0,69.25
2005,6,9,17,9,163,69.39,7,0,2,1,0,69.39
2005,6,9,17,9,163,69.52,7,0,2,1,0,69.52
2005,6,9,18,9,163,69.11,7,0,2,1,0,69.11
2005,6,9,18,9,163,69.25,7,0,2,1,0,69.25
2005,6,9,18,9,163,69.39,7,0,2,1,0,69.39
2005,6,9,18,9,163,69.52,7,0,2,1,0,69.52
2005,6,9,19,9,163,69.11,7,0,2,1,0,69.11
2005,6,9,19,9,163,69.25,7,0,2,1,0,69.25
2005,6,9,19,9,163,69.39,7,0,2,1,0,69.39
2005,6,9,19,9,163,69.52,7,0,2,1,0,69.52
2005,6,9,20,9,163,69.02,7,0,2,1,0,69.02
2005,6,9,20,9,163,69.19,7,0,2,1,0,69.19
2005,6,9,20,9,163,69.36,7,0,2,1,0,69.36
2005,6,9,20,9,163,69.52,7,0,2,1,0,69.52
2005,6,9,1,5,164,0,141,0,2,1,0,0
2005,6,9,1,5,164,150,11,0,2,0,0,150
2005,6,9,2,5,164,0,141,0,2,1,0,0
2005,6,9,2,5,164,150,11,0,2,0,0,150
2005,6,9,3,5,164,0,141,0,2,1,0,0
2005,6,9,3,5,164,150,11,0,2,0,0,150
2005,6,9,4,5,164,0,141,0,2,1,0,0
2005,6,9,4,5,164,150,11,0,2,0,0,150
2005,6,9,5,5,164,0,141,0,2,1,0,0
2005,6,9,5,5,164,150,11,0,2,0,0,150
2005,6,9,6,5,164,0,141,0,2,1,0,0
2005,6,9,6,5,164,150,11,0,2,0,0,150
2005,6,9,7,5,164,0,141,0,2,1,0,0
2005,6,9,7,5,164,150,11,0,2,0,0,150
2005,6,9,8,5,164,0,141,0,2,1,0,0
2005,6,9,8,5,164,150,11,0,2,0,0,150
2005,6,9,9,5,164,0,141,0,2,1,0,0
2005,6,9,9,5,164,150,11,0,2,0,0,150
2005,6,9,10,5,164,0,141,0,2,1,0,0
2005,6,9,10,5,164,150,11,0,2,0,0,150
2005,6,9,11,5,164,0,141,0,2,1,0,0
2005,6,9,11,5,164,150,11,0,2,0,0,150
2005,6,9,12,5,164,0,141,0,2,1,0,0
2005,6,9,12,5,164,150,11,0,2,0,0,150
2005,6,9,13,5,164,0,141,0,2,1,0,0
2005,6,9,13,5,164,150,11,0,2,0,0,150
2005,6,9,14,5,164,0,141,0,2,1,0,0
2005,6,9,14,5,164,150,11,0,2,0,0,150
2005,6,9,15,5,164,0,141,0,2,1,0,0
2005,6,9,15,5,164,150,11,0,2,0,0,150
2005,6,9,16,5,164,0,141,0,2,1,0,0
2005,6,9,16,5,164,150,11,0,2,0,0,150
2005,6,9,17,5,164,0,141,0,2,1,0,0
2005,6,9,17,5,164,150,11,0,2,0,0,150
2005,6,9,18,5,164,0,141,0,2,1,0,0
2005,6,9,18,5,164,150,11,0,2,0,0,150
2005,6,9,19,5,164,0,141,0,2,1,0,0
2005,6,9,19,5,164,150,11,0,2,0,0,150
2005,6,9,20,5,164,0,141,0,2,1,0,0
2005,6,9,20,5,164,150,11,0,2,0,0,150
2005,6,9,21,5,164,0,141,0,2,1,0,0
2005,6,9,21,5,164,150,11,0,2,0,0,150
2005,6,9,22,5,164,0,141,0,2,1,0,0
2005,6,9,22,5,164,150,11,0,2,0,0,150
2005,6,9,23,5,164,0,141,0,2,1,0,0
2005,6,9,23,5,164,150,11,0,2,0,0,150
2005,6,9,24,5,164,0,141,0,2,1,0,0
2005,6,9,24,5,164,150,11,0,2,0,0,150
2005,6,9,1,9,165,120.2,.1,0,1,1,0,120.2
2005,6,9,2,9,165,120.2,.1,0,1,1,0,120.2
2005,6,9,3,9,165,120.2,.1,0,1,1,0,120.2
2005,6,9,4,9,165,120.2,.1,0,1,1,0,120.2
2005,6,9,5,9,165,120.2,.1,0,1,1,0,120.2
2005,6,9,6,9,165,120.2,.1,0,1,1,0,120.2
2005,6,9,7,9,165,120.2,.1,0,1,1,0,120.2
2005,6,9,8,9,165,120.2,.1,0,1,1,0,120.2
2005,6,9,9,9,165,120.2,.1,0,1,1,0,120.2
2005,6,9,10,9,165,120.2,.1,0,1,1,0,120.2
2005,6,9,11,9,165,120.2,.1,0,1,1,0,120.2
2005,6,9,12,9,165,120.2,.1,0,1,1,0,120.2
2005,6,9,13,9,165,120.2,.1,0,1,1,0,120.2
2005,6,9,14,9,165,120.2,.1,0,1,1,0,120.2
2005,6,9,15,9,165,120.2,.1,0,1,1,0,120.2
2005,6,9,16,9,165,120.2,.1,0,1,1,0,120.2
2005,6,9,17,9,165,120.2,.1,0,1,1,0,120.2
2005,6,9,18,9,165,120.2,.1,0,1,1,0,120.2
2005,6,9,19,9,165,120.2,.1,0,1,1,0,120.2
2005,6,9,20,9,165,120.2,.1,0,1,1,0,120.2
2005,6,9,21,9,165,120.2,.1,0,1,1,0,120.2
2005,6,9,22,9,165,120.2,.1,0,1,1,0,120.2
2005,6,9,23,9,165,120.2,.1,0,1,1,0,120.2
2005,6,9,24,9,165,120.2,.1,0,1,1,0,120.2
2005,6,9,1,1,166,0,43.6,0,2,1,0,0
2005,6,9,1,1,166,99.05,50,0,2,0,0,99.05
2005,6,9,1,1,166,99.06,50,0,2,0,0,99.06
2005,6,9,1,1,166,99.07,30,0,2,0,0,99.07
2005,6,9,1,1,166,124.02,402.4,0,2,0,0,124.02
2005,6,9,2,1,166,0,42,0,2,1,0,0
2005,6,9,2,1,166,99.05,50,0,2,0,0,99.05
2005,6,9,2,1,166,99.06,50,0,2,0,0,99.06
2005,6,9,2,1,166,99.07,30,0,2,0,0,99.07
2005,6,9,2,1,166,124.02,404,0,2,0,0,124.02
2005,6,9,3,1,166,0,41.1,0,2,1,0,0
2005,6,9,3,1,166,99.05,50,0,2,0,0,99.05
2005,6,9,3,1,166,99.06,50,0,2,0,0,99.06
2005,6,9,3,1,166,99.07,30,0,2,0,0,99.07
2005,6,9,3,1,166,124.02,404.9,0,2,0,0,124.02
2005,6,9,4,1,166,0,40.6,0,2,1,0,0
2005,6,9,4,1,166,99.05,50,0,2,0,0,99.05
2005,6,9,4,1,166,99.06,50,0,2,0,0,99.06
2005,6,9,4,1,166,99.07,30,0,2,0,0,99.07
2005,6,9,4,1,166,124.02,405.4,0,2,0,0,124.02
2005,6,9,5,1,166,0,40.7,0,2,1,0,0
2005,6,9,5,1,166,99.05,50,0,2,0,0,99.05
2005,6,9,5,1,166,99.06,50,0,2,0,0,99.06
2005,6,9,5,1,166,99.07,30,0,2,0,0,99.07
2005,6,9,5,1,166,124.02,405.3,0,2,0,0,124.02
2005,6,9,6,1,166,0,40.9,0,2,1,0,0
2005,6,9,6,1,166,99.05,50,0,2,0,0,99.05
2005,6,9,6,1,166,99.06,50,0,2,0,0,99.06
2005,6,9,6,1,166,99.07,30,0,2,0,0,99.07
2005,6,9,6,1,166,124.02,405.1,0,2,0,0,124.02
2005,6,9,7,1,166,0,41.6,0,2,1,0,0
2005,6,9,7,1,166,99.05,50,0,2,0,0,99.05
2005,6,9,7,1,166,99.06,50,0,2,0,0,99.06
2005,6,9,7,1,166,99.07,30,0,2,0,0,99.07
2005,6,9,7,1,166,124.02,404.4,0,2,0,0,124.02
2005,6,9,8,1,166,0,93.3,0,2,1,0,0
2005,6,9,8,1,166,99.05,50,0,2,0,0,99.05
2005,6,9,8,1,166,99.06,50,0,2,0,0,99.06
2005,6,9,8,1,166,99.07,30,0,2,0,0,99.07
2005,6,9,8,1,166,124.02,352.7,0,2,0,0,124.02
2005,6,9,9,1,166,0,132.8,0,2,1,0,0
2005,6,9,9,1,166,99.05,50,0,2,0,0,99.05
2005,6,9,9,1,166,99.06,50,0,2,0,0,99.06
2005,6,9,9,1,166,99.07,30,0,2,0,0,99.07
2005,6,9,9,1,166,124.02,313.2,0,2,0,0,124.02
2005,6,9,10,1,166,0,134.7,0,2,1,0,0
2005,6,9,10,1,166,99.05,50,0,2,0,0,99.05
2005,6,9,10,1,166,99.06,50,0,2,0,0,99.06
2005,6,9,10,1,166,99.07,30,0,2,0,0,99.07
2005,6,9,10,1,166,124.02,311.3,0,2,0,0,124.02
2005,6,9,11,1,166,0,209.9,0,2,1,0,0
2005,6,9,11,1,166,99.05,50,0,2,0,0,99.05
2005,6,9,11,1,166,99.06,50,0,2,0,0,99.06
2005,6,9,11,1,166,99.07,30,0,2,0,0,99.07
2005,6,9,11,1,166,124.02,236.1,0,2,0,0,124.02
2005,6,9,12,1,166,0,218.3,0,2,1,0,0
2005,6,9,12,1,166,99.05,50,0,2,0,0,99.05
2005,6,9,12,1,166,99.06,50,0,2,0,0,99.06
2005,6,9,12,1,166,99.07,30,0,2,0,0,99.07
2005,6,9,12,1,166,124.02,227.7,0,2,0,0,124.02
2005,6,9,13,1,166,0,219.4,0,2,1,0,0
2005,6,9,13,1,166,99.05,50,0,2,0,0,99.05
2005,6,9,13,1,166,99.06,50,0,2,0,0,99.06
2005,6,9,13,1,166,99.07,30,0,2,0,0,99.07
2005,6,9,13,1,166,124.02,226.6,0,2,0,0,124.02
2005,6,9,14,1,166,0,219.4,0,2,1,0,0
2005,6,9,14,1,166,99.05,50,0,2,0,0,99.05
2005,6,9,14,1,166,99.06,50,0,2,0,0,99.06
2005,6,9,14,1,166,99.07,30,0,2,0,0,99.07
2005,6,9,14,1,166,124.02,226.6,0,2,0,0,124.02
2005,6,9,15,1,166,0,218.1,0,2,1,0,0
2005,6,9,15,1,166,99.05,50,0,2,0,0,99.05
2005,6,9,15,1,166,99.06,50,0,2,0,0,99.06
2005,6,9,15,1,166,99.07,30,0,2,0,0,99.07
2005,6,9,15,1,166,124.02,227.9,0,2,0,0,124.02
2005,6,9,16,1,166,0,217.9,0,2,1,0,0
2005,6,9,16,1,166,99.05,50,0,2,0,0,99.05
2005,6,9,16,1,166,99.06,50,0,2,0,0,99.06
2005,6,9,16,1,166,99.07,30,0,2,0,0,99.07
2005,6,9,16,1,166,124.02,228.1,0,2,0,0,124.02
2005,6,9,17,1,166,0,221.2,0,2,1,0,0
2005,6,9,17,1,166,99.05,50,0,2,0,0,99.05
2005,6,9,17,1,166,99.06,50,0,2,0,0,99.06
2005,6,9,17,1,166,99.07,30,0,2,0,0,99.07
2005,6,9,17,1,166,124.02,224.8,0,2,0,0,124.02
2005,6,9,18,1,166,0,222.2,0,2,1,0,0
2005,6,9,18,1,166,99.05,50,0,2,0,0,99.05
2005,6,9,18,1,166,99.06,50,0,2,0,0,99.06
2005,6,9,18,1,166,99.07,30,0,2,0,0,99.07
2005,6,9,18,1,166,124.02,223.8,0,2,0,0,124.02
2005,6,9,19,1,166,0,222.4,0,2,1,0,0
2005,6,9,19,1,166,99.05,50,0,2,0,0,99.05
2005,6,9,19,1,166,99.06,50,0,2,0,0,99.06
2005,6,9,19,1,166,99.07,30,0,2,0,0,99.07
2005,6,9,19,1,166,124.02,223.6,0,2,0,0,124.02
2005,6,9,20,1,166,0,144.1,0,2,1,0,0
2005,6,9,20,1,166,99.05,50,0,2,0,0,99.05
2005,6,9,20,1,166,99.06,50,0,2,0,0,99.06
2005,6,9,20,1,166,99.07,30,0,2,0,0,99.07
2005,6,9,20,1,166,124.02,301.9,0,2,0,0,124.02
2005,6,9,21,1,166,0,135.5,0,2,1,0,0
2005,6,9,21,1,166,99.05,50,0,2,0,0,99.05
2005,6,9,21,1,166,99.06,50,0,2,0,0,99.06
2005,6,9,21,1,166,99.07,30,0,2,0,0,99.07
2005,6,9,21,1,166,124.02,310.5,0,2,0,0,124.02
2005,6,9,22,1,166,0,135.5,0,2,1,0,0
2005,6,9,22,1,166,99.05,50,0,2,0,0,99.05
2005,6,9,22,1,166,99.06,50,0,2,0,0,99.06
2005,6,9,22,1,166,99.07,30,0,2,0,0,99.07
2005,6,9,22,1,166,124.02,310.5,0,2,0,0,124.02
2005,6,9,23,1,166,0,135.1,0,2,1,0,0
2005,6,9,23,1,166,99.05,50,0,2,0,0,99.05
2005,6,9,23,1,166,99.06,50,0,2,0,0,99.06
2005,6,9,23,1,166,99.07,30,0,2,0,0,99.07
2005,6,9,23,1,166,124.02,310.9,0,2,0,0,124.02
2005,6,9,24,1,166,0,132.4,0,2,1,0,0
2005,6,9,24,1,166,99.05,50,0,2,0,0,99.05
2005,6,9,24,1,166,99.06,50,0,2,0,0,99.06
2005,6,9,24,1,166,99.07,30,0,2,0,0,99.07
2005,6,9,24,1,166,124.02,313.6,0,2,0,0,124.02
2005,6,9,1,1,1067,.01,65,.956229,2,1,0,.01
2005,6,9,1,1,1067,43.66,25,.956229,2,0,0,41.31047
2005,6,9,1,1,1067,44.2,20,.956229,2,0,0,41.31047
2005,6,9,1,1,1067,44.89,20,.956229,2,0,0,41.31047
2005,6,9,1,1,1067,91.14,17.6,.956229,2,0,0,41.31047
2005,6,9,2,1,1067,.01,65,.956229,2,1,0,.01
2005,6,9,2,1,1067,43.66,25,.956229,2,0,0,41.31047
2005,6,9,2,1,1067,44.2,20,.956229,2,0,0,41.31047
2005,6,9,2,1,1067,44.89,20,.956229,2,0,0,41.31047
2005,6,9,2,1,1067,91.14,17.6,.956229,2,0,0,41.31047
2005,6,9,3,1,1067,.01,65,.956229,2,1,0,.01
2005,6,9,3,1,1067,43.66,25,.956229,2,0,0,41.31047
2005,6,9,3,1,1067,44.2,20,.956229,2,0,0,41.31047
2005,6,9,3,1,1067,44.89,20,.956229,2,0,0,41.31047
2005,6,9,3,1,1067,91.14,17.6,.956229,2,0,0,41.31047
2005,6,9,4,1,1067,.01,65,.956229,2,1,0,.01
2005,6,9,4,1,1067,43.66,25,.956229,2,0,0,41.31047
2005,6,9,4,1,1067,44.2,20,.956229,2,0,0,41.31047
2005,6,9,4,1,1067,44.89,20,.956229,2,0,0,41.31047
2005,6,9,4,1,1067,91.14,17.6,.956229,2,0,0,41.31047
2005,6,9,5,1,1067,.01,65,.956229,2,1,0,.01
2005,6,9,5,1,1067,43.66,25,.956229,2,0,0,41.31047
2005,6,9,5,1,1067,44.2,20,.956229,2,0,0,41.31047
2005,6,9,5,1,1067,44.89,20,.956229,2,0,0,41.31047
2005,6,9,5,1,1067,91.14,17.6,.956229,2,0,0,41.31047
2005,6,9,6,1,1067,.01,65,.956229,2,1,0,.01
2005,6,9,6,1,1067,43.66,25,.956229,2,0,0,41.31047
2005,6,9,6,1,1067,44.2,20,.956229,2,0,0,41.31047
2005,6,9,6,1,1067,44.89,20,.956229,2,0,0,41.31047
2005,6,9,6,1,1067,91.14,17.6,.956229,2,0,0,41.31047
2005,6,9,7,1,1067,.01,65,.956229,2,1,0,.01
2005,6,9,7,1,1067,43.66,25,.956229,2,0,0,41.31047
2005,6,9,7,1,1067,44.2,20,.956229,2,0,0,41.31047
2005,6,9,7,1,1067,44.89,20,.956229,2,0,0,41.31047
2005,6,9,7,1,1067,91.14,17.6,.956229,2,0,0,41.31047
2005,6,9,8,1,1067,.01,65,.956229,2,1,0,.01
2005,6,9,8,1,1067,43.66,25,.956229,2,0,0,41.31047
2005,6,9,8,1,1067,44.2,20,.956229,2,0,0,41.31047
2005,6,9,8,1,1067,44.89,20,.956229,2,0,0,41.31047
2005,6,9,8,1,1067,91.14,17.6,.956229,2,0,0,41.31047
2005,6,9,9,1,1067,.01,65,.956229,2,1,0,.01
2005,6,9,9,1,1067,43.66,25,.956229,2,1,0,41.31047
2005,6,9,9,1,1067,44.2,20,.956229,2,1,0,41.31047
2005,6,9,9,1,1067,44.89,20,.956229,2,1,0,41.31047
2005,6,9,9,1,1067,91.14,17.6,.956229,2,0,0,41.31047
2005,6,9,10,1,1067,.01,65,.956229,2,1,0,.01
2005,6,9,10,1,1067,43.66,25,.956229,2,1,0,41.31047
2005,6,9,10,1,1067,44.2,20,.956229,2,1,0,41.31047
2005,6,9,10,1,1067,44.89,20,.956229,2,1,0,41.31047
2005,6,9,10,1,1067,91.14,17.6,.956229,2,0,0,41.31047
2005,6,9,11,1,1067,0,65,.956229,2,1,0,0
2005,6,9,11,1,1067,43.66,25,.956229,2,1,0,41.31047
2005,6,9,11,1,1067,44.2,20,.956229,2,1,0,41.31047
2005,6,9,11,1,1067,44.89,20,.956229,2,1,0,41.31047
2005,6,9,11,1,1067,91.14,17.6,.956229,2,0,0,41.31047
2005,6,9,12,1,1067,0,65,.956229,2,1,0,0
2005,6,9,12,1,1067,43.66,25,.956229,2,1,0,41.31047
2005,6,9,12,1,1067,44.2,20,.956229,2,1,0,41.31047
2005,6,9,12,1,1067,44.89,20,.956229,2,1,0,41.31047
2005,6,9,12,1,1067,91.14,17.6,.956229,2,0,0,41.31047
2005,6,9,13,1,1067,0,65,.956229,2,1,0,0
2005,6,9,13,1,1067,43.66,25,.956229,2,1,0,41.31047
2005,6,9,13,1,1067,44.2,20,.956229,2,1,0,41.31047
2005,6,9,13,1,1067,44.89,20,.956229,2,1,0,41.31047
2005,6,9,13,1,1067,91.14,17.6,.956229,2,1,0,41.31047
2005,6,9,14,1,1067,0,65,.956229,2,1,0,0
2005,6,9,14,1,1067,43.66,25,.956229,2,1,0,41.31047
2005,6,9,14,1,1067,44.2,20,.956229,2,1,0,41.31047
2005,6,9,14,1,1067,44.89,20,.956229,2,1,0,41.31047
2005,6,9,14,1,1067,91.14,17.6,.956229,2,0,0,41.31047
2005,6,9,15,1,1067,0,65,.956229,2,1,0,0
2005,6,9,15,1,1067,43.66,25,.956229,2,1,0,41.31047
2005,6,9,15,1,1067,44.2,20,.956229,2,1,0,41.31047
2005,6,9,15,1,1067,44.89,20,.956229,2,1,0,41.31047
2005,6,9,15,1,1067,91.14,17.6,.956229,2,0,0,41.31047
2005,6,9,16,1,1067,0,65,.956229,2,1,0,0
2005,6,9,16,1,1067,43.66,25,.956229,2,1,0,41.31047
2005,6,9,16,1,1067,44.2,20,.956229,2,1,0,41.31047
2005,6,9,16,1,1067,44.89,20,.956229,2,1,0,41.31047
2005,6,9,16,1,1067,91.14,17.6,.956229,2,0,0,41.31047
2005,6,9,17,1,1067,0,65,.956229,2,1,0,0
2005,6,9,17,1,1067,43.66,25,.956229,2,1,0,41.31047
2005,6,9,17,1,1067,44.2,20,.956229,2,1,0,41.31047
2005,6,9,17,1,1067,44.89,20,.956229,2,1,0,41.31047
2005,6,9,17,1,1067,91.14,17.6,.956229,2,0,0,41.31047
2005,6,9,18,1,1067,0,65,.956229,2,1,0,0
2005,6,9,18,1,1067,43.66,25,.956229,2,1,0,41.31047
2005,6,9,18,1,1067,44.2,20,.956229,2,1,0,41.31047
2005,6,9,18,1,1067,44.89,20,.956229,2,1,0,41.31047
2005,6,9,18,1,1067,91.14,17.6,.956229,2,0,0,41.31047
2005,6,9,19,1,1067,0,65,.956229,2,1,0,0
2005,6,9,19,1,1067,43.66,25,.956229,2,1,0,41.31047
2005,6,9,19,1,1067,44.2,20,.956229,2,1,0,41.31047
2005,6,9,19,1,1067,44.89,20,.956229,2,1,0,41.31047
2005,6,9,19,1,1067,91.14,17.6,.956229,2,0,0,41.31047
2005,6,9,20,1,1067,0,65,.956229,2,1,0,0
2005,6,9,20,1,1067,43.66,25,.956229,2,1,0,41.31047
2005,6,9,20,1,1067,44.2,20,.956229,2,1,0,41.31047
2005,6,9,20,1,1067,44.89,20,.956229,2,1,0,41.31047
2005,6,9,20,1,1067,91.14,17.6,.956229,2,0,0,41.31047
2005,6,9,21,1,1067,0,65,.956229,2,1,0,0
2005,6,9,21,1,1067,43.66,25,.956229,2,1,0,41.31047
2005,6,9,21,1,1067,44.2,20,.956229,2,1,0,41.31047
2005,6,9,21,1,1067,44.89,20,.956229,2,1,0,41.31047
2005,6,9,21,1,1067,91.14,17.6,.956229,2,0,0,41.31047
2005,6,9,22,1,1067,0,65,.956229,2,1,0,0
2005,6,9,22,1,1067,43.66,25,.956229,2,1,0,41.31047
2005,6,9,22,1,1067,44.2,20,.956229,2,1,0,41.31047
2005,6,9,22,1,1067,44.89,20,.956229,2,1,0,41.31047
2005,6,9,22,1,1067,91.14,17.6,.956229,2,0,0,41.31047
2005,6,9,23,1,1067,.01,65,.956229,2,1,0,.01
2005,6,9,23,1,1067,43.66,25,.956229,2,1,0,41.31047
2005,6,9,23,1,1067,44.2,20,.956229,2,1,0,41.31047
2005,6,9,23,1,1067,44.89,20,.956229,2,1,0,41.31047
2005,6,9,23,1,1067,91.14,17.6,.956229,2,0,0,41.31047
2005,6,9,24,1,1067,.01,65,.956229,2,1,0,.01
2005,6,9,24,1,1067,43.66,25,.956229,2,0,0,41.31047
2005,6,9,24,1,1067,44.2,20,.956229,2,0,0,41.31047
2005,6,9,24,1,1067,44.89,20,.956229,2,0,0,41.31047
2005,6,9,24,1,1067,91.14,17.6,.956229,2,0,0,41.31047
2005,6,9,1,1,1068,0,167,.956229,2,1,0,0
2005,6,9,1,1,1068,40.7,43,.956229,2,1,0,39.646923
2005,6,9,1,1,1068,41.05,50,.956229,2,1,0,39.646923
2005,6,9,1,1,1068,41.4,65,.956229,2,1,0,39.646923
2005,6,9,1,1,1068,82.5,22.7,.956229,2,0,0,39.646923
2005,6,9,2,1,1068,0,167,.956229,2,1,0,0
2005,6,9,2,1,1068,40.7,43,.956229,2,0,0,39.646923
2005,6,9,2,1,1068,41.05,50,.956229,2,0,0,39.646923
2005,6,9,2,1,1068,41.4,65,.956229,2,0,0,39.646923
2005,6,9,2,1,1068,82.5,22.7,.956229,2,0,0,39.646923
2005,6,9,3,1,1068,0,167,.956229,2,1,0,0
2005,6,9,3,1,1068,40.7,43,.956229,2,0,0,39.646923
2005,6,9,3,1,1068,41.05,50,.956229,2,0,0,39.646923
2005,6,9,3,1,1068,41.4,65,.956229,2,0,0,39.646923
2005,6,9,3,1,1068,82.5,22.7,.956229,2,0,0,39.646923
2005,6,9,4,1,1068,0,167,.956229,2,1,0,0
2005,6,9,4,1,1068,40.7,43,.956229,2,0,0,39.646923
2005,6,9,4,1,1068,41.05,50,.956229,2,0,0,39.646923
2005,6,9,4,1,1068,41.4,65,.956229,2,0,0,39.646923
2005,6,9,4,1,1068,82.5,22.7,.956229,2,0,0,39.646923
2005,6,9,5,1,1068,0,167,.956229,2,1,0,0
2005,6,9,5,1,1068,40.7,43,.956229,2,0,0,39.646923
2005,6,9,5,1,1068,41.05,50,.956229,2,0,0,39.646923
2005,6,9,5,1,1068,41.4,65,.956229,2,0,0,39.646923
2005,6,9,5,1,1068,82.5,22.7,.956229,2,0,0,39.646923
2005,6,9,6,1,1068,0,167,.956229,2,1,0,0
2005,6,9,6,1,1068,40.7,43,.956229,2,0,0,39.646923
2005,6,9,6,1,1068,41.05,50,.956229,2,0,0,39.646923
2005,6,9,6,1,1068,41.4,65,.956229,2,0,0,39.646923
2005,6,9,6,1,1068,82.5,22.7,.956229,2,0,0,39.646923
2005,6,9,7,1,1068,0,167,.956229,2,1,0,0
2005,6,9,7,1,1068,40.7,43,.956229,2,0,0,39.646923
2005,6,9,7,1,1068,41.05,50,.956229,2,0,0,39.646923
2005,6,9,7,1,1068,41.4,65,.956229,2,0,0,39.646923
2005,6,9,7,1,1068,82.5,22.7,.956229,2,0,0,39.646923
2005,6,9,8,1,1068,0,167,.956229,2,1,0,0
2005,6,9,8,1,1068,40.7,43,.956229,2,1,0,39.646923
2005,6,9,8,1,1068,41.05,50,.956229,2,1,0,39.646923
2005,6,9,8,1,1068,41.4,65,.956229,2,1,0,39.646923
2005,6,9,8,1,1068,82.5,22.7,.956229,2,0,0,39.646923
2005,6,9,9,1,1068,0,167,.956229,2,1,0,0
2005,6,9,9,1,1068,40.7,43,.956229,2,1,0,39.646923
2005,6,9,9,1,1068,41.05,50,.956229,2,1,0,39.646923
2005,6,9,9,1,1068,41.4,65,.956229,2,1,0,39.646923
2005,6,9,9,1,1068,82.5,22.7,.956229,2,0,0,39.646923
2005,6,9,10,1,1068,0,167,.956229,2,1,0,0
2005,6,9,10,1,1068,40.7,43,.956229,2,1,0,39.646923
2005,6,9,10,1,1068,41.05,50,.956229,2,1,0,39.646923
2005,6,9,10,1,1068,41.4,65,.956229,2,1,0,39.646923
2005,6,9,10,1,1068,82.5,22.7,.956229,2,0,0,39.646923
2005,6,9,11,1,1068,0,167,.956229,2,1,0,0
2005,6,9,11,1,1068,40.7,43,.956229,2,1,0,39.646923
2005,6,9,11,1,1068,41.05,50,.956229,2,1,0,39.646923
2005,6,9,11,1,1068,41.4,65,.956229,2,1,0,39.646923
2005,6,9,11,1,1068,82.5,22.7,.956229,2,0,0,39.646923
2005,6,9,12,1,1068,0,167,.956229,2,1,0,0
2005,6,9,12,1,1068,40.7,43,.956229,2,1,0,39.646923
2005,6,9,12,1,1068,41.05,50,.956229,2,1,0,39.646923
2005,6,9,12,1,1068,41.4,65,.956229,2,1,0,39.646923
2005,6,9,12,1,1068,82.5,22.7,.956229,2,1,0,39.646923
2005,6,9,13,1,1068,0,167,.956229,2,1,0,0
2005,6,9,13,1,1068,40.7,43,.956229,2,1,0,39.646923
2005,6,9,13,1,1068,41.05,50,.956229,2,1,0,39.646923
2005,6,9,13,1,1068,41.4,65,.956229,2,1,0,39.646923
2005,6,9,13,1,1068,82.5,22.7,.956229,2,1,0,39.646923
2005,6,9,14,1,1068,0,167,.956229,2,1,0,0
2005,6,9,14,1,1068,40.7,43,.956229,2,1,0,39.646923
2005,6,9,14,1,1068,41.05,50,.956229,2,1,0,39.646923
2005,6,9,14,1,1068,41.4,65,.956229,2,1,0,39.646923
2005,6,9,14,1,1068,82.5,22.7,.956229,2,1,0,39.646923
2005,6,9,15,1,1068,0,167,.956229,2,1,0,0
2005,6,9,15,1,1068,40.7,43,.956229,2,1,0,39.646923
2005,6,9,15,1,1068,41.05,50,.956229,2,1,0,39.646923
2005,6,9,15,1,1068,41.4,65,.956229,2,1,0,39.646923
2005,6,9,15,1,1068,82.5,22.7,.956229,2,0,0,39.646923
2005,6,9,16,1,1068,0,167,.956229,2,1,0,0
2005,6,9,16,1,1068,40.7,43,.956229,2,1,0,39.646923
2005,6,9,16,1,1068,41.05,50,.956229,2,1,0,39.646923
2005,6,9,16,1,1068,41.4,65,.956229,2,1,0,39.646923
2005,6,9,16,1,1068,82.5,22.7,.956229,2,0,0,39.646923
2005,6,9,17,1,1068,0,167,.956229,2,1,0,0
2005,6,9,17,1,1068,40.7,43,.956229,2,1,0,39.646923
2005,6,9,17,1,1068,41.05,50,.956229,2,1,0,39.646923
2005,6,9,17,1,1068,41.4,65,.956229,2,1,0,39.646923
2005,6,9,17,1,1068,82.5,22.7,.956229,2,0,0,39.646923
2005,6,9,18,1,1068,0,167,.956229,2,1,0,0
2005,6,9,18,1,1068,40.7,43,.956229,2,1,0,39.646923
2005,6,9,18,1,1068,41.05,50,.956229,2,1,0,39.646923
2005,6,9,18,1,1068,41.4,65,.956229,2,1,0,39.646923
2005,6,9,18,1,1068,82.5,22.7,.956229,2,1,0,39.646923
2005,6,9,19,1,1068,0,167,.956229,2,1,0,0
2005,6,9,19,1,1068,40.7,43,.956229,2,1,0,39.646923
2005,6,9,19,1,1068,41.05,50,.956229,2,1,0,39.646923
2005,6,9,19,1,1068,41.4,65,.956229,2,1,0,39.646923
2005,6,9,19,1,1068,82.5,22.7,.956229,2,0,0,39.646923
2005,6,9,20,1,1068,0,167,.956229,2,1,0,0
2005,6,9,20,1,1068,40.7,43,.956229,2,1,0,39.646923
2005,6,9,20,1,1068,41.05,50,.956229,2,1,0,39.646923
2005,6,9,20,1,1068,41.4,65,.956229,2,1,0,39.646923
2005,6,9,20,1,1068,82.5,22.7,.956229,2,0,0,39.646923
2005,6,9,21,1,1068,0,167,.956229,2,1,0,0
2005,6,9,21,1,1068,40.7,43,.956229,2,1,0,39.646923
2005,6,9,21,1,1068,41.05,50,.956229,2,1,0,39.646923
2005,6,9,21,1,1068,41.4,65,.956229,2,1,0,39.646923
2005,6,9,21,1,1068,82.5,22.7,.956229,2,0,0,39.646923
2005,6,9,22,1,1068,0,167,.956229,2,1,0,0
2005,6,9,22,1,1068,40.7,43,.956229,2,1,0,39.646923
2005,6,9,22,1,1068,41.05,50,.956229,2,1,0,39.646923
2005,6,9,22,1,1068,41.4,65,.956229,2,1,0,39.646923
2005,6,9,22,1,1068,82.5,22.7,.956229,2,0,0,39.646923
2005,6,9,23,1,1068,0,167,.956229,2,1,0,0
2005,6,9,23,1,1068,40.7,43,.956229,2,1,0,39.646923
2005,6,9,23,1,1068,41.05,50,.956229,2,1,0,39.646923
2005,6,9,23,1,1068,41.4,65,.956229,2,1,0,39.646923
2005,6,9,23,1,1068,82.5,22.7,.956229,2,0,0,39.646923
2005,6,9,24,1,1068,0,167,.956229,2,1,0,0
2005,6,9,24,1,1068,40.7,43,.956229,2,1,0,39.646923
2005,6,9,24,1,1068,41.05,50,.956229,2,1,0,39.646923
2005,6,9,24,1,1068,41.4,65,.956229,2,1,0,39.646923
2005,6,9,24,1,1068,82.5,22.7,.956229,2,0,0,39.646923
2005,6,9,1,2,1069,0,171,.870866,2,1,0,0
2005,6,9,1,2,1069,11.01,34,.870866,2,1,0,37.271068
2005,6,9,1,2,1069,35.37,47.9,.870866,2,1,0,37.271068
2005,6,9,1,2,1069,35.46,47.9,.870866,2,1,0,37.271068
2005,6,9,1,2,1069,35.54,47.9,.870866,2,1,0,37.271068
2005,6,9,1,2,1069,35.63,47.9,.870866,2,1,0,37.271068
2005,6,9,1,2,1069,35.72,47.9,.870866,2,1,0,37.271068
2005,6,9,1,2,1069,35.81,47.9,.870866,2,1,0,37.271068
2005,6,9,1,2,1069,35.9,47.6,.870866,2,1,0,37.271068
2005,6,9,1,2,1069,120.09,17.5,.870866,2,0,0,120.09
2005,6,9,2,2,1069,0,171,.870866,2,1,0,0
2005,6,9,2,2,1069,11.01,34,.870866,2,1,0,37.271068
2005,6,9,2,2,1069,35.68,47.9,.870866,2,1,0,37.271068
2005,6,9,2,2,1069,35.77,47.9,.870866,2,1,0,37.271068
2005,6,9,2,2,1069,35.86,47.9,.870866,2,1,0,37.271068
2005,6,9,2,2,1069,35.95,47.9,.870866,2,1,0,37.271068
2005,6,9,2,2,1069,36.04,47.9,.870866,2,1,0,37.271068
2005,6,9,2,2,1069,36.13,47.9,.870866,2,1,0,37.271068
2005,6,9,2,2,1069,36.22,47.6,.870866,2,1,0,37.271068
2005,6,9,2,2,1069,120.09,17.5,.870866,2,0,0,120.09
2005,6,9,3,2,1069,0,171,.870866,2,1,0,0
2005,6,9,3,2,1069,11.01,34,.870866,2,1,0,37.271068
2005,6,9,3,2,1069,35.83,47.9,.870866,2,1,0,37.271068
2005,6,9,3,2,1069,35.92,47.9,.870866,2,1,0,37.271068
2005,6,9,3,2,1069,36.01,47.9,.870866,2,1,0,37.271068
2005,6,9,3,2,1069,36.11,47.9,.870866,2,1,0,37.271068
2005,6,9,3,2,1069,36.2,47.9,.870866,2,1,0,37.271068
2005,6,9,3,2,1069,36.29,47.9,.870866,2,1,0,37.271068
2005,6,9,3,2,1069,36.38,47.6,.870866,2,1,0,37.271068
2005,6,9,3,2,1069,120.09,17.5,.870866,2,0,0,120.09
2005,6,9,4,2,1069,0,171,.870866,2,1,0,0
2005,6,9,4,2,1069,11.01,34,.870866,2,1,0,37.271068
2005,6,9,4,2,1069,36.04,47.9,.870866,2,1,0,37.271068
2005,6,9,4,2,1069,36.13,47.9,.870866,2,1,0,37.271068
2005,6,9,4,2,1069,36.22,47.9,.870866,2,1,0,37.271068
2005,6,9,4,2,1069,36.32,47.9,.870866,2,1,0,37.271068
2005,6,9,4,2,1069,36.41,47.9,.870866,2,1,0,37.271068
2005,6,9,4,2,1069,36.51,47.9,.870866,2,1,0,37.271068
2005,6,9,4,2,1069,36.6,47.6,.870866,2,1,0,37.271068
2005,6,9,4,2,1069,120.09,17.5,.870866,2,0,0,120.09
2005,6,9,5,2,1069,0,171,.870866,2,1,0,0
2005,6,9,5,2,1069,11.01,34,.870866,2,1,0,37.271068
2005,6,9,5,2,1069,36.1,47.9,.870866,2,1,0,37.271068
2005,6,9,5,2,1069,36.2,47.9,.870866,2,1,0,37.271068
2005,6,9,5,2,1069,36.29,47.9,.870866,2,1,0,37.271068
2005,6,9,5,2,1069,36.39,47.9,.870866,2,1,0,37.271068
2005,6,9,5,2,1069,36.48,47.9,.870866,2,1,0,37.271068
2005,6,9,5,2,1069,36.57,47.9,.870866,2,1,0,37.271068
2005,6,9,5,2,1069,36.67,47.6,.870866,2,1,0,37.271068
2005,6,9,5,2,1069,120.09,17.5,.870866,2,0,0,120.09
2005,6,9,6,2,1069,0,171,.870866,2,1,0,0
2005,6,9,6,2,1069,11.01,34,.870866,2,1,0,37.271068
2005,6,9,6,2,1069,36.02,47.9,.870866,2,1,0,37.271068
2005,6,9,6,2,1069,36.11,47.9,.870866,2,1,0,37.271068
2005,6,9,6,2,1069,36.2,47.9,.870866,2,1,0,37.271068
2005,6,9,6,2,1069,36.3,47.9,.870866,2,1,0,37.271068
2005,6,9,6,2,1069,36.39,47.9,.870866,2,1,0,37.271068
2005,6,9,6,2,1069,36.49,47.9,.870866,2,1,0,37.271068
2005,6,9,6,2,1069,36.58,47.6,.870866,2,1,0,37.271068
2005,6,9,6,2,1069,120.09,17.5,.870866,2,0,0,120.09
2005,6,9,7,2,1069,0,171,.870866,2,1,0,0
2005,6,9,7,2,1069,11.01,34,.870866,2,1,0,37.271068
2005,6,9,7,2,1069,35.59,47.9,.870866,2,1,0,37.271068
2005,6,9,7,2,1069,35.68,47.9,.870866,2,1,0,37.271068
2005,6,9,7,2,1069,35.77,47.9,.870866,2,1,0,37.271068
2005,6,9,7,2,1069,35.86,47.9,.870866,2,1,0,37.271068
2005,6,9,7,2,1069,35.96,47.9,.870866,2,1,0,37.271068
2005,6,9,7,2,1069,36.05,47.9,.870866,2,1,0,37.271068
2005,6,9,7,2,1069,36.14,47.6,.870866,2,1,0,37.271068
2005,6,9,7,2,1069,120.09,17.5,.870866,2,0,0,120.09
2005,6,9,8,2,1069,0,205,.870866,2,1,0,0
2005,6,9,8,2,1069,34.92,47.9,.870866,2,1,0,37.271068
2005,6,9,8,2,1069,35,47.9,.870866,2,1,0,37.271068
2005,6,9,8,2,1069,35.09,47.9,.870866,2,1,0,37.271068
2005,6,9,8,2,1069,35.18,47.9,.870866,2,1,0,37.271068
2005,6,9,8,2,1069,35.26,47.9,.870866,2,1,0,37.271068
2005,6,9,8,2,1069,35.35,47.9,.870866,2,1,0,37.271068
2005,6,9,8,2,1069,35.44,47.6,.870866,2,1,0,37.271068
2005,6,9,8,2,1069,120.08,17.5,.870866,2,0,0,120.08
2005,6,9,9,2,1069,0,205,.870866,2,1,0,0
2005,6,9,9,2,1069,34.02,47.9,.870866,2,1,0,37.271068
2005,6,9,9,2,1069,34.1,47.9,.870866,2,1,0,37.271068
2005,6,9,9,2,1069,34.18,47.9,.870866,2,1,0,37.271068
2005,6,9,9,2,1069,34.26,47.9,.870866,2,1,0,37.271068
2005,6,9,9,2,1069,34.34,47.9,.870866,2,1,0,37.271068
2005,6,9,9,2,1069,34.42,47.9,.870866,2,1,0,37.271068
2005,6,9,9,2,1069,34.5,47.6,.870866,2,1,0,37.271068
2005,6,9,9,2,1069,120.08,17.5,.870866,2,0,0,120.08
2005,6,9,10,2,1069,0,205,.870866,2,1,0,0
2005,6,9,10,2,1069,34.1,47.9,.870866,2,1,0,37.271068
2005,6,9,10,2,1069,34.18,47.9,.870866,2,1,0,37.271068
2005,6,9,10,2,1069,34.26,47.9,.870866,2,1,0,37.271068
2005,6,9,10,2,1069,34.33,47.9,.870866,2,1,0,37.271068
2005,6,9,10,2,1069,34.41,47.9,.870866,2,1,0,37.271068
2005,6,9,10,2,1069,34.49,47.9,.870866,2,1,0,37.271068
2005,6,9,10,2,1069,34.56,47.6,.870866,2,1,0,37.271068
2005,6,9,10,2,1069,120.08,17.5,.870866,2,0,0,120.08
2005,6,9,11,2,1069,0,205,.870866,2,1,0,0
2005,6,9,11,2,1069,34.36,47.9,.870866,2,1,0,37.271068
2005,6,9,11,2,1069,34.43,47.9,.870866,2,1,0,37.271068
2005,6,9,11,2,1069,34.5,47.9,.870866,2,1,0,37.271068
2005,6,9,11,2,1069,34.58,47.9,.870866,2,1,0,37.271068
2005,6,9,11,2,1069,34.65,47.9,.870866,2,1,0,37.271068
2005,6,9,11,2,1069,34.73,47.9,.870866,2,1,0,37.271068
2005,6,9,11,2,1069,34.8,47.6,.870866,2,1,0,37.271068
2005,6,9,11,2,1069,120.08,17.5,.870866,2,0,0,120.08
2005,6,9,12,2,1069,0,205,.870866,2,1,0,0
2005,6,9,12,2,1069,34.17,47.9,.870866,2,1,0,37.271068
2005,6,9,12,2,1069,34.25,47.9,.870866,2,1,0,37.271068
2005,6,9,12,2,1069,34.32,47.9,.870866,2,1,0,37.271068
2005,6,9,12,2,1069,34.39,47.9,.870866,2,1,0,37.271068
2005,6,9,12,2,1069,34.46,47.9,.870866,2,1,0,37.271068
2005,6,9,12,2,1069,34.54,47.9,.870866,2,1,0,37.271068
2005,6,9,12,2,1069,34.61,47.6,.870866,2,1,0,37.271068
2005,6,9,12,2,1069,120.08,17.5,.870866,2,0,0,120.08
2005,6,9,13,2,1069,0,205,.870866,2,1,0,0
2005,6,9,13,2,1069,34.02,47.9,.870866,2,1,0,37.271068
2005,6,9,13,2,1069,34.09,47.9,.870866,2,1,0,37.271068
2005,6,9,13,2,1069,34.17,47.9,.870866,2,1,0,37.271068
2005,6,9,13,2,1069,34.24,47.9,.870866,2,1,0,37.271068
2005,6,9,13,2,1069,34.31,47.9,.870866,2,1,0,37.271068
2005,6,9,13,2,1069,34.38,47.9,.870866,2,1,0,37.271068
2005,6,9,13,2,1069,34.45,47.6,.870866,2,1,0,37.271068
2005,6,9,13,2,1069,120.08,17.5,.870866,2,0,0,120.08
2005,6,9,14,2,1069,0,205,.870866,2,1,0,0
2005,6,9,14,2,1069,34.11,47.9,.870866,2,1,0,37.271068
2005,6,9,14,2,1069,34.19,47.9,.870866,2,1,0,37.271068
2005,6,9,14,2,1069,34.26,47.9,.870866,2,1,0,37.271068
2005,6,9,14,2,1069,34.33,47.9,.870866,2,1,0,37.271068
2005,6,9,14,2,1069,34.4,47.9,.870866,2,1,0,37.271068
2005,6,9,14,2,1069,34.48,47.9,.870866,2,1,0,37.271068
2005,6,9,14,2,1069,34.55,47.6,.870866,2,1,0,37.271068
2005,6,9,14,2,1069,120.08,17.5,.870866,2,0,0,120.08
2005,6,9,15,2,1069,0,205,.870866,2,1,0,0
2005,6,9,15,2,1069,34.05,47.9,.870866,2,1,0,37.271068
2005,6,9,15,2,1069,34.12,47.9,.870866,2,1,0,37.271068
2005,6,9,15,2,1069,34.2,47.9,.870866,2,1,0,37.271068
2005,6,9,15,2,1069,34.27,47.9,.870866,2,1,0,37.271068
2005,6,9,15,2,1069,34.34,47.9,.870866,2,1,0,37.271068
2005,6,9,15,2,1069,34.42,47.9,.870866,2,1,0,37.271068
2005,6,9,15,2,1069,34.49,47.6,.870866,2,1,0,37.271068
2005,6,9,15,2,1069,120.08,17.5,.870866,2,0,0,120.08
2005,6,9,16,2,1069,0,205,.870866,2,1,0,0
2005,6,9,16,2,1069,33.98,47.9,.870866,2,1,0,37.271068
2005,6,9,16,2,1069,34.06,47.9,.870866,2,1,0,37.271068
2005,6,9,16,2,1069,34.13,47.9,.870866,2,1,0,37.271068
2005,6,9,16,2,1069,34.2,47.9,.870866,2,1,0,37.271068
2005,6,9,16,2,1069,34.28,47.9,.870866,2,1,0,37.271068
2005,6,9,16,2,1069,34.35,47.9,.870866,2,1,0,37.271068
2005,6,9,16,2,1069,34.42,47.6,.870866,2,1,0,37.271068
2005,6,9,16,2,1069,120.08,17.5,.870866,2,0,0,120.08
2005,6,9,17,2,1069,0,205,.870866,2,1,0,0
2005,6,9,17,2,1069,34.05,47.9,.870866,2,1,0,37.271068
2005,6,9,17,2,1069,34.12,47.9,.870866,2,1,0,37.271068
2005,6,9,17,2,1069,34.19,47.9,.870866,2,1,0,37.271068
2005,6,9,17,2,1069,34.27,47.9,.870866,2,1,0,37.271068
2005,6,9,17,2,1069,34.34,47.9,.870866,2,1,0,37.271068
2005,6,9,17,2,1069,34.41,47.9,.870866,2,1,0,37.271068
2005,6,9,17,2,1069,34.48,47.6,.870866,2,1,0,37.271068
2005,6,9,17,2,1069,120.08,17.5,.870866,2,0,0,120.08
2005,6,9,18,2,1069,0,205,.870866,2,1,0,0
2005,6,9,18,2,1069,33.79,47.9,.870866,2,1,0,37.271068
2005,6,9,18,2,1069,33.86,47.9,.870866,2,1,0,37.271068
2005,6,9,18,2,1069,33.93,47.9,.870866,2,1,0,37.271068
2005,6,9,18,2,1069,34,47.9,.870866,2,1,0,37.271068
2005,6,9,18,2,1069,34.07,47.9,.870866,2,1,0,37.271068
2005,6,9,18,2,1069,34.15,47.9,.870866,2,1,0,37.271068
2005,6,9,18,2,1069,34.22,47.6,.870866,2,1,0,37.271068
2005,6,9,18,2,1069,120.08,17.5,.870866,2,0,0,120.08
2005,6,9,19,2,1069,0,205,.870866,2,1,0,0
2005,6,9,19,2,1069,33.91,47.9,.870866,2,1,0,37.271068
2005,6,9,19,2,1069,33.99,47.9,.870866,2,1,0,37.271068
2005,6,9,19,2,1069,34.06,47.9,.870866,2,1,0,37.271068
2005,6,9,19,2,1069,34.13,47.9,.870866,2,1,0,37.271068
2005,6,9,19,2,1069,34.2,47.9,.870866,2,1,0,37.271068
2005,6,9,19,2,1069,34.27,47.9,.870866,2,1,0,37.271068
2005,6,9,19,2,1069,34.35,47.6,.870866,2,1,0,37.271068
2005,6,9,19,2,1069,120.08,17.5,.870866,2,0,0,120.08
2005,6,9,20,2,1069,0,205,.870866,2,1,0,0
2005,6,9,20,2,1069,34.02,47.9,.870866,2,1,0,37.271068
2005,6,9,20,2,1069,34.09,47.9,.870866,2,1,0,37.271068
2005,6,9,20,2,1069,34.17,47.9,.870866,2,1,0,37.271068
2005,6,9,20,2,1069,34.24,47.9,.870866,2,1,0,37.271068
2005,6,9,20,2,1069,34.32,47.9,.870866,2,1,0,37.271068
2005,6,9,20,2,1069,34.39,47.9,.870866,2,1,0,37.271068
2005,6,9,20,2,1069,34.47,47.6,.870866,2,1,0,37.271068
2005,6,9,20,2,1069,120.08,17.5,.870866,2,0,0,120.08
2005,6,9,21,2,1069,0,205,.870866,2,1,0,0
2005,6,9,21,2,1069,34.37,47.9,.870866,2,1,0,37.271068
2005,6,9,21,2,1069,34.45,47.9,.870866,2,1,0,37.271068
2005,6,9,21,2,1069,34.53,47.9,.870866,2,1,0,37.271068
2005,6,9,21,2,1069,34.6,47.9,.870866,2,1,0,37.271068
2005,6,9,21,2,1069,34.68,47.9,.870866,2,1,0,37.271068
2005,6,9,21,2,1069,34.76,47.9,.870866,2,1,0,37.271068
2005,6,9,21,2,1069,34.84,47.6,.870866,2,1,0,37.271068
2005,6,9,21,2,1069,120.08,17.5,.870866,2,0,0,120.08
2005,6,9,22,2,1069,0,205,.870866,2,1,0,0
2005,6,9,22,2,1069,34.28,47.9,.870866,2,1,0,37.271068
2005,6,9,22,2,1069,34.36,47.9,.870866,2,1,0,37.271068
2005,6,9,22,2,1069,34.44,47.9,.870866,2,1,0,37.271068
2005,6,9,22,2,1069,34.52,47.9,.870866,2,1,0,37.271068
2005,6,9,22,2,1069,34.6,47.9,.870866,2,1,0,37.271068
2005,6,9,22,2,1069,34.68,47.9,.870866,2,1,0,37.271068
2005,6,9,22,2,1069,34.75,47.6,.870866,2,1,0,37.271068
2005,6,9,22,2,1069,120.08,17.5,.870866,2,0,0,120.08
2005,6,9,23,2,1069,0,205,.870866,2,1,0,0
2005,6,9,23,2,1069,34.11,47.9,.870866,2,1,0,37.271068
2005,6,9,23,2,1069,34.18,47.9,.870866,2,1,0,37.271068
2005,6,9,23,2,1069,34.26,47.9,.870866,2,1,0,37.271068
2005,6,9,23,2,1069,34.34,47.9,.870866,2,1,0,37.271068
2005,6,9,23,2,1069,34.42,47.9,.870866,2,1,0,37.271068
2005,6,9,23,2,1069,34.5,47.9,.870866,2,1,0,37.271068
2005,6,9,23,2,1069,34.57,47.6,.870866,2,1,0,37.271068
2005,6,9,23,2,1069,120.08,17.5,.870866,2,0,0,120.08
2005,6,9,24,2,1069,0,205,.870866,2,1,0,0
2005,6,9,24,2,1069,34.72,47.9,.870866,2,1,0,37.271068
2005,6,9,24,2,1069,34.81,47.9,.870866,2,1,0,37.271068
2005,6,9,24,2,1069,34.89,47.9,.870866,2,1,0,37.271068
2005,6,9,24,2,1069,34.97,47.9,.870866,2,1,0,37.271068
2005,6,9,24,2,1069,35.05,47.9,.870866,2,1,0,37.271068
2005,6,9,24,2,1069,35.14,47.9,.870866,2,1,0,37.271068
2005,6,9,24,2,1069,35.22,47.6,.870866,2,1,0,37.271068
2005,6,9,24,2,1069,120.08,17.5,.870866,2,0,0,120.08
2005,6,9,1,2,1070,0,171,.870866,2,1,0,0
2005,6,9,1,2,1070,11.01,34,.870866,2,1,0,37.265396
2005,6,9,1,2,1070,35.92,48.6,.870866,2,1,0,37.265396
2005,6,9,1,2,1070,36.01,48.6,.870866,2,1,0,37.265396
2005,6,9,1,2,1070,36.09,48.6,.870866,2,1,0,37.265396
2005,6,9,1,2,1070,36.18,48.6,.870866,2,1,0,37.265396
2005,6,9,1,2,1070,36.27,48.6,.870866,2,1,0,37.265396
2005,6,9,1,2,1070,36.36,48.6,.870866,2,1,0,37.265396
2005,6,9,1,2,1070,36.45,48.4,.870866,2,1,0,37.265396
2005,6,9,1,2,1070,120.09,17.1,.870866,2,0,0,120.09
2005,6,9,2,2,1070,0,171,.870866,2,1,0,0
2005,6,9,2,2,1070,11.01,34,.870866,2,1,0,37.265396
2005,6,9,2,2,1070,36.25,48.6,.870866,2,1,0,37.265396
2005,6,9,2,2,1070,36.34,48.6,.870866,2,1,0,37.265396
2005,6,9,2,2,1070,36.43,48.6,.870866,2,1,0,37.265396
2005,6,9,2,2,1070,36.52,48.6,.870866,2,1,0,37.265396
2005,6,9,2,2,1070,36.62,48.6,.870866,2,1,0,37.265396
2005,6,9,2,2,1070,36.71,48.6,.870866,2,1,0,37.265396
2005,6,9,2,2,1070,36.8,48.4,.870866,2,1,0,37.265396
2005,6,9,2,2,1070,120.09,17.1,.870866,2,0,0,120.09
2005,6,9,3,2,1070,0,171,.870866,2,1,0,0
2005,6,9,3,2,1070,11.01,34,.870866,2,1,0,37.265396
2005,6,9,3,2,1070,36.41,48.6,.870866,2,1,0,37.265396
2005,6,9,3,2,1070,36.5,48.6,.870866,2,1,0,37.265396
2005,6,9,3,2,1070,36.59,48.6,.870866,2,1,0,37.265396
2005,6,9,3,2,1070,36.69,48.6,.870866,2,1,0,37.265396
2005,6,9,3,2,1070,36.78,48.6,.870866,2,1,0,37.265396
2005,6,9,3,2,1070,36.87,48.6,.870866,2,1,0,37.265396
2005,6,9,3,2,1070,36.97,48.4,.870866,2,1,0,37.265396
2005,6,9,3,2,1070,120.09,17.1,.870866,2,0,0,120.09
2005,6,9,4,2,1070,0,171,.870866,2,1,0,0
2005,6,9,4,2,1070,11.01,34,.870866,2,1,0,37.265396
2005,6,9,4,2,1070,36.62,48.6,.870866,2,1,0,37.265396
2005,6,9,4,2,1070,36.72,48.6,.870866,2,1,0,37.265396
2005,6,9,4,2,1070,36.81,48.6,.870866,2,1,0,37.265396
2005,6,9,4,2,1070,36.91,48.6,.870866,2,1,0,37.265396
2005,6,9,4,2,1070,37,21.1,.870866,2,1,0,37.265396
2005,6,9,4,2,1070,37.1,48.6,.870866,2,0,0,37.265396
2005,6,9,4,2,1070,37.19,48.4,.870866,2,0,0,37.265396
2005,6,9,4,2,1070,120.09,17.1,.870866,2,0,0,120.09
2005,6,9,5,2,1070,0,171,.870866,2,1,0,0
2005,6,9,5,2,1070,11.01,34,.870866,2,1,0,37.265396
2005,6,9,5,2,1070,36.69,48.6,.870866,2,1,0,37.265396
2005,6,9,5,2,1070,36.79,48.6,.870866,2,1,0,37.265396
2005,6,9,5,2,1070,36.88,48.6,.870866,2,1,0,37.265396
2005,6,9,5,2,1070,36.98,48.6,.870866,2,1,0,37.265396
2005,6,9,5,2,1070,37.08,5.7,.870866,2,1,0,37.265396
2005,6,9,5,2,1070,37.17,48.6,.870866,2,0,0,37.265396
2005,6,9,5,2,1070,37.27,48.4,.870866,2,0,0,37.265396
2005,6,9,5,2,1070,120.09,17.1,.870866,2,0,0,120.09
2005,6,9,6,2,1070,0,171,.870866,2,1,0,0
2005,6,9,6,2,1070,11.01,34,.870866,2,1,0,37.265396
2005,6,9,6,2,1070,36.6,48.6,.870866,2,1,0,37.265396
2005,6,9,6,2,1070,36.7,48.6,.870866,2,1,0,37.265396
2005,6,9,6,2,1070,36.79,48.6,.870866,2,1,0,37.265396
2005,6,9,6,2,1070,36.89,48.6,.870866,2,1,0,37.265396
2005,6,9,6,2,1070,36.98,48.6,.870866,2,1,0,37.265396
2005,6,9,6,2,1070,37.08,48.6,.870866,2,1,0,37.265396
2005,6,9,6,2,1070,37.17,48.4,.870866,2,1,0,37.265396
2005,6,9,6,2,1070,120.09,17.1,.870866,2,0,0,120.09
2005,6,9,7,2,1070,0,171,.870866,2,1,0,0
2005,6,9,7,2,1070,11.01,34,.870866,2,1,0,37.265396
2005,6,9,7,2,1070,36.16,48.6,.870866,2,1,0,37.265396
2005,6,9,7,2,1070,36.26,48.6,.870866,2,1,0,37.265396
2005,6,9,7,2,1070,36.35,48.6,.870866,2,1,0,37.265396
2005,6,9,7,2,1070,36.45,48.6,.870866,2,1,0,37.265396
2005,6,9,7,2,1070,36.54,48.6,.870866,2,1,0,37.265396
2005,6,9,7,2,1070,36.63,48.6,.870866,2,1,0,37.265396
2005,6,9,7,2,1070,36.73,48.4,.870866,2,1,0,37.265396
2005,6,9,7,2,1070,120.09,17.1,.870866,2,0,0,120.09
2005,6,9,8,2,1070,0,205,.870866,2,1,0,0
2005,6,9,8,2,1070,35.45,48.6,.870866,2,1,0,37.265396
2005,6,9,8,2,1070,35.54,48.6,.870866,2,1,0,37.265396
2005,6,9,8,2,1070,35.63,48.6,.870866,2,1,0,37.265396
2005,6,9,8,2,1070,35.72,48.6,.870866,2,1,0,37.265396
2005,6,9,8,2,1070,35.81,48.6,.870866,2,1,0,37.265396
2005,6,9,8,2,1070,35.89,48.6,.870866,2,1,0,37.265396
2005,6,9,8,2,1070,35.98,48.4,.870866,2,1,0,37.265396
2005,6,9,8,2,1070,120.08,17.1,.870866,2,0,0,120.08
2005,6,9,9,2,1070,0,205,.870866,2,1,0,0
2005,6,9,9,2,1070,34.52,48.6,.870866,2,1,0,37.265396
2005,6,9,9,2,1070,34.6,48.6,.870866,2,1,0,37.265396
2005,6,9,9,2,1070,34.68,48.6,.870866,2,1,0,37.265396
2005,6,9,9,2,1070,34.76,48.6,.870866,2,1,0,37.265396
2005,6,9,9,2,1070,34.84,48.6,.870866,2,1,0,37.265396
2005,6,9,9,2,1070,34.93,48.6,.870866,2,1,0,37.265396
2005,6,9,9,2,1070,35.01,48.4,.870866,2,1,0,37.265396
2005,6,9,9,2,1070,120.08,17.1,.870866,2,0,0,120.08
2005,6,9,10,2,1070,0,205,.870866,2,1,0,0
2005,6,9,10,2,1070,34.57,48.6,.870866,2,1,0,37.265396
2005,6,9,10,2,1070,34.65,48.6,.870866,2,1,0,37.265396
2005,6,9,10,2,1070,34.73,48.6,.870866,2,1,0,37.265396
2005,6,9,10,2,1070,34.81,48.6,.870866,2,1,0,37.265396
2005,6,9,10,2,1070,34.88,48.6,.870866,2,1,0,37.265396
2005,6,9,10,2,1070,34.96,48.6,.870866,2,1,0,37.265396
2005,6,9,10,2,1070,35.04,48.4,.870866,2,1,0,37.265396
2005,6,9,10,2,1070,120.08,17.1,.870866,2,0,0,120.08
2005,6,9,11,2,1070,0,205,.870866,2,1,0,0
2005,6,9,11,2,1070,34.81,48.6,.870866,2,1,0,37.265396
2005,6,9,11,2,1070,34.88,48.6,.870866,2,1,0,37.265396
2005,6,9,11,2,1070,34.96,48.6,.870866,2,1,0,37.265396
2005,6,9,11,2,1070,35.03,48.6,.870866,2,1,0,37.265396
2005,6,9,11,2,1070,35.11,48.6,.870866,2,1,0,37.265396
2005,6,9,11,2,1070,35.18,48.6,.870866,2,1,0,37.265396
2005,6,9,11,2,1070,35.26,48.4,.870866,2,1,0,37.265396
2005,6,9,11,2,1070,120.08,17.1,.870866,2,0,0,120.08
2005,6,9,12,2,1070,0,205,.870866,2,1,0,0
2005,6,9,12,2,1070,34.61,48.6,.870866,2,1,0,37.265396
2005,6,9,12,2,1070,34.69,48.6,.870866,2,1,0,37.265396
2005,6,9,12,2,1070,34.76,48.6,.870866,2,1,0,37.265396
2005,6,9,12,2,1070,34.83,48.6,.870866,2,1,0,37.265396
2005,6,9,12,2,1070,34.91,48.6,.870866,2,1,0,37.265396
2005,6,9,12,2,1070,34.98,48.6,.870866,2,1,0,37.265396
2005,6,9,12,2,1070,35.05,48.4,.870866,2,1,0,37.265396
2005,6,9,12,2,1070,120.08,17.1,.870866,2,0,0,120.08
2005,6,9,13,2,1070,0,205,.870866,2,1,0,0
2005,6,9,13,2,1070,34.46,48.6,.870866,2,1,0,37.265396
2005,6,9,13,2,1070,34.53,48.6,.870866,2,1,0,37.265396
2005,6,9,13,2,1070,34.6,48.6,.870866,2,1,0,37.265396
2005,6,9,13,2,1070,34.67,48.6,.870866,2,1,0,37.265396
2005,6,9,13,2,1070,34.75,48.6,.870866,2,1,0,37.265396
2005,6,9,13,2,1070,34.82,48.6,.870866,2,1,0,37.265396
2005,6,9,13,2,1070,34.89,48.4,.870866,2,1,0,37.265396
2005,6,9,13,2,1070,120.08,17.1,.870866,2,0,0,120.08
2005,6,9,14,2,1070,0,205,.870866,2,1,0,0
2005,6,9,14,2,1070,34.55,48.6,.870866,2,1,0,37.265396
2005,6,9,14,2,1070,34.63,48.6,.870866,2,1,0,37.265396
2005,6,9,14,2,1070,34.7,48.6,.870866,2,1,0,37.265396
2005,6,9,14,2,1070,34.77,48.6,.870866,2,1,0,37.265396
2005,6,9,14,2,1070,34.85,48.6,.870866,2,1,0,37.265396
2005,6,9,14,2,1070,34.92,48.6,.870866,2,1,0,37.265396
2005,6,9,14,2,1070,34.99,48.4,.870866,2,1,0,37.265396
2005,6,9,14,2,1070,120.08,17.1,.870866,2,0,0,120.08
2005,6,9,15,2,1070,0,205,.870866,2,1,0,0
2005,6,9,15,2,1070,34.5,48.6,.870866,2,1,0,37.265396
2005,6,9,15,2,1070,34.57,48.6,.870866,2,1,0,37.265396
2005,6,9,15,2,1070,34.65,48.6,.870866,2,1,0,37.265396
2005,6,9,15,2,1070,34.72,48.6,.870866,2,1,0,37.265396
2005,6,9,15,2,1070,34.8,48.6,.870866,2,1,0,37.265396
2005,6,9,15,2,1070,34.87,48.6,.870866,2,1,0,37.265396
2005,6,9,15,2,1070,34.94,48.4,.870866,2,1,0,37.265396
2005,6,9,15,2,1070,120.08,17.1,.870866,2,0,0,120.08
2005,6,9,16,2,1070,0,205,.870866,2,1,0,0
2005,6,9,16,2,1070,34.43,48.6,.870866,2,1,0,37.265396
2005,6,9,16,2,1070,34.5,48.6,.870866,2,1,0,37.265396
2005,6,9,16,2,1070,34.58,48.6,.870866,2,1,0,37.265396
2005,6,9,16,2,1070,34.65,48.6,.870866,2,1,0,37.265396
2005,6,9,16,2,1070,34.73,48.6,.870866,2,1,0,37.265396
2005,6,9,16,2,1070,34.8,48.6,.870866,2,1,0,37.265396
2005,6,9,16,2,1070,34.88,48.4,.870866,2,1,0,37.265396
2005,6,9,16,2,1070,120.08,17.1,.870866,2,0,0,120.08
2005,6,9,17,2,1070,0,205,.870866,2,1,0,0
2005,6,9,17,2,1070,34.49,48.6,.870866,2,1,0,37.265396
2005,6,9,17,2,1070,34.56,48.6,.870866,2,1,0,37.265396
2005,6,9,17,2,1070,34.63,48.6,.870866,2,1,0,37.265396
2005,6,9,17,2,1070,34.71,48.6,.870866,2,1,0,37.265396
2005,6,9,17,2,1070,34.78,48.6,.870866,2,1,0,37.265396
2005,6,9,17,2,1070,34.85,48.6,.870866,2,1,0,37.265396
2005,6,9,17,2,1070,34.93,48.4,.870866,2,1,0,37.265396
2005,6,9,17,2,1070,120.08,17.1,.870866,2,0,0,120.08
2005,6,9,18,2,1070,0,205,.870866,2,1,0,0
2005,6,9,18,2,1070,34.22,48.6,.870866,2,1,0,37.265396
2005,6,9,18,2,1070,34.29,48.6,.870866,2,1,0,37.265396
2005,6,9,18,2,1070,34.36,48.6,.870866,2,1,0,37.265396
2005,6,9,18,2,1070,34.44,48.6,.870866,2,1,0,37.265396
2005,6,9,18,2,1070,34.51,48.6,.870866,2,1,0,37.265396
2005,6,9,18,2,1070,34.58,48.6,.870866,2,1,0,37.265396
2005,6,9,18,2,1070,34.65,48.4,.870866,2,1,0,37.265396
2005,6,9,18,2,1070,120.08,17.1,.870866,2,0,0,120.08
2005,6,9,19,2,1070,0,205,.870866,2,1,0,0
2005,6,9,19,2,1070,34.35,48.6,.870866,2,1,0,37.265396
2005,6,9,19,2,1070,34.42,48.6,.870866,2,1,0,37.265396
2005,6,9,19,2,1070,34.5,48.6,.870866,2,1,0,37.265396
2005,6,9,19,2,1070,34.57,48.6,.870866,2,1,0,37.265396
2005,6,9,19,2,1070,34.64,48.6,.870866,2,1,0,37.265396
2005,6,9,19,2,1070,34.72,48.6,.870866,2,1,0,37.265396
2005,6,9,19,2,1070,34.79,48.4,.870866,2,1,0,37.265396
2005,6,9,19,2,1070,120.08,17.1,.870866,2,0,0,120.08
2005,6,9,20,2,1070,0,205,.870866,2,1,0,0
2005,6,9,20,2,1070,34.47,48.6,.870866,2,1,0,37.265396
2005,6,9,20,2,1070,34.55,48.6,.870866,2,1,0,37.265396
2005,6,9,20,2,1070,34.62,48.6,.870866,2,1,0,37.265396
2005,6,9,20,2,1070,34.7,48.6,.870866,2,1,0,37.265396
2005,6,9,20,2,1070,34.77,48.6,.870866,2,1,0,37.265396
2005,6,9,20,2,1070,34.85,48.6,.870866,2,1,0,37.265396
2005,6,9,20,2,1070,34.93,48.4,.870866,2,1,0,37.265396
2005,6,9,20,2,1070,120.08,17.1,.870866,2,0,0,120.08
2005,6,9,21,2,1070,0,205,.870866,2,1,0,0
2005,6,9,21,2,1070,34.84,48.6,.870866,2,1,0,37.265396
2005,6,9,21,2,1070,34.92,48.6,.870866,2,1,0,37.265396
2005,6,9,21,2,1070,35,48.6,.870866,2,1,0,37.265396
2005,6,9,21,2,1070,35.08,48.6,.870866,2,1,0,37.265396
2005,6,9,21,2,1070,35.16,48.6,.870866,2,1,0,37.265396
2005,6,9,21,2,1070,35.24,48.6,.870866,2,1,0,37.265396
2005,6,9,21,2,1070,35.32,48.4,.870866,2,1,0,37.265396
2005,6,9,21,2,1070,120.08,17.1,.870866,2,0,0,120.08
2005,6,9,22,2,1070,0,205,.870866,2,1,0,0
2005,6,9,22,2,1070,34.76,48.6,.870866,2,1,0,37.265396
2005,6,9,22,2,1070,34.84,48.6,.870866,2,1,0,37.265396
2005,6,9,22,2,1070,34.92,48.6,.870866,2,1,0,37.265396
2005,6,9,22,2,1070,35,48.6,.870866,2,1,0,37.265396
2005,6,9,22,2,1070,35.08,48.6,.870866,2,1,0,37.265396
2005,6,9,22,2,1070,35.16,48.6,.870866,2,1,0,37.265396
2005,6,9,22,2,1070,35.24,48.4,.870866,2,1,0,37.265396
2005,6,9,22,2,1070,120.08,17.1,.870866,2,0,0,120.08
2005,6,9,23,2,1070,0,205,.870866,2,1,0,0
2005,6,9,23,2,1070,34.58,48.6,.870866,2,1,0,37.265396
2005,6,9,23,2,1070,34.66,48.6,.870866,2,1,0,37.265396
2005,6,9,23,2,1070,34.74,48.6,.870866,2,1,0,37.265396
2005,6,9,23,2,1070,34.82,48.6,.870866,2,1,0,37.265396
2005,6,9,23,2,1070,34.9,48.6,.870866,2,1,0,37.265396
2005,6,9,23,2,1070,34.98,48.6,.870866,2,1,0,37.265396
2005,6,9,23,2,1070,35.06,48.4,.870866,2,1,0,37.265396
2005,6,9,23,2,1070,120.08,17.1,.870866,2,0,0,120.08
2005,6,9,24,2,1070,0,205,.870866,2,1,0,0
2005,6,9,24,2,1070,35.23,48.6,.870866,2,1,0,37.265396
2005,6,9,24,2,1070,35.31,48.6,.870866,2,1,0,37.265396
2005,6,9,24,2,1070,35.4,48.6,.870866,2,1,0,37.265396
2005,6,9,24,2,1070,35.48,48.6,.870866,2,1,0,37.265396
2005,6,9,24,2,1070,35.57,48.6,.870866,2,1,0,37.265396
2005,6,9,24,2,1070,35.65,48.6,.870866,2,1,0,37.265396
2005,6,9,24,2,1070,35.73,48.4,.870866,2,1,0,37.265396
2005,6,9,24,2,1070,120.08,17.1,.870866,2,0,0,120.08
2005,6,9,1,9,171,0,28.6,0,2,1,0,0
2005,6,9,2,9,171,0,28.6,0,2,1,0,0
2005,6,9,3,9,171,0,28.6,0,2,1,0,0
2005,6,9,4,9,171,0,28.6,0,2,1,0,0
2005,6,9,5,9,171,0,28.5,0,2,1,0,0
2005,6,9,6,9,171,0,28.4,0,2,1,0,0
2005,6,9,7,9,171,0,28.3,0,2,1,0,0
2005,6,9,8,9,171,0,28.4,0,2,1,0,0
2005,6,9,9,9,171,0,28.5,0,2,1,0,0
2005,6,9,10,9,171,0,28.6,0,2,1,0,0
2005,6,9,11,9,171,0,28.9,0,2,1,0,0
2005,6,9,12,9,171,0,29.2,0,2,1,0,0
2005,6,9,13,9,171,0,29.5,0,2,1,0,0
2005,6,9,14,9,171,0,29.6,0,2,1,0,0
2005,6,9,15,9,171,0,29.6,0,2,1,0,0
2005,6,9,16,9,171,0,29.5,0,2,1,0,0
2005,6,9,17,9,171,0,29.2,0,2,1,0,0
2005,6,9,18,9,171,0,28.9,0,2,1,0,0
2005,6,9,19,9,171,0,28.6,0,2,1,0,0
2005,6,9,20,9,171,0,28.3,0,2,1,0,0
2005,6,9,21,9,171,0,28,0,2,1,0,0
2005,6,9,22,9,171,0,27.7,0,2,1,0,0
2005,6,9,23,9,171,0,27.5,0,2,1,0,0
2005,6,9,24,9,171,0,27.3,0,2,1,0,0
2005,6,9,1,9,172,180.3,8,0,1,1,0,180.3
2005,6,9,2,9,172,180.3,8,0,1,1,0,180.3
2005,6,9,3,9,172,180.3,8,0,1,1,0,180.3
2005,6,9,4,9,172,180.3,8,0,1,1,0,180.3
2005,6,9,5,9,172,180.3,8,0,1,1,0,180.3
2005,6,9,6,9,172,180.3,8,0,1,1,0,180.3
2005,6,9,7,9,172,180.3,8,0,1,1,0,180.3
2005,6,9,8,9,172,180.3,8,0,1,1,0,180.3
2005,6,9,9,9,172,180.3,8,0,1,1,0,180.3
2005,6,9,10,9,172,180.3,8,0,1,1,0,180.3
2005,6,9,11,9,172,180.3,8,0,1,1,0,180.3
2005,6,9,12,9,172,180.3,8,0,1,1,0,180.3
2005,6,9,13,9,172,180.3,8,0,1,1,0,180.3
2005,6,9,14,9,172,180.3,8,0,1,1,0,180.3
2005,6,9,15,9,172,180.3,8,0,1,1,0,180.3
2005,6,9,16,9,172,180.3,8,0,1,1,0,180.3
2005,6,9,17,9,172,180.3,8,0,1,1,0,180.3
2005,6,9,18,9,172,180.3,8,0,1,1,0,180.3
2005,6,9,19,9,172,180.3,8,0,1,1,0,180.3
2005,6,9,20,9,172,180.3,8,0,1,1,0,180.3
2005,6,9,21,9,172,180.3,8,0,1,1,0,180.3
2005,6,9,22,9,172,180.3,8,0,1,1,0,180.3
2005,6,9,23,9,172,180.3,8,0,1,1,0,180.3
2005,6,9,24,9,172,180.3,8,0,1,1,0,180.3
2005,6,9,1,9,173,0,6.8,0,2,1,0,0
2005,6,9,2,9,173,0,6.8,0,2,1,0,0
2005,6,9,3,9,173,0,5.8,0,2,1,0,0
2005,6,9,4,9,173,0,6.4,0,2,1,0,0
2005,6,9,5,9,173,0,6.3,0,2,1,0,0
2005,6,9,6,9,173,0,5.7,0,2,1,0,0
2005,6,9,7,9,173,0,5.9,0,2,1,0,0
2005,6,9,8,9,173,0,1.1,0,2,1,0,0
2005,6,9,9,9,173,0,1.2,0,2,1,0,0
2005,6,9,10,9,173,0,1.2,0,2,1,0,0
2005,6,9,11,9,173,0,.4,0,2,1,0,0
2005,6,9,12,9,173,0,2.9,0,2,1,0,0
2005,6,9,13,9,173,0,2.6,0,2,1,0,0
2005,6,9,14,9,173,0,2,0,2,1,0,0
2005,6,9,15,9,173,0,3.8,0,2,1,0,0
2005,6,9,16,9,173,0,4.2,0,2,1,0,0
2005,6,9,17,9,173,0,5.2,0,2,1,0,0
2005,6,9,18,9,173,0,5.4,0,2,1,0,0
2005,6,9,19,9,173,0,5.3,0,2,1,0,0
2005,6,9,20,9,173,0,5.8,0,2,1,0,0
2005,6,9,21,9,173,0,4.2,0,2,1,0,0
2005,6,9,22,9,173,0,5,0,2,1,0,0
2005,6,9,23,9,173,0,6.1,0,2,1,0,0
2005,6,9,24,9,173,0,6.6,0,2,1,0,0
2005,6,9,1,9,174,0,6.2,0,2,1,0,0
2005,6,9,2,9,174,0,6.2,0,2,1,0,0
2005,6,9,3,9,174,0,6.2,0,2,1,0,0
2005,6,9,4,9,174,0,6.2,0,2,1,0,0
2005,6,9,5,9,174,0,6.2,0,2,1,0,0
2005,6,9,6,9,174,0,6.2,0,2,1,0,0
2005,6,9,7,9,174,0,6.2,0,2,1,0,0
2005,6,9,8,9,174,0,6.2,0,2,1,0,0
2005,6,9,9,9,174,0,6.2,0,2,1,0,0
2005,6,9,10,9,174,0,6.2,0,2,1,0,0
2005,6,9,11,9,174,0,6.1,0,2,1,0,0
2005,6,9,12,9,174,0,6.1,0,2,1,0,0
2005,6,9,13,9,174,0,6,0,2,1,0,0
2005,6,9,14,9,174,0,5.9,0,2,1,0,0
2005,6,9,15,9,174,0,5.9,0,2,1,0,0
2005,6,9,16,9,174,0,5.9,0,2,1,0,0
2005,6,9,17,9,174,0,5.9,0,2,1,0,0
2005,6,9,18,9,174,0,5.9,0,2,1,0,0
2005,6,9,19,9,174,0,6.2,0,2,1,0,0
2005,6,9,20,9,174,0,6.2,0,2,1,0,0
2005,6,9,21,9,174,0,6.2,0,2,1,0,0
2005,6,9,22,9,174,0,6.2,0,2,1,0,0
2005,6,9,23,9,174,0,6.2,0,2,1,0,0
2005,6,9,24,9,174,0,6.2,0,2,1,0,0
2005,6,9,1,9,175,0,8.6,0,2,1,0,0
2005,6,9,2,9,175,0,8.3,0,2,1,0,0
2005,6,9,3,9,175,0,8.3,0,2,1,0,0
2005,6,9,4,9,175,0,8.3,0,2,1,0,0
2005,6,9,5,9,175,0,8.1,0,2,1,0,0
2005,6,9,6,9,175,0,8.2,0,2,1,0,0
2005,6,9,7,9,175,0,8.2,0,2,1,0,0
2005,6,9,8,9,175,0,8.3,0,2,1,0,0
2005,6,9,9,9,175,0,8.3,0,2,1,0,0
2005,6,9,10,9,175,0,8.3,0,2,1,0,0
2005,6,9,11,9,175,0,8.3,0,2,1,0,0
2005,6,9,12,9,175,0,8.3,0,2,1,0,0
2005,6,9,13,9,175,0,8.3,0,2,1,0,0
2005,6,9,14,9,175,0,8.3,0,2,1,0,0
2005,6,9,15,9,175,0,8.3,0,2,1,0,0
2005,6,9,16,9,175,0,8.3,0,2,1,0,0
2005,6,9,17,9,175,0,8.3,0,2,1,0,0
2005,6,9,18,9,175,0,8.3,0,2,1,0,0
2005,6,9,19,9,175,0,8.3,0,2,1,0,0
2005,6,9,20,9,175,0,8.3,0,2,1,0,0
2005,6,9,21,9,175,0,8.3,0,2,1,0,0
2005,6,9,22,9,175,0,8.3,0,2,1,0,0
2005,6,9,23,9,175,0,8.3,0,2,1,0,0
2005,6,9,24,9,175,0,8.3,0,2,1,0,0
2005,6,9,1,9,176,0,56.7,0,2,1,0,0
2005,6,9,1,9,176,40.77,.8,0,2,1,0,40.77
2005,6,9,2,9,176,0,27.5,0,2,1,0,0
2005,6,9,2,9,176,40.77,.8,0,2,0,0,40.77
2005,6,9,3,9,176,0,8.5,0,2,1,0,0
2005,6,9,3,9,176,40.77,.8,0,2,0,0,40.77
2005,6,9,4,9,176,0,3,0,2,1,0,0
2005,6,9,4,9,176,40.77,.8,0,2,0,0,40.77
2005,6,9,5,9,176,0,2.3,0,2,1,0,0
2005,6,9,5,9,176,40.77,.8,0,2,0,0,40.77
2005,6,9,6,9,176,0,3.1,0,2,1,0,0
2005,6,9,6,9,176,40.77,.8,0,2,0,0,40.77
2005,6,9,7,9,176,0,6.3,0,2,1,0,0
2005,6,9,7,9,176,40.77,.8,0,2,0,0,40.77
2005,6,9,8,9,176,0,7.8,0,2,1,0,0
2005,6,9,8,9,176,40.77,.8,0,2,1,0,40.77
2005,6,9,9,9,176,0,7,0,2,1,0,0
2005,6,9,9,9,176,28.56,.8,0,2,1,0,28.56
2005,6,9,10,9,176,0,3.9,0,2,1,0,0
2005,6,9,10,9,176,8.69,.8,0,2,1,0,8.69
2005,6,9,11,9,176,0,2.3,0,2,1,0,0
2005,6,9,11,9,176,8.69,.8,0,2,1,0,8.69
2005,6,9,12,9,176,0,2.3,0,2,1,0,0
2005,6,9,12,9,176,8.69,.8,0,2,1,0,8.69
2005,6,9,13,9,176,0,2.3,0,2,1,0,0
2005,6,9,13,9,176,8.69,.8,0,2,1,0,8.69
2005,6,9,14,9,176,0,2.3,0,2,1,0,0
2005,6,9,14,9,176,28.56,.8,0,2,1,0,28.56
2005,6,9,15,9,176,0,8.2,0,2,1,0,0
2005,6,9,15,9,176,28.56,.8,0,2,1,0,28.56
2005,6,9,16,9,176,0,28,0,2,1,0,0
2005,6,9,16,9,176,28.56,.8,0,2,1,0,28.56
2005,6,9,17,9,176,0,56.1,0,2,1,0,0
2005,6,9,17,9,176,28.56,.8,0,2,1,0,28.56
2005,6,9,18,9,176,0,92.6,0,2,1,0,0
2005,6,9,18,9,176,28.56,.8,0,2,1,0,28.56
2005,6,9,19,9,176,0,122.2,0,2,1,0,0
2005,6,9,19,9,176,28.56,.8,0,2,1,0,28.56
2005,6,9,20,9,176,0,148.6,0,2,1,0,0
2005,6,9,20,9,176,28.56,.8,0,2,1,0,28.56
2005,6,9,21,9,176,0,160.5,0,2,1,0,0
2005,6,9,21,9,176,28.56,.8,0,2,1,0,28.56
2005,6,9,22,9,176,0,166.7,0,2,1,0,0
2005,6,9,22,9,176,28.56,.8,0,2,1,0,28.56
2005,6,9,23,9,176,0,167.1,0,2,1,0,0
2005,6,9,23,9,176,28.56,.8,0,2,1,0,28.56
2005,6,9,24,9,176,0,161.7,0,2,1,0,0
2005,6,9,24,9,176,28.56,.8,0,2,1,0,28.56
2005,6,9,1,4,1072,0,400,1.1042,2,1,0,0
2005,6,9,1,4,1072,37.27,20,1.1042,2,1,0,43.782413
2005,6,9,1,4,1072,37.58,20,1.1042,2,1,0,43.782413
2005,6,9,1,4,1072,37.96,20,1.1042,2,1,0,43.782413
2005,6,9,1,4,1072,38.4,20,1.1042,2,1,0,43.782413
2005,6,9,1,4,1072,38.9,20,1.1042,2,1,0,43.782413
2005,6,9,1,4,1072,70,35,1.1042,2,0,0,43.782413
2005,6,9,1,4,1072,150,7.4,1.1042,2,0,0,150
2005,6,9,2,4,1072,0,310,1.1042,2,1,0,0
2005,6,9,2,4,1072,36.6,10,1.1042,2,1,0,43.782413
2005,6,9,2,4,1072,36.62,20,1.1042,2,1,0,43.782413
2005,6,9,2,4,1072,36.69,20,1.1042,2,1,0,43.782413
2005,6,9,2,4,1072,36.82,20,1.1042,2,1,0,43.782413
2005,6,9,2,4,1072,37.01,20,1.1042,2,1,0,43.782413
2005,6,9,2,4,1072,37.27,20,1.1042,2,1,0,43.782413
2005,6,9,2,4,1072,37.58,20,1.1042,2,1,0,43.782413
2005,6,9,2,4,1072,37.96,20,1.1042,2,1,0,43.782413
2005,6,9,2,4,1072,38.4,20,1.1042,2,0,0,43.782413
2005,6,9,2,4,1072,38.9,20,1.1042,2,0,0,43.782413
2005,6,9,2,4,1072,70,35,1.1042,2,0,0,43.782413
2005,6,9,2,4,1072,150,7.4,1.1042,2,0,0,150
2005,6,9,3,4,1072,0,310,1.1042,2,1,0,0
2005,6,9,3,4,1072,36.6,10,1.1042,2,1,0,43.782413
2005,6,9,3,4,1072,36.62,20,1.1042,2,1,0,43.782413
2005,6,9,3,4,1072,36.69,20,1.1042,2,1,0,43.782413
2005,6,9,3,4,1072,36.82,20,1.1042,2,1,0,43.782413
2005,6,9,3,4,1072,37.01,20,1.1042,2,1,0,43.782413
2005,6,9,3,4,1072,37.27,20,1.1042,2,0,0,43.782413
2005,6,9,3,4,1072,37.58,20,1.1042,2,0,0,43.782413
2005,6,9,3,4,1072,37.96,20,1.1042,2,0,0,43.782413
2005,6,9,3,4,1072,38.4,20,1.1042,2,0,0,43.782413
2005,6,9,3,4,1072,38.9,20,1.1042,2,0,0,43.782413
2005,6,9,3,4,1072,70,35,1.1042,2,0,0,43.782413
2005,6,9,3,4,1072,150,7.4,1.1042,2,0,0,150
2005,6,9,4,4,1072,0,310,1.1042,2,1,0,0
2005,6,9,4,4,1072,36.6,10,1.1042,2,1,0,43.782413
2005,6,9,4,4,1072,36.62,20,1.1042,2,1,0,43.782413
2005,6,9,4,4,1072,36.69,20,1.1042,2,1,0,43.782413
2005,6,9,4,4,1072,36.82,20,1.1042,2,1,0,43.782413
2005,6,9,4,4,1072,37.01,20,1.1042,2,0,0,43.782413
2005,6,9,4,4,1072,37.27,20,1.1042,2,0,0,43.782413
2005,6,9,4,4,1072,37.58,20,1.1042,2,0,0,43.782413
2005,6,9,4,4,1072,37.96,20,1.1042,2,0,0,43.782413
2005,6,9,4,4,1072,38.4,20,1.1042,2,0,0,43.782413
2005,6,9,4,4,1072,38.9,20,1.1042,2,0,0,43.782413
2005,6,9,4,4,1072,70,35,1.1042,2,0,0,43.782413
2005,6,9,4,4,1072,150,7.4,1.1042,2,0,0,150
2005,6,9,5,4,1072,0,310,1.1042,2,1,0,0
2005,6,9,5,4,1072,36.6,10,1.1042,2,1,0,43.782413
2005,6,9,5,4,1072,36.62,20,1.1042,2,1,0,43.782413
2005,6,9,5,4,1072,36.69,20,1.1042,2,1,0,43.782413
2005,6,9,5,4,1072,36.82,20,1.1042,2,1,0,43.782413
2005,6,9,5,4,1072,37.01,20,1.1042,2,1,0,43.782413
2005,6,9,5,4,1072,37.27,20,1.1042,2,0,0,43.782413
2005,6,9,5,4,1072,37.58,20,1.1042,2,0,0,43.782413
2005,6,9,5,4,1072,37.96,20,1.1042,2,0,0,43.782413
2005,6,9,5,4,1072,38.4,20,1.1042,2,0,0,43.782413
2005,6,9,5,4,1072,38.9,20,1.1042,2,0,0,43.782413
2005,6,9,5,4,1072,70,35,1.1042,2,0,0,43.782413
2005,6,9,5,4,1072,150,7.4,1.1042,2,0,0,150
2005,6,9,6,4,1072,0,310,1.1042,2,1,0,0
2005,6,9,6,4,1072,36.6,10,1.1042,2,1,0,43.782413
2005,6,9,6,4,1072,36.62,20,1.1042,2,1,0,43.782413
2005,6,9,6,4,1072,36.69,20,1.1042,2,1,0,43.782413
2005,6,9,6,4,1072,36.82,20,1.1042,2,1,0,43.782413
2005,6,9,6,4,1072,37.01,20,1.1042,2,1,0,43.782413
2005,6,9,6,4,1072,37.27,20,1.1042,2,1,0,43.782413
2005,6,9,6,4,1072,37.58,20,1.1042,2,0,0,43.782413
2005,6,9,6,4,1072,37.96,20,1.1042,2,0,0,43.782413
2005,6,9,6,4,1072,38.4,20,1.1042,2,0,0,43.782413
2005,6,9,6,4,1072,38.9,20,1.1042,2,0,0,43.782413
2005,6,9,6,4,1072,70,35,1.1042,2,0,0,43.782413
2005,6,9,6,4,1072,150,7.4,1.1042,2,0,0,150
2005,6,9,7,4,1072,0,310,1.1042,2,1,0,0
2005,6,9,7,4,1072,36.6,10,1.1042,2,1,0,43.782413
2005,6,9,7,4,1072,36.62,20,1.1042,2,1,0,43.782413
2005,6,9,7,4,1072,36.69,20,1.1042,2,1,0,43.782413
2005,6,9,7,4,1072,36.82,20,1.1042,2,1,0,43.782413
2005,6,9,7,4,1072,37.01,20,1.1042,2,1,0,43.782413
2005,6,9,7,4,1072,37.27,20,1.1042,2,1,0,43.782413
2005,6,9,7,4,1072,37.58,20,1.1042,2,1,0,43.782413
2005,6,9,7,4,1072,37.96,20,1.1042,2,1,0,43.782413
2005,6,9,7,4,1072,38.4,20,1.1042,2,1,0,43.782413
2005,6,9,7,4,1072,38.9,11.6,1.1042,2,1,0,43.782413
2005,6,9,7,4,1072,70,35,1.1042,2,0,0,43.782413
2005,6,9,7,4,1072,150,7.4,1.1042,2,0,0,150
2005,6,9,8,4,1072,0,400,1.1042,2,1,0,0
2005,6,9,8,4,1072,37.27,20,1.1042,2,1,0,43.782413
2005,6,9,8,4,1072,37.58,20,1.1042,2,1,0,43.782413
2005,6,9,8,4,1072,37.96,20,1.1042,2,1,0,43.782413
2005,6,9,8,4,1072,38.4,20,1.1042,2,1,0,43.782413
2005,6,9,8,4,1072,38.9,20,1.1042,2,1,0,43.782413
2005,6,9,8,4,1072,70,35,1.1042,2,0,0,43.782413
2005,6,9,8,4,1072,150,7.4,1.1042,2,0,0,150
2005,6,9,9,4,1072,0,500,1.1042,2,1,0,0
2005,6,9,9,4,1072,70,35,1.1042,2,0,0,43.782413
2005,6,9,9,4,1072,150,7.4,1.1042,2,0,0,150
2005,6,9,10,4,1072,0,500,1.1042,2,1,0,0
2005,6,9,10,4,1072,70,31.6,1.1042,2,1,0,43.782413
2005,6,9,10,4,1072,150,7.4,1.1042,2,0,0,150
2005,6,9,11,4,1072,0,500,1.1042,2,1,0,0
2005,6,9,11,4,1072,70,35,1.1042,2,1,0,43.782413
2005,6,9,11,4,1072,150,7.4,1.1042,2,0,0,150
2005,6,9,12,4,1072,0,500,1.1042,2,1,0,0
2005,6,9,12,4,1072,70,35,1.1042,2,1,0,43.782413
2005,6,9,12,4,1072,150,7.4,1.1042,2,0,0,150
2005,6,9,13,4,1072,0,500,1.1042,2,1,0,0
2005,6,9,13,4,1072,70,35,1.1042,2,1,0,43.782413
2005,6,9,13,4,1072,150,7.4,1.1042,2,0,0,150
2005,6,9,14,4,1072,0,500,1.1042,2,1,0,0
2005,6,9,14,4,1072,70,35,1.1042,2,1,0,43.782413
2005,6,9,14,4,1072,150,7.4,1.1042,2,0,0,150
2005,6,9,15,4,1072,0,500,1.1042,2,1,0,0
2005,6,9,15,4,1072,70,35,1.1042,2,1,0,43.782413
2005,6,9,15,4,1072,150,7.4,1.1042,2,0,0,150
2005,6,9,16,4,1072,0,500,1.1042,2,1,0,0
2005,6,9,16,4,1072,70,35,1.1042,2,1,0,43.782413
2005,6,9,16,4,1072,150,7.4,1.1042,2,0,0,150
2005,6,9,17,4,1072,0,500,1.1042,2,1,0,0
2005,6,9,17,4,1072,70,35,1.1042,2,1,0,43.782413
2005,6,9,17,4,1072,150,7.4,1.1042,2,0,0,150
2005,6,9,18,4,1072,0,500,1.1042,2,1,0,0
2005,6,9,18,4,1072,70,35,1.1042,2,1,0,43.782413
2005,6,9,18,4,1072,150,7.4,1.1042,2,0,0,150
2005,6,9,19,4,1072,0,500,1.1042,2,1,0,0
2005,6,9,19,4,1072,70,35,1.1042,2,1,0,43.782413
2005,6,9,19,4,1072,150,7.4,1.1042,2,0,0,150
2005,6,9,20,4,1072,0,500,1.1042,2,1,0,0
2005,6,9,20,4,1072,70,31.6,1.1042,2,1,0,43.782413
2005,6,9,20,4,1072,150,7.4,1.1042,2,0,0,150
2005,6,9,21,4,1072,0,500,1.1042,2,1,0,0
2005,6,9,21,4,1072,70,35,1.1042,2,0,0,43.782413
2005,6,9,21,4,1072,150,7.4,1.1042,2,0,0,150
2005,6,9,22,4,1072,0,500,1.1042,2,1,0,0
2005,6,9,22,4,1072,70,35,1.1042,2,0,0,43.782413
2005,6,9,22,4,1072,150,7.4,1.1042,2,0,0,150
2005,6,9,23,4,1072,0,500,1.1042,2,1,0,0
2005,6,9,23,4,1072,70,35,1.1042,2,0,0,43.782413
2005,6,9,23,4,1072,150,7.4,1.1042,2,0,0,150
2005,6,9,24,4,1072,0,500,1.1042,2,1,0,0
2005,6,9,24,4,1072,70,35,1.1042,2,0,0,43.782413
2005,6,9,24,4,1072,150,7.4,1.1042,2,0,0,150
2005,6,9,1,9,178,0,6,0,2,1,0,0
2005,6,9,2,9,178,0,6,0,2,1,0,0
2005,6,9,3,9,178,0,6,0,2,1,0,0
2005,6,9,4,9,178,0,6,0,2,1,0,0
2005,6,9,5,9,178,0,6,0,2,1,0,0
2005,6,9,6,9,178,0,6,0,2,1,0,0
2005,6,9,7,9,178,0,6,0,2,1,0,0
2005,6,9,8,9,178,0,6,0,2,1,0,0
2005,6,9,9,9,178,0,6,0,2,1,0,0
2005,6,9,10,9,178,0,6,0,2,1,0,0
2005,6,9,11,9,178,0,6,0,2,1,0,0
2005,6,9,12,9,178,0,6,0,2,1,0,0
2005,6,9,13,9,178,0,6,0,2,1,0,0
2005,6,9,14,9,178,0,6,0,2,1,0,0
2005,6,9,15,9,178,0,6,0,2,1,0,0
2005,6,9,16,9,178,0,6,0,2,1,0,0
2005,6,9,17,9,178,0,6,0,2,1,0,0
2005,6,9,18,9,178,0,6,0,2,1,0,0
2005,6,9,19,9,178,0,6,0,2,1,0,0
2005,6,9,20,9,178,0,6,0,2,1,0,0
2005,6,9,21,9,178,0,6,0,2,1,0,0
2005,6,9,22,9,178,0,6,0,2,1,0,0
2005,6,9,23,9,178,0,6,0,2,1,0,0
2005,6,9,24,9,178,0,6,0,2,1,0,0
2005,6,9,1,2,179,39.98,73,0,1,0,0,39.98
2005,6,9,1,2,179,39.99,73,0,1,0,0,39.99
2005,6,9,1,2,179,40,73,0,1,0,0,40
2005,6,9,2,2,179,39.98,73,0,1,1,0,39.98
2005,6,9,2,2,179,39.99,73,0,1,1,0,39.99
2005,6,9,2,2,179,40,73,0,1,1,0,40
2005,6,9,3,2,179,39.98,73,0,1,1,0,39.98
2005,6,9,3,2,179,39.99,73,0,1,1,0,39.99
2005,6,9,3,2,179,40,73,0,1,1,0,40
2005,6,9,4,2,179,39.98,73,0,1,1,0,39.98
2005,6,9,4,2,179,39.99,73,0,1,1,0,39.99
2005,6,9,4,2,179,40,73,0,1,1,0,40
2005,6,9,5,2,179,39.98,73,0,1,1,0,39.98
2005,6,9,5,2,179,39.99,73,0,1,1,0,39.99
2005,6,9,5,2,179,40,73,0,1,1,0,40
2005,6,9,6,2,179,39.98,73,0,1,1,0,39.98
2005,6,9,6,2,179,39.99,73,0,1,1,0,39.99
2005,6,9,6,2,179,40,73,0,1,1,0,40
2005,6,9,7,2,179,39.98,73,0,1,1,0,39.98
2005,6,9,7,2,179,39.99,73,0,1,1,0,39.99
2005,6,9,7,2,179,40,73,0,1,1,0,40
2005,6,9,8,2,179,37.48,73,0,1,0,0,37.48
2005,6,9,8,2,179,37.49,73,0,1,0,0,37.49
2005,6,9,8,2,179,37.5,73,0,1,0,0,37.5
2005,6,9,9,2,179,37.48,73,0,1,0,0,37.48
2005,6,9,9,2,179,37.49,73,0,1,0,0,37.49
2005,6,9,9,2,179,37.5,73,0,1,0,0,37.5
2005,6,9,10,2,179,37.48,73,0,1,0,0,37.48
2005,6,9,10,2,179,37.49,73,0,1,0,0,37.49
2005,6,9,10,2,179,37.5,73,0,1,0,0,37.5
2005,6,9,11,2,179,37.48,73,0,1,0,0,37.48
2005,6,9,11,2,179,37.49,73,0,1,0,0,37.49
2005,6,9,11,2,179,37.5,73,0,1,0,0,37.5
2005,6,9,12,2,179,37.48,73,0,1,0,0,37.48
2005,6,9,12,2,179,37.49,73,0,1,0,0,37.49
2005,6,9,12,2,179,37.5,73,0,1,0,0,37.5
2005,6,9,13,2,179,37.48,73,0,1,0,0,37.48
2005,6,9,13,2,179,37.49,73,0,1,0,0,37.49
2005,6,9,13,2,179,37.5,73,0,1,0,0,37.5
2005,6,9,14,2,179,37.48,73,0,1,0,0,37.48
2005,6,9,14,2,179,37.49,73,0,1,0,0,37.49
2005,6,9,14,2,179,37.5,73,0,1,0,0,37.5
2005,6,9,15,2,179,37.48,73,0,1,0,0,37.48
2005,6,9,15,2,179,37.49,73,0,1,0,0,37.49
2005,6,9,15,2,179,37.5,73,0,1,0,0,37.5
2005,6,9,16,2,179,37.48,73,0,1,0,0,37.48
2005,6,9,16,2,179,37.49,73,0,1,0,0,37.49
2005,6,9,16,2,179,37.5,73,0,1,0,0,37.5
2005,6,9,17,2,179,37.48,73,0,1,0,0,37.48
2005,6,9,17,2,179,37.49,73,0,1,0,0,37.49
2005,6,9,17,2,179,37.5,73,0,1,0,0,37.5
2005,6,9,18,2,179,37.48,73,0,1,0,0,37.48
2005,6,9,18,2,179,37.49,73,0,1,0,0,37.49
2005,6,9,18,2,179,37.5,73,0,1,0,0,37.5
2005,6,9,19,2,179,37.48,73,0,1,0,0,37.48
2005,6,9,19,2,179,37.49,73,0,1,0,0,37.49
2005,6,9,19,2,179,37.5,73,0,1,0,0,37.5
2005,6,9,20,2,179,37.48,73,0,1,0,0,37.48
2005,6,9,20,2,179,37.49,73,0,1,0,0,37.49
2005,6,9,20,2,179,37.5,73,0,1,0,0,37.5
2005,6,9,21,2,179,37.48,73,0,1,0,0,37.48
2005,6,9,21,2,179,37.49,73,0,1,0,0,37.49
2005,6,9,21,2,179,37.5,73,0,1,0,0,37.5
2005,6,9,22,2,179,37.48,73,0,1,0,0,37.48
2005,6,9,22,2,179,37.49,73,0,1,0,0,37.49
2005,6,9,22,2,179,37.5,73,0,1,0,0,37.5
2005,6,9,23,2,179,37.48,73,0,1,0,0,37.48
2005,6,9,23,2,179,37.49,73,0,1,0,0,37.49
2005,6,9,23,2,179,37.5,73,0,1,0,0,37.5
2005,6,9,24,2,179,37.48,73,0,1,0,0,37.48
2005,6,9,24,2,179,37.49,73,0,1,0,0,37.49
2005,6,9,24,2,179,37.5,73,0,1,0,0,37.5
2005,6,9,9,2,180,62.37,32.5,0,2,1,0,62.37
2005,6,9,9,2,180,64.75,32.5,0,2,0,0,64.75
2005,6,9,9,2,180,67.14,32.5,0,2,0,0,67.14
2005,6,9,9,2,180,69.52,32.5,0,2,0,0,69.52
2005,6,9,10,2,180,60.73,32.5,0,2,1,0,60.73
2005,6,9,10,2,180,61.48,32.5,0,2,1,0,61.48
2005,6,9,10,2,180,62.23,32.5,0,2,1,0,62.23
2005,6,9,10,2,180,62.98,32.5,0,2,1,0,62.98
2005,6,9,11,2,180,60.59,32.5,0,2,1,0,60.59
2005,6,9,11,2,180,61.2,32.5,0,2,1,0,61.2
2005,6,9,11,2,180,61.8,32.5,0,2,1,0,61.8
2005,6,9,11,2,180,62.41,32.5,0,2,1,0,62.41
2005,6,9,12,2,180,60.59,32.5,0,2,1,0,60.59
2005,6,9,12,2,180,61.2,32.5,0,2,1,0,61.2
2005,6,9,12,2,180,61.8,32.5,0,2,1,0,61.8
2005,6,9,12,2,180,62.41,32.5,0,2,1,0,62.41
2005,6,9,13,2,180,60.59,32.5,0,2,1,0,60.59
2005,6,9,13,2,180,61.2,32.5,0,2,1,0,61.2
2005,6,9,13,2,180,61.8,32.5,0,2,1,0,61.8
2005,6,9,13,2,180,62.41,32.5,0,2,1,0,62.41
2005,6,9,14,2,180,60.59,32.5,0,2,1,0,60.59
2005,6,9,14,2,180,61.2,32.5,0,2,1,0,61.2
2005,6,9,14,2,180,61.8,32.5,0,2,1,0,61.8
2005,6,9,14,2,180,62.41,32.5,0,2,1,0,62.41
2005,6,9,15,2,180,60.59,32.5,0,2,1,0,60.59
2005,6,9,15,2,180,61.2,32.5,0,2,1,0,61.2
2005,6,9,15,2,180,61.8,32.5,0,2,1,0,61.8
2005,6,9,15,2,180,62.41,32.5,0,2,1,0,62.41
2005,6,9,16,2,180,60.59,32.5,0,2,1,0,60.59
2005,6,9,16,2,180,61.2,32.5,0,2,1,0,61.2
2005,6,9,16,2,180,61.8,32.5,0,2,1,0,61.8
2005,6,9,16,2,180,62.41,32.5,0,2,1,0,62.41
2005,6,9,17,2,180,60.59,32.5,0,2,1,0,60.59
2005,6,9,17,2,180,61.2,32.5,0,2,1,0,61.2
2005,6,9,17,2,180,61.8,32.5,0,2,1,0,61.8
2005,6,9,17,2,180,62.41,32.5,0,2,1,0,62.41
2005,6,9,18,2,180,60.59,32.5,0,2,1,0,60.59
2005,6,9,18,2,180,61.2,32.5,0,2,1,0,61.2
2005,6,9,18,2,180,61.8,32.5,0,2,1,0,61.8
2005,6,9,18,2,180,62.41,32.5,0,2,1,0,62.41
2005,6,9,19,2,180,60.59,32.5,0,2,1,0,60.59
2005,6,9,19,2,180,61.2,32.5,0,2,1,0,61.2
2005,6,9,19,2,180,61.8,32.5,0,2,1,0,61.8
2005,6,9,19,2,180,62.41,32.5,0,2,1,0,62.41
2005,6,9,20,2,180,60.73,32.5,0,2,1,0,60.73
2005,6,9,20,2,180,61.48,32.5,0,2,1,0,61.48
2005,6,9,20,2,180,62.23,32.5,0,2,1,0,62.23
2005,6,9,20,2,180,62.98,32.5,0,2,1,0,62.98
2005,6,9,21,2,180,62.37,32.5,0,2,1,0,62.37
2005,6,9,21,2,180,64.75,32.5,0,2,0,0,64.75
2005,6,9,21,2,180,67.14,32.5,0,2,0,0,67.14
2005,6,9,21,2,180,69.52,32.5,0,2,0,0,69.52
2005,6,9,22,2,180,62.37,32.5,0,2,1,0,62.37
2005,6,9,22,2,180,64.75,32.5,0,2,0,0,64.75
2005,6,9,22,2,180,67.14,32.5,0,2,0,0,67.14
2005,6,9,22,2,180,69.52,32.5,0,2,0,0,69.52
2005,6,9,23,2,180,62.37,32.5,0,2,1,0,62.37
2005,6,9,23,2,180,64.75,32.5,0,2,0,0,64.75
2005,6,9,23,2,180,67.14,32.5,0,2,0,0,67.14
2005,6,9,23,2,180,69.52,32.5,0,2,0,0,69.52
2005,6,9,24,2,180,62.37,32.5,0,2,0,0,62.37
2005,6,9,24,2,180,64.75,32.5,0,2,0,0,64.75
2005,6,9,24,2,180,67.14,32.5,0,2,0,0,67.14
2005,6,9,24,2,180,69.52,32.5,0,2,0,0,69.52
2005,6,9,1,9,181,0,14.3,0,2,1,0,0
2005,6,9,2,9,181,0,7.8,0,2,1,0,0
2005,6,9,3,9,181,0,2.5,0,2,1,0,0
2005,6,9,4,9,181,0,1,0,2,1,0,0
2005,6,9,5,9,181,0,.6,0,2,1,0,0
2005,6,9,6,9,181,0,1.4,0,2,1,0,0
2005,6,9,7,9,181,0,1.8,0,2,1,0,0
2005,6,9,8,9,181,0,2,0,2,1,0,0
2005,6,9,9,9,181,0,1.6,0,2,1,0,0
2005,6,9,10,9,181,0,.8,0,2,1,0,0
2005,6,9,11,9,181,0,.1,0,2,1,0,0
2005,6,9,12,9,181,0,.1,0,2,1,0,0
2005,6,9,13,9,181,0,.1,0,2,1,0,0
2005,6,9,14,9,181,0,.1,0,2,1,0,0
2005,6,9,15,9,181,0,2.3,0,2,1,0,0
2005,6,9,16,9,181,0,9.6,0,2,1,0,0
2005,6,9,17,9,181,0,18.3,0,2,1,0,0
2005,6,9,18,9,181,0,29.4,0,2,1,0,0
2005,6,9,19,9,181,0,39.5,0,2,1,0,0
2005,6,9,20,9,181,0,45.2,0,2,1,0,0
2005,6,9,21,9,181,0,48,0,2,1,0,0
2005,6,9,22,9,181,0,47.8,0,2,1,0,0
2005,6,9,23,9,181,0,44.6,0,2,1,0,0
2005,6,9,24,9,181,0,38.5,0,2,1,0,0
2005,6,9,1,9,182,0,17.8,0,2,1,0,0
2005,6,9,2,9,182,0,17.9,0,2,1,0,0
2005,6,9,3,9,182,0,17.9,0,2,1,0,0
2005,6,9,4,9,182,0,17.9,0,2,1,0,0
2005,6,9,5,9,182,0,18,0,2,1,0,0
2005,6,9,6,9,182,0,18,0,2,1,0,0
2005,6,9,7,9,182,0,18,0,2,1,0,0
2005,6,9,8,9,182,0,18,0,2,1,0,0
2005,6,9,9,9,182,0,17.9,0,2,1,0,0
2005,6,9,10,9,182,0,19,0,2,1,0,0
2005,6,9,11,9,182,0,18.9,0,2,1,0,0
2005,6,9,12,9,182,0,19.9,0,2,1,0,0
2005,6,9,13,9,182,0,19.8,0,2,1,0,0
2005,6,9,14,9,182,0,19.8,0,2,1,0,0
2005,6,9,15,9,182,0,17.5,0,2,1,0,0
2005,6,9,16,9,182,0,17.4,0,2,1,0,0
2005,6,9,17,9,182,0,17.4,0,2,1,0,0
2005,6,9,18,9,182,0,17.5,0,2,1,0,0
2005,6,9,19,9,182,0,17.6,0,2,1,0,0
2005,6,9,20,9,182,0,17.6,0,2,1,0,0
2005,6,9,21,9,182,0,17.6,0,2,1,0,0
2005,6,9,22,9,182,0,17.7,0,2,1,0,0
2005,6,9,23,9,182,0,17.7,0,2,1,0,0
2005,6,9,24,9,182,0,17.8,0,2,1,0,0
2005,6,9,1,1,183,38.05,190,0,1,0,0,38.05
2005,6,9,1,1,183,39.06,190,0,1,0,0,39.06
2005,6,9,2,1,183,38.05,28.1,0,1,1,0,38.05
2005,6,9,2,1,183,39.06,190,0,1,1,0,39.06
2005,6,9,3,1,183,38.05,190,0,1,1,0,38.05
2005,6,9,3,1,183,39.06,190,0,1,1,0,39.06
2005,6,9,4,1,183,38.05,190,0,1,1,0,38.05
2005,6,9,4,1,183,39.06,190,0,1,1,0,39.06
2005,6,9,5,1,183,38.05,190,0,1,1,0,38.05
2005,6,9,5,1,183,39.06,190,0,1,1,0,39.06
2005,6,9,6,1,183,38.05,190,0,1,1,0,38.05
2005,6,9,6,1,183,39.06,190,0,1,1,0,39.06
2005,6,9,7,1,183,38.05,190,0,1,0,0,38.05
2005,6,9,7,1,183,39.06,190,0,1,0,0,39.06
2005,6,9,8,1,183,38.05,190,0,1,0,0,38.05
2005,6,9,8,1,183,39.06,190,0,1,0,0,39.06
2005,6,9,9,1,183,38.05,190,0,1,0,0,38.05
2005,6,9,9,1,183,39.06,190,0,1,0,0,39.06
2005,6,9,10,1,183,38.05,190,0,1,0,0,38.05
2005,6,9,10,1,183,39.06,190,0,1,0,0,39.06
2005,6,9,11,1,183,38.05,190,0,1,0,0,38.05
2005,6,9,11,1,183,39.06,190,0,1,0,0,39.06
2005,6,9,12,1,183,38.05,190,0,1,0,0,38.05
2005,6,9,12,1,183,39.06,190,0,1,0,0,39.06
2005,6,9,13,1,183,38.05,190,0,1,0,0,38.05
2005,6,9,13,1,183,39.06,190,0,1,0,0,39.06
2005,6,9,14,1,183,38.05,190,0,1,0,0,38.05
2005,6,9,14,1,183,39.06,190,0,1,0,0,39.06
2005,6,9,15,1,183,38.05,190,0,1,0,0,38.05
2005,6,9,15,1,183,39.06,190,0,1,0,0,39.06
2005,6,9,16,1,183,38.05,190,0,1,0,0,38.05
2005,6,9,16,1,183,39.06,190,0,1,0,0,39.06
2005,6,9,17,1,183,38.05,190,0,1,0,0,38.05
2005,6,9,17,1,183,39.06,190,0,1,0,0,39.06
2005,6,9,18,1,183,38.05,190,0,1,0,0,38.05
2005,6,9,18,1,183,39.06,190,0,1,0,0,39.06
2005,6,9,19,1,183,38.05,190,0,1,0,0,38.05
2005,6,9,19,1,183,39.06,190,0,1,0,0,39.06
2005,6,9,20,1,183,38.05,190,0,1,0,0,38.05
2005,6,9,20,1,183,39.06,190,0,1,0,0,39.06
2005,6,9,21,1,183,38.05,190,0,1,0,0,38.05
2005,6,9,21,1,183,39.06,190,0,1,0,0,39.06
2005,6,9,22,1,183,38.05,190,0,1,0,0,38.05
2005,6,9,22,1,183,39.06,190,0,1,0,0,39.06
2005,6,9,23,1,183,38.05,190,0,1,0,0,38.05
2005,6,9,23,1,183,39.06,190,0,1,0,0,39.06
2005,6,9,24,1,183,38.05,190,0,1,0,0,38.05
2005,6,9,24,1,183,39.06,190,0,1,0,0,39.06
2005,6,9,1,1,184,63.05,100,0,2,0,0,63.05
2005,6,9,1,1,184,63.35,25,0,2,0,0,63.35
2005,6,9,1,1,184,63.57,25,0,2,0,0,63.57
2005,6,9,1,1,184,64.62,25,0,2,0,0,64.62
2005,6,9,1,1,184,65.66,25,0,2,0,0,65.66
2005,6,9,1,1,184,66.71,25,0,2,0,0,66.71
2005,6,9,1,1,184,67.76,25,0,2,0,0,67.76
2005,6,9,1,1,184,68.8,25,0,2,0,0,68.8
2005,6,9,1,1,184,69.85,25,0,2,0,0,69.85
2005,6,9,1,1,184,70.89,25,0,2,0,0,70.89
2005,6,9,1,1,184,71.44,25,0,2,0,0,71.44
2005,6,9,1,1,184,73.05,25,0,2,0,0,73.05
2005,6,9,1,1,184,74.09,25,0,2,0,0,74.09
2005,6,9,2,1,184,63.05,100,0,2,0,0,63.05
2005,6,9,2,1,184,63.35,25,0,2,0,0,63.35
2005,6,9,2,1,184,63.57,25,0,2,0,0,63.57
2005,6,9,2,1,184,64.62,25,0,2,0,0,64.62
2005,6,9,2,1,184,65.66,25,0,2,0,0,65.66
2005,6,9,2,1,184,66.71,25,0,2,0,0,66.71
2005,6,9,2,1,184,67.76,25,0,2,0,0,67.76
2005,6,9,2,1,184,68.8,25,0,2,0,0,68.8
2005,6,9,2,1,184,69.85,25,0,2,0,0,69.85
2005,6,9,2,1,184,70.89,25,0,2,0,0,70.89
2005,6,9,2,1,184,71.44,25,0,2,0,0,71.44
2005,6,9,2,1,184,73.05,25,0,2,0,0,73.05
2005,6,9,2,1,184,74.09,25,0,2,0,0,74.09
2005,6,9,3,1,184,63.05,100,0,2,0,0,63.05
2005,6,9,3,1,184,63.35,25,0,2,0,0,63.35
2005,6,9,3,1,184,63.57,25,0,2,0,0,63.57
2005,6,9,3,1,184,64.62,25,0,2,0,0,64.62
2005,6,9,3,1,184,65.66,25,0,2,0,0,65.66
2005,6,9,3,1,184,66.71,25,0,2,0,0,66.71
2005,6,9,3,1,184,67.76,25,0,2,0,0,67.76
2005,6,9,3,1,184,68.8,25,0,2,0,0,68.8
2005,6,9,3,1,184,69.85,25,0,2,0,0,69.85
2005,6,9,3,1,184,70.89,25,0,2,0,0,70.89
2005,6,9,3,1,184,71.44,25,0,2,0,0,71.44
2005,6,9,3,1,184,73.05,25,0,2,0,0,73.05
2005,6,9,3,1,184,74.09,25,0,2,0,0,74.09
2005,6,9,4,1,184,63.05,100,0,2,0,0,63.05
2005,6,9,4,1,184,63.35,25,0,2,0,0,63.35
2005,6,9,4,1,184,63.57,25,0,2,0,0,63.57
2005,6,9,4,1,184,64.62,25,0,2,0,0,64.62
2005,6,9,4,1,184,65.66,25,0,2,0,0,65.66
2005,6,9,4,1,184,66.71,25,0,2,0,0,66.71
2005,6,9,4,1,184,67.76,25,0,2,0,0,67.76
2005,6,9,4,1,184,68.8,25,0,2,0,0,68.8
2005,6,9,4,1,184,69.85,25,0,2,0,0,69.85
2005,6,9,4,1,184,70.89,25,0,2,0,0,70.89
2005,6,9,4,1,184,71.44,25,0,2,0,0,71.44
2005,6,9,4,1,184,73.05,25,0,2,0,0,73.05
2005,6,9,4,1,184,74.09,25,0,2,0,0,74.09
2005,6,9,5,1,184,63.05,100,0,2,0,0,63.05
2005,6,9,5,1,184,63.35,25,0,2,0,0,63.35
2005,6,9,5,1,184,63.57,25,0,2,0,0,63.57
2005,6,9,5,1,184,64.62,25,0,2,0,0,64.62
2005,6,9,5,1,184,65.66,25,0,2,0,0,65.66
2005,6,9,5,1,184,66.71,25,0,2,0,0,66.71
2005,6,9,5,1,184,67.76,25,0,2,0,0,67.76
2005,6,9,5,1,184,68.8,25,0,2,0,0,68.8
2005,6,9,5,1,184,69.85,25,0,2,0,0,69.85
2005,6,9,5,1,184,70.89,25,0,2,0,0,70.89
2005,6,9,5,1,184,71.44,25,0,2,0,0,71.44
2005,6,9,5,1,184,73.05,25,0,2,0,0,73.05
2005,6,9,5,1,184,74.09,25,0,2,0,0,74.09
2005,6,9,6,1,184,63.05,100,0,2,0,0,63.05
2005,6,9,6,1,184,63.35,25,0,2,0,0,63.35
2005,6,9,6,1,184,63.57,25,0,2,0,0,63.57
2005,6,9,6,1,184,64.62,25,0,2,0,0,64.62
2005,6,9,6,1,184,65.66,25,0,2,0,0,65.66
2005,6,9,6,1,184,66.71,25,0,2,0,0,66.71
2005,6,9,6,1,184,67.76,25,0,2,0,0,67.76
2005,6,9,6,1,184,68.8,25,0,2,0,0,68.8
2005,6,9,6,1,184,69.85,25,0,2,0,0,69.85
2005,6,9,6,1,184,70.89,25,0,2,0,0,70.89
2005,6,9,6,1,184,71.44,25,0,2,0,0,71.44
2005,6,9,6,1,184,73.05,25,0,2,0,0,73.05
2005,6,9,6,1,184,74.09,25,0,2,0,0,74.09
2005,6,9,7,1,184,63.05,100,0,2,0,0,63.05
2005,6,9,7,1,184,63.35,25,0,2,0,0,63.35
2005,6,9,7,1,184,63.57,25,0,2,0,0,63.57
2005,6,9,7,1,184,64.62,25,0,2,0,0,64.62
2005,6,9,7,1,184,65.66,25,0,2,0,0,65.66
2005,6,9,7,1,184,66.71,25,0,2,0,0,66.71
2005,6,9,7,1,184,67.76,25,0,2,0,0,67.76
2005,6,9,7,1,184,68.8,25,0,2,0,0,68.8
2005,6,9,7,1,184,69.85,25,0,2,0,0,69.85
2005,6,9,7,1,184,70.89,25,0,2,0,0,70.89
2005,6,9,7,1,184,71.44,25,0,2,0,0,71.44
2005,6,9,7,1,184,73.05,25,0,2,0,0,73.05
2005,6,9,7,1,184,74.09,25,0,2,0,0,74.09
2005,6,9,8,1,184,63.05,100,0,2,0,0,63.05
2005,6,9,8,1,184,63.35,25,0,2,0,0,63.35
2005,6,9,8,1,184,63.57,25,0,2,0,0,63.57
2005,6,9,8,1,184,64.62,25,0,2,0,0,64.62
2005,6,9,8,1,184,65.66,25,0,2,0,0,65.66
2005,6,9,8,1,184,66.71,25,0,2,0,0,66.71
2005,6,9,8,1,184,67.76,25,0,2,0,0,67.76
2005,6,9,8,1,184,68.8,25,0,2,0,0,68.8
2005,6,9,8,1,184,69.85,25,0,2,0,0,69.85
2005,6,9,8,1,184,70.89,25,0,2,0,0,70.89
2005,6,9,8,1,184,71.44,25,0,2,0,0,71.44
2005,6,9,8,1,184,73.05,25,0,2,0,0,73.05
2005,6,9,8,1,184,74.09,25,0,2,0,0,74.09
2005,6,9,9,1,184,63.05,96,0,2,1,0,63.05
2005,6,9,9,1,184,63.35,25,0,2,0,0,63.35
2005,6,9,9,1,184,63.57,25,0,2,0,0,63.57
2005,6,9,9,1,184,64.62,25,0,2,0,0,64.62
2005,6,9,9,1,184,65.66,25,0,2,0,0,65.66
2005,6,9,9,1,184,66.71,25,0,2,0,0,66.71
2005,6,9,9,1,184,67.76,25,0,2,0,0,67.76
2005,6,9,9,1,184,68.8,25,0,2,0,0,68.8
2005,6,9,9,1,184,69.85,25,0,2,0,0,69.85
2005,6,9,9,1,184,70.89,25,0,2,0,0,70.89
2005,6,9,9,1,184,71.44,25,0,2,0,0,71.44
2005,6,9,9,1,184,73.05,25,0,2,0,0,73.05
2005,6,9,9,1,184,74.09,25,0,2,0,0,74.09
2005,6,9,10,1,184,63.05,100,0,2,1,0,63.05
2005,6,9,10,1,184,63.35,25,0,2,1,0,63.35
2005,6,9,10,1,184,63.57,25,0,2,1,0,63.57
2005,6,9,10,1,184,64.62,25,0,2,1,0,64.62
2005,6,9,10,1,184,65.66,25,0,2,1,0,65.66
2005,6,9,10,1,184,66.71,25,0,2,1,0,66.71
2005,6,9,10,1,184,67.76,25,0,2,1,0,67.76
2005,6,9,10,1,184,68.8,25,0,2,1,0,68.8
2005,6,9,10,1,184,69.85,25,0,2,1,0,69.85
2005,6,9,10,1,184,70.89,25,0,2,1,0,70.89
2005,6,9,10,1,184,71.44,25,0,2,1,0,71.44
2005,6,9,10,1,184,73.05,25,0,2,0,0,73.05
2005,6,9,10,1,184,74.09,25,0,2,0,0,74.09
2005,6,9,11,1,184,63.05,100,0,2,1,0,63.05
2005,6,9,11,1,184,63.35,25,0,2,1,0,63.35
2005,6,9,11,1,184,63.57,25,0,2,1,0,63.57
2005,6,9,11,1,184,64.62,25,0,2,1,0,64.62
2005,6,9,11,1,184,65.66,25,0,2,1,0,65.66
2005,6,9,11,1,184,66.71,25,0,2,1,0,66.71
2005,6,9,11,1,184,67.76,25,0,2,1,0,67.76
2005,6,9,11,1,184,68.8,25,0,2,1,0,68.8
2005,6,9,11,1,184,69.85,25,0,2,1,0,69.85
2005,6,9,11,1,184,70.89,25,0,2,1,0,70.89
2005,6,9,11,1,184,71.44,25,0,2,1,0,71.44
2005,6,9,11,1,184,73.05,25,0,2,1,0,73.05
2005,6,9,11,1,184,74.09,25,0,2,1,0,74.09
2005,6,9,12,1,184,63.05,100,0,2,1,0,63.05
2005,6,9,12,1,184,63.35,25,0,2,1,0,63.35
2005,6,9,12,1,184,63.57,25,0,2,1,0,63.57
2005,6,9,12,1,184,64.62,25,0,2,1,0,64.62
2005,6,9,12,1,184,65.66,25,0,2,1,0,65.66
2005,6,9,12,1,184,66.71,25,0,2,1,0,66.71
2005,6,9,12,1,184,67.76,25,0,2,1,0,67.76
2005,6,9,12,1,184,68.8,25,0,2,1,0,68.8
2005,6,9,12,1,184,69.85,25,0,2,1,0,69.85
2005,6,9,12,1,184,70.89,25,0,2,1,0,70.89
2005,6,9,12,1,184,71.44,25,0,2,1,0,71.44
2005,6,9,12,1,184,73.05,25,0,2,1,0,73.05
2005,6,9,12,1,184,74.09,25,0,2,1,0,74.09
2005,6,9,13,1,184,63.05,100,0,2,1,0,63.05
2005,6,9,13,1,184,63.35,25,0,2,1,0,63.35
2005,6,9,13,1,184,63.57,25,0,2,1,0,63.57
2005,6,9,13,1,184,64.62,25,0,2,1,0,64.62
2005,6,9,13,1,184,65.66,25,0,2,1,0,65.66
2005,6,9,13,1,184,66.71,25,0,2,1,0,66.71
2005,6,9,13,1,184,67.76,25,0,2,1,0,67.76
2005,6,9,13,1,184,68.8,25,0,2,1,0,68.8
2005,6,9,13,1,184,69.85,25,0,2,1,0,69.85
2005,6,9,13,1,184,70.89,25,0,2,1,0,70.89
2005,6,9,13,1,184,71.44,25,0,2,1,0,71.44
2005,6,9,13,1,184,73.05,25,0,2,1,0,73.05
2005,6,9,13,1,184,74.09,25,0,2,1,0,74.09
2005,6,9,14,1,184,63.05,100,0,2,1,0,63.05
2005,6,9,14,1,184,63.35,25,0,2,1,0,63.35
2005,6,9,14,1,184,63.57,25,0,2,1,0,63.57
2005,6,9,14,1,184,64.62,25,0,2,1,0,64.62
2005,6,9,14,1,184,65.66,25,0,2,1,0,65.66
2005,6,9,14,1,184,66.71,25,0,2,1,0,66.71
2005,6,9,14,1,184,67.76,25,0,2,1,0,67.76
2005,6,9,14,1,184,68.8,25,0,2,1,0,68.8
2005,6,9,14,1,184,69.85,25,0,2,1,0,69.85
2005,6,9,14,1,184,70.89,25,0,2,1,0,70.89
2005,6,9,14,1,184,71.44,25,0,2,1,0,71.44
2005,6,9,14,1,184,73.05,25,0,2,1,0,73.05
2005,6,9,14,1,184,74.09,25,0,2,1,0,74.09
2005,6,9,15,1,184,63.05,100,0,2,1,0,63.05
2005,6,9,15,1,184,63.35,25,0,2,1,0,63.35
2005,6,9,15,1,184,63.57,25,0,2,1,0,63.57
2005,6,9,15,1,184,64.62,25,0,2,1,0,64.62
2005,6,9,15,1,184,65.66,25,0,2,1,0,65.66
2005,6,9,15,1,184,66.71,25,0,2,1,0,66.71
2005,6,9,15,1,184,67.76,25,0,2,1,0,67.76
2005,6,9,15,1,184,68.8,25,0,2,1,0,68.8
2005,6,9,15,1,184,69.85,25,0,2,1,0,69.85
2005,6,9,15,1,184,70.89,25,0,2,1,0,70.89
2005,6,9,15,1,184,71.44,25,0,2,1,0,71.44
2005,6,9,15,1,184,73.05,25,0,2,1,0,73.05
2005,6,9,15,1,184,74.09,25,0,2,1,0,74.09
2005,6,9,16,1,184,63.05,100,0,2,1,0,63.05
2005,6,9,16,1,184,63.35,25,0,2,1,0,63.35
2005,6,9,16,1,184,63.57,25,0,2,1,0,63.57
2005,6,9,16,1,184,64.62,25,0,2,1,0,64.62
2005,6,9,16,1,184,65.66,25,0,2,1,0,65.66
2005,6,9,16,1,184,66.71,25,0,2,1,0,66.71
2005,6,9,16,1,184,67.76,25,0,2,1,0,67.76
2005,6,9,16,1,184,68.8,25,0,2,1,0,68.8
2005,6,9,16,1,184,69.85,25,0,2,1,0,69.85
2005,6,9,16,1,184,70.89,25,0,2,1,0,70.89
2005,6,9,16,1,184,71.44,25,0,2,1,0,71.44
2005,6,9,16,1,184,73.05,25,0,2,1,0,73.05
2005,6,9,16,1,184,74.09,25,0,2,1,0,74.09
2005,6,9,17,1,184,63.05,100,0,2,1,0,63.05
2005,6,9,17,1,184,63.35,25,0,2,1,0,63.35
2005,6,9,17,1,184,63.57,25,0,2,1,0,63.57
2005,6,9,17,1,184,64.62,25,0,2,1,0,64.62
2005,6,9,17,1,184,65.66,25,0,2,1,0,65.66
2005,6,9,17,1,184,66.71,25,0,2,1,0,66.71
2005,6,9,17,1,184,67.76,25,0,2,1,0,67.76
2005,6,9,17,1,184,68.8,25,0,2,1,0,68.8
2005,6,9,17,1,184,69.85,25,0,2,1,0,69.85
2005,6,9,17,1,184,70.89,25,0,2,1,0,70.89
2005,6,9,17,1,184,71.44,25,0,2,1,0,71.44
2005,6,9,17,1,184,73.05,25,0,2,1,0,73.05
2005,6,9,17,1,184,74.09,25,0,2,1,0,74.09
2005,6,9,18,1,184,63.05,100,0,2,1,0,63.05
2005,6,9,18,1,184,63.35,25,0,2,1,0,63.35
2005,6,9,18,1,184,63.57,25,0,2,1,0,63.57
2005,6,9,18,1,184,64.62,25,0,2,1,0,64.62
2005,6,9,18,1,184,65.66,25,0,2,1,0,65.66
2005,6,9,18,1,184,66.71,25,0,2,1,0,66.71
2005,6,9,18,1,184,67.76,25,0,2,1,0,67.76
2005,6,9,18,1,184,68.8,25,0,2,1,0,68.8
2005,6,9,18,1,184,69.85,25,0,2,1,0,69.85
2005,6,9,18,1,184,70.89,25,0,2,1,0,70.89
2005,6,9,18,1,184,71.44,25,0,2,1,0,71.44
2005,6,9,18,1,184,73.05,25,0,2,1,0,73.05
2005,6,9,18,1,184,74.09,25,0,2,1,0,74.09
2005,6,9,19,1,184,63.05,100,0,2,1,0,63.05
2005,6,9,19,1,184,63.35,25,0,2,1,0,63.35
2005,6,9,19,1,184,63.57,25,0,2,1,0,63.57
2005,6,9,19,1,184,64.62,25,0,2,1,0,64.62
2005,6,9,19,1,184,65.66,25,0,2,1,0,65.66
2005,6,9,19,1,184,66.71,25,0,2,1,0,66.71
2005,6,9,19,1,184,67.76,25,0,2,1,0,67.76
2005,6,9,19,1,184,68.8,25,0,2,1,0,68.8
2005,6,9,19,1,184,69.85,25,0,2,1,0,69.85
2005,6,9,19,1,184,70.89,25,0,2,1,0,70.89
2005,6,9,19,1,184,71.44,25,0,2,1,0,71.44
2005,6,9,19,1,184,73.05,25,0,2,1,0,73.05
2005,6,9,19,1,184,74.09,25,0,2,1,0,74.09
2005,6,9,20,1,184,63.05,100,0,2,1,0,63.05
2005,6,9,20,1,184,63.35,25,0,2,1,0,63.35
2005,6,9,20,1,184,63.57,25,0,2,1,0,63.57
2005,6,9,20,1,184,64.62,25,0,2,1,0,64.62
2005,6,9,20,1,184,65.66,25,0,2,1,0,65.66
2005,6,9,20,1,184,66.71,25,0,2,1,0,66.71
2005,6,9,20,1,184,67.76,25,0,2,1,0,67.76
2005,6,9,20,1,184,68.8,25,0,2,1,0,68.8
2005,6,9,20,1,184,69.85,25,0,2,1,0,69.85
2005,6,9,20,1,184,70.89,25,0,2,1,0,70.89
2005,6,9,20,1,184,71.44,25,0,2,1,0,71.44
2005,6,9,20,1,184,73.05,25,0,2,0,0,73.05
2005,6,9,20,1,184,74.09,25,0,2,0,0,74.09
2005,6,9,21,1,184,63.05,100,0,2,1,0,63.05
2005,6,9,21,1,184,63.35,25,0,2,1,0,63.35
2005,6,9,21,1,184,63.57,25,0,2,1,0,63.57
2005,6,9,21,1,184,64.62,.9,0,2,1,0,64.62
2005,6,9,21,1,184,65.66,25,0,2,0,0,65.66
2005,6,9,21,1,184,66.71,25,0,2,0,0,66.71
2005,6,9,21,1,184,67.76,25,0,2,0,0,67.76
2005,6,9,21,1,184,68.8,25,0,2,0,0,68.8
2005,6,9,21,1,184,69.85,25,0,2,0,0,69.85
2005,6,9,21,1,184,70.89,25,0,2,0,0,70.89
2005,6,9,21,1,184,71.44,25,0,2,0,0,71.44
2005,6,9,21,1,184,73.05,25,0,2,0,0,73.05
2005,6,9,21,1,184,74.09,25,0,2,0,0,74.09
2005,6,9,22,1,184,63.05,100,0,2,0,0,63.05
2005,6,9,22,1,184,63.35,25,0,2,0,0,63.35
2005,6,9,22,1,184,63.57,25,0,2,0,0,63.57
2005,6,9,22,1,184,64.62,25,0,2,0,0,64.62
2005,6,9,22,1,184,65.66,25,0,2,0,0,65.66
2005,6,9,22,1,184,66.71,25,0,2,0,0,66.71
2005,6,9,22,1,184,67.76,25,0,2,0,0,67.76
2005,6,9,22,1,184,68.8,25,0,2,0,0,68.8
2005,6,9,22,1,184,69.85,25,0,2,0,0,69.85
2005,6,9,22,1,184,70.89,25,0,2,0,0,70.89
2005,6,9,22,1,184,71.44,25,0,2,0,0,71.44
2005,6,9,22,1,184,73.05,25,0,2,0,0,73.05
2005,6,9,22,1,184,74.09,25,0,2,0,0,74.09
2005,6,9,23,1,184,63.05,100,0,2,0,0,63.05
2005,6,9,23,1,184,63.35,25,0,2,0,0,63.35
2005,6,9,23,1,184,63.57,25,0,2,0,0,63.57
2005,6,9,23,1,184,64.62,25,0,2,0,0,64.62
2005,6,9,23,1,184,65.66,25,0,2,0,0,65.66
2005,6,9,23,1,184,66.71,25,0,2,0,0,66.71
2005,6,9,23,1,184,67.76,25,0,2,0,0,67.76
2005,6,9,23,1,184,68.8,25,0,2,0,0,68.8
2005,6,9,23,1,184,69.85,25,0,2,0,0,69.85
2005,6,9,23,1,184,70.89,25,0,2,0,0,70.89
2005,6,9,23,1,184,71.44,25,0,2,0,0,71.44
2005,6,9,23,1,184,73.05,25,0,2,0,0,73.05
2005,6,9,23,1,184,74.09,25,0,2,0,0,74.09
2005,6,9,24,1,184,63.05,100,0,2,0,0,63.05
2005,6,9,24,1,184,63.35,25,0,2,0,0,63.35
2005,6,9,24,1,184,63.57,25,0,2,0,0,63.57
2005,6,9,24,1,184,64.62,25,0,2,0,0,64.62
2005,6,9,24,1,184,65.66,25,0,2,0,0,65.66
2005,6,9,24,1,184,66.71,25,0,2,0,0,66.71
2005,6,9,24,1,184,67.76,25,0,2,0,0,67.76
2005,6,9,24,1,184,68.8,25,0,2,0,0,68.8
2005,6,9,24,1,184,69.85,25,0,2,0,0,69.85
2005,6,9,24,1,184,70.89,25,0,2,0,0,70.89
2005,6,9,24,1,184,71.44,25,0,2,0,0,71.44
2005,6,9,24,1,184,73.05,25,0,2,0,0,73.05
2005,6,9,24,1,184,74.09,25,0,2,0,0,74.09
2005,6,9,1,9,185,180.3,13.1,0,1,1,0,180.3
2005,6,9,2,9,185,180.3,12.7,0,1,1,0,180.3
2005,6,9,3,9,185,180.3,11.8,0,1,1,0,180.3
2005,6,9,4,9,185,180.3,12.5,0,1,1,0,180.3
2005,6,9,5,9,185,180.3,11.1,0,1,1,0,180.3
2005,6,9,6,9,185,180.3,12.1,0,1,1,0,180.3
2005,6,9,7,9,185,180.3,12.1,0,1,1,0,180.3
2005,6,9,8,9,185,180.3,9.3,0,1,1,0,180.3
2005,6,9,9,9,185,180.3,12.4,0,1,1,0,180.3
2005,6,9,10,9,185,180.3,11.8,0,1,1,0,180.3
2005,6,9,11,9,185,180.3,8.1,0,1,1,0,180.3
2005,6,9,12,9,185,180.3,12.5,0,1,1,0,180.3
2005,6,9,13,9,185,180.3,11.5,0,1,1,0,180.3
2005,6,9,14,9,185,180.3,7.3,0,1,1,0,180.3
2005,6,9,15,9,185,180.3,4.6,0,1,1,0,180.3
2005,6,9,16,9,185,180.3,8.7,0,1,1,0,180.3
2005,6,9,17,9,185,180.3,4.5,0,1,1,0,180.3
2005,6,9,18,9,185,180.3,5.5,0,1,1,0,180.3
2005,6,9,19,9,185,180.3,4.7,0,1,1,0,180.3
2005,6,9,20,9,185,180.3,8.1,0,1,1,0,180.3
2005,6,9,21,9,185,180.3,6.8,0,1,1,0,180.3
2005,6,9,22,9,185,180.3,9.1,0,1,1,0,180.3
2005,6,9,23,9,185,180.3,10.8,0,1,1,0,180.3
2005,6,9,24,9,185,180.3,11.2,0,1,1,0,180.3
2005,6,9,1,8,186,150,13.2,0,1,1,0,150
2005,6,9,2,8,186,150,11.5,0,1,1,0,150
2005,6,9,3,8,186,150,10.5,0,1,1,0,150
2005,6,9,4,8,186,150,10.1,0,1,1,0,150
2005,6,9,5,8,186,150,10.4,0,1,1,0,150
2005,6,9,6,8,186,150,11.6,0,1,1,0,150
2005,6,9,7,8,186,150,17.3,0,1,1,0,150
2005,6,9,8,8,186,150,23.6,0,1,1,0,150
2005,6,9,9,8,186,150,.1,0,1,1,0,150
2005,6,9,10,8,186,150,.1,0,1,1,0,150
2005,6,9,11,8,186,150,.1,0,1,1,0,150
2005,6,9,12,8,186,150,.1,0,1,1,0,150
2005,6,9,13,8,186,150,1.5,0,1,1,0,150
2005,6,9,14,8,186,150,3.7,0,1,1,0,150
2005,6,9,15,8,186,150,1.1,0,1,1,0,150
2005,6,9,16,8,186,150,.1,0,1,1,0,150
2005,6,9,17,8,186,150,.1,0,1,1,0,150
2005,6,9,18,8,186,150,.1,0,1,1,0,150
2005,6,9,19,8,186,150,.1,0,1,1,0,150
2005,6,9,20,8,186,150,.1,0,1,1,0,150
2005,6,9,21,8,186,150,2.9,0,1,1,0,150
2005,6,9,22,8,186,150,3.4,0,1,1,0,150
2005,6,9,23,8,186,150,3.9,0,1,1,0,150
2005,6,9,24,8,186,150,3.3,0,1,1,0,150
2005,6,9,1,8,187,0,3.7,0,2,1,0,0
2005,6,9,2,8,187,0,3.7,0,2,1,0,0
2005,6,9,3,8,187,0,3.7,0,2,1,0,0
2005,6,9,4,8,187,0,3.7,0,2,1,0,0
2005,6,9,5,8,187,0,3.7,0,2,1,0,0
2005,6,9,6,8,187,0,3.7,0,2,1,0,0
2005,6,9,7,8,187,0,3.6,0,2,1,0,0
2005,6,9,8,8,187,0,3.4,0,2,1,0,0
2005,6,9,9,8,187,0,3.4,0,2,1,0,0
2005,6,9,10,8,187,0,3.3,0,2,1,0,0
2005,6,9,11,8,187,0,3.2,0,2,1,0,0
2005,6,9,12,8,187,0,3,0,2,1,0,0
2005,6,9,13,8,187,0,3,0,2,1,0,0
2005,6,9,14,8,187,0,3,0,2,1,0,0
2005,6,9,15,8,187,0,3,0,2,1,0,0
2005,6,9,16,8,187,0,3,0,2,1,0,0
2005,6,9,17,8,187,0,3,0,2,1,0,0
2005,6,9,18,8,187,0,3,0,2,1,0,0
2005,6,9,19,8,187,0,3.1,0,2,1,0,0
2005,6,9,20,8,187,0,3.2,0,2,1,0,0
2005,6,9,21,8,187,0,3.3,0,2,1,0,0
2005,6,9,22,8,187,0,3.5,0,2,1,0,0
2005,6,9,23,8,187,0,3.6,0,2,1,0,0
2005,6,9,24,8,187,0,3.7,0,2,1,0,0
2005,6,9,1,9,188,180.3,7.7,0,1,1,0,180.3
2005,6,9,2,9,188,180.3,7.7,0,1,1,0,180.3
2005,6,9,3,9,188,180.3,7.7,0,1,1,0,180.3
2005,6,9,4,9,188,180.3,7.7,0,1,1,0,180.3
2005,6,9,5,9,188,180.3,7.7,0,1,1,0,180.3
2005,6,9,6,9,188,180.3,7.7,0,1,1,0,180.3
2005,6,9,7,9,188,180.3,7.8,0,1,1,0,180.3
2005,6,9,8,9,188,180.3,7.8,0,1,1,0,180.3
2005,6,9,9,9,188,180.3,8,0,1,1,0,180.3
2005,6,9,10,9,188,180.3,8.5,0,1,1,0,180.3
2005,6,9,11,9,188,180.3,8.5,0,1,1,0,180.3
2005,6,9,12,9,188,180.3,8.5,0,1,1,0,180.3
2005,6,9,13,9,188,180.3,8.5,0,1,1,0,180.3
2005,6,9,14,9,188,180.3,8,0,1,1,0,180.3
2005,6,9,15,9,188,180.3,7.9,0,1,1,0,180.3
2005,6,9,16,9,188,180.3,7.9,0,1,1,0,180.3
2005,6,9,17,9,188,180.3,7.9,0,1,1,0,180.3
2005,6,9,18,9,188,180.3,8,0,1,1,0,180.3
2005,6,9,19,9,188,180.3,8,0,1,1,0,180.3
2005,6,9,20,9,188,180.3,8,0,1,1,0,180.3
2005,6,9,21,9,188,180.3,7.9,0,1,1,0,180.3
2005,6,9,22,9,188,180.3,7.8,0,1,1,0,180.3
2005,6,9,23,9,188,180.3,7.8,0,1,1,0,180.3
2005,6,9,24,9,188,180.3,7.8,0,1,1,0,180.3
2005,6,9,1,4,1073,0,35,1.03173,2,1,0,0
2005,6,9,1,4,1073,150,16.9,1.03173,2,0,0,150
2005,6,9,2,4,1073,0,35,1.03173,2,1,0,0
2005,6,9,2,4,1073,150,16.9,1.03173,2,0,0,150
2005,6,9,3,4,1073,0,35,1.03173,2,1,0,0
2005,6,9,3,4,1073,150,16.9,1.03173,2,0,0,150
2005,6,9,4,4,1073,0,35,1.03173,2,1,0,0
2005,6,9,4,4,1073,150,16.9,1.03173,2,0,0,150
2005,6,9,5,4,1073,0,35,1.03173,2,1,0,0
2005,6,9,5,4,1073,150,16.9,1.03173,2,0,0,150
2005,6,9,6,4,1073,0,35,1.03173,2,1,0,0
2005,6,9,6,4,1073,150,16.9,1.03173,2,0,0,150
2005,6,9,7,4,1073,0,35,1.03173,2,1,0,0
2005,6,9,7,4,1073,150,16.9,1.03173,2,0,0,150
2005,6,9,8,4,1073,0,35,1.03173,2,1,0,0
2005,6,9,8,4,1073,150,16.9,1.03173,2,0,0,150
2005,6,9,9,4,1073,0,35,1.03173,2,1,0,0
2005,6,9,9,4,1073,150,16.9,1.03173,2,0,0,150
2005,6,9,10,4,1073,0,35,1.03173,2,1,0,0
2005,6,9,10,4,1073,150,16.9,1.03173,2,0,0,150
2005,6,9,11,4,1073,0,35,1.03173,2,1,0,0
2005,6,9,11,4,1073,150,16.9,1.03173,2,0,0,150
2005,6,9,12,4,1073,0,35,1.03173,2,1,0,0
2005,6,9,12,4,1073,150,16.9,1.03173,2,0,0,150
2005,6,9,13,4,1073,0,35,1.03173,2,1,0,0
2005,6,9,13,4,1073,150,16.9,1.03173,2,0,0,150
2005,6,9,14,4,1073,0,35,1.03173,2,1,0,0
2005,6,9,14,4,1073,150,16.9,1.03173,2,0,0,150
2005,6,9,15,4,1073,0,35,1.03173,2,1,0,0
2005,6,9,15,4,1073,150,16.9,1.03173,2,0,0,150
2005,6,9,16,4,1073,0,35,1.03173,2,1,0,0
2005,6,9,16,4,1073,150,16.9,1.03173,2,0,0,150
2005,6,9,17,4,1073,0,35,1.03173,2,1,0,0
2005,6,9,17,4,1073,150,16.9,1.03173,2,0,0,150
2005,6,9,18,4,1073,0,35,1.03173,2,1,0,0
2005,6,9,18,4,1073,150,16.9,1.03173,2,0,0,150
2005,6,9,19,4,1073,0,35,1.03173,2,1,0,0
2005,6,9,19,4,1073,150,16.9,1.03173,2,0,0,150
2005,6,9,20,4,1073,0,35,1.03173,2,1,0,0
2005,6,9,20,4,1073,150,16.9,1.03173,2,0,0,150
2005,6,9,21,4,1073,0,35,1.03173,2,1,0,0
2005,6,9,21,4,1073,150,16.9,1.03173,2,0,0,150
2005,6,9,22,4,1073,0,35,1.03173,2,1,0,0
2005,6,9,22,4,1073,150,16.9,1.03173,2,0,0,150
2005,6,9,23,4,1073,0,35,1.03173,2,1,0,0
2005,6,9,23,4,1073,150,16.9,1.03173,2,0,0,150
2005,6,9,24,4,1073,0,35,1.03173,2,1,0,0
2005,6,9,24,4,1073,150,16.9,1.03173,2,0,0,150
2005,6,9,1,4,1075,0,280,1.03173,2,1,0,0
2005,6,9,1,4,1075,35,20,1.03173,2,1,0,41.132845
2005,6,9,1,4,1075,36,10,1.03173,2,1,0,41.132845
2005,6,9,1,4,1075,75,27,1.03173,2,0,0,41.132845
2005,6,9,1,4,1075,150,10.5,1.03173,2,0,0,150
2005,6,9,2,4,1075,0,255,1.03173,2,1,0,0
2005,6,9,2,4,1075,34.39,20,1.03173,2,1,0,41.132845
2005,6,9,2,4,1075,35,25,1.03173,2,1,0,41.132845
2005,6,9,2,4,1075,36,10,1.03173,2,1,0,41.132845
2005,6,9,2,4,1075,75,27,1.03173,2,0,0,41.132845
2005,6,9,2,4,1075,150,10.5,1.03173,2,0,0,150
2005,6,9,3,4,1075,0,255,1.03173,2,1,0,0
2005,6,9,3,4,1075,34.39,20,1.03173,2,1,0,41.132845
2005,6,9,3,4,1075,35,25,1.03173,2,1,0,41.132845
2005,6,9,3,4,1075,36,10,1.03173,2,1,0,41.132845
2005,6,9,3,4,1075,75,27,1.03173,2,0,0,41.132845
2005,6,9,3,4,1075,150,10.5,1.03173,2,0,0,150
2005,6,9,4,4,1075,0,255,1.03173,2,1,0,0
2005,6,9,4,4,1075,34.39,20,1.03173,2,1,0,41.132845
2005,6,9,4,4,1075,35,25,1.03173,2,1,0,41.132845
2005,6,9,4,4,1075,36,10,1.03173,2,1,0,41.132845
2005,6,9,4,4,1075,75,27,1.03173,2,0,0,41.132845
2005,6,9,4,4,1075,150,10.5,1.03173,2,0,0,150
2005,6,9,5,4,1075,0,255,1.03173,2,1,0,0
2005,6,9,5,4,1075,34.39,20,1.03173,2,1,0,41.132845
2005,6,9,5,4,1075,35,25,1.03173,2,1,0,41.132845
2005,6,9,5,4,1075,36,10,1.03173,2,1,0,41.132845
2005,6,9,5,4,1075,75,27,1.03173,2,0,0,41.132845
2005,6,9,5,4,1075,150,10.5,1.03173,2,0,0,150
2005,6,9,6,4,1075,0,255,1.03173,2,1,0,0
2005,6,9,6,4,1075,34.39,20,1.03173,2,1,0,41.132845
2005,6,9,6,4,1075,35,25,1.03173,2,1,0,41.132845
2005,6,9,6,4,1075,36,10,1.03173,2,1,0,41.132845
2005,6,9,6,4,1075,75,27,1.03173,2,0,0,41.132845
2005,6,9,6,4,1075,150,10.5,1.03173,2,0,0,150
2005,6,9,7,4,1075,0,255,1.03173,2,1,0,0
2005,6,9,7,4,1075,34.39,20,1.03173,2,1,0,41.132845
2005,6,9,7,4,1075,35,25,1.03173,2,1,0,41.132845
2005,6,9,7,4,1075,36,10,1.03173,2,1,0,41.132845
2005,6,9,7,4,1075,75,27,1.03173,2,0,0,41.132845
2005,6,9,7,4,1075,150,10.5,1.03173,2,0,0,150
2005,6,9,8,4,1075,0,280,1.03173,2,1,0,0
2005,6,9,8,4,1075,35,20,1.03173,2,1,0,41.132845
2005,6,9,8,4,1075,36,10,1.03173,2,1,0,41.132845
2005,6,9,8,4,1075,75,27,1.03173,2,0,0,41.132845
2005,6,9,8,4,1075,150,10.5,1.03173,2,0,0,150
2005,6,9,9,4,1075,0,310,1.03173,2,1,0,0
2005,6,9,9,4,1075,75,27,1.03173,2,0,0,41.132845
2005,6,9,9,4,1075,150,10.5,1.03173,2,0,0,150
2005,6,9,10,4,1075,0,310,1.03173,2,1,0,0
2005,6,9,10,4,1075,75,27,1.03173,2,0,0,41.132845
2005,6,9,10,4,1075,150,10.5,1.03173,2,0,0,150
2005,6,9,11,4,1075,0,310,1.03173,2,1,0,0
2005,6,9,11,4,1075,75,27,1.03173,2,1,0,41.132845
2005,6,9,11,4,1075,150,10.5,1.03173,2,0,0,150
2005,6,9,12,4,1075,0,310,1.03173,2,1,0,0
2005,6,9,12,4,1075,75,27,1.03173,2,1,0,41.132845
2005,6,9,12,4,1075,150,10.5,1.03173,2,0,0,150
2005,6,9,13,4,1075,0,310,1.03173,2,1,0,0
2005,6,9,13,4,1075,75,27,1.03173,2,1,0,41.132845
2005,6,9,13,4,1075,150,10.5,1.03173,2,0,0,150
2005,6,9,14,4,1075,0,310,1.03173,2,1,0,0
2005,6,9,14,4,1075,75,27,1.03173,2,1,0,41.132845
2005,6,9,14,4,1075,150,10.5,1.03173,2,0,0,150
2005,6,9,15,4,1075,0,310,1.03173,2,1,0,0
2005,6,9,15,4,1075,75,27,1.03173,2,1,0,41.132845
2005,6,9,15,4,1075,150,10.5,1.03173,2,0,0,150
2005,6,9,16,4,1075,0,310,1.03173,2,1,0,0
2005,6,9,16,4,1075,75,27,1.03173,2,1,0,41.132845
2005,6,9,16,4,1075,150,10.5,1.03173,2,0,0,150
2005,6,9,17,4,1075,0,310,1.03173,2,1,0,0
2005,6,9,17,4,1075,75,27,1.03173,2,1,0,41.132845
2005,6,9,17,4,1075,150,10.5,1.03173,2,0,0,150
2005,6,9,18,4,1075,0,310,1.03173,2,1,0,0
2005,6,9,18,4,1075,75,27,1.03173,2,1,0,41.132845
2005,6,9,18,4,1075,150,10.5,1.03173,2,0,0,150
2005,6,9,19,4,1075,0,310,1.03173,2,1,0,0
2005,6,9,19,4,1075,75,27,1.03173,2,1,0,41.132845
2005,6,9,19,4,1075,150,10.5,1.03173,2,0,0,150
2005,6,9,20,4,1075,0,310,1.03173,2,1,0,0
2005,6,9,20,4,1075,75,27,1.03173,2,0,0,41.132845
2005,6,9,20,4,1075,150,10.5,1.03173,2,0,0,150
2005,6,9,21,4,1075,0,310,1.03173,2,1,0,0
2005,6,9,21,4,1075,75,27,1.03173,2,0,0,41.132845
2005,6,9,21,4,1075,150,10.5,1.03173,2,0,0,150
2005,6,9,22,4,1075,0,310,1.03173,2,1,0,0
2005,6,9,22,4,1075,75,27,1.03173,2,0,0,41.132845
2005,6,9,22,4,1075,150,10.5,1.03173,2,0,0,150
2005,6,9,23,4,1075,0,310,1.03173,2,1,0,0
2005,6,9,23,4,1075,75,27,1.03173,2,0,0,41.132845
2005,6,9,23,4,1075,150,10.5,1.03173,2,0,0,150
2005,6,9,24,4,1075,0,310,1.03173,2,1,0,0
2005,6,9,24,4,1075,75,27,1.03173,2,0,0,41.132845
2005,6,9,24,4,1075,150,10.5,1.03173,2,0,0,150
2005,6,9,1,9,191,0,2.2,0,2,1,0,0
2005,6,9,2,9,191,0,2.2,0,2,1,0,0
2005,6,9,3,9,191,0,2.2,0,2,1,0,0
2005,6,9,4,9,191,0,2.2,0,2,1,0,0
2005,6,9,5,9,191,0,2.2,0,2,1,0,0
2005,6,9,6,9,191,0,2.2,0,2,1,0,0
2005,6,9,7,9,191,0,2.2,0,2,1,0,0
2005,6,9,8,9,191,0,2.2,0,2,1,0,0
2005,6,9,9,9,191,0,2,0,2,1,0,0
2005,6,9,10,9,191,0,2,0,2,1,0,0
2005,6,9,11,9,191,0,2,0,2,1,0,0
2005,6,9,12,9,191,0,2,0,2,1,0,0
2005,6,9,13,9,191,0,2,0,2,1,0,0
2005,6,9,14,9,191,0,2,0,2,1,0,0
2005,6,9,15,9,191,0,2,0,2,1,0,0
2005,6,9,16,9,191,0,2,0,2,1,0,0
2005,6,9,17,9,191,0,2,0,2,1,0,0
2005,6,9,18,9,191,0,2,0,2,1,0,0
2005,6,9,19,9,191,0,2,0,2,1,0,0
2005,6,9,20,9,191,0,2,0,2,1,0,0
2005,6,9,21,9,191,0,2,0,2,1,0,0
2005,6,9,22,9,191,0,2,0,2,1,0,0
2005,6,9,23,9,191,0,2.2,0,2,1,0,0
2005,6,9,24,9,191,0,2.2,0,2,1,0,0
2005,6,9,1,9,192,53,253.5,0,1,1,0,53
2005,6,9,2,9,192,17,60.8,0,1,0,0,17
2005,6,9,2,9,192,19,60.8,0,1,0,0,19
2005,6,9,2,9,192,24,30.4,0,1,0,0,24
2005,6,9,2,9,192,52,71,0,1,1,0,52
2005,6,9,3,9,192,17,131.8,0,1,0,0,17
2005,6,9,3,9,192,19,60.8,0,1,0,0,19
2005,6,9,3,9,192,24,30.4,0,1,0,0,24
2005,6,9,4,9,192,17,223.1,0,1,0,0,17
2005,6,9,5,9,192,17,223.1,0,1,0,0,17
2005,6,9,6,9,192,17,223.1,0,1,0,0,17
2005,6,9,7,9,192,17,223.1,0,1,0,0,17
2005,6,9,8,9,192,17,243.4,0,1,0,0,17
2005,6,9,9,9,192,14,203.4,0,1,0,0,14
2005,6,9,9,9,192,16,40.7,0,1,0,0,16
2005,6,9,10,9,192,14,172.9,0,1,0,0,14
2005,6,9,10,9,192,16,61,0,1,0,0,16
2005,6,9,10,9,192,21,30.5,0,1,0,0,21
2005,6,9,10,9,192,49,10.2,0,1,0,0,49
2005,6,9,11,9,192,14,111.9,0,1,0,0,14
2005,6,9,11,9,192,16,61,0,1,0,0,16
2005,6,9,11,9,192,21,30.5,0,1,0,0,21
2005,6,9,11,9,192,49,101.7,0,1,0,0,49
2005,6,9,12,9,192,14,111.9,0,1,0,0,14
2005,6,9,12,9,192,16,61,0,1,0,0,16
2005,6,9,12,9,192,21,30.5,0,1,0,0,21
2005,6,9,12,9,192,49,101.7,0,1,0,0,49
2005,6,9,13,9,192,14,111.9,0,1,0,0,14
2005,6,9,13,9,192,16,61,0,1,0,0,16
2005,6,9,13,9,192,21,30.5,0,1,0,0,21
2005,6,9,13,9,192,49,101.7,0,1,0,0,49
2005,6,9,14,9,192,14,111.9,0,1,0,0,14
2005,6,9,14,9,192,16,61,0,1,0,0,16
2005,6,9,14,9,192,21,30.5,0,1,0,0,21
2005,6,9,14,9,192,49,101.7,0,1,0,0,49
2005,6,9,15,9,192,14,81.4,0,1,0,0,14
2005,6,9,15,9,192,16,61,0,1,0,0,16
2005,6,9,15,9,192,21,30.5,0,1,0,0,21
2005,6,9,15,9,192,49,101.7,0,1,0,0,49
2005,6,9,16,9,192,14,91.5,0,1,0,0,14
2005,6,9,16,9,192,16,61,0,1,0,0,16
2005,6,9,16,9,192,21,30.5,0,1,0,0,21
2005,6,9,16,9,192,49,91.5,0,1,0,0,49
2005,6,9,17,9,192,14,81.4,0,1,0,0,14
2005,6,9,17,9,192,16,61,0,1,0,0,16
2005,6,9,17,9,192,21,30.5,0,1,0,0,21
2005,6,9,17,9,192,49,101.7,0,1,0,0,49
2005,6,9,18,9,192,14,81.4,0,1,0,0,14
2005,6,9,18,9,192,16,61,0,1,0,0,16
2005,6,9,18,9,192,21,30.5,0,1,0,0,21
2005,6,9,18,9,192,49,101.7,0,1,0,0,49
2005,6,9,19,9,192,14,81.4,0,1,0,0,14
2005,6,9,19,9,192,16,61,0,1,0,0,16
2005,6,9,19,9,192,21,30.5,0,1,0,0,21
2005,6,9,19,9,192,49,101.7,0,1,0,0,49
2005,6,9,20,9,192,14,81.4,0,1,0,0,14
2005,6,9,20,9,192,16,61,0,1,0,0,16
2005,6,9,20,9,192,21,30.5,0,1,0,0,21
2005,6,9,20,9,192,49,101.7,0,1,0,0,49
2005,6,9,21,9,192,14,81.4,0,1,0,0,14
2005,6,9,21,9,192,16,61,0,1,0,0,16
2005,6,9,21,9,192,21,30.5,0,1,0,0,21
2005,6,9,21,9,192,49,101.7,0,1,0,0,49
2005,6,9,22,9,192,14,81.4,0,1,0,0,14
2005,6,9,22,9,192,16,61,0,1,0,0,16
2005,6,9,22,9,192,21,30.5,0,1,0,0,21
2005,6,9,22,9,192,49,101.7,0,1,0,0,49
2005,6,9,23,9,192,14,81.4,0,1,0,0,14
2005,6,9,23,9,192,16,61,0,1,0,0,16
2005,6,9,23,9,192,21,30.5,0,1,0,0,21
2005,6,9,23,9,192,41,101.7,0,1,0,0,41
2005,6,9,24,9,192,14,30.5,0,1,0,0,14
2005,6,9,24,9,192,16,61,0,1,0,0,16
2005,6,9,24,9,192,21,30.5,0,1,0,0,21
2005,6,9,24,9,192,41,101.7,0,1,0,0,41
2005,6,9,24,9,192,53,50.9,0,1,1,0,53
2005,6,9,1,9,193,180,1,0,2,0,0,180
2005,6,9,1,9,194,0,3.4,0,2,1,0,0
2005,6,9,2,9,194,0,3.4,0,2,1,0,0
2005,6,9,3,9,194,0,3.4,0,2,1,0,0
2005,6,9,4,9,194,0,3.4,0,2,1,0,0
2005,6,9,5,9,194,0,3.4,0,2,1,0,0
2005,6,9,6,9,194,0,3.4,0,2,1,0,0
2005,6,9,7,9,194,0,3.4,0,2,1,0,0
2005,6,9,8,9,194,0,3.4,0,2,1,0,0
2005,6,9,9,9,194,0,3.2,0,2,1,0,0
2005,6,9,10,9,194,0,3.2,0,2,1,0,0
2005,6,9,11,9,194,0,3.2,0,2,1,0,0
2005,6,9,12,9,194,0,3.2,0,2,1,0,0
2005,6,9,13,9,194,0,3,0,2,1,0,0
2005,6,9,14,9,194,0,3,0,2,1,0,0
2005,6,9,15,9,194,0,3,0,2,1,0,0
2005,6,9,16,9,194,0,3,0,2,1,0,0
2005,6,9,17,9,194,0,3,0,2,1,0,0
2005,6,9,18,9,194,0,3,0,2,1,0,0
2005,6,9,19,9,194,0,3,0,2,1,0,0
2005,6,9,20,9,194,0,3,0,2,1,0,0
2005,6,9,21,9,194,0,3,0,2,1,0,0
2005,6,9,22,9,194,0,3.2,0,2,1,0,0
2005,6,9,23,9,194,0,3.4,0,2,1,0,0
2005,6,9,24,9,194,0,3.4,0,2,1,0,0
2005,6,9,1,4,1076,1,250,.34893,2,1,0,1
2005,6,9,1,4,1076,33,50,.34893,2,1,0,41.494721
2005,6,9,1,4,1076,35,60,.34893,2,1,0,41.494721
2005,6,9,1,4,1076,149,26.7,.34893,2,0,0,149
2005,6,9,1,4,1076,150,7.4,.34893,2,0,0,150
2005,6,9,2,4,1076,1,214,.34893,2,1,0,1
2005,6,9,2,4,1076,32,36,.34893,2,1,0,41.494721
2005,6,9,2,4,1076,33,50,.34893,2,1,0,41.494721
2005,6,9,2,4,1076,35,60,.34893,2,1,0,41.494721
2005,6,9,2,4,1076,149,26.7,.34893,2,0,0,149
2005,6,9,2,4,1076,150,7.4,.34893,2,0,0,150
2005,6,9,3,4,1076,1,213,.34893,2,1,0,1
2005,6,9,3,4,1076,32,37,.34893,2,1,0,41.494721
2005,6,9,3,4,1076,33,50,.34893,2,1,0,41.494721
2005,6,9,3,4,1076,35,60,.34893,2,1,0,41.494721
2005,6,9,3,4,1076,149,26.7,.34893,2,0,0,149
2005,6,9,3,4,1076,150,7.4,.34893,2,0,0,150
2005,6,9,4,4,1076,1,213,.34893,2,1,0,1
2005,6,9,4,4,1076,32,37,.34893,2,1,0,41.494721
2005,6,9,4,4,1076,33,50,.34893,2,1,0,41.494721
2005,6,9,4,4,1076,35,60,.34893,2,1,0,41.494721
2005,6,9,4,4,1076,149,26.7,.34893,2,0,0,149
2005,6,9,4,4,1076,150,7.4,.34893,2,0,0,150
2005,6,9,5,4,1076,1,213,.34893,2,1,0,1
2005,6,9,5,4,1076,32,37,.34893,2,1,0,41.494721
2005,6,9,5,4,1076,33,50,.34893,2,1,0,41.494721
2005,6,9,5,4,1076,35,60,.34893,2,1,0,41.494721
2005,6,9,5,4,1076,149,26.7,.34893,2,0,0,149
2005,6,9,5,4,1076,150,7.4,.34893,2,0,0,150
2005,6,9,6,4,1076,1,213,.34893,2,1,0,1
2005,6,9,6,4,1076,32,37,.34893,2,1,0,41.494721
2005,6,9,6,4,1076,33,50,.34893,2,1,0,41.494721
2005,6,9,6,4,1076,35,60,.34893,2,1,0,41.494721
2005,6,9,6,4,1076,149,26.7,.34893,2,0,0,149
2005,6,9,6,4,1076,150,7.4,.34893,2,0,0,150
2005,6,9,7,4,1076,1,213,.34893,2,1,0,1
2005,6,9,7,4,1076,32,37,.34893,2,1,0,41.494721
2005,6,9,7,4,1076,33,50,.34893,2,1,0,41.494721
2005,6,9,7,4,1076,35,60,.34893,2,1,0,41.494721
2005,6,9,7,4,1076,149,26.7,.34893,2,0,0,149
2005,6,9,7,4,1076,150,7.4,.34893,2,0,0,150
2005,6,9,8,4,1076,1,213,.34893,2,1,0,1
2005,6,9,8,4,1076,32,37,.34893,2,1,0,41.494721
2005,6,9,8,4,1076,33,50,.34893,2,1,0,41.494721
2005,6,9,8,4,1076,35,60,.34893,2,1,0,41.494721
2005,6,9,8,4,1076,149,26.7,.34893,2,0,0,149
2005,6,9,8,4,1076,150,7.4,.34893,2,0,0,150
2005,6,9,9,4,1076,1,213,.34893,2,1,0,1
2005,6,9,9,4,1076,32,37,.34893,2,1,0,41.494721
2005,6,9,9,4,1076,33,50,.34893,2,1,0,41.494721
2005,6,9,9,4,1076,35,60,.34893,2,1,0,41.494721
2005,6,9,9,4,1076,149,26.7,.34893,2,0,0,149
2005,6,9,9,4,1076,150,7.4,.34893,2,0,0,150
2005,6,9,10,4,1076,1,213,.34893,2,1,0,1
2005,6,9,10,4,1076,32,37,.34893,2,1,0,41.494721
2005,6,9,10,4,1076,33,50,.34893,2,1,0,41.494721
2005,6,9,10,4,1076,35,60,.34893,2,1,0,41.494721
2005,6,9,10,4,1076,149,26.7,.34893,2,0,0,149
2005,6,9,10,4,1076,150,7.4,.34893,2,0,0,150
2005,6,9,11,4,1076,1,213,.34893,2,1,0,1
2005,6,9,11,4,1076,32,37,.34893,2,1,0,41.494721
2005,6,9,11,4,1076,33,50,.34893,2,1,0,41.494721
2005,6,9,11,4,1076,35,60,.34893,2,1,0,41.494721
2005,6,9,11,4,1076,149,26.7,.34893,2,0,0,149
2005,6,9,11,4,1076,150,7.4,.34893,2,0,0,150
2005,6,9,12,4,1076,1,213,.34893,2,1,0,1
2005,6,9,12,4,1076,32,37,.34893,2,1,0,41.494721
2005,6,9,12,4,1076,33,50,.34893,2,1,0,41.494721
2005,6,9,12,4,1076,35,60,.34893,2,1,0,41.494721
2005,6,9,12,4,1076,149,26.7,.34893,2,0,0,149
2005,6,9,12,4,1076,150,7.4,.34893,2,0,0,150
2005,6,9,13,4,1076,1,213,.34893,2,1,0,1
2005,6,9,13,4,1076,32,37,.34893,2,1,0,41.494721
2005,6,9,13,4,1076,33,50,.34893,2,1,0,41.494721
2005,6,9,13,4,1076,35,60,.34893,2,1,0,41.494721
2005,6,9,13,4,1076,149,26.7,.34893,2,0,0,149
2005,6,9,13,4,1076,150,7.4,.34893,2,0,0,150
2005,6,9,14,4,1076,1,213,.34893,2,1,0,1
2005,6,9,14,4,1076,32,37,.34893,2,1,0,41.494721
2005,6,9,14,4,1076,33,50,.34893,2,1,0,41.494721
2005,6,9,14,4,1076,35,60,.34893,2,1,0,41.494721
2005,6,9,14,4,1076,149,26.7,.34893,2,0,0,149
2005,6,9,14,4,1076,150,7.4,.34893,2,0,0,150
2005,6,9,15,4,1076,1,213,.34893,2,1,0,1
2005,6,9,15,4,1076,32,37,.34893,2,1,0,41.494721
2005,6,9,15,4,1076,33,50,.34893,2,1,0,41.494721
2005,6,9,15,4,1076,35,60,.34893,2,1,0,41.494721
2005,6,9,15,4,1076,149,26.7,.34893,2,0,0,149
2005,6,9,15,4,1076,150,7.4,.34893,2,0,0,150
2005,6,9,16,4,1076,1,213,.34893,2,1,0,1
2005,6,9,16,4,1076,32,37,.34893,2,1,0,41.494721
2005,6,9,16,4,1076,33,50,.34893,2,1,0,41.494721
2005,6,9,16,4,1076,35,60,.34893,2,1,0,41.494721
2005,6,9,16,4,1076,149,26.7,.34893,2,0,0,149
2005,6,9,16,4,1076,150,7.4,.34893,2,0,0,150
2005,6,9,17,4,1076,1,213,.34893,2,1,0,1
2005,6,9,17,4,1076,32,37,.34893,2,1,0,41.494721
2005,6,9,17,4,1076,33,50,.34893,2,1,0,41.494721
2005,6,9,17,4,1076,35,60,.34893,2,1,0,41.494721
2005,6,9,17,4,1076,149,26.7,.34893,2,0,0,149
2005,6,9,17,4,1076,150,7.4,.34893,2,0,0,150
2005,6,9,18,4,1076,1,213,.34893,2,1,0,1
2005,6,9,18,4,1076,32,37,.34893,2,1,0,41.494721
2005,6,9,18,4,1076,33,50,.34893,2,1,0,41.494721
2005,6,9,18,4,1076,35,60,.34893,2,1,0,41.494721
2005,6,9,18,4,1076,149,26.7,.34893,2,0,0,149
2005,6,9,18,4,1076,150,7.4,.34893,2,0,0,150
2005,6,9,19,4,1076,1,213,.34893,2,1,0,1
2005,6,9,19,4,1076,32,37,.34893,2,1,0,41.494721
2005,6,9,19,4,1076,33,50,.34893,2,1,0,41.494721
2005,6,9,19,4,1076,35,60,.34893,2,1,0,41.494721
2005,6,9,19,4,1076,149,26.7,.34893,2,0,0,149
2005,6,9,19,4,1076,150,7.4,.34893,2,0,0,150
2005,6,9,20,4,1076,1,213,.34893,2,1,0,1
2005,6,9,20,4,1076,32,37,.34893,2,1,0,41.494721
2005,6,9,20,4,1076,33,50,.34893,2,1,0,41.494721
2005,6,9,20,4,1076,35,60,.34893,2,1,0,41.494721
2005,6,9,20,4,1076,149,26.7,.34893,2,0,0,149
2005,6,9,20,4,1076,150,7.4,.34893,2,0,0,150
2005,6,9,21,4,1076,1,213,.34893,2,1,0,1
2005,6,9,21,4,1076,32,37,.34893,2,1,0,41.494721
2005,6,9,21,4,1076,33,50,.34893,2,1,0,41.494721
2005,6,9,21,4,1076,35,60,.34893,2,1,0,41.494721
2005,6,9,21,4,1076,149,26.7,.34893,2,0,0,149
2005,6,9,21,4,1076,150,7.4,.34893,2,0,0,150
2005,6,9,22,4,1076,1,213,.34893,2,1,0,1
2005,6,9,22,4,1076,32,37,.34893,2,1,0,41.494721
2005,6,9,22,4,1076,33,50,.34893,2,1,0,41.494721
2005,6,9,22,4,1076,35,60,.34893,2,1,0,41.494721
2005,6,9,22,4,1076,149,26.7,.34893,2,0,0,149
2005,6,9,22,4,1076,150,7.4,.34893,2,0,0,150
2005,6,9,23,4,1076,1,213,.34893,2,1,0,1
2005,6,9,23,4,1076,32,37,.34893,2,1,0,41.494721
2005,6,9,23,4,1076,33,50,.34893,2,1,0,41.494721
2005,6,9,23,4,1076,35,60,.34893,2,1,0,41.494721
2005,6,9,23,4,1076,149,26.7,.34893,2,0,0,149
2005,6,9,23,4,1076,150,7.4,.34893,2,0,0,150
2005,6,9,24,4,1076,1,213,.34893,2,1,0,1
2005,6,9,24,4,1076,32,37,.34893,2,1,0,41.494721
2005,6,9,24,4,1076,33,50,.34893,2,1,0,41.494721
2005,6,9,24,4,1076,35,60,.34893,2,1,0,41.494721
2005,6,9,24,4,1076,149,26.7,.34893,2,0,0,149
2005,6,9,24,4,1076,150,7.4,.34893,2,0,0,150
2005,6,9,1,4,1077,0,250,.34893,2,1,0,0
2005,6,9,1,4,1077,33.01,50,.34893,2,1,0,41.494721
2005,6,9,1,4,1077,35.01,60,.34893,2,1,0,41.494721
2005,6,9,1,4,1077,149,26.5,.34893,2,0,0,149
2005,6,9,2,4,1077,0,214,.34893,2,1,0,0
2005,6,9,2,4,1077,32.01,36,.34893,2,1,0,41.494721
2005,6,9,2,4,1077,33.01,50,.34893,2,1,0,41.494721
2005,6,9,2,4,1077,35.01,60,.34893,2,1,0,41.494721
2005,6,9,2,4,1077,149,26.5,.34893,2,0,0,149
2005,6,9,3,4,1077,1,213,.34893,2,1,0,1
2005,6,9,3,4,1077,32.01,37,.34893,2,1,0,41.494721
2005,6,9,3,4,1077,33.01,50,.34893,2,1,0,41.494721
2005,6,9,3,4,1077,35.01,60,.34893,2,1,0,41.494721
2005,6,9,3,4,1077,149,26.5,.34893,2,0,0,149
2005,6,9,4,4,1077,1,213,.34893,2,1,0,1
2005,6,9,4,4,1077,32.01,37,.34893,2,1,0,41.494721
2005,6,9,4,4,1077,33.01,50,.34893,2,1,0,41.494721
2005,6,9,4,4,1077,35.01,60,.34893,2,1,0,41.494721
2005,6,9,4,4,1077,149,26.5,.34893,2,0,0,149
2005,6,9,5,4,1077,1,213,.34893,2,1,0,1
2005,6,9,5,4,1077,32.01,37,.34893,2,1,0,41.494721
2005,6,9,5,4,1077,33.01,50,.34893,2,1,0,41.494721
2005,6,9,5,4,1077,35.01,60,.34893,2,1,0,41.494721
2005,6,9,5,4,1077,149,26.5,.34893,2,0,0,149
2005,6,9,6,4,1077,1,213,.34893,2,1,0,1
2005,6,9,6,4,1077,32.01,37,.34893,2,1,0,41.494721
2005,6,9,6,4,1077,33.01,50,.34893,2,1,0,41.494721
2005,6,9,6,4,1077,35.01,60,.34893,2,1,0,41.494721
2005,6,9,6,4,1077,149,26.5,.34893,2,0,0,149
2005,6,9,7,4,1077,1,213,.34893,2,1,0,1
2005,6,9,7,4,1077,32.01,37,.34893,2,1,0,41.494721
2005,6,9,7,4,1077,33.01,50,.34893,2,1,0,41.494721
2005,6,9,7,4,1077,35.01,60,.34893,2,1,0,41.494721
2005,6,9,7,4,1077,149,26.5,.34893,2,0,0,149
2005,6,9,8,4,1077,1,213,.34893,2,1,0,1
2005,6,9,8,4,1077,32.01,37,.34893,2,1,0,41.494721
2005,6,9,8,4,1077,33.01,50,.34893,2,1,0,41.494721
2005,6,9,8,4,1077,35.01,60,.34893,2,1,0,41.494721
2005,6,9,8,4,1077,149,26.5,.34893,2,0,0,149
2005,6,9,9,4,1077,1,213,.34893,2,1,0,1
2005,6,9,9,4,1077,32.01,37,.34893,2,1,0,41.494721
2005,6,9,9,4,1077,33.01,50,.34893,2,1,0,41.494721
2005,6,9,9,4,1077,35.01,60,.34893,2,1,0,41.494721
2005,6,9,9,4,1077,149,26.5,.34893,2,0,0,149
2005,6,9,10,4,1077,1,213,.34893,2,1,0,1
2005,6,9,10,4,1077,32.01,37,.34893,2,1,0,41.494721
2005,6,9,10,4,1077,33.01,50,.34893,2,1,0,41.494721
2005,6,9,10,4,1077,35.01,60,.34893,2,1,0,41.494721
2005,6,9,10,4,1077,149,26.5,.34893,2,0,0,149
2005,6,9,11,4,1077,1,213,.34893,2,1,0,1
2005,6,9,11,4,1077,32.01,37,.34893,2,1,0,41.494721
2005,6,9,11,4,1077,33.01,50,.34893,2,1,0,41.494721
2005,6,9,11,4,1077,35.01,60,.34893,2,1,0,41.494721
2005,6,9,11,4,1077,149,26.5,.34893,2,0,0,149
2005,6,9,12,4,1077,1,213,.34893,2,1,0,1
2005,6,9,12,4,1077,32.01,37,.34893,2,1,0,41.494721
2005,6,9,12,4,1077,33.01,50,.34893,2,1,0,41.494721
2005,6,9,12,4,1077,35.01,60,.34893,2,1,0,41.494721
2005,6,9,12,4,1077,149,26.5,.34893,2,0,0,149
2005,6,9,13,4,1077,1,213,.34893,2,1,0,1
2005,6,9,13,4,1077,32.01,37,.34893,2,1,0,41.494721
2005,6,9,13,4,1077,33.01,50,.34893,2,1,0,41.494721
2005,6,9,13,4,1077,35.01,60,.34893,2,1,0,41.494721
2005,6,9,13,4,1077,149,26.5,.34893,2,0,0,149
2005,6,9,14,4,1077,1,213,.34893,2,1,0,1
2005,6,9,14,4,1077,32.01,37,.34893,2,1,0,41.494721
2005,6,9,14,4,1077,33.01,50,.34893,2,1,0,41.494721
2005,6,9,14,4,1077,35.01,60,.34893,2,1,0,41.494721
2005,6,9,14,4,1077,149,26.5,.34893,2,0,0,149
2005,6,9,15,4,1077,1,213,.34893,2,1,0,1
2005,6,9,15,4,1077,32.01,37,.34893,2,1,0,41.494721
2005,6,9,15,4,1077,33.01,50,.34893,2,1,0,41.494721
2005,6,9,15,4,1077,35.01,60,.34893,2,1,0,41.494721
2005,6,9,15,4,1077,149,26.5,.34893,2,0,0,149
2005,6,9,16,4,1077,1,213,.34893,2,1,0,1
2005,6,9,16,4,1077,32.01,37,.34893,2,1,0,41.494721
2005,6,9,16,4,1077,33.01,50,.34893,2,1,0,41.494721
2005,6,9,16,4,1077,35.01,60,.34893,2,1,0,41.494721
2005,6,9,16,4,1077,149,26.5,.34893,2,0,0,149
2005,6,9,17,4,1077,1,213,.34893,2,1,0,1
2005,6,9,17,4,1077,32.01,37,.34893,2,1,0,41.494721
2005,6,9,17,4,1077,33.01,50,.34893,2,1,0,41.494721
2005,6,9,17,4,1077,35.01,60,.34893,2,1,0,41.494721
2005,6,9,17,4,1077,149,26.5,.34893,2,0,0,149
2005,6,9,18,4,1077,1,213,.34893,2,1,0,1
2005,6,9,18,4,1077,32.01,37,.34893,2,1,0,41.494721
2005,6,9,18,4,1077,33.01,50,.34893,2,1,0,41.494721
2005,6,9,18,4,1077,35.01,60,.34893,2,1,0,41.494721
2005,6,9,18,4,1077,149,26.5,.34893,2,0,0,149
2005,6,9,19,4,1077,1,213,.34893,2,1,0,1
2005,6,9,19,4,1077,32.01,37,.34893,2,1,0,41.494721
2005,6,9,19,4,1077,33.01,50,.34893,2,1,0,41.494721
2005,6,9,19,4,1077,35.01,60,.34893,2,1,0,41.494721
2005,6,9,19,4,1077,149,26.5,.34893,2,0,0,149
2005,6,9,20,4,1077,1,213,.34893,2,1,0,1
2005,6,9,20,4,1077,32.01,37,.34893,2,1,0,41.494721
2005,6,9,20,4,1077,33.01,50,.34893,2,1,0,41.494721
2005,6,9,20,4,1077,35.01,60,.34893,2,1,0,41.494721
2005,6,9,20,4,1077,149,26.5,.34893,2,0,0,149
2005,6,9,21,4,1077,1,213,.34893,2,1,0,1
2005,6,9,21,4,1077,32.01,37,.34893,2,1,0,41.494721
2005,6,9,21,4,1077,33.01,50,.34893,2,1,0,41.494721
2005,6,9,21,4,1077,35.01,60,.34893,2,1,0,41.494721
2005,6,9,21,4,1077,149,26.5,.34893,2,0,0,149
2005,6,9,22,4,1077,1,213,.34893,2,1,0,1
2005,6,9,22,4,1077,32.01,37,.34893,2,1,0,41.494721
2005,6,9,22,4,1077,33.01,50,.34893,2,1,0,41.494721
2005,6,9,22,4,1077,35.01,60,.34893,2,1,0,41.494721
2005,6,9,22,4,1077,149,26.5,.34893,2,0,0,149
2005,6,9,23,4,1077,1,213,.34893,2,1,0,1
2005,6,9,23,4,1077,32.01,37,.34893,2,1,0,41.494721
2005,6,9,23,4,1077,33.01,50,.34893,2,1,0,41.494721
2005,6,9,23,4,1077,35.01,60,.34893,2,1,0,41.494721
2005,6,9,23,4,1077,149,26.5,.34893,2,0,0,149
2005,6,9,24,4,1077,1,213,.34893,2,1,0,1
2005,6,9,24,4,1077,32.01,37,.34893,2,1,0,41.494721
2005,6,9,24,4,1077,33.01,50,.34893,2,1,0,41.494721
2005,6,9,24,4,1077,35.01,60,.34893,2,1,0,41.494721
2005,6,9,24,4,1077,149,26.5,.34893,2,0,0,149
2005,6,9,1,4,1078,149,386.5,.34893,2,0,0,149
2005,6,9,2,4,1078,149,386.5,.34893,2,0,0,149
2005,6,9,3,4,1078,149,386.5,.34893,2,0,0,149
2005,6,9,4,4,1078,149,386.5,.34893,2,0,0,149
2005,6,9,5,4,1078,149,386.5,.34893,2,0,0,149
2005,6,9,6,4,1078,149,386.5,.34893,2,0,0,149
2005,6,9,7,4,1078,149,386.5,.34893,2,0,0,149
2005,6,9,8,4,1078,149,386.5,.34893,2,0,0,149
2005,6,9,9,4,1078,149,386.5,.34893,2,0,0,149
2005,6,9,10,4,1078,149,386.5,.34893,2,0,0,149
2005,6,9,11,4,1078,149,386.5,.34893,2,0,0,149
2005,6,9,12,4,1078,149,386.5,.34893,2,0,0,149
2005,6,9,13,4,1078,149,386.5,.34893,2,0,0,149
2005,6,9,14,4,1078,149,386.5,.34893,2,0,0,149
2005,6,9,15,4,1078,149,386.5,.34893,2,0,0,149
2005,6,9,16,4,1078,149,386.5,.34893,2,0,0,149
2005,6,9,17,4,1078,149,386.5,.34893,2,0,0,149
2005,6,9,18,4,1078,149,386.5,.34893,2,0,0,149
2005,6,9,19,4,1078,149,386.5,.34893,2,0,0,149
2005,6,9,20,4,1078,149,386.5,.34893,2,0,0,149
2005,6,9,21,4,1078,149,386.5,.34893,2,0,0,149
2005,6,9,22,4,1078,149,386.5,.34893,2,0,0,149
2005,6,9,23,4,1078,149,386.5,.34893,2,0,0,149
2005,6,9,24,4,1078,149,386.5,.34893,2,0,0,149
2005,6,9,1,9,198,0,6.3,0,2,1,0,0
2005,6,9,2,9,198,0,.1,0,2,1,0,0
2005,6,9,3,9,198,0,7.2,0,2,1,0,0
2005,6,9,4,9,198,0,5.6,0,2,1,0,0
2005,6,9,5,9,198,0,5.1,0,2,1,0,0
2005,6,9,6,9,198,0,1.4,0,2,1,0,0
2005,6,9,7,9,198,0,1.3,0,2,1,0,0
2005,6,9,8,9,198,0,1.3,0,2,1,0,0
2005,6,9,9,9,198,0,1.3,0,2,1,0,0
2005,6,9,10,9,198,0,1.2,0,2,1,0,0
2005,6,9,11,9,198,0,1.1,0,2,1,0,0
2005,6,9,12,9,198,0,1,0,2,1,0,0
2005,6,9,13,9,198,0,1,0,2,1,0,0
2005,6,9,14,9,198,0,.6,0,2,1,0,0
2005,6,9,15,9,198,0,.5,0,2,1,0,0
2005,6,9,16,9,198,0,.5,0,2,1,0,0
2005,6,9,17,9,198,0,.1,0,2,1,0,0
2005,6,9,18,9,198,0,.1,0,2,1,0,0
2005,6,9,19,9,198,0,3,0,2,1,0,0
2005,6,9,20,9,198,0,6.3,0,2,1,0,0
2005,6,9,21,9,198,0,6.8,0,2,1,0,0
2005,6,9,22,9,198,0,7.2,0,2,1,0,0
2005,6,9,23,9,198,0,8.2,0,2,1,0,0
2005,6,9,24,9,198,0,8.8,0,2,1,0,0
2005,6,9,1,1,1079,0,100,.964599,2,1,0,0
2005,6,9,1,1,1079,41.99,44,.964599,2,1,0,40.131631
2005,6,9,1,1,1079,42.34,30,.964599,2,1,0,40.131631
2005,6,9,1,1,1079,42.69,34.3,.964599,2,1,0,40.131631
2005,6,9,2,1,1079,0,100,.964599,2,1,0,0
2005,6,9,2,1,1079,41.99,44,.964599,2,0,0,40.131631
2005,6,9,2,1,1079,42.34,30,.964599,2,0,0,40.131631
2005,6,9,2,1,1079,42.69,34.3,.964599,2,0,0,40.131631
2005,6,9,3,1,1079,0,100,.964599,2,1,0,0
2005,6,9,3,1,1079,41.99,44,.964599,2,0,0,40.131631
2005,6,9,3,1,1079,42.34,30,.964599,2,0,0,40.131631
2005,6,9,3,1,1079,42.69,34.3,.964599,2,0,0,40.131631
2005,6,9,4,1,1079,0,100,.964599,2,1,0,0
2005,6,9,4,1,1079,41.99,44,.964599,2,0,0,40.131631
2005,6,9,4,1,1079,42.34,30,.964599,2,0,0,40.131631
2005,6,9,4,1,1079,42.69,34.3,.964599,2,0,0,40.131631
2005,6,9,5,1,1079,0,100,.964599,2,1,0,0
2005,6,9,5,1,1079,41.99,44,.964599,2,0,0,40.131631
2005,6,9,5,1,1079,42.34,30,.964599,2,0,0,40.131631
2005,6,9,5,1,1079,42.69,34.3,.964599,2,0,0,40.131631
2005,6,9,6,1,1079,0,100,.964599,2,1,0,0
2005,6,9,6,1,1079,41.99,44,.964599,2,0,0,40.131631
2005,6,9,6,1,1079,42.34,30,.964599,2,0,0,40.131631
2005,6,9,6,1,1079,42.69,34.3,.964599,2,0,0,40.131631
2005,6,9,7,1,1079,0,100,.964599,2,1,0,0
2005,6,9,7,1,1079,41.99,44,.964599,2,0,0,40.131631
2005,6,9,7,1,1079,42.34,30,.964599,2,0,0,40.131631
2005,6,9,7,1,1079,42.69,34.3,.964599,2,0,0,40.131631
2005,6,9,8,1,1079,0,100,.964599,2,1,0,0
2005,6,9,8,1,1079,41.99,44,.964599,2,1,0,40.131631
2005,6,9,8,1,1079,42.34,30,.964599,2,1,0,40.131631
2005,6,9,8,1,1079,42.69,34.3,.964599,2,1,0,40.131631
2005,6,9,9,1,1079,0,100,.964599,2,1,0,0
2005,6,9,9,1,1079,41.99,44,.964599,2,1,0,40.131631
2005,6,9,9,1,1079,42.34,30,.964599,2,1,0,40.131631
2005,6,9,9,1,1079,42.69,34.3,.964599,2,1,0,40.131631
2005,6,9,10,1,1079,0,100,.964599,2,1,0,0
2005,6,9,10,1,1079,41.99,44,.964599,2,1,0,40.131631
2005,6,9,10,1,1079,42.34,30,.964599,2,1,0,40.131631
2005,6,9,10,1,1079,42.69,34.3,.964599,2,1,0,40.131631
2005,6,9,11,1,1079,0,100,.964599,2,1,0,0
2005,6,9,11,1,1079,41.99,44,.964599,2,1,0,40.131631
2005,6,9,11,1,1079,42.34,30,.964599,2,1,0,40.131631
2005,6,9,11,1,1079,42.69,34.3,.964599,2,1,0,40.131631
2005,6,9,12,1,1079,0,100,.964599,2,1,0,0
2005,6,9,12,1,1079,41.99,44,.964599,2,1,0,40.131631
2005,6,9,12,1,1079,42.34,30,.964599,2,1,0,40.131631
2005,6,9,12,1,1079,42.69,34.3,.964599,2,1,0,40.131631
2005,6,9,13,1,1079,0,100,.964599,2,1,0,0
2005,6,9,13,1,1079,41.99,44,.964599,2,1,0,40.131631
2005,6,9,13,1,1079,42.34,30,.964599,2,1,0,40.131631
2005,6,9,13,1,1079,42.69,34.3,.964599,2,1,0,40.131631
2005,6,9,14,1,1079,0,100,.964599,2,1,0,0
2005,6,9,14,1,1079,41.99,44,.964599,2,1,0,40.131631
2005,6,9,14,1,1079,42.34,30,.964599,2,1,0,40.131631
2005,6,9,14,1,1079,42.69,34.3,.964599,2,1,0,40.131631
2005,6,9,15,1,1079,0,100,.964599,2,1,0,0
2005,6,9,15,1,1079,41.99,44,.964599,2,1,0,40.131631
2005,6,9,15,1,1079,42.34,30,.964599,2,1,0,40.131631
2005,6,9,15,1,1079,42.69,34.3,.964599,2,1,0,40.131631
2005,6,9,16,1,1079,0,100,.964599,2,1,0,0
2005,6,9,16,1,1079,41.99,44,.964599,2,1,0,40.131631
2005,6,9,16,1,1079,42.34,30,.964599,2,1,0,40.131631
2005,6,9,16,1,1079,42.69,34.3,.964599,2,1,0,40.131631
2005,6,9,17,1,1079,0,100,.964599,2,1,0,0
2005,6,9,17,1,1079,41.99,44,.964599,2,1,0,40.131631
2005,6,9,17,1,1079,42.34,30,.964599,2,1,0,40.131631
2005,6,9,17,1,1079,42.69,34.3,.964599,2,1,0,40.131631
2005,6,9,18,1,1079,0,100,.964599,2,1,0,0
2005,6,9,18,1,1079,41.99,44,.964599,2,1,0,40.131631
2005,6,9,18,1,1079,42.34,30,.964599,2,1,0,40.131631
2005,6,9,18,1,1079,42.69,34.3,.964599,2,1,0,40.131631
2005,6,9,19,1,1079,0,100,.964599,2,1,0,0
2005,6,9,19,1,1079,41.99,44,.964599,2,1,0,40.131631
2005,6,9,19,1,1079,42.34,30,.964599,2,1,0,40.131631
2005,6,9,19,1,1079,42.69,34.3,.964599,2,1,0,40.131631
2005,6,9,20,1,1079,0,100,.964599,2,1,0,0
2005,6,9,20,1,1079,41.99,44,.964599,2,1,0,40.131631
2005,6,9,20,1,1079,42.34,30,.964599,2,1,0,40.131631
2005,6,9,20,1,1079,42.69,34.3,.964599,2,1,0,40.131631
2005,6,9,21,1,1079,0,100,.964599,2,1,0,0
2005,6,9,21,1,1079,41.99,44,.964599,2,1,0,40.131631
2005,6,9,21,1,1079,42.34,30,.964599,2,1,0,40.131631
2005,6,9,21,1,1079,42.69,34.3,.964599,2,1,0,40.131631
2005,6,9,22,1,1079,0,100,.964599,2,1,0,0
2005,6,9,22,1,1079,41.99,44,.964599,2,1,0,40.131631
2005,6,9,22,1,1079,42.34,30,.964599,2,1,0,40.131631
2005,6,9,22,1,1079,42.69,34.3,.964599,2,1,0,40.131631
2005,6,9,23,1,1079,0,100,.964599,2,1,0,0
2005,6,9,23,1,1079,41.99,44,.964599,2,1,0,40.131631
2005,6,9,23,1,1079,42.34,30,.964599,2,1,0,40.131631
2005,6,9,23,1,1079,42.69,34.3,.964599,2,1,0,40.131631
2005,6,9,24,1,1079,0,100,.964599,2,1,0,0
2005,6,9,24,1,1079,41.99,44,.964599,2,1,0,40.131631
2005,6,9,24,1,1079,42.34,10.5,.964599,2,1,0,40.131631
2005,6,9,24,1,1079,42.69,34.3,.964599,2,0,0,40.131631
2005,6,9,1,9,200,0,19.3,0,2,1,0,0
2005,6,9,2,9,200,0,19.2,0,2,1,0,0
2005,6,9,3,9,200,0,18.3,0,2,1,0,0
2005,6,9,4,9,200,0,18.1,0,2,1,0,0
2005,6,9,5,9,200,0,17.6,0,2,1,0,0
2005,6,9,6,9,200,0,17.3,0,2,1,0,0
2005,6,9,7,9,200,0,17.7,0,2,1,0,0
2005,6,9,8,9,200,0,17.7,0,2,1,0,0
2005,6,9,9,9,200,0,14.8,0,2,1,0,0
2005,6,9,10,9,200,0,13.3,0,2,1,0,0
2005,6,9,11,9,200,0,15.4,0,2,1,0,0
2005,6,9,12,9,200,0,14.3,0,2,1,0,0
2005,6,9,13,9,200,0,14,0,2,1,0,0
2005,6,9,14,9,200,0,13.8,0,2,1,0,0
2005,6,9,15,9,200,0,13.9,0,2,1,0,0
2005,6,9,16,9,200,0,13.5,0,2,1,0,0
2005,6,9,17,9,200,0,13.6,0,2,1,0,0
2005,6,9,18,9,200,0,14.4,0,2,1,0,0
2005,6,9,19,9,200,0,14.5,0,2,1,0,0
2005,6,9,20,9,200,0,14.6,0,2,1,0,0
2005,6,9,21,9,200,0,14.7,0,2,1,0,0
2005,6,9,22,9,200,0,15.3,0,2,1,0,0
2005,6,9,23,9,200,0,15.9,0,2,1,0,0
2005,6,9,24,9,200,0,16.3,0,2,1,0,0
2005,6,9,1,9,201,0,18,0,2,1,0,0
2005,6,9,1,9,201,180.3,1.4,0,2,0,0,180.3
2005,6,9,2,9,201,0,18,0,2,1,0,0
2005,6,9,2,9,201,180.3,1.4,0,2,0,0,180.3
2005,6,9,3,9,201,0,18,0,2,1,0,0
2005,6,9,3,9,201,180.3,1.4,0,2,0,0,180.3
2005,6,9,4,9,201,0,18,0,2,1,0,0
2005,6,9,4,9,201,180.3,1.4,0,2,0,0,180.3
2005,6,9,5,9,201,0,18,0,2,1,0,0
2005,6,9,5,9,201,180.3,1.4,0,2,0,0,180.3
2005,6,9,6,9,201,0,18,0,2,1,0,0
2005,6,9,6,9,201,180.3,1.4,0,2,0,0,180.3
2005,6,9,7,9,201,0,18,0,2,1,0,0
2005,6,9,7,9,201,180.3,1.4,0,2,0,0,180.3
2005,6,9,8,9,201,0,18,0,2,1,0,0
2005,6,9,8,9,201,180.3,1.4,0,2,0,0,180.3
2005,6,9,9,9,201,0,17,0,2,1,0,0
2005,6,9,9,9,201,180.3,2.4,0,2,0,0,180.3
2005,6,9,10,9,201,0,17,0,2,1,0,0
2005,6,9,10,9,201,180.3,2.4,0,2,0,0,180.3
2005,6,9,11,9,201,0,17,0,2,1,0,0
2005,6,9,11,9,201,180.3,2.4,0,2,0,0,180.3
2005,6,9,12,9,201,0,17,0,2,1,0,0
2005,6,9,12,9,201,180.3,2.4,0,2,0,0,180.3
2005,6,9,13,9,201,0,17,0,2,1,0,0
2005,6,9,13,9,201,180.3,2.4,0,2,0,0,180.3
2005,6,9,14,9,201,0,17,0,2,1,0,0
2005,6,9,14,9,201,180.3,2.4,0,2,0,0,180.3
2005,6,9,15,9,201,0,17,0,2,1,0,0
2005,6,9,15,9,201,180.3,2.4,0,2,0,0,180.3
2005,6,9,16,9,201,0,18,0,2,1,0,0
2005,6,9,16,9,201,180.3,1.4,0,2,0,0,180.3
2005,6,9,17,9,201,0,18,0,2,1,0,0
2005,6,9,17,9,201,180.3,1.4,0,2,0,0,180.3
2005,6,9,18,9,201,0,18,0,2,1,0,0
2005,6,9,18,9,201,180.3,1.4,0,2,0,0,180.3
2005,6,9,19,9,201,0,18,0,2,1,0,0
2005,6,9,19,9,201,180.3,1.4,0,2,0,0,180.3
2005,6,9,20,9,201,0,18,0,2,1,0,0
2005,6,9,20,9,201,180.3,1.4,0,2,0,0,180.3
2005,6,9,21,9,201,0,18,0,2,1,0,0
2005,6,9,21,9,201,180.3,1.4,0,2,0,0,180.3
2005,6,9,22,9,201,0,18,0,2,1,0,0
2005,6,9,22,9,201,180.3,1.4,0,2,0,0,180.3
2005,6,9,23,9,201,0,18,0,2,1,0,0
2005,6,9,23,9,201,180.3,1.4,0,2,0,0,180.3
2005,6,9,24,9,201,0,18,0,2,1,0,0
2005,6,9,24,9,201,180.3,1.4,0,2,0,0,180.3
2005,6,9,1,2,1083,0,216,.933653,2,1,0,0
2005,6,9,1,2,1083,11.01,19,.933653,2,1,0,40.548757
2005,6,9,1,2,1083,33.62,106,.933653,2,1,0,40.548757
2005,6,9,1,2,1083,120.03,10.1,.933653,2,0,0,120.03
2005,6,9,2,2,1083,0,216,.933653,2,1,0,0
2005,6,9,2,2,1083,11.01,19,.933653,2,1,0,40.548757
2005,6,9,2,2,1083,33.62,106,.933653,2,1,0,40.548757
2005,6,9,2,2,1083,120.03,10.1,.933653,2,0,0,120.03
2005,6,9,3,2,1083,0,216,.933653,2,1,0,0
2005,6,9,3,2,1083,11.01,19,.933653,2,1,0,40.548757
2005,6,9,3,2,1083,33.62,106,.933653,2,1,0,40.548757
2005,6,9,3,2,1083,120.03,10.1,.933653,2,0,0,120.03
2005,6,9,4,2,1083,0,216,.933653,2,1,0,0
2005,6,9,4,2,1083,11.01,19,.933653,2,1,0,40.548757
2005,6,9,4,2,1083,33.62,106,.933653,2,1,0,40.548757
2005,6,9,4,2,1083,120.03,10.1,.933653,2,0,0,120.03
2005,6,9,5,2,1083,0,216,.933653,2,1,0,0
2005,6,9,5,2,1083,11.01,19,.933653,2,1,0,40.548757
2005,6,9,5,2,1083,33.62,106,.933653,2,1,0,40.548757
2005,6,9,5,2,1083,120.03,10.1,.933653,2,0,0,120.03
2005,6,9,6,2,1083,0,216,.933653,2,1,0,0
2005,6,9,6,2,1083,11.01,19,.933653,2,1,0,40.548757
2005,6,9,6,2,1083,33.62,106,.933653,2,1,0,40.548757
2005,6,9,6,2,1083,120.03,10.1,.933653,2,0,0,120.03
2005,6,9,7,2,1083,0,216,.933653,2,1,0,0
2005,6,9,7,2,1083,11.01,19,.933653,2,1,0,40.548757
2005,6,9,7,2,1083,33.62,106,.933653,2,1,0,40.548757
2005,6,9,7,2,1083,120.03,10.1,.933653,2,0,0,120.03
2005,6,9,8,2,1083,0,235,.933653,2,1,0,0
2005,6,9,8,2,1083,33.3,15.1,.933653,2,1,0,40.548757
2005,6,9,8,2,1083,33.33,15.1,.933653,2,1,0,40.548757
2005,6,9,8,2,1083,33.36,15.1,.933653,2,1,0,40.548757
2005,6,9,8,2,1083,33.4,15.1,.933653,2,1,0,40.548757
2005,6,9,8,2,1083,33.43,15.1,.933653,2,1,0,40.548757
2005,6,9,8,2,1083,33.47,15.1,.933653,2,1,0,40.548757
2005,6,9,8,2,1083,33.5,15.4,.933653,2,1,0,40.548757
2005,6,9,8,2,1083,120.08,10.1,.933653,2,0,0,120.08
2005,6,9,9,2,1083,0,235,.933653,2,1,0,0
2005,6,9,9,2,1083,14.54,106,.933653,2,1,0,40.548757
2005,6,9,9,2,1083,120.02,10.1,.933653,2,0,0,120.02
2005,6,9,10,2,1083,0,235,.933653,2,1,0,0
2005,6,9,10,2,1083,14.54,106,.933653,2,1,0,40.548757
2005,6,9,10,2,1083,120.02,10.1,.933653,2,0,0,120.02
2005,6,9,11,2,1083,0,235,.933653,2,1,0,0
2005,6,9,11,2,1083,14.54,15.1,.933653,2,1,0,40.548757
2005,6,9,11,2,1083,33.03,15.1,.933653,2,1,0,40.548757
2005,6,9,11,2,1083,33.06,15.1,.933653,2,1,0,40.548757
2005,6,9,11,2,1083,33.09,15.1,.933653,2,1,0,40.548757
2005,6,9,11,2,1083,33.12,15.1,.933653,2,1,0,40.548757
2005,6,9,11,2,1083,33.15,15.1,.933653,2,1,0,40.548757
2005,6,9,11,2,1083,33.18,15.4,.933653,2,1,0,40.548757
2005,6,9,11,2,1083,120.08,10.1,.933653,2,0,0,120.08
2005,6,9,12,2,1083,0,235,.933653,2,1,0,0
2005,6,9,12,2,1083,14.54,106,.933653,2,1,0,40.548757
2005,6,9,12,2,1083,120.02,10.1,.933653,2,0,0,120.02
2005,6,9,13,2,1083,0,235,.933653,2,1,0,0
2005,6,9,13,2,1083,14.54,106,.933653,2,1,0,40.548757
2005,6,9,13,2,1083,120.02,10.1,.933653,2,0,0,120.02
2005,6,9,14,2,1083,0,235,.933653,2,1,0,0
2005,6,9,14,2,1083,14.54,106,.933653,2,1,0,40.548757
2005,6,9,14,2,1083,120.02,10.1,.933653,2,0,0,120.02
2005,6,9,15,2,1083,0,235,.933653,2,1,0,0
2005,6,9,15,2,1083,14.54,106,.933653,2,1,0,40.548757
2005,6,9,15,2,1083,120.02,10.1,.933653,2,0,0,120.02
2005,6,9,16,2,1083,0,235,.933653,2,1,0,0
2005,6,9,16,2,1083,14.54,106,.933653,2,1,0,40.548757
2005,6,9,16,2,1083,120.02,10.1,.933653,2,0,0,120.02
2005,6,9,17,2,1083,0,235,.933653,2,1,0,0
2005,6,9,17,2,1083,14.54,106,.933653,2,1,0,40.548757
2005,6,9,17,2,1083,120.02,10.1,.933653,2,0,0,120.02
2005,6,9,18,2,1083,0,235,.933653,2,1,0,0
2005,6,9,18,2,1083,14.54,106,.933653,2,1,0,40.548757
2005,6,9,18,2,1083,120.02,10.1,.933653,2,0,0,120.02
2005,6,9,19,2,1083,0,235,.933653,2,1,0,0
2005,6,9,19,2,1083,14.54,106,.933653,2,1,0,40.548757
2005,6,9,19,2,1083,120.02,10.1,.933653,2,0,0,120.02
2005,6,9,20,2,1083,0,235,.933653,2,1,0,0
2005,6,9,20,2,1083,14.54,106,.933653,2,1,0,40.548757
2005,6,9,20,2,1083,120.02,10.1,.933653,2,0,0,120.02
2005,6,9,21,2,1083,0,235,.933653,2,1,0,0
2005,6,9,21,2,1083,14.54,60.4,.933653,2,1,0,40.548757
2005,6,9,21,2,1083,33.04,15.1,.933653,2,1,0,40.548757
2005,6,9,21,2,1083,33.07,15.1,.933653,2,1,0,40.548757
2005,6,9,21,2,1083,33.1,15.4,.933653,2,1,0,40.548757
2005,6,9,21,2,1083,120.05,10.1,.933653,2,0,0,120.05
2005,6,9,22,2,1083,0,235,.933653,2,1,0,0
2005,6,9,22,2,1083,14.54,106,.933653,2,1,0,40.548757
2005,6,9,22,2,1083,120.02,10.1,.933653,2,0,0,120.02
2005,6,9,23,2,1083,0,235,.933653,2,1,0,0
2005,6,9,23,2,1083,14.54,106,.933653,2,1,0,40.548757
2005,6,9,23,2,1083,120.02,10.1,.933653,2,0,0,120.02
2005,6,9,24,2,1083,0,235,.933653,2,1,0,0
2005,6,9,24,2,1083,33.2,15.1,.933653,2,1,0,40.548757
2005,6,9,24,2,1083,33.23,15.1,.933653,2,1,0,40.548757
2005,6,9,24,2,1083,33.26,15.1,.933653,2,1,0,40.548757
2005,6,9,24,2,1083,33.3,15.1,.933653,2,1,0,40.548757
2005,6,9,24,2,1083,33.33,15.1,.933653,2,1,0,40.548757
2005,6,9,24,2,1083,33.36,15.1,.933653,2,1,0,40.548757
2005,6,9,24,2,1083,33.4,15.4,.933653,2,1,0,40.548757
2005,6,9,24,2,1083,120.08,10.1,.933653,2,0,0,120.08
2005,6,9,1,2,1084,0,216,.933653,2,1,0,0
2005,6,9,1,2,1084,11.01,19,.933653,2,1,0,40.675685
2005,6,9,1,2,1084,33.38,106,.933653,2,1,0,40.675685
2005,6,9,1,2,1084,120.03,9.3,.933653,2,0,0,120.03
2005,6,9,2,2,1084,0,216,.933653,2,1,0,0
2005,6,9,2,2,1084,11.01,19,.933653,2,1,0,40.675685
2005,6,9,2,2,1084,33.38,106,.933653,2,1,0,40.675685
2005,6,9,2,2,1084,120.03,9.3,.933653,2,0,0,120.03
2005,6,9,3,2,1084,0,216,.933653,2,1,0,0
2005,6,9,3,2,1084,11.01,19,.933653,2,1,0,40.675685
2005,6,9,3,2,1084,33.38,106,.933653,2,1,0,40.675685
2005,6,9,3,2,1084,120.03,9.3,.933653,2,0,0,120.03
2005,6,9,4,2,1084,0,216,.933653,2,1,0,0
2005,6,9,4,2,1084,11.01,19,.933653,2,1,0,40.675685
2005,6,9,4,2,1084,33.38,106,.933653,2,1,0,40.675685
2005,6,9,4,2,1084,120.03,9.3,.933653,2,0,0,120.03
2005,6,9,5,2,1084,0,216,.933653,2,1,0,0
2005,6,9,5,2,1084,11.01,19,.933653,2,1,0,40.675685
2005,6,9,5,2,1084,33.38,106,.933653,2,1,0,40.675685
2005,6,9,5,2,1084,120.03,9.3,.933653,2,0,0,120.03
2005,6,9,6,2,1084,0,216,.933653,2,1,0,0
2005,6,9,6,2,1084,11.01,19,.933653,2,1,0,40.675685
2005,6,9,6,2,1084,33.38,106,.933653,2,1,0,40.675685
2005,6,9,6,2,1084,120.03,9.3,.933653,2,0,0,120.03
2005,6,9,7,2,1084,0,216,.933653,2,1,0,0
2005,6,9,7,2,1084,11.01,19,.933653,2,1,0,40.675685
2005,6,9,7,2,1084,33.38,106,.933653,2,1,0,40.675685
2005,6,9,7,2,1084,120.03,9.3,.933653,2,0,0,120.03
2005,6,9,8,2,1084,0,235,.933653,2,1,0,0
2005,6,9,8,2,1084,33.37,106,.933653,2,1,0,40.675685
2005,6,9,8,2,1084,120.02,9.3,.933653,2,0,0,120.02
2005,6,9,9,2,1084,0,235,.933653,2,1,0,0
2005,6,9,9,2,1084,14.55,106,.933653,2,1,0,40.675685
2005,6,9,9,2,1084,120.02,9.3,.933653,2,0,0,120.02
2005,6,9,10,2,1084,0,235,.933653,2,1,0,0
2005,6,9,10,2,1084,14.55,106,.933653,2,1,0,40.675685
2005,6,9,10,2,1084,120.02,9.3,.933653,2,0,0,120.02
2005,6,9,11,2,1084,0,235,.933653,2,1,0,0
2005,6,9,11,2,1084,33.14,15.1,.933653,2,1,0,40.675685
2005,6,9,11,2,1084,33.17,15.1,.933653,2,1,0,40.675685
2005,6,9,11,2,1084,33.2,15.1,.933653,2,1,0,40.675685
2005,6,9,11,2,1084,33.24,15.1,.933653,2,1,0,40.675685
2005,6,9,11,2,1084,33.27,15.1,.933653,2,1,0,40.675685
2005,6,9,11,2,1084,33.3,15.1,.933653,2,1,0,40.675685
2005,6,9,11,2,1084,33.33,15.4,.933653,2,1,0,40.675685
2005,6,9,11,2,1084,120.08,9.3,.933653,2,0,0,120.08
2005,6,9,12,2,1084,0,235,.933653,2,1,0,0
2005,6,9,12,2,1084,14.55,15.1,.933653,2,1,0,40.675685
2005,6,9,12,2,1084,33.02,15.1,.933653,2,1,0,40.675685
2005,6,9,12,2,1084,33.05,15.1,.933653,2,1,0,40.675685
2005,6,9,12,2,1084,33.08,15.1,.933653,2,1,0,40.675685
2005,6,9,12,2,1084,33.11,15.1,.933653,2,1,0,40.675685
2005,6,9,12,2,1084,33.14,15.1,.933653,2,1,0,40.675685
2005,6,9,12,2,1084,33.17,15.4,.933653,2,1,0,40.675685
2005,6,9,12,2,1084,120.08,9.3,.933653,2,0,0,120.08
2005,6,9,13,2,1084,0,235,.933653,2,1,0,0
2005,6,9,13,2,1084,14.55,106,.933653,2,1,0,40.675685
2005,6,9,13,2,1084,120.02,9.3,.933653,2,0,0,120.02
2005,6,9,14,2,1084,0,235,.933653,2,1,0,0
2005,6,9,14,2,1084,14.55,60.4,.933653,2,1,0,40.675685
2005,6,9,14,2,1084,33.02,15.1,.933653,2,1,0,40.675685
2005,6,9,14,2,1084,33.05,15.1,.933653,2,1,0,40.675685
2005,6,9,14,2,1084,33.08,15.4,.933653,2,1,0,40.675685
2005,6,9,14,2,1084,120.05,9.3,.933653,2,0,0,120.05
2005,6,9,15,2,1084,0,235,.933653,2,1,0,0
2005,6,9,15,2,1084,14.55,106,.933653,2,1,0,40.675685
2005,6,9,15,2,1084,120.02,9.3,.933653,2,0,0,120.02
2005,6,9,16,2,1084,0,235,.933653,2,1,0,0
2005,6,9,16,2,1084,14.55,106,.933653,2,1,0,40.675685
2005,6,9,16,2,1084,120.02,9.3,.933653,2,0,0,120.02
2005,6,9,17,2,1084,0,235,.933653,2,1,0,0
2005,6,9,17,2,1084,14.55,106,.933653,2,1,0,40.675685
2005,6,9,17,2,1084,120.02,9.3,.933653,2,0,0,120.02
2005,6,9,18,2,1084,0,235,.933653,2,1,0,0
2005,6,9,18,2,1084,14.55,106,.933653,2,1,0,40.675685
2005,6,9,18,2,1084,120.02,9.3,.933653,2,0,0,120.02
2005,6,9,19,2,1084,0,235,.933653,2,1,0,0
2005,6,9,19,2,1084,14.55,106,.933653,2,1,0,40.675685
2005,6,9,19,2,1084,120.02,9.3,.933653,2,0,0,120.02
2005,6,9,20,2,1084,0,235,.933653,2,1,0,0
2005,6,9,20,2,1084,14.55,106,.933653,2,1,0,40.675685
2005,6,9,20,2,1084,120.02,9.3,.933653,2,0,0,120.02
2005,6,9,21,2,1084,0,235,.933653,2,1,0,0
2005,6,9,21,2,1084,33.09,15.1,.933653,2,1,0,40.675685
2005,6,9,21,2,1084,33.12,15.1,.933653,2,1,0,40.675685
2005,6,9,21,2,1084,33.15,15.1,.933653,2,1,0,40.675685
2005,6,9,21,2,1084,33.18,15.1,.933653,2,1,0,40.675685
2005,6,9,21,2,1084,33.22,15.1,.933653,2,1,0,40.675685
2005,6,9,21,2,1084,33.25,15.1,.933653,2,1,0,40.675685
2005,6,9,21,2,1084,33.28,15.4,.933653,2,1,0,40.675685
2005,6,9,21,2,1084,120.08,9.3,.933653,2,0,0,120.08
2005,6,9,22,2,1084,0,235,.933653,2,1,0,0
2005,6,9,22,2,1084,14.55,15.1,.933653,2,1,0,40.675685
2005,6,9,22,2,1084,33.03,15.1,.933653,2,1,0,40.675685
2005,6,9,22,2,1084,33.06,15.1,.933653,2,1,0,40.675685
2005,6,9,22,2,1084,33.09,15.1,.933653,2,1,0,40.675685
2005,6,9,22,2,1084,33.12,15.1,.933653,2,1,0,40.675685
2005,6,9,22,2,1084,33.16,15.1,.933653,2,1,0,40.675685
2005,6,9,22,2,1084,33.19,15.4,.933653,2,1,0,40.675685
2005,6,9,22,2,1084,120.08,9.3,.933653,2,0,0,120.08
2005,6,9,23,2,1084,0,235,.933653,2,1,0,0
2005,6,9,23,2,1084,14.55,106,.933653,2,1,0,40.675685
2005,6,9,23,2,1084,120.02,9.3,.933653,2,0,0,120.02
2005,6,9,24,2,1084,0,235,.933653,2,1,0,0
2005,6,9,24,2,1084,33.36,15.1,.933653,2,1,0,40.675685
2005,6,9,24,2,1084,33.38,90.9,.933653,2,1,0,40.675685
2005,6,9,24,2,1084,120.03,9.3,.933653,2,0,0,120.03
2005,6,9,9,9,204,0,2.4,0,2,1,0,0
2005,6,9,10,9,204,0,2.4,0,2,1,0,0
2005,6,9,11,9,204,0,2.4,0,2,1,0,0
2005,6,9,12,9,204,0,2.4,0,2,1,0,0
2005,6,9,13,9,204,0,2.4,0,2,1,0,0
2005,6,9,14,9,204,0,2.4,0,2,1,0,0
2005,6,9,15,9,204,0,2.4,0,2,1,0,0
2005,6,9,16,9,204,0,2.4,0,2,1,0,0
2005,6,9,17,9,204,0,2.5,0,2,1,0,0
2005,6,9,18,9,204,0,2.5,0,2,1,0,0
2005,6,9,19,9,204,0,2.5,0,2,1,0,0
2005,6,9,20,9,204,0,2.5,0,2,1,0,0
2005,6,9,21,9,204,0,2.6,0,2,1,0,0
2005,6,9,22,9,204,0,2.6,0,2,1,0,0
2005,6,9,23,9,204,0,2.6,0,2,1,0,0
2005,6,9,24,9,204,0,2.6,0,2,1,0,0
2005,6,9,1,6,1087,0,71,.929373,2,1,0,0
2005,6,9,1,6,1087,24.26,79,.929373,2,1,0,39.936156
2005,6,9,1,6,1087,150,20,.929373,2,0,0,150
2005,6,9,2,6,1087,0,71,.929373,2,1,0,0
2005,6,9,2,6,1087,24.26,79,.929373,2,1,0,39.936156
2005,6,9,2,6,1087,150,20,.929373,2,0,0,150
2005,6,9,3,6,1087,0,71,.929373,2,1,0,0
2005,6,9,3,6,1087,24.26,79,.929373,2,1,0,39.936156
2005,6,9,3,6,1087,150,20,.929373,2,0,0,150
2005,6,9,4,6,1087,0,71,.929373,2,1,0,0
2005,6,9,4,6,1087,24.26,79,.929373,2,1,0,39.936156
2005,6,9,4,6,1087,150,20,.929373,2,0,0,150
2005,6,9,5,6,1087,0,71,.929373,2,1,0,0
2005,6,9,5,6,1087,24.26,79,.929373,2,1,0,39.936156
2005,6,9,5,6,1087,150,20,.929373,2,0,0,150
2005,6,9,6,6,1087,0,71,.929373,2,1,0,0
2005,6,9,6,6,1087,24.26,79,.929373,2,1,0,39.936156
2005,6,9,6,6,1087,150,20,.929373,2,0,0,150
2005,6,9,7,6,1087,0,71,.929373,2,1,0,0
2005,6,9,7,6,1087,24.26,79,.929373,2,1,0,39.936156
2005,6,9,7,6,1087,150,20,.929373,2,0,0,150
2005,6,9,8,6,1087,0,71,.929373,2,1,0,0
2005,6,9,8,6,1087,24.26,79,.929373,2,1,0,39.936156
2005,6,9,8,6,1087,150,20,.929373,2,0,0,150
2005,6,9,9,6,1087,47.63,150,.929373,2,1,0,39.936156
2005,6,9,9,6,1087,150,20,.929373,2,0,0,150
2005,6,9,10,6,1087,47.63,150,.929373,2,1,0,39.936156
2005,6,9,10,6,1087,150,20,.929373,2,0,0,150
2005,6,9,11,6,1087,47.63,150,.929373,2,1,0,39.936156
2005,6,9,11,6,1087,150,20,.929373,2,0,0,150
2005,6,9,12,6,1087,47.63,150,.929373,2,1,0,39.936156
2005,6,9,12,6,1087,150,20,.929373,2,0,0,150
2005,6,9,13,6,1087,47.63,150,.929373,2,1,0,39.936156
2005,6,9,13,6,1087,150,20,.929373,2,0,0,150
2005,6,9,14,6,1087,47.63,150,.929373,2,1,0,39.936156
2005,6,9,14,6,1087,150,20,.929373,2,0,0,150
2005,6,9,15,6,1087,47.63,150,.929373,2,1,0,39.936156
2005,6,9,15,6,1087,150,20,.929373,2,0,0,150
2005,6,9,16,6,1087,47.63,150,.929373,2,1,0,39.936156
2005,6,9,16,6,1087,150,20,.929373,2,0,0,150
2005,6,9,17,6,1087,47.63,150,.929373,2,1,0,39.936156
2005,6,9,17,6,1087,150,20,.929373,2,0,0,150
2005,6,9,18,6,1087,47.63,150,.929373,2,1,0,39.936156
2005,6,9,18,6,1087,150,20,.929373,2,0,0,150
2005,6,9,19,6,1087,47.63,150,.929373,2,1,0,39.936156
2005,6,9,19,6,1087,150,20,.929373,2,0,0,150
2005,6,9,20,6,1087,47.63,150,.929373,2,1,0,39.936156
2005,6,9,20,6,1087,150,20,.929373,2,0,0,150
2005,6,9,21,6,1087,47.63,150,.929373,2,1,0,39.936156
2005,6,9,21,6,1087,150,20,.929373,2,0,0,150
2005,6,9,22,6,1087,47.63,150,.929373,2,1,0,39.936156
2005,6,9,22,6,1087,150,20,.929373,2,0,0,150
2005,6,9,23,6,1087,47.63,150,.929373,2,1,0,39.936156
2005,6,9,23,6,1087,150,20,.929373,2,0,0,150
2005,6,9,24,6,1087,47.63,150,.929373,2,0,0,39.936156
2005,6,9,24,6,1087,150,20,.929373,2,0,0,150
2005,6,9,1,6,1088,0,137,.990301,2,1,0,0
2005,6,9,1,6,1088,21.31,162,.990301,2,1,0,40.455704
2005,6,9,2,6,1088,0,137,.990301,2,1,0,0
2005,6,9,2,6,1088,21.31,162,.990301,2,1,0,40.455704
2005,6,9,3,6,1088,0,137,.990301,2,1,0,0
2005,6,9,3,6,1088,21.31,162,.990301,2,1,0,40.455704
2005,6,9,4,6,1088,0,137,.990301,2,1,0,0
2005,6,9,4,6,1088,21.31,162,.990301,2,1,0,40.455704
2005,6,9,5,6,1088,0,137,.990301,2,1,0,0
2005,6,9,5,6,1088,21.31,162,.990301,2,1,0,40.455704
2005,6,9,6,6,1088,0,137,.990301,2,1,0,0
2005,6,9,6,6,1088,21.31,162,.990301,2,1,0,40.455704
2005,6,9,7,6,1088,0,137,.990301,2,1,0,0
2005,6,9,7,6,1088,21.31,162,.990301,2,1,0,40.455704
2005,6,9,8,6,1088,0,137,.990301,2,1,0,0
2005,6,9,8,6,1088,21.31,162,.990301,2,1,0,40.455704
2005,6,9,9,6,1088,45.49,299,.990301,2,1,0,40.455704
2005,6,9,10,6,1088,45.49,299,.990301,2,1,0,40.455704
2005,6,9,11,6,1088,45.49,299,.990301,2,1,0,40.455704
2005,6,9,12,6,1088,45.49,299,.990301,2,1,0,40.455704
2005,6,9,13,6,1088,45.49,299,.990301,2,1,0,40.455704
2005,6,9,14,6,1088,45.49,299,.990301,2,1,0,40.455704
2005,6,9,15,6,1088,45.49,299,.990301,2,1,0,40.455704
2005,6,9,16,6,1088,45.49,299,.990301,2,1,0,40.455704
2005,6,9,17,6,1088,45.49,299,.990301,2,1,0,40.455704
2005,6,9,18,6,1088,45.49,299,.990301,2,1,0,40.455704
2005,6,9,19,6,1088,45.49,299,.990301,2,1,0,40.455704
2005,6,9,20,6,1088,45.49,299,.990301,2,1,0,40.455704
2005,6,9,21,6,1088,45.49,299,.990301,2,1,0,40.455704
2005,6,9,22,6,1088,45.49,299,.990301,2,1,0,40.455704
2005,6,9,23,6,1088,45.49,299,.990301,2,1,0,40.455704
2005,6,9,24,6,1088,45.49,299,.990301,2,0,0,40.455704
2005,6,9,1,9,207,0,12.2,0,2,1,0,0
2005,6,9,2,9,207,0,12.2,0,2,1,0,0
2005,6,9,3,9,207,0,12.2,0,2,1,0,0
2005,6,9,4,9,207,0,12.2,0,2,1,0,0
2005,6,9,5,9,207,0,12.2,0,2,1,0,0
2005,6,9,6,9,207,0,12.2,0,2,1,0,0
2005,6,9,7,9,207,0,12.3,0,2,1,0,0
2005,6,9,8,9,207,0,12.3,0,2,1,0,0
2005,6,9,9,9,207,0,12.3,0,2,1,0,0
2005,6,9,10,9,207,0,12.2,0,2,1,0,0
2005,6,9,11,9,207,0,12.1,0,2,1,0,0
2005,6,9,12,9,207,0,12,0,2,1,0,0
2005,6,9,13,9,207,0,12,0,2,1,0,0
2005,6,9,14,9,207,0,11.9,0,2,1,0,0
2005,6,9,15,9,207,0,11.8,0,2,1,0,0
2005,6,9,16,9,207,0,11.8,0,2,1,0,0
2005,6,9,17,9,207,0,11.8,0,2,1,0,0
2005,6,9,18,9,207,0,11.7,0,2,1,0,0
2005,6,9,19,9,207,0,11.8,0,2,1,0,0
2005,6,9,20,9,207,0,11.8,0,2,1,0,0
2005,6,9,21,9,207,0,11.9,0,2,1,0,0
2005,6,9,22,9,207,0,12,0,2,1,0,0
2005,6,9,23,9,207,0,12.1,0,2,1,0,0
2005,6,9,24,9,207,0,12.2,0,2,1,0,0
2005,6,9,1,9,208,0,3.3,0,2,1,0,0
2005,6,9,2,9,208,0,1,0,2,1,0,0
2005,6,9,3,9,208,0,.1,0,2,1,0,0
2005,6,9,4,9,208,0,.1,0,2,1,0,0
2005,6,9,5,9,208,0,.1,0,2,1,0,0
2005,6,9,6,9,208,0,.1,0,2,1,0,0
2005,6,9,7,9,208,0,.1,0,2,1,0,0
2005,6,9,8,9,208,0,.2,0,2,1,0,0
2005,6,9,9,9,208,0,.2,0,2,1,0,0
2005,6,9,10,9,208,0,.1,0,2,1,0,0
2005,6,9,11,9,208,0,.1,0,2,1,0,0
2005,6,9,12,9,208,0,.1,0,2,1,0,0
2005,6,9,13,9,208,0,.1,0,2,1,0,0
2005,6,9,14,9,208,0,.1,0,2,1,0,0
2005,6,9,15,9,208,0,.6,0,2,1,0,0
2005,6,9,16,9,208,0,1.9,0,2,1,0,0
2005,6,9,17,9,208,0,4.6,0,2,1,0,0
2005,6,9,18,9,208,0,7.4,0,2,1,0,0
2005,6,9,19,9,208,0,9.5,0,2,1,0,0
2005,6,9,20,9,208,0,11.9,0,2,1,0,0
2005,6,9,21,9,208,0,12.7,0,2,1,0,0
2005,6,9,22,9,208,0,13,0,2,1,0,0
2005,6,9,23,9,208,0,12.4,0,2,1,0,0
2005,6,9,24,9,208,0,11.2,0,2,1,0,0
2005,6,9,1,9,209,0,3.1,0,2,1,0,0
2005,6,9,2,9,209,0,3.1,0,2,1,0,0
2005,6,9,3,9,209,0,3.1,0,2,1,0,0
2005,6,9,4,9,209,0,3.1,0,2,1,0,0
2005,6,9,5,9,209,0,3.1,0,2,1,0,0
2005,6,9,6,9,209,0,3.1,0,2,1,0,0
2005,6,9,7,9,209,0,3.1,0,2,1,0,0
2005,6,9,8,9,209,0,3.1,0,2,1,0,0
2005,6,9,9,9,209,0,3.1,0,2,1,0,0
2005,6,9,10,9,209,0,3.1,0,2,1,0,0
2005,6,9,11,9,209,0,3.1,0,2,1,0,0
2005,6,9,12,9,209,0,3.1,0,2,1,0,0
2005,6,9,13,9,209,0,3.1,0,2,1,0,0
2005,6,9,14,9,209,0,3.1,0,2,1,0,0
2005,6,9,15,9,209,0,3.1,0,2,1,0,0
2005,6,9,16,9,209,0,3.1,0,2,1,0,0
2005,6,9,17,9,209,0,3.1,0,2,1,0,0
2005,6,9,18,9,209,0,3.1,0,2,1,0,0
2005,6,9,19,9,209,0,3.1,0,2,1,0,0
2005,6,9,20,9,209,0,3.1,0,2,1,0,0
2005,6,9,21,9,209,0,3.1,0,2,1,0,0
2005,6,9,22,9,209,0,3.1,0,2,1,0,0
2005,6,9,23,9,209,0,3.1,0,2,1,0,0
2005,6,9,24,9,209,0,3.1,0,2,1,0,0
2005,6,9,1,9,210,0,2.3,0,2,1,0,0
2005,6,9,2,9,210,0,2.3,0,2,1,0,0
2005,6,9,3,9,210,0,2.3,0,2,1,0,0
2005,6,9,4,9,210,0,2.3,0,2,1,0,0
2005,6,9,5,9,210,0,2.3,0,2,1,0,0
2005,6,9,6,9,210,0,2.3,0,2,1,0,0
2005,6,9,7,9,210,0,2.3,0,2,1,0,0
2005,6,9,8,9,210,0,2.3,0,2,1,0,0
2005,6,9,9,9,210,0,2.3,0,2,1,0,0
2005,6,9,10,9,210,0,2.3,0,2,1,0,0
2005,6,9,11,9,210,0,2.3,0,2,1,0,0
2005,6,9,12,9,210,0,2.3,0,2,1,0,0
2005,6,9,13,9,210,0,2.3,0,2,1,0,0
2005,6,9,14,9,210,0,2.3,0,2,1,0,0
2005,6,9,15,9,210,0,2,0,2,1,0,0
2005,6,9,16,9,210,0,2,0,2,1,0,0
2005,6,9,17,9,210,0,2,0,2,1,0,0
2005,6,9,18,9,210,0,2,0,2,1,0,0
2005,6,9,19,9,210,0,2,0,2,1,0,0
2005,6,9,20,9,210,0,2,0,2,1,0,0
2005,6,9,21,9,210,0,2,0,2,1,0,0
2005,6,9,22,9,210,0,2,0,2,1,0,0
2005,6,9,23,9,210,0,2.3,0,2,1,0,0
2005,6,9,24,9,210,0,2.4,0,2,1,0,0
2005,6,9,1,9,211,33.01,121.7,0,1,0,0,33.01
2005,6,9,1,9,211,36.01,334.6,0,1,0,0,36.01
2005,6,9,1,9,211,45.01,452,0,1,1,0,45.01
2005,6,9,2,9,211,35.01,263.7,0,1,0,0,35.01
2005,6,9,2,9,211,36.01,588.1,0,1,0,0,36.01
2005,6,9,2,9,211,45.01,162.2,0,1,1,0,45.01
2005,6,9,3,9,211,27.01,253.6,0,1,0,0,27.01
2005,6,9,3,9,211,33.01,30.3,0,1,0,0,33.01
2005,6,9,3,9,211,36.01,456.3,0,1,0,0,36.01
2005,6,9,3,9,211,40,273.8,0,1,1,0,40
2005,6,9,4,9,211,27.01,304.3,0,1,0,0,27.01
2005,6,9,4,9,211,33.01,30.3,0,1,0,0,33.01
2005,6,9,4,9,211,36.01,405.6,0,1,0,0,36.01
2005,6,9,4,9,211,40,273.8,0,1,1,0,40
2005,6,9,5,9,211,27.01,446.3,0,1,0,0,27.01
2005,6,9,5,9,211,33.01,30.3,0,1,0,0,33.01
2005,6,9,5,9,211,36.01,263.6,0,1,0,0,36.01
2005,6,9,5,9,211,40,273.8,0,1,1,0,40
2005,6,9,6,9,211,27.01,497,0,1,0,0,27.01
2005,6,9,6,9,211,33.01,30.3,0,1,0,0,33.01
2005,6,9,6,9,211,36.01,212.9,0,1,0,0,36.01
2005,6,9,6,9,211,40,273.8,0,1,1,0,40
2005,6,9,7,9,211,27.01,537.5,0,1,0,0,27.01
2005,6,9,7,9,211,33.01,30.3,0,1,0,0,33.01
2005,6,9,7,9,211,36.01,172.4,0,1,0,0,36.01
2005,6,9,7,9,211,40,273.8,0,1,1,0,40
2005,6,9,8,9,211,27.01,781.2,0,1,0,0,27.01
2005,6,9,8,9,211,33.01,30.3,0,1,0,0,33.01
2005,6,9,8,9,211,36.01,111.5,0,1,0,0,36.01
2005,6,9,8,9,211,40,91,0,1,0,0,40
2005,6,9,9,9,211,23.01,365.1,0,1,0,0,23.01
2005,6,9,9,9,211,29.01,30.3,0,1,0,0,29.01
2005,6,9,9,9,211,32.01,334.6,0,1,0,0,32.01
2005,6,9,10,9,211,48.01,557.7,0,1,0,0,48.01
2005,6,9,11,9,211,48.01,557.7,0,1,0,0,48.01
2005,6,9,12,9,211,48.01,557.7,0,1,0,0,48.01
2005,6,9,13,9,211,48.01,557.7,0,1,0,0,48.01
2005,6,9,14,9,211,48.01,557.7,0,1,0,0,48.01
2005,6,9,15,9,211,48.01,557.7,0,1,0,0,48.01
2005,6,9,16,9,211,48.01,557.7,0,1,0,0,48.01
2005,6,9,17,9,211,48.01,557.7,0,1,0,0,48.01
2005,6,9,18,9,211,48.01,557.7,0,1,0,0,48.01
2005,6,9,19,9,211,48.01,557.7,0,1,0,0,48.01
2005,6,9,20,9,211,48.01,557.7,0,1,0,0,48.01
2005,6,9,21,9,211,48.01,557.7,0,1,0,0,48.01
2005,6,9,22,9,211,48.01,557.7,0,1,0,0,48.01
2005,6,9,23,9,211,48.01,557.7,0,1,0,0,48.01
2005,6,9,24,9,211,48.01,48.7,0,1,1,0,48.01
2005,6,9,1,9,212,75.5,50,0,2,0,0,75.5
2005,6,9,1,9,212,77.5,50,0,2,0,0,77.5
2005,6,9,1,9,212,78.5,15,0,2,0,0,78.5
2005,6,9,1,9,212,85,25,0,2,0,0,85
2005,6,9,1,9,212,90,10,0,2,0,0,90
2005,6,9,1,9,212,95,10,0,2,0,0,95
2005,6,9,1,9,212,100,10,0,2,0,0,100
2005,6,9,2,9,212,66,200,0,2,0,0,66
2005,6,9,2,9,212,73,118,0,2,0,0,73
2005,6,9,3,9,212,66,200,0,2,0,0,66
2005,6,9,3,9,212,73,118,0,2,0,0,73
2005,6,9,4,9,212,66,200,0,2,0,0,66
2005,6,9,4,9,212,73,118,0,2,0,0,73
2005,6,9,5,9,212,66,200,0,2,0,0,66
2005,6,9,5,9,212,73,118,0,2,0,0,73
2005,6,9,6,9,212,66,200,0,2,0,0,66
2005,6,9,6,9,212,73,118,0,2,0,0,73
2005,6,9,7,9,212,66,200,0,2,0,0,66
2005,6,9,7,9,212,73,118,0,2,0,0,73
2005,6,9,8,9,212,66,200,0,2,0,0,66
2005,6,9,8,9,212,73,118,0,2,0,0,73
2005,6,9,9,9,212,69,350,0,2,0,0,69
2005,6,9,9,9,212,73,118,0,2,0,0,73
2005,6,9,10,9,212,75.5,50,0,2,0,0,75.5
2005,6,9,10,9,212,76,50,0,2,0,0,76
2005,6,9,10,9,212,76.5,15,0,2,0,0,76.5
2005,6,9,10,9,212,77,50,0,2,0,0,77
2005,6,9,10,9,212,78,30,0,2,0,0,78
2005,6,9,10,9,212,80,30,0,2,0,0,80
2005,6,9,10,9,212,82.5,30,0,2,0,0,82.5
2005,6,9,10,9,212,83.5,30,0,2,0,0,83.5
2005,6,9,10,9,212,85,30,0,2,0,0,85
2005,6,9,11,9,212,75.5,50,0,2,1,0,75.5
2005,6,9,11,9,212,76,50,0,2,1,0,76
2005,6,9,11,9,212,76.5,15,0,2,1,0,76.5
2005,6,9,11,9,212,77,50,0,2,1,0,77
2005,6,9,11,9,212,78,30,0,2,1,0,78
2005,6,9,11,9,212,80,30,0,2,1,0,80
2005,6,9,11,9,212,82.5,30,0,2,0,0,82.5
2005,6,9,11,9,212,83.5,30,0,2,0,0,83.5
2005,6,9,11,9,212,85,30,0,2,0,0,85
2005,6,9,12,9,212,75.5,50,0,2,1,0,75.5
2005,6,9,12,9,212,76,50,0,2,1,0,76
2005,6,9,12,9,212,76.5,15,0,2,1,0,76.5
2005,6,9,12,9,212,77,50,0,2,1,0,77
2005,6,9,12,9,212,78,30,0,2,1,0,78
2005,6,9,12,9,212,80,30,0,2,1,0,80
2005,6,9,12,9,212,82.5,30,0,2,1,0,82.5
2005,6,9,12,9,212,83.5,30,0,2,1,0,83.5
2005,6,9,12,9,212,85,30,0,2,1,0,85
2005,6,9,13,9,212,75.5,50,0,2,1,0,75.5
2005,6,9,13,9,212,76,50,0,2,1,0,76
2005,6,9,13,9,212,76.5,15,0,2,1,0,76.5
2005,6,9,13,9,212,77,50,0,2,1,0,77
2005,6,9,13,9,212,78,30,0,2,1,0,78
2005,6,9,13,9,212,80,30,0,2,1,0,80
2005,6,9,13,9,212,82.5,30,0,2,1,0,82.5
2005,6,9,13,9,212,83.5,30,0,2,1,0,83.5
2005,6,9,13,9,212,85,30,0,2,1,0,85
2005,6,9,14,9,212,75.5,50,0,2,1,0,75.5
2005,6,9,14,9,212,76,50,0,2,1,0,76
2005,6,9,14,9,212,76.5,15,0,2,1,0,76.5
2005,6,9,14,9,212,77,50,0,2,1,0,77
2005,6,9,14,9,212,78,30,0,2,1,0,78
2005,6,9,14,9,212,80,30,0,2,1,0,80
2005,6,9,14,9,212,82.5,30,0,2,1,0,82.5
2005,6,9,14,9,212,83.5,30,0,2,1,0,83.5
2005,6,9,14,9,212,85,30,0,2,0,0,85
2005,6,9,15,9,212,75.5,50,0,2,1,0,75.5
2005,6,9,15,9,212,76,50,0,2,1,0,76
2005,6,9,15,9,212,76.5,15,0,2,1,0,76.5
2005,6,9,15,9,212,77,50,0,2,1,0,77
2005,6,9,15,9,212,78,30,0,2,1,0,78
2005,6,9,15,9,212,80,30,0,2,1,0,80
2005,6,9,15,9,212,82.5,30,0,2,0,0,82.5
2005,6,9,15,9,212,83.5,30,0,2,0,0,83.5
2005,6,9,15,9,212,85,30,0,2,0,0,85
2005,6,9,16,9,212,75.5,50,0,2,1,0,75.5
2005,6,9,16,9,212,76,50,0,2,1,0,76
2005,6,9,16,9,212,76.5,15,0,2,1,0,76.5
2005,6,9,16,9,212,77,50,0,2,1,0,77
2005,6,9,16,9,212,78,30,0,2,1,0,78
2005,6,9,16,9,212,80,30,0,2,1,0,80
2005,6,9,16,9,212,82.5,30,0,2,0,0,82.5
2005,6,9,16,9,212,83.5,30,0,2,0,0,83.5
2005,6,9,16,9,212,85,30,0,2,0,0,85
2005,6,9,17,9,212,75.5,50,0,2,1,0,75.5
2005,6,9,17,9,212,76,50,0,2,1,0,76
2005,6,9,17,9,212,76.5,15,0,2,1,0,76.5
2005,6,9,17,9,212,77,50,0,2,1,0,77
2005,6,9,17,9,212,78,30,0,2,1,0,78
2005,6,9,17,9,212,80,30,0,2,1,0,80
2005,6,9,17,9,212,82.5,30,0,2,0,0,82.5
2005,6,9,17,9,212,83.5,30,0,2,0,0,83.5
2005,6,9,17,9,212,85,30,0,2,0,0,85
2005,6,9,18,9,212,75.5,50,0,2,1,0,75.5
2005,6,9,18,9,212,76,50,0,2,1,0,76
2005,6,9,18,9,212,76.5,15,0,2,1,0,76.5
2005,6,9,18,9,212,77,50,0,2,1,0,77
2005,6,9,18,9,212,78,30,0,2,1,0,78
2005,6,9,18,9,212,80,30,0,2,1,0,80
2005,6,9,18,9,212,82.5,30,0,2,1,0,82.5
2005,6,9,18,9,212,83.5,30,0,2,0,0,83.5
2005,6,9,18,9,212,85,30,0,2,0,0,85
2005,6,9,19,9,212,75.5,50,0,2,1,0,75.5
2005,6,9,19,9,212,76,50,0,2,1,0,76
2005,6,9,19,9,212,76.5,15,0,2,1,0,76.5
2005,6,9,19,9,212,77,50,0,2,1,0,77
2005,6,9,19,9,212,78,30,0,2,1,0,78
2005,6,9,19,9,212,80,30,0,2,0,0,80
2005,6,9,19,9,212,82.5,30,0,2,0,0,82.5
2005,6,9,19,9,212,83.5,30,0,2,0,0,83.5
2005,6,9,19,9,212,85,30,0,2,0,0,85
2005,6,9,20,9,212,75.5,50,0,2,0,0,75.5
2005,6,9,20,9,212,76,50,0,2,0,0,76
2005,6,9,20,9,212,76.5,15,0,2,0,0,76.5
2005,6,9,20,9,212,77,50,0,2,0,0,77
2005,6,9,20,9,212,78,30,0,2,0,0,78
2005,6,9,20,9,212,80,30,0,2,0,0,80
2005,6,9,20,9,212,82.5,30,0,2,0,0,82.5
2005,6,9,20,9,212,83.5,30,0,2,0,0,83.5
2005,6,9,20,9,212,85,30,0,2,0,0,85
2005,6,9,21,9,212,75.5,50,0,2,0,0,75.5
2005,6,9,21,9,212,76,50,0,2,0,0,76
2005,6,9,21,9,212,76.5,15,0,2,0,0,76.5
2005,6,9,21,9,212,77,50,0,2,0,0,77
2005,6,9,21,9,212,78,30,0,2,0,0,78
2005,6,9,21,9,212,80,30,0,2,0,0,80
2005,6,9,21,9,212,82.5,30,0,2,0,0,82.5
2005,6,9,21,9,212,83.5,30,0,2,0,0,83.5
2005,6,9,21,9,212,85,30,0,2,0,0,85
2005,6,9,22,9,212,75.5,50,0,2,0,0,75.5
2005,6,9,22,9,212,76,50,0,2,0,0,76
2005,6,9,22,9,212,76.5,15,0,2,0,0,76.5
2005,6,9,22,9,212,77,50,0,2,0,0,77
2005,6,9,22,9,212,78,30,0,2,0,0,78
2005,6,9,22,9,212,80,30,0,2,0,0,80
2005,6,9,22,9,212,82.5,30,0,2,0,0,82.5
2005,6,9,22,9,212,83.5,30,0,2,0,0,83.5
2005,6,9,22,9,212,85,30,0,2,0,0,85
2005,6,9,23,9,212,75.5,50,0,2,0,0,75.5
2005,6,9,23,9,212,76,50,0,2,0,0,76
2005,6,9,23,9,212,76.5,15,0,2,0,0,76.5
2005,6,9,23,9,212,77,50,0,2,0,0,77
2005,6,9,23,9,212,78,30,0,2,0,0,78
2005,6,9,23,9,212,80,30,0,2,0,0,80
2005,6,9,23,9,212,82.5,30,0,2,0,0,82.5
2005,6,9,23,9,212,83.5,30,0,2,0,0,83.5
2005,6,9,23,9,212,85,30,0,2,0,0,85
2005,6,9,24,9,212,75.5,50,0,2,0,0,75.5
2005,6,9,24,9,212,76,50,0,2,0,0,76
2005,6,9,24,9,212,76.5,15,0,2,0,0,76.5
2005,6,9,24,9,212,77,50,0,2,0,0,77
2005,6,9,24,9,212,78,30,0,2,0,0,78
2005,6,9,24,9,212,80,30,0,2,0,0,80
2005,6,9,24,9,212,82.5,30,0,2,0,0,82.5
2005,6,9,24,9,212,83.5,30,0,2,0,0,83.5
2005,6,9,24,9,212,85,30,0,2,0,0,85
2005,6,9,1,9,213,180,.1,0,2,0,0,180
2005,6,9,1,4,1091,0,190,.926179,2,1,0,0
2005,6,9,1,4,1091,34.81,10,.926179,2,1,0,39.196753
2005,6,9,1,4,1091,35.37,10,.926179,2,1,0,39.196753
2005,6,9,1,4,1091,36.02,10,.926179,2,1,0,39.196753
2005,6,9,1,4,1091,36.77,10,.926179,2,1,0,39.196753
2005,6,9,1,4,1091,37.61,10,.926179,2,1,0,39.196753
2005,6,9,1,4,1091,75,10,.926179,2,0,0,39.196753
2005,6,9,1,4,1091,150,14,.926179,2,0,0,150
2005,6,9,2,4,1091,0,140,.926179,2,1,0,0
2005,6,9,2,4,1091,25,40,.926179,2,1,0,39.196753
2005,6,9,2,4,1091,34.35,10,.926179,2,1,0,39.196753
2005,6,9,2,4,1091,34.81,10,.926179,2,1,0,39.196753
2005,6,9,2,4,1091,35.37,10,.926179,2,1,0,39.196753
2005,6,9,2,4,1091,36.02,10,.926179,2,1,0,39.196753
2005,6,9,2,4,1091,36.77,10,.926179,2,1,0,39.196753
2005,6,9,2,4,1091,37.61,10,.926179,2,1,0,39.196753
2005,6,9,2,4,1091,75,10,.926179,2,0,0,39.196753
2005,6,9,2,4,1091,150,14,.926179,2,0,0,150
2005,6,9,3,4,1091,0,140,.926179,2,1,0,0
2005,6,9,3,4,1091,25,40,.926179,2,1,0,39.196753
2005,6,9,3,4,1091,34.35,10,.926179,2,1,0,39.196753
2005,6,9,3,4,1091,34.81,10,.926179,2,1,0,39.196753
2005,6,9,3,4,1091,35.37,10,.926179,2,1,0,39.196753
2005,6,9,3,4,1091,36.02,10,.926179,2,1,0,39.196753
2005,6,9,3,4,1091,36.77,10,.926179,2,1,0,39.196753
2005,6,9,3,4,1091,37.61,10,.926179,2,0,0,39.196753
2005,6,9,3,4,1091,75,10,.926179,2,0,0,39.196753
2005,6,9,3,4,1091,150,14,.926179,2,0,0,150
2005,6,9,4,4,1091,0,140,.926179,2,1,0,0
2005,6,9,4,4,1091,25,40,.926179,2,1,0,39.196753
2005,6,9,4,4,1091,34.35,10,.926179,2,1,0,39.196753
2005,6,9,4,4,1091,34.81,10,.926179,2,1,0,39.196753
2005,6,9,4,4,1091,35.37,10,.926179,2,1,0,39.196753
2005,6,9,4,4,1091,36.02,10,.926179,2,1,0,39.196753
2005,6,9,4,4,1091,36.77,10,.926179,2,1,0,39.196753
2005,6,9,4,4,1091,37.61,10,.926179,2,0,0,39.196753
2005,6,9,4,4,1091,75,10,.926179,2,0,0,39.196753
2005,6,9,4,4,1091,150,14,.926179,2,0,0,150
2005,6,9,5,4,1091,0,140,.926179,2,1,0,0
2005,6,9,5,4,1091,25,40,.926179,2,1,0,39.196753
2005,6,9,5,4,1091,34.35,10,.926179,2,1,0,39.196753
2005,6,9,5,4,1091,34.81,10,.926179,2,1,0,39.196753
2005,6,9,5,4,1091,35.37,10,.926179,2,1,0,39.196753
2005,6,9,5,4,1091,36.02,10,.926179,2,1,0,39.196753
2005,6,9,5,4,1091,36.77,10,.926179,2,1,0,39.196753
2005,6,9,5,4,1091,37.61,10,.926179,2,0,0,39.196753
2005,6,9,5,4,1091,75,10,.926179,2,0,0,39.196753
2005,6,9,5,4,1091,150,14,.926179,2,0,0,150
2005,6,9,6,4,1091,0,140,.926179,2,1,0,0
2005,6,9,6,4,1091,25,40,.926179,2,1,0,39.196753
2005,6,9,6,4,1091,34.35,10,.926179,2,1,0,39.196753
2005,6,9,6,4,1091,34.81,10,.926179,2,1,0,39.196753
2005,6,9,6,4,1091,35.37,10,.926179,2,1,0,39.196753
2005,6,9,6,4,1091,36.02,10,.926179,2,1,0,39.196753
2005,6,9,6,4,1091,36.77,10,.926179,2,1,0,39.196753
2005,6,9,6,4,1091,37.61,10,.926179,2,0,0,39.196753
2005,6,9,6,4,1091,75,10,.926179,2,0,0,39.196753
2005,6,9,6,4,1091,150,14,.926179,2,0,0,150
2005,6,9,7,4,1091,0,140,.926179,2,1,0,0
2005,6,9,7,4,1091,25,40,.926179,2,1,0,39.196753
2005,6,9,7,4,1091,34.35,10,.926179,2,1,0,39.196753
2005,6,9,7,4,1091,34.81,10,.926179,2,1,0,39.196753
2005,6,9,7,4,1091,35.37,10,.926179,2,1,0,39.196753
2005,6,9,7,4,1091,36.02,10,.926179,2,1,0,39.196753
2005,6,9,7,4,1091,36.77,10,.926179,2,1,0,39.196753
2005,6,9,7,4,1091,37.61,10,.926179,2,1,0,39.196753
2005,6,9,7,4,1091,75,10,.926179,2,0,0,39.196753
2005,6,9,7,4,1091,150,14,.926179,2,0,0,150
2005,6,9,8,4,1091,0,200,.926179,2,1,0,0
2005,6,9,8,4,1091,35.37,10,.926179,2,1,0,39.196753
2005,6,9,8,4,1091,36.02,10,.926179,2,1,0,39.196753
2005,6,9,8,4,1091,36.77,10,.926179,2,1,0,39.196753
2005,6,9,8,4,1091,37.61,10,.926179,2,1,0,39.196753
2005,6,9,8,4,1091,75,10,.926179,2,0,0,39.196753
2005,6,9,8,4,1091,150,14,.926179,2,0,0,150
2005,6,9,9,4,1091,0,240,.926179,2,1,0,0
2005,6,9,9,4,1091,75,10,.926179,2,0,0,39.196753
2005,6,9,9,4,1091,150,14,.926179,2,0,0,150
2005,6,9,10,4,1091,0,240,.926179,2,1,0,0
2005,6,9,10,4,1091,75,10,.926179,2,0,0,39.196753
2005,6,9,10,4,1091,150,14,.926179,2,0,0,150
2005,6,9,11,4,1091,0,240,.926179,2,1,0,0
2005,6,9,11,4,1091,75,10,.926179,2,1,0,39.196753
2005,6,9,11,4,1091,150,14,.926179,2,0,0,150
2005,6,9,12,4,1091,0,240,.926179,2,1,0,0
2005,6,9,12,4,1091,75,10,.926179,2,1,0,39.196753
2005,6,9,12,4,1091,150,14,.926179,2,0,0,150
2005,6,9,13,4,1091,0,240,.926179,2,1,0,0
2005,6,9,13,4,1091,75,10,.926179,2,1,0,39.196753
2005,6,9,13,4,1091,150,14,.926179,2,0,0,150
2005,6,9,14,4,1091,0,240,.926179,2,1,0,0
2005,6,9,14,4,1091,75,10,.926179,2,1,0,39.196753
2005,6,9,14,4,1091,150,14,.926179,2,0,0,150
2005,6,9,15,4,1091,0,240,.926179,2,1,0,0
2005,6,9,15,4,1091,75,10,.926179,2,1,0,39.196753
2005,6,9,15,4,1091,150,14,.926179,2,0,0,150
2005,6,9,16,4,1091,0,240,.926179,2,1,0,0
2005,6,9,16,4,1091,75,10,.926179,2,1,0,39.196753
2005,6,9,16,4,1091,150,14,.926179,2,0,0,150
2005,6,9,17,4,1091,0,240,.926179,2,1,0,0
2005,6,9,17,4,1091,75,10,.926179,2,1,0,39.196753
2005,6,9,17,4,1091,150,14,.926179,2,0,0,150
2005,6,9,18,4,1091,0,240,.926179,2,1,0,0
2005,6,9,18,4,1091,75,10,.926179,2,1,0,39.196753
2005,6,9,18,4,1091,150,14,.926179,2,0,0,150
2005,6,9,19,4,1091,0,240,.926179,2,1,0,0
2005,6,9,19,4,1091,75,10,.926179,2,1,0,39.196753
2005,6,9,19,4,1091,150,14,.926179,2,0,0,150
2005,6,9,20,4,1091,0,240,.926179,2,1,0,0
2005,6,9,20,4,1091,75,10,.926179,2,0,0,39.196753
2005,6,9,20,4,1091,150,14,.926179,2,0,0,150
2005,6,9,21,4,1091,0,240,.926179,2,1,0,0
2005,6,9,21,4,1091,75,10,.926179,2,0,0,39.196753
2005,6,9,21,4,1091,150,14,.926179,2,0,0,150
2005,6,9,22,4,1091,0,240,.926179,2,1,0,0
2005,6,9,22,4,1091,75,10,.926179,2,0,0,39.196753
2005,6,9,22,4,1091,150,14,.926179,2,0,0,150
2005,6,9,23,4,1091,0,240,.926179,2,1,0,0
2005,6,9,23,4,1091,75,10,.926179,2,0,0,39.196753
2005,6,9,23,4,1091,150,14,.926179,2,0,0,150
2005,6,9,24,4,1091,0,240,.926179,2,1,0,0
2005,6,9,24,4,1091,75,10,.926179,2,0,0,39.196753
2005,6,9,24,4,1091,150,14,.926179,2,0,0,150
2005,6,9,1,4,1092,0,271,.926179,2,1,0,0
2005,6,9,1,4,1092,34.43,9,.926179,2,1,0,39.043588
2005,6,9,1,4,1092,35.04,10,.926179,2,1,0,39.043588
2005,6,9,1,4,1092,35.71,15,.926179,2,1,0,39.043588
2005,6,9,1,4,1092,75,28,.926179,2,0,0,39.043588
2005,6,9,1,4,1092,150,22.1,.926179,2,0,0,150
2005,6,9,2,4,1092,0,230,.926179,2,1,0,0
2005,6,9,2,4,1092,25,40,.926179,2,1,0,39.043588
2005,6,9,2,4,1092,34.43,10,.926179,2,1,0,39.043588
2005,6,9,2,4,1092,35.04,10,.926179,2,1,0,39.043588
2005,6,9,2,4,1092,35.71,15,.926179,2,1,0,39.043588
2005,6,9,2,4,1092,75,28,.926179,2,0,0,39.043588
2005,6,9,2,4,1092,150,22.1,.926179,2,0,0,150
2005,6,9,3,4,1092,0,230,.926179,2,1,0,0
2005,6,9,3,4,1092,25,40,.926179,2,1,0,39.043588
2005,6,9,3,4,1092,34.43,10,.926179,2,1,0,39.043588
2005,6,9,3,4,1092,35.04,10,.926179,2,1,0,39.043588
2005,6,9,3,4,1092,35.71,15,.926179,2,1,0,39.043588
2005,6,9,3,4,1092,75,28,.926179,2,0,0,39.043588
2005,6,9,3,4,1092,150,22.1,.926179,2,0,0,150
2005,6,9,4,4,1092,0,230,.926179,2,1,0,0
2005,6,9,4,4,1092,25,40,.926179,2,1,0,39.043588
2005,6,9,4,4,1092,34.43,10,.926179,2,1,0,39.043588
2005,6,9,4,4,1092,35.04,10,.926179,2,1,0,39.043588
2005,6,9,4,4,1092,35.71,15,.926179,2,1,0,39.043588
2005,6,9,4,4,1092,75,28,.926179,2,0,0,39.043588
2005,6,9,4,4,1092,150,22.1,.926179,2,0,0,150
2005,6,9,5,4,1092,0,230,.926179,2,1,0,0
2005,6,9,5,4,1092,25,40,.926179,2,1,0,39.043588
2005,6,9,5,4,1092,34.43,10,.926179,2,1,0,39.043588
2005,6,9,5,4,1092,35.04,10,.926179,2,1,0,39.043588
2005,6,9,5,4,1092,35.71,15,.926179,2,1,0,39.043588
2005,6,9,5,4,1092,75,28,.926179,2,0,0,39.043588
2005,6,9,5,4,1092,150,22.1,.926179,2,0,0,150
2005,6,9,6,4,1092,0,230,.926179,2,1,0,0
2005,6,9,6,4,1092,25,40,.926179,2,1,0,39.043588
2005,6,9,6,4,1092,34.43,10,.926179,2,1,0,39.043588
2005,6,9,6,4,1092,35.04,10,.926179,2,1,0,39.043588
2005,6,9,6,4,1092,35.71,15,.926179,2,1,0,39.043588
2005,6,9,6,4,1092,75,28,.926179,2,0,0,39.043588
2005,6,9,6,4,1092,150,22.1,.926179,2,0,0,150
2005,6,9,7,4,1092,0,230,.926179,2,1,0,0
2005,6,9,7,4,1092,25,40,.926179,2,1,0,39.043588
2005,6,9,7,4,1092,34.43,10,.926179,2,1,0,39.043588
2005,6,9,7,4,1092,35.04,10,.926179,2,1,0,39.043588
2005,6,9,7,4,1092,35.71,15,.926179,2,1,0,39.043588
2005,6,9,7,4,1092,75,28,.926179,2,0,0,39.043588
2005,6,9,7,4,1092,150,22.1,.926179,2,0,0,150
2005,6,9,8,4,1092,0,271,.926179,2,1,0,0
2005,6,9,8,4,1092,34.43,9,.926179,2,1,0,39.043588
2005,6,9,8,4,1092,35.04,10,.926179,2,1,0,39.043588
2005,6,9,8,4,1092,35.71,15,.926179,2,1,0,39.043588
2005,6,9,8,4,1092,75,28,.926179,2,0,0,39.043588
2005,6,9,8,4,1092,150,22.1,.926179,2,0,0,150
2005,6,9,9,4,1092,0,305,.926179,2,1,0,0
2005,6,9,9,4,1092,75,28,.926179,2,0,0,39.043588
2005,6,9,9,4,1092,150,22.1,.926179,2,0,0,150
2005,6,9,10,4,1092,0,305,.926179,2,1,0,0
2005,6,9,10,4,1092,75,28,.926179,2,0,0,39.043588
2005,6,9,10,4,1092,150,22.1,.926179,2,0,0,150
2005,6,9,11,4,1092,0,305,.926179,2,1,0,0
2005,6,9,11,4,1092,75,28,.926179,2,1,0,39.043588
2005,6,9,11,4,1092,150,22.1,.926179,2,0,0,150
2005,6,9,12,4,1092,0,305,.926179,2,1,0,0
2005,6,9,12,4,1092,75,28,.926179,2,1,0,39.043588
2005,6,9,12,4,1092,150,22.1,.926179,2,0,0,150
2005,6,9,13,4,1092,0,305,.926179,2,1,0,0
2005,6,9,13,4,1092,75,28,.926179,2,1,0,39.043588
2005,6,9,13,4,1092,150,22.1,.926179,2,0,0,150
2005,6,9,14,4,1092,0,305,.926179,2,1,0,0
2005,6,9,14,4,1092,75,28,.926179,2,1,0,39.043588
2005,6,9,14,4,1092,150,22.1,.926179,2,0,0,150
2005,6,9,15,4,1092,0,305,.926179,2,1,0,0
2005,6,9,15,4,1092,75,28,.926179,2,1,0,39.043588
2005,6,9,15,4,1092,150,22.1,.926179,2,0,0,150
2005,6,9,16,4,1092,0,305,.926179,2,1,0,0
2005,6,9,16,4,1092,75,28,.926179,2,1,0,39.043588
2005,6,9,16,4,1092,150,22.1,.926179,2,0,0,150
2005,6,9,17,4,1092,0,305,.926179,2,1,0,0
2005,6,9,17,4,1092,75,28,.926179,2,1,0,39.043588
2005,6,9,17,4,1092,150,22.1,.926179,2,0,0,150
2005,6,9,18,4,1092,0,305,.926179,2,1,0,0
2005,6,9,18,4,1092,75,28,.926179,2,1,0,39.043588
2005,6,9,18,4,1092,150,22.1,.926179,2,0,0,150
2005,6,9,19,4,1092,0,305,.926179,2,1,0,0
2005,6,9,19,4,1092,75,28,.926179,2,1,0,39.043588
2005,6,9,19,4,1092,150,22.1,.926179,2,0,0,150
2005,6,9,20,4,1092,0,305,.926179,2,1,0,0
2005,6,9,20,4,1092,75,28,.926179,2,0,0,39.043588
2005,6,9,20,4,1092,150,22.1,.926179,2,0,0,150
2005,6,9,21,4,1092,0,305,.926179,2,1,0,0
2005,6,9,21,4,1092,75,28,.926179,2,0,0,39.043588
2005,6,9,21,4,1092,150,22.1,.926179,2,0,0,150
2005,6,9,22,4,1092,0,305,.926179,2,1,0,0
2005,6,9,22,4,1092,75,28,.926179,2,0,0,39.043588
2005,6,9,22,4,1092,150,22.1,.926179,2,0,0,150
2005,6,9,23,4,1092,0,305,.926179,2,1,0,0
2005,6,9,23,4,1092,75,28,.926179,2,0,0,39.043588
2005,6,9,23,4,1092,150,22.1,.926179,2,0,0,150
2005,6,9,24,4,1092,0,305,.926179,2,1,0,0
2005,6,9,24,4,1092,75,28,.926179,2,0,0,39.043588
2005,6,9,24,4,1092,150,22.1,.926179,2,0,0,150
2005,6,9,1,9,216,0,22.6,0,2,1,0,0
2005,6,9,2,9,216,0,22.7,0,2,1,0,0
2005,6,9,3,9,216,0,22.8,0,2,1,0,0
2005,6,9,4,9,216,0,22.8,0,2,1,0,0
2005,6,9,5,9,216,0,22.9,0,2,1,0,0
2005,6,9,6,9,216,0,22.9,0,2,1,0,0
2005,6,9,7,9,216,0,22.9,0,2,1,0,0
2005,6,9,8,9,216,0,22.9,0,2,1,0,0
2005,6,9,9,9,216,0,22.8,0,2,1,0,0
2005,6,9,10,9,216,0,22.7,0,2,1,0,0
2005,6,9,11,9,216,0,22.6,0,2,1,0,0
2005,6,9,12,9,216,0,22.5,0,2,1,0,0
2005,6,9,13,9,216,0,22.4,0,2,1,0,0
2005,6,9,14,9,216,0,22.3,0,2,1,0,0
2005,6,9,15,9,216,0,22.2,0,2,1,0,0
2005,6,9,16,9,216,0,22.1,0,2,1,0,0
2005,6,9,17,9,216,0,22,0,2,1,0,0
2005,6,9,18,9,216,0,22,0,2,1,0,0
2005,6,9,19,9,216,0,22.1,0,2,1,0,0
2005,6,9,20,9,216,0,22.2,0,2,1,0,0
2005,6,9,21,9,216,0,22.3,0,2,1,0,0
2005,6,9,22,9,216,0,22.4,0,2,1,0,0
2005,6,9,23,9,216,0,22.5,0,2,1,0,0
2005,6,9,24,9,216,0,22.6,0,2,1,0,0
2005,6,9,1,9,217,0,53.5,0,2,1,0,0
2005,6,9,2,9,217,0,53.8,0,2,1,0,0
2005,6,9,3,9,217,0,53.8,0,2,1,0,0
2005,6,9,4,9,217,0,53.8,0,2,1,0,0
2005,6,9,5,9,217,0,53.3,0,2,1,0,0
2005,6,9,6,9,217,0,53.6,0,2,1,0,0
2005,6,9,7,9,217,0,54.6,0,2,1,0,0
2005,6,9,8,9,217,0,55,0,2,1,0,0
2005,6,9,9,9,217,0,56.5,0,2,1,0,0
2005,6,9,10,9,217,0,55.8,0,2,1,0,0
2005,6,9,11,9,217,0,55.7,0,2,1,0,0
2005,6,9,12,9,217,0,55.5,0,2,1,0,0
2005,6,9,13,9,217,0,54.6,0,2,1,0,0
2005,6,9,14,9,217,0,53.8,0,2,1,0,0
2005,6,9,15,9,217,0,54.1,0,2,1,0,0
2005,6,9,16,9,217,0,54.2,0,2,1,0,0
2005,6,9,17,9,217,0,53.4,0,2,1,0,0
2005,6,9,18,9,217,0,54,0,2,1,0,0
2005,6,9,19,9,217,0,54,0,2,1,0,0
2005,6,9,20,9,217,0,54,0,2,1,0,0
2005,6,9,21,9,217,0,54,0,2,1,0,0
2005,6,9,22,9,217,0,54,0,2,1,0,0
2005,6,9,23,9,217,0,54,0,2,1,0,0
2005,6,9,24,9,217,0,54.7,0,2,1,0,0
2005,6,9,1,9,218,0,73.2,0,2,1,0,0
2005,6,9,1,9,218,180.3,69.5,0,2,0,0,180.3
2005,6,9,2,9,218,0,73.3,0,2,1,0,0
2005,6,9,2,9,218,180.3,69.4,0,2,0,0,180.3
2005,6,9,3,9,218,0,73.7,0,2,1,0,0
2005,6,9,3,9,218,180.3,69,0,2,0,0,180.3
2005,6,9,4,9,218,0,73.6,0,2,1,0,0
2005,6,9,4,9,218,180.3,69.1,0,2,0,0,180.3
2005,6,9,5,9,218,0,74,0,2,1,0,0
2005,6,9,5,9,218,180.3,68.7,0,2,0,0,180.3
2005,6,9,6,9,218,0,78.9,0,2,1,0,0
2005,6,9,6,9,218,180.3,63.8,0,2,0,0,180.3
2005,6,9,7,9,218,0,82.1,0,2,1,0,0
2005,6,9,7,9,218,180.3,60.6,0,2,0,0,180.3
2005,6,9,8,9,218,0,81.7,0,2,1,0,0
2005,6,9,8,9,218,180.3,61,0,2,0,0,180.3
2005,6,9,9,9,218,0,82.7,0,2,1,0,0
2005,6,9,9,9,218,65,3,0,2,0,0,65
2005,6,9,9,9,218,180.3,57,0,2,0,0,180.3
2005,6,9,10,9,218,0,82.5,0,2,1,0,0
2005,6,9,10,9,218,65,3,0,2,1,0,65
2005,6,9,10,9,218,180.3,57.2,0,2,0,0,180.3
2005,6,9,11,9,218,0,81.7,0,2,1,0,0
2005,6,9,11,9,218,65,3,0,2,1,0,65
2005,6,9,11,9,218,180.3,58,0,2,0,0,180.3
2005,6,9,12,9,218,0,81.5,0,2,1,0,0
2005,6,9,12,9,218,65,3,0,2,1,0,65
2005,6,9,12,9,218,180.3,58.2,0,2,0,0,180.3
2005,6,9,13,9,218,0,79.6,0,2,1,0,0
2005,6,9,13,9,218,65,3,0,2,1,0,65
2005,6,9,13,9,218,180.3,60.1,0,2,0,0,180.3
2005,6,9,14,9,218,0,79,0,2,1,0,0
2005,6,9,14,9,218,65,3,0,2,1,0,65
2005,6,9,14,9,218,180.3,60.7,0,2,0,0,180.3
2005,6,9,15,9,218,0,78,0,2,1,0,0
2005,6,9,15,9,218,180.3,64.7,0,2,0,0,180.3
2005,6,9,16,9,218,0,77.6,0,2,1,0,0
2005,6,9,16,9,218,180.3,65.1,0,2,0,0,180.3
2005,6,9,17,9,218,0,70.5,0,2,1,0,0
2005,6,9,17,9,218,65,3,0,2,1,0,65
2005,6,9,17,9,218,180.3,69.2,0,2,0,0,180.3
2005,6,9,18,9,218,0,70.1,0,2,1,0,0
2005,6,9,18,9,218,65,3,0,2,1,0,65
2005,6,9,18,9,218,180.3,69.6,0,2,0,0,180.3
2005,6,9,19,9,218,0,73.1,0,2,1,0,0
2005,6,9,19,9,218,65,3,0,2,1,0,65
2005,6,9,19,9,218,180.3,66.6,0,2,0,0,180.3
2005,6,9,20,9,218,0,74.9,0,2,1,0,0
2005,6,9,20,9,218,65,3,0,2,1,0,65
2005,6,9,20,9,218,180.3,64.8,0,2,0,0,180.3
2005,6,9,21,9,218,0,72.7,0,2,1,0,0
2005,6,9,21,9,218,65,3,0,2,0,0,65
2005,6,9,21,9,218,180.3,67,0,2,0,0,180.3
2005,6,9,22,9,218,0,73.5,0,2,1,0,0
2005,6,9,22,9,218,180.3,69.2,0,2,0,0,180.3
2005,6,9,23,9,218,0,73.8,0,2,1,0,0
2005,6,9,23,9,218,180.3,68.9,0,2,0,0,180.3
2005,6,9,24,9,218,0,74,0,2,1,0,0
2005,6,9,24,9,218,180.3,68.7,0,2,0,0,180.3
2005,6,9,1,9,219,0,15.1,0,2,1,0,0
2005,6,9,2,9,219,0,15.1,0,2,1,0,0
2005,6,9,3,9,219,0,15.1,0,2,1,0,0
2005,6,9,4,9,219,0,15.1,0,2,1,0,0
2005,6,9,5,9,219,0,15.1,0,2,1,0,0
2005,6,9,6,9,219,0,15.1,0,2,1,0,0
2005,6,9,7,9,219,0,15.1,0,2,1,0,0
2005,6,9,8,9,219,0,14.9,0,2,1,0,0
2005,6,9,9,9,219,0,14.1,0,2,1,0,0
2005,6,9,10,9,219,0,13,0,2,1,0,0
2005,6,9,11,9,219,0,16.8,0,2,1,0,0
2005,6,9,12,9,219,0,15.8,0,2,1,0,0
2005,6,9,13,9,219,0,15.8,0,2,1,0,0
2005,6,9,14,9,219,0,16.7,0,2,1,0,0
2005,6,9,15,9,219,0,17.3,0,2,1,0,0
2005,6,9,16,9,219,0,17.3,0,2,1,0,0
2005,6,9,17,9,219,0,17.1,0,2,1,0,0
2005,6,9,18,9,219,0,17.3,0,2,1,0,0
2005,6,9,19,9,219,0,19.1,0,2,1,0,0
2005,6,9,20,9,219,0,19.3,0,2,1,0,0
2005,6,9,21,9,219,0,19.5,0,2,1,0,0
2005,6,9,22,9,219,0,20.3,0,2,1,0,0
2005,6,9,23,9,219,0,20.3,0,2,1,0,0
2005,6,9,24,9,219,0,20.3,0,2,1,0,0
2005,6,9,1,2,220,0,26.8,0,2,1,0,0
2005,6,9,1,2,220,67.51,.6,0,2,0,0,67.51
2005,6,9,1,2,220,70.02,.6,0,2,0,0,70.02
2005,6,9,1,2,220,72.53,.6,0,2,0,0,72.53
2005,6,9,1,2,220,75.04,.5,0,2,0,0,75.04
2005,6,9,2,2,220,0,26.8,0,2,1,0,0
2005,6,9,2,2,220,67.51,.6,0,2,0,0,67.51
2005,6,9,2,2,220,70.02,.6,0,2,0,0,70.02
2005,6,9,2,2,220,72.53,.6,0,2,0,0,72.53
2005,6,9,2,2,220,75.04,.5,0,2,0,0,75.04
2005,6,9,3,2,220,0,8.3,0,2,1,0,0
2005,6,9,3,2,220,67.51,.6,0,2,0,0,67.51
2005,6,9,3,2,220,70.02,.6,0,2,0,0,70.02
2005,6,9,3,2,220,72.53,.6,0,2,0,0,72.53
2005,6,9,3,2,220,75.04,.5,0,2,0,0,75.04
2005,6,9,4,2,220,0,8.3,0,2,1,0,0
2005,6,9,4,2,220,67.51,.6,0,2,0,0,67.51
2005,6,9,4,2,220,70.02,.6,0,2,0,0,70.02
2005,6,9,4,2,220,72.53,.6,0,2,0,0,72.53
2005,6,9,4,2,220,75.04,.5,0,2,0,0,75.04
2005,6,9,5,2,220,0,8.3,0,2,1,0,0
2005,6,9,5,2,220,67.51,.6,0,2,0,0,67.51
2005,6,9,5,2,220,70.02,.6,0,2,0,0,70.02
2005,6,9,5,2,220,72.53,.6,0,2,0,0,72.53
2005,6,9,5,2,220,75.04,.5,0,2,0,0,75.04
2005,6,9,6,2,220,0,8.3,0,2,1,0,0
2005,6,9,6,2,220,67.51,.6,0,2,0,0,67.51
2005,6,9,6,2,220,70.02,.6,0,2,0,0,70.02
2005,6,9,6,2,220,72.53,.6,0,2,0,0,72.53
2005,6,9,6,2,220,75.04,.5,0,2,0,0,75.04
2005,6,9,7,2,220,0,8.3,0,2,1,0,0
2005,6,9,7,2,220,67.51,.6,0,2,0,0,67.51
2005,6,9,7,2,220,70.02,.6,0,2,0,0,70.02
2005,6,9,7,2,220,72.53,.6,0,2,0,0,72.53
2005,6,9,7,2,220,75.04,.5,0,2,0,0,75.04
2005,6,9,8,2,220,0,48.4,0,2,1,0,0
2005,6,9,8,2,220,67.51,.6,0,2,0,0,67.51
2005,6,9,8,2,220,70.02,.6,0,2,0,0,70.02
2005,6,9,8,2,220,72.53,.6,0,2,0,0,72.53
2005,6,9,8,2,220,75.04,.5,0,2,0,0,75.04
2005,6,9,9,2,220,0,48.3,0,2,1,0,0
2005,6,9,9,2,220,67.51,.6,0,2,0,0,67.51
2005,6,9,9,2,220,70.02,.6,0,2,0,0,70.02
2005,6,9,9,2,220,72.53,.6,0,2,0,0,72.53
2005,6,9,9,2,220,75.04,.5,0,2,0,0,75.04
2005,6,9,10,2,220,0,99.2,0,2,1,0,0
2005,6,9,11,2,220,0,222,0,2,1,0,0
2005,6,9,11,2,220,67.51,14,0,2,1,0,67.51
2005,6,9,11,2,220,70.02,14,0,2,1,0,70.02
2005,6,9,11,2,220,72.53,14,0,2,1,0,72.53
2005,6,9,11,2,220,75.04,14,0,2,1,0,75.04
2005,6,9,12,2,220,0,276.6,0,2,1,0,0
2005,6,9,12,2,220,67.51,14,0,2,1,0,67.51
2005,6,9,12,2,220,70.02,14,0,2,1,0,70.02
2005,6,9,12,2,220,72.53,14,0,2,1,0,72.53
2005,6,9,12,2,220,75.04,14,0,2,1,0,75.04
2005,6,9,13,2,220,0,276.3,0,2,1,0,0
2005,6,9,13,2,220,67.51,14,0,2,1,0,67.51
2005,6,9,13,2,220,70.02,14,0,2,1,0,70.02
2005,6,9,13,2,220,72.53,14,0,2,1,0,72.53
2005,6,9,13,2,220,75.04,14,0,2,1,0,75.04
2005,6,9,14,2,220,0,276,0,2,1,0,0
2005,6,9,14,2,220,67.51,14,0,2,1,0,67.51
2005,6,9,14,2,220,70.02,14,0,2,1,0,70.02
2005,6,9,14,2,220,72.53,14,0,2,1,0,72.53
2005,6,9,14,2,220,75.04,14,0,2,1,0,75.04
2005,6,9,15,2,220,0,119.5,0,2,1,0,0
2005,6,9,15,2,220,67.51,14,0,2,1,0,67.51
2005,6,9,15,2,220,70.02,14,0,2,1,0,70.02
2005,6,9,15,2,220,72.53,14,0,2,1,0,72.53
2005,6,9,15,2,220,75.04,14,0,2,1,0,75.04
2005,6,9,16,2,220,0,119.5,0,2,1,0,0
2005,6,9,16,2,220,67.51,14,0,2,1,0,67.51
2005,6,9,16,2,220,70.02,14,0,2,1,0,70.02
2005,6,9,16,2,220,72.53,14,0,2,1,0,72.53
2005,6,9,16,2,220,75.04,14,0,2,1,0,75.04
2005,6,9,17,2,220,0,217.9,0,2,1,0,0
2005,6,9,17,2,220,67.51,14,0,2,1,0,67.51
2005,6,9,17,2,220,70.02,14,0,2,1,0,70.02
2005,6,9,17,2,220,72.53,14,0,2,1,0,72.53
2005,6,9,17,2,220,75.04,14,0,2,1,0,75.04
2005,6,9,18,2,220,0,217.9,0,2,1,0,0
2005,6,9,18,2,220,67.51,14,0,2,1,0,67.51
2005,6,9,18,2,220,70.02,14,0,2,1,0,70.02
2005,6,9,18,2,220,72.53,14,0,2,1,0,72.53
2005,6,9,18,2,220,75.04,14,0,2,1,0,75.04
2005,6,9,19,2,220,0,217.8,0,2,1,0,0
2005,6,9,19,2,220,67.51,14,0,2,1,0,67.51
2005,6,9,19,2,220,70.02,14,0,2,1,0,70.02
2005,6,9,19,2,220,72.53,14,0,2,1,0,72.53
2005,6,9,19,2,220,75.04,14,0,2,1,0,75.04
2005,6,9,20,2,220,0,116.9,0,2,1,0,0
2005,6,9,21,2,220,0,84.6,0,2,1,0,0
2005,6,9,21,2,220,67.51,.6,0,2,0,0,67.51
2005,6,9,21,2,220,70.02,.6,0,2,0,0,70.02
2005,6,9,21,2,220,72.53,.6,0,2,0,0,72.53
2005,6,9,21,2,220,75.04,.5,0,2,0,0,75.04
2005,6,9,22,2,220,0,97.2,0,2,1,0,0
2005,6,9,22,2,220,67.51,.6,0,2,0,0,67.51
2005,6,9,22,2,220,70.02,.6,0,2,0,0,70.02
2005,6,9,22,2,220,72.53,.6,0,2,0,0,72.53
2005,6,9,22,2,220,75.04,.5,0,2,0,0,75.04
2005,6,9,23,2,220,0,66.7,0,2,1,0,0
2005,6,9,23,2,220,67.51,.6,0,2,0,0,67.51
2005,6,9,23,2,220,70.02,.6,0,2,0,0,70.02
2005,6,9,23,2,220,72.53,.6,0,2,0,0,72.53
2005,6,9,23,2,220,75.04,.5,0,2,0,0,75.04
2005,6,9,24,2,220,0,44.9,0,2,1,0,0
2005,6,9,24,2,220,67.51,.6,0,2,0,0,67.51
2005,6,9,24,2,220,70.02,.6,0,2,0,0,70.02
2005,6,9,24,2,220,72.53,.6,0,2,0,0,72.53
2005,6,9,24,2,220,75.04,.5,0,2,0,0,75.04
2005,6,9,1,4,1096,140.02,113,.833154,2,0,0,140.02
2005,6,9,1,4,1096,160,2,.833154,2,0,0,160
2005,6,9,2,4,1096,140.02,113,.833154,2,0,0,140.02
2005,6,9,2,4,1096,160,2,.833154,2,0,0,160
2005,6,9,3,4,1096,140.02,113,.833154,2,0,0,140.02
2005,6,9,3,4,1096,160,2,.833154,2,0,0,160
2005,6,9,4,4,1096,140.02,113,.833154,2,0,0,140.02
2005,6,9,4,4,1096,160,2,.833154,2,0,0,160
2005,6,9,5,4,1096,140.02,113,.833154,2,0,0,140.02
2005,6,9,5,4,1096,160,2,.833154,2,0,0,160
2005,6,9,6,4,1096,140.02,113,.833154,2,0,0,140.02
2005,6,9,6,4,1096,160,2,.833154,2,0,0,160
2005,6,9,7,4,1096,140.02,113,.833154,2,0,0,140.02
2005,6,9,7,4,1096,160,2,.833154,2,0,0,160
2005,6,9,8,4,1096,140.02,113,.833154,2,0,0,140.02
2005,6,9,8,4,1096,160,2,.833154,2,0,0,160
2005,6,9,9,4,1096,140.02,113,.833154,2,0,0,140.02
2005,6,9,9,4,1096,160,2,.833154,2,0,0,160
2005,6,9,10,4,1096,140.02,113,.833154,2,0,0,140.02
2005,6,9,10,4,1096,160,2,.833154,2,0,0,160
2005,6,9,11,4,1096,140.02,113,.833154,2,0,0,140.02
2005,6,9,11,4,1096,160,2,.833154,2,0,0,160
2005,6,9,12,4,1096,140.02,113,.833154,2,0,0,140.02
2005,6,9,12,4,1096,160,2,.833154,2,0,0,160
2005,6,9,13,4,1096,140.02,113,.833154,2,0,0,140.02
2005,6,9,13,4,1096,160,2,.833154,2,0,0,160
2005,6,9,14,4,1096,140.02,113,.833154,2,0,0,140.02
2005,6,9,14,4,1096,160,2,.833154,2,0,0,160
2005,6,9,15,4,1096,140.02,113,.833154,2,0,0,140.02
2005,6,9,15,4,1096,160,2,.833154,2,0,0,160
2005,6,9,16,4,1096,140.02,113,.833154,2,0,0,140.02
2005,6,9,16,4,1096,160,2,.833154,2,0,0,160
2005,6,9,17,4,1096,140.02,113,.833154,2,0,0,140.02
2005,6,9,17,4,1096,160,2,.833154,2,0,0,160
2005,6,9,18,4,1096,140.02,113,.833154,2,0,0,140.02
2005,6,9,18,4,1096,160,2,.833154,2,0,0,160
2005,6,9,19,4,1096,140.02,113,.833154,2,0,0,140.02
2005,6,9,19,4,1096,160,2,.833154,2,0,0,160
2005,6,9,20,4,1096,140.02,113,.833154,2,0,0,140.02
2005,6,9,20,4,1096,160,2,.833154,2,0,0,160
2005,6,9,21,4,1096,140.02,113,.833154,2,0,0,140.02
2005,6,9,21,4,1096,160,2,.833154,2,0,0,160
2005,6,9,22,4,1096,140.02,113,.833154,2,0,0,140.02
2005,6,9,22,4,1096,160,2,.833154,2,0,0,160
2005,6,9,23,4,1096,140.02,113,.833154,2,0,0,140.02
2005,6,9,23,4,1096,160,2,.833154,2,0,0,160
2005,6,9,24,4,1096,140.02,113,.833154,2,0,0,140.02
2005,6,9,24,4,1096,160,2,.833154,2,0,0,160
2005,6,9,1,4,1097,137.02,319,.833154,2,0,0,137.02
2005,6,9,1,4,1097,150,13.5,.833154,2,0,0,150
2005,6,9,2,4,1097,137.02,319,.833154,2,0,0,137.02
2005,6,9,2,4,1097,150,13.5,.833154,2,0,0,150
2005,6,9,3,4,1097,137.02,319,.833154,2,0,0,137.02
2005,6,9,3,4,1097,150,13.5,.833154,2,0,0,150
2005,6,9,4,4,1097,137.02,319,.833154,2,0,0,137.02
2005,6,9,4,4,1097,150,13.5,.833154,2,0,0,150
2005,6,9,5,4,1097,137.02,319,.833154,2,0,0,137.02
2005,6,9,5,4,1097,150,13.5,.833154,2,0,0,150
2005,6,9,6,4,1097,137.02,319,.833154,2,0,0,137.02
2005,6,9,6,4,1097,150,13.5,.833154,2,0,0,150
2005,6,9,7,4,1097,137.02,319,.833154,2,0,0,137.02
2005,6,9,7,4,1097,150,13.5,.833154,2,0,0,150
2005,6,9,8,4,1097,137.02,319,.833154,2,0,0,137.02
2005,6,9,8,4,1097,150,13.5,.833154,2,0,0,150
2005,6,9,9,4,1097,137.02,319,.833154,2,0,0,137.02
2005,6,9,9,4,1097,150,13.5,.833154,2,0,0,150
2005,6,9,10,4,1097,137.02,319,.833154,2,0,0,137.02
2005,6,9,10,4,1097,150,13.5,.833154,2,0,0,150
2005,6,9,11,4,1097,137.02,319,.833154,2,0,0,137.02
2005,6,9,11,4,1097,150,13.5,.833154,2,0,0,150
2005,6,9,12,4,1097,137.02,319,.833154,2,0,0,137.02
2005,6,9,12,4,1097,150,13.5,.833154,2,0,0,150
2005,6,9,13,4,1097,137.02,319,.833154,2,0,0,137.02
2005,6,9,13,4,1097,150,13.5,.833154,2,0,0,150
2005,6,9,14,4,1097,137.02,319,.833154,2,0,0,137.02
2005,6,9,14,4,1097,150,13.5,.833154,2,0,0,150
2005,6,9,15,4,1097,137.02,319,.833154,2,0,0,137.02
2005,6,9,15,4,1097,150,13.5,.833154,2,0,0,150
2005,6,9,16,4,1097,137.02,319,.833154,2,0,0,137.02
2005,6,9,16,4,1097,150,13.5,.833154,2,0,0,150
2005,6,9,17,4,1097,137.02,319,.833154,2,0,0,137.02
2005,6,9,17,4,1097,150,13.5,.833154,2,0,0,150
2005,6,9,18,4,1097,137.02,319,.833154,2,0,0,137.02
2005,6,9,18,4,1097,150,13.5,.833154,2,0,0,150
2005,6,9,19,4,1097,137.02,319,.833154,2,0,0,137.02
2005,6,9,19,4,1097,150,13.5,.833154,2,0,0,150
2005,6,9,20,4,1097,137.02,319,.833154,2,0,0,137.02
2005,6,9,20,4,1097,150,13.5,.833154,2,0,0,150
2005,6,9,21,4,1097,137.02,319,.833154,2,0,0,137.02
2005,6,9,21,4,1097,150,13.5,.833154,2,0,0,150
2005,6,9,22,4,1097,137.02,319,.833154,2,0,0,137.02
2005,6,9,22,4,1097,150,13.5,.833154,2,0,0,150
2005,6,9,23,4,1097,137.02,319,.833154,2,0,0,137.02
2005,6,9,23,4,1097,150,13.5,.833154,2,0,0,150
2005,6,9,24,4,1097,137.02,319,.833154,2,0,0,137.02
2005,6,9,24,4,1097,150,13.5,.833154,2,0,0,150
2005,6,9,1,9,223,65,13.8,0,1,1,0,65
2005,6,9,2,9,223,55,14,0,1,1,0,55
2005,6,9,3,9,223,52,13.7,0,1,1,0,52
2005,6,9,4,9,223,52,13.5,0,1,1,0,52
2005,6,9,5,9,223,52,13.6,0,1,1,0,52
2005,6,9,6,9,223,52,14.2,0,1,1,0,52
2005,6,9,7,9,223,53,18.4,0,1,1,0,53
2005,6,9,8,9,223,79,20.8,0,1,1,0,79
2005,6,9,9,9,223,79,22.6,0,1,1,0,79
2005,6,9,10,9,223,85,22.5,0,1,1,0,85
2005,6,9,11,9,223,85,22.3,0,1,1,0,85
2005,6,9,12,9,223,85,22.4,0,1,0,0,85
2005,6,9,13,9,223,85,21.1,0,1,0,0,85
2005,6,9,14,9,223,85,20,0,1,1,0,85
2005,6,9,15,9,223,85,19.6,0,1,1,0,85
2005,6,9,16,9,223,85,20,0,1,1,0,85
2005,6,9,17,9,223,85,19.7,0,1,1,0,85
2005,6,9,18,9,223,85,19.2,0,1,1,0,85
2005,6,9,19,9,223,85,18.5,0,1,1,0,85
2005,6,9,20,9,223,75,18.3,0,1,1,0,75
2005,6,9,21,9,223,75,18.4,0,1,1,0,75
2005,6,9,22,9,223,75,17.1,0,1,1,0,75
2005,6,9,23,9,223,75,15.1,0,1,1,0,75
2005,6,9,24,9,223,62,13.8,0,1,1,0,62
2005,6,9,18,9,224,.1,1,0,1,0,0,.1
2005,6,9,7,9,225,0,25,0,2,1,0,0
2005,6,9,8,9,225,0,25,0,2,1,0,0
2005,6,9,9,9,225,0,25,0,2,1,0,0
2005,6,9,1,1,226,0,99.1,0,2,1,0,0
2005,6,9,1,1,226,79.96,70,0,2,0,0,79.96
2005,6,9,1,1,226,82.4,79,0,2,0,0,82.4
2005,6,9,1,1,226,84.12,70,0,2,0,0,84.12
2005,6,9,1,1,226,86.58,80,0,2,0,0,86.58
2005,6,9,1,1,226,122.02,287.5,0,2,0,0,122.02
2005,6,9,2,1,226,0,91.1,0,2,1,0,0
2005,6,9,2,1,226,79.96,70,0,2,0,0,79.96
2005,6,9,2,1,226,82.4,79,0,2,0,0,82.4
2005,6,9,2,1,226,84.12,70,0,2,0,0,84.12
2005,6,9,2,1,226,86.58,80,0,2,0,0,86.58
2005,6,9,2,1,226,122.02,295.5,0,2,0,0,122.02
2005,6,9,3,1,226,0,91.1,0,2,1,0,0
2005,6,9,3,1,226,79.96,70,0,2,0,0,79.96
2005,6,9,3,1,226,82.4,79,0,2,0,0,82.4
2005,6,9,3,1,226,84.12,70,0,2,0,0,84.12
2005,6,9,3,1,226,86.58,80,0,2,0,0,86.58
2005,6,9,3,1,226,122.02,295.5,0,2,0,0,122.02
2005,6,9,4,1,226,0,91.1,0,2,1,0,0
2005,6,9,4,1,226,79.96,70,0,2,0,0,79.96
2005,6,9,4,1,226,82.4,79,0,2,0,0,82.4
2005,6,9,4,1,226,84.12,70,0,2,0,0,84.12
2005,6,9,4,1,226,86.58,80,0,2,0,0,86.58
2005,6,9,4,1,226,122.02,295.5,0,2,0,0,122.02
2005,6,9,5,1,226,0,91.1,0,2,1,0,0
2005,6,9,5,1,226,79.96,70,0,2,0,0,79.96
2005,6,9,5,1,226,82.4,79,0,2,0,0,82.4
2005,6,9,5,1,226,84.12,70,0,2,0,0,84.12
2005,6,9,5,1,226,86.58,80,0,2,0,0,86.58
2005,6,9,5,1,226,122.02,295.5,0,2,0,0,122.02
2005,6,9,6,1,226,0,91.1,0,2,1,0,0
2005,6,9,6,1,226,79.96,70,0,2,0,0,79.96
2005,6,9,6,1,226,82.4,79,0,2,0,0,82.4
2005,6,9,6,1,226,84.12,70,0,2,0,0,84.12
2005,6,9,6,1,226,86.58,80,0,2,0,0,86.58
2005,6,9,6,1,226,122.02,295.5,0,2,0,0,122.02
2005,6,9,7,1,226,0,91.1,0,2,1,0,0
2005,6,9,7,1,226,79.96,70,0,2,0,0,79.96
2005,6,9,7,1,226,82.4,79,0,2,0,0,82.4
2005,6,9,7,1,226,84.12,70,0,2,0,0,84.12
2005,6,9,7,1,226,86.58,80,0,2,0,0,86.58
2005,6,9,7,1,226,122.02,295.5,0,2,0,0,122.02
2005,6,9,8,1,226,0,97.1,0,2,1,0,0
2005,6,9,8,1,226,79.96,70,0,2,0,0,79.96
2005,6,9,8,1,226,82.4,79,0,2,0,0,82.4
2005,6,9,8,1,226,84.12,70,0,2,0,0,84.12
2005,6,9,8,1,226,86.58,80,0,2,0,0,86.58
2005,6,9,8,1,226,122.02,289.5,0,2,0,0,122.02
2005,6,9,9,1,226,0,121.1,0,2,1,0,0
2005,6,9,9,1,226,79.96,70,0,2,0,0,79.96
2005,6,9,9,1,226,82.4,79,0,2,0,0,82.4
2005,6,9,9,1,226,84.12,70,0,2,0,0,84.12
2005,6,9,9,1,226,86.58,80,0,2,0,0,86.58
2005,6,9,9,1,226,122.02,265.5,0,2,0,0,122.02
2005,6,9,10,1,226,0,136.1,0,2,1,0,0
2005,6,9,10,1,226,79.96,70,0,2,0,0,79.96
2005,6,9,10,1,226,82.4,79,0,2,0,0,82.4
2005,6,9,10,1,226,84.12,70,0,2,0,0,84.12
2005,6,9,10,1,226,86.58,80,0,2,0,0,86.58
2005,6,9,10,1,226,122.02,250.5,0,2,0,0,122.02
2005,6,9,11,1,226,0,168.6,0,2,1,0,0
2005,6,9,11,1,226,79.98,70,0,2,1,0,79.98
2005,6,9,11,1,226,82.42,79,0,2,0,0,82.42
2005,6,9,11,1,226,84.14,70,0,2,0,0,84.14
2005,6,9,11,1,226,86.6,80,0,2,0,0,86.6
2005,6,9,11,1,226,122.02,218,0,2,0,0,122.02
2005,6,9,12,1,226,0,169.1,0,2,1,0,0
2005,6,9,12,1,226,79.98,70,0,2,1,0,79.98
2005,6,9,12,1,226,82.42,79,0,2,1,0,82.42
2005,6,9,12,1,226,84.14,70,0,2,1,0,84.14
2005,6,9,12,1,226,86.6,80,0,2,1,0,86.6
2005,6,9,12,1,226,122.02,217.5,0,2,0,0,122.02
2005,6,9,13,1,226,0,169.1,0,2,1,0,0
2005,6,9,13,1,226,79.98,70,0,2,1,0,79.98
2005,6,9,13,1,226,82.42,79,0,2,1,0,82.42
2005,6,9,13,1,226,84.14,70,0,2,1,0,84.14
2005,6,9,13,1,226,86.6,80,0,2,1,0,86.6
2005,6,9,13,1,226,122.02,217.5,0,2,0,0,122.02
2005,6,9,14,1,226,0,169.1,0,2,1,0,0
2005,6,9,14,1,226,79.98,70,0,2,1,0,79.98
2005,6,9,14,1,226,82.42,79,0,2,1,0,82.42
2005,6,9,14,1,226,84.14,12.3,0,2,1,0,84.14
2005,6,9,14,1,226,86.6,80,0,2,0,0,86.6
2005,6,9,14,1,226,122.02,217.5,0,2,0,0,122.02
2005,6,9,15,1,226,0,169.1,0,2,1,0,0
2005,6,9,15,1,226,79.98,70,0,2,1,0,79.98
2005,6,9,15,1,226,82.42,79,0,2,0,0,82.42
2005,6,9,15,1,226,84.14,70,0,2,0,0,84.14
2005,6,9,15,1,226,86.6,80,0,2,0,0,86.6
2005,6,9,15,1,226,122.02,217.5,0,2,0,0,122.02
2005,6,9,16,1,226,0,169.1,0,2,1,0,0
2005,6,9,16,1,226,79.98,70,0,2,1,0,79.98
2005,6,9,16,1,226,82.42,79,0,2,0,0,82.42
2005,6,9,16,1,226,84.14,70,0,2,0,0,84.14
2005,6,9,16,1,226,86.6,80,0,2,0,0,86.6
2005,6,9,16,1,226,122.02,217.5,0,2,0,0,122.02
2005,6,9,17,1,226,0,169.1,0,2,1,0,0
2005,6,9,17,1,226,79.98,70,0,2,1,0,79.98
2005,6,9,17,1,226,82.42,56.9,0,2,1,0,82.42
2005,6,9,17,1,226,84.14,70,0,2,0,0,84.14
2005,6,9,17,1,226,86.6,80,0,2,0,0,86.6
2005,6,9,17,1,226,122.02,217.5,0,2,0,0,122.02
2005,6,9,18,1,226,0,169.1,0,2,1,0,0
2005,6,9,18,1,226,79.98,70,0,2,1,0,79.98
2005,6,9,18,1,226,82.42,79,0,2,1,0,82.42
2005,6,9,18,1,226,84.14,70,0,2,0,0,84.14
2005,6,9,18,1,226,86.6,80,0,2,0,0,86.6
2005,6,9,18,1,226,122.02,217.5,0,2,0,0,122.02
2005,6,9,19,1,226,0,169.1,0,2,1,0,0
2005,6,9,19,1,226,79.98,70,0,2,0,0,79.98
2005,6,9,19,1,226,82.42,79,0,2,0,0,82.42
2005,6,9,19,1,226,84.14,70,0,2,0,0,84.14
2005,6,9,19,1,226,86.6,80,0,2,0,0,86.6
2005,6,9,19,1,226,122.02,217.5,0,2,0,0,122.02
2005,6,9,20,1,226,0,169.1,0,2,1,0,0
2005,6,9,20,1,226,79.96,70,0,2,0,0,79.96
2005,6,9,20,1,226,82.4,79,0,2,0,0,82.4
2005,6,9,20,1,226,84.12,70,0,2,0,0,84.12
2005,6,9,20,1,226,86.58,80,0,2,0,0,86.58
2005,6,9,20,1,226,122.02,217.5,0,2,0,0,122.02
2005,6,9,21,1,226,0,142.1,0,2,1,0,0
2005,6,9,21,1,226,79.96,70,0,2,0,0,79.96
2005,6,9,21,1,226,82.4,79,0,2,0,0,82.4
2005,6,9,21,1,226,84.12,70,0,2,0,0,84.12
2005,6,9,21,1,226,86.58,80,0,2,0,0,86.58
2005,6,9,21,1,226,122.02,244.5,0,2,0,0,122.02
2005,6,9,22,1,226,0,142.1,0,2,1,0,0
2005,6,9,22,1,226,79.96,70,0,2,0,0,79.96
2005,6,9,22,1,226,82.4,79,0,2,0,0,82.4
2005,6,9,22,1,226,84.12,70,0,2,0,0,84.12
2005,6,9,22,1,226,86.58,80,0,2,0,0,86.58
2005,6,9,22,1,226,122.02,244.5,0,2,0,0,122.02
2005,6,9,23,1,226,0,142.1,0,2,1,0,0
2005,6,9,23,1,226,79.96,70,0,2,0,0,79.96
2005,6,9,23,1,226,82.4,79,0,2,0,0,82.4
2005,6,9,23,1,226,84.12,70,0,2,0,0,84.12
2005,6,9,23,1,226,86.58,80,0,2,0,0,86.58
2005,6,9,23,1,226,122.02,244.5,0,2,0,0,122.02
2005,6,9,24,1,226,0,117.1,0,2,1,0,0
2005,6,9,24,1,226,79.96,70,0,2,0,0,79.96
2005,6,9,24,1,226,82.4,79,0,2,0,0,82.4
2005,6,9,24,1,226,84.12,70,0,2,0,0,84.12
2005,6,9,24,1,226,86.58,80,0,2,0,0,86.58
2005,6,9,24,1,226,122.02,269.5,0,2,0,0,122.02
2005,6,9,1,1,227,23.01,78,0,1,0,0,23.01
2005,6,9,1,1,227,36.25,72,0,1,0,0,36.25
2005,6,9,1,1,227,38.05,72,0,1,0,0,38.05
2005,6,9,2,1,227,23.01,78,0,1,0,0,23.01
2005,6,9,2,1,227,38.05,10.7,0,1,1,0,38.05
2005,6,9,2,1,227,39.05,72,0,1,1,0,39.05
2005,6,9,3,1,227,23.01,78,0,1,0,0,23.01
2005,6,9,3,1,227,38.05,72,0,1,1,0,38.05
2005,6,9,3,1,227,39.05,72,0,1,1,0,39.05
2005,6,9,4,1,227,23.01,78,0,1,0,0,23.01
2005,6,9,4,1,227,38.05,72,0,1,1,0,38.05
2005,6,9,4,1,227,39.05,72,0,1,1,0,39.05
2005,6,9,5,1,227,23.01,78,0,1,0,0,23.01
2005,6,9,5,1,227,38.05,72,0,1,1,0,38.05
2005,6,9,5,1,227,39.05,72,0,1,1,0,39.05
2005,6,9,6,1,227,23.01,78,0,1,0,0,23.01
2005,6,9,6,1,227,38.05,72,0,1,1,0,38.05
2005,6,9,6,1,227,39.05,72,0,1,1,0,39.05
2005,6,9,7,1,227,23.01,78,0,1,0,0,23.01
2005,6,9,7,1,227,38.05,72,0,1,0,0,38.05
2005,6,9,7,1,227,39.05,72,0,1,0,0,39.05
2005,6,9,8,1,227,23.01,78,0,1,0,0,23.01
2005,6,9,8,1,227,36.25,72,0,1,0,0,36.25
2005,6,9,8,1,227,38.05,72,0,1,0,0,38.05
2005,6,9,9,1,227,23.01,78,0,1,0,0,23.01
2005,6,9,9,1,227,36.05,72,0,1,0,0,36.05
2005,6,9,9,1,227,36.25,72,0,1,0,0,36.25
2005,6,9,10,1,227,23.01,78,0,1,0,0,23.01
2005,6,9,10,1,227,36.05,72,0,1,0,0,36.05
2005,6,9,10,1,227,36.25,72,0,1,0,0,36.25
2005,6,9,11,1,227,23.01,78,0,1,0,0,23.01
2005,6,9,11,1,227,36.05,72,0,1,0,0,36.05
2005,6,9,11,1,227,36.25,72,0,1,0,0,36.25
2005,6,9,12,1,227,23.01,78,0,1,0,0,23.01
2005,6,9,12,1,227,36.05,72,0,1,0,0,36.05
2005,6,9,12,1,227,36.25,72,0,1,0,0,36.25
2005,6,9,13,1,227,23.01,78,0,1,0,0,23.01
2005,6,9,13,1,227,36.05,72,0,1,0,0,36.05
2005,6,9,13,1,227,36.25,72,0,1,0,0,36.25
2005,6,9,14,1,227,23.01,78,0,1,0,0,23.01
2005,6,9,14,1,227,36.05,72,0,1,0,0,36.05
2005,6,9,14,1,227,36.25,72,0,1,0,0,36.25
2005,6,9,15,1,227,23.01,78,0,1,0,0,23.01
2005,6,9,15,1,227,36.05,72,0,1,0,0,36.05
2005,6,9,15,1,227,36.25,72,0,1,0,0,36.25
2005,6,9,16,1,227,23.01,78,0,1,0,0,23.01
2005,6,9,16,1,227,36.05,72,0,1,0,0,36.05
2005,6,9,16,1,227,36.25,72,0,1,0,0,36.25
2005,6,9,17,1,227,23.01,78,0,1,0,0,23.01
2005,6,9,17,1,227,36.05,72,0,1,0,0,36.05
2005,6,9,17,1,227,36.25,72,0,1,0,0,36.25
2005,6,9,18,1,227,23.01,78,0,1,0,0,23.01
2005,6,9,18,1,227,36.05,72,0,1,0,0,36.05
2005,6,9,18,1,227,36.25,72,0,1,0,0,36.25
2005,6,9,19,1,227,23.01,78,0,1,0,0,23.01
2005,6,9,19,1,227,36.05,72,0,1,0,0,36.05
2005,6,9,19,1,227,36.25,72,0,1,0,0,36.25
2005,6,9,20,1,227,23.01,78,0,1,0,0,23.01
2005,6,9,20,1,227,36.05,72,0,1,0,0,36.05
2005,6,9,20,1,227,36.25,72,0,1,0,0,36.25
2005,6,9,21,1,227,23.01,78,0,1,0,0,23.01
2005,6,9,21,1,227,36.05,72,0,1,0,0,36.05
2005,6,9,21,1,227,36.25,72,0,1,0,0,36.25
2005,6,9,22,1,227,23.01,78,0,1,0,0,23.01
2005,6,9,22,1,227,36.05,72,0,1,0,0,36.05
2005,6,9,22,1,227,36.25,72,0,1,0,0,36.25
2005,6,9,23,1,227,23.01,78,0,1,0,0,23.01
2005,6,9,23,1,227,36.05,72,0,1,0,0,36.05
2005,6,9,23,1,227,36.25,72,0,1,0,0,36.25
2005,6,9,24,1,227,23.01,78,0,1,0,0,23.01
2005,6,9,24,1,227,36.05,72,0,1,0,0,36.05
2005,6,9,24,1,227,36.25,72,0,1,0,0,36.25
2005,6,9,1,9,228,0,10.2,0,2,1,0,0
2005,6,9,2,9,228,0,10.2,0,2,1,0,0
2005,6,9,3,9,228,0,10.2,0,2,1,0,0
2005,6,9,4,9,228,0,10.2,0,2,1,0,0
2005,6,9,5,9,228,0,10.3,0,2,1,0,0
2005,6,9,6,9,228,0,10.3,0,2,1,0,0
2005,6,9,7,9,228,0,10.3,0,2,1,0,0
2005,6,9,8,9,228,0,10.3,0,2,1,0,0
2005,6,9,9,9,228,0,9.9,0,2,1,0,0
2005,6,9,10,9,228,0,9.9,0,2,1,0,0
2005,6,9,11,9,228,0,9.8,0,2,1,0,0
2005,6,9,12,9,228,0,9.8,0,2,1,0,0
2005,6,9,13,9,228,0,9.9,0,2,1,0,0
2005,6,9,14,9,228,0,10,0,2,1,0,0
2005,6,9,15,9,228,0,10,0,2,1,0,0
2005,6,9,16,9,228,0,10,0,2,1,0,0
2005,6,9,17,9,228,0,10,0,2,1,0,0
2005,6,9,18,9,228,0,10,0,2,1,0,0
2005,6,9,19,9,228,0,9.9,0,2,1,0,0
2005,6,9,20,9,228,0,9.9,0,2,1,0,0
2005,6,9,21,9,228,0,10,0,2,1,0,0
2005,6,9,22,9,228,0,10.2,0,2,1,0,0
2005,6,9,23,9,228,0,10.2,0,2,1,0,0
2005,6,9,24,9,228,0,10.2,0,2,1,0,0
2005,6,9,1,2,229,42.99,100,0,1,0,1,42.99
2005,6,9,1,2,229,43,45,0,1,1,0,43
2005,6,9,2,2,229,42.99,100,0,1,1,0,42.99
2005,6,9,2,2,229,43,100,0,1,1,0,43
2005,6,9,3,2,229,42.99,100,0,1,1,0,42.99
2005,6,9,3,2,229,43,100,0,1,1,0,43
2005,6,9,4,2,229,42.99,100,0,1,1,0,42.99
2005,6,9,4,2,229,43,100,0,1,1,0,43
2005,6,9,5,2,229,42.99,100,0,1,1,0,42.99
2005,6,9,5,2,229,43,100,0,1,1,0,43
2005,6,9,6,2,229,42.99,100,0,1,1,0,42.99
2005,6,9,6,2,229,43,100,0,1,1,0,43
2005,6,9,7,2,229,42.99,100,0,1,1,0,42.99
2005,6,9,7,2,229,43,100,0,1,1,0,43
2005,6,9,8,2,229,42.99,100,0,1,1,0,42.99
2005,6,9,8,2,229,43,100,0,1,1,0,43
2005,6,9,9,2,229,10.99,100,0,1,0,1,10.99
2005,6,9,9,2,229,11,100,0,1,0,1,11
2005,6,9,10,2,229,10.99,100,0,1,0,1,10.99
2005,6,9,10,2,229,11,100,0,1,0,1,11
2005,6,9,11,2,229,10.99,100,0,1,0,1,10.99
2005,6,9,11,2,229,11,100,0,1,0,1,11
2005,6,9,12,2,229,10.99,100,0,1,0,1,10.99
2005,6,9,12,2,229,11,100,0,1,0,1,11
2005,6,9,13,2,229,10.99,100,0,1,0,1,10.99
2005,6,9,13,2,229,11,100,0,1,0,1,11
2005,6,9,14,2,229,10.99,100,0,1,0,1,10.99
2005,6,9,14,2,229,11,100,0,1,0,1,11
2005,6,9,15,2,229,10.99,100,0,1,0,1,10.99
2005,6,9,15,2,229,11,100,0,1,0,1,11
2005,6,9,16,2,229,10.99,100,0,1,0,1,10.99
2005,6,9,16,2,229,11,100,0,1,0,1,11
2005,6,9,17,2,229,10.99,100,0,1,0,1,10.99
2005,6,9,17,2,229,11,100,0,1,0,1,11
2005,6,9,18,2,229,10.99,100,0,1,0,1,10.99
2005,6,9,18,2,229,11,100,0,1,0,1,11
2005,6,9,19,2,229,10.99,100,0,1,0,1,10.99
2005,6,9,19,2,229,11,100,0,1,0,1,11
2005,6,9,20,2,229,10.99,100,0,1,0,1,10.99
2005,6,9,20,2,229,11,100,0,1,0,1,11
2005,6,9,21,2,229,10.99,100,0,1,0,1,10.99
2005,6,9,21,2,229,11,100,0,1,0,1,11
2005,6,9,22,2,229,10.99,100,0,1,0,1,10.99
2005,6,9,22,2,229,11,100,0,1,0,1,11
2005,6,9,23,2,229,10.99,100,0,1,0,1,10.99
2005,6,9,23,2,229,11,100,0,1,0,1,11
2005,6,9,24,2,229,10.99,100,0,1,0,1,10.99
2005,6,9,24,2,229,11,100,0,1,0,1,11
2005,6,9,10,2,230,65.56,25,0,2,1,0,65.56
2005,6,9,10,2,230,66.14,25,0,2,1,0,66.14
2005,6,9,10,2,230,66.72,25,0,2,1,0,66.72
2005,6,9,10,2,230,67.3,25,0,2,1,0,67.3
2005,6,9,11,2,230,64.95,50,0,2,1,0,64.95
2005,6,9,11,2,230,65.87,50,0,2,1,0,65.87
2005,6,9,11,2,230,66.8,50,0,2,1,0,66.8
2005,6,9,11,2,230,67.73,50,0,2,1,0,67.73
2005,6,9,12,2,230,64.95,50,0,2,1,0,64.95
2005,6,9,12,2,230,65.87,50,0,2,1,0,65.87
2005,6,9,12,2,230,66.8,50,0,2,1,0,66.8
2005,6,9,12,2,230,67.73,50,0,2,1,0,67.73
2005,6,9,13,2,230,64.95,50,0,2,1,0,64.95
2005,6,9,13,2,230,65.87,50,0,2,1,0,65.87
2005,6,9,13,2,230,66.8,50,0,2,1,0,66.8
2005,6,9,13,2,230,67.73,50,0,2,1,0,67.73
2005,6,9,14,2,230,64.95,50,0,2,1,0,64.95
2005,6,9,14,2,230,65.87,50,0,2,1,0,65.87
2005,6,9,14,2,230,66.8,50,0,2,1,0,66.8
2005,6,9,14,2,230,67.73,50,0,2,1,0,67.73
2005,6,9,15,2,230,64.95,50,0,2,1,0,64.95
2005,6,9,15,2,230,65.87,50,0,2,1,0,65.87
2005,6,9,15,2,230,66.8,50,0,2,1,0,66.8
2005,6,9,15,2,230,67.73,50,0,2,1,0,67.73
2005,6,9,16,2,230,64.95,50,0,2,1,0,64.95
2005,6,9,16,2,230,65.87,50,0,2,1,0,65.87
2005,6,9,16,2,230,66.8,50,0,2,1,0,66.8
2005,6,9,16,2,230,67.73,50,0,2,1,0,67.73
2005,6,9,17,2,230,64.95,50,0,2,1,0,64.95
2005,6,9,17,2,230,65.87,50,0,2,1,0,65.87
2005,6,9,17,2,230,66.8,50,0,2,1,0,66.8
2005,6,9,17,2,230,67.73,50,0,2,1,0,67.73
2005,6,9,18,2,230,64.95,50,0,2,1,0,64.95
2005,6,9,18,2,230,65.87,50,0,2,1,0,65.87
2005,6,9,18,2,230,66.8,50,0,2,1,0,66.8
2005,6,9,18,2,230,67.73,50,0,2,1,0,67.73
2005,6,9,19,2,230,64.95,50,0,2,1,0,64.95
2005,6,9,19,2,230,65.87,50,0,2,1,0,65.87
2005,6,9,19,2,230,66.8,50,0,2,1,0,66.8
2005,6,9,19,2,230,67.73,50,0,2,1,0,67.73
2005,6,9,20,2,230,65.56,25,0,2,1,0,65.56
2005,6,9,20,2,230,66.14,25,0,2,1,0,66.14
2005,6,9,20,2,230,66.72,25,0,2,1,0,66.72
2005,6,9,20,2,230,67.3,25,0,2,1,0,67.3
2005,6,9,1,9,231,28.25,25,0,1,0,0,28.25
2005,6,9,2,9,231,23.25,25,0,1,0,0,23.25
2005,6,9,3,9,231,21.81,25,0,1,0,0,21.81
2005,6,9,4,9,231,19.98,25,0,1,0,0,19.98
2005,6,9,5,9,231,20.84,25,0,1,0,0,20.84
2005,6,9,6,9,231,25.69,25,0,1,0,0,25.69
2005,6,9,7,9,231,27.75,25,0,1,0,0,27.75
2005,6,9,8,9,231,44.82,25,0,1,1,0,44.82
2005,6,9,9,9,231,49.85,25,0,1,0,0,49.85
2005,6,9,10,9,231,50.48,25,0,1,0,0,50.48
2005,6,9,11,9,231,53.22,25,0,1,0,0,53.22
2005,6,9,12,9,231,59.44,25,0,1,0,0,59.44
2005,6,9,13,9,231,52.95,25,0,1,0,0,52.95
2005,6,9,14,9,231,49.79,25,0,1,0,0,49.79
2005,6,9,15,9,231,47.67,25,0,1,0,0,47.67
2005,6,9,16,9,231,45.64,25,0,1,0,0,45.64
2005,6,9,17,9,231,41.33,25,0,1,0,0,41.33
2005,6,9,18,9,231,40.52,25,0,1,0,0,40.52
2005,6,9,19,9,231,38.54,25,0,1,0,0,38.54
2005,6,9,20,9,231,37.84,25,0,1,0,0,37.84
2005,6,9,21,9,231,37.27,25,0,1,0,0,37.27
2005,6,9,22,9,231,37.29,25,0,1,0,0,37.29
2005,6,9,23,9,231,35.51,25,0,1,0,0,35.51
2005,6,9,24,9,231,29.87,25,0,1,0,0,29.87
2005,6,9,1,9,232,0,81,0,2,1,0,0
2005,6,9,2,9,232,0,81,0,2,1,0,0
2005,6,9,3,9,232,0,81,0,2,1,0,0
2005,6,9,4,9,232,0,81,0,2,1,0,0
2005,6,9,5,9,232,0,81,0,2,1,0,0
2005,6,9,6,9,232,0,81,0,2,1,0,0
2005,6,9,7,9,232,0,81,0,2,1,0,0
2005,6,9,8,9,232,0,81,0,2,1,0,0
2005,6,9,9,9,232,0,81,0,2,1,0,0
2005,6,9,10,9,232,0,79.5,0,2,1,0,0
2005,6,9,11,9,232,0,77.5,0,2,1,0,0
2005,6,9,12,9,232,0,75.5,0,2,1,0,0
2005,6,9,13,9,232,0,72.5,0,2,1,0,0
2005,6,9,14,9,232,0,71.5,0,2,1,0,0
2005,6,9,15,9,232,0,70.5,0,2,1,0,0
2005,6,9,16,9,232,0,70.5,0,2,1,0,0
2005,6,9,17,9,232,0,71,0,2,1,0,0
2005,6,9,18,9,232,0,72,0,2,1,0,0
2005,6,9,19,9,232,0,73,0,2,1,0,0
2005,6,9,20,9,232,0,75,0,2,1,0,0
2005,6,9,21,9,232,0,77,0,2,1,0,0
2005,6,9,22,9,232,0,78,0,2,1,0,0
2005,6,9,23,9,232,0,79,0,2,1,0,0
2005,6,9,24,9,232,0,81,0,2,1,0,0
2005,6,9,1,9,233,180.3,.6,0,1,1,0,180.3
2005,6,9,2,9,233,180.3,.6,0,1,1,0,180.3
2005,6,9,3,9,233,180.3,.6,0,1,1,0,180.3
2005,6,9,4,9,233,180.3,.6,0,1,1,0,180.3
2005,6,9,5,9,233,180.3,.6,0,1,1,0,180.3
2005,6,9,6,9,233,180.3,.7,0,1,1,0,180.3
2005,6,9,7,9,233,180.3,.9,0,1,1,0,180.3
2005,6,9,8,9,233,180.3,.9,0,1,1,0,180.3
2005,6,9,9,9,233,180.3,.9,0,1,1,0,180.3
2005,6,9,10,9,233,180.3,.9,0,1,1,0,180.3
2005,6,9,11,9,233,180.3,.9,0,1,1,0,180.3
2005,6,9,12,9,233,180.3,.9,0,1,1,0,180.3
2005,6,9,13,9,233,180.3,.9,0,1,1,0,180.3
2005,6,9,14,9,233,180.3,.9,0,1,1,0,180.3
2005,6,9,15,9,233,180.3,.9,0,1,1,0,180.3
2005,6,9,16,9,233,180.3,.9,0,1,1,0,180.3
2005,6,9,17,9,233,180.3,.9,0,1,1,0,180.3
2005,6,9,18,9,233,180.3,.9,0,1,1,0,180.3
2005,6,9,19,9,233,180.3,.8,0,1,1,0,180.3
2005,6,9,20,9,233,180.3,.8,0,1,1,0,180.3
2005,6,9,21,9,233,180.3,.8,0,1,1,0,180.3
2005,6,9,22,9,233,180.3,.8,0,1,1,0,180.3
2005,6,9,23,9,233,180.3,.7,0,1,1,0,180.3
2005,6,9,24,9,233,180.3,.7,0,1,1,0,180.3
2005,6,9,1,9,234,0,3.9,0,2,1,0,0
2005,6,9,2,9,234,40,3.9,0,2,0,0,40
2005,6,9,3,9,234,40,3.9,0,2,0,0,40
2005,6,9,4,9,234,40,3.9,0,2,0,0,40
2005,6,9,5,9,234,40,3.9,0,2,0,0,40
2005,6,9,6,9,234,40,3.6,0,2,0,0,40
2005,6,9,7,9,234,0,3.6,0,2,1,0,0
2005,6,9,8,9,234,0,3.6,0,2,1,0,0
2005,6,9,9,9,234,0,3.6,0,2,1,0,0
2005,6,9,10,9,234,0,3.6,0,2,1,0,0
2005,6,9,11,9,234,0,3.6,0,2,1,0,0
2005,6,9,12,9,234,0,3.6,0,2,1,0,0
2005,6,9,13,9,234,0,3.6,0,2,1,0,0
2005,6,9,14,9,234,0,3.6,0,2,1,0,0
2005,6,9,15,9,234,0,3.6,0,2,1,0,0
2005,6,9,16,9,234,0,3.6,0,2,1,0,0
2005,6,9,17,9,234,0,3.6,0,2,1,0,0
2005,6,9,18,9,234,0,3.6,0,2,1,0,0
2005,6,9,19,9,234,0,3.6,0,2,1,0,0
2005,6,9,20,9,234,0,3.6,0,2,1,0,0
2005,6,9,21,9,234,0,3.6,0,2,1,0,0
2005,6,9,22,9,234,0,3.6,0,2,1,0,0
2005,6,9,23,9,234,0,3.7,0,2,1,0,0
2005,6,9,24,9,234,0,3.8,0,2,1,0,0
2005,6,9,1,9,235,0,16.6,0,2,1,0,0
2005,6,9,1,9,235,150,56.9,0,2,0,0,150
2005,6,9,2,9,235,0,16.6,0,2,1,0,0
2005,6,9,2,9,235,150,56.9,0,2,0,0,150
2005,6,9,3,9,235,0,16.6,0,2,1,0,0
2005,6,9,3,9,235,150,56.9,0,2,0,0,150
2005,6,9,4,9,235,0,16.6,0,2,1,0,0
2005,6,9,4,9,235,150,56.9,0,2,0,0,150
2005,6,9,5,9,235,0,16.6,0,2,1,0,0
2005,6,9,5,9,235,150,56.9,0,2,0,0,150
2005,6,9,6,9,235,0,16.6,0,2,1,0,0
2005,6,9,6,9,235,150,56.9,0,2,0,0,150
2005,6,9,7,9,235,0,16.6,0,2,1,0,0
2005,6,9,7,9,235,150,56.9,0,2,0,0,150
2005,6,9,8,9,235,0,16.6,0,2,1,0,0
2005,6,9,8,9,235,150,56.9,0,2,0,0,150
2005,6,9,9,9,235,0,16.6,0,2,1,0,0
2005,6,9,9,9,235,150,56.9,0,2,0,0,150
2005,6,9,10,9,235,0,16.6,0,2,1,0,0
2005,6,9,10,9,235,150,56.9,0,2,0,0,150
2005,6,9,11,9,235,0,16.6,0,2,1,0,0
2005,6,9,11,9,235,150,56.9,0,2,0,0,150
2005,6,9,12,9,235,0,16.6,0,2,1,0,0
2005,6,9,12,9,235,150,56.9,0,2,0,0,150
2005,6,9,13,9,235,0,16.6,0,2,1,0,0
2005,6,9,13,9,235,150,56.9,0,2,0,0,150
2005,6,9,14,9,235,0,16.6,0,2,1,0,0
2005,6,9,14,9,235,150,56.9,0,2,0,0,150
2005,6,9,15,9,235,0,16.6,0,2,1,0,0
2005,6,9,15,9,235,150,56.9,0,2,0,0,150
2005,6,9,16,9,235,0,16.6,0,2,1,0,0
2005,6,9,16,9,235,150,56.9,0,2,0,0,150
2005,6,9,17,9,235,0,16.6,0,2,1,0,0
2005,6,9,17,9,235,150,56.9,0,2,0,0,150
2005,6,9,18,9,235,0,16.6,0,2,1,0,0
2005,6,9,18,9,235,150,56.9,0,2,0,0,150
2005,6,9,19,9,235,0,16.6,0,2,1,0,0
2005,6,9,19,9,235,150,56.9,0,2,0,0,150
2005,6,9,20,9,235,0,16.6,0,2,1,0,0
2005,6,9,20,9,235,150,56.9,0,2,0,0,150
2005,6,9,21,9,235,0,16.6,0,2,1,0,0
2005,6,9,21,9,235,150,56.9,0,2,0,0,150
2005,6,9,22,9,235,0,16.6,0,2,1,0,0
2005,6,9,22,9,235,150,56.9,0,2,0,0,150
2005,6,9,23,9,235,0,16.6,0,2,1,0,0
2005,6,9,23,9,235,150,56.9,0,2,0,0,150
2005,6,9,24,9,235,0,16.6,0,2,1,0,0
2005,6,9,24,9,235,150,56.9,0,2,0,0,150
2005,6,9,1,9,236,180.3,.1,0,1,1,0,180.3
2005,6,9,2,9,236,180.3,.1,0,1,1,0,180.3
2005,6,9,3,9,236,180.3,.1,0,1,1,0,180.3
2005,6,9,4,9,236,180.3,.1,0,1,1,0,180.3
2005,6,9,5,9,236,180.3,.1,0,1,1,0,180.3
2005,6,9,6,9,236,180.3,.1,0,1,1,0,180.3
2005,6,9,7,9,236,180.3,.1,0,1,1,0,180.3
2005,6,9,8,9,236,180.3,.1,0,1,1,0,180.3
2005,6,9,9,9,236,180.3,.1,0,1,1,0,180.3
2005,6,9,10,9,236,180.3,.1,0,1,1,0,180.3
2005,6,9,11,9,236,180.3,.1,0,1,1,0,180.3
2005,6,9,12,9,236,180.3,.1,0,1,1,0,180.3
2005,6,9,13,9,236,180.3,.1,0,1,1,0,180.3
2005,6,9,14,9,236,180.3,.1,0,1,1,0,180.3
2005,6,9,15,9,236,180.3,.1,0,1,1,0,180.3
2005,6,9,16,9,236,180.3,.1,0,1,1,0,180.3
2005,6,9,17,9,236,180.3,.1,0,1,1,0,180.3
2005,6,9,18,9,236,180.3,.1,0,1,1,0,180.3
2005,6,9,19,9,236,180.3,.1,0,1,1,0,180.3
2005,6,9,20,9,236,180.3,.1,0,1,1,0,180.3
2005,6,9,21,9,236,180.3,.1,0,1,1,0,180.3
2005,6,9,22,9,236,180.3,.1,0,1,1,0,180.3
2005,6,9,23,9,236,180.3,.1,0,1,1,0,180.3
2005,6,9,24,9,236,180.3,.1,0,1,1,0,180.3
2005,6,9,1,9,237,0,36,0,2,1,0,0
2005,6,9,2,9,237,0,36,0,2,1,0,0
2005,6,9,3,9,237,0,36,0,2,1,0,0
2005,6,9,4,9,237,0,36,0,2,1,0,0
2005,6,9,5,9,237,0,35.5,0,2,1,0,0
2005,6,9,6,9,237,0,35.5,0,2,1,0,0
2005,6,9,7,9,237,0,35.5,0,2,1,0,0
2005,6,9,8,9,237,0,35.5,0,2,1,0,0
2005,6,9,9,9,237,0,35.5,0,2,1,0,0
2005,6,9,10,9,237,0,35.5,0,2,1,0,0
2005,6,9,11,9,237,0,35.5,0,2,1,0,0
2005,6,9,12,9,237,0,34,0,2,1,0,0
2005,6,9,13,9,237,0,34,0,2,1,0,0
2005,6,9,14,9,237,0,34,0,2,1,0,0
2005,6,9,15,9,237,0,34,0,2,1,0,0
2005,6,9,16,9,237,0,34,0,2,1,0,0
2005,6,9,17,9,237,0,34,0,2,1,0,0
2005,6,9,18,9,237,0,34.5,0,2,1,0,0
2005,6,9,19,9,237,0,34.5,0,2,1,0,0
2005,6,9,20,9,237,0,34.5,0,2,1,0,0
2005,6,9,21,9,237,0,34.5,0,2,1,0,0
2005,6,9,22,9,237,0,36,0,2,1,0,0
2005,6,9,23,9,237,0,36,0,2,1,0,0
2005,6,9,24,9,237,0,36,0,2,1,0,0
2005,6,9,1,9,238,0,11.2,0,2,1,0,0
2005,6,9,2,9,238,0,11.3,0,2,1,0,0
2005,6,9,3,9,238,0,11.5,0,2,1,0,0
2005,6,9,4,9,238,0,11.5,0,2,1,0,0
2005,6,9,5,9,238,0,11.6,0,2,1,0,0
2005,6,9,6,9,238,0,11.6,0,2,1,0,0
2005,6,9,7,9,238,0,11.6,0,2,1,0,0
2005,6,9,8,9,238,0,11.6,0,2,1,0,0
2005,6,9,9,9,238,0,11.4,0,2,1,0,0
2005,6,9,10,9,238,170,10.5,0,2,0,0,170
2005,6,9,11,9,238,170,10,0,2,0,0,170
2005,6,9,12,9,238,170,10,0,2,0,0,170
2005,6,9,13,9,238,0,10,0,2,1,0,0
2005,6,9,14,9,238,0,10,0,2,1,0,0
2005,6,9,15,9,238,0,10,0,2,1,0,0
2005,6,9,16,9,238,0,10,0,2,1,0,0
2005,6,9,17,9,238,0,10,0,2,1,0,0
2005,6,9,18,9,238,0,10,0,2,1,0,0
2005,6,9,19,9,238,0,10,0,2,1,0,0
2005,6,9,20,9,238,0,10,0,2,1,0,0
2005,6,9,21,9,238,0,10.5,0,2,1,0,0
2005,6,9,22,9,238,0,10.6,0,2,1,0,0
2005,6,9,23,9,238,0,11,0,2,1,0,0
2005,6,9,24,9,238,0,11,0,2,1,0,0
2005,6,9,1,3,1099,160.3,45,.922647,2,0,0,160.3
2005,6,9,1,3,1099,170.3,10,.922647,2,0,0,170.3
2005,6,9,1,3,1099,180.3,5,.922647,2,0,0,180.3
2005,6,9,2,3,1099,160.3,45,.922647,2,0,0,160.3
2005,6,9,2,3,1099,170.3,10,.922647,2,0,0,170.3
2005,6,9,2,3,1099,180.3,5,.922647,2,0,0,180.3
2005,6,9,3,3,1099,160.3,45,.922647,2,0,0,160.3
2005,6,9,3,3,1099,170.3,10,.922647,2,0,0,170.3
2005,6,9,3,3,1099,180.3,5,.922647,2,0,0,180.3
2005,6,9,4,3,1099,160.3,45,.922647,2,0,0,160.3
2005,6,9,4,3,1099,170.3,10,.922647,2,0,0,170.3
2005,6,9,4,3,1099,180.3,5,.922647,2,0,0,180.3
2005,6,9,5,3,1099,160.3,45,.922647,2,0,0,160.3
2005,6,9,5,3,1099,170.3,10,.922647,2,0,0,170.3
2005,6,9,5,3,1099,180.3,5,.922647,2,0,0,180.3
2005,6,9,6,3,1099,160.3,45,.922647,2,0,0,160.3
2005,6,9,6,3,1099,170.3,10,.922647,2,0,0,170.3
2005,6,9,6,3,1099,180.3,5,.922647,2,0,0,180.3
2005,6,9,7,3,1099,160.3,30,.922647,2,0,0,160.3
2005,6,9,7,3,1099,170.3,10,.922647,2,0,0,170.3
2005,6,9,7,3,1099,180.3,20,.922647,2,0,0,180.3
2005,6,9,8,3,1099,160.3,45,.922647,2,0,0,160.3
2005,6,9,8,3,1099,170.3,10,.922647,2,0,0,170.3
2005,6,9,8,3,1099,180.3,5,.922647,2,0,0,180.3
2005,6,9,9,3,1099,160.3,45,.922647,2,0,0,160.3
2005,6,9,9,3,1099,170.3,10,.922647,2,0,0,170.3
2005,6,9,9,3,1099,180.3,5,.922647,2,0,0,180.3
2005,6,9,10,3,1099,160.3,45,.922647,2,0,0,160.3
2005,6,9,10,3,1099,170.3,10,.922647,2,0,0,170.3
2005,6,9,10,3,1099,180.3,5,.922647,2,0,0,180.3
2005,6,9,11,3,1099,160.3,45,.922647,2,0,0,160.3
2005,6,9,11,3,1099,170.3,10,.922647,2,0,0,170.3
2005,6,9,11,3,1099,180.3,5,.922647,2,0,0,180.3
2005,6,9,12,3,1099,160.3,45,.922647,2,0,0,160.3
2005,6,9,12,3,1099,170.3,10,.922647,2,0,0,170.3
2005,6,9,12,3,1099,180.3,5,.922647,2,0,0,180.3
2005,6,9,13,3,1099,160.3,45,.922647,2,0,0,160.3
2005,6,9,13,3,1099,170.3,10,.922647,2,0,0,170.3
2005,6,9,13,3,1099,180.3,5,.922647,2,0,0,180.3
2005,6,9,14,3,1099,160.3,45,.922647,2,0,0,160.3
2005,6,9,14,3,1099,170.3,10,.922647,2,0,0,170.3
2005,6,9,14,3,1099,180.3,5,.922647,2,0,0,180.3
2005,6,9,15,3,1099,160.3,45,.922647,2,0,0,160.3
2005,6,9,15,3,1099,170.3,10,.922647,2,0,0,170.3
2005,6,9,15,3,1099,180.3,5,.922647,2,0,0,180.3
2005,6,9,16,3,1099,160.3,45,.922647,2,0,0,160.3
2005,6,9,16,3,1099,170.3,10,.922647,2,0,0,170.3
2005,6,9,16,3,1099,180.3,5,.922647,2,0,0,180.3
2005,6,9,17,3,1099,160.3,45,.922647,2,0,0,160.3
2005,6,9,17,3,1099,170.3,10,.922647,2,0,0,170.3
2005,6,9,17,3,1099,180.3,5,.922647,2,0,0,180.3
2005,6,9,18,3,1099,160.3,45,.922647,2,0,0,160.3
2005,6,9,18,3,1099,170.3,10,.922647,2,0,0,170.3
2005,6,9,18,3,1099,180.3,5,.922647,2,0,0,180.3
2005,6,9,19,3,1099,160.3,45,.922647,2,0,0,160.3
2005,6,9,19,3,1099,170.3,10,.922647,2,0,0,170.3
2005,6,9,19,3,1099,180.3,5,.922647,2,0,0,180.3
2005,6,9,20,3,1099,160.3,45,.922647,2,0,0,160.3
2005,6,9,20,3,1099,170.3,10,.922647,2,0,0,170.3
2005,6,9,20,3,1099,180.3,5,.922647,2,0,0,180.3
2005,6,9,21,3,1099,160.3,45,.922647,2,0,0,160.3
2005,6,9,21,3,1099,170.3,10,.922647,2,0,0,170.3
2005,6,9,21,3,1099,180.3,5,.922647,2,0,0,180.3
2005,6,9,22,3,1099,160.3,45,.922647,2,0,0,160.3
2005,6,9,22,3,1099,170.3,10,.922647,2,0,0,170.3
2005,6,9,22,3,1099,180.3,5,.922647,2,0,0,180.3
2005,6,9,23,3,1099,160.3,45,.922647,2,0,0,160.3
2005,6,9,23,3,1099,170.3,10,.922647,2,0,0,170.3
2005,6,9,23,3,1099,180.3,5,.922647,2,0,0,180.3
2005,6,9,24,3,1099,160.3,45,.922647,2,0,0,160.3
2005,6,9,24,3,1099,170.3,10,.922647,2,0,0,170.3
2005,6,9,24,3,1099,180.3,5,.922647,2,0,0,180.3
2005,6,9,1,3,1100,0,180,.922647,2,1,0,0
2005,6,9,1,3,1100,39.12,20,.922647,2,1,0,39.669824
2005,6,9,1,3,1100,42.12,19,.922647,2,1,0,39.669824
2005,6,9,2,3,1100,0,180,.922647,2,1,0,0
2005,6,9,2,3,1100,42.12,39,.922647,2,0,0,39.669824
2005,6,9,3,3,1100,0,180,.922647,2,1,0,0
2005,6,9,3,3,1100,42.12,39,.922647,2,0,0,39.669824
2005,6,9,4,3,1100,0,180,.922647,2,1,0,0
2005,6,9,4,3,1100,42.12,39,.922647,2,0,0,39.669824
2005,6,9,5,3,1100,0,180,.922647,2,1,0,0
2005,6,9,5,3,1100,42.12,39,.922647,2,0,0,39.669824
2005,6,9,6,3,1100,0,180,.922647,2,1,0,0
2005,6,9,6,3,1100,42.12,39,.922647,2,0,0,39.669824
2005,6,9,7,3,1100,0,180,.922647,2,1,0,0
2005,6,9,7,3,1100,42.12,39,.922647,2,0,0,39.669824
2005,6,9,8,3,1100,0,180,.922647,2,1,0,0
2005,6,9,8,3,1100,39.12,20,.922647,2,1,0,39.669824
2005,6,9,8,3,1100,42.12,19,.922647,2,1,0,39.669824
2005,6,9,9,3,1100,0,180,.922647,2,1,0,0
2005,6,9,9,3,1100,39.12,20,.922647,2,1,0,39.669824
2005,6,9,9,3,1100,42.12,19,.922647,2,1,0,39.669824
2005,6,9,10,3,1100,0,180,.922647,2,1,0,0
2005,6,9,10,3,1100,39.12,20,.922647,2,1,0,39.669824
2005,6,9,10,3,1100,42.12,19,.922647,2,1,0,39.669824
2005,6,9,11,3,1100,0,180,.922647,2,1,0,0
2005,6,9,11,3,1100,39.12,20,.922647,2,1,0,39.669824
2005,6,9,11,3,1100,42.12,19,.922647,2,1,0,39.669824
2005,6,9,12,3,1100,0,180,.922647,2,1,0,0
2005,6,9,12,3,1100,39.12,20,.922647,2,1,0,39.669824
2005,6,9,12,3,1100,42.12,19,.922647,2,1,0,39.669824
2005,6,9,13,3,1100,0,180,.922647,2,1,0,0
2005,6,9,13,3,1100,39.12,20,.922647,2,1,0,39.669824
2005,6,9,13,3,1100,42.12,19,.922647,2,1,0,39.669824
2005,6,9,14,3,1100,0,180,.922647,2,1,0,0
2005,6,9,14,3,1100,39.12,20,.922647,2,1,0,39.669824
2005,6,9,14,3,1100,42.12,19,.922647,2,1,0,39.669824
2005,6,9,15,3,1100,0,180,.922647,2,1,0,0
2005,6,9,15,3,1100,39.12,20,.922647,2,1,0,39.669824
2005,6,9,15,3,1100,42.12,19,.922647,2,1,0,39.669824
2005,6,9,16,3,1100,0,180,.922647,2,1,0,0
2005,6,9,16,3,1100,39.12,30,.922647,2,1,0,39.669824
2005,6,9,16,3,1100,42.12,9,.922647,2,1,0,39.669824
2005,6,9,17,3,1100,0,180,.922647,2,1,0,0
2005,6,9,17,3,1100,39.12,30,.922647,2,1,0,39.669824
2005,6,9,17,3,1100,42.12,9,.922647,2,1,0,39.669824
2005,6,9,18,3,1100,0,180,.922647,2,1,0,0
2005,6,9,18,3,1100,39.12,30,.922647,2,1,0,39.669824
2005,6,9,18,3,1100,42.12,9,.922647,2,1,0,39.669824
2005,6,9,19,3,1100,0,180,.922647,2,1,0,0
2005,6,9,19,3,1100,39.12,30,.922647,2,1,0,39.669824
2005,6,9,19,3,1100,42.12,9,.922647,2,1,0,39.669824
2005,6,9,20,3,1100,0,180,.922647,2,1,0,0
2005,6,9,20,3,1100,39.12,30,.922647,2,1,0,39.669824
2005,6,9,20,3,1100,42.12,9,.922647,2,1,0,39.669824
2005,6,9,21,3,1100,0,180,.922647,2,1,0,0
2005,6,9,21,3,1100,39.12,30,.922647,2,1,0,39.669824
2005,6,9,21,3,1100,42.12,9,.922647,2,1,0,39.669824
2005,6,9,22,3,1100,0,180,.922647,2,1,0,0
2005,6,9,22,3,1100,39.12,20,.922647,2,1,0,39.669824
2005,6,9,22,3,1100,42.12,19,.922647,2,1,0,39.669824
2005,6,9,23,3,1100,0,180,.922647,2,1,0,0
2005,6,9,23,3,1100,39.12,20,.922647,2,1,0,39.669824
2005,6,9,23,3,1100,42.12,19,.922647,2,1,0,39.669824
2005,6,9,24,3,1100,0,180,.922647,2,1,0,0
2005,6,9,24,3,1100,39.12,20,.922647,2,1,0,39.669824
2005,6,9,24,3,1100,42.12,19,.922647,2,1,0,39.669824
2005,6,9,1,3,1101,0,180,.922647,2,1,0,0
2005,6,9,1,3,1101,29.98,40,.922647,2,1,0,39.050595
2005,6,9,1,3,1101,30.98,40,.922647,2,1,0,39.050595
2005,6,9,1,3,1101,34.98,40,.922647,2,1,0,39.050595
2005,6,9,1,3,1101,37.98,30,.922647,2,1,0,39.050595
2005,6,9,2,3,1101,0,180,.922647,2,1,0,0
2005,6,9,2,3,1101,29.98,30,.922647,2,1,0,39.050595
2005,6,9,2,3,1101,30.98,40,.922647,2,1,0,39.050595
2005,6,9,2,3,1101,34.98,40,.922647,2,1,0,39.050595
2005,6,9,2,3,1101,37.98,40,.922647,2,1,0,39.050595
2005,6,9,3,3,1101,0,180,.922647,2,1,0,0
2005,6,9,3,3,1101,29.98,30,.922647,2,1,0,39.050595
2005,6,9,3,3,1101,30.98,40,.922647,2,1,0,39.050595
2005,6,9,3,3,1101,34.98,40,.922647,2,1,0,39.050595
2005,6,9,3,3,1101,37.98,40,.922647,2,0,0,39.050595
2005,6,9,4,3,1101,0,180,.922647,2,1,0,0
2005,6,9,4,3,1101,29.98,30,.922647,2,1,0,39.050595
2005,6,9,4,3,1101,30.98,40,.922647,2,1,0,39.050595
2005,6,9,4,3,1101,34.98,40,.922647,2,1,0,39.050595
2005,6,9,4,3,1101,37.98,40,.922647,2,0,0,39.050595
2005,6,9,5,3,1101,0,180,.922647,2,1,0,0
2005,6,9,5,3,1101,29.98,30,.922647,2,1,0,39.050595
2005,6,9,5,3,1101,30.98,40,.922647,2,1,0,39.050595
2005,6,9,5,3,1101,34.98,40,.922647,2,1,0,39.050595
2005,6,9,5,3,1101,37.98,40,.922647,2,0,0,39.050595
2005,6,9,6,3,1101,0,180,.922647,2,1,0,0
2005,6,9,6,3,1101,29.98,30,.922647,2,1,0,39.050595
2005,6,9,6,3,1101,30.98,40,.922647,2,1,0,39.050595
2005,6,9,6,3,1101,34.98,40,.922647,2,1,0,39.050595
2005,6,9,6,3,1101,37.98,40,.922647,2,0,0,39.050595
2005,6,9,7,3,1101,0,180,.922647,2,1,0,0
2005,6,9,7,3,1101,29.98,30,.922647,2,1,0,39.050595
2005,6,9,7,3,1101,30.98,40,.922647,2,1,0,39.050595
2005,6,9,7,3,1101,34.98,40,.922647,2,1,0,39.050595
2005,6,9,7,3,1101,37.98,40,.922647,2,1,0,39.050595
2005,6,9,8,3,1101,0,180,.922647,2,1,0,0
2005,6,9,8,3,1101,29.98,30,.922647,2,1,0,39.050595
2005,6,9,8,3,1101,30.98,40,.922647,2,1,0,39.050595
2005,6,9,8,3,1101,34.98,40,.922647,2,1,0,39.050595
2005,6,9,8,3,1101,37.98,40,.922647,2,1,0,39.050595
2005,6,9,9,3,1101,0,240,.922647,2,1,0,0
2005,6,9,9,3,1101,23.98,20,.922647,2,1,0,39.050595
2005,6,9,9,3,1101,25.98,20,.922647,2,1,0,39.050595
2005,6,9,9,3,1101,28.98,20,.922647,2,1,0,39.050595
2005,6,9,9,3,1101,31.98,30,.922647,2,1,0,39.050595
2005,6,9,10,3,1101,0,300,.922647,2,1,0,0
2005,6,9,10,3,1101,23.98,10,.922647,2,1,0,39.050595
2005,6,9,10,3,1101,25.98,10,.922647,2,1,0,39.050595
2005,6,9,10,3,1101,28.98,10,.922647,2,1,0,39.050595
2005,6,9,11,3,1101,0,330,.922647,2,1,0,0
2005,6,9,12,3,1101,0,330,.922647,2,1,0,0
2005,6,9,13,3,1101,0,330,.922647,2,1,0,0
2005,6,9,14,3,1101,0,330,.922647,2,1,0,0
2005,6,9,15,3,1101,0,300,.922647,2,1,0,0
2005,6,9,15,3,1101,23.98,10,.922647,2,1,0,39.050595
2005,6,9,15,3,1101,25.98,10,.922647,2,1,0,39.050595
2005,6,9,15,3,1101,28.98,10,.922647,2,1,0,39.050595
2005,6,9,16,3,1101,0,300,.922647,2,1,0,0
2005,6,9,16,3,1101,23.98,10,.922647,2,1,0,39.050595
2005,6,9,16,3,1101,25.98,10,.922647,2,1,0,39.050595
2005,6,9,16,3,1101,28.98,10,.922647,2,1,0,39.050595
2005,6,9,17,3,1101,0,300,.922647,2,1,0,0
2005,6,9,17,3,1101,23.98,10,.922647,2,1,0,39.050595
2005,6,9,17,3,1101,25.98,10,.922647,2,1,0,39.050595
2005,6,9,17,3,1101,28.98,10,.922647,2,1,0,39.050595
2005,6,9,18,3,1101,0,300,.922647,2,1,0,0
2005,6,9,18,3,1101,23.98,10,.922647,2,1,0,39.050595
2005,6,9,18,3,1101,25.98,10,.922647,2,1,0,39.050595
2005,6,9,18,3,1101,28.98,10,.922647,2,1,0,39.050595
2005,6,9,19,3,1101,0,300,.922647,2,1,0,0
2005,6,9,19,3,1101,23.98,10,.922647,2,1,0,39.050595
2005,6,9,19,3,1101,25.98,10,.922647,2,1,0,39.050595
2005,6,9,19,3,1101,28.98,10,.922647,2,1,0,39.050595
2005,6,9,20,3,1101,0,300,.922647,2,1,0,0
2005,6,9,20,3,1101,23.98,10,.922647,2,1,0,39.050595
2005,6,9,20,3,1101,25.98,10,.922647,2,1,0,39.050595
2005,6,9,20,3,1101,28.98,10,.922647,2,1,0,39.050595
2005,6,9,21,3,1101,0,330,.922647,2,1,0,0
2005,6,9,22,3,1101,0,330,.922647,2,1,0,0
2005,6,9,23,3,1101,0,330,.922647,2,1,0,0
2005,6,9,24,3,1101,0,330,.922647,2,1,0,0
2005,6,9,1,5,1104,1,165,.377049,2,1,0,1
2005,6,9,1,5,1104,30.56,27,.377049,2,1,0,41.768759
2005,6,9,1,5,1104,30.69,11.5,.377049,2,1,0,41.768759
2005,6,9,1,5,1104,30.81,7.7,.377049,2,1,0,41.768759
2005,6,9,1,5,1104,30.96,7.7,.377049,2,1,0,41.768759
2005,6,9,1,5,1104,31.13,7.7,.377049,2,1,0,41.768759
2005,6,9,1,5,1104,31.32,7.7,.377049,2,1,0,41.768759
2005,6,9,1,5,1104,31.53,7.7,.377049,2,1,0,41.768759
2005,6,9,1,5,1104,31.74,7.7,.377049,2,1,0,41.768759
2005,6,9,1,5,1104,31.97,7.7,.377049,2,1,0,41.768759
2005,6,9,1,5,1104,32.2,7.7,.377049,2,1,0,41.768759
2005,6,9,1,5,1104,32.44,7.7,.377049,2,1,0,41.768759
2005,6,9,1,5,1104,32.67,7.7,.377049,2,1,0,41.768759
2005,6,9,1,5,1104,32.91,7.7,.377049,2,1,0,41.768759
2005,6,9,1,5,1104,33.14,7.7,.377049,2,1,0,41.768759
2005,6,9,1,5,1104,33.37,7.7,.377049,2,1,0,41.768759
2005,6,9,1,5,1104,33.58,7.7,.377049,2,1,0,41.768759
2005,6,9,1,5,1104,33.78,7.7,.377049,2,1,0,41.768759
2005,6,9,1,5,1104,33.97,7.7,.377049,2,1,0,41.768759
2005,6,9,1,5,1104,34.14,7.7,.377049,2,1,0,41.768759
2005,6,9,1,5,1104,34.28,7.7,.377049,2,1,0,41.768759
2005,6,9,1,5,1104,34.41,7.7,.377049,2,1,0,41.768759
2005,6,9,1,5,1104,34.5,7.7,.377049,2,1,0,41.768759
2005,6,9,1,5,1104,34.57,7.7,.377049,2,1,0,41.768759
2005,6,9,1,5,1104,34.6,7.9,.377049,2,1,0,41.768759
2005,6,9,2,5,1104,1,165,.377049,2,1,0,1
2005,6,9,2,5,1104,30.56,27,.377049,2,1,0,41.768759
2005,6,9,2,5,1104,30.69,11.5,.377049,2,1,0,41.768759
2005,6,9,2,5,1104,30.81,7.7,.377049,2,1,0,41.768759
2005,6,9,2,5,1104,30.96,7.7,.377049,2,1,0,41.768759
2005,6,9,2,5,1104,31.13,7.7,.377049,2,1,0,41.768759
2005,6,9,2,5,1104,31.32,7.7,.377049,2,1,0,41.768759
2005,6,9,2,5,1104,31.53,7.7,.377049,2,1,0,41.768759
2005,6,9,2,5,1104,31.74,7.7,.377049,2,1,0,41.768759
2005,6,9,2,5,1104,31.97,7.7,.377049,2,1,0,41.768759
2005,6,9,2,5,1104,32.2,7.7,.377049,2,1,0,41.768759
2005,6,9,2,5,1104,32.44,7.7,.377049,2,1,0,41.768759
2005,6,9,2,5,1104,32.67,7.7,.377049,2,1,0,41.768759
2005,6,9,2,5,1104,32.91,7.7,.377049,2,1,0,41.768759
2005,6,9,2,5,1104,33.14,7.7,.377049,2,1,0,41.768759
2005,6,9,2,5,1104,33.37,7.7,.377049,2,1,0,41.768759
2005,6,9,2,5,1104,33.58,7.7,.377049,2,1,0,41.768759
2005,6,9,2,5,1104,33.78,7.7,.377049,2,1,0,41.768759
2005,6,9,2,5,1104,33.97,7.7,.377049,2,1,0,41.768759
2005,6,9,2,5,1104,34.14,7.7,.377049,2,1,0,41.768759
2005,6,9,2,5,1104,34.28,7.7,.377049,2,1,0,41.768759
2005,6,9,2,5,1104,34.41,7.7,.377049,2,1,0,41.768759
2005,6,9,2,5,1104,34.5,7.7,.377049,2,1,0,41.768759
2005,6,9,2,5,1104,34.57,7.7,.377049,2,1,0,41.768759
2005,6,9,2,5,1104,34.6,7.9,.377049,2,1,0,41.768759
2005,6,9,3,5,1104,1,165,.377049,2,1,0,1
2005,6,9,3,5,1104,30.56,27,.377049,2,1,0,41.768759
2005,6,9,3,5,1104,30.69,11.5,.377049,2,1,0,41.768759
2005,6,9,3,5,1104,30.81,7.7,.377049,2,1,0,41.768759
2005,6,9,3,5,1104,30.96,7.7,.377049,2,1,0,41.768759
2005,6,9,3,5,1104,31.13,7.7,.377049,2,1,0,41.768759
2005,6,9,3,5,1104,31.32,7.7,.377049,2,1,0,41.768759
2005,6,9,3,5,1104,31.53,7.7,.377049,2,1,0,41.768759
2005,6,9,3,5,1104,31.74,7.7,.377049,2,1,0,41.768759
2005,6,9,3,5,1104,31.97,7.7,.377049,2,1,0,41.768759
2005,6,9,3,5,1104,32.2,7.7,.377049,2,1,0,41.768759
2005,6,9,3,5,1104,32.44,7.7,.377049,2,1,0,41.768759
2005,6,9,3,5,1104,32.67,7.7,.377049,2,1,0,41.768759
2005,6,9,3,5,1104,32.91,7.7,.377049,2,1,0,41.768759
2005,6,9,3,5,1104,33.14,7.7,.377049,2,1,0,41.768759
2005,6,9,3,5,1104,33.37,7.7,.377049,2,1,0,41.768759
2005,6,9,3,5,1104,33.58,7.7,.377049,2,1,0,41.768759
2005,6,9,3,5,1104,33.78,7.7,.377049,2,1,0,41.768759
2005,6,9,3,5,1104,33.97,7.7,.377049,2,1,0,41.768759
2005,6,9,3,5,1104,34.14,7.7,.377049,2,1,0,41.768759
2005,6,9,3,5,1104,34.28,7.7,.377049,2,1,0,41.768759
2005,6,9,3,5,1104,34.41,7.7,.377049,2,1,0,41.768759
2005,6,9,3,5,1104,34.5,7.7,.377049,2,1,0,41.768759
2005,6,9,3,5,1104,34.57,7.7,.377049,2,1,0,41.768759
2005,6,9,3,5,1104,34.6,7.9,.377049,2,1,0,41.768759
2005,6,9,4,5,1104,1,165,.377049,2,1,0,1
2005,6,9,4,5,1104,30.56,27,.377049,2,1,0,41.768759
2005,6,9,4,5,1104,30.69,11.5,.377049,2,1,0,41.768759
2005,6,9,4,5,1104,30.81,7.7,.377049,2,1,0,41.768759
2005,6,9,4,5,1104,30.96,7.7,.377049,2,1,0,41.768759
2005,6,9,4,5,1104,31.13,7.7,.377049,2,1,0,41.768759
2005,6,9,4,5,1104,31.32,7.7,.377049,2,1,0,41.768759
2005,6,9,4,5,1104,31.53,7.7,.377049,2,1,0,41.768759
2005,6,9,4,5,1104,31.74,7.7,.377049,2,1,0,41.768759
2005,6,9,4,5,1104,31.97,7.7,.377049,2,1,0,41.768759
2005,6,9,4,5,1104,32.2,7.7,.377049,2,1,0,41.768759
2005,6,9,4,5,1104,32.44,7.7,.377049,2,1,0,41.768759
2005,6,9,4,5,1104,32.67,7.7,.377049,2,1,0,41.768759
2005,6,9,4,5,1104,32.91,7.7,.377049,2,1,0,41.768759
2005,6,9,4,5,1104,33.14,7.7,.377049,2,1,0,41.768759
2005,6,9,4,5,1104,33.37,7.7,.377049,2,1,0,41.768759
2005,6,9,4,5,1104,33.58,7.7,.377049,2,1,0,41.768759
2005,6,9,4,5,1104,33.78,7.7,.377049,2,1,0,41.768759
2005,6,9,4,5,1104,33.97,7.7,.377049,2,1,0,41.768759
2005,6,9,4,5,1104,34.14,7.7,.377049,2,1,0,41.768759
2005,6,9,4,5,1104,34.28,7.7,.377049,2,1,0,41.768759
2005,6,9,4,5,1104,34.41,7.7,.377049,2,1,0,41.768759
2005,6,9,4,5,1104,34.5,7.7,.377049,2,1,0,41.768759
2005,6,9,4,5,1104,34.57,7.7,.377049,2,1,0,41.768759
2005,6,9,4,5,1104,34.6,7.9,.377049,2,1,0,41.768759
2005,6,9,5,5,1104,1,165,.377049,2,1,0,1
2005,6,9,5,5,1104,30.56,27,.377049,2,1,0,41.768759
2005,6,9,5,5,1104,30.69,11.5,.377049,2,1,0,41.768759
2005,6,9,5,5,1104,30.81,7.7,.377049,2,1,0,41.768759
2005,6,9,5,5,1104,30.96,7.7,.377049,2,1,0,41.768759
2005,6,9,5,5,1104,31.13,7.7,.377049,2,1,0,41.768759
2005,6,9,5,5,1104,31.32,7.7,.377049,2,1,0,41.768759
2005,6,9,5,5,1104,31.53,7.7,.377049,2,1,0,41.768759
2005,6,9,5,5,1104,31.74,7.7,.377049,2,1,0,41.768759
2005,6,9,5,5,1104,31.97,7.7,.377049,2,1,0,41.768759
2005,6,9,5,5,1104,32.2,7.7,.377049,2,1,0,41.768759
2005,6,9,5,5,1104,32.44,7.7,.377049,2,1,0,41.768759
2005,6,9,5,5,1104,32.67,7.7,.377049,2,1,0,41.768759
2005,6,9,5,5,1104,32.91,7.7,.377049,2,1,0,41.768759
2005,6,9,5,5,1104,33.14,7.7,.377049,2,1,0,41.768759
2005,6,9,5,5,1104,33.37,7.7,.377049,2,1,0,41.768759
2005,6,9,5,5,1104,33.58,7.7,.377049,2,1,0,41.768759
2005,6,9,5,5,1104,33.78,7.7,.377049,2,1,0,41.768759
2005,6,9,5,5,1104,33.97,7.7,.377049,2,1,0,41.768759
2005,6,9,5,5,1104,34.14,7.7,.377049,2,1,0,41.768759
2005,6,9,5,5,1104,34.28,7.7,.377049,2,1,0,41.768759
2005,6,9,5,5,1104,34.41,7.7,.377049,2,1,0,41.768759
2005,6,9,5,5,1104,34.5,7.7,.377049,2,1,0,41.768759
2005,6,9,5,5,1104,34.57,7.7,.377049,2,1,0,41.768759
2005,6,9,5,5,1104,34.6,7.9,.377049,2,1,0,41.768759
2005,6,9,6,5,1104,1,165,.377049,2,1,0,1
2005,6,9,6,5,1104,30.56,27,.377049,2,1,0,41.768759
2005,6,9,6,5,1104,30.69,11.5,.377049,2,1,0,41.768759
2005,6,9,6,5,1104,30.81,7.7,.377049,2,1,0,41.768759
2005,6,9,6,5,1104,30.96,7.7,.377049,2,1,0,41.768759
2005,6,9,6,5,1104,31.13,7.7,.377049,2,1,0,41.768759
2005,6,9,6,5,1104,31.32,7.7,.377049,2,1,0,41.768759
2005,6,9,6,5,1104,31.53,7.7,.377049,2,1,0,41.768759
2005,6,9,6,5,1104,31.74,7.7,.377049,2,1,0,41.768759
2005,6,9,6,5,1104,31.97,7.7,.377049,2,1,0,41.768759
2005,6,9,6,5,1104,32.2,7.7,.377049,2,1,0,41.768759
2005,6,9,6,5,1104,32.44,7.7,.377049,2,1,0,41.768759
2005,6,9,6,5,1104,32.67,7.7,.377049,2,1,0,41.768759
2005,6,9,6,5,1104,32.91,7.7,.377049,2,1,0,41.768759
2005,6,9,6,5,1104,33.14,7.7,.377049,2,1,0,41.768759
2005,6,9,6,5,1104,33.37,7.7,.377049,2,1,0,41.768759
2005,6,9,6,5,1104,33.58,7.7,.377049,2,1,0,41.768759
2005,6,9,6,5,1104,33.78,7.7,.377049,2,1,0,41.768759
2005,6,9,6,5,1104,33.97,7.7,.377049,2,1,0,41.768759
2005,6,9,6,5,1104,34.14,7.7,.377049,2,1,0,41.768759
2005,6,9,6,5,1104,34.28,7.7,.377049,2,1,0,41.768759
2005,6,9,6,5,1104,34.41,7.7,.377049,2,1,0,41.768759
2005,6,9,6,5,1104,34.5,7.7,.377049,2,1,0,41.768759
2005,6,9,6,5,1104,34.57,7.7,.377049,2,1,0,41.768759
2005,6,9,6,5,1104,34.6,7.9,.377049,2,1,0,41.768759
2005,6,9,7,5,1104,1,165,.377049,2,1,0,1
2005,6,9,7,5,1104,30.56,27,.377049,2,1,0,41.768759
2005,6,9,7,5,1104,30.69,11.5,.377049,2,1,0,41.768759
2005,6,9,7,5,1104,30.81,7.7,.377049,2,1,0,41.768759
2005,6,9,7,5,1104,30.96,7.7,.377049,2,1,0,41.768759
2005,6,9,7,5,1104,31.13,7.7,.377049,2,1,0,41.768759
2005,6,9,7,5,1104,31.32,7.7,.377049,2,1,0,41.768759
2005,6,9,7,5,1104,31.53,7.7,.377049,2,1,0,41.768759
2005,6,9,7,5,1104,31.74,7.7,.377049,2,1,0,41.768759
2005,6,9,7,5,1104,31.97,7.7,.377049,2,1,0,41.768759
2005,6,9,7,5,1104,32.2,7.7,.377049,2,1,0,41.768759
2005,6,9,7,5,1104,32.44,7.7,.377049,2,1,0,41.768759
2005,6,9,7,5,1104,32.67,7.7,.377049,2,1,0,41.768759
2005,6,9,7,5,1104,32.91,7.7,.377049,2,1,0,41.768759
2005,6,9,7,5,1104,33.14,7.7,.377049,2,1,0,41.768759
2005,6,9,7,5,1104,33.37,7.7,.377049,2,1,0,41.768759
2005,6,9,7,5,1104,33.58,7.7,.377049,2,1,0,41.768759
2005,6,9,7,5,1104,33.78,7.7,.377049,2,1,0,41.768759
2005,6,9,7,5,1104,33.97,7.7,.377049,2,1,0,41.768759
2005,6,9,7,5,1104,34.14,7.7,.377049,2,1,0,41.768759
2005,6,9,7,5,1104,34.28,7.7,.377049,2,1,0,41.768759
2005,6,9,7,5,1104,34.41,7.7,.377049,2,1,0,41.768759
2005,6,9,7,5,1104,34.5,7.7,.377049,2,1,0,41.768759
2005,6,9,7,5,1104,34.57,7.7,.377049,2,1,0,41.768759
2005,6,9,7,5,1104,34.6,7.9,.377049,2,1,0,41.768759
2005,6,9,8,5,1104,1,165,.377049,2,1,0,1
2005,6,9,8,5,1104,30.56,27,.377049,2,1,0,41.768759
2005,6,9,8,5,1104,30.69,11.5,.377049,2,1,0,41.768759
2005,6,9,8,5,1104,30.81,7.7,.377049,2,1,0,41.768759
2005,6,9,8,5,1104,30.96,7.7,.377049,2,1,0,41.768759
2005,6,9,8,5,1104,31.13,7.7,.377049,2,1,0,41.768759
2005,6,9,8,5,1104,31.32,7.7,.377049,2,1,0,41.768759
2005,6,9,8,5,1104,31.53,7.7,.377049,2,1,0,41.768759
2005,6,9,8,5,1104,31.74,7.7,.377049,2,1,0,41.768759
2005,6,9,8,5,1104,31.97,7.7,.377049,2,1,0,41.768759
2005,6,9,8,5,1104,32.2,7.7,.377049,2,1,0,41.768759
2005,6,9,8,5,1104,32.44,7.7,.377049,2,1,0,41.768759
2005,6,9,8,5,1104,32.67,7.7,.377049,2,1,0,41.768759
2005,6,9,8,5,1104,32.91,7.7,.377049,2,1,0,41.768759
2005,6,9,8,5,1104,33.14,7.7,.377049,2,1,0,41.768759
2005,6,9,8,5,1104,33.37,7.7,.377049,2,1,0,41.768759
2005,6,9,8,5,1104,33.58,7.7,.377049,2,1,0,41.768759
2005,6,9,8,5,1104,33.78,7.7,.377049,2,1,0,41.768759
2005,6,9,8,5,1104,33.97,7.7,.377049,2,1,0,41.768759
2005,6,9,8,5,1104,34.14,7.7,.377049,2,1,0,41.768759
2005,6,9,8,5,1104,34.28,7.7,.377049,2,1,0,41.768759
2005,6,9,8,5,1104,34.41,7.7,.377049,2,1,0,41.768759
2005,6,9,8,5,1104,34.5,7.7,.377049,2,1,0,41.768759
2005,6,9,8,5,1104,34.57,7.7,.377049,2,1,0,41.768759
2005,6,9,8,5,1104,34.6,7.9,.377049,2,1,0,41.768759
2005,6,9,9,5,1104,1,165,.377049,2,1,0,1
2005,6,9,9,5,1104,30.56,27,.377049,2,1,0,41.768759
2005,6,9,9,5,1104,30.69,11.5,.377049,2,1,0,41.768759
2005,6,9,9,5,1104,30.81,7.7,.377049,2,1,0,41.768759
2005,6,9,9,5,1104,30.96,7.7,.377049,2,1,0,41.768759
2005,6,9,9,5,1104,31.13,7.7,.377049,2,1,0,41.768759
2005,6,9,9,5,1104,31.32,7.7,.377049,2,1,0,41.768759
2005,6,9,9,5,1104,31.53,7.7,.377049,2,1,0,41.768759
2005,6,9,9,5,1104,31.74,7.7,.377049,2,1,0,41.768759
2005,6,9,9,5,1104,31.97,7.7,.377049,2,1,0,41.768759
2005,6,9,9,5,1104,32.2,7.7,.377049,2,1,0,41.768759
2005,6,9,9,5,1104,32.44,7.7,.377049,2,1,0,41.768759
2005,6,9,9,5,1104,32.67,7.7,.377049,2,1,0,41.768759
2005,6,9,9,5,1104,32.91,7.7,.377049,2,1,0,41.768759
2005,6,9,9,5,1104,33.14,7.7,.377049,2,1,0,41.768759
2005,6,9,9,5,1104,33.37,7.7,.377049,2,1,0,41.768759
2005,6,9,9,5,1104,33.58,7.7,.377049,2,1,0,41.768759
2005,6,9,9,5,1104,33.78,7.7,.377049,2,1,0,41.768759
2005,6,9,9,5,1104,33.97,7.7,.377049,2,1,0,41.768759
2005,6,9,9,5,1104,34.14,7.7,.377049,2,1,0,41.768759
2005,6,9,9,5,1104,34.28,7.7,.377049,2,1,0,41.768759
2005,6,9,9,5,1104,34.41,7.7,.377049,2,1,0,41.768759
2005,6,9,9,5,1104,34.5,7.7,.377049,2,1,0,41.768759
2005,6,9,9,5,1104,34.57,7.7,.377049,2,1,0,41.768759
2005,6,9,9,5,1104,34.6,7.9,.377049,2,1,0,41.768759
2005,6,9,10,5,1104,1,165,.377049,2,1,0,1
2005,6,9,10,5,1104,30.56,27,.377049,2,1,0,41.768759
2005,6,9,10,5,1104,30.69,11.5,.377049,2,1,0,41.768759
2005,6,9,10,5,1104,30.81,7.7,.377049,2,1,0,41.768759
2005,6,9,10,5,1104,30.96,7.7,.377049,2,1,0,41.768759
2005,6,9,10,5,1104,31.13,7.7,.377049,2,1,0,41.768759
2005,6,9,10,5,1104,31.32,7.7,.377049,2,1,0,41.768759
2005,6,9,10,5,1104,31.53,7.7,.377049,2,1,0,41.768759
2005,6,9,10,5,1104,31.74,7.7,.377049,2,1,0,41.768759
2005,6,9,10,5,1104,31.97,7.7,.377049,2,1,0,41.768759
2005,6,9,10,5,1104,32.2,7.7,.377049,2,1,0,41.768759
2005,6,9,10,5,1104,32.44,7.7,.377049,2,1,0,41.768759
2005,6,9,10,5,1104,32.67,7.7,.377049,2,1,0,41.768759
2005,6,9,10,5,1104,32.91,7.7,.377049,2,1,0,41.768759
2005,6,9,10,5,1104,33.14,7.7,.377049,2,1,0,41.768759
2005,6,9,10,5,1104,33.37,7.7,.377049,2,1,0,41.768759
2005,6,9,10,5,1104,33.58,7.7,.377049,2,1,0,41.768759
2005,6,9,10,5,1104,33.78,7.7,.377049,2,1,0,41.768759
2005,6,9,10,5,1104,33.97,7.7,.377049,2,1,0,41.768759
2005,6,9,10,5,1104,34.14,7.7,.377049,2,1,0,41.768759
2005,6,9,10,5,1104,34.28,7.7,.377049,2,1,0,41.768759
2005,6,9,10,5,1104,34.41,7.7,.377049,2,1,0,41.768759
2005,6,9,10,5,1104,34.5,7.7,.377049,2,1,0,41.768759
2005,6,9,10,5,1104,34.57,7.7,.377049,2,1,0,41.768759
2005,6,9,10,5,1104,34.6,7.9,.377049,2,1,0,41.768759
2005,6,9,11,5,1104,1,165,.377049,2,1,0,1
2005,6,9,11,5,1104,30.56,27,.377049,2,1,0,41.768759
2005,6,9,11,5,1104,30.69,11.5,.377049,2,1,0,41.768759
2005,6,9,11,5,1104,30.81,7.7,.377049,2,1,0,41.768759
2005,6,9,11,5,1104,30.96,7.7,.377049,2,1,0,41.768759
2005,6,9,11,5,1104,31.13,7.7,.377049,2,1,0,41.768759
2005,6,9,11,5,1104,31.32,7.7,.377049,2,1,0,41.768759
2005,6,9,11,5,1104,31.53,7.7,.377049,2,1,0,41.768759
2005,6,9,11,5,1104,31.74,7.7,.377049,2,1,0,41.768759
2005,6,9,11,5,1104,31.97,7.7,.377049,2,1,0,41.768759
2005,6,9,11,5,1104,32.2,7.7,.377049,2,1,0,41.768759
2005,6,9,11,5,1104,32.44,7.7,.377049,2,1,0,41.768759
2005,6,9,11,5,1104,32.67,7.7,.377049,2,1,0,41.768759
2005,6,9,11,5,1104,32.91,7.7,.377049,2,1,0,41.768759
2005,6,9,11,5,1104,33.14,7.7,.377049,2,1,0,41.768759
2005,6,9,11,5,1104,33.37,7.7,.377049,2,1,0,41.768759
2005,6,9,11,5,1104,33.58,7.7,.377049,2,1,0,41.768759
2005,6,9,11,5,1104,33.78,7.7,.377049,2,1,0,41.768759
2005,6,9,11,5,1104,33.97,7.7,.377049,2,1,0,41.768759
2005,6,9,11,5,1104,34.14,7.7,.377049,2,1,0,41.768759
2005,6,9,11,5,1104,34.28,7.7,.377049,2,1,0,41.768759
2005,6,9,11,5,1104,34.41,7.7,.377049,2,1,0,41.768759
2005,6,9,11,5,1104,34.5,7.7,.377049,2,1,0,41.768759
2005,6,9,11,5,1104,34.57,7.7,.377049,2,1,0,41.768759
2005,6,9,11,5,1104,34.6,7.9,.377049,2,1,0,41.768759
2005,6,9,12,5,1104,1,165,.377049,2,1,0,1
2005,6,9,12,5,1104,30.56,27,.377049,2,1,0,41.768759
2005,6,9,12,5,1104,30.69,11.5,.377049,2,1,0,41.768759
2005,6,9,12,5,1104,30.81,7.7,.377049,2,1,0,41.768759
2005,6,9,12,5,1104,30.96,7.7,.377049,2,1,0,41.768759
2005,6,9,12,5,1104,31.13,7.7,.377049,2,1,0,41.768759
2005,6,9,12,5,1104,31.32,7.7,.377049,2,1,0,41.768759
2005,6,9,12,5,1104,31.53,7.7,.377049,2,1,0,41.768759
2005,6,9,12,5,1104,31.74,7.7,.377049,2,1,0,41.768759
2005,6,9,12,5,1104,31.97,7.7,.377049,2,1,0,41.768759
2005,6,9,12,5,1104,32.2,7.7,.377049,2,1,0,41.768759
2005,6,9,12,5,1104,32.44,7.7,.377049,2,1,0,41.768759
2005,6,9,12,5,1104,32.67,7.7,.377049,2,1,0,41.768759
2005,6,9,12,5,1104,32.91,7.7,.377049,2,1,0,41.768759
2005,6,9,12,5,1104,33.14,7.7,.377049,2,1,0,41.768759
2005,6,9,12,5,1104,33.37,7.7,.377049,2,1,0,41.768759
2005,6,9,12,5,1104,33.58,7.7,.377049,2,1,0,41.768759
2005,6,9,12,5,1104,33.78,7.7,.377049,2,1,0,41.768759
2005,6,9,12,5,1104,33.97,7.7,.377049,2,1,0,41.768759
2005,6,9,12,5,1104,34.14,7.7,.377049,2,1,0,41.768759
2005,6,9,12,5,1104,34.28,7.7,.377049,2,1,0,41.768759
2005,6,9,12,5,1104,34.41,7.7,.377049,2,1,0,41.768759
2005,6,9,12,5,1104,34.5,7.7,.377049,2,1,0,41.768759
2005,6,9,12,5,1104,34.57,7.7,.377049,2,1,0,41.768759
2005,6,9,12,5,1104,34.6,7.9,.377049,2,1,0,41.768759
2005,6,9,13,5,1104,1,165,.377049,2,1,0,1
2005,6,9,13,5,1104,30.56,27,.377049,2,1,0,41.768759
2005,6,9,13,5,1104,30.69,11.5,.377049,2,1,0,41.768759
2005,6,9,13,5,1104,30.81,7.7,.377049,2,1,0,41.768759
2005,6,9,13,5,1104,30.96,7.7,.377049,2,1,0,41.768759
2005,6,9,13,5,1104,31.13,7.7,.377049,2,1,0,41.768759
2005,6,9,13,5,1104,31.32,7.7,.377049,2,1,0,41.768759
2005,6,9,13,5,1104,31.53,7.7,.377049,2,1,0,41.768759
2005,6,9,13,5,1104,31.74,7.7,.377049,2,1,0,41.768759
2005,6,9,13,5,1104,31.97,7.7,.377049,2,1,0,41.768759
2005,6,9,13,5,1104,32.2,7.7,.377049,2,1,0,41.768759
2005,6,9,13,5,1104,32.44,7.7,.377049,2,1,0,41.768759
2005,6,9,13,5,1104,32.67,7.7,.377049,2,1,0,41.768759
2005,6,9,13,5,1104,32.91,7.7,.377049,2,1,0,41.768759
2005,6,9,13,5,1104,33.14,7.7,.377049,2,1,0,41.768759
2005,6,9,13,5,1104,33.37,7.7,.377049,2,1,0,41.768759
2005,6,9,13,5,1104,33.58,7.7,.377049,2,1,0,41.768759
2005,6,9,13,5,1104,33.78,7.7,.377049,2,1,0,41.768759
2005,6,9,13,5,1104,33.97,7.7,.377049,2,1,0,41.768759
2005,6,9,13,5,1104,34.14,7.7,.377049,2,1,0,41.768759
2005,6,9,13,5,1104,34.28,7.7,.377049,2,1,0,41.768759
2005,6,9,13,5,1104,34.41,7.7,.377049,2,1,0,41.768759
2005,6,9,13,5,1104,34.5,7.7,.377049,2,1,0,41.768759
2005,6,9,13,5,1104,34.57,7.7,.377049,2,1,0,41.768759
2005,6,9,13,5,1104,34.6,7.9,.377049,2,1,0,41.768759
2005,6,9,14,5,1104,1,165,.377049,2,1,0,1
2005,6,9,14,5,1104,30.56,27,.377049,2,1,0,41.768759
2005,6,9,14,5,1104,30.69,11.5,.377049,2,1,0,41.768759
2005,6,9,14,5,1104,30.81,7.7,.377049,2,1,0,41.768759
2005,6,9,14,5,1104,30.96,7.7,.377049,2,1,0,41.768759
2005,6,9,14,5,1104,31.13,7.7,.377049,2,1,0,41.768759
2005,6,9,14,5,1104,31.32,7.7,.377049,2,1,0,41.768759
2005,6,9,14,5,1104,31.53,7.7,.377049,2,1,0,41.768759
2005,6,9,14,5,1104,31.74,7.7,.377049,2,1,0,41.768759
2005,6,9,14,5,1104,31.97,7.7,.377049,2,1,0,41.768759
2005,6,9,14,5,1104,32.2,7.7,.377049,2,1,0,41.768759
2005,6,9,14,5,1104,32.44,7.7,.377049,2,1,0,41.768759
2005,6,9,14,5,1104,32.67,7.7,.377049,2,1,0,41.768759
2005,6,9,14,5,1104,32.91,7.7,.377049,2,1,0,41.768759
2005,6,9,14,5,1104,33.14,7.7,.377049,2,1,0,41.768759
2005,6,9,14,5,1104,33.37,7.7,.377049,2,1,0,41.768759
2005,6,9,14,5,1104,33.58,7.7,.377049,2,1,0,41.768759
2005,6,9,14,5,1104,33.78,7.7,.377049,2,1,0,41.768759
2005,6,9,14,5,1104,33.97,7.7,.377049,2,1,0,41.768759
2005,6,9,14,5,1104,34.14,7.7,.377049,2,1,0,41.768759
2005,6,9,14,5,1104,34.28,7.7,.377049,2,1,0,41.768759
2005,6,9,14,5,1104,34.41,7.7,.377049,2,1,0,41.768759
2005,6,9,14,5,1104,34.5,7.7,.377049,2,1,0,41.768759
2005,6,9,14,5,1104,34.57,7.7,.377049,2,1,0,41.768759
2005,6,9,14,5,1104,34.6,7.9,.377049,2,1,0,41.768759
2005,6,9,15,5,1104,1,165,.377049,2,1,0,1
2005,6,9,15,5,1104,30.56,27,.377049,2,1,0,41.768759
2005,6,9,15,5,1104,30.69,11.5,.377049,2,1,0,41.768759
2005,6,9,15,5,1104,30.81,7.7,.377049,2,1,0,41.768759
2005,6,9,15,5,1104,30.96,7.7,.377049,2,1,0,41.768759
2005,6,9,15,5,1104,31.13,7.7,.377049,2,1,0,41.768759
2005,6,9,15,5,1104,31.32,7.7,.377049,2,1,0,41.768759
2005,6,9,15,5,1104,31.53,7.7,.377049,2,1,0,41.768759
2005,6,9,15,5,1104,31.74,7.7,.377049,2,1,0,41.768759
2005,6,9,15,5,1104,31.97,7.7,.377049,2,1,0,41.768759
2005,6,9,15,5,1104,32.2,7.7,.377049,2,1,0,41.768759
2005,6,9,15,5,1104,32.44,7.7,.377049,2,1,0,41.768759
2005,6,9,15,5,1104,32.67,7.7,.377049,2,1,0,41.768759
2005,6,9,15,5,1104,32.91,7.7,.377049,2,1,0,41.768759
2005,6,9,15,5,1104,33.14,7.7,.377049,2,1,0,41.768759
2005,6,9,15,5,1104,33.37,7.7,.377049,2,1,0,41.768759
2005,6,9,15,5,1104,33.58,7.7,.377049,2,1,0,41.768759
2005,6,9,15,5,1104,33.78,7.7,.377049,2,1,0,41.768759
2005,6,9,15,5,1104,33.97,7.7,.377049,2,1,0,41.768759
2005,6,9,15,5,1104,34.14,7.7,.377049,2,1,0,41.768759
2005,6,9,15,5,1104,34.28,7.7,.377049,2,1,0,41.768759
2005,6,9,15,5,1104,34.41,7.7,.377049,2,1,0,41.768759
2005,6,9,15,5,1104,34.5,7.7,.377049,2,1,0,41.768759
2005,6,9,15,5,1104,34.57,7.7,.377049,2,1,0,41.768759
2005,6,9,15,5,1104,34.6,7.9,.377049,2,1,0,41.768759
2005,6,9,16,5,1104,1,165,.377049,2,1,0,1
2005,6,9,16,5,1104,30.56,27,.377049,2,1,0,41.768759
2005,6,9,16,5,1104,30.69,11.5,.377049,2,1,0,41.768759
2005,6,9,16,5,1104,30.81,7.7,.377049,2,1,0,41.768759
2005,6,9,16,5,1104,30.96,7.7,.377049,2,1,0,41.768759
2005,6,9,16,5,1104,31.13,7.7,.377049,2,1,0,41.768759
2005,6,9,16,5,1104,31.32,7.7,.377049,2,1,0,41.768759
2005,6,9,16,5,1104,31.53,7.7,.377049,2,1,0,41.768759
2005,6,9,16,5,1104,31.74,7.7,.377049,2,1,0,41.768759
2005,6,9,16,5,1104,31.97,7.7,.377049,2,1,0,41.768759
2005,6,9,16,5,1104,32.2,7.7,.377049,2,1,0,41.768759
2005,6,9,16,5,1104,32.44,7.7,.377049,2,1,0,41.768759
2005,6,9,16,5,1104,32.67,7.7,.377049,2,1,0,41.768759
2005,6,9,16,5,1104,32.91,7.7,.377049,2,1,0,41.768759
2005,6,9,16,5,1104,33.14,7.7,.377049,2,1,0,41.768759
2005,6,9,16,5,1104,33.37,7.7,.377049,2,1,0,41.768759
2005,6,9,16,5,1104,33.58,7.7,.377049,2,1,0,41.768759
2005,6,9,16,5,1104,33.78,7.7,.377049,2,1,0,41.768759
2005,6,9,16,5,1104,33.97,7.7,.377049,2,1,0,41.768759
2005,6,9,16,5,1104,34.14,7.7,.377049,2,1,0,41.768759
2005,6,9,16,5,1104,34.28,7.7,.377049,2,1,0,41.768759
2005,6,9,16,5,1104,34.41,7.7,.377049,2,1,0,41.768759
2005,6,9,16,5,1104,34.5,7.7,.377049,2,1,0,41.768759
2005,6,9,16,5,1104,34.57,7.7,.377049,2,1,0,41.768759
2005,6,9,16,5,1104,34.6,7.9,.377049,2,1,0,41.768759
2005,6,9,17,5,1104,1,165,.377049,2,1,0,1
2005,6,9,17,5,1104,30.56,27,.377049,2,1,0,41.768759
2005,6,9,17,5,1104,30.69,11.5,.377049,2,1,0,41.768759
2005,6,9,17,5,1104,30.81,7.7,.377049,2,1,0,41.768759
2005,6,9,17,5,1104,30.96,7.7,.377049,2,1,0,41.768759
2005,6,9,17,5,1104,31.13,7.7,.377049,2,1,0,41.768759
2005,6,9,17,5,1104,31.32,7.7,.377049,2,1,0,41.768759
2005,6,9,17,5,1104,31.53,7.7,.377049,2,1,0,41.768759
2005,6,9,17,5,1104,31.74,7.7,.377049,2,1,0,41.768759
2005,6,9,17,5,1104,31.97,7.7,.377049,2,1,0,41.768759
2005,6,9,17,5,1104,32.2,7.7,.377049,2,1,0,41.768759
2005,6,9,17,5,1104,32.44,7.7,.377049,2,1,0,41.768759
2005,6,9,17,5,1104,32.67,7.7,.377049,2,1,0,41.768759
2005,6,9,17,5,1104,32.91,7.7,.377049,2,1,0,41.768759
2005,6,9,17,5,1104,33.14,7.7,.377049,2,1,0,41.768759
2005,6,9,17,5,1104,33.37,7.7,.377049,2,1,0,41.768759
2005,6,9,17,5,1104,33.58,7.7,.377049,2,1,0,41.768759
2005,6,9,17,5,1104,33.78,7.7,.377049,2,1,0,41.768759
2005,6,9,17,5,1104,33.97,7.7,.377049,2,1,0,41.768759
2005,6,9,17,5,1104,34.14,7.7,.377049,2,1,0,41.768759
2005,6,9,17,5,1104,34.28,7.7,.377049,2,1,0,41.768759
2005,6,9,17,5,1104,34.41,7.7,.377049,2,1,0,41.768759
2005,6,9,17,5,1104,34.5,7.7,.377049,2,1,0,41.768759
2005,6,9,17,5,1104,34.57,7.7,.377049,2,1,0,41.768759
2005,6,9,17,5,1104,34.6,7.9,.377049,2,1,0,41.768759
2005,6,9,18,5,1104,1,165,.377049,2,1,0,1
2005,6,9,18,5,1104,30.56,27,.377049,2,1,0,41.768759
2005,6,9,18,5,1104,30.69,11.5,.377049,2,1,0,41.768759
2005,6,9,18,5,1104,30.81,7.7,.377049,2,1,0,41.768759
2005,6,9,18,5,1104,30.96,7.7,.377049,2,1,0,41.768759
2005,6,9,18,5,1104,31.13,7.7,.377049,2,1,0,41.768759
2005,6,9,18,5,1104,31.32,7.7,.377049,2,1,0,41.768759
2005,6,9,18,5,1104,31.53,7.7,.377049,2,1,0,41.768759
2005,6,9,18,5,1104,31.74,7.7,.377049,2,1,0,41.768759
2005,6,9,18,5,1104,31.97,7.7,.377049,2,1,0,41.768759
2005,6,9,18,5,1104,32.2,7.7,.377049,2,1,0,41.768759
2005,6,9,18,5,1104,32.44,7.7,.377049,2,1,0,41.768759
2005,6,9,18,5,1104,32.67,7.7,.377049,2,1,0,41.768759
2005,6,9,18,5,1104,32.91,7.7,.377049,2,1,0,41.768759
2005,6,9,18,5,1104,33.14,7.7,.377049,2,1,0,41.768759
2005,6,9,18,5,1104,33.37,7.7,.377049,2,1,0,41.768759
2005,6,9,18,5,1104,33.58,7.7,.377049,2,1,0,41.768759
2005,6,9,18,5,1104,33.78,7.7,.377049,2,1,0,41.768759
2005,6,9,18,5,1104,33.97,7.7,.377049,2,1,0,41.768759
2005,6,9,18,5,1104,34.14,7.7,.377049,2,1,0,41.768759
2005,6,9,18,5,1104,34.28,7.7,.377049,2,1,0,41.768759
2005,6,9,18,5,1104,34.41,7.7,.377049,2,1,0,41.768759
2005,6,9,18,5,1104,34.5,7.7,.377049,2,1,0,41.768759
2005,6,9,18,5,1104,34.57,7.7,.377049,2,1,0,41.768759
2005,6,9,18,5,1104,34.6,7.9,.377049,2,1,0,41.768759
2005,6,9,19,5,1104,1,165,.377049,2,1,0,1
2005,6,9,19,5,1104,30.56,27,.377049,2,1,0,41.768759
2005,6,9,19,5,1104,30.69,11.5,.377049,2,1,0,41.768759
2005,6,9,19,5,1104,30.81,7.7,.377049,2,1,0,41.768759
2005,6,9,19,5,1104,30.96,7.7,.377049,2,1,0,41.768759
2005,6,9,19,5,1104,31.13,7.7,.377049,2,1,0,41.768759
2005,6,9,19,5,1104,31.32,7.7,.377049,2,1,0,41.768759
2005,6,9,19,5,1104,31.53,7.7,.377049,2,1,0,41.768759
2005,6,9,19,5,1104,31.74,7.7,.377049,2,1,0,41.768759
2005,6,9,19,5,1104,31.97,7.7,.377049,2,1,0,41.768759
2005,6,9,19,5,1104,32.2,7.7,.377049,2,1,0,41.768759
2005,6,9,19,5,1104,32.44,7.7,.377049,2,1,0,41.768759
2005,6,9,19,5,1104,32.67,7.7,.377049,2,1,0,41.768759
2005,6,9,19,5,1104,32.91,7.7,.377049,2,1,0,41.768759
2005,6,9,19,5,1104,33.14,7.7,.377049,2,1,0,41.768759
2005,6,9,19,5,1104,33.37,7.7,.377049,2,1,0,41.768759
2005,6,9,19,5,1104,33.58,7.7,.377049,2,1,0,41.768759
2005,6,9,19,5,1104,33.78,7.7,.377049,2,1,0,41.768759
2005,6,9,19,5,1104,33.97,7.7,.377049,2,1,0,41.768759
2005,6,9,19,5,1104,34.14,7.7,.377049,2,1,0,41.768759
2005,6,9,19,5,1104,34.28,7.7,.377049,2,1,0,41.768759
2005,6,9,19,5,1104,34.41,7.7,.377049,2,1,0,41.768759
2005,6,9,19,5,1104,34.5,7.7,.377049,2,1,0,41.768759
2005,6,9,19,5,1104,34.57,7.7,.377049,2,1,0,41.768759
2005,6,9,19,5,1104,34.6,7.9,.377049,2,1,0,41.768759
2005,6,9,20,5,1104,1,165,.377049,2,1,0,1
2005,6,9,20,5,1104,30.56,27,.377049,2,1,0,41.768759
2005,6,9,20,5,1104,30.69,11.5,.377049,2,1,0,41.768759
2005,6,9,20,5,1104,30.81,7.7,.377049,2,1,0,41.768759
2005,6,9,20,5,1104,30.96,7.7,.377049,2,1,0,41.768759
2005,6,9,20,5,1104,31.13,7.7,.377049,2,1,0,41.768759
2005,6,9,20,5,1104,31.32,7.7,.377049,2,1,0,41.768759
2005,6,9,20,5,1104,31.53,7.7,.377049,2,1,0,41.768759
2005,6,9,20,5,1104,31.74,7.7,.377049,2,1,0,41.768759
2005,6,9,20,5,1104,31.97,7.7,.377049,2,1,0,41.768759
2005,6,9,20,5,1104,32.2,7.7,.377049,2,1,0,41.768759
2005,6,9,20,5,1104,32.44,7.7,.377049,2,1,0,41.768759
2005,6,9,20,5,1104,32.67,7.7,.377049,2,1,0,41.768759
2005,6,9,20,5,1104,32.91,7.7,.377049,2,1,0,41.768759
2005,6,9,20,5,1104,33.14,7.7,.377049,2,1,0,41.768759
2005,6,9,20,5,1104,33.37,7.7,.377049,2,1,0,41.768759
2005,6,9,20,5,1104,33.58,7.7,.377049,2,1,0,41.768759
2005,6,9,20,5,1104,33.78,7.7,.377049,2,1,0,41.768759
2005,6,9,20,5,1104,33.97,7.7,.377049,2,1,0,41.768759
2005,6,9,20,5,1104,34.14,7.7,.377049,2,1,0,41.768759
2005,6,9,20,5,1104,34.28,7.7,.377049,2,1,0,41.768759
2005,6,9,20,5,1104,34.41,7.7,.377049,2,1,0,41.768759
2005,6,9,20,5,1104,34.5,7.7,.377049,2,1,0,41.768759
2005,6,9,20,5,1104,34.57,7.7,.377049,2,1,0,41.768759
2005,6,9,20,5,1104,34.6,7.9,.377049,2,1,0,41.768759
2005,6,9,21,5,1104,1,165,.377049,2,1,0,1
2005,6,9,21,5,1104,30.56,27,.377049,2,1,0,41.768759
2005,6,9,21,5,1104,30.69,11.5,.377049,2,1,0,41.768759
2005,6,9,21,5,1104,30.81,7.7,.377049,2,1,0,41.768759
2005,6,9,21,5,1104,30.96,7.7,.377049,2,1,0,41.768759
2005,6,9,21,5,1104,31.13,7.7,.377049,2,1,0,41.768759
2005,6,9,21,5,1104,31.32,7.7,.377049,2,1,0,41.768759
2005,6,9,21,5,1104,31.53,7.7,.377049,2,1,0,41.768759
2005,6,9,21,5,1104,31.74,7.7,.377049,2,1,0,41.768759
2005,6,9,21,5,1104,31.97,7.7,.377049,2,1,0,41.768759
2005,6,9,21,5,1104,32.2,7.7,.377049,2,1,0,41.768759
2005,6,9,21,5,1104,32.44,7.7,.377049,2,1,0,41.768759
2005,6,9,21,5,1104,32.67,7.7,.377049,2,1,0,41.768759
2005,6,9,21,5,1104,32.91,7.7,.377049,2,1,0,41.768759
2005,6,9,21,5,1104,33.14,7.7,.377049,2,1,0,41.768759
2005,6,9,21,5,1104,33.37,7.7,.377049,2,1,0,41.768759
2005,6,9,21,5,1104,33.58,7.7,.377049,2,1,0,41.768759
2005,6,9,21,5,1104,33.78,7.7,.377049,2,1,0,41.768759
2005,6,9,21,5,1104,33.97,7.7,.377049,2,1,0,41.768759
2005,6,9,21,5,1104,34.14,7.7,.377049,2,1,0,41.768759
2005,6,9,21,5,1104,34.28,7.7,.377049,2,1,0,41.768759
2005,6,9,21,5,1104,34.41,7.7,.377049,2,1,0,41.768759
2005,6,9,21,5,1104,34.5,7.7,.377049,2,1,0,41.768759
2005,6,9,21,5,1104,34.57,7.7,.377049,2,1,0,41.768759
2005,6,9,21,5,1104,34.6,7.9,.377049,2,1,0,41.768759
2005,6,9,22,5,1104,1,165,.377049,2,1,0,1
2005,6,9,22,5,1104,30.56,27,.377049,2,1,0,41.768759
2005,6,9,22,5,1104,30.69,11.5,.377049,2,1,0,41.768759
2005,6,9,22,5,1104,30.81,7.7,.377049,2,1,0,41.768759
2005,6,9,22,5,1104,30.96,7.7,.377049,2,1,0,41.768759
2005,6,9,22,5,1104,31.13,7.7,.377049,2,1,0,41.768759
2005,6,9,22,5,1104,31.32,7.7,.377049,2,1,0,41.768759
2005,6,9,22,5,1104,31.53,7.7,.377049,2,1,0,41.768759
2005,6,9,22,5,1104,31.74,7.7,.377049,2,1,0,41.768759
2005,6,9,22,5,1104,31.97,7.7,.377049,2,1,0,41.768759
2005,6,9,22,5,1104,32.2,7.7,.377049,2,1,0,41.768759
2005,6,9,22,5,1104,32.44,7.7,.377049,2,1,0,41.768759
2005,6,9,22,5,1104,32.67,7.7,.377049,2,1,0,41.768759
2005,6,9,22,5,1104,32.91,7.7,.377049,2,1,0,41.768759
2005,6,9,22,5,1104,33.14,7.7,.377049,2,1,0,41.768759
2005,6,9,22,5,1104,33.37,7.7,.377049,2,1,0,41.768759
2005,6,9,22,5,1104,33.58,7.7,.377049,2,1,0,41.768759
2005,6,9,22,5,1104,33.78,7.7,.377049,2,1,0,41.768759
2005,6,9,22,5,1104,33.97,7.7,.377049,2,1,0,41.768759
2005,6,9,22,5,1104,34.14,7.7,.377049,2,1,0,41.768759
2005,6,9,22,5,1104,34.28,7.7,.377049,2,1,0,41.768759
2005,6,9,22,5,1104,34.41,7.7,.377049,2,1,0,41.768759
2005,6,9,22,5,1104,34.5,7.7,.377049,2,1,0,41.768759
2005,6,9,22,5,1104,34.57,7.7,.377049,2,1,0,41.768759
2005,6,9,22,5,1104,34.6,7.9,.377049,2,1,0,41.768759
2005,6,9,23,5,1104,1,165,.377049,2,1,0,1
2005,6,9,23,5,1104,30.56,27,.377049,2,1,0,41.768759
2005,6,9,23,5,1104,30.69,11.5,.377049,2,1,0,41.768759
2005,6,9,23,5,1104,30.81,7.7,.377049,2,1,0,41.768759
2005,6,9,23,5,1104,30.96,7.7,.377049,2,1,0,41.768759
2005,6,9,23,5,1104,31.13,7.7,.377049,2,1,0,41.768759
2005,6,9,23,5,1104,31.32,7.7,.377049,2,1,0,41.768759
2005,6,9,23,5,1104,31.53,7.7,.377049,2,1,0,41.768759
2005,6,9,23,5,1104,31.74,7.7,.377049,2,1,0,41.768759
2005,6,9,23,5,1104,31.97,7.7,.377049,2,1,0,41.768759
2005,6,9,23,5,1104,32.2,7.7,.377049,2,1,0,41.768759
2005,6,9,23,5,1104,32.44,7.7,.377049,2,1,0,41.768759
2005,6,9,23,5,1104,32.67,7.7,.377049,2,1,0,41.768759
2005,6,9,23,5,1104,32.91,7.7,.377049,2,1,0,41.768759
2005,6,9,23,5,1104,33.14,7.7,.377049,2,1,0,41.768759
2005,6,9,23,5,1104,33.37,7.7,.377049,2,1,0,41.768759
2005,6,9,23,5,1104,33.58,7.7,.377049,2,1,0,41.768759
2005,6,9,23,5,1104,33.78,7.7,.377049,2,1,0,41.768759
2005,6,9,23,5,1104,33.97,7.7,.377049,2,1,0,41.768759
2005,6,9,23,5,1104,34.14,7.7,.377049,2,1,0,41.768759
2005,6,9,23,5,1104,34.28,7.7,.377049,2,1,0,41.768759
2005,6,9,23,5,1104,34.41,7.7,.377049,2,1,0,41.768759
2005,6,9,23,5,1104,34.5,7.7,.377049,2,1,0,41.768759
2005,6,9,23,5,1104,34.57,7.7,.377049,2,1,0,41.768759
2005,6,9,23,5,1104,34.6,7.9,.377049,2,1,0,41.768759
2005,6,9,24,5,1104,1,165,.377049,2,1,0,1
2005,6,9,24,5,1104,30.56,27,.377049,2,1,0,41.768759
2005,6,9,24,5,1104,30.69,11.5,.377049,2,1,0,41.768759
2005,6,9,24,5,1104,30.81,7.7,.377049,2,1,0,41.768759
2005,6,9,24,5,1104,30.96,7.7,.377049,2,1,0,41.768759
2005,6,9,24,5,1104,31.13,7.7,.377049,2,1,0,41.768759
2005,6,9,24,5,1104,31.32,7.7,.377049,2,1,0,41.768759
2005,6,9,24,5,1104,31.53,7.7,.377049,2,1,0,41.768759
2005,6,9,24,5,1104,31.74,7.7,.377049,2,1,0,41.768759
2005,6,9,24,5,1104,31.97,7.7,.377049,2,1,0,41.768759
2005,6,9,24,5,1104,32.2,7.7,.377049,2,1,0,41.768759
2005,6,9,24,5,1104,32.44,7.7,.377049,2,1,0,41.768759
2005,6,9,24,5,1104,32.67,7.7,.377049,2,1,0,41.768759
2005,6,9,24,5,1104,32.91,7.7,.377049,2,1,0,41.768759
2005,6,9,24,5,1104,33.14,7.7,.377049,2,1,0,41.768759
2005,6,9,24,5,1104,33.37,7.7,.377049,2,1,0,41.768759
2005,6,9,24,5,1104,33.58,7.7,.377049,2,1,0,41.768759
2005,6,9,24,5,1104,33.78,7.7,.377049,2,1,0,41.768759
2005,6,9,24,5,1104,33.97,7.7,.377049,2,1,0,41.768759
2005,6,9,24,5,1104,34.14,7.7,.377049,2,1,0,41.768759
2005,6,9,24,5,1104,34.28,7.7,.377049,2,1,0,41.768759
2005,6,9,24,5,1104,34.41,7.7,.377049,2,1,0,41.768759
2005,6,9,24,5,1104,34.5,7.7,.377049,2,1,0,41.768759
2005,6,9,24,5,1104,34.57,7.7,.377049,2,1,0,41.768759
2005,6,9,24,5,1104,34.6,7.9,.377049,2,1,0,41.768759
2005,6,9,1,2,1105,0,165,.377049,2,1,0,0
2005,6,9,1,2,1105,30.02,35,.377049,2,1,0,41.768759
2005,6,9,1,2,1105,30.03,35,.377049,2,1,0,41.768759
2005,6,9,1,2,1105,30.04,35,.377049,2,1,0,41.768759
2005,6,9,1,2,1105,30.05,35,.377049,2,1,0,41.768759
2005,6,9,1,2,1105,30.06,35,.377049,2,1,0,41.768759
2005,6,9,1,2,1105,90.07,25,.377049,2,0,0,41.768759
2005,6,9,2,2,1105,0,165,.377049,2,1,0,0
2005,6,9,2,2,1105,90.07,200,.377049,2,0,0,41.768759
2005,6,9,3,2,1105,0,165,.377049,2,1,0,0
2005,6,9,3,2,1105,90.07,200,.377049,2,0,0,41.768759
2005,6,9,4,2,1105,0,165,.377049,2,1,0,0
2005,6,9,4,2,1105,90.07,200,.377049,2,0,0,41.768759
2005,6,9,5,2,1105,0,165,.377049,2,1,0,0
2005,6,9,5,2,1105,90.07,200,.377049,2,0,0,41.768759
2005,6,9,6,2,1105,0,165,.377049,2,1,0,0
2005,6,9,6,2,1105,90.07,200,.377049,2,0,0,41.768759
2005,6,9,7,2,1105,0,165,.377049,2,1,0,0
2005,6,9,7,2,1105,90.07,200,.377049,2,0,0,41.768759
2005,6,9,8,2,1105,0,165,.377049,2,1,0,0
2005,6,9,8,2,1105,30.02,35,.377049,2,1,0,41.768759
2005,6,9,8,2,1105,30.03,35,.377049,2,1,0,41.768759
2005,6,9,8,2,1105,30.04,35,.377049,2,1,0,41.768759
2005,6,9,8,2,1105,30.05,35,.377049,2,1,0,41.768759
2005,6,9,8,2,1105,30.06,35,.377049,2,1,0,41.768759
2005,6,9,8,2,1105,90.07,25,.377049,2,0,0,41.768759
2005,6,9,9,2,1105,0,340,.377049,2,1,0,0
2005,6,9,9,2,1105,90.07,25,.377049,2,0,0,41.768759
2005,6,9,10,2,1105,0,340,.377049,2,1,0,0
2005,6,9,10,2,1105,90.07,25,.377049,2,0,0,41.768759
2005,6,9,11,2,1105,0,340,.377049,2,1,0,0
2005,6,9,11,2,1105,90.07,25,.377049,2,0,0,41.768759
2005,6,9,12,2,1105,0,200,.377049,2,1,0,0
2005,6,9,12,2,1105,30.03,35,.377049,2,1,0,41.768759
2005,6,9,12,2,1105,30.04,35,.377049,2,1,0,41.768759
2005,6,9,12,2,1105,30.05,35,.377049,2,1,0,41.768759
2005,6,9,12,2,1105,30.06,35,.377049,2,1,0,41.768759
2005,6,9,12,2,1105,90.07,25,.377049,2,0,0,41.768759
2005,6,9,13,2,1105,0,165,.377049,2,1,0,0
2005,6,9,13,2,1105,30.02,35,.377049,2,1,0,41.768759
2005,6,9,13,2,1105,30.03,35,.377049,2,1,0,41.768759
2005,6,9,13,2,1105,30.04,35,.377049,2,1,0,41.768759
2005,6,9,13,2,1105,30.05,35,.377049,2,1,0,41.768759
2005,6,9,13,2,1105,30.06,35,.377049,2,1,0,41.768759
2005,6,9,13,2,1105,90.07,25,.377049,2,1,0,41.768759
2005,6,9,14,2,1105,0,270,.377049,2,1,0,0
2005,6,9,14,2,1105,30.05,35,.377049,2,1,0,41.768759
2005,6,9,14,2,1105,30.06,35,.377049,2,1,0,41.768759
2005,6,9,14,2,1105,90.07,25,.377049,2,0,0,41.768759
2005,6,9,15,2,1105,0,165,.377049,2,1,0,0
2005,6,9,15,2,1105,30.02,35,.377049,2,1,0,41.768759
2005,6,9,15,2,1105,30.03,35,.377049,2,1,0,41.768759
2005,6,9,15,2,1105,30.04,35,.377049,2,1,0,41.768759
2005,6,9,15,2,1105,30.05,35,.377049,2,1,0,41.768759
2005,6,9,15,2,1105,30.06,35,.377049,2,1,0,41.768759
2005,6,9,15,2,1105,90.07,25,.377049,2,0,0,41.768759
2005,6,9,16,2,1105,0,165,.377049,2,1,0,0
2005,6,9,16,2,1105,30.02,35,.377049,2,1,0,41.768759
2005,6,9,16,2,1105,30.03,35,.377049,2,1,0,41.768759
2005,6,9,16,2,1105,30.04,35,.377049,2,1,0,41.768759
2005,6,9,16,2,1105,30.05,35,.377049,2,1,0,41.768759
2005,6,9,16,2,1105,30.06,35,.377049,2,1,0,41.768759
2005,6,9,16,2,1105,90.07,25,.377049,2,0,0,41.768759
2005,6,9,17,2,1105,0,305,.377049,2,1,0,0
2005,6,9,17,2,1105,30.06,35,.377049,2,1,0,41.768759
2005,6,9,17,2,1105,90.07,25,.377049,2,0,0,41.768759
2005,6,9,18,2,1105,0,270,.377049,2,1,0,0
2005,6,9,18,2,1105,30.05,35,.377049,2,1,0,41.768759
2005,6,9,18,2,1105,30.06,35,.377049,2,1,0,41.768759
2005,6,9,18,2,1105,90.07,25,.377049,2,0,0,41.768759
2005,6,9,19,2,1105,0,340,.377049,2,1,0,0
2005,6,9,19,2,1105,90.07,25,.377049,2,0,0,41.768759
2005,6,9,20,2,1105,0,340,.377049,2,1,0,0
2005,6,9,20,2,1105,90.07,25,.377049,2,0,0,41.768759
2005,6,9,21,2,1105,0,200,.377049,2,1,0,0
2005,6,9,21,2,1105,30.03,35,.377049,2,1,0,41.768759
2005,6,9,21,2,1105,30.04,35,.377049,2,1,0,41.768759
2005,6,9,21,2,1105,30.05,35,.377049,2,1,0,41.768759
2005,6,9,21,2,1105,30.06,35,.377049,2,1,0,41.768759
2005,6,9,21,2,1105,90.07,25,.377049,2,0,0,41.768759
2005,6,9,22,2,1105,0,165,.377049,2,1,0,0
2005,6,9,22,2,1105,30.02,35,.377049,2,1,0,41.768759
2005,6,9,22,2,1105,30.03,35,.377049,2,1,0,41.768759
2005,6,9,22,2,1105,30.04,35,.377049,2,1,0,41.768759
2005,6,9,22,2,1105,30.05,35,.377049,2,1,0,41.768759
2005,6,9,22,2,1105,30.06,35,.377049,2,1,0,41.768759
2005,6,9,22,2,1105,90.07,25,.377049,2,0,0,41.768759
2005,6,9,23,2,1105,0,165,.377049,2,1,0,0
2005,6,9,23,2,1105,30.02,35,.377049,2,1,0,41.768759
2005,6,9,23,2,1105,30.03,35,.377049,2,1,0,41.768759
2005,6,9,23,2,1105,30.04,35,.377049,2,1,0,41.768759
2005,6,9,23,2,1105,30.05,35,.377049,2,1,0,41.768759
2005,6,9,23,2,1105,30.06,35,.377049,2,1,0,41.768759
2005,6,9,23,2,1105,90.07,25,.377049,2,0,0,41.768759
2005,6,9,24,2,1105,0,165,.377049,2,1,0,0
2005,6,9,24,2,1105,30.02,35,.377049,2,1,0,41.768759
2005,6,9,24,2,1105,30.03,35,.377049,2,1,0,41.768759
2005,6,9,24,2,1105,30.04,35,.377049,2,1,0,41.768759
2005,6,9,24,2,1105,30.05,35,.377049,2,1,0,41.768759
2005,6,9,24,2,1105,30.06,35,.377049,2,1,0,41.768759
2005,6,9,24,2,1105,90.07,25,.377049,2,0,0,41.768759
2005,6,9,1,1,1106,127.83,368.8,.715213,2,0,0,127.83
2005,6,9,2,1,1106,127.83,368.8,.715213,2,0,0,127.83
2005,6,9,3,1,1106,127.83,368.8,.715213,2,0,0,127.83
2005,6,9,4,1,1106,127.83,368.8,.715213,2,0,0,127.83
2005,6,9,5,1,1106,127.83,368.8,.715213,2,0,0,127.83
2005,6,9,6,1,1106,127.83,368.8,.715213,2,0,0,127.83
2005,6,9,7,1,1106,127.83,368.8,.715213,2,0,0,127.83
2005,6,9,8,1,1106,127.83,368.8,.715213,2,0,0,127.83
2005,6,9,9,1,1106,127.83,368.8,.715213,2,0,0,127.83
2005,6,9,10,1,1106,127.83,368.8,.715213,2,0,0,127.83
2005,6,9,11,1,1106,127.83,368.8,.715213,2,0,0,127.83
2005,6,9,12,1,1106,127.83,368.8,.715213,2,0,0,127.83
2005,6,9,13,1,1106,127.83,368.8,.715213,2,0,0,127.83
2005,6,9,14,1,1106,127.83,368.8,.715213,2,0,0,127.83
2005,6,9,15,1,1106,127.83,368.8,.715213,2,0,0,127.83
2005,6,9,16,1,1106,127.83,368.8,.715213,2,0,0,127.83
2005,6,9,17,1,1106,127.83,368.8,.715213,2,0,0,127.83
2005,6,9,18,1,1106,127.83,368.8,.715213,2,0,0,127.83
2005,6,9,19,1,1106,127.83,368.8,.715213,2,0,0,127.83
2005,6,9,20,1,1106,127.83,368.8,.715213,2,0,0,127.83
2005,6,9,21,1,1106,127.83,368.8,.715213,2,0,0,127.83
2005,6,9,22,1,1106,127.83,368.8,.715213,2,0,0,127.83
2005,6,9,23,1,1106,127.83,368.8,.715213,2,0,0,127.83
2005,6,9,24,1,1106,127.83,368.8,.715213,2,0,0,127.83
2005,6,9,1,1,1107,122.3,528.2,.715213,2,0,0,122.3
2005,6,9,2,1,1107,122.3,528.2,.715213,2,0,0,122.3
2005,6,9,3,1,1107,122.3,528.2,.715213,2,0,0,122.3
2005,6,9,4,1,1107,122.3,528.2,.715213,2,0,0,122.3
2005,6,9,5,1,1107,122.3,528.2,.715213,2,0,0,122.3
2005,6,9,6,1,1107,122.3,528.2,.715213,2,0,0,122.3
2005,6,9,7,1,1107,122.3,528.2,.715213,2,0,0,122.3
2005,6,9,8,1,1107,122.3,528.2,.715213,2,0,0,122.3
2005,6,9,9,1,1107,122.3,528.2,.715213,2,0,0,122.3
2005,6,9,10,1,1107,122.3,528.2,.715213,2,0,0,122.3
2005,6,9,11,1,1107,122.3,528.2,.715213,2,0,0,122.3
2005,6,9,12,1,1107,122.3,528.2,.715213,2,0,0,122.3
2005,6,9,13,1,1107,122.3,528.2,.715213,2,0,0,122.3
2005,6,9,14,1,1107,122.3,528.2,.715213,2,0,0,122.3
2005,6,9,15,1,1107,122.3,528.2,.715213,2,0,0,122.3
2005,6,9,16,1,1107,122.3,528.2,.715213,2,0,0,122.3
2005,6,9,17,1,1107,122.3,528.2,.715213,2,0,0,122.3
2005,6,9,18,1,1107,122.3,528.2,.715213,2,0,0,122.3
2005,6,9,19,1,1107,122.3,528.2,.715213,2,0,0,122.3
2005,6,9,20,1,1107,122.3,528.2,.715213,2,0,0,122.3
2005,6,9,21,1,1107,122.3,528.2,.715213,2,0,0,122.3
2005,6,9,22,1,1107,122.3,528.2,.715213,2,0,0,122.3
2005,6,9,23,1,1107,122.3,528.2,.715213,2,0,0,122.3
2005,6,9,24,1,1107,122.3,528.2,.715213,2,0,0,122.3
2005,6,9,1,9,1108,0,230,.371975,2,1,0,0
2005,6,9,1,9,1108,35.43,50,.371975,2,1,0,41.668801
2005,6,9,1,9,1108,37.83,50,.371975,2,1,0,41.668801
2005,6,9,1,9,1108,40.43,46.3,.371975,2,1,0,41.668801
2005,6,9,2,9,1108,0,230,.371975,2,1,0,0
2005,6,9,2,9,1108,35.43,50,.371975,2,1,0,41.668801
2005,6,9,2,9,1108,37.83,50,.371975,2,1,0,41.668801
2005,6,9,2,9,1108,40.43,46.3,.371975,2,0,0,41.668801
2005,6,9,3,9,1108,0,230,.371975,2,1,0,0
2005,6,9,3,9,1108,35.43,50,.371975,2,1,0,41.668801
2005,6,9,3,9,1108,37.83,50,.371975,2,0,0,41.668801
2005,6,9,3,9,1108,40.43,46.3,.371975,2,0,0,41.668801
2005,6,9,4,9,1108,0,230,.371975,2,1,0,0
2005,6,9,4,9,1108,35.43,50,.371975,2,1,0,41.668801
2005,6,9,4,9,1108,37.83,50,.371975,2,0,0,41.668801
2005,6,9,4,9,1108,40.43,46.3,.371975,2,0,0,41.668801
2005,6,9,5,9,1108,0,230,.371975,2,1,0,0
2005,6,9,5,9,1108,35.43,50,.371975,2,1,0,41.668801
2005,6,9,5,9,1108,37.83,50,.371975,2,0,0,41.668801
2005,6,9,5,9,1108,40.43,46.3,.371975,2,0,0,41.668801
2005,6,9,6,9,1108,0,230,.371975,2,1,0,0
2005,6,9,6,9,1108,35.43,50,.371975,2,1,0,41.668801
2005,6,9,6,9,1108,37.83,50,.371975,2,0,0,41.668801
2005,6,9,6,9,1108,40.43,46.3,.371975,2,0,0,41.668801
2005,6,9,7,9,1108,0,230,.371975,2,1,0,0
2005,6,9,7,9,1108,35.43,50,.371975,2,1,0,41.668801
2005,6,9,7,9,1108,37.83,50,.371975,2,1,0,41.668801
2005,6,9,7,9,1108,40.43,46.3,.371975,2,0,0,41.668801
2005,6,9,8,9,1108,0,230,.371975,2,1,0,0
2005,6,9,8,9,1108,35.43,50,.371975,2,1,0,41.668801
2005,6,9,8,9,1108,37.83,50,.371975,2,1,0,41.668801
2005,6,9,8,9,1108,40.43,46.3,.371975,2,1,0,41.668801
2005,6,9,9,9,1108,0,230,.371975,2,1,0,0
2005,6,9,9,9,1108,35.43,50,.371975,2,1,0,41.668801
2005,6,9,9,9,1108,37.83,50,.371975,2,1,0,41.668801
2005,6,9,9,9,1108,40.43,46.3,.371975,2,1,0,41.668801
2005,6,9,10,9,1108,0,230,.371975,2,1,0,0
2005,6,9,10,9,1108,35.43,50,.371975,2,1,0,41.668801
2005,6,9,10,9,1108,37.83,50,.371975,2,1,0,41.668801
2005,6,9,10,9,1108,40.43,46.3,.371975,2,1,0,41.668801
2005,6,9,11,9,1108,0,230,.371975,2,1,0,0
2005,6,9,11,9,1108,35.43,50,.371975,2,1,0,41.668801
2005,6,9,11,9,1108,37.83,50,.371975,2,1,0,41.668801
2005,6,9,11,9,1108,40.43,46.3,.371975,2,1,0,41.668801
2005,6,9,12,9,1108,0,230,.371975,2,1,0,0
2005,6,9,12,9,1108,35.43,50,.371975,2,1,0,41.668801
2005,6,9,12,9,1108,37.83,50,.371975,2,1,0,41.668801
2005,6,9,12,9,1108,40.43,46.3,.371975,2,1,0,41.668801
2005,6,9,13,9,1108,0,230,.371975,2,1,0,0
2005,6,9,13,9,1108,35.43,50,.371975,2,1,0,41.668801
2005,6,9,13,9,1108,37.83,50,.371975,2,1,0,41.668801
2005,6,9,13,9,1108,40.43,46.3,.371975,2,1,0,41.668801
2005,6,9,14,9,1108,0,230,.371975,2,1,0,0
2005,6,9,14,9,1108,35.43,50,.371975,2,1,0,41.668801
2005,6,9,14,9,1108,37.83,50,.371975,2,1,0,41.668801
2005,6,9,14,9,1108,40.43,46.3,.371975,2,1,0,41.668801
2005,6,9,15,9,1108,0,230,.371975,2,1,0,0
2005,6,9,15,9,1108,35.43,50,.371975,2,1,0,41.668801
2005,6,9,15,9,1108,37.83,50,.371975,2,1,0,41.668801
2005,6,9,15,9,1108,40.43,46.3,.371975,2,1,0,41.668801
2005,6,9,16,9,1108,0,230,.371975,2,1,0,0
2005,6,9,16,9,1108,35.43,50,.371975,2,1,0,41.668801
2005,6,9,16,9,1108,37.83,50,.371975,2,1,0,41.668801
2005,6,9,16,9,1108,40.43,46.3,.371975,2,1,0,41.668801
2005,6,9,17,9,1108,0,230,.371975,2,1,0,0
2005,6,9,17,9,1108,35.43,50,.371975,2,1,0,41.668801
2005,6,9,17,9,1108,37.83,50,.371975,2,1,0,41.668801
2005,6,9,17,9,1108,40.43,46.3,.371975,2,1,0,41.668801
2005,6,9,18,9,1108,0,230,.371975,2,1,0,0
2005,6,9,18,9,1108,35.43,50,.371975,2,1,0,41.668801
2005,6,9,18,9,1108,37.83,50,.371975,2,1,0,41.668801
2005,6,9,18,9,1108,40.43,46.3,.371975,2,1,0,41.668801
2005,6,9,19,9,1108,0,230,.371975,2,1,0,0
2005,6,9,19,9,1108,35.43,50,.371975,2,1,0,41.668801
2005,6,9,19,9,1108,37.83,50,.371975,2,1,0,41.668801
2005,6,9,19,9,1108,40.43,46.3,.371975,2,1,0,41.668801
2005,6,9,20,9,1108,0,230,.371975,2,1,0,0
2005,6,9,20,9,1108,35.43,50,.371975,2,1,0,41.668801
2005,6,9,20,9,1108,37.83,50,.371975,2,1,0,41.668801
2005,6,9,20,9,1108,40.43,46.3,.371975,2,1,0,41.668801
2005,6,9,21,9,1108,0,230,.371975,2,1,0,0
2005,6,9,21,9,1108,35.43,50,.371975,2,1,0,41.668801
2005,6,9,21,9,1108,37.83,50,.371975,2,1,0,41.668801
2005,6,9,21,9,1108,40.43,46.3,.371975,2,1,0,41.668801
2005,6,9,22,9,1108,0,230,.371975,2,1,0,0
2005,6,9,22,9,1108,35.43,50,.371975,2,1,0,41.668801
2005,6,9,22,9,1108,37.83,50,.371975,2,1,0,41.668801
2005,6,9,22,9,1108,40.43,46.3,.371975,2,1,0,41.668801
2005,6,9,23,9,1108,0,230,.371975,2,1,0,0
2005,6,9,23,9,1108,35.43,50,.371975,2,1,0,41.668801
2005,6,9,23,9,1108,37.83,50,.371975,2,1,0,41.668801
2005,6,9,23,9,1108,40.43,46.3,.371975,2,1,0,41.668801
2005,6,9,24,9,1108,0,230,.371975,2,1,0,0
2005,6,9,24,9,1108,35.43,50,.371975,2,1,0,41.668801
2005,6,9,24,9,1108,37.83,50,.371975,2,1,0,41.668801
2005,6,9,24,9,1108,40.43,46.3,.371975,2,1,0,41.668801
2005,6,9,1,1,247,14.05,136,0,1,0,0,14.05
2005,6,9,1,1,247,15.05,72,0,1,0,0,15.05
2005,6,9,2,1,247,14.05,136,0,1,0,0,14.05
2005,6,9,2,1,247,15.05,72,0,1,0,0,15.05
2005,6,9,3,1,247,14.05,136,0,1,0,0,14.05
2005,6,9,3,1,247,15.05,72,0,1,0,0,15.05
2005,6,9,4,1,247,15.05,72,0,1,0,0,15.05
2005,6,9,4,1,247,39.01,46,0,1,1,0,39.01
2005,6,9,4,1,247,39.15,90,0,1,1,0,39.15
2005,6,9,5,1,247,15.05,72,0,1,0,0,15.05
2005,6,9,5,1,247,39.01,46,0,1,1,0,39.01
2005,6,9,5,1,247,39.15,90,0,1,1,0,39.15
2005,6,9,6,1,247,15.05,72,0,1,0,0,15.05
2005,6,9,6,1,247,39.01,46,0,1,1,0,39.01
2005,6,9,6,1,247,39.15,90,0,1,1,0,39.15
2005,6,9,7,1,247,14.05,136,0,1,0,0,14.05
2005,6,9,7,1,247,15.05,72,0,1,0,0,15.05
2005,6,9,8,1,247,14.05,136,0,1,0,0,14.05
2005,6,9,8,1,247,15.05,72,0,1,0,0,15.05
2005,6,9,9,1,247,14.05,136,0,1,0,0,14.05
2005,6,9,9,1,247,15.05,72,0,1,0,0,15.05
2005,6,9,10,1,247,14.05,136,0,1,0,0,14.05
2005,6,9,10,1,247,15.05,72,0,1,0,0,15.05
2005,6,9,11,1,247,14.05,136,0,1,0,0,14.05
2005,6,9,11,1,247,15.05,72,0,1,0,0,15.05
2005,6,9,12,1,247,14.05,136,0,1,0,0,14.05
2005,6,9,12,1,247,15.05,72,0,1,0,0,15.05
2005,6,9,13,1,247,14.05,136,0,1,0,0,14.05
2005,6,9,13,1,247,15.05,72,0,1,0,0,15.05
2005,6,9,14,1,247,14.05,136,0,1,0,0,14.05
2005,6,9,14,1,247,15.05,72,0,1,0,0,15.05
2005,6,9,15,1,247,14.05,136,0,1,0,0,14.05
2005,6,9,15,1,247,15.05,72,0,1,0,0,15.05
2005,6,9,16,1,247,14.05,136,0,1,0,0,14.05
2005,6,9,16,1,247,15.05,72,0,1,0,0,15.05
2005,6,9,17,1,247,14.05,136,0,1,0,0,14.05
2005,6,9,17,1,247,15.05,72,0,1,0,0,15.05
2005,6,9,18,1,247,14.05,136,0,1,0,0,14.05
2005,6,9,18,1,247,15.05,72,0,1,0,0,15.05
2005,6,9,19,1,247,14.05,136,0,1,0,0,14.05
2005,6,9,19,1,247,15.05,72,0,1,0,0,15.05
2005,6,9,20,1,247,14.05,136,0,1,0,0,14.05
2005,6,9,20,1,247,15.05,72,0,1,0,0,15.05
2005,6,9,21,1,247,14.05,136,0,1,0,0,14.05
2005,6,9,21,1,247,15.05,72,0,1,0,0,15.05
2005,6,9,22,1,247,14.05,136,0,1,0,0,14.05
2005,6,9,22,1,247,15.05,72,0,1,0,0,15.05
2005,6,9,23,1,247,14.05,136,0,1,0,0,14.05
2005,6,9,23,1,247,15.05,72,0,1,0,0,15.05
2005,6,9,24,1,247,14.05,136,0,1,0,0,14.05
2005,6,9,24,1,247,15.05,72,0,1,0,0,15.05
2005,6,9,1,1,248,80.8,76,0,2,0,0,80.8
2005,6,9,1,1,248,84.87,76,0,2,0,0,84.87
2005,6,9,1,1,248,88.21,185,0,2,0,0,88.21
2005,6,9,1,1,248,89.08,185,0,2,0,0,89.08
2005,6,9,1,1,248,91.55,73,0,2,0,0,91.55
2005,6,9,1,1,248,124.05,556.2,0,2,0,0,124.05
2005,6,9,2,1,248,80.8,76,0,2,0,0,80.8
2005,6,9,2,1,248,84.87,76,0,2,0,0,84.87
2005,6,9,2,1,248,88.21,185,0,2,0,0,88.21
2005,6,9,2,1,248,89.08,185,0,2,0,0,89.08
2005,6,9,2,1,248,91.55,73,0,2,0,0,91.55
2005,6,9,2,1,248,124.05,556.2,0,2,0,0,124.05
2005,6,9,3,1,248,80.8,76,0,2,0,0,80.8
2005,6,9,3,1,248,84.87,76,0,2,0,0,84.87
2005,6,9,3,1,248,88.21,185,0,2,0,0,88.21
2005,6,9,3,1,248,89.08,185,0,2,0,0,89.08
2005,6,9,3,1,248,91.55,73,0,2,0,0,91.55
2005,6,9,3,1,248,124.05,556.2,0,2,0,0,124.05
2005,6,9,4,1,248,80.8,76,0,2,0,0,80.8
2005,6,9,4,1,248,84.87,76,0,2,0,0,84.87
2005,6,9,4,1,248,88.21,185,0,2,0,0,88.21
2005,6,9,4,1,248,89.08,185,0,2,0,0,89.08
2005,6,9,4,1,248,91.55,73,0,2,0,0,91.55
2005,6,9,4,1,248,124.05,556.2,0,2,0,0,124.05
2005,6,9,5,1,248,80.8,76,0,2,0,0,80.8
2005,6,9,5,1,248,84.87,76,0,2,0,0,84.87
2005,6,9,5,1,248,88.21,185,0,2,0,0,88.21
2005,6,9,5,1,248,89.08,185,0,2,0,0,89.08
2005,6,9,5,1,248,91.55,73,0,2,0,0,91.55
2005,6,9,5,1,248,124.05,556.2,0,2,0,0,124.05
2005,6,9,6,1,248,80.8,76,0,2,0,0,80.8
2005,6,9,6,1,248,84.87,76,0,2,0,0,84.87
2005,6,9,6,1,248,88.21,185,0,2,0,0,88.21
2005,6,9,6,1,248,89.08,185,0,2,0,0,89.08
2005,6,9,6,1,248,91.55,73,0,2,0,0,91.55
2005,6,9,6,1,248,124.05,556.2,0,2,0,0,124.05
2005,6,9,7,1,248,80.8,76,0,2,0,0,80.8
2005,6,9,7,1,248,84.87,76,0,2,0,0,84.87
2005,6,9,7,1,248,88.21,185,0,2,0,0,88.21
2005,6,9,7,1,248,89.08,185,0,2,0,0,89.08
2005,6,9,7,1,248,91.55,73,0,2,0,0,91.55
2005,6,9,7,1,248,124.05,556.2,0,2,0,0,124.05
2005,6,9,8,1,248,80.8,76,0,2,0,0,80.8
2005,6,9,8,1,248,84.87,76,0,2,0,0,84.87
2005,6,9,8,1,248,88.21,185,0,2,0,0,88.21
2005,6,9,8,1,248,89.08,185,0,2,0,0,89.08
2005,6,9,8,1,248,91.55,73,0,2,0,0,91.55
2005,6,9,8,1,248,124.05,556.2,0,2,0,0,124.05
2005,6,9,9,1,248,80.8,76,0,2,0,0,80.8
2005,6,9,9,1,248,84.87,76,0,2,0,0,84.87
2005,6,9,9,1,248,88.21,185,0,2,0,0,88.21
2005,6,9,9,1,248,89.08,185,0,2,0,0,89.08
2005,6,9,9,1,248,91.5,73,0,2,0,0,91.5
2005,6,9,9,1,248,124.05,556.2,0,2,0,0,124.05
2005,6,9,10,1,248,80.8,76,0,2,0,0,80.8
2005,6,9,10,1,248,84.87,76,0,2,0,0,84.87
2005,6,9,10,1,248,88.21,185,0,2,0,0,88.21
2005,6,9,10,1,248,89.08,185,0,2,0,0,89.08
2005,6,9,10,1,248,91.5,73,0,2,0,0,91.5
2005,6,9,10,1,248,124.05,556.2,0,2,0,0,124.05
2005,6,9,11,1,248,0,55,0,2,1,0,0
2005,6,9,11,1,248,80.82,76,0,2,1,0,80.82
2005,6,9,11,1,248,84.89,76,0,2,0,0,84.89
2005,6,9,11,1,248,88.23,185,0,2,0,0,88.23
2005,6,9,11,1,248,89.1,185,0,2,0,0,89.1
2005,6,9,11,1,248,124.05,574.2,0,2,0,0,124.05
2005,6,9,12,1,248,0,110,0,2,1,0,0
2005,6,9,12,1,248,80.82,76,0,2,1,0,80.82
2005,6,9,12,1,248,84.89,76,0,2,1,0,84.89
2005,6,9,12,1,248,88.23,185,0,2,0,0,88.23
2005,6,9,12,1,248,89.1,185,0,2,0,0,89.1
2005,6,9,12,1,248,124.05,519.2,0,2,0,0,124.05
2005,6,9,13,1,248,0,180,0,2,1,0,0
2005,6,9,13,1,248,80.82,76,0,2,1,0,80.82
2005,6,9,13,1,248,84.89,76,0,2,1,0,84.89
2005,6,9,13,1,248,88.23,185,0,2,1,0,88.23
2005,6,9,13,1,248,89.1,185,0,2,1,0,89.1
2005,6,9,13,1,248,124.05,449.2,0,2,0,0,124.05
2005,6,9,14,1,248,0,180,0,2,1,0,0
2005,6,9,14,1,248,80.82,76,0,2,1,0,80.82
2005,6,9,14,1,248,84.89,76,0,2,0,0,84.89
2005,6,9,14,1,248,88.23,185,0,2,0,0,88.23
2005,6,9,14,1,248,89.1,185,0,2,0,0,89.1
2005,6,9,14,1,248,124.05,449.2,0,2,0,0,124.05
2005,6,9,15,1,248,0,130,0,2,1,0,0
2005,6,9,15,1,248,80.82,76,0,2,1,0,80.82
2005,6,9,15,1,248,84.89,76,0,2,0,0,84.89
2005,6,9,15,1,248,88.23,185,0,2,0,0,88.23
2005,6,9,15,1,248,89.1,185,0,2,0,0,89.1
2005,6,9,15,1,248,124.05,499.2,0,2,0,0,124.05
2005,6,9,16,1,248,0,125,0,2,1,0,0
2005,6,9,16,1,248,80.82,76,0,2,1,0,80.82
2005,6,9,16,1,248,84.89,76,0,2,0,0,84.89
2005,6,9,16,1,248,88.23,185,0,2,0,0,88.23
2005,6,9,16,1,248,89.1,185,0,2,0,0,89.1
2005,6,9,16,1,248,124.05,504.2,0,2,0,0,124.05
2005,6,9,17,1,248,0,75,0,2,1,0,0
2005,6,9,17,1,248,80.82,76,0,2,1,0,80.82
2005,6,9,17,1,248,84.89,76,0,2,0,0,84.89
2005,6,9,17,1,248,88.23,185,0,2,0,0,88.23
2005,6,9,17,1,248,89.1,185,0,2,0,0,89.1
2005,6,9,17,1,248,124.05,554.2,0,2,0,0,124.05
2005,6,9,18,1,248,0,20,0,2,1,0,0
2005,6,9,18,1,248,80.82,76,0,2,1,0,80.82
2005,6,9,18,1,248,84.89,76,0,2,0,0,84.89
2005,6,9,18,1,248,88.23,185,0,2,0,0,88.23
2005,6,9,18,1,248,89.1,185,0,2,0,0,89.1
2005,6,9,18,1,248,124.05,609.2,0,2,0,0,124.05
2005,6,9,19,1,248,80.82,76,0,2,0,0,80.82
2005,6,9,19,1,248,84.89,76,0,2,0,0,84.89
2005,6,9,19,1,248,88.23,185,0,2,0,0,88.23
2005,6,9,19,1,248,89.1,185,0,2,0,0,89.1
2005,6,9,19,1,248,124.05,629.2,0,2,0,0,124.05
2005,6,9,20,1,248,80.8,76,0,2,0,0,80.8
2005,6,9,20,1,248,84.87,76,0,2,0,0,84.87
2005,6,9,20,1,248,88.21,185,0,2,0,0,88.21
2005,6,9,20,1,248,89.08,185,0,2,0,0,89.08
2005,6,9,20,1,248,91.5,73,0,2,0,0,91.5
2005,6,9,20,1,248,124.05,556.2,0,2,0,0,124.05
2005,6,9,21,1,248,80.8,76,0,2,0,0,80.8
2005,6,9,21,1,248,84.87,76,0,2,0,0,84.87
2005,6,9,21,1,248,88.21,185,0,2,0,0,88.21
2005,6,9,21,1,248,89.08,185,0,2,0,0,89.08
2005,6,9,21,1,248,91.5,73,0,2,0,0,91.5
2005,6,9,21,1,248,124.05,556.2,0,2,0,0,124.05
2005,6,9,22,1,248,80.8,76,0,2,0,0,80.8
2005,6,9,22,1,248,84.87,76,0,2,0,0,84.87
2005,6,9,22,1,248,88.21,185,0,2,0,0,88.21
2005,6,9,22,1,248,89.08,185,0,2,0,0,89.08
2005,6,9,22,1,248,91.5,73,0,2,0,0,91.5
2005,6,9,22,1,248,124.05,556.2,0,2,0,0,124.05
2005,6,9,23,1,248,80.8,76,0,2,0,0,80.8
2005,6,9,23,1,248,84.87,76,0,2,0,0,84.87
2005,6,9,23,1,248,88.21,185,0,2,0,0,88.21
2005,6,9,23,1,248,89.08,185,0,2,0,0,89.08
2005,6,9,23,1,248,91.5,73,0,2,0,0,91.5
2005,6,9,23,1,248,124.05,556.2,0,2,0,0,124.05
2005,6,9,24,1,248,80.8,76,0,2,0,0,80.8
2005,6,9,24,1,248,84.87,76,0,2,0,0,84.87
2005,6,9,24,1,248,88.21,185,0,2,0,0,88.21
2005,6,9,24,1,248,89.08,185,0,2,0,0,89.08
2005,6,9,24,1,248,91.5,73,0,2,0,0,91.5
2005,6,9,24,1,248,124.05,556.2,0,2,0,0,124.05
2005,6,9,1,3,249,31.55,53,0,1,0,0,31.55
2005,6,9,1,3,249,31.65,53,0,1,0,0,31.65
2005,6,9,2,3,249,31.55,53,0,1,0,0,31.55
2005,6,9,2,3,249,31.65,53,0,1,0,0,31.65
2005,6,9,3,3,249,31.55,53,0,1,0,0,31.55
2005,6,9,3,3,249,31.65,53,0,1,0,0,31.65
2005,6,9,4,3,249,31.55,53,0,1,0,0,31.55
2005,6,9,4,3,249,31.65,53,0,1,0,0,31.65
2005,6,9,5,3,249,31.55,53,0,1,0,0,31.55
2005,6,9,5,3,249,31.65,53,0,1,0,0,31.65
2005,6,9,6,3,249,31.55,53,0,1,0,0,31.55
2005,6,9,6,3,249,31.65,53,0,1,0,0,31.65
2005,6,9,7,3,249,31.55,53,0,1,0,0,31.55
2005,6,9,7,3,249,31.65,53,0,1,0,0,31.65
2005,6,9,8,3,249,33.11,53,0,1,0,0,33.11
2005,6,9,8,3,249,33.21,53,0,1,0,0,33.21
2005,6,9,9,3,249,33.11,53,0,1,0,0,33.11
2005,6,9,9,3,249,33.21,53,0,1,0,0,33.21
2005,6,9,10,3,249,33.11,53,0,1,0,0,33.11
2005,6,9,10,3,249,33.21,53,0,1,0,0,33.21
2005,6,9,11,3,249,33.11,53,0,1,0,0,33.11
2005,6,9,11,3,249,33.21,53,0,1,0,0,33.21
2005,6,9,12,3,249,33.11,53,0,1,0,0,33.11
2005,6,9,12,3,249,33.21,53,0,1,0,0,33.21
2005,6,9,13,3,249,33.11,53,0,1,0,0,33.11
2005,6,9,13,3,249,33.21,53,0,1,0,0,33.21
2005,6,9,14,3,249,33.11,53,0,1,0,0,33.11
2005,6,9,14,3,249,33.21,53,0,1,0,0,33.21
2005,6,9,15,3,249,33.11,53,0,1,0,0,33.11
2005,6,9,15,3,249,33.21,53,0,1,0,0,33.21
2005,6,9,16,3,249,33.11,53,0,1,0,0,33.11
2005,6,9,16,3,249,33.21,53,0,1,0,0,33.21
2005,6,9,17,3,249,33.11,53,0,1,0,0,33.11
2005,6,9,17,3,249,33.21,53,0,1,0,0,33.21
2005,6,9,18,3,249,33.11,53,0,1,0,0,33.11
2005,6,9,18,3,249,33.21,53,0,1,0,0,33.21
2005,6,9,19,3,249,33.11,53,0,1,0,0,33.11
2005,6,9,19,3,249,33.21,53,0,1,0,0,33.21
2005,6,9,20,3,249,33.11,53,0,1,0,0,33.11
2005,6,9,20,3,249,33.21,53,0,1,0,0,33.21
2005,6,9,21,3,249,33.11,53,0,1,0,0,33.11
2005,6,9,21,3,249,33.21,53,0,1,0,0,33.21
2005,6,9,22,3,249,33.11,53,0,1,0,0,33.11
2005,6,9,22,3,249,33.21,53,0,1,0,0,33.21
2005,6,9,23,3,249,33.11,53,0,1,0,0,33.11
2005,6,9,23,3,249,33.21,53,0,1,0,0,33.21
2005,6,9,24,3,249,33.11,53,0,1,0,0,33.11
2005,6,9,24,3,249,33.21,53,0,1,0,0,33.21
2005,6,9,1,7,1109,0,335,.51418,2,1,0,0
2005,6,9,1,7,1109,124.37,65,.51418,2,0,0,124.37
2005,6,9,2,7,1109,0,335,.51418,2,1,0,0
2005,6,9,2,7,1109,124.37,65,.51418,2,0,0,124.37
2005,6,9,3,7,1109,0,335,.51418,2,1,0,0
2005,6,9,3,7,1109,124.37,65,.51418,2,0,0,124.37
2005,6,9,4,7,1109,0,335,.51418,2,1,0,0
2005,6,9,4,7,1109,124.37,65,.51418,2,0,0,124.37
2005,6,9,5,7,1109,0,336,.51418,2,1,0,0
2005,6,9,5,7,1109,124.37,64,.51418,2,0,0,124.37
2005,6,9,6,7,1109,0,337,.51418,2,1,0,0
2005,6,9,6,7,1109,124.37,63,.51418,2,0,0,124.37
2005,6,9,7,7,1109,0,337,.51418,2,1,0,0
2005,6,9,7,7,1109,124.37,63,.51418,2,0,0,124.37
2005,6,9,8,7,1109,0,338,.51418,2,1,0,0
2005,6,9,8,7,1109,124.37,62,.51418,2,0,0,124.37
2005,6,9,9,7,1109,0,337,.51418,2,1,0,0
2005,6,9,9,7,1109,124.37,63,.51418,2,0,0,124.37
2005,6,9,10,7,1109,0,336,.51418,2,1,0,0
2005,6,9,10,7,1109,124.37,64,.51418,2,0,0,124.37
2005,6,9,11,7,1109,0,335,.51418,2,1,0,0
2005,6,9,11,7,1109,124.37,65,.51418,2,0,0,124.37
2005,6,9,12,7,1109,0,331,.51418,2,1,0,0
2005,6,9,12,7,1109,124.37,69,.51418,2,0,0,124.37
2005,6,9,13,7,1109,0,327,.51418,2,1,0,0
2005,6,9,13,7,1109,124.37,73,.51418,2,0,0,124.37
2005,6,9,14,7,1109,0,324,.51418,2,1,0,0
2005,6,9,14,7,1109,124.37,76,.51418,2,0,0,124.37
2005,6,9,15,7,1109,0,323,.51418,2,1,0,0
2005,6,9,15,7,1109,124.37,77,.51418,2,0,0,124.37
2005,6,9,16,7,1109,0,323,.51418,2,1,0,0
2005,6,9,16,7,1109,124.37,77,.51418,2,0,0,124.37
2005,6,9,17,7,1109,0,324,.51418,2,1,0,0
2005,6,9,17,7,1109,124.37,76,.51418,2,0,0,124.37
2005,6,9,18,7,1109,0,324,.51418,2,1,0,0
2005,6,9,18,7,1109,124.37,76,.51418,2,0,0,124.37
2005,6,9,19,7,1109,0,326,.51418,2,1,0,0
2005,6,9,19,7,1109,124.37,74,.51418,2,0,0,124.37
2005,6,9,20,7,1109,0,327,.51418,2,1,0,0
2005,6,9,20,7,1109,124.37,73,.51418,2,0,0,124.37
2005,6,9,21,7,1109,0,328,.51418,2,1,0,0
2005,6,9,21,7,1109,124.37,72,.51418,2,0,0,124.37
2005,6,9,22,7,1109,0,329,.51418,2,1,0,0
2005,6,9,22,7,1109,124.37,71,.51418,2,0,0,124.37
2005,6,9,23,7,1109,0,330,.51418,2,1,0,0
2005,6,9,23,7,1109,124.37,70,.51418,2,0,0,124.37
2005,6,9,24,7,1109,0,336,.51418,2,1,0,0
2005,6,9,24,7,1109,124.37,64,.51418,2,0,0,124.37
2005,6,9,1,2,1110,0,210,.371908,2,1,0,0
2005,6,9,1,2,1110,90.08,152.5,.371908,2,0,0,41.667483
2005,6,9,2,2,1110,0,210,.371908,2,1,0,0
2005,6,9,2,2,1110,90.08,152.5,.371908,2,0,0,41.667483
2005,6,9,3,2,1110,0,210,.371908,2,1,0,0
2005,6,9,3,2,1110,90.08,152.5,.371908,2,0,0,41.667483
2005,6,9,4,2,1110,0,210,.371908,2,1,0,0
2005,6,9,4,2,1110,90.08,152.5,.371908,2,0,0,41.667483
2005,6,9,5,2,1110,0,210,.371908,2,1,0,0
2005,6,9,5,2,1110,90.08,152.5,.371908,2,0,0,41.667483
2005,6,9,6,2,1110,0,210,.371908,2,1,0,0
2005,6,9,6,2,1110,90.08,152.5,.371908,2,0,0,41.667483
2005,6,9,7,2,1110,0,210,.371908,2,1,0,0
2005,6,9,7,2,1110,90.08,152.5,.371908,2,0,0,41.667483
2005,6,9,8,2,1110,0,210,.371908,2,1,0,0
2005,6,9,8,2,1110,90.08,152.5,.371908,2,0,0,41.667483
2005,6,9,9,2,1110,0,350,.371908,2,1,0,0
2005,6,9,9,2,1110,90.08,12.5,.371908,2,0,0,41.667483
2005,6,9,10,2,1110,0,350,.371908,2,1,0,0
2005,6,9,10,2,1110,90.08,12.5,.371908,2,0,0,41.667483
2005,6,9,11,2,1110,0,350,.371908,2,1,0,0
2005,6,9,11,2,1110,90.08,12.5,.371908,2,0,0,41.667483
2005,6,9,12,2,1110,0,350,.371908,2,1,0,0
2005,6,9,12,2,1110,90.08,12.5,.371908,2,0,0,41.667483
2005,6,9,13,2,1110,0,350,.371908,2,1,0,0
2005,6,9,13,2,1110,90.08,12.5,.371908,2,1,0,41.667483
2005,6,9,14,2,1110,0,350,.371908,2,1,0,0
2005,6,9,14,2,1110,90.08,12.5,.371908,2,0,0,41.667483
2005,6,9,15,2,1110,0,350,.371908,2,1,0,0
2005,6,9,15,2,1110,90.08,12.5,.371908,2,0,0,41.667483
2005,6,9,16,2,1110,0,350,.371908,2,1,0,0
2005,6,9,16,2,1110,90.08,12.5,.371908,2,0,0,41.667483
2005,6,9,17,2,1110,0,350,.371908,2,1,0,0
2005,6,9,17,2,1110,90.08,12.5,.371908,2,0,0,41.667483
2005,6,9,18,2,1110,0,350,.371908,2,1,0,0
2005,6,9,18,2,1110,90.08,12.5,.371908,2,0,0,41.667483
2005,6,9,19,2,1110,0,350,.371908,2,1,0,0
2005,6,9,19,2,1110,90.08,12.5,.371908,2,0,0,41.667483
2005,6,9,20,2,1110,0,350,.371908,2,1,0,0
2005,6,9,20,2,1110,90.08,12.5,.371908,2,0,0,41.667483
2005,6,9,21,2,1110,0,350,.371908,2,1,0,0
2005,6,9,21,2,1110,90.08,12.5,.371908,2,0,0,41.667483
2005,6,9,22,2,1110,0,350,.371908,2,1,0,0
2005,6,9,22,2,1110,90.08,12.5,.371908,2,0,0,41.667483
2005,6,9,23,2,1110,0,322,.371908,2,1,0,0
2005,6,9,23,2,1110,90.08,12.5,.371908,2,0,0,41.667483
2005,6,9,24,2,1110,0,210,.371908,2,1,0,0
2005,6,9,24,2,1110,90.08,12.5,.371908,2,0,0,41.667483
2005,6,9,1,9,252,0,23.9,0,2,1,0,0
2005,6,9,2,9,252,0,23.9,0,2,1,0,0
2005,6,9,3,9,252,0,23.9,0,2,1,0,0
2005,6,9,4,9,252,0,23.9,0,2,1,0,0
2005,6,9,5,9,252,0,23.9,0,2,1,0,0
2005,6,9,6,9,252,0,23.9,0,2,1,0,0
2005,6,9,7,9,252,0,23.9,0,2,1,0,0
2005,6,9,8,9,252,0,23.9,0,2,1,0,0
2005,6,9,9,9,252,0,23.9,0,2,1,0,0
2005,6,9,10,9,252,0,23.9,0,2,1,0,0
2005,6,9,11,9,252,0,23.9,0,2,1,0,0
2005,6,9,12,9,252,0,23.9,0,2,1,0,0
2005,6,9,13,9,252,0,23.9,0,2,1,0,0
2005,6,9,14,9,252,0,23.9,0,2,1,0,0
2005,6,9,15,9,252,0,23.9,0,2,1,0,0
2005,6,9,16,9,252,0,23.9,0,2,1,0,0
2005,6,9,17,9,252,0,23.9,0,2,1,0,0
2005,6,9,18,9,252,0,23.9,0,2,1,0,0
2005,6,9,19,9,252,0,23.9,0,2,1,0,0
2005,6,9,20,9,252,0,23.9,0,2,1,0,0
2005,6,9,21,9,252,0,23.9,0,2,1,0,0
2005,6,9,22,9,252,0,23.9,0,2,1,0,0
2005,6,9,23,9,252,0,23.9,0,2,1,0,0
2005,6,9,24,9,252,0,23.9,0,2,1,0,0
2005,6,9,1,2,253,67.5,18,0,2,0,0,67.5
2005,6,9,1,2,253,70.01,18,0,2,0,0,70.01
2005,6,9,1,2,253,72.52,18,0,2,0,0,72.52
2005,6,9,1,2,253,75.03,18,0,2,0,0,75.03
2005,6,9,2,2,253,67.5,18,0,2,0,0,67.5
2005,6,9,2,2,253,70.01,18,0,2,0,0,70.01
2005,6,9,2,2,253,72.52,18,0,2,0,0,72.52
2005,6,9,2,2,253,75.03,18,0,2,0,0,75.03
2005,6,9,3,2,253,67.5,18,0,2,0,0,67.5
2005,6,9,3,2,253,70.01,18,0,2,0,0,70.01
2005,6,9,3,2,253,72.52,18,0,2,0,0,72.52
2005,6,9,3,2,253,75.03,18,0,2,0,0,75.03
2005,6,9,4,2,253,67.5,18,0,2,0,0,67.5
2005,6,9,4,2,253,70.01,18,0,2,0,0,70.01
2005,6,9,4,2,253,72.52,18,0,2,0,0,72.52
2005,6,9,4,2,253,75.03,18,0,2,0,0,75.03
2005,6,9,5,2,253,67.5,18,0,2,0,0,67.5
2005,6,9,5,2,253,70.01,18,0,2,0,0,70.01
2005,6,9,5,2,253,72.52,18,0,2,0,0,72.52
2005,6,9,5,2,253,75.03,18,0,2,0,0,75.03
2005,6,9,6,2,253,67.5,18,0,2,0,0,67.5
2005,6,9,6,2,253,70.01,18,0,2,0,0,70.01
2005,6,9,6,2,253,72.52,18,0,2,0,0,72.52
2005,6,9,6,2,253,75.03,18,0,2,0,0,75.03
2005,6,9,7,2,253,67.5,18,0,2,0,0,67.5
2005,6,9,7,2,253,70.01,18,0,2,0,0,70.01
2005,6,9,7,2,253,72.52,18,0,2,0,0,72.52
2005,6,9,7,2,253,75.03,18,0,2,0,0,75.03
2005,6,9,8,2,253,67.5,18,0,2,0,0,67.5
2005,6,9,8,2,253,70.01,18,0,2,0,0,70.01
2005,6,9,8,2,253,72.52,18,0,2,0,0,72.52
2005,6,9,8,2,253,75.03,18,0,2,0,0,75.03
2005,6,9,9,2,253,67.5,18,0,2,0,0,67.5
2005,6,9,9,2,253,70.01,18,0,2,0,0,70.01
2005,6,9,9,2,253,72.52,18,0,2,0,0,72.52
2005,6,9,9,2,253,75.03,18,0,2,0,0,75.03
2005,6,9,10,2,253,67.5,18,0,2,1,0,67.5
2005,6,9,10,2,253,70.01,18,0,2,1,0,70.01
2005,6,9,10,2,253,72.52,18,0,2,1,0,72.52
2005,6,9,10,2,253,75.03,18,0,2,0,0,75.03
2005,6,9,11,2,253,0,38.7,0,2,1,0,0
2005,6,9,11,2,253,67.51,9.6,0,2,1,0,67.51
2005,6,9,11,2,253,70.02,9.6,0,2,1,0,70.02
2005,6,9,11,2,253,72.53,9.6,0,2,1,0,72.53
2005,6,9,11,2,253,75.04,9.5,0,2,1,0,75.04
2005,6,9,12,2,253,0,38.7,0,2,1,0,0
2005,6,9,12,2,253,67.51,9.6,0,2,1,0,67.51
2005,6,9,12,2,253,70.02,9.6,0,2,1,0,70.02
2005,6,9,12,2,253,72.53,9.6,0,2,1,0,72.53
2005,6,9,12,2,253,75.04,9.5,0,2,1,0,75.04
2005,6,9,13,2,253,0,58.6,0,2,1,0,0
2005,6,9,13,2,253,67.51,.6,0,2,1,0,67.51
2005,6,9,13,2,253,70.02,.6,0,2,1,0,70.02
2005,6,9,13,2,253,72.53,.6,0,2,1,0,72.53
2005,6,9,13,2,253,75.04,.5,0,2,1,0,75.04
2005,6,9,14,2,253,0,58.6,0,2,1,0,0
2005,6,9,14,2,253,67.51,.6,0,2,1,0,67.51
2005,6,9,14,2,253,70.02,.6,0,2,1,0,70.02
2005,6,9,14,2,253,72.53,.6,0,2,1,0,72.53
2005,6,9,14,2,253,75.04,.5,0,2,1,0,75.04
2005,6,9,15,2,253,0,23.7,0,2,1,0,0
2005,6,9,15,2,253,67.51,9.6,0,2,1,0,67.51
2005,6,9,15,2,253,70.02,9.6,0,2,1,0,70.02
2005,6,9,15,2,253,72.53,9.6,0,2,1,0,72.53
2005,6,9,15,2,253,75.04,9.5,0,2,1,0,75.04
2005,6,9,16,2,253,0,23.7,0,2,1,0,0
2005,6,9,16,2,253,67.51,9.6,0,2,1,0,67.51
2005,6,9,16,2,253,70.02,9.6,0,2,1,0,70.02
2005,6,9,16,2,253,72.53,9.6,0,2,1,0,72.53
2005,6,9,16,2,253,75.04,9.5,0,2,1,0,75.04
2005,6,9,17,2,253,0,23.7,0,2,1,0,0
2005,6,9,17,2,253,67.51,9.6,0,2,1,0,67.51
2005,6,9,17,2,253,70.02,9.6,0,2,1,0,70.02
2005,6,9,17,2,253,72.53,9.6,0,2,1,0,72.53
2005,6,9,17,2,253,75.04,9.5,0,2,1,0,75.04
2005,6,9,18,2,253,0,32.5,0,2,1,0,0
2005,6,9,18,2,253,67.51,9.6,0,2,1,0,67.51
2005,6,9,18,2,253,70.02,9.6,0,2,1,0,70.02
2005,6,9,18,2,253,72.53,9.6,0,2,1,0,72.53
2005,6,9,18,2,253,75.04,9.5,0,2,1,0,75.04
2005,6,9,19,2,253,0,32.5,0,2,1,0,0
2005,6,9,19,2,253,67.51,9.6,0,2,1,0,67.51
2005,6,9,19,2,253,70.02,9.6,0,2,1,0,70.02
2005,6,9,19,2,253,72.53,9.6,0,2,1,0,72.53
2005,6,9,19,2,253,75.04,9.5,0,2,1,0,75.04
2005,6,9,20,2,253,67.5,18,0,2,1,0,67.5
2005,6,9,20,2,253,70.01,18,0,2,1,0,70.01
2005,6,9,20,2,253,72.52,18,0,2,1,0,72.52
2005,6,9,20,2,253,75.03,18,0,2,0,0,75.03
2005,6,9,21,2,253,67.5,18,0,2,0,0,67.5
2005,6,9,21,2,253,70.01,18,0,2,0,0,70.01
2005,6,9,21,2,253,72.52,18,0,2,0,0,72.52
2005,6,9,21,2,253,75.03,18,0,2,0,0,75.03
2005,6,9,22,2,253,67.5,18,0,2,0,0,67.5
2005,6,9,22,2,253,70.01,18,0,2,0,0,70.01
2005,6,9,22,2,253,72.52,18,0,2,0,0,72.52
2005,6,9,22,2,253,75.03,18,0,2,0,0,75.03
2005,6,9,23,2,253,67.5,18,0,2,0,0,67.5
2005,6,9,23,2,253,70.01,18,0,2,0,0,70.01
2005,6,9,23,2,253,72.52,18,0,2,0,0,72.52
2005,6,9,23,2,253,75.03,18,0,2,0,0,75.03
2005,6,9,24,2,253,67.5,18,0,2,0,0,67.5
2005,6,9,24,2,253,70.01,18,0,2,0,0,70.01
2005,6,9,24,2,253,72.52,18,0,2,0,0,72.52
2005,6,9,24,2,253,75.03,18,0,2,0,0,75.03
2005,6,9,1,2,1111,0,170,.956255,2,1,0,0
2005,6,9,1,2,1111,11.01,35,.956255,2,1,0,40.026814
2005,6,9,1,2,1111,34.07,18.6,.956255,2,1,0,40.026814
2005,6,9,1,2,1111,34.11,18.6,.956255,2,1,0,40.026814
2005,6,9,1,2,1111,34.15,18.6,.956255,2,1,0,40.026814
2005,6,9,1,2,1111,34.19,18.6,.956255,2,1,0,40.026814
2005,6,9,1,2,1111,34.23,18.6,.956255,2,1,0,40.026814
2005,6,9,1,2,1111,34.27,18.6,.956255,2,1,0,40.026814
2005,6,9,1,2,1111,34.31,18.4,.956255,2,1,0,40.026814
2005,6,9,1,2,1111,120.09,17.2,.956255,2,0,0,120.09
2005,6,9,2,2,1111,0,170,.956255,2,1,0,0
2005,6,9,2,2,1111,11.01,35,.956255,2,1,0,40.026814
2005,6,9,2,2,1111,34.34,18.6,.956255,2,1,0,40.026814
2005,6,9,2,2,1111,34.38,18.6,.956255,2,1,0,40.026814
2005,6,9,2,2,1111,34.42,18.6,.956255,2,1,0,40.026814
2005,6,9,2,2,1111,34.46,18.6,.956255,2,1,0,40.026814
2005,6,9,2,2,1111,34.5,18.6,.956255,2,1,0,40.026814
2005,6,9,2,2,1111,34.54,18.6,.956255,2,1,0,40.026814
2005,6,9,2,2,1111,34.59,18.4,.956255,2,1,0,40.026814
2005,6,9,2,2,1111,120.09,17.2,.956255,2,0,0,120.09
2005,6,9,3,2,1111,0,170,.956255,2,1,0,0
2005,6,9,3,2,1111,11.01,35,.956255,2,1,0,40.026814
2005,6,9,3,2,1111,34.46,18.6,.956255,2,1,0,40.026814
2005,6,9,3,2,1111,34.51,18.6,.956255,2,1,0,40.026814
2005,6,9,3,2,1111,34.55,18.6,.956255,2,1,0,40.026814
2005,6,9,3,2,1111,34.59,18.6,.956255,2,1,0,40.026814
2005,6,9,3,2,1111,34.63,18.6,.956255,2,1,0,40.026814
2005,6,9,3,2,1111,34.67,18.6,.956255,2,1,0,40.026814
2005,6,9,3,2,1111,34.72,18.4,.956255,2,1,0,40.026814
2005,6,9,3,2,1111,120.09,17.2,.956255,2,0,0,120.09
2005,6,9,4,2,1111,0,170,.956255,2,1,0,0
2005,6,9,4,2,1111,11.01,35,.956255,2,1,0,40.026814
2005,6,9,4,2,1111,34.65,18.6,.956255,2,1,0,40.026814
2005,6,9,4,2,1111,34.69,18.6,.956255,2,1,0,40.026814
2005,6,9,4,2,1111,34.73,18.6,.956255,2,1,0,40.026814
2005,6,9,4,2,1111,34.77,18.6,.956255,2,1,0,40.026814
2005,6,9,4,2,1111,34.82,18.6,.956255,2,1,0,40.026814
2005,6,9,4,2,1111,34.86,18.6,.956255,2,1,0,40.026814
2005,6,9,4,2,1111,34.9,18.4,.956255,2,1,0,40.026814
2005,6,9,4,2,1111,120.09,17.2,.956255,2,0,0,120.09
2005,6,9,5,2,1111,0,170,.956255,2,1,0,0
2005,6,9,5,2,1111,11.01,35,.956255,2,1,0,40.026814
2005,6,9,5,2,1111,34.71,18.6,.956255,2,1,0,40.026814
2005,6,9,5,2,1111,34.75,18.6,.956255,2,1,0,40.026814
2005,6,9,5,2,1111,34.79,18.6,.956255,2,1,0,40.026814
2005,6,9,5,2,1111,34.83,18.6,.956255,2,1,0,40.026814
2005,6,9,5,2,1111,34.88,18.6,.956255,2,1,0,40.026814
2005,6,9,5,2,1111,34.92,18.6,.956255,2,1,0,40.026814
2005,6,9,5,2,1111,34.96,18.4,.956255,2,1,0,40.026814
2005,6,9,5,2,1111,120.09,17.2,.956255,2,0,0,120.09
2005,6,9,6,2,1111,0,170,.956255,2,1,0,0
2005,6,9,6,2,1111,11.01,35,.956255,2,1,0,40.026814
2005,6,9,6,2,1111,34.63,18.6,.956255,2,1,0,40.026814
2005,6,9,6,2,1111,34.67,18.6,.956255,2,1,0,40.026814
2005,6,9,6,2,1111,34.72,18.6,.956255,2,1,0,40.026814
2005,6,9,6,2,1111,34.76,18.6,.956255,2,1,0,40.026814
2005,6,9,6,2,1111,34.8,18.6,.956255,2,1,0,40.026814
2005,6,9,6,2,1111,34.84,18.6,.956255,2,1,0,40.026814
2005,6,9,6,2,1111,34.89,18.4,.956255,2,1,0,40.026814
2005,6,9,6,2,1111,120.09,17.2,.956255,2,0,0,120.09
2005,6,9,7,2,1111,0,170,.956255,2,1,0,0
2005,6,9,7,2,1111,11.01,35,.956255,2,1,0,40.026814
2005,6,9,7,2,1111,34.22,18.6,.956255,2,1,0,40.026814
2005,6,9,7,2,1111,34.26,18.6,.956255,2,1,0,40.026814
2005,6,9,7,2,1111,34.3,18.6,.956255,2,1,0,40.026814
2005,6,9,7,2,1111,34.35,18.6,.956255,2,1,0,40.026814
2005,6,9,7,2,1111,34.39,18.6,.956255,2,1,0,40.026814
2005,6,9,7,2,1111,34.43,18.6,.956255,2,1,0,40.026814
2005,6,9,7,2,1111,34.47,18.4,.956255,2,1,0,40.026814
2005,6,9,7,2,1111,120.09,17.2,.956255,2,0,0,120.09
2005,6,9,8,2,1111,0,205,.956255,2,1,0,0
2005,6,9,8,2,1111,33.64,18.6,.956255,2,1,0,40.026814
2005,6,9,8,2,1111,33.68,18.6,.956255,2,1,0,40.026814
2005,6,9,8,2,1111,33.72,18.6,.956255,2,1,0,40.026814
2005,6,9,8,2,1111,33.76,18.6,.956255,2,1,0,40.026814
2005,6,9,8,2,1111,33.8,18.6,.956255,2,1,0,40.026814
2005,6,9,8,2,1111,33.84,18.6,.956255,2,1,0,40.026814
2005,6,9,8,2,1111,33.88,18.4,.956255,2,1,0,40.026814
2005,6,9,8,2,1111,120.08,17.2,.956255,2,0,0,120.08
2005,6,9,9,2,1111,0,205,.956255,2,1,0,0
2005,6,9,9,2,1111,14.59,111.6,.956255,2,1,0,40.026814
2005,6,9,9,2,1111,33.02,18.4,.956255,2,1,0,40.026814
2005,6,9,9,2,1111,120.03,17.2,.956255,2,0,0,120.03
2005,6,9,10,2,1111,0,205,.956255,2,1,0,0
2005,6,9,10,2,1111,14.59,18.6,.956255,2,1,0,40.026814
2005,6,9,10,2,1111,33.02,18.6,.956255,2,1,0,40.026814
2005,6,9,10,2,1111,33.06,18.6,.956255,2,1,0,40.026814
2005,6,9,10,2,1111,33.1,18.6,.956255,2,1,0,40.026814
2005,6,9,10,2,1111,33.13,18.6,.956255,2,1,0,40.026814
2005,6,9,10,2,1111,33.17,18.6,.956255,2,1,0,40.026814
2005,6,9,10,2,1111,33.2,18.4,.956255,2,1,0,40.026814
2005,6,9,10,2,1111,120.08,17.2,.956255,2,0,0,120.08
2005,6,9,11,2,1111,0,205,.956255,2,1,0,0
2005,6,9,11,2,1111,33.29,18.6,.956255,2,1,0,40.026814
2005,6,9,11,2,1111,33.33,18.6,.956255,2,1,0,40.026814
2005,6,9,11,2,1111,33.36,18.6,.956255,2,1,0,40.026814
2005,6,9,11,2,1111,33.4,18.6,.956255,2,1,0,40.026814
2005,6,9,11,2,1111,33.43,18.6,.956255,2,1,0,40.026814
2005,6,9,11,2,1111,33.47,18.6,.956255,2,1,0,40.026814
2005,6,9,11,2,1111,33.5,18.4,.956255,2,1,0,40.026814
2005,6,9,11,2,1111,120.08,17.2,.956255,2,0,0,120.08
2005,6,9,12,2,1111,0,205,.956255,2,1,0,0
2005,6,9,12,2,1111,33.14,18.6,.956255,2,1,0,40.026814
2005,6,9,12,2,1111,33.17,18.6,.956255,2,1,0,40.026814
2005,6,9,12,2,1111,33.2,18.6,.956255,2,1,0,40.026814
2005,6,9,12,2,1111,33.24,18.6,.956255,2,1,0,40.026814
2005,6,9,12,2,1111,33.27,18.6,.956255,2,1,0,40.026814
2005,6,9,12,2,1111,33.31,18.6,.956255,2,1,0,40.026814
2005,6,9,12,2,1111,33.34,18.4,.956255,2,1,0,40.026814
2005,6,9,12,2,1111,120.08,17.2,.956255,2,0,0,120.08
2005,6,9,13,2,1111,0,205,.956255,2,1,0,0
2005,6,9,13,2,1111,14.59,18.6,.956255,2,1,0,40.026814
2005,6,9,13,2,1111,33.03,18.6,.956255,2,1,0,40.026814
2005,6,9,13,2,1111,33.07,18.6,.956255,2,1,0,40.026814
2005,6,9,13,2,1111,33.1,18.6,.956255,2,1,0,40.026814
2005,6,9,13,2,1111,33.13,18.6,.956255,2,1,0,40.026814
2005,6,9,13,2,1111,33.17,18.6,.956255,2,1,0,40.026814
2005,6,9,13,2,1111,33.2,18.4,.956255,2,1,0,40.026814
2005,6,9,13,2,1111,120.08,17.2,.956255,2,0,0,120.08
2005,6,9,14,2,1111,0,205,.956255,2,1,0,0
2005,6,9,14,2,1111,33.08,18.6,.956255,2,1,0,40.026814
2005,6,9,14,2,1111,33.11,18.6,.956255,2,1,0,40.026814
2005,6,9,14,2,1111,33.15,18.6,.956255,2,1,0,40.026814
2005,6,9,14,2,1111,33.18,18.6,.956255,2,1,0,40.026814
2005,6,9,14,2,1111,33.22,18.6,.956255,2,1,0,40.026814
2005,6,9,14,2,1111,33.25,18.6,.956255,2,1,0,40.026814
2005,6,9,14,2,1111,33.28,18.4,.956255,2,1,0,40.026814
2005,6,9,14,2,1111,120.08,17.2,.956255,2,0,0,120.08
2005,6,9,15,2,1111,0,205,.956255,2,1,0,0
2005,6,9,15,2,1111,14.59,18.6,.956255,2,1,0,40.026814
2005,6,9,15,2,1111,33.02,18.6,.956255,2,1,0,40.026814
2005,6,9,15,2,1111,33.06,18.6,.956255,2,1,0,40.026814
2005,6,9,15,2,1111,33.09,18.6,.956255,2,1,0,40.026814
2005,6,9,15,2,1111,33.13,18.6,.956255,2,1,0,40.026814
2005,6,9,15,2,1111,33.16,18.6,.956255,2,1,0,40.026814
2005,6,9,15,2,1111,33.2,18.4,.956255,2,1,0,40.026814
2005,6,9,15,2,1111,120.08,17.2,.956255,2,0,0,120.08
2005,6,9,16,2,1111,0,205,.956255,2,1,0,0
2005,6,9,16,2,1111,14.59,74.4,.956255,2,1,0,40.026814
2005,6,9,16,2,1111,33.04,18.6,.956255,2,1,0,40.026814
2005,6,9,16,2,1111,33.07,18.6,.956255,2,1,0,40.026814
2005,6,9,16,2,1111,33.11,18.4,.956255,2,1,0,40.026814
2005,6,9,16,2,1111,120.05,17.2,.956255,2,0,0,120.05
2005,6,9,17,2,1111,0,205,.956255,2,1,0,0
2005,6,9,17,2,1111,14.59,18.6,.956255,2,1,0,40.026814
2005,6,9,17,2,1111,33.04,18.6,.956255,2,1,0,40.026814
2005,6,9,17,2,1111,33.08,18.6,.956255,2,1,0,40.026814
2005,6,9,17,2,1111,33.11,18.6,.956255,2,1,0,40.026814
2005,6,9,17,2,1111,33.15,18.6,.956255,2,1,0,40.026814
2005,6,9,17,2,1111,33.18,18.6,.956255,2,1,0,40.026814
2005,6,9,17,2,1111,33.21,18.4,.956255,2,1,0,40.026814
2005,6,9,17,2,1111,120.08,17.2,.956255,2,0,0,120.08
2005,6,9,18,2,1111,0,205,.956255,2,1,0,0
2005,6,9,18,2,1111,14.59,130,.956255,2,1,0,40.026814
2005,6,9,18,2,1111,120.02,17.2,.956255,2,0,0,120.02
2005,6,9,19,2,1111,0,205,.956255,2,1,0,0
2005,6,9,19,2,1111,14.59,111.6,.956255,2,1,0,40.026814
2005,6,9,19,2,1111,33.04,18.4,.956255,2,1,0,40.026814
2005,6,9,19,2,1111,120.03,17.2,.956255,2,0,0,120.03
2005,6,9,20,2,1111,0,205,.956255,2,1,0,0
2005,6,9,20,2,1111,14.59,55.8,.956255,2,1,0,40.026814
2005,6,9,20,2,1111,33.03,18.6,.956255,2,1,0,40.026814
2005,6,9,20,2,1111,33.06,18.6,.956255,2,1,0,40.026814
2005,6,9,20,2,1111,33.1,18.6,.956255,2,1,0,40.026814
2005,6,9,20,2,1111,33.13,18.4,.956255,2,1,0,40.026814
2005,6,9,20,2,1111,120.06,17.2,.956255,2,0,0,120.06
2005,6,9,21,2,1111,0,205,.956255,2,1,0,0
2005,6,9,21,2,1111,33.25,18.6,.956255,2,1,0,40.026814
2005,6,9,21,2,1111,33.28,18.6,.956255,2,1,0,40.026814
2005,6,9,21,2,1111,33.32,18.6,.956255,2,1,0,40.026814
2005,6,9,21,2,1111,33.35,18.6,.956255,2,1,0,40.026814
2005,6,9,21,2,1111,33.39,18.6,.956255,2,1,0,40.026814
2005,6,9,21,2,1111,33.43,18.6,.956255,2,1,0,40.026814
2005,6,9,21,2,1111,33.46,18.4,.956255,2,1,0,40.026814
2005,6,9,21,2,1111,120.08,17.2,.956255,2,0,0,120.08
2005,6,9,22,2,1111,0,205,.956255,2,1,0,0
2005,6,9,22,2,1111,33.15,18.6,.956255,2,1,0,40.026814
2005,6,9,22,2,1111,33.19,18.6,.956255,2,1,0,40.026814
2005,6,9,22,2,1111,33.23,18.6,.956255,2,1,0,40.026814
2005,6,9,22,2,1111,33.26,18.6,.956255,2,1,0,40.026814
2005,6,9,22,2,1111,33.3,18.6,.956255,2,1,0,40.026814
2005,6,9,22,2,1111,33.34,18.6,.956255,2,1,0,40.026814
2005,6,9,22,2,1111,33.37,18.4,.956255,2,1,0,40.026814
2005,6,9,22,2,1111,120.08,17.2,.956255,2,0,0,120.08
2005,6,9,23,2,1111,0,205,.956255,2,1,0,0
2005,6,9,23,2,1111,14.59,37.2,.956255,2,1,0,40.026814
2005,6,9,23,2,1111,33.04,18.6,.956255,2,1,0,40.026814
2005,6,9,23,2,1111,33.07,18.6,.956255,2,1,0,40.026814
2005,6,9,23,2,1111,33.11,18.6,.956255,2,1,0,40.026814
2005,6,9,23,2,1111,33.15,18.6,.956255,2,1,0,40.026814
2005,6,9,23,2,1111,33.18,18.4,.956255,2,1,0,40.026814
2005,6,9,23,2,1111,120.07,17.2,.956255,2,0,0,120.07
2005,6,9,24,2,1111,0,205,.956255,2,1,0,0
2005,6,9,24,2,1111,33.52,18.6,.956255,2,1,0,40.026814
2005,6,9,24,2,1111,33.56,18.6,.956255,2,1,0,40.026814
2005,6,9,24,2,1111,33.6,18.6,.956255,2,1,0,40.026814
2005,6,9,24,2,1111,33.64,18.6,.956255,2,1,0,40.026814
2005,6,9,24,2,1111,33.68,18.6,.956255,2,1,0,40.026814
2005,6,9,24,2,1111,33.71,18.6,.956255,2,1,0,40.026814
2005,6,9,24,2,1111,33.75,18.4,.956255,2,1,0,40.026814
2005,6,9,24,2,1111,120.08,17.2,.956255,2,0,0,120.08
2005,6,9,1,2,1112,0,170,.956255,2,1,0,0
2005,6,9,1,2,1112,11.01,35,.956255,2,1,0,40.023268
2005,6,9,1,2,1112,34.29,18.6,.956255,2,1,0,40.023268
2005,6,9,1,2,1112,34.33,18.6,.956255,2,1,0,40.023268
2005,6,9,1,2,1112,34.37,18.6,.956255,2,1,0,40.023268
2005,6,9,1,2,1112,34.41,18.6,.956255,2,1,0,40.023268
2005,6,9,1,2,1112,34.45,18.6,.956255,2,1,0,40.023268
2005,6,9,1,2,1112,34.49,18.6,.956255,2,1,0,40.023268
2005,6,9,1,2,1112,34.53,18.4,.956255,2,1,0,40.023268
2005,6,9,1,2,1112,120.09,17.1,.956255,2,0,0,120.09
2005,6,9,2,2,1112,0,170,.956255,2,1,0,0
2005,6,9,2,2,1112,11.01,35,.956255,2,1,0,40.023268
2005,6,9,2,2,1112,34.56,18.6,.956255,2,1,0,40.023268
2005,6,9,2,2,1112,34.6,18.6,.956255,2,1,0,40.023268
2005,6,9,2,2,1112,34.64,18.6,.956255,2,1,0,40.023268
2005,6,9,2,2,1112,34.68,18.6,.956255,2,1,0,40.023268
2005,6,9,2,2,1112,34.72,18.6,.956255,2,1,0,40.023268
2005,6,9,2,2,1112,34.76,18.6,.956255,2,1,0,40.023268
2005,6,9,2,2,1112,34.81,18.4,.956255,2,1,0,40.023268
2005,6,9,2,2,1112,120.09,17.1,.956255,2,0,0,120.09
2005,6,9,3,2,1112,0,170,.956255,2,1,0,0
2005,6,9,3,2,1112,11.01,35,.956255,2,1,0,40.023268
2005,6,9,3,2,1112,34.69,18.6,.956255,2,1,0,40.023268
2005,6,9,3,2,1112,34.73,18.6,.956255,2,1,0,40.023268
2005,6,9,3,2,1112,34.77,18.6,.956255,2,1,0,40.023268
2005,6,9,3,2,1112,34.81,18.6,.956255,2,1,0,40.023268
2005,6,9,3,2,1112,34.85,18.6,.956255,2,1,0,40.023268
2005,6,9,3,2,1112,34.9,18.6,.956255,2,1,0,40.023268
2005,6,9,3,2,1112,34.94,18.4,.956255,2,1,0,40.023268
2005,6,9,3,2,1112,120.09,17.1,.956255,2,0,0,120.09
2005,6,9,4,2,1112,0,170,.956255,2,1,0,0
2005,6,9,4,2,1112,11.01,35,.956255,2,1,0,40.023268
2005,6,9,4,2,1112,34.87,18.6,.956255,2,1,0,40.023268
2005,6,9,4,2,1112,34.92,18.6,.956255,2,1,0,40.023268
2005,6,9,4,2,1112,34.96,18.6,.956255,2,1,0,40.023268
2005,6,9,4,2,1112,35,18.6,.956255,2,1,0,40.023268
2005,6,9,4,2,1112,35.04,18.6,.956255,2,1,0,40.023268
2005,6,9,4,2,1112,35.09,18.6,.956255,2,1,0,40.023268
2005,6,9,4,2,1112,35.13,18.4,.956255,2,1,0,40.023268
2005,6,9,4,2,1112,120.09,17.1,.956255,2,0,0,120.09
2005,6,9,5,2,1112,0,170,.956255,2,1,0,0
2005,6,9,5,2,1112,11.01,35,.956255,2,1,0,40.023268
2005,6,9,5,2,1112,34.94,18.6,.956255,2,1,0,40.023268
2005,6,9,5,2,1112,34.98,18.6,.956255,2,1,0,40.023268
2005,6,9,5,2,1112,35.02,18.6,.956255,2,1,0,40.023268
2005,6,9,5,2,1112,35.06,18.6,.956255,2,1,0,40.023268
2005,6,9,5,2,1112,35.11,18.6,.956255,2,1,0,40.023268
2005,6,9,5,2,1112,35.15,18.6,.956255,2,1,0,40.023268
2005,6,9,5,2,1112,35.19,18.4,.956255,2,1,0,40.023268
2005,6,9,5,2,1112,120.09,17.1,.956255,2,0,0,120.09
2005,6,9,6,2,1112,0,170,.956255,2,1,0,0
2005,6,9,6,2,1112,11.01,35,.956255,2,1,0,40.023268
2005,6,9,6,2,1112,34.86,18.6,.956255,2,1,0,40.023268
2005,6,9,6,2,1112,34.9,18.6,.956255,2,1,0,40.023268
2005,6,9,6,2,1112,34.94,18.6,.956255,2,1,0,40.023268
2005,6,9,6,2,1112,34.99,18.6,.956255,2,1,0,40.023268
2005,6,9,6,2,1112,35.03,18.6,.956255,2,1,0,40.023268
2005,6,9,6,2,1112,35.07,18.6,.956255,2,1,0,40.023268
2005,6,9,6,2,1112,35.11,18.4,.956255,2,1,0,40.023268
2005,6,9,6,2,1112,120.09,17.1,.956255,2,0,0,120.09
2005,6,9,7,2,1112,0,170,.956255,2,1,0,0
2005,6,9,7,2,1112,11.01,35,.956255,2,1,0,40.023268
2005,6,9,7,2,1112,34.44,18.6,.956255,2,1,0,40.023268
2005,6,9,7,2,1112,34.48,18.6,.956255,2,1,0,40.023268
2005,6,9,7,2,1112,34.53,18.6,.956255,2,1,0,40.023268
2005,6,9,7,2,1112,34.57,18.6,.956255,2,1,0,40.023268
2005,6,9,7,2,1112,34.61,18.6,.956255,2,1,0,40.023268
2005,6,9,7,2,1112,34.65,18.6,.956255,2,1,0,40.023268
2005,6,9,7,2,1112,34.69,18.4,.956255,2,1,0,40.023268
2005,6,9,7,2,1112,120.09,17.1,.956255,2,0,0,120.09
2005,6,9,8,2,1112,0,205,.956255,2,1,0,0
2005,6,9,8,2,1112,33.85,18.6,.956255,2,1,0,40.023268
2005,6,9,8,2,1112,33.89,18.6,.956255,2,1,0,40.023268
2005,6,9,8,2,1112,33.93,18.6,.956255,2,1,0,40.023268
2005,6,9,8,2,1112,33.97,18.6,.956255,2,1,0,40.023268
2005,6,9,8,2,1112,34.01,18.6,.956255,2,1,0,40.023268
2005,6,9,8,2,1112,34.05,18.6,.956255,2,1,0,40.023268
2005,6,9,8,2,1112,34.09,18.4,.956255,2,1,0,40.023268
2005,6,9,8,2,1112,120.08,17.1,.956255,2,0,0,120.08
2005,6,9,9,2,1112,0,205,.956255,2,1,0,0
2005,6,9,9,2,1112,33.04,18.6,.956255,2,1,0,40.023268
2005,6,9,9,2,1112,33.08,18.6,.956255,2,1,0,40.023268
2005,6,9,9,2,1112,33.12,18.6,.956255,2,1,0,40.023268
2005,6,9,9,2,1112,33.15,18.6,.956255,2,1,0,40.023268
2005,6,9,9,2,1112,33.19,18.6,.956255,2,1,0,40.023268
2005,6,9,9,2,1112,33.23,18.6,.956255,2,1,0,40.023268
2005,6,9,9,2,1112,33.27,18.4,.956255,2,1,0,40.023268
2005,6,9,9,2,1112,120.08,17.1,.956255,2,0,0,120.08
2005,6,9,10,2,1112,0,205,.956255,2,1,0,0
2005,6,9,10,2,1112,33.17,18.6,.956255,2,1,0,40.023268
2005,6,9,10,2,1112,33.21,18.6,.956255,2,1,0,40.023268
2005,6,9,10,2,1112,33.24,18.6,.956255,2,1,0,40.023268
2005,6,9,10,2,1112,33.28,18.6,.956255,2,1,0,40.023268
2005,6,9,10,2,1112,33.31,18.6,.956255,2,1,0,40.023268
2005,6,9,10,2,1112,33.35,18.6,.956255,2,1,0,40.023268
2005,6,9,10,2,1112,33.39,18.4,.956255,2,1,0,40.023268
2005,6,9,10,2,1112,120.08,17.1,.956255,2,0,0,120.08
2005,6,9,11,2,1112,0,205,.956255,2,1,0,0
2005,6,9,11,2,1112,33.47,18.6,.956255,2,1,0,40.023268
2005,6,9,11,2,1112,33.5,18.6,.956255,2,1,0,40.023268
2005,6,9,11,2,1112,33.54,18.6,.956255,2,1,0,40.023268
2005,6,9,11,2,1112,33.57,18.6,.956255,2,1,0,40.023268
2005,6,9,11,2,1112,33.61,18.6,.956255,2,1,0,40.023268
2005,6,9,11,2,1112,33.64,18.6,.956255,2,1,0,40.023268
2005,6,9,11,2,1112,33.67,18.4,.956255,2,1,0,40.023268
2005,6,9,11,2,1112,120.08,17.1,.956255,2,0,0,120.08
2005,6,9,12,2,1112,0,205,.956255,2,1,0,0
2005,6,9,12,2,1112,33.3,18.6,.956255,2,1,0,40.023268
2005,6,9,12,2,1112,33.34,18.6,.956255,2,1,0,40.023268
2005,6,9,12,2,1112,33.37,18.6,.956255,2,1,0,40.023268
2005,6,9,12,2,1112,33.41,18.6,.956255,2,1,0,40.023268
2005,6,9,12,2,1112,33.44,18.6,.956255,2,1,0,40.023268
2005,6,9,12,2,1112,33.48,18.6,.956255,2,1,0,40.023268
2005,6,9,12,2,1112,33.51,18.4,.956255,2,1,0,40.023268
2005,6,9,12,2,1112,120.08,17.1,.956255,2,0,0,120.08
2005,6,9,13,2,1112,0,205,.956255,2,1,0,0
2005,6,9,13,2,1112,33.16,18.6,.956255,2,1,0,40.023268
2005,6,9,13,2,1112,33.2,18.6,.956255,2,1,0,40.023268
2005,6,9,13,2,1112,33.23,18.6,.956255,2,1,0,40.023268
2005,6,9,13,2,1112,33.27,18.6,.956255,2,1,0,40.023268
2005,6,9,13,2,1112,33.3,18.6,.956255,2,1,0,40.023268
2005,6,9,13,2,1112,33.33,18.6,.956255,2,1,0,40.023268
2005,6,9,13,2,1112,33.37,18.4,.956255,2,1,0,40.023268
2005,6,9,13,2,1112,120.08,17.1,.956255,2,0,0,120.08
2005,6,9,14,2,1112,0,205,.956255,2,1,0,0
2005,6,9,14,2,1112,33.25,18.6,.956255,2,1,0,40.023268
2005,6,9,14,2,1112,33.28,18.6,.956255,2,1,0,40.023268
2005,6,9,14,2,1112,33.32,18.6,.956255,2,1,0,40.023268
2005,6,9,14,2,1112,33.35,18.6,.956255,2,1,0,40.023268
2005,6,9,14,2,1112,33.39,18.6,.956255,2,1,0,40.023268
2005,6,9,14,2,1112,33.42,18.6,.956255,2,1,0,40.023268
2005,6,9,14,2,1112,33.45,18.4,.956255,2,1,0,40.023268
2005,6,9,14,2,1112,120.08,17.1,.956255,2,0,0,120.08
2005,6,9,15,2,1112,0,205,.956255,2,1,0,0
2005,6,9,15,2,1112,33.16,18.6,.956255,2,1,0,40.023268
2005,6,9,15,2,1112,33.19,18.6,.956255,2,1,0,40.023268
2005,6,9,15,2,1112,33.23,18.6,.956255,2,1,0,40.023268
2005,6,9,15,2,1112,33.26,18.6,.956255,2,1,0,40.023268
2005,6,9,15,2,1112,33.3,18.6,.956255,2,1,0,40.023268
2005,6,9,15,2,1112,33.33,18.6,.956255,2,1,0,40.023268
2005,6,9,15,2,1112,33.37,18.4,.956255,2,1,0,40.023268
2005,6,9,15,2,1112,120.08,17.1,.956255,2,0,0,120.08
2005,6,9,16,2,1112,0,205,.956255,2,1,0,0
2005,6,9,16,2,1112,33.1,18.6,.956255,2,1,0,40.023268
2005,6,9,16,2,1112,33.14,18.6,.956255,2,1,0,40.023268
2005,6,9,16,2,1112,33.17,18.6,.956255,2,1,0,40.023268
2005,6,9,16,2,1112,33.21,18.6,.956255,2,1,0,40.023268
2005,6,9,16,2,1112,33.24,18.6,.956255,2,1,0,40.023268
2005,6,9,16,2,1112,33.28,18.6,.956255,2,1,0,40.023268
2005,6,9,16,2,1112,33.31,18.4,.956255,2,1,0,40.023268
2005,6,9,16,2,1112,120.08,17.1,.956255,2,0,0,120.08
2005,6,9,17,2,1112,0,205,.956255,2,1,0,0
2005,6,9,17,2,1112,33.18,18.6,.956255,2,1,0,40.023268
2005,6,9,17,2,1112,33.21,18.6,.956255,2,1,0,40.023268
2005,6,9,17,2,1112,33.25,18.6,.956255,2,1,0,40.023268
2005,6,9,17,2,1112,33.28,18.6,.956255,2,1,0,40.023268
2005,6,9,17,2,1112,33.32,18.6,.956255,2,1,0,40.023268
2005,6,9,17,2,1112,33.35,18.6,.956255,2,1,0,40.023268
2005,6,9,17,2,1112,33.38,18.4,.956255,2,1,0,40.023268
2005,6,9,17,2,1112,120.08,17.1,.956255,2,0,0,120.08
2005,6,9,18,2,1112,0,205,.956255,2,1,0,0
2005,6,9,18,2,1112,14.6,74.4,.956255,2,1,0,40.023268
2005,6,9,18,2,1112,33.04,18.6,.956255,2,1,0,40.023268
2005,6,9,18,2,1112,33.08,18.6,.956255,2,1,0,40.023268
2005,6,9,18,2,1112,33.11,18.4,.956255,2,1,0,40.023268
2005,6,9,18,2,1112,120.05,17.1,.956255,2,0,0,120.05
2005,6,9,19,2,1112,0,205,.956255,2,1,0,0
2005,6,9,19,2,1112,33.05,18.6,.956255,2,1,0,40.023268
2005,6,9,19,2,1112,33.09,18.6,.956255,2,1,0,40.023268
2005,6,9,19,2,1112,33.12,18.6,.956255,2,1,0,40.023268
2005,6,9,19,2,1112,33.15,18.6,.956255,2,1,0,40.023268
2005,6,9,19,2,1112,33.19,18.6,.956255,2,1,0,40.023268
2005,6,9,19,2,1112,33.22,18.6,.956255,2,1,0,40.023268
2005,6,9,19,2,1112,33.26,18.4,.956255,2,1,0,40.023268
2005,6,9,19,2,1112,120.08,17.1,.956255,2,0,0,120.08
2005,6,9,20,2,1112,0,205,.956255,2,1,0,0
2005,6,9,20,2,1112,33.12,18.6,.956255,2,1,0,40.023268
2005,6,9,20,2,1112,33.15,18.6,.956255,2,1,0,40.023268
2005,6,9,20,2,1112,33.19,18.6,.956255,2,1,0,40.023268
2005,6,9,20,2,1112,33.22,18.6,.956255,2,1,0,40.023268
2005,6,9,20,2,1112,33.26,18.6,.956255,2,1,0,40.023268
2005,6,9,20,2,1112,33.29,18.6,.956255,2,1,0,40.023268
2005,6,9,20,2,1112,33.33,18.4,.956255,2,1,0,40.023268
2005,6,9,20,2,1112,120.08,17.1,.956255,2,0,0,120.08
2005,6,9,21,2,1112,0,205,.956255,2,1,0,0
2005,6,9,21,2,1112,33.43,18.6,.956255,2,1,0,40.023268
2005,6,9,21,2,1112,33.47,18.6,.956255,2,1,0,40.023268
2005,6,9,21,2,1112,33.5,18.6,.956255,2,1,0,40.023268
2005,6,9,21,2,1112,33.54,18.6,.956255,2,1,0,40.023268
2005,6,9,21,2,1112,33.57,18.6,.956255,2,1,0,40.023268
2005,6,9,21,2,1112,33.61,18.6,.956255,2,1,0,40.023268
2005,6,9,21,2,1112,33.65,18.4,.956255,2,1,0,40.023268
2005,6,9,21,2,1112,120.08,17.1,.956255,2,0,0,120.08
2005,6,9,22,2,1112,0,205,.956255,2,1,0,0
2005,6,9,22,2,1112,33.34,18.6,.956255,2,1,0,40.023268
2005,6,9,22,2,1112,33.38,18.6,.956255,2,1,0,40.023268
2005,6,9,22,2,1112,33.41,18.6,.956255,2,1,0,40.023268
2005,6,9,22,2,1112,33.45,18.6,.956255,2,1,0,40.023268
2005,6,9,22,2,1112,33.49,18.6,.956255,2,1,0,40.023268
2005,6,9,22,2,1112,33.52,18.6,.956255,2,1,0,40.023268
2005,6,9,22,2,1112,33.56,18.4,.956255,2,1,0,40.023268
2005,6,9,22,2,1112,120.08,17.1,.956255,2,0,0,120.08
2005,6,9,23,2,1112,0,205,.956255,2,1,0,0
2005,6,9,23,2,1112,33.16,18.6,.956255,2,1,0,40.023268
2005,6,9,23,2,1112,33.2,18.6,.956255,2,1,0,40.023268
2005,6,9,23,2,1112,33.23,18.6,.956255,2,1,0,40.023268
2005,6,9,23,2,1112,33.27,18.6,.956255,2,1,0,40.023268
2005,6,9,23,2,1112,33.31,18.6,.956255,2,1,0,40.023268
2005,6,9,23,2,1112,33.34,18.6,.956255,2,1,0,40.023268
2005,6,9,23,2,1112,33.38,18.4,.956255,2,1,0,40.023268
2005,6,9,23,2,1112,120.08,17.1,.956255,2,0,0,120.08
2005,6,9,24,2,1112,0,205,.956255,2,1,0,0
2005,6,9,24,2,1112,33.72,18.6,.956255,2,1,0,40.023268
2005,6,9,24,2,1112,33.76,18.6,.956255,2,1,0,40.023268
2005,6,9,24,2,1112,33.8,18.6,.956255,2,1,0,40.023268
2005,6,9,24,2,1112,33.84,18.6,.956255,2,1,0,40.023268
2005,6,9,24,2,1112,33.87,18.6,.956255,2,1,0,40.023268
2005,6,9,24,2,1112,33.91,18.6,.956255,2,1,0,40.023268
2005,6,9,24,2,1112,33.95,18.4,.956255,2,1,0,40.023268
2005,6,9,24,2,1112,120.08,17.1,.956255,2,0,0,120.08
2005,6,9,1,2,1113,0,170,.956255,2,1,0,0
2005,6,9,1,2,1113,11.01,35,.956255,2,1,0,40.02185
2005,6,9,1,2,1113,34.5,18.6,.956255,2,1,0,40.02185
2005,6,9,1,2,1113,34.54,18.6,.956255,2,1,0,40.02185
2005,6,9,1,2,1113,34.58,18.6,.956255,2,1,0,40.02185
2005,6,9,1,2,1113,34.62,18.6,.956255,2,1,0,40.02185
2005,6,9,1,2,1113,34.66,18.6,.956255,2,1,0,40.02185
2005,6,9,1,2,1113,34.7,18.6,.956255,2,1,0,40.02185
2005,6,9,1,2,1113,34.74,18.4,.956255,2,1,0,40.02185
2005,6,9,1,2,1113,120.09,16.4,.956255,2,0,0,120.09
2005,6,9,2,2,1113,0,170,.956255,2,1,0,0
2005,6,9,2,2,1113,11.01,35,.956255,2,1,0,40.02185
2005,6,9,2,2,1113,34.78,18.6,.956255,2,1,0,40.02185
2005,6,9,2,2,1113,34.82,18.6,.956255,2,1,0,40.02185
2005,6,9,2,2,1113,34.86,18.6,.956255,2,1,0,40.02185
2005,6,9,2,2,1113,34.9,18.6,.956255,2,1,0,40.02185
2005,6,9,2,2,1113,34.94,18.6,.956255,2,1,0,40.02185
2005,6,9,2,2,1113,34.98,18.6,.956255,2,1,0,40.02185
2005,6,9,2,2,1113,35.02,18.4,.956255,2,1,0,40.02185
2005,6,9,2,2,1113,120.09,16.4,.956255,2,0,0,120.09
2005,6,9,3,2,1113,0,170,.956255,2,1,0,0
2005,6,9,3,2,1113,11.01,35,.956255,2,1,0,40.02185
2005,6,9,3,2,1113,34.91,18.6,.956255,2,1,0,40.02185
2005,6,9,3,2,1113,34.95,18.6,.956255,2,1,0,40.02185
2005,6,9,3,2,1113,34.99,18.6,.956255,2,1,0,40.02185
2005,6,9,3,2,1113,35.04,18.6,.956255,2,1,0,40.02185
2005,6,9,3,2,1113,35.08,18.6,.956255,2,1,0,40.02185
2005,6,9,3,2,1113,35.12,18.6,.956255,2,1,0,40.02185
2005,6,9,3,2,1113,35.16,18.4,.956255,2,1,0,40.02185
2005,6,9,3,2,1113,120.09,16.4,.956255,2,0,0,120.09
2005,6,9,4,2,1113,0,170,.956255,2,1,0,0
2005,6,9,4,2,1113,11.01,35,.956255,2,1,0,40.02185
2005,6,9,4,2,1113,35.1,18.6,.956255,2,1,0,40.02185
2005,6,9,4,2,1113,35.14,18.6,.956255,2,1,0,40.02185
2005,6,9,4,2,1113,35.19,18.6,.956255,2,1,0,40.02185
2005,6,9,4,2,1113,35.23,18.6,.956255,2,1,0,40.02185
2005,6,9,4,2,1113,35.27,18.6,.956255,2,1,0,40.02185
2005,6,9,4,2,1113,35.31,18.6,.956255,2,1,0,40.02185
2005,6,9,4,2,1113,35.36,18.4,.956255,2,1,0,40.02185
2005,6,9,4,2,1113,120.09,16.4,.956255,2,0,0,120.09
2005,6,9,5,2,1113,0,170,.956255,2,1,0,0
2005,6,9,5,2,1113,11.01,35,.956255,2,1,0,40.02185
2005,6,9,5,2,1113,35.16,18.6,.956255,2,1,0,40.02185
2005,6,9,5,2,1113,35.21,18.6,.956255,2,1,0,40.02185
2005,6,9,5,2,1113,35.25,18.6,.956255,2,1,0,40.02185
2005,6,9,5,2,1113,35.29,18.6,.956255,2,1,0,40.02185
2005,6,9,5,2,1113,35.33,18.6,.956255,2,1,0,40.02185
2005,6,9,5,2,1113,35.38,18.6,.956255,2,1,0,40.02185
2005,6,9,5,2,1113,35.42,18.4,.956255,2,1,0,40.02185
2005,6,9,5,2,1113,120.09,16.4,.956255,2,0,0,120.09
2005,6,9,6,2,1113,0,170,.956255,2,1,0,0
2005,6,9,6,2,1113,11.01,35,.956255,2,1,0,40.02185
2005,6,9,6,2,1113,35.09,18.6,.956255,2,1,0,40.02185
2005,6,9,6,2,1113,35.13,18.6,.956255,2,1,0,40.02185
2005,6,9,6,2,1113,35.17,18.6,.956255,2,1,0,40.02185
2005,6,9,6,2,1113,35.21,18.6,.956255,2,1,0,40.02185
2005,6,9,6,2,1113,35.26,18.6,.956255,2,1,0,40.02185
2005,6,9,6,2,1113,35.3,18.6,.956255,2,1,0,40.02185
2005,6,9,6,2,1113,35.34,18.4,.956255,2,1,0,40.02185
2005,6,9,6,2,1113,120.09,16.4,.956255,2,0,0,120.09
2005,6,9,7,2,1113,0,170,.956255,2,1,0,0
2005,6,9,7,2,1113,11.01,35,.956255,2,1,0,40.02185
2005,6,9,7,2,1113,34.67,18.6,.956255,2,1,0,40.02185
2005,6,9,7,2,1113,34.71,18.6,.956255,2,1,0,40.02185
2005,6,9,7,2,1113,34.75,18.6,.956255,2,1,0,40.02185
2005,6,9,7,2,1113,34.79,18.6,.956255,2,1,0,40.02185
2005,6,9,7,2,1113,34.83,18.6,.956255,2,1,0,40.02185
2005,6,9,7,2,1113,34.88,18.6,.956255,2,1,0,40.02185
2005,6,9,7,2,1113,34.92,18.4,.956255,2,1,0,40.02185
2005,6,9,7,2,1113,120.09,16.4,.956255,2,0,0,120.09
2005,6,9,8,2,1113,0,205,.956255,2,1,0,0
2005,6,9,8,2,1113,34.06,18.6,.956255,2,1,0,40.02185
2005,6,9,8,2,1113,34.1,18.6,.956255,2,1,0,40.02185
2005,6,9,8,2,1113,34.14,18.6,.956255,2,1,0,40.02185
2005,6,9,8,2,1113,34.18,18.6,.956255,2,1,0,40.02185
2005,6,9,8,2,1113,34.22,18.6,.956255,2,1,0,40.02185
2005,6,9,8,2,1113,34.26,18.6,.956255,2,1,0,40.02185
2005,6,9,8,2,1113,34.3,18.4,.956255,2,1,0,40.02185
2005,6,9,8,2,1113,120.08,16.4,.956255,2,0,0,120.08
2005,6,9,9,2,1113,0,205,.956255,2,1,0,0
2005,6,9,9,2,1113,33.23,18.6,.956255,2,1,0,40.02185
2005,6,9,9,2,1113,33.27,18.6,.956255,2,1,0,40.02185
2005,6,9,9,2,1113,33.31,18.6,.956255,2,1,0,40.02185
2005,6,9,9,2,1113,33.35,18.6,.956255,2,1,0,40.02185
2005,6,9,9,2,1113,33.38,18.6,.956255,2,1,0,40.02185
2005,6,9,9,2,1113,33.42,18.6,.956255,2,1,0,40.02185
2005,6,9,9,2,1113,33.46,18.4,.956255,2,1,0,40.02185
2005,6,9,9,2,1113,120.08,16.4,.956255,2,0,0,120.08
2005,6,9,10,2,1113,0,205,.956255,2,1,0,0
2005,6,9,10,2,1113,33.35,18.6,.956255,2,1,0,40.02185
2005,6,9,10,2,1113,33.39,18.6,.956255,2,1,0,40.02185
2005,6,9,10,2,1113,33.42,18.6,.956255,2,1,0,40.02185
2005,6,9,10,2,1113,33.46,18.6,.956255,2,1,0,40.02185
2005,6,9,10,2,1113,33.5,18.6,.956255,2,1,0,40.02185
2005,6,9,10,2,1113,33.53,18.6,.956255,2,1,0,40.02185
2005,6,9,10,2,1113,33.57,18.4,.956255,2,1,0,40.02185
2005,6,9,10,2,1113,120.08,16.4,.956255,2,0,0,120.08
2005,6,9,11,2,1113,0,205,.956255,2,1,0,0
2005,6,9,11,2,1113,33.64,18.6,.956255,2,1,0,40.02185
2005,6,9,11,2,1113,33.67,18.6,.956255,2,1,0,40.02185
2005,6,9,11,2,1113,33.71,18.6,.956255,2,1,0,40.02185
2005,6,9,11,2,1113,33.74,18.6,.956255,2,1,0,40.02185
2005,6,9,11,2,1113,33.78,18.6,.956255,2,1,0,40.02185
2005,6,9,11,2,1113,33.81,18.6,.956255,2,1,0,40.02185
2005,6,9,11,2,1113,33.85,18.4,.956255,2,1,0,40.02185
2005,6,9,11,2,1113,120.08,16.4,.956255,2,0,0,120.08
2005,6,9,12,2,1113,0,205,.956255,2,1,0,0
2005,6,9,12,2,1113,33.47,18.6,.956255,2,1,0,40.02185
2005,6,9,12,2,1113,33.51,18.6,.956255,2,1,0,40.02185
2005,6,9,12,2,1113,33.54,18.6,.956255,2,1,0,40.02185
2005,6,9,12,2,1113,33.58,18.6,.956255,2,1,0,40.02185
2005,6,9,12,2,1113,33.61,18.6,.956255,2,1,0,40.02185
2005,6,9,12,2,1113,33.65,18.6,.956255,2,1,0,40.02185
2005,6,9,12,2,1113,33.68,18.4,.956255,2,1,0,40.02185
2005,6,9,12,2,1113,120.08,16.4,.956255,2,0,0,120.08
2005,6,9,13,2,1113,0,205,.956255,2,1,0,0
2005,6,9,13,2,1113,33.33,18.6,.956255,2,1,0,40.02185
2005,6,9,13,2,1113,33.37,18.6,.956255,2,1,0,40.02185
2005,6,9,13,2,1113,33.4,18.6,.956255,2,1,0,40.02185
2005,6,9,13,2,1113,33.43,18.6,.956255,2,1,0,40.02185
2005,6,9,13,2,1113,33.47,18.6,.956255,2,1,0,40.02185
2005,6,9,13,2,1113,33.5,18.6,.956255,2,1,0,40.02185
2005,6,9,13,2,1113,33.54,18.4,.956255,2,1,0,40.02185
2005,6,9,13,2,1113,120.08,16.4,.956255,2,0,0,120.08
2005,6,9,14,2,1113,0,205,.956255,2,1,0,0
2005,6,9,14,2,1113,33.42,18.6,.956255,2,1,0,40.02185
2005,6,9,14,2,1113,33.45,18.6,.956255,2,1,0,40.02185
2005,6,9,14,2,1113,33.49,18.6,.956255,2,1,0,40.02185
2005,6,9,14,2,1113,33.52,18.6,.956255,2,1,0,40.02185
2005,6,9,14,2,1113,33.55,18.6,.956255,2,1,0,40.02185
2005,6,9,14,2,1113,33.59,18.6,.956255,2,1,0,40.02185
2005,6,9,14,2,1113,33.62,18.4,.956255,2,1,0,40.02185
2005,6,9,14,2,1113,120.08,16.4,.956255,2,0,0,120.08
2005,6,9,15,2,1113,0,205,.956255,2,1,0,0
2005,6,9,15,2,1113,33.33,18.6,.956255,2,1,0,40.02185
2005,6,9,15,2,1113,33.37,18.6,.956255,2,1,0,40.02185
2005,6,9,15,2,1113,33.4,18.6,.956255,2,1,0,40.02185
2005,6,9,15,2,1113,33.44,18.6,.956255,2,1,0,40.02185
2005,6,9,15,2,1113,33.47,18.6,.956255,2,1,0,40.02185
2005,6,9,15,2,1113,33.51,18.6,.956255,2,1,0,40.02185
2005,6,9,15,2,1113,33.54,18.4,.956255,2,1,0,40.02185
2005,6,9,15,2,1113,120.08,16.4,.956255,2,0,0,120.08
2005,6,9,16,2,1113,0,205,.956255,2,1,0,0
2005,6,9,16,2,1113,33.27,18.6,.956255,2,1,0,40.02185
2005,6,9,16,2,1113,33.31,18.6,.956255,2,1,0,40.02185
2005,6,9,16,2,1113,33.34,18.6,.956255,2,1,0,40.02185
2005,6,9,16,2,1113,33.38,18.6,.956255,2,1,0,40.02185
2005,6,9,16,2,1113,33.41,18.6,.956255,2,1,0,40.02185
2005,6,9,16,2,1113,33.45,18.6,.956255,2,1,0,40.02185
2005,6,9,16,2,1113,33.48,18.4,.956255,2,1,0,40.02185
2005,6,9,16,2,1113,120.08,16.4,.956255,2,0,0,120.08
2005,6,9,17,2,1113,0,205,.956255,2,1,0,0
2005,6,9,17,2,1113,33.35,18.6,.956255,2,1,0,40.02185
2005,6,9,17,2,1113,33.38,18.6,.956255,2,1,0,40.02185
2005,6,9,17,2,1113,33.42,18.6,.956255,2,1,0,40.02185
2005,6,9,17,2,1113,33.45,18.6,.956255,2,1,0,40.02185
2005,6,9,17,2,1113,33.49,18.6,.956255,2,1,0,40.02185
2005,6,9,17,2,1113,33.52,18.6,.956255,2,1,0,40.02185
2005,6,9,17,2,1113,33.55,18.4,.956255,2,1,0,40.02185
2005,6,9,17,2,1113,120.08,16.4,.956255,2,0,0,120.08
2005,6,9,18,2,1113,0,205,.956255,2,1,0,0
2005,6,9,18,2,1113,33.1,18.6,.956255,2,1,0,40.02185
2005,6,9,18,2,1113,33.14,18.6,.956255,2,1,0,40.02185
2005,6,9,18,2,1113,33.17,18.6,.956255,2,1,0,40.02185
2005,6,9,18,2,1113,33.21,18.6,.956255,2,1,0,40.02185
2005,6,9,18,2,1113,33.24,18.6,.956255,2,1,0,40.02185
2005,6,9,18,2,1113,33.27,18.6,.956255,2,1,0,40.02185
2005,6,9,18,2,1113,33.31,18.4,.956255,2,1,0,40.02185
2005,6,9,18,2,1113,120.08,16.4,.956255,2,0,0,120.08
2005,6,9,19,2,1113,0,205,.956255,2,1,0,0
2005,6,9,19,2,1113,33.22,18.6,.956255,2,1,0,40.02185
2005,6,9,19,2,1113,33.25,18.6,.956255,2,1,0,40.02185
2005,6,9,19,2,1113,33.29,18.6,.956255,2,1,0,40.02185
2005,6,9,19,2,1113,33.32,18.6,.956255,2,1,0,40.02185
2005,6,9,19,2,1113,33.36,18.6,.956255,2,1,0,40.02185
2005,6,9,19,2,1113,33.39,18.6,.956255,2,1,0,40.02185
2005,6,9,19,2,1113,33.43,18.4,.956255,2,1,0,40.02185
2005,6,9,19,2,1113,120.08,16.4,.956255,2,0,0,120.08
2005,6,9,20,2,1113,0,205,.956255,2,1,0,0
2005,6,9,20,2,1113,33.29,18.6,.956255,2,1,0,40.02185
2005,6,9,20,2,1113,33.33,18.6,.956255,2,1,0,40.02185
2005,6,9,20,2,1113,33.36,18.6,.956255,2,1,0,40.02185
2005,6,9,20,2,1113,33.4,18.6,.956255,2,1,0,40.02185
2005,6,9,20,2,1113,33.43,18.6,.956255,2,1,0,40.02185
2005,6,9,20,2,1113,33.47,18.6,.956255,2,1,0,40.02185
2005,6,9,20,2,1113,33.5,18.4,.956255,2,1,0,40.02185
2005,6,9,20,2,1113,120.08,16.4,.956255,2,0,0,120.08
2005,6,9,21,2,1113,0,205,.956255,2,1,0,0
2005,6,9,21,2,1113,33.61,18.6,.956255,2,1,0,40.02185
2005,6,9,21,2,1113,33.65,18.6,.956255,2,1,0,40.02185
2005,6,9,21,2,1113,33.69,18.6,.956255,2,1,0,40.02185
2005,6,9,21,2,1113,33.72,18.6,.956255,2,1,0,40.02185
2005,6,9,21,2,1113,33.76,18.6,.956255,2,1,0,40.02185
2005,6,9,21,2,1113,33.8,18.6,.956255,2,1,0,40.02185
2005,6,9,21,2,1113,33.83,18.4,.956255,2,1,0,40.02185
2005,6,9,21,2,1113,120.08,16.4,.956255,2,0,0,120.08
2005,6,9,22,2,1113,0,205,.956255,2,1,0,0
2005,6,9,22,2,1113,33.52,18.6,.956255,2,1,0,40.02185
2005,6,9,22,2,1113,33.56,18.6,.956255,2,1,0,40.02185
2005,6,9,22,2,1113,33.6,18.6,.956255,2,1,0,40.02185
2005,6,9,22,2,1113,33.63,18.6,.956255,2,1,0,40.02185
2005,6,9,22,2,1113,33.67,18.6,.956255,2,1,0,40.02185
2005,6,9,22,2,1113,33.71,18.6,.956255,2,1,0,40.02185
2005,6,9,22,2,1113,33.74,18.4,.956255,2,1,0,40.02185
2005,6,9,22,2,1113,120.08,16.4,.956255,2,0,0,120.08
2005,6,9,23,2,1113,0,205,.956255,2,1,0,0
2005,6,9,23,2,1113,33.34,18.6,.956255,2,1,0,40.02185
2005,6,9,23,2,1113,33.38,18.6,.956255,2,1,0,40.02185
2005,6,9,23,2,1113,33.42,18.6,.956255,2,1,0,40.02185
2005,6,9,23,2,1113,33.45,18.6,.956255,2,1,0,40.02185
2005,6,9,23,2,1113,33.49,18.6,.956255,2,1,0,40.02185
2005,6,9,23,2,1113,33.53,18.6,.956255,2,1,0,40.02185
2005,6,9,23,2,1113,33.56,18.4,.956255,2,1,0,40.02185
2005,6,9,23,2,1113,120.08,16.4,.956255,2,0,0,120.08
2005,6,9,24,2,1113,0,205,.956255,2,1,0,0
2005,6,9,24,2,1113,33.92,18.6,.956255,2,1,0,40.02185
2005,6,9,24,2,1113,33.96,18.6,.956255,2,1,0,40.02185
2005,6,9,24,2,1113,33.99,18.6,.956255,2,1,0,40.02185
2005,6,9,24,2,1113,34.03,18.6,.956255,2,1,0,40.02185
2005,6,9,24,2,1113,34.07,18.6,.956255,2,1,0,40.02185
2005,6,9,24,2,1113,34.11,18.6,.956255,2,1,0,40.02185
2005,6,9,24,2,1113,34.15,18.4,.956255,2,1,0,40.02185
2005,6,9,24,2,1113,120.08,16.4,.956255,2,0,0,120.08
2005,6,9,1,2,257,0,1.1,0,2,1,0,0
2005,6,9,2,2,257,0,1.1,0,2,1,0,0
2005,6,9,3,2,257,0,1.1,0,2,1,0,0
2005,6,9,4,2,257,0,1.1,0,2,1,0,0
2005,6,9,5,2,257,0,1.1,0,2,1,0,0
2005,6,9,6,2,257,0,1.1,0,2,1,0,0
2005,6,9,7,2,257,0,1,0,2,1,0,0
2005,6,9,8,2,257,0,1,0,2,1,0,0
2005,6,9,9,2,257,0,1,0,2,1,0,0
2005,6,9,10,2,257,0,1,0,2,1,0,0
2005,6,9,11,2,257,0,.9,0,2,1,0,0
2005,6,9,12,2,257,0,.9,0,2,1,0,0
2005,6,9,13,2,257,0,.9,0,2,1,0,0
2005,6,9,14,2,257,0,.9,0,2,1,0,0
2005,6,9,15,2,257,0,.9,0,2,1,0,0
2005,6,9,16,2,257,0,.9,0,2,1,0,0
2005,6,9,17,2,257,0,.9,0,2,1,0,0
2005,6,9,18,2,257,0,.6,0,2,1,0,0
2005,6,9,19,2,257,0,.6,0,2,1,0,0
2005,6,9,20,2,257,0,.6,0,2,1,0,0
2005,6,9,21,2,257,0,.6,0,2,1,0,0
2005,6,9,22,2,257,0,.6,0,2,1,0,0
2005,6,9,23,2,257,0,.6,0,2,1,0,0
2005,6,9,24,2,257,0,.6,0,2,1,0,0
2005,6,9,1,2,258,10.98,105,0,1,0,0,10.98
2005,6,9,1,2,258,44.99,105,0,1,1,0,44.99
2005,6,9,1,2,258,45,105,0,1,1,0,45
2005,6,9,2,2,258,44.98,105,0,1,1,0,44.98
2005,6,9,2,2,258,44.99,105,0,1,1,0,44.99
2005,6,9,2,2,258,45,105,0,1,1,0,45
2005,6,9,3,2,258,44.98,105,0,1,1,0,44.98
2005,6,9,3,2,258,44.99,105,0,1,1,0,44.99
2005,6,9,3,2,258,45,105,0,1,1,0,45
2005,6,9,4,2,258,44.98,105,0,1,1,0,44.98
2005,6,9,4,2,258,44.99,105,0,1,1,0,44.99
2005,6,9,4,2,258,45,105,0,1,1,0,45
2005,6,9,5,2,258,44.98,105,0,1,1,0,44.98
2005,6,9,5,2,258,44.99,105,0,1,1,0,44.99
2005,6,9,5,2,258,45,105,0,1,1,0,45
2005,6,9,6,2,258,44.98,105,0,1,1,0,44.98
2005,6,9,6,2,258,44.99,105,0,1,1,0,44.99
2005,6,9,6,2,258,45,105,0,1,1,0,45
2005,6,9,7,2,258,44.98,105,0,1,1,0,44.98
2005,6,9,7,2,258,44.99,105,0,1,1,0,44.99
2005,6,9,7,2,258,45,105,0,1,1,0,45
2005,6,9,8,2,258,10.98,105,0,1,0,0,10.98
2005,6,9,8,2,258,10.99,105,0,1,0,0,10.99
2005,6,9,8,2,258,11,105,0,1,0,0,11
2005,6,9,9,2,258,10.98,105,0,1,0,0,10.98
2005,6,9,9,2,258,10.99,105,0,1,0,0,10.99
2005,6,9,9,2,258,11,105,0,1,0,0,11
2005,6,9,10,2,258,10.98,105,0,1,0,0,10.98
2005,6,9,10,2,258,10.99,105,0,1,0,0,10.99
2005,6,9,10,2,258,11,105,0,1,0,0,11
2005,6,9,11,2,258,10.98,105,0,1,0,0,10.98
2005,6,9,11,2,258,10.99,105,0,1,0,0,10.99
2005,6,9,11,2,258,11,105,0,1,0,0,11
2005,6,9,12,2,258,10.98,105,0,1,0,0,10.98
2005,6,9,12,2,258,10.99,105,0,1,0,0,10.99
2005,6,9,12,2,258,11,105,0,1,0,0,11
2005,6,9,13,2,258,10.98,105,0,1,0,0,10.98
2005,6,9,13,2,258,10.99,105,0,1,0,0,10.99
2005,6,9,13,2,258,11,105,0,1,0,0,11
2005,6,9,14,2,258,10.98,105,0,1,0,0,10.98
2005,6,9,14,2,258,10.99,105,0,1,0,0,10.99
2005,6,9,14,2,258,11,105,0,1,0,0,11
2005,6,9,15,2,258,10.98,105,0,1,0,0,10.98
2005,6,9,15,2,258,10.99,105,0,1,0,0,10.99
2005,6,9,15,2,258,11,105,0,1,0,0,11
2005,6,9,16,2,258,10.98,105,0,1,0,0,10.98
2005,6,9,16,2,258,10.99,105,0,1,0,0,10.99
2005,6,9,16,2,258,11,105,0,1,0,0,11
2005,6,9,17,2,258,10.98,105,0,1,0,0,10.98
2005,6,9,17,2,258,10.99,105,0,1,0,0,10.99
2005,6,9,17,2,258,11,105,0,1,0,0,11
2005,6,9,18,2,258,10.98,105,0,1,0,0,10.98
2005,6,9,18,2,258,10.99,105,0,1,0,0,10.99
2005,6,9,18,2,258,11,105,0,1,0,0,11
2005,6,9,19,2,258,10.98,105,0,1,0,0,10.98
2005,6,9,19,2,258,10.99,105,0,1,0,0,10.99
2005,6,9,19,2,258,11,105,0,1,0,0,11
2005,6,9,20,2,258,10.98,105,0,1,0,0,10.98
2005,6,9,20,2,258,10.99,105,0,1,0,0,10.99
2005,6,9,20,2,258,11,105,0,1,0,0,11
2005,6,9,21,2,258,10.98,105,0,1,0,0,10.98
2005,6,9,21,2,258,10.99,105,0,1,0,0,10.99
2005,6,9,21,2,258,11,105,0,1,0,0,11
2005,6,9,22,2,258,10.98,105,0,1,0,0,10.98
2005,6,9,22,2,258,10.99,105,0,1,0,0,10.99
2005,6,9,22,2,258,11,105,0,1,0,0,11
2005,6,9,23,2,258,10.98,105,0,1,0,0,10.98
2005,6,9,23,2,258,10.99,105,0,1,0,0,10.99
2005,6,9,23,2,258,11,105,0,1,0,0,11
2005,6,9,24,2,258,10.98,105,0,1,0,0,10.98
2005,6,9,24,2,258,10.99,105,0,1,0,0,10.99
2005,6,9,24,2,258,11,105,0,1,0,0,11
2005,6,9,10,2,259,63.46,22.5,0,2,1,0,63.46
2005,6,9,10,2,259,63.98,22.5,0,2,1,0,63.98
2005,6,9,10,2,259,64.5,22.5,0,2,1,0,64.5
2005,6,9,10,2,259,65.03,22.5,0,2,1,0,65.03
2005,6,9,11,2,259,62.79,22.5,0,2,1,0,62.79
2005,6,9,11,2,259,63.21,22.5,0,2,1,0,63.21
2005,6,9,11,2,259,63.64,22.5,0,2,1,0,63.64
2005,6,9,11,2,259,64.06,22.5,0,2,1,0,64.06
2005,6,9,12,2,259,62.79,22.5,0,2,1,0,62.79
2005,6,9,12,2,259,63.21,22.5,0,2,1,0,63.21
2005,6,9,12,2,259,63.64,22.5,0,2,1,0,63.64
2005,6,9,12,2,259,64.06,22.5,0,2,1,0,64.06
2005,6,9,13,2,259,62.79,22.5,0,2,1,0,62.79
2005,6,9,13,2,259,63.21,22.5,0,2,1,0,63.21
2005,6,9,13,2,259,63.64,22.5,0,2,1,0,63.64
2005,6,9,13,2,259,64.06,22.5,0,2,1,0,64.06
2005,6,9,14,2,259,62.79,22.5,0,2,1,0,62.79
2005,6,9,14,2,259,63.21,22.5,0,2,1,0,63.21
2005,6,9,14,2,259,63.64,22.5,0,2,1,0,63.64
2005,6,9,14,2,259,64.06,22.5,0,2,1,0,64.06
2005,6,9,15,2,259,62.79,22.5,0,2,1,0,62.79
2005,6,9,15,2,259,63.21,22.5,0,2,1,0,63.21
2005,6,9,15,2,259,63.64,22.5,0,2,1,0,63.64
2005,6,9,15,2,259,64.06,22.5,0,2,1,0,64.06
2005,6,9,16,2,259,62.79,22.5,0,2,1,0,62.79
2005,6,9,16,2,259,63.21,22.5,0,2,1,0,63.21
2005,6,9,16,2,259,63.64,22.5,0,2,1,0,63.64
2005,6,9,16,2,259,64.06,22.5,0,2,1,0,64.06
2005,6,9,17,2,259,62.79,22.5,0,2,1,0,62.79
2005,6,9,17,2,259,63.21,22.5,0,2,1,0,63.21
2005,6,9,17,2,259,63.64,22.5,0,2,1,0,63.64
2005,6,9,17,2,259,64.06,22.5,0,2,1,0,64.06
2005,6,9,18,2,259,62.79,22.5,0,2,1,0,62.79
2005,6,9,18,2,259,63.21,22.5,0,2,1,0,63.21
2005,6,9,18,2,259,63.64,22.5,0,2,1,0,63.64
2005,6,9,18,2,259,64.06,22.5,0,2,1,0,64.06
2005,6,9,19,2,259,62.79,22.5,0,2,1,0,62.79
2005,6,9,19,2,259,63.21,22.5,0,2,1,0,63.21
2005,6,9,19,2,259,63.64,22.5,0,2,1,0,63.64
2005,6,9,19,2,259,64.06,22.5,0,2,1,0,64.06
2005,6,9,20,2,259,63.46,22.5,0,2,1,0,63.46
2005,6,9,20,2,259,63.98,22.5,0,2,1,0,63.98
2005,6,9,20,2,259,64.5,22.5,0,2,1,0,64.5
2005,6,9,20,2,259,65.03,22.5,0,2,1,0,65.03
2005,6,9,1,9,260,0,2.1,0,2,1,0,0
2005,6,9,2,9,260,0,2.1,0,2,1,0,0
2005,6,9,3,9,260,0,2.1,0,2,1,0,0
2005,6,9,4,9,260,0,2.1,0,2,1,0,0
2005,6,9,5,9,260,0,2.1,0,2,1,0,0
2005,6,9,6,9,260,0,2.1,0,2,1,0,0
2005,6,9,7,9,260,0,2.1,0,2,1,0,0
2005,6,9,8,9,260,0,2.1,0,2,1,0,0
2005,6,9,9,9,260,0,2.1,0,2,1,0,0
2005,6,9,10,9,260,0,2.1,0,2,1,0,0
2005,6,9,11,9,260,0,2.1,0,2,1,0,0
2005,6,9,12,9,260,0,2.1,0,2,1,0,0
2005,6,9,13,9,260,0,2.1,0,2,1,0,0
2005,6,9,14,9,260,0,2.1,0,2,1,0,0
2005,6,9,15,9,260,0,2.1,0,2,1,0,0
2005,6,9,16,9,260,0,2.1,0,2,1,0,0
2005,6,9,17,9,260,0,2.1,0,2,1,0,0
2005,6,9,18,9,260,0,2.1,0,2,1,0,0
2005,6,9,19,9,260,0,2.1,0,2,1,0,0
2005,6,9,20,9,260,0,2.1,0,2,1,0,0
2005,6,9,21,9,260,0,2.1,0,2,1,0,0
2005,6,9,22,9,260,0,2.1,0,2,1,0,0
2005,6,9,23,9,260,0,2.1,0,2,1,0,0
2005,6,9,24,9,260,0,2.1,0,2,1,0,0
2005,6,9,1,9,261,0,23.8,0,2,1,0,0
2005,6,9,2,9,261,0,23.8,0,2,1,0,0
2005,6,9,3,9,261,0,23.8,0,2,1,0,0
2005,6,9,4,9,261,0,23.8,0,2,1,0,0
2005,6,9,5,9,261,0,23.8,0,2,1,0,0
2005,6,9,6,9,261,0,23.8,0,2,1,0,0
2005,6,9,7,9,261,0,23.8,0,2,1,0,0
2005,6,9,8,9,261,0,23.8,0,2,1,0,0
2005,6,9,9,9,261,0,24,0,2,1,0,0
2005,6,9,10,9,261,0,24.2,0,2,1,0,0
2005,6,9,11,9,261,0,24.4,0,2,1,0,0
2005,6,9,12,9,261,0,24.7,0,2,1,0,0
2005,6,9,13,9,261,0,24.7,0,2,1,0,0
2005,6,9,14,9,261,0,24.7,0,2,1,0,0
2005,6,9,15,9,261,0,24.7,0,2,1,0,0
2005,6,9,16,9,261,0,24.4,0,2,1,0,0
2005,6,9,17,9,261,0,23.3,0,2,1,0,0
2005,6,9,18,9,261,0,23.3,0,2,1,0,0
2005,6,9,19,9,261,0,23.4,0,2,1,0,0
2005,6,9,20,9,261,0,23.5,0,2,1,0,0
2005,6,9,21,9,261,0,23.6,0,2,1,0,0
2005,6,9,22,9,261,0,23.8,0,2,1,0,0
2005,6,9,23,9,261,0,23.8,0,2,1,0,0
2005,6,9,24,9,261,0,23.9,0,2,1,0,0
2005,6,9,1,1,262,0,483.1,0,2,1,0,0
2005,6,9,1,1,262,125,39.2,0,2,0,0,125
2005,6,9,2,1,262,0,483.1,0,2,1,0,0
2005,6,9,2,1,262,125,39.2,0,2,0,0,125
2005,6,9,3,1,262,0,483.1,0,2,1,0,0
2005,6,9,3,1,262,125,39.2,0,2,0,0,125
2005,6,9,4,1,262,0,483.1,0,2,1,0,0
2005,6,9,4,1,262,125,39.2,0,2,0,0,125
2005,6,9,5,1,262,0,483.1,0,2,1,0,0
2005,6,9,5,1,262,125,39.2,0,2,0,0,125
2005,6,9,6,1,262,0,483.1,0,2,1,0,0
2005,6,9,6,1,262,125,39.2,0,2,0,0,125
2005,6,9,7,1,262,0,483.1,0,2,1,0,0
2005,6,9,7,1,262,125,39.2,0,2,0,0,125
2005,6,9,8,1,262,0,483.1,0,2,1,0,0
2005,6,9,8,1,262,125,39.2,0,2,0,0,125
2005,6,9,9,1,262,0,483.1,0,2,1,0,0
2005,6,9,9,1,262,125,39.2,0,2,0,0,125
2005,6,9,10,1,262,0,483.1,0,2,1,0,0
2005,6,9,10,1,262,125,39.2,0,2,0,0,125
2005,6,9,11,1,262,0,483.1,0,2,1,0,0
2005,6,9,11,1,262,125,39.2,0,2,0,0,125
2005,6,9,12,1,262,0,483.1,0,2,1,0,0
2005,6,9,12,1,262,125,39.2,0,2,0,0,125
2005,6,9,13,1,262,0,483.1,0,2,1,0,0
2005,6,9,13,1,262,125,39.2,0,2,0,0,125
2005,6,9,14,1,262,0,483.1,0,2,1,0,0
2005,6,9,14,1,262,125,39.2,0,2,0,0,125
2005,6,9,15,1,262,0,483.1,0,2,1,0,0
2005,6,9,15,1,262,125,39.2,0,2,0,0,125
2005,6,9,16,1,262,0,483.1,0,2,1,0,0
2005,6,9,16,1,262,125,39.2,0,2,0,0,125
2005,6,9,17,1,262,0,483.1,0,2,1,0,0
2005,6,9,17,1,262,125,39.2,0,2,0,0,125
2005,6,9,18,1,262,0,483.1,0,2,1,0,0
2005,6,9,18,1,262,125,39.2,0,2,0,0,125
2005,6,9,19,1,262,0,483.1,0,2,1,0,0
2005,6,9,19,1,262,125,39.2,0,2,0,0,125
2005,6,9,20,1,262,0,483.1,0,2,1,0,0
2005,6,9,20,1,262,125,39.2,0,2,0,0,125
2005,6,9,21,1,262,0,483.1,0,2,1,0,0
2005,6,9,21,1,262,125,39.2,0,2,0,0,125
2005,6,9,22,1,262,0,483.1,0,2,1,0,0
2005,6,9,22,1,262,125,39.2,0,2,0,0,125
2005,6,9,23,1,262,0,483.1,0,2,1,0,0
2005,6,9,23,1,262,125,39.2,0,2,0,0,125
2005,6,9,24,1,262,0,483.1,0,2,1,0,0
2005,6,9,24,1,262,125,39.2,0,2,0,0,125
2005,6,9,1,2,262,0,9.9,0,2,1,0,0
2005,6,9,1,2,262,125,.8,0,2,0,0,125
2005,6,9,2,2,262,0,9.9,0,2,1,0,0
2005,6,9,2,2,262,125,.8,0,2,0,0,125
2005,6,9,3,2,262,0,9.9,0,2,1,0,0
2005,6,9,3,2,262,125,.8,0,2,0,0,125
2005,6,9,4,2,262,0,9.9,0,2,1,0,0
2005,6,9,4,2,262,125,.8,0,2,0,0,125
2005,6,9,5,2,262,0,9.9,0,2,1,0,0
2005,6,9,5,2,262,125,.8,0,2,0,0,125
2005,6,9,6,2,262,0,9.9,0,2,1,0,0
2005,6,9,6,2,262,125,.8,0,2,0,0,125
2005,6,9,7,2,262,0,9.9,0,2,1,0,0
2005,6,9,7,2,262,125,.8,0,2,0,0,125
2005,6,9,8,2,262,0,9.9,0,2,1,0,0
2005,6,9,8,2,262,125,.8,0,2,0,0,125
2005,6,9,9,2,262,0,9.9,0,2,1,0,0
2005,6,9,9,2,262,125,.8,0,2,0,0,125
2005,6,9,10,2,262,0,9.9,0,2,1,0,0
2005,6,9,10,2,262,125,.8,0,2,0,0,125
2005,6,9,11,2,262,0,9.9,0,2,1,0,0
2005,6,9,11,2,262,125,.8,0,2,0,0,125
2005,6,9,12,2,262,0,9.9,0,2,1,0,0
2005,6,9,12,2,262,125,.8,0,2,0,0,125
2005,6,9,13,2,262,0,9.9,0,2,1,0,0
2005,6,9,13,2,262,125,.8,0,2,0,0,125
2005,6,9,14,2,262,0,9.9,0,2,1,0,0
2005,6,9,14,2,262,125,.8,0,2,0,0,125
2005,6,9,15,2,262,0,9.9,0,2,1,0,0
2005,6,9,15,2,262,125,.8,0,2,0,0,125
2005,6,9,16,2,262,0,9.9,0,2,1,0,0
2005,6,9,16,2,262,125,.8,0,2,0,0,125
2005,6,9,17,2,262,0,9.9,0,2,1,0,0
2005,6,9,17,2,262,125,.8,0,2,0,0,125
2005,6,9,18,2,262,0,9.9,0,2,1,0,0
2005,6,9,18,2,262,125,.8,0,2,0,0,125
2005,6,9,19,2,262,0,9.9,0,2,1,0,0
2005,6,9,19,2,262,125,.8,0,2,0,0,125
2005,6,9,20,2,262,0,9.9,0,2,1,0,0
2005,6,9,20,2,262,125,.8,0,2,0,0,125
2005,6,9,21,2,262,0,9.9,0,2,1,0,0
2005,6,9,21,2,262,125,.8,0,2,0,0,125
2005,6,9,22,2,262,0,9.9,0,2,1,0,0
2005,6,9,22,2,262,125,.8,0,2,0,0,125
2005,6,9,23,2,262,0,9.9,0,2,1,0,0
2005,6,9,23,2,262,125,.8,0,2,0,0,125
2005,6,9,24,2,262,0,9.9,0,2,1,0,0
2005,6,9,24,2,262,125,.8,0,2,0,0,125
2005,6,9,1,3,262,0,152.8,0,2,1,0,0
2005,6,9,1,3,262,125,12.4,0,2,0,0,125
2005,6,9,2,3,262,0,152.8,0,2,1,0,0
2005,6,9,2,3,262,125,12.4,0,2,0,0,125
2005,6,9,3,3,262,0,152.8,0,2,1,0,0
2005,6,9,3,3,262,125,12.4,0,2,0,0,125
2005,6,9,4,3,262,0,152.8,0,2,1,0,0
2005,6,9,4,3,262,125,12.4,0,2,0,0,125
2005,6,9,5,3,262,0,152.8,0,2,1,0,0
2005,6,9,5,3,262,125,12.4,0,2,0,0,125
2005,6,9,6,3,262,0,152.8,0,2,1,0,0
2005,6,9,6,3,262,125,12.4,0,2,0,0,125
2005,6,9,7,3,262,0,152.8,0,2,1,0,0
2005,6,9,7,3,262,125,12.4,0,2,0,0,125
2005,6,9,8,3,262,0,152.8,0,2,1,0,0
2005,6,9,8,3,262,125,12.4,0,2,0,0,125
2005,6,9,9,3,262,0,152.8,0,2,1,0,0
2005,6,9,9,3,262,125,12.4,0,2,0,0,125
2005,6,9,10,3,262,0,152.8,0,2,1,0,0
2005,6,9,10,3,262,125,12.4,0,2,0,0,125
2005,6,9,11,3,262,0,152.8,0,2,1,0,0
2005,6,9,11,3,262,125,12.4,0,2,0,0,125
2005,6,9,12,3,262,0,152.8,0,2,1,0,0
2005,6,9,12,3,262,125,12.4,0,2,0,0,125
2005,6,9,13,3,262,0,152.8,0,2,1,0,0
2005,6,9,13,3,262,125,12.4,0,2,0,0,125
2005,6,9,14,3,262,0,152.8,0,2,1,0,0
2005,6,9,14,3,262,125,12.4,0,2,0,0,125
2005,6,9,15,3,262,0,152.8,0,2,1,0,0
2005,6,9,15,3,262,125,12.4,0,2,0,0,125
2005,6,9,16,3,262,0,152.8,0,2,1,0,0
2005,6,9,16,3,262,125,12.4,0,2,0,0,125
2005,6,9,17,3,262,0,152.8,0,2,1,0,0
2005,6,9,17,3,262,125,12.4,0,2,0,0,125
2005,6,9,18,3,262,0,152.8,0,2,1,0,0
2005,6,9,18,3,262,125,12.4,0,2,0,0,125
2005,6,9,19,3,262,0,152.8,0,2,1,0,0
2005,6,9,19,3,262,125,12.4,0,2,0,0,125
2005,6,9,20,3,262,0,152.8,0,2,1,0,0
2005,6,9,20,3,262,125,12.4,0,2,0,0,125
2005,6,9,21,3,262,0,152.8,0,2,1,0,0
2005,6,9,21,3,262,125,12.4,0,2,0,0,125
2005,6,9,22,3,262,0,152.8,0,2,1,0,0
2005,6,9,22,3,262,125,12.4,0,2,0,0,125
2005,6,9,23,3,262,0,152.8,0,2,1,0,0
2005,6,9,23,3,262,125,12.4,0,2,0,0,125
2005,6,9,24,3,262,0,152.8,0,2,1,0,0
2005,6,9,24,3,262,125,12.4,0,2,0,0,125
2005,6,9,1,4,262,0,340.2,0,2,1,0,0
2005,6,9,1,4,262,125,27.6,0,2,0,0,125
2005,6,9,2,4,262,0,340.2,0,2,1,0,0
2005,6,9,2,4,262,125,27.6,0,2,0,0,125
2005,6,9,3,4,262,0,340.2,0,2,1,0,0
2005,6,9,3,4,262,125,27.6,0,2,0,0,125
2005,6,9,4,4,262,0,340.2,0,2,1,0,0
2005,6,9,4,4,262,125,27.6,0,2,0,0,125
2005,6,9,5,4,262,0,340.2,0,2,1,0,0
2005,6,9,5,4,262,125,27.6,0,2,0,0,125
2005,6,9,6,4,262,0,340.2,0,2,1,0,0
2005,6,9,6,4,262,125,27.6,0,2,0,0,125
2005,6,9,7,4,262,0,340.2,0,2,1,0,0
2005,6,9,7,4,262,125,27.6,0,2,0,0,125
2005,6,9,8,4,262,0,340.2,0,2,1,0,0
2005,6,9,8,4,262,125,27.6,0,2,0,0,125
2005,6,9,9,4,262,0,340.2,0,2,1,0,0
2005,6,9,9,4,262,125,27.6,0,2,0,0,125
2005,6,9,10,4,262,0,340.2,0,2,1,0,0
2005,6,9,10,4,262,125,27.6,0,2,0,0,125
2005,6,9,11,4,262,0,340.2,0,2,1,0,0
2005,6,9,11,4,262,125,27.6,0,2,0,0,125
2005,6,9,12,4,262,0,340.2,0,2,1,0,0
2005,6,9,12,4,262,125,27.6,0,2,0,0,125
2005,6,9,13,4,262,0,340.2,0,2,1,0,0
2005,6,9,13,4,262,125,27.6,0,2,0,0,125
2005,6,9,14,4,262,0,340.2,0,2,1,0,0
2005,6,9,14,4,262,125,27.6,0,2,0,0,125
2005,6,9,15,4,262,0,340.2,0,2,1,0,0
2005,6,9,15,4,262,125,27.6,0,2,0,0,125
2005,6,9,16,4,262,0,340.2,0,2,1,0,0
2005,6,9,16,4,262,125,27.6,0,2,0,0,125
2005,6,9,17,4,262,0,340.2,0,2,1,0,0
2005,6,9,17,4,262,125,27.6,0,2,0,0,125
2005,6,9,18,4,262,0,340.2,0,2,1,0,0
2005,6,9,18,4,262,125,27.6,0,2,0,0,125
2005,6,9,19,4,262,0,340.2,0,2,1,0,0
2005,6,9,19,4,262,125,27.6,0,2,0,0,125
2005,6,9,20,4,262,0,340.2,0,2,1,0,0
2005,6,9,20,4,262,125,27.6,0,2,0,0,125
2005,6,9,21,4,262,0,340.2,0,2,1,0,0
2005,6,9,21,4,262,125,27.6,0,2,0,0,125
2005,6,9,22,4,262,0,340.2,0,2,1,0,0
2005,6,9,22,4,262,125,27.6,0,2,0,0,125
2005,6,9,23,4,262,0,340.2,0,2,1,0,0
2005,6,9,23,4,262,125,27.6,0,2,0,0,125
2005,6,9,24,4,262,0,340.2,0,2,1,0,0
2005,6,9,24,4,262,125,27.6,0,2,0,0,125
2005,6,9,1,9,263,60,6.3,0,2,0,0,60
2005,6,9,2,9,263,60,6.3,0,2,0,0,60
2005,6,9,3,9,263,60,6.3,0,2,0,0,60
2005,6,9,4,9,263,60,6.3,0,2,0,0,60
2005,6,9,5,9,263,60,6.3,0,2,0,0,60
2005,6,9,6,9,263,60,6.3,0,2,0,0,60
2005,6,9,7,9,263,60,6.3,0,2,0,0,60
2005,6,9,8,9,263,60,6.3,0,2,0,0,60
2005,6,9,9,9,263,0,6.3,0,2,1,0,0
2005,6,9,10,9,263,0,6.3,0,2,1,0,0
2005,6,9,11,9,263,0,6.3,0,2,1,0,0
2005,6,9,12,9,263,0,6.3,0,2,1,0,0
2005,6,9,13,9,263,0,6.3,0,2,1,0,0
2005,6,9,14,9,263,0,6.3,0,2,1,0,0
2005,6,9,15,9,263,0,6.3,0,2,1,0,0
2005,6,9,16,9,263,0,6.3,0,2,1,0,0
2005,6,9,17,9,263,0,6.3,0,2,1,0,0
2005,6,9,18,9,263,0,6.3,0,2,1,0,0
2005,6,9,19,9,263,0,6.3,0,2,1,0,0
2005,6,9,20,9,263,0,6.3,0,2,1,0,0
2005,6,9,21,9,263,0,6.3,0,2,1,0,0
2005,6,9,22,9,263,0,6.3,0,2,1,0,0
2005,6,9,23,9,263,0,6.3,0,2,1,0,0
2005,6,9,24,9,263,0,6.3,0,2,1,0,0
2005,6,9,1,5,264,45,208,0,1,1,0,45
2005,6,9,2,5,264,45,208,0,1,1,0,45
2005,6,9,3,5,264,45,208,0,1,1,0,45
2005,6,9,4,5,264,45,208,0,1,1,0,45
2005,6,9,5,5,264,45,208,0,1,1,0,45
2005,6,9,6,5,264,45,208,0,1,1,0,45
2005,6,9,7,5,264,45,208,0,1,1,0,45
2005,6,9,8,5,264,30,52,0,1,0,0,30
2005,6,9,8,5,264,35,52,0,1,0,0,35
2005,6,9,8,5,264,40,52,0,1,0,0,40
2005,6,9,8,5,264,45,52,0,1,1,0,45
2005,6,9,9,5,264,30,52,0,1,0,0,30
2005,6,9,9,5,264,35,52,0,1,0,0,35
2005,6,9,9,5,264,40,52,0,1,0,0,40
2005,6,9,9,5,264,45,52,0,1,0,0,45
2005,6,9,10,5,264,30,52,0,1,0,0,30
2005,6,9,10,5,264,35,52,0,1,0,0,35
2005,6,9,10,5,264,40,52,0,1,0,0,40
2005,6,9,10,5,264,45,52,0,1,0,0,45
2005,6,9,11,5,264,30,52,0,1,0,0,30
2005,6,9,11,5,264,35,52,0,1,0,0,35
2005,6,9,11,5,264,40,52,0,1,0,0,40
2005,6,9,11,5,264,45,52,0,1,0,0,45
2005,6,9,12,5,264,30,52,0,1,0,0,30
2005,6,9,12,5,264,35,52,0,1,0,0,35
2005,6,9,12,5,264,40,52,0,1,0,0,40
2005,6,9,12,5,264,45,52,0,1,0,0,45
2005,6,9,13,5,264,10,52,0,1,0,0,10
2005,6,9,13,5,264,35,52,0,1,0,0,35
2005,6,9,13,5,264,40,52,0,1,0,0,40
2005,6,9,13,5,264,45,52,0,1,0,0,45
2005,6,9,14,5,264,10,52,0,1,0,0,10
2005,6,9,14,5,264,35,52,0,1,0,0,35
2005,6,9,14,5,264,40,52,0,1,0,0,40
2005,6,9,14,5,264,45,52,0,1,0,0,45
2005,6,9,15,5,264,10,52,0,1,0,0,10
2005,6,9,15,5,264,35,52,0,1,0,0,35
2005,6,9,15,5,264,40,52,0,1,0,0,40
2005,6,9,15,5,264,45,52,0,1,0,0,45
2005,6,9,16,5,264,30,52,0,1,0,0,30
2005,6,9,16,5,264,35,52,0,1,0,0,35
2005,6,9,16,5,264,40,52,0,1,0,0,40
2005,6,9,16,5,264,45,52,0,1,0,0,45
2005,6,9,17,5,264,30,52,0,1,0,0,30
2005,6,9,17,5,264,35,52,0,1,0,0,35
2005,6,9,17,5,264,40,52,0,1,0,0,40
2005,6,9,17,5,264,45,52,0,1,0,0,45
2005,6,9,18,5,264,30,52,0,1,0,0,30
2005,6,9,18,5,264,35,52,0,1,0,0,35
2005,6,9,18,5,264,40,52,0,1,0,0,40
2005,6,9,18,5,264,45,52,0,1,0,0,45
2005,6,9,19,5,264,30,52,0,1,0,0,30
2005,6,9,19,5,264,35,52,0,1,0,0,35
2005,6,9,19,5,264,40,52,0,1,0,0,40
2005,6,9,19,5,264,45,52,0,1,0,0,45
2005,6,9,20,5,264,30,52,0,1,0,0,30
2005,6,9,20,5,264,35,52,0,1,0,0,35
2005,6,9,20,5,264,40,52,0,1,0,0,40
2005,6,9,20,5,264,45,52,0,1,0,0,45
2005,6,9,21,5,264,30,52,0,1,0,0,30
2005,6,9,21,5,264,35,52,0,1,0,0,35
2005,6,9,21,5,264,40,52,0,1,0,0,40
2005,6,9,21,5,264,45,52,0,1,0,0,45
2005,6,9,22,5,264,30,52,0,1,0,0,30
2005,6,9,22,5,264,35,52,0,1,0,0,35
2005,6,9,22,5,264,40,52,0,1,0,0,40
2005,6,9,22,5,264,45,52,0,1,0,0,45
2005,6,9,23,5,264,30,52,0,1,0,0,30
2005,6,9,23,5,264,35,52,0,1,0,0,35
2005,6,9,23,5,264,40,52,0,1,0,0,40
2005,6,9,23,5,264,45,52,0,1,0,0,45
2005,6,9,24,5,264,30,52,0,1,0,0,30
2005,6,9,24,5,264,35,52,0,1,0,0,35
2005,6,9,24,5,264,40,52,0,1,0,0,40
2005,6,9,24,5,264,45,52,0,1,1,0,45
2005,6,9,1,5,265,85,45,0,2,0,0,85
2005,6,9,1,5,265,95,45,0,2,0,0,95
2005,6,9,1,5,265,105,45,0,2,0,0,105
2005,6,9,1,5,265,150,45,0,2,0,0,150
2005,6,9,2,5,265,85,45,0,2,0,0,85
2005,6,9,2,5,265,95,45,0,2,0,0,95
2005,6,9,2,5,265,105,45,0,2,0,0,105
2005,6,9,2,5,265,150,45,0,2,0,0,150
2005,6,9,3,5,265,85,45,0,2,0,0,85
2005,6,9,3,5,265,95,45,0,2,0,0,95
2005,6,9,3,5,265,105,45,0,2,0,0,105
2005,6,9,3,5,265,150,45,0,2,0,0,150
2005,6,9,4,5,265,85,45,0,2,0,0,85
2005,6,9,4,5,265,95,45,0,2,0,0,95
2005,6,9,4,5,265,105,45,0,2,0,0,105
2005,6,9,4,5,265,150,45,0,2,0,0,150
2005,6,9,5,5,265,85,45,0,2,0,0,85
2005,6,9,5,5,265,95,45,0,2,0,0,95
2005,6,9,5,5,265,105,45,0,2,0,0,105
2005,6,9,5,5,265,150,45,0,2,0,0,150
2005,6,9,6,5,265,85,45,0,2,0,0,85
2005,6,9,6,5,265,95,45,0,2,0,0,95
2005,6,9,6,5,265,105,45,0,2,0,0,105
2005,6,9,6,5,265,150,45,0,2,0,0,150
2005,6,9,7,5,265,85,45,0,2,0,0,85
2005,6,9,7,5,265,95,45,0,2,0,0,95
2005,6,9,7,5,265,105,45,0,2,0,0,105
2005,6,9,7,5,265,150,45,0,2,0,0,150
2005,6,9,8,5,265,85,45,0,2,0,0,85
2005,6,9,8,5,265,95,45,0,2,0,0,95
2005,6,9,8,5,265,105,45,0,2,0,0,105
2005,6,9,8,5,265,150,45,0,2,0,0,150
2005,6,9,9,5,265,85,45,0,2,0,0,85
2005,6,9,9,5,265,95,45,0,2,0,0,95
2005,6,9,9,5,265,105,45,0,2,0,0,105
2005,6,9,9,5,265,150,45,0,2,0,0,150
2005,6,9,10,5,265,85,45,0,2,0,0,85
2005,6,9,10,5,265,95,45,0,2,0,0,95
2005,6,9,10,5,265,105,45,0,2,0,0,105
2005,6,9,10,5,265,150,45,0,2,0,0,150
2005,6,9,11,5,265,85,45,0,2,0,0,85
2005,6,9,11,5,265,95,45,0,2,0,0,95
2005,6,9,11,5,265,105,45,0,2,0,0,105
2005,6,9,11,5,265,150,45,0,2,0,0,150
2005,6,9,12,5,265,0,45,0,2,1,0,0
2005,6,9,12,5,265,95,45,0,2,0,0,95
2005,6,9,12,5,265,105,45,0,2,0,0,105
2005,6,9,12,5,265,150,45,0,2,0,0,150
2005,6,9,13,5,265,0,90,0,2,1,0,0
2005,6,9,13,5,265,105,45,0,2,0,0,105
2005,6,9,13,5,265,150,45,0,2,0,0,150
2005,6,9,14,5,265,0,90,0,2,1,0,0
2005,6,9,14,5,265,105,45,0,2,0,0,105
2005,6,9,14,5,265,150,45,0,2,0,0,150
2005,6,9,15,5,265,0,45,0,2,1,0,0
2005,6,9,15,5,265,95,45,0,2,0,0,95
2005,6,9,15,5,265,105,45,0,2,0,0,105
2005,6,9,15,5,265,150,45,0,2,0,0,150
2005,6,9,16,5,265,0,45,0,2,1,0,0
2005,6,9,16,5,265,95,45,0,2,0,0,95
2005,6,9,16,5,265,105,45,0,2,0,0,105
2005,6,9,16,5,265,150,45,0,2,0,0,150
2005,6,9,17,5,265,0,45,0,2,1,0,0
2005,6,9,17,5,265,95,45,0,2,0,0,95
2005,6,9,17,5,265,105,45,0,2,0,0,105
2005,6,9,17,5,265,150,45,0,2,0,0,150
2005,6,9,18,5,265,0,90,0,2,1,0,0
2005,6,9,18,5,265,105,45,0,2,0,0,105
2005,6,9,18,5,265,150,45,0,2,0,0,150
2005,6,9,19,5,265,0,90,0,2,1,0,0
2005,6,9,19,5,265,105,45,0,2,0,0,105
2005,6,9,19,5,265,150,45,0,2,0,0,150
2005,6,9,20,5,265,85,45,0,2,0,0,85
2005,6,9,20,5,265,95,45,0,2,0,0,95
2005,6,9,20,5,265,105,45,0,2,0,0,105
2005,6,9,20,5,265,150,45,0,2,0,0,150
2005,6,9,21,5,265,85,45,0,2,0,0,85
2005,6,9,21,5,265,95,45,0,2,0,0,95
2005,6,9,21,5,265,105,45,0,2,0,0,105
2005,6,9,21,5,265,150,45,0,2,0,0,150
2005,6,9,22,5,265,85,45,0,2,0,0,85
2005,6,9,22,5,265,95,45,0,2,0,0,95
2005,6,9,22,5,265,105,45,0,2,0,0,105
2005,6,9,22,5,265,150,45,0,2,0,0,150
2005,6,9,23,5,265,85,45,0,2,0,0,85
2005,6,9,23,5,265,95,45,0,2,0,0,95
2005,6,9,23,5,265,105,45,0,2,0,0,105
2005,6,9,23,5,265,150,45,0,2,0,0,150
2005,6,9,24,5,265,85,45,0,2,0,0,85
2005,6,9,24,5,265,95,45,0,2,0,0,95
2005,6,9,24,5,265,105,45,0,2,0,0,105
2005,6,9,24,5,265,150,45,0,2,0,0,150
2005,6,9,1,5,266,.01,1,0,1,0,0,.01
2005,6,9,1,9,267,180.3,2159,0,1,1,0,180.3
2005,6,9,2,9,267,180.3,1810,0,1,1,0,180.3
2005,6,9,3,9,267,180.3,1690,0,1,1,0,180.3
2005,6,9,4,9,267,180.3,1654,0,1,1,0,180.3
2005,6,9,5,9,267,180.3,1619,0,1,1,0,180.3
2005,6,9,6,9,267,180.3,1637,0,1,1,0,180.3
2005,6,9,7,9,267,180.3,1712,0,1,1,0,180.3
2005,6,9,8,9,267,180.3,1746,0,1,1,0,180.3
2005,6,9,9,9,267,180.3,1590,0,1,1,0,180.3
2005,6,9,10,9,267,180.3,1720,0,1,1,0,180.3
2005,6,9,11,9,267,180.3,1772,0,1,1,0,180.3
2005,6,9,12,9,267,180.3,1922,0,1,1,0,180.3
2005,6,9,13,9,267,180.3,2076,0,1,1,0,180.3
2005,6,9,14,9,267,180.3,2195,0,1,1,0,180.3
2005,6,9,15,9,267,180.3,2390,0,1,1,0,180.3
2005,6,9,16,9,267,180.3,2447,0,1,1,0,180.3
2005,6,9,17,9,267,180.3,2489,0,1,1,0,180.3
2005,6,9,18,9,267,180.3,2621,0,1,1,0,180.3
2005,6,9,19,9,267,180.3,2590,0,1,1,0,180.3
2005,6,9,20,9,267,180.3,2438,0,1,1,0,180.3
2005,6,9,21,9,267,180.3,2348,0,1,1,0,180.3
2005,6,9,22,9,267,180.3,2298,0,1,1,0,180.3
2005,6,9,23,9,267,180.3,2448,0,1,1,0,180.3
2005,6,9,24,9,267,180.3,2289,0,1,1,0,180.3
2005,6,9,1,5,268,0,31,0,2,1,0,0
2005,6,9,1,5,268,90.01,27,0,2,0,0,90.01
2005,6,9,1,5,268,100.01,10,0,2,0,0,100.01
2005,6,9,1,5,268,102.51,20,0,2,0,0,102.51
2005,6,9,1,5,268,105.01,10,0,2,0,0,105.01
2005,6,9,1,5,268,112.51,30,0,2,0,0,112.51
2005,6,9,1,5,268,120.01,15,0,2,0,0,120.01
2005,6,9,1,5,268,125.01,20,0,2,0,0,125.01
2005,6,9,1,5,268,150.01,16,0,2,0,0,150.01
2005,6,9,1,5,268,180.3,10,0,2,0,0,180.3
2005,6,9,2,5,268,0,31,0,2,1,0,0
2005,6,9,2,5,268,90.01,27,0,2,0,0,90.01
2005,6,9,2,5,268,100.01,10,0,2,0,0,100.01
2005,6,9,2,5,268,102.51,20,0,2,0,0,102.51
2005,6,9,2,5,268,105.01,10,0,2,0,0,105.01
2005,6,9,2,5,268,112.51,30,0,2,0,0,112.51
2005,6,9,2,5,268,120.01,15,0,2,0,0,120.01
2005,6,9,2,5,268,125.01,20,0,2,0,0,125.01
2005,6,9,2,5,268,150.01,16,0,2,0,0,150.01
2005,6,9,2,5,268,180.3,10,0,2,0,0,180.3
2005,6,9,3,5,268,0,31,0,2,1,0,0
2005,6,9,3,5,268,90.01,27,0,2,0,0,90.01
2005,6,9,3,5,268,100.01,10,0,2,0,0,100.01
2005,6,9,3,5,268,102.51,20,0,2,0,0,102.51
2005,6,9,3,5,268,105.01,10,0,2,0,0,105.01
2005,6,9,3,5,268,112.51,30,0,2,0,0,112.51
2005,6,9,3,5,268,120.01,15,0,2,0,0,120.01
2005,6,9,3,5,268,125.01,20,0,2,0,0,125.01
2005,6,9,3,5,268,150.01,16,0,2,0,0,150.01
2005,6,9,3,5,268,180.3,10,0,2,0,0,180.3
2005,6,9,4,5,268,0,31,0,2,1,0,0
2005,6,9,4,5,268,90.01,27,0,2,0,0,90.01
2005,6,9,4,5,268,100.01,10,0,2,0,0,100.01
2005,6,9,4,5,268,102.51,20,0,2,0,0,102.51
2005,6,9,4,5,268,105.01,10,0,2,0,0,105.01
2005,6,9,4,5,268,112.51,30,0,2,0,0,112.51
2005,6,9,4,5,268,120.01,15,0,2,0,0,120.01
2005,6,9,4,5,268,125.01,20,0,2,0,0,125.01
2005,6,9,4,5,268,150.01,16,0,2,0,0,150.01
2005,6,9,4,5,268,180.3,10,0,2,0,0,180.3
2005,6,9,5,5,268,0,31,0,2,1,0,0
2005,6,9,5,5,268,90.01,27,0,2,0,0,90.01
2005,6,9,5,5,268,100.01,10,0,2,0,0,100.01
2005,6,9,5,5,268,102.51,20,0,2,0,0,102.51
2005,6,9,5,5,268,105.01,10,0,2,0,0,105.01
2005,6,9,5,5,268,112.51,30,0,2,0,0,112.51
2005,6,9,5,5,268,120.01,15,0,2,0,0,120.01
2005,6,9,5,5,268,125.01,20,0,2,0,0,125.01
2005,6,9,5,5,268,150.01,16,0,2,0,0,150.01
2005,6,9,5,5,268,180.3,10,0,2,0,0,180.3
2005,6,9,6,5,268,0,31,0,2,1,0,0
2005,6,9,6,5,268,90.01,27,0,2,0,0,90.01
2005,6,9,6,5,268,100.01,10,0,2,0,0,100.01
2005,6,9,6,5,268,102.51,20,0,2,0,0,102.51
2005,6,9,6,5,268,105.01,10,0,2,0,0,105.01
2005,6,9,6,5,268,112.51,30,0,2,0,0,112.51
2005,6,9,6,5,268,120.01,15,0,2,0,0,120.01
2005,6,9,6,5,268,125.01,20,0,2,0,0,125.01
2005,6,9,6,5,268,150.01,16,0,2,0,0,150.01
2005,6,9,6,5,268,180.3,10,0,2,0,0,180.3
2005,6,9,7,5,268,0,31,0,2,1,0,0
2005,6,9,7,5,268,90.01,27,0,2,0,0,90.01
2005,6,9,7,5,268,100.01,10,0,2,0,0,100.01
2005,6,9,7,5,268,102.51,20,0,2,0,0,102.51
2005,6,9,7,5,268,105.01,10,0,2,0,0,105.01
2005,6,9,7,5,268,112.51,30,0,2,0,0,112.51
2005,6,9,7,5,268,120.01,15,0,2,0,0,120.01
2005,6,9,7,5,268,125.01,20,0,2,0,0,125.01
2005,6,9,7,5,268,150.01,16,0,2,0,0,150.01
2005,6,9,7,5,268,180.3,10,0,2,0,0,180.3
2005,6,9,8,5,268,0,31,0,2,1,0,0
2005,6,9,8,5,268,90.01,27,0,2,0,0,90.01
2005,6,9,8,5,268,100.01,10,0,2,0,0,100.01
2005,6,9,8,5,268,102.51,20,0,2,0,0,102.51
2005,6,9,8,5,268,105.01,10,0,2,0,0,105.01
2005,6,9,8,5,268,112.51,30,0,2,0,0,112.51
2005,6,9,8,5,268,120.01,15,0,2,0,0,120.01
2005,6,9,8,5,268,125.01,20,0,2,0,0,125.01
2005,6,9,8,5,268,150.01,16,0,2,0,0,150.01
2005,6,9,8,5,268,180.3,10,0,2,0,0,180.3
2005,6,9,9,5,268,0,41,0,2,1,0,0
2005,6,9,9,5,268,90.01,10,0,2,0,0,90.01
2005,6,9,9,5,268,100.01,10,0,2,0,0,100.01
2005,6,9,9,5,268,102.51,20,0,2,0,0,102.51
2005,6,9,9,5,268,105.01,10,0,2,0,0,105.01
2005,6,9,9,5,268,112.51,30,0,2,0,0,112.51
2005,6,9,9,5,268,120.01,15,0,2,0,0,120.01
2005,6,9,9,5,268,125.01,20,0,2,0,0,125.01
2005,6,9,9,5,268,150.01,16,0,2,0,0,150.01
2005,6,9,10,5,268,0,41,0,2,1,0,0
2005,6,9,10,5,268,90.01,10,0,2,0,0,90.01
2005,6,9,10,5,268,100.01,10,0,2,0,0,100.01
2005,6,9,10,5,268,102.51,20,0,2,0,0,102.51
2005,6,9,10,5,268,105.01,10,0,2,0,0,105.01
2005,6,9,10,5,268,112.51,39,0,2,0,0,112.51
2005,6,9,10,5,268,120.01,15,0,2,0,0,120.01
2005,6,9,10,5,268,125.01,20,0,2,0,0,125.01
2005,6,9,10,5,268,150.01,16,0,2,0,0,150.01
2005,6,9,11,5,268,0,41,0,2,1,0,0
2005,6,9,11,5,268,90.01,10,0,2,0,0,90.01
2005,6,9,11,5,268,100.01,19,0,2,0,0,100.01
2005,6,9,11,5,268,102.51,20,0,2,0,0,102.51
2005,6,9,11,5,268,105.01,10,0,2,0,0,105.01
2005,6,9,11,5,268,112.51,43,0,2,0,0,112.51
2005,6,9,11,5,268,120.01,15,0,2,0,0,120.01
2005,6,9,11,5,268,125.01,20,0,2,0,0,125.01
2005,6,9,11,5,268,150.01,16,0,2,0,0,150.01
2005,6,9,12,5,268,0,41,0,2,1,0,0
2005,6,9,12,5,268,87.51,9,0,2,1,0,87.51
2005,6,9,12,5,268,90.01,10,0,2,0,0,90.01
2005,6,9,12,5,268,100.01,23,0,2,0,0,100.01
2005,6,9,12,5,268,102.51,20,0,2,0,0,102.51
2005,6,9,12,5,268,105.01,10,0,2,0,0,105.01
2005,6,9,12,5,268,112.51,34,0,2,0,0,112.51
2005,6,9,12,5,268,120.01,15,0,2,0,0,120.01
2005,6,9,12,5,268,125.01,20,0,2,0,0,125.01
2005,6,9,12,5,268,150.01,16,0,2,0,0,150.01
2005,6,9,13,5,268,0,41,0,2,1,0,0
2005,6,9,13,5,268,87.51,9,0,2,1,0,87.51
2005,6,9,13,5,268,90.01,10,0,2,1,0,90.01
2005,6,9,13,5,268,100.01,23,0,2,0,0,100.01
2005,6,9,13,5,268,102.51,20,0,2,0,0,102.51
2005,6,9,13,5,268,105.01,10,0,2,0,0,105.01
2005,6,9,13,5,268,112.51,34,0,2,0,0,112.51
2005,6,9,13,5,268,120.01,15,0,2,0,0,120.01
2005,6,9,13,5,268,125.01,20,0,2,0,0,125.01
2005,6,9,13,5,268,150.01,16,0,2,0,0,150.01
2005,6,9,14,5,268,0,41,0,2,1,0,0
2005,6,9,14,5,268,87.51,9,0,2,0,0,87.51
2005,6,9,14,5,268,90.01,10,0,2,0,0,90.01
2005,6,9,14,5,268,100.01,23,0,2,0,0,100.01
2005,6,9,14,5,268,102.51,20,0,2,0,0,102.51
2005,6,9,14,5,268,105.01,10,0,2,0,0,105.01
2005,6,9,14,5,268,112.51,34,0,2,0,0,112.51
2005,6,9,14,5,268,120.01,15,0,2,0,0,120.01
2005,6,9,14,5,268,125.01,20,0,2,0,0,125.01
2005,6,9,14,5,268,150.01,16,0,2,0,0,150.01
2005,6,9,15,5,268,0,41,0,2,1,0,0
2005,6,9,15,5,268,90.01,27,0,2,0,0,90.01
2005,6,9,15,5,268,100.01,19,0,2,0,0,100.01
2005,6,9,15,5,268,102.51,20,0,2,0,0,102.51
2005,6,9,15,5,268,105.01,10,0,2,0,0,105.01
2005,6,9,15,5,268,112.51,43,0,2,0,0,112.51
2005,6,9,15,5,268,120.01,15,0,2,0,0,120.01
2005,6,9,15,5,268,125.01,20,0,2,0,0,125.01
2005,6,9,15,5,268,150.01,16,0,2,0,0,150.01
2005,6,9,16,5,268,0,41,0,2,1,0,0
2005,6,9,16,5,268,90.01,27,0,2,0,0,90.01
2005,6,9,16,5,268,100.01,19,0,2,0,0,100.01
2005,6,9,16,5,268,102.51,20,0,2,0,0,102.51
2005,6,9,16,5,268,105.01,10,0,2,0,0,105.01
2005,6,9,16,5,268,112.51,43,0,2,0,0,112.51
2005,6,9,16,5,268,120.01,15,0,2,0,0,120.01
2005,6,9,16,5,268,125.01,20,0,2,0,0,125.01
2005,6,9,16,5,268,150.01,16,0,2,0,0,150.01
2005,6,9,17,5,268,0,41,0,2,1,0,0
2005,6,9,17,5,268,90.01,27,0,2,0,0,90.01
2005,6,9,17,5,268,100.01,19,0,2,0,0,100.01
2005,6,9,17,5,268,102.51,20,0,2,0,0,102.51
2005,6,9,17,5,268,105.01,10,0,2,0,0,105.01
2005,6,9,17,5,268,112.51,43,0,2,0,0,112.51
2005,6,9,17,5,268,120.01,15,0,2,0,0,120.01
2005,6,9,17,5,268,125.01,20,0,2,0,0,125.01
2005,6,9,17,5,268,150.01,16,0,2,0,0,150.01
2005,6,9,18,5,268,0,41,0,2,1,0,0
2005,6,9,18,5,268,90.01,27,0,2,0,0,90.01
2005,6,9,18,5,268,100.01,19,0,2,0,0,100.01
2005,6,9,18,5,268,102.51,20,0,2,0,0,102.51
2005,6,9,18,5,268,105.01,10,0,2,0,0,105.01
2005,6,9,18,5,268,112.51,43,0,2,0,0,112.51
2005,6,9,18,5,268,120.01,15,0,2,0,0,120.01
2005,6,9,18,5,268,125.01,20,0,2,0,0,125.01
2005,6,9,18,5,268,150.01,16,0,2,0,0,150.01
2005,6,9,19,5,268,0,41,0,2,1,0,0
2005,6,9,19,5,268,90.01,27,0,2,0,0,90.01
2005,6,9,19,5,268,100.01,19,0,2,0,0,100.01
2005,6,9,19,5,268,102.51,20,0,2,0,0,102.51
2005,6,9,19,5,268,105.01,10,0,2,0,0,105.01
2005,6,9,19,5,268,112.51,43,0,2,0,0,112.51
2005,6,9,19,5,268,120.01,15,0,2,0,0,120.01
2005,6,9,19,5,268,125.01,20,0,2,0,0,125.01
2005,6,9,19,5,268,150.01,16,0,2,0,0,150.01
2005,6,9,20,5,268,0,41,0,2,1,0,0
2005,6,9,20,5,268,90.01,27,0,2,0,0,90.01
2005,6,9,20,5,268,100.01,10,0,2,0,0,100.01
2005,6,9,20,5,268,102.51,20,0,2,0,0,102.51
2005,6,9,20,5,268,105.01,10,0,2,0,0,105.01
2005,6,9,20,5,268,112.51,43,0,2,0,0,112.51
2005,6,9,20,5,268,120.01,15,0,2,0,0,120.01
2005,6,9,20,5,268,125.01,20,0,2,0,0,125.01
2005,6,9,20,5,268,150.01,16,0,2,0,0,150.01
2005,6,9,21,5,268,0,41,0,2,1,0,0
2005,6,9,21,5,268,90.01,27,0,2,0,0,90.01
2005,6,9,21,5,268,100.01,10,0,2,0,0,100.01
2005,6,9,21,5,268,102.51,20,0,2,0,0,102.51
2005,6,9,21,5,268,105.01,10,0,2,0,0,105.01
2005,6,9,21,5,268,112.51,30,0,2,0,0,112.51
2005,6,9,21,5,268,120.01,15,0,2,0,0,120.01
2005,6,9,21,5,268,125.01,20,0,2,0,0,125.01
2005,6,9,21,5,268,150.01,16,0,2,0,0,150.01
2005,6,9,22,5,268,0,31,0,2,1,0,0
2005,6,9,22,5,268,90.01,27,0,2,0,0,90.01
2005,6,9,22,5,268,100.01,10,0,2,0,0,100.01
2005,6,9,22,5,268,102.51,20,0,2,0,0,102.51
2005,6,9,22,5,268,105.01,10,0,2,0,0,105.01
2005,6,9,22,5,268,112.51,30,0,2,0,0,112.51
2005,6,9,22,5,268,120.01,15,0,2,0,0,120.01
2005,6,9,22,5,268,125.01,20,0,2,0,0,125.01
2005,6,9,22,5,268,150.01,16,0,2,0,0,150.01
2005,6,9,22,5,268,180.3,10,0,2,0,0,180.3
2005,6,9,23,5,268,0,31,0,2,1,0,0
2005,6,9,23,5,268,90.01,27,0,2,0,0,90.01
2005,6,9,23,5,268,100.01,10,0,2,0,0,100.01
2005,6,9,23,5,268,102.51,20,0,2,0,0,102.51
2005,6,9,23,5,268,105.01,10,0,2,0,0,105.01
2005,6,9,23,5,268,112.51,30,0,2,0,0,112.51
2005,6,9,23,5,268,120.01,15,0,2,0,0,120.01
2005,6,9,23,5,268,125.01,20,0,2,0,0,125.01
2005,6,9,23,5,268,150.01,16,0,2,0,0,150.01
2005,6,9,23,5,268,180.3,10,0,2,0,0,180.3
2005,6,9,24,5,268,0,31,0,2,1,0,0
2005,6,9,24,5,268,90.01,27,0,2,0,0,90.01
2005,6,9,24,5,268,100.01,10,0,2,0,0,100.01
2005,6,9,24,5,268,102.51,20,0,2,0,0,102.51
2005,6,9,24,5,268,105.01,10,0,2,0,0,105.01
2005,6,9,24,5,268,112.51,30,0,2,0,0,112.51
2005,6,9,24,5,268,120.01,15,0,2,0,0,120.01
2005,6,9,24,5,268,125.01,20,0,2,0,0,125.01
2005,6,9,24,5,268,150.01,16,0,2,0,0,150.01
2005,6,9,24,5,268,180.3,10,0,2,0,0,180.3
2005,6,9,1,5,269,0,50,0,2,1,0,0
2005,6,9,2,5,269,0,50,0,2,1,0,0
2005,6,9,3,5,269,0,50,0,2,1,0,0
2005,6,9,4,5,269,0,50,0,2,1,0,0
2005,6,9,5,5,269,0,50,0,2,1,0,0
2005,6,9,6,5,269,0,50,0,2,1,0,0
2005,6,9,7,5,269,0,50,0,2,1,0,0
2005,6,9,8,5,269,0,50,0,2,1,0,0
2005,6,9,9,5,269,0,50,0,2,1,0,0
2005,6,9,10,5,269,0,50,0,2,1,0,0
2005,6,9,11,5,269,0,50,0,2,1,0,0
2005,6,9,12,5,269,0,50,0,2,1,0,0
2005,6,9,13,5,269,0,50,0,2,1,0,0
2005,6,9,14,5,269,0,50,0,2,1,0,0
2005,6,9,15,5,269,0,50,0,2,1,0,0
2005,6,9,16,5,269,0,50,0,2,1,0,0
2005,6,9,17,5,269,0,50,0,2,1,0,0
2005,6,9,18,5,269,0,50,0,2,1,0,0
2005,6,9,19,5,269,0,50,0,2,1,0,0
2005,6,9,20,5,269,0,50,0,2,1,0,0
2005,6,9,21,5,269,0,50,0,2,1,0,0
2005,6,9,22,5,269,0,50,0,2,1,0,0
2005,6,9,23,5,269,0,50,0,2,1,0,0
2005,6,9,24,5,269,0,50,0,2,1,0,0
2005,6,9,1,4,270,1,50,0,1,0,0,1
2005,6,9,1,4,270,65,80,0,1,1,0,65
2005,6,9,1,4,270,67,100,0,1,1,0,67
2005,6,9,1,4,270,180.3,890.4,0,1,1,0,180.3
2005,6,9,2,4,270,1,50,0,1,0,0,1
2005,6,9,2,4,270,65,80,0,1,1,0,65
2005,6,9,2,4,270,67,100,0,1,1,0,67
2005,6,9,2,4,270,180.3,853.2,0,1,1,0,180.3
2005,6,9,3,4,270,1,50,0,1,0,0,1
2005,6,9,3,4,270,65,80,0,1,1,0,65
2005,6,9,3,4,270,67,100,0,1,1,0,67
2005,6,9,3,4,270,180.3,816.8,0,1,1,0,180.3
2005,6,9,4,4,270,1,50,0,1,0,0,1
2005,6,9,4,4,270,65,80,0,1,1,0,65
2005,6,9,4,4,270,67,100,0,1,1,0,67
2005,6,9,4,4,270,180.3,809.1,0,1,1,0,180.3
2005,6,9,5,4,270,1,50,0,1,0,0,1
2005,6,9,5,4,270,65,80,0,1,1,0,65
2005,6,9,5,4,270,67,100,0,1,1,0,67
2005,6,9,5,4,270,180.3,808.3,0,1,1,0,180.3
2005,6,9,6,4,270,1,50,0,1,0,0,1
2005,6,9,6,4,270,65,80,0,1,1,0,65
2005,6,9,6,4,270,67,100,0,1,1,0,67
2005,6,9,6,4,270,180.3,842.1,0,1,1,0,180.3
2005,6,9,7,4,270,1,50,0,1,0,0,1
2005,6,9,7,4,270,65,80,0,1,1,0,65
2005,6,9,7,4,270,67,100,0,1,1,0,67
2005,6,9,7,4,270,180.3,1012.1,0,1,1,0,180.3
2005,6,9,8,4,270,1,50,0,1,0,0,1
2005,6,9,8,4,270,65,80,0,1,1,0,65
2005,6,9,8,4,270,67,100,0,1,1,0,67
2005,6,9,8,4,270,180.3,1187.1,0,1,1,0,180.3
2005,6,9,9,4,270,1,50,0,1,0,0,1
2005,6,9,9,4,270,65,80,0,1,1,0,65
2005,6,9,9,4,270,67,100,0,1,1,0,67
2005,6,9,9,4,270,180.3,1410.5,0,1,1,0,180.3
2005,6,9,10,4,270,1,50,0,1,0,0,1
2005,6,9,10,4,270,65,80,0,1,0,0,65
2005,6,9,10,4,270,67,100,0,1,0,0,67
2005,6,9,10,4,270,180.3,1561.9,0,1,1,0,180.3
2005,6,9,11,4,270,1,50,0,1,0,0,1
2005,6,9,11,4,270,65,80,0,1,0,0,65
2005,6,9,11,4,270,67,100,0,1,0,0,67
2005,6,9,11,4,270,180.3,1690.9,0,1,1,0,180.3
2005,6,9,12,4,270,1,50,0,1,0,0,1
2005,6,9,12,4,270,65,80,0,1,0,0,65
2005,6,9,12,4,270,67,100,0,1,0,0,67
2005,6,9,12,4,270,180.3,1739.6,0,1,1,0,180.3
2005,6,9,13,4,270,1,50,0,1,0,0,1
2005,6,9,13,4,270,65,80,0,1,0,0,65
2005,6,9,13,4,270,67,100,0,1,0,0,67
2005,6,9,13,4,270,180.3,1744.5,0,1,1,0,180.3
2005,6,9,14,4,270,1,50,0,1,0,0,1
2005,6,9,14,4,270,65,80,0,1,0,0,65
2005,6,9,14,4,270,67,100,0,1,0,0,67
2005,6,9,14,4,270,180.3,1658,0,1,1,0,180.3
2005,6,9,15,4,270,1,50,0,1,0,0,1
2005,6,9,15,4,270,65,80,0,1,0,0,65
2005,6,9,15,4,270,67,100,0,1,0,0,67
2005,6,9,15,4,270,180.3,1524.6,0,1,1,0,180.3
2005,6,9,16,4,270,1,50,0,1,0,0,1
2005,6,9,16,4,270,65,80,0,1,0,0,65
2005,6,9,16,4,270,67,100,0,1,0,0,67
2005,6,9,16,4,270,180.3,1524.8,0,1,1,0,180.3
2005,6,9,17,4,270,1,50,0,1,0,0,1
2005,6,9,17,4,270,65,80,0,1,0,0,65
2005,6,9,17,4,270,67,100,0,1,0,0,67
2005,6,9,17,4,270,180.3,1544.4,0,1,1,0,180.3
2005,6,9,18,4,270,1,50,0,1,0,0,1
2005,6,9,18,4,270,65,80,0,1,0,0,65
2005,6,9,18,4,270,67,100,0,1,0,0,67
2005,6,9,18,4,270,180.3,1557.8,0,1,1,0,180.3
2005,6,9,19,4,270,1,50,0,1,0,0,1
2005,6,9,19,4,270,65,80,0,1,0,0,65
2005,6,9,19,4,270,67,100,0,1,0,0,67
2005,6,9,19,4,270,180.3,1508.8,0,1,1,0,180.3
2005,6,9,20,4,270,1,50,0,1,0,0,1
2005,6,9,20,4,270,65,80,0,1,0,0,65
2005,6,9,20,4,270,67,100,0,1,0,0,67
2005,6,9,20,4,270,180.3,1432.1,0,1,1,0,180.3
2005,6,9,21,4,270,1,50,0,1,0,0,1
2005,6,9,21,4,270,65,80,0,1,1,0,65
2005,6,9,21,4,270,67,100,0,1,1,0,67
2005,6,9,21,4,270,180.3,1350.1,0,1,1,0,180.3
2005,6,9,22,4,270,1,50,0,1,0,0,1
2005,6,9,22,4,270,65,80,0,1,1,0,65
2005,6,9,22,4,270,67,100,0,1,1,0,67
2005,6,9,22,4,270,180.3,1194.9,0,1,1,0,180.3
2005,6,9,23,4,270,1,50,0,1,0,0,1
2005,6,9,23,4,270,65,80,0,1,1,0,65
2005,6,9,23,4,270,67,100,0,1,1,0,67
2005,6,9,23,4,270,180.3,1042,0,1,1,0,180.3
2005,6,9,24,4,270,1,50,0,1,0,0,1
2005,6,9,24,4,270,65,80,0,1,1,0,65
2005,6,9,24,4,270,67,100,0,1,1,0,67
2005,6,9,24,4,270,180.3,963.5,0,1,1,0,180.3
2005,6,9,1,4,271,180.3,34.1,0,1,1,0,180.3
2005,6,9,2,4,271,180.3,32.1,0,1,1,0,180.3
2005,6,9,3,4,271,180.3,30.8,0,1,1,0,180.3
2005,6,9,4,4,271,180.3,30.5,0,1,1,0,180.3
2005,6,9,5,4,271,180.3,30.1,0,1,1,0,180.3
2005,6,9,6,4,271,180.3,30.6,0,1,1,0,180.3
2005,6,9,7,4,271,180.3,31.6,0,1,1,0,180.3
2005,6,9,8,4,271,180.3,35,0,1,1,0,180.3
2005,6,9,9,4,271,180.3,40.1,0,1,1,0,180.3
2005,6,9,10,4,271,180.3,51.5,0,1,1,0,180.3
2005,6,9,11,4,271,180.3,56.1,0,1,1,0,180.3
2005,6,9,12,4,271,180.3,57.1,0,1,1,0,180.3
2005,6,9,13,4,271,180.3,57,0,1,1,0,180.3
2005,6,9,14,4,271,180.3,50.2,0,1,1,0,180.3
2005,6,9,15,4,271,180.3,50.1,0,1,1,0,180.3
2005,6,9,16,4,271,180.3,52.4,0,1,1,0,180.3
2005,6,9,17,4,271,180.3,52.7,0,1,1,0,180.3
2005,6,9,18,4,271,180.3,52.1,0,1,1,0,180.3
2005,6,9,19,4,271,180.3,47.4,0,1,1,0,180.3
2005,6,9,20,4,271,180.3,43.8,0,1,1,0,180.3
2005,6,9,21,4,271,180.3,41,0,1,1,0,180.3
2005,6,9,22,4,271,180.3,37.3,0,1,1,0,180.3
2005,6,9,23,4,271,180.3,36.5,0,1,1,0,180.3
2005,6,9,24,4,271,180.3,34.5,0,1,1,0,180.3
2005,6,9,1,5,272,87.5,20,0,2,0,0,87.5
2005,6,9,1,5,272,90,50,0,2,0,0,90
2005,6,9,1,5,272,92.5,80,0,2,0,0,92.5
2005,6,9,1,5,272,95,50,0,2,0,0,95
2005,6,9,1,5,272,100,20,0,2,0,0,100
2005,6,9,1,5,272,115,12,0,2,0,0,115
2005,6,9,1,5,272,125,85,0,2,0,0,125
2005,6,9,1,5,272,135,131,0,2,0,0,135
2005,6,9,1,5,272,155,68,0,2,0,0,155
2005,6,9,1,5,272,180,50,0,2,0,0,180
2005,6,9,2,5,272,87.5,20,0,2,0,0,87.5
2005,6,9,2,5,272,90,50,0,2,0,0,90
2005,6,9,2,5,272,92.5,80,0,2,0,0,92.5
2005,6,9,2,5,272,95,50,0,2,0,0,95
2005,6,9,2,5,272,100,20,0,2,0,0,100
2005,6,9,2,5,272,115,12,0,2,0,0,115
2005,6,9,2,5,272,125,85,0,2,0,0,125
2005,6,9,2,5,272,135,131,0,2,0,0,135
2005,6,9,2,5,272,155,58,0,2,0,0,155
2005,6,9,2,5,272,180,35,0,2,0,0,180
2005,6,9,3,5,272,87.5,20,0,2,0,0,87.5
2005,6,9,3,5,272,90,50,0,2,0,0,90
2005,6,9,3,5,272,92.5,80,0,2,0,0,92.5
2005,6,9,3,5,272,95,50,0,2,0,0,95
2005,6,9,3,5,272,100,20,0,2,0,0,100
2005,6,9,3,5,272,115,12,0,2,0,0,115
2005,6,9,3,5,272,125,85,0,2,0,0,125
2005,6,9,3,5,272,135,131,0,2,0,0,135
2005,6,9,3,5,272,155,58,0,2,0,0,155
2005,6,9,3,5,272,180,35,0,2,0,0,180
2005,6,9,4,5,272,87.5,20,0,2,0,0,87.5
2005,6,9,4,5,272,90,50,0,2,0,0,90
2005,6,9,4,5,272,92.5,80,0,2,0,0,92.5
2005,6,9,4,5,272,95,50,0,2,0,0,95
2005,6,9,4,5,272,100,20,0,2,0,0,100
2005,6,9,4,5,272,115,12,0,2,0,0,115
2005,6,9,4,5,272,125,85,0,2,0,0,125
2005,6,9,4,5,272,135,131,0,2,0,0,135
2005,6,9,4,5,272,155,58,0,2,0,0,155
2005,6,9,4,5,272,180,35,0,2,0,0,180
2005,6,9,5,5,272,87.5,20,0,2,0,0,87.5
2005,6,9,5,5,272,90,50,0,2,0,0,90
2005,6,9,5,5,272,92.5,80,0,2,0,0,92.5
2005,6,9,5,5,272,95,50,0,2,0,0,95
2005,6,9,5,5,272,100,20,0,2,0,0,100
2005,6,9,5,5,272,115,12,0,2,0,0,115
2005,6,9,5,5,272,125,85,0,2,0,0,125
2005,6,9,5,5,272,135,131,0,2,0,0,135
2005,6,9,5,5,272,155,58,0,2,0,0,155
2005,6,9,5,5,272,180,35,0,2,0,0,180
2005,6,9,6,5,272,87.5,20,0,2,0,0,87.5
2005,6,9,6,5,272,90,50,0,2,0,0,90
2005,6,9,6,5,272,92.5,80,0,2,0,0,92.5
2005,6,9,6,5,272,95,50,0,2,0,0,95
2005,6,9,6,5,272,100,20,0,2,0,0,100
2005,6,9,6,5,272,115,12,0,2,0,0,115
2005,6,9,6,5,272,125,85,0,2,0,0,125
2005,6,9,6,5,272,135,131,0,2,0,0,135
2005,6,9,6,5,272,155,58,0,2,0,0,155
2005,6,9,6,5,272,180,35,0,2,0,0,180
2005,6,9,7,5,272,87.5,20,0,2,0,0,87.5
2005,6,9,7,5,272,90,50,0,2,0,0,90
2005,6,9,7,5,272,92.5,80,0,2,0,0,92.5
2005,6,9,7,5,272,95,50,0,2,0,0,95
2005,6,9,7,5,272,100,20,0,2,0,0,100
2005,6,9,7,5,272,115,12,0,2,0,0,115
2005,6,9,7,5,272,125,85,0,2,0,0,125
2005,6,9,7,5,272,135,131,0,2,0,0,135
2005,6,9,7,5,272,155,58,0,2,0,0,155
2005,6,9,7,5,272,180,35,0,2,0,0,180
2005,6,9,8,5,272,0,20,0,2,1,0,0
2005,6,9,8,5,272,87.5,20,0,2,0,0,87.5
2005,6,9,8,5,272,90,50,0,2,0,0,90
2005,6,9,8,5,272,92.5,60,0,2,0,0,92.5
2005,6,9,8,5,272,95,50,0,2,0,0,95
2005,6,9,8,5,272,100,20,0,2,0,0,100
2005,6,9,8,5,272,115,12,0,2,0,0,115
2005,6,9,8,5,272,125,85,0,2,0,0,125
2005,6,9,8,5,272,135,131,0,2,0,0,135
2005,6,9,8,5,272,155,68,0,2,0,0,155
2005,6,9,8,5,272,180,50,0,2,0,0,180
2005,6,9,9,5,272,0,77,0,2,1,0,0
2005,6,9,9,5,272,87.5,20,0,2,0,0,87.5
2005,6,9,9,5,272,90,50,0,2,0,0,90
2005,6,9,9,5,272,92.5,60,0,2,0,0,92.5
2005,6,9,9,5,272,95,50,0,2,0,0,95
2005,6,9,9,5,272,100,20,0,2,0,0,100
2005,6,9,9,5,272,115,12,0,2,0,0,115
2005,6,9,9,5,272,125,85,0,2,0,0,125
2005,6,9,9,5,272,135,131,0,2,0,0,135
2005,6,9,9,5,272,155,48,0,2,0,0,155
2005,6,9,9,5,272,180,50,0,2,0,0,180
2005,6,9,10,5,272,0,77,0,2,1,0,0
2005,6,9,10,5,272,87.5,20,0,2,0,0,87.5
2005,6,9,10,5,272,90,50,0,2,0,0,90
2005,6,9,10,5,272,92.5,60,0,2,0,0,92.5
2005,6,9,10,5,272,95,50,0,2,0,0,95
2005,6,9,10,5,272,100,20,0,2,0,0,100
2005,6,9,10,5,272,115,12,0,2,0,0,115
2005,6,9,10,5,272,125,30,0,2,0,0,125
2005,6,9,10,5,272,135,131,0,2,0,0,135
2005,6,9,10,5,272,155,48,0,2,0,0,155
2005,6,9,10,5,272,180,50,0,2,0,0,180
2005,6,9,11,5,272,0,92,0,2,1,0,0
2005,6,9,11,5,272,87.5,20,0,2,0,0,87.5
2005,6,9,11,5,272,90,50,0,2,0,0,90
2005,6,9,11,5,272,92.5,60,0,2,0,0,92.5
2005,6,9,11,5,272,95,50,0,2,0,0,95
2005,6,9,11,5,272,100,20,0,2,0,0,100
2005,6,9,11,5,272,115,12,0,2,0,0,115
2005,6,9,11,5,272,125,30,0,2,0,0,125
2005,6,9,11,5,272,135,131,0,2,0,0,135
2005,6,9,11,5,272,155,33,0,2,0,0,155
2005,6,9,11,5,272,180,50,0,2,0,0,180
2005,6,9,12,5,272,0,164,0,2,1,0,0
2005,6,9,12,5,272,87.5,20,0,2,1,0,87.5
2005,6,9,12,5,272,90,50,0,2,0,0,90
2005,6,9,12,5,272,92.5,60,0,2,0,0,92.5
2005,6,9,12,5,272,95,50,0,2,0,0,95
2005,6,9,12,5,272,100,20,0,2,0,0,100
2005,6,9,12,5,272,115,12,0,2,0,0,115
2005,6,9,12,5,272,125,30,0,2,0,0,125
2005,6,9,12,5,272,135,131,0,2,0,0,135
2005,6,9,12,5,272,155,13,0,2,0,0,155
2005,6,9,12,5,272,180,50,0,2,0,0,180
2005,6,9,13,5,272,0,164,0,2,1,0,0
2005,6,9,13,5,272,87.5,20,0,2,1,0,87.5
2005,6,9,13,5,272,90,50,0,2,1,0,90
2005,6,9,13,5,272,92.5,60,0,2,0,0,92.5
2005,6,9,13,5,272,95,50,0,2,0,0,95
2005,6,9,13,5,272,100,20,0,2,0,0,100
2005,6,9,13,5,272,115,12,0,2,0,0,115
2005,6,9,13,5,272,125,30,0,2,0,0,125
2005,6,9,13,5,272,135,131,0,2,0,0,135
2005,6,9,13,5,272,155,13,0,2,0,0,155
2005,6,9,13,5,272,180,50,0,2,0,0,180
2005,6,9,14,5,272,0,164,0,2,1,0,0
2005,6,9,14,5,272,87.5,20,0,2,0,0,87.5
2005,6,9,14,5,272,90,50,0,2,0,0,90
2005,6,9,14,5,272,92.5,60,0,2,0,0,92.5
2005,6,9,14,5,272,95,50,0,2,0,0,95
2005,6,9,14,5,272,100,20,0,2,0,0,100
2005,6,9,14,5,272,115,12,0,2,0,0,115
2005,6,9,14,5,272,125,30,0,2,0,0,125
2005,6,9,14,5,272,135,131,0,2,0,0,135
2005,6,9,14,5,272,155,13,0,2,0,0,155
2005,6,9,14,5,272,180,50,0,2,0,0,180
2005,6,9,15,5,272,0,92,0,2,1,0,0
2005,6,9,15,5,272,87.5,20,0,2,0,0,87.5
2005,6,9,15,5,272,90,50,0,2,0,0,90
2005,6,9,15,5,272,92.5,60,0,2,0,0,92.5
2005,6,9,15,5,272,95,50,0,2,0,0,95
2005,6,9,15,5,272,100,20,0,2,0,0,100
2005,6,9,15,5,272,115,12,0,2,0,0,115
2005,6,9,15,5,272,125,30,0,2,0,0,125
2005,6,9,15,5,272,135,131,0,2,0,0,135
2005,6,9,15,5,272,155,33,0,2,0,0,155
2005,6,9,15,5,272,180,50,0,2,0,0,180
2005,6,9,16,5,272,0,92,0,2,1,0,0
2005,6,9,16,5,272,87.5,20,0,2,0,0,87.5
2005,6,9,16,5,272,90,50,0,2,0,0,90
2005,6,9,16,5,272,92.5,60,0,2,0,0,92.5
2005,6,9,16,5,272,95,50,0,2,0,0,95
2005,6,9,16,5,272,100,20,0,2,0,0,100
2005,6,9,16,5,272,115,12,0,2,0,0,115
2005,6,9,16,5,272,125,85,0,2,0,0,125
2005,6,9,16,5,272,135,131,0,2,0,0,135
2005,6,9,16,5,272,155,33,0,2,0,0,155
2005,6,9,16,5,272,180,50,0,2,0,0,180
2005,6,9,17,5,272,0,92,0,2,1,0,0
2005,6,9,17,5,272,87.5,20,0,2,0,0,87.5
2005,6,9,17,5,272,90,50,0,2,0,0,90
2005,6,9,17,5,272,92.5,60,0,2,0,0,92.5
2005,6,9,17,5,272,95,50,0,2,0,0,95
2005,6,9,17,5,272,100,20,0,2,0,0,100
2005,6,9,17,5,272,115,12,0,2,0,0,115
2005,6,9,17,5,272,125,85,0,2,0,0,125
2005,6,9,17,5,272,135,131,0,2,0,0,135
2005,6,9,17,5,272,155,33,0,2,0,0,155
2005,6,9,17,5,272,180,50,0,2,0,0,180
2005,6,9,18,5,272,0,154,0,2,1,0,0
2005,6,9,18,5,272,87.5,20,0,2,0,0,87.5
2005,6,9,18,5,272,90,50,0,2,0,0,90
2005,6,9,18,5,272,92.5,60,0,2,0,0,92.5
2005,6,9,18,5,272,95,50,0,2,0,0,95
2005,6,9,18,5,272,100,20,0,2,0,0,100
2005,6,9,18,5,272,115,12,0,2,0,0,115
2005,6,9,18,5,272,125,85,0,2,0,0,125
2005,6,9,18,5,272,135,131,0,2,0,0,135
2005,6,9,18,5,272,155,13,0,2,0,0,155
2005,6,9,18,5,272,180,50,0,2,0,0,180
2005,6,9,19,5,272,0,92,0,2,1,0,0
2005,6,9,19,5,272,87.5,20,0,2,0,0,87.5
2005,6,9,19,5,272,90,50,0,2,0,0,90
2005,6,9,19,5,272,92.5,60,0,2,0,0,92.5
2005,6,9,19,5,272,95,50,0,2,0,0,95
2005,6,9,19,5,272,100,20,0,2,0,0,100
2005,6,9,19,5,272,115,12,0,2,0,0,115
2005,6,9,19,5,272,125,85,0,2,0,0,125
2005,6,9,19,5,272,135,131,0,2,0,0,135
2005,6,9,19,5,272,155,33,0,2,0,0,155
2005,6,9,19,5,272,180,50,0,2,0,0,180
2005,6,9,20,5,272,0,77,0,2,1,0,0
2005,6,9,20,5,272,87.5,20,0,2,0,0,87.5
2005,6,9,20,5,272,90,50,0,2,0,0,90
2005,6,9,20,5,272,92.5,60,0,2,0,0,92.5
2005,6,9,20,5,272,95,50,0,2,0,0,95
2005,6,9,20,5,272,100,20,0,2,0,0,100
2005,6,9,20,5,272,115,12,0,2,0,0,115
2005,6,9,20,5,272,125,85,0,2,0,0,125
2005,6,9,20,5,272,135,131,0,2,0,0,135
2005,6,9,20,5,272,155,48,0,2,0,0,155
2005,6,9,20,5,272,180,50,0,2,0,0,180
2005,6,9,21,5,272,0,77,0,2,1,0,0
2005,6,9,21,5,272,87.5,20,0,2,0,0,87.5
2005,6,9,21,5,272,90,50,0,2,0,0,90
2005,6,9,21,5,272,92.5,60,0,2,0,0,92.5
2005,6,9,21,5,272,95,50,0,2,0,0,95
2005,6,9,21,5,272,100,20,0,2,0,0,100
2005,6,9,21,5,272,115,12,0,2,0,0,115
2005,6,9,21,5,272,125,85,0,2,0,0,125
2005,6,9,21,5,272,135,131,0,2,0,0,135
2005,6,9,21,5,272,155,48,0,2,0,0,155
2005,6,9,21,5,272,180,50,0,2,0,0,180
2005,6,9,22,5,272,0,77,0,2,1,0,0
2005,6,9,22,5,272,87.5,20,0,2,0,0,87.5
2005,6,9,22,5,272,90,50,0,2,0,0,90
2005,6,9,22,5,272,92.5,60,0,2,0,0,92.5
2005,6,9,22,5,272,95,50,0,2,0,0,95
2005,6,9,22,5,272,100,20,0,2,0,0,100
2005,6,9,22,5,272,115,12,0,2,0,0,115
2005,6,9,22,5,272,125,85,0,2,0,0,125
2005,6,9,22,5,272,135,131,0,2,0,0,135
2005,6,9,22,5,272,155,48,0,2,0,0,155
2005,6,9,22,5,272,180,50,0,2,0,0,180
2005,6,9,23,5,272,0,77,0,2,1,0,0
2005,6,9,23,5,272,87.5,20,0,2,0,0,87.5
2005,6,9,23,5,272,90,50,0,2,0,0,90
2005,6,9,23,5,272,92.5,60,0,2,0,0,92.5
2005,6,9,23,5,272,95,50,0,2,0,0,95
2005,6,9,23,5,272,100,20,0,2,0,0,100
2005,6,9,23,5,272,115,12,0,2,0,0,115
2005,6,9,23,5,272,125,85,0,2,0,0,125
2005,6,9,23,5,272,135,131,0,2,0,0,135
2005,6,9,23,5,272,155,48,0,2,0,0,155
2005,6,9,23,5,272,180,50,0,2,0,0,180
2005,6,9,24,5,272,0,20,0,2,1,0,0
2005,6,9,24,5,272,87.5,20,0,2,0,0,87.5
2005,6,9,24,5,272,90,50,0,2,0,0,90
2005,6,9,24,5,272,92.5,60,0,2,0,0,92.5
2005,6,9,24,5,272,95,50,0,2,0,0,95
2005,6,9,24,5,272,100,20,0,2,0,0,100
2005,6,9,24,5,272,115,12,0,2,0,0,115
2005,6,9,24,5,272,125,85,0,2,0,0,125
2005,6,9,24,5,272,135,131,0,2,0,0,135
2005,6,9,24,5,272,155,68,0,2,0,0,155
2005,6,9,24,5,272,180,50,0,2,0,0,180
2005,6,9,1,5,273,0,9,0,2,1,0,0
2005,6,9,1,5,273,85.02,10,0,2,0,0,85.02
2005,6,9,1,5,273,87.52,8,0,2,0,0,87.52
2005,6,9,1,5,273,92.52,12,0,2,0,0,92.52
2005,6,9,1,5,273,105.02,2,0,2,0,0,105.02
2005,6,9,2,5,273,0,9,0,2,1,0,0
2005,6,9,2,5,273,92.52,22,0,2,0,0,92.52
2005,6,9,3,5,273,0,9,0,2,1,0,0
2005,6,9,3,5,273,92.52,22,0,2,0,0,92.52
2005,6,9,4,5,273,0,9,0,2,1,0,0
2005,6,9,4,5,273,92.52,22,0,2,0,0,92.52
2005,6,9,5,5,273,0,9,0,2,1,0,0
2005,6,9,5,5,273,92.52,22,0,2,0,0,92.52
2005,6,9,6,5,273,0,9,0,2,1,0,0
2005,6,9,6,5,273,92.52,22,0,2,0,0,92.52
2005,6,9,7,5,273,0,9,0,2,1,0,0
2005,6,9,7,5,273,92.52,22,0,2,0,0,92.52
2005,6,9,8,5,273,0,9,0,2,1,0,0
2005,6,9,8,5,273,85.02,10,0,2,0,0,85.02
2005,6,9,8,5,273,87.52,8,0,2,0,0,87.52
2005,6,9,8,5,273,92.52,12,0,2,0,0,92.52
2005,6,9,8,5,273,105.02,2,0,2,0,0,105.02
2005,6,9,9,5,273,0,32,0,2,1,0,0
2005,6,9,9,5,273,85.02,7,0,2,0,0,85.02
2005,6,9,9,5,273,87.52,8,0,2,0,0,87.52
2005,6,9,9,5,273,105.02,4,0,2,0,0,105.02
2005,6,9,10,5,273,0,48,0,2,1,0,0
2005,6,9,10,5,273,85.02,7,0,2,0,0,85.02
2005,6,9,10,5,273,87.52,7,0,2,0,0,87.52
2005,6,9,10,5,273,105.02,6,0,2,0,0,105.02
2005,6,9,11,5,273,0,68,0,2,1,0,0
2005,6,9,11,5,273,85.02,7,0,2,0,0,85.02
2005,6,9,11,5,273,87.52,7,0,2,0,0,87.52
2005,6,9,11,5,273,105.02,6,0,2,0,0,105.02
2005,6,9,12,5,273,0,92,0,2,1,0,0
2005,6,9,12,5,273,85.02,7,0,2,1,0,85.02
2005,6,9,12,5,273,87.52,.4,0,2,1,0,87.52
2005,6,9,12,5,273,105.02,6,0,2,0,0,105.02
2005,6,9,13,5,273,0,91,0,2,1,0,0
2005,6,9,13,5,273,85.02,7,0,2,1,0,85.02
2005,6,9,13,5,273,87.52,6,0,2,1,0,87.52
2005,6,9,13,5,273,105.02,6,0,2,0,0,105.02
2005,6,9,14,5,273,0,91,0,2,1,0,0
2005,6,9,14,5,273,85.02,7,0,2,0,0,85.02
2005,6,9,14,5,273,87.52,6,0,2,0,0,87.52
2005,6,9,14,5,273,105.02,6,0,2,0,0,105.02
2005,6,9,15,5,273,0,54,0,2,1,0,0
2005,6,9,15,5,273,85.02,7,0,2,0,0,85.02
2005,6,9,15,5,273,87.52,7,0,2,0,0,87.52
2005,6,9,15,5,273,105.02,6,0,2,0,0,105.02
2005,6,9,16,5,273,0,54,0,2,1,0,0
2005,6,9,16,5,273,85.02,7,0,2,0,0,85.02
2005,6,9,16,5,273,87.52,7,0,2,0,0,87.52
2005,6,9,16,5,273,105.02,6,0,2,0,0,105.02
2005,6,9,17,5,273,0,67,0,2,1,0,0
2005,6,9,17,5,273,85.02,7,0,2,0,0,85.02
2005,6,9,17,5,273,87.52,7,0,2,0,0,87.52
2005,6,9,17,5,273,105.02,6,0,2,0,0,105.02
2005,6,9,18,5,273,0,70,0,2,1,0,0
2005,6,9,18,5,273,85.02,7,0,2,0,0,85.02
2005,6,9,18,5,273,87.52,6,0,2,0,0,87.52
2005,6,9,18,5,273,105.02,6,0,2,0,0,105.02
2005,6,9,19,5,273,0,67,0,2,1,0,0
2005,6,9,19,5,273,85.02,7,0,2,0,0,85.02
2005,6,9,19,5,273,87.52,7,0,2,0,0,87.52
2005,6,9,19,5,273,105.02,6,0,2,0,0,105.02
2005,6,9,20,5,273,0,47,0,2,1,0,0
2005,6,9,20,5,273,85.02,7,0,2,0,0,85.02
2005,6,9,20,5,273,87.52,7,0,2,0,0,87.52
2005,6,9,20,5,273,105.02,6,0,2,0,0,105.02
2005,6,9,21,5,273,0,32,0,2,1,0,0
2005,6,9,21,5,273,85.02,7,0,2,0,0,85.02
2005,6,9,21,5,273,87.52,8,0,2,0,0,87.52
2005,6,9,21,5,273,105.02,4,0,2,0,0,105.02
2005,6,9,22,5,273,0,32,0,2,1,0,0
2005,6,9,22,5,273,85.02,7,0,2,0,0,85.02
2005,6,9,22,5,273,87.52,8,0,2,0,0,87.52
2005,6,9,22,5,273,105.02,4,0,2,0,0,105.02
2005,6,9,23,5,273,0,32,0,2,1,0,0
2005,6,9,23,5,273,85.02,7,0,2,0,0,85.02
2005,6,9,23,5,273,87.52,8,0,2,0,0,87.52
2005,6,9,23,5,273,105.02,4,0,2,0,0,105.02
2005,6,9,24,5,273,0,9,0,2,1,0,0
2005,6,9,24,5,273,85.02,10,0,2,0,0,85.02
2005,6,9,24,5,273,87.52,8,0,2,0,0,87.52
2005,6,9,24,5,273,92.52,12,0,2,0,0,92.52
2005,6,9,24,5,273,105.02,2,0,2,0,0,105.02
2005,6,9,1,6,274,120,24.2,0,1,1,0,120
2005,6,9,2,6,274,120,24.4,0,1,1,0,120
2005,6,9,3,6,274,120,24.1,0,1,1,0,120
2005,6,9,4,6,274,120,24.6,0,1,1,0,120
2005,6,9,5,6,274,120,24.1,0,1,1,0,120
2005,6,9,6,6,274,120,23.1,0,1,1,0,120
2005,6,9,7,6,274,120,22.7,0,1,1,0,120
2005,6,9,8,6,274,120,22.8,0,1,1,0,120
2005,6,9,9,6,274,120,21,0,1,1,0,120
2005,6,9,10,6,274,14.69,19.4,0,1,0,0,14.69
2005,6,9,10,6,274,120,2.2,0,1,1,0,120
2005,6,9,11,6,274,14.69,19.6,0,1,0,0,14.69
2005,6,9,11,6,274,120,2.2,0,1,1,0,120
2005,6,9,12,6,274,14.69,19.7,0,1,0,0,14.69
2005,6,9,12,6,274,120,2.2,0,1,1,0,120
2005,6,9,13,6,274,14.69,19.9,0,1,0,0,14.69
2005,6,9,13,6,274,120,2.2,0,1,1,0,120
2005,6,9,14,6,274,14.69,20.2,0,1,0,0,14.69
2005,6,9,14,6,274,120,2.2,0,1,1,0,120
2005,6,9,15,6,274,14.69,19.7,0,1,0,0,14.69
2005,6,9,15,6,274,120,2.2,0,1,1,0,120
2005,6,9,16,6,274,14.69,19.1,0,1,0,0,14.69
2005,6,9,16,6,274,120,2.1,0,1,1,0,120
2005,6,9,17,6,274,14.69,19.4,0,1,0,0,14.69
2005,6,9,17,6,274,120,2.2,0,1,1,0,120
2005,6,9,18,6,274,14.69,19.9,0,1,0,0,14.69
2005,6,9,18,6,274,120,2.2,0,1,1,0,120
2005,6,9,19,6,274,14.69,19.9,0,1,0,0,14.69
2005,6,9,19,6,274,120,2.2,0,1,1,0,120
2005,6,9,20,6,274,14.69,19.5,0,1,0,0,14.69
2005,6,9,20,6,274,120,2.2,0,1,1,0,120
2005,6,9,21,6,274,14.69,19.5,0,1,0,0,14.69
2005,6,9,21,6,274,120,2.2,0,1,1,0,120
2005,6,9,22,6,274,14.69,19,0,1,0,0,14.69
2005,6,9,22,6,274,120,2.1,0,1,1,0,120
2005,6,9,23,6,274,14.69,20.2,0,1,0,0,14.69
2005,6,9,23,6,274,120,2.2,0,1,1,0,120
2005,6,9,24,6,274,14.69,21.2,0,1,0,0,14.69
2005,6,9,24,6,274,120,2.4,0,1,1,0,120
2005,6,9,1,6,275,120,9.6,0,1,1,0,120
2005,6,9,2,6,275,120,7.5,0,1,1,0,120
2005,6,9,3,6,275,120,6.5,0,1,1,0,120
2005,6,9,4,6,275,120,4.8,0,1,1,0,120
2005,6,9,5,6,275,120,6.1,0,1,1,0,120
2005,6,9,6,6,275,120,12,0,1,1,0,120
2005,6,9,7,6,275,120,22.8,0,1,1,0,120
2005,6,9,8,6,275,120,30.2,0,1,1,0,120
2005,6,9,9,6,275,120,29.8,0,1,1,0,120
2005,6,9,10,6,275,14.69,26.6,0,1,0,0,14.69
2005,6,9,10,6,275,120,3,0,1,1,0,120
2005,6,9,11,6,275,14.69,25.7,0,1,0,0,14.69
2005,6,9,11,6,275,120,2.9,0,1,1,0,120
2005,6,9,12,6,275,14.69,24.5,0,1,0,0,14.69
2005,6,9,12,6,275,120,2.7,0,1,1,0,120
2005,6,9,13,6,275,14.69,21.8,0,1,0,0,14.69
2005,6,9,13,6,275,120,2.4,0,1,1,0,120
2005,6,9,14,6,275,14.69,23.8,0,1,0,0,14.69
2005,6,9,14,6,275,120,2.6,0,1,1,0,120
2005,6,9,15,6,275,14.69,26.3,0,1,0,0,14.69
2005,6,9,15,6,275,120,2.9,0,1,1,0,120
2005,6,9,16,6,275,14.69,25.1,0,1,0,0,14.69
2005,6,9,16,6,275,120,2.8,0,1,1,0,120
2005,6,9,17,6,275,14.69,24.8,0,1,0,0,14.69
2005,6,9,17,6,275,120,2.8,0,1,1,0,120
2005,6,9,18,6,275,14.69,23.6,0,1,0,0,14.69
2005,6,9,18,6,275,120,2.6,0,1,1,0,120
2005,6,9,19,6,275,14.69,28.4,0,1,0,0,14.69
2005,6,9,19,6,275,120,3.2,0,1,1,0,120
2005,6,9,20,6,275,14.69,27.6,0,1,0,0,14.69
2005,6,9,20,6,275,120,3.1,0,1,1,0,120
2005,6,9,21,6,275,14.69,26.8,0,1,0,0,14.69
2005,6,9,21,6,275,120,3,0,1,1,0,120
2005,6,9,22,6,275,14.69,26.5,0,1,0,0,14.69
2005,6,9,22,6,275,120,2.9,0,1,1,0,120
2005,6,9,23,6,275,14.69,27.6,0,1,0,0,14.69
2005,6,9,23,6,275,120,3.1,0,1,1,0,120
2005,6,9,24,6,275,14.69,23.5,0,1,0,0,14.69
2005,6,9,24,6,275,120,2.6,0,1,1,0,120
2005,6,9,1,9,276,180.3,287,0,1,1,0,180.3
2005,6,9,2,9,276,180.3,252.8,0,1,1,0,180.3
2005,6,9,3,9,276,180.3,243.2,0,1,1,0,180.3
2005,6,9,4,9,276,180.3,232.4,0,1,1,0,180.3
2005,6,9,5,9,276,180.3,236.1,0,1,1,0,180.3
2005,6,9,6,9,276,180.3,245.8,0,1,1,0,180.3
2005,6,9,7,9,276,180.3,245.5,0,1,1,0,180.3
2005,6,9,8,9,276,180.3,260.3,0,1,1,0,180.3
2005,6,9,9,9,276,180.3,207.9,0,1,1,0,180.3
2005,6,9,10,9,276,14.69,20.9,0,1,0,0,14.69
2005,6,9,10,9,276,180.3,188.5,0,1,1,0,180.3
2005,6,9,11,9,276,14.69,21,0,1,0,0,14.69
2005,6,9,11,9,276,180.3,189,0,1,1,0,180.3
2005,6,9,12,9,276,14.69,19,0,1,0,0,14.69
2005,6,9,12,9,276,180.3,171.4,0,1,1,0,180.3
2005,6,9,13,9,276,14.69,18,0,1,0,0,14.69
2005,6,9,13,9,276,180.3,161.6,0,1,1,0,180.3
2005,6,9,14,9,276,14.69,17.4,0,1,0,0,14.69
2005,6,9,14,9,276,180.3,156.3,0,1,1,0,180.3
2005,6,9,15,9,276,14.69,26.1,0,1,0,0,14.69
2005,6,9,15,9,276,180.3,235.3,0,1,1,0,180.3
2005,6,9,16,9,276,14.69,27.2,0,1,0,0,14.69
2005,6,9,16,9,276,180.3,245.2,0,1,1,0,180.3
2005,6,9,17,9,276,14.69,26.5,0,1,0,0,14.69
2005,6,9,17,9,276,180.3,238.8,0,1,1,0,180.3
2005,6,9,18,9,276,14.69,26.5,0,1,0,0,14.69
2005,6,9,18,9,276,180.3,238.1,0,1,1,0,180.3
2005,6,9,19,9,276,14.69,25,0,1,0,0,14.69
2005,6,9,19,9,276,180.3,224.6,0,1,1,0,180.3
2005,6,9,20,9,276,14.69,25.3,0,1,0,0,14.69
2005,6,9,20,9,276,180.3,227.7,0,1,1,0,180.3
2005,6,9,21,9,276,14.69,26.5,0,1,0,0,14.69
2005,6,9,21,9,276,180.3,238.2,0,1,1,0,180.3
2005,6,9,22,9,276,14.69,29.8,0,1,0,0,14.69
2005,6,9,22,9,276,180.3,268.3,0,1,1,0,180.3
2005,6,9,23,9,276,14.69,36.1,0,1,0,0,14.69
2005,6,9,23,9,276,180.3,325,0,1,1,0,180.3
2005,6,9,24,9,276,14.69,31.8,0,1,0,0,14.69
2005,6,9,24,9,276,180.3,286.5,0,1,1,0,180.3
2005,6,9,1,9,277,120,164.6,0,1,1,0,120
2005,6,9,2,9,277,120,162.3,0,1,1,0,120
2005,6,9,3,9,277,120,158.4,0,1,1,0,120
2005,6,9,4,9,277,120,157.9,0,1,1,0,120
2005,6,9,5,9,277,120,157.2,0,1,1,0,120
2005,6,9,6,9,277,120,161,0,1,1,0,120
2005,6,9,7,9,277,120,178.9,0,1,1,0,120
2005,6,9,8,9,277,120,197.4,0,1,1,0,120
2005,6,9,9,9,277,120,216,0,1,1,0,120
2005,6,9,10,9,277,14.69,215.2,0,1,0,0,14.69
2005,6,9,10,9,277,120,23.9,0,1,1,0,120
2005,6,9,11,9,277,14.69,242.6,0,1,0,0,14.69
2005,6,9,11,9,277,120,27,0,1,1,0,120
2005,6,9,12,9,277,14.69,251.9,0,1,0,0,14.69
2005,6,9,12,9,277,120,28,0,1,1,0,120
2005,6,9,13,9,277,14.69,253.6,0,1,0,0,14.69
2005,6,9,13,9,277,120,28.2,0,1,1,0,120
2005,6,9,14,9,277,14.69,238.6,0,1,0,0,14.69
2005,6,9,14,9,277,120,26.5,0,1,1,0,120
2005,6,9,15,9,277,14.69,206.2,0,1,0,0,14.69
2005,6,9,15,9,277,120,22.9,0,1,1,0,120
2005,6,9,16,9,277,14.69,207,0,1,0,0,14.69
2005,6,9,16,9,277,120,23,0,1,1,0,120
2005,6,9,17,9,277,14.69,211.1,0,1,0,0,14.69
2005,6,9,17,9,277,120,23.5,0,1,1,0,120
2005,6,9,18,9,277,14.69,212.9,0,1,0,0,14.69
2005,6,9,18,9,277,120,23.7,0,1,1,0,120
2005,6,9,19,9,277,14.69,207.9,0,1,0,0,14.69
2005,6,9,19,9,277,120,23.1,0,1,1,0,120
2005,6,9,20,9,277,14.69,201.9,0,1,0,0,14.69
2005,6,9,20,9,277,120,22.4,0,1,1,0,120
2005,6,9,21,9,277,14.69,195.6,0,1,0,0,14.69
2005,6,9,21,9,277,120,21.7,0,1,1,0,120
2005,6,9,22,9,277,14.69,178.6,0,1,0,0,14.69
2005,6,9,22,9,277,120,19.8,0,1,1,0,120
2005,6,9,23,9,277,14.69,161.2,0,1,0,0,14.69
2005,6,9,23,9,277,120,17.9,0,1,1,0,120
2005,6,9,24,9,277,14.69,154.2,0,1,0,0,14.69
2005,6,9,24,9,277,120,17.1,0,1,1,0,120
2005,6,9,1,6,278,20.51,.5,0,1,0,0,20.51
2005,6,9,1,6,278,61.52,.2,0,1,1,0,61.52
2005,6,9,1,6,278,82.02,.3,0,1,1,0,82.02
2005,6,9,2,6,278,12.43,.7,0,1,0,0,12.43
2005,6,9,2,6,278,37.28,.2,0,1,0,0,37.28
2005,6,9,2,6,278,49.7,.1,0,1,1,0,49.7
2005,6,9,3,6,278,12.43,.8,0,1,0,0,12.43
2005,6,9,3,6,278,37.28,.2,0,1,1,0,37.28
2005,6,9,4,6,278,12.43,.8,0,1,0,0,12.43
2005,6,9,4,6,278,37.28,.2,0,1,1,0,37.28
2005,6,9,5,6,278,12.43,.8,0,1,0,0,12.43
2005,6,9,5,6,278,37.28,.2,0,1,1,0,37.28
2005,6,9,6,6,278,12.43,.8,0,1,0,0,12.43
2005,6,9,6,6,278,37.28,.2,0,1,0,0,37.28
2005,6,9,7,6,278,12.43,.9,0,1,0,0,12.43
2005,6,9,7,6,278,37.28,.1,0,1,0,0,37.28
2005,6,9,8,6,278,12.43,.9,0,1,0,0,12.43
2005,6,9,8,6,278,37.28,.1,0,1,0,0,37.28
2005,6,9,9,6,278,22.22,.9,0,1,0,0,22.22
2005,6,9,9,6,278,62.67,.1,0,1,0,0,62.67
2005,6,9,10,6,278,22.19,.9,0,1,0,0,22.19
2005,6,9,10,6,278,62.64,.1,0,1,0,0,62.64
2005,6,9,11,6,278,27.36,.9,0,1,0,0,27.36
2005,6,9,11,6,278,78.14,.1,0,1,0,0,78.14
2005,6,9,12,6,278,27.35,.8,0,1,0,0,27.35
2005,6,9,12,6,278,78.13,.2,0,1,0,0,78.13
2005,6,9,13,6,278,27.34,.8,0,1,0,0,27.34
2005,6,9,13,6,278,78.12,.2,0,1,0,0,78.12
2005,6,9,14,6,278,22.16,.8,0,1,0,0,22.16
2005,6,9,14,6,278,62.61,.2,0,1,0,0,62.61
2005,6,9,15,6,278,22.17,.8,0,1,0,0,22.17
2005,6,9,15,6,278,62.62,.2,0,1,0,0,62.62
2005,6,9,16,6,278,22.18,.8,0,1,0,0,22.18
2005,6,9,16,6,278,62.63,.2,0,1,0,0,62.63
2005,6,9,17,6,278,22.18,.7,0,1,0,0,22.18
2005,6,9,17,6,278,62.63,.3,0,1,0,0,62.63
2005,6,9,17,6,278,82.85,.1,0,1,1,0,82.85
2005,6,9,18,6,278,22.18,.7,0,1,0,0,22.18
2005,6,9,18,6,278,62.63,.3,0,1,0,0,62.63
2005,6,9,18,6,278,82.85,.1,0,1,0,0,82.85
2005,6,9,19,6,278,22.18,.8,0,1,0,0,22.18
2005,6,9,19,6,278,62.63,.2,0,1,0,0,62.63
2005,6,9,20,6,278,22.18,.9,0,1,0,0,22.18
2005,6,9,20,6,278,62.63,.1,0,1,0,0,62.63
2005,6,9,21,6,278,22.18,.9,0,1,0,0,22.18
2005,6,9,21,6,278,62.63,.1,0,1,0,0,62.63
2005,6,9,22,6,278,22.16,.9,0,1,0,0,22.16
2005,6,9,22,6,278,62.61,.1,0,1,0,0,62.61
2005,6,9,23,6,278,22.07,.9,0,1,0,0,22.07
2005,6,9,23,6,278,62.52,.1,0,1,0,0,62.52
2005,6,9,24,6,278,22.16,.9,0,1,0,0,22.16
2005,6,9,24,6,278,62.61,.1,0,1,1,0,62.61
2005,6,9,1,6,279,0,25,0,2,1,0,0
2005,6,9,2,6,279,0,25,0,2,1,0,0
2005,6,9,3,6,279,0,25,0,2,1,0,0
2005,6,9,4,6,279,0,25,0,2,1,0,0
2005,6,9,5,6,279,0,25,0,2,1,0,0
2005,6,9,6,6,279,0,25,0,2,1,0,0
2005,6,9,7,6,279,0,25,0,2,1,0,0
2005,6,9,8,6,279,0,25,0,2,1,0,0
2005,6,9,9,6,279,0,25,0,2,1,0,0
2005,6,9,10,6,279,0,25,0,2,1,0,0
2005,6,9,11,6,279,0,25,0,2,1,0,0
2005,6,9,12,6,279,0,25,0,2,1,0,0
2005,6,9,13,6,279,0,25,0,2,1,0,0
2005,6,9,14,6,279,0,25,0,2,1,0,0
2005,6,9,15,6,279,0,25,0,2,1,0,0
2005,6,9,16,6,279,0,25,0,2,1,0,0
2005,6,9,17,6,279,0,25,0,2,1,0,0
2005,6,9,18,6,279,0,25,0,2,1,0,0
2005,6,9,19,6,279,0,25,0,2,1,0,0
2005,6,9,20,6,279,0,25,0,2,1,0,0
2005,6,9,21,6,279,0,25,0,2,1,0,0
2005,6,9,22,6,279,0,25,0,2,1,0,0
2005,6,9,23,6,279,0,25,0,2,1,0,0
2005,6,9,24,6,279,0,25,0,2,1,0,0
2005,6,9,1,6,280,0,53.5,0,2,1,0,0
2005,6,9,2,6,280,0,53.5,0,2,1,0,0
2005,6,9,3,6,280,0,53.5,0,2,1,0,0
2005,6,9,4,6,280,0,58.5,0,2,1,0,0
2005,6,9,5,6,280,0,73.5,0,2,1,0,0
2005,6,9,6,6,280,0,53.5,0,2,1,0,0
2005,6,9,7,6,280,0,53.5,0,2,1,0,0
2005,6,9,8,6,280,0,53.5,0,2,1,0,0
2005,6,9,9,6,280,0,272.8,0,2,1,0,0
2005,6,9,10,6,280,0,272.8,0,2,1,0,0
2005,6,9,11,6,280,0,272.8,0,2,1,0,0
2005,6,9,12,6,280,0,272.8,0,2,1,0,0
2005,6,9,13,6,280,0,272.8,0,2,1,0,0
2005,6,9,14,6,280,0,272.8,0,2,1,0,0
2005,6,9,15,6,280,0,272.8,0,2,1,0,0
2005,6,9,16,6,280,0,272.8,0,2,1,0,0
2005,6,9,17,6,280,0,272.8,0,2,1,0,0
2005,6,9,18,6,280,0,272.8,0,2,1,0,0
2005,6,9,19,6,280,0,272.8,0,2,1,0,0
2005,6,9,20,6,280,0,272.8,0,2,1,0,0
2005,6,9,21,6,280,0,272.8,0,2,1,0,0
2005,6,9,22,6,280,0,272.8,0,2,1,0,0
2005,6,9,23,6,280,0,272.8,0,2,1,0,0
2005,6,9,24,6,280,0,272.8,0,2,1,0,0
2005,6,9,1,8,281,0,158.7,0,2,1,0,0
2005,6,9,1,8,281,180.3,628.8,0,2,0,0,180.3
2005,6,9,2,8,281,0,166.5,0,2,1,0,0
2005,6,9,2,8,281,180.3,621,0,2,0,0,180.3
2005,6,9,3,8,281,0,163.3,0,2,1,0,0
2005,6,9,3,8,281,180.3,624.2,0,2,0,0,180.3
2005,6,9,4,8,281,0,159.2,0,2,1,0,0
2005,6,9,4,8,281,180.3,628.3,0,2,0,0,180.3
2005,6,9,5,8,281,0,149.1,0,2,1,0,0
2005,6,9,5,8,281,180.3,638.4,0,2,0,0,180.3
2005,6,9,6,8,281,0,151.3,0,2,1,0,0
2005,6,9,6,8,281,180.3,636.2,0,2,0,0,180.3
2005,6,9,7,8,281,0,172.5,0,2,1,0,0
2005,6,9,7,8,281,180.3,615,0,2,0,0,180.3
2005,6,9,8,8,281,0,163,0,2,1,0,0
2005,6,9,8,8,281,180.3,622.3,0,2,0,0,180.3
2005,6,9,9,8,281,0,136.4,0,2,1,0,0
2005,6,9,9,8,281,180.3,639.1,0,2,0,0,180.3
2005,6,9,10,8,281,0,129.2,0,2,1,0,0
2005,6,9,10,8,281,180.3,643.8,0,2,0,0,180.3
2005,6,9,11,8,281,0,116.4,0,2,1,0,0
2005,6,9,11,8,281,180.3,656.6,0,2,0,0,180.3
2005,6,9,12,8,281,0,107.6,0,2,1,0,0
2005,6,9,12,8,281,180.3,665.4,0,2,0,0,180.3
2005,6,9,13,8,281,0,91.4,0,2,1,0,0
2005,6,9,13,8,281,180.3,681.6,0,2,0,0,180.3
2005,6,9,14,8,281,0,81.7,0,2,1,0,0
2005,6,9,14,8,281,180.3,663.9,0,2,0,0,180.3
2005,6,9,15,8,281,0,71.4,0,2,1,0,0
2005,6,9,15,8,281,180.3,701.6,0,2,0,0,180.3
2005,6,9,16,8,281,0,60.9,0,2,1,0,0
2005,6,9,16,8,281,180.3,712.1,0,2,0,0,180.3
2005,6,9,17,8,281,0,63,0,2,1,0,0
2005,6,9,17,8,281,180.3,710.9,0,2,0,0,180.3
2005,6,9,18,8,281,0,71.4,0,2,1,0,0
2005,6,9,18,8,281,180.3,707.8,0,2,0,0,180.3
2005,6,9,19,8,281,0,81.9,0,2,1,0,0
2005,6,9,19,8,281,180.3,705.6,0,2,0,0,180.3
2005,6,9,20,8,281,0,92.9,0,2,1,0,0
2005,6,9,20,8,281,180.3,694.6,0,2,0,0,180.3
2005,6,9,21,8,281,0,102.6,0,2,1,0,0
2005,6,9,21,8,281,180.3,684.9,0,2,0,0,180.3
2005,6,9,22,8,281,0,115.3,0,2,1,0,0
2005,6,9,22,8,281,180.3,672.2,0,2,0,0,180.3
2005,6,9,23,8,281,0,128.1,0,2,1,0,0
2005,6,9,23,8,281,180.3,659.4,0,2,0,0,180.3
2005,6,9,24,8,281,0,136.7,0,2,1,0,0
2005,6,9,24,8,281,180.3,650.8,0,2,0,0,180.3
2005,6,9,1,9,282,0,3.4,0,2,1,0,0
2005,6,9,2,9,282,0,3.4,0,2,1,0,0
2005,6,9,3,9,282,0,3.4,0,2,1,0,0
2005,6,9,4,9,282,0,3.4,0,2,1,0,0
2005,6,9,5,9,282,0,3.4,0,2,1,0,0
2005,6,9,6,9,282,0,3.4,0,2,1,0,0
2005,6,9,7,9,282,0,3.4,0,2,1,0,0
2005,6,9,8,9,282,0,3.4,0,2,1,0,0
2005,6,9,9,9,282,0,3.4,0,2,1,0,0
2005,6,9,10,9,282,0,3.4,0,2,1,0,0
2005,6,9,11,9,282,0,3.4,0,2,1,0,0
2005,6,9,12,9,282,0,3.4,0,2,1,0,0
2005,6,9,13,9,282,0,3.4,0,2,1,0,0
2005,6,9,14,9,282,0,3.4,0,2,1,0,0
2005,6,9,15,9,282,0,3.4,0,2,1,0,0
2005,6,9,16,9,282,0,3.4,0,2,1,0,0
2005,6,9,17,9,282,0,3.4,0,2,1,0,0
2005,6,9,18,9,282,0,3.4,0,2,1,0,0
2005,6,9,19,9,282,0,3.4,0,2,1,0,0
2005,6,9,20,9,282,0,3.4,0,2,1,0,0
2005,6,9,21,9,282,0,3.4,0,2,1,0,0
2005,6,9,22,9,282,0,3.4,0,2,1,0,0
2005,6,9,23,9,282,0,3.4,0,2,1,0,0
2005,6,9,24,9,282,0,3.4,0,2,1,0,0
2005,6,9,1,9,283,0,4.3,0,2,1,0,0
2005,6,9,2,9,283,0,1.1,0,2,1,0,0
2005,6,9,3,9,283,0,.1,0,2,1,0,0
2005,6,9,4,9,283,0,.1,0,2,1,0,0
2005,6,9,5,9,283,0,.1,0,2,1,0,0
2005,6,9,6,9,283,0,.1,0,2,1,0,0
2005,6,9,7,9,283,0,.4,0,2,1,0,0
2005,6,9,8,9,283,0,.6,0,2,1,0,0
2005,6,9,9,9,283,0,.6,0,2,1,0,0
2005,6,9,10,9,283,0,.2,0,2,1,0,0
2005,6,9,11,9,283,0,.1,0,2,1,0,0
2005,6,9,12,9,283,0,.1,0,2,1,0,0
2005,6,9,13,9,283,0,.1,0,2,1,0,0
2005,6,9,14,9,283,0,.1,0,2,1,0,0
2005,6,9,15,9,283,0,.1,0,2,1,0,0
2005,6,9,16,9,283,0,1.8,0,2,1,0,0
2005,6,9,17,9,283,0,5.3,0,2,1,0,0
2005,6,9,18,9,283,0,9.2,0,2,1,0,0
2005,6,9,19,9,283,0,12.2,0,2,1,0,0
2005,6,9,20,9,283,0,14.4,0,2,1,0,0
2005,6,9,21,9,283,0,16.6,0,2,1,0,0
2005,6,9,22,9,283,0,17.2,0,2,1,0,0
2005,6,9,23,9,283,0,16.9,0,2,1,0,0
2005,6,9,24,9,283,0,14.9,0,2,1,0,0
2005,6,9,1,9,284,0,3,0,2,1,0,0
2005,6,9,2,9,284,0,3,0,2,1,0,0
2005,6,9,3,9,284,0,3,0,2,1,0,0
2005,6,9,4,9,284,0,3,0,2,1,0,0
2005,6,9,5,9,284,0,3,0,2,1,0,0
2005,6,9,6,9,284,0,3,0,2,1,0,0
2005,6,9,7,9,284,0,3,0,2,1,0,0
2005,6,9,8,9,284,0,3,0,2,1,0,0
2005,6,9,9,9,284,0,3,0,2,1,0,0
2005,6,9,10,9,284,0,3,0,2,1,0,0
2005,6,9,11,9,284,0,3,0,2,1,0,0
2005,6,9,12,9,284,0,3,0,2,1,0,0
2005,6,9,13,9,284,0,2.6,0,2,1,0,0
2005,6,9,14,9,284,0,2.5,0,2,1,0,0
2005,6,9,15,9,284,0,2.5,0,2,1,0,0
2005,6,9,16,9,284,0,2.5,0,2,1,0,0
2005,6,9,17,9,284,0,2.5,0,2,1,0,0
2005,6,9,18,9,284,0,2.5,0,2,1,0,0
2005,6,9,19,9,284,0,2.5,0,2,1,0,0
2005,6,9,20,9,284,0,3,0,2,1,0,0
2005,6,9,21,9,284,0,3,0,2,1,0,0
2005,6,9,22,9,284,0,3,0,2,1,0,0
2005,6,9,23,9,284,0,2.7,0,2,1,0,0
2005,6,9,24,9,284,0,3,0,2,1,0,0
