year,month,day,hour,firm_code,id,price,mwh,erate,direction,accepted,rejected,mg_cost
2005,6,8,1,3,1001,0,180,1.12757,2,1,0,0
2005,6,8,1,3,1001,31.25,30,1.12757,2,1,0,43.078351
2005,6,8,1,3,1001,32.48,30,1.12757,2,1,0,43.078351
2005,6,8,1,3,1001,36.48,50,1.12757,2,1,0,43.078351
2005,6,8,1,3,1001,39.48,40,1.12757,2,1,0,43.078351
2005,6,8,1,3,1001,180.3,20,1.12757,2,0,0,180.3
2005,6,8,2,3,1001,0,180,1.12757,2,1,0,0
2005,6,8,2,3,1001,31.25,30,1.12757,2,1,0,43.078351
2005,6,8,2,3,1001,32.48,30,1.12757,2,1,0,43.078351
2005,6,8,2,3,1001,36.48,50,1.12757,2,1,0,43.078351
2005,6,8,2,3,1001,39.48,40,1.12757,2,1,0,43.078351
2005,6,8,2,3,1001,180.3,20,1.12757,2,0,0,180.3
2005,6,8,3,3,1001,0,180,1.12757,2,1,0,0
2005,6,8,3,3,1001,31.25,30,1.12757,2,1,0,43.078351
2005,6,8,3,3,1001,32.48,30,1.12757,2,1,0,43.078351
2005,6,8,3,3,1001,36.48,50,1.12757,2,1,0,43.078351
2005,6,8,3,3,1001,39.48,40,1.12757,2,0,0,43.078351
2005,6,8,3,3,1001,180.3,20,1.12757,2,0,0,180.3
2005,6,8,4,3,1001,0,180,1.12757,2,1,0,0
2005,6,8,4,3,1001,31.25,30,1.12757,2,1,0,43.078351
2005,6,8,4,3,1001,32.48,30,1.12757,2,1,0,43.078351
2005,6,8,4,3,1001,36.48,50,1.12757,2,1,0,43.078351
2005,6,8,4,3,1001,39.48,40,1.12757,2,0,0,43.078351
2005,6,8,4,3,1001,180.3,20,1.12757,2,0,0,180.3
2005,6,8,5,3,1001,0,180,1.12757,2,1,0,0
2005,6,8,5,3,1001,31.25,30,1.12757,2,1,0,43.078351
2005,6,8,5,3,1001,32.48,30,1.12757,2,1,0,43.078351
2005,6,8,5,3,1001,36.48,50,1.12757,2,1,0,43.078351
2005,6,8,5,3,1001,39.48,40,1.12757,2,0,0,43.078351
2005,6,8,5,3,1001,180.3,20,1.12757,2,0,0,180.3
2005,6,8,6,3,1001,0,180,1.12757,2,1,0,0
2005,6,8,6,3,1001,31.25,30,1.12757,2,1,0,43.078351
2005,6,8,6,3,1001,32.48,30,1.12757,2,1,0,43.078351
2005,6,8,6,3,1001,36.48,50,1.12757,2,1,0,43.078351
2005,6,8,6,3,1001,39.48,40,1.12757,2,0,0,43.078351
2005,6,8,6,3,1001,180.3,20,1.12757,2,0,0,180.3
2005,6,8,7,3,1001,0,180,1.12757,2,1,0,0
2005,6,8,7,3,1001,31.25,30,1.12757,2,1,0,43.078351
2005,6,8,7,3,1001,32.48,30,1.12757,2,1,0,43.078351
2005,6,8,7,3,1001,36.48,50,1.12757,2,1,0,43.078351
2005,6,8,7,3,1001,39.48,40,1.12757,2,1,0,43.078351
2005,6,8,7,3,1001,180.3,20,1.12757,2,0,0,180.3
2005,6,8,8,3,1001,0,250,1.12757,2,1,0,0
2005,6,8,8,3,1001,31.25,20,1.12757,2,1,0,43.078351
2005,6,8,8,3,1001,32.48,20,1.12757,2,1,0,43.078351
2005,6,8,8,3,1001,36.48,20,1.12757,2,1,0,43.078351
2005,6,8,8,3,1001,39.48,20,1.12757,2,1,0,43.078351
2005,6,8,8,3,1001,180.3,20,1.12757,2,0,0,180.3
2005,6,8,9,3,1001,0,290,1.12757,2,1,0,0
2005,6,8,9,3,1001,31.25,10,1.12757,2,1,0,43.078351
2005,6,8,9,3,1001,32.48,10,1.12757,2,1,0,43.078351
2005,6,8,9,3,1001,36.48,10,1.12757,2,1,0,43.078351
2005,6,8,9,3,1001,39.48,10,1.12757,2,1,0,43.078351
2005,6,8,9,3,1001,180.3,20,1.12757,2,0,0,180.3
2005,6,8,10,3,1001,0,330,1.12757,2,1,0,0
2005,6,8,10,3,1001,180.3,20,1.12757,2,0,0,180.3
2005,6,8,11,3,1001,0,330,1.12757,2,1,0,0
2005,6,8,11,3,1001,180.3,20,1.12757,2,0,0,180.3
2005,6,8,12,3,1001,0,330,1.12757,2,1,0,0
2005,6,8,12,3,1001,180.3,20,1.12757,2,0,0,180.3
2005,6,8,13,3,1001,0,330,1.12757,2,1,0,0
2005,6,8,13,3,1001,180.3,20,1.12757,2,0,0,180.3
2005,6,8,14,3,1001,0,330,1.12757,2,1,0,0
2005,6,8,14,3,1001,180.3,20,1.12757,2,0,0,180.3
2005,6,8,15,3,1001,0,290,1.12757,2,1,0,0
2005,6,8,15,3,1001,31.25,20,1.12757,2,1,0,43.078351
2005,6,8,15,3,1001,32.48,10,1.12757,2,1,0,43.078351
2005,6,8,15,3,1001,36.48,10,1.12757,2,1,0,43.078351
2005,6,8,15,3,1001,180.3,20,1.12757,2,0,0,180.3
2005,6,8,16,3,1001,0,290,1.12757,2,1,0,0
2005,6,8,16,3,1001,31.25,20,1.12757,2,1,0,43.078351
2005,6,8,16,3,1001,32.48,10,1.12757,2,1,0,43.078351
2005,6,8,16,3,1001,36.48,10,1.12757,2,1,0,43.078351
2005,6,8,16,3,1001,180.3,20,1.12757,2,0,0,180.3
2005,6,8,17,3,1001,0,290,1.12757,2,1,0,0
2005,6,8,17,3,1001,31.25,20,1.12757,2,1,0,43.078351
2005,6,8,17,3,1001,32.48,10,1.12757,2,1,0,43.078351
2005,6,8,17,3,1001,36.48,10,1.12757,2,1,0,43.078351
2005,6,8,17,3,1001,180.3,20,1.12757,2,0,0,180.3
2005,6,8,18,3,1001,0,290,1.12757,2,1,0,0
2005,6,8,18,3,1001,31.25,20,1.12757,2,1,0,43.078351
2005,6,8,18,3,1001,32.48,10,1.12757,2,1,0,43.078351
2005,6,8,18,3,1001,36.48,10,1.12757,2,1,0,43.078351
2005,6,8,18,3,1001,180.3,20,1.12757,2,0,0,180.3
2005,6,8,19,3,1001,0,290,1.12757,2,1,0,0
2005,6,8,19,3,1001,31.25,20,1.12757,2,1,0,43.078351
2005,6,8,19,3,1001,32.48,10,1.12757,2,1,0,43.078351
2005,6,8,19,3,1001,36.48,10,1.12757,2,1,0,43.078351
2005,6,8,19,3,1001,180.3,20,1.12757,2,0,0,180.3
2005,6,8,20,3,1001,0,290,1.12757,2,1,0,0
2005,6,8,20,3,1001,31.25,20,1.12757,2,1,0,43.078351
2005,6,8,20,3,1001,32.48,10,1.12757,2,1,0,43.078351
2005,6,8,20,3,1001,36.48,10,1.12757,2,1,0,43.078351
2005,6,8,20,3,1001,180.3,20,1.12757,2,0,0,180.3
2005,6,8,21,3,1001,0,290,1.12757,2,1,0,0
2005,6,8,21,3,1001,31.25,20,1.12757,2,1,0,43.078351
2005,6,8,21,3,1001,32.48,10,1.12757,2,1,0,43.078351
2005,6,8,21,3,1001,36.48,10,1.12757,2,1,0,43.078351
2005,6,8,21,3,1001,180.3,20,1.12757,2,0,0,180.3
2005,6,8,22,3,1001,0,330,1.12757,2,1,0,0
2005,6,8,22,3,1001,180.3,20,1.12757,2,0,0,180.3
2005,6,8,23,3,1001,0,330,1.12757,2,1,0,0
2005,6,8,23,3,1001,180.3,20,1.12757,2,0,0,180.3
2005,6,8,24,3,1001,0,330,1.12757,2,1,0,0
2005,6,8,24,3,1001,180.3,20,1.12757,2,0,0,180.3
2005,6,8,1,3,1002,0,400,1.12757,2,1,0,0
2005,6,8,1,3,1002,28.55,30,1.12757,2,1,0,42.439722
2005,6,8,1,3,1002,29.55,30,1.12757,2,1,0,42.439722
2005,6,8,1,3,1002,30.55,30,1.12757,2,1,0,42.439722
2005,6,8,1,3,1002,31.55,35,1.12757,2,1,0,42.439722
2005,6,8,1,3,1002,180.3,10,1.12757,2,0,0,180.3
2005,6,8,2,3,1002,0,400,1.12757,2,1,0,0
2005,6,8,2,3,1002,28.55,30,1.12757,2,1,0,42.439722
2005,6,8,2,3,1002,29.55,30,1.12757,2,1,0,42.439722
2005,6,8,2,3,1002,30.55,30,1.12757,2,1,0,42.439722
2005,6,8,2,3,1002,31.55,35,1.12757,2,1,0,42.439722
2005,6,8,2,3,1002,180.3,10,1.12757,2,0,0,180.3
2005,6,8,3,3,1002,0,400,1.12757,2,1,0,0
2005,6,8,3,3,1002,28.55,30,1.12757,2,1,0,42.439722
2005,6,8,3,3,1002,29.55,30,1.12757,2,1,0,42.439722
2005,6,8,3,3,1002,30.55,30,1.12757,2,1,0,42.439722
2005,6,8,3,3,1002,31.55,35,1.12757,2,1,0,42.439722
2005,6,8,3,3,1002,180.3,10,1.12757,2,0,0,180.3
2005,6,8,4,3,1002,0,400,1.12757,2,1,0,0
2005,6,8,4,3,1002,28.55,30,1.12757,2,1,0,42.439722
2005,6,8,4,3,1002,29.55,30,1.12757,2,1,0,42.439722
2005,6,8,4,3,1002,30.55,30,1.12757,2,1,0,42.439722
2005,6,8,4,3,1002,31.55,35,1.12757,2,1,0,42.439722
2005,6,8,4,3,1002,180.3,10,1.12757,2,0,0,180.3
2005,6,8,5,3,1002,0,400,1.12757,2,1,0,0
2005,6,8,5,3,1002,28.55,30,1.12757,2,1,0,42.439722
2005,6,8,5,3,1002,29.55,30,1.12757,2,1,0,42.439722
2005,6,8,5,3,1002,30.55,30,1.12757,2,1,0,42.439722
2005,6,8,5,3,1002,31.55,35,1.12757,2,1,0,42.439722
2005,6,8,5,3,1002,180.3,10,1.12757,2,0,0,180.3
2005,6,8,6,3,1002,0,400,1.12757,2,1,0,0
2005,6,8,6,3,1002,28.55,30,1.12757,2,1,0,42.439722
2005,6,8,6,3,1002,29.55,30,1.12757,2,1,0,42.439722
2005,6,8,6,3,1002,30.55,30,1.12757,2,1,0,42.439722
2005,6,8,6,3,1002,31.55,35,1.12757,2,1,0,42.439722
2005,6,8,6,3,1002,180.3,10,1.12757,2,0,0,180.3
2005,6,8,7,3,1002,0,400,1.12757,2,1,0,0
2005,6,8,7,3,1002,28.55,30,1.12757,2,1,0,42.439722
2005,6,8,7,3,1002,29.55,30,1.12757,2,1,0,42.439722
2005,6,8,7,3,1002,30.55,30,1.12757,2,1,0,42.439722
2005,6,8,7,3,1002,31.55,35,1.12757,2,1,0,42.439722
2005,6,8,7,3,1002,180.3,10,1.12757,2,0,0,180.3
2005,6,8,8,3,1002,0,490,1.12757,2,1,0,0
2005,6,8,8,3,1002,28.55,10,1.12757,2,1,0,42.439722
2005,6,8,8,3,1002,29.55,10,1.12757,2,1,0,42.439722
2005,6,8,8,3,1002,30.55,10,1.12757,2,1,0,42.439722
2005,6,8,8,3,1002,31.55,5,1.12757,2,1,0,42.439722
2005,6,8,8,3,1002,180.3,10,1.12757,2,0,0,180.3
2005,6,8,9,3,1002,0,525,1.12757,2,1,0,0
2005,6,8,9,3,1002,180.3,10,1.12757,2,0,0,180.3
2005,6,8,10,3,1002,0,525,1.12757,2,1,0,0
2005,6,8,10,3,1002,180.3,10,1.12757,2,0,0,180.3
2005,6,8,11,3,1002,0,525,1.12757,2,1,0,0
2005,6,8,11,3,1002,180.3,10,1.12757,2,0,0,180.3
2005,6,8,12,3,1002,0,525,1.12757,2,1,0,0
2005,6,8,12,3,1002,180.3,10,1.12757,2,0,0,180.3
2005,6,8,13,3,1002,0,525,1.12757,2,1,0,0
2005,6,8,13,3,1002,180.3,10,1.12757,2,0,0,180.3
2005,6,8,14,3,1002,0,525,1.12757,2,1,0,0
2005,6,8,14,3,1002,180.3,10,1.12757,2,0,0,180.3
2005,6,8,15,3,1002,0,525,1.12757,2,1,0,0
2005,6,8,15,3,1002,180.3,10,1.12757,2,0,0,180.3
2005,6,8,16,3,1002,0,525,1.12757,2,1,0,0
2005,6,8,16,3,1002,180.3,10,1.12757,2,0,0,180.3
2005,6,8,17,3,1002,0,525,1.12757,2,1,0,0
2005,6,8,17,3,1002,180.3,10,1.12757,2,0,0,180.3
2005,6,8,18,3,1002,0,525,1.12757,2,1,0,0
2005,6,8,18,3,1002,180.3,10,1.12757,2,0,0,180.3
2005,6,8,19,3,1002,0,525,1.12757,2,1,0,0
2005,6,8,19,3,1002,180.3,10,1.12757,2,0,0,180.3
2005,6,8,20,3,1002,0,525,1.12757,2,1,0,0
2005,6,8,20,3,1002,180.3,10,1.12757,2,0,0,180.3
2005,6,8,21,3,1002,0,525,1.12757,2,1,0,0
2005,6,8,21,3,1002,180.3,10,1.12757,2,0,0,180.3
2005,6,8,22,3,1002,0,525,1.12757,2,1,0,0
2005,6,8,22,3,1002,180.3,10,1.12757,2,0,0,180.3
2005,6,8,23,3,1002,0,525,1.12757,2,1,0,0
2005,6,8,23,3,1002,180.3,10,1.12757,2,0,0,180.3
2005,6,8,24,3,1002,0,525,1.12757,2,1,0,0
2005,6,8,24,3,1002,180.3,10,1.12757,2,0,0,180.3
2005,6,8,1,1,1003,112.87,150.5,.761947,2,0,0,68.247131
2005,6,8,2,1,1003,112.87,150.5,.761947,2,0,0,68.247131
2005,6,8,3,1,1003,112.87,150.5,.761947,2,0,0,68.247131
2005,6,8,4,1,1003,112.87,150.5,.761947,2,0,0,68.247131
2005,6,8,5,1,1003,112.87,150.5,.761947,2,0,0,68.247131
2005,6,8,6,1,1003,112.87,150.5,.761947,2,0,0,68.247131
2005,6,8,7,1,1003,112.87,150.5,.761947,2,0,0,68.247131
2005,6,8,8,1,1003,112.87,150.5,.761947,2,0,0,68.247131
2005,6,8,9,1,1003,112.87,150.5,.761947,2,0,0,68.247131
2005,6,8,10,1,1003,112.87,150.5,.761947,2,0,0,68.247131
2005,6,8,11,1,1003,112.87,150.5,.761947,2,0,0,68.247131
2005,6,8,12,1,1003,112.87,150.5,.761947,2,0,0,68.247131
2005,6,8,13,1,1003,112.87,150.5,.761947,2,0,0,68.247131
2005,6,8,14,1,1003,112.87,150.5,.761947,2,0,0,68.247131
2005,6,8,15,1,1003,112.87,150.5,.761947,2,0,0,68.247131
2005,6,8,16,1,1003,112.87,150.5,.761947,2,0,0,68.247131
2005,6,8,17,1,1003,112.87,150.5,.761947,2,0,0,68.247131
2005,6,8,18,1,1003,112.87,150.5,.761947,2,0,0,68.247131
2005,6,8,19,1,1003,112.87,150.5,.761947,2,0,0,68.247131
2005,6,8,20,1,1003,112.87,150.5,.761947,2,0,0,68.247131
2005,6,8,21,1,1003,112.87,150.5,.761947,2,0,0,68.247131
2005,6,8,22,1,1003,112.87,150.5,.761947,2,0,0,68.247131
2005,6,8,23,1,1003,112.87,150.5,.761947,2,0,0,68.247131
2005,6,8,24,1,1003,112.87,150.5,.761947,2,0,0,68.247131
2005,6,8,1,4,1003,112.87,150.5,.761947,2,0,0,68.247131
2005,6,8,2,4,1003,112.87,150.5,.761947,2,0,0,68.247131
2005,6,8,3,4,1003,112.87,150.5,.761947,2,0,0,68.247131
2005,6,8,4,4,1003,112.87,150.5,.761947,2,0,0,68.247131
2005,6,8,5,4,1003,112.87,150.5,.761947,2,0,0,68.247131
2005,6,8,6,4,1003,112.87,150.5,.761947,2,0,0,68.247131
2005,6,8,7,4,1003,112.87,150.5,.761947,2,0,0,68.247131
2005,6,8,8,4,1003,112.87,150.5,.761947,2,0,0,68.247131
2005,6,8,9,4,1003,112.87,150.5,.761947,2,0,0,68.247131
2005,6,8,10,4,1003,112.87,150.5,.761947,2,0,0,68.247131
2005,6,8,11,4,1003,112.87,150.5,.761947,2,0,0,68.247131
2005,6,8,12,4,1003,112.87,150.5,.761947,2,0,0,68.247131
2005,6,8,13,4,1003,112.87,150.5,.761947,2,0,0,68.247131
2005,6,8,14,4,1003,112.87,150.5,.761947,2,0,0,68.247131
2005,6,8,15,4,1003,112.87,150.5,.761947,2,0,0,68.247131
2005,6,8,16,4,1003,112.87,150.5,.761947,2,0,0,68.247131
2005,6,8,17,4,1003,112.87,150.5,.761947,2,0,0,68.247131
2005,6,8,18,4,1003,112.87,150.5,.761947,2,0,0,68.247131
2005,6,8,19,4,1003,112.87,150.5,.761947,2,0,0,68.247131
2005,6,8,20,4,1003,112.87,150.5,.761947,2,0,0,68.247131
2005,6,8,21,4,1003,112.87,150.5,.761947,2,0,0,68.247131
2005,6,8,22,4,1003,112.87,150.5,.761947,2,0,0,68.247131
2005,6,8,23,4,1003,112.87,150.5,.761947,2,0,0,68.247131
2005,6,8,24,4,1003,112.87,150.5,.761947,2,0,0,68.247131
2005,6,8,1,1,1004,138.75,150.9,.761947,2,0,0,138.75
2005,6,8,2,1,1004,138.75,150.9,.761947,2,0,0,138.75
2005,6,8,3,1,1004,138.75,150.9,.761947,2,0,0,138.75
2005,6,8,4,1,1004,138.75,150.9,.761947,2,0,0,138.75
2005,6,8,5,1,1004,138.75,150.9,.761947,2,0,0,138.75
2005,6,8,6,1,1004,138.75,150.9,.761947,2,0,0,138.75
2005,6,8,7,1,1004,138.75,150.9,.761947,2,0,0,138.75
2005,6,8,8,1,1004,138.75,150.9,.761947,2,0,0,138.75
2005,6,8,9,1,1004,138.75,150.9,.761947,2,0,0,138.75
2005,6,8,10,1,1004,138.75,150.9,.761947,2,0,0,138.75
2005,6,8,11,1,1004,138.75,150.9,.761947,2,0,0,138.75
2005,6,8,12,1,1004,138.75,150.9,.761947,2,0,0,138.75
2005,6,8,13,1,1004,138.75,150.9,.761947,2,0,0,138.75
2005,6,8,14,1,1004,138.75,150.9,.761947,2,0,0,138.75
2005,6,8,15,1,1004,138.75,150.9,.761947,2,0,0,138.75
2005,6,8,16,1,1004,138.75,150.9,.761947,2,0,0,138.75
2005,6,8,17,1,1004,138.75,150.9,.761947,2,0,0,138.75
2005,6,8,18,1,1004,138.75,150.9,.761947,2,0,0,138.75
2005,6,8,19,1,1004,138.75,150.9,.761947,2,0,0,138.75
2005,6,8,20,1,1004,138.75,150.9,.761947,2,0,0,138.75
2005,6,8,21,1,1004,138.75,150.9,.761947,2,0,0,138.75
2005,6,8,22,1,1004,138.75,150.9,.761947,2,0,0,138.75
2005,6,8,23,1,1004,138.75,150.9,.761947,2,0,0,138.75
2005,6,8,24,1,1004,138.75,150.9,.761947,2,0,0,138.75
2005,6,8,1,4,1004,138.75,150.9,.761947,2,0,0,138.75
2005,6,8,2,4,1004,138.75,150.9,.761947,2,0,0,138.75
2005,6,8,3,4,1004,138.75,150.9,.761947,2,0,0,138.75
2005,6,8,4,4,1004,138.75,150.9,.761947,2,0,0,138.75
2005,6,8,5,4,1004,138.75,150.9,.761947,2,0,0,138.75
2005,6,8,6,4,1004,138.75,150.9,.761947,2,0,0,138.75
2005,6,8,7,4,1004,138.75,150.9,.761947,2,0,0,138.75
2005,6,8,8,4,1004,138.75,150.9,.761947,2,0,0,138.75
2005,6,8,9,4,1004,138.75,150.9,.761947,2,0,0,138.75
2005,6,8,10,4,1004,138.75,150.9,.761947,2,0,0,138.75
2005,6,8,11,4,1004,138.75,150.9,.761947,2,0,0,138.75
2005,6,8,12,4,1004,138.75,150.9,.761947,2,0,0,138.75
2005,6,8,13,4,1004,138.75,150.9,.761947,2,0,0,138.75
2005,6,8,14,4,1004,138.75,150.9,.761947,2,0,0,138.75
2005,6,8,15,4,1004,138.75,150.9,.761947,2,0,0,138.75
2005,6,8,16,4,1004,138.75,150.9,.761947,2,0,0,138.75
2005,6,8,17,4,1004,138.75,150.9,.761947,2,0,0,138.75
2005,6,8,18,4,1004,138.75,150.9,.761947,2,0,0,138.75
2005,6,8,19,4,1004,138.75,150.9,.761947,2,0,0,138.75
2005,6,8,20,4,1004,138.75,150.9,.761947,2,0,0,138.75
2005,6,8,21,4,1004,138.75,150.9,.761947,2,0,0,138.75
2005,6,8,22,4,1004,138.75,150.9,.761947,2,0,0,138.75
2005,6,8,23,4,1004,138.75,150.9,.761947,2,0,0,138.75
2005,6,8,24,4,1004,138.75,150.9,.761947,2,0,0,138.75
2005,6,8,1,9,5,17.6,50.7,0,1,0,0,17.6
2005,6,8,2,9,5,15.8,50.7,0,1,0,0,15.8
2005,6,8,3,9,5,12.6,50.7,0,1,0,0,12.6
2005,6,8,4,9,5,10.5,50.7,0,1,0,0,10.5
2005,6,8,5,9,5,11.8,50.7,0,1,0,0,11.8
2005,6,8,6,9,5,18.4,50.7,0,1,0,0,18.4
2005,6,8,7,9,5,25.3,50.7,0,1,0,0,25.3
2005,6,8,8,9,5,34.6,50.7,0,1,0,0,34.6
2005,6,8,9,9,5,37.2,50.9,0,1,0,0,37.2
2005,6,8,10,9,5,44,50.9,0,1,0,0,44
2005,6,8,11,9,5,48.7,50.9,0,1,0,0,48.7
2005,6,8,12,9,5,53,50.9,0,1,0,0,53
2005,6,8,13,9,5,46.8,50.9,0,1,0,0,46.8
2005,6,8,14,9,5,46.1,50.9,0,1,0,0,46.1
2005,6,8,15,9,5,44.6,50.9,0,1,0,0,44.6
2005,6,8,16,9,5,41.5,50.9,0,1,0,0,41.5
2005,6,8,17,9,5,40.4,50.9,0,1,0,0,40.4
2005,6,8,18,9,5,36.3,50.9,0,1,0,0,36.3
2005,6,8,19,9,5,35.6,50.9,0,1,0,0,35.6
2005,6,8,20,9,5,32.5,50.9,0,1,0,0,32.5
2005,6,8,21,9,5,32.9,50.9,0,1,0,0,32.9
2005,6,8,22,9,5,32.3,50.9,0,1,0,0,32.3
2005,6,8,23,9,5,31.4,50.9,0,1,0,0,31.4
2005,6,8,24,9,5,25.2,50.9,0,1,0,0,25.2
2005,6,8,1,2,1007,112.24,90,.66451,2,0,0,63.435238
2005,6,8,1,2,1007,112.35,223,.66451,2,0,0,63.435238
2005,6,8,2,2,1007,112.24,90,.66451,2,0,0,63.435238
2005,6,8,2,2,1007,112.35,223,.66451,2,0,0,63.435238
2005,6,8,3,2,1007,112.24,90,.66451,2,0,0,63.435238
2005,6,8,3,2,1007,112.35,223,.66451,2,0,0,63.435238
2005,6,8,4,2,1007,112.24,90,.66451,2,0,0,63.435238
2005,6,8,4,2,1007,112.35,223,.66451,2,0,0,63.435238
2005,6,8,5,2,1007,112.24,90,.66451,2,0,0,63.435238
2005,6,8,5,2,1007,112.35,223,.66451,2,0,0,63.435238
2005,6,8,6,2,1007,112.24,90,.66451,2,0,0,63.435238
2005,6,8,6,2,1007,112.35,223,.66451,2,0,0,63.435238
2005,6,8,7,2,1007,112.24,90,.66451,2,0,0,63.435238
2005,6,8,7,2,1007,112.35,223,.66451,2,0,0,63.435238
2005,6,8,8,2,1007,112.24,90,.66451,2,0,0,63.435238
2005,6,8,8,2,1007,112.35,223,.66451,2,0,0,63.435238
2005,6,8,9,2,1007,112.24,90,.66451,2,0,0,63.435238
2005,6,8,9,2,1007,112.35,223,.66451,2,0,0,63.435238
2005,6,8,10,2,1007,112.24,90,.66451,2,0,0,63.435238
2005,6,8,10,2,1007,112.35,223,.66451,2,0,0,63.435238
2005,6,8,11,2,1007,112.24,90,.66451,2,0,0,63.435238
2005,6,8,11,2,1007,112.35,223,.66451,2,0,0,63.435238
2005,6,8,12,2,1007,112.24,90,.66451,2,0,0,63.435238
2005,6,8,12,2,1007,112.35,223,.66451,2,0,0,63.435238
2005,6,8,13,2,1007,112.24,90,.66451,2,0,0,63.435238
2005,6,8,13,2,1007,112.35,223,.66451,2,0,0,63.435238
2005,6,8,14,2,1007,112.24,90,.66451,2,0,0,63.435238
2005,6,8,14,2,1007,112.35,223,.66451,2,0,0,63.435238
2005,6,8,15,2,1007,112.24,90,.66451,2,0,0,63.435238
2005,6,8,15,2,1007,112.35,223,.66451,2,0,0,63.435238
2005,6,8,16,2,1007,112.24,90,.66451,2,0,0,63.435238
2005,6,8,16,2,1007,112.35,223,.66451,2,0,0,63.435238
2005,6,8,17,2,1007,112.24,90,.66451,2,0,0,63.435238
2005,6,8,17,2,1007,112.35,223,.66451,2,0,0,63.435238
2005,6,8,18,2,1007,112.24,90,.66451,2,0,0,63.435238
2005,6,8,18,2,1007,112.35,223,.66451,2,0,0,63.435238
2005,6,8,19,2,1007,112.24,90,.66451,2,0,0,63.435238
2005,6,8,19,2,1007,112.35,223,.66451,2,0,0,63.435238
2005,6,8,20,2,1007,112.24,90,.66451,2,0,0,63.435238
2005,6,8,20,2,1007,112.35,223,.66451,2,0,0,63.435238
2005,6,8,21,2,1007,112.24,90,.66451,2,0,0,63.435238
2005,6,8,21,2,1007,112.35,223,.66451,2,0,0,63.435238
2005,6,8,22,2,1007,112.24,90,.66451,2,0,0,63.435238
2005,6,8,22,2,1007,112.35,223,.66451,2,0,0,63.435238
2005,6,8,23,2,1007,112.24,90,.66451,2,0,0,63.435238
2005,6,8,23,2,1007,112.35,223,.66451,2,0,0,63.435238
2005,6,8,24,2,1007,112.24,90,.66451,2,0,0,63.435238
2005,6,8,24,2,1007,112.35,223,.66451,2,0,0,63.435238
2005,6,8,1,2,1009,129.24,90,.66451,2,0,0,129.24
2005,6,8,1,2,1009,129.35,245,.66451,2,0,0,129.35
2005,6,8,2,2,1009,129.24,90,.66451,2,0,0,129.24
2005,6,8,2,2,1009,129.35,245,.66451,2,0,0,129.35
2005,6,8,3,2,1009,129.24,90,.66451,2,0,0,129.24
2005,6,8,3,2,1009,129.35,245,.66451,2,0,0,129.35
2005,6,8,4,2,1009,129.24,90,.66451,2,0,0,129.24
2005,6,8,4,2,1009,129.35,245,.66451,2,0,0,129.35
2005,6,8,5,2,1009,129.24,90,.66451,2,0,0,129.24
2005,6,8,5,2,1009,129.35,245,.66451,2,0,0,129.35
2005,6,8,6,2,1009,129.24,90,.66451,2,0,0,129.24
2005,6,8,6,2,1009,129.35,245,.66451,2,0,0,129.35
2005,6,8,7,2,1009,129.24,90,.66451,2,0,0,129.24
2005,6,8,7,2,1009,129.35,245,.66451,2,0,0,129.35
2005,6,8,8,2,1009,129.24,90,.66451,2,0,0,129.24
2005,6,8,8,2,1009,129.35,245,.66451,2,0,0,129.35
2005,6,8,9,2,1009,129.24,90,.66451,2,0,0,129.24
2005,6,8,9,2,1009,129.35,245,.66451,2,0,0,129.35
2005,6,8,10,2,1009,129.24,90,.66451,2,0,0,129.24
2005,6,8,10,2,1009,129.35,245,.66451,2,0,0,129.35
2005,6,8,11,2,1009,129.24,90,.66451,2,0,0,129.24
2005,6,8,11,2,1009,129.35,245,.66451,2,0,0,129.35
2005,6,8,12,2,1009,129.24,90,.66451,2,0,0,129.24
2005,6,8,12,2,1009,129.35,245,.66451,2,0,0,129.35
2005,6,8,13,2,1009,129.24,90,.66451,2,0,0,129.24
2005,6,8,13,2,1009,129.35,245,.66451,2,0,0,129.35
2005,6,8,14,2,1009,129.24,90,.66451,2,0,0,129.24
2005,6,8,14,2,1009,129.35,245,.66451,2,0,0,129.35
2005,6,8,15,2,1009,129.24,90,.66451,2,0,0,129.24
2005,6,8,15,2,1009,129.35,245,.66451,2,0,0,129.35
2005,6,8,16,2,1009,129.24,90,.66451,2,0,0,129.24
2005,6,8,16,2,1009,129.35,245,.66451,2,0,0,129.35
2005,6,8,17,2,1009,129.24,90,.66451,2,0,0,129.24
2005,6,8,17,2,1009,129.35,245,.66451,2,0,0,129.35
2005,6,8,18,2,1009,129.24,90,.66451,2,0,0,129.24
2005,6,8,18,2,1009,129.35,245,.66451,2,0,0,129.35
2005,6,8,19,2,1009,129.24,90,.66451,2,0,0,129.24
2005,6,8,19,2,1009,129.35,245,.66451,2,0,0,129.35
2005,6,8,20,2,1009,129.24,90,.66451,2,0,0,129.24
2005,6,8,20,2,1009,129.35,245,.66451,2,0,0,129.35
2005,6,8,21,2,1009,129.24,90,.66451,2,0,0,129.24
2005,6,8,21,2,1009,129.35,245,.66451,2,0,0,129.35
2005,6,8,22,2,1009,129.24,90,.66451,2,0,0,129.24
2005,6,8,22,2,1009,129.35,245,.66451,2,0,0,129.35
2005,6,8,23,2,1009,129.24,90,.66451,2,0,0,129.24
2005,6,8,23,2,1009,129.35,245,.66451,2,0,0,129.35
2005,6,8,24,2,1009,129.24,90,.66451,2,0,0,129.24
2005,6,8,24,2,1009,129.35,245,.66451,2,0,0,129.35
2005,6,8,1,9,8,0,1.5,0,2,1,0,0
2005,6,8,2,9,8,0,1.5,0,2,1,0,0
2005,6,8,3,9,8,0,1.5,0,2,1,0,0
2005,6,8,4,9,8,0,1.5,0,2,1,0,0
2005,6,8,5,9,8,0,1.5,0,2,1,0,0
2005,6,8,6,9,8,0,1.5,0,2,1,0,0
2005,6,8,7,9,8,0,1.5,0,2,1,0,0
2005,6,8,8,9,8,0,1.4,0,2,1,0,0
2005,6,8,9,9,8,0,1.4,0,2,1,0,0
2005,6,8,10,9,8,0,1.3,0,2,1,0,0
2005,6,8,11,9,8,0,1.3,0,2,1,0,0
2005,6,8,12,9,8,0,1.3,0,2,1,0,0
2005,6,8,13,9,8,0,1.3,0,2,1,0,0
2005,6,8,14,9,8,0,1.3,0,2,1,0,0
2005,6,8,15,9,8,0,1.3,0,2,1,0,0
2005,6,8,16,9,8,0,1.3,0,2,1,0,0
2005,6,8,17,9,8,0,1.3,0,2,1,0,0
2005,6,8,18,9,8,0,1.3,0,2,1,0,0
2005,6,8,19,9,8,0,1.3,0,2,1,0,0
2005,6,8,20,9,8,0,1.3,0,2,1,0,0
2005,6,8,21,9,8,0,1.4,0,2,1,0,0
2005,6,8,22,9,8,0,1.5,0,2,1,0,0
2005,6,8,23,9,8,0,1.6,0,2,1,0,0
2005,6,8,24,9,8,0,1.6,0,2,1,0,0
2005,6,8,1,6,9,35,90,0,1,0,0,35
2005,6,8,1,6,9,37.95,180,0,1,0,0,37.95
2005,6,8,2,6,9,35,90,0,1,0,0,35
2005,6,8,2,6,9,37.95,180,0,1,0,0,37.95
2005,6,8,3,6,9,37.95,90,0,1,1,0,37.95
2005,6,8,3,6,9,41.4,180,0,1,1,0,41.4
2005,6,8,4,6,9,37.95,90,0,1,1,0,37.95
2005,6,8,4,6,9,41.4,180,0,1,1,0,41.4
2005,6,8,5,6,9,37.95,90,0,1,1,0,37.95
2005,6,8,5,6,9,41.4,180,0,1,1,0,41.4
2005,6,8,6,6,9,37.95,6.3,0,1,1,0,37.95
2005,6,8,6,6,9,41.4,180,0,1,1,0,41.4
2005,6,8,7,6,9,35,90,0,1,0,0,35
2005,6,8,7,6,9,37.95,180,0,1,0,0,37.95
2005,6,8,8,6,9,35,90,0,1,0,0,35
2005,6,8,8,6,9,37.95,180,0,1,0,0,37.95
2005,6,8,9,6,9,14.69,90,0,1,0,0,14.69
2005,6,8,9,6,9,27.6,180,0,1,0,0,27.6
2005,6,8,10,6,9,14.69,90,0,1,0,0,14.69
2005,6,8,10,6,9,27.6,180,0,1,0,0,27.6
2005,6,8,11,6,9,14.69,90,0,1,0,0,14.69
2005,6,8,11,6,9,27.6,180,0,1,0,0,27.6
2005,6,8,12,6,9,14.69,90,0,1,0,0,14.69
2005,6,8,12,6,9,27.6,180,0,1,0,0,27.6
2005,6,8,13,6,9,14.69,90,0,1,0,0,14.69
2005,6,8,13,6,9,27.6,180,0,1,0,0,27.6
2005,6,8,14,6,9,14.69,90,0,1,0,0,14.69
2005,6,8,14,6,9,27.6,180,0,1,0,0,27.6
2005,6,8,15,6,9,14.69,90,0,1,0,0,14.69
2005,6,8,15,6,9,27.6,180,0,1,0,0,27.6
2005,6,8,16,6,9,14.69,90,0,1,0,0,14.69
2005,6,8,16,6,9,27.6,180,0,1,0,0,27.6
2005,6,8,17,6,9,14.69,90,0,1,0,0,14.69
2005,6,8,17,6,9,27.6,180,0,1,0,0,27.6
2005,6,8,18,6,9,14.69,90,0,1,0,0,14.69
2005,6,8,18,6,9,27.6,180,0,1,0,0,27.6
2005,6,8,19,6,9,14.69,90,0,1,0,0,14.69
2005,6,8,19,6,9,27.6,180,0,1,0,0,27.6
2005,6,8,20,6,9,14.69,90,0,1,0,0,14.69
2005,6,8,20,6,9,27.6,180,0,1,0,0,27.6
2005,6,8,21,6,9,14.69,90,0,1,0,0,14.69
2005,6,8,21,6,9,27.6,180,0,1,0,0,27.6
2005,6,8,22,6,9,14.69,90,0,1,0,0,14.69
2005,6,8,22,6,9,27.6,180,0,1,0,0,27.6
2005,6,8,23,6,9,14.69,90,0,1,0,0,14.69
2005,6,8,23,6,9,27.6,180,0,1,0,0,27.6
2005,6,8,24,6,9,14.69,90,0,1,0,0,14.69
2005,6,8,24,6,9,27.6,180,0,1,0,0,27.6
2005,6,8,1,6,10,83.19,240,0,2,0,0,83.19
2005,6,8,2,6,10,83.19,240,0,2,0,0,83.19
2005,6,8,3,6,10,83.19,240,0,2,0,0,83.19
2005,6,8,4,6,10,83.19,240,0,2,0,0,83.19
2005,6,8,5,6,10,83.19,240,0,2,0,0,83.19
2005,6,8,6,6,10,83.19,240,0,2,0,0,83.19
2005,6,8,7,6,10,83.19,240,0,2,0,0,83.19
2005,6,8,8,6,10,83.19,240,0,2,0,0,83.19
2005,6,8,9,6,10,83.19,240,0,2,0,0,83.19
2005,6,8,10,6,10,63.19,120,0,2,1,0,63.19
2005,6,8,10,6,10,83.19,120,0,2,1,0,83.19
2005,6,8,11,6,10,0,120,0,2,1,0,0
2005,6,8,11,6,10,60.19,60,0,2,1,0,60.19
2005,6,8,11,6,10,83.19,60,0,2,1,0,83.19
2005,6,8,12,6,10,0,180,0,2,1,0,0
2005,6,8,12,6,10,83.19,60,0,2,1,0,83.19
2005,6,8,13,6,10,0,180,0,2,1,0,0
2005,6,8,13,6,10,83.19,60,0,2,1,0,83.19
2005,6,8,14,6,10,0,180,0,2,1,0,0
2005,6,8,14,6,10,83.19,60,0,2,1,0,83.19
2005,6,8,15,6,10,0,120,0,2,1,0,0
2005,6,8,15,6,10,60.19,60,0,2,1,0,60.19
2005,6,8,15,6,10,83.19,60,0,2,1,0,83.19
2005,6,8,16,6,10,0,120,0,2,1,0,0
2005,6,8,16,6,10,60.19,60,0,2,1,0,60.19
2005,6,8,16,6,10,83.19,60,0,2,1,0,83.19
2005,6,8,17,6,10,0,180,0,2,1,0,0
2005,6,8,17,6,10,83.19,60,0,2,1,0,83.19
2005,6,8,18,6,10,0,180,0,2,1,0,0
2005,6,8,18,6,10,83.19,60,0,2,1,0,83.19
2005,6,8,19,6,10,0,180,0,2,1,0,0
2005,6,8,19,6,10,83.19,60,0,2,1,0,83.19
2005,6,8,20,6,10,0,120,0,2,1,0,0
2005,6,8,20,6,10,60.19,60,0,2,1,0,60.19
2005,6,8,20,6,10,83.19,60,0,2,0,0,83.19
2005,6,8,21,6,10,63.19,120,0,2,1,0,63.19
2005,6,8,21,6,10,83.19,120,0,2,0,0,83.19
2005,6,8,22,6,10,63.19,120,0,2,1,0,63.19
2005,6,8,22,6,10,83.19,120,0,2,0,0,83.19
2005,6,8,23,6,10,63.19,120,0,2,1,0,63.19
2005,6,8,23,6,10,83.19,120,0,2,0,0,83.19
2005,6,8,24,6,10,63.19,120,0,2,0,0,63.19
2005,6,8,24,6,10,83.19,120,0,2,0,0,83.19
2005,6,8,1,6,1010,.01,59,.679878,2,0,1,.01
2005,6,8,1,6,1010,117.36,126,.679878,2,0,1,68.117852
2005,6,8,1,6,1010,150,24,.679878,2,0,1,150
2005,6,8,2,6,1010,.01,59,.679878,2,0,1,.01
2005,6,8,2,6,1010,117.36,126,.679878,2,0,1,68.117852
2005,6,8,2,6,1010,150,24,.679878,2,0,1,150
2005,6,8,3,6,1010,.01,59,.679878,2,0,1,.01
2005,6,8,3,6,1010,117.36,126,.679878,2,0,1,68.117852
2005,6,8,3,6,1010,150,24,.679878,2,0,1,150
2005,6,8,4,6,1010,.01,59,.679878,2,0,1,.01
2005,6,8,4,6,1010,117.36,126,.679878,2,0,1,68.117852
2005,6,8,4,6,1010,150,24,.679878,2,0,1,150
2005,6,8,5,6,1010,.01,59,.679878,2,0,1,.01
2005,6,8,5,6,1010,117.36,126,.679878,2,0,1,68.117852
2005,6,8,5,6,1010,150,24,.679878,2,0,1,150
2005,6,8,6,6,1010,.01,59,.679878,2,0,1,.01
2005,6,8,6,6,1010,117.36,126,.679878,2,0,1,68.117852
2005,6,8,6,6,1010,150,24,.679878,2,0,1,150
2005,6,8,7,6,1010,.01,59,.679878,2,0,1,.01
2005,6,8,7,6,1010,117.36,126,.679878,2,0,1,68.117852
2005,6,8,7,6,1010,150,24,.679878,2,0,1,150
2005,6,8,8,6,1010,.01,59,.679878,2,0,1,.01
2005,6,8,8,6,1010,117.36,126,.679878,2,0,1,68.117852
2005,6,8,8,6,1010,150,24,.679878,2,0,1,150
2005,6,8,9,6,1010,.01,59,.679878,2,0,1,.01
2005,6,8,9,6,1010,117.36,126,.679878,2,0,1,68.117852
2005,6,8,9,6,1010,150,24,.679878,2,0,1,150
2005,6,8,10,6,1010,.01,59,.679878,2,0,1,.01
2005,6,8,10,6,1010,117.36,126,.679878,2,0,1,68.117852
2005,6,8,10,6,1010,150,24,.679878,2,0,1,150
2005,6,8,11,6,1010,.01,59,.679878,2,0,1,.01
2005,6,8,11,6,1010,117.36,126,.679878,2,0,1,68.117852
2005,6,8,11,6,1010,150,24,.679878,2,0,1,150
2005,6,8,12,6,1010,.01,59,.679878,2,0,1,.01
2005,6,8,12,6,1010,117.36,126,.679878,2,0,1,68.117852
2005,6,8,12,6,1010,150,24,.679878,2,0,1,150
2005,6,8,13,6,1010,.01,59,.679878,2,0,1,.01
2005,6,8,13,6,1010,117.36,126,.679878,2,0,1,68.117852
2005,6,8,13,6,1010,150,24,.679878,2,0,1,150
2005,6,8,14,6,1010,.01,59,.679878,2,0,1,.01
2005,6,8,14,6,1010,117.36,126,.679878,2,0,1,68.117852
2005,6,8,14,6,1010,150,24,.679878,2,0,1,150
2005,6,8,15,6,1010,.01,59,.679878,2,0,1,.01
2005,6,8,15,6,1010,117.36,126,.679878,2,0,1,68.117852
2005,6,8,15,6,1010,150,24,.679878,2,0,1,150
2005,6,8,16,6,1010,.01,59,.679878,2,0,1,.01
2005,6,8,16,6,1010,117.36,126,.679878,2,0,1,68.117852
2005,6,8,16,6,1010,150,24,.679878,2,0,1,150
2005,6,8,17,6,1010,.01,59,.679878,2,0,1,.01
2005,6,8,17,6,1010,117.36,126,.679878,2,0,1,68.117852
2005,6,8,17,6,1010,150,24,.679878,2,0,1,150
2005,6,8,18,6,1010,.01,59,.679878,2,0,1,.01
2005,6,8,18,6,1010,117.36,126,.679878,2,0,1,68.117852
2005,6,8,18,6,1010,150,24,.679878,2,0,1,150
2005,6,8,19,6,1010,.01,59,.679878,2,0,1,.01
2005,6,8,19,6,1010,117.36,126,.679878,2,0,1,68.117852
2005,6,8,19,6,1010,150,24,.679878,2,0,1,150
2005,6,8,20,6,1010,.01,59,.679878,2,0,1,.01
2005,6,8,20,6,1010,117.36,126,.679878,2,0,1,68.117852
2005,6,8,20,6,1010,150,24,.679878,2,0,1,150
2005,6,8,21,6,1010,.01,59,.679878,2,0,1,.01
2005,6,8,21,6,1010,117.36,126,.679878,2,0,1,68.117852
2005,6,8,21,6,1010,150,24,.679878,2,0,1,150
2005,6,8,22,6,1010,.01,59,.679878,2,0,1,.01
2005,6,8,22,6,1010,117.36,126,.679878,2,0,1,68.117852
2005,6,8,22,6,1010,150,24,.679878,2,0,1,150
2005,6,8,23,6,1010,.01,59,.679878,2,0,1,.01
2005,6,8,23,6,1010,117.36,126,.679878,2,0,1,68.117852
2005,6,8,23,6,1010,150,24,.679878,2,0,1,150
2005,6,8,24,6,1010,.01,59,.679878,2,0,1,.01
2005,6,8,24,6,1010,117.36,126,.679878,2,0,1,68.117852
2005,6,8,24,6,1010,150,24,.679878,2,0,1,150
2005,6,8,1,6,1011,.01,152,.679878,2,0,1,.01
2005,6,8,1,6,1011,109.46,278,.679878,2,0,1,65.520399
2005,6,8,2,6,1011,.01,152,.679878,2,0,1,.01
2005,6,8,2,6,1011,109.46,278,.679878,2,0,1,65.520399
2005,6,8,3,6,1011,.01,152,.679878,2,0,1,.01
2005,6,8,3,6,1011,109.46,278,.679878,2,0,1,65.520399
2005,6,8,4,6,1011,.01,152,.679878,2,0,1,.01
2005,6,8,4,6,1011,109.46,278,.679878,2,0,1,65.520399
2005,6,8,5,6,1011,.01,152,.679878,2,0,1,.01
2005,6,8,5,6,1011,109.46,278,.679878,2,0,1,65.520399
2005,6,8,6,6,1011,.01,152,.679878,2,0,1,.01
2005,6,8,6,6,1011,109.46,278,.679878,2,0,1,65.520399
2005,6,8,7,6,1011,.01,152,.679878,2,0,1,.01
2005,6,8,7,6,1011,109.46,278,.679878,2,0,1,65.520399
2005,6,8,8,6,1011,.01,152,.679878,2,0,1,.01
2005,6,8,8,6,1011,109.46,278,.679878,2,0,1,65.520399
2005,6,8,9,6,1011,.01,152,.679878,2,0,1,.01
2005,6,8,9,6,1011,109.46,278,.679878,2,0,1,65.520399
2005,6,8,10,6,1011,.01,152,.679878,2,0,1,.01
2005,6,8,10,6,1011,109.46,278,.679878,2,0,1,65.520399
2005,6,8,11,6,1011,.01,152,.679878,2,0,1,.01
2005,6,8,11,6,1011,109.46,278,.679878,2,0,1,65.520399
2005,6,8,12,6,1011,.01,152,.679878,2,0,1,.01
2005,6,8,12,6,1011,109.46,278,.679878,2,0,1,65.520399
2005,6,8,13,6,1011,.01,152,.679878,2,0,1,.01
2005,6,8,13,6,1011,109.46,278,.679878,2,0,1,65.520399
2005,6,8,14,6,1011,.01,152,.679878,2,0,1,.01
2005,6,8,14,6,1011,109.46,278,.679878,2,0,1,65.520399
2005,6,8,15,6,1011,.01,152,.679878,2,0,1,.01
2005,6,8,15,6,1011,109.46,278,.679878,2,0,1,65.520399
2005,6,8,16,6,1011,.01,152,.679878,2,0,1,.01
2005,6,8,16,6,1011,109.46,278,.679878,2,0,1,65.520399
2005,6,8,17,6,1011,.01,152,.679878,2,0,1,.01
2005,6,8,17,6,1011,109.46,278,.679878,2,0,1,65.520399
2005,6,8,18,6,1011,.01,152,.679878,2,0,1,.01
2005,6,8,18,6,1011,109.46,278,.679878,2,0,1,65.520399
2005,6,8,19,6,1011,.01,152,.679878,2,0,1,.01
2005,6,8,19,6,1011,109.46,278,.679878,2,0,1,65.520399
2005,6,8,20,6,1011,.01,152,.679878,2,0,1,.01
2005,6,8,20,6,1011,109.46,278,.679878,2,0,1,65.520399
2005,6,8,21,6,1011,.01,152,.679878,2,0,1,.01
2005,6,8,21,6,1011,109.46,278,.679878,2,0,1,65.520399
2005,6,8,22,6,1011,.01,152,.679878,2,0,1,.01
2005,6,8,22,6,1011,109.46,278,.679878,2,0,1,65.520399
2005,6,8,23,6,1011,.01,152,.679878,2,0,1,.01
2005,6,8,23,6,1011,109.46,278,.679878,2,0,1,65.520399
2005,6,8,24,6,1011,.01,152,.679878,2,0,1,.01
2005,6,8,24,6,1011,109.46,278,.679878,2,0,1,65.520399
2005,6,8,1,2,1013,0,82.3,.9555,2,1,0,0
2005,6,8,1,2,1013,35.95,1,.9555,2,1,0,39.699742
2005,6,8,1,2,1013,36,6.7,.9555,2,1,0,39.699742
2005,6,8,1,2,1013,36.17,6.7,.9555,2,1,0,39.699742
2005,6,8,1,2,1013,36.53,6.7,.9555,2,1,0,39.699742
2005,6,8,1,2,1013,68,8.3,.9555,2,0,0,39.699742
2005,6,8,1,2,1013,150,4,.9555,2,0,0,150
2005,6,8,2,2,1013,0,63.3,.9555,2,1,0,0
2005,6,8,2,2,1013,35.83,6.7,.9555,2,1,0,39.699742
2005,6,8,2,2,1013,35.9,6.7,.9555,2,1,0,39.699742
2005,6,8,2,2,1013,35.95,6.7,.9555,2,1,0,39.699742
2005,6,8,2,2,1013,36,6.7,.9555,2,1,0,39.699742
2005,6,8,2,2,1013,36.17,6.7,.9555,2,1,0,39.699742
2005,6,8,2,2,1013,36.53,6.7,.9555,2,1,0,39.699742
2005,6,8,2,2,1013,68,8.3,.9555,2,0,0,39.699742
2005,6,8,2,2,1013,150,4,.9555,2,0,0,150
2005,6,8,3,2,1013,0,63.3,.9555,2,1,0,0
2005,6,8,3,2,1013,35.83,6.7,.9555,2,1,0,39.699742
2005,6,8,3,2,1013,35.9,6.7,.9555,2,1,0,39.699742
2005,6,8,3,2,1013,35.95,6.7,.9555,2,1,0,39.699742
2005,6,8,3,2,1013,36,6.7,.9555,2,1,0,39.699742
2005,6,8,3,2,1013,36.17,6.7,.9555,2,1,0,39.699742
2005,6,8,3,2,1013,36.53,6.7,.9555,2,1,0,39.699742
2005,6,8,3,2,1013,68,8.3,.9555,2,0,0,39.699742
2005,6,8,3,2,1013,150,4,.9555,2,0,0,150
2005,6,8,4,2,1013,0,63.3,.9555,2,1,0,0
2005,6,8,4,2,1013,35.83,6.7,.9555,2,1,0,39.699742
2005,6,8,4,2,1013,35.9,6.7,.9555,2,1,0,39.699742
2005,6,8,4,2,1013,35.95,6.7,.9555,2,1,0,39.699742
2005,6,8,4,2,1013,36,6.7,.9555,2,1,0,39.699742
2005,6,8,4,2,1013,36.17,6.7,.9555,2,1,0,39.699742
2005,6,8,4,2,1013,36.53,6.7,.9555,2,1,0,39.699742
2005,6,8,4,2,1013,68,8.3,.9555,2,0,0,39.699742
2005,6,8,4,2,1013,150,4,.9555,2,0,0,150
2005,6,8,5,2,1013,0,63.3,.9555,2,1,0,0
2005,6,8,5,2,1013,35.83,6.7,.9555,2,1,0,39.699742
2005,6,8,5,2,1013,35.9,6.7,.9555,2,1,0,39.699742
2005,6,8,5,2,1013,35.95,6.7,.9555,2,1,0,39.699742
2005,6,8,5,2,1013,36,6.7,.9555,2,1,0,39.699742
2005,6,8,5,2,1013,36.17,6.7,.9555,2,1,0,39.699742
2005,6,8,5,2,1013,36.53,6.7,.9555,2,1,0,39.699742
2005,6,8,5,2,1013,68,8.3,.9555,2,0,0,39.699742
2005,6,8,5,2,1013,150,4,.9555,2,0,0,150
2005,6,8,6,2,1013,0,63.3,.9555,2,1,0,0
2005,6,8,6,2,1013,35.83,6.7,.9555,2,1,0,39.699742
2005,6,8,6,2,1013,35.9,6.7,.9555,2,1,0,39.699742
2005,6,8,6,2,1013,35.95,6.7,.9555,2,1,0,39.699742
2005,6,8,6,2,1013,36,6.7,.9555,2,1,0,39.699742
2005,6,8,6,2,1013,36.17,6.7,.9555,2,1,0,39.699742
2005,6,8,6,2,1013,36.53,6.7,.9555,2,1,0,39.699742
2005,6,8,6,2,1013,68,8.3,.9555,2,0,0,39.699742
2005,6,8,6,2,1013,150,4,.9555,2,0,0,150
2005,6,8,7,2,1013,0,63.3,.9555,2,1,0,0
2005,6,8,7,2,1013,35.83,6.7,.9555,2,1,0,39.699742
2005,6,8,7,2,1013,35.9,6.7,.9555,2,1,0,39.699742
2005,6,8,7,2,1013,35.95,6.7,.9555,2,1,0,39.699742
2005,6,8,7,2,1013,36,6.7,.9555,2,1,0,39.699742
2005,6,8,7,2,1013,36.17,6.7,.9555,2,1,0,39.699742
2005,6,8,7,2,1013,36.53,6.7,.9555,2,1,0,39.699742
2005,6,8,7,2,1013,68,8.3,.9555,2,0,0,39.699742
2005,6,8,7,2,1013,150,4,.9555,2,0,0,150
2005,6,8,8,2,1013,0,82.3,.9555,2,1,0,0
2005,6,8,8,2,1013,35.95,1,.9555,2,1,0,39.699742
2005,6,8,8,2,1013,36,6.7,.9555,2,1,0,39.699742
2005,6,8,8,2,1013,36.17,6.7,.9555,2,1,0,39.699742
2005,6,8,8,2,1013,36.53,6.7,.9555,2,1,0,39.699742
2005,6,8,8,2,1013,68,8.3,.9555,2,0,0,39.699742
2005,6,8,8,2,1013,150,4,.9555,2,0,0,150
2005,6,8,9,2,1013,0,103.3,.9555,2,1,0,0
2005,6,8,9,2,1013,68,8.3,.9555,2,1,0,39.699742
2005,6,8,9,2,1013,150,4,.9555,2,0,0,150
2005,6,8,10,2,1013,0,103.3,.9555,2,1,0,0
2005,6,8,10,2,1013,68,8.3,.9555,2,1,0,39.699742
2005,6,8,10,2,1013,150,4,.9555,2,0,0,150
2005,6,8,11,2,1013,0,103.3,.9555,2,1,0,0
2005,6,8,11,2,1013,68,8.3,.9555,2,1,0,39.699742
2005,6,8,11,2,1013,150,4,.9555,2,0,0,150
2005,6,8,12,2,1013,0,103.3,.9555,2,1,0,0
2005,6,8,12,2,1013,68,8.3,.9555,2,1,0,39.699742
2005,6,8,12,2,1013,150,4,.9555,2,0,0,150
2005,6,8,13,2,1013,0,103.3,.9555,2,1,0,0
2005,6,8,13,2,1013,68,8.3,.9555,2,1,0,39.699742
2005,6,8,13,2,1013,150,4,.9555,2,0,0,150
2005,6,8,14,2,1013,0,103.3,.9555,2,1,0,0
2005,6,8,14,2,1013,68,8.3,.9555,2,1,0,39.699742
2005,6,8,14,2,1013,150,4,.9555,2,0,0,150
2005,6,8,15,2,1013,0,103.3,.9555,2,1,0,0
2005,6,8,15,2,1013,68,8.3,.9555,2,1,0,39.699742
2005,6,8,15,2,1013,150,4,.9555,2,0,0,150
2005,6,8,16,2,1013,0,103.3,.9555,2,1,0,0
2005,6,8,16,2,1013,68,8.3,.9555,2,1,0,39.699742
2005,6,8,16,2,1013,150,4,.9555,2,0,0,150
2005,6,8,17,2,1013,0,103.3,.9555,2,1,0,0
2005,6,8,17,2,1013,68,8.3,.9555,2,1,0,39.699742
2005,6,8,17,2,1013,150,4,.9555,2,0,0,150
2005,6,8,18,2,1013,0,103.3,.9555,2,1,0,0
2005,6,8,18,2,1013,68,8.3,.9555,2,1,0,39.699742
2005,6,8,18,2,1013,150,4,.9555,2,0,0,150
2005,6,8,19,2,1013,0,103.3,.9555,2,1,0,0
2005,6,8,19,2,1013,68,8.3,.9555,2,1,0,39.699742
2005,6,8,19,2,1013,150,4,.9555,2,0,0,150
2005,6,8,20,2,1013,0,103.3,.9555,2,1,0,0
2005,6,8,20,2,1013,68,8.3,.9555,2,1,0,39.699742
2005,6,8,20,2,1013,150,4,.9555,2,0,0,150
2005,6,8,21,2,1013,0,103.3,.9555,2,1,0,0
2005,6,8,21,2,1013,68,8.3,.9555,2,0,0,39.699742
2005,6,8,21,2,1013,150,4,.9555,2,0,0,150
2005,6,8,22,2,1013,0,103.3,.9555,2,1,0,0
2005,6,8,22,2,1013,68,1.4,.9555,2,1,0,39.699742
2005,6,8,22,2,1013,150,4,.9555,2,0,0,150
2005,6,8,23,2,1013,0,103.3,.9555,2,1,0,0
2005,6,8,23,2,1013,68,1.1,.9555,2,1,0,39.699742
2005,6,8,23,2,1013,150,4,.9555,2,0,0,150
2005,6,8,24,2,1013,0,103.3,.9555,2,1,0,0
2005,6,8,24,2,1013,68,8.3,.9555,2,0,0,39.699742
2005,6,8,24,2,1013,150,4,.9555,2,0,0,150
2005,6,8,1,4,1013,0,164.7,.9555,2,1,0,0
2005,6,8,1,4,1013,35.95,2,.9555,2,1,0,39.699742
2005,6,8,1,4,1013,36,13.3,.9555,2,1,0,39.699742
2005,6,8,1,4,1013,36.17,13.3,.9555,2,1,0,39.699742
2005,6,8,1,4,1013,36.53,13.3,.9555,2,1,0,39.699742
2005,6,8,1,4,1013,68,16.7,.9555,2,0,0,39.699742
2005,6,8,1,4,1013,150,7.9,.9555,2,0,0,150
2005,6,8,2,4,1013,0,126.7,.9555,2,1,0,0
2005,6,8,2,4,1013,35.83,13.3,.9555,2,1,0,39.699742
2005,6,8,2,4,1013,35.9,13.3,.9555,2,1,0,39.699742
2005,6,8,2,4,1013,35.95,13.3,.9555,2,1,0,39.699742
2005,6,8,2,4,1013,36,13.3,.9555,2,1,0,39.699742
2005,6,8,2,4,1013,36.17,13.3,.9555,2,1,0,39.699742
2005,6,8,2,4,1013,36.53,13.3,.9555,2,1,0,39.699742
2005,6,8,2,4,1013,68,16.7,.9555,2,0,0,39.699742
2005,6,8,2,4,1013,150,7.9,.9555,2,0,0,150
2005,6,8,3,4,1013,0,126.7,.9555,2,1,0,0
2005,6,8,3,4,1013,35.83,13.3,.9555,2,1,0,39.699742
2005,6,8,3,4,1013,35.9,13.3,.9555,2,1,0,39.699742
2005,6,8,3,4,1013,35.95,13.3,.9555,2,1,0,39.699742
2005,6,8,3,4,1013,36,13.3,.9555,2,1,0,39.699742
2005,6,8,3,4,1013,36.17,13.3,.9555,2,1,0,39.699742
2005,6,8,3,4,1013,36.53,13.3,.9555,2,1,0,39.699742
2005,6,8,3,4,1013,68,16.7,.9555,2,0,0,39.699742
2005,6,8,3,4,1013,150,7.9,.9555,2,0,0,150
2005,6,8,4,4,1013,0,126.7,.9555,2,1,0,0
2005,6,8,4,4,1013,35.83,13.3,.9555,2,1,0,39.699742
2005,6,8,4,4,1013,35.9,13.3,.9555,2,1,0,39.699742
2005,6,8,4,4,1013,35.95,13.3,.9555,2,1,0,39.699742
2005,6,8,4,4,1013,36,13.3,.9555,2,1,0,39.699742
2005,6,8,4,4,1013,36.17,13.3,.9555,2,1,0,39.699742
2005,6,8,4,4,1013,36.53,13.3,.9555,2,1,0,39.699742
2005,6,8,4,4,1013,68,16.7,.9555,2,0,0,39.699742
2005,6,8,4,4,1013,150,7.9,.9555,2,0,0,150
2005,6,8,5,4,1013,0,126.7,.9555,2,1,0,0
2005,6,8,5,4,1013,35.83,13.3,.9555,2,1,0,39.699742
2005,6,8,5,4,1013,35.9,13.3,.9555,2,1,0,39.699742
2005,6,8,5,4,1013,35.95,13.3,.9555,2,1,0,39.699742
2005,6,8,5,4,1013,36,13.3,.9555,2,1,0,39.699742
2005,6,8,5,4,1013,36.17,13.3,.9555,2,1,0,39.699742
2005,6,8,5,4,1013,36.53,13.3,.9555,2,1,0,39.699742
2005,6,8,5,4,1013,68,16.7,.9555,2,0,0,39.699742
2005,6,8,5,4,1013,150,7.9,.9555,2,0,0,150
2005,6,8,6,4,1013,0,126.7,.9555,2,1,0,0
2005,6,8,6,4,1013,35.83,13.3,.9555,2,1,0,39.699742
2005,6,8,6,4,1013,35.9,13.3,.9555,2,1,0,39.699742
2005,6,8,6,4,1013,35.95,13.3,.9555,2,1,0,39.699742
2005,6,8,6,4,1013,36,13.3,.9555,2,1,0,39.699742
2005,6,8,6,4,1013,36.17,13.3,.9555,2,1,0,39.699742
2005,6,8,6,4,1013,36.53,13.3,.9555,2,1,0,39.699742
2005,6,8,6,4,1013,68,16.7,.9555,2,0,0,39.699742
2005,6,8,6,4,1013,150,7.9,.9555,2,0,0,150
2005,6,8,7,4,1013,0,126.7,.9555,2,1,0,0
2005,6,8,7,4,1013,35.83,13.3,.9555,2,1,0,39.699742
2005,6,8,7,4,1013,35.9,13.3,.9555,2,1,0,39.699742
2005,6,8,7,4,1013,35.95,13.3,.9555,2,1,0,39.699742
2005,6,8,7,4,1013,36,13.3,.9555,2,1,0,39.699742
2005,6,8,7,4,1013,36.17,13.3,.9555,2,1,0,39.699742
2005,6,8,7,4,1013,36.53,13.3,.9555,2,1,0,39.699742
2005,6,8,7,4,1013,68,16.7,.9555,2,0,0,39.699742
2005,6,8,7,4,1013,150,7.9,.9555,2,0,0,150
2005,6,8,8,4,1013,0,164.7,.9555,2,1,0,0
2005,6,8,8,4,1013,35.95,2,.9555,2,1,0,39.699742
2005,6,8,8,4,1013,36,13.3,.9555,2,1,0,39.699742
2005,6,8,8,4,1013,36.17,13.3,.9555,2,1,0,39.699742
2005,6,8,8,4,1013,36.53,13.3,.9555,2,1,0,39.699742
2005,6,8,8,4,1013,68,16.7,.9555,2,0,0,39.699742
2005,6,8,8,4,1013,150,7.9,.9555,2,0,0,150
2005,6,8,9,4,1013,0,206.7,.9555,2,1,0,0
2005,6,8,9,4,1013,68,16.7,.9555,2,1,0,39.699742
2005,6,8,9,4,1013,150,7.9,.9555,2,0,0,150
2005,6,8,10,4,1013,0,206.7,.9555,2,1,0,0
2005,6,8,10,4,1013,68,16.7,.9555,2,1,0,39.699742
2005,6,8,10,4,1013,150,7.9,.9555,2,0,0,150
2005,6,8,11,4,1013,0,206.7,.9555,2,1,0,0
2005,6,8,11,4,1013,68,16.7,.9555,2,1,0,39.699742
2005,6,8,11,4,1013,150,7.9,.9555,2,0,0,150
2005,6,8,12,4,1013,0,206.7,.9555,2,1,0,0
2005,6,8,12,4,1013,68,16.7,.9555,2,1,0,39.699742
2005,6,8,12,4,1013,150,7.9,.9555,2,0,0,150
2005,6,8,13,4,1013,0,206.7,.9555,2,1,0,0
2005,6,8,13,4,1013,68,16.7,.9555,2,1,0,39.699742
2005,6,8,13,4,1013,150,7.9,.9555,2,0,0,150
2005,6,8,14,4,1013,0,206.7,.9555,2,1,0,0
2005,6,8,14,4,1013,68,16.7,.9555,2,1,0,39.699742
2005,6,8,14,4,1013,150,7.9,.9555,2,0,0,150
2005,6,8,15,4,1013,0,206.7,.9555,2,1,0,0
2005,6,8,15,4,1013,68,16.7,.9555,2,1,0,39.699742
2005,6,8,15,4,1013,150,7.9,.9555,2,0,0,150
2005,6,8,16,4,1013,0,206.7,.9555,2,1,0,0
2005,6,8,16,4,1013,68,16.7,.9555,2,1,0,39.699742
2005,6,8,16,4,1013,150,7.9,.9555,2,0,0,150
2005,6,8,17,4,1013,0,206.7,.9555,2,1,0,0
2005,6,8,17,4,1013,68,16.7,.9555,2,1,0,39.699742
2005,6,8,17,4,1013,150,7.9,.9555,2,0,0,150
2005,6,8,18,4,1013,0,206.7,.9555,2,1,0,0
2005,6,8,18,4,1013,68,16.7,.9555,2,1,0,39.699742
2005,6,8,18,4,1013,150,7.9,.9555,2,0,0,150
2005,6,8,19,4,1013,0,206.7,.9555,2,1,0,0
2005,6,8,19,4,1013,68,16.7,.9555,2,1,0,39.699742
2005,6,8,19,4,1013,150,7.9,.9555,2,0,0,150
2005,6,8,20,4,1013,0,206.7,.9555,2,1,0,0
2005,6,8,20,4,1013,68,16.7,.9555,2,1,0,39.699742
2005,6,8,20,4,1013,150,7.9,.9555,2,0,0,150
2005,6,8,21,4,1013,0,206.7,.9555,2,1,0,0
2005,6,8,21,4,1013,68,16.7,.9555,2,0,0,39.699742
2005,6,8,21,4,1013,150,7.9,.9555,2,0,0,150
2005,6,8,22,4,1013,0,206.7,.9555,2,1,0,0
2005,6,8,22,4,1013,68,2.9,.9555,2,1,0,39.699742
2005,6,8,22,4,1013,150,7.9,.9555,2,0,0,150
2005,6,8,23,4,1013,0,206.7,.9555,2,1,0,0
2005,6,8,23,4,1013,68,2.3,.9555,2,1,0,39.699742
2005,6,8,23,4,1013,150,7.9,.9555,2,0,0,150
2005,6,8,24,4,1013,0,206.7,.9555,2,1,0,0
2005,6,8,24,4,1013,68,16.7,.9555,2,0,0,39.699742
2005,6,8,24,4,1013,150,7.9,.9555,2,0,0,150
2005,6,8,1,1,14,0,487.5,0,2,1,0,0
2005,6,8,1,1,14,125,11.9,0,2,0,0,125
2005,6,8,2,1,14,0,487.5,0,2,1,0,0
2005,6,8,2,1,14,125,11.9,0,2,0,0,125
2005,6,8,3,1,14,0,487.5,0,2,1,0,0
2005,6,8,3,1,14,125,11.9,0,2,0,0,125
2005,6,8,4,1,14,0,487.5,0,2,1,0,0
2005,6,8,4,1,14,125,11.9,0,2,0,0,125
2005,6,8,5,1,14,0,487.5,0,2,1,0,0
2005,6,8,5,1,14,125,11.9,0,2,0,0,125
2005,6,8,6,1,14,0,487.5,0,2,1,0,0
2005,6,8,6,1,14,125,11.9,0,2,0,0,125
2005,6,8,7,1,14,0,487.5,0,2,1,0,0
2005,6,8,7,1,14,125,11.9,0,2,0,0,125
2005,6,8,8,1,14,0,487.5,0,2,1,0,0
2005,6,8,8,1,14,125,11.9,0,2,0,0,125
2005,6,8,9,1,14,0,487.5,0,2,1,0,0
2005,6,8,9,1,14,125,11.9,0,2,0,0,125
2005,6,8,10,1,14,0,487.5,0,2,1,0,0
2005,6,8,10,1,14,125,11.9,0,2,0,0,125
2005,6,8,11,1,14,0,487.5,0,2,1,0,0
2005,6,8,11,1,14,125,11.9,0,2,0,0,125
2005,6,8,12,1,14,0,487.5,0,2,1,0,0
2005,6,8,12,1,14,125,11.9,0,2,0,0,125
2005,6,8,13,1,14,0,487.5,0,2,1,0,0
2005,6,8,13,1,14,125,11.9,0,2,0,0,125
2005,6,8,14,1,14,0,487.5,0,2,1,0,0
2005,6,8,14,1,14,125,11.9,0,2,0,0,125
2005,6,8,15,1,14,0,487.5,0,2,1,0,0
2005,6,8,15,1,14,125,11.9,0,2,0,0,125
2005,6,8,16,1,14,0,487.5,0,2,1,0,0
2005,6,8,16,1,14,125,11.9,0,2,0,0,125
2005,6,8,17,1,14,0,487.5,0,2,1,0,0
2005,6,8,17,1,14,125,11.9,0,2,0,0,125
2005,6,8,18,1,14,0,487.5,0,2,1,0,0
2005,6,8,18,1,14,125,11.9,0,2,0,0,125
2005,6,8,19,1,14,0,487.5,0,2,1,0,0
2005,6,8,19,1,14,125,11.9,0,2,0,0,125
2005,6,8,20,1,14,0,487.5,0,2,1,0,0
2005,6,8,20,1,14,125,11.9,0,2,0,0,125
2005,6,8,21,1,14,0,487.5,0,2,1,0,0
2005,6,8,21,1,14,125,11.9,0,2,0,0,125
2005,6,8,22,1,14,0,487.5,0,2,1,0,0
2005,6,8,22,1,14,125,11.9,0,2,0,0,125
2005,6,8,23,1,14,0,487.5,0,2,1,0,0
2005,6,8,23,1,14,125,11.9,0,2,0,0,125
2005,6,8,24,1,14,0,487.5,0,2,1,0,0
2005,6,8,24,1,14,125,11.9,0,2,0,0,125
2005,6,8,1,2,14,0,333.3,0,2,1,0,0
2005,6,8,1,2,14,125,8.1,0,2,0,0,125
2005,6,8,2,2,14,0,333.3,0,2,1,0,0
2005,6,8,2,2,14,125,8.1,0,2,0,0,125
2005,6,8,3,2,14,0,333.3,0,2,1,0,0
2005,6,8,3,2,14,125,8.1,0,2,0,0,125
2005,6,8,4,2,14,0,333.3,0,2,1,0,0
2005,6,8,4,2,14,125,8.1,0,2,0,0,125
2005,6,8,5,2,14,0,333.3,0,2,1,0,0
2005,6,8,5,2,14,125,8.1,0,2,0,0,125
2005,6,8,6,2,14,0,333.3,0,2,1,0,0
2005,6,8,6,2,14,125,8.1,0,2,0,0,125
2005,6,8,7,2,14,0,333.3,0,2,1,0,0
2005,6,8,7,2,14,125,8.1,0,2,0,0,125
2005,6,8,8,2,14,0,333.3,0,2,1,0,0
2005,6,8,8,2,14,125,8.1,0,2,0,0,125
2005,6,8,9,2,14,0,333.3,0,2,1,0,0
2005,6,8,9,2,14,125,8.1,0,2,0,0,125
2005,6,8,10,2,14,0,333.3,0,2,1,0,0
2005,6,8,10,2,14,125,8.1,0,2,0,0,125
2005,6,8,11,2,14,0,333.3,0,2,1,0,0
2005,6,8,11,2,14,125,8.1,0,2,0,0,125
2005,6,8,12,2,14,0,333.3,0,2,1,0,0
2005,6,8,12,2,14,125,8.1,0,2,0,0,125
2005,6,8,13,2,14,0,333.3,0,2,1,0,0
2005,6,8,13,2,14,125,8.1,0,2,0,0,125
2005,6,8,14,2,14,0,333.3,0,2,1,0,0
2005,6,8,14,2,14,125,8.1,0,2,0,0,125
2005,6,8,15,2,14,0,333.3,0,2,1,0,0
2005,6,8,15,2,14,125,8.1,0,2,0,0,125
2005,6,8,16,2,14,0,333.3,0,2,1,0,0
2005,6,8,16,2,14,125,8.1,0,2,0,0,125
2005,6,8,17,2,14,0,333.3,0,2,1,0,0
2005,6,8,17,2,14,125,8.1,0,2,0,0,125
2005,6,8,18,2,14,0,333.3,0,2,1,0,0
2005,6,8,18,2,14,125,8.1,0,2,0,0,125
2005,6,8,19,2,14,0,333.3,0,2,1,0,0
2005,6,8,19,2,14,125,8.1,0,2,0,0,125
2005,6,8,20,2,14,0,333.3,0,2,1,0,0
2005,6,8,20,2,14,125,8.1,0,2,0,0,125
2005,6,8,21,2,14,0,333.3,0,2,1,0,0
2005,6,8,21,2,14,125,8.1,0,2,0,0,125
2005,6,8,22,2,14,0,333.3,0,2,1,0,0
2005,6,8,22,2,14,125,8.1,0,2,0,0,125
2005,6,8,23,2,14,0,333.3,0,2,1,0,0
2005,6,8,23,2,14,125,8.1,0,2,0,0,125
2005,6,8,24,2,14,0,333.3,0,2,1,0,0
2005,6,8,24,2,14,125,8.1,0,2,0,0,125
2005,6,8,1,5,14,0,104.5,0,2,1,0,0
2005,6,8,1,5,14,125,2.5,0,2,0,0,125
2005,6,8,2,5,14,0,104.5,0,2,1,0,0
2005,6,8,2,5,14,125,2.5,0,2,0,0,125
2005,6,8,3,5,14,0,104.5,0,2,1,0,0
2005,6,8,3,5,14,125,2.5,0,2,0,0,125
2005,6,8,4,5,14,0,104.5,0,2,1,0,0
2005,6,8,4,5,14,125,2.5,0,2,0,0,125
2005,6,8,5,5,14,0,104.5,0,2,1,0,0
2005,6,8,5,5,14,125,2.5,0,2,0,0,125
2005,6,8,6,5,14,0,104.5,0,2,1,0,0
2005,6,8,6,5,14,125,2.5,0,2,0,0,125
2005,6,8,7,5,14,0,104.5,0,2,1,0,0
2005,6,8,7,5,14,125,2.5,0,2,0,0,125
2005,6,8,8,5,14,0,104.5,0,2,1,0,0
2005,6,8,8,5,14,125,2.5,0,2,0,0,125
2005,6,8,9,5,14,0,104.5,0,2,1,0,0
2005,6,8,9,5,14,125,2.5,0,2,0,0,125
2005,6,8,10,5,14,0,104.5,0,2,1,0,0
2005,6,8,10,5,14,125,2.5,0,2,0,0,125
2005,6,8,11,5,14,0,104.5,0,2,1,0,0
2005,6,8,11,5,14,125,2.5,0,2,0,0,125
2005,6,8,12,5,14,0,104.5,0,2,1,0,0
2005,6,8,12,5,14,125,2.5,0,2,0,0,125
2005,6,8,13,5,14,0,104.5,0,2,1,0,0
2005,6,8,13,5,14,125,2.5,0,2,0,0,125
2005,6,8,14,5,14,0,104.5,0,2,1,0,0
2005,6,8,14,5,14,125,2.5,0,2,0,0,125
2005,6,8,15,5,14,0,104.5,0,2,1,0,0
2005,6,8,15,5,14,125,2.5,0,2,0,0,125
2005,6,8,16,5,14,0,104.5,0,2,1,0,0
2005,6,8,16,5,14,125,2.5,0,2,0,0,125
2005,6,8,17,5,14,0,104.5,0,2,1,0,0
2005,6,8,17,5,14,125,2.5,0,2,0,0,125
2005,6,8,18,5,14,0,104.5,0,2,1,0,0
2005,6,8,18,5,14,125,2.5,0,2,0,0,125
2005,6,8,19,5,14,0,104.5,0,2,1,0,0
2005,6,8,19,5,14,125,2.5,0,2,0,0,125
2005,6,8,20,5,14,0,104.5,0,2,1,0,0
2005,6,8,20,5,14,125,2.5,0,2,0,0,125
2005,6,8,21,5,14,0,104.5,0,2,1,0,0
2005,6,8,21,5,14,125,2.5,0,2,0,0,125
2005,6,8,22,5,14,0,104.5,0,2,1,0,0
2005,6,8,22,5,14,125,2.5,0,2,0,0,125
2005,6,8,23,5,14,0,104.5,0,2,1,0,0
2005,6,8,23,5,14,125,2.5,0,2,0,0,125
2005,6,8,24,5,14,0,104.5,0,2,1,0,0
2005,6,8,24,5,14,125,2.5,0,2,0,0,125
2005,6,8,1,1,15,0,492.7,0,2,1,0,0
2005,6,8,1,1,15,125,5.3,0,2,0,0,125
2005,6,8,2,1,15,0,492.7,0,2,1,0,0
2005,6,8,2,1,15,125,5.3,0,2,0,0,125
2005,6,8,3,1,15,0,492.7,0,2,1,0,0
2005,6,8,3,1,15,125,5.3,0,2,0,0,125
2005,6,8,4,1,15,0,492.7,0,2,1,0,0
2005,6,8,4,1,15,125,5.3,0,2,0,0,125
2005,6,8,5,1,15,0,492.7,0,2,1,0,0
2005,6,8,5,1,15,125,5.3,0,2,0,0,125
2005,6,8,6,1,15,0,492.7,0,2,1,0,0
2005,6,8,6,1,15,125,5.3,0,2,0,0,125
2005,6,8,7,1,15,0,492.7,0,2,1,0,0
2005,6,8,7,1,15,125,5.3,0,2,0,0,125
2005,6,8,8,1,15,0,492.7,0,2,1,0,0
2005,6,8,8,1,15,125,5.3,0,2,0,0,125
2005,6,8,9,1,15,0,492.7,0,2,1,0,0
2005,6,8,9,1,15,125,5.3,0,2,0,0,125
2005,6,8,10,1,15,0,492.7,0,2,1,0,0
2005,6,8,10,1,15,125,5.3,0,2,0,0,125
2005,6,8,11,1,15,0,492.7,0,2,1,0,0
2005,6,8,11,1,15,125,5.3,0,2,0,0,125
2005,6,8,12,1,15,0,492.7,0,2,1,0,0
2005,6,8,12,1,15,125,5.3,0,2,0,0,125
2005,6,8,13,1,15,0,492.7,0,2,1,0,0
2005,6,8,13,1,15,125,5.3,0,2,0,0,125
2005,6,8,14,1,15,0,492.7,0,2,1,0,0
2005,6,8,14,1,15,125,5.3,0,2,0,0,125
2005,6,8,15,1,15,0,492.7,0,2,1,0,0
2005,6,8,15,1,15,125,5.3,0,2,0,0,125
2005,6,8,16,1,15,0,492.7,0,2,1,0,0
2005,6,8,16,1,15,125,5.3,0,2,0,0,125
2005,6,8,17,1,15,0,492.7,0,2,1,0,0
2005,6,8,17,1,15,125,5.3,0,2,0,0,125
2005,6,8,18,1,15,0,492.7,0,2,1,0,0
2005,6,8,18,1,15,125,5.3,0,2,0,0,125
2005,6,8,19,1,15,0,492.7,0,2,1,0,0
2005,6,8,19,1,15,125,5.3,0,2,0,0,125
2005,6,8,20,1,15,0,492.7,0,2,1,0,0
2005,6,8,20,1,15,125,5.3,0,2,0,0,125
2005,6,8,21,1,15,0,492.7,0,2,1,0,0
2005,6,8,21,1,15,125,5.3,0,2,0,0,125
2005,6,8,22,1,15,0,492.7,0,2,1,0,0
2005,6,8,22,1,15,125,5.3,0,2,0,0,125
2005,6,8,23,1,15,0,492.7,0,2,1,0,0
2005,6,8,23,1,15,125,5.3,0,2,0,0,125
2005,6,8,24,1,15,0,492.7,0,2,1,0,0
2005,6,8,24,1,15,125,5.3,0,2,0,0,125
2005,6,8,1,2,15,0,336.9,0,2,1,0,0
2005,6,8,1,2,15,125,3.6,0,2,0,0,125
2005,6,8,2,2,15,0,336.9,0,2,1,0,0
2005,6,8,2,2,15,125,3.6,0,2,0,0,125
2005,6,8,3,2,15,0,336.9,0,2,1,0,0
2005,6,8,3,2,15,125,3.6,0,2,0,0,125
2005,6,8,4,2,15,0,336.9,0,2,1,0,0
2005,6,8,4,2,15,125,3.6,0,2,0,0,125
2005,6,8,5,2,15,0,336.9,0,2,1,0,0
2005,6,8,5,2,15,125,3.6,0,2,0,0,125
2005,6,8,6,2,15,0,336.9,0,2,1,0,0
2005,6,8,6,2,15,125,3.6,0,2,0,0,125
2005,6,8,7,2,15,0,336.9,0,2,1,0,0
2005,6,8,7,2,15,125,3.6,0,2,0,0,125
2005,6,8,8,2,15,0,336.9,0,2,1,0,0
2005,6,8,8,2,15,125,3.6,0,2,0,0,125
2005,6,8,9,2,15,0,336.9,0,2,1,0,0
2005,6,8,9,2,15,125,3.6,0,2,0,0,125
2005,6,8,10,2,15,0,336.9,0,2,1,0,0
2005,6,8,10,2,15,125,3.6,0,2,0,0,125
2005,6,8,11,2,15,0,336.9,0,2,1,0,0
2005,6,8,11,2,15,125,3.6,0,2,0,0,125
2005,6,8,12,2,15,0,336.9,0,2,1,0,0
2005,6,8,12,2,15,125,3.6,0,2,0,0,125
2005,6,8,13,2,15,0,336.9,0,2,1,0,0
2005,6,8,13,2,15,125,3.6,0,2,0,0,125
2005,6,8,14,2,15,0,336.9,0,2,1,0,0
2005,6,8,14,2,15,125,3.6,0,2,0,0,125
2005,6,8,15,2,15,0,336.9,0,2,1,0,0
2005,6,8,15,2,15,125,3.6,0,2,0,0,125
2005,6,8,16,2,15,0,336.9,0,2,1,0,0
2005,6,8,16,2,15,125,3.6,0,2,0,0,125
2005,6,8,17,2,15,0,336.9,0,2,1,0,0
2005,6,8,17,2,15,125,3.6,0,2,0,0,125
2005,6,8,18,2,15,0,336.9,0,2,1,0,0
2005,6,8,18,2,15,125,3.6,0,2,0,0,125
2005,6,8,19,2,15,0,336.9,0,2,1,0,0
2005,6,8,19,2,15,125,3.6,0,2,0,0,125
2005,6,8,20,2,15,0,336.9,0,2,1,0,0
2005,6,8,20,2,15,125,3.6,0,2,0,0,125
2005,6,8,21,2,15,0,336.9,0,2,1,0,0
2005,6,8,21,2,15,125,3.6,0,2,0,0,125
2005,6,8,22,2,15,0,336.9,0,2,1,0,0
2005,6,8,22,2,15,125,3.6,0,2,0,0,125
2005,6,8,23,2,15,0,336.9,0,2,1,0,0
2005,6,8,23,2,15,125,3.6,0,2,0,0,125
2005,6,8,24,2,15,0,336.9,0,2,1,0,0
2005,6,8,24,2,15,125,3.6,0,2,0,0,125
2005,6,8,1,5,15,0,105.6,0,2,1,0,0
2005,6,8,1,5,15,125,1.1,0,2,0,0,125
2005,6,8,2,5,15,0,105.6,0,2,1,0,0
2005,6,8,2,5,15,125,1.1,0,2,0,0,125
2005,6,8,3,5,15,0,105.6,0,2,1,0,0
2005,6,8,3,5,15,125,1.1,0,2,0,0,125
2005,6,8,4,5,15,0,105.6,0,2,1,0,0
2005,6,8,4,5,15,125,1.1,0,2,0,0,125
2005,6,8,5,5,15,0,105.6,0,2,1,0,0
2005,6,8,5,5,15,125,1.1,0,2,0,0,125
2005,6,8,6,5,15,0,105.6,0,2,1,0,0
2005,6,8,6,5,15,125,1.1,0,2,0,0,125
2005,6,8,7,5,15,0,105.6,0,2,1,0,0
2005,6,8,7,5,15,125,1.1,0,2,0,0,125
2005,6,8,8,5,15,0,105.6,0,2,1,0,0
2005,6,8,8,5,15,125,1.1,0,2,0,0,125
2005,6,8,9,5,15,0,105.6,0,2,1,0,0
2005,6,8,9,5,15,125,1.1,0,2,0,0,125
2005,6,8,10,5,15,0,105.6,0,2,1,0,0
2005,6,8,10,5,15,125,1.1,0,2,0,0,125
2005,6,8,11,5,15,0,105.6,0,2,1,0,0
2005,6,8,11,5,15,125,1.1,0,2,0,0,125
2005,6,8,12,5,15,0,105.6,0,2,1,0,0
2005,6,8,12,5,15,125,1.1,0,2,0,0,125
2005,6,8,13,5,15,0,105.6,0,2,1,0,0
2005,6,8,13,5,15,125,1.1,0,2,0,0,125
2005,6,8,14,5,15,0,105.6,0,2,1,0,0
2005,6,8,14,5,15,125,1.1,0,2,0,0,125
2005,6,8,15,5,15,0,105.6,0,2,1,0,0
2005,6,8,15,5,15,125,1.1,0,2,0,0,125
2005,6,8,16,5,15,0,105.6,0,2,1,0,0
2005,6,8,16,5,15,125,1.1,0,2,0,0,125
2005,6,8,17,5,15,0,105.6,0,2,1,0,0
2005,6,8,17,5,15,125,1.1,0,2,0,0,125
2005,6,8,18,5,15,0,105.6,0,2,1,0,0
2005,6,8,18,5,15,125,1.1,0,2,0,0,125
2005,6,8,19,5,15,0,105.6,0,2,1,0,0
2005,6,8,19,5,15,125,1.1,0,2,0,0,125
2005,6,8,20,5,15,0,105.6,0,2,1,0,0
2005,6,8,20,5,15,125,1.1,0,2,0,0,125
2005,6,8,21,5,15,0,105.6,0,2,1,0,0
2005,6,8,21,5,15,125,1.1,0,2,0,0,125
2005,6,8,22,5,15,0,105.6,0,2,1,0,0
2005,6,8,22,5,15,125,1.1,0,2,0,0,125
2005,6,8,23,5,15,0,105.6,0,2,1,0,0
2005,6,8,23,5,15,125,1.1,0,2,0,0,125
2005,6,8,24,5,15,0,105.6,0,2,1,0,0
2005,6,8,24,5,15,125,1.1,0,2,0,0,125
2005,6,8,1,9,16,0,3.5,0,2,1,0,0
2005,6,8,2,9,16,0,3.5,0,2,1,0,0
2005,6,8,3,9,16,0,3.5,0,2,1,0,0
2005,6,8,4,9,16,0,3.5,0,2,1,0,0
2005,6,8,5,9,16,0,3.5,0,2,1,0,0
2005,6,8,6,9,16,0,3.5,0,2,1,0,0
2005,6,8,7,9,16,0,3.5,0,2,1,0,0
2005,6,8,8,9,16,0,3.5,0,2,1,0,0
2005,6,8,9,9,16,0,3.5,0,2,1,0,0
2005,6,8,10,9,16,0,3.1,0,2,1,0,0
2005,6,8,11,9,16,0,3.1,0,2,1,0,0
2005,6,8,12,9,16,0,3.1,0,2,1,0,0
2005,6,8,13,9,16,0,3.1,0,2,1,0,0
2005,6,8,14,9,16,0,3.1,0,2,1,0,0
2005,6,8,15,9,16,0,3.1,0,2,1,0,0
2005,6,8,16,9,16,0,3.1,0,2,1,0,0
2005,6,8,17,9,16,0,3.1,0,2,1,0,0
2005,6,8,18,9,16,0,3.1,0,2,1,0,0
2005,6,8,19,9,16,0,3.1,0,2,1,0,0
2005,6,8,20,9,16,0,3.1,0,2,1,0,0
2005,6,8,21,9,16,0,3.1,0,2,1,0,0
2005,6,8,22,9,16,0,3.5,0,2,1,0,0
2005,6,8,23,9,16,0,3.5,0,2,1,0,0
2005,6,8,24,9,16,0,3.5,0,2,1,0,0
2005,6,8,1,9,17,0,5.1,0,2,1,0,0
2005,6,8,2,9,17,0,5.1,0,2,1,0,0
2005,6,8,3,9,17,0,5.1,0,2,1,0,0
2005,6,8,4,9,17,0,5.1,0,2,1,0,0
2005,6,8,5,9,17,0,5.1,0,2,1,0,0
2005,6,8,6,9,17,0,5.1,0,2,1,0,0
2005,6,8,7,9,17,0,5.1,0,2,1,0,0
2005,6,8,8,9,17,0,5.1,0,2,1,0,0
2005,6,8,9,9,17,0,5,0,2,1,0,0
2005,6,8,10,9,17,0,5,0,2,1,0,0
2005,6,8,11,9,17,0,5,0,2,1,0,0
2005,6,8,12,9,17,0,5,0,2,1,0,0
2005,6,8,13,9,17,0,5,0,2,1,0,0
2005,6,8,14,9,17,0,5,0,2,1,0,0
2005,6,8,15,9,17,0,5,0,2,1,0,0
2005,6,8,16,9,17,0,5,0,2,1,0,0
2005,6,8,17,9,17,0,5,0,2,1,0,0
2005,6,8,18,9,17,0,5,0,2,1,0,0
2005,6,8,19,9,17,0,5,0,2,1,0,0
2005,6,8,20,9,17,0,5,0,2,1,0,0
2005,6,8,21,9,17,0,5,0,2,1,0,0
2005,6,8,22,9,17,0,5,0,2,1,0,0
2005,6,8,23,9,17,0,5,0,2,1,0,0
2005,6,8,24,9,17,0,5,0,2,1,0,0
2005,6,8,1,9,18,0,8.7,0,2,1,0,0
2005,6,8,2,9,18,0,8.7,0,2,1,0,0
2005,6,8,3,9,18,0,8.7,0,2,1,0,0
2005,6,8,4,9,18,0,8.7,0,2,1,0,0
2005,6,8,5,9,18,0,8.7,0,2,1,0,0
2005,6,8,6,9,18,0,8.6,0,2,1,0,0
2005,6,8,7,9,18,0,8.6,0,2,1,0,0
2005,6,8,8,9,18,0,8.6,0,2,1,0,0
2005,6,8,9,9,18,0,8.9,0,2,1,0,0
2005,6,8,10,9,18,0,8.9,0,2,1,0,0
2005,6,8,11,9,18,0,9.7,0,2,1,0,0
2005,6,8,12,9,18,0,9.6,0,2,1,0,0
2005,6,8,13,9,18,0,9.5,0,2,1,0,0
2005,6,8,14,9,18,0,9.4,0,2,1,0,0
2005,6,8,15,9,18,0,9.4,0,2,1,0,0
2005,6,8,16,9,18,0,9.4,0,2,1,0,0
2005,6,8,17,9,18,0,8.9,0,2,1,0,0
2005,6,8,18,9,18,0,8.9,0,2,1,0,0
2005,6,8,19,9,18,0,8.9,0,2,1,0,0
2005,6,8,20,9,18,0,8.9,0,2,1,0,0
2005,6,8,21,9,18,0,9,0,2,1,0,0
2005,6,8,22,9,18,0,9,0,2,1,0,0
2005,6,8,23,9,18,0,8.7,0,2,1,0,0
2005,6,8,24,9,18,0,8.7,0,2,1,0,0
2005,6,8,1,1,1015,12,230,.370879,2,1,0,42.284891
2005,6,8,1,1,1015,35.48,50,.370879,2,1,0,42.284891
2005,6,8,1,1,1015,37.88,50,.370879,2,1,0,42.284891
2005,6,8,1,1,1015,40.28,59.2,.370879,2,1,0,42.284891
2005,6,8,2,1,1015,12,230,.370879,2,1,0,42.284891
2005,6,8,2,1,1015,35.48,50,.370879,2,1,0,42.284891
2005,6,8,2,1,1015,37.88,50,.370879,2,1,0,42.284891
2005,6,8,2,1,1015,40.28,59.2,.370879,2,0,0,42.284891
2005,6,8,3,1,1015,12,230,.370879,2,1,0,42.284891
2005,6,8,3,1,1015,35.48,50,.370879,2,1,0,42.284891
2005,6,8,3,1,1015,37.88,46.8,.370879,2,1,0,42.284891
2005,6,8,3,1,1015,40.28,59.2,.370879,2,0,0,42.284891
2005,6,8,4,1,1015,12,230,.370879,2,1,0,42.284891
2005,6,8,4,1,1015,35.48,50,.370879,2,1,0,42.284891
2005,6,8,4,1,1015,37.88,50,.370879,2,0,0,42.284891
2005,6,8,4,1,1015,40.28,59.2,.370879,2,0,0,42.284891
2005,6,8,5,1,1015,12,230,.370879,2,1,0,42.284891
2005,6,8,5,1,1015,35.48,50,.370879,2,1,0,42.284891
2005,6,8,5,1,1015,37.88,50,.370879,2,0,0,42.284891
2005,6,8,5,1,1015,40.28,59.2,.370879,2,0,0,42.284891
2005,6,8,6,1,1015,12,230,.370879,2,1,0,42.284891
2005,6,8,6,1,1015,35.48,50,.370879,2,1,0,42.284891
2005,6,8,6,1,1015,37.88,50,.370879,2,1,0,42.284891
2005,6,8,6,1,1015,40.28,59.2,.370879,2,0,0,42.284891
2005,6,8,7,1,1015,12,230,.370879,2,1,0,42.284891
2005,6,8,7,1,1015,35.48,50,.370879,2,1,0,42.284891
2005,6,8,7,1,1015,37.88,50,.370879,2,1,0,42.284891
2005,6,8,7,1,1015,40.28,30.3,.370879,2,1,0,42.284891
2005,6,8,8,1,1015,12,230,.370879,2,1,0,42.284891
2005,6,8,8,1,1015,35.48,50,.370879,2,1,0,42.284891
2005,6,8,8,1,1015,37.88,50,.370879,2,1,0,42.284891
2005,6,8,8,1,1015,40.28,59.2,.370879,2,1,0,42.284891
2005,6,8,9,1,1015,12,230,.370879,2,1,0,42.284891
2005,6,8,9,1,1015,35.48,50,.370879,2,1,0,42.284891
2005,6,8,9,1,1015,37.88,50,.370879,2,1,0,42.284891
2005,6,8,9,1,1015,40.28,59.2,.370879,2,1,0,42.284891
2005,6,8,10,1,1015,12,230,.370879,2,1,0,42.284891
2005,6,8,10,1,1015,35.48,50,.370879,2,1,0,42.284891
2005,6,8,10,1,1015,37.88,50,.370879,2,1,0,42.284891
2005,6,8,10,1,1015,40.28,59.2,.370879,2,1,0,42.284891
2005,6,8,11,1,1015,12,230,.370879,2,1,0,42.284891
2005,6,8,11,1,1015,35.48,50,.370879,2,1,0,42.284891
2005,6,8,11,1,1015,37.88,50,.370879,2,1,0,42.284891
2005,6,8,11,1,1015,40.28,59.2,.370879,2,1,0,42.284891
2005,6,8,12,1,1015,12,230,.370879,2,1,0,42.284891
2005,6,8,12,1,1015,35.48,50,.370879,2,1,0,42.284891
2005,6,8,12,1,1015,37.88,50,.370879,2,1,0,42.284891
2005,6,8,12,1,1015,40.28,59.2,.370879,2,1,0,42.284891
2005,6,8,13,1,1015,12,230,.370879,2,1,0,42.284891
2005,6,8,13,1,1015,35.48,50,.370879,2,1,0,42.284891
2005,6,8,13,1,1015,37.88,50,.370879,2,1,0,42.284891
2005,6,8,13,1,1015,40.28,59.2,.370879,2,1,0,42.284891
2005,6,8,14,1,1015,12,230,.370879,2,1,0,42.284891
2005,6,8,14,1,1015,35.48,50,.370879,2,1,0,42.284891
2005,6,8,14,1,1015,37.88,50,.370879,2,1,0,42.284891
2005,6,8,14,1,1015,40.28,59.2,.370879,2,1,0,42.284891
2005,6,8,15,1,1015,12,230,.370879,2,1,0,42.284891
2005,6,8,15,1,1015,35.48,50,.370879,2,1,0,42.284891
2005,6,8,15,1,1015,37.88,50,.370879,2,1,0,42.284891
2005,6,8,15,1,1015,40.28,59.2,.370879,2,1,0,42.284891
2005,6,8,16,1,1015,12,230,.370879,2,1,0,42.284891
2005,6,8,16,1,1015,35.48,50,.370879,2,1,0,42.284891
2005,6,8,16,1,1015,37.88,50,.370879,2,1,0,42.284891
2005,6,8,16,1,1015,40.28,59.2,.370879,2,1,0,42.284891
2005,6,8,17,1,1015,12,230,.370879,2,1,0,42.284891
2005,6,8,17,1,1015,35.48,50,.370879,2,1,0,42.284891
2005,6,8,17,1,1015,37.88,50,.370879,2,1,0,42.284891
2005,6,8,17,1,1015,40.28,59.2,.370879,2,1,0,42.284891
2005,6,8,18,1,1015,12,230,.370879,2,1,0,42.284891
2005,6,8,18,1,1015,35.48,50,.370879,2,1,0,42.284891
2005,6,8,18,1,1015,37.88,50,.370879,2,1,0,42.284891
2005,6,8,18,1,1015,40.28,59.2,.370879,2,1,0,42.284891
2005,6,8,19,1,1015,12,230,.370879,2,1,0,42.284891
2005,6,8,19,1,1015,35.48,50,.370879,2,1,0,42.284891
2005,6,8,19,1,1015,37.88,50,.370879,2,1,0,42.284891
2005,6,8,19,1,1015,40.28,59.2,.370879,2,1,0,42.284891
2005,6,8,20,1,1015,12,230,.370879,2,1,0,42.284891
2005,6,8,20,1,1015,35.48,50,.370879,2,1,0,42.284891
2005,6,8,20,1,1015,37.88,50,.370879,2,1,0,42.284891
2005,6,8,20,1,1015,40.28,59.2,.370879,2,1,0,42.284891
2005,6,8,21,1,1015,12,230,.370879,2,1,0,42.284891
2005,6,8,21,1,1015,35.48,50,.370879,2,1,0,42.284891
2005,6,8,21,1,1015,37.88,50,.370879,2,1,0,42.284891
2005,6,8,21,1,1015,40.28,59.2,.370879,2,1,0,42.284891
2005,6,8,22,1,1015,12,230,.370879,2,1,0,42.284891
2005,6,8,22,1,1015,35.48,50,.370879,2,1,0,42.284891
2005,6,8,22,1,1015,37.88,50,.370879,2,1,0,42.284891
2005,6,8,22,1,1015,40.28,59.2,.370879,2,1,0,42.284891
2005,6,8,23,1,1015,12,230,.370879,2,1,0,42.284891
2005,6,8,23,1,1015,35.48,50,.370879,2,1,0,42.284891
2005,6,8,23,1,1015,37.88,50,.370879,2,1,0,42.284891
2005,6,8,23,1,1015,40.28,59.2,.370879,2,1,0,42.284891
2005,6,8,24,1,1015,12,230,.370879,2,1,0,42.284891
2005,6,8,24,1,1015,35.48,50,.370879,2,1,0,42.284891
2005,6,8,24,1,1015,37.88,50,.370879,2,1,0,42.284891
2005,6,8,24,1,1015,40.28,59.2,.370879,2,1,0,42.284891
2005,6,8,1,1,1016,0,230,.370879,2,1,0,0
2005,6,8,1,1,1016,35.23,50,.370879,2,1,0,42.284891
2005,6,8,1,1,1016,37.63,50,.370879,2,1,0,42.284891
2005,6,8,1,1,1016,40.03,43.2,.370879,2,1,0,42.284891
2005,6,8,2,1,1016,0,230,.370879,2,1,0,0
2005,6,8,2,1,1016,35.23,50,.370879,2,1,0,42.284891
2005,6,8,2,1,1016,37.63,50,.370879,2,1,0,42.284891
2005,6,8,2,1,1016,40.03,1.2,.370879,2,1,0,42.284891
2005,6,8,3,1,1016,0,230,.370879,2,1,0,0
2005,6,8,3,1,1016,35.23,50,.370879,2,1,0,42.284891
2005,6,8,3,1,1016,37.63,50,.370879,2,1,0,42.284891
2005,6,8,3,1,1016,40.03,43.2,.370879,2,0,0,42.284891
2005,6,8,4,1,1016,0,230,.370879,2,1,0,0
2005,6,8,4,1,1016,35.23,50,.370879,2,1,0,42.284891
2005,6,8,4,1,1016,37.63,20,.370879,2,1,0,42.284891
2005,6,8,4,1,1016,40.03,43.2,.370879,2,0,0,42.284891
2005,6,8,5,1,1016,0,230,.370879,2,1,0,0
2005,6,8,5,1,1016,35.23,50,.370879,2,1,0,42.284891
2005,6,8,5,1,1016,37.63,50,.370879,2,1,0,42.284891
2005,6,8,5,1,1016,40.03,43.2,.370879,2,0,0,42.284891
2005,6,8,6,1,1016,0,230,.370879,2,1,0,0
2005,6,8,6,1,1016,35.23,50,.370879,2,1,0,42.284891
2005,6,8,6,1,1016,37.63,50,.370879,2,1,0,42.284891
2005,6,8,6,1,1016,40.03,43.2,.370879,2,0,0,42.284891
2005,6,8,7,1,1016,0,230,.370879,2,1,0,0
2005,6,8,7,1,1016,35.23,50,.370879,2,1,0,42.284891
2005,6,8,7,1,1016,37.63,50,.370879,2,1,0,42.284891
2005,6,8,7,1,1016,40.03,43.2,.370879,2,1,0,42.284891
2005,6,8,8,1,1016,0,230,.370879,2,1,0,0
2005,6,8,8,1,1016,35.23,50,.370879,2,1,0,42.284891
2005,6,8,8,1,1016,37.63,50,.370879,2,1,0,42.284891
2005,6,8,8,1,1016,40.03,43.2,.370879,2,1,0,42.284891
2005,6,8,9,1,1016,0,230,.370879,2,1,0,0
2005,6,8,9,1,1016,35.23,50,.370879,2,1,0,42.284891
2005,6,8,9,1,1016,37.63,50,.370879,2,1,0,42.284891
2005,6,8,9,1,1016,40.03,43.2,.370879,2,1,0,42.284891
2005,6,8,10,1,1016,0,230,.370879,2,1,0,0
2005,6,8,10,1,1016,35.23,50,.370879,2,1,0,42.284891
2005,6,8,10,1,1016,37.63,50,.370879,2,1,0,42.284891
2005,6,8,10,1,1016,40.03,43.2,.370879,2,1,0,42.284891
2005,6,8,11,1,1016,0,230,.370879,2,1,0,0
2005,6,8,11,1,1016,35.23,50,.370879,2,1,0,42.284891
2005,6,8,11,1,1016,37.63,50,.370879,2,1,0,42.284891
2005,6,8,11,1,1016,40.03,43.2,.370879,2,1,0,42.284891
2005,6,8,12,1,1016,0,230,.370879,2,1,0,0
2005,6,8,12,1,1016,35.23,50,.370879,2,1,0,42.284891
2005,6,8,12,1,1016,37.63,50,.370879,2,1,0,42.284891
2005,6,8,12,1,1016,40.03,43.2,.370879,2,1,0,42.284891
2005,6,8,13,1,1016,0,230,.370879,2,1,0,0
2005,6,8,13,1,1016,35.23,50,.370879,2,1,0,42.284891
2005,6,8,13,1,1016,37.63,50,.370879,2,1,0,42.284891
2005,6,8,13,1,1016,40.03,43.2,.370879,2,1,0,42.284891
2005,6,8,14,1,1016,0,230,.370879,2,1,0,0
2005,6,8,14,1,1016,35.23,50,.370879,2,1,0,42.284891
2005,6,8,14,1,1016,37.63,50,.370879,2,1,0,42.284891
2005,6,8,14,1,1016,40.03,43.2,.370879,2,1,0,42.284891
2005,6,8,15,1,1016,0,230,.370879,2,1,0,0
2005,6,8,15,1,1016,35.23,50,.370879,2,1,0,42.284891
2005,6,8,15,1,1016,37.63,50,.370879,2,1,0,42.284891
2005,6,8,15,1,1016,40.03,43.2,.370879,2,1,0,42.284891
2005,6,8,16,1,1016,0,230,.370879,2,1,0,0
2005,6,8,16,1,1016,35.23,50,.370879,2,1,0,42.284891
2005,6,8,16,1,1016,37.63,50,.370879,2,1,0,42.284891
2005,6,8,16,1,1016,40.03,43.2,.370879,2,1,0,42.284891
2005,6,8,17,1,1016,0,230,.370879,2,1,0,0
2005,6,8,17,1,1016,35.23,50,.370879,2,1,0,42.284891
2005,6,8,17,1,1016,37.63,50,.370879,2,1,0,42.284891
2005,6,8,17,1,1016,40.03,43.2,.370879,2,1,0,42.284891
2005,6,8,18,1,1016,0,230,.370879,2,1,0,0
2005,6,8,18,1,1016,35.23,50,.370879,2,1,0,42.284891
2005,6,8,18,1,1016,37.63,50,.370879,2,1,0,42.284891
2005,6,8,18,1,1016,40.03,43.2,.370879,2,1,0,42.284891
2005,6,8,19,1,1016,0,230,.370879,2,1,0,0
2005,6,8,19,1,1016,35.23,50,.370879,2,1,0,42.284891
2005,6,8,19,1,1016,37.63,50,.370879,2,1,0,42.284891
2005,6,8,19,1,1016,40.03,43.2,.370879,2,1,0,42.284891
2005,6,8,20,1,1016,0,230,.370879,2,1,0,0
2005,6,8,20,1,1016,35.23,50,.370879,2,1,0,42.284891
2005,6,8,20,1,1016,37.63,50,.370879,2,1,0,42.284891
2005,6,8,20,1,1016,40.03,43.2,.370879,2,1,0,42.284891
2005,6,8,21,1,1016,0,230,.370879,2,1,0,0
2005,6,8,21,1,1016,35.23,50,.370879,2,1,0,42.284891
2005,6,8,21,1,1016,37.63,50,.370879,2,1,0,42.284891
2005,6,8,21,1,1016,40.03,43.2,.370879,2,1,0,42.284891
2005,6,8,22,1,1016,0,230,.370879,2,1,0,0
2005,6,8,22,1,1016,35.23,50,.370879,2,1,0,42.284891
2005,6,8,22,1,1016,37.63,50,.370879,2,1,0,42.284891
2005,6,8,22,1,1016,40.03,43.2,.370879,2,1,0,42.284891
2005,6,8,23,1,1016,0,230,.370879,2,1,0,0
2005,6,8,23,1,1016,35.23,50,.370879,2,1,0,42.284891
2005,6,8,23,1,1016,37.63,50,.370879,2,1,0,42.284891
2005,6,8,23,1,1016,40.03,43.2,.370879,2,1,0,42.284891
2005,6,8,24,1,1016,0,230,.370879,2,1,0,0
2005,6,8,24,1,1016,35.23,50,.370879,2,1,0,42.284891
2005,6,8,24,1,1016,37.63,50,.370879,2,1,0,42.284891
2005,6,8,24,1,1016,40.03,43.2,.370879,2,1,0,42.284891
2005,6,8,1,5,1018,.01,200,.342533,2,1,0,.01
2005,6,8,1,5,1018,33.86,3.7,.342533,2,1,0,41.305278
2005,6,8,1,5,1018,33.96,3.7,.342533,2,1,0,41.305278
2005,6,8,1,5,1018,34.05,3.7,.342533,2,1,0,41.305278
2005,6,8,1,5,1018,34.15,3.7,.342533,2,1,0,41.305278
2005,6,8,1,5,1018,34.18,145.2,.342533,2,1,0,41.305278
2005,6,8,1,5,1018,180.3,30,.342533,2,0,0,180.3
2005,6,8,2,5,1018,.01,200,.342533,2,1,0,.01
2005,6,8,2,5,1018,33.86,3.7,.342533,2,1,0,41.305278
2005,6,8,2,5,1018,33.96,3.7,.342533,2,1,0,41.305278
2005,6,8,2,5,1018,34.05,3.7,.342533,2,1,0,41.305278
2005,6,8,2,5,1018,34.15,3.7,.342533,2,1,0,41.305278
2005,6,8,2,5,1018,34.18,145.2,.342533,2,1,0,41.305278
2005,6,8,2,5,1018,180.3,30,.342533,2,0,0,180.3
2005,6,8,3,5,1018,.01,200,.342533,2,1,0,.01
2005,6,8,3,5,1018,33.86,3.7,.342533,2,1,0,41.305278
2005,6,8,3,5,1018,33.96,3.7,.342533,2,1,0,41.305278
2005,6,8,3,5,1018,34.05,3.7,.342533,2,1,0,41.305278
2005,6,8,3,5,1018,34.15,3.7,.342533,2,1,0,41.305278
2005,6,8,3,5,1018,34.18,145.2,.342533,2,1,0,41.305278
2005,6,8,3,5,1018,180.3,30,.342533,2,0,0,180.3
2005,6,8,4,5,1018,.01,200,.342533,2,1,0,.01
2005,6,8,4,5,1018,33.86,3.7,.342533,2,1,0,41.305278
2005,6,8,4,5,1018,33.96,3.7,.342533,2,1,0,41.305278
2005,6,8,4,5,1018,34.05,3.7,.342533,2,1,0,41.305278
2005,6,8,4,5,1018,34.15,3.7,.342533,2,1,0,41.305278
2005,6,8,4,5,1018,34.18,145.2,.342533,2,1,0,41.305278
2005,6,8,4,5,1018,180.3,30,.342533,2,0,0,180.3
2005,6,8,5,5,1018,.01,200,.342533,2,1,0,.01
2005,6,8,5,5,1018,33.86,3.7,.342533,2,1,0,41.305278
2005,6,8,5,5,1018,33.96,3.7,.342533,2,1,0,41.305278
2005,6,8,5,5,1018,34.05,3.7,.342533,2,1,0,41.305278
2005,6,8,5,5,1018,34.15,3.7,.342533,2,1,0,41.305278
2005,6,8,5,5,1018,34.18,145.2,.342533,2,1,0,41.305278
2005,6,8,5,5,1018,180.3,30,.342533,2,0,0,180.3
2005,6,8,6,5,1018,.01,200,.342533,2,1,0,.01
2005,6,8,6,5,1018,33.86,3.7,.342533,2,1,0,41.305278
2005,6,8,6,5,1018,33.96,3.7,.342533,2,1,0,41.305278
2005,6,8,6,5,1018,34.05,3.7,.342533,2,1,0,41.305278
2005,6,8,6,5,1018,34.15,3.7,.342533,2,1,0,41.305278
2005,6,8,6,5,1018,34.18,145.2,.342533,2,1,0,41.305278
2005,6,8,6,5,1018,180.3,30,.342533,2,0,0,180.3
2005,6,8,7,5,1018,.01,200,.342533,2,1,0,.01
2005,6,8,7,5,1018,33.86,3.7,.342533,2,1,0,41.305278
2005,6,8,7,5,1018,33.96,3.7,.342533,2,1,0,41.305278
2005,6,8,7,5,1018,34.05,3.7,.342533,2,1,0,41.305278
2005,6,8,7,5,1018,34.15,3.7,.342533,2,1,0,41.305278
2005,6,8,7,5,1018,34.18,145.2,.342533,2,1,0,41.305278
2005,6,8,7,5,1018,180.3,30,.342533,2,0,0,180.3
2005,6,8,8,5,1018,.01,200,.342533,2,1,0,.01
2005,6,8,8,5,1018,33.86,3.7,.342533,2,1,0,41.305278
2005,6,8,8,5,1018,33.96,3.7,.342533,2,1,0,41.305278
2005,6,8,8,5,1018,34.05,3.7,.342533,2,1,0,41.305278
2005,6,8,8,5,1018,34.15,3.7,.342533,2,1,0,41.305278
2005,6,8,8,5,1018,34.18,145.2,.342533,2,1,0,41.305278
2005,6,8,8,5,1018,180.3,30,.342533,2,0,0,180.3
2005,6,8,9,5,1018,.01,200,.342533,2,1,0,.01
2005,6,8,9,5,1018,33.86,3.7,.342533,2,1,0,41.305278
2005,6,8,9,5,1018,33.96,3.7,.342533,2,1,0,41.305278
2005,6,8,9,5,1018,34.05,3.7,.342533,2,1,0,41.305278
2005,6,8,9,5,1018,34.15,3.7,.342533,2,1,0,41.305278
2005,6,8,9,5,1018,34.18,85.2,.342533,2,1,0,41.305278
2005,6,8,9,5,1018,89.8,65,.342533,2,0,0,41.305278
2005,6,8,9,5,1018,180.3,25,.342533,2,0,0,180.3
2005,6,8,10,5,1018,.01,200,.342533,2,1,0,.01
2005,6,8,10,5,1018,33.86,3.7,.342533,2,1,0,41.305278
2005,6,8,10,5,1018,33.96,3.7,.342533,2,1,0,41.305278
2005,6,8,10,5,1018,34.05,3.7,.342533,2,1,0,41.305278
2005,6,8,10,5,1018,34.15,3.7,.342533,2,1,0,41.305278
2005,6,8,10,5,1018,34.18,85.2,.342533,2,1,0,41.305278
2005,6,8,10,5,1018,89.8,65,.342533,2,0,0,41.305278
2005,6,8,10,5,1018,180.3,25,.342533,2,0,0,180.3
2005,6,8,11,5,1018,.01,200,.342533,2,1,0,.01
2005,6,8,11,5,1018,33.86,3.7,.342533,2,1,0,41.305278
2005,6,8,11,5,1018,33.96,3.7,.342533,2,1,0,41.305278
2005,6,8,11,5,1018,34.05,3.7,.342533,2,1,0,41.305278
2005,6,8,11,5,1018,34.15,3.7,.342533,2,1,0,41.305278
2005,6,8,11,5,1018,34.18,85.2,.342533,2,1,0,41.305278
2005,6,8,11,5,1018,89.8,65,.342533,2,0,0,41.305278
2005,6,8,11,5,1018,180.3,25,.342533,2,0,0,180.3
2005,6,8,12,5,1018,.01,200,.342533,2,1,0,.01
2005,6,8,12,5,1018,33.86,3.7,.342533,2,1,0,41.305278
2005,6,8,12,5,1018,33.96,3.7,.342533,2,1,0,41.305278
2005,6,8,12,5,1018,34.05,3.7,.342533,2,1,0,41.305278
2005,6,8,12,5,1018,34.15,3.7,.342533,2,1,0,41.305278
2005,6,8,12,5,1018,34.18,85.2,.342533,2,1,0,41.305278
2005,6,8,12,5,1018,89.8,65,.342533,2,1,0,41.305278
2005,6,8,12,5,1018,180.3,25,.342533,2,0,0,180.3
2005,6,8,13,5,1018,0,200,.342533,2,1,0,0
2005,6,8,13,5,1018,33.86,3.7,.342533,2,1,0,41.305278
2005,6,8,13,5,1018,33.96,3.7,.342533,2,1,0,41.305278
2005,6,8,13,5,1018,34.05,3.7,.342533,2,1,0,41.305278
2005,6,8,13,5,1018,34.15,3.7,.342533,2,1,0,41.305278
2005,6,8,13,5,1018,34.18,85.2,.342533,2,1,0,41.305278
2005,6,8,13,5,1018,89.8,65,.342533,2,1,0,41.305278
2005,6,8,13,5,1018,180.3,25,.342533,2,0,0,180.3
2005,6,8,14,5,1018,0,200,.342533,2,1,0,0
2005,6,8,14,5,1018,33.86,3.7,.342533,2,1,0,41.305278
2005,6,8,14,5,1018,33.96,3.7,.342533,2,1,0,41.305278
2005,6,8,14,5,1018,34.05,3.7,.342533,2,1,0,41.305278
2005,6,8,14,5,1018,34.15,3.7,.342533,2,1,0,41.305278
2005,6,8,14,5,1018,34.18,85.2,.342533,2,1,0,41.305278
2005,6,8,14,5,1018,89.8,65,.342533,2,1,0,41.305278
2005,6,8,14,5,1018,180.3,25,.342533,2,0,0,180.3
2005,6,8,15,5,1018,0,200,.342533,2,1,0,0
2005,6,8,15,5,1018,33.86,3.7,.342533,2,1,0,41.305278
2005,6,8,15,5,1018,33.96,3.7,.342533,2,1,0,41.305278
2005,6,8,15,5,1018,34.05,3.7,.342533,2,1,0,41.305278
2005,6,8,15,5,1018,34.15,3.7,.342533,2,1,0,41.305278
2005,6,8,15,5,1018,34.18,85.2,.342533,2,1,0,41.305278
2005,6,8,15,5,1018,89.8,65,.342533,2,0,0,41.305278
2005,6,8,15,5,1018,180.3,25,.342533,2,0,0,180.3
2005,6,8,16,5,1018,0,200,.342533,2,1,0,0
2005,6,8,16,5,1018,33.86,3.7,.342533,2,1,0,41.305278
2005,6,8,16,5,1018,33.96,3.7,.342533,2,1,0,41.305278
2005,6,8,16,5,1018,34.05,3.7,.342533,2,1,0,41.305278
2005,6,8,16,5,1018,34.15,3.7,.342533,2,1,0,41.305278
2005,6,8,16,5,1018,34.18,85.2,.342533,2,1,0,41.305278
2005,6,8,16,5,1018,89.8,65,.342533,2,0,0,41.305278
2005,6,8,16,5,1018,180.3,25,.342533,2,0,0,180.3
2005,6,8,17,5,1018,0,200,.342533,2,1,0,0
2005,6,8,17,5,1018,33.86,3.7,.342533,2,1,0,41.305278
2005,6,8,17,5,1018,33.96,3.7,.342533,2,1,0,41.305278
2005,6,8,17,5,1018,34.05,3.7,.342533,2,1,0,41.305278
2005,6,8,17,5,1018,34.15,3.7,.342533,2,1,0,41.305278
2005,6,8,17,5,1018,34.18,85.2,.342533,2,1,0,41.305278
2005,6,8,17,5,1018,89.8,65,.342533,2,0,0,41.305278
2005,6,8,17,5,1018,180.3,25,.342533,2,0,0,180.3
2005,6,8,18,5,1018,0,200,.342533,2,1,0,0
2005,6,8,18,5,1018,33.86,3.7,.342533,2,1,0,41.305278
2005,6,8,18,5,1018,33.96,3.7,.342533,2,1,0,41.305278
2005,6,8,18,5,1018,34.05,3.7,.342533,2,1,0,41.305278
2005,6,8,18,5,1018,34.15,3.7,.342533,2,1,0,41.305278
2005,6,8,18,5,1018,34.18,85.2,.342533,2,1,0,41.305278
2005,6,8,18,5,1018,89.8,65,.342533,2,1,0,41.305278
2005,6,8,18,5,1018,180.3,25,.342533,2,0,0,180.3
2005,6,8,19,5,1018,0,200,.342533,2,1,0,0
2005,6,8,19,5,1018,33.86,3.7,.342533,2,1,0,41.305278
2005,6,8,19,5,1018,33.96,3.7,.342533,2,1,0,41.305278
2005,6,8,19,5,1018,34.05,3.7,.342533,2,1,0,41.305278
2005,6,8,19,5,1018,34.15,3.7,.342533,2,1,0,41.305278
2005,6,8,19,5,1018,34.18,85.2,.342533,2,1,0,41.305278
2005,6,8,19,5,1018,89.8,65,.342533,2,0,0,41.305278
2005,6,8,19,5,1018,180.3,25,.342533,2,0,0,180.3
2005,6,8,20,5,1018,0,200,.342533,2,1,0,0
2005,6,8,20,5,1018,33.86,3.7,.342533,2,1,0,41.305278
2005,6,8,20,5,1018,33.96,3.7,.342533,2,1,0,41.305278
2005,6,8,20,5,1018,34.05,3.7,.342533,2,1,0,41.305278
2005,6,8,20,5,1018,34.15,3.7,.342533,2,1,0,41.305278
2005,6,8,20,5,1018,34.18,85.2,.342533,2,1,0,41.305278
2005,6,8,20,5,1018,89.8,65,.342533,2,0,0,41.305278
2005,6,8,20,5,1018,180.3,25,.342533,2,0,0,180.3
2005,6,8,21,5,1018,0,200,.342533,2,1,0,0
2005,6,8,21,5,1018,33.86,3.7,.342533,2,1,0,41.305278
2005,6,8,21,5,1018,33.96,3.7,.342533,2,1,0,41.305278
2005,6,8,21,5,1018,34.05,3.7,.342533,2,1,0,41.305278
2005,6,8,21,5,1018,34.15,3.7,.342533,2,1,0,41.305278
2005,6,8,21,5,1018,34.18,85.2,.342533,2,1,0,41.305278
2005,6,8,21,5,1018,89.8,65,.342533,2,0,0,41.305278
2005,6,8,21,5,1018,180.3,25,.342533,2,0,0,180.3
2005,6,8,22,5,1018,0,200,.342533,2,1,0,0
2005,6,8,22,5,1018,33.86,3.7,.342533,2,1,0,41.305278
2005,6,8,22,5,1018,33.96,3.7,.342533,2,1,0,41.305278
2005,6,8,22,5,1018,34.05,3.7,.342533,2,1,0,41.305278
2005,6,8,22,5,1018,34.15,3.7,.342533,2,1,0,41.305278
2005,6,8,22,5,1018,34.18,85.2,.342533,2,1,0,41.305278
2005,6,8,22,5,1018,89.8,65,.342533,2,0,0,41.305278
2005,6,8,22,5,1018,180.3,25,.342533,2,0,0,180.3
2005,6,8,23,5,1018,0,200,.342533,2,1,0,0
2005,6,8,23,5,1018,33.86,3.7,.342533,2,1,0,41.305278
2005,6,8,23,5,1018,33.96,3.7,.342533,2,1,0,41.305278
2005,6,8,23,5,1018,34.05,3.7,.342533,2,1,0,41.305278
2005,6,8,23,5,1018,34.15,3.7,.342533,2,1,0,41.305278
2005,6,8,23,5,1018,34.18,85.2,.342533,2,1,0,41.305278
2005,6,8,23,5,1018,89.8,65,.342533,2,0,0,41.305278
2005,6,8,23,5,1018,180.3,25,.342533,2,0,0,180.3
2005,6,8,24,5,1018,0,200,.342533,2,1,0,0
2005,6,8,24,5,1018,33.86,3.7,.342533,2,1,0,41.305278
2005,6,8,24,5,1018,33.96,3.7,.342533,2,1,0,41.305278
2005,6,8,24,5,1018,34.05,3.7,.342533,2,1,0,41.305278
2005,6,8,24,5,1018,34.15,3.7,.342533,2,1,0,41.305278
2005,6,8,24,5,1018,34.18,85.2,.342533,2,1,0,41.305278
2005,6,8,24,5,1018,89.8,65,.342533,2,0,0,41.305278
2005,6,8,24,5,1018,180.3,25,.342533,2,0,0,180.3
2005,6,8,1,5,1019,34.18,110.5,.342533,2,1,0,41.788017
2005,6,8,1,5,1019,180.3,40,.342533,2,0,0,180.3
2005,6,8,2,5,1019,0,10.1,.342533,2,1,0,0
2005,6,8,2,5,1019,33.86,3.7,.342533,2,1,0,41.788017
2005,6,8,2,5,1019,33.96,3.7,.342533,2,1,0,41.788017
2005,6,8,2,5,1019,34.05,3.7,.342533,2,1,0,41.788017
2005,6,8,2,5,1019,34.15,3.7,.342533,2,1,0,41.788017
2005,6,8,2,5,1019,34.18,135.2,.342533,2,1,0,41.788017
2005,6,8,2,5,1019,180.3,40,.342533,2,0,0,180.3
2005,6,8,3,5,1019,0,33.6,.342533,2,1,0,0
2005,6,8,3,5,1019,33.86,3.7,.342533,2,1,0,41.788017
2005,6,8,3,5,1019,33.96,3.7,.342533,2,1,0,41.788017
2005,6,8,3,5,1019,34.05,3.7,.342533,2,1,0,41.788017
2005,6,8,3,5,1019,34.15,3.7,.342533,2,1,0,41.788017
2005,6,8,3,5,1019,34.18,135.2,.342533,2,1,0,41.788017
2005,6,8,3,5,1019,180.3,40,.342533,2,0,0,180.3
2005,6,8,4,5,1019,0,47.7,.342533,2,1,0,0
2005,6,8,4,5,1019,33.86,3.7,.342533,2,1,0,41.788017
2005,6,8,4,5,1019,33.96,3.7,.342533,2,1,0,41.788017
2005,6,8,4,5,1019,34.05,3.7,.342533,2,1,0,41.788017
2005,6,8,4,5,1019,34.15,3.7,.342533,2,1,0,41.788017
2005,6,8,4,5,1019,34.18,135.2,.342533,2,1,0,41.788017
2005,6,8,4,5,1019,180.3,40,.342533,2,0,0,180.3
2005,6,8,5,5,1019,0,60.6,.342533,2,1,0,0
2005,6,8,5,5,1019,33.86,3.7,.342533,2,1,0,41.788017
2005,6,8,5,5,1019,33.96,3.7,.342533,2,1,0,41.788017
2005,6,8,5,5,1019,34.05,3.7,.342533,2,1,0,41.788017
2005,6,8,5,5,1019,34.15,3.7,.342533,2,1,0,41.788017
2005,6,8,5,5,1019,34.18,135.2,.342533,2,1,0,41.788017
2005,6,8,5,5,1019,180.3,40,.342533,2,0,0,180.3
2005,6,8,6,5,1019,0,57.3,.342533,2,1,0,0
2005,6,8,6,5,1019,33.86,3.7,.342533,2,1,0,41.788017
2005,6,8,6,5,1019,33.96,3.7,.342533,2,1,0,41.788017
2005,6,8,6,5,1019,34.05,3.7,.342533,2,1,0,41.788017
2005,6,8,6,5,1019,34.15,3.7,.342533,2,1,0,41.788017
2005,6,8,6,5,1019,34.18,135.2,.342533,2,1,0,41.788017
2005,6,8,6,5,1019,180.3,40,.342533,2,0,0,180.3
2005,6,8,7,5,1019,0,30.7,.342533,2,1,0,0
2005,6,8,7,5,1019,33.86,3.7,.342533,2,1,0,41.788017
2005,6,8,7,5,1019,33.96,3.7,.342533,2,1,0,41.788017
2005,6,8,7,5,1019,34.05,3.7,.342533,2,1,0,41.788017
2005,6,8,7,5,1019,34.15,3.7,.342533,2,1,0,41.788017
2005,6,8,7,5,1019,34.18,135.2,.342533,2,1,0,41.788017
2005,6,8,7,5,1019,180.3,40,.342533,2,0,0,180.3
2005,6,8,8,5,1019,34.18,134.5,.342533,2,1,0,41.788017
2005,6,8,8,5,1019,180.3,40,.342533,2,0,0,180.3
2005,6,8,9,5,1019,34.18,75.2,.342533,2,1,0,41.788017
2005,6,8,9,5,1019,180.3,40,.342533,2,0,0,180.3
2005,6,8,10,5,1019,34.18,47.8,.342533,2,1,0,41.788017
2005,6,8,10,5,1019,180.3,40,.342533,2,0,0,180.3
2005,6,8,11,5,1019,34.18,18.9,.342533,2,1,0,41.788017
2005,6,8,11,5,1019,180.3,40,.342533,2,0,0,180.3
2005,6,8,12,5,1019,34.18,2.9,.342533,2,1,0,41.788017
2005,6,8,12,5,1019,180.3,40,.342533,2,0,0,180.3
2005,6,8,13,5,1019,180.3,29.7,.342533,2,0,0,180.3
2005,6,8,14,5,1019,180.3,29.1,.342533,2,0,0,180.3
2005,6,8,15,5,1019,34.18,15.4,.342533,2,1,0,41.788017
2005,6,8,15,5,1019,180.3,40,.342533,2,0,0,180.3
2005,6,8,16,5,1019,34.18,16.8,.342533,2,1,0,41.788017
2005,6,8,16,5,1019,180.3,40,.342533,2,0,0,180.3
2005,6,8,17,5,1019,34.18,16.3,.342533,2,1,0,41.788017
2005,6,8,17,5,1019,180.3,40,.342533,2,0,0,180.3
2005,6,8,18,5,1019,34.18,12.9,.342533,2,1,0,41.788017
2005,6,8,18,5,1019,180.3,40,.342533,2,0,0,180.3
2005,6,8,19,5,1019,34.18,17,.342533,2,1,0,41.788017
2005,6,8,19,5,1019,180.3,40,.342533,2,0,0,180.3
2005,6,8,20,5,1019,34.18,20.9,.342533,2,1,0,41.788017
2005,6,8,20,5,1019,180.3,40,.342533,2,0,0,180.3
2005,6,8,21,5,1019,34.18,18,.342533,2,1,0,41.788017
2005,6,8,21,5,1019,180.3,40,.342533,2,0,0,180.3
2005,6,8,22,5,1019,34.18,11.6,.342533,2,1,0,41.788017
2005,6,8,22,5,1019,180.3,40,.342533,2,0,0,180.3
2005,6,8,23,5,1019,180.3,36.9,.342533,2,0,0,180.3
2005,6,8,24,5,1019,34.18,37,.342533,2,1,0,41.788017
2005,6,8,24,5,1019,180.3,40,.342533,2,0,0,180.3
2005,6,8,1,9,23,180.3,.5,0,1,1,0,180.3
2005,6,8,2,9,23,180.3,.5,0,1,1,0,180.3
2005,6,8,3,9,23,180.3,.5,0,1,1,0,180.3
2005,6,8,4,9,23,180.3,.5,0,1,1,0,180.3
2005,6,8,5,9,23,180.3,.5,0,1,1,0,180.3
2005,6,8,6,9,23,180.3,.5,0,1,1,0,180.3
2005,6,8,7,9,23,180.3,.5,0,1,1,0,180.3
2005,6,8,8,9,23,180.3,.5,0,1,1,0,180.3
2005,6,8,9,9,23,180.3,.5,0,1,1,0,180.3
2005,6,8,10,9,23,180.3,.5,0,1,1,0,180.3
2005,6,8,11,9,23,180.3,.5,0,1,1,0,180.3
2005,6,8,12,9,23,180.3,.5,0,1,1,0,180.3
2005,6,8,13,9,23,180.3,.5,0,1,1,0,180.3
2005,6,8,14,9,23,180.3,.5,0,1,1,0,180.3
2005,6,8,15,9,23,180.3,.5,0,1,1,0,180.3
2005,6,8,16,9,23,180.3,.5,0,1,1,0,180.3
2005,6,8,17,9,23,180.3,.5,0,1,1,0,180.3
2005,6,8,18,9,23,180.3,.6,0,1,1,0,180.3
2005,6,8,19,9,23,180.3,.5,0,1,1,0,180.3
2005,6,8,20,9,23,180.3,.5,0,1,1,0,180.3
2005,6,8,21,9,23,180.3,.5,0,1,1,0,180.3
2005,6,8,22,9,23,180.3,.5,0,1,1,0,180.3
2005,6,8,23,9,23,180.3,.5,0,1,1,0,180.3
2005,6,8,24,9,23,180.3,.5,0,1,1,0,180.3
2005,6,8,1,2,24,0,872,0,2,1,0,0
2005,6,8,1,2,24,120.01,28,0,2,0,0,120.01
2005,6,8,2,2,24,0,873,0,2,1,0,0
2005,6,8,2,2,24,120.01,27,0,2,0,0,120.01
2005,6,8,3,2,24,0,874,0,2,1,0,0
2005,6,8,3,2,24,120.01,26,0,2,0,0,120.01
2005,6,8,4,2,24,0,876,0,2,1,0,0
2005,6,8,4,2,24,120.01,24,0,2,0,0,120.01
2005,6,8,5,2,24,0,877,0,2,1,0,0
2005,6,8,5,2,24,120.01,23,0,2,0,0,120.01
2005,6,8,6,2,24,0,879,0,2,1,0,0
2005,6,8,6,2,24,120.01,21,0,2,0,0,120.01
2005,6,8,7,2,24,0,882,0,2,1,0,0
2005,6,8,7,2,24,120.01,18,0,2,0,0,120.01
2005,6,8,8,2,24,0,881,0,2,1,0,0
2005,6,8,8,2,24,120.01,19,0,2,0,0,120.01
2005,6,8,9,2,24,0,880,0,2,1,0,0
2005,6,8,9,2,24,120.01,20,0,2,0,0,120.01
2005,6,8,10,2,24,0,878,0,2,1,0,0
2005,6,8,10,2,24,120.01,22,0,2,0,0,120.01
2005,6,8,11,2,24,0,877,0,2,1,0,0
2005,6,8,11,2,24,120.01,23,0,2,0,0,120.01
2005,6,8,12,2,24,0,875,0,2,1,0,0
2005,6,8,12,2,24,120.01,25,0,2,0,0,120.01
2005,6,8,13,2,24,0,872,0,2,1,0,0
2005,6,8,13,2,24,120.01,28,0,2,0,0,120.01
2005,6,8,14,2,24,0,870,0,2,1,0,0
2005,6,8,14,2,24,120.01,30,0,2,0,0,120.01
2005,6,8,15,2,24,0,869,0,2,1,0,0
2005,6,8,15,2,24,120.01,31,0,2,0,0,120.01
2005,6,8,16,2,24,0,867,0,2,1,0,0
2005,6,8,16,2,24,120.01,33,0,2,0,0,120.01
2005,6,8,17,2,24,0,864,0,2,1,0,0
2005,6,8,17,2,24,120.01,36,0,2,0,0,120.01
2005,6,8,18,2,24,0,866,0,2,1,0,0
2005,6,8,18,2,24,120.01,34,0,2,0,0,120.01
2005,6,8,19,2,24,0,866,0,2,1,0,0
2005,6,8,19,2,24,120.01,34,0,2,0,0,120.01
2005,6,8,20,2,24,0,868,0,2,1,0,0
2005,6,8,20,2,24,120.01,32,0,2,0,0,120.01
2005,6,8,21,2,24,0,868,0,2,1,0,0
2005,6,8,21,2,24,120.01,32,0,2,0,0,120.01
2005,6,8,22,2,24,0,870,0,2,1,0,0
2005,6,8,22,2,24,120.01,30,0,2,0,0,120.01
2005,6,8,23,2,24,0,872,0,2,1,0,0
2005,6,8,23,2,24,120.01,28,0,2,0,0,120.01
2005,6,8,24,2,24,0,872,0,2,1,0,0
2005,6,8,24,2,24,120.01,28,0,2,0,0,120.01
2005,6,8,1,1,25,0,142.7,0,2,1,0,0
2005,6,8,1,1,25,120.01,6.1,0,2,0,0,120.01
2005,6,8,2,1,25,0,142.9,0,2,1,0,0
2005,6,8,2,1,25,120.01,5.8,0,2,0,0,120.01
2005,6,8,3,1,25,0,143.1,0,2,1,0,0
2005,6,8,3,1,25,120.01,5.7,0,2,0,0,120.01
2005,6,8,4,1,25,0,143.4,0,2,1,0,0
2005,6,8,4,1,25,120.01,5.4,0,2,0,0,120.01
2005,6,8,5,1,25,0,143.5,0,2,1,0,0
2005,6,8,5,1,25,120.01,5.2,0,2,0,0,120.01
2005,6,8,6,1,25,0,143.8,0,2,1,0,0
2005,6,8,6,1,25,120.01,4.9,0,2,0,0,120.01
2005,6,8,7,1,25,0,144.2,0,2,1,0,0
2005,6,8,7,1,25,120.01,4.6,0,2,0,0,120.01
2005,6,8,8,1,25,0,144.2,0,2,1,0,0
2005,6,8,8,1,25,120.01,4.6,0,2,0,0,120.01
2005,6,8,9,1,25,0,143.8,0,2,1,0,0
2005,6,8,9,1,25,120.01,4.9,0,2,0,0,120.01
2005,6,8,10,1,25,0,143.7,0,2,1,0,0
2005,6,8,10,1,25,120.01,5.1,0,2,0,0,120.01
2005,6,8,11,1,25,0,143.5,0,2,1,0,0
2005,6,8,11,1,25,120.01,5.2,0,2,0,0,120.01
2005,6,8,12,1,25,0,143.1,0,2,1,0,0
2005,6,8,12,1,25,120.01,5.7,0,2,0,0,120.01
2005,6,8,13,1,25,0,142.8,0,2,1,0,0
2005,6,8,13,1,25,120.01,6,0,2,0,0,120.01
2005,6,8,14,1,25,0,142.5,0,2,1,0,0
2005,6,8,14,1,25,120.01,6.3,0,2,0,0,120.01
2005,6,8,15,1,25,0,142.2,0,2,1,0,0
2005,6,8,15,1,25,120.01,6.6,0,2,0,0,120.01
2005,6,8,16,1,25,0,141.9,0,2,1,0,0
2005,6,8,16,1,25,120.01,6.9,0,2,0,0,120.01
2005,6,8,17,1,25,0,141.6,0,2,1,0,0
2005,6,8,17,1,25,120.01,7.2,0,2,0,0,120.01
2005,6,8,18,1,25,0,141.8,0,2,1,0,0
2005,6,8,18,1,25,120.01,7,0,2,0,0,120.01
2005,6,8,19,1,25,0,141.9,0,2,1,0,0
2005,6,8,19,1,25,120.01,6.9,0,2,0,0,120.01
2005,6,8,20,1,25,0,142,0,2,1,0,0
2005,6,8,20,1,25,120.01,6.7,0,2,0,0,120.01
2005,6,8,21,1,25,0,142.2,0,2,1,0,0
2005,6,8,21,1,25,120.01,6.6,0,2,0,0,120.01
2005,6,8,22,1,25,0,142.5,0,2,1,0,0
2005,6,8,22,1,25,120.01,6.3,0,2,0,0,120.01
2005,6,8,23,1,25,0,142.7,0,2,1,0,0
2005,6,8,23,1,25,120.01,6.1,0,2,0,0,120.01
2005,6,8,24,1,25,0,142.8,0,2,1,0,0
2005,6,8,24,1,25,120.01,6,0,2,0,0,120.01
2005,6,8,1,2,25,0,808.4,0,2,1,0,0
2005,6,8,1,2,25,120.01,34.6,0,2,0,0,120.01
2005,6,8,2,2,25,0,810,0,2,1,0,0
2005,6,8,2,2,25,120.01,32.9,0,2,0,0,120.01
2005,6,8,3,2,25,0,810.9,0,2,1,0,0
2005,6,8,3,2,25,120.01,32,0,2,0,0,120.01
2005,6,8,4,2,25,0,812.6,0,2,1,0,0
2005,6,8,4,2,25,120.01,30.3,0,2,0,0,120.01
2005,6,8,5,2,25,0,813.4,0,2,1,0,0
2005,6,8,5,2,25,120.01,29.5,0,2,0,0,120.01
2005,6,8,6,2,25,0,815.1,0,2,1,0,0
2005,6,8,6,2,25,120.01,27.8,0,2,0,0,120.01
2005,6,8,7,2,25,0,816.9,0,2,1,0,0
2005,6,8,7,2,25,120.01,26.1,0,2,0,0,120.01
2005,6,8,8,2,25,0,816.9,0,2,1,0,0
2005,6,8,8,2,25,120.01,26.1,0,2,0,0,120.01
2005,6,8,9,2,25,0,815.1,0,2,1,0,0
2005,6,8,9,2,25,120.01,27.8,0,2,0,0,120.01
2005,6,8,10,2,25,0,814.3,0,2,1,0,0
2005,6,8,10,2,25,120.01,28.6,0,2,0,0,120.01
2005,6,8,11,2,25,0,813.4,0,2,1,0,0
2005,6,8,11,2,25,120.01,29.5,0,2,0,0,120.01
2005,6,8,12,2,25,0,810.9,0,2,1,0,0
2005,6,8,12,2,25,120.01,32,0,2,0,0,120.01
2005,6,8,13,2,25,0,809.2,0,2,1,0,0
2005,6,8,13,2,25,120.01,33.7,0,2,0,0,120.01
2005,6,8,14,2,25,0,807.5,0,2,1,0,0
2005,6,8,14,2,25,120.01,35.4,0,2,0,0,120.01
2005,6,8,15,2,25,0,805.8,0,2,1,0,0
2005,6,8,15,2,25,120.01,37.1,0,2,0,0,120.01
2005,6,8,16,2,25,0,804.1,0,2,1,0,0
2005,6,8,16,2,25,120.01,38.8,0,2,0,0,120.01
2005,6,8,17,2,25,0,802.4,0,2,1,0,0
2005,6,8,17,2,25,120.01,40.5,0,2,0,0,120.01
2005,6,8,18,2,25,0,803.3,0,2,1,0,0
2005,6,8,18,2,25,120.01,39.7,0,2,0,0,120.01
2005,6,8,19,2,25,0,804.1,0,2,1,0,0
2005,6,8,19,2,25,120.01,38.8,0,2,0,0,120.01
2005,6,8,20,2,25,0,804.9,0,2,1,0,0
2005,6,8,20,2,25,120.01,38,0,2,0,0,120.01
2005,6,8,21,2,25,0,805.8,0,2,1,0,0
2005,6,8,21,2,25,120.01,37.1,0,2,0,0,120.01
2005,6,8,22,2,25,0,807.5,0,2,1,0,0
2005,6,8,22,2,25,120.01,35.4,0,2,0,0,120.01
2005,6,8,23,2,25,0,808.4,0,2,1,0,0
2005,6,8,23,2,25,120.01,34.6,0,2,0,0,120.01
2005,6,8,24,2,25,0,809.2,0,2,1,0,0
2005,6,8,24,2,25,120.01,33.7,0,2,0,0,120.01
2005,6,8,1,9,26,0,2.8,0,2,1,0,0
2005,6,8,2,9,26,0,2.8,0,2,1,0,0
2005,6,8,3,9,26,0,2.8,0,2,1,0,0
2005,6,8,4,9,26,0,2.8,0,2,1,0,0
2005,6,8,5,9,26,0,2.8,0,2,1,0,0
2005,6,8,6,9,26,0,2.8,0,2,1,0,0
2005,6,8,7,9,26,0,2.8,0,2,1,0,0
2005,6,8,8,9,26,0,2.7,0,2,1,0,0
2005,6,8,9,9,26,0,2.7,0,2,1,0,0
2005,6,8,10,9,26,0,2.7,0,2,1,0,0
2005,6,8,11,9,26,0,2.6,0,2,1,0,0
2005,6,8,12,9,26,0,2.6,0,2,1,0,0
2005,6,8,13,9,26,0,2.4,0,2,1,0,0
2005,6,8,14,9,26,0,2.5,0,2,1,0,0
2005,6,8,15,9,26,0,2.5,0,2,1,0,0
2005,6,8,16,9,26,0,2.5,0,2,1,0,0
2005,6,8,17,9,26,0,2.6,0,2,1,0,0
2005,6,8,18,9,26,0,2.6,0,2,1,0,0
2005,6,8,19,9,26,0,2.6,0,2,1,0,0
2005,6,8,20,9,26,0,2.6,0,2,1,0,0
2005,6,8,21,9,26,0,2.6,0,2,1,0,0
2005,6,8,22,9,26,0,2.6,0,2,1,0,0
2005,6,8,23,9,26,0,2.6,0,2,1,0,0
2005,6,8,24,9,26,0,2.6,0,2,1,0,0
2005,6,8,8,9,27,0,.2,0,2,1,0,0
2005,6,8,9,9,27,0,.8,0,2,1,0,0
2005,6,8,10,9,27,0,.9,0,2,1,0,0
2005,6,8,11,9,27,0,.9,0,2,1,0,0
2005,6,8,12,9,27,0,.9,0,2,1,0,0
2005,6,8,13,9,27,0,.8,0,2,1,0,0
2005,6,8,14,9,27,0,1,0,2,1,0,0
2005,6,8,15,9,27,0,1.1,0,2,1,0,0
2005,6,8,16,9,27,0,1.1,0,2,1,0,0
2005,6,8,17,9,27,0,1.2,0,2,1,0,0
2005,6,8,18,9,27,0,1.3,0,2,1,0,0
2005,6,8,19,9,27,0,1.3,0,2,1,0,0
2005,6,8,20,9,27,0,1.3,0,2,1,0,0
2005,6,8,21,9,27,0,1.4,0,2,1,0,0
2005,6,8,22,9,27,0,1.5,0,2,1,0,0
2005,6,8,23,9,27,0,1.5,0,2,1,0,0
2005,6,8,24,9,27,0,1.5,0,2,1,0,0
2005,6,8,1,9,28,0,15.8,0,2,1,0,0
2005,6,8,2,9,28,0,15.8,0,2,1,0,0
2005,6,8,3,9,28,0,15.8,0,2,1,0,0
2005,6,8,4,9,28,0,15.8,0,2,1,0,0
2005,6,8,5,9,28,0,15.8,0,2,1,0,0
2005,6,8,6,9,28,0,15.8,0,2,1,0,0
2005,6,8,7,9,28,0,15.8,0,2,1,0,0
2005,6,8,8,9,28,0,15.8,0,2,1,0,0
2005,6,8,9,9,28,0,15.8,0,2,1,0,0
2005,6,8,10,9,28,0,15.8,0,2,1,0,0
2005,6,8,11,9,28,0,15.8,0,2,1,0,0
2005,6,8,12,9,28,0,15.8,0,2,1,0,0
2005,6,8,13,9,28,0,15.8,0,2,1,0,0
2005,6,8,14,9,28,0,15.8,0,2,1,0,0
2005,6,8,15,9,28,0,15.8,0,2,1,0,0
2005,6,8,16,9,28,0,15.8,0,2,1,0,0
2005,6,8,17,9,28,0,15.8,0,2,1,0,0
2005,6,8,18,9,28,0,15.8,0,2,1,0,0
2005,6,8,19,9,28,0,15.8,0,2,1,0,0
2005,6,8,20,9,28,0,15.8,0,2,1,0,0
2005,6,8,21,9,28,0,15.8,0,2,1,0,0
2005,6,8,22,9,28,0,15.8,0,2,1,0,0
2005,6,8,23,9,28,0,15.8,0,2,1,0,0
2005,6,8,24,9,28,0,15.8,0,2,1,0,0
2005,6,8,1,9,29,0,11.9,0,2,1,0,0
2005,6,8,2,9,29,0,11.8,0,2,1,0,0
2005,6,8,3,9,29,0,12,0,2,1,0,0
2005,6,8,4,9,29,0,11.9,0,2,1,0,0
2005,6,8,5,9,29,0,12,0,2,1,0,0
2005,6,8,6,9,29,0,12,0,2,1,0,0
2005,6,8,7,9,29,0,11,0,2,1,0,0
2005,6,8,8,9,29,0,11.2,0,2,1,0,0
2005,6,8,9,9,29,0,11.6,0,2,1,0,0
2005,6,8,10,9,29,0,11.8,0,2,1,0,0
2005,6,8,11,9,29,0,11.2,0,2,1,0,0
2005,6,8,12,9,29,0,10.7,0,2,1,0,0
2005,6,8,13,9,29,0,10.5,0,2,1,0,0
2005,6,8,14,9,29,0,10,0,2,1,0,0
2005,6,8,15,9,29,0,9.7,0,2,1,0,0
2005,6,8,16,9,29,0,10.3,0,2,1,0,0
2005,6,8,17,9,29,0,10.1,0,2,1,0,0
2005,6,8,18,9,29,0,9.5,0,2,1,0,0
2005,6,8,19,9,29,0,9.9,0,2,1,0,0
2005,6,8,20,9,29,0,12.2,0,2,1,0,0
2005,6,8,21,9,29,0,11.8,0,2,1,0,0
2005,6,8,22,9,29,0,11.8,0,2,1,0,0
2005,6,8,23,9,29,0,12.2,0,2,1,0,0
2005,6,8,24,9,29,0,11.7,0,2,1,0,0
2005,6,8,1,7,1020,0,439,.372179,2,1,0,0
2005,6,8,1,7,1020,.01,1,.372179,2,1,0,.01
2005,6,8,1,7,1020,72.5,40,.372179,2,0,0,39.804169
2005,6,8,1,7,1020,74.5,40,.372179,2,0,0,39.804169
2005,6,8,1,7,1020,76.5,40,.372179,2,0,0,39.804169
2005,6,8,1,7,1020,83.5,40,.372179,2,0,0,39.804169
2005,6,8,1,7,1020,86.5,40,.372179,2,0,0,39.804169
2005,6,8,1,7,1020,88.5,40,.372179,2,0,0,39.804169
2005,6,8,1,7,1020,150,105.2,.372179,2,0,0,150
2005,6,8,2,7,1020,0,439,.372179,2,1,0,0
2005,6,8,2,7,1020,.01,1,.372179,2,1,0,.01
2005,6,8,2,7,1020,72.5,40,.372179,2,0,0,39.804169
2005,6,8,2,7,1020,74.5,40,.372179,2,0,0,39.804169
2005,6,8,2,7,1020,76.5,40,.372179,2,0,0,39.804169
2005,6,8,2,7,1020,83.5,40,.372179,2,0,0,39.804169
2005,6,8,2,7,1020,86.5,40,.372179,2,0,0,39.804169
2005,6,8,2,7,1020,88.5,40,.372179,2,0,0,39.804169
2005,6,8,2,7,1020,150,105.2,.372179,2,0,0,150
2005,6,8,3,7,1020,0,439,.372179,2,1,0,0
2005,6,8,3,7,1020,.01,1,.372179,2,1,0,.01
2005,6,8,3,7,1020,72.5,40,.372179,2,0,0,39.804169
2005,6,8,3,7,1020,74.5,40,.372179,2,0,0,39.804169
2005,6,8,3,7,1020,76.5,40,.372179,2,0,0,39.804169
2005,6,8,3,7,1020,83.5,40,.372179,2,0,0,39.804169
2005,6,8,3,7,1020,86.5,40,.372179,2,0,0,39.804169
2005,6,8,3,7,1020,88.5,40,.372179,2,0,0,39.804169
2005,6,8,3,7,1020,150,105.2,.372179,2,0,0,150
2005,6,8,4,7,1020,0,439,.372179,2,1,0,0
2005,6,8,4,7,1020,.01,1,.372179,2,1,0,.01
2005,6,8,4,7,1020,72.5,40,.372179,2,0,0,39.804169
2005,6,8,4,7,1020,74.5,40,.372179,2,0,0,39.804169
2005,6,8,4,7,1020,76.5,40,.372179,2,0,0,39.804169
2005,6,8,4,7,1020,83.5,40,.372179,2,0,0,39.804169
2005,6,8,4,7,1020,86.5,40,.372179,2,0,0,39.804169
2005,6,8,4,7,1020,88.5,40,.372179,2,0,0,39.804169
2005,6,8,4,7,1020,150,105.2,.372179,2,0,0,150
2005,6,8,5,7,1020,0,439,.372179,2,1,0,0
2005,6,8,5,7,1020,.01,1,.372179,2,1,0,.01
2005,6,8,5,7,1020,72.5,40,.372179,2,0,0,39.804169
2005,6,8,5,7,1020,74.5,40,.372179,2,0,0,39.804169
2005,6,8,5,7,1020,76.5,40,.372179,2,0,0,39.804169
2005,6,8,5,7,1020,83.5,40,.372179,2,0,0,39.804169
2005,6,8,5,7,1020,86.5,40,.372179,2,0,0,39.804169
2005,6,8,5,7,1020,88.5,40,.372179,2,0,0,39.804169
2005,6,8,5,7,1020,150,105.2,.372179,2,0,0,150
2005,6,8,6,7,1020,0,439,.372179,2,1,0,0
2005,6,8,6,7,1020,.01,1,.372179,2,1,0,.01
2005,6,8,6,7,1020,72.5,40,.372179,2,0,0,39.804169
2005,6,8,6,7,1020,74.5,40,.372179,2,0,0,39.804169
2005,6,8,6,7,1020,76.5,40,.372179,2,0,0,39.804169
2005,6,8,6,7,1020,83.5,40,.372179,2,0,0,39.804169
2005,6,8,6,7,1020,86.5,40,.372179,2,0,0,39.804169
2005,6,8,6,7,1020,88.5,40,.372179,2,0,0,39.804169
2005,6,8,6,7,1020,150,105.2,.372179,2,0,0,150
2005,6,8,7,7,1020,0,439,.372179,2,1,0,0
2005,6,8,7,7,1020,.01,1,.372179,2,1,0,.01
2005,6,8,7,7,1020,72.5,40,.372179,2,0,0,39.804169
2005,6,8,7,7,1020,74.5,40,.372179,2,0,0,39.804169
2005,6,8,7,7,1020,76.5,40,.372179,2,0,0,39.804169
2005,6,8,7,7,1020,83.5,40,.372179,2,0,0,39.804169
2005,6,8,7,7,1020,86.5,40,.372179,2,0,0,39.804169
2005,6,8,7,7,1020,88.5,40,.372179,2,0,0,39.804169
2005,6,8,7,7,1020,150,105.2,.372179,2,0,0,150
2005,6,8,8,7,1020,0,439,.372179,2,1,0,0
2005,6,8,8,7,1020,.01,1,.372179,2,1,0,.01
2005,6,8,8,7,1020,72.5,40,.372179,2,0,0,39.804169
2005,6,8,8,7,1020,74.5,40,.372179,2,0,0,39.804169
2005,6,8,8,7,1020,76.5,40,.372179,2,0,0,39.804169
2005,6,8,8,7,1020,83.5,40,.372179,2,0,0,39.804169
2005,6,8,8,7,1020,86.5,40,.372179,2,0,0,39.804169
2005,6,8,8,7,1020,88.5,40,.372179,2,0,0,39.804169
2005,6,8,8,7,1020,150,105.2,.372179,2,0,0,150
2005,6,8,9,7,1020,0,529,.372179,2,1,0,0
2005,6,8,9,7,1020,.01,1,.372179,2,1,0,.01
2005,6,8,9,7,1020,39,45,.372179,2,1,0,39.804169
2005,6,8,9,7,1020,40,25,.372179,2,1,0,39.804169
2005,6,8,9,7,1020,45,15,.372179,2,1,0,39.804169
2005,6,8,9,7,1020,50,35,.372179,2,1,0,39.804169
2005,6,8,9,7,1020,65,20,.372179,2,1,0,39.804169
2005,6,8,9,7,1020,88.5,20,.372179,2,0,0,39.804169
2005,6,8,9,7,1020,150,95.2,.372179,2,0,0,150
2005,6,8,10,7,1020,0,629,.372179,2,1,0,0
2005,6,8,10,7,1020,.01,1,.372179,2,1,0,.01
2005,6,8,10,7,1020,38.5,10,.372179,2,1,0,39.804169
2005,6,8,10,7,1020,39,10,.372179,2,1,0,39.804169
2005,6,8,10,7,1020,40,10,.372179,2,1,0,39.804169
2005,6,8,10,7,1020,42.5,10,.372179,2,1,0,39.804169
2005,6,8,10,7,1020,95,20,.372179,2,0,0,39.804169
2005,6,8,10,7,1020,100,20,.372179,2,0,0,39.804169
2005,6,8,10,7,1020,150,75.2,.372179,2,0,0,150
2005,6,8,11,7,1020,0,629,.372179,2,1,0,0
2005,6,8,11,7,1020,.01,1,.372179,2,1,0,.01
2005,6,8,11,7,1020,38.5,10,.372179,2,1,0,39.804169
2005,6,8,11,7,1020,39,10,.372179,2,1,0,39.804169
2005,6,8,11,7,1020,40,10,.372179,2,1,0,39.804169
2005,6,8,11,7,1020,42.5,10,.372179,2,1,0,39.804169
2005,6,8,11,7,1020,95,20,.372179,2,0,0,39.804169
2005,6,8,11,7,1020,100,20,.372179,2,0,0,39.804169
2005,6,8,11,7,1020,150,75.2,.372179,2,0,0,150
2005,6,8,12,7,1020,0,629,.372179,2,1,0,0
2005,6,8,12,7,1020,.01,1,.372179,2,1,0,.01
2005,6,8,12,7,1020,38.5,10,.372179,2,1,0,39.804169
2005,6,8,12,7,1020,39,10,.372179,2,1,0,39.804169
2005,6,8,12,7,1020,40,10,.372179,2,1,0,39.804169
2005,6,8,12,7,1020,42.5,10,.372179,2,1,0,39.804169
2005,6,8,12,7,1020,95,20,.372179,2,0,0,39.804169
2005,6,8,12,7,1020,100,20,.372179,2,0,0,39.804169
2005,6,8,12,7,1020,150,75.2,.372179,2,0,0,150
2005,6,8,13,7,1020,0,629,.372179,2,1,0,0
2005,6,8,13,7,1020,.01,1,.372179,2,1,0,.01
2005,6,8,13,7,1020,38.5,10,.372179,2,1,0,39.804169
2005,6,8,13,7,1020,39,10,.372179,2,1,0,39.804169
2005,6,8,13,7,1020,40,10,.372179,2,1,0,39.804169
2005,6,8,13,7,1020,42.5,10,.372179,2,1,0,39.804169
2005,6,8,13,7,1020,95,20,.372179,2,1,0,39.804169
2005,6,8,13,7,1020,100,20,.372179,2,1,0,39.804169
2005,6,8,13,7,1020,150,75.2,.372179,2,0,0,150
2005,6,8,14,7,1020,0,629,.372179,2,1,0,0
2005,6,8,14,7,1020,.01,1,.372179,2,1,0,.01
2005,6,8,14,7,1020,38.5,10,.372179,2,1,0,39.804169
2005,6,8,14,7,1020,39,10,.372179,2,1,0,39.804169
2005,6,8,14,7,1020,40,10,.372179,2,1,0,39.804169
2005,6,8,14,7,1020,42.5,10,.372179,2,1,0,39.804169
2005,6,8,14,7,1020,95,20,.372179,2,1,0,39.804169
2005,6,8,14,7,1020,100,20,.372179,2,0,0,39.804169
2005,6,8,14,7,1020,150,75.2,.372179,2,0,0,150
2005,6,8,15,7,1020,0,629,.372179,2,1,0,0
2005,6,8,15,7,1020,.01,1,.372179,2,1,0,.01
2005,6,8,15,7,1020,38.5,10,.372179,2,1,0,39.804169
2005,6,8,15,7,1020,39,10,.372179,2,1,0,39.804169
2005,6,8,15,7,1020,40,10,.372179,2,1,0,39.804169
2005,6,8,15,7,1020,42.5,10,.372179,2,1,0,39.804169
2005,6,8,15,7,1020,95,20,.372179,2,0,0,39.804169
2005,6,8,15,7,1020,100,20,.372179,2,0,0,39.804169
2005,6,8,15,7,1020,150,75.2,.372179,2,0,0,150
2005,6,8,16,7,1020,0,629,.372179,2,1,0,0
2005,6,8,16,7,1020,.01,1,.372179,2,1,0,.01
2005,6,8,16,7,1020,38.5,10,.372179,2,1,0,39.804169
2005,6,8,16,7,1020,39,10,.372179,2,1,0,39.804169
2005,6,8,16,7,1020,40,10,.372179,2,1,0,39.804169
2005,6,8,16,7,1020,42.5,10,.372179,2,1,0,39.804169
2005,6,8,16,7,1020,95,20,.372179,2,0,0,39.804169
2005,6,8,16,7,1020,100,20,.372179,2,0,0,39.804169
2005,6,8,16,7,1020,150,75.2,.372179,2,0,0,150
2005,6,8,17,7,1020,0,629,.372179,2,1,0,0
2005,6,8,17,7,1020,.01,1,.372179,2,1,0,.01
2005,6,8,17,7,1020,38.5,10,.372179,2,1,0,39.804169
2005,6,8,17,7,1020,39,10,.372179,2,1,0,39.804169
2005,6,8,17,7,1020,40,10,.372179,2,1,0,39.804169
2005,6,8,17,7,1020,42.5,10,.372179,2,1,0,39.804169
2005,6,8,17,7,1020,95,20,.372179,2,0,0,39.804169
2005,6,8,17,7,1020,100,20,.372179,2,0,0,39.804169
2005,6,8,17,7,1020,150,75.2,.372179,2,0,0,150
2005,6,8,18,7,1020,0,629,.372179,2,1,0,0
2005,6,8,18,7,1020,.01,1,.372179,2,1,0,.01
2005,6,8,18,7,1020,38.5,10,.372179,2,1,0,39.804169
2005,6,8,18,7,1020,39,10,.372179,2,1,0,39.804169
2005,6,8,18,7,1020,40,10,.372179,2,1,0,39.804169
2005,6,8,18,7,1020,42.5,10,.372179,2,1,0,39.804169
2005,6,8,18,7,1020,95,11.5,.372179,2,1,0,39.804169
2005,6,8,18,7,1020,100,20,.372179,2,0,0,39.804169
2005,6,8,18,7,1020,150,75.2,.372179,2,0,0,150
2005,6,8,19,7,1020,0,629,.372179,2,1,0,0
2005,6,8,19,7,1020,.01,1,.372179,2,1,0,.01
2005,6,8,19,7,1020,38.5,10,.372179,2,1,0,39.804169
2005,6,8,19,7,1020,39,10,.372179,2,1,0,39.804169
2005,6,8,19,7,1020,40,10,.372179,2,1,0,39.804169
2005,6,8,19,7,1020,42.5,10,.372179,2,1,0,39.804169
2005,6,8,19,7,1020,95,20,.372179,2,0,0,39.804169
2005,6,8,19,7,1020,100,20,.372179,2,0,0,39.804169
2005,6,8,19,7,1020,150,75.2,.372179,2,0,0,150
2005,6,8,20,7,1020,0,629,.372179,2,1,0,0
2005,6,8,20,7,1020,.01,1,.372179,2,1,0,.01
2005,6,8,20,7,1020,38.5,10,.372179,2,1,0,39.804169
2005,6,8,20,7,1020,39,10,.372179,2,1,0,39.804169
2005,6,8,20,7,1020,40,10,.372179,2,1,0,39.804169
2005,6,8,20,7,1020,42.5,10,.372179,2,1,0,39.804169
2005,6,8,20,7,1020,95,20,.372179,2,0,0,39.804169
2005,6,8,20,7,1020,100,20,.372179,2,0,0,39.804169
2005,6,8,20,7,1020,150,75.2,.372179,2,0,0,150
2005,6,8,21,7,1020,0,629,.372179,2,1,0,0
2005,6,8,21,7,1020,.01,1,.372179,2,1,0,.01
2005,6,8,21,7,1020,38.5,10,.372179,2,1,0,39.804169
2005,6,8,21,7,1020,39,10,.372179,2,1,0,39.804169
2005,6,8,21,7,1020,40,10,.372179,2,1,0,39.804169
2005,6,8,21,7,1020,42.5,10,.372179,2,1,0,39.804169
2005,6,8,21,7,1020,95,20,.372179,2,0,0,39.804169
2005,6,8,21,7,1020,100,20,.372179,2,0,0,39.804169
2005,6,8,21,7,1020,150,75.2,.372179,2,0,0,150
2005,6,8,22,7,1020,0,629,.372179,2,1,0,0
2005,6,8,22,7,1020,.01,1,.372179,2,1,0,.01
2005,6,8,22,7,1020,38.5,10,.372179,2,1,0,39.804169
2005,6,8,22,7,1020,39,10,.372179,2,1,0,39.804169
2005,6,8,22,7,1020,40,10,.372179,2,1,0,39.804169
2005,6,8,22,7,1020,42.5,10,.372179,2,1,0,39.804169
2005,6,8,22,7,1020,95,20,.372179,2,0,0,39.804169
2005,6,8,22,7,1020,100,20,.372179,2,0,0,39.804169
2005,6,8,22,7,1020,150,75.2,.372179,2,0,0,150
2005,6,8,23,7,1020,0,629,.372179,2,1,0,0
2005,6,8,23,7,1020,.01,1,.372179,2,1,0,.01
2005,6,8,23,7,1020,38.5,10,.372179,2,1,0,39.804169
2005,6,8,23,7,1020,39,10,.372179,2,1,0,39.804169
2005,6,8,23,7,1020,40,10,.372179,2,1,0,39.804169
2005,6,8,23,7,1020,42.5,10,.372179,2,1,0,39.804169
2005,6,8,23,7,1020,95,20,.372179,2,0,0,39.804169
2005,6,8,23,7,1020,100,20,.372179,2,0,0,39.804169
2005,6,8,23,7,1020,150,75.2,.372179,2,0,0,150
2005,6,8,24,7,1020,0,479,.372179,2,1,0,0
2005,6,8,24,7,1020,.01,1,.372179,2,1,0,.01
2005,6,8,24,7,1020,39,50,.372179,2,1,0,39.804169
2005,6,8,24,7,1020,39.5,45,.372179,2,1,0,39.804169
2005,6,8,24,7,1020,40,25,.372179,2,1,0,39.804169
2005,6,8,24,7,1020,42.5,30,.372179,2,1,0,39.804169
2005,6,8,24,7,1020,50,20,.372179,2,0,0,39.804169
2005,6,8,24,7,1020,60,20,.372179,2,0,0,39.804169
2005,6,8,24,7,1020,150,115.2,.372179,2,0,0,150
2005,6,8,1,9,31,20.26,50.7,0,1,0,0,20.26
2005,6,8,1,9,31,22.26,50.7,0,1,0,0,22.26
2005,6,8,1,9,31,24.26,50.7,0,1,0,0,24.26
2005,6,8,1,9,31,25.26,50.7,0,1,0,0,25.26
2005,6,8,2,9,31,18.35,50.7,0,1,0,0,18.35
2005,6,8,2,9,31,20.35,50.7,0,1,0,0,20.35
2005,6,8,2,9,31,22.35,50.7,0,1,0,0,22.35
2005,6,8,2,9,31,23.35,50.7,0,1,0,0,23.35
2005,6,8,3,9,31,15.82,50.7,0,1,0,0,15.82
2005,6,8,3,9,31,17.82,50.7,0,1,0,0,17.82
2005,6,8,3,9,31,19.82,50.7,0,1,0,0,19.82
2005,6,8,3,9,31,20.82,50.7,0,1,0,0,20.82
2005,6,8,4,9,31,13.1,50.7,0,1,0,0,13.1
2005,6,8,4,9,31,15.1,50.7,0,1,0,0,15.1
2005,6,8,4,9,31,17.1,50.7,0,1,0,0,17.1
2005,6,8,4,9,31,18.1,50.7,0,1,0,0,18.1
2005,6,8,5,9,31,7.01,50.7,0,1,0,0,7.01
2005,6,8,5,9,31,9.01,50.7,0,1,0,0,9.01
2005,6,8,5,9,31,11.01,50.7,0,1,0,0,11.01
2005,6,8,5,9,31,12.01,50.7,0,1,0,0,12.01
2005,6,8,6,9,31,15.47,50.7,0,1,0,0,15.47
2005,6,8,6,9,31,17.47,50.7,0,1,0,0,17.47
2005,6,8,6,9,31,19.47,50.7,0,1,0,0,19.47
2005,6,8,6,9,31,20.47,50.7,0,1,0,0,20.47
2005,6,8,7,9,31,24.12,50.7,0,1,0,0,24.12
2005,6,8,7,9,31,25.12,50.7,0,1,0,0,25.12
2005,6,8,8,9,31,31.88,101.7,0,1,0,0,31.88
2005,6,8,8,9,31,32.88,101.7,0,1,0,0,32.88
2005,6,8,9,9,31,43.55,50.9,0,1,0,0,43.55
2005,6,8,9,9,31,44.55,50.9,0,1,0,0,44.55
2005,6,8,10,9,31,47.35,50.9,0,1,0,0,47.35
2005,6,8,10,9,31,48.35,50.9,0,1,0,0,48.35
2005,6,8,11,9,31,50.73,50.9,0,1,0,0,50.73
2005,6,8,11,9,31,51.73,50.9,0,1,0,0,51.73
2005,6,8,12,9,31,48.97,50.9,0,1,0,0,48.97
2005,6,8,12,9,31,50.97,50.9,0,1,0,0,50.97
2005,6,8,12,9,31,52.97,50.9,0,1,0,0,52.97
2005,6,8,12,9,31,53.97,50.9,0,1,0,0,53.97
2005,6,8,13,9,31,47.92,50.9,0,1,0,0,47.92
2005,6,8,13,9,31,49.92,50.9,0,1,0,0,49.92
2005,6,8,13,9,31,51.92,50.9,0,1,0,0,51.92
2005,6,8,13,9,31,52.92,50.9,0,1,0,0,52.92
2005,6,8,14,9,31,46.12,50.9,0,1,0,0,46.12
2005,6,8,14,9,31,48.12,50.9,0,1,0,0,48.12
2005,6,8,14,9,31,50.12,50.9,0,1,0,0,50.12
2005,6,8,14,9,31,51.12,50.9,0,1,0,0,51.12
2005,6,8,15,9,31,44.58,50.9,0,1,0,0,44.58
2005,6,8,15,9,31,46.58,50.9,0,1,0,0,46.58
2005,6,8,15,9,31,48.58,50.9,0,1,0,0,48.58
2005,6,8,15,9,31,49.58,50.9,0,1,0,0,49.58
2005,6,8,16,9,31,42.38,50.9,0,1,0,0,42.38
2005,6,8,16,9,31,44.38,50.9,0,1,0,0,44.38
2005,6,8,16,9,31,46.38,50.9,0,1,0,0,46.38
2005,6,8,16,9,31,47.38,50.9,0,1,0,0,47.38
2005,6,8,17,9,31,38.44,50.9,0,1,0,0,38.44
2005,6,8,17,9,31,40.44,50.9,0,1,0,0,40.44
2005,6,8,17,9,31,42.44,50.9,0,1,0,0,42.44
2005,6,8,17,9,31,43.44,50.9,0,1,0,0,43.44
2005,6,8,18,9,31,36,50.9,0,1,0,0,36
2005,6,8,18,9,31,38,50.9,0,1,0,0,38
2005,6,8,18,9,31,40,50.9,0,1,0,0,40
2005,6,8,18,9,31,41,50.9,0,1,0,0,41
2005,6,8,19,9,31,36.21,50.9,0,1,0,0,36.21
2005,6,8,19,9,31,38.21,50.9,0,1,0,0,38.21
2005,6,8,19,9,31,40.21,50.9,0,1,0,0,40.21
2005,6,8,19,9,31,41.21,50.9,0,1,0,0,41.21
2005,6,8,20,9,31,33.75,50.9,0,1,0,0,33.75
2005,6,8,20,9,31,35.75,50.9,0,1,0,0,35.75
2005,6,8,20,9,31,37.75,50.9,0,1,0,0,37.75
2005,6,8,20,9,31,38.75,50.9,0,1,0,0,38.75
2005,6,8,21,9,31,30.9,50.9,0,1,0,0,30.9
2005,6,8,21,9,31,32.9,50.9,0,1,0,0,32.9
2005,6,8,21,9,31,34.9,50.9,0,1,0,0,34.9
2005,6,8,21,9,31,35.9,50.9,0,1,0,0,35.9
2005,6,8,22,9,31,31.31,50.9,0,1,0,0,31.31
2005,6,8,22,9,31,33.31,50.9,0,1,0,0,33.31
2005,6,8,22,9,31,35.31,50.9,0,1,0,0,35.31
2005,6,8,22,9,31,36.31,50.9,0,1,0,0,36.31
2005,6,8,23,9,31,31.89,50.9,0,1,0,0,31.89
2005,6,8,23,9,31,33.89,50.9,0,1,0,0,33.89
2005,6,8,23,9,31,35.89,50.9,0,1,0,0,35.89
2005,6,8,23,9,31,36.89,50.9,0,1,0,0,36.89
2005,6,8,24,9,31,25.89,50.9,0,1,0,0,25.89
2005,6,8,24,9,31,27.89,50.9,0,1,0,0,27.89
2005,6,8,24,9,31,29.89,50.9,0,1,0,0,29.89
2005,6,8,24,9,31,30.89,50.9,0,1,0,0,30.89
2005,6,8,1,9,32,14.32,50,0,2,0,1,14.32
2005,6,8,1,9,32,35.26,25,0,2,0,1,35.26
2005,6,8,1,9,32,36.26,25,0,2,0,1,36.26
2005,6,8,1,9,32,38.26,25,0,2,0,1,38.26
2005,6,8,1,9,32,40.26,25,0,2,0,1,40.26
2005,6,8,2,9,32,14.32,50,0,2,0,1,14.32
2005,6,8,2,9,32,33.35,25,0,2,0,1,33.35
2005,6,8,2,9,32,34.35,25,0,2,0,1,34.35
2005,6,8,2,9,32,36.35,25,0,2,0,1,36.35
2005,6,8,2,9,32,38.35,25,0,2,0,1,38.35
2005,6,8,3,9,32,14.32,50,0,2,0,1,14.32
2005,6,8,3,9,32,30.82,25,0,2,0,1,30.82
2005,6,8,3,9,32,31.82,25,0,2,0,1,31.82
2005,6,8,3,9,32,33.82,25,0,2,0,1,33.82
2005,6,8,3,9,32,35.82,25,0,2,0,1,35.82
2005,6,8,4,9,32,14.32,50,0,2,0,1,14.32
2005,6,8,4,9,32,28.1,25,0,2,0,1,28.1
2005,6,8,4,9,32,29.1,25,0,2,0,1,29.1
2005,6,8,4,9,32,31.1,25,0,2,0,1,31.1
2005,6,8,4,9,32,33.1,25,0,2,0,1,33.1
2005,6,8,5,9,32,14.32,50,0,2,0,1,14.32
2005,6,8,5,9,32,22.01,25,0,2,0,1,22.01
2005,6,8,5,9,32,23.01,25,0,2,0,1,23.01
2005,6,8,5,9,32,25.01,25,0,2,0,1,25.01
2005,6,8,5,9,32,27.01,25,0,2,0,1,27.01
2005,6,8,6,9,32,14.32,50,0,2,0,1,14.32
2005,6,8,6,9,32,30.47,25,0,2,0,1,30.47
2005,6,8,6,9,32,31.47,25,0,2,0,1,31.47
2005,6,8,6,9,32,33.47,25,0,2,0,1,33.47
2005,6,8,6,9,32,35.47,25,0,2,0,1,35.47
2005,6,8,7,9,32,35.12,25,0,2,0,1,35.12
2005,6,8,7,9,32,36.12,25,0,2,0,1,36.12
2005,6,8,7,9,32,38.12,25,0,2,0,1,38.12
2005,6,8,7,9,32,40.12,25,0,2,0,1,40.12
2005,6,8,8,9,32,42.88,25,0,2,1,0,42.88
2005,6,8,8,9,32,43.88,25,0,2,1,0,43.88
2005,6,8,8,9,32,45.88,25,0,2,1,0,45.88
2005,6,8,8,9,32,47.88,25,0,2,1,0,47.88
2005,6,8,9,9,32,54.55,25,0,2,0,1,54.55
2005,6,8,9,9,32,55.55,25,0,2,0,1,55.55
2005,6,8,9,9,32,57.55,25,0,2,0,1,57.55
2005,6,8,9,9,32,59.55,25,0,2,0,1,59.55
2005,6,8,10,9,32,14.32,50,0,2,0,1,14.32
2005,6,8,10,9,32,61.35,25,0,2,0,1,61.35
2005,6,8,10,9,32,62.35,25,0,2,0,1,62.35
2005,6,8,10,9,32,64.35,25,0,2,0,1,64.35
2005,6,8,10,9,32,66.35,25,0,2,0,1,66.35
2005,6,8,11,9,32,14.32,50,0,2,0,1,14.32
2005,6,8,11,9,32,64.73,25,0,2,0,1,64.73
2005,6,8,11,9,32,65.73,25,0,2,0,1,65.73
2005,6,8,11,9,32,67.73,25,0,2,0,1,67.73
2005,6,8,11,9,32,69.73,25,0,2,0,1,69.73
2005,6,8,12,9,32,14.32,200,0,2,0,1,14.32
2005,6,8,12,9,32,66.97,50,0,2,0,1,66.97
2005,6,8,12,9,32,67.97,50,0,2,0,1,67.97
2005,6,8,12,9,32,69.97,100,0,2,0,1,69.97
2005,6,8,12,9,32,71.97,100,0,2,0,1,71.97
2005,6,8,13,9,32,14.32,200,0,2,0,1,14.32
2005,6,8,13,9,32,65.92,50,0,2,0,1,65.92
2005,6,8,13,9,32,66.92,50,0,2,0,1,66.92
2005,6,8,13,9,32,68.92,100,0,2,0,1,68.92
2005,6,8,13,9,32,70.92,100,0,2,0,1,70.92
2005,6,8,14,9,32,14.32,200,0,2,0,1,14.32
2005,6,8,14,9,32,61.12,50,0,2,0,1,61.12
2005,6,8,14,9,32,62.12,50,0,2,0,1,62.12
2005,6,8,14,9,32,64.12,100,0,2,0,1,64.12
2005,6,8,14,9,32,66.12,100,0,2,0,1,66.12
2005,6,8,15,9,32,14.32,200,0,2,0,1,14.32
2005,6,8,15,9,32,59.58,50,0,2,0,1,59.58
2005,6,8,15,9,32,60.58,50,0,2,0,1,60.58
2005,6,8,15,9,32,62.58,100,0,2,0,1,62.58
2005,6,8,15,9,32,64.58,100,0,2,0,1,64.58
2005,6,8,16,9,32,14.32,200,0,2,0,1,14.32
2005,6,8,16,9,32,57.38,50,0,2,0,1,57.38
2005,6,8,16,9,32,58.38,50,0,2,0,1,58.38
2005,6,8,16,9,32,60.38,100,0,2,0,1,60.38
2005,6,8,16,9,32,62.38,100,0,2,0,1,62.38
2005,6,8,17,9,32,14.32,200,0,2,0,1,14.32
2005,6,8,17,9,32,53.44,50,0,2,0,1,53.44
2005,6,8,17,9,32,54.44,50,0,2,0,1,54.44
2005,6,8,17,9,32,56.44,100,0,2,0,1,56.44
2005,6,8,17,9,32,58.44,100,0,2,0,1,58.44
2005,6,8,18,9,32,14.32,200,0,2,0,1,14.32
2005,6,8,18,9,32,51,50,0,2,0,1,51
2005,6,8,18,9,32,52,50,0,2,0,1,52
2005,6,8,18,9,32,54,100,0,2,0,1,54
2005,6,8,18,9,32,56,100,0,2,0,1,56
2005,6,8,19,9,32,14.32,200,0,2,0,1,14.32
2005,6,8,19,9,32,51.21,50,0,2,0,1,51.21
2005,6,8,19,9,32,52.21,50,0,2,0,1,52.21
2005,6,8,19,9,32,54.21,100,0,2,0,1,54.21
2005,6,8,19,9,32,56.21,100,0,2,0,1,56.21
2005,6,8,20,9,32,14.32,200,0,2,0,1,14.32
2005,6,8,20,9,32,48.75,50,0,2,0,1,48.75
2005,6,8,20,9,32,49.75,50,0,2,0,1,49.75
2005,6,8,20,9,32,51.75,100,0,2,0,1,51.75
2005,6,8,20,9,32,53.75,100,0,2,0,1,53.75
2005,6,8,21,9,32,14.32,200,0,2,0,1,14.32
2005,6,8,21,9,32,45.9,50,0,2,0,1,45.9
2005,6,8,21,9,32,46.9,50,0,2,0,1,46.9
2005,6,8,21,9,32,48.9,100,0,2,0,1,48.9
2005,6,8,21,9,32,50.9,100,0,2,0,1,50.9
2005,6,8,22,9,32,14.32,200,0,2,0,1,14.32
2005,6,8,22,9,32,46.31,50,0,2,0,1,46.31
2005,6,8,22,9,32,47.31,50,0,2,0,1,47.31
2005,6,8,22,9,32,49.31,100,0,2,0,1,49.31
2005,6,8,22,9,32,51.31,100,0,2,0,1,51.31
2005,6,8,23,9,32,14.32,200,0,2,0,1,14.32
2005,6,8,23,9,32,46.89,50,0,2,0,1,46.89
2005,6,8,23,9,32,47.89,50,0,2,0,1,47.89
2005,6,8,23,9,32,49.89,100,0,2,0,1,49.89
2005,6,8,23,9,32,51.89,100,0,2,0,1,51.89
2005,6,8,24,9,32,14.32,200,0,2,0,1,14.32
2005,6,8,24,9,32,40.89,50,0,2,0,1,40.89
2005,6,8,24,9,32,41.89,50,0,2,0,1,41.89
2005,6,8,24,9,32,43.89,100,0,2,0,1,43.89
2005,6,8,24,9,32,45.89,100,0,2,0,1,45.89
2005,6,8,1,5,1024,180.3,400,.343857,2,0,0,180.3
2005,6,8,2,5,1024,180.3,400,.343857,2,0,0,180.3
2005,6,8,3,5,1024,180.3,400,.343857,2,0,0,180.3
2005,6,8,4,5,1024,180.3,400,.343857,2,0,0,180.3
2005,6,8,5,5,1024,180.3,400,.343857,2,0,0,180.3
2005,6,8,6,5,1024,180.3,400,.343857,2,0,0,180.3
2005,6,8,7,5,1024,180.3,400,.343857,2,0,0,180.3
2005,6,8,8,5,1024,180.3,400,.343857,2,0,0,180.3
2005,6,8,9,5,1024,0,250,.343857,2,1,0,0
2005,6,8,9,5,1024,180.3,150,.343857,2,0,0,180.3
2005,6,8,10,5,1024,0,250,.343857,2,1,0,0
2005,6,8,10,5,1024,180.3,150,.343857,2,0,0,180.3
2005,6,8,11,5,1024,0,250,.343857,2,1,0,0
2005,6,8,11,5,1024,180.3,150,.343857,2,0,0,180.3
2005,6,8,12,5,1024,0,250,.343857,2,1,0,0
2005,6,8,12,5,1024,180.3,150,.343857,2,0,0,180.3
2005,6,8,13,5,1024,0,250,.343857,2,1,0,0
2005,6,8,13,5,1024,180.3,150,.343857,2,0,0,180.3
2005,6,8,14,5,1024,0,250,.343857,2,1,0,0
2005,6,8,14,5,1024,180.3,150,.343857,2,0,0,180.3
2005,6,8,15,5,1024,0,250,.343857,2,1,0,0
2005,6,8,15,5,1024,180.3,150,.343857,2,0,0,180.3
2005,6,8,16,5,1024,0,250,.343857,2,1,0,0
2005,6,8,16,5,1024,180.3,150,.343857,2,0,0,180.3
2005,6,8,17,5,1024,0,250,.343857,2,1,0,0
2005,6,8,17,5,1024,180.3,150,.343857,2,0,0,180.3
2005,6,8,18,5,1024,0,250,.343857,2,1,0,0
2005,6,8,18,5,1024,180.3,150,.343857,2,0,0,180.3
2005,6,8,19,5,1024,0,250,.343857,2,1,0,0
2005,6,8,19,5,1024,180.3,150,.343857,2,0,0,180.3
2005,6,8,20,5,1024,0,250,.343857,2,1,0,0
2005,6,8,20,5,1024,180.3,150,.343857,2,0,0,180.3
2005,6,8,21,5,1024,0,250,.343857,2,1,0,0
2005,6,8,21,5,1024,180.3,150,.343857,2,0,0,180.3
2005,6,8,22,5,1024,0,250,.343857,2,1,0,0
2005,6,8,22,5,1024,180.3,150,.343857,2,0,0,180.3
2005,6,8,23,5,1024,0,250,.343857,2,1,0,0
2005,6,8,23,5,1024,180.3,150,.343857,2,0,0,180.3
2005,6,8,24,5,1024,0,250,.343857,2,1,0,0
2005,6,8,24,5,1024,180.3,150,.343857,2,0,0,180.3
2005,6,8,1,9,34,0,19.1,0,2,1,0,0
2005,6,8,2,9,34,0,19.1,0,2,1,0,0
2005,6,8,3,9,34,0,19.1,0,2,1,0,0
2005,6,8,4,9,34,0,19.1,0,2,1,0,0
2005,6,8,5,9,34,0,19.1,0,2,1,0,0
2005,6,8,6,9,34,0,19.1,0,2,1,0,0
2005,6,8,7,9,34,0,19.1,0,2,1,0,0
2005,6,8,8,9,34,0,19.1,0,2,1,0,0
2005,6,8,9,9,34,0,19.1,0,2,1,0,0
2005,6,8,10,9,34,0,19.1,0,2,1,0,0
2005,6,8,11,9,34,0,19.1,0,2,1,0,0
2005,6,8,12,9,34,0,19.1,0,2,1,0,0
2005,6,8,13,9,34,0,19.1,0,2,1,0,0
2005,6,8,14,9,34,0,19.1,0,2,1,0,0
2005,6,8,15,9,34,0,19.1,0,2,1,0,0
2005,6,8,16,9,34,0,19.1,0,2,1,0,0
2005,6,8,17,9,34,0,19.1,0,2,1,0,0
2005,6,8,18,9,34,0,19.1,0,2,1,0,0
2005,6,8,19,9,34,0,19.1,0,2,1,0,0
2005,6,8,20,9,34,0,19.1,0,2,1,0,0
2005,6,8,21,9,34,0,19.1,0,2,1,0,0
2005,6,8,22,9,34,0,19.1,0,2,1,0,0
2005,6,8,23,9,34,0,19.1,0,2,1,0,0
2005,6,8,24,9,34,0,19.1,0,2,1,0,0
2005,6,8,1,9,35,0,2.6,0,2,1,0,0
2005,6,8,2,9,35,0,2.6,0,2,1,0,0
2005,6,8,3,9,35,0,2.6,0,2,1,0,0
2005,6,8,4,9,35,0,2.6,0,2,1,0,0
2005,6,8,5,9,35,0,2.6,0,2,1,0,0
2005,6,8,6,9,35,0,2.6,0,2,1,0,0
2005,6,8,7,9,35,0,2.6,0,2,1,0,0
2005,6,8,8,9,35,0,2.6,0,2,1,0,0
2005,6,8,9,9,35,0,2.6,0,2,1,0,0
2005,6,8,10,9,35,0,2.6,0,2,1,0,0
2005,6,8,11,9,35,0,2.6,0,2,1,0,0
2005,6,8,12,9,35,0,2.6,0,2,1,0,0
2005,6,8,13,9,35,0,2.6,0,2,1,0,0
2005,6,8,14,9,35,0,2.6,0,2,1,0,0
2005,6,8,15,9,35,0,2.6,0,2,1,0,0
2005,6,8,16,9,35,0,2.6,0,2,1,0,0
2005,6,8,17,9,35,0,2.6,0,2,1,0,0
2005,6,8,18,9,35,0,2.6,0,2,1,0,0
2005,6,8,19,9,35,0,2.6,0,2,1,0,0
2005,6,8,20,9,35,0,2.6,0,2,1,0,0
2005,6,8,21,9,35,0,2.6,0,2,1,0,0
2005,6,8,22,9,35,0,2.6,0,2,1,0,0
2005,6,8,23,9,35,0,2.6,0,2,1,0,0
2005,6,8,24,9,35,0,2.6,0,2,1,0,0
2005,6,8,1,9,36,180.3,.4,0,1,1,0,180.3
2005,6,8,2,9,36,180.3,.4,0,1,1,0,180.3
2005,6,8,3,9,36,180.3,.1,0,1,1,0,180.3
2005,6,8,4,9,36,180.3,.1,0,1,1,0,180.3
2005,6,8,5,9,36,180.3,.1,0,1,1,0,180.3
2005,6,8,6,9,36,180.3,.1,0,1,1,0,180.3
2005,6,8,7,9,36,180.3,.1,0,1,1,0,180.3
2005,6,8,8,9,36,180.3,.2,0,1,1,0,180.3
2005,6,8,9,9,36,180.3,.7,0,1,1,0,180.3
2005,6,8,10,9,36,180.3,.7,0,1,1,0,180.3
2005,6,8,11,9,36,180.3,.7,0,1,1,0,180.3
2005,6,8,12,9,36,180.3,.6,0,1,1,0,180.3
2005,6,8,13,9,36,180.3,.7,0,1,1,0,180.3
2005,6,8,14,9,36,180.3,.7,0,1,1,0,180.3
2005,6,8,15,9,36,180.3,.7,0,1,1,0,180.3
2005,6,8,16,9,36,180.3,.7,0,1,1,0,180.3
2005,6,8,17,9,36,180.3,.8,0,1,1,0,180.3
2005,6,8,18,9,36,180.3,.8,0,1,1,0,180.3
2005,6,8,19,9,36,180.3,.8,0,1,1,0,180.3
2005,6,8,20,9,36,180.3,.7,0,1,1,0,180.3
2005,6,8,21,9,36,180.3,.5,0,1,1,0,180.3
2005,6,8,22,9,36,180.3,.4,0,1,1,0,180.3
2005,6,8,23,9,36,180.3,.4,0,1,1,0,180.3
2005,6,8,24,9,36,180.3,.4,0,1,1,0,180.3
2005,6,8,1,2,1026,0,220,.885785,2,1,0,0
2005,6,8,1,2,1026,12.32,265.2,.885785,2,1,0,37.789914
2005,6,8,1,2,1026,90.07,66.8,.885785,2,0,0,37.789914
2005,6,8,2,2,1026,0,220,.885785,2,1,0,0
2005,6,8,2,2,1026,16.99,53.2,.885785,2,1,0,37.789914
2005,6,8,2,2,1026,17.45,53,.885785,2,1,0,37.789914
2005,6,8,2,2,1026,17.9,53,.885785,2,1,0,37.789914
2005,6,8,2,2,1026,18.36,53,.885785,2,1,0,37.789914
2005,6,8,2,2,1026,18.56,53,.885785,2,1,0,37.789914
2005,6,8,2,2,1026,90.07,66.8,.885785,2,0,0,37.789914
2005,6,8,3,2,1026,0,220,.885785,2,1,0,0
2005,6,8,3,2,1026,18.52,53.2,.885785,2,1,0,37.789914
2005,6,8,3,2,1026,18.53,53,.885785,2,1,0,37.789914
2005,6,8,3,2,1026,18.54,53,.885785,2,1,0,37.789914
2005,6,8,3,2,1026,18.55,53,.885785,2,1,0,37.789914
2005,6,8,3,2,1026,18.56,53,.885785,2,1,0,37.789914
2005,6,8,3,2,1026,90.07,66.8,.885785,2,0,0,37.789914
2005,6,8,4,2,1026,0,220,.885785,2,1,0,0
2005,6,8,4,2,1026,18.52,53.2,.885785,2,1,0,37.789914
2005,6,8,4,2,1026,18.53,53,.885785,2,1,0,37.789914
2005,6,8,4,2,1026,18.54,53,.885785,2,1,0,37.789914
2005,6,8,4,2,1026,18.55,53,.885785,2,1,0,37.789914
2005,6,8,4,2,1026,18.56,53,.885785,2,1,0,37.789914
2005,6,8,4,2,1026,90.07,66.8,.885785,2,0,0,37.789914
2005,6,8,5,2,1026,0,220,.885785,2,1,0,0
2005,6,8,5,2,1026,18.52,53.2,.885785,2,1,0,37.789914
2005,6,8,5,2,1026,18.53,53,.885785,2,1,0,37.789914
2005,6,8,5,2,1026,18.54,53,.885785,2,1,0,37.789914
2005,6,8,5,2,1026,18.55,53,.885785,2,1,0,37.789914
2005,6,8,5,2,1026,18.56,53,.885785,2,1,0,37.789914
2005,6,8,5,2,1026,90.07,66.8,.885785,2,0,0,37.789914
2005,6,8,6,2,1026,0,220,.885785,2,1,0,0
2005,6,8,6,2,1026,18.52,53.2,.885785,2,1,0,37.789914
2005,6,8,6,2,1026,18.53,53,.885785,2,1,0,37.789914
2005,6,8,6,2,1026,18.54,53,.885785,2,1,0,37.789914
2005,6,8,6,2,1026,18.55,53,.885785,2,1,0,37.789914
2005,6,8,6,2,1026,18.56,53,.885785,2,1,0,37.789914
2005,6,8,6,2,1026,90.07,66.8,.885785,2,0,0,37.789914
2005,6,8,7,2,1026,0,220,.885785,2,1,0,0
2005,6,8,7,2,1026,18.52,53.2,.885785,2,1,0,37.789914
2005,6,8,7,2,1026,18.53,53,.885785,2,1,0,37.789914
2005,6,8,7,2,1026,18.54,53,.885785,2,1,0,37.789914
2005,6,8,7,2,1026,18.55,53,.885785,2,1,0,37.789914
2005,6,8,7,2,1026,18.56,53,.885785,2,1,0,37.789914
2005,6,8,7,2,1026,90.07,66.8,.885785,2,0,0,37.789914
2005,6,8,8,2,1026,0,220,.885785,2,1,0,0
2005,6,8,8,2,1026,12.32,102,.885785,2,1,0,37.789914
2005,6,8,8,2,1026,15.02,40.8,.885785,2,1,0,37.789914
2005,6,8,8,2,1026,15.52,40.8,.885785,2,1,0,37.789914
2005,6,8,8,2,1026,16.02,40.8,.885785,2,1,0,37.789914
2005,6,8,8,2,1026,16.52,40.8,.885785,2,1,0,37.789914
2005,6,8,8,2,1026,90.07,66.8,.885785,2,0,0,37.789914
2005,6,8,9,2,1026,0,545.2,.885785,2,1,0,0
2005,6,8,9,2,1026,90.07,6.8,.885785,2,0,0,37.789914
2005,6,8,10,2,1026,0,545.2,.885785,2,1,0,0
2005,6,8,10,2,1026,90.07,6.8,.885785,2,0,0,37.789914
2005,6,8,11,2,1026,0,545.2,.885785,2,1,0,0
2005,6,8,11,2,1026,90.07,6.8,.885785,2,0,0,37.789914
2005,6,8,12,2,1026,0,545.2,.885785,2,1,0,0
2005,6,8,12,2,1026,90.07,6.8,.885785,2,1,0,37.789914
2005,6,8,13,2,1026,0,545.2,.885785,2,1,0,0
2005,6,8,13,2,1026,90.07,6.8,.885785,2,1,0,37.789914
2005,6,8,14,2,1026,0,545.2,.885785,2,1,0,0
2005,6,8,14,2,1026,90.07,6.8,.885785,2,1,0,37.789914
2005,6,8,15,2,1026,0,545.2,.885785,2,1,0,0
2005,6,8,15,2,1026,90.07,6.8,.885785,2,0,0,37.789914
2005,6,8,16,2,1026,0,545.2,.885785,2,1,0,0
2005,6,8,16,2,1026,90.07,6.8,.885785,2,0,0,37.789914
2005,6,8,17,2,1026,0,545.2,.885785,2,1,0,0
2005,6,8,17,2,1026,90.07,6.8,.885785,2,0,0,37.789914
2005,6,8,18,2,1026,0,545.2,.885785,2,1,0,0
2005,6,8,18,2,1026,90.07,6.8,.885785,2,1,0,37.789914
2005,6,8,19,2,1026,0,545.2,.885785,2,1,0,0
2005,6,8,19,2,1026,90.07,6.8,.885785,2,0,0,37.789914
2005,6,8,20,2,1026,0,545.2,.885785,2,1,0,0
2005,6,8,20,2,1026,90.07,6.8,.885785,2,0,0,37.789914
2005,6,8,21,2,1026,0,545.2,.885785,2,1,0,0
2005,6,8,21,2,1026,90.07,6.8,.885785,2,0,0,37.789914
2005,6,8,22,2,1026,0,545.2,.885785,2,1,0,0
2005,6,8,22,2,1026,90.07,6.8,.885785,2,0,0,37.789914
2005,6,8,23,2,1026,0,545.2,.885785,2,1,0,0
2005,6,8,23,2,1026,90.07,6.8,.885785,2,0,0,37.789914
2005,6,8,24,2,1026,0,220,.885785,2,1,0,0
2005,6,8,24,2,1026,12.32,172.4,.885785,2,1,0,37.789914
2005,6,8,24,2,1026,14.98,38.2,.885785,2,1,0,37.789914
2005,6,8,24,2,1026,15.43,38.2,.885785,2,1,0,37.789914
2005,6,8,24,2,1026,15.89,38.2,.885785,2,1,0,37.789914
2005,6,8,24,2,1026,16.35,38.2,.885785,2,1,0,37.789914
2005,6,8,24,2,1026,90.07,6.8,.885785,2,0,0,37.789914
2005,6,8,1,7,1027,0,183,.368091,2,1,0,0
2005,6,8,1,7,1027,40.5,17,.368091,2,1,0,42.047959
2005,6,8,1,7,1027,41,50,.368091,2,1,0,42.047959
2005,6,8,1,7,1027,42,23,.368091,2,1,0,42.047959
2005,6,8,1,7,1027,43,50,.368091,2,0,1,42.047959
2005,6,8,1,7,1027,44,5,.368091,2,0,1,42.047959
2005,6,8,1,7,1027,149,29.7,.368091,2,0,1,149
2005,6,8,2,7,1027,0,183,.368091,2,1,0,0
2005,6,8,2,7,1027,40.5,17,.368091,2,0,1,42.047959
2005,6,8,2,7,1027,41,50,.368091,2,0,1,42.047959
2005,6,8,2,7,1027,42,50,.368091,2,0,1,42.047959
2005,6,8,2,7,1027,43,50,.368091,2,0,1,42.047959
2005,6,8,2,7,1027,44,5,.368091,2,0,1,42.047959
2005,6,8,2,7,1027,149,29.7,.368091,2,0,1,149
2005,6,8,3,7,1027,0,183,.368091,2,1,0,0
2005,6,8,3,7,1027,40.5,17,.368091,2,0,1,42.047959
2005,6,8,3,7,1027,41,50,.368091,2,0,1,42.047959
2005,6,8,3,7,1027,42,50,.368091,2,0,1,42.047959
2005,6,8,3,7,1027,43,50,.368091,2,0,1,42.047959
2005,6,8,3,7,1027,44,5,.368091,2,0,1,42.047959
2005,6,8,3,7,1027,149,29.7,.368091,2,0,1,149
2005,6,8,4,7,1027,0,183,.368091,2,1,0,0
2005,6,8,4,7,1027,40.5,17,.368091,2,0,1,42.047959
2005,6,8,4,7,1027,41,50,.368091,2,0,1,42.047959
2005,6,8,4,7,1027,42,50,.368091,2,0,1,42.047959
2005,6,8,4,7,1027,43,50,.368091,2,0,1,42.047959
2005,6,8,4,7,1027,44,5,.368091,2,0,1,42.047959
2005,6,8,4,7,1027,149,29.7,.368091,2,0,1,149
2005,6,8,5,7,1027,0,183,.368091,2,1,0,0
2005,6,8,5,7,1027,40.5,17,.368091,2,0,1,42.047959
2005,6,8,5,7,1027,41,50,.368091,2,0,1,42.047959
2005,6,8,5,7,1027,42,50,.368091,2,0,1,42.047959
2005,6,8,5,7,1027,43,50,.368091,2,0,1,42.047959
2005,6,8,5,7,1027,44,5,.368091,2,0,1,42.047959
2005,6,8,5,7,1027,149,29.7,.368091,2,0,1,149
2005,6,8,6,7,1027,0,183,.368091,2,1,0,0
2005,6,8,6,7,1027,40.5,17,.368091,2,0,1,42.047959
2005,6,8,6,7,1027,41,50,.368091,2,0,1,42.047959
2005,6,8,6,7,1027,42,50,.368091,2,0,1,42.047959
2005,6,8,6,7,1027,43,50,.368091,2,0,1,42.047959
2005,6,8,6,7,1027,44,5,.368091,2,0,1,42.047959
2005,6,8,6,7,1027,149,29.7,.368091,2,0,1,149
2005,6,8,7,7,1027,0,183,.368091,2,1,0,0
2005,6,8,7,7,1027,40.5,17,.368091,2,0,1,42.047959
2005,6,8,7,7,1027,41,50,.368091,2,0,1,42.047959
2005,6,8,7,7,1027,42,50,.368091,2,0,1,42.047959
2005,6,8,7,7,1027,43,50,.368091,2,0,1,42.047959
2005,6,8,7,7,1027,44,5,.368091,2,0,1,42.047959
2005,6,8,7,7,1027,149,29.7,.368091,2,0,1,149
2005,6,8,8,7,1027,0,183,.368091,2,1,0,0
2005,6,8,8,7,1027,40.5,17,.368091,2,1,0,42.047959
2005,6,8,8,7,1027,41,50,.368091,2,1,0,42.047959
2005,6,8,8,7,1027,42,23,.368091,2,1,0,42.047959
2005,6,8,8,7,1027,43,50,.368091,2,0,1,42.047959
2005,6,8,8,7,1027,44,5,.368091,2,0,1,42.047959
2005,6,8,8,7,1027,149,29.7,.368091,2,0,1,149
2005,6,8,9,7,1027,0,183,.368091,2,1,0,0
2005,6,8,9,7,1027,40.5,17,.368091,2,1,0,42.047959
2005,6,8,9,7,1027,41,50,.368091,2,1,0,42.047959
2005,6,8,9,7,1027,42,50,.368091,2,1,0,42.047959
2005,6,8,9,7,1027,43,50,.368091,2,1,0,42.047959
2005,6,8,9,7,1027,44,5,.368091,2,1,0,42.047959
2005,6,8,9,7,1027,149,29.7,.368091,2,0,1,149
2005,6,8,10,7,1027,0,183,.368091,2,1,0,0
2005,6,8,10,7,1027,40.5,17,.368091,2,1,0,42.047959
2005,6,8,10,7,1027,41,50,.368091,2,1,0,42.047959
2005,6,8,10,7,1027,42,50,.368091,2,1,0,42.047959
2005,6,8,10,7,1027,43,50,.368091,2,1,0,42.047959
2005,6,8,10,7,1027,44,5,.368091,2,1,0,42.047959
2005,6,8,10,7,1027,149,29.7,.368091,2,0,1,149
2005,6,8,11,7,1027,0,183,.368091,2,1,0,0
2005,6,8,11,7,1027,40.5,17,.368091,2,1,0,42.047959
2005,6,8,11,7,1027,41,50,.368091,2,1,0,42.047959
2005,6,8,11,7,1027,42,50,.368091,2,1,0,42.047959
2005,6,8,11,7,1027,43,50,.368091,2,1,0,42.047959
2005,6,8,11,7,1027,44,5,.368091,2,1,0,42.047959
2005,6,8,11,7,1027,149,29.7,.368091,2,0,1,149
2005,6,8,12,7,1027,0,183,.368091,2,1,0,0
2005,6,8,12,7,1027,40.5,17,.368091,2,1,0,42.047959
2005,6,8,12,7,1027,41,50,.368091,2,1,0,42.047959
2005,6,8,12,7,1027,42,50,.368091,2,1,0,42.047959
2005,6,8,12,7,1027,43,50,.368091,2,1,0,42.047959
2005,6,8,12,7,1027,44,5,.368091,2,1,0,42.047959
2005,6,8,12,7,1027,149,29.7,.368091,2,0,1,149
2005,6,8,13,7,1027,0,183,.368091,2,1,0,0
2005,6,8,13,7,1027,40.5,17,.368091,2,1,0,42.047959
2005,6,8,13,7,1027,41,50,.368091,2,1,0,42.047959
2005,6,8,13,7,1027,42,50,.368091,2,1,0,42.047959
2005,6,8,13,7,1027,43,50,.368091,2,1,0,42.047959
2005,6,8,13,7,1027,44,5,.368091,2,1,0,42.047959
2005,6,8,13,7,1027,149,29.7,.368091,2,0,1,149
2005,6,8,14,7,1027,0,183,.368091,2,1,0,0
2005,6,8,14,7,1027,40.5,17,.368091,2,1,0,42.047959
2005,6,8,14,7,1027,41,50,.368091,2,1,0,42.047959
2005,6,8,14,7,1027,42,50,.368091,2,1,0,42.047959
2005,6,8,14,7,1027,43,50,.368091,2,1,0,42.047959
2005,6,8,14,7,1027,44,5,.368091,2,1,0,42.047959
2005,6,8,14,7,1027,149,29.7,.368091,2,0,1,149
2005,6,8,15,7,1027,0,183,.368091,2,1,0,0
2005,6,8,15,7,1027,40.5,17,.368091,2,1,0,42.047959
2005,6,8,15,7,1027,41,50,.368091,2,1,0,42.047959
2005,6,8,15,7,1027,42,50,.368091,2,1,0,42.047959
2005,6,8,15,7,1027,43,50,.368091,2,1,0,42.047959
2005,6,8,15,7,1027,44,5,.368091,2,1,0,42.047959
2005,6,8,15,7,1027,149,29.7,.368091,2,0,1,149
2005,6,8,16,7,1027,0,183,.368091,2,1,0,0
2005,6,8,16,7,1027,40.5,17,.368091,2,1,0,42.047959
2005,6,8,16,7,1027,41,50,.368091,2,1,0,42.047959
2005,6,8,16,7,1027,42,50,.368091,2,1,0,42.047959
2005,6,8,16,7,1027,43,50,.368091,2,1,0,42.047959
2005,6,8,16,7,1027,44,5,.368091,2,1,0,42.047959
2005,6,8,16,7,1027,149,29.7,.368091,2,0,1,149
2005,6,8,17,7,1027,0,183,.368091,2,1,0,0
2005,6,8,17,7,1027,40.5,17,.368091,2,1,0,42.047959
2005,6,8,17,7,1027,41,50,.368091,2,1,0,42.047959
2005,6,8,17,7,1027,42,50,.368091,2,1,0,42.047959
2005,6,8,17,7,1027,43,50,.368091,2,1,0,42.047959
2005,6,8,17,7,1027,44,5,.368091,2,1,0,42.047959
2005,6,8,17,7,1027,149,29.7,.368091,2,0,1,149
2005,6,8,18,7,1027,0,183,.368091,2,1,0,0
2005,6,8,18,7,1027,40.5,17,.368091,2,1,0,42.047959
2005,6,8,18,7,1027,41,50,.368091,2,1,0,42.047959
2005,6,8,18,7,1027,42,50,.368091,2,1,0,42.047959
2005,6,8,18,7,1027,43,50,.368091,2,1,0,42.047959
2005,6,8,18,7,1027,44,5,.368091,2,1,0,42.047959
2005,6,8,18,7,1027,149,29.7,.368091,2,0,1,149
2005,6,8,19,7,1027,0,183,.368091,2,1,0,0
2005,6,8,19,7,1027,40.5,17,.368091,2,1,0,42.047959
2005,6,8,19,7,1027,41,50,.368091,2,1,0,42.047959
2005,6,8,19,7,1027,42,50,.368091,2,1,0,42.047959
2005,6,8,19,7,1027,43,50,.368091,2,1,0,42.047959
2005,6,8,19,7,1027,44,5,.368091,2,1,0,42.047959
2005,6,8,19,7,1027,149,29.7,.368091,2,0,1,149
2005,6,8,20,7,1027,0,183,.368091,2,1,0,0
2005,6,8,20,7,1027,40.5,17,.368091,2,1,0,42.047959
2005,6,8,20,7,1027,41,50,.368091,2,1,0,42.047959
2005,6,8,20,7,1027,42,50,.368091,2,1,0,42.047959
2005,6,8,20,7,1027,43,50,.368091,2,1,0,42.047959
2005,6,8,20,7,1027,44,5,.368091,2,1,0,42.047959
2005,6,8,20,7,1027,149,29.7,.368091,2,0,1,149
2005,6,8,21,7,1027,0,183,.368091,2,1,0,0
2005,6,8,21,7,1027,40.5,17,.368091,2,1,0,42.047959
2005,6,8,21,7,1027,41,50,.368091,2,1,0,42.047959
2005,6,8,21,7,1027,42,50,.368091,2,1,0,42.047959
2005,6,8,21,7,1027,43,50,.368091,2,1,0,42.047959
2005,6,8,21,7,1027,44,5,.368091,2,1,0,42.047959
2005,6,8,21,7,1027,149,29.7,.368091,2,0,1,149
2005,6,8,22,7,1027,0,183,.368091,2,1,0,0
2005,6,8,22,7,1027,40.5,17,.368091,2,1,0,42.047959
2005,6,8,22,7,1027,41,50,.368091,2,1,0,42.047959
2005,6,8,22,7,1027,42,50,.368091,2,1,0,42.047959
2005,6,8,22,7,1027,43,50,.368091,2,1,0,42.047959
2005,6,8,22,7,1027,44,5,.368091,2,1,0,42.047959
2005,6,8,22,7,1027,149,29.7,.368091,2,0,1,149
2005,6,8,23,7,1027,0,183,.368091,2,1,0,0
2005,6,8,23,7,1027,40.5,17,.368091,2,1,0,42.047959
2005,6,8,23,7,1027,41,50,.368091,2,1,0,42.047959
2005,6,8,23,7,1027,42,50,.368091,2,1,0,42.047959
2005,6,8,23,7,1027,43,50,.368091,2,1,0,42.047959
2005,6,8,23,7,1027,44,5,.368091,2,1,0,42.047959
2005,6,8,23,7,1027,149,29.7,.368091,2,0,1,149
2005,6,8,24,7,1027,0,183,.368091,2,1,0,0
2005,6,8,24,7,1027,40.5,17,.368091,2,1,0,42.047959
2005,6,8,24,7,1027,41,50,.368091,2,1,0,42.047959
2005,6,8,24,7,1027,42,50,.368091,2,1,0,42.047959
2005,6,8,24,7,1027,43,50,.368091,2,1,0,42.047959
2005,6,8,24,7,1027,44,5,.368091,2,1,0,42.047959
2005,6,8,24,7,1027,149,29.7,.368091,2,0,1,149
2005,6,8,1,9,39,0,10.9,0,2,1,0,0
2005,6,8,2,9,39,0,10.5,0,2,1,0,0
2005,6,8,3,9,39,0,7.8,0,2,1,0,0
2005,6,8,4,9,39,0,7.9,0,2,1,0,0
2005,6,8,5,9,39,0,8.6,0,2,1,0,0
2005,6,8,6,9,39,0,9.1,0,2,1,0,0
2005,6,8,7,9,39,0,8.8,0,2,1,0,0
2005,6,8,8,9,39,0,3.1,0,2,1,0,0
2005,6,8,9,9,39,0,1.4,0,2,1,0,0
2005,6,8,10,9,39,0,3.7,0,2,1,0,0
2005,6,8,11,9,39,0,2.7,0,2,1,0,0
2005,6,8,12,9,39,0,.4,0,2,1,0,0
2005,6,8,13,9,39,0,.1,0,2,1,0,0
2005,6,8,14,9,39,0,.7,0,2,1,0,0
2005,6,8,15,9,39,0,.7,0,2,1,0,0
2005,6,8,16,9,39,0,.2,0,2,1,0,0
2005,6,8,17,9,39,0,.3,0,2,1,0,0
2005,6,8,18,9,39,0,1.8,0,2,1,0,0
2005,6,8,19,9,39,0,1.4,0,2,1,0,0
2005,6,8,20,9,39,0,5.3,0,2,1,0,0
2005,6,8,21,9,39,0,6.8,0,2,1,0,0
2005,6,8,22,9,39,0,7.3,0,2,1,0,0
2005,6,8,23,9,39,0,4.3,0,2,1,0,0
2005,6,8,24,9,39,0,4.9,0,2,1,0,0
2005,6,8,1,9,40,0,5,0,2,1,0,0
2005,6,8,2,9,40,0,5.5,0,2,1,0,0
2005,6,8,3,9,40,0,5.5,0,2,1,0,0
2005,6,8,4,9,40,0,5.2,0,2,1,0,0
2005,6,8,5,9,40,0,5.2,0,2,1,0,0
2005,6,8,6,9,40,0,5,0,2,1,0,0
2005,6,8,7,9,40,0,2.2,0,2,1,0,0
2005,6,8,8,9,40,0,1.9,0,2,1,0,0
2005,6,8,9,9,40,0,3.4,0,2,1,0,0
2005,6,8,10,9,40,0,.5,0,2,1,0,0
2005,6,8,11,9,40,0,.7,0,2,1,0,0
2005,6,8,12,9,40,0,1.2,0,2,1,0,0
2005,6,8,13,9,40,0,.5,0,2,1,0,0
2005,6,8,14,9,40,0,.1,0,2,1,0,0
2005,6,8,15,9,40,0,.1,0,2,1,0,0
2005,6,8,16,9,40,0,.4,0,2,1,0,0
2005,6,8,17,9,40,0,.5,0,2,1,0,0
2005,6,8,18,9,40,0,.1,0,2,1,0,0
2005,6,8,19,9,40,0,3.1,0,2,1,0,0
2005,6,8,20,9,40,0,4.4,0,2,1,0,0
2005,6,8,21,9,40,0,4.8,0,2,1,0,0
2005,6,8,22,9,40,0,5.4,0,2,1,0,0
2005,6,8,23,9,40,0,4.8,0,2,1,0,0
2005,6,8,24,9,40,0,4.2,0,2,1,0,0
2005,6,8,1,9,41,0,3.8,0,2,1,0,0
2005,6,8,2,9,41,0,3.8,0,2,1,0,0
2005,6,8,3,9,41,0,3.8,0,2,1,0,0
2005,6,8,4,9,41,0,3.8,0,2,1,0,0
2005,6,8,5,9,41,0,3.8,0,2,1,0,0
2005,6,8,6,9,41,0,3.8,0,2,1,0,0
2005,6,8,7,9,41,0,3.8,0,2,1,0,0
2005,6,8,8,9,41,0,3.8,0,2,1,0,0
2005,6,8,9,9,41,0,3.8,0,2,1,0,0
2005,6,8,10,9,41,0,3.7,0,2,1,0,0
2005,6,8,11,9,41,0,3.7,0,2,1,0,0
2005,6,8,12,9,41,0,3.7,0,2,1,0,0
2005,6,8,13,9,41,0,3.6,0,2,1,0,0
2005,6,8,14,9,41,0,3.6,0,2,1,0,0
2005,6,8,15,9,41,0,3.7,0,2,1,0,0
2005,6,8,16,9,41,0,3.7,0,2,1,0,0
2005,6,8,17,9,41,0,3.7,0,2,1,0,0
2005,6,8,18,9,41,0,3.7,0,2,1,0,0
2005,6,8,19,9,41,0,3.7,0,2,1,0,0
2005,6,8,20,9,41,0,3.8,0,2,1,0,0
2005,6,8,21,9,41,0,3.8,0,2,1,0,0
2005,6,8,22,9,41,0,3.8,0,2,1,0,0
2005,6,8,23,9,41,0,3.8,0,2,1,0,0
2005,6,8,24,9,41,0,3.8,0,2,1,0,0
2005,6,8,1,2,1030,0,60,.93876,2,1,0,0
2005,6,8,1,2,1030,35.8,10.4,.93876,2,1,0,41.183533
2005,6,8,1,2,1030,35.83,10.4,.93876,2,1,0,41.183533
2005,6,8,1,2,1030,35.86,10.4,.93876,2,1,0,41.183533
2005,6,8,1,2,1030,35.88,10.4,.93876,2,1,0,41.183533
2005,6,8,1,2,1030,35.91,10.4,.93876,2,1,0,41.183533
2005,6,8,1,2,1030,35.94,10.4,.93876,2,1,0,41.183533
2005,6,8,1,2,1030,35.96,10.6,.93876,2,1,0,41.183533
2005,6,8,1,2,1030,120.08,5.3,.93876,2,0,0,120.08
2005,6,8,2,2,1030,0,60,.93876,2,1,0,0
2005,6,8,2,2,1030,36.63,10.4,.93876,2,1,0,41.183533
2005,6,8,2,2,1030,36.66,10.4,.93876,2,1,0,41.183533
2005,6,8,2,2,1030,36.69,10.4,.93876,2,1,0,41.183533
2005,6,8,2,2,1030,36.72,10.4,.93876,2,1,0,41.183533
2005,6,8,2,2,1030,36.74,10.4,.93876,2,1,0,41.183533
2005,6,8,2,2,1030,36.77,10.4,.93876,2,1,0,41.183533
2005,6,8,2,2,1030,36.8,10.6,.93876,2,1,0,41.183533
2005,6,8,2,2,1030,120.08,5.3,.93876,2,0,0,120.08
2005,6,8,3,2,1030,0,60,.93876,2,1,0,0
2005,6,8,3,2,1030,37.08,10.4,.93876,2,1,0,41.183533
2005,6,8,3,2,1030,37.1,10.4,.93876,2,1,0,41.183533
2005,6,8,3,2,1030,37.13,10.4,.93876,2,1,0,41.183533
2005,6,8,3,2,1030,37.16,10.4,.93876,2,1,0,41.183533
2005,6,8,3,2,1030,37.19,10.4,.93876,2,1,0,41.183533
2005,6,8,3,2,1030,37.22,10.4,.93876,2,1,0,41.183533
2005,6,8,3,2,1030,37.25,10.6,.93876,2,1,0,41.183533
2005,6,8,3,2,1030,120.08,5.3,.93876,2,0,0,120.08
2005,6,8,4,2,1030,0,60,.93876,2,1,0,0
2005,6,8,4,2,1030,37.2,10.4,.93876,2,1,0,41.183533
2005,6,8,4,2,1030,37.23,10.4,.93876,2,1,0,41.183533
2005,6,8,4,2,1030,37.26,10.4,.93876,2,1,0,41.183533
2005,6,8,4,2,1030,37.29,10.4,.93876,2,1,0,41.183533
2005,6,8,4,2,1030,37.32,10.4,.93876,2,1,0,41.183533
2005,6,8,4,2,1030,37.34,10.4,.93876,2,1,0,41.183533
2005,6,8,4,2,1030,37.37,10.6,.93876,2,1,0,41.183533
2005,6,8,4,2,1030,120.08,5.3,.93876,2,0,0,120.08
2005,6,8,5,2,1030,0,60,.93876,2,1,0,0
2005,6,8,5,2,1030,37.44,10.4,.93876,2,1,0,41.183533
2005,6,8,5,2,1030,37.47,10.4,.93876,2,1,0,41.183533
2005,6,8,5,2,1030,37.49,10.4,.93876,2,1,0,41.183533
2005,6,8,5,2,1030,37.52,10.4,.93876,2,1,0,41.183533
2005,6,8,5,2,1030,37.55,10.4,.93876,2,1,0,41.183533
2005,6,8,5,2,1030,37.58,10.4,.93876,2,1,0,41.183533
2005,6,8,5,2,1030,37.61,10.6,.93876,2,1,0,41.183533
2005,6,8,5,2,1030,120.08,5.3,.93876,2,0,0,120.08
2005,6,8,6,2,1030,0,60,.93876,2,1,0,0
2005,6,8,6,2,1030,37.29,10.4,.93876,2,1,0,41.183533
2005,6,8,6,2,1030,37.32,10.4,.93876,2,1,0,41.183533
2005,6,8,6,2,1030,37.35,10.4,.93876,2,1,0,41.183533
2005,6,8,6,2,1030,37.38,10.4,.93876,2,1,0,41.183533
2005,6,8,6,2,1030,37.4,10.4,.93876,2,1,0,41.183533
2005,6,8,6,2,1030,37.43,10.4,.93876,2,1,0,41.183533
2005,6,8,6,2,1030,37.46,10.6,.93876,2,1,0,41.183533
2005,6,8,6,2,1030,120.08,5.3,.93876,2,0,0,120.08
2005,6,8,7,2,1030,0,60,.93876,2,1,0,0
2005,6,8,7,2,1030,36.91,10.4,.93876,2,1,0,41.183533
2005,6,8,7,2,1030,36.94,10.4,.93876,2,1,0,41.183533
2005,6,8,7,2,1030,36.96,10.4,.93876,2,1,0,41.183533
2005,6,8,7,2,1030,36.99,10.4,.93876,2,1,0,41.183533
2005,6,8,7,2,1030,37.02,10.4,.93876,2,1,0,41.183533
2005,6,8,7,2,1030,37.05,10.4,.93876,2,1,0,41.183533
2005,6,8,7,2,1030,37.07,10.6,.93876,2,1,0,41.183533
2005,6,8,7,2,1030,120.08,5.3,.93876,2,0,0,120.08
2005,6,8,8,2,1030,0,60,.93876,2,1,0,0
2005,6,8,8,2,1030,36.75,10.4,.93876,2,1,0,41.183533
2005,6,8,8,2,1030,36.77,10.4,.93876,2,1,0,41.183533
2005,6,8,8,2,1030,36.8,10.4,.93876,2,1,0,41.183533
2005,6,8,8,2,1030,36.83,10.4,.93876,2,1,0,41.183533
2005,6,8,8,2,1030,36.85,10.4,.93876,2,1,0,41.183533
2005,6,8,8,2,1030,36.88,10.4,.93876,2,1,0,41.183533
2005,6,8,8,2,1030,36.91,10.6,.93876,2,1,0,41.183533
2005,6,8,8,2,1030,120.08,5.3,.93876,2,0,0,120.08
2005,6,8,9,2,1030,0,60,.93876,2,1,0,0
2005,6,8,9,2,1030,35.97,10.4,.93876,2,1,0,41.183533
2005,6,8,9,2,1030,36,10.4,.93876,2,1,0,41.183533
2005,6,8,9,2,1030,36.02,10.4,.93876,2,1,0,41.183533
2005,6,8,9,2,1030,36.05,10.4,.93876,2,1,0,41.183533
2005,6,8,9,2,1030,36.08,10.4,.93876,2,1,0,41.183533
2005,6,8,9,2,1030,36.1,10.4,.93876,2,1,0,41.183533
2005,6,8,9,2,1030,36.13,10.6,.93876,2,1,0,41.183533
2005,6,8,9,2,1030,120.08,5.3,.93876,2,0,0,120.08
2005,6,8,10,2,1030,0,60,.93876,2,1,0,0
2005,6,8,10,2,1030,35.37,10.4,.93876,2,1,0,41.183533
2005,6,8,10,2,1030,35.4,10.4,.93876,2,1,0,41.183533
2005,6,8,10,2,1030,35.42,10.4,.93876,2,1,0,41.183533
2005,6,8,10,2,1030,35.45,10.4,.93876,2,1,0,41.183533
2005,6,8,10,2,1030,35.47,10.4,.93876,2,1,0,41.183533
2005,6,8,10,2,1030,35.5,10.4,.93876,2,1,0,41.183533
2005,6,8,10,2,1030,35.52,10.6,.93876,2,1,0,41.183533
2005,6,8,10,2,1030,120.08,5.3,.93876,2,0,0,120.08
2005,6,8,11,2,1030,0,60,.93876,2,1,0,0
2005,6,8,11,2,1030,35.33,10.4,.93876,2,1,0,41.183533
2005,6,8,11,2,1030,35.35,10.4,.93876,2,1,0,41.183533
2005,6,8,11,2,1030,35.38,10.4,.93876,2,1,0,41.183533
2005,6,8,11,2,1030,35.4,10.4,.93876,2,1,0,41.183533
2005,6,8,11,2,1030,35.42,10.4,.93876,2,1,0,41.183533
2005,6,8,11,2,1030,35.45,10.4,.93876,2,1,0,41.183533
2005,6,8,11,2,1030,35.47,10.6,.93876,2,1,0,41.183533
2005,6,8,11,2,1030,120.08,5.3,.93876,2,0,0,120.08
2005,6,8,12,2,1030,0,60,.93876,2,1,0,0
2005,6,8,12,2,1030,35.06,10.4,.93876,2,1,0,41.183533
2005,6,8,12,2,1030,35.08,10.4,.93876,2,1,0,41.183533
2005,6,8,12,2,1030,35.11,10.4,.93876,2,1,0,41.183533
2005,6,8,12,2,1030,35.13,10.4,.93876,2,1,0,41.183533
2005,6,8,12,2,1030,35.16,10.4,.93876,2,1,0,41.183533
2005,6,8,12,2,1030,35.18,10.4,.93876,2,1,0,41.183533
2005,6,8,12,2,1030,35.2,10.6,.93876,2,1,0,41.183533
2005,6,8,12,2,1030,120.08,5.3,.93876,2,0,0,120.08
2005,6,8,13,2,1030,0,60,.93876,2,1,0,0
2005,6,8,13,2,1030,34.86,10.4,.93876,2,1,0,41.183533
2005,6,8,13,2,1030,34.89,10.4,.93876,2,1,0,41.183533
2005,6,8,13,2,1030,34.91,10.4,.93876,2,1,0,41.183533
2005,6,8,13,2,1030,34.93,10.4,.93876,2,1,0,41.183533
2005,6,8,13,2,1030,34.96,10.4,.93876,2,1,0,41.183533
2005,6,8,13,2,1030,34.98,10.4,.93876,2,1,0,41.183533
2005,6,8,13,2,1030,35,10.6,.93876,2,1,0,41.183533
2005,6,8,13,2,1030,120.08,5.3,.93876,2,0,0,120.08
2005,6,8,14,2,1030,0,60,.93876,2,1,0,0
2005,6,8,14,2,1030,35.18,10.4,.93876,2,1,0,41.183533
2005,6,8,14,2,1030,35.21,10.4,.93876,2,1,0,41.183533
2005,6,8,14,2,1030,35.23,10.4,.93876,2,1,0,41.183533
2005,6,8,14,2,1030,35.25,10.4,.93876,2,1,0,41.183533
2005,6,8,14,2,1030,35.28,10.4,.93876,2,1,0,41.183533
2005,6,8,14,2,1030,35.3,10.4,.93876,2,1,0,41.183533
2005,6,8,14,2,1030,35.33,10.6,.93876,2,1,0,41.183533
2005,6,8,14,2,1030,120.08,5.3,.93876,2,0,0,120.08
2005,6,8,15,2,1030,0,60,.93876,2,1,0,0
2005,6,8,15,2,1030,35.2,10.4,.93876,2,1,0,41.183533
2005,6,8,15,2,1030,35.22,10.4,.93876,2,1,0,41.183533
2005,6,8,15,2,1030,35.25,10.4,.93876,2,1,0,41.183533
2005,6,8,15,2,1030,35.27,10.4,.93876,2,1,0,41.183533
2005,6,8,15,2,1030,35.29,10.4,.93876,2,1,0,41.183533
2005,6,8,15,2,1030,35.32,10.4,.93876,2,1,0,41.183533
2005,6,8,15,2,1030,35.34,10.6,.93876,2,1,0,41.183533
2005,6,8,15,2,1030,120.08,5.3,.93876,2,0,0,120.08
2005,6,8,16,2,1030,0,60,.93876,2,1,0,0
2005,6,8,16,2,1030,35.07,10.4,.93876,2,1,0,41.183533
2005,6,8,16,2,1030,35.1,10.4,.93876,2,1,0,41.183533
2005,6,8,16,2,1030,35.12,10.4,.93876,2,1,0,41.183533
2005,6,8,16,2,1030,35.14,10.4,.93876,2,1,0,41.183533
2005,6,8,16,2,1030,35.17,10.4,.93876,2,1,0,41.183533
2005,6,8,16,2,1030,35.19,10.4,.93876,2,1,0,41.183533
2005,6,8,16,2,1030,35.22,10.6,.93876,2,1,0,41.183533
2005,6,8,16,2,1030,120.08,5.3,.93876,2,0,0,120.08
2005,6,8,17,2,1030,0,60,.93876,2,1,0,0
2005,6,8,17,2,1030,35.05,10.4,.93876,2,1,0,41.183533
2005,6,8,17,2,1030,35.08,10.4,.93876,2,1,0,41.183533
2005,6,8,17,2,1030,35.1,10.4,.93876,2,1,0,41.183533
2005,6,8,17,2,1030,35.12,10.4,.93876,2,1,0,41.183533
2005,6,8,17,2,1030,35.15,10.4,.93876,2,1,0,41.183533
2005,6,8,17,2,1030,35.17,10.4,.93876,2,1,0,41.183533
2005,6,8,17,2,1030,35.2,10.6,.93876,2,1,0,41.183533
2005,6,8,17,2,1030,120.08,5.3,.93876,2,0,0,120.08
2005,6,8,18,2,1030,0,60,.93876,2,1,0,0
2005,6,8,18,2,1030,34.84,10.4,.93876,2,1,0,41.183533
2005,6,8,18,2,1030,34.87,10.4,.93876,2,1,0,41.183533
2005,6,8,18,2,1030,34.89,10.4,.93876,2,1,0,41.183533
2005,6,8,18,2,1030,34.91,10.4,.93876,2,1,0,41.183533
2005,6,8,18,2,1030,34.94,10.4,.93876,2,1,0,41.183533
2005,6,8,18,2,1030,34.96,10.4,.93876,2,1,0,41.183533
2005,6,8,18,2,1030,34.99,10.6,.93876,2,1,0,41.183533
2005,6,8,18,2,1030,120.08,5.3,.93876,2,0,0,120.08
2005,6,8,19,2,1030,0,60,.93876,2,1,0,0
2005,6,8,19,2,1030,34.97,10.4,.93876,2,1,0,41.183533
2005,6,8,19,2,1030,34.99,10.4,.93876,2,1,0,41.183533
2005,6,8,19,2,1030,35.02,10.4,.93876,2,1,0,41.183533
2005,6,8,19,2,1030,35.04,10.4,.93876,2,1,0,41.183533
2005,6,8,19,2,1030,35.06,10.4,.93876,2,1,0,41.183533
2005,6,8,19,2,1030,35.09,10.4,.93876,2,1,0,41.183533
2005,6,8,19,2,1030,35.11,10.6,.93876,2,1,0,41.183533
2005,6,8,19,2,1030,120.08,5.3,.93876,2,0,0,120.08
2005,6,8,20,2,1030,0,60,.93876,2,1,0,0
2005,6,8,20,2,1030,35.5,10.4,.93876,2,1,0,41.183533
2005,6,8,20,2,1030,35.52,10.4,.93876,2,1,0,41.183533
2005,6,8,20,2,1030,35.55,10.4,.93876,2,1,0,41.183533
2005,6,8,20,2,1030,35.57,10.4,.93876,2,1,0,41.183533
2005,6,8,20,2,1030,35.6,10.4,.93876,2,1,0,41.183533
2005,6,8,20,2,1030,35.62,10.4,.93876,2,1,0,41.183533
2005,6,8,20,2,1030,35.64,10.6,.93876,2,1,0,41.183533
2005,6,8,20,2,1030,120.08,5.3,.93876,2,0,0,120.08
2005,6,8,21,2,1030,0,60,.93876,2,1,0,0
2005,6,8,21,2,1030,35.87,10.4,.93876,2,1,0,41.183533
2005,6,8,21,2,1030,35.89,10.4,.93876,2,1,0,41.183533
2005,6,8,21,2,1030,35.92,10.4,.93876,2,1,0,41.183533
2005,6,8,21,2,1030,35.94,10.4,.93876,2,1,0,41.183533
2005,6,8,21,2,1030,35.97,10.4,.93876,2,1,0,41.183533
2005,6,8,21,2,1030,35.99,10.4,.93876,2,1,0,41.183533
2005,6,8,21,2,1030,36.02,10.6,.93876,2,1,0,41.183533
2005,6,8,21,2,1030,120.08,5.3,.93876,2,0,0,120.08
2005,6,8,22,2,1030,0,60,.93876,2,1,0,0
2005,6,8,22,2,1030,35.83,10.4,.93876,2,1,0,41.183533
2005,6,8,22,2,1030,35.85,10.4,.93876,2,1,0,41.183533
2005,6,8,22,2,1030,35.88,10.4,.93876,2,1,0,41.183533
2005,6,8,22,2,1030,35.9,10.4,.93876,2,1,0,41.183533
2005,6,8,22,2,1030,35.93,10.4,.93876,2,1,0,41.183533
2005,6,8,22,2,1030,35.95,10.4,.93876,2,1,0,41.183533
2005,6,8,22,2,1030,35.98,10.6,.93876,2,1,0,41.183533
2005,6,8,22,2,1030,120.08,5.3,.93876,2,0,0,120.08
2005,6,8,23,2,1030,0,60,.93876,2,1,0,0
2005,6,8,23,2,1030,35.66,10.4,.93876,2,1,0,41.183533
2005,6,8,23,2,1030,35.69,10.4,.93876,2,1,0,41.183533
2005,6,8,23,2,1030,35.71,10.4,.93876,2,1,0,41.183533
2005,6,8,23,2,1030,35.74,10.4,.93876,2,1,0,41.183533
2005,6,8,23,2,1030,35.76,10.4,.93876,2,1,0,41.183533
2005,6,8,23,2,1030,35.79,10.4,.93876,2,1,0,41.183533
2005,6,8,23,2,1030,35.81,10.6,.93876,2,1,0,41.183533
2005,6,8,23,2,1030,120.08,5.3,.93876,2,0,0,120.08
2005,6,8,24,2,1030,0,60,.93876,2,1,0,0
2005,6,8,24,2,1030,36.42,10.4,.93876,2,1,0,41.183533
2005,6,8,24,2,1030,36.45,10.4,.93876,2,1,0,41.183533
2005,6,8,24,2,1030,36.47,10.4,.93876,2,1,0,41.183533
2005,6,8,24,2,1030,36.5,10.4,.93876,2,1,0,41.183533
2005,6,8,24,2,1030,36.53,10.4,.93876,2,1,0,41.183533
2005,6,8,24,2,1030,36.55,10.4,.93876,2,1,0,41.183533
2005,6,8,24,2,1030,36.58,10.6,.93876,2,1,0,41.183533
2005,6,8,24,2,1030,120.08,5.3,.93876,2,0,0,120.08
2005,6,8,1,2,1031,0,168,.93876,2,1,0,0
2005,6,8,1,2,1031,35.59,21.3,.93876,2,1,0,39.464693
2005,6,8,1,2,1031,35.63,21.3,.93876,2,1,0,39.464693
2005,6,8,1,2,1031,35.67,21.3,.93876,2,1,0,39.464693
2005,6,8,1,2,1031,35.72,21.3,.93876,2,1,0,39.464693
2005,6,8,1,2,1031,35.76,21.3,.93876,2,1,0,39.464693
2005,6,8,1,2,1031,35.8,21.3,.93876,2,1,0,39.464693
2005,6,8,1,2,1031,35.85,21.2,.93876,2,1,0,39.464693
2005,6,8,1,2,1031,120.08,6.3,.93876,2,0,0,120.08
2005,6,8,2,2,1031,0,153,.93876,2,1,0,0
2005,6,8,2,2,1031,11.01,15,.93876,2,1,0,39.464693
2005,6,8,2,2,1031,36.41,21.3,.93876,2,1,0,39.464693
2005,6,8,2,2,1031,36.46,21.3,.93876,2,1,0,39.464693
2005,6,8,2,2,1031,36.5,21.3,.93876,2,1,0,39.464693
2005,6,8,2,2,1031,36.55,21.3,.93876,2,1,0,39.464693
2005,6,8,2,2,1031,36.6,21.3,.93876,2,1,0,39.464693
2005,6,8,2,2,1031,36.64,21.3,.93876,2,1,0,39.464693
2005,6,8,2,2,1031,36.69,21.2,.93876,2,1,0,39.464693
2005,6,8,2,2,1031,120.09,6.3,.93876,2,0,0,120.09
2005,6,8,3,2,1031,0,153,.93876,2,1,0,0
2005,6,8,3,2,1031,11.01,15,.93876,2,1,0,39.464693
2005,6,8,3,2,1031,36.85,21.3,.93876,2,1,0,39.464693
2005,6,8,3,2,1031,36.89,21.3,.93876,2,1,0,39.464693
2005,6,8,3,2,1031,36.94,21.3,.93876,2,1,0,39.464693
2005,6,8,3,2,1031,36.99,21.3,.93876,2,1,0,39.464693
2005,6,8,3,2,1031,37.03,21.3,.93876,2,1,0,39.464693
2005,6,8,3,2,1031,37.08,21.3,.93876,2,1,0,39.464693
2005,6,8,3,2,1031,37.13,21.2,.93876,2,1,0,39.464693
2005,6,8,3,2,1031,120.09,6.3,.93876,2,0,0,120.09
2005,6,8,4,2,1031,0,153,.93876,2,1,0,0
2005,6,8,4,2,1031,11.01,15,.93876,2,1,0,39.464693
2005,6,8,4,2,1031,36.97,21.3,.93876,2,1,0,39.464693
2005,6,8,4,2,1031,37.02,21.3,.93876,2,1,0,39.464693
2005,6,8,4,2,1031,37.06,21.3,.93876,2,1,0,39.464693
2005,6,8,4,2,1031,37.11,21.3,.93876,2,1,0,39.464693
2005,6,8,4,2,1031,37.16,21.3,.93876,2,1,0,39.464693
2005,6,8,4,2,1031,37.21,21.3,.93876,2,1,0,39.464693
2005,6,8,4,2,1031,37.25,21.2,.93876,2,1,0,39.464693
2005,6,8,4,2,1031,120.09,6.3,.93876,2,0,0,120.09
2005,6,8,5,2,1031,0,153,.93876,2,1,0,0
2005,6,8,5,2,1031,11.01,15,.93876,2,1,0,39.464693
2005,6,8,5,2,1031,37.2,21.3,.93876,2,1,0,39.464693
2005,6,8,5,2,1031,37.25,21.3,.93876,2,1,0,39.464693
2005,6,8,5,2,1031,37.3,21.3,.93876,2,1,0,39.464693
2005,6,8,5,2,1031,37.34,21.3,.93876,2,1,0,39.464693
2005,6,8,5,2,1031,37.39,21.3,.93876,2,1,0,39.464693
2005,6,8,5,2,1031,37.44,21.3,.93876,2,1,0,39.464693
2005,6,8,5,2,1031,37.49,21.2,.93876,2,1,0,39.464693
2005,6,8,5,2,1031,120.09,6.3,.93876,2,0,0,120.09
2005,6,8,6,2,1031,0,153,.93876,2,1,0,0
2005,6,8,6,2,1031,11.01,15,.93876,2,1,0,39.464693
2005,6,8,6,2,1031,37.06,21.3,.93876,2,1,0,39.464693
2005,6,8,6,2,1031,37.1,21.3,.93876,2,1,0,39.464693
2005,6,8,6,2,1031,37.15,21.3,.93876,2,1,0,39.464693
2005,6,8,6,2,1031,37.2,21.3,.93876,2,1,0,39.464693
2005,6,8,6,2,1031,37.25,21.3,.93876,2,1,0,39.464693
2005,6,8,6,2,1031,37.29,21.3,.93876,2,1,0,39.464693
2005,6,8,6,2,1031,37.34,21.2,.93876,2,1,0,39.464693
2005,6,8,6,2,1031,120.09,6.3,.93876,2,0,0,120.09
2005,6,8,7,2,1031,0,153,.93876,2,1,0,0
2005,6,8,7,2,1031,11.01,15,.93876,2,1,0,39.464693
2005,6,8,7,2,1031,36.68,21.3,.93876,2,1,0,39.464693
2005,6,8,7,2,1031,36.73,21.3,.93876,2,1,0,39.464693
2005,6,8,7,2,1031,36.77,21.3,.93876,2,1,0,39.464693
2005,6,8,7,2,1031,36.82,21.3,.93876,2,1,0,39.464693
2005,6,8,7,2,1031,36.87,21.3,.93876,2,1,0,39.464693
2005,6,8,7,2,1031,36.91,21.3,.93876,2,1,0,39.464693
2005,6,8,7,2,1031,36.96,21.2,.93876,2,1,0,39.464693
2005,6,8,7,2,1031,120.09,6.3,.93876,2,0,0,120.09
2005,6,8,8,2,1031,0,153,.93876,2,1,0,0
2005,6,8,8,2,1031,11.01,15,.93876,2,1,0,39.464693
2005,6,8,8,2,1031,36.53,21.3,.93876,2,1,0,39.464693
2005,6,8,8,2,1031,36.57,21.3,.93876,2,1,0,39.464693
2005,6,8,8,2,1031,36.62,21.3,.93876,2,1,0,39.464693
2005,6,8,8,2,1031,36.66,21.3,.93876,2,1,0,39.464693
2005,6,8,8,2,1031,36.71,21.3,.93876,2,1,0,39.464693
2005,6,8,8,2,1031,36.75,21.3,.93876,2,1,0,39.464693
2005,6,8,8,2,1031,36.8,21.2,.93876,2,1,0,39.464693
2005,6,8,8,2,1031,120.09,6.3,.93876,2,0,0,120.09
2005,6,8,9,2,1031,0,168,.93876,2,1,0,0
2005,6,8,9,2,1031,35.76,21.3,.93876,2,1,0,39.464693
2005,6,8,9,2,1031,35.8,21.3,.93876,2,1,0,39.464693
2005,6,8,9,2,1031,35.84,21.3,.93876,2,1,0,39.464693
2005,6,8,9,2,1031,35.89,21.3,.93876,2,1,0,39.464693
2005,6,8,9,2,1031,35.93,21.3,.93876,2,1,0,39.464693
2005,6,8,9,2,1031,35.97,21.3,.93876,2,1,0,39.464693
2005,6,8,9,2,1031,36.02,21.2,.93876,2,1,0,39.464693
2005,6,8,9,2,1031,120.08,6.3,.93876,2,0,0,120.08
2005,6,8,10,2,1031,0,168,.93876,2,1,0,0
2005,6,8,10,2,1031,35.18,21.3,.93876,2,1,0,39.464693
2005,6,8,10,2,1031,35.22,21.3,.93876,2,1,0,39.464693
2005,6,8,10,2,1031,35.26,21.3,.93876,2,1,0,39.464693
2005,6,8,10,2,1031,35.3,21.3,.93876,2,1,0,39.464693
2005,6,8,10,2,1031,35.34,21.3,.93876,2,1,0,39.464693
2005,6,8,10,2,1031,35.38,21.3,.93876,2,1,0,39.464693
2005,6,8,10,2,1031,35.42,21.2,.93876,2,1,0,39.464693
2005,6,8,10,2,1031,120.08,6.3,.93876,2,0,0,120.08
2005,6,8,11,2,1031,0,168,.93876,2,1,0,0
2005,6,8,11,2,1031,35.14,21.3,.93876,2,1,0,39.464693
2005,6,8,11,2,1031,35.18,21.3,.93876,2,1,0,39.464693
2005,6,8,11,2,1031,35.22,21.3,.93876,2,1,0,39.464693
2005,6,8,11,2,1031,35.26,21.3,.93876,2,1,0,39.464693
2005,6,8,11,2,1031,35.29,21.3,.93876,2,1,0,39.464693
2005,6,8,11,2,1031,35.33,21.3,.93876,2,1,0,39.464693
2005,6,8,11,2,1031,35.37,21.2,.93876,2,1,0,39.464693
2005,6,8,11,2,1031,120.08,6.3,.93876,2,0,0,120.08
2005,6,8,12,2,1031,0,168,.93876,2,1,0,0
2005,6,8,12,2,1031,34.88,21.3,.93876,2,1,0,39.464693
2005,6,8,12,2,1031,34.92,21.3,.93876,2,1,0,39.464693
2005,6,8,12,2,1031,34.95,21.3,.93876,2,1,0,39.464693
2005,6,8,12,2,1031,34.99,21.3,.93876,2,1,0,39.464693
2005,6,8,12,2,1031,35.03,21.3,.93876,2,1,0,39.464693
2005,6,8,12,2,1031,35.07,21.3,.93876,2,1,0,39.464693
2005,6,8,12,2,1031,35.11,21.2,.93876,2,1,0,39.464693
2005,6,8,12,2,1031,120.08,6.3,.93876,2,0,0,120.08
2005,6,8,13,2,1031,0,168,.93876,2,1,0,0
2005,6,8,13,2,1031,34.68,21.3,.93876,2,1,0,39.464693
2005,6,8,13,2,1031,34.72,21.3,.93876,2,1,0,39.464693
2005,6,8,13,2,1031,34.76,21.3,.93876,2,1,0,39.464693
2005,6,8,13,2,1031,34.8,21.3,.93876,2,1,0,39.464693
2005,6,8,13,2,1031,34.83,21.3,.93876,2,1,0,39.464693
2005,6,8,13,2,1031,34.87,21.3,.93876,2,1,0,39.464693
2005,6,8,13,2,1031,34.91,21.2,.93876,2,1,0,39.464693
2005,6,8,13,2,1031,120.08,6.3,.93876,2,0,0,120.08
2005,6,8,14,2,1031,0,168,.93876,2,1,0,0
2005,6,8,14,2,1031,35,21.3,.93876,2,1,0,39.464693
2005,6,8,14,2,1031,35.04,21.3,.93876,2,1,0,39.464693
2005,6,8,14,2,1031,35.07,21.3,.93876,2,1,0,39.464693
2005,6,8,14,2,1031,35.11,21.3,.93876,2,1,0,39.464693
2005,6,8,14,2,1031,35.15,21.3,.93876,2,1,0,39.464693
2005,6,8,14,2,1031,35.19,21.3,.93876,2,1,0,39.464693
2005,6,8,14,2,1031,35.23,21.2,.93876,2,1,0,39.464693
2005,6,8,14,2,1031,120.08,6.3,.93876,2,0,0,120.08
2005,6,8,15,2,1031,0,168,.93876,2,1,0,0
2005,6,8,15,2,1031,35.01,21.3,.93876,2,1,0,39.464693
2005,6,8,15,2,1031,35.05,21.3,.93876,2,1,0,39.464693
2005,6,8,15,2,1031,35.09,21.3,.93876,2,1,0,39.464693
2005,6,8,15,2,1031,35.12,21.3,.93876,2,1,0,39.464693
2005,6,8,15,2,1031,35.16,21.3,.93876,2,1,0,39.464693
2005,6,8,15,2,1031,35.2,21.3,.93876,2,1,0,39.464693
2005,6,8,15,2,1031,35.24,21.2,.93876,2,1,0,39.464693
2005,6,8,15,2,1031,120.08,6.3,.93876,2,0,0,120.08
2005,6,8,16,2,1031,0,168,.93876,2,1,0,0
2005,6,8,16,2,1031,34.88,21.3,.93876,2,1,0,39.464693
2005,6,8,16,2,1031,34.92,21.3,.93876,2,1,0,39.464693
2005,6,8,16,2,1031,34.96,21.3,.93876,2,1,0,39.464693
2005,6,8,16,2,1031,35,21.3,.93876,2,1,0,39.464693
2005,6,8,16,2,1031,35.04,21.3,.93876,2,1,0,39.464693
2005,6,8,16,2,1031,35.08,21.3,.93876,2,1,0,39.464693
2005,6,8,16,2,1031,35.12,21.2,.93876,2,1,0,39.464693
2005,6,8,16,2,1031,120.08,6.3,.93876,2,0,0,120.08
2005,6,8,17,2,1031,0,168,.93876,2,1,0,0
2005,6,8,17,2,1031,34.87,21.3,.93876,2,1,0,39.464693
2005,6,8,17,2,1031,34.91,21.3,.93876,2,1,0,39.464693
2005,6,8,17,2,1031,34.94,21.3,.93876,2,1,0,39.464693
2005,6,8,17,2,1031,34.98,21.3,.93876,2,1,0,39.464693
2005,6,8,17,2,1031,35.02,21.3,.93876,2,1,0,39.464693
2005,6,8,17,2,1031,35.06,21.3,.93876,2,1,0,39.464693
2005,6,8,17,2,1031,35.1,21.2,.93876,2,1,0,39.464693
2005,6,8,17,2,1031,120.08,6.3,.93876,2,0,0,120.08
2005,6,8,18,2,1031,0,168,.93876,2,1,0,0
2005,6,8,18,2,1031,34.66,21.3,.93876,2,1,0,39.464693
2005,6,8,18,2,1031,34.7,21.3,.93876,2,1,0,39.464693
2005,6,8,18,2,1031,34.74,21.3,.93876,2,1,0,39.464693
2005,6,8,18,2,1031,34.78,21.3,.93876,2,1,0,39.464693
2005,6,8,18,2,1031,34.81,21.3,.93876,2,1,0,39.464693
2005,6,8,18,2,1031,34.85,21.3,.93876,2,1,0,39.464693
2005,6,8,18,2,1031,34.89,21.2,.93876,2,1,0,39.464693
2005,6,8,18,2,1031,120.08,6.3,.93876,2,0,0,120.08
2005,6,8,19,2,1031,0,168,.93876,2,1,0,0
2005,6,8,19,2,1031,34.78,21.3,.93876,2,1,0,39.464693
2005,6,8,19,2,1031,34.82,21.3,.93876,2,1,0,39.464693
2005,6,8,19,2,1031,34.86,21.3,.93876,2,1,0,39.464693
2005,6,8,19,2,1031,34.9,21.3,.93876,2,1,0,39.464693
2005,6,8,19,2,1031,34.94,21.3,.93876,2,1,0,39.464693
2005,6,8,19,2,1031,34.98,21.3,.93876,2,1,0,39.464693
2005,6,8,19,2,1031,35.01,21.2,.93876,2,1,0,39.464693
2005,6,8,19,2,1031,120.08,6.3,.93876,2,0,0,120.08
2005,6,8,20,2,1031,0,168,.93876,2,1,0,0
2005,6,8,20,2,1031,35.31,21.3,.93876,2,1,0,39.464693
2005,6,8,20,2,1031,35.35,21.3,.93876,2,1,0,39.464693
2005,6,8,20,2,1031,35.38,21.3,.93876,2,1,0,39.464693
2005,6,8,20,2,1031,35.42,21.3,.93876,2,1,0,39.464693
2005,6,8,20,2,1031,35.46,21.3,.93876,2,1,0,39.464693
2005,6,8,20,2,1031,35.5,21.3,.93876,2,1,0,39.464693
2005,6,8,20,2,1031,35.54,21.2,.93876,2,1,0,39.464693
2005,6,8,20,2,1031,120.08,6.3,.93876,2,0,0,120.08
2005,6,8,21,2,1031,0,168,.93876,2,1,0,0
2005,6,8,21,2,1031,35.67,21.3,.93876,2,1,0,39.464693
2005,6,8,21,2,1031,35.71,21.3,.93876,2,1,0,39.464693
2005,6,8,21,2,1031,35.75,21.3,.93876,2,1,0,39.464693
2005,6,8,21,2,1031,35.79,21.3,.93876,2,1,0,39.464693
2005,6,8,21,2,1031,35.83,21.3,.93876,2,1,0,39.464693
2005,6,8,21,2,1031,35.87,21.3,.93876,2,1,0,39.464693
2005,6,8,21,2,1031,35.91,21.2,.93876,2,1,0,39.464693
2005,6,8,21,2,1031,120.08,6.3,.93876,2,0,0,120.08
2005,6,8,22,2,1031,0,168,.93876,2,1,0,0
2005,6,8,22,2,1031,35.62,21.3,.93876,2,1,0,39.464693
2005,6,8,22,2,1031,35.66,21.3,.93876,2,1,0,39.464693
2005,6,8,22,2,1031,35.71,21.3,.93876,2,1,0,39.464693
2005,6,8,22,2,1031,35.75,21.3,.93876,2,1,0,39.464693
2005,6,8,22,2,1031,35.79,21.3,.93876,2,1,0,39.464693
2005,6,8,22,2,1031,35.83,21.3,.93876,2,1,0,39.464693
2005,6,8,22,2,1031,35.87,21.2,.93876,2,1,0,39.464693
2005,6,8,22,2,1031,120.08,6.3,.93876,2,0,0,120.08
2005,6,8,23,2,1031,0,168,.93876,2,1,0,0
2005,6,8,23,2,1031,35.46,21.3,.93876,2,1,0,39.464693
2005,6,8,23,2,1031,35.5,21.3,.93876,2,1,0,39.464693
2005,6,8,23,2,1031,35.54,21.3,.93876,2,1,0,39.464693
2005,6,8,23,2,1031,35.58,21.3,.93876,2,1,0,39.464693
2005,6,8,23,2,1031,35.62,21.3,.93876,2,1,0,39.464693
2005,6,8,23,2,1031,35.66,21.3,.93876,2,1,0,39.464693
2005,6,8,23,2,1031,35.7,21.2,.93876,2,1,0,39.464693
2005,6,8,23,2,1031,120.08,6.3,.93876,2,0,0,120.08
2005,6,8,24,2,1031,0,153,.93876,2,1,0,0
2005,6,8,24,2,1031,11.01,15,.93876,2,1,0,39.464693
2005,6,8,24,2,1031,36.21,21.3,.93876,2,1,0,39.464693
2005,6,8,24,2,1031,36.26,21.3,.93876,2,1,0,39.464693
2005,6,8,24,2,1031,36.3,21.3,.93876,2,1,0,39.464693
2005,6,8,24,2,1031,36.34,21.3,.93876,2,1,0,39.464693
2005,6,8,24,2,1031,36.39,21.3,.93876,2,1,0,39.464693
2005,6,8,24,2,1031,36.43,21.3,.93876,2,1,0,39.464693
2005,6,8,24,2,1031,36.47,21.2,.93876,2,1,0,39.464693
2005,6,8,24,2,1031,120.09,6.3,.93876,2,0,0,120.09
2005,6,8,1,9,44,0,2.8,0,2,1,0,0
2005,6,8,2,9,44,0,2.8,0,2,1,0,0
2005,6,8,3,9,44,0,2.8,0,2,1,0,0
2005,6,8,4,9,44,0,2.8,0,2,1,0,0
2005,6,8,5,9,44,0,2.8,0,2,1,0,0
2005,6,8,6,9,44,0,2.8,0,2,1,0,0
2005,6,8,7,9,44,0,2.8,0,2,1,0,0
2005,6,8,8,9,44,0,2.8,0,2,1,0,0
2005,6,8,9,9,44,0,2.8,0,2,1,0,0
2005,6,8,10,9,44,0,2.8,0,2,1,0,0
2005,6,8,11,9,44,0,2.8,0,2,1,0,0
2005,6,8,12,9,44,0,2.8,0,2,1,0,0
2005,6,8,13,9,44,0,2.8,0,2,1,0,0
2005,6,8,14,9,44,0,2.8,0,2,1,0,0
2005,6,8,15,9,44,0,2.8,0,2,1,0,0
2005,6,8,16,9,44,0,2.8,0,2,1,0,0
2005,6,8,17,9,44,0,2.8,0,2,1,0,0
2005,6,8,18,9,44,0,2.8,0,2,1,0,0
2005,6,8,19,9,44,0,2.8,0,2,1,0,0
2005,6,8,20,9,44,0,2.8,0,2,1,0,0
2005,6,8,21,9,44,0,2.8,0,2,1,0,0
2005,6,8,22,9,44,0,2.8,0,2,1,0,0
2005,6,8,23,9,44,0,2.8,0,2,1,0,0
2005,6,8,24,9,44,0,2.8,0,2,1,0,0
2005,6,8,1,9,45,100,20,0,1,1,0,100
2005,6,8,2,9,45,100,20,0,1,1,0,100
2005,6,8,3,9,45,100,20,0,1,1,0,100
2005,6,8,4,9,45,100,20,0,1,1,0,100
2005,6,8,5,9,45,100,20,0,1,1,0,100
2005,6,8,6,9,45,100,20,0,1,1,0,100
2005,6,8,7,9,45,100,20,0,1,1,0,100
2005,6,8,8,9,45,100,20,0,1,1,0,100
2005,6,8,1,9,46,0,33.4,0,2,1,0,0
2005,6,8,2,9,46,0,28.2,0,2,1,0,0
2005,6,8,3,9,46,0,28.2,0,2,1,0,0
2005,6,8,4,9,46,0,28,0,2,1,0,0
2005,6,8,5,9,46,0,28,0,2,1,0,0
2005,6,8,6,9,46,0,26.3,0,2,1,0,0
2005,6,8,7,9,46,0,25.6,0,2,1,0,0
2005,6,8,8,9,46,0,22.5,0,2,1,0,0
2005,6,8,9,9,46,0,.7,0,2,1,0,0
2005,6,8,10,9,46,0,23.2,0,2,1,0,0
2005,6,8,11,9,46,0,22.8,0,2,1,0,0
2005,6,8,12,9,46,0,22.7,0,2,1,0,0
2005,6,8,13,9,46,0,23.1,0,2,1,0,0
2005,6,8,14,9,46,0,23.8,0,2,1,0,0
2005,6,8,15,9,46,0,24.3,0,2,1,0,0
2005,6,8,16,9,46,0,24.4,0,2,1,0,0
2005,6,8,17,9,46,0,25,0,2,1,0,0
2005,6,8,18,9,46,0,25.6,0,2,1,0,0
2005,6,8,19,9,46,0,26.2,0,2,1,0,0
2005,6,8,20,9,46,0,26.7,0,2,1,0,0
2005,6,8,21,9,46,0,29.2,0,2,1,0,0
2005,6,8,22,9,46,0,35,0,2,1,0,0
2005,6,8,23,9,46,0,35.7,0,2,1,0,0
2005,6,8,24,9,46,0,34.6,0,2,1,0,0
2005,6,8,1,9,47,0,3.8,0,2,1,0,0
2005,6,8,2,9,47,0,3.8,0,2,1,0,0
2005,6,8,3,9,47,0,3.8,0,2,1,0,0
2005,6,8,4,9,47,0,3.6,0,2,1,0,0
2005,6,8,5,9,47,0,3.6,0,2,1,0,0
2005,6,8,6,9,47,0,3.5,0,2,1,0,0
2005,6,8,7,9,47,0,2.9,0,2,1,0,0
2005,6,8,8,9,47,0,2.7,0,2,1,0,0
2005,6,8,9,9,47,0,2.5,0,2,1,0,0
2005,6,8,10,9,47,0,2.5,0,2,1,0,0
2005,6,8,11,9,47,0,2.5,0,2,1,0,0
2005,6,8,12,9,47,0,2.5,0,2,1,0,0
2005,6,8,13,9,47,0,2.5,0,2,1,0,0
2005,6,8,14,9,47,0,2.5,0,2,1,0,0
2005,6,8,15,9,47,0,2.5,0,2,1,0,0
2005,6,8,16,9,47,0,2.5,0,2,1,0,0
2005,6,8,17,9,47,0,2.5,0,2,1,0,0
2005,6,8,18,9,47,0,2.6,0,2,1,0,0
2005,6,8,19,9,47,0,2.8,0,2,1,0,0
2005,6,8,20,9,47,0,2.9,0,2,1,0,0
2005,6,8,21,9,47,0,3,0,2,1,0,0
2005,6,8,22,9,47,0,3.2,0,2,1,0,0
2005,6,8,23,9,47,0,3.8,0,2,1,0,0
2005,6,8,24,9,47,0,3.8,0,2,1,0,0
2005,6,8,1,9,48,0,81.3,0,2,1,0,0
2005,6,8,1,9,48,15,.5,0,2,1,0,15
2005,6,8,1,9,48,25.01,.5,0,2,1,0,25.01
2005,6,8,1,9,48,30.01,.5,0,2,1,0,30.01
2005,6,8,1,9,48,40,.5,0,2,1,0,40
2005,6,8,1,9,48,46.8,.5,0,2,0,0,46.8
2005,6,8,2,9,48,0,81.6,0,2,1,0,0
2005,6,8,2,9,48,15,.5,0,2,1,0,15
2005,6,8,2,9,48,25.01,.5,0,2,1,0,25.01
2005,6,8,2,9,48,30.01,.5,0,2,1,0,30.01
2005,6,8,2,9,48,40,.5,0,2,1,0,40
2005,6,8,2,9,48,46.8,.5,0,2,0,0,46.8
2005,6,8,3,9,48,0,81.1,0,2,1,0,0
2005,6,8,3,9,48,15,.5,0,2,1,0,15
2005,6,8,3,9,48,25.01,.5,0,2,1,0,25.01
2005,6,8,3,9,48,30.01,.5,0,2,1,0,30.01
2005,6,8,3,9,48,40,.5,0,2,0,0,40
2005,6,8,3,9,48,46.8,.5,0,2,0,0,46.8
2005,6,8,4,9,48,0,81,0,2,1,0,0
2005,6,8,4,9,48,15,.5,0,2,1,0,15
2005,6,8,4,9,48,25.01,.5,0,2,1,0,25.01
2005,6,8,4,9,48,30.01,.5,0,2,1,0,30.01
2005,6,8,4,9,48,40,.5,0,2,0,0,40
2005,6,8,4,9,48,46.8,.5,0,2,0,0,46.8
2005,6,8,5,9,48,0,81.6,0,2,1,0,0
2005,6,8,5,9,48,15,.5,0,2,1,0,15
2005,6,8,5,9,48,25.01,.5,0,2,1,0,25.01
2005,6,8,5,9,48,30.01,.5,0,2,1,0,30.01
2005,6,8,5,9,48,40,.5,0,2,0,0,40
2005,6,8,5,9,48,46.8,.5,0,2,0,0,46.8
2005,6,8,6,9,48,0,81,0,2,1,0,0
2005,6,8,6,9,48,15,.5,0,2,1,0,15
2005,6,8,6,9,48,25.01,.5,0,2,1,0,25.01
2005,6,8,6,9,48,30.01,.5,0,2,1,0,30.01
2005,6,8,6,9,48,40,.5,0,2,0,0,40
2005,6,8,6,9,48,46.8,.5,0,2,0,0,46.8
2005,6,8,7,9,48,0,81.1,0,2,1,0,0
2005,6,8,7,9,48,15,.5,0,2,1,0,15
2005,6,8,7,9,48,25.01,.5,0,2,1,0,25.01
2005,6,8,7,9,48,30.01,.5,0,2,1,0,30.01
2005,6,8,7,9,48,40,.5,0,2,1,0,40
2005,6,8,7,9,48,46.8,.5,0,2,0,0,46.8
2005,6,8,8,9,48,0,81.2,0,2,1,0,0
2005,6,8,8,9,48,15,.5,0,2,1,0,15
2005,6,8,8,9,48,25.01,.5,0,2,1,0,25.01
2005,6,8,8,9,48,30.01,.5,0,2,1,0,30.01
2005,6,8,8,9,48,40,.5,0,2,1,0,40
2005,6,8,8,9,48,46.8,.5,0,2,1,0,46.8
2005,6,8,9,9,48,0,80.5,0,2,1,0,0
2005,6,8,9,9,48,15,.5,0,2,1,0,15
2005,6,8,9,9,48,25.01,.5,0,2,1,0,25.01
2005,6,8,9,9,48,30.01,.5,0,2,1,0,30.01
2005,6,8,9,9,48,40,.5,0,2,1,0,40
2005,6,8,9,9,48,46.8,.5,0,2,1,0,46.8
2005,6,8,10,9,48,0,80.9,0,2,1,0,0
2005,6,8,10,9,48,15,.5,0,2,1,0,15
2005,6,8,10,9,48,25.01,.5,0,2,1,0,25.01
2005,6,8,10,9,48,30.01,.5,0,2,1,0,30.01
2005,6,8,10,9,48,40,.5,0,2,1,0,40
2005,6,8,10,9,48,46.8,.5,0,2,1,0,46.8
2005,6,8,11,9,48,0,80.8,0,2,1,0,0
2005,6,8,11,9,48,15,.5,0,2,1,0,15
2005,6,8,11,9,48,25.01,.5,0,2,1,0,25.01
2005,6,8,11,9,48,30.01,.5,0,2,1,0,30.01
2005,6,8,11,9,48,40,.5,0,2,1,0,40
2005,6,8,11,9,48,46.8,.5,0,2,1,0,46.8
2005,6,8,12,9,48,0,81,0,2,1,0,0
2005,6,8,12,9,48,15,.5,0,2,1,0,15
2005,6,8,12,9,48,25.01,.5,0,2,1,0,25.01
2005,6,8,12,9,48,30.01,.5,0,2,1,0,30.01
2005,6,8,12,9,48,40,.5,0,2,1,0,40
2005,6,8,12,9,48,46.8,.5,0,2,1,0,46.8
2005,6,8,13,9,48,0,80.9,0,2,1,0,0
2005,6,8,13,9,48,15,.5,0,2,1,0,15
2005,6,8,13,9,48,25.01,.5,0,2,1,0,25.01
2005,6,8,13,9,48,30.01,.5,0,2,1,0,30.01
2005,6,8,13,9,48,40,.5,0,2,1,0,40
2005,6,8,13,9,48,46.8,.5,0,2,1,0,46.8
2005,6,8,14,9,48,0,80.9,0,2,1,0,0
2005,6,8,14,9,48,15,.5,0,2,1,0,15
2005,6,8,14,9,48,25.01,.5,0,2,1,0,25.01
2005,6,8,14,9,48,30.01,.5,0,2,1,0,30.01
2005,6,8,14,9,48,40,.5,0,2,1,0,40
2005,6,8,14,9,48,46.8,.5,0,2,1,0,46.8
2005,6,8,15,9,48,0,80.9,0,2,1,0,0
2005,6,8,15,9,48,15,.5,0,2,1,0,15
2005,6,8,15,9,48,25.01,.5,0,2,1,0,25.01
2005,6,8,15,9,48,30.01,.5,0,2,1,0,30.01
2005,6,8,15,9,48,40,.5,0,2,1,0,40
2005,6,8,15,9,48,46.8,.5,0,2,1,0,46.8
2005,6,8,16,9,48,0,81.2,0,2,1,0,0
2005,6,8,16,9,48,15,.5,0,2,1,0,15
2005,6,8,16,9,48,25.01,.5,0,2,1,0,25.01
2005,6,8,16,9,48,30.01,.5,0,2,1,0,30.01
2005,6,8,16,9,48,40,.5,0,2,1,0,40
2005,6,8,16,9,48,46.8,.5,0,2,1,0,46.8
2005,6,8,17,9,48,0,81.2,0,2,1,0,0
2005,6,8,17,9,48,15,.5,0,2,1,0,15
2005,6,8,17,9,48,25.01,.5,0,2,1,0,25.01
2005,6,8,17,9,48,30.01,.5,0,2,1,0,30.01
2005,6,8,17,9,48,40,.5,0,2,1,0,40
2005,6,8,17,9,48,46.8,.5,0,2,1,0,46.8
2005,6,8,18,9,48,0,81.1,0,2,1,0,0
2005,6,8,18,9,48,15,.5,0,2,1,0,15
2005,6,8,18,9,48,25.01,.5,0,2,1,0,25.01
2005,6,8,18,9,48,30.01,.5,0,2,1,0,30.01
2005,6,8,18,9,48,40,.5,0,2,1,0,40
2005,6,8,18,9,48,46.8,.5,0,2,1,0,46.8
2005,6,8,19,9,48,0,80.9,0,2,1,0,0
2005,6,8,19,9,48,15,.5,0,2,1,0,15
2005,6,8,19,9,48,25.01,.5,0,2,1,0,25.01
2005,6,8,19,9,48,30.01,.5,0,2,1,0,30.01
2005,6,8,19,9,48,40,.5,0,2,1,0,40
2005,6,8,19,9,48,46.8,.5,0,2,1,0,46.8
2005,6,8,20,9,48,0,81.8,0,2,1,0,0
2005,6,8,20,9,48,15,.5,0,2,1,0,15
2005,6,8,20,9,48,25.01,.5,0,2,1,0,25.01
2005,6,8,20,9,48,30.01,.5,0,2,1,0,30.01
2005,6,8,20,9,48,40,.5,0,2,1,0,40
2005,6,8,20,9,48,46.8,.5,0,2,1,0,46.8
2005,6,8,21,9,48,0,81.1,0,2,1,0,0
2005,6,8,21,9,48,15,.5,0,2,1,0,15
2005,6,8,21,9,48,25.01,.5,0,2,1,0,25.01
2005,6,8,21,9,48,30.01,.5,0,2,1,0,30.01
2005,6,8,21,9,48,40,.5,0,2,1,0,40
2005,6,8,21,9,48,46.8,.5,0,2,1,0,46.8
2005,6,8,22,9,48,0,81,0,2,1,0,0
2005,6,8,22,9,48,15,.5,0,2,1,0,15
2005,6,8,22,9,48,25.01,.5,0,2,1,0,25.01
2005,6,8,22,9,48,30.01,.5,0,2,1,0,30.01
2005,6,8,22,9,48,40,.5,0,2,1,0,40
2005,6,8,22,9,48,46.8,.5,0,2,1,0,46.8
2005,6,8,23,9,48,0,81.7,0,2,1,0,0
2005,6,8,23,9,48,15,.5,0,2,1,0,15
2005,6,8,23,9,48,25.01,.5,0,2,1,0,25.01
2005,6,8,23,9,48,30.01,.5,0,2,1,0,30.01
2005,6,8,23,9,48,40,.5,0,2,1,0,40
2005,6,8,23,9,48,46.8,.5,0,2,1,0,46.8
2005,6,8,24,9,48,0,80.8,0,2,1,0,0
2005,6,8,24,9,48,15,.5,0,2,1,0,15
2005,6,8,24,9,48,25.01,.5,0,2,1,0,25.01
2005,6,8,24,9,48,30.01,.5,0,2,1,0,30.01
2005,6,8,24,9,48,40,.5,0,2,1,0,40
2005,6,8,24,9,48,46.8,.5,0,2,1,0,46.8
2005,6,8,1,9,49,180.3,24.1,0,1,1,0,180.3
2005,6,8,2,9,49,180.3,23.3,0,1,1,0,180.3
2005,6,8,3,9,49,180.3,22.5,0,1,1,0,180.3
2005,6,8,4,9,49,180.3,21.9,0,1,1,0,180.3
2005,6,8,8,9,49,180.3,34.4,0,1,1,0,180.3
2005,6,8,9,9,49,180.3,24.1,0,1,1,0,180.3
2005,6,8,1,9,50,180.3,2.1,0,1,1,0,180.3
2005,6,8,2,9,50,180.3,1.9,0,1,1,0,180.3
2005,6,8,3,9,50,180.3,1.8,0,1,1,0,180.3
2005,6,8,4,9,50,180.3,1.7,0,1,1,0,180.3
2005,6,8,8,9,50,180.3,2.2,0,1,1,0,180.3
2005,6,8,9,9,50,180.3,2.7,0,1,1,0,180.3
2005,6,8,1,9,51,180.3,10.8,0,1,1,0,180.3
2005,6,8,2,9,51,180.3,8.6,0,1,1,0,180.3
2005,6,8,3,9,51,180.3,7.3,0,1,1,0,180.3
2005,6,8,4,9,51,180.3,7.3,0,1,1,0,180.3
2005,6,8,8,9,51,180.3,29.2,0,1,1,0,180.3
2005,6,8,9,9,51,180.3,31.3,0,1,1,0,180.3
2005,6,8,5,9,52,0,245,0,2,1,0,0
2005,6,8,6,9,52,0,255,0,2,1,0,0
2005,6,8,7,9,52,0,250,0,2,1,0,0
2005,6,8,10,9,52,0,300,0,2,1,0,0
2005,6,8,11,9,52,0,280,0,2,1,0,0
2005,6,8,12,9,52,0,280,0,2,1,0,0
2005,6,8,13,9,52,0,280,0,2,1,0,0
2005,6,8,14,9,52,0,285,0,2,1,0,0
2005,6,8,15,9,52,0,310,0,2,1,0,0
2005,6,8,16,9,52,0,310,0,2,1,0,0
2005,6,8,17,9,52,0,310,0,2,1,0,0
2005,6,8,18,9,52,0,310,0,2,1,0,0
2005,6,8,19,9,52,0,305,0,2,1,0,0
2005,6,8,20,9,52,0,305,0,2,1,0,0
2005,6,8,21,9,52,0,305,0,2,1,0,0
2005,6,8,22,9,52,0,310,0,2,1,0,0
2005,6,8,23,9,52,0,330,0,2,1,0,0
2005,6,8,24,9,52,0,330,0,2,1,0,0
2005,6,8,1,9,53,0,28.9,0,2,1,0,0
2005,6,8,2,9,53,0,29.1,0,2,1,0,0
2005,6,8,3,9,53,0,29.1,0,2,1,0,0
2005,6,8,4,9,53,0,29,0,2,1,0,0
2005,6,8,5,9,53,0,29,0,2,1,0,0
2005,6,8,6,9,53,0,29,0,2,1,0,0
2005,6,8,7,9,53,0,29.1,0,2,1,0,0
2005,6,8,8,9,53,0,25.2,0,2,1,0,0
2005,6,8,9,9,53,0,25.3,0,2,1,0,0
2005,6,8,10,9,53,0,25,0,2,1,0,0
2005,6,8,11,9,53,0,24.7,0,2,1,0,0
2005,6,8,12,9,53,0,24.4,0,2,1,0,0
2005,6,8,13,9,53,0,24.2,0,2,1,0,0
2005,6,8,14,9,53,0,23.9,0,2,1,0,0
2005,6,8,15,9,53,0,23.8,0,2,1,0,0
2005,6,8,16,9,53,0,23.8,0,2,1,0,0
2005,6,8,17,9,53,0,24,0,2,1,0,0
2005,6,8,18,9,53,0,24,0,2,1,0,0
2005,6,8,19,9,53,0,24.2,0,2,1,0,0
2005,6,8,20,9,53,0,24.2,0,2,1,0,0
2005,6,8,21,9,53,0,24.1,0,2,1,0,0
2005,6,8,22,9,53,0,24.4,0,2,1,0,0
2005,6,8,23,9,53,0,24.5,0,2,1,0,0
2005,6,8,24,9,53,0,24.6,0,2,1,0,0
2005,6,8,1,9,54,0,1.1,0,2,1,0,0
2005,6,8,2,9,54,0,1.1,0,2,1,0,0
2005,6,8,3,9,54,0,1.1,0,2,1,0,0
2005,6,8,4,9,54,0,1.1,0,2,1,0,0
2005,6,8,5,9,54,0,1.1,0,2,1,0,0
2005,6,8,6,9,54,0,1,0,2,1,0,0
2005,6,8,7,9,54,0,.8,0,2,1,0,0
2005,6,8,8,9,54,0,.7,0,2,1,0,0
2005,6,8,9,9,54,0,.6,0,2,1,0,0
2005,6,8,10,9,54,0,.6,0,2,1,0,0
2005,6,8,11,9,54,0,.5,0,2,1,0,0
2005,6,8,12,9,54,0,.5,0,2,1,0,0
2005,6,8,13,9,54,0,.5,0,2,1,0,0
2005,6,8,14,9,54,0,.5,0,2,1,0,0
2005,6,8,15,9,54,0,.5,0,2,1,0,0
2005,6,8,16,9,54,0,.5,0,2,1,0,0
2005,6,8,17,9,54,0,.5,0,2,1,0,0
2005,6,8,18,9,54,0,.5,0,2,1,0,0
2005,6,8,19,9,54,0,.5,0,2,1,0,0
2005,6,8,20,9,54,0,.5,0,2,1,0,0
2005,6,8,21,9,54,0,.6,0,2,1,0,0
2005,6,8,22,9,54,0,1,0,2,1,0,0
2005,6,8,23,9,54,0,1.1,0,2,1,0,0
2005,6,8,24,9,54,0,1.1,0,2,1,0,0
2005,6,8,1,9,55,0,10,0,2,1,0,0
2005,6,8,1,9,55,180.3,55,0,2,0,0,180.3
2005,6,8,2,9,55,0,10,0,2,1,0,0
2005,6,8,2,9,55,180.3,55,0,2,0,0,180.3
2005,6,8,3,9,55,0,10,0,2,1,0,0
2005,6,8,3,9,55,180.3,55,0,2,0,0,180.3
2005,6,8,4,9,55,0,8,0,2,1,0,0
2005,6,8,4,9,55,180.3,55,0,2,0,0,180.3
2005,6,8,5,9,55,0,10,0,2,1,0,0
2005,6,8,5,9,55,180.3,55,0,2,0,0,180.3
2005,6,8,6,9,55,0,10,0,2,1,0,0
2005,6,8,6,9,55,180.3,55,0,2,0,0,180.3
2005,6,8,7,9,55,0,10,0,2,1,0,0
2005,6,8,7,9,55,180.3,55,0,2,0,0,180.3
2005,6,8,8,9,55,0,10,0,2,1,0,0
2005,6,8,8,9,55,180.3,55,0,2,0,0,180.3
2005,6,8,9,9,55,0,10,0,2,1,0,0
2005,6,8,9,9,55,180.3,55,0,2,0,0,180.3
2005,6,8,10,9,55,0,10,0,2,1,0,0
2005,6,8,10,9,55,180.3,55,0,2,0,0,180.3
2005,6,8,11,9,55,0,10,0,2,1,0,0
2005,6,8,11,9,55,180.3,55,0,2,0,0,180.3
2005,6,8,12,9,55,0,10,0,2,1,0,0
2005,6,8,12,9,55,180.3,55,0,2,0,0,180.3
2005,6,8,13,9,55,0,10,0,2,1,0,0
2005,6,8,13,9,55,180.3,55,0,2,0,0,180.3
2005,6,8,14,9,55,0,10,0,2,1,0,0
2005,6,8,14,9,55,180.3,55,0,2,0,0,180.3
2005,6,8,15,9,55,0,10,0,2,1,0,0
2005,6,8,15,9,55,180.3,55,0,2,0,0,180.3
2005,6,8,16,9,55,0,8,0,2,1,0,0
2005,6,8,16,9,55,180.3,55,0,2,0,0,180.3
2005,6,8,17,9,55,0,10,0,2,1,0,0
2005,6,8,17,9,55,180.3,55,0,2,0,0,180.3
2005,6,8,18,9,55,0,10,0,2,1,0,0
2005,6,8,18,9,55,180.3,55,0,2,0,0,180.3
2005,6,8,19,9,55,0,10,0,2,1,0,0
2005,6,8,19,9,55,180.3,55,0,2,0,0,180.3
2005,6,8,20,9,55,0,10,0,2,1,0,0
2005,6,8,20,9,55,180.3,55,0,2,0,0,180.3
2005,6,8,21,9,55,0,10,0,2,1,0,0
2005,6,8,21,9,55,180.3,55,0,2,0,0,180.3
2005,6,8,22,9,55,0,10,0,2,1,0,0
2005,6,8,22,9,55,180.3,55,0,2,0,0,180.3
2005,6,8,23,9,55,0,10,0,2,1,0,0
2005,6,8,23,9,55,180.3,55,0,2,0,0,180.3
2005,6,8,24,9,55,0,10,0,2,1,0,0
2005,6,8,24,9,55,180.3,55,0,2,0,0,180.3
2005,6,8,1,9,56,0,60,0,2,1,0,0
2005,6,8,2,9,56,0,60,0,2,1,0,0
2005,6,8,3,9,56,0,60,0,2,1,0,0
2005,6,8,4,9,56,0,60,0,2,1,0,0
2005,6,8,5,9,56,0,60,0,2,1,0,0
2005,6,8,6,9,56,0,60,0,2,1,0,0
2005,6,8,7,9,56,0,60,0,2,1,0,0
2005,6,8,8,9,56,0,60,0,2,1,0,0
2005,6,8,9,9,56,0,58,0,2,1,0,0
2005,6,8,10,9,56,0,58,0,2,1,0,0
2005,6,8,11,9,56,0,58,0,2,1,0,0
2005,6,8,12,9,56,0,58,0,2,1,0,0
2005,6,8,13,9,56,0,58,0,2,1,0,0
2005,6,8,14,9,56,0,58,0,2,1,0,0
2005,6,8,15,9,56,0,58,0,2,1,0,0
2005,6,8,16,9,56,0,58,0,2,1,0,0
2005,6,8,17,9,56,0,58,0,2,1,0,0
2005,6,8,18,9,56,0,58,0,2,1,0,0
2005,6,8,19,9,56,0,60,0,2,1,0,0
2005,6,8,20,9,56,0,60,0,2,1,0,0
2005,6,8,21,9,56,0,60,0,2,1,0,0
2005,6,8,22,9,56,0,60,0,2,1,0,0
2005,6,8,23,9,56,0,60,0,2,1,0,0
2005,6,8,24,9,56,0,60,0,2,1,0,0
2005,6,8,1,9,57,0,9.1,0,2,1,0,0
2005,6,8,2,9,57,0,9.2,0,2,1,0,0
2005,6,8,3,9,57,0,9.2,0,2,1,0,0
2005,6,8,4,9,57,0,9.3,0,2,1,0,0
2005,6,8,5,9,57,0,9.6,0,2,1,0,0
2005,6,8,6,9,57,0,9.8,0,2,1,0,0
2005,6,8,7,9,57,0,9.8,0,2,1,0,0
2005,6,8,8,9,57,0,9.3,0,2,1,0,0
2005,6,8,9,9,57,0,8.4,0,2,1,0,0
2005,6,8,10,9,57,0,9.2,0,2,1,0,0
2005,6,8,11,9,57,0,9.1,0,2,1,0,0
2005,6,8,12,9,57,0,8.9,0,2,1,0,0
2005,6,8,13,9,57,0,8.6,0,2,1,0,0
2005,6,8,14,9,57,0,8.3,0,2,1,0,0
2005,6,8,15,9,57,0,8.3,0,2,1,0,0
2005,6,8,16,9,57,0,8.3,0,2,1,0,0
2005,6,8,17,9,57,0,8.1,0,2,1,0,0
2005,6,8,18,9,57,0,8.2,0,2,1,0,0
2005,6,8,19,9,57,0,8.3,0,2,1,0,0
2005,6,8,20,9,57,0,8.4,0,2,1,0,0
2005,6,8,21,9,57,0,8.6,0,2,1,0,0
2005,6,8,22,9,57,0,8.8,0,2,1,0,0
2005,6,8,23,9,57,0,9,0,2,1,0,0
2005,6,8,24,9,57,0,9.1,0,2,1,0,0
2005,6,8,1,9,58,0,17.5,0,2,1,0,0
2005,6,8,2,9,58,0,17.5,0,2,1,0,0
2005,6,8,3,9,58,0,17.5,0,2,1,0,0
2005,6,8,4,9,58,0,17.5,0,2,1,0,0
2005,6,8,5,9,58,0,17.5,0,2,1,0,0
2005,6,8,6,9,58,0,17.5,0,2,1,0,0
2005,6,8,7,9,58,0,17.5,0,2,1,0,0
2005,6,8,8,9,58,0,17.5,0,2,1,0,0
2005,6,8,9,9,58,0,17.5,0,2,1,0,0
2005,6,8,10,9,58,0,17.5,0,2,1,0,0
2005,6,8,11,9,58,0,17.5,0,2,1,0,0
2005,6,8,12,9,58,0,17.5,0,2,1,0,0
2005,6,8,13,9,58,0,17.5,0,2,1,0,0
2005,6,8,14,9,58,0,17.5,0,2,1,0,0
2005,6,8,15,9,58,0,17.5,0,2,1,0,0
2005,6,8,16,9,58,0,17.5,0,2,1,0,0
2005,6,8,17,9,58,0,17.5,0,2,1,0,0
2005,6,8,18,9,58,0,17.5,0,2,1,0,0
2005,6,8,19,9,58,0,17.5,0,2,1,0,0
2005,6,8,20,9,58,0,17.5,0,2,1,0,0
2005,6,8,21,9,58,0,17.5,0,2,1,0,0
2005,6,8,22,9,58,0,17.5,0,2,1,0,0
2005,6,8,23,9,58,0,17.5,0,2,1,0,0
2005,6,8,24,9,58,0,17.5,0,2,1,0,0
2005,6,8,1,2,1033,111.93,40,.739024,2,0,0,74.213027
2005,6,8,1,2,1033,112.04,104,.739024,2,0,0,74.213027
2005,6,8,2,2,1033,111.93,40,.739024,2,0,0,74.213027
2005,6,8,2,2,1033,112.04,104,.739024,2,0,0,74.213027
2005,6,8,3,2,1033,111.93,40,.739024,2,0,0,74.213027
2005,6,8,3,2,1033,112.04,104,.739024,2,0,0,74.213027
2005,6,8,4,2,1033,111.93,40,.739024,2,0,0,74.213027
2005,6,8,4,2,1033,112.04,104,.739024,2,0,0,74.213027
2005,6,8,5,2,1033,111.93,40,.739024,2,0,0,74.213027
2005,6,8,5,2,1033,112.04,104,.739024,2,0,0,74.213027
2005,6,8,6,2,1033,111.93,40,.739024,2,0,0,74.213027
2005,6,8,6,2,1033,112.04,104,.739024,2,0,0,74.213027
2005,6,8,7,2,1033,111.93,40,.739024,2,0,0,74.213027
2005,6,8,7,2,1033,112.04,104,.739024,2,0,0,74.213027
2005,6,8,8,2,1033,111.93,40,.739024,2,0,0,74.213027
2005,6,8,8,2,1033,112.04,104,.739024,2,0,0,74.213027
2005,6,8,9,2,1033,111.93,40,.739024,2,0,0,74.213027
2005,6,8,9,2,1033,112.04,104,.739024,2,0,0,74.213027
2005,6,8,10,2,1033,111.93,40,.739024,2,0,0,74.213027
2005,6,8,10,2,1033,112.04,104,.739024,2,0,0,74.213027
2005,6,8,11,2,1033,111.93,40,.739024,2,0,0,74.213027
2005,6,8,11,2,1033,112.04,104,.739024,2,0,0,74.213027
2005,6,8,12,2,1033,111.93,40,.739024,2,0,0,74.213027
2005,6,8,12,2,1033,112.04,104,.739024,2,0,0,74.213027
2005,6,8,13,2,1033,111.93,40,.739024,2,0,0,74.213027
2005,6,8,13,2,1033,112.04,104,.739024,2,0,0,74.213027
2005,6,8,14,2,1033,111.93,40,.739024,2,0,0,74.213027
2005,6,8,14,2,1033,112.04,104,.739024,2,0,0,74.213027
2005,6,8,15,2,1033,111.93,40,.739024,2,0,0,74.213027
2005,6,8,15,2,1033,112.04,104,.739024,2,0,0,74.213027
2005,6,8,16,2,1033,111.93,40,.739024,2,0,0,74.213027
2005,6,8,16,2,1033,112.04,104,.739024,2,0,0,74.213027
2005,6,8,17,2,1033,111.93,40,.739024,2,0,0,74.213027
2005,6,8,17,2,1033,112.04,104,.739024,2,0,0,74.213027
2005,6,8,18,2,1033,111.93,40,.739024,2,0,0,74.213027
2005,6,8,18,2,1033,112.04,104,.739024,2,0,0,74.213027
2005,6,8,19,2,1033,111.93,40,.739024,2,0,0,74.213027
2005,6,8,19,2,1033,112.04,104,.739024,2,0,0,74.213027
2005,6,8,20,2,1033,111.93,40,.739024,2,0,0,74.213027
2005,6,8,20,2,1033,112.04,104,.739024,2,0,0,74.213027
2005,6,8,21,2,1033,111.93,40,.739024,2,0,0,74.213027
2005,6,8,21,2,1033,112.04,104,.739024,2,0,0,74.213027
2005,6,8,22,2,1033,111.93,40,.739024,2,0,0,74.213027
2005,6,8,22,2,1033,112.04,104,.739024,2,0,0,74.213027
2005,6,8,23,2,1033,111.93,40,.739024,2,0,0,74.213027
2005,6,8,23,2,1033,112.04,104,.739024,2,0,0,74.213027
2005,6,8,24,2,1033,111.93,40,.739024,2,0,0,74.213027
2005,6,8,24,2,1033,112.04,104,.739024,2,0,0,74.213027
2005,6,8,1,2,1034,88.28,80,.739024,2,0,1,69.467448
2005,6,8,1,2,1034,88.39,75,.739024,2,0,1,69.467448
2005,6,8,2,2,1034,88.28,80,.739024,2,0,1,69.467448
2005,6,8,2,2,1034,88.39,75,.739024,2,0,1,69.467448
2005,6,8,3,2,1034,88.28,80,.739024,2,0,1,69.467448
2005,6,8,3,2,1034,88.39,75,.739024,2,0,1,69.467448
2005,6,8,4,2,1034,88.28,80,.739024,2,0,1,69.467448
2005,6,8,4,2,1034,88.39,75,.739024,2,0,1,69.467448
2005,6,8,5,2,1034,88.28,80,.739024,2,0,1,69.467448
2005,6,8,5,2,1034,88.39,75,.739024,2,0,1,69.467448
2005,6,8,6,2,1034,88.28,80,.739024,2,0,1,69.467448
2005,6,8,6,2,1034,88.39,75,.739024,2,0,1,69.467448
2005,6,8,7,2,1034,88.28,80,.739024,2,0,1,69.467448
2005,6,8,7,2,1034,88.39,75,.739024,2,0,1,69.467448
2005,6,8,8,2,1034,88.28,80,.739024,2,0,1,69.467448
2005,6,8,8,2,1034,88.39,75,.739024,2,0,1,69.467448
2005,6,8,9,2,1034,88.28,80,.739024,2,0,1,69.467448
2005,6,8,9,2,1034,88.39,75,.739024,2,0,1,69.467448
2005,6,8,10,2,1034,88.28,80,.739024,2,0,1,69.467448
2005,6,8,10,2,1034,88.39,75,.739024,2,0,1,69.467448
2005,6,8,11,2,1034,88.28,80,.739024,2,0,1,69.467448
2005,6,8,11,2,1034,88.39,75,.739024,2,0,1,69.467448
2005,6,8,12,2,1034,88.28,80,.739024,2,0,1,69.467448
2005,6,8,12,2,1034,88.39,75,.739024,2,0,1,69.467448
2005,6,8,13,2,1034,88.28,80,.739024,2,0,1,69.467448
2005,6,8,13,2,1034,88.39,75,.739024,2,0,1,69.467448
2005,6,8,14,2,1034,88.28,80,.739024,2,0,1,69.467448
2005,6,8,14,2,1034,88.39,75,.739024,2,0,1,69.467448
2005,6,8,15,2,1034,88.28,80,.739024,2,0,1,69.467448
2005,6,8,15,2,1034,88.39,75,.739024,2,0,1,69.467448
2005,6,8,16,2,1034,88.28,80,.739024,2,0,1,69.467448
2005,6,8,16,2,1034,88.39,75,.739024,2,0,1,69.467448
2005,6,8,17,2,1034,88.28,80,.739024,2,0,1,69.467448
2005,6,8,17,2,1034,88.39,75,.739024,2,0,1,69.467448
2005,6,8,18,2,1034,88.28,80,.739024,2,0,1,69.467448
2005,6,8,18,2,1034,88.39,75,.739024,2,0,1,69.467448
2005,6,8,19,2,1034,88.28,80,.739024,2,0,1,69.467448
2005,6,8,19,2,1034,88.39,75,.739024,2,0,1,69.467448
2005,6,8,20,2,1034,88.28,80,.739024,2,0,1,69.467448
2005,6,8,20,2,1034,88.39,75,.739024,2,0,1,69.467448
2005,6,8,21,2,1034,88.28,80,.739024,2,0,1,69.467448
2005,6,8,21,2,1034,88.39,75,.739024,2,0,1,69.467448
2005,6,8,22,2,1034,88.28,80,.739024,2,0,1,69.467448
2005,6,8,22,2,1034,88.39,75,.739024,2,0,1,69.467448
2005,6,8,23,2,1034,88.28,80,.739024,2,0,1,69.467448
2005,6,8,23,2,1034,88.39,75,.739024,2,0,1,69.467448
2005,6,8,24,2,1034,88.28,80,.739024,2,0,1,69.467448
2005,6,8,24,2,1034,88.39,75,.739024,2,0,1,69.467448
2005,6,8,1,9,61,0,8.7,0,2,1,0,0
2005,6,8,2,9,61,0,8.8,0,2,1,0,0
2005,6,8,3,9,61,0,8.7,0,2,1,0,0
2005,6,8,4,9,61,0,8.7,0,2,1,0,0
2005,6,8,5,9,61,0,8.5,0,2,1,0,0
2005,6,8,6,9,61,0,8.8,0,2,1,0,0
2005,6,8,7,9,61,0,8.9,0,2,1,0,0
2005,6,8,8,9,61,0,8.4,0,2,1,0,0
2005,6,8,9,9,61,0,8.7,0,2,1,0,0
2005,6,8,10,9,61,0,8.2,0,2,1,0,0
2005,6,8,11,9,61,0,8.2,0,2,1,0,0
2005,6,8,12,9,61,0,8,0,2,1,0,0
2005,6,8,13,9,61,0,8,0,2,1,0,0
2005,6,8,14,9,61,0,8,0,2,1,0,0
2005,6,8,15,9,61,0,8,0,2,1,0,0
2005,6,8,16,9,61,0,8.2,0,2,1,0,0
2005,6,8,17,9,61,0,8.1,0,2,1,0,0
2005,6,8,18,9,61,0,8.1,0,2,1,0,0
2005,6,8,19,9,61,0,8.2,0,2,1,0,0
2005,6,8,20,9,61,0,8.2,0,2,1,0,0
2005,6,8,21,9,61,0,8.3,0,2,1,0,0
2005,6,8,22,9,61,0,8.3,0,2,1,0,0
2005,6,8,23,9,61,0,8.5,0,2,1,0,0
2005,6,8,24,9,61,0,8.8,0,2,1,0,0
2005,6,8,1,2,1036,0,179,.93876,2,1,0,0
2005,6,8,1,2,1036,36.16,20.1,.93876,2,1,0,39.402318
2005,6,8,1,2,1036,36.2,20.1,.93876,2,1,0,39.402318
2005,6,8,1,2,1036,36.24,20.1,.93876,2,1,0,39.402318
2005,6,8,1,2,1036,36.28,20.1,.93876,2,1,0,39.402318
2005,6,8,1,2,1036,36.32,20.1,.93876,2,1,0,39.402318
2005,6,8,1,2,1036,36.36,20.1,.93876,2,1,0,39.402318
2005,6,8,1,2,1036,36.41,20.4,.93876,2,1,0,39.402318
2005,6,8,1,2,1036,120.08,21.1,.93876,2,0,0,120.08
2005,6,8,2,2,1036,0,164,.93876,2,1,0,0
2005,6,8,2,2,1036,11.01,15,.93876,2,1,0,39.402318
2005,6,8,2,2,1036,37.02,20.1,.93876,2,1,0,39.402318
2005,6,8,2,2,1036,37.06,20.1,.93876,2,1,0,39.402318
2005,6,8,2,2,1036,37.11,20.1,.93876,2,1,0,39.402318
2005,6,8,2,2,1036,37.15,20.1,.93876,2,1,0,39.402318
2005,6,8,2,2,1036,37.2,20.1,.93876,2,1,0,39.402318
2005,6,8,2,2,1036,37.24,20.1,.93876,2,1,0,39.402318
2005,6,8,2,2,1036,37.28,20.4,.93876,2,1,0,39.402318
2005,6,8,2,2,1036,120.09,21.1,.93876,2,0,0,120.09
2005,6,8,3,2,1036,0,164,.93876,2,1,0,0
2005,6,8,3,2,1036,11.01,15,.93876,2,1,0,39.402318
2005,6,8,3,2,1036,37.48,20.1,.93876,2,1,0,39.402318
2005,6,8,3,2,1036,37.52,20.1,.93876,2,1,0,39.402318
2005,6,8,3,2,1036,37.57,20.1,.93876,2,1,0,39.402318
2005,6,8,3,2,1036,37.61,20.1,.93876,2,1,0,39.402318
2005,6,8,3,2,1036,37.66,20.1,.93876,2,1,0,39.402318
2005,6,8,3,2,1036,37.7,20.1,.93876,2,1,0,39.402318
2005,6,8,3,2,1036,37.75,20.4,.93876,2,1,0,39.402318
2005,6,8,3,2,1036,120.09,21.1,.93876,2,0,0,120.09
2005,6,8,4,2,1036,0,164,.93876,2,1,0,0
2005,6,8,4,2,1036,11.01,15,.93876,2,1,0,39.402318
2005,6,8,4,2,1036,37.61,20.1,.93876,2,1,0,39.402318
2005,6,8,4,2,1036,37.65,20.1,.93876,2,0,0,39.402318
2005,6,8,4,2,1036,37.7,20.1,.93876,2,0,0,39.402318
2005,6,8,4,2,1036,37.74,20.1,.93876,2,0,0,39.402318
2005,6,8,4,2,1036,37.79,20.1,.93876,2,0,0,39.402318
2005,6,8,4,2,1036,37.83,20.1,.93876,2,0,0,39.402318
2005,6,8,4,2,1036,37.88,20.4,.93876,2,0,0,39.402318
2005,6,8,4,2,1036,120.09,21.1,.93876,2,0,0,120.09
2005,6,8,5,2,1036,0,164,.93876,2,1,0,0
2005,6,8,5,2,1036,11.01,15,.93876,2,1,0,39.402318
2005,6,8,5,2,1036,37.85,14.2,.93876,2,1,0,39.402318
2005,6,8,5,2,1036,37.89,20.1,.93876,2,0,0,39.402318
2005,6,8,5,2,1036,37.94,20.1,.93876,2,0,0,39.402318
2005,6,8,5,2,1036,37.98,20.1,.93876,2,0,0,39.402318
2005,6,8,5,2,1036,38.03,20.1,.93876,2,0,0,39.402318
2005,6,8,5,2,1036,38.08,20.1,.93876,2,0,0,39.402318
2005,6,8,5,2,1036,38.12,20.4,.93876,2,0,0,39.402318
2005,6,8,5,2,1036,120.09,21.1,.93876,2,0,0,120.09
2005,6,8,6,2,1036,0,164,.93876,2,1,0,0
2005,6,8,6,2,1036,11.01,15,.93876,2,1,0,39.402318
2005,6,8,6,2,1036,37.7,20.1,.93876,2,1,0,39.402318
2005,6,8,6,2,1036,37.74,20.1,.93876,2,1,0,39.402318
2005,6,8,6,2,1036,37.79,20.1,.93876,2,1,0,39.402318
2005,6,8,6,2,1036,37.83,20.1,.93876,2,1,0,39.402318
2005,6,8,6,2,1036,37.88,20.1,.93876,2,1,0,39.402318
2005,6,8,6,2,1036,37.92,20.1,.93876,2,1,0,39.402318
2005,6,8,6,2,1036,37.97,20.4,.93876,2,0,0,39.402318
2005,6,8,6,2,1036,120.09,21.1,.93876,2,0,0,120.09
2005,6,8,7,2,1036,0,164,.93876,2,1,0,0
2005,6,8,7,2,1036,11.01,15,.93876,2,1,0,39.402318
2005,6,8,7,2,1036,37.3,20.1,.93876,2,1,0,39.402318
2005,6,8,7,2,1036,37.34,20.1,.93876,2,1,0,39.402318
2005,6,8,7,2,1036,37.39,20.1,.93876,2,1,0,39.402318
2005,6,8,7,2,1036,37.43,20.1,.93876,2,1,0,39.402318
2005,6,8,7,2,1036,37.48,20.1,.93876,2,1,0,39.402318
2005,6,8,7,2,1036,37.52,20.1,.93876,2,1,0,39.402318
2005,6,8,7,2,1036,37.56,20.4,.93876,2,1,0,39.402318
2005,6,8,7,2,1036,120.09,21.1,.93876,2,0,0,120.09
2005,6,8,8,2,1036,0,164,.93876,2,1,0,0
2005,6,8,8,2,1036,11.01,15,.93876,2,1,0,39.402318
2005,6,8,8,2,1036,37.13,20.1,.93876,2,1,0,39.402318
2005,6,8,8,2,1036,37.17,20.1,.93876,2,1,0,39.402318
2005,6,8,8,2,1036,37.21,20.1,.93876,2,1,0,39.402318
2005,6,8,8,2,1036,37.26,20.1,.93876,2,1,0,39.402318
2005,6,8,8,2,1036,37.3,20.1,.93876,2,1,0,39.402318
2005,6,8,8,2,1036,37.34,20.1,.93876,2,1,0,39.402318
2005,6,8,8,2,1036,37.39,20.4,.93876,2,1,0,39.402318
2005,6,8,8,2,1036,120.09,21.1,.93876,2,0,0,120.09
2005,6,8,9,2,1036,0,179,.93876,2,1,0,0
2005,6,8,9,2,1036,36.32,20.1,.93876,2,1,0,39.402318
2005,6,8,9,2,1036,36.36,20.1,.93876,2,1,0,39.402318
2005,6,8,9,2,1036,36.4,20.1,.93876,2,1,0,39.402318
2005,6,8,9,2,1036,36.44,20.1,.93876,2,1,0,39.402318
2005,6,8,9,2,1036,36.48,20.1,.93876,2,1,0,39.402318
2005,6,8,9,2,1036,36.52,20.1,.93876,2,1,0,39.402318
2005,6,8,9,2,1036,36.56,20.4,.93876,2,1,0,39.402318
2005,6,8,9,2,1036,120.08,21.1,.93876,2,0,0,120.08
2005,6,8,10,2,1036,0,179,.93876,2,1,0,0
2005,6,8,10,2,1036,35.7,20.1,.93876,2,1,0,39.402318
2005,6,8,10,2,1036,35.74,20.1,.93876,2,1,0,39.402318
2005,6,8,10,2,1036,35.77,20.1,.93876,2,1,0,39.402318
2005,6,8,10,2,1036,35.81,20.1,.93876,2,1,0,39.402318
2005,6,8,10,2,1036,35.85,20.1,.93876,2,1,0,39.402318
2005,6,8,10,2,1036,35.89,20.1,.93876,2,1,0,39.402318
2005,6,8,10,2,1036,35.93,20.4,.93876,2,1,0,39.402318
2005,6,8,10,2,1036,120.08,21.1,.93876,2,0,0,120.08
2005,6,8,11,2,1036,0,179,.93876,2,1,0,0
2005,6,8,11,2,1036,35.63,20.1,.93876,2,1,0,39.402318
2005,6,8,11,2,1036,35.67,20.1,.93876,2,1,0,39.402318
2005,6,8,11,2,1036,35.71,20.1,.93876,2,1,0,39.402318
2005,6,8,11,2,1036,35.74,20.1,.93876,2,1,0,39.402318
2005,6,8,11,2,1036,35.78,20.1,.93876,2,1,0,39.402318
2005,6,8,11,2,1036,35.82,20.1,.93876,2,1,0,39.402318
2005,6,8,11,2,1036,35.86,20.4,.93876,2,1,0,39.402318
2005,6,8,11,2,1036,120.08,21.1,.93876,2,0,0,120.08
2005,6,8,12,2,1036,0,179,.93876,2,1,0,0
2005,6,8,12,2,1036,35.36,20.1,.93876,2,1,0,39.402318
2005,6,8,12,2,1036,35.39,20.1,.93876,2,1,0,39.402318
2005,6,8,12,2,1036,35.43,20.1,.93876,2,1,0,39.402318
2005,6,8,12,2,1036,35.47,20.1,.93876,2,1,0,39.402318
2005,6,8,12,2,1036,35.5,20.1,.93876,2,1,0,39.402318
2005,6,8,12,2,1036,35.54,20.1,.93876,2,1,0,39.402318
2005,6,8,12,2,1036,35.58,20.4,.93876,2,1,0,39.402318
2005,6,8,12,2,1036,120.08,21.1,.93876,2,0,0,120.08
2005,6,8,13,2,1036,0,179,.93876,2,1,0,0
2005,6,8,13,2,1036,35.15,20.1,.93876,2,1,0,39.402318
2005,6,8,13,2,1036,35.19,20.1,.93876,2,1,0,39.402318
2005,6,8,13,2,1036,35.23,20.1,.93876,2,1,0,39.402318
2005,6,8,13,2,1036,35.26,20.1,.93876,2,1,0,39.402318
2005,6,8,13,2,1036,35.3,20.1,.93876,2,1,0,39.402318
2005,6,8,13,2,1036,35.33,20.1,.93876,2,1,0,39.402318
2005,6,8,13,2,1036,35.37,20.4,.93876,2,1,0,39.402318
2005,6,8,13,2,1036,120.08,21.1,.93876,2,0,0,120.08
2005,6,8,14,2,1036,0,179,.93876,2,1,0,0
2005,6,8,14,2,1036,35.48,20.1,.93876,2,1,0,39.402318
2005,6,8,14,2,1036,35.52,20.1,.93876,2,1,0,39.402318
2005,6,8,14,2,1036,35.55,20.1,.93876,2,1,0,39.402318
2005,6,8,14,2,1036,35.59,20.1,.93876,2,1,0,39.402318
2005,6,8,14,2,1036,35.63,20.1,.93876,2,1,0,39.402318
2005,6,8,14,2,1036,35.67,20.1,.93876,2,1,0,39.402318
2005,6,8,14,2,1036,35.7,20.4,.93876,2,1,0,39.402318
2005,6,8,14,2,1036,120.08,21.1,.93876,2,0,0,120.08
2005,6,8,15,2,1036,0,179,.93876,2,1,0,0
2005,6,8,15,2,1036,35.51,20.1,.93876,2,1,0,39.402318
2005,6,8,15,2,1036,35.54,20.1,.93876,2,1,0,39.402318
2005,6,8,15,2,1036,35.58,20.1,.93876,2,1,0,39.402318
2005,6,8,15,2,1036,35.62,20.1,.93876,2,1,0,39.402318
2005,6,8,15,2,1036,35.66,20.1,.93876,2,1,0,39.402318
2005,6,8,15,2,1036,35.69,20.1,.93876,2,1,0,39.402318
2005,6,8,15,2,1036,35.73,20.4,.93876,2,1,0,39.402318
2005,6,8,15,2,1036,120.08,21.1,.93876,2,0,0,120.08
2005,6,8,16,2,1036,0,179,.93876,2,1,0,0
2005,6,8,16,2,1036,35.38,20.1,.93876,2,1,0,39.402318
2005,6,8,16,2,1036,35.41,20.1,.93876,2,1,0,39.402318
2005,6,8,16,2,1036,35.45,20.1,.93876,2,1,0,39.402318
2005,6,8,16,2,1036,35.49,20.1,.93876,2,1,0,39.402318
2005,6,8,16,2,1036,35.53,20.1,.93876,2,1,0,39.402318
2005,6,8,16,2,1036,35.56,20.1,.93876,2,1,0,39.402318
2005,6,8,16,2,1036,35.6,20.4,.93876,2,1,0,39.402318
2005,6,8,16,2,1036,120.08,21.1,.93876,2,0,0,120.08
2005,6,8,17,2,1036,0,179,.93876,2,1,0,0
2005,6,8,17,2,1036,35.35,20.1,.93876,2,1,0,39.402318
2005,6,8,17,2,1036,35.39,20.1,.93876,2,1,0,39.402318
2005,6,8,17,2,1036,35.43,20.1,.93876,2,1,0,39.402318
2005,6,8,17,2,1036,35.46,20.1,.93876,2,1,0,39.402318
2005,6,8,17,2,1036,35.5,20.1,.93876,2,1,0,39.402318
2005,6,8,17,2,1036,35.54,20.1,.93876,2,1,0,39.402318
2005,6,8,17,2,1036,35.57,20.4,.93876,2,1,0,39.402318
2005,6,8,17,2,1036,120.08,21.1,.93876,2,0,0,120.08
2005,6,8,18,2,1036,0,179,.93876,2,1,0,0
2005,6,8,18,2,1036,35.14,20.1,.93876,2,1,0,39.402318
2005,6,8,18,2,1036,35.17,20.1,.93876,2,1,0,39.402318
2005,6,8,18,2,1036,35.21,20.1,.93876,2,1,0,39.402318
2005,6,8,18,2,1036,35.25,20.1,.93876,2,1,0,39.402318
2005,6,8,18,2,1036,35.28,20.1,.93876,2,1,0,39.402318
2005,6,8,18,2,1036,35.32,20.1,.93876,2,1,0,39.402318
2005,6,8,18,2,1036,35.36,20.4,.93876,2,1,0,39.402318
2005,6,8,18,2,1036,120.08,21.1,.93876,2,0,0,120.08
2005,6,8,19,2,1036,0,179,.93876,2,1,0,0
2005,6,8,19,2,1036,35.27,20.1,.93876,2,1,0,39.402318
2005,6,8,19,2,1036,35.3,20.1,.93876,2,1,0,39.402318
2005,6,8,19,2,1036,35.34,20.1,.93876,2,1,0,39.402318
2005,6,8,19,2,1036,35.38,20.1,.93876,2,1,0,39.402318
2005,6,8,19,2,1036,35.41,20.1,.93876,2,1,0,39.402318
2005,6,8,19,2,1036,35.45,20.1,.93876,2,1,0,39.402318
2005,6,8,19,2,1036,35.49,20.4,.93876,2,1,0,39.402318
2005,6,8,19,2,1036,120.08,21.1,.93876,2,0,0,120.08
2005,6,8,20,2,1036,0,179,.93876,2,1,0,0
2005,6,8,20,2,1036,35.81,20.1,.93876,2,1,0,39.402318
2005,6,8,20,2,1036,35.85,20.1,.93876,2,1,0,39.402318
2005,6,8,20,2,1036,35.88,20.1,.93876,2,1,0,39.402318
2005,6,8,20,2,1036,35.92,20.1,.93876,2,1,0,39.402318
2005,6,8,20,2,1036,35.96,20.1,.93876,2,1,0,39.402318
2005,6,8,20,2,1036,36,20.1,.93876,2,1,0,39.402318
2005,6,8,20,2,1036,36.04,20.4,.93876,2,1,0,39.402318
2005,6,8,20,2,1036,120.08,21.1,.93876,2,0,0,120.08
2005,6,8,21,2,1036,0,164,.93876,2,1,0,0
2005,6,8,21,2,1036,11.01,15,.93876,2,1,0,39.402318
2005,6,8,21,2,1036,36.2,20.1,.93876,2,1,0,39.402318
2005,6,8,21,2,1036,36.24,20.1,.93876,2,1,0,39.402318
2005,6,8,21,2,1036,36.28,20.1,.93876,2,1,0,39.402318
2005,6,8,21,2,1036,36.32,20.1,.93876,2,1,0,39.402318
2005,6,8,21,2,1036,36.36,20.1,.93876,2,1,0,39.402318
2005,6,8,21,2,1036,36.4,20.1,.93876,2,1,0,39.402318
2005,6,8,21,2,1036,36.44,20.4,.93876,2,1,0,39.402318
2005,6,8,21,2,1036,120.09,21.1,.93876,2,0,0,120.09
2005,6,8,22,2,1036,0,179,.93876,2,1,0,0
2005,6,8,22,2,1036,36.16,20.1,.93876,2,1,0,39.402318
2005,6,8,22,2,1036,36.2,20.1,.93876,2,1,0,39.402318
2005,6,8,22,2,1036,36.23,20.1,.93876,2,1,0,39.402318
2005,6,8,22,2,1036,36.27,20.1,.93876,2,1,0,39.402318
2005,6,8,22,2,1036,36.31,20.1,.93876,2,1,0,39.402318
2005,6,8,22,2,1036,36.35,20.1,.93876,2,1,0,39.402318
2005,6,8,22,2,1036,36.39,20.4,.93876,2,1,0,39.402318
2005,6,8,22,2,1036,120.08,21.1,.93876,2,0,0,120.08
2005,6,8,23,2,1036,0,179,.93876,2,1,0,0
2005,6,8,23,2,1036,35.99,20.1,.93876,2,1,0,39.402318
2005,6,8,23,2,1036,36.03,20.1,.93876,2,1,0,39.402318
2005,6,8,23,2,1036,36.07,20.1,.93876,2,1,0,39.402318
2005,6,8,23,2,1036,36.11,20.1,.93876,2,1,0,39.402318
2005,6,8,23,2,1036,36.15,20.1,.93876,2,1,0,39.402318
2005,6,8,23,2,1036,36.19,20.1,.93876,2,1,0,39.402318
2005,6,8,23,2,1036,36.23,20.4,.93876,2,1,0,39.402318
2005,6,8,23,2,1036,120.08,21.1,.93876,2,0,0,120.08
2005,6,8,24,2,1036,0,164,.93876,2,1,0,0
2005,6,8,24,2,1036,11.01,15,.93876,2,1,0,39.402318
2005,6,8,24,2,1036,36.78,20.1,.93876,2,1,0,39.402318
2005,6,8,24,2,1036,36.82,20.1,.93876,2,1,0,39.402318
2005,6,8,24,2,1036,36.86,20.1,.93876,2,1,0,39.402318
2005,6,8,24,2,1036,36.91,20.1,.93876,2,1,0,39.402318
2005,6,8,24,2,1036,36.95,20.1,.93876,2,1,0,39.402318
2005,6,8,24,2,1036,36.99,20.1,.93876,2,1,0,39.402318
2005,6,8,24,2,1036,37.03,20.4,.93876,2,1,0,39.402318
2005,6,8,24,2,1036,120.09,21.1,.93876,2,0,0,120.09
2005,6,8,1,2,1037,0,179,.93876,2,1,0,0
2005,6,8,1,2,1037,35.93,20.1,.93876,2,1,0,39.37822
2005,6,8,1,2,1037,35.98,20.1,.93876,2,1,0,39.37822
2005,6,8,1,2,1037,36.02,20.1,.93876,2,1,0,39.37822
2005,6,8,1,2,1037,36.06,20.1,.93876,2,1,0,39.37822
2005,6,8,1,2,1037,36.1,20.1,.93876,2,1,0,39.37822
2005,6,8,1,2,1037,36.14,20.1,.93876,2,1,0,39.37822
2005,6,8,1,2,1037,36.18,20.4,.93876,2,1,0,39.37822
2005,6,8,1,2,1037,120.08,20.6,.93876,2,0,0,120.08
2005,6,8,2,2,1037,0,164,.93876,2,1,0,0
2005,6,8,2,2,1037,11.01,15,.93876,2,1,0,39.37822
2005,6,8,2,2,1037,36.78,20.1,.93876,2,1,0,39.37822
2005,6,8,2,2,1037,36.83,20.1,.93876,2,1,0,39.37822
2005,6,8,2,2,1037,36.87,20.1,.93876,2,1,0,39.37822
2005,6,8,2,2,1037,36.91,20.1,.93876,2,1,0,39.37822
2005,6,8,2,2,1037,36.96,20.1,.93876,2,1,0,39.37822
2005,6,8,2,2,1037,37,20.1,.93876,2,1,0,39.37822
2005,6,8,2,2,1037,37.05,20.4,.93876,2,1,0,39.37822
2005,6,8,2,2,1037,120.09,20.6,.93876,2,0,0,120.09
2005,6,8,3,2,1037,0,164,.93876,2,1,0,0
2005,6,8,3,2,1037,11.01,15,.93876,2,1,0,39.37822
2005,6,8,3,2,1037,37.23,20.1,.93876,2,1,0,39.37822
2005,6,8,3,2,1037,37.28,20.1,.93876,2,1,0,39.37822
2005,6,8,3,2,1037,37.32,20.1,.93876,2,1,0,39.37822
2005,6,8,3,2,1037,37.37,20.1,.93876,2,1,0,39.37822
2005,6,8,3,2,1037,37.41,20.1,.93876,2,1,0,39.37822
2005,6,8,3,2,1037,37.46,20.1,.93876,2,1,0,39.37822
2005,6,8,3,2,1037,37.5,20.4,.93876,2,1,0,39.37822
2005,6,8,3,2,1037,120.09,20.6,.93876,2,0,0,120.09
2005,6,8,4,2,1037,0,164,.93876,2,1,0,0
2005,6,8,4,2,1037,11.01,15,.93876,2,1,0,39.37822
2005,6,8,4,2,1037,37.36,20.1,.93876,2,1,0,39.37822
2005,6,8,4,2,1037,37.4,20.1,.93876,2,1,0,39.37822
2005,6,8,4,2,1037,37.45,20.1,.93876,2,1,0,39.37822
2005,6,8,4,2,1037,37.49,20.1,.93876,2,1,0,39.37822
2005,6,8,4,2,1037,37.54,20.1,.93876,2,1,0,39.37822
2005,6,8,4,2,1037,37.58,20.1,.93876,2,1,0,39.37822
2005,6,8,4,2,1037,37.63,8.2,.93876,2,1,0,39.37822
2005,6,8,4,2,1037,120.09,20.6,.93876,2,0,0,120.09
2005,6,8,5,2,1037,0,164,.93876,2,1,0,0
2005,6,8,5,2,1037,11.01,15,.93876,2,1,0,39.37822
2005,6,8,5,2,1037,37.59,20.1,.93876,2,1,0,39.37822
2005,6,8,5,2,1037,37.64,20.1,.93876,2,1,0,39.37822
2005,6,8,5,2,1037,37.69,20.1,.93876,2,1,0,39.37822
2005,6,8,5,2,1037,37.73,20.1,.93876,2,1,0,39.37822
2005,6,8,5,2,1037,37.78,20.1,.93876,2,1,0,39.37822
2005,6,8,5,2,1037,37.82,20.1,.93876,2,1,0,39.37822
2005,6,8,5,2,1037,37.87,20.4,.93876,2,0,0,39.37822
2005,6,8,5,2,1037,120.09,20.6,.93876,2,0,0,120.09
2005,6,8,6,2,1037,0,164,.93876,2,1,0,0
2005,6,8,6,2,1037,11.01,15,.93876,2,1,0,39.37822
2005,6,8,6,2,1037,37.45,20.1,.93876,2,1,0,39.37822
2005,6,8,6,2,1037,37.49,20.1,.93876,2,1,0,39.37822
2005,6,8,6,2,1037,37.54,20.1,.93876,2,1,0,39.37822
2005,6,8,6,2,1037,37.58,20.1,.93876,2,1,0,39.37822
2005,6,8,6,2,1037,37.63,20.1,.93876,2,1,0,39.37822
2005,6,8,6,2,1037,37.67,20.1,.93876,2,1,0,39.37822
2005,6,8,6,2,1037,37.72,20.4,.93876,2,1,0,39.37822
2005,6,8,6,2,1037,120.09,20.6,.93876,2,0,0,120.09
2005,6,8,7,2,1037,0,164,.93876,2,1,0,0
2005,6,8,7,2,1037,11.01,15,.93876,2,1,0,39.37822
2005,6,8,7,2,1037,37.06,20.1,.93876,2,1,0,39.37822
2005,6,8,7,2,1037,37.1,20.1,.93876,2,1,0,39.37822
2005,6,8,7,2,1037,37.15,20.1,.93876,2,1,0,39.37822
2005,6,8,7,2,1037,37.19,20.1,.93876,2,1,0,39.37822
2005,6,8,7,2,1037,37.24,20.1,.93876,2,1,0,39.37822
2005,6,8,7,2,1037,37.28,20.1,.93876,2,1,0,39.37822
2005,6,8,7,2,1037,37.32,20.4,.93876,2,1,0,39.37822
2005,6,8,7,2,1037,120.09,20.6,.93876,2,0,0,120.09
2005,6,8,8,2,1037,0,164,.93876,2,1,0,0
2005,6,8,8,2,1037,11.01,15,.93876,2,1,0,39.37822
2005,6,8,8,2,1037,36.89,20.1,.93876,2,1,0,39.37822
2005,6,8,8,2,1037,36.94,20.1,.93876,2,1,0,39.37822
2005,6,8,8,2,1037,36.98,20.1,.93876,2,1,0,39.37822
2005,6,8,8,2,1037,37.02,20.1,.93876,2,1,0,39.37822
2005,6,8,8,2,1037,37.07,20.1,.93876,2,1,0,39.37822
2005,6,8,8,2,1037,37.11,20.1,.93876,2,1,0,39.37822
2005,6,8,8,2,1037,37.15,20.4,.93876,2,1,0,39.37822
2005,6,8,8,2,1037,120.09,20.6,.93876,2,0,0,120.09
2005,6,8,9,2,1037,0,179,.93876,2,1,0,0
2005,6,8,9,2,1037,36.1,20.1,.93876,2,1,0,39.37822
2005,6,8,9,2,1037,36.14,20.1,.93876,2,1,0,39.37822
2005,6,8,9,2,1037,36.18,20.1,.93876,2,1,0,39.37822
2005,6,8,9,2,1037,36.22,20.1,.93876,2,1,0,39.37822
2005,6,8,9,2,1037,36.26,20.1,.93876,2,1,0,39.37822
2005,6,8,9,2,1037,36.3,20.1,.93876,2,1,0,39.37822
2005,6,8,9,2,1037,36.34,20.4,.93876,2,1,0,39.37822
2005,6,8,9,2,1037,120.08,20.6,.93876,2,0,0,120.08
2005,6,8,10,2,1037,0,179,.93876,2,1,0,0
2005,6,8,10,2,1037,35.49,20.1,.93876,2,1,0,39.37822
2005,6,8,10,2,1037,35.53,20.1,.93876,2,1,0,39.37822
2005,6,8,10,2,1037,35.57,20.1,.93876,2,1,0,39.37822
2005,6,8,10,2,1037,35.61,20.1,.93876,2,1,0,39.37822
2005,6,8,10,2,1037,35.65,20.1,.93876,2,1,0,39.37822
2005,6,8,10,2,1037,35.69,20.1,.93876,2,1,0,39.37822
2005,6,8,10,2,1037,35.73,20.4,.93876,2,1,0,39.37822
2005,6,8,10,2,1037,120.08,20.6,.93876,2,0,0,120.08
2005,6,8,11,2,1037,0,179,.93876,2,1,0,0
2005,6,8,11,2,1037,35.44,20.1,.93876,2,1,0,39.37822
2005,6,8,11,2,1037,35.48,20.1,.93876,2,1,0,39.37822
2005,6,8,11,2,1037,35.51,20.1,.93876,2,1,0,39.37822
2005,6,8,11,2,1037,35.55,20.1,.93876,2,1,0,39.37822
2005,6,8,11,2,1037,35.59,20.1,.93876,2,1,0,39.37822
2005,6,8,11,2,1037,35.63,20.1,.93876,2,1,0,39.37822
2005,6,8,11,2,1037,35.66,20.4,.93876,2,1,0,39.37822
2005,6,8,11,2,1037,120.08,20.6,.93876,2,0,0,120.08
2005,6,8,12,2,1037,0,179,.93876,2,1,0,0
2005,6,8,12,2,1037,35.17,20.1,.93876,2,1,0,39.37822
2005,6,8,12,2,1037,35.21,20.1,.93876,2,1,0,39.37822
2005,6,8,12,2,1037,35.24,20.1,.93876,2,1,0,39.37822
2005,6,8,12,2,1037,35.28,20.1,.93876,2,1,0,39.37822
2005,6,8,12,2,1037,35.32,20.1,.93876,2,1,0,39.37822
2005,6,8,12,2,1037,35.35,20.1,.93876,2,1,0,39.37822
2005,6,8,12,2,1037,35.39,20.4,.93876,2,1,0,39.37822
2005,6,8,12,2,1037,120.08,20.6,.93876,2,0,0,120.08
2005,6,8,13,2,1037,0,179,.93876,2,1,0,0
2005,6,8,13,2,1037,34.97,20.1,.93876,2,1,0,39.37822
2005,6,8,13,2,1037,35.01,20.1,.93876,2,1,0,39.37822
2005,6,8,13,2,1037,35.04,20.1,.93876,2,1,0,39.37822
2005,6,8,13,2,1037,35.08,20.1,.93876,2,1,0,39.37822
2005,6,8,13,2,1037,35.11,20.1,.93876,2,1,0,39.37822
2005,6,8,13,2,1037,35.15,20.1,.93876,2,1,0,39.37822
2005,6,8,13,2,1037,35.19,20.4,.93876,2,1,0,39.37822
2005,6,8,13,2,1037,120.08,20.6,.93876,2,0,0,120.08
2005,6,8,14,2,1037,0,179,.93876,2,1,0,0
2005,6,8,14,2,1037,35.29,20.1,.93876,2,1,0,39.37822
2005,6,8,14,2,1037,35.33,20.1,.93876,2,1,0,39.37822
2005,6,8,14,2,1037,35.37,20.1,.93876,2,1,0,39.37822
2005,6,8,14,2,1037,35.4,20.1,.93876,2,1,0,39.37822
2005,6,8,14,2,1037,35.44,20.1,.93876,2,1,0,39.37822
2005,6,8,14,2,1037,35.48,20.1,.93876,2,1,0,39.37822
2005,6,8,14,2,1037,35.51,20.4,.93876,2,1,0,39.37822
2005,6,8,14,2,1037,120.08,20.6,.93876,2,0,0,120.08
2005,6,8,15,2,1037,0,179,.93876,2,1,0,0
2005,6,8,15,2,1037,35.31,20.1,.93876,2,1,0,39.37822
2005,6,8,15,2,1037,35.35,20.1,.93876,2,1,0,39.37822
2005,6,8,15,2,1037,35.39,20.1,.93876,2,1,0,39.37822
2005,6,8,15,2,1037,35.42,20.1,.93876,2,1,0,39.37822
2005,6,8,15,2,1037,35.46,20.1,.93876,2,1,0,39.37822
2005,6,8,15,2,1037,35.5,20.1,.93876,2,1,0,39.37822
2005,6,8,15,2,1037,35.54,20.4,.93876,2,1,0,39.37822
2005,6,8,15,2,1037,120.08,20.6,.93876,2,0,0,120.08
2005,6,8,16,2,1037,0,179,.93876,2,1,0,0
2005,6,8,16,2,1037,35.18,20.1,.93876,2,1,0,39.37822
2005,6,8,16,2,1037,35.22,20.1,.93876,2,1,0,39.37822
2005,6,8,16,2,1037,35.26,20.1,.93876,2,1,0,39.37822
2005,6,8,16,2,1037,35.3,20.1,.93876,2,1,0,39.37822
2005,6,8,16,2,1037,35.33,20.1,.93876,2,1,0,39.37822
2005,6,8,16,2,1037,35.37,20.1,.93876,2,1,0,39.37822
2005,6,8,16,2,1037,35.41,20.4,.93876,2,1,0,39.37822
2005,6,8,16,2,1037,120.08,20.6,.93876,2,0,0,120.08
2005,6,8,17,2,1037,0,179,.93876,2,1,0,0
2005,6,8,17,2,1037,35.16,20.1,.93876,2,1,0,39.37822
2005,6,8,17,2,1037,35.2,20.1,.93876,2,1,0,39.37822
2005,6,8,17,2,1037,35.24,20.1,.93876,2,1,0,39.37822
2005,6,8,17,2,1037,35.27,20.1,.93876,2,1,0,39.37822
2005,6,8,17,2,1037,35.31,20.1,.93876,2,1,0,39.37822
2005,6,8,17,2,1037,35.35,20.1,.93876,2,1,0,39.37822
2005,6,8,17,2,1037,35.38,20.4,.93876,2,1,0,39.37822
2005,6,8,17,2,1037,120.08,20.6,.93876,2,0,0,120.08
2005,6,8,18,2,1037,0,179,.93876,2,1,0,0
2005,6,8,18,2,1037,34.95,20.1,.93876,2,1,0,39.37822
2005,6,8,18,2,1037,34.99,20.1,.93876,2,1,0,39.37822
2005,6,8,18,2,1037,35.02,20.1,.93876,2,1,0,39.37822
2005,6,8,18,2,1037,35.06,20.1,.93876,2,1,0,39.37822
2005,6,8,18,2,1037,35.1,20.1,.93876,2,1,0,39.37822
2005,6,8,18,2,1037,35.13,20.1,.93876,2,1,0,39.37822
2005,6,8,18,2,1037,35.17,20.4,.93876,2,1,0,39.37822
2005,6,8,18,2,1037,120.08,20.6,.93876,2,0,0,120.08
2005,6,8,19,2,1037,0,179,.93876,2,1,0,0
2005,6,8,19,2,1037,35.08,20.1,.93876,2,1,0,39.37822
2005,6,8,19,2,1037,35.12,20.1,.93876,2,1,0,39.37822
2005,6,8,19,2,1037,35.15,20.1,.93876,2,1,0,39.37822
2005,6,8,19,2,1037,35.19,20.1,.93876,2,1,0,39.37822
2005,6,8,19,2,1037,35.23,20.1,.93876,2,1,0,39.37822
2005,6,8,19,2,1037,35.26,20.1,.93876,2,1,0,39.37822
2005,6,8,19,2,1037,35.3,20.4,.93876,2,1,0,39.37822
2005,6,8,19,2,1037,120.08,20.6,.93876,2,0,0,120.08
2005,6,8,20,2,1037,0,179,.93876,2,1,0,0
2005,6,8,20,2,1037,35.61,20.1,.93876,2,1,0,39.37822
2005,6,8,20,2,1037,35.65,20.1,.93876,2,1,0,39.37822
2005,6,8,20,2,1037,35.69,20.1,.93876,2,1,0,39.37822
2005,6,8,20,2,1037,35.73,20.1,.93876,2,1,0,39.37822
2005,6,8,20,2,1037,35.76,20.1,.93876,2,1,0,39.37822
2005,6,8,20,2,1037,35.8,20.1,.93876,2,1,0,39.37822
2005,6,8,20,2,1037,35.84,20.4,.93876,2,1,0,39.37822
2005,6,8,20,2,1037,120.08,20.6,.93876,2,0,0,120.08
2005,6,8,21,2,1037,0,179,.93876,2,1,0,0
2005,6,8,21,2,1037,35.99,20.1,.93876,2,1,0,39.37822
2005,6,8,21,2,1037,36.03,20.1,.93876,2,1,0,39.37822
2005,6,8,21,2,1037,36.06,20.1,.93876,2,1,0,39.37822
2005,6,8,21,2,1037,36.1,20.1,.93876,2,1,0,39.37822
2005,6,8,21,2,1037,36.14,20.1,.93876,2,1,0,39.37822
2005,6,8,21,2,1037,36.18,20.1,.93876,2,1,0,39.37822
2005,6,8,21,2,1037,36.22,20.4,.93876,2,1,0,39.37822
2005,6,8,21,2,1037,120.08,20.6,.93876,2,0,0,120.08
2005,6,8,22,2,1037,0,179,.93876,2,1,0,0
2005,6,8,22,2,1037,35.95,20.1,.93876,2,1,0,39.37822
2005,6,8,22,2,1037,35.99,20.1,.93876,2,1,0,39.37822
2005,6,8,22,2,1037,36.03,20.1,.93876,2,1,0,39.37822
2005,6,8,22,2,1037,36.07,20.1,.93876,2,1,0,39.37822
2005,6,8,22,2,1037,36.11,20.1,.93876,2,1,0,39.37822
2005,6,8,22,2,1037,36.15,20.1,.93876,2,1,0,39.37822
2005,6,8,22,2,1037,36.19,20.4,.93876,2,1,0,39.37822
2005,6,8,22,2,1037,120.08,20.6,.93876,2,0,0,120.08
2005,6,8,23,2,1037,0,179,.93876,2,1,0,0
2005,6,8,23,2,1037,35.78,20.1,.93876,2,1,0,39.37822
2005,6,8,23,2,1037,35.82,20.1,.93876,2,1,0,39.37822
2005,6,8,23,2,1037,35.86,20.1,.93876,2,1,0,39.37822
2005,6,8,23,2,1037,35.9,20.1,.93876,2,1,0,39.37822
2005,6,8,23,2,1037,35.94,20.1,.93876,2,1,0,39.37822
2005,6,8,23,2,1037,35.98,20.1,.93876,2,1,0,39.37822
2005,6,8,23,2,1037,36.02,20.4,.93876,2,1,0,39.37822
2005,6,8,23,2,1037,120.08,20.6,.93876,2,0,0,120.08
2005,6,8,24,2,1037,0,164,.93876,2,1,0,0
2005,6,8,24,2,1037,11.01,15,.93876,2,1,0,39.37822
2005,6,8,24,2,1037,36.56,20.1,.93876,2,1,0,39.37822
2005,6,8,24,2,1037,36.6,20.1,.93876,2,1,0,39.37822
2005,6,8,24,2,1037,36.64,20.1,.93876,2,1,0,39.37822
2005,6,8,24,2,1037,36.68,20.1,.93876,2,1,0,39.37822
2005,6,8,24,2,1037,36.73,20.1,.93876,2,1,0,39.37822
2005,6,8,24,2,1037,36.77,20.1,.93876,2,1,0,39.37822
2005,6,8,24,2,1037,36.81,20.4,.93876,2,1,0,39.37822
2005,6,8,24,2,1037,120.09,20.6,.93876,2,0,0,120.09
2005,6,8,1,7,64,0,31,0,2,1,0,0
2005,6,8,1,7,64,28.13,3.5,0,2,1,0,28.13
2005,6,8,1,7,64,34.12,1,0,2,1,0,34.12
2005,6,8,1,7,64,50,.1,0,2,0,0,50
2005,6,8,2,7,64,0,31,0,2,1,0,0
2005,6,8,2,7,64,28.13,3.5,0,2,1,0,28.13
2005,6,8,2,7,64,34.12,1,0,2,1,0,34.12
2005,6,8,2,7,64,50,.1,0,2,0,0,50
2005,6,8,3,7,64,0,31,0,2,1,0,0
2005,6,8,3,7,64,28.13,3.5,0,2,1,0,28.13
2005,6,8,3,7,64,34.12,1,0,2,1,0,34.12
2005,6,8,3,7,64,50,.1,0,2,0,0,50
2005,6,8,4,7,64,0,31,0,2,1,0,0
2005,6,8,4,7,64,28.13,3.5,0,2,1,0,28.13
2005,6,8,4,7,64,34.12,1,0,2,1,0,34.12
2005,6,8,4,7,64,50,.1,0,2,0,0,50
2005,6,8,5,7,64,0,31,0,2,1,0,0
2005,6,8,5,7,64,28.13,3.5,0,2,1,0,28.13
2005,6,8,5,7,64,34.12,1,0,2,1,0,34.12
2005,6,8,5,7,64,50,.1,0,2,0,0,50
2005,6,8,6,7,64,0,31,0,2,1,0,0
2005,6,8,6,7,64,28.13,3.5,0,2,1,0,28.13
2005,6,8,6,7,64,34.12,1,0,2,1,0,34.12
2005,6,8,6,7,64,50,.1,0,2,0,0,50
2005,6,8,7,7,64,0,31,0,2,1,0,0
2005,6,8,7,7,64,28.13,3.5,0,2,1,0,28.13
2005,6,8,7,7,64,34.12,1,0,2,1,0,34.12
2005,6,8,7,7,64,50,.1,0,2,0,0,50
2005,6,8,8,7,64,0,31,0,2,1,0,0
2005,6,8,8,7,64,28.13,3.5,0,2,1,0,28.13
2005,6,8,8,7,64,34.12,1,0,2,1,0,34.12
2005,6,8,8,7,64,50,.1,0,2,1,0,50
2005,6,8,9,7,64,0,31,0,2,1,0,0
2005,6,8,9,7,64,25.19,3.5,0,2,1,0,25.19
2005,6,8,9,7,64,31.19,1,0,2,1,0,31.19
2005,6,8,9,7,64,50,.1,0,2,1,0,50
2005,6,8,10,7,64,0,31,0,2,1,0,0
2005,6,8,10,7,64,28.13,3.5,0,2,1,0,28.13
2005,6,8,10,7,64,34.12,1,0,2,1,0,34.12
2005,6,8,10,7,64,50,.1,0,2,1,0,50
2005,6,8,11,7,64,0,31,0,2,1,0,0
2005,6,8,11,7,64,28.13,3.5,0,2,1,0,28.13
2005,6,8,11,7,64,34.12,1,0,2,1,0,34.12
2005,6,8,11,7,64,50,.1,0,2,1,0,50
2005,6,8,12,7,64,0,31,0,2,1,0,0
2005,6,8,12,7,64,28.13,3.5,0,2,1,0,28.13
2005,6,8,12,7,64,34.12,1,0,2,1,0,34.12
2005,6,8,12,7,64,50,.1,0,2,1,0,50
2005,6,8,13,7,64,0,31,0,2,1,0,0
2005,6,8,13,7,64,28.13,3.5,0,2,1,0,28.13
2005,6,8,13,7,64,34.12,1,0,2,1,0,34.12
2005,6,8,13,7,64,50,.1,0,2,1,0,50
2005,6,8,14,7,64,0,31,0,2,1,0,0
2005,6,8,14,7,64,25.19,3.5,0,2,1,0,25.19
2005,6,8,14,7,64,31.19,1,0,2,1,0,31.19
2005,6,8,14,7,64,50,.1,0,2,1,0,50
2005,6,8,15,7,64,0,31,0,2,1,0,0
2005,6,8,15,7,64,25.19,3.5,0,2,1,0,25.19
2005,6,8,15,7,64,31.19,1,0,2,1,0,31.19
2005,6,8,15,7,64,50,.1,0,2,1,0,50
2005,6,8,16,7,64,0,31,0,2,1,0,0
2005,6,8,16,7,64,25.19,3.5,0,2,1,0,25.19
2005,6,8,16,7,64,31.19,1,0,2,1,0,31.19
2005,6,8,16,7,64,50,.1,0,2,1,0,50
2005,6,8,17,7,64,0,31,0,2,1,0,0
2005,6,8,17,7,64,25.19,3.5,0,2,1,0,25.19
2005,6,8,17,7,64,31.19,1,0,2,1,0,31.19
2005,6,8,17,7,64,50,.1,0,2,1,0,50
2005,6,8,18,7,64,0,31,0,2,1,0,0
2005,6,8,18,7,64,25.19,3.5,0,2,1,0,25.19
2005,6,8,18,7,64,31.19,1,0,2,1,0,31.19
2005,6,8,18,7,64,50,.1,0,2,1,0,50
2005,6,8,19,7,64,0,31,0,2,1,0,0
2005,6,8,19,7,64,25.19,3.5,0,2,1,0,25.19
2005,6,8,19,7,64,31.19,1,0,2,1,0,31.19
2005,6,8,19,7,64,50,.1,0,2,1,0,50
2005,6,8,20,7,64,0,31,0,2,1,0,0
2005,6,8,20,7,64,25.19,3.5,0,2,1,0,25.19
2005,6,8,20,7,64,31.19,1,0,2,1,0,31.19
2005,6,8,20,7,64,50,.1,0,2,1,0,50
2005,6,8,21,7,64,0,31,0,2,1,0,0
2005,6,8,21,7,64,25.19,3.5,0,2,1,0,25.19
2005,6,8,21,7,64,31.19,1,0,2,1,0,31.19
2005,6,8,21,7,64,50,.1,0,2,1,0,50
2005,6,8,22,7,64,0,31,0,2,1,0,0
2005,6,8,22,7,64,25.19,3.7,0,2,1,0,25.19
2005,6,8,22,7,64,31.19,1,0,2,1,0,31.19
2005,6,8,22,7,64,50,.1,0,2,1,0,50
2005,6,8,23,7,64,0,31,0,2,1,0,0
2005,6,8,23,7,64,25.19,3.7,0,2,1,0,25.19
2005,6,8,23,7,64,31.19,1,0,2,1,0,31.19
2005,6,8,23,7,64,50,.1,0,2,1,0,50
2005,6,8,24,7,64,0,31,0,2,1,0,0
2005,6,8,24,7,64,25.19,5.5,0,2,1,0,25.19
2005,6,8,24,7,64,31.19,1,0,2,1,0,31.19
2005,6,8,24,7,64,50,.1,0,2,0,0,50
2005,6,8,1,9,65,0,8.8,0,2,1,0,0
2005,6,8,2,9,65,0,8.6,0,2,1,0,0
2005,6,8,3,9,65,0,8.4,0,2,1,0,0
2005,6,8,4,9,65,0,8.4,0,2,1,0,0
2005,6,8,5,9,65,0,8.5,0,2,1,0,0
2005,6,8,6,9,65,0,8.5,0,2,1,0,0
2005,6,8,7,9,65,0,8.5,0,2,1,0,0
2005,6,8,8,9,65,0,8.3,0,2,1,0,0
2005,6,8,9,9,65,0,7.8,0,2,1,0,0
2005,6,8,10,9,65,0,7.3,0,2,1,0,0
2005,6,8,11,9,65,0,7.2,0,2,1,0,0
2005,6,8,12,9,65,0,7.1,0,2,1,0,0
2005,6,8,13,9,65,0,7.2,0,2,1,0,0
2005,6,8,14,9,65,0,7.3,0,2,1,0,0
2005,6,8,15,9,65,0,7.2,0,2,1,0,0
2005,6,8,16,9,65,0,7.1,0,2,1,0,0
2005,6,8,17,9,65,0,7,0,2,1,0,0
2005,6,8,18,9,65,0,6.9,0,2,1,0,0
2005,6,8,19,9,65,0,7,0,2,1,0,0
2005,6,8,20,9,65,0,7.3,0,2,1,0,0
2005,6,8,21,9,65,0,7.6,0,2,1,0,0
2005,6,8,22,9,65,0,7.9,0,2,1,0,0
2005,6,8,23,9,65,0,7.9,0,2,1,0,0
2005,6,8,24,9,65,0,7.9,0,2,1,0,0
2005,6,8,1,6,1038,0,72,.962627,2,1,0,0
2005,6,8,1,6,1038,26.36,73,.962627,2,1,0,41.771625
2005,6,8,2,6,1038,0,72,.962627,2,1,0,0
2005,6,8,2,6,1038,26.36,73,.962627,2,1,0,41.771625
2005,6,8,3,6,1038,0,72,.962627,2,1,0,0
2005,6,8,3,6,1038,26.36,73,.962627,2,1,0,41.771625
2005,6,8,4,6,1038,0,72,.962627,2,1,0,0
2005,6,8,4,6,1038,26.36,73,.962627,2,1,0,41.771625
2005,6,8,5,6,1038,0,72,.962627,2,1,0,0
2005,6,8,5,6,1038,26.36,73,.962627,2,1,0,41.771625
2005,6,8,6,6,1038,0,72,.962627,2,1,0,0
2005,6,8,6,6,1038,26.36,73,.962627,2,1,0,41.771625
2005,6,8,7,6,1038,0,72,.962627,2,1,0,0
2005,6,8,7,6,1038,26.36,73,.962627,2,1,0,41.771625
2005,6,8,8,6,1038,0,72,.962627,2,1,0,0
2005,6,8,8,6,1038,26.36,73,.962627,2,1,0,41.771625
2005,6,8,9,6,1038,0,145,.962627,2,1,0,0
2005,6,8,10,6,1038,0,145,.962627,2,1,0,0
2005,6,8,11,6,1038,0,145,.962627,2,1,0,0
2005,6,8,12,6,1038,0,145,.962627,2,1,0,0
2005,6,8,13,6,1038,0,145,.962627,2,1,0,0
2005,6,8,14,6,1038,0,145,.962627,2,1,0,0
2005,6,8,15,6,1038,0,145,.962627,2,1,0,0
2005,6,8,16,6,1038,0,145,.962627,2,1,0,0
2005,6,8,17,6,1038,0,145,.962627,2,1,0,0
2005,6,8,18,6,1038,0,145,.962627,2,1,0,0
2005,6,8,19,6,1038,0,145,.962627,2,1,0,0
2005,6,8,20,6,1038,0,145,.962627,2,1,0,0
2005,6,8,21,6,1038,0,145,.962627,2,1,0,0
2005,6,8,22,6,1038,0,145,.962627,2,1,0,0
2005,6,8,23,6,1038,0,145,.962627,2,1,0,0
2005,6,8,24,6,1038,0,145,.962627,2,1,0,0
2005,6,8,1,9,67,0,17,0,2,1,0,0
2005,6,8,2,9,67,0,17,0,2,1,0,0
2005,6,8,3,9,67,0,17,0,2,1,0,0
2005,6,8,4,9,67,0,17,0,2,1,0,0
2005,6,8,5,9,67,0,17,0,2,1,0,0
2005,6,8,6,9,67,0,17,0,2,1,0,0
2005,6,8,7,9,67,0,17,0,2,1,0,0
2005,6,8,8,9,67,0,17,0,2,1,0,0
2005,6,8,9,9,67,0,9,0,2,1,0,0
2005,6,8,10,9,67,0,9,0,2,1,0,0
2005,6,8,11,9,67,0,9,0,2,1,0,0
2005,6,8,12,9,67,0,12,0,2,1,0,0
2005,6,8,13,9,67,0,12,0,2,1,0,0
2005,6,8,14,9,67,0,12,0,2,1,0,0
2005,6,8,15,9,67,0,17,0,2,1,0,0
2005,6,8,16,9,67,0,17,0,2,1,0,0
2005,6,8,17,9,67,0,17,0,2,1,0,0
2005,6,8,18,9,67,0,17,0,2,1,0,0
2005,6,8,19,9,67,0,17,0,2,1,0,0
2005,6,8,20,9,67,0,17,0,2,1,0,0
2005,6,8,21,9,67,0,17,0,2,1,0,0
2005,6,8,22,9,67,0,17,0,2,1,0,0
2005,6,8,23,9,67,0,17,0,2,1,0,0
2005,6,8,24,9,67,0,17,0,2,1,0,0
2005,6,8,1,3,1042,0,165,.359851,2,1,0,0
2005,6,8,1,3,1042,36.37,45,.359851,2,1,0,41.909421
2005,6,8,1,3,1042,39.37,45,.359851,2,1,0,41.909421
2005,6,8,1,3,1042,170,45,.359851,2,0,0,170
2005,6,8,1,3,1042,175,60,.359851,2,0,0,175
2005,6,8,1,3,1042,180.3,32.6,.359851,2,0,0,180.3
2005,6,8,2,3,1042,0,165,.359851,2,1,0,0
2005,6,8,2,3,1042,160,40,.359851,2,0,0,160
2005,6,8,2,3,1042,165,50,.359851,2,0,0,165
2005,6,8,2,3,1042,170,50,.359851,2,0,0,170
2005,6,8,2,3,1042,175,55,.359851,2,0,0,175
2005,6,8,2,3,1042,180.3,32.6,.359851,2,0,0,180.3
2005,6,8,3,3,1042,0,165,.359851,2,1,0,0
2005,6,8,3,3,1042,160,40,.359851,2,0,0,160
2005,6,8,3,3,1042,165,50,.359851,2,0,0,165
2005,6,8,3,3,1042,170,50,.359851,2,0,0,170
2005,6,8,3,3,1042,175,55,.359851,2,0,0,175
2005,6,8,3,3,1042,180.3,32.6,.359851,2,0,0,180.3
2005,6,8,4,3,1042,0,165,.359851,2,1,0,0
2005,6,8,4,3,1042,160,40,.359851,2,0,0,160
2005,6,8,4,3,1042,165,50,.359851,2,0,0,165
2005,6,8,4,3,1042,170,50,.359851,2,0,0,170
2005,6,8,4,3,1042,175,55,.359851,2,0,0,175
2005,6,8,4,3,1042,180.3,32.6,.359851,2,0,0,180.3
2005,6,8,5,3,1042,0,165,.359851,2,1,0,0
2005,6,8,5,3,1042,160,40,.359851,2,0,0,160
2005,6,8,5,3,1042,165,50,.359851,2,0,0,165
2005,6,8,5,3,1042,170,50,.359851,2,0,0,170
2005,6,8,5,3,1042,175,55,.359851,2,0,0,175
2005,6,8,5,3,1042,180.3,32.6,.359851,2,0,0,180.3
2005,6,8,6,3,1042,0,165,.359851,2,1,0,0
2005,6,8,6,3,1042,160,40,.359851,2,0,0,160
2005,6,8,6,3,1042,165,50,.359851,2,0,0,165
2005,6,8,6,3,1042,170,50,.359851,2,0,0,170
2005,6,8,6,3,1042,175,55,.359851,2,0,0,175
2005,6,8,6,3,1042,180.3,32.6,.359851,2,0,0,180.3
2005,6,8,7,3,1042,0,165,.359851,2,1,0,0
2005,6,8,7,3,1042,36.37,40,.359851,2,1,0,41.909421
2005,6,8,7,3,1042,165,50,.359851,2,0,0,165
2005,6,8,7,3,1042,170,50,.359851,2,0,0,170
2005,6,8,7,3,1042,175,55,.359851,2,0,0,175
2005,6,8,7,3,1042,180.3,32.6,.359851,2,0,0,180.3
2005,6,8,8,3,1042,0,165,.359851,2,1,0,0
2005,6,8,8,3,1042,36.37,40,.359851,2,1,0,41.909421
2005,6,8,8,3,1042,38.37,50,.359851,2,1,0,41.909421
2005,6,8,8,3,1042,40.37,50,.359851,2,1,0,41.909421
2005,6,8,8,3,1042,175,55,.359851,2,0,0,175
2005,6,8,8,3,1042,180.3,32.6,.359851,2,0,0,180.3
2005,6,8,9,3,1042,0,240,.359851,2,1,0,0
2005,6,8,9,3,1042,33.61,30,.359851,2,1,0,41.909421
2005,6,8,9,3,1042,34.61,30,.359851,2,1,0,41.909421
2005,6,8,9,3,1042,36.61,30,.359851,2,1,0,41.909421
2005,6,8,9,3,1042,38.61,30,.359851,2,1,0,41.909421
2005,6,8,9,3,1042,180.3,32.6,.359851,2,0,0,180.3
2005,6,8,10,3,1042,0,300,.359851,2,1,0,0
2005,6,8,10,3,1042,33.61,20,.359851,2,1,0,41.909421
2005,6,8,10,3,1042,34.61,15,.359851,2,1,0,41.909421
2005,6,8,10,3,1042,36.61,15,.359851,2,1,0,41.909421
2005,6,8,10,3,1042,38.61,10,.359851,2,1,0,41.909421
2005,6,8,10,3,1042,180.3,32.6,.359851,2,0,0,180.3
2005,6,8,11,3,1042,0,300,.359851,2,1,0,0
2005,6,8,11,3,1042,33.61,20,.359851,2,1,0,41.909421
2005,6,8,11,3,1042,34.61,15,.359851,2,1,0,41.909421
2005,6,8,11,3,1042,36.61,15,.359851,2,1,0,41.909421
2005,6,8,11,3,1042,38.61,10,.359851,2,1,0,41.909421
2005,6,8,11,3,1042,180.3,32.6,.359851,2,0,0,180.3
2005,6,8,12,3,1042,0,300,.359851,2,1,0,0
2005,6,8,12,3,1042,33.61,20,.359851,2,1,0,41.909421
2005,6,8,12,3,1042,34.61,15,.359851,2,1,0,41.909421
2005,6,8,12,3,1042,36.61,15,.359851,2,1,0,41.909421
2005,6,8,12,3,1042,38.61,10,.359851,2,1,0,41.909421
2005,6,8,12,3,1042,180.3,32.6,.359851,2,0,0,180.3
2005,6,8,13,3,1042,0,300,.359851,2,1,0,0
2005,6,8,13,3,1042,33.61,20,.359851,2,1,0,41.909421
2005,6,8,13,3,1042,34.61,15,.359851,2,1,0,41.909421
2005,6,8,13,3,1042,36.61,15,.359851,2,1,0,41.909421
2005,6,8,13,3,1042,38.61,10,.359851,2,1,0,41.909421
2005,6,8,13,3,1042,180.3,32.6,.359851,2,0,0,180.3
2005,6,8,14,3,1042,0,300,.359851,2,1,0,0
2005,6,8,14,3,1042,33.61,20,.359851,2,1,0,41.909421
2005,6,8,14,3,1042,34.61,15,.359851,2,1,0,41.909421
2005,6,8,14,3,1042,36.61,15,.359851,2,1,0,41.909421
2005,6,8,14,3,1042,38.61,10,.359851,2,1,0,41.909421
2005,6,8,14,3,1042,180.3,32.6,.359851,2,0,0,180.3
2005,6,8,15,3,1042,0,300,.359851,2,1,0,0
2005,6,8,15,3,1042,33.61,20,.359851,2,1,0,41.909421
2005,6,8,15,3,1042,34.61,15,.359851,2,1,0,41.909421
2005,6,8,15,3,1042,36.61,15,.359851,2,1,0,41.909421
2005,6,8,15,3,1042,38.61,10,.359851,2,1,0,41.909421
2005,6,8,15,3,1042,180.3,32.6,.359851,2,0,0,180.3
2005,6,8,16,3,1042,0,300,.359851,2,1,0,0
2005,6,8,16,3,1042,33.61,20,.359851,2,1,0,41.909421
2005,6,8,16,3,1042,34.61,15,.359851,2,1,0,41.909421
2005,6,8,16,3,1042,36.61,15,.359851,2,1,0,41.909421
2005,6,8,16,3,1042,38.61,10,.359851,2,1,0,41.909421
2005,6,8,16,3,1042,180.3,32.6,.359851,2,0,0,180.3
2005,6,8,17,3,1042,0,300,.359851,2,1,0,0
2005,6,8,17,3,1042,33.61,20,.359851,2,1,0,41.909421
2005,6,8,17,3,1042,34.61,15,.359851,2,1,0,41.909421
2005,6,8,17,3,1042,36.61,15,.359851,2,1,0,41.909421
2005,6,8,17,3,1042,38.61,10,.359851,2,1,0,41.909421
2005,6,8,17,3,1042,180.3,32.6,.359851,2,0,0,180.3
2005,6,8,18,3,1042,0,300,.359851,2,1,0,0
2005,6,8,18,3,1042,33.61,20,.359851,2,1,0,41.909421
2005,6,8,18,3,1042,34.61,15,.359851,2,1,0,41.909421
2005,6,8,18,3,1042,36.61,15,.359851,2,1,0,41.909421
2005,6,8,18,3,1042,38.61,10,.359851,2,1,0,41.909421
2005,6,8,18,3,1042,180.3,32.6,.359851,2,0,0,180.3
2005,6,8,19,3,1042,0,300,.359851,2,1,0,0
2005,6,8,19,3,1042,33.61,20,.359851,2,1,0,41.909421
2005,6,8,19,3,1042,34.61,15,.359851,2,1,0,41.909421
2005,6,8,19,3,1042,36.61,15,.359851,2,1,0,41.909421
2005,6,8,19,3,1042,38.61,10,.359851,2,1,0,41.909421
2005,6,8,19,3,1042,180.3,32.6,.359851,2,0,0,180.3
2005,6,8,20,3,1042,0,300,.359851,2,1,0,0
2005,6,8,20,3,1042,33.61,20,.359851,2,1,0,41.909421
2005,6,8,20,3,1042,34.61,15,.359851,2,1,0,41.909421
2005,6,8,20,3,1042,36.61,15,.359851,2,1,0,41.909421
2005,6,8,20,3,1042,38.61,10,.359851,2,1,0,41.909421
2005,6,8,20,3,1042,180.3,32.6,.359851,2,0,0,180.3
2005,6,8,21,3,1042,0,300,.359851,2,1,0,0
2005,6,8,21,3,1042,33.61,20,.359851,2,1,0,41.909421
2005,6,8,21,3,1042,34.61,15,.359851,2,1,0,41.909421
2005,6,8,21,3,1042,36.61,15,.359851,2,1,0,41.909421
2005,6,8,21,3,1042,38.61,10,.359851,2,1,0,41.909421
2005,6,8,21,3,1042,180.3,32.6,.359851,2,0,0,180.3
2005,6,8,22,3,1042,0,300,.359851,2,1,0,0
2005,6,8,22,3,1042,33.61,20,.359851,2,1,0,41.909421
2005,6,8,22,3,1042,34.61,15,.359851,2,1,0,41.909421
2005,6,8,22,3,1042,36.61,15,.359851,2,1,0,41.909421
2005,6,8,22,3,1042,38.61,10,.359851,2,1,0,41.909421
2005,6,8,22,3,1042,180.3,32.6,.359851,2,0,0,180.3
2005,6,8,23,3,1042,0,300,.359851,2,1,0,0
2005,6,8,23,3,1042,33.61,20,.359851,2,1,0,41.909421
2005,6,8,23,3,1042,34.61,15,.359851,2,1,0,41.909421
2005,6,8,23,3,1042,36.61,15,.359851,2,1,0,41.909421
2005,6,8,23,3,1042,38.61,10,.359851,2,1,0,41.909421
2005,6,8,23,3,1042,180.3,32.6,.359851,2,0,0,180.3
2005,6,8,24,3,1042,0,250,.359851,2,1,0,0
2005,6,8,24,3,1042,33.61,10,.359851,2,1,0,41.909421
2005,6,8,24,3,1042,34.61,10,.359851,2,1,0,41.909421
2005,6,8,24,3,1042,36.61,10,.359851,2,1,0,41.909421
2005,6,8,24,3,1042,49.37,65,.359851,2,0,0,41.909421
2005,6,8,24,3,1042,180.3,47.6,.359851,2,0,0,180.3
2005,6,8,1,9,1043,0,190,.359851,2,1,0,0
2005,6,8,1,9,1043,35.33,90,.359851,2,1,0,41.909421
2005,6,8,1,9,1043,37.73,50,.359851,2,1,0,41.909421
2005,6,8,1,9,1043,40.13,48.9,.359851,2,1,0,41.909421
2005,6,8,2,9,1043,0,190,.359851,2,1,0,0
2005,6,8,2,9,1043,35.33,90,.359851,2,1,0,41.909421
2005,6,8,2,9,1043,37.73,50,.359851,2,1,0,41.909421
2005,6,8,2,9,1043,40.13,48.9,.359851,2,0,0,41.909421
2005,6,8,3,9,1043,0,190,.359851,2,1,0,0
2005,6,8,3,9,1043,35.33,90,.359851,2,1,0,41.909421
2005,6,8,3,9,1043,37.73,50,.359851,2,1,0,41.909421
2005,6,8,3,9,1043,40.13,48.9,.359851,2,0,0,41.909421
2005,6,8,4,9,1043,0,190,.359851,2,1,0,0
2005,6,8,4,9,1043,35.33,90,.359851,2,1,0,41.909421
2005,6,8,4,9,1043,37.73,50,.359851,2,0,0,41.909421
2005,6,8,4,9,1043,40.13,48.9,.359851,2,0,0,41.909421
2005,6,8,5,9,1043,0,190,.359851,2,1,0,0
2005,6,8,5,9,1043,35.33,90,.359851,2,1,0,41.909421
2005,6,8,5,9,1043,37.73,50,.359851,2,1,0,41.909421
2005,6,8,5,9,1043,40.13,48.9,.359851,2,0,0,41.909421
2005,6,8,6,9,1043,0,190,.359851,2,1,0,0
2005,6,8,6,9,1043,35.33,90,.359851,2,1,0,41.909421
2005,6,8,6,9,1043,37.73,50,.359851,2,1,0,41.909421
2005,6,8,6,9,1043,40.13,48.9,.359851,2,0,0,41.909421
2005,6,8,7,9,1043,0,190,.359851,2,1,0,0
2005,6,8,7,9,1043,35.33,90,.359851,2,1,0,41.909421
2005,6,8,7,9,1043,37.73,50,.359851,2,1,0,41.909421
2005,6,8,7,9,1043,40.13,48.9,.359851,2,1,0,41.909421
2005,6,8,8,9,1043,0,190,.359851,2,1,0,0
2005,6,8,8,9,1043,35.33,90,.359851,2,1,0,41.909421
2005,6,8,8,9,1043,37.73,50,.359851,2,1,0,41.909421
2005,6,8,8,9,1043,40.13,48.9,.359851,2,1,0,41.909421
2005,6,8,9,9,1043,0,190,.359851,2,1,0,0
2005,6,8,9,9,1043,35.33,90,.359851,2,1,0,41.909421
2005,6,8,9,9,1043,37.73,50,.359851,2,1,0,41.909421
2005,6,8,9,9,1043,40.13,48.9,.359851,2,1,0,41.909421
2005,6,8,10,9,1043,0,190,.359851,2,1,0,0
2005,6,8,10,9,1043,35.33,90,.359851,2,1,0,41.909421
2005,6,8,10,9,1043,37.73,50,.359851,2,1,0,41.909421
2005,6,8,10,9,1043,40.13,48.9,.359851,2,1,0,41.909421
2005,6,8,11,9,1043,0,190,.359851,2,1,0,0
2005,6,8,11,9,1043,35.33,90,.359851,2,1,0,41.909421
2005,6,8,11,9,1043,37.73,50,.359851,2,1,0,41.909421
2005,6,8,11,9,1043,40.13,48.9,.359851,2,1,0,41.909421
2005,6,8,12,9,1043,0,190,.359851,2,1,0,0
2005,6,8,12,9,1043,35.33,90,.359851,2,1,0,41.909421
2005,6,8,12,9,1043,37.73,50,.359851,2,1,0,41.909421
2005,6,8,12,9,1043,40.13,48.9,.359851,2,1,0,41.909421
2005,6,8,13,9,1043,0,190,.359851,2,1,0,0
2005,6,8,13,9,1043,35.33,90,.359851,2,1,0,41.909421
2005,6,8,13,9,1043,37.73,50,.359851,2,1,0,41.909421
2005,6,8,13,9,1043,40.13,48.9,.359851,2,1,0,41.909421
2005,6,8,14,9,1043,0,190,.359851,2,1,0,0
2005,6,8,14,9,1043,35.33,90,.359851,2,1,0,41.909421
2005,6,8,14,9,1043,37.73,50,.359851,2,1,0,41.909421
2005,6,8,14,9,1043,40.13,48.9,.359851,2,1,0,41.909421
2005,6,8,15,9,1043,0,190,.359851,2,1,0,0
2005,6,8,15,9,1043,35.33,90,.359851,2,1,0,41.909421
2005,6,8,15,9,1043,37.73,50,.359851,2,1,0,41.909421
2005,6,8,15,9,1043,40.13,48.9,.359851,2,1,0,41.909421
2005,6,8,16,9,1043,0,190,.359851,2,1,0,0
2005,6,8,16,9,1043,35.33,90,.359851,2,1,0,41.909421
2005,6,8,16,9,1043,37.73,50,.359851,2,1,0,41.909421
2005,6,8,16,9,1043,40.13,48.9,.359851,2,1,0,41.909421
2005,6,8,17,9,1043,0,190,.359851,2,1,0,0
2005,6,8,17,9,1043,35.33,90,.359851,2,1,0,41.909421
2005,6,8,17,9,1043,37.73,50,.359851,2,1,0,41.909421
2005,6,8,17,9,1043,40.13,48.9,.359851,2,1,0,41.909421
2005,6,8,18,9,1043,0,190,.359851,2,1,0,0
2005,6,8,18,9,1043,35.33,90,.359851,2,1,0,41.909421
2005,6,8,18,9,1043,37.73,50,.359851,2,1,0,41.909421
2005,6,8,18,9,1043,40.13,48.9,.359851,2,1,0,41.909421
2005,6,8,19,9,1043,0,190,.359851,2,1,0,0
2005,6,8,19,9,1043,35.33,90,.359851,2,1,0,41.909421
2005,6,8,19,9,1043,37.73,50,.359851,2,1,0,41.909421
2005,6,8,19,9,1043,40.13,48.9,.359851,2,1,0,41.909421
2005,6,8,20,9,1043,0,190,.359851,2,1,0,0
2005,6,8,20,9,1043,35.33,90,.359851,2,1,0,41.909421
2005,6,8,20,9,1043,37.73,50,.359851,2,1,0,41.909421
2005,6,8,20,9,1043,40.13,48.9,.359851,2,1,0,41.909421
2005,6,8,21,9,1043,0,190,.359851,2,1,0,0
2005,6,8,21,9,1043,35.33,90,.359851,2,1,0,41.909421
2005,6,8,21,9,1043,37.73,50,.359851,2,1,0,41.909421
2005,6,8,21,9,1043,40.13,48.9,.359851,2,1,0,41.909421
2005,6,8,22,9,1043,0,190,.359851,2,1,0,0
2005,6,8,22,9,1043,35.33,90,.359851,2,1,0,41.909421
2005,6,8,22,9,1043,37.73,50,.359851,2,1,0,41.909421
2005,6,8,22,9,1043,40.13,48.9,.359851,2,1,0,41.909421
2005,6,8,23,9,1043,0,190,.359851,2,1,0,0
2005,6,8,23,9,1043,35.33,90,.359851,2,1,0,41.909421
2005,6,8,23,9,1043,37.73,50,.359851,2,1,0,41.909421
2005,6,8,23,9,1043,40.13,48.9,.359851,2,1,0,41.909421
2005,6,8,24,9,1043,0,190,.359851,2,1,0,0
2005,6,8,24,9,1043,35.33,90,.359851,2,1,0,41.909421
2005,6,8,24,9,1043,37.73,50,.359851,2,1,0,41.909421
2005,6,8,24,9,1043,40.13,48.9,.359851,2,1,0,41.909421
2005,6,8,1,1,1046,124.43,532.4,.791988,2,0,0,124.43
2005,6,8,2,1,1046,124.43,532.4,.791988,2,0,0,124.43
2005,6,8,3,1,1046,124.43,532.4,.791988,2,0,0,124.43
2005,6,8,4,1,1046,124.43,532.4,.791988,2,0,0,124.43
2005,6,8,5,1,1046,124.43,532.4,.791988,2,0,0,124.43
2005,6,8,6,1,1046,124.43,532.4,.791988,2,0,0,124.43
2005,6,8,7,1,1046,124.43,532.4,.791988,2,0,0,124.43
2005,6,8,8,1,1046,124.43,532.4,.791988,2,0,0,124.43
2005,6,8,9,1,1046,124.43,532.4,.791988,2,0,0,124.43
2005,6,8,10,1,1046,124.43,532.4,.791988,2,0,0,124.43
2005,6,8,11,1,1046,124.43,532.4,.791988,2,0,0,124.43
2005,6,8,12,1,1046,124.43,532.4,.791988,2,0,0,124.43
2005,6,8,13,1,1046,124.43,532.4,.791988,2,0,0,124.43
2005,6,8,14,1,1046,124.43,532.4,.791988,2,0,0,124.43
2005,6,8,15,1,1046,124.43,532.4,.791988,2,0,0,124.43
2005,6,8,16,1,1046,124.43,532.4,.791988,2,0,0,124.43
2005,6,8,17,1,1046,124.43,532.4,.791988,2,0,0,124.43
2005,6,8,18,1,1046,124.43,532.4,.791988,2,0,0,124.43
2005,6,8,19,1,1046,124.43,532.4,.791988,2,0,0,124.43
2005,6,8,20,1,1046,124.43,532.4,.791988,2,0,0,124.43
2005,6,8,21,1,1046,124.43,532.4,.791988,2,0,0,124.43
2005,6,8,22,1,1046,124.43,532.4,.791988,2,0,0,124.43
2005,6,8,23,1,1046,124.43,532.4,.791988,2,0,0,124.43
2005,6,8,24,1,1046,124.43,532.4,.791988,2,0,0,124.43
2005,6,8,1,1,1047,0,225,.360098,2,1,0,0
2005,6,8,1,1,1047,35.03,50,.360098,2,1,0,39.564958
2005,6,8,1,1,1047,37.43,50,.360098,2,1,0,39.564958
2005,6,8,1,1,1047,39.83,64.7,.360098,2,1,0,39.564958
2005,6,8,2,1,1047,0,225,.360098,2,1,0,0
2005,6,8,2,1,1047,35.03,50,.360098,2,1,0,39.564958
2005,6,8,2,1,1047,37.43,50,.360098,2,1,0,39.564958
2005,6,8,2,1,1047,39.83,64.7,.360098,2,1,0,39.564958
2005,6,8,3,1,1047,0,225,.360098,2,1,0,0
2005,6,8,3,1,1047,35.03,50,.360098,2,1,0,39.564958
2005,6,8,3,1,1047,37.43,50,.360098,2,1,0,39.564958
2005,6,8,3,1,1047,39.83,64.7,.360098,2,0,0,39.564958
2005,6,8,4,1,1047,0,225,.360098,2,1,0,0
2005,6,8,4,1,1047,35.03,50,.360098,2,1,0,39.564958
2005,6,8,4,1,1047,37.43,50,.360098,2,1,0,39.564958
2005,6,8,4,1,1047,39.83,64.7,.360098,2,0,0,39.564958
2005,6,8,5,1,1047,0,225,.360098,2,1,0,0
2005,6,8,5,1,1047,35.03,50,.360098,2,1,0,39.564958
2005,6,8,5,1,1047,37.43,50,.360098,2,1,0,39.564958
2005,6,8,5,1,1047,39.83,64.7,.360098,2,0,0,39.564958
2005,6,8,6,1,1047,0,225,.360098,2,1,0,0
2005,6,8,6,1,1047,35.03,50,.360098,2,1,0,39.564958
2005,6,8,6,1,1047,37.43,50,.360098,2,1,0,39.564958
2005,6,8,6,1,1047,39.83,64.7,.360098,2,0,0,39.564958
2005,6,8,7,1,1047,0,225,.360098,2,1,0,0
2005,6,8,7,1,1047,35.03,50,.360098,2,1,0,39.564958
2005,6,8,7,1,1047,37.43,50,.360098,2,1,0,39.564958
2005,6,8,7,1,1047,39.83,64.7,.360098,2,1,0,39.564958
2005,6,8,8,1,1047,0,225,.360098,2,1,0,0
2005,6,8,8,1,1047,35.03,50,.360098,2,1,0,39.564958
2005,6,8,8,1,1047,37.43,50,.360098,2,1,0,39.564958
2005,6,8,8,1,1047,39.83,64.7,.360098,2,1,0,39.564958
2005,6,8,9,1,1047,0,225,.360098,2,1,0,0
2005,6,8,9,1,1047,35.03,50,.360098,2,1,0,39.564958
2005,6,8,9,1,1047,37.43,50,.360098,2,1,0,39.564958
2005,6,8,9,1,1047,39.83,64.7,.360098,2,1,0,39.564958
2005,6,8,10,1,1047,0,225,.360098,2,1,0,0
2005,6,8,10,1,1047,35.03,50,.360098,2,1,0,39.564958
2005,6,8,10,1,1047,37.43,50,.360098,2,1,0,39.564958
2005,6,8,10,1,1047,39.83,64.7,.360098,2,1,0,39.564958
2005,6,8,11,1,1047,0,225,.360098,2,1,0,0
2005,6,8,11,1,1047,35.03,50,.360098,2,1,0,39.564958
2005,6,8,11,1,1047,37.43,50,.360098,2,1,0,39.564958
2005,6,8,11,1,1047,39.83,64.7,.360098,2,1,0,39.564958
2005,6,8,12,1,1047,0,225,.360098,2,1,0,0
2005,6,8,12,1,1047,35.03,50,.360098,2,1,0,39.564958
2005,6,8,12,1,1047,37.43,50,.360098,2,1,0,39.564958
2005,6,8,12,1,1047,39.83,64.7,.360098,2,1,0,39.564958
2005,6,8,13,1,1047,0,225,.360098,2,1,0,0
2005,6,8,13,1,1047,35.03,50,.360098,2,1,0,39.564958
2005,6,8,13,1,1047,37.43,50,.360098,2,1,0,39.564958
2005,6,8,13,1,1047,39.83,64.7,.360098,2,1,0,39.564958
2005,6,8,14,1,1047,0,225,.360098,2,1,0,0
2005,6,8,14,1,1047,35.03,50,.360098,2,1,0,39.564958
2005,6,8,14,1,1047,37.43,50,.360098,2,1,0,39.564958
2005,6,8,14,1,1047,39.83,64.7,.360098,2,1,0,39.564958
2005,6,8,15,1,1047,0,225,.360098,2,1,0,0
2005,6,8,15,1,1047,35.03,50,.360098,2,1,0,39.564958
2005,6,8,15,1,1047,37.43,50,.360098,2,1,0,39.564958
2005,6,8,15,1,1047,39.83,64.7,.360098,2,1,0,39.564958
2005,6,8,16,1,1047,0,225,.360098,2,1,0,0
2005,6,8,16,1,1047,35.03,50,.360098,2,1,0,39.564958
2005,6,8,16,1,1047,37.43,50,.360098,2,1,0,39.564958
2005,6,8,16,1,1047,39.83,64.7,.360098,2,1,0,39.564958
2005,6,8,17,1,1047,0,225,.360098,2,1,0,0
2005,6,8,17,1,1047,35.03,50,.360098,2,1,0,39.564958
2005,6,8,17,1,1047,37.43,50,.360098,2,1,0,39.564958
2005,6,8,17,1,1047,39.83,64.7,.360098,2,1,0,39.564958
2005,6,8,18,1,1047,0,225,.360098,2,1,0,0
2005,6,8,18,1,1047,35.03,50,.360098,2,1,0,39.564958
2005,6,8,18,1,1047,37.43,50,.360098,2,1,0,39.564958
2005,6,8,18,1,1047,39.83,64.7,.360098,2,1,0,39.564958
2005,6,8,19,1,1047,0,225,.360098,2,1,0,0
2005,6,8,19,1,1047,35.03,50,.360098,2,1,0,39.564958
2005,6,8,19,1,1047,37.43,50,.360098,2,1,0,39.564958
2005,6,8,19,1,1047,39.83,64.7,.360098,2,1,0,39.564958
2005,6,8,20,1,1047,0,225,.360098,2,1,0,0
2005,6,8,20,1,1047,35.03,50,.360098,2,1,0,39.564958
2005,6,8,20,1,1047,37.43,50,.360098,2,1,0,39.564958
2005,6,8,20,1,1047,39.83,64.7,.360098,2,1,0,39.564958
2005,6,8,21,1,1047,0,225,.360098,2,1,0,0
2005,6,8,21,1,1047,35.03,50,.360098,2,1,0,39.564958
2005,6,8,21,1,1047,37.43,50,.360098,2,1,0,39.564958
2005,6,8,21,1,1047,39.83,64.7,.360098,2,1,0,39.564958
2005,6,8,22,1,1047,0,225,.360098,2,1,0,0
2005,6,8,22,1,1047,35.03,50,.360098,2,1,0,39.564958
2005,6,8,22,1,1047,37.43,50,.360098,2,1,0,39.564958
2005,6,8,22,1,1047,39.83,64.7,.360098,2,1,0,39.564958
2005,6,8,23,1,1047,0,225,.360098,2,1,0,0
2005,6,8,23,1,1047,35.03,50,.360098,2,1,0,39.564958
2005,6,8,23,1,1047,37.43,50,.360098,2,1,0,39.564958
2005,6,8,23,1,1047,39.83,64.7,.360098,2,1,0,39.564958
2005,6,8,24,1,1047,0,225,.360098,2,1,0,0
2005,6,8,24,1,1047,35.03,50,.360098,2,1,0,39.564958
2005,6,8,24,1,1047,37.43,50,.360098,2,1,0,39.564958
2005,6,8,24,1,1047,39.83,64.7,.360098,2,1,0,39.564958
2005,6,8,1,9,72,14.31,475,0,2,1,0,14.31
2005,6,8,2,9,72,14.31,450,0,2,1,0,14.31
2005,6,8,3,9,72,14.31,450,0,2,1,0,14.31
2005,6,8,4,9,72,14.31,450,0,2,1,0,14.31
2005,6,8,5,9,72,14.31,184.2,0,2,1,0,14.31
2005,6,8,6,9,72,14.31,170.6,0,2,1,0,14.31
2005,6,8,7,9,72,14.31,165.8,0,2,1,0,14.31
2005,6,8,8,9,72,14.31,500,0,2,1,0,14.31
2005,6,8,9,9,72,14.31,475,0,2,1,0,14.31
2005,6,8,10,9,72,14.31,124.3,0,2,1,0,14.31
2005,6,8,11,9,72,14.31,134.6,0,2,1,0,14.31
2005,6,8,12,9,72,14.31,146.9,0,2,1,0,14.31
2005,6,8,13,9,72,14.31,146.7,0,2,1,0,14.31
2005,6,8,14,9,72,14.31,144.3,0,2,1,0,14.31
2005,6,8,15,9,72,14.31,129.9,0,2,1,0,14.31
2005,6,8,16,9,72,14.31,131.1,0,2,1,0,14.31
2005,6,8,17,9,72,14.31,130.9,0,2,1,0,14.31
2005,6,8,18,9,72,14.31,129.1,0,2,1,0,14.31
2005,6,8,19,9,72,14.31,132.5,0,2,1,0,14.31
2005,6,8,20,9,72,14.31,121.3,0,2,1,0,14.31
2005,6,8,21,9,72,14.31,121.6,0,2,1,0,14.31
2005,6,8,22,9,72,14.31,123.9,0,2,1,0,14.31
2005,6,8,23,9,72,14.31,111.2,0,2,1,0,14.31
2005,6,8,24,9,72,14.31,116.5,0,2,1,0,14.31
2005,6,8,1,9,73,180.3,30.3,0,1,1,0,180.3
2005,6,8,2,9,73,180.3,27.7,0,1,1,0,180.3
2005,6,8,3,9,73,180.3,26.3,0,1,1,0,180.3
2005,6,8,4,9,73,180.3,26.1,0,1,1,0,180.3
2005,6,8,5,9,73,180.3,26.2,0,1,1,0,180.3
2005,6,8,6,9,73,180.3,26.9,0,1,1,0,180.3
2005,6,8,7,9,73,180.3,31.6,0,1,1,0,180.3
2005,6,8,8,9,73,180.3,36.5,0,1,1,0,180.3
2005,6,8,9,9,73,180.3,40.4,0,1,1,0,180.3
2005,6,8,10,9,73,180.3,45,0,1,1,0,180.3
2005,6,8,11,9,73,180.3,47.9,0,1,1,0,180.3
2005,6,8,12,9,73,180.3,49.3,0,1,1,0,180.3
2005,6,8,13,9,73,180.3,49.8,0,1,1,0,180.3
2005,6,8,14,9,73,180.3,47.1,0,1,1,0,180.3
2005,6,8,15,9,73,180.3,42.6,0,1,1,0,180.3
2005,6,8,16,9,73,180.3,44.2,0,1,1,0,180.3
2005,6,8,17,9,73,180.3,45.5,0,1,1,0,180.3
2005,6,8,18,9,73,180.3,45.5,0,1,1,0,180.3
2005,6,8,19,9,73,180.3,44.8,0,1,1,0,180.3
2005,6,8,20,9,73,180.3,41.4,0,1,1,0,180.3
2005,6,8,21,9,73,180.3,39.7,0,1,1,0,180.3
2005,6,8,22,9,73,180.3,36.4,0,1,1,0,180.3
2005,6,8,23,9,73,180.3,32.4,0,1,1,0,180.3
2005,6,8,24,9,73,180.3,30.3,0,1,1,0,180.3
2005,6,8,1,9,74,0,19,0,2,1,0,0
2005,6,8,2,9,74,0,18.9,0,2,1,0,0
2005,6,8,3,9,74,0,17.7,0,2,1,0,0
2005,6,8,4,9,74,0,15.3,0,2,1,0,0
2005,6,8,5,9,74,0,12,0,2,1,0,0
2005,6,8,6,9,74,0,7.5,0,2,1,0,0
2005,6,8,7,9,74,0,4,0,2,1,0,0
2005,6,8,8,9,74,0,1,0,2,1,0,0
2005,6,8,9,9,74,0,.2,0,2,1,0,0
2005,6,8,10,9,74,0,.2,0,2,1,0,0
2005,6,8,11,9,74,0,.4,0,2,1,0,0
2005,6,8,12,9,74,0,1,0,2,1,0,0
2005,6,8,13,9,74,0,1.7,0,2,1,0,0
2005,6,8,14,9,74,0,4.2,0,2,1,0,0
2005,6,8,15,9,74,0,6.5,0,2,1,0,0
2005,6,8,16,9,74,0,9.2,0,2,1,0,0
2005,6,8,17,9,74,0,12.1,0,2,1,0,0
2005,6,8,18,9,74,0,15.5,0,2,1,0,0
2005,6,8,19,9,74,0,17.6,0,2,1,0,0
2005,6,8,20,9,74,0,18.6,0,2,1,0,0
2005,6,8,21,9,74,0,18.5,0,2,1,0,0
2005,6,8,22,9,74,0,17.1,0,2,1,0,0
2005,6,8,23,9,74,0,14.7,0,2,1,0,0
2005,6,8,24,9,74,0,11,0,2,1,0,0
2005,6,8,1,8,75,0,54.7,0,2,1,0,0
2005,6,8,2,8,75,0,50,0,2,1,0,0
2005,6,8,3,8,75,0,46.7,0,2,1,0,0
2005,6,8,4,8,75,0,45,0,2,1,0,0
2005,6,8,5,8,75,0,44.8,0,2,1,0,0
2005,6,8,6,8,75,0,46,0,2,1,0,0
2005,6,8,7,8,75,0,46.6,0,2,1,0,0
2005,6,8,8,8,75,0,46.5,0,2,1,0,0
2005,6,8,9,8,75,0,45.7,0,2,1,0,0
2005,6,8,10,8,75,0,44.3,0,2,1,0,0
2005,6,8,11,8,75,0,42.1,0,2,1,0,0
2005,6,8,12,8,75,0,39.3,0,2,1,0,0
2005,6,8,13,8,75,0,37.6,0,2,1,0,0
2005,6,8,14,8,75,0,36.8,0,2,1,0,0
2005,6,8,15,8,75,0,37.1,0,2,1,0,0
2005,6,8,16,8,75,0,38.6,0,2,1,0,0
2005,6,8,17,8,75,0,41.4,0,2,1,0,0
2005,6,8,18,8,75,0,45.3,0,2,1,0,0
2005,6,8,19,8,75,0,48.2,0,2,1,0,0
2005,6,8,20,8,75,0,50.1,0,2,1,0,0
2005,6,8,21,8,75,0,52.9,0,2,1,0,0
2005,6,8,22,8,75,0,55.7,0,2,1,0,0
2005,6,8,23,8,75,0,58.2,0,2,1,0,0
2005,6,8,24,8,75,0,60.7,0,2,1,0,0
2005,6,8,1,9,76,0,630.3,0,2,1,0,0
2005,6,8,2,9,76,0,579,0,2,1,0,0
2005,6,8,3,9,76,0,539,0,2,1,0,0
2005,6,8,4,9,76,0,510,0,2,1,0,0
2005,6,8,5,9,76,0,489.9,0,2,1,0,0
2005,6,8,6,9,76,0,481.2,0,2,1,0,0
2005,6,8,7,9,76,0,469.3,0,2,1,0,0
2005,6,8,8,9,76,0,451.4,0,2,1,0,0
2005,6,8,9,9,76,0,441.3,0,2,1,0,0
2005,6,8,10,9,76,0,415.9,0,2,1,0,0
2005,6,8,11,9,76,0,389.8,0,2,1,0,0
2005,6,8,12,9,76,0,363.9,0,2,1,0,0
2005,6,8,13,9,76,0,356.7,0,2,1,0,0
2005,6,8,14,9,76,0,369.2,0,2,1,0,0
2005,6,8,15,9,76,0,402.9,0,2,1,0,0
2005,6,8,16,9,76,0,470.2,0,2,1,0,0
2005,6,8,17,9,76,0,559,0,2,1,0,0
2005,6,8,18,9,76,0,673.5,0,2,1,0,0
2005,6,8,19,9,76,0,757.9,0,2,1,0,0
2005,6,8,20,9,76,0,792,0,2,1,0,0
2005,6,8,21,9,76,0,801.5,0,2,1,0,0
2005,6,8,22,9,76,0,784.2,0,2,1,0,0
2005,6,8,23,9,76,0,714.6,0,2,1,0,0
2005,6,8,24,9,76,0,611.8,0,2,1,0,0
2005,6,8,1,9,77,180.3,29.8,0,1,1,0,180.3
2005,6,8,2,9,77,180.3,28.7,0,1,1,0,180.3
2005,6,8,3,9,77,180.3,26.6,0,1,1,0,180.3
2005,6,8,4,9,77,180.3,26.1,0,1,1,0,180.3
2005,6,8,5,9,77,180.3,26.4,0,1,1,0,180.3
2005,6,8,6,9,77,180.3,27.9,0,1,1,0,180.3
2005,6,8,7,9,77,180.3,32.9,0,1,1,0,180.3
2005,6,8,8,9,77,180.3,35.7,0,1,1,0,180.3
2005,6,8,9,9,77,180.3,36,0,1,1,0,180.3
2005,6,8,10,9,77,180.3,34.8,0,1,1,0,180.3
2005,6,8,11,9,77,180.3,33.2,0,1,1,0,180.3
2005,6,8,12,9,77,180.3,32.9,0,1,1,0,180.3
2005,6,8,13,9,77,180.3,31.7,0,1,1,0,180.3
2005,6,8,14,9,77,180.3,32.1,0,1,1,0,180.3
2005,6,8,15,9,77,180.3,31.6,0,1,1,0,180.3
2005,6,8,16,9,77,180.3,31.5,0,1,1,0,180.3
2005,6,8,17,9,77,180.3,30.7,0,1,1,0,180.3
2005,6,8,18,9,77,180.3,30.4,0,1,1,0,180.3
2005,6,8,19,9,77,180.3,30.8,0,1,1,0,180.3
2005,6,8,20,9,77,180.3,30.9,0,1,1,0,180.3
2005,6,8,21,9,77,180.3,30.2,0,1,1,0,180.3
2005,6,8,22,9,77,180.3,28.2,0,1,1,0,180.3
2005,6,8,23,9,77,180.3,26.6,0,1,1,0,180.3
2005,6,8,24,9,77,180.3,27.4,0,1,1,0,180.3
2005,6,8,1,1,78,16.65,200,0,1,0,0,16.65
2005,6,8,1,1,78,23.05,138,0,1,0,0,23.05
2005,6,8,1,1,78,24.05,138,0,1,0,0,24.05
2005,6,8,1,1,78,26.03,138,0,1,0,0,26.03
2005,6,8,2,1,78,16.65,200,0,1,0,0,16.65
2005,6,8,2,1,78,23.05,138,0,1,0,0,23.05
2005,6,8,2,1,78,24.05,138,0,1,0,0,24.05
2005,6,8,2,1,78,26.03,138,0,1,0,0,26.03
2005,6,8,3,1,78,16.65,200,0,1,0,0,16.65
2005,6,8,3,1,78,23.05,138,0,1,0,0,23.05
2005,6,8,3,1,78,24.05,138,0,1,0,0,24.05
2005,6,8,3,1,78,26.03,138,0,1,0,0,26.03
2005,6,8,4,1,78,16.65,200,0,1,0,0,16.65
2005,6,8,4,1,78,23.05,138,0,1,0,0,23.05
2005,6,8,4,1,78,24.05,138,0,1,0,0,24.05
2005,6,8,4,1,78,26.03,138,0,1,0,0,26.03
2005,6,8,5,1,78,16.65,200,0,1,0,0,16.65
2005,6,8,5,1,78,23.05,138,0,1,0,0,23.05
2005,6,8,5,1,78,24.05,138,0,1,0,0,24.05
2005,6,8,5,1,78,26.03,138,0,1,0,0,26.03
2005,6,8,6,1,78,16.65,200,0,1,0,0,16.65
2005,6,8,6,1,78,23.05,138,0,1,0,0,23.05
2005,6,8,6,1,78,24.05,138,0,1,0,0,24.05
2005,6,8,6,1,78,26.03,138,0,1,0,0,26.03
2005,6,8,7,1,78,16.65,200,0,1,0,0,16.65
2005,6,8,7,1,78,23.05,138,0,1,0,0,23.05
2005,6,8,7,1,78,24.05,138,0,1,0,0,24.05
2005,6,8,7,1,78,26.03,138,0,1,0,0,26.03
2005,6,8,8,1,78,16.65,200,0,1,0,0,16.65
2005,6,8,8,1,78,23.05,138,0,1,0,0,23.05
2005,6,8,8,1,78,24.05,138,0,1,0,0,24.05
2005,6,8,8,1,78,26.03,138,0,1,0,0,26.03
2005,6,8,9,1,78,16.65,200,0,1,0,0,16.65
2005,6,8,9,1,78,23.05,138,0,1,0,0,23.05
2005,6,8,9,1,78,24.05,138,0,1,0,0,24.05
2005,6,8,9,1,78,26.03,138,0,1,0,0,26.03
2005,6,8,10,1,78,16.65,200,0,1,0,0,16.65
2005,6,8,10,1,78,23.05,138,0,1,0,0,23.05
2005,6,8,10,1,78,24.05,138,0,1,0,0,24.05
2005,6,8,10,1,78,26.03,138,0,1,0,0,26.03
2005,6,8,11,1,78,16.65,200,0,1,0,0,16.65
2005,6,8,11,1,78,23.05,138,0,1,0,0,23.05
2005,6,8,11,1,78,24.05,138,0,1,0,0,24.05
2005,6,8,11,1,78,26.03,138,0,1,0,0,26.03
2005,6,8,12,1,78,16.65,200,0,1,0,0,16.65
2005,6,8,12,1,78,23.05,138,0,1,0,0,23.05
2005,6,8,12,1,78,24.05,138,0,1,0,0,24.05
2005,6,8,12,1,78,26.03,138,0,1,0,0,26.03
2005,6,8,13,1,78,16.65,200,0,1,0,0,16.65
2005,6,8,13,1,78,23.05,138,0,1,0,0,23.05
2005,6,8,13,1,78,24.05,138,0,1,0,0,24.05
2005,6,8,13,1,78,26.03,138,0,1,0,0,26.03
2005,6,8,14,1,78,16.65,200,0,1,0,0,16.65
2005,6,8,14,1,78,23.05,138,0,1,0,0,23.05
2005,6,8,14,1,78,24.05,138,0,1,0,0,24.05
2005,6,8,14,1,78,26.03,138,0,1,0,0,26.03
2005,6,8,15,1,78,16.65,200,0,1,0,0,16.65
2005,6,8,15,1,78,23.05,138,0,1,0,0,23.05
2005,6,8,15,1,78,24.05,138,0,1,0,0,24.05
2005,6,8,15,1,78,26.03,138,0,1,0,0,26.03
2005,6,8,16,1,78,16.65,200,0,1,0,0,16.65
2005,6,8,16,1,78,23.05,138,0,1,0,0,23.05
2005,6,8,16,1,78,24.05,138,0,1,0,0,24.05
2005,6,8,16,1,78,26.03,138,0,1,0,0,26.03
2005,6,8,17,1,78,16.65,200,0,1,0,0,16.65
2005,6,8,17,1,78,23.05,138,0,1,0,0,23.05
2005,6,8,17,1,78,24.05,138,0,1,0,0,24.05
2005,6,8,17,1,78,26.03,138,0,1,0,0,26.03
2005,6,8,18,1,78,16.65,200,0,1,0,0,16.65
2005,6,8,18,1,78,23.05,138,0,1,0,0,23.05
2005,6,8,18,1,78,24.05,138,0,1,0,0,24.05
2005,6,8,18,1,78,26.03,138,0,1,0,0,26.03
2005,6,8,19,1,78,16.65,200,0,1,0,0,16.65
2005,6,8,19,1,78,23.05,138,0,1,0,0,23.05
2005,6,8,19,1,78,24.05,138,0,1,0,0,24.05
2005,6,8,19,1,78,26.03,138,0,1,0,0,26.03
2005,6,8,20,1,78,16.65,200,0,1,0,0,16.65
2005,6,8,20,1,78,23.05,138,0,1,0,0,23.05
2005,6,8,20,1,78,24.05,138,0,1,0,0,24.05
2005,6,8,20,1,78,26.03,138,0,1,0,0,26.03
2005,6,8,21,1,78,16.65,200,0,1,0,0,16.65
2005,6,8,21,1,78,23.05,138,0,1,0,0,23.05
2005,6,8,21,1,78,24.05,138,0,1,0,0,24.05
2005,6,8,21,1,78,26.03,138,0,1,0,0,26.03
2005,6,8,22,1,78,16.65,200,0,1,0,0,16.65
2005,6,8,22,1,78,23.05,138,0,1,0,0,23.05
2005,6,8,22,1,78,24.05,138,0,1,0,0,24.05
2005,6,8,22,1,78,26.03,138,0,1,0,0,26.03
2005,6,8,23,1,78,16.65,200,0,1,0,0,16.65
2005,6,8,23,1,78,23.05,138,0,1,0,0,23.05
2005,6,8,23,1,78,24.05,138,0,1,0,0,24.05
2005,6,8,23,1,78,26.03,138,0,1,0,0,26.03
2005,6,8,24,1,78,16.65,200,0,1,0,0,16.65
2005,6,8,24,1,78,23.05,138,0,1,0,0,23.05
2005,6,8,24,1,78,24.05,138,0,1,0,0,24.05
2005,6,8,24,1,78,26.03,138,0,1,0,0,26.03
2005,6,8,1,1,79,0,191.3,0,2,1,0,0
2005,6,8,1,1,79,73.85,24,0,2,0,0,73.85
2005,6,8,1,1,79,75.53,24,0,2,0,0,75.53
2005,6,8,1,1,79,77.11,24,0,2,0,0,77.11
2005,6,8,1,1,79,78.6,91,0,2,0,0,78.6
2005,6,8,1,1,79,79.18,115,0,2,0,0,79.18
2005,6,8,1,1,79,81.67,115,0,2,0,0,81.67
2005,6,8,1,1,79,83.32,115,0,2,0,0,83.32
2005,6,8,1,1,79,90.68,55,0,2,0,0,90.68
2005,6,8,1,1,79,123.04,1500.3,0,2,0,0,123.04
2005,6,8,2,1,79,0,186.2,0,2,1,0,0
2005,6,8,2,1,79,73.85,24,0,2,0,0,73.85
2005,6,8,2,1,79,75.53,24,0,2,0,0,75.53
2005,6,8,2,1,79,77.11,24,0,2,0,0,77.11
2005,6,8,2,1,79,78.6,91,0,2,0,0,78.6
2005,6,8,2,1,79,79.18,115,0,2,0,0,79.18
2005,6,8,2,1,79,81.67,115,0,2,0,0,81.67
2005,6,8,2,1,79,83.32,115,0,2,0,0,83.32
2005,6,8,2,1,79,90.68,55,0,2,0,0,90.68
2005,6,8,2,1,79,123.04,1505.4,0,2,0,0,123.04
2005,6,8,3,1,79,0,186.3,0,2,1,0,0
2005,6,8,3,1,79,73.85,24,0,2,0,0,73.85
2005,6,8,3,1,79,75.53,24,0,2,0,0,75.53
2005,6,8,3,1,79,77.11,24,0,2,0,0,77.11
2005,6,8,3,1,79,78.6,91,0,2,0,0,78.6
2005,6,8,3,1,79,79.18,115,0,2,0,0,79.18
2005,6,8,3,1,79,81.67,115,0,2,0,0,81.67
2005,6,8,3,1,79,83.32,115,0,2,0,0,83.32
2005,6,8,3,1,79,90.68,55,0,2,0,0,90.68
2005,6,8,3,1,79,123.04,1505.3,0,2,0,0,123.04
2005,6,8,4,1,79,0,186.4,0,2,1,0,0
2005,6,8,4,1,79,73.85,24,0,2,0,0,73.85
2005,6,8,4,1,79,75.53,24,0,2,0,0,75.53
2005,6,8,4,1,79,77.11,24,0,2,0,0,77.11
2005,6,8,4,1,79,78.6,91,0,2,0,0,78.6
2005,6,8,4,1,79,79.18,115,0,2,0,0,79.18
2005,6,8,4,1,79,81.67,115,0,2,0,0,81.67
2005,6,8,4,1,79,83.32,115,0,2,0,0,83.32
2005,6,8,4,1,79,90.68,55,0,2,0,0,90.68
2005,6,8,4,1,79,123.04,1505.2,0,2,0,0,123.04
2005,6,8,5,1,79,0,189.9,0,2,1,0,0
2005,6,8,5,1,79,73.85,24,0,2,0,0,73.85
2005,6,8,5,1,79,75.53,24,0,2,0,0,75.53
2005,6,8,5,1,79,77.11,24,0,2,0,0,77.11
2005,6,8,5,1,79,78.6,91,0,2,0,0,78.6
2005,6,8,5,1,79,79.18,115,0,2,0,0,79.18
2005,6,8,5,1,79,81.67,115,0,2,0,0,81.67
2005,6,8,5,1,79,83.32,115,0,2,0,0,83.32
2005,6,8,5,1,79,90.68,55,0,2,0,0,90.68
2005,6,8,5,1,79,123.04,1501.7,0,2,0,0,123.04
2005,6,8,6,1,79,0,190,0,2,1,0,0
2005,6,8,6,1,79,73.85,24,0,2,0,0,73.85
2005,6,8,6,1,79,75.53,24,0,2,0,0,75.53
2005,6,8,6,1,79,77.11,24,0,2,0,0,77.11
2005,6,8,6,1,79,78.6,91,0,2,0,0,78.6
2005,6,8,6,1,79,79.18,115,0,2,0,0,79.18
2005,6,8,6,1,79,81.67,115,0,2,0,0,81.67
2005,6,8,6,1,79,83.32,115,0,2,0,0,83.32
2005,6,8,6,1,79,90.68,55,0,2,0,0,90.68
2005,6,8,6,1,79,123.04,1501.6,0,2,0,0,123.04
2005,6,8,7,1,79,0,189.8,0,2,1,0,0
2005,6,8,7,1,79,73.85,24,0,2,0,0,73.85
2005,6,8,7,1,79,75.53,24,0,2,0,0,75.53
2005,6,8,7,1,79,77.11,24,0,2,0,0,77.11
2005,6,8,7,1,79,78.6,91,0,2,0,0,78.6
2005,6,8,7,1,79,79.18,115,0,2,0,0,79.18
2005,6,8,7,1,79,81.67,115,0,2,0,0,81.67
2005,6,8,7,1,79,83.32,115,0,2,0,0,83.32
2005,6,8,7,1,79,90.68,55,0,2,0,0,90.68
2005,6,8,7,1,79,123.04,1501.8,0,2,0,0,123.04
2005,6,8,8,1,79,0,194.8,0,2,1,0,0
2005,6,8,8,1,79,73.85,24,0,2,0,0,73.85
2005,6,8,8,1,79,75.53,24,0,2,0,0,75.53
2005,6,8,8,1,79,77.11,24,0,2,0,0,77.11
2005,6,8,8,1,79,78.6,91,0,2,0,0,78.6
2005,6,8,8,1,79,79.18,115,0,2,0,0,79.18
2005,6,8,8,1,79,81.67,115,0,2,0,0,81.67
2005,6,8,8,1,79,83.32,115,0,2,0,0,83.32
2005,6,8,8,1,79,90.68,55,0,2,0,0,90.68
2005,6,8,8,1,79,123.04,1496.8,0,2,0,0,123.04
2005,6,8,9,1,79,0,234.8,0,2,1,0,0
2005,6,8,9,1,79,73.85,24,0,2,0,0,73.85
2005,6,8,9,1,79,75.53,24,0,2,0,0,75.53
2005,6,8,9,1,79,77.11,24,0,2,0,0,77.11
2005,6,8,9,1,79,79.18,115,0,2,0,0,79.18
2005,6,8,9,1,79,81.67,115,0,2,0,0,81.67
2005,6,8,9,1,79,83.32,115,0,2,0,0,83.32
2005,6,8,9,1,79,90.68,55,0,2,0,0,90.68
2005,6,8,9,1,79,123.04,1547.8,0,2,0,0,123.04
2005,6,8,10,1,79,0,505.2,0,2,1,0,0
2005,6,8,10,1,79,73.85,24,0,2,1,0,73.85
2005,6,8,10,1,79,75.53,24,0,2,1,0,75.53
2005,6,8,10,1,79,77.11,24,0,2,1,0,77.11
2005,6,8,10,1,79,79.18,115,0,2,1,0,79.18
2005,6,8,10,1,79,81.67,115,0,2,1,0,81.67
2005,6,8,10,1,79,83.32,33.1,0,2,1,0,83.32
2005,6,8,10,1,79,90.68,55,0,2,0,0,90.68
2005,6,8,10,1,79,123.04,1277.4,0,2,0,0,123.04
2005,6,8,11,1,79,0,546.3,0,2,1,0,0
2005,6,8,11,1,79,73.87,24,0,2,1,0,73.87
2005,6,8,11,1,79,75.55,24,0,2,1,0,75.55
2005,6,8,11,1,79,77.13,24,0,2,1,0,77.13
2005,6,8,11,1,79,79.2,115,0,2,1,0,79.2
2005,6,8,11,1,79,81.67,115,0,2,1,0,81.67
2005,6,8,11,1,79,83.34,115,0,2,1,0,83.34
2005,6,8,11,1,79,123.04,1291.3,0,2,0,0,123.04
2005,6,8,12,1,79,0,585.4,0,2,1,0,0
2005,6,8,12,1,79,73.87,24,0,2,1,0,73.87
2005,6,8,12,1,79,75.55,24,0,2,1,0,75.55
2005,6,8,12,1,79,77.13,24,0,2,1,0,77.13
2005,6,8,12,1,79,79.2,115,0,2,1,0,79.2
2005,6,8,12,1,79,81.67,115,0,2,1,0,81.67
2005,6,8,12,1,79,83.34,115,0,2,1,0,83.34
2005,6,8,12,1,79,123.04,1252.2,0,2,0,0,123.04
2005,6,8,13,1,79,0,621.4,0,2,1,0,0
2005,6,8,13,1,79,73.87,24,0,2,1,0,73.87
2005,6,8,13,1,79,75.55,24,0,2,1,0,75.55
2005,6,8,13,1,79,77.13,24,0,2,1,0,77.13
2005,6,8,13,1,79,79.2,115,0,2,1,0,79.2
2005,6,8,13,1,79,81.67,115,0,2,1,0,81.67
2005,6,8,13,1,79,83.34,115,0,2,1,0,83.34
2005,6,8,13,1,79,123.04,1216.2,0,2,0,0,123.04
2005,6,8,14,1,79,0,585.4,0,2,1,0,0
2005,6,8,14,1,79,73.87,24,0,2,1,0,73.87
2005,6,8,14,1,79,75.55,24,0,2,1,0,75.55
2005,6,8,14,1,79,77.13,24,0,2,1,0,77.13
2005,6,8,14,1,79,79.2,115,0,2,1,0,79.2
2005,6,8,14,1,79,81.67,115,0,2,1,0,81.67
2005,6,8,14,1,79,83.34,115,0,2,1,0,83.34
2005,6,8,14,1,79,123.04,1252.2,0,2,0,0,123.04
2005,6,8,15,1,79,0,585.4,0,2,1,0,0
2005,6,8,15,1,79,73.87,24,0,2,1,0,73.87
2005,6,8,15,1,79,75.55,24,0,2,1,0,75.55
2005,6,8,15,1,79,77.13,24,0,2,1,0,77.13
2005,6,8,15,1,79,79.2,115,0,2,1,0,79.2
2005,6,8,15,1,79,81.67,115,0,2,1,0,81.67
2005,6,8,15,1,79,83.34,115,0,2,1,0,83.34
2005,6,8,15,1,79,123.04,1252.2,0,2,0,0,123.04
2005,6,8,16,1,79,0,585.4,0,2,1,0,0
2005,6,8,16,1,79,73.87,24,0,2,1,0,73.87
2005,6,8,16,1,79,75.55,24,0,2,1,0,75.55
2005,6,8,16,1,79,77.13,24,0,2,1,0,77.13
2005,6,8,16,1,79,79.2,115,0,2,1,0,79.2
2005,6,8,16,1,79,81.67,115,0,2,1,0,81.67
2005,6,8,16,1,79,83.34,115,0,2,1,0,83.34
2005,6,8,16,1,79,123.04,1252.2,0,2,0,0,123.04
2005,6,8,17,1,79,0,585.4,0,2,1,0,0
2005,6,8,17,1,79,73.87,24,0,2,1,0,73.87
2005,6,8,17,1,79,75.55,24,0,2,1,0,75.55
2005,6,8,17,1,79,77.13,24,0,2,1,0,77.13
2005,6,8,17,1,79,79.2,115,0,2,1,0,79.2
2005,6,8,17,1,79,81.67,115,0,2,1,0,81.67
2005,6,8,17,1,79,83.34,115,0,2,1,0,83.34
2005,6,8,17,1,79,123.04,1252.2,0,2,0,0,123.04
2005,6,8,18,1,79,0,585.4,0,2,1,0,0
2005,6,8,18,1,79,73.87,24,0,2,1,0,73.87
2005,6,8,18,1,79,75.55,24,0,2,1,0,75.55
2005,6,8,18,1,79,77.13,24,0,2,1,0,77.13
2005,6,8,18,1,79,79.2,115,0,2,1,0,79.2
2005,6,8,18,1,79,81.67,115,0,2,1,0,81.67
2005,6,8,18,1,79,83.34,115,0,2,1,0,83.34
2005,6,8,18,1,79,123.04,1252.2,0,2,0,0,123.04
2005,6,8,19,1,79,0,546.4,0,2,1,0,0
2005,6,8,19,1,79,73.87,24,0,2,1,0,73.87
2005,6,8,19,1,79,75.55,24,0,2,1,0,75.55
2005,6,8,19,1,79,77.13,24,0,2,1,0,77.13
2005,6,8,19,1,79,79.2,115,0,2,1,0,79.2
2005,6,8,19,1,79,81.67,115,0,2,1,0,81.67
2005,6,8,19,1,79,83.34,115,0,2,1,0,83.34
2005,6,8,19,1,79,123.04,1291.2,0,2,0,0,123.04
2005,6,8,20,1,79,0,423.4,0,2,1,0,0
2005,6,8,20,1,79,73.85,24,0,2,1,0,73.85
2005,6,8,20,1,79,75.53,24,0,2,1,0,75.53
2005,6,8,20,1,79,77.11,24,0,2,1,0,77.11
2005,6,8,20,1,79,79.18,115,0,2,1,0,79.18
2005,6,8,20,1,79,81.67,115,0,2,0,0,81.67
2005,6,8,20,1,79,83.32,115,0,2,0,0,83.32
2005,6,8,20,1,79,90.68,55,0,2,0,0,90.68
2005,6,8,20,1,79,123.04,1359.2,0,2,0,0,123.04
2005,6,8,21,1,79,0,376.4,0,2,1,0,0
2005,6,8,21,1,79,73.85,24,0,2,0,0,73.85
2005,6,8,21,1,79,75.53,24,0,2,0,0,75.53
2005,6,8,21,1,79,77.11,24,0,2,0,0,77.11
2005,6,8,21,1,79,79.18,115,0,2,0,0,79.18
2005,6,8,21,1,79,81.67,115,0,2,0,0,81.67
2005,6,8,21,1,79,83.32,115,0,2,0,0,83.32
2005,6,8,21,1,79,90.68,55,0,2,0,0,90.68
2005,6,8,21,1,79,123.04,1406.2,0,2,0,0,123.04
2005,6,8,22,1,79,0,351.4,0,2,1,0,0
2005,6,8,22,1,79,73.85,24,0,2,0,0,73.85
2005,6,8,22,1,79,75.53,24,0,2,0,0,75.53
2005,6,8,22,1,79,77.11,24,0,2,0,0,77.11
2005,6,8,22,1,79,79.18,115,0,2,0,0,79.18
2005,6,8,22,1,79,81.67,115,0,2,0,0,81.67
2005,6,8,22,1,79,83.32,115,0,2,0,0,83.32
2005,6,8,22,1,79,90.68,55,0,2,0,0,90.68
2005,6,8,22,1,79,123.04,1431.2,0,2,0,0,123.04
2005,6,8,23,1,79,0,325.9,0,2,1,0,0
2005,6,8,23,1,79,73.85,24,0,2,0,0,73.85
2005,6,8,23,1,79,75.53,24,0,2,0,0,75.53
2005,6,8,23,1,79,77.11,24,0,2,0,0,77.11
2005,6,8,23,1,79,79.18,115,0,2,0,0,79.18
2005,6,8,23,1,79,81.67,115,0,2,0,0,81.67
2005,6,8,23,1,79,83.32,115,0,2,0,0,83.32
2005,6,8,23,1,79,90.68,55,0,2,0,0,90.68
2005,6,8,23,1,79,123.04,1456.7,0,2,0,0,123.04
2005,6,8,24,1,79,0,210.4,0,2,1,0,0
2005,6,8,24,1,79,73.85,24,0,2,0,0,73.85
2005,6,8,24,1,79,75.53,24,0,2,0,0,75.53
2005,6,8,24,1,79,77.11,24,0,2,0,0,77.11
2005,6,8,24,1,79,79.18,115,0,2,0,0,79.18
2005,6,8,24,1,79,81.67,115,0,2,0,0,81.67
2005,6,8,24,1,79,83.32,115,0,2,0,0,83.32
2005,6,8,24,1,79,90.68,55,0,2,0,0,90.68
2005,6,8,24,1,79,123.04,1572.2,0,2,0,0,123.04
2005,6,8,1,9,80,180.3,11.7,0,1,1,0,180.3
2005,6,8,2,9,80,180.3,10.9,0,1,1,0,180.3
2005,6,8,3,9,80,180.3,10.7,0,1,1,0,180.3
2005,6,8,4,9,80,180.3,10.6,0,1,1,0,180.3
2005,6,8,5,9,80,180.3,11,0,1,1,0,180.3
2005,6,8,6,9,80,180.3,10.8,0,1,1,0,180.3
2005,6,8,7,9,80,180.3,10.3,0,1,1,0,180.3
2005,6,8,8,9,80,180.3,10.4,0,1,1,0,180.3
2005,6,8,9,9,80,180.3,10,0,1,1,0,180.3
2005,6,8,10,9,80,180.3,10.9,0,1,1,0,180.3
2005,6,8,11,9,80,180.3,11.2,0,1,1,0,180.3
2005,6,8,12,9,80,180.3,11.6,0,1,1,0,180.3
2005,6,8,13,9,80,180.3,11.9,0,1,1,0,180.3
2005,6,8,14,9,80,180.3,11.9,0,1,1,0,180.3
2005,6,8,15,9,80,180.3,12,0,1,1,0,180.3
2005,6,8,16,9,80,180.3,11.8,0,1,1,0,180.3
2005,6,8,17,9,80,180.3,11.6,0,1,1,0,180.3
2005,6,8,18,9,80,180.3,11.2,0,1,1,0,180.3
2005,6,8,19,9,80,180.3,10.8,0,1,1,0,180.3
2005,6,8,20,9,80,180.3,10.8,0,1,1,0,180.3
2005,6,8,21,9,80,180.3,11.3,0,1,1,0,180.3
2005,6,8,22,9,80,180.3,12.1,0,1,1,0,180.3
2005,6,8,23,9,80,180.3,12.3,0,1,1,0,180.3
2005,6,8,24,9,80,180.3,11.2,0,1,1,0,180.3
2005,6,8,1,9,81,180,.2,0,1,1,0,180
2005,6,8,2,9,81,180,.2,0,1,1,0,180
2005,6,8,3,9,81,180,.2,0,1,1,0,180
2005,6,8,4,9,81,180,.2,0,1,1,0,180
2005,6,8,5,9,81,180,.2,0,1,1,0,180
2005,6,8,6,9,81,180,.2,0,1,1,0,180
2005,6,8,7,9,81,180,.4,0,1,1,0,180
2005,6,8,8,9,81,180,.4,0,1,1,0,180
2005,6,8,9,9,81,180,.5,0,1,1,0,180
2005,6,8,10,9,81,180,.5,0,1,1,0,180
2005,6,8,11,9,81,180,.5,0,1,1,0,180
2005,6,8,12,9,81,180,.5,0,1,1,0,180
2005,6,8,13,9,81,180,.5,0,1,1,0,180
2005,6,8,14,9,81,180,.5,0,1,1,0,180
2005,6,8,15,9,81,180,.5,0,1,1,0,180
2005,6,8,16,9,81,180,.5,0,1,1,0,180
2005,6,8,17,9,81,180,.5,0,1,1,0,180
2005,6,8,18,9,81,180,.6,0,1,1,0,180
2005,6,8,19,9,81,180,.6,0,1,1,0,180
2005,6,8,20,9,81,180,.6,0,1,1,0,180
2005,6,8,21,9,81,180,.6,0,1,1,0,180
2005,6,8,22,9,81,180,.4,0,1,1,0,180
2005,6,8,23,9,81,180,.4,0,1,1,0,180
2005,6,8,24,9,81,180,.3,0,1,1,0,180
2005,6,8,1,1,82,0,39.4,0,2,1,0,0
2005,6,8,1,1,82,124.33,92.6,0,2,0,0,124.33
2005,6,8,2,1,82,0,39.5,0,2,1,0,0
2005,6,8,2,1,82,124.33,92.5,0,2,0,0,124.33
2005,6,8,3,1,82,0,39.5,0,2,1,0,0
2005,6,8,3,1,82,124.33,92.5,0,2,0,0,124.33
2005,6,8,4,1,82,0,39.5,0,2,1,0,0
2005,6,8,4,1,82,124.33,92.5,0,2,0,0,124.33
2005,6,8,5,1,82,0,39.4,0,2,1,0,0
2005,6,8,5,1,82,124.33,92.6,0,2,0,0,124.33
2005,6,8,6,1,82,0,38.9,0,2,1,0,0
2005,6,8,6,1,82,124.33,93.1,0,2,0,0,124.33
2005,6,8,7,1,82,0,38.9,0,2,1,0,0
2005,6,8,7,1,82,124.33,93.1,0,2,0,0,124.33
2005,6,8,8,1,82,0,38.9,0,2,1,0,0
2005,6,8,8,1,82,124.33,93.1,0,2,0,0,124.33
2005,6,8,9,1,82,0,38.9,0,2,1,0,0
2005,6,8,9,1,82,124.33,93.1,0,2,0,0,124.33
2005,6,8,10,1,82,0,38.9,0,2,1,0,0
2005,6,8,10,1,82,124.33,93.1,0,2,0,0,124.33
2005,6,8,11,1,82,0,58.8,0,2,1,0,0
2005,6,8,11,1,82,124.33,73.2,0,2,0,0,124.33
2005,6,8,12,1,82,0,79.6,0,2,1,0,0
2005,6,8,12,1,82,124.33,52.4,0,2,0,0,124.33
2005,6,8,13,1,82,0,79.6,0,2,1,0,0
2005,6,8,13,1,82,124.33,52.4,0,2,0,0,124.33
2005,6,8,14,1,82,0,79.7,0,2,1,0,0
2005,6,8,14,1,82,124.33,52.3,0,2,0,0,124.33
2005,6,8,15,1,82,0,79.5,0,2,1,0,0
2005,6,8,15,1,82,124.33,52.5,0,2,0,0,124.33
2005,6,8,16,1,82,0,39.4,0,2,1,0,0
2005,6,8,16,1,82,124.33,92.6,0,2,0,0,124.33
2005,6,8,17,1,82,0,39.4,0,2,1,0,0
2005,6,8,17,1,82,124.33,92.6,0,2,0,0,124.33
2005,6,8,18,1,82,0,39.1,0,2,1,0,0
2005,6,8,18,1,82,124.33,92.9,0,2,0,0,124.33
2005,6,8,19,1,82,0,38.8,0,2,1,0,0
2005,6,8,19,1,82,124.33,93.2,0,2,0,0,124.33
2005,6,8,20,1,82,0,39.2,0,2,1,0,0
2005,6,8,20,1,82,124.33,92.8,0,2,0,0,124.33
2005,6,8,21,1,82,0,39.3,0,2,1,0,0
2005,6,8,21,1,82,124.33,92.7,0,2,0,0,124.33
2005,6,8,22,1,82,0,39.3,0,2,1,0,0
2005,6,8,22,1,82,124.33,92.7,0,2,0,0,124.33
2005,6,8,23,1,82,0,39.4,0,2,1,0,0
2005,6,8,23,1,82,124.33,92.6,0,2,0,0,124.33
2005,6,8,24,1,82,0,39.4,0,2,1,0,0
2005,6,8,24,1,82,124.33,92.6,0,2,0,0,124.33
2005,6,8,1,2,83,0,106.7,0,2,1,0,0
2005,6,8,1,2,83,67.51,17.5,0,2,0,0,67.51
2005,6,8,1,2,83,70.02,17.5,0,2,0,0,70.02
2005,6,8,1,2,83,72.53,17.5,0,2,0,0,72.53
2005,6,8,1,2,83,75.04,17.5,0,2,0,0,75.04
2005,6,8,2,2,83,0,103.7,0,2,1,0,0
2005,6,8,2,2,83,67.51,17.5,0,2,0,0,67.51
2005,6,8,2,2,83,70.02,17.5,0,2,0,0,70.02
2005,6,8,2,2,83,72.53,17.5,0,2,0,0,72.53
2005,6,8,2,2,83,75.04,17.5,0,2,0,0,75.04
2005,6,8,3,2,83,0,103.6,0,2,1,0,0
2005,6,8,3,2,83,67.51,17.5,0,2,0,0,67.51
2005,6,8,3,2,83,70.02,17.5,0,2,0,0,70.02
2005,6,8,3,2,83,72.53,17.5,0,2,0,0,72.53
2005,6,8,3,2,83,75.04,17.5,0,2,0,0,75.04
2005,6,8,4,2,83,0,103.6,0,2,1,0,0
2005,6,8,4,2,83,67.51,17.5,0,2,0,0,67.51
2005,6,8,4,2,83,70.02,17.5,0,2,0,0,70.02
2005,6,8,4,2,83,72.53,17.5,0,2,0,0,72.53
2005,6,8,4,2,83,75.04,17.5,0,2,0,0,75.04
2005,6,8,5,2,83,0,103.6,0,2,1,0,0
2005,6,8,5,2,83,67.51,17.5,0,2,0,0,67.51
2005,6,8,5,2,83,70.02,17.5,0,2,0,0,70.02
2005,6,8,5,2,83,72.53,17.5,0,2,0,0,72.53
2005,6,8,5,2,83,75.04,17.5,0,2,0,0,75.04
2005,6,8,6,2,83,0,103.6,0,2,1,0,0
2005,6,8,6,2,83,67.51,17.5,0,2,0,0,67.51
2005,6,8,6,2,83,70.02,17.5,0,2,0,0,70.02
2005,6,8,6,2,83,72.53,17.5,0,2,0,0,72.53
2005,6,8,6,2,83,75.04,17.5,0,2,0,0,75.04
2005,6,8,7,2,83,0,115.5,0,2,1,0,0
2005,6,8,7,2,83,67.51,17.5,0,2,0,0,67.51
2005,6,8,7,2,83,70.02,17.5,0,2,0,0,70.02
2005,6,8,7,2,83,72.53,17.5,0,2,0,0,72.53
2005,6,8,7,2,83,75.04,17.5,0,2,0,0,75.04
2005,6,8,8,2,83,0,115.5,0,2,1,0,0
2005,6,8,8,2,83,67.51,17.5,0,2,0,0,67.51
2005,6,8,8,2,83,70.02,17.5,0,2,0,0,70.02
2005,6,8,8,2,83,72.53,17.5,0,2,0,0,72.53
2005,6,8,8,2,83,75.04,17.5,0,2,0,0,75.04
2005,6,8,9,2,83,0,115.5,0,2,1,0,0
2005,6,8,9,2,83,67.51,17.5,0,2,1,0,67.51
2005,6,8,9,2,83,70.02,17.5,0,2,0,0,70.02
2005,6,8,9,2,83,72.53,17.5,0,2,0,0,72.53
2005,6,8,9,2,83,75.04,17.5,0,2,0,0,75.04
2005,6,8,10,2,83,0,155.6,0,2,1,0,0
2005,6,8,10,2,83,67.51,8.8,0,2,1,0,67.51
2005,6,8,10,2,83,70.02,8.8,0,2,1,0,70.02
2005,6,8,10,2,83,72.53,8.8,0,2,1,0,72.53
2005,6,8,10,2,83,75.04,8.8,0,2,1,0,75.04
2005,6,8,11,2,83,0,225.7,0,2,1,0,0
2005,6,8,12,2,83,0,225.7,0,2,1,0,0
2005,6,8,13,2,83,0,225.7,0,2,1,0,0
2005,6,8,14,2,83,0,225.7,0,2,1,0,0
2005,6,8,15,2,83,0,203.4,0,2,1,0,0
2005,6,8,16,2,83,0,203.4,0,2,1,0,0
2005,6,8,17,2,83,0,203.4,0,2,1,0,0
2005,6,8,18,2,83,0,203.4,0,2,1,0,0
2005,6,8,19,2,83,0,203.4,0,2,1,0,0
2005,6,8,20,2,83,0,203.4,0,2,1,0,0
2005,6,8,21,2,83,0,155.4,0,2,1,0,0
2005,6,8,21,2,83,67.51,8.8,0,2,0,0,67.51
2005,6,8,21,2,83,70.02,8.8,0,2,0,0,70.02
2005,6,8,21,2,83,72.53,8.8,0,2,0,0,72.53
2005,6,8,21,2,83,75.04,8.8,0,2,0,0,75.04
2005,6,8,22,2,83,0,140.4,0,2,1,0,0
2005,6,8,22,2,83,67.51,8.8,0,2,1,0,67.51
2005,6,8,22,2,83,70.02,8.8,0,2,0,0,70.02
2005,6,8,22,2,83,72.53,8.8,0,2,0,0,72.53
2005,6,8,22,2,83,75.04,8.8,0,2,0,0,75.04
2005,6,8,23,2,83,0,118.4,0,2,1,0,0
2005,6,8,23,2,83,67.51,17.5,0,2,1,0,67.51
2005,6,8,23,2,83,70.02,17.5,0,2,0,0,70.02
2005,6,8,23,2,83,72.53,17.5,0,2,0,0,72.53
2005,6,8,23,2,83,75.04,17.5,0,2,0,0,75.04
2005,6,8,24,2,83,0,118.4,0,2,1,0,0
2005,6,8,24,2,83,67.51,17.5,0,2,0,0,67.51
2005,6,8,24,2,83,70.02,17.5,0,2,0,0,70.02
2005,6,8,24,2,83,72.53,17.5,0,2,0,0,72.53
2005,6,8,24,2,83,75.04,17.5,0,2,0,0,75.04
2005,6,8,1,2,84,0,552.5,0,2,1,0,0
2005,6,8,1,2,84,67.51,16.5,0,2,0,0,67.51
2005,6,8,1,2,84,70.02,16.5,0,2,0,0,70.02
2005,6,8,1,2,84,72.53,16.5,0,2,0,0,72.53
2005,6,8,1,2,84,75.04,16.5,0,2,0,0,75.04
2005,6,8,2,2,84,0,538.1,0,2,1,0,0
2005,6,8,2,2,84,67.51,16.5,0,2,0,0,67.51
2005,6,8,2,2,84,70.02,16.5,0,2,0,0,70.02
2005,6,8,2,2,84,72.53,16.5,0,2,0,0,72.53
2005,6,8,2,2,84,75.04,16.5,0,2,0,0,75.04
2005,6,8,3,2,84,0,526.7,0,2,1,0,0
2005,6,8,3,2,84,67.51,16.5,0,2,0,0,67.51
2005,6,8,3,2,84,70.02,16.5,0,2,0,0,70.02
2005,6,8,3,2,84,72.53,16.5,0,2,0,0,72.53
2005,6,8,3,2,84,75.04,16.5,0,2,0,0,75.04
2005,6,8,4,2,84,0,520.7,0,2,1,0,0
2005,6,8,4,2,84,67.51,16.5,0,2,0,0,67.51
2005,6,8,4,2,84,70.02,16.5,0,2,0,0,70.02
2005,6,8,4,2,84,72.53,16.5,0,2,0,0,72.53
2005,6,8,4,2,84,75.04,16.5,0,2,0,0,75.04
2005,6,8,5,2,84,0,518.8,0,2,1,0,0
2005,6,8,5,2,84,67.51,16.5,0,2,0,0,67.51
2005,6,8,5,2,84,70.02,16.5,0,2,0,0,70.02
2005,6,8,5,2,84,72.53,16.5,0,2,0,0,72.53
2005,6,8,5,2,84,75.04,16.5,0,2,0,0,75.04
2005,6,8,6,2,84,0,514.5,0,2,1,0,0
2005,6,8,6,2,84,67.51,16.5,0,2,0,0,67.51
2005,6,8,6,2,84,70.02,16.5,0,2,0,0,70.02
2005,6,8,6,2,84,72.53,16.5,0,2,0,0,72.53
2005,6,8,6,2,84,75.04,16.5,0,2,0,0,75.04
2005,6,8,7,2,84,0,535.4,0,2,1,0,0
2005,6,8,7,2,84,67.51,16.5,0,2,0,0,67.51
2005,6,8,7,2,84,70.02,16.5,0,2,0,0,70.02
2005,6,8,7,2,84,72.53,16.5,0,2,0,0,72.53
2005,6,8,7,2,84,75.04,16.5,0,2,0,0,75.04
2005,6,8,8,2,84,0,621.1,0,2,1,0,0
2005,6,8,9,2,84,0,700,0,2,1,0,0
2005,6,8,10,2,84,0,723.2,0,2,1,0,0
2005,6,8,11,2,84,0,890.3,0,2,1,0,0
2005,6,8,12,2,84,0,891.5,0,2,1,0,0
2005,6,8,13,2,84,0,917.9,0,2,1,0,0
2005,6,8,14,2,84,0,926.6,0,2,1,0,0
2005,6,8,15,2,84,0,881,0,2,1,0,0
2005,6,8,16,2,84,0,883.2,0,2,1,0,0
2005,6,8,17,2,84,0,933.1,0,2,1,0,0
2005,6,8,18,2,84,0,910,0,2,1,0,0
2005,6,8,19,2,84,0,893.3,0,2,1,0,0
2005,6,8,20,2,84,0,820.5,0,2,1,0,0
2005,6,8,21,2,84,0,803.2,0,2,1,0,0
2005,6,8,22,2,84,0,704.3,0,2,1,0,0
2005,6,8,23,2,84,0,653.1,0,2,1,0,0
2005,6,8,23,2,84,67.51,22.5,0,2,1,0,67.51
2005,6,8,23,2,84,70.02,22.5,0,2,0,0,70.02
2005,6,8,23,2,84,72.53,22.5,0,2,0,0,72.53
2005,6,8,23,2,84,75.04,22.5,0,2,0,0,75.04
2005,6,8,24,2,84,0,641.9,0,2,1,0,0
2005,6,8,24,2,84,67.51,22.5,0,2,0,0,67.51
2005,6,8,24,2,84,70.02,22.5,0,2,0,0,70.02
2005,6,8,24,2,84,72.53,22.5,0,2,0,0,72.53
2005,6,8,24,2,84,75.04,22.5,0,2,0,0,75.04
2005,6,8,1,6,1050,0,71,.955796,2,1,0,0
2005,6,8,1,6,1050,26.64,71,.955796,2,1,0,41.576826
2005,6,8,2,6,1050,0,71,.955796,2,1,0,0
2005,6,8,2,6,1050,26.64,71,.955796,2,1,0,41.576826
2005,6,8,3,6,1050,0,71,.955796,2,1,0,0
2005,6,8,3,6,1050,26.64,71,.955796,2,1,0,41.576826
2005,6,8,4,6,1050,0,71,.955796,2,1,0,0
2005,6,8,4,6,1050,26.64,71,.955796,2,1,0,41.576826
2005,6,8,5,6,1050,0,71,.955796,2,1,0,0
2005,6,8,5,6,1050,26.64,71,.955796,2,1,0,41.576826
2005,6,8,6,6,1050,0,71,.955796,2,1,0,0
2005,6,8,6,6,1050,26.64,71,.955796,2,1,0,41.576826
2005,6,8,7,6,1050,0,71,.955796,2,1,0,0
2005,6,8,7,6,1050,26.64,71,.955796,2,1,0,41.576826
2005,6,8,8,6,1050,0,71,.955796,2,1,0,0
2005,6,8,8,6,1050,26.64,71,.955796,2,1,0,41.576826
2005,6,8,9,6,1050,0,142,.955796,2,1,0,0
2005,6,8,10,6,1050,0,142,.955796,2,1,0,0
2005,6,8,11,6,1050,0,142,.955796,2,1,0,0
2005,6,8,12,6,1050,0,142,.955796,2,1,0,0
2005,6,8,13,6,1050,0,125,.955796,2,1,0,0
2005,6,8,13,6,1050,150,17,.955796,2,0,0,150
2005,6,8,14,6,1050,0,125,.955796,2,1,0,0
2005,6,8,14,6,1050,150,17,.955796,2,0,0,150
2005,6,8,15,6,1050,0,125,.955796,2,1,0,0
2005,6,8,15,6,1050,150,17,.955796,2,0,0,150
2005,6,8,16,6,1050,0,125,.955796,2,1,0,0
2005,6,8,16,6,1050,150,17,.955796,2,0,0,150
2005,6,8,17,6,1050,0,125,.955796,2,1,0,0
2005,6,8,17,6,1050,150,17,.955796,2,0,0,150
2005,6,8,18,6,1050,0,125,.955796,2,1,0,0
2005,6,8,18,6,1050,150,17,.955796,2,0,0,150
2005,6,8,19,6,1050,0,125,.955796,2,1,0,0
2005,6,8,19,6,1050,150,17,.955796,2,0,0,150
2005,6,8,20,6,1050,0,125,.955796,2,1,0,0
2005,6,8,20,6,1050,150,17,.955796,2,0,0,150
2005,6,8,21,6,1050,0,125,.955796,2,1,0,0
2005,6,8,21,6,1050,150,17,.955796,2,0,0,150
2005,6,8,22,6,1050,0,142,.955796,2,1,0,0
2005,6,8,23,6,1050,0,142,.955796,2,1,0,0
2005,6,8,24,6,1050,0,142,.955796,2,1,0,0
2005,6,8,1,9,86,0,14.6,0,2,1,0,0
2005,6,8,2,9,86,0,14.7,0,2,1,0,0
2005,6,8,3,9,86,0,14.7,0,2,1,0,0
2005,6,8,4,9,86,0,14.8,0,2,1,0,0
2005,6,8,5,9,86,0,14.9,0,2,1,0,0
2005,6,8,6,9,86,0,14.9,0,2,1,0,0
2005,6,8,7,9,86,0,14.7,0,2,1,0,0
2005,6,8,8,9,86,0,14.6,0,2,1,0,0
2005,6,8,9,9,86,0,14.5,0,2,1,0,0
2005,6,8,10,9,86,0,14.4,0,2,1,0,0
2005,6,8,11,9,86,0,14.3,0,2,1,0,0
2005,6,8,12,9,86,0,14.2,0,2,1,0,0
2005,6,8,13,9,86,0,14.2,0,2,1,0,0
2005,6,8,14,9,86,0,14.1,0,2,1,0,0
2005,6,8,15,9,86,0,14.1,0,2,1,0,0
2005,6,8,16,9,86,0,14,0,2,1,0,0
2005,6,8,17,9,86,0,14,0,2,1,0,0
2005,6,8,18,9,86,0,14.1,0,2,1,0,0
2005,6,8,19,9,86,0,14.2,0,2,1,0,0
2005,6,8,20,9,86,0,14.2,0,2,1,0,0
2005,6,8,21,9,86,0,14.3,0,2,1,0,0
2005,6,8,22,9,86,0,14.4,0,2,1,0,0
2005,6,8,23,9,86,0,14.5,0,2,1,0,0
2005,6,8,24,9,86,0,14.6,0,2,1,0,0
2005,6,8,1,6,1051,108.5,37,1.3035,2,0,0,46.843822
2005,6,8,1,6,1051,113.5,3,1.3035,2,0,0,46.843822
2005,6,8,1,6,1051,150,25,1.3035,2,0,0,150
2005,6,8,2,6,1051,108.5,37,1.3035,2,0,0,46.843822
2005,6,8,2,6,1051,113.5,3,1.3035,2,0,0,46.843822
2005,6,8,2,6,1051,150,25,1.3035,2,0,0,150
2005,6,8,3,6,1051,108.5,37,1.3035,2,0,0,46.843822
2005,6,8,3,6,1051,113.5,3,1.3035,2,0,0,46.843822
2005,6,8,3,6,1051,150,25,1.3035,2,0,0,150
2005,6,8,4,6,1051,108.5,37,1.3035,2,0,0,46.843822
2005,6,8,4,6,1051,113.5,3,1.3035,2,0,0,46.843822
2005,6,8,4,6,1051,150,25,1.3035,2,0,0,150
2005,6,8,5,6,1051,108.5,37,1.3035,2,0,0,46.843822
2005,6,8,5,6,1051,113.5,3,1.3035,2,0,0,46.843822
2005,6,8,5,6,1051,150,25,1.3035,2,0,0,150
2005,6,8,6,6,1051,108.5,37,1.3035,2,0,0,46.843822
2005,6,8,6,6,1051,113.5,3,1.3035,2,0,0,46.843822
2005,6,8,6,6,1051,150,25,1.3035,2,0,0,150
2005,6,8,7,6,1051,108.5,37,1.3035,2,0,0,46.843822
2005,6,8,7,6,1051,113.5,3,1.3035,2,0,0,46.843822
2005,6,8,7,6,1051,150,25,1.3035,2,0,0,150
2005,6,8,8,6,1051,108.5,37,1.3035,2,0,0,46.843822
2005,6,8,8,6,1051,113.5,3,1.3035,2,0,0,46.843822
2005,6,8,8,6,1051,150,25,1.3035,2,0,0,150
2005,6,8,9,6,1051,108.5,37,1.3035,2,0,0,46.843822
2005,6,8,9,6,1051,113.5,3,1.3035,2,0,0,46.843822
2005,6,8,9,6,1051,150,25,1.3035,2,0,0,150
2005,6,8,10,6,1051,108.5,37,1.3035,2,0,0,46.843822
2005,6,8,10,6,1051,113.5,3,1.3035,2,0,0,46.843822
2005,6,8,10,6,1051,150,25,1.3035,2,0,0,150
2005,6,8,11,6,1051,108.5,37,1.3035,2,0,0,46.843822
2005,6,8,11,6,1051,113.5,3,1.3035,2,0,0,46.843822
2005,6,8,11,6,1051,150,25,1.3035,2,0,0,150
2005,6,8,12,6,1051,108.5,37,1.3035,2,0,0,46.843822
2005,6,8,12,6,1051,113.5,3,1.3035,2,0,0,46.843822
2005,6,8,12,6,1051,150,25,1.3035,2,0,0,150
2005,6,8,13,6,1051,108.5,37,1.3035,2,0,0,46.843822
2005,6,8,13,6,1051,113.5,3,1.3035,2,0,0,46.843822
2005,6,8,13,6,1051,150,25,1.3035,2,0,0,150
2005,6,8,14,6,1051,108.5,37,1.3035,2,0,0,46.843822
2005,6,8,14,6,1051,113.5,3,1.3035,2,0,0,46.843822
2005,6,8,14,6,1051,150,25,1.3035,2,0,0,150
2005,6,8,15,6,1051,108.5,37,1.3035,2,0,0,46.843822
2005,6,8,15,6,1051,113.5,3,1.3035,2,0,0,46.843822
2005,6,8,15,6,1051,150,25,1.3035,2,0,0,150
2005,6,8,16,6,1051,108.5,37,1.3035,2,0,0,46.843822
2005,6,8,16,6,1051,113.5,3,1.3035,2,0,0,46.843822
2005,6,8,16,6,1051,150,25,1.3035,2,0,0,150
2005,6,8,17,6,1051,108.5,37,1.3035,2,0,0,46.843822
2005,6,8,17,6,1051,113.5,3,1.3035,2,0,0,46.843822
2005,6,8,17,6,1051,150,25,1.3035,2,0,0,150
2005,6,8,18,6,1051,108.5,37,1.3035,2,0,0,46.843822
2005,6,8,18,6,1051,113.5,3,1.3035,2,0,0,46.843822
2005,6,8,18,6,1051,150,25,1.3035,2,0,0,150
2005,6,8,19,6,1051,108.5,37,1.3035,2,0,0,46.843822
2005,6,8,19,6,1051,113.5,3,1.3035,2,0,0,46.843822
2005,6,8,19,6,1051,150,25,1.3035,2,0,0,150
2005,6,8,20,6,1051,108.5,37,1.3035,2,0,0,46.843822
2005,6,8,20,6,1051,113.5,3,1.3035,2,0,0,46.843822
2005,6,8,20,6,1051,150,25,1.3035,2,0,0,150
2005,6,8,21,6,1051,108.5,37,1.3035,2,0,0,46.843822
2005,6,8,21,6,1051,113.5,3,1.3035,2,0,0,46.843822
2005,6,8,21,6,1051,150,25,1.3035,2,0,0,150
2005,6,8,22,6,1051,108.5,37,1.3035,2,0,0,46.843822
2005,6,8,22,6,1051,113.5,3,1.3035,2,0,0,46.843822
2005,6,8,22,6,1051,150,25,1.3035,2,0,0,150
2005,6,8,23,6,1051,108.5,37,1.3035,2,0,0,46.843822
2005,6,8,23,6,1051,113.5,3,1.3035,2,0,0,46.843822
2005,6,8,23,6,1051,150,25,1.3035,2,0,0,150
2005,6,8,24,6,1051,108.5,37,1.3035,2,0,0,46.843822
2005,6,8,24,6,1051,113.5,3,1.3035,2,0,0,46.843822
2005,6,8,24,6,1051,150,25,1.3035,2,0,0,150
2005,6,8,1,4,88,0,53.4,0,2,1,0,0
2005,6,8,2,4,88,0,44.1,0,2,1,0,0
2005,6,8,3,4,88,0,39.9,0,2,1,0,0
2005,6,8,4,4,88,0,35.7,0,2,1,0,0
2005,6,8,5,4,88,0,31.6,0,2,1,0,0
2005,6,8,6,4,88,0,27.5,0,2,1,0,0
2005,6,8,7,4,88,0,24.2,0,2,1,0,0
2005,6,8,8,4,88,0,21.6,0,2,1,0,0
2005,6,8,9,4,88,0,19.9,0,2,1,0,0
2005,6,8,10,4,88,0,19.4,0,2,1,0,0
2005,6,8,11,4,88,0,24,0,2,1,0,0
2005,6,8,12,4,88,0,24,0,2,1,0,0
2005,6,8,13,4,88,0,25.7,0,2,1,0,0
2005,6,8,14,4,88,0,29.3,0,2,1,0,0
2005,6,8,15,4,88,0,34.6,0,2,1,0,0
2005,6,8,16,4,88,0,41.7,0,2,1,0,0
2005,6,8,17,4,88,0,50.4,0,2,1,0,0
2005,6,8,18,4,88,0,60.8,0,2,1,0,0
2005,6,8,19,4,88,0,67.9,0,2,1,0,0
2005,6,8,20,4,88,0,71.6,0,2,1,0,0
2005,6,8,21,4,88,0,72.1,0,2,1,0,0
2005,6,8,22,4,88,0,69.2,0,2,1,0,0
2005,6,8,23,4,88,0,63,0,2,1,0,0
2005,6,8,24,4,88,0,53.5,0,2,1,0,0
2005,6,8,1,4,89,0,33.3,0,2,1,0,0
2005,6,8,2,4,89,0,31.2,0,2,1,0,0
2005,6,8,3,4,89,0,29.1,0,2,1,0,0
2005,6,8,4,4,89,0,27,0,2,1,0,0
2005,6,8,5,4,89,0,25,0,2,1,0,0
2005,6,8,6,4,89,0,23,0,2,1,0,0
2005,6,8,7,4,89,0,21.5,0,2,1,0,0
2005,6,8,8,4,89,0,20.4,0,2,1,0,0
2005,6,8,9,4,89,0,19.8,0,2,1,0,0
2005,6,8,10,4,89,0,19.7,0,2,1,0,0
2005,6,8,11,4,89,0,20,0,2,1,0,0
2005,6,8,12,4,89,0,20.7,0,2,1,0,0
2005,6,8,13,4,89,0,21.4,0,2,1,0,0
2005,6,8,14,4,89,0,22.1,0,2,1,0,0
2005,6,8,15,4,89,0,22.8,0,2,1,0,0
2005,6,8,16,4,89,0,23.5,0,2,1,0,0
2005,6,8,17,4,89,0,24.2,0,2,1,0,0
2005,6,8,18,4,89,0,24.9,0,2,1,0,0
2005,6,8,19,4,89,0,25.7,0,2,1,0,0
2005,6,8,20,4,89,0,26.7,0,2,1,0,0
2005,6,8,21,4,89,0,27.9,0,2,1,0,0
2005,6,8,22,4,89,0,29.2,0,2,1,0,0
2005,6,8,23,4,89,0,30.7,0,2,1,0,0
2005,6,8,24,4,89,0,32.3,0,2,1,0,0
2005,6,8,1,4,90,0,223.9,0,2,1,0,0
2005,6,8,2,4,90,0,202.6,0,2,1,0,0
2005,6,8,3,4,90,0,192.7,0,2,1,0,0
2005,6,8,4,4,90,0,185.3,0,2,1,0,0
2005,6,8,5,4,90,0,180.4,0,2,1,0,0
2005,6,8,6,4,90,0,177.8,0,2,1,0,0
2005,6,8,7,4,90,0,174.5,0,2,1,0,0
2005,6,8,8,4,90,0,170.3,0,2,1,0,0
2005,6,8,9,4,90,0,178.2,0,2,1,0,0
2005,6,8,10,4,90,0,176.4,0,2,1,0,0
2005,6,8,11,4,90,0,196.7,0,2,1,0,0
2005,6,8,12,4,90,0,189.1,0,2,1,0,0
2005,6,8,13,4,90,0,186.3,0,2,1,0,0
2005,6,8,14,4,90,0,188.1,0,2,1,0,0
2005,6,8,15,4,90,0,194.7,0,2,1,0,0
2005,6,8,16,4,90,0,206,0,2,1,0,0
2005,6,8,17,4,90,0,221.9,0,2,1,0,0
2005,6,8,18,4,90,0,242.6,0,2,1,0,0
2005,6,8,19,4,90,0,257.8,0,2,1,0,0
2005,6,8,20,4,90,0,240.4,0,2,1,0,0
2005,6,8,21,4,90,0,244.5,0,2,1,0,0
2005,6,8,22,4,90,0,243,0,2,1,0,0
2005,6,8,23,4,90,0,232,0,2,1,0,0
2005,6,8,24,4,90,0,219.5,0,2,1,0,0
2005,6,8,1,9,91,0,.1,0,1,0,0,0
2005,6,8,2,9,91,0,.1,0,1,0,0,0
2005,6,8,3,9,91,0,.1,0,1,0,0,0
2005,6,8,4,9,91,0,.1,0,1,0,0,0
2005,6,8,5,9,91,0,.1,0,1,0,0,0
2005,6,8,6,9,91,0,.1,0,1,0,0,0
2005,6,8,7,9,91,0,.1,0,1,0,0,0
2005,6,8,8,9,91,0,.1,0,1,0,0,0
2005,6,8,9,9,91,0,.1,0,1,0,0,0
2005,6,8,10,9,91,0,.1,0,1,0,0,0
2005,6,8,11,9,91,0,.1,0,1,0,0,0
2005,6,8,12,9,91,0,.1,0,1,0,0,0
2005,6,8,13,9,91,0,.1,0,1,0,0,0
2005,6,8,14,9,91,0,.1,0,1,0,0,0
2005,6,8,15,9,91,0,.1,0,1,0,0,0
2005,6,8,16,9,91,0,.1,0,1,0,0,0
2005,6,8,17,9,91,0,.1,0,1,0,0,0
2005,6,8,18,9,91,0,.1,0,1,0,0,0
2005,6,8,19,9,91,0,.1,0,1,0,0,0
2005,6,8,20,9,91,0,.1,0,1,0,0,0
2005,6,8,21,9,91,0,.1,0,1,0,0,0
2005,6,8,22,9,91,0,.1,0,1,0,0,0
2005,6,8,23,9,91,0,.1,0,1,0,0,0
2005,6,8,24,9,91,0,.1,0,1,0,0,0
2005,6,8,1,9,92,0,25,0,2,1,0,0
2005,6,8,2,9,92,0,50,0,2,1,0,0
2005,6,8,3,9,92,0,50,0,2,1,0,0
2005,6,8,4,9,92,0,50,0,2,1,0,0
2005,6,8,5,9,92,0,50,0,2,1,0,0
2005,6,8,6,9,92,0,50,0,2,1,0,0
2005,6,8,7,9,92,0,50,0,2,1,0,0
2005,6,8,9,9,92,0,50,0,2,1,0,0
2005,6,8,10,9,92,0,25,0,2,1,0,0
2005,6,8,11,9,92,0,25,0,2,1,0,0
2005,6,8,12,9,92,0,25,0,2,1,0,0
2005,6,8,13,9,92,0,25,0,2,1,0,0
2005,6,8,14,9,92,0,25,0,2,1,0,0
2005,6,8,15,9,92,0,25,0,2,1,0,0
2005,6,8,16,9,92,0,25,0,2,1,0,0
2005,6,8,17,9,92,0,25,0,2,1,0,0
2005,6,8,18,9,92,0,25,0,2,1,0,0
2005,6,8,19,9,92,0,25,0,2,1,0,0
2005,6,8,20,9,92,0,50,0,2,1,0,0
2005,6,8,21,9,92,0,50,0,2,1,0,0
2005,6,8,22,9,92,0,50,0,2,1,0,0
2005,6,8,23,9,92,0,50,0,2,1,0,0
2005,6,8,24,9,92,0,50,0,2,1,0,0
2005,6,8,1,3,93,0,.1,0,1,0,0,0
2005,6,8,2,3,93,0,.1,0,1,0,0,0
2005,6,8,3,3,93,0,.1,0,1,0,0,0
2005,6,8,4,3,93,0,.1,0,1,0,0,0
2005,6,8,5,3,93,0,.1,0,1,0,0,0
2005,6,8,6,3,93,0,.1,0,1,0,0,0
2005,6,8,7,3,93,0,.1,0,1,0,0,0
2005,6,8,8,3,93,0,.1,0,1,0,0,0
2005,6,8,9,3,93,0,.1,0,1,0,0,0
2005,6,8,10,3,93,0,.1,0,1,0,0,0
2005,6,8,11,3,93,0,.1,0,1,0,0,0
2005,6,8,12,3,93,0,.1,0,1,0,0,0
2005,6,8,13,3,93,0,.1,0,1,0,0,0
2005,6,8,14,3,93,0,.1,0,1,0,0,0
2005,6,8,15,3,93,0,.1,0,1,0,0,0
2005,6,8,16,3,93,0,.1,0,1,0,0,0
2005,6,8,17,3,93,0,.1,0,1,0,0,0
2005,6,8,18,3,93,0,.1,0,1,0,0,0
2005,6,8,19,3,93,0,.1,0,1,0,0,0
2005,6,8,20,3,93,0,.1,0,1,0,0,0
2005,6,8,21,3,93,0,.1,0,1,0,0,0
2005,6,8,22,3,93,0,.1,0,1,0,0,0
2005,6,8,23,3,93,0,.1,0,1,0,0,0
2005,6,8,24,3,93,0,.1,0,1,0,0,0
2005,6,8,1,9,94,180.3,109.5,0,1,1,0,180.3
2005,6,8,2,9,94,27.22,354.9,0,1,0,0,27.22
2005,6,8,3,9,94,27.22,354.9,0,1,0,0,27.22
2005,6,8,4,9,94,24.99,354.9,0,1,0,0,24.99
2005,6,8,5,9,94,25.17,354.9,0,1,0,0,25.17
2005,6,8,6,9,94,24.77,354.9,0,1,0,0,24.77
2005,6,8,7,9,94,23.62,354.9,0,1,0,0,23.62
2005,6,8,8,9,94,27.17,354.9,0,1,0,0,27.17
2005,6,8,9,9,94,53.45,356,0,1,0,0,53.45
2005,6,8,9,9,94,61.91,203.4,0,1,0,0,61.91
2005,6,8,10,9,94,53.27,356,0,1,0,0,53.27
2005,6,8,10,9,94,61.73,203.4,0,1,0,0,61.73
2005,6,8,11,9,94,61.87,203.4,0,1,0,0,61.87
2005,6,8,11,9,94,81.25,356,0,1,0,0,81.25
2005,6,8,12,9,94,62.35,203.4,0,1,0,0,62.35
2005,6,8,12,9,94,92.01,27,0,1,1,0,92.01
2005,6,8,13,9,94,62.02,203.4,0,1,0,0,62.02
2005,6,8,13,9,94,91.68,588.8,0,1,0,0,91.68
2005,6,8,14,9,94,60.89,356,0,1,0,0,60.89
2005,6,8,14,9,94,62.07,203.4,0,1,0,0,62.07
2005,6,8,15,9,94,53.83,356,0,1,0,0,53.83
2005,6,8,15,9,94,62.29,203.4,0,1,0,0,62.29
2005,6,8,16,9,94,53.86,356,0,1,0,0,53.86
2005,6,8,16,9,94,62.32,203.4,0,1,0,0,62.32
2005,6,8,17,9,94,53.94,356,0,1,0,0,53.94
2005,6,8,17,9,94,62.4,203.4,0,1,0,0,62.4
2005,6,8,18,9,94,53.69,356,0,1,0,0,53.69
2005,6,8,18,9,94,62.15,203.4,0,1,0,0,62.15
2005,6,8,19,9,94,53.42,356,0,1,0,0,53.42
2005,6,8,19,9,94,61.88,203.4,0,1,0,0,61.88
2005,6,8,20,9,94,53.29,356,0,1,0,0,53.29
2005,6,8,20,9,94,61.75,203.4,0,1,0,0,61.75
2005,6,8,21,9,94,53.54,356,0,1,0,0,53.54
2005,6,8,21,9,94,62,203.4,0,1,0,0,62
2005,6,8,22,9,94,53.7,356,0,1,0,0,53.7
2005,6,8,22,9,94,62.16,203.4,0,1,0,0,62.16
2005,6,8,23,9,94,53.81,356,0,1,0,0,53.81
2005,6,8,23,9,94,62.27,203.4,0,1,0,0,62.27
2005,6,8,24,9,94,53.69,356,0,1,1,0,53.69
2005,6,8,24,9,94,62.15,203.4,0,1,1,0,62.15
2005,6,8,1,9,95,24.75,60.8,0,1,0,0,24.75
2005,6,8,2,9,95,23.12,60.8,0,1,0,0,23.12
2005,6,8,3,9,95,22.05,60.8,0,1,0,0,22.05
2005,6,8,4,9,95,20.76,60.8,0,1,0,0,20.76
2005,6,8,5,9,95,9.76,60.8,0,1,0,0,9.76
2005,6,8,6,9,95,20.68,60.8,0,1,0,0,20.68
2005,6,8,7,9,95,27.72,60.8,0,1,0,0,27.72
2005,6,8,8,9,95,37.05,60.8,0,1,0,0,37.05
2005,6,8,9,9,95,37.67,61,0,1,0,0,37.67
2005,6,8,10,9,95,46.53,61,0,1,0,0,46.53
2005,6,8,11,9,95,54.2,61,0,1,0,0,54.2
2005,6,8,12,9,95,56.38,61,0,1,0,0,56.38
2005,6,8,13,9,95,59.04,61,0,1,0,0,59.04
2005,6,8,14,9,95,53.95,61,0,1,0,0,53.95
2005,6,8,15,9,95,51.97,61,0,1,0,0,51.97
2005,6,8,16,9,95,48.85,61,0,1,0,0,48.85
2005,6,8,17,9,95,44.11,61,0,1,0,0,44.11
2005,6,8,18,9,95,41.68,61,0,1,0,0,41.68
2005,6,8,19,9,95,40.54,61,0,1,0,0,40.54
2005,6,8,20,9,95,38.74,61,0,1,0,0,38.74
2005,6,8,21,9,95,38.64,61,0,1,0,0,38.64
2005,6,8,22,9,95,39.14,61,0,1,0,0,39.14
2005,6,8,23,9,95,40.36,61,0,1,0,0,40.36
2005,6,8,24,9,95,32.4,61,0,1,0,0,32.4
2005,6,8,1,9,96,180.3,.1,0,2,0,0,180.3
2005,6,8,2,9,96,180.3,.1,0,2,0,0,180.3
2005,6,8,3,9,96,180.3,.1,0,2,0,0,180.3
2005,6,8,4,9,96,180.3,.1,0,2,0,0,180.3
2005,6,8,5,9,96,180.3,.1,0,2,0,0,180.3
2005,6,8,6,9,96,180.3,.1,0,2,0,0,180.3
2005,6,8,7,9,96,180.3,.1,0,2,0,0,180.3
2005,6,8,8,9,96,180.3,.1,0,2,0,0,180.3
2005,6,8,9,9,96,180.3,.1,0,2,0,0,180.3
2005,6,8,10,9,96,180.3,.1,0,2,0,0,180.3
2005,6,8,11,9,96,180.3,.1,0,2,0,0,180.3
2005,6,8,12,9,96,180.3,.1,0,2,0,0,180.3
2005,6,8,13,9,96,180.3,.1,0,2,0,0,180.3
2005,6,8,14,9,96,180.3,.1,0,2,0,0,180.3
2005,6,8,15,9,96,180.3,.1,0,2,0,0,180.3
2005,6,8,16,9,96,180.3,.1,0,2,0,0,180.3
2005,6,8,17,9,96,180.3,.1,0,2,0,0,180.3
2005,6,8,18,9,96,180.3,.1,0,2,0,0,180.3
2005,6,8,19,9,96,180.3,.1,0,2,0,0,180.3
2005,6,8,20,9,96,180.3,.1,0,2,0,0,180.3
2005,6,8,21,9,96,180.3,.1,0,2,0,0,180.3
2005,6,8,22,9,96,180.3,.1,0,2,0,0,180.3
2005,6,8,23,9,96,180.3,.1,0,2,0,0,180.3
2005,6,8,24,9,96,180.3,.1,0,2,0,0,180.3
2005,6,8,1,9,97,180.3,245.4,0,1,1,0,180.3
2005,6,8,2,9,97,180.3,132.8,0,1,1,0,180.3
2005,6,8,3,9,97,180.3,154.1,0,1,1,0,180.3
2005,6,8,4,9,97,180.3,241.3,0,1,1,0,180.3
2005,6,8,5,9,97,180.3,295.1,0,1,1,0,180.3
2005,6,8,6,9,97,180.3,300.1,0,1,1,0,180.3
2005,6,8,7,9,97,180.3,325.5,0,1,1,0,180.3
2005,6,8,8,9,97,180.3,377.2,0,1,1,0,180.3
2005,6,8,9,9,97,180.3,265.4,0,1,1,0,180.3
2005,6,8,10,9,97,180.3,423.1,0,1,1,0,180.3
2005,6,8,11,9,97,180.3,467.8,0,1,1,0,180.3
2005,6,8,12,9,97,180.3,504.4,0,1,1,0,180.3
2005,6,8,13,9,97,180.3,506.5,0,1,1,0,180.3
2005,6,8,14,9,97,180.3,438.3,0,1,1,0,180.3
2005,6,8,15,9,97,180.3,497.3,0,1,1,0,180.3
2005,6,8,16,9,97,180.3,516.6,0,1,1,0,180.3
2005,6,8,17,9,97,180.3,499.3,0,1,1,0,180.3
2005,6,8,18,9,97,180.3,485.1,0,1,1,0,180.3
2005,6,8,19,9,97,180.3,440.4,0,1,1,0,180.3
2005,6,8,20,9,97,180.3,441.4,0,1,1,0,180.3
2005,6,8,21,9,97,180.3,379.3,0,1,1,0,180.3
2005,6,8,22,9,97,180.3,308.2,0,1,1,0,180.3
2005,6,8,23,9,97,180.3,277.6,0,1,1,0,180.3
2005,6,8,24,9,97,180.3,235.9,0,1,1,0,180.3
2005,6,8,1,9,98,180.3,.1,0,2,0,0,180.3
2005,6,8,2,9,98,180.3,.1,0,2,0,0,180.3
2005,6,8,3,9,98,180.3,.1,0,2,0,0,180.3
2005,6,8,4,9,98,180.3,.1,0,2,0,0,180.3
2005,6,8,5,9,98,180.3,.1,0,2,0,0,180.3
2005,6,8,6,9,98,180.3,.1,0,2,0,0,180.3
2005,6,8,7,9,98,180.3,.1,0,2,0,0,180.3
2005,6,8,8,9,98,180.3,.1,0,2,0,0,180.3
2005,6,8,9,9,98,180.3,.1,0,2,0,0,180.3
2005,6,8,10,9,98,180.3,.1,0,2,0,0,180.3
2005,6,8,11,9,98,180.3,.1,0,2,0,0,180.3
2005,6,8,12,9,98,180.3,.1,0,2,0,0,180.3
2005,6,8,13,9,98,180.3,.1,0,2,0,0,180.3
2005,6,8,14,9,98,180.3,.1,0,2,0,0,180.3
2005,6,8,15,9,98,180.3,.1,0,2,0,0,180.3
2005,6,8,16,9,98,180.3,.1,0,2,0,0,180.3
2005,6,8,17,9,98,180.3,.1,0,2,0,0,180.3
2005,6,8,18,9,98,180.3,.1,0,2,0,0,180.3
2005,6,8,19,9,98,180.3,.1,0,2,0,0,180.3
2005,6,8,20,9,98,180.3,.1,0,2,0,0,180.3
2005,6,8,21,9,98,180.3,.1,0,2,0,0,180.3
2005,6,8,22,9,98,180.3,.1,0,2,0,0,180.3
2005,6,8,23,9,98,180.3,.1,0,2,0,0,180.3
2005,6,8,24,9,98,180.3,.1,0,2,0,0,180.3
2005,6,8,1,9,99,0,20.8,0,2,1,0,0
2005,6,8,2,9,99,0,20,0,2,1,0,0
2005,6,8,3,9,99,0,12.6,0,2,1,0,0
2005,6,8,4,9,99,0,11.9,0,2,1,0,0
2005,6,8,5,9,99,0,11.2,0,2,1,0,0
2005,6,8,6,9,99,0,10.2,0,2,1,0,0
2005,6,8,7,9,99,0,9.1,0,2,1,0,0
2005,6,8,8,9,99,0,7.8,0,2,1,0,0
2005,6,8,9,9,99,0,8.8,0,2,1,0,0
2005,6,8,10,9,99,0,22.7,0,2,1,0,0
2005,6,8,11,9,99,0,21.1,0,2,1,0,0
2005,6,8,12,9,99,0,17.7,0,2,1,0,0
2005,6,8,13,9,99,0,14.7,0,2,1,0,0
2005,6,8,14,9,99,0,12.4,0,2,1,0,0
2005,6,8,15,9,99,0,11.2,0,2,1,0,0
2005,6,8,16,9,99,0,10.9,0,2,1,0,0
2005,6,8,17,9,99,0,3.6,0,2,1,0,0
2005,6,8,18,9,99,0,4.6,0,2,1,0,0
2005,6,8,19,9,99,0,5.6,0,2,1,0,0
2005,6,8,20,9,99,0,6.4,0,2,1,0,0
2005,6,8,21,9,99,0,7.3,0,2,1,0,0
2005,6,8,22,9,99,0,8.6,0,2,1,0,0
2005,6,8,23,9,99,0,10.9,0,2,1,0,0
2005,6,8,24,9,99,0,13.2,0,2,1,0,0
2005,6,8,1,9,100,100,32.1,0,1,1,0,100
2005,6,8,2,9,100,100,30.8,0,1,1,0,100
2005,6,8,3,9,100,100,29.5,0,1,1,0,100
2005,6,8,4,9,100,100,28.8,0,1,1,0,100
2005,6,8,5,9,100,100,28.6,0,1,1,0,100
2005,6,8,6,9,100,100,30.4,0,1,1,0,100
2005,6,8,7,9,100,100,35.9,0,1,1,0,100
2005,6,8,8,9,100,100,44.1,0,1,1,0,100
2005,6,8,9,9,100,100,53.3,0,1,1,0,100
2005,6,8,10,9,100,100,59.3,0,1,1,0,100
2005,6,8,11,9,100,100,64.8,0,1,1,0,100
2005,6,8,12,9,100,100,66.2,0,1,1,0,100
2005,6,8,13,9,100,100,61.2,0,1,1,0,100
2005,6,8,14,9,100,100,62.4,0,1,1,0,100
2005,6,8,15,9,100,100,54.1,0,1,1,0,100
2005,6,8,16,9,100,100,57.3,0,1,1,0,100
2005,6,8,17,9,100,100,59,0,1,1,0,100
2005,6,8,18,9,100,100,59.6,0,1,1,0,100
2005,6,8,19,9,100,100,58.6,0,1,1,0,100
2005,6,8,20,9,100,100,54.7,0,1,1,0,100
2005,6,8,21,9,100,100,51.5,0,1,1,0,100
2005,6,8,22,9,100,100,44.8,0,1,1,0,100
2005,6,8,23,9,100,100,37.9,0,1,1,0,100
2005,6,8,24,9,100,100,34.5,0,1,1,0,100
2005,6,8,1,9,101,0,50,0,1,0,0,0
2005,6,8,2,9,101,0,50,0,1,0,0,0
2005,6,8,3,9,101,0,50,0,1,0,0,0
2005,6,8,4,9,101,0,50,0,1,0,0,0
2005,6,8,5,9,101,0,50,0,1,0,0,0
2005,6,8,6,9,101,0,50,0,1,0,0,0
2005,6,8,7,9,101,0,50,0,1,0,0,0
2005,6,8,8,9,101,0,50,0,1,0,0,0
2005,6,8,9,9,101,0,50,0,1,0,0,0
2005,6,8,10,9,101,0,50,0,1,0,0,0
2005,6,8,11,9,101,0,50,0,1,0,0,0
2005,6,8,12,9,101,0,50,0,1,0,0,0
2005,6,8,13,9,101,0,50,0,1,0,0,0
2005,6,8,14,9,101,0,50,0,1,0,0,0
2005,6,8,15,9,101,0,50,0,1,0,0,0
2005,6,8,16,9,101,0,50,0,1,0,0,0
2005,6,8,17,9,101,0,50,0,1,0,0,0
2005,6,8,18,9,101,0,50,0,1,0,0,0
2005,6,8,19,9,101,0,50,0,1,0,0,0
2005,6,8,20,9,101,0,50,0,1,0,0,0
2005,6,8,21,9,101,0,50,0,1,0,0,0
2005,6,8,22,9,101,0,50,0,1,0,0,0
2005,6,8,23,9,101,0,50,0,1,0,0,0
2005,6,8,24,9,101,0,50,0,1,0,0,0
2005,6,8,1,9,102,0,10,0,1,0,0,0
2005,6,8,1,9,103,0,266.5,0,2,1,0,0
2005,6,8,2,9,103,0,251.1,0,2,1,0,0
2005,6,8,3,9,103,0,227.2,0,2,1,0,0
2005,6,8,4,9,103,0,210.4,0,2,1,0,0
2005,6,8,5,9,103,0,187.6,0,2,1,0,0
2005,6,8,6,9,103,0,174.7,0,2,1,0,0
2005,6,8,7,9,103,0,145,0,2,1,0,0
2005,6,8,8,9,103,0,127.5,0,2,1,0,0
2005,6,8,9,9,103,0,123.3,0,2,1,0,0
2005,6,8,10,9,103,0,117.3,0,2,1,0,0
2005,6,8,11,9,103,0,106.4,0,2,1,0,0
2005,6,8,12,9,103,0,90.5,0,2,1,0,0
2005,6,8,13,9,103,0,83.6,0,2,1,0,0
2005,6,8,14,9,103,0,87.9,0,2,1,0,0
2005,6,8,15,9,103,0,106.6,0,2,1,0,0
2005,6,8,16,9,103,0,140.1,0,2,1,0,0
2005,6,8,17,9,103,0,200.4,0,2,1,0,0
2005,6,8,18,9,103,0,270,0,2,1,0,0
2005,6,8,19,9,103,0,301.3,0,2,1,0,0
2005,6,8,20,9,103,0,320.2,0,2,1,0,0
2005,6,8,21,9,103,0,319.3,0,2,1,0,0
2005,6,8,22,9,103,0,294.4,0,2,1,0,0
2005,6,8,23,9,103,0,258.3,0,2,1,0,0
2005,6,8,24,9,103,0,199.3,0,2,1,0,0
2005,6,8,1,9,104,0,25,0,2,1,0,0
2005,6,8,2,9,104,0,25,0,2,1,0,0
2005,6,8,3,9,104,0,25,0,2,1,0,0
2005,6,8,4,9,104,0,25,0,2,1,0,0
2005,6,8,5,9,104,0,25,0,2,1,0,0
2005,6,8,6,9,104,0,25,0,2,1,0,0
2005,6,8,7,9,104,0,25,0,2,1,0,0
2005,6,8,9,9,104,0,25,0,2,1,0,0
2005,6,8,10,9,104,0,25,0,2,1,0,0
2005,6,8,11,9,104,0,25,0,2,1,0,0
2005,6,8,12,9,104,0,25,0,2,1,0,0
2005,6,8,13,9,104,0,25,0,2,1,0,0
2005,6,8,14,9,104,0,25,0,2,1,0,0
2005,6,8,15,9,104,0,25,0,2,1,0,0
2005,6,8,16,9,104,0,25,0,2,1,0,0
2005,6,8,17,9,104,0,25,0,2,1,0,0
2005,6,8,18,9,104,0,25,0,2,1,0,0
2005,6,8,19,9,104,0,25,0,2,1,0,0
2005,6,8,20,9,104,0,25,0,2,1,0,0
2005,6,8,21,9,104,0,25,0,2,1,0,0
2005,6,8,22,9,104,0,25,0,2,1,0,0
2005,6,8,23,9,104,0,25,0,2,1,0,0
2005,6,8,24,9,104,0,25,0,2,1,0,0
2005,6,8,1,9,105,0,25,0,2,1,0,0
2005,6,8,2,9,105,0,75,0,2,1,0,0
2005,6,8,3,9,105,0,75,0,2,1,0,0
2005,6,8,4,9,105,0,75,0,2,1,0,0
2005,6,8,5,9,105,0,75,0,2,1,0,0
2005,6,8,6,9,105,0,75,0,2,1,0,0
2005,6,8,7,9,105,0,75,0,2,1,0,0
2005,6,8,9,9,105,0,75,0,2,1,0,0
2005,6,8,10,9,105,0,25,0,2,1,0,0
2005,6,8,11,9,105,0,25,0,2,1,0,0
2005,6,8,12,9,105,0,25,0,2,1,0,0
2005,6,8,13,9,105,0,25,0,2,1,0,0
2005,6,8,14,9,105,0,25,0,2,1,0,0
2005,6,8,15,9,105,0,25,0,2,1,0,0
2005,6,8,16,9,105,0,25,0,2,1,0,0
2005,6,8,17,9,105,0,25,0,2,1,0,0
2005,6,8,18,9,105,0,25,0,2,1,0,0
2005,6,8,19,9,105,0,25,0,2,1,0,0
2005,6,8,20,9,105,0,75,0,2,1,0,0
2005,6,8,21,9,105,0,75,0,2,1,0,0
2005,6,8,22,9,105,0,75,0,2,1,0,0
2005,6,8,23,9,105,0,75,0,2,1,0,0
2005,6,8,24,9,105,0,75,0,2,1,0,0
2005,6,8,1,9,1054,0,175,.705776,2,1,0,0
2005,6,8,1,9,1054,120.01,115,.705776,2,0,0,120.01
2005,6,8,2,9,1054,0,175,.705776,2,1,0,0
2005,6,8,2,9,1054,120.01,115,.705776,2,0,0,120.01
2005,6,8,3,9,1054,0,175,.705776,2,1,0,0
2005,6,8,3,9,1054,120.01,115,.705776,2,0,0,120.01
2005,6,8,4,9,1054,0,175,.705776,2,1,0,0
2005,6,8,4,9,1054,120.01,115,.705776,2,0,0,120.01
2005,6,8,5,9,1054,0,175,.705776,2,1,0,0
2005,6,8,5,9,1054,120.01,115,.705776,2,0,0,120.01
2005,6,8,6,9,1054,0,175,.705776,2,1,0,0
2005,6,8,6,9,1054,120.01,115,.705776,2,0,0,120.01
2005,6,8,7,9,1054,0,175,.705776,2,1,0,0
2005,6,8,7,9,1054,120.01,115,.705776,2,0,0,120.01
2005,6,8,8,9,1054,0,175,.705776,2,1,0,0
2005,6,8,8,9,1054,120.01,115,.705776,2,0,0,120.01
2005,6,8,9,9,1054,0,175,.705776,2,1,0,0
2005,6,8,9,9,1054,120.01,115,.705776,2,0,0,120.01
2005,6,8,10,9,1054,0,175,.705776,2,1,0,0
2005,6,8,10,9,1054,120.01,115,.705776,2,0,0,120.01
2005,6,8,11,9,1054,0,175,.705776,2,1,0,0
2005,6,8,11,9,1054,120.01,115,.705776,2,0,0,120.01
2005,6,8,12,9,1054,0,175,.705776,2,1,0,0
2005,6,8,12,9,1054,120.01,115,.705776,2,0,0,120.01
2005,6,8,13,9,1054,0,175,.705776,2,1,0,0
2005,6,8,13,9,1054,120.01,115,.705776,2,0,0,120.01
2005,6,8,14,9,1054,0,175,.705776,2,1,0,0
2005,6,8,14,9,1054,120.01,115,.705776,2,0,0,120.01
2005,6,8,15,9,1054,0,175,.705776,2,1,0,0
2005,6,8,15,9,1054,120.01,115,.705776,2,0,0,120.01
2005,6,8,16,9,1054,0,175,.705776,2,1,0,0
2005,6,8,16,9,1054,120.01,115,.705776,2,0,0,120.01
2005,6,8,17,9,1054,0,175,.705776,2,1,0,0
2005,6,8,17,9,1054,120.01,115,.705776,2,0,0,120.01
2005,6,8,18,9,1054,0,175,.705776,2,1,0,0
2005,6,8,18,9,1054,120.01,115,.705776,2,0,0,120.01
2005,6,8,19,9,1054,0,175,.705776,2,1,0,0
2005,6,8,19,9,1054,120.01,115,.705776,2,0,0,120.01
2005,6,8,20,9,1054,0,175,.705776,2,1,0,0
2005,6,8,20,9,1054,120.01,115,.705776,2,0,0,120.01
2005,6,8,21,9,1054,0,175,.705776,2,1,0,0
2005,6,8,21,9,1054,120.01,115,.705776,2,0,0,120.01
2005,6,8,22,9,1054,0,175,.705776,2,1,0,0
2005,6,8,22,9,1054,120.01,115,.705776,2,0,0,120.01
2005,6,8,23,9,1054,0,175,.705776,2,1,0,0
2005,6,8,23,9,1054,120.01,115,.705776,2,0,0,120.01
2005,6,8,24,9,1054,0,175,.705776,2,1,0,0
2005,6,8,24,9,1054,120.01,115,.705776,2,0,0,120.01
2005,6,8,1,9,107,0,7.5,0,2,1,0,0
2005,6,8,2,9,107,0,7.5,0,2,1,0,0
2005,6,8,3,9,107,0,7.5,0,2,1,0,0
2005,6,8,4,9,107,0,7.6,0,2,1,0,0
2005,6,8,5,9,107,0,7.6,0,2,1,0,0
2005,6,8,6,9,107,0,7.5,0,2,1,0,0
2005,6,8,7,9,107,0,7.4,0,2,1,0,0
2005,6,8,8,9,107,0,7.1,0,2,1,0,0
2005,6,8,9,9,107,0,6.6,0,2,1,0,0
2005,6,8,10,9,107,0,6.1,0,2,1,0,0
2005,6,8,11,9,107,0,5.4,0,2,1,0,0
2005,6,8,12,9,107,0,4.6,0,2,1,0,0
2005,6,8,13,9,107,0,3.9,0,2,1,0,0
2005,6,8,14,9,107,0,3.6,0,2,1,0,0
2005,6,8,15,9,107,0,3.4,0,2,1,0,0
2005,6,8,16,9,107,0,3.4,0,2,1,0,0
2005,6,8,17,9,107,0,3.7,0,2,1,0,0
2005,6,8,18,9,107,0,4.2,0,2,1,0,0
2005,6,8,19,9,107,0,4.5,0,2,1,0,0
2005,6,8,20,9,107,0,4.8,0,2,1,0,0
2005,6,8,21,9,107,0,4.9,0,2,1,0,0
2005,6,8,22,9,107,0,4.9,0,2,1,0,0
2005,6,8,23,9,107,0,4.7,0,2,1,0,0
2005,6,8,24,9,107,0,4.5,0,2,1,0,0
2005,6,8,1,9,108,0,23.9,0,2,1,0,0
2005,6,8,2,9,108,0,23.9,0,2,1,0,0
2005,6,8,3,9,108,0,23.9,0,2,1,0,0
2005,6,8,4,9,108,0,24.3,0,2,1,0,0
2005,6,8,5,9,108,0,24.3,0,2,1,0,0
2005,6,8,6,9,108,0,24.3,0,2,1,0,0
2005,6,8,7,9,108,0,24.5,0,2,1,0,0
2005,6,8,8,9,108,0,24.5,0,2,1,0,0
2005,6,8,9,9,108,0,24.5,0,2,1,0,0
2005,6,8,10,9,108,0,23.9,0,2,1,0,0
2005,6,8,11,9,108,0,23.9,0,2,1,0,0
2005,6,8,12,9,108,0,23.9,0,2,1,0,0
2005,6,8,13,9,108,0,23.9,0,2,1,0,0
2005,6,8,14,9,108,0,23.9,0,2,1,0,0
2005,6,8,15,9,108,0,23.4,0,2,1,0,0
2005,6,8,16,9,108,0,23.4,0,2,1,0,0
2005,6,8,17,9,108,0,23.4,0,2,1,0,0
2005,6,8,18,9,108,0,23.4,0,2,1,0,0
2005,6,8,19,9,108,0,23.4,0,2,1,0,0
2005,6,8,20,9,108,0,23.4,0,2,1,0,0
2005,6,8,21,9,108,0,23.4,0,2,1,0,0
2005,6,8,22,9,108,0,23.4,0,2,1,0,0
2005,6,8,23,9,108,0,23.6,0,2,1,0,0
2005,6,8,24,9,108,0,23.6,0,2,1,0,0
2005,6,8,1,9,109,0,33.8,0,2,1,0,0
2005,6,8,2,9,109,0,33.8,0,2,1,0,0
2005,6,8,3,9,109,0,33.8,0,2,1,0,0
2005,6,8,4,9,109,0,34.4,0,2,1,0,0
2005,6,8,5,9,109,0,34.4,0,2,1,0,0
2005,6,8,6,9,109,0,34.4,0,2,1,0,0
2005,6,8,7,9,109,0,34.7,0,2,1,0,0
2005,6,8,8,9,109,0,34.7,0,2,1,0,0
2005,6,8,9,9,109,0,34.7,0,2,1,0,0
2005,6,8,10,9,109,0,34,0,2,1,0,0
2005,6,8,11,9,109,0,34,0,2,1,0,0
2005,6,8,12,9,109,0,34,0,2,1,0,0
2005,6,8,13,9,109,0,34,0,2,1,0,0
2005,6,8,14,9,109,0,34,0,2,1,0,0
2005,6,8,15,9,109,0,33.2,0,2,1,0,0
2005,6,8,16,9,109,0,33.2,0,2,1,0,0
2005,6,8,17,9,109,0,33.2,0,2,1,0,0
2005,6,8,18,9,109,0,33.2,0,2,1,0,0
2005,6,8,19,9,109,0,33.2,0,2,1,0,0
2005,6,8,20,9,109,0,33.2,0,2,1,0,0
2005,6,8,21,9,109,0,32.9,0,2,1,0,0
2005,6,8,22,9,109,0,32.9,0,2,1,0,0
2005,6,8,23,9,109,0,33.2,0,2,1,0,0
2005,6,8,24,9,109,0,33.2,0,2,1,0,0
2005,6,8,1,9,110,180.3,1,0,2,0,0,180.3
2005,6,8,2,9,110,180.3,1,0,2,0,0,180.3
2005,6,8,3,9,110,180.3,1,0,2,0,0,180.3
2005,6,8,4,9,110,180.3,1,0,2,0,0,180.3
2005,6,8,5,9,110,180.3,1,0,2,0,0,180.3
2005,6,8,6,9,110,180.3,1,0,2,0,0,180.3
2005,6,8,7,9,110,180.3,1,0,2,0,0,180.3
2005,6,8,8,9,110,180.3,1,0,2,0,0,180.3
2005,6,8,9,9,110,180.3,1,0,2,0,0,180.3
2005,6,8,10,9,110,180.3,1,0,2,0,0,180.3
2005,6,8,11,9,110,180.3,1,0,2,0,0,180.3
2005,6,8,12,9,110,180.3,1,0,2,0,0,180.3
2005,6,8,13,9,110,180.3,1,0,2,0,0,180.3
2005,6,8,14,9,110,180.3,1,0,2,0,0,180.3
2005,6,8,15,9,110,180.3,1,0,2,0,0,180.3
2005,6,8,16,9,110,180.3,1,0,2,0,0,180.3
2005,6,8,17,9,110,180.3,1,0,2,0,0,180.3
2005,6,8,18,9,110,180.3,1,0,2,0,0,180.3
2005,6,8,19,9,110,180.3,1,0,2,0,0,180.3
2005,6,8,20,9,110,180.3,1,0,2,0,0,180.3
2005,6,8,21,9,110,180.3,1,0,2,0,0,180.3
2005,6,8,22,9,110,180.3,1,0,2,0,0,180.3
2005,6,8,23,9,110,180.3,1,0,2,0,0,180.3
2005,6,8,24,9,110,180.3,1,0,2,0,0,180.3
2005,6,8,1,9,111,60,.3,0,1,1,0,60
2005,6,8,2,9,111,60,.3,0,1,1,0,60
2005,6,8,3,9,111,60,.3,0,1,1,0,60
2005,6,8,4,9,111,60,.3,0,1,1,0,60
2005,6,8,5,9,111,60,.3,0,1,1,0,60
2005,6,8,6,9,111,60,.3,0,1,1,0,60
2005,6,8,7,9,111,60,.4,0,1,1,0,60
2005,6,8,8,9,111,60,.5,0,1,1,0,60
2005,6,8,9,9,111,60,.4,0,1,0,0,60
2005,6,8,10,9,111,60,.7,0,1,0,0,60
2005,6,8,11,9,111,60,.7,0,1,0,0,60
2005,6,8,12,9,111,60,.7,0,1,0,0,60
2005,6,8,13,9,111,60,.7,0,1,0,0,60
2005,6,8,14,9,111,60,.5,0,1,0,0,60
2005,6,8,15,9,111,60,.4,0,1,0,0,60
2005,6,8,16,9,111,60,.4,0,1,0,0,60
2005,6,8,17,9,111,60,.4,0,1,0,0,60
2005,6,8,18,9,111,60,.5,0,1,0,0,60
2005,6,8,19,9,111,60,.5,0,1,0,0,60
2005,6,8,20,9,111,60,.5,0,1,0,0,60
2005,6,8,21,9,111,60,.5,0,1,0,0,60
2005,6,8,22,9,111,60,.4,0,1,0,0,60
2005,6,8,23,9,111,60,.3,0,1,0,0,60
2005,6,8,24,9,111,60,.3,0,1,1,0,60
2005,6,8,1,9,112,180.3,5447.3,0,1,1,0,180.3
2005,6,8,2,9,112,180.3,4808,0,1,1,0,180.3
2005,6,8,3,9,112,180.3,4479.8,0,1,1,0,180.3
2005,6,8,4,9,112,180.3,4374.7,0,1,1,0,180.3
2005,6,8,5,9,112,180.3,4357.6,0,1,1,0,180.3
2005,6,8,6,9,112,180.3,4396.9,0,1,1,0,180.3
2005,6,8,7,9,112,180.3,4520.7,0,1,1,0,180.3
2005,6,8,8,9,112,180.3,4838.6,0,1,1,0,180.3
2005,6,8,9,9,112,180.3,5355.4,0,1,1,0,180.3
2005,6,8,10,9,112,180.3,5748.7,0,1,1,0,180.3
2005,6,8,11,9,112,180.3,6043.1,0,1,1,0,180.3
2005,6,8,12,9,112,180.3,6259.2,0,1,1,0,180.3
2005,6,8,13,9,112,180.3,6494.8,0,1,1,0,180.3
2005,6,8,14,9,112,180.3,6545.8,0,1,1,0,180.3
2005,6,8,15,9,112,180.3,6385.1,0,1,1,0,180.3
2005,6,8,16,9,112,180.3,6445.4,0,1,1,0,180.3
2005,6,8,17,9,112,180.3,6591.1,0,1,1,0,180.3
2005,6,8,18,9,112,180.3,6828.7,0,1,1,0,180.3
2005,6,8,19,9,112,180.3,6785.7,0,1,1,0,180.3
2005,6,8,20,9,112,180.3,6554.4,0,1,1,0,180.3
2005,6,8,21,9,112,180.3,6250.5,0,1,1,0,180.3
2005,6,8,22,9,112,180.3,6551.7,0,1,1,0,180.3
2005,6,8,23,9,112,180.3,6742.6,0,1,1,0,180.3
2005,6,8,24,9,112,180.3,5978.2,0,1,1,0,180.3
2005,6,8,1,2,113,104.58,263.7,0,1,1,0,104.58
2005,6,8,1,2,113,105.59,263.7,0,1,1,0,105.59
2005,6,8,1,2,113,106.6,263.7,0,1,1,0,106.6
2005,6,8,1,2,113,107.61,263.7,0,1,1,0,107.61
2005,6,8,1,2,113,108.62,263.7,0,1,1,0,108.62
2005,6,8,1,2,113,109.63,263.7,0,1,1,0,109.63
2005,6,8,1,2,113,110.64,263.7,0,1,1,0,110.64
2005,6,8,1,2,113,111.65,263.7,0,1,1,0,111.65
2005,6,8,1,2,113,112.66,263.7,0,1,1,0,112.66
2005,6,8,1,2,113,113.67,263.7,0,1,1,0,113.67
2005,6,8,1,2,113,114.68,263.7,0,1,1,0,114.68
2005,6,8,1,2,113,115.69,263.7,0,1,1,0,115.69
2005,6,8,1,2,113,116.7,264.1,0,1,1,0,116.7
2005,6,8,2,2,113,104.58,253.2,0,1,1,0,104.58
2005,6,8,2,2,113,105.59,253.2,0,1,1,0,105.59
2005,6,8,2,2,113,106.6,253.2,0,1,1,0,106.6
2005,6,8,2,2,113,107.61,253.2,0,1,1,0,107.61
2005,6,8,2,2,113,108.62,253.2,0,1,1,0,108.62
2005,6,8,2,2,113,109.63,253.2,0,1,1,0,109.63
2005,6,8,2,2,113,110.64,253.2,0,1,1,0,110.64
2005,6,8,2,2,113,111.65,253.2,0,1,1,0,111.65
2005,6,8,2,2,113,112.66,253.2,0,1,1,0,112.66
2005,6,8,2,2,113,113.67,253.2,0,1,1,0,113.67
2005,6,8,2,2,113,114.68,253.2,0,1,1,0,114.68
2005,6,8,2,2,113,115.69,253.2,0,1,1,0,115.69
2005,6,8,2,2,113,116.7,253.8,0,1,1,0,116.7
2005,6,8,3,2,113,104.58,245.5,0,1,1,0,104.58
2005,6,8,3,2,113,105.59,245.5,0,1,1,0,105.59
2005,6,8,3,2,113,106.6,245.5,0,1,1,0,106.6
2005,6,8,3,2,113,107.61,245.5,0,1,1,0,107.61
2005,6,8,3,2,113,108.62,245.5,0,1,1,0,108.62
2005,6,8,3,2,113,109.63,245.5,0,1,1,0,109.63
2005,6,8,3,2,113,110.64,245.5,0,1,1,0,110.64
2005,6,8,3,2,113,111.65,245.5,0,1,1,0,111.65
2005,6,8,3,2,113,112.66,245.5,0,1,1,0,112.66
2005,6,8,3,2,113,113.67,245.5,0,1,1,0,113.67
2005,6,8,3,2,113,114.68,245.5,0,1,1,0,114.68
2005,6,8,3,2,113,115.69,245.5,0,1,1,0,115.69
2005,6,8,3,2,113,116.7,245.6,0,1,1,0,116.7
2005,6,8,4,2,113,104.58,242.9,0,1,1,0,104.58
2005,6,8,4,2,113,105.59,242.9,0,1,1,0,105.59
2005,6,8,4,2,113,106.6,242.9,0,1,1,0,106.6
2005,6,8,4,2,113,107.61,242.9,0,1,1,0,107.61
2005,6,8,4,2,113,108.62,242.9,0,1,1,0,108.62
2005,6,8,4,2,113,109.63,242.9,0,1,1,0,109.63
2005,6,8,4,2,113,110.64,242.9,0,1,1,0,110.64
2005,6,8,4,2,113,111.65,242.9,0,1,1,0,111.65
2005,6,8,4,2,113,112.66,242.9,0,1,1,0,112.66
2005,6,8,4,2,113,113.67,242.9,0,1,1,0,113.67
2005,6,8,4,2,113,114.68,242.9,0,1,1,0,114.68
2005,6,8,4,2,113,115.69,242.9,0,1,1,0,115.69
2005,6,8,4,2,113,116.7,243,0,1,1,0,116.7
2005,6,8,5,2,113,104.58,242,0,1,1,0,104.58
2005,6,8,5,2,113,105.59,242,0,1,1,0,105.59
2005,6,8,5,2,113,106.6,242,0,1,1,0,106.6
2005,6,8,5,2,113,107.61,242,0,1,1,0,107.61
2005,6,8,5,2,113,108.62,242,0,1,1,0,108.62
2005,6,8,5,2,113,109.63,242,0,1,1,0,109.63
2005,6,8,5,2,113,110.64,242,0,1,1,0,110.64
2005,6,8,5,2,113,111.65,242,0,1,1,0,111.65
2005,6,8,5,2,113,112.66,242,0,1,1,0,112.66
2005,6,8,5,2,113,113.67,242,0,1,1,0,113.67
2005,6,8,5,2,113,114.68,242,0,1,1,0,114.68
2005,6,8,5,2,113,115.69,242,0,1,1,0,115.69
2005,6,8,5,2,113,116.7,242.6,0,1,1,0,116.7
2005,6,8,6,2,113,104.58,247.5,0,1,1,0,104.58
2005,6,8,6,2,113,105.59,247.5,0,1,1,0,105.59
2005,6,8,6,2,113,106.6,247.5,0,1,1,0,106.6
2005,6,8,6,2,113,107.61,247.5,0,1,1,0,107.61
2005,6,8,6,2,113,108.62,247.5,0,1,1,0,108.62
2005,6,8,6,2,113,109.63,247.5,0,1,1,0,109.63
2005,6,8,6,2,113,110.64,247.5,0,1,1,0,110.64
2005,6,8,6,2,113,111.65,247.5,0,1,1,0,111.65
2005,6,8,6,2,113,112.66,247.5,0,1,1,0,112.66
2005,6,8,6,2,113,113.67,247.5,0,1,1,0,113.67
2005,6,8,6,2,113,114.68,247.5,0,1,1,0,114.68
2005,6,8,6,2,113,115.69,247.5,0,1,1,0,115.69
2005,6,8,6,2,113,116.7,247.6,0,1,1,0,116.7
2005,6,8,7,2,113,104.58,275.5,0,1,1,0,104.58
2005,6,8,7,2,113,105.59,275.5,0,1,1,0,105.59
2005,6,8,7,2,113,106.6,275.5,0,1,1,0,106.6
2005,6,8,7,2,113,107.61,275.5,0,1,1,0,107.61
2005,6,8,7,2,113,108.62,275.5,0,1,1,0,108.62
2005,6,8,7,2,113,109.63,275.5,0,1,1,0,109.63
2005,6,8,7,2,113,110.64,275.5,0,1,1,0,110.64
2005,6,8,7,2,113,111.65,275.5,0,1,1,0,111.65
2005,6,8,7,2,113,112.66,275.5,0,1,1,0,112.66
2005,6,8,7,2,113,113.67,275.5,0,1,1,0,113.67
2005,6,8,7,2,113,114.68,275.5,0,1,1,0,114.68
2005,6,8,7,2,113,115.69,275.5,0,1,1,0,115.69
2005,6,8,7,2,113,116.7,276,0,1,1,0,116.7
2005,6,8,8,2,113,104.58,305,0,1,1,0,104.58
2005,6,8,8,2,113,105.59,305,0,1,1,0,105.59
2005,6,8,8,2,113,106.6,305,0,1,1,0,106.6
2005,6,8,8,2,113,107.61,305,0,1,1,0,107.61
2005,6,8,8,2,113,108.62,305,0,1,1,0,108.62
2005,6,8,8,2,113,109.63,305,0,1,1,0,109.63
2005,6,8,8,2,113,110.64,305,0,1,1,0,110.64
2005,6,8,8,2,113,111.65,305,0,1,1,0,111.65
2005,6,8,8,2,113,112.66,305,0,1,1,0,112.66
2005,6,8,8,2,113,113.67,305,0,1,1,0,113.67
2005,6,8,8,2,113,114.68,305,0,1,1,0,114.68
2005,6,8,8,2,113,115.69,305,0,1,1,0,115.69
2005,6,8,8,2,113,116.7,305.5,0,1,1,0,116.7
2005,6,8,9,2,113,104.58,339.5,0,1,1,0,104.58
2005,6,8,9,2,113,105.59,339.5,0,1,1,0,105.59
2005,6,8,9,2,113,106.6,339.5,0,1,1,0,106.6
2005,6,8,9,2,113,107.61,339.5,0,1,1,0,107.61
2005,6,8,9,2,113,108.62,339.5,0,1,1,0,108.62
2005,6,8,9,2,113,109.63,339.5,0,1,1,0,109.63
2005,6,8,9,2,113,110.64,339.5,0,1,1,0,110.64
2005,6,8,9,2,113,111.65,339.5,0,1,1,0,111.65
2005,6,8,9,2,113,112.66,339.5,0,1,1,0,112.66
2005,6,8,9,2,113,113.67,339.5,0,1,1,0,113.67
2005,6,8,9,2,113,114.68,339.5,0,1,1,0,114.68
2005,6,8,9,2,113,115.69,339.5,0,1,1,0,115.69
2005,6,8,9,2,113,116.7,338.9,0,1,1,0,116.7
2005,6,8,10,2,113,86.57,15.1,0,1,1,0,86.57
2005,6,8,10,2,113,104.58,365.1,0,1,1,0,104.58
2005,6,8,10,2,113,105.59,365.1,0,1,1,0,105.59
2005,6,8,10,2,113,106.6,365.1,0,1,1,0,106.6
2005,6,8,10,2,113,107.61,365.1,0,1,1,0,107.61
2005,6,8,10,2,113,108.62,365.1,0,1,1,0,108.62
2005,6,8,10,2,113,109.63,365.1,0,1,1,0,109.63
2005,6,8,10,2,113,110.64,365.1,0,1,1,0,110.64
2005,6,8,10,2,113,111.65,365.1,0,1,1,0,111.65
2005,6,8,10,2,113,112.66,365.1,0,1,1,0,112.66
2005,6,8,10,2,113,113.67,365.1,0,1,1,0,113.67
2005,6,8,10,2,113,114.68,365.1,0,1,1,0,114.68
2005,6,8,10,2,113,115.69,365.1,0,1,1,0,115.69
2005,6,8,10,2,113,116.7,365.3,0,1,1,0,116.7
2005,6,8,11,2,113,86.57,15.2,0,1,0,0,86.57
2005,6,8,11,2,113,104.58,387.1,0,1,1,0,104.58
2005,6,8,11,2,113,105.59,387.1,0,1,1,0,105.59
2005,6,8,11,2,113,106.6,387.1,0,1,1,0,106.6
2005,6,8,11,2,113,107.61,387.1,0,1,1,0,107.61
2005,6,8,11,2,113,108.62,387.1,0,1,1,0,108.62
2005,6,8,11,2,113,109.63,387.1,0,1,1,0,109.63
2005,6,8,11,2,113,110.64,387.1,0,1,1,0,110.64
2005,6,8,11,2,113,111.65,387.1,0,1,1,0,111.65
2005,6,8,11,2,113,112.66,387.1,0,1,1,0,112.66
2005,6,8,11,2,113,113.67,387.1,0,1,1,0,113.67
2005,6,8,11,2,113,114.68,387.1,0,1,1,0,114.68
2005,6,8,11,2,113,115.69,387.1,0,1,1,0,115.69
2005,6,8,11,2,113,116.7,387.7,0,1,1,0,116.7
2005,6,8,12,2,113,86.57,15.3,0,1,0,0,86.57
2005,6,8,12,2,113,104.58,396.2,0,1,1,0,104.58
2005,6,8,12,2,113,105.59,396.2,0,1,1,0,105.59
2005,6,8,12,2,113,106.6,396.2,0,1,1,0,106.6
2005,6,8,12,2,113,107.61,396.2,0,1,1,0,107.61
2005,6,8,12,2,113,108.62,396.2,0,1,1,0,108.62
2005,6,8,12,2,113,109.63,396.2,0,1,1,0,109.63
2005,6,8,12,2,113,110.64,396.2,0,1,1,0,110.64
2005,6,8,12,2,113,111.65,396.2,0,1,1,0,111.65
2005,6,8,12,2,113,112.66,396.2,0,1,1,0,112.66
2005,6,8,12,2,113,113.67,396.2,0,1,1,0,113.67
2005,6,8,12,2,113,114.68,396.2,0,1,1,0,114.68
2005,6,8,12,2,113,115.69,396.2,0,1,1,0,115.69
2005,6,8,12,2,113,116.7,396.1,0,1,1,0,116.7
2005,6,8,13,2,113,86.57,15.3,0,1,0,0,86.57
2005,6,8,13,2,113,104.58,398.9,0,1,1,0,104.58
2005,6,8,13,2,113,105.59,398.9,0,1,1,0,105.59
2005,6,8,13,2,113,106.6,398.9,0,1,1,0,106.6
2005,6,8,13,2,113,107.61,398.9,0,1,1,0,107.61
2005,6,8,13,2,113,108.62,398.9,0,1,1,0,108.62
2005,6,8,13,2,113,109.63,398.9,0,1,1,0,109.63
2005,6,8,13,2,113,110.64,398.9,0,1,1,0,110.64
2005,6,8,13,2,113,111.65,398.9,0,1,1,0,111.65
2005,6,8,13,2,113,112.66,398.9,0,1,1,0,112.66
2005,6,8,13,2,113,113.67,398.9,0,1,1,0,113.67
2005,6,8,13,2,113,114.68,398.9,0,1,1,0,114.68
2005,6,8,13,2,113,115.69,398.9,0,1,1,0,115.69
2005,6,8,13,2,113,116.7,398.9,0,1,1,0,116.7
2005,6,8,14,2,113,86.57,15.4,0,1,0,0,86.57
2005,6,8,14,2,113,104.58,390.3,0,1,1,0,104.58
2005,6,8,14,2,113,105.59,390.3,0,1,1,0,105.59
2005,6,8,14,2,113,106.6,390.3,0,1,1,0,106.6
2005,6,8,14,2,113,107.61,390.3,0,1,1,0,107.61
2005,6,8,14,2,113,108.62,390.3,0,1,1,0,108.62
2005,6,8,14,2,113,109.63,390.3,0,1,1,0,109.63
2005,6,8,14,2,113,110.64,390.3,0,1,1,0,110.64
2005,6,8,14,2,113,111.65,390.3,0,1,1,0,111.65
2005,6,8,14,2,113,112.66,390.3,0,1,1,0,112.66
2005,6,8,14,2,113,113.67,390.3,0,1,1,0,113.67
2005,6,8,14,2,113,114.68,390.3,0,1,1,0,114.68
2005,6,8,14,2,113,115.69,390.3,0,1,1,0,115.69
2005,6,8,14,2,113,116.7,390.1,0,1,1,0,116.7
2005,6,8,15,2,113,86.57,15.5,0,1,0,0,86.57
2005,6,8,15,2,113,104.58,372.1,0,1,1,0,104.58
2005,6,8,15,2,113,105.59,372.1,0,1,1,0,105.59
2005,6,8,15,2,113,106.6,372.1,0,1,1,0,106.6
2005,6,8,15,2,113,107.61,372.1,0,1,1,0,107.61
2005,6,8,15,2,113,108.62,372.1,0,1,1,0,108.62
2005,6,8,15,2,113,109.63,372.1,0,1,1,0,109.63
2005,6,8,15,2,113,110.64,372.1,0,1,1,0,110.64
2005,6,8,15,2,113,111.65,372.1,0,1,1,0,111.65
2005,6,8,15,2,113,112.66,372.1,0,1,1,0,112.66
2005,6,8,15,2,113,113.67,372.1,0,1,1,0,113.67
2005,6,8,15,2,113,114.68,372.1,0,1,1,0,114.68
2005,6,8,15,2,113,115.69,372.1,0,1,1,0,115.69
2005,6,8,15,2,113,116.7,371.9,0,1,1,0,116.7
2005,6,8,16,2,113,86.57,15.5,0,1,0,0,86.57
2005,6,8,16,2,113,104.58,370,0,1,1,0,104.58
2005,6,8,16,2,113,105.59,370,0,1,1,0,105.59
2005,6,8,16,2,113,106.6,370,0,1,1,0,106.6
2005,6,8,16,2,113,107.61,370,0,1,1,0,107.61
2005,6,8,16,2,113,108.62,370,0,1,1,0,108.62
2005,6,8,16,2,113,109.63,370,0,1,1,0,109.63
2005,6,8,16,2,113,110.64,370,0,1,1,0,110.64
2005,6,8,16,2,113,111.65,370,0,1,1,0,111.65
2005,6,8,16,2,113,112.66,370,0,1,1,0,112.66
2005,6,8,16,2,113,113.67,370,0,1,1,0,113.67
2005,6,8,16,2,113,114.68,370,0,1,1,0,114.68
2005,6,8,16,2,113,115.69,370,0,1,1,0,115.69
2005,6,8,16,2,113,116.7,369.6,0,1,1,0,116.7
2005,6,8,17,2,113,86.57,15.4,0,1,0,0,86.57
2005,6,8,17,2,113,104.58,373.9,0,1,1,0,104.58
2005,6,8,17,2,113,105.59,373.9,0,1,1,0,105.59
2005,6,8,17,2,113,106.6,373.9,0,1,1,0,106.6
2005,6,8,17,2,113,107.61,373.9,0,1,1,0,107.61
2005,6,8,17,2,113,108.62,373.9,0,1,1,0,108.62
2005,6,8,17,2,113,109.63,373.9,0,1,1,0,109.63
2005,6,8,17,2,113,110.64,373.9,0,1,1,0,110.64
2005,6,8,17,2,113,111.65,373.9,0,1,1,0,111.65
2005,6,8,17,2,113,112.66,373.9,0,1,1,0,112.66
2005,6,8,17,2,113,113.67,373.9,0,1,1,0,113.67
2005,6,8,17,2,113,114.68,373.9,0,1,1,0,114.68
2005,6,8,17,2,113,115.69,373.9,0,1,1,0,115.69
2005,6,8,17,2,113,116.7,373.4,0,1,1,0,116.7
2005,6,8,18,2,113,86.57,15.4,0,1,0,0,86.57
2005,6,8,18,2,113,104.58,373.3,0,1,1,0,104.58
2005,6,8,18,2,113,105.59,373.3,0,1,1,0,105.59
2005,6,8,18,2,113,106.6,373.3,0,1,1,0,106.6
2005,6,8,18,2,113,107.61,373.3,0,1,1,0,107.61
2005,6,8,18,2,113,108.62,373.3,0,1,1,0,108.62
2005,6,8,18,2,113,109.63,373.3,0,1,1,0,109.63
2005,6,8,18,2,113,110.64,373.3,0,1,1,0,110.64
2005,6,8,18,2,113,111.65,373.3,0,1,1,0,111.65
2005,6,8,18,2,113,112.66,373.3,0,1,1,0,112.66
2005,6,8,18,2,113,113.67,373.3,0,1,1,0,113.67
2005,6,8,18,2,113,114.68,373.3,0,1,1,0,114.68
2005,6,8,18,2,113,115.69,373.3,0,1,1,0,115.69
2005,6,8,18,2,113,116.7,372.8,0,1,1,0,116.7
2005,6,8,19,2,113,86.57,15.4,0,1,0,0,86.57
2005,6,8,19,2,113,104.58,366.5,0,1,1,0,104.58
2005,6,8,19,2,113,105.59,366.5,0,1,1,0,105.59
2005,6,8,19,2,113,106.6,366.5,0,1,1,0,106.6
2005,6,8,19,2,113,107.61,366.5,0,1,1,0,107.61
2005,6,8,19,2,113,108.62,366.5,0,1,1,0,108.62
2005,6,8,19,2,113,109.63,366.5,0,1,1,0,109.63
2005,6,8,19,2,113,110.64,366.5,0,1,1,0,110.64
2005,6,8,19,2,113,111.65,366.5,0,1,1,0,111.65
2005,6,8,19,2,113,112.66,366.5,0,1,1,0,112.66
2005,6,8,19,2,113,113.67,366.5,0,1,1,0,113.67
2005,6,8,19,2,113,114.68,366.5,0,1,1,0,114.68
2005,6,8,19,2,113,115.69,366.5,0,1,1,0,115.69
2005,6,8,19,2,113,116.7,366.1,0,1,1,0,116.7
2005,6,8,20,2,113,86.57,15.4,0,1,1,0,86.57
2005,6,8,20,2,113,104.58,357.4,0,1,1,0,104.58
2005,6,8,20,2,113,105.59,357.4,0,1,1,0,105.59
2005,6,8,20,2,113,106.6,357.4,0,1,1,0,106.6
2005,6,8,20,2,113,107.61,357.4,0,1,1,0,107.61
2005,6,8,20,2,113,108.62,357.4,0,1,1,0,108.62
2005,6,8,20,2,113,109.63,357.4,0,1,1,0,109.63
2005,6,8,20,2,113,110.64,357.4,0,1,1,0,110.64
2005,6,8,20,2,113,111.65,357.4,0,1,1,0,111.65
2005,6,8,20,2,113,112.66,357.4,0,1,1,0,112.66
2005,6,8,20,2,113,113.67,357.4,0,1,1,0,113.67
2005,6,8,20,2,113,114.68,357.4,0,1,1,0,114.68
2005,6,8,20,2,113,115.69,357.4,0,1,1,0,115.69
2005,6,8,20,2,113,116.7,357.5,0,1,1,0,116.7
2005,6,8,21,2,113,86.57,15.4,0,1,1,0,86.57
2005,6,8,21,2,113,104.58,346,0,1,1,0,104.58
2005,6,8,21,2,113,105.59,346,0,1,1,0,105.59
2005,6,8,21,2,113,106.6,346,0,1,1,0,106.6
2005,6,8,21,2,113,107.61,346,0,1,1,0,107.61
2005,6,8,21,2,113,108.62,346,0,1,1,0,108.62
2005,6,8,21,2,113,109.63,346,0,1,1,0,109.63
2005,6,8,21,2,113,110.64,346,0,1,1,0,110.64
2005,6,8,21,2,113,111.65,346,0,1,1,0,111.65
2005,6,8,21,2,113,112.66,346,0,1,1,0,112.66
2005,6,8,21,2,113,113.67,346,0,1,1,0,113.67
2005,6,8,21,2,113,114.68,346,0,1,1,0,114.68
2005,6,8,21,2,113,115.69,346,0,1,1,0,115.69
2005,6,8,21,2,113,116.7,346.3,0,1,1,0,116.7
2005,6,8,22,2,113,86.57,15.4,0,1,1,0,86.57
2005,6,8,22,2,113,104.58,321.7,0,1,1,0,104.58
2005,6,8,22,2,113,105.59,321.7,0,1,1,0,105.59
2005,6,8,22,2,113,106.6,321.7,0,1,1,0,106.6
2005,6,8,22,2,113,107.61,321.7,0,1,1,0,107.61
2005,6,8,22,2,113,108.62,321.7,0,1,1,0,108.62
2005,6,8,22,2,113,109.63,321.7,0,1,1,0,109.63
2005,6,8,22,2,113,110.64,321.7,0,1,1,0,110.64
2005,6,8,22,2,113,111.65,321.7,0,1,1,0,111.65
2005,6,8,22,2,113,112.66,321.7,0,1,1,0,112.66
2005,6,8,22,2,113,113.67,321.7,0,1,1,0,113.67
2005,6,8,22,2,113,114.68,321.7,0,1,1,0,114.68
2005,6,8,22,2,113,115.69,321.7,0,1,1,0,115.69
2005,6,8,22,2,113,116.7,321.6,0,1,1,0,116.7
2005,6,8,23,2,113,86.57,16.2,0,1,1,0,86.57
2005,6,8,23,2,113,104.58,291.1,0,1,1,0,104.58
2005,6,8,23,2,113,105.59,291.1,0,1,1,0,105.59
2005,6,8,23,2,113,106.6,291.1,0,1,1,0,106.6
2005,6,8,23,2,113,107.61,291.1,0,1,1,0,107.61
2005,6,8,23,2,113,108.62,291.1,0,1,1,0,108.62
2005,6,8,23,2,113,109.63,291.1,0,1,1,0,109.63
2005,6,8,23,2,113,110.64,291.1,0,1,1,0,110.64
2005,6,8,23,2,113,111.65,291.1,0,1,1,0,111.65
2005,6,8,23,2,113,112.66,291.1,0,1,1,0,112.66
2005,6,8,23,2,113,113.67,291.1,0,1,1,0,113.67
2005,6,8,23,2,113,114.68,291.1,0,1,1,0,114.68
2005,6,8,23,2,113,115.69,291.1,0,1,1,0,115.69
2005,6,8,23,2,113,116.7,291.4,0,1,1,0,116.7
2005,6,8,24,2,113,104.58,275.1,0,1,1,0,104.58
2005,6,8,24,2,113,105.59,275.1,0,1,1,0,105.59
2005,6,8,24,2,113,106.6,275.1,0,1,1,0,106.6
2005,6,8,24,2,113,107.61,275.1,0,1,1,0,107.61
2005,6,8,24,2,113,108.62,275.1,0,1,1,0,108.62
2005,6,8,24,2,113,109.63,275.1,0,1,1,0,109.63
2005,6,8,24,2,113,110.64,275.1,0,1,1,0,110.64
2005,6,8,24,2,113,111.65,275.1,0,1,1,0,111.65
2005,6,8,24,2,113,112.66,275.1,0,1,1,0,112.66
2005,6,8,24,2,113,113.67,275.1,0,1,1,0,113.67
2005,6,8,24,2,113,114.68,275.1,0,1,1,0,114.68
2005,6,8,24,2,113,115.69,275.1,0,1,1,0,115.69
2005,6,8,24,2,113,116.7,275.5,0,1,1,0,116.7
2005,6,8,1,2,114,180.3,28.8,0,1,1,0,180.3
2005,6,8,2,2,114,180.3,22.6,0,1,1,0,180.3
2005,6,8,3,2,114,180.3,19.5,0,1,1,0,180.3
2005,6,8,4,2,114,180.3,19.5,0,1,1,0,180.3
2005,6,8,5,2,114,180.3,18.5,0,1,1,0,180.3
2005,6,8,6,2,114,180.3,19.5,0,1,1,0,180.3
2005,6,8,7,2,114,180.3,21.6,0,1,1,0,180.3
2005,6,8,8,2,114,180.3,37,0,1,1,0,180.3
2005,6,8,9,2,114,180.3,49.5,0,1,1,0,180.3
2005,6,8,10,2,114,180.3,58.8,0,1,1,0,180.3
2005,6,8,11,2,114,180.3,54.6,0,1,1,0,180.3
2005,6,8,12,2,114,180.3,42.3,0,1,1,0,180.3
2005,6,8,13,2,114,180.3,42.3,0,1,1,0,180.3
2005,6,8,14,2,114,180.3,38.1,0,1,1,0,180.3
2005,6,8,15,2,114,180.3,34,0,1,1,0,180.3
2005,6,8,16,2,114,180.3,36.1,0,1,1,0,180.3
2005,6,8,17,2,114,180.3,37.1,0,1,1,0,180.3
2005,6,8,18,2,114,180.3,43.3,0,1,1,0,180.3
2005,6,8,19,2,114,180.3,43.3,0,1,1,0,180.3
2005,6,8,20,2,114,180.3,42.3,0,1,1,0,180.3
2005,6,8,21,2,114,180.3,37.1,0,1,1,0,180.3
2005,6,8,22,2,114,180.3,35.1,0,1,1,0,180.3
2005,6,8,23,2,114,180.3,29.9,0,1,1,0,180.3
2005,6,8,24,2,114,180.3,21.7,0,1,1,0,180.3
2005,6,8,1,2,115,0,54.2,0,2,1,0,0
2005,6,8,2,2,115,0,54.2,0,2,1,0,0
2005,6,8,3,2,115,0,54.3,0,2,1,0,0
2005,6,8,4,2,115,0,54.6,0,2,1,0,0
2005,6,8,5,2,115,0,55,0,2,1,0,0
2005,6,8,6,2,115,0,55.1,0,2,1,0,0
2005,6,8,7,2,115,0,55.4,0,2,1,0,0
2005,6,8,8,2,115,0,55,0,2,1,0,0
2005,6,8,9,2,115,0,54.9,0,2,1,0,0
2005,6,8,10,2,115,0,54.7,0,2,1,0,0
2005,6,8,11,2,115,0,54.2,0,2,1,0,0
2005,6,8,12,2,115,0,53.9,0,2,1,0,0
2005,6,8,13,2,115,0,53.6,0,2,1,0,0
2005,6,8,14,2,115,0,53.5,0,2,1,0,0
2005,6,8,15,2,115,0,53.7,0,2,1,0,0
2005,6,8,16,2,115,0,53.4,0,2,1,0,0
2005,6,8,17,2,115,0,53.1,0,2,1,0,0
2005,6,8,18,2,115,0,53.2,0,2,1,0,0
2005,6,8,19,2,115,0,53.3,0,2,1,0,0
2005,6,8,20,2,115,0,53.4,0,2,1,0,0
2005,6,8,21,2,115,0,53.5,0,2,1,0,0
2005,6,8,22,2,115,0,53.9,0,2,1,0,0
2005,6,8,23,2,115,0,54.2,0,2,1,0,0
2005,6,8,24,2,115,0,54.2,0,2,1,0,0
2005,6,8,1,2,116,180.3,276,0,1,1,0,180.3
2005,6,8,2,2,116,180.3,244.7,0,1,1,0,180.3
2005,6,8,3,2,116,180.3,239.9,0,1,1,0,180.3
2005,6,8,4,2,116,180.3,236,0,1,1,0,180.3
2005,6,8,5,2,116,180.3,234.5,0,1,1,0,180.3
2005,6,8,6,2,116,180.3,241.4,0,1,1,0,180.3
2005,6,8,7,2,116,180.3,260,0,1,1,0,180.3
2005,6,8,8,2,116,180.3,285.6,0,1,1,0,180.3
2005,6,8,9,2,116,180.3,336.8,0,1,1,0,180.3
2005,6,8,10,2,116,180.3,360.7,0,1,1,0,180.3
2005,6,8,11,2,116,180.3,393.8,0,1,1,0,180.3
2005,6,8,12,2,116,180.3,399.6,0,1,1,0,180.3
2005,6,8,13,2,116,180.3,377.4,0,1,1,0,180.3
2005,6,8,14,2,116,180.3,379.3,0,1,1,0,180.3
2005,6,8,15,2,116,180.3,395.4,0,1,1,0,180.3
2005,6,8,16,2,116,180.3,396.8,0,1,1,0,180.3
2005,6,8,17,2,116,180.3,396.2,0,1,1,0,180.3
2005,6,8,18,2,116,180.3,382.3,0,1,1,0,180.3
2005,6,8,19,2,116,180.3,365,0,1,1,0,180.3
2005,6,8,20,2,116,180.3,343.9,0,1,1,0,180.3
2005,6,8,21,2,116,180.3,330.9,0,1,1,0,180.3
2005,6,8,22,2,116,180.3,326.4,0,1,1,0,180.3
2005,6,8,23,2,116,180.3,308,0,1,1,0,180.3
2005,6,8,24,2,116,180.3,284.9,0,1,1,0,180.3
2005,6,8,20,2,117,0,225,0,2,1,0,0
2005,6,8,21,2,117,0,225,0,2,1,0,0
2005,6,8,22,2,117,0,225,0,2,1,0,0
2005,6,8,23,2,117,0,225,0,2,1,0,0
2005,6,8,24,2,117,0,225,0,2,1,0,0
2005,6,8,1,2,118,1,50,0,1,0,0,1
2005,6,8,2,2,118,1,50,0,1,0,0,1
2005,6,8,3,2,118,1,50,0,1,0,0,1
2005,6,8,4,2,118,1,50,0,1,0,0,1
2005,6,8,5,2,118,1,50,0,1,0,0,1
2005,6,8,6,2,118,1,50,0,1,0,0,1
2005,6,8,7,2,118,1,50,0,1,0,0,1
2005,6,8,8,2,118,1,50,0,1,0,0,1
2005,6,8,9,2,118,1,50,0,1,0,0,1
2005,6,8,10,2,118,1,50,0,1,0,0,1
2005,6,8,11,2,118,1,50,0,1,0,0,1
2005,6,8,12,2,118,1,50,0,1,0,0,1
2005,6,8,13,2,118,1,50,0,1,0,0,1
2005,6,8,14,2,118,1,50,0,1,0,0,1
2005,6,8,15,2,118,1,50,0,1,0,0,1
2005,6,8,16,2,118,1,50,0,1,0,0,1
2005,6,8,17,2,118,1,50,0,1,0,0,1
2005,6,8,18,2,118,1,50,0,1,0,0,1
2005,6,8,19,2,118,1,50,0,1,0,0,1
2005,6,8,20,2,118,1,50,0,1,0,0,1
2005,6,8,21,2,118,1,50,0,1,0,0,1
2005,6,8,22,2,118,1,50,0,1,0,0,1
2005,6,8,23,2,118,1,50,0,1,0,0,1
2005,6,8,24,2,118,1,50,0,1,0,0,1
2005,6,8,1,9,119,0,2.5,0,2,1,0,0
2005,6,8,2,9,119,0,2.5,0,2,1,0,0
2005,6,8,3,9,119,0,2.5,0,2,1,0,0
2005,6,8,4,9,119,0,2.5,0,2,1,0,0
2005,6,8,5,9,119,0,2.5,0,2,1,0,0
2005,6,8,6,9,119,0,2.5,0,2,1,0,0
2005,6,8,7,9,119,0,2.5,0,2,1,0,0
2005,6,8,8,9,119,0,2.5,0,2,1,0,0
2005,6,8,9,9,119,0,2.4,0,2,1,0,0
2005,6,8,10,9,119,0,2.4,0,2,1,0,0
2005,6,8,11,9,119,0,2.4,0,2,1,0,0
2005,6,8,12,9,119,0,2.4,0,2,1,0,0
2005,6,8,13,9,119,0,2.3,0,2,1,0,0
2005,6,8,14,9,119,0,2.3,0,2,1,0,0
2005,6,8,15,9,119,0,2.3,0,2,1,0,0
2005,6,8,16,9,119,0,2.3,0,2,1,0,0
2005,6,8,17,9,119,0,2.3,0,2,1,0,0
2005,6,8,18,9,119,0,2.3,0,2,1,0,0
2005,6,8,19,9,119,0,2.3,0,2,1,0,0
2005,6,8,20,9,119,0,2.3,0,2,1,0,0
2005,6,8,21,9,119,0,2.3,0,2,1,0,0
2005,6,8,22,9,119,0,2.4,0,2,1,0,0
2005,6,8,23,9,119,0,2.4,0,2,1,0,0
2005,6,8,24,9,119,0,2.5,0,2,1,0,0
2005,6,8,1,9,120,0,36.8,0,2,1,0,0
2005,6,8,2,9,120,0,34.1,0,2,1,0,0
2005,6,8,3,9,120,0,31.9,0,2,1,0,0
2005,6,8,4,9,120,0,30.3,0,2,1,0,0
2005,6,8,5,9,120,0,28.6,0,2,1,0,0
2005,6,8,6,9,120,0,25.9,0,2,1,0,0
2005,6,8,7,9,120,0,24.7,0,2,1,0,0
2005,6,8,8,9,120,0,22.8,0,2,1,0,0
2005,6,8,9,9,120,0,19,0,2,1,0,0
2005,6,8,10,9,120,0,13.4,0,2,1,0,0
2005,6,8,11,9,120,0,8.3,0,2,1,0,0
2005,6,8,12,9,120,0,6.3,0,2,1,0,0
2005,6,8,13,9,120,0,.2,0,2,1,0,0
2005,6,8,14,9,120,0,2.5,0,2,1,0,0
2005,6,8,15,9,120,0,4.8,0,2,1,0,0
2005,6,8,16,9,120,0,7.6,0,2,1,0,0
2005,6,8,17,9,120,0,10.2,0,2,1,0,0
2005,6,8,18,9,120,0,13.4,0,2,1,0,0
2005,6,8,19,9,120,0,15.9,0,2,1,0,0
2005,6,8,20,9,120,0,24.5,0,2,1,0,0
2005,6,8,21,9,120,0,23.6,0,2,1,0,0
2005,6,8,22,9,120,0,19.4,0,2,1,0,0
2005,6,8,23,9,120,0,13.9,0,2,1,0,0
2005,6,8,24,9,120,0,9.7,0,2,1,0,0
2005,6,8,1,9,121,0,18.6,0,2,1,0,0
2005,6,8,2,9,121,0,18.6,0,2,1,0,0
2005,6,8,3,9,121,0,18.6,0,2,1,0,0
2005,6,8,4,9,121,0,18.5,0,2,1,0,0
2005,6,8,5,9,121,0,18.6,0,2,1,0,0
2005,6,8,6,9,121,0,18.8,0,2,1,0,0
2005,6,8,7,9,121,0,18.9,0,2,1,0,0
2005,6,8,8,9,121,0,19.1,0,2,1,0,0
2005,6,8,9,9,121,0,19,0,2,1,0,0
2005,6,8,10,9,121,0,18.9,0,2,1,0,0
2005,6,8,11,9,121,0,18.4,0,2,1,0,0
2005,6,8,12,9,121,0,18.2,0,2,1,0,0
2005,6,8,13,9,121,0,18.2,0,2,1,0,0
2005,6,8,14,9,121,0,18.2,0,2,1,0,0
2005,6,8,15,9,121,0,18.2,0,2,1,0,0
2005,6,8,16,9,121,0,18,0,2,1,0,0
2005,6,8,17,9,121,0,17.9,0,2,1,0,0
2005,6,8,18,9,121,0,18.1,0,2,1,0,0
2005,6,8,19,9,121,0,17.9,0,2,1,0,0
2005,6,8,20,9,121,0,18,0,2,1,0,0
2005,6,8,21,9,121,0,18.1,0,2,1,0,0
2005,6,8,22,9,121,0,18.1,0,2,1,0,0
2005,6,8,23,9,121,0,18.3,0,2,1,0,0
2005,6,8,24,9,121,0,18.3,0,2,1,0,0
2005,6,8,1,1,1058,129.09,267.8,.800689,2,0,0,129.09
2005,6,8,2,1,1058,129.09,267.8,.800689,2,0,0,129.09
2005,6,8,3,1,1058,129.09,267.8,.800689,2,0,0,129.09
2005,6,8,4,1,1058,129.09,267.8,.800689,2,0,0,129.09
2005,6,8,5,1,1058,129.09,267.8,.800689,2,0,0,129.09
2005,6,8,6,1,1058,129.09,267.8,.800689,2,0,0,129.09
2005,6,8,7,1,1058,129.09,267.8,.800689,2,0,0,129.09
2005,6,8,8,1,1058,129.09,267.8,.800689,2,0,0,129.09
2005,6,8,9,1,1058,129.09,267.8,.800689,2,0,0,129.09
2005,6,8,10,1,1058,129.09,267.8,.800689,2,0,0,129.09
2005,6,8,11,1,1058,129.09,267.8,.800689,2,0,0,129.09
2005,6,8,12,1,1058,129.09,267.8,.800689,2,0,0,129.09
2005,6,8,13,1,1058,129.09,267.8,.800689,2,0,0,129.09
2005,6,8,14,1,1058,129.09,267.8,.800689,2,0,0,129.09
2005,6,8,15,1,1058,129.09,267.8,.800689,2,0,0,129.09
2005,6,8,16,1,1058,129.09,267.8,.800689,2,0,0,129.09
2005,6,8,17,1,1058,129.09,267.8,.800689,2,0,0,129.09
2005,6,8,18,1,1058,129.09,267.8,.800689,2,0,0,129.09
2005,6,8,19,1,1058,129.09,267.8,.800689,2,0,0,129.09
2005,6,8,20,1,1058,129.09,267.8,.800689,2,0,0,129.09
2005,6,8,21,1,1058,129.09,267.8,.800689,2,0,0,129.09
2005,6,8,22,1,1058,129.09,267.8,.800689,2,0,0,129.09
2005,6,8,23,1,1058,129.09,267.8,.800689,2,0,0,129.09
2005,6,8,24,1,1058,129.09,267.8,.800689,2,0,0,129.09
2005,6,8,1,1,1059,123.43,269.5,.800689,2,0,0,123.43
2005,6,8,2,1,1059,123.43,269.5,.800689,2,0,0,123.43
2005,6,8,3,1,1059,123.43,269.5,.800689,2,0,0,123.43
2005,6,8,4,1,1059,123.43,269.5,.800689,2,0,0,123.43
2005,6,8,5,1,1059,123.43,269.5,.800689,2,0,0,123.43
2005,6,8,6,1,1059,123.43,269.5,.800689,2,0,0,123.43
2005,6,8,7,1,1059,123.43,269.5,.800689,2,0,0,123.43
2005,6,8,8,1,1059,123.43,269.5,.800689,2,0,0,123.43
2005,6,8,9,1,1059,123.43,269.5,.800689,2,0,0,123.43
2005,6,8,10,1,1059,123.43,269.5,.800689,2,0,0,123.43
2005,6,8,11,1,1059,123.43,269.5,.800689,2,0,0,123.43
2005,6,8,12,1,1059,123.43,269.5,.800689,2,0,0,123.43
2005,6,8,13,1,1059,123.43,269.5,.800689,2,0,0,123.43
2005,6,8,14,1,1059,123.43,269.5,.800689,2,0,0,123.43
2005,6,8,15,1,1059,123.43,269.5,.800689,2,0,0,123.43
2005,6,8,16,1,1059,123.43,269.5,.800689,2,0,0,123.43
2005,6,8,17,1,1059,123.43,269.5,.800689,2,0,0,123.43
2005,6,8,18,1,1059,123.43,269.5,.800689,2,0,0,123.43
2005,6,8,19,1,1059,123.43,269.5,.800689,2,0,0,123.43
2005,6,8,20,1,1059,123.43,269.5,.800689,2,0,0,123.43
2005,6,8,21,1,1059,123.43,269.5,.800689,2,0,0,123.43
2005,6,8,22,1,1059,123.43,269.5,.800689,2,0,0,123.43
2005,6,8,23,1,1059,123.43,269.5,.800689,2,0,0,123.43
2005,6,8,24,1,1059,123.43,269.5,.800689,2,0,0,123.43
2005,6,8,1,9,124,180.3,.8,0,1,1,0,180.3
2005,6,8,2,9,124,180.3,.8,0,1,1,0,180.3
2005,6,8,3,9,124,180.3,.8,0,1,1,0,180.3
2005,6,8,4,9,124,180.3,.8,0,1,1,0,180.3
2005,6,8,5,9,124,180.3,.8,0,1,1,0,180.3
2005,6,8,6,9,124,180.3,.8,0,1,1,0,180.3
2005,6,8,7,9,124,180.3,.9,0,1,1,0,180.3
2005,6,8,8,9,124,180.3,1,0,1,1,0,180.3
2005,6,8,9,9,124,180.3,1,0,1,1,0,180.3
2005,6,8,10,9,124,180.3,1.1,0,1,1,0,180.3
2005,6,8,11,9,124,180.3,1.1,0,1,1,0,180.3
2005,6,8,12,9,124,180.3,1.1,0,1,1,0,180.3
2005,6,8,13,9,124,180.3,1.1,0,1,1,0,180.3
2005,6,8,14,9,124,180.3,1,0,1,1,0,180.3
2005,6,8,15,9,124,180.3,1,0,1,1,0,180.3
2005,6,8,16,9,124,180.3,1,0,1,1,0,180.3
2005,6,8,17,9,124,180.3,1,0,1,1,0,180.3
2005,6,8,18,9,124,180.3,1,0,1,1,0,180.3
2005,6,8,19,9,124,180.3,1,0,1,1,0,180.3
2005,6,8,20,9,124,180.3,1.1,0,1,1,0,180.3
2005,6,8,21,9,124,180.3,1.3,0,1,1,0,180.3
2005,6,8,22,9,124,180.3,1.1,0,1,1,0,180.3
2005,6,8,23,9,124,180.3,1,0,1,1,0,180.3
2005,6,8,24,9,124,180.3,.8,0,1,1,0,180.3
2005,6,8,1,9,125,0,16.6,0,2,1,0,0
2005,6,8,1,9,125,150,7.4,0,2,0,0,150
2005,6,8,2,9,125,0,16.6,0,2,1,0,0
2005,6,8,2,9,125,150,7.4,0,2,0,0,150
2005,6,8,3,9,125,0,16.5,0,2,1,0,0
2005,6,8,3,9,125,150,7.5,0,2,0,0,150
2005,6,8,4,9,125,0,16.5,0,2,1,0,0
2005,6,8,4,9,125,150,7.5,0,2,0,0,150
2005,6,8,5,9,125,0,16.5,0,2,1,0,0
2005,6,8,5,9,125,150,7.5,0,2,0,0,150
2005,6,8,6,9,125,0,16.5,0,2,1,0,0
2005,6,8,6,9,125,150,7.5,0,2,0,0,150
2005,6,8,7,9,125,0,15.5,0,2,1,0,0
2005,6,8,7,9,125,150,8.5,0,2,0,0,150
2005,6,8,8,9,125,0,15,0,2,1,0,0
2005,6,8,8,9,125,150,9,0,2,0,0,150
2005,6,8,9,9,125,0,15,0,2,1,0,0
2005,6,8,9,9,125,150,9,0,2,0,0,150
2005,6,8,10,9,125,0,15,0,2,1,0,0
2005,6,8,10,9,125,150,9,0,2,0,0,150
2005,6,8,11,9,125,0,15.8,0,2,1,0,0
2005,6,8,11,9,125,150,8.2,0,2,0,0,150
2005,6,8,12,9,125,0,15.5,0,2,1,0,0
2005,6,8,12,9,125,150,8.5,0,2,0,0,150
2005,6,8,13,9,125,0,15.7,0,2,1,0,0
2005,6,8,13,9,125,150,8.3,0,2,0,0,150
2005,6,8,14,9,125,0,15.8,0,2,1,0,0
2005,6,8,14,9,125,150,8.2,0,2,0,0,150
2005,6,8,15,9,125,0,15.9,0,2,1,0,0
2005,6,8,15,9,125,150,8.1,0,2,0,0,150
2005,6,8,16,9,125,0,15,0,2,1,0,0
2005,6,8,16,9,125,150,9,0,2,0,0,150
2005,6,8,17,9,125,0,15,0,2,1,0,0
2005,6,8,17,9,125,150,9,0,2,0,0,150
2005,6,8,18,9,125,0,15,0,2,1,0,0
2005,6,8,18,9,125,150,9,0,2,0,0,150
2005,6,8,19,9,125,0,15,0,2,1,0,0
2005,6,8,19,9,125,150,9,0,2,0,0,150
2005,6,8,20,9,125,0,15,0,2,1,0,0
2005,6,8,20,9,125,150,9,0,2,0,0,150
2005,6,8,21,9,125,0,15,0,2,1,0,0
2005,6,8,21,9,125,150,9,0,2,0,0,150
2005,6,8,22,9,125,0,15,0,2,1,0,0
2005,6,8,22,9,125,150,9,0,2,0,0,150
2005,6,8,23,9,125,0,15.5,0,2,1,0,0
2005,6,8,23,9,125,150,8.5,0,2,0,0,150
2005,6,8,24,9,125,0,16.3,0,2,1,0,0
2005,6,8,24,9,125,150,7.7,0,2,0,0,150
2005,6,8,1,2,1064,0,89,.579541,2,1,0,0
2005,6,8,1,2,1064,55.51,180,.579541,2,0,0,63.564509
2005,6,8,1,2,1064,57.02,181,.579541,2,0,0,63.564509
2005,6,8,1,2,1064,120.03,52,.579541,2,0,0,120.03
2005,6,8,2,2,1064,0,89,.579541,2,1,0,0
2005,6,8,2,2,1064,55.51,180,.579541,2,0,0,63.564509
2005,6,8,2,2,1064,57.02,181,.579541,2,0,0,63.564509
2005,6,8,2,2,1064,120.03,52,.579541,2,0,0,120.03
2005,6,8,3,2,1064,0,89,.579541,2,1,0,0
2005,6,8,3,2,1064,55.51,180,.579541,2,0,0,63.564509
2005,6,8,3,2,1064,57.02,181,.579541,2,0,0,63.564509
2005,6,8,3,2,1064,120.03,52,.579541,2,0,0,120.03
2005,6,8,4,2,1064,0,89,.579541,2,1,0,0
2005,6,8,4,2,1064,55.51,180,.579541,2,0,0,63.564509
2005,6,8,4,2,1064,57.02,181,.579541,2,0,0,63.564509
2005,6,8,4,2,1064,120.03,52,.579541,2,0,0,120.03
2005,6,8,5,2,1064,0,89,.579541,2,1,0,0
2005,6,8,5,2,1064,55.51,180,.579541,2,0,0,63.564509
2005,6,8,5,2,1064,57.02,181,.579541,2,0,0,63.564509
2005,6,8,5,2,1064,120.03,52,.579541,2,0,0,120.03
2005,6,8,6,2,1064,0,89,.579541,2,1,0,0
2005,6,8,6,2,1064,55.51,180,.579541,2,0,0,63.564509
2005,6,8,6,2,1064,57.02,181,.579541,2,0,0,63.564509
2005,6,8,6,2,1064,120.03,52,.579541,2,0,0,120.03
2005,6,8,7,2,1064,0,89,.579541,2,1,0,0
2005,6,8,7,2,1064,55.51,180,.579541,2,0,0,63.564509
2005,6,8,7,2,1064,57.02,181,.579541,2,0,0,63.564509
2005,6,8,7,2,1064,120.03,52,.579541,2,0,0,120.03
2005,6,8,8,2,1064,0,89,.579541,2,1,0,0
2005,6,8,8,2,1064,55.51,180,.579541,2,1,0,63.564509
2005,6,8,8,2,1064,57.02,161.8,.579541,2,1,0,63.564509
2005,6,8,8,2,1064,120.03,52,.579541,2,0,0,120.03
2005,6,8,9,2,1064,0,89,.579541,2,1,0,0
2005,6,8,9,2,1064,55.51,180,.579541,2,1,0,63.564509
2005,6,8,9,2,1064,57.02,181,.579541,2,1,0,63.564509
2005,6,8,9,2,1064,120.03,52,.579541,2,0,0,120.03
2005,6,8,10,2,1064,0,89,.579541,2,1,0,0
2005,6,8,10,2,1064,36.44,180,.579541,2,1,0,63.564509
2005,6,8,10,2,1064,36.52,181,.579541,2,1,0,63.564509
2005,6,8,10,2,1064,120.03,52,.579541,2,0,0,120.03
2005,6,8,11,2,1064,0,89,.579541,2,1,0,0
2005,6,8,11,2,1064,36.34,180,.579541,2,1,0,63.564509
2005,6,8,11,2,1064,36.42,181,.579541,2,1,0,63.564509
2005,6,8,11,2,1064,120.03,52,.579541,2,0,0,120.03
2005,6,8,12,2,1064,0,89,.579541,2,1,0,0
2005,6,8,12,2,1064,36.04,180,.579541,2,1,0,63.564509
2005,6,8,12,2,1064,36.12,181,.579541,2,1,0,63.564509
2005,6,8,12,2,1064,120.03,52,.579541,2,0,0,120.03
2005,6,8,13,2,1064,0,89,.579541,2,1,0,0
2005,6,8,13,2,1064,35.83,180,.579541,2,1,0,63.564509
2005,6,8,13,2,1064,35.9,181,.579541,2,1,0,63.564509
2005,6,8,13,2,1064,120.03,52,.579541,2,0,0,120.03
2005,6,8,14,2,1064,0,89,.579541,2,1,0,0
2005,6,8,14,2,1064,36.17,180,.579541,2,1,0,63.564509
2005,6,8,14,2,1064,36.25,181,.579541,2,1,0,63.564509
2005,6,8,14,2,1064,120.03,52,.579541,2,0,0,120.03
2005,6,8,15,2,1064,0,89,.579541,2,1,0,0
2005,6,8,15,2,1064,36.22,180,.579541,2,1,0,63.564509
2005,6,8,15,2,1064,36.3,181,.579541,2,1,0,63.564509
2005,6,8,15,2,1064,120.03,52,.579541,2,0,0,120.03
2005,6,8,16,2,1064,0,89,.579541,2,1,0,0
2005,6,8,16,2,1064,36.08,180,.579541,2,1,0,63.564509
2005,6,8,16,2,1064,36.16,181,.579541,2,1,0,63.564509
2005,6,8,16,2,1064,120.03,52,.579541,2,0,0,120.03
2005,6,8,17,2,1064,0,89,.579541,2,1,0,0
2005,6,8,17,2,1064,36.04,180,.579541,2,1,0,63.564509
2005,6,8,17,2,1064,36.12,181,.579541,2,1,0,63.564509
2005,6,8,17,2,1064,120.03,52,.579541,2,0,0,120.03
2005,6,8,18,2,1064,0,89,.579541,2,1,0,0
2005,6,8,18,2,1064,35.82,180,.579541,2,1,0,63.564509
2005,6,8,18,2,1064,35.9,181,.579541,2,1,0,63.564509
2005,6,8,18,2,1064,120.03,52,.579541,2,0,0,120.03
2005,6,8,19,2,1064,0,89,.579541,2,1,0,0
2005,6,8,19,2,1064,35.96,180,.579541,2,1,0,63.564509
2005,6,8,19,2,1064,36.04,181,.579541,2,1,0,63.564509
2005,6,8,19,2,1064,120.03,52,.579541,2,0,0,120.03
2005,6,8,20,2,1064,0,89,.579541,2,1,0,0
2005,6,8,20,2,1064,55.01,180,.579541,2,1,0,63.564509
2005,6,8,20,2,1064,57.02,181,.579541,2,1,0,63.564509
2005,6,8,20,2,1064,120.03,52,.579541,2,0,0,120.03
2005,6,8,21,2,1064,0,89,.579541,2,1,0,0
2005,6,8,21,2,1064,55.01,180,.579541,2,1,0,63.564509
2005,6,8,21,2,1064,57.02,181,.579541,2,1,0,63.564509
2005,6,8,21,2,1064,120.03,52,.579541,2,0,0,120.03
2005,6,8,22,2,1064,0,89,.579541,2,1,0,0
2005,6,8,22,2,1064,55.01,180,.579541,2,1,0,63.564509
2005,6,8,22,2,1064,57.02,181,.579541,2,1,0,63.564509
2005,6,8,22,2,1064,120.03,52,.579541,2,0,0,120.03
2005,6,8,23,2,1064,0,89,.579541,2,1,0,0
2005,6,8,23,2,1064,55.01,180,.579541,2,1,0,63.564509
2005,6,8,23,2,1064,57.02,181,.579541,2,1,0,63.564509
2005,6,8,23,2,1064,120.03,52,.579541,2,0,0,120.03
2005,6,8,24,2,1064,0,89,.579541,2,1,0,0
2005,6,8,24,2,1064,55.01,180,.579541,2,0,0,63.564509
2005,6,8,24,2,1064,57.02,181,.579541,2,0,0,63.564509
2005,6,8,24,2,1064,120.03,52,.579541,2,0,0,120.03
2005,6,8,1,1,127,0,222.5,0,2,1,0,0
2005,6,8,1,1,127,120.01,10.5,0,2,0,0,120.01
2005,6,8,2,1,127,0,222.5,0,2,1,0,0
2005,6,8,2,1,127,120.01,10.5,0,2,0,0,120.01
2005,6,8,3,1,127,0,222.5,0,2,1,0,0
2005,6,8,3,1,127,120.01,10.5,0,2,0,0,120.01
2005,6,8,4,1,127,0,222.5,0,2,1,0,0
2005,6,8,4,1,127,120.01,10.5,0,2,0,0,120.01
2005,6,8,5,1,127,0,222.5,0,2,1,0,0
2005,6,8,5,1,127,120.01,10.5,0,2,0,0,120.01
2005,6,8,6,1,127,0,222.5,0,2,1,0,0
2005,6,8,6,1,127,120.01,10.5,0,2,0,0,120.01
2005,6,8,7,1,127,0,222.5,0,2,1,0,0
2005,6,8,7,1,127,120.01,10.5,0,2,0,0,120.01
2005,6,8,8,1,127,0,222.5,0,2,1,0,0
2005,6,8,8,1,127,120.01,10.5,0,2,0,0,120.01
2005,6,8,9,1,127,0,222.5,0,2,1,0,0
2005,6,8,9,1,127,120.01,10.5,0,2,0,0,120.01
2005,6,8,10,1,127,0,222.5,0,2,1,0,0
2005,6,8,10,1,127,120.01,10.5,0,2,0,0,120.01
2005,6,8,11,1,127,0,222.5,0,2,1,0,0
2005,6,8,11,1,127,120.01,10.5,0,2,0,0,120.01
2005,6,8,12,1,127,0,222.5,0,2,1,0,0
2005,6,8,12,1,127,120.01,10.5,0,2,0,0,120.01
2005,6,8,13,1,127,0,222.5,0,2,1,0,0
2005,6,8,13,1,127,120.01,10.5,0,2,0,0,120.01
2005,6,8,14,1,127,0,222.5,0,2,1,0,0
2005,6,8,14,1,127,120.01,10.5,0,2,0,0,120.01
2005,6,8,15,1,127,0,222.5,0,2,1,0,0
2005,6,8,15,1,127,120.01,10.5,0,2,0,0,120.01
2005,6,8,16,1,127,0,222.5,0,2,1,0,0
2005,6,8,16,1,127,120.01,10.5,0,2,0,0,120.01
2005,6,8,17,1,127,0,222.5,0,2,1,0,0
2005,6,8,17,1,127,120.01,10.5,0,2,0,0,120.01
2005,6,8,18,1,127,0,222.5,0,2,1,0,0
2005,6,8,18,1,127,120.01,10.5,0,2,0,0,120.01
2005,6,8,19,1,127,0,222.5,0,2,1,0,0
2005,6,8,19,1,127,120.01,10.5,0,2,0,0,120.01
2005,6,8,20,1,127,0,222.5,0,2,1,0,0
2005,6,8,20,1,127,120.01,10.5,0,2,0,0,120.01
2005,6,8,21,1,127,0,222.5,0,2,1,0,0
2005,6,8,21,1,127,120.01,10.5,0,2,0,0,120.01
2005,6,8,22,1,127,0,222.5,0,2,1,0,0
2005,6,8,22,1,127,120.01,10.5,0,2,0,0,120.01
2005,6,8,23,1,127,0,222.5,0,2,1,0,0
2005,6,8,23,1,127,120.01,10.5,0,2,0,0,120.01
2005,6,8,24,1,127,0,222.5,0,2,1,0,0
2005,6,8,24,1,127,120.01,10.5,0,2,0,0,120.01
2005,6,8,1,2,127,0,222.5,0,2,1,0,0
2005,6,8,1,2,127,120.01,10.5,0,2,0,0,120.01
2005,6,8,2,2,127,0,222.5,0,2,1,0,0
2005,6,8,2,2,127,120.01,10.5,0,2,0,0,120.01
2005,6,8,3,2,127,0,222.5,0,2,1,0,0
2005,6,8,3,2,127,120.01,10.5,0,2,0,0,120.01
2005,6,8,4,2,127,0,222.5,0,2,1,0,0
2005,6,8,4,2,127,120.01,10.5,0,2,0,0,120.01
2005,6,8,5,2,127,0,222.5,0,2,1,0,0
2005,6,8,5,2,127,120.01,10.5,0,2,0,0,120.01
2005,6,8,6,2,127,0,222.5,0,2,1,0,0
2005,6,8,6,2,127,120.01,10.5,0,2,0,0,120.01
2005,6,8,7,2,127,0,222.5,0,2,1,0,0
2005,6,8,7,2,127,120.01,10.5,0,2,0,0,120.01
2005,6,8,8,2,127,0,222.5,0,2,1,0,0
2005,6,8,8,2,127,120.01,10.5,0,2,0,0,120.01
2005,6,8,9,2,127,0,222.5,0,2,1,0,0
2005,6,8,9,2,127,120.01,10.5,0,2,0,0,120.01
2005,6,8,10,2,127,0,222.5,0,2,1,0,0
2005,6,8,10,2,127,120.01,10.5,0,2,0,0,120.01
2005,6,8,11,2,127,0,222.5,0,2,1,0,0
2005,6,8,11,2,127,120.01,10.5,0,2,0,0,120.01
2005,6,8,12,2,127,0,222.5,0,2,1,0,0
2005,6,8,12,2,127,120.01,10.5,0,2,0,0,120.01
2005,6,8,13,2,127,0,222.5,0,2,1,0,0
2005,6,8,13,2,127,120.01,10.5,0,2,0,0,120.01
2005,6,8,14,2,127,0,222.5,0,2,1,0,0
2005,6,8,14,2,127,120.01,10.5,0,2,0,0,120.01
2005,6,8,15,2,127,0,222.5,0,2,1,0,0
2005,6,8,15,2,127,120.01,10.5,0,2,0,0,120.01
2005,6,8,16,2,127,0,222.5,0,2,1,0,0
2005,6,8,16,2,127,120.01,10.5,0,2,0,0,120.01
2005,6,8,17,2,127,0,222.5,0,2,1,0,0
2005,6,8,17,2,127,120.01,10.5,0,2,0,0,120.01
2005,6,8,18,2,127,0,222.5,0,2,1,0,0
2005,6,8,18,2,127,120.01,10.5,0,2,0,0,120.01
2005,6,8,19,2,127,0,222.5,0,2,1,0,0
2005,6,8,19,2,127,120.01,10.5,0,2,0,0,120.01
2005,6,8,20,2,127,0,222.5,0,2,1,0,0
2005,6,8,20,2,127,120.01,10.5,0,2,0,0,120.01
2005,6,8,21,2,127,0,222.5,0,2,1,0,0
2005,6,8,21,2,127,120.01,10.5,0,2,0,0,120.01
2005,6,8,22,2,127,0,222.5,0,2,1,0,0
2005,6,8,22,2,127,120.01,10.5,0,2,0,0,120.01
2005,6,8,23,2,127,0,222.5,0,2,1,0,0
2005,6,8,23,2,127,120.01,10.5,0,2,0,0,120.01
2005,6,8,24,2,127,0,222.5,0,2,1,0,0
2005,6,8,24,2,127,120.01,10.5,0,2,0,0,120.01
2005,6,8,1,4,128,0,2.9,0,2,1,0,0
2005,6,8,2,4,128,0,2.9,0,2,1,0,0
2005,6,8,3,4,128,0,2.9,0,2,1,0,0
2005,6,8,4,4,128,0,2.9,0,2,1,0,0
2005,6,8,5,4,128,0,2.9,0,2,1,0,0
2005,6,8,6,4,128,0,2.9,0,2,1,0,0
2005,6,8,7,4,128,0,2.9,0,2,1,0,0
2005,6,8,8,4,128,0,2.9,0,2,1,0,0
2005,6,8,9,4,128,0,2.9,0,2,1,0,0
2005,6,8,10,4,128,0,2.9,0,2,1,0,0
2005,6,8,11,4,128,0,2.9,0,2,1,0,0
2005,6,8,12,4,128,0,2.9,0,2,1,0,0
2005,6,8,13,4,128,0,2.9,0,2,1,0,0
2005,6,8,14,4,128,0,2.9,0,2,1,0,0
2005,6,8,15,4,128,0,2.9,0,2,1,0,0
2005,6,8,16,4,128,0,2.9,0,2,1,0,0
2005,6,8,17,4,128,0,2.9,0,2,1,0,0
2005,6,8,18,4,128,0,2.9,0,2,1,0,0
2005,6,8,19,4,128,0,2.9,0,2,1,0,0
2005,6,8,20,4,128,0,2.9,0,2,1,0,0
2005,6,8,21,4,128,0,2.9,0,2,1,0,0
2005,6,8,22,4,128,0,2.9,0,2,1,0,0
2005,6,8,23,4,128,0,2.9,0,2,1,0,0
2005,6,8,24,4,128,0,2.9,0,2,1,0,0
2005,6,8,1,9,128,0,2.9,0,2,1,0,0
2005,6,8,2,9,128,0,2.9,0,2,1,0,0
2005,6,8,3,9,128,0,2.9,0,2,1,0,0
2005,6,8,4,9,128,0,2.9,0,2,1,0,0
2005,6,8,5,9,128,0,2.9,0,2,1,0,0
2005,6,8,6,9,128,0,2.9,0,2,1,0,0
2005,6,8,7,9,128,0,2.9,0,2,1,0,0
2005,6,8,8,9,128,0,2.9,0,2,1,0,0
2005,6,8,9,9,128,0,2.9,0,2,1,0,0
2005,6,8,10,9,128,0,2.9,0,2,1,0,0
2005,6,8,11,9,128,0,2.9,0,2,1,0,0
2005,6,8,12,9,128,0,2.9,0,2,1,0,0
2005,6,8,13,9,128,0,2.9,0,2,1,0,0
2005,6,8,14,9,128,0,2.9,0,2,1,0,0
2005,6,8,15,9,128,0,2.9,0,2,1,0,0
2005,6,8,16,9,128,0,2.9,0,2,1,0,0
2005,6,8,17,9,128,0,2.9,0,2,1,0,0
2005,6,8,18,9,128,0,2.9,0,2,1,0,0
2005,6,8,19,9,128,0,2.9,0,2,1,0,0
2005,6,8,20,9,128,0,2.9,0,2,1,0,0
2005,6,8,21,9,128,0,2.9,0,2,1,0,0
2005,6,8,22,9,128,0,2.9,0,2,1,0,0
2005,6,8,23,9,128,0,2.9,0,2,1,0,0
2005,6,8,24,9,128,0,2.9,0,2,1,0,0
2005,6,8,1,9,129,0,14.7,0,2,1,0,0
2005,6,8,2,9,129,0,14.7,0,2,1,0,0
2005,6,8,3,9,129,0,14.7,0,2,1,0,0
2005,6,8,4,9,129,0,14.7,0,2,1,0,0
2005,6,8,5,9,129,0,14.7,0,2,1,0,0
2005,6,8,6,9,129,0,14.7,0,2,1,0,0
2005,6,8,7,9,129,0,14.7,0,2,1,0,0
2005,6,8,8,9,129,0,14.7,0,2,1,0,0
2005,6,8,9,9,129,0,14.7,0,2,1,0,0
2005,6,8,10,9,129,0,14.7,0,2,1,0,0
2005,6,8,11,9,129,0,14.7,0,2,1,0,0
2005,6,8,12,9,129,0,14.7,0,2,1,0,0
2005,6,8,13,9,129,0,14.7,0,2,1,0,0
2005,6,8,14,9,129,0,14.7,0,2,1,0,0
2005,6,8,15,9,129,0,14.7,0,2,1,0,0
2005,6,8,16,9,129,0,14.7,0,2,1,0,0
2005,6,8,17,9,129,0,14.7,0,2,1,0,0
2005,6,8,18,9,129,0,14.7,0,2,1,0,0
2005,6,8,19,9,129,0,14.7,0,2,1,0,0
2005,6,8,20,9,129,0,14.7,0,2,1,0,0
2005,6,8,21,9,129,0,14.7,0,2,1,0,0
2005,6,8,22,9,129,0,14.7,0,2,1,0,0
2005,6,8,23,9,129,0,14.7,0,2,1,0,0
2005,6,8,24,9,129,0,14.7,0,2,1,0,0
2005,6,8,1,2,130,0,83.7,0,2,1,0,0
2005,6,8,1,2,130,67.51,6.3,0,2,0,0,67.51
2005,6,8,1,2,130,70.02,6.3,0,2,0,0,70.02
2005,6,8,1,2,130,72.53,6.3,0,2,0,0,72.53
2005,6,8,1,2,130,75.04,6.3,0,2,0,0,75.04
2005,6,8,2,2,130,0,83.7,0,2,1,0,0
2005,6,8,2,2,130,67.51,6.3,0,2,0,0,67.51
2005,6,8,2,2,130,70.02,6.3,0,2,0,0,70.02
2005,6,8,2,2,130,72.53,6.3,0,2,0,0,72.53
2005,6,8,2,2,130,75.04,6.3,0,2,0,0,75.04
2005,6,8,3,2,130,0,83.7,0,2,1,0,0
2005,6,8,3,2,130,67.51,6.3,0,2,0,0,67.51
2005,6,8,3,2,130,70.02,6.3,0,2,0,0,70.02
2005,6,8,3,2,130,72.53,6.3,0,2,0,0,72.53
2005,6,8,3,2,130,75.04,6.3,0,2,0,0,75.04
2005,6,8,4,2,130,0,83.7,0,2,1,0,0
2005,6,8,4,2,130,67.51,6.3,0,2,0,0,67.51
2005,6,8,4,2,130,70.02,6.3,0,2,0,0,70.02
2005,6,8,4,2,130,72.53,6.3,0,2,0,0,72.53
2005,6,8,4,2,130,75.04,6.3,0,2,0,0,75.04
2005,6,8,5,2,130,0,83.7,0,2,1,0,0
2005,6,8,5,2,130,67.51,6.3,0,2,0,0,67.51
2005,6,8,5,2,130,70.02,6.3,0,2,0,0,70.02
2005,6,8,5,2,130,72.53,6.3,0,2,0,0,72.53
2005,6,8,5,2,130,75.04,6.3,0,2,0,0,75.04
2005,6,8,6,2,130,0,83.6,0,2,1,0,0
2005,6,8,6,2,130,67.51,6.3,0,2,0,0,67.51
2005,6,8,6,2,130,70.02,6.3,0,2,0,0,70.02
2005,6,8,6,2,130,72.53,6.3,0,2,0,0,72.53
2005,6,8,6,2,130,75.04,6.3,0,2,0,0,75.04
2005,6,8,7,2,130,0,83.6,0,2,1,0,0
2005,6,8,7,2,130,67.51,6.3,0,2,0,0,67.51
2005,6,8,7,2,130,70.02,6.3,0,2,0,0,70.02
2005,6,8,7,2,130,72.53,6.3,0,2,0,0,72.53
2005,6,8,7,2,130,75.04,6.3,0,2,0,0,75.04
2005,6,8,8,2,130,0,90.5,0,2,1,0,0
2005,6,8,8,2,130,67.51,6.3,0,2,0,0,67.51
2005,6,8,8,2,130,70.02,6.3,0,2,0,0,70.02
2005,6,8,8,2,130,72.53,6.3,0,2,0,0,72.53
2005,6,8,8,2,130,75.04,6.3,0,2,0,0,75.04
2005,6,8,9,2,130,0,116.8,0,2,1,0,0
2005,6,8,9,2,130,67.51,4.1,0,2,1,0,67.51
2005,6,8,9,2,130,70.02,4.1,0,2,0,0,70.02
2005,6,8,9,2,130,72.53,4.1,0,2,0,0,72.53
2005,6,8,9,2,130,75.04,4.1,0,2,0,0,75.04
2005,6,8,10,2,130,0,124,0,2,1,0,0
2005,6,8,10,2,130,67.51,2.3,0,2,1,0,67.51
2005,6,8,10,2,130,70.02,2.3,0,2,1,0,70.02
2005,6,8,10,2,130,72.53,2.3,0,2,1,0,72.53
2005,6,8,10,2,130,75.04,2.3,0,2,1,0,75.04
2005,6,8,11,2,130,0,133.7,0,2,1,0,0
2005,6,8,11,2,130,67.51,2.3,0,2,1,0,67.51
2005,6,8,11,2,130,70.02,2.3,0,2,1,0,70.02
2005,6,8,11,2,130,72.53,2.3,0,2,1,0,72.53
2005,6,8,11,2,130,75.04,2.3,0,2,1,0,75.04
2005,6,8,12,2,130,0,133.7,0,2,1,0,0
2005,6,8,12,2,130,67.51,2.3,0,2,1,0,67.51
2005,6,8,12,2,130,70.02,2.3,0,2,1,0,70.02
2005,6,8,12,2,130,72.53,2.3,0,2,1,0,72.53
2005,6,8,12,2,130,75.04,2.3,0,2,1,0,75.04
2005,6,8,13,2,130,0,128.5,0,2,1,0,0
2005,6,8,13,2,130,67.51,2.3,0,2,1,0,67.51
2005,6,8,13,2,130,70.02,2.3,0,2,1,0,70.02
2005,6,8,13,2,130,72.53,2.3,0,2,1,0,72.53
2005,6,8,13,2,130,75.04,2.3,0,2,1,0,75.04
2005,6,8,14,2,130,0,128.5,0,2,1,0,0
2005,6,8,14,2,130,67.51,2.3,0,2,1,0,67.51
2005,6,8,14,2,130,70.02,2.3,0,2,1,0,70.02
2005,6,8,14,2,130,72.53,2.3,0,2,1,0,72.53
2005,6,8,14,2,130,75.04,2.3,0,2,1,0,75.04
2005,6,8,15,2,130,0,128.5,0,2,1,0,0
2005,6,8,15,2,130,67.51,2.3,0,2,1,0,67.51
2005,6,8,15,2,130,70.02,2.3,0,2,1,0,70.02
2005,6,8,15,2,130,72.53,2.3,0,2,1,0,72.53
2005,6,8,15,2,130,75.04,2.3,0,2,1,0,75.04
2005,6,8,16,2,130,0,128.5,0,2,1,0,0
2005,6,8,16,2,130,67.51,2.3,0,2,1,0,67.51
2005,6,8,16,2,130,70.02,2.3,0,2,1,0,70.02
2005,6,8,16,2,130,72.53,2.3,0,2,1,0,72.53
2005,6,8,16,2,130,75.04,2.3,0,2,1,0,75.04
2005,6,8,17,2,130,0,130.1,0,2,1,0,0
2005,6,8,17,2,130,67.51,2,0,2,1,0,67.51
2005,6,8,17,2,130,70.02,2,0,2,1,0,70.02
2005,6,8,17,2,130,72.53,2,0,2,1,0,72.53
2005,6,8,17,2,130,75.04,2,0,2,1,0,75.04
2005,6,8,18,2,130,0,120.3,0,2,1,0,0
2005,6,8,18,2,130,67.51,2,0,2,1,0,67.51
2005,6,8,18,2,130,70.02,2,0,2,1,0,70.02
2005,6,8,18,2,130,72.53,2,0,2,1,0,72.53
2005,6,8,18,2,130,75.04,2,0,2,1,0,75.04
2005,6,8,19,2,130,0,102.5,0,2,1,0,0
2005,6,8,19,2,130,67.51,2,0,2,1,0,67.51
2005,6,8,19,2,130,70.02,2,0,2,1,0,70.02
2005,6,8,19,2,130,72.53,2,0,2,1,0,72.53
2005,6,8,19,2,130,75.04,2,0,2,1,0,75.04
2005,6,8,20,2,130,0,119.1,0,2,1,0,0
2005,6,8,20,2,130,67.51,2,0,2,1,0,67.51
2005,6,8,20,2,130,70.02,2,0,2,1,0,70.02
2005,6,8,20,2,130,72.53,2,0,2,1,0,72.53
2005,6,8,20,2,130,75.04,2,0,2,1,0,75.04
2005,6,8,21,2,130,0,119.1,0,2,1,0,0
2005,6,8,21,2,130,67.51,2,0,2,0,0,67.51
2005,6,8,21,2,130,70.02,2,0,2,0,0,70.02
2005,6,8,21,2,130,72.53,2,0,2,0,0,72.53
2005,6,8,21,2,130,75.04,2,0,2,0,0,75.04
2005,6,8,22,2,130,0,119.1,0,2,1,0,0
2005,6,8,22,2,130,67.51,2,0,2,1,0,67.51
2005,6,8,22,2,130,70.02,2,0,2,0,0,70.02
2005,6,8,22,2,130,72.53,2,0,2,0,0,72.53
2005,6,8,22,2,130,75.04,2,0,2,0,0,75.04
2005,6,8,23,2,130,0,102.2,0,2,1,0,0
2005,6,8,23,2,130,67.51,3.8,0,2,1,0,67.51
2005,6,8,23,2,130,70.02,3.8,0,2,0,0,70.02
2005,6,8,23,2,130,72.53,3.8,0,2,0,0,72.53
2005,6,8,23,2,130,75.04,3.8,0,2,0,0,75.04
2005,6,8,24,2,130,0,102.1,0,2,1,0,0
2005,6,8,24,2,130,67.51,3.8,0,2,0,0,67.51
2005,6,8,24,2,130,70.02,3.8,0,2,0,0,70.02
2005,6,8,24,2,130,72.53,3.8,0,2,0,0,72.53
2005,6,8,24,2,130,75.04,3.8,0,2,0,0,75.04
2005,6,8,1,2,131,0,3,0,2,1,0,0
2005,6,8,1,2,131,67.51,18,0,2,0,0,67.51
2005,6,8,1,2,131,70.02,18,0,2,0,0,70.02
2005,6,8,1,2,131,72.53,18,0,2,0,0,72.53
2005,6,8,1,2,131,75.04,18,0,2,0,0,75.04
2005,6,8,2,2,131,0,3,0,2,1,0,0
2005,6,8,2,2,131,67.51,18,0,2,0,0,67.51
2005,6,8,2,2,131,70.02,18,0,2,0,0,70.02
2005,6,8,2,2,131,72.53,18,0,2,0,0,72.53
2005,6,8,2,2,131,75.04,18,0,2,0,0,75.04
2005,6,8,3,2,131,0,3,0,2,1,0,0
2005,6,8,3,2,131,67.51,18,0,2,0,0,67.51
2005,6,8,3,2,131,70.02,18,0,2,0,0,70.02
2005,6,8,3,2,131,72.53,18,0,2,0,0,72.53
2005,6,8,3,2,131,75.04,18,0,2,0,0,75.04
2005,6,8,4,2,131,0,3,0,2,1,0,0
2005,6,8,4,2,131,67.51,18,0,2,0,0,67.51
2005,6,8,4,2,131,70.02,18,0,2,0,0,70.02
2005,6,8,4,2,131,72.53,18,0,2,0,0,72.53
2005,6,8,4,2,131,75.04,18,0,2,0,0,75.04
2005,6,8,5,2,131,0,3,0,2,1,0,0
2005,6,8,5,2,131,67.51,18,0,2,0,0,67.51
2005,6,8,5,2,131,70.02,18,0,2,0,0,70.02
2005,6,8,5,2,131,72.53,18,0,2,0,0,72.53
2005,6,8,5,2,131,75.04,18,0,2,0,0,75.04
2005,6,8,6,2,131,0,17.5,0,2,1,0,0
2005,6,8,6,2,131,67.51,14.4,0,2,0,0,67.51
2005,6,8,6,2,131,70.02,14.4,0,2,0,0,70.02
2005,6,8,6,2,131,72.53,14.4,0,2,0,0,72.53
2005,6,8,6,2,131,75.04,14.4,0,2,0,0,75.04
2005,6,8,7,2,131,0,41.3,0,2,1,0,0
2005,6,8,7,2,131,67.51,8.4,0,2,0,0,67.51
2005,6,8,7,2,131,70.02,8.4,0,2,0,0,70.02
2005,6,8,7,2,131,72.53,8.4,0,2,0,0,72.53
2005,6,8,7,2,131,75.04,8.4,0,2,0,0,75.04
2005,6,8,8,2,131,0,41.3,0,2,1,0,0
2005,6,8,8,2,131,67.51,8.4,0,2,0,0,67.51
2005,6,8,8,2,131,70.02,8.4,0,2,0,0,70.02
2005,6,8,8,2,131,72.53,8.4,0,2,0,0,72.53
2005,6,8,8,2,131,75.04,8.4,0,2,0,0,75.04
2005,6,8,9,2,131,0,41.3,0,2,1,0,0
2005,6,8,9,2,131,67.51,8.4,0,2,1,0,67.51
2005,6,8,9,2,131,70.02,8.4,0,2,0,0,70.02
2005,6,8,9,2,131,72.53,8.4,0,2,0,0,72.53
2005,6,8,9,2,131,75.04,8.4,0,2,0,0,75.04
2005,6,8,10,2,131,0,80.6,0,2,1,0,0
2005,6,8,10,2,131,67.51,.1,0,2,1,0,67.51
2005,6,8,10,2,131,70.02,.1,0,2,1,0,70.02
2005,6,8,10,2,131,72.53,.1,0,2,1,0,72.53
2005,6,8,10,2,131,75.04,.1,0,2,1,0,75.04
2005,6,8,11,2,131,0,111.6,0,2,1,0,0
2005,6,8,11,2,131,67.51,.1,0,2,1,0,67.51
2005,6,8,11,2,131,70.02,.1,0,2,1,0,70.02
2005,6,8,11,2,131,72.53,.1,0,2,1,0,72.53
2005,6,8,11,2,131,75.04,.1,0,2,1,0,75.04
2005,6,8,12,2,131,0,127.8,0,2,1,0,0
2005,6,8,12,2,131,67.51,.1,0,2,1,0,67.51
2005,6,8,12,2,131,70.02,.1,0,2,1,0,70.02
2005,6,8,12,2,131,72.53,.1,0,2,1,0,72.53
2005,6,8,12,2,131,75.04,.1,0,2,1,0,75.04
2005,6,8,13,2,131,0,111.6,0,2,1,0,0
2005,6,8,13,2,131,67.51,.1,0,2,1,0,67.51
2005,6,8,13,2,131,70.02,.1,0,2,1,0,70.02
2005,6,8,13,2,131,72.53,.1,0,2,1,0,72.53
2005,6,8,13,2,131,75.04,.1,0,2,1,0,75.04
2005,6,8,14,2,131,0,111.5,0,2,1,0,0
2005,6,8,14,2,131,67.51,.1,0,2,1,0,67.51
2005,6,8,14,2,131,70.02,.1,0,2,1,0,70.02
2005,6,8,14,2,131,72.53,.1,0,2,1,0,72.53
2005,6,8,14,2,131,75.04,.1,0,2,1,0,75.04
2005,6,8,15,2,131,0,111.5,0,2,1,0,0
2005,6,8,15,2,131,67.51,.1,0,2,1,0,67.51
2005,6,8,15,2,131,70.02,.1,0,2,1,0,70.02
2005,6,8,15,2,131,72.53,.1,0,2,1,0,72.53
2005,6,8,15,2,131,75.04,.1,0,2,1,0,75.04
2005,6,8,16,2,131,0,111.5,0,2,1,0,0
2005,6,8,16,2,131,67.51,.1,0,2,1,0,67.51
2005,6,8,16,2,131,70.02,.1,0,2,1,0,70.02
2005,6,8,16,2,131,72.53,.1,0,2,1,0,72.53
2005,6,8,16,2,131,75.04,.1,0,2,1,0,75.04
2005,6,8,17,2,131,0,111.5,0,2,1,0,0
2005,6,8,17,2,131,67.51,.1,0,2,1,0,67.51
2005,6,8,17,2,131,70.02,.1,0,2,1,0,70.02
2005,6,8,17,2,131,72.53,.1,0,2,1,0,72.53
2005,6,8,17,2,131,75.04,.1,0,2,1,0,75.04
2005,6,8,18,2,131,0,111.5,0,2,1,0,0
2005,6,8,18,2,131,67.51,.1,0,2,1,0,67.51
2005,6,8,18,2,131,70.02,.1,0,2,1,0,70.02
2005,6,8,18,2,131,72.53,.1,0,2,1,0,72.53
2005,6,8,18,2,131,75.04,.1,0,2,1,0,75.04
2005,6,8,19,2,131,0,111.4,0,2,1,0,0
2005,6,8,19,2,131,67.51,.1,0,2,1,0,67.51
2005,6,8,19,2,131,70.02,.1,0,2,1,0,70.02
2005,6,8,19,2,131,72.53,.1,0,2,1,0,72.53
2005,6,8,19,2,131,75.04,.1,0,2,1,0,75.04
2005,6,8,20,2,131,0,111.4,0,2,1,0,0
2005,6,8,20,2,131,67.51,.1,0,2,1,0,67.51
2005,6,8,20,2,131,70.02,.1,0,2,1,0,70.02
2005,6,8,20,2,131,72.53,.1,0,2,1,0,72.53
2005,6,8,20,2,131,75.04,.1,0,2,1,0,75.04
2005,6,8,21,2,131,0,102.5,0,2,1,0,0
2005,6,8,21,2,131,67.51,.1,0,2,0,0,67.51
2005,6,8,21,2,131,70.02,.1,0,2,0,0,70.02
2005,6,8,21,2,131,72.53,.1,0,2,0,0,72.53
2005,6,8,21,2,131,75.04,.1,0,2,0,0,75.04
2005,6,8,22,2,131,0,41.2,0,2,1,0,0
2005,6,8,22,2,131,67.51,8.4,0,2,1,0,67.51
2005,6,8,22,2,131,70.02,8.4,0,2,0,0,70.02
2005,6,8,22,2,131,72.53,8.4,0,2,0,0,72.53
2005,6,8,22,2,131,75.04,8.4,0,2,0,0,75.04
2005,6,8,23,2,131,0,41.2,0,2,1,0,0
2005,6,8,23,2,131,67.51,8.4,0,2,1,0,67.51
2005,6,8,23,2,131,70.02,8.4,0,2,0,0,70.02
2005,6,8,23,2,131,72.53,8.4,0,2,0,0,72.53
2005,6,8,23,2,131,75.04,8.4,0,2,0,0,75.04
2005,6,8,24,2,131,0,41.2,0,2,1,0,0
2005,6,8,24,2,131,67.51,8.4,0,2,0,0,67.51
2005,6,8,24,2,131,70.02,8.4,0,2,0,0,70.02
2005,6,8,24,2,131,72.53,8.4,0,2,0,0,72.53
2005,6,8,24,2,131,75.04,8.4,0,2,0,0,75.04
2005,6,8,1,9,132,0,52,0,2,1,0,0
2005,6,8,2,9,132,0,52.2,0,2,1,0,0
2005,6,8,3,9,132,0,52.2,0,2,1,0,0
2005,6,8,4,9,132,0,52.3,0,2,1,0,0
2005,6,8,5,9,132,0,52.3,0,2,1,0,0
2005,6,8,6,9,132,0,52.2,0,2,1,0,0
2005,6,8,7,9,132,0,52.4,0,2,1,0,0
2005,6,8,8,9,132,0,52.5,0,2,1,0,0
2005,6,8,9,9,132,0,52.2,0,2,1,0,0
2005,6,8,10,9,132,0,52.4,0,2,1,0,0
2005,6,8,11,9,132,0,51.5,0,2,1,0,0
2005,6,8,12,9,132,0,50.8,0,2,1,0,0
2005,6,8,13,9,132,0,50.6,0,2,1,0,0
2005,6,8,14,9,132,0,50.3,0,2,1,0,0
2005,6,8,15,9,132,0,50.1,0,2,1,0,0
2005,6,8,16,9,132,0,49.5,0,2,1,0,0
2005,6,8,17,9,132,0,49.2,0,2,1,0,0
2005,6,8,18,9,132,0,49.1,0,2,1,0,0
2005,6,8,19,9,132,0,49.6,0,2,1,0,0
2005,6,8,20,9,132,0,50.1,0,2,1,0,0
2005,6,8,21,9,132,0,50.7,0,2,1,0,0
2005,6,8,22,9,132,0,50.8,0,2,1,0,0
2005,6,8,23,9,132,0,52,0,2,1,0,0
2005,6,8,24,9,132,0,51.7,0,2,1,0,0
2005,6,8,1,5,133,0,.2,0,2,1,0,0
2005,6,8,8,5,133,0,.9,0,2,1,0,0
2005,6,8,9,5,133,0,2.4,0,2,1,0,0
2005,6,8,10,5,133,0,2.1,0,2,1,0,0
2005,6,8,11,5,133,0,2.1,0,2,1,0,0
2005,6,8,12,5,133,0,2,0,2,1,0,0
2005,6,8,13,5,133,0,1.9,0,2,1,0,0
2005,6,8,14,5,133,0,2,0,2,1,0,0
2005,6,8,15,5,133,0,2.2,0,2,1,0,0
2005,6,8,16,5,133,0,2.3,0,2,1,0,0
2005,6,8,17,5,133,0,2.4,0,2,1,0,0
2005,6,8,18,5,133,0,2.4,0,2,1,0,0
2005,6,8,19,5,133,0,2.4,0,2,1,0,0
2005,6,8,20,5,133,0,2.4,0,2,1,0,0
2005,6,8,21,5,133,0,2.6,0,2,1,0,0
2005,6,8,22,5,133,0,2.8,0,2,1,0,0
2005,6,8,23,5,133,0,3,0,2,1,0,0
2005,6,8,24,5,133,0,3.2,0,2,1,0,0
2005,6,8,1,5,134,12,30,0,1,0,0,12
2005,6,8,1,5,134,120,523.2,0,1,1,0,120
2005,6,8,2,5,134,12,30,0,1,0,0,12
2005,6,8,2,5,134,120,522.7,0,1,1,0,120
2005,6,8,3,5,134,12,30,0,1,0,0,12
2005,6,8,3,5,134,120,509.8,0,1,1,0,120
2005,6,8,4,5,134,12,30,0,1,0,0,12
2005,6,8,4,5,134,120,514.7,0,1,1,0,120
2005,6,8,5,5,134,12,30,0,1,0,0,12
2005,6,8,5,5,134,120,512.5,0,1,1,0,120
2005,6,8,6,5,134,12,30,0,1,0,0,12
2005,6,8,6,5,134,120,525.1,0,1,1,0,120
2005,6,8,7,5,134,12,30,0,1,0,0,12
2005,6,8,7,5,134,120,586.9,0,1,1,0,120
2005,6,8,8,5,134,12,30,0,1,0,0,12
2005,6,8,8,5,134,120,637.5,0,1,1,0,120
2005,6,8,9,5,134,12,30,0,1,0,0,12
2005,6,8,9,5,134,120,666.7,0,1,1,0,120
2005,6,8,10,5,134,12,30,0,1,0,0,12
2005,6,8,10,5,134,120,685.7,0,1,1,0,120
2005,6,8,11,5,134,12,30,0,1,0,0,12
2005,6,8,11,5,134,120,690.8,0,1,1,0,120
2005,6,8,12,5,134,12,30,0,1,0,0,12
2005,6,8,12,5,134,120,703.7,0,1,1,0,120
2005,6,8,13,5,134,12,30,0,1,0,0,12
2005,6,8,13,5,134,120,711.7,0,1,1,0,120
2005,6,8,14,5,134,12,30,0,1,0,0,12
2005,6,8,14,5,134,120,702.1,0,1,1,0,120
2005,6,8,15,5,134,12,30,0,1,0,0,12
2005,6,8,15,5,134,120,698.2,0,1,1,0,120
2005,6,8,16,5,134,12,30,0,1,0,0,12
2005,6,8,16,5,134,120,695.4,0,1,1,0,120
2005,6,8,17,5,134,12,30,0,1,0,0,12
2005,6,8,17,5,134,120,694.2,0,1,1,0,120
2005,6,8,18,5,134,12,30,0,1,0,0,12
2005,6,8,18,5,134,120,697.1,0,1,1,0,120
2005,6,8,19,5,134,12,30,0,1,0,0,12
2005,6,8,19,5,134,120,676.7,0,1,1,0,120
2005,6,8,20,5,134,12,30,0,1,0,0,12
2005,6,8,20,5,134,120,659.1,0,1,1,0,120
2005,6,8,21,5,134,12,30,0,1,0,0,12
2005,6,8,21,5,134,120,646.1,0,1,1,0,120
2005,6,8,22,5,134,12,30,0,1,0,0,12
2005,6,8,22,5,134,120,614.1,0,1,1,0,120
2005,6,8,23,5,134,12,30,0,1,0,0,12
2005,6,8,23,5,134,120,555.5,0,1,1,0,120
2005,6,8,24,5,134,12,30,0,1,0,0,12
2005,6,8,24,5,134,120,533.5,0,1,1,0,120
2005,6,8,1,5,135,12,239.5,0,1,0,0,12
2005,6,8,2,5,135,12,189.9,0,1,0,0,12
2005,6,8,3,5,135,12,166.4,0,1,0,0,12
2005,6,8,4,5,135,12,152.3,0,1,0,0,12
2005,6,8,5,5,135,12,139.4,0,1,0,0,12
2005,6,8,6,5,135,12,142.7,0,1,0,0,12
2005,6,8,7,5,135,12,169.3,0,1,0,0,12
2005,6,8,8,5,135,12,215.5,0,1,0,0,12
2005,6,8,9,5,135,12,274.8,0,1,0,0,12
2005,6,8,10,5,135,12,302.2,0,1,0,0,12
2005,6,8,11,5,135,12,331.1,0,1,0,0,12
2005,6,8,12,5,135,12,347.1,0,1,0,0,12
2005,6,8,13,5,135,12,360.3,0,1,0,0,12
2005,6,8,14,5,135,12,360.9,0,1,0,0,12
2005,6,8,15,5,135,12,334.6,0,1,0,0,12
2005,6,8,16,5,135,12,333.2,0,1,0,0,12
2005,6,8,17,5,135,12,333.7,0,1,0,0,12
2005,6,8,18,5,135,12,337.1,0,1,0,0,12
2005,6,8,19,5,135,12,333,0,1,0,0,12
2005,6,8,20,5,135,12,329.1,0,1,0,0,12
2005,6,8,21,5,135,12,332,0,1,0,0,12
2005,6,8,22,5,135,12,338.4,0,1,0,0,12
2005,6,8,23,5,135,12,353.1,0,1,0,0,12
2005,6,8,24,5,135,12,313,0,1,0,0,12
2005,6,8,1,1,1065,12,65,.938284,2,1,0,41.008957
2005,6,8,1,1,1065,39.47,29,.938284,2,1,0,41.008957
2005,6,8,1,1,1065,39.85,26,.938284,2,1,0,41.008957
2005,6,8,1,1,1065,40.22,18,.938284,2,1,0,41.008957
2005,6,8,1,1,1065,91.09,5.4,.938284,2,0,0,41.008957
2005,6,8,2,1,1065,12,65,.938284,2,1,0,41.008957
2005,6,8,2,1,1065,39.47,29,.938284,2,1,0,41.008957
2005,6,8,2,1,1065,39.85,26,.938284,2,1,0,41.008957
2005,6,8,2,1,1065,40.22,18,.938284,2,0,0,41.008957
2005,6,8,2,1,1065,91.09,5.4,.938284,2,0,0,41.008957
2005,6,8,3,1,1065,12,65,.938284,2,1,0,41.008957
2005,6,8,3,1,1065,39.47,29,.938284,2,0,0,41.008957
2005,6,8,3,1,1065,39.85,26,.938284,2,0,0,41.008957
2005,6,8,3,1,1065,40.22,18,.938284,2,0,0,41.008957
2005,6,8,3,1,1065,91.09,5.4,.938284,2,0,0,41.008957
2005,6,8,4,1,1065,12,65,.938284,2,1,0,41.008957
2005,6,8,4,1,1065,39.47,29,.938284,2,0,0,41.008957
2005,6,8,4,1,1065,39.85,26,.938284,2,0,0,41.008957
2005,6,8,4,1,1065,40.22,18,.938284,2,0,0,41.008957
2005,6,8,4,1,1065,91.09,5.4,.938284,2,0,0,41.008957
2005,6,8,5,1,1065,12,65,.938284,2,1,0,41.008957
2005,6,8,5,1,1065,39.47,29,.938284,2,0,0,41.008957
2005,6,8,5,1,1065,39.85,26,.938284,2,0,0,41.008957
2005,6,8,5,1,1065,40.22,18,.938284,2,0,0,41.008957
2005,6,8,5,1,1065,91.09,5.4,.938284,2,0,0,41.008957
2005,6,8,6,1,1065,12,65,.938284,2,1,0,41.008957
2005,6,8,6,1,1065,39.47,29,.938284,2,0,0,41.008957
2005,6,8,6,1,1065,39.85,26,.938284,2,0,0,41.008957
2005,6,8,6,1,1065,40.22,18,.938284,2,0,0,41.008957
2005,6,8,6,1,1065,91.09,5.4,.938284,2,0,0,41.008957
2005,6,8,7,1,1065,12,65,.938284,2,1,0,41.008957
2005,6,8,7,1,1065,39.47,29,.938284,2,1,0,41.008957
2005,6,8,7,1,1065,39.85,26,.938284,2,1,0,41.008957
2005,6,8,7,1,1065,40.22,18,.938284,2,1,0,41.008957
2005,6,8,7,1,1065,91.09,5.4,.938284,2,0,0,41.008957
2005,6,8,8,1,1065,12,65,.938284,2,1,0,41.008957
2005,6,8,8,1,1065,39.47,29,.938284,2,1,0,41.008957
2005,6,8,8,1,1065,39.85,26,.938284,2,1,0,41.008957
2005,6,8,8,1,1065,40.22,18,.938284,2,1,0,41.008957
2005,6,8,8,1,1065,91.09,5.4,.938284,2,0,0,41.008957
2005,6,8,9,1,1065,12,65,.938284,2,1,0,41.008957
2005,6,8,9,1,1065,39.47,29,.938284,2,1,0,41.008957
2005,6,8,9,1,1065,39.85,26,.938284,2,1,0,41.008957
2005,6,8,9,1,1065,40.22,18,.938284,2,1,0,41.008957
2005,6,8,9,1,1065,91.09,5.4,.938284,2,0,0,41.008957
2005,6,8,10,1,1065,12,65,.938284,2,1,0,41.008957
2005,6,8,10,1,1065,39.47,29,.938284,2,1,0,41.008957
2005,6,8,10,1,1065,39.85,26,.938284,2,1,0,41.008957
2005,6,8,10,1,1065,40.22,18,.938284,2,1,0,41.008957
2005,6,8,10,1,1065,91.09,5.4,.938284,2,0,0,41.008957
2005,6,8,11,1,1065,7,65,.938284,2,1,0,7
2005,6,8,11,1,1065,39.47,29,.938284,2,1,0,41.008957
2005,6,8,11,1,1065,39.85,26,.938284,2,1,0,41.008957
2005,6,8,11,1,1065,40.22,18,.938284,2,1,0,41.008957
2005,6,8,11,1,1065,91.09,5.4,.938284,2,0,0,41.008957
2005,6,8,12,1,1065,7,65,.938284,2,1,0,7
2005,6,8,12,1,1065,39.47,29,.938284,2,1,0,41.008957
2005,6,8,12,1,1065,39.85,26,.938284,2,1,0,41.008957
2005,6,8,12,1,1065,40.22,18,.938284,2,1,0,41.008957
2005,6,8,12,1,1065,91.09,5.4,.938284,2,1,0,41.008957
2005,6,8,13,1,1065,7,65,.938284,2,1,0,7
2005,6,8,13,1,1065,39.47,29,.938284,2,1,0,41.008957
2005,6,8,13,1,1065,39.85,26,.938284,2,1,0,41.008957
2005,6,8,13,1,1065,40.22,18,.938284,2,1,0,41.008957
2005,6,8,13,1,1065,91.09,5.4,.938284,2,1,0,41.008957
2005,6,8,14,1,1065,7,65,.938284,2,1,0,7
2005,6,8,14,1,1065,39.47,29,.938284,2,1,0,41.008957
2005,6,8,14,1,1065,39.85,26,.938284,2,1,0,41.008957
2005,6,8,14,1,1065,40.22,18,.938284,2,1,0,41.008957
2005,6,8,14,1,1065,91.09,5.4,.938284,2,1,0,41.008957
2005,6,8,15,1,1065,7,65,.938284,2,1,0,7
2005,6,8,15,1,1065,39.47,29,.938284,2,1,0,41.008957
2005,6,8,15,1,1065,39.85,26,.938284,2,1,0,41.008957
2005,6,8,15,1,1065,40.22,18,.938284,2,1,0,41.008957
2005,6,8,15,1,1065,91.09,5.4,.938284,2,0,0,41.008957
2005,6,8,16,1,1065,7,65,.938284,2,1,0,7
2005,6,8,16,1,1065,39.47,29,.938284,2,1,0,41.008957
2005,6,8,16,1,1065,39.85,26,.938284,2,1,0,41.008957
2005,6,8,16,1,1065,40.22,18,.938284,2,1,0,41.008957
2005,6,8,16,1,1065,91.09,5.4,.938284,2,0,0,41.008957
2005,6,8,17,1,1065,7,65,.938284,2,1,0,7
2005,6,8,17,1,1065,39.47,29,.938284,2,1,0,41.008957
2005,6,8,17,1,1065,39.85,26,.938284,2,1,0,41.008957
2005,6,8,17,1,1065,40.22,18,.938284,2,1,0,41.008957
2005,6,8,17,1,1065,91.09,5.4,.938284,2,0,0,41.008957
2005,6,8,18,1,1065,7,65,.938284,2,1,0,7
2005,6,8,18,1,1065,39.47,29,.938284,2,1,0,41.008957
2005,6,8,18,1,1065,39.85,26,.938284,2,1,0,41.008957
2005,6,8,18,1,1065,40.22,18,.938284,2,1,0,41.008957
2005,6,8,18,1,1065,91.09,5.4,.938284,2,1,0,41.008957
2005,6,8,19,1,1065,7,65,.938284,2,1,0,7
2005,6,8,19,1,1065,39.47,29,.938284,2,1,0,41.008957
2005,6,8,19,1,1065,39.85,26,.938284,2,1,0,41.008957
2005,6,8,19,1,1065,40.22,18,.938284,2,1,0,41.008957
2005,6,8,19,1,1065,91.09,5.4,.938284,2,0,0,41.008957
2005,6,8,20,1,1065,7,65,.938284,2,1,0,7
2005,6,8,20,1,1065,39.47,29,.938284,2,1,0,41.008957
2005,6,8,20,1,1065,39.85,26,.938284,2,1,0,41.008957
2005,6,8,20,1,1065,40.22,18,.938284,2,1,0,41.008957
2005,6,8,20,1,1065,91.09,5.4,.938284,2,0,0,41.008957
2005,6,8,21,1,1065,7,65,.938284,2,1,0,7
2005,6,8,21,1,1065,39.47,29,.938284,2,1,0,41.008957
2005,6,8,21,1,1065,39.85,26,.938284,2,1,0,41.008957
2005,6,8,21,1,1065,40.22,18,.938284,2,1,0,41.008957
2005,6,8,21,1,1065,91.09,5.4,.938284,2,0,0,41.008957
2005,6,8,22,1,1065,7,65,.938284,2,1,0,7
2005,6,8,22,1,1065,39.47,29,.938284,2,1,0,41.008957
2005,6,8,22,1,1065,39.85,26,.938284,2,1,0,41.008957
2005,6,8,22,1,1065,40.22,18,.938284,2,1,0,41.008957
2005,6,8,22,1,1065,91.09,5.4,.938284,2,0,0,41.008957
2005,6,8,23,1,1065,12,65,.938284,2,1,0,41.008957
2005,6,8,23,1,1065,39.47,29,.938284,2,1,0,41.008957
2005,6,8,23,1,1065,39.85,26,.938284,2,1,0,41.008957
2005,6,8,23,1,1065,40.22,18,.938284,2,1,0,41.008957
2005,6,8,23,1,1065,91.09,5.4,.938284,2,0,0,41.008957
2005,6,8,24,1,1065,12,65,.938284,2,1,0,41.008957
2005,6,8,24,1,1065,39.47,29,.938284,2,1,0,41.008957
2005,6,8,24,1,1065,39.85,26,.938284,2,1,0,41.008957
2005,6,8,24,1,1065,40.22,18,.938284,2,1,0,41.008957
2005,6,8,24,1,1065,91.09,5.4,.938284,2,0,0,41.008957
2005,6,8,1,1,1066,86.96,342.4,.938284,2,0,0,39.522603
2005,6,8,2,1,1066,86.96,342.4,.938284,2,0,0,39.522603
2005,6,8,3,1,1066,86.96,342.4,.938284,2,0,0,39.522603
2005,6,8,4,1,1066,86.96,342.4,.938284,2,0,0,39.522603
2005,6,8,5,1,1066,86.96,342.4,.938284,2,0,0,39.522603
2005,6,8,6,1,1066,0,40,.938284,2,1,0,0
2005,6,8,6,1,1066,86.96,302.4,.938284,2,0,0,39.522603
2005,6,8,7,1,1066,0,80,.938284,2,1,0,0
2005,6,8,7,1,1066,86.96,262.4,.938284,2,0,0,39.522603
2005,6,8,8,1,1066,0,120,.938284,2,1,0,0
2005,6,8,8,1,1066,86.96,222.4,.938284,2,0,0,39.522603
2005,6,8,9,1,1066,0,159,.938284,2,1,0,0
2005,6,8,9,1,1066,86.96,183.4,.938284,2,0,0,39.522603
2005,6,8,10,1,1066,0,160,.938284,2,1,0,0
2005,6,8,10,1,1066,42.93,95,.938284,2,1,0,39.522603
2005,6,8,10,1,1066,43.28,45,.938284,2,1,0,39.522603
2005,6,8,10,1,1066,43.63,42.4,.938284,2,1,0,39.522603
2005,6,8,11,1,1066,0,160,.938284,2,1,0,0
2005,6,8,11,1,1066,42.93,95,.938284,2,1,0,39.522603
2005,6,8,11,1,1066,43.28,45,.938284,2,1,0,39.522603
2005,6,8,11,1,1066,43.63,42.4,.938284,2,1,0,39.522603
2005,6,8,12,1,1066,0,160,.938284,2,1,0,0
2005,6,8,12,1,1066,42.93,95,.938284,2,1,0,39.522603
2005,6,8,12,1,1066,43.28,45,.938284,2,1,0,39.522603
2005,6,8,12,1,1066,43.63,42.4,.938284,2,1,0,39.522603
2005,6,8,13,1,1066,0,160,.938284,2,1,0,0
2005,6,8,13,1,1066,42.93,95,.938284,2,1,0,39.522603
2005,6,8,13,1,1066,43.28,45,.938284,2,1,0,39.522603
2005,6,8,13,1,1066,43.63,42.4,.938284,2,1,0,39.522603
2005,6,8,14,1,1066,0,160,.938284,2,1,0,0
2005,6,8,14,1,1066,42.93,95,.938284,2,1,0,39.522603
2005,6,8,14,1,1066,43.28,45,.938284,2,1,0,39.522603
2005,6,8,14,1,1066,43.63,42.4,.938284,2,1,0,39.522603
2005,6,8,15,1,1066,0,160,.938284,2,1,0,0
2005,6,8,15,1,1066,42.93,95,.938284,2,1,0,39.522603
2005,6,8,15,1,1066,43.28,45,.938284,2,1,0,39.522603
2005,6,8,15,1,1066,43.63,42.4,.938284,2,1,0,39.522603
2005,6,8,16,1,1066,0,160,.938284,2,1,0,0
2005,6,8,16,1,1066,42.93,95,.938284,2,1,0,39.522603
2005,6,8,16,1,1066,43.28,45,.938284,2,1,0,39.522603
2005,6,8,16,1,1066,43.63,42.4,.938284,2,1,0,39.522603
2005,6,8,17,1,1066,0,160,.938284,2,1,0,0
2005,6,8,17,1,1066,42.93,95,.938284,2,1,0,39.522603
2005,6,8,17,1,1066,43.28,45,.938284,2,1,0,39.522603
2005,6,8,17,1,1066,43.63,42.4,.938284,2,1,0,39.522603
2005,6,8,18,1,1066,0,160,.938284,2,1,0,0
2005,6,8,18,1,1066,42.93,95,.938284,2,1,0,39.522603
2005,6,8,18,1,1066,43.28,45,.938284,2,1,0,39.522603
2005,6,8,18,1,1066,43.63,42.4,.938284,2,1,0,39.522603
2005,6,8,19,1,1066,0,160,.938284,2,1,0,0
2005,6,8,19,1,1066,42.93,95,.938284,2,1,0,39.522603
2005,6,8,19,1,1066,43.28,45,.938284,2,1,0,39.522603
2005,6,8,19,1,1066,43.63,42.4,.938284,2,1,0,39.522603
2005,6,8,20,1,1066,0,160,.938284,2,1,0,0
2005,6,8,20,1,1066,42.93,95,.938284,2,1,0,39.522603
2005,6,8,20,1,1066,43.28,45,.938284,2,1,0,39.522603
2005,6,8,20,1,1066,43.63,42.4,.938284,2,1,0,39.522603
2005,6,8,21,1,1066,0,160,.938284,2,1,0,0
2005,6,8,21,1,1066,42.93,95,.938284,2,1,0,39.522603
2005,6,8,21,1,1066,43.28,45,.938284,2,1,0,39.522603
2005,6,8,21,1,1066,43.63,42.4,.938284,2,1,0,39.522603
2005,6,8,22,1,1066,0,160,.938284,2,1,0,0
2005,6,8,22,1,1066,42.93,95,.938284,2,1,0,39.522603
2005,6,8,22,1,1066,43.28,45,.938284,2,1,0,39.522603
2005,6,8,22,1,1066,43.63,42.4,.938284,2,1,0,39.522603
2005,6,8,23,1,1066,0,160,.938284,2,1,0,0
2005,6,8,23,1,1066,42.93,95,.938284,2,1,0,39.522603
2005,6,8,23,1,1066,43.28,45,.938284,2,1,0,39.522603
2005,6,8,23,1,1066,43.63,42.4,.938284,2,1,0,39.522603
2005,6,8,24,1,1066,0,160,.938284,2,1,0,0
2005,6,8,24,1,1066,42.93,95,.938284,2,1,0,39.522603
2005,6,8,24,1,1066,43.28,45,.938284,2,1,0,39.522603
2005,6,8,24,1,1066,43.63,42.4,.938284,2,1,0,39.522603
2005,6,8,1,2,138,10.98,75,0,1,0,0,10.98
2005,6,8,1,2,138,10.99,75,0,1,0,0,10.99
2005,6,8,1,2,138,11,75,0,1,0,0,11
2005,6,8,2,2,138,10.98,75,0,1,0,0,10.98
2005,6,8,2,2,138,10.99,75,0,1,0,0,10.99
2005,6,8,2,2,138,43,75,0,1,1,0,43
2005,6,8,3,2,138,10.98,75,0,1,0,0,10.98
2005,6,8,3,2,138,10.99,75,0,1,0,0,10.99
2005,6,8,3,2,138,43,75,0,1,1,0,43
2005,6,8,4,2,138,10.98,75,0,1,0,0,10.98
2005,6,8,4,2,138,10.99,75,0,1,0,0,10.99
2005,6,8,4,2,138,43,75,0,1,1,0,43
2005,6,8,5,2,138,10.98,75,0,1,0,0,10.98
2005,6,8,5,2,138,10.99,75,0,1,0,0,10.99
2005,6,8,5,2,138,43,75,0,1,1,0,43
2005,6,8,6,2,138,10.98,75,0,1,0,0,10.98
2005,6,8,6,2,138,10.99,75,0,1,0,0,10.99
2005,6,8,6,2,138,43,75,0,1,1,0,43
2005,6,8,7,2,138,10.98,75,0,1,0,0,10.98
2005,6,8,7,2,138,10.99,75,0,1,0,0,10.99
2005,6,8,7,2,138,43,75,0,1,1,0,43
2005,6,8,8,2,138,10.98,75,0,1,0,0,10.98
2005,6,8,8,2,138,10.99,75,0,1,0,0,10.99
2005,6,8,8,2,138,11,75,0,1,0,0,11
2005,6,8,9,2,138,10.98,75,0,1,0,0,10.98
2005,6,8,9,2,138,10.99,75,0,1,0,0,10.99
2005,6,8,9,2,138,11,75,0,1,0,0,11
2005,6,8,10,2,138,10.98,75,0,1,0,0,10.98
2005,6,8,10,2,138,10.99,75,0,1,0,0,10.99
2005,6,8,10,2,138,11,75,0,1,0,0,11
2005,6,8,11,2,138,10.98,75,0,1,0,0,10.98
2005,6,8,11,2,138,10.99,75,0,1,0,0,10.99
2005,6,8,11,2,138,11,75,0,1,0,0,11
2005,6,8,12,2,138,10.98,75,0,1,0,0,10.98
2005,6,8,12,2,138,10.99,75,0,1,0,0,10.99
2005,6,8,12,2,138,11,75,0,1,0,0,11
2005,6,8,13,2,138,10.98,75,0,1,0,0,10.98
2005,6,8,13,2,138,10.99,75,0,1,0,0,10.99
2005,6,8,13,2,138,11,75,0,1,0,0,11
2005,6,8,14,2,138,10.98,75,0,1,0,0,10.98
2005,6,8,14,2,138,10.99,75,0,1,0,0,10.99
2005,6,8,14,2,138,11,75,0,1,0,0,11
2005,6,8,15,2,138,10.98,75,0,1,0,0,10.98
2005,6,8,15,2,138,10.99,75,0,1,0,0,10.99
2005,6,8,15,2,138,11,75,0,1,0,0,11
2005,6,8,16,2,138,10.98,75,0,1,0,0,10.98
2005,6,8,16,2,138,10.99,75,0,1,0,0,10.99
2005,6,8,16,2,138,11,75,0,1,0,0,11
2005,6,8,17,2,138,10.98,75,0,1,0,0,10.98
2005,6,8,17,2,138,10.99,75,0,1,0,0,10.99
2005,6,8,17,2,138,11,75,0,1,0,0,11
2005,6,8,18,2,138,10.98,75,0,1,0,0,10.98
2005,6,8,18,2,138,10.99,75,0,1,0,0,10.99
2005,6,8,18,2,138,11,75,0,1,0,0,11
2005,6,8,19,2,138,10.98,75,0,1,0,0,10.98
2005,6,8,19,2,138,10.99,75,0,1,0,0,10.99
2005,6,8,19,2,138,11,75,0,1,0,0,11
2005,6,8,20,2,138,10.98,75,0,1,0,0,10.98
2005,6,8,20,2,138,10.99,75,0,1,0,0,10.99
2005,6,8,20,2,138,11,75,0,1,0,0,11
2005,6,8,21,2,138,10.98,75,0,1,0,0,10.98
2005,6,8,21,2,138,10.99,75,0,1,0,0,10.99
2005,6,8,21,2,138,11,75,0,1,0,0,11
2005,6,8,22,2,138,10.98,75,0,1,0,0,10.98
2005,6,8,22,2,138,10.99,75,0,1,0,0,10.99
2005,6,8,22,2,138,11,75,0,1,0,0,11
2005,6,8,23,2,138,10.98,75,0,1,0,0,10.98
2005,6,8,23,2,138,10.99,75,0,1,0,0,10.99
2005,6,8,23,2,138,11,75,0,1,0,0,11
2005,6,8,24,2,138,10.98,75,0,1,0,0,10.98
2005,6,8,24,2,138,10.99,75,0,1,0,0,10.99
2005,6,8,24,2,138,11,75,0,1,0,0,11
2005,6,8,9,2,139,65.44,17.5,0,2,1,0,65.44
2005,6,8,9,2,139,66.33,17.5,0,2,1,0,66.33
2005,6,8,9,2,139,67.22,17.5,0,2,1,0,67.22
2005,6,8,9,2,139,68.12,17.5,0,2,1,0,68.12
2005,6,8,10,2,139,65.44,17.5,0,2,1,0,65.44
2005,6,8,10,2,139,66.33,17.5,0,2,1,0,66.33
2005,6,8,10,2,139,67.22,17.5,0,2,1,0,67.22
2005,6,8,10,2,139,68.12,17.5,0,2,1,0,68.12
2005,6,8,11,2,139,65.44,17.5,0,2,1,0,65.44
2005,6,8,11,2,139,66.33,17.5,0,2,1,0,66.33
2005,6,8,11,2,139,67.22,17.5,0,2,1,0,67.22
2005,6,8,11,2,139,68.12,17.5,0,2,1,0,68.12
2005,6,8,12,2,139,65.44,17.5,0,2,1,0,65.44
2005,6,8,12,2,139,66.33,17.5,0,2,1,0,66.33
2005,6,8,12,2,139,67.22,17.5,0,2,1,0,67.22
2005,6,8,12,2,139,68.12,17.5,0,2,1,0,68.12
2005,6,8,13,2,139,65.44,17.5,0,2,1,0,65.44
2005,6,8,13,2,139,66.33,17.5,0,2,1,0,66.33
2005,6,8,13,2,139,67.22,17.5,0,2,1,0,67.22
2005,6,8,13,2,139,68.12,17.5,0,2,1,0,68.12
2005,6,8,14,2,139,65.44,17.5,0,2,1,0,65.44
2005,6,8,14,2,139,66.33,17.5,0,2,1,0,66.33
2005,6,8,14,2,139,67.22,17.5,0,2,1,0,67.22
2005,6,8,14,2,139,68.12,17.5,0,2,1,0,68.12
2005,6,8,15,2,139,65.44,17.5,0,2,1,0,65.44
2005,6,8,15,2,139,66.33,17.5,0,2,1,0,66.33
2005,6,8,15,2,139,67.22,17.5,0,2,1,0,67.22
2005,6,8,15,2,139,68.12,17.5,0,2,1,0,68.12
2005,6,8,16,2,139,65.44,17.5,0,2,1,0,65.44
2005,6,8,16,2,139,66.33,17.5,0,2,1,0,66.33
2005,6,8,16,2,139,67.22,17.5,0,2,1,0,67.22
2005,6,8,16,2,139,68.12,17.5,0,2,1,0,68.12
2005,6,8,17,2,139,65.44,17.5,0,2,1,0,65.44
2005,6,8,17,2,139,66.33,17.5,0,2,1,0,66.33
2005,6,8,17,2,139,67.22,17.5,0,2,1,0,67.22
2005,6,8,17,2,139,68.12,17.5,0,2,1,0,68.12
2005,6,8,18,2,139,65.44,17.5,0,2,1,0,65.44
2005,6,8,18,2,139,66.33,17.5,0,2,1,0,66.33
2005,6,8,18,2,139,67.22,17.5,0,2,1,0,67.22
2005,6,8,18,2,139,68.12,17.5,0,2,1,0,68.12
2005,6,8,19,2,139,65.44,17.5,0,2,1,0,65.44
2005,6,8,19,2,139,66.33,17.5,0,2,1,0,66.33
2005,6,8,19,2,139,67.22,17.5,0,2,1,0,67.22
2005,6,8,19,2,139,68.12,17.5,0,2,1,0,68.12
2005,6,8,20,2,139,65.44,17.5,0,2,1,0,65.44
2005,6,8,20,2,139,66.33,17.5,0,2,1,0,66.33
2005,6,8,20,2,139,67.22,17.5,0,2,1,0,67.22
2005,6,8,20,2,139,68.12,17.5,0,2,1,0,68.12
2005,6,8,21,2,139,65.44,17.5,0,2,0,0,65.44
2005,6,8,21,2,139,66.33,17.5,0,2,0,0,66.33
2005,6,8,21,2,139,67.22,17.5,0,2,0,0,67.22
2005,6,8,21,2,139,68.12,17.5,0,2,0,0,68.12
2005,6,8,22,2,139,65.44,17.5,0,2,1,0,65.44
2005,6,8,22,2,139,66.33,17.5,0,2,1,0,66.33
2005,6,8,22,2,139,67.22,17.5,0,2,1,0,67.22
2005,6,8,22,2,139,68.12,17.5,0,2,0,0,68.12
2005,6,8,23,2,139,65.44,17.5,0,2,1,0,65.44
2005,6,8,23,2,139,66.33,17.5,0,2,1,0,66.33
2005,6,8,23,2,139,67.22,17.5,0,2,1,0,67.22
2005,6,8,23,2,139,68.12,17.5,0,2,0,0,68.12
2005,6,8,24,2,139,65.44,17.5,0,2,0,0,65.44
2005,6,8,24,2,139,66.33,17.5,0,2,0,0,66.33
2005,6,8,24,2,139,67.22,17.5,0,2,0,0,67.22
2005,6,8,24,2,139,68.12,17.5,0,2,0,0,68.12
2005,6,8,1,9,140,180.3,854.7,0,1,1,0,180.3
2005,6,8,2,9,140,180.3,815.4,0,1,1,0,180.3
2005,6,8,3,9,140,180.3,794.5,0,1,1,0,180.3
2005,6,8,4,9,140,180.3,780.3,0,1,1,0,180.3
2005,6,8,5,9,140,180.3,767.8,0,1,1,0,180.3
2005,6,8,6,9,140,180.3,765.3,0,1,1,0,180.3
2005,6,8,7,9,140,180.3,766,0,1,1,0,180.3
2005,6,8,8,9,140,180.3,766,0,1,1,0,180.3
2005,6,8,9,9,140,180.3,806.9,0,1,1,0,180.3
2005,6,8,10,9,140,180.3,837.8,0,1,1,0,180.3
2005,6,8,11,9,140,180.3,859.5,0,1,1,0,180.3
2005,6,8,12,9,140,180.3,856.9,0,1,1,0,180.3
2005,6,8,13,9,140,180.3,863.9,0,1,1,0,180.3
2005,6,8,14,9,140,180.3,847.7,0,1,1,0,180.3
2005,6,8,15,9,140,180.3,856.6,0,1,1,0,180.3
2005,6,8,16,9,140,180.3,842.8,0,1,1,0,180.3
2005,6,8,17,9,140,180.3,842.5,0,1,1,0,180.3
2005,6,8,18,9,140,180.3,830.5,0,1,1,0,180.3
2005,6,8,19,9,140,180.3,830.5,0,1,1,0,180.3
2005,6,8,20,9,140,180.3,825.6,0,1,1,0,180.3
2005,6,8,21,9,140,180.3,839.5,0,1,1,0,180.3
2005,6,8,22,9,140,180.3,876.8,0,1,1,0,180.3
2005,6,8,23,9,140,180.3,901.9,0,1,1,0,180.3
2005,6,8,24,9,140,180.3,858.9,0,1,1,0,180.3
2005,6,8,1,3,141,3,30,0,1,0,0,3
2005,6,8,1,3,141,180.3,540.2,0,1,1,0,180.3
2005,6,8,2,3,141,3,30,0,1,0,0,3
2005,6,8,2,3,141,180.3,525.2,0,1,1,0,180.3
2005,6,8,3,3,141,3,30,0,1,0,0,3
2005,6,8,3,3,141,180.3,550.2,0,1,1,0,180.3
2005,6,8,4,3,141,3,30,0,1,0,0,3
2005,6,8,4,3,141,180.3,550,0,1,1,0,180.3
2005,6,8,5,3,141,3,30,0,1,0,0,3
2005,6,8,5,3,141,180.3,578.5,0,1,1,0,180.3
2005,6,8,6,3,141,3,30,0,1,0,0,3
2005,6,8,6,3,141,180.3,617.1,0,1,1,0,180.3
2005,6,8,7,3,141,3,30,0,1,0,0,3
2005,6,8,7,3,141,180.3,670.8,0,1,1,0,180.3
2005,6,8,8,3,141,3,30,0,1,0,0,3
2005,6,8,8,3,141,180.3,721.2,0,1,1,0,180.3
2005,6,8,9,3,141,3,30,0,1,0,0,3
2005,6,8,9,3,141,29.97,10,0,1,0,0,29.97
2005,6,8,9,3,141,38.77,10,0,1,0,0,38.77
2005,6,8,9,3,141,39.77,10,0,1,0,0,39.77
2005,6,8,9,3,141,180.3,812.8,0,1,1,0,180.3
2005,6,8,10,3,141,3,30,0,1,0,0,3
2005,6,8,10,3,141,29.97,10,0,1,0,0,29.97
2005,6,8,10,3,141,38.77,10,0,1,0,0,38.77
2005,6,8,10,3,141,39.77,10,0,1,0,0,39.77
2005,6,8,10,3,141,180.3,820.9,0,1,1,0,180.3
2005,6,8,11,3,141,3,30,0,1,0,0,3
2005,6,8,11,3,141,29.97,10,0,1,0,0,29.97
2005,6,8,11,3,141,38.77,10,0,1,0,0,38.77
2005,6,8,11,3,141,39.77,10,0,1,0,0,39.77
2005,6,8,11,3,141,180.3,815.2,0,1,1,0,180.3
2005,6,8,12,3,141,3,60,0,1,0,0,3
2005,6,8,12,3,141,29.97,10,0,1,0,0,29.97
2005,6,8,12,3,141,38.77,10,0,1,0,0,38.77
2005,6,8,12,3,141,39.77,10,0,1,0,0,39.77
2005,6,8,12,3,141,180.3,822.5,0,1,1,0,180.3
2005,6,8,13,3,141,3,60,0,1,0,0,3
2005,6,8,13,3,141,29.97,10,0,1,0,0,29.97
2005,6,8,13,3,141,38.77,10,0,1,0,0,38.77
2005,6,8,13,3,141,39.77,10,0,1,0,0,39.77
2005,6,8,13,3,141,180.3,810.8,0,1,1,0,180.3
2005,6,8,14,3,141,3,60,0,1,0,0,3
2005,6,8,14,3,141,29.97,10,0,1,0,0,29.97
2005,6,8,14,3,141,38.77,10,0,1,0,0,38.77
2005,6,8,14,3,141,39.77,10,0,1,0,0,39.77
2005,6,8,14,3,141,180.3,800.3,0,1,1,0,180.3
2005,6,8,15,3,141,3,60,0,1,0,0,3
2005,6,8,15,3,141,29.97,10,0,1,0,0,29.97
2005,6,8,15,3,141,38.77,10,0,1,0,0,38.77
2005,6,8,15,3,141,39.77,10,0,1,0,0,39.77
2005,6,8,15,3,141,180.3,769.3,0,1,1,0,180.3
2005,6,8,16,3,141,3,60,0,1,0,0,3
2005,6,8,16,3,141,29.97,10,0,1,0,0,29.97
2005,6,8,16,3,141,38.77,10,0,1,0,0,38.77
2005,6,8,16,3,141,39.77,10,0,1,0,0,39.77
2005,6,8,16,3,141,180.3,791.6,0,1,1,0,180.3
2005,6,8,17,3,141,3,60,0,1,0,0,3
2005,6,8,17,3,141,29.97,10,0,1,0,0,29.97
2005,6,8,17,3,141,38.77,10,0,1,0,0,38.77
2005,6,8,17,3,141,39.77,10,0,1,0,0,39.77
2005,6,8,17,3,141,180.3,793.3,0,1,1,0,180.3
2005,6,8,18,3,141,3,60,0,1,0,0,3
2005,6,8,18,3,141,29.97,10,0,1,0,0,29.97
2005,6,8,18,3,141,38.77,10,0,1,0,0,38.77
2005,6,8,18,3,141,39.77,10,0,1,0,0,39.77
2005,6,8,18,3,141,180.3,814.3,0,1,1,0,180.3
2005,6,8,19,3,141,3,60,0,1,0,0,3
2005,6,8,19,3,141,29.97,10,0,1,0,0,29.97
2005,6,8,19,3,141,38.77,10,0,1,0,0,38.77
2005,6,8,19,3,141,39.77,10,0,1,0,0,39.77
2005,6,8,19,3,141,180.3,812.2,0,1,1,0,180.3
2005,6,8,20,3,141,3,60,0,1,0,0,3
2005,6,8,20,3,141,29.97,10,0,1,0,0,29.97
2005,6,8,20,3,141,38.77,10,0,1,0,0,38.77
2005,6,8,20,3,141,39.77,10,0,1,0,0,39.77
2005,6,8,20,3,141,180.3,802.3,0,1,1,0,180.3
2005,6,8,21,3,141,3,60,0,1,0,0,3
2005,6,8,21,3,141,29.97,10,0,1,0,0,29.97
2005,6,8,21,3,141,38.77,10,0,1,0,0,38.77
2005,6,8,21,3,141,39.77,10,0,1,0,0,39.77
2005,6,8,21,3,141,180.3,764.9,0,1,1,0,180.3
2005,6,8,22,3,141,3,60,0,1,0,0,3
2005,6,8,22,3,141,29.97,10,0,1,0,0,29.97
2005,6,8,22,3,141,38.77,10,0,1,0,0,38.77
2005,6,8,22,3,141,39.77,10,0,1,0,0,39.77
2005,6,8,22,3,141,180.3,737,0,1,1,0,180.3
2005,6,8,23,3,141,3,60,0,1,0,0,3
2005,6,8,23,3,141,29.97,10,0,1,0,0,29.97
2005,6,8,23,3,141,38.77,10,0,1,0,0,38.77
2005,6,8,23,3,141,39.77,10,0,1,0,0,39.77
2005,6,8,23,3,141,180.3,668.9,0,1,1,0,180.3
2005,6,8,24,3,141,3,60,0,1,0,0,3
2005,6,8,24,3,141,29.97,10,0,1,0,0,29.97
2005,6,8,24,3,141,38.77,10,0,1,0,0,38.77
2005,6,8,24,3,141,39.77,10,0,1,0,0,39.77
2005,6,8,24,3,141,180.3,668.9,0,1,1,0,180.3
2005,6,8,1,3,142,0,10.3,0,2,1,0,0
2005,6,8,1,3,142,180.3,54.3,0,2,0,0,180.3
2005,6,8,2,3,142,0,6.4,0,2,1,0,0
2005,6,8,2,3,142,180.3,58.2,0,2,0,0,180.3
2005,6,8,3,3,142,0,3.8,0,2,1,0,0
2005,6,8,3,3,142,180.3,60.8,0,2,0,0,180.3
2005,6,8,4,3,142,0,2.2,0,2,1,0,0
2005,6,8,4,3,142,180.3,62.4,0,2,0,0,180.3
2005,6,8,5,3,142,0,1.5,0,2,1,0,0
2005,6,8,5,3,142,180.3,63.1,0,2,0,0,180.3
2005,6,8,6,3,142,0,1.7,0,2,1,0,0
2005,6,8,6,3,142,180.3,62.9,0,2,0,0,180.3
2005,6,8,7,3,142,0,2.2,0,2,1,0,0
2005,6,8,7,3,142,180.3,62.4,0,2,0,0,180.3
2005,6,8,8,3,142,0,2.8,0,2,1,0,0
2005,6,8,8,3,142,180.3,61.8,0,2,0,0,180.3
2005,6,8,9,3,142,0,3.5,0,2,1,0,0
2005,6,8,9,3,142,180.3,61.1,0,2,0,0,180.3
2005,6,8,10,3,142,0,4.2,0,2,1,0,0
2005,6,8,10,3,142,180.3,60.4,0,2,0,0,180.3
2005,6,8,11,3,142,0,5,0,2,1,0,0
2005,6,8,11,3,142,180.3,59.6,0,2,0,0,180.3
2005,6,8,12,3,142,0,5.9,0,2,1,0,0
2005,6,8,12,3,142,180.3,58.7,0,2,0,0,180.3
2005,6,8,13,3,142,0,6.9,0,2,1,0,0
2005,6,8,13,3,142,180.3,57.7,0,2,0,0,180.3
2005,6,8,14,3,142,0,7.6,0,2,1,0,0
2005,6,8,14,3,142,180.3,57,0,2,0,0,180.3
2005,6,8,15,3,142,0,8.5,0,2,1,0,0
2005,6,8,15,3,142,180.3,56.1,0,2,0,0,180.3
2005,6,8,16,3,142,0,9.3,0,2,1,0,0
2005,6,8,16,3,142,180.3,55.3,0,2,0,0,180.3
2005,6,8,17,3,142,0,10.2,0,2,1,0,0
2005,6,8,17,3,142,180.3,54.4,0,2,0,0,180.3
2005,6,8,18,3,142,0,11,0,2,1,0,0
2005,6,8,18,3,142,180.3,53.6,0,2,0,0,180.3
2005,6,8,19,3,142,0,11.4,0,2,1,0,0
2005,6,8,19,3,142,180.3,53.2,0,2,0,0,180.3
2005,6,8,20,3,142,0,11.5,0,2,1,0,0
2005,6,8,20,3,142,180.3,53.1,0,2,0,0,180.3
2005,6,8,21,3,142,0,11.3,0,2,1,0,0
2005,6,8,21,3,142,180.3,53.3,0,2,0,0,180.3
2005,6,8,22,3,142,0,10.8,0,2,1,0,0
2005,6,8,22,3,142,180.3,53.8,0,2,0,0,180.3
2005,6,8,23,3,142,0,10,0,2,1,0,0
2005,6,8,23,3,142,180.3,54.6,0,2,0,0,180.3
2005,6,8,24,3,142,0,8.8,0,2,1,0,0
2005,6,8,24,3,142,180.3,55.8,0,2,0,0,180.3
2005,6,8,1,3,143,0,28,0,2,1,0,0
2005,6,8,1,3,143,180.3,21.5,0,2,0,0,180.3
2005,6,8,2,3,143,0,29.7,0,2,1,0,0
2005,6,8,2,3,143,180.3,19.8,0,2,0,0,180.3
2005,6,8,3,3,143,0,29.8,0,2,1,0,0
2005,6,8,3,3,143,180.3,19.7,0,2,0,0,180.3
2005,6,8,4,3,143,0,28.3,0,2,1,0,0
2005,6,8,4,3,143,180.3,21.2,0,2,0,0,180.3
2005,6,8,5,3,143,0,25.4,0,2,1,0,0
2005,6,8,5,3,143,180.3,24.1,0,2,0,0,180.3
2005,6,8,6,3,143,0,21,0,2,1,0,0
2005,6,8,6,3,143,180.3,28.5,0,2,0,0,180.3
2005,6,8,7,3,143,0,17.3,0,2,1,0,0
2005,6,8,7,3,143,180.3,32.2,0,2,0,0,180.3
2005,6,8,8,3,143,0,14.3,0,2,1,0,0
2005,6,8,8,3,143,180.3,35.2,0,2,0,0,180.3
2005,6,8,9,3,143,0,12,0,2,1,0,0
2005,6,8,9,3,143,180.3,37.5,0,2,0,0,180.3
2005,6,8,10,3,143,0,10.5,0,2,1,0,0
2005,6,8,10,3,143,180.3,39,0,2,0,0,180.3
2005,6,8,11,3,143,0,9.7,0,2,1,0,0
2005,6,8,11,3,143,180.3,39.8,0,2,0,0,180.3
2005,6,8,12,3,143,0,9.6,0,2,1,0,0
2005,6,8,12,3,143,180.3,39.9,0,2,0,0,180.3
2005,6,8,13,3,143,0,9.4,0,2,1,0,0
2005,6,8,13,3,143,180.3,40.1,0,2,0,0,180.3
2005,6,8,14,3,143,0,9.2,0,2,1,0,0
2005,6,8,14,3,143,180.3,40.3,0,2,0,0,180.3
2005,6,8,15,3,143,0,8.9,0,2,1,0,0
2005,6,8,15,3,143,180.3,40.6,0,2,0,0,180.3
2005,6,8,16,3,143,0,8.5,0,2,1,0,0
2005,6,8,16,3,143,180.3,41,0,2,0,0,180.3
2005,6,8,17,3,143,0,8.1,0,2,1,0,0
2005,6,8,17,3,143,180.3,41.4,0,2,0,0,180.3
2005,6,8,18,3,143,0,7.5,0,2,1,0,0
2005,6,8,18,3,143,180.3,42,0,2,0,0,180.3
2005,6,8,19,3,143,0,7.7,0,2,1,0,0
2005,6,8,19,3,143,180.3,41.8,0,2,0,0,180.3
2005,6,8,20,3,143,0,8.7,0,2,1,0,0
2005,6,8,20,3,143,180.3,40.8,0,2,0,0,180.3
2005,6,8,21,3,143,0,10.5,0,2,1,0,0
2005,6,8,21,3,143,180.3,39,0,2,0,0,180.3
2005,6,8,22,3,143,0,13,0,2,1,0,0
2005,6,8,22,3,143,180.3,36.5,0,2,0,0,180.3
2005,6,8,23,3,143,0,16.3,0,2,1,0,0
2005,6,8,23,3,143,180.3,33.2,0,2,0,0,180.3
2005,6,8,24,3,143,0,20.4,0,2,1,0,0
2005,6,8,24,3,143,180.3,29.1,0,2,0,0,180.3
2005,6,8,1,3,144,0,11.8,0,2,1,0,0
2005,6,8,1,3,144,180.3,43.9,0,2,0,0,180.3
2005,6,8,2,3,144,0,12.8,0,2,1,0,0
2005,6,8,2,3,144,180.3,42.9,0,2,0,0,180.3
2005,6,8,3,3,144,0,13.4,0,2,1,0,0
2005,6,8,3,3,144,180.3,42.3,0,2,0,0,180.3
2005,6,8,4,3,144,0,13.9,0,2,1,0,0
2005,6,8,4,3,144,180.3,41.8,0,2,0,0,180.3
2005,6,8,5,3,144,0,14.2,0,2,1,0,0
2005,6,8,5,3,144,180.3,41.5,0,2,0,0,180.3
2005,6,8,6,3,144,0,14.2,0,2,1,0,0
2005,6,8,6,3,144,180.3,41.5,0,2,0,0,180.3
2005,6,8,7,3,144,0,13.8,0,2,1,0,0
2005,6,8,7,3,144,180.3,41.9,0,2,0,0,180.3
2005,6,8,8,3,144,0,13.1,0,2,1,0,0
2005,6,8,8,3,144,180.3,42.6,0,2,0,0,180.3
2005,6,8,9,3,144,0,11.9,0,2,1,0,0
2005,6,8,9,3,144,180.3,43.8,0,2,0,0,180.3
2005,6,8,10,3,144,0,10.4,0,2,1,0,0
2005,6,8,10,3,144,180.3,45.3,0,2,0,0,180.3
2005,6,8,11,3,144,0,8.3,0,2,1,0,0
2005,6,8,11,3,144,180.3,47.4,0,2,0,0,180.3
2005,6,8,12,3,144,0,5.9,0,2,1,0,0
2005,6,8,12,3,144,180.3,49.8,0,2,0,0,180.3
2005,6,8,13,3,144,0,4,0,2,1,0,0
2005,6,8,13,3,144,180.3,51.7,0,2,0,0,180.3
2005,6,8,14,3,144,0,2.5,0,2,1,0,0
2005,6,8,14,3,144,180.3,53.2,0,2,0,0,180.3
2005,6,8,15,3,144,0,1.6,0,2,1,0,0
2005,6,8,15,3,144,180.3,54.1,0,2,0,0,180.3
2005,6,8,16,3,144,0,1.2,0,2,1,0,0
2005,6,8,16,3,144,180.3,54.5,0,2,0,0,180.3
2005,6,8,17,3,144,0,1.2,0,2,1,0,0
2005,6,8,17,3,144,180.3,54.5,0,2,0,0,180.3
2005,6,8,18,3,144,0,1.8,0,2,1,0,0
2005,6,8,18,3,144,180.3,53.9,0,2,0,0,180.3
2005,6,8,19,3,144,0,2.3,0,2,1,0,0
2005,6,8,19,3,144,180.3,53.4,0,2,0,0,180.3
2005,6,8,20,3,144,0,2.7,0,2,1,0,0
2005,6,8,20,3,144,180.3,53,0,2,0,0,180.3
2005,6,8,21,3,144,0,3,0,2,1,0,0
2005,6,8,21,3,144,180.3,52.7,0,2,0,0,180.3
2005,6,8,22,3,144,0,3.4,0,2,1,0,0
2005,6,8,22,3,144,180.3,52.3,0,2,0,0,180.3
2005,6,8,23,3,144,0,3.7,0,2,1,0,0
2005,6,8,23,3,144,180.3,52,0,2,0,0,180.3
2005,6,8,24,3,144,0,3.9,0,2,1,0,0
2005,6,8,24,3,144,180.3,51.8,0,2,0,0,180.3
2005,6,8,20,3,145,0,1,0,1,0,0,0
2005,6,8,21,3,145,0,1,0,1,0,0,0
2005,6,8,22,3,145,0,1,0,1,0,0,0
2005,6,8,1,3,146,27.01,50.7,0,1,0,0,27.01
2005,6,8,2,3,146,23.49,50.7,0,1,0,0,23.49
2005,6,8,3,3,146,21.4,50.7,0,1,0,0,21.4
2005,6,8,4,3,146,17.38,50.7,0,1,0,0,17.38
2005,6,8,5,3,146,15.38,50.7,0,1,0,0,15.38
2005,6,8,6,3,146,24.41,50.7,0,1,0,0,24.41
2005,6,8,7,3,146,33.49,50.7,0,1,0,0,33.49
2005,6,8,8,3,146,42.23,50.7,0,1,0,0,42.23
2005,6,8,9,3,146,42.97,50.9,0,1,0,0,42.97
2005,6,8,10,3,146,46.21,50.9,0,1,0,0,46.21
2005,6,8,11,3,146,48.06,50.9,0,1,0,0,48.06
2005,6,8,12,3,146,51.79,50.9,0,1,0,0,51.79
2005,6,8,13,3,146,48.62,50.9,0,1,0,0,48.62
2005,6,8,14,3,146,46.15,50.9,0,1,0,0,46.15
2005,6,8,15,3,146,45.26,50.9,0,1,0,0,45.26
2005,6,8,16,3,146,44.14,50.9,0,1,0,0,44.14
2005,6,8,17,3,146,41.4,50.9,0,1,0,0,41.4
2005,6,8,18,3,146,40.02,50.9,0,1,0,0,40.02
2005,6,8,19,3,146,40.18,50.9,0,1,0,0,40.18
2005,6,8,20,3,146,37.57,50.9,0,1,0,0,37.57
2005,6,8,21,3,146,35.67,50.9,0,1,0,0,35.67
2005,6,8,22,3,146,35.64,50.9,0,1,0,0,35.64
2005,6,8,23,3,146,36.3,50.9,0,1,0,0,36.3
2005,6,8,24,3,146,31.68,50.9,0,1,0,0,31.68
2005,6,8,1,3,147,0,23,0,2,1,0,0
2005,6,8,1,3,147,1.97,1,0,2,1,0,1.97
2005,6,8,1,3,147,3.97,.1,0,2,1,0,3.97
2005,6,8,1,3,147,5.87,.1,0,2,1,0,5.87
2005,6,8,1,3,147,7.87,.1,0,2,1,0,7.87
2005,6,8,1,3,147,9.77,.1,0,2,1,0,9.77
2005,6,8,1,3,147,11.77,.1,0,2,1,0,11.77
2005,6,8,1,3,147,13.67,.1,0,2,1,0,13.67
2005,6,8,1,3,147,15.67,.1,0,2,1,0,15.67
2005,6,8,1,3,147,17.57,.1,0,2,1,0,17.57
2005,6,8,1,3,147,19.57,.1,0,2,1,0,19.57
2005,6,8,1,3,147,21.47,.1,0,2,1,0,21.47
2005,6,8,1,3,147,23.47,.1,0,2,1,0,23.47
2005,6,8,1,3,147,25.37,.1,0,2,1,0,25.37
2005,6,8,1,3,147,27.37,.1,0,2,1,0,27.37
2005,6,8,1,3,147,29.27,.1,0,2,1,0,29.27
2005,6,8,1,3,147,31.27,.1,0,2,1,0,31.27
2005,6,8,1,3,147,33.17,.1,0,2,1,0,33.17
2005,6,8,1,3,147,35.17,.1,0,2,1,0,35.17
2005,6,8,1,3,147,37.07,.1,0,2,1,0,37.07
2005,6,8,1,3,147,39.07,.1,0,2,1,0,39.07
2005,6,8,1,3,147,40.97,.1,0,2,1,0,40.97
2005,6,8,1,3,147,42.87,.1,0,2,1,0,42.87
2005,6,8,1,3,147,175.67,.1,0,2,0,0,175.67
2005,6,8,1,3,147,180,.1,0,2,0,0,180
2005,6,8,2,3,147,0,21,0,2,1,0,0
2005,6,8,2,3,147,1.87,1,0,2,1,0,1.87
2005,6,8,2,3,147,3.67,.1,0,2,1,0,3.67
2005,6,8,2,3,147,5.57,.1,0,2,1,0,5.57
2005,6,8,2,3,147,7.37,.1,0,2,1,0,7.37
2005,6,8,2,3,147,9.17,.1,0,2,1,0,9.17
2005,6,8,2,3,147,10.97,.1,0,2,1,0,10.97
2005,6,8,2,3,147,12.77,.1,0,2,1,0,12.77
2005,6,8,2,3,147,14.57,.1,0,2,1,0,14.57
2005,6,8,2,3,147,16.47,.1,0,2,1,0,16.47
2005,6,8,2,3,147,18.27,.1,0,2,1,0,18.27
2005,6,8,2,3,147,20.07,.1,0,2,1,0,20.07
2005,6,8,2,3,147,21.87,.1,0,2,1,0,21.87
2005,6,8,2,3,147,23.67,.1,0,2,1,0,23.67
2005,6,8,2,3,147,25.47,.1,0,2,1,0,25.47
2005,6,8,2,3,147,27.37,.1,0,2,1,0,27.37
2005,6,8,2,3,147,29.17,.1,0,2,1,0,29.17
2005,6,8,2,3,147,30.97,.1,0,2,1,0,30.97
2005,6,8,2,3,147,32.77,.1,0,2,1,0,32.77
2005,6,8,2,3,147,34.57,.1,0,2,1,0,34.57
2005,6,8,2,3,147,36.37,.1,0,2,1,0,36.37
2005,6,8,2,3,147,38.27,.1,0,2,1,0,38.27
2005,6,8,2,3,147,39.97,.1,0,2,1,0,39.97
2005,6,8,2,3,147,175.67,.1,0,2,0,0,175.67
2005,6,8,2,3,147,180,.1,0,2,0,0,180
2005,6,8,3,3,147,0,21,0,2,1,0,0
2005,6,8,3,3,147,1.77,1,0,2,1,0,1.77
2005,6,8,3,3,147,3.57,.1,0,2,1,0,3.57
2005,6,8,3,3,147,5.27,.1,0,2,1,0,5.27
2005,6,8,3,3,147,7.07,.1,0,2,1,0,7.07
2005,6,8,3,3,147,8.77,.1,0,2,1,0,8.77
2005,6,8,3,3,147,10.57,.1,0,2,1,0,10.57
2005,6,8,3,3,147,12.27,.1,0,2,1,0,12.27
2005,6,8,3,3,147,14.07,.1,0,2,1,0,14.07
2005,6,8,3,3,147,15.77,.1,0,2,1,0,15.77
2005,6,8,3,3,147,17.57,.1,0,2,1,0,17.57
2005,6,8,3,3,147,19.27,.1,0,2,1,0,19.27
2005,6,8,3,3,147,21.07,.1,0,2,1,0,21.07
2005,6,8,3,3,147,22.77,.1,0,2,1,0,22.77
2005,6,8,3,3,147,24.57,.1,0,2,1,0,24.57
2005,6,8,3,3,147,26.27,.1,0,2,1,0,26.27
2005,6,8,3,3,147,28.07,.1,0,2,1,0,28.07
2005,6,8,3,3,147,29.77,.1,0,2,1,0,29.77
2005,6,8,3,3,147,31.57,.1,0,2,1,0,31.57
2005,6,8,3,3,147,33.27,.1,0,2,1,0,33.27
2005,6,8,3,3,147,35.07,.1,0,2,1,0,35.07
2005,6,8,3,3,147,36.77,.1,0,2,1,0,36.77
2005,6,8,3,3,147,38.47,.1,0,2,0,0,38.47
2005,6,8,3,3,147,175.67,.1,0,2,0,0,175.67
2005,6,8,3,3,147,180,.1,0,2,0,0,180
2005,6,8,4,3,147,0,21,0,2,1,0,0
2005,6,8,4,3,147,1.87,1,0,2,1,0,1.87
2005,6,8,4,3,147,3.57,.1,0,2,1,0,3.57
2005,6,8,4,3,147,5.37,.1,0,2,1,0,5.37
2005,6,8,4,3,147,7.07,.1,0,2,1,0,7.07
2005,6,8,4,3,147,8.87,.1,0,2,1,0,8.87
2005,6,8,4,3,147,10.57,.1,0,2,1,0,10.57
2005,6,8,4,3,147,12.37,.1,0,2,1,0,12.37
2005,6,8,4,3,147,14.07,.1,0,2,1,0,14.07
2005,6,8,4,3,147,15.87,.1,0,2,1,0,15.87
2005,6,8,4,3,147,17.57,.1,0,2,1,0,17.57
2005,6,8,4,3,147,19.37,.1,0,2,1,0,19.37
2005,6,8,4,3,147,21.07,.1,0,2,1,0,21.07
2005,6,8,4,3,147,22.87,.1,0,2,1,0,22.87
2005,6,8,4,3,147,24.57,.1,0,2,1,0,24.57
2005,6,8,4,3,147,26.37,.1,0,2,1,0,26.37
2005,6,8,4,3,147,28.17,.1,0,2,1,0,28.17
2005,6,8,4,3,147,29.87,.1,0,2,1,0,29.87
2005,6,8,4,3,147,31.67,.1,0,2,1,0,31.67
2005,6,8,4,3,147,33.37,.1,0,2,1,0,33.37
2005,6,8,4,3,147,35.17,.1,0,2,1,0,35.17
2005,6,8,4,3,147,36.87,.1,0,2,1,0,36.87
2005,6,8,4,3,147,38.57,.1,0,2,0,0,38.57
2005,6,8,4,3,147,175.67,.1,0,2,0,0,175.67
2005,6,8,4,3,147,180,.1,0,2,0,0,180
2005,6,8,5,3,147,0,21,0,2,1,0,0
2005,6,8,5,3,147,1.77,1,0,2,1,0,1.77
2005,6,8,5,3,147,3.57,.1,0,2,1,0,3.57
2005,6,8,5,3,147,5.27,.1,0,2,1,0,5.27
2005,6,8,5,3,147,7.07,.1,0,2,1,0,7.07
2005,6,8,5,3,147,8.77,.1,0,2,1,0,8.77
2005,6,8,5,3,147,10.57,.1,0,2,1,0,10.57
2005,6,8,5,3,147,12.27,.1,0,2,1,0,12.27
2005,6,8,5,3,147,14.07,.1,0,2,1,0,14.07
2005,6,8,5,3,147,15.77,.1,0,2,1,0,15.77
2005,6,8,5,3,147,17.47,.1,0,2,1,0,17.47
2005,6,8,5,3,147,19.27,.1,0,2,1,0,19.27
2005,6,8,5,3,147,20.97,.1,0,2,1,0,20.97
2005,6,8,5,3,147,22.77,.1,0,2,1,0,22.77
2005,6,8,5,3,147,24.47,.1,0,2,1,0,24.47
2005,6,8,5,3,147,26.27,.1,0,2,1,0,26.27
2005,6,8,5,3,147,27.97,.1,0,2,1,0,27.97
2005,6,8,5,3,147,29.67,.1,0,2,1,0,29.67
2005,6,8,5,3,147,31.47,.1,0,2,1,0,31.47
2005,6,8,5,3,147,33.17,.1,0,2,1,0,33.17
2005,6,8,5,3,147,34.97,.1,0,2,1,0,34.97
2005,6,8,5,3,147,36.67,.1,0,2,1,0,36.67
2005,6,8,5,3,147,38.37,.1,0,2,0,0,38.37
2005,6,8,5,3,147,175.67,.1,0,2,0,0,175.67
2005,6,8,5,3,147,180,.1,0,2,0,0,180
2005,6,8,6,3,147,0,21,0,2,1,0,0
2005,6,8,6,3,147,1.87,1,0,2,1,0,1.87
2005,6,8,6,3,147,3.57,.1,0,2,1,0,3.57
2005,6,8,6,3,147,5.37,.1,0,2,1,0,5.37
2005,6,8,6,3,147,7.07,.1,0,2,1,0,7.07
2005,6,8,6,3,147,8.87,.1,0,2,1,0,8.87
2005,6,8,6,3,147,10.57,.1,0,2,1,0,10.57
2005,6,8,6,3,147,12.37,.1,0,2,1,0,12.37
2005,6,8,6,3,147,14.07,.1,0,2,1,0,14.07
2005,6,8,6,3,147,15.87,.1,0,2,1,0,15.87
2005,6,8,6,3,147,17.57,.1,0,2,1,0,17.57
2005,6,8,6,3,147,19.37,.1,0,2,1,0,19.37
2005,6,8,6,3,147,21.07,.1,0,2,1,0,21.07
2005,6,8,6,3,147,22.87,.1,0,2,1,0,22.87
2005,6,8,6,3,147,24.57,.1,0,2,1,0,24.57
2005,6,8,6,3,147,26.37,.1,0,2,1,0,26.37
2005,6,8,6,3,147,28.17,.1,0,2,1,0,28.17
2005,6,8,6,3,147,29.87,.1,0,2,1,0,29.87
2005,6,8,6,3,147,31.67,.1,0,2,1,0,31.67
2005,6,8,6,3,147,33.37,.1,0,2,1,0,33.37
2005,6,8,6,3,147,35.17,.1,0,2,1,0,35.17
2005,6,8,6,3,147,36.87,.1,0,2,1,0,36.87
2005,6,8,6,3,147,38.57,.1,0,2,0,0,38.57
2005,6,8,6,3,147,175.67,.1,0,2,0,0,175.67
2005,6,8,6,3,147,180,.1,0,2,0,0,180
2005,6,8,7,3,147,0,21,0,2,1,0,0
2005,6,8,7,3,147,1.87,1,0,2,1,0,1.87
2005,6,8,7,3,147,3.77,.1,0,2,1,0,3.77
2005,6,8,7,3,147,5.57,.1,0,2,1,0,5.57
2005,6,8,7,3,147,7.37,.1,0,2,1,0,7.37
2005,6,8,7,3,147,9.27,.1,0,2,1,0,9.27
2005,6,8,7,3,147,11.07,.1,0,2,1,0,11.07
2005,6,8,7,3,147,12.87,.1,0,2,1,0,12.87
2005,6,8,7,3,147,14.77,.1,0,2,1,0,14.77
2005,6,8,7,3,147,16.57,.1,0,2,1,0,16.57
2005,6,8,7,3,147,18.47,.1,0,2,1,0,18.47
2005,6,8,7,3,147,20.27,.1,0,2,1,0,20.27
2005,6,8,7,3,147,22.07,.1,0,2,1,0,22.07
2005,6,8,7,3,147,23.97,.1,0,2,1,0,23.97
2005,6,8,7,3,147,25.77,.1,0,2,1,0,25.77
2005,6,8,7,3,147,27.57,.1,0,2,1,0,27.57
2005,6,8,7,3,147,29.47,.1,0,2,1,0,29.47
2005,6,8,7,3,147,31.27,.1,0,2,1,0,31.27
2005,6,8,7,3,147,33.07,.1,0,2,1,0,33.07
2005,6,8,7,3,147,34.97,.1,0,2,1,0,34.97
2005,6,8,7,3,147,36.77,.1,0,2,1,0,36.77
2005,6,8,7,3,147,38.57,.1,0,2,1,0,38.57
2005,6,8,7,3,147,40.37,.1,0,2,0,0,40.37
2005,6,8,7,3,147,175.67,.1,0,2,0,0,175.67
2005,6,8,7,3,147,180,.1,0,2,0,0,180
2005,6,8,8,3,147,0,23,0,2,1,0,0
2005,6,8,8,3,147,2.07,1,0,2,1,0,2.07
2005,6,8,8,3,147,4.07,.1,0,2,1,0,4.07
2005,6,8,8,3,147,6.07,.1,0,2,1,0,6.07
2005,6,8,8,3,147,8.07,.1,0,2,1,0,8.07
2005,6,8,8,3,147,10.07,.1,0,2,1,0,10.07
2005,6,8,8,3,147,12.07,.1,0,2,1,0,12.07
2005,6,8,8,3,147,14.07,.1,0,2,1,0,14.07
2005,6,8,8,3,147,16.07,.1,0,2,1,0,16.07
2005,6,8,8,3,147,17.97,.1,0,2,1,0,17.97
2005,6,8,8,3,147,19.97,.1,0,2,1,0,19.97
2005,6,8,8,3,147,21.97,.1,0,2,1,0,21.97
2005,6,8,8,3,147,23.97,.1,0,2,1,0,23.97
2005,6,8,8,3,147,25.97,.1,0,2,1,0,25.97
2005,6,8,8,3,147,27.97,.1,0,2,1,0,27.97
2005,6,8,8,3,147,29.97,.1,0,2,1,0,29.97
2005,6,8,8,3,147,31.97,.1,0,2,1,0,31.97
2005,6,8,8,3,147,33.97,.1,0,2,1,0,33.97
2005,6,8,8,3,147,35.97,.1,0,2,1,0,35.97
2005,6,8,8,3,147,37.97,.1,0,2,1,0,37.97
2005,6,8,8,3,147,39.97,.1,0,2,1,0,39.97
2005,6,8,8,3,147,41.97,.1,0,2,1,0,41.97
2005,6,8,8,3,147,43.87,.1,0,2,1,0,43.87
2005,6,8,8,3,147,175.67,.1,0,2,0,0,175.67
2005,6,8,8,3,147,180,.1,0,2,0,0,180
2005,6,8,9,3,147,0,31,0,2,1,0,0
2005,6,8,9,3,147,2.57,1,0,2,1,0,2.57
2005,6,8,9,3,147,5.17,1,0,2,1,0,5.17
2005,6,8,9,3,147,7.67,.1,0,2,1,0,7.67
2005,6,8,9,3,147,10.27,.1,0,2,1,0,10.27
2005,6,8,9,3,147,12.77,.1,0,2,1,0,12.77
2005,6,8,9,3,147,15.37,.1,0,2,1,0,15.37
2005,6,8,9,3,147,17.87,.1,0,2,1,0,17.87
2005,6,8,9,3,147,20.47,.1,0,2,1,0,20.47
2005,6,8,9,3,147,22.97,.1,0,2,1,0,22.97
2005,6,8,9,3,147,25.47,.1,0,2,1,0,25.47
2005,6,8,9,3,147,28.07,.1,0,2,1,0,28.07
2005,6,8,9,3,147,30.57,.1,0,2,1,0,30.57
2005,6,8,9,3,147,33.17,.1,0,2,1,0,33.17
2005,6,8,9,3,147,35.67,.1,0,2,1,0,35.67
2005,6,8,9,3,147,38.27,.1,0,2,1,0,38.27
2005,6,8,9,3,147,40.77,.1,0,2,1,0,40.77
2005,6,8,9,3,147,43.27,.1,0,2,1,0,43.27
2005,6,8,9,3,147,45.87,.1,0,2,1,0,45.87
2005,6,8,9,3,147,48.37,.1,0,2,1,0,48.37
2005,6,8,9,3,147,50.97,.1,0,2,1,0,50.97
2005,6,8,9,3,147,53.47,.1,0,2,1,0,53.47
2005,6,8,9,3,147,55.97,.1,0,2,1,0,55.97
2005,6,8,9,3,147,175.67,.1,0,2,0,0,175.67
2005,6,8,9,3,147,180,.1,0,2,0,0,180
2005,6,8,10,3,147,0,46,0,2,1,0,0
2005,6,8,10,3,147,2.77,1,0,2,1,0,2.77
2005,6,8,10,3,147,5.47,1,0,2,1,0,5.47
2005,6,8,10,3,147,8.17,.1,0,2,1,0,8.17
2005,6,8,10,3,147,10.87,.1,0,2,1,0,10.87
2005,6,8,10,3,147,13.57,.1,0,2,1,0,13.57
2005,6,8,10,3,147,16.27,.1,0,2,1,0,16.27
2005,6,8,10,3,147,18.97,.1,0,2,1,0,18.97
2005,6,8,10,3,147,21.67,.1,0,2,1,0,21.67
2005,6,8,10,3,147,24.37,.1,0,2,1,0,24.37
2005,6,8,10,3,147,27.07,.1,0,2,1,0,27.07
2005,6,8,10,3,147,32.47,.1,0,2,1,0,32.47
2005,6,8,10,3,147,35.17,.1,0,2,1,0,35.17
2005,6,8,10,3,147,37.87,.1,0,2,1,0,37.87
2005,6,8,10,3,147,40.57,.1,0,2,1,0,40.57
2005,6,8,10,3,147,43.27,.1,0,2,1,0,43.27
2005,6,8,10,3,147,45.97,.1,0,2,1,0,45.97
2005,6,8,10,3,147,48.67,.1,0,2,1,0,48.67
2005,6,8,10,3,147,51.37,.1,0,2,1,0,51.37
2005,6,8,10,3,147,54.07,.1,0,2,1,0,54.07
2005,6,8,10,3,147,56.77,.1,0,2,1,0,56.77
2005,6,8,10,3,147,59.37,.1,0,2,1,0,59.37
2005,6,8,10,3,147,175.67,.1,0,2,0,0,175.67
2005,6,8,10,3,147,180,.1,0,2,0,0,180
2005,6,8,11,3,147,0,48,0,2,1,0,0
2005,6,8,11,3,147,2.97,2,0,2,1,0,2.97
2005,6,8,11,3,147,5.87,1,0,2,1,0,5.87
2005,6,8,11,3,147,8.67,.1,0,2,1,0,8.67
2005,6,8,11,3,147,11.57,.1,0,2,1,0,11.57
2005,6,8,11,3,147,14.47,.1,0,2,1,0,14.47
2005,6,8,11,3,147,17.37,.1,0,2,1,0,17.37
2005,6,8,11,3,147,20.17,.1,0,2,1,0,20.17
2005,6,8,11,3,147,23.07,.1,0,2,1,0,23.07
2005,6,8,11,3,147,25.97,.1,0,2,1,0,25.97
2005,6,8,11,3,147,28.87,.1,0,2,1,0,28.87
2005,6,8,11,3,147,31.67,.1,0,2,1,0,31.67
2005,6,8,11,3,147,34.57,.1,0,2,1,0,34.57
2005,6,8,11,3,147,37.47,.1,0,2,1,0,37.47
2005,6,8,11,3,147,40.37,.1,0,2,1,0,40.37
2005,6,8,11,3,147,43.17,.1,0,2,1,0,43.17
2005,6,8,11,3,147,46.07,.1,0,2,1,0,46.07
2005,6,8,11,3,147,48.97,.1,0,2,1,0,48.97
2005,6,8,11,3,147,51.87,.1,0,2,1,0,51.87
2005,6,8,11,3,147,54.67,.1,0,2,1,0,54.67
2005,6,8,11,3,147,57.57,.1,0,2,1,0,57.57
2005,6,8,11,3,147,60.47,.1,0,2,1,0,60.47
2005,6,8,11,3,147,63.27,.1,0,2,1,0,63.27
2005,6,8,11,3,147,175.67,.1,0,2,0,0,175.67
2005,6,8,11,3,147,180,.1,0,2,0,0,180
2005,6,8,12,3,147,0,48,0,2,1,0,0
2005,6,8,12,3,147,3.17,2,0,2,1,0,3.17
2005,6,8,12,3,147,6.27,1,0,2,1,0,6.27
2005,6,8,12,3,147,9.47,.1,0,2,1,0,9.47
2005,6,8,12,3,147,12.57,.1,0,2,1,0,12.57
2005,6,8,12,3,147,15.67,.1,0,2,1,0,15.67
2005,6,8,12,3,147,18.77,.1,0,2,1,0,18.77
2005,6,8,12,3,147,21.87,.1,0,2,1,0,21.87
2005,6,8,12,3,147,24.97,.1,0,2,1,0,24.97
2005,6,8,12,3,147,28.17,.1,0,2,1,0,28.17
2005,6,8,12,3,147,31.27,.1,0,2,1,0,31.27
2005,6,8,12,3,147,34.37,.1,0,2,1,0,34.37
2005,6,8,12,3,147,37.47,.1,0,2,1,0,37.47
2005,6,8,12,3,147,40.57,.1,0,2,1,0,40.57
2005,6,8,12,3,147,43.67,.1,0,2,1,0,43.67
2005,6,8,12,3,147,46.87,.1,0,2,1,0,46.87
2005,6,8,12,3,147,49.97,.1,0,2,1,0,49.97
2005,6,8,12,3,147,53.07,.1,0,2,1,0,53.07
2005,6,8,12,3,147,56.17,.1,0,2,1,0,56.17
2005,6,8,12,3,147,59.27,.1,0,2,1,0,59.27
2005,6,8,12,3,147,62.37,.1,0,2,1,0,62.37
2005,6,8,12,3,147,65.57,.1,0,2,1,0,65.57
2005,6,8,12,3,147,68.57,.1,0,2,1,0,68.57
2005,6,8,12,3,147,175.67,.1,0,2,0,0,175.67
2005,6,8,12,3,147,180,.1,0,2,0,0,180
2005,6,8,13,3,147,0,48,0,2,1,0,0
2005,6,8,13,3,147,3.37,2,0,2,1,0,3.37
2005,6,8,13,3,147,6.77,1,0,2,1,0,6.77
2005,6,8,13,3,147,10.07,.1,0,2,1,0,10.07
2005,6,8,13,3,147,13.47,.1,0,2,1,0,13.47
2005,6,8,13,3,147,16.77,.1,0,2,1,0,16.77
2005,6,8,13,3,147,20.17,.1,0,2,1,0,20.17
2005,6,8,13,3,147,23.47,.1,0,2,1,0,23.47
2005,6,8,13,3,147,26.87,.1,0,2,1,0,26.87
2005,6,8,13,3,147,30.17,.1,0,2,1,0,30.17
2005,6,8,13,3,147,33.47,.1,0,2,1,0,33.47
2005,6,8,13,3,147,36.87,.1,0,2,1,0,36.87
2005,6,8,13,3,147,40.17,.1,0,2,1,0,40.17
2005,6,8,13,3,147,43.57,.1,0,2,1,0,43.57
2005,6,8,13,3,147,46.87,.1,0,2,1,0,46.87
2005,6,8,13,3,147,50.27,.1,0,2,1,0,50.27
2005,6,8,13,3,147,53.57,.1,0,2,1,0,53.57
2005,6,8,13,3,147,56.87,.1,0,2,1,0,56.87
2005,6,8,13,3,147,60.27,.1,0,2,1,0,60.27
2005,6,8,13,3,147,63.57,.1,0,2,1,0,63.57
2005,6,8,13,3,147,66.97,.1,0,2,1,0,66.97
2005,6,8,13,3,147,70.27,.1,0,2,1,0,70.27
2005,6,8,13,3,147,73.57,.1,0,2,1,0,73.57
2005,6,8,13,3,147,175.67,.1,0,2,0,0,175.67
2005,6,8,13,3,147,180,.1,0,2,0,0,180
2005,6,8,14,3,147,0,48,0,2,1,0,0
2005,6,8,14,3,147,3.17,2,0,2,1,0,3.17
2005,6,8,14,3,147,6.37,1,0,2,1,0,6.37
2005,6,8,14,3,147,9.47,.1,0,2,1,0,9.47
2005,6,8,14,3,147,12.57,.1,0,2,1,0,12.57
2005,6,8,14,3,147,15.67,.1,0,2,1,0,15.67
2005,6,8,14,3,147,18.87,.1,0,2,1,0,18.87
2005,6,8,14,3,147,21.97,.1,0,2,1,0,21.97
2005,6,8,14,3,147,25.07,.1,0,2,1,0,25.07
2005,6,8,14,3,147,28.17,.1,0,2,1,0,28.17
2005,6,8,14,3,147,31.37,.1,0,2,1,0,31.37
2005,6,8,14,3,147,34.47,.1,0,2,1,0,34.47
2005,6,8,14,3,147,37.57,.1,0,2,1,0,37.57
2005,6,8,14,3,147,40.67,.1,0,2,1,0,40.67
2005,6,8,14,3,147,43.87,.1,0,2,1,0,43.87
2005,6,8,14,3,147,46.97,.1,0,2,1,0,46.97
2005,6,8,14,3,147,50.07,.1,0,2,1,0,50.07
2005,6,8,14,3,147,53.17,.1,0,2,1,0,53.17
2005,6,8,14,3,147,56.37,.1,0,2,1,0,56.37
2005,6,8,14,3,147,59.47,.1,0,2,1,0,59.47
2005,6,8,14,3,147,62.57,.1,0,2,1,0,62.57
2005,6,8,14,3,147,65.67,.1,0,2,1,0,65.67
2005,6,8,14,3,147,68.77,.1,0,2,1,0,68.77
2005,6,8,14,3,147,175.67,.1,0,2,0,0,175.67
2005,6,8,14,3,147,180,.1,0,2,0,0,180
2005,6,8,15,3,147,0,31,0,2,1,0,0
2005,6,8,15,3,147,2.97,1,0,2,1,0,2.97
2005,6,8,15,3,147,5.87,1,0,2,1,0,5.87
2005,6,8,15,3,147,8.77,.1,0,2,1,0,8.77
2005,6,8,15,3,147,11.57,.1,0,2,1,0,11.57
2005,6,8,15,3,147,14.47,.1,0,2,1,0,14.47
2005,6,8,15,3,147,17.37,.1,0,2,1,0,17.37
2005,6,8,15,3,147,20.27,.1,0,2,1,0,20.27
2005,6,8,15,3,147,23.17,.1,0,2,1,0,23.17
2005,6,8,15,3,147,26.07,.1,0,2,1,0,26.07
2005,6,8,15,3,147,28.97,.1,0,2,1,0,28.97
2005,6,8,15,3,147,31.77,.1,0,2,1,0,31.77
2005,6,8,15,3,147,34.67,.1,0,2,1,0,34.67
2005,6,8,15,3,147,37.57,.1,0,2,1,0,37.57
2005,6,8,15,3,147,40.47,.1,0,2,1,0,40.47
2005,6,8,15,3,147,43.37,.1,0,2,1,0,43.37
2005,6,8,15,3,147,46.27,.1,0,2,1,0,46.27
2005,6,8,15,3,147,49.07,.1,0,2,1,0,49.07
2005,6,8,15,3,147,51.97,.1,0,2,1,0,51.97
2005,6,8,15,3,147,54.87,.1,0,2,1,0,54.87
2005,6,8,15,3,147,57.77,.1,0,2,1,0,57.77
2005,6,8,15,3,147,60.67,.1,0,2,1,0,60.67
2005,6,8,15,3,147,63.47,.1,0,2,1,0,63.47
2005,6,8,15,3,147,175.67,.1,0,2,0,0,175.67
2005,6,8,15,3,147,180,.1,0,2,0,0,180
2005,6,8,16,3,147,0,31,0,2,1,0,0
2005,6,8,16,3,147,2.97,1,0,2,1,0,2.97
2005,6,8,16,3,147,5.97,1,0,2,1,0,5.97
2005,6,8,16,3,147,8.87,.1,0,2,1,0,8.87
2005,6,8,16,3,147,11.87,.1,0,2,1,0,11.87
2005,6,8,16,3,147,14.77,.1,0,2,1,0,14.77
2005,6,8,16,3,147,17.77,.1,0,2,1,0,17.77
2005,6,8,16,3,147,20.67,.1,0,2,1,0,20.67
2005,6,8,16,3,147,23.67,.1,0,2,1,0,23.67
2005,6,8,16,3,147,26.57,.1,0,2,1,0,26.57
2005,6,8,16,3,147,29.47,.1,0,2,1,0,29.47
2005,6,8,16,3,147,32.47,.1,0,2,1,0,32.47
2005,6,8,16,3,147,35.37,.1,0,2,1,0,35.37
2005,6,8,16,3,147,38.37,.1,0,2,1,0,38.37
2005,6,8,16,3,147,41.27,.1,0,2,1,0,41.27
2005,6,8,16,3,147,44.27,.1,0,2,1,0,44.27
2005,6,8,16,3,147,47.17,.1,0,2,1,0,47.17
2005,6,8,16,3,147,50.07,.1,0,2,1,0,50.07
2005,6,8,16,3,147,53.07,.1,0,2,1,0,53.07
2005,6,8,16,3,147,55.97,.1,0,2,1,0,55.97
2005,6,8,16,3,147,58.97,.1,0,2,1,0,58.97
2005,6,8,16,3,147,61.87,.1,0,2,1,0,61.87
2005,6,8,16,3,147,64.77,.1,0,2,1,0,64.77
2005,6,8,16,3,147,175.67,.1,0,2,0,0,175.67
2005,6,8,16,3,147,180,.1,0,2,0,0,180
2005,6,8,17,3,147,0,33,0,2,1,0,0
2005,6,8,17,3,147,3.17,1,0,2,1,0,3.17
2005,6,8,17,3,147,6.27,1,0,2,1,0,6.27
2005,6,8,17,3,147,9.37,.1,0,2,1,0,9.37
2005,6,8,17,3,147,12.47,.1,0,2,1,0,12.47
2005,6,8,17,3,147,15.47,.1,0,2,1,0,15.47
2005,6,8,17,3,147,18.57,.1,0,2,1,0,18.57
2005,6,8,17,3,147,21.67,.1,0,2,1,0,21.67
2005,6,8,17,3,147,24.77,.1,0,2,1,0,24.77
2005,6,8,17,3,147,27.87,.1,0,2,1,0,27.87
2005,6,8,17,3,147,30.97,.1,0,2,1,0,30.97
2005,6,8,17,3,147,34.07,.1,0,2,1,0,34.07
2005,6,8,17,3,147,37.17,.1,0,2,1,0,37.17
2005,6,8,17,3,147,40.27,.1,0,2,1,0,40.27
2005,6,8,17,3,147,43.37,.1,0,2,1,0,43.37
2005,6,8,17,3,147,46.37,.1,0,2,1,0,46.37
2005,6,8,17,3,147,49.47,.1,0,2,1,0,49.47
2005,6,8,17,3,147,52.57,.1,0,2,1,0,52.57
2005,6,8,17,3,147,55.67,.1,0,2,1,0,55.67
2005,6,8,17,3,147,58.77,.1,0,2,1,0,58.77
2005,6,8,17,3,147,61.87,.1,0,2,1,0,61.87
2005,6,8,17,3,147,64.97,.1,0,2,1,0,64.97
2005,6,8,17,3,147,67.97,.1,0,2,1,0,67.97
2005,6,8,17,3,147,175.67,.1,0,2,0,0,175.67
2005,6,8,17,3,147,180,.1,0,2,0,0,180
2005,6,8,18,3,147,0,33,0,2,1,0,0
2005,6,8,18,3,147,3.37,1,0,2,1,0,3.37
2005,6,8,18,3,147,6.67,1,0,2,1,0,6.67
2005,6,8,18,3,147,9.97,.1,0,2,1,0,9.97
2005,6,8,18,3,147,13.27,.1,0,2,1,0,13.27
2005,6,8,18,3,147,16.57,.1,0,2,1,0,16.57
2005,6,8,18,3,147,19.87,.1,0,2,1,0,19.87
2005,6,8,18,3,147,23.17,.1,0,2,1,0,23.17
2005,6,8,18,3,147,26.47,.1,0,2,1,0,26.47
2005,6,8,18,3,147,29.77,.1,0,2,1,0,29.77
2005,6,8,18,3,147,33.07,.1,0,2,1,0,33.07
2005,6,8,18,3,147,36.37,.1,0,2,1,0,36.37
2005,6,8,18,3,147,39.67,.1,0,2,1,0,39.67
2005,6,8,18,3,147,42.97,.1,0,2,1,0,42.97
2005,6,8,18,3,147,46.27,.1,0,2,1,0,46.27
2005,6,8,18,3,147,49.57,.1,0,2,1,0,49.57
2005,6,8,18,3,147,52.87,.1,0,2,1,0,52.87
2005,6,8,18,3,147,56.17,.1,0,2,1,0,56.17
2005,6,8,18,3,147,59.47,.1,0,2,1,0,59.47
2005,6,8,18,3,147,62.77,.1,0,2,1,0,62.77
2005,6,8,18,3,147,66.07,.1,0,2,1,0,66.07
2005,6,8,18,3,147,69.37,.1,0,2,1,0,69.37
2005,6,8,18,3,147,72.57,.1,0,2,1,0,72.57
2005,6,8,18,3,147,175.67,.1,0,2,0,0,175.67
2005,6,8,18,3,147,180,.1,0,2,0,0,180
2005,6,8,19,3,147,0,33,0,2,1,0,0
2005,6,8,19,3,147,3.27,1,0,2,1,0,3.27
2005,6,8,19,3,147,6.57,1,0,2,1,0,6.57
2005,6,8,19,3,147,9.77,.1,0,2,1,0,9.77
2005,6,8,19,3,147,13.07,.1,0,2,1,0,13.07
2005,6,8,19,3,147,16.27,.1,0,2,1,0,16.27
2005,6,8,19,3,147,19.57,.1,0,2,1,0,19.57
2005,6,8,19,3,147,22.77,.1,0,2,1,0,22.77
2005,6,8,19,3,147,26.07,.1,0,2,1,0,26.07
2005,6,8,19,3,147,29.27,.1,0,2,1,0,29.27
2005,6,8,19,3,147,32.47,.1,0,2,1,0,32.47
2005,6,8,19,3,147,35.77,.1,0,2,1,0,35.77
2005,6,8,19,3,147,38.97,.1,0,2,1,0,38.97
2005,6,8,19,3,147,42.27,.1,0,2,1,0,42.27
2005,6,8,19,3,147,45.47,.1,0,2,1,0,45.47
2005,6,8,19,3,147,48.77,.1,0,2,1,0,48.77
2005,6,8,19,3,147,51.97,.1,0,2,1,0,51.97
2005,6,8,19,3,147,55.17,.1,0,2,1,0,55.17
2005,6,8,19,3,147,58.47,.1,0,2,1,0,58.47
2005,6,8,19,3,147,61.67,.1,0,2,1,0,61.67
2005,6,8,19,3,147,64.97,.1,0,2,1,0,64.97
2005,6,8,19,3,147,68.17,.1,0,2,1,0,68.17
2005,6,8,19,3,147,71.37,.1,0,2,1,0,71.37
2005,6,8,19,3,147,175.67,.1,0,2,0,0,175.67
2005,6,8,19,3,147,180,.1,0,2,0,0,180
2005,6,8,20,3,147,0,31,0,2,1,0,0
2005,6,8,20,3,147,3.17,1,0,2,1,0,3.17
2005,6,8,20,3,147,6.27,1,0,2,1,0,6.27
2005,6,8,20,3,147,9.47,.1,0,2,1,0,9.47
2005,6,8,20,3,147,12.57,.1,0,2,1,0,12.57
2005,6,8,20,3,147,15.67,.1,0,2,1,0,15.67
2005,6,8,20,3,147,18.77,.1,0,2,1,0,18.77
2005,6,8,20,3,147,21.87,.1,0,2,1,0,21.87
2005,6,8,20,3,147,24.97,.1,0,2,1,0,24.97
2005,6,8,20,3,147,28.17,.1,0,2,1,0,28.17
2005,6,8,20,3,147,31.27,.1,0,2,1,0,31.27
2005,6,8,20,3,147,34.37,.1,0,2,1,0,34.37
2005,6,8,20,3,147,37.47,.1,0,2,1,0,37.47
2005,6,8,20,3,147,40.57,.1,0,2,1,0,40.57
2005,6,8,20,3,147,43.67,.1,0,2,1,0,43.67
2005,6,8,20,3,147,46.87,.1,0,2,1,0,46.87
2005,6,8,20,3,147,49.97,.1,0,2,1,0,49.97
2005,6,8,20,3,147,53.07,.1,0,2,1,0,53.07
2005,6,8,20,3,147,56.17,.1,0,2,1,0,56.17
2005,6,8,20,3,147,59.27,.1,0,2,1,0,59.27
2005,6,8,20,3,147,62.37,.1,0,2,1,0,62.37
2005,6,8,20,3,147,65.57,.1,0,2,1,0,65.57
2005,6,8,20,3,147,68.57,.1,0,2,1,0,68.57
2005,6,8,20,3,147,175.67,.1,0,2,0,0,175.67
2005,6,8,20,3,147,180,.1,0,2,0,0,180
2005,6,8,21,3,147,0,31,0,2,1,0,0
2005,6,8,21,3,147,2.87,1,0,2,1,0,2.87
2005,6,8,21,3,147,5.67,1,0,2,1,0,5.67
2005,6,8,21,3,147,8.47,.1,0,2,1,0,8.47
2005,6,8,21,3,147,11.27,.1,0,2,1,0,11.27
2005,6,8,21,3,147,14.07,.1,0,2,1,0,14.07
2005,6,8,21,3,147,16.87,.1,0,2,1,0,16.87
2005,6,8,21,3,147,19.67,.1,0,2,1,0,19.67
2005,6,8,21,3,147,22.47,.1,0,2,1,0,22.47
2005,6,8,21,3,147,25.27,.1,0,2,1,0,25.27
2005,6,8,21,3,147,28.07,.1,0,2,1,0,28.07
2005,6,8,21,3,147,30.87,.1,0,2,1,0,30.87
2005,6,8,21,3,147,33.67,.1,0,2,1,0,33.67
2005,6,8,21,3,147,36.47,.1,0,2,1,0,36.47
2005,6,8,21,3,147,39.27,.1,0,2,1,0,39.27
2005,6,8,21,3,147,42.07,.1,0,2,1,0,42.07
2005,6,8,21,3,147,44.97,.1,0,2,1,0,44.97
2005,6,8,21,3,147,47.77,.1,0,2,1,0,47.77
2005,6,8,21,3,147,50.57,.1,0,2,1,0,50.57
2005,6,8,21,3,147,53.37,.1,0,2,1,0,53.37
2005,6,8,21,3,147,56.17,.1,0,2,1,0,56.17
2005,6,8,21,3,147,58.97,.1,0,2,1,0,58.97
2005,6,8,21,3,147,61.67,.1,0,2,1,0,61.67
2005,6,8,21,3,147,175.67,.1,0,2,0,0,175.67
2005,6,8,21,3,147,180,.1,0,2,0,0,180
2005,6,8,22,3,147,0,31,0,2,1,0,0
2005,6,8,22,3,147,3.07,1,0,2,1,0,3.07
2005,6,8,22,3,147,5.97,1,0,2,1,0,5.97
2005,6,8,22,3,147,8.97,.1,0,2,1,0,8.97
2005,6,8,22,3,147,11.97,.1,0,2,1,0,11.97
2005,6,8,22,3,147,14.87,.1,0,2,1,0,14.87
2005,6,8,22,3,147,17.87,.1,0,2,1,0,17.87
2005,6,8,22,3,147,20.87,.1,0,2,1,0,20.87
2005,6,8,22,3,147,23.77,.1,0,2,1,0,23.77
2005,6,8,22,3,147,26.77,.1,0,2,1,0,26.77
2005,6,8,22,3,147,29.77,.1,0,2,1,0,29.77
2005,6,8,22,3,147,32.67,.1,0,2,1,0,32.67
2005,6,8,22,3,147,35.67,.1,0,2,1,0,35.67
2005,6,8,22,3,147,38.67,.1,0,2,1,0,38.67
2005,6,8,22,3,147,41.57,.1,0,2,1,0,41.57
2005,6,8,22,3,147,44.57,.1,0,2,1,0,44.57
2005,6,8,22,3,147,47.57,.1,0,2,1,0,47.57
2005,6,8,22,3,147,50.47,.1,0,2,1,0,50.47
2005,6,8,22,3,147,53.47,.1,0,2,1,0,53.47
2005,6,8,22,3,147,56.47,.1,0,2,1,0,56.47
2005,6,8,22,3,147,59.37,.1,0,2,1,0,59.37
2005,6,8,22,3,147,62.37,.1,0,2,1,0,62.37
2005,6,8,22,3,147,65.27,.1,0,2,1,0,65.27
2005,6,8,22,3,147,175.67,.1,0,2,0,0,175.67
2005,6,8,22,3,147,180,.1,0,2,0,0,180
2005,6,8,23,3,147,0,31,0,2,1,0,0
2005,6,8,23,3,147,3.07,1,0,2,1,0,3.07
2005,6,8,23,3,147,5.97,1,0,2,1,0,5.97
2005,6,8,23,3,147,8.97,.1,0,2,1,0,8.97
2005,6,8,23,3,147,11.87,.1,0,2,1,0,11.87
2005,6,8,23,3,147,14.87,.1,0,2,1,0,14.87
2005,6,8,23,3,147,17.87,.1,0,2,1,0,17.87
2005,6,8,23,3,147,20.77,.1,0,2,1,0,20.77
2005,6,8,23,3,147,23.77,.1,0,2,1,0,23.77
2005,6,8,23,3,147,26.77,.1,0,2,1,0,26.77
2005,6,8,23,3,147,29.67,.1,0,2,1,0,29.67
2005,6,8,23,3,147,32.67,.1,0,2,1,0,32.67
2005,6,8,23,3,147,35.57,.1,0,2,1,0,35.57
2005,6,8,23,3,147,38.57,.1,0,2,1,0,38.57
2005,6,8,23,3,147,41.57,.1,0,2,1,0,41.57
2005,6,8,23,3,147,44.47,.1,0,2,1,0,44.47
2005,6,8,23,3,147,47.47,.1,0,2,1,0,47.47
2005,6,8,23,3,147,50.47,.1,0,2,1,0,50.47
2005,6,8,23,3,147,53.37,.1,0,2,1,0,53.37
2005,6,8,23,3,147,56.37,.1,0,2,1,0,56.37
2005,6,8,23,3,147,59.27,.1,0,2,1,0,59.27
2005,6,8,23,3,147,62.27,.1,0,2,1,0,62.27
2005,6,8,23,3,147,65.17,.1,0,2,1,0,65.17
2005,6,8,23,3,147,175.67,.1,0,2,0,0,175.67
2005,6,8,23,3,147,180,.1,0,2,0,0,180
2005,6,8,24,3,147,0,29,0,2,1,0,0
2005,6,8,24,3,147,2.27,1,0,2,1,0,2.27
2005,6,8,24,3,147,4.47,1,0,2,1,0,4.47
2005,6,8,24,3,147,6.67,.1,0,2,1,0,6.67
2005,6,8,24,3,147,8.77,.1,0,2,1,0,8.77
2005,6,8,24,3,147,10.97,.1,0,2,1,0,10.97
2005,6,8,24,3,147,13.17,.1,0,2,1,0,13.17
2005,6,8,24,3,147,15.37,.1,0,2,1,0,15.37
2005,6,8,24,3,147,17.57,.1,0,2,1,0,17.57
2005,6,8,24,3,147,19.77,.1,0,2,1,0,19.77
2005,6,8,24,3,147,21.97,.1,0,2,1,0,21.97
2005,6,8,24,3,147,24.07,.1,0,2,1,0,24.07
2005,6,8,24,3,147,26.27,.1,0,2,1,0,26.27
2005,6,8,24,3,147,28.47,.1,0,2,1,0,28.47
2005,6,8,24,3,147,30.67,.1,0,2,1,0,30.67
2005,6,8,24,3,147,32.87,.1,0,2,1,0,32.87
2005,6,8,24,3,147,35.07,.1,0,2,1,0,35.07
2005,6,8,24,3,147,37.17,.1,0,2,1,0,37.17
2005,6,8,24,3,147,39.37,.1,0,2,1,0,39.37
2005,6,8,24,3,147,41.57,.1,0,2,1,0,41.57
2005,6,8,24,3,147,43.77,.1,0,2,1,0,43.77
2005,6,8,24,3,147,45.97,.1,0,2,1,0,45.97
2005,6,8,24,3,147,48.07,.1,0,2,1,0,48.07
2005,6,8,24,3,147,175.67,.1,0,2,0,0,175.67
2005,6,8,24,3,147,180,.1,0,2,0,0,180
2005,6,8,1,9,148,180,54.3,0,1,1,0,180
2005,6,8,2,9,148,180,51.3,0,1,1,0,180
2005,6,8,3,9,148,180,49.9,0,1,1,0,180
2005,6,8,4,9,148,180,50.9,0,1,1,0,180
2005,6,8,5,9,148,180,50.7,0,1,1,0,180
2005,6,8,6,9,148,180,55,0,1,1,0,180
2005,6,8,7,9,148,180,64.2,0,1,1,0,180
2005,6,8,8,9,148,180,71.2,0,1,1,0,180
2005,6,8,9,9,148,180,71.4,0,1,1,0,180
2005,6,8,10,9,148,180,71.6,0,1,1,0,180
2005,6,8,11,9,148,180,73.2,0,1,1,0,180
2005,6,8,12,9,148,180,74,0,1,1,0,180
2005,6,8,13,9,148,180,71.8,0,1,1,0,180
2005,6,8,14,9,148,180,71.6,0,1,1,0,180
2005,6,8,15,9,148,180,73,0,1,1,0,180
2005,6,8,16,9,148,180,71.3,0,1,1,0,180
2005,6,8,17,9,148,180,70.3,0,1,1,0,180
2005,6,8,18,9,148,180,70.5,0,1,1,0,180
2005,6,8,19,9,148,180,71.6,0,1,1,0,180
2005,6,8,20,9,148,180,70.3,0,1,1,0,180
2005,6,8,21,9,148,180,68.4,0,1,1,0,180
2005,6,8,22,9,148,180,66.2,0,1,1,0,180
2005,6,8,23,9,148,180,61.1,0,1,1,0,180
2005,6,8,24,9,148,180,57.2,0,1,1,0,180
2005,6,8,1,1,149,85,200,0,1,1,0,85
2005,6,8,1,1,149,89,100,0,1,1,0,89
2005,6,8,1,1,149,99,200,0,1,1,0,99
2005,6,8,1,1,149,180.3,2829,0,1,1,0,180.3
2005,6,8,2,1,149,85,200,0,1,1,0,85
2005,6,8,2,1,149,89,100,0,1,1,0,89
2005,6,8,2,1,149,99,200,0,1,1,0,99
2005,6,8,2,1,149,180.3,2736,0,1,1,0,180.3
2005,6,8,3,1,149,85,200,0,1,1,0,85
2005,6,8,3,1,149,89,100,0,1,1,0,89
2005,6,8,3,1,149,99,200,0,1,1,0,99
2005,6,8,3,1,149,180.3,2626,0,1,1,0,180.3
2005,6,8,4,1,149,85,200,0,1,1,0,85
2005,6,8,4,1,149,89,100,0,1,1,0,89
2005,6,8,4,1,149,99,200,0,1,1,0,99
2005,6,8,4,1,149,180.3,2587,0,1,1,0,180.3
2005,6,8,5,1,149,85,200,0,1,1,0,85
2005,6,8,5,1,149,89,100,0,1,1,0,89
2005,6,8,5,1,149,99,200,0,1,1,0,99
2005,6,8,5,1,149,180.3,2578,0,1,1,0,180.3
2005,6,8,6,1,149,85,200,0,1,1,0,85
2005,6,8,6,1,149,89,100,0,1,1,0,89
2005,6,8,6,1,149,99,200,0,1,1,0,99
2005,6,8,6,1,149,180.3,2673,0,1,1,0,180.3
2005,6,8,7,1,149,85,200,0,1,1,0,85
2005,6,8,7,1,149,89,100,0,1,1,0,89
2005,6,8,7,1,149,99,200,0,1,1,0,99
2005,6,8,7,1,149,180.3,3168,0,1,1,0,180.3
2005,6,8,8,1,149,85,200,0,1,1,0,85
2005,6,8,8,1,149,89,100,0,1,1,0,89
2005,6,8,8,1,149,99,200,0,1,1,0,99
2005,6,8,8,1,149,180.3,3634,0,1,1,0,180.3
2005,6,8,9,1,149,85,200,0,1,1,0,85
2005,6,8,9,1,149,89,100,0,1,1,0,89
2005,6,8,9,1,149,99,200,0,1,1,0,99
2005,6,8,9,1,149,180.3,4168,0,1,1,0,180.3
2005,6,8,10,1,149,85,200,0,1,1,0,85
2005,6,8,10,1,149,89,100,0,1,1,0,89
2005,6,8,10,1,149,99,200,0,1,1,0,99
2005,6,8,10,1,149,180.3,4544,0,1,1,0,180.3
2005,6,8,11,1,149,85,200,0,1,0,0,85
2005,6,8,11,1,149,89,100,0,1,1,0,89
2005,6,8,11,1,149,99,200,0,1,1,0,99
2005,6,8,11,1,149,180.3,4788,0,1,1,0,180.3
2005,6,8,12,1,149,86,200,0,1,0,0,86
2005,6,8,12,1,149,89,100,0,1,0,0,89
2005,6,8,12,1,149,99,200,0,1,1,0,99
2005,6,8,12,1,149,180.3,4916,0,1,1,0,180.3
2005,6,8,13,1,149,88,200,0,1,0,0,88
2005,6,8,13,1,149,89,100,0,1,0,0,89
2005,6,8,13,1,149,99,200,0,1,0,0,99
2005,6,8,13,1,149,180.3,4937,0,1,1,0,180.3
2005,6,8,14,1,149,88,200,0,1,0,0,88
2005,6,8,14,1,149,89,100,0,1,0,0,89
2005,6,8,14,1,149,99,140.5,0,1,1,0,99
2005,6,8,14,1,149,180.3,4722,0,1,1,0,180.3
2005,6,8,15,1,149,86,200,0,1,0,0,86
2005,6,8,15,1,149,89,13.8,0,1,1,0,89
2005,6,8,15,1,149,99,200,0,1,1,0,99
2005,6,8,15,1,149,180.3,4434,0,1,1,0,180.3
2005,6,8,16,1,149,86,200,0,1,0,0,86
2005,6,8,16,1,149,89,100,0,1,0,0,89
2005,6,8,16,1,149,99,200,0,1,1,0,99
2005,6,8,16,1,149,180.3,4396,0,1,1,0,180.3
2005,6,8,17,1,149,86,200,0,1,0,0,86
2005,6,8,17,1,149,89,100,0,1,0,0,89
2005,6,8,17,1,149,99,200,0,1,1,0,99
2005,6,8,17,1,149,180.3,4447,0,1,1,0,180.3
2005,6,8,18,1,149,86,200,0,1,0,0,86
2005,6,8,18,1,149,89,100,0,1,0,0,89
2005,6,8,18,1,149,99,200,0,1,1,0,99
2005,6,8,18,1,149,180.3,4480,0,1,1,0,180.3
2005,6,8,19,1,149,85,200,0,1,0,0,85
2005,6,8,19,1,149,89,92.5,0,1,1,0,89
2005,6,8,19,1,149,99,200,0,1,1,0,99
2005,6,8,19,1,149,180.3,4408,0,1,1,0,180.3
2005,6,8,20,1,149,85,200,0,1,1,0,85
2005,6,8,20,1,149,89,100,0,1,1,0,89
2005,6,8,20,1,149,99,200,0,1,1,0,99
2005,6,8,20,1,149,180.3,4241,0,1,1,0,180.3
2005,6,8,21,1,149,85,200,0,1,1,0,85
2005,6,8,21,1,149,89,100,0,1,1,0,89
2005,6,8,21,1,149,99,200,0,1,1,0,99
2005,6,8,21,1,149,180.3,4077,0,1,1,0,180.3
2005,6,8,22,1,149,85,200,0,1,1,0,85
2005,6,8,22,1,149,89,100,0,1,1,0,89
2005,6,8,22,1,149,99,200,0,1,1,0,99
2005,6,8,22,1,149,180.3,3756,0,1,1,0,180.3
2005,6,8,23,1,149,85,200,0,1,1,0,85
2005,6,8,23,1,149,89,100,0,1,1,0,89
2005,6,8,23,1,149,99,200,0,1,1,0,99
2005,6,8,23,1,149,180.3,3305,0,1,1,0,180.3
2005,6,8,24,1,149,85,200,0,1,1,0,85
2005,6,8,24,1,149,89,100,0,1,1,0,89
2005,6,8,24,1,149,99,200,0,1,1,0,99
2005,6,8,24,1,149,180.3,3081,0,1,1,0,180.3
2005,6,8,1,9,150,180.3,5393,0,1,1,0,180.3
2005,6,8,2,9,150,180.3,4876,0,1,1,0,180.3
2005,6,8,3,9,150,180.3,4533,0,1,1,0,180.3
2005,6,8,4,9,150,180.3,4450,0,1,1,0,180.3
2005,6,8,5,9,150,180.3,4538,0,1,1,0,180.3
2005,6,8,6,9,150,180.3,4513,0,1,1,0,180.3
2005,6,8,7,9,150,180.3,4721,0,1,1,0,180.3
2005,6,8,8,9,150,180.3,4990,0,1,1,0,180.3
2005,6,8,9,9,150,180.3,5435,0,1,1,0,180.3
2005,6,8,10,9,150,180.3,5559,0,1,1,0,180.3
2005,6,8,11,9,150,180.3,5769,0,1,1,0,180.3
2005,6,8,12,9,150,180.3,5921,0,1,1,0,180.3
2005,6,8,13,9,150,180.3,6037,0,1,1,0,180.3
2005,6,8,14,9,150,180.3,6116,0,1,1,0,180.3
2005,6,8,15,9,150,180.3,5768,0,1,1,0,180.3
2005,6,8,16,9,150,180.3,5786,0,1,1,0,180.3
2005,6,8,17,9,150,180.3,5917,0,1,1,0,180.3
2005,6,8,18,9,150,180.3,6122,0,1,1,0,180.3
2005,6,8,19,9,150,180.3,6021,0,1,1,0,180.3
2005,6,8,20,9,150,180.3,5710,0,1,1,0,180.3
2005,6,8,21,9,150,180.3,5449,0,1,1,0,180.3
2005,6,8,22,9,150,180.3,5962,0,1,1,0,180.3
2005,6,8,23,9,150,180.3,6430,0,1,1,0,180.3
2005,6,8,24,9,150,180.3,5687,0,1,1,0,180.3
2005,6,8,1,1,151,180.3,128.8,0,1,1,0,180.3
2005,6,8,2,1,151,180.3,114.6,0,1,1,0,180.3
2005,6,8,3,1,151,180.3,109.5,0,1,1,0,180.3
2005,6,8,4,1,151,180.3,111.5,0,1,1,0,180.3
2005,6,8,5,1,151,180.3,109.5,0,1,1,0,180.3
2005,6,8,6,1,151,180.3,107.5,0,1,1,0,180.3
2005,6,8,7,1,151,180.3,111.5,0,1,1,0,180.3
2005,6,8,8,1,151,180.3,116.6,0,1,1,0,180.3
2005,6,8,9,1,151,180.3,139.3,0,1,1,0,180.3
2005,6,8,10,1,151,180.3,181,0,1,1,0,180.3
2005,6,8,11,1,151,180.3,215.6,0,1,1,0,180.3
2005,6,8,12,1,151,180.3,226.8,0,1,1,0,180.3
2005,6,8,13,1,151,180.3,226.8,0,1,1,0,180.3
2005,6,8,14,1,151,180.3,209.5,0,1,1,0,180.3
2005,6,8,15,1,151,180.3,202.4,0,1,1,0,180.3
2005,6,8,16,1,151,180.3,217.6,0,1,1,0,180.3
2005,6,8,17,1,151,180.3,220.7,0,1,1,0,180.3
2005,6,8,18,1,151,180.3,218.7,0,1,1,0,180.3
2005,6,8,19,1,151,180.3,201.4,0,1,1,0,180.3
2005,6,8,20,1,151,180.3,167.8,0,1,1,0,180.3
2005,6,8,21,1,151,180.3,154.6,0,1,1,0,180.3
2005,6,8,22,1,151,180.3,146.4,0,1,1,0,180.3
2005,6,8,23,1,151,180.3,145.4,0,1,1,0,180.3
2005,6,8,24,1,151,180.3,139.3,0,1,1,0,180.3
2005,6,8,8,1,152,36.8,50.7,0,1,0,0,36.8
2005,6,8,8,1,152,37,101.4,0,1,0,0,37
2005,6,8,1,1,153,0,77,0,2,1,0,0
2005,6,8,2,1,153,0,78,0,2,1,0,0
2005,6,8,3,1,153,0,78,0,2,1,0,0
2005,6,8,4,1,153,0,79,0,2,1,0,0
2005,6,8,5,1,153,0,79,0,2,1,0,0
2005,6,8,6,1,153,0,78,0,2,1,0,0
2005,6,8,7,1,153,0,78,0,2,1,0,0
2005,6,8,8,1,153,0,79,0,2,1,0,0
2005,6,8,9,1,153,0,79,0,2,1,0,0
2005,6,8,10,1,153,0,79,0,2,1,0,0
2005,6,8,11,1,153,0,77,0,2,1,0,0
2005,6,8,12,1,153,0,77,0,2,1,0,0
2005,6,8,13,1,153,0,75,0,2,1,0,0
2005,6,8,14,1,153,0,73,0,2,1,0,0
2005,6,8,15,1,153,0,71,0,2,1,0,0
2005,6,8,16,1,153,0,70,0,2,1,0,0
2005,6,8,17,1,153,0,70,0,2,1,0,0
2005,6,8,18,1,153,0,71,0,2,1,0,0
2005,6,8,19,1,153,0,71,0,2,1,0,0
2005,6,8,20,1,153,0,71,0,2,1,0,0
2005,6,8,21,1,153,0,73,0,2,1,0,0
2005,6,8,22,1,153,0,73,0,2,1,0,0
2005,6,8,23,1,153,0,75,0,2,1,0,0
2005,6,8,24,1,153,0,76,0,2,1,0,0
2005,6,8,1,1,154,0,68.8,0,2,1,0,0
2005,6,8,2,1,154,0,70.5,0,2,1,0,0
2005,6,8,3,1,154,0,74.5,0,2,1,0,0
2005,6,8,4,1,154,0,78.2,0,2,1,0,0
2005,6,8,5,1,154,0,82.6,0,2,1,0,0
2005,6,8,6,1,154,0,82,0,2,1,0,0
2005,6,8,7,1,154,0,81.5,0,2,1,0,0
2005,6,8,8,1,154,0,69.3,0,2,1,0,0
2005,6,8,9,1,154,0,46.2,0,2,1,0,0
2005,6,8,10,1,154,0,40.7,0,2,1,0,0
2005,6,8,11,1,154,0,36.8,0,2,1,0,0
2005,6,8,12,1,154,0,32.3,0,2,1,0,0
2005,6,8,13,1,154,0,32.7,0,2,1,0,0
2005,6,8,14,1,154,0,33.4,0,2,1,0,0
2005,6,8,15,1,154,0,39.6,0,2,1,0,0
2005,6,8,16,1,154,0,51,0,2,1,0,0
2005,6,8,17,1,154,0,60.7,0,2,1,0,0
2005,6,8,18,1,154,0,67.8,0,2,1,0,0
2005,6,8,19,1,154,0,84.1,0,2,1,0,0
2005,6,8,20,1,154,0,90.9,0,2,1,0,0
2005,6,8,21,1,154,0,71,0,2,1,0,0
2005,6,8,22,1,154,0,77.5,0,2,1,0,0
2005,6,8,23,1,154,0,69.5,0,2,1,0,0
2005,6,8,24,1,154,0,60.6,0,2,1,0,0
2005,6,8,1,1,155,0,8,0,2,1,0,0
2005,6,8,2,1,155,0,7.5,0,2,1,0,0
2005,6,8,3,1,155,0,7.3,0,2,1,0,0
2005,6,8,4,1,155,0,6.8,0,2,1,0,0
2005,6,8,5,1,155,0,6.7,0,2,1,0,0
2005,6,8,6,1,155,0,7,0,2,1,0,0
2005,6,8,7,1,155,0,6.8,0,2,1,0,0
2005,6,8,8,1,155,0,6.4,0,2,1,0,0
2005,6,8,9,1,155,0,6.4,0,2,1,0,0
2005,6,8,10,1,155,0,6.1,0,2,1,0,0
2005,6,8,11,1,155,0,5.6,0,2,1,0,0
2005,6,8,12,1,155,0,5.6,0,2,1,0,0
2005,6,8,13,1,155,0,5.6,0,2,1,0,0
2005,6,8,14,1,155,0,5.6,0,2,1,0,0
2005,6,8,15,1,155,0,6.5,0,2,1,0,0
2005,6,8,16,1,155,0,7.6,0,2,1,0,0
2005,6,8,17,1,155,0,7.5,0,2,1,0,0
2005,6,8,18,1,155,0,7,0,2,1,0,0
2005,6,8,19,1,155,0,6.4,0,2,1,0,0
2005,6,8,20,1,155,0,6.3,0,2,1,0,0
2005,6,8,21,1,155,0,5.9,0,2,1,0,0
2005,6,8,22,1,155,0,5.6,0,2,1,0,0
2005,6,8,23,1,155,0,6.4,0,2,1,0,0
2005,6,8,24,1,155,0,6.5,0,2,1,0,0
2005,6,8,1,1,156,0,28,0,2,1,0,0
2005,6,8,2,1,156,0,28,0,2,1,0,0
2005,6,8,3,1,156,0,28,0,2,1,0,0
2005,6,8,4,1,156,0,28,0,2,1,0,0
2005,6,8,5,1,156,0,29,0,2,1,0,0
2005,6,8,6,1,156,0,29,0,2,1,0,0
2005,6,8,7,1,156,0,29,0,2,1,0,0
2005,6,8,8,1,156,0,29,0,2,1,0,0
2005,6,8,9,1,156,0,29,0,2,1,0,0
2005,6,8,10,1,156,0,28,0,2,1,0,0
2005,6,8,11,1,156,0,28,0,2,1,0,0
2005,6,8,12,1,156,0,28,0,2,1,0,0
2005,6,8,13,1,156,0,27,0,2,1,0,0
2005,6,8,14,1,156,0,27,0,2,1,0,0
2005,6,8,15,1,156,0,27,0,2,1,0,0
2005,6,8,16,1,156,0,27,0,2,1,0,0
2005,6,8,17,1,156,0,27,0,2,1,0,0
2005,6,8,18,1,156,0,27,0,2,1,0,0
2005,6,8,19,1,156,0,27,0,2,1,0,0
2005,6,8,20,1,156,0,27,0,2,1,0,0
2005,6,8,21,1,156,0,28,0,2,1,0,0
2005,6,8,22,1,156,0,28,0,2,1,0,0
2005,6,8,23,1,156,0,28,0,2,1,0,0
2005,6,8,24,1,156,0,28,0,2,1,0,0
2005,6,8,1,1,157,0,150,0,2,1,0,0
2005,6,8,2,1,157,0,200,0,2,1,0,0
2005,6,8,3,1,157,0,200,0,2,1,0,0
2005,6,8,4,1,157,0,200,0,2,1,0,0
2005,6,8,5,1,157,0,200,0,2,1,0,0
2005,6,8,6,1,157,0,200,0,2,1,0,0
2005,6,8,7,1,157,0,200,0,2,1,0,0
2005,6,8,9,1,157,0,75,0,2,1,0,0
2005,6,8,10,1,157,0,150,0,2,1,0,0
2005,6,8,11,1,157,0,150,0,2,1,0,0
2005,6,8,12,1,157,0,150,0,2,1,0,0
2005,6,8,13,1,157,0,150,0,2,1,0,0
2005,6,8,14,1,157,0,150,0,2,1,0,0
2005,6,8,15,1,157,0,150,0,2,1,0,0
2005,6,8,16,1,157,0,150,0,2,1,0,0
2005,6,8,17,1,157,0,150,0,2,1,0,0
2005,6,8,18,1,157,0,150,0,2,1,0,0
2005,6,8,19,1,157,0,150,0,2,1,0,0
2005,6,8,20,1,157,0,275,0,2,1,0,0
2005,6,8,21,1,157,0,275,0,2,1,0,0
2005,6,8,22,1,157,0,275,0,2,1,0,0
2005,6,8,23,1,157,0,275,0,2,1,0,0
2005,6,8,24,1,157,0,275,0,2,1,0,0
2005,6,8,8,9,158,0,.2,0,2,1,0,0
2005,6,8,9,9,158,0,3.1,0,2,1,0,0
2005,6,8,10,9,158,0,3.1,0,2,1,0,0
2005,6,8,11,9,158,0,3.1,0,2,1,0,0
2005,6,8,12,9,158,0,3.1,0,2,1,0,0
2005,6,8,13,9,158,0,3.1,0,2,1,0,0
2005,6,8,14,9,158,0,3.1,0,2,1,0,0
2005,6,8,15,9,158,0,3.1,0,2,1,0,0
2005,6,8,16,9,158,0,3.1,0,2,1,0,0
2005,6,8,17,9,158,0,3.1,0,2,1,0,0
2005,6,8,18,9,158,0,3.1,0,2,1,0,0
2005,6,8,19,9,158,0,3.1,0,2,1,0,0
2005,6,8,20,9,158,0,3.1,0,2,1,0,0
2005,6,8,21,9,158,0,3.1,0,2,1,0,0
2005,6,8,22,9,158,0,3.1,0,2,1,0,0
2005,6,8,23,9,158,0,3.1,0,2,1,0,0
2005,6,8,24,9,158,0,3.1,0,2,1,0,0
2005,6,8,1,9,159,0,4.7,0,2,1,0,0
2005,6,8,2,9,159,0,4.7,0,2,1,0,0
2005,6,8,3,9,159,0,4.7,0,2,1,0,0
2005,6,8,4,9,159,0,4.7,0,2,1,0,0
2005,6,8,5,9,159,0,4.7,0,2,1,0,0
2005,6,8,6,9,159,0,4.7,0,2,1,0,0
2005,6,8,7,9,159,0,4.7,0,2,1,0,0
2005,6,8,8,9,159,0,4.7,0,2,1,0,0
2005,6,8,9,9,159,0,4.7,0,2,1,0,0
2005,6,8,10,9,159,0,4.7,0,2,1,0,0
2005,6,8,11,9,159,0,4.7,0,2,1,0,0
2005,6,8,12,9,159,0,4.7,0,2,1,0,0
2005,6,8,13,9,159,0,4.7,0,2,1,0,0
2005,6,8,14,9,159,0,4.7,0,2,1,0,0
2005,6,8,15,9,159,0,4.7,0,2,1,0,0
2005,6,8,16,9,159,0,4.7,0,2,1,0,0
2005,6,8,17,9,159,0,4.7,0,2,1,0,0
2005,6,8,18,9,159,0,4.7,0,2,1,0,0
2005,6,8,19,9,159,0,4.7,0,2,1,0,0
2005,6,8,20,9,159,0,4.7,0,2,1,0,0
2005,6,8,21,9,159,0,4.7,0,2,1,0,0
2005,6,8,22,9,159,0,4.7,0,2,1,0,0
2005,6,8,23,9,159,0,4.7,0,2,1,0,0
2005,6,8,24,9,159,0,4.7,0,2,1,0,0
2005,6,8,1,9,160,40.99,33,0,1,0,0,40.99
2005,6,8,1,9,160,41,33,0,1,0,0,41
2005,6,8,2,9,160,40.99,33,0,1,1,0,40.99
2005,6,8,2,9,160,41,33,0,1,1,0,41
2005,6,8,3,9,160,40.99,33,0,1,1,0,40.99
2005,6,8,3,9,160,41,33,0,1,1,0,41
2005,6,8,4,9,160,40.99,33,0,1,1,0,40.99
2005,6,8,4,9,160,41,33,0,1,1,0,41
2005,6,8,5,9,160,40.99,33,0,1,1,0,40.99
2005,6,8,5,9,160,41,33,0,1,1,0,41
2005,6,8,6,9,160,40.99,33,0,1,1,0,40.99
2005,6,8,6,9,160,41,33,0,1,1,0,41
2005,6,8,7,9,160,40.99,33,0,1,1,0,40.99
2005,6,8,7,9,160,41,33,0,1,1,0,41
2005,6,8,8,9,160,.99,33,0,1,0,0,.99
2005,6,8,8,9,160,1,33,0,1,0,0,1
2005,6,8,9,9,160,.99,33,0,1,0,0,.99
2005,6,8,9,9,160,1,33,0,1,0,0,1
2005,6,8,10,9,160,.99,33,0,1,0,0,.99
2005,6,8,10,9,160,1,33,0,1,0,0,1
2005,6,8,11,9,160,.99,33,0,1,0,0,.99
2005,6,8,11,9,160,1,33,0,1,0,0,1
2005,6,8,12,9,160,.99,33,0,1,0,0,.99
2005,6,8,12,9,160,1,33,0,1,0,0,1
2005,6,8,13,9,160,.99,33,0,1,0,0,.99
2005,6,8,13,9,160,1,33,0,1,0,0,1
2005,6,8,14,9,160,.99,33,0,1,0,0,.99
2005,6,8,14,9,160,1,33,0,1,0,0,1
2005,6,8,15,9,160,.99,33,0,1,0,0,.99
2005,6,8,15,9,160,1,33,0,1,0,0,1
2005,6,8,16,9,160,.99,33,0,1,0,0,.99
2005,6,8,16,9,160,1,33,0,1,0,0,1
2005,6,8,17,9,160,.99,33,0,1,0,0,.99
2005,6,8,17,9,160,1,33,0,1,0,0,1
2005,6,8,18,9,160,.99,33,0,1,0,0,.99
2005,6,8,18,9,160,1,33,0,1,0,0,1
2005,6,8,19,9,160,.99,33,0,1,0,0,.99
2005,6,8,19,9,160,1,33,0,1,0,0,1
2005,6,8,20,9,160,.99,33,0,1,0,0,.99
2005,6,8,20,9,160,1,33,0,1,0,0,1
2005,6,8,21,9,160,.99,33,0,1,0,0,.99
2005,6,8,21,9,160,1,33,0,1,0,0,1
2005,6,8,22,9,160,.99,33,0,1,0,0,.99
2005,6,8,22,9,160,1,33,0,1,0,0,1
2005,6,8,23,9,160,.99,33,0,1,0,0,.99
2005,6,8,23,9,160,1,33,0,1,0,0,1
2005,6,8,24,9,160,.99,33,0,1,0,0,.99
2005,6,8,24,9,160,1,33,0,1,0,0,1
2005,6,8,9,9,161,68.44,7,0,2,1,0,68.44
2005,6,8,9,9,161,68.8,7,0,2,1,0,68.8
2005,6,8,9,9,161,69.16,7,0,2,1,0,69.16
2005,6,8,9,9,161,69.52,7,0,2,1,0,69.52
2005,6,8,10,9,161,68.44,7,0,2,1,0,68.44
2005,6,8,10,9,161,68.8,7,0,2,1,0,68.8
2005,6,8,10,9,161,69.16,7,0,2,1,0,69.16
2005,6,8,10,9,161,69.52,7,0,2,1,0,69.52
2005,6,8,11,9,161,68.44,7,0,2,1,0,68.44
2005,6,8,11,9,161,68.8,7,0,2,1,0,68.8
2005,6,8,11,9,161,69.16,7,0,2,1,0,69.16
2005,6,8,11,9,161,69.52,7,0,2,1,0,69.52
2005,6,8,12,9,161,68.44,7,0,2,1,0,68.44
2005,6,8,12,9,161,68.8,7,0,2,1,0,68.8
2005,6,8,12,9,161,69.16,7,0,2,1,0,69.16
2005,6,8,12,9,161,69.52,7,0,2,1,0,69.52
2005,6,8,13,9,161,68.44,7,0,2,1,0,68.44
2005,6,8,13,9,161,68.8,7,0,2,1,0,68.8
2005,6,8,13,9,161,69.16,7,0,2,1,0,69.16
2005,6,8,13,9,161,69.52,7,0,2,1,0,69.52
2005,6,8,14,9,161,68.44,7,0,2,1,0,68.44
2005,6,8,14,9,161,68.8,7,0,2,1,0,68.8
2005,6,8,14,9,161,69.16,7,0,2,1,0,69.16
2005,6,8,14,9,161,69.52,7,0,2,1,0,69.52
2005,6,8,15,9,161,68.44,7,0,2,1,0,68.44
2005,6,8,15,9,161,68.8,7,0,2,1,0,68.8
2005,6,8,15,9,161,69.16,7,0,2,1,0,69.16
2005,6,8,15,9,161,69.52,7,0,2,1,0,69.52
2005,6,8,16,9,161,68.44,7,0,2,1,0,68.44
2005,6,8,16,9,161,68.8,7,0,2,1,0,68.8
2005,6,8,16,9,161,69.16,7,0,2,1,0,69.16
2005,6,8,16,9,161,69.52,7,0,2,1,0,69.52
2005,6,8,17,9,161,68.44,7,0,2,1,0,68.44
2005,6,8,17,9,161,68.8,7,0,2,1,0,68.8
2005,6,8,17,9,161,69.16,7,0,2,1,0,69.16
2005,6,8,17,9,161,69.52,7,0,2,1,0,69.52
2005,6,8,18,9,161,68.44,7,0,2,1,0,68.44
2005,6,8,18,9,161,68.8,7,0,2,1,0,68.8
2005,6,8,18,9,161,69.16,7,0,2,1,0,69.16
2005,6,8,18,9,161,69.52,7,0,2,1,0,69.52
2005,6,8,19,9,161,68.44,7,0,2,1,0,68.44
2005,6,8,19,9,161,68.8,7,0,2,1,0,68.8
2005,6,8,19,9,161,69.16,7,0,2,1,0,69.16
2005,6,8,19,9,161,69.52,7,0,2,1,0,69.52
2005,6,8,20,9,161,68.44,7,0,2,1,0,68.44
2005,6,8,20,9,161,68.8,7,0,2,1,0,68.8
2005,6,8,20,9,161,69.16,7,0,2,1,0,69.16
2005,6,8,20,9,161,69.52,7,0,2,1,0,69.52
2005,6,8,21,9,161,68.44,7,0,2,0,0,68.44
2005,6,8,21,9,161,68.8,7,0,2,0,0,68.8
2005,6,8,21,9,161,69.16,7,0,2,0,0,69.16
2005,6,8,21,9,161,69.52,7,0,2,0,0,69.52
2005,6,8,22,9,161,68.44,7,0,2,0,0,68.44
2005,6,8,22,9,161,68.8,7,0,2,0,0,68.8
2005,6,8,22,9,161,69.16,7,0,2,0,0,69.16
2005,6,8,22,9,161,69.52,7,0,2,0,0,69.52
2005,6,8,23,9,161,68.44,7,0,2,0,0,68.44
2005,6,8,23,9,161,68.8,7,0,2,0,0,68.8
2005,6,8,23,9,161,69.16,7,0,2,0,0,69.16
2005,6,8,23,9,161,69.52,7,0,2,0,0,69.52
2005,6,8,24,9,161,68.44,7,0,2,0,0,68.44
2005,6,8,24,9,161,68.8,7,0,2,0,0,68.8
2005,6,8,24,9,161,69.16,7,0,2,0,0,69.16
2005,6,8,24,9,161,69.52,7,0,2,0,0,69.52
2005,6,8,1,5,162,0,141,0,2,1,0,0
2005,6,8,1,5,162,150,11,0,2,0,0,150
2005,6,8,2,5,162,0,141,0,2,1,0,0
2005,6,8,2,5,162,150,11,0,2,0,0,150
2005,6,8,3,5,162,0,141,0,2,1,0,0
2005,6,8,3,5,162,150,11,0,2,0,0,150
2005,6,8,4,5,162,0,141,0,2,1,0,0
2005,6,8,4,5,162,150,11,0,2,0,0,150
2005,6,8,5,5,162,0,141,0,2,1,0,0
2005,6,8,5,5,162,150,11,0,2,0,0,150
2005,6,8,6,5,162,0,141,0,2,1,0,0
2005,6,8,6,5,162,150,11,0,2,0,0,150
2005,6,8,7,5,162,0,141,0,2,1,0,0
2005,6,8,7,5,162,150,11,0,2,0,0,150
2005,6,8,8,5,162,0,141,0,2,1,0,0
2005,6,8,8,5,162,150,11,0,2,0,0,150
2005,6,8,9,5,162,0,141,0,2,1,0,0
2005,6,8,9,5,162,150,11,0,2,0,0,150
2005,6,8,10,5,162,0,141,0,2,1,0,0
2005,6,8,10,5,162,150,11,0,2,0,0,150
2005,6,8,11,5,162,0,141,0,2,1,0,0
2005,6,8,11,5,162,150,11,0,2,0,0,150
2005,6,8,12,5,162,0,141,0,2,1,0,0
2005,6,8,12,5,162,150,11,0,2,0,0,150
2005,6,8,13,5,162,0,141,0,2,1,0,0
2005,6,8,13,5,162,150,11,0,2,0,0,150
2005,6,8,14,5,162,0,141,0,2,1,0,0
2005,6,8,14,5,162,150,11,0,2,0,0,150
2005,6,8,15,5,162,0,141,0,2,1,0,0
2005,6,8,15,5,162,150,11,0,2,0,0,150
2005,6,8,16,5,162,0,141,0,2,1,0,0
2005,6,8,16,5,162,150,11,0,2,0,0,150
2005,6,8,17,5,162,0,141,0,2,1,0,0
2005,6,8,17,5,162,150,11,0,2,0,0,150
2005,6,8,18,5,162,0,141,0,2,1,0,0
2005,6,8,18,5,162,150,11,0,2,0,0,150
2005,6,8,19,5,162,0,141,0,2,1,0,0
2005,6,8,19,5,162,150,11,0,2,0,0,150
2005,6,8,20,5,162,0,141,0,2,1,0,0
2005,6,8,20,5,162,150,11,0,2,0,0,150
2005,6,8,21,5,162,0,141,0,2,1,0,0
2005,6,8,21,5,162,150,11,0,2,0,0,150
2005,6,8,22,5,162,0,141,0,2,1,0,0
2005,6,8,22,5,162,150,11,0,2,0,0,150
2005,6,8,23,5,162,0,141,0,2,1,0,0
2005,6,8,23,5,162,150,11,0,2,0,0,150
2005,6,8,24,5,162,0,141,0,2,1,0,0
2005,6,8,24,5,162,150,11,0,2,0,0,150
2005,6,8,1,9,163,120.2,.1,0,1,1,0,120.2
2005,6,8,2,9,163,120.2,.1,0,1,1,0,120.2
2005,6,8,3,9,163,120.2,.1,0,1,1,0,120.2
2005,6,8,4,9,163,120.2,.1,0,1,1,0,120.2
2005,6,8,5,9,163,120.2,.1,0,1,1,0,120.2
2005,6,8,6,9,163,120.2,.1,0,1,1,0,120.2
2005,6,8,7,9,163,120.2,.1,0,1,1,0,120.2
2005,6,8,8,9,163,120.2,.1,0,1,1,0,120.2
2005,6,8,9,9,163,120.2,.1,0,1,1,0,120.2
2005,6,8,10,9,163,120.2,.1,0,1,1,0,120.2
2005,6,8,11,9,163,120.2,.1,0,1,1,0,120.2
2005,6,8,12,9,163,120.2,.1,0,1,1,0,120.2
2005,6,8,13,9,163,120.2,.1,0,1,1,0,120.2
2005,6,8,14,9,163,120.2,.1,0,1,1,0,120.2
2005,6,8,15,9,163,120.2,.1,0,1,1,0,120.2
2005,6,8,16,9,163,120.2,.1,0,1,1,0,120.2
2005,6,8,17,9,163,120.2,.1,0,1,1,0,120.2
2005,6,8,18,9,163,120.2,.1,0,1,1,0,120.2
2005,6,8,19,9,163,120.2,.1,0,1,1,0,120.2
2005,6,8,20,9,163,120.2,.1,0,1,1,0,120.2
2005,6,8,21,9,163,120.2,.1,0,1,1,0,120.2
2005,6,8,22,9,163,120.2,.1,0,1,1,0,120.2
2005,6,8,23,9,163,120.2,.1,0,1,1,0,120.2
2005,6,8,24,9,163,120.2,.1,0,1,1,0,120.2
2005,6,8,1,1,164,0,43.6,0,2,1,0,0
2005,6,8,1,1,164,99.05,50,0,2,0,0,99.05
2005,6,8,1,1,164,99.06,50,0,2,0,0,99.06
2005,6,8,1,1,164,99.07,30,0,2,0,0,99.07
2005,6,8,1,1,164,124.02,402.4,0,2,0,0,124.02
2005,6,8,2,1,164,0,41,0,2,1,0,0
2005,6,8,2,1,164,99.05,50,0,2,0,0,99.05
2005,6,8,2,1,164,99.06,50,0,2,0,0,99.06
2005,6,8,2,1,164,99.07,30,0,2,0,0,99.07
2005,6,8,2,1,164,124.02,405,0,2,0,0,124.02
2005,6,8,3,1,164,0,39.5,0,2,1,0,0
2005,6,8,3,1,164,99.05,50,0,2,0,0,99.05
2005,6,8,3,1,164,99.06,50,0,2,0,0,99.06
2005,6,8,3,1,164,99.07,30,0,2,0,0,99.07
2005,6,8,3,1,164,124.02,406.5,0,2,0,0,124.02
2005,6,8,4,1,164,0,39.5,0,2,1,0,0
2005,6,8,4,1,164,99.05,50,0,2,0,0,99.05
2005,6,8,4,1,164,99.06,50,0,2,0,0,99.06
2005,6,8,4,1,164,99.07,30,0,2,0,0,99.07
2005,6,8,4,1,164,124.02,406.5,0,2,0,0,124.02
2005,6,8,5,1,164,0,39.5,0,2,1,0,0
2005,6,8,5,1,164,99.05,50,0,2,0,0,99.05
2005,6,8,5,1,164,99.06,50,0,2,0,0,99.06
2005,6,8,5,1,164,99.07,30,0,2,0,0,99.07
2005,6,8,5,1,164,124.02,406.5,0,2,0,0,124.02
2005,6,8,6,1,164,0,39.6,0,2,1,0,0
2005,6,8,6,1,164,99.05,50,0,2,0,0,99.05
2005,6,8,6,1,164,99.06,50,0,2,0,0,99.06
2005,6,8,6,1,164,99.07,30,0,2,0,0,99.07
2005,6,8,6,1,164,124.02,406.4,0,2,0,0,124.02
2005,6,8,7,1,164,0,41.3,0,2,1,0,0
2005,6,8,7,1,164,99.05,50,0,2,0,0,99.05
2005,6,8,7,1,164,99.06,50,0,2,0,0,99.06
2005,6,8,7,1,164,99.07,30,0,2,0,0,99.07
2005,6,8,7,1,164,124.02,404.7,0,2,0,0,124.02
2005,6,8,8,1,164,0,92.7,0,2,1,0,0
2005,6,8,8,1,164,99.05,50,0,2,0,0,99.05
2005,6,8,8,1,164,99.06,50,0,2,0,0,99.06
2005,6,8,8,1,164,99.07,30,0,2,0,0,99.07
2005,6,8,8,1,164,124.02,353.3,0,2,0,0,124.02
2005,6,8,9,1,164,0,130.2,0,2,1,0,0
2005,6,8,9,1,164,99.05,50,0,2,0,0,99.05
2005,6,8,9,1,164,99.06,50,0,2,0,0,99.06
2005,6,8,9,1,164,99.07,30,0,2,0,0,99.07
2005,6,8,9,1,164,124.02,315.8,0,2,0,0,124.02
2005,6,8,10,1,164,0,133.6,0,2,1,0,0
2005,6,8,10,1,164,99.05,50,0,2,0,0,99.05
2005,6,8,10,1,164,99.06,50,0,2,0,0,99.06
2005,6,8,10,1,164,99.07,30,0,2,0,0,99.07
2005,6,8,10,1,164,124.02,312.4,0,2,0,0,124.02
2005,6,8,11,1,164,0,212.4,0,2,1,0,0
2005,6,8,11,1,164,99.05,50,0,2,0,0,99.05
2005,6,8,11,1,164,99.06,50,0,2,0,0,99.06
2005,6,8,11,1,164,99.07,30,0,2,0,0,99.07
2005,6,8,11,1,164,124.02,233.6,0,2,0,0,124.02
2005,6,8,12,1,164,0,218.5,0,2,1,0,0
2005,6,8,12,1,164,99.05,50,0,2,0,0,99.05
2005,6,8,12,1,164,99.06,50,0,2,0,0,99.06
2005,6,8,12,1,164,99.07,30,0,2,0,0,99.07
2005,6,8,12,1,164,124.02,227.5,0,2,0,0,124.02
2005,6,8,13,1,164,0,219.4,0,2,1,0,0
2005,6,8,13,1,164,99.05,50,0,2,1,0,99.05
2005,6,8,13,1,164,99.06,50,0,2,1,0,99.06
2005,6,8,13,1,164,99.07,30,0,2,1,0,99.07
2005,6,8,13,1,164,124.02,226.6,0,2,0,0,124.02
2005,6,8,14,1,164,0,218.8,0,2,1,0,0
2005,6,8,14,1,164,99.05,50,0,2,0,0,99.05
2005,6,8,14,1,164,99.06,50,0,2,0,0,99.06
2005,6,8,14,1,164,99.07,30,0,2,0,0,99.07
2005,6,8,14,1,164,124.02,227.2,0,2,0,0,124.02
2005,6,8,15,1,164,0,217.1,0,2,1,0,0
2005,6,8,15,1,164,99.05,50,0,2,0,0,99.05
2005,6,8,15,1,164,99.06,50,0,2,0,0,99.06
2005,6,8,15,1,164,99.07,30,0,2,0,0,99.07
2005,6,8,15,1,164,124.02,228.9,0,2,0,0,124.02
2005,6,8,16,1,164,0,217.1,0,2,1,0,0
2005,6,8,16,1,164,99.05,50,0,2,0,0,99.05
2005,6,8,16,1,164,99.06,50,0,2,0,0,99.06
2005,6,8,16,1,164,99.07,30,0,2,0,0,99.07
2005,6,8,16,1,164,124.02,228.9,0,2,0,0,124.02
2005,6,8,17,1,164,0,220.2,0,2,1,0,0
2005,6,8,17,1,164,99.05,50,0,2,0,0,99.05
2005,6,8,17,1,164,99.06,50,0,2,0,0,99.06
2005,6,8,17,1,164,99.07,30,0,2,0,0,99.07
2005,6,8,17,1,164,124.02,225.8,0,2,0,0,124.02
2005,6,8,18,1,164,0,221.1,0,2,1,0,0
2005,6,8,18,1,164,99.05,50,0,2,0,0,99.05
2005,6,8,18,1,164,99.06,50,0,2,0,0,99.06
2005,6,8,18,1,164,99.07,30,0,2,0,0,99.07
2005,6,8,18,1,164,124.02,224.9,0,2,0,0,124.02
2005,6,8,19,1,164,0,220.5,0,2,1,0,0
2005,6,8,19,1,164,99.05,50,0,2,0,0,99.05
2005,6,8,19,1,164,99.06,50,0,2,0,0,99.06
2005,6,8,19,1,164,99.07,30,0,2,0,0,99.07
2005,6,8,19,1,164,124.02,225.5,0,2,0,0,124.02
2005,6,8,20,1,164,0,141.9,0,2,1,0,0
2005,6,8,20,1,164,99.05,50,0,2,0,0,99.05
2005,6,8,20,1,164,99.06,50,0,2,0,0,99.06
2005,6,8,20,1,164,99.07,30,0,2,0,0,99.07
2005,6,8,20,1,164,124.02,304.1,0,2,0,0,124.02
2005,6,8,21,1,164,0,133.5,0,2,1,0,0
2005,6,8,21,1,164,99.05,50,0,2,0,0,99.05
2005,6,8,21,1,164,99.06,50,0,2,0,0,99.06
2005,6,8,21,1,164,99.07,30,0,2,0,0,99.07
2005,6,8,21,1,164,124.02,312.5,0,2,0,0,124.02
2005,6,8,22,1,164,0,133.6,0,2,1,0,0
2005,6,8,22,1,164,99.05,50,0,2,0,0,99.05
2005,6,8,22,1,164,99.06,50,0,2,0,0,99.06
2005,6,8,22,1,164,99.07,30,0,2,0,0,99.07
2005,6,8,22,1,164,124.02,312.4,0,2,0,0,124.02
2005,6,8,23,1,164,0,133.2,0,2,1,0,0
2005,6,8,23,1,164,99.05,50,0,2,0,0,99.05
2005,6,8,23,1,164,99.06,50,0,2,0,0,99.06
2005,6,8,23,1,164,99.07,30,0,2,0,0,99.07
2005,6,8,23,1,164,124.02,312.8,0,2,0,0,124.02
2005,6,8,24,1,164,0,130.8,0,2,1,0,0
2005,6,8,24,1,164,99.05,50,0,2,0,0,99.05
2005,6,8,24,1,164,99.06,50,0,2,0,0,99.06
2005,6,8,24,1,164,99.07,30,0,2,0,0,99.07
2005,6,8,24,1,164,124.02,315.2,0,2,0,0,124.02
2005,6,8,1,1,1067,.01,65,.956229,2,1,0,.01
2005,6,8,1,1,1067,43.66,25,.956229,2,1,0,41.398276
2005,6,8,1,1,1067,44.2,20,.956229,2,1,0,41.398276
2005,6,8,1,1,1067,44.89,20,.956229,2,1,0,41.398276
2005,6,8,1,1,1067,91.14,17.6,.956229,2,0,0,41.398276
2005,6,8,2,1,1067,.01,65,.956229,2,1,0,.01
2005,6,8,2,1,1067,43.66,25,.956229,2,0,0,41.398276
2005,6,8,2,1,1067,44.2,20,.956229,2,0,0,41.398276
2005,6,8,2,1,1067,44.89,20,.956229,2,0,0,41.398276
2005,6,8,2,1,1067,91.14,17.6,.956229,2,0,0,41.398276
2005,6,8,3,1,1067,.01,65,.956229,2,1,0,.01
2005,6,8,3,1,1067,43.66,25,.956229,2,0,0,41.398276
2005,6,8,3,1,1067,44.2,20,.956229,2,0,0,41.398276
2005,6,8,3,1,1067,44.89,20,.956229,2,0,0,41.398276
2005,6,8,3,1,1067,91.14,17.6,.956229,2,0,0,41.398276
2005,6,8,4,1,1067,.01,65,.956229,2,1,0,.01
2005,6,8,4,1,1067,43.66,25,.956229,2,0,0,41.398276
2005,6,8,4,1,1067,44.2,20,.956229,2,0,0,41.398276
2005,6,8,4,1,1067,44.89,20,.956229,2,0,0,41.398276
2005,6,8,4,1,1067,91.14,17.6,.956229,2,0,0,41.398276
2005,6,8,5,1,1067,.01,65,.956229,2,1,0,.01
2005,6,8,5,1,1067,43.66,25,.956229,2,0,0,41.398276
2005,6,8,5,1,1067,44.2,20,.956229,2,0,0,41.398276
2005,6,8,5,1,1067,44.89,20,.956229,2,0,0,41.398276
2005,6,8,5,1,1067,91.14,17.6,.956229,2,0,0,41.398276
2005,6,8,6,1,1067,.01,65,.956229,2,1,0,.01
2005,6,8,6,1,1067,43.66,25,.956229,2,0,0,41.398276
2005,6,8,6,1,1067,44.2,20,.956229,2,0,0,41.398276
2005,6,8,6,1,1067,44.89,20,.956229,2,0,0,41.398276
2005,6,8,6,1,1067,91.14,17.6,.956229,2,0,0,41.398276
2005,6,8,7,1,1067,.01,65,.956229,2,1,0,.01
2005,6,8,7,1,1067,43.66,25,.956229,2,0,0,41.398276
2005,6,8,7,1,1067,44.2,20,.956229,2,0,0,41.398276
2005,6,8,7,1,1067,44.89,20,.956229,2,0,0,41.398276
2005,6,8,7,1,1067,91.14,17.6,.956229,2,0,0,41.398276
2005,6,8,8,1,1067,.01,65,.956229,2,1,0,.01
2005,6,8,8,1,1067,43.66,25,.956229,2,1,0,41.398276
2005,6,8,8,1,1067,44.2,20,.956229,2,1,0,41.398276
2005,6,8,8,1,1067,44.89,20,.956229,2,1,0,41.398276
2005,6,8,8,1,1067,91.14,17.6,.956229,2,0,0,41.398276
2005,6,8,9,1,1067,.01,65,.956229,2,1,0,.01
2005,6,8,9,1,1067,43.66,25,.956229,2,1,0,41.398276
2005,6,8,9,1,1067,44.2,20,.956229,2,1,0,41.398276
2005,6,8,9,1,1067,44.89,20,.956229,2,1,0,41.398276
2005,6,8,9,1,1067,91.14,17.6,.956229,2,0,0,41.398276
2005,6,8,10,1,1067,.01,65,.956229,2,1,0,.01
2005,6,8,10,1,1067,43.66,25,.956229,2,1,0,41.398276
2005,6,8,10,1,1067,44.2,20,.956229,2,1,0,41.398276
2005,6,8,10,1,1067,44.89,20,.956229,2,1,0,41.398276
2005,6,8,10,1,1067,91.14,17.6,.956229,2,0,0,41.398276
2005,6,8,11,1,1067,0,65,.956229,2,1,0,0
2005,6,8,11,1,1067,43.66,25,.956229,2,1,0,41.398276
2005,6,8,11,1,1067,44.2,20,.956229,2,1,0,41.398276
2005,6,8,11,1,1067,44.89,20,.956229,2,1,0,41.398276
2005,6,8,11,1,1067,91.14,17.6,.956229,2,0,0,41.398276
2005,6,8,12,1,1067,0,65,.956229,2,1,0,0
2005,6,8,12,1,1067,43.66,25,.956229,2,1,0,41.398276
2005,6,8,12,1,1067,44.2,20,.956229,2,1,0,41.398276
2005,6,8,12,1,1067,44.89,20,.956229,2,1,0,41.398276
2005,6,8,12,1,1067,91.14,17.6,.956229,2,1,0,41.398276
2005,6,8,13,1,1067,0,65,.956229,2,1,0,0
2005,6,8,13,1,1067,43.66,25,.956229,2,1,0,41.398276
2005,6,8,13,1,1067,44.2,20,.956229,2,1,0,41.398276
2005,6,8,13,1,1067,44.89,20,.956229,2,1,0,41.398276
2005,6,8,13,1,1067,91.14,17.6,.956229,2,1,0,41.398276
2005,6,8,14,1,1067,0,65,.956229,2,1,0,0
2005,6,8,14,1,1067,43.66,25,.956229,2,1,0,41.398276
2005,6,8,14,1,1067,44.2,20,.956229,2,1,0,41.398276
2005,6,8,14,1,1067,44.89,20,.956229,2,1,0,41.398276
2005,6,8,14,1,1067,91.14,17.6,.956229,2,1,0,41.398276
2005,6,8,15,1,1067,0,65,.956229,2,1,0,0
2005,6,8,15,1,1067,43.66,25,.956229,2,1,0,41.398276
2005,6,8,15,1,1067,44.2,20,.956229,2,1,0,41.398276
2005,6,8,15,1,1067,44.89,20,.956229,2,1,0,41.398276
2005,6,8,15,1,1067,91.14,17.6,.956229,2,0,0,41.398276
2005,6,8,16,1,1067,0,65,.956229,2,1,0,0
2005,6,8,16,1,1067,43.66,25,.956229,2,1,0,41.398276
2005,6,8,16,1,1067,44.2,20,.956229,2,1,0,41.398276
2005,6,8,16,1,1067,44.89,20,.956229,2,1,0,41.398276
2005,6,8,16,1,1067,91.14,17.6,.956229,2,0,0,41.398276
2005,6,8,17,1,1067,0,65,.956229,2,1,0,0
2005,6,8,17,1,1067,43.66,25,.956229,2,1,0,41.398276
2005,6,8,17,1,1067,44.2,20,.956229,2,1,0,41.398276
2005,6,8,17,1,1067,44.89,20,.956229,2,1,0,41.398276
2005,6,8,17,1,1067,91.14,17.6,.956229,2,0,0,41.398276
2005,6,8,18,1,1067,0,65,.956229,2,1,0,0
2005,6,8,18,1,1067,43.66,25,.956229,2,1,0,41.398276
2005,6,8,18,1,1067,44.2,20,.956229,2,1,0,41.398276
2005,6,8,18,1,1067,44.89,20,.956229,2,1,0,41.398276
2005,6,8,18,1,1067,91.14,17.6,.956229,2,1,0,41.398276
2005,6,8,19,1,1067,0,65,.956229,2,1,0,0
2005,6,8,19,1,1067,43.66,25,.956229,2,1,0,41.398276
2005,6,8,19,1,1067,44.2,20,.956229,2,1,0,41.398276
2005,6,8,19,1,1067,44.89,20,.956229,2,1,0,41.398276
2005,6,8,19,1,1067,91.14,17.6,.956229,2,0,0,41.398276
2005,6,8,20,1,1067,0,65,.956229,2,1,0,0
2005,6,8,20,1,1067,43.66,25,.956229,2,1,0,41.398276
2005,6,8,20,1,1067,44.2,20,.956229,2,1,0,41.398276
2005,6,8,20,1,1067,44.89,20,.956229,2,1,0,41.398276
2005,6,8,20,1,1067,91.14,17.6,.956229,2,0,0,41.398276
2005,6,8,21,1,1067,0,65,.956229,2,1,0,0
2005,6,8,21,1,1067,43.66,25,.956229,2,1,0,41.398276
2005,6,8,21,1,1067,44.2,20,.956229,2,1,0,41.398276
2005,6,8,21,1,1067,44.89,20,.956229,2,1,0,41.398276
2005,6,8,21,1,1067,91.14,17.6,.956229,2,0,0,41.398276
2005,6,8,22,1,1067,0,65,.956229,2,1,0,0
2005,6,8,22,1,1067,43.66,25,.956229,2,1,0,41.398276
2005,6,8,22,1,1067,44.2,20,.956229,2,1,0,41.398276
2005,6,8,22,1,1067,44.89,20,.956229,2,1,0,41.398276
2005,6,8,22,1,1067,91.14,17.6,.956229,2,0,0,41.398276
2005,6,8,23,1,1067,.01,65,.956229,2,1,0,.01
2005,6,8,23,1,1067,43.66,25,.956229,2,1,0,41.398276
2005,6,8,23,1,1067,44.2,20,.956229,2,1,0,41.398276
2005,6,8,23,1,1067,44.89,20,.956229,2,1,0,41.398276
2005,6,8,23,1,1067,91.14,17.6,.956229,2,0,0,41.398276
2005,6,8,24,1,1067,.01,65,.956229,2,1,0,.01
2005,6,8,24,1,1067,43.66,25,.956229,2,1,0,41.398276
2005,6,8,24,1,1067,44.2,20,.956229,2,1,0,41.398276
2005,6,8,24,1,1067,44.89,20,.956229,2,1,0,41.398276
2005,6,8,24,1,1067,91.14,17.6,.956229,2,0,0,41.398276
2005,6,8,1,1,1068,82.5,347.7,.956229,2,0,0,39.735433
2005,6,8,2,1,1068,82.5,347.7,.956229,2,0,0,39.735433
2005,6,8,3,1,1068,82.5,347.7,.956229,2,0,0,39.735433
2005,6,8,4,1,1068,0,30,.956229,2,1,0,0
2005,6,8,4,1,1068,82.5,317.7,.956229,2,0,0,39.735433
2005,6,8,5,1,1068,0,70,.956229,2,1,0,0
2005,6,8,5,1,1068,82.5,277.7,.956229,2,0,0,39.735433
2005,6,8,6,1,1068,0,115,.956229,2,1,0,0
2005,6,8,6,1,1068,82.5,232.7,.956229,2,0,0,39.735433
2005,6,8,7,1,1068,0,166,.956229,2,1,0,0
2005,6,8,7,1,1068,82.5,181.7,.956229,2,0,0,39.735433
2005,6,8,8,1,1068,0,167,.956229,2,1,0,0
2005,6,8,8,1,1068,40.7,43,.956229,2,1,0,39.735433
2005,6,8,8,1,1068,41.05,50,.956229,2,1,0,39.735433
2005,6,8,8,1,1068,41.4,65,.956229,2,1,0,39.735433
2005,6,8,8,1,1068,82.5,22.7,.956229,2,0,0,39.735433
2005,6,8,9,1,1068,0,167,.956229,2,1,0,0
2005,6,8,9,1,1068,40.7,43,.956229,2,1,0,39.735433
2005,6,8,9,1,1068,41.05,50,.956229,2,1,0,39.735433
2005,6,8,9,1,1068,41.4,65,.956229,2,1,0,39.735433
2005,6,8,9,1,1068,82.5,22.7,.956229,2,0,0,39.735433
2005,6,8,10,1,1068,0,167,.956229,2,1,0,0
2005,6,8,10,1,1068,40.7,43,.956229,2,1,0,39.735433
2005,6,8,10,1,1068,41.05,50,.956229,2,1,0,39.735433
2005,6,8,10,1,1068,41.4,65,.956229,2,1,0,39.735433
2005,6,8,10,1,1068,82.5,22.7,.956229,2,1,0,39.735433
2005,6,8,11,1,1068,0,167,.956229,2,1,0,0
2005,6,8,11,1,1068,40.7,43,.956229,2,1,0,39.735433
2005,6,8,11,1,1068,41.05,50,.956229,2,1,0,39.735433
2005,6,8,11,1,1068,41.4,65,.956229,2,1,0,39.735433
2005,6,8,11,1,1068,82.5,22.7,.956229,2,1,0,39.735433
2005,6,8,12,1,1068,0,167,.956229,2,1,0,0
2005,6,8,12,1,1068,40.7,43,.956229,2,1,0,39.735433
2005,6,8,12,1,1068,41.05,50,.956229,2,1,0,39.735433
2005,6,8,12,1,1068,41.4,65,.956229,2,1,0,39.735433
2005,6,8,12,1,1068,82.5,22.7,.956229,2,1,0,39.735433
2005,6,8,13,1,1068,0,167,.956229,2,1,0,0
2005,6,8,13,1,1068,40.7,43,.956229,2,1,0,39.735433
2005,6,8,13,1,1068,41.05,50,.956229,2,1,0,39.735433
2005,6,8,13,1,1068,41.4,65,.956229,2,1,0,39.735433
2005,6,8,13,1,1068,82.5,22.7,.956229,2,1,0,39.735433
2005,6,8,14,1,1068,0,167,.956229,2,1,0,0
2005,6,8,14,1,1068,40.7,43,.956229,2,1,0,39.735433
2005,6,8,14,1,1068,41.05,50,.956229,2,1,0,39.735433
2005,6,8,14,1,1068,41.4,65,.956229,2,1,0,39.735433
2005,6,8,14,1,1068,82.5,22.7,.956229,2,1,0,39.735433
2005,6,8,15,1,1068,0,167,.956229,2,1,0,0
2005,6,8,15,1,1068,40.7,43,.956229,2,1,0,39.735433
2005,6,8,15,1,1068,41.05,50,.956229,2,1,0,39.735433
2005,6,8,15,1,1068,41.4,65,.956229,2,1,0,39.735433
2005,6,8,15,1,1068,82.5,22.7,.956229,2,1,0,39.735433
2005,6,8,16,1,1068,0,167,.956229,2,1,0,0
2005,6,8,16,1,1068,40.7,43,.956229,2,1,0,39.735433
2005,6,8,16,1,1068,41.05,50,.956229,2,1,0,39.735433
2005,6,8,16,1,1068,41.4,65,.956229,2,1,0,39.735433
2005,6,8,16,1,1068,82.5,22.7,.956229,2,1,0,39.735433
2005,6,8,17,1,1068,0,167,.956229,2,1,0,0
2005,6,8,17,1,1068,40.7,43,.956229,2,1,0,39.735433
2005,6,8,17,1,1068,41.05,50,.956229,2,1,0,39.735433
2005,6,8,17,1,1068,41.4,65,.956229,2,1,0,39.735433
2005,6,8,17,1,1068,82.5,22.7,.956229,2,1,0,39.735433
2005,6,8,18,1,1068,0,167,.956229,2,1,0,0
2005,6,8,18,1,1068,40.7,43,.956229,2,1,0,39.735433
2005,6,8,18,1,1068,41.05,50,.956229,2,1,0,39.735433
2005,6,8,18,1,1068,41.4,65,.956229,2,1,0,39.735433
2005,6,8,18,1,1068,82.5,22.7,.956229,2,1,0,39.735433
2005,6,8,19,1,1068,0,167,.956229,2,1,0,0
2005,6,8,19,1,1068,40.7,43,.956229,2,1,0,39.735433
2005,6,8,19,1,1068,41.05,50,.956229,2,1,0,39.735433
2005,6,8,19,1,1068,41.4,65,.956229,2,1,0,39.735433
2005,6,8,19,1,1068,82.5,22.7,.956229,2,1,0,39.735433
2005,6,8,20,1,1068,0,167,.956229,2,1,0,0
2005,6,8,20,1,1068,40.7,43,.956229,2,1,0,39.735433
2005,6,8,20,1,1068,41.05,50,.956229,2,1,0,39.735433
2005,6,8,20,1,1068,41.4,65,.956229,2,1,0,39.735433
2005,6,8,20,1,1068,82.5,22.7,.956229,2,0,0,39.735433
2005,6,8,21,1,1068,0,167,.956229,2,1,0,0
2005,6,8,21,1,1068,40.7,43,.956229,2,1,0,39.735433
2005,6,8,21,1,1068,41.05,50,.956229,2,1,0,39.735433
2005,6,8,21,1,1068,41.4,65,.956229,2,1,0,39.735433
2005,6,8,21,1,1068,82.5,22.7,.956229,2,0,0,39.735433
2005,6,8,22,1,1068,0,167,.956229,2,1,0,0
2005,6,8,22,1,1068,40.7,43,.956229,2,1,0,39.735433
2005,6,8,22,1,1068,41.05,50,.956229,2,1,0,39.735433
2005,6,8,22,1,1068,41.4,65,.956229,2,1,0,39.735433
2005,6,8,22,1,1068,82.5,22.7,.956229,2,0,0,39.735433
2005,6,8,23,1,1068,0,167,.956229,2,1,0,0
2005,6,8,23,1,1068,40.7,43,.956229,2,1,0,39.735433
2005,6,8,23,1,1068,41.05,50,.956229,2,1,0,39.735433
2005,6,8,23,1,1068,41.4,65,.956229,2,1,0,39.735433
2005,6,8,23,1,1068,82.5,22.7,.956229,2,0,0,39.735433
2005,6,8,24,1,1068,0,167,.956229,2,1,0,0
2005,6,8,24,1,1068,40.7,43,.956229,2,1,0,39.735433
2005,6,8,24,1,1068,41.05,50,.956229,2,1,0,39.735433
2005,6,8,24,1,1068,41.4,65,.956229,2,1,0,39.735433
2005,6,8,24,1,1068,82.5,22.7,.956229,2,0,0,39.735433
2005,6,8,1,2,1069,0,205,.870866,2,1,0,0
2005,6,8,1,2,1069,34.57,47.9,.870866,2,1,0,37.351336
2005,6,8,1,2,1069,34.65,47.9,.870866,2,1,0,37.351336
2005,6,8,1,2,1069,34.74,47.9,.870866,2,1,0,37.351336
2005,6,8,1,2,1069,34.82,47.9,.870866,2,1,0,37.351336
2005,6,8,1,2,1069,34.91,47.9,.870866,2,1,0,37.351336
2005,6,8,1,2,1069,34.99,47.9,.870866,2,1,0,37.351336
2005,6,8,1,2,1069,35.08,47.6,.870866,2,1,0,37.351336
2005,6,8,1,2,1069,120.08,17.5,.870866,2,0,0,120.08
2005,6,8,2,2,1069,0,171,.870866,2,1,0,0
2005,6,8,2,2,1069,11.01,34,.870866,2,1,0,37.351336
2005,6,8,2,2,1069,35.32,47.9,.870866,2,1,0,37.351336
2005,6,8,2,2,1069,35.41,47.9,.870866,2,1,0,37.351336
2005,6,8,2,2,1069,35.5,47.9,.870866,2,1,0,37.351336
2005,6,8,2,2,1069,35.59,47.9,.870866,2,1,0,37.351336
2005,6,8,2,2,1069,35.68,47.9,.870866,2,1,0,37.351336
2005,6,8,2,2,1069,35.77,47.9,.870866,2,1,0,37.351336
2005,6,8,2,2,1069,35.86,47.6,.870866,2,1,0,37.351336
2005,6,8,2,2,1069,120.09,17.5,.870866,2,0,0,120.09
2005,6,8,3,2,1069,0,171,.870866,2,1,0,0
2005,6,8,3,2,1069,11.01,34,.870866,2,1,0,37.351336
2005,6,8,3,2,1069,35.72,47.9,.870866,2,1,0,37.351336
2005,6,8,3,2,1069,35.81,47.9,.870866,2,1,0,37.351336
2005,6,8,3,2,1069,35.9,47.9,.870866,2,1,0,37.351336
2005,6,8,3,2,1069,36,47.9,.870866,2,1,0,37.351336
2005,6,8,3,2,1069,36.09,47.9,.870866,2,1,0,37.351336
2005,6,8,3,2,1069,36.18,47.9,.870866,2,1,0,37.351336
2005,6,8,3,2,1069,36.28,47.6,.870866,2,1,0,37.351336
2005,6,8,3,2,1069,120.09,17.5,.870866,2,0,0,120.09
2005,6,8,4,2,1069,0,171,.870866,2,1,0,0
2005,6,8,4,2,1069,11.01,34,.870866,2,1,0,37.351336
2005,6,8,4,2,1069,35.83,47.9,.870866,2,1,0,37.351336
2005,6,8,4,2,1069,35.92,47.9,.870866,2,1,0,37.351336
2005,6,8,4,2,1069,36.02,47.9,.870866,2,1,0,37.351336
2005,6,8,4,2,1069,36.11,47.9,.870866,2,1,0,37.351336
2005,6,8,4,2,1069,36.21,47.9,.870866,2,1,0,37.351336
2005,6,8,4,2,1069,36.3,47.9,.870866,2,1,0,37.351336
2005,6,8,4,2,1069,36.39,47.6,.870866,2,1,0,37.351336
2005,6,8,4,2,1069,120.09,17.5,.870866,2,0,0,120.09
2005,6,8,5,2,1069,0,171,.870866,2,1,0,0
2005,6,8,5,2,1069,11.01,34,.870866,2,1,0,37.351336
2005,6,8,5,2,1069,36.04,47.9,.870866,2,1,0,37.351336
2005,6,8,5,2,1069,36.14,47.9,.870866,2,1,0,37.351336
2005,6,8,5,2,1069,36.23,47.9,.870866,2,1,0,37.351336
2005,6,8,5,2,1069,36.33,47.9,.870866,2,1,0,37.351336
2005,6,8,5,2,1069,36.42,47.9,.870866,2,1,0,37.351336
2005,6,8,5,2,1069,36.52,47.9,.870866,2,1,0,37.351336
2005,6,8,5,2,1069,36.61,47.6,.870866,2,1,0,37.351336
2005,6,8,5,2,1069,120.09,17.5,.870866,2,0,0,120.09
2005,6,8,6,2,1069,0,171,.870866,2,1,0,0
2005,6,8,6,2,1069,11.01,34,.870866,2,1,0,37.351336
2005,6,8,6,2,1069,35.91,47.9,.870866,2,1,0,37.351336
2005,6,8,6,2,1069,36.01,47.9,.870866,2,1,0,37.351336
2005,6,8,6,2,1069,36.1,47.9,.870866,2,1,0,37.351336
2005,6,8,6,2,1069,36.2,47.9,.870866,2,1,0,37.351336
2005,6,8,6,2,1069,36.29,47.9,.870866,2,1,0,37.351336
2005,6,8,6,2,1069,36.38,47.9,.870866,2,1,0,37.351336
2005,6,8,6,2,1069,36.48,47.6,.870866,2,1,0,37.351336
2005,6,8,6,2,1069,120.09,17.5,.870866,2,0,0,120.09
2005,6,8,7,2,1069,0,171,.870866,2,1,0,0
2005,6,8,7,2,1069,11.01,34,.870866,2,1,0,37.351336
2005,6,8,7,2,1069,35.58,47.9,.870866,2,1,0,37.351336
2005,6,8,7,2,1069,35.67,47.9,.870866,2,1,0,37.351336
2005,6,8,7,2,1069,35.76,47.9,.870866,2,1,0,37.351336
2005,6,8,7,2,1069,35.85,47.9,.870866,2,1,0,37.351336
2005,6,8,7,2,1069,35.94,47.9,.870866,2,1,0,37.351336
2005,6,8,7,2,1069,36.03,47.9,.870866,2,1,0,37.351336
2005,6,8,7,2,1069,36.13,47.6,.870866,2,1,0,37.351336
2005,6,8,7,2,1069,120.09,17.5,.870866,2,0,0,120.09
2005,6,8,8,2,1069,0,171,.870866,2,1,0,0
2005,6,8,8,2,1069,11.01,34,.870866,2,1,0,37.351336
2005,6,8,8,2,1069,35.45,47.9,.870866,2,1,0,37.351336
2005,6,8,8,2,1069,35.54,47.9,.870866,2,1,0,37.351336
2005,6,8,8,2,1069,35.63,47.9,.870866,2,1,0,37.351336
2005,6,8,8,2,1069,35.72,47.9,.870866,2,1,0,37.351336
2005,6,8,8,2,1069,35.81,47.9,.870866,2,1,0,37.351336
2005,6,8,8,2,1069,35.9,47.9,.870866,2,1,0,37.351336
2005,6,8,8,2,1069,35.99,47.6,.870866,2,1,0,37.351336
2005,6,8,8,2,1069,120.09,17.5,.870866,2,0,0,120.09
2005,6,8,9,2,1069,0,205,.870866,2,1,0,0
2005,6,8,9,2,1069,34.76,47.9,.870866,2,1,0,37.351336
2005,6,8,9,2,1069,34.85,47.9,.870866,2,1,0,37.351336
2005,6,8,9,2,1069,34.93,47.9,.870866,2,1,0,37.351336
2005,6,8,9,2,1069,35.01,47.9,.870866,2,1,0,37.351336
2005,6,8,9,2,1069,35.1,47.9,.870866,2,1,0,37.351336
2005,6,8,9,2,1069,35.18,47.9,.870866,2,1,0,37.351336
2005,6,8,9,2,1069,35.26,47.6,.870866,2,1,0,37.351336
2005,6,8,9,2,1069,120.08,17.5,.870866,2,0,0,120.08
2005,6,8,10,2,1069,0,205,.870866,2,1,0,0
2005,6,8,10,2,1069,34.24,47.9,.870866,2,1,0,37.351336
2005,6,8,10,2,1069,34.32,47.9,.870866,2,1,0,37.351336
2005,6,8,10,2,1069,34.4,47.9,.870866,2,1,0,37.351336
2005,6,8,10,2,1069,34.48,47.9,.870866,2,1,0,37.351336
2005,6,8,10,2,1069,34.56,47.9,.870866,2,1,0,37.351336
2005,6,8,10,2,1069,34.64,47.9,.870866,2,1,0,37.351336
2005,6,8,10,2,1069,34.72,47.6,.870866,2,1,0,37.351336
2005,6,8,10,2,1069,120.08,17.5,.870866,2,0,0,120.08
2005,6,8,11,2,1069,0,205,.870866,2,1,0,0
2005,6,8,11,2,1069,34.25,47.9,.870866,2,1,0,37.351336
2005,6,8,11,2,1069,34.33,47.9,.870866,2,1,0,37.351336
2005,6,8,11,2,1069,34.4,47.9,.870866,2,1,0,37.351336
2005,6,8,11,2,1069,34.48,47.9,.870866,2,1,0,37.351336
2005,6,8,11,2,1069,34.55,47.9,.870866,2,1,0,37.351336
2005,6,8,11,2,1069,34.63,47.9,.870866,2,1,0,37.351336
2005,6,8,11,2,1069,34.7,47.6,.870866,2,1,0,37.351336
2005,6,8,11,2,1069,120.08,17.5,.870866,2,0,0,120.08
2005,6,8,12,2,1069,0,205,.870866,2,1,0,0
2005,6,8,12,2,1069,34.02,47.9,.870866,2,1,0,37.351336
2005,6,8,12,2,1069,34.09,47.9,.870866,2,1,0,37.351336
2005,6,8,12,2,1069,34.17,47.9,.870866,2,1,0,37.351336
2005,6,8,12,2,1069,34.24,47.9,.870866,2,1,0,37.351336
2005,6,8,12,2,1069,34.31,47.9,.870866,2,1,0,37.351336
2005,6,8,12,2,1069,34.39,47.9,.870866,2,1,0,37.351336
2005,6,8,12,2,1069,34.46,47.6,.870866,2,1,0,37.351336
2005,6,8,12,2,1069,120.08,17.5,.870866,2,0,0,120.08
2005,6,8,13,2,1069,0,205,.870866,2,1,0,0
2005,6,8,13,2,1069,33.84,47.9,.870866,2,1,0,37.351336
2005,6,8,13,2,1069,33.91,47.9,.870866,2,1,0,37.351336
2005,6,8,13,2,1069,33.98,47.9,.870866,2,1,0,37.351336
2005,6,8,13,2,1069,34.06,47.9,.870866,2,1,0,37.351336
2005,6,8,13,2,1069,34.13,47.9,.870866,2,1,0,37.351336
2005,6,8,13,2,1069,34.2,47.9,.870866,2,1,0,37.351336
2005,6,8,13,2,1069,34.27,47.6,.870866,2,1,0,37.351336
2005,6,8,13,2,1069,120.08,17.5,.870866,2,0,0,120.08
2005,6,8,14,2,1069,0,205,.870866,2,1,0,0
2005,6,8,14,2,1069,34.13,47.9,.870866,2,1,0,37.351336
2005,6,8,14,2,1069,34.21,47.9,.870866,2,1,0,37.351336
2005,6,8,14,2,1069,34.28,47.9,.870866,2,1,0,37.351336
2005,6,8,14,2,1069,34.35,47.9,.870866,2,1,0,37.351336
2005,6,8,14,2,1069,34.43,47.9,.870866,2,1,0,37.351336
2005,6,8,14,2,1069,34.5,47.9,.870866,2,1,0,37.351336
2005,6,8,14,2,1069,34.58,47.6,.870866,2,1,0,37.351336
2005,6,8,14,2,1069,120.08,17.5,.870866,2,0,0,120.08
2005,6,8,15,2,1069,0,205,.870866,2,1,0,0
2005,6,8,15,2,1069,34.11,47.9,.870866,2,1,0,37.351336
2005,6,8,15,2,1069,34.19,47.9,.870866,2,1,0,37.351336
2005,6,8,15,2,1069,34.27,47.9,.870866,2,1,0,37.351336
2005,6,8,15,2,1069,34.34,47.9,.870866,2,1,0,37.351336
2005,6,8,15,2,1069,34.42,47.9,.870866,2,1,0,37.351336
2005,6,8,15,2,1069,34.49,47.9,.870866,2,1,0,37.351336
2005,6,8,15,2,1069,34.57,47.6,.870866,2,1,0,37.351336
2005,6,8,15,2,1069,120.08,17.5,.870866,2,0,0,120.08
2005,6,8,16,2,1069,0,205,.870866,2,1,0,0
2005,6,8,16,2,1069,34,47.9,.870866,2,1,0,37.351336
2005,6,8,16,2,1069,34.07,47.9,.870866,2,1,0,37.351336
2005,6,8,16,2,1069,34.15,47.9,.870866,2,1,0,37.351336
2005,6,8,16,2,1069,34.23,47.9,.870866,2,1,0,37.351336
2005,6,8,16,2,1069,34.3,47.9,.870866,2,1,0,37.351336
2005,6,8,16,2,1069,34.38,47.9,.870866,2,1,0,37.351336
2005,6,8,16,2,1069,34.45,47.6,.870866,2,1,0,37.351336
2005,6,8,16,2,1069,120.08,17.5,.870866,2,0,0,120.08
2005,6,8,17,2,1069,0,205,.870866,2,1,0,0
2005,6,8,17,2,1069,34,47.9,.870866,2,1,0,37.351336
2005,6,8,17,2,1069,34.07,47.9,.870866,2,1,0,37.351336
2005,6,8,17,2,1069,34.15,47.9,.870866,2,1,0,37.351336
2005,6,8,17,2,1069,34.22,47.9,.870866,2,1,0,37.351336
2005,6,8,17,2,1069,34.3,47.9,.870866,2,1,0,37.351336
2005,6,8,17,2,1069,34.37,47.9,.870866,2,1,0,37.351336
2005,6,8,17,2,1069,34.44,47.6,.870866,2,1,0,37.351336
2005,6,8,17,2,1069,120.08,17.5,.870866,2,0,0,120.08
2005,6,8,18,2,1069,0,205,.870866,2,1,0,0
2005,6,8,18,2,1069,33.81,47.9,.870866,2,1,0,37.351336
2005,6,8,18,2,1069,33.88,47.9,.870866,2,1,0,37.351336
2005,6,8,18,2,1069,33.95,47.9,.870866,2,1,0,37.351336
2005,6,8,18,2,1069,34.03,47.9,.870866,2,1,0,37.351336
2005,6,8,18,2,1069,34.1,47.9,.870866,2,1,0,37.351336
2005,6,8,18,2,1069,34.17,47.9,.870866,2,1,0,37.351336
2005,6,8,18,2,1069,34.24,47.6,.870866,2,1,0,37.351336
2005,6,8,18,2,1069,120.08,17.5,.870866,2,0,0,120.08
2005,6,8,19,2,1069,0,205,.870866,2,1,0,0
2005,6,8,19,2,1069,33.92,47.9,.870866,2,1,0,37.351336
2005,6,8,19,2,1069,33.99,47.9,.870866,2,1,0,37.351336
2005,6,8,19,2,1069,34.07,47.9,.870866,2,1,0,37.351336
2005,6,8,19,2,1069,34.14,47.9,.870866,2,1,0,37.351336
2005,6,8,19,2,1069,34.21,47.9,.870866,2,1,0,37.351336
2005,6,8,19,2,1069,34.29,47.9,.870866,2,1,0,37.351336
2005,6,8,19,2,1069,34.36,47.6,.870866,2,1,0,37.351336
2005,6,8,19,2,1069,120.08,17.5,.870866,2,0,0,120.08
2005,6,8,20,2,1069,0,205,.870866,2,1,0,0
2005,6,8,20,2,1069,34.4,47.9,.870866,2,1,0,37.351336
2005,6,8,20,2,1069,34.48,47.9,.870866,2,1,0,37.351336
2005,6,8,20,2,1069,34.56,47.9,.870866,2,1,0,37.351336
2005,6,8,20,2,1069,34.63,47.9,.870866,2,1,0,37.351336
2005,6,8,20,2,1069,34.71,47.9,.870866,2,1,0,37.351336
2005,6,8,20,2,1069,34.79,47.9,.870866,2,1,0,37.351336
2005,6,8,20,2,1069,34.86,47.6,.870866,2,1,0,37.351336
2005,6,8,20,2,1069,120.08,17.5,.870866,2,0,0,120.08
2005,6,8,21,2,1069,0,205,.870866,2,1,0,0
2005,6,8,21,2,1069,34.73,47.9,.870866,2,1,0,37.351336
2005,6,8,21,2,1069,34.81,47.9,.870866,2,1,0,37.351336
2005,6,8,21,2,1069,34.89,47.9,.870866,2,1,0,37.351336
2005,6,8,21,2,1069,34.96,47.9,.870866,2,1,0,37.351336
2005,6,8,21,2,1069,35.04,47.9,.870866,2,1,0,37.351336
2005,6,8,21,2,1069,35.12,47.9,.870866,2,1,0,37.351336
2005,6,8,21,2,1069,35.2,47.6,.870866,2,1,0,37.351336
2005,6,8,21,2,1069,120.08,17.5,.870866,2,0,0,120.08
2005,6,8,22,2,1069,0,205,.870866,2,1,0,0
2005,6,8,22,2,1069,34.67,47.9,.870866,2,1,0,37.351336
2005,6,8,22,2,1069,34.75,47.9,.870866,2,1,0,37.351336
2005,6,8,22,2,1069,34.83,47.9,.870866,2,1,0,37.351336
2005,6,8,22,2,1069,34.91,47.9,.870866,2,1,0,37.351336
2005,6,8,22,2,1069,34.99,47.9,.870866,2,1,0,37.351336
2005,6,8,22,2,1069,35.07,47.9,.870866,2,1,0,37.351336
2005,6,8,22,2,1069,35.15,47.6,.870866,2,1,0,37.351336
2005,6,8,22,2,1069,120.08,17.5,.870866,2,0,0,120.08
2005,6,8,23,2,1069,0,205,.870866,2,1,0,0
2005,6,8,23,2,1069,34.5,47.9,.870866,2,1,0,37.351336
2005,6,8,23,2,1069,34.58,47.9,.870866,2,1,0,37.351336
2005,6,8,23,2,1069,34.66,47.9,.870866,2,1,0,37.351336
2005,6,8,23,2,1069,34.74,47.9,.870866,2,1,0,37.351336
2005,6,8,23,2,1069,34.82,47.9,.870866,2,1,0,37.351336
2005,6,8,23,2,1069,34.9,47.9,.870866,2,1,0,37.351336
2005,6,8,23,2,1069,34.99,47.6,.870866,2,1,0,37.351336
2005,6,8,23,2,1069,120.08,17.5,.870866,2,0,0,120.08
2005,6,8,24,2,1069,0,171,.870866,2,1,0,0
2005,6,8,24,2,1069,11.01,34,.870866,2,1,0,37.351336
2005,6,8,24,2,1069,35.2,47.9,.870866,2,1,0,37.351336
2005,6,8,24,2,1069,35.28,47.9,.870866,2,1,0,37.351336
2005,6,8,24,2,1069,35.37,47.9,.870866,2,1,0,37.351336
2005,6,8,24,2,1069,35.45,47.9,.870866,2,1,0,37.351336
2005,6,8,24,2,1069,35.54,47.9,.870866,2,1,0,37.351336
2005,6,8,24,2,1069,35.62,47.9,.870866,2,1,0,37.351336
2005,6,8,24,2,1069,35.71,47.6,.870866,2,1,0,37.351336
2005,6,8,24,2,1069,120.09,17.5,.870866,2,0,0,120.09
2005,6,8,1,2,1070,0,205,.870866,2,1,0,0
2005,6,8,1,2,1070,35.09,48.6,.870866,2,1,0,37.345666
2005,6,8,1,2,1070,35.18,48.6,.870866,2,1,0,37.345666
2005,6,8,1,2,1070,35.27,48.6,.870866,2,1,0,37.345666
2005,6,8,1,2,1070,35.35,48.6,.870866,2,1,0,37.345666
2005,6,8,1,2,1070,35.44,48.6,.870866,2,1,0,37.345666
2005,6,8,1,2,1070,35.53,48.6,.870866,2,1,0,37.345666
2005,6,8,1,2,1070,35.61,48.4,.870866,2,1,0,37.345666
2005,6,8,1,2,1070,120.08,17.1,.870866,2,0,0,120.08
2005,6,8,2,2,1070,0,171,.870866,2,1,0,0
2005,6,8,2,2,1070,11.01,34,.870866,2,1,0,37.345666
2005,6,8,2,2,1070,35.89,48.6,.870866,2,1,0,37.345666
2005,6,8,2,2,1070,35.98,48.6,.870866,2,1,0,37.345666
2005,6,8,2,2,1070,36.07,48.6,.870866,2,1,0,37.345666
2005,6,8,2,2,1070,36.16,48.6,.870866,2,1,0,37.345666
2005,6,8,2,2,1070,36.25,48.6,.870866,2,1,0,37.345666
2005,6,8,2,2,1070,36.34,48.6,.870866,2,1,0,37.345666
2005,6,8,2,2,1070,36.44,48.4,.870866,2,1,0,37.345666
2005,6,8,2,2,1070,120.09,17.1,.870866,2,0,0,120.09
2005,6,8,3,2,1070,0,171,.870866,2,1,0,0
2005,6,8,3,2,1070,11.01,34,.870866,2,1,0,37.345666
2005,6,8,3,2,1070,36.3,48.6,.870866,2,1,0,37.345666
2005,6,8,3,2,1070,36.4,48.6,.870866,2,1,0,37.345666
2005,6,8,3,2,1070,36.49,48.6,.870866,2,1,0,37.345666
2005,6,8,3,2,1070,36.59,48.6,.870866,2,1,0,37.345666
2005,6,8,3,2,1070,36.68,48.6,.870866,2,1,0,37.345666
2005,6,8,3,2,1070,36.77,48.6,.870866,2,1,0,37.345666
2005,6,8,3,2,1070,36.87,48.4,.870866,2,1,0,37.345666
2005,6,8,3,2,1070,120.09,17.1,.870866,2,0,0,120.09
2005,6,8,4,2,1070,0,171,.870866,2,1,0,0
2005,6,8,4,2,1070,11.01,34,.870866,2,1,0,37.345666
2005,6,8,4,2,1070,36.42,48.6,.870866,2,1,0,37.345666
2005,6,8,4,2,1070,36.52,48.6,.870866,2,1,0,37.345666
2005,6,8,4,2,1070,36.61,48.6,.870866,2,1,0,37.345666
2005,6,8,4,2,1070,36.71,48.6,.870866,2,1,0,37.345666
2005,6,8,4,2,1070,36.8,48.6,.870866,2,1,0,37.345666
2005,6,8,4,2,1070,36.9,48.6,.870866,2,1,0,37.345666
2005,6,8,4,2,1070,36.99,48.4,.870866,2,1,0,37.345666
2005,6,8,4,2,1070,120.09,17.1,.870866,2,0,0,120.09
2005,6,8,5,2,1070,0,171,.870866,2,1,0,0
2005,6,8,5,2,1070,11.01,34,.870866,2,1,0,37.345666
2005,6,8,5,2,1070,36.64,48.6,.870866,2,1,0,37.345666
2005,6,8,5,2,1070,36.74,48.6,.870866,2,1,0,37.345666
2005,6,8,5,2,1070,36.83,48.6,.870866,2,1,0,37.345666
2005,6,8,5,2,1070,36.93,48.6,.870866,2,1,0,37.345666
2005,6,8,5,2,1070,37.03,48.6,.870866,2,1,0,37.345666
2005,6,8,5,2,1070,37.13,48.6,.870866,2,1,0,37.345666
2005,6,8,5,2,1070,37.22,48.4,.870866,2,1,0,37.345666
2005,6,8,5,2,1070,120.09,17.1,.870866,2,0,0,120.09
2005,6,8,6,2,1070,0,171,.870866,2,1,0,0
2005,6,8,6,2,1070,11.01,34,.870866,2,1,0,37.345666
2005,6,8,6,2,1070,36.5,48.6,.870866,2,1,0,37.345666
2005,6,8,6,2,1070,36.6,48.6,.870866,2,1,0,37.345666
2005,6,8,6,2,1070,36.7,48.6,.870866,2,1,0,37.345666
2005,6,8,6,2,1070,36.79,48.6,.870866,2,1,0,37.345666
2005,6,8,6,2,1070,36.89,48.6,.870866,2,1,0,37.345666
2005,6,8,6,2,1070,36.98,48.6,.870866,2,1,0,37.345666
2005,6,8,6,2,1070,37.08,48.4,.870866,2,1,0,37.345666
2005,6,8,6,2,1070,120.09,17.1,.870866,2,0,0,120.09
2005,6,8,7,2,1070,0,171,.870866,2,1,0,0
2005,6,8,7,2,1070,11.01,34,.870866,2,1,0,37.345666
2005,6,8,7,2,1070,36.15,48.6,.870866,2,1,0,37.345666
2005,6,8,7,2,1070,36.24,48.6,.870866,2,1,0,37.345666
2005,6,8,7,2,1070,36.33,48.6,.870866,2,1,0,37.345666
2005,6,8,7,2,1070,36.43,48.6,.870866,2,1,0,37.345666
2005,6,8,7,2,1070,36.52,48.6,.870866,2,1,0,37.345666
2005,6,8,7,2,1070,36.61,48.6,.870866,2,1,0,37.345666
2005,6,8,7,2,1070,36.71,48.4,.870866,2,1,0,37.345666
2005,6,8,7,2,1070,120.09,17.1,.870866,2,0,0,120.09
2005,6,8,8,2,1070,0,171,.870866,2,1,0,0
2005,6,8,8,2,1070,11.01,34,.870866,2,1,0,37.345666
2005,6,8,8,2,1070,36.01,48.6,.870866,2,1,0,37.345666
2005,6,8,8,2,1070,36.1,48.6,.870866,2,1,0,37.345666
2005,6,8,8,2,1070,36.19,48.6,.870866,2,1,0,37.345666
2005,6,8,8,2,1070,36.28,48.6,.870866,2,1,0,37.345666
2005,6,8,8,2,1070,36.37,48.6,.870866,2,1,0,37.345666
2005,6,8,8,2,1070,36.46,48.6,.870866,2,1,0,37.345666
2005,6,8,8,2,1070,36.55,48.4,.870866,2,1,0,37.345666
2005,6,8,8,2,1070,120.09,17.1,.870866,2,0,0,120.09
2005,6,8,9,2,1070,0,205,.870866,2,1,0,0
2005,6,8,9,2,1070,35.28,48.6,.870866,2,1,0,37.345666
2005,6,8,9,2,1070,35.36,48.6,.870866,2,1,0,37.345666
2005,6,8,9,2,1070,35.45,48.6,.870866,2,1,0,37.345666
2005,6,8,9,2,1070,35.53,48.6,.870866,2,1,0,37.345666
2005,6,8,9,2,1070,35.62,48.6,.870866,2,1,0,37.345666
2005,6,8,9,2,1070,35.7,48.6,.870866,2,1,0,37.345666
2005,6,8,9,2,1070,35.79,48.4,.870866,2,1,0,37.345666
2005,6,8,9,2,1070,120.08,17.1,.870866,2,0,0,120.08
2005,6,8,10,2,1070,0,205,.870866,2,1,0,0
2005,6,8,10,2,1070,34.73,48.6,.870866,2,1,0,37.345666
2005,6,8,10,2,1070,34.81,48.6,.870866,2,1,0,37.345666
2005,6,8,10,2,1070,34.89,48.6,.870866,2,1,0,37.345666
2005,6,8,10,2,1070,34.97,48.6,.870866,2,1,0,37.345666
2005,6,8,10,2,1070,35.05,48.6,.870866,2,1,0,37.345666
2005,6,8,10,2,1070,35.13,48.6,.870866,2,1,0,37.345666
2005,6,8,10,2,1070,35.21,48.4,.870866,2,1,0,37.345666
2005,6,8,10,2,1070,120.08,17.1,.870866,2,0,0,120.08
2005,6,8,11,2,1070,0,205,.870866,2,1,0,0
2005,6,8,11,2,1070,34.71,48.6,.870866,2,1,0,37.345666
2005,6,8,11,2,1070,34.79,48.6,.870866,2,1,0,37.345666
2005,6,8,11,2,1070,34.86,48.6,.870866,2,1,0,37.345666
2005,6,8,11,2,1070,34.94,48.6,.870866,2,1,0,37.345666
2005,6,8,11,2,1070,35.02,48.6,.870866,2,1,0,37.345666
2005,6,8,11,2,1070,35.09,48.6,.870866,2,1,0,37.345666
2005,6,8,11,2,1070,35.17,48.4,.870866,2,1,0,37.345666
2005,6,8,11,2,1070,120.08,17.1,.870866,2,0,0,120.08
2005,6,8,12,2,1070,0,205,.870866,2,1,0,0
2005,6,8,12,2,1070,34.46,48.6,.870866,2,1,0,37.345666
2005,6,8,12,2,1070,34.54,48.6,.870866,2,1,0,37.345666
2005,6,8,12,2,1070,34.61,48.6,.870866,2,1,0,37.345666
2005,6,8,12,2,1070,34.69,48.6,.870866,2,1,0,37.345666
2005,6,8,12,2,1070,34.76,48.6,.870866,2,1,0,37.345666
2005,6,8,12,2,1070,34.84,48.6,.870866,2,1,0,37.345666
2005,6,8,12,2,1070,34.91,48.4,.870866,2,1,0,37.345666
2005,6,8,12,2,1070,120.08,17.1,.870866,2,0,0,120.08
2005,6,8,13,2,1070,0,205,.870866,2,1,0,0
2005,6,8,13,2,1070,34.28,48.6,.870866,2,1,0,37.345666
2005,6,8,13,2,1070,34.35,48.6,.870866,2,1,0,37.345666
2005,6,8,13,2,1070,34.42,48.6,.870866,2,1,0,37.345666
2005,6,8,13,2,1070,34.5,48.6,.870866,2,1,0,37.345666
2005,6,8,13,2,1070,34.57,48.6,.870866,2,1,0,37.345666
2005,6,8,13,2,1070,34.64,48.6,.870866,2,1,0,37.345666
2005,6,8,13,2,1070,34.71,48.4,.870866,2,1,0,37.345666
2005,6,8,13,2,1070,120.08,17.1,.870866,2,0,0,120.08
2005,6,8,14,2,1070,0,205,.870866,2,1,0,0
2005,6,8,14,2,1070,34.58,48.6,.870866,2,1,0,37.345666
2005,6,8,14,2,1070,34.66,48.6,.870866,2,1,0,37.345666
2005,6,8,14,2,1070,34.73,48.6,.870866,2,1,0,37.345666
2005,6,8,14,2,1070,34.81,48.6,.870866,2,1,0,37.345666
2005,6,8,14,2,1070,34.88,48.6,.870866,2,1,0,37.345666
2005,6,8,14,2,1070,34.96,48.6,.870866,2,1,0,37.345666
2005,6,8,14,2,1070,35.03,48.4,.870866,2,1,0,37.345666
2005,6,8,14,2,1070,120.08,17.1,.870866,2,0,0,120.08
2005,6,8,15,2,1070,0,205,.870866,2,1,0,0
2005,6,8,15,2,1070,34.58,48.6,.870866,2,1,0,37.345666
2005,6,8,15,2,1070,34.65,48.6,.870866,2,1,0,37.345666
2005,6,8,15,2,1070,34.73,48.6,.870866,2,1,0,37.345666
2005,6,8,15,2,1070,34.81,48.6,.870866,2,1,0,37.345666
2005,6,8,15,2,1070,34.88,48.6,.870866,2,1,0,37.345666
2005,6,8,15,2,1070,34.96,48.6,.870866,2,1,0,37.345666
2005,6,8,15,2,1070,35.04,48.4,.870866,2,1,0,37.345666
2005,6,8,15,2,1070,120.08,17.1,.870866,2,0,0,120.08
2005,6,8,16,2,1070,0,205,.870866,2,1,0,0
2005,6,8,16,2,1070,34.46,48.6,.870866,2,1,0,37.345666
2005,6,8,16,2,1070,34.53,48.6,.870866,2,1,0,37.345666
2005,6,8,16,2,1070,34.61,48.6,.870866,2,1,0,37.345666
2005,6,8,16,2,1070,34.69,48.6,.870866,2,1,0,37.345666
2005,6,8,16,2,1070,34.76,48.6,.870866,2,1,0,37.345666
2005,6,8,16,2,1070,34.84,48.6,.870866,2,1,0,37.345666
2005,6,8,16,2,1070,34.91,48.4,.870866,2,1,0,37.345666
2005,6,8,16,2,1070,120.08,17.1,.870866,2,0,0,120.08
2005,6,8,17,2,1070,0,205,.870866,2,1,0,0
2005,6,8,17,2,1070,34.45,48.6,.870866,2,1,0,37.345666
2005,6,8,17,2,1070,34.52,48.6,.870866,2,1,0,37.345666
2005,6,8,17,2,1070,34.6,48.6,.870866,2,1,0,37.345666
2005,6,8,17,2,1070,34.67,48.6,.870866,2,1,0,37.345666
2005,6,8,17,2,1070,34.75,48.6,.870866,2,1,0,37.345666
2005,6,8,17,2,1070,34.82,48.6,.870866,2,1,0,37.345666
2005,6,8,17,2,1070,34.9,48.4,.870866,2,1,0,37.345666
2005,6,8,17,2,1070,120.08,17.1,.870866,2,0,0,120.08
2005,6,8,18,2,1070,0,205,.870866,2,1,0,0
2005,6,8,18,2,1070,34.25,48.6,.870866,2,1,0,37.345666
2005,6,8,18,2,1070,34.32,48.6,.870866,2,1,0,37.345666
2005,6,8,18,2,1070,34.4,48.6,.870866,2,1,0,37.345666
2005,6,8,18,2,1070,34.47,48.6,.870866,2,1,0,37.345666
2005,6,8,18,2,1070,34.55,48.6,.870866,2,1,0,37.345666
2005,6,8,18,2,1070,34.62,48.6,.870866,2,1,0,37.345666
2005,6,8,18,2,1070,34.69,48.4,.870866,2,1,0,37.345666
2005,6,8,18,2,1070,120.08,17.1,.870866,2,0,0,120.08
2005,6,8,19,2,1070,0,205,.870866,2,1,0,0
2005,6,8,19,2,1070,34.37,48.6,.870866,2,1,0,37.345666
2005,6,8,19,2,1070,34.44,48.6,.870866,2,1,0,37.345666
2005,6,8,19,2,1070,34.52,48.6,.870866,2,1,0,37.345666
2005,6,8,19,2,1070,34.59,48.6,.870866,2,1,0,37.345666
2005,6,8,19,2,1070,34.67,48.6,.870866,2,1,0,37.345666
2005,6,8,19,2,1070,34.74,48.6,.870866,2,1,0,37.345666
2005,6,8,19,2,1070,34.82,48.4,.870866,2,1,0,37.345666
2005,6,8,19,2,1070,120.08,17.1,.870866,2,0,0,120.08
2005,6,8,20,2,1070,0,205,.870866,2,1,0,0
2005,6,8,20,2,1070,34.87,48.6,.870866,2,1,0,37.345666
2005,6,8,20,2,1070,34.95,48.6,.870866,2,1,0,37.345666
2005,6,8,20,2,1070,35.03,48.6,.870866,2,1,0,37.345666
2005,6,8,20,2,1070,35.1,48.6,.870866,2,1,0,37.345666
2005,6,8,20,2,1070,35.18,48.6,.870866,2,1,0,37.345666
2005,6,8,20,2,1070,35.26,48.6,.870866,2,1,0,37.345666
2005,6,8,20,2,1070,35.34,48.4,.870866,2,1,0,37.345666
2005,6,8,20,2,1070,120.08,17.1,.870866,2,0,0,120.08
2005,6,8,21,2,1070,0,205,.870866,2,1,0,0
2005,6,8,21,2,1070,35.21,48.6,.870866,2,1,0,37.345666
2005,6,8,21,2,1070,35.29,48.6,.870866,2,1,0,37.345666
2005,6,8,21,2,1070,35.37,48.6,.870866,2,1,0,37.345666
2005,6,8,21,2,1070,35.45,48.6,.870866,2,1,0,37.345666
2005,6,8,21,2,1070,35.53,48.6,.870866,2,1,0,37.345666
2005,6,8,21,2,1070,35.62,48.6,.870866,2,1,0,37.345666
2005,6,8,21,2,1070,35.7,48.4,.870866,2,1,0,37.345666
2005,6,8,21,2,1070,120.08,17.1,.870866,2,0,0,120.08
2005,6,8,22,2,1070,0,205,.870866,2,1,0,0
2005,6,8,22,2,1070,35.16,48.6,.870866,2,1,0,37.345666
2005,6,8,22,2,1070,35.24,48.6,.870866,2,1,0,37.345666
2005,6,8,22,2,1070,35.33,48.6,.870866,2,1,0,37.345666
2005,6,8,22,2,1070,35.41,48.6,.870866,2,1,0,37.345666
2005,6,8,22,2,1070,35.49,48.6,.870866,2,1,0,37.345666
2005,6,8,22,2,1070,35.57,48.6,.870866,2,1,0,37.345666
2005,6,8,22,2,1070,35.65,48.4,.870866,2,1,0,37.345666
2005,6,8,22,2,1070,120.08,17.1,.870866,2,0,0,120.08
2005,6,8,23,2,1070,0,205,.870866,2,1,0,0
2005,6,8,23,2,1070,35,48.6,.870866,2,1,0,37.345666
2005,6,8,23,2,1070,35.08,48.6,.870866,2,1,0,37.345666
2005,6,8,23,2,1070,35.16,48.6,.870866,2,1,0,37.345666
2005,6,8,23,2,1070,35.24,48.6,.870866,2,1,0,37.345666
2005,6,8,23,2,1070,35.32,48.6,.870866,2,1,0,37.345666
2005,6,8,23,2,1070,35.4,48.6,.870866,2,1,0,37.345666
2005,6,8,23,2,1070,35.49,48.4,.870866,2,1,0,37.345666
2005,6,8,23,2,1070,120.08,17.1,.870866,2,0,0,120.08
2005,6,8,24,2,1070,0,171,.870866,2,1,0,0
2005,6,8,24,2,1070,11.01,34,.870866,2,1,0,37.345666
2005,6,8,24,2,1070,35.72,48.6,.870866,2,1,0,37.345666
2005,6,8,24,2,1070,35.81,48.6,.870866,2,1,0,37.345666
2005,6,8,24,2,1070,35.9,48.6,.870866,2,1,0,37.345666
2005,6,8,24,2,1070,35.98,48.6,.870866,2,1,0,37.345666
2005,6,8,24,2,1070,36.07,48.6,.870866,2,1,0,37.345666
2005,6,8,24,2,1070,36.16,48.6,.870866,2,1,0,37.345666
2005,6,8,24,2,1070,36.24,48.4,.870866,2,1,0,37.345666
2005,6,8,24,2,1070,120.09,17.1,.870866,2,0,0,120.09
2005,6,8,1,9,169,0,29.3,0,2,1,0,0
2005,6,8,2,9,169,0,29.4,0,2,1,0,0
2005,6,8,3,9,169,0,29.4,0,2,1,0,0
2005,6,8,4,9,169,0,29.5,0,2,1,0,0
2005,6,8,5,9,169,0,29.6,0,2,1,0,0
2005,6,8,6,9,169,0,29.6,0,2,1,0,0
2005,6,8,7,9,169,0,29.7,0,2,1,0,0
2005,6,8,8,9,169,0,29.7,0,2,1,0,0
2005,6,8,9,9,169,0,29.7,0,2,1,0,0
2005,6,8,10,9,169,0,29.7,0,2,1,0,0
2005,6,8,11,9,169,0,29.6,0,2,1,0,0
2005,6,8,12,9,169,0,29.6,0,2,1,0,0
2005,6,8,13,9,169,0,29.5,0,2,1,0,0
2005,6,8,14,9,169,0,29.4,0,2,1,0,0
2005,6,8,15,9,169,0,29.4,0,2,1,0,0
2005,6,8,16,9,169,0,29.3,0,2,1,0,0
2005,6,8,17,9,169,0,29.3,0,2,1,0,0
2005,6,8,18,9,169,0,29.3,0,2,1,0,0
2005,6,8,19,9,169,0,29.2,0,2,1,0,0
2005,6,8,20,9,169,0,29.2,0,2,1,0,0
2005,6,8,21,9,169,0,29.2,0,2,1,0,0
2005,6,8,22,9,169,0,29.2,0,2,1,0,0
2005,6,8,23,9,169,0,29.2,0,2,1,0,0
2005,6,8,24,9,169,0,29.2,0,2,1,0,0
2005,6,8,1,9,170,180.3,8,0,1,1,0,180.3
2005,6,8,2,9,170,180.3,8,0,1,1,0,180.3
2005,6,8,3,9,170,180.3,8,0,1,1,0,180.3
2005,6,8,4,9,170,180.3,8,0,1,1,0,180.3
2005,6,8,5,9,170,180.3,8,0,1,1,0,180.3
2005,6,8,6,9,170,180.3,8,0,1,1,0,180.3
2005,6,8,7,9,170,180.3,8,0,1,1,0,180.3
2005,6,8,8,9,170,180.3,8,0,1,1,0,180.3
2005,6,8,9,9,170,180.3,8,0,1,1,0,180.3
2005,6,8,10,9,170,180.3,8,0,1,1,0,180.3
2005,6,8,11,9,170,180.3,8,0,1,1,0,180.3
2005,6,8,12,9,170,180.3,8,0,1,1,0,180.3
2005,6,8,13,9,170,180.3,8,0,1,1,0,180.3
2005,6,8,14,9,170,180.3,8,0,1,1,0,180.3
2005,6,8,15,9,170,180.3,8,0,1,1,0,180.3
2005,6,8,16,9,170,180.3,8,0,1,1,0,180.3
2005,6,8,17,9,170,180.3,8,0,1,1,0,180.3
2005,6,8,18,9,170,180.3,8,0,1,1,0,180.3
2005,6,8,19,9,170,180.3,8,0,1,1,0,180.3
2005,6,8,20,9,170,180.3,8,0,1,1,0,180.3
2005,6,8,21,9,170,180.3,8,0,1,1,0,180.3
2005,6,8,22,9,170,180.3,8,0,1,1,0,180.3
2005,6,8,23,9,170,180.3,8,0,1,1,0,180.3
2005,6,8,24,9,170,180.3,8,0,1,1,0,180.3
2005,6,8,1,9,171,0,10.2,0,2,1,0,0
2005,6,8,2,9,171,0,9.9,0,2,1,0,0
2005,6,8,3,9,171,0,9.4,0,2,1,0,0
2005,6,8,4,9,171,0,8.9,0,2,1,0,0
2005,6,8,5,9,171,0,8.5,0,2,1,0,0
2005,6,8,6,9,171,0,8.4,0,2,1,0,0
2005,6,8,7,9,171,0,9.1,0,2,1,0,0
2005,6,8,8,9,171,0,8.7,0,2,1,0,0
2005,6,8,9,9,171,0,7.1,0,2,1,0,0
2005,6,8,10,9,171,0,5.1,0,2,1,0,0
2005,6,8,11,9,171,0,4,0,2,1,0,0
2005,6,8,12,9,171,0,3.3,0,2,1,0,0
2005,6,8,13,9,171,0,4.5,0,2,1,0,0
2005,6,8,14,9,171,0,4.9,0,2,1,0,0
2005,6,8,15,9,171,0,4.7,0,2,1,0,0
2005,6,8,16,9,171,0,6,0,2,1,0,0
2005,6,8,17,9,171,0,6.2,0,2,1,0,0
2005,6,8,18,9,171,0,4.2,0,2,1,0,0
2005,6,8,19,9,171,0,4.7,0,2,1,0,0
2005,6,8,20,9,171,0,5.5,0,2,1,0,0
2005,6,8,21,9,171,0,6.6,0,2,1,0,0
2005,6,8,22,9,171,0,6.9,0,2,1,0,0
2005,6,8,23,9,171,0,6.6,0,2,1,0,0
2005,6,8,24,9,171,0,4.2,0,2,1,0,0
2005,6,8,1,9,172,0,6.2,0,2,1,0,0
2005,6,8,2,9,172,0,6.2,0,2,1,0,0
2005,6,8,3,9,172,0,6.2,0,2,1,0,0
2005,6,8,4,9,172,0,6.2,0,2,1,0,0
2005,6,8,5,9,172,0,6.2,0,2,1,0,0
2005,6,8,6,9,172,0,6.2,0,2,1,0,0
2005,6,8,7,9,172,0,6.2,0,2,1,0,0
2005,6,8,8,9,172,0,6.2,0,2,1,0,0
2005,6,8,9,9,172,0,6.2,0,2,1,0,0
2005,6,8,10,9,172,0,6.2,0,2,1,0,0
2005,6,8,11,9,172,0,6.1,0,2,1,0,0
2005,6,8,12,9,172,0,6.1,0,2,1,0,0
2005,6,8,13,9,172,0,6,0,2,1,0,0
2005,6,8,14,9,172,0,5.9,0,2,1,0,0
2005,6,8,15,9,172,0,5.9,0,2,1,0,0
2005,6,8,16,9,172,0,5.9,0,2,1,0,0
2005,6,8,17,9,172,0,5.9,0,2,1,0,0
2005,6,8,18,9,172,0,5.9,0,2,1,0,0
2005,6,8,19,9,172,0,6.2,0,2,1,0,0
2005,6,8,20,9,172,0,6.2,0,2,1,0,0
2005,6,8,21,9,172,0,6.2,0,2,1,0,0
2005,6,8,22,9,172,0,6.2,0,2,1,0,0
2005,6,8,23,9,172,0,6.2,0,2,1,0,0
2005,6,8,24,9,172,0,6.2,0,2,1,0,0
2005,6,8,1,9,173,0,9,0,2,1,0,0
2005,6,8,2,9,173,0,8.6,0,2,1,0,0
2005,6,8,3,9,173,0,8.6,0,2,1,0,0
2005,6,8,4,9,173,0,9.2,0,2,1,0,0
2005,6,8,5,9,173,0,8.8,0,2,1,0,0
2005,6,8,6,9,173,0,9,0,2,1,0,0
2005,6,8,7,9,173,0,8.7,0,2,1,0,0
2005,6,8,8,9,173,0,8.8,0,2,1,0,0
2005,6,8,9,9,173,0,8.8,0,2,1,0,0
2005,6,8,10,9,173,0,8.9,0,2,1,0,0
2005,6,8,11,9,173,0,8.9,0,2,1,0,0
2005,6,8,12,9,173,0,9,0,2,1,0,0
2005,6,8,13,9,173,0,9,0,2,1,0,0
2005,6,8,14,9,173,0,9,0,2,1,0,0
2005,6,8,15,9,173,0,9.1,0,2,1,0,0
2005,6,8,16,9,173,0,9.1,0,2,1,0,0
2005,6,8,17,9,173,0,8.8,0,2,1,0,0
2005,6,8,18,9,173,0,9.1,0,2,1,0,0
2005,6,8,19,9,173,0,8.9,0,2,1,0,0
2005,6,8,20,9,173,0,8.8,0,2,1,0,0
2005,6,8,21,9,173,0,8.9,0,2,1,0,0
2005,6,8,22,9,173,0,9,0,2,1,0,0
2005,6,8,23,9,173,0,8.8,0,2,1,0,0
2005,6,8,24,9,173,0,9,0,2,1,0,0
2005,6,8,1,9,174,0,110.9,0,2,1,0,0
2005,6,8,1,9,174,40.77,.8,0,2,1,0,40.77
2005,6,8,2,9,174,0,96.7,0,2,1,0,0
2005,6,8,2,9,174,40.77,.8,0,2,0,0,40.77
2005,6,8,3,9,174,0,82.5,0,2,1,0,0
2005,6,8,3,9,174,40.77,.8,0,2,0,0,40.77
2005,6,8,4,9,174,0,68.6,0,2,1,0,0
2005,6,8,4,9,174,40.77,.8,0,2,0,0,40.77
2005,6,8,5,9,174,0,54.9,0,2,1,0,0
2005,6,8,5,9,174,40.77,.8,0,2,0,0,40.77
2005,6,8,6,9,174,0,41.7,0,2,1,0,0
2005,6,8,6,9,174,40.77,.8,0,2,0,0,40.77
2005,6,8,7,9,174,0,30.3,0,2,1,0,0
2005,6,8,7,9,174,40.77,.8,0,2,0,0,40.77
2005,6,8,8,9,174,0,20.6,0,2,1,0,0
2005,6,8,8,9,174,40.77,.8,0,2,1,0,40.77
2005,6,8,9,9,174,0,12.5,0,2,1,0,0
2005,6,8,9,9,174,28.56,.8,0,2,1,0,28.56
2005,6,8,10,9,174,0,6.1,0,2,1,0,0
2005,6,8,10,9,174,8.69,.8,0,2,1,0,8.69
2005,6,8,11,9,174,0,2.9,0,2,1,0,0
2005,6,8,11,9,174,8.69,.8,0,2,1,0,8.69
2005,6,8,12,9,174,0,2.3,0,2,1,0,0
2005,6,8,12,9,174,8.69,.8,0,2,1,0,8.69
2005,6,8,13,9,174,0,2.4,0,2,1,0,0
2005,6,8,13,9,174,8.69,.8,0,2,1,0,8.69
2005,6,8,14,9,174,0,6.2,0,2,1,0,0
2005,6,8,14,9,174,28.56,.8,0,2,1,0,28.56
2005,6,8,15,9,174,0,18.7,0,2,1,0,0
2005,6,8,15,9,174,28.56,.8,0,2,1,0,28.56
2005,6,8,16,9,174,0,37.4,0,2,1,0,0
2005,6,8,16,9,174,28.56,.8,0,2,1,0,28.56
2005,6,8,17,9,174,0,63,0,2,1,0,0
2005,6,8,17,9,174,28.56,.8,0,2,1,0,28.56
2005,6,8,18,9,174,0,95.2,0,2,1,0,0
2005,6,8,18,9,174,28.56,.8,0,2,1,0,28.56
2005,6,8,19,9,174,0,117,0,2,1,0,0
2005,6,8,19,9,174,28.56,.8,0,2,1,0,28.56
2005,6,8,20,9,174,0,127.4,0,2,1,0,0
2005,6,8,20,9,174,28.56,.8,0,2,1,0,28.56
2005,6,8,21,9,174,0,128.2,0,2,1,0,0
2005,6,8,21,9,174,28.56,.8,0,2,1,0,28.56
2005,6,8,22,9,174,0,121.5,0,2,1,0,0
2005,6,8,22,9,174,28.56,.8,0,2,1,0,28.56
2005,6,8,23,9,174,0,103.1,0,2,1,0,0
2005,6,8,23,9,174,28.56,.8,0,2,1,0,28.56
2005,6,8,24,9,174,0,74.2,0,2,1,0,0
2005,6,8,24,9,174,28.56,.8,0,2,1,0,28.56
2005,6,8,1,4,1072,0,400,1.1042,2,1,0,0
2005,6,8,1,4,1072,37.27,20,1.1042,2,1,0,43.885204
2005,6,8,1,4,1072,37.58,20,1.1042,2,1,0,43.885204
2005,6,8,1,4,1072,37.96,20,1.1042,2,1,0,43.885204
2005,6,8,1,4,1072,38.4,20,1.1042,2,1,0,43.885204
2005,6,8,1,4,1072,38.9,20,1.1042,2,1,0,43.885204
2005,6,8,1,4,1072,70,35,1.1042,2,0,0,43.885204
2005,6,8,1,4,1072,150,7.4,1.1042,2,0,0,150
2005,6,8,2,4,1072,0,310,1.1042,2,1,0,0
2005,6,8,2,4,1072,36.6,10,1.1042,2,1,0,43.885204
2005,6,8,2,4,1072,36.62,20,1.1042,2,1,0,43.885204
2005,6,8,2,4,1072,36.69,20,1.1042,2,1,0,43.885204
2005,6,8,2,4,1072,36.82,20,1.1042,2,1,0,43.885204
2005,6,8,2,4,1072,37.01,20,1.1042,2,1,0,43.885204
2005,6,8,2,4,1072,37.27,20,1.1042,2,1,0,43.885204
2005,6,8,2,4,1072,37.58,20,1.1042,2,1,0,43.885204
2005,6,8,2,4,1072,37.96,20,1.1042,2,1,0,43.885204
2005,6,8,2,4,1072,38.4,20,1.1042,2,1,0,43.885204
2005,6,8,2,4,1072,38.9,20,1.1042,2,1,0,43.885204
2005,6,8,2,4,1072,70,35,1.1042,2,0,0,43.885204
2005,6,8,2,4,1072,150,7.4,1.1042,2,0,0,150
2005,6,8,3,4,1072,0,310,1.1042,2,1,0,0
2005,6,8,3,4,1072,36.6,10,1.1042,2,1,0,43.885204
2005,6,8,3,4,1072,36.62,20,1.1042,2,1,0,43.885204
2005,6,8,3,4,1072,36.69,20,1.1042,2,1,0,43.885204
2005,6,8,3,4,1072,36.82,20,1.1042,2,1,0,43.885204
2005,6,8,3,4,1072,37.01,20,1.1042,2,1,0,43.885204
2005,6,8,3,4,1072,37.27,20,1.1042,2,1,0,43.885204
2005,6,8,3,4,1072,37.58,20,1.1042,2,1,0,43.885204
2005,6,8,3,4,1072,37.96,20,1.1042,2,0,0,43.885204
2005,6,8,3,4,1072,38.4,20,1.1042,2,0,0,43.885204
2005,6,8,3,4,1072,38.9,20,1.1042,2,0,0,43.885204
2005,6,8,3,4,1072,70,35,1.1042,2,0,0,43.885204
2005,6,8,3,4,1072,150,7.4,1.1042,2,0,0,150
2005,6,8,4,4,1072,0,310,1.1042,2,1,0,0
2005,6,8,4,4,1072,36.6,10,1.1042,2,1,0,43.885204
2005,6,8,4,4,1072,36.62,20,1.1042,2,1,0,43.885204
2005,6,8,4,4,1072,36.69,20,1.1042,2,1,0,43.885204
2005,6,8,4,4,1072,36.82,20,1.1042,2,1,0,43.885204
2005,6,8,4,4,1072,37.01,20,1.1042,2,1,0,43.885204
2005,6,8,4,4,1072,37.27,20,1.1042,2,1,0,43.885204
2005,6,8,4,4,1072,37.58,20,1.1042,2,1,0,43.885204
2005,6,8,4,4,1072,37.96,20,1.1042,2,0,0,43.885204
2005,6,8,4,4,1072,38.4,20,1.1042,2,0,0,43.885204
2005,6,8,4,4,1072,38.9,20,1.1042,2,0,0,43.885204
2005,6,8,4,4,1072,70,35,1.1042,2,0,0,43.885204
2005,6,8,4,4,1072,150,7.4,1.1042,2,0,0,150
2005,6,8,5,4,1072,0,310,1.1042,2,1,0,0
2005,6,8,5,4,1072,36.6,10,1.1042,2,1,0,43.885204
2005,6,8,5,4,1072,36.62,20,1.1042,2,1,0,43.885204
2005,6,8,5,4,1072,36.69,20,1.1042,2,1,0,43.885204
2005,6,8,5,4,1072,36.82,20,1.1042,2,1,0,43.885204
2005,6,8,5,4,1072,37.01,20,1.1042,2,1,0,43.885204
2005,6,8,5,4,1072,37.27,20,1.1042,2,1,0,43.885204
2005,6,8,5,4,1072,37.58,20,1.1042,2,1,0,43.885204
2005,6,8,5,4,1072,37.96,20,1.1042,2,0,0,43.885204
2005,6,8,5,4,1072,38.4,20,1.1042,2,0,0,43.885204
2005,6,8,5,4,1072,38.9,20,1.1042,2,0,0,43.885204
2005,6,8,5,4,1072,70,35,1.1042,2,0,0,43.885204
2005,6,8,5,4,1072,150,7.4,1.1042,2,0,0,150
2005,6,8,6,4,1072,0,310,1.1042,2,1,0,0
2005,6,8,6,4,1072,36.6,10,1.1042,2,1,0,43.885204
2005,6,8,6,4,1072,36.62,20,1.1042,2,1,0,43.885204
2005,6,8,6,4,1072,36.69,20,1.1042,2,1,0,43.885204
2005,6,8,6,4,1072,36.82,20,1.1042,2,1,0,43.885204
2005,6,8,6,4,1072,37.01,20,1.1042,2,1,0,43.885204
2005,6,8,6,4,1072,37.27,20,1.1042,2,1,0,43.885204
2005,6,8,6,4,1072,37.58,20,1.1042,2,1,0,43.885204
2005,6,8,6,4,1072,37.96,20,1.1042,2,0,0,43.885204
2005,6,8,6,4,1072,38.4,20,1.1042,2,0,0,43.885204
2005,6,8,6,4,1072,38.9,20,1.1042,2,0,0,43.885204
2005,6,8,6,4,1072,70,35,1.1042,2,0,0,43.885204
2005,6,8,6,4,1072,150,7.4,1.1042,2,0,0,150
2005,6,8,7,4,1072,0,310,1.1042,2,1,0,0
2005,6,8,7,4,1072,36.6,10,1.1042,2,1,0,43.885204
2005,6,8,7,4,1072,36.62,20,1.1042,2,1,0,43.885204
2005,6,8,7,4,1072,36.69,20,1.1042,2,1,0,43.885204
2005,6,8,7,4,1072,36.82,20,1.1042,2,1,0,43.885204
2005,6,8,7,4,1072,37.01,20,1.1042,2,1,0,43.885204
2005,6,8,7,4,1072,37.27,20,1.1042,2,1,0,43.885204
2005,6,8,7,4,1072,37.58,20,1.1042,2,1,0,43.885204
2005,6,8,7,4,1072,37.96,20,1.1042,2,1,0,43.885204
2005,6,8,7,4,1072,38.4,20,1.1042,2,1,0,43.885204
2005,6,8,7,4,1072,38.9,20,1.1042,2,1,0,43.885204
2005,6,8,7,4,1072,70,35,1.1042,2,0,0,43.885204
2005,6,8,7,4,1072,150,7.4,1.1042,2,0,0,150
2005,6,8,8,4,1072,0,400,1.1042,2,1,0,0
2005,6,8,8,4,1072,37.27,20,1.1042,2,1,0,43.885204
2005,6,8,8,4,1072,37.58,20,1.1042,2,1,0,43.885204
2005,6,8,8,4,1072,37.96,20,1.1042,2,1,0,43.885204
2005,6,8,8,4,1072,38.4,20,1.1042,2,1,0,43.885204
2005,6,8,8,4,1072,38.9,20,1.1042,2,1,0,43.885204
2005,6,8,8,4,1072,70,35,1.1042,2,0,0,43.885204
2005,6,8,8,4,1072,150,7.4,1.1042,2,0,0,150
2005,6,8,9,4,1072,0,500,1.1042,2,1,0,0
2005,6,8,9,4,1072,70,.6,1.1042,2,1,0,43.885204
2005,6,8,9,4,1072,150,7.4,1.1042,2,0,0,150
2005,6,8,10,4,1072,0,500,1.1042,2,1,0,0
2005,6,8,10,4,1072,70,32.2,1.1042,2,1,0,43.885204
2005,6,8,10,4,1072,150,7.4,1.1042,2,0,0,150
2005,6,8,11,4,1072,0,500,1.1042,2,1,0,0
2005,6,8,11,4,1072,70,35,1.1042,2,1,0,43.885204
2005,6,8,11,4,1072,150,7.4,1.1042,2,0,0,150
2005,6,8,12,4,1072,0,500,1.1042,2,1,0,0
2005,6,8,12,4,1072,70,35,1.1042,2,1,0,43.885204
2005,6,8,12,4,1072,150,7.4,1.1042,2,0,0,150
2005,6,8,13,4,1072,0,500,1.1042,2,1,0,0
2005,6,8,13,4,1072,70,35,1.1042,2,1,0,43.885204
2005,6,8,13,4,1072,150,7.4,1.1042,2,0,0,150
2005,6,8,14,4,1072,0,500,1.1042,2,1,0,0
2005,6,8,14,4,1072,70,35,1.1042,2,1,0,43.885204
2005,6,8,14,4,1072,150,7.4,1.1042,2,0,0,150
2005,6,8,15,4,1072,0,500,1.1042,2,1,0,0
2005,6,8,15,4,1072,70,35,1.1042,2,1,0,43.885204
2005,6,8,15,4,1072,150,7.4,1.1042,2,0,0,150
2005,6,8,16,4,1072,0,500,1.1042,2,1,0,0
2005,6,8,16,4,1072,70,35,1.1042,2,1,0,43.885204
2005,6,8,16,4,1072,150,7.4,1.1042,2,0,0,150
2005,6,8,17,4,1072,0,500,1.1042,2,1,0,0
2005,6,8,17,4,1072,70,35,1.1042,2,1,0,43.885204
2005,6,8,17,4,1072,150,7.4,1.1042,2,0,0,150
2005,6,8,18,4,1072,0,500,1.1042,2,1,0,0
2005,6,8,18,4,1072,70,35,1.1042,2,1,0,43.885204
2005,6,8,18,4,1072,150,7.4,1.1042,2,0,0,150
2005,6,8,19,4,1072,0,500,1.1042,2,1,0,0
2005,6,8,19,4,1072,70,35,1.1042,2,1,0,43.885204
2005,6,8,19,4,1072,150,7.4,1.1042,2,0,0,150
2005,6,8,20,4,1072,0,500,1.1042,2,1,0,0
2005,6,8,20,4,1072,70,31.6,1.1042,2,1,0,43.885204
2005,6,8,20,4,1072,150,7.4,1.1042,2,0,0,150
2005,6,8,21,4,1072,0,500,1.1042,2,1,0,0
2005,6,8,21,4,1072,70,35,1.1042,2,0,0,43.885204
2005,6,8,21,4,1072,150,7.4,1.1042,2,0,0,150
2005,6,8,22,4,1072,0,500,1.1042,2,1,0,0
2005,6,8,22,4,1072,70,35,1.1042,2,0,0,43.885204
2005,6,8,22,4,1072,150,7.4,1.1042,2,0,0,150
2005,6,8,23,4,1072,0,500,1.1042,2,1,0,0
2005,6,8,23,4,1072,70,35,1.1042,2,0,0,43.885204
2005,6,8,23,4,1072,150,7.4,1.1042,2,0,0,150
2005,6,8,24,4,1072,0,500,1.1042,2,1,0,0
2005,6,8,24,4,1072,70,35,1.1042,2,0,0,43.885204
2005,6,8,24,4,1072,150,7.4,1.1042,2,0,0,150
2005,6,8,1,9,176,0,6,0,2,1,0,0
2005,6,8,2,9,176,0,6,0,2,1,0,0
2005,6,8,3,9,176,0,6,0,2,1,0,0
2005,6,8,4,9,176,0,6,0,2,1,0,0
2005,6,8,5,9,176,0,6,0,2,1,0,0
2005,6,8,6,9,176,0,6,0,2,1,0,0
2005,6,8,7,9,176,0,6,0,2,1,0,0
2005,6,8,8,9,176,0,6,0,2,1,0,0
2005,6,8,9,9,176,0,6,0,2,1,0,0
2005,6,8,10,9,176,0,6,0,2,1,0,0
2005,6,8,11,9,176,0,6,0,2,1,0,0
2005,6,8,12,9,176,0,6,0,2,1,0,0
2005,6,8,13,9,176,0,6,0,2,1,0,0
2005,6,8,14,9,176,0,6,0,2,1,0,0
2005,6,8,15,9,176,0,6,0,2,1,0,0
2005,6,8,16,9,176,0,6,0,2,1,0,0
2005,6,8,17,9,176,0,6,0,2,1,0,0
2005,6,8,18,9,176,0,6,0,2,1,0,0
2005,6,8,19,9,176,0,6,0,2,1,0,0
2005,6,8,20,9,176,0,6,0,2,1,0,0
2005,6,8,21,9,176,0,6,0,2,1,0,0
2005,6,8,22,9,176,0,6,0,2,1,0,0
2005,6,8,23,9,176,0,6,0,2,1,0,0
2005,6,8,24,9,176,0,6,0,2,1,0,0
2005,6,8,1,2,177,39.98,73,0,1,0,0,39.98
2005,6,8,1,2,177,39.99,73,0,1,0,0,39.99
2005,6,8,1,2,177,40,73,0,1,0,0,40
2005,6,8,2,2,177,39.98,73,0,1,0,0,39.98
2005,6,8,2,2,177,39.99,73,0,1,0,0,39.99
2005,6,8,2,2,177,40,73,0,1,0,0,40
2005,6,8,3,2,177,39.98,73,0,1,1,0,39.98
2005,6,8,3,2,177,39.99,73,0,1,1,0,39.99
2005,6,8,3,2,177,40,73,0,1,1,0,40
2005,6,8,4,2,177,39.98,73,0,1,1,0,39.98
2005,6,8,4,2,177,39.99,73,0,1,1,0,39.99
2005,6,8,4,2,177,40,73,0,1,1,0,40
2005,6,8,5,2,177,39.98,73,0,1,1,0,39.98
2005,6,8,5,2,177,39.99,73,0,1,1,0,39.99
2005,6,8,5,2,177,40,73,0,1,1,0,40
2005,6,8,6,2,177,39.98,73,0,1,1,0,39.98
2005,6,8,6,2,177,39.99,73,0,1,1,0,39.99
2005,6,8,6,2,177,40,73,0,1,1,0,40
2005,6,8,7,2,177,39.98,73,0,1,0,0,39.98
2005,6,8,7,2,177,39.99,73,0,1,0,0,39.99
2005,6,8,7,2,177,40,73,0,1,0,0,40
2005,6,8,8,2,177,37.48,73,0,1,0,0,37.48
2005,6,8,8,2,177,37.49,73,0,1,0,0,37.49
2005,6,8,8,2,177,37.5,73,0,1,0,0,37.5
2005,6,8,9,2,177,37.48,73,0,1,0,0,37.48
2005,6,8,9,2,177,37.49,73,0,1,0,0,37.49
2005,6,8,9,2,177,37.5,73,0,1,0,0,37.5
2005,6,8,10,2,177,37.48,73,0,1,0,0,37.48
2005,6,8,10,2,177,37.49,73,0,1,0,0,37.49
2005,6,8,10,2,177,37.5,73,0,1,0,0,37.5
2005,6,8,11,2,177,37.48,73,0,1,0,0,37.48
2005,6,8,11,2,177,37.49,73,0,1,0,0,37.49
2005,6,8,11,2,177,37.5,73,0,1,0,0,37.5
2005,6,8,12,2,177,37.48,73,0,1,0,0,37.48
2005,6,8,12,2,177,37.49,73,0,1,0,0,37.49
2005,6,8,12,2,177,37.5,73,0,1,0,0,37.5
2005,6,8,13,2,177,37.48,73,0,1,0,0,37.48
2005,6,8,13,2,177,37.49,73,0,1,0,0,37.49
2005,6,8,13,2,177,37.5,73,0,1,0,0,37.5
2005,6,8,14,2,177,37.48,73,0,1,0,0,37.48
2005,6,8,14,2,177,37.49,73,0,1,0,0,37.49
2005,6,8,14,2,177,37.5,73,0,1,0,0,37.5
2005,6,8,15,2,177,37.48,73,0,1,0,0,37.48
2005,6,8,15,2,177,37.49,73,0,1,0,0,37.49
2005,6,8,15,2,177,37.5,73,0,1,0,0,37.5
2005,6,8,16,2,177,37.48,73,0,1,0,0,37.48
2005,6,8,16,2,177,37.49,73,0,1,0,0,37.49
2005,6,8,16,2,177,37.5,73,0,1,0,0,37.5
2005,6,8,17,2,177,37.48,73,0,1,0,0,37.48
2005,6,8,17,2,177,37.49,73,0,1,0,0,37.49
2005,6,8,17,2,177,37.5,73,0,1,0,0,37.5
2005,6,8,18,2,177,37.48,73,0,1,0,0,37.48
2005,6,8,18,2,177,37.49,73,0,1,0,0,37.49
2005,6,8,18,2,177,37.5,73,0,1,0,0,37.5
2005,6,8,19,2,177,37.48,73,0,1,0,0,37.48
2005,6,8,19,2,177,37.49,73,0,1,0,0,37.49
2005,6,8,19,2,177,37.5,73,0,1,0,0,37.5
2005,6,8,20,2,177,37.48,73,0,1,0,0,37.48
2005,6,8,20,2,177,37.49,73,0,1,0,0,37.49
2005,6,8,20,2,177,37.5,73,0,1,0,0,37.5
2005,6,8,21,2,177,37.48,73,0,1,0,0,37.48
2005,6,8,21,2,177,37.49,73,0,1,0,0,37.49
2005,6,8,21,2,177,37.5,73,0,1,0,0,37.5
2005,6,8,22,2,177,37.48,73,0,1,0,0,37.48
2005,6,8,22,2,177,37.49,73,0,1,0,0,37.49
2005,6,8,22,2,177,37.5,73,0,1,0,0,37.5
2005,6,8,23,2,177,37.48,73,0,1,0,0,37.48
2005,6,8,23,2,177,37.49,73,0,1,0,0,37.49
2005,6,8,23,2,177,37.5,73,0,1,0,0,37.5
2005,6,8,24,2,177,37.48,73,0,1,0,0,37.48
2005,6,8,24,2,177,37.49,73,0,1,0,0,37.49
2005,6,8,24,2,177,37.5,73,0,1,0,0,37.5
2005,6,8,1,9,178,0,19.1,0,2,1,0,0
2005,6,8,2,9,178,0,14.4,0,2,1,0,0
2005,6,8,3,9,178,0,10.7,0,2,1,0,0
2005,6,8,4,9,178,0,7.9,0,2,1,0,0
2005,6,8,5,9,178,0,6.1,0,2,1,0,0
2005,6,8,6,9,178,0,5.3,0,2,1,0,0
2005,6,8,7,9,178,0,3.5,0,2,1,0,0
2005,6,8,8,9,178,0,3.2,0,2,1,0,0
2005,6,8,9,9,178,0,3.1,0,2,1,0,0
2005,6,8,10,9,178,0,3.1,0,2,1,0,0
2005,6,8,11,9,178,0,3.2,0,2,1,0,0
2005,6,8,12,9,178,0,3.5,0,2,1,0,0
2005,6,8,13,9,178,0,6.3,0,2,1,0,0
2005,6,8,14,9,178,0,9.2,0,2,1,0,0
2005,6,8,15,9,178,0,13.4,0,2,1,0,0
2005,6,8,16,9,178,0,18.8,0,2,1,0,0
2005,6,8,17,9,178,0,25.4,0,2,1,0,0
2005,6,8,18,9,178,0,35,0,2,1,0,0
2005,6,8,19,9,178,0,40.4,0,2,1,0,0
2005,6,8,20,9,178,0,42.9,0,2,1,0,0
2005,6,8,21,9,178,0,42.5,0,2,1,0,0
2005,6,8,22,9,178,0,39.3,0,2,1,0,0
2005,6,8,23,9,178,0,33.1,0,2,1,0,0
2005,6,8,24,9,178,0,22.9,0,2,1,0,0
2005,6,8,1,9,179,0,17.8,0,2,1,0,0
2005,6,8,2,9,179,0,17.9,0,2,1,0,0
2005,6,8,3,9,179,0,17.9,0,2,1,0,0
2005,6,8,4,9,179,0,17.9,0,2,1,0,0
2005,6,8,5,9,179,0,18,0,2,1,0,0
2005,6,8,6,9,179,0,18,0,2,1,0,0
2005,6,8,7,9,179,0,18,0,2,1,0,0
2005,6,8,8,9,179,0,18,0,2,1,0,0
2005,6,8,9,9,179,0,17.9,0,2,1,0,0
2005,6,8,10,9,179,0,19,0,2,1,0,0
2005,6,8,11,9,179,0,18.9,0,2,1,0,0
2005,6,8,12,9,179,0,19.9,0,2,1,0,0
2005,6,8,13,9,179,0,19.8,0,2,1,0,0
2005,6,8,14,9,179,0,19.8,0,2,1,0,0
2005,6,8,15,9,179,0,17.5,0,2,1,0,0
2005,6,8,16,9,179,0,17.4,0,2,1,0,0
2005,6,8,17,9,179,0,17.4,0,2,1,0,0
2005,6,8,18,9,179,0,17.5,0,2,1,0,0
2005,6,8,19,9,179,0,17.6,0,2,1,0,0
2005,6,8,20,9,179,0,17.6,0,2,1,0,0
2005,6,8,21,9,179,0,17.6,0,2,1,0,0
2005,6,8,22,9,179,0,17.7,0,2,1,0,0
2005,6,8,23,9,179,0,17.7,0,2,1,0,0
2005,6,8,24,9,179,0,17.8,0,2,1,0,0
2005,6,8,1,1,180,38.06,190,0,1,0,0,38.06
2005,6,8,2,1,180,39.06,190,0,1,0,0,39.06
2005,6,8,3,1,180,39.06,190,0,1,1,0,39.06
2005,6,8,4,1,180,39.06,190,0,1,1,0,39.06
2005,6,8,5,1,180,39.06,190,0,1,1,0,39.06
2005,6,8,6,1,180,39.06,190,0,1,1,0,39.06
2005,6,8,7,1,180,39.06,190,0,1,0,0,39.06
2005,6,8,8,1,180,38.06,190,0,1,0,0,38.06
2005,6,8,9,1,180,36.85,190,0,1,0,0,36.85
2005,6,8,10,1,180,36.85,190,0,1,0,0,36.85
2005,6,8,11,1,180,36.85,190,0,1,0,0,36.85
2005,6,8,12,1,180,36.85,190,0,1,0,0,36.85
2005,6,8,13,1,180,36.85,190,0,1,0,0,36.85
2005,6,8,14,1,180,36.85,190,0,1,0,0,36.85
2005,6,8,15,1,180,36.85,190,0,1,0,0,36.85
2005,6,8,16,1,180,36.85,190,0,1,0,0,36.85
2005,6,8,17,1,180,36.85,190,0,1,0,0,36.85
2005,6,8,18,1,180,36.85,190,0,1,0,0,36.85
2005,6,8,19,1,180,36.85,190,0,1,0,0,36.85
2005,6,8,20,1,180,36.85,190,0,1,0,0,36.85
2005,6,8,21,1,180,36.85,190,0,1,0,0,36.85
2005,6,8,22,1,180,36.85,190,0,1,0,0,36.85
2005,6,8,23,1,180,36.85,190,0,1,0,0,36.85
2005,6,8,24,1,180,36.85,190,0,1,0,0,36.85
2005,6,8,1,1,181,63.05,50,0,2,0,0,63.05
2005,6,8,1,1,181,63.35,12.5,0,2,0,0,63.35
2005,6,8,1,1,181,63.57,12.5,0,2,0,0,63.57
2005,6,8,1,1,181,64.62,12.5,0,2,0,0,64.62
2005,6,8,1,1,181,65.66,12.5,0,2,0,0,65.66
2005,6,8,1,1,181,66.71,12.5,0,2,0,0,66.71
2005,6,8,1,1,181,67.76,12.5,0,2,0,0,67.76
2005,6,8,1,1,181,68.8,12.5,0,2,0,0,68.8
2005,6,8,1,1,181,69.85,12.5,0,2,0,0,69.85
2005,6,8,1,1,181,70.89,12.5,0,2,0,0,70.89
2005,6,8,1,1,181,71.44,12.5,0,2,0,0,71.44
2005,6,8,1,1,181,73.05,12.5,0,2,0,0,73.05
2005,6,8,1,1,181,74.09,12.5,0,2,0,0,74.09
2005,6,8,2,1,181,63.05,50,0,2,0,0,63.05
2005,6,8,2,1,181,63.35,12.5,0,2,0,0,63.35
2005,6,8,2,1,181,63.57,12.5,0,2,0,0,63.57
2005,6,8,2,1,181,64.62,12.5,0,2,0,0,64.62
2005,6,8,2,1,181,65.66,12.5,0,2,0,0,65.66
2005,6,8,2,1,181,66.71,12.5,0,2,0,0,66.71
2005,6,8,2,1,181,67.76,12.5,0,2,0,0,67.76
2005,6,8,2,1,181,68.8,12.5,0,2,0,0,68.8
2005,6,8,2,1,181,69.85,12.5,0,2,0,0,69.85
2005,6,8,2,1,181,70.89,12.5,0,2,0,0,70.89
2005,6,8,2,1,181,71.44,12.5,0,2,0,0,71.44
2005,6,8,2,1,181,73.05,12.5,0,2,0,0,73.05
2005,6,8,2,1,181,74.09,12.5,0,2,0,0,74.09
2005,6,8,3,1,181,63.05,50,0,2,0,0,63.05
2005,6,8,3,1,181,63.35,12.5,0,2,0,0,63.35
2005,6,8,3,1,181,63.57,12.5,0,2,0,0,63.57
2005,6,8,3,1,181,64.62,12.5,0,2,0,0,64.62
2005,6,8,3,1,181,65.66,12.5,0,2,0,0,65.66
2005,6,8,3,1,181,66.71,12.5,0,2,0,0,66.71
2005,6,8,3,1,181,67.76,12.5,0,2,0,0,67.76
2005,6,8,3,1,181,68.8,12.5,0,2,0,0,68.8
2005,6,8,3,1,181,69.85,12.5,0,2,0,0,69.85
2005,6,8,3,1,181,70.89,12.5,0,2,0,0,70.89
2005,6,8,3,1,181,71.44,12.5,0,2,0,0,71.44
2005,6,8,3,1,181,73.05,12.5,0,2,0,0,73.05
2005,6,8,3,1,181,74.09,12.5,0,2,0,0,74.09
2005,6,8,4,1,181,63.05,50,0,2,0,0,63.05
2005,6,8,4,1,181,63.35,12.5,0,2,0,0,63.35
2005,6,8,4,1,181,63.57,12.5,0,2,0,0,63.57
2005,6,8,4,1,181,64.62,12.5,0,2,0,0,64.62
2005,6,8,4,1,181,65.66,12.5,0,2,0,0,65.66
2005,6,8,4,1,181,66.71,12.5,0,2,0,0,66.71
2005,6,8,4,1,181,67.76,12.5,0,2,0,0,67.76
2005,6,8,4,1,181,68.8,12.5,0,2,0,0,68.8
2005,6,8,4,1,181,69.85,12.5,0,2,0,0,69.85
2005,6,8,4,1,181,70.89,12.5,0,2,0,0,70.89
2005,6,8,4,1,181,71.44,12.5,0,2,0,0,71.44
2005,6,8,4,1,181,73.05,12.5,0,2,0,0,73.05
2005,6,8,4,1,181,74.09,12.5,0,2,0,0,74.09
2005,6,8,5,1,181,63.05,50,0,2,0,0,63.05
2005,6,8,5,1,181,63.35,12.5,0,2,0,0,63.35
2005,6,8,5,1,181,63.57,12.5,0,2,0,0,63.57
2005,6,8,5,1,181,64.62,12.5,0,2,0,0,64.62
2005,6,8,5,1,181,65.66,12.5,0,2,0,0,65.66
2005,6,8,5,1,181,66.71,12.5,0,2,0,0,66.71
2005,6,8,5,1,181,67.76,12.5,0,2,0,0,67.76
2005,6,8,5,1,181,68.8,12.5,0,2,0,0,68.8
2005,6,8,5,1,181,69.85,12.5,0,2,0,0,69.85
2005,6,8,5,1,181,70.89,12.5,0,2,0,0,70.89
2005,6,8,5,1,181,71.44,12.5,0,2,0,0,71.44
2005,6,8,5,1,181,73.05,12.5,0,2,0,0,73.05
2005,6,8,5,1,181,74.09,12.5,0,2,0,0,74.09
2005,6,8,6,1,181,63.05,50,0,2,0,0,63.05
2005,6,8,6,1,181,63.35,12.5,0,2,0,0,63.35
2005,6,8,6,1,181,63.57,12.5,0,2,0,0,63.57
2005,6,8,6,1,181,64.62,12.5,0,2,0,0,64.62
2005,6,8,6,1,181,65.66,12.5,0,2,0,0,65.66
2005,6,8,6,1,181,66.71,12.5,0,2,0,0,66.71
2005,6,8,6,1,181,67.76,12.5,0,2,0,0,67.76
2005,6,8,6,1,181,68.8,12.5,0,2,0,0,68.8
2005,6,8,6,1,181,69.85,12.5,0,2,0,0,69.85
2005,6,8,6,1,181,70.89,12.5,0,2,0,0,70.89
2005,6,8,6,1,181,71.44,12.5,0,2,0,0,71.44
2005,6,8,6,1,181,73.05,12.5,0,2,0,0,73.05
2005,6,8,6,1,181,74.09,12.5,0,2,0,0,74.09
2005,6,8,7,1,181,63.05,50,0,2,0,0,63.05
2005,6,8,7,1,181,63.35,12.5,0,2,0,0,63.35
2005,6,8,7,1,181,63.57,12.5,0,2,0,0,63.57
2005,6,8,7,1,181,64.62,12.5,0,2,0,0,64.62
2005,6,8,7,1,181,65.66,12.5,0,2,0,0,65.66
2005,6,8,7,1,181,66.71,12.5,0,2,0,0,66.71
2005,6,8,7,1,181,67.76,12.5,0,2,0,0,67.76
2005,6,8,7,1,181,68.8,12.5,0,2,0,0,68.8
2005,6,8,7,1,181,69.85,12.5,0,2,0,0,69.85
2005,6,8,7,1,181,70.89,12.5,0,2,0,0,70.89
2005,6,8,7,1,181,71.44,12.5,0,2,0,0,71.44
2005,6,8,7,1,181,73.05,12.5,0,2,0,0,73.05
2005,6,8,7,1,181,74.09,12.5,0,2,0,0,74.09
2005,6,8,8,1,181,63.05,50,0,2,0,0,63.05
2005,6,8,8,1,181,63.35,12.5,0,2,0,0,63.35
2005,6,8,8,1,181,63.57,12.5,0,2,0,0,63.57
2005,6,8,8,1,181,64.62,12.5,0,2,0,0,64.62
2005,6,8,8,1,181,65.66,12.5,0,2,0,0,65.66
2005,6,8,8,1,181,66.71,12.5,0,2,0,0,66.71
2005,6,8,8,1,181,67.76,12.5,0,2,0,0,67.76
2005,6,8,8,1,181,68.8,12.5,0,2,0,0,68.8
2005,6,8,8,1,181,69.85,12.5,0,2,0,0,69.85
2005,6,8,8,1,181,70.89,12.5,0,2,0,0,70.89
2005,6,8,8,1,181,71.44,12.5,0,2,0,0,71.44
2005,6,8,8,1,181,73.05,12.5,0,2,0,0,73.05
2005,6,8,8,1,181,74.09,12.5,0,2,0,0,74.09
2005,6,8,9,1,181,63.05,50,0,2,1,0,63.05
2005,6,8,9,1,181,63.35,12.5,0,2,1,0,63.35
2005,6,8,9,1,181,63.57,12.5,0,2,1,0,63.57
2005,6,8,9,1,181,64.62,12.5,0,2,1,0,64.62
2005,6,8,9,1,181,65.66,12.5,0,2,1,0,65.66
2005,6,8,9,1,181,66.71,12.5,0,2,1,0,66.71
2005,6,8,9,1,181,67.76,12.5,0,2,1,0,67.76
2005,6,8,9,1,181,68.8,12.5,0,2,1,0,68.8
2005,6,8,9,1,181,69.85,12.5,0,2,1,0,69.85
2005,6,8,9,1,181,70.89,12.5,0,2,0,0,70.89
2005,6,8,9,1,181,71.44,12.5,0,2,0,0,71.44
2005,6,8,9,1,181,73.05,12.5,0,2,0,0,73.05
2005,6,8,9,1,181,74.09,12.5,0,2,0,0,74.09
2005,6,8,10,1,181,63.05,50,0,2,1,0,63.05
2005,6,8,10,1,181,63.35,12.5,0,2,1,0,63.35
2005,6,8,10,1,181,63.57,12.5,0,2,1,0,63.57
2005,6,8,10,1,181,64.62,12.5,0,2,1,0,64.62
2005,6,8,10,1,181,65.66,12.5,0,2,1,0,65.66
2005,6,8,10,1,181,66.71,12.5,0,2,1,0,66.71
2005,6,8,10,1,181,67.76,12.5,0,2,1,0,67.76
2005,6,8,10,1,181,68.8,12.5,0,2,1,0,68.8
2005,6,8,10,1,181,69.85,12.5,0,2,1,0,69.85
2005,6,8,10,1,181,70.89,12.5,0,2,1,0,70.89
2005,6,8,10,1,181,71.44,12.5,0,2,1,0,71.44
2005,6,8,10,1,181,73.05,12.5,0,2,1,0,73.05
2005,6,8,10,1,181,74.09,12.5,0,2,1,0,74.09
2005,6,8,11,1,181,63.05,50,0,2,1,0,63.05
2005,6,8,11,1,181,63.35,12.5,0,2,1,0,63.35
2005,6,8,11,1,181,63.57,12.5,0,2,1,0,63.57
2005,6,8,11,1,181,64.62,12.5,0,2,1,0,64.62
2005,6,8,11,1,181,65.66,12.5,0,2,1,0,65.66
2005,6,8,11,1,181,66.71,12.5,0,2,1,0,66.71
2005,6,8,11,1,181,67.76,12.5,0,2,1,0,67.76
2005,6,8,11,1,181,68.8,12.5,0,2,1,0,68.8
2005,6,8,11,1,181,69.85,12.5,0,2,1,0,69.85
2005,6,8,11,1,181,70.89,12.5,0,2,1,0,70.89
2005,6,8,11,1,181,71.44,12.5,0,2,1,0,71.44
2005,6,8,11,1,181,73.05,12.5,0,2,1,0,73.05
2005,6,8,11,1,181,74.09,12.5,0,2,1,0,74.09
2005,6,8,12,1,181,63.05,50,0,2,1,0,63.05
2005,6,8,12,1,181,63.35,12.5,0,2,1,0,63.35
2005,6,8,12,1,181,63.57,12.5,0,2,1,0,63.57
2005,6,8,12,1,181,64.62,12.5,0,2,1,0,64.62
2005,6,8,12,1,181,65.66,12.5,0,2,1,0,65.66
2005,6,8,12,1,181,66.71,12.5,0,2,1,0,66.71
2005,6,8,12,1,181,67.76,12.5,0,2,1,0,67.76
2005,6,8,12,1,181,68.8,12.5,0,2,1,0,68.8
2005,6,8,12,1,181,69.85,12.5,0,2,1,0,69.85
2005,6,8,12,1,181,70.89,12.5,0,2,1,0,70.89
2005,6,8,12,1,181,71.44,12.5,0,2,1,0,71.44
2005,6,8,12,1,181,73.05,12.5,0,2,1,0,73.05
2005,6,8,12,1,181,74.09,12.5,0,2,1,0,74.09
2005,6,8,13,1,181,63.05,50,0,2,1,0,63.05
2005,6,8,13,1,181,63.35,12.5,0,2,1,0,63.35
2005,6,8,13,1,181,63.57,12.5,0,2,1,0,63.57
2005,6,8,13,1,181,64.62,12.5,0,2,1,0,64.62
2005,6,8,13,1,181,65.66,12.5,0,2,1,0,65.66
2005,6,8,13,1,181,66.71,12.5,0,2,1,0,66.71
2005,6,8,13,1,181,67.76,12.5,0,2,1,0,67.76
2005,6,8,13,1,181,68.8,12.5,0,2,1,0,68.8
2005,6,8,13,1,181,69.85,12.5,0,2,1,0,69.85
2005,6,8,13,1,181,70.89,12.5,0,2,1,0,70.89
2005,6,8,13,1,181,71.44,12.5,0,2,1,0,71.44
2005,6,8,13,1,181,73.05,12.5,0,2,1,0,73.05
2005,6,8,13,1,181,74.09,12.5,0,2,1,0,74.09
2005,6,8,14,1,181,63.05,50,0,2,1,0,63.05
2005,6,8,14,1,181,63.35,12.5,0,2,1,0,63.35
2005,6,8,14,1,181,63.57,12.5,0,2,1,0,63.57
2005,6,8,14,1,181,64.62,12.5,0,2,1,0,64.62
2005,6,8,14,1,181,65.66,12.5,0,2,1,0,65.66
2005,6,8,14,1,181,66.71,12.5,0,2,1,0,66.71
2005,6,8,14,1,181,67.76,12.5,0,2,1,0,67.76
2005,6,8,14,1,181,68.8,12.5,0,2,1,0,68.8
2005,6,8,14,1,181,69.85,12.5,0,2,1,0,69.85
2005,6,8,14,1,181,70.89,12.5,0,2,1,0,70.89
2005,6,8,14,1,181,71.44,12.5,0,2,1,0,71.44
2005,6,8,14,1,181,73.05,12.5,0,2,1,0,73.05
2005,6,8,14,1,181,74.09,12.5,0,2,1,0,74.09
2005,6,8,15,1,181,63.05,50,0,2,1,0,63.05
2005,6,8,15,1,181,63.35,12.5,0,2,1,0,63.35
2005,6,8,15,1,181,63.57,12.5,0,2,1,0,63.57
2005,6,8,15,1,181,64.62,12.5,0,2,1,0,64.62
2005,6,8,15,1,181,65.66,12.5,0,2,1,0,65.66
2005,6,8,15,1,181,66.71,12.5,0,2,1,0,66.71
2005,6,8,15,1,181,67.76,12.5,0,2,1,0,67.76
2005,6,8,15,1,181,68.8,12.5,0,2,1,0,68.8
2005,6,8,15,1,181,69.85,12.5,0,2,1,0,69.85
2005,6,8,15,1,181,70.89,12.5,0,2,1,0,70.89
2005,6,8,15,1,181,71.44,12.5,0,2,1,0,71.44
2005,6,8,15,1,181,73.05,12.5,0,2,1,0,73.05
2005,6,8,15,1,181,74.09,12.5,0,2,1,0,74.09
2005,6,8,16,1,181,63.05,50,0,2,1,0,63.05
2005,6,8,16,1,181,63.35,12.5,0,2,1,0,63.35
2005,6,8,16,1,181,63.57,12.5,0,2,1,0,63.57
2005,6,8,16,1,181,64.62,12.5,0,2,1,0,64.62
2005,6,8,16,1,181,65.66,12.5,0,2,1,0,65.66
2005,6,8,16,1,181,66.71,12.5,0,2,1,0,66.71
2005,6,8,16,1,181,67.76,12.5,0,2,1,0,67.76
2005,6,8,16,1,181,68.8,12.5,0,2,1,0,68.8
2005,6,8,16,1,181,69.85,12.5,0,2,1,0,69.85
2005,6,8,16,1,181,70.89,12.5,0,2,1,0,70.89
2005,6,8,16,1,181,71.44,12.5,0,2,1,0,71.44
2005,6,8,16,1,181,73.05,12.5,0,2,1,0,73.05
2005,6,8,16,1,181,74.09,12.5,0,2,1,0,74.09
2005,6,8,17,1,181,63.05,50,0,2,1,0,63.05
2005,6,8,17,1,181,63.35,12.5,0,2,1,0,63.35
2005,6,8,17,1,181,63.57,12.5,0,2,1,0,63.57
2005,6,8,17,1,181,64.62,12.5,0,2,1,0,64.62
2005,6,8,17,1,181,65.66,12.5,0,2,1,0,65.66
2005,6,8,17,1,181,66.71,12.5,0,2,1,0,66.71
2005,6,8,17,1,181,67.76,12.5,0,2,1,0,67.76
2005,6,8,17,1,181,68.8,12.5,0,2,1,0,68.8
2005,6,8,17,1,181,69.85,12.5,0,2,1,0,69.85
2005,6,8,17,1,181,70.89,12.5,0,2,1,0,70.89
2005,6,8,17,1,181,71.44,12.5,0,2,1,0,71.44
2005,6,8,17,1,181,73.05,12.5,0,2,1,0,73.05
2005,6,8,17,1,181,74.09,12.5,0,2,1,0,74.09
2005,6,8,18,1,181,63.05,50,0,2,1,0,63.05
2005,6,8,18,1,181,63.35,12.5,0,2,1,0,63.35
2005,6,8,18,1,181,63.57,12.5,0,2,1,0,63.57
2005,6,8,18,1,181,64.62,12.5,0,2,1,0,64.62
2005,6,8,18,1,181,65.66,12.5,0,2,1,0,65.66
2005,6,8,18,1,181,66.71,12.5,0,2,1,0,66.71
2005,6,8,18,1,181,67.76,12.5,0,2,1,0,67.76
2005,6,8,18,1,181,68.8,12.5,0,2,1,0,68.8
2005,6,8,18,1,181,69.85,12.5,0,2,1,0,69.85
2005,6,8,18,1,181,70.89,12.5,0,2,1,0,70.89
2005,6,8,18,1,181,71.44,12.5,0,2,1,0,71.44
2005,6,8,18,1,181,73.05,12.5,0,2,1,0,73.05
2005,6,8,18,1,181,74.09,12.5,0,2,1,0,74.09
2005,6,8,19,1,181,63.05,50,0,2,1,0,63.05
2005,6,8,19,1,181,63.35,12.5,0,2,1,0,63.35
2005,6,8,19,1,181,63.57,12.5,0,2,1,0,63.57
2005,6,8,19,1,181,64.62,12.5,0,2,1,0,64.62
2005,6,8,19,1,181,65.66,12.5,0,2,1,0,65.66
2005,6,8,19,1,181,66.71,12.5,0,2,1,0,66.71
2005,6,8,19,1,181,67.76,12.5,0,2,1,0,67.76
2005,6,8,19,1,181,68.8,12.5,0,2,1,0,68.8
2005,6,8,19,1,181,69.85,12.5,0,2,1,0,69.85
2005,6,8,19,1,181,70.89,12.5,0,2,1,0,70.89
2005,6,8,19,1,181,71.44,12.5,0,2,1,0,71.44
2005,6,8,19,1,181,73.05,12.5,0,2,1,0,73.05
2005,6,8,19,1,181,74.09,12.5,0,2,1,0,74.09
2005,6,8,20,1,181,63.05,50,0,2,1,0,63.05
2005,6,8,20,1,181,63.35,12.5,0,2,1,0,63.35
2005,6,8,20,1,181,63.57,12.5,0,2,1,0,63.57
2005,6,8,20,1,181,64.62,12.5,0,2,1,0,64.62
2005,6,8,20,1,181,65.66,12.5,0,2,1,0,65.66
2005,6,8,20,1,181,66.71,12.5,0,2,1,0,66.71
2005,6,8,20,1,181,67.76,12.5,0,2,1,0,67.76
2005,6,8,20,1,181,68.8,12.5,0,2,1,0,68.8
2005,6,8,20,1,181,69.85,12.5,0,2,1,0,69.85
2005,6,8,20,1,181,70.89,12.5,0,2,1,0,70.89
2005,6,8,20,1,181,71.44,12.5,0,2,1,0,71.44
2005,6,8,20,1,181,73.05,12.5,0,2,1,0,73.05
2005,6,8,20,1,181,74.09,12.5,0,2,1,0,74.09
2005,6,8,21,1,181,63.05,50,0,2,1,0,63.05
2005,6,8,21,1,181,63.35,12.5,0,2,1,0,63.35
2005,6,8,21,1,181,63.57,2.4,0,2,1,0,63.57
2005,6,8,21,1,181,64.62,12.5,0,2,0,0,64.62
2005,6,8,21,1,181,65.66,12.5,0,2,0,0,65.66
2005,6,8,21,1,181,66.71,12.5,0,2,0,0,66.71
2005,6,8,21,1,181,67.76,12.5,0,2,0,0,67.76
2005,6,8,21,1,181,68.8,12.5,0,2,0,0,68.8
2005,6,8,21,1,181,69.85,12.5,0,2,0,0,69.85
2005,6,8,21,1,181,70.89,12.5,0,2,0,0,70.89
2005,6,8,21,1,181,71.44,12.5,0,2,0,0,71.44
2005,6,8,21,1,181,73.05,12.5,0,2,0,0,73.05
2005,6,8,21,1,181,74.09,12.5,0,2,0,0,74.09
2005,6,8,22,1,181,63.05,50,0,2,1,0,63.05
2005,6,8,22,1,181,63.35,12.5,0,2,1,0,63.35
2005,6,8,22,1,181,63.57,12.5,0,2,1,0,63.57
2005,6,8,22,1,181,64.62,12.5,0,2,1,0,64.62
2005,6,8,22,1,181,65.66,12.5,0,2,1,0,65.66
2005,6,8,22,1,181,66.71,12.5,0,2,1,0,66.71
2005,6,8,22,1,181,67.76,12.5,0,2,1,0,67.76
2005,6,8,22,1,181,68.8,12.5,0,2,0,0,68.8
2005,6,8,22,1,181,69.85,12.5,0,2,0,0,69.85
2005,6,8,22,1,181,70.89,12.5,0,2,0,0,70.89
2005,6,8,22,1,181,71.44,12.5,0,2,0,0,71.44
2005,6,8,22,1,181,73.05,12.5,0,2,0,0,73.05
2005,6,8,22,1,181,74.09,12.5,0,2,0,0,74.09
2005,6,8,23,1,181,63.05,50,0,2,1,0,63.05
2005,6,8,23,1,181,63.35,12.5,0,2,1,0,63.35
2005,6,8,23,1,181,63.57,12.5,0,2,1,0,63.57
2005,6,8,23,1,181,64.62,12.5,0,2,1,0,64.62
2005,6,8,23,1,181,65.66,12.5,0,2,1,0,65.66
2005,6,8,23,1,181,66.71,12.5,0,2,1,0,66.71
2005,6,8,23,1,181,67.76,12.5,0,2,1,0,67.76
2005,6,8,23,1,181,68.8,12.5,0,2,0,0,68.8
2005,6,8,23,1,181,69.85,12.5,0,2,0,0,69.85
2005,6,8,23,1,181,70.89,12.5,0,2,0,0,70.89
2005,6,8,23,1,181,71.44,12.5,0,2,0,0,71.44
2005,6,8,23,1,181,73.05,12.5,0,2,0,0,73.05
2005,6,8,23,1,181,74.09,12.5,0,2,0,0,74.09
2005,6,8,24,1,181,63.05,50,0,2,0,0,63.05
2005,6,8,24,1,181,63.35,12.5,0,2,0,0,63.35
2005,6,8,24,1,181,63.57,12.5,0,2,0,0,63.57
2005,6,8,24,1,181,64.62,12.5,0,2,0,0,64.62
2005,6,8,24,1,181,65.66,12.5,0,2,0,0,65.66
2005,6,8,24,1,181,66.71,12.5,0,2,0,0,66.71
2005,6,8,24,1,181,67.76,12.5,0,2,0,0,67.76
2005,6,8,24,1,181,68.8,12.5,0,2,0,0,68.8
2005,6,8,24,1,181,69.85,12.5,0,2,0,0,69.85
2005,6,8,24,1,181,70.89,12.5,0,2,0,0,70.89
2005,6,8,24,1,181,71.44,12.5,0,2,0,0,71.44
2005,6,8,24,1,181,73.05,12.5,0,2,0,0,73.05
2005,6,8,24,1,181,74.09,12.5,0,2,0,0,74.09
2005,6,8,1,9,182,180.3,11.8,0,1,1,0,180.3
2005,6,8,2,9,182,180.3,11.6,0,1,1,0,180.3
2005,6,8,3,9,182,180.3,12.6,0,1,1,0,180.3
2005,6,8,4,9,182,180.3,12.2,0,1,1,0,180.3
2005,6,8,5,9,182,180.3,11.7,0,1,1,0,180.3
2005,6,8,6,9,182,180.3,11.5,0,1,1,0,180.3
2005,6,8,7,9,182,180.3,11.4,0,1,1,0,180.3
2005,6,8,8,9,182,180.3,12.3,0,1,1,0,180.3
2005,6,8,9,9,182,180.3,11.3,0,1,1,0,180.3
2005,6,8,10,9,182,180.3,11.9,0,1,1,0,180.3
2005,6,8,11,9,182,180.3,10.8,0,1,1,0,180.3
2005,6,8,12,9,182,180.3,11.5,0,1,1,0,180.3
2005,6,8,13,9,182,180.3,12.7,0,1,1,0,180.3
2005,6,8,14,9,182,180.3,10.6,0,1,1,0,180.3
2005,6,8,15,9,182,180.3,6.9,0,1,1,0,180.3
2005,6,8,16,9,182,180.3,4.7,0,1,1,0,180.3
2005,6,8,17,9,182,180.3,5.8,0,1,1,0,180.3
2005,6,8,18,9,182,180.3,6.8,0,1,1,0,180.3
2005,6,8,19,9,182,180.3,6.5,0,1,1,0,180.3
2005,6,8,20,9,182,180.3,5,0,1,1,0,180.3
2005,6,8,21,9,182,180.3,7.7,0,1,1,0,180.3
2005,6,8,22,9,182,180.3,9.7,0,1,1,0,180.3
2005,6,8,23,9,182,180.3,12.5,0,1,1,0,180.3
2005,6,8,24,9,182,180.3,12.7,0,1,1,0,180.3
2005,6,8,1,8,183,100,13.1,0,1,1,0,100
2005,6,8,2,8,183,100,11.5,0,1,1,0,100
2005,6,8,3,8,183,100,10.7,0,1,1,0,100
2005,6,8,4,8,183,100,10.4,0,1,1,0,100
2005,6,8,5,8,183,100,10.7,0,1,1,0,100
2005,6,8,6,8,183,100,12.1,0,1,1,0,100
2005,6,8,7,8,183,100,19.2,0,1,1,0,100
2005,6,8,8,8,183,100,29.4,0,1,1,0,100
2005,6,8,9,8,183,100,12.5,0,1,1,0,100
2005,6,8,10,8,183,100,11.9,0,1,1,0,100
2005,6,8,11,8,183,100,14.5,0,1,1,0,100
2005,6,8,12,8,183,100,14.8,0,1,1,0,100
2005,6,8,13,8,183,100,14.2,0,1,1,0,100
2005,6,8,14,8,183,100,13.9,0,1,1,0,100
2005,6,8,15,8,183,100,9.5,0,1,1,0,100
2005,6,8,16,8,183,100,10.4,0,1,1,0,100
2005,6,8,17,8,183,100,13.2,0,1,1,0,100
2005,6,8,18,8,183,100,12.2,0,1,1,0,100
2005,6,8,19,8,183,100,10.8,0,1,1,0,100
2005,6,8,20,8,183,100,10,0,1,1,0,100
2005,6,8,21,8,183,100,10.2,0,1,1,0,100
2005,6,8,22,8,183,100,8.6,0,1,1,0,100
2005,6,8,23,8,183,100,7.4,0,1,1,0,100
2005,6,8,24,8,183,100,6.3,0,1,1,0,100
2005,6,8,1,8,184,0,3.7,0,2,1,0,0
2005,6,8,2,8,184,0,3.7,0,2,1,0,0
2005,6,8,3,8,184,0,3.7,0,2,1,0,0
2005,6,8,4,8,184,0,3.7,0,2,1,0,0
2005,6,8,5,8,184,0,3.7,0,2,1,0,0
2005,6,8,6,8,184,0,3.7,0,2,1,0,0
2005,6,8,7,8,184,0,3.6,0,2,1,0,0
2005,6,8,8,8,184,0,3.4,0,2,1,0,0
2005,6,8,9,8,184,0,3.4,0,2,1,0,0
2005,6,8,10,8,184,0,3.3,0,2,1,0,0
2005,6,8,11,8,184,0,3.2,0,2,1,0,0
2005,6,8,12,8,184,0,3,0,2,1,0,0
2005,6,8,13,8,184,0,3,0,2,1,0,0
2005,6,8,14,8,184,0,3,0,2,1,0,0
2005,6,8,15,8,184,0,3,0,2,1,0,0
2005,6,8,16,8,184,0,3,0,2,1,0,0
2005,6,8,17,8,184,0,3,0,2,1,0,0
2005,6,8,18,8,184,0,3,0,2,1,0,0
2005,6,8,19,8,184,0,3.1,0,2,1,0,0
2005,6,8,20,8,184,0,3.2,0,2,1,0,0
2005,6,8,21,8,184,0,3.3,0,2,1,0,0
2005,6,8,22,8,184,0,3.5,0,2,1,0,0
2005,6,8,23,8,184,0,3.6,0,2,1,0,0
2005,6,8,24,8,184,0,3.7,0,2,1,0,0
2005,6,8,1,9,185,180.3,7.7,0,1,1,0,180.3
2005,6,8,2,9,185,180.3,7.7,0,1,1,0,180.3
2005,6,8,3,9,185,180.3,7.7,0,1,1,0,180.3
2005,6,8,4,9,185,180.3,7.7,0,1,1,0,180.3
2005,6,8,5,9,185,180.3,7.7,0,1,1,0,180.3
2005,6,8,6,9,185,180.3,7.7,0,1,1,0,180.3
2005,6,8,7,9,185,180.3,7.8,0,1,1,0,180.3
2005,6,8,8,9,185,180.3,7.8,0,1,1,0,180.3
2005,6,8,9,9,185,180.3,8,0,1,1,0,180.3
2005,6,8,10,9,185,180.3,8.4,0,1,1,0,180.3
2005,6,8,11,9,185,180.3,8.5,0,1,1,0,180.3
2005,6,8,12,9,185,180.3,8.5,0,1,1,0,180.3
2005,6,8,13,9,185,180.3,8.5,0,1,1,0,180.3
2005,6,8,14,9,185,180.3,8,0,1,1,0,180.3
2005,6,8,15,9,185,180.3,7.9,0,1,1,0,180.3
2005,6,8,16,9,185,180.3,7.9,0,1,1,0,180.3
2005,6,8,17,9,185,180.3,7.9,0,1,1,0,180.3
2005,6,8,18,9,185,180.3,8,0,1,1,0,180.3
2005,6,8,19,9,185,180.3,7.9,0,1,1,0,180.3
2005,6,8,20,9,185,180.3,7.9,0,1,1,0,180.3
2005,6,8,21,9,185,180.3,7.9,0,1,1,0,180.3
2005,6,8,22,9,185,180.3,7.8,0,1,1,0,180.3
2005,6,8,23,9,185,180.3,7.8,0,1,1,0,180.3
2005,6,8,24,9,185,180.3,7.8,0,1,1,0,180.3
2005,6,8,1,4,1073,62.99,35,1.03173,2,0,0,49.114874
2005,6,8,1,4,1073,150,16.9,1.03173,2,0,0,150
2005,6,8,2,4,1073,62.99,35,1.03173,2,0,0,49.114874
2005,6,8,2,4,1073,150,16.9,1.03173,2,0,0,150
2005,6,8,3,4,1073,62.99,35,1.03173,2,0,0,49.114874
2005,6,8,3,4,1073,150,16.9,1.03173,2,0,0,150
2005,6,8,4,4,1073,62.99,35,1.03173,2,0,0,49.114874
2005,6,8,4,4,1073,150,16.9,1.03173,2,0,0,150
2005,6,8,5,4,1073,62.99,35,1.03173,2,0,0,49.114874
2005,6,8,5,4,1073,150,16.9,1.03173,2,0,0,150
2005,6,8,6,4,1073,62.99,35,1.03173,2,0,0,49.114874
2005,6,8,6,4,1073,150,16.9,1.03173,2,0,0,150
2005,6,8,7,4,1073,62.99,35,1.03173,2,0,0,49.114874
2005,6,8,7,4,1073,150,16.9,1.03173,2,0,0,150
2005,6,8,8,4,1073,62.99,35,1.03173,2,0,0,49.114874
2005,6,8,8,4,1073,150,16.9,1.03173,2,0,0,150
2005,6,8,9,4,1073,62.99,35,1.03173,2,1,0,49.114874
2005,6,8,9,4,1073,150,16.9,1.03173,2,0,0,150
2005,6,8,10,4,1073,62.99,35,1.03173,2,1,0,49.114874
2005,6,8,10,4,1073,150,16.9,1.03173,2,0,0,150
2005,6,8,11,4,1073,62.99,35,1.03173,2,1,0,49.114874
2005,6,8,11,4,1073,150,16.9,1.03173,2,0,0,150
2005,6,8,12,4,1073,62.99,35,1.03173,2,1,0,49.114874
2005,6,8,12,4,1073,150,16.9,1.03173,2,0,0,150
2005,6,8,13,4,1073,62.99,35,1.03173,2,1,0,49.114874
2005,6,8,13,4,1073,150,16.9,1.03173,2,0,0,150
2005,6,8,14,4,1073,62.99,35,1.03173,2,1,0,49.114874
2005,6,8,14,4,1073,150,16.9,1.03173,2,0,0,150
2005,6,8,15,4,1073,62.99,35,1.03173,2,1,0,49.114874
2005,6,8,15,4,1073,150,16.9,1.03173,2,0,0,150
2005,6,8,16,4,1073,62.99,35,1.03173,2,1,0,49.114874
2005,6,8,16,4,1073,150,16.9,1.03173,2,0,0,150
2005,6,8,17,4,1073,62.99,35,1.03173,2,1,0,49.114874
2005,6,8,17,4,1073,150,16.9,1.03173,2,0,0,150
2005,6,8,18,4,1073,62.99,35,1.03173,2,1,0,49.114874
2005,6,8,18,4,1073,150,16.9,1.03173,2,0,0,150
2005,6,8,19,4,1073,62.99,35,1.03173,2,1,0,49.114874
2005,6,8,19,4,1073,150,16.9,1.03173,2,0,0,150
2005,6,8,20,4,1073,62.99,35,1.03173,2,1,0,49.114874
2005,6,8,20,4,1073,150,16.9,1.03173,2,0,0,150
2005,6,8,21,4,1073,62.99,35,1.03173,2,1,0,49.114874
2005,6,8,21,4,1073,150,16.9,1.03173,2,0,0,150
2005,6,8,22,4,1073,62.99,35,1.03173,2,1,0,49.114874
2005,6,8,22,4,1073,150,16.9,1.03173,2,0,0,150
2005,6,8,23,4,1073,62.99,35,1.03173,2,1,0,49.114874
2005,6,8,23,4,1073,150,16.9,1.03173,2,0,0,150
2005,6,8,24,4,1073,62.99,35,1.03173,2,0,0,49.114874
2005,6,8,24,4,1073,150,16.9,1.03173,2,0,0,150
2005,6,8,1,4,1075,0,280,1.03173,2,1,0,0
2005,6,8,1,4,1075,35,20,1.03173,2,1,0,41.228906
2005,6,8,1,4,1075,36,10,1.03173,2,1,0,41.228906
2005,6,8,1,4,1075,75,27,1.03173,2,0,0,41.228906
2005,6,8,1,4,1075,150,10.5,1.03173,2,0,0,150
2005,6,8,2,4,1075,0,255,1.03173,2,1,0,0
2005,6,8,2,4,1075,34.39,20,1.03173,2,1,0,41.228906
2005,6,8,2,4,1075,35,25,1.03173,2,1,0,41.228906
2005,6,8,2,4,1075,36,10,1.03173,2,1,0,41.228906
2005,6,8,2,4,1075,75,27,1.03173,2,0,0,41.228906
2005,6,8,2,4,1075,150,10.5,1.03173,2,0,0,150
2005,6,8,3,4,1075,0,255,1.03173,2,1,0,0
2005,6,8,3,4,1075,34.39,20,1.03173,2,1,0,41.228906
2005,6,8,3,4,1075,35,25,1.03173,2,1,0,41.228906
2005,6,8,3,4,1075,36,10,1.03173,2,1,0,41.228906
2005,6,8,3,4,1075,75,27,1.03173,2,0,0,41.228906
2005,6,8,3,4,1075,150,10.5,1.03173,2,0,0,150
2005,6,8,4,4,1075,0,255,1.03173,2,1,0,0
2005,6,8,4,4,1075,34.39,20,1.03173,2,1,0,41.228906
2005,6,8,4,4,1075,35,25,1.03173,2,1,0,41.228906
2005,6,8,4,4,1075,36,10,1.03173,2,1,0,41.228906
2005,6,8,4,4,1075,75,27,1.03173,2,0,0,41.228906
2005,6,8,4,4,1075,150,10.5,1.03173,2,0,0,150
2005,6,8,5,4,1075,0,255,1.03173,2,1,0,0
2005,6,8,5,4,1075,34.39,20,1.03173,2,1,0,41.228906
2005,6,8,5,4,1075,35,25,1.03173,2,1,0,41.228906
2005,6,8,5,4,1075,36,10,1.03173,2,1,0,41.228906
2005,6,8,5,4,1075,75,27,1.03173,2,0,0,41.228906
2005,6,8,5,4,1075,150,10.5,1.03173,2,0,0,150
2005,6,8,6,4,1075,0,255,1.03173,2,1,0,0
2005,6,8,6,4,1075,34.39,20,1.03173,2,1,0,41.228906
2005,6,8,6,4,1075,35,25,1.03173,2,1,0,41.228906
2005,6,8,6,4,1075,36,10,1.03173,2,1,0,41.228906
2005,6,8,6,4,1075,75,27,1.03173,2,0,0,41.228906
2005,6,8,6,4,1075,150,10.5,1.03173,2,0,0,150
2005,6,8,7,4,1075,0,255,1.03173,2,1,0,0
2005,6,8,7,4,1075,34.39,20,1.03173,2,1,0,41.228906
2005,6,8,7,4,1075,35,25,1.03173,2,1,0,41.228906
2005,6,8,7,4,1075,36,10,1.03173,2,1,0,41.228906
2005,6,8,7,4,1075,75,27,1.03173,2,0,0,41.228906
2005,6,8,7,4,1075,150,10.5,1.03173,2,0,0,150
2005,6,8,8,4,1075,0,280,1.03173,2,1,0,0
2005,6,8,8,4,1075,35,20,1.03173,2,1,0,41.228906
2005,6,8,8,4,1075,36,10,1.03173,2,1,0,41.228906
2005,6,8,8,4,1075,75,27,1.03173,2,0,0,41.228906
2005,6,8,8,4,1075,150,10.5,1.03173,2,0,0,150
2005,6,8,9,4,1075,0,310,1.03173,2,1,0,0
2005,6,8,9,4,1075,75,27,1.03173,2,0,0,41.228906
2005,6,8,9,4,1075,150,10.5,1.03173,2,0,0,150
2005,6,8,10,4,1075,0,310,1.03173,2,1,0,0
2005,6,8,10,4,1075,75,27,1.03173,2,1,0,41.228906
2005,6,8,10,4,1075,150,10.5,1.03173,2,0,0,150
2005,6,8,11,4,1075,0,310,1.03173,2,1,0,0
2005,6,8,11,4,1075,75,27,1.03173,2,1,0,41.228906
2005,6,8,11,4,1075,150,10.5,1.03173,2,0,0,150
2005,6,8,12,4,1075,0,310,1.03173,2,1,0,0
2005,6,8,12,4,1075,75,27,1.03173,2,1,0,41.228906
2005,6,8,12,4,1075,150,10.5,1.03173,2,0,0,150
2005,6,8,13,4,1075,0,310,1.03173,2,1,0,0
2005,6,8,13,4,1075,75,27,1.03173,2,1,0,41.228906
2005,6,8,13,4,1075,150,10.5,1.03173,2,0,0,150
2005,6,8,14,4,1075,0,310,1.03173,2,1,0,0
2005,6,8,14,4,1075,75,27,1.03173,2,1,0,41.228906
2005,6,8,14,4,1075,150,10.5,1.03173,2,0,0,150
2005,6,8,15,4,1075,0,310,1.03173,2,1,0,0
2005,6,8,15,4,1075,75,27,1.03173,2,1,0,41.228906
2005,6,8,15,4,1075,150,10.5,1.03173,2,0,0,150
2005,6,8,16,4,1075,0,310,1.03173,2,1,0,0
2005,6,8,16,4,1075,75,27,1.03173,2,1,0,41.228906
2005,6,8,16,4,1075,150,10.5,1.03173,2,0,0,150
2005,6,8,17,4,1075,0,310,1.03173,2,1,0,0
2005,6,8,17,4,1075,75,27,1.03173,2,1,0,41.228906
2005,6,8,17,4,1075,150,10.5,1.03173,2,0,0,150
2005,6,8,18,4,1075,0,310,1.03173,2,1,0,0
2005,6,8,18,4,1075,75,27,1.03173,2,1,0,41.228906
2005,6,8,18,4,1075,150,10.5,1.03173,2,0,0,150
2005,6,8,19,4,1075,0,310,1.03173,2,1,0,0
2005,6,8,19,4,1075,75,27,1.03173,2,1,0,41.228906
2005,6,8,19,4,1075,150,10.5,1.03173,2,0,0,150
2005,6,8,20,4,1075,0,310,1.03173,2,1,0,0
2005,6,8,20,4,1075,75,27,1.03173,2,1,0,41.228906
2005,6,8,20,4,1075,150,10.5,1.03173,2,0,0,150
2005,6,8,21,4,1075,0,310,1.03173,2,1,0,0
2005,6,8,21,4,1075,75,27,1.03173,2,0,0,41.228906
2005,6,8,21,4,1075,150,10.5,1.03173,2,0,0,150
2005,6,8,22,4,1075,0,310,1.03173,2,1,0,0
2005,6,8,22,4,1075,75,27,1.03173,2,0,0,41.228906
2005,6,8,22,4,1075,150,10.5,1.03173,2,0,0,150
2005,6,8,23,4,1075,0,310,1.03173,2,1,0,0
2005,6,8,23,4,1075,75,27,1.03173,2,0,0,41.228906
2005,6,8,23,4,1075,150,10.5,1.03173,2,0,0,150
2005,6,8,24,4,1075,0,310,1.03173,2,1,0,0
2005,6,8,24,4,1075,75,27,1.03173,2,0,0,41.228906
2005,6,8,24,4,1075,150,10.5,1.03173,2,0,0,150
2005,6,8,1,9,188,0,2.2,0,2,1,0,0
2005,6,8,2,9,188,0,2.2,0,2,1,0,0
2005,6,8,3,9,188,0,2.2,0,2,1,0,0
2005,6,8,4,9,188,0,2.2,0,2,1,0,0
2005,6,8,5,9,188,0,2.2,0,2,1,0,0
2005,6,8,6,9,188,0,2.2,0,2,1,0,0
2005,6,8,7,9,188,0,2.2,0,2,1,0,0
2005,6,8,8,9,188,0,2.2,0,2,1,0,0
2005,6,8,9,9,188,0,2,0,2,1,0,0
2005,6,8,10,9,188,0,2,0,2,1,0,0
2005,6,8,11,9,188,0,2,0,2,1,0,0
2005,6,8,12,9,188,0,2,0,2,1,0,0
2005,6,8,13,9,188,0,2,0,2,1,0,0
2005,6,8,14,9,188,0,2,0,2,1,0,0
2005,6,8,15,9,188,0,2,0,2,1,0,0
2005,6,8,16,9,188,0,2,0,2,1,0,0
2005,6,8,17,9,188,0,2,0,2,1,0,0
2005,6,8,18,9,188,0,2,0,2,1,0,0
2005,6,8,19,9,188,0,2,0,2,1,0,0
2005,6,8,20,9,188,0,2,0,2,1,0,0
2005,6,8,21,9,188,0,2,0,2,1,0,0
2005,6,8,22,9,188,0,2,0,2,1,0,0
2005,6,8,23,9,188,0,2.2,0,2,1,0,0
2005,6,8,24,9,188,0,2.2,0,2,1,0,0
2005,6,8,1,9,189,52,91.3,0,1,1,0,52
2005,6,8,1,9,189,53,212.9,0,1,1,0,53
2005,6,8,2,9,189,17,60.8,0,1,0,0,17
2005,6,8,2,9,189,19,60.8,0,1,0,0,19
2005,6,8,2,9,189,24,30.4,0,1,0,0,24
2005,6,8,2,9,189,52,71,0,1,1,0,52
2005,6,8,3,9,189,17,142,0,1,0,0,17
2005,6,8,3,9,189,19,50.7,0,1,0,0,19
2005,6,8,3,9,189,24,30.4,0,1,0,0,24
2005,6,8,4,9,189,17,192.7,0,1,0,0,17
2005,6,8,4,9,189,19,30.4,0,1,0,0,19
2005,6,8,5,9,189,17,223.1,0,1,0,0,17
2005,6,8,6,9,189,17,223.1,0,1,0,0,17
2005,6,8,7,9,189,17,223.1,0,1,0,0,17
2005,6,8,8,9,189,17,243.4,0,1,0,0,17
2005,6,8,9,9,189,14,244.1,0,1,0,0,14
2005,6,8,10,9,189,14,213.6,0,1,0,0,14
2005,6,8,10,9,189,16,61,0,1,0,0,16
2005,6,8,11,9,189,14,162.7,0,1,0,0,14
2005,6,8,11,9,189,16,61,0,1,0,0,16
2005,6,8,11,9,189,21,30.5,0,1,0,0,21
2005,6,8,11,9,189,49,50.9,0,1,0,0,49
2005,6,8,12,9,189,14,172.9,0,1,0,0,14
2005,6,8,12,9,189,16,61,0,1,0,0,16
2005,6,8,12,9,189,21,30.5,0,1,0,0,21
2005,6,8,12,9,189,49,40.7,0,1,0,0,49
2005,6,8,13,9,189,14,172.9,0,1,0,0,14
2005,6,8,13,9,189,16,61,0,1,0,0,16
2005,6,8,13,9,189,21,30.5,0,1,0,0,21
2005,6,8,13,9,189,49,40.7,0,1,0,0,49
2005,6,8,14,9,189,14,162.7,0,1,0,0,14
2005,6,8,14,9,189,16,61,0,1,0,0,16
2005,6,8,14,9,189,21,30.5,0,1,0,0,21
2005,6,8,14,9,189,49,50.9,0,1,0,0,49
2005,6,8,15,9,189,14,91.5,0,1,0,0,14
2005,6,8,15,9,189,16,61,0,1,0,0,16
2005,6,8,15,9,189,21,30.5,0,1,0,0,21
2005,6,8,15,9,189,49,91.5,0,1,0,0,49
2005,6,8,16,9,189,14,91.5,0,1,0,0,14
2005,6,8,16,9,189,16,61,0,1,0,0,16
2005,6,8,16,9,189,21,30.5,0,1,0,0,21
2005,6,8,16,9,189,49,91.5,0,1,0,0,49
2005,6,8,17,9,189,14,101.7,0,1,0,0,14
2005,6,8,17,9,189,16,61,0,1,0,0,16
2005,6,8,17,9,189,21,30.5,0,1,0,0,21
2005,6,8,17,9,189,49,81.4,0,1,0,0,49
2005,6,8,18,9,189,14,91.5,0,1,0,0,14
2005,6,8,18,9,189,16,61,0,1,0,0,16
2005,6,8,18,9,189,21,30.5,0,1,0,0,21
2005,6,8,18,9,189,49,91.5,0,1,0,0,49
2005,6,8,19,9,189,14,91.5,0,1,0,0,14
2005,6,8,19,9,189,16,61,0,1,0,0,16
2005,6,8,19,9,189,21,30.5,0,1,0,0,21
2005,6,8,19,9,189,49,91.5,0,1,0,0,49
2005,6,8,20,9,189,14,91.5,0,1,0,0,14
2005,6,8,20,9,189,16,61,0,1,0,0,16
2005,6,8,20,9,189,21,30.5,0,1,0,0,21
2005,6,8,20,9,189,49,91.5,0,1,0,0,49
2005,6,8,21,9,189,14,111.9,0,1,0,0,14
2005,6,8,21,9,189,16,61,0,1,0,0,16
2005,6,8,21,9,189,21,30.5,0,1,0,0,21
2005,6,8,21,9,189,49,71.2,0,1,0,0,49
2005,6,8,22,9,189,14,91.5,0,1,0,0,14
2005,6,8,22,9,189,16,61,0,1,0,0,16
2005,6,8,22,9,189,21,30.5,0,1,0,0,21
2005,6,8,22,9,189,49,91.5,0,1,0,0,49
2005,6,8,23,9,189,14,91.5,0,1,0,0,14
2005,6,8,23,9,189,16,61,0,1,0,0,16
2005,6,8,23,9,189,21,30.5,0,1,0,0,21
2005,6,8,23,9,189,49,91.5,0,1,0,0,49
2005,6,8,24,9,189,21,30.5,0,1,0,0,21
2005,6,8,24,9,189,49,6.9,0,1,1,0,49
2005,6,8,24,9,189,53,203.4,0,1,1,0,53
2005,6,8,1,9,190,180,1,0,2,0,0,180
2005,6,8,1,9,191,0,3.4,0,2,1,0,0
2005,6,8,2,9,191,0,3.4,0,2,1,0,0
2005,6,8,3,9,191,0,3.4,0,2,1,0,0
2005,6,8,4,9,191,0,3.4,0,2,1,0,0
2005,6,8,5,9,191,0,3.4,0,2,1,0,0
2005,6,8,6,9,191,0,3.4,0,2,1,0,0
2005,6,8,7,9,191,0,3.4,0,2,1,0,0
2005,6,8,8,9,191,0,3.4,0,2,1,0,0
2005,6,8,9,9,191,0,3.2,0,2,1,0,0
2005,6,8,10,9,191,0,3.2,0,2,1,0,0
2005,6,8,11,9,191,0,3.2,0,2,1,0,0
2005,6,8,12,9,191,0,3.2,0,2,1,0,0
2005,6,8,13,9,191,0,3,0,2,1,0,0
2005,6,8,14,9,191,0,3,0,2,1,0,0
2005,6,8,15,9,191,0,3,0,2,1,0,0
2005,6,8,16,9,191,0,3,0,2,1,0,0
2005,6,8,17,9,191,0,3,0,2,1,0,0
2005,6,8,18,9,191,0,3,0,2,1,0,0
2005,6,8,19,9,191,0,3,0,2,1,0,0
2005,6,8,20,9,191,0,3,0,2,1,0,0
2005,6,8,21,9,191,0,3,0,2,1,0,0
2005,6,8,22,9,191,0,3.2,0,2,1,0,0
2005,6,8,23,9,191,0,3.4,0,2,1,0,0
2005,6,8,24,9,191,0,3.4,0,2,1,0,0
2005,6,8,1,4,1076,1,250,.34893,2,1,0,1
2005,6,8,1,4,1076,33,50,.34893,2,1,0,41.952536
2005,6,8,1,4,1076,35,60,.34893,2,1,0,41.952536
2005,6,8,1,4,1076,149,26.7,.34893,2,0,0,149
2005,6,8,1,4,1076,150,7.4,.34893,2,0,0,150
2005,6,8,2,4,1076,1,214,.34893,2,1,0,1
2005,6,8,2,4,1076,32,36,.34893,2,1,0,41.952536
2005,6,8,2,4,1076,33,50,.34893,2,1,0,41.952536
2005,6,8,2,4,1076,35,60,.34893,2,1,0,41.952536
2005,6,8,2,4,1076,149,26.7,.34893,2,0,0,149
2005,6,8,2,4,1076,150,7.4,.34893,2,0,0,150
2005,6,8,3,4,1076,1,213,.34893,2,1,0,1
2005,6,8,3,4,1076,32,37,.34893,2,1,0,41.952536
2005,6,8,3,4,1076,33,50,.34893,2,1,0,41.952536
2005,6,8,3,4,1076,35,60,.34893,2,1,0,41.952536
2005,6,8,3,4,1076,149,26.7,.34893,2,0,0,149
2005,6,8,3,4,1076,150,7.4,.34893,2,0,0,150
2005,6,8,4,4,1076,1,213,.34893,2,1,0,1
2005,6,8,4,4,1076,32,37,.34893,2,1,0,41.952536
2005,6,8,4,4,1076,33,50,.34893,2,1,0,41.952536
2005,6,8,4,4,1076,35,60,.34893,2,1,0,41.952536
2005,6,8,4,4,1076,149,26.7,.34893,2,0,0,149
2005,6,8,4,4,1076,150,7.4,.34893,2,0,0,150
2005,6,8,5,4,1076,1,213,.34893,2,1,0,1
2005,6,8,5,4,1076,32,37,.34893,2,1,0,41.952536
2005,6,8,5,4,1076,33,50,.34893,2,1,0,41.952536
2005,6,8,5,4,1076,35,60,.34893,2,1,0,41.952536
2005,6,8,5,4,1076,149,26.7,.34893,2,0,0,149
2005,6,8,5,4,1076,150,7.4,.34893,2,0,0,150
2005,6,8,6,4,1076,1,213,.34893,2,1,0,1
2005,6,8,6,4,1076,32,37,.34893,2,1,0,41.952536
2005,6,8,6,4,1076,33,50,.34893,2,1,0,41.952536
2005,6,8,6,4,1076,35,60,.34893,2,1,0,41.952536
2005,6,8,6,4,1076,149,26.7,.34893,2,0,0,149
2005,6,8,6,4,1076,150,7.4,.34893,2,0,0,150
2005,6,8,7,4,1076,1,213,.34893,2,1,0,1
2005,6,8,7,4,1076,32,37,.34893,2,1,0,41.952536
2005,6,8,7,4,1076,33,50,.34893,2,1,0,41.952536
2005,6,8,7,4,1076,35,60,.34893,2,1,0,41.952536
2005,6,8,7,4,1076,149,26.7,.34893,2,0,0,149
2005,6,8,7,4,1076,150,7.4,.34893,2,0,0,150
2005,6,8,8,4,1076,1,213,.34893,2,1,0,1
2005,6,8,8,4,1076,32,37,.34893,2,1,0,41.952536
2005,6,8,8,4,1076,33,50,.34893,2,1,0,41.952536
2005,6,8,8,4,1076,35,60,.34893,2,1,0,41.952536
2005,6,8,8,4,1076,149,26.7,.34893,2,0,0,149
2005,6,8,8,4,1076,150,7.4,.34893,2,0,0,150
2005,6,8,9,4,1076,1,213,.34893,2,1,0,1
2005,6,8,9,4,1076,32,37,.34893,2,1,0,41.952536
2005,6,8,9,4,1076,33,50,.34893,2,1,0,41.952536
2005,6,8,9,4,1076,35,60,.34893,2,1,0,41.952536
2005,6,8,9,4,1076,149,26.7,.34893,2,0,0,149
2005,6,8,9,4,1076,150,7.4,.34893,2,0,0,150
2005,6,8,10,4,1076,1,213,.34893,2,1,0,1
2005,6,8,10,4,1076,32,37,.34893,2,1,0,41.952536
2005,6,8,10,4,1076,33,50,.34893,2,1,0,41.952536
2005,6,8,10,4,1076,35,60,.34893,2,1,0,41.952536
2005,6,8,10,4,1076,149,26.7,.34893,2,0,0,149
2005,6,8,10,4,1076,150,7.4,.34893,2,0,0,150
2005,6,8,11,4,1076,1,213,.34893,2,1,0,1
2005,6,8,11,4,1076,32,37,.34893,2,1,0,41.952536
2005,6,8,11,4,1076,33,50,.34893,2,1,0,41.952536
2005,6,8,11,4,1076,35,60,.34893,2,1,0,41.952536
2005,6,8,11,4,1076,149,26.7,.34893,2,0,0,149
2005,6,8,11,4,1076,150,7.4,.34893,2,0,0,150
2005,6,8,12,4,1076,1,213,.34893,2,1,0,1
2005,6,8,12,4,1076,32,37,.34893,2,1,0,41.952536
2005,6,8,12,4,1076,33,50,.34893,2,1,0,41.952536
2005,6,8,12,4,1076,35,60,.34893,2,1,0,41.952536
2005,6,8,12,4,1076,149,26.7,.34893,2,0,0,149
2005,6,8,12,4,1076,150,7.4,.34893,2,0,0,150
2005,6,8,13,4,1076,1,213,.34893,2,1,0,1
2005,6,8,13,4,1076,32,37,.34893,2,1,0,41.952536
2005,6,8,13,4,1076,33,50,.34893,2,1,0,41.952536
2005,6,8,13,4,1076,35,60,.34893,2,1,0,41.952536
2005,6,8,13,4,1076,149,26.7,.34893,2,0,0,149
2005,6,8,13,4,1076,150,7.4,.34893,2,0,0,150
2005,6,8,14,4,1076,1,213,.34893,2,1,0,1
2005,6,8,14,4,1076,32,37,.34893,2,1,0,41.952536
2005,6,8,14,4,1076,33,50,.34893,2,1,0,41.952536
2005,6,8,14,4,1076,35,60,.34893,2,1,0,41.952536
2005,6,8,14,4,1076,149,26.7,.34893,2,0,0,149
2005,6,8,14,4,1076,150,7.4,.34893,2,0,0,150
2005,6,8,15,4,1076,1,213,.34893,2,1,0,1
2005,6,8,15,4,1076,32,37,.34893,2,1,0,41.952536
2005,6,8,15,4,1076,33,50,.34893,2,1,0,41.952536
2005,6,8,15,4,1076,35,60,.34893,2,1,0,41.952536
2005,6,8,15,4,1076,149,26.7,.34893,2,0,0,149
2005,6,8,15,4,1076,150,7.4,.34893,2,0,0,150
2005,6,8,16,4,1076,1,213,.34893,2,1,0,1
2005,6,8,16,4,1076,32,37,.34893,2,1,0,41.952536
2005,6,8,16,4,1076,33,50,.34893,2,1,0,41.952536
2005,6,8,16,4,1076,35,60,.34893,2,1,0,41.952536
2005,6,8,16,4,1076,149,26.7,.34893,2,0,0,149
2005,6,8,16,4,1076,150,7.4,.34893,2,0,0,150
2005,6,8,17,4,1076,1,213,.34893,2,1,0,1
2005,6,8,17,4,1076,32,37,.34893,2,1,0,41.952536
2005,6,8,17,4,1076,33,50,.34893,2,1,0,41.952536
2005,6,8,17,4,1076,35,60,.34893,2,1,0,41.952536
2005,6,8,17,4,1076,149,26.7,.34893,2,0,0,149
2005,6,8,17,4,1076,150,7.4,.34893,2,0,0,150
2005,6,8,18,4,1076,1,213,.34893,2,1,0,1
2005,6,8,18,4,1076,32,37,.34893,2,1,0,41.952536
2005,6,8,18,4,1076,33,50,.34893,2,1,0,41.952536
2005,6,8,18,4,1076,35,60,.34893,2,1,0,41.952536
2005,6,8,18,4,1076,149,26.7,.34893,2,0,0,149
2005,6,8,18,4,1076,150,7.4,.34893,2,0,0,150
2005,6,8,19,4,1076,1,213,.34893,2,1,0,1
2005,6,8,19,4,1076,32,37,.34893,2,1,0,41.952536
2005,6,8,19,4,1076,33,50,.34893,2,1,0,41.952536
2005,6,8,19,4,1076,35,60,.34893,2,1,0,41.952536
2005,6,8,19,4,1076,149,26.7,.34893,2,0,0,149
2005,6,8,19,4,1076,150,7.4,.34893,2,0,0,150
2005,6,8,20,4,1076,1,213,.34893,2,1,0,1
2005,6,8,20,4,1076,32,37,.34893,2,1,0,41.952536
2005,6,8,20,4,1076,33,50,.34893,2,1,0,41.952536
2005,6,8,20,4,1076,35,60,.34893,2,1,0,41.952536
2005,6,8,20,4,1076,149,26.7,.34893,2,0,0,149
2005,6,8,20,4,1076,150,7.4,.34893,2,0,0,150
2005,6,8,21,4,1076,1,213,.34893,2,1,0,1
2005,6,8,21,4,1076,32,37,.34893,2,1,0,41.952536
2005,6,8,21,4,1076,33,50,.34893,2,1,0,41.952536
2005,6,8,21,4,1076,35,60,.34893,2,1,0,41.952536
2005,6,8,21,4,1076,149,26.7,.34893,2,0,0,149
2005,6,8,21,4,1076,150,7.4,.34893,2,0,0,150
2005,6,8,22,4,1076,1,213,.34893,2,1,0,1
2005,6,8,22,4,1076,32,37,.34893,2,1,0,41.952536
2005,6,8,22,4,1076,33,50,.34893,2,1,0,41.952536
2005,6,8,22,4,1076,35,60,.34893,2,1,0,41.952536
2005,6,8,22,4,1076,149,26.7,.34893,2,0,0,149
2005,6,8,22,4,1076,150,7.4,.34893,2,0,0,150
2005,6,8,23,4,1076,1,213,.34893,2,1,0,1
2005,6,8,23,4,1076,32,37,.34893,2,1,0,41.952536
2005,6,8,23,4,1076,33,50,.34893,2,1,0,41.952536
2005,6,8,23,4,1076,35,60,.34893,2,1,0,41.952536
2005,6,8,23,4,1076,149,26.7,.34893,2,0,0,149
2005,6,8,23,4,1076,150,7.4,.34893,2,0,0,150
2005,6,8,24,4,1076,1,213,.34893,2,1,0,1
2005,6,8,24,4,1076,32,37,.34893,2,1,0,41.952536
2005,6,8,24,4,1076,33,50,.34893,2,1,0,41.952536
2005,6,8,24,4,1076,35,60,.34893,2,1,0,41.952536
2005,6,8,24,4,1076,149,26.7,.34893,2,0,0,149
2005,6,8,24,4,1076,150,7.4,.34893,2,0,0,150
2005,6,8,1,4,1077,0,250,.34893,2,1,0,0
2005,6,8,1,4,1077,33.01,50,.34893,2,1,0,41.952536
2005,6,8,1,4,1077,35.01,60,.34893,2,1,0,41.952536
2005,6,8,1,4,1077,149,26.5,.34893,2,0,0,149
2005,6,8,2,4,1077,0,214,.34893,2,1,0,0
2005,6,8,2,4,1077,32.01,36,.34893,2,1,0,41.952536
2005,6,8,2,4,1077,33.01,50,.34893,2,1,0,41.952536
2005,6,8,2,4,1077,35.01,60,.34893,2,1,0,41.952536
2005,6,8,2,4,1077,149,26.5,.34893,2,0,0,149
2005,6,8,3,4,1077,1,213,.34893,2,1,0,1
2005,6,8,3,4,1077,32.01,37,.34893,2,1,0,41.952536
2005,6,8,3,4,1077,33.01,50,.34893,2,1,0,41.952536
2005,6,8,3,4,1077,35.01,60,.34893,2,1,0,41.952536
2005,6,8,3,4,1077,149,26.5,.34893,2,0,0,149
2005,6,8,4,4,1077,1,213,.34893,2,1,0,1
2005,6,8,4,4,1077,32.01,37,.34893,2,1,0,41.952536
2005,6,8,4,4,1077,33.01,50,.34893,2,1,0,41.952536
2005,6,8,4,4,1077,35.01,60,.34893,2,1,0,41.952536
2005,6,8,4,4,1077,149,26.5,.34893,2,0,0,149
2005,6,8,5,4,1077,1,213,.34893,2,1,0,1
2005,6,8,5,4,1077,32.01,37,.34893,2,1,0,41.952536
2005,6,8,5,4,1077,33.01,50,.34893,2,1,0,41.952536
2005,6,8,5,4,1077,35.01,60,.34893,2,1,0,41.952536
2005,6,8,5,4,1077,149,26.5,.34893,2,0,0,149
2005,6,8,6,4,1077,1,213,.34893,2,1,0,1
2005,6,8,6,4,1077,32.01,37,.34893,2,1,0,41.952536
2005,6,8,6,4,1077,33.01,50,.34893,2,1,0,41.952536
2005,6,8,6,4,1077,35.01,60,.34893,2,1,0,41.952536
2005,6,8,6,4,1077,149,26.5,.34893,2,0,0,149
2005,6,8,7,4,1077,1,213,.34893,2,1,0,1
2005,6,8,7,4,1077,32.01,37,.34893,2,1,0,41.952536
2005,6,8,7,4,1077,33.01,50,.34893,2,1,0,41.952536
2005,6,8,7,4,1077,35.01,60,.34893,2,1,0,41.952536
2005,6,8,7,4,1077,149,26.5,.34893,2,0,0,149
2005,6,8,8,4,1077,1,213,.34893,2,1,0,1
2005,6,8,8,4,1077,32.01,37,.34893,2,1,0,41.952536
2005,6,8,8,4,1077,33.01,50,.34893,2,1,0,41.952536
2005,6,8,8,4,1077,35.01,60,.34893,2,1,0,41.952536
2005,6,8,8,4,1077,149,26.5,.34893,2,0,0,149
2005,6,8,9,4,1077,1,213,.34893,2,1,0,1
2005,6,8,9,4,1077,32.01,37,.34893,2,1,0,41.952536
2005,6,8,9,4,1077,33.01,50,.34893,2,1,0,41.952536
2005,6,8,9,4,1077,35.01,60,.34893,2,1,0,41.952536
2005,6,8,9,4,1077,149,26.5,.34893,2,0,0,149
2005,6,8,10,4,1077,1,213,.34893,2,1,0,1
2005,6,8,10,4,1077,32.01,37,.34893,2,1,0,41.952536
2005,6,8,10,4,1077,33.01,50,.34893,2,1,0,41.952536
2005,6,8,10,4,1077,35.01,60,.34893,2,1,0,41.952536
2005,6,8,10,4,1077,149,26.5,.34893,2,0,0,149
2005,6,8,11,4,1077,1,213,.34893,2,1,0,1
2005,6,8,11,4,1077,32.01,37,.34893,2,1,0,41.952536
2005,6,8,11,4,1077,33.01,50,.34893,2,1,0,41.952536
2005,6,8,11,4,1077,35.01,60,.34893,2,1,0,41.952536
2005,6,8,11,4,1077,149,26.5,.34893,2,0,0,149
2005,6,8,12,4,1077,1,213,.34893,2,1,0,1
2005,6,8,12,4,1077,32.01,37,.34893,2,1,0,41.952536
2005,6,8,12,4,1077,33.01,50,.34893,2,1,0,41.952536
2005,6,8,12,4,1077,35.01,60,.34893,2,1,0,41.952536
2005,6,8,12,4,1077,149,26.5,.34893,2,0,0,149
2005,6,8,13,4,1077,1,213,.34893,2,1,0,1
2005,6,8,13,4,1077,32.01,37,.34893,2,1,0,41.952536
2005,6,8,13,4,1077,33.01,50,.34893,2,1,0,41.952536
2005,6,8,13,4,1077,35.01,60,.34893,2,1,0,41.952536
2005,6,8,13,4,1077,149,26.5,.34893,2,0,0,149
2005,6,8,14,4,1077,1,213,.34893,2,1,0,1
2005,6,8,14,4,1077,32.01,37,.34893,2,1,0,41.952536
2005,6,8,14,4,1077,33.01,50,.34893,2,1,0,41.952536
2005,6,8,14,4,1077,35.01,60,.34893,2,1,0,41.952536
2005,6,8,14,4,1077,149,26.5,.34893,2,0,0,149
2005,6,8,15,4,1077,1,213,.34893,2,1,0,1
2005,6,8,15,4,1077,32.01,37,.34893,2,1,0,41.952536
2005,6,8,15,4,1077,33.01,50,.34893,2,1,0,41.952536
2005,6,8,15,4,1077,35.01,60,.34893,2,1,0,41.952536
2005,6,8,15,4,1077,149,26.5,.34893,2,0,0,149
2005,6,8,16,4,1077,1,213,.34893,2,1,0,1
2005,6,8,16,4,1077,32.01,37,.34893,2,1,0,41.952536
2005,6,8,16,4,1077,33.01,50,.34893,2,1,0,41.952536
2005,6,8,16,4,1077,35.01,60,.34893,2,1,0,41.952536
2005,6,8,16,4,1077,149,26.5,.34893,2,0,0,149
2005,6,8,17,4,1077,1,213,.34893,2,1,0,1
2005,6,8,17,4,1077,32.01,37,.34893,2,1,0,41.952536
2005,6,8,17,4,1077,33.01,50,.34893,2,1,0,41.952536
2005,6,8,17,4,1077,35.01,60,.34893,2,1,0,41.952536
2005,6,8,17,4,1077,149,26.5,.34893,2,0,0,149
2005,6,8,18,4,1077,1,213,.34893,2,1,0,1
2005,6,8,18,4,1077,32.01,37,.34893,2,1,0,41.952536
2005,6,8,18,4,1077,33.01,50,.34893,2,1,0,41.952536
2005,6,8,18,4,1077,35.01,60,.34893,2,1,0,41.952536
2005,6,8,18,4,1077,149,26.5,.34893,2,0,0,149
2005,6,8,19,4,1077,1,213,.34893,2,1,0,1
2005,6,8,19,4,1077,32.01,37,.34893,2,1,0,41.952536
2005,6,8,19,4,1077,33.01,50,.34893,2,1,0,41.952536
2005,6,8,19,4,1077,35.01,60,.34893,2,1,0,41.952536
2005,6,8,19,4,1077,149,26.5,.34893,2,0,0,149
2005,6,8,20,4,1077,1,213,.34893,2,1,0,1
2005,6,8,20,4,1077,32.01,37,.34893,2,1,0,41.952536
2005,6,8,20,4,1077,33.01,50,.34893,2,1,0,41.952536
2005,6,8,20,4,1077,35.01,60,.34893,2,1,0,41.952536
2005,6,8,20,4,1077,149,26.5,.34893,2,0,0,149
2005,6,8,21,4,1077,1,213,.34893,2,1,0,1
2005,6,8,21,4,1077,32.01,37,.34893,2,1,0,41.952536
2005,6,8,21,4,1077,33.01,50,.34893,2,1,0,41.952536
2005,6,8,21,4,1077,35.01,60,.34893,2,1,0,41.952536
2005,6,8,21,4,1077,149,26.5,.34893,2,0,0,149
2005,6,8,22,4,1077,1,213,.34893,2,1,0,1
2005,6,8,22,4,1077,32.01,37,.34893,2,1,0,41.952536
2005,6,8,22,4,1077,33.01,50,.34893,2,1,0,41.952536
2005,6,8,22,4,1077,35.01,60,.34893,2,1,0,41.952536
2005,6,8,22,4,1077,149,26.5,.34893,2,0,0,149
2005,6,8,23,4,1077,1,213,.34893,2,1,0,1
2005,6,8,23,4,1077,32.01,37,.34893,2,1,0,41.952536
2005,6,8,23,4,1077,33.01,50,.34893,2,1,0,41.952536
2005,6,8,23,4,1077,35.01,60,.34893,2,1,0,41.952536
2005,6,8,23,4,1077,149,26.5,.34893,2,0,0,149
2005,6,8,24,4,1077,1,213,.34893,2,1,0,1
2005,6,8,24,4,1077,32.01,37,.34893,2,1,0,41.952536
2005,6,8,24,4,1077,33.01,50,.34893,2,1,0,41.952536
2005,6,8,24,4,1077,35.01,60,.34893,2,1,0,41.952536
2005,6,8,24,4,1077,149,26.5,.34893,2,0,0,149
2005,6,8,1,4,1078,149,386.5,.34893,2,0,0,149
2005,6,8,2,4,1078,149,386.5,.34893,2,0,0,149
2005,6,8,3,4,1078,149,386.5,.34893,2,0,0,149
2005,6,8,4,4,1078,149,386.5,.34893,2,0,0,149
2005,6,8,5,4,1078,149,386.5,.34893,2,0,0,149
2005,6,8,6,4,1078,149,386.5,.34893,2,0,0,149
2005,6,8,7,4,1078,149,386.5,.34893,2,0,0,149
2005,6,8,8,4,1078,149,386.5,.34893,2,0,0,149
2005,6,8,9,4,1078,149,386.5,.34893,2,0,0,149
2005,6,8,10,4,1078,149,386.5,.34893,2,0,0,149
2005,6,8,11,4,1078,149,386.5,.34893,2,0,0,149
2005,6,8,12,4,1078,149,386.5,.34893,2,0,0,149
2005,6,8,13,4,1078,149,386.5,.34893,2,0,0,149
2005,6,8,14,4,1078,149,386.5,.34893,2,0,0,149
2005,6,8,15,4,1078,149,386.5,.34893,2,0,0,149
2005,6,8,16,4,1078,149,386.5,.34893,2,0,0,149
2005,6,8,17,4,1078,149,386.5,.34893,2,0,0,149
2005,6,8,18,4,1078,149,386.5,.34893,2,0,0,149
2005,6,8,19,4,1078,149,386.5,.34893,2,0,0,149
2005,6,8,20,4,1078,149,386.5,.34893,2,0,0,149
2005,6,8,21,4,1078,149,386.5,.34893,2,0,0,149
2005,6,8,22,4,1078,149,386.5,.34893,2,0,0,149
2005,6,8,23,4,1078,149,386.5,.34893,2,0,0,149
2005,6,8,24,4,1078,149,386.5,.34893,2,0,0,149
2005,6,8,1,9,195,0,10.9,0,2,1,0,0
2005,6,8,2,9,195,0,9.5,0,2,1,0,0
2005,6,8,3,9,195,0,8,0,2,1,0,0
2005,6,8,4,9,195,0,8.8,0,2,1,0,0
2005,6,8,5,9,195,0,6.8,0,2,1,0,0
2005,6,8,6,9,195,0,6.7,0,2,1,0,0
2005,6,8,7,9,195,0,5.7,0,2,1,0,0
2005,6,8,8,9,195,0,4.1,0,2,1,0,0
2005,6,8,9,9,195,0,.9,0,2,1,0,0
2005,6,8,10,9,195,0,.8,0,2,1,0,0
2005,6,8,11,9,195,0,1,0,2,1,0,0
2005,6,8,12,9,195,0,.8,0,2,1,0,0
2005,6,8,13,9,195,0,.6,0,2,1,0,0
2005,6,8,14,9,195,0,1.2,0,2,1,0,0
2005,6,8,15,9,195,0,1.8,0,2,1,0,0
2005,6,8,16,9,195,0,3.3,0,2,1,0,0
2005,6,8,17,9,195,0,.8,0,2,1,0,0
2005,6,8,18,9,195,0,4.2,0,2,1,0,0
2005,6,8,19,9,195,0,6.6,0,2,1,0,0
2005,6,8,20,9,195,0,7.3,0,2,1,0,0
2005,6,8,21,9,195,0,7.9,0,2,1,0,0
2005,6,8,22,9,195,0,7.7,0,2,1,0,0
2005,6,8,23,9,195,0,6,0,2,1,0,0
2005,6,8,24,9,195,0,8.1,0,2,1,0,0
2005,6,8,1,1,1079,0,100,.964599,2,1,0,0
2005,6,8,1,1,1079,41.99,44,.964599,2,1,0,40.220842
2005,6,8,1,1,1079,42.34,30,.964599,2,1,0,40.220842
2005,6,8,1,1,1079,42.69,34.3,.964599,2,1,0,40.220842
2005,6,8,2,1,1079,0,100,.964599,2,1,0,0
2005,6,8,2,1,1079,41.99,44,.964599,2,0,0,40.220842
2005,6,8,2,1,1079,42.34,30,.964599,2,0,0,40.220842
2005,6,8,2,1,1079,42.69,34.3,.964599,2,0,0,40.220842
2005,6,8,3,1,1079,0,100,.964599,2,1,0,0
2005,6,8,3,1,1079,41.99,44,.964599,2,0,0,40.220842
2005,6,8,3,1,1079,42.34,30,.964599,2,0,0,40.220842
2005,6,8,3,1,1079,42.69,34.3,.964599,2,0,0,40.220842
2005,6,8,4,1,1079,0,100,.964599,2,1,0,0
2005,6,8,4,1,1079,41.99,44,.964599,2,0,0,40.220842
2005,6,8,4,1,1079,42.34,30,.964599,2,0,0,40.220842
2005,6,8,4,1,1079,42.69,34.3,.964599,2,0,0,40.220842
2005,6,8,5,1,1079,0,100,.964599,2,1,0,0
2005,6,8,5,1,1079,41.99,44,.964599,2,0,0,40.220842
2005,6,8,5,1,1079,42.34,30,.964599,2,0,0,40.220842
2005,6,8,5,1,1079,42.69,34.3,.964599,2,0,0,40.220842
2005,6,8,6,1,1079,0,100,.964599,2,1,0,0
2005,6,8,6,1,1079,41.99,44,.964599,2,0,0,40.220842
2005,6,8,6,1,1079,42.34,30,.964599,2,0,0,40.220842
2005,6,8,6,1,1079,42.69,34.3,.964599,2,0,0,40.220842
2005,6,8,7,1,1079,0,100,.964599,2,1,0,0
2005,6,8,7,1,1079,41.99,44,.964599,2,0,0,40.220842
2005,6,8,7,1,1079,42.34,30,.964599,2,0,0,40.220842
2005,6,8,7,1,1079,42.69,34.3,.964599,2,0,0,40.220842
2005,6,8,8,1,1079,0,100,.964599,2,1,0,0
2005,6,8,8,1,1079,41.99,44,.964599,2,1,0,40.220842
2005,6,8,8,1,1079,42.34,30,.964599,2,1,0,40.220842
2005,6,8,8,1,1079,42.69,34.3,.964599,2,1,0,40.220842
2005,6,8,9,1,1079,0,100,.964599,2,1,0,0
2005,6,8,9,1,1079,41.99,44,.964599,2,1,0,40.220842
2005,6,8,9,1,1079,42.34,30,.964599,2,1,0,40.220842
2005,6,8,9,1,1079,42.69,34.3,.964599,2,1,0,40.220842
2005,6,8,10,1,1079,0,100,.964599,2,1,0,0
2005,6,8,10,1,1079,41.99,44,.964599,2,1,0,40.220842
2005,6,8,10,1,1079,42.34,30,.964599,2,1,0,40.220842
2005,6,8,10,1,1079,42.69,34.3,.964599,2,1,0,40.220842
2005,6,8,11,1,1079,0,100,.964599,2,1,0,0
2005,6,8,11,1,1079,41.99,44,.964599,2,1,0,40.220842
2005,6,8,11,1,1079,42.34,30,.964599,2,1,0,40.220842
2005,6,8,11,1,1079,42.69,34.3,.964599,2,1,0,40.220842
2005,6,8,12,1,1079,0,100,.964599,2,1,0,0
2005,6,8,12,1,1079,41.99,44,.964599,2,1,0,40.220842
2005,6,8,12,1,1079,42.34,30,.964599,2,1,0,40.220842
2005,6,8,12,1,1079,42.69,34.3,.964599,2,1,0,40.220842
2005,6,8,13,1,1079,0,100,.964599,2,1,0,0
2005,6,8,13,1,1079,41.99,44,.964599,2,1,0,40.220842
2005,6,8,13,1,1079,42.34,30,.964599,2,1,0,40.220842
2005,6,8,13,1,1079,42.69,34.3,.964599,2,1,0,40.220842
2005,6,8,14,1,1079,0,100,.964599,2,1,0,0
2005,6,8,14,1,1079,41.99,44,.964599,2,1,0,40.220842
2005,6,8,14,1,1079,42.34,30,.964599,2,1,0,40.220842
2005,6,8,14,1,1079,42.69,34.3,.964599,2,1,0,40.220842
2005,6,8,15,1,1079,0,100,.964599,2,1,0,0
2005,6,8,15,1,1079,41.99,44,.964599,2,1,0,40.220842
2005,6,8,15,1,1079,42.34,30,.964599,2,1,0,40.220842
2005,6,8,15,1,1079,42.69,34.3,.964599,2,1,0,40.220842
2005,6,8,16,1,1079,0,100,.964599,2,1,0,0
2005,6,8,16,1,1079,41.99,44,.964599,2,1,0,40.220842
2005,6,8,16,1,1079,42.34,30,.964599,2,1,0,40.220842
2005,6,8,16,1,1079,42.69,34.3,.964599,2,1,0,40.220842
2005,6,8,17,1,1079,0,100,.964599,2,1,0,0
2005,6,8,17,1,1079,41.99,44,.964599,2,1,0,40.220842
2005,6,8,17,1,1079,42.34,30,.964599,2,1,0,40.220842
2005,6,8,17,1,1079,42.69,34.3,.964599,2,1,0,40.220842
2005,6,8,18,1,1079,0,100,.964599,2,1,0,0
2005,6,8,18,1,1079,41.99,44,.964599,2,1,0,40.220842
2005,6,8,18,1,1079,42.34,30,.964599,2,1,0,40.220842
2005,6,8,18,1,1079,42.69,34.3,.964599,2,1,0,40.220842
2005,6,8,19,1,1079,0,100,.964599,2,1,0,0
2005,6,8,19,1,1079,41.99,44,.964599,2,1,0,40.220842
2005,6,8,19,1,1079,42.34,30,.964599,2,1,0,40.220842
2005,6,8,19,1,1079,42.69,34.3,.964599,2,1,0,40.220842
2005,6,8,20,1,1079,0,100,.964599,2,1,0,0
2005,6,8,20,1,1079,41.99,44,.964599,2,1,0,40.220842
2005,6,8,20,1,1079,42.34,30,.964599,2,1,0,40.220842
2005,6,8,20,1,1079,42.69,34.3,.964599,2,1,0,40.220842
2005,6,8,21,1,1079,0,100,.964599,2,1,0,0
2005,6,8,21,1,1079,41.99,44,.964599,2,1,0,40.220842
2005,6,8,21,1,1079,42.34,30,.964599,2,1,0,40.220842
2005,6,8,21,1,1079,42.69,34.3,.964599,2,1,0,40.220842
2005,6,8,22,1,1079,0,100,.964599,2,1,0,0
2005,6,8,22,1,1079,41.99,44,.964599,2,1,0,40.220842
2005,6,8,22,1,1079,42.34,30,.964599,2,1,0,40.220842
2005,6,8,22,1,1079,42.69,34.3,.964599,2,1,0,40.220842
2005,6,8,23,1,1079,0,100,.964599,2,1,0,0
2005,6,8,23,1,1079,41.99,44,.964599,2,1,0,40.220842
2005,6,8,23,1,1079,42.34,30,.964599,2,1,0,40.220842
2005,6,8,23,1,1079,42.69,34.3,.964599,2,1,0,40.220842
2005,6,8,24,1,1079,0,100,.964599,2,1,0,0
2005,6,8,24,1,1079,41.99,44,.964599,2,1,0,40.220842
2005,6,8,24,1,1079,42.34,30,.964599,2,1,0,40.220842
2005,6,8,24,1,1079,42.69,34.3,.964599,2,1,0,40.220842
2005,6,8,1,9,197,0,19.7,0,2,1,0,0
2005,6,8,2,9,197,0,19.3,0,2,1,0,0
2005,6,8,3,9,197,0,18.7,0,2,1,0,0
2005,6,8,4,9,197,0,18.8,0,2,1,0,0
2005,6,8,5,9,197,0,19,0,2,1,0,0
2005,6,8,6,9,197,0,19.1,0,2,1,0,0
2005,6,8,7,9,197,0,18.9,0,2,1,0,0
2005,6,8,8,9,197,0,18.6,0,2,1,0,0
2005,6,8,9,9,197,0,17.4,0,2,1,0,0
2005,6,8,10,9,197,0,16.3,0,2,1,0,0
2005,6,8,11,9,197,0,16.1,0,2,1,0,0
2005,6,8,12,9,197,0,15.9,0,2,1,0,0
2005,6,8,13,9,197,0,16.1,0,2,1,0,0
2005,6,8,14,9,197,0,16.2,0,2,1,0,0
2005,6,8,15,9,197,0,16.1,0,2,1,0,0
2005,6,8,16,9,197,0,15.9,0,2,1,0,0
2005,6,8,17,9,197,0,15.6,0,2,1,0,0
2005,6,8,18,9,197,0,15.5,0,2,1,0,0
2005,6,8,19,9,197,0,15.7,0,2,1,0,0
2005,6,8,20,9,197,0,16.3,0,2,1,0,0
2005,6,8,21,9,197,0,17,0,2,1,0,0
2005,6,8,22,9,197,0,17.6,0,2,1,0,0
2005,6,8,23,9,197,0,17.7,0,2,1,0,0
2005,6,8,24,9,197,0,17.7,0,2,1,0,0
2005,6,8,1,9,198,0,18,0,2,1,0,0
2005,6,8,1,9,198,180.3,1.4,0,2,0,0,180.3
2005,6,8,2,9,198,0,18,0,2,1,0,0
2005,6,8,2,9,198,180.3,1.4,0,2,0,0,180.3
2005,6,8,3,9,198,0,18,0,2,1,0,0
2005,6,8,3,9,198,180.3,1.4,0,2,0,0,180.3
2005,6,8,4,9,198,0,18,0,2,1,0,0
2005,6,8,4,9,198,180.3,1.4,0,2,0,0,180.3
2005,6,8,5,9,198,0,18,0,2,1,0,0
2005,6,8,5,9,198,180.3,1.4,0,2,0,0,180.3
2005,6,8,6,9,198,0,18,0,2,1,0,0
2005,6,8,6,9,198,180.3,1.4,0,2,0,0,180.3
2005,6,8,7,9,198,0,18,0,2,1,0,0
2005,6,8,7,9,198,180.3,1.4,0,2,0,0,180.3
2005,6,8,8,9,198,0,18,0,2,1,0,0
2005,6,8,8,9,198,180.3,1.4,0,2,0,0,180.3
2005,6,8,9,9,198,0,18,0,2,1,0,0
2005,6,8,9,9,198,180.3,1.4,0,2,0,0,180.3
2005,6,8,10,9,198,0,18,0,2,1,0,0
2005,6,8,10,9,198,180.3,1.4,0,2,0,0,180.3
2005,6,8,11,9,198,0,18,0,2,1,0,0
2005,6,8,11,9,198,180.3,1.4,0,2,0,0,180.3
2005,6,8,12,9,198,0,18,0,2,1,0,0
2005,6,8,12,9,198,180.3,1.4,0,2,0,0,180.3
2005,6,8,13,9,198,0,18,0,2,1,0,0
2005,6,8,13,9,198,180.3,1.4,0,2,0,0,180.3
2005,6,8,14,9,198,0,18,0,2,1,0,0
2005,6,8,14,9,198,180.3,1.4,0,2,0,0,180.3
2005,6,8,15,9,198,0,18,0,2,1,0,0
2005,6,8,15,9,198,180.3,1.4,0,2,0,0,180.3
2005,6,8,16,9,198,0,18,0,2,1,0,0
2005,6,8,16,9,198,180.3,1.4,0,2,0,0,180.3
2005,6,8,17,9,198,0,18,0,2,1,0,0
2005,6,8,17,9,198,180.3,1.4,0,2,0,0,180.3
2005,6,8,18,9,198,0,18,0,2,1,0,0
2005,6,8,18,9,198,180.3,1.4,0,2,0,0,180.3
2005,6,8,19,9,198,0,18,0,2,1,0,0
2005,6,8,19,9,198,180.3,1.4,0,2,0,0,180.3
2005,6,8,20,9,198,0,18,0,2,1,0,0
2005,6,8,20,9,198,180.3,1.4,0,2,0,0,180.3
2005,6,8,21,9,198,0,18,0,2,1,0,0
2005,6,8,21,9,198,180.3,1.4,0,2,0,0,180.3
2005,6,8,22,9,198,0,18,0,2,1,0,0
2005,6,8,22,9,198,180.3,1.4,0,2,0,0,180.3
2005,6,8,23,9,198,0,18,0,2,1,0,0
2005,6,8,23,9,198,180.3,1.4,0,2,0,0,180.3
2005,6,8,24,9,198,0,18,0,2,1,0,0
2005,6,8,24,9,198,180.3,1.4,0,2,0,0,180.3
2005,6,8,1,2,1083,0,235,.933653,2,1,0,0
2005,6,8,1,2,1083,14.54,30.2,.933653,2,1,0,40.634439
2005,6,8,1,2,1083,33.04,15.1,.933653,2,1,0,40.634439
2005,6,8,1,2,1083,33.07,15.1,.933653,2,1,0,40.634439
2005,6,8,1,2,1083,33.1,15.1,.933653,2,1,0,40.634439
2005,6,8,1,2,1083,33.14,15.1,.933653,2,1,0,40.634439
2005,6,8,1,2,1083,33.17,15.4,.933653,2,1,0,40.634439
2005,6,8,1,2,1083,120.07,10.1,.933653,2,0,0,120.07
2005,6,8,2,2,1083,0,216,.933653,2,1,0,0
2005,6,8,2,2,1083,11.01,19,.933653,2,1,0,40.634439
2005,6,8,2,2,1083,33.62,106,.933653,2,1,0,40.634439
2005,6,8,2,2,1083,120.03,10.1,.933653,2,0,0,120.03
2005,6,8,3,2,1083,0,216,.933653,2,1,0,0
2005,6,8,3,2,1083,11.01,19,.933653,2,1,0,40.634439
2005,6,8,3,2,1083,33.62,106,.933653,2,1,0,40.634439
2005,6,8,3,2,1083,120.03,10.1,.933653,2,0,0,120.03
2005,6,8,4,2,1083,0,216,.933653,2,1,0,0
2005,6,8,4,2,1083,11.01,19,.933653,2,1,0,40.634439
2005,6,8,4,2,1083,33.62,106,.933653,2,1,0,40.634439
2005,6,8,4,2,1083,120.03,10.1,.933653,2,0,0,120.03
2005,6,8,5,2,1083,0,216,.933653,2,1,0,0
2005,6,8,5,2,1083,11.01,19,.933653,2,1,0,40.634439
2005,6,8,5,2,1083,33.62,106,.933653,2,1,0,40.634439
2005,6,8,5,2,1083,120.03,10.1,.933653,2,0,0,120.03
2005,6,8,6,2,1083,0,216,.933653,2,1,0,0
2005,6,8,6,2,1083,11.01,19,.933653,2,1,0,40.634439
2005,6,8,6,2,1083,33.62,106,.933653,2,1,0,40.634439
2005,6,8,6,2,1083,120.03,10.1,.933653,2,0,0,120.03
2005,6,8,7,2,1083,0,216,.933653,2,1,0,0
2005,6,8,7,2,1083,11.01,19,.933653,2,1,0,40.634439
2005,6,8,7,2,1083,33.62,106,.933653,2,1,0,40.634439
2005,6,8,7,2,1083,120.03,10.1,.933653,2,0,0,120.03
2005,6,8,8,2,1083,0,216,.933653,2,1,0,0
2005,6,8,8,2,1083,11.01,19,.933653,2,1,0,40.634439
2005,6,8,8,2,1083,33.62,106,.933653,2,1,0,40.634439
2005,6,8,8,2,1083,120.03,10.1,.933653,2,0,0,120.03
2005,6,8,9,2,1083,0,235,.933653,2,1,0,0
2005,6,8,9,2,1083,33.21,15.1,.933653,2,1,0,40.634439
2005,6,8,9,2,1083,33.24,15.1,.933653,2,1,0,40.634439
2005,6,8,9,2,1083,33.27,15.1,.933653,2,1,0,40.634439
2005,6,8,9,2,1083,33.31,15.1,.933653,2,1,0,40.634439
2005,6,8,9,2,1083,33.34,15.1,.933653,2,1,0,40.634439
2005,6,8,9,2,1083,33.37,15.1,.933653,2,1,0,40.634439
2005,6,8,9,2,1083,33.41,15.4,.933653,2,1,0,40.634439
2005,6,8,9,2,1083,120.08,10.1,.933653,2,0,0,120.08
2005,6,8,10,2,1083,0,235,.933653,2,1,0,0
2005,6,8,10,2,1083,14.54,106,.933653,2,1,0,40.634439
2005,6,8,10,2,1083,120.02,10.1,.933653,2,0,0,120.02
2005,6,8,11,2,1083,0,235,.933653,2,1,0,0
2005,6,8,11,2,1083,14.54,106,.933653,2,1,0,40.634439
2005,6,8,11,2,1083,120.02,10.1,.933653,2,0,0,120.02
2005,6,8,12,2,1083,0,235,.933653,2,1,0,0
2005,6,8,12,2,1083,14.54,106,.933653,2,1,0,40.634439
2005,6,8,12,2,1083,120.02,10.1,.933653,2,0,0,120.02
2005,6,8,13,2,1083,0,235,.933653,2,1,0,0
2005,6,8,13,2,1083,14.54,106,.933653,2,1,0,40.634439
2005,6,8,13,2,1083,120.02,10.1,.933653,2,0,0,120.02
2005,6,8,14,2,1083,0,235,.933653,2,1,0,0
2005,6,8,14,2,1083,14.54,106,.933653,2,1,0,40.634439
2005,6,8,14,2,1083,120.02,10.1,.933653,2,0,0,120.02
2005,6,8,15,2,1083,0,235,.933653,2,1,0,0
2005,6,8,15,2,1083,14.54,106,.933653,2,1,0,40.634439
2005,6,8,15,2,1083,120.02,10.1,.933653,2,0,0,120.02
2005,6,8,16,2,1083,0,235,.933653,2,1,0,0
2005,6,8,16,2,1083,14.54,106,.933653,2,1,0,40.634439
2005,6,8,16,2,1083,120.02,10.1,.933653,2,0,0,120.02
2005,6,8,17,2,1083,0,235,.933653,2,1,0,0
2005,6,8,17,2,1083,14.54,106,.933653,2,1,0,40.634439
2005,6,8,17,2,1083,120.02,10.1,.933653,2,0,0,120.02
2005,6,8,18,2,1083,0,235,.933653,2,1,0,0
2005,6,8,18,2,1083,14.54,106,.933653,2,1,0,40.634439
2005,6,8,18,2,1083,120.02,10.1,.933653,2,0,0,120.02
2005,6,8,19,2,1083,0,235,.933653,2,1,0,0
2005,6,8,19,2,1083,14.54,106,.933653,2,1,0,40.634439
2005,6,8,19,2,1083,120.02,10.1,.933653,2,0,0,120.02
2005,6,8,20,2,1083,0,235,.933653,2,1,0,0
2005,6,8,20,2,1083,14.54,15.1,.933653,2,1,0,40.634439
2005,6,8,20,2,1083,33.03,15.1,.933653,2,1,0,40.634439
2005,6,8,20,2,1083,33.06,15.1,.933653,2,1,0,40.634439
2005,6,8,20,2,1083,33.09,15.1,.933653,2,1,0,40.634439
2005,6,8,20,2,1083,33.12,15.1,.933653,2,1,0,40.634439
2005,6,8,20,2,1083,33.15,15.1,.933653,2,1,0,40.634439
2005,6,8,20,2,1083,33.18,15.4,.933653,2,1,0,40.634439
2005,6,8,20,2,1083,120.08,10.1,.933653,2,0,0,120.08
2005,6,8,21,2,1083,0,235,.933653,2,1,0,0
2005,6,8,21,2,1083,33.26,15.1,.933653,2,1,0,40.634439
2005,6,8,21,2,1083,33.29,15.1,.933653,2,1,0,40.634439
2005,6,8,21,2,1083,33.33,15.1,.933653,2,1,0,40.634439
2005,6,8,21,2,1083,33.36,15.1,.933653,2,1,0,40.634439
2005,6,8,21,2,1083,33.39,15.1,.933653,2,1,0,40.634439
2005,6,8,21,2,1083,33.42,15.1,.933653,2,1,0,40.634439
2005,6,8,21,2,1083,33.45,15.4,.933653,2,1,0,40.634439
2005,6,8,21,2,1083,120.08,10.1,.933653,2,0,0,120.08
2005,6,8,22,2,1083,0,235,.933653,2,1,0,0
2005,6,8,22,2,1083,33.18,15.1,.933653,2,1,0,40.634439
2005,6,8,22,2,1083,33.22,15.1,.933653,2,1,0,40.634439
2005,6,8,22,2,1083,33.25,15.1,.933653,2,1,0,40.634439
2005,6,8,22,2,1083,33.28,15.1,.933653,2,1,0,40.634439
2005,6,8,22,2,1083,33.31,15.1,.933653,2,1,0,40.634439
2005,6,8,22,2,1083,33.34,15.1,.933653,2,1,0,40.634439
2005,6,8,22,2,1083,33.38,15.4,.933653,2,1,0,40.634439
2005,6,8,22,2,1083,120.08,10.1,.933653,2,0,0,120.08
2005,6,8,23,2,1083,0,235,.933653,2,1,0,0
2005,6,8,23,2,1083,33.02,15.1,.933653,2,1,0,40.634439
2005,6,8,23,2,1083,33.05,15.1,.933653,2,1,0,40.634439
2005,6,8,23,2,1083,33.08,15.1,.933653,2,1,0,40.634439
2005,6,8,23,2,1083,33.11,15.1,.933653,2,1,0,40.634439
2005,6,8,23,2,1083,33.14,15.1,.933653,2,1,0,40.634439
2005,6,8,23,2,1083,33.18,15.1,.933653,2,1,0,40.634439
2005,6,8,23,2,1083,33.21,15.4,.933653,2,1,0,40.634439
2005,6,8,23,2,1083,120.08,10.1,.933653,2,0,0,120.08
2005,6,8,24,2,1083,0,216,.933653,2,1,0,0
2005,6,8,24,2,1083,11.01,19,.933653,2,1,0,40.634439
2005,6,8,24,2,1083,33.62,15.1,.933653,2,1,0,40.634439
2005,6,8,24,2,1083,33.63,90.9,.933653,2,1,0,40.634439
2005,6,8,24,2,1083,120.04,10.1,.933653,2,0,0,120.04
2005,6,8,1,2,1084,0,235,.933653,2,1,0,0
2005,6,8,1,2,1084,33.15,15.1,.933653,2,1,0,40.761314
2005,6,8,1,2,1084,33.18,15.1,.933653,2,1,0,40.761314
2005,6,8,1,2,1084,33.21,15.1,.933653,2,1,0,40.761314
2005,6,8,1,2,1084,33.25,15.1,.933653,2,1,0,40.761314
2005,6,8,1,2,1084,33.28,15.1,.933653,2,1,0,40.761314
2005,6,8,1,2,1084,33.32,15.1,.933653,2,1,0,40.761314
2005,6,8,1,2,1084,33.35,15.4,.933653,2,1,0,40.761314
2005,6,8,1,2,1084,120.08,9.3,.933653,2,0,0,120.08
2005,6,8,2,2,1084,0,216,.933653,2,1,0,0
2005,6,8,2,2,1084,11.01,19,.933653,2,1,0,40.761314
2005,6,8,2,2,1084,33.38,106,.933653,2,1,0,40.761314
2005,6,8,2,2,1084,120.03,9.3,.933653,2,0,0,120.03
2005,6,8,3,2,1084,0,216,.933653,2,1,0,0
2005,6,8,3,2,1084,11.01,19,.933653,2,1,0,40.761314
2005,6,8,3,2,1084,33.38,106,.933653,2,1,0,40.761314
2005,6,8,3,2,1084,120.03,9.3,.933653,2,0,0,120.03
2005,6,8,4,2,1084,0,216,.933653,2,1,0,0
2005,6,8,4,2,1084,11.01,19,.933653,2,1,0,40.761314
2005,6,8,4,2,1084,33.38,106,.933653,2,1,0,40.761314
2005,6,8,4,2,1084,120.03,9.3,.933653,2,0,0,120.03
2005,6,8,5,2,1084,0,216,.933653,2,1,0,0
2005,6,8,5,2,1084,11.01,19,.933653,2,1,0,40.761314
2005,6,8,5,2,1084,33.38,106,.933653,2,1,0,40.761314
2005,6,8,5,2,1084,120.03,9.3,.933653,2,0,0,120.03
2005,6,8,6,2,1084,0,216,.933653,2,1,0,0
2005,6,8,6,2,1084,11.01,19,.933653,2,1,0,40.761314
2005,6,8,6,2,1084,33.38,106,.933653,2,1,0,40.761314
2005,6,8,6,2,1084,120.03,9.3,.933653,2,0,0,120.03
2005,6,8,7,2,1084,0,216,.933653,2,1,0,0
2005,6,8,7,2,1084,11.01,19,.933653,2,1,0,40.761314
2005,6,8,7,2,1084,33.38,106,.933653,2,1,0,40.761314
2005,6,8,7,2,1084,120.03,9.3,.933653,2,0,0,120.03
2005,6,8,8,2,1084,0,216,.933653,2,1,0,0
2005,6,8,8,2,1084,11.01,19,.933653,2,1,0,40.761314
2005,6,8,8,2,1084,33.38,106,.933653,2,1,0,40.761314
2005,6,8,8,2,1084,120.03,9.3,.933653,2,0,0,120.03
2005,6,8,9,2,1084,0,235,.933653,2,1,0,0
2005,6,8,9,2,1084,33.37,15.1,.933653,2,1,0,40.761314
2005,6,8,9,2,1084,33.38,90.9,.933653,2,1,0,40.761314
2005,6,8,9,2,1084,120.03,9.3,.933653,2,0,0,120.03
2005,6,8,10,2,1084,0,235,.933653,2,1,0,0
2005,6,8,10,2,1084,14.55,45.3,.933653,2,1,0,40.761314
2005,6,8,10,2,1084,33.02,15.1,.933653,2,1,0,40.761314
2005,6,8,10,2,1084,33.05,15.1,.933653,2,1,0,40.761314
2005,6,8,10,2,1084,33.08,15.1,.933653,2,1,0,40.761314
2005,6,8,10,2,1084,33.12,15.4,.933653,2,1,0,40.761314
2005,6,8,10,2,1084,120.06,9.3,.933653,2,0,0,120.06
2005,6,8,11,2,1084,0,235,.933653,2,1,0,0
2005,6,8,11,2,1084,33.02,15.1,.933653,2,1,0,40.761314
2005,6,8,11,2,1084,33.05,15.1,.933653,2,1,0,40.761314
2005,6,8,11,2,1084,33.08,15.1,.933653,2,1,0,40.761314
2005,6,8,11,2,1084,33.11,15.1,.933653,2,1,0,40.761314
2005,6,8,11,2,1084,33.14,15.1,.933653,2,1,0,40.761314
2005,6,8,11,2,1084,33.17,15.1,.933653,2,1,0,40.761314
2005,6,8,11,2,1084,33.2,15.4,.933653,2,1,0,40.761314
2005,6,8,11,2,1084,120.08,9.3,.933653,2,0,0,120.08
2005,6,8,12,2,1084,0,235,.933653,2,1,0,0
2005,6,8,12,2,1084,14.55,106,.933653,2,1,0,40.761314
2005,6,8,12,2,1084,120.02,9.3,.933653,2,0,0,120.02
2005,6,8,13,2,1084,0,235,.933653,2,1,0,0
2005,6,8,13,2,1084,14.55,106,.933653,2,1,0,40.761314
2005,6,8,13,2,1084,120.02,9.3,.933653,2,0,0,120.02
2005,6,8,14,2,1084,0,235,.933653,2,1,0,0
2005,6,8,14,2,1084,14.55,75.5,.933653,2,1,0,40.761314
2005,6,8,14,2,1084,33.04,15.1,.933653,2,1,0,40.761314
2005,6,8,14,2,1084,33.07,15.4,.933653,2,1,0,40.761314
2005,6,8,14,2,1084,120.04,9.3,.933653,2,0,0,120.04
2005,6,8,15,2,1084,0,235,.933653,2,1,0,0
2005,6,8,15,2,1084,14.55,106,.933653,2,1,0,40.761314
2005,6,8,15,2,1084,120.02,9.3,.933653,2,0,0,120.02
2005,6,8,16,2,1084,0,235,.933653,2,1,0,0
2005,6,8,16,2,1084,14.55,106,.933653,2,1,0,40.761314
2005,6,8,16,2,1084,120.02,9.3,.933653,2,0,0,120.02
2005,6,8,17,2,1084,0,235,.933653,2,1,0,0
2005,6,8,17,2,1084,14.55,106,.933653,2,1,0,40.761314
2005,6,8,17,2,1084,120.02,9.3,.933653,2,0,0,120.02
2005,6,8,18,2,1084,0,235,.933653,2,1,0,0
2005,6,8,18,2,1084,14.55,106,.933653,2,1,0,40.761314
2005,6,8,18,2,1084,120.02,9.3,.933653,2,0,0,120.02
2005,6,8,19,2,1084,0,235,.933653,2,1,0,0
2005,6,8,19,2,1084,14.55,106,.933653,2,1,0,40.761314
2005,6,8,19,2,1084,120.02,9.3,.933653,2,0,0,120.02
2005,6,8,20,2,1084,0,235,.933653,2,1,0,0
2005,6,8,20,2,1084,33.15,15.1,.933653,2,1,0,40.761314
2005,6,8,20,2,1084,33.18,15.1,.933653,2,1,0,40.761314
2005,6,8,20,2,1084,33.21,15.1,.933653,2,1,0,40.761314
2005,6,8,20,2,1084,33.24,15.1,.933653,2,1,0,40.761314
2005,6,8,20,2,1084,33.27,15.1,.933653,2,1,0,40.761314
2005,6,8,20,2,1084,33.3,15.1,.933653,2,1,0,40.761314
2005,6,8,20,2,1084,33.33,15.4,.933653,2,1,0,40.761314
2005,6,8,20,2,1084,120.08,9.3,.933653,2,0,0,120.08
2005,6,8,21,2,1084,0,235,.933653,2,1,0,0
2005,6,8,21,2,1084,33.37,106,.933653,2,1,0,40.761314
2005,6,8,21,2,1084,120.02,9.3,.933653,2,0,0,120.02
2005,6,8,22,2,1084,0,235,.933653,2,1,0,0
2005,6,8,22,2,1084,33.34,15.1,.933653,2,1,0,40.761314
2005,6,8,22,2,1084,33.37,15.1,.933653,2,1,0,40.761314
2005,6,8,22,2,1084,33.39,75.8,.933653,2,1,0,40.761314
2005,6,8,22,2,1084,120.04,9.3,.933653,2,0,0,120.04
2005,6,8,23,2,1084,0,235,.933653,2,1,0,0
2005,6,8,23,2,1084,33.17,15.1,.933653,2,1,0,40.761314
2005,6,8,23,2,1084,33.2,15.1,.933653,2,1,0,40.761314
2005,6,8,23,2,1084,33.24,15.1,.933653,2,1,0,40.761314
2005,6,8,23,2,1084,33.27,15.1,.933653,2,1,0,40.761314
2005,6,8,23,2,1084,33.3,15.1,.933653,2,1,0,40.761314
2005,6,8,23,2,1084,33.33,15.1,.933653,2,1,0,40.761314
2005,6,8,23,2,1084,33.37,15.4,.933653,2,1,0,40.761314
2005,6,8,23,2,1084,120.08,9.3,.933653,2,0,0,120.08
2005,6,8,24,2,1084,0,216,.933653,2,1,0,0
2005,6,8,24,2,1084,11.01,19,.933653,2,1,0,40.761314
2005,6,8,24,2,1084,33.38,106,.933653,2,1,0,40.761314
2005,6,8,24,2,1084,120.03,9.3,.933653,2,0,0,120.03
2005,6,8,9,9,201,0,2.4,0,2,1,0,0
2005,6,8,10,9,201,0,2.4,0,2,1,0,0
2005,6,8,11,9,201,0,2.4,0,2,1,0,0
2005,6,8,12,9,201,0,2.4,0,2,1,0,0
2005,6,8,13,9,201,0,2.4,0,2,1,0,0
2005,6,8,14,9,201,0,2.4,0,2,1,0,0
2005,6,8,15,9,201,0,2.4,0,2,1,0,0
2005,6,8,16,9,201,0,2.4,0,2,1,0,0
2005,6,8,17,9,201,0,2.5,0,2,1,0,0
2005,6,8,18,9,201,0,2.5,0,2,1,0,0
2005,6,8,19,9,201,0,2.5,0,2,1,0,0
2005,6,8,20,9,201,0,2.5,0,2,1,0,0
2005,6,8,21,9,201,0,2.6,0,2,1,0,0
2005,6,8,22,9,201,0,2.6,0,2,1,0,0
2005,6,8,23,9,201,0,2.6,0,2,1,0,0
2005,6,8,24,9,201,0,2.6,0,2,1,0,0
2005,6,8,1,6,1087,0,71,.929373,2,1,0,0
2005,6,8,1,6,1087,24.26,89,.929373,2,1,0,40.021634
2005,6,8,1,6,1087,150,47,.929373,2,0,0,150
2005,6,8,2,6,1087,0,71,.929373,2,1,0,0
2005,6,8,2,6,1087,24.26,89,.929373,2,1,0,40.021634
2005,6,8,2,6,1087,150,47,.929373,2,0,0,150
2005,6,8,3,6,1087,0,71,.929373,2,1,0,0
2005,6,8,3,6,1087,24.26,89,.929373,2,1,0,40.021634
2005,6,8,3,6,1087,150,47,.929373,2,0,0,150
2005,6,8,4,6,1087,0,71,.929373,2,1,0,0
2005,6,8,4,6,1087,24.26,89,.929373,2,1,0,40.021634
2005,6,8,4,6,1087,150,47,.929373,2,0,0,150
2005,6,8,5,6,1087,0,71,.929373,2,1,0,0
2005,6,8,5,6,1087,24.26,89,.929373,2,1,0,40.021634
2005,6,8,5,6,1087,150,47,.929373,2,0,0,150
2005,6,8,6,6,1087,0,71,.929373,2,1,0,0
2005,6,8,6,6,1087,24.26,89,.929373,2,1,0,40.021634
2005,6,8,6,6,1087,150,47,.929373,2,0,0,150
2005,6,8,7,6,1087,0,71,.929373,2,1,0,0
2005,6,8,7,6,1087,24.26,89,.929373,2,1,0,40.021634
2005,6,8,7,6,1087,150,47,.929373,2,0,0,150
2005,6,8,8,6,1087,0,71,.929373,2,1,0,0
2005,6,8,8,6,1087,24.26,89,.929373,2,1,0,40.021634
2005,6,8,8,6,1087,150,47,.929373,2,0,0,150
2005,6,8,9,6,1087,47.04,160,.929373,2,1,0,40.021634
2005,6,8,9,6,1087,150,47,.929373,2,0,0,150
2005,6,8,10,6,1087,47.04,160,.929373,2,1,0,40.021634
2005,6,8,10,6,1087,150,47,.929373,2,0,0,150
2005,6,8,11,6,1087,47.04,160,.929373,2,1,0,40.021634
2005,6,8,11,6,1087,150,47,.929373,2,0,0,150
2005,6,8,12,6,1087,47.04,160,.929373,2,1,0,40.021634
2005,6,8,12,6,1087,150,47,.929373,2,0,0,150
2005,6,8,13,6,1087,47.04,160,.929373,2,1,0,40.021634
2005,6,8,13,6,1087,150,47,.929373,2,0,0,150
2005,6,8,14,6,1087,47.04,160,.929373,2,1,0,40.021634
2005,6,8,14,6,1087,150,47,.929373,2,0,0,150
2005,6,8,15,6,1087,47.04,160,.929373,2,1,0,40.021634
2005,6,8,15,6,1087,150,47,.929373,2,0,0,150
2005,6,8,16,6,1087,47.04,160,.929373,2,1,0,40.021634
2005,6,8,16,6,1087,150,47,.929373,2,0,0,150
2005,6,8,17,6,1087,47.04,160,.929373,2,1,0,40.021634
2005,6,8,17,6,1087,150,47,.929373,2,0,0,150
2005,6,8,18,6,1087,47.04,160,.929373,2,1,0,40.021634
2005,6,8,18,6,1087,150,47,.929373,2,0,0,150
2005,6,8,19,6,1087,47.04,160,.929373,2,1,0,40.021634
2005,6,8,19,6,1087,150,47,.929373,2,0,0,150
2005,6,8,20,6,1087,47.04,160,.929373,2,1,0,40.021634
2005,6,8,20,6,1087,150,47,.929373,2,0,0,150
2005,6,8,21,6,1087,47.04,160,.929373,2,1,0,40.021634
2005,6,8,21,6,1087,150,47,.929373,2,0,0,150
2005,6,8,22,6,1087,47.04,160,.929373,2,1,0,40.021634
2005,6,8,22,6,1087,150,47,.929373,2,0,0,150
2005,6,8,23,6,1087,47.04,160,.929373,2,1,0,40.021634
2005,6,8,23,6,1087,150,47,.929373,2,0,0,150
2005,6,8,24,6,1087,47.04,160,.929373,2,1,0,40.021634
2005,6,8,24,6,1087,150,47,.929373,2,0,0,150
2005,6,8,1,6,1088,0,137,.990301,2,1,0,0
2005,6,8,1,6,1088,21.31,162,.990301,2,1,0,40.547563
2005,6,8,2,6,1088,0,137,.990301,2,1,0,0
2005,6,8,2,6,1088,21.31,162,.990301,2,1,0,40.547563
2005,6,8,3,6,1088,0,137,.990301,2,1,0,0
2005,6,8,3,6,1088,21.31,162,.990301,2,1,0,40.547563
2005,6,8,4,6,1088,0,137,.990301,2,1,0,0
2005,6,8,4,6,1088,21.31,162,.990301,2,1,0,40.547563
2005,6,8,5,6,1088,0,137,.990301,2,1,0,0
2005,6,8,5,6,1088,21.31,162,.990301,2,1,0,40.547563
2005,6,8,6,6,1088,0,137,.990301,2,1,0,0
2005,6,8,6,6,1088,21.31,162,.990301,2,1,0,40.547563
2005,6,8,7,6,1088,0,137,.990301,2,1,0,0
2005,6,8,7,6,1088,21.31,162,.990301,2,1,0,40.547563
2005,6,8,8,6,1088,0,137,.990301,2,1,0,0
2005,6,8,8,6,1088,21.31,162,.990301,2,1,0,40.547563
2005,6,8,9,6,1088,40.19,299,.990301,2,1,0,40.547563
2005,6,8,10,6,1088,40.19,299,.990301,2,1,0,40.547563
2005,6,8,11,6,1088,40.19,299,.990301,2,1,0,40.547563
2005,6,8,12,6,1088,40.19,299,.990301,2,1,0,40.547563
2005,6,8,13,6,1088,40.19,299,.990301,2,1,0,40.547563
2005,6,8,14,6,1088,40.19,299,.990301,2,1,0,40.547563
2005,6,8,15,6,1088,40.19,299,.990301,2,1,0,40.547563
2005,6,8,16,6,1088,40.19,299,.990301,2,1,0,40.547563
2005,6,8,17,6,1088,40.19,299,.990301,2,1,0,40.547563
2005,6,8,18,6,1088,40.19,299,.990301,2,1,0,40.547563
2005,6,8,19,6,1088,40.19,299,.990301,2,1,0,40.547563
2005,6,8,20,6,1088,40.19,299,.990301,2,1,0,40.547563
2005,6,8,21,6,1088,40.19,299,.990301,2,1,0,40.547563
2005,6,8,22,6,1088,40.19,299,.990301,2,1,0,40.547563
2005,6,8,23,6,1088,40.19,299,.990301,2,1,0,40.547563
2005,6,8,24,6,1088,40.19,299,.990301,2,1,0,40.547563
2005,6,8,1,9,204,0,12.2,0,2,1,0,0
2005,6,8,2,9,204,0,12.2,0,2,1,0,0
2005,6,8,3,9,204,0,12.2,0,2,1,0,0
2005,6,8,4,9,204,0,12.2,0,2,1,0,0
2005,6,8,5,9,204,0,12.2,0,2,1,0,0
2005,6,8,6,9,204,0,12.3,0,2,1,0,0
2005,6,8,7,9,204,0,12.3,0,2,1,0,0
2005,6,8,8,9,204,0,12.3,0,2,1,0,0
2005,6,8,9,9,204,0,12.3,0,2,1,0,0
2005,6,8,10,9,204,0,12.2,0,2,1,0,0
2005,6,8,11,9,204,0,12,0,2,1,0,0
2005,6,8,12,9,204,0,11.9,0,2,1,0,0
2005,6,8,13,9,204,0,11.9,0,2,1,0,0
2005,6,8,14,9,204,0,11.8,0,2,1,0,0
2005,6,8,15,9,204,0,11.7,0,2,1,0,0
2005,6,8,16,9,204,0,11.7,0,2,1,0,0
2005,6,8,17,9,204,0,11.7,0,2,1,0,0
2005,6,8,18,9,204,0,11.6,0,2,1,0,0
2005,6,8,19,9,204,0,11.7,0,2,1,0,0
2005,6,8,20,9,204,0,11.8,0,2,1,0,0
2005,6,8,21,9,204,0,11.8,0,2,1,0,0
2005,6,8,22,9,204,0,11.9,0,2,1,0,0
2005,6,8,23,9,204,0,12,0,2,1,0,0
2005,6,8,24,9,204,0,12.2,0,2,1,0,0
2005,6,8,1,9,205,0,3.7,0,2,1,0,0
2005,6,8,2,9,205,0,1.9,0,2,1,0,0
2005,6,8,3,9,205,0,1.1,0,2,1,0,0
2005,6,8,4,9,205,0,.7,0,2,1,0,0
2005,6,8,5,9,205,0,.6,0,2,1,0,0
2005,6,8,6,9,205,0,.7,0,2,1,0,0
2005,6,8,7,9,205,0,.8,0,2,1,0,0
2005,6,8,8,9,205,0,.8,0,2,1,0,0
2005,6,8,9,9,205,0,.8,0,2,1,0,0
2005,6,8,10,9,205,0,.6,0,2,1,0,0
2005,6,8,11,9,205,0,.5,0,2,1,0,0
2005,6,8,12,9,205,0,.2,0,2,1,0,0
2005,6,8,13,9,205,0,.4,0,2,1,0,0
2005,6,8,14,9,205,0,1,0,2,1,0,0
2005,6,8,15,9,205,0,1.9,0,2,1,0,0
2005,6,8,16,9,205,0,4.1,0,2,1,0,0
2005,6,8,17,9,205,0,6.3,0,2,1,0,0
2005,6,8,18,9,205,0,9,0,2,1,0,0
2005,6,8,19,9,205,0,11.6,0,2,1,0,0
2005,6,8,20,9,205,0,12.5,0,2,1,0,0
2005,6,8,21,9,205,0,12.4,0,2,1,0,0
2005,6,8,22,9,205,0,11.2,0,2,1,0,0
2005,6,8,23,9,205,0,8.4,0,2,1,0,0
2005,6,8,24,9,205,0,5.5,0,2,1,0,0
2005,6,8,1,9,206,0,3.1,0,2,1,0,0
2005,6,8,2,9,206,0,3.1,0,2,1,0,0
2005,6,8,3,9,206,0,3.1,0,2,1,0,0
2005,6,8,4,9,206,0,3.1,0,2,1,0,0
2005,6,8,5,9,206,0,3.1,0,2,1,0,0
2005,6,8,6,9,206,0,3.1,0,2,1,0,0
2005,6,8,7,9,206,0,3.1,0,2,1,0,0
2005,6,8,8,9,206,0,3.1,0,2,1,0,0
2005,6,8,9,9,206,0,3.1,0,2,1,0,0
2005,6,8,10,9,206,0,3.1,0,2,1,0,0
2005,6,8,11,9,206,0,3.1,0,2,1,0,0
2005,6,8,12,9,206,0,3.1,0,2,1,0,0
2005,6,8,13,9,206,0,3.1,0,2,1,0,0
2005,6,8,14,9,206,0,3.1,0,2,1,0,0
2005,6,8,15,9,206,0,3.1,0,2,1,0,0
2005,6,8,16,9,206,0,3.1,0,2,1,0,0
2005,6,8,17,9,206,0,3.1,0,2,1,0,0
2005,6,8,18,9,206,0,3.1,0,2,1,0,0
2005,6,8,19,9,206,0,3.1,0,2,1,0,0
2005,6,8,20,9,206,0,3.1,0,2,1,0,0
2005,6,8,21,9,206,0,3.1,0,2,1,0,0
2005,6,8,22,9,206,0,3.1,0,2,1,0,0
2005,6,8,23,9,206,0,3.1,0,2,1,0,0
2005,6,8,24,9,206,0,3.1,0,2,1,0,0
2005,6,8,1,9,207,0,2.3,0,2,1,0,0
2005,6,8,2,9,207,0,2.3,0,2,1,0,0
2005,6,8,3,9,207,0,2.3,0,2,1,0,0
2005,6,8,4,9,207,0,2.3,0,2,1,0,0
2005,6,8,5,9,207,0,2.3,0,2,1,0,0
2005,6,8,6,9,207,0,2.3,0,2,1,0,0
2005,6,8,7,9,207,0,2.3,0,2,1,0,0
2005,6,8,8,9,207,0,2.3,0,2,1,0,0
2005,6,8,9,9,207,0,2.3,0,2,1,0,0
2005,6,8,10,9,207,0,2.3,0,2,1,0,0
2005,6,8,11,9,207,0,2.3,0,2,1,0,0
2005,6,8,12,9,207,0,2.3,0,2,1,0,0
2005,6,8,13,9,207,0,2.3,0,2,1,0,0
2005,6,8,14,9,207,0,2.3,0,2,1,0,0
2005,6,8,15,9,207,0,2,0,2,1,0,0
2005,6,8,16,9,207,0,2,0,2,1,0,0
2005,6,8,17,9,207,0,2,0,2,1,0,0
2005,6,8,18,9,207,0,2,0,2,1,0,0
2005,6,8,19,9,207,0,2,0,2,1,0,0
2005,6,8,20,9,207,0,2,0,2,1,0,0
2005,6,8,21,9,207,0,2,0,2,1,0,0
2005,6,8,22,9,207,0,2,0,2,1,0,0
2005,6,8,23,9,207,0,2.3,0,2,1,0,0
2005,6,8,24,9,207,0,2.4,0,2,1,0,0
2005,6,8,1,9,208,33.01,121.7,0,1,0,0,33.01
2005,6,8,1,9,208,36.01,334.6,0,1,0,0,36.01
2005,6,8,1,9,208,45.01,16.6,0,1,1,0,45.01
2005,6,8,2,9,208,33.01,121.7,0,1,0,0,33.01
2005,6,8,2,9,208,36.01,334.6,0,1,0,0,36.01
2005,6,8,2,9,208,45.01,557.7,0,1,1,0,45.01
2005,6,8,3,9,208,33.01,182.5,0,1,0,0,33.01
2005,6,8,3,9,208,36.01,334.6,0,1,0,0,36.01
2005,6,8,3,9,208,40,273.8,0,1,1,0,40
2005,6,8,3,9,208,45.01,223.1,0,1,1,0,45.01
2005,6,8,4,9,208,27.01,131.8,0,1,0,0,27.01
2005,6,8,4,9,208,33.01,314.3,0,1,0,0,33.01
2005,6,8,4,9,208,36.01,294.1,0,1,0,0,36.01
2005,6,8,4,9,208,40,273.8,0,1,1,0,40
2005,6,8,5,9,208,27.01,243.4,0,1,0,0,27.01
2005,6,8,5,9,208,33.01,314.3,0,1,0,0,33.01
2005,6,8,5,9,208,36.01,182.5,0,1,0,0,36.01
2005,6,8,5,9,208,40,273.8,0,1,1,0,40
2005,6,8,6,9,208,27.01,273.8,0,1,0,0,27.01
2005,6,8,6,9,208,33.01,314.3,0,1,0,0,33.01
2005,6,8,6,9,208,36.01,152.1,0,1,0,0,36.01
2005,6,8,6,9,208,40,273.8,0,1,1,0,40
2005,6,8,7,9,208,27.01,243.4,0,1,0,0,27.01
2005,6,8,7,9,208,33.01,314.3,0,1,0,0,33.01
2005,6,8,7,9,208,36.01,182.5,0,1,0,0,36.01
2005,6,8,7,9,208,40,273.8,0,1,0,0,40
2005,6,8,8,9,208,27.01,426.2,0,1,0,0,27.01
2005,6,8,8,9,208,33.01,314.3,0,1,0,0,33.01
2005,6,8,8,9,208,36.01,182.5,0,1,0,0,36.01
2005,6,8,8,9,208,40,91,0,1,0,0,40
2005,6,8,9,9,208,23.01,365.1,0,1,0,0,23.01
2005,6,8,9,9,208,29.01,314.3,0,1,0,0,29.01
2005,6,8,9,9,208,32.01,334.6,0,1,0,0,32.01
2005,6,8,10,9,208,48.01,557.7,0,1,0,0,48.01
2005,6,8,10,9,208,51.01,456.3,0,1,0,0,51.01
2005,6,8,11,9,208,48.01,557.7,0,1,0,0,48.01
2005,6,8,11,9,208,51.01,456.3,0,1,0,0,51.01
2005,6,8,12,9,208,48.01,557.7,0,1,0,0,48.01
2005,6,8,12,9,208,51.01,456.3,0,1,0,0,51.01
2005,6,8,13,9,208,48.01,557.7,0,1,0,0,48.01
2005,6,8,13,9,208,51.01,456.3,0,1,0,0,51.01
2005,6,8,14,9,208,48.01,557.7,0,1,0,0,48.01
2005,6,8,14,9,208,51.01,456.3,0,1,0,0,51.01
2005,6,8,15,9,208,48.01,557.7,0,1,0,0,48.01
2005,6,8,15,9,208,51.01,456.3,0,1,0,0,51.01
2005,6,8,16,9,208,48.01,557.7,0,1,0,0,48.01
2005,6,8,16,9,208,51.01,456.3,0,1,0,0,51.01
2005,6,8,17,9,208,48.01,557.7,0,1,0,0,48.01
2005,6,8,17,9,208,51.01,456.3,0,1,0,0,51.01
2005,6,8,18,9,208,48.01,557.7,0,1,0,0,48.01
2005,6,8,18,9,208,51.01,456.3,0,1,0,0,51.01
2005,6,8,19,9,208,48.01,557.7,0,1,0,0,48.01
2005,6,8,19,9,208,51.01,456.3,0,1,0,0,51.01
2005,6,8,20,9,208,48.01,557.7,0,1,0,0,48.01
2005,6,8,20,9,208,51.01,456.3,0,1,0,0,51.01
2005,6,8,21,9,208,48.01,557.7,0,1,0,0,48.01
2005,6,8,21,9,208,51.01,456.3,0,1,0,0,51.01
2005,6,8,22,9,208,48.01,557.7,0,1,0,0,48.01
2005,6,8,22,9,208,51.01,456.3,0,1,0,0,51.01
2005,6,8,23,9,208,48.01,557.7,0,1,0,0,48.01
2005,6,8,23,9,208,51.01,456.3,0,1,0,0,51.01
2005,6,8,24,9,208,48.01,557.7,0,1,0,0,48.01
2005,6,8,24,9,208,51.01,2.1,0,1,1,0,51.01
2005,6,8,1,9,209,75.5,50,0,2,0,0,75.5
2005,6,8,1,9,209,77.5,50,0,2,0,0,77.5
2005,6,8,1,9,209,78.5,15,0,2,0,0,78.5
2005,6,8,1,9,209,85,25,0,2,0,0,85
2005,6,8,1,9,209,90,10,0,2,0,0,90
2005,6,8,1,9,209,95,10,0,2,0,0,95
2005,6,8,1,9,209,100,10,0,2,0,0,100
2005,6,8,2,9,209,66,200,0,2,0,0,66
2005,6,8,2,9,209,73,118,0,2,0,0,73
2005,6,8,3,9,209,66,200,0,2,0,0,66
2005,6,8,3,9,209,73,118,0,2,0,0,73
2005,6,8,4,9,209,66,200,0,2,0,0,66
2005,6,8,4,9,209,73,118,0,2,0,0,73
2005,6,8,5,9,209,66,200,0,2,0,0,66
2005,6,8,5,9,209,73,118,0,2,0,0,73
2005,6,8,6,9,209,66,200,0,2,0,0,66
2005,6,8,6,9,209,73,118,0,2,0,0,73
2005,6,8,7,9,209,66,200,0,2,0,0,66
2005,6,8,7,9,209,73,118,0,2,0,0,73
2005,6,8,8,9,209,66,200,0,2,0,0,66
2005,6,8,8,9,209,73,118,0,2,0,0,73
2005,6,8,9,9,209,69,250,0,2,1,0,69
2005,6,8,9,9,209,73,118,0,2,0,0,73
2005,6,8,10,9,209,75.5,50,0,2,1,0,75.5
2005,6,8,10,9,209,77.5,50,0,2,1,0,77.5
2005,6,8,10,9,209,78.5,15,0,2,1,0,78.5
2005,6,8,10,9,209,85,25,0,2,0,0,85
2005,6,8,10,9,209,90,10,0,2,0,0,90
2005,6,8,10,9,209,95,10,0,2,0,0,95
2005,6,8,10,9,209,100,10,0,2,0,0,100
2005,6,8,11,9,209,75.5,50,0,2,1,0,75.5
2005,6,8,11,9,209,77.5,50,0,2,1,0,77.5
2005,6,8,11,9,209,78.5,15,0,2,1,0,78.5
2005,6,8,11,9,209,85,25,0,2,1,0,85
2005,6,8,11,9,209,90,10,0,2,0,0,90
2005,6,8,11,9,209,95,10,0,2,0,0,95
2005,6,8,11,9,209,100,10,0,2,0,0,100
2005,6,8,12,9,209,75.5,50,0,2,1,0,75.5
2005,6,8,12,9,209,77.5,50,0,2,1,0,77.5
2005,6,8,12,9,209,78.5,15,0,2,1,0,78.5
2005,6,8,12,9,209,85,25,0,2,1,0,85
2005,6,8,12,9,209,90,10,0,2,1,0,90
2005,6,8,12,9,209,95,10,0,2,0,0,95
2005,6,8,12,9,209,100,10,0,2,0,0,100
2005,6,8,13,9,209,75.5,50,0,2,1,0,75.5
2005,6,8,13,9,209,77.5,50,0,2,1,0,77.5
2005,6,8,13,9,209,78.5,15,0,2,1,0,78.5
2005,6,8,13,9,209,85,25,0,2,1,0,85
2005,6,8,13,9,209,90,10,0,2,1,0,90
2005,6,8,13,9,209,95,10,0,2,1,0,95
2005,6,8,13,9,209,100,10,0,2,1,0,100
2005,6,8,14,9,209,75.5,50,0,2,1,0,75.5
2005,6,8,14,9,209,77.5,50,0,2,1,0,77.5
2005,6,8,14,9,209,78.5,15,0,2,1,0,78.5
2005,6,8,14,9,209,85,25,0,2,1,0,85
2005,6,8,14,9,209,90,10,0,2,1,0,90
2005,6,8,14,9,209,95,10,0,2,1,0,95
2005,6,8,14,9,209,100,10,0,2,0,0,100
2005,6,8,15,9,209,75.5,50,0,2,1,0,75.5
2005,6,8,15,9,209,77.5,50,0,2,1,0,77.5
2005,6,8,15,9,209,78.5,15,0,2,1,0,78.5
2005,6,8,15,9,209,85,25,0,2,1,0,85
2005,6,8,15,9,209,90,10,0,2,0,0,90
2005,6,8,15,9,209,95,10,0,2,0,0,95
2005,6,8,15,9,209,100,10,0,2,0,0,100
2005,6,8,16,9,209,75.5,50,0,2,1,0,75.5
2005,6,8,16,9,209,77.5,50,0,2,1,0,77.5
2005,6,8,16,9,209,78.5,15,0,2,1,0,78.5
2005,6,8,16,9,209,85,25,0,2,1,0,85
2005,6,8,16,9,209,90,10,0,2,0,0,90
2005,6,8,16,9,209,95,10,0,2,0,0,95
2005,6,8,16,9,209,100,10,0,2,0,0,100
2005,6,8,17,9,209,75.5,50,0,2,1,0,75.5
2005,6,8,17,9,209,77.5,50,0,2,1,0,77.5
2005,6,8,17,9,209,78.5,15,0,2,1,0,78.5
2005,6,8,17,9,209,85,25,0,2,1,0,85
2005,6,8,17,9,209,90,10,0,2,0,0,90
2005,6,8,17,9,209,95,10,0,2,0,0,95
2005,6,8,17,9,209,100,10,0,2,0,0,100
2005,6,8,18,9,209,75.5,50,0,2,1,0,75.5
2005,6,8,18,9,209,77.5,50,0,2,1,0,77.5
2005,6,8,18,9,209,78.5,15,0,2,1,0,78.5
2005,6,8,18,9,209,85,25,0,2,1,0,85
2005,6,8,18,9,209,90,10,0,2,1,0,90
2005,6,8,18,9,209,95,5.8,0,2,1,0,95
2005,6,8,18,9,209,100,10,0,2,0,0,100
2005,6,8,19,9,209,75.5,50,0,2,1,0,75.5
2005,6,8,19,9,209,77.5,50,0,2,1,0,77.5
2005,6,8,19,9,209,78.5,15,0,2,1,0,78.5
2005,6,8,19,9,209,85,25,0,2,1,0,85
2005,6,8,19,9,209,90,10,0,2,0,0,90
2005,6,8,19,9,209,95,10,0,2,0,0,95
2005,6,8,19,9,209,100,10,0,2,0,0,100
2005,6,8,20,9,209,75.5,50,0,2,1,0,75.5
2005,6,8,20,9,209,77.5,50,0,2,1,0,77.5
2005,6,8,20,9,209,78.5,15,0,2,1,0,78.5
2005,6,8,20,9,209,85,25,0,2,0,0,85
2005,6,8,20,9,209,90,10,0,2,0,0,90
2005,6,8,20,9,209,95,10,0,2,0,0,95
2005,6,8,20,9,209,100,10,0,2,0,0,100
2005,6,8,21,9,209,75.5,50,0,2,0,0,75.5
2005,6,8,21,9,209,77.5,50,0,2,0,0,77.5
2005,6,8,21,9,209,78.5,15,0,2,0,0,78.5
2005,6,8,21,9,209,85,25,0,2,0,0,85
2005,6,8,21,9,209,90,10,0,2,0,0,90
2005,6,8,21,9,209,95,10,0,2,0,0,95
2005,6,8,21,9,209,100,10,0,2,0,0,100
2005,6,8,22,9,209,75.5,50,0,2,0,0,75.5
2005,6,8,22,9,209,77.5,50,0,2,0,0,77.5
2005,6,8,22,9,209,78.5,15,0,2,0,0,78.5
2005,6,8,22,9,209,85,25,0,2,0,0,85
2005,6,8,22,9,209,90,10,0,2,0,0,90
2005,6,8,22,9,209,95,10,0,2,0,0,95
2005,6,8,22,9,209,100,10,0,2,0,0,100
2005,6,8,23,9,209,75.5,50,0,2,0,0,75.5
2005,6,8,23,9,209,77.5,50,0,2,0,0,77.5
2005,6,8,23,9,209,78.5,15,0,2,0,0,78.5
2005,6,8,23,9,209,85,25,0,2,0,0,85
2005,6,8,23,9,209,90,10,0,2,0,0,90
2005,6,8,23,9,209,95,10,0,2,0,0,95
2005,6,8,23,9,209,100,10,0,2,0,0,100
2005,6,8,24,9,209,75.5,50,0,2,0,0,75.5
2005,6,8,24,9,209,77.5,50,0,2,0,0,77.5
2005,6,8,24,9,209,78.5,15,0,2,0,0,78.5
2005,6,8,24,9,209,85,25,0,2,0,0,85
2005,6,8,24,9,209,90,10,0,2,0,0,90
2005,6,8,24,9,209,95,10,0,2,0,0,95
2005,6,8,24,9,209,100,10,0,2,0,0,100
2005,6,8,1,9,210,180,.1,0,2,0,0,180
2005,6,8,1,4,1091,0,190,.926179,2,1,0,0
2005,6,8,1,4,1091,34.81,10,.926179,2,1,0,39.282198
2005,6,8,1,4,1091,35.37,10,.926179,2,1,0,39.282198
2005,6,8,1,4,1091,36.02,10,.926179,2,1,0,39.282198
2005,6,8,1,4,1091,36.77,10,.926179,2,1,0,39.282198
2005,6,8,1,4,1091,37.61,10,.926179,2,1,0,39.282198
2005,6,8,1,4,1091,75,10,.926179,2,0,0,39.282198
2005,6,8,1,4,1091,150,14,.926179,2,0,0,150
2005,6,8,2,4,1091,0,140,.926179,2,1,0,0
2005,6,8,2,4,1091,25,40,.926179,2,1,0,39.282198
2005,6,8,2,4,1091,34.35,10,.926179,2,1,0,39.282198
2005,6,8,2,4,1091,34.81,10,.926179,2,1,0,39.282198
2005,6,8,2,4,1091,35.37,10,.926179,2,1,0,39.282198
2005,6,8,2,4,1091,36.02,10,.926179,2,1,0,39.282198
2005,6,8,2,4,1091,36.77,10,.926179,2,1,0,39.282198
2005,6,8,2,4,1091,37.61,10,.926179,2,1,0,39.282198
2005,6,8,2,4,1091,75,10,.926179,2,0,0,39.282198
2005,6,8,2,4,1091,150,14,.926179,2,0,0,150
2005,6,8,3,4,1091,0,140,.926179,2,1,0,0
2005,6,8,3,4,1091,25,40,.926179,2,1,0,39.282198
2005,6,8,3,4,1091,34.35,10,.926179,2,1,0,39.282198
2005,6,8,3,4,1091,34.81,10,.926179,2,1,0,39.282198
2005,6,8,3,4,1091,35.37,10,.926179,2,1,0,39.282198
2005,6,8,3,4,1091,36.02,10,.926179,2,1,0,39.282198
2005,6,8,3,4,1091,36.77,10,.926179,2,1,0,39.282198
2005,6,8,3,4,1091,37.61,10,.926179,2,1,0,39.282198
2005,6,8,3,4,1091,75,10,.926179,2,0,0,39.282198
2005,6,8,3,4,1091,150,14,.926179,2,0,0,150
2005,6,8,4,4,1091,0,140,.926179,2,1,0,0
2005,6,8,4,4,1091,25,40,.926179,2,1,0,39.282198
2005,6,8,4,4,1091,34.35,10,.926179,2,1,0,39.282198
2005,6,8,4,4,1091,34.81,10,.926179,2,1,0,39.282198
2005,6,8,4,4,1091,35.37,10,.926179,2,1,0,39.282198
2005,6,8,4,4,1091,36.02,10,.926179,2,1,0,39.282198
2005,6,8,4,4,1091,36.77,10,.926179,2,1,0,39.282198
2005,6,8,4,4,1091,37.61,10,.926179,2,1,0,39.282198
2005,6,8,4,4,1091,75,10,.926179,2,0,0,39.282198
2005,6,8,4,4,1091,150,14,.926179,2,0,0,150
2005,6,8,5,4,1091,0,140,.926179,2,1,0,0
2005,6,8,5,4,1091,25,40,.926179,2,1,0,39.282198
2005,6,8,5,4,1091,34.35,10,.926179,2,1,0,39.282198
2005,6,8,5,4,1091,34.81,10,.926179,2,1,0,39.282198
2005,6,8,5,4,1091,35.37,10,.926179,2,1,0,39.282198
2005,6,8,5,4,1091,36.02,10,.926179,2,1,0,39.282198
2005,6,8,5,4,1091,36.77,10,.926179,2,1,0,39.282198
2005,6,8,5,4,1091,37.61,10,.926179,2,1,0,39.282198
2005,6,8,5,4,1091,75,10,.926179,2,0,0,39.282198
2005,6,8,5,4,1091,150,14,.926179,2,0,0,150
2005,6,8,6,4,1091,0,140,.926179,2,1,0,0
2005,6,8,6,4,1091,25,40,.926179,2,1,0,39.282198
2005,6,8,6,4,1091,34.35,10,.926179,2,1,0,39.282198
2005,6,8,6,4,1091,34.81,10,.926179,2,1,0,39.282198
2005,6,8,6,4,1091,35.37,10,.926179,2,1,0,39.282198
2005,6,8,6,4,1091,36.02,10,.926179,2,1,0,39.282198
2005,6,8,6,4,1091,36.77,10,.926179,2,1,0,39.282198
2005,6,8,6,4,1091,37.61,10,.926179,2,1,0,39.282198
2005,6,8,6,4,1091,75,10,.926179,2,0,0,39.282198
2005,6,8,6,4,1091,150,14,.926179,2,0,0,150
2005,6,8,7,4,1091,0,140,.926179,2,1,0,0
2005,6,8,7,4,1091,25,40,.926179,2,1,0,39.282198
2005,6,8,7,4,1091,34.35,10,.926179,2,1,0,39.282198
2005,6,8,7,4,1091,34.81,10,.926179,2,1,0,39.282198
2005,6,8,7,4,1091,35.37,10,.926179,2,1,0,39.282198
2005,6,8,7,4,1091,36.02,10,.926179,2,1,0,39.282198
2005,6,8,7,4,1091,36.77,10,.926179,2,1,0,39.282198
2005,6,8,7,4,1091,37.61,10,.926179,2,1,0,39.282198
2005,6,8,7,4,1091,75,10,.926179,2,0,0,39.282198
2005,6,8,7,4,1091,150,14,.926179,2,0,0,150
2005,6,8,8,4,1091,0,200,.926179,2,1,0,0
2005,6,8,8,4,1091,35.37,10,.926179,2,1,0,39.282198
2005,6,8,8,4,1091,36.02,10,.926179,2,1,0,39.282198
2005,6,8,8,4,1091,36.77,10,.926179,2,1,0,39.282198
2005,6,8,8,4,1091,37.61,10,.926179,2,1,0,39.282198
2005,6,8,8,4,1091,75,10,.926179,2,0,0,39.282198
2005,6,8,8,4,1091,150,14,.926179,2,0,0,150
2005,6,8,9,4,1091,0,240,.926179,2,1,0,0
2005,6,8,9,4,1091,75,10,.926179,2,0,0,39.282198
2005,6,8,9,4,1091,150,14,.926179,2,0,0,150
2005,6,8,10,4,1091,0,240,.926179,2,1,0,0
2005,6,8,10,4,1091,75,10,.926179,2,1,0,39.282198
2005,6,8,10,4,1091,150,14,.926179,2,0,0,150
2005,6,8,11,4,1091,0,240,.926179,2,1,0,0
2005,6,8,11,4,1091,75,10,.926179,2,1,0,39.282198
2005,6,8,11,4,1091,150,14,.926179,2,0,0,150
2005,6,8,12,4,1091,0,240,.926179,2,1,0,0
2005,6,8,12,4,1091,75,10,.926179,2,1,0,39.282198
2005,6,8,12,4,1091,150,14,.926179,2,0,0,150
2005,6,8,13,4,1091,0,240,.926179,2,1,0,0
2005,6,8,13,4,1091,75,10,.926179,2,1,0,39.282198
2005,6,8,13,4,1091,150,14,.926179,2,0,0,150
2005,6,8,14,4,1091,0,240,.926179,2,1,0,0
2005,6,8,14,4,1091,75,10,.926179,2,1,0,39.282198
2005,6,8,14,4,1091,150,14,.926179,2,0,0,150
2005,6,8,15,4,1091,0,240,.926179,2,1,0,0
2005,6,8,15,4,1091,75,10,.926179,2,1,0,39.282198
2005,6,8,15,4,1091,150,14,.926179,2,0,0,150
2005,6,8,16,4,1091,0,240,.926179,2,1,0,0
2005,6,8,16,4,1091,75,10,.926179,2,1,0,39.282198
2005,6,8,16,4,1091,150,14,.926179,2,0,0,150
2005,6,8,17,4,1091,0,240,.926179,2,1,0,0
2005,6,8,17,4,1091,75,10,.926179,2,1,0,39.282198
2005,6,8,17,4,1091,150,14,.926179,2,0,0,150
2005,6,8,18,4,1091,0,240,.926179,2,1,0,0
2005,6,8,18,4,1091,75,10,.926179,2,1,0,39.282198
2005,6,8,18,4,1091,150,14,.926179,2,0,0,150
2005,6,8,19,4,1091,0,240,.926179,2,1,0,0
2005,6,8,19,4,1091,75,10,.926179,2,1,0,39.282198
2005,6,8,19,4,1091,150,14,.926179,2,0,0,150
2005,6,8,20,4,1091,0,240,.926179,2,1,0,0
2005,6,8,20,4,1091,75,10,.926179,2,1,0,39.282198
2005,6,8,20,4,1091,150,14,.926179,2,0,0,150
2005,6,8,21,4,1091,0,240,.926179,2,1,0,0
2005,6,8,21,4,1091,75,10,.926179,2,0,0,39.282198
2005,6,8,21,4,1091,150,14,.926179,2,0,0,150
2005,6,8,22,4,1091,0,240,.926179,2,1,0,0
2005,6,8,22,4,1091,75,10,.926179,2,0,0,39.282198
2005,6,8,22,4,1091,150,14,.926179,2,0,0,150
2005,6,8,23,4,1091,0,240,.926179,2,1,0,0
2005,6,8,23,4,1091,75,10,.926179,2,0,0,39.282198
2005,6,8,23,4,1091,150,14,.926179,2,0,0,150
2005,6,8,24,4,1091,0,240,.926179,2,1,0,0
2005,6,8,24,4,1091,75,10,.926179,2,0,0,39.282198
2005,6,8,24,4,1091,150,14,.926179,2,0,0,150
2005,6,8,1,4,1092,0,271,.926179,2,1,0,0
2005,6,8,1,4,1092,34.43,9,.926179,2,1,0,39.129098
2005,6,8,1,4,1092,35.04,10,.926179,2,1,0,39.129098
2005,6,8,1,4,1092,35.71,15,.926179,2,1,0,39.129098
2005,6,8,1,4,1092,75,28,.926179,2,0,0,39.129098
2005,6,8,1,4,1092,150,22.1,.926179,2,0,0,150
2005,6,8,2,4,1092,0,230,.926179,2,1,0,0
2005,6,8,2,4,1092,25,40,.926179,2,1,0,39.129098
2005,6,8,2,4,1092,34.43,10,.926179,2,1,0,39.129098
2005,6,8,2,4,1092,35.04,10,.926179,2,1,0,39.129098
2005,6,8,2,4,1092,35.71,15,.926179,2,1,0,39.129098
2005,6,8,2,4,1092,75,28,.926179,2,0,0,39.129098
2005,6,8,2,4,1092,150,22.1,.926179,2,0,0,150
2005,6,8,3,4,1092,0,230,.926179,2,1,0,0
2005,6,8,3,4,1092,25,40,.926179,2,1,0,39.129098
2005,6,8,3,4,1092,34.43,10,.926179,2,1,0,39.129098
2005,6,8,3,4,1092,35.04,10,.926179,2,1,0,39.129098
2005,6,8,3,4,1092,35.71,15,.926179,2,1,0,39.129098
2005,6,8,3,4,1092,75,28,.926179,2,0,0,39.129098
2005,6,8,3,4,1092,150,22.1,.926179,2,0,0,150
2005,6,8,4,4,1092,0,230,.926179,2,1,0,0
2005,6,8,4,4,1092,25,40,.926179,2,1,0,39.129098
2005,6,8,4,4,1092,34.43,10,.926179,2,1,0,39.129098
2005,6,8,4,4,1092,35.04,10,.926179,2,1,0,39.129098
2005,6,8,4,4,1092,35.71,15,.926179,2,1,0,39.129098
2005,6,8,4,4,1092,75,28,.926179,2,0,0,39.129098
2005,6,8,4,4,1092,150,22.1,.926179,2,0,0,150
2005,6,8,5,4,1092,0,230,.926179,2,1,0,0
2005,6,8,5,4,1092,25,40,.926179,2,1,0,39.129098
2005,6,8,5,4,1092,34.43,10,.926179,2,1,0,39.129098
2005,6,8,5,4,1092,35.04,10,.926179,2,1,0,39.129098
2005,6,8,5,4,1092,35.71,15,.926179,2,1,0,39.129098
2005,6,8,5,4,1092,75,28,.926179,2,0,0,39.129098
2005,6,8,5,4,1092,150,22.1,.926179,2,0,0,150
2005,6,8,6,4,1092,0,230,.926179,2,1,0,0
2005,6,8,6,4,1092,25,40,.926179,2,1,0,39.129098
2005,6,8,6,4,1092,34.43,10,.926179,2,1,0,39.129098
2005,6,8,6,4,1092,35.04,10,.926179,2,1,0,39.129098
2005,6,8,6,4,1092,35.71,15,.926179,2,1,0,39.129098
2005,6,8,6,4,1092,75,28,.926179,2,0,0,39.129098
2005,6,8,6,4,1092,150,22.1,.926179,2,0,0,150
2005,6,8,7,4,1092,0,230,.926179,2,1,0,0
2005,6,8,7,4,1092,25,40,.926179,2,1,0,39.129098
2005,6,8,7,4,1092,34.43,10,.926179,2,1,0,39.129098
2005,6,8,7,4,1092,35.04,10,.926179,2,1,0,39.129098
2005,6,8,7,4,1092,35.71,15,.926179,2,1,0,39.129098
2005,6,8,7,4,1092,75,28,.926179,2,0,0,39.129098
2005,6,8,7,4,1092,150,22.1,.926179,2,0,0,150
2005,6,8,8,4,1092,0,271,.926179,2,1,0,0
2005,6,8,8,4,1092,34.43,9,.926179,2,1,0,39.129098
2005,6,8,8,4,1092,35.04,10,.926179,2,1,0,39.129098
2005,6,8,8,4,1092,35.71,15,.926179,2,1,0,39.129098
2005,6,8,8,4,1092,75,28,.926179,2,0,0,39.129098
2005,6,8,8,4,1092,150,22.1,.926179,2,0,0,150
2005,6,8,9,4,1092,0,305,.926179,2,1,0,0
2005,6,8,9,4,1092,75,28,.926179,2,0,0,39.129098
2005,6,8,9,4,1092,150,22.1,.926179,2,0,0,150
2005,6,8,10,4,1092,0,305,.926179,2,1,0,0
2005,6,8,10,4,1092,75,28,.926179,2,1,0,39.129098
2005,6,8,10,4,1092,150,22.1,.926179,2,0,0,150
2005,6,8,11,4,1092,0,305,.926179,2,1,0,0
2005,6,8,11,4,1092,75,28,.926179,2,1,0,39.129098
2005,6,8,11,4,1092,150,22.1,.926179,2,0,0,150
2005,6,8,12,4,1092,0,305,.926179,2,1,0,0
2005,6,8,12,4,1092,75,28,.926179,2,1,0,39.129098
2005,6,8,12,4,1092,150,22.1,.926179,2,0,0,150
2005,6,8,13,4,1092,0,305,.926179,2,1,0,0
2005,6,8,13,4,1092,75,28,.926179,2,1,0,39.129098
2005,6,8,13,4,1092,150,22.1,.926179,2,0,0,150
2005,6,8,14,4,1092,0,305,.926179,2,1,0,0
2005,6,8,14,4,1092,75,28,.926179,2,1,0,39.129098
2005,6,8,14,4,1092,150,22.1,.926179,2,0,0,150
2005,6,8,15,4,1092,0,305,.926179,2,1,0,0
2005,6,8,15,4,1092,75,28,.926179,2,1,0,39.129098
2005,6,8,15,4,1092,150,22.1,.926179,2,0,0,150
2005,6,8,16,4,1092,0,305,.926179,2,1,0,0
2005,6,8,16,4,1092,75,28,.926179,2,1,0,39.129098
2005,6,8,16,4,1092,150,22.1,.926179,2,0,0,150
2005,6,8,17,4,1092,0,305,.926179,2,1,0,0
2005,6,8,17,4,1092,75,28,.926179,2,1,0,39.129098
2005,6,8,17,4,1092,150,22.1,.926179,2,0,0,150
2005,6,8,18,4,1092,0,305,.926179,2,1,0,0
2005,6,8,18,4,1092,75,28,.926179,2,1,0,39.129098
2005,6,8,18,4,1092,150,22.1,.926179,2,0,0,150
2005,6,8,19,4,1092,0,305,.926179,2,1,0,0
2005,6,8,19,4,1092,75,28,.926179,2,1,0,39.129098
2005,6,8,19,4,1092,150,22.1,.926179,2,0,0,150
2005,6,8,20,4,1092,0,305,.926179,2,1,0,0
2005,6,8,20,4,1092,75,28,.926179,2,1,0,39.129098
2005,6,8,20,4,1092,150,22.1,.926179,2,0,0,150
2005,6,8,21,4,1092,0,305,.926179,2,1,0,0
2005,6,8,21,4,1092,75,28,.926179,2,0,0,39.129098
2005,6,8,21,4,1092,150,22.1,.926179,2,0,0,150
2005,6,8,22,4,1092,0,305,.926179,2,1,0,0
2005,6,8,22,4,1092,75,28,.926179,2,0,0,39.129098
2005,6,8,22,4,1092,150,22.1,.926179,2,0,0,150
2005,6,8,23,4,1092,0,305,.926179,2,1,0,0
2005,6,8,23,4,1092,75,28,.926179,2,0,0,39.129098
2005,6,8,23,4,1092,150,22.1,.926179,2,0,0,150
2005,6,8,24,4,1092,0,305,.926179,2,1,0,0
2005,6,8,24,4,1092,75,28,.926179,2,0,0,39.129098
2005,6,8,24,4,1092,150,22.1,.926179,2,0,0,150
2005,6,8,1,9,213,0,22.6,0,2,1,0,0
2005,6,8,2,9,213,0,22.7,0,2,1,0,0
2005,6,8,3,9,213,0,22.8,0,2,1,0,0
2005,6,8,4,9,213,0,22.8,0,2,1,0,0
2005,6,8,5,9,213,0,22.9,0,2,1,0,0
2005,6,8,6,9,213,0,22.9,0,2,1,0,0
2005,6,8,7,9,213,0,22.9,0,2,1,0,0
2005,6,8,8,9,213,0,22.9,0,2,1,0,0
2005,6,8,9,9,213,0,15.5,0,2,1,0,0
2005,6,8,10,9,213,0,1.2,0,2,1,0,0
2005,6,8,11,9,213,0,1.2,0,2,1,0,0
2005,6,8,12,9,213,0,1.2,0,2,1,0,0
2005,6,8,13,9,213,0,1.2,0,2,1,0,0
2005,6,8,14,9,213,0,11.5,0,2,1,0,0
2005,6,8,15,9,213,0,22.2,0,2,1,0,0
2005,6,8,16,9,213,0,22.1,0,2,1,0,0
2005,6,8,17,9,213,0,22,0,2,1,0,0
2005,6,8,18,9,213,0,22,0,2,1,0,0
2005,6,8,19,9,213,0,22.1,0,2,1,0,0
2005,6,8,20,9,213,0,22.2,0,2,1,0,0
2005,6,8,21,9,213,0,22.3,0,2,1,0,0
2005,6,8,22,9,213,0,22.4,0,2,1,0,0
2005,6,8,23,9,213,0,22.5,0,2,1,0,0
2005,6,8,24,9,213,0,22.6,0,2,1,0,0
2005,6,8,1,9,214,0,51,0,2,1,0,0
2005,6,8,2,9,214,0,51,0,2,1,0,0
2005,6,8,3,9,214,0,51,0,2,1,0,0
2005,6,8,4,9,214,0,51,0,2,1,0,0
2005,6,8,5,9,214,0,51,0,2,1,0,0
2005,6,8,6,9,214,0,51,0,2,1,0,0
2005,6,8,7,9,214,0,51,0,2,1,0,0
2005,6,8,8,9,214,0,51,0,2,1,0,0
2005,6,8,9,9,214,0,51,0,2,1,0,0
2005,6,8,10,9,214,0,50,0,2,1,0,0
2005,6,8,11,9,214,0,50,0,2,1,0,0
2005,6,8,12,9,214,0,50,0,2,1,0,0
2005,6,8,13,9,214,0,50,0,2,1,0,0
2005,6,8,14,9,214,0,50,0,2,1,0,0
2005,6,8,15,9,214,0,50,0,2,1,0,0
2005,6,8,16,9,214,0,50,0,2,1,0,0
2005,6,8,17,9,214,0,50,0,2,1,0,0
2005,6,8,18,9,214,0,51,0,2,1,0,0
2005,6,8,19,9,214,0,51,0,2,1,0,0
2005,6,8,20,9,214,0,51,0,2,1,0,0
2005,6,8,21,9,214,0,51,0,2,1,0,0
2005,6,8,22,9,214,0,51,0,2,1,0,0
2005,6,8,23,9,214,0,51,0,2,1,0,0
2005,6,8,24,9,214,0,51,0,2,1,0,0
2005,6,8,1,9,215,0,73.8,0,2,1,0,0
2005,6,8,1,9,215,180.3,68.9,0,2,0,0,180.3
2005,6,8,2,9,215,0,74,0,2,1,0,0
2005,6,8,2,9,215,180.3,68.7,0,2,0,0,180.3
2005,6,8,3,9,215,0,74.1,0,2,1,0,0
2005,6,8,3,9,215,180.3,68.6,0,2,0,0,180.3
2005,6,8,4,9,215,0,74.3,0,2,1,0,0
2005,6,8,4,9,215,180.3,68.4,0,2,0,0,180.3
2005,6,8,5,9,215,0,74.6,0,2,1,0,0
2005,6,8,5,9,215,180.3,68.1,0,2,0,0,180.3
2005,6,8,6,9,215,0,79,0,2,1,0,0
2005,6,8,6,9,215,180.3,63.7,0,2,0,0,180.3
2005,6,8,7,9,215,0,88.5,0,2,1,0,0
2005,6,8,7,9,215,180.3,54.2,0,2,0,0,180.3
2005,6,8,8,9,215,0,89.7,0,2,1,0,0
2005,6,8,8,9,215,65,3,0,2,0,0,65
2005,6,8,8,9,215,180.3,50,0,2,0,0,180.3
2005,6,8,9,9,215,0,89.2,0,2,1,0,0
2005,6,8,9,9,215,65,3,0,2,1,0,65
2005,6,8,9,9,215,180.3,50.5,0,2,0,0,180.3
2005,6,8,10,9,215,0,88.8,0,2,1,0,0
2005,6,8,10,9,215,65,3,0,2,1,0,65
2005,6,8,10,9,215,180.3,50.9,0,2,0,0,180.3
2005,6,8,11,9,215,0,88,0,2,1,0,0
2005,6,8,11,9,215,65,3,0,2,1,0,65
2005,6,8,11,9,215,180.3,51.7,0,2,0,0,180.3
2005,6,8,12,9,215,0,87.7,0,2,1,0,0
2005,6,8,12,9,215,65,3,0,2,1,0,65
2005,6,8,12,9,215,180.3,52,0,2,0,0,180.3
2005,6,8,13,9,215,0,87.1,0,2,1,0,0
2005,6,8,13,9,215,65,3,0,2,1,0,65
2005,6,8,13,9,215,180.3,52.6,0,2,0,0,180.3
2005,6,8,14,9,215,0,85.7,0,2,1,0,0
2005,6,8,14,9,215,65,3,0,2,1,0,65
2005,6,8,14,9,215,180.3,54,0,2,0,0,180.3
2005,6,8,15,9,215,0,83.5,0,2,1,0,0
2005,6,8,15,9,215,180.3,59.2,0,2,0,0,180.3
2005,6,8,16,9,215,0,81.3,0,2,1,0,0
2005,6,8,16,9,215,180.3,61.4,0,2,0,0,180.3
2005,6,8,17,9,215,0,80.5,0,2,1,0,0
2005,6,8,17,9,215,65,3,0,2,1,0,65
2005,6,8,17,9,215,180.3,59.2,0,2,0,0,180.3
2005,6,8,18,9,215,0,72,0,2,1,0,0
2005,6,8,18,9,215,65,3,0,2,1,0,65
2005,6,8,18,9,215,180.3,67.7,0,2,0,0,180.3
2005,6,8,19,9,215,0,70.7,0,2,1,0,0
2005,6,8,19,9,215,65,3,0,2,1,0,65
2005,6,8,19,9,215,180.3,69,0,2,0,0,180.3
2005,6,8,20,9,215,0,70.6,0,2,1,0,0
2005,6,8,20,9,215,65,3,0,2,1,0,65
2005,6,8,20,9,215,180.3,69.1,0,2,0,0,180.3
2005,6,8,21,9,215,0,71.2,0,2,1,0,0
2005,6,8,21,9,215,65,3,0,2,0,0,65
2005,6,8,21,9,215,180.3,68.5,0,2,0,0,180.3
2005,6,8,22,9,215,0,71.4,0,2,1,0,0
2005,6,8,22,9,215,65,3,0,2,1,0,65
2005,6,8,22,9,215,180.3,68.3,0,2,0,0,180.3
2005,6,8,23,9,215,0,71.7,0,2,1,0,0
2005,6,8,23,9,215,180.3,71,0,2,0,0,180.3
2005,6,8,24,9,215,0,72.2,0,2,1,0,0
2005,6,8,24,9,215,180.3,70.5,0,2,0,0,180.3
2005,6,8,1,9,216,0,15.1,0,2,1,0,0
2005,6,8,2,9,216,0,15.1,0,2,1,0,0
2005,6,8,3,9,216,0,15.1,0,2,1,0,0
2005,6,8,4,9,216,0,15.1,0,2,1,0,0
2005,6,8,5,9,216,0,15.1,0,2,1,0,0
2005,6,8,6,9,216,0,15.1,0,2,1,0,0
2005,6,8,7,9,216,0,15.1,0,2,1,0,0
2005,6,8,8,9,216,0,14.9,0,2,1,0,0
2005,6,8,9,9,216,0,14.1,0,2,1,0,0
2005,6,8,10,9,216,0,13,0,2,1,0,0
2005,6,8,11,9,216,0,16.8,0,2,1,0,0
2005,6,8,12,9,216,0,15.8,0,2,1,0,0
2005,6,8,13,9,216,0,15.8,0,2,1,0,0
2005,6,8,14,9,216,0,16.7,0,2,1,0,0
2005,6,8,15,9,216,0,17.3,0,2,1,0,0
2005,6,8,16,9,216,0,17.3,0,2,1,0,0
2005,6,8,17,9,216,0,17.1,0,2,1,0,0
2005,6,8,18,9,216,0,17.3,0,2,1,0,0
2005,6,8,19,9,216,0,19.1,0,2,1,0,0
2005,6,8,20,9,216,0,19.3,0,2,1,0,0
2005,6,8,21,9,216,0,19.5,0,2,1,0,0
2005,6,8,22,9,216,0,20.3,0,2,1,0,0
2005,6,8,23,9,216,0,20.3,0,2,1,0,0
2005,6,8,24,9,216,0,20.3,0,2,1,0,0
2005,6,8,1,2,217,0,27,0,2,1,0,0
2005,6,8,1,2,217,67.51,14.5,0,2,0,0,67.51
2005,6,8,1,2,217,70.02,14.5,0,2,0,0,70.02
2005,6,8,1,2,217,72.53,14.5,0,2,0,0,72.53
2005,6,8,1,2,217,75.04,14.5,0,2,0,0,75.04
2005,6,8,2,2,217,0,27,0,2,1,0,0
2005,6,8,2,2,217,67.51,14.5,0,2,0,0,67.51
2005,6,8,2,2,217,70.02,14.5,0,2,0,0,70.02
2005,6,8,2,2,217,72.53,14.5,0,2,0,0,72.53
2005,6,8,2,2,217,75.04,14.5,0,2,0,0,75.04
2005,6,8,3,2,217,0,8.3,0,2,1,0,0
2005,6,8,3,2,217,67.51,14.5,0,2,0,0,67.51
2005,6,8,3,2,217,70.02,14.5,0,2,0,0,70.02
2005,6,8,3,2,217,72.53,14.5,0,2,0,0,72.53
2005,6,8,3,2,217,75.04,14.5,0,2,0,0,75.04
2005,6,8,4,2,217,0,8.3,0,2,1,0,0
2005,6,8,4,2,217,67.51,14.5,0,2,0,0,67.51
2005,6,8,4,2,217,70.02,14.5,0,2,0,0,70.02
2005,6,8,4,2,217,72.53,14.5,0,2,0,0,72.53
2005,6,8,4,2,217,75.04,14.5,0,2,0,0,75.04
2005,6,8,5,2,217,0,8.3,0,2,1,0,0
2005,6,8,5,2,217,67.51,14.5,0,2,0,0,67.51
2005,6,8,5,2,217,70.02,14.5,0,2,0,0,70.02
2005,6,8,5,2,217,72.53,14.5,0,2,0,0,72.53
2005,6,8,5,2,217,75.04,14.5,0,2,0,0,75.04
2005,6,8,6,2,217,0,8.3,0,2,1,0,0
2005,6,8,6,2,217,67.51,14.5,0,2,0,0,67.51
2005,6,8,6,2,217,70.02,14.5,0,2,0,0,70.02
2005,6,8,6,2,217,72.53,14.5,0,2,0,0,72.53
2005,6,8,6,2,217,75.04,14.5,0,2,0,0,75.04
2005,6,8,7,2,217,0,8.3,0,2,1,0,0
2005,6,8,7,2,217,67.51,14.5,0,2,0,0,67.51
2005,6,8,7,2,217,70.02,14.5,0,2,0,0,70.02
2005,6,8,7,2,217,72.53,14.5,0,2,0,0,72.53
2005,6,8,7,2,217,75.04,14.5,0,2,0,0,75.04
2005,6,8,8,2,217,0,48.5,0,2,1,0,0
2005,6,8,8,2,217,67.51,14.5,0,2,0,0,67.51
2005,6,8,8,2,217,70.02,14.5,0,2,0,0,70.02
2005,6,8,8,2,217,72.53,14.5,0,2,0,0,72.53
2005,6,8,8,2,217,75.04,14.5,0,2,0,0,75.04
2005,6,8,9,2,217,0,48.5,0,2,1,0,0
2005,6,8,9,2,217,67.51,14.5,0,2,1,0,67.51
2005,6,8,9,2,217,70.02,14.5,0,2,0,0,70.02
2005,6,8,9,2,217,72.53,14.5,0,2,0,0,72.53
2005,6,8,9,2,217,75.04,14.5,0,2,0,0,75.04
2005,6,8,10,2,217,0,118.7,0,2,1,0,0
2005,6,8,10,2,217,67.51,14,0,2,1,0,67.51
2005,6,8,10,2,217,70.02,14,0,2,1,0,70.02
2005,6,8,10,2,217,72.53,14,0,2,1,0,72.53
2005,6,8,10,2,217,75.04,14,0,2,1,0,75.04
2005,6,8,11,2,217,0,220.6,0,2,1,0,0
2005,6,8,11,2,217,67.51,14,0,2,1,0,67.51
2005,6,8,11,2,217,70.02,14,0,2,1,0,70.02
2005,6,8,11,2,217,72.53,14,0,2,1,0,72.53
2005,6,8,11,2,217,75.04,14,0,2,1,0,75.04
2005,6,8,12,2,217,0,275.3,0,2,1,0,0
2005,6,8,12,2,217,67.51,14,0,2,1,0,67.51
2005,6,8,12,2,217,70.02,14,0,2,1,0,70.02
2005,6,8,12,2,217,72.53,14,0,2,1,0,72.53
2005,6,8,12,2,217,75.04,14,0,2,1,0,75.04
2005,6,8,13,2,217,0,274.9,0,2,1,0,0
2005,6,8,13,2,217,67.51,14,0,2,1,0,67.51
2005,6,8,13,2,217,70.02,14,0,2,1,0,70.02
2005,6,8,13,2,217,72.53,14,0,2,1,0,72.53
2005,6,8,13,2,217,75.04,14,0,2,1,0,75.04
2005,6,8,14,2,217,0,274.5,0,2,1,0,0
2005,6,8,14,2,217,67.51,14,0,2,1,0,67.51
2005,6,8,14,2,217,70.02,14,0,2,1,0,70.02
2005,6,8,14,2,217,72.53,14,0,2,1,0,72.53
2005,6,8,14,2,217,75.04,14,0,2,1,0,75.04
2005,6,8,15,2,217,0,118.6,0,2,1,0,0
2005,6,8,15,2,217,67.51,14,0,2,1,0,67.51
2005,6,8,15,2,217,70.02,14,0,2,1,0,70.02
2005,6,8,15,2,217,72.53,14,0,2,1,0,72.53
2005,6,8,15,2,217,75.04,14,0,2,1,0,75.04
2005,6,8,16,2,217,0,118.6,0,2,1,0,0
2005,6,8,16,2,217,67.51,14,0,2,1,0,67.51
2005,6,8,16,2,217,70.02,14,0,2,1,0,70.02
2005,6,8,16,2,217,72.53,14,0,2,1,0,72.53
2005,6,8,16,2,217,75.04,14,0,2,1,0,75.04
2005,6,8,17,2,217,0,216.7,0,2,1,0,0
2005,6,8,17,2,217,67.51,14,0,2,1,0,67.51
2005,6,8,17,2,217,70.02,14,0,2,1,0,70.02
2005,6,8,17,2,217,72.53,14,0,2,1,0,72.53
2005,6,8,17,2,217,75.04,14,0,2,1,0,75.04
2005,6,8,18,2,217,0,216.6,0,2,1,0,0
2005,6,8,18,2,217,67.51,14,0,2,1,0,67.51
2005,6,8,18,2,217,70.02,14,0,2,1,0,70.02
2005,6,8,18,2,217,72.53,14,0,2,1,0,72.53
2005,6,8,18,2,217,75.04,14,0,2,1,0,75.04
2005,6,8,19,2,217,0,216.5,0,2,1,0,0
2005,6,8,19,2,217,67.51,14,0,2,1,0,67.51
2005,6,8,19,2,217,70.02,14,0,2,1,0,70.02
2005,6,8,19,2,217,72.53,14,0,2,1,0,72.53
2005,6,8,19,2,217,75.04,14,0,2,1,0,75.04
2005,6,8,20,2,217,0,116,0,2,1,0,0
2005,6,8,20,2,217,67.51,14,0,2,1,0,67.51
2005,6,8,20,2,217,70.02,14,0,2,1,0,70.02
2005,6,8,20,2,217,72.53,14,0,2,1,0,72.53
2005,6,8,20,2,217,75.04,14,0,2,1,0,75.04
2005,6,8,21,2,217,0,83.7,0,2,1,0,0
2005,6,8,21,2,217,67.51,14.5,0,2,0,0,67.51
2005,6,8,21,2,217,70.02,14.5,0,2,0,0,70.02
2005,6,8,21,2,217,72.53,14.5,0,2,0,0,72.53
2005,6,8,21,2,217,75.04,14.5,0,2,0,0,75.04
2005,6,8,22,2,217,0,96.3,0,2,1,0,0
2005,6,8,22,2,217,67.51,14.6,0,2,1,0,67.51
2005,6,8,22,2,217,70.02,14.6,0,2,0,0,70.02
2005,6,8,22,2,217,72.53,14.6,0,2,0,0,72.53
2005,6,8,22,2,217,75.04,14.5,0,2,0,0,75.04
2005,6,8,23,2,217,0,65.8,0,2,1,0,0
2005,6,8,23,2,217,67.51,14.6,0,2,1,0,67.51
2005,6,8,23,2,217,70.02,14.6,0,2,0,0,70.02
2005,6,8,23,2,217,72.53,14.6,0,2,0,0,72.53
2005,6,8,23,2,217,75.04,14.5,0,2,0,0,75.04
2005,6,8,24,2,217,0,43.8,0,2,1,0,0
2005,6,8,24,2,217,67.51,14.6,0,2,0,0,67.51
2005,6,8,24,2,217,70.02,14.6,0,2,0,0,70.02
2005,6,8,24,2,217,72.53,14.6,0,2,0,0,72.53
2005,6,8,24,2,217,75.04,14.5,0,2,0,0,75.04
2005,6,8,1,4,1096,156.99,113,.833154,2,0,0,156.99
2005,6,8,1,4,1096,160,2,.833154,2,0,0,160
2005,6,8,2,4,1096,156.99,113,.833154,2,0,0,156.99
2005,6,8,2,4,1096,160,2,.833154,2,0,0,160
2005,6,8,3,4,1096,156.99,113,.833154,2,0,0,156.99
2005,6,8,3,4,1096,160,2,.833154,2,0,0,160
2005,6,8,4,4,1096,156.99,113,.833154,2,0,0,156.99
2005,6,8,4,4,1096,160,2,.833154,2,0,0,160
2005,6,8,5,4,1096,156.99,113,.833154,2,0,0,156.99
2005,6,8,5,4,1096,160,2,.833154,2,0,0,160
2005,6,8,6,4,1096,156.99,113,.833154,2,0,0,156.99
2005,6,8,6,4,1096,160,2,.833154,2,0,0,160
2005,6,8,7,4,1096,156.99,113,.833154,2,0,0,156.99
2005,6,8,7,4,1096,160,2,.833154,2,0,0,160
2005,6,8,8,4,1096,156.99,113,.833154,2,0,0,156.99
2005,6,8,8,4,1096,160,2,.833154,2,0,0,160
2005,6,8,9,4,1096,156.99,113,.833154,2,0,0,156.99
2005,6,8,9,4,1096,160,2,.833154,2,0,0,160
2005,6,8,10,4,1096,156.99,113,.833154,2,0,0,156.99
2005,6,8,10,4,1096,160,2,.833154,2,0,0,160
2005,6,8,11,4,1096,156.99,113,.833154,2,0,0,156.99
2005,6,8,11,4,1096,160,2,.833154,2,0,0,160
2005,6,8,12,4,1096,156.99,113,.833154,2,0,0,156.99
2005,6,8,12,4,1096,160,2,.833154,2,0,0,160
2005,6,8,13,4,1096,156.99,113,.833154,2,0,0,156.99
2005,6,8,13,4,1096,160,2,.833154,2,0,0,160
2005,6,8,14,4,1096,156.99,113,.833154,2,0,0,156.99
2005,6,8,14,4,1096,160,2,.833154,2,0,0,160
2005,6,8,15,4,1096,156.99,113,.833154,2,0,0,156.99
2005,6,8,15,4,1096,160,2,.833154,2,0,0,160
2005,6,8,16,4,1096,156.99,113,.833154,2,0,0,156.99
2005,6,8,16,4,1096,160,2,.833154,2,0,0,160
2005,6,8,17,4,1096,156.99,113,.833154,2,0,0,156.99
2005,6,8,17,4,1096,160,2,.833154,2,0,0,160
2005,6,8,18,4,1096,156.99,113,.833154,2,0,0,156.99
2005,6,8,18,4,1096,160,2,.833154,2,0,0,160
2005,6,8,19,4,1096,156.99,113,.833154,2,0,0,156.99
2005,6,8,19,4,1096,160,2,.833154,2,0,0,160
2005,6,8,20,4,1096,156.99,113,.833154,2,0,0,156.99
2005,6,8,20,4,1096,160,2,.833154,2,0,0,160
2005,6,8,21,4,1096,156.99,113,.833154,2,0,0,156.99
2005,6,8,21,4,1096,160,2,.833154,2,0,0,160
2005,6,8,22,4,1096,156.99,113,.833154,2,0,0,156.99
2005,6,8,22,4,1096,160,2,.833154,2,0,0,160
2005,6,8,23,4,1096,156.99,113,.833154,2,0,0,156.99
2005,6,8,23,4,1096,160,2,.833154,2,0,0,160
2005,6,8,24,4,1096,156.99,113,.833154,2,0,0,156.99
2005,6,8,24,4,1096,160,2,.833154,2,0,0,160
2005,6,8,1,4,1097,108.14,319,.833154,2,0,0,66.77643
2005,6,8,1,4,1097,150,13.5,.833154,2,0,0,150
2005,6,8,2,4,1097,108.14,319,.833154,2,0,0,66.77643
2005,6,8,2,4,1097,150,13.5,.833154,2,0,0,150
2005,6,8,3,4,1097,108.14,319,.833154,2,0,0,66.77643
2005,6,8,3,4,1097,150,13.5,.833154,2,0,0,150
2005,6,8,4,4,1097,108.14,319,.833154,2,0,0,66.77643
2005,6,8,4,4,1097,150,13.5,.833154,2,0,0,150
2005,6,8,5,4,1097,108.14,319,.833154,2,0,0,66.77643
2005,6,8,5,4,1097,150,13.5,.833154,2,0,0,150
2005,6,8,6,4,1097,108.14,319,.833154,2,0,0,66.77643
2005,6,8,6,4,1097,150,13.5,.833154,2,0,0,150
2005,6,8,7,4,1097,108.14,319,.833154,2,0,0,66.77643
2005,6,8,7,4,1097,150,13.5,.833154,2,0,0,150
2005,6,8,8,4,1097,108.14,319,.833154,2,0,0,66.77643
2005,6,8,8,4,1097,150,13.5,.833154,2,0,0,150
2005,6,8,9,4,1097,108.14,319,.833154,2,0,0,66.77643
2005,6,8,9,4,1097,150,13.5,.833154,2,0,0,150
2005,6,8,10,4,1097,108.14,319,.833154,2,0,0,66.77643
2005,6,8,10,4,1097,150,13.5,.833154,2,0,0,150
2005,6,8,11,4,1097,108.14,319,.833154,2,0,0,66.77643
2005,6,8,11,4,1097,150,13.5,.833154,2,0,0,150
2005,6,8,12,4,1097,108.14,319,.833154,2,0,0,66.77643
2005,6,8,12,4,1097,150,13.5,.833154,2,0,0,150
2005,6,8,13,4,1097,108.14,319,.833154,2,0,0,66.77643
2005,6,8,13,4,1097,150,13.5,.833154,2,0,0,150
2005,6,8,14,4,1097,108.14,319,.833154,2,0,0,66.77643
2005,6,8,14,4,1097,150,13.5,.833154,2,0,0,150
2005,6,8,15,4,1097,108.14,319,.833154,2,0,0,66.77643
2005,6,8,15,4,1097,150,13.5,.833154,2,0,0,150
2005,6,8,16,4,1097,108.14,319,.833154,2,0,0,66.77643
2005,6,8,16,4,1097,150,13.5,.833154,2,0,0,150
2005,6,8,17,4,1097,108.14,319,.833154,2,0,0,66.77643
2005,6,8,17,4,1097,150,13.5,.833154,2,0,0,150
2005,6,8,18,4,1097,108.14,319,.833154,2,0,0,66.77643
2005,6,8,18,4,1097,150,13.5,.833154,2,0,0,150
2005,6,8,19,4,1097,108.14,319,.833154,2,0,0,66.77643
2005,6,8,19,4,1097,150,13.5,.833154,2,0,0,150
2005,6,8,20,4,1097,108.14,319,.833154,2,0,0,66.77643
2005,6,8,20,4,1097,150,13.5,.833154,2,0,0,150
2005,6,8,21,4,1097,108.14,319,.833154,2,0,0,66.77643
2005,6,8,21,4,1097,150,13.5,.833154,2,0,0,150
2005,6,8,22,4,1097,108.14,319,.833154,2,0,0,66.77643
2005,6,8,22,4,1097,150,13.5,.833154,2,0,0,150
2005,6,8,23,4,1097,108.14,319,.833154,2,0,0,66.77643
2005,6,8,23,4,1097,150,13.5,.833154,2,0,0,150
2005,6,8,24,4,1097,108.14,319,.833154,2,0,0,66.77643
2005,6,8,24,4,1097,150,13.5,.833154,2,0,0,150
2005,6,8,1,9,220,65,14.3,0,1,1,0,65
2005,6,8,2,9,220,55,13.8,0,1,1,0,55
2005,6,8,3,9,220,52,12.9,0,1,1,0,52
2005,6,8,4,9,220,52,12.8,0,1,1,0,52
2005,6,8,5,9,220,52,13,0,1,1,0,52
2005,6,8,6,9,220,52,13.5,0,1,1,0,52
2005,6,8,7,9,220,53,18.1,0,1,1,0,53
2005,6,8,8,9,220,79,20,0,1,1,0,79
2005,6,8,9,9,220,79,22.9,0,1,1,0,79
2005,6,8,10,9,220,85,22.2,0,1,1,0,85
2005,6,8,11,9,220,85,22.2,0,1,0,0,85
2005,6,8,12,9,220,85,22.5,0,1,0,0,85
2005,6,8,13,9,220,85,21.3,0,1,0,0,85
2005,6,8,14,9,220,85,19.4,0,1,0,0,85
2005,6,8,15,9,220,85,19.1,0,1,0,0,85
2005,6,8,16,9,220,85,20,0,1,0,0,85
2005,6,8,17,9,220,85,20.1,0,1,0,0,85
2005,6,8,18,9,220,85,20.1,0,1,0,0,85
2005,6,8,19,9,220,85,19.1,0,1,0,0,85
2005,6,8,20,9,220,75,18.7,0,1,0,0,75
2005,6,8,21,9,220,75,18.1,0,1,1,0,75
2005,6,8,22,9,220,75,16.8,0,1,1,0,75
2005,6,8,23,9,220,75,14.7,0,1,1,0,75
2005,6,8,24,9,220,62,14.1,0,1,1,0,62
2005,6,8,18,9,221,.1,1,0,1,0,0,.1
2005,6,8,1,9,222,55.9,25,0,2,0,0,55.9
2005,6,8,2,9,222,55.9,25,0,2,0,0,55.9
2005,6,8,3,9,222,55.9,25,0,2,0,0,55.9
2005,6,8,4,9,222,55.9,25,0,2,0,0,55.9
2005,6,8,1,1,223,0,91.1,0,2,1,0,0
2005,6,8,1,1,223,79.96,70,0,2,0,0,79.96
2005,6,8,1,1,223,82.4,79,0,2,0,0,82.4
2005,6,8,1,1,223,84.12,70,0,2,0,0,84.12
2005,6,8,1,1,223,86.58,80,0,2,0,0,86.58
2005,6,8,1,1,223,122.02,295.5,0,2,0,0,122.02
2005,6,8,2,1,223,0,91.1,0,2,1,0,0
2005,6,8,2,1,223,79.96,70,0,2,0,0,79.96
2005,6,8,2,1,223,82.4,79,0,2,0,0,82.4
2005,6,8,2,1,223,84.12,70,0,2,0,0,84.12
2005,6,8,2,1,223,86.58,80,0,2,0,0,86.58
2005,6,8,2,1,223,122.02,295.5,0,2,0,0,122.02
2005,6,8,3,1,223,0,91.1,0,2,1,0,0
2005,6,8,3,1,223,79.96,70,0,2,0,0,79.96
2005,6,8,3,1,223,82.4,79,0,2,0,0,82.4
2005,6,8,3,1,223,84.12,70,0,2,0,0,84.12
2005,6,8,3,1,223,86.58,80,0,2,0,0,86.58
2005,6,8,3,1,223,122.02,295.5,0,2,0,0,122.02
2005,6,8,4,1,223,0,91.1,0,2,1,0,0
2005,6,8,4,1,223,79.96,70,0,2,0,0,79.96
2005,6,8,4,1,223,82.4,79,0,2,0,0,82.4
2005,6,8,4,1,223,84.12,70,0,2,0,0,84.12
2005,6,8,4,1,223,86.58,80,0,2,0,0,86.58
2005,6,8,4,1,223,122.02,295.5,0,2,0,0,122.02
2005,6,8,5,1,223,0,91.1,0,2,1,0,0
2005,6,8,5,1,223,79.96,70,0,2,0,0,79.96
2005,6,8,5,1,223,82.4,79,0,2,0,0,82.4
2005,6,8,5,1,223,84.12,70,0,2,0,0,84.12
2005,6,8,5,1,223,86.58,80,0,2,0,0,86.58
2005,6,8,5,1,223,122.02,295.5,0,2,0,0,122.02
2005,6,8,6,1,223,0,91.1,0,2,1,0,0
2005,6,8,6,1,223,79.96,70,0,2,0,0,79.96
2005,6,8,6,1,223,82.4,79,0,2,0,0,82.4
2005,6,8,6,1,223,84.12,70,0,2,0,0,84.12
2005,6,8,6,1,223,86.58,80,0,2,0,0,86.58
2005,6,8,6,1,223,122.02,295.5,0,2,0,0,122.02
2005,6,8,7,1,223,0,91.1,0,2,1,0,0
2005,6,8,7,1,223,79.96,70,0,2,0,0,79.96
2005,6,8,7,1,223,82.4,79,0,2,0,0,82.4
2005,6,8,7,1,223,84.12,70,0,2,0,0,84.12
2005,6,8,7,1,223,86.58,80,0,2,0,0,86.58
2005,6,8,7,1,223,122.02,295.5,0,2,0,0,122.02
2005,6,8,8,1,223,0,97.1,0,2,1,0,0
2005,6,8,8,1,223,79.96,70,0,2,0,0,79.96
2005,6,8,8,1,223,82.4,79,0,2,0,0,82.4
2005,6,8,8,1,223,84.12,70,0,2,0,0,84.12
2005,6,8,8,1,223,86.58,80,0,2,0,0,86.58
2005,6,8,8,1,223,122.02,289.5,0,2,0,0,122.02
2005,6,8,9,1,223,0,121.1,0,2,1,0,0
2005,6,8,9,1,223,79.96,70,0,2,0,0,79.96
2005,6,8,9,1,223,82.4,79,0,2,0,0,82.4
2005,6,8,9,1,223,84.12,70,0,2,0,0,84.12
2005,6,8,9,1,223,86.58,80,0,2,0,0,86.58
2005,6,8,9,1,223,122.02,265.5,0,2,0,0,122.02
2005,6,8,10,1,223,0,136.1,0,2,1,0,0
2005,6,8,10,1,223,79.96,70,0,2,1,0,79.96
2005,6,8,10,1,223,82.4,79,0,2,1,0,82.4
2005,6,8,10,1,223,84.12,70,0,2,0,0,84.12
2005,6,8,10,1,223,86.58,80,0,2,0,0,86.58
2005,6,8,10,1,223,122.02,250.5,0,2,0,0,122.02
2005,6,8,11,1,223,0,168.6,0,2,1,0,0
2005,6,8,11,1,223,79.98,70,0,2,1,0,79.98
2005,6,8,11,1,223,82.42,79,0,2,1,0,82.42
2005,6,8,11,1,223,84.14,70,0,2,1,0,84.14
2005,6,8,11,1,223,86.6,80,0,2,1,0,86.6
2005,6,8,11,1,223,122.02,218,0,2,0,0,122.02
2005,6,8,12,1,223,0,169.1,0,2,1,0,0
2005,6,8,12,1,223,79.98,70,0,2,1,0,79.98
2005,6,8,12,1,223,82.42,79,0,2,1,0,82.42
2005,6,8,12,1,223,84.14,70,0,2,1,0,84.14
2005,6,8,12,1,223,86.6,80,0,2,1,0,86.6
2005,6,8,12,1,223,122.02,217.5,0,2,0,0,122.02
2005,6,8,13,1,223,0,169.1,0,2,1,0,0
2005,6,8,13,1,223,79.98,70,0,2,1,0,79.98
2005,6,8,13,1,223,82.42,79,0,2,1,0,82.42
2005,6,8,13,1,223,84.14,70,0,2,1,0,84.14
2005,6,8,13,1,223,86.6,80,0,2,1,0,86.6
2005,6,8,13,1,223,122.02,217.5,0,2,0,0,122.02
2005,6,8,14,1,223,0,169.1,0,2,1,0,0
2005,6,8,14,1,223,79.98,70,0,2,1,0,79.98
2005,6,8,14,1,223,82.42,79,0,2,1,0,82.42
2005,6,8,14,1,223,84.14,70,0,2,1,0,84.14
2005,6,8,14,1,223,86.6,80,0,2,1,0,86.6
2005,6,8,14,1,223,122.02,217.5,0,2,0,0,122.02
2005,6,8,15,1,223,0,169.1,0,2,1,0,0
2005,6,8,15,1,223,79.98,70,0,2,1,0,79.98
2005,6,8,15,1,223,82.42,79,0,2,1,0,82.42
2005,6,8,15,1,223,84.14,70,0,2,1,0,84.14
2005,6,8,15,1,223,86.6,80,0,2,1,0,86.6
2005,6,8,15,1,223,122.02,217.5,0,2,0,0,122.02
2005,6,8,16,1,223,0,169.1,0,2,1,0,0
2005,6,8,16,1,223,79.98,70,0,2,1,0,79.98
2005,6,8,16,1,223,82.42,79,0,2,1,0,82.42
2005,6,8,16,1,223,84.14,70,0,2,1,0,84.14
2005,6,8,16,1,223,86.6,80,0,2,1,0,86.6
2005,6,8,16,1,223,122.02,217.5,0,2,0,0,122.02
2005,6,8,17,1,223,0,169.1,0,2,1,0,0
2005,6,8,17,1,223,79.98,70,0,2,1,0,79.98
2005,6,8,17,1,223,82.42,79,0,2,1,0,82.42
2005,6,8,17,1,223,84.14,70,0,2,1,0,84.14
2005,6,8,17,1,223,86.6,80,0,2,1,0,86.6
2005,6,8,17,1,223,122.02,217.5,0,2,0,0,122.02
2005,6,8,18,1,223,0,169.1,0,2,1,0,0
2005,6,8,18,1,223,79.98,70,0,2,1,0,79.98
2005,6,8,18,1,223,82.42,79,0,2,1,0,82.42
2005,6,8,18,1,223,84.14,70,0,2,1,0,84.14
2005,6,8,18,1,223,86.6,80,0,2,1,0,86.6
2005,6,8,18,1,223,122.02,217.5,0,2,0,0,122.02
2005,6,8,19,1,223,0,169.1,0,2,1,0,0
2005,6,8,19,1,223,79.98,70,0,2,1,0,79.98
2005,6,8,19,1,223,82.42,79,0,2,1,0,82.42
2005,6,8,19,1,223,84.14,70,0,2,1,0,84.14
2005,6,8,19,1,223,86.6,80,0,2,1,0,86.6
2005,6,8,19,1,223,122.02,217.5,0,2,0,0,122.02
2005,6,8,20,1,223,0,169.1,0,2,1,0,0
2005,6,8,20,1,223,79.96,70,0,2,1,0,79.96
2005,6,8,20,1,223,82.4,79,0,2,0,0,82.4
2005,6,8,20,1,223,84.12,70,0,2,0,0,84.12
2005,6,8,20,1,223,86.58,80,0,2,0,0,86.58
2005,6,8,20,1,223,122.02,217.5,0,2,0,0,122.02
2005,6,8,21,1,223,0,142.1,0,2,1,0,0
2005,6,8,21,1,223,79.96,70,0,2,0,0,79.96
2005,6,8,21,1,223,82.4,79,0,2,0,0,82.4
2005,6,8,21,1,223,84.12,70,0,2,0,0,84.12
2005,6,8,21,1,223,86.58,80,0,2,0,0,86.58
2005,6,8,21,1,223,122.02,244.5,0,2,0,0,122.02
2005,6,8,22,1,223,0,142.1,0,2,1,0,0
2005,6,8,22,1,223,79.96,70,0,2,0,0,79.96
2005,6,8,22,1,223,82.4,79,0,2,0,0,82.4
2005,6,8,22,1,223,84.12,70,0,2,0,0,84.12
2005,6,8,22,1,223,86.58,80,0,2,0,0,86.58
2005,6,8,22,1,223,122.02,244.5,0,2,0,0,122.02
2005,6,8,23,1,223,0,142.1,0,2,1,0,0
2005,6,8,23,1,223,79.96,70,0,2,0,0,79.96
2005,6,8,23,1,223,82.4,79,0,2,0,0,82.4
2005,6,8,23,1,223,84.12,70,0,2,0,0,84.12
2005,6,8,23,1,223,86.58,80,0,2,0,0,86.58
2005,6,8,23,1,223,122.02,244.5,0,2,0,0,122.02
2005,6,8,24,1,223,0,112.1,0,2,1,0,0
2005,6,8,24,1,223,79.96,70,0,2,0,0,79.96
2005,6,8,24,1,223,82.4,79,0,2,0,0,82.4
2005,6,8,24,1,223,84.12,70,0,2,0,0,84.12
2005,6,8,24,1,223,86.58,80,0,2,0,0,86.58
2005,6,8,24,1,223,122.02,274.5,0,2,0,0,122.02
2005,6,8,1,1,224,23.01,78,0,1,0,0,23.01
2005,6,8,1,1,224,36.25,72,0,1,0,0,36.25
2005,6,8,1,1,224,38.05,72,0,1,0,0,38.05
2005,6,8,2,1,224,23.01,78,0,1,0,0,23.01
2005,6,8,2,1,224,38.05,72,0,1,0,0,38.05
2005,6,8,2,1,224,39.05,72,0,1,0,0,39.05
2005,6,8,3,1,224,23.01,78,0,1,0,0,23.01
2005,6,8,3,1,224,38.05,72,0,1,1,0,38.05
2005,6,8,3,1,224,39.05,72,0,1,1,0,39.05
2005,6,8,4,1,224,23.01,78,0,1,0,0,23.01
2005,6,8,4,1,224,38.05,72,0,1,1,0,38.05
2005,6,8,4,1,224,39.05,72,0,1,1,0,39.05
2005,6,8,5,1,224,23.01,78,0,1,0,0,23.01
2005,6,8,5,1,224,38.05,72,0,1,1,0,38.05
2005,6,8,5,1,224,39.05,72,0,1,1,0,39.05
2005,6,8,6,1,224,23.01,78,0,1,0,0,23.01
2005,6,8,6,1,224,38.05,72,0,1,1,0,38.05
2005,6,8,6,1,224,39.05,72,0,1,1,0,39.05
2005,6,8,7,1,224,23.01,78,0,1,0,0,23.01
2005,6,8,7,1,224,38.05,72,0,1,0,0,38.05
2005,6,8,7,1,224,39.05,72,0,1,0,0,39.05
2005,6,8,8,1,224,23.01,78,0,1,0,0,23.01
2005,6,8,8,1,224,36.25,72,0,1,0,0,36.25
2005,6,8,8,1,224,38.05,72,0,1,0,0,38.05
2005,6,8,9,1,224,23.01,78,0,1,0,0,23.01
2005,6,8,9,1,224,36.05,72,0,1,0,0,36.05
2005,6,8,9,1,224,36.25,72,0,1,0,0,36.25
2005,6,8,10,1,224,23.01,78,0,1,0,0,23.01
2005,6,8,10,1,224,36.05,72,0,1,0,0,36.05
2005,6,8,10,1,224,36.25,72,0,1,0,0,36.25
2005,6,8,11,1,224,23.01,78,0,1,0,0,23.01
2005,6,8,11,1,224,36.05,72,0,1,0,0,36.05
2005,6,8,11,1,224,36.25,72,0,1,0,0,36.25
2005,6,8,12,1,224,23.01,78,0,1,0,0,23.01
2005,6,8,12,1,224,36.05,72,0,1,0,0,36.05
2005,6,8,12,1,224,36.25,72,0,1,0,0,36.25
2005,6,8,13,1,224,23.01,78,0,1,0,0,23.01
2005,6,8,13,1,224,36.05,72,0,1,0,0,36.05
2005,6,8,13,1,224,36.25,72,0,1,0,0,36.25
2005,6,8,14,1,224,23.01,78,0,1,0,0,23.01
2005,6,8,14,1,224,36.05,72,0,1,0,0,36.05
2005,6,8,14,1,224,36.25,72,0,1,0,0,36.25
2005,6,8,15,1,224,23.01,78,0,1,0,0,23.01
2005,6,8,15,1,224,36.05,72,0,1,0,0,36.05
2005,6,8,15,1,224,36.25,72,0,1,0,0,36.25
2005,6,8,16,1,224,23.01,78,0,1,0,0,23.01
2005,6,8,16,1,224,36.05,72,0,1,0,0,36.05
2005,6,8,16,1,224,36.25,72,0,1,0,0,36.25
2005,6,8,17,1,224,23.01,78,0,1,0,0,23.01
2005,6,8,17,1,224,36.05,72,0,1,0,0,36.05
2005,6,8,17,1,224,36.25,72,0,1,0,0,36.25
2005,6,8,18,1,224,23.01,78,0,1,0,0,23.01
2005,6,8,18,1,224,36.05,72,0,1,0,0,36.05
2005,6,8,18,1,224,36.25,72,0,1,0,0,36.25
2005,6,8,19,1,224,23.01,78,0,1,0,0,23.01
2005,6,8,19,1,224,36.05,72,0,1,0,0,36.05
2005,6,8,19,1,224,36.25,72,0,1,0,0,36.25
2005,6,8,20,1,224,23.01,78,0,1,0,0,23.01
2005,6,8,20,1,224,36.05,72,0,1,0,0,36.05
2005,6,8,20,1,224,36.25,72,0,1,0,0,36.25
2005,6,8,21,1,224,23.01,78,0,1,0,0,23.01
2005,6,8,21,1,224,36.05,72,0,1,0,0,36.05
2005,6,8,21,1,224,36.25,72,0,1,0,0,36.25
2005,6,8,22,1,224,23.01,78,0,1,0,0,23.01
2005,6,8,22,1,224,36.05,72,0,1,0,0,36.05
2005,6,8,22,1,224,36.25,72,0,1,0,0,36.25
2005,6,8,23,1,224,23.01,78,0,1,0,0,23.01
2005,6,8,23,1,224,36.05,72,0,1,0,0,36.05
2005,6,8,23,1,224,36.25,72,0,1,0,0,36.25
2005,6,8,24,1,224,23.01,78,0,1,0,0,23.01
2005,6,8,24,1,224,36.05,72,0,1,0,0,36.05
2005,6,8,24,1,224,36.25,72,0,1,0,0,36.25
2005,6,8,1,9,225,0,10.2,0,2,1,0,0
2005,6,8,2,9,225,0,10.2,0,2,1,0,0
2005,6,8,3,9,225,0,10.2,0,2,1,0,0
2005,6,8,4,9,225,0,10.2,0,2,1,0,0
2005,6,8,5,9,225,0,10.3,0,2,1,0,0
2005,6,8,6,9,225,0,10.3,0,2,1,0,0
2005,6,8,7,9,225,0,10.3,0,2,1,0,0
2005,6,8,8,9,225,0,10.3,0,2,1,0,0
2005,6,8,9,9,225,0,9.9,0,2,1,0,0
2005,6,8,10,9,225,0,9.9,0,2,1,0,0
2005,6,8,11,9,225,0,9.8,0,2,1,0,0
2005,6,8,12,9,225,0,9.8,0,2,1,0,0
2005,6,8,13,9,225,0,9.9,0,2,1,0,0
2005,6,8,14,9,225,0,10,0,2,1,0,0
2005,6,8,15,9,225,0,10,0,2,1,0,0
2005,6,8,16,9,225,0,10,0,2,1,0,0
2005,6,8,17,9,225,0,10,0,2,1,0,0
2005,6,8,18,9,225,0,10,0,2,1,0,0
2005,6,8,19,9,225,0,9.9,0,2,1,0,0
2005,6,8,20,9,225,0,9.9,0,2,1,0,0
2005,6,8,21,9,225,0,10,0,2,1,0,0
2005,6,8,22,9,225,0,10.2,0,2,1,0,0
2005,6,8,23,9,225,0,10.2,0,2,1,0,0
2005,6,8,24,9,225,0,10.2,0,2,1,0,0
2005,6,8,1,2,226,42.99,100,0,1,0,0,42.99
2005,6,8,1,2,226,43,100,0,1,0,0,43
2005,6,8,2,2,226,42.99,100,0,1,1,0,42.99
2005,6,8,2,2,226,43,100,0,1,1,0,43
2005,6,8,3,2,226,42.99,100,0,1,1,0,42.99
2005,6,8,3,2,226,43,100,0,1,1,0,43
2005,6,8,4,2,226,42.99,100,0,1,1,0,42.99
2005,6,8,4,2,226,43,100,0,1,1,0,43
2005,6,8,5,2,226,42.99,100,0,1,1,0,42.99
2005,6,8,5,2,226,43,100,0,1,1,0,43
2005,6,8,6,2,226,42.99,100,0,1,1,0,42.99
2005,6,8,6,2,226,43,100,0,1,1,0,43
2005,6,8,7,2,226,42.99,100,0,1,1,0,42.99
2005,6,8,7,2,226,43,100,0,1,1,0,43
2005,6,8,8,2,226,42.99,100,0,1,0,0,42.99
2005,6,8,8,2,226,43,100,0,1,0,0,43
2005,6,8,9,2,226,10.99,100,0,1,0,0,10.99
2005,6,8,9,2,226,11,100,0,1,0,0,11
2005,6,8,10,2,226,10.99,100,0,1,0,0,10.99
2005,6,8,10,2,226,11,100,0,1,0,0,11
2005,6,8,11,2,226,10.99,100,0,1,0,0,10.99
2005,6,8,11,2,226,11,100,0,1,0,0,11
2005,6,8,12,2,226,10.99,100,0,1,0,0,10.99
2005,6,8,12,2,226,11,100,0,1,0,0,11
2005,6,8,13,2,226,10.99,100,0,1,0,0,10.99
2005,6,8,13,2,226,11,100,0,1,0,0,11
2005,6,8,14,2,226,10.99,100,0,1,0,0,10.99
2005,6,8,14,2,226,11,100,0,1,0,0,11
2005,6,8,15,2,226,10.99,100,0,1,0,0,10.99
2005,6,8,15,2,226,11,100,0,1,0,0,11
2005,6,8,16,2,226,10.99,100,0,1,0,0,10.99
2005,6,8,16,2,226,11,100,0,1,0,0,11
2005,6,8,17,2,226,10.99,100,0,1,0,0,10.99
2005,6,8,17,2,226,11,100,0,1,0,0,11
2005,6,8,18,2,226,10.99,100,0,1,0,0,10.99
2005,6,8,18,2,226,11,100,0,1,0,0,11
2005,6,8,19,2,226,10.99,100,0,1,0,0,10.99
2005,6,8,19,2,226,11,100,0,1,0,0,11
2005,6,8,20,2,226,10.99,100,0,1,0,0,10.99
2005,6,8,20,2,226,11,100,0,1,0,0,11
2005,6,8,21,2,226,10.99,100,0,1,0,0,10.99
2005,6,8,21,2,226,11,100,0,1,0,0,11
2005,6,8,22,2,226,10.99,100,0,1,0,0,10.99
2005,6,8,22,2,226,11,100,0,1,0,0,11
2005,6,8,23,2,226,10.99,100,0,1,0,0,10.99
2005,6,8,23,2,226,11,100,0,1,0,0,11
2005,6,8,24,2,226,10.99,100,0,1,0,0,10.99
2005,6,8,24,2,226,11,100,0,1,0,0,11
2005,6,8,9,2,227,60.78,25,0,2,1,0,60.78
2005,6,8,9,2,227,62.05,25,0,2,1,0,62.05
2005,6,8,9,2,227,63.32,25,0,2,1,0,63.32
2005,6,8,9,2,227,64.59,25,0,2,1,0,64.59
2005,6,8,10,2,227,60.78,25,0,2,1,0,60.78
2005,6,8,10,2,227,62.05,25,0,2,1,0,62.05
2005,6,8,10,2,227,63.32,25,0,2,1,0,63.32
2005,6,8,10,2,227,64.59,25,0,2,1,0,64.59
2005,6,8,11,2,227,60.78,25,0,2,1,0,60.78
2005,6,8,11,2,227,62.05,25,0,2,1,0,62.05
2005,6,8,11,2,227,63.32,25,0,2,1,0,63.32
2005,6,8,11,2,227,64.59,25,0,2,1,0,64.59
2005,6,8,12,2,227,60.78,25,0,2,1,0,60.78
2005,6,8,12,2,227,62.05,25,0,2,1,0,62.05
2005,6,8,12,2,227,63.32,25,0,2,1,0,63.32
2005,6,8,12,2,227,64.59,25,0,2,1,0,64.59
2005,6,8,13,2,227,60.78,25,0,2,1,0,60.78
2005,6,8,13,2,227,62.05,25,0,2,1,0,62.05
2005,6,8,13,2,227,63.32,25,0,2,1,0,63.32
2005,6,8,13,2,227,64.59,25,0,2,1,0,64.59
2005,6,8,14,2,227,60.78,25,0,2,1,0,60.78
2005,6,8,14,2,227,62.05,25,0,2,1,0,62.05
2005,6,8,14,2,227,63.32,25,0,2,1,0,63.32
2005,6,8,14,2,227,64.59,25,0,2,1,0,64.59
2005,6,8,15,2,227,60.78,25,0,2,1,0,60.78
2005,6,8,15,2,227,62.05,25,0,2,1,0,62.05
2005,6,8,15,2,227,63.32,25,0,2,1,0,63.32
2005,6,8,15,2,227,64.59,25,0,2,1,0,64.59
2005,6,8,16,2,227,60.78,25,0,2,1,0,60.78
2005,6,8,16,2,227,62.05,25,0,2,1,0,62.05
2005,6,8,16,2,227,63.32,25,0,2,1,0,63.32
2005,6,8,16,2,227,64.59,25,0,2,1,0,64.59
2005,6,8,17,2,227,60.78,25,0,2,1,0,60.78
2005,6,8,17,2,227,62.05,25,0,2,1,0,62.05
2005,6,8,17,2,227,63.32,25,0,2,1,0,63.32
2005,6,8,17,2,227,64.59,25,0,2,1,0,64.59
2005,6,8,18,2,227,60.78,25,0,2,1,0,60.78
2005,6,8,18,2,227,62.05,25,0,2,1,0,62.05
2005,6,8,18,2,227,63.32,25,0,2,1,0,63.32
2005,6,8,18,2,227,64.59,25,0,2,1,0,64.59
2005,6,8,19,2,227,60.78,25,0,2,1,0,60.78
2005,6,8,19,2,227,62.05,25,0,2,1,0,62.05
2005,6,8,19,2,227,63.32,25,0,2,1,0,63.32
2005,6,8,19,2,227,64.59,25,0,2,1,0,64.59
2005,6,8,20,2,227,60.78,25,0,2,1,0,60.78
2005,6,8,20,2,227,62.05,25,0,2,1,0,62.05
2005,6,8,20,2,227,63.32,25,0,2,1,0,63.32
2005,6,8,20,2,227,64.59,25,0,2,1,0,64.59
2005,6,8,21,2,227,60.78,25,0,2,1,0,60.78
2005,6,8,21,2,227,62.05,25,0,2,1,0,62.05
2005,6,8,21,2,227,63.32,25,0,2,1,0,63.32
2005,6,8,21,2,227,64.59,25,0,2,0,0,64.59
2005,6,8,22,2,227,60.78,25,0,2,1,0,60.78
2005,6,8,22,2,227,62.05,25,0,2,1,0,62.05
2005,6,8,22,2,227,63.32,25,0,2,1,0,63.32
2005,6,8,22,2,227,64.59,25,0,2,1,0,64.59
2005,6,8,23,2,227,60.78,25,0,2,1,0,60.78
2005,6,8,23,2,227,62.05,25,0,2,1,0,62.05
2005,6,8,23,2,227,63.32,25,0,2,1,0,63.32
2005,6,8,23,2,227,64.59,25,0,2,1,0,64.59
2005,6,8,24,2,227,60.78,25,0,2,0,0,60.78
2005,6,8,24,2,227,62.05,25,0,2,0,0,62.05
2005,6,8,24,2,227,63.32,25,0,2,0,0,63.32
2005,6,8,24,2,227,64.59,25,0,2,0,0,64.59
2005,6,8,1,9,228,0,80,0,2,1,0,0
2005,6,8,2,9,228,0,80,0,2,1,0,0
2005,6,8,3,9,228,0,80,0,2,1,0,0
2005,6,8,4,9,228,0,80,0,2,1,0,0
2005,6,8,5,9,228,0,80,0,2,1,0,0
2005,6,8,6,9,228,0,80,0,2,1,0,0
2005,6,8,7,9,228,0,80,0,2,1,0,0
2005,6,8,8,9,228,0,80,0,2,1,0,0
2005,6,8,9,9,228,0,80,0,2,1,0,0
2005,6,8,10,9,228,0,77.5,0,2,1,0,0
2005,6,8,11,9,228,0,74.5,0,2,1,0,0
2005,6,8,12,9,228,0,70.2,0,2,1,0,0
2005,6,8,13,9,228,0,68.5,0,2,1,0,0
2005,6,8,14,9,228,0,67.5,0,2,1,0,0
2005,6,8,15,9,228,0,66.5,0,2,1,0,0
2005,6,8,16,9,228,0,66.5,0,2,1,0,0
2005,6,8,17,9,228,0,66.5,0,2,1,0,0
2005,6,8,18,9,228,0,67,0,2,1,0,0
2005,6,8,19,9,228,0,67.5,0,2,1,0,0
2005,6,8,20,9,228,0,68,0,2,1,0,0
2005,6,8,21,9,228,0,68.5,0,2,1,0,0
2005,6,8,22,9,228,0,70,0,2,1,0,0
2005,6,8,23,9,228,0,73,0,2,1,0,0
2005,6,8,24,9,228,0,80,0,2,1,0,0
2005,6,8,1,9,229,180.3,.6,0,1,1,0,180.3
2005,6,8,2,9,229,180.3,.6,0,1,1,0,180.3
2005,6,8,3,9,229,180.3,.6,0,1,1,0,180.3
2005,6,8,4,9,229,180.3,.6,0,1,1,0,180.3
2005,6,8,5,9,229,180.3,.6,0,1,1,0,180.3
2005,6,8,6,9,229,180.3,.7,0,1,1,0,180.3
2005,6,8,7,9,229,180.3,.9,0,1,1,0,180.3
2005,6,8,8,9,229,180.3,.9,0,1,1,0,180.3
2005,6,8,9,9,229,180.3,.9,0,1,1,0,180.3
2005,6,8,10,9,229,180.3,.9,0,1,1,0,180.3
2005,6,8,11,9,229,180.3,.9,0,1,1,0,180.3
2005,6,8,12,9,229,180.3,.9,0,1,1,0,180.3
2005,6,8,13,9,229,180.3,.9,0,1,1,0,180.3
2005,6,8,14,9,229,180.3,.9,0,1,1,0,180.3
2005,6,8,15,9,229,180.3,.9,0,1,1,0,180.3
2005,6,8,16,9,229,180.3,.9,0,1,1,0,180.3
2005,6,8,17,9,229,180.3,.9,0,1,1,0,180.3
2005,6,8,18,9,229,180.3,.9,0,1,1,0,180.3
2005,6,8,19,9,229,180.3,.8,0,1,1,0,180.3
2005,6,8,20,9,229,180.3,.8,0,1,1,0,180.3
2005,6,8,21,9,229,180.3,.8,0,1,1,0,180.3
2005,6,8,22,9,229,180.3,.8,0,1,1,0,180.3
2005,6,8,23,9,229,180.3,.7,0,1,1,0,180.3
2005,6,8,24,9,229,180.3,.7,0,1,1,0,180.3
2005,6,8,1,9,230,0,3.9,0,2,1,0,0
2005,6,8,2,9,230,40,3.9,0,2,1,0,40
2005,6,8,3,9,230,40,3.9,0,2,0,0,40
2005,6,8,4,9,230,40,3.9,0,2,0,0,40
2005,6,8,5,9,230,40,3.9,0,2,0,0,40
2005,6,8,6,9,230,40,3.6,0,2,0,0,40
2005,6,8,7,9,230,0,3.7,0,2,1,0,0
2005,6,8,8,9,230,0,3.7,0,2,1,0,0
2005,6,8,9,9,230,0,3.7,0,2,1,0,0
2005,6,8,10,9,230,0,3.7,0,2,1,0,0
2005,6,8,11,9,230,0,3.7,0,2,1,0,0
2005,6,8,12,9,230,0,3.6,0,2,1,0,0
2005,6,8,13,9,230,0,3.6,0,2,1,0,0
2005,6,8,14,9,230,0,3.6,0,2,1,0,0
2005,6,8,15,9,230,0,3.6,0,2,1,0,0
2005,6,8,16,9,230,0,3.6,0,2,1,0,0
2005,6,8,17,9,230,0,3.6,0,2,1,0,0
2005,6,8,18,9,230,0,3.6,0,2,1,0,0
2005,6,8,19,9,230,0,3.7,0,2,1,0,0
2005,6,8,20,9,230,0,3.7,0,2,1,0,0
2005,6,8,21,9,230,0,3.7,0,2,1,0,0
2005,6,8,22,9,230,0,3.7,0,2,1,0,0
2005,6,8,23,9,230,0,3.8,0,2,1,0,0
2005,6,8,24,9,230,0,3.8,0,2,1,0,0
2005,6,8,1,9,231,0,16.6,0,2,1,0,0
2005,6,8,1,9,231,150,56.9,0,2,0,0,150
2005,6,8,2,9,231,0,16.6,0,2,1,0,0
2005,6,8,2,9,231,150,56.9,0,2,0,0,150
2005,6,8,3,9,231,0,16.6,0,2,1,0,0
2005,6,8,3,9,231,150,56.9,0,2,0,0,150
2005,6,8,4,9,231,0,16.6,0,2,1,0,0
2005,6,8,4,9,231,150,56.9,0,2,0,0,150
2005,6,8,5,9,231,0,16.6,0,2,1,0,0
2005,6,8,5,9,231,150,56.9,0,2,0,0,150
2005,6,8,6,9,231,0,16.6,0,2,1,0,0
2005,6,8,6,9,231,150,56.9,0,2,0,0,150
2005,6,8,7,9,231,0,16.6,0,2,1,0,0
2005,6,8,7,9,231,150,56.9,0,2,0,0,150
2005,6,8,8,9,231,0,16.6,0,2,1,0,0
2005,6,8,8,9,231,150,56.9,0,2,0,0,150
2005,6,8,9,9,231,0,16.6,0,2,1,0,0
2005,6,8,9,9,231,150,56.9,0,2,0,0,150
2005,6,8,10,9,231,0,16.6,0,2,1,0,0
2005,6,8,10,9,231,150,56.9,0,2,0,0,150
2005,6,8,11,9,231,0,16.6,0,2,1,0,0
2005,6,8,11,9,231,150,56.9,0,2,0,0,150
2005,6,8,12,9,231,0,16.6,0,2,1,0,0
2005,6,8,12,9,231,150,56.9,0,2,0,0,150
2005,6,8,13,9,231,0,16.6,0,2,1,0,0
2005,6,8,13,9,231,150,56.9,0,2,0,0,150
2005,6,8,14,9,231,0,16.6,0,2,1,0,0
2005,6,8,14,9,231,150,56.9,0,2,0,0,150
2005,6,8,15,9,231,0,16.6,0,2,1,0,0
2005,6,8,15,9,231,150,56.9,0,2,0,0,150
2005,6,8,16,9,231,0,16.6,0,2,1,0,0
2005,6,8,16,9,231,150,56.9,0,2,0,0,150
2005,6,8,17,9,231,0,16.6,0,2,1,0,0
2005,6,8,17,9,231,150,56.9,0,2,0,0,150
2005,6,8,18,9,231,0,16.6,0,2,1,0,0
2005,6,8,18,9,231,150,56.9,0,2,0,0,150
2005,6,8,19,9,231,0,16.6,0,2,1,0,0
2005,6,8,19,9,231,150,56.9,0,2,0,0,150
2005,6,8,20,9,231,0,16.6,0,2,1,0,0
2005,6,8,20,9,231,150,56.9,0,2,0,0,150
2005,6,8,21,9,231,0,16.6,0,2,1,0,0
2005,6,8,21,9,231,150,56.9,0,2,0,0,150
2005,6,8,22,9,231,0,16.6,0,2,1,0,0
2005,6,8,22,9,231,150,56.9,0,2,0,0,150
2005,6,8,23,9,231,0,16.6,0,2,1,0,0
2005,6,8,23,9,231,150,56.9,0,2,0,0,150
2005,6,8,24,9,231,0,16.6,0,2,1,0,0
2005,6,8,24,9,231,150,56.9,0,2,0,0,150
2005,6,8,1,9,232,180.3,.1,0,1,1,0,180.3
2005,6,8,2,9,232,180.3,.1,0,1,1,0,180.3
2005,6,8,3,9,232,180.3,.1,0,1,1,0,180.3
2005,6,8,4,9,232,180.3,.1,0,1,1,0,180.3
2005,6,8,5,9,232,180.3,.1,0,1,1,0,180.3
2005,6,8,6,9,232,180.3,.1,0,1,1,0,180.3
2005,6,8,7,9,232,180.3,.1,0,1,1,0,180.3
2005,6,8,8,9,232,180.3,.1,0,1,1,0,180.3
2005,6,8,9,9,232,180.3,.1,0,1,1,0,180.3
2005,6,8,10,9,232,180.3,.1,0,1,1,0,180.3
2005,6,8,11,9,232,180.3,.1,0,1,1,0,180.3
2005,6,8,12,9,232,180.3,.1,0,1,1,0,180.3
2005,6,8,13,9,232,180.3,.1,0,1,1,0,180.3
2005,6,8,14,9,232,180.3,.1,0,1,1,0,180.3
2005,6,8,15,9,232,180.3,.1,0,1,1,0,180.3
2005,6,8,16,9,232,180.3,.1,0,1,1,0,180.3
2005,6,8,17,9,232,180.3,.1,0,1,1,0,180.3
2005,6,8,18,9,232,180.3,.1,0,1,1,0,180.3
2005,6,8,19,9,232,180.3,.1,0,1,1,0,180.3
2005,6,8,20,9,232,180.3,.1,0,1,1,0,180.3
2005,6,8,21,9,232,180.3,.1,0,1,1,0,180.3
2005,6,8,22,9,232,180.3,.1,0,1,1,0,180.3
2005,6,8,23,9,232,180.3,.1,0,1,1,0,180.3
2005,6,8,24,9,232,180.3,.1,0,1,1,0,180.3
2005,6,8,1,9,233,0,36,0,2,1,0,0
2005,6,8,2,9,233,0,36,0,2,1,0,0
2005,6,8,3,9,233,0,36,0,2,1,0,0
2005,6,8,4,9,233,0,36,0,2,1,0,0
2005,6,8,5,9,233,0,36,0,2,1,0,0
2005,6,8,6,9,233,0,36,0,2,1,0,0
2005,6,8,7,9,233,0,35.5,0,2,1,0,0
2005,6,8,8,9,233,0,35.5,0,2,1,0,0
2005,6,8,9,9,233,0,35.5,0,2,1,0,0
2005,6,8,10,9,233,0,35.5,0,2,1,0,0
2005,6,8,11,9,233,0,35.5,0,2,1,0,0
2005,6,8,12,9,233,0,35,0,2,1,0,0
2005,6,8,13,9,233,0,35,0,2,1,0,0
2005,6,8,14,9,233,0,35,0,2,1,0,0
2005,6,8,15,9,233,0,35,0,2,1,0,0
2005,6,8,16,9,233,0,35,0,2,1,0,0
2005,6,8,17,9,233,0,35,0,2,1,0,0
2005,6,8,18,9,233,0,35.5,0,2,1,0,0
2005,6,8,19,9,233,0,35.5,0,2,1,0,0
2005,6,8,20,9,233,0,35.5,0,2,1,0,0
2005,6,8,21,9,233,0,35.5,0,2,1,0,0
2005,6,8,22,9,233,0,36,0,2,1,0,0
2005,6,8,23,9,233,0,36,0,2,1,0,0
2005,6,8,24,9,233,0,36,0,2,1,0,0
2005,6,8,1,9,234,0,11.2,0,2,1,0,0
2005,6,8,2,9,234,0,11.3,0,2,1,0,0
2005,6,8,3,9,234,0,11.5,0,2,1,0,0
2005,6,8,4,9,234,0,11.5,0,2,1,0,0
2005,6,8,5,9,234,0,11.6,0,2,1,0,0
2005,6,8,6,9,234,0,11.6,0,2,1,0,0
2005,6,8,7,9,234,0,11.6,0,2,1,0,0
2005,6,8,8,9,234,0,11.6,0,2,1,0,0
2005,6,8,9,9,234,0,11.4,0,2,1,0,0
2005,6,8,10,9,234,0,10.5,0,2,1,0,0
2005,6,8,11,9,234,0,10,0,2,1,0,0
2005,6,8,12,9,234,0,10,0,2,1,0,0
2005,6,8,13,9,234,0,10,0,2,1,0,0
2005,6,8,14,9,234,0,10,0,2,1,0,0
2005,6,8,15,9,234,0,10,0,2,1,0,0
2005,6,8,16,9,234,0,10,0,2,1,0,0
2005,6,8,17,9,234,0,10,0,2,1,0,0
2005,6,8,18,9,234,0,10,0,2,1,0,0
2005,6,8,19,9,234,0,10,0,2,1,0,0
2005,6,8,20,9,234,0,10,0,2,1,0,0
2005,6,8,21,9,234,0,10.5,0,2,1,0,0
2005,6,8,22,9,234,0,10.6,0,2,1,0,0
2005,6,8,23,9,234,0,11,0,2,1,0,0
2005,6,8,24,9,234,0,11,0,2,1,0,0
2005,6,8,1,3,1099,160.3,45,.922647,2,0,0,160.3
2005,6,8,1,3,1099,170.3,10,.922647,2,0,0,170.3
2005,6,8,1,3,1099,180.3,5,.922647,2,0,0,180.3
2005,6,8,2,3,1099,160.3,45,.922647,2,0,0,160.3
2005,6,8,2,3,1099,170.3,10,.922647,2,0,0,170.3
2005,6,8,2,3,1099,180.3,5,.922647,2,0,0,180.3
2005,6,8,3,3,1099,160.3,45,.922647,2,0,0,160.3
2005,6,8,3,3,1099,170.3,10,.922647,2,0,0,170.3
2005,6,8,3,3,1099,180.3,5,.922647,2,0,0,180.3
2005,6,8,4,3,1099,160.3,45,.922647,2,0,0,160.3
2005,6,8,4,3,1099,170.3,10,.922647,2,0,0,170.3
2005,6,8,4,3,1099,180.3,5,.922647,2,0,0,180.3
2005,6,8,5,3,1099,160.3,45,.922647,2,0,0,160.3
2005,6,8,5,3,1099,170.3,10,.922647,2,0,0,170.3
2005,6,8,5,3,1099,180.3,5,.922647,2,0,0,180.3
2005,6,8,6,3,1099,160.3,45,.922647,2,0,0,160.3
2005,6,8,6,3,1099,170.3,10,.922647,2,0,0,170.3
2005,6,8,6,3,1099,180.3,5,.922647,2,0,0,180.3
2005,6,8,7,3,1099,160.3,30,.922647,2,0,0,160.3
2005,6,8,7,3,1099,170.3,10,.922647,2,0,0,170.3
2005,6,8,7,3,1099,180.3,20,.922647,2,0,0,180.3
2005,6,8,8,3,1099,160.3,45,.922647,2,0,0,160.3
2005,6,8,8,3,1099,170.3,10,.922647,2,0,0,170.3
2005,6,8,8,3,1099,180.3,5,.922647,2,0,0,180.3
2005,6,8,9,3,1099,160.3,45,.922647,2,0,0,160.3
2005,6,8,9,3,1099,170.3,10,.922647,2,0,0,170.3
2005,6,8,9,3,1099,180.3,5,.922647,2,0,0,180.3
2005,6,8,10,3,1099,160.3,45,.922647,2,0,0,160.3
2005,6,8,10,3,1099,170.3,10,.922647,2,0,0,170.3
2005,6,8,10,3,1099,180.3,5,.922647,2,0,0,180.3
2005,6,8,11,3,1099,160.3,45,.922647,2,0,0,160.3
2005,6,8,11,3,1099,170.3,10,.922647,2,0,0,170.3
2005,6,8,11,3,1099,180.3,5,.922647,2,0,0,180.3
2005,6,8,12,3,1099,160.3,45,.922647,2,0,0,160.3
2005,6,8,12,3,1099,170.3,10,.922647,2,0,0,170.3
2005,6,8,12,3,1099,180.3,5,.922647,2,0,0,180.3
2005,6,8,13,3,1099,160.3,45,.922647,2,0,0,160.3
2005,6,8,13,3,1099,170.3,10,.922647,2,0,0,170.3
2005,6,8,13,3,1099,180.3,5,.922647,2,0,0,180.3
2005,6,8,14,3,1099,160.3,45,.922647,2,0,0,160.3
2005,6,8,14,3,1099,170.3,10,.922647,2,0,0,170.3
2005,6,8,14,3,1099,180.3,5,.922647,2,0,0,180.3
2005,6,8,15,3,1099,160.3,45,.922647,2,0,0,160.3
2005,6,8,15,3,1099,170.3,10,.922647,2,0,0,170.3
2005,6,8,15,3,1099,180.3,5,.922647,2,0,0,180.3
2005,6,8,16,3,1099,160.3,45,.922647,2,0,0,160.3
2005,6,8,16,3,1099,170.3,10,.922647,2,0,0,170.3
2005,6,8,16,3,1099,180.3,5,.922647,2,0,0,180.3
2005,6,8,17,3,1099,160.3,45,.922647,2,0,0,160.3
2005,6,8,17,3,1099,170.3,10,.922647,2,0,0,170.3
2005,6,8,17,3,1099,180.3,5,.922647,2,0,0,180.3
2005,6,8,18,3,1099,160.3,45,.922647,2,0,0,160.3
2005,6,8,18,3,1099,170.3,10,.922647,2,0,0,170.3
2005,6,8,18,3,1099,180.3,5,.922647,2,0,0,180.3
2005,6,8,19,3,1099,160.3,45,.922647,2,0,0,160.3
2005,6,8,19,3,1099,170.3,10,.922647,2,0,0,170.3
2005,6,8,19,3,1099,180.3,5,.922647,2,0,0,180.3
2005,6,8,20,3,1099,160.3,45,.922647,2,0,0,160.3
2005,6,8,20,3,1099,170.3,10,.922647,2,0,0,170.3
2005,6,8,20,3,1099,180.3,5,.922647,2,0,0,180.3
2005,6,8,21,3,1099,160.3,45,.922647,2,0,0,160.3
2005,6,8,21,3,1099,170.3,10,.922647,2,0,0,170.3
2005,6,8,21,3,1099,180.3,5,.922647,2,0,0,180.3
2005,6,8,22,3,1099,160.3,45,.922647,2,0,0,160.3
2005,6,8,22,3,1099,170.3,10,.922647,2,0,0,170.3
2005,6,8,22,3,1099,180.3,5,.922647,2,0,0,180.3
2005,6,8,23,3,1099,160.3,45,.922647,2,0,0,160.3
2005,6,8,23,3,1099,170.3,10,.922647,2,0,0,170.3
2005,6,8,23,3,1099,180.3,5,.922647,2,0,0,180.3
2005,6,8,24,3,1099,160.3,45,.922647,2,0,0,160.3
2005,6,8,24,3,1099,170.3,10,.922647,2,0,0,170.3
2005,6,8,24,3,1099,180.3,5,.922647,2,0,0,180.3
2005,6,8,1,3,1100,0,180,.922647,2,1,0,0
2005,6,8,1,3,1100,39.12,20,.922647,2,1,0,39.754686
2005,6,8,1,3,1100,42.12,19,.922647,2,1,0,39.754686
2005,6,8,2,3,1100,0,180,.922647,2,1,0,0
2005,6,8,2,3,1100,42.12,39,.922647,2,0,0,39.754686
2005,6,8,3,3,1100,0,180,.922647,2,1,0,0
2005,6,8,3,3,1100,42.12,39,.922647,2,0,0,39.754686
2005,6,8,4,3,1100,0,180,.922647,2,1,0,0
2005,6,8,4,3,1100,42.12,39,.922647,2,0,0,39.754686
2005,6,8,5,3,1100,0,180,.922647,2,1,0,0
2005,6,8,5,3,1100,42.12,39,.922647,2,0,0,39.754686
2005,6,8,6,3,1100,0,180,.922647,2,1,0,0
2005,6,8,6,3,1100,42.12,39,.922647,2,0,0,39.754686
2005,6,8,7,3,1100,0,180,.922647,2,1,0,0
2005,6,8,7,3,1100,42.12,39,.922647,2,0,0,39.754686
2005,6,8,8,3,1100,0,180,.922647,2,1,0,0
2005,6,8,8,3,1100,39.12,20,.922647,2,1,0,39.754686
2005,6,8,8,3,1100,42.12,19,.922647,2,1,0,39.754686
2005,6,8,9,3,1100,0,180,.922647,2,1,0,0
2005,6,8,9,3,1100,39.12,20,.922647,2,1,0,39.754686
2005,6,8,9,3,1100,42.12,19,.922647,2,1,0,39.754686
2005,6,8,10,3,1100,0,180,.922647,2,1,0,0
2005,6,8,10,3,1100,39.12,20,.922647,2,1,0,39.754686
2005,6,8,10,3,1100,42.12,19,.922647,2,1,0,39.754686
2005,6,8,11,3,1100,0,180,.922647,2,1,0,0
2005,6,8,11,3,1100,39.12,20,.922647,2,1,0,39.754686
2005,6,8,11,3,1100,42.12,19,.922647,2,1,0,39.754686
2005,6,8,12,3,1100,0,180,.922647,2,1,0,0
2005,6,8,12,3,1100,39.12,20,.922647,2,1,0,39.754686
2005,6,8,12,3,1100,42.12,19,.922647,2,1,0,39.754686
2005,6,8,13,3,1100,0,180,.922647,2,1,0,0
2005,6,8,13,3,1100,39.12,20,.922647,2,1,0,39.754686
2005,6,8,13,3,1100,42.12,19,.922647,2,1,0,39.754686
2005,6,8,14,3,1100,0,180,.922647,2,1,0,0
2005,6,8,14,3,1100,39.12,20,.922647,2,1,0,39.754686
2005,6,8,14,3,1100,42.12,19,.922647,2,1,0,39.754686
2005,6,8,15,3,1100,0,180,.922647,2,1,0,0
2005,6,8,15,3,1100,39.12,20,.922647,2,1,0,39.754686
2005,6,8,15,3,1100,42.12,19,.922647,2,1,0,39.754686
2005,6,8,16,3,1100,0,180,.922647,2,1,0,0
2005,6,8,16,3,1100,39.12,30,.922647,2,1,0,39.754686
2005,6,8,16,3,1100,42.12,9,.922647,2,1,0,39.754686
2005,6,8,17,3,1100,0,180,.922647,2,1,0,0
2005,6,8,17,3,1100,39.12,30,.922647,2,1,0,39.754686
2005,6,8,17,3,1100,42.12,9,.922647,2,1,0,39.754686
2005,6,8,18,3,1100,0,180,.922647,2,1,0,0
2005,6,8,18,3,1100,39.12,30,.922647,2,1,0,39.754686
2005,6,8,18,3,1100,42.12,9,.922647,2,1,0,39.754686
2005,6,8,19,3,1100,0,180,.922647,2,1,0,0
2005,6,8,19,3,1100,39.12,30,.922647,2,1,0,39.754686
2005,6,8,19,3,1100,42.12,9,.922647,2,1,0,39.754686
2005,6,8,20,3,1100,0,180,.922647,2,1,0,0
2005,6,8,20,3,1100,39.12,30,.922647,2,1,0,39.754686
2005,6,8,20,3,1100,42.12,9,.922647,2,1,0,39.754686
2005,6,8,21,3,1100,0,180,.922647,2,1,0,0
2005,6,8,21,3,1100,39.12,30,.922647,2,1,0,39.754686
2005,6,8,21,3,1100,42.12,9,.922647,2,1,0,39.754686
2005,6,8,22,3,1100,0,180,.922647,2,1,0,0
2005,6,8,22,3,1100,39.12,20,.922647,2,1,0,39.754686
2005,6,8,22,3,1100,42.12,19,.922647,2,1,0,39.754686
2005,6,8,23,3,1100,0,180,.922647,2,1,0,0
2005,6,8,23,3,1100,39.12,20,.922647,2,1,0,39.754686
2005,6,8,23,3,1100,42.12,19,.922647,2,1,0,39.754686
2005,6,8,24,3,1100,0,180,.922647,2,1,0,0
2005,6,8,24,3,1100,39.12,20,.922647,2,1,0,39.754686
2005,6,8,24,3,1100,42.12,19,.922647,2,1,0,39.754686
2005,6,8,1,3,1101,0,180,.922647,2,1,0,0
2005,6,8,1,3,1101,29.98,40,.922647,2,1,0,39.13572
2005,6,8,1,3,1101,30.98,40,.922647,2,1,0,39.13572
2005,6,8,1,3,1101,34.98,40,.922647,2,1,0,39.13572
2005,6,8,1,3,1101,37.98,30,.922647,2,1,0,39.13572
2005,6,8,2,3,1101,0,180,.922647,2,1,0,0
2005,6,8,2,3,1101,29.98,30,.922647,2,1,0,39.13572
2005,6,8,2,3,1101,30.98,40,.922647,2,1,0,39.13572
2005,6,8,2,3,1101,34.98,40,.922647,2,1,0,39.13572
2005,6,8,2,3,1101,37.98,40,.922647,2,1,0,39.13572
2005,6,8,3,3,1101,0,180,.922647,2,1,0,0
2005,6,8,3,3,1101,29.98,30,.922647,2,1,0,39.13572
2005,6,8,3,3,1101,30.98,40,.922647,2,1,0,39.13572
2005,6,8,3,3,1101,34.98,40,.922647,2,1,0,39.13572
2005,6,8,3,3,1101,37.98,40,.922647,2,0,0,39.13572
2005,6,8,4,3,1101,0,180,.922647,2,1,0,0
2005,6,8,4,3,1101,29.98,30,.922647,2,1,0,39.13572
2005,6,8,4,3,1101,30.98,40,.922647,2,1,0,39.13572
2005,6,8,4,3,1101,34.98,40,.922647,2,1,0,39.13572
2005,6,8,4,3,1101,37.98,40,.922647,2,0,0,39.13572
2005,6,8,5,3,1101,0,180,.922647,2,1,0,0
2005,6,8,5,3,1101,29.98,30,.922647,2,1,0,39.13572
2005,6,8,5,3,1101,30.98,40,.922647,2,1,0,39.13572
2005,6,8,5,3,1101,34.98,40,.922647,2,1,0,39.13572
2005,6,8,5,3,1101,37.98,40,.922647,2,0,0,39.13572
2005,6,8,6,3,1101,0,180,.922647,2,1,0,0
2005,6,8,6,3,1101,29.98,30,.922647,2,1,0,39.13572
2005,6,8,6,3,1101,30.98,40,.922647,2,1,0,39.13572
2005,6,8,6,3,1101,34.98,40,.922647,2,1,0,39.13572
2005,6,8,6,3,1101,37.98,40,.922647,2,0,0,39.13572
2005,6,8,7,3,1101,0,180,.922647,2,1,0,0
2005,6,8,7,3,1101,29.98,30,.922647,2,1,0,39.13572
2005,6,8,7,3,1101,30.98,40,.922647,2,1,0,39.13572
2005,6,8,7,3,1101,34.98,40,.922647,2,1,0,39.13572
2005,6,8,7,3,1101,37.98,40,.922647,2,1,0,39.13572
2005,6,8,8,3,1101,0,180,.922647,2,1,0,0
2005,6,8,8,3,1101,29.98,30,.922647,2,1,0,39.13572
2005,6,8,8,3,1101,30.98,40,.922647,2,1,0,39.13572
2005,6,8,8,3,1101,34.98,40,.922647,2,1,0,39.13572
2005,6,8,8,3,1101,37.98,40,.922647,2,1,0,39.13572
2005,6,8,9,3,1101,0,240,.922647,2,1,0,0
2005,6,8,9,3,1101,23.98,20,.922647,2,1,0,39.13572
2005,6,8,9,3,1101,25.98,20,.922647,2,1,0,39.13572
2005,6,8,9,3,1101,28.98,20,.922647,2,1,0,39.13572
2005,6,8,9,3,1101,31.98,30,.922647,2,1,0,39.13572
2005,6,8,10,3,1101,0,300,.922647,2,1,0,0
2005,6,8,10,3,1101,23.98,10,.922647,2,1,0,39.13572
2005,6,8,10,3,1101,25.98,10,.922647,2,1,0,39.13572
2005,6,8,10,3,1101,28.98,10,.922647,2,1,0,39.13572
2005,6,8,11,3,1101,0,330,.922647,2,1,0,0
2005,6,8,12,3,1101,0,330,.922647,2,1,0,0
2005,6,8,13,3,1101,0,330,.922647,2,1,0,0
2005,6,8,14,3,1101,0,330,.922647,2,1,0,0
2005,6,8,15,3,1101,0,300,.922647,2,1,0,0
2005,6,8,15,3,1101,23.98,10,.922647,2,1,0,39.13572
2005,6,8,15,3,1101,25.98,10,.922647,2,1,0,39.13572
2005,6,8,15,3,1101,28.98,10,.922647,2,1,0,39.13572
2005,6,8,16,3,1101,0,300,.922647,2,1,0,0
2005,6,8,16,3,1101,23.98,10,.922647,2,1,0,39.13572
2005,6,8,16,3,1101,25.98,10,.922647,2,1,0,39.13572
2005,6,8,16,3,1101,28.98,10,.922647,2,1,0,39.13572
2005,6,8,17,3,1101,0,300,.922647,2,1,0,0
2005,6,8,17,3,1101,23.98,10,.922647,2,1,0,39.13572
2005,6,8,17,3,1101,25.98,10,.922647,2,1,0,39.13572
2005,6,8,17,3,1101,28.98,10,.922647,2,1,0,39.13572
2005,6,8,18,3,1101,0,300,.922647,2,1,0,0
2005,6,8,18,3,1101,23.98,10,.922647,2,1,0,39.13572
2005,6,8,18,3,1101,25.98,10,.922647,2,1,0,39.13572
2005,6,8,18,3,1101,28.98,10,.922647,2,1,0,39.13572
2005,6,8,19,3,1101,0,300,.922647,2,1,0,0
2005,6,8,19,3,1101,23.98,10,.922647,2,1,0,39.13572
2005,6,8,19,3,1101,25.98,10,.922647,2,1,0,39.13572
2005,6,8,19,3,1101,28.98,10,.922647,2,1,0,39.13572
2005,6,8,20,3,1101,0,300,.922647,2,1,0,0
2005,6,8,20,3,1101,23.98,10,.922647,2,1,0,39.13572
2005,6,8,20,3,1101,25.98,10,.922647,2,1,0,39.13572
2005,6,8,20,3,1101,28.98,10,.922647,2,1,0,39.13572
2005,6,8,21,3,1101,0,330,.922647,2,1,0,0
2005,6,8,22,3,1101,0,330,.922647,2,1,0,0
2005,6,8,23,3,1101,0,330,.922647,2,1,0,0
2005,6,8,24,3,1101,0,330,.922647,2,1,0,0
2005,6,8,1,5,1104,1,165,.377049,2,1,0,1
2005,6,8,1,5,1104,30.56,27,.377049,2,1,0,42.225321
2005,6,8,1,5,1104,30.69,11.5,.377049,2,1,0,42.225321
2005,6,8,1,5,1104,30.81,7.7,.377049,2,1,0,42.225321
2005,6,8,1,5,1104,30.96,7.7,.377049,2,1,0,42.225321
2005,6,8,1,5,1104,31.13,7.7,.377049,2,1,0,42.225321
2005,6,8,1,5,1104,31.32,7.7,.377049,2,1,0,42.225321
2005,6,8,1,5,1104,31.53,7.7,.377049,2,1,0,42.225321
2005,6,8,1,5,1104,31.74,7.7,.377049,2,1,0,42.225321
2005,6,8,1,5,1104,31.97,7.7,.377049,2,1,0,42.225321
2005,6,8,1,5,1104,32.2,7.7,.377049,2,1,0,42.225321
2005,6,8,1,5,1104,32.44,7.7,.377049,2,1,0,42.225321
2005,6,8,1,5,1104,32.67,7.7,.377049,2,1,0,42.225321
2005,6,8,1,5,1104,32.91,7.7,.377049,2,1,0,42.225321
2005,6,8,1,5,1104,33.14,7.7,.377049,2,1,0,42.225321
2005,6,8,1,5,1104,33.37,7.7,.377049,2,1,0,42.225321
2005,6,8,1,5,1104,33.58,7.7,.377049,2,1,0,42.225321
2005,6,8,1,5,1104,33.78,7.7,.377049,2,1,0,42.225321
2005,6,8,1,5,1104,33.97,7.7,.377049,2,1,0,42.225321
2005,6,8,1,5,1104,34.14,7.7,.377049,2,1,0,42.225321
2005,6,8,1,5,1104,34.28,7.7,.377049,2,1,0,42.225321
2005,6,8,1,5,1104,34.41,7.7,.377049,2,1,0,42.225321
2005,6,8,1,5,1104,34.5,7.7,.377049,2,1,0,42.225321
2005,6,8,1,5,1104,34.57,7.7,.377049,2,1,0,42.225321
2005,6,8,1,5,1104,34.6,7.9,.377049,2,1,0,42.225321
2005,6,8,2,5,1104,1,165,.377049,2,1,0,1
2005,6,8,2,5,1104,30.56,27,.377049,2,1,0,42.225321
2005,6,8,2,5,1104,30.69,11.5,.377049,2,1,0,42.225321
2005,6,8,2,5,1104,30.81,7.7,.377049,2,1,0,42.225321
2005,6,8,2,5,1104,30.96,7.7,.377049,2,1,0,42.225321
2005,6,8,2,5,1104,31.13,7.7,.377049,2,1,0,42.225321
2005,6,8,2,5,1104,31.32,7.7,.377049,2,1,0,42.225321
2005,6,8,2,5,1104,31.53,7.7,.377049,2,1,0,42.225321
2005,6,8,2,5,1104,31.74,7.7,.377049,2,1,0,42.225321
2005,6,8,2,5,1104,31.97,7.7,.377049,2,1,0,42.225321
2005,6,8,2,5,1104,32.2,7.7,.377049,2,1,0,42.225321
2005,6,8,2,5,1104,32.44,7.7,.377049,2,1,0,42.225321
2005,6,8,2,5,1104,32.67,7.7,.377049,2,1,0,42.225321
2005,6,8,2,5,1104,32.91,7.7,.377049,2,1,0,42.225321
2005,6,8,2,5,1104,33.14,7.7,.377049,2,1,0,42.225321
2005,6,8,2,5,1104,33.37,7.7,.377049,2,1,0,42.225321
2005,6,8,2,5,1104,33.58,7.7,.377049,2,1,0,42.225321
2005,6,8,2,5,1104,33.78,7.7,.377049,2,1,0,42.225321
2005,6,8,2,5,1104,33.97,7.7,.377049,2,1,0,42.225321
2005,6,8,2,5,1104,34.14,7.7,.377049,2,1,0,42.225321
2005,6,8,2,5,1104,34.28,7.7,.377049,2,1,0,42.225321
2005,6,8,2,5,1104,34.41,7.7,.377049,2,1,0,42.225321
2005,6,8,2,5,1104,34.5,7.7,.377049,2,1,0,42.225321
2005,6,8,2,5,1104,34.57,7.7,.377049,2,1,0,42.225321
2005,6,8,2,5,1104,34.6,7.9,.377049,2,1,0,42.225321
2005,6,8,3,5,1104,1,165,.377049,2,1,0,1
2005,6,8,3,5,1104,30.56,27,.377049,2,1,0,42.225321
2005,6,8,3,5,1104,30.69,11.5,.377049,2,1,0,42.225321
2005,6,8,3,5,1104,30.81,7.7,.377049,2,1,0,42.225321
2005,6,8,3,5,1104,30.96,7.7,.377049,2,1,0,42.225321
2005,6,8,3,5,1104,31.13,7.7,.377049,2,1,0,42.225321
2005,6,8,3,5,1104,31.32,7.7,.377049,2,1,0,42.225321
2005,6,8,3,5,1104,31.53,7.7,.377049,2,1,0,42.225321
2005,6,8,3,5,1104,31.74,7.7,.377049,2,1,0,42.225321
2005,6,8,3,5,1104,31.97,7.7,.377049,2,1,0,42.225321
2005,6,8,3,5,1104,32.2,7.7,.377049,2,1,0,42.225321
2005,6,8,3,5,1104,32.44,7.7,.377049,2,1,0,42.225321
2005,6,8,3,5,1104,32.67,7.7,.377049,2,1,0,42.225321
2005,6,8,3,5,1104,32.91,7.7,.377049,2,1,0,42.225321
2005,6,8,3,5,1104,33.14,7.7,.377049,2,1,0,42.225321
2005,6,8,3,5,1104,33.37,7.7,.377049,2,1,0,42.225321
2005,6,8,3,5,1104,33.58,7.7,.377049,2,1,0,42.225321
2005,6,8,3,5,1104,33.78,7.7,.377049,2,1,0,42.225321
2005,6,8,3,5,1104,33.97,7.7,.377049,2,1,0,42.225321
2005,6,8,3,5,1104,34.14,7.7,.377049,2,1,0,42.225321
2005,6,8,3,5,1104,34.28,7.7,.377049,2,1,0,42.225321
2005,6,8,3,5,1104,34.41,7.7,.377049,2,1,0,42.225321
2005,6,8,3,5,1104,34.5,7.7,.377049,2,1,0,42.225321
2005,6,8,3,5,1104,34.57,7.7,.377049,2,1,0,42.225321
2005,6,8,3,5,1104,34.6,7.9,.377049,2,1,0,42.225321
2005,6,8,4,5,1104,1,165,.377049,2,1,0,1
2005,6,8,4,5,1104,30.56,27,.377049,2,1,0,42.225321
2005,6,8,4,5,1104,30.69,11.5,.377049,2,1,0,42.225321
2005,6,8,4,5,1104,30.81,7.7,.377049,2,1,0,42.225321
2005,6,8,4,5,1104,30.96,7.7,.377049,2,1,0,42.225321
2005,6,8,4,5,1104,31.13,7.7,.377049,2,1,0,42.225321
2005,6,8,4,5,1104,31.32,7.7,.377049,2,1,0,42.225321
2005,6,8,4,5,1104,31.53,7.7,.377049,2,1,0,42.225321
2005,6,8,4,5,1104,31.74,7.7,.377049,2,1,0,42.225321
2005,6,8,4,5,1104,31.97,7.7,.377049,2,1,0,42.225321
2005,6,8,4,5,1104,32.2,7.7,.377049,2,1,0,42.225321
2005,6,8,4,5,1104,32.44,7.7,.377049,2,1,0,42.225321
2005,6,8,4,5,1104,32.67,7.7,.377049,2,1,0,42.225321
2005,6,8,4,5,1104,32.91,7.7,.377049,2,1,0,42.225321
2005,6,8,4,5,1104,33.14,7.7,.377049,2,1,0,42.225321
2005,6,8,4,5,1104,33.37,7.7,.377049,2,1,0,42.225321
2005,6,8,4,5,1104,33.58,7.7,.377049,2,1,0,42.225321
2005,6,8,4,5,1104,33.78,7.7,.377049,2,1,0,42.225321
2005,6,8,4,5,1104,33.97,7.7,.377049,2,1,0,42.225321
2005,6,8,4,5,1104,34.14,7.7,.377049,2,1,0,42.225321
2005,6,8,4,5,1104,34.28,7.7,.377049,2,1,0,42.225321
2005,6,8,4,5,1104,34.41,7.7,.377049,2,1,0,42.225321
2005,6,8,4,5,1104,34.5,7.7,.377049,2,1,0,42.225321
2005,6,8,4,5,1104,34.57,7.7,.377049,2,1,0,42.225321
2005,6,8,4,5,1104,34.6,7.9,.377049,2,1,0,42.225321
2005,6,8,5,5,1104,1,165,.377049,2,1,0,1
2005,6,8,5,5,1104,30.56,27,.377049,2,1,0,42.225321
2005,6,8,5,5,1104,30.69,11.5,.377049,2,1,0,42.225321
2005,6,8,5,5,1104,30.81,7.7,.377049,2,1,0,42.225321
2005,6,8,5,5,1104,30.96,7.7,.377049,2,1,0,42.225321
2005,6,8,5,5,1104,31.13,7.7,.377049,2,1,0,42.225321
2005,6,8,5,5,1104,31.32,7.7,.377049,2,1,0,42.225321
2005,6,8,5,5,1104,31.53,7.7,.377049,2,1,0,42.225321
2005,6,8,5,5,1104,31.74,7.7,.377049,2,1,0,42.225321
2005,6,8,5,5,1104,31.97,7.7,.377049,2,1,0,42.225321
2005,6,8,5,5,1104,32.2,7.7,.377049,2,1,0,42.225321
2005,6,8,5,5,1104,32.44,7.7,.377049,2,1,0,42.225321
2005,6,8,5,5,1104,32.67,7.7,.377049,2,1,0,42.225321
2005,6,8,5,5,1104,32.91,7.7,.377049,2,1,0,42.225321
2005,6,8,5,5,1104,33.14,7.7,.377049,2,1,0,42.225321
2005,6,8,5,5,1104,33.37,7.7,.377049,2,1,0,42.225321
2005,6,8,5,5,1104,33.58,7.7,.377049,2,1,0,42.225321
2005,6,8,5,5,1104,33.78,7.7,.377049,2,1,0,42.225321
2005,6,8,5,5,1104,33.97,7.7,.377049,2,1,0,42.225321
2005,6,8,5,5,1104,34.14,7.7,.377049,2,1,0,42.225321
2005,6,8,5,5,1104,34.28,7.7,.377049,2,1,0,42.225321
2005,6,8,5,5,1104,34.41,7.7,.377049,2,1,0,42.225321
2005,6,8,5,5,1104,34.5,7.7,.377049,2,1,0,42.225321
2005,6,8,5,5,1104,34.57,7.7,.377049,2,1,0,42.225321
2005,6,8,5,5,1104,34.6,7.9,.377049,2,1,0,42.225321
2005,6,8,6,5,1104,1,165,.377049,2,1,0,1
2005,6,8,6,5,1104,30.56,27,.377049,2,1,0,42.225321
2005,6,8,6,5,1104,30.69,11.5,.377049,2,1,0,42.225321
2005,6,8,6,5,1104,30.81,7.7,.377049,2,1,0,42.225321
2005,6,8,6,5,1104,30.96,7.7,.377049,2,1,0,42.225321
2005,6,8,6,5,1104,31.13,7.7,.377049,2,1,0,42.225321
2005,6,8,6,5,1104,31.32,7.7,.377049,2,1,0,42.225321
2005,6,8,6,5,1104,31.53,7.7,.377049,2,1,0,42.225321
2005,6,8,6,5,1104,31.74,7.7,.377049,2,1,0,42.225321
2005,6,8,6,5,1104,31.97,7.7,.377049,2,1,0,42.225321
2005,6,8,6,5,1104,32.2,7.7,.377049,2,1,0,42.225321
2005,6,8,6,5,1104,32.44,7.7,.377049,2,1,0,42.225321
2005,6,8,6,5,1104,32.67,7.7,.377049,2,1,0,42.225321
2005,6,8,6,5,1104,32.91,7.7,.377049,2,1,0,42.225321
2005,6,8,6,5,1104,33.14,7.7,.377049,2,1,0,42.225321
2005,6,8,6,5,1104,33.37,7.7,.377049,2,1,0,42.225321
2005,6,8,6,5,1104,33.58,7.7,.377049,2,1,0,42.225321
2005,6,8,6,5,1104,33.78,7.7,.377049,2,1,0,42.225321
2005,6,8,6,5,1104,33.97,7.7,.377049,2,1,0,42.225321
2005,6,8,6,5,1104,34.14,7.7,.377049,2,1,0,42.225321
2005,6,8,6,5,1104,34.28,7.7,.377049,2,1,0,42.225321
2005,6,8,6,5,1104,34.41,7.7,.377049,2,1,0,42.225321
2005,6,8,6,5,1104,34.5,7.7,.377049,2,1,0,42.225321
2005,6,8,6,5,1104,34.57,7.7,.377049,2,1,0,42.225321
2005,6,8,6,5,1104,34.6,7.9,.377049,2,1,0,42.225321
2005,6,8,7,5,1104,1,165,.377049,2,1,0,1
2005,6,8,7,5,1104,30.56,27,.377049,2,1,0,42.225321
2005,6,8,7,5,1104,30.69,11.5,.377049,2,1,0,42.225321
2005,6,8,7,5,1104,30.81,7.7,.377049,2,1,0,42.225321
2005,6,8,7,5,1104,30.96,7.7,.377049,2,1,0,42.225321
2005,6,8,7,5,1104,31.13,7.7,.377049,2,1,0,42.225321
2005,6,8,7,5,1104,31.32,7.7,.377049,2,1,0,42.225321
2005,6,8,7,5,1104,31.53,7.7,.377049,2,1,0,42.225321
2005,6,8,7,5,1104,31.74,7.7,.377049,2,1,0,42.225321
2005,6,8,7,5,1104,31.97,7.7,.377049,2,1,0,42.225321
2005,6,8,7,5,1104,32.2,7.7,.377049,2,1,0,42.225321
2005,6,8,7,5,1104,32.44,7.7,.377049,2,1,0,42.225321
2005,6,8,7,5,1104,32.67,7.7,.377049,2,1,0,42.225321
2005,6,8,7,5,1104,32.91,7.7,.377049,2,1,0,42.225321
2005,6,8,7,5,1104,33.14,7.7,.377049,2,1,0,42.225321
2005,6,8,7,5,1104,33.37,7.7,.377049,2,1,0,42.225321
2005,6,8,7,5,1104,33.58,7.7,.377049,2,1,0,42.225321
2005,6,8,7,5,1104,33.78,7.7,.377049,2,1,0,42.225321
2005,6,8,7,5,1104,33.97,7.7,.377049,2,1,0,42.225321
2005,6,8,7,5,1104,34.14,7.7,.377049,2,1,0,42.225321
2005,6,8,7,5,1104,34.28,7.7,.377049,2,1,0,42.225321
2005,6,8,7,5,1104,34.41,7.7,.377049,2,1,0,42.225321
2005,6,8,7,5,1104,34.5,7.7,.377049,2,1,0,42.225321
2005,6,8,7,5,1104,34.57,7.7,.377049,2,1,0,42.225321
2005,6,8,7,5,1104,34.6,7.9,.377049,2,1,0,42.225321
2005,6,8,8,5,1104,1,165,.377049,2,1,0,1
2005,6,8,8,5,1104,30.56,27,.377049,2,1,0,42.225321
2005,6,8,8,5,1104,30.69,11.5,.377049,2,1,0,42.225321
2005,6,8,8,5,1104,30.81,7.7,.377049,2,1,0,42.225321
2005,6,8,8,5,1104,30.96,7.7,.377049,2,1,0,42.225321
2005,6,8,8,5,1104,31.13,7.7,.377049,2,1,0,42.225321
2005,6,8,8,5,1104,31.32,7.7,.377049,2,1,0,42.225321
2005,6,8,8,5,1104,31.53,7.7,.377049,2,1,0,42.225321
2005,6,8,8,5,1104,31.74,7.7,.377049,2,1,0,42.225321
2005,6,8,8,5,1104,31.97,7.7,.377049,2,1,0,42.225321
2005,6,8,8,5,1104,32.2,7.7,.377049,2,1,0,42.225321
2005,6,8,8,5,1104,32.44,7.7,.377049,2,1,0,42.225321
2005,6,8,8,5,1104,32.67,7.7,.377049,2,1,0,42.225321
2005,6,8,8,5,1104,32.91,7.7,.377049,2,1,0,42.225321
2005,6,8,8,5,1104,33.14,7.7,.377049,2,1,0,42.225321
2005,6,8,8,5,1104,33.37,7.7,.377049,2,1,0,42.225321
2005,6,8,8,5,1104,33.58,7.7,.377049,2,1,0,42.225321
2005,6,8,8,5,1104,33.78,7.7,.377049,2,1,0,42.225321
2005,6,8,8,5,1104,33.97,7.7,.377049,2,1,0,42.225321
2005,6,8,8,5,1104,34.14,7.7,.377049,2,1,0,42.225321
2005,6,8,8,5,1104,34.28,7.7,.377049,2,1,0,42.225321
2005,6,8,8,5,1104,34.41,7.7,.377049,2,1,0,42.225321
2005,6,8,8,5,1104,34.5,7.7,.377049,2,1,0,42.225321
2005,6,8,8,5,1104,34.57,7.7,.377049,2,1,0,42.225321
2005,6,8,8,5,1104,34.6,7.9,.377049,2,1,0,42.225321
2005,6,8,9,5,1104,1,165,.377049,2,1,0,1
2005,6,8,9,5,1104,30.56,27,.377049,2,1,0,42.225321
2005,6,8,9,5,1104,30.69,11.5,.377049,2,1,0,42.225321
2005,6,8,9,5,1104,30.81,7.7,.377049,2,1,0,42.225321
2005,6,8,9,5,1104,30.96,7.7,.377049,2,1,0,42.225321
2005,6,8,9,5,1104,31.13,7.7,.377049,2,1,0,42.225321
2005,6,8,9,5,1104,31.32,7.7,.377049,2,1,0,42.225321
2005,6,8,9,5,1104,31.53,7.7,.377049,2,1,0,42.225321
2005,6,8,9,5,1104,31.74,7.7,.377049,2,1,0,42.225321
2005,6,8,9,5,1104,31.97,7.7,.377049,2,1,0,42.225321
2005,6,8,9,5,1104,32.2,7.7,.377049,2,1,0,42.225321
2005,6,8,9,5,1104,32.44,7.7,.377049,2,1,0,42.225321
2005,6,8,9,5,1104,32.67,7.7,.377049,2,1,0,42.225321
2005,6,8,9,5,1104,32.91,7.7,.377049,2,1,0,42.225321
2005,6,8,9,5,1104,33.14,7.7,.377049,2,1,0,42.225321
2005,6,8,9,5,1104,33.37,7.7,.377049,2,1,0,42.225321
2005,6,8,9,5,1104,33.58,7.7,.377049,2,1,0,42.225321
2005,6,8,9,5,1104,33.78,7.7,.377049,2,1,0,42.225321
2005,6,8,9,5,1104,33.97,7.7,.377049,2,1,0,42.225321
2005,6,8,9,5,1104,34.14,7.7,.377049,2,1,0,42.225321
2005,6,8,9,5,1104,34.28,7.7,.377049,2,1,0,42.225321
2005,6,8,9,5,1104,34.41,7.7,.377049,2,1,0,42.225321
2005,6,8,9,5,1104,34.5,7.7,.377049,2,1,0,42.225321
2005,6,8,9,5,1104,34.57,7.7,.377049,2,1,0,42.225321
2005,6,8,9,5,1104,34.6,7.9,.377049,2,1,0,42.225321
2005,6,8,10,5,1104,1,165,.377049,2,1,0,1
2005,6,8,10,5,1104,30.56,27,.377049,2,1,0,42.225321
2005,6,8,10,5,1104,30.69,11.5,.377049,2,1,0,42.225321
2005,6,8,10,5,1104,30.81,7.7,.377049,2,1,0,42.225321
2005,6,8,10,5,1104,30.96,7.7,.377049,2,1,0,42.225321
2005,6,8,10,5,1104,31.13,7.7,.377049,2,1,0,42.225321
2005,6,8,10,5,1104,31.32,7.7,.377049,2,1,0,42.225321
2005,6,8,10,5,1104,31.53,7.7,.377049,2,1,0,42.225321
2005,6,8,10,5,1104,31.74,7.7,.377049,2,1,0,42.225321
2005,6,8,10,5,1104,31.97,7.7,.377049,2,1,0,42.225321
2005,6,8,10,5,1104,32.2,7.7,.377049,2,1,0,42.225321
2005,6,8,10,5,1104,32.44,7.7,.377049,2,1,0,42.225321
2005,6,8,10,5,1104,32.67,7.7,.377049,2,1,0,42.225321
2005,6,8,10,5,1104,32.91,7.7,.377049,2,1,0,42.225321
2005,6,8,10,5,1104,33.14,7.7,.377049,2,1,0,42.225321
2005,6,8,10,5,1104,33.37,7.7,.377049,2,1,0,42.225321
2005,6,8,10,5,1104,33.58,7.7,.377049,2,1,0,42.225321
2005,6,8,10,5,1104,33.78,7.7,.377049,2,1,0,42.225321
2005,6,8,10,5,1104,33.97,7.7,.377049,2,1,0,42.225321
2005,6,8,10,5,1104,34.14,7.7,.377049,2,1,0,42.225321
2005,6,8,10,5,1104,34.28,7.7,.377049,2,1,0,42.225321
2005,6,8,10,5,1104,34.41,7.7,.377049,2,1,0,42.225321
2005,6,8,10,5,1104,34.5,7.7,.377049,2,1,0,42.225321
2005,6,8,10,5,1104,34.57,7.7,.377049,2,1,0,42.225321
2005,6,8,10,5,1104,34.6,7.9,.377049,2,1,0,42.225321
2005,6,8,11,5,1104,1,165,.377049,2,1,0,1
2005,6,8,11,5,1104,30.56,27,.377049,2,1,0,42.225321
2005,6,8,11,5,1104,30.69,11.5,.377049,2,1,0,42.225321
2005,6,8,11,5,1104,30.81,7.7,.377049,2,1,0,42.225321
2005,6,8,11,5,1104,30.96,7.7,.377049,2,1,0,42.225321
2005,6,8,11,5,1104,31.13,7.7,.377049,2,1,0,42.225321
2005,6,8,11,5,1104,31.32,7.7,.377049,2,1,0,42.225321
2005,6,8,11,5,1104,31.53,7.7,.377049,2,1,0,42.225321
2005,6,8,11,5,1104,31.74,7.7,.377049,2,1,0,42.225321
2005,6,8,11,5,1104,31.97,7.7,.377049,2,1,0,42.225321
2005,6,8,11,5,1104,32.2,7.7,.377049,2,1,0,42.225321
2005,6,8,11,5,1104,32.44,7.7,.377049,2,1,0,42.225321
2005,6,8,11,5,1104,32.67,7.7,.377049,2,1,0,42.225321
2005,6,8,11,5,1104,32.91,7.7,.377049,2,1,0,42.225321
2005,6,8,11,5,1104,33.14,7.7,.377049,2,1,0,42.225321
2005,6,8,11,5,1104,33.37,7.7,.377049,2,1,0,42.225321
2005,6,8,11,5,1104,33.58,7.7,.377049,2,1,0,42.225321
2005,6,8,11,5,1104,33.78,7.7,.377049,2,1,0,42.225321
2005,6,8,11,5,1104,33.97,7.7,.377049,2,1,0,42.225321
2005,6,8,11,5,1104,34.14,7.7,.377049,2,1,0,42.225321
2005,6,8,11,5,1104,34.28,7.7,.377049,2,1,0,42.225321
2005,6,8,11,5,1104,34.41,7.7,.377049,2,1,0,42.225321
2005,6,8,11,5,1104,34.5,7.7,.377049,2,1,0,42.225321
2005,6,8,11,5,1104,34.57,7.7,.377049,2,1,0,42.225321
2005,6,8,11,5,1104,34.6,7.9,.377049,2,1,0,42.225321
2005,6,8,12,5,1104,1,165,.377049,2,1,0,1
2005,6,8,12,5,1104,30.56,27,.377049,2,1,0,42.225321
2005,6,8,12,5,1104,30.69,11.5,.377049,2,1,0,42.225321
2005,6,8,12,5,1104,30.81,7.7,.377049,2,1,0,42.225321
2005,6,8,12,5,1104,30.96,7.7,.377049,2,1,0,42.225321
2005,6,8,12,5,1104,31.13,7.7,.377049,2,1,0,42.225321
2005,6,8,12,5,1104,31.32,7.7,.377049,2,1,0,42.225321
2005,6,8,12,5,1104,31.53,7.7,.377049,2,1,0,42.225321
2005,6,8,12,5,1104,31.74,7.7,.377049,2,1,0,42.225321
2005,6,8,12,5,1104,31.97,7.7,.377049,2,1,0,42.225321
2005,6,8,12,5,1104,32.2,7.7,.377049,2,1,0,42.225321
2005,6,8,12,5,1104,32.44,7.7,.377049,2,1,0,42.225321
2005,6,8,12,5,1104,32.67,7.7,.377049,2,1,0,42.225321
2005,6,8,12,5,1104,32.91,7.7,.377049,2,1,0,42.225321
2005,6,8,12,5,1104,33.14,7.7,.377049,2,1,0,42.225321
2005,6,8,12,5,1104,33.37,7.7,.377049,2,1,0,42.225321
2005,6,8,12,5,1104,33.58,7.7,.377049,2,1,0,42.225321
2005,6,8,12,5,1104,33.78,7.7,.377049,2,1,0,42.225321
2005,6,8,12,5,1104,33.97,7.7,.377049,2,1,0,42.225321
2005,6,8,12,5,1104,34.14,7.7,.377049,2,1,0,42.225321
2005,6,8,12,5,1104,34.28,7.7,.377049,2,1,0,42.225321
2005,6,8,12,5,1104,34.41,7.7,.377049,2,1,0,42.225321
2005,6,8,12,5,1104,34.5,7.7,.377049,2,1,0,42.225321
2005,6,8,12,5,1104,34.57,7.7,.377049,2,1,0,42.225321
2005,6,8,12,5,1104,34.6,7.9,.377049,2,1,0,42.225321
2005,6,8,13,5,1104,1,165,.377049,2,1,0,1
2005,6,8,13,5,1104,30.56,27,.377049,2,1,0,42.225321
2005,6,8,13,5,1104,30.69,11.5,.377049,2,1,0,42.225321
2005,6,8,13,5,1104,30.81,7.7,.377049,2,1,0,42.225321
2005,6,8,13,5,1104,30.96,7.7,.377049,2,1,0,42.225321
2005,6,8,13,5,1104,31.13,7.7,.377049,2,1,0,42.225321
2005,6,8,13,5,1104,31.32,7.7,.377049,2,1,0,42.225321
2005,6,8,13,5,1104,31.53,7.7,.377049,2,1,0,42.225321
2005,6,8,13,5,1104,31.74,7.7,.377049,2,1,0,42.225321
2005,6,8,13,5,1104,31.97,7.7,.377049,2,1,0,42.225321
2005,6,8,13,5,1104,32.2,7.7,.377049,2,1,0,42.225321
2005,6,8,13,5,1104,32.44,7.7,.377049,2,1,0,42.225321
2005,6,8,13,5,1104,32.67,7.7,.377049,2,1,0,42.225321
2005,6,8,13,5,1104,32.91,7.7,.377049,2,1,0,42.225321
2005,6,8,13,5,1104,33.14,7.7,.377049,2,1,0,42.225321
2005,6,8,13,5,1104,33.37,7.7,.377049,2,1,0,42.225321
2005,6,8,13,5,1104,33.58,7.7,.377049,2,1,0,42.225321
2005,6,8,13,5,1104,33.78,7.7,.377049,2,1,0,42.225321
2005,6,8,13,5,1104,33.97,7.7,.377049,2,1,0,42.225321
2005,6,8,13,5,1104,34.14,7.7,.377049,2,1,0,42.225321
2005,6,8,13,5,1104,34.28,7.7,.377049,2,1,0,42.225321
2005,6,8,13,5,1104,34.41,7.7,.377049,2,1,0,42.225321
2005,6,8,13,5,1104,34.5,7.7,.377049,2,1,0,42.225321
2005,6,8,13,5,1104,34.57,7.7,.377049,2,1,0,42.225321
2005,6,8,13,5,1104,34.6,7.9,.377049,2,1,0,42.225321
2005,6,8,14,5,1104,1,165,.377049,2,1,0,1
2005,6,8,14,5,1104,30.56,27,.377049,2,1,0,42.225321
2005,6,8,14,5,1104,30.69,11.5,.377049,2,1,0,42.225321
2005,6,8,14,5,1104,30.81,7.7,.377049,2,1,0,42.225321
2005,6,8,14,5,1104,30.96,7.7,.377049,2,1,0,42.225321
2005,6,8,14,5,1104,31.13,7.7,.377049,2,1,0,42.225321
2005,6,8,14,5,1104,31.32,7.7,.377049,2,1,0,42.225321
2005,6,8,14,5,1104,31.53,7.7,.377049,2,1,0,42.225321
2005,6,8,14,5,1104,31.74,7.7,.377049,2,1,0,42.225321
2005,6,8,14,5,1104,31.97,7.7,.377049,2,1,0,42.225321
2005,6,8,14,5,1104,32.2,7.7,.377049,2,1,0,42.225321
2005,6,8,14,5,1104,32.44,7.7,.377049,2,1,0,42.225321
2005,6,8,14,5,1104,32.67,7.7,.377049,2,1,0,42.225321
2005,6,8,14,5,1104,32.91,7.7,.377049,2,1,0,42.225321
2005,6,8,14,5,1104,33.14,7.7,.377049,2,1,0,42.225321
2005,6,8,14,5,1104,33.37,7.7,.377049,2,1,0,42.225321
2005,6,8,14,5,1104,33.58,7.7,.377049,2,1,0,42.225321
2005,6,8,14,5,1104,33.78,7.7,.377049,2,1,0,42.225321
2005,6,8,14,5,1104,33.97,7.7,.377049,2,1,0,42.225321
2005,6,8,14,5,1104,34.14,7.7,.377049,2,1,0,42.225321
2005,6,8,14,5,1104,34.28,7.7,.377049,2,1,0,42.225321
2005,6,8,14,5,1104,34.41,7.7,.377049,2,1,0,42.225321
2005,6,8,14,5,1104,34.5,7.7,.377049,2,1,0,42.225321
2005,6,8,14,5,1104,34.57,7.7,.377049,2,1,0,42.225321
2005,6,8,14,5,1104,34.6,7.9,.377049,2,1,0,42.225321
2005,6,8,15,5,1104,1,165,.377049,2,1,0,1
2005,6,8,15,5,1104,30.56,27,.377049,2,1,0,42.225321
2005,6,8,15,5,1104,30.69,11.5,.377049,2,1,0,42.225321
2005,6,8,15,5,1104,30.81,7.7,.377049,2,1,0,42.225321
2005,6,8,15,5,1104,30.96,7.7,.377049,2,1,0,42.225321
2005,6,8,15,5,1104,31.13,7.7,.377049,2,1,0,42.225321
2005,6,8,15,5,1104,31.32,7.7,.377049,2,1,0,42.225321
2005,6,8,15,5,1104,31.53,7.7,.377049,2,1,0,42.225321
2005,6,8,15,5,1104,31.74,7.7,.377049,2,1,0,42.225321
2005,6,8,15,5,1104,31.97,7.7,.377049,2,1,0,42.225321
2005,6,8,15,5,1104,32.2,7.7,.377049,2,1,0,42.225321
2005,6,8,15,5,1104,32.44,7.7,.377049,2,1,0,42.225321
2005,6,8,15,5,1104,32.67,7.7,.377049,2,1,0,42.225321
2005,6,8,15,5,1104,32.91,7.7,.377049,2,1,0,42.225321
2005,6,8,15,5,1104,33.14,7.7,.377049,2,1,0,42.225321
2005,6,8,15,5,1104,33.37,7.7,.377049,2,1,0,42.225321
2005,6,8,15,5,1104,33.58,7.7,.377049,2,1,0,42.225321
2005,6,8,15,5,1104,33.78,7.7,.377049,2,1,0,42.225321
2005,6,8,15,5,1104,33.97,7.7,.377049,2,1,0,42.225321
2005,6,8,15,5,1104,34.14,7.7,.377049,2,1,0,42.225321
2005,6,8,15,5,1104,34.28,7.7,.377049,2,1,0,42.225321
2005,6,8,15,5,1104,34.41,7.7,.377049,2,1,0,42.225321
2005,6,8,15,5,1104,34.5,7.7,.377049,2,1,0,42.225321
2005,6,8,15,5,1104,34.57,7.7,.377049,2,1,0,42.225321
2005,6,8,15,5,1104,34.6,7.9,.377049,2,1,0,42.225321
2005,6,8,16,5,1104,1,165,.377049,2,1,0,1
2005,6,8,16,5,1104,30.56,27,.377049,2,1,0,42.225321
2005,6,8,16,5,1104,30.69,11.5,.377049,2,1,0,42.225321
2005,6,8,16,5,1104,30.81,7.7,.377049,2,1,0,42.225321
2005,6,8,16,5,1104,30.96,7.7,.377049,2,1,0,42.225321
2005,6,8,16,5,1104,31.13,7.7,.377049,2,1,0,42.225321
2005,6,8,16,5,1104,31.32,7.7,.377049,2,1,0,42.225321
2005,6,8,16,5,1104,31.53,7.7,.377049,2,1,0,42.225321
2005,6,8,16,5,1104,31.74,7.7,.377049,2,1,0,42.225321
2005,6,8,16,5,1104,31.97,7.7,.377049,2,1,0,42.225321
2005,6,8,16,5,1104,32.2,7.7,.377049,2,1,0,42.225321
2005,6,8,16,5,1104,32.44,7.7,.377049,2,1,0,42.225321
2005,6,8,16,5,1104,32.67,7.7,.377049,2,1,0,42.225321
2005,6,8,16,5,1104,32.91,7.7,.377049,2,1,0,42.225321
2005,6,8,16,5,1104,33.14,7.7,.377049,2,1,0,42.225321
2005,6,8,16,5,1104,33.37,7.7,.377049,2,1,0,42.225321
2005,6,8,16,5,1104,33.58,7.7,.377049,2,1,0,42.225321
2005,6,8,16,5,1104,33.78,7.7,.377049,2,1,0,42.225321
2005,6,8,16,5,1104,33.97,7.7,.377049,2,1,0,42.225321
2005,6,8,16,5,1104,34.14,7.7,.377049,2,1,0,42.225321
2005,6,8,16,5,1104,34.28,7.7,.377049,2,1,0,42.225321
2005,6,8,16,5,1104,34.41,7.7,.377049,2,1,0,42.225321
2005,6,8,16,5,1104,34.5,7.7,.377049,2,1,0,42.225321
2005,6,8,16,5,1104,34.57,7.7,.377049,2,1,0,42.225321
2005,6,8,16,5,1104,34.6,7.9,.377049,2,1,0,42.225321
2005,6,8,17,5,1104,1,165,.377049,2,1,0,1
2005,6,8,17,5,1104,30.56,27,.377049,2,1,0,42.225321
2005,6,8,17,5,1104,30.69,11.5,.377049,2,1,0,42.225321
2005,6,8,17,5,1104,30.81,7.7,.377049,2,1,0,42.225321
2005,6,8,17,5,1104,30.96,7.7,.377049,2,1,0,42.225321
2005,6,8,17,5,1104,31.13,7.7,.377049,2,1,0,42.225321
2005,6,8,17,5,1104,31.32,7.7,.377049,2,1,0,42.225321
2005,6,8,17,5,1104,31.53,7.7,.377049,2,1,0,42.225321
2005,6,8,17,5,1104,31.74,7.7,.377049,2,1,0,42.225321
2005,6,8,17,5,1104,31.97,7.7,.377049,2,1,0,42.225321
2005,6,8,17,5,1104,32.2,7.7,.377049,2,1,0,42.225321
2005,6,8,17,5,1104,32.44,7.7,.377049,2,1,0,42.225321
2005,6,8,17,5,1104,32.67,7.7,.377049,2,1,0,42.225321
2005,6,8,17,5,1104,32.91,7.7,.377049,2,1,0,42.225321
2005,6,8,17,5,1104,33.14,7.7,.377049,2,1,0,42.225321
2005,6,8,17,5,1104,33.37,7.7,.377049,2,1,0,42.225321
2005,6,8,17,5,1104,33.58,7.7,.377049,2,1,0,42.225321
2005,6,8,17,5,1104,33.78,7.7,.377049,2,1,0,42.225321
2005,6,8,17,5,1104,33.97,7.7,.377049,2,1,0,42.225321
2005,6,8,17,5,1104,34.14,7.7,.377049,2,1,0,42.225321
2005,6,8,17,5,1104,34.28,7.7,.377049,2,1,0,42.225321
2005,6,8,17,5,1104,34.41,7.7,.377049,2,1,0,42.225321
2005,6,8,17,5,1104,34.5,7.7,.377049,2,1,0,42.225321
2005,6,8,17,5,1104,34.57,7.7,.377049,2,1,0,42.225321
2005,6,8,17,5,1104,34.6,7.9,.377049,2,1,0,42.225321
2005,6,8,18,5,1104,1,165,.377049,2,1,0,1
2005,6,8,18,5,1104,30.56,27,.377049,2,1,0,42.225321
2005,6,8,18,5,1104,30.69,11.5,.377049,2,1,0,42.225321
2005,6,8,18,5,1104,30.81,7.7,.377049,2,1,0,42.225321
2005,6,8,18,5,1104,30.96,7.7,.377049,2,1,0,42.225321
2005,6,8,18,5,1104,31.13,7.7,.377049,2,1,0,42.225321
2005,6,8,18,5,1104,31.32,7.7,.377049,2,1,0,42.225321
2005,6,8,18,5,1104,31.53,7.7,.377049,2,1,0,42.225321
2005,6,8,18,5,1104,31.74,7.7,.377049,2,1,0,42.225321
2005,6,8,18,5,1104,31.97,7.7,.377049,2,1,0,42.225321
2005,6,8,18,5,1104,32.2,7.7,.377049,2,1,0,42.225321
2005,6,8,18,5,1104,32.44,7.7,.377049,2,1,0,42.225321
2005,6,8,18,5,1104,32.67,7.7,.377049,2,1,0,42.225321
2005,6,8,18,5,1104,32.91,7.7,.377049,2,1,0,42.225321
2005,6,8,18,5,1104,33.14,7.7,.377049,2,1,0,42.225321
2005,6,8,18,5,1104,33.37,7.7,.377049,2,1,0,42.225321
2005,6,8,18,5,1104,33.58,7.7,.377049,2,1,0,42.225321
2005,6,8,18,5,1104,33.78,7.7,.377049,2,1,0,42.225321
2005,6,8,18,5,1104,33.97,7.7,.377049,2,1,0,42.225321
2005,6,8,18,5,1104,34.14,7.7,.377049,2,1,0,42.225321
2005,6,8,18,5,1104,34.28,7.7,.377049,2,1,0,42.225321
2005,6,8,18,5,1104,34.41,7.7,.377049,2,1,0,42.225321
2005,6,8,18,5,1104,34.5,7.7,.377049,2,1,0,42.225321
2005,6,8,18,5,1104,34.57,7.7,.377049,2,1,0,42.225321
2005,6,8,18,5,1104,34.6,7.9,.377049,2,1,0,42.225321
2005,6,8,19,5,1104,1,165,.377049,2,1,0,1
2005,6,8,19,5,1104,30.56,27,.377049,2,1,0,42.225321
2005,6,8,19,5,1104,30.69,11.5,.377049,2,1,0,42.225321
2005,6,8,19,5,1104,30.81,7.7,.377049,2,1,0,42.225321
2005,6,8,19,5,1104,30.96,7.7,.377049,2,1,0,42.225321
2005,6,8,19,5,1104,31.13,7.7,.377049,2,1,0,42.225321
2005,6,8,19,5,1104,31.32,7.7,.377049,2,1,0,42.225321
2005,6,8,19,5,1104,31.53,7.7,.377049,2,1,0,42.225321
2005,6,8,19,5,1104,31.74,7.7,.377049,2,1,0,42.225321
2005,6,8,19,5,1104,31.97,7.7,.377049,2,1,0,42.225321
2005,6,8,19,5,1104,32.2,7.7,.377049,2,1,0,42.225321
2005,6,8,19,5,1104,32.44,7.7,.377049,2,1,0,42.225321
2005,6,8,19,5,1104,32.67,7.7,.377049,2,1,0,42.225321
2005,6,8,19,5,1104,32.91,7.7,.377049,2,1,0,42.225321
2005,6,8,19,5,1104,33.14,7.7,.377049,2,1,0,42.225321
2005,6,8,19,5,1104,33.37,7.7,.377049,2,1,0,42.225321
2005,6,8,19,5,1104,33.58,7.7,.377049,2,1,0,42.225321
2005,6,8,19,5,1104,33.78,7.7,.377049,2,1,0,42.225321
2005,6,8,19,5,1104,33.97,7.7,.377049,2,1,0,42.225321
2005,6,8,19,5,1104,34.14,7.7,.377049,2,1,0,42.225321
2005,6,8,19,5,1104,34.28,7.7,.377049,2,1,0,42.225321
2005,6,8,19,5,1104,34.41,7.7,.377049,2,1,0,42.225321
2005,6,8,19,5,1104,34.5,7.7,.377049,2,1,0,42.225321
2005,6,8,19,5,1104,34.57,7.7,.377049,2,1,0,42.225321
2005,6,8,19,5,1104,34.6,7.9,.377049,2,1,0,42.225321
2005,6,8,20,5,1104,1,165,.377049,2,1,0,1
2005,6,8,20,5,1104,30.56,27,.377049,2,1,0,42.225321
2005,6,8,20,5,1104,30.69,11.5,.377049,2,1,0,42.225321
2005,6,8,20,5,1104,30.81,7.7,.377049,2,1,0,42.225321
2005,6,8,20,5,1104,30.96,7.7,.377049,2,1,0,42.225321
2005,6,8,20,5,1104,31.13,7.7,.377049,2,1,0,42.225321
2005,6,8,20,5,1104,31.32,7.7,.377049,2,1,0,42.225321
2005,6,8,20,5,1104,31.53,7.7,.377049,2,1,0,42.225321
2005,6,8,20,5,1104,31.74,7.7,.377049,2,1,0,42.225321
2005,6,8,20,5,1104,31.97,7.7,.377049,2,1,0,42.225321
2005,6,8,20,5,1104,32.2,7.7,.377049,2,1,0,42.225321
2005,6,8,20,5,1104,32.44,7.7,.377049,2,1,0,42.225321
2005,6,8,20,5,1104,32.67,7.7,.377049,2,1,0,42.225321
2005,6,8,20,5,1104,32.91,7.7,.377049,2,1,0,42.225321
2005,6,8,20,5,1104,33.14,7.7,.377049,2,1,0,42.225321
2005,6,8,20,5,1104,33.37,7.7,.377049,2,1,0,42.225321
2005,6,8,20,5,1104,33.58,7.7,.377049,2,1,0,42.225321
2005,6,8,20,5,1104,33.78,7.7,.377049,2,1,0,42.225321
2005,6,8,20,5,1104,33.97,7.7,.377049,2,1,0,42.225321
2005,6,8,20,5,1104,34.14,7.7,.377049,2,1,0,42.225321
2005,6,8,20,5,1104,34.28,7.7,.377049,2,1,0,42.225321
2005,6,8,20,5,1104,34.41,7.7,.377049,2,1,0,42.225321
2005,6,8,20,5,1104,34.5,7.7,.377049,2,1,0,42.225321
2005,6,8,20,5,1104,34.57,7.7,.377049,2,1,0,42.225321
2005,6,8,20,5,1104,34.6,7.9,.377049,2,1,0,42.225321
2005,6,8,21,5,1104,1,165,.377049,2,1,0,1
2005,6,8,21,5,1104,30.56,27,.377049,2,1,0,42.225321
2005,6,8,21,5,1104,30.69,11.5,.377049,2,1,0,42.225321
2005,6,8,21,5,1104,30.81,7.7,.377049,2,1,0,42.225321
2005,6,8,21,5,1104,30.96,7.7,.377049,2,1,0,42.225321
2005,6,8,21,5,1104,31.13,7.7,.377049,2,1,0,42.225321
2005,6,8,21,5,1104,31.32,7.7,.377049,2,1,0,42.225321
2005,6,8,21,5,1104,31.53,7.7,.377049,2,1,0,42.225321
2005,6,8,21,5,1104,31.74,7.7,.377049,2,1,0,42.225321
2005,6,8,21,5,1104,31.97,7.7,.377049,2,1,0,42.225321
2005,6,8,21,5,1104,32.2,7.7,.377049,2,1,0,42.225321
2005,6,8,21,5,1104,32.44,7.7,.377049,2,1,0,42.225321
2005,6,8,21,5,1104,32.67,7.7,.377049,2,1,0,42.225321
2005,6,8,21,5,1104,32.91,7.7,.377049,2,1,0,42.225321
2005,6,8,21,5,1104,33.14,7.7,.377049,2,1,0,42.225321
2005,6,8,21,5,1104,33.37,7.7,.377049,2,1,0,42.225321
2005,6,8,21,5,1104,33.58,7.7,.377049,2,1,0,42.225321
2005,6,8,21,5,1104,33.78,7.7,.377049,2,1,0,42.225321
2005,6,8,21,5,1104,33.97,7.7,.377049,2,1,0,42.225321
2005,6,8,21,5,1104,34.14,7.7,.377049,2,1,0,42.225321
2005,6,8,21,5,1104,34.28,7.7,.377049,2,1,0,42.225321
2005,6,8,21,5,1104,34.41,7.7,.377049,2,1,0,42.225321
2005,6,8,21,5,1104,34.5,7.7,.377049,2,1,0,42.225321
2005,6,8,21,5,1104,34.57,7.7,.377049,2,1,0,42.225321
2005,6,8,21,5,1104,34.6,7.9,.377049,2,1,0,42.225321
2005,6,8,22,5,1104,1,165,.377049,2,1,0,1
2005,6,8,22,5,1104,30.56,27,.377049,2,1,0,42.225321
2005,6,8,22,5,1104,30.69,11.5,.377049,2,1,0,42.225321
2005,6,8,22,5,1104,30.81,7.7,.377049,2,1,0,42.225321
2005,6,8,22,5,1104,30.96,7.7,.377049,2,1,0,42.225321
2005,6,8,22,5,1104,31.13,7.7,.377049,2,1,0,42.225321
2005,6,8,22,5,1104,31.32,7.7,.377049,2,1,0,42.225321
2005,6,8,22,5,1104,31.53,7.7,.377049,2,1,0,42.225321
2005,6,8,22,5,1104,31.74,7.7,.377049,2,1,0,42.225321
2005,6,8,22,5,1104,31.97,7.7,.377049,2,1,0,42.225321
2005,6,8,22,5,1104,32.2,7.7,.377049,2,1,0,42.225321
2005,6,8,22,5,1104,32.44,7.7,.377049,2,1,0,42.225321
2005,6,8,22,5,1104,32.67,7.7,.377049,2,1,0,42.225321
2005,6,8,22,5,1104,32.91,7.7,.377049,2,1,0,42.225321
2005,6,8,22,5,1104,33.14,7.7,.377049,2,1,0,42.225321
2005,6,8,22,5,1104,33.37,7.7,.377049,2,1,0,42.225321
2005,6,8,22,5,1104,33.58,7.7,.377049,2,1,0,42.225321
2005,6,8,22,5,1104,33.78,7.7,.377049,2,1,0,42.225321
2005,6,8,22,5,1104,33.97,7.7,.377049,2,1,0,42.225321
2005,6,8,22,5,1104,34.14,7.7,.377049,2,1,0,42.225321
2005,6,8,22,5,1104,34.28,7.7,.377049,2,1,0,42.225321
2005,6,8,22,5,1104,34.41,7.7,.377049,2,1,0,42.225321
2005,6,8,22,5,1104,34.5,7.7,.377049,2,1,0,42.225321
2005,6,8,22,5,1104,34.57,7.7,.377049,2,1,0,42.225321
2005,6,8,22,5,1104,34.6,7.9,.377049,2,1,0,42.225321
2005,6,8,23,5,1104,1,165,.377049,2,1,0,1
2005,6,8,23,5,1104,30.56,27,.377049,2,1,0,42.225321
2005,6,8,23,5,1104,30.69,11.5,.377049,2,1,0,42.225321
2005,6,8,23,5,1104,30.81,7.7,.377049,2,1,0,42.225321
2005,6,8,23,5,1104,30.96,7.7,.377049,2,1,0,42.225321
2005,6,8,23,5,1104,31.13,7.7,.377049,2,1,0,42.225321
2005,6,8,23,5,1104,31.32,7.7,.377049,2,1,0,42.225321
2005,6,8,23,5,1104,31.53,7.7,.377049,2,1,0,42.225321
2005,6,8,23,5,1104,31.74,7.7,.377049,2,1,0,42.225321
2005,6,8,23,5,1104,31.97,7.7,.377049,2,1,0,42.225321
2005,6,8,23,5,1104,32.2,7.7,.377049,2,1,0,42.225321
2005,6,8,23,5,1104,32.44,7.7,.377049,2,1,0,42.225321
2005,6,8,23,5,1104,32.67,7.7,.377049,2,1,0,42.225321
2005,6,8,23,5,1104,32.91,7.7,.377049,2,1,0,42.225321
2005,6,8,23,5,1104,33.14,7.7,.377049,2,1,0,42.225321
2005,6,8,23,5,1104,33.37,7.7,.377049,2,1,0,42.225321
2005,6,8,23,5,1104,33.58,7.7,.377049,2,1,0,42.225321
2005,6,8,23,5,1104,33.78,7.7,.377049,2,1,0,42.225321
2005,6,8,23,5,1104,33.97,7.7,.377049,2,1,0,42.225321
2005,6,8,23,5,1104,34.14,7.7,.377049,2,1,0,42.225321
2005,6,8,23,5,1104,34.28,7.7,.377049,2,1,0,42.225321
2005,6,8,23,5,1104,34.41,7.7,.377049,2,1,0,42.225321
2005,6,8,23,5,1104,34.5,7.7,.377049,2,1,0,42.225321
2005,6,8,23,5,1104,34.57,7.7,.377049,2,1,0,42.225321
2005,6,8,23,5,1104,34.6,7.9,.377049,2,1,0,42.225321
2005,6,8,24,5,1104,1,165,.377049,2,1,0,1
2005,6,8,24,5,1104,30.56,27,.377049,2,1,0,42.225321
2005,6,8,24,5,1104,30.69,11.5,.377049,2,1,0,42.225321
2005,6,8,24,5,1104,30.81,7.7,.377049,2,1,0,42.225321
2005,6,8,24,5,1104,30.96,7.7,.377049,2,1,0,42.225321
2005,6,8,24,5,1104,31.13,7.7,.377049,2,1,0,42.225321
2005,6,8,24,5,1104,31.32,7.7,.377049,2,1,0,42.225321
2005,6,8,24,5,1104,31.53,7.7,.377049,2,1,0,42.225321
2005,6,8,24,5,1104,31.74,7.7,.377049,2,1,0,42.225321
2005,6,8,24,5,1104,31.97,7.7,.377049,2,1,0,42.225321
2005,6,8,24,5,1104,32.2,7.7,.377049,2,1,0,42.225321
2005,6,8,24,5,1104,32.44,7.7,.377049,2,1,0,42.225321
2005,6,8,24,5,1104,32.67,7.7,.377049,2,1,0,42.225321
2005,6,8,24,5,1104,32.91,7.7,.377049,2,1,0,42.225321
2005,6,8,24,5,1104,33.14,7.7,.377049,2,1,0,42.225321
2005,6,8,24,5,1104,33.37,7.7,.377049,2,1,0,42.225321
2005,6,8,24,5,1104,33.58,7.7,.377049,2,1,0,42.225321
2005,6,8,24,5,1104,33.78,7.7,.377049,2,1,0,42.225321
2005,6,8,24,5,1104,33.97,7.7,.377049,2,1,0,42.225321
2005,6,8,24,5,1104,34.14,7.7,.377049,2,1,0,42.225321
2005,6,8,24,5,1104,34.28,7.7,.377049,2,1,0,42.225321
2005,6,8,24,5,1104,34.41,7.7,.377049,2,1,0,42.225321
2005,6,8,24,5,1104,34.5,7.7,.377049,2,1,0,42.225321
2005,6,8,24,5,1104,34.57,7.7,.377049,2,1,0,42.225321
2005,6,8,24,5,1104,34.6,7.9,.377049,2,1,0,42.225321
2005,6,8,1,2,1105,0,165,.377049,2,1,0,0
2005,6,8,1,2,1105,30.02,35,.377049,2,1,0,42.225321
2005,6,8,1,2,1105,30.03,35,.377049,2,1,0,42.225321
2005,6,8,1,2,1105,30.04,35,.377049,2,1,0,42.225321
2005,6,8,1,2,1105,30.05,35,.377049,2,1,0,42.225321
2005,6,8,1,2,1105,30.06,35,.377049,2,1,0,42.225321
2005,6,8,1,2,1105,90.07,25,.377049,2,0,0,42.225321
2005,6,8,2,2,1105,0,165,.377049,2,1,0,0
2005,6,8,2,2,1105,90.07,200,.377049,2,0,0,42.225321
2005,6,8,3,2,1105,0,165,.377049,2,1,0,0
2005,6,8,3,2,1105,90.07,200,.377049,2,0,0,42.225321
2005,6,8,4,2,1105,0,165,.377049,2,1,0,0
2005,6,8,4,2,1105,90.07,200,.377049,2,0,0,42.225321
2005,6,8,5,2,1105,0,165,.377049,2,1,0,0
2005,6,8,5,2,1105,90.07,200,.377049,2,0,0,42.225321
2005,6,8,6,2,1105,0,165,.377049,2,1,0,0
2005,6,8,6,2,1105,90.07,200,.377049,2,0,0,42.225321
2005,6,8,7,2,1105,0,165,.377049,2,1,0,0
2005,6,8,7,2,1105,90.07,200,.377049,2,0,0,42.225321
2005,6,8,8,2,1105,0,165,.377049,2,1,0,0
2005,6,8,8,2,1105,30.02,35,.377049,2,1,0,42.225321
2005,6,8,8,2,1105,30.03,35,.377049,2,1,0,42.225321
2005,6,8,8,2,1105,30.04,35,.377049,2,1,0,42.225321
2005,6,8,8,2,1105,30.05,35,.377049,2,1,0,42.225321
2005,6,8,8,2,1105,30.06,35,.377049,2,1,0,42.225321
2005,6,8,8,2,1105,90.07,25,.377049,2,0,0,42.225321
2005,6,8,9,2,1105,0,340,.377049,2,1,0,0
2005,6,8,9,2,1105,90.07,25,.377049,2,0,0,42.225321
2005,6,8,10,2,1105,0,340,.377049,2,1,0,0
2005,6,8,10,2,1105,90.07,25,.377049,2,0,0,42.225321
2005,6,8,11,2,1105,0,340,.377049,2,1,0,0
2005,6,8,11,2,1105,90.07,25,.377049,2,0,0,42.225321
2005,6,8,12,2,1105,0,200,.377049,2,1,0,0
2005,6,8,12,2,1105,30.03,35,.377049,2,1,0,42.225321
2005,6,8,12,2,1105,30.04,35,.377049,2,1,0,42.225321
2005,6,8,12,2,1105,30.05,35,.377049,2,1,0,42.225321
2005,6,8,12,2,1105,30.06,35,.377049,2,1,0,42.225321
2005,6,8,12,2,1105,90.07,25,.377049,2,1,0,42.225321
2005,6,8,13,2,1105,0,165,.377049,2,1,0,0
2005,6,8,13,2,1105,30.02,35,.377049,2,1,0,42.225321
2005,6,8,13,2,1105,30.03,35,.377049,2,1,0,42.225321
2005,6,8,13,2,1105,30.04,35,.377049,2,1,0,42.225321
2005,6,8,13,2,1105,30.05,35,.377049,2,1,0,42.225321
2005,6,8,13,2,1105,30.06,35,.377049,2,1,0,42.225321
2005,6,8,13,2,1105,90.07,25,.377049,2,1,0,42.225321
2005,6,8,14,2,1105,0,270,.377049,2,1,0,0
2005,6,8,14,2,1105,30.05,35,.377049,2,1,0,42.225321
2005,6,8,14,2,1105,30.06,35,.377049,2,1,0,42.225321
2005,6,8,14,2,1105,90.07,25,.377049,2,1,0,42.225321
2005,6,8,15,2,1105,0,165,.377049,2,1,0,0
2005,6,8,15,2,1105,30.02,35,.377049,2,1,0,42.225321
2005,6,8,15,2,1105,30.03,35,.377049,2,1,0,42.225321
2005,6,8,15,2,1105,30.04,35,.377049,2,1,0,42.225321
2005,6,8,15,2,1105,30.05,35,.377049,2,1,0,42.225321
2005,6,8,15,2,1105,30.06,35,.377049,2,1,0,42.225321
2005,6,8,15,2,1105,90.07,25,.377049,2,0,0,42.225321
2005,6,8,16,2,1105,0,165,.377049,2,1,0,0
2005,6,8,16,2,1105,30.02,35,.377049,2,1,0,42.225321
2005,6,8,16,2,1105,30.03,35,.377049,2,1,0,42.225321
2005,6,8,16,2,1105,30.04,35,.377049,2,1,0,42.225321
2005,6,8,16,2,1105,30.05,35,.377049,2,1,0,42.225321
2005,6,8,16,2,1105,30.06,35,.377049,2,1,0,42.225321
2005,6,8,16,2,1105,90.07,25,.377049,2,0,0,42.225321
2005,6,8,17,2,1105,0,305,.377049,2,1,0,0
2005,6,8,17,2,1105,30.06,35,.377049,2,1,0,42.225321
2005,6,8,17,2,1105,90.07,25,.377049,2,0,0,42.225321
2005,6,8,18,2,1105,0,270,.377049,2,1,0,0
2005,6,8,18,2,1105,30.05,35,.377049,2,1,0,42.225321
2005,6,8,18,2,1105,30.06,35,.377049,2,1,0,42.225321
2005,6,8,18,2,1105,90.07,25,.377049,2,1,0,42.225321
2005,6,8,19,2,1105,0,340,.377049,2,1,0,0
2005,6,8,19,2,1105,90.07,25,.377049,2,0,0,42.225321
2005,6,8,20,2,1105,0,340,.377049,2,1,0,0
2005,6,8,20,2,1105,90.07,25,.377049,2,0,0,42.225321
2005,6,8,21,2,1105,0,200,.377049,2,1,0,0
2005,6,8,21,2,1105,30.03,35,.377049,2,1,0,42.225321
2005,6,8,21,2,1105,30.04,35,.377049,2,1,0,42.225321
2005,6,8,21,2,1105,30.05,35,.377049,2,1,0,42.225321
2005,6,8,21,2,1105,30.06,35,.377049,2,1,0,42.225321
2005,6,8,21,2,1105,90.07,25,.377049,2,0,0,42.225321
2005,6,8,22,2,1105,0,165,.377049,2,1,0,0
2005,6,8,22,2,1105,30.02,35,.377049,2,1,0,42.225321
2005,6,8,22,2,1105,30.03,35,.377049,2,1,0,42.225321
2005,6,8,22,2,1105,30.04,35,.377049,2,1,0,42.225321
2005,6,8,22,2,1105,30.05,35,.377049,2,1,0,42.225321
2005,6,8,22,2,1105,30.06,35,.377049,2,1,0,42.225321
2005,6,8,22,2,1105,90.07,25,.377049,2,0,0,42.225321
2005,6,8,23,2,1105,0,165,.377049,2,1,0,0
2005,6,8,23,2,1105,30.02,35,.377049,2,1,0,42.225321
2005,6,8,23,2,1105,30.03,35,.377049,2,1,0,42.225321
2005,6,8,23,2,1105,30.04,35,.377049,2,1,0,42.225321
2005,6,8,23,2,1105,30.05,35,.377049,2,1,0,42.225321
2005,6,8,23,2,1105,30.06,35,.377049,2,1,0,42.225321
2005,6,8,23,2,1105,90.07,25,.377049,2,0,0,42.225321
2005,6,8,24,2,1105,0,165,.377049,2,1,0,0
2005,6,8,24,2,1105,30.02,35,.377049,2,1,0,42.225321
2005,6,8,24,2,1105,30.03,35,.377049,2,1,0,42.225321
2005,6,8,24,2,1105,30.04,35,.377049,2,1,0,42.225321
2005,6,8,24,2,1105,30.05,35,.377049,2,1,0,42.225321
2005,6,8,24,2,1105,30.06,35,.377049,2,1,0,42.225321
2005,6,8,24,2,1105,90.07,25,.377049,2,0,0,42.225321
2005,6,8,1,1,1106,127.74,368.8,.715213,2,0,0,127.74
2005,6,8,2,1,1106,127.74,368.8,.715213,2,0,0,127.74
2005,6,8,3,1,1106,127.74,368.8,.715213,2,0,0,127.74
2005,6,8,4,1,1106,127.74,368.8,.715213,2,0,0,127.74
2005,6,8,5,1,1106,127.74,368.8,.715213,2,0,0,127.74
2005,6,8,6,1,1106,127.74,368.8,.715213,2,0,0,127.74
2005,6,8,7,1,1106,127.74,368.8,.715213,2,0,0,127.74
2005,6,8,8,1,1106,127.74,368.8,.715213,2,0,0,127.74
2005,6,8,9,1,1106,127.74,368.8,.715213,2,0,0,127.74
2005,6,8,10,1,1106,127.74,368.8,.715213,2,0,0,127.74
2005,6,8,11,1,1106,127.74,368.8,.715213,2,0,0,127.74
2005,6,8,12,1,1106,127.74,368.8,.715213,2,0,0,127.74
2005,6,8,13,1,1106,127.74,368.8,.715213,2,0,0,127.74
2005,6,8,14,1,1106,127.74,368.8,.715213,2,0,0,127.74
2005,6,8,15,1,1106,127.74,368.8,.715213,2,0,0,127.74
2005,6,8,16,1,1106,127.74,368.8,.715213,2,0,0,127.74
2005,6,8,17,1,1106,127.74,368.8,.715213,2,0,0,127.74
2005,6,8,18,1,1106,127.74,368.8,.715213,2,0,0,127.74
2005,6,8,19,1,1106,127.74,368.8,.715213,2,0,0,127.74
2005,6,8,20,1,1106,127.74,368.8,.715213,2,0,0,127.74
2005,6,8,21,1,1106,127.74,368.8,.715213,2,0,0,127.74
2005,6,8,22,1,1106,127.74,368.8,.715213,2,0,0,127.74
2005,6,8,23,1,1106,127.74,368.8,.715213,2,0,0,127.74
2005,6,8,24,1,1106,127.74,368.8,.715213,2,0,0,127.74
2005,6,8,1,1,1107,126.8,528.2,.715213,2,0,0,126.8
2005,6,8,2,1,1107,126.8,528.2,.715213,2,0,0,126.8
2005,6,8,3,1,1107,126.8,528.2,.715213,2,0,0,126.8
2005,6,8,4,1,1107,126.8,528.2,.715213,2,0,0,126.8
2005,6,8,5,1,1107,126.8,528.2,.715213,2,0,0,126.8
2005,6,8,6,1,1107,126.8,528.2,.715213,2,0,0,126.8
2005,6,8,7,1,1107,126.8,528.2,.715213,2,0,0,126.8
2005,6,8,8,1,1107,126.8,528.2,.715213,2,0,0,126.8
2005,6,8,9,1,1107,126.8,528.2,.715213,2,0,0,126.8
2005,6,8,10,1,1107,126.8,528.2,.715213,2,0,0,126.8
2005,6,8,11,1,1107,126.8,528.2,.715213,2,0,0,126.8
2005,6,8,12,1,1107,126.8,528.2,.715213,2,0,0,126.8
2005,6,8,13,1,1107,126.8,528.2,.715213,2,0,0,126.8
2005,6,8,14,1,1107,126.8,528.2,.715213,2,0,0,126.8
2005,6,8,15,1,1107,126.8,528.2,.715213,2,0,0,126.8
2005,6,8,16,1,1107,126.8,528.2,.715213,2,0,0,126.8
2005,6,8,17,1,1107,126.8,528.2,.715213,2,0,0,126.8
2005,6,8,18,1,1107,126.8,528.2,.715213,2,0,0,126.8
2005,6,8,19,1,1107,126.8,528.2,.715213,2,0,0,126.8
2005,6,8,20,1,1107,126.8,528.2,.715213,2,0,0,126.8
2005,6,8,21,1,1107,126.8,528.2,.715213,2,0,0,126.8
2005,6,8,22,1,1107,126.8,528.2,.715213,2,0,0,126.8
2005,6,8,23,1,1107,126.8,528.2,.715213,2,0,0,126.8
2005,6,8,24,1,1107,126.8,528.2,.715213,2,0,0,126.8
2005,6,8,1,9,1108,0,230,.371975,2,1,0,0
2005,6,8,1,9,1108,35.43,50,.371975,2,1,0,42.124855
2005,6,8,1,9,1108,37.83,50,.371975,2,1,0,42.124855
2005,6,8,1,9,1108,40.43,46.3,.371975,2,1,0,42.124855
2005,6,8,2,9,1108,0,230,.371975,2,1,0,0
2005,6,8,2,9,1108,35.43,50,.371975,2,1,0,42.124855
2005,6,8,2,9,1108,37.83,50,.371975,2,1,0,42.124855
2005,6,8,2,9,1108,40.43,46.3,.371975,2,0,0,42.124855
2005,6,8,3,9,1108,0,230,.371975,2,1,0,0
2005,6,8,3,9,1108,35.43,50,.371975,2,1,0,42.124855
2005,6,8,3,9,1108,37.83,50,.371975,2,1,0,42.124855
2005,6,8,3,9,1108,40.43,46.3,.371975,2,0,0,42.124855
2005,6,8,4,9,1108,0,230,.371975,2,1,0,0
2005,6,8,4,9,1108,35.43,50,.371975,2,1,0,42.124855
2005,6,8,4,9,1108,37.83,50,.371975,2,0,0,42.124855
2005,6,8,4,9,1108,40.43,46.3,.371975,2,0,0,42.124855
2005,6,8,5,9,1108,0,230,.371975,2,1,0,0
2005,6,8,5,9,1108,35.43,50,.371975,2,1,0,42.124855
2005,6,8,5,9,1108,37.83,50,.371975,2,1,0,42.124855
2005,6,8,5,9,1108,40.43,46.3,.371975,2,0,0,42.124855
2005,6,8,6,9,1108,0,230,.371975,2,1,0,0
2005,6,8,6,9,1108,35.43,50,.371975,2,1,0,42.124855
2005,6,8,6,9,1108,37.83,50,.371975,2,1,0,42.124855
2005,6,8,6,9,1108,40.43,46.3,.371975,2,0,0,42.124855
2005,6,8,7,9,1108,0,230,.371975,2,1,0,0
2005,6,8,7,9,1108,35.43,50,.371975,2,1,0,42.124855
2005,6,8,7,9,1108,37.83,50,.371975,2,1,0,42.124855
2005,6,8,7,9,1108,40.43,46.3,.371975,2,0,0,42.124855
2005,6,8,8,9,1108,0,230,.371975,2,1,0,0
2005,6,8,8,9,1108,35.43,50,.371975,2,1,0,42.124855
2005,6,8,8,9,1108,37.83,50,.371975,2,1,0,42.124855
2005,6,8,8,9,1108,40.43,46.3,.371975,2,1,0,42.124855
2005,6,8,9,9,1108,0,230,.371975,2,1,0,0
2005,6,8,9,9,1108,35.43,50,.371975,2,1,0,42.124855
2005,6,8,9,9,1108,37.83,50,.371975,2,1,0,42.124855
2005,6,8,9,9,1108,40.43,46.3,.371975,2,1,0,42.124855
2005,6,8,10,9,1108,0,230,.371975,2,1,0,0
2005,6,8,10,9,1108,35.43,50,.371975,2,1,0,42.124855
2005,6,8,10,9,1108,37.83,50,.371975,2,1,0,42.124855
2005,6,8,10,9,1108,40.43,46.3,.371975,2,1,0,42.124855
2005,6,8,11,9,1108,0,230,.371975,2,1,0,0
2005,6,8,11,9,1108,35.43,50,.371975,2,1,0,42.124855
2005,6,8,11,9,1108,37.83,50,.371975,2,1,0,42.124855
2005,6,8,11,9,1108,40.43,46.3,.371975,2,1,0,42.124855
2005,6,8,12,9,1108,0,230,.371975,2,1,0,0
2005,6,8,12,9,1108,35.43,50,.371975,2,1,0,42.124855
2005,6,8,12,9,1108,37.83,50,.371975,2,1,0,42.124855
2005,6,8,12,9,1108,40.43,46.3,.371975,2,1,0,42.124855
2005,6,8,13,9,1108,0,230,.371975,2,1,0,0
2005,6,8,13,9,1108,35.43,50,.371975,2,1,0,42.124855
2005,6,8,13,9,1108,37.83,50,.371975,2,1,0,42.124855
2005,6,8,13,9,1108,40.43,46.3,.371975,2,1,0,42.124855
2005,6,8,14,9,1108,0,230,.371975,2,1,0,0
2005,6,8,14,9,1108,35.43,50,.371975,2,1,0,42.124855
2005,6,8,14,9,1108,37.83,50,.371975,2,1,0,42.124855
2005,6,8,14,9,1108,40.43,46.3,.371975,2,1,0,42.124855
2005,6,8,15,9,1108,0,230,.371975,2,1,0,0
2005,6,8,15,9,1108,35.43,50,.371975,2,1,0,42.124855
2005,6,8,15,9,1108,37.83,50,.371975,2,1,0,42.124855
2005,6,8,15,9,1108,40.43,46.3,.371975,2,1,0,42.124855
2005,6,8,16,9,1108,0,230,.371975,2,1,0,0
2005,6,8,16,9,1108,35.43,50,.371975,2,1,0,42.124855
2005,6,8,16,9,1108,37.83,50,.371975,2,1,0,42.124855
2005,6,8,16,9,1108,40.43,46.3,.371975,2,1,0,42.124855
2005,6,8,17,9,1108,0,230,.371975,2,1,0,0
2005,6,8,17,9,1108,35.43,50,.371975,2,1,0,42.124855
2005,6,8,17,9,1108,37.83,50,.371975,2,1,0,42.124855
2005,6,8,17,9,1108,40.43,46.3,.371975,2,1,0,42.124855
2005,6,8,18,9,1108,0,230,.371975,2,1,0,0
2005,6,8,18,9,1108,35.43,50,.371975,2,1,0,42.124855
2005,6,8,18,9,1108,37.83,50,.371975,2,1,0,42.124855
2005,6,8,18,9,1108,40.43,46.3,.371975,2,1,0,42.124855
2005,6,8,19,9,1108,0,230,.371975,2,1,0,0
2005,6,8,19,9,1108,35.43,50,.371975,2,1,0,42.124855
2005,6,8,19,9,1108,37.83,50,.371975,2,1,0,42.124855
2005,6,8,19,9,1108,40.43,46.3,.371975,2,1,0,42.124855
2005,6,8,20,9,1108,0,230,.371975,2,1,0,0
2005,6,8,20,9,1108,35.43,50,.371975,2,1,0,42.124855
2005,6,8,20,9,1108,37.83,50,.371975,2,1,0,42.124855
2005,6,8,20,9,1108,40.43,46.3,.371975,2,1,0,42.124855
2005,6,8,21,9,1108,0,230,.371975,2,1,0,0
2005,6,8,21,9,1108,35.43,50,.371975,2,1,0,42.124855
2005,6,8,21,9,1108,37.83,50,.371975,2,1,0,42.124855
2005,6,8,21,9,1108,40.43,46.3,.371975,2,1,0,42.124855
2005,6,8,22,9,1108,0,230,.371975,2,1,0,0
2005,6,8,22,9,1108,35.43,50,.371975,2,1,0,42.124855
2005,6,8,22,9,1108,37.83,50,.371975,2,1,0,42.124855
2005,6,8,22,9,1108,40.43,46.3,.371975,2,1,0,42.124855
2005,6,8,23,9,1108,0,230,.371975,2,1,0,0
2005,6,8,23,9,1108,35.43,50,.371975,2,1,0,42.124855
2005,6,8,23,9,1108,37.83,50,.371975,2,1,0,42.124855
2005,6,8,23,9,1108,40.43,46.3,.371975,2,1,0,42.124855
2005,6,8,24,9,1108,0,230,.371975,2,1,0,0
2005,6,8,24,9,1108,35.43,50,.371975,2,1,0,42.124855
2005,6,8,24,9,1108,37.83,50,.371975,2,1,0,42.124855
2005,6,8,24,9,1108,40.43,46.3,.371975,2,1,0,42.124855
2005,6,8,1,1,243,14.05,136,0,1,0,0,14.05
2005,6,8,1,1,243,15.05,72,0,1,0,0,15.05
2005,6,8,2,1,243,14.05,136,0,1,0,0,14.05
2005,6,8,2,1,243,15.05,72,0,1,0,0,15.05
2005,6,8,3,1,243,14.05,136,0,1,0,0,14.05
2005,6,8,3,1,243,15.05,72,0,1,0,0,15.05
2005,6,8,4,1,243,15.05,72,0,1,0,0,15.05
2005,6,8,4,1,243,39.01,46,0,1,1,0,39.01
2005,6,8,4,1,243,39.15,90,0,1,1,0,39.15
2005,6,8,5,1,243,15.05,72,0,1,0,0,15.05
2005,6,8,5,1,243,39.01,46,0,1,1,0,39.01
2005,6,8,5,1,243,39.15,90,0,1,1,0,39.15
2005,6,8,6,1,243,15.05,72,0,1,0,0,15.05
2005,6,8,6,1,243,39.01,46,0,1,1,0,39.01
2005,6,8,6,1,243,39.15,90,0,1,1,0,39.15
2005,6,8,7,1,243,14.05,136,0,1,0,0,14.05
2005,6,8,7,1,243,15.05,72,0,1,0,0,15.05
2005,6,8,8,1,243,14.05,136,0,1,0,0,14.05
2005,6,8,8,1,243,15.05,72,0,1,0,0,15.05
2005,6,8,9,1,243,14.05,136,0,1,0,0,14.05
2005,6,8,9,1,243,15.05,72,0,1,0,0,15.05
2005,6,8,10,1,243,14.05,136,0,1,0,0,14.05
2005,6,8,10,1,243,15.05,72,0,1,0,0,15.05
2005,6,8,11,1,243,14.05,136,0,1,0,0,14.05
2005,6,8,11,1,243,15.05,72,0,1,0,0,15.05
2005,6,8,12,1,243,14.05,136,0,1,0,0,14.05
2005,6,8,12,1,243,15.05,72,0,1,0,0,15.05
2005,6,8,13,1,243,14.05,136,0,1,0,0,14.05
2005,6,8,13,1,243,15.05,72,0,1,0,0,15.05
2005,6,8,14,1,243,14.05,136,0,1,0,0,14.05
2005,6,8,14,1,243,15.05,72,0,1,0,0,15.05
2005,6,8,15,1,243,14.05,136,0,1,0,0,14.05
2005,6,8,15,1,243,15.05,72,0,1,0,0,15.05
2005,6,8,16,1,243,14.05,136,0,1,0,0,14.05
2005,6,8,16,1,243,15.05,72,0,1,0,0,15.05
2005,6,8,17,1,243,14.05,136,0,1,0,0,14.05
2005,6,8,17,1,243,15.05,72,0,1,0,0,15.05
2005,6,8,18,1,243,14.05,136,0,1,0,0,14.05
2005,6,8,18,1,243,15.05,72,0,1,0,0,15.05
2005,6,8,19,1,243,14.05,136,0,1,0,0,14.05
2005,6,8,19,1,243,15.05,72,0,1,0,0,15.05
2005,6,8,20,1,243,14.05,136,0,1,0,0,14.05
2005,6,8,20,1,243,15.05,72,0,1,0,0,15.05
2005,6,8,21,1,243,14.05,136,0,1,0,0,14.05
2005,6,8,21,1,243,15.05,72,0,1,0,0,15.05
2005,6,8,22,1,243,14.05,136,0,1,0,0,14.05
2005,6,8,22,1,243,15.05,72,0,1,0,0,15.05
2005,6,8,23,1,243,14.05,136,0,1,0,0,14.05
2005,6,8,23,1,243,15.05,72,0,1,0,0,15.05
2005,6,8,24,1,243,14.05,136,0,1,0,0,14.05
2005,6,8,24,1,243,15.05,72,0,1,0,0,15.05
2005,6,8,1,1,244,80.8,76,0,2,0,0,80.8
2005,6,8,1,1,244,84.87,76,0,2,0,0,84.87
2005,6,8,1,1,244,88.21,185,0,2,0,0,88.21
2005,6,8,1,1,244,89.08,185,0,2,0,0,89.08
2005,6,8,1,1,244,91.55,73,0,2,0,0,91.55
2005,6,8,1,1,244,124.05,525.2,0,2,0,0,124.05
2005,6,8,2,1,244,80.8,76,0,2,0,0,80.8
2005,6,8,2,1,244,84.87,76,0,2,0,0,84.87
2005,6,8,2,1,244,88.21,185,0,2,0,0,88.21
2005,6,8,2,1,244,89.08,185,0,2,0,0,89.08
2005,6,8,2,1,244,91.55,73,0,2,0,0,91.55
2005,6,8,2,1,244,124.05,525.2,0,2,0,0,124.05
2005,6,8,3,1,244,80.8,76,0,2,0,0,80.8
2005,6,8,3,1,244,84.87,76,0,2,0,0,84.87
2005,6,8,3,1,244,88.21,185,0,2,0,0,88.21
2005,6,8,3,1,244,89.08,185,0,2,0,0,89.08
2005,6,8,3,1,244,91.55,73,0,2,0,0,91.55
2005,6,8,3,1,244,124.05,525.2,0,2,0,0,124.05
2005,6,8,4,1,244,80.8,76,0,2,0,0,80.8
2005,6,8,4,1,244,84.87,76,0,2,0,0,84.87
2005,6,8,4,1,244,88.21,185,0,2,0,0,88.21
2005,6,8,4,1,244,89.08,185,0,2,0,0,89.08
2005,6,8,4,1,244,91.55,73,0,2,0,0,91.55
2005,6,8,4,1,244,124.05,525.2,0,2,0,0,124.05
2005,6,8,5,1,244,80.8,76,0,2,0,0,80.8
2005,6,8,5,1,244,84.87,76,0,2,0,0,84.87
2005,6,8,5,1,244,88.21,185,0,2,0,0,88.21
2005,6,8,5,1,244,89.08,185,0,2,0,0,89.08
2005,6,8,5,1,244,91.55,73,0,2,0,0,91.55
2005,6,8,5,1,244,124.05,525.2,0,2,0,0,124.05
2005,6,8,6,1,244,80.8,76,0,2,0,0,80.8
2005,6,8,6,1,244,84.87,76,0,2,0,0,84.87
2005,6,8,6,1,244,88.21,185,0,2,0,0,88.21
2005,6,8,6,1,244,89.08,185,0,2,0,0,89.08
2005,6,8,6,1,244,91.55,73,0,2,0,0,91.55
2005,6,8,6,1,244,124.05,525.2,0,2,0,0,124.05
2005,6,8,7,1,244,80.8,76,0,2,0,0,80.8
2005,6,8,7,1,244,84.87,76,0,2,0,0,84.87
2005,6,8,7,1,244,88.21,185,0,2,0,0,88.21
2005,6,8,7,1,244,89.08,185,0,2,0,0,89.08
2005,6,8,7,1,244,91.55,73,0,2,0,0,91.55
2005,6,8,7,1,244,124.05,525.2,0,2,0,0,124.05
2005,6,8,8,1,244,80.8,76,0,2,0,0,80.8
2005,6,8,8,1,244,84.87,76,0,2,0,0,84.87
2005,6,8,8,1,244,88.21,185,0,2,0,0,88.21
2005,6,8,8,1,244,89.08,185,0,2,0,0,89.08
2005,6,8,8,1,244,91.55,73,0,2,0,0,91.55
2005,6,8,8,1,244,124.05,525.2,0,2,0,0,124.05
2005,6,8,9,1,244,80.8,76,0,2,0,0,80.8
2005,6,8,9,1,244,84.87,76,0,2,0,0,84.87
2005,6,8,9,1,244,88.21,185,0,2,0,0,88.21
2005,6,8,9,1,244,89.08,185,0,2,0,0,89.08
2005,6,8,9,1,244,91.5,73,0,2,0,0,91.5
2005,6,8,9,1,244,124.05,525.2,0,2,0,0,124.05
2005,6,8,10,1,244,80.8,76,0,2,1,0,80.8
2005,6,8,10,1,244,84.87,76,0,2,0,0,84.87
2005,6,8,10,1,244,88.21,185,0,2,0,0,88.21
2005,6,8,10,1,244,89.08,185,0,2,0,0,89.08
2005,6,8,10,1,244,91.5,73,0,2,0,0,91.5
2005,6,8,10,1,244,124.05,525.2,0,2,0,0,124.05
2005,6,8,11,1,244,80.82,76,0,2,1,0,80.82
2005,6,8,11,1,244,84.89,76,0,2,1,0,84.89
2005,6,8,11,1,244,88.23,52.7,0,2,1,0,88.23
2005,6,8,11,1,244,89.1,185,0,2,0,0,89.1
2005,6,8,11,1,244,124.05,598.2,0,2,0,0,124.05
2005,6,8,12,1,244,0,110,0,2,1,0,0
2005,6,8,12,1,244,80.82,76,0,2,1,0,80.82
2005,6,8,12,1,244,84.89,76,0,2,1,0,84.89
2005,6,8,12,1,244,88.23,185,0,2,1,0,88.23
2005,6,8,12,1,244,89.1,185,0,2,1,0,89.1
2005,6,8,12,1,244,124.05,488.2,0,2,0,0,124.05
2005,6,8,13,1,244,0,180,0,2,1,0,0
2005,6,8,13,1,244,80.82,76,0,2,1,0,80.82
2005,6,8,13,1,244,84.89,76,0,2,1,0,84.89
2005,6,8,13,1,244,88.23,185,0,2,1,0,88.23
2005,6,8,13,1,244,89.1,185,0,2,1,0,89.1
2005,6,8,13,1,244,124.05,418.2,0,2,0,0,124.05
2005,6,8,14,1,244,0,180,0,2,1,0,0
2005,6,8,14,1,244,80.82,76,0,2,1,0,80.82
2005,6,8,14,1,244,84.89,76,0,2,1,0,84.89
2005,6,8,14,1,244,88.23,185,0,2,1,0,88.23
2005,6,8,14,1,244,89.1,185,0,2,1,0,89.1
2005,6,8,14,1,244,124.05,418.2,0,2,0,0,124.05
2005,6,8,15,1,244,0,130,0,2,1,0,0
2005,6,8,15,1,244,80.82,76,0,2,1,0,80.82
2005,6,8,15,1,244,84.89,76,0,2,1,0,84.89
2005,6,8,15,1,244,88.23,185,0,2,1,0,88.23
2005,6,8,15,1,244,89.1,185,0,2,0,0,89.1
2005,6,8,15,1,244,124.05,468.2,0,2,0,0,124.05
2005,6,8,16,1,244,0,125,0,2,1,0,0
2005,6,8,16,1,244,80.82,76,0,2,1,0,80.82
2005,6,8,16,1,244,84.89,76,0,2,1,0,84.89
2005,6,8,16,1,244,88.23,185,0,2,1,0,88.23
2005,6,8,16,1,244,89.1,2.6,0,2,1,0,89.1
2005,6,8,16,1,244,124.05,473.2,0,2,0,0,124.05
2005,6,8,17,1,244,0,20,0,2,1,0,0
2005,6,8,17,1,244,80.82,76,0,2,1,0,80.82
2005,6,8,17,1,244,84.89,76,0,2,1,0,84.89
2005,6,8,17,1,244,88.23,185,0,2,1,0,88.23
2005,6,8,17,1,244,89.1,74.8,0,2,1,0,89.1
2005,6,8,17,1,244,124.05,578.2,0,2,0,0,124.05
2005,6,8,18,1,244,0,20,0,2,1,0,0
2005,6,8,18,1,244,80.82,76,0,2,1,0,80.82
2005,6,8,18,1,244,84.89,76,0,2,1,0,84.89
2005,6,8,18,1,244,88.23,185,0,2,1,0,88.23
2005,6,8,18,1,244,89.1,185,0,2,1,0,89.1
2005,6,8,18,1,244,124.05,578.2,0,2,0,0,124.05
2005,6,8,19,1,244,80.82,76,0,2,1,0,80.82
2005,6,8,19,1,244,84.89,76,0,2,1,0,84.89
2005,6,8,19,1,244,88.23,185,0,2,1,0,88.23
2005,6,8,19,1,244,89.1,185,0,2,0,0,89.1
2005,6,8,19,1,244,124.05,598.2,0,2,0,0,124.05
2005,6,8,20,1,244,80.8,76,0,2,0,0,80.8
2005,6,8,20,1,244,84.87,76,0,2,0,0,84.87
2005,6,8,20,1,244,88.21,185,0,2,0,0,88.21
2005,6,8,20,1,244,89.08,185,0,2,0,0,89.08
2005,6,8,20,1,244,91.5,73,0,2,0,0,91.5
2005,6,8,20,1,244,124.05,525.2,0,2,0,0,124.05
2005,6,8,21,1,244,80.8,76,0,2,0,0,80.8
2005,6,8,21,1,244,84.87,76,0,2,0,0,84.87
2005,6,8,21,1,244,88.21,185,0,2,0,0,88.21
2005,6,8,21,1,244,89.08,185,0,2,0,0,89.08
2005,6,8,21,1,244,91.5,73,0,2,0,0,91.5
2005,6,8,21,1,244,124.05,525.2,0,2,0,0,124.05
2005,6,8,22,1,244,80.8,76,0,2,0,0,80.8
2005,6,8,22,1,244,84.87,76,0,2,0,0,84.87
2005,6,8,22,1,244,88.21,185,0,2,0,0,88.21
2005,6,8,22,1,244,89.08,185,0,2,0,0,89.08
2005,6,8,22,1,244,91.5,73,0,2,0,0,91.5
2005,6,8,22,1,244,124.05,525.2,0,2,0,0,124.05
2005,6,8,23,1,244,80.8,76,0,2,0,0,80.8
2005,6,8,23,1,244,84.87,76,0,2,0,0,84.87
2005,6,8,23,1,244,88.21,185,0,2,0,0,88.21
2005,6,8,23,1,244,89.08,185,0,2,0,0,89.08
2005,6,8,23,1,244,91.5,73,0,2,0,0,91.5
2005,6,8,23,1,244,124.05,525.2,0,2,0,0,124.05
2005,6,8,24,1,244,80.8,76,0,2,0,0,80.8
2005,6,8,24,1,244,84.87,76,0,2,0,0,84.87
2005,6,8,24,1,244,88.21,185,0,2,0,0,88.21
2005,6,8,24,1,244,89.08,185,0,2,0,0,89.08
2005,6,8,24,1,244,91.5,73,0,2,0,0,91.5
2005,6,8,24,1,244,124.05,525.2,0,2,0,0,124.05
2005,6,8,1,3,245,31.55,53,0,1,0,0,31.55
2005,6,8,1,3,245,31.65,53,0,1,0,0,31.65
2005,6,8,2,3,245,31.55,53,0,1,0,0,31.55
2005,6,8,2,3,245,31.65,53,0,1,0,0,31.65
2005,6,8,3,3,245,31.55,53,0,1,0,0,31.55
2005,6,8,3,3,245,31.65,53,0,1,0,0,31.65
2005,6,8,4,3,245,31.55,53,0,1,0,0,31.55
2005,6,8,4,3,245,31.65,53,0,1,0,0,31.65
2005,6,8,5,3,245,31.55,53,0,1,0,0,31.55
2005,6,8,5,3,245,31.65,53,0,1,0,0,31.65
2005,6,8,6,3,245,31.55,53,0,1,0,0,31.55
2005,6,8,6,3,245,31.65,53,0,1,0,0,31.65
2005,6,8,7,3,245,31.55,53,0,1,0,0,31.55
2005,6,8,7,3,245,31.65,53,0,1,0,0,31.65
2005,6,8,8,3,245,33.11,53,0,1,0,0,33.11
2005,6,8,8,3,245,33.21,53,0,1,0,0,33.21
2005,6,8,9,3,245,33.11,53,0,1,0,0,33.11
2005,6,8,9,3,245,33.21,53,0,1,0,0,33.21
2005,6,8,10,3,245,33.11,53,0,1,0,0,33.11
2005,6,8,10,3,245,33.21,53,0,1,0,0,33.21
2005,6,8,11,3,245,33.11,53,0,1,0,0,33.11
2005,6,8,11,3,245,33.21,53,0,1,0,0,33.21
2005,6,8,12,3,245,33.11,53,0,1,0,0,33.11
2005,6,8,12,3,245,33.21,53,0,1,0,0,33.21
2005,6,8,13,3,245,33.11,53,0,1,0,0,33.11
2005,6,8,13,3,245,33.21,53,0,1,0,0,33.21
2005,6,8,14,3,245,33.11,53,0,1,0,0,33.11
2005,6,8,14,3,245,33.21,53,0,1,0,0,33.21
2005,6,8,15,3,245,33.11,53,0,1,0,0,33.11
2005,6,8,15,3,245,33.21,53,0,1,0,0,33.21
2005,6,8,16,3,245,33.11,53,0,1,0,0,33.11
2005,6,8,16,3,245,33.21,53,0,1,0,0,33.21
2005,6,8,17,3,245,33.11,53,0,1,0,0,33.11
2005,6,8,17,3,245,33.21,53,0,1,0,0,33.21
2005,6,8,18,3,245,33.11,53,0,1,0,0,33.11
2005,6,8,18,3,245,33.21,53,0,1,0,0,33.21
2005,6,8,19,3,245,33.11,53,0,1,0,0,33.11
2005,6,8,19,3,245,33.21,53,0,1,0,0,33.21
2005,6,8,20,3,245,33.11,53,0,1,0,0,33.11
2005,6,8,20,3,245,33.21,53,0,1,0,0,33.21
2005,6,8,21,3,245,33.11,53,0,1,0,0,33.11
2005,6,8,21,3,245,33.21,53,0,1,0,0,33.21
2005,6,8,22,3,245,33.11,53,0,1,0,0,33.11
2005,6,8,22,3,245,33.21,53,0,1,0,0,33.21
2005,6,8,23,3,245,33.11,53,0,1,0,0,33.11
2005,6,8,23,3,245,33.21,53,0,1,0,0,33.21
2005,6,8,24,3,245,33.11,53,0,1,0,0,33.11
2005,6,8,24,3,245,33.21,53,0,1,0,0,33.21
2005,6,8,1,7,1109,0,336,.51418,2,1,0,0
2005,6,8,1,7,1109,124.37,64,.51418,2,0,0,124.37
2005,6,8,2,7,1109,0,336,.51418,2,1,0,0
2005,6,8,2,7,1109,124.37,64,.51418,2,0,0,124.37
2005,6,8,3,7,1109,0,336,.51418,2,1,0,0
2005,6,8,3,7,1109,124.37,64,.51418,2,0,0,124.37
2005,6,8,4,7,1109,0,336,.51418,2,1,0,0
2005,6,8,4,7,1109,124.37,64,.51418,2,0,0,124.37
2005,6,8,5,7,1109,0,337,.51418,2,1,0,0
2005,6,8,5,7,1109,124.37,63,.51418,2,0,0,124.37
2005,6,8,6,7,1109,0,338,.51418,2,1,0,0
2005,6,8,6,7,1109,124.37,62,.51418,2,0,0,124.37
2005,6,8,7,7,1109,0,338,.51418,2,1,0,0
2005,6,8,7,7,1109,124.37,62,.51418,2,0,0,124.37
2005,6,8,8,7,1109,0,339,.51418,2,1,0,0
2005,6,8,8,7,1109,124.37,61,.51418,2,0,0,124.37
2005,6,8,9,7,1109,0,338,.51418,2,1,0,0
2005,6,8,9,7,1109,124.37,62,.51418,2,0,0,124.37
2005,6,8,10,7,1109,0,337,.51418,2,1,0,0
2005,6,8,10,7,1109,124.37,63,.51418,2,0,0,124.37
2005,6,8,11,7,1109,0,335,.51418,2,1,0,0
2005,6,8,11,7,1109,124.37,65,.51418,2,0,0,124.37
2005,6,8,12,7,1109,0,332,.51418,2,1,0,0
2005,6,8,12,7,1109,124.37,68,.51418,2,0,0,124.37
2005,6,8,13,7,1109,0,328,.51418,2,1,0,0
2005,6,8,13,7,1109,124.37,72,.51418,2,0,0,124.37
2005,6,8,14,7,1109,0,325,.51418,2,1,0,0
2005,6,8,14,7,1109,124.37,75,.51418,2,0,0,124.37
2005,6,8,15,7,1109,0,324,.51418,2,1,0,0
2005,6,8,15,7,1109,124.37,76,.51418,2,0,0,124.37
2005,6,8,16,7,1109,0,323,.51418,2,1,0,0
2005,6,8,16,7,1109,124.37,77,.51418,2,0,0,124.37
2005,6,8,17,7,1109,0,325,.51418,2,1,0,0
2005,6,8,17,7,1109,124.37,75,.51418,2,0,0,124.37
2005,6,8,18,7,1109,0,325,.51418,2,1,0,0
2005,6,8,18,7,1109,124.37,75,.51418,2,0,0,124.37
2005,6,8,19,7,1109,0,327,.51418,2,1,0,0
2005,6,8,19,7,1109,124.37,73,.51418,2,0,0,124.37
2005,6,8,20,7,1109,0,327,.51418,2,1,0,0
2005,6,8,20,7,1109,124.37,73,.51418,2,0,0,124.37
2005,6,8,21,7,1109,0,329,.51418,2,1,0,0
2005,6,8,21,7,1109,124.37,71,.51418,2,0,0,124.37
2005,6,8,22,7,1109,0,329,.51418,2,1,0,0
2005,6,8,22,7,1109,124.37,71,.51418,2,0,0,124.37
2005,6,8,23,7,1109,0,331,.51418,2,1,0,0
2005,6,8,23,7,1109,124.37,69,.51418,2,0,0,124.37
2005,6,8,24,7,1109,0,337,.51418,2,1,0,0
2005,6,8,24,7,1109,124.37,63,.51418,2,0,0,124.37
2005,6,8,1,2,1110,0,210,.371908,2,1,0,0
2005,6,8,1,2,1110,90.08,152.5,.371908,2,0,0,42.123531
2005,6,8,2,2,1110,0,210,.371908,2,1,0,0
2005,6,8,2,2,1110,90.08,152.5,.371908,2,0,0,42.123531
2005,6,8,3,2,1110,0,210,.371908,2,1,0,0
2005,6,8,3,2,1110,90.08,152.5,.371908,2,0,0,42.123531
2005,6,8,4,2,1110,0,210,.371908,2,1,0,0
2005,6,8,4,2,1110,90.08,152.5,.371908,2,0,0,42.123531
2005,6,8,5,2,1110,0,210,.371908,2,1,0,0
2005,6,8,5,2,1110,90.08,152.5,.371908,2,0,0,42.123531
2005,6,8,6,2,1110,0,210,.371908,2,1,0,0
2005,6,8,6,2,1110,90.08,152.5,.371908,2,0,0,42.123531
2005,6,8,7,2,1110,0,210,.371908,2,1,0,0
2005,6,8,7,2,1110,90.08,152.5,.371908,2,0,0,42.123531
2005,6,8,8,2,1110,0,210,.371908,2,1,0,0
2005,6,8,8,2,1110,90.08,152.5,.371908,2,0,0,42.123531
2005,6,8,9,2,1110,0,350,.371908,2,1,0,0
2005,6,8,9,2,1110,90.08,12.5,.371908,2,0,0,42.123531
2005,6,8,10,2,1110,0,350,.371908,2,1,0,0
2005,6,8,10,2,1110,90.08,12.5,.371908,2,0,0,42.123531
2005,6,8,11,2,1110,0,350,.371908,2,1,0,0
2005,6,8,11,2,1110,90.08,12.5,.371908,2,0,0,42.123531
2005,6,8,12,2,1110,0,350,.371908,2,1,0,0
2005,6,8,12,2,1110,90.08,12.5,.371908,2,1,0,42.123531
2005,6,8,13,2,1110,0,350,.371908,2,1,0,0
2005,6,8,13,2,1110,90.08,12.5,.371908,2,1,0,42.123531
2005,6,8,14,2,1110,0,350,.371908,2,1,0,0
2005,6,8,14,2,1110,90.08,12.5,.371908,2,1,0,42.123531
2005,6,8,15,2,1110,0,350,.371908,2,1,0,0
2005,6,8,15,2,1110,90.08,12.5,.371908,2,0,0,42.123531
2005,6,8,16,2,1110,0,350,.371908,2,1,0,0
2005,6,8,16,2,1110,90.08,12.5,.371908,2,0,0,42.123531
2005,6,8,17,2,1110,0,350,.371908,2,1,0,0
2005,6,8,17,2,1110,90.08,12.5,.371908,2,0,0,42.123531
2005,6,8,18,2,1110,0,350,.371908,2,1,0,0
2005,6,8,18,2,1110,90.08,12.5,.371908,2,1,0,42.123531
2005,6,8,19,2,1110,0,350,.371908,2,1,0,0
2005,6,8,19,2,1110,90.08,12.5,.371908,2,0,0,42.123531
2005,6,8,20,2,1110,0,350,.371908,2,1,0,0
2005,6,8,20,2,1110,90.08,12.5,.371908,2,0,0,42.123531
2005,6,8,21,2,1110,0,350,.371908,2,1,0,0
2005,6,8,21,2,1110,90.08,12.5,.371908,2,0,0,42.123531
2005,6,8,22,2,1110,0,350,.371908,2,1,0,0
2005,6,8,22,2,1110,90.08,12.5,.371908,2,0,0,42.123531
2005,6,8,23,2,1110,0,322,.371908,2,1,0,0
2005,6,8,23,2,1110,90.08,12.5,.371908,2,0,0,42.123531
2005,6,8,24,2,1110,0,210,.371908,2,1,0,0
2005,6,8,24,2,1110,90.08,12.5,.371908,2,0,0,42.123531
2005,6,8,1,9,248,0,23.9,0,2,1,0,0
2005,6,8,2,9,248,0,23.9,0,2,1,0,0
2005,6,8,3,9,248,0,23.9,0,2,1,0,0
2005,6,8,4,9,248,0,23.9,0,2,1,0,0
2005,6,8,5,9,248,0,23.9,0,2,1,0,0
2005,6,8,6,9,248,0,23.9,0,2,1,0,0
2005,6,8,7,9,248,0,23.9,0,2,1,0,0
2005,6,8,8,9,248,0,23.9,0,2,1,0,0
2005,6,8,9,9,248,0,23.9,0,2,1,0,0
2005,6,8,10,9,248,0,23.9,0,2,1,0,0
2005,6,8,11,9,248,0,23.9,0,2,1,0,0
2005,6,8,12,9,248,0,23.9,0,2,1,0,0
2005,6,8,13,9,248,0,23.9,0,2,1,0,0
2005,6,8,14,9,248,0,23.9,0,2,1,0,0
2005,6,8,15,9,248,0,23.9,0,2,1,0,0
2005,6,8,16,9,248,0,23.9,0,2,1,0,0
2005,6,8,17,9,248,0,23.9,0,2,1,0,0
2005,6,8,18,9,248,0,23.9,0,2,1,0,0
2005,6,8,19,9,248,0,23.9,0,2,1,0,0
2005,6,8,20,9,248,0,23.9,0,2,1,0,0
2005,6,8,21,9,248,0,23.9,0,2,1,0,0
2005,6,8,22,9,248,0,23.9,0,2,1,0,0
2005,6,8,23,9,248,0,23.9,0,2,1,0,0
2005,6,8,24,9,248,0,23.9,0,2,1,0,0
2005,6,8,1,2,249,67.5,18,0,2,0,0,67.5
2005,6,8,1,2,249,70.01,18,0,2,0,0,70.01
2005,6,8,1,2,249,72.52,18,0,2,0,0,72.52
2005,6,8,1,2,249,75.03,18,0,2,0,0,75.03
2005,6,8,2,2,249,67.5,18,0,2,0,0,67.5
2005,6,8,2,2,249,70.01,18,0,2,0,0,70.01
2005,6,8,2,2,249,72.52,18,0,2,0,0,72.52
2005,6,8,2,2,249,75.03,18,0,2,0,0,75.03
2005,6,8,3,2,249,67.5,18,0,2,0,0,67.5
2005,6,8,3,2,249,70.01,18,0,2,0,0,70.01
2005,6,8,3,2,249,72.52,18,0,2,0,0,72.52
2005,6,8,3,2,249,75.03,18,0,2,0,0,75.03
2005,6,8,4,2,249,67.5,18,0,2,0,0,67.5
2005,6,8,4,2,249,70.01,18,0,2,0,0,70.01
2005,6,8,4,2,249,72.52,18,0,2,0,0,72.52
2005,6,8,4,2,249,75.03,18,0,2,0,0,75.03
2005,6,8,5,2,249,67.5,18,0,2,0,0,67.5
2005,6,8,5,2,249,70.01,18,0,2,0,0,70.01
2005,6,8,5,2,249,72.52,18,0,2,0,0,72.52
2005,6,8,5,2,249,75.03,18,0,2,0,0,75.03
2005,6,8,6,2,249,67.5,18,0,2,0,0,67.5
2005,6,8,6,2,249,70.01,18,0,2,0,0,70.01
2005,6,8,6,2,249,72.52,18,0,2,0,0,72.52
2005,6,8,6,2,249,75.03,18,0,2,0,0,75.03
2005,6,8,7,2,249,67.5,18,0,2,0,0,67.5
2005,6,8,7,2,249,70.01,18,0,2,0,0,70.01
2005,6,8,7,2,249,72.52,18,0,2,0,0,72.52
2005,6,8,7,2,249,75.03,18,0,2,0,0,75.03
2005,6,8,8,2,249,67.5,18,0,2,0,0,67.5
2005,6,8,8,2,249,70.01,18,0,2,0,0,70.01
2005,6,8,8,2,249,72.52,18,0,2,0,0,72.52
2005,6,8,8,2,249,75.03,18,0,2,0,0,75.03
2005,6,8,9,2,249,67.5,18,0,2,1,0,67.5
2005,6,8,9,2,249,70.01,18,0,2,0,0,70.01
2005,6,8,9,2,249,72.52,18,0,2,0,0,72.52
2005,6,8,9,2,249,75.03,18,0,2,0,0,75.03
2005,6,8,10,2,249,67.5,18,0,2,1,0,67.5
2005,6,8,10,2,249,70.01,18,0,2,1,0,70.01
2005,6,8,10,2,249,72.52,18,0,2,1,0,72.52
2005,6,8,10,2,249,75.03,18,0,2,1,0,75.03
2005,6,8,11,2,249,0,38.8,0,2,1,0,0
2005,6,8,11,2,249,67.51,9.5,0,2,1,0,67.51
2005,6,8,11,2,249,70.02,9.5,0,2,1,0,70.02
2005,6,8,11,2,249,72.53,9.5,0,2,1,0,72.53
2005,6,8,11,2,249,75.04,9.5,0,2,1,0,75.04
2005,6,8,12,2,249,0,38.8,0,2,1,0,0
2005,6,8,12,2,249,67.51,9.5,0,2,1,0,67.51
2005,6,8,12,2,249,70.02,9.5,0,2,1,0,70.02
2005,6,8,12,2,249,72.53,9.5,0,2,1,0,72.53
2005,6,8,12,2,249,75.04,9.5,0,2,1,0,75.04
2005,6,8,13,2,249,0,58.8,0,2,1,0,0
2005,6,8,13,2,249,67.51,.5,0,2,1,0,67.51
2005,6,8,13,2,249,70.02,.5,0,2,1,0,70.02
2005,6,8,13,2,249,72.53,.5,0,2,1,0,72.53
2005,6,8,13,2,249,75.04,.5,0,2,1,0,75.04
2005,6,8,14,2,249,0,58.7,0,2,1,0,0
2005,6,8,14,2,249,67.51,.5,0,2,1,0,67.51
2005,6,8,14,2,249,70.02,.5,0,2,1,0,70.02
2005,6,8,14,2,249,72.53,.5,0,2,1,0,72.53
2005,6,8,14,2,249,75.04,.5,0,2,1,0,75.04
2005,6,8,15,2,249,0,23.7,0,2,1,0,0
2005,6,8,15,2,249,67.51,9.5,0,2,1,0,67.51
2005,6,8,15,2,249,70.02,9.5,0,2,1,0,70.02
2005,6,8,15,2,249,72.53,9.5,0,2,1,0,72.53
2005,6,8,15,2,249,75.04,9.5,0,2,1,0,75.04
2005,6,8,16,2,249,0,23.7,0,2,1,0,0
2005,6,8,16,2,249,67.51,9.5,0,2,1,0,67.51
2005,6,8,16,2,249,70.02,9.5,0,2,1,0,70.02
2005,6,8,16,2,249,72.53,9.5,0,2,1,0,72.53
2005,6,8,16,2,249,75.04,9.5,0,2,1,0,75.04
2005,6,8,17,2,249,0,23.7,0,2,1,0,0
2005,6,8,17,2,249,67.51,9.5,0,2,1,0,67.51
2005,6,8,17,2,249,70.02,9.5,0,2,1,0,70.02
2005,6,8,17,2,249,72.53,9.5,0,2,1,0,72.53
2005,6,8,17,2,249,75.04,9.5,0,2,1,0,75.04
2005,6,8,18,2,249,0,32.6,0,2,1,0,0
2005,6,8,18,2,249,67.51,9.5,0,2,1,0,67.51
2005,6,8,18,2,249,70.02,9.5,0,2,1,0,70.02
2005,6,8,18,2,249,72.53,9.5,0,2,1,0,72.53
2005,6,8,18,2,249,75.04,9.5,0,2,1,0,75.04
2005,6,8,19,2,249,0,32.6,0,2,1,0,0
2005,6,8,19,2,249,67.51,9.5,0,2,1,0,67.51
2005,6,8,19,2,249,70.02,9.5,0,2,1,0,70.02
2005,6,8,19,2,249,72.53,9.5,0,2,1,0,72.53
2005,6,8,19,2,249,75.04,9.5,0,2,1,0,75.04
2005,6,8,20,2,249,67.5,18,0,2,1,0,67.5
2005,6,8,20,2,249,70.01,18,0,2,1,0,70.01
2005,6,8,20,2,249,72.52,18,0,2,1,0,72.52
2005,6,8,20,2,249,75.03,18,0,2,1,0,75.03
2005,6,8,21,2,249,67.5,18,0,2,0,0,67.5
2005,6,8,21,2,249,70.01,18,0,2,0,0,70.01
2005,6,8,21,2,249,72.52,18,0,2,0,0,72.52
2005,6,8,21,2,249,75.03,18,0,2,0,0,75.03
2005,6,8,22,2,249,67.5,18,0,2,1,0,67.5
2005,6,8,22,2,249,70.01,18,0,2,0,0,70.01
2005,6,8,22,2,249,72.52,18,0,2,0,0,72.52
2005,6,8,22,2,249,75.03,18,0,2,0,0,75.03
2005,6,8,23,2,249,67.5,18,0,2,1,0,67.5
2005,6,8,23,2,249,70.01,18,0,2,0,0,70.01
2005,6,8,23,2,249,72.52,18,0,2,0,0,72.52
2005,6,8,23,2,249,75.03,18,0,2,0,0,75.03
2005,6,8,24,2,249,67.5,18,0,2,0,0,67.5
2005,6,8,24,2,249,70.01,18,0,2,0,0,70.01
2005,6,8,24,2,249,72.52,18,0,2,0,0,72.52
2005,6,8,24,2,249,75.03,18,0,2,0,0,75.03
2005,6,8,1,2,1111,0,205,.956255,2,1,0,0
2005,6,8,1,2,1111,33.32,18.6,.956255,2,1,0,40.115166
2005,6,8,1,2,1111,33.36,18.6,.956255,2,1,0,40.115166
2005,6,8,1,2,1111,33.4,18.6,.956255,2,1,0,40.115166
2005,6,8,1,2,1111,33.44,18.6,.956255,2,1,0,40.115166
2005,6,8,1,2,1111,33.48,18.6,.956255,2,1,0,40.115166
2005,6,8,1,2,1111,33.51,18.6,.956255,2,1,0,40.115166
2005,6,8,1,2,1111,33.55,18.4,.956255,2,1,0,40.115166
2005,6,8,1,2,1111,120.08,17.2,.956255,2,0,0,120.08
2005,6,8,2,2,1111,0,170,.956255,2,1,0,0
2005,6,8,2,2,1111,11.01,35,.956255,2,1,0,40.115166
2005,6,8,2,2,1111,33.99,18.6,.956255,2,1,0,40.115166
2005,6,8,2,2,1111,34.03,18.6,.956255,2,1,0,40.115166
2005,6,8,2,2,1111,34.07,18.6,.956255,2,1,0,40.115166
2005,6,8,2,2,1111,34.11,18.6,.956255,2,1,0,40.115166
2005,6,8,2,2,1111,34.15,18.6,.956255,2,1,0,40.115166
2005,6,8,2,2,1111,34.19,18.6,.956255,2,1,0,40.115166
2005,6,8,2,2,1111,34.23,18.4,.956255,2,1,0,40.115166
2005,6,8,2,2,1111,120.09,17.2,.956255,2,0,0,120.09
2005,6,8,3,2,1111,0,170,.956255,2,1,0,0
2005,6,8,3,2,1111,11.01,35,.956255,2,1,0,40.115166
2005,6,8,3,2,1111,34.33,18.6,.956255,2,1,0,40.115166
2005,6,8,3,2,1111,34.38,18.6,.956255,2,1,0,40.115166
2005,6,8,3,2,1111,34.42,18.6,.956255,2,1,0,40.115166
2005,6,8,3,2,1111,34.46,18.6,.956255,2,1,0,40.115166
2005,6,8,3,2,1111,34.5,18.6,.956255,2,1,0,40.115166
2005,6,8,3,2,1111,34.55,18.6,.956255,2,1,0,40.115166
2005,6,8,3,2,1111,34.59,18.4,.956255,2,1,0,40.115166
2005,6,8,3,2,1111,120.09,17.2,.956255,2,0,0,120.09
2005,6,8,4,2,1111,0,170,.956255,2,1,0,0
2005,6,8,4,2,1111,11.01,35,.956255,2,1,0,40.115166
2005,6,8,4,2,1111,34.43,18.6,.956255,2,1,0,40.115166
2005,6,8,4,2,1111,34.48,18.6,.956255,2,1,0,40.115166
2005,6,8,4,2,1111,34.52,18.6,.956255,2,1,0,40.115166
2005,6,8,4,2,1111,34.56,18.6,.956255,2,1,0,40.115166
2005,6,8,4,2,1111,34.6,18.6,.956255,2,1,0,40.115166
2005,6,8,4,2,1111,34.65,18.6,.956255,2,1,0,40.115166
2005,6,8,4,2,1111,34.69,18.4,.956255,2,1,0,40.115166
2005,6,8,4,2,1111,120.09,17.2,.956255,2,0,0,120.09
2005,6,8,5,2,1111,0,170,.956255,2,1,0,0
2005,6,8,5,2,1111,11.01,35,.956255,2,1,0,40.115166
2005,6,8,5,2,1111,34.62,18.6,.956255,2,1,0,40.115166
2005,6,8,5,2,1111,34.67,18.6,.956255,2,1,0,40.115166
2005,6,8,5,2,1111,34.71,18.6,.956255,2,1,0,40.115166
2005,6,8,5,2,1111,34.75,18.6,.956255,2,1,0,40.115166
2005,6,8,5,2,1111,34.8,18.6,.956255,2,1,0,40.115166
2005,6,8,5,2,1111,34.84,18.6,.956255,2,1,0,40.115166
2005,6,8,5,2,1111,34.88,18.4,.956255,2,1,0,40.115166
2005,6,8,5,2,1111,120.09,17.2,.956255,2,0,0,120.09
2005,6,8,6,2,1111,0,170,.956255,2,1,0,0
2005,6,8,6,2,1111,11.01,35,.956255,2,1,0,40.115166
2005,6,8,6,2,1111,34.51,18.6,.956255,2,1,0,40.115166
2005,6,8,6,2,1111,34.55,18.6,.956255,2,1,0,40.115166
2005,6,8,6,2,1111,34.6,18.6,.956255,2,1,0,40.115166
2005,6,8,6,2,1111,34.64,18.6,.956255,2,1,0,40.115166
2005,6,8,6,2,1111,34.68,18.6,.956255,2,1,0,40.115166
2005,6,8,6,2,1111,34.72,18.6,.956255,2,1,0,40.115166
2005,6,8,6,2,1111,34.77,18.4,.956255,2,1,0,40.115166
2005,6,8,6,2,1111,120.09,17.2,.956255,2,0,0,120.09
2005,6,8,7,2,1111,0,170,.956255,2,1,0,0
2005,6,8,7,2,1111,11.01,35,.956255,2,1,0,40.115166
2005,6,8,7,2,1111,34.22,18.6,.956255,2,1,0,40.115166
2005,6,8,7,2,1111,34.26,18.6,.956255,2,1,0,40.115166
2005,6,8,7,2,1111,34.31,18.6,.956255,2,1,0,40.115166
2005,6,8,7,2,1111,34.35,18.6,.956255,2,1,0,40.115166
2005,6,8,7,2,1111,34.39,18.6,.956255,2,1,0,40.115166
2005,6,8,7,2,1111,34.43,18.6,.956255,2,1,0,40.115166
2005,6,8,7,2,1111,34.47,18.4,.956255,2,1,0,40.115166
2005,6,8,7,2,1111,120.09,17.2,.956255,2,0,0,120.09
2005,6,8,8,2,1111,0,170,.956255,2,1,0,0
2005,6,8,8,2,1111,11.01,35,.956255,2,1,0,40.115166
2005,6,8,8,2,1111,34.14,18.6,.956255,2,1,0,40.115166
2005,6,8,8,2,1111,34.18,18.6,.956255,2,1,0,40.115166
2005,6,8,8,2,1111,34.22,18.6,.956255,2,1,0,40.115166
2005,6,8,8,2,1111,34.26,18.6,.956255,2,1,0,40.115166
2005,6,8,8,2,1111,34.3,18.6,.956255,2,1,0,40.115166
2005,6,8,8,2,1111,34.34,18.6,.956255,2,1,0,40.115166
2005,6,8,8,2,1111,34.38,18.4,.956255,2,1,0,40.115166
2005,6,8,8,2,1111,120.09,17.2,.956255,2,0,0,120.09
2005,6,8,9,2,1111,0,205,.956255,2,1,0,0
2005,6,8,9,2,1111,33.54,18.6,.956255,2,1,0,40.115166
2005,6,8,9,2,1111,33.58,18.6,.956255,2,1,0,40.115166
2005,6,8,9,2,1111,33.62,18.6,.956255,2,1,0,40.115166
2005,6,8,9,2,1111,33.66,18.6,.956255,2,1,0,40.115166
2005,6,8,9,2,1111,33.69,18.6,.956255,2,1,0,40.115166
2005,6,8,9,2,1111,33.73,18.6,.956255,2,1,0,40.115166
2005,6,8,9,2,1111,33.77,18.4,.956255,2,1,0,40.115166
2005,6,8,9,2,1111,120.08,17.2,.956255,2,0,0,120.08
2005,6,8,10,2,1111,0,205,.956255,2,1,0,0
2005,6,8,10,2,1111,33.1,18.6,.956255,2,1,0,40.115166
2005,6,8,10,2,1111,33.14,18.6,.956255,2,1,0,40.115166
2005,6,8,10,2,1111,33.18,18.6,.956255,2,1,0,40.115166
2005,6,8,10,2,1111,33.21,18.6,.956255,2,1,0,40.115166
2005,6,8,10,2,1111,33.25,18.6,.956255,2,1,0,40.115166
2005,6,8,10,2,1111,33.29,18.6,.956255,2,1,0,40.115166
2005,6,8,10,2,1111,33.32,18.4,.956255,2,1,0,40.115166
2005,6,8,10,2,1111,120.08,17.2,.956255,2,0,0,120.08
2005,6,8,11,2,1111,0,205,.956255,2,1,0,0
2005,6,8,11,2,1111,33.17,18.6,.956255,2,1,0,40.115166
2005,6,8,11,2,1111,33.2,18.6,.956255,2,1,0,40.115166
2005,6,8,11,2,1111,33.24,18.6,.956255,2,1,0,40.115166
2005,6,8,11,2,1111,33.27,18.6,.956255,2,1,0,40.115166
2005,6,8,11,2,1111,33.31,18.6,.956255,2,1,0,40.115166
2005,6,8,11,2,1111,33.34,18.6,.956255,2,1,0,40.115166
2005,6,8,11,2,1111,33.38,18.4,.956255,2,1,0,40.115166
2005,6,8,11,2,1111,120.08,17.2,.956255,2,0,0,120.08
2005,6,8,12,2,1111,0,205,.956255,2,1,0,0
2005,6,8,12,2,1111,14.59,37.2,.956255,2,1,0,40.115166
2005,6,8,12,2,1111,33.03,18.6,.956255,2,1,0,40.115166
2005,6,8,12,2,1111,33.06,18.6,.956255,2,1,0,40.115166
2005,6,8,12,2,1111,33.09,18.6,.956255,2,1,0,40.115166
2005,6,8,12,2,1111,33.13,18.6,.956255,2,1,0,40.115166
2005,6,8,12,2,1111,33.16,18.4,.956255,2,1,0,40.115166
2005,6,8,12,2,1111,120.07,17.2,.956255,2,0,0,120.07
2005,6,8,13,2,1111,0,205,.956255,2,1,0,0
2005,6,8,13,2,1111,14.59,130,.956255,2,1,0,40.115166
2005,6,8,13,2,1111,120.02,17.2,.956255,2,0,0,120.02
2005,6,8,14,2,1111,0,205,.956255,2,1,0,0
2005,6,8,14,2,1111,33.07,18.6,.956255,2,1,0,40.115166
2005,6,8,14,2,1111,33.11,18.6,.956255,2,1,0,40.115166
2005,6,8,14,2,1111,33.14,18.6,.956255,2,1,0,40.115166
2005,6,8,14,2,1111,33.18,18.6,.956255,2,1,0,40.115166
2005,6,8,14,2,1111,33.21,18.6,.956255,2,1,0,40.115166
2005,6,8,14,2,1111,33.25,18.6,.956255,2,1,0,40.115166
2005,6,8,14,2,1111,33.28,18.4,.956255,2,1,0,40.115166
2005,6,8,14,2,1111,120.08,17.2,.956255,2,0,0,120.08
2005,6,8,15,2,1111,0,205,.956255,2,1,0,0
2005,6,8,15,2,1111,33.02,18.6,.956255,2,1,0,40.115166
2005,6,8,15,2,1111,33.06,18.6,.956255,2,1,0,40.115166
2005,6,8,15,2,1111,33.09,18.6,.956255,2,1,0,40.115166
2005,6,8,15,2,1111,33.13,18.6,.956255,2,1,0,40.115166
2005,6,8,15,2,1111,33.16,18.6,.956255,2,1,0,40.115166
2005,6,8,15,2,1111,33.2,18.6,.956255,2,1,0,40.115166
2005,6,8,15,2,1111,33.23,18.4,.956255,2,1,0,40.115166
2005,6,8,15,2,1111,120.08,17.2,.956255,2,0,0,120.08
2005,6,8,16,2,1111,0,205,.956255,2,1,0,0
2005,6,8,16,2,1111,14.59,74.4,.956255,2,1,0,40.115166
2005,6,8,16,2,1111,33.03,18.6,.956255,2,1,0,40.115166
2005,6,8,16,2,1111,33.06,18.6,.956255,2,1,0,40.115166
2005,6,8,16,2,1111,33.1,18.4,.956255,2,1,0,40.115166
2005,6,8,16,2,1111,120.05,17.2,.956255,2,0,0,120.05
2005,6,8,17,2,1111,0,205,.956255,2,1,0,0
2005,6,8,17,2,1111,14.59,55.8,.956255,2,1,0,40.115166
2005,6,8,17,2,1111,33.02,18.6,.956255,2,1,0,40.115166
2005,6,8,17,2,1111,33.06,18.6,.956255,2,1,0,40.115166
2005,6,8,17,2,1111,33.09,18.6,.956255,2,1,0,40.115166
2005,6,8,17,2,1111,33.13,18.4,.956255,2,1,0,40.115166
2005,6,8,17,2,1111,120.06,17.2,.956255,2,0,0,120.06
2005,6,8,18,2,1111,0,205,.956255,2,1,0,0
2005,6,8,18,2,1111,14.59,130,.956255,2,1,0,40.115166
2005,6,8,18,2,1111,120.02,17.2,.956255,2,0,0,120.02
2005,6,8,19,2,1111,0,205,.956255,2,1,0,0
2005,6,8,19,2,1111,14.59,130,.956255,2,1,0,40.115166
2005,6,8,19,2,1111,120.02,17.2,.956255,2,0,0,120.02
2005,6,8,20,2,1111,0,205,.956255,2,1,0,0
2005,6,8,20,2,1111,33.3,18.6,.956255,2,1,0,40.115166
2005,6,8,20,2,1111,33.33,18.6,.956255,2,1,0,40.115166
2005,6,8,20,2,1111,33.37,18.6,.956255,2,1,0,40.115166
2005,6,8,20,2,1111,33.41,18.6,.956255,2,1,0,40.115166
2005,6,8,20,2,1111,33.44,18.6,.956255,2,1,0,40.115166
2005,6,8,20,2,1111,33.48,18.6,.956255,2,1,0,40.115166
2005,6,8,20,2,1111,33.51,18.4,.956255,2,1,0,40.115166
2005,6,8,20,2,1111,120.08,17.2,.956255,2,0,0,120.08
2005,6,8,21,2,1111,0,205,.956255,2,1,0,0
2005,6,8,21,2,1111,33.58,18.6,.956255,2,1,0,40.115166
2005,6,8,21,2,1111,33.61,18.6,.956255,2,1,0,40.115166
2005,6,8,21,2,1111,33.65,18.6,.956255,2,1,0,40.115166
2005,6,8,21,2,1111,33.69,18.6,.956255,2,1,0,40.115166
2005,6,8,21,2,1111,33.72,18.6,.956255,2,1,0,40.115166
2005,6,8,21,2,1111,33.76,18.6,.956255,2,1,0,40.115166
2005,6,8,21,2,1111,33.8,18.4,.956255,2,1,0,40.115166
2005,6,8,21,2,1111,120.08,17.2,.956255,2,0,0,120.08
2005,6,8,22,2,1111,0,205,.956255,2,1,0,0
2005,6,8,22,2,1111,33.5,18.6,.956255,2,1,0,40.115166
2005,6,8,22,2,1111,33.54,18.6,.956255,2,1,0,40.115166
2005,6,8,22,2,1111,33.58,18.6,.956255,2,1,0,40.115166
2005,6,8,22,2,1111,33.61,18.6,.956255,2,1,0,40.115166
2005,6,8,22,2,1111,33.65,18.6,.956255,2,1,0,40.115166
2005,6,8,22,2,1111,33.69,18.6,.956255,2,1,0,40.115166
2005,6,8,22,2,1111,33.72,18.4,.956255,2,1,0,40.115166
2005,6,8,22,2,1111,120.08,17.2,.956255,2,0,0,120.08
2005,6,8,23,2,1111,0,205,.956255,2,1,0,0
2005,6,8,23,2,1111,33.33,18.6,.956255,2,1,0,40.115166
2005,6,8,23,2,1111,33.37,18.6,.956255,2,1,0,40.115166
2005,6,8,23,2,1111,33.41,18.6,.956255,2,1,0,40.115166
2005,6,8,23,2,1111,33.45,18.6,.956255,2,1,0,40.115166
2005,6,8,23,2,1111,33.48,18.6,.956255,2,1,0,40.115166
2005,6,8,23,2,1111,33.52,18.6,.956255,2,1,0,40.115166
2005,6,8,23,2,1111,33.56,18.4,.956255,2,1,0,40.115166
2005,6,8,23,2,1111,120.08,17.2,.956255,2,0,0,120.08
2005,6,8,24,2,1111,0,170,.956255,2,1,0,0
2005,6,8,24,2,1111,11.01,35,.956255,2,1,0,40.115166
2005,6,8,24,2,1111,33.95,18.6,.956255,2,1,0,40.115166
2005,6,8,24,2,1111,33.99,18.6,.956255,2,1,0,40.115166
2005,6,8,24,2,1111,34.03,18.6,.956255,2,1,0,40.115166
2005,6,8,24,2,1111,34.07,18.6,.956255,2,1,0,40.115166
2005,6,8,24,2,1111,34.11,18.6,.956255,2,1,0,40.115166
2005,6,8,24,2,1111,34.15,18.6,.956255,2,1,0,40.115166
2005,6,8,24,2,1111,34.19,18.4,.956255,2,1,0,40.115166
2005,6,8,24,2,1111,120.09,17.2,.956255,2,0,0,120.09
2005,6,8,1,2,1112,0,205,.956255,2,1,0,0
2005,6,8,1,2,1112,33.52,18.6,.956255,2,1,0,40.111622
2005,6,8,1,2,1112,33.56,18.6,.956255,2,1,0,40.111622
2005,6,8,1,2,1112,33.6,18.6,.956255,2,1,0,40.111622
2005,6,8,1,2,1112,33.64,18.6,.956255,2,1,0,40.111622
2005,6,8,1,2,1112,33.68,18.6,.956255,2,1,0,40.111622
2005,6,8,1,2,1112,33.72,18.6,.956255,2,1,0,40.111622
2005,6,8,1,2,1112,33.76,18.4,.956255,2,1,0,40.111622
2005,6,8,1,2,1112,120.08,17.1,.956255,2,0,0,120.08
2005,6,8,2,2,1112,0,170,.956255,2,1,0,0
2005,6,8,2,2,1112,11.01,35,.956255,2,1,0,40.111622
2005,6,8,2,2,1112,34.21,18.6,.956255,2,1,0,40.111622
2005,6,8,2,2,1112,34.25,18.6,.956255,2,1,0,40.111622
2005,6,8,2,2,1112,34.29,18.6,.956255,2,1,0,40.111622
2005,6,8,2,2,1112,34.33,18.6,.956255,2,1,0,40.111622
2005,6,8,2,2,1112,34.37,18.6,.956255,2,1,0,40.111622
2005,6,8,2,2,1112,34.41,18.6,.956255,2,1,0,40.111622
2005,6,8,2,2,1112,34.45,18.4,.956255,2,1,0,40.111622
2005,6,8,2,2,1112,120.09,17.1,.956255,2,0,0,120.09
2005,6,8,3,2,1112,0,170,.956255,2,1,0,0
2005,6,8,3,2,1112,11.01,35,.956255,2,1,0,40.111622
2005,6,8,3,2,1112,34.56,18.6,.956255,2,1,0,40.111622
2005,6,8,3,2,1112,34.6,18.6,.956255,2,1,0,40.111622
2005,6,8,3,2,1112,34.65,18.6,.956255,2,1,0,40.111622
2005,6,8,3,2,1112,34.69,18.6,.956255,2,1,0,40.111622
2005,6,8,3,2,1112,34.73,18.6,.956255,2,1,0,40.111622
2005,6,8,3,2,1112,34.77,18.6,.956255,2,1,0,40.111622
2005,6,8,3,2,1112,34.81,18.4,.956255,2,1,0,40.111622
2005,6,8,3,2,1112,120.09,17.1,.956255,2,0,0,120.09
2005,6,8,4,2,1112,0,170,.956255,2,1,0,0
2005,6,8,4,2,1112,11.01,35,.956255,2,1,0,40.111622
2005,6,8,4,2,1112,34.66,18.6,.956255,2,1,0,40.111622
2005,6,8,4,2,1112,34.7,18.6,.956255,2,1,0,40.111622
2005,6,8,4,2,1112,34.75,18.6,.956255,2,1,0,40.111622
2005,6,8,4,2,1112,34.79,18.6,.956255,2,1,0,40.111622
2005,6,8,4,2,1112,34.83,18.6,.956255,2,1,0,40.111622
2005,6,8,4,2,1112,34.88,18.6,.956255,2,1,0,40.111622
2005,6,8,4,2,1112,34.92,18.4,.956255,2,1,0,40.111622
2005,6,8,4,2,1112,120.09,17.1,.956255,2,0,0,120.09
2005,6,8,5,2,1112,0,170,.956255,2,1,0,0
2005,6,8,5,2,1112,11.01,35,.956255,2,1,0,40.111622
2005,6,8,5,2,1112,34.85,18.6,.956255,2,1,0,40.111622
2005,6,8,5,2,1112,34.9,18.6,.956255,2,1,0,40.111622
2005,6,8,5,2,1112,34.94,18.6,.956255,2,1,0,40.111622
2005,6,8,5,2,1112,34.98,18.6,.956255,2,1,0,40.111622
2005,6,8,5,2,1112,35.03,18.6,.956255,2,1,0,40.111622
2005,6,8,5,2,1112,35.07,18.6,.956255,2,1,0,40.111622
2005,6,8,5,2,1112,35.11,18.4,.956255,2,1,0,40.111622
2005,6,8,5,2,1112,120.09,17.1,.956255,2,0,0,120.09
2005,6,8,6,2,1112,0,170,.956255,2,1,0,0
2005,6,8,6,2,1112,11.01,35,.956255,2,1,0,40.111622
2005,6,8,6,2,1112,34.74,18.6,.956255,2,1,0,40.111622
2005,6,8,6,2,1112,34.78,18.6,.956255,2,1,0,40.111622
2005,6,8,6,2,1112,34.82,18.6,.956255,2,1,0,40.111622
2005,6,8,6,2,1112,34.87,18.6,.956255,2,1,0,40.111622
2005,6,8,6,2,1112,34.91,18.6,.956255,2,1,0,40.111622
2005,6,8,6,2,1112,34.95,18.6,.956255,2,1,0,40.111622
2005,6,8,6,2,1112,35,18.4,.956255,2,1,0,40.111622
2005,6,8,6,2,1112,120.09,17.1,.956255,2,0,0,120.09
2005,6,8,7,2,1112,0,170,.956255,2,1,0,0
2005,6,8,7,2,1112,11.01,35,.956255,2,1,0,40.111622
2005,6,8,7,2,1112,34.44,18.6,.956255,2,1,0,40.111622
2005,6,8,7,2,1112,34.49,18.6,.956255,2,1,0,40.111622
2005,6,8,7,2,1112,34.53,18.6,.956255,2,1,0,40.111622
2005,6,8,7,2,1112,34.57,18.6,.956255,2,1,0,40.111622
2005,6,8,7,2,1112,34.61,18.6,.956255,2,1,0,40.111622
2005,6,8,7,2,1112,34.65,18.6,.956255,2,1,0,40.111622
2005,6,8,7,2,1112,34.69,18.4,.956255,2,1,0,40.111622
2005,6,8,7,2,1112,120.09,17.1,.956255,2,0,0,120.09
2005,6,8,8,2,1112,0,170,.956255,2,1,0,0
2005,6,8,8,2,1112,11.01,35,.956255,2,1,0,40.111622
2005,6,8,8,2,1112,34.35,18.6,.956255,2,1,0,40.111622
2005,6,8,8,2,1112,34.4,18.6,.956255,2,1,0,40.111622
2005,6,8,8,2,1112,34.44,18.6,.956255,2,1,0,40.111622
2005,6,8,8,2,1112,34.48,18.6,.956255,2,1,0,40.111622
2005,6,8,8,2,1112,34.52,18.6,.956255,2,1,0,40.111622
2005,6,8,8,2,1112,34.56,18.6,.956255,2,1,0,40.111622
2005,6,8,8,2,1112,34.6,18.4,.956255,2,1,0,40.111622
2005,6,8,8,2,1112,120.09,17.1,.956255,2,0,0,120.09
2005,6,8,9,2,1112,0,205,.956255,2,1,0,0
2005,6,8,9,2,1112,33.74,18.6,.956255,2,1,0,40.111622
2005,6,8,9,2,1112,33.78,18.6,.956255,2,1,0,40.111622
2005,6,8,9,2,1112,33.82,18.6,.956255,2,1,0,40.111622
2005,6,8,9,2,1112,33.86,18.6,.956255,2,1,0,40.111622
2005,6,8,9,2,1112,33.89,18.6,.956255,2,1,0,40.111622
2005,6,8,9,2,1112,33.93,18.6,.956255,2,1,0,40.111622
2005,6,8,9,2,1112,33.97,18.4,.956255,2,1,0,40.111622
2005,6,8,9,2,1112,120.08,17.1,.956255,2,0,0,120.08
2005,6,8,10,2,1112,0,205,.956255,2,1,0,0
2005,6,8,10,2,1112,33.29,18.6,.956255,2,1,0,40.111622
2005,6,8,10,2,1112,33.33,18.6,.956255,2,1,0,40.111622
2005,6,8,10,2,1112,33.36,18.6,.956255,2,1,0,40.111622
2005,6,8,10,2,1112,33.4,18.6,.956255,2,1,0,40.111622
2005,6,8,10,2,1112,33.44,18.6,.956255,2,1,0,40.111622
2005,6,8,10,2,1112,33.47,18.6,.956255,2,1,0,40.111622
2005,6,8,10,2,1112,33.51,18.4,.956255,2,1,0,40.111622
2005,6,8,10,2,1112,120.08,17.1,.956255,2,0,0,120.08
2005,6,8,11,2,1112,0,205,.956255,2,1,0,0
2005,6,8,11,2,1112,33.35,18.6,.956255,2,1,0,40.111622
2005,6,8,11,2,1112,33.38,18.6,.956255,2,1,0,40.111622
2005,6,8,11,2,1112,33.42,18.6,.956255,2,1,0,40.111622
2005,6,8,11,2,1112,33.45,18.6,.956255,2,1,0,40.111622
2005,6,8,11,2,1112,33.49,18.6,.956255,2,1,0,40.111622
2005,6,8,11,2,1112,33.52,18.6,.956255,2,1,0,40.111622
2005,6,8,11,2,1112,33.56,18.4,.956255,2,1,0,40.111622
2005,6,8,11,2,1112,120.08,17.1,.956255,2,0,0,120.08
2005,6,8,12,2,1112,0,205,.956255,2,1,0,0
2005,6,8,12,2,1112,33.14,18.6,.956255,2,1,0,40.111622
2005,6,8,12,2,1112,33.17,18.6,.956255,2,1,0,40.111622
2005,6,8,12,2,1112,33.21,18.6,.956255,2,1,0,40.111622
2005,6,8,12,2,1112,33.24,18.6,.956255,2,1,0,40.111622
2005,6,8,12,2,1112,33.28,18.6,.956255,2,1,0,40.111622
2005,6,8,12,2,1112,33.31,18.6,.956255,2,1,0,40.111622
2005,6,8,12,2,1112,33.35,18.4,.956255,2,1,0,40.111622
2005,6,8,12,2,1112,120.08,17.1,.956255,2,0,0,120.08
2005,6,8,13,2,1112,0,205,.956255,2,1,0,0
2005,6,8,13,2,1112,14.6,37.2,.956255,2,1,0,40.111622
2005,6,8,13,2,1112,33.03,18.6,.956255,2,1,0,40.111622
2005,6,8,13,2,1112,33.07,18.6,.956255,2,1,0,40.111622
2005,6,8,13,2,1112,33.1,18.6,.956255,2,1,0,40.111622
2005,6,8,13,2,1112,33.14,18.6,.956255,2,1,0,40.111622
2005,6,8,13,2,1112,33.17,18.4,.956255,2,1,0,40.111622
2005,6,8,13,2,1112,120.07,17.1,.956255,2,0,0,120.07
2005,6,8,14,2,1112,0,205,.956255,2,1,0,0
2005,6,8,14,2,1112,33.25,18.6,.956255,2,1,0,40.111622
2005,6,8,14,2,1112,33.28,18.6,.956255,2,1,0,40.111622
2005,6,8,14,2,1112,33.32,18.6,.956255,2,1,0,40.111622
2005,6,8,14,2,1112,33.35,18.6,.956255,2,1,0,40.111622
2005,6,8,14,2,1112,33.39,18.6,.956255,2,1,0,40.111622
2005,6,8,14,2,1112,33.42,18.6,.956255,2,1,0,40.111622
2005,6,8,14,2,1112,33.45,18.4,.956255,2,1,0,40.111622
2005,6,8,14,2,1112,120.08,17.1,.956255,2,0,0,120.08
2005,6,8,15,2,1112,0,205,.956255,2,1,0,0
2005,6,8,15,2,1112,33.2,18.6,.956255,2,1,0,40.111622
2005,6,8,15,2,1112,33.23,18.6,.956255,2,1,0,40.111622
2005,6,8,15,2,1112,33.27,18.6,.956255,2,1,0,40.111622
2005,6,8,15,2,1112,33.31,18.6,.956255,2,1,0,40.111622
2005,6,8,15,2,1112,33.34,18.6,.956255,2,1,0,40.111622
2005,6,8,15,2,1112,33.38,18.6,.956255,2,1,0,40.111622
2005,6,8,15,2,1112,33.41,18.4,.956255,2,1,0,40.111622
2005,6,8,15,2,1112,120.08,17.1,.956255,2,0,0,120.08
2005,6,8,16,2,1112,0,205,.956255,2,1,0,0
2005,6,8,16,2,1112,33.09,18.6,.956255,2,1,0,40.111622
2005,6,8,16,2,1112,33.13,18.6,.956255,2,1,0,40.111622
2005,6,8,16,2,1112,33.16,18.6,.956255,2,1,0,40.111622
2005,6,8,16,2,1112,33.2,18.6,.956255,2,1,0,40.111622
2005,6,8,16,2,1112,33.23,18.6,.956255,2,1,0,40.111622
2005,6,8,16,2,1112,33.27,18.6,.956255,2,1,0,40.111622
2005,6,8,16,2,1112,33.31,18.4,.956255,2,1,0,40.111622
2005,6,8,16,2,1112,120.08,17.1,.956255,2,0,0,120.08
2005,6,8,17,2,1112,0,205,.956255,2,1,0,0
2005,6,8,17,2,1112,33.11,18.6,.956255,2,1,0,40.111622
2005,6,8,17,2,1112,33.15,18.6,.956255,2,1,0,40.111622
2005,6,8,17,2,1112,33.18,18.6,.956255,2,1,0,40.111622
2005,6,8,17,2,1112,33.22,18.6,.956255,2,1,0,40.111622
2005,6,8,17,2,1112,33.25,18.6,.956255,2,1,0,40.111622
2005,6,8,17,2,1112,33.29,18.6,.956255,2,1,0,40.111622
2005,6,8,17,2,1112,33.32,18.4,.956255,2,1,0,40.111622
2005,6,8,17,2,1112,120.08,17.1,.956255,2,0,0,120.08
2005,6,8,18,2,1112,0,205,.956255,2,1,0,0
2005,6,8,18,2,1112,14.6,74.4,.956255,2,1,0,40.111622
2005,6,8,18,2,1112,33.04,18.6,.956255,2,1,0,40.111622
2005,6,8,18,2,1112,33.07,18.6,.956255,2,1,0,40.111622
2005,6,8,18,2,1112,33.11,18.4,.956255,2,1,0,40.111622
2005,6,8,18,2,1112,120.05,17.1,.956255,2,0,0,120.05
2005,6,8,19,2,1112,0,205,.956255,2,1,0,0
2005,6,8,19,2,1112,33.03,18.6,.956255,2,1,0,40.111622
2005,6,8,19,2,1112,33.06,18.6,.956255,2,1,0,40.111622
2005,6,8,19,2,1112,33.1,18.6,.956255,2,1,0,40.111622
2005,6,8,19,2,1112,33.13,18.6,.956255,2,1,0,40.111622
2005,6,8,19,2,1112,33.17,18.6,.956255,2,1,0,40.111622
2005,6,8,19,2,1112,33.2,18.6,.956255,2,1,0,40.111622
2005,6,8,19,2,1112,33.24,18.4,.956255,2,1,0,40.111622
2005,6,8,19,2,1112,120.08,17.1,.956255,2,0,0,120.08
2005,6,8,20,2,1112,0,205,.956255,2,1,0,0
2005,6,8,20,2,1112,33.48,18.6,.956255,2,1,0,40.111622
2005,6,8,20,2,1112,33.52,18.6,.956255,2,1,0,40.111622
2005,6,8,20,2,1112,33.55,18.6,.956255,2,1,0,40.111622
2005,6,8,20,2,1112,33.59,18.6,.956255,2,1,0,40.111622
2005,6,8,20,2,1112,33.62,18.6,.956255,2,1,0,40.111622
2005,6,8,20,2,1112,33.66,18.6,.956255,2,1,0,40.111622
2005,6,8,20,2,1112,33.69,18.4,.956255,2,1,0,40.111622
2005,6,8,20,2,1112,120.08,17.1,.956255,2,0,0,120.08
2005,6,8,21,2,1112,0,205,.956255,2,1,0,0
2005,6,8,21,2,1112,33.76,18.6,.956255,2,1,0,40.111622
2005,6,8,21,2,1112,33.8,18.6,.956255,2,1,0,40.111622
2005,6,8,21,2,1112,33.84,18.6,.956255,2,1,0,40.111622
2005,6,8,21,2,1112,33.87,18.6,.956255,2,1,0,40.111622
2005,6,8,21,2,1112,33.91,18.6,.956255,2,1,0,40.111622
2005,6,8,21,2,1112,33.95,18.6,.956255,2,1,0,40.111622
2005,6,8,21,2,1112,33.99,18.4,.956255,2,1,0,40.111622
2005,6,8,21,2,1112,120.08,17.1,.956255,2,0,0,120.08
2005,6,8,22,2,1112,0,205,.956255,2,1,0,0
2005,6,8,22,2,1112,33.69,18.6,.956255,2,1,0,40.111622
2005,6,8,22,2,1112,33.73,18.6,.956255,2,1,0,40.111622
2005,6,8,22,2,1112,33.77,18.6,.956255,2,1,0,40.111622
2005,6,8,22,2,1112,33.8,18.6,.956255,2,1,0,40.111622
2005,6,8,22,2,1112,33.84,18.6,.956255,2,1,0,40.111622
2005,6,8,22,2,1112,33.88,18.6,.956255,2,1,0,40.111622
2005,6,8,22,2,1112,33.92,18.4,.956255,2,1,0,40.111622
2005,6,8,22,2,1112,120.08,17.1,.956255,2,0,0,120.08
2005,6,8,23,2,1112,0,205,.956255,2,1,0,0
2005,6,8,23,2,1112,33.52,18.6,.956255,2,1,0,40.111622
2005,6,8,23,2,1112,33.56,18.6,.956255,2,1,0,40.111622
2005,6,8,23,2,1112,33.6,18.6,.956255,2,1,0,40.111622
2005,6,8,23,2,1112,33.64,18.6,.956255,2,1,0,40.111622
2005,6,8,23,2,1112,33.67,18.6,.956255,2,1,0,40.111622
2005,6,8,23,2,1112,33.71,18.6,.956255,2,1,0,40.111622
2005,6,8,23,2,1112,33.75,18.4,.956255,2,1,0,40.111622
2005,6,8,23,2,1112,120.08,17.1,.956255,2,0,0,120.08
2005,6,8,24,2,1112,0,170,.956255,2,1,0,0
2005,6,8,24,2,1112,11.01,35,.956255,2,1,0,40.111622
2005,6,8,24,2,1112,34.16,18.6,.956255,2,1,0,40.111622
2005,6,8,24,2,1112,34.2,18.6,.956255,2,1,0,40.111622
2005,6,8,24,2,1112,34.24,18.6,.956255,2,1,0,40.111622
2005,6,8,24,2,1112,34.28,18.6,.956255,2,1,0,40.111622
2005,6,8,24,2,1112,34.31,18.6,.956255,2,1,0,40.111622
2005,6,8,24,2,1112,34.35,18.6,.956255,2,1,0,40.111622
2005,6,8,24,2,1112,34.39,18.4,.956255,2,1,0,40.111622
2005,6,8,24,2,1112,120.09,17.1,.956255,2,0,0,120.09
2005,6,8,1,2,1113,0,205,.956255,2,1,0,0
2005,6,8,1,2,1113,33.73,18.6,.956255,2,1,0,40.110204
2005,6,8,1,2,1113,33.77,18.6,.956255,2,1,0,40.110204
2005,6,8,1,2,1113,33.81,18.6,.956255,2,1,0,40.110204
2005,6,8,1,2,1113,33.85,18.6,.956255,2,1,0,40.110204
2005,6,8,1,2,1113,33.88,18.6,.956255,2,1,0,40.110204
2005,6,8,1,2,1113,33.92,18.6,.956255,2,1,0,40.110204
2005,6,8,1,2,1113,33.96,18.4,.956255,2,1,0,40.110204
2005,6,8,1,2,1113,120.08,16.4,.956255,2,0,0,120.08
2005,6,8,2,2,1113,0,170,.956255,2,1,0,0
2005,6,8,2,2,1113,11.01,35,.956255,2,1,0,40.110204
2005,6,8,2,2,1113,34.42,18.6,.956255,2,1,0,40.110204
2005,6,8,2,2,1113,34.47,18.6,.956255,2,1,0,40.110204
2005,6,8,2,2,1113,34.51,18.6,.956255,2,1,0,40.110204
2005,6,8,2,2,1113,34.55,18.6,.956255,2,1,0,40.110204
2005,6,8,2,2,1113,34.59,18.6,.956255,2,1,0,40.110204
2005,6,8,2,2,1113,34.63,18.6,.956255,2,1,0,40.110204
2005,6,8,2,2,1113,34.67,18.4,.956255,2,1,0,40.110204
2005,6,8,2,2,1113,120.09,16.4,.956255,2,0,0,120.09
2005,6,8,3,2,1113,0,170,.956255,2,1,0,0
2005,6,8,3,2,1113,11.01,35,.956255,2,1,0,40.110204
2005,6,8,3,2,1113,34.79,18.6,.956255,2,1,0,40.110204
2005,6,8,3,2,1113,34.83,18.6,.956255,2,1,0,40.110204
2005,6,8,3,2,1113,34.87,18.6,.956255,2,1,0,40.110204
2005,6,8,3,2,1113,34.91,18.6,.956255,2,1,0,40.110204
2005,6,8,3,2,1113,34.96,18.6,.956255,2,1,0,40.110204
2005,6,8,3,2,1113,35,18.6,.956255,2,1,0,40.110204
2005,6,8,3,2,1113,35.04,18.4,.956255,2,1,0,40.110204
2005,6,8,3,2,1113,120.09,16.4,.956255,2,0,0,120.09
2005,6,8,4,2,1113,0,170,.956255,2,1,0,0
2005,6,8,4,2,1113,11.01,35,.956255,2,1,0,40.110204
2005,6,8,4,2,1113,34.89,18.6,.956255,2,1,0,40.110204
2005,6,8,4,2,1113,34.93,18.6,.956255,2,1,0,40.110204
2005,6,8,4,2,1113,34.98,18.6,.956255,2,1,0,40.110204
2005,6,8,4,2,1113,35.02,18.6,.956255,2,1,0,40.110204
2005,6,8,4,2,1113,35.06,18.6,.956255,2,1,0,40.110204
2005,6,8,4,2,1113,35.1,18.6,.956255,2,1,0,40.110204
2005,6,8,4,2,1113,35.15,18.4,.956255,2,1,0,40.110204
2005,6,8,4,2,1113,120.09,16.4,.956255,2,0,0,120.09
2005,6,8,5,2,1113,0,170,.956255,2,1,0,0
2005,6,8,5,2,1113,11.01,35,.956255,2,1,0,40.110204
2005,6,8,5,2,1113,35.09,18.6,.956255,2,1,0,40.110204
2005,6,8,5,2,1113,35.13,18.6,.956255,2,1,0,40.110204
2005,6,8,5,2,1113,35.17,18.6,.956255,2,1,0,40.110204
2005,6,8,5,2,1113,35.22,18.6,.956255,2,1,0,40.110204
2005,6,8,5,2,1113,35.26,18.6,.956255,2,1,0,40.110204
2005,6,8,5,2,1113,35.3,18.6,.956255,2,1,0,40.110204
2005,6,8,5,2,1113,35.35,18.4,.956255,2,1,0,40.110204
2005,6,8,5,2,1113,120.09,16.4,.956255,2,0,0,120.09
2005,6,8,6,2,1113,0,170,.956255,2,1,0,0
2005,6,8,6,2,1113,11.01,35,.956255,2,1,0,40.110204
2005,6,8,6,2,1113,34.97,18.6,.956255,2,1,0,40.110204
2005,6,8,6,2,1113,35.01,18.6,.956255,2,1,0,40.110204
2005,6,8,6,2,1113,35.05,18.6,.956255,2,1,0,40.110204
2005,6,8,6,2,1113,35.1,18.6,.956255,2,1,0,40.110204
2005,6,8,6,2,1113,35.14,18.6,.956255,2,1,0,40.110204
2005,6,8,6,2,1113,35.18,18.6,.956255,2,1,0,40.110204
2005,6,8,6,2,1113,35.23,18.4,.956255,2,1,0,40.110204
2005,6,8,6,2,1113,120.09,16.4,.956255,2,0,0,120.09
2005,6,8,7,2,1113,0,170,.956255,2,1,0,0
2005,6,8,7,2,1113,11.01,35,.956255,2,1,0,40.110204
2005,6,8,7,2,1113,34.67,18.6,.956255,2,1,0,40.110204
2005,6,8,7,2,1113,34.71,18.6,.956255,2,1,0,40.110204
2005,6,8,7,2,1113,34.75,18.6,.956255,2,1,0,40.110204
2005,6,8,7,2,1113,34.79,18.6,.956255,2,1,0,40.110204
2005,6,8,7,2,1113,34.83,18.6,.956255,2,1,0,40.110204
2005,6,8,7,2,1113,34.87,18.6,.956255,2,1,0,40.110204
2005,6,8,7,2,1113,34.92,18.4,.956255,2,1,0,40.110204
2005,6,8,7,2,1113,120.09,16.4,.956255,2,0,0,120.09
2005,6,8,8,2,1113,0,170,.956255,2,1,0,0
2005,6,8,8,2,1113,11.01,35,.956255,2,1,0,40.110204
2005,6,8,8,2,1113,34.57,18.6,.956255,2,1,0,40.110204
2005,6,8,8,2,1113,34.61,18.6,.956255,2,1,0,40.110204
2005,6,8,8,2,1113,34.65,18.6,.956255,2,1,0,40.110204
2005,6,8,8,2,1113,34.69,18.6,.956255,2,1,0,40.110204
2005,6,8,8,2,1113,34.73,18.6,.956255,2,1,0,40.110204
2005,6,8,8,2,1113,34.77,18.6,.956255,2,1,0,40.110204
2005,6,8,8,2,1113,34.81,18.4,.956255,2,1,0,40.110204
2005,6,8,8,2,1113,120.09,16.4,.956255,2,0,0,120.09
2005,6,8,9,2,1113,0,205,.956255,2,1,0,0
2005,6,8,9,2,1113,33.94,18.6,.956255,2,1,0,40.110204
2005,6,8,9,2,1113,33.98,18.6,.956255,2,1,0,40.110204
2005,6,8,9,2,1113,34.02,18.6,.956255,2,1,0,40.110204
2005,6,8,9,2,1113,34.06,18.6,.956255,2,1,0,40.110204
2005,6,8,9,2,1113,34.09,18.6,.956255,2,1,0,40.110204
2005,6,8,9,2,1113,34.13,18.6,.956255,2,1,0,40.110204
2005,6,8,9,2,1113,34.17,18.4,.956255,2,1,0,40.110204
2005,6,8,9,2,1113,120.08,16.4,.956255,2,0,0,120.08
2005,6,8,10,2,1113,0,205,.956255,2,1,0,0
2005,6,8,10,2,1113,33.48,18.6,.956255,2,1,0,40.110204
2005,6,8,10,2,1113,33.51,18.6,.956255,2,1,0,40.110204
2005,6,8,10,2,1113,33.55,18.6,.956255,2,1,0,40.110204
2005,6,8,10,2,1113,33.59,18.6,.956255,2,1,0,40.110204
2005,6,8,10,2,1113,33.62,18.6,.956255,2,1,0,40.110204
2005,6,8,10,2,1113,33.66,18.6,.956255,2,1,0,40.110204
2005,6,8,10,2,1113,33.7,18.4,.956255,2,1,0,40.110204
2005,6,8,10,2,1113,120.08,16.4,.956255,2,0,0,120.08
2005,6,8,11,2,1113,0,205,.956255,2,1,0,0
2005,6,8,11,2,1113,33.52,18.6,.956255,2,1,0,40.110204
2005,6,8,11,2,1113,33.56,18.6,.956255,2,1,0,40.110204
2005,6,8,11,2,1113,33.59,18.6,.956255,2,1,0,40.110204
2005,6,8,11,2,1113,33.63,18.6,.956255,2,1,0,40.110204
2005,6,8,11,2,1113,33.66,18.6,.956255,2,1,0,40.110204
2005,6,8,11,2,1113,33.7,18.6,.956255,2,1,0,40.110204
2005,6,8,11,2,1113,33.74,18.4,.956255,2,1,0,40.110204
2005,6,8,11,2,1113,120.08,16.4,.956255,2,0,0,120.08
2005,6,8,12,2,1113,0,205,.956255,2,1,0,0
2005,6,8,12,2,1113,33.31,18.6,.956255,2,1,0,40.110204
2005,6,8,12,2,1113,33.35,18.6,.956255,2,1,0,40.110204
2005,6,8,12,2,1113,33.38,18.6,.956255,2,1,0,40.110204
2005,6,8,12,2,1113,33.41,18.6,.956255,2,1,0,40.110204
2005,6,8,12,2,1113,33.45,18.6,.956255,2,1,0,40.110204
2005,6,8,12,2,1113,33.48,18.6,.956255,2,1,0,40.110204
2005,6,8,12,2,1113,33.52,18.4,.956255,2,1,0,40.110204
2005,6,8,12,2,1113,120.08,16.4,.956255,2,0,0,120.08
2005,6,8,13,2,1113,0,205,.956255,2,1,0,0
2005,6,8,13,2,1113,33.14,18.6,.956255,2,1,0,40.110204
2005,6,8,13,2,1113,33.18,18.6,.956255,2,1,0,40.110204
2005,6,8,13,2,1113,33.21,18.6,.956255,2,1,0,40.110204
2005,6,8,13,2,1113,33.25,18.6,.956255,2,1,0,40.110204
2005,6,8,13,2,1113,33.28,18.6,.956255,2,1,0,40.110204
2005,6,8,13,2,1113,33.32,18.6,.956255,2,1,0,40.110204
2005,6,8,13,2,1113,33.35,18.4,.956255,2,1,0,40.110204
2005,6,8,13,2,1113,120.08,16.4,.956255,2,0,0,120.08
2005,6,8,14,2,1113,0,205,.956255,2,1,0,0
2005,6,8,14,2,1113,33.42,18.6,.956255,2,1,0,40.110204
2005,6,8,14,2,1113,33.45,18.6,.956255,2,1,0,40.110204
2005,6,8,14,2,1113,33.49,18.6,.956255,2,1,0,40.110204
2005,6,8,14,2,1113,33.52,18.6,.956255,2,1,0,40.110204
2005,6,8,14,2,1113,33.56,18.6,.956255,2,1,0,40.110204
2005,6,8,14,2,1113,33.59,18.6,.956255,2,1,0,40.110204
2005,6,8,14,2,1113,33.63,18.4,.956255,2,1,0,40.110204
2005,6,8,14,2,1113,120.08,16.4,.956255,2,0,0,120.08
2005,6,8,15,2,1113,0,205,.956255,2,1,0,0
2005,6,8,15,2,1113,33.38,18.6,.956255,2,1,0,40.110204
2005,6,8,15,2,1113,33.41,18.6,.956255,2,1,0,40.110204
2005,6,8,15,2,1113,33.45,18.6,.956255,2,1,0,40.110204
2005,6,8,15,2,1113,33.48,18.6,.956255,2,1,0,40.110204
2005,6,8,15,2,1113,33.52,18.6,.956255,2,1,0,40.110204
2005,6,8,15,2,1113,33.56,18.6,.956255,2,1,0,40.110204
2005,6,8,15,2,1113,33.59,18.4,.956255,2,1,0,40.110204
2005,6,8,15,2,1113,120.08,16.4,.956255,2,0,0,120.08
2005,6,8,16,2,1113,0,205,.956255,2,1,0,0
2005,6,8,16,2,1113,33.27,18.6,.956255,2,1,0,40.110204
2005,6,8,16,2,1113,33.31,18.6,.956255,2,1,0,40.110204
2005,6,8,16,2,1113,33.34,18.6,.956255,2,1,0,40.110204
2005,6,8,16,2,1113,33.38,18.6,.956255,2,1,0,40.110204
2005,6,8,16,2,1113,33.41,18.6,.956255,2,1,0,40.110204
2005,6,8,16,2,1113,33.45,18.6,.956255,2,1,0,40.110204
2005,6,8,16,2,1113,33.48,18.4,.956255,2,1,0,40.110204
2005,6,8,16,2,1113,120.08,16.4,.956255,2,0,0,120.08
2005,6,8,17,2,1113,0,205,.956255,2,1,0,0
2005,6,8,17,2,1113,33.29,18.6,.956255,2,1,0,40.110204
2005,6,8,17,2,1113,33.32,18.6,.956255,2,1,0,40.110204
2005,6,8,17,2,1113,33.35,18.6,.956255,2,1,0,40.110204
2005,6,8,17,2,1113,33.39,18.6,.956255,2,1,0,40.110204
2005,6,8,17,2,1113,33.42,18.6,.956255,2,1,0,40.110204
2005,6,8,17,2,1113,33.46,18.6,.956255,2,1,0,40.110204
2005,6,8,17,2,1113,33.49,18.4,.956255,2,1,0,40.110204
2005,6,8,17,2,1113,120.08,16.4,.956255,2,0,0,120.08
2005,6,8,18,2,1113,0,205,.956255,2,1,0,0
2005,6,8,18,2,1113,33.1,18.6,.956255,2,1,0,40.110204
2005,6,8,18,2,1113,33.14,18.6,.956255,2,1,0,40.110204
2005,6,8,18,2,1113,33.17,18.6,.956255,2,1,0,40.110204
2005,6,8,18,2,1113,33.21,18.6,.956255,2,1,0,40.110204
2005,6,8,18,2,1113,33.24,18.6,.956255,2,1,0,40.110204
2005,6,8,18,2,1113,33.27,18.6,.956255,2,1,0,40.110204
2005,6,8,18,2,1113,33.31,18.4,.956255,2,1,0,40.110204
2005,6,8,18,2,1113,120.08,16.4,.956255,2,0,0,120.08
2005,6,8,19,2,1113,0,205,.956255,2,1,0,0
2005,6,8,19,2,1113,33.2,18.6,.956255,2,1,0,40.110204
2005,6,8,19,2,1113,33.24,18.6,.956255,2,1,0,40.110204
2005,6,8,19,2,1113,33.27,18.6,.956255,2,1,0,40.110204
2005,6,8,19,2,1113,33.31,18.6,.956255,2,1,0,40.110204
2005,6,8,19,2,1113,33.34,18.6,.956255,2,1,0,40.110204
2005,6,8,19,2,1113,33.38,18.6,.956255,2,1,0,40.110204
2005,6,8,19,2,1113,33.41,18.4,.956255,2,1,0,40.110204
2005,6,8,19,2,1113,120.08,16.4,.956255,2,0,0,120.08
2005,6,8,20,2,1113,0,205,.956255,2,1,0,0
2005,6,8,20,2,1113,33.66,18.6,.956255,2,1,0,40.110204
2005,6,8,20,2,1113,33.7,18.6,.956255,2,1,0,40.110204
2005,6,8,20,2,1113,33.73,18.6,.956255,2,1,0,40.110204
2005,6,8,20,2,1113,33.77,18.6,.956255,2,1,0,40.110204
2005,6,8,20,2,1113,33.8,18.6,.956255,2,1,0,40.110204
2005,6,8,20,2,1113,33.84,18.6,.956255,2,1,0,40.110204
2005,6,8,20,2,1113,33.87,18.4,.956255,2,1,0,40.110204
2005,6,8,20,2,1113,120.08,16.4,.956255,2,0,0,120.08
2005,6,8,21,2,1113,0,205,.956255,2,1,0,0
2005,6,8,21,2,1113,33.95,18.6,.956255,2,1,0,40.110204
2005,6,8,21,2,1113,33.99,18.6,.956255,2,1,0,40.110204
2005,6,8,21,2,1113,34.03,18.6,.956255,2,1,0,40.110204
2005,6,8,21,2,1113,34.06,18.6,.956255,2,1,0,40.110204
2005,6,8,21,2,1113,34.1,18.6,.956255,2,1,0,40.110204
2005,6,8,21,2,1113,34.14,18.6,.956255,2,1,0,40.110204
2005,6,8,21,2,1113,34.17,18.4,.956255,2,1,0,40.110204
2005,6,8,21,2,1113,120.08,16.4,.956255,2,0,0,120.08
2005,6,8,22,2,1113,0,205,.956255,2,1,0,0
2005,6,8,22,2,1113,33.88,18.6,.956255,2,1,0,40.110204
2005,6,8,22,2,1113,33.92,18.6,.956255,2,1,0,40.110204
2005,6,8,22,2,1113,33.96,18.6,.956255,2,1,0,40.110204
2005,6,8,22,2,1113,34,18.6,.956255,2,1,0,40.110204
2005,6,8,22,2,1113,34.03,18.6,.956255,2,1,0,40.110204
2005,6,8,22,2,1113,34.07,18.6,.956255,2,1,0,40.110204
2005,6,8,22,2,1113,34.11,18.4,.956255,2,1,0,40.110204
2005,6,8,22,2,1113,120.08,16.4,.956255,2,0,0,120.08
2005,6,8,23,2,1113,0,205,.956255,2,1,0,0
2005,6,8,23,2,1113,33.72,18.6,.956255,2,1,0,40.110204
2005,6,8,23,2,1113,33.75,18.6,.956255,2,1,0,40.110204
2005,6,8,23,2,1113,33.79,18.6,.956255,2,1,0,40.110204
2005,6,8,23,2,1113,33.83,18.6,.956255,2,1,0,40.110204
2005,6,8,23,2,1113,33.87,18.6,.956255,2,1,0,40.110204
2005,6,8,23,2,1113,33.9,18.6,.956255,2,1,0,40.110204
2005,6,8,23,2,1113,33.94,18.4,.956255,2,1,0,40.110204
2005,6,8,23,2,1113,120.08,16.4,.956255,2,0,0,120.08
2005,6,8,24,2,1113,0,170,.956255,2,1,0,0
2005,6,8,24,2,1113,11.01,35,.956255,2,1,0,40.110204
2005,6,8,24,2,1113,34.36,18.6,.956255,2,1,0,40.110204
2005,6,8,24,2,1113,34.4,18.6,.956255,2,1,0,40.110204
2005,6,8,24,2,1113,34.44,18.6,.956255,2,1,0,40.110204
2005,6,8,24,2,1113,34.48,18.6,.956255,2,1,0,40.110204
2005,6,8,24,2,1113,34.52,18.6,.956255,2,1,0,40.110204
2005,6,8,24,2,1113,34.56,18.6,.956255,2,1,0,40.110204
2005,6,8,24,2,1113,34.6,18.4,.956255,2,1,0,40.110204
2005,6,8,24,2,1113,120.09,16.4,.956255,2,0,0,120.09
2005,6,8,1,2,253,0,1.1,0,2,1,0,0
2005,6,8,2,2,253,0,1.1,0,2,1,0,0
2005,6,8,3,2,253,0,1.1,0,2,1,0,0
2005,6,8,4,2,253,0,1.1,0,2,1,0,0
2005,6,8,5,2,253,0,1.1,0,2,1,0,0
2005,6,8,6,2,253,0,1.1,0,2,1,0,0
2005,6,8,7,2,253,0,1,0,2,1,0,0
2005,6,8,8,2,253,0,1,0,2,1,0,0
2005,6,8,9,2,253,0,1,0,2,1,0,0
2005,6,8,10,2,253,0,1,0,2,1,0,0
2005,6,8,11,2,253,0,1,0,2,1,0,0
2005,6,8,12,2,253,0,.9,0,2,1,0,0
2005,6,8,13,2,253,0,.9,0,2,1,0,0
2005,6,8,14,2,253,0,.9,0,2,1,0,0
2005,6,8,15,2,253,0,.9,0,2,1,0,0
2005,6,8,16,2,253,0,.9,0,2,1,0,0
2005,6,8,17,2,253,0,.9,0,2,1,0,0
2005,6,8,18,2,253,0,.6,0,2,1,0,0
2005,6,8,19,2,253,0,.6,0,2,1,0,0
2005,6,8,20,2,253,0,.6,0,2,1,0,0
2005,6,8,21,2,253,0,.6,0,2,1,0,0
2005,6,8,22,2,253,0,.6,0,2,1,0,0
2005,6,8,23,2,253,0,.6,0,2,1,0,0
2005,6,8,24,2,253,0,.6,0,2,1,0,0
2005,6,8,1,2,254,10.98,105,0,1,0,1,10.98
2005,6,8,1,2,254,44.99,105,0,1,0,1,44.99
2005,6,8,1,2,254,45,105,0,1,0,1,45
2005,6,8,2,2,254,44.98,105,0,1,1,0,44.98
2005,6,8,2,2,254,44.99,105,0,1,1,0,44.99
2005,6,8,2,2,254,45,105,0,1,1,0,45
2005,6,8,3,2,254,44.98,105,0,1,1,0,44.98
2005,6,8,3,2,254,44.99,105,0,1,1,0,44.99
2005,6,8,3,2,254,45,105,0,1,1,0,45
2005,6,8,4,2,254,44.98,105,0,1,1,0,44.98
2005,6,8,4,2,254,44.99,105,0,1,1,0,44.99
2005,6,8,4,2,254,45,105,0,1,1,0,45
2005,6,8,5,2,254,44.98,105,0,1,1,0,44.98
2005,6,8,5,2,254,44.99,105,0,1,1,0,44.99
2005,6,8,5,2,254,45,105,0,1,1,0,45
2005,6,8,6,2,254,44.98,105,0,1,1,0,44.98
2005,6,8,6,2,254,44.99,105,0,1,1,0,44.99
2005,6,8,6,2,254,45,105,0,1,1,0,45
2005,6,8,7,2,254,44.98,105,0,1,1,0,44.98
2005,6,8,7,2,254,44.99,105,0,1,1,0,44.99
2005,6,8,7,2,254,45,105,0,1,1,0,45
2005,6,8,8,2,254,10.98,105,0,1,0,1,10.98
2005,6,8,8,2,254,10.99,105,0,1,0,1,10.99
2005,6,8,8,2,254,11,105,0,1,0,1,11
2005,6,8,9,2,254,10.98,105,0,1,0,1,10.98
2005,6,8,9,2,254,10.99,105,0,1,0,1,10.99
2005,6,8,9,2,254,11,105,0,1,0,1,11
2005,6,8,10,2,254,10.98,105,0,1,0,1,10.98
2005,6,8,10,2,254,10.99,105,0,1,0,1,10.99
2005,6,8,10,2,254,11,105,0,1,0,1,11
2005,6,8,11,2,254,10.98,105,0,1,0,1,10.98
2005,6,8,11,2,254,10.99,105,0,1,0,1,10.99
2005,6,8,11,2,254,11,105,0,1,0,1,11
2005,6,8,12,2,254,10.98,105,0,1,0,1,10.98
2005,6,8,12,2,254,10.99,105,0,1,0,1,10.99
2005,6,8,12,2,254,11,105,0,1,0,1,11
2005,6,8,13,2,254,10.98,105,0,1,0,1,10.98
2005,6,8,13,2,254,10.99,105,0,1,0,1,10.99
2005,6,8,13,2,254,11,105,0,1,0,1,11
2005,6,8,14,2,254,10.98,105,0,1,0,1,10.98
2005,6,8,14,2,254,10.99,105,0,1,0,1,10.99
2005,6,8,14,2,254,11,105,0,1,0,1,11
2005,6,8,15,2,254,10.98,105,0,1,0,1,10.98
2005,6,8,15,2,254,10.99,105,0,1,0,1,10.99
2005,6,8,15,2,254,11,105,0,1,0,1,11
2005,6,8,16,2,254,10.98,105,0,1,0,1,10.98
2005,6,8,16,2,254,10.99,105,0,1,0,1,10.99
2005,6,8,16,2,254,11,105,0,1,0,1,11
2005,6,8,17,2,254,10.98,105,0,1,0,1,10.98
2005,6,8,17,2,254,10.99,105,0,1,0,1,10.99
2005,6,8,17,2,254,11,105,0,1,0,1,11
2005,6,8,18,2,254,10.98,105,0,1,0,1,10.98
2005,6,8,18,2,254,10.99,105,0,1,0,1,10.99
2005,6,8,18,2,254,11,105,0,1,0,1,11
2005,6,8,19,2,254,10.98,105,0,1,0,1,10.98
2005,6,8,19,2,254,10.99,105,0,1,0,1,10.99
2005,6,8,19,2,254,11,105,0,1,0,1,11
2005,6,8,20,2,254,10.98,105,0,1,0,1,10.98
2005,6,8,20,2,254,10.99,105,0,1,0,1,10.99
2005,6,8,20,2,254,11,105,0,1,0,1,11
2005,6,8,21,2,254,10.98,105,0,1,0,1,10.98
2005,6,8,21,2,254,10.99,105,0,1,0,1,10.99
2005,6,8,21,2,254,11,105,0,1,0,1,11
2005,6,8,22,2,254,10.98,105,0,1,0,1,10.98
2005,6,8,22,2,254,10.99,105,0,1,0,1,10.99
2005,6,8,22,2,254,11,105,0,1,0,1,11
2005,6,8,23,2,254,10.98,105,0,1,0,1,10.98
2005,6,8,23,2,254,10.99,105,0,1,0,1,10.99
2005,6,8,23,2,254,11,105,0,1,0,1,11
2005,6,8,24,2,254,10.98,105,0,1,0,1,10.98
2005,6,8,24,2,254,10.99,105,0,1,0,1,10.99
2005,6,8,24,2,254,11,105,0,1,0,1,11
2005,6,8,9,2,255,56.13,22.5,0,2,1,0,56.13
2005,6,8,9,2,255,57.27,22.5,0,2,1,0,57.27
2005,6,8,9,2,255,58.41,22.5,0,2,1,0,58.41
2005,6,8,9,2,255,59.56,22.5,0,2,1,0,59.56
2005,6,8,10,2,255,56.13,22.5,0,2,1,0,56.13
2005,6,8,10,2,255,57.27,22.5,0,2,1,0,57.27
2005,6,8,10,2,255,58.41,22.5,0,2,1,0,58.41
2005,6,8,10,2,255,59.56,22.5,0,2,1,0,59.56
2005,6,8,11,2,255,56.13,22.5,0,2,1,0,56.13
2005,6,8,11,2,255,57.27,22.5,0,2,1,0,57.27
2005,6,8,11,2,255,58.41,22.5,0,2,1,0,58.41
2005,6,8,11,2,255,59.56,22.5,0,2,1,0,59.56
2005,6,8,12,2,255,56.13,22.5,0,2,1,0,56.13
2005,6,8,12,2,255,57.27,22.5,0,2,1,0,57.27
2005,6,8,12,2,255,58.41,22.5,0,2,1,0,58.41
2005,6,8,12,2,255,59.56,22.5,0,2,1,0,59.56
2005,6,8,13,2,255,56.13,22.5,0,2,1,0,56.13
2005,6,8,13,2,255,57.27,22.5,0,2,1,0,57.27
2005,6,8,13,2,255,58.41,22.5,0,2,1,0,58.41
2005,6,8,13,2,255,59.56,22.5,0,2,1,0,59.56
2005,6,8,14,2,255,56.13,22.5,0,2,1,0,56.13
2005,6,8,14,2,255,57.27,22.5,0,2,1,0,57.27
2005,6,8,14,2,255,58.41,22.5,0,2,1,0,58.41
2005,6,8,14,2,255,59.56,22.5,0,2,1,0,59.56
2005,6,8,15,2,255,56.13,22.5,0,2,1,0,56.13
2005,6,8,15,2,255,57.27,22.5,0,2,1,0,57.27
2005,6,8,15,2,255,58.41,22.5,0,2,1,0,58.41
2005,6,8,15,2,255,59.56,22.5,0,2,1,0,59.56
2005,6,8,16,2,255,56.13,22.5,0,2,1,0,56.13
2005,6,8,16,2,255,57.27,22.5,0,2,1,0,57.27
2005,6,8,16,2,255,58.41,22.5,0,2,1,0,58.41
2005,6,8,16,2,255,59.56,22.5,0,2,1,0,59.56
2005,6,8,17,2,255,56.13,22.5,0,2,1,0,56.13
2005,6,8,17,2,255,57.27,22.5,0,2,1,0,57.27
2005,6,8,17,2,255,58.41,22.5,0,2,1,0,58.41
2005,6,8,17,2,255,59.56,22.5,0,2,1,0,59.56
2005,6,8,18,2,255,56.13,22.5,0,2,1,0,56.13
2005,6,8,18,2,255,57.27,22.5,0,2,1,0,57.27
2005,6,8,18,2,255,58.41,22.5,0,2,1,0,58.41
2005,6,8,18,2,255,59.56,22.5,0,2,1,0,59.56
2005,6,8,19,2,255,56.13,22.5,0,2,1,0,56.13
2005,6,8,19,2,255,57.27,22.5,0,2,1,0,57.27
2005,6,8,19,2,255,58.41,22.5,0,2,1,0,58.41
2005,6,8,19,2,255,59.56,22.5,0,2,1,0,59.56
2005,6,8,20,2,255,56.13,22.5,0,2,1,0,56.13
2005,6,8,20,2,255,57.27,22.5,0,2,1,0,57.27
2005,6,8,20,2,255,58.41,22.5,0,2,1,0,58.41
2005,6,8,20,2,255,59.56,22.5,0,2,1,0,59.56
2005,6,8,21,2,255,56.13,22.5,0,2,1,0,56.13
2005,6,8,21,2,255,57.27,22.5,0,2,1,0,57.27
2005,6,8,21,2,255,58.41,22.5,0,2,1,0,58.41
2005,6,8,21,2,255,59.56,22.5,0,2,1,0,59.56
2005,6,8,22,2,255,56.13,22.5,0,2,1,0,56.13
2005,6,8,22,2,255,57.27,22.5,0,2,1,0,57.27
2005,6,8,22,2,255,58.41,22.5,0,2,1,0,58.41
2005,6,8,22,2,255,59.56,22.5,0,2,1,0,59.56
2005,6,8,23,2,255,56.13,22.5,0,2,1,0,56.13
2005,6,8,23,2,255,57.27,22.5,0,2,1,0,57.27
2005,6,8,23,2,255,58.41,22.5,0,2,1,0,58.41
2005,6,8,23,2,255,59.56,22.5,0,2,1,0,59.56
2005,6,8,24,2,255,56.13,22.5,0,2,0,0,56.13
2005,6,8,24,2,255,57.27,22.5,0,2,0,0,57.27
2005,6,8,24,2,255,58.41,22.5,0,2,0,0,58.41
2005,6,8,24,2,255,59.56,22.5,0,2,0,0,59.56
2005,6,8,1,9,256,0,2.1,0,2,1,0,0
2005,6,8,2,9,256,0,2.1,0,2,1,0,0
2005,6,8,3,9,256,0,2.1,0,2,1,0,0
2005,6,8,4,9,256,0,2.1,0,2,1,0,0
2005,6,8,5,9,256,0,2.1,0,2,1,0,0
2005,6,8,6,9,256,0,2.1,0,2,1,0,0
2005,6,8,7,9,256,0,2.1,0,2,1,0,0
2005,6,8,8,9,256,0,2.1,0,2,1,0,0
2005,6,8,9,9,256,0,2.1,0,2,1,0,0
2005,6,8,10,9,256,0,2.1,0,2,1,0,0
2005,6,8,11,9,256,0,2.1,0,2,1,0,0
2005,6,8,12,9,256,0,2.1,0,2,1,0,0
2005,6,8,13,9,256,0,2.1,0,2,1,0,0
2005,6,8,14,9,256,0,2.1,0,2,1,0,0
2005,6,8,15,9,256,0,2.1,0,2,1,0,0
2005,6,8,16,9,256,0,2.1,0,2,1,0,0
2005,6,8,17,9,256,0,2.1,0,2,1,0,0
2005,6,8,18,9,256,0,2.1,0,2,1,0,0
2005,6,8,19,9,256,0,2.1,0,2,1,0,0
2005,6,8,20,9,256,0,2.1,0,2,1,0,0
2005,6,8,21,9,256,0,2.1,0,2,1,0,0
2005,6,8,22,9,256,0,2.1,0,2,1,0,0
2005,6,8,23,9,256,0,2.1,0,2,1,0,0
2005,6,8,24,9,256,0,2.1,0,2,1,0,0
2005,6,8,1,9,257,0,23.4,0,2,1,0,0
2005,6,8,2,9,257,0,23.4,0,2,1,0,0
2005,6,8,3,9,257,0,23.4,0,2,1,0,0
2005,6,8,4,9,257,0,23.4,0,2,1,0,0
2005,6,8,5,9,257,0,23.4,0,2,1,0,0
2005,6,8,6,9,257,0,23.4,0,2,1,0,0
2005,6,8,7,9,257,0,23.4,0,2,1,0,0
2005,6,8,8,9,257,0,23.4,0,2,1,0,0
2005,6,8,9,9,257,0,23.4,0,2,1,0,0
2005,6,8,10,9,257,0,23.3,0,2,1,0,0
2005,6,8,11,9,257,0,23,0,2,1,0,0
2005,6,8,12,9,257,0,23,0,2,1,0,0
2005,6,8,13,9,257,0,22.9,0,2,1,0,0
2005,6,8,14,9,257,0,22.8,0,2,1,0,0
2005,6,8,15,9,257,0,22.8,0,2,1,0,0
2005,6,8,16,9,257,0,22.8,0,2,1,0,0
2005,6,8,17,9,257,0,22.8,0,2,1,0,0
2005,6,8,18,9,257,0,22.9,0,2,1,0,0
2005,6,8,19,9,257,0,22.9,0,2,1,0,0
2005,6,8,20,9,257,0,23,0,2,1,0,0
2005,6,8,21,9,257,0,23.1,0,2,1,0,0
2005,6,8,22,9,257,0,23.1,0,2,1,0,0
2005,6,8,23,9,257,0,23.1,0,2,1,0,0
2005,6,8,24,9,257,0,23.2,0,2,1,0,0
2005,6,8,1,1,258,0,481.2,0,2,1,0,0
2005,6,8,1,1,258,125,41.2,0,2,0,0,125
2005,6,8,2,1,258,0,481.2,0,2,1,0,0
2005,6,8,2,1,258,125,41.2,0,2,0,0,125
2005,6,8,3,1,258,0,481.2,0,2,1,0,0
2005,6,8,3,1,258,125,41.2,0,2,0,0,125
2005,6,8,4,1,258,0,481.2,0,2,1,0,0
2005,6,8,4,1,258,125,41.2,0,2,0,0,125
2005,6,8,5,1,258,0,481.2,0,2,1,0,0
2005,6,8,5,1,258,125,41.2,0,2,0,0,125
2005,6,8,6,1,258,0,481.2,0,2,1,0,0
2005,6,8,6,1,258,125,41.2,0,2,0,0,125
2005,6,8,7,1,258,0,481.2,0,2,1,0,0
2005,6,8,7,1,258,125,41.2,0,2,0,0,125
2005,6,8,8,1,258,0,481.2,0,2,1,0,0
2005,6,8,8,1,258,125,41.2,0,2,0,0,125
2005,6,8,9,1,258,0,481.2,0,2,1,0,0
2005,6,8,9,1,258,125,41.2,0,2,0,0,125
2005,6,8,10,1,258,0,481.2,0,2,1,0,0
2005,6,8,10,1,258,125,41.2,0,2,0,0,125
2005,6,8,11,1,258,0,481.2,0,2,1,0,0
2005,6,8,11,1,258,125,41.2,0,2,0,0,125
2005,6,8,12,1,258,0,481.2,0,2,1,0,0
2005,6,8,12,1,258,125,41.2,0,2,0,0,125
2005,6,8,13,1,258,0,481.2,0,2,1,0,0
2005,6,8,13,1,258,125,41.2,0,2,0,0,125
2005,6,8,14,1,258,0,481.2,0,2,1,0,0
2005,6,8,14,1,258,125,41.2,0,2,0,0,125
2005,6,8,15,1,258,0,481.2,0,2,1,0,0
2005,6,8,15,1,258,125,41.2,0,2,0,0,125
2005,6,8,16,1,258,0,481.2,0,2,1,0,0
2005,6,8,16,1,258,125,41.2,0,2,0,0,125
2005,6,8,17,1,258,0,481.2,0,2,1,0,0
2005,6,8,17,1,258,125,41.2,0,2,0,0,125
2005,6,8,18,1,258,0,481.2,0,2,1,0,0
2005,6,8,18,1,258,125,41.2,0,2,0,0,125
2005,6,8,19,1,258,0,481.2,0,2,1,0,0
2005,6,8,19,1,258,125,41.2,0,2,0,0,125
2005,6,8,20,1,258,0,481.2,0,2,1,0,0
2005,6,8,20,1,258,125,41.2,0,2,0,0,125
2005,6,8,21,1,258,0,481.2,0,2,1,0,0
2005,6,8,21,1,258,125,41.2,0,2,0,0,125
2005,6,8,22,1,258,0,481.2,0,2,1,0,0
2005,6,8,22,1,258,125,41.2,0,2,0,0,125
2005,6,8,23,1,258,0,481.2,0,2,1,0,0
2005,6,8,23,1,258,125,41.2,0,2,0,0,125
2005,6,8,24,1,258,0,481.2,0,2,1,0,0
2005,6,8,24,1,258,125,41.2,0,2,0,0,125
2005,6,8,1,2,258,0,9.8,0,2,1,0,0
2005,6,8,1,2,258,125,.8,0,2,0,0,125
2005,6,8,2,2,258,0,9.8,0,2,1,0,0
2005,6,8,2,2,258,125,.8,0,2,0,0,125
2005,6,8,3,2,258,0,9.8,0,2,1,0,0
2005,6,8,3,2,258,125,.8,0,2,0,0,125
2005,6,8,4,2,258,0,9.8,0,2,1,0,0
2005,6,8,4,2,258,125,.8,0,2,0,0,125
2005,6,8,5,2,258,0,9.8,0,2,1,0,0
2005,6,8,5,2,258,125,.8,0,2,0,0,125
2005,6,8,6,2,258,0,9.8,0,2,1,0,0
2005,6,8,6,2,258,125,.8,0,2,0,0,125
2005,6,8,7,2,258,0,9.8,0,2,1,0,0
2005,6,8,7,2,258,125,.8,0,2,0,0,125
2005,6,8,8,2,258,0,9.8,0,2,1,0,0
2005,6,8,8,2,258,125,.8,0,2,0,0,125
2005,6,8,9,2,258,0,9.8,0,2,1,0,0
2005,6,8,9,2,258,125,.8,0,2,0,0,125
2005,6,8,10,2,258,0,9.8,0,2,1,0,0
2005,6,8,10,2,258,125,.8,0,2,0,0,125
2005,6,8,11,2,258,0,9.8,0,2,1,0,0
2005,6,8,11,2,258,125,.8,0,2,0,0,125
2005,6,8,12,2,258,0,9.8,0,2,1,0,0
2005,6,8,12,2,258,125,.8,0,2,0,0,125
2005,6,8,13,2,258,0,9.8,0,2,1,0,0
2005,6,8,13,2,258,125,.8,0,2,0,0,125
2005,6,8,14,2,258,0,9.8,0,2,1,0,0
2005,6,8,14,2,258,125,.8,0,2,0,0,125
2005,6,8,15,2,258,0,9.8,0,2,1,0,0
2005,6,8,15,2,258,125,.8,0,2,0,0,125
2005,6,8,16,2,258,0,9.8,0,2,1,0,0
2005,6,8,16,2,258,125,.8,0,2,0,0,125
2005,6,8,17,2,258,0,9.8,0,2,1,0,0
2005,6,8,17,2,258,125,.8,0,2,0,0,125
2005,6,8,18,2,258,0,9.8,0,2,1,0,0
2005,6,8,18,2,258,125,.8,0,2,0,0,125
2005,6,8,19,2,258,0,9.8,0,2,1,0,0
2005,6,8,19,2,258,125,.8,0,2,0,0,125
2005,6,8,20,2,258,0,9.8,0,2,1,0,0
2005,6,8,20,2,258,125,.8,0,2,0,0,125
2005,6,8,21,2,258,0,9.8,0,2,1,0,0
2005,6,8,21,2,258,125,.8,0,2,0,0,125
2005,6,8,22,2,258,0,9.8,0,2,1,0,0
2005,6,8,22,2,258,125,.8,0,2,0,0,125
2005,6,8,23,2,258,0,9.8,0,2,1,0,0
2005,6,8,23,2,258,125,.8,0,2,0,0,125
2005,6,8,24,2,258,0,9.8,0,2,1,0,0
2005,6,8,24,2,258,125,.8,0,2,0,0,125
2005,6,8,1,3,258,0,152.2,0,2,1,0,0
2005,6,8,1,3,258,125,13,0,2,0,0,125
2005,6,8,2,3,258,0,152.2,0,2,1,0,0
2005,6,8,2,3,258,125,13,0,2,0,0,125
2005,6,8,3,3,258,0,152.2,0,2,1,0,0
2005,6,8,3,3,258,125,13,0,2,0,0,125
2005,6,8,4,3,258,0,152.2,0,2,1,0,0
2005,6,8,4,3,258,125,13,0,2,0,0,125
2005,6,8,5,3,258,0,152.2,0,2,1,0,0
2005,6,8,5,3,258,125,13,0,2,0,0,125
2005,6,8,6,3,258,0,152.2,0,2,1,0,0
2005,6,8,6,3,258,125,13,0,2,0,0,125
2005,6,8,7,3,258,0,152.2,0,2,1,0,0
2005,6,8,7,3,258,125,13,0,2,0,0,125
2005,6,8,8,3,258,0,152.2,0,2,1,0,0
2005,6,8,8,3,258,125,13,0,2,0,0,125
2005,6,8,9,3,258,0,152.2,0,2,1,0,0
2005,6,8,9,3,258,125,13,0,2,0,0,125
2005,6,8,10,3,258,0,152.2,0,2,1,0,0
2005,6,8,10,3,258,125,13,0,2,0,0,125
2005,6,8,11,3,258,0,152.2,0,2,1,0,0
2005,6,8,11,3,258,125,13,0,2,0,0,125
2005,6,8,12,3,258,0,152.2,0,2,1,0,0
2005,6,8,12,3,258,125,13,0,2,0,0,125
2005,6,8,13,3,258,0,152.2,0,2,1,0,0
2005,6,8,13,3,258,125,13,0,2,0,0,125
2005,6,8,14,3,258,0,152.2,0,2,1,0,0
2005,6,8,14,3,258,125,13,0,2,0,0,125
2005,6,8,15,3,258,0,152.2,0,2,1,0,0
2005,6,8,15,3,258,125,13,0,2,0,0,125
2005,6,8,16,3,258,0,152.2,0,2,1,0,0
2005,6,8,16,3,258,125,13,0,2,0,0,125
2005,6,8,17,3,258,0,152.2,0,2,1,0,0
2005,6,8,17,3,258,125,13,0,2,0,0,125
2005,6,8,18,3,258,0,152.2,0,2,1,0,0
2005,6,8,18,3,258,125,13,0,2,0,0,125
2005,6,8,19,3,258,0,152.2,0,2,1,0,0
2005,6,8,19,3,258,125,13,0,2,0,0,125
2005,6,8,20,3,258,0,152.2,0,2,1,0,0
2005,6,8,20,3,258,125,13,0,2,0,0,125
2005,6,8,21,3,258,0,152.2,0,2,1,0,0
2005,6,8,21,3,258,125,13,0,2,0,0,125
2005,6,8,22,3,258,0,152.2,0,2,1,0,0
2005,6,8,22,3,258,125,13,0,2,0,0,125
2005,6,8,23,3,258,0,152.2,0,2,1,0,0
2005,6,8,23,3,258,125,13,0,2,0,0,125
2005,6,8,24,3,258,0,152.2,0,2,1,0,0
2005,6,8,24,3,258,125,13,0,2,0,0,125
2005,6,8,1,4,258,0,338.8,0,2,1,0,0
2005,6,8,1,4,258,125,29,0,2,0,0,125
2005,6,8,2,4,258,0,338.8,0,2,1,0,0
2005,6,8,2,4,258,125,29,0,2,0,0,125
2005,6,8,3,4,258,0,338.8,0,2,1,0,0
2005,6,8,3,4,258,125,29,0,2,0,0,125
2005,6,8,4,4,258,0,338.8,0,2,1,0,0
2005,6,8,4,4,258,125,29,0,2,0,0,125
2005,6,8,5,4,258,0,338.8,0,2,1,0,0
2005,6,8,5,4,258,125,29,0,2,0,0,125
2005,6,8,6,4,258,0,338.8,0,2,1,0,0
2005,6,8,6,4,258,125,29,0,2,0,0,125
2005,6,8,7,4,258,0,338.8,0,2,1,0,0
2005,6,8,7,4,258,125,29,0,2,0,0,125
2005,6,8,8,4,258,0,338.8,0,2,1,0,0
2005,6,8,8,4,258,125,29,0,2,0,0,125
2005,6,8,9,4,258,0,338.8,0,2,1,0,0
2005,6,8,9,4,258,125,29,0,2,0,0,125
2005,6,8,10,4,258,0,338.8,0,2,1,0,0
2005,6,8,10,4,258,125,29,0,2,0,0,125
2005,6,8,11,4,258,0,338.8,0,2,1,0,0
2005,6,8,11,4,258,125,29,0,2,0,0,125
2005,6,8,12,4,258,0,338.8,0,2,1,0,0
2005,6,8,12,4,258,125,29,0,2,0,0,125
2005,6,8,13,4,258,0,338.8,0,2,1,0,0
2005,6,8,13,4,258,125,29,0,2,0,0,125
2005,6,8,14,4,258,0,338.8,0,2,1,0,0
2005,6,8,14,4,258,125,29,0,2,0,0,125
2005,6,8,15,4,258,0,338.8,0,2,1,0,0
2005,6,8,15,4,258,125,29,0,2,0,0,125
2005,6,8,16,4,258,0,338.8,0,2,1,0,0
2005,6,8,16,4,258,125,29,0,2,0,0,125
2005,6,8,17,4,258,0,338.8,0,2,1,0,0
2005,6,8,17,4,258,125,29,0,2,0,0,125
2005,6,8,18,4,258,0,338.8,0,2,1,0,0
2005,6,8,18,4,258,125,29,0,2,0,0,125
2005,6,8,19,4,258,0,338.8,0,2,1,0,0
2005,6,8,19,4,258,125,29,0,2,0,0,125
2005,6,8,20,4,258,0,338.8,0,2,1,0,0
2005,6,8,20,4,258,125,29,0,2,0,0,125
2005,6,8,21,4,258,0,338.8,0,2,1,0,0
2005,6,8,21,4,258,125,29,0,2,0,0,125
2005,6,8,22,4,258,0,338.8,0,2,1,0,0
2005,6,8,22,4,258,125,29,0,2,0,0,125
2005,6,8,23,4,258,0,338.8,0,2,1,0,0
2005,6,8,23,4,258,125,29,0,2,0,0,125
2005,6,8,24,4,258,0,338.8,0,2,1,0,0
2005,6,8,24,4,258,125,29,0,2,0,0,125
2005,6,8,1,9,259,60,6.3,0,2,0,0,60
2005,6,8,2,9,259,60,6.3,0,2,0,0,60
2005,6,8,3,9,259,60,6.3,0,2,0,0,60
2005,6,8,4,9,259,60,6.3,0,2,0,0,60
2005,6,8,5,9,259,60,6.3,0,2,0,0,60
2005,6,8,6,9,259,60,6.3,0,2,0,0,60
2005,6,8,7,9,259,60,6.3,0,2,0,0,60
2005,6,8,8,9,259,60,6.3,0,2,0,0,60
2005,6,8,9,9,259,0,6.3,0,2,1,0,0
2005,6,8,10,9,259,0,6.3,0,2,1,0,0
2005,6,8,11,9,259,0,6.3,0,2,1,0,0
2005,6,8,12,9,259,0,6.3,0,2,1,0,0
2005,6,8,13,9,259,0,6.3,0,2,1,0,0
2005,6,8,14,9,259,0,6.3,0,2,1,0,0
2005,6,8,15,9,259,0,6.3,0,2,1,0,0
2005,6,8,16,9,259,0,6.3,0,2,1,0,0
2005,6,8,17,9,259,0,6.3,0,2,1,0,0
2005,6,8,18,9,259,0,6.3,0,2,1,0,0
2005,6,8,19,9,259,0,6.3,0,2,1,0,0
2005,6,8,20,9,259,0,6.3,0,2,1,0,0
2005,6,8,21,9,259,0,6.3,0,2,1,0,0
2005,6,8,22,9,259,0,6.3,0,2,1,0,0
2005,6,8,23,9,259,0,6.3,0,2,1,0,0
2005,6,8,24,9,259,0,6.3,0,2,1,0,0
2005,6,8,1,5,260,45,208,0,1,0,1,45
2005,6,8,2,5,260,45,208,0,1,1,0,45
2005,6,8,3,5,260,45,208,0,1,1,0,45
2005,6,8,4,5,260,45,208,0,1,1,0,45
2005,6,8,5,5,260,45,208,0,1,1,0,45
2005,6,8,6,5,260,45,208,0,1,1,0,45
2005,6,8,7,5,260,45,208,0,1,1,0,45
2005,6,8,8,5,260,30,52,0,1,0,1,30
2005,6,8,8,5,260,35,52,0,1,0,1,35
2005,6,8,8,5,260,40,52,0,1,0,1,40
2005,6,8,8,5,260,45,52,0,1,0,1,45
2005,6,8,9,5,260,30,52,0,1,0,1,30
2005,6,8,9,5,260,35,52,0,1,0,1,35
2005,6,8,9,5,260,40,52,0,1,0,1,40
2005,6,8,9,5,260,45,52,0,1,0,1,45
2005,6,8,10,5,260,30,52,0,1,0,1,30
2005,6,8,10,5,260,35,52,0,1,0,1,35
2005,6,8,10,5,260,40,52,0,1,0,1,40
2005,6,8,10,5,260,45,52,0,1,0,1,45
2005,6,8,11,5,260,30,52,0,1,0,1,30
2005,6,8,11,5,260,35,52,0,1,0,1,35
2005,6,8,11,5,260,40,52,0,1,0,1,40
2005,6,8,11,5,260,45,52,0,1,0,1,45
2005,6,8,12,5,260,30,52,0,1,0,1,30
2005,6,8,12,5,260,35,52,0,1,0,1,35
2005,6,8,12,5,260,40,52,0,1,0,1,40
2005,6,8,12,5,260,45,52,0,1,0,1,45
2005,6,8,13,5,260,10,52,0,1,0,1,10
2005,6,8,13,5,260,35,52,0,1,0,1,35
2005,6,8,13,5,260,40,52,0,1,0,1,40
2005,6,8,13,5,260,45,52,0,1,0,1,45
2005,6,8,14,5,260,10,52,0,1,0,1,10
2005,6,8,14,5,260,35,52,0,1,0,1,35
2005,6,8,14,5,260,40,52,0,1,0,1,40
2005,6,8,14,5,260,45,52,0,1,0,1,45
2005,6,8,15,5,260,10,52,0,1,0,1,10
2005,6,8,15,5,260,35,52,0,1,0,1,35
2005,6,8,15,5,260,40,52,0,1,0,1,40
2005,6,8,15,5,260,45,52,0,1,0,1,45
2005,6,8,16,5,260,30,52,0,1,0,1,30
2005,6,8,16,5,260,35,52,0,1,0,1,35
2005,6,8,16,5,260,40,52,0,1,0,1,40
2005,6,8,16,5,260,45,52,0,1,0,1,45
2005,6,8,17,5,260,30,52,0,1,0,1,30
2005,6,8,17,5,260,35,52,0,1,0,1,35
2005,6,8,17,5,260,40,52,0,1,0,1,40
2005,6,8,17,5,260,45,52,0,1,0,1,45
2005,6,8,18,5,260,30,52,0,1,0,1,30
2005,6,8,18,5,260,35,52,0,1,0,1,35
2005,6,8,18,5,260,40,52,0,1,0,1,40
2005,6,8,18,5,260,45,52,0,1,0,1,45
2005,6,8,19,5,260,30,52,0,1,0,1,30
2005,6,8,19,5,260,35,52,0,1,0,1,35
2005,6,8,19,5,260,40,52,0,1,0,1,40
2005,6,8,19,5,260,45,52,0,1,0,1,45
2005,6,8,20,5,260,30,52,0,1,0,1,30
2005,6,8,20,5,260,35,52,0,1,0,1,35
2005,6,8,20,5,260,40,52,0,1,0,1,40
2005,6,8,20,5,260,45,52,0,1,0,1,45
2005,6,8,21,5,260,30,52,0,1,0,1,30
2005,6,8,21,5,260,35,52,0,1,0,1,35
2005,6,8,21,5,260,40,52,0,1,0,1,40
2005,6,8,21,5,260,45,52,0,1,0,1,45
2005,6,8,22,5,260,30,52,0,1,0,1,30
2005,6,8,22,5,260,35,52,0,1,0,1,35
2005,6,8,22,5,260,40,52,0,1,0,1,40
2005,6,8,22,5,260,45,52,0,1,0,1,45
2005,6,8,23,5,260,30,52,0,1,0,1,30
2005,6,8,23,5,260,35,52,0,1,0,1,35
2005,6,8,23,5,260,40,52,0,1,0,1,40
2005,6,8,23,5,260,45,52,0,1,0,1,45
2005,6,8,24,5,260,30,52,0,1,0,1,30
2005,6,8,24,5,260,35,52,0,1,0,1,35
2005,6,8,24,5,260,40,52,0,1,0,1,40
2005,6,8,24,5,260,45,52,0,1,0,1,45
2005,6,8,1,5,261,85,45,0,2,0,0,85
2005,6,8,1,5,261,95,45,0,2,0,0,95
2005,6,8,1,5,261,105,45,0,2,0,0,105
2005,6,8,1,5,261,150,45,0,2,0,0,150
2005,6,8,2,5,261,85,45,0,2,0,0,85
2005,6,8,2,5,261,95,45,0,2,0,0,95
2005,6,8,2,5,261,105,45,0,2,0,0,105
2005,6,8,2,5,261,150,45,0,2,0,0,150
2005,6,8,3,5,261,85,45,0,2,0,0,85
2005,6,8,3,5,261,95,45,0,2,0,0,95
2005,6,8,3,5,261,105,45,0,2,0,0,105
2005,6,8,3,5,261,150,45,0,2,0,0,150
2005,6,8,4,5,261,85,45,0,2,0,0,85
2005,6,8,4,5,261,95,45,0,2,0,0,95
2005,6,8,4,5,261,105,45,0,2,0,0,105
2005,6,8,4,5,261,150,45,0,2,0,0,150
2005,6,8,5,5,261,85,45,0,2,0,0,85
2005,6,8,5,5,261,95,45,0,2,0,0,95
2005,6,8,5,5,261,105,45,0,2,0,0,105
2005,6,8,5,5,261,150,45,0,2,0,0,150
2005,6,8,6,5,261,85,45,0,2,0,0,85
2005,6,8,6,5,261,95,45,0,2,0,0,95
2005,6,8,6,5,261,105,45,0,2,0,0,105
2005,6,8,6,5,261,150,45,0,2,0,0,150
2005,6,8,7,5,261,85,45,0,2,0,0,85
2005,6,8,7,5,261,95,45,0,2,0,0,95
2005,6,8,7,5,261,105,45,0,2,0,0,105
2005,6,8,7,5,261,150,45,0,2,0,0,150
2005,6,8,8,5,261,85,45,0,2,0,0,85
2005,6,8,8,5,261,95,45,0,2,0,0,95
2005,6,8,8,5,261,105,45,0,2,0,0,105
2005,6,8,8,5,261,150,45,0,2,0,0,150
2005,6,8,9,5,261,85,45,0,2,0,0,85
2005,6,8,9,5,261,95,45,0,2,0,0,95
2005,6,8,9,5,261,105,45,0,2,0,0,105
2005,6,8,9,5,261,150,45,0,2,0,0,150
2005,6,8,10,5,261,85,45,0,2,0,0,85
2005,6,8,10,5,261,95,45,0,2,0,0,95
2005,6,8,10,5,261,105,45,0,2,0,0,105
2005,6,8,10,5,261,150,45,0,2,0,0,150
2005,6,8,11,5,261,85,45,0,2,1,0,85
2005,6,8,11,5,261,95,45,0,2,0,0,95
2005,6,8,11,5,261,105,45,0,2,0,0,105
2005,6,8,11,5,261,150,45,0,2,0,0,150
2005,6,8,12,5,261,85,45,0,2,1,0,85
2005,6,8,12,5,261,95,45,0,2,0,0,95
2005,6,8,12,5,261,105,45,0,2,0,0,105
2005,6,8,12,5,261,150,45,0,2,0,0,150
2005,6,8,13,5,261,85,45,0,2,1,0,85
2005,6,8,13,5,261,95,45,0,2,1,0,95
2005,6,8,13,5,261,105,45,0,2,0,0,105
2005,6,8,13,5,261,150,45,0,2,0,0,150
2005,6,8,14,5,261,85,45,0,2,1,0,85
2005,6,8,14,5,261,95,45,0,2,1,0,95
2005,6,8,14,5,261,105,45,0,2,0,0,105
2005,6,8,14,5,261,150,45,0,2,0,0,150
2005,6,8,15,5,261,85,45,0,2,1,0,85
2005,6,8,15,5,261,95,45,0,2,0,0,95
2005,6,8,15,5,261,105,45,0,2,0,0,105
2005,6,8,15,5,261,150,45,0,2,0,0,150
2005,6,8,16,5,261,85,45,0,2,1,0,85
2005,6,8,16,5,261,95,45,0,2,0,0,95
2005,6,8,16,5,261,105,45,0,2,0,0,105
2005,6,8,16,5,261,150,45,0,2,0,0,150
2005,6,8,17,5,261,85,45,0,2,1,0,85
2005,6,8,17,5,261,95,45,0,2,0,0,95
2005,6,8,17,5,261,105,45,0,2,0,0,105
2005,6,8,17,5,261,150,45,0,2,0,0,150
2005,6,8,18,5,261,85,45,0,2,1,0,85
2005,6,8,18,5,261,95,25.9,0,2,1,0,95
2005,6,8,18,5,261,105,45,0,2,0,0,105
2005,6,8,18,5,261,150,45,0,2,0,0,150
2005,6,8,19,5,261,85,45,0,2,1,0,85
2005,6,8,19,5,261,95,45,0,2,0,0,95
2005,6,8,19,5,261,105,45,0,2,0,0,105
2005,6,8,19,5,261,150,45,0,2,0,0,150
2005,6,8,20,5,261,85,45,0,2,0,0,85
2005,6,8,20,5,261,95,45,0,2,0,0,95
2005,6,8,20,5,261,105,45,0,2,0,0,105
2005,6,8,20,5,261,150,45,0,2,0,0,150
2005,6,8,21,5,261,85,45,0,2,0,0,85
2005,6,8,21,5,261,95,45,0,2,0,0,95
2005,6,8,21,5,261,105,45,0,2,0,0,105
2005,6,8,21,5,261,150,45,0,2,0,0,150
2005,6,8,22,5,261,85,45,0,2,0,0,85
2005,6,8,22,5,261,95,45,0,2,0,0,95
2005,6,8,22,5,261,105,45,0,2,0,0,105
2005,6,8,22,5,261,150,45,0,2,0,0,150
2005,6,8,23,5,261,85,45,0,2,0,0,85
2005,6,8,23,5,261,95,45,0,2,0,0,95
2005,6,8,23,5,261,105,45,0,2,0,0,105
2005,6,8,23,5,261,150,45,0,2,0,0,150
2005,6,8,24,5,261,85,45,0,2,0,0,85
2005,6,8,24,5,261,95,45,0,2,0,0,95
2005,6,8,24,5,261,105,45,0,2,0,0,105
2005,6,8,24,5,261,150,45,0,2,0,0,150
2005,6,8,1,5,262,.01,1,0,1,0,0,.01
2005,6,8,1,9,263,180.3,2148,0,1,1,0,180.3
2005,6,8,2,9,263,180.3,1937,0,1,1,0,180.3
2005,6,8,3,9,263,180.3,1791,0,1,1,0,180.3
2005,6,8,4,9,263,180.3,1722,0,1,1,0,180.3
2005,6,8,5,9,263,180.3,1689,0,1,1,0,180.3
2005,6,8,6,9,263,180.3,1671,0,1,1,0,180.3
2005,6,8,7,9,263,180.3,1721,0,1,1,0,180.3
2005,6,8,8,9,263,180.3,1725,0,1,1,0,180.3
2005,6,8,9,9,263,180.3,1547,0,1,1,0,180.3
2005,6,8,10,9,263,180.3,1640,0,1,1,0,180.3
2005,6,8,11,9,263,180.3,1673,0,1,1,0,180.3
2005,6,8,12,9,263,180.3,1739,0,1,1,0,180.3
2005,6,8,13,9,263,180.3,1870,0,1,1,0,180.3
2005,6,8,14,9,263,180.3,1993,0,1,1,0,180.3
2005,6,8,15,9,263,180.3,2215,0,1,1,0,180.3
2005,6,8,16,9,263,180.3,2300,0,1,1,0,180.3
2005,6,8,17,9,263,180.3,2353,0,1,1,0,180.3
2005,6,8,18,9,263,180.3,2506,0,1,1,0,180.3
2005,6,8,19,9,263,180.3,2527,0,1,1,0,180.3
2005,6,8,20,9,263,180.3,2347,0,1,1,0,180.3
2005,6,8,21,9,263,180.3,2239,0,1,1,0,180.3
2005,6,8,22,9,263,180.3,2316,0,1,1,0,180.3
2005,6,8,23,9,263,180.3,2490,0,1,1,0,180.3
2005,6,8,24,9,263,180.3,2286,0,1,1,0,180.3
2005,6,8,1,5,264,0,31,0,2,1,0,0
2005,6,8,1,5,264,80.01,17,0,2,0,0,80.01
2005,6,8,1,5,264,85.01,10,0,2,0,0,85.01
2005,6,8,1,5,264,87.51,10,0,2,0,0,87.51
2005,6,8,1,5,264,90.01,20,0,2,0,0,90.01
2005,6,8,1,5,264,97.51,10,0,2,0,0,97.51
2005,6,8,1,5,264,100.01,45,0,2,0,0,100.01
2005,6,8,1,5,264,115.01,20,0,2,0,0,115.01
2005,6,8,1,5,264,135.01,16,0,2,0,0,135.01
2005,6,8,1,5,264,180.3,10,0,2,0,0,180.3
2005,6,8,2,5,264,0,31,0,2,1,0,0
2005,6,8,2,5,264,80.01,17,0,2,0,0,80.01
2005,6,8,2,5,264,85.01,10,0,2,0,0,85.01
2005,6,8,2,5,264,87.51,10,0,2,0,0,87.51
2005,6,8,2,5,264,90.01,20,0,2,0,0,90.01
2005,6,8,2,5,264,97.51,10,0,2,0,0,97.51
2005,6,8,2,5,264,100.01,45,0,2,0,0,100.01
2005,6,8,2,5,264,115.01,20,0,2,0,0,115.01
2005,6,8,2,5,264,135.01,16,0,2,0,0,135.01
2005,6,8,2,5,264,180.3,10,0,2,0,0,180.3
2005,6,8,3,5,264,0,31,0,2,1,0,0
2005,6,8,3,5,264,80.01,17,0,2,0,0,80.01
2005,6,8,3,5,264,85.01,10,0,2,0,0,85.01
2005,6,8,3,5,264,87.51,10,0,2,0,0,87.51
2005,6,8,3,5,264,90.01,20,0,2,0,0,90.01
2005,6,8,3,5,264,97.51,10,0,2,0,0,97.51
2005,6,8,3,5,264,100.01,45,0,2,0,0,100.01
2005,6,8,3,5,264,115.01,20,0,2,0,0,115.01
2005,6,8,3,5,264,135.01,16,0,2,0,0,135.01
2005,6,8,3,5,264,180.3,10,0,2,0,0,180.3
2005,6,8,4,5,264,0,31,0,2,1,0,0
2005,6,8,4,5,264,80.01,17,0,2,0,0,80.01
2005,6,8,4,5,264,85.01,10,0,2,0,0,85.01
2005,6,8,4,5,264,87.51,10,0,2,0,0,87.51
2005,6,8,4,5,264,90.01,20,0,2,0,0,90.01
2005,6,8,4,5,264,97.51,10,0,2,0,0,97.51
2005,6,8,4,5,264,100.01,45,0,2,0,0,100.01
2005,6,8,4,5,264,115.01,20,0,2,0,0,115.01
2005,6,8,4,5,264,135.01,16,0,2,0,0,135.01
2005,6,8,4,5,264,180.3,10,0,2,0,0,180.3
2005,6,8,5,5,264,0,31,0,2,1,0,0
2005,6,8,5,5,264,80.01,17,0,2,0,0,80.01
2005,6,8,5,5,264,85.01,10,0,2,0,0,85.01
2005,6,8,5,5,264,87.51,10,0,2,0,0,87.51
2005,6,8,5,5,264,90.01,20,0,2,0,0,90.01
2005,6,8,5,5,264,97.51,10,0,2,0,0,97.51
2005,6,8,5,5,264,100.01,45,0,2,0,0,100.01
2005,6,8,5,5,264,115.01,20,0,2,0,0,115.01
2005,6,8,5,5,264,135.01,16,0,2,0,0,135.01
2005,6,8,5,5,264,180.3,10,0,2,0,0,180.3
2005,6,8,6,5,264,0,31,0,2,1,0,0
2005,6,8,6,5,264,80.01,17,0,2,0,0,80.01
2005,6,8,6,5,264,85.01,10,0,2,0,0,85.01
2005,6,8,6,5,264,87.51,10,0,2,0,0,87.51
2005,6,8,6,5,264,90.01,20,0,2,0,0,90.01
2005,6,8,6,5,264,97.51,10,0,2,0,0,97.51
2005,6,8,6,5,264,100.01,45,0,2,0,0,100.01
2005,6,8,6,5,264,115.01,20,0,2,0,0,115.01
2005,6,8,6,5,264,135.01,16,0,2,0,0,135.01
2005,6,8,6,5,264,180.3,10,0,2,0,0,180.3
2005,6,8,7,5,264,0,31,0,2,1,0,0
2005,6,8,7,5,264,80.01,17,0,2,0,0,80.01
2005,6,8,7,5,264,85.01,10,0,2,0,0,85.01
2005,6,8,7,5,264,87.51,10,0,2,0,0,87.51
2005,6,8,7,5,264,90.01,20,0,2,0,0,90.01
2005,6,8,7,5,264,97.51,10,0,2,0,0,97.51
2005,6,8,7,5,264,100.01,45,0,2,0,0,100.01
2005,6,8,7,5,264,115.01,20,0,2,0,0,115.01
2005,6,8,7,5,264,135.01,16,0,2,0,0,135.01
2005,6,8,7,5,264,180.3,10,0,2,0,0,180.3
2005,6,8,8,5,264,0,31,0,2,1,0,0
2005,6,8,8,5,264,80.01,17,0,2,0,0,80.01
2005,6,8,8,5,264,85.01,10,0,2,0,0,85.01
2005,6,8,8,5,264,87.51,10,0,2,0,0,87.51
2005,6,8,8,5,264,90.01,20,0,2,0,0,90.01
2005,6,8,8,5,264,97.51,10,0,2,0,0,97.51
2005,6,8,8,5,264,100.01,45,0,2,0,0,100.01
2005,6,8,8,5,264,115.01,20,0,2,0,0,115.01
2005,6,8,8,5,264,135.01,16,0,2,0,0,135.01
2005,6,8,8,5,264,180.3,10,0,2,0,0,180.3
2005,6,8,9,5,264,0,31,0,2,1,0,0
2005,6,8,9,5,264,85.01,10,0,2,0,0,85.01
2005,6,8,9,5,264,87.51,10,0,2,0,0,87.51
2005,6,8,9,5,264,90.01,20,0,2,0,0,90.01
2005,6,8,9,5,264,97.51,10,0,2,0,0,97.51
2005,6,8,9,5,264,100.01,54,0,2,0,0,100.01
2005,6,8,9,5,264,115.01,20,0,2,0,0,115.01
2005,6,8,9,5,264,135.01,16,0,2,0,0,135.01
2005,6,8,9,5,264,180.3,10,0,2,0,0,180.3
2005,6,8,10,5,264,0,31,0,2,1,0,0
2005,6,8,10,5,264,85.01,10,0,2,0,0,85.01
2005,6,8,10,5,264,87.51,10,0,2,0,0,87.51
2005,6,8,10,5,264,90.01,20,0,2,0,0,90.01
2005,6,8,10,5,264,97.51,10,0,2,0,0,97.51
2005,6,8,10,5,264,100.01,54,0,2,0,0,100.01
2005,6,8,10,5,264,115.01,20,0,2,0,0,115.01
2005,6,8,10,5,264,135.01,16,0,2,0,0,135.01
2005,6,8,10,5,264,180.3,10,0,2,0,0,180.3
2005,6,8,11,5,264,0,40,0,2,1,0,0
2005,6,8,11,5,264,85.01,23,0,2,1,0,85.01
2005,6,8,11,5,264,87.51,10,0,2,1,0,87.51
2005,6,8,11,5,264,90.01,20,0,2,0,0,90.01
2005,6,8,11,5,264,97.51,10,0,2,0,0,97.51
2005,6,8,11,5,264,100.01,49,0,2,0,0,100.01
2005,6,8,11,5,264,115.01,20,0,2,0,0,115.01
2005,6,8,11,5,264,135.01,16,0,2,0,0,135.01
2005,6,8,11,5,264,180.3,10,0,2,0,0,180.3
2005,6,8,12,5,264,0,40,0,2,1,0,0
2005,6,8,12,5,264,85.01,23,0,2,1,0,85.01
2005,6,8,12,5,264,87.51,10,0,2,1,0,87.51
2005,6,8,12,5,264,90.01,20,0,2,1,0,90.01
2005,6,8,12,5,264,97.51,10,0,2,0,0,97.51
2005,6,8,12,5,264,100.01,49,0,2,0,0,100.01
2005,6,8,12,5,264,115.01,20,0,2,0,0,115.01
2005,6,8,12,5,264,135.01,16,0,2,0,0,135.01
2005,6,8,12,5,264,180.3,10,0,2,0,0,180.3
2005,6,8,13,5,264,0,40,0,2,1,0,0
2005,6,8,13,5,264,85.01,23,0,2,1,0,85.01
2005,6,8,13,5,264,87.51,10,0,2,1,0,87.51
2005,6,8,13,5,264,90.01,20,0,2,1,0,90.01
2005,6,8,13,5,264,97.51,10,0,2,1,0,97.51
2005,6,8,13,5,264,100.01,49,0,2,0,0,100.01
2005,6,8,13,5,264,115.01,20,0,2,0,0,115.01
2005,6,8,13,5,264,135.01,16,0,2,0,0,135.01
2005,6,8,13,5,264,180.3,10,0,2,0,0,180.3
2005,6,8,14,5,264,0,40,0,2,1,0,0
2005,6,8,14,5,264,85.01,23,0,2,1,0,85.01
2005,6,8,14,5,264,87.51,10,0,2,1,0,87.51
2005,6,8,14,5,264,90.01,20,0,2,1,0,90.01
2005,6,8,14,5,264,97.51,10,0,2,1,0,97.51
2005,6,8,14,5,264,100.01,49,0,2,0,0,100.01
2005,6,8,14,5,264,115.01,20,0,2,0,0,115.01
2005,6,8,14,5,264,135.01,16,0,2,0,0,135.01
2005,6,8,14,5,264,180.3,10,0,2,0,0,180.3
2005,6,8,15,5,264,0,31,0,2,1,0,0
2005,6,8,15,5,264,80.01,17,0,2,1,0,80.01
2005,6,8,15,5,264,85.01,10,0,2,1,0,85.01
2005,6,8,15,5,264,87.51,10,0,2,1,0,87.51
2005,6,8,15,5,264,90.01,20,0,2,0,0,90.01
2005,6,8,15,5,264,97.51,10,0,2,0,0,97.51
2005,6,8,15,5,264,100.01,54,0,2,0,0,100.01
2005,6,8,15,5,264,115.01,20,0,2,0,0,115.01
2005,6,8,15,5,264,135.01,16,0,2,0,0,135.01
2005,6,8,15,5,264,180.3,10,0,2,0,0,180.3
2005,6,8,16,5,264,0,31,0,2,1,0,0
2005,6,8,16,5,264,80.01,17,0,2,1,0,80.01
2005,6,8,16,5,264,85.01,10,0,2,1,0,85.01
2005,6,8,16,5,264,87.51,10,0,2,1,0,87.51
2005,6,8,16,5,264,90.01,20,0,2,0,0,90.01
2005,6,8,16,5,264,97.51,10,0,2,0,0,97.51
2005,6,8,16,5,264,100.01,54,0,2,0,0,100.01
2005,6,8,16,5,264,115.01,20,0,2,0,0,115.01
2005,6,8,16,5,264,135.01,16,0,2,0,0,135.01
2005,6,8,16,5,264,180.3,10,0,2,0,0,180.3
2005,6,8,17,5,264,0,31,0,2,1,0,0
2005,6,8,17,5,264,80.01,17,0,2,1,0,80.01
2005,6,8,17,5,264,85.01,19,0,2,1,0,85.01
2005,6,8,17,5,264,87.51,10,0,2,1,0,87.51
2005,6,8,17,5,264,90.01,20,0,2,0,0,90.01
2005,6,8,17,5,264,97.51,10,0,2,0,0,97.51
2005,6,8,17,5,264,100.01,58,0,2,0,0,100.01
2005,6,8,17,5,264,115.01,20,0,2,0,0,115.01
2005,6,8,17,5,264,135.01,16,0,2,0,0,135.01
2005,6,8,17,5,264,180.3,10,0,2,0,0,180.3
2005,6,8,18,5,264,0,31,0,2,1,0,0
2005,6,8,18,5,264,80.01,17,0,2,1,0,80.01
2005,6,8,18,5,264,85.01,19,0,2,1,0,85.01
2005,6,8,18,5,264,87.51,10,0,2,1,0,87.51
2005,6,8,18,5,264,90.01,20,0,2,1,0,90.01
2005,6,8,18,5,264,97.51,10,0,2,0,0,97.51
2005,6,8,18,5,264,100.01,58,0,2,0,0,100.01
2005,6,8,18,5,264,115.01,20,0,2,0,0,115.01
2005,6,8,18,5,264,135.01,16,0,2,0,0,135.01
2005,6,8,18,5,264,180.3,10,0,2,0,0,180.3
2005,6,8,19,5,264,0,31,0,2,1,0,0
2005,6,8,19,5,264,80.01,17,0,2,1,0,80.01
2005,6,8,19,5,264,85.01,19,0,2,1,0,85.01
2005,6,8,19,5,264,87.51,10,0,2,1,0,87.51
2005,6,8,19,5,264,90.01,20,0,2,0,0,90.01
2005,6,8,19,5,264,97.51,10,0,2,0,0,97.51
2005,6,8,19,5,264,100.01,58,0,2,0,0,100.01
2005,6,8,19,5,264,115.01,20,0,2,0,0,115.01
2005,6,8,19,5,264,135.01,16,0,2,0,0,135.01
2005,6,8,19,5,264,180.3,10,0,2,0,0,180.3
2005,6,8,20,5,264,0,31,0,2,1,0,0
2005,6,8,20,5,264,80.01,9,0,2,1,0,80.01
2005,6,8,20,5,264,85.01,10,0,2,0,0,85.01
2005,6,8,20,5,264,87.51,10,0,2,0,0,87.51
2005,6,8,20,5,264,90.01,20,0,2,0,0,90.01
2005,6,8,20,5,264,97.51,10,0,2,0,0,97.51
2005,6,8,20,5,264,100.01,54,0,2,0,0,100.01
2005,6,8,20,5,264,115.01,20,0,2,0,0,115.01
2005,6,8,20,5,264,135.01,16,0,2,0,0,135.01
2005,6,8,20,5,264,180.3,10,0,2,0,0,180.3
2005,6,8,21,5,264,0,31,0,2,1,0,0
2005,6,8,21,5,264,80.01,17,0,2,0,0,80.01
2005,6,8,21,5,264,85.01,10,0,2,0,0,85.01
2005,6,8,21,5,264,87.51,10,0,2,0,0,87.51
2005,6,8,21,5,264,90.01,20,0,2,0,0,90.01
2005,6,8,21,5,264,97.51,10,0,2,0,0,97.51
2005,6,8,21,5,264,100.01,54,0,2,0,0,100.01
2005,6,8,21,5,264,115.01,20,0,2,0,0,115.01
2005,6,8,21,5,264,135.01,16,0,2,0,0,135.01
2005,6,8,21,5,264,180.3,10,0,2,0,0,180.3
2005,6,8,22,5,264,0,31,0,2,1,0,0
2005,6,8,22,5,264,80.01,17,0,2,0,0,80.01
2005,6,8,22,5,264,85.01,10,0,2,0,0,85.01
2005,6,8,22,5,264,87.51,10,0,2,0,0,87.51
2005,6,8,22,5,264,90.01,20,0,2,0,0,90.01
2005,6,8,22,5,264,97.51,10,0,2,0,0,97.51
2005,6,8,22,5,264,100.01,54,0,2,0,0,100.01
2005,6,8,22,5,264,115.01,20,0,2,0,0,115.01
2005,6,8,22,5,264,135.01,16,0,2,0,0,135.01
2005,6,8,22,5,264,180.3,10,0,2,0,0,180.3
2005,6,8,23,5,264,0,31,0,2,1,0,0
2005,6,8,23,5,264,80.01,17,0,2,0,0,80.01
2005,6,8,23,5,264,85.01,10,0,2,0,0,85.01
2005,6,8,23,5,264,87.51,10,0,2,0,0,87.51
2005,6,8,23,5,264,90.01,20,0,2,0,0,90.01
2005,6,8,23,5,264,97.51,10,0,2,0,0,97.51
2005,6,8,23,5,264,100.01,54,0,2,0,0,100.01
2005,6,8,23,5,264,115.01,20,0,2,0,0,115.01
2005,6,8,23,5,264,135.01,16,0,2,0,0,135.01
2005,6,8,23,5,264,180.3,10,0,2,0,0,180.3
2005,6,8,24,5,264,0,31,0,2,1,0,0
2005,6,8,24,5,264,80.01,17,0,2,0,0,80.01
2005,6,8,24,5,264,85.01,10,0,2,0,0,85.01
2005,6,8,24,5,264,87.51,10,0,2,0,0,87.51
2005,6,8,24,5,264,90.01,20,0,2,0,0,90.01
2005,6,8,24,5,264,97.51,10,0,2,0,0,97.51
2005,6,8,24,5,264,100.01,45,0,2,0,0,100.01
2005,6,8,24,5,264,115.01,20,0,2,0,0,115.01
2005,6,8,24,5,264,135.01,16,0,2,0,0,135.01
2005,6,8,24,5,264,180.3,10,0,2,0,0,180.3
2005,6,8,20,5,265,0,50,0,2,1,0,0
2005,6,8,21,5,265,0,50,0,2,1,0,0
2005,6,8,22,5,265,0,50,0,2,1,0,0
2005,6,8,23,5,265,0,50,0,2,1,0,0
2005,6,8,24,5,265,0,50,0,2,1,0,0
2005,6,8,1,4,266,1,50,0,1,0,0,1
2005,6,8,1,4,266,180.3,1062.9,0,1,1,0,180.3
2005,6,8,2,4,266,1,50,0,1,0,0,1
2005,6,8,2,4,266,180.3,1026.2,0,1,1,0,180.3
2005,6,8,3,4,266,1,50,0,1,0,0,1
2005,6,8,3,4,266,180.3,991.4,0,1,1,0,180.3
2005,6,8,4,4,266,1,50,0,1,0,0,1
2005,6,8,4,4,266,180.3,983.1,0,1,1,0,180.3
2005,6,8,5,4,266,1,50,0,1,0,0,1
2005,6,8,5,4,266,180.3,981.9,0,1,1,0,180.3
2005,6,8,6,4,266,1,50,0,1,0,0,1
2005,6,8,6,4,266,180.3,1014.8,0,1,1,0,180.3
2005,6,8,7,4,266,1,50,0,1,0,0,1
2005,6,8,7,4,266,180.3,1185,0,1,1,0,180.3
2005,6,8,8,4,266,1,50,0,1,0,0,1
2005,6,8,8,4,266,180.3,1358.6,0,1,1,0,180.3
2005,6,8,9,4,266,1,50,0,1,0,0,1
2005,6,8,9,4,266,45,60,0,1,0,0,45
2005,6,8,9,4,266,180.3,1519.7,0,1,1,0,180.3
2005,6,8,10,4,266,1,50,0,1,0,0,1
2005,6,8,10,4,266,45,60,0,1,0,0,45
2005,6,8,10,4,266,180.3,1668.1,0,1,1,0,180.3
2005,6,8,11,4,266,1,50,0,1,0,0,1
2005,6,8,11,4,266,45,60,0,1,0,0,45
2005,6,8,11,4,266,180.3,1795.1,0,1,1,0,180.3
2005,6,8,12,4,266,1,50,0,1,0,0,1
2005,6,8,12,4,266,45,60,0,1,0,0,45
2005,6,8,12,4,266,180.3,1838.3,0,1,1,0,180.3
2005,6,8,13,4,266,1,50,0,1,0,0,1
2005,6,8,13,4,266,45,60,0,1,0,0,45
2005,6,8,13,4,266,180.3,1841.2,0,1,1,0,180.3
2005,6,8,14,4,266,1,50,0,1,0,0,1
2005,6,8,14,4,266,45,60,0,1,0,0,45
2005,6,8,14,4,266,180.3,1754.4,0,1,1,0,180.3
2005,6,8,15,4,266,1,50,0,1,0,0,1
2005,6,8,15,4,266,45,60,0,1,0,0,45
2005,6,8,15,4,266,180.3,1620.1,0,1,1,0,180.3
2005,6,8,16,4,266,1,50,0,1,0,0,1
2005,6,8,16,4,266,45,60,0,1,0,0,45
2005,6,8,16,4,266,180.3,1623.2,0,1,1,0,180.3
2005,6,8,17,4,266,1,50,0,1,0,0,1
2005,6,8,17,4,266,45,60,0,1,0,0,45
2005,6,8,17,4,266,180.3,1643.7,0,1,1,0,180.3
2005,6,8,18,4,266,1,50,0,1,0,0,1
2005,6,8,18,4,266,45,60,0,1,0,0,45
2005,6,8,18,4,266,180.3,1654.3,0,1,1,0,180.3
2005,6,8,19,4,266,1,50,0,1,0,0,1
2005,6,8,19,4,266,45,60,0,1,0,0,45
2005,6,8,19,4,266,180.3,1607,0,1,1,0,180.3
2005,6,8,20,4,266,1,50,0,1,0,0,1
2005,6,8,20,4,266,45,60,0,1,0,0,45
2005,6,8,20,4,266,180.3,1535.7,0,1,1,0,180.3
2005,6,8,21,4,266,1,50,0,1,0,0,1
2005,6,8,21,4,266,45,60,0,1,0,0,45
2005,6,8,21,4,266,180.3,1458.5,0,1,1,0,180.3
2005,6,8,22,4,266,1,50,0,1,0,0,1
2005,6,8,22,4,266,45,60,0,1,0,0,45
2005,6,8,22,4,266,180.3,1304.9,0,1,1,0,180.3
2005,6,8,23,4,266,1,50,0,1,0,0,1
2005,6,8,23,4,266,45,60,0,1,0,0,45
2005,6,8,23,4,266,180.3,1153.1,0,1,1,0,180.3
2005,6,8,24,4,266,1,50,0,1,0,0,1
2005,6,8,24,4,266,45,60,0,1,0,0,45
2005,6,8,24,4,266,180.3,1076.8,0,1,1,0,180.3
2005,6,8,1,4,267,180.3,50,0,1,1,0,180.3
2005,6,8,2,4,267,180.3,50,0,1,1,0,180.3
2005,6,8,3,4,267,180.3,50,0,1,1,0,180.3
2005,6,8,4,4,267,180.3,50,0,1,1,0,180.3
2005,6,8,5,4,267,180.3,50,0,1,1,0,180.3
2005,6,8,6,4,267,180.3,50,0,1,1,0,180.3
2005,6,8,7,4,267,180.3,50,0,1,1,0,180.3
2005,6,8,8,4,267,180.3,50,0,1,1,0,180.3
2005,6,8,9,4,267,180.3,100,0,1,1,0,180.3
2005,6,8,10,4,267,180.3,100,0,1,1,0,180.3
2005,6,8,11,4,267,180.3,100,0,1,1,0,180.3
2005,6,8,12,4,267,180.3,100,0,1,1,0,180.3
2005,6,8,13,4,267,180.3,100,0,1,1,0,180.3
2005,6,8,14,4,267,180.3,100,0,1,1,0,180.3
2005,6,8,15,4,267,180.3,100,0,1,1,0,180.3
2005,6,8,16,4,267,180.3,100,0,1,1,0,180.3
2005,6,8,17,4,267,180.3,100,0,1,1,0,180.3
2005,6,8,18,4,267,180.3,100,0,1,1,0,180.3
2005,6,8,19,4,267,180.3,100,0,1,1,0,180.3
2005,6,8,20,4,267,180.3,100,0,1,1,0,180.3
2005,6,8,21,4,267,180.3,100,0,1,1,0,180.3
2005,6,8,22,4,267,180.3,100,0,1,1,0,180.3
2005,6,8,23,4,267,180.3,100,0,1,1,0,180.3
2005,6,8,24,4,267,180.3,100,0,1,1,0,180.3
2005,6,8,1,5,268,80,50,0,2,0,0,80
2005,6,8,1,5,268,85,20,0,2,0,0,85
2005,6,8,1,5,268,87.5,80,0,2,0,0,87.5
2005,6,8,1,5,268,90,50,0,2,0,0,90
2005,6,8,1,5,268,92.5,20,0,2,0,0,92.5
2005,6,8,1,5,268,105,12,0,2,0,0,105
2005,6,8,1,5,268,107.5,85,0,2,0,0,107.5
2005,6,8,1,5,268,110,131,0,2,0,0,110
2005,6,8,1,5,268,150,68,0,2,0,0,150
2005,6,8,1,5,268,180,35,0,2,0,0,180
2005,6,8,2,5,268,80,50,0,2,0,0,80
2005,6,8,2,5,268,85,20,0,2,0,0,85
2005,6,8,2,5,268,87.5,80,0,2,0,0,87.5
2005,6,8,2,5,268,90,50,0,2,0,0,90
2005,6,8,2,5,268,92.5,20,0,2,0,0,92.5
2005,6,8,2,5,268,105,12,0,2,0,0,105
2005,6,8,2,5,268,107.5,85,0,2,0,0,107.5
2005,6,8,2,5,268,110,131,0,2,0,0,110
2005,6,8,2,5,268,150,68,0,2,0,0,150
2005,6,8,2,5,268,180,35,0,2,0,0,180
2005,6,8,3,5,268,80,50,0,2,0,0,80
2005,6,8,3,5,268,85,20,0,2,0,0,85
2005,6,8,3,5,268,87.5,80,0,2,0,0,87.5
2005,6,8,3,5,268,90,50,0,2,0,0,90
2005,6,8,3,5,268,92.5,20,0,2,0,0,92.5
2005,6,8,3,5,268,105,12,0,2,0,0,105
2005,6,8,3,5,268,107.5,85,0,2,0,0,107.5
2005,6,8,3,5,268,110,131,0,2,0,0,110
2005,6,8,3,5,268,150,68,0,2,0,0,150
2005,6,8,3,5,268,180,35,0,2,0,0,180
2005,6,8,4,5,268,80,50,0,2,0,0,80
2005,6,8,4,5,268,85,20,0,2,0,0,85
2005,6,8,4,5,268,87.5,80,0,2,0,0,87.5
2005,6,8,4,5,268,90,50,0,2,0,0,90
2005,6,8,4,5,268,92.5,20,0,2,0,0,92.5
2005,6,8,4,5,268,105,12,0,2,0,0,105
2005,6,8,4,5,268,107.5,85,0,2,0,0,107.5
2005,6,8,4,5,268,110,131,0,2,0,0,110
2005,6,8,4,5,268,150,68,0,2,0,0,150
2005,6,8,4,5,268,180,35,0,2,0,0,180
2005,6,8,5,5,268,80,50,0,2,0,0,80
2005,6,8,5,5,268,85,20,0,2,0,0,85
2005,6,8,5,5,268,87.5,80,0,2,0,0,87.5
2005,6,8,5,5,268,90,50,0,2,0,0,90
2005,6,8,5,5,268,92.5,20,0,2,0,0,92.5
2005,6,8,5,5,268,105,12,0,2,0,0,105
2005,6,8,5,5,268,107.5,85,0,2,0,0,107.5
2005,6,8,5,5,268,110,131,0,2,0,0,110
2005,6,8,5,5,268,150,68,0,2,0,0,150
2005,6,8,5,5,268,180,35,0,2,0,0,180
2005,6,8,6,5,268,80,50,0,2,0,0,80
2005,6,8,6,5,268,85,20,0,2,0,0,85
2005,6,8,6,5,268,87.5,80,0,2,0,0,87.5
2005,6,8,6,5,268,90,50,0,2,0,0,90
2005,6,8,6,5,268,92.5,20,0,2,0,0,92.5
2005,6,8,6,5,268,105,12,0,2,0,0,105
2005,6,8,6,5,268,107.5,85,0,2,0,0,107.5
2005,6,8,6,5,268,110,131,0,2,0,0,110
2005,6,8,6,5,268,150,68,0,2,0,0,150
2005,6,8,6,5,268,180,35,0,2,0,0,180
2005,6,8,7,5,268,80,50,0,2,0,0,80
2005,6,8,7,5,268,85,20,0,2,0,0,85
2005,6,8,7,5,268,87.5,80,0,2,0,0,87.5
2005,6,8,7,5,268,90,50,0,2,0,0,90
2005,6,8,7,5,268,92.5,20,0,2,0,0,92.5
2005,6,8,7,5,268,105,12,0,2,0,0,105
2005,6,8,7,5,268,107.5,85,0,2,0,0,107.5
2005,6,8,7,5,268,110,131,0,2,0,0,110
2005,6,8,7,5,268,150,68,0,2,0,0,150
2005,6,8,7,5,268,180,35,0,2,0,0,180
2005,6,8,8,5,268,0,20,0,2,1,0,0
2005,6,8,8,5,268,80,50,0,2,0,0,80
2005,6,8,8,5,268,85,20,0,2,0,0,85
2005,6,8,8,5,268,87.5,60,0,2,0,0,87.5
2005,6,8,8,5,268,90,50,0,2,0,0,90
2005,6,8,8,5,268,92.5,20,0,2,0,0,92.5
2005,6,8,8,5,268,105,12,0,2,0,0,105
2005,6,8,8,5,268,107.5,85,0,2,0,0,107.5
2005,6,8,8,5,268,110,131,0,2,0,0,110
2005,6,8,8,5,268,150,68,0,2,0,0,150
2005,6,8,8,5,268,180,35,0,2,0,0,180
2005,6,8,9,5,268,0,82,0,2,1,0,0
2005,6,8,9,5,268,80,50,0,2,0,0,80
2005,6,8,9,5,268,85,20,0,2,0,0,85
2005,6,8,9,5,268,87.5,60,0,2,0,0,87.5
2005,6,8,9,5,268,90,50,0,2,0,0,90
2005,6,8,9,5,268,92.5,20,0,2,0,0,92.5
2005,6,8,9,5,268,105,12,0,2,0,0,105
2005,6,8,9,5,268,107.5,85,0,2,0,0,107.5
2005,6,8,9,5,268,110,131,0,2,0,0,110
2005,6,8,9,5,268,150,45,0,2,0,0,150
2005,6,8,9,5,268,180,50,0,2,0,0,180
2005,6,8,10,5,268,0,82,0,2,1,0,0
2005,6,8,10,5,268,80,50,0,2,1,0,80
2005,6,8,10,5,268,85,20,0,2,0,0,85
2005,6,8,10,5,268,87.5,60,0,2,0,0,87.5
2005,6,8,10,5,268,90,50,0,2,0,0,90
2005,6,8,10,5,268,92.5,20,0,2,0,0,92.5
2005,6,8,10,5,268,105,12,0,2,0,0,105
2005,6,8,10,5,268,107.5,30,0,2,0,0,107.5
2005,6,8,10,5,268,110,131,0,2,0,0,110
2005,6,8,10,5,268,150,45,0,2,0,0,150
2005,6,8,10,5,268,180,50,0,2,0,0,180
2005,6,8,11,5,268,0,147,0,2,1,0,0
2005,6,8,11,5,268,80,50,0,2,1,0,80
2005,6,8,11,5,268,85,20,0,2,1,0,85
2005,6,8,11,5,268,87.5,60,0,2,1,0,87.5
2005,6,8,11,5,268,90,50,0,2,0,0,90
2005,6,8,11,5,268,92.5,20,0,2,0,0,92.5
2005,6,8,11,5,268,105,12,0,2,0,0,105
2005,6,8,11,5,268,107.5,30,0,2,0,0,107.5
2005,6,8,11,5,268,110,131,0,2,0,0,110
2005,6,8,11,5,268,150,15,0,2,0,0,150
2005,6,8,11,5,268,180,55,0,2,0,0,180
2005,6,8,12,5,268,0,147,0,2,1,0,0
2005,6,8,12,5,268,80,50,0,2,1,0,80
2005,6,8,12,5,268,85,20,0,2,1,0,85
2005,6,8,12,5,268,87.5,60,0,2,1,0,87.5
2005,6,8,12,5,268,90,50,0,2,1,0,90
2005,6,8,12,5,268,92.5,20,0,2,0,0,92.5
2005,6,8,12,5,268,105,12,0,2,0,0,105
2005,6,8,12,5,268,107.5,30,0,2,0,0,107.5
2005,6,8,12,5,268,110,131,0,2,0,0,110
2005,6,8,12,5,268,150,15,0,2,0,0,150
2005,6,8,12,5,268,180,55,0,2,0,0,180
2005,6,8,13,5,268,0,147,0,2,1,0,0
2005,6,8,13,5,268,80,50,0,2,1,0,80
2005,6,8,13,5,268,85,20,0,2,1,0,85
2005,6,8,13,5,268,87.5,60,0,2,1,0,87.5
2005,6,8,13,5,268,90,50,0,2,1,0,90
2005,6,8,13,5,268,92.5,20,0,2,1,0,92.5
2005,6,8,13,5,268,105,12,0,2,0,0,105
2005,6,8,13,5,268,107.5,30,0,2,0,0,107.5
2005,6,8,13,5,268,110,131,0,2,0,0,110
2005,6,8,13,5,268,150,15,0,2,0,0,150
2005,6,8,13,5,268,180,55,0,2,0,0,180
2005,6,8,14,5,268,0,147,0,2,1,0,0
2005,6,8,14,5,268,80,50,0,2,1,0,80
2005,6,8,14,5,268,85,20,0,2,1,0,85
2005,6,8,14,5,268,87.5,60,0,2,1,0,87.5
2005,6,8,14,5,268,90,50,0,2,1,0,90
2005,6,8,14,5,268,92.5,20,0,2,1,0,92.5
2005,6,8,14,5,268,105,12,0,2,0,0,105
2005,6,8,14,5,268,107.5,30,0,2,0,0,107.5
2005,6,8,14,5,268,110,131,0,2,0,0,110
2005,6,8,14,5,268,150,15,0,2,0,0,150
2005,6,8,14,5,268,180,55,0,2,0,0,180
2005,6,8,15,5,268,0,82,0,2,1,0,0
2005,6,8,15,5,268,80,50,0,2,1,0,80
2005,6,8,15,5,268,85,20,0,2,1,0,85
2005,6,8,15,5,268,87.5,60,0,2,1,0,87.5
2005,6,8,15,5,268,90,50,0,2,0,0,90
2005,6,8,15,5,268,92.5,20,0,2,0,0,92.5
2005,6,8,15,5,268,105,12,0,2,0,0,105
2005,6,8,15,5,268,107.5,30,0,2,0,0,107.5
2005,6,8,15,5,268,110,131,0,2,0,0,110
2005,6,8,15,5,268,150,45,0,2,0,0,150
2005,6,8,15,5,268,180,50,0,2,0,0,180
2005,6,8,16,5,268,0,82,0,2,1,0,0
2005,6,8,16,5,268,80,50,0,2,1,0,80
2005,6,8,16,5,268,85,20,0,2,1,0,85
2005,6,8,16,5,268,87.5,60,0,2,1,0,87.5
2005,6,8,16,5,268,90,50,0,2,0,0,90
2005,6,8,16,5,268,92.5,20,0,2,0,0,92.5
2005,6,8,16,5,268,105,12,0,2,0,0,105
2005,6,8,16,5,268,107.5,85,0,2,0,0,107.5
2005,6,8,16,5,268,110,131,0,2,0,0,110
2005,6,8,16,5,268,150,45,0,2,0,0,150
2005,6,8,16,5,268,180,50,0,2,0,0,180
2005,6,8,17,5,268,0,147,0,2,1,0,0
2005,6,8,17,5,268,80,50,0,2,1,0,80
2005,6,8,17,5,268,85,20,0,2,1,0,85
2005,6,8,17,5,268,87.5,60,0,2,1,0,87.5
2005,6,8,17,5,268,90,50,0,2,0,0,90
2005,6,8,17,5,268,92.5,20,0,2,0,0,92.5
2005,6,8,17,5,268,105,12,0,2,0,0,105
2005,6,8,17,5,268,107.5,85,0,2,0,0,107.5
2005,6,8,17,5,268,110,131,0,2,0,0,110
2005,6,8,17,5,268,150,15,0,2,0,0,150
2005,6,8,17,5,268,180,55,0,2,0,0,180
2005,6,8,18,5,268,0,147,0,2,1,0,0
2005,6,8,18,5,268,80,50,0,2,1,0,80
2005,6,8,18,5,268,85,20,0,2,1,0,85
2005,6,8,18,5,268,87.5,60,0,2,1,0,87.5
2005,6,8,18,5,268,90,50,0,2,1,0,90
2005,6,8,18,5,268,92.5,20,0,2,1,0,92.5
2005,6,8,18,5,268,105,12,0,2,0,0,105
2005,6,8,18,5,268,107.5,85,0,2,0,0,107.5
2005,6,8,18,5,268,110,131,0,2,0,0,110
2005,6,8,18,5,268,150,15,0,2,0,0,150
2005,6,8,18,5,268,180,55,0,2,0,0,180
2005,6,8,19,5,268,0,147,0,2,1,0,0
2005,6,8,19,5,268,80,50,0,2,1,0,80
2005,6,8,19,5,268,85,20,0,2,1,0,85
2005,6,8,19,5,268,87.5,60,0,2,1,0,87.5
2005,6,8,19,5,268,90,50,0,2,0,0,90
2005,6,8,19,5,268,92.5,20,0,2,0,0,92.5
2005,6,8,19,5,268,105,12,0,2,0,0,105
2005,6,8,19,5,268,107.5,85,0,2,0,0,107.5
2005,6,8,19,5,268,110,131,0,2,0,0,110
2005,6,8,19,5,268,150,15,0,2,0,0,150
2005,6,8,19,5,268,180,55,0,2,0,0,180
2005,6,8,20,5,268,0,82,0,2,1,0,0
2005,6,8,20,5,268,80,50,0,2,1,0,80
2005,6,8,20,5,268,85,20,0,2,0,0,85
2005,6,8,20,5,268,87.5,60,0,2,0,0,87.5
2005,6,8,20,5,268,90,50,0,2,0,0,90
2005,6,8,20,5,268,92.5,20,0,2,0,0,92.5
2005,6,8,20,5,268,105,12,0,2,0,0,105
2005,6,8,20,5,268,107.5,85,0,2,0,0,107.5
2005,6,8,20,5,268,110,131,0,2,0,0,110
2005,6,8,20,5,268,150,45,0,2,0,0,150
2005,6,8,20,5,268,180,55,0,2,0,0,180
2005,6,8,21,5,268,0,82,0,2,1,0,0
2005,6,8,21,5,268,80,50,0,2,0,0,80
2005,6,8,21,5,268,85,20,0,2,0,0,85
2005,6,8,21,5,268,87.5,60,0,2,0,0,87.5
2005,6,8,21,5,268,90,50,0,2,0,0,90
2005,6,8,21,5,268,92.5,20,0,2,0,0,92.5
2005,6,8,21,5,268,105,12,0,2,0,0,105
2005,6,8,21,5,268,107.5,85,0,2,0,0,107.5
2005,6,8,21,5,268,110,131,0,2,0,0,110
2005,6,8,21,5,268,150,45,0,2,0,0,150
2005,6,8,21,5,268,180,50,0,2,0,0,180
2005,6,8,22,5,268,0,82,0,2,1,0,0
2005,6,8,22,5,268,80,50,0,2,0,0,80
2005,6,8,22,5,268,85,20,0,2,0,0,85
2005,6,8,22,5,268,87.5,60,0,2,0,0,87.5
2005,6,8,22,5,268,90,50,0,2,0,0,90
2005,6,8,22,5,268,92.5,20,0,2,0,0,92.5
2005,6,8,22,5,268,105,12,0,2,0,0,105
2005,6,8,22,5,268,107.5,85,0,2,0,0,107.5
2005,6,8,22,5,268,110,131,0,2,0,0,110
2005,6,8,22,5,268,150,45,0,2,0,0,150
2005,6,8,22,5,268,180,50,0,2,0,0,180
2005,6,8,23,5,268,0,82,0,2,1,0,0
2005,6,8,23,5,268,80,50,0,2,0,0,80
2005,6,8,23,5,268,85,20,0,2,0,0,85
2005,6,8,23,5,268,87.5,60,0,2,0,0,87.5
2005,6,8,23,5,268,90,50,0,2,0,0,90
2005,6,8,23,5,268,92.5,20,0,2,0,0,92.5
2005,6,8,23,5,268,105,12,0,2,0,0,105
2005,6,8,23,5,268,107.5,85,0,2,0,0,107.5
2005,6,8,23,5,268,110,131,0,2,0,0,110
2005,6,8,23,5,268,150,45,0,2,0,0,150
2005,6,8,23,5,268,180,50,0,2,0,0,180
2005,6,8,24,5,268,0,20,0,2,1,0,0
2005,6,8,24,5,268,80,50,0,2,0,0,80
2005,6,8,24,5,268,85,20,0,2,0,0,85
2005,6,8,24,5,268,87.5,60,0,2,0,0,87.5
2005,6,8,24,5,268,90,50,0,2,0,0,90
2005,6,8,24,5,268,92.5,20,0,2,0,0,92.5
2005,6,8,24,5,268,105,12,0,2,0,0,105
2005,6,8,24,5,268,107.5,85,0,2,0,0,107.5
2005,6,8,24,5,268,110,131,0,2,0,0,110
2005,6,8,24,5,268,150,68,0,2,0,0,150
2005,6,8,24,5,268,180,35,0,2,0,0,180
2005,6,8,1,5,269,0,9,0,2,1,0,0
2005,6,8,1,5,269,85.02,10,0,2,0,0,85.02
2005,6,8,1,5,269,87.52,4,0,2,0,0,87.52
2005,6,8,1,5,269,92.52,12,0,2,0,0,92.52
2005,6,8,1,5,269,105.02,1,0,2,0,0,105.02
2005,6,8,2,5,269,0,9,0,2,1,0,0
2005,6,8,2,5,269,92.52,22,0,2,0,0,92.52
2005,6,8,3,5,269,0,9,0,2,1,0,0
2005,6,8,3,5,269,92.52,22,0,2,0,0,92.52
2005,6,8,4,5,269,0,9,0,2,1,0,0
2005,6,8,4,5,269,92.52,22,0,2,0,0,92.52
2005,6,8,5,5,269,0,9,0,2,1,0,0
2005,6,8,5,5,269,92.52,22,0,2,0,0,92.52
2005,6,8,6,5,269,0,9,0,2,1,0,0
2005,6,8,6,5,269,92.52,22,0,2,0,0,92.52
2005,6,8,7,5,269,0,9,0,2,1,0,0
2005,6,8,7,5,269,92.52,22,0,2,0,0,92.52
2005,6,8,8,5,269,0,9,0,2,1,0,0
2005,6,8,8,5,269,85.02,10,0,2,0,0,85.02
2005,6,8,8,5,269,87.52,4,0,2,0,0,87.52
2005,6,8,8,5,269,92.52,12,0,2,0,0,92.52
2005,6,8,8,5,269,105.02,1,0,2,0,0,105.02
2005,6,8,9,5,269,0,30,0,2,1,0,0
2005,6,8,9,5,269,85.02,7,0,2,0,0,85.02
2005,6,8,9,5,269,87.52,8,0,2,0,0,87.52
2005,6,8,9,5,269,92.52,1,0,2,0,0,92.52
2005,6,8,9,5,269,105.02,3,0,2,0,0,105.02
2005,6,8,10,5,269,0,46,0,2,1,0,0
2005,6,8,10,5,269,85.02,7,0,2,0,0,85.02
2005,6,8,10,5,269,87.52,4,0,2,0,0,87.52
2005,6,8,10,5,269,92.52,1,0,2,0,0,92.52
2005,6,8,10,5,269,105.02,4,0,2,0,0,105.02
2005,6,8,11,5,269,0,90,0,2,1,0,0
2005,6,8,11,5,269,85.02,9,0,2,1,0,85.02
2005,6,8,11,5,269,87.52,8,0,2,1,0,87.52
2005,6,8,11,5,269,105.02,6,0,2,0,0,105.02
2005,6,8,11,5,269,120.02,4,0,2,0,0,120.02
2005,6,8,12,5,269,0,95,0,2,1,0,0
2005,6,8,12,5,269,85.02,9,0,2,1,0,85.02
2005,6,8,12,5,269,87.52,8,0,2,1,0,87.52
2005,6,8,12,5,269,105.02,6,0,2,0,0,105.02
2005,6,8,12,5,269,120.02,4,0,2,0,0,120.02
2005,6,8,13,5,269,0,82,0,2,1,0,0
2005,6,8,13,5,269,85.02,9,0,2,1,0,85.02
2005,6,8,13,5,269,87.52,8,0,2,1,0,87.52
2005,6,8,13,5,269,105.02,6,0,2,0,0,105.02
2005,6,8,13,5,269,120.02,4,0,2,0,0,120.02
2005,6,8,14,5,269,0,78,0,2,1,0,0
2005,6,8,14,5,269,85.02,9,0,2,1,0,85.02
2005,6,8,14,5,269,87.52,12,0,2,1,0,87.52
2005,6,8,14,5,269,105.02,6,0,2,0,0,105.02
2005,6,8,14,5,269,120.02,4,0,2,0,0,120.02
2005,6,8,15,5,269,0,41,0,2,1,0,0
2005,6,8,15,5,269,85.02,7,0,2,1,0,85.02
2005,6,8,15,5,269,87.52,4,0,2,1,0,87.52
2005,6,8,15,5,269,92.52,1,0,2,0,0,92.52
2005,6,8,15,5,269,105.02,3,0,2,0,0,105.02
2005,6,8,16,5,269,0,41,0,2,1,0,0
2005,6,8,16,5,269,85.02,7,0,2,1,0,85.02
2005,6,8,16,5,269,87.52,4,0,2,1,0,87.52
2005,6,8,16,5,269,92.52,1,0,2,0,0,92.52
2005,6,8,16,5,269,105.02,3,0,2,0,0,105.02
2005,6,8,17,5,269,0,70,0,2,1,0,0
2005,6,8,17,5,269,85.02,7,0,2,1,0,85.02
2005,6,8,17,5,269,87.52,8,0,2,1,0,87.52
2005,6,8,17,5,269,92.52,1,0,2,0,0,92.52
2005,6,8,17,5,269,105.02,6,0,2,0,0,105.02
2005,6,8,18,5,269,0,70,0,2,1,0,0
2005,6,8,18,5,269,85.02,7,0,2,1,0,85.02
2005,6,8,18,5,269,87.52,8,0,2,1,0,87.52
2005,6,8,18,5,269,92.52,1,0,2,1,0,92.52
2005,6,8,18,5,269,105.02,6,0,2,0,0,105.02
2005,6,8,19,5,269,0,70,0,2,1,0,0
2005,6,8,19,5,269,85.02,7,0,2,1,0,85.02
2005,6,8,19,5,269,87.52,8,0,2,1,0,87.52
2005,6,8,19,5,269,92.52,1,0,2,0,0,92.52
2005,6,8,19,5,269,105.02,6,0,2,0,0,105.02
2005,6,8,20,5,269,0,34,0,2,1,0,0
2005,6,8,20,5,269,85.02,7,0,2,0,0,85.02
2005,6,8,20,5,269,87.52,4,0,2,0,0,87.52
2005,6,8,20,5,269,92.52,1,0,2,0,0,92.52
2005,6,8,20,5,269,105.02,3,0,2,0,0,105.02
2005,6,8,21,5,269,0,34,0,2,1,0,0
2005,6,8,21,5,269,85.02,7,0,2,0,0,85.02
2005,6,8,21,5,269,87.52,4,0,2,0,0,87.52
2005,6,8,21,5,269,92.52,1,0,2,0,0,92.52
2005,6,8,21,5,269,105.02,3,0,2,0,0,105.02
2005,6,8,22,5,269,0,42,0,2,1,0,0
2005,6,8,22,5,269,85.02,7,0,2,0,0,85.02
2005,6,8,22,5,269,92.52,1,0,2,0,0,92.52
2005,6,8,22,5,269,105.02,4,0,2,0,0,105.02
2005,6,8,23,5,269,0,34,0,2,1,0,0
2005,6,8,23,5,269,85.02,7,0,2,0,0,85.02
2005,6,8,23,5,269,87.52,4,0,2,0,0,87.52
2005,6,8,23,5,269,92.52,1,0,2,0,0,92.52
2005,6,8,23,5,269,105.02,3,0,2,0,0,105.02
2005,6,8,24,5,269,0,9,0,2,1,0,0
2005,6,8,24,5,269,85.02,10,0,2,0,0,85.02
2005,6,8,24,5,269,87.52,4,0,2,0,0,87.52
2005,6,8,24,5,269,92.52,12,0,2,0,0,92.52
2005,6,8,24,5,269,105.02,1,0,2,0,0,105.02
2005,6,8,1,6,270,100,22.7,0,1,1,0,100
2005,6,8,2,6,270,100,22.6,0,1,1,0,100
2005,6,8,3,6,270,100,22.6,0,1,1,0,100
2005,6,8,4,6,270,100,23.1,0,1,1,0,100
2005,6,8,5,6,270,100,22.6,0,1,1,0,100
2005,6,8,6,6,270,100,21.9,0,1,1,0,100
2005,6,8,7,6,270,100,21.2,0,1,1,0,100
2005,6,8,8,6,270,100,21.6,0,1,1,0,100
2005,6,8,9,6,270,100,20.4,0,1,1,0,100
2005,6,8,10,6,270,14.69,12.3,0,1,0,0,14.69
2005,6,8,10,6,270,100,8.2,0,1,1,0,100
2005,6,8,11,6,270,14.69,12.5,0,1,0,0,14.69
2005,6,8,11,6,270,100,8.4,0,1,1,0,100
2005,6,8,12,6,270,14.69,12.4,0,1,0,0,14.69
2005,6,8,12,6,270,100,8.2,0,1,1,0,100
2005,6,8,13,6,270,14.69,12.4,0,1,0,0,14.69
2005,6,8,13,6,270,100,7.7,0,1,1,0,100
2005,6,8,14,6,270,14.69,12.7,0,1,0,0,14.69
2005,6,8,14,6,270,100,8.5,0,1,1,0,100
2005,6,8,15,6,270,14.69,12.5,0,1,0,0,14.69
2005,6,8,15,6,270,100,8.4,0,1,1,0,100
2005,6,8,16,6,270,14.69,12.5,0,1,0,0,14.69
2005,6,8,16,6,270,100,8.3,0,1,1,0,100
2005,6,8,17,6,270,14.69,12.6,0,1,0,0,14.69
2005,6,8,17,6,270,100,8.4,0,1,1,0,100
2005,6,8,18,6,270,14.69,12.8,0,1,0,0,14.69
2005,6,8,18,6,270,100,8.6,0,1,1,0,100
2005,6,8,19,6,270,14.69,12.7,0,1,0,0,14.69
2005,6,8,19,6,270,100,8.4,0,1,1,0,100
2005,6,8,20,6,270,14.69,12.7,0,1,0,0,14.69
2005,6,8,20,6,270,100,8.4,0,1,1,0,100
2005,6,8,21,6,270,14.69,12.5,0,1,0,0,14.69
2005,6,8,21,6,270,100,8.3,0,1,1,0,100
2005,6,8,22,6,270,14.69,12.2,0,1,0,0,14.69
2005,6,8,22,6,270,100,8.2,0,1,1,0,100
2005,6,8,23,6,270,14.69,12.3,0,1,0,0,14.69
2005,6,8,23,6,270,100,8.2,0,1,1,0,100
2005,6,8,24,6,270,14.69,12.7,0,1,0,0,14.69
2005,6,8,24,6,270,100,8.4,0,1,1,0,100
2005,6,8,1,6,271,100,9.6,0,1,1,0,100
2005,6,8,2,6,271,100,7.5,0,1,1,0,100
2005,6,8,3,6,271,100,6.5,0,1,1,0,100
2005,6,8,4,6,271,100,4.8,0,1,1,0,100
2005,6,8,5,6,271,100,6.1,0,1,1,0,100
2005,6,8,6,6,271,100,12,0,1,1,0,100
2005,6,8,7,6,271,100,22.8,0,1,1,0,100
2005,6,8,8,6,271,100,30.2,0,1,1,0,100
2005,6,8,9,6,271,100,29.8,0,1,1,0,100
2005,6,8,10,6,271,14.69,17.8,0,1,0,0,14.69
2005,6,8,10,6,271,100,11.8,0,1,1,0,100
2005,6,8,11,6,271,14.69,17.1,0,1,0,0,14.69
2005,6,8,11,6,271,100,11.4,0,1,1,0,100
2005,6,8,12,6,271,14.69,16.3,0,1,0,0,14.69
2005,6,8,12,6,271,100,10.9,0,1,1,0,100
2005,6,8,13,6,271,14.69,14.5,0,1,0,0,14.69
2005,6,8,13,6,271,100,9,0,1,1,0,100
2005,6,8,14,6,271,14.69,15.8,0,1,0,0,14.69
2005,6,8,14,6,271,100,10.6,0,1,1,0,100
2005,6,8,15,6,271,14.69,17.5,0,1,0,0,14.69
2005,6,8,15,6,271,100,11.7,0,1,1,0,100
2005,6,8,16,6,271,14.69,16.7,0,1,0,0,14.69
2005,6,8,16,6,271,100,11.2,0,1,1,0,100
2005,6,8,17,6,271,14.69,16.6,0,1,0,0,14.69
2005,6,8,17,6,271,100,11,0,1,1,0,100
2005,6,8,18,6,271,14.69,15.7,0,1,0,0,14.69
2005,6,8,18,6,271,100,10.5,0,1,1,0,100
2005,6,8,19,6,271,14.69,19,0,1,0,0,14.69
2005,6,8,19,6,271,100,12.6,0,1,1,0,100
2005,6,8,20,6,271,14.69,18.4,0,1,0,0,14.69
2005,6,8,20,6,271,100,12.3,0,1,1,0,100
2005,6,8,21,6,271,14.69,17.9,0,1,0,0,14.69
2005,6,8,21,6,271,100,11.9,0,1,1,0,100
2005,6,8,22,6,271,14.69,17.6,0,1,0,0,14.69
2005,6,8,22,6,271,100,11.8,0,1,1,0,100
2005,6,8,23,6,271,14.69,18.4,0,1,0,0,14.69
2005,6,8,23,6,271,100,12.3,0,1,1,0,100
2005,6,8,24,6,271,14.69,15.7,0,1,0,0,14.69
2005,6,8,24,6,271,100,10.4,0,1,1,0,100
2005,6,8,1,9,272,14.69,27.3,0,1,0,0,14.69
2005,6,8,1,9,272,180.3,245.6,0,1,1,0,180.3
2005,6,8,2,9,272,180.3,247.4,0,1,1,0,180.3
2005,6,8,3,9,272,180.3,235.8,0,1,1,0,180.3
2005,6,8,4,9,272,180.3,235.5,0,1,1,0,180.3
2005,6,8,5,9,272,180.3,232,0,1,1,0,180.3
2005,6,8,6,9,272,180.3,242,0,1,1,0,180.3
2005,6,8,7,9,272,180.3,239.6,0,1,1,0,180.3
2005,6,8,8,9,272,180.3,251.2,0,1,1,0,180.3
2005,6,8,9,9,272,180.3,179.4,0,1,1,0,180.3
2005,6,8,10,9,272,14.69,13.9,0,1,0,0,14.69
2005,6,8,10,9,272,180.3,125.5,0,1,1,0,180.3
2005,6,8,11,9,272,14.69,13.4,0,1,0,0,14.69
2005,6,8,11,9,272,180.3,120.3,0,1,1,0,180.3
2005,6,8,12,9,272,14.69,11.1,0,1,0,0,14.69
2005,6,8,12,9,272,180.3,99.5,0,1,1,0,180.3
2005,6,8,13,9,272,14.69,10.7,0,1,0,0,14.69
2005,6,8,13,9,272,180.3,96.5,0,1,1,0,180.3
2005,6,8,14,9,272,14.69,9.7,0,1,0,0,14.69
2005,6,8,14,9,272,180.3,87.1,0,1,1,0,180.3
2005,6,8,15,9,272,14.69,19.5,0,1,0,0,14.69
2005,6,8,15,9,272,180.3,175.8,0,1,1,0,180.3
2005,6,8,16,9,272,14.69,19.7,0,1,0,0,14.69
2005,6,8,16,9,272,180.3,177.3,0,1,1,0,180.3
2005,6,8,17,9,272,14.69,18.6,0,1,0,0,14.69
2005,6,8,17,9,272,180.3,167.1,0,1,1,0,180.3
2005,6,8,18,9,272,14.69,23.6,0,1,0,0,14.69
2005,6,8,18,9,272,180.3,212.3,0,1,1,0,180.3
2005,6,8,19,9,272,14.69,24.6,0,1,0,0,14.69
2005,6,8,19,9,272,180.3,221.5,0,1,1,0,180.3
2005,6,8,20,9,272,14.69,24.9,0,1,0,0,14.69
2005,6,8,20,9,272,180.3,224,0,1,1,0,180.3
2005,6,8,21,9,272,14.69,26,0,1,0,0,14.69
2005,6,8,21,9,272,180.3,233.6,0,1,1,0,180.3
2005,6,8,22,9,272,14.69,30.3,0,1,0,0,14.69
2005,6,8,22,9,272,180.3,272.3,0,1,1,0,180.3
2005,6,8,23,9,272,14.69,36.3,0,1,0,0,14.69
2005,6,8,23,9,272,180.3,326.8,0,1,1,0,180.3
2005,6,8,24,9,272,14.69,32.7,0,1,0,0,14.69
2005,6,8,24,9,272,180.3,293.9,0,1,1,0,180.3
2005,6,8,1,9,273,100,162.5,0,1,1,0,100
2005,6,8,2,9,273,100,161.2,0,1,1,0,100
2005,6,8,3,9,273,100,157.6,0,1,1,0,100
2005,6,8,4,9,273,100,157.2,0,1,1,0,100
2005,6,8,5,9,273,100,158.5,0,1,1,0,100
2005,6,8,6,9,273,100,160.5,0,1,1,0,100
2005,6,8,7,9,273,100,180.2,0,1,1,0,100
2005,6,8,8,9,273,100,199.1,0,1,1,0,100
2005,6,8,9,9,273,100,217.2,0,1,1,0,100
2005,6,8,10,9,273,14.69,145.2,0,1,0,0,14.69
2005,6,8,10,9,273,100,96.8,0,1,1,0,100
2005,6,8,11,9,273,14.69,163.3,0,1,0,0,14.69
2005,6,8,11,9,273,100,108.8,0,1,1,0,100
2005,6,8,12,9,273,14.69,168.7,0,1,0,0,14.69
2005,6,8,12,9,273,100,112.5,0,1,1,0,100
2005,6,8,13,9,273,14.69,169,0,1,0,0,14.69
2005,6,8,13,9,273,100,104.1,0,1,1,0,100
2005,6,8,14,9,273,14.69,158.5,0,1,0,0,14.69
2005,6,8,14,9,273,100,105.6,0,1,1,0,100
2005,6,8,15,9,273,14.69,137.1,0,1,0,0,14.69
2005,6,8,15,9,273,100,91.4,0,1,1,0,100
2005,6,8,16,9,273,14.69,137.8,0,1,0,0,14.69
2005,6,8,16,9,273,100,91.9,0,1,1,0,100
2005,6,8,17,9,273,14.69,140.2,0,1,0,0,14.69
2005,6,8,17,9,273,100,93.4,0,1,1,0,100
2005,6,8,18,9,273,14.69,141.2,0,1,0,0,14.69
2005,6,8,18,9,273,100,94.2,0,1,1,0,100
2005,6,8,19,9,273,14.69,138.1,0,1,0,0,14.69
2005,6,8,19,9,273,100,92,0,1,1,0,100
2005,6,8,20,9,273,14.69,135.2,0,1,0,0,14.69
2005,6,8,20,9,273,100,90.2,0,1,1,0,100
2005,6,8,21,9,273,14.69,131.7,0,1,0,0,14.69
2005,6,8,21,9,273,100,87.8,0,1,1,0,100
2005,6,8,22,9,273,14.69,120.4,0,1,0,0,14.69
2005,6,8,22,9,273,100,80.3,0,1,1,0,100
2005,6,8,23,9,273,14.69,108.5,0,1,0,0,14.69
2005,6,8,23,9,273,100,72.4,0,1,1,0,100
2005,6,8,24,9,273,14.69,104,0,1,0,0,14.69
2005,6,8,24,9,273,100,69.3,0,1,1,0,100
2005,6,8,1,6,274,20.5,.5,0,1,0,0,20.5
2005,6,8,1,6,274,180.3,.5,0,1,1,0,180.3
2005,6,8,2,6,274,12.4,.6,0,1,0,0,12.4
2005,6,8,2,6,274,180.3,.4,0,1,1,0,180.3
2005,6,8,3,6,274,12.4,.9,0,1,0,0,12.4
2005,6,8,3,6,274,180.3,.1,0,1,1,0,180.3
2005,6,8,4,6,274,12.4,.8,0,1,0,0,12.4
2005,6,8,4,6,274,180.3,.2,0,1,1,0,180.3
2005,6,8,5,6,274,12.4,.8,0,1,0,0,12.4
2005,6,8,5,6,274,180.3,.2,0,1,1,0,180.3
2005,6,8,6,6,274,12.4,.8,0,1,0,0,12.4
2005,6,8,6,6,274,180.3,.2,0,1,1,0,180.3
2005,6,8,7,6,274,12.4,.8,0,1,0,0,12.4
2005,6,8,7,6,274,180.3,.2,0,1,1,0,180.3
2005,6,8,8,6,274,12.4,.8,0,1,0,0,12.4
2005,6,8,8,6,274,180.3,.2,0,1,1,0,180.3
2005,6,8,9,6,274,22.1,.8,0,1,0,0,22.1
2005,6,8,9,6,274,180.3,.2,0,1,1,0,180.3
2005,6,8,10,6,274,22.1,.8,0,1,0,0,22.1
2005,6,8,10,6,274,180.3,.2,0,1,1,0,180.3
2005,6,8,11,6,274,27.2,.6,0,1,0,0,27.2
2005,6,8,11,6,274,180.3,.4,0,1,1,0,180.3
2005,6,8,12,6,274,27.2,.6,0,1,0,0,27.2
2005,6,8,12,6,274,180.3,.4,0,1,1,0,180.3
2005,6,8,13,6,274,27.2,.6,0,1,0,0,27.2
2005,6,8,13,6,274,180.3,.4,0,1,1,0,180.3
2005,6,8,14,6,274,22.1,.6,0,1,0,0,22.1
2005,6,8,14,6,274,180.3,.4,0,1,1,0,180.3
2005,6,8,15,6,274,22.1,.6,0,1,0,0,22.1
2005,6,8,15,6,274,180.3,.4,0,1,1,0,180.3
2005,6,8,16,6,274,22.1,.5,0,1,0,0,22.1
2005,6,8,16,6,274,180.3,.5,0,1,1,0,180.3
2005,6,8,17,6,274,22.1,.5,0,1,0,0,22.1
2005,6,8,17,6,274,180.3,.5,0,1,1,0,180.3
2005,6,8,18,6,274,22.1,.5,0,1,0,0,22.1
2005,6,8,18,6,274,180.3,.5,0,1,1,0,180.3
2005,6,8,19,6,274,22.1,.5,0,1,0,0,22.1
2005,6,8,19,6,274,180.3,.5,0,1,1,0,180.3
2005,6,8,20,6,274,22.1,.5,0,1,0,0,22.1
2005,6,8,20,6,274,180.3,.5,0,1,1,0,180.3
2005,6,8,21,6,274,22.1,.6,0,1,0,0,22.1
2005,6,8,21,6,274,180.3,.4,0,1,1,0,180.3
2005,6,8,22,6,274,22.1,.6,0,1,0,0,22.1
2005,6,8,22,6,274,180.3,.4,0,1,1,0,180.3
2005,6,8,23,6,274,22.1,.6,0,1,0,0,22.1
2005,6,8,23,6,274,180.3,.4,0,1,1,0,180.3
2005,6,8,24,6,274,22.1,.5,0,1,0,0,22.1
2005,6,8,24,6,274,180.3,.5,0,1,1,0,180.3
2005,6,8,20,6,275,0,25,0,2,1,0,0
2005,6,8,21,6,275,0,25,0,2,1,0,0
2005,6,8,22,6,275,0,25,0,2,1,0,0
2005,6,8,23,6,275,0,25,0,2,1,0,0
2005,6,8,24,6,275,0,25,0,2,1,0,0
2005,6,8,1,6,276,0,50.9,0,2,1,0,0
2005,6,8,1,6,276,63.5,29.1,0,2,0,0,63.5
2005,6,8,2,6,276,0,50.9,0,2,1,0,0
2005,6,8,2,6,276,63.5,29.1,0,2,0,0,63.5
2005,6,8,3,6,276,0,60.9,0,2,1,0,0
2005,6,8,3,6,276,63.5,29.2,0,2,0,0,63.5
2005,6,8,4,6,276,0,65.9,0,2,1,0,0
2005,6,8,4,6,276,63.5,29.2,0,2,0,0,63.5
2005,6,8,5,6,276,0,50.9,0,2,1,0,0
2005,6,8,5,6,276,63.5,29.2,0,2,0,0,63.5
2005,6,8,6,6,276,0,50.9,0,2,1,0,0
2005,6,8,6,6,276,63.5,29.2,0,2,0,0,63.5
2005,6,8,7,6,276,0,50.9,0,2,1,0,0
2005,6,8,7,6,276,63.5,29.3,0,2,0,0,63.5
2005,6,8,8,6,276,0,50.9,0,2,1,0,0
2005,6,8,8,6,276,63.5,29.3,0,2,0,0,63.5
2005,6,8,9,6,276,0,202.9,0,2,1,0,0
2005,6,8,9,6,276,63.5,29.3,0,2,1,0,63.5
2005,6,8,10,6,276,0,202.9,0,2,1,0,0
2005,6,8,10,6,276,63.5,29.3,0,2,1,0,63.5
2005,6,8,11,6,276,0,222.9,0,2,1,0,0
2005,6,8,12,6,276,0,222.9,0,2,1,0,0
2005,6,8,13,6,276,0,222.9,0,2,1,0,0
2005,6,8,14,6,276,0,222.9,0,2,1,0,0
2005,6,8,15,6,276,0,232.9,0,2,1,0,0
2005,6,8,16,6,276,0,242.9,0,2,1,0,0
2005,6,8,17,6,276,0,222.9,0,2,1,0,0
2005,6,8,18,6,276,0,222.9,0,2,1,0,0
2005,6,8,19,6,276,0,222.9,0,2,1,0,0
2005,6,8,20,6,276,0,222.9,0,2,1,0,0
2005,6,8,21,6,276,0,202.9,0,2,1,0,0
2005,6,8,21,6,276,63.5,29.4,0,2,1,0,63.5
2005,6,8,22,6,276,0,202.9,0,2,1,0,0
2005,6,8,22,6,276,63.5,29.4,0,2,1,0,63.5
2005,6,8,23,6,276,0,202.9,0,2,1,0,0
2005,6,8,23,6,276,63.5,29.5,0,2,1,0,63.5
2005,6,8,24,6,276,0,202.9,0,2,1,0,0
2005,6,8,24,6,276,63.5,29.5,0,2,0,0,63.5
2005,6,8,1,8,277,0,258.4,0,2,1,0,0
2005,6,8,1,8,277,180.3,529.1,0,2,0,0,180.3
2005,6,8,2,8,277,0,244.2,0,2,1,0,0
2005,6,8,2,8,277,180.3,543.3,0,2,0,0,180.3
2005,6,8,3,8,277,0,228.6,0,2,1,0,0
2005,6,8,3,8,277,180.3,558.9,0,2,0,0,180.3
2005,6,8,4,8,277,0,220.6,0,2,1,0,0
2005,6,8,4,8,277,180.3,566.9,0,2,0,0,180.3
2005,6,8,5,8,277,0,203.2,0,2,1,0,0
2005,6,8,5,8,277,180.3,584.3,0,2,0,0,180.3
2005,6,8,6,8,277,0,187,0,2,1,0,0
2005,6,8,6,8,277,180.3,600.5,0,2,0,0,180.3
2005,6,8,7,8,277,0,167.8,0,2,1,0,0
2005,6,8,7,8,277,180.3,619.7,0,2,0,0,180.3
2005,6,8,8,8,277,0,148.4,0,2,1,0,0
2005,6,8,8,8,277,180.3,636.9,0,2,0,0,180.3
2005,6,8,9,8,277,0,115.2,0,2,1,0,0
2005,6,8,9,8,277,180.3,645,0,2,0,0,180.3
2005,6,8,10,8,277,0,87.8,0,2,1,0,0
2005,6,8,10,8,277,180.3,667.8,0,2,0,0,180.3
2005,6,8,11,8,277,0,76.1,0,2,1,0,0
2005,6,8,11,8,277,180.3,679.5,0,2,0,0,180.3
2005,6,8,12,8,277,0,72.4,0,2,1,0,0
2005,6,8,12,8,277,180.3,683.2,0,2,0,0,180.3
2005,6,8,13,8,277,0,61.4,0,2,1,0,0
2005,6,8,13,8,277,180.3,694.2,0,2,0,0,180.3
2005,6,8,14,8,277,0,60.9,0,2,1,0,0
2005,6,8,14,8,277,180.3,694.7,0,2,0,0,180.3
2005,6,8,15,8,277,0,62.8,0,2,1,0,0
2005,6,8,15,8,277,180.3,692.8,0,2,0,0,180.3
2005,6,8,16,8,277,0,65,0,2,1,0,0
2005,6,8,16,8,277,180.3,690.6,0,2,0,0,180.3
2005,6,8,17,8,277,0,71.5,0,2,1,0,0
2005,6,8,17,8,277,180.3,684.1,0,2,0,0,180.3
2005,6,8,18,8,277,0,94.7,0,2,1,0,0
2005,6,8,18,8,277,180.3,681.6,0,2,0,0,180.3
2005,6,8,19,8,277,0,103.8,0,2,1,0,0
2005,6,8,19,8,277,180.3,683.7,0,2,0,0,180.3
2005,6,8,20,8,277,0,108,0,2,1,0,0
2005,6,8,20,8,277,180.3,679.5,0,2,0,0,180.3
2005,6,8,21,8,277,0,113.5,0,2,1,0,0
2005,6,8,21,8,277,180.3,674,0,2,0,0,180.3
2005,6,8,22,8,277,0,118.9,0,2,1,0,0
2005,6,8,22,8,277,180.3,668.6,0,2,0,0,180.3
2005,6,8,23,8,277,0,129.4,0,2,1,0,0
2005,6,8,23,8,277,180.3,658.1,0,2,0,0,180.3
2005,6,8,24,8,277,0,153.4,0,2,1,0,0
2005,6,8,24,8,277,180.3,634.1,0,2,0,0,180.3
2005,6,8,1,9,278,0,3.8,0,2,1,0,0
2005,6,8,2,9,278,0,3.8,0,2,1,0,0
2005,6,8,3,9,278,0,3.8,0,2,1,0,0
2005,6,8,4,9,278,0,3.8,0,2,1,0,0
2005,6,8,5,9,278,0,3.8,0,2,1,0,0
2005,6,8,6,9,278,0,3.8,0,2,1,0,0
2005,6,8,7,9,278,0,3.8,0,2,1,0,0
2005,6,8,8,9,278,0,3.8,0,2,1,0,0
2005,6,8,9,9,278,0,3.8,0,2,1,0,0
2005,6,8,10,9,278,0,3.8,0,2,1,0,0
2005,6,8,11,9,278,0,3.8,0,2,1,0,0
2005,6,8,12,9,278,0,3.8,0,2,1,0,0
2005,6,8,13,9,278,0,3.8,0,2,1,0,0
2005,6,8,14,9,278,0,3.8,0,2,1,0,0
2005,6,8,15,9,278,0,3.8,0,2,1,0,0
2005,6,8,16,9,278,0,3.8,0,2,1,0,0
2005,6,8,17,9,278,0,3.8,0,2,1,0,0
2005,6,8,18,9,278,0,3.8,0,2,1,0,0
2005,6,8,19,9,278,0,3.8,0,2,1,0,0
2005,6,8,20,9,278,0,3.8,0,2,1,0,0
2005,6,8,21,9,278,0,3.8,0,2,1,0,0
2005,6,8,22,9,278,0,3.8,0,2,1,0,0
2005,6,8,23,9,278,0,3.8,0,2,1,0,0
2005,6,8,24,9,278,0,3.8,0,2,1,0,0
2005,6,8,1,9,279,0,11,0,2,1,0,0
2005,6,8,2,9,279,0,9.9,0,2,1,0,0
2005,6,8,3,9,279,0,8.7,0,2,1,0,0
2005,6,8,4,9,279,0,7.5,0,2,1,0,0
2005,6,8,5,9,279,0,6.1,0,2,1,0,0
2005,6,8,6,9,279,0,4.6,0,2,1,0,0
2005,6,8,7,9,279,0,3.3,0,2,1,0,0
2005,6,8,8,9,279,0,1.7,0,2,1,0,0
2005,6,8,9,9,279,0,1,0,2,1,0,0
2005,6,8,10,9,279,0,.3,0,2,1,0,0
2005,6,8,11,9,279,0,.1,0,2,1,0,0
2005,6,8,12,9,279,0,.1,0,2,1,0,0
2005,6,8,13,9,279,0,.1,0,2,1,0,0
2005,6,8,14,9,279,0,.6,0,2,1,0,0
2005,6,8,15,9,279,0,1.9,0,2,1,0,0
2005,6,8,16,9,279,0,4.8,0,2,1,0,0
2005,6,8,17,9,279,0,7.9,0,2,1,0,0
2005,6,8,18,9,279,0,11.8,0,2,1,0,0
2005,6,8,19,9,279,0,14.4,0,2,1,0,0
2005,6,8,20,9,279,0,16.5,0,2,1,0,0
2005,6,8,21,9,279,0,16.6,0,2,1,0,0
2005,6,8,22,9,279,0,14.7,0,2,1,0,0
2005,6,8,23,9,279,0,12.3,0,2,1,0,0
2005,6,8,24,9,279,0,8.7,0,2,1,0,0
2005,6,8,1,9,280,0,3,0,2,1,0,0
2005,6,8,2,9,280,0,3,0,2,1,0,0
2005,6,8,3,9,280,0,3,0,2,1,0,0
2005,6,8,4,9,280,0,3,0,2,1,0,0
2005,6,8,5,9,280,0,3,0,2,1,0,0
2005,6,8,6,9,280,0,3,0,2,1,0,0
2005,6,8,7,9,280,0,3,0,2,1,0,0
2005,6,8,8,9,280,0,3,0,2,1,0,0
2005,6,8,9,9,280,0,3,0,2,1,0,0
2005,6,8,10,9,280,0,3,0,2,1,0,0
2005,6,8,11,9,280,0,3,0,2,1,0,0
2005,6,8,12,9,280,0,3,0,2,1,0,0
2005,6,8,13,9,280,0,2.6,0,2,1,0,0
2005,6,8,14,9,280,0,2.5,0,2,1,0,0
2005,6,8,15,9,280,0,2.5,0,2,1,0,0
2005,6,8,16,9,280,0,2.5,0,2,1,0,0
2005,6,8,17,9,280,0,2.5,0,2,1,0,0
2005,6,8,18,9,280,0,2.5,0,2,1,0,0
2005,6,8,19,9,280,0,2.5,0,2,1,0,0
2005,6,8,20,9,280,0,3,0,2,1,0,0
2005,6,8,21,9,280,0,3,0,2,1,0,0
2005,6,8,22,9,280,0,3,0,2,1,0,0
2005,6,8,23,9,280,0,2.7,0,2,1,0,0
2005,6,8,24,9,280,0,3,0,2,1,0,0
