year,month,day,hour,firm_code,id,price,mwh,erate,direction,accepted,rejected,mg_cost
2005,6,21,1,3,1001,0,180,1.12757,2,1,0,0
2005,6,21,1,3,1001,31.25,30,1.12757,2,1,0,46.721286
2005,6,21,1,3,1001,32.48,30,1.12757,2,1,0,46.721286
2005,6,21,1,3,1001,36.48,50,1.12757,2,1,0,46.721286
2005,6,21,1,3,1001,39.48,40,1.12757,2,1,0,46.721286
2005,6,21,1,3,1001,180.3,20,1.12757,2,0,0,180.3
2005,6,21,2,3,1001,0,180,1.12757,2,1,0,0
2005,6,21,2,3,1001,31.25,30,1.12757,2,1,0,46.721286
2005,6,21,2,3,1001,32.48,30,1.12757,2,1,0,46.721286
2005,6,21,2,3,1001,36.48,50,1.12757,2,1,0,46.721286
2005,6,21,2,3,1001,39.48,40,1.12757,2,1,0,46.721286
2005,6,21,2,3,1001,180.3,20,1.12757,2,0,0,180.3
2005,6,21,3,3,1001,0,180,1.12757,2,1,0,0
2005,6,21,3,3,1001,31.25,30,1.12757,2,1,0,46.721286
2005,6,21,3,3,1001,32.48,30,1.12757,2,1,0,46.721286
2005,6,21,3,3,1001,36.48,50,1.12757,2,1,0,46.721286
2005,6,21,3,3,1001,39.48,40,1.12757,2,1,0,46.721286
2005,6,21,3,3,1001,180.3,20,1.12757,2,0,0,180.3
2005,6,21,4,3,1001,0,180,1.12757,2,1,0,0
2005,6,21,4,3,1001,31.25,30,1.12757,2,1,0,46.721286
2005,6,21,4,3,1001,32.48,30,1.12757,2,1,0,46.721286
2005,6,21,4,3,1001,36.48,50,1.12757,2,1,0,46.721286
2005,6,21,4,3,1001,39.48,40,1.12757,2,0,0,46.721286
2005,6,21,4,3,1001,180.3,20,1.12757,2,0,0,180.3
2005,6,21,5,3,1001,0,180,1.12757,2,1,0,0
2005,6,21,5,3,1001,31.25,30,1.12757,2,1,0,46.721286
2005,6,21,5,3,1001,32.48,30,1.12757,2,1,0,46.721286
2005,6,21,5,3,1001,36.48,50,1.12757,2,1,0,46.721286
2005,6,21,5,3,1001,39.48,40,1.12757,2,0,0,46.721286
2005,6,21,5,3,1001,180.3,20,1.12757,2,0,0,180.3
2005,6,21,6,3,1001,0,180,1.12757,2,1,0,0
2005,6,21,6,3,1001,31.25,30,1.12757,2,1,0,46.721286
2005,6,21,6,3,1001,32.48,30,1.12757,2,1,0,46.721286
2005,6,21,6,3,1001,36.48,50,1.12757,2,1,0,46.721286
2005,6,21,6,3,1001,39.48,40,1.12757,2,0,0,46.721286
2005,6,21,6,3,1001,180.3,20,1.12757,2,0,0,180.3
2005,6,21,7,3,1001,0,180,1.12757,2,1,0,0
2005,6,21,7,3,1001,31.25,30,1.12757,2,1,0,46.721286
2005,6,21,7,3,1001,32.48,30,1.12757,2,1,0,46.721286
2005,6,21,7,3,1001,36.48,50,1.12757,2,1,0,46.721286
2005,6,21,7,3,1001,39.48,40,1.12757,2,1,0,46.721286
2005,6,21,7,3,1001,180.3,20,1.12757,2,0,0,180.3
2005,6,21,8,3,1001,0,250,1.12757,2,1,0,0
2005,6,21,8,3,1001,31.25,20,1.12757,2,1,0,46.721286
2005,6,21,8,3,1001,32.48,20,1.12757,2,1,0,46.721286
2005,6,21,8,3,1001,36.48,20,1.12757,2,1,0,46.721286
2005,6,21,8,3,1001,39.48,20,1.12757,2,1,0,46.721286
2005,6,21,8,3,1001,180.3,20,1.12757,2,0,0,180.3
2005,6,21,9,3,1001,0,290,1.12757,2,1,0,0
2005,6,21,9,3,1001,31.25,10,1.12757,2,1,0,46.721286
2005,6,21,9,3,1001,32.48,10,1.12757,2,1,0,46.721286
2005,6,21,9,3,1001,36.48,10,1.12757,2,1,0,46.721286
2005,6,21,9,3,1001,39.48,10,1.12757,2,1,0,46.721286
2005,6,21,9,3,1001,180.3,20,1.12757,2,0,0,180.3
2005,6,21,10,3,1001,0,330,1.12757,2,1,0,0
2005,6,21,10,3,1001,180.3,20,1.12757,2,0,0,180.3
2005,6,21,11,3,1001,0,330,1.12757,2,1,0,0
2005,6,21,11,3,1001,180.3,20,1.12757,2,0,0,180.3
2005,6,21,12,3,1001,0,330,1.12757,2,1,0,0
2005,6,21,12,3,1001,180.3,20,1.12757,2,0,0,180.3
2005,6,21,13,3,1001,0,330,1.12757,2,1,0,0
2005,6,21,13,3,1001,180.3,20,1.12757,2,0,0,180.3
2005,6,21,14,3,1001,0,330,1.12757,2,1,0,0
2005,6,21,14,3,1001,180.3,20,1.12757,2,0,0,180.3
2005,6,21,15,3,1001,0,330,1.12757,2,1,0,0
2005,6,21,15,3,1001,180.3,20,1.12757,2,0,0,180.3
2005,6,21,16,3,1001,0,330,1.12757,2,1,0,0
2005,6,21,16,3,1001,180.3,20,1.12757,2,0,0,180.3
2005,6,21,17,3,1001,0,330,1.12757,2,1,0,0
2005,6,21,17,3,1001,180.3,20,1.12757,2,0,0,180.3
2005,6,21,18,3,1001,0,330,1.12757,2,1,0,0
2005,6,21,18,3,1001,180.3,20,1.12757,2,0,0,180.3
2005,6,21,19,3,1001,0,330,1.12757,2,1,0,0
2005,6,21,19,3,1001,180.3,20,1.12757,2,0,0,180.3
2005,6,21,20,3,1001,0,330,1.12757,2,1,0,0
2005,6,21,20,3,1001,180.3,20,1.12757,2,0,0,180.3
2005,6,21,21,3,1001,0,330,1.12757,2,1,0,0
2005,6,21,21,3,1001,180.3,20,1.12757,2,0,0,180.3
2005,6,21,22,3,1001,0,330,1.12757,2,1,0,0
2005,6,21,22,3,1001,180.3,20,1.12757,2,0,0,180.3
2005,6,21,23,3,1001,0,330,1.12757,2,1,0,0
2005,6,21,23,3,1001,180.3,20,1.12757,2,0,0,180.3
2005,6,21,24,3,1001,0,290,1.12757,2,1,0,0
2005,6,21,24,3,1001,31.25,20,1.12757,2,1,0,46.721286
2005,6,21,24,3,1001,32.48,10,1.12757,2,1,0,46.721286
2005,6,21,24,3,1001,36.48,10,1.12757,2,1,0,46.721286
2005,6,21,24,3,1001,180.3,20,1.12757,2,0,0,180.3
2005,6,21,1,3,1002,0,400,1.12757,2,1,0,0
2005,6,21,1,3,1002,28.55,30,1.12757,2,1,0,46.080044
2005,6,21,1,3,1002,29.55,30,1.12757,2,1,0,46.080044
2005,6,21,1,3,1002,30.55,30,1.12757,2,1,0,46.080044
2005,6,21,1,3,1002,31.55,35,1.12757,2,1,0,46.080044
2005,6,21,1,3,1002,180.3,10,1.12757,2,0,0,180.3
2005,6,21,2,3,1002,0,400,1.12757,2,1,0,0
2005,6,21,2,3,1002,28.55,30,1.12757,2,1,0,46.080044
2005,6,21,2,3,1002,29.55,30,1.12757,2,1,0,46.080044
2005,6,21,2,3,1002,30.55,30,1.12757,2,1,0,46.080044
2005,6,21,2,3,1002,31.55,35,1.12757,2,1,0,46.080044
2005,6,21,2,3,1002,180.3,10,1.12757,2,0,0,180.3
2005,6,21,3,3,1002,0,400,1.12757,2,1,0,0
2005,6,21,3,3,1002,28.55,30,1.12757,2,1,0,46.080044
2005,6,21,3,3,1002,29.55,30,1.12757,2,1,0,46.080044
2005,6,21,3,3,1002,30.55,30,1.12757,2,1,0,46.080044
2005,6,21,3,3,1002,31.55,35,1.12757,2,1,0,46.080044
2005,6,21,3,3,1002,180.3,10,1.12757,2,0,0,180.3
2005,6,21,4,3,1002,0,400,1.12757,2,1,0,0
2005,6,21,4,3,1002,28.55,30,1.12757,2,1,0,46.080044
2005,6,21,4,3,1002,29.55,30,1.12757,2,1,0,46.080044
2005,6,21,4,3,1002,30.55,30,1.12757,2,1,0,46.080044
2005,6,21,4,3,1002,31.55,35,1.12757,2,1,0,46.080044
2005,6,21,4,3,1002,180.3,10,1.12757,2,0,0,180.3
2005,6,21,5,3,1002,0,400,1.12757,2,1,0,0
2005,6,21,5,3,1002,28.55,30,1.12757,2,1,0,46.080044
2005,6,21,5,3,1002,29.55,30,1.12757,2,1,0,46.080044
2005,6,21,5,3,1002,30.55,30,1.12757,2,1,0,46.080044
2005,6,21,5,3,1002,31.55,35,1.12757,2,1,0,46.080044
2005,6,21,5,3,1002,180.3,10,1.12757,2,0,0,180.3
2005,6,21,6,3,1002,0,400,1.12757,2,1,0,0
2005,6,21,6,3,1002,28.55,30,1.12757,2,1,0,46.080044
2005,6,21,6,3,1002,29.55,30,1.12757,2,1,0,46.080044
2005,6,21,6,3,1002,30.55,30,1.12757,2,1,0,46.080044
2005,6,21,6,3,1002,31.55,35,1.12757,2,1,0,46.080044
2005,6,21,6,3,1002,180.3,10,1.12757,2,0,0,180.3
2005,6,21,7,3,1002,0,400,1.12757,2,1,0,0
2005,6,21,7,3,1002,28.55,30,1.12757,2,1,0,46.080044
2005,6,21,7,3,1002,29.55,30,1.12757,2,1,0,46.080044
2005,6,21,7,3,1002,30.55,30,1.12757,2,1,0,46.080044
2005,6,21,7,3,1002,31.55,35,1.12757,2,1,0,46.080044
2005,6,21,7,3,1002,180.3,10,1.12757,2,0,0,180.3
2005,6,21,8,3,1002,0,490,1.12757,2,1,0,0
2005,6,21,8,3,1002,28.55,10,1.12757,2,1,0,46.080044
2005,6,21,8,3,1002,29.55,10,1.12757,2,1,0,46.080044
2005,6,21,8,3,1002,30.55,10,1.12757,2,1,0,46.080044
2005,6,21,8,3,1002,31.55,5,1.12757,2,1,0,46.080044
2005,6,21,8,3,1002,180.3,10,1.12757,2,0,0,180.3
2005,6,21,9,3,1002,0,525,1.12757,2,1,0,0
2005,6,21,9,3,1002,180.3,10,1.12757,2,0,0,180.3
2005,6,21,10,3,1002,0,525,1.12757,2,1,0,0
2005,6,21,10,3,1002,180.3,10,1.12757,2,0,0,180.3
2005,6,21,11,3,1002,0,525,1.12757,2,1,0,0
2005,6,21,11,3,1002,180.3,10,1.12757,2,0,0,180.3
2005,6,21,12,3,1002,0,525,1.12757,2,1,0,0
2005,6,21,12,3,1002,180.3,10,1.12757,2,0,0,180.3
2005,6,21,13,3,1002,0,525,1.12757,2,1,0,0
2005,6,21,13,3,1002,180.3,10,1.12757,2,0,0,180.3
2005,6,21,14,3,1002,0,525,1.12757,2,1,0,0
2005,6,21,14,3,1002,180.3,10,1.12757,2,0,0,180.3
2005,6,21,15,3,1002,0,525,1.12757,2,1,0,0
2005,6,21,15,3,1002,180.3,10,1.12757,2,0,0,180.3
2005,6,21,16,3,1002,0,525,1.12757,2,1,0,0
2005,6,21,16,3,1002,180.3,10,1.12757,2,0,0,180.3
2005,6,21,17,3,1002,0,525,1.12757,2,1,0,0
2005,6,21,17,3,1002,180.3,10,1.12757,2,0,0,180.3
2005,6,21,18,3,1002,0,525,1.12757,2,1,0,0
2005,6,21,18,3,1002,180.3,10,1.12757,2,0,0,180.3
2005,6,21,19,3,1002,0,525,1.12757,2,1,0,0
2005,6,21,19,3,1002,180.3,10,1.12757,2,0,0,180.3
2005,6,21,20,3,1002,0,525,1.12757,2,1,0,0
2005,6,21,20,3,1002,180.3,10,1.12757,2,0,0,180.3
2005,6,21,21,3,1002,0,525,1.12757,2,1,0,0
2005,6,21,21,3,1002,180.3,10,1.12757,2,0,0,180.3
2005,6,21,22,3,1002,0,525,1.12757,2,1,0,0
2005,6,21,22,3,1002,180.3,10,1.12757,2,0,0,180.3
2005,6,21,23,3,1002,0,525,1.12757,2,1,0,0
2005,6,21,23,3,1002,180.3,10,1.12757,2,0,0,180.3
2005,6,21,24,3,1002,0,525,1.12757,2,1,0,0
2005,6,21,24,3,1002,180.3,10,1.12757,2,0,0,180.3
2005,6,21,1,1,1003,.01,30.5,.761947,2,1,0,.01
2005,6,21,1,1,1003,64.94,19.5,.761947,2,0,0,75.729302
2005,6,21,1,1,1003,66.17,25,.761947,2,0,0,75.729302
2005,6,21,1,1,1003,67.41,25,.761947,2,0,0,75.729302
2005,6,21,1,1,1003,68.64,25,.761947,2,0,0,75.729302
2005,6,21,1,1,1003,69.88,25.5,.761947,2,0,0,75.729302
2005,6,21,2,1,1003,.01,30.5,.761947,2,1,0,.01
2005,6,21,2,1,1003,64.94,19.5,.761947,2,0,0,75.729302
2005,6,21,2,1,1003,66.17,25,.761947,2,0,0,75.729302
2005,6,21,2,1,1003,67.41,25,.761947,2,0,0,75.729302
2005,6,21,2,1,1003,68.64,25,.761947,2,0,0,75.729302
2005,6,21,2,1,1003,69.88,25.5,.761947,2,0,0,75.729302
2005,6,21,3,1,1003,.01,30.5,.761947,2,1,0,.01
2005,6,21,3,1,1003,64.94,19.5,.761947,2,0,0,75.729302
2005,6,21,3,1,1003,66.17,25,.761947,2,0,0,75.729302
2005,6,21,3,1,1003,67.41,25,.761947,2,0,0,75.729302
2005,6,21,3,1,1003,68.64,25,.761947,2,0,0,75.729302
2005,6,21,3,1,1003,69.88,25.5,.761947,2,0,0,75.729302
2005,6,21,4,1,1003,.01,30.5,.761947,2,1,0,.01
2005,6,21,4,1,1003,64.94,19.5,.761947,2,0,0,75.729302
2005,6,21,4,1,1003,66.17,25,.761947,2,0,0,75.729302
2005,6,21,4,1,1003,67.41,25,.761947,2,0,0,75.729302
2005,6,21,4,1,1003,68.64,25,.761947,2,0,0,75.729302
2005,6,21,4,1,1003,69.88,25.5,.761947,2,0,0,75.729302
2005,6,21,5,1,1003,.01,30.5,.761947,2,1,0,.01
2005,6,21,5,1,1003,64.94,19.5,.761947,2,0,0,75.729302
2005,6,21,5,1,1003,66.17,25,.761947,2,0,0,75.729302
2005,6,21,5,1,1003,67.41,25,.761947,2,0,0,75.729302
2005,6,21,5,1,1003,68.64,25,.761947,2,0,0,75.729302
2005,6,21,5,1,1003,69.88,25.5,.761947,2,0,0,75.729302
2005,6,21,6,1,1003,.01,30.5,.761947,2,1,0,.01
2005,6,21,6,1,1003,64.94,19.5,.761947,2,0,0,75.729302
2005,6,21,6,1,1003,66.17,25,.761947,2,0,0,75.729302
2005,6,21,6,1,1003,67.41,25,.761947,2,0,0,75.729302
2005,6,21,6,1,1003,68.64,25,.761947,2,0,0,75.729302
2005,6,21,6,1,1003,69.88,25.5,.761947,2,0,0,75.729302
2005,6,21,7,1,1003,.01,30.5,.761947,2,1,0,.01
2005,6,21,7,1,1003,64.94,19.5,.761947,2,0,0,75.729302
2005,6,21,7,1,1003,66.17,25,.761947,2,0,0,75.729302
2005,6,21,7,1,1003,67.41,25,.761947,2,0,0,75.729302
2005,6,21,7,1,1003,68.64,25,.761947,2,0,0,75.729302
2005,6,21,7,1,1003,69.88,25.5,.761947,2,0,0,75.729302
2005,6,21,8,1,1003,.01,30.5,.761947,2,1,0,.01
2005,6,21,8,1,1003,64.94,19.5,.761947,2,0,0,75.729302
2005,6,21,8,1,1003,66.17,25,.761947,2,0,0,75.729302
2005,6,21,8,1,1003,67.41,25,.761947,2,0,0,75.729302
2005,6,21,8,1,1003,68.64,25,.761947,2,0,0,75.729302
2005,6,21,8,1,1003,69.88,25.5,.761947,2,0,0,75.729302
2005,6,21,9,1,1003,.01,30.5,.761947,2,1,0,.01
2005,6,21,9,1,1003,64.94,19.5,.761947,2,0,0,75.729302
2005,6,21,9,1,1003,66.17,25,.761947,2,0,0,75.729302
2005,6,21,9,1,1003,67.41,25,.761947,2,0,0,75.729302
2005,6,21,9,1,1003,68.64,25,.761947,2,0,0,75.729302
2005,6,21,9,1,1003,69.88,25.5,.761947,2,0,0,75.729302
2005,6,21,10,1,1003,0,30.5,.761947,2,1,0,0
2005,6,21,10,1,1003,64.94,19.5,.761947,2,1,0,75.729302
2005,6,21,10,1,1003,66.17,25,.761947,2,1,0,75.729302
2005,6,21,10,1,1003,67.41,25,.761947,2,1,0,75.729302
2005,6,21,10,1,1003,68.64,25,.761947,2,1,0,75.729302
2005,6,21,10,1,1003,69.88,25.5,.761947,2,1,0,75.729302
2005,6,21,11,1,1003,0,30.5,.761947,2,1,0,0
2005,6,21,11,1,1003,64.94,19.5,.761947,2,1,0,75.729302
2005,6,21,11,1,1003,66.17,25,.761947,2,1,0,75.729302
2005,6,21,11,1,1003,67.41,25,.761947,2,1,0,75.729302
2005,6,21,11,1,1003,68.64,25,.761947,2,1,0,75.729302
2005,6,21,11,1,1003,69.88,25.5,.761947,2,1,0,75.729302
2005,6,21,12,1,1003,0,30.5,.761947,2,1,0,0
2005,6,21,12,1,1003,64.94,19.5,.761947,2,1,0,75.729302
2005,6,21,12,1,1003,66.17,25,.761947,2,1,0,75.729302
2005,6,21,12,1,1003,67.41,25,.761947,2,1,0,75.729302
2005,6,21,12,1,1003,68.64,25,.761947,2,1,0,75.729302
2005,6,21,12,1,1003,69.88,25.5,.761947,2,1,0,75.729302
2005,6,21,13,1,1003,0,30.5,.761947,2,1,0,0
2005,6,21,13,1,1003,64.94,19.5,.761947,2,1,0,75.729302
2005,6,21,13,1,1003,66.17,25,.761947,2,1,0,75.729302
2005,6,21,13,1,1003,67.41,25,.761947,2,1,0,75.729302
2005,6,21,13,1,1003,68.64,25,.761947,2,1,0,75.729302
2005,6,21,13,1,1003,69.88,25.5,.761947,2,1,0,75.729302
2005,6,21,14,1,1003,0,30.5,.761947,2,1,0,0
2005,6,21,14,1,1003,64.94,19.5,.761947,2,1,0,75.729302
2005,6,21,14,1,1003,66.17,25,.761947,2,1,0,75.729302
2005,6,21,14,1,1003,67.41,25,.761947,2,1,0,75.729302
2005,6,21,14,1,1003,68.64,25,.761947,2,1,0,75.729302
2005,6,21,14,1,1003,69.88,25.5,.761947,2,1,0,75.729302
2005,6,21,15,1,1003,0,30.5,.761947,2,1,0,0
2005,6,21,15,1,1003,64.94,19.5,.761947,2,1,0,75.729302
2005,6,21,15,1,1003,66.17,25,.761947,2,1,0,75.729302
2005,6,21,15,1,1003,67.41,25,.761947,2,1,0,75.729302
2005,6,21,15,1,1003,68.64,25,.761947,2,1,0,75.729302
2005,6,21,15,1,1003,69.88,25.5,.761947,2,1,0,75.729302
2005,6,21,16,1,1003,0,30.5,.761947,2,1,0,0
2005,6,21,16,1,1003,64.94,19.5,.761947,2,1,0,75.729302
2005,6,21,16,1,1003,66.17,25,.761947,2,1,0,75.729302
2005,6,21,16,1,1003,67.41,25,.761947,2,1,0,75.729302
2005,6,21,16,1,1003,68.64,25,.761947,2,1,0,75.729302
2005,6,21,16,1,1003,69.88,25.5,.761947,2,1,0,75.729302
2005,6,21,17,1,1003,0,30.5,.761947,2,1,0,0
2005,6,21,17,1,1003,64.94,19.5,.761947,2,1,0,75.729302
2005,6,21,17,1,1003,66.17,25,.761947,2,1,0,75.729302
2005,6,21,17,1,1003,67.41,25,.761947,2,1,0,75.729302
2005,6,21,17,1,1003,68.64,25,.761947,2,1,0,75.729302
2005,6,21,17,1,1003,69.88,25.5,.761947,2,1,0,75.729302
2005,6,21,18,1,1003,0,30.5,.761947,2,1,0,0
2005,6,21,18,1,1003,64.94,19.5,.761947,2,1,0,75.729302
2005,6,21,18,1,1003,66.17,25,.761947,2,1,0,75.729302
2005,6,21,18,1,1003,67.41,25,.761947,2,1,0,75.729302
2005,6,21,18,1,1003,68.64,25,.761947,2,1,0,75.729302
2005,6,21,18,1,1003,69.88,25.5,.761947,2,1,0,75.729302
2005,6,21,19,1,1003,0,30.5,.761947,2,1,0,0
2005,6,21,19,1,1003,64.94,19.5,.761947,2,1,0,75.729302
2005,6,21,19,1,1003,66.17,25,.761947,2,1,0,75.729302
2005,6,21,19,1,1003,67.41,25,.761947,2,1,0,75.729302
2005,6,21,19,1,1003,68.64,25,.761947,2,1,0,75.729302
2005,6,21,19,1,1003,69.88,25.5,.761947,2,1,0,75.729302
2005,6,21,20,1,1003,0,30.5,.761947,2,1,0,0
2005,6,21,20,1,1003,64.94,19.5,.761947,2,1,0,75.729302
2005,6,21,20,1,1003,66.17,25,.761947,2,1,0,75.729302
2005,6,21,20,1,1003,67.41,25,.761947,2,1,0,75.729302
2005,6,21,20,1,1003,68.64,25,.761947,2,1,0,75.729302
2005,6,21,20,1,1003,69.88,25.5,.761947,2,1,0,75.729302
2005,6,21,21,1,1003,0,30.5,.761947,2,1,0,0
2005,6,21,21,1,1003,64.94,19.5,.761947,2,1,0,75.729302
2005,6,21,21,1,1003,66.17,25,.761947,2,1,0,75.729302
2005,6,21,21,1,1003,67.41,25,.761947,2,1,0,75.729302
2005,6,21,21,1,1003,68.64,25,.761947,2,1,0,75.729302
2005,6,21,21,1,1003,69.88,25.5,.761947,2,1,0,75.729302
2005,6,21,22,1,1003,.01,30.5,.761947,2,1,0,.01
2005,6,21,22,1,1003,64.94,19.5,.761947,2,1,0,75.729302
2005,6,21,22,1,1003,66.17,25,.761947,2,1,0,75.729302
2005,6,21,22,1,1003,67.41,25,.761947,2,1,0,75.729302
2005,6,21,22,1,1003,68.64,25,.761947,2,1,0,75.729302
2005,6,21,22,1,1003,69.88,25.5,.761947,2,1,0,75.729302
2005,6,21,23,1,1003,.01,30.5,.761947,2,1,0,.01
2005,6,21,23,1,1003,64.94,19.5,.761947,2,1,0,75.729302
2005,6,21,23,1,1003,66.17,25,.761947,2,1,0,75.729302
2005,6,21,23,1,1003,67.41,25,.761947,2,1,0,75.729302
2005,6,21,23,1,1003,68.64,25,.761947,2,1,0,75.729302
2005,6,21,23,1,1003,69.88,25.5,.761947,2,1,0,75.729302
2005,6,21,24,1,1003,.01,30.5,.761947,2,1,0,.01
2005,6,21,24,1,1003,64.94,19.5,.761947,2,0,0,75.729302
2005,6,21,24,1,1003,66.17,25,.761947,2,0,0,75.729302
2005,6,21,24,1,1003,67.41,25,.761947,2,0,0,75.729302
2005,6,21,24,1,1003,68.64,25,.761947,2,0,0,75.729302
2005,6,21,24,1,1003,69.88,25.5,.761947,2,0,0,75.729302
2005,6,21,1,4,1003,.01,30.5,.761947,2,1,0,.01
2005,6,21,1,4,1003,64.94,19.5,.761947,2,0,0,75.729302
2005,6,21,1,4,1003,66.17,25,.761947,2,0,0,75.729302
2005,6,21,1,4,1003,67.41,25,.761947,2,0,0,75.729302
2005,6,21,1,4,1003,68.64,25,.761947,2,0,0,75.729302
2005,6,21,1,4,1003,69.88,25.5,.761947,2,0,0,75.729302
2005,6,21,2,4,1003,.01,30.5,.761947,2,1,0,.01
2005,6,21,2,4,1003,64.94,19.5,.761947,2,0,0,75.729302
2005,6,21,2,4,1003,66.17,25,.761947,2,0,0,75.729302
2005,6,21,2,4,1003,67.41,25,.761947,2,0,0,75.729302
2005,6,21,2,4,1003,68.64,25,.761947,2,0,0,75.729302
2005,6,21,2,4,1003,69.88,25.5,.761947,2,0,0,75.729302
2005,6,21,3,4,1003,.01,30.5,.761947,2,1,0,.01
2005,6,21,3,4,1003,64.94,19.5,.761947,2,0,0,75.729302
2005,6,21,3,4,1003,66.17,25,.761947,2,0,0,75.729302
2005,6,21,3,4,1003,67.41,25,.761947,2,0,0,75.729302
2005,6,21,3,4,1003,68.64,25,.761947,2,0,0,75.729302
2005,6,21,3,4,1003,69.88,25.5,.761947,2,0,0,75.729302
2005,6,21,4,4,1003,.01,30.5,.761947,2,1,0,.01
2005,6,21,4,4,1003,64.94,19.5,.761947,2,0,0,75.729302
2005,6,21,4,4,1003,66.17,25,.761947,2,0,0,75.729302
2005,6,21,4,4,1003,67.41,25,.761947,2,0,0,75.729302
2005,6,21,4,4,1003,68.64,25,.761947,2,0,0,75.729302
2005,6,21,4,4,1003,69.88,25.5,.761947,2,0,0,75.729302
2005,6,21,5,4,1003,.01,30.5,.761947,2,1,0,.01
2005,6,21,5,4,1003,64.94,19.5,.761947,2,0,0,75.729302
2005,6,21,5,4,1003,66.17,25,.761947,2,0,0,75.729302
2005,6,21,5,4,1003,67.41,25,.761947,2,0,0,75.729302
2005,6,21,5,4,1003,68.64,25,.761947,2,0,0,75.729302
2005,6,21,5,4,1003,69.88,25.5,.761947,2,0,0,75.729302
2005,6,21,6,4,1003,.01,30.5,.761947,2,1,0,.01
2005,6,21,6,4,1003,64.94,19.5,.761947,2,0,0,75.729302
2005,6,21,6,4,1003,66.17,25,.761947,2,0,0,75.729302
2005,6,21,6,4,1003,67.41,25,.761947,2,0,0,75.729302
2005,6,21,6,4,1003,68.64,25,.761947,2,0,0,75.729302
2005,6,21,6,4,1003,69.88,25.5,.761947,2,0,0,75.729302
2005,6,21,7,4,1003,.01,30.5,.761947,2,1,0,.01
2005,6,21,7,4,1003,64.94,19.5,.761947,2,0,0,75.729302
2005,6,21,7,4,1003,66.17,25,.761947,2,0,0,75.729302
2005,6,21,7,4,1003,67.41,25,.761947,2,0,0,75.729302
2005,6,21,7,4,1003,68.64,25,.761947,2,0,0,75.729302
2005,6,21,7,4,1003,69.88,25.5,.761947,2,0,0,75.729302
2005,6,21,8,4,1003,.01,30.5,.761947,2,1,0,.01
2005,6,21,8,4,1003,64.94,19.5,.761947,2,0,0,75.729302
2005,6,21,8,4,1003,66.17,25,.761947,2,0,0,75.729302
2005,6,21,8,4,1003,67.41,25,.761947,2,0,0,75.729302
2005,6,21,8,4,1003,68.64,25,.761947,2,0,0,75.729302
2005,6,21,8,4,1003,69.88,25.5,.761947,2,0,0,75.729302
2005,6,21,9,4,1003,.01,30.5,.761947,2,1,0,.01
2005,6,21,9,4,1003,64.94,19.5,.761947,2,0,0,75.729302
2005,6,21,9,4,1003,66.17,25,.761947,2,0,0,75.729302
2005,6,21,9,4,1003,67.41,25,.761947,2,0,0,75.729302
2005,6,21,9,4,1003,68.64,25,.761947,2,0,0,75.729302
2005,6,21,9,4,1003,69.88,25.5,.761947,2,0,0,75.729302
2005,6,21,10,4,1003,0,30.5,.761947,2,1,0,0
2005,6,21,10,4,1003,64.94,19.5,.761947,2,1,0,75.729302
2005,6,21,10,4,1003,66.17,25,.761947,2,1,0,75.729302
2005,6,21,10,4,1003,67.41,25,.761947,2,1,0,75.729302
2005,6,21,10,4,1003,68.64,25,.761947,2,1,0,75.729302
2005,6,21,10,4,1003,69.88,25.5,.761947,2,1,0,75.729302
2005,6,21,11,4,1003,0,30.5,.761947,2,1,0,0
2005,6,21,11,4,1003,64.94,19.5,.761947,2,1,0,75.729302
2005,6,21,11,4,1003,66.17,25,.761947,2,1,0,75.729302
2005,6,21,11,4,1003,67.41,25,.761947,2,1,0,75.729302
2005,6,21,11,4,1003,68.64,25,.761947,2,1,0,75.729302
2005,6,21,11,4,1003,69.88,25.5,.761947,2,1,0,75.729302
2005,6,21,12,4,1003,0,30.5,.761947,2,1,0,0
2005,6,21,12,4,1003,64.94,19.5,.761947,2,1,0,75.729302
2005,6,21,12,4,1003,66.17,25,.761947,2,1,0,75.729302
2005,6,21,12,4,1003,67.41,25,.761947,2,1,0,75.729302
2005,6,21,12,4,1003,68.64,25,.761947,2,1,0,75.729302
2005,6,21,12,4,1003,69.88,25.5,.761947,2,1,0,75.729302
2005,6,21,13,4,1003,0,30.5,.761947,2,1,0,0
2005,6,21,13,4,1003,64.94,19.5,.761947,2,1,0,75.729302
2005,6,21,13,4,1003,66.17,25,.761947,2,1,0,75.729302
2005,6,21,13,4,1003,67.41,25,.761947,2,1,0,75.729302
2005,6,21,13,4,1003,68.64,25,.761947,2,1,0,75.729302
2005,6,21,13,4,1003,69.88,25.5,.761947,2,1,0,75.729302
2005,6,21,14,4,1003,0,30.5,.761947,2,1,0,0
2005,6,21,14,4,1003,64.94,19.5,.761947,2,1,0,75.729302
2005,6,21,14,4,1003,66.17,25,.761947,2,1,0,75.729302
2005,6,21,14,4,1003,67.41,25,.761947,2,1,0,75.729302
2005,6,21,14,4,1003,68.64,25,.761947,2,1,0,75.729302
2005,6,21,14,4,1003,69.88,25.5,.761947,2,1,0,75.729302
2005,6,21,15,4,1003,0,30.5,.761947,2,1,0,0
2005,6,21,15,4,1003,64.94,19.5,.761947,2,1,0,75.729302
2005,6,21,15,4,1003,66.17,25,.761947,2,1,0,75.729302
2005,6,21,15,4,1003,67.41,25,.761947,2,1,0,75.729302
2005,6,21,15,4,1003,68.64,25,.761947,2,1,0,75.729302
2005,6,21,15,4,1003,69.88,25.5,.761947,2,1,0,75.729302
2005,6,21,16,4,1003,0,30.5,.761947,2,1,0,0
2005,6,21,16,4,1003,64.94,19.5,.761947,2,1,0,75.729302
2005,6,21,16,4,1003,66.17,25,.761947,2,1,0,75.729302
2005,6,21,16,4,1003,67.41,25,.761947,2,1,0,75.729302
2005,6,21,16,4,1003,68.64,25,.761947,2,1,0,75.729302
2005,6,21,16,4,1003,69.88,25.5,.761947,2,1,0,75.729302
2005,6,21,17,4,1003,0,30.5,.761947,2,1,0,0
2005,6,21,17,4,1003,64.94,19.5,.761947,2,1,0,75.729302
2005,6,21,17,4,1003,66.17,25,.761947,2,1,0,75.729302
2005,6,21,17,4,1003,67.41,25,.761947,2,1,0,75.729302
2005,6,21,17,4,1003,68.64,25,.761947,2,1,0,75.729302
2005,6,21,17,4,1003,69.88,25.5,.761947,2,1,0,75.729302
2005,6,21,18,4,1003,0,30.5,.761947,2,1,0,0
2005,6,21,18,4,1003,64.94,19.5,.761947,2,1,0,75.729302
2005,6,21,18,4,1003,66.17,25,.761947,2,1,0,75.729302
2005,6,21,18,4,1003,67.41,25,.761947,2,1,0,75.729302
2005,6,21,18,4,1003,68.64,25,.761947,2,1,0,75.729302
2005,6,21,18,4,1003,69.88,25.5,.761947,2,1,0,75.729302
2005,6,21,19,4,1003,0,30.5,.761947,2,1,0,0
2005,6,21,19,4,1003,64.94,19.5,.761947,2,1,0,75.729302
2005,6,21,19,4,1003,66.17,25,.761947,2,1,0,75.729302
2005,6,21,19,4,1003,67.41,25,.761947,2,1,0,75.729302
2005,6,21,19,4,1003,68.64,25,.761947,2,1,0,75.729302
2005,6,21,19,4,1003,69.88,25.5,.761947,2,1,0,75.729302
2005,6,21,20,4,1003,0,30.5,.761947,2,1,0,0
2005,6,21,20,4,1003,64.94,19.5,.761947,2,1,0,75.729302
2005,6,21,20,4,1003,66.17,25,.761947,2,1,0,75.729302
2005,6,21,20,4,1003,67.41,25,.761947,2,1,0,75.729302
2005,6,21,20,4,1003,68.64,25,.761947,2,1,0,75.729302
2005,6,21,20,4,1003,69.88,25.5,.761947,2,1,0,75.729302
2005,6,21,21,4,1003,0,30.5,.761947,2,1,0,0
2005,6,21,21,4,1003,64.94,19.5,.761947,2,1,0,75.729302
2005,6,21,21,4,1003,66.17,25,.761947,2,1,0,75.729302
2005,6,21,21,4,1003,67.41,25,.761947,2,1,0,75.729302
2005,6,21,21,4,1003,68.64,25,.761947,2,1,0,75.729302
2005,6,21,21,4,1003,69.88,25.5,.761947,2,1,0,75.729302
2005,6,21,22,4,1003,.01,30.5,.761947,2,1,0,.01
2005,6,21,22,4,1003,64.94,19.5,.761947,2,1,0,75.729302
2005,6,21,22,4,1003,66.17,25,.761947,2,1,0,75.729302
2005,6,21,22,4,1003,67.41,25,.761947,2,1,0,75.729302
2005,6,21,22,4,1003,68.64,25,.761947,2,1,0,75.729302
2005,6,21,22,4,1003,69.88,25.5,.761947,2,1,0,75.729302
2005,6,21,23,4,1003,.01,30.5,.761947,2,1,0,.01
2005,6,21,23,4,1003,64.94,19.5,.761947,2,1,0,75.729302
2005,6,21,23,4,1003,66.17,25,.761947,2,1,0,75.729302
2005,6,21,23,4,1003,67.41,25,.761947,2,1,0,75.729302
2005,6,21,23,4,1003,68.64,25,.761947,2,1,0,75.729302
2005,6,21,23,4,1003,69.88,25.5,.761947,2,1,0,75.729302
2005,6,21,24,4,1003,.01,30.5,.761947,2,1,0,.01
2005,6,21,24,4,1003,64.94,19.5,.761947,2,0,0,75.729302
2005,6,21,24,4,1003,66.17,25,.761947,2,0,0,75.729302
2005,6,21,24,4,1003,67.41,25,.761947,2,0,0,75.729302
2005,6,21,24,4,1003,68.64,25,.761947,2,0,0,75.729302
2005,6,21,24,4,1003,69.88,25.5,.761947,2,0,0,75.729302
2005,6,21,1,1,1004,124.08,150.9,.761947,2,0,0,124.08
2005,6,21,2,1,1004,124.08,150.9,.761947,2,0,0,124.08
2005,6,21,3,1,1004,124.08,150.9,.761947,2,0,0,124.08
2005,6,21,4,1,1004,124.08,150.9,.761947,2,0,0,124.08
2005,6,21,5,1,1004,124.08,150.9,.761947,2,0,0,124.08
2005,6,21,6,1,1004,124.08,150.9,.761947,2,0,0,124.08
2005,6,21,7,1,1004,124.08,150.9,.761947,2,0,0,124.08
2005,6,21,8,1,1004,124.08,150.9,.761947,2,0,0,124.08
2005,6,21,9,1,1004,124.08,150.9,.761947,2,0,0,124.08
2005,6,21,10,1,1004,124.08,150.9,.761947,2,0,0,124.08
2005,6,21,11,1,1004,124.08,150.9,.761947,2,0,0,124.08
2005,6,21,12,1,1004,124.08,150.9,.761947,2,0,0,124.08
2005,6,21,13,1,1004,124.08,150.9,.761947,2,0,0,124.08
2005,6,21,14,1,1004,124.08,150.9,.761947,2,0,0,124.08
2005,6,21,15,1,1004,124.08,150.9,.761947,2,0,0,124.08
2005,6,21,16,1,1004,124.08,150.9,.761947,2,0,0,124.08
2005,6,21,17,1,1004,124.08,150.9,.761947,2,0,0,124.08
2005,6,21,18,1,1004,124.08,150.9,.761947,2,0,0,124.08
2005,6,21,19,1,1004,124.08,150.9,.761947,2,0,0,124.08
2005,6,21,20,1,1004,124.08,150.9,.761947,2,0,0,124.08
2005,6,21,21,1,1004,124.08,150.9,.761947,2,0,0,124.08
2005,6,21,22,1,1004,124.08,150.9,.761947,2,0,0,124.08
2005,6,21,23,1,1004,124.08,150.9,.761947,2,0,0,124.08
2005,6,21,24,1,1004,124.08,150.9,.761947,2,0,0,124.08
2005,6,21,1,4,1004,124.08,150.9,.761947,2,0,0,124.08
2005,6,21,2,4,1004,124.08,150.9,.761947,2,0,0,124.08
2005,6,21,3,4,1004,124.08,150.9,.761947,2,0,0,124.08
2005,6,21,4,4,1004,124.08,150.9,.761947,2,0,0,124.08
2005,6,21,5,4,1004,124.08,150.9,.761947,2,0,0,124.08
2005,6,21,6,4,1004,124.08,150.9,.761947,2,0,0,124.08
2005,6,21,7,4,1004,124.08,150.9,.761947,2,0,0,124.08
2005,6,21,8,4,1004,124.08,150.9,.761947,2,0,0,124.08
2005,6,21,9,4,1004,124.08,150.9,.761947,2,0,0,124.08
2005,6,21,10,4,1004,124.08,150.9,.761947,2,0,0,124.08
2005,6,21,11,4,1004,124.08,150.9,.761947,2,0,0,124.08
2005,6,21,12,4,1004,124.08,150.9,.761947,2,0,0,124.08
2005,6,21,13,4,1004,124.08,150.9,.761947,2,0,0,124.08
2005,6,21,14,4,1004,124.08,150.9,.761947,2,0,0,124.08
2005,6,21,15,4,1004,124.08,150.9,.761947,2,0,0,124.08
2005,6,21,16,4,1004,124.08,150.9,.761947,2,0,0,124.08
2005,6,21,17,4,1004,124.08,150.9,.761947,2,0,0,124.08
2005,6,21,18,4,1004,124.08,150.9,.761947,2,0,0,124.08
2005,6,21,19,4,1004,124.08,150.9,.761947,2,0,0,124.08
2005,6,21,20,4,1004,124.08,150.9,.761947,2,0,0,124.08
2005,6,21,21,4,1004,124.08,150.9,.761947,2,0,0,124.08
2005,6,21,22,4,1004,124.08,150.9,.761947,2,0,0,124.08
2005,6,21,23,4,1004,124.08,150.9,.761947,2,0,0,124.08
2005,6,21,24,4,1004,124.08,150.9,.761947,2,0,0,124.08
2005,6,21,1,1,1005,0,365,.350905,2,1,0,0
2005,6,21,1,1,1005,117.03,5.5,.350905,2,0,0,42.840127
2005,6,21,2,1,1005,0,365,.350905,2,1,0,0
2005,6,21,2,1,1005,117.03,5.5,.350905,2,0,0,42.840127
2005,6,21,3,1,1005,0,365,.350905,2,1,0,0
2005,6,21,3,1,1005,117.03,5.5,.350905,2,0,0,42.840127
2005,6,21,4,1,1005,0,365,.350905,2,1,0,0
2005,6,21,4,1,1005,117.03,5.5,.350905,2,0,0,42.840127
2005,6,21,5,1,1005,0,365,.350905,2,1,0,0
2005,6,21,5,1,1005,117.03,5.5,.350905,2,0,0,42.840127
2005,6,21,6,1,1005,0,365,.350905,2,1,0,0
2005,6,21,6,1,1005,117.03,5.5,.350905,2,0,0,42.840127
2005,6,21,7,1,1005,0,365,.350905,2,1,0,0
2005,6,21,7,1,1005,117.03,5.5,.350905,2,0,0,42.840127
2005,6,21,8,1,1005,0,365,.350905,2,1,0,0
2005,6,21,8,1,1005,117.03,5.5,.350905,2,0,0,42.840127
2005,6,21,9,1,1005,0,365,.350905,2,1,0,0
2005,6,21,9,1,1005,117.03,5.5,.350905,2,0,0,42.840127
2005,6,21,10,1,1005,0,365,.350905,2,1,0,0
2005,6,21,10,1,1005,117.03,5.5,.350905,2,0,0,42.840127
2005,6,21,11,1,1005,0,365,.350905,2,1,0,0
2005,6,21,11,1,1005,117.03,5.5,.350905,2,0,0,42.840127
2005,6,21,12,1,1005,0,365,.350905,2,1,0,0
2005,6,21,12,1,1005,117.03,5.5,.350905,2,0,0,42.840127
2005,6,21,13,1,1005,0,365,.350905,2,1,0,0
2005,6,21,13,1,1005,117.03,5.5,.350905,2,0,0,42.840127
2005,6,21,14,1,1005,0,365,.350905,2,1,0,0
2005,6,21,14,1,1005,117.03,5.5,.350905,2,0,0,42.840127
2005,6,21,15,1,1005,0,365,.350905,2,1,0,0
2005,6,21,15,1,1005,117.03,5.5,.350905,2,0,0,42.840127
2005,6,21,16,1,1005,0,365,.350905,2,1,0,0
2005,6,21,16,1,1005,117.03,5.5,.350905,2,0,0,42.840127
2005,6,21,17,1,1005,0,365,.350905,2,1,0,0
2005,6,21,17,1,1005,117.03,5.5,.350905,2,0,0,42.840127
2005,6,21,18,1,1005,0,365,.350905,2,1,0,0
2005,6,21,18,1,1005,117.03,5.5,.350905,2,1,0,42.840127
2005,6,21,19,1,1005,0,365,.350905,2,1,0,0
2005,6,21,19,1,1005,117.03,5.5,.350905,2,0,0,42.840127
2005,6,21,20,1,1005,0,365,.350905,2,1,0,0
2005,6,21,20,1,1005,117.03,5.5,.350905,2,0,0,42.840127
2005,6,21,21,1,1005,0,365,.350905,2,1,0,0
2005,6,21,21,1,1005,117.03,5.5,.350905,2,0,0,42.840127
2005,6,21,22,1,1005,0,365,.350905,2,1,0,0
2005,6,21,22,1,1005,117.03,5.5,.350905,2,0,0,42.840127
2005,6,21,23,1,1005,0,365,.350905,2,1,0,0
2005,6,21,23,1,1005,117.03,5.5,.350905,2,0,0,42.840127
2005,6,21,24,1,1005,0,365,.350905,2,1,0,0
2005,6,21,24,1,1005,117.03,5.5,.350905,2,0,0,42.840127
2005,6,21,1,9,6,30.1,50.7,0,1,0,0,30.1
2005,6,21,2,9,6,28.5,50.7,0,1,0,0,28.5
2005,6,21,3,9,6,27.1,50.7,0,1,0,0,27.1
2005,6,21,4,9,6,24.8,50.7,0,1,0,0,24.8
2005,6,21,5,9,6,.4,50.7,0,1,0,0,.4
2005,6,21,6,9,6,.5,50.7,0,1,0,0,.5
2005,6,21,7,9,6,32.8,50.7,0,1,0,0,32.8
2005,6,21,8,9,6,42.2,50.7,0,1,0,0,42.2
2005,6,21,9,9,6,50,50.9,0,1,0,0,50
2005,6,21,10,9,6,60.3,50.9,0,1,0,0,60.3
2005,6,21,11,9,6,73.2,50.9,0,1,0,0,73.2
2005,6,21,12,9,6,80.5,50.9,0,1,0,0,80.5
2005,6,21,13,9,6,78.5,50.9,0,1,0,0,78.5
2005,6,21,14,9,6,73.1,50.9,0,1,0,0,73.1
2005,6,21,15,9,6,63,50.9,0,1,0,0,63
2005,6,21,16,9,6,61.5,50.9,0,1,0,0,61.5
2005,6,21,17,9,6,57.9,50.9,0,1,0,0,57.9
2005,6,21,18,9,6,57.2,50.9,0,1,0,0,57.2
2005,6,21,19,9,6,48.6,50.9,0,1,0,0,48.6
2005,6,21,20,9,6,41.5,50.9,0,1,0,0,41.5
2005,6,21,21,9,6,46.1,50.9,0,1,0,0,46.1
2005,6,21,22,9,6,42,50.9,0,1,0,0,42
2005,6,21,23,9,6,46.7,50.9,0,1,0,0,46.7
2005,6,21,24,9,6,39.8,50.9,0,1,0,0,39.8
2005,6,21,1,2,1007,1,90,.66451,2,1,0,1
2005,6,21,1,2,1007,64.01,190,.66451,2,0,0,70.320228
2005,6,21,1,2,1007,120.02,33,.66451,2,0,0,120.02
2005,6,21,2,2,1007,1,90,.66451,2,1,0,1
2005,6,21,2,2,1007,64.01,190,.66451,2,0,0,70.320228
2005,6,21,2,2,1007,120.02,33,.66451,2,0,0,120.02
2005,6,21,3,2,1007,1,90,.66451,2,1,0,1
2005,6,21,3,2,1007,64.01,190,.66451,2,0,0,70.320228
2005,6,21,3,2,1007,120.02,33,.66451,2,0,0,120.02
2005,6,21,4,2,1007,1,90,.66451,2,1,0,1
2005,6,21,4,2,1007,64.01,190,.66451,2,0,0,70.320228
2005,6,21,4,2,1007,120.02,33,.66451,2,0,0,120.02
2005,6,21,5,2,1007,1,90,.66451,2,1,0,1
2005,6,21,5,2,1007,64.01,190,.66451,2,0,0,70.320228
2005,6,21,5,2,1007,120.02,33,.66451,2,0,0,120.02
2005,6,21,6,2,1007,1,90,.66451,2,1,0,1
2005,6,21,6,2,1007,64.01,190,.66451,2,0,0,70.320228
2005,6,21,6,2,1007,120.02,33,.66451,2,0,0,120.02
2005,6,21,7,2,1007,1,90,.66451,2,1,0,1
2005,6,21,7,2,1007,64.01,190,.66451,2,0,0,70.320228
2005,6,21,7,2,1007,120.02,33,.66451,2,0,0,120.02
2005,6,21,8,2,1007,1,90,.66451,2,1,0,1
2005,6,21,8,2,1007,64.01,190,.66451,2,0,0,70.320228
2005,6,21,8,2,1007,120.02,33,.66451,2,0,0,120.02
2005,6,21,9,2,1007,1,90,.66451,2,1,0,1
2005,6,21,9,2,1007,64.01,47.1,.66451,2,1,0,70.320228
2005,6,21,9,2,1007,120.02,33,.66451,2,0,0,120.02
2005,6,21,10,2,1007,1,90,.66451,2,1,0,1
2005,6,21,10,2,1007,64.01,190,.66451,2,1,0,70.320228
2005,6,21,10,2,1007,120.02,33,.66451,2,0,0,120.02
2005,6,21,11,2,1007,1,90,.66451,2,1,0,1
2005,6,21,11,2,1007,64.01,190,.66451,2,1,0,70.320228
2005,6,21,11,2,1007,120.02,33,.66451,2,0,0,120.02
2005,6,21,12,2,1007,1,90,.66451,2,1,0,1
2005,6,21,12,2,1007,64.01,190,.66451,2,1,0,70.320228
2005,6,21,12,2,1007,120.02,33,.66451,2,0,0,120.02
2005,6,21,13,2,1007,1,90,.66451,2,1,0,1
2005,6,21,13,2,1007,64.01,190,.66451,2,1,0,70.320228
2005,6,21,13,2,1007,120.02,33,.66451,2,0,0,120.02
2005,6,21,14,2,1007,1,90,.66451,2,1,0,1
2005,6,21,14,2,1007,64.01,190,.66451,2,1,0,70.320228
2005,6,21,14,2,1007,120.02,33,.66451,2,0,0,120.02
2005,6,21,15,2,1007,1,90,.66451,2,1,0,1
2005,6,21,15,2,1007,64.01,190,.66451,2,1,0,70.320228
2005,6,21,15,2,1007,120.02,33,.66451,2,0,0,120.02
2005,6,21,16,2,1007,1,90,.66451,2,1,0,1
2005,6,21,16,2,1007,64.01,190,.66451,2,1,0,70.320228
2005,6,21,16,2,1007,120.02,33,.66451,2,0,0,120.02
2005,6,21,17,2,1007,1,90,.66451,2,1,0,1
2005,6,21,17,2,1007,64.01,190,.66451,2,1,0,70.320228
2005,6,21,17,2,1007,120.02,33,.66451,2,0,0,120.02
2005,6,21,18,2,1007,1,90,.66451,2,1,0,1
2005,6,21,18,2,1007,64.01,190,.66451,2,1,0,70.320228
2005,6,21,18,2,1007,120.02,33,.66451,2,0,0,120.02
2005,6,21,19,2,1007,1,90,.66451,2,1,0,1
2005,6,21,19,2,1007,64.01,190,.66451,2,1,0,70.320228
2005,6,21,19,2,1007,120.02,33,.66451,2,0,0,120.02
2005,6,21,20,2,1007,1,90,.66451,2,1,0,1
2005,6,21,20,2,1007,64.01,190,.66451,2,1,0,70.320228
2005,6,21,20,2,1007,120.02,33,.66451,2,0,0,120.02
2005,6,21,21,2,1007,1,90,.66451,2,1,0,1
2005,6,21,21,2,1007,64.01,190,.66451,2,1,0,70.320228
2005,6,21,21,2,1007,120.02,33,.66451,2,0,0,120.02
2005,6,21,22,2,1007,1,90,.66451,2,1,0,1
2005,6,21,22,2,1007,64.01,190,.66451,2,1,0,70.320228
2005,6,21,22,2,1007,120.02,33,.66451,2,0,0,120.02
2005,6,21,23,2,1007,1,90,.66451,2,1,0,1
2005,6,21,23,2,1007,64.01,190,.66451,2,1,0,70.320228
2005,6,21,23,2,1007,120.02,33,.66451,2,0,0,120.02
2005,6,21,24,2,1007,1,90,.66451,2,1,0,1
2005,6,21,24,2,1007,64.01,48.9,.66451,2,1,0,70.320228
2005,6,21,24,2,1007,120.02,33,.66451,2,0,0,120.02
2005,6,21,1,2,1009,1,90,.66451,2,1,0,1
2005,6,21,1,2,1009,61.01,120,.66451,2,0,0,73.545338
2005,6,21,1,2,1009,120.02,125,.66451,2,0,0,120.02
2005,6,21,2,2,1009,1,90,.66451,2,1,0,1
2005,6,21,2,2,1009,61.01,120,.66451,2,0,0,73.545338
2005,6,21,2,2,1009,120.02,125,.66451,2,0,0,120.02
2005,6,21,3,2,1009,1,90,.66451,2,1,0,1
2005,6,21,3,2,1009,61.01,120,.66451,2,0,0,73.545338
2005,6,21,3,2,1009,120.02,125,.66451,2,0,0,120.02
2005,6,21,4,2,1009,1,90,.66451,2,1,0,1
2005,6,21,4,2,1009,61.01,120,.66451,2,0,0,73.545338
2005,6,21,4,2,1009,120.02,125,.66451,2,0,0,120.02
2005,6,21,5,2,1009,1,90,.66451,2,1,0,1
2005,6,21,5,2,1009,61.01,120,.66451,2,0,0,73.545338
2005,6,21,5,2,1009,120.02,125,.66451,2,0,0,120.02
2005,6,21,6,2,1009,1,90,.66451,2,1,0,1
2005,6,21,6,2,1009,61.01,120,.66451,2,0,0,73.545338
2005,6,21,6,2,1009,120.02,125,.66451,2,0,0,120.02
2005,6,21,7,2,1009,1,90,.66451,2,1,0,1
2005,6,21,7,2,1009,61.01,120,.66451,2,0,0,73.545338
2005,6,21,7,2,1009,120.02,125,.66451,2,0,0,120.02
2005,6,21,8,2,1009,1,90,.66451,2,1,0,1
2005,6,21,8,2,1009,61.01,120,.66451,2,0,0,73.545338
2005,6,21,8,2,1009,120.02,125,.66451,2,0,0,120.02
2005,6,21,9,2,1009,1,90,.66451,2,1,0,1
2005,6,21,9,2,1009,61.01,120,.66451,2,1,0,73.545338
2005,6,21,9,2,1009,120.02,125,.66451,2,0,0,120.02
2005,6,21,10,2,1009,1,90,.66451,2,1,0,1
2005,6,21,10,2,1009,61.01,120,.66451,2,1,0,73.545338
2005,6,21,10,2,1009,120.02,125,.66451,2,0,0,120.02
2005,6,21,11,2,1009,1,90,.66451,2,1,0,1
2005,6,21,11,2,1009,61.01,120,.66451,2,1,0,73.545338
2005,6,21,11,2,1009,120.02,125,.66451,2,0,0,120.02
2005,6,21,12,2,1009,1,90,.66451,2,1,0,1
2005,6,21,12,2,1009,61.01,120,.66451,2,1,0,73.545338
2005,6,21,12,2,1009,120.02,125,.66451,2,0,0,120.02
2005,6,21,13,2,1009,1,90,.66451,2,1,0,1
2005,6,21,13,2,1009,61.01,120,.66451,2,1,0,73.545338
2005,6,21,13,2,1009,120.02,125,.66451,2,0,0,120.02
2005,6,21,14,2,1009,1,90,.66451,2,1,0,1
2005,6,21,14,2,1009,61.01,120,.66451,2,1,0,73.545338
2005,6,21,14,2,1009,120.02,125,.66451,2,0,0,120.02
2005,6,21,15,2,1009,1,90,.66451,2,1,0,1
2005,6,21,15,2,1009,61.01,120,.66451,2,1,0,73.545338
2005,6,21,15,2,1009,120.02,125,.66451,2,0,0,120.02
2005,6,21,16,2,1009,1,90,.66451,2,1,0,1
2005,6,21,16,2,1009,61.01,120,.66451,2,1,0,73.545338
2005,6,21,16,2,1009,120.02,125,.66451,2,0,0,120.02
2005,6,21,17,2,1009,1,90,.66451,2,1,0,1
2005,6,21,17,2,1009,61.01,120,.66451,2,1,0,73.545338
2005,6,21,17,2,1009,120.02,125,.66451,2,0,0,120.02
2005,6,21,18,2,1009,1,90,.66451,2,1,0,1
2005,6,21,18,2,1009,61.01,120,.66451,2,1,0,73.545338
2005,6,21,18,2,1009,120.02,125,.66451,2,0,0,120.02
2005,6,21,19,2,1009,1,90,.66451,2,1,0,1
2005,6,21,19,2,1009,61.01,120,.66451,2,1,0,73.545338
2005,6,21,19,2,1009,120.02,125,.66451,2,0,0,120.02
2005,6,21,20,2,1009,1,90,.66451,2,1,0,1
2005,6,21,20,2,1009,61.01,120,.66451,2,1,0,73.545338
2005,6,21,20,2,1009,120.02,125,.66451,2,0,0,120.02
2005,6,21,21,2,1009,1,90,.66451,2,1,0,1
2005,6,21,21,2,1009,61.01,120,.66451,2,1,0,73.545338
2005,6,21,21,2,1009,120.02,125,.66451,2,0,0,120.02
2005,6,21,22,2,1009,1,90,.66451,2,1,0,1
2005,6,21,22,2,1009,61.01,120,.66451,2,1,0,73.545338
2005,6,21,22,2,1009,120.02,125,.66451,2,0,0,120.02
2005,6,21,23,2,1009,1,90,.66451,2,1,0,1
2005,6,21,23,2,1009,61.01,120,.66451,2,1,0,73.545338
2005,6,21,23,2,1009,120.02,125,.66451,2,0,0,120.02
2005,6,21,24,2,1009,1,90,.66451,2,1,0,1
2005,6,21,24,2,1009,61.01,120,.66451,2,1,0,73.545338
2005,6,21,24,2,1009,120.02,125,.66451,2,0,0,120.02
2005,6,21,1,9,9,0,1.5,0,2,1,0,0
2005,6,21,2,9,9,0,1.5,0,2,1,0,0
2005,6,21,3,9,9,0,1.5,0,2,1,0,0
2005,6,21,4,9,9,0,1.5,0,2,1,0,0
2005,6,21,5,9,9,0,1.5,0,2,1,0,0
2005,6,21,6,9,9,0,1.5,0,2,1,0,0
2005,6,21,7,9,9,0,1.5,0,2,1,0,0
2005,6,21,8,9,9,0,1.4,0,2,1,0,0
2005,6,21,9,9,9,0,1.4,0,2,1,0,0
2005,6,21,10,9,9,0,1.3,0,2,1,0,0
2005,6,21,11,9,9,0,1.3,0,2,1,0,0
2005,6,21,12,9,9,0,1.3,0,2,1,0,0
2005,6,21,13,9,9,0,1.3,0,2,1,0,0
2005,6,21,14,9,9,0,1.1,0,2,1,0,0
2005,6,21,15,9,9,0,1.1,0,2,1,0,0
2005,6,21,16,9,9,0,1.1,0,2,1,0,0
2005,6,21,17,9,9,0,1.1,0,2,1,0,0
2005,6,21,18,9,9,0,1.1,0,2,1,0,0
2005,6,21,19,9,9,0,1.1,0,2,1,0,0
2005,6,21,20,9,9,0,1.1,0,2,1,0,0
2005,6,21,21,9,9,0,1.1,0,2,1,0,0
2005,6,21,22,9,9,0,1.2,0,2,1,0,0
2005,6,21,23,9,9,0,1.5,0,2,1,0,0
2005,6,21,24,9,9,0,1.5,0,2,1,0,0
2005,6,21,1,6,10,43,180,0,1,0,0,43
2005,6,21,2,6,10,43,180,0,1,0,0,43
2005,6,21,3,6,10,43,180,0,1,1,0,43
2005,6,21,4,6,10,43,180,0,1,1,0,43
2005,6,21,5,6,10,43,180,0,1,1,0,43
2005,6,21,6,6,10,43,180,0,1,1,0,43
2005,6,21,7,6,10,43,180,0,1,1,0,43
2005,6,21,8,6,10,43,180,0,1,0,0,43
2005,6,21,9,6,10,35,180,0,1,0,0,35
2005,6,21,10,6,10,35,180,0,1,0,0,35
2005,6,21,11,6,10,35,180,0,1,0,0,35
2005,6,21,12,6,10,35,180,0,1,0,0,35
2005,6,21,13,6,10,35,180,0,1,0,0,35
2005,6,21,14,6,10,35,180,0,1,0,0,35
2005,6,21,15,6,10,35,180,0,1,0,0,35
2005,6,21,16,6,10,35,180,0,1,0,0,35
2005,6,21,17,6,10,35,180,0,1,0,0,35
2005,6,21,18,6,10,35,180,0,1,0,0,35
2005,6,21,19,6,10,35,180,0,1,0,0,35
2005,6,21,20,6,10,35,180,0,1,0,0,35
2005,6,21,21,6,10,35,180,0,1,0,0,35
2005,6,21,22,6,10,35,180,0,1,0,0,35
2005,6,21,23,6,10,35,180,0,1,0,0,35
2005,6,21,24,6,10,35,180,0,1,0,0,35
2005,6,21,1,6,11,95,80,0,2,0,0,95
2005,6,21,1,6,11,105,80,0,2,0,0,105
2005,6,21,2,6,11,95,80,0,2,0,0,95
2005,6,21,2,6,11,105,80,0,2,0,0,105
2005,6,21,3,6,11,95,80,0,2,0,0,95
2005,6,21,3,6,11,105,80,0,2,0,0,105
2005,6,21,4,6,11,95,80,0,2,0,0,95
2005,6,21,4,6,11,105,80,0,2,0,0,105
2005,6,21,5,6,11,95,80,0,2,0,0,95
2005,6,21,5,6,11,105,80,0,2,0,0,105
2005,6,21,6,6,11,95,80,0,2,0,0,95
2005,6,21,6,6,11,105,80,0,2,0,0,105
2005,6,21,7,6,11,95,80,0,2,0,0,95
2005,6,21,7,6,11,105,80,0,2,0,0,105
2005,6,21,8,6,11,95,80,0,2,0,0,95
2005,6,21,8,6,11,105,80,0,2,0,0,105
2005,6,21,9,6,11,95,80,0,2,0,0,95
2005,6,21,9,6,11,105,80,0,2,0,0,105
2005,6,21,10,6,11,95,80,0,2,0,0,95
2005,6,21,10,6,11,105,80,0,2,0,0,105
2005,6,21,11,6,11,0,80,0,2,1,0,0
2005,6,21,11,6,11,95,80,0,2,1,0,95
2005,6,21,12,6,11,0,80,0,2,1,0,0
2005,6,21,12,6,11,95,80,0,2,1,0,95
2005,6,21,13,6,11,0,80,0,2,1,0,0
2005,6,21,13,6,11,95,80,0,2,1,0,95
2005,6,21,14,6,11,0,80,0,2,1,0,0
2005,6,21,14,6,11,95,80,0,2,1,0,95
2005,6,21,15,6,11,0,80,0,2,1,0,0
2005,6,21,15,6,11,95,80,0,2,1,0,95
2005,6,21,16,6,11,0,80,0,2,1,0,0
2005,6,21,16,6,11,95,80,0,2,1,0,95
2005,6,21,17,6,11,0,80,0,2,1,0,0
2005,6,21,17,6,11,95,80,0,2,1,0,95
2005,6,21,18,6,11,0,80,0,2,1,0,0
2005,6,21,18,6,11,95,80,0,2,1,0,95
2005,6,21,19,6,11,0,80,0,2,1,0,0
2005,6,21,19,6,11,95,80,0,2,1,0,95
2005,6,21,20,6,11,0,80,0,2,1,0,0
2005,6,21,20,6,11,95,80,0,2,1,0,95
2005,6,21,21,6,11,95,80,0,2,0,0,95
2005,6,21,21,6,11,105,80,0,2,0,0,105
2005,6,21,22,6,11,95,80,0,2,0,0,95
2005,6,21,22,6,11,105,80,0,2,0,0,105
2005,6,21,23,6,11,95,80,0,2,0,0,95
2005,6,21,23,6,11,105,80,0,2,0,0,105
2005,6,21,24,6,11,95,80,0,2,0,0,95
2005,6,21,24,6,11,105,80,0,2,0,0,105
2005,6,21,1,6,1010,130.24,59,.679878,2,0,0,130.24
2005,6,21,1,6,1010,135.24,126,.679878,2,0,0,135.24
2005,6,21,2,6,1010,130.24,59,.679878,2,0,0,130.24
2005,6,21,2,6,1010,135.24,126,.679878,2,0,0,135.24
2005,6,21,3,6,1010,130.24,59,.679878,2,0,0,130.24
2005,6,21,3,6,1010,135.24,126,.679878,2,0,0,135.24
2005,6,21,4,6,1010,130.24,59,.679878,2,0,0,130.24
2005,6,21,4,6,1010,135.24,126,.679878,2,0,0,135.24
2005,6,21,5,6,1010,130.24,59,.679878,2,0,0,130.24
2005,6,21,5,6,1010,135.24,126,.679878,2,0,0,135.24
2005,6,21,6,6,1010,130.24,59,.679878,2,0,0,130.24
2005,6,21,6,6,1010,135.24,126,.679878,2,0,0,135.24
2005,6,21,7,6,1010,130.24,59,.679878,2,0,0,130.24
2005,6,21,7,6,1010,135.24,126,.679878,2,0,0,135.24
2005,6,21,8,6,1010,130.24,59,.679878,2,0,0,130.24
2005,6,21,8,6,1010,135.24,126,.679878,2,0,0,135.24
2005,6,21,9,6,1010,130.24,59,.679878,2,0,0,130.24
2005,6,21,9,6,1010,135.24,126,.679878,2,0,0,135.24
2005,6,21,10,6,1010,130.24,59,.679878,2,0,0,130.24
2005,6,21,10,6,1010,135.24,126,.679878,2,0,0,135.24
2005,6,21,11,6,1010,130.24,59,.679878,2,0,0,130.24
2005,6,21,11,6,1010,135.24,126,.679878,2,0,0,135.24
2005,6,21,12,6,1010,130.24,59,.679878,2,0,0,130.24
2005,6,21,12,6,1010,135.24,126,.679878,2,0,0,135.24
2005,6,21,13,6,1010,130.24,59,.679878,2,0,0,130.24
2005,6,21,13,6,1010,135.24,126,.679878,2,0,0,135.24
2005,6,21,14,6,1010,130.24,59,.679878,2,0,0,130.24
2005,6,21,14,6,1010,135.24,126,.679878,2,0,0,135.24
2005,6,21,15,6,1010,130.24,59,.679878,2,0,0,130.24
2005,6,21,15,6,1010,135.24,126,.679878,2,0,0,135.24
2005,6,21,16,6,1010,130.24,59,.679878,2,0,0,130.24
2005,6,21,16,6,1010,135.24,126,.679878,2,0,0,135.24
2005,6,21,17,6,1010,130.24,59,.679878,2,0,0,130.24
2005,6,21,17,6,1010,135.24,126,.679878,2,0,0,135.24
2005,6,21,18,6,1010,130.24,59,.679878,2,0,0,130.24
2005,6,21,18,6,1010,135.24,126,.679878,2,0,0,135.24
2005,6,21,19,6,1010,130.24,59,.679878,2,0,0,130.24
2005,6,21,19,6,1010,135.24,126,.679878,2,0,0,135.24
2005,6,21,20,6,1010,130.24,59,.679878,2,0,0,130.24
2005,6,21,20,6,1010,135.24,126,.679878,2,0,0,135.24
2005,6,21,21,6,1010,130.24,59,.679878,2,0,0,130.24
2005,6,21,21,6,1010,135.24,126,.679878,2,0,0,135.24
2005,6,21,22,6,1010,130.24,59,.679878,2,0,0,130.24
2005,6,21,22,6,1010,135.24,126,.679878,2,0,0,135.24
2005,6,21,23,6,1010,130.24,59,.679878,2,0,0,130.24
2005,6,21,23,6,1010,135.24,126,.679878,2,0,0,135.24
2005,6,21,24,6,1010,130.24,59,.679878,2,0,0,130.24
2005,6,21,24,6,1010,135.24,126,.679878,2,0,0,135.24
2005,6,21,1,6,1011,129.95,152,.679878,2,0,0,129.95
2005,6,21,1,6,1011,134.95,268,.679878,2,0,0,134.95
2005,6,21,2,6,1011,129.95,152,.679878,2,0,0,129.95
2005,6,21,2,6,1011,134.95,268,.679878,2,0,0,134.95
2005,6,21,3,6,1011,129.95,152,.679878,2,0,0,129.95
2005,6,21,3,6,1011,134.95,268,.679878,2,0,0,134.95
2005,6,21,4,6,1011,129.95,152,.679878,2,0,0,129.95
2005,6,21,4,6,1011,134.95,268,.679878,2,0,0,134.95
2005,6,21,5,6,1011,129.95,152,.679878,2,0,0,129.95
2005,6,21,5,6,1011,134.95,268,.679878,2,0,0,134.95
2005,6,21,6,6,1011,129.95,152,.679878,2,0,0,129.95
2005,6,21,6,6,1011,134.95,268,.679878,2,0,0,134.95
2005,6,21,7,6,1011,129.95,152,.679878,2,0,0,129.95
2005,6,21,7,6,1011,134.95,268,.679878,2,0,0,134.95
2005,6,21,8,6,1011,129.95,152,.679878,2,0,0,129.95
2005,6,21,8,6,1011,134.95,268,.679878,2,0,0,134.95
2005,6,21,9,6,1011,129.95,152,.679878,2,0,0,129.95
2005,6,21,9,6,1011,134.95,268,.679878,2,0,0,134.95
2005,6,21,10,6,1011,129.95,152,.679878,2,0,0,129.95
2005,6,21,10,6,1011,134.95,268,.679878,2,0,0,134.95
2005,6,21,11,6,1011,129.95,152,.679878,2,0,0,129.95
2005,6,21,11,6,1011,134.95,268,.679878,2,0,0,134.95
2005,6,21,12,6,1011,129.95,152,.679878,2,0,0,129.95
2005,6,21,12,6,1011,134.95,268,.679878,2,0,0,134.95
2005,6,21,13,6,1011,129.95,152,.679878,2,0,0,129.95
2005,6,21,13,6,1011,134.95,268,.679878,2,0,0,134.95
2005,6,21,14,6,1011,129.95,152,.679878,2,0,0,129.95
2005,6,21,14,6,1011,134.95,268,.679878,2,0,0,134.95
2005,6,21,15,6,1011,129.95,152,.679878,2,0,0,129.95
2005,6,21,15,6,1011,134.95,268,.679878,2,0,0,134.95
2005,6,21,16,6,1011,129.95,152,.679878,2,0,0,129.95
2005,6,21,16,6,1011,134.95,268,.679878,2,0,0,134.95
2005,6,21,17,6,1011,129.95,152,.679878,2,0,0,129.95
2005,6,21,17,6,1011,134.95,268,.679878,2,0,0,134.95
2005,6,21,18,6,1011,129.95,152,.679878,2,0,0,129.95
2005,6,21,18,6,1011,134.95,268,.679878,2,0,0,134.95
2005,6,21,19,6,1011,129.95,152,.679878,2,0,0,129.95
2005,6,21,19,6,1011,134.95,268,.679878,2,0,0,134.95
2005,6,21,20,6,1011,129.95,152,.679878,2,0,0,129.95
2005,6,21,20,6,1011,134.95,268,.679878,2,0,0,134.95
2005,6,21,21,6,1011,129.95,152,.679878,2,0,0,129.95
2005,6,21,21,6,1011,134.95,268,.679878,2,0,0,134.95
2005,6,21,22,6,1011,129.95,152,.679878,2,0,0,129.95
2005,6,21,22,6,1011,134.95,268,.679878,2,0,0,134.95
2005,6,21,23,6,1011,129.95,152,.679878,2,0,0,129.95
2005,6,21,23,6,1011,134.95,268,.679878,2,0,0,134.95
2005,6,21,24,6,1011,129.95,152,.679878,2,0,0,129.95
2005,6,21,24,6,1011,134.95,268,.679878,2,0,0,134.95
2005,6,21,1,2,1013,0,81.3,.9555,2,1,0,0
2005,6,21,1,2,1013,44.53,1,.9555,2,0,1,42.797335
2005,6,21,1,2,1013,44.57,6.7,.9555,2,0,1,42.797335
2005,6,21,1,2,1013,44.82,6.7,.9555,2,0,1,42.797335
2005,6,21,1,2,1013,45.13,5,.9555,2,0,1,42.797335
2005,6,21,1,2,1013,95,6.7,.9555,2,0,1,42.797335
2005,6,21,1,2,1013,105,3.3,.9555,2,0,1,42.797335
2005,6,21,1,2,1013,150,4,.9555,2,0,1,150
2005,6,21,2,2,1013,0,63.3,.9555,2,1,0,0
2005,6,21,2,2,1013,44.47,6.7,.9555,2,0,1,42.797335
2005,6,21,2,2,1013,44.5,6.7,.9555,2,0,1,42.797335
2005,6,21,2,2,1013,44.53,6.7,.9555,2,0,1,42.797335
2005,6,21,2,2,1013,44.57,6.7,.9555,2,0,1,42.797335
2005,6,21,2,2,1013,44.82,6.7,.9555,2,0,1,42.797335
2005,6,21,2,2,1013,45.13,5,.9555,2,0,1,42.797335
2005,6,21,2,2,1013,95,6.7,.9555,2,0,1,42.797335
2005,6,21,2,2,1013,105,3.3,.9555,2,0,1,42.797335
2005,6,21,2,2,1013,150,4,.9555,2,0,1,150
2005,6,21,3,2,1013,0,63.3,.9555,2,1,0,0
2005,6,21,3,2,1013,44.47,6.7,.9555,2,0,1,42.797335
2005,6,21,3,2,1013,44.5,6.7,.9555,2,0,1,42.797335
2005,6,21,3,2,1013,44.53,6.7,.9555,2,0,1,42.797335
2005,6,21,3,2,1013,44.57,6.7,.9555,2,0,1,42.797335
2005,6,21,3,2,1013,44.82,6.7,.9555,2,0,1,42.797335
2005,6,21,3,2,1013,45.13,5,.9555,2,0,1,42.797335
2005,6,21,3,2,1013,95,6.7,.9555,2,0,1,42.797335
2005,6,21,3,2,1013,105,3.3,.9555,2,0,1,42.797335
2005,6,21,3,2,1013,150,4,.9555,2,0,1,150
2005,6,21,4,2,1013,0,63.3,.9555,2,1,0,0
2005,6,21,4,2,1013,44.47,6.7,.9555,2,0,1,42.797335
2005,6,21,4,2,1013,44.5,6.7,.9555,2,0,1,42.797335
2005,6,21,4,2,1013,44.53,6.7,.9555,2,0,1,42.797335
2005,6,21,4,2,1013,44.57,6.7,.9555,2,0,1,42.797335
2005,6,21,4,2,1013,44.82,6.7,.9555,2,0,1,42.797335
2005,6,21,4,2,1013,45.13,5,.9555,2,0,1,42.797335
2005,6,21,4,2,1013,95,6.7,.9555,2,0,1,42.797335
2005,6,21,4,2,1013,105,3.3,.9555,2,0,1,42.797335
2005,6,21,4,2,1013,150,4,.9555,2,0,1,150
2005,6,21,5,2,1013,0,63.3,.9555,2,1,0,0
2005,6,21,5,2,1013,44.47,6.7,.9555,2,0,1,42.797335
2005,6,21,5,2,1013,44.5,6.7,.9555,2,0,1,42.797335
2005,6,21,5,2,1013,44.53,6.7,.9555,2,0,1,42.797335
2005,6,21,5,2,1013,44.57,6.7,.9555,2,0,1,42.797335
2005,6,21,5,2,1013,44.82,6.7,.9555,2,0,1,42.797335
2005,6,21,5,2,1013,45.13,5,.9555,2,0,1,42.797335
2005,6,21,5,2,1013,95,6.7,.9555,2,0,1,42.797335
2005,6,21,5,2,1013,105,3.3,.9555,2,0,1,42.797335
2005,6,21,5,2,1013,150,4,.9555,2,0,1,150
2005,6,21,6,2,1013,0,63.3,.9555,2,1,0,0
2005,6,21,6,2,1013,44.47,6.7,.9555,2,0,1,42.797335
2005,6,21,6,2,1013,44.5,6.7,.9555,2,0,1,42.797335
2005,6,21,6,2,1013,44.53,6.7,.9555,2,0,1,42.797335
2005,6,21,6,2,1013,44.57,6.7,.9555,2,0,1,42.797335
2005,6,21,6,2,1013,44.82,6.7,.9555,2,0,1,42.797335
2005,6,21,6,2,1013,45.13,5,.9555,2,0,1,42.797335
2005,6,21,6,2,1013,95,6.7,.9555,2,0,1,42.797335
2005,6,21,6,2,1013,105,3.3,.9555,2,0,1,42.797335
2005,6,21,6,2,1013,150,4,.9555,2,0,1,150
2005,6,21,7,2,1013,0,63.3,.9555,2,1,0,0
2005,6,21,7,2,1013,44.47,6.7,.9555,2,0,1,42.797335
2005,6,21,7,2,1013,44.5,6.7,.9555,2,0,1,42.797335
2005,6,21,7,2,1013,44.53,6.7,.9555,2,0,1,42.797335
2005,6,21,7,2,1013,44.57,6.7,.9555,2,0,1,42.797335
2005,6,21,7,2,1013,44.82,6.7,.9555,2,0,1,42.797335
2005,6,21,7,2,1013,45.13,5,.9555,2,0,1,42.797335
2005,6,21,7,2,1013,95,6.7,.9555,2,0,1,42.797335
2005,6,21,7,2,1013,105,3.3,.9555,2,0,1,42.797335
2005,6,21,7,2,1013,150,4,.9555,2,0,1,150
2005,6,21,8,2,1013,0,81.3,.9555,2,1,0,0
2005,6,21,8,2,1013,44.53,1,.9555,2,0,1,42.797335
2005,6,21,8,2,1013,44.57,6.7,.9555,2,0,1,42.797335
2005,6,21,8,2,1013,44.82,6.7,.9555,2,0,1,42.797335
2005,6,21,8,2,1013,45.13,5,.9555,2,0,1,42.797335
2005,6,21,8,2,1013,95,6.7,.9555,2,0,1,42.797335
2005,6,21,8,2,1013,105,3.3,.9555,2,0,1,42.797335
2005,6,21,8,2,1013,150,4,.9555,2,0,1,150
2005,6,21,9,2,1013,0,101.7,.9555,2,1,0,0
2005,6,21,9,2,1013,95,6.7,.9555,2,0,1,42.797335
2005,6,21,9,2,1013,105,3.3,.9555,2,0,1,42.797335
2005,6,21,9,2,1013,150,4,.9555,2,0,1,150
2005,6,21,10,2,1013,0,101.7,.9555,2,1,0,0
2005,6,21,10,2,1013,95,6.7,.9555,2,0,1,42.797335
2005,6,21,10,2,1013,105,3.3,.9555,2,0,1,42.797335
2005,6,21,10,2,1013,150,4,.9555,2,0,1,150
2005,6,21,11,2,1013,0,101.7,.9555,2,1,0,0
2005,6,21,11,2,1013,95,6.7,.9555,2,1,0,42.797335
2005,6,21,11,2,1013,105,3.3,.9555,2,0,1,42.797335
2005,6,21,11,2,1013,150,4,.9555,2,0,1,150
2005,6,21,12,2,1013,0,101.7,.9555,2,1,0,0
2005,6,21,12,2,1013,95,6.7,.9555,2,1,0,42.797335
2005,6,21,12,2,1013,105,3.3,.9555,2,0,1,42.797335
2005,6,21,12,2,1013,150,4,.9555,2,0,1,150
2005,6,21,13,2,1013,0,101.7,.9555,2,1,0,0
2005,6,21,13,2,1013,95,6.7,.9555,2,1,0,42.797335
2005,6,21,13,2,1013,105,3.3,.9555,2,1,0,42.797335
2005,6,21,13,2,1013,150,4,.9555,2,0,1,150
2005,6,21,14,2,1013,0,101.7,.9555,2,1,0,0
2005,6,21,14,2,1013,95,6.7,.9555,2,1,0,42.797335
2005,6,21,14,2,1013,105,3.3,.9555,2,1,0,42.797335
2005,6,21,14,2,1013,150,4,.9555,2,0,1,150
2005,6,21,15,2,1013,0,101.7,.9555,2,1,0,0
2005,6,21,15,2,1013,95,6.7,.9555,2,1,0,42.797335
2005,6,21,15,2,1013,105,3.3,.9555,2,0,1,42.797335
2005,6,21,15,2,1013,150,4,.9555,2,0,1,150
2005,6,21,16,2,1013,0,101.7,.9555,2,1,0,0
2005,6,21,16,2,1013,95,6.7,.9555,2,1,0,42.797335
2005,6,21,16,2,1013,105,3.3,.9555,2,1,0,42.797335
2005,6,21,16,2,1013,150,4,.9555,2,0,1,150
2005,6,21,17,2,1013,0,101.7,.9555,2,1,0,0
2005,6,21,17,2,1013,95,6.7,.9555,2,1,0,42.797335
2005,6,21,17,2,1013,105,3.3,.9555,2,1,0,42.797335
2005,6,21,17,2,1013,150,4,.9555,2,0,1,150
2005,6,21,18,2,1013,0,101.7,.9555,2,1,0,0
2005,6,21,18,2,1013,95,6.7,.9555,2,1,0,42.797335
2005,6,21,18,2,1013,105,3.3,.9555,2,1,0,42.797335
2005,6,21,18,2,1013,150,4,.9555,2,0,1,150
2005,6,21,19,2,1013,0,101.7,.9555,2,1,0,0
2005,6,21,19,2,1013,95,6.7,.9555,2,1,0,42.797335
2005,6,21,19,2,1013,105,3.3,.9555,2,1,0,42.797335
2005,6,21,19,2,1013,150,4,.9555,2,0,1,150
2005,6,21,20,2,1013,0,101.7,.9555,2,1,0,0
2005,6,21,20,2,1013,95,6.7,.9555,2,1,0,42.797335
2005,6,21,20,2,1013,105,3.3,.9555,2,0,1,42.797335
2005,6,21,20,2,1013,150,4,.9555,2,0,1,150
2005,6,21,21,2,1013,0,101.7,.9555,2,1,0,0
2005,6,21,21,2,1013,95,6.7,.9555,2,0,1,42.797335
2005,6,21,21,2,1013,105,3.3,.9555,2,0,1,42.797335
2005,6,21,21,2,1013,150,4,.9555,2,0,1,150
2005,6,21,22,2,1013,0,101.7,.9555,2,1,0,0
2005,6,21,22,2,1013,95,6.7,.9555,2,0,1,42.797335
2005,6,21,22,2,1013,105,3.3,.9555,2,0,1,42.797335
2005,6,21,22,2,1013,150,4,.9555,2,0,1,150
2005,6,21,23,2,1013,0,101.7,.9555,2,1,0,0
2005,6,21,23,2,1013,95,6.7,.9555,2,0,1,42.797335
2005,6,21,23,2,1013,105,3.3,.9555,2,0,1,42.797335
2005,6,21,23,2,1013,150,4,.9555,2,0,1,150
2005,6,21,24,2,1013,0,101.7,.9555,2,1,0,0
2005,6,21,24,2,1013,95,6.7,.9555,2,0,1,42.797335
2005,6,21,24,2,1013,105,3.3,.9555,2,0,1,42.797335
2005,6,21,24,2,1013,150,4,.9555,2,0,1,150
2005,6,21,1,4,1013,0,162.7,.9555,2,1,0,0
2005,6,21,1,4,1013,44.53,2,.9555,2,0,1,42.797335
2005,6,21,1,4,1013,44.57,13.3,.9555,2,0,1,42.797335
2005,6,21,1,4,1013,44.82,13.3,.9555,2,0,1,42.797335
2005,6,21,1,4,1013,45.13,10,.9555,2,0,1,42.797335
2005,6,21,1,4,1013,95,13.3,.9555,2,0,1,42.797335
2005,6,21,1,4,1013,105,6.7,.9555,2,0,1,42.797335
2005,6,21,1,4,1013,150,7.9,.9555,2,0,1,150
2005,6,21,2,4,1013,0,126.7,.9555,2,1,0,0
2005,6,21,2,4,1013,44.47,13.3,.9555,2,0,1,42.797335
2005,6,21,2,4,1013,44.5,13.3,.9555,2,0,1,42.797335
2005,6,21,2,4,1013,44.53,13.3,.9555,2,0,1,42.797335
2005,6,21,2,4,1013,44.57,13.3,.9555,2,0,1,42.797335
2005,6,21,2,4,1013,44.82,13.3,.9555,2,0,1,42.797335
2005,6,21,2,4,1013,45.13,10,.9555,2,0,1,42.797335
2005,6,21,2,4,1013,95,13.3,.9555,2,0,1,42.797335
2005,6,21,2,4,1013,105,6.7,.9555,2,0,1,42.797335
2005,6,21,2,4,1013,150,7.9,.9555,2,0,1,150
2005,6,21,3,4,1013,0,126.7,.9555,2,1,0,0
2005,6,21,3,4,1013,44.47,13.3,.9555,2,0,1,42.797335
2005,6,21,3,4,1013,44.5,13.3,.9555,2,0,1,42.797335
2005,6,21,3,4,1013,44.53,13.3,.9555,2,0,1,42.797335
2005,6,21,3,4,1013,44.57,13.3,.9555,2,0,1,42.797335
2005,6,21,3,4,1013,44.82,13.3,.9555,2,0,1,42.797335
2005,6,21,3,4,1013,45.13,10,.9555,2,0,1,42.797335
2005,6,21,3,4,1013,95,13.3,.9555,2,0,1,42.797335
2005,6,21,3,4,1013,105,6.7,.9555,2,0,1,42.797335
2005,6,21,3,4,1013,150,7.9,.9555,2,0,1,150
2005,6,21,4,4,1013,0,126.7,.9555,2,1,0,0
2005,6,21,4,4,1013,44.47,13.3,.9555,2,0,1,42.797335
2005,6,21,4,4,1013,44.5,13.3,.9555,2,0,1,42.797335
2005,6,21,4,4,1013,44.53,13.3,.9555,2,0,1,42.797335
2005,6,21,4,4,1013,44.57,13.3,.9555,2,0,1,42.797335
2005,6,21,4,4,1013,44.82,13.3,.9555,2,0,1,42.797335
2005,6,21,4,4,1013,45.13,10,.9555,2,0,1,42.797335
2005,6,21,4,4,1013,95,13.3,.9555,2,0,1,42.797335
2005,6,21,4,4,1013,105,6.7,.9555,2,0,1,42.797335
2005,6,21,4,4,1013,150,7.9,.9555,2,0,1,150
2005,6,21,5,4,1013,0,126.7,.9555,2,1,0,0
2005,6,21,5,4,1013,44.47,13.3,.9555,2,0,1,42.797335
2005,6,21,5,4,1013,44.5,13.3,.9555,2,0,1,42.797335
2005,6,21,5,4,1013,44.53,13.3,.9555,2,0,1,42.797335
2005,6,21,5,4,1013,44.57,13.3,.9555,2,0,1,42.797335
2005,6,21,5,4,1013,44.82,13.3,.9555,2,0,1,42.797335
2005,6,21,5,4,1013,45.13,10,.9555,2,0,1,42.797335
2005,6,21,5,4,1013,95,13.3,.9555,2,0,1,42.797335
2005,6,21,5,4,1013,105,6.7,.9555,2,0,1,42.797335
2005,6,21,5,4,1013,150,7.9,.9555,2,0,1,150
2005,6,21,6,4,1013,0,126.7,.9555,2,1,0,0
2005,6,21,6,4,1013,44.47,13.3,.9555,2,0,1,42.797335
2005,6,21,6,4,1013,44.5,13.3,.9555,2,0,1,42.797335
2005,6,21,6,4,1013,44.53,13.3,.9555,2,0,1,42.797335
2005,6,21,6,4,1013,44.57,13.3,.9555,2,0,1,42.797335
2005,6,21,6,4,1013,44.82,13.3,.9555,2,0,1,42.797335
2005,6,21,6,4,1013,45.13,10,.9555,2,0,1,42.797335
2005,6,21,6,4,1013,95,13.3,.9555,2,0,1,42.797335
2005,6,21,6,4,1013,105,6.7,.9555,2,0,1,42.797335
2005,6,21,6,4,1013,150,7.9,.9555,2,0,1,150
2005,6,21,7,4,1013,0,126.7,.9555,2,1,0,0
2005,6,21,7,4,1013,44.47,13.3,.9555,2,0,1,42.797335
2005,6,21,7,4,1013,44.5,13.3,.9555,2,0,1,42.797335
2005,6,21,7,4,1013,44.53,13.3,.9555,2,0,1,42.797335
2005,6,21,7,4,1013,44.57,13.3,.9555,2,0,1,42.797335
2005,6,21,7,4,1013,44.82,13.3,.9555,2,0,1,42.797335
2005,6,21,7,4,1013,45.13,10,.9555,2,0,1,42.797335
2005,6,21,7,4,1013,95,13.3,.9555,2,0,1,42.797335
2005,6,21,7,4,1013,105,6.7,.9555,2,0,1,42.797335
2005,6,21,7,4,1013,150,7.9,.9555,2,0,1,150
2005,6,21,8,4,1013,0,162.7,.9555,2,1,0,0
2005,6,21,8,4,1013,44.53,2,.9555,2,0,1,42.797335
2005,6,21,8,4,1013,44.57,13.3,.9555,2,0,1,42.797335
2005,6,21,8,4,1013,44.82,13.3,.9555,2,0,1,42.797335
2005,6,21,8,4,1013,45.13,10,.9555,2,0,1,42.797335
2005,6,21,8,4,1013,95,13.3,.9555,2,0,1,42.797335
2005,6,21,8,4,1013,105,6.7,.9555,2,0,1,42.797335
2005,6,21,8,4,1013,150,7.9,.9555,2,0,1,150
2005,6,21,9,4,1013,0,203.3,.9555,2,1,0,0
2005,6,21,9,4,1013,95,13.3,.9555,2,0,1,42.797335
2005,6,21,9,4,1013,105,6.7,.9555,2,0,1,42.797335
2005,6,21,9,4,1013,150,7.9,.9555,2,0,1,150
2005,6,21,10,4,1013,0,203.3,.9555,2,1,0,0
2005,6,21,10,4,1013,95,13.3,.9555,2,0,1,42.797335
2005,6,21,10,4,1013,105,6.7,.9555,2,0,1,42.797335
2005,6,21,10,4,1013,150,7.9,.9555,2,0,1,150
2005,6,21,11,4,1013,0,203.3,.9555,2,1,0,0
2005,6,21,11,4,1013,95,13.3,.9555,2,1,0,42.797335
2005,6,21,11,4,1013,105,6.7,.9555,2,0,1,42.797335
2005,6,21,11,4,1013,150,7.9,.9555,2,0,1,150
2005,6,21,12,4,1013,0,203.3,.9555,2,1,0,0
2005,6,21,12,4,1013,95,13.3,.9555,2,1,0,42.797335
2005,6,21,12,4,1013,105,6.7,.9555,2,0,1,42.797335
2005,6,21,12,4,1013,150,7.9,.9555,2,0,1,150
2005,6,21,13,4,1013,0,203.3,.9555,2,1,0,0
2005,6,21,13,4,1013,95,13.3,.9555,2,1,0,42.797335
2005,6,21,13,4,1013,105,6.7,.9555,2,1,0,42.797335
2005,6,21,13,4,1013,150,7.9,.9555,2,0,1,150
2005,6,21,14,4,1013,0,203.3,.9555,2,1,0,0
2005,6,21,14,4,1013,95,13.3,.9555,2,1,0,42.797335
2005,6,21,14,4,1013,105,6.7,.9555,2,1,0,42.797335
2005,6,21,14,4,1013,150,7.9,.9555,2,0,1,150
2005,6,21,15,4,1013,0,203.3,.9555,2,1,0,0
2005,6,21,15,4,1013,95,13.3,.9555,2,1,0,42.797335
2005,6,21,15,4,1013,105,6.7,.9555,2,0,1,42.797335
2005,6,21,15,4,1013,150,7.9,.9555,2,0,1,150
2005,6,21,16,4,1013,0,203.3,.9555,2,1,0,0
2005,6,21,16,4,1013,95,13.3,.9555,2,1,0,42.797335
2005,6,21,16,4,1013,105,6.7,.9555,2,1,0,42.797335
2005,6,21,16,4,1013,150,7.9,.9555,2,0,1,150
2005,6,21,17,4,1013,0,203.3,.9555,2,1,0,0
2005,6,21,17,4,1013,95,13.3,.9555,2,1,0,42.797335
2005,6,21,17,4,1013,105,6.7,.9555,2,1,0,42.797335
2005,6,21,17,4,1013,150,7.9,.9555,2,0,1,150
2005,6,21,18,4,1013,0,203.3,.9555,2,1,0,0
2005,6,21,18,4,1013,95,13.3,.9555,2,1,0,42.797335
2005,6,21,18,4,1013,105,6.7,.9555,2,1,0,42.797335
2005,6,21,18,4,1013,150,7.9,.9555,2,0,1,150
2005,6,21,19,4,1013,0,203.3,.9555,2,1,0,0
2005,6,21,19,4,1013,95,13.3,.9555,2,1,0,42.797335
2005,6,21,19,4,1013,105,6.7,.9555,2,1,0,42.797335
2005,6,21,19,4,1013,150,7.9,.9555,2,0,1,150
2005,6,21,20,4,1013,0,203.3,.9555,2,1,0,0
2005,6,21,20,4,1013,95,13.3,.9555,2,1,0,42.797335
2005,6,21,20,4,1013,105,6.7,.9555,2,0,1,42.797335
2005,6,21,20,4,1013,150,7.9,.9555,2,0,1,150
2005,6,21,21,4,1013,0,203.3,.9555,2,1,0,0
2005,6,21,21,4,1013,95,13.3,.9555,2,0,1,42.797335
2005,6,21,21,4,1013,105,6.7,.9555,2,0,1,42.797335
2005,6,21,21,4,1013,150,7.9,.9555,2,0,1,150
2005,6,21,22,4,1013,0,203.3,.9555,2,1,0,0
2005,6,21,22,4,1013,95,13.3,.9555,2,0,1,42.797335
2005,6,21,22,4,1013,105,6.7,.9555,2,0,1,42.797335
2005,6,21,22,4,1013,150,7.9,.9555,2,0,1,150
2005,6,21,23,4,1013,0,203.3,.9555,2,1,0,0
2005,6,21,23,4,1013,95,13.3,.9555,2,0,1,42.797335
2005,6,21,23,4,1013,105,6.7,.9555,2,0,1,42.797335
2005,6,21,23,4,1013,150,7.9,.9555,2,0,1,150
2005,6,21,24,4,1013,0,203.3,.9555,2,1,0,0
2005,6,21,24,4,1013,95,13.3,.9555,2,0,1,42.797335
2005,6,21,24,4,1013,105,6.7,.9555,2,0,1,42.797335
2005,6,21,24,4,1013,150,7.9,.9555,2,0,1,150
2005,6,21,1,1,15,0,485.8,0,2,1,0,0
2005,6,21,1,1,15,130,13.5,0,2,0,0,130
2005,6,21,2,1,15,0,485.8,0,2,1,0,0
2005,6,21,2,1,15,130,13.5,0,2,0,0,130
2005,6,21,3,1,15,0,485.8,0,2,1,0,0
2005,6,21,3,1,15,130,13.5,0,2,0,0,130
2005,6,21,4,1,15,0,485.8,0,2,1,0,0
2005,6,21,4,1,15,130,13.5,0,2,0,0,130
2005,6,21,5,1,15,0,485.8,0,2,1,0,0
2005,6,21,5,1,15,130,13.5,0,2,0,0,130
2005,6,21,6,1,15,0,485.8,0,2,1,0,0
2005,6,21,6,1,15,130,13.5,0,2,0,0,130
2005,6,21,7,1,15,0,485.8,0,2,1,0,0
2005,6,21,7,1,15,130,13.5,0,2,0,0,130
2005,6,21,8,1,15,0,485.8,0,2,1,0,0
2005,6,21,8,1,15,130,13.5,0,2,0,0,130
2005,6,21,9,1,15,0,485.8,0,2,1,0,0
2005,6,21,9,1,15,130,13.5,0,2,0,0,130
2005,6,21,10,1,15,0,485.8,0,2,1,0,0
2005,6,21,10,1,15,130,13.5,0,2,0,0,130
2005,6,21,11,1,15,0,485.8,0,2,1,0,0
2005,6,21,11,1,15,130,13.5,0,2,0,0,130
2005,6,21,12,1,15,0,485.8,0,2,1,0,0
2005,6,21,12,1,15,130,13.5,0,2,0,0,130
2005,6,21,13,1,15,0,485.8,0,2,1,0,0
2005,6,21,13,1,15,130,13.5,0,2,0,0,130
2005,6,21,14,1,15,0,485.8,0,2,1,0,0
2005,6,21,14,1,15,130,13.5,0,2,0,0,130
2005,6,21,15,1,15,0,485.8,0,2,1,0,0
2005,6,21,15,1,15,130,13.5,0,2,0,0,130
2005,6,21,16,1,15,0,485.8,0,2,1,0,0
2005,6,21,16,1,15,130,13.5,0,2,0,0,130
2005,6,21,17,1,15,0,485.8,0,2,1,0,0
2005,6,21,17,1,15,130,13.5,0,2,0,0,130
2005,6,21,18,1,15,0,485.8,0,2,1,0,0
2005,6,21,18,1,15,130,13.5,0,2,0,0,130
2005,6,21,19,1,15,0,485.8,0,2,1,0,0
2005,6,21,19,1,15,130,13.5,0,2,0,0,130
2005,6,21,20,1,15,0,485.8,0,2,1,0,0
2005,6,21,20,1,15,130,13.5,0,2,0,0,130
2005,6,21,21,1,15,0,485.8,0,2,1,0,0
2005,6,21,21,1,15,130,13.5,0,2,0,0,130
2005,6,21,22,1,15,0,485.8,0,2,1,0,0
2005,6,21,22,1,15,130,13.5,0,2,0,0,130
2005,6,21,23,1,15,0,485.8,0,2,1,0,0
2005,6,21,23,1,15,130,13.5,0,2,0,0,130
2005,6,21,24,1,15,0,485.8,0,2,1,0,0
2005,6,21,24,1,15,130,13.5,0,2,0,0,130
2005,6,21,1,2,15,0,332.1,0,2,1,0,0
2005,6,21,1,2,15,130,9.3,0,2,0,0,130
2005,6,21,2,2,15,0,332.1,0,2,1,0,0
2005,6,21,2,2,15,130,9.3,0,2,0,0,130
2005,6,21,3,2,15,0,332.1,0,2,1,0,0
2005,6,21,3,2,15,130,9.3,0,2,0,0,130
2005,6,21,4,2,15,0,332.1,0,2,1,0,0
2005,6,21,4,2,15,130,9.3,0,2,0,0,130
2005,6,21,5,2,15,0,332.1,0,2,1,0,0
2005,6,21,5,2,15,130,9.3,0,2,0,0,130
2005,6,21,6,2,15,0,332.1,0,2,1,0,0
2005,6,21,6,2,15,130,9.3,0,2,0,0,130
2005,6,21,7,2,15,0,332.1,0,2,1,0,0
2005,6,21,7,2,15,130,9.3,0,2,0,0,130
2005,6,21,8,2,15,0,332.1,0,2,1,0,0
2005,6,21,8,2,15,130,9.3,0,2,0,0,130
2005,6,21,9,2,15,0,332.1,0,2,1,0,0
2005,6,21,9,2,15,130,9.3,0,2,0,0,130
2005,6,21,10,2,15,0,332.1,0,2,1,0,0
2005,6,21,10,2,15,130,9.3,0,2,0,0,130
2005,6,21,11,2,15,0,332.1,0,2,1,0,0
2005,6,21,11,2,15,130,9.3,0,2,0,0,130
2005,6,21,12,2,15,0,332.1,0,2,1,0,0
2005,6,21,12,2,15,130,9.3,0,2,0,0,130
2005,6,21,13,2,15,0,332.1,0,2,1,0,0
2005,6,21,13,2,15,130,9.3,0,2,0,0,130
2005,6,21,14,2,15,0,332.1,0,2,1,0,0
2005,6,21,14,2,15,130,9.3,0,2,0,0,130
2005,6,21,15,2,15,0,332.1,0,2,1,0,0
2005,6,21,15,2,15,130,9.3,0,2,0,0,130
2005,6,21,16,2,15,0,332.1,0,2,1,0,0
2005,6,21,16,2,15,130,9.3,0,2,0,0,130
2005,6,21,17,2,15,0,332.1,0,2,1,0,0
2005,6,21,17,2,15,130,9.3,0,2,0,0,130
2005,6,21,18,2,15,0,332.1,0,2,1,0,0
2005,6,21,18,2,15,130,9.3,0,2,0,0,130
2005,6,21,19,2,15,0,332.1,0,2,1,0,0
2005,6,21,19,2,15,130,9.3,0,2,0,0,130
2005,6,21,20,2,15,0,332.1,0,2,1,0,0
2005,6,21,20,2,15,130,9.3,0,2,0,0,130
2005,6,21,21,2,15,0,332.1,0,2,1,0,0
2005,6,21,21,2,15,130,9.3,0,2,0,0,130
2005,6,21,22,2,15,0,332.1,0,2,1,0,0
2005,6,21,22,2,15,130,9.3,0,2,0,0,130
2005,6,21,23,2,15,0,332.1,0,2,1,0,0
2005,6,21,23,2,15,130,9.3,0,2,0,0,130
2005,6,21,24,2,15,0,332.1,0,2,1,0,0
2005,6,21,24,2,15,130,9.3,0,2,0,0,130
2005,6,21,1,5,15,0,104.1,0,2,1,0,0
2005,6,21,1,5,15,130,2.9,0,2,0,0,130
2005,6,21,2,5,15,0,104.1,0,2,1,0,0
2005,6,21,2,5,15,130,2.9,0,2,0,0,130
2005,6,21,3,5,15,0,104.1,0,2,1,0,0
2005,6,21,3,5,15,130,2.9,0,2,0,0,130
2005,6,21,4,5,15,0,104.1,0,2,1,0,0
2005,6,21,4,5,15,130,2.9,0,2,0,0,130
2005,6,21,5,5,15,0,104.1,0,2,1,0,0
2005,6,21,5,5,15,130,2.9,0,2,0,0,130
2005,6,21,6,5,15,0,104.1,0,2,1,0,0
2005,6,21,6,5,15,130,2.9,0,2,0,0,130
2005,6,21,7,5,15,0,104.1,0,2,1,0,0
2005,6,21,7,5,15,130,2.9,0,2,0,0,130
2005,6,21,8,5,15,0,104.1,0,2,1,0,0
2005,6,21,8,5,15,130,2.9,0,2,0,0,130
2005,6,21,9,5,15,0,104.1,0,2,1,0,0
2005,6,21,9,5,15,130,2.9,0,2,0,0,130
2005,6,21,10,5,15,0,104.1,0,2,1,0,0
2005,6,21,10,5,15,130,2.9,0,2,0,0,130
2005,6,21,11,5,15,0,104.1,0,2,1,0,0
2005,6,21,11,5,15,130,2.9,0,2,0,0,130
2005,6,21,12,5,15,0,104.1,0,2,1,0,0
2005,6,21,12,5,15,130,2.9,0,2,0,0,130
2005,6,21,13,5,15,0,104.1,0,2,1,0,0
2005,6,21,13,5,15,130,2.9,0,2,0,0,130
2005,6,21,14,5,15,0,104.1,0,2,1,0,0
2005,6,21,14,5,15,130,2.9,0,2,0,0,130
2005,6,21,15,5,15,0,104.1,0,2,1,0,0
2005,6,21,15,5,15,130,2.9,0,2,0,0,130
2005,6,21,16,5,15,0,104.1,0,2,1,0,0
2005,6,21,16,5,15,130,2.9,0,2,0,0,130
2005,6,21,17,5,15,0,104.1,0,2,1,0,0
2005,6,21,17,5,15,130,2.9,0,2,0,0,130
2005,6,21,18,5,15,0,104.1,0,2,1,0,0
2005,6,21,18,5,15,130,2.9,0,2,0,0,130
2005,6,21,19,5,15,0,104.1,0,2,1,0,0
2005,6,21,19,5,15,130,2.9,0,2,0,0,130
2005,6,21,20,5,15,0,104.1,0,2,1,0,0
2005,6,21,20,5,15,130,2.9,0,2,0,0,130
2005,6,21,21,5,15,0,104.1,0,2,1,0,0
2005,6,21,21,5,15,130,2.9,0,2,0,0,130
2005,6,21,22,5,15,0,104.1,0,2,1,0,0
2005,6,21,22,5,15,130,2.9,0,2,0,0,130
2005,6,21,23,5,15,0,104.1,0,2,1,0,0
2005,6,21,23,5,15,130,2.9,0,2,0,0,130
2005,6,21,24,5,15,0,104.1,0,2,1,0,0
2005,6,21,24,5,15,130,2.9,0,2,0,0,130
2005,6,21,1,1,16,0,491.3,0,2,1,0,0
2005,6,21,1,1,16,130,6.7,0,2,0,0,130
2005,6,21,2,1,16,0,491.3,0,2,1,0,0
2005,6,21,2,1,16,130,6.7,0,2,0,0,130
2005,6,21,3,1,16,0,491.3,0,2,1,0,0
2005,6,21,3,1,16,130,6.7,0,2,0,0,130
2005,6,21,4,1,16,0,491.3,0,2,1,0,0
2005,6,21,4,1,16,130,6.7,0,2,0,0,130
2005,6,21,5,1,16,0,491.3,0,2,1,0,0
2005,6,21,5,1,16,130,6.7,0,2,0,0,130
2005,6,21,6,1,16,0,491.3,0,2,1,0,0
2005,6,21,6,1,16,130,6.7,0,2,0,0,130
2005,6,21,7,1,16,0,491.3,0,2,1,0,0
2005,6,21,7,1,16,130,6.7,0,2,0,0,130
2005,6,21,8,1,16,0,491.3,0,2,1,0,0
2005,6,21,8,1,16,130,6.7,0,2,0,0,130
2005,6,21,9,1,16,0,491.3,0,2,1,0,0
2005,6,21,9,1,16,130,6.7,0,2,0,0,130
2005,6,21,10,1,16,0,491.3,0,2,1,0,0
2005,6,21,10,1,16,130,6.7,0,2,0,0,130
2005,6,21,11,1,16,0,491.3,0,2,1,0,0
2005,6,21,11,1,16,130,6.7,0,2,0,0,130
2005,6,21,12,1,16,0,491.3,0,2,1,0,0
2005,6,21,12,1,16,130,6.7,0,2,0,0,130
2005,6,21,13,1,16,0,491.3,0,2,1,0,0
2005,6,21,13,1,16,130,6.7,0,2,0,0,130
2005,6,21,14,1,16,0,491.3,0,2,1,0,0
2005,6,21,14,1,16,130,6.7,0,2,0,0,130
2005,6,21,15,1,16,0,491.3,0,2,1,0,0
2005,6,21,15,1,16,130,6.7,0,2,0,0,130
2005,6,21,16,1,16,0,491.3,0,2,1,0,0
2005,6,21,16,1,16,130,6.7,0,2,0,0,130
2005,6,21,17,1,16,0,491.3,0,2,1,0,0
2005,6,21,17,1,16,130,6.7,0,2,0,0,130
2005,6,21,18,1,16,0,491.3,0,2,1,0,0
2005,6,21,18,1,16,130,6.7,0,2,0,0,130
2005,6,21,19,1,16,0,491.3,0,2,1,0,0
2005,6,21,19,1,16,130,6.7,0,2,0,0,130
2005,6,21,20,1,16,0,491.3,0,2,1,0,0
2005,6,21,20,1,16,130,6.7,0,2,0,0,130
2005,6,21,21,1,16,0,491.3,0,2,1,0,0
2005,6,21,21,1,16,130,6.7,0,2,0,0,130
2005,6,21,22,1,16,0,491.3,0,2,1,0,0
2005,6,21,22,1,16,130,6.7,0,2,0,0,130
2005,6,21,23,1,16,0,491.3,0,2,1,0,0
2005,6,21,23,1,16,130,6.7,0,2,0,0,130
2005,6,21,24,1,16,0,491.3,0,2,1,0,0
2005,6,21,24,1,16,130,6.7,0,2,0,0,130
2005,6,21,1,2,16,0,335.9,0,2,1,0,0
2005,6,21,1,2,16,130,4.6,0,2,0,0,130
2005,6,21,2,2,16,0,335.9,0,2,1,0,0
2005,6,21,2,2,16,130,4.6,0,2,0,0,130
2005,6,21,3,2,16,0,335.9,0,2,1,0,0
2005,6,21,3,2,16,130,4.6,0,2,0,0,130
2005,6,21,4,2,16,0,335.9,0,2,1,0,0
2005,6,21,4,2,16,130,4.6,0,2,0,0,130
2005,6,21,5,2,16,0,335.9,0,2,1,0,0
2005,6,21,5,2,16,130,4.6,0,2,0,0,130
2005,6,21,6,2,16,0,335.9,0,2,1,0,0
2005,6,21,6,2,16,130,4.6,0,2,0,0,130
2005,6,21,7,2,16,0,335.9,0,2,1,0,0
2005,6,21,7,2,16,130,4.6,0,2,0,0,130
2005,6,21,8,2,16,0,335.9,0,2,1,0,0
2005,6,21,8,2,16,130,4.6,0,2,0,0,130
2005,6,21,9,2,16,0,335.9,0,2,1,0,0
2005,6,21,9,2,16,130,4.6,0,2,0,0,130
2005,6,21,10,2,16,0,335.9,0,2,1,0,0
2005,6,21,10,2,16,130,4.6,0,2,0,0,130
2005,6,21,11,2,16,0,335.9,0,2,1,0,0
2005,6,21,11,2,16,130,4.6,0,2,0,0,130
2005,6,21,12,2,16,0,335.9,0,2,1,0,0
2005,6,21,12,2,16,130,4.6,0,2,0,0,130
2005,6,21,13,2,16,0,335.9,0,2,1,0,0
2005,6,21,13,2,16,130,4.6,0,2,0,0,130
2005,6,21,14,2,16,0,335.9,0,2,1,0,0
2005,6,21,14,2,16,130,4.6,0,2,0,0,130
2005,6,21,15,2,16,0,335.9,0,2,1,0,0
2005,6,21,15,2,16,130,4.6,0,2,0,0,130
2005,6,21,16,2,16,0,335.9,0,2,1,0,0
2005,6,21,16,2,16,130,4.6,0,2,0,0,130
2005,6,21,17,2,16,0,335.9,0,2,1,0,0
2005,6,21,17,2,16,130,4.6,0,2,0,0,130
2005,6,21,18,2,16,0,335.9,0,2,1,0,0
2005,6,21,18,2,16,130,4.6,0,2,0,0,130
2005,6,21,19,2,16,0,335.9,0,2,1,0,0
2005,6,21,19,2,16,130,4.6,0,2,0,0,130
2005,6,21,20,2,16,0,335.9,0,2,1,0,0
2005,6,21,20,2,16,130,4.6,0,2,0,0,130
2005,6,21,21,2,16,0,335.9,0,2,1,0,0
2005,6,21,21,2,16,130,4.6,0,2,0,0,130
2005,6,21,22,2,16,0,335.9,0,2,1,0,0
2005,6,21,22,2,16,130,4.6,0,2,0,0,130
2005,6,21,23,2,16,0,335.9,0,2,1,0,0
2005,6,21,23,2,16,130,4.6,0,2,0,0,130
2005,6,21,24,2,16,0,335.9,0,2,1,0,0
2005,6,21,24,2,16,130,4.6,0,2,0,0,130
2005,6,21,1,5,16,0,105.3,0,2,1,0,0
2005,6,21,1,5,16,130,1.4,0,2,0,0,130
2005,6,21,2,5,16,0,105.3,0,2,1,0,0
2005,6,21,2,5,16,130,1.4,0,2,0,0,130
2005,6,21,3,5,16,0,105.3,0,2,1,0,0
2005,6,21,3,5,16,130,1.4,0,2,0,0,130
2005,6,21,4,5,16,0,105.3,0,2,1,0,0
2005,6,21,4,5,16,130,1.4,0,2,0,0,130
2005,6,21,5,5,16,0,105.3,0,2,1,0,0
2005,6,21,5,5,16,130,1.4,0,2,0,0,130
2005,6,21,6,5,16,0,105.3,0,2,1,0,0
2005,6,21,6,5,16,130,1.4,0,2,0,0,130
2005,6,21,7,5,16,0,105.3,0,2,1,0,0
2005,6,21,7,5,16,130,1.4,0,2,0,0,130
2005,6,21,8,5,16,0,105.3,0,2,1,0,0
2005,6,21,8,5,16,130,1.4,0,2,0,0,130
2005,6,21,9,5,16,0,105.3,0,2,1,0,0
2005,6,21,9,5,16,130,1.4,0,2,0,0,130
2005,6,21,10,5,16,0,105.3,0,2,1,0,0
2005,6,21,10,5,16,130,1.4,0,2,0,0,130
2005,6,21,11,5,16,0,105.3,0,2,1,0,0
2005,6,21,11,5,16,130,1.4,0,2,0,0,130
2005,6,21,12,5,16,0,105.3,0,2,1,0,0
2005,6,21,12,5,16,130,1.4,0,2,0,0,130
2005,6,21,13,5,16,0,105.3,0,2,1,0,0
2005,6,21,13,5,16,130,1.4,0,2,0,0,130
2005,6,21,14,5,16,0,105.3,0,2,1,0,0
2005,6,21,14,5,16,130,1.4,0,2,0,0,130
2005,6,21,15,5,16,0,105.3,0,2,1,0,0
2005,6,21,15,5,16,130,1.4,0,2,0,0,130
2005,6,21,16,5,16,0,105.3,0,2,1,0,0
2005,6,21,16,5,16,130,1.4,0,2,0,0,130
2005,6,21,17,5,16,0,105.3,0,2,1,0,0
2005,6,21,17,5,16,130,1.4,0,2,0,0,130
2005,6,21,18,5,16,0,105.3,0,2,1,0,0
2005,6,21,18,5,16,130,1.4,0,2,0,0,130
2005,6,21,19,5,16,0,105.3,0,2,1,0,0
2005,6,21,19,5,16,130,1.4,0,2,0,0,130
2005,6,21,20,5,16,0,105.3,0,2,1,0,0
2005,6,21,20,5,16,130,1.4,0,2,0,0,130
2005,6,21,21,5,16,0,105.3,0,2,1,0,0
2005,6,21,21,5,16,130,1.4,0,2,0,0,130
2005,6,21,22,5,16,0,105.3,0,2,1,0,0
2005,6,21,22,5,16,130,1.4,0,2,0,0,130
2005,6,21,23,5,16,0,105.3,0,2,1,0,0
2005,6,21,23,5,16,130,1.4,0,2,0,0,130
2005,6,21,24,5,16,0,105.3,0,2,1,0,0
2005,6,21,24,5,16,130,1.4,0,2,0,0,130
2005,6,21,1,9,17,0,2.2,0,2,1,0,0
2005,6,21,2,9,17,0,2.2,0,2,1,0,0
2005,6,21,3,9,17,0,2.2,0,2,1,0,0
2005,6,21,4,9,17,0,2.2,0,2,1,0,0
2005,6,21,5,9,17,0,2.2,0,2,1,0,0
2005,6,21,6,9,17,0,2.2,0,2,1,0,0
2005,6,21,7,9,17,0,2.2,0,2,1,0,0
2005,6,21,8,9,17,0,2.2,0,2,1,0,0
2005,6,21,9,9,17,0,2.2,0,2,1,0,0
2005,6,21,10,9,17,0,2.2,0,2,1,0,0
2005,6,21,11,9,17,0,2,0,2,1,0,0
2005,6,21,12,9,17,0,2,0,2,1,0,0
2005,6,21,13,9,17,0,2,0,2,1,0,0
2005,6,21,14,9,17,0,2,0,2,1,0,0
2005,6,21,15,9,17,0,2,0,2,1,0,0
2005,6,21,16,9,17,0,2,0,2,1,0,0
2005,6,21,17,9,17,0,2,0,2,1,0,0
2005,6,21,18,9,17,0,2,0,2,1,0,0
2005,6,21,19,9,17,0,2,0,2,1,0,0
2005,6,21,20,9,17,0,2,0,2,1,0,0
2005,6,21,21,9,17,0,2,0,2,1,0,0
2005,6,21,22,9,17,0,2,0,2,1,0,0
2005,6,21,23,9,17,0,2.2,0,2,1,0,0
2005,6,21,24,9,17,0,2.2,0,2,1,0,0
2005,6,21,1,9,18,0,5.1,0,2,1,0,0
2005,6,21,2,9,18,0,5.1,0,2,1,0,0
2005,6,21,3,9,18,0,5.1,0,2,1,0,0
2005,6,21,4,9,18,0,5.1,0,2,1,0,0
2005,6,21,5,9,18,0,5.1,0,2,1,0,0
2005,6,21,6,9,18,0,5.1,0,2,1,0,0
2005,6,21,7,9,18,0,5.1,0,2,1,0,0
2005,6,21,8,9,18,0,5.1,0,2,1,0,0
2005,6,21,9,9,18,0,5,0,2,1,0,0
2005,6,21,10,9,18,0,5,0,2,1,0,0
2005,6,21,11,9,18,0,5,0,2,1,0,0
2005,6,21,12,9,18,0,5,0,2,1,0,0
2005,6,21,13,9,18,0,5,0,2,1,0,0
2005,6,21,14,9,18,0,5,0,2,1,0,0
2005,6,21,15,9,18,0,5,0,2,1,0,0
2005,6,21,16,9,18,0,5,0,2,1,0,0
2005,6,21,17,9,18,0,5,0,2,1,0,0
2005,6,21,18,9,18,0,5,0,2,1,0,0
2005,6,21,19,9,18,0,5,0,2,1,0,0
2005,6,21,20,9,18,0,5,0,2,1,0,0
2005,6,21,21,9,18,0,5,0,2,1,0,0
2005,6,21,22,9,18,0,5,0,2,1,0,0
2005,6,21,23,9,18,0,5,0,2,1,0,0
2005,6,21,24,9,18,0,5,0,2,1,0,0
2005,6,21,1,9,19,0,8.5,0,2,1,0,0
2005,6,21,2,9,19,0,8.5,0,2,1,0,0
2005,6,21,3,9,19,0,8.5,0,2,1,0,0
2005,6,21,4,9,19,0,8.5,0,2,1,0,0
2005,6,21,5,9,19,0,8.5,0,2,1,0,0
2005,6,21,6,9,19,0,8.5,0,2,1,0,0
2005,6,21,7,9,19,0,8.5,0,2,1,0,0
2005,6,21,8,9,19,0,8.5,0,2,1,0,0
2005,6,21,9,9,19,0,8.8,0,2,1,0,0
2005,6,21,10,9,19,0,8.8,0,2,1,0,0
2005,6,21,11,9,19,0,9.5,0,2,1,0,0
2005,6,21,12,9,19,0,9.5,0,2,1,0,0
2005,6,21,13,9,19,0,9.5,0,2,1,0,0
2005,6,21,14,9,19,0,9.4,0,2,1,0,0
2005,6,21,15,9,19,0,9.4,0,2,1,0,0
2005,6,21,16,9,19,0,9.4,0,2,1,0,0
2005,6,21,17,9,19,0,9.4,0,2,1,0,0
2005,6,21,18,9,19,0,9.5,0,2,1,0,0
2005,6,21,19,9,19,0,9.5,0,2,1,0,0
2005,6,21,20,9,19,0,9.5,0,2,1,0,0
2005,6,21,21,9,19,0,9.5,0,2,1,0,0
2005,6,21,22,9,19,0,9.5,0,2,1,0,0
2005,6,21,23,9,19,0,8.6,0,2,1,0,0
2005,6,21,24,9,19,0,8.5,0,2,1,0,0
2005,6,21,1,1,1015,0,230,.370879,2,1,0,0
2005,6,21,1,1,1015,35.72,50,.370879,2,1,0,43.480794
2005,6,21,1,1,1015,37.32,50,.370879,2,1,0,43.480794
2005,6,21,1,1,1015,38.92,30,.370879,2,1,0,43.480794
2005,6,21,1,1,1015,42.64,29.2,.370879,2,1,0,43.480794
2005,6,21,2,1,1015,0,230,.370879,2,1,0,0
2005,6,21,2,1,1015,35.72,50,.370879,2,1,0,43.480794
2005,6,21,2,1,1015,37.32,50,.370879,2,1,0,43.480794
2005,6,21,2,1,1015,38.92,30,.370879,2,1,0,43.480794
2005,6,21,2,1,1015,42.64,29.2,.370879,2,1,0,43.480794
2005,6,21,3,1,1015,0,230,.370879,2,1,0,0
2005,6,21,3,1,1015,35.72,50,.370879,2,1,0,43.480794
2005,6,21,3,1,1015,37.32,50,.370879,2,1,0,43.480794
2005,6,21,3,1,1015,38.92,30,.370879,2,1,0,43.480794
2005,6,21,3,1,1015,42.64,29.2,.370879,2,0,0,43.480794
2005,6,21,4,1,1015,0,230,.370879,2,1,0,0
2005,6,21,4,1,1015,35.72,50,.370879,2,1,0,43.480794
2005,6,21,4,1,1015,37.32,50,.370879,2,1,0,43.480794
2005,6,21,4,1,1015,38.92,30,.370879,2,0,0,43.480794
2005,6,21,4,1,1015,42.64,29.2,.370879,2,0,0,43.480794
2005,6,21,5,1,1015,0,230,.370879,2,1,0,0
2005,6,21,5,1,1015,35.72,50,.370879,2,1,0,43.480794
2005,6,21,5,1,1015,37.32,50,.370879,2,1,0,43.480794
2005,6,21,5,1,1015,38.92,30,.370879,2,0,0,43.480794
2005,6,21,5,1,1015,42.64,29.2,.370879,2,0,0,43.480794
2005,6,21,6,1,1015,0,230,.370879,2,1,0,0
2005,6,21,6,1,1015,35.72,50,.370879,2,1,0,43.480794
2005,6,21,6,1,1015,37.32,50,.370879,2,1,0,43.480794
2005,6,21,6,1,1015,38.92,30,.370879,2,0,0,43.480794
2005,6,21,6,1,1015,42.64,29.2,.370879,2,0,0,43.480794
2005,6,21,7,1,1015,0,230,.370879,2,1,0,0
2005,6,21,7,1,1015,35.72,50,.370879,2,1,0,43.480794
2005,6,21,7,1,1015,37.32,50,.370879,2,1,0,43.480794
2005,6,21,7,1,1015,38.92,30,.370879,2,1,0,43.480794
2005,6,21,7,1,1015,42.64,29.2,.370879,2,0,0,43.480794
2005,6,21,8,1,1015,0,230,.370879,2,1,0,0
2005,6,21,8,1,1015,35.72,50,.370879,2,1,0,43.480794
2005,6,21,8,1,1015,37.32,50,.370879,2,1,0,43.480794
2005,6,21,8,1,1015,38.92,30,.370879,2,1,0,43.480794
2005,6,21,8,1,1015,42.64,29.2,.370879,2,1,0,43.480794
2005,6,21,9,1,1015,0,230,.370879,2,1,0,0
2005,6,21,9,1,1015,35.72,50,.370879,2,1,0,43.480794
2005,6,21,9,1,1015,37.32,50,.370879,2,1,0,43.480794
2005,6,21,9,1,1015,38.92,30,.370879,2,1,0,43.480794
2005,6,21,9,1,1015,42.64,29.2,.370879,2,1,0,43.480794
2005,6,21,10,1,1015,0,230,.370879,2,1,0,0
2005,6,21,10,1,1015,35.72,50,.370879,2,1,0,43.480794
2005,6,21,10,1,1015,37.32,50,.370879,2,1,0,43.480794
2005,6,21,10,1,1015,38.92,30,.370879,2,1,0,43.480794
2005,6,21,10,1,1015,42.64,29.2,.370879,2,1,0,43.480794
2005,6,21,11,1,1015,0,230,.370879,2,1,0,0
2005,6,21,11,1,1015,35.72,50,.370879,2,1,0,43.480794
2005,6,21,11,1,1015,37.32,50,.370879,2,1,0,43.480794
2005,6,21,11,1,1015,38.92,30,.370879,2,1,0,43.480794
2005,6,21,11,1,1015,42.64,29.2,.370879,2,1,0,43.480794
2005,6,21,12,1,1015,0,230,.370879,2,1,0,0
2005,6,21,12,1,1015,35.72,50,.370879,2,1,0,43.480794
2005,6,21,12,1,1015,37.32,50,.370879,2,1,0,43.480794
2005,6,21,12,1,1015,38.92,30,.370879,2,1,0,43.480794
2005,6,21,12,1,1015,42.64,29.2,.370879,2,1,0,43.480794
2005,6,21,13,1,1015,0,230,.370879,2,1,0,0
2005,6,21,13,1,1015,35.72,50,.370879,2,1,0,43.480794
2005,6,21,13,1,1015,37.32,50,.370879,2,1,0,43.480794
2005,6,21,13,1,1015,38.92,30,.370879,2,1,0,43.480794
2005,6,21,13,1,1015,42.64,29.2,.370879,2,1,0,43.480794
2005,6,21,14,1,1015,0,230,.370879,2,1,0,0
2005,6,21,14,1,1015,35.72,50,.370879,2,1,0,43.480794
2005,6,21,14,1,1015,37.32,50,.370879,2,1,0,43.480794
2005,6,21,14,1,1015,38.92,30,.370879,2,1,0,43.480794
2005,6,21,14,1,1015,42.64,29.2,.370879,2,1,0,43.480794
2005,6,21,15,1,1015,0,230,.370879,2,1,0,0
2005,6,21,15,1,1015,35.72,50,.370879,2,1,0,43.480794
2005,6,21,15,1,1015,37.32,50,.370879,2,1,0,43.480794
2005,6,21,15,1,1015,38.92,30,.370879,2,1,0,43.480794
2005,6,21,15,1,1015,42.64,29.2,.370879,2,1,0,43.480794
2005,6,21,16,1,1015,0,230,.370879,2,1,0,0
2005,6,21,16,1,1015,35.72,50,.370879,2,1,0,43.480794
2005,6,21,16,1,1015,37.32,50,.370879,2,1,0,43.480794
2005,6,21,16,1,1015,38.92,30,.370879,2,1,0,43.480794
2005,6,21,16,1,1015,42.64,29.2,.370879,2,1,0,43.480794
2005,6,21,17,1,1015,0,230,.370879,2,1,0,0
2005,6,21,17,1,1015,35.72,50,.370879,2,1,0,43.480794
2005,6,21,17,1,1015,37.32,50,.370879,2,1,0,43.480794
2005,6,21,17,1,1015,38.92,30,.370879,2,1,0,43.480794
2005,6,21,17,1,1015,42.64,29.2,.370879,2,1,0,43.480794
2005,6,21,18,1,1015,0,230,.370879,2,1,0,0
2005,6,21,18,1,1015,35.72,50,.370879,2,1,0,43.480794
2005,6,21,18,1,1015,37.32,50,.370879,2,1,0,43.480794
2005,6,21,18,1,1015,38.92,30,.370879,2,1,0,43.480794
2005,6,21,18,1,1015,42.64,29.2,.370879,2,1,0,43.480794
2005,6,21,19,1,1015,0,230,.370879,2,1,0,0
2005,6,21,19,1,1015,35.72,50,.370879,2,1,0,43.480794
2005,6,21,19,1,1015,37.32,50,.370879,2,1,0,43.480794
2005,6,21,19,1,1015,38.92,30,.370879,2,1,0,43.480794
2005,6,21,19,1,1015,42.64,29.2,.370879,2,1,0,43.480794
2005,6,21,20,1,1015,0,230,.370879,2,1,0,0
2005,6,21,20,1,1015,35.72,50,.370879,2,1,0,43.480794
2005,6,21,20,1,1015,37.32,50,.370879,2,1,0,43.480794
2005,6,21,20,1,1015,38.92,30,.370879,2,1,0,43.480794
2005,6,21,20,1,1015,42.64,29.2,.370879,2,1,0,43.480794
2005,6,21,21,1,1015,0,230,.370879,2,1,0,0
2005,6,21,21,1,1015,35.72,50,.370879,2,1,0,43.480794
2005,6,21,21,1,1015,37.32,50,.370879,2,1,0,43.480794
2005,6,21,21,1,1015,38.92,30,.370879,2,1,0,43.480794
2005,6,21,21,1,1015,42.64,29.2,.370879,2,1,0,43.480794
2005,6,21,22,1,1015,0,230,.370879,2,1,0,0
2005,6,21,22,1,1015,35.72,50,.370879,2,1,0,43.480794
2005,6,21,22,1,1015,37.32,50,.370879,2,1,0,43.480794
2005,6,21,22,1,1015,38.92,30,.370879,2,1,0,43.480794
2005,6,21,22,1,1015,42.64,29.2,.370879,2,1,0,43.480794
2005,6,21,23,1,1015,0,230,.370879,2,1,0,0
2005,6,21,23,1,1015,35.72,50,.370879,2,1,0,43.480794
2005,6,21,23,1,1015,37.32,50,.370879,2,1,0,43.480794
2005,6,21,23,1,1015,38.92,30,.370879,2,1,0,43.480794
2005,6,21,23,1,1015,42.64,29.2,.370879,2,1,0,43.480794
2005,6,21,24,1,1015,0,230,.370879,2,1,0,0
2005,6,21,24,1,1015,35.72,50,.370879,2,1,0,43.480794
2005,6,21,24,1,1015,37.32,50,.370879,2,1,0,43.480794
2005,6,21,24,1,1015,38.92,30,.370879,2,1,0,43.480794
2005,6,21,24,1,1015,42.64,29.2,.370879,2,1,0,43.480794
2005,6,21,1,1,1016,0,230,.370879,2,1,0,0
2005,6,21,1,1,1016,35.51,50,.370879,2,1,0,43.480794
2005,6,21,1,1,1016,37.11,50,.370879,2,1,0,43.480794
2005,6,21,1,1,1016,38.71,30,.370879,2,1,0,43.480794
2005,6,21,1,1,1016,42.41,13.2,.370879,2,1,0,43.480794
2005,6,21,2,1,1016,0,230,.370879,2,1,0,0
2005,6,21,2,1,1016,35.51,50,.370879,2,1,0,43.480794
2005,6,21,2,1,1016,37.11,50,.370879,2,1,0,43.480794
2005,6,21,2,1,1016,38.71,30,.370879,2,1,0,43.480794
2005,6,21,2,1,1016,42.41,13.2,.370879,2,1,0,43.480794
2005,6,21,3,1,1016,0,230,.370879,2,1,0,0
2005,6,21,3,1,1016,35.51,50,.370879,2,1,0,43.480794
2005,6,21,3,1,1016,37.11,50,.370879,2,1,0,43.480794
2005,6,21,3,1,1016,38.71,30,.370879,2,1,0,43.480794
2005,6,21,3,1,1016,42.41,13.2,.370879,2,0,0,43.480794
2005,6,21,4,1,1016,0,230,.370879,2,1,0,0
2005,6,21,4,1,1016,35.51,50,.370879,2,1,0,43.480794
2005,6,21,4,1,1016,37.11,50,.370879,2,1,0,43.480794
2005,6,21,4,1,1016,38.71,30,.370879,2,1,0,43.480794
2005,6,21,4,1,1016,42.41,13.2,.370879,2,0,0,43.480794
2005,6,21,5,1,1016,0,230,.370879,2,1,0,0
2005,6,21,5,1,1016,35.51,50,.370879,2,1,0,43.480794
2005,6,21,5,1,1016,37.11,50,.370879,2,1,0,43.480794
2005,6,21,5,1,1016,38.71,30,.370879,2,0,0,43.480794
2005,6,21,5,1,1016,42.41,13.2,.370879,2,0,0,43.480794
2005,6,21,6,1,1016,0,230,.370879,2,1,0,0
2005,6,21,6,1,1016,35.51,50,.370879,2,1,0,43.480794
2005,6,21,6,1,1016,37.11,50,.370879,2,1,0,43.480794
2005,6,21,6,1,1016,38.71,30,.370879,2,0,0,43.480794
2005,6,21,6,1,1016,42.41,13.2,.370879,2,0,0,43.480794
2005,6,21,7,1,1016,0,230,.370879,2,1,0,0
2005,6,21,7,1,1016,35.51,50,.370879,2,1,0,43.480794
2005,6,21,7,1,1016,37.11,50,.370879,2,1,0,43.480794
2005,6,21,7,1,1016,38.71,30,.370879,2,1,0,43.480794
2005,6,21,7,1,1016,42.41,13.2,.370879,2,0,0,43.480794
2005,6,21,8,1,1016,0,230,.370879,2,1,0,0
2005,6,21,8,1,1016,35.51,50,.370879,2,1,0,43.480794
2005,6,21,8,1,1016,37.11,50,.370879,2,1,0,43.480794
2005,6,21,8,1,1016,38.71,30,.370879,2,1,0,43.480794
2005,6,21,8,1,1016,42.41,13.2,.370879,2,1,0,43.480794
2005,6,21,9,1,1016,0,230,.370879,2,1,0,0
2005,6,21,9,1,1016,35.51,50,.370879,2,1,0,43.480794
2005,6,21,9,1,1016,37.11,50,.370879,2,1,0,43.480794
2005,6,21,9,1,1016,38.71,30,.370879,2,1,0,43.480794
2005,6,21,9,1,1016,42.41,13.2,.370879,2,1,0,43.480794
2005,6,21,10,1,1016,0,230,.370879,2,1,0,0
2005,6,21,10,1,1016,35.51,50,.370879,2,1,0,43.480794
2005,6,21,10,1,1016,37.11,50,.370879,2,1,0,43.480794
2005,6,21,10,1,1016,38.71,30,.370879,2,1,0,43.480794
2005,6,21,10,1,1016,42.41,13.2,.370879,2,1,0,43.480794
2005,6,21,11,1,1016,0,230,.370879,2,1,0,0
2005,6,21,11,1,1016,35.51,50,.370879,2,1,0,43.480794
2005,6,21,11,1,1016,37.11,50,.370879,2,1,0,43.480794
2005,6,21,11,1,1016,38.71,30,.370879,2,1,0,43.480794
2005,6,21,11,1,1016,42.41,13.2,.370879,2,1,0,43.480794
2005,6,21,12,1,1016,0,230,.370879,2,1,0,0
2005,6,21,12,1,1016,35.51,50,.370879,2,1,0,43.480794
2005,6,21,12,1,1016,37.11,50,.370879,2,1,0,43.480794
2005,6,21,12,1,1016,38.71,30,.370879,2,1,0,43.480794
2005,6,21,12,1,1016,42.41,13.2,.370879,2,1,0,43.480794
2005,6,21,13,1,1016,0,230,.370879,2,1,0,0
2005,6,21,13,1,1016,35.51,50,.370879,2,1,0,43.480794
2005,6,21,13,1,1016,37.11,50,.370879,2,1,0,43.480794
2005,6,21,13,1,1016,38.71,30,.370879,2,1,0,43.480794
2005,6,21,13,1,1016,42.41,13.2,.370879,2,1,0,43.480794
2005,6,21,14,1,1016,0,230,.370879,2,1,0,0
2005,6,21,14,1,1016,35.51,50,.370879,2,1,0,43.480794
2005,6,21,14,1,1016,37.11,50,.370879,2,1,0,43.480794
2005,6,21,14,1,1016,38.71,30,.370879,2,1,0,43.480794
2005,6,21,14,1,1016,42.41,13.2,.370879,2,1,0,43.480794
2005,6,21,15,1,1016,0,230,.370879,2,1,0,0
2005,6,21,15,1,1016,35.51,50,.370879,2,1,0,43.480794
2005,6,21,15,1,1016,37.11,50,.370879,2,1,0,43.480794
2005,6,21,15,1,1016,38.71,30,.370879,2,1,0,43.480794
2005,6,21,15,1,1016,42.41,13.2,.370879,2,1,0,43.480794
2005,6,21,16,1,1016,0,230,.370879,2,1,0,0
2005,6,21,16,1,1016,35.51,50,.370879,2,1,0,43.480794
2005,6,21,16,1,1016,37.11,50,.370879,2,1,0,43.480794
2005,6,21,16,1,1016,38.71,30,.370879,2,1,0,43.480794
2005,6,21,16,1,1016,42.41,13.2,.370879,2,1,0,43.480794
2005,6,21,17,1,1016,0,230,.370879,2,1,0,0
2005,6,21,17,1,1016,35.51,50,.370879,2,1,0,43.480794
2005,6,21,17,1,1016,37.11,50,.370879,2,1,0,43.480794
2005,6,21,17,1,1016,38.71,30,.370879,2,1,0,43.480794
2005,6,21,17,1,1016,42.41,13.2,.370879,2,1,0,43.480794
2005,6,21,18,1,1016,0,230,.370879,2,1,0,0
2005,6,21,18,1,1016,35.51,50,.370879,2,1,0,43.480794
2005,6,21,18,1,1016,37.11,50,.370879,2,1,0,43.480794
2005,6,21,18,1,1016,38.71,30,.370879,2,1,0,43.480794
2005,6,21,18,1,1016,42.41,13.2,.370879,2,1,0,43.480794
2005,6,21,19,1,1016,0,230,.370879,2,1,0,0
2005,6,21,19,1,1016,35.51,50,.370879,2,1,0,43.480794
2005,6,21,19,1,1016,37.11,50,.370879,2,1,0,43.480794
2005,6,21,19,1,1016,38.71,30,.370879,2,1,0,43.480794
2005,6,21,19,1,1016,42.41,13.2,.370879,2,1,0,43.480794
2005,6,21,20,1,1016,0,230,.370879,2,1,0,0
2005,6,21,20,1,1016,35.51,50,.370879,2,1,0,43.480794
2005,6,21,20,1,1016,37.11,50,.370879,2,1,0,43.480794
2005,6,21,20,1,1016,38.71,30,.370879,2,1,0,43.480794
2005,6,21,20,1,1016,42.41,13.2,.370879,2,1,0,43.480794
2005,6,21,21,1,1016,0,230,.370879,2,1,0,0
2005,6,21,21,1,1016,35.51,50,.370879,2,1,0,43.480794
2005,6,21,21,1,1016,37.11,50,.370879,2,1,0,43.480794
2005,6,21,21,1,1016,38.71,30,.370879,2,1,0,43.480794
2005,6,21,21,1,1016,42.41,13.2,.370879,2,1,0,43.480794
2005,6,21,22,1,1016,0,230,.370879,2,1,0,0
2005,6,21,22,1,1016,35.51,50,.370879,2,1,0,43.480794
2005,6,21,22,1,1016,37.11,50,.370879,2,1,0,43.480794
2005,6,21,22,1,1016,38.71,30,.370879,2,1,0,43.480794
2005,6,21,22,1,1016,42.41,13.2,.370879,2,1,0,43.480794
2005,6,21,23,1,1016,0,230,.370879,2,1,0,0
2005,6,21,23,1,1016,35.51,50,.370879,2,1,0,43.480794
2005,6,21,23,1,1016,37.11,50,.370879,2,1,0,43.480794
2005,6,21,23,1,1016,38.71,30,.370879,2,1,0,43.480794
2005,6,21,23,1,1016,42.41,13.2,.370879,2,1,0,43.480794
2005,6,21,24,1,1016,0,230,.370879,2,1,0,0
2005,6,21,24,1,1016,35.51,50,.370879,2,1,0,43.480794
2005,6,21,24,1,1016,37.11,50,.370879,2,1,0,43.480794
2005,6,21,24,1,1016,38.71,30,.370879,2,1,0,43.480794
2005,6,21,24,1,1016,42.41,13.2,.370879,2,1,0,43.480794
2005,6,21,1,5,1018,0,200,.342533,2,1,0,0
2005,6,21,1,5,1018,35.89,3.7,.342533,2,1,0,42.411039
2005,6,21,1,5,1018,35.99,3.7,.342533,2,1,0,42.411039
2005,6,21,1,5,1018,36.09,3.7,.342533,2,1,0,42.411039
2005,6,21,1,5,1018,36.19,3.7,.342533,2,1,0,42.411039
2005,6,21,1,5,1018,36.24,150.2,.342533,2,1,0,42.411039
2005,6,21,1,5,1018,180.3,25,.342533,2,0,0,180.3
2005,6,21,2,5,1018,0,200,.342533,2,1,0,0
2005,6,21,2,5,1018,35.89,3.7,.342533,2,1,0,42.411039
2005,6,21,2,5,1018,35.99,3.7,.342533,2,1,0,42.411039
2005,6,21,2,5,1018,36.09,3.7,.342533,2,1,0,42.411039
2005,6,21,2,5,1018,36.19,3.7,.342533,2,1,0,42.411039
2005,6,21,2,5,1018,36.24,150.2,.342533,2,1,0,42.411039
2005,6,21,2,5,1018,180.3,25,.342533,2,0,0,180.3
2005,6,21,3,5,1018,0,200,.342533,2,1,0,0
2005,6,21,3,5,1018,35.89,3.7,.342533,2,1,0,42.411039
2005,6,21,3,5,1018,35.99,3.7,.342533,2,1,0,42.411039
2005,6,21,3,5,1018,36.09,3.7,.342533,2,1,0,42.411039
2005,6,21,3,5,1018,36.19,3.7,.342533,2,1,0,42.411039
2005,6,21,3,5,1018,36.24,150.2,.342533,2,1,0,42.411039
2005,6,21,3,5,1018,180.3,25,.342533,2,0,0,180.3
2005,6,21,4,5,1018,0,200,.342533,2,1,0,0
2005,6,21,4,5,1018,35.89,3.7,.342533,2,1,0,42.411039
2005,6,21,4,5,1018,35.99,3.7,.342533,2,1,0,42.411039
2005,6,21,4,5,1018,36.09,3.7,.342533,2,1,0,42.411039
2005,6,21,4,5,1018,36.19,3.7,.342533,2,1,0,42.411039
2005,6,21,4,5,1018,36.24,150.2,.342533,2,1,0,42.411039
2005,6,21,4,5,1018,180.3,25,.342533,2,0,0,180.3
2005,6,21,5,5,1018,0,200,.342533,2,1,0,0
2005,6,21,5,5,1018,35.89,3.7,.342533,2,1,0,42.411039
2005,6,21,5,5,1018,35.99,3.7,.342533,2,1,0,42.411039
2005,6,21,5,5,1018,36.09,3.7,.342533,2,1,0,42.411039
2005,6,21,5,5,1018,36.19,3.7,.342533,2,1,0,42.411039
2005,6,21,5,5,1018,36.24,150.2,.342533,2,1,0,42.411039
2005,6,21,5,5,1018,180.3,25,.342533,2,0,0,180.3
2005,6,21,6,5,1018,0,200,.342533,2,1,0,0
2005,6,21,6,5,1018,35.89,3.7,.342533,2,1,0,42.411039
2005,6,21,6,5,1018,35.99,3.7,.342533,2,1,0,42.411039
2005,6,21,6,5,1018,36.09,3.7,.342533,2,1,0,42.411039
2005,6,21,6,5,1018,36.19,3.7,.342533,2,1,0,42.411039
2005,6,21,6,5,1018,36.24,150.2,.342533,2,1,0,42.411039
2005,6,21,6,5,1018,180.3,25,.342533,2,0,0,180.3
2005,6,21,7,5,1018,0,200,.342533,2,1,0,0
2005,6,21,7,5,1018,35.89,3.7,.342533,2,1,0,42.411039
2005,6,21,7,5,1018,35.99,3.7,.342533,2,1,0,42.411039
2005,6,21,7,5,1018,36.09,3.7,.342533,2,1,0,42.411039
2005,6,21,7,5,1018,36.19,3.7,.342533,2,1,0,42.411039
2005,6,21,7,5,1018,36.24,150.2,.342533,2,1,0,42.411039
2005,6,21,7,5,1018,180.3,25,.342533,2,0,0,180.3
2005,6,21,8,5,1018,0,200,.342533,2,1,0,0
2005,6,21,8,5,1018,35.89,3.7,.342533,2,1,0,42.411039
2005,6,21,8,5,1018,35.99,3.7,.342533,2,1,0,42.411039
2005,6,21,8,5,1018,36.09,3.7,.342533,2,1,0,42.411039
2005,6,21,8,5,1018,36.19,3.7,.342533,2,1,0,42.411039
2005,6,21,8,5,1018,36.24,150.2,.342533,2,1,0,42.411039
2005,6,21,8,5,1018,180.3,25,.342533,2,0,0,180.3
2005,6,21,9,5,1018,0,200,.342533,2,1,0,0
2005,6,21,9,5,1018,35.89,3.7,.342533,2,1,0,42.411039
2005,6,21,9,5,1018,35.99,3.7,.342533,2,1,0,42.411039
2005,6,21,9,5,1018,36.09,3.7,.342533,2,1,0,42.411039
2005,6,21,9,5,1018,36.19,3.7,.342533,2,1,0,42.411039
2005,6,21,9,5,1018,36.24,75.2,.342533,2,1,0,42.411039
2005,6,21,9,5,1018,151.7,50,.342533,2,0,0,151.7
2005,6,21,9,5,1018,180.3,50,.342533,2,0,0,180.3
2005,6,21,10,5,1018,0,200,.342533,2,1,0,0
2005,6,21,10,5,1018,35.89,3.7,.342533,2,1,0,42.411039
2005,6,21,10,5,1018,35.99,3.7,.342533,2,1,0,42.411039
2005,6,21,10,5,1018,36.09,3.7,.342533,2,1,0,42.411039
2005,6,21,10,5,1018,36.19,3.7,.342533,2,1,0,42.411039
2005,6,21,10,5,1018,36.24,75.2,.342533,2,1,0,42.411039
2005,6,21,10,5,1018,151.7,50,.342533,2,0,0,151.7
2005,6,21,10,5,1018,180.3,50,.342533,2,0,0,180.3
2005,6,21,11,5,1018,0,200,.342533,2,1,0,0
2005,6,21,11,5,1018,35.89,3.7,.342533,2,1,0,42.411039
2005,6,21,11,5,1018,35.99,3.7,.342533,2,1,0,42.411039
2005,6,21,11,5,1018,36.09,3.7,.342533,2,1,0,42.411039
2005,6,21,11,5,1018,36.19,3.7,.342533,2,1,0,42.411039
2005,6,21,11,5,1018,36.24,75.2,.342533,2,1,0,42.411039
2005,6,21,11,5,1018,151.7,50,.342533,2,0,0,151.7
2005,6,21,11,5,1018,180.3,50,.342533,2,0,0,180.3
2005,6,21,12,5,1018,.01,200,.342533,2,1,0,.01
2005,6,21,12,5,1018,35.89,3.7,.342533,2,1,0,42.411039
2005,6,21,12,5,1018,35.99,3.7,.342533,2,1,0,42.411039
2005,6,21,12,5,1018,36.09,3.7,.342533,2,1,0,42.411039
2005,6,21,12,5,1018,36.19,3.7,.342533,2,1,0,42.411039
2005,6,21,12,5,1018,36.24,75.2,.342533,2,1,0,42.411039
2005,6,21,12,5,1018,151.7,50,.342533,2,0,0,151.7
2005,6,21,12,5,1018,180.3,50,.342533,2,0,0,180.3
2005,6,21,13,5,1018,.01,200,.342533,2,1,0,.01
2005,6,21,13,5,1018,35.89,3.7,.342533,2,1,0,42.411039
2005,6,21,13,5,1018,35.99,3.7,.342533,2,1,0,42.411039
2005,6,21,13,5,1018,36.09,3.7,.342533,2,1,0,42.411039
2005,6,21,13,5,1018,36.19,3.7,.342533,2,1,0,42.411039
2005,6,21,13,5,1018,36.24,75.2,.342533,2,1,0,42.411039
2005,6,21,13,5,1018,151.7,50,.342533,2,0,0,151.7
2005,6,21,13,5,1018,180.3,50,.342533,2,0,0,180.3
2005,6,21,14,5,1018,.01,200,.342533,2,1,0,.01
2005,6,21,14,5,1018,35.89,3.7,.342533,2,1,0,42.411039
2005,6,21,14,5,1018,35.99,3.7,.342533,2,1,0,42.411039
2005,6,21,14,5,1018,36.09,3.7,.342533,2,1,0,42.411039
2005,6,21,14,5,1018,36.19,3.7,.342533,2,1,0,42.411039
2005,6,21,14,5,1018,36.24,75.2,.342533,2,1,0,42.411039
2005,6,21,14,5,1018,151.7,50,.342533,2,0,0,151.7
2005,6,21,14,5,1018,180.3,50,.342533,2,0,0,180.3
2005,6,21,15,5,1018,.01,200,.342533,2,1,0,.01
2005,6,21,15,5,1018,35.89,3.7,.342533,2,1,0,42.411039
2005,6,21,15,5,1018,35.99,3.7,.342533,2,1,0,42.411039
2005,6,21,15,5,1018,36.09,3.7,.342533,2,1,0,42.411039
2005,6,21,15,5,1018,36.19,3.7,.342533,2,1,0,42.411039
2005,6,21,15,5,1018,36.24,65.2,.342533,2,1,0,42.411039
2005,6,21,15,5,1018,151.7,50,.342533,2,0,0,151.7
2005,6,21,15,5,1018,180.3,60,.342533,2,0,0,180.3
2005,6,21,16,5,1018,.01,200,.342533,2,1,0,.01
2005,6,21,16,5,1018,35.89,3.7,.342533,2,1,0,42.411039
2005,6,21,16,5,1018,35.99,3.7,.342533,2,1,0,42.411039
2005,6,21,16,5,1018,36.09,3.7,.342533,2,1,0,42.411039
2005,6,21,16,5,1018,36.19,3.7,.342533,2,1,0,42.411039
2005,6,21,16,5,1018,36.24,65.2,.342533,2,1,0,42.411039
2005,6,21,16,5,1018,151.7,50,.342533,2,0,0,151.7
2005,6,21,16,5,1018,180.3,60,.342533,2,0,0,180.3
2005,6,21,17,5,1018,.01,200,.342533,2,1,0,.01
2005,6,21,17,5,1018,35.89,3.7,.342533,2,1,0,42.411039
2005,6,21,17,5,1018,35.99,3.7,.342533,2,1,0,42.411039
2005,6,21,17,5,1018,36.09,3.7,.342533,2,1,0,42.411039
2005,6,21,17,5,1018,36.19,3.7,.342533,2,1,0,42.411039
2005,6,21,17,5,1018,36.24,65.2,.342533,2,1,0,42.411039
2005,6,21,17,5,1018,151.7,50,.342533,2,0,0,151.7
2005,6,21,17,5,1018,180.3,60,.342533,2,0,0,180.3
2005,6,21,18,5,1018,.01,200,.342533,2,1,0,.01
2005,6,21,18,5,1018,35.89,3.7,.342533,2,1,0,42.411039
2005,6,21,18,5,1018,35.99,3.7,.342533,2,1,0,42.411039
2005,6,21,18,5,1018,36.09,3.7,.342533,2,1,0,42.411039
2005,6,21,18,5,1018,36.19,3.7,.342533,2,1,0,42.411039
2005,6,21,18,5,1018,36.24,65.2,.342533,2,1,0,42.411039
2005,6,21,18,5,1018,151.7,50,.342533,2,0,0,151.7
2005,6,21,18,5,1018,180.3,60,.342533,2,0,0,180.3
2005,6,21,19,5,1018,.01,200,.342533,2,1,0,.01
2005,6,21,19,5,1018,35.89,3.7,.342533,2,1,0,42.411039
2005,6,21,19,5,1018,35.99,3.7,.342533,2,1,0,42.411039
2005,6,21,19,5,1018,36.09,3.7,.342533,2,1,0,42.411039
2005,6,21,19,5,1018,36.19,3.7,.342533,2,1,0,42.411039
2005,6,21,19,5,1018,36.24,65.2,.342533,2,1,0,42.411039
2005,6,21,19,5,1018,151.7,50,.342533,2,0,0,151.7
2005,6,21,19,5,1018,180.3,60,.342533,2,0,0,180.3
2005,6,21,20,5,1018,.01,200,.342533,2,1,0,.01
2005,6,21,20,5,1018,35.89,3.7,.342533,2,1,0,42.411039
2005,6,21,20,5,1018,35.99,3.7,.342533,2,1,0,42.411039
2005,6,21,20,5,1018,36.09,3.7,.342533,2,1,0,42.411039
2005,6,21,20,5,1018,36.19,3.7,.342533,2,1,0,42.411039
2005,6,21,20,5,1018,36.24,65.2,.342533,2,1,0,42.411039
2005,6,21,20,5,1018,151.7,50,.342533,2,0,0,151.7
2005,6,21,20,5,1018,180.3,60,.342533,2,0,0,180.3
2005,6,21,21,5,1018,.01,200,.342533,2,1,0,.01
2005,6,21,21,5,1018,35.89,3.7,.342533,2,1,0,42.411039
2005,6,21,21,5,1018,35.99,3.7,.342533,2,1,0,42.411039
2005,6,21,21,5,1018,36.09,3.7,.342533,2,1,0,42.411039
2005,6,21,21,5,1018,36.19,3.7,.342533,2,1,0,42.411039
2005,6,21,21,5,1018,36.24,65.2,.342533,2,1,0,42.411039
2005,6,21,21,5,1018,151.7,50,.342533,2,0,0,151.7
2005,6,21,21,5,1018,180.3,60,.342533,2,0,0,180.3
2005,6,21,22,5,1018,.01,200,.342533,2,1,0,.01
2005,6,21,22,5,1018,35.89,3.7,.342533,2,1,0,42.411039
2005,6,21,22,5,1018,35.99,3.7,.342533,2,1,0,42.411039
2005,6,21,22,5,1018,36.09,3.7,.342533,2,1,0,42.411039
2005,6,21,22,5,1018,36.19,3.7,.342533,2,1,0,42.411039
2005,6,21,22,5,1018,36.24,70.2,.342533,2,1,0,42.411039
2005,6,21,22,5,1018,151.7,50,.342533,2,0,0,151.7
2005,6,21,22,5,1018,180.3,55,.342533,2,0,0,180.3
2005,6,21,23,5,1018,.01,200,.342533,2,1,0,.01
2005,6,21,23,5,1018,35.89,3.7,.342533,2,1,0,42.411039
2005,6,21,23,5,1018,35.99,3.7,.342533,2,1,0,42.411039
2005,6,21,23,5,1018,36.09,3.7,.342533,2,1,0,42.411039
2005,6,21,23,5,1018,36.19,3.7,.342533,2,1,0,42.411039
2005,6,21,23,5,1018,36.24,70.2,.342533,2,1,0,42.411039
2005,6,21,23,5,1018,151.7,50,.342533,2,0,0,151.7
2005,6,21,23,5,1018,180.3,55,.342533,2,0,0,180.3
2005,6,21,24,5,1018,.01,200,.342533,2,1,0,.01
2005,6,21,24,5,1018,35.89,3.7,.342533,2,1,0,42.411039
2005,6,21,24,5,1018,35.99,3.7,.342533,2,1,0,42.411039
2005,6,21,24,5,1018,36.09,3.7,.342533,2,1,0,42.411039
2005,6,21,24,5,1018,36.19,3.7,.342533,2,1,0,42.411039
2005,6,21,24,5,1018,36.24,70.2,.342533,2,1,0,42.411039
2005,6,21,24,5,1018,151.7,50,.342533,2,0,0,151.7
2005,6,21,24,5,1018,180.3,55,.342533,2,0,0,180.3
2005,6,21,1,5,1019,36.24,92.2,.342533,2,1,0,42.89411
2005,6,21,1,5,1019,180.3,55,.342533,2,0,0,180.3
2005,6,21,2,5,1019,0,7.6,.342533,2,1,0,0
2005,6,21,2,5,1019,35.89,3.7,.342533,2,1,0,42.89411
2005,6,21,2,5,1019,35.99,3.7,.342533,2,1,0,42.89411
2005,6,21,2,5,1019,36.09,3.7,.342533,2,1,0,42.89411
2005,6,21,2,5,1019,36.19,3.7,.342533,2,1,0,42.89411
2005,6,21,2,5,1019,36.24,120.2,.342533,2,1,0,42.89411
2005,6,21,2,5,1019,180.3,55,.342533,2,0,0,180.3
2005,6,21,3,5,1019,0,31.6,.342533,2,1,0,0
2005,6,21,3,5,1019,35.89,3.7,.342533,2,1,0,42.89411
2005,6,21,3,5,1019,35.99,3.7,.342533,2,1,0,42.89411
2005,6,21,3,5,1019,36.09,3.7,.342533,2,1,0,42.89411
2005,6,21,3,5,1019,36.19,3.7,.342533,2,1,0,42.89411
2005,6,21,3,5,1019,36.24,120.2,.342533,2,1,0,42.89411
2005,6,21,3,5,1019,180.3,55,.342533,2,0,0,180.3
2005,6,21,4,5,1019,0,45.9,.342533,2,1,0,0
2005,6,21,4,5,1019,35.89,3.7,.342533,2,1,0,42.89411
2005,6,21,4,5,1019,35.99,3.7,.342533,2,1,0,42.89411
2005,6,21,4,5,1019,36.09,3.7,.342533,2,1,0,42.89411
2005,6,21,4,5,1019,36.19,3.7,.342533,2,1,0,42.89411
2005,6,21,4,5,1019,36.24,120.2,.342533,2,1,0,42.89411
2005,6,21,4,5,1019,180.3,55,.342533,2,0,0,180.3
2005,6,21,5,5,1019,0,59.1,.342533,2,1,0,0
2005,6,21,5,5,1019,35.89,3.7,.342533,2,1,0,42.89411
2005,6,21,5,5,1019,35.99,3.7,.342533,2,1,0,42.89411
2005,6,21,5,5,1019,36.09,3.7,.342533,2,1,0,42.89411
2005,6,21,5,5,1019,36.19,3.7,.342533,2,1,0,42.89411
2005,6,21,5,5,1019,36.24,120.2,.342533,2,1,0,42.89411
2005,6,21,5,5,1019,180.3,55,.342533,2,0,0,180.3
2005,6,21,6,5,1019,0,56.1,.342533,2,1,0,0
2005,6,21,6,5,1019,35.89,3.7,.342533,2,1,0,42.89411
2005,6,21,6,5,1019,35.99,3.7,.342533,2,1,0,42.89411
2005,6,21,6,5,1019,36.09,3.7,.342533,2,1,0,42.89411
2005,6,21,6,5,1019,36.19,3.7,.342533,2,1,0,42.89411
2005,6,21,6,5,1019,36.24,120.2,.342533,2,1,0,42.89411
2005,6,21,6,5,1019,180.3,55,.342533,2,0,0,180.3
2005,6,21,7,5,1019,0,29,.342533,2,1,0,0
2005,6,21,7,5,1019,35.89,3.7,.342533,2,1,0,42.89411
2005,6,21,7,5,1019,35.99,3.7,.342533,2,1,0,42.89411
2005,6,21,7,5,1019,36.09,3.7,.342533,2,1,0,42.89411
2005,6,21,7,5,1019,36.19,3.7,.342533,2,1,0,42.89411
2005,6,21,7,5,1019,36.24,120.2,.342533,2,1,0,42.89411
2005,6,21,7,5,1019,180.3,55,.342533,2,0,0,180.3
2005,6,21,8,5,1019,36.24,117,.342533,2,1,0,42.89411
2005,6,21,8,5,1019,180.3,55,.342533,2,0,0,180.3
2005,6,21,9,5,1019,36.24,56.6,.342533,2,1,0,42.89411
2005,6,21,9,5,1019,180.3,55,.342533,2,0,0,180.3
2005,6,21,10,5,1019,36.24,29.1,.342533,2,1,0,42.89411
2005,6,21,10,5,1019,180.3,55,.342533,2,0,0,180.3
2005,6,21,11,5,1019,180.3,54.7,.342533,2,0,0,180.3
2005,6,21,12,5,1019,180.3,38.5,.342533,2,0,0,180.3
2005,6,21,13,5,1019,180.3,25.1,.342533,2,0,0,180.3
2005,6,21,14,5,1019,180.3,24.4,.342533,2,0,0,180.3
2005,6,21,15,5,1019,180.3,50.7,.342533,2,0,0,180.3
2005,6,21,16,5,1019,180.3,52.3,.342533,2,0,0,180.3
2005,6,21,17,5,1019,180.3,51.9,.342533,2,0,0,180.3
2005,6,21,18,5,1019,180.3,48.3,.342533,2,0,0,180.3
2005,6,21,19,5,1019,180.3,52.7,.342533,2,0,0,180.3
2005,6,21,20,5,1019,180.3,56.3,.342533,2,0,0,180.3
2005,6,21,21,5,1019,180.3,53.6,.342533,2,0,0,180.3
2005,6,21,22,5,1019,180.3,46.7,.342533,2,0,0,180.3
2005,6,21,23,5,1019,180.3,31.5,.342533,2,0,0,180.3
2005,6,21,24,5,1019,36.24,17.5,.342533,2,1,0,42.89411
2005,6,21,24,5,1019,180.3,55,.342533,2,0,0,180.3
2005,6,21,1,9,24,180.3,.5,0,1,1,0,180.3
2005,6,21,2,9,24,180.3,.5,0,1,1,0,180.3
2005,6,21,3,9,24,180.3,.5,0,1,1,0,180.3
2005,6,21,4,9,24,180.3,.5,0,1,1,0,180.3
2005,6,21,5,9,24,180.3,.5,0,1,1,0,180.3
2005,6,21,6,9,24,180.3,.5,0,1,1,0,180.3
2005,6,21,7,9,24,180.3,.5,0,1,1,0,180.3
2005,6,21,8,9,24,180.3,.5,0,1,1,0,180.3
2005,6,21,9,9,24,180.3,.5,0,1,1,0,180.3
2005,6,21,10,9,24,180.3,.5,0,1,1,0,180.3
2005,6,21,11,9,24,180.3,.5,0,1,1,0,180.3
2005,6,21,12,9,24,180.3,.5,0,1,1,0,180.3
2005,6,21,13,9,24,180.3,.5,0,1,1,0,180.3
2005,6,21,14,9,24,180.3,.5,0,1,1,0,180.3
2005,6,21,15,9,24,180.3,.5,0,1,1,0,180.3
2005,6,21,16,9,24,180.3,.5,0,1,1,0,180.3
2005,6,21,17,9,24,180.3,.5,0,1,1,0,180.3
2005,6,21,18,9,24,180.3,.5,0,1,1,0,180.3
2005,6,21,19,9,24,180.3,.6,0,1,1,0,180.3
2005,6,21,20,9,24,180.3,.5,0,1,1,0,180.3
2005,6,21,21,9,24,180.3,.5,0,1,1,0,180.3
2005,6,21,22,9,24,180.3,.5,0,1,1,0,180.3
2005,6,21,23,9,24,180.3,.5,0,1,1,0,180.3
2005,6,21,24,9,24,180.3,.5,0,1,1,0,180.3
2005,6,21,1,2,25,0,875,0,2,1,0,0
2005,6,21,1,2,25,120.01,25,0,2,0,0,120.01
2005,6,21,2,2,25,0,874,0,2,1,0,0
2005,6,21,2,2,25,120.01,26,0,2,0,0,120.01
2005,6,21,3,2,25,0,875,0,2,1,0,0
2005,6,21,3,2,25,120.01,25,0,2,0,0,120.01
2005,6,21,4,2,25,0,874,0,2,1,0,0
2005,6,21,4,2,25,120.01,26,0,2,0,0,120.01
2005,6,21,5,2,25,0,875,0,2,1,0,0
2005,6,21,5,2,25,120.01,25,0,2,0,0,120.01
2005,6,21,6,2,25,0,875,0,2,1,0,0
2005,6,21,6,2,25,120.01,25,0,2,0,0,120.01
2005,6,21,7,2,25,0,880,0,2,1,0,0
2005,6,21,7,2,25,120.01,20,0,2,0,0,120.01
2005,6,21,8,2,25,0,877,0,2,1,0,0
2005,6,21,8,2,25,120.01,23,0,2,0,0,120.01
2005,6,21,9,2,25,0,874,0,2,1,0,0
2005,6,21,9,2,25,120.01,26,0,2,0,0,120.01
2005,6,21,10,2,25,0,873,0,2,1,0,0
2005,6,21,10,2,25,120.01,27,0,2,0,0,120.01
2005,6,21,11,2,25,0,871,0,2,1,0,0
2005,6,21,11,2,25,120.01,29,0,2,0,0,120.01
2005,6,21,12,2,25,0,867,0,2,1,0,0
2005,6,21,12,2,25,120.01,33,0,2,0,0,120.01
2005,6,21,13,2,25,0,866,0,2,1,0,0
2005,6,21,13,2,25,120.01,34,0,2,0,0,120.01
2005,6,21,14,2,25,0,865,0,2,1,0,0
2005,6,21,14,2,25,120.01,35,0,2,0,0,120.01
2005,6,21,15,2,25,0,862,0,2,1,0,0
2005,6,21,15,2,25,120.01,38,0,2,0,0,120.01
2005,6,21,16,2,25,0,862,0,2,1,0,0
2005,6,21,16,2,25,120.01,38,0,2,0,0,120.01
2005,6,21,17,2,25,0,864,0,2,1,0,0
2005,6,21,17,2,25,120.01,36,0,2,0,0,120.01
2005,6,21,18,2,25,0,864,0,2,1,0,0
2005,6,21,18,2,25,120.01,6.1,0,2,1,0,120.01
2005,6,21,19,2,25,0,866,0,2,1,0,0
2005,6,21,19,2,25,120.01,34,0,2,0,0,120.01
2005,6,21,20,2,25,0,868,0,2,1,0,0
2005,6,21,20,2,25,120.01,32,0,2,0,0,120.01
2005,6,21,21,2,25,0,871,0,2,1,0,0
2005,6,21,21,2,25,120.01,29,0,2,0,0,120.01
2005,6,21,22,2,25,0,872,0,2,1,0,0
2005,6,21,22,2,25,120.01,28,0,2,0,0,120.01
2005,6,21,23,2,25,0,874,0,2,1,0,0
2005,6,21,23,2,25,120.01,26,0,2,0,0,120.01
2005,6,21,24,2,25,0,874,0,2,1,0,0
2005,6,21,24,2,25,120.01,26,0,2,0,0,120.01
2005,6,21,1,1,26,0,144,0,2,1,0,0
2005,6,21,1,1,26,120.01,4.8,0,2,0,0,120.01
2005,6,21,2,1,26,0,143.8,0,2,1,0,0
2005,6,21,2,1,26,120.01,4.9,0,2,0,0,120.01
2005,6,21,3,1,26,0,143.8,0,2,1,0,0
2005,6,21,3,1,26,120.01,4.9,0,2,0,0,120.01
2005,6,21,4,1,26,0,143.8,0,2,1,0,0
2005,6,21,4,1,26,120.01,4.9,0,2,0,0,120.01
2005,6,21,5,1,26,0,144,0,2,1,0,0
2005,6,21,5,1,26,120.01,4.8,0,2,0,0,120.01
2005,6,21,6,1,26,0,144,0,2,1,0,0
2005,6,21,6,1,26,120.01,4.8,0,2,0,0,120.01
2005,6,21,7,1,26,0,144.6,0,2,1,0,0
2005,6,21,7,1,26,120.01,4.2,0,2,0,0,120.01
2005,6,21,8,1,26,0,144.2,0,2,1,0,0
2005,6,21,8,1,26,120.01,4.6,0,2,0,0,120.01
2005,6,21,9,1,26,0,143.7,0,2,1,0,0
2005,6,21,9,1,26,120.01,5.1,0,2,0,0,120.01
2005,6,21,10,1,26,0,143.5,0,2,1,0,0
2005,6,21,10,1,26,120.01,5.2,0,2,0,0,120.01
2005,6,21,11,1,26,0,143.3,0,2,1,0,0
2005,6,21,11,1,26,120.01,5.5,0,2,0,0,120.01
2005,6,21,12,1,26,0,142.8,0,2,1,0,0
2005,6,21,12,1,26,120.01,6,0,2,0,0,120.01
2005,6,21,13,1,26,0,142.7,0,2,1,0,0
2005,6,21,13,1,26,120.01,6.1,0,2,0,0,120.01
2005,6,21,14,1,26,0,142.5,0,2,1,0,0
2005,6,21,14,1,26,120.01,6.3,0,2,0,0,120.01
2005,6,21,15,1,26,0,142,0,2,1,0,0
2005,6,21,15,1,26,120.01,6.7,0,2,0,0,120.01
2005,6,21,16,1,26,0,142,0,2,1,0,0
2005,6,21,16,1,26,120.01,6.7,0,2,0,0,120.01
2005,6,21,17,1,26,0,142.3,0,2,1,0,0
2005,6,21,17,1,26,120.01,6.4,0,2,0,0,120.01
2005,6,21,18,1,26,0,142.3,0,2,1,0,0
2005,6,21,18,1,26,120.01,1.1,0,2,1,0,120.01
2005,6,21,19,1,26,0,142.5,0,2,1,0,0
2005,6,21,19,1,26,120.01,6.3,0,2,0,0,120.01
2005,6,21,20,1,26,0,142.9,0,2,1,0,0
2005,6,21,20,1,26,120.01,5.8,0,2,0,0,120.01
2005,6,21,21,1,26,0,143.4,0,2,1,0,0
2005,6,21,21,1,26,120.01,5.4,0,2,0,0,120.01
2005,6,21,22,1,26,0,143.5,0,2,1,0,0
2005,6,21,22,1,26,120.01,5.2,0,2,0,0,120.01
2005,6,21,23,1,26,0,143.7,0,2,1,0,0
2005,6,21,23,1,26,120.01,5.1,0,2,0,0,120.01
2005,6,21,24,1,26,0,143.7,0,2,1,0,0
2005,6,21,24,1,26,120.01,5.1,0,2,0,0,120.01
2005,6,21,1,2,26,0,816,0,2,1,0,0
2005,6,21,1,2,26,120.01,26.9,0,2,0,0,120.01
2005,6,21,2,2,26,0,815.1,0,2,1,0,0
2005,6,21,2,2,26,120.01,27.8,0,2,0,0,120.01
2005,6,21,3,2,26,0,815.1,0,2,1,0,0
2005,6,21,3,2,26,120.01,27.8,0,2,0,0,120.01
2005,6,21,4,2,26,0,815.1,0,2,1,0,0
2005,6,21,4,2,26,120.01,27.8,0,2,0,0,120.01
2005,6,21,5,2,26,0,816,0,2,1,0,0
2005,6,21,5,2,26,120.01,26.9,0,2,0,0,120.01
2005,6,21,6,2,26,0,816,0,2,1,0,0
2005,6,21,6,2,26,120.01,26.9,0,2,0,0,120.01
2005,6,21,7,2,26,0,819.4,0,2,1,0,0
2005,6,21,7,2,26,120.01,23.5,0,2,0,0,120.01
2005,6,21,8,2,26,0,816.9,0,2,1,0,0
2005,6,21,8,2,26,120.01,26.1,0,2,0,0,120.01
2005,6,21,9,2,26,0,814.3,0,2,1,0,0
2005,6,21,9,2,26,120.01,28.6,0,2,0,0,120.01
2005,6,21,10,2,26,0,813.4,0,2,1,0,0
2005,6,21,10,2,26,120.01,29.5,0,2,0,0,120.01
2005,6,21,11,2,26,0,811.8,0,2,1,0,0
2005,6,21,11,2,26,120.01,31.2,0,2,0,0,120.01
2005,6,21,12,2,26,0,809.2,0,2,1,0,0
2005,6,21,12,2,26,120.01,33.7,0,2,0,0,120.01
2005,6,21,13,2,26,0,808.4,0,2,1,0,0
2005,6,21,13,2,26,120.01,34.6,0,2,0,0,120.01
2005,6,21,14,2,26,0,807.5,0,2,1,0,0
2005,6,21,14,2,26,120.01,35.4,0,2,0,0,120.01
2005,6,21,15,2,26,0,804.9,0,2,1,0,0
2005,6,21,15,2,26,120.01,38,0,2,0,0,120.01
2005,6,21,16,2,26,0,804.9,0,2,1,0,0
2005,6,21,16,2,26,120.01,38,0,2,0,0,120.01
2005,6,21,17,2,26,0,806.6,0,2,1,0,0
2005,6,21,17,2,26,120.01,36.3,0,2,0,0,120.01
2005,6,21,18,2,26,0,806.6,0,2,1,0,0
2005,6,21,18,2,26,120.01,6.1,0,2,1,0,120.01
2005,6,21,19,2,26,0,807.5,0,2,1,0,0
2005,6,21,19,2,26,120.01,35.4,0,2,0,0,120.01
2005,6,21,20,2,26,0,810,0,2,1,0,0
2005,6,21,20,2,26,120.01,32.9,0,2,0,0,120.01
2005,6,21,21,2,26,0,812.6,0,2,1,0,0
2005,6,21,21,2,26,120.01,30.3,0,2,0,0,120.01
2005,6,21,22,2,26,0,813.4,0,2,1,0,0
2005,6,21,22,2,26,120.01,29.5,0,2,0,0,120.01
2005,6,21,23,2,26,0,814.3,0,2,1,0,0
2005,6,21,23,2,26,120.01,28.6,0,2,0,0,120.01
2005,6,21,24,2,26,0,814.3,0,2,1,0,0
2005,6,21,24,2,26,120.01,28.6,0,2,0,0,120.01
2005,6,21,1,9,27,0,2.9,0,2,1,0,0
2005,6,21,2,9,27,0,2.9,0,2,1,0,0
2005,6,21,3,9,27,0,2.8,0,2,1,0,0
2005,6,21,4,9,27,0,2.8,0,2,1,0,0
2005,6,21,5,9,27,0,2.8,0,2,1,0,0
2005,6,21,6,9,27,0,2.8,0,2,1,0,0
2005,6,21,7,9,27,0,2.8,0,2,1,0,0
2005,6,21,8,9,27,0,2.8,0,2,1,0,0
2005,6,21,9,9,27,0,2.7,0,2,1,0,0
2005,6,21,10,9,27,0,2.7,0,2,1,0,0
2005,6,21,11,9,27,0,2.6,0,2,1,0,0
2005,6,21,12,9,27,0,2.9,0,2,1,0,0
2005,6,21,13,9,27,0,2.9,0,2,1,0,0
2005,6,21,14,9,27,0,2.9,0,2,1,0,0
2005,6,21,15,9,27,0,2.9,0,2,1,0,0
2005,6,21,16,9,27,0,2.9,0,2,1,0,0
2005,6,21,17,9,27,0,2.9,0,2,1,0,0
2005,6,21,18,9,27,0,2.6,0,2,1,0,0
2005,6,21,19,9,27,0,2.6,0,2,1,0,0
2005,6,21,20,9,27,0,2.6,0,2,1,0,0
2005,6,21,21,9,27,0,2.6,0,2,1,0,0
2005,6,21,22,9,27,0,2.7,0,2,1,0,0
2005,6,21,23,9,27,0,2.8,0,2,1,0,0
2005,6,21,24,9,27,0,2.9,0,2,1,0,0
2005,6,21,8,9,28,0,.2,0,2,1,0,0
2005,6,21,9,9,28,0,.8,0,2,1,0,0
2005,6,21,10,9,28,0,.9,0,2,1,0,0
2005,6,21,11,9,28,0,.9,0,2,1,0,0
2005,6,21,12,9,28,0,.9,0,2,1,0,0
2005,6,21,13,9,28,0,.8,0,2,1,0,0
2005,6,21,14,9,28,0,1,0,2,1,0,0
2005,6,21,15,9,28,0,1.1,0,2,1,0,0
2005,6,21,16,9,28,0,1.1,0,2,1,0,0
2005,6,21,17,9,28,0,1.2,0,2,1,0,0
2005,6,21,18,9,28,0,1.3,0,2,1,0,0
2005,6,21,19,9,28,0,1.3,0,2,1,0,0
2005,6,21,20,9,28,0,1.3,0,2,1,0,0
2005,6,21,21,9,28,0,1.4,0,2,1,0,0
2005,6,21,22,9,28,0,1.5,0,2,1,0,0
2005,6,21,23,9,28,0,1.5,0,2,1,0,0
2005,6,21,24,9,28,0,1.5,0,2,1,0,0
2005,6,21,1,9,29,0,15.8,0,2,1,0,0
2005,6,21,2,9,29,0,15.8,0,2,1,0,0
2005,6,21,3,9,29,0,15.8,0,2,1,0,0
2005,6,21,4,9,29,0,15.8,0,2,1,0,0
2005,6,21,5,9,29,0,15.8,0,2,1,0,0
2005,6,21,6,9,29,0,15.8,0,2,1,0,0
2005,6,21,7,9,29,0,15.8,0,2,1,0,0
2005,6,21,8,9,29,0,15.8,0,2,1,0,0
2005,6,21,9,9,29,0,15.8,0,2,1,0,0
2005,6,21,10,9,29,0,15.8,0,2,1,0,0
2005,6,21,11,9,29,0,15.8,0,2,1,0,0
2005,6,21,12,9,29,0,15.8,0,2,1,0,0
2005,6,21,13,9,29,0,15.8,0,2,1,0,0
2005,6,21,14,9,29,0,15.8,0,2,1,0,0
2005,6,21,15,9,29,0,15.8,0,2,1,0,0
2005,6,21,16,9,29,0,15.8,0,2,1,0,0
2005,6,21,17,9,29,0,15.8,0,2,1,0,0
2005,6,21,18,9,29,0,15.8,0,2,1,0,0
2005,6,21,19,9,29,0,15.8,0,2,1,0,0
2005,6,21,20,9,29,0,15.8,0,2,1,0,0
2005,6,21,21,9,29,0,15.8,0,2,1,0,0
2005,6,21,22,9,29,0,15.8,0,2,1,0,0
2005,6,21,23,9,29,0,15.8,0,2,1,0,0
2005,6,21,24,9,29,0,15.8,0,2,1,0,0
2005,6,21,1,9,30,0,11.1,0,2,1,0,0
2005,6,21,2,9,30,0,11.4,0,2,1,0,0
2005,6,21,3,9,30,0,11.3,0,2,1,0,0
2005,6,21,4,9,30,0,11.3,0,2,1,0,0
2005,6,21,5,9,30,0,11.7,0,2,1,0,0
2005,6,21,6,9,30,0,11.7,0,2,1,0,0
2005,6,21,7,9,30,0,11,0,2,1,0,0
2005,6,21,8,9,30,0,10.4,0,2,1,0,0
2005,6,21,9,9,30,0,9.3,0,2,1,0,0
2005,6,21,10,9,30,0,9.1,0,2,1,0,0
2005,6,21,11,9,30,0,8.2,0,2,1,0,0
2005,6,21,12,9,30,0,12.2,0,2,1,0,0
2005,6,21,13,9,30,0,11.3,0,2,1,0,0
2005,6,21,14,9,30,0,11.2,0,2,1,0,0
2005,6,21,15,9,30,0,9.9,0,2,1,0,0
2005,6,21,16,9,30,0,9.1,0,2,1,0,0
2005,6,21,17,9,30,0,9.2,0,2,1,0,0
2005,6,21,18,9,30,0,9.8,0,2,1,0,0
2005,6,21,19,9,30,0,12.4,0,2,1,0,0
2005,6,21,20,9,30,0,11.9,0,2,1,0,0
2005,6,21,21,9,30,0,12,0,2,1,0,0
2005,6,21,22,9,30,0,12.2,0,2,1,0,0
2005,6,21,23,9,30,0,10.8,0,2,1,0,0
2005,6,21,24,9,30,0,10.9,0,2,1,0,0
2005,6,21,1,7,1020,0,439,.372179,2,1,0,0
2005,6,21,1,7,1020,.01,1,.372179,2,1,0,.01
2005,6,21,1,7,1020,72.5,40,.372179,2,0,0,41.002473
2005,6,21,1,7,1020,74.5,40,.372179,2,0,0,41.002473
2005,6,21,1,7,1020,76.5,40,.372179,2,0,0,41.002473
2005,6,21,1,7,1020,83.5,40,.372179,2,0,0,41.002473
2005,6,21,1,7,1020,86.5,40,.372179,2,0,0,41.002473
2005,6,21,1,7,1020,88.5,40,.372179,2,0,0,41.002473
2005,6,21,1,7,1020,150,105.2,.372179,2,0,0,150
2005,6,21,2,7,1020,0,439,.372179,2,1,0,0
2005,6,21,2,7,1020,.01,1,.372179,2,1,0,.01
2005,6,21,2,7,1020,72.5,40,.372179,2,0,0,41.002473
2005,6,21,2,7,1020,74.5,40,.372179,2,0,0,41.002473
2005,6,21,2,7,1020,76.5,40,.372179,2,0,0,41.002473
2005,6,21,2,7,1020,83.5,40,.372179,2,0,0,41.002473
2005,6,21,2,7,1020,86.5,40,.372179,2,0,0,41.002473
2005,6,21,2,7,1020,88.5,40,.372179,2,0,0,41.002473
2005,6,21,2,7,1020,150,105.2,.372179,2,0,0,150
2005,6,21,3,7,1020,0,439,.372179,2,1,0,0
2005,6,21,3,7,1020,.01,1,.372179,2,1,0,.01
2005,6,21,3,7,1020,72.5,40,.372179,2,0,0,41.002473
2005,6,21,3,7,1020,74.5,40,.372179,2,0,0,41.002473
2005,6,21,3,7,1020,76.5,40,.372179,2,0,0,41.002473
2005,6,21,3,7,1020,83.5,40,.372179,2,0,0,41.002473
2005,6,21,3,7,1020,86.5,40,.372179,2,0,0,41.002473
2005,6,21,3,7,1020,88.5,40,.372179,2,0,0,41.002473
2005,6,21,3,7,1020,150,105.2,.372179,2,0,0,150
2005,6,21,4,7,1020,0,439,.372179,2,1,0,0
2005,6,21,4,7,1020,.01,1,.372179,2,1,0,.01
2005,6,21,4,7,1020,72.5,40,.372179,2,0,0,41.002473
2005,6,21,4,7,1020,74.5,40,.372179,2,0,0,41.002473
2005,6,21,4,7,1020,76.5,40,.372179,2,0,0,41.002473
2005,6,21,4,7,1020,83.5,40,.372179,2,0,0,41.002473
2005,6,21,4,7,1020,86.5,40,.372179,2,0,0,41.002473
2005,6,21,4,7,1020,88.5,40,.372179,2,0,0,41.002473
2005,6,21,4,7,1020,150,105.2,.372179,2,0,0,150
2005,6,21,5,7,1020,0,439,.372179,2,1,0,0
2005,6,21,5,7,1020,.01,1,.372179,2,1,0,.01
2005,6,21,5,7,1020,72.5,40,.372179,2,0,0,41.002473
2005,6,21,5,7,1020,74.5,40,.372179,2,0,0,41.002473
2005,6,21,5,7,1020,76.5,40,.372179,2,0,0,41.002473
2005,6,21,5,7,1020,83.5,40,.372179,2,0,0,41.002473
2005,6,21,5,7,1020,86.5,40,.372179,2,0,0,41.002473
2005,6,21,5,7,1020,88.5,40,.372179,2,0,0,41.002473
2005,6,21,5,7,1020,150,105.2,.372179,2,0,0,150
2005,6,21,6,7,1020,0,439,.372179,2,1,0,0
2005,6,21,6,7,1020,.01,1,.372179,2,1,0,.01
2005,6,21,6,7,1020,72.5,40,.372179,2,0,0,41.002473
2005,6,21,6,7,1020,74.5,40,.372179,2,0,0,41.002473
2005,6,21,6,7,1020,76.5,40,.372179,2,0,0,41.002473
2005,6,21,6,7,1020,83.5,40,.372179,2,0,0,41.002473
2005,6,21,6,7,1020,86.5,40,.372179,2,0,0,41.002473
2005,6,21,6,7,1020,88.5,40,.372179,2,0,0,41.002473
2005,6,21,6,7,1020,150,105.2,.372179,2,0,0,150
2005,6,21,7,7,1020,0,439,.372179,2,1,0,0
2005,6,21,7,7,1020,.01,1,.372179,2,1,0,.01
2005,6,21,7,7,1020,72.5,40,.372179,2,0,0,41.002473
2005,6,21,7,7,1020,74.5,40,.372179,2,0,0,41.002473
2005,6,21,7,7,1020,76.5,40,.372179,2,0,0,41.002473
2005,6,21,7,7,1020,83.5,40,.372179,2,0,0,41.002473
2005,6,21,7,7,1020,86.5,40,.372179,2,0,0,41.002473
2005,6,21,7,7,1020,88.5,40,.372179,2,0,0,41.002473
2005,6,21,7,7,1020,150,105.2,.372179,2,0,0,150
2005,6,21,8,7,1020,0,439,.372179,2,1,0,0
2005,6,21,8,7,1020,.01,1,.372179,2,1,0,.01
2005,6,21,8,7,1020,72.5,40,.372179,2,0,0,41.002473
2005,6,21,8,7,1020,74.5,40,.372179,2,0,0,41.002473
2005,6,21,8,7,1020,76.5,40,.372179,2,0,0,41.002473
2005,6,21,8,7,1020,83.5,40,.372179,2,0,0,41.002473
2005,6,21,8,7,1020,86.5,40,.372179,2,0,0,41.002473
2005,6,21,8,7,1020,88.5,40,.372179,2,0,0,41.002473
2005,6,21,8,7,1020,150,105.2,.372179,2,0,0,150
2005,6,21,9,7,1020,0,529,.372179,2,1,0,0
2005,6,21,9,7,1020,.01,1,.372179,2,1,0,.01
2005,6,21,9,7,1020,40,45,.372179,2,1,0,41.002473
2005,6,21,9,7,1020,45,25,.372179,2,1,0,41.002473
2005,6,21,9,7,1020,50,15,.372179,2,1,0,41.002473
2005,6,21,9,7,1020,52.5,35,.372179,2,1,0,41.002473
2005,6,21,9,7,1020,65,20,.372179,2,0,0,41.002473
2005,6,21,9,7,1020,88.5,20,.372179,2,0,0,41.002473
2005,6,21,9,7,1020,150,95.2,.372179,2,0,0,150
2005,6,21,10,7,1020,0,629,.372179,2,1,0,0
2005,6,21,10,7,1020,.01,1,.372179,2,1,0,.01
2005,6,21,10,7,1020,38.5,10,.372179,2,1,0,41.002473
2005,6,21,10,7,1020,39,10,.372179,2,1,0,41.002473
2005,6,21,10,7,1020,40,10,.372179,2,1,0,41.002473
2005,6,21,10,7,1020,42.5,10,.372179,2,1,0,41.002473
2005,6,21,10,7,1020,45.5,5,.372179,2,1,0,41.002473
2005,6,21,10,7,1020,60,5,.372179,2,1,0,41.002473
2005,6,21,10,7,1020,150,105.2,.372179,2,0,0,150
2005,6,21,11,7,1020,0,629,.372179,2,1,0,0
2005,6,21,11,7,1020,.01,1,.372179,2,1,0,.01
2005,6,21,11,7,1020,38.5,10,.372179,2,1,0,41.002473
2005,6,21,11,7,1020,39,10,.372179,2,1,0,41.002473
2005,6,21,11,7,1020,40,10,.372179,2,1,0,41.002473
2005,6,21,11,7,1020,42.5,10,.372179,2,1,0,41.002473
2005,6,21,11,7,1020,45.5,5,.372179,2,1,0,41.002473
2005,6,21,11,7,1020,60,5,.372179,2,1,0,41.002473
2005,6,21,11,7,1020,150,105.2,.372179,2,0,0,150
2005,6,21,12,7,1020,0,629,.372179,2,1,0,0
2005,6,21,12,7,1020,.01,1,.372179,2,1,0,.01
2005,6,21,12,7,1020,38.5,10,.372179,2,1,0,41.002473
2005,6,21,12,7,1020,39,10,.372179,2,1,0,41.002473
2005,6,21,12,7,1020,40,10,.372179,2,1,0,41.002473
2005,6,21,12,7,1020,42.5,10,.372179,2,1,0,41.002473
2005,6,21,12,7,1020,45.5,5,.372179,2,1,0,41.002473
2005,6,21,12,7,1020,60,5,.372179,2,1,0,41.002473
2005,6,21,12,7,1020,150,105.2,.372179,2,0,0,150
2005,6,21,13,7,1020,0,629,.372179,2,1,0,0
2005,6,21,13,7,1020,.01,1,.372179,2,1,0,.01
2005,6,21,13,7,1020,38.5,10,.372179,2,1,0,41.002473
2005,6,21,13,7,1020,39,10,.372179,2,1,0,41.002473
2005,6,21,13,7,1020,40,10,.372179,2,1,0,41.002473
2005,6,21,13,7,1020,42.5,10,.372179,2,1,0,41.002473
2005,6,21,13,7,1020,45.5,5,.372179,2,1,0,41.002473
2005,6,21,13,7,1020,60,5,.372179,2,1,0,41.002473
2005,6,21,13,7,1020,150,105.2,.372179,2,0,0,150
2005,6,21,14,7,1020,0,629,.372179,2,1,0,0
2005,6,21,14,7,1020,.01,1,.372179,2,1,0,.01
2005,6,21,14,7,1020,38.5,10,.372179,2,1,0,41.002473
2005,6,21,14,7,1020,39,10,.372179,2,1,0,41.002473
2005,6,21,14,7,1020,40,10,.372179,2,1,0,41.002473
2005,6,21,14,7,1020,42.5,10,.372179,2,1,0,41.002473
2005,6,21,14,7,1020,45.5,5,.372179,2,1,0,41.002473
2005,6,21,14,7,1020,60,5,.372179,2,1,0,41.002473
2005,6,21,14,7,1020,150,105.2,.372179,2,0,0,150
2005,6,21,15,7,1020,0,629,.372179,2,1,0,0
2005,6,21,15,7,1020,.01,1,.372179,2,1,0,.01
2005,6,21,15,7,1020,38.5,10,.372179,2,1,0,41.002473
2005,6,21,15,7,1020,39,10,.372179,2,1,0,41.002473
2005,6,21,15,7,1020,40,10,.372179,2,1,0,41.002473
2005,6,21,15,7,1020,42.5,10,.372179,2,1,0,41.002473
2005,6,21,15,7,1020,45.5,5,.372179,2,1,0,41.002473
2005,6,21,15,7,1020,60,5,.372179,2,1,0,41.002473
2005,6,21,15,7,1020,150,105.2,.372179,2,0,0,150
2005,6,21,16,7,1020,0,629,.372179,2,1,0,0
2005,6,21,16,7,1020,.01,1,.372179,2,1,0,.01
2005,6,21,16,7,1020,38.5,10,.372179,2,1,0,41.002473
2005,6,21,16,7,1020,39,10,.372179,2,1,0,41.002473
2005,6,21,16,7,1020,40,10,.372179,2,1,0,41.002473
2005,6,21,16,7,1020,42.5,10,.372179,2,1,0,41.002473
2005,6,21,16,7,1020,45.5,5,.372179,2,1,0,41.002473
2005,6,21,16,7,1020,60,5,.372179,2,1,0,41.002473
2005,6,21,16,7,1020,150,105.2,.372179,2,0,0,150
2005,6,21,17,7,1020,0,629,.372179,2,1,0,0
2005,6,21,17,7,1020,.01,1,.372179,2,1,0,.01
2005,6,21,17,7,1020,38.5,10,.372179,2,1,0,41.002473
2005,6,21,17,7,1020,39,10,.372179,2,1,0,41.002473
2005,6,21,17,7,1020,40,10,.372179,2,1,0,41.002473
2005,6,21,17,7,1020,42.5,10,.372179,2,1,0,41.002473
2005,6,21,17,7,1020,45.5,5,.372179,2,1,0,41.002473
2005,6,21,17,7,1020,60,5,.372179,2,1,0,41.002473
2005,6,21,17,7,1020,150,105.2,.372179,2,0,0,150
2005,6,21,18,7,1020,0,629,.372179,2,1,0,0
2005,6,21,18,7,1020,.01,1,.372179,2,1,0,.01
2005,6,21,18,7,1020,38.5,10,.372179,2,1,0,41.002473
2005,6,21,18,7,1020,39,10,.372179,2,1,0,41.002473
2005,6,21,18,7,1020,40,10,.372179,2,1,0,41.002473
2005,6,21,18,7,1020,42.5,10,.372179,2,1,0,41.002473
2005,6,21,18,7,1020,45.5,5,.372179,2,1,0,41.002473
2005,6,21,18,7,1020,60,5,.372179,2,1,0,41.002473
2005,6,21,18,7,1020,150,105.2,.372179,2,0,0,150
2005,6,21,19,7,1020,0,629,.372179,2,1,0,0
2005,6,21,19,7,1020,.01,1,.372179,2,1,0,.01
2005,6,21,19,7,1020,38.5,10,.372179,2,1,0,41.002473
2005,6,21,19,7,1020,39,10,.372179,2,1,0,41.002473
2005,6,21,19,7,1020,40,10,.372179,2,1,0,41.002473
2005,6,21,19,7,1020,42.5,10,.372179,2,1,0,41.002473
2005,6,21,19,7,1020,45.5,5,.372179,2,1,0,41.002473
2005,6,21,19,7,1020,60,5,.372179,2,1,0,41.002473
2005,6,21,19,7,1020,150,105.2,.372179,2,0,0,150
2005,6,21,20,7,1020,0,629,.372179,2,1,0,0
2005,6,21,20,7,1020,.01,1,.372179,2,1,0,.01
2005,6,21,20,7,1020,38.5,10,.372179,2,1,0,41.002473
2005,6,21,20,7,1020,39,10,.372179,2,1,0,41.002473
2005,6,21,20,7,1020,40,10,.372179,2,1,0,41.002473
2005,6,21,20,7,1020,42.5,10,.372179,2,1,0,41.002473
2005,6,21,20,7,1020,45.5,5,.372179,2,1,0,41.002473
2005,6,21,20,7,1020,60,5,.372179,2,1,0,41.002473
2005,6,21,20,7,1020,150,105.2,.372179,2,0,0,150
2005,6,21,21,7,1020,0,629,.372179,2,1,0,0
2005,6,21,21,7,1020,.01,1,.372179,2,1,0,.01
2005,6,21,21,7,1020,38.5,10,.372179,2,1,0,41.002473
2005,6,21,21,7,1020,39,10,.372179,2,1,0,41.002473
2005,6,21,21,7,1020,40,10,.372179,2,1,0,41.002473
2005,6,21,21,7,1020,42.5,10,.372179,2,1,0,41.002473
2005,6,21,21,7,1020,45.5,5,.372179,2,1,0,41.002473
2005,6,21,21,7,1020,60,5,.372179,2,1,0,41.002473
2005,6,21,21,7,1020,150,105.2,.372179,2,0,0,150
2005,6,21,22,7,1020,0,629,.372179,2,1,0,0
2005,6,21,22,7,1020,.01,1,.372179,2,1,0,.01
2005,6,21,22,7,1020,38.5,10,.372179,2,1,0,41.002473
2005,6,21,22,7,1020,39,10,.372179,2,1,0,41.002473
2005,6,21,22,7,1020,40,10,.372179,2,1,0,41.002473
2005,6,21,22,7,1020,42.5,10,.372179,2,1,0,41.002473
2005,6,21,22,7,1020,45.5,5,.372179,2,1,0,41.002473
2005,6,21,22,7,1020,60,5,.372179,2,1,0,41.002473
2005,6,21,22,7,1020,150,105.2,.372179,2,0,0,150
2005,6,21,23,7,1020,0,629,.372179,2,1,0,0
2005,6,21,23,7,1020,.01,1,.372179,2,1,0,.01
2005,6,21,23,7,1020,38.5,10,.372179,2,1,0,41.002473
2005,6,21,23,7,1020,39,10,.372179,2,1,0,41.002473
2005,6,21,23,7,1020,40,10,.372179,2,1,0,41.002473
2005,6,21,23,7,1020,42.5,10,.372179,2,1,0,41.002473
2005,6,21,23,7,1020,45.5,5,.372179,2,1,0,41.002473
2005,6,21,23,7,1020,60,5,.372179,2,1,0,41.002473
2005,6,21,23,7,1020,150,105.2,.372179,2,0,0,150
2005,6,21,24,7,1020,0,479,.372179,2,1,0,0
2005,6,21,24,7,1020,.01,1,.372179,2,1,0,.01
2005,6,21,24,7,1020,40,50,.372179,2,1,0,41.002473
2005,6,21,24,7,1020,45,45,.372179,2,1,0,41.002473
2005,6,21,24,7,1020,50,25,.372179,2,1,0,41.002473
2005,6,21,24,7,1020,52.5,30,.372179,2,1,0,41.002473
2005,6,21,24,7,1020,55,20,.372179,2,1,0,41.002473
2005,6,21,24,7,1020,65,20,.372179,2,0,0,41.002473
2005,6,21,24,7,1020,150,115.2,.372179,2,0,0,150
2005,6,21,1,9,32,34.73,50.7,0,1,0,0,34.73
2005,6,21,1,9,32,36.73,50.7,0,1,0,0,36.73
2005,6,21,1,9,32,38.73,50.7,0,1,0,0,38.73
2005,6,21,1,9,32,39.73,50.7,0,1,0,0,39.73
2005,6,21,2,9,32,31.88,50.7,0,1,0,0,31.88
2005,6,21,2,9,32,33.88,50.7,0,1,0,0,33.88
2005,6,21,2,9,32,35.88,50.7,0,1,0,0,35.88
2005,6,21,2,9,32,36.88,50.7,0,1,0,0,36.88
2005,6,21,3,9,32,29.86,50.7,0,1,0,0,29.86
2005,6,21,3,9,32,31.86,50.7,0,1,0,0,31.86
2005,6,21,3,9,32,33.86,50.7,0,1,0,0,33.86
2005,6,21,3,9,32,34.86,50.7,0,1,0,0,34.86
2005,6,21,4,9,32,26.14,50.7,0,1,0,0,26.14
2005,6,21,4,9,32,28.14,50.7,0,1,0,0,28.14
2005,6,21,4,9,32,30.14,50.7,0,1,0,0,30.14
2005,6,21,4,9,32,31.14,50.7,0,1,0,0,31.14
2005,6,21,5,9,32,19.45,50.7,0,1,0,0,19.45
2005,6,21,5,9,32,21.45,50.7,0,1,0,0,21.45
2005,6,21,5,9,32,23.45,50.7,0,1,0,0,23.45
2005,6,21,5,9,32,24.45,50.7,0,1,0,0,24.45
2005,6,21,6,9,32,25.94,50.7,0,1,0,0,25.94
2005,6,21,6,9,32,27.94,50.7,0,1,0,0,27.94
2005,6,21,6,9,32,29.94,50.7,0,1,0,0,29.94
2005,6,21,6,9,32,30.94,50.7,0,1,0,0,30.94
2005,6,21,7,9,32,31.53,50.7,0,1,0,0,31.53
2005,6,21,7,9,32,32.53,50.7,0,1,0,0,32.53
2005,6,21,8,9,32,42.47,101.7,0,1,0,0,42.47
2005,6,21,8,9,32,43.47,42.9,0,1,1,0,43.47
2005,6,21,9,9,32,60.08,50.9,0,1,0,0,60.08
2005,6,21,9,9,32,61.08,50.9,0,1,0,0,61.08
2005,6,21,10,9,32,70.88,50.9,0,1,0,0,70.88
2005,6,21,10,9,32,71.88,50.9,0,1,0,0,71.88
2005,6,21,11,9,32,72.47,50.9,0,1,0,0,72.47
2005,6,21,11,9,32,73.47,50.9,0,1,0,0,73.47
2005,6,21,12,9,32,73.37,50.9,0,1,0,0,73.37
2005,6,21,12,9,32,75.37,50.9,0,1,0,0,75.37
2005,6,21,12,9,32,77.37,50.9,0,1,0,0,77.37
2005,6,21,12,9,32,78.37,50.9,0,1,0,0,78.37
2005,6,21,13,9,32,70.75,50.9,0,1,0,0,70.75
2005,6,21,13,9,32,72.75,50.9,0,1,0,0,72.75
2005,6,21,13,9,32,74.75,50.9,0,1,0,0,74.75
2005,6,21,13,9,32,75.75,50.9,0,1,0,0,75.75
2005,6,21,14,9,32,69.51,50.9,0,1,0,0,69.51
2005,6,21,14,9,32,71.51,50.9,0,1,0,0,71.51
2005,6,21,14,9,32,73.51,50.9,0,1,0,0,73.51
2005,6,21,14,9,32,74.51,50.9,0,1,0,0,74.51
2005,6,21,15,9,32,66.93,50.9,0,1,0,0,66.93
2005,6,21,15,9,32,68.93,50.9,0,1,0,0,68.93
2005,6,21,15,9,32,70.93,50.9,0,1,0,0,70.93
2005,6,21,15,9,32,71.93,50.9,0,1,0,0,71.93
2005,6,21,16,9,32,65.62,50.9,0,1,0,0,65.62
2005,6,21,16,9,32,67.62,50.9,0,1,0,0,67.62
2005,6,21,16,9,32,69.62,50.9,0,1,0,0,69.62
2005,6,21,16,9,32,70.62,50.9,0,1,0,0,70.62
2005,6,21,17,9,32,61.27,50.9,0,1,0,0,61.27
2005,6,21,17,9,32,63.27,50.9,0,1,0,0,63.27
2005,6,21,17,9,32,65.27,50.9,0,1,0,0,65.27
2005,6,21,17,9,32,66.27,50.9,0,1,0,0,66.27
2005,6,21,18,9,32,54.14,50.9,0,1,0,0,54.14
2005,6,21,18,9,32,56.14,50.9,0,1,0,0,56.14
2005,6,21,18,9,32,58.14,50.9,0,1,0,0,58.14
2005,6,21,18,9,32,59.14,50.9,0,1,0,0,59.14
2005,6,21,19,9,32,55.04,50.9,0,1,0,0,55.04
2005,6,21,19,9,32,57.04,50.9,0,1,0,0,57.04
2005,6,21,19,9,32,59.04,50.9,0,1,0,0,59.04
2005,6,21,19,9,32,60.04,50.9,0,1,0,0,60.04
2005,6,21,20,9,32,50.36,50.9,0,1,0,0,50.36
2005,6,21,20,9,32,52.36,50.9,0,1,0,0,52.36
2005,6,21,20,9,32,54.36,50.9,0,1,0,0,54.36
2005,6,21,20,9,32,55.36,50.9,0,1,0,0,55.36
2005,6,21,21,9,32,38.86,50.9,0,1,0,0,38.86
2005,6,21,21,9,32,40.86,50.9,0,1,0,0,40.86
2005,6,21,21,9,32,42.86,50.9,0,1,0,0,42.86
2005,6,21,21,9,32,43.86,50.9,0,1,0,0,43.86
2005,6,21,22,9,32,36.54,50.9,0,1,0,0,36.54
2005,6,21,22,9,32,38.54,50.9,0,1,0,0,38.54
2005,6,21,22,9,32,40.54,50.9,0,1,0,0,40.54
2005,6,21,22,9,32,41.54,50.9,0,1,0,0,41.54
2005,6,21,23,9,32,39.76,50.9,0,1,0,0,39.76
2005,6,21,23,9,32,41.76,50.9,0,1,0,0,41.76
2005,6,21,23,9,32,43.76,50.9,0,1,0,0,43.76
2005,6,21,23,9,32,44.76,50.9,0,1,0,0,44.76
2005,6,21,24,9,32,33.65,50.9,0,1,0,0,33.65
2005,6,21,24,9,32,35.65,50.9,0,1,0,0,35.65
2005,6,21,24,9,32,37.65,50.9,0,1,0,0,37.65
2005,6,21,24,9,32,38.65,50.9,0,1,0,0,38.65
2005,6,21,1,9,33,14.32,50,0,2,0,1,14.32
2005,6,21,1,9,33,46.73,25,0,2,0,1,46.73
2005,6,21,1,9,33,47.73,25,0,2,0,1,47.73
2005,6,21,1,9,33,49.73,25,0,2,0,1,49.73
2005,6,21,1,9,33,51.73,25,0,2,0,1,51.73
2005,6,21,2,9,33,14.32,50,0,2,0,1,14.32
2005,6,21,2,9,33,43.88,25,0,2,0,1,43.88
2005,6,21,2,9,33,44.88,25,0,2,0,1,44.88
2005,6,21,2,9,33,46.88,25,0,2,0,1,46.88
2005,6,21,2,9,33,48.88,25,0,2,0,1,48.88
2005,6,21,3,9,33,14.32,50,0,2,0,1,14.32
2005,6,21,3,9,33,41.86,25,0,2,0,1,41.86
2005,6,21,3,9,33,42.86,25,0,2,0,1,42.86
2005,6,21,3,9,33,44.86,25,0,2,0,1,44.86
2005,6,21,3,9,33,46.86,25,0,2,0,1,46.86
2005,6,21,4,9,33,14.32,50,0,2,0,1,14.32
2005,6,21,4,9,33,38.14,25,0,2,0,1,38.14
2005,6,21,4,9,33,39.14,25,0,2,0,1,39.14
2005,6,21,4,9,33,41.14,25,0,2,0,1,41.14
2005,6,21,4,9,33,43.14,25,0,2,0,1,43.14
2005,6,21,5,9,33,14.32,50,0,2,0,1,14.32
2005,6,21,5,9,33,31.45,25,0,2,0,1,31.45
2005,6,21,5,9,33,32.45,25,0,2,0,1,32.45
2005,6,21,5,9,33,34.45,25,0,2,0,1,34.45
2005,6,21,5,9,33,36.45,25,0,2,0,1,36.45
2005,6,21,6,9,33,14.32,50,0,2,0,1,14.32
2005,6,21,6,9,33,37.94,25,0,2,0,1,37.94
2005,6,21,6,9,33,38.94,25,0,2,0,1,38.94
2005,6,21,6,9,33,40.94,25,0,2,0,1,40.94
2005,6,21,6,9,33,42.94,25,0,2,0,1,42.94
2005,6,21,7,9,33,14.32,50,0,2,0,1,14.32
2005,6,21,7,9,33,39.53,25,0,2,0,1,39.53
2005,6,21,7,9,33,40.53,25,0,2,0,1,40.53
2005,6,21,7,9,33,42.53,25,0,2,0,1,42.53
2005,6,21,7,9,33,44.53,25,0,2,0,1,44.53
2005,6,21,8,9,33,50.47,25,0,2,0,1,50.47
2005,6,21,8,9,33,51.47,25,0,2,0,1,51.47
2005,6,21,8,9,33,53.47,25,0,2,0,1,53.47
2005,6,21,8,9,33,55.47,25,0,2,0,1,55.47
2005,6,21,9,9,33,14.32,50,0,2,0,1,14.32
2005,6,21,9,9,33,69.88,25,0,2,0,1,69.88
2005,6,21,9,9,33,70.88,25,0,2,0,1,70.88
2005,6,21,9,9,33,72.88,25,0,2,0,1,72.88
2005,6,21,9,9,33,74.88,25,0,2,0,1,74.88
2005,6,21,10,9,33,14.32,50,0,2,0,1,14.32
2005,6,21,10,9,33,83.68,25,0,2,0,1,83.68
2005,6,21,10,9,33,84.68,25,0,2,0,1,84.68
2005,6,21,10,9,33,86.68,25,0,2,0,1,86.68
2005,6,21,10,9,33,88.68,25,0,2,0,1,88.68
2005,6,21,11,9,33,14.32,50,0,2,0,1,14.32
2005,6,21,11,9,33,85.27,25,0,2,0,1,85.27
2005,6,21,11,9,33,86.27,25,0,2,0,1,86.27
2005,6,21,11,9,33,88.27,25,0,2,0,1,88.27
2005,6,21,11,9,33,90.27,25,0,2,0,1,90.27
2005,6,21,13,9,33,87.55,50,0,2,0,1,87.55
2005,6,21,13,9,33,88.55,50,0,2,0,1,88.55
2005,6,21,13,9,33,90.55,100,0,2,0,1,90.55
2005,6,21,13,9,33,92.55,100,0,2,0,1,92.55
2005,6,21,14,9,33,83.31,50,0,2,0,1,83.31
2005,6,21,14,9,33,84.31,50,0,2,0,1,84.31
2005,6,21,14,9,33,86.31,100,0,2,0,1,86.31
2005,6,21,14,9,33,88.31,100,0,2,0,1,88.31
2005,6,21,15,9,33,14.32,50,0,2,0,1,14.32
2005,6,21,15,9,33,80.73,50,0,2,0,1,80.73
2005,6,21,15,9,33,81.73,50,0,2,0,1,81.73
2005,6,21,15,9,33,83.73,100,0,2,0,1,83.73
2005,6,21,15,9,33,85.73,100,0,2,0,1,85.73
2005,6,21,16,9,33,14.32,200,0,2,0,1,14.32
2005,6,21,16,9,33,79.42,50,0,2,0,1,79.42
2005,6,21,16,9,33,80.42,50,0,2,0,1,80.42
2005,6,21,16,9,33,82.42,100,0,2,0,1,82.42
2005,6,21,16,9,33,84.42,100,0,2,0,1,84.42
2005,6,21,17,9,33,14.32,200,0,2,0,1,14.32
2005,6,21,17,9,33,75.07,50,0,2,0,1,75.07
2005,6,21,17,9,33,76.07,50,0,2,0,1,76.07
2005,6,21,17,9,33,78.07,100,0,2,0,1,78.07
2005,6,21,17,9,33,80.07,100,0,2,0,1,80.07
2005,6,21,18,9,33,14.32,200,0,2,0,1,14.32
2005,6,21,18,9,33,67.94,50,0,2,0,1,67.94
2005,6,21,18,9,33,68.94,50,0,2,0,1,68.94
2005,6,21,18,9,33,70.94,100,0,2,0,1,70.94
2005,6,21,18,9,33,72.94,100,0,2,0,1,72.94
2005,6,21,19,9,33,14.32,200,0,2,0,1,14.32
2005,6,21,19,9,33,68.84,50,0,2,0,1,68.84
2005,6,21,19,9,33,69.84,50,0,2,0,1,69.84
2005,6,21,19,9,33,71.84,100,0,2,0,1,71.84
2005,6,21,19,9,33,73.84,100,0,2,0,1,73.84
2005,6,21,20,9,33,14.32,200,0,2,0,1,14.32
2005,6,21,20,9,33,64.16,50,0,2,0,1,64.16
2005,6,21,20,9,33,65.16,50,0,2,0,1,65.16
2005,6,21,20,9,33,67.16,100,0,2,0,1,67.16
2005,6,21,20,9,33,69.16,100,0,2,0,1,69.16
2005,6,21,21,9,33,14.32,200,0,2,0,1,14.32
2005,6,21,21,9,33,52.66,50,0,2,0,1,52.66
2005,6,21,21,9,33,53.66,50,0,2,0,1,53.66
2005,6,21,21,9,33,55.66,100,0,2,0,1,55.66
2005,6,21,21,9,33,57.66,100,0,2,0,1,57.66
2005,6,21,22,9,33,14.32,200,0,2,0,1,14.32
2005,6,21,22,9,33,50.34,50,0,2,0,1,50.34
2005,6,21,22,9,33,51.34,50,0,2,0,1,51.34
2005,6,21,22,9,33,53.34,100,0,2,0,1,53.34
2005,6,21,22,9,33,55.34,100,0,2,0,1,55.34
2005,6,21,23,9,33,14.32,200,0,2,0,1,14.32
2005,6,21,23,9,33,53.56,50,0,2,0,1,53.56
2005,6,21,23,9,33,54.56,50,0,2,0,1,54.56
2005,6,21,23,9,33,56.56,100,0,2,0,1,56.56
2005,6,21,23,9,33,58.56,100,0,2,0,1,58.56
2005,6,21,24,9,33,14.32,200,0,2,0,1,14.32
2005,6,21,24,9,33,47.45,50,0,2,0,1,47.45
2005,6,21,24,9,33,48.45,50,0,2,0,1,48.45
2005,6,21,24,9,33,50.45,100,0,2,0,1,50.45
2005,6,21,24,9,33,52.45,100,0,2,0,1,52.45
2005,6,21,1,5,1024,0,165,.343857,2,1,0,0
2005,6,21,1,5,1024,33.31,73.2,.343857,2,1,0,42.678254
2005,6,21,1,5,1024,33.41,7.7,.343857,2,1,0,42.678254
2005,6,21,1,5,1024,33.55,7.7,.343857,2,1,0,42.678254
2005,6,21,1,5,1024,33.73,7.7,.343857,2,1,0,42.678254
2005,6,21,1,5,1024,33.94,7.7,.343857,2,1,0,42.678254
2005,6,21,1,5,1024,34.17,7.7,.343857,2,1,0,42.678254
2005,6,21,1,5,1024,34.43,7.7,.343857,2,1,0,42.678254
2005,6,21,1,5,1024,34.71,7.7,.343857,2,1,0,42.678254
2005,6,21,1,5,1024,35.01,7.7,.343857,2,1,0,42.678254
2005,6,21,1,5,1024,35.34,7.7,.343857,2,1,0,42.678254
2005,6,21,1,5,1024,35.69,7.7,.343857,2,1,0,42.678254
2005,6,21,1,5,1024,36.06,7.7,.343857,2,1,0,42.678254
2005,6,21,1,5,1024,36.45,7.7,.343857,2,1,0,42.678254
2005,6,21,1,5,1024,36.87,7.7,.343857,2,1,0,42.678254
2005,6,21,1,5,1024,37.3,7.7,.343857,2,1,0,42.678254
2005,6,21,1,5,1024,37.75,7.7,.343857,2,1,0,42.678254
2005,6,21,1,5,1024,38.22,7.7,.343857,2,1,0,42.678254
2005,6,21,1,5,1024,38.47,3.9,.343857,2,1,0,42.678254
2005,6,21,1,5,1024,38.71,3.9,.343857,2,1,0,42.678254
2005,6,21,1,5,1024,38.97,3.9,.343857,2,1,0,42.678254
2005,6,21,1,5,1024,39.22,3.9,.343857,2,1,0,42.678254
2005,6,21,1,5,1024,39.48,3.9,.343857,2,1,0,42.678254
2005,6,21,1,5,1024,39.75,4.1,.343857,2,1,0,42.678254
2005,6,21,1,5,1024,180.3,15,.343857,2,0,0,180.3
2005,6,21,2,5,1024,0,165,.343857,2,1,0,0
2005,6,21,2,5,1024,33.31,73.2,.343857,2,1,0,42.678254
2005,6,21,2,5,1024,33.41,7.7,.343857,2,1,0,42.678254
2005,6,21,2,5,1024,33.55,7.7,.343857,2,1,0,42.678254
2005,6,21,2,5,1024,33.73,7.7,.343857,2,1,0,42.678254
2005,6,21,2,5,1024,33.94,7.7,.343857,2,1,0,42.678254
2005,6,21,2,5,1024,34.17,7.7,.343857,2,1,0,42.678254
2005,6,21,2,5,1024,34.43,7.7,.343857,2,1,0,42.678254
2005,6,21,2,5,1024,34.71,7.7,.343857,2,1,0,42.678254
2005,6,21,2,5,1024,35.01,7.7,.343857,2,1,0,42.678254
2005,6,21,2,5,1024,35.34,7.7,.343857,2,1,0,42.678254
2005,6,21,2,5,1024,35.69,7.7,.343857,2,1,0,42.678254
2005,6,21,2,5,1024,36.06,7.7,.343857,2,1,0,42.678254
2005,6,21,2,5,1024,36.45,7.7,.343857,2,1,0,42.678254
2005,6,21,2,5,1024,36.87,7.7,.343857,2,1,0,42.678254
2005,6,21,2,5,1024,37.3,7.7,.343857,2,1,0,42.678254
2005,6,21,2,5,1024,37.75,7.7,.343857,2,1,0,42.678254
2005,6,21,2,5,1024,38.22,7.7,.343857,2,1,0,42.678254
2005,6,21,2,5,1024,38.47,3.9,.343857,2,1,0,42.678254
2005,6,21,2,5,1024,38.71,3.9,.343857,2,1,0,42.678254
2005,6,21,2,5,1024,38.97,3.9,.343857,2,1,0,42.678254
2005,6,21,2,5,1024,39.22,3.9,.343857,2,1,0,42.678254
2005,6,21,2,5,1024,39.48,3.9,.343857,2,1,0,42.678254
2005,6,21,2,5,1024,39.75,4.1,.343857,2,1,0,42.678254
2005,6,21,2,5,1024,180.3,15,.343857,2,0,0,180.3
2005,6,21,3,5,1024,0,165,.343857,2,1,0,0
2005,6,21,3,5,1024,33.31,73.2,.343857,2,1,0,42.678254
2005,6,21,3,5,1024,33.41,7.7,.343857,2,1,0,42.678254
2005,6,21,3,5,1024,33.55,7.7,.343857,2,1,0,42.678254
2005,6,21,3,5,1024,33.73,7.7,.343857,2,1,0,42.678254
2005,6,21,3,5,1024,33.94,7.7,.343857,2,1,0,42.678254
2005,6,21,3,5,1024,34.17,7.7,.343857,2,1,0,42.678254
2005,6,21,3,5,1024,34.43,7.7,.343857,2,1,0,42.678254
2005,6,21,3,5,1024,34.71,7.7,.343857,2,1,0,42.678254
2005,6,21,3,5,1024,35.01,7.7,.343857,2,1,0,42.678254
2005,6,21,3,5,1024,35.34,7.7,.343857,2,1,0,42.678254
2005,6,21,3,5,1024,35.69,7.7,.343857,2,1,0,42.678254
2005,6,21,3,5,1024,36.06,7.7,.343857,2,1,0,42.678254
2005,6,21,3,5,1024,36.45,7.7,.343857,2,1,0,42.678254
2005,6,21,3,5,1024,36.87,7.7,.343857,2,1,0,42.678254
2005,6,21,3,5,1024,37.3,7.7,.343857,2,1,0,42.678254
2005,6,21,3,5,1024,37.75,7.7,.343857,2,1,0,42.678254
2005,6,21,3,5,1024,38.22,7.7,.343857,2,1,0,42.678254
2005,6,21,3,5,1024,38.47,3.9,.343857,2,1,0,42.678254
2005,6,21,3,5,1024,38.71,3.9,.343857,2,1,0,42.678254
2005,6,21,3,5,1024,38.97,3.9,.343857,2,1,0,42.678254
2005,6,21,3,5,1024,39.22,3.9,.343857,2,1,0,42.678254
2005,6,21,3,5,1024,39.48,3.9,.343857,2,1,0,42.678254
2005,6,21,3,5,1024,39.75,4.1,.343857,2,1,0,42.678254
2005,6,21,3,5,1024,180.3,15,.343857,2,0,0,180.3
2005,6,21,4,5,1024,0,165,.343857,2,1,0,0
2005,6,21,4,5,1024,33.31,73.2,.343857,2,1,0,42.678254
2005,6,21,4,5,1024,33.41,7.7,.343857,2,1,0,42.678254
2005,6,21,4,5,1024,33.55,7.7,.343857,2,1,0,42.678254
2005,6,21,4,5,1024,33.73,7.7,.343857,2,1,0,42.678254
2005,6,21,4,5,1024,33.94,7.7,.343857,2,1,0,42.678254
2005,6,21,4,5,1024,34.17,7.7,.343857,2,1,0,42.678254
2005,6,21,4,5,1024,34.43,7.7,.343857,2,1,0,42.678254
2005,6,21,4,5,1024,34.71,7.7,.343857,2,1,0,42.678254
2005,6,21,4,5,1024,35.01,7.7,.343857,2,1,0,42.678254
2005,6,21,4,5,1024,35.34,7.7,.343857,2,1,0,42.678254
2005,6,21,4,5,1024,35.69,7.7,.343857,2,1,0,42.678254
2005,6,21,4,5,1024,36.06,7.7,.343857,2,1,0,42.678254
2005,6,21,4,5,1024,36.45,7.7,.343857,2,1,0,42.678254
2005,6,21,4,5,1024,36.87,7.7,.343857,2,1,0,42.678254
2005,6,21,4,5,1024,37.3,7.7,.343857,2,1,0,42.678254
2005,6,21,4,5,1024,37.75,7.7,.343857,2,1,0,42.678254
2005,6,21,4,5,1024,38.22,7.7,.343857,2,1,0,42.678254
2005,6,21,4,5,1024,38.47,3.9,.343857,2,1,0,42.678254
2005,6,21,4,5,1024,38.71,3.9,.343857,2,1,0,42.678254
2005,6,21,4,5,1024,38.97,3.9,.343857,2,0,0,42.678254
2005,6,21,4,5,1024,39.22,3.9,.343857,2,0,0,42.678254
2005,6,21,4,5,1024,39.48,3.9,.343857,2,0,0,42.678254
2005,6,21,4,5,1024,39.75,4.1,.343857,2,0,0,42.678254
2005,6,21,4,5,1024,180.3,15,.343857,2,0,0,180.3
2005,6,21,5,5,1024,0,165,.343857,2,1,0,0
2005,6,21,5,5,1024,33.31,73.2,.343857,2,1,0,42.678254
2005,6,21,5,5,1024,33.41,7.7,.343857,2,1,0,42.678254
2005,6,21,5,5,1024,33.55,7.7,.343857,2,1,0,42.678254
2005,6,21,5,5,1024,33.73,7.7,.343857,2,1,0,42.678254
2005,6,21,5,5,1024,33.94,7.7,.343857,2,1,0,42.678254
2005,6,21,5,5,1024,34.17,7.7,.343857,2,1,0,42.678254
2005,6,21,5,5,1024,34.43,7.7,.343857,2,1,0,42.678254
2005,6,21,5,5,1024,34.71,7.7,.343857,2,1,0,42.678254
2005,6,21,5,5,1024,35.01,7.7,.343857,2,1,0,42.678254
2005,6,21,5,5,1024,35.34,7.7,.343857,2,1,0,42.678254
2005,6,21,5,5,1024,35.69,7.7,.343857,2,1,0,42.678254
2005,6,21,5,5,1024,36.06,7.7,.343857,2,1,0,42.678254
2005,6,21,5,5,1024,36.45,7.7,.343857,2,1,0,42.678254
2005,6,21,5,5,1024,36.87,7.7,.343857,2,1,0,42.678254
2005,6,21,5,5,1024,37.3,7.7,.343857,2,1,0,42.678254
2005,6,21,5,5,1024,37.75,7.7,.343857,2,1,0,42.678254
2005,6,21,5,5,1024,38.22,7.7,.343857,2,1,0,42.678254
2005,6,21,5,5,1024,38.47,3.9,.343857,2,1,0,42.678254
2005,6,21,5,5,1024,38.71,3.9,.343857,2,0,0,42.678254
2005,6,21,5,5,1024,38.97,3.9,.343857,2,0,0,42.678254
2005,6,21,5,5,1024,39.22,3.9,.343857,2,0,0,42.678254
2005,6,21,5,5,1024,39.48,3.9,.343857,2,0,0,42.678254
2005,6,21,5,5,1024,39.75,4.1,.343857,2,0,0,42.678254
2005,6,21,5,5,1024,180.3,15,.343857,2,0,0,180.3
2005,6,21,6,5,1024,0,165,.343857,2,1,0,0
2005,6,21,6,5,1024,33.31,73.2,.343857,2,1,0,42.678254
2005,6,21,6,5,1024,33.41,7.7,.343857,2,1,0,42.678254
2005,6,21,6,5,1024,33.55,7.7,.343857,2,1,0,42.678254
2005,6,21,6,5,1024,33.73,7.7,.343857,2,1,0,42.678254
2005,6,21,6,5,1024,33.94,7.7,.343857,2,1,0,42.678254
2005,6,21,6,5,1024,34.17,7.7,.343857,2,1,0,42.678254
2005,6,21,6,5,1024,34.43,7.7,.343857,2,1,0,42.678254
2005,6,21,6,5,1024,34.71,7.7,.343857,2,1,0,42.678254
2005,6,21,6,5,1024,35.01,7.7,.343857,2,1,0,42.678254
2005,6,21,6,5,1024,35.34,7.7,.343857,2,1,0,42.678254
2005,6,21,6,5,1024,35.69,7.7,.343857,2,1,0,42.678254
2005,6,21,6,5,1024,36.06,7.7,.343857,2,1,0,42.678254
2005,6,21,6,5,1024,36.45,7.7,.343857,2,1,0,42.678254
2005,6,21,6,5,1024,36.87,7.7,.343857,2,1,0,42.678254
2005,6,21,6,5,1024,37.3,7.7,.343857,2,1,0,42.678254
2005,6,21,6,5,1024,37.75,7.7,.343857,2,1,0,42.678254
2005,6,21,6,5,1024,38.22,7.7,.343857,2,1,0,42.678254
2005,6,21,6,5,1024,38.47,3.9,.343857,2,1,0,42.678254
2005,6,21,6,5,1024,38.71,3.9,.343857,2,0,0,42.678254
2005,6,21,6,5,1024,38.97,3.9,.343857,2,0,0,42.678254
2005,6,21,6,5,1024,39.22,3.9,.343857,2,0,0,42.678254
2005,6,21,6,5,1024,39.48,3.9,.343857,2,0,0,42.678254
2005,6,21,6,5,1024,39.75,4.1,.343857,2,0,0,42.678254
2005,6,21,6,5,1024,180.3,15,.343857,2,0,0,180.3
2005,6,21,7,5,1024,0,165,.343857,2,1,0,0
2005,6,21,7,5,1024,33.31,73.2,.343857,2,1,0,42.678254
2005,6,21,7,5,1024,33.41,7.7,.343857,2,1,0,42.678254
2005,6,21,7,5,1024,33.55,7.7,.343857,2,1,0,42.678254
2005,6,21,7,5,1024,33.73,7.7,.343857,2,1,0,42.678254
2005,6,21,7,5,1024,33.94,7.7,.343857,2,1,0,42.678254
2005,6,21,7,5,1024,34.17,7.7,.343857,2,1,0,42.678254
2005,6,21,7,5,1024,34.43,7.7,.343857,2,1,0,42.678254
2005,6,21,7,5,1024,34.71,7.7,.343857,2,1,0,42.678254
2005,6,21,7,5,1024,35.01,7.7,.343857,2,1,0,42.678254
2005,6,21,7,5,1024,35.34,7.7,.343857,2,1,0,42.678254
2005,6,21,7,5,1024,35.69,7.7,.343857,2,1,0,42.678254
2005,6,21,7,5,1024,36.06,7.7,.343857,2,1,0,42.678254
2005,6,21,7,5,1024,36.45,7.7,.343857,2,1,0,42.678254
2005,6,21,7,5,1024,36.87,7.7,.343857,2,1,0,42.678254
2005,6,21,7,5,1024,37.3,7.7,.343857,2,1,0,42.678254
2005,6,21,7,5,1024,37.75,7.7,.343857,2,1,0,42.678254
2005,6,21,7,5,1024,38.22,7.7,.343857,2,1,0,42.678254
2005,6,21,7,5,1024,38.47,3.9,.343857,2,1,0,42.678254
2005,6,21,7,5,1024,38.71,3.9,.343857,2,1,0,42.678254
2005,6,21,7,5,1024,38.97,3.9,.343857,2,1,0,42.678254
2005,6,21,7,5,1024,39.22,3.9,.343857,2,1,0,42.678254
2005,6,21,7,5,1024,39.48,3.9,.343857,2,1,0,42.678254
2005,6,21,7,5,1024,39.75,4.1,.343857,2,1,0,42.678254
2005,6,21,7,5,1024,180.3,15,.343857,2,0,0,180.3
2005,6,21,8,5,1024,0,165,.343857,2,1,0,0
2005,6,21,8,5,1024,33.31,73.2,.343857,2,1,0,42.678254
2005,6,21,8,5,1024,33.41,7.7,.343857,2,1,0,42.678254
2005,6,21,8,5,1024,33.55,7.7,.343857,2,1,0,42.678254
2005,6,21,8,5,1024,33.73,7.7,.343857,2,1,0,42.678254
2005,6,21,8,5,1024,33.94,7.7,.343857,2,1,0,42.678254
2005,6,21,8,5,1024,34.17,7.7,.343857,2,1,0,42.678254
2005,6,21,8,5,1024,34.43,7.7,.343857,2,1,0,42.678254
2005,6,21,8,5,1024,34.71,7.7,.343857,2,1,0,42.678254
2005,6,21,8,5,1024,35.01,7.7,.343857,2,1,0,42.678254
2005,6,21,8,5,1024,35.34,7.7,.343857,2,1,0,42.678254
2005,6,21,8,5,1024,35.69,7.7,.343857,2,1,0,42.678254
2005,6,21,8,5,1024,36.06,7.7,.343857,2,1,0,42.678254
2005,6,21,8,5,1024,36.45,7.7,.343857,2,1,0,42.678254
2005,6,21,8,5,1024,36.87,7.7,.343857,2,1,0,42.678254
2005,6,21,8,5,1024,37.3,7.7,.343857,2,1,0,42.678254
2005,6,21,8,5,1024,37.75,7.7,.343857,2,1,0,42.678254
2005,6,21,8,5,1024,38.22,7.7,.343857,2,1,0,42.678254
2005,6,21,8,5,1024,38.47,3.9,.343857,2,1,0,42.678254
2005,6,21,8,5,1024,38.71,3.9,.343857,2,1,0,42.678254
2005,6,21,8,5,1024,38.97,3.9,.343857,2,1,0,42.678254
2005,6,21,8,5,1024,39.22,3.9,.343857,2,1,0,42.678254
2005,6,21,8,5,1024,39.48,3.9,.343857,2,1,0,42.678254
2005,6,21,8,5,1024,39.75,4.1,.343857,2,1,0,42.678254
2005,6,21,8,5,1024,180.3,15,.343857,2,0,0,180.3
2005,6,21,9,5,1024,0,165,.343857,2,1,0,0
2005,6,21,9,5,1024,33.31,73.2,.343857,2,1,0,42.678254
2005,6,21,9,5,1024,33.41,7.7,.343857,2,1,0,42.678254
2005,6,21,9,5,1024,33.55,7.7,.343857,2,1,0,42.678254
2005,6,21,9,5,1024,33.73,7.7,.343857,2,1,0,42.678254
2005,6,21,9,5,1024,33.94,7.7,.343857,2,1,0,42.678254
2005,6,21,9,5,1024,34.17,7.7,.343857,2,1,0,42.678254
2005,6,21,9,5,1024,34.43,7.7,.343857,2,1,0,42.678254
2005,6,21,9,5,1024,34.71,7.7,.343857,2,1,0,42.678254
2005,6,21,9,5,1024,35.01,7.7,.343857,2,1,0,42.678254
2005,6,21,9,5,1024,35.34,7.7,.343857,2,1,0,42.678254
2005,6,21,9,5,1024,35.69,7.7,.343857,2,1,0,42.678254
2005,6,21,9,5,1024,36.06,7.7,.343857,2,1,0,42.678254
2005,6,21,9,5,1024,36.45,7.7,.343857,2,1,0,42.678254
2005,6,21,9,5,1024,36.87,7.7,.343857,2,1,0,42.678254
2005,6,21,9,5,1024,37.3,7.7,.343857,2,1,0,42.678254
2005,6,21,9,5,1024,37.75,7.7,.343857,2,1,0,42.678254
2005,6,21,9,5,1024,38.22,7.7,.343857,2,1,0,42.678254
2005,6,21,9,5,1024,38.47,3.9,.343857,2,1,0,42.678254
2005,6,21,9,5,1024,38.71,3.9,.343857,2,1,0,42.678254
2005,6,21,9,5,1024,38.97,3.9,.343857,2,1,0,42.678254
2005,6,21,9,5,1024,39.22,3.9,.343857,2,1,0,42.678254
2005,6,21,9,5,1024,39.48,3.9,.343857,2,1,0,42.678254
2005,6,21,9,5,1024,39.75,4.1,.343857,2,1,0,42.678254
2005,6,21,9,5,1024,180.3,15,.343857,2,0,0,180.3
2005,6,21,10,5,1024,0,165,.343857,2,1,0,0
2005,6,21,10,5,1024,33.31,73.2,.343857,2,1,0,42.678254
2005,6,21,10,5,1024,33.41,7.7,.343857,2,1,0,42.678254
2005,6,21,10,5,1024,33.55,7.7,.343857,2,1,0,42.678254
2005,6,21,10,5,1024,33.73,7.7,.343857,2,1,0,42.678254
2005,6,21,10,5,1024,33.94,7.7,.343857,2,1,0,42.678254
2005,6,21,10,5,1024,34.17,7.7,.343857,2,1,0,42.678254
2005,6,21,10,5,1024,34.43,7.7,.343857,2,1,0,42.678254
2005,6,21,10,5,1024,34.71,7.7,.343857,2,1,0,42.678254
2005,6,21,10,5,1024,35.01,7.7,.343857,2,1,0,42.678254
2005,6,21,10,5,1024,35.34,7.7,.343857,2,1,0,42.678254
2005,6,21,10,5,1024,35.69,7.7,.343857,2,1,0,42.678254
2005,6,21,10,5,1024,36.06,7.7,.343857,2,1,0,42.678254
2005,6,21,10,5,1024,36.45,7.7,.343857,2,1,0,42.678254
2005,6,21,10,5,1024,36.87,7.7,.343857,2,1,0,42.678254
2005,6,21,10,5,1024,37.3,7.7,.343857,2,1,0,42.678254
2005,6,21,10,5,1024,37.75,7.7,.343857,2,1,0,42.678254
2005,6,21,10,5,1024,38.22,7.7,.343857,2,1,0,42.678254
2005,6,21,10,5,1024,38.47,3.9,.343857,2,1,0,42.678254
2005,6,21,10,5,1024,38.71,3.9,.343857,2,1,0,42.678254
2005,6,21,10,5,1024,38.97,3.9,.343857,2,1,0,42.678254
2005,6,21,10,5,1024,39.22,3.9,.343857,2,1,0,42.678254
2005,6,21,10,5,1024,39.48,3.9,.343857,2,1,0,42.678254
2005,6,21,10,5,1024,39.75,4.1,.343857,2,1,0,42.678254
2005,6,21,10,5,1024,180.3,15,.343857,2,0,0,180.3
2005,6,21,11,5,1024,0,165,.343857,2,1,0,0
2005,6,21,11,5,1024,33.31,73.2,.343857,2,1,0,42.678254
2005,6,21,11,5,1024,33.41,7.7,.343857,2,1,0,42.678254
2005,6,21,11,5,1024,33.55,7.7,.343857,2,1,0,42.678254
2005,6,21,11,5,1024,33.73,7.7,.343857,2,1,0,42.678254
2005,6,21,11,5,1024,33.94,7.7,.343857,2,1,0,42.678254
2005,6,21,11,5,1024,34.17,7.7,.343857,2,1,0,42.678254
2005,6,21,11,5,1024,34.43,7.7,.343857,2,1,0,42.678254
2005,6,21,11,5,1024,34.71,7.7,.343857,2,1,0,42.678254
2005,6,21,11,5,1024,35.01,7.7,.343857,2,1,0,42.678254
2005,6,21,11,5,1024,35.34,7.7,.343857,2,1,0,42.678254
2005,6,21,11,5,1024,35.69,7.7,.343857,2,1,0,42.678254
2005,6,21,11,5,1024,36.06,7.7,.343857,2,1,0,42.678254
2005,6,21,11,5,1024,36.45,7.7,.343857,2,1,0,42.678254
2005,6,21,11,5,1024,36.87,7.7,.343857,2,1,0,42.678254
2005,6,21,11,5,1024,37.3,7.7,.343857,2,1,0,42.678254
2005,6,21,11,5,1024,37.75,7.7,.343857,2,1,0,42.678254
2005,6,21,11,5,1024,38.22,7.7,.343857,2,1,0,42.678254
2005,6,21,11,5,1024,38.47,3.9,.343857,2,1,0,42.678254
2005,6,21,11,5,1024,38.71,3.9,.343857,2,1,0,42.678254
2005,6,21,11,5,1024,38.97,3.9,.343857,2,1,0,42.678254
2005,6,21,11,5,1024,39.22,3.9,.343857,2,1,0,42.678254
2005,6,21,11,5,1024,39.48,3.9,.343857,2,1,0,42.678254
2005,6,21,11,5,1024,39.75,4.1,.343857,2,1,0,42.678254
2005,6,21,11,5,1024,180.3,15,.343857,2,0,0,180.3
2005,6,21,12,5,1024,.01,165,.343857,2,1,0,.01
2005,6,21,12,5,1024,33.31,73.2,.343857,2,1,0,42.678254
2005,6,21,12,5,1024,33.41,7.7,.343857,2,1,0,42.678254
2005,6,21,12,5,1024,33.55,7.7,.343857,2,1,0,42.678254
2005,6,21,12,5,1024,33.73,7.7,.343857,2,1,0,42.678254
2005,6,21,12,5,1024,33.94,7.7,.343857,2,1,0,42.678254
2005,6,21,12,5,1024,34.17,7.7,.343857,2,1,0,42.678254
2005,6,21,12,5,1024,34.43,7.7,.343857,2,1,0,42.678254
2005,6,21,12,5,1024,34.71,7.7,.343857,2,1,0,42.678254
2005,6,21,12,5,1024,35.01,7.7,.343857,2,1,0,42.678254
2005,6,21,12,5,1024,35.34,7.7,.343857,2,1,0,42.678254
2005,6,21,12,5,1024,35.69,7.7,.343857,2,1,0,42.678254
2005,6,21,12,5,1024,36.06,7.7,.343857,2,1,0,42.678254
2005,6,21,12,5,1024,36.45,7.7,.343857,2,1,0,42.678254
2005,6,21,12,5,1024,36.87,7.7,.343857,2,1,0,42.678254
2005,6,21,12,5,1024,37.3,7.7,.343857,2,1,0,42.678254
2005,6,21,12,5,1024,37.75,7.7,.343857,2,1,0,42.678254
2005,6,21,12,5,1024,38.22,7.7,.343857,2,1,0,42.678254
2005,6,21,12,5,1024,38.47,3.9,.343857,2,1,0,42.678254
2005,6,21,12,5,1024,38.71,3.9,.343857,2,1,0,42.678254
2005,6,21,12,5,1024,38.97,3.9,.343857,2,1,0,42.678254
2005,6,21,12,5,1024,39.22,3.9,.343857,2,1,0,42.678254
2005,6,21,12,5,1024,39.48,3.9,.343857,2,1,0,42.678254
2005,6,21,12,5,1024,39.75,4.1,.343857,2,1,0,42.678254
2005,6,21,12,5,1024,180.3,15,.343857,2,0,0,180.3
2005,6,21,13,5,1024,.01,165,.343857,2,1,0,.01
2005,6,21,13,5,1024,33.31,73.2,.343857,2,1,0,42.678254
2005,6,21,13,5,1024,33.41,7.7,.343857,2,1,0,42.678254
2005,6,21,13,5,1024,33.55,7.7,.343857,2,1,0,42.678254
2005,6,21,13,5,1024,33.73,7.7,.343857,2,1,0,42.678254
2005,6,21,13,5,1024,33.94,7.7,.343857,2,1,0,42.678254
2005,6,21,13,5,1024,34.17,7.7,.343857,2,1,0,42.678254
2005,6,21,13,5,1024,34.43,7.7,.343857,2,1,0,42.678254
2005,6,21,13,5,1024,34.71,7.7,.343857,2,1,0,42.678254
2005,6,21,13,5,1024,35.01,7.7,.343857,2,1,0,42.678254
2005,6,21,13,5,1024,35.34,7.7,.343857,2,1,0,42.678254
2005,6,21,13,5,1024,35.69,7.7,.343857,2,1,0,42.678254
2005,6,21,13,5,1024,36.06,7.7,.343857,2,1,0,42.678254
2005,6,21,13,5,1024,36.45,7.7,.343857,2,1,0,42.678254
2005,6,21,13,5,1024,36.87,7.7,.343857,2,1,0,42.678254
2005,6,21,13,5,1024,37.3,7.7,.343857,2,1,0,42.678254
2005,6,21,13,5,1024,37.75,7.7,.343857,2,1,0,42.678254
2005,6,21,13,5,1024,38.22,7.7,.343857,2,1,0,42.678254
2005,6,21,13,5,1024,38.47,3.9,.343857,2,1,0,42.678254
2005,6,21,13,5,1024,38.71,3.9,.343857,2,1,0,42.678254
2005,6,21,13,5,1024,38.97,3.9,.343857,2,1,0,42.678254
2005,6,21,13,5,1024,39.22,3.9,.343857,2,1,0,42.678254
2005,6,21,13,5,1024,39.48,3.9,.343857,2,1,0,42.678254
2005,6,21,13,5,1024,39.75,4.1,.343857,2,1,0,42.678254
2005,6,21,13,5,1024,180.3,15,.343857,2,0,0,180.3
2005,6,21,14,5,1024,.01,165,.343857,2,1,0,.01
2005,6,21,14,5,1024,33.31,73.2,.343857,2,1,0,42.678254
2005,6,21,14,5,1024,33.41,7.7,.343857,2,1,0,42.678254
2005,6,21,14,5,1024,33.55,7.7,.343857,2,1,0,42.678254
2005,6,21,14,5,1024,33.73,7.7,.343857,2,1,0,42.678254
2005,6,21,14,5,1024,33.94,7.7,.343857,2,1,0,42.678254
2005,6,21,14,5,1024,34.17,7.7,.343857,2,1,0,42.678254
2005,6,21,14,5,1024,34.43,7.7,.343857,2,1,0,42.678254
2005,6,21,14,5,1024,34.71,7.7,.343857,2,1,0,42.678254
2005,6,21,14,5,1024,35.01,7.7,.343857,2,1,0,42.678254
2005,6,21,14,5,1024,35.34,7.7,.343857,2,1,0,42.678254
2005,6,21,14,5,1024,35.69,7.7,.343857,2,1,0,42.678254
2005,6,21,14,5,1024,36.06,7.7,.343857,2,1,0,42.678254
2005,6,21,14,5,1024,36.45,7.7,.343857,2,1,0,42.678254
2005,6,21,14,5,1024,36.87,7.7,.343857,2,1,0,42.678254
2005,6,21,14,5,1024,37.3,7.7,.343857,2,1,0,42.678254
2005,6,21,14,5,1024,37.75,7.7,.343857,2,1,0,42.678254
2005,6,21,14,5,1024,38.22,7.7,.343857,2,1,0,42.678254
2005,6,21,14,5,1024,38.47,3.9,.343857,2,1,0,42.678254
2005,6,21,14,5,1024,38.71,3.9,.343857,2,1,0,42.678254
2005,6,21,14,5,1024,38.97,3.9,.343857,2,1,0,42.678254
2005,6,21,14,5,1024,39.22,3.9,.343857,2,1,0,42.678254
2005,6,21,14,5,1024,39.48,3.9,.343857,2,1,0,42.678254
2005,6,21,14,5,1024,39.75,4.1,.343857,2,1,0,42.678254
2005,6,21,14,5,1024,180.3,15,.343857,2,0,0,180.3
2005,6,21,15,5,1024,.01,165,.343857,2,1,0,.01
2005,6,21,15,5,1024,33.31,73.2,.343857,2,1,0,42.678254
2005,6,21,15,5,1024,33.41,7.7,.343857,2,1,0,42.678254
2005,6,21,15,5,1024,33.55,7.7,.343857,2,1,0,42.678254
2005,6,21,15,5,1024,33.73,7.7,.343857,2,1,0,42.678254
2005,6,21,15,5,1024,33.94,7.7,.343857,2,1,0,42.678254
2005,6,21,15,5,1024,34.17,7.7,.343857,2,1,0,42.678254
2005,6,21,15,5,1024,34.43,7.7,.343857,2,1,0,42.678254
2005,6,21,15,5,1024,34.71,7.7,.343857,2,1,0,42.678254
2005,6,21,15,5,1024,35.01,7.7,.343857,2,1,0,42.678254
2005,6,21,15,5,1024,35.34,7.7,.343857,2,1,0,42.678254
2005,6,21,15,5,1024,35.69,7.7,.343857,2,1,0,42.678254
2005,6,21,15,5,1024,36.06,7.7,.343857,2,1,0,42.678254
2005,6,21,15,5,1024,36.45,7.7,.343857,2,1,0,42.678254
2005,6,21,15,5,1024,36.87,7.7,.343857,2,1,0,42.678254
2005,6,21,15,5,1024,37.3,7.7,.343857,2,1,0,42.678254
2005,6,21,15,5,1024,37.75,7.7,.343857,2,1,0,42.678254
2005,6,21,15,5,1024,38.22,7.7,.343857,2,1,0,42.678254
2005,6,21,15,5,1024,38.47,3.9,.343857,2,1,0,42.678254
2005,6,21,15,5,1024,38.71,3.9,.343857,2,1,0,42.678254
2005,6,21,15,5,1024,38.97,3.9,.343857,2,1,0,42.678254
2005,6,21,15,5,1024,39.22,3.9,.343857,2,1,0,42.678254
2005,6,21,15,5,1024,39.48,3.9,.343857,2,1,0,42.678254
2005,6,21,15,5,1024,39.75,4.1,.343857,2,1,0,42.678254
2005,6,21,15,5,1024,180.3,15,.343857,2,0,0,180.3
2005,6,21,16,5,1024,.01,165,.343857,2,1,0,.01
2005,6,21,16,5,1024,33.31,73.2,.343857,2,1,0,42.678254
2005,6,21,16,5,1024,33.41,7.7,.343857,2,1,0,42.678254
2005,6,21,16,5,1024,33.55,7.7,.343857,2,1,0,42.678254
2005,6,21,16,5,1024,33.73,7.7,.343857,2,1,0,42.678254
2005,6,21,16,5,1024,33.94,7.7,.343857,2,1,0,42.678254
2005,6,21,16,5,1024,34.17,7.7,.343857,2,1,0,42.678254
2005,6,21,16,5,1024,34.43,7.7,.343857,2,1,0,42.678254
2005,6,21,16,5,1024,34.71,7.7,.343857,2,1,0,42.678254
2005,6,21,16,5,1024,35.01,7.7,.343857,2,1,0,42.678254
2005,6,21,16,5,1024,35.34,7.7,.343857,2,1,0,42.678254
2005,6,21,16,5,1024,35.69,7.7,.343857,2,1,0,42.678254
2005,6,21,16,5,1024,36.06,7.7,.343857,2,1,0,42.678254
2005,6,21,16,5,1024,36.45,7.7,.343857,2,1,0,42.678254
2005,6,21,16,5,1024,36.87,7.7,.343857,2,1,0,42.678254
2005,6,21,16,5,1024,37.3,7.7,.343857,2,1,0,42.678254
2005,6,21,16,5,1024,37.75,7.7,.343857,2,1,0,42.678254
2005,6,21,16,5,1024,38.22,7.7,.343857,2,1,0,42.678254
2005,6,21,16,5,1024,38.47,3.9,.343857,2,1,0,42.678254
2005,6,21,16,5,1024,38.71,3.9,.343857,2,1,0,42.678254
2005,6,21,16,5,1024,38.97,3.9,.343857,2,1,0,42.678254
2005,6,21,16,5,1024,39.22,3.9,.343857,2,1,0,42.678254
2005,6,21,16,5,1024,39.48,3.9,.343857,2,1,0,42.678254
2005,6,21,16,5,1024,39.75,4.1,.343857,2,1,0,42.678254
2005,6,21,16,5,1024,180.3,15,.343857,2,0,0,180.3
2005,6,21,17,5,1024,.01,165,.343857,2,1,0,.01
2005,6,21,17,5,1024,33.31,73.2,.343857,2,1,0,42.678254
2005,6,21,17,5,1024,33.41,7.7,.343857,2,1,0,42.678254
2005,6,21,17,5,1024,33.55,7.7,.343857,2,1,0,42.678254
2005,6,21,17,5,1024,33.73,7.7,.343857,2,1,0,42.678254
2005,6,21,17,5,1024,33.94,7.7,.343857,2,1,0,42.678254
2005,6,21,17,5,1024,34.17,7.7,.343857,2,1,0,42.678254
2005,6,21,17,5,1024,34.43,7.7,.343857,2,1,0,42.678254
2005,6,21,17,5,1024,34.71,7.7,.343857,2,1,0,42.678254
2005,6,21,17,5,1024,35.01,7.7,.343857,2,1,0,42.678254
2005,6,21,17,5,1024,35.34,7.7,.343857,2,1,0,42.678254
2005,6,21,17,5,1024,35.69,7.7,.343857,2,1,0,42.678254
2005,6,21,17,5,1024,36.06,7.7,.343857,2,1,0,42.678254
2005,6,21,17,5,1024,36.45,7.7,.343857,2,1,0,42.678254
2005,6,21,17,5,1024,36.87,7.7,.343857,2,1,0,42.678254
2005,6,21,17,5,1024,37.3,7.7,.343857,2,1,0,42.678254
2005,6,21,17,5,1024,37.75,7.7,.343857,2,1,0,42.678254
2005,6,21,17,5,1024,38.22,7.7,.343857,2,1,0,42.678254
2005,6,21,17,5,1024,38.47,3.9,.343857,2,1,0,42.678254
2005,6,21,17,5,1024,38.71,3.9,.343857,2,1,0,42.678254
2005,6,21,17,5,1024,38.97,3.9,.343857,2,1,0,42.678254
2005,6,21,17,5,1024,39.22,3.9,.343857,2,1,0,42.678254
2005,6,21,17,5,1024,39.48,3.9,.343857,2,1,0,42.678254
2005,6,21,17,5,1024,39.75,4.1,.343857,2,1,0,42.678254
2005,6,21,17,5,1024,180.3,15,.343857,2,0,0,180.3
2005,6,21,18,5,1024,.01,165,.343857,2,1,0,.01
2005,6,21,18,5,1024,33.31,73.2,.343857,2,1,0,42.678254
2005,6,21,18,5,1024,33.41,7.7,.343857,2,1,0,42.678254
2005,6,21,18,5,1024,33.55,7.7,.343857,2,1,0,42.678254
2005,6,21,18,5,1024,33.73,7.7,.343857,2,1,0,42.678254
2005,6,21,18,5,1024,33.94,7.7,.343857,2,1,0,42.678254
2005,6,21,18,5,1024,34.17,7.7,.343857,2,1,0,42.678254
2005,6,21,18,5,1024,34.43,7.7,.343857,2,1,0,42.678254
2005,6,21,18,5,1024,34.71,7.7,.343857,2,1,0,42.678254
2005,6,21,18,5,1024,35.01,7.7,.343857,2,1,0,42.678254
2005,6,21,18,5,1024,35.34,7.7,.343857,2,1,0,42.678254
2005,6,21,18,5,1024,35.69,7.7,.343857,2,1,0,42.678254
2005,6,21,18,5,1024,36.06,7.7,.343857,2,1,0,42.678254
2005,6,21,18,5,1024,36.45,7.7,.343857,2,1,0,42.678254
2005,6,21,18,5,1024,36.87,7.7,.343857,2,1,0,42.678254
2005,6,21,18,5,1024,37.3,7.7,.343857,2,1,0,42.678254
2005,6,21,18,5,1024,37.75,7.7,.343857,2,1,0,42.678254
2005,6,21,18,5,1024,38.22,7.7,.343857,2,1,0,42.678254
2005,6,21,18,5,1024,38.47,3.9,.343857,2,1,0,42.678254
2005,6,21,18,5,1024,38.71,3.9,.343857,2,1,0,42.678254
2005,6,21,18,5,1024,38.97,3.9,.343857,2,1,0,42.678254
2005,6,21,18,5,1024,39.22,3.9,.343857,2,1,0,42.678254
2005,6,21,18,5,1024,39.48,3.9,.343857,2,1,0,42.678254
2005,6,21,18,5,1024,39.75,4.1,.343857,2,1,0,42.678254
2005,6,21,18,5,1024,180.3,15,.343857,2,0,0,180.3
2005,6,21,19,5,1024,.01,165,.343857,2,1,0,.01
2005,6,21,19,5,1024,33.31,73.2,.343857,2,1,0,42.678254
2005,6,21,19,5,1024,33.41,7.7,.343857,2,1,0,42.678254
2005,6,21,19,5,1024,33.55,7.7,.343857,2,1,0,42.678254
2005,6,21,19,5,1024,33.73,7.7,.343857,2,1,0,42.678254
2005,6,21,19,5,1024,33.94,7.7,.343857,2,1,0,42.678254
2005,6,21,19,5,1024,34.17,7.7,.343857,2,1,0,42.678254
2005,6,21,19,5,1024,34.43,7.7,.343857,2,1,0,42.678254
2005,6,21,19,5,1024,34.71,7.7,.343857,2,1,0,42.678254
2005,6,21,19,5,1024,35.01,7.7,.343857,2,1,0,42.678254
2005,6,21,19,5,1024,35.34,7.7,.343857,2,1,0,42.678254
2005,6,21,19,5,1024,35.69,7.7,.343857,2,1,0,42.678254
2005,6,21,19,5,1024,36.06,7.7,.343857,2,1,0,42.678254
2005,6,21,19,5,1024,36.45,7.7,.343857,2,1,0,42.678254
2005,6,21,19,5,1024,36.87,7.7,.343857,2,1,0,42.678254
2005,6,21,19,5,1024,37.3,7.7,.343857,2,1,0,42.678254
2005,6,21,19,5,1024,37.75,7.7,.343857,2,1,0,42.678254
2005,6,21,19,5,1024,38.22,7.7,.343857,2,1,0,42.678254
2005,6,21,19,5,1024,38.47,3.9,.343857,2,1,0,42.678254
2005,6,21,19,5,1024,38.71,3.9,.343857,2,1,0,42.678254
2005,6,21,19,5,1024,38.97,3.9,.343857,2,1,0,42.678254
2005,6,21,19,5,1024,39.22,3.9,.343857,2,1,0,42.678254
2005,6,21,19,5,1024,39.48,3.9,.343857,2,1,0,42.678254
2005,6,21,19,5,1024,39.75,4.1,.343857,2,1,0,42.678254
2005,6,21,19,5,1024,180.3,15,.343857,2,0,0,180.3
2005,6,21,20,5,1024,.01,165,.343857,2,1,0,.01
2005,6,21,20,5,1024,33.31,73.2,.343857,2,1,0,42.678254
2005,6,21,20,5,1024,33.41,7.7,.343857,2,1,0,42.678254
2005,6,21,20,5,1024,33.55,7.7,.343857,2,1,0,42.678254
2005,6,21,20,5,1024,33.73,7.7,.343857,2,1,0,42.678254
2005,6,21,20,5,1024,33.94,7.7,.343857,2,1,0,42.678254
2005,6,21,20,5,1024,34.17,7.7,.343857,2,1,0,42.678254
2005,6,21,20,5,1024,34.43,7.7,.343857,2,1,0,42.678254
2005,6,21,20,5,1024,34.71,7.7,.343857,2,1,0,42.678254
2005,6,21,20,5,1024,35.01,7.7,.343857,2,1,0,42.678254
2005,6,21,20,5,1024,35.34,7.7,.343857,2,1,0,42.678254
2005,6,21,20,5,1024,35.69,7.7,.343857,2,1,0,42.678254
2005,6,21,20,5,1024,36.06,7.7,.343857,2,1,0,42.678254
2005,6,21,20,5,1024,36.45,7.7,.343857,2,1,0,42.678254
2005,6,21,20,5,1024,36.87,7.7,.343857,2,1,0,42.678254
2005,6,21,20,5,1024,37.3,7.7,.343857,2,1,0,42.678254
2005,6,21,20,5,1024,37.75,7.7,.343857,2,1,0,42.678254
2005,6,21,20,5,1024,38.22,7.7,.343857,2,1,0,42.678254
2005,6,21,20,5,1024,38.47,3.9,.343857,2,1,0,42.678254
2005,6,21,20,5,1024,38.71,3.9,.343857,2,1,0,42.678254
2005,6,21,20,5,1024,38.97,3.9,.343857,2,1,0,42.678254
2005,6,21,20,5,1024,39.22,3.9,.343857,2,1,0,42.678254
2005,6,21,20,5,1024,39.48,3.9,.343857,2,1,0,42.678254
2005,6,21,20,5,1024,39.75,4.1,.343857,2,1,0,42.678254
2005,6,21,20,5,1024,180.3,15,.343857,2,0,0,180.3
2005,6,21,21,5,1024,.01,165,.343857,2,1,0,.01
2005,6,21,21,5,1024,33.31,73.2,.343857,2,1,0,42.678254
2005,6,21,21,5,1024,33.41,7.7,.343857,2,1,0,42.678254
2005,6,21,21,5,1024,33.55,7.7,.343857,2,1,0,42.678254
2005,6,21,21,5,1024,33.73,7.7,.343857,2,1,0,42.678254
2005,6,21,21,5,1024,33.94,7.7,.343857,2,1,0,42.678254
2005,6,21,21,5,1024,34.17,7.7,.343857,2,1,0,42.678254
2005,6,21,21,5,1024,34.43,7.7,.343857,2,1,0,42.678254
2005,6,21,21,5,1024,34.71,7.7,.343857,2,1,0,42.678254
2005,6,21,21,5,1024,35.01,7.7,.343857,2,1,0,42.678254
2005,6,21,21,5,1024,35.34,7.7,.343857,2,1,0,42.678254
2005,6,21,21,5,1024,35.69,7.7,.343857,2,1,0,42.678254
2005,6,21,21,5,1024,36.06,7.7,.343857,2,1,0,42.678254
2005,6,21,21,5,1024,36.45,7.7,.343857,2,1,0,42.678254
2005,6,21,21,5,1024,36.87,7.7,.343857,2,1,0,42.678254
2005,6,21,21,5,1024,37.3,7.7,.343857,2,1,0,42.678254
2005,6,21,21,5,1024,37.75,7.7,.343857,2,1,0,42.678254
2005,6,21,21,5,1024,38.22,7.7,.343857,2,1,0,42.678254
2005,6,21,21,5,1024,38.47,3.9,.343857,2,1,0,42.678254
2005,6,21,21,5,1024,38.71,3.9,.343857,2,1,0,42.678254
2005,6,21,21,5,1024,38.97,3.9,.343857,2,1,0,42.678254
2005,6,21,21,5,1024,39.22,3.9,.343857,2,1,0,42.678254
2005,6,21,21,5,1024,39.48,3.9,.343857,2,1,0,42.678254
2005,6,21,21,5,1024,39.75,4.1,.343857,2,1,0,42.678254
2005,6,21,21,5,1024,180.3,15,.343857,2,0,0,180.3
2005,6,21,22,5,1024,.01,165,.343857,2,1,0,.01
2005,6,21,22,5,1024,33.31,73.2,.343857,2,1,0,42.678254
2005,6,21,22,5,1024,33.41,7.7,.343857,2,1,0,42.678254
2005,6,21,22,5,1024,33.55,7.7,.343857,2,1,0,42.678254
2005,6,21,22,5,1024,33.73,7.7,.343857,2,1,0,42.678254
2005,6,21,22,5,1024,33.94,7.7,.343857,2,1,0,42.678254
2005,6,21,22,5,1024,34.17,7.7,.343857,2,1,0,42.678254
2005,6,21,22,5,1024,34.43,7.7,.343857,2,1,0,42.678254
2005,6,21,22,5,1024,34.71,7.7,.343857,2,1,0,42.678254
2005,6,21,22,5,1024,35.01,7.7,.343857,2,1,0,42.678254
2005,6,21,22,5,1024,35.34,7.7,.343857,2,1,0,42.678254
2005,6,21,22,5,1024,35.69,7.7,.343857,2,1,0,42.678254
2005,6,21,22,5,1024,36.06,7.7,.343857,2,1,0,42.678254
2005,6,21,22,5,1024,36.45,7.7,.343857,2,1,0,42.678254
2005,6,21,22,5,1024,36.87,7.7,.343857,2,1,0,42.678254
2005,6,21,22,5,1024,37.3,7.7,.343857,2,1,0,42.678254
2005,6,21,22,5,1024,37.75,7.7,.343857,2,1,0,42.678254
2005,6,21,22,5,1024,38.22,7.7,.343857,2,1,0,42.678254
2005,6,21,22,5,1024,38.47,3.9,.343857,2,1,0,42.678254
2005,6,21,22,5,1024,38.71,3.9,.343857,2,1,0,42.678254
2005,6,21,22,5,1024,38.97,3.9,.343857,2,1,0,42.678254
2005,6,21,22,5,1024,39.22,3.9,.343857,2,1,0,42.678254
2005,6,21,22,5,1024,39.48,3.9,.343857,2,1,0,42.678254
2005,6,21,22,5,1024,39.75,4.1,.343857,2,1,0,42.678254
2005,6,21,22,5,1024,180.3,15,.343857,2,0,0,180.3
2005,6,21,23,5,1024,.01,165,.343857,2,1,0,.01
2005,6,21,23,5,1024,33.31,73.2,.343857,2,1,0,42.678254
2005,6,21,23,5,1024,33.41,7.7,.343857,2,1,0,42.678254
2005,6,21,23,5,1024,33.55,7.7,.343857,2,1,0,42.678254
2005,6,21,23,5,1024,33.73,7.7,.343857,2,1,0,42.678254
2005,6,21,23,5,1024,33.94,7.7,.343857,2,1,0,42.678254
2005,6,21,23,5,1024,34.17,7.7,.343857,2,1,0,42.678254
2005,6,21,23,5,1024,34.43,7.7,.343857,2,1,0,42.678254
2005,6,21,23,5,1024,34.71,7.7,.343857,2,1,0,42.678254
2005,6,21,23,5,1024,35.01,7.7,.343857,2,1,0,42.678254
2005,6,21,23,5,1024,35.34,7.7,.343857,2,1,0,42.678254
2005,6,21,23,5,1024,35.69,7.7,.343857,2,1,0,42.678254
2005,6,21,23,5,1024,36.06,7.7,.343857,2,1,0,42.678254
2005,6,21,23,5,1024,36.45,7.7,.343857,2,1,0,42.678254
2005,6,21,23,5,1024,36.87,7.7,.343857,2,1,0,42.678254
2005,6,21,23,5,1024,37.3,7.7,.343857,2,1,0,42.678254
2005,6,21,23,5,1024,37.75,7.7,.343857,2,1,0,42.678254
2005,6,21,23,5,1024,38.22,7.7,.343857,2,1,0,42.678254
2005,6,21,23,5,1024,38.47,3.9,.343857,2,1,0,42.678254
2005,6,21,23,5,1024,38.71,3.9,.343857,2,1,0,42.678254
2005,6,21,23,5,1024,38.97,3.9,.343857,2,1,0,42.678254
2005,6,21,23,5,1024,39.22,3.9,.343857,2,1,0,42.678254
2005,6,21,23,5,1024,39.48,3.9,.343857,2,1,0,42.678254
2005,6,21,23,5,1024,39.75,4.1,.343857,2,1,0,42.678254
2005,6,21,23,5,1024,180.3,15,.343857,2,0,0,180.3
2005,6,21,24,5,1024,.01,165,.343857,2,1,0,.01
2005,6,21,24,5,1024,33.31,73.2,.343857,2,1,0,42.678254
2005,6,21,24,5,1024,33.41,7.7,.343857,2,1,0,42.678254
2005,6,21,24,5,1024,33.55,7.7,.343857,2,1,0,42.678254
2005,6,21,24,5,1024,33.73,7.7,.343857,2,1,0,42.678254
2005,6,21,24,5,1024,33.94,7.7,.343857,2,1,0,42.678254
2005,6,21,24,5,1024,34.17,7.7,.343857,2,1,0,42.678254
2005,6,21,24,5,1024,34.43,7.7,.343857,2,1,0,42.678254
2005,6,21,24,5,1024,34.71,7.7,.343857,2,1,0,42.678254
2005,6,21,24,5,1024,35.01,7.7,.343857,2,1,0,42.678254
2005,6,21,24,5,1024,35.34,7.7,.343857,2,1,0,42.678254
2005,6,21,24,5,1024,35.69,7.7,.343857,2,1,0,42.678254
2005,6,21,24,5,1024,36.06,7.7,.343857,2,1,0,42.678254
2005,6,21,24,5,1024,36.45,7.7,.343857,2,1,0,42.678254
2005,6,21,24,5,1024,36.87,7.7,.343857,2,1,0,42.678254
2005,6,21,24,5,1024,37.3,7.7,.343857,2,1,0,42.678254
2005,6,21,24,5,1024,37.75,7.7,.343857,2,1,0,42.678254
2005,6,21,24,5,1024,38.22,7.7,.343857,2,1,0,42.678254
2005,6,21,24,5,1024,38.47,3.9,.343857,2,1,0,42.678254
2005,6,21,24,5,1024,38.71,3.9,.343857,2,1,0,42.678254
2005,6,21,24,5,1024,38.97,3.9,.343857,2,1,0,42.678254
2005,6,21,24,5,1024,39.22,3.9,.343857,2,1,0,42.678254
2005,6,21,24,5,1024,39.48,3.9,.343857,2,1,0,42.678254
2005,6,21,24,5,1024,39.75,4.1,.343857,2,1,0,42.678254
2005,6,21,24,5,1024,180.3,15,.343857,2,0,0,180.3
2005,6,21,1,9,35,0,19.3,0,2,1,0,0
2005,6,21,2,9,35,0,19.3,0,2,1,0,0
2005,6,21,3,9,35,0,19.3,0,2,1,0,0
2005,6,21,4,9,35,0,19.3,0,2,1,0,0
2005,6,21,5,9,35,0,19.3,0,2,1,0,0
2005,6,21,6,9,35,0,19.3,0,2,1,0,0
2005,6,21,7,9,35,0,19.3,0,2,1,0,0
2005,6,21,8,9,35,0,19.3,0,2,1,0,0
2005,6,21,9,9,35,0,19.3,0,2,1,0,0
2005,6,21,10,9,35,0,19.3,0,2,1,0,0
2005,6,21,11,9,35,0,19.3,0,2,1,0,0
2005,6,21,12,9,35,0,19.3,0,2,1,0,0
2005,6,21,13,9,35,0,19.3,0,2,1,0,0
2005,6,21,14,9,35,0,19.3,0,2,1,0,0
2005,6,21,15,9,35,0,19.3,0,2,1,0,0
2005,6,21,16,9,35,0,19.3,0,2,1,0,0
2005,6,21,17,9,35,0,19.3,0,2,1,0,0
2005,6,21,18,9,35,0,19.3,0,2,1,0,0
2005,6,21,19,9,35,0,19.3,0,2,1,0,0
2005,6,21,20,9,35,0,19.3,0,2,1,0,0
2005,6,21,21,9,35,0,19.3,0,2,1,0,0
2005,6,21,22,9,35,0,19.3,0,2,1,0,0
2005,6,21,23,9,35,0,19.3,0,2,1,0,0
2005,6,21,24,9,35,0,19.3,0,2,1,0,0
2005,6,21,1,9,36,0,2.6,0,2,1,0,0
2005,6,21,2,9,36,0,2.6,0,2,1,0,0
2005,6,21,3,9,36,0,2.6,0,2,1,0,0
2005,6,21,4,9,36,0,2.6,0,2,1,0,0
2005,6,21,5,9,36,0,2.6,0,2,1,0,0
2005,6,21,6,9,36,0,2.6,0,2,1,0,0
2005,6,21,7,9,36,0,2.6,0,2,1,0,0
2005,6,21,8,9,36,0,2.6,0,2,1,0,0
2005,6,21,9,9,36,0,2.6,0,2,1,0,0
2005,6,21,10,9,36,0,2.6,0,2,1,0,0
2005,6,21,11,9,36,0,2.6,0,2,1,0,0
2005,6,21,12,9,36,0,2.6,0,2,1,0,0
2005,6,21,13,9,36,0,2.6,0,2,1,0,0
2005,6,21,14,9,36,0,2.6,0,2,1,0,0
2005,6,21,15,9,36,0,2.6,0,2,1,0,0
2005,6,21,16,9,36,0,2.6,0,2,1,0,0
2005,6,21,17,9,36,0,2.6,0,2,1,0,0
2005,6,21,18,9,36,0,2.6,0,2,1,0,0
2005,6,21,19,9,36,0,2.6,0,2,1,0,0
2005,6,21,20,9,36,0,2.6,0,2,1,0,0
2005,6,21,21,9,36,0,2.6,0,2,1,0,0
2005,6,21,22,9,36,0,2.6,0,2,1,0,0
2005,6,21,23,9,36,0,2.6,0,2,1,0,0
2005,6,21,24,9,36,0,2.6,0,2,1,0,0
2005,6,21,1,9,37,180.3,.4,0,1,1,0,180.3
2005,6,21,2,9,37,180.3,.4,0,1,1,0,180.3
2005,6,21,3,9,37,180.3,.1,0,1,1,0,180.3
2005,6,21,4,9,37,180.3,.1,0,1,1,0,180.3
2005,6,21,5,9,37,180.3,.1,0,1,1,0,180.3
2005,6,21,6,9,37,180.3,.1,0,1,1,0,180.3
2005,6,21,7,9,37,180.3,.1,0,1,1,0,180.3
2005,6,21,8,9,37,180.3,.2,0,1,1,0,180.3
2005,6,21,9,9,37,180.3,.7,0,1,1,0,180.3
2005,6,21,10,9,37,180.3,.7,0,1,1,0,180.3
2005,6,21,11,9,37,180.3,.7,0,1,1,0,180.3
2005,6,21,12,9,37,180.3,.6,0,1,1,0,180.3
2005,6,21,13,9,37,180.3,.7,0,1,1,0,180.3
2005,6,21,14,9,37,180.3,.7,0,1,1,0,180.3
2005,6,21,15,9,37,180.3,.7,0,1,1,0,180.3
2005,6,21,16,9,37,180.3,.7,0,1,1,0,180.3
2005,6,21,17,9,37,180.3,.8,0,1,1,0,180.3
2005,6,21,18,9,37,180.3,.8,0,1,1,0,180.3
2005,6,21,19,9,37,180.3,.8,0,1,1,0,180.3
2005,6,21,20,9,37,180.3,.7,0,1,1,0,180.3
2005,6,21,21,9,37,180.3,.5,0,1,1,0,180.3
2005,6,21,22,9,37,180.3,.4,0,1,1,0,180.3
2005,6,21,23,9,37,180.3,.4,0,1,1,0,180.3
2005,6,21,24,9,37,180.3,.4,0,1,1,0,180.3
2005,6,21,1,2,1026,0,220,.885785,2,1,0,0
2005,6,21,1,2,1026,12.32,265.2,.885785,2,1,0,40.664345
2005,6,21,1,2,1026,90.07,66.8,.885785,2,0,0,40.664345
2005,6,21,2,2,1026,0,220,.885785,2,1,0,0
2005,6,21,2,2,1026,16.99,53.2,.885785,2,1,0,40.664345
2005,6,21,2,2,1026,17.45,53,.885785,2,1,0,40.664345
2005,6,21,2,2,1026,17.9,53,.885785,2,1,0,40.664345
2005,6,21,2,2,1026,18.36,53,.885785,2,1,0,40.664345
2005,6,21,2,2,1026,18.56,53,.885785,2,1,0,40.664345
2005,6,21,2,2,1026,90.07,66.8,.885785,2,0,0,40.664345
2005,6,21,3,2,1026,0,220,.885785,2,1,0,0
2005,6,21,3,2,1026,18.52,53.2,.885785,2,1,0,40.664345
2005,6,21,3,2,1026,18.53,53,.885785,2,1,0,40.664345
2005,6,21,3,2,1026,18.54,53,.885785,2,1,0,40.664345
2005,6,21,3,2,1026,18.55,53,.885785,2,1,0,40.664345
2005,6,21,3,2,1026,18.56,53,.885785,2,1,0,40.664345
2005,6,21,3,2,1026,90.07,66.8,.885785,2,0,0,40.664345
2005,6,21,4,2,1026,0,220,.885785,2,1,0,0
2005,6,21,4,2,1026,18.52,53.2,.885785,2,1,0,40.664345
2005,6,21,4,2,1026,18.53,53,.885785,2,1,0,40.664345
2005,6,21,4,2,1026,18.54,53,.885785,2,1,0,40.664345
2005,6,21,4,2,1026,18.55,53,.885785,2,1,0,40.664345
2005,6,21,4,2,1026,18.56,53,.885785,2,1,0,40.664345
2005,6,21,4,2,1026,90.07,66.8,.885785,2,0,0,40.664345
2005,6,21,5,2,1026,0,220,.885785,2,1,0,0
2005,6,21,5,2,1026,18.52,53.2,.885785,2,1,0,40.664345
2005,6,21,5,2,1026,18.53,53,.885785,2,1,0,40.664345
2005,6,21,5,2,1026,18.54,53,.885785,2,1,0,40.664345
2005,6,21,5,2,1026,18.55,53,.885785,2,1,0,40.664345
2005,6,21,5,2,1026,18.56,53,.885785,2,1,0,40.664345
2005,6,21,5,2,1026,90.07,66.8,.885785,2,0,0,40.664345
2005,6,21,6,2,1026,0,220,.885785,2,1,0,0
2005,6,21,6,2,1026,18.52,53.2,.885785,2,1,0,40.664345
2005,6,21,6,2,1026,18.53,53,.885785,2,1,0,40.664345
2005,6,21,6,2,1026,18.54,53,.885785,2,1,0,40.664345
2005,6,21,6,2,1026,18.55,53,.885785,2,1,0,40.664345
2005,6,21,6,2,1026,18.56,53,.885785,2,1,0,40.664345
2005,6,21,6,2,1026,90.07,66.8,.885785,2,0,0,40.664345
2005,6,21,7,2,1026,0,220,.885785,2,1,0,0
2005,6,21,7,2,1026,18.52,53.2,.885785,2,1,0,40.664345
2005,6,21,7,2,1026,18.53,53,.885785,2,1,0,40.664345
2005,6,21,7,2,1026,18.54,53,.885785,2,1,0,40.664345
2005,6,21,7,2,1026,18.55,53,.885785,2,1,0,40.664345
2005,6,21,7,2,1026,18.56,53,.885785,2,1,0,40.664345
2005,6,21,7,2,1026,90.07,66.8,.885785,2,0,0,40.664345
2005,6,21,8,2,1026,0,220,.885785,2,1,0,0
2005,6,21,8,2,1026,12.32,102,.885785,2,1,0,40.664345
2005,6,21,8,2,1026,15.02,40.8,.885785,2,1,0,40.664345
2005,6,21,8,2,1026,15.52,40.8,.885785,2,1,0,40.664345
2005,6,21,8,2,1026,16.02,40.8,.885785,2,1,0,40.664345
2005,6,21,8,2,1026,16.52,40.8,.885785,2,1,0,40.664345
2005,6,21,8,2,1026,90.07,66.8,.885785,2,0,0,40.664345
2005,6,21,9,2,1026,0,545.2,.885785,2,1,0,0
2005,6,21,9,2,1026,90.07,6.8,.885785,2,0,0,40.664345
2005,6,21,10,2,1026,0,545.2,.885785,2,1,0,0
2005,6,21,10,2,1026,90.07,6.8,.885785,2,0,0,40.664345
2005,6,21,11,2,1026,0,545.2,.885785,2,1,0,0
2005,6,21,11,2,1026,90.07,6.8,.885785,2,1,0,40.664345
2005,6,21,12,2,1026,0,545.2,.885785,2,1,0,0
2005,6,21,12,2,1026,90.07,6.8,.885785,2,1,0,40.664345
2005,6,21,13,2,1026,0,545.2,.885785,2,1,0,0
2005,6,21,13,2,1026,90.07,6.8,.885785,2,1,0,40.664345
2005,6,21,14,2,1026,0,545.2,.885785,2,1,0,0
2005,6,21,14,2,1026,90.07,6.8,.885785,2,1,0,40.664345
2005,6,21,15,2,1026,0,545.2,.885785,2,1,0,0
2005,6,21,15,2,1026,90.07,6.8,.885785,2,1,0,40.664345
2005,6,21,16,2,1026,0,545.2,.885785,2,1,0,0
2005,6,21,16,2,1026,90.07,6.8,.885785,2,1,0,40.664345
2005,6,21,17,2,1026,0,545.2,.885785,2,1,0,0
2005,6,21,17,2,1026,90.07,6.8,.885785,2,1,0,40.664345
2005,6,21,18,2,1026,0,545.2,.885785,2,1,0,0
2005,6,21,18,2,1026,90.07,6.8,.885785,2,1,0,40.664345
2005,6,21,19,2,1026,0,545.2,.885785,2,1,0,0
2005,6,21,19,2,1026,90.07,6.8,.885785,2,1,0,40.664345
2005,6,21,20,2,1026,0,545.2,.885785,2,1,0,0
2005,6,21,20,2,1026,90.07,6.8,.885785,2,1,0,40.664345
2005,6,21,21,2,1026,0,545.2,.885785,2,1,0,0
2005,6,21,21,2,1026,90.07,6.8,.885785,2,0,0,40.664345
2005,6,21,22,2,1026,0,545.2,.885785,2,1,0,0
2005,6,21,22,2,1026,90.07,6.8,.885785,2,0,0,40.664345
2005,6,21,23,2,1026,0,545.2,.885785,2,1,0,0
2005,6,21,23,2,1026,90.07,6.8,.885785,2,0,0,40.664345
2005,6,21,24,2,1026,0,220,.885785,2,1,0,0
2005,6,21,24,2,1026,12.32,172.4,.885785,2,1,0,40.664345
2005,6,21,24,2,1026,14.98,38.2,.885785,2,1,0,40.664345
2005,6,21,24,2,1026,15.43,38.2,.885785,2,1,0,40.664345
2005,6,21,24,2,1026,15.89,38.2,.885785,2,1,0,40.664345
2005,6,21,24,2,1026,16.35,38.2,.885785,2,1,0,40.664345
2005,6,21,24,2,1026,90.07,6.8,.885785,2,0,0,40.664345
2005,6,21,1,7,1027,0,200,.368091,2,1,0,0
2005,6,21,1,7,1027,40.5,50,.368091,2,1,0,43.234901
2005,6,21,1,7,1027,41,50,.368091,2,1,0,43.234901
2005,6,21,1,7,1027,41.5,50,.368091,2,1,0,43.234901
2005,6,21,1,7,1027,149,34.7,.368091,2,0,0,149
2005,6,21,2,7,1027,0,190,.368091,2,1,0,0
2005,6,21,2,7,1027,40,10,.368091,2,1,0,43.234901
2005,6,21,2,7,1027,40.5,50,.368091,2,1,0,43.234901
2005,6,21,2,7,1027,41,50,.368091,2,1,0,43.234901
2005,6,21,2,7,1027,41.5,50,.368091,2,1,0,43.234901
2005,6,21,2,7,1027,149,34.7,.368091,2,0,0,149
2005,6,21,3,7,1027,0,183,.368091,2,1,0,0
2005,6,21,3,7,1027,40,17,.368091,2,1,0,43.234901
2005,6,21,3,7,1027,40.5,50,.368091,2,1,0,43.234901
2005,6,21,3,7,1027,41,11.5,.368091,2,1,0,43.234901
2005,6,21,3,7,1027,41.5,50,.368091,2,0,0,43.234901
2005,6,21,3,7,1027,149,34.7,.368091,2,0,0,149
2005,6,21,4,7,1027,1,183,.368091,2,1,0,1
2005,6,21,4,7,1027,40,17,.368091,2,0,0,43.234901
2005,6,21,4,7,1027,40.5,50,.368091,2,0,0,43.234901
2005,6,21,4,7,1027,41,50,.368091,2,0,0,43.234901
2005,6,21,4,7,1027,41.5,50,.368091,2,0,0,43.234901
2005,6,21,4,7,1027,149,34.7,.368091,2,0,0,149
2005,6,21,5,7,1027,1,183,.368091,2,1,0,1
2005,6,21,5,7,1027,40,17,.368091,2,0,0,43.234901
2005,6,21,5,7,1027,40.5,50,.368091,2,0,0,43.234901
2005,6,21,5,7,1027,41,50,.368091,2,0,0,43.234901
2005,6,21,5,7,1027,41.5,50,.368091,2,0,0,43.234901
2005,6,21,5,7,1027,149,34.7,.368091,2,0,0,149
2005,6,21,6,7,1027,1,183,.368091,2,1,0,1
2005,6,21,6,7,1027,40,17,.368091,2,0,0,43.234901
2005,6,21,6,7,1027,40.5,50,.368091,2,0,0,43.234901
2005,6,21,6,7,1027,41,50,.368091,2,0,0,43.234901
2005,6,21,6,7,1027,41.5,50,.368091,2,0,0,43.234901
2005,6,21,6,7,1027,149,34.7,.368091,2,0,0,149
2005,6,21,7,7,1027,1,183,.368091,2,1,0,1
2005,6,21,7,7,1027,40,17,.368091,2,1,0,43.234901
2005,6,21,7,7,1027,40.5,50,.368091,2,1,0,43.234901
2005,6,21,7,7,1027,41,23,.368091,2,1,0,43.234901
2005,6,21,7,7,1027,41.5,50,.368091,2,0,0,43.234901
2005,6,21,7,7,1027,149,34.7,.368091,2,0,0,149
2005,6,21,8,7,1027,1,183,.368091,2,1,0,1
2005,6,21,8,7,1027,40,17,.368091,2,1,0,43.234901
2005,6,21,8,7,1027,40.5,50,.368091,2,1,0,43.234901
2005,6,21,8,7,1027,41,50,.368091,2,1,0,43.234901
2005,6,21,8,7,1027,41.5,50,.368091,2,1,0,43.234901
2005,6,21,8,7,1027,149,34.7,.368091,2,0,0,149
2005,6,21,9,7,1027,1,183,.368091,2,1,0,1
2005,6,21,9,7,1027,40,17,.368091,2,1,0,43.234901
2005,6,21,9,7,1027,40.5,50,.368091,2,1,0,43.234901
2005,6,21,9,7,1027,41,50,.368091,2,1,0,43.234901
2005,6,21,9,7,1027,41.5,50,.368091,2,1,0,43.234901
2005,6,21,9,7,1027,149,34.7,.368091,2,0,0,149
2005,6,21,10,7,1027,1,183,.368091,2,1,0,1
2005,6,21,10,7,1027,40,17,.368091,2,1,0,43.234901
2005,6,21,10,7,1027,40.5,50,.368091,2,1,0,43.234901
2005,6,21,10,7,1027,41,50,.368091,2,1,0,43.234901
2005,6,21,10,7,1027,41.5,50,.368091,2,1,0,43.234901
2005,6,21,10,7,1027,149,34.7,.368091,2,0,0,149
2005,6,21,11,7,1027,1,183,.368091,2,1,0,1
2005,6,21,11,7,1027,40,17,.368091,2,1,0,43.234901
2005,6,21,11,7,1027,40.5,50,.368091,2,1,0,43.234901
2005,6,21,11,7,1027,41,50,.368091,2,1,0,43.234901
2005,6,21,11,7,1027,41.5,50,.368091,2,1,0,43.234901
2005,6,21,11,7,1027,149,34.7,.368091,2,0,0,149
2005,6,21,12,7,1027,1,183,.368091,2,1,0,1
2005,6,21,12,7,1027,40,17,.368091,2,1,0,43.234901
2005,6,21,12,7,1027,40.5,50,.368091,2,1,0,43.234901
2005,6,21,12,7,1027,41,50,.368091,2,1,0,43.234901
2005,6,21,12,7,1027,41.5,50,.368091,2,1,0,43.234901
2005,6,21,12,7,1027,149,34.7,.368091,2,0,0,149
2005,6,21,13,7,1027,1,183,.368091,2,1,0,1
2005,6,21,13,7,1027,40,17,.368091,2,1,0,43.234901
2005,6,21,13,7,1027,40.5,50,.368091,2,1,0,43.234901
2005,6,21,13,7,1027,41,50,.368091,2,1,0,43.234901
2005,6,21,13,7,1027,41.5,50,.368091,2,1,0,43.234901
2005,6,21,13,7,1027,149,34.7,.368091,2,0,0,149
2005,6,21,14,7,1027,1,183,.368091,2,1,0,1
2005,6,21,14,7,1027,40,17,.368091,2,1,0,43.234901
2005,6,21,14,7,1027,40.5,50,.368091,2,1,0,43.234901
2005,6,21,14,7,1027,41,50,.368091,2,1,0,43.234901
2005,6,21,14,7,1027,41.5,50,.368091,2,1,0,43.234901
2005,6,21,14,7,1027,149,34.7,.368091,2,0,0,149
2005,6,21,15,7,1027,1,183,.368091,2,1,0,1
2005,6,21,15,7,1027,40,17,.368091,2,1,0,43.234901
2005,6,21,15,7,1027,40.5,50,.368091,2,1,0,43.234901
2005,6,21,15,7,1027,41,50,.368091,2,1,0,43.234901
2005,6,21,15,7,1027,41.5,50,.368091,2,1,0,43.234901
2005,6,21,15,7,1027,149,34.7,.368091,2,0,0,149
2005,6,21,16,7,1027,1,183,.368091,2,1,0,1
2005,6,21,16,7,1027,40,17,.368091,2,1,0,43.234901
2005,6,21,16,7,1027,40.5,50,.368091,2,1,0,43.234901
2005,6,21,16,7,1027,41,50,.368091,2,1,0,43.234901
2005,6,21,16,7,1027,41.5,50,.368091,2,1,0,43.234901
2005,6,21,16,7,1027,149,34.7,.368091,2,0,0,149
2005,6,21,17,7,1027,1,183,.368091,2,1,0,1
2005,6,21,17,7,1027,40,17,.368091,2,1,0,43.234901
2005,6,21,17,7,1027,40.5,50,.368091,2,1,0,43.234901
2005,6,21,17,7,1027,41,50,.368091,2,1,0,43.234901
2005,6,21,17,7,1027,41.5,50,.368091,2,1,0,43.234901
2005,6,21,17,7,1027,149,34.7,.368091,2,0,0,149
2005,6,21,18,7,1027,1,183,.368091,2,1,0,1
2005,6,21,18,7,1027,40,17,.368091,2,1,0,43.234901
2005,6,21,18,7,1027,40.5,50,.368091,2,1,0,43.234901
2005,6,21,18,7,1027,41,50,.368091,2,1,0,43.234901
2005,6,21,18,7,1027,41.5,50,.368091,2,1,0,43.234901
2005,6,21,18,7,1027,149,34.7,.368091,2,0,0,149
2005,6,21,19,7,1027,1,183,.368091,2,1,0,1
2005,6,21,19,7,1027,40,17,.368091,2,1,0,43.234901
2005,6,21,19,7,1027,40.5,50,.368091,2,1,0,43.234901
2005,6,21,19,7,1027,41,50,.368091,2,1,0,43.234901
2005,6,21,19,7,1027,41.5,50,.368091,2,1,0,43.234901
2005,6,21,19,7,1027,149,34.7,.368091,2,0,0,149
2005,6,21,20,7,1027,1,183,.368091,2,1,0,1
2005,6,21,20,7,1027,40,17,.368091,2,1,0,43.234901
2005,6,21,20,7,1027,40.5,50,.368091,2,1,0,43.234901
2005,6,21,20,7,1027,41,50,.368091,2,1,0,43.234901
2005,6,21,20,7,1027,41.5,50,.368091,2,1,0,43.234901
2005,6,21,20,7,1027,149,34.7,.368091,2,0,0,149
2005,6,21,21,7,1027,1,183,.368091,2,1,0,1
2005,6,21,21,7,1027,40,17,.368091,2,1,0,43.234901
2005,6,21,21,7,1027,40.5,50,.368091,2,1,0,43.234901
2005,6,21,21,7,1027,41,50,.368091,2,1,0,43.234901
2005,6,21,21,7,1027,41.5,50,.368091,2,1,0,43.234901
2005,6,21,21,7,1027,149,34.7,.368091,2,0,0,149
2005,6,21,22,7,1027,1,183,.368091,2,1,0,1
2005,6,21,22,7,1027,40,17,.368091,2,1,0,43.234901
2005,6,21,22,7,1027,40.5,50,.368091,2,1,0,43.234901
2005,6,21,22,7,1027,41,50,.368091,2,1,0,43.234901
2005,6,21,22,7,1027,41.5,50,.368091,2,1,0,43.234901
2005,6,21,22,7,1027,149,34.7,.368091,2,0,0,149
2005,6,21,23,7,1027,1,183,.368091,2,1,0,1
2005,6,21,23,7,1027,40,17,.368091,2,1,0,43.234901
2005,6,21,23,7,1027,40.5,50,.368091,2,1,0,43.234901
2005,6,21,23,7,1027,41,50,.368091,2,1,0,43.234901
2005,6,21,23,7,1027,41.5,50,.368091,2,1,0,43.234901
2005,6,21,23,7,1027,149,34.7,.368091,2,0,0,149
2005,6,21,24,7,1027,1,183,.368091,2,1,0,1
2005,6,21,24,7,1027,40,17,.368091,2,1,0,43.234901
2005,6,21,24,7,1027,40.5,50,.368091,2,1,0,43.234901
2005,6,21,24,7,1027,41,50,.368091,2,1,0,43.234901
2005,6,21,24,7,1027,41.5,50,.368091,2,1,0,43.234901
2005,6,21,24,7,1027,149,34.7,.368091,2,0,0,149
2005,6,21,1,7,1028,0,183,.368091,2,1,0,0
2005,6,21,1,7,1028,40,17,.368091,2,1,0,43.234901
2005,6,21,1,7,1028,40.5,50,.368091,2,1,0,43.234901
2005,6,21,1,7,1028,41,50,.368091,2,1,0,43.234901
2005,6,21,1,7,1028,41.5,50,.368091,2,1,0,43.234901
2005,6,21,1,7,1028,149,28.8,.368091,2,0,0,149
2005,6,21,2,7,1028,0,183,.368091,2,1,0,0
2005,6,21,2,7,1028,40,17,.368091,2,1,0,43.234901
2005,6,21,2,7,1028,40.5,50,.368091,2,1,0,43.234901
2005,6,21,2,7,1028,41,50,.368091,2,1,0,43.234901
2005,6,21,2,7,1028,41.5,50,.368091,2,1,0,43.234901
2005,6,21,2,7,1028,149,28.8,.368091,2,0,0,149
2005,6,21,3,7,1028,0,183,.368091,2,1,0,0
2005,6,21,3,7,1028,40,17,.368091,2,1,0,43.234901
2005,6,21,3,7,1028,40.5,50,.368091,2,1,0,43.234901
2005,6,21,3,7,1028,41,11.4,.368091,2,1,0,43.234901
2005,6,21,3,7,1028,41.5,50,.368091,2,0,0,43.234901
2005,6,21,3,7,1028,149,28.8,.368091,2,0,0,149
2005,6,21,4,7,1028,0,183,.368091,2,1,0,0
2005,6,21,4,7,1028,40,17,.368091,2,0,0,43.234901
2005,6,21,4,7,1028,40.5,50,.368091,2,0,0,43.234901
2005,6,21,4,7,1028,41,50,.368091,2,0,0,43.234901
2005,6,21,4,7,1028,41.5,50,.368091,2,0,0,43.234901
2005,6,21,4,7,1028,149,28.8,.368091,2,0,0,149
2005,6,21,5,7,1028,0,183,.368091,2,1,0,0
2005,6,21,5,7,1028,40,17,.368091,2,0,0,43.234901
2005,6,21,5,7,1028,40.5,50,.368091,2,0,0,43.234901
2005,6,21,5,7,1028,41,50,.368091,2,0,0,43.234901
2005,6,21,5,7,1028,41.5,50,.368091,2,0,0,43.234901
2005,6,21,5,7,1028,149,28.8,.368091,2,0,0,149
2005,6,21,6,7,1028,0,183,.368091,2,1,0,0
2005,6,21,6,7,1028,40,17,.368091,2,0,0,43.234901
2005,6,21,6,7,1028,40.5,50,.368091,2,0,0,43.234901
2005,6,21,6,7,1028,41,50,.368091,2,0,0,43.234901
2005,6,21,6,7,1028,41.5,50,.368091,2,0,0,43.234901
2005,6,21,6,7,1028,149,28.8,.368091,2,0,0,149
2005,6,21,7,7,1028,0,183,.368091,2,1,0,0
2005,6,21,7,7,1028,40,17,.368091,2,1,0,43.234901
2005,6,21,7,7,1028,40.5,50,.368091,2,1,0,43.234901
2005,6,21,7,7,1028,41,23,.368091,2,1,0,43.234901
2005,6,21,7,7,1028,41.5,50,.368091,2,0,0,43.234901
2005,6,21,7,7,1028,149,28.8,.368091,2,0,0,149
2005,6,21,8,7,1028,0,183,.368091,2,1,0,0
2005,6,21,8,7,1028,40,17,.368091,2,1,0,43.234901
2005,6,21,8,7,1028,40.5,50,.368091,2,1,0,43.234901
2005,6,21,8,7,1028,41,50,.368091,2,1,0,43.234901
2005,6,21,8,7,1028,41.5,50,.368091,2,1,0,43.234901
2005,6,21,8,7,1028,149,28.8,.368091,2,0,0,149
2005,6,21,9,7,1028,0,183,.368091,2,1,0,0
2005,6,21,9,7,1028,40,17,.368091,2,1,0,43.234901
2005,6,21,9,7,1028,40.5,50,.368091,2,1,0,43.234901
2005,6,21,9,7,1028,41,50,.368091,2,1,0,43.234901
2005,6,21,9,7,1028,41.5,50,.368091,2,1,0,43.234901
2005,6,21,9,7,1028,149,28.8,.368091,2,0,0,149
2005,6,21,10,7,1028,0,183,.368091,2,1,0,0
2005,6,21,10,7,1028,40,17,.368091,2,1,0,43.234901
2005,6,21,10,7,1028,40.5,50,.368091,2,1,0,43.234901
2005,6,21,10,7,1028,41,50,.368091,2,1,0,43.234901
2005,6,21,10,7,1028,41.5,50,.368091,2,1,0,43.234901
2005,6,21,10,7,1028,149,28.8,.368091,2,0,0,149
2005,6,21,11,7,1028,0,183,.368091,2,1,0,0
2005,6,21,11,7,1028,40,17,.368091,2,1,0,43.234901
2005,6,21,11,7,1028,40.5,50,.368091,2,1,0,43.234901
2005,6,21,11,7,1028,41,50,.368091,2,1,0,43.234901
2005,6,21,11,7,1028,41.5,50,.368091,2,1,0,43.234901
2005,6,21,11,7,1028,149,28.8,.368091,2,0,0,149
2005,6,21,12,7,1028,0,183,.368091,2,1,0,0
2005,6,21,12,7,1028,40,17,.368091,2,1,0,43.234901
2005,6,21,12,7,1028,40.5,50,.368091,2,1,0,43.234901
2005,6,21,12,7,1028,41,50,.368091,2,1,0,43.234901
2005,6,21,12,7,1028,41.5,50,.368091,2,1,0,43.234901
2005,6,21,12,7,1028,149,28.8,.368091,2,0,0,149
2005,6,21,13,7,1028,0,183,.368091,2,1,0,0
2005,6,21,13,7,1028,40,17,.368091,2,1,0,43.234901
2005,6,21,13,7,1028,40.5,50,.368091,2,1,0,43.234901
2005,6,21,13,7,1028,41,50,.368091,2,1,0,43.234901
2005,6,21,13,7,1028,41.5,50,.368091,2,1,0,43.234901
2005,6,21,13,7,1028,149,28.8,.368091,2,0,0,149
2005,6,21,14,7,1028,0,183,.368091,2,1,0,0
2005,6,21,14,7,1028,40,17,.368091,2,1,0,43.234901
2005,6,21,14,7,1028,40.5,50,.368091,2,1,0,43.234901
2005,6,21,14,7,1028,41,50,.368091,2,1,0,43.234901
2005,6,21,14,7,1028,41.5,50,.368091,2,1,0,43.234901
2005,6,21,14,7,1028,149,28.8,.368091,2,0,0,149
2005,6,21,15,7,1028,0,183,.368091,2,1,0,0
2005,6,21,15,7,1028,40,17,.368091,2,1,0,43.234901
2005,6,21,15,7,1028,40.5,50,.368091,2,1,0,43.234901
2005,6,21,15,7,1028,41,50,.368091,2,1,0,43.234901
2005,6,21,15,7,1028,41.5,50,.368091,2,1,0,43.234901
2005,6,21,15,7,1028,149,28.8,.368091,2,0,0,149
2005,6,21,16,7,1028,0,183,.368091,2,1,0,0
2005,6,21,16,7,1028,40,17,.368091,2,1,0,43.234901
2005,6,21,16,7,1028,40.5,50,.368091,2,1,0,43.234901
2005,6,21,16,7,1028,41,50,.368091,2,1,0,43.234901
2005,6,21,16,7,1028,41.5,50,.368091,2,1,0,43.234901
2005,6,21,16,7,1028,149,28.8,.368091,2,0,0,149
2005,6,21,17,7,1028,0,183,.368091,2,1,0,0
2005,6,21,17,7,1028,40,17,.368091,2,1,0,43.234901
2005,6,21,17,7,1028,40.5,50,.368091,2,1,0,43.234901
2005,6,21,17,7,1028,41,50,.368091,2,1,0,43.234901
2005,6,21,17,7,1028,41.5,50,.368091,2,1,0,43.234901
2005,6,21,17,7,1028,149,28.8,.368091,2,0,0,149
2005,6,21,18,7,1028,0,183,.368091,2,1,0,0
2005,6,21,18,7,1028,40,17,.368091,2,1,0,43.234901
2005,6,21,18,7,1028,40.5,50,.368091,2,1,0,43.234901
2005,6,21,18,7,1028,41,50,.368091,2,1,0,43.234901
2005,6,21,18,7,1028,41.5,50,.368091,2,1,0,43.234901
2005,6,21,18,7,1028,149,28.8,.368091,2,0,0,149
2005,6,21,19,7,1028,0,183,.368091,2,1,0,0
2005,6,21,19,7,1028,40,17,.368091,2,1,0,43.234901
2005,6,21,19,7,1028,40.5,50,.368091,2,1,0,43.234901
2005,6,21,19,7,1028,41,50,.368091,2,1,0,43.234901
2005,6,21,19,7,1028,41.5,50,.368091,2,1,0,43.234901
2005,6,21,19,7,1028,149,28.8,.368091,2,0,0,149
2005,6,21,20,7,1028,0,183,.368091,2,1,0,0
2005,6,21,20,7,1028,40,17,.368091,2,1,0,43.234901
2005,6,21,20,7,1028,40.5,50,.368091,2,1,0,43.234901
2005,6,21,20,7,1028,41,50,.368091,2,1,0,43.234901
2005,6,21,20,7,1028,41.5,50,.368091,2,1,0,43.234901
2005,6,21,20,7,1028,149,28.8,.368091,2,0,0,149
2005,6,21,21,7,1028,0,183,.368091,2,1,0,0
2005,6,21,21,7,1028,40,17,.368091,2,1,0,43.234901
2005,6,21,21,7,1028,40.5,50,.368091,2,1,0,43.234901
2005,6,21,21,7,1028,41,50,.368091,2,1,0,43.234901
2005,6,21,21,7,1028,41.5,50,.368091,2,1,0,43.234901
2005,6,21,21,7,1028,149,28.8,.368091,2,0,0,149
2005,6,21,22,7,1028,0,183,.368091,2,1,0,0
2005,6,21,22,7,1028,40,17,.368091,2,1,0,43.234901
2005,6,21,22,7,1028,40.5,50,.368091,2,1,0,43.234901
2005,6,21,22,7,1028,41,50,.368091,2,1,0,43.234901
2005,6,21,22,7,1028,41.5,50,.368091,2,1,0,43.234901
2005,6,21,22,7,1028,149,28.8,.368091,2,0,0,149
2005,6,21,23,7,1028,0,183,.368091,2,1,0,0
2005,6,21,23,7,1028,40,17,.368091,2,1,0,43.234901
2005,6,21,23,7,1028,40.5,50,.368091,2,1,0,43.234901
2005,6,21,23,7,1028,41,50,.368091,2,1,0,43.234901
2005,6,21,23,7,1028,41.5,50,.368091,2,1,0,43.234901
2005,6,21,23,7,1028,149,28.8,.368091,2,0,0,149
2005,6,21,24,7,1028,0,183,.368091,2,1,0,0
2005,6,21,24,7,1028,40,17,.368091,2,1,0,43.234901
2005,6,21,24,7,1028,40.5,50,.368091,2,1,0,43.234901
2005,6,21,24,7,1028,41,50,.368091,2,1,0,43.234901
2005,6,21,24,7,1028,41.5,50,.368091,2,1,0,43.234901
2005,6,21,24,7,1028,149,28.8,.368091,2,0,0,149
2005,6,21,1,9,41,0,7.3,0,2,1,0,0
2005,6,21,2,9,41,0,8.4,0,2,1,0,0
2005,6,21,3,9,41,0,9,0,2,1,0,0
2005,6,21,4,9,41,0,9.5,0,2,1,0,0
2005,6,21,5,9,41,0,9.9,0,2,1,0,0
2005,6,21,6,9,41,0,11.6,0,2,1,0,0
2005,6,21,7,9,41,0,11.7,0,2,1,0,0
2005,6,21,8,9,41,0,11.7,0,2,1,0,0
2005,6,21,9,9,41,0,11.6,0,2,1,0,0
2005,6,21,10,9,41,0,11,0,2,1,0,0
2005,6,21,11,9,41,0,9.2,0,2,1,0,0
2005,6,21,12,9,41,0,6.2,0,2,1,0,0
2005,6,21,13,9,41,0,2.2,0,2,1,0,0
2005,6,21,14,9,41,0,1.5,0,2,1,0,0
2005,6,21,15,9,41,0,.1,0,2,1,0,0
2005,6,21,16,9,41,0,.1,0,2,1,0,0
2005,6,21,17,9,41,0,.1,0,2,1,0,0
2005,6,21,18,9,41,0,.1,0,2,1,0,0
2005,6,21,19,9,41,0,.1,0,2,1,0,0
2005,6,21,20,9,41,0,2.7,0,2,1,0,0
2005,6,21,21,9,41,0,.1,0,2,1,0,0
2005,6,21,22,9,41,0,1.6,0,2,1,0,0
2005,6,21,23,9,41,0,7.2,0,2,1,0,0
2005,6,21,24,9,41,0,7.7,0,2,1,0,0
2005,6,21,1,9,42,0,5,0,2,1,0,0
2005,6,21,2,9,42,0,5.2,0,2,1,0,0
2005,6,21,3,9,42,0,4.5,0,2,1,0,0
2005,6,21,4,9,42,0,4.6,0,2,1,0,0
2005,6,21,5,9,42,0,4.5,0,2,1,0,0
2005,6,21,6,9,42,0,3.3,0,2,1,0,0
2005,6,21,7,9,42,0,3.2,0,2,1,0,0
2005,6,21,8,9,42,0,3.1,0,2,1,0,0
2005,6,21,9,9,42,0,3,0,2,1,0,0
2005,6,21,10,9,42,0,2.7,0,2,1,0,0
2005,6,21,11,9,42,0,2,0,2,1,0,0
2005,6,21,12,9,42,0,1.3,0,2,1,0,0
2005,6,21,13,9,42,0,.6,0,2,1,0,0
2005,6,21,14,9,42,0,.1,0,2,1,0,0
2005,6,21,15,9,42,0,.1,0,2,1,0,0
2005,6,21,17,9,42,0,.8,0,2,1,0,0
2005,6,21,18,9,42,0,1.3,0,2,1,0,0
2005,6,21,19,9,42,0,1.8,0,2,1,0,0
2005,6,21,20,9,42,0,.7,0,2,1,0,0
2005,6,21,21,9,42,0,.8,0,2,1,0,0
2005,6,21,22,9,42,0,.8,0,2,1,0,0
2005,6,21,23,9,42,0,2.3,0,2,1,0,0
2005,6,21,24,9,42,0,1.9,0,2,1,0,0
2005,6,21,1,9,43,0,3.7,0,2,1,0,0
2005,6,21,2,9,43,0,3.7,0,2,1,0,0
2005,6,21,3,9,43,0,3.7,0,2,1,0,0
2005,6,21,4,9,43,0,3.7,0,2,1,0,0
2005,6,21,5,9,43,0,3.7,0,2,1,0,0
2005,6,21,6,9,43,0,3.8,0,2,1,0,0
2005,6,21,7,9,43,0,3.8,0,2,1,0,0
2005,6,21,8,9,43,0,3.7,0,2,1,0,0
2005,6,21,9,9,43,0,3.7,0,2,1,0,0
2005,6,21,10,9,43,0,3.6,0,2,1,0,0
2005,6,21,11,9,43,0,3.6,0,2,1,0,0
2005,6,21,12,9,43,0,3.6,0,2,1,0,0
2005,6,21,13,9,43,0,3.5,0,2,1,0,0
2005,6,21,14,9,43,0,3.5,0,2,1,0,0
2005,6,21,15,9,43,0,3.6,0,2,1,0,0
2005,6,21,16,9,43,0,3.6,0,2,1,0,0
2005,6,21,17,9,43,0,3.6,0,2,1,0,0
2005,6,21,18,9,43,0,3.6,0,2,1,0,0
2005,6,21,19,9,43,0,3.6,0,2,1,0,0
2005,6,21,20,9,43,0,3.6,0,2,1,0,0
2005,6,21,21,9,43,0,3.7,0,2,1,0,0
2005,6,21,22,9,43,0,3.7,0,2,1,0,0
2005,6,21,23,9,43,0,3.7,0,2,1,0,0
2005,6,21,24,9,43,0,3.7,0,2,1,0,0
2005,6,21,1,2,1030,0,125,.93876,2,1,0,0
2005,6,21,1,2,1030,120.01,13.3,.93876,2,0,0,120.01
2005,6,21,2,2,1030,0,125,.93876,2,1,0,0
2005,6,21,2,2,1030,120.01,13.3,.93876,2,0,0,120.01
2005,6,21,3,2,1030,0,125,.93876,2,1,0,0
2005,6,21,3,2,1030,120.01,13.3,.93876,2,0,0,120.01
2005,6,21,4,2,1030,0,125,.93876,2,1,0,0
2005,6,21,4,2,1030,120.01,13.3,.93876,2,0,0,120.01
2005,6,21,5,2,1030,0,125,.93876,2,1,0,0
2005,6,21,5,2,1030,120.01,13.3,.93876,2,0,0,120.01
2005,6,21,6,2,1030,0,125,.93876,2,1,0,0
2005,6,21,6,2,1030,120.01,13.3,.93876,2,0,0,120.01
2005,6,21,7,2,1030,0,125,.93876,2,1,0,0
2005,6,21,7,2,1030,120.01,13.3,.93876,2,0,0,120.01
2005,6,21,8,2,1030,0,125,.93876,2,1,0,0
2005,6,21,8,2,1030,120.01,13.3,.93876,2,0,0,120.01
2005,6,21,9,2,1030,0,125,.93876,2,1,0,0
2005,6,21,9,2,1030,120.01,13.3,.93876,2,0,0,120.01
2005,6,21,10,2,1030,0,125,.93876,2,1,0,0
2005,6,21,10,2,1030,120.01,13.3,.93876,2,0,0,120.01
2005,6,21,11,2,1030,0,125,.93876,2,1,0,0
2005,6,21,11,2,1030,120.01,13.3,.93876,2,0,0,120.01
2005,6,21,12,2,1030,0,125,.93876,2,1,0,0
2005,6,21,12,2,1030,120.01,13.3,.93876,2,0,0,120.01
2005,6,21,13,2,1030,0,125,.93876,2,1,0,0
2005,6,21,13,2,1030,120.01,13.3,.93876,2,0,0,120.01
2005,6,21,14,2,1030,0,125,.93876,2,1,0,0
2005,6,21,14,2,1030,120.01,13.3,.93876,2,0,0,120.01
2005,6,21,15,2,1030,0,125,.93876,2,1,0,0
2005,6,21,15,2,1030,120.01,13.3,.93876,2,0,0,120.01
2005,6,21,16,2,1030,0,125,.93876,2,1,0,0
2005,6,21,16,2,1030,120.01,13.3,.93876,2,0,0,120.01
2005,6,21,17,2,1030,0,125,.93876,2,1,0,0
2005,6,21,17,2,1030,120.01,13.3,.93876,2,0,0,120.01
2005,6,21,18,2,1030,0,125,.93876,2,1,0,0
2005,6,21,18,2,1030,120.01,2.3,.93876,2,1,0,120.01
2005,6,21,19,2,1030,0,125,.93876,2,1,0,0
2005,6,21,19,2,1030,120.01,13.3,.93876,2,0,0,120.01
2005,6,21,20,2,1030,0,125,.93876,2,1,0,0
2005,6,21,20,2,1030,120.01,13.3,.93876,2,0,0,120.01
2005,6,21,21,2,1030,0,125,.93876,2,1,0,0
2005,6,21,21,2,1030,120.01,13.3,.93876,2,0,0,120.01
2005,6,21,22,2,1030,0,125,.93876,2,1,0,0
2005,6,21,22,2,1030,120.01,13.3,.93876,2,0,0,120.01
2005,6,21,23,2,1030,0,125,.93876,2,1,0,0
2005,6,21,23,2,1030,120.01,13.3,.93876,2,0,0,120.01
2005,6,21,24,2,1030,0,125,.93876,2,1,0,0
2005,6,21,24,2,1030,120.01,13.3,.93876,2,0,0,120.01
2005,6,21,1,2,1031,0,168,.93876,2,1,0,0
2005,6,21,1,2,1031,36.68,21.3,.93876,2,1,0,42.509615
2005,6,21,1,2,1031,36.75,21.3,.93876,2,1,0,42.509615
2005,6,21,1,2,1031,36.82,21.3,.93876,2,1,0,42.509615
2005,6,21,1,2,1031,36.89,21.3,.93876,2,1,0,42.509615
2005,6,21,1,2,1031,36.96,21.3,.93876,2,1,0,42.509615
2005,6,21,1,2,1031,37.03,21.3,.93876,2,1,0,42.509615
2005,6,21,1,2,1031,37.1,21.2,.93876,2,1,0,42.509615
2005,6,21,1,2,1031,120.08,6.3,.93876,2,0,0,120.08
2005,6,21,2,2,1031,0,168,.93876,2,1,0,0
2005,6,21,2,2,1031,37.47,21.3,.93876,2,1,0,42.509615
2005,6,21,2,2,1031,37.54,21.3,.93876,2,1,0,42.509615
2005,6,21,2,2,1031,37.61,21.3,.93876,2,1,0,42.509615
2005,6,21,2,2,1031,37.67,21.3,.93876,2,1,0,42.509615
2005,6,21,2,2,1031,37.74,21.3,.93876,2,1,0,42.509615
2005,6,21,2,2,1031,37.81,21.3,.93876,2,1,0,42.509615
2005,6,21,2,2,1031,37.87,21.2,.93876,2,1,0,42.509615
2005,6,21,2,2,1031,120.08,6.3,.93876,2,0,0,120.08
2005,6,21,3,2,1031,0,168,.93876,2,1,0,0
2005,6,21,3,2,1031,37.56,21.3,.93876,2,1,0,42.509615
2005,6,21,3,2,1031,37.62,21.3,.93876,2,1,0,42.509615
2005,6,21,3,2,1031,37.69,21.3,.93876,2,1,0,42.509615
2005,6,21,3,2,1031,37.76,21.3,.93876,2,1,0,42.509615
2005,6,21,3,2,1031,37.83,21.3,.93876,2,1,0,42.509615
2005,6,21,3,2,1031,37.89,21.3,.93876,2,1,0,42.509615
2005,6,21,3,2,1031,37.96,21.2,.93876,2,1,0,42.509615
2005,6,21,3,2,1031,120.08,6.3,.93876,2,0,0,120.08
2005,6,21,4,2,1031,0,153,.93876,2,1,0,0
2005,6,21,4,2,1031,11.01,15,.93876,2,1,0,42.509615
2005,6,21,4,2,1031,37.75,21.3,.93876,2,1,0,42.509615
2005,6,21,4,2,1031,37.82,21.3,.93876,2,1,0,42.509615
2005,6,21,4,2,1031,37.88,21.3,.93876,2,1,0,42.509615
2005,6,21,4,2,1031,37.95,21.3,.93876,2,1,0,42.509615
2005,6,21,4,2,1031,38.02,21.3,.93876,2,1,0,42.509615
2005,6,21,4,2,1031,38.09,21.3,.93876,2,1,0,42.509615
2005,6,21,4,2,1031,38.16,21.2,.93876,2,1,0,42.509615
2005,6,21,4,2,1031,120.09,6.3,.93876,2,0,0,120.09
2005,6,21,5,2,1031,0,153,.93876,2,1,0,0
2005,6,21,5,2,1031,11.01,15,.93876,2,1,0,42.509615
2005,6,21,5,2,1031,37.91,21.3,.93876,2,1,0,42.509615
2005,6,21,5,2,1031,37.98,21.3,.93876,2,1,0,42.509615
2005,6,21,5,2,1031,38.04,21.3,.93876,2,1,0,42.509615
2005,6,21,5,2,1031,38.11,21.3,.93876,2,1,0,42.509615
2005,6,21,5,2,1031,38.18,21.3,.93876,2,1,0,42.509615
2005,6,21,5,2,1031,38.25,21.3,.93876,2,1,0,42.509615
2005,6,21,5,2,1031,38.32,21.2,.93876,2,1,0,42.509615
2005,6,21,5,2,1031,120.09,6.3,.93876,2,0,0,120.09
2005,6,21,6,2,1031,0,153,.93876,2,1,0,0
2005,6,21,6,2,1031,11.01,15,.93876,2,1,0,42.509615
2005,6,21,6,2,1031,37.78,21.3,.93876,2,1,0,42.509615
2005,6,21,6,2,1031,37.85,21.3,.93876,2,1,0,42.509615
2005,6,21,6,2,1031,37.92,21.3,.93876,2,1,0,42.509615
2005,6,21,6,2,1031,37.99,21.3,.93876,2,1,0,42.509615
2005,6,21,6,2,1031,38.06,21.3,.93876,2,1,0,42.509615
2005,6,21,6,2,1031,38.12,21.3,.93876,2,1,0,42.509615
2005,6,21,6,2,1031,38.19,21.2,.93876,2,1,0,42.509615
2005,6,21,6,2,1031,120.09,6.3,.93876,2,0,0,120.09
2005,6,21,7,2,1031,0,168,.93876,2,1,0,0
2005,6,21,7,2,1031,37.59,21.3,.93876,2,1,0,42.509615
2005,6,21,7,2,1031,37.65,21.3,.93876,2,1,0,42.509615
2005,6,21,7,2,1031,37.72,21.3,.93876,2,1,0,42.509615
2005,6,21,7,2,1031,37.79,21.3,.93876,2,1,0,42.509615
2005,6,21,7,2,1031,37.85,21.3,.93876,2,1,0,42.509615
2005,6,21,7,2,1031,37.92,21.3,.93876,2,1,0,42.509615
2005,6,21,7,2,1031,37.99,21.2,.93876,2,1,0,42.509615
2005,6,21,7,2,1031,120.08,6.3,.93876,2,0,0,120.08
2005,6,21,8,2,1031,0,168,.93876,2,1,0,0
2005,6,21,8,2,1031,37.19,21.3,.93876,2,1,0,42.509615
2005,6,21,8,2,1031,37.26,21.3,.93876,2,1,0,42.509615
2005,6,21,8,2,1031,37.33,21.3,.93876,2,1,0,42.509615
2005,6,21,8,2,1031,37.4,21.3,.93876,2,1,0,42.509615
2005,6,21,8,2,1031,37.47,21.3,.93876,2,1,0,42.509615
2005,6,21,8,2,1031,37.54,21.3,.93876,2,1,0,42.509615
2005,6,21,8,2,1031,37.61,21.2,.93876,2,1,0,42.509615
2005,6,21,8,2,1031,120.08,6.3,.93876,2,0,0,120.08
2005,6,21,9,2,1031,0,168,.93876,2,1,0,0
2005,6,21,9,2,1031,36.04,21.3,.93876,2,1,0,42.509615
2005,6,21,9,2,1031,36.11,21.3,.93876,2,1,0,42.509615
2005,6,21,9,2,1031,36.17,21.3,.93876,2,1,0,42.509615
2005,6,21,9,2,1031,36.24,21.3,.93876,2,1,0,42.509615
2005,6,21,9,2,1031,36.31,21.3,.93876,2,1,0,42.509615
2005,6,21,9,2,1031,36.37,21.3,.93876,2,1,0,42.509615
2005,6,21,9,2,1031,36.44,21.2,.93876,2,1,0,42.509615
2005,6,21,9,2,1031,120.08,6.3,.93876,2,0,0,120.08
2005,6,21,10,2,1031,0,168,.93876,2,1,0,0
2005,6,21,10,2,1031,35.71,21.3,.93876,2,1,0,42.509615
2005,6,21,10,2,1031,35.78,21.3,.93876,2,1,0,42.509615
2005,6,21,10,2,1031,35.85,21.3,.93876,2,1,0,42.509615
2005,6,21,10,2,1031,35.92,21.3,.93876,2,1,0,42.509615
2005,6,21,10,2,1031,36,21.3,.93876,2,1,0,42.509615
2005,6,21,10,2,1031,36.07,21.3,.93876,2,1,0,42.509615
2005,6,21,10,2,1031,36.14,21.2,.93876,2,1,0,42.509615
2005,6,21,10,2,1031,120.08,6.3,.93876,2,0,0,120.08
2005,6,21,11,2,1031,0,168,.93876,2,1,0,0
2005,6,21,11,2,1031,35.53,21.3,.93876,2,1,0,42.509615
2005,6,21,11,2,1031,35.6,21.3,.93876,2,1,0,42.509615
2005,6,21,11,2,1031,35.68,21.3,.93876,2,1,0,42.509615
2005,6,21,11,2,1031,35.75,21.3,.93876,2,1,0,42.509615
2005,6,21,11,2,1031,35.83,21.3,.93876,2,1,0,42.509615
2005,6,21,11,2,1031,35.9,21.3,.93876,2,1,0,42.509615
2005,6,21,11,2,1031,35.97,21.2,.93876,2,1,0,42.509615
2005,6,21,11,2,1031,120.08,6.3,.93876,2,0,0,120.08
2005,6,21,12,2,1031,0,168,.93876,2,1,0,0
2005,6,21,12,2,1031,35.55,21.3,.93876,2,1,0,42.509615
2005,6,21,12,2,1031,35.63,21.3,.93876,2,1,0,42.509615
2005,6,21,12,2,1031,35.7,21.3,.93876,2,1,0,42.509615
2005,6,21,12,2,1031,35.77,21.3,.93876,2,1,0,42.509615
2005,6,21,12,2,1031,35.84,21.3,.93876,2,1,0,42.509615
2005,6,21,12,2,1031,35.91,21.3,.93876,2,1,0,42.509615
2005,6,21,12,2,1031,35.99,21.2,.93876,2,1,0,42.509615
2005,6,21,12,2,1031,120.08,6.3,.93876,2,0,0,120.08
2005,6,21,13,2,1031,0,168,.93876,2,1,0,0
2005,6,21,13,2,1031,34.94,21.3,.93876,2,1,0,42.509615
2005,6,21,13,2,1031,35.01,21.3,.93876,2,1,0,42.509615
2005,6,21,13,2,1031,35.08,21.3,.93876,2,1,0,42.509615
2005,6,21,13,2,1031,35.15,21.3,.93876,2,1,0,42.509615
2005,6,21,13,2,1031,35.22,21.3,.93876,2,1,0,42.509615
2005,6,21,13,2,1031,35.29,21.3,.93876,2,1,0,42.509615
2005,6,21,13,2,1031,35.36,21.2,.93876,2,1,0,42.509615
2005,6,21,13,2,1031,120.08,6.3,.93876,2,0,0,120.08
2005,6,21,14,2,1031,0,168,.93876,2,1,0,0
2005,6,21,14,2,1031,34.94,21.3,.93876,2,1,0,42.509615
2005,6,21,14,2,1031,35.01,21.3,.93876,2,1,0,42.509615
2005,6,21,14,2,1031,35.08,21.3,.93876,2,1,0,42.509615
2005,6,21,14,2,1031,35.15,21.3,.93876,2,1,0,42.509615
2005,6,21,14,2,1031,35.23,21.3,.93876,2,1,0,42.509615
2005,6,21,14,2,1031,35.3,21.3,.93876,2,1,0,42.509615
2005,6,21,14,2,1031,35.37,21.2,.93876,2,1,0,42.509615
2005,6,21,14,2,1031,120.08,6.3,.93876,2,0,0,120.08
2005,6,21,15,2,1031,0,168,.93876,2,1,0,0
2005,6,21,15,2,1031,34.81,21.3,.93876,2,1,0,42.509615
2005,6,21,15,2,1031,34.88,21.3,.93876,2,1,0,42.509615
2005,6,21,15,2,1031,34.95,21.3,.93876,2,1,0,42.509615
2005,6,21,15,2,1031,35.01,21.3,.93876,2,1,0,42.509615
2005,6,21,15,2,1031,35.08,21.3,.93876,2,1,0,42.509615
2005,6,21,15,2,1031,35.15,21.3,.93876,2,1,0,42.509615
2005,6,21,15,2,1031,35.21,21.2,.93876,2,1,0,42.509615
2005,6,21,15,2,1031,120.08,6.3,.93876,2,0,0,120.08
2005,6,21,16,2,1031,0,168,.93876,2,1,0,0
2005,6,21,16,2,1031,34.45,21.3,.93876,2,1,0,42.509615
2005,6,21,16,2,1031,34.52,21.3,.93876,2,1,0,42.509615
2005,6,21,16,2,1031,34.58,21.3,.93876,2,1,0,42.509615
2005,6,21,16,2,1031,34.65,21.3,.93876,2,1,0,42.509615
2005,6,21,16,2,1031,34.71,21.3,.93876,2,1,0,42.509615
2005,6,21,16,2,1031,34.78,21.3,.93876,2,1,0,42.509615
2005,6,21,16,2,1031,34.84,21.2,.93876,2,1,0,42.509615
2005,6,21,16,2,1031,120.08,6.3,.93876,2,0,0,120.08
2005,6,21,17,2,1031,0,168,.93876,2,1,0,0
2005,6,21,17,2,1031,34.41,21.3,.93876,2,1,0,42.509615
2005,6,21,17,2,1031,34.48,21.3,.93876,2,1,0,42.509615
2005,6,21,17,2,1031,34.55,21.3,.93876,2,1,0,42.509615
2005,6,21,17,2,1031,34.62,21.3,.93876,2,1,0,42.509615
2005,6,21,17,2,1031,34.69,21.3,.93876,2,1,0,42.509615
2005,6,21,17,2,1031,34.76,21.3,.93876,2,1,0,42.509615
2005,6,21,17,2,1031,34.83,21.2,.93876,2,1,0,42.509615
2005,6,21,17,2,1031,120.08,6.3,.93876,2,0,0,120.08
2005,6,21,18,2,1031,0,168,.93876,2,1,0,0
2005,6,21,18,2,1031,33.99,21.3,.93876,2,1,0,42.509615
2005,6,21,18,2,1031,34.06,21.3,.93876,2,1,0,42.509615
2005,6,21,18,2,1031,34.13,21.3,.93876,2,1,0,42.509615
2005,6,21,18,2,1031,34.2,21.3,.93876,2,1,0,42.509615
2005,6,21,18,2,1031,34.27,21.3,.93876,2,1,0,42.509615
2005,6,21,18,2,1031,34.34,21.3,.93876,2,1,0,42.509615
2005,6,21,18,2,1031,34.4,21.2,.93876,2,1,0,42.509615
2005,6,21,18,2,1031,120.08,6.3,.93876,2,0,0,120.08
2005,6,21,19,2,1031,0,168,.93876,2,1,0,0
2005,6,21,19,2,1031,34.35,21.3,.93876,2,1,0,42.509615
2005,6,21,19,2,1031,34.42,21.3,.93876,2,1,0,42.509615
2005,6,21,19,2,1031,34.49,21.3,.93876,2,1,0,42.509615
2005,6,21,19,2,1031,34.56,21.3,.93876,2,1,0,42.509615
2005,6,21,19,2,1031,34.63,21.3,.93876,2,1,0,42.509615
2005,6,21,19,2,1031,34.7,21.3,.93876,2,1,0,42.509615
2005,6,21,19,2,1031,34.77,21.2,.93876,2,1,0,42.509615
2005,6,21,19,2,1031,120.08,6.3,.93876,2,0,0,120.08
2005,6,21,20,2,1031,0,168,.93876,2,1,0,0
2005,6,21,20,2,1031,34.43,21.3,.93876,2,1,0,42.509615
2005,6,21,20,2,1031,34.5,21.3,.93876,2,1,0,42.509615
2005,6,21,20,2,1031,34.57,21.3,.93876,2,1,0,42.509615
2005,6,21,20,2,1031,34.63,21.3,.93876,2,1,0,42.509615
2005,6,21,20,2,1031,34.7,21.3,.93876,2,1,0,42.509615
2005,6,21,20,2,1031,34.77,21.3,.93876,2,1,0,42.509615
2005,6,21,20,2,1031,34.83,21.2,.93876,2,1,0,42.509615
2005,6,21,20,2,1031,120.08,6.3,.93876,2,0,0,120.08
2005,6,21,21,2,1031,0,168,.93876,2,1,0,0
2005,6,21,21,2,1031,34.61,21.3,.93876,2,1,0,42.509615
2005,6,21,21,2,1031,34.67,21.3,.93876,2,1,0,42.509615
2005,6,21,21,2,1031,34.74,21.3,.93876,2,1,0,42.509615
2005,6,21,21,2,1031,34.8,21.3,.93876,2,1,0,42.509615
2005,6,21,21,2,1031,34.86,21.3,.93876,2,1,0,42.509615
2005,6,21,21,2,1031,34.93,21.3,.93876,2,1,0,42.509615
2005,6,21,21,2,1031,34.99,21.2,.93876,2,1,0,42.509615
2005,6,21,21,2,1031,120.08,6.3,.93876,2,0,0,120.08
2005,6,21,22,2,1031,0,168,.93876,2,1,0,0
2005,6,21,22,2,1031,35.55,21.3,.93876,2,1,0,42.509615
2005,6,21,22,2,1031,35.63,21.3,.93876,2,1,0,42.509615
2005,6,21,22,2,1031,35.7,21.3,.93876,2,1,0,42.509615
2005,6,21,22,2,1031,35.77,21.3,.93876,2,1,0,42.509615
2005,6,21,22,2,1031,35.84,21.3,.93876,2,1,0,42.509615
2005,6,21,22,2,1031,35.91,21.3,.93876,2,1,0,42.509615
2005,6,21,22,2,1031,35.98,21.2,.93876,2,1,0,42.509615
2005,6,21,22,2,1031,120.08,6.3,.93876,2,0,0,120.08
2005,6,21,23,2,1031,0,168,.93876,2,1,0,0
2005,6,21,23,2,1031,35.49,21.3,.93876,2,1,0,42.509615
2005,6,21,23,2,1031,35.56,21.3,.93876,2,1,0,42.509615
2005,6,21,23,2,1031,35.63,21.3,.93876,2,1,0,42.509615
2005,6,21,23,2,1031,35.69,21.3,.93876,2,1,0,42.509615
2005,6,21,23,2,1031,35.76,21.3,.93876,2,1,0,42.509615
2005,6,21,23,2,1031,35.82,21.3,.93876,2,1,0,42.509615
2005,6,21,23,2,1031,35.89,21.2,.93876,2,1,0,42.509615
2005,6,21,23,2,1031,120.08,6.3,.93876,2,0,0,120.08
2005,6,21,24,2,1031,0,168,.93876,2,1,0,0
2005,6,21,24,2,1031,36.34,21.3,.93876,2,1,0,42.509615
2005,6,21,24,2,1031,36.41,21.3,.93876,2,1,0,42.509615
2005,6,21,24,2,1031,36.47,21.3,.93876,2,1,0,42.509615
2005,6,21,24,2,1031,36.54,21.3,.93876,2,1,0,42.509615
2005,6,21,24,2,1031,36.61,21.3,.93876,2,1,0,42.509615
2005,6,21,24,2,1031,36.68,21.3,.93876,2,1,0,42.509615
2005,6,21,24,2,1031,36.75,21.2,.93876,2,1,0,42.509615
2005,6,21,24,2,1031,120.08,6.3,.93876,2,0,0,120.08
2005,6,21,1,9,46,0,2.8,0,2,1,0,0
2005,6,21,2,9,46,0,2.8,0,2,1,0,0
2005,6,21,3,9,46,0,2.8,0,2,1,0,0
2005,6,21,4,9,46,0,2.8,0,2,1,0,0
2005,6,21,5,9,46,0,2.8,0,2,1,0,0
2005,6,21,6,9,46,0,2.8,0,2,1,0,0
2005,6,21,7,9,46,0,2.8,0,2,1,0,0
2005,6,21,8,9,46,0,2.8,0,2,1,0,0
2005,6,21,9,9,46,0,2.8,0,2,1,0,0
2005,6,21,10,9,46,0,2.8,0,2,1,0,0
2005,6,21,11,9,46,0,2.8,0,2,1,0,0
2005,6,21,12,9,46,0,2.8,0,2,1,0,0
2005,6,21,13,9,46,0,2.8,0,2,1,0,0
2005,6,21,14,9,46,0,2.8,0,2,1,0,0
2005,6,21,15,9,46,0,2.8,0,2,1,0,0
2005,6,21,16,9,46,0,2.8,0,2,1,0,0
2005,6,21,17,9,46,0,2.8,0,2,1,0,0
2005,6,21,18,9,46,0,2.8,0,2,1,0,0
2005,6,21,19,9,46,0,2.8,0,2,1,0,0
2005,6,21,20,9,46,0,2.8,0,2,1,0,0
2005,6,21,21,9,46,0,2.8,0,2,1,0,0
2005,6,21,22,9,46,0,2.8,0,2,1,0,0
2005,6,21,23,9,46,0,2.8,0,2,1,0,0
2005,6,21,24,9,46,0,2.8,0,2,1,0,0
2005,6,21,1,9,47,150,20,0,1,1,0,150
2005,6,21,2,9,47,150,20,0,1,1,0,150
2005,6,21,3,9,47,150,20,0,1,1,0,150
2005,6,21,4,9,47,150,20,0,1,1,0,150
2005,6,21,5,9,47,150,20,0,1,1,0,150
2005,6,21,6,9,47,150,20,0,1,1,0,150
2005,6,21,7,9,47,150,20,0,1,1,0,150
2005,6,21,8,9,47,150,20,0,1,1,0,150
2005,6,21,1,9,48,0,23.7,0,2,1,0,0
2005,6,21,2,9,48,0,25.1,0,2,1,0,0
2005,6,21,3,9,48,0,25.8,0,2,1,0,0
2005,6,21,4,9,48,0,25.9,0,2,1,0,0
2005,6,21,5,9,48,0,25.5,0,2,1,0,0
2005,6,21,6,9,48,0,25.5,0,2,1,0,0
2005,6,21,7,9,48,0,25.6,0,2,1,0,0
2005,6,21,8,9,48,0,24.3,0,2,1,0,0
2005,6,21,9,9,48,0,1.7,0,2,1,0,0
2005,6,21,10,9,48,0,24.9,0,2,1,0,0
2005,6,21,11,9,48,0,24.1,0,2,1,0,0
2005,6,21,12,9,48,0,23.7,0,2,1,0,0
2005,6,21,13,9,48,0,23.2,0,2,1,0,0
2005,6,21,14,9,48,0,22.7,0,2,1,0,0
2005,6,21,15,9,48,0,22.4,0,2,1,0,0
2005,6,21,16,9,48,0,22.2,0,2,1,0,0
2005,6,21,17,9,48,0,22.2,0,2,1,0,0
2005,6,21,18,9,48,0,22.6,0,2,1,0,0
2005,6,21,19,9,48,0,22.8,0,2,1,0,0
2005,6,21,20,9,48,0,22.8,0,2,1,0,0
2005,6,21,21,9,48,0,23,0,2,1,0,0
2005,6,21,22,9,48,0,23.5,0,2,1,0,0
2005,6,21,23,9,48,0,23.7,0,2,1,0,0
2005,6,21,24,9,48,0,25.2,0,2,1,0,0
2005,6,21,1,9,49,0,3.6,0,2,1,0,0
2005,6,21,2,9,49,0,3.6,0,2,1,0,0
2005,6,21,3,9,49,0,3.6,0,2,1,0,0
2005,6,21,4,9,49,0,3.5,0,2,1,0,0
2005,6,21,5,9,49,0,3.5,0,2,1,0,0
2005,6,21,6,9,49,0,3.5,0,2,1,0,0
2005,6,21,7,9,49,0,2.7,0,2,1,0,0
2005,6,21,8,9,49,0,2.7,0,2,1,0,0
2005,6,21,9,9,49,0,2.2,0,2,1,0,0
2005,6,21,10,9,49,0,2.2,0,2,1,0,0
2005,6,21,11,9,49,0,2.2,0,2,1,0,0
2005,6,21,12,9,49,0,2.2,0,2,1,0,0
2005,6,21,13,9,49,0,2.2,0,2,1,0,0
2005,6,21,14,9,49,0,2.2,0,2,1,0,0
2005,6,21,15,9,49,0,2.2,0,2,1,0,0
2005,6,21,16,9,49,0,2.2,0,2,1,0,0
2005,6,21,17,9,49,0,2.2,0,2,1,0,0
2005,6,21,18,9,49,0,2.4,0,2,1,0,0
2005,6,21,19,9,49,0,2.4,0,2,1,0,0
2005,6,21,20,9,49,0,2.4,0,2,1,0,0
2005,6,21,21,9,49,0,2.6,0,2,1,0,0
2005,6,21,22,9,49,0,2.9,0,2,1,0,0
2005,6,21,23,9,49,0,3.1,0,2,1,0,0
2005,6,21,24,9,49,0,3.6,0,2,1,0,0
2005,6,21,1,9,50,0,80.6,0,2,1,0,0
2005,6,21,1,9,50,15,.5,0,2,1,0,15
2005,6,21,1,9,50,25.01,.5,0,2,1,0,25.01
2005,6,21,1,9,50,30.01,.5,0,2,1,0,30.01
2005,6,21,1,9,50,40,.5,0,2,1,0,40
2005,6,21,1,9,50,46.8,.5,0,2,1,0,46.8
2005,6,21,2,9,50,0,80.5,0,2,1,0,0
2005,6,21,2,9,50,15,.5,0,2,1,0,15
2005,6,21,2,9,50,25.01,.5,0,2,1,0,25.01
2005,6,21,2,9,50,30.01,.5,0,2,1,0,30.01
2005,6,21,2,9,50,40,.5,0,2,1,0,40
2005,6,21,2,9,50,46.8,.5,0,2,0,0,46.8
2005,6,21,3,9,50,0,80.7,0,2,1,0,0
2005,6,21,3,9,50,15,.5,0,2,1,0,15
2005,6,21,3,9,50,25.01,.5,0,2,1,0,25.01
2005,6,21,3,9,50,30.01,.5,0,2,1,0,30.01
2005,6,21,3,9,50,40,.5,0,2,1,0,40
2005,6,21,3,9,50,46.8,.5,0,2,0,0,46.8
2005,6,21,4,9,50,0,80.7,0,2,1,0,0
2005,6,21,4,9,50,15,.5,0,2,1,0,15
2005,6,21,4,9,50,25.01,.5,0,2,1,0,25.01
2005,6,21,4,9,50,30.01,.5,0,2,1,0,30.01
2005,6,21,4,9,50,40,.5,0,2,0,0,40
2005,6,21,4,9,50,46.8,.5,0,2,0,0,46.8
2005,6,21,5,9,50,0,80.7,0,2,1,0,0
2005,6,21,5,9,50,15,.5,0,2,1,0,15
2005,6,21,5,9,50,25.01,.5,0,2,1,0,25.01
2005,6,21,5,9,50,30.01,.5,0,2,1,0,30.01
2005,6,21,5,9,50,40,.5,0,2,0,0,40
2005,6,21,5,9,50,46.8,.5,0,2,0,0,46.8
2005,6,21,6,9,50,0,81,0,2,1,0,0
2005,6,21,6,9,50,15,.5,0,2,1,0,15
2005,6,21,6,9,50,25.01,.5,0,2,1,0,25.01
2005,6,21,6,9,50,30.01,.5,0,2,1,0,30.01
2005,6,21,6,9,50,40,.5,0,2,0,0,40
2005,6,21,6,9,50,46.8,.5,0,2,0,0,46.8
2005,6,21,7,9,50,0,80.5,0,2,1,0,0
2005,6,21,7,9,50,15,.5,0,2,1,0,15
2005,6,21,7,9,50,25.01,.5,0,2,1,0,25.01
2005,6,21,7,9,50,30.01,.5,0,2,1,0,30.01
2005,6,21,7,9,50,40,.5,0,2,1,0,40
2005,6,21,7,9,50,46.8,.5,0,2,0,0,46.8
2005,6,21,8,9,50,0,80.5,0,2,1,0,0
2005,6,21,8,9,50,15,.5,0,2,1,0,15
2005,6,21,8,9,50,25.01,.5,0,2,1,0,25.01
2005,6,21,8,9,50,30.01,.5,0,2,1,0,30.01
2005,6,21,8,9,50,40,.5,0,2,1,0,40
2005,6,21,8,9,50,46.8,.5,0,2,0,0,46.8
2005,6,21,9,9,50,0,79,0,2,1,0,0
2005,6,21,9,9,50,15,.5,0,2,1,0,15
2005,6,21,9,9,50,25.01,.5,0,2,1,0,25.01
2005,6,21,9,9,50,30.01,.5,0,2,1,0,30.01
2005,6,21,9,9,50,40,.5,0,2,1,0,40
2005,6,21,9,9,50,46.8,.5,0,2,1,0,46.8
2005,6,21,10,9,50,0,79.7,0,2,1,0,0
2005,6,21,10,9,50,15,.5,0,2,1,0,15
2005,6,21,10,9,50,25.01,.5,0,2,1,0,25.01
2005,6,21,10,9,50,30.01,.5,0,2,1,0,30.01
2005,6,21,10,9,50,40,.5,0,2,1,0,40
2005,6,21,10,9,50,46.8,.5,0,2,1,0,46.8
2005,6,21,11,9,50,0,80.3,0,2,1,0,0
2005,6,21,11,9,50,15,.5,0,2,1,0,15
2005,6,21,11,9,50,25.01,.5,0,2,1,0,25.01
2005,6,21,11,9,50,30.01,.5,0,2,1,0,30.01
2005,6,21,11,9,50,40,.5,0,2,1,0,40
2005,6,21,11,9,50,46.8,.5,0,2,1,0,46.8
2005,6,21,12,9,50,0,79.8,0,2,1,0,0
2005,6,21,12,9,50,15,.5,0,2,1,0,15
2005,6,21,12,9,50,25.01,.5,0,2,1,0,25.01
2005,6,21,12,9,50,30.01,.5,0,2,1,0,30.01
2005,6,21,12,9,50,40,.5,0,2,1,0,40
2005,6,21,12,9,50,46.8,.5,0,2,1,0,46.8
2005,6,21,13,9,50,0,79.5,0,2,1,0,0
2005,6,21,13,9,50,15,.5,0,2,1,0,15
2005,6,21,13,9,50,25.01,.5,0,2,1,0,25.01
2005,6,21,13,9,50,30.01,.5,0,2,1,0,30.01
2005,6,21,13,9,50,40,.5,0,2,1,0,40
2005,6,21,13,9,50,46.8,.5,0,2,1,0,46.8
2005,6,21,14,9,50,0,80.6,0,2,1,0,0
2005,6,21,14,9,50,15,.5,0,2,1,0,15
2005,6,21,14,9,50,25.01,.5,0,2,1,0,25.01
2005,6,21,14,9,50,30.01,.5,0,2,1,0,30.01
2005,6,21,14,9,50,40,.5,0,2,1,0,40
2005,6,21,14,9,50,46.8,.5,0,2,1,0,46.8
2005,6,21,15,9,50,0,80.4,0,2,1,0,0
2005,6,21,15,9,50,15,.5,0,2,1,0,15
2005,6,21,15,9,50,25.01,.5,0,2,1,0,25.01
2005,6,21,15,9,50,30.01,.5,0,2,1,0,30.01
2005,6,21,15,9,50,40,.5,0,2,1,0,40
2005,6,21,15,9,50,46.8,.5,0,2,1,0,46.8
2005,6,21,16,9,50,0,80.7,0,2,1,0,0
2005,6,21,16,9,50,15,.5,0,2,1,0,15
2005,6,21,16,9,50,25.01,.5,0,2,1,0,25.01
2005,6,21,16,9,50,30.01,.5,0,2,1,0,30.01
2005,6,21,16,9,50,40,.5,0,2,1,0,40
2005,6,21,16,9,50,46.8,.5,0,2,1,0,46.8
2005,6,21,17,9,50,0,80.9,0,2,1,0,0
2005,6,21,17,9,50,15,.5,0,2,1,0,15
2005,6,21,17,9,50,25.01,.5,0,2,1,0,25.01
2005,6,21,17,9,50,30.01,.5,0,2,1,0,30.01
2005,6,21,17,9,50,40,.5,0,2,1,0,40
2005,6,21,17,9,50,46.8,.5,0,2,1,0,46.8
2005,6,21,18,9,50,0,80.8,0,2,1,0,0
2005,6,21,18,9,50,15,.5,0,2,1,0,15
2005,6,21,18,9,50,25.01,.5,0,2,1,0,25.01
2005,6,21,18,9,50,30.01,.5,0,2,1,0,30.01
2005,6,21,18,9,50,40,.5,0,2,1,0,40
2005,6,21,18,9,50,46.8,.5,0,2,1,0,46.8
2005,6,21,19,9,50,0,80.5,0,2,1,0,0
2005,6,21,19,9,50,15,.5,0,2,1,0,15
2005,6,21,19,9,50,25.01,.5,0,2,1,0,25.01
2005,6,21,19,9,50,30.01,.5,0,2,1,0,30.01
2005,6,21,19,9,50,40,.5,0,2,1,0,40
2005,6,21,19,9,50,46.8,.5,0,2,1,0,46.8
2005,6,21,20,9,50,0,80.5,0,2,1,0,0
2005,6,21,20,9,50,15,.5,0,2,1,0,15
2005,6,21,20,9,50,25.01,.5,0,2,1,0,25.01
2005,6,21,20,9,50,30.01,.5,0,2,1,0,30.01
2005,6,21,20,9,50,40,.5,0,2,1,0,40
2005,6,21,20,9,50,46.8,.5,0,2,1,0,46.8
2005,6,21,21,9,50,0,80.2,0,2,1,0,0
2005,6,21,21,9,50,15,.5,0,2,1,0,15
2005,6,21,21,9,50,25.01,.5,0,2,1,0,25.01
2005,6,21,21,9,50,30.01,.5,0,2,1,0,30.01
2005,6,21,21,9,50,40,.5,0,2,1,0,40
2005,6,21,21,9,50,46.8,.5,0,2,1,0,46.8
2005,6,21,22,9,50,0,79.8,0,2,1,0,0
2005,6,21,22,9,50,15,.5,0,2,1,0,15
2005,6,21,22,9,50,25.01,.5,0,2,1,0,25.01
2005,6,21,22,9,50,30.01,.5,0,2,1,0,30.01
2005,6,21,22,9,50,40,.5,0,2,1,0,40
2005,6,21,22,9,50,46.8,.5,0,2,1,0,46.8
2005,6,21,23,9,50,0,81,0,2,1,0,0
2005,6,21,23,9,50,15,.5,0,2,1,0,15
2005,6,21,23,9,50,25.01,.5,0,2,1,0,25.01
2005,6,21,23,9,50,30.01,.5,0,2,1,0,30.01
2005,6,21,23,9,50,40,.5,0,2,1,0,40
2005,6,21,23,9,50,46.8,.5,0,2,1,0,46.8
2005,6,21,24,9,50,0,80.5,0,2,1,0,0
2005,6,21,24,9,50,15,.5,0,2,1,0,15
2005,6,21,24,9,50,25.01,.5,0,2,1,0,25.01
2005,6,21,24,9,50,30.01,.5,0,2,1,0,30.01
2005,6,21,24,9,50,40,.5,0,2,1,0,40
2005,6,21,24,9,50,46.8,.5,0,2,1,0,46.8
2005,6,21,1,9,51,180.3,25.6,0,1,1,0,180.3
2005,6,21,2,9,51,180.3,24.5,0,1,1,0,180.3
2005,6,21,3,9,51,180.3,23.7,0,1,1,0,180.3
2005,6,21,4,9,51,180.3,23.1,0,1,1,0,180.3
2005,6,21,5,9,51,180.3,23,0,1,1,0,180.3
2005,6,21,6,9,51,180.3,25,0,1,1,0,180.3
2005,6,21,7,9,51,180.3,31.1,0,1,1,0,180.3
2005,6,21,8,9,51,180.3,36,0,1,1,0,180.3
2005,6,21,9,9,51,180.3,25.9,0,1,1,0,180.3
2005,6,21,1,9,52,180.3,2.1,0,1,1,0,180.3
2005,6,21,2,9,52,180.3,1.9,0,1,1,0,180.3
2005,6,21,3,9,52,180.3,1.8,0,1,1,0,180.3
2005,6,21,4,9,52,180.3,1.8,0,1,1,0,180.3
2005,6,21,5,9,52,180.3,1.7,0,1,1,0,180.3
2005,6,21,6,9,52,180.3,1.7,0,1,1,0,180.3
2005,6,21,7,9,52,180.3,1.8,0,1,1,0,180.3
2005,6,21,8,9,52,180.3,2.2,0,1,1,0,180.3
2005,6,21,9,9,52,180.3,2.7,0,1,1,0,180.3
2005,6,21,1,9,53,180.3,9.8,0,1,1,0,180.3
2005,6,21,2,9,53,180.3,8.8,0,1,1,0,180.3
2005,6,21,3,9,53,180.3,8,0,1,1,0,180.3
2005,6,21,4,9,53,180.3,5.8,0,1,1,0,180.3
2005,6,21,5,9,53,180.3,7.2,0,1,1,0,180.3
2005,6,21,6,9,53,180.3,12.2,0,1,1,0,180.3
2005,6,21,7,9,53,180.3,19.2,0,1,1,0,180.3
2005,6,21,8,9,53,180.3,27.9,0,1,1,0,180.3
2005,6,21,9,9,53,180.3,29.8,0,1,1,0,180.3
2005,6,21,10,9,54,0,338.1,0,2,1,0,0
2005,6,21,11,9,54,0,336.2,0,2,1,0,0
2005,6,21,12,9,54,0,335.6,0,2,1,0,0
2005,6,21,13,9,54,0,339.1,0,2,1,0,0
2005,6,21,14,9,54,0,339.3,0,2,1,0,0
2005,6,21,15,9,54,0,343.6,0,2,1,0,0
2005,6,21,16,9,54,0,322.3,0,2,1,0,0
2005,6,21,17,9,54,0,322,0,2,1,0,0
2005,6,21,18,9,54,0,321.7,0,2,1,0,0
2005,6,21,19,9,54,0,321.2,0,2,1,0,0
2005,6,21,20,9,54,0,321,0,2,1,0,0
2005,6,21,21,9,54,0,333.3,0,2,1,0,0
2005,6,21,22,9,54,0,335.4,0,2,1,0,0
2005,6,21,23,9,54,0,336.8,0,2,1,0,0
2005,6,21,24,9,54,0,337.9,0,2,1,0,0
2005,6,21,1,9,55,0,24.9,0,2,1,0,0
2005,6,21,2,9,55,0,25.1,0,2,1,0,0
2005,6,21,3,9,55,0,25.1,0,2,1,0,0
2005,6,21,4,9,55,0,25,0,2,1,0,0
2005,6,21,5,9,55,0,25,0,2,1,0,0
2005,6,21,6,9,55,0,25,0,2,1,0,0
2005,6,21,7,9,55,0,25.1,0,2,1,0,0
2005,6,21,8,9,55,0,25.2,0,2,1,0,0
2005,6,21,9,9,55,0,25.3,0,2,1,0,0
2005,6,21,10,9,55,0,25,0,2,1,0,0
2005,6,21,11,9,55,0,24.7,0,2,1,0,0
2005,6,21,12,9,55,0,24.4,0,2,1,0,0
2005,6,21,13,9,55,0,24.2,0,2,1,0,0
2005,6,21,14,9,55,0,23.9,0,2,1,0,0
2005,6,21,15,9,55,0,23.8,0,2,1,0,0
2005,6,21,16,9,55,0,23.8,0,2,1,0,0
2005,6,21,17,9,55,0,24,0,2,1,0,0
2005,6,21,18,9,55,0,24,0,2,1,0,0
2005,6,21,19,9,55,0,24.2,0,2,1,0,0
2005,6,21,20,9,55,0,24.2,0,2,1,0,0
2005,6,21,21,9,55,0,24.1,0,2,1,0,0
2005,6,21,22,9,55,0,24.4,0,2,1,0,0
2005,6,21,23,9,55,0,24.5,0,2,1,0,0
2005,6,21,24,9,55,0,24.6,0,2,1,0,0
2005,6,21,1,9,56,0,1.3,0,2,1,0,0
2005,6,21,2,9,56,0,1.3,0,2,1,0,0
2005,6,21,3,9,56,0,1.3,0,2,1,0,0
2005,6,21,4,9,56,0,1.3,0,2,1,0,0
2005,6,21,5,9,56,0,1.3,0,2,1,0,0
2005,6,21,6,9,56,0,1.2,0,2,1,0,0
2005,6,21,7,9,56,0,.8,0,2,1,0,0
2005,6,21,8,9,56,0,.7,0,2,1,0,0
2005,6,21,9,9,56,0,.6,0,2,1,0,0
2005,6,21,10,9,56,0,.5,0,2,1,0,0
2005,6,21,11,9,56,0,.4,0,2,1,0,0
2005,6,21,12,9,56,0,.4,0,2,1,0,0
2005,6,21,13,9,56,0,.4,0,2,1,0,0
2005,6,21,14,9,56,0,.4,0,2,1,0,0
2005,6,21,15,9,56,0,.4,0,2,1,0,0
2005,6,21,16,9,56,0,.4,0,2,1,0,0
2005,6,21,17,9,56,0,.4,0,2,1,0,0
2005,6,21,18,9,56,0,.4,0,2,1,0,0
2005,6,21,19,9,56,0,.3,0,2,1,0,0
2005,6,21,20,9,56,0,.3,0,2,1,0,0
2005,6,21,21,9,56,0,.5,0,2,1,0,0
2005,6,21,22,9,56,0,1,0,2,1,0,0
2005,6,21,23,9,56,0,1.2,0,2,1,0,0
2005,6,21,24,9,56,0,1.2,0,2,1,0,0
2005,6,21,1,9,57,0,7,0,2,1,0,0
2005,6,21,1,9,57,180.3,55,0,2,0,0,180.3
2005,6,21,2,9,57,0,7,0,2,1,0,0
2005,6,21,2,9,57,180.3,55,0,2,0,0,180.3
2005,6,21,3,9,57,0,7,0,2,1,0,0
2005,6,21,3,9,57,180.3,55,0,2,0,0,180.3
2005,6,21,4,9,57,0,7,0,2,1,0,0
2005,6,21,4,9,57,180.3,55,0,2,0,0,180.3
2005,6,21,5,9,57,0,7,0,2,1,0,0
2005,6,21,5,9,57,180.3,55,0,2,0,0,180.3
2005,6,21,6,9,57,0,7,0,2,1,0,0
2005,6,21,6,9,57,180.3,55,0,2,0,0,180.3
2005,6,21,7,9,57,0,7,0,2,1,0,0
2005,6,21,7,9,57,180.3,55,0,2,0,0,180.3
2005,6,21,8,9,57,0,7,0,2,1,0,0
2005,6,21,8,9,57,180.3,55,0,2,0,0,180.3
2005,6,21,9,9,57,0,7,0,2,1,0,0
2005,6,21,9,9,57,180.3,55,0,2,0,0,180.3
2005,6,21,10,9,57,0,7,0,2,1,0,0
2005,6,21,10,9,57,180.3,55,0,2,0,0,180.3
2005,6,21,11,9,57,0,7,0,2,1,0,0
2005,6,21,11,9,57,180.3,55,0,2,0,0,180.3
2005,6,21,12,9,57,0,7,0,2,1,0,0
2005,6,21,12,9,57,180.3,55,0,2,0,0,180.3
2005,6,21,13,9,57,0,7,0,2,1,0,0
2005,6,21,13,9,57,180.3,55,0,2,0,0,180.3
2005,6,21,14,9,57,0,7,0,2,1,0,0
2005,6,21,14,9,57,180.3,55,0,2,0,0,180.3
2005,6,21,15,9,57,0,7,0,2,1,0,0
2005,6,21,15,9,57,180.3,55,0,2,0,0,180.3
2005,6,21,16,9,57,0,7,0,2,1,0,0
2005,6,21,16,9,57,180.3,55,0,2,0,0,180.3
2005,6,21,17,9,57,0,7,0,2,1,0,0
2005,6,21,17,9,57,180.3,55,0,2,0,0,180.3
2005,6,21,18,9,57,0,7,0,2,1,0,0
2005,6,21,18,9,57,180.3,55,0,2,0,0,180.3
2005,6,21,19,9,57,0,7,0,2,1,0,0
2005,6,21,19,9,57,180.3,55,0,2,0,0,180.3
2005,6,21,20,9,57,0,7,0,2,1,0,0
2005,6,21,20,9,57,180.3,55,0,2,0,0,180.3
2005,6,21,21,9,57,0,7,0,2,1,0,0
2005,6,21,21,9,57,180.3,55,0,2,0,0,180.3
2005,6,21,22,9,57,0,7,0,2,1,0,0
2005,6,21,22,9,57,180.3,55,0,2,0,0,180.3
2005,6,21,23,9,57,0,7,0,2,1,0,0
2005,6,21,23,9,57,180.3,55,0,2,0,0,180.3
2005,6,21,24,9,57,0,7,0,2,1,0,0
2005,6,21,24,9,57,180.3,55,0,2,0,0,180.3
2005,6,21,1,9,58,0,60,0,2,1,0,0
2005,6,21,2,9,58,0,60,0,2,1,0,0
2005,6,21,3,9,58,0,60,0,2,1,0,0
2005,6,21,4,9,58,0,60,0,2,1,0,0
2005,6,21,5,9,58,0,60,0,2,1,0,0
2005,6,21,6,9,58,0,60,0,2,1,0,0
2005,6,21,7,9,58,0,60,0,2,1,0,0
2005,6,21,8,9,58,0,60,0,2,1,0,0
2005,6,21,9,9,58,0,59,0,2,1,0,0
2005,6,21,10,9,58,0,59,0,2,1,0,0
2005,6,21,11,9,58,0,59,0,2,1,0,0
2005,6,21,12,9,58,0,59,0,2,1,0,0
2005,6,21,13,9,58,0,59,0,2,1,0,0
2005,6,21,14,9,58,0,59,0,2,1,0,0
2005,6,21,15,9,58,0,59,0,2,1,0,0
2005,6,21,16,9,58,0,59,0,2,1,0,0
2005,6,21,17,9,58,0,59,0,2,1,0,0
2005,6,21,18,9,58,0,59,0,2,1,0,0
2005,6,21,19,9,58,0,59,0,2,1,0,0
2005,6,21,20,9,58,0,60,0,2,1,0,0
2005,6,21,21,9,58,0,60,0,2,1,0,0
2005,6,21,22,9,58,0,60,0,2,1,0,0
2005,6,21,23,9,58,0,60,0,2,1,0,0
2005,6,21,24,9,58,0,60,0,2,1,0,0
2005,6,21,1,9,59,0,8.5,0,2,1,0,0
2005,6,21,2,9,59,0,8.6,0,2,1,0,0
2005,6,21,3,9,59,0,8.7,0,2,1,0,0
2005,6,21,4,9,59,0,8.8,0,2,1,0,0
2005,6,21,5,9,59,0,8.9,0,2,1,0,0
2005,6,21,6,9,59,0,9,0,2,1,0,0
2005,6,21,7,9,59,0,9.1,0,2,1,0,0
2005,6,21,8,9,59,0,8.9,0,2,1,0,0
2005,6,21,9,9,59,0,7.4,0,2,1,0,0
2005,6,21,10,9,59,0,7.9,0,2,1,0,0
2005,6,21,11,9,59,0,7.8,0,2,1,0,0
2005,6,21,12,9,59,0,8.1,0,2,1,0,0
2005,6,21,13,9,59,0,8,0,2,1,0,0
2005,6,21,14,9,59,0,8,0,2,1,0,0
2005,6,21,15,9,59,0,8,0,2,1,0,0
2005,6,21,16,9,59,0,8,0,2,1,0,0
2005,6,21,17,9,59,0,7.9,0,2,1,0,0
2005,6,21,18,9,59,0,7.8,0,2,1,0,0
2005,6,21,19,9,59,0,7.8,0,2,1,0,0
2005,6,21,20,9,59,0,8.1,0,2,1,0,0
2005,6,21,21,9,59,0,8.3,0,2,1,0,0
2005,6,21,22,9,59,0,8.4,0,2,1,0,0
2005,6,21,23,9,59,0,8.4,0,2,1,0,0
2005,6,21,24,9,59,0,8.5,0,2,1,0,0
2005,6,21,1,9,60,0,17,0,2,1,0,0
2005,6,21,2,9,60,0,17,0,2,1,0,0
2005,6,21,3,9,60,0,17,0,2,1,0,0
2005,6,21,4,9,60,0,17,0,2,1,0,0
2005,6,21,5,9,60,0,17,0,2,1,0,0
2005,6,21,6,9,60,0,17,0,2,1,0,0
2005,6,21,7,9,60,0,17,0,2,1,0,0
2005,6,21,8,9,60,0,17,0,2,1,0,0
2005,6,21,9,9,60,0,17,0,2,1,0,0
2005,6,21,10,9,60,0,17,0,2,1,0,0
2005,6,21,11,9,60,0,17,0,2,1,0,0
2005,6,21,12,9,60,0,17,0,2,1,0,0
2005,6,21,13,9,60,0,17,0,2,1,0,0
2005,6,21,14,9,60,0,17,0,2,1,0,0
2005,6,21,15,9,60,0,17,0,2,1,0,0
2005,6,21,16,9,60,0,17,0,2,1,0,0
2005,6,21,17,9,60,0,17,0,2,1,0,0
2005,6,21,18,9,60,0,17,0,2,1,0,0
2005,6,21,19,9,60,0,17,0,2,1,0,0
2005,6,21,20,9,60,0,17,0,2,1,0,0
2005,6,21,21,9,60,0,17,0,2,1,0,0
2005,6,21,22,9,60,0,17,0,2,1,0,0
2005,6,21,23,9,60,0,17,0,2,1,0,0
2005,6,21,24,9,60,0,17,0,2,1,0,0
2005,6,21,1,9,61,0,90,0,2,1,0,0
2005,6,21,1,9,61,180.3,3.6,0,2,0,0,180.3
2005,6,21,2,9,61,0,90,0,2,1,0,0
2005,6,21,2,9,61,180.3,3.6,0,2,0,0,180.3
2005,6,21,3,9,61,0,90,0,2,1,0,0
2005,6,21,3,9,61,180.3,3.6,0,2,0,0,180.3
2005,6,21,4,9,61,0,90,0,2,1,0,0
2005,6,21,4,9,61,180.3,3.6,0,2,0,0,180.3
2005,6,21,5,9,61,0,90,0,2,1,0,0
2005,6,21,5,9,61,180.3,3.6,0,2,0,0,180.3
2005,6,21,6,9,61,0,90,0,2,1,0,0
2005,6,21,6,9,61,180.3,3.6,0,2,0,0,180.3
2005,6,21,7,9,61,0,90,0,2,1,0,0
2005,6,21,7,9,61,180.3,3.6,0,2,0,0,180.3
2005,6,21,8,9,61,0,90,0,2,1,0,0
2005,6,21,8,9,61,180.3,3.6,0,2,0,0,180.3
2005,6,21,9,9,61,0,90,0,2,1,0,0
2005,6,21,9,9,61,180.3,3.6,0,2,0,0,180.3
2005,6,21,10,9,61,0,90,0,2,1,0,0
2005,6,21,10,9,61,180.3,3.6,0,2,0,0,180.3
2005,6,21,11,9,61,0,90,0,2,1,0,0
2005,6,21,11,9,61,180.3,3.6,0,2,0,0,180.3
2005,6,21,12,9,61,0,90,0,2,1,0,0
2005,6,21,12,9,61,180.3,3.6,0,2,0,0,180.3
2005,6,21,13,9,61,0,90,0,2,1,0,0
2005,6,21,13,9,61,180.3,3.6,0,2,0,0,180.3
2005,6,21,14,9,61,0,90,0,2,1,0,0
2005,6,21,14,9,61,180.3,3.6,0,2,0,0,180.3
2005,6,21,15,9,61,0,90,0,2,1,0,0
2005,6,21,15,9,61,180.3,3.6,0,2,0,0,180.3
2005,6,21,16,9,61,0,90,0,2,1,0,0
2005,6,21,16,9,61,180.3,3.6,0,2,0,0,180.3
2005,6,21,17,9,61,0,90,0,2,1,0,0
2005,6,21,17,9,61,180.3,3.6,0,2,0,0,180.3
2005,6,21,18,9,61,0,90,0,2,1,0,0
2005,6,21,18,9,61,180.3,3.6,0,2,0,0,180.3
2005,6,21,19,9,61,0,90,0,2,1,0,0
2005,6,21,19,9,61,180.3,3.6,0,2,0,0,180.3
2005,6,21,20,9,61,0,90,0,2,1,0,0
2005,6,21,20,9,61,180.3,3.6,0,2,0,0,180.3
2005,6,21,21,9,61,0,90,0,2,1,0,0
2005,6,21,21,9,61,180.3,3.6,0,2,0,0,180.3
2005,6,21,22,9,61,0,90,0,2,1,0,0
2005,6,21,22,9,61,180.3,3.6,0,2,0,0,180.3
2005,6,21,23,9,61,0,90,0,2,1,0,0
2005,6,21,23,9,61,180.3,3.6,0,2,0,0,180.3
2005,6,21,24,9,61,0,90,0,2,1,0,0
2005,6,21,24,9,61,180.3,3.6,0,2,0,0,180.3
2005,6,21,1,2,1033,1,40,.739024,2,1,0,1
2005,6,21,1,2,1033,60.01,102,.739024,2,0,0,82.264604
2005,6,21,1,2,1033,120.02,2,.739024,2,0,0,120.02
2005,6,21,2,2,1033,1,40,.739024,2,1,0,1
2005,6,21,2,2,1033,60.01,102,.739024,2,0,0,82.264604
2005,6,21,2,2,1033,120.02,2,.739024,2,0,0,120.02
2005,6,21,3,2,1033,1,40,.739024,2,1,0,1
2005,6,21,3,2,1033,60.01,102,.739024,2,0,0,82.264604
2005,6,21,3,2,1033,120.02,2,.739024,2,0,0,120.02
2005,6,21,4,2,1033,1,40,.739024,2,1,0,1
2005,6,21,4,2,1033,60.01,102,.739024,2,0,0,82.264604
2005,6,21,4,2,1033,120.02,2,.739024,2,0,0,120.02
2005,6,21,5,2,1033,1,40,.739024,2,1,0,1
2005,6,21,5,2,1033,60.01,102,.739024,2,0,0,82.264604
2005,6,21,5,2,1033,120.02,2,.739024,2,0,0,120.02
2005,6,21,6,2,1033,1,40,.739024,2,1,0,1
2005,6,21,6,2,1033,60.01,102,.739024,2,0,0,82.264604
2005,6,21,6,2,1033,120.02,2,.739024,2,0,0,120.02
2005,6,21,7,2,1033,1,40,.739024,2,1,0,1
2005,6,21,7,2,1033,60.01,102,.739024,2,0,0,82.264604
2005,6,21,7,2,1033,120.02,2,.739024,2,0,0,120.02
2005,6,21,8,2,1033,1,40,.739024,2,1,0,1
2005,6,21,8,2,1033,60.01,102,.739024,2,0,0,82.264604
2005,6,21,8,2,1033,120.02,2,.739024,2,0,0,120.02
2005,6,21,9,2,1033,1,40,.739024,2,1,0,1
2005,6,21,9,2,1033,60.01,102,.739024,2,1,0,82.264604
2005,6,21,9,2,1033,120.02,2,.739024,2,0,0,120.02
2005,6,21,10,2,1033,1,40,.739024,2,1,0,1
2005,6,21,10,2,1033,60.01,102,.739024,2,1,0,82.264604
2005,6,21,10,2,1033,120.02,2,.739024,2,0,0,120.02
2005,6,21,11,2,1033,1,40,.739024,2,1,0,1
2005,6,21,11,2,1033,60.01,102,.739024,2,1,0,82.264604
2005,6,21,11,2,1033,120.02,2,.739024,2,0,0,120.02
2005,6,21,12,2,1033,1,40,.739024,2,1,0,1
2005,6,21,12,2,1033,60.01,102,.739024,2,1,0,82.264604
2005,6,21,12,2,1033,120.02,2,.739024,2,0,0,120.02
2005,6,21,13,2,1033,1,40,.739024,2,1,0,1
2005,6,21,13,2,1033,60.01,102,.739024,2,1,0,82.264604
2005,6,21,13,2,1033,120.02,2,.739024,2,0,0,120.02
2005,6,21,14,2,1033,1,40,.739024,2,1,0,1
2005,6,21,14,2,1033,60.01,102,.739024,2,1,0,82.264604
2005,6,21,14,2,1033,120.02,2,.739024,2,0,0,120.02
2005,6,21,15,2,1033,1,40,.739024,2,1,0,1
2005,6,21,15,2,1033,60.01,102,.739024,2,1,0,82.264604
2005,6,21,15,2,1033,120.02,2,.739024,2,0,0,120.02
2005,6,21,16,2,1033,1,40,.739024,2,1,0,1
2005,6,21,16,2,1033,60.01,102,.739024,2,1,0,82.264604
2005,6,21,16,2,1033,120.02,2,.739024,2,0,0,120.02
2005,6,21,17,2,1033,1,40,.739024,2,1,0,1
2005,6,21,17,2,1033,60.01,102,.739024,2,1,0,82.264604
2005,6,21,17,2,1033,120.02,2,.739024,2,0,0,120.02
2005,6,21,18,2,1033,1,40,.739024,2,1,0,1
2005,6,21,18,2,1033,60.01,102,.739024,2,1,0,82.264604
2005,6,21,18,2,1033,120.02,2,.739024,2,0,0,120.02
2005,6,21,19,2,1033,1,40,.739024,2,1,0,1
2005,6,21,19,2,1033,60.01,102,.739024,2,1,0,82.264604
2005,6,21,19,2,1033,120.02,2,.739024,2,0,0,120.02
2005,6,21,20,2,1033,1,40,.739024,2,1,0,1
2005,6,21,20,2,1033,60.01,102,.739024,2,1,0,82.264604
2005,6,21,20,2,1033,120.02,2,.739024,2,0,0,120.02
2005,6,21,21,2,1033,1,40,.739024,2,1,0,1
2005,6,21,21,2,1033,60.01,102,.739024,2,1,0,82.264604
2005,6,21,21,2,1033,120.02,2,.739024,2,0,0,120.02
2005,6,21,22,2,1033,1,40,.739024,2,1,0,1
2005,6,21,22,2,1033,60.01,102,.739024,2,1,0,82.264604
2005,6,21,22,2,1033,120.02,2,.739024,2,0,0,120.02
2005,6,21,23,2,1033,1,40,.739024,2,1,0,1
2005,6,21,23,2,1033,60.01,102,.739024,2,1,0,82.264604
2005,6,21,23,2,1033,120.02,2,.739024,2,0,0,120.02
2005,6,21,24,2,1033,1,40,.739024,2,1,0,1
2005,6,21,24,2,1033,60.01,102,.739024,2,1,0,82.264604
2005,6,21,24,2,1033,120.02,2,.739024,2,0,0,120.02
2005,6,21,1,9,63,0,8.8,0,2,1,0,0
2005,6,21,2,9,63,0,8.8,0,2,1,0,0
2005,6,21,3,9,63,0,8.8,0,2,1,0,0
2005,6,21,4,9,63,0,8.8,0,2,1,0,0
2005,6,21,5,9,63,0,8.8,0,2,1,0,0
2005,6,21,6,9,63,0,8.8,0,2,1,0,0
2005,6,21,7,9,63,0,8.8,0,2,1,0,0
2005,6,21,8,9,63,0,8.6,0,2,1,0,0
2005,6,21,9,9,63,0,8.7,0,2,1,0,0
2005,6,21,10,9,63,0,8.4,0,2,1,0,0
2005,6,21,11,9,63,0,7.8,0,2,1,0,0
2005,6,21,12,9,63,0,8,0,2,1,0,0
2005,6,21,13,9,63,0,8.2,0,2,1,0,0
2005,6,21,14,9,63,0,8.2,0,2,1,0,0
2005,6,21,15,9,63,0,8.4,0,2,1,0,0
2005,6,21,16,9,63,0,8.1,0,2,1,0,0
2005,6,21,17,9,63,0,8.1,0,2,1,0,0
2005,6,21,18,9,63,0,8.3,0,2,1,0,0
2005,6,21,19,9,63,0,8.3,0,2,1,0,0
2005,6,21,20,9,63,0,8.5,0,2,1,0,0
2005,6,21,21,9,63,0,8.7,0,2,1,0,0
2005,6,21,22,9,63,0,8.8,0,2,1,0,0
2005,6,21,23,9,63,0,8.8,0,2,1,0,0
2005,6,21,24,9,63,0,8.8,0,2,1,0,0
2005,6,21,1,2,1036,0,179,.93876,2,1,0,0
2005,6,21,1,2,1036,37.5,20.1,.93876,2,1,0,42.446986
2005,6,21,1,2,1036,37.57,20.1,.93876,2,1,0,42.446986
2005,6,21,1,2,1036,37.63,20.1,.93876,2,1,0,42.446986
2005,6,21,1,2,1036,37.7,20.1,.93876,2,1,0,42.446986
2005,6,21,1,2,1036,37.77,20.1,.93876,2,1,0,42.446986
2005,6,21,1,2,1036,37.83,20.1,.93876,2,1,0,42.446986
2005,6,21,1,2,1036,37.9,20.4,.93876,2,1,0,42.446986
2005,6,21,1,2,1036,120.08,21.1,.93876,2,0,0,120.08
2005,6,21,2,2,1036,0,179,.93876,2,1,0,0
2005,6,21,2,2,1036,38.24,20.1,.93876,2,1,0,42.446986
2005,6,21,2,2,1036,38.31,20.1,.93876,2,1,0,42.446986
2005,6,21,2,2,1036,38.37,20.1,.93876,2,1,0,42.446986
2005,6,21,2,2,1036,38.43,20.1,.93876,2,1,0,42.446986
2005,6,21,2,2,1036,38.5,20.1,.93876,2,1,0,42.446986
2005,6,21,2,2,1036,38.56,20.1,.93876,2,1,0,42.446986
2005,6,21,2,2,1036,38.63,20.4,.93876,2,1,0,42.446986
2005,6,21,2,2,1036,120.08,21.1,.93876,2,0,0,120.08
2005,6,21,3,2,1036,0,164,.93876,2,1,0,0
2005,6,21,3,2,1036,11.01,15,.93876,2,1,0,42.446986
2005,6,21,3,2,1036,38.35,20.1,.93876,2,1,0,42.446986
2005,6,21,3,2,1036,38.41,20.1,.93876,2,1,0,42.446986
2005,6,21,3,2,1036,38.48,20.1,.93876,2,1,0,42.446986
2005,6,21,3,2,1036,38.54,20.1,.93876,2,1,0,42.446986
2005,6,21,3,2,1036,38.6,20.1,.93876,2,1,0,42.446986
2005,6,21,3,2,1036,38.67,20.1,.93876,2,1,0,42.446986
2005,6,21,3,2,1036,38.73,20.4,.93876,2,1,0,42.446986
2005,6,21,3,2,1036,120.09,21.1,.93876,2,0,0,120.09
2005,6,21,4,2,1036,0,164,.93876,2,1,0,0
2005,6,21,4,2,1036,11.01,15,.93876,2,1,0,42.446986
2005,6,21,4,2,1036,38.54,20.1,.93876,2,1,0,42.446986
2005,6,21,4,2,1036,38.6,20.1,.93876,2,1,0,42.446986
2005,6,21,4,2,1036,38.67,20.1,.93876,2,1,0,42.446986
2005,6,21,4,2,1036,38.73,20.1,.93876,2,1,0,42.446986
2005,6,21,4,2,1036,38.8,20.1,.93876,2,1,0,42.446986
2005,6,21,4,2,1036,38.86,17,.93876,2,1,0,42.446986
2005,6,21,4,2,1036,38.93,20.4,.93876,2,0,0,42.446986
2005,6,21,4,2,1036,120.09,21.1,.93876,2,0,0,120.09
2005,6,21,5,2,1036,0,164,.93876,2,1,0,0
2005,6,21,5,2,1036,11.01,15,.93876,2,1,0,42.446986
2005,6,21,5,2,1036,38.7,10.4,.93876,2,1,0,42.446986
2005,6,21,5,2,1036,38.77,20.1,.93876,2,0,0,42.446986
2005,6,21,5,2,1036,38.83,20.1,.93876,2,0,0,42.446986
2005,6,21,5,2,1036,38.9,20.1,.93876,2,0,0,42.446986
2005,6,21,5,2,1036,38.96,20.1,.93876,2,0,0,42.446986
2005,6,21,5,2,1036,39.03,20.1,.93876,2,0,0,42.446986
2005,6,21,5,2,1036,39.09,20.4,.93876,2,0,0,42.446986
2005,6,21,5,2,1036,120.09,21.1,.93876,2,0,0,120.09
2005,6,21,6,2,1036,0,164,.93876,2,1,0,0
2005,6,21,6,2,1036,11.01,15,.93876,2,1,0,42.446986
2005,6,21,6,2,1036,38.57,20.1,.93876,2,1,0,42.446986
2005,6,21,6,2,1036,38.64,20.1,.93876,2,1,0,42.446986
2005,6,21,6,2,1036,38.7,20.1,.93876,2,0,0,42.446986
2005,6,21,6,2,1036,38.77,20.1,.93876,2,0,0,42.446986
2005,6,21,6,2,1036,38.83,20.1,.93876,2,0,0,42.446986
2005,6,21,6,2,1036,38.89,20.1,.93876,2,0,0,42.446986
2005,6,21,6,2,1036,38.96,20.4,.93876,2,0,0,42.446986
2005,6,21,6,2,1036,120.09,21.1,.93876,2,0,0,120.09
2005,6,21,7,2,1036,0,164,.93876,2,1,0,0
2005,6,21,7,2,1036,11.01,15,.93876,2,1,0,42.446986
2005,6,21,7,2,1036,38.37,20.1,.93876,2,1,0,42.446986
2005,6,21,7,2,1036,38.43,20.1,.93876,2,1,0,42.446986
2005,6,21,7,2,1036,38.49,20.1,.93876,2,1,0,42.446986
2005,6,21,7,2,1036,38.56,20.1,.93876,2,1,0,42.446986
2005,6,21,7,2,1036,38.62,20.1,.93876,2,1,0,42.446986
2005,6,21,7,2,1036,38.68,20.1,.93876,2,1,0,42.446986
2005,6,21,7,2,1036,38.75,20.4,.93876,2,1,0,42.446986
2005,6,21,7,2,1036,120.09,21.1,.93876,2,0,0,120.09
2005,6,21,8,2,1036,0,179,.93876,2,1,0,0
2005,6,21,8,2,1036,38.01,20.1,.93876,2,1,0,42.446986
2005,6,21,8,2,1036,38.08,20.1,.93876,2,1,0,42.446986
2005,6,21,8,2,1036,38.14,20.1,.93876,2,1,0,42.446986
2005,6,21,8,2,1036,38.21,20.1,.93876,2,1,0,42.446986
2005,6,21,8,2,1036,38.28,20.1,.93876,2,1,0,42.446986
2005,6,21,8,2,1036,38.34,20.1,.93876,2,1,0,42.446986
2005,6,21,8,2,1036,38.41,20.4,.93876,2,1,0,42.446986
2005,6,21,8,2,1036,120.08,21.1,.93876,2,0,0,120.08
2005,6,21,9,2,1036,0,179,.93876,2,1,0,0
2005,6,21,9,2,1036,36.81,20.1,.93876,2,1,0,42.446986
2005,6,21,9,2,1036,36.88,20.1,.93876,2,1,0,42.446986
2005,6,21,9,2,1036,36.94,20.1,.93876,2,1,0,42.446986
2005,6,21,9,2,1036,37,20.1,.93876,2,1,0,42.446986
2005,6,21,9,2,1036,37.07,20.1,.93876,2,1,0,42.446986
2005,6,21,9,2,1036,37.13,20.1,.93876,2,1,0,42.446986
2005,6,21,9,2,1036,37.2,20.4,.93876,2,1,0,42.446986
2005,6,21,9,2,1036,120.08,21.1,.93876,2,0,0,120.08
2005,6,21,10,2,1036,0,179,.93876,2,1,0,0
2005,6,21,10,2,1036,36.54,20.1,.93876,2,1,0,42.446986
2005,6,21,10,2,1036,36.6,20.1,.93876,2,1,0,42.446986
2005,6,21,10,2,1036,36.67,20.1,.93876,2,1,0,42.446986
2005,6,21,10,2,1036,36.74,20.1,.93876,2,1,0,42.446986
2005,6,21,10,2,1036,36.8,20.1,.93876,2,1,0,42.446986
2005,6,21,10,2,1036,36.87,20.1,.93876,2,1,0,42.446986
2005,6,21,10,2,1036,36.94,20.4,.93876,2,1,0,42.446986
2005,6,21,10,2,1036,120.08,21.1,.93876,2,0,0,120.08
2005,6,21,11,2,1036,0,179,.93876,2,1,0,0
2005,6,21,11,2,1036,36.4,20.1,.93876,2,1,0,42.446986
2005,6,21,11,2,1036,36.47,20.1,.93876,2,1,0,42.446986
2005,6,21,11,2,1036,36.54,20.1,.93876,2,1,0,42.446986
2005,6,21,11,2,1036,36.61,20.1,.93876,2,1,0,42.446986
2005,6,21,11,2,1036,36.68,20.1,.93876,2,1,0,42.446986
2005,6,21,11,2,1036,36.75,20.1,.93876,2,1,0,42.446986
2005,6,21,11,2,1036,36.82,20.4,.93876,2,1,0,42.446986
2005,6,21,11,2,1036,120.08,21.1,.93876,2,0,0,120.08
2005,6,21,12,2,1036,0,179,.93876,2,1,0,0
2005,6,21,12,2,1036,36.4,20.1,.93876,2,1,0,42.446986
2005,6,21,12,2,1036,36.47,20.1,.93876,2,1,0,42.446986
2005,6,21,12,2,1036,36.53,20.1,.93876,2,1,0,42.446986
2005,6,21,12,2,1036,36.6,20.1,.93876,2,1,0,42.446986
2005,6,21,12,2,1036,36.67,20.1,.93876,2,1,0,42.446986
2005,6,21,12,2,1036,36.74,20.1,.93876,2,1,0,42.446986
2005,6,21,12,2,1036,36.81,20.4,.93876,2,1,0,42.446986
2005,6,21,12,2,1036,120.08,21.1,.93876,2,0,0,120.08
2005,6,21,13,2,1036,0,179,.93876,2,1,0,0
2005,6,21,13,2,1036,35.76,20.1,.93876,2,1,0,42.446986
2005,6,21,13,2,1036,35.83,20.1,.93876,2,1,0,42.446986
2005,6,21,13,2,1036,35.9,20.1,.93876,2,1,0,42.446986
2005,6,21,13,2,1036,35.96,20.1,.93876,2,1,0,42.446986
2005,6,21,13,2,1036,36.03,20.1,.93876,2,1,0,42.446986
2005,6,21,13,2,1036,36.1,20.1,.93876,2,1,0,42.446986
2005,6,21,13,2,1036,36.17,20.4,.93876,2,1,0,42.446986
2005,6,21,13,2,1036,120.08,21.1,.93876,2,0,0,120.08
2005,6,21,14,2,1036,0,179,.93876,2,1,0,0
2005,6,21,14,2,1036,35.77,20.1,.93876,2,1,0,42.446986
2005,6,21,14,2,1036,35.83,20.1,.93876,2,1,0,42.446986
2005,6,21,14,2,1036,35.9,20.1,.93876,2,1,0,42.446986
2005,6,21,14,2,1036,35.97,20.1,.93876,2,1,0,42.446986
2005,6,21,14,2,1036,36.03,20.1,.93876,2,1,0,42.446986
2005,6,21,14,2,1036,36.1,20.1,.93876,2,1,0,42.446986
2005,6,21,14,2,1036,36.17,20.4,.93876,2,1,0,42.446986
2005,6,21,14,2,1036,120.08,21.1,.93876,2,0,0,120.08
2005,6,21,15,2,1036,0,179,.93876,2,1,0,0
2005,6,21,15,2,1036,35.58,20.1,.93876,2,1,0,42.446986
2005,6,21,15,2,1036,35.64,20.1,.93876,2,1,0,42.446986
2005,6,21,15,2,1036,35.7,20.1,.93876,2,1,0,42.446986
2005,6,21,15,2,1036,35.77,20.1,.93876,2,1,0,42.446986
2005,6,21,15,2,1036,35.83,20.1,.93876,2,1,0,42.446986
2005,6,21,15,2,1036,35.89,20.1,.93876,2,1,0,42.446986
2005,6,21,15,2,1036,35.96,20.4,.93876,2,1,0,42.446986
2005,6,21,15,2,1036,120.08,21.1,.93876,2,0,0,120.08
2005,6,21,16,2,1036,0,179,.93876,2,1,0,0
2005,6,21,16,2,1036,35.2,20.1,.93876,2,1,0,42.446986
2005,6,21,16,2,1036,35.26,20.1,.93876,2,1,0,42.446986
2005,6,21,16,2,1036,35.33,20.1,.93876,2,1,0,42.446986
2005,6,21,16,2,1036,35.39,20.1,.93876,2,1,0,42.446986
2005,6,21,16,2,1036,35.45,20.1,.93876,2,1,0,42.446986
2005,6,21,16,2,1036,35.51,20.1,.93876,2,1,0,42.446986
2005,6,21,16,2,1036,35.58,20.4,.93876,2,1,0,42.446986
2005,6,21,16,2,1036,120.08,21.1,.93876,2,0,0,120.08
2005,6,21,17,2,1036,0,179,.93876,2,1,0,0
2005,6,21,17,2,1036,35.22,20.1,.93876,2,1,0,42.446986
2005,6,21,17,2,1036,35.29,20.1,.93876,2,1,0,42.446986
2005,6,21,17,2,1036,35.35,20.1,.93876,2,1,0,42.446986
2005,6,21,17,2,1036,35.42,20.1,.93876,2,1,0,42.446986
2005,6,21,17,2,1036,35.48,20.1,.93876,2,1,0,42.446986
2005,6,21,17,2,1036,35.55,20.1,.93876,2,1,0,42.446986
2005,6,21,17,2,1036,35.62,20.4,.93876,2,1,0,42.446986
2005,6,21,17,2,1036,120.08,21.1,.93876,2,0,0,120.08
2005,6,21,18,2,1036,0,179,.93876,2,1,0,0
2005,6,21,18,2,1036,34.79,20.1,.93876,2,1,0,42.446986
2005,6,21,18,2,1036,34.85,20.1,.93876,2,1,0,42.446986
2005,6,21,18,2,1036,34.92,20.1,.93876,2,1,0,42.446986
2005,6,21,18,2,1036,34.98,20.1,.93876,2,1,0,42.446986
2005,6,21,18,2,1036,35.05,20.1,.93876,2,1,0,42.446986
2005,6,21,18,2,1036,35.11,20.1,.93876,2,1,0,42.446986
2005,6,21,18,2,1036,35.18,20.4,.93876,2,1,0,42.446986
2005,6,21,18,2,1036,120.08,21.1,.93876,2,0,0,120.08
2005,6,21,19,2,1036,0,179,.93876,2,1,0,0
2005,6,21,19,2,1036,35.16,20.1,.93876,2,1,0,42.446986
2005,6,21,19,2,1036,35.22,20.1,.93876,2,1,0,42.446986
2005,6,21,19,2,1036,35.29,20.1,.93876,2,1,0,42.446986
2005,6,21,19,2,1036,35.36,20.1,.93876,2,1,0,42.446986
2005,6,21,19,2,1036,35.42,20.1,.93876,2,1,0,42.446986
2005,6,21,19,2,1036,35.49,20.1,.93876,2,1,0,42.446986
2005,6,21,19,2,1036,35.56,20.4,.93876,2,1,0,42.446986
2005,6,21,19,2,1036,120.08,21.1,.93876,2,0,0,120.08
2005,6,21,20,2,1036,0,179,.93876,2,1,0,0
2005,6,21,20,2,1036,35.2,20.1,.93876,2,1,0,42.446986
2005,6,21,20,2,1036,35.26,20.1,.93876,2,1,0,42.446986
2005,6,21,20,2,1036,35.33,20.1,.93876,2,1,0,42.446986
2005,6,21,20,2,1036,35.39,20.1,.93876,2,1,0,42.446986
2005,6,21,20,2,1036,35.45,20.1,.93876,2,1,0,42.446986
2005,6,21,20,2,1036,35.52,20.1,.93876,2,1,0,42.446986
2005,6,21,20,2,1036,35.58,20.4,.93876,2,1,0,42.446986
2005,6,21,20,2,1036,120.08,21.1,.93876,2,0,0,120.08
2005,6,21,21,2,1036,0,179,.93876,2,1,0,0
2005,6,21,21,2,1036,35.33,20.1,.93876,2,1,0,42.446986
2005,6,21,21,2,1036,35.39,20.1,.93876,2,1,0,42.446986
2005,6,21,21,2,1036,35.45,20.1,.93876,2,1,0,42.446986
2005,6,21,21,2,1036,35.51,20.1,.93876,2,1,0,42.446986
2005,6,21,21,2,1036,35.57,20.1,.93876,2,1,0,42.446986
2005,6,21,21,2,1036,35.63,20.1,.93876,2,1,0,42.446986
2005,6,21,21,2,1036,35.69,20.4,.93876,2,1,0,42.446986
2005,6,21,21,2,1036,120.08,21.1,.93876,2,0,0,120.08
2005,6,21,22,2,1036,0,179,.93876,2,1,0,0
2005,6,21,22,2,1036,36.39,20.1,.93876,2,1,0,42.446986
2005,6,21,22,2,1036,36.46,20.1,.93876,2,1,0,42.446986
2005,6,21,22,2,1036,36.52,20.1,.93876,2,1,0,42.446986
2005,6,21,22,2,1036,36.59,20.1,.93876,2,1,0,42.446986
2005,6,21,22,2,1036,36.66,20.1,.93876,2,1,0,42.446986
2005,6,21,22,2,1036,36.73,20.1,.93876,2,1,0,42.446986
2005,6,21,22,2,1036,36.8,20.4,.93876,2,1,0,42.446986
2005,6,21,22,2,1036,120.08,21.1,.93876,2,0,0,120.08
2005,6,21,23,2,1036,0,179,.93876,2,1,0,0
2005,6,21,23,2,1036,36.25,20.1,.93876,2,1,0,42.446986
2005,6,21,23,2,1036,36.32,20.1,.93876,2,1,0,42.446986
2005,6,21,23,2,1036,36.38,20.1,.93876,2,1,0,42.446986
2005,6,21,23,2,1036,36.44,20.1,.93876,2,1,0,42.446986
2005,6,21,23,2,1036,36.5,20.1,.93876,2,1,0,42.446986
2005,6,21,23,2,1036,36.57,20.1,.93876,2,1,0,42.446986
2005,6,21,23,2,1036,36.63,20.4,.93876,2,1,0,42.446986
2005,6,21,23,2,1036,120.08,21.1,.93876,2,0,0,120.08
2005,6,21,24,2,1036,0,179,.93876,2,1,0,0
2005,6,21,24,2,1036,37.13,20.1,.93876,2,1,0,42.446986
2005,6,21,24,2,1036,37.2,20.1,.93876,2,1,0,42.446986
2005,6,21,24,2,1036,37.26,20.1,.93876,2,1,0,42.446986
2005,6,21,24,2,1036,37.33,20.1,.93876,2,1,0,42.446986
2005,6,21,24,2,1036,37.39,20.1,.93876,2,1,0,42.446986
2005,6,21,24,2,1036,37.46,20.1,.93876,2,1,0,42.446986
2005,6,21,24,2,1036,37.53,20.4,.93876,2,1,0,42.446986
2005,6,21,24,2,1036,120.08,21.1,.93876,2,0,0,120.08
2005,6,21,1,2,1037,0,179,.93876,2,1,0,0
2005,6,21,1,2,1037,37.1,20.1,.93876,2,1,0,42.422789
2005,6,21,1,2,1037,37.17,20.1,.93876,2,1,0,42.422789
2005,6,21,1,2,1037,37.23,20.1,.93876,2,1,0,42.422789
2005,6,21,1,2,1037,37.3,20.1,.93876,2,1,0,42.422789
2005,6,21,1,2,1037,37.37,20.1,.93876,2,1,0,42.422789
2005,6,21,1,2,1037,37.43,20.1,.93876,2,1,0,42.422789
2005,6,21,1,2,1037,37.5,20.4,.93876,2,1,0,42.422789
2005,6,21,1,2,1037,120.08,20.6,.93876,2,0,0,120.08
2005,6,21,2,2,1037,0,179,.93876,2,1,0,0
2005,6,21,2,2,1037,37.87,20.1,.93876,2,1,0,42.422789
2005,6,21,2,2,1037,37.93,20.1,.93876,2,1,0,42.422789
2005,6,21,2,2,1037,37.99,20.1,.93876,2,1,0,42.422789
2005,6,21,2,2,1037,38.06,20.1,.93876,2,1,0,42.422789
2005,6,21,2,2,1037,38.12,20.1,.93876,2,1,0,42.422789
2005,6,21,2,2,1037,38.18,20.1,.93876,2,1,0,42.422789
2005,6,21,2,2,1037,38.25,20.4,.93876,2,1,0,42.422789
2005,6,21,2,2,1037,120.08,20.6,.93876,2,0,0,120.08
2005,6,21,3,2,1037,0,179,.93876,2,1,0,0
2005,6,21,3,2,1037,37.96,20.1,.93876,2,1,0,42.422789
2005,6,21,3,2,1037,38.02,20.1,.93876,2,1,0,42.422789
2005,6,21,3,2,1037,38.08,20.1,.93876,2,1,0,42.422789
2005,6,21,3,2,1037,38.15,20.1,.93876,2,1,0,42.422789
2005,6,21,3,2,1037,38.21,20.1,.93876,2,1,0,42.422789
2005,6,21,3,2,1037,38.28,20.1,.93876,2,1,0,42.422789
2005,6,21,3,2,1037,38.34,20.4,.93876,2,1,0,42.422789
2005,6,21,3,2,1037,120.08,20.6,.93876,2,0,0,120.08
2005,6,21,4,2,1037,0,164,.93876,2,1,0,0
2005,6,21,4,2,1037,11.01,15,.93876,2,1,0,42.422789
2005,6,21,4,2,1037,38.15,20.1,.93876,2,1,0,42.422789
2005,6,21,4,2,1037,38.22,20.1,.93876,2,1,0,42.422789
2005,6,21,4,2,1037,38.28,20.1,.93876,2,1,0,42.422789
2005,6,21,4,2,1037,38.35,20.1,.93876,2,1,0,42.422789
2005,6,21,4,2,1037,38.41,20.1,.93876,2,1,0,42.422789
2005,6,21,4,2,1037,38.48,20.1,.93876,2,1,0,42.422789
2005,6,21,4,2,1037,38.54,20.4,.93876,2,1,0,42.422789
2005,6,21,4,2,1037,120.09,20.6,.93876,2,0,0,120.09
2005,6,21,5,2,1037,0,164,.93876,2,1,0,0
2005,6,21,5,2,1037,11.01,15,.93876,2,1,0,42.422789
2005,6,21,5,2,1037,38.31,20.1,.93876,2,1,0,42.422789
2005,6,21,5,2,1037,38.38,20.1,.93876,2,1,0,42.422789
2005,6,21,5,2,1037,38.44,20.1,.93876,2,1,0,42.422789
2005,6,21,5,2,1037,38.51,20.1,.93876,2,1,0,42.422789
2005,6,21,5,2,1037,38.57,20.1,.93876,2,1,0,42.422789
2005,6,21,5,2,1037,38.64,20.1,.93876,2,1,0,42.422789
2005,6,21,5,2,1037,38.71,20.4,.93876,2,0,0,42.422789
2005,6,21,5,2,1037,120.09,20.6,.93876,2,0,0,120.09
2005,6,21,6,2,1037,0,164,.93876,2,1,0,0
2005,6,21,6,2,1037,11.01,15,.93876,2,1,0,42.422789
2005,6,21,6,2,1037,38.19,20.1,.93876,2,1,0,42.422789
2005,6,21,6,2,1037,38.25,20.1,.93876,2,1,0,42.422789
2005,6,21,6,2,1037,38.32,20.1,.93876,2,1,0,42.422789
2005,6,21,6,2,1037,38.38,20.1,.93876,2,1,0,42.422789
2005,6,21,6,2,1037,38.45,20.1,.93876,2,1,0,42.422789
2005,6,21,6,2,1037,38.51,20.1,.93876,2,1,0,42.422789
2005,6,21,6,2,1037,38.58,20.4,.93876,2,1,0,42.422789
2005,6,21,6,2,1037,120.09,20.6,.93876,2,0,0,120.09
2005,6,21,7,2,1037,0,179,.93876,2,1,0,0
2005,6,21,7,2,1037,37.98,20.1,.93876,2,1,0,42.422789
2005,6,21,7,2,1037,38.04,20.1,.93876,2,1,0,42.422789
2005,6,21,7,2,1037,38.11,20.1,.93876,2,1,0,42.422789
2005,6,21,7,2,1037,38.17,20.1,.93876,2,1,0,42.422789
2005,6,21,7,2,1037,38.23,20.1,.93876,2,1,0,42.422789
2005,6,21,7,2,1037,38.3,20.1,.93876,2,1,0,42.422789
2005,6,21,7,2,1037,38.36,20.4,.93876,2,1,0,42.422789
2005,6,21,7,2,1037,120.08,20.6,.93876,2,0,0,120.08
2005,6,21,8,2,1037,0,179,.93876,2,1,0,0
2005,6,21,8,2,1037,37.61,20.1,.93876,2,1,0,42.422789
2005,6,21,8,2,1037,37.68,20.1,.93876,2,1,0,42.422789
2005,6,21,8,2,1037,37.74,20.1,.93876,2,1,0,42.422789
2005,6,21,8,2,1037,37.81,20.1,.93876,2,1,0,42.422789
2005,6,21,8,2,1037,37.88,20.1,.93876,2,1,0,42.422789
2005,6,21,8,2,1037,37.94,20.1,.93876,2,1,0,42.422789
2005,6,21,8,2,1037,38.01,20.4,.93876,2,1,0,42.422789
2005,6,21,8,2,1037,120.08,20.6,.93876,2,0,0,120.08
2005,6,21,9,2,1037,0,179,.93876,2,1,0,0
2005,6,21,9,2,1037,36.43,20.1,.93876,2,1,0,42.422789
2005,6,21,9,2,1037,36.5,20.1,.93876,2,1,0,42.422789
2005,6,21,9,2,1037,36.56,20.1,.93876,2,1,0,42.422789
2005,6,21,9,2,1037,36.63,20.1,.93876,2,1,0,42.422789
2005,6,21,9,2,1037,36.69,20.1,.93876,2,1,0,42.422789
2005,6,21,9,2,1037,36.75,20.1,.93876,2,1,0,42.422789
2005,6,21,9,2,1037,36.82,20.4,.93876,2,1,0,42.422789
2005,6,21,9,2,1037,120.08,20.6,.93876,2,0,0,120.08
2005,6,21,10,2,1037,0,179,.93876,2,1,0,0
2005,6,21,10,2,1037,36.13,20.1,.93876,2,1,0,42.422789
2005,6,21,10,2,1037,36.2,20.1,.93876,2,1,0,42.422789
2005,6,21,10,2,1037,36.27,20.1,.93876,2,1,0,42.422789
2005,6,21,10,2,1037,36.34,20.1,.93876,2,1,0,42.422789
2005,6,21,10,2,1037,36.4,20.1,.93876,2,1,0,42.422789
2005,6,21,10,2,1037,36.47,20.1,.93876,2,1,0,42.422789
2005,6,21,10,2,1037,36.54,20.4,.93876,2,1,0,42.422789
2005,6,21,10,2,1037,120.08,20.6,.93876,2,0,0,120.08
2005,6,21,11,2,1037,0,179,.93876,2,1,0,0
2005,6,21,11,2,1037,35.97,20.1,.93876,2,1,0,42.422789
2005,6,21,11,2,1037,36.04,20.1,.93876,2,1,0,42.422789
2005,6,21,11,2,1037,36.11,20.1,.93876,2,1,0,42.422789
2005,6,21,11,2,1037,36.18,20.1,.93876,2,1,0,42.422789
2005,6,21,11,2,1037,36.25,20.1,.93876,2,1,0,42.422789
2005,6,21,11,2,1037,36.33,20.1,.93876,2,1,0,42.422789
2005,6,21,11,2,1037,36.4,20.4,.93876,2,1,0,42.422789
2005,6,21,11,2,1037,120.08,20.6,.93876,2,0,0,120.08
2005,6,21,12,2,1037,0,179,.93876,2,1,0,0
2005,6,21,12,2,1037,35.99,20.1,.93876,2,1,0,42.422789
2005,6,21,12,2,1037,36.05,20.1,.93876,2,1,0,42.422789
2005,6,21,12,2,1037,36.12,20.1,.93876,2,1,0,42.422789
2005,6,21,12,2,1037,36.19,20.1,.93876,2,1,0,42.422789
2005,6,21,12,2,1037,36.26,20.1,.93876,2,1,0,42.422789
2005,6,21,12,2,1037,36.33,20.1,.93876,2,1,0,42.422789
2005,6,21,12,2,1037,36.4,20.4,.93876,2,1,0,42.422789
2005,6,21,12,2,1037,120.08,20.6,.93876,2,0,0,120.08
2005,6,21,13,2,1037,0,179,.93876,2,1,0,0
2005,6,21,13,2,1037,35.36,20.1,.93876,2,1,0,42.422789
2005,6,21,13,2,1037,35.43,20.1,.93876,2,1,0,42.422789
2005,6,21,13,2,1037,35.49,20.1,.93876,2,1,0,42.422789
2005,6,21,13,2,1037,35.56,20.1,.93876,2,1,0,42.422789
2005,6,21,13,2,1037,35.63,20.1,.93876,2,1,0,42.422789
2005,6,21,13,2,1037,35.7,20.1,.93876,2,1,0,42.422789
2005,6,21,13,2,1037,35.76,20.4,.93876,2,1,0,42.422789
2005,6,21,13,2,1037,120.08,20.6,.93876,2,0,0,120.08
2005,6,21,14,2,1037,0,179,.93876,2,1,0,0
2005,6,21,14,2,1037,35.36,20.1,.93876,2,1,0,42.422789
2005,6,21,14,2,1037,35.43,20.1,.93876,2,1,0,42.422789
2005,6,21,14,2,1037,35.5,20.1,.93876,2,1,0,42.422789
2005,6,21,14,2,1037,35.57,20.1,.93876,2,1,0,42.422789
2005,6,21,14,2,1037,35.63,20.1,.93876,2,1,0,42.422789
2005,6,21,14,2,1037,35.7,20.1,.93876,2,1,0,42.422789
2005,6,21,14,2,1037,35.77,20.4,.93876,2,1,0,42.422789
2005,6,21,14,2,1037,120.08,20.6,.93876,2,0,0,120.08
2005,6,21,15,2,1037,0,179,.93876,2,1,0,0
2005,6,21,15,2,1037,35.21,20.1,.93876,2,1,0,42.422789
2005,6,21,15,2,1037,35.27,20.1,.93876,2,1,0,42.422789
2005,6,21,15,2,1037,35.33,20.1,.93876,2,1,0,42.422789
2005,6,21,15,2,1037,35.39,20.1,.93876,2,1,0,42.422789
2005,6,21,15,2,1037,35.46,20.1,.93876,2,1,0,42.422789
2005,6,21,15,2,1037,35.52,20.1,.93876,2,1,0,42.422789
2005,6,21,15,2,1037,35.59,20.4,.93876,2,1,0,42.422789
2005,6,21,15,2,1037,120.08,20.6,.93876,2,0,0,120.08
2005,6,21,16,2,1037,0,179,.93876,2,1,0,0
2005,6,21,16,2,1037,34.84,20.1,.93876,2,1,0,42.422789
2005,6,21,16,2,1037,34.9,20.1,.93876,2,1,0,42.422789
2005,6,21,16,2,1037,34.96,20.1,.93876,2,1,0,42.422789
2005,6,21,16,2,1037,35.02,20.1,.93876,2,1,0,42.422789
2005,6,21,16,2,1037,35.08,20.1,.93876,2,1,0,42.422789
2005,6,21,16,2,1037,35.15,20.1,.93876,2,1,0,42.422789
2005,6,21,16,2,1037,35.21,20.4,.93876,2,1,0,42.422789
2005,6,21,16,2,1037,120.08,20.6,.93876,2,0,0,120.08
2005,6,21,17,2,1037,0,179,.93876,2,1,0,0
2005,6,21,17,2,1037,34.82,20.1,.93876,2,1,0,42.422789
2005,6,21,17,2,1037,34.89,20.1,.93876,2,1,0,42.422789
2005,6,21,17,2,1037,34.96,20.1,.93876,2,1,0,42.422789
2005,6,21,17,2,1037,35.02,20.1,.93876,2,1,0,42.422789
2005,6,21,17,2,1037,35.09,20.1,.93876,2,1,0,42.422789
2005,6,21,17,2,1037,35.16,20.1,.93876,2,1,0,42.422789
2005,6,21,17,2,1037,35.22,20.4,.93876,2,1,0,42.422789
2005,6,21,17,2,1037,120.08,20.6,.93876,2,0,0,120.08
2005,6,21,18,2,1037,0,179,.93876,2,1,0,0
2005,6,21,18,2,1037,34.4,20.1,.93876,2,1,0,42.422789
2005,6,21,18,2,1037,34.46,20.1,.93876,2,1,0,42.422789
2005,6,21,18,2,1037,34.53,20.1,.93876,2,1,0,42.422789
2005,6,21,18,2,1037,34.59,20.1,.93876,2,1,0,42.422789
2005,6,21,18,2,1037,34.66,20.1,.93876,2,1,0,42.422789
2005,6,21,18,2,1037,34.73,20.1,.93876,2,1,0,42.422789
2005,6,21,18,2,1037,34.79,20.4,.93876,2,1,0,42.422789
2005,6,21,18,2,1037,120.08,20.6,.93876,2,0,0,120.08
2005,6,21,19,2,1037,0,179,.93876,2,1,0,0
2005,6,21,19,2,1037,34.76,20.1,.93876,2,1,0,42.422789
2005,6,21,19,2,1037,34.83,20.1,.93876,2,1,0,42.422789
2005,6,21,19,2,1037,34.9,20.1,.93876,2,1,0,42.422789
2005,6,21,19,2,1037,34.96,20.1,.93876,2,1,0,42.422789
2005,6,21,19,2,1037,35.03,20.1,.93876,2,1,0,42.422789
2005,6,21,19,2,1037,35.09,20.1,.93876,2,1,0,42.422789
2005,6,21,19,2,1037,35.16,20.4,.93876,2,1,0,42.422789
2005,6,21,19,2,1037,120.08,20.6,.93876,2,0,0,120.08
2005,6,21,20,2,1037,0,179,.93876,2,1,0,0
2005,6,21,20,2,1037,34.83,20.1,.93876,2,1,0,42.422789
2005,6,21,20,2,1037,34.89,20.1,.93876,2,1,0,42.422789
2005,6,21,20,2,1037,34.95,20.1,.93876,2,1,0,42.422789
2005,6,21,20,2,1037,35.02,20.1,.93876,2,1,0,42.422789
2005,6,21,20,2,1037,35.08,20.1,.93876,2,1,0,42.422789
2005,6,21,20,2,1037,35.14,20.1,.93876,2,1,0,42.422789
2005,6,21,20,2,1037,35.21,20.4,.93876,2,1,0,42.422789
2005,6,21,20,2,1037,120.08,20.6,.93876,2,0,0,120.08
2005,6,21,21,2,1037,0,179,.93876,2,1,0,0
2005,6,21,21,2,1037,34.98,20.1,.93876,2,1,0,42.422789
2005,6,21,21,2,1037,35.04,20.1,.93876,2,1,0,42.422789
2005,6,21,21,2,1037,35.1,20.1,.93876,2,1,0,42.422789
2005,6,21,21,2,1037,35.16,20.1,.93876,2,1,0,42.422789
2005,6,21,21,2,1037,35.22,20.1,.93876,2,1,0,42.422789
2005,6,21,21,2,1037,35.28,20.1,.93876,2,1,0,42.422789
2005,6,21,21,2,1037,35.34,20.4,.93876,2,1,0,42.422789
2005,6,21,21,2,1037,120.08,20.6,.93876,2,0,0,120.08
2005,6,21,22,2,1037,0,179,.93876,2,1,0,0
2005,6,21,22,2,1037,35.98,20.1,.93876,2,1,0,42.422789
2005,6,21,22,2,1037,36.05,20.1,.93876,2,1,0,42.422789
2005,6,21,22,2,1037,36.12,20.1,.93876,2,1,0,42.422789
2005,6,21,22,2,1037,36.18,20.1,.93876,2,1,0,42.422789
2005,6,21,22,2,1037,36.25,20.1,.93876,2,1,0,42.422789
2005,6,21,22,2,1037,36.32,20.1,.93876,2,1,0,42.422789
2005,6,21,22,2,1037,36.39,20.4,.93876,2,1,0,42.422789
2005,6,21,22,2,1037,120.08,20.6,.93876,2,0,0,120.08
2005,6,21,23,2,1037,0,179,.93876,2,1,0,0
2005,6,21,23,2,1037,35.88,20.1,.93876,2,1,0,42.422789
2005,6,21,23,2,1037,35.94,20.1,.93876,2,1,0,42.422789
2005,6,21,23,2,1037,36.01,20.1,.93876,2,1,0,42.422789
2005,6,21,23,2,1037,36.07,20.1,.93876,2,1,0,42.422789
2005,6,21,23,2,1037,36.13,20.1,.93876,2,1,0,42.422789
2005,6,21,23,2,1037,36.2,20.1,.93876,2,1,0,42.422789
2005,6,21,23,2,1037,36.26,20.4,.93876,2,1,0,42.422789
2005,6,21,23,2,1037,120.08,20.6,.93876,2,0,0,120.08
2005,6,21,24,2,1037,0,179,.93876,2,1,0,0
2005,6,21,24,2,1037,36.74,20.1,.93876,2,1,0,42.422789
2005,6,21,24,2,1037,36.81,20.1,.93876,2,1,0,42.422789
2005,6,21,24,2,1037,36.88,20.1,.93876,2,1,0,42.422789
2005,6,21,24,2,1037,36.94,20.1,.93876,2,1,0,42.422789
2005,6,21,24,2,1037,37.01,20.1,.93876,2,1,0,42.422789
2005,6,21,24,2,1037,37.07,20.1,.93876,2,1,0,42.422789
2005,6,21,24,2,1037,37.14,20.4,.93876,2,1,0,42.422789
2005,6,21,24,2,1037,120.08,20.6,.93876,2,0,0,120.08
2005,6,21,1,7,66,0,31,0,2,1,0,0
2005,6,21,1,7,66,23.43,4.4,0,2,1,0,23.43
2005,6,21,1,7,66,30.7,1.4,0,2,1,0,30.7
2005,6,21,1,7,66,50,.1,0,2,1,0,50
2005,6,21,2,7,66,0,31,0,2,1,0,0
2005,6,21,2,7,66,23.43,4.6,0,2,1,0,23.43
2005,6,21,2,7,66,30.7,1.4,0,2,1,0,30.7
2005,6,21,2,7,66,50,.1,0,2,0,0,50
2005,6,21,3,7,66,0,31,0,2,1,0,0
2005,6,21,3,7,66,23.43,4.7,0,2,1,0,23.43
2005,6,21,3,7,66,30.7,1.4,0,2,1,0,30.7
2005,6,21,3,7,66,50,.1,0,2,0,0,50
2005,6,21,4,7,66,0,31,0,2,1,0,0
2005,6,21,4,7,66,23.43,4.8,0,2,1,0,23.43
2005,6,21,4,7,66,30.7,1.4,0,2,1,0,30.7
2005,6,21,4,7,66,50,.1,0,2,0,0,50
2005,6,21,5,7,66,0,31,0,2,1,0,0
2005,6,21,5,7,66,23.43,4.9,0,2,1,0,23.43
2005,6,21,5,7,66,30.7,1.4,0,2,1,0,30.7
2005,6,21,5,7,66,50,.1,0,2,0,0,50
2005,6,21,6,7,66,0,31,0,2,1,0,0
2005,6,21,6,7,66,23.43,5,0,2,1,0,23.43
2005,6,21,6,7,66,30.7,1.4,0,2,1,0,30.7
2005,6,21,6,7,66,50,.1,0,2,0,0,50
2005,6,21,7,7,66,0,31,0,2,1,0,0
2005,6,21,7,7,66,23.43,5,0,2,1,0,23.43
2005,6,21,7,7,66,30.7,1.4,0,2,1,0,30.7
2005,6,21,7,7,66,50,.1,0,2,0,0,50
2005,6,21,8,7,66,0,31,0,2,1,0,0
2005,6,21,8,7,66,23.43,5.1,0,2,1,0,23.43
2005,6,21,8,7,66,30.7,1.4,0,2,1,0,30.7
2005,6,21,8,7,66,50,.1,0,2,0,0,50
2005,6,21,9,7,66,0,31,0,2,1,0,0
2005,6,21,9,7,66,20.5,5,0,2,1,0,20.5
2005,6,21,9,7,66,27.77,1.4,0,2,1,0,27.77
2005,6,21,9,7,66,50,.1,0,2,1,0,50
2005,6,21,10,7,66,0,31,0,2,1,0,0
2005,6,21,10,7,66,23.43,4.5,0,2,1,0,23.43
2005,6,21,10,7,66,30.7,1.4,0,2,1,0,30.7
2005,6,21,10,7,66,50,.1,0,2,1,0,50
2005,6,21,11,7,66,0,31,0,2,1,0,0
2005,6,21,11,7,66,23.43,3.7,0,2,1,0,23.43
2005,6,21,11,7,66,30.7,1.6,0,2,1,0,30.7
2005,6,21,11,7,66,50,.1,0,2,1,0,50
2005,6,21,12,7,66,0,31,0,2,1,0,0
2005,6,21,12,7,66,23.43,3.3,0,2,1,0,23.43
2005,6,21,12,7,66,30.7,1.7,0,2,1,0,30.7
2005,6,21,12,7,66,50,.1,0,2,1,0,50
2005,6,21,13,7,66,0,31,0,2,1,0,0
2005,6,21,13,7,66,23.43,3.1,0,2,1,0,23.43
2005,6,21,13,7,66,30.7,1.9,0,2,1,0,30.7
2005,6,21,13,7,66,50,.1,0,2,1,0,50
2005,6,21,14,7,66,0,31,0,2,1,0,0
2005,6,21,14,7,66,20.5,3.1,0,2,1,0,20.5
2005,6,21,14,7,66,27.77,1.9,0,2,1,0,27.77
2005,6,21,14,7,66,50,.1,0,2,1,0,50
2005,6,21,15,7,66,0,31,0,2,1,0,0
2005,6,21,15,7,66,20.5,3.1,0,2,1,0,20.5
2005,6,21,15,7,66,27.77,1.9,0,2,1,0,27.77
2005,6,21,15,7,66,50,.1,0,2,1,0,50
2005,6,21,16,7,66,0,31,0,2,1,0,0
2005,6,21,16,7,66,20.5,3.1,0,2,1,0,20.5
2005,6,21,16,7,66,27.77,1.9,0,2,1,0,27.77
2005,6,21,16,7,66,50,.1,0,2,1,0,50
2005,6,21,17,7,66,0,31,0,2,1,0,0
2005,6,21,17,7,66,20.5,3.2,0,2,1,0,20.5
2005,6,21,17,7,66,27.77,1.9,0,2,1,0,27.77
2005,6,21,17,7,66,50,.1,0,2,1,0,50
2005,6,21,18,7,66,0,31,0,2,1,0,0
2005,6,21,18,7,66,20.5,3.3,0,2,1,0,20.5
2005,6,21,18,7,66,27.77,1.9,0,2,1,0,27.77
2005,6,21,18,7,66,50,.1,0,2,1,0,50
2005,6,21,19,7,66,0,31,0,2,1,0,0
2005,6,21,19,7,66,20.5,3.3,0,2,1,0,20.5
2005,6,21,19,7,66,27.77,1.9,0,2,1,0,27.77
2005,6,21,19,7,66,50,.1,0,2,1,0,50
2005,6,21,20,7,66,0,31,0,2,1,0,0
2005,6,21,20,7,66,20.5,3.5,0,2,1,0,20.5
2005,6,21,20,7,66,27.77,1.8,0,2,1,0,27.77
2005,6,21,20,7,66,50,.1,0,2,1,0,50
2005,6,21,21,7,66,0,31,0,2,1,0,0
2005,6,21,21,7,66,20.5,3.7,0,2,1,0,20.5
2005,6,21,21,7,66,27.77,1.7,0,2,1,0,27.77
2005,6,21,21,7,66,50,.1,0,2,1,0,50
2005,6,21,22,7,66,0,31,0,2,1,0,0
2005,6,21,22,7,66,20.5,3.9,0,2,1,0,20.5
2005,6,21,22,7,66,27.77,1.6,0,2,1,0,27.77
2005,6,21,22,7,66,50,.1,0,2,1,0,50
2005,6,21,23,7,66,0,31,0,2,1,0,0
2005,6,21,23,7,66,20.5,4.1,0,2,1,0,20.5
2005,6,21,23,7,66,27.77,1.5,0,2,1,0,27.77
2005,6,21,23,7,66,50,.1,0,2,1,0,50
2005,6,21,24,7,66,0,31,0,2,1,0,0
2005,6,21,24,7,66,20.5,4.2,0,2,1,0,20.5
2005,6,21,24,7,66,27.77,1.5,0,2,1,0,27.77
2005,6,21,24,7,66,50,.1,0,2,1,0,50
2005,6,21,1,9,67,0,6,0,2,1,0,0
2005,6,21,2,9,67,0,6.1,0,2,1,0,0
2005,6,21,3,9,67,0,6.1,0,2,1,0,0
2005,6,21,4,9,67,0,6.1,0,2,1,0,0
2005,6,21,5,9,67,0,6.2,0,2,1,0,0
2005,6,21,6,9,67,0,6.2,0,2,1,0,0
2005,6,21,7,9,67,0,6.3,0,2,1,0,0
2005,6,21,8,9,67,0,6.4,0,2,1,0,0
2005,6,21,9,9,67,0,6.5,0,2,1,0,0
2005,6,21,10,9,67,0,6.4,0,2,1,0,0
2005,6,21,11,9,67,0,6.2,0,2,1,0,0
2005,6,21,12,9,67,0,6,0,2,1,0,0
2005,6,21,13,9,67,0,5.9,0,2,1,0,0
2005,6,21,14,9,67,0,5.7,0,2,1,0,0
2005,6,21,15,9,67,0,5.6,0,2,1,0,0
2005,6,21,16,9,67,0,5.6,0,2,1,0,0
2005,6,21,17,9,67,0,5.5,0,2,1,0,0
2005,6,21,18,9,67,0,5.5,0,2,1,0,0
2005,6,21,19,9,67,0,5.4,0,2,1,0,0
2005,6,21,20,9,67,0,5.4,0,2,1,0,0
2005,6,21,21,9,67,0,5.4,0,2,1,0,0
2005,6,21,22,9,67,0,5.5,0,2,1,0,0
2005,6,21,23,9,67,0,5.6,0,2,1,0,0
2005,6,21,24,9,67,0,5.8,0,2,1,0,0
2005,6,21,1,6,1038,0,72,.962627,2,1,0,0
2005,6,21,1,6,1038,21.49,73,.962627,2,1,0,44.89971
2005,6,21,2,6,1038,0,72,.962627,2,1,0,0
2005,6,21,2,6,1038,21.49,73,.962627,2,1,0,44.89971
2005,6,21,3,6,1038,0,72,.962627,2,1,0,0
2005,6,21,3,6,1038,21.49,73,.962627,2,1,0,44.89971
2005,6,21,4,6,1038,0,72,.962627,2,1,0,0
2005,6,21,4,6,1038,21.49,73,.962627,2,1,0,44.89971
2005,6,21,5,6,1038,0,72,.962627,2,1,0,0
2005,6,21,5,6,1038,21.49,73,.962627,2,1,0,44.89971
2005,6,21,6,6,1038,0,72,.962627,2,1,0,0
2005,6,21,6,6,1038,21.49,73,.962627,2,1,0,44.89971
2005,6,21,7,6,1038,0,72,.962627,2,1,0,0
2005,6,21,7,6,1038,21.49,73,.962627,2,1,0,44.89971
2005,6,21,8,6,1038,0,72,.962627,2,1,0,0
2005,6,21,8,6,1038,21.49,73,.962627,2,1,0,44.89971
2005,6,21,9,6,1038,0,145,.962627,2,1,0,0
2005,6,21,10,6,1038,0,145,.962627,2,1,0,0
2005,6,21,11,6,1038,0,145,.962627,2,1,0,0
2005,6,21,12,6,1038,0,145,.962627,2,1,0,0
2005,6,21,13,6,1038,0,145,.962627,2,1,0,0
2005,6,21,14,6,1038,0,145,.962627,2,1,0,0
2005,6,21,15,6,1038,0,145,.962627,2,1,0,0
2005,6,21,16,6,1038,0,145,.962627,2,1,0,0
2005,6,21,17,6,1038,0,145,.962627,2,1,0,0
2005,6,21,18,6,1038,0,145,.962627,2,1,0,0
2005,6,21,19,6,1038,0,145,.962627,2,1,0,0
2005,6,21,20,6,1038,0,145,.962627,2,1,0,0
2005,6,21,21,6,1038,0,145,.962627,2,1,0,0
2005,6,21,22,6,1038,0,145,.962627,2,1,0,0
2005,6,21,23,6,1038,0,145,.962627,2,1,0,0
2005,6,21,24,6,1038,0,145,.962627,2,1,0,0
2005,6,21,1,9,69,0,17.5,0,2,1,0,0
2005,6,21,2,9,69,0,17.5,0,2,1,0,0
2005,6,21,3,9,69,0,17.5,0,2,1,0,0
2005,6,21,4,9,69,0,17.5,0,2,1,0,0
2005,6,21,5,9,69,0,17.5,0,2,1,0,0
2005,6,21,6,9,69,0,17.5,0,2,1,0,0
2005,6,21,7,9,69,0,17.5,0,2,1,0,0
2005,6,21,8,9,69,0,17.5,0,2,1,0,0
2005,6,21,9,9,69,0,17.5,0,2,1,0,0
2005,6,21,10,9,69,0,17.5,0,2,1,0,0
2005,6,21,11,9,69,0,17.5,0,2,1,0,0
2005,6,21,12,9,69,0,17.5,0,2,1,0,0
2005,6,21,13,9,69,0,17.5,0,2,1,0,0
2005,6,21,14,9,69,0,17.5,0,2,1,0,0
2005,6,21,15,9,69,0,17.5,0,2,1,0,0
2005,6,21,16,9,69,0,17.5,0,2,1,0,0
2005,6,21,17,9,69,0,17.5,0,2,1,0,0
2005,6,21,18,9,69,0,17.5,0,2,1,0,0
2005,6,21,19,9,69,0,17.5,0,2,1,0,0
2005,6,21,20,9,69,0,17.5,0,2,1,0,0
2005,6,21,21,9,69,0,17.5,0,2,1,0,0
2005,6,21,22,9,69,0,17.5,0,2,1,0,0
2005,6,21,23,9,69,0,17.5,0,2,1,0,0
2005,6,21,24,9,69,0,17.5,0,2,1,0,0
2005,6,21,1,3,1042,0,165,.359851,2,1,0,0
2005,6,21,1,3,1042,36.37,45,.359851,2,1,0,43.070259
2005,6,21,1,3,1042,39.37,45,.359851,2,1,0,43.070259
2005,6,21,1,3,1042,170,45,.359851,2,0,0,170
2005,6,21,1,3,1042,175,60,.359851,2,0,0,175
2005,6,21,1,3,1042,180.3,32.6,.359851,2,0,0,180.3
2005,6,21,2,3,1042,0,165,.359851,2,1,0,0
2005,6,21,2,3,1042,160,40,.359851,2,0,0,160
2005,6,21,2,3,1042,165,50,.359851,2,0,0,165
2005,6,21,2,3,1042,170,50,.359851,2,0,0,170
2005,6,21,2,3,1042,175,55,.359851,2,0,0,175
2005,6,21,2,3,1042,180.3,32.6,.359851,2,0,0,180.3
2005,6,21,3,3,1042,0,165,.359851,2,1,0,0
2005,6,21,3,3,1042,160,40,.359851,2,0,0,160
2005,6,21,3,3,1042,165,50,.359851,2,0,0,165
2005,6,21,3,3,1042,170,50,.359851,2,0,0,170
2005,6,21,3,3,1042,175,55,.359851,2,0,0,175
2005,6,21,3,3,1042,180.3,32.6,.359851,2,0,0,180.3
2005,6,21,4,3,1042,0,165,.359851,2,1,0,0
2005,6,21,4,3,1042,160,40,.359851,2,0,0,160
2005,6,21,4,3,1042,165,50,.359851,2,0,0,165
2005,6,21,4,3,1042,170,50,.359851,2,0,0,170
2005,6,21,4,3,1042,175,55,.359851,2,0,0,175
2005,6,21,4,3,1042,180.3,32.6,.359851,2,0,0,180.3
2005,6,21,5,3,1042,0,165,.359851,2,1,0,0
2005,6,21,5,3,1042,160,40,.359851,2,0,0,160
2005,6,21,5,3,1042,165,50,.359851,2,0,0,165
2005,6,21,5,3,1042,170,50,.359851,2,0,0,170
2005,6,21,5,3,1042,175,55,.359851,2,0,0,175
2005,6,21,5,3,1042,180.3,32.6,.359851,2,0,0,180.3
2005,6,21,6,3,1042,0,165,.359851,2,1,0,0
2005,6,21,6,3,1042,160,40,.359851,2,0,0,160
2005,6,21,6,3,1042,165,50,.359851,2,0,0,165
2005,6,21,6,3,1042,170,50,.359851,2,0,0,170
2005,6,21,6,3,1042,175,55,.359851,2,0,0,175
2005,6,21,6,3,1042,180.3,32.6,.359851,2,0,0,180.3
2005,6,21,7,3,1042,0,165,.359851,2,1,0,0
2005,6,21,7,3,1042,36.37,40,.359851,2,1,0,43.070259
2005,6,21,7,3,1042,38.37,50,.359851,2,1,0,43.070259
2005,6,21,7,3,1042,170,50,.359851,2,0,0,170
2005,6,21,7,3,1042,175,55,.359851,2,0,0,175
2005,6,21,7,3,1042,180.3,32.6,.359851,2,0,0,180.3
2005,6,21,8,3,1042,0,165,.359851,2,1,0,0
2005,6,21,8,3,1042,36.37,40,.359851,2,1,0,43.070259
2005,6,21,8,3,1042,38.37,50,.359851,2,1,0,43.070259
2005,6,21,8,3,1042,40.37,50,.359851,2,1,0,43.070259
2005,6,21,8,3,1042,42.37,20,.359851,2,1,0,43.070259
2005,6,21,8,3,1042,180.3,67.6,.359851,2,0,0,180.3
2005,6,21,9,3,1042,0,300,.359851,2,1,0,0
2005,6,21,9,3,1042,36.37,20,.359851,2,1,0,43.070259
2005,6,21,9,3,1042,38.37,10,.359851,2,1,0,43.070259
2005,6,21,9,3,1042,180.3,62.6,.359851,2,0,0,180.3
2005,6,21,10,3,1042,0,300,.359851,2,1,0,0
2005,6,21,10,3,1042,36.37,20,.359851,2,1,0,43.070259
2005,6,21,10,3,1042,38.37,10,.359851,2,1,0,43.070259
2005,6,21,10,3,1042,180.3,62.6,.359851,2,0,0,180.3
2005,6,21,11,3,1042,0,300,.359851,2,1,0,0
2005,6,21,11,3,1042,36.37,20,.359851,2,1,0,43.070259
2005,6,21,11,3,1042,38.37,10,.359851,2,1,0,43.070259
2005,6,21,11,3,1042,180.3,62.6,.359851,2,0,0,180.3
2005,6,21,12,3,1042,0,300,.359851,2,1,0,0
2005,6,21,12,3,1042,36.37,20,.359851,2,1,0,43.070259
2005,6,21,12,3,1042,38.37,10,.359851,2,1,0,43.070259
2005,6,21,12,3,1042,180.3,62.6,.359851,2,0,0,180.3
2005,6,21,13,3,1042,0,300,.359851,2,1,0,0
2005,6,21,13,3,1042,36.37,20,.359851,2,1,0,43.070259
2005,6,21,13,3,1042,38.37,10,.359851,2,1,0,43.070259
2005,6,21,13,3,1042,180.3,62.6,.359851,2,0,0,180.3
2005,6,21,14,3,1042,0,300,.359851,2,1,0,0
2005,6,21,14,3,1042,36.37,20,.359851,2,1,0,43.070259
2005,6,21,14,3,1042,38.37,10,.359851,2,1,0,43.070259
2005,6,21,14,3,1042,180.3,62.6,.359851,2,0,0,180.3
2005,6,21,15,3,1042,0,300,.359851,2,1,0,0
2005,6,21,15,3,1042,36.37,20,.359851,2,1,0,43.070259
2005,6,21,15,3,1042,38.37,10,.359851,2,1,0,43.070259
2005,6,21,15,3,1042,180.3,62.6,.359851,2,0,0,180.3
2005,6,21,16,3,1042,0,300,.359851,2,1,0,0
2005,6,21,16,3,1042,36.37,20,.359851,2,1,0,43.070259
2005,6,21,16,3,1042,38.37,10,.359851,2,1,0,43.070259
2005,6,21,16,3,1042,180.3,62.6,.359851,2,0,0,180.3
2005,6,21,17,3,1042,0,300,.359851,2,1,0,0
2005,6,21,17,3,1042,36.37,20,.359851,2,1,0,43.070259
2005,6,21,17,3,1042,38.37,10,.359851,2,1,0,43.070259
2005,6,21,17,3,1042,180.3,62.6,.359851,2,0,0,180.3
2005,6,21,18,3,1042,0,300,.359851,2,1,0,0
2005,6,21,18,3,1042,36.37,20,.359851,2,1,0,43.070259
2005,6,21,18,3,1042,38.37,10,.359851,2,1,0,43.070259
2005,6,21,18,3,1042,180.3,62.6,.359851,2,0,0,180.3
2005,6,21,19,3,1042,0,300,.359851,2,1,0,0
2005,6,21,19,3,1042,36.37,20,.359851,2,1,0,43.070259
2005,6,21,19,3,1042,38.37,10,.359851,2,1,0,43.070259
2005,6,21,19,3,1042,180.3,62.6,.359851,2,0,0,180.3
2005,6,21,20,3,1042,0,300,.359851,2,1,0,0
2005,6,21,20,3,1042,36.37,20,.359851,2,1,0,43.070259
2005,6,21,20,3,1042,38.37,10,.359851,2,1,0,43.070259
2005,6,21,20,3,1042,180.3,62.6,.359851,2,0,0,180.3
2005,6,21,21,3,1042,0,300,.359851,2,1,0,0
2005,6,21,21,3,1042,36.37,20,.359851,2,1,0,43.070259
2005,6,21,21,3,1042,38.37,10,.359851,2,1,0,43.070259
2005,6,21,21,3,1042,180.3,62.6,.359851,2,0,0,180.3
2005,6,21,22,3,1042,0,300,.359851,2,1,0,0
2005,6,21,22,3,1042,36.37,20,.359851,2,1,0,43.070259
2005,6,21,22,3,1042,38.37,10,.359851,2,1,0,43.070259
2005,6,21,22,3,1042,180.3,62.6,.359851,2,0,0,180.3
2005,6,21,23,3,1042,0,300,.359851,2,1,0,0
2005,6,21,23,3,1042,36.37,20,.359851,2,1,0,43.070259
2005,6,21,23,3,1042,38.37,10,.359851,2,1,0,43.070259
2005,6,21,23,3,1042,180.3,62.6,.359851,2,0,0,180.3
2005,6,21,24,3,1042,0,250,.359851,2,1,0,0
2005,6,21,24,3,1042,36.37,50,.359851,2,1,0,43.070259
2005,6,21,24,3,1042,38.37,20,.359851,2,1,0,43.070259
2005,6,21,24,3,1042,40.37,10,.359851,2,1,0,43.070259
2005,6,21,24,3,1042,180.3,62.6,.359851,2,0,0,180.3
2005,6,21,1,9,1043,0,230,.359851,2,1,0,0
2005,6,21,1,9,1043,35.57,50,.359851,2,1,0,43.070259
2005,6,21,1,9,1043,37.17,50,.359851,2,1,0,43.070259
2005,6,21,1,9,1043,38.77,48.9,.359851,2,1,0,43.070259
2005,6,21,2,9,1043,0,230,.359851,2,1,0,0
2005,6,21,2,9,1043,35.57,50,.359851,2,1,0,43.070259
2005,6,21,2,9,1043,37.17,50,.359851,2,1,0,43.070259
2005,6,21,2,9,1043,38.77,48.9,.359851,2,1,0,43.070259
2005,6,21,3,9,1043,0,230,.359851,2,1,0,0
2005,6,21,3,9,1043,35.57,50,.359851,2,1,0,43.070259
2005,6,21,3,9,1043,37.17,50,.359851,2,1,0,43.070259
2005,6,21,3,9,1043,38.77,48.9,.359851,2,1,0,43.070259
2005,6,21,4,9,1043,0,230,.359851,2,1,0,0
2005,6,21,4,9,1043,35.57,50,.359851,2,1,0,43.070259
2005,6,21,4,9,1043,37.17,50,.359851,2,1,0,43.070259
2005,6,21,4,9,1043,38.77,48.9,.359851,2,1,0,43.070259
2005,6,21,5,9,1043,0,230,.359851,2,1,0,0
2005,6,21,5,9,1043,35.57,50,.359851,2,1,0,43.070259
2005,6,21,5,9,1043,37.17,50,.359851,2,1,0,43.070259
2005,6,21,5,9,1043,38.77,48.9,.359851,2,0,0,43.070259
2005,6,21,6,9,1043,0,230,.359851,2,1,0,0
2005,6,21,6,9,1043,35.57,50,.359851,2,1,0,43.070259
2005,6,21,6,9,1043,37.17,50,.359851,2,1,0,43.070259
2005,6,21,6,9,1043,38.77,48.9,.359851,2,0,0,43.070259
2005,6,21,7,9,1043,0,230,.359851,2,1,0,0
2005,6,21,7,9,1043,35.57,50,.359851,2,1,0,43.070259
2005,6,21,7,9,1043,37.17,50,.359851,2,1,0,43.070259
2005,6,21,7,9,1043,38.77,48.9,.359851,2,1,0,43.070259
2005,6,21,8,9,1043,0,230,.359851,2,1,0,0
2005,6,21,8,9,1043,35.57,50,.359851,2,1,0,43.070259
2005,6,21,8,9,1043,37.17,50,.359851,2,1,0,43.070259
2005,6,21,8,9,1043,38.77,48.9,.359851,2,1,0,43.070259
2005,6,21,9,9,1043,0,230,.359851,2,1,0,0
2005,6,21,9,9,1043,35.57,50,.359851,2,1,0,43.070259
2005,6,21,9,9,1043,37.17,50,.359851,2,1,0,43.070259
2005,6,21,9,9,1043,38.77,48.9,.359851,2,1,0,43.070259
2005,6,21,10,9,1043,0,230,.359851,2,1,0,0
2005,6,21,10,9,1043,35.57,50,.359851,2,1,0,43.070259
2005,6,21,10,9,1043,37.17,50,.359851,2,1,0,43.070259
2005,6,21,10,9,1043,38.77,48.9,.359851,2,1,0,43.070259
2005,6,21,11,9,1043,0,230,.359851,2,1,0,0
2005,6,21,11,9,1043,35.57,50,.359851,2,1,0,43.070259
2005,6,21,11,9,1043,37.17,50,.359851,2,1,0,43.070259
2005,6,21,11,9,1043,38.77,48.9,.359851,2,1,0,43.070259
2005,6,21,12,9,1043,0,230,.359851,2,1,0,0
2005,6,21,12,9,1043,35.57,50,.359851,2,1,0,43.070259
2005,6,21,12,9,1043,37.17,50,.359851,2,1,0,43.070259
2005,6,21,12,9,1043,38.77,48.9,.359851,2,1,0,43.070259
2005,6,21,13,9,1043,0,230,.359851,2,1,0,0
2005,6,21,13,9,1043,35.57,50,.359851,2,1,0,43.070259
2005,6,21,13,9,1043,37.17,50,.359851,2,1,0,43.070259
2005,6,21,13,9,1043,38.77,48.9,.359851,2,1,0,43.070259
2005,6,21,14,9,1043,0,230,.359851,2,1,0,0
2005,6,21,14,9,1043,35.57,50,.359851,2,1,0,43.070259
2005,6,21,14,9,1043,37.17,50,.359851,2,1,0,43.070259
2005,6,21,14,9,1043,38.77,48.9,.359851,2,1,0,43.070259
2005,6,21,15,9,1043,0,230,.359851,2,1,0,0
2005,6,21,15,9,1043,35.57,50,.359851,2,1,0,43.070259
2005,6,21,15,9,1043,37.17,50,.359851,2,1,0,43.070259
2005,6,21,15,9,1043,38.77,48.9,.359851,2,1,0,43.070259
2005,6,21,16,9,1043,0,230,.359851,2,1,0,0
2005,6,21,16,9,1043,35.57,50,.359851,2,1,0,43.070259
2005,6,21,16,9,1043,37.17,50,.359851,2,1,0,43.070259
2005,6,21,16,9,1043,38.77,48.9,.359851,2,1,0,43.070259
2005,6,21,17,9,1043,0,230,.359851,2,1,0,0
2005,6,21,17,9,1043,35.57,50,.359851,2,1,0,43.070259
2005,6,21,17,9,1043,37.17,50,.359851,2,1,0,43.070259
2005,6,21,17,9,1043,38.77,48.9,.359851,2,1,0,43.070259
2005,6,21,18,9,1043,0,230,.359851,2,1,0,0
2005,6,21,18,9,1043,35.57,50,.359851,2,1,0,43.070259
2005,6,21,18,9,1043,37.17,50,.359851,2,1,0,43.070259
2005,6,21,18,9,1043,38.77,48.9,.359851,2,1,0,43.070259
2005,6,21,19,9,1043,0,230,.359851,2,1,0,0
2005,6,21,19,9,1043,35.57,50,.359851,2,1,0,43.070259
2005,6,21,19,9,1043,37.17,50,.359851,2,1,0,43.070259
2005,6,21,19,9,1043,38.77,48.9,.359851,2,1,0,43.070259
2005,6,21,20,9,1043,0,230,.359851,2,1,0,0
2005,6,21,20,9,1043,35.57,50,.359851,2,1,0,43.070259
2005,6,21,20,9,1043,37.17,50,.359851,2,1,0,43.070259
2005,6,21,20,9,1043,38.77,48.9,.359851,2,1,0,43.070259
2005,6,21,21,9,1043,0,230,.359851,2,1,0,0
2005,6,21,21,9,1043,35.57,50,.359851,2,1,0,43.070259
2005,6,21,21,9,1043,37.17,50,.359851,2,1,0,43.070259
2005,6,21,21,9,1043,38.77,48.9,.359851,2,1,0,43.070259
2005,6,21,22,9,1043,0,230,.359851,2,1,0,0
2005,6,21,22,9,1043,35.57,50,.359851,2,1,0,43.070259
2005,6,21,22,9,1043,37.17,50,.359851,2,1,0,43.070259
2005,6,21,22,9,1043,38.77,48.9,.359851,2,1,0,43.070259
2005,6,21,23,9,1043,0,230,.359851,2,1,0,0
2005,6,21,23,9,1043,35.57,50,.359851,2,1,0,43.070259
2005,6,21,23,9,1043,37.17,50,.359851,2,1,0,43.070259
2005,6,21,23,9,1043,38.77,48.9,.359851,2,1,0,43.070259
2005,6,21,24,9,1043,0,230,.359851,2,1,0,0
2005,6,21,24,9,1043,35.57,50,.359851,2,1,0,43.070259
2005,6,21,24,9,1043,37.17,50,.359851,2,1,0,43.070259
2005,6,21,24,9,1043,38.77,48.9,.359851,2,1,0,43.070259
2005,6,21,1,1,1046,.01,140,.791988,2,1,0,.01
2005,6,21,1,1,1046,62.24,100,.791988,2,0,0,71.887494
2005,6,21,1,1,1046,63.47,100,.791988,2,0,0,71.887494
2005,6,21,1,1,1046,64.71,100,.791988,2,0,0,71.887494
2005,6,21,1,1,1046,65.94,92.4,.791988,2,0,0,71.887494
2005,6,21,2,1,1046,.01,140,.791988,2,1,0,.01
2005,6,21,2,1,1046,62.24,100,.791988,2,0,0,71.887494
2005,6,21,2,1,1046,63.47,100,.791988,2,0,0,71.887494
2005,6,21,2,1,1046,64.71,100,.791988,2,0,0,71.887494
2005,6,21,2,1,1046,65.94,92.4,.791988,2,0,0,71.887494
2005,6,21,3,1,1046,.01,140,.791988,2,1,0,.01
2005,6,21,3,1,1046,62.24,100,.791988,2,0,0,71.887494
2005,6,21,3,1,1046,63.47,100,.791988,2,0,0,71.887494
2005,6,21,3,1,1046,64.71,100,.791988,2,0,0,71.887494
2005,6,21,3,1,1046,65.94,92.4,.791988,2,0,0,71.887494
2005,6,21,4,1,1046,.01,140,.791988,2,1,0,.01
2005,6,21,4,1,1046,62.24,100,.791988,2,0,0,71.887494
2005,6,21,4,1,1046,63.47,100,.791988,2,0,0,71.887494
2005,6,21,4,1,1046,64.71,100,.791988,2,0,0,71.887494
2005,6,21,4,1,1046,65.94,92.4,.791988,2,0,0,71.887494
2005,6,21,5,1,1046,.01,140,.791988,2,1,0,.01
2005,6,21,5,1,1046,62.24,100,.791988,2,0,0,71.887494
2005,6,21,5,1,1046,63.47,100,.791988,2,0,0,71.887494
2005,6,21,5,1,1046,64.71,100,.791988,2,0,0,71.887494
2005,6,21,5,1,1046,65.94,92.4,.791988,2,0,0,71.887494
2005,6,21,6,1,1046,.01,140,.791988,2,1,0,.01
2005,6,21,6,1,1046,62.24,100,.791988,2,0,0,71.887494
2005,6,21,6,1,1046,63.47,100,.791988,2,0,0,71.887494
2005,6,21,6,1,1046,64.71,100,.791988,2,0,0,71.887494
2005,6,21,6,1,1046,65.94,92.4,.791988,2,0,0,71.887494
2005,6,21,7,1,1046,.01,140,.791988,2,1,0,.01
2005,6,21,7,1,1046,62.24,100,.791988,2,0,0,71.887494
2005,6,21,7,1,1046,63.47,100,.791988,2,0,0,71.887494
2005,6,21,7,1,1046,64.71,100,.791988,2,0,0,71.887494
2005,6,21,7,1,1046,65.94,92.4,.791988,2,0,0,71.887494
2005,6,21,8,1,1046,.01,140,.791988,2,1,0,.01
2005,6,21,8,1,1046,62.24,100,.791988,2,0,0,71.887494
2005,6,21,8,1,1046,63.47,100,.791988,2,0,0,71.887494
2005,6,21,8,1,1046,64.71,100,.791988,2,0,0,71.887494
2005,6,21,8,1,1046,65.94,92.4,.791988,2,0,0,71.887494
2005,6,21,9,1,1046,.01,140,.791988,2,1,0,.01
2005,6,21,9,1,1046,62.24,100,.791988,2,1,0,71.887494
2005,6,21,9,1,1046,63.47,100,.791988,2,1,0,71.887494
2005,6,21,9,1,1046,64.71,100,.791988,2,0,0,71.887494
2005,6,21,9,1,1046,65.94,92.4,.791988,2,0,0,71.887494
2005,6,21,10,1,1046,.01,140,.791988,2,1,0,.01
2005,6,21,10,1,1046,62.24,100,.791988,2,1,0,71.887494
2005,6,21,10,1,1046,63.47,100,.791988,2,1,0,71.887494
2005,6,21,10,1,1046,64.71,100,.791988,2,1,0,71.887494
2005,6,21,10,1,1046,65.94,92.4,.791988,2,1,0,71.887494
2005,6,21,11,1,1046,.01,140,.791988,2,1,0,.01
2005,6,21,11,1,1046,62.24,100,.791988,2,1,0,71.887494
2005,6,21,11,1,1046,63.47,100,.791988,2,1,0,71.887494
2005,6,21,11,1,1046,64.71,100,.791988,2,1,0,71.887494
2005,6,21,11,1,1046,65.94,92.4,.791988,2,1,0,71.887494
2005,6,21,12,1,1046,.01,140,.791988,2,1,0,.01
2005,6,21,12,1,1046,62.24,100,.791988,2,1,0,71.887494
2005,6,21,12,1,1046,63.47,100,.791988,2,1,0,71.887494
2005,6,21,12,1,1046,64.71,100,.791988,2,1,0,71.887494
2005,6,21,12,1,1046,65.94,92.4,.791988,2,1,0,71.887494
2005,6,21,13,1,1046,.01,140,.791988,2,1,0,.01
2005,6,21,13,1,1046,62.24,100,.791988,2,1,0,71.887494
2005,6,21,13,1,1046,63.47,100,.791988,2,1,0,71.887494
2005,6,21,13,1,1046,64.71,100,.791988,2,1,0,71.887494
2005,6,21,13,1,1046,65.94,92.4,.791988,2,1,0,71.887494
2005,6,21,14,1,1046,.01,140,.791988,2,1,0,.01
2005,6,21,14,1,1046,62.24,100,.791988,2,1,0,71.887494
2005,6,21,14,1,1046,63.47,100,.791988,2,1,0,71.887494
2005,6,21,14,1,1046,64.71,100,.791988,2,1,0,71.887494
2005,6,21,14,1,1046,65.94,92.4,.791988,2,1,0,71.887494
2005,6,21,15,1,1046,.01,140,.791988,2,1,0,.01
2005,6,21,15,1,1046,62.24,100,.791988,2,1,0,71.887494
2005,6,21,15,1,1046,63.47,100,.791988,2,1,0,71.887494
2005,6,21,15,1,1046,64.71,100,.791988,2,1,0,71.887494
2005,6,21,15,1,1046,65.94,92.4,.791988,2,1,0,71.887494
2005,6,21,16,1,1046,.01,140,.791988,2,1,0,.01
2005,6,21,16,1,1046,62.24,100,.791988,2,1,0,71.887494
2005,6,21,16,1,1046,63.47,100,.791988,2,1,0,71.887494
2005,6,21,16,1,1046,64.71,100,.791988,2,1,0,71.887494
2005,6,21,16,1,1046,65.94,92.4,.791988,2,1,0,71.887494
2005,6,21,17,1,1046,.01,140,.791988,2,1,0,.01
2005,6,21,17,1,1046,62.24,100,.791988,2,1,0,71.887494
2005,6,21,17,1,1046,63.47,100,.791988,2,1,0,71.887494
2005,6,21,17,1,1046,64.71,100,.791988,2,1,0,71.887494
2005,6,21,17,1,1046,65.94,92.4,.791988,2,1,0,71.887494
2005,6,21,18,1,1046,.01,140,.791988,2,1,0,.01
2005,6,21,18,1,1046,62.24,100,.791988,2,1,0,71.887494
2005,6,21,18,1,1046,63.47,100,.791988,2,1,0,71.887494
2005,6,21,18,1,1046,64.71,100,.791988,2,1,0,71.887494
2005,6,21,18,1,1046,65.94,92.4,.791988,2,1,0,71.887494
2005,6,21,19,1,1046,.01,140,.791988,2,1,0,.01
2005,6,21,19,1,1046,62.24,100,.791988,2,1,0,71.887494
2005,6,21,19,1,1046,63.47,100,.791988,2,1,0,71.887494
2005,6,21,19,1,1046,64.71,100,.791988,2,1,0,71.887494
2005,6,21,19,1,1046,65.94,92.4,.791988,2,1,0,71.887494
2005,6,21,20,1,1046,.01,140,.791988,2,1,0,.01
2005,6,21,20,1,1046,62.24,100,.791988,2,1,0,71.887494
2005,6,21,20,1,1046,63.47,100,.791988,2,1,0,71.887494
2005,6,21,20,1,1046,64.71,100,.791988,2,1,0,71.887494
2005,6,21,20,1,1046,65.94,92.4,.791988,2,1,0,71.887494
2005,6,21,21,1,1046,.01,140,.791988,2,1,0,.01
2005,6,21,21,1,1046,62.24,100,.791988,2,1,0,71.887494
2005,6,21,21,1,1046,63.47,100,.791988,2,1,0,71.887494
2005,6,21,21,1,1046,64.71,100,.791988,2,1,0,71.887494
2005,6,21,21,1,1046,65.94,92.4,.791988,2,1,0,71.887494
2005,6,21,22,1,1046,.01,140,.791988,2,1,0,.01
2005,6,21,22,1,1046,62.24,100,.791988,2,1,0,71.887494
2005,6,21,22,1,1046,63.47,100,.791988,2,1,0,71.887494
2005,6,21,22,1,1046,64.71,100,.791988,2,1,0,71.887494
2005,6,21,22,1,1046,65.94,92.4,.791988,2,1,0,71.887494
2005,6,21,23,1,1046,.01,140,.791988,2,1,0,.01
2005,6,21,23,1,1046,62.24,100,.791988,2,1,0,71.887494
2005,6,21,23,1,1046,63.47,100,.791988,2,1,0,71.887494
2005,6,21,23,1,1046,64.71,100,.791988,2,1,0,71.887494
2005,6,21,23,1,1046,65.94,92.4,.791988,2,1,0,71.887494
2005,6,21,24,1,1046,.01,140,.791988,2,1,0,.01
2005,6,21,24,1,1046,62.24,100,.791988,2,1,0,71.887494
2005,6,21,24,1,1046,63.47,100,.791988,2,1,0,71.887494
2005,6,21,24,1,1046,64.71,100,.791988,2,0,0,71.887494
2005,6,21,24,1,1046,65.94,92.4,.791988,2,0,0,71.887494
2005,6,21,1,1,1047,0,225,.360098,2,1,0,0
2005,6,21,1,1,1047,35.45,50,.360098,2,1,0,40.724964
2005,6,21,1,1,1047,37.05,50,.360098,2,1,0,40.724964
2005,6,21,1,1,1047,38.65,35,.360098,2,1,0,40.724964
2005,6,21,1,1,1047,42.35,29.7,.360098,2,1,0,40.724964
2005,6,21,2,1,1047,0,225,.360098,2,1,0,0
2005,6,21,2,1,1047,35.45,50,.360098,2,1,0,40.724964
2005,6,21,2,1,1047,37.05,50,.360098,2,1,0,40.724964
2005,6,21,2,1,1047,38.65,35,.360098,2,1,0,40.724964
2005,6,21,2,1,1047,42.35,29.7,.360098,2,1,0,40.724964
2005,6,21,3,1,1047,0,225,.360098,2,1,0,0
2005,6,21,3,1,1047,35.45,50,.360098,2,1,0,40.724964
2005,6,21,3,1,1047,37.05,50,.360098,2,1,0,40.724964
2005,6,21,3,1,1047,38.65,35,.360098,2,1,0,40.724964
2005,6,21,3,1,1047,42.35,29.7,.360098,2,0,0,40.724964
2005,6,21,4,1,1047,0,225,.360098,2,1,0,0
2005,6,21,4,1,1047,35.45,50,.360098,2,1,0,40.724964
2005,6,21,4,1,1047,37.05,50,.360098,2,1,0,40.724964
2005,6,21,4,1,1047,38.65,35,.360098,2,1,0,40.724964
2005,6,21,4,1,1047,42.35,29.7,.360098,2,0,0,40.724964
2005,6,21,5,1,1047,0,225,.360098,2,1,0,0
2005,6,21,5,1,1047,35.45,50,.360098,2,1,0,40.724964
2005,6,21,5,1,1047,37.05,50,.360098,2,1,0,40.724964
2005,6,21,5,1,1047,38.65,35,.360098,2,1,0,40.724964
2005,6,21,5,1,1047,42.35,29.7,.360098,2,0,0,40.724964
2005,6,21,6,1,1047,0,225,.360098,2,1,0,0
2005,6,21,6,1,1047,35.45,50,.360098,2,1,0,40.724964
2005,6,21,6,1,1047,37.05,50,.360098,2,1,0,40.724964
2005,6,21,6,1,1047,38.65,24.2,.360098,2,1,0,40.724964
2005,6,21,6,1,1047,42.35,29.7,.360098,2,0,0,40.724964
2005,6,21,7,1,1047,0,225,.360098,2,1,0,0
2005,6,21,7,1,1047,35.45,50,.360098,2,1,0,40.724964
2005,6,21,7,1,1047,37.05,50,.360098,2,1,0,40.724964
2005,6,21,7,1,1047,38.65,35,.360098,2,1,0,40.724964
2005,6,21,7,1,1047,42.35,29.7,.360098,2,0,0,40.724964
2005,6,21,8,1,1047,0,225,.360098,2,1,0,0
2005,6,21,8,1,1047,35.45,50,.360098,2,1,0,40.724964
2005,6,21,8,1,1047,37.05,50,.360098,2,1,0,40.724964
2005,6,21,8,1,1047,38.65,35,.360098,2,1,0,40.724964
2005,6,21,8,1,1047,42.35,29.7,.360098,2,1,0,40.724964
2005,6,21,9,1,1047,0,225,.360098,2,1,0,0
2005,6,21,9,1,1047,35.45,50,.360098,2,1,0,40.724964
2005,6,21,9,1,1047,37.05,50,.360098,2,1,0,40.724964
2005,6,21,9,1,1047,38.65,35,.360098,2,1,0,40.724964
2005,6,21,9,1,1047,42.35,29.7,.360098,2,1,0,40.724964
2005,6,21,10,1,1047,0,225,.360098,2,1,0,0
2005,6,21,10,1,1047,35.45,50,.360098,2,1,0,40.724964
2005,6,21,10,1,1047,37.05,50,.360098,2,1,0,40.724964
2005,6,21,10,1,1047,38.65,35,.360098,2,1,0,40.724964
2005,6,21,10,1,1047,42.35,29.7,.360098,2,1,0,40.724964
2005,6,21,11,1,1047,0,225,.360098,2,1,0,0
2005,6,21,11,1,1047,35.45,50,.360098,2,1,0,40.724964
2005,6,21,11,1,1047,37.05,50,.360098,2,1,0,40.724964
2005,6,21,11,1,1047,38.65,35,.360098,2,1,0,40.724964
2005,6,21,11,1,1047,42.35,29.7,.360098,2,1,0,40.724964
2005,6,21,12,1,1047,0,225,.360098,2,1,0,0
2005,6,21,12,1,1047,35.45,50,.360098,2,1,0,40.724964
2005,6,21,12,1,1047,37.05,50,.360098,2,1,0,40.724964
2005,6,21,12,1,1047,38.65,35,.360098,2,1,0,40.724964
2005,6,21,12,1,1047,42.35,29.7,.360098,2,1,0,40.724964
2005,6,21,13,1,1047,0,225,.360098,2,1,0,0
2005,6,21,13,1,1047,35.45,50,.360098,2,1,0,40.724964
2005,6,21,13,1,1047,37.05,50,.360098,2,1,0,40.724964
2005,6,21,13,1,1047,38.65,35,.360098,2,1,0,40.724964
2005,6,21,13,1,1047,42.35,29.7,.360098,2,1,0,40.724964
2005,6,21,14,1,1047,0,225,.360098,2,1,0,0
2005,6,21,14,1,1047,35.45,50,.360098,2,1,0,40.724964
2005,6,21,14,1,1047,37.05,50,.360098,2,1,0,40.724964
2005,6,21,14,1,1047,38.65,35,.360098,2,1,0,40.724964
2005,6,21,14,1,1047,42.35,29.7,.360098,2,1,0,40.724964
2005,6,21,15,1,1047,0,225,.360098,2,1,0,0
2005,6,21,15,1,1047,35.45,50,.360098,2,1,0,40.724964
2005,6,21,15,1,1047,37.05,50,.360098,2,1,0,40.724964
2005,6,21,15,1,1047,38.65,35,.360098,2,1,0,40.724964
2005,6,21,15,1,1047,42.35,29.7,.360098,2,1,0,40.724964
2005,6,21,16,1,1047,0,225,.360098,2,1,0,0
2005,6,21,16,1,1047,35.45,50,.360098,2,1,0,40.724964
2005,6,21,16,1,1047,37.05,50,.360098,2,1,0,40.724964
2005,6,21,16,1,1047,38.65,35,.360098,2,1,0,40.724964
2005,6,21,16,1,1047,42.35,29.7,.360098,2,1,0,40.724964
2005,6,21,17,1,1047,0,225,.360098,2,1,0,0
2005,6,21,17,1,1047,35.45,50,.360098,2,1,0,40.724964
2005,6,21,17,1,1047,37.05,50,.360098,2,1,0,40.724964
2005,6,21,17,1,1047,38.65,35,.360098,2,1,0,40.724964
2005,6,21,17,1,1047,42.35,29.7,.360098,2,1,0,40.724964
2005,6,21,18,1,1047,0,225,.360098,2,1,0,0
2005,6,21,18,1,1047,35.45,50,.360098,2,1,0,40.724964
2005,6,21,18,1,1047,37.05,50,.360098,2,1,0,40.724964
2005,6,21,18,1,1047,38.65,35,.360098,2,1,0,40.724964
2005,6,21,18,1,1047,42.35,29.7,.360098,2,1,0,40.724964
2005,6,21,19,1,1047,0,225,.360098,2,1,0,0
2005,6,21,19,1,1047,35.45,50,.360098,2,1,0,40.724964
2005,6,21,19,1,1047,37.05,50,.360098,2,1,0,40.724964
2005,6,21,19,1,1047,38.65,35,.360098,2,1,0,40.724964
2005,6,21,19,1,1047,42.35,29.7,.360098,2,1,0,40.724964
2005,6,21,20,1,1047,0,225,.360098,2,1,0,0
2005,6,21,20,1,1047,35.45,50,.360098,2,1,0,40.724964
2005,6,21,20,1,1047,37.05,50,.360098,2,1,0,40.724964
2005,6,21,20,1,1047,38.65,35,.360098,2,1,0,40.724964
2005,6,21,20,1,1047,42.35,29.7,.360098,2,1,0,40.724964
2005,6,21,21,1,1047,0,225,.360098,2,1,0,0
2005,6,21,21,1,1047,35.45,50,.360098,2,1,0,40.724964
2005,6,21,21,1,1047,37.05,50,.360098,2,1,0,40.724964
2005,6,21,21,1,1047,38.65,35,.360098,2,1,0,40.724964
2005,6,21,21,1,1047,42.35,29.7,.360098,2,1,0,40.724964
2005,6,21,22,1,1047,0,225,.360098,2,1,0,0
2005,6,21,22,1,1047,35.45,50,.360098,2,1,0,40.724964
2005,6,21,22,1,1047,37.05,50,.360098,2,1,0,40.724964
2005,6,21,22,1,1047,38.65,35,.360098,2,1,0,40.724964
2005,6,21,22,1,1047,42.35,29.7,.360098,2,1,0,40.724964
2005,6,21,23,1,1047,0,225,.360098,2,1,0,0
2005,6,21,23,1,1047,35.45,50,.360098,2,1,0,40.724964
2005,6,21,23,1,1047,37.05,50,.360098,2,1,0,40.724964
2005,6,21,23,1,1047,38.65,35,.360098,2,1,0,40.724964
2005,6,21,23,1,1047,42.35,29.7,.360098,2,1,0,40.724964
2005,6,21,24,1,1047,0,225,.360098,2,1,0,0
2005,6,21,24,1,1047,35.45,50,.360098,2,1,0,40.724964
2005,6,21,24,1,1047,37.05,50,.360098,2,1,0,40.724964
2005,6,21,24,1,1047,38.65,35,.360098,2,1,0,40.724964
2005,6,21,24,1,1047,42.35,29.7,.360098,2,1,0,40.724964
2005,6,21,1,9,74,14.31,350,0,2,1,0,14.31
2005,6,21,2,9,74,14.31,400,0,2,1,0,14.31
2005,6,21,3,9,74,14.31,400,0,2,1,0,14.31
2005,6,21,4,9,74,14.31,290,0,2,1,0,14.31
2005,6,21,5,9,74,14.31,180,0,2,1,0,14.31
2005,6,21,6,9,74,14.31,180,0,2,1,0,14.31
2005,6,21,7,9,74,14.31,430,0,2,1,0,14.31
2005,6,21,8,9,74,14.31,500,0,2,1,0,14.31
2005,6,21,9,9,74,14.31,125,0,2,1,0,14.31
2005,6,21,10,9,74,14.31,500,0,2,0,1,14.31
2005,6,21,11,9,74,14.31,500,0,2,0,1,14.31
2005,6,21,12,9,74,14.31,500,0,2,0,1,14.31
2005,6,21,13,9,74,14.31,500,0,2,0,1,14.31
2005,6,21,14,9,74,14.31,500,0,2,0,1,14.31
2005,6,21,15,9,74,14.31,500,0,2,0,1,14.31
2005,6,21,16,9,74,14.31,500,0,2,0,1,14.31
2005,6,21,17,9,74,14.31,500,0,2,0,1,14.31
2005,6,21,18,9,74,14.31,500,0,2,0,1,14.31
2005,6,21,19,9,74,14.31,500,0,2,0,1,14.31
2005,6,21,20,9,74,14.31,500,0,2,0,1,14.31
2005,6,21,21,9,74,14.31,500,0,2,0,1,14.31
2005,6,21,22,9,74,14.31,500,0,2,0,1,14.31
2005,6,21,23,9,74,14.31,500,0,2,0,1,14.31
2005,6,21,24,9,74,14.31,500,0,2,0,1,14.31
2005,6,21,1,9,75,180.3,14.7,0,1,1,0,180.3
2005,6,21,2,9,75,180.3,14.1,0,1,1,0,180.3
2005,6,21,3,9,75,180.3,13.5,0,1,1,0,180.3
2005,6,21,4,9,75,180.3,13.3,0,1,1,0,180.3
2005,6,21,5,9,75,180.3,13.1,0,1,1,0,180.3
2005,6,21,6,9,75,180.3,13.4,0,1,1,0,180.3
2005,6,21,7,9,75,180.3,16,0,1,1,0,180.3
2005,6,21,8,9,75,180.3,18.5,0,1,1,0,180.3
2005,6,21,9,9,75,180.3,21.1,0,1,1,0,180.3
2005,6,21,10,9,75,180.3,23.5,0,1,1,0,180.3
2005,6,21,11,9,75,180.3,24.7,0,1,1,0,180.3
2005,6,21,12,9,75,180.3,25.5,0,1,1,0,180.3
2005,6,21,13,9,75,180.3,25.8,0,1,1,0,180.3
2005,6,21,14,9,75,180.3,23.8,0,1,1,0,180.3
2005,6,21,15,9,75,180.3,21.6,0,1,1,0,180.3
2005,6,21,16,9,75,180.3,22.3,0,1,1,0,180.3
2005,6,21,17,9,75,180.3,23.1,0,1,1,0,180.3
2005,6,21,18,9,75,180.3,22.9,0,1,1,0,180.3
2005,6,21,19,9,75,180.3,22.1,0,1,1,0,180.3
2005,6,21,20,9,75,180.3,20.6,0,1,1,0,180.3
2005,6,21,21,9,75,180.3,19.8,0,1,1,0,180.3
2005,6,21,22,9,75,180.3,18.2,0,1,1,0,180.3
2005,6,21,23,9,75,180.3,16.3,0,1,1,0,180.3
2005,6,21,24,9,75,180.3,15.5,0,1,1,0,180.3
2005,6,21,1,9,76,0,1.7,0,2,1,0,0
2005,6,21,2,9,76,0,1.4,0,2,1,0,0
2005,6,21,3,9,76,0,1,0,2,1,0,0
2005,6,21,4,9,76,0,.9,0,2,1,0,0
2005,6,21,5,9,76,0,.9,0,2,1,0,0
2005,6,21,6,9,76,0,1,0,2,1,0,0
2005,6,21,7,9,76,0,1.1,0,2,1,0,0
2005,6,21,8,9,76,0,1.1,0,2,1,0,0
2005,6,21,9,9,76,0,1,0,2,1,0,0
2005,6,21,10,9,76,0,.8,0,2,1,0,0
2005,6,21,11,9,76,0,.4,0,2,1,0,0
2005,6,21,12,9,76,0,.1,0,2,1,0,0
2005,6,21,13,9,76,0,.1,0,2,1,0,0
2005,6,21,14,9,76,0,.1,0,2,1,0,0
2005,6,21,15,9,76,0,.1,0,2,1,0,0
2005,6,21,16,9,76,0,.4,0,2,1,0,0
2005,6,21,17,9,76,0,1.1,0,2,1,0,0
2005,6,21,18,9,76,0,2,0,2,1,0,0
2005,6,21,19,9,76,0,2.7,0,2,1,0,0
2005,6,21,20,9,76,0,4.4,0,2,1,0,0
2005,6,21,21,9,76,0,5,0,2,1,0,0
2005,6,21,22,9,76,0,5.4,0,2,1,0,0
2005,6,21,23,9,76,0,5.7,0,2,1,0,0
2005,6,21,24,9,76,0,5.8,0,2,1,0,0
2005,6,21,1,8,77,0,41.1,0,2,1,0,0
2005,6,21,2,8,77,0,39,0,2,1,0,0
2005,6,21,3,8,77,0,38.5,0,2,1,0,0
2005,6,21,4,8,77,0,39.7,0,2,1,0,0
2005,6,21,5,8,77,0,42.6,0,2,1,0,0
2005,6,21,6,8,77,0,47.1,0,2,1,0,0
2005,6,21,7,8,77,0,50.6,0,2,1,0,0
2005,6,21,8,8,77,0,52.9,0,2,1,0,0
2005,6,21,9,8,77,0,54.1,0,2,1,0,0
2005,6,21,10,8,77,0,54.3,0,2,1,0,0
2005,6,21,11,8,77,0,53.3,0,2,1,0,0
2005,6,21,12,8,77,0,51.2,0,2,1,0,0
2005,6,21,13,8,77,0,50.4,0,2,1,0,0
2005,6,21,14,8,77,0,50.7,0,2,1,0,0
2005,6,21,15,8,77,0,52.3,0,2,1,0,0
2005,6,21,16,8,77,0,55.2,0,2,1,0,0
2005,6,21,17,8,77,0,59.2,0,2,1,0,0
2005,6,21,18,8,77,0,64.6,0,2,1,0,0
2005,6,21,19,8,77,0,68.1,0,2,1,0,0
2005,6,21,20,8,77,0,70.1,0,2,1,0,0
2005,6,21,21,8,77,0,70.5,0,2,1,0,0
2005,6,21,22,8,77,0,69.2,0,2,1,0,0
2005,6,21,23,8,77,0,66.2,0,2,1,0,0
2005,6,21,24,8,77,0,61.7,0,2,1,0,0
2005,6,21,1,9,78,0,420.6,0,2,1,0,0
2005,6,21,2,9,78,0,433.6,0,2,1,0,0
2005,6,21,3,9,78,0,453.9,0,2,1,0,0
2005,6,21,4,9,78,0,479.8,0,2,1,0,0
2005,6,21,5,9,78,0,513.6,0,2,1,0,0
2005,6,21,6,9,78,0,555.3,0,2,1,0,0
2005,6,21,7,9,78,0,579.4,0,2,1,0,0
2005,6,21,8,9,78,0,585.7,0,2,1,0,0
2005,6,21,9,9,78,0,583.8,0,2,1,0,0
2005,6,21,10,9,78,0,552.5,0,2,1,0,0
2005,6,21,11,9,78,0,510.4,0,2,1,0,0
2005,6,21,12,9,78,0,455.3,0,2,1,0,0
2005,6,21,13,9,78,0,411.4,0,2,1,0,0
2005,6,21,14,9,78,0,386.2,0,2,1,0,0
2005,6,21,15,9,78,0,374.4,0,2,1,0,0
2005,6,21,16,9,78,0,378.1,0,2,1,0,0
2005,6,21,17,9,78,0,388,0,2,1,0,0
2005,6,21,18,9,78,0,409.2,0,2,1,0,0
2005,6,21,19,9,78,0,440.2,0,2,1,0,0
2005,6,21,20,9,78,0,457.6,0,2,1,0,0
2005,6,21,21,9,78,0,467.9,0,2,1,0,0
2005,6,21,22,9,78,0,472.3,0,2,1,0,0
2005,6,21,23,9,78,0,464.1,0,2,1,0,0
2005,6,21,24,9,78,0,455.2,0,2,1,0,0
2005,6,21,1,9,79,180.3,28.3,0,1,1,0,180.3
2005,6,21,2,9,79,180.3,27,0,1,1,0,180.3
2005,6,21,3,9,79,180.3,25.8,0,1,1,0,180.3
2005,6,21,4,9,79,180.3,25.5,0,1,1,0,180.3
2005,6,21,5,9,79,180.3,27,0,1,1,0,180.3
2005,6,21,6,9,79,180.3,29,0,1,1,0,180.3
2005,6,21,7,9,79,180.3,33.6,0,1,1,0,180.3
2005,6,21,8,9,79,180.3,35,0,1,1,0,180.3
2005,6,21,9,9,79,180.3,35.3,0,1,1,0,180.3
2005,6,21,10,9,79,180.3,34.4,0,1,1,0,180.3
2005,6,21,11,9,79,180.3,33.7,0,1,1,0,180.3
2005,6,21,12,9,79,180.3,33.6,0,1,1,0,180.3
2005,6,21,13,9,79,180.3,32.5,0,1,1,0,180.3
2005,6,21,14,9,79,180.3,32.5,0,1,1,0,180.3
2005,6,21,15,9,79,180.3,32.4,0,1,1,0,180.3
2005,6,21,16,9,79,180.3,32,0,1,1,0,180.3
2005,6,21,17,9,79,180.3,30.3,0,1,1,0,180.3
2005,6,21,18,9,79,180.3,30.6,0,1,1,0,180.3
2005,6,21,19,9,79,180.3,30.1,0,1,1,0,180.3
2005,6,21,20,9,79,180.3,30.1,0,1,1,0,180.3
2005,6,21,21,9,79,180.3,30,0,1,1,0,180.3
2005,6,21,22,9,79,180.3,29.6,0,1,1,0,180.3
2005,6,21,23,9,79,180.3,28.8,0,1,1,0,180.3
2005,6,21,24,9,79,180.3,29.4,0,1,1,0,180.3
2005,6,21,1,1,80,17.65,200,0,1,0,0,17.65
2005,6,21,1,1,80,25.05,138,0,1,0,0,25.05
2005,6,21,1,1,80,41.05,138,0,1,0,0,41.05
2005,6,21,1,1,80,41.25,138,0,1,0,0,41.25
2005,6,21,1,1,80,41.55,138,0,1,0,0,41.55
2005,6,21,2,1,80,17.65,200,0,1,0,0,17.65
2005,6,21,2,1,80,25.05,138,0,1,0,0,25.05
2005,6,21,2,1,80,41.05,138,0,1,0,0,41.05
2005,6,21,2,1,80,41.25,138,0,1,0,0,41.25
2005,6,21,2,1,80,41.55,138,0,1,0,0,41.55
2005,6,21,3,1,80,17.65,200,0,1,0,0,17.65
2005,6,21,3,1,80,25.05,138,0,1,0,0,25.05
2005,6,21,3,1,80,41.05,138,0,1,1,0,41.05
2005,6,21,3,1,80,41.25,138,0,1,1,0,41.25
2005,6,21,3,1,80,41.55,138,0,1,1,0,41.55
2005,6,21,4,1,80,17.65,200,0,1,0,0,17.65
2005,6,21,4,1,80,25.05,138,0,1,0,0,25.05
2005,6,21,4,1,80,41.05,138,0,1,1,0,41.05
2005,6,21,4,1,80,41.25,138,0,1,1,0,41.25
2005,6,21,4,1,80,41.55,138,0,1,1,0,41.55
2005,6,21,5,1,80,17.65,200,0,1,0,0,17.65
2005,6,21,5,1,80,25.05,138,0,1,0,0,25.05
2005,6,21,5,1,80,41.05,138,0,1,1,0,41.05
2005,6,21,5,1,80,41.25,138,0,1,1,0,41.25
2005,6,21,5,1,80,41.55,138,0,1,1,0,41.55
2005,6,21,6,1,80,17.65,200,0,1,0,0,17.65
2005,6,21,6,1,80,25.05,138,0,1,0,0,25.05
2005,6,21,6,1,80,41.05,138,0,1,1,0,41.05
2005,6,21,6,1,80,41.25,138,0,1,1,0,41.25
2005,6,21,6,1,80,41.55,138,0,1,1,0,41.55
2005,6,21,7,1,80,17.65,200,0,1,0,0,17.65
2005,6,21,7,1,80,25.05,138,0,1,0,0,25.05
2005,6,21,7,1,80,41.05,94.6,0,1,1,0,41.05
2005,6,21,7,1,80,41.25,138,0,1,1,0,41.25
2005,6,21,7,1,80,41.55,138,0,1,1,0,41.55
2005,6,21,8,1,80,17.65,200,0,1,0,0,17.65
2005,6,21,8,1,80,25.05,138,0,1,0,0,25.05
2005,6,21,8,1,80,41.05,138,0,1,0,0,41.05
2005,6,21,8,1,80,41.25,138,0,1,0,0,41.25
2005,6,21,8,1,80,41.55,138,0,1,0,0,41.55
2005,6,21,9,1,80,17.65,200,0,1,0,0,17.65
2005,6,21,9,1,80,25.05,138,0,1,0,0,25.05
2005,6,21,9,1,80,39.05,138,0,1,0,0,39.05
2005,6,21,9,1,80,39.15,138,0,1,0,0,39.15
2005,6,21,9,1,80,41.05,138,0,1,0,0,41.05
2005,6,21,10,1,80,17.65,200,0,1,0,0,17.65
2005,6,21,10,1,80,25.05,138,0,1,0,0,25.05
2005,6,21,10,1,80,39.05,138,0,1,0,0,39.05
2005,6,21,10,1,80,39.15,138,0,1,0,0,39.15
2005,6,21,10,1,80,41.05,138,0,1,0,0,41.05
2005,6,21,11,1,80,17.65,200,0,1,0,0,17.65
2005,6,21,11,1,80,25.05,138,0,1,0,0,25.05
2005,6,21,11,1,80,39.05,138,0,1,0,0,39.05
2005,6,21,11,1,80,39.15,138,0,1,0,0,39.15
2005,6,21,11,1,80,41.05,138,0,1,0,0,41.05
2005,6,21,12,1,80,17.65,200,0,1,0,0,17.65
2005,6,21,12,1,80,25.05,138,0,1,0,0,25.05
2005,6,21,12,1,80,39.05,138,0,1,0,0,39.05
2005,6,21,12,1,80,39.15,138,0,1,0,0,39.15
2005,6,21,12,1,80,41.05,138,0,1,0,0,41.05
2005,6,21,13,1,80,17.65,200,0,1,0,0,17.65
2005,6,21,13,1,80,25.05,138,0,1,0,0,25.05
2005,6,21,13,1,80,39.05,138,0,1,0,0,39.05
2005,6,21,13,1,80,39.15,138,0,1,0,0,39.15
2005,6,21,13,1,80,41.05,138,0,1,0,0,41.05
2005,6,21,14,1,80,17.65,200,0,1,0,0,17.65
2005,6,21,14,1,80,25.05,138,0,1,0,0,25.05
2005,6,21,14,1,80,39.05,138,0,1,0,0,39.05
2005,6,21,14,1,80,39.15,138,0,1,0,0,39.15
2005,6,21,14,1,80,41.05,138,0,1,0,0,41.05
2005,6,21,15,1,80,17.65,200,0,1,0,0,17.65
2005,6,21,15,1,80,25.05,138,0,1,0,0,25.05
2005,6,21,15,1,80,39.05,138,0,1,0,0,39.05
2005,6,21,15,1,80,39.15,138,0,1,0,0,39.15
2005,6,21,15,1,80,41.05,138,0,1,0,0,41.05
2005,6,21,16,1,80,17.65,200,0,1,0,0,17.65
2005,6,21,16,1,80,25.05,138,0,1,0,0,25.05
2005,6,21,16,1,80,39.05,138,0,1,0,0,39.05
2005,6,21,16,1,80,39.15,138,0,1,0,0,39.15
2005,6,21,16,1,80,41.05,138,0,1,0,0,41.05
2005,6,21,17,1,80,17.65,200,0,1,0,0,17.65
2005,6,21,17,1,80,25.05,138,0,1,0,0,25.05
2005,6,21,17,1,80,39.05,138,0,1,0,0,39.05
2005,6,21,17,1,80,39.15,138,0,1,0,0,39.15
2005,6,21,17,1,80,41.05,138,0,1,0,0,41.05
2005,6,21,18,1,80,17.65,200,0,1,0,0,17.65
2005,6,21,18,1,80,25.05,138,0,1,0,0,25.05
2005,6,21,18,1,80,39.05,138,0,1,0,0,39.05
2005,6,21,18,1,80,39.15,138,0,1,0,0,39.15
2005,6,21,18,1,80,41.05,138,0,1,0,0,41.05
2005,6,21,19,1,80,17.65,200,0,1,0,0,17.65
2005,6,21,19,1,80,25.05,138,0,1,0,0,25.05
2005,6,21,19,1,80,39.05,138,0,1,0,0,39.05
2005,6,21,19,1,80,39.15,138,0,1,0,0,39.15
2005,6,21,19,1,80,41.05,138,0,1,0,0,41.05
2005,6,21,20,1,80,17.65,200,0,1,0,0,17.65
2005,6,21,20,1,80,25.05,138,0,1,0,0,25.05
2005,6,21,20,1,80,39.05,138,0,1,0,0,39.05
2005,6,21,20,1,80,39.15,138,0,1,0,0,39.15
2005,6,21,20,1,80,41.05,138,0,1,0,0,41.05
2005,6,21,21,1,80,17.65,200,0,1,0,0,17.65
2005,6,21,21,1,80,25.05,138,0,1,0,0,25.05
2005,6,21,21,1,80,39.05,138,0,1,0,0,39.05
2005,6,21,21,1,80,39.15,138,0,1,0,0,39.15
2005,6,21,21,1,80,41.05,138,0,1,0,0,41.05
2005,6,21,22,1,80,17.65,200,0,1,0,0,17.65
2005,6,21,22,1,80,25.05,138,0,1,0,0,25.05
2005,6,21,22,1,80,39.05,138,0,1,0,0,39.05
2005,6,21,22,1,80,39.15,138,0,1,0,0,39.15
2005,6,21,22,1,80,41.05,138,0,1,0,0,41.05
2005,6,21,23,1,80,17.65,200,0,1,0,0,17.65
2005,6,21,23,1,80,25.05,138,0,1,0,0,25.05
2005,6,21,23,1,80,39.05,138,0,1,0,0,39.05
2005,6,21,23,1,80,39.15,138,0,1,0,0,39.15
2005,6,21,23,1,80,41.05,138,0,1,0,0,41.05
2005,6,21,24,1,80,17.65,200,0,1,0,0,17.65
2005,6,21,24,1,80,25.05,138,0,1,0,0,25.05
2005,6,21,24,1,80,39.05,138,0,1,0,0,39.05
2005,6,21,24,1,80,39.15,138,0,1,0,0,39.15
2005,6,21,24,1,80,41.05,138,0,1,0,0,41.05
2005,6,21,1,1,81,0,73.9,0,2,1,0,0
2005,6,21,1,1,81,80.13,53,0,2,0,0,80.13
2005,6,21,1,1,81,81.61,53,0,2,0,0,81.61
2005,6,21,1,1,81,83.11,53,0,2,0,0,83.11
2005,6,21,1,1,81,84.11,53,0,2,0,0,84.11
2005,6,21,1,1,81,86.71,115,0,2,0,0,86.71
2005,6,21,1,1,81,89.31,115,0,2,0,0,89.31
2005,6,21,1,1,81,91.91,209,0,2,0,0,91.91
2005,6,21,1,1,81,93.21,115,0,2,0,0,93.21
2005,6,21,1,1,81,94.51,115,0,2,0,0,94.51
2005,6,21,1,1,81,121.11,55,0,2,0,0,121.11
2005,6,21,1,1,81,127.04,1319.7,0,2,0,0,127.04
2005,6,21,2,1,81,0,73.9,0,2,1,0,0
2005,6,21,2,1,81,80.13,53,0,2,0,0,80.13
2005,6,21,2,1,81,81.61,53,0,2,0,0,81.61
2005,6,21,2,1,81,83.11,53,0,2,0,0,83.11
2005,6,21,2,1,81,84.11,53,0,2,0,0,84.11
2005,6,21,2,1,81,86.71,115,0,2,0,0,86.71
2005,6,21,2,1,81,89.31,115,0,2,0,0,89.31
2005,6,21,2,1,81,91.91,209,0,2,0,0,91.91
2005,6,21,2,1,81,93.21,115,0,2,0,0,93.21
2005,6,21,2,1,81,94.51,115,0,2,0,0,94.51
2005,6,21,2,1,81,121.11,55,0,2,0,0,121.11
2005,6,21,2,1,81,127.04,1319.7,0,2,0,0,127.04
2005,6,21,3,1,81,0,73.9,0,2,1,0,0
2005,6,21,3,1,81,80.13,53,0,2,0,0,80.13
2005,6,21,3,1,81,81.61,53,0,2,0,0,81.61
2005,6,21,3,1,81,83.11,53,0,2,0,0,83.11
2005,6,21,3,1,81,84.11,53,0,2,0,0,84.11
2005,6,21,3,1,81,86.71,115,0,2,0,0,86.71
2005,6,21,3,1,81,89.31,115,0,2,0,0,89.31
2005,6,21,3,1,81,91.91,209,0,2,0,0,91.91
2005,6,21,3,1,81,93.21,115,0,2,0,0,93.21
2005,6,21,3,1,81,94.51,115,0,2,0,0,94.51
2005,6,21,3,1,81,121.11,55,0,2,0,0,121.11
2005,6,21,3,1,81,127.04,1319.7,0,2,0,0,127.04
2005,6,21,4,1,81,0,73.9,0,2,1,0,0
2005,6,21,4,1,81,80.13,53,0,2,0,0,80.13
2005,6,21,4,1,81,81.61,53,0,2,0,0,81.61
2005,6,21,4,1,81,83.11,53,0,2,0,0,83.11
2005,6,21,4,1,81,84.11,53,0,2,0,0,84.11
2005,6,21,4,1,81,86.71,115,0,2,0,0,86.71
2005,6,21,4,1,81,89.31,115,0,2,0,0,89.31
2005,6,21,4,1,81,91.91,209,0,2,0,0,91.91
2005,6,21,4,1,81,93.21,115,0,2,0,0,93.21
2005,6,21,4,1,81,94.51,115,0,2,0,0,94.51
2005,6,21,4,1,81,121.11,55,0,2,0,0,121.11
2005,6,21,4,1,81,127.04,1319.7,0,2,0,0,127.04
2005,6,21,5,1,81,0,77.2,0,2,1,0,0
2005,6,21,5,1,81,80.13,53,0,2,0,0,80.13
2005,6,21,5,1,81,81.61,53,0,2,0,0,81.61
2005,6,21,5,1,81,83.11,53,0,2,0,0,83.11
2005,6,21,5,1,81,84.11,53,0,2,0,0,84.11
2005,6,21,5,1,81,86.71,115,0,2,0,0,86.71
2005,6,21,5,1,81,89.31,115,0,2,0,0,89.31
2005,6,21,5,1,81,91.91,209,0,2,0,0,91.91
2005,6,21,5,1,81,93.21,115,0,2,0,0,93.21
2005,6,21,5,1,81,94.51,115,0,2,0,0,94.51
2005,6,21,5,1,81,121.11,55,0,2,0,0,121.11
2005,6,21,5,1,81,127.04,1316.4,0,2,0,0,127.04
2005,6,21,6,1,81,0,77.2,0,2,1,0,0
2005,6,21,6,1,81,80.13,53,0,2,0,0,80.13
2005,6,21,6,1,81,81.61,53,0,2,0,0,81.61
2005,6,21,6,1,81,83.11,53,0,2,0,0,83.11
2005,6,21,6,1,81,84.11,53,0,2,0,0,84.11
2005,6,21,6,1,81,86.71,115,0,2,0,0,86.71
2005,6,21,6,1,81,89.31,115,0,2,0,0,89.31
2005,6,21,6,1,81,91.91,209,0,2,0,0,91.91
2005,6,21,6,1,81,93.21,115,0,2,0,0,93.21
2005,6,21,6,1,81,94.51,115,0,2,0,0,94.51
2005,6,21,6,1,81,121.11,55,0,2,0,0,121.11
2005,6,21,6,1,81,127.04,1316.4,0,2,0,0,127.04
2005,6,21,7,1,81,0,77.2,0,2,1,0,0
2005,6,21,7,1,81,80.13,53,0,2,0,0,80.13
2005,6,21,7,1,81,81.61,53,0,2,0,0,81.61
2005,6,21,7,1,81,83.11,53,0,2,0,0,83.11
2005,6,21,7,1,81,84.11,53,0,2,0,0,84.11
2005,6,21,7,1,81,86.71,115,0,2,0,0,86.71
2005,6,21,7,1,81,89.31,115,0,2,0,0,89.31
2005,6,21,7,1,81,91.91,209,0,2,0,0,91.91
2005,6,21,7,1,81,93.21,115,0,2,0,0,93.21
2005,6,21,7,1,81,94.51,115,0,2,0,0,94.51
2005,6,21,7,1,81,121.11,55,0,2,0,0,121.11
2005,6,21,7,1,81,127.04,1316.4,0,2,0,0,127.04
2005,6,21,8,1,81,0,207.2,0,2,1,0,0
2005,6,21,8,1,81,80.13,53,0,2,0,0,80.13
2005,6,21,8,1,81,81.61,53,0,2,0,0,81.61
2005,6,21,8,1,81,83.11,53,0,2,0,0,83.11
2005,6,21,8,1,81,84.11,53,0,2,0,0,84.11
2005,6,21,8,1,81,86.71,115,0,2,0,0,86.71
2005,6,21,8,1,81,89.31,115,0,2,0,0,89.31
2005,6,21,8,1,81,91.91,209,0,2,0,0,91.91
2005,6,21,8,1,81,93.21,115,0,2,0,0,93.21
2005,6,21,8,1,81,94.51,115,0,2,0,0,94.51
2005,6,21,8,1,81,121.11,55,0,2,0,0,121.11
2005,6,21,8,1,81,127.04,1186.4,0,2,0,0,127.04
2005,6,21,9,1,81,0,267.2,0,2,1,0,0
2005,6,21,9,1,81,80.13,53,0,2,0,0,80.13
2005,6,21,9,1,81,81.61,53,0,2,0,0,81.61
2005,6,21,9,1,81,83.11,53,0,2,0,0,83.11
2005,6,21,9,1,81,84.11,53,0,2,0,0,84.11
2005,6,21,9,1,81,86.71,115,0,2,0,0,86.71
2005,6,21,9,1,81,89.31,115,0,2,0,0,89.31
2005,6,21,9,1,81,91.91,209,0,2,0,0,91.91
2005,6,21,9,1,81,93.21,115,0,2,0,0,93.21
2005,6,21,9,1,81,94.51,115,0,2,0,0,94.51
2005,6,21,9,1,81,121.11,55,0,2,0,0,121.11
2005,6,21,9,1,81,127.04,1126.4,0,2,0,0,127.04
2005,6,21,10,1,81,0,447.2,0,2,1,0,0
2005,6,21,10,1,81,80.13,53,0,2,1,0,80.13
2005,6,21,10,1,81,81.61,53,0,2,1,0,81.61
2005,6,21,10,1,81,83.11,53,0,2,1,0,83.11
2005,6,21,10,1,81,84.11,53,0,2,1,0,84.11
2005,6,21,10,1,81,86.71,115,0,2,0,0,86.71
2005,6,21,10,1,81,89.31,115,0,2,0,0,89.31
2005,6,21,10,1,81,93.21,115,0,2,0,0,93.21
2005,6,21,10,1,81,94.51,115,0,2,0,0,94.51
2005,6,21,10,1,81,121.11,55,0,2,0,0,121.11
2005,6,21,10,1,81,127.04,1155.4,0,2,0,0,127.04
2005,6,21,11,1,81,0,457.2,0,2,1,0,0
2005,6,21,11,1,81,80.13,53,0,2,1,0,80.13
2005,6,21,11,1,81,81.63,53,0,2,1,0,81.63
2005,6,21,11,1,81,83.13,53,0,2,1,0,83.13
2005,6,21,11,1,81,84.13,53,0,2,1,0,84.13
2005,6,21,11,1,81,86.73,115,0,2,1,0,86.73
2005,6,21,11,1,81,89.33,115,0,2,1,0,89.33
2005,6,21,11,1,81,93.23,115,0,2,1,0,93.23
2005,6,21,11,1,81,94.53,115,0,2,1,0,94.53
2005,6,21,11,1,81,127.04,1200.4,0,2,0,0,127.04
2005,6,21,12,1,81,0,578.2,0,2,1,0,0
2005,6,21,12,1,81,80.13,53,0,2,1,0,80.13
2005,6,21,12,1,81,81.63,53,0,2,1,0,81.63
2005,6,21,12,1,81,83.13,53,0,2,1,0,83.13
2005,6,21,12,1,81,84.13,53,0,2,1,0,84.13
2005,6,21,12,1,81,86.73,115,0,2,1,0,86.73
2005,6,21,12,1,81,89.33,115,0,2,1,0,89.33
2005,6,21,12,1,81,93.23,115,0,2,1,0,93.23
2005,6,21,12,1,81,94.53,115,0,2,1,0,94.53
2005,6,21,12,1,81,127.04,1079.4,0,2,0,0,127.04
2005,6,21,13,1,81,0,582.2,0,2,1,0,0
2005,6,21,13,1,81,80.13,53,0,2,1,0,80.13
2005,6,21,13,1,81,81.63,53,0,2,1,0,81.63
2005,6,21,13,1,81,83.13,53,0,2,1,0,83.13
2005,6,21,13,1,81,84.13,53,0,2,1,0,84.13
2005,6,21,13,1,81,86.73,115,0,2,1,0,86.73
2005,6,21,13,1,81,89.33,115,0,2,1,0,89.33
2005,6,21,13,1,81,93.23,115,0,2,1,0,93.23
2005,6,21,13,1,81,94.53,115,0,2,1,0,94.53
2005,6,21,13,1,81,127.04,1075.4,0,2,0,0,127.04
2005,6,21,14,1,81,0,582.2,0,2,1,0,0
2005,6,21,14,1,81,80.13,53,0,2,1,0,80.13
2005,6,21,14,1,81,81.63,53,0,2,1,0,81.63
2005,6,21,14,1,81,83.13,53,0,2,1,0,83.13
2005,6,21,14,1,81,84.13,53,0,2,1,0,84.13
2005,6,21,14,1,81,86.73,115,0,2,1,0,86.73
2005,6,21,14,1,81,89.33,115,0,2,1,0,89.33
2005,6,21,14,1,81,93.23,115,0,2,1,0,93.23
2005,6,21,14,1,81,94.53,115,0,2,1,0,94.53
2005,6,21,14,1,81,127.04,1075.4,0,2,0,0,127.04
2005,6,21,15,1,81,0,558.2,0,2,1,0,0
2005,6,21,15,1,81,80.13,53,0,2,1,0,80.13
2005,6,21,15,1,81,81.63,53,0,2,1,0,81.63
2005,6,21,15,1,81,83.13,53,0,2,1,0,83.13
2005,6,21,15,1,81,84.13,53,0,2,1,0,84.13
2005,6,21,15,1,81,86.73,115,0,2,1,0,86.73
2005,6,21,15,1,81,89.33,115,0,2,1,0,89.33
2005,6,21,15,1,81,93.23,115,0,2,1,0,93.23
2005,6,21,15,1,81,94.53,115,0,2,1,0,94.53
2005,6,21,15,1,81,127.04,1099.4,0,2,0,0,127.04
2005,6,21,16,1,81,0,568.2,0,2,1,0,0
2005,6,21,16,1,81,80.13,53,0,2,1,0,80.13
2005,6,21,16,1,81,81.63,53,0,2,1,0,81.63
2005,6,21,16,1,81,83.13,53,0,2,1,0,83.13
2005,6,21,16,1,81,84.13,53,0,2,1,0,84.13
2005,6,21,16,1,81,86.73,115,0,2,1,0,86.73
2005,6,21,16,1,81,89.33,115,0,2,1,0,89.33
2005,6,21,16,1,81,93.23,115,0,2,1,0,93.23
2005,6,21,16,1,81,94.53,115,0,2,1,0,94.53
2005,6,21,16,1,81,127.04,1089.4,0,2,0,0,127.04
2005,6,21,17,1,81,0,593.2,0,2,1,0,0
2005,6,21,17,1,81,80.13,53,0,2,1,0,80.13
2005,6,21,17,1,81,81.63,53,0,2,1,0,81.63
2005,6,21,17,1,81,83.13,53,0,2,1,0,83.13
2005,6,21,17,1,81,84.13,53,0,2,1,0,84.13
2005,6,21,17,1,81,86.73,115,0,2,1,0,86.73
2005,6,21,17,1,81,89.33,115,0,2,1,0,89.33
2005,6,21,17,1,81,93.23,115,0,2,1,0,93.23
2005,6,21,17,1,81,94.53,115,0,2,1,0,94.53
2005,6,21,17,1,81,127.04,1064.4,0,2,0,0,127.04
2005,6,21,18,1,81,0,608.2,0,2,1,0,0
2005,6,21,18,1,81,80.13,53,0,2,1,0,80.13
2005,6,21,18,1,81,81.63,53,0,2,1,0,81.63
2005,6,21,18,1,81,83.13,53,0,2,1,0,83.13
2005,6,21,18,1,81,84.13,53,0,2,1,0,84.13
2005,6,21,18,1,81,86.73,115,0,2,1,0,86.73
2005,6,21,18,1,81,89.33,115,0,2,1,0,89.33
2005,6,21,18,1,81,93.23,115,0,2,1,0,93.23
2005,6,21,18,1,81,94.53,115,0,2,1,0,94.53
2005,6,21,18,1,81,127.04,1049.4,0,2,0,0,127.04
2005,6,21,19,1,81,0,569.2,0,2,1,0,0
2005,6,21,19,1,81,80.13,53,0,2,1,0,80.13
2005,6,21,19,1,81,81.63,53,0,2,1,0,81.63
2005,6,21,19,1,81,83.13,53,0,2,1,0,83.13
2005,6,21,19,1,81,84.13,53,0,2,1,0,84.13
2005,6,21,19,1,81,86.73,115,0,2,1,0,86.73
2005,6,21,19,1,81,89.33,115,0,2,1,0,89.33
2005,6,21,19,1,81,93.23,115,0,2,1,0,93.23
2005,6,21,19,1,81,94.53,115,0,2,1,0,94.53
2005,6,21,19,1,81,127.04,1088.4,0,2,0,0,127.04
2005,6,21,20,1,81,0,471.2,0,2,1,0,0
2005,6,21,20,1,81,80.13,53,0,2,1,0,80.13
2005,6,21,20,1,81,81.63,53,0,2,1,0,81.63
2005,6,21,20,1,81,83.13,53,0,2,1,0,83.13
2005,6,21,20,1,81,84.13,53,0,2,1,0,84.13
2005,6,21,20,1,81,86.73,115,0,2,1,0,86.73
2005,6,21,20,1,81,89.33,115,0,2,1,0,89.33
2005,6,21,20,1,81,93.23,115,0,2,1,0,93.23
2005,6,21,20,1,81,94.53,115,0,2,1,0,94.53
2005,6,21,20,1,81,127.04,1186.4,0,2,0,0,127.04
2005,6,21,21,1,81,0,442.2,0,2,1,0,0
2005,6,21,21,1,81,80.13,53,0,2,1,0,80.13
2005,6,21,21,1,81,81.61,53,0,2,1,0,81.61
2005,6,21,21,1,81,83.11,53,0,2,1,0,83.11
2005,6,21,21,1,81,84.11,53,0,2,1,0,84.11
2005,6,21,21,1,81,86.71,20.8,0,2,1,0,86.71
2005,6,21,21,1,81,89.31,115,0,2,0,0,89.31
2005,6,21,21,1,81,93.21,115,0,2,0,0,93.21
2005,6,21,21,1,81,94.51,115,0,2,0,0,94.51
2005,6,21,21,1,81,121.11,55,0,2,0,0,121.11
2005,6,21,21,1,81,127.04,1160.4,0,2,0,0,127.04
2005,6,21,22,1,81,0,442.2,0,2,1,0,0
2005,6,21,22,1,81,80.13,53,0,2,1,0,80.13
2005,6,21,22,1,81,81.61,45.5,0,2,1,0,81.61
2005,6,21,22,1,81,83.11,53,0,2,0,0,83.11
2005,6,21,22,1,81,84.11,53,0,2,0,0,84.11
2005,6,21,22,1,81,86.71,115,0,2,0,0,86.71
2005,6,21,22,1,81,89.31,115,0,2,0,0,89.31
2005,6,21,22,1,81,93.21,115,0,2,0,0,93.21
2005,6,21,22,1,81,94.51,115,0,2,0,0,94.51
2005,6,21,22,1,81,121.11,55,0,2,0,0,121.11
2005,6,21,22,1,81,127.04,1160.4,0,2,0,0,127.04
2005,6,21,23,1,81,0,442.2,0,2,1,0,0
2005,6,21,23,1,81,80.13,53,0,2,1,0,80.13
2005,6,21,23,1,81,81.61,53,0,2,1,0,81.61
2005,6,21,23,1,81,83.11,53,0,2,1,0,83.11
2005,6,21,23,1,81,84.11,39,0,2,1,0,84.11
2005,6,21,23,1,81,86.71,115,0,2,0,0,86.71
2005,6,21,23,1,81,89.31,115,0,2,0,0,89.31
2005,6,21,23,1,81,93.21,115,0,2,0,0,93.21
2005,6,21,23,1,81,94.51,115,0,2,0,0,94.51
2005,6,21,23,1,81,121.11,55,0,2,0,0,121.11
2005,6,21,23,1,81,127.04,1160.4,0,2,0,0,127.04
2005,6,21,24,1,81,0,238.9,0,2,1,0,0
2005,6,21,24,1,81,80.13,53,0,2,0,0,80.13
2005,6,21,24,1,81,81.61,53,0,2,0,0,81.61
2005,6,21,24,1,81,83.11,53,0,2,0,0,83.11
2005,6,21,24,1,81,84.11,53,0,2,0,0,84.11
2005,6,21,24,1,81,86.71,115,0,2,0,0,86.71
2005,6,21,24,1,81,89.31,115,0,2,0,0,89.31
2005,6,21,24,1,81,91.91,209,0,2,0,0,91.91
2005,6,21,24,1,81,93.21,115,0,2,0,0,93.21
2005,6,21,24,1,81,94.51,115,0,2,0,0,94.51
2005,6,21,24,1,81,121.11,55,0,2,0,0,121.11
2005,6,21,24,1,81,127.04,1154.7,0,2,0,0,127.04
2005,6,21,1,9,82,180.3,12.1,0,1,1,0,180.3
2005,6,21,2,9,82,180.3,11.2,0,1,1,0,180.3
2005,6,21,3,9,82,180.3,10.8,0,1,1,0,180.3
2005,6,21,4,9,82,180.3,10.8,0,1,1,0,180.3
2005,6,21,5,9,82,180.3,10.9,0,1,1,0,180.3
2005,6,21,6,9,82,180.3,11,0,1,1,0,180.3
2005,6,21,7,9,82,180.3,11,0,1,1,0,180.3
2005,6,21,8,9,82,180.3,11,0,1,1,0,180.3
2005,6,21,9,9,82,180.3,10.6,0,1,1,0,180.3
2005,6,21,10,9,82,180.3,11.2,0,1,1,0,180.3
2005,6,21,11,9,82,180.3,11.5,0,1,1,0,180.3
2005,6,21,12,9,82,180.3,11.8,0,1,1,0,180.3
2005,6,21,13,9,82,180.3,12.1,0,1,1,0,180.3
2005,6,21,14,9,82,180.3,11.9,0,1,1,0,180.3
2005,6,21,15,9,82,180.3,11.6,0,1,1,0,180.3
2005,6,21,16,9,82,180.3,11.4,0,1,1,0,180.3
2005,6,21,17,9,82,180.3,11.7,0,1,1,0,180.3
2005,6,21,18,9,82,180.3,12,0,1,1,0,180.3
2005,6,21,19,9,82,180.3,11.5,0,1,1,0,180.3
2005,6,21,20,9,82,180.3,11.6,0,1,1,0,180.3
2005,6,21,21,9,82,180.3,11.9,0,1,1,0,180.3
2005,6,21,22,9,82,180.3,12.7,0,1,1,0,180.3
2005,6,21,23,9,82,180.3,13,0,1,1,0,180.3
2005,6,21,24,9,82,180.3,11.9,0,1,1,0,180.3
2005,6,21,1,9,83,180,.2,0,1,1,0,180
2005,6,21,2,9,83,180,.2,0,1,1,0,180
2005,6,21,3,9,83,180,.2,0,1,1,0,180
2005,6,21,4,9,83,180,.2,0,1,1,0,180
2005,6,21,5,9,83,180,.2,0,1,1,0,180
2005,6,21,6,9,83,180,.2,0,1,1,0,180
2005,6,21,7,9,83,180,.3,0,1,1,0,180
2005,6,21,8,9,83,180,.3,0,1,1,0,180
2005,6,21,9,9,83,180,.4,0,1,1,0,180
2005,6,21,10,9,83,180,.5,0,1,1,0,180
2005,6,21,11,9,83,180,.6,0,1,1,0,180
2005,6,21,12,9,83,180,.6,0,1,1,0,180
2005,6,21,13,9,83,180,.6,0,1,1,0,180
2005,6,21,14,9,83,180,.6,0,1,1,0,180
2005,6,21,15,9,83,180,.6,0,1,1,0,180
2005,6,21,16,9,83,180,.6,0,1,1,0,180
2005,6,21,17,9,83,180,.6,0,1,1,0,180
2005,6,21,18,9,83,180,.7,0,1,1,0,180
2005,6,21,19,9,83,180,.6,0,1,1,0,180
2005,6,21,20,9,83,180,.6,0,1,1,0,180
2005,6,21,21,9,83,180,.6,0,1,1,0,180
2005,6,21,22,9,83,180,.4,0,1,1,0,180
2005,6,21,23,9,83,180,.3,0,1,1,0,180
2005,6,21,24,9,83,180,.2,0,1,1,0,180
2005,6,21,1,1,84,0,44.5,0,2,1,0,0
2005,6,21,1,1,84,129.33,115.5,0,2,0,0,129.33
2005,6,21,2,1,84,0,44.7,0,2,1,0,0
2005,6,21,2,1,84,129.33,115.3,0,2,0,0,129.33
2005,6,21,3,1,84,0,45.2,0,2,1,0,0
2005,6,21,3,1,84,129.33,114.8,0,2,0,0,129.33
2005,6,21,4,1,84,0,45.1,0,2,1,0,0
2005,6,21,4,1,84,129.33,114.9,0,2,0,0,129.33
2005,6,21,5,1,84,0,45,0,2,1,0,0
2005,6,21,5,1,84,129.33,115,0,2,0,0,129.33
2005,6,21,6,1,84,0,45,0,2,1,0,0
2005,6,21,6,1,84,129.33,115,0,2,0,0,129.33
2005,6,21,7,1,84,0,44.7,0,2,1,0,0
2005,6,21,7,1,84,129.33,115.3,0,2,0,0,129.33
2005,6,21,8,1,84,0,44.7,0,2,1,0,0
2005,6,21,8,1,84,129.33,115.3,0,2,0,0,129.33
2005,6,21,9,1,84,0,44.5,0,2,1,0,0
2005,6,21,9,1,84,129.33,115.5,0,2,0,0,129.33
2005,6,21,10,1,84,0,44.5,0,2,1,0,0
2005,6,21,10,1,84,129.33,115.5,0,2,0,0,129.33
2005,6,21,11,1,84,0,44.4,0,2,1,0,0
2005,6,21,11,1,84,129.33,115.6,0,2,0,0,129.33
2005,6,21,12,1,84,0,44,0,2,1,0,0
2005,6,21,12,1,84,129.33,116,0,2,0,0,129.33
2005,6,21,13,1,84,0,84.2,0,2,1,0,0
2005,6,21,13,1,84,129.33,75.8,0,2,0,0,129.33
2005,6,21,14,1,84,0,84.2,0,2,1,0,0
2005,6,21,14,1,84,129.33,75.8,0,2,0,0,129.33
2005,6,21,15,1,84,0,84.2,0,2,1,0,0
2005,6,21,15,1,84,129.33,75.8,0,2,0,0,129.33
2005,6,21,16,1,84,0,84.2,0,2,1,0,0
2005,6,21,16,1,84,129.33,75.8,0,2,0,0,129.33
2005,6,21,17,1,84,0,84.1,0,2,1,0,0
2005,6,21,17,1,84,129.33,75.9,0,2,0,0,129.33
2005,6,21,18,1,84,0,44.1,0,2,1,0,0
2005,6,21,18,1,84,129.33,115.9,0,2,0,0,129.33
2005,6,21,19,1,84,0,44,0,2,1,0,0
2005,6,21,19,1,84,129.33,116,0,2,0,0,129.33
2005,6,21,20,1,84,0,43.9,0,2,1,0,0
2005,6,21,20,1,84,129.33,116.1,0,2,0,0,129.33
2005,6,21,21,1,84,0,43.9,0,2,1,0,0
2005,6,21,21,1,84,129.33,116.1,0,2,0,0,129.33
2005,6,21,22,1,84,0,43.9,0,2,1,0,0
2005,6,21,22,1,84,129.33,116.1,0,2,0,0,129.33
2005,6,21,23,1,84,0,43.9,0,2,1,0,0
2005,6,21,23,1,84,129.33,116.1,0,2,0,0,129.33
2005,6,21,24,1,84,0,43.9,0,2,1,0,0
2005,6,21,24,1,84,129.33,116.1,0,2,0,0,129.33
2005,6,21,1,2,85,0,81,0,2,1,0,0
2005,6,21,1,2,85,70.01,8.8,0,2,0,0,70.01
2005,6,21,1,2,85,73.35,8.8,0,2,0,0,73.35
2005,6,21,1,2,85,76.7,8.8,0,2,0,0,76.7
2005,6,21,1,2,85,80.04,8.8,0,2,0,0,80.04
2005,6,21,2,2,85,0,81,0,2,1,0,0
2005,6,21,2,2,85,70.01,8.8,0,2,0,0,70.01
2005,6,21,2,2,85,73.35,8.8,0,2,0,0,73.35
2005,6,21,2,2,85,76.7,8.8,0,2,0,0,76.7
2005,6,21,2,2,85,80.04,8.8,0,2,0,0,80.04
2005,6,21,3,2,85,0,81,0,2,1,0,0
2005,6,21,3,2,85,70.01,8.8,0,2,0,0,70.01
2005,6,21,3,2,85,73.35,8.8,0,2,0,0,73.35
2005,6,21,3,2,85,76.7,8.8,0,2,0,0,76.7
2005,6,21,3,2,85,80.04,8.8,0,2,0,0,80.04
2005,6,21,4,2,85,0,81,0,2,1,0,0
2005,6,21,4,2,85,70.01,8.8,0,2,0,0,70.01
2005,6,21,4,2,85,73.35,8.8,0,2,0,0,73.35
2005,6,21,4,2,85,76.7,8.8,0,2,0,0,76.7
2005,6,21,4,2,85,80.04,8.8,0,2,0,0,80.04
2005,6,21,5,2,85,0,81,0,2,1,0,0
2005,6,21,5,2,85,70.01,8.8,0,2,0,0,70.01
2005,6,21,5,2,85,73.35,8.8,0,2,0,0,73.35
2005,6,21,5,2,85,76.7,8.8,0,2,0,0,76.7
2005,6,21,5,2,85,80.04,8.8,0,2,0,0,80.04
2005,6,21,6,2,85,0,81,0,2,1,0,0
2005,6,21,6,2,85,70.01,8.8,0,2,0,0,70.01
2005,6,21,6,2,85,73.35,8.8,0,2,0,0,73.35
2005,6,21,6,2,85,76.7,8.8,0,2,0,0,76.7
2005,6,21,6,2,85,80.04,8.8,0,2,0,0,80.04
2005,6,21,7,2,85,0,83,0,2,1,0,0
2005,6,21,7,2,85,70.01,8.8,0,2,0,0,70.01
2005,6,21,7,2,85,73.35,8.8,0,2,0,0,73.35
2005,6,21,7,2,85,76.7,8.8,0,2,0,0,76.7
2005,6,21,7,2,85,80.04,8.8,0,2,0,0,80.04
2005,6,21,8,2,85,0,117.3,0,2,1,0,0
2005,6,21,8,2,85,70.01,8.8,0,2,0,0,70.01
2005,6,21,8,2,85,73.35,8.8,0,2,0,0,73.35
2005,6,21,8,2,85,76.7,8.8,0,2,0,0,76.7
2005,6,21,8,2,85,80.04,8.8,0,2,0,0,80.04
2005,6,21,9,2,85,0,132.3,0,2,1,0,0
2005,6,21,10,2,85,0,162.3,0,2,1,0,0
2005,6,21,11,2,85,0,188.3,0,2,1,0,0
2005,6,21,12,2,85,0,210,0,2,1,0,0
2005,6,21,13,2,85,0,210,0,2,1,0,0
2005,6,21,14,2,85,0,210,0,2,1,0,0
2005,6,21,15,2,85,0,192.1,0,2,1,0,0
2005,6,21,16,2,85,0,192.1,0,2,1,0,0
2005,6,21,17,2,85,0,210,0,2,1,0,0
2005,6,21,18,2,85,0,210,0,2,1,0,0
2005,6,21,19,2,85,0,210,0,2,1,0,0
2005,6,21,20,2,85,0,173.9,0,2,1,0,0
2005,6,21,21,2,85,0,132.7,0,2,1,0,0
2005,6,21,22,2,85,0,132.7,0,2,1,0,0
2005,6,21,23,2,85,0,132.7,0,2,1,0,0
2005,6,21,24,2,85,0,106,0,2,1,0,0
2005,6,21,1,2,86,0,499.8,0,2,1,0,0
2005,6,21,1,2,86,70.01,11,0,2,0,0,70.01
2005,6,21,1,2,86,73.35,11,0,2,0,0,73.35
2005,6,21,1,2,86,76.7,11,0,2,0,0,76.7
2005,6,21,1,2,86,80.04,11,0,2,0,0,80.04
2005,6,21,2,2,86,0,467.3,0,2,1,0,0
2005,6,21,2,2,86,70.01,11,0,2,0,0,70.01
2005,6,21,2,2,86,73.35,11,0,2,0,0,73.35
2005,6,21,2,2,86,76.7,11,0,2,0,0,76.7
2005,6,21,2,2,86,80.04,11,0,2,0,0,80.04
2005,6,21,3,2,86,0,397.1,0,2,1,0,0
2005,6,21,3,2,86,70.01,11,0,2,0,0,70.01
2005,6,21,3,2,86,73.35,11,0,2,0,0,73.35
2005,6,21,3,2,86,76.7,11,0,2,0,0,76.7
2005,6,21,3,2,86,80.04,11,0,2,0,0,80.04
2005,6,21,4,2,86,0,394.2,0,2,1,0,0
2005,6,21,4,2,86,70.01,11,0,2,0,0,70.01
2005,6,21,4,2,86,73.35,11,0,2,0,0,73.35
2005,6,21,4,2,86,76.7,11,0,2,0,0,76.7
2005,6,21,4,2,86,80.04,11,0,2,0,0,80.04
2005,6,21,5,2,86,0,391.1,0,2,1,0,0
2005,6,21,5,2,86,70.01,11,0,2,0,0,70.01
2005,6,21,5,2,86,73.35,11,0,2,0,0,73.35
2005,6,21,5,2,86,76.7,11,0,2,0,0,76.7
2005,6,21,5,2,86,80.04,11,0,2,0,0,80.04
2005,6,21,6,2,86,0,413.7,0,2,1,0,0
2005,6,21,6,2,86,70.01,11,0,2,0,0,70.01
2005,6,21,6,2,86,73.35,11,0,2,0,0,73.35
2005,6,21,6,2,86,76.7,11,0,2,0,0,76.7
2005,6,21,6,2,86,80.04,11,0,2,0,0,80.04
2005,6,21,7,2,86,0,484.6,0,2,1,0,0
2005,6,21,7,2,86,70.01,5.5,0,2,0,0,70.01
2005,6,21,7,2,86,73.35,5.5,0,2,0,0,73.35
2005,6,21,7,2,86,76.7,5.5,0,2,0,0,76.7
2005,6,21,7,2,86,80.04,5.5,0,2,0,0,80.04
2005,6,21,8,2,86,0,524,0,2,1,0,0
2005,6,21,8,2,86,70.01,5.5,0,2,0,0,70.01
2005,6,21,8,2,86,73.35,5.5,0,2,0,0,73.35
2005,6,21,8,2,86,76.7,5.5,0,2,0,0,76.7
2005,6,21,8,2,86,80.04,5.5,0,2,0,0,80.04
2005,6,21,9,2,86,0,597.7,0,2,1,0,0
2005,6,21,9,2,86,70.01,5.5,0,2,0,0,70.01
2005,6,21,9,2,86,73.35,5.5,0,2,0,0,73.35
2005,6,21,9,2,86,76.7,5.5,0,2,0,0,76.7
2005,6,21,9,2,86,80.04,5.5,0,2,0,0,80.04
2005,6,21,10,2,86,0,646,0,2,1,0,0
2005,6,21,10,2,86,70.01,5.5,0,2,1,0,70.01
2005,6,21,10,2,86,73.35,5.5,0,2,1,0,73.35
2005,6,21,10,2,86,76.7,5.5,0,2,1,0,76.7
2005,6,21,10,2,86,80.04,5.5,0,2,1,0,80.04
2005,6,21,11,2,86,0,761.1,0,2,1,0,0
2005,6,21,12,2,86,0,880.9,0,2,1,0,0
2005,6,21,13,2,86,0,881,0,2,1,0,0
2005,6,21,14,2,86,0,881,0,2,1,0,0
2005,6,21,15,2,86,0,798.5,0,2,1,0,0
2005,6,21,16,2,86,0,801.4,0,2,1,0,0
2005,6,21,17,2,86,0,879.2,0,2,1,0,0
2005,6,21,18,2,86,0,880.4,0,2,1,0,0
2005,6,21,19,2,86,0,880.4,0,2,1,0,0
2005,6,21,20,2,86,0,745,0,2,1,0,0
2005,6,21,21,2,86,0,600.8,0,2,1,0,0
2005,6,21,21,2,86,70.01,11,0,2,1,0,70.01
2005,6,21,21,2,86,73.35,11,0,2,1,0,73.35
2005,6,21,21,2,86,76.7,11,0,2,1,0,76.7
2005,6,21,21,2,86,80.04,11,0,2,1,0,80.04
2005,6,21,22,2,86,0,570.2,0,2,1,0,0
2005,6,21,22,2,86,70.01,11,0,2,1,0,70.01
2005,6,21,22,2,86,73.35,11,0,2,1,0,73.35
2005,6,21,22,2,86,76.7,11,0,2,1,0,76.7
2005,6,21,22,2,86,80.04,11,0,2,1,0,80.04
2005,6,21,23,2,86,0,542.7,0,2,1,0,0
2005,6,21,23,2,86,70.01,11,0,2,1,0,70.01
2005,6,21,23,2,86,73.35,11,0,2,1,0,73.35
2005,6,21,23,2,86,76.7,11,0,2,1,0,76.7
2005,6,21,23,2,86,80.04,11,0,2,1,0,80.04
2005,6,21,24,2,86,0,536.5,0,2,1,0,0
2005,6,21,24,2,86,70.01,11,0,2,0,0,70.01
2005,6,21,24,2,86,73.35,11,0,2,0,0,73.35
2005,6,21,24,2,86,76.7,11,0,2,0,0,76.7
2005,6,21,24,2,86,80.04,11,0,2,0,0,80.04
2005,6,21,1,6,1050,0,142,.955796,2,1,0,0
2005,6,21,2,6,1050,0,142,.955796,2,1,0,0
2005,6,21,3,6,1050,0,142,.955796,2,1,0,0
2005,6,21,4,6,1050,0,142,.955796,2,1,0,0
2005,6,21,5,6,1050,0,142,.955796,2,1,0,0
2005,6,21,6,6,1050,0,142,.955796,2,1,0,0
2005,6,21,7,6,1050,0,142,.955796,2,1,0,0
2005,6,21,8,6,1050,0,142,.955796,2,1,0,0
2005,6,21,9,6,1050,0,142,.955796,2,1,0,0
2005,6,21,10,6,1050,0,142,.955796,2,1,0,0
2005,6,21,11,6,1050,0,142,.955796,2,1,0,0
2005,6,21,12,6,1050,0,142,.955796,2,1,0,0
2005,6,21,13,6,1050,0,125,.955796,2,1,0,0
2005,6,21,13,6,1050,150,17,.955796,2,0,0,150
2005,6,21,14,6,1050,0,125,.955796,2,1,0,0
2005,6,21,14,6,1050,150,17,.955796,2,0,0,150
2005,6,21,15,6,1050,0,125,.955796,2,1,0,0
2005,6,21,15,6,1050,150,17,.955796,2,0,0,150
2005,6,21,16,6,1050,0,125,.955796,2,1,0,0
2005,6,21,16,6,1050,150,17,.955796,2,0,0,150
2005,6,21,17,6,1050,0,125,.955796,2,1,0,0
2005,6,21,17,6,1050,150,17,.955796,2,0,0,150
2005,6,21,18,6,1050,0,125,.955796,2,1,0,0
2005,6,21,18,6,1050,150,17,.955796,2,0,0,150
2005,6,21,19,6,1050,0,125,.955796,2,1,0,0
2005,6,21,19,6,1050,150,17,.955796,2,0,0,150
2005,6,21,20,6,1050,0,125,.955796,2,1,0,0
2005,6,21,20,6,1050,150,17,.955796,2,0,0,150
2005,6,21,21,6,1050,0,125,.955796,2,1,0,0
2005,6,21,21,6,1050,150,17,.955796,2,0,0,150
2005,6,21,22,6,1050,0,142,.955796,2,1,0,0
2005,6,21,23,6,1050,0,142,.955796,2,1,0,0
2005,6,21,24,6,1050,0,142,.955796,2,1,0,0
2005,6,21,1,9,88,0,14.6,0,2,1,0,0
2005,6,21,2,9,88,0,14.7,0,2,1,0,0
2005,6,21,3,9,88,0,14.7,0,2,1,0,0
2005,6,21,4,9,88,0,14.8,0,2,1,0,0
2005,6,21,5,9,88,0,14.9,0,2,1,0,0
2005,6,21,6,9,88,0,14.9,0,2,1,0,0
2005,6,21,7,9,88,0,14.7,0,2,1,0,0
2005,6,21,8,9,88,0,14.6,0,2,1,0,0
2005,6,21,9,9,88,0,14.5,0,2,1,0,0
2005,6,21,10,9,88,0,14.4,0,2,1,0,0
2005,6,21,11,9,88,0,14.3,0,2,1,0,0
2005,6,21,12,9,88,0,14.2,0,2,1,0,0
2005,6,21,13,9,88,0,14.2,0,2,1,0,0
2005,6,21,14,9,88,0,14.1,0,2,1,0,0
2005,6,21,15,9,88,0,14.1,0,2,1,0,0
2005,6,21,16,9,88,0,14,0,2,1,0,0
2005,6,21,17,9,88,0,14,0,2,1,0,0
2005,6,21,18,9,88,0,14.1,0,2,1,0,0
2005,6,21,19,9,88,0,14.2,0,2,1,0,0
2005,6,21,20,9,88,0,14.2,0,2,1,0,0
2005,6,21,21,9,88,0,14.3,0,2,1,0,0
2005,6,21,22,9,88,0,14.4,0,2,1,0,0
2005,6,21,23,9,88,0,14.5,0,2,1,0,0
2005,6,21,24,9,88,0,14.6,0,2,1,0,0
2005,6,21,1,6,1051,0,40,1.3035,2,1,0,0
2005,6,21,1,6,1051,150,25,1.3035,2,0,0,150
2005,6,21,2,6,1051,0,40,1.3035,2,1,0,0
2005,6,21,2,6,1051,150,25,1.3035,2,0,0,150
2005,6,21,3,6,1051,0,40,1.3035,2,1,0,0
2005,6,21,3,6,1051,150,25,1.3035,2,0,0,150
2005,6,21,4,6,1051,0,40,1.3035,2,1,0,0
2005,6,21,4,6,1051,150,25,1.3035,2,0,0,150
2005,6,21,5,6,1051,0,40,1.3035,2,1,0,0
2005,6,21,5,6,1051,150,25,1.3035,2,0,0,150
2005,6,21,6,6,1051,0,40,1.3035,2,1,0,0
2005,6,21,6,6,1051,150,25,1.3035,2,0,0,150
2005,6,21,7,6,1051,0,40,1.3035,2,1,0,0
2005,6,21,7,6,1051,150,25,1.3035,2,0,0,150
2005,6,21,8,6,1051,0,40,1.3035,2,1,0,0
2005,6,21,8,6,1051,150,25,1.3035,2,0,0,150
2005,6,21,9,6,1051,0,40,1.3035,2,1,0,0
2005,6,21,9,6,1051,150,25,1.3035,2,0,0,150
2005,6,21,10,6,1051,0,40,1.3035,2,1,0,0
2005,6,21,10,6,1051,150,25,1.3035,2,0,0,150
2005,6,21,11,6,1051,0,40,1.3035,2,1,0,0
2005,6,21,11,6,1051,150,25,1.3035,2,0,0,150
2005,6,21,12,6,1051,0,40,1.3035,2,1,0,0
2005,6,21,12,6,1051,150,25,1.3035,2,0,0,150
2005,6,21,13,6,1051,0,40,1.3035,2,1,0,0
2005,6,21,13,6,1051,150,25,1.3035,2,0,0,150
2005,6,21,14,6,1051,0,40,1.3035,2,1,0,0
2005,6,21,14,6,1051,150,25,1.3035,2,0,0,150
2005,6,21,15,6,1051,0,40,1.3035,2,1,0,0
2005,6,21,15,6,1051,150,25,1.3035,2,0,0,150
2005,6,21,16,6,1051,0,40,1.3035,2,1,0,0
2005,6,21,16,6,1051,150,25,1.3035,2,0,0,150
2005,6,21,17,6,1051,0,40,1.3035,2,1,0,0
2005,6,21,17,6,1051,150,25,1.3035,2,0,0,150
2005,6,21,18,6,1051,0,40,1.3035,2,1,0,0
2005,6,21,18,6,1051,150,25,1.3035,2,0,0,150
2005,6,21,19,6,1051,0,40,1.3035,2,1,0,0
2005,6,21,19,6,1051,150,25,1.3035,2,0,0,150
2005,6,21,20,6,1051,0,40,1.3035,2,1,0,0
2005,6,21,20,6,1051,150,25,1.3035,2,0,0,150
2005,6,21,21,6,1051,0,40,1.3035,2,1,0,0
2005,6,21,21,6,1051,150,25,1.3035,2,0,0,150
2005,6,21,22,6,1051,0,40,1.3035,2,1,0,0
2005,6,21,22,6,1051,150,25,1.3035,2,0,0,150
2005,6,21,23,6,1051,0,40,1.3035,2,1,0,0
2005,6,21,23,6,1051,150,25,1.3035,2,0,0,150
2005,6,21,24,6,1051,0,40,1.3035,2,1,0,0
2005,6,21,24,6,1051,150,25,1.3035,2,0,0,150
2005,6,21,1,4,90,0,27.4,0,2,1,0,0
2005,6,21,2,4,90,0,26.5,0,2,1,0,0
2005,6,21,3,4,90,0,25.6,0,2,1,0,0
2005,6,21,4,4,90,0,24.9,0,2,1,0,0
2005,6,21,5,4,90,0,24.1,0,2,1,0,0
2005,6,21,6,4,90,0,23.5,0,2,1,0,0
2005,6,21,7,4,90,0,22.9,0,2,1,0,0
2005,6,21,8,4,90,0,22.4,0,2,1,0,0
2005,6,21,9,4,90,0,22,0,2,1,0,0
2005,6,21,10,4,90,0,21.7,0,2,1,0,0
2005,6,21,11,4,90,0,21.6,0,2,1,0,0
2005,6,21,12,4,90,0,21.6,0,2,1,0,0
2005,6,21,13,4,90,0,21.8,0,2,1,0,0
2005,6,21,14,4,90,0,22.2,0,2,1,0,0
2005,6,21,15,4,90,0,22.7,0,2,1,0,0
2005,6,21,16,4,90,0,24.1,0,2,1,0,0
2005,6,21,17,4,90,0,25.6,0,2,1,0,0
2005,6,21,18,4,90,0,27.2,0,2,1,0,0
2005,6,21,19,4,90,0,28.6,0,2,1,0,0
2005,6,21,20,4,90,0,29.9,0,2,1,0,0
2005,6,21,21,4,90,0,30.9,0,2,1,0,0
2005,6,21,22,4,90,0,30.4,0,2,1,0,0
2005,6,21,23,4,90,0,29.6,0,2,1,0,0
2005,6,21,24,4,90,0,28.7,0,2,1,0,0
2005,6,21,1,4,91,0,30.5,0,2,1,0,0
2005,6,21,2,4,91,0,32.1,0,2,1,0,0
2005,6,21,3,4,91,0,33.6,0,2,1,0,0
2005,6,21,4,4,91,0,33.6,0,2,1,0,0
2005,6,21,5,4,91,0,33.3,0,2,1,0,0
2005,6,21,6,4,91,0,32.8,0,2,1,0,0
2005,6,21,7,4,91,0,32,0,2,1,0,0
2005,6,21,8,4,91,0,31,0,2,1,0,0
2005,6,21,9,4,91,0,30,0,2,1,0,0
2005,6,21,10,4,91,0,29,0,2,1,0,0
2005,6,21,11,4,91,0,27.9,0,2,1,0,0
2005,6,21,12,4,91,0,26.9,0,2,1,0,0
2005,6,21,13,4,91,0,25.9,0,2,1,0,0
2005,6,21,14,4,91,0,24.9,0,2,1,0,0
2005,6,21,15,4,91,0,23.9,0,2,1,0,0
2005,6,21,16,4,91,0,23.2,0,2,1,0,0
2005,6,21,17,4,91,0,22.7,0,2,1,0,0
2005,6,21,18,4,91,0,22.1,0,2,1,0,0
2005,6,21,19,4,91,0,21.7,0,2,1,0,0
2005,6,21,20,4,91,0,21.3,0,2,1,0,0
2005,6,21,21,4,91,0,20.9,0,2,1,0,0
2005,6,21,22,4,91,0,20.9,0,2,1,0,0
2005,6,21,23,4,91,0,20.8,0,2,1,0,0
2005,6,21,24,4,91,0,20.7,0,2,1,0,0
2005,6,21,1,4,92,0,134.1,0,2,1,0,0
2005,6,21,2,4,92,0,138.9,0,2,1,0,0
2005,6,21,3,4,92,0,143.4,0,2,1,0,0
2005,6,21,4,4,92,0,147.7,0,2,1,0,0
2005,6,21,5,4,92,0,151.4,0,2,1,0,0
2005,6,21,6,4,92,0,154.4,0,2,1,0,0
2005,6,21,7,4,92,0,186,0,2,1,0,0
2005,6,21,8,4,92,0,212.1,0,2,1,0,0
2005,6,21,9,4,92,0,212.2,0,2,1,0,0
2005,6,21,10,4,92,0,209.1,0,2,1,0,0
2005,6,21,11,4,92,0,205.1,0,2,1,0,0
2005,6,21,12,4,92,0,198.2,0,2,1,0,0
2005,6,21,13,4,92,0,189.7,0,2,1,0,0
2005,6,21,14,4,92,0,181.1,0,2,1,0,0
2005,6,21,15,4,92,0,172.6,0,2,1,0,0
2005,6,21,16,4,92,0,165.2,0,2,1,0,0
2005,6,21,17,4,92,0,158.7,0,2,1,0,0
2005,6,21,18,4,92,0,153.2,0,2,1,0,0
2005,6,21,19,4,92,0,149,0,2,1,0,0
2005,6,21,20,4,92,0,146.4,0,2,1,0,0
2005,6,21,21,4,92,0,145.5,0,2,1,0,0
2005,6,21,22,4,92,0,154.2,0,2,1,0,0
2005,6,21,23,4,92,0,164,0,2,1,0,0
2005,6,21,24,4,92,0,148.9,0,2,1,0,0
2005,6,21,1,9,93,0,.1,0,1,0,0,0
2005,6,21,2,9,93,0,.1,0,1,0,0,0
2005,6,21,3,9,93,0,.1,0,1,0,0,0
2005,6,21,4,9,93,0,.1,0,1,0,0,0
2005,6,21,5,9,93,0,.1,0,1,0,0,0
2005,6,21,6,9,93,0,.1,0,1,0,0,0
2005,6,21,7,9,93,0,.1,0,1,0,0,0
2005,6,21,8,9,93,0,.1,0,1,0,0,0
2005,6,21,9,9,93,0,.1,0,1,0,0,0
2005,6,21,10,9,93,0,.1,0,1,0,0,0
2005,6,21,11,9,93,0,.1,0,1,0,0,0
2005,6,21,12,9,93,0,.1,0,1,0,0,0
2005,6,21,13,9,93,0,.1,0,1,0,0,0
2005,6,21,14,9,93,0,.1,0,1,0,0,0
2005,6,21,15,9,93,0,.1,0,1,0,0,0
2005,6,21,16,9,93,0,.1,0,1,0,0,0
2005,6,21,17,9,93,0,.1,0,1,0,0,0
2005,6,21,18,9,93,0,.1,0,1,0,0,0
2005,6,21,19,9,93,0,.1,0,1,0,0,0
2005,6,21,20,9,93,0,.1,0,1,0,0,0
2005,6,21,21,9,93,0,.1,0,1,0,0,0
2005,6,21,22,9,93,0,.1,0,1,0,0,0
2005,6,21,23,9,93,0,.1,0,1,0,0,0
2005,6,21,24,9,93,0,.1,0,1,0,0,0
2005,6,21,1,9,94,0,50,0,2,1,0,0
2005,6,21,2,9,94,0,50,0,2,1,0,0
2005,6,21,3,9,94,0,50,0,2,1,0,0
2005,6,21,4,9,94,0,50,0,2,1,0,0
2005,6,21,5,9,94,0,50,0,2,1,0,0
2005,6,21,6,9,94,0,50,0,2,1,0,0
2005,6,21,7,9,94,0,50,0,2,1,0,0
2005,6,21,8,9,94,0,50,0,2,1,0,0
2005,6,21,9,9,94,0,50,0,2,1,0,0
2005,6,21,10,9,94,0,33.8,0,2,1,0,0
2005,6,21,11,9,94,0,33.6,0,2,1,0,0
2005,6,21,12,9,94,0,33.6,0,2,1,0,0
2005,6,21,13,9,94,0,33.9,0,2,1,0,0
2005,6,21,14,9,94,0,33.9,0,2,1,0,0
2005,6,21,15,9,94,0,34.4,0,2,1,0,0
2005,6,21,16,9,94,0,35.8,0,2,1,0,0
2005,6,21,17,9,94,0,35.8,0,2,1,0,0
2005,6,21,18,9,94,0,35.7,0,2,1,0,0
2005,6,21,19,9,94,0,35.7,0,2,1,0,0
2005,6,21,20,9,94,0,35.7,0,2,1,0,0
2005,6,21,21,9,94,0,35.1,0,2,1,0,0
2005,6,21,22,9,94,0,35.3,0,2,1,0,0
2005,6,21,23,9,94,0,35.4,0,2,1,0,0
2005,6,21,24,9,94,0,35.6,0,2,1,0,0
2005,6,21,1,3,95,0,.1,0,1,0,0,0
2005,6,21,2,3,95,0,.1,0,1,0,0,0
2005,6,21,3,3,95,0,.1,0,1,0,0,0
2005,6,21,4,3,95,0,.1,0,1,0,0,0
2005,6,21,5,3,95,0,.1,0,1,0,0,0
2005,6,21,6,3,95,0,.1,0,1,0,0,0
2005,6,21,7,3,95,0,.1,0,1,0,0,0
2005,6,21,8,3,95,0,.1,0,1,0,0,0
2005,6,21,9,3,95,0,.1,0,1,0,0,0
2005,6,21,10,3,95,0,.1,0,1,0,0,0
2005,6,21,11,3,95,0,.1,0,1,0,0,0
2005,6,21,12,3,95,0,.1,0,1,0,0,0
2005,6,21,13,3,95,0,.1,0,1,0,0,0
2005,6,21,14,3,95,0,.1,0,1,0,0,0
2005,6,21,15,3,95,0,.1,0,1,0,0,0
2005,6,21,16,3,95,0,.1,0,1,0,0,0
2005,6,21,17,3,95,0,.1,0,1,0,0,0
2005,6,21,18,3,95,0,.1,0,1,0,0,0
2005,6,21,19,3,95,0,.1,0,1,0,0,0
2005,6,21,20,3,95,0,.1,0,1,0,0,0
2005,6,21,21,3,95,0,.1,0,1,0,0,0
2005,6,21,22,3,95,0,.1,0,1,0,0,0
2005,6,21,23,3,95,0,.1,0,1,0,0,0
2005,6,21,24,3,95,0,.1,0,1,0,0,0
2005,6,21,2,9,96,27.22,284.9,0,1,0,0,27.22
2005,6,21,3,9,96,27.22,265.7,0,1,0,0,27.22
2005,6,21,4,9,96,24.99,247.4,0,1,0,0,24.99
2005,6,21,5,9,96,25.17,241.3,0,1,0,0,25.17
2005,6,21,6,9,96,24.77,244.4,0,1,0,0,24.77
2005,6,21,7,9,96,23.62,271.8,0,1,0,0,23.62
2005,6,21,8,9,96,27.17,321.4,0,1,0,0,27.17
2005,6,21,9,9,96,53.45,410.9,0,1,0,0,53.45
2005,6,21,10,9,96,53.27,576.6,0,1,0,0,53.27
2005,6,21,11,9,96,81.25,487.2,0,1,0,0,81.25
2005,6,21,11,9,96,180.3,97.6,0,1,1,0,180.3
2005,6,21,12,9,96,92.01,487.2,0,1,0,0,92.01
2005,6,21,12,9,96,180.3,139.3,0,1,1,0,180.3
2005,6,21,13,9,96,91.68,487.1,0,1,0,0,91.68
2005,6,21,13,9,96,180.3,150.5,0,1,1,0,180.3
2005,6,21,14,9,96,60.89,517.6,0,1,0,0,60.89
2005,6,21,14,9,96,180.3,66.1,0,1,1,0,180.3
2005,6,21,15,9,96,53.83,558.4,0,1,0,0,53.83
2005,6,21,15,9,96,180.3,74.2,0,1,1,0,180.3
2005,6,21,16,9,96,53.86,588.8,0,1,0,0,53.86
2005,6,21,16,9,96,180.3,117,0,1,1,0,180.3
2005,6,21,17,9,96,53.94,588.8,0,1,0,0,53.94
2005,6,21,17,9,96,180.3,113.9,0,1,1,0,180.3
2005,6,21,18,9,96,53.69,588.8,0,1,0,0,53.69
2005,6,21,18,9,96,180.3,101.7,0,1,1,0,180.3
2005,6,21,19,9,96,53.42,589.8,0,1,0,0,53.42
2005,6,21,19,9,96,180.3,63.1,0,1,1,0,180.3
2005,6,21,20,9,96,53.29,588.8,0,1,0,0,53.29
2005,6,21,20,9,96,180.3,16.3,0,1,1,0,180.3
2005,6,21,21,9,96,53.54,544.1,0,1,0,0,53.54
2005,6,21,22,9,96,53.7,479,0,1,0,0,53.7
2005,6,21,23,9,96,53.81,454.6,0,1,0,0,53.81
2005,6,21,24,9,96,53.69,412.9,0,1,0,0,53.69
2005,6,21,1,9,97,33.21,60.8,0,1,0,0,33.21
2005,6,21,2,9,97,31.91,60.8,0,1,0,0,31.91
2005,6,21,3,9,97,29.29,60.8,0,1,0,0,29.29
2005,6,21,4,9,97,27.43,60.8,0,1,0,0,27.43
2005,6,21,5,9,97,27.59,60.8,0,1,0,0,27.59
2005,6,21,6,9,97,29.26,60.8,0,1,0,0,29.26
2005,6,21,7,9,97,36.67,60.8,0,1,0,0,36.67
2005,6,21,8,9,97,43.72,60.8,0,1,1,0,43.72
2005,6,21,9,9,97,58.3,61,0,1,0,0,58.3
2005,6,21,10,9,97,65.4,61,0,1,0,0,65.4
2005,6,21,11,9,97,87.89,61,0,1,0,0,87.89
2005,6,21,12,9,97,87.91,61,0,1,0,0,87.91
2005,6,21,13,9,97,88.14,61,0,1,0,0,88.14
2005,6,21,14,9,97,87.99,61,0,1,0,0,87.99
2005,6,21,15,9,97,66.35,61,0,1,0,0,66.35
2005,6,21,16,9,97,63.95,61,0,1,0,0,63.95
2005,6,21,17,9,97,61.86,61,0,1,0,0,61.86
2005,6,21,18,9,97,68.84,61,0,1,0,0,68.84
2005,6,21,19,9,97,51.32,61,0,1,0,0,51.32
2005,6,21,20,9,97,41.58,61,0,1,0,0,41.58
2005,6,21,21,9,97,44.61,61,0,1,0,0,44.61
2005,6,21,22,9,97,41.35,61,0,1,0,0,41.35
2005,6,21,23,9,97,44.91,61,0,1,0,0,44.91
2005,6,21,24,9,97,38.04,61,0,1,0,0,38.04
2005,6,21,1,9,98,180.3,.1,0,2,0,0,180.3
2005,6,21,2,9,98,180.3,.1,0,2,0,0,180.3
2005,6,21,3,9,98,180.3,.1,0,2,0,0,180.3
2005,6,21,4,9,98,180.3,.1,0,2,0,0,180.3
2005,6,21,5,9,98,180.3,.1,0,2,0,0,180.3
2005,6,21,6,9,98,180.3,.1,0,2,0,0,180.3
2005,6,21,7,9,98,180.3,.1,0,2,0,0,180.3
2005,6,21,8,9,98,180.3,.1,0,2,0,0,180.3
2005,6,21,9,9,98,180.3,.1,0,2,0,0,180.3
2005,6,21,10,9,98,180.3,.1,0,2,0,0,180.3
2005,6,21,11,9,98,180.3,.1,0,2,0,0,180.3
2005,6,21,12,9,98,180.3,.1,0,2,0,0,180.3
2005,6,21,13,9,98,180.3,.1,0,2,0,0,180.3
2005,6,21,14,9,98,180.3,.1,0,2,0,0,180.3
2005,6,21,15,9,98,180.3,.1,0,2,0,0,180.3
2005,6,21,16,9,98,180.3,.1,0,2,0,0,180.3
2005,6,21,17,9,98,180.3,.1,0,2,0,0,180.3
2005,6,21,18,9,98,180.3,.1,0,2,0,0,180.3
2005,6,21,19,9,98,180.3,.1,0,2,0,0,180.3
2005,6,21,20,9,98,180.3,.1,0,2,0,0,180.3
2005,6,21,21,9,98,180.3,.1,0,2,0,0,180.3
2005,6,21,22,9,98,180.3,.1,0,2,0,0,180.3
2005,6,21,23,9,98,180.3,.1,0,2,0,0,180.3
2005,6,21,24,9,98,180.3,.1,0,2,0,0,180.3
2005,6,21,1,9,99,180.3,300.1,0,1,1,0,180.3
2005,6,21,2,9,99,27.22,288,0,1,0,0,27.22
2005,6,21,3,9,99,27.22,288,0,1,0,0,27.22
2005,6,21,4,9,99,24.99,288,0,1,0,0,24.99
2005,6,21,5,9,99,25.17,288,0,1,0,0,25.17
2005,6,21,6,9,99,24.77,288,0,1,0,0,24.77
2005,6,21,7,9,99,23.62,288,0,1,0,0,23.62
2005,6,21,8,9,99,27.17,265.7,0,1,0,0,27.17
2005,6,21,8,9,99,36.29,10.1,0,1,0,0,36.29
2005,6,21,8,9,99,39.58,12.2,0,1,0,0,39.58
2005,6,21,9,9,99,53.45,177.9,0,1,0,0,53.45
2005,6,21,9,9,99,60.19,10.2,0,1,0,0,60.19
2005,6,21,9,9,99,65.63,20.3,0,1,1,0,65.63
2005,6,21,9,9,99,81.95,20.3,0,1,1,0,81.95
2005,6,21,9,9,99,180.3,60.1,0,1,1,0,180.3
2005,6,21,10,9,99,53.27,12.2,0,1,0,0,53.27
2005,6,21,10,9,99,60.01,10.2,0,1,0,0,60.01
2005,6,21,10,9,99,65.45,20.3,0,1,0,0,65.45
2005,6,21,10,9,99,81.77,20.3,0,1,0,0,81.77
2005,6,21,10,9,99,180.3,225.8,0,1,1,0,180.3
2005,6,21,11,9,99,79.83,10.2,0,1,0,0,79.83
2005,6,21,11,9,99,86.91,20.3,0,1,0,0,86.91
2005,6,21,11,9,99,108.15,20.3,0,1,1,0,108.15
2005,6,21,11,9,99,180.3,209.6,0,1,1,0,180.3
2005,6,21,12,9,99,80.31,10.2,0,1,0,0,80.31
2005,6,21,12,9,99,87.39,20.3,0,1,0,0,87.39
2005,6,21,12,9,99,108.63,20.3,0,1,1,0,108.63
2005,6,21,12,9,99,180.3,209.6,0,1,1,0,180.3
2005,6,21,13,9,99,79.98,10.2,0,1,0,0,79.98
2005,6,21,13,9,99,87.06,20.3,0,1,0,0,87.06
2005,6,21,13,9,99,108.3,20.3,0,1,1,0,108.3
2005,6,21,13,9,99,180.3,209.6,0,1,1,0,180.3
2005,6,21,14,9,99,60.35,10.2,0,1,0,0,60.35
2005,6,21,14,9,99,65.79,20.3,0,1,0,0,65.79
2005,6,21,14,9,99,82.11,20.3,0,1,0,0,82.11
2005,6,21,14,9,99,180.3,229.9,0,1,1,0,180.3
2005,6,21,15,9,99,60.57,10.2,0,1,0,0,60.57
2005,6,21,15,9,99,66.01,20.3,0,1,0,0,66.01
2005,6,21,15,9,99,82.33,20.3,0,1,0,0,82.33
2005,6,21,15,9,99,180.3,280.7,0,1,1,0,180.3
2005,6,21,16,9,99,60.6,10.2,0,1,0,0,60.6
2005,6,21,16,9,99,66.04,20.3,0,1,0,0,66.04
2005,6,21,16,9,99,82.36,20.3,0,1,0,0,82.36
2005,6,21,16,9,99,180.3,263.5,0,1,1,0,180.3
2005,6,21,17,9,99,60.68,10.2,0,1,0,0,60.68
2005,6,21,17,9,99,66.12,20.3,0,1,0,0,66.12
2005,6,21,17,9,99,82.44,20.3,0,1,0,0,82.44
2005,6,21,17,9,99,180.3,210.6,0,1,1,0,180.3
2005,6,21,18,9,99,60.43,10.2,0,1,0,0,60.43
2005,6,21,18,9,99,65.87,20.3,0,1,0,0,65.87
2005,6,21,18,9,99,82.19,20.3,0,1,0,0,82.19
2005,6,21,18,9,99,180.3,206.5,0,1,1,0,180.3
2005,6,21,19,9,99,60.16,10.2,0,1,0,0,60.16
2005,6,21,19,9,99,65.6,20.3,0,1,0,0,65.6
2005,6,21,19,9,99,81.92,20.3,0,1,0,0,81.92
2005,6,21,19,9,99,180.3,235,0,1,1,0,180.3
2005,6,21,20,9,99,60.03,10.2,0,1,0,0,60.03
2005,6,21,20,9,99,65.47,20.3,0,1,0,0,65.47
2005,6,21,20,9,99,81.79,20.3,0,1,0,0,81.79
2005,6,21,20,9,99,180.3,280.7,0,1,1,0,180.3
2005,6,21,21,9,99,53.54,44.7,0,1,0,0,53.54
2005,6,21,21,9,99,60.28,10.2,0,1,0,0,60.28
2005,6,21,21,9,99,65.72,20.3,0,1,0,0,65.72
2005,6,21,21,9,99,82.04,20.3,0,1,0,0,82.04
2005,6,21,21,9,99,180.3,205.5,0,1,1,0,180.3
2005,6,21,22,9,99,53.7,109.8,0,1,0,0,53.7
2005,6,21,22,9,99,60.44,10.2,0,1,0,0,60.44
2005,6,21,22,9,99,65.88,20.3,0,1,0,0,65.88
2005,6,21,22,9,99,82.2,20.3,0,1,1,0,82.2
2005,6,21,22,9,99,180.3,140.4,0,1,1,0,180.3
2005,6,21,23,9,99,53.81,134.2,0,1,0,0,53.81
2005,6,21,23,9,99,60.55,10.2,0,1,0,0,60.55
2005,6,21,23,9,99,65.99,20.3,0,1,0,0,65.99
2005,6,21,23,9,99,82.31,20.3,0,1,0,0,82.31
2005,6,21,23,9,99,180.3,116,0,1,1,0,180.3
2005,6,21,24,9,99,53.69,176.9,0,1,0,0,53.69
2005,6,21,24,9,99,60.43,10.2,0,1,0,0,60.43
2005,6,21,24,9,99,65.87,20.3,0,1,1,0,65.87
2005,6,21,24,9,99,82.19,20.3,0,1,1,0,82.19
2005,6,21,24,9,99,180.3,73.3,0,1,1,0,180.3
2005,6,21,1,9,100,180.3,.1,0,2,0,0,180.3
2005,6,21,2,9,100,180.3,.1,0,2,0,0,180.3
2005,6,21,3,9,100,180.3,.1,0,2,0,0,180.3
2005,6,21,4,9,100,180.3,.1,0,2,0,0,180.3
2005,6,21,5,9,100,180.3,.1,0,2,0,0,180.3
2005,6,21,6,9,100,180.3,.1,0,2,0,0,180.3
2005,6,21,7,9,100,180.3,.1,0,2,0,0,180.3
2005,6,21,8,9,100,180.3,.1,0,2,0,0,180.3
2005,6,21,9,9,100,180.3,.1,0,2,0,0,180.3
2005,6,21,10,9,100,180.3,.1,0,2,0,0,180.3
2005,6,21,11,9,100,180.3,.1,0,2,0,0,180.3
2005,6,21,12,9,100,180.3,.1,0,2,0,0,180.3
2005,6,21,13,9,100,180.3,.1,0,2,0,0,180.3
2005,6,21,14,9,100,180.3,.1,0,2,0,0,180.3
2005,6,21,15,9,100,180.3,.1,0,2,0,0,180.3
2005,6,21,16,9,100,180.3,.1,0,2,0,0,180.3
2005,6,21,17,9,100,180.3,.1,0,2,0,0,180.3
2005,6,21,18,9,100,180.3,.1,0,2,0,0,180.3
2005,6,21,19,9,100,180.3,.1,0,2,0,0,180.3
2005,6,21,20,9,100,180.3,.1,0,2,0,0,180.3
2005,6,21,21,9,100,180.3,.1,0,2,0,0,180.3
2005,6,21,22,9,100,180.3,.1,0,2,0,0,180.3
2005,6,21,23,9,100,180.3,.1,0,2,0,0,180.3
2005,6,21,24,9,100,180.3,.1,0,2,0,0,180.3
2005,6,21,1,9,101,0,3.9,0,2,1,0,0
2005,6,21,2,9,101,0,3.7,0,2,1,0,0
2005,6,21,3,9,101,0,2.5,0,2,1,0,0
2005,6,21,4,9,101,0,1.7,0,2,1,0,0
2005,6,21,5,9,101,0,2.1,0,2,1,0,0
2005,6,21,6,9,101,0,1.6,0,2,1,0,0
2005,6,21,7,9,101,0,1.2,0,2,1,0,0
2005,6,21,8,9,101,0,1.1,0,2,1,0,0
2005,6,21,9,9,101,0,.6,0,2,1,0,0
2005,6,21,10,9,101,0,.4,0,2,1,0,0
2005,6,21,11,9,101,0,1.3,0,2,1,0,0
2005,6,21,12,9,101,0,2,0,2,1,0,0
2005,6,21,13,9,101,0,2.1,0,2,1,0,0
2005,6,21,14,9,101,0,3.7,0,2,1,0,0
2005,6,21,15,9,101,0,2,0,2,1,0,0
2005,6,21,16,9,101,0,3.6,0,2,1,0,0
2005,6,21,17,9,101,0,2.9,0,2,1,0,0
2005,6,21,18,9,101,0,2.4,0,2,1,0,0
2005,6,21,19,9,101,0,2.1,0,2,1,0,0
2005,6,21,20,9,101,0,2.7,0,2,1,0,0
2005,6,21,21,9,101,0,5.6,0,2,1,0,0
2005,6,21,22,9,101,0,2.6,0,2,1,0,0
2005,6,21,23,9,101,0,1.9,0,2,1,0,0
2005,6,21,24,9,101,0,2.4,0,2,1,0,0
2005,6,21,1,9,102,150,32.3,0,1,1,0,150
2005,6,21,2,9,102,150,30.5,0,1,1,0,150
2005,6,21,3,9,102,150,29.5,0,1,1,0,150
2005,6,21,4,9,102,150,28.7,0,1,1,0,150
2005,6,21,5,9,102,150,28.9,0,1,1,0,150
2005,6,21,6,9,102,150,30.9,0,1,1,0,150
2005,6,21,7,9,102,150,36.6,0,1,1,0,150
2005,6,21,8,9,102,150,44.3,0,1,1,0,150
2005,6,21,9,9,102,150,52.7,0,1,1,0,150
2005,6,21,10,9,102,150,60,0,1,1,0,150
2005,6,21,11,9,102,150,66.1,0,1,1,0,150
2005,6,21,12,9,102,150,67.9,0,1,1,0,150
2005,6,21,13,9,102,150,68.1,0,1,1,0,150
2005,6,21,14,9,102,150,65.2,0,1,1,0,150
2005,6,21,15,9,102,150,56.9,0,1,1,0,150
2005,6,21,16,9,102,150,58.5,0,1,1,0,150
2005,6,21,17,9,102,150,60.4,0,1,1,0,150
2005,6,21,18,9,102,150,61.5,0,1,1,0,150
2005,6,21,19,9,102,150,60.6,0,1,1,0,150
2005,6,21,20,9,102,150,55.8,0,1,1,0,150
2005,6,21,21,9,102,150,52.3,0,1,1,0,150
2005,6,21,22,9,102,150,45.3,0,1,1,0,150
2005,6,21,23,9,102,150,38.2,0,1,1,0,150
2005,6,21,24,9,102,150,34.8,0,1,1,0,150
2005,6,21,1,9,103,0,50,0,1,0,0,0
2005,6,21,2,9,103,0,50,0,1,0,0,0
2005,6,21,3,9,103,0,50,0,1,0,0,0
2005,6,21,4,9,103,0,50,0,1,0,0,0
2005,6,21,5,9,103,0,50,0,1,0,0,0
2005,6,21,6,9,103,0,50,0,1,0,0,0
2005,6,21,7,9,103,0,50,0,1,0,0,0
2005,6,21,8,9,103,0,50,0,1,0,0,0
2005,6,21,9,9,103,0,50,0,1,0,0,0
2005,6,21,10,9,103,0,50,0,1,0,0,0
2005,6,21,11,9,103,0,50,0,1,0,0,0
2005,6,21,12,9,103,0,50,0,1,0,0,0
2005,6,21,13,9,103,0,50,0,1,0,0,0
2005,6,21,14,9,103,0,50,0,1,0,0,0
2005,6,21,15,9,103,0,50,0,1,0,0,0
2005,6,21,16,9,103,0,50,0,1,0,0,0
2005,6,21,17,9,103,0,50,0,1,0,0,0
2005,6,21,18,9,103,0,50,0,1,0,0,0
2005,6,21,19,9,103,0,50,0,1,0,0,0
2005,6,21,20,9,103,0,50,0,1,0,0,0
2005,6,21,21,9,103,0,50,0,1,0,0,0
2005,6,21,22,9,103,0,50,0,1,0,0,0
2005,6,21,23,9,103,0,50,0,1,0,0,0
2005,6,21,24,9,103,0,50,0,1,0,0,0
2005,6,21,1,9,104,0,10,0,1,0,0,0
2005,6,21,1,9,105,0,97.1,0,2,1,0,0
2005,6,21,2,9,105,0,104.9,0,2,1,0,0
2005,6,21,3,9,105,0,104.8,0,2,1,0,0
2005,6,21,4,9,105,0,112.8,0,2,1,0,0
2005,6,21,5,9,105,0,115.4,0,2,1,0,0
2005,6,21,6,9,105,0,122.3,0,2,1,0,0
2005,6,21,7,9,105,0,124.5,0,2,1,0,0
2005,6,21,8,9,105,0,122.7,0,2,1,0,0
2005,6,21,9,9,105,0,125.8,0,2,1,0,0
2005,6,21,10,9,105,0,116.3,0,2,1,0,0
2005,6,21,11,9,105,0,101.2,0,2,1,0,0
2005,6,21,12,9,105,0,81.5,0,2,1,0,0
2005,6,21,13,9,105,0,66.9,0,2,1,0,0
2005,6,21,14,9,105,0,57.7,0,2,1,0,0
2005,6,21,15,9,105,0,55.7,0,2,1,0,0
2005,6,21,16,9,105,0,57.5,0,2,1,0,0
2005,6,21,17,9,105,0,63.7,0,2,1,0,0
2005,6,21,18,9,105,0,71.5,0,2,1,0,0
2005,6,21,19,9,105,0,79.8,0,2,1,0,0
2005,6,21,20,9,105,0,89,0,2,1,0,0
2005,6,21,21,9,105,0,100.1,0,2,1,0,0
2005,6,21,22,9,105,0,102,0,2,1,0,0
2005,6,21,23,9,105,0,117.8,0,2,1,0,0
2005,6,21,24,9,105,0,131.1,0,2,1,0,0
2005,6,21,1,9,106,0,40,0,2,1,0,0
2005,6,21,2,9,106,0,40,0,2,1,0,0
2005,6,21,3,9,106,0,40,0,2,1,0,0
2005,6,21,4,9,106,0,150,0,2,1,0,0
2005,6,21,5,9,106,0,250,0,2,1,0,0
2005,6,21,6,9,106,0,250,0,2,1,0,0
2005,6,21,9,9,106,0,250,0,2,1,0,0
2005,6,21,10,9,106,0,169.1,0,2,1,0,0
2005,6,21,11,9,106,0,168.1,0,2,1,0,0
2005,6,21,12,9,106,0,167.8,0,2,1,0,0
2005,6,21,13,9,106,0,169.6,0,2,1,0,0
2005,6,21,14,9,106,0,169.6,0,2,1,0,0
2005,6,21,15,9,106,0,171.8,0,2,1,0,0
2005,6,21,16,9,106,0,179,0,2,1,0,0
2005,6,21,17,9,106,0,178.9,0,2,1,0,0
2005,6,21,18,9,106,0,178.7,0,2,1,0,0
2005,6,21,19,9,106,0,178.4,0,2,1,0,0
2005,6,21,20,9,106,0,178.4,0,2,1,0,0
2005,6,21,21,9,106,0,175.4,0,2,1,0,0
2005,6,21,22,9,106,0,176.5,0,2,1,0,0
2005,6,21,23,9,106,0,177.3,0,2,1,0,0
2005,6,21,24,9,106,0,177.8,0,2,1,0,0
2005,6,21,1,9,107,0,75,0,2,1,0,0
2005,6,21,2,9,107,0,75,0,2,1,0,0
2005,6,21,3,9,107,0,75,0,2,1,0,0
2005,6,21,4,9,107,0,75,0,2,1,0,0
2005,6,21,5,9,107,0,75,0,2,1,0,0
2005,6,21,6,9,107,0,75,0,2,1,0,0
2005,6,21,7,9,107,0,75,0,2,1,0,0
2005,6,21,8,9,107,0,75,0,2,1,0,0
2005,6,21,9,9,107,0,75,0,2,1,0,0
2005,6,21,10,9,107,0,50.7,0,2,1,0,0
2005,6,21,11,9,107,0,50.5,0,2,1,0,0
2005,6,21,12,9,107,0,50.3,0,2,1,0,0
2005,6,21,13,9,107,0,50.9,0,2,1,0,0
2005,6,21,14,9,107,0,50.9,0,2,1,0,0
2005,6,21,15,9,107,0,51.5,0,2,1,0,0
2005,6,21,16,9,107,0,53.7,0,2,1,0,0
2005,6,21,17,9,107,0,53.7,0,2,1,0,0
2005,6,21,18,9,107,0,53.6,0,2,1,0,0
2005,6,21,19,9,107,0,53.5,0,2,1,0,0
2005,6,21,20,9,107,0,53.5,0,2,1,0,0
2005,6,21,21,9,107,0,52.7,0,2,1,0,0
2005,6,21,22,9,107,0,53,0,2,1,0,0
2005,6,21,23,9,107,0,53.2,0,2,1,0,0
2005,6,21,24,9,107,0,53.4,0,2,1,0,0
2005,6,21,1,9,108,0,4,0,2,1,0,0
2005,6,21,2,9,108,0,4.5,0,2,1,0,0
2005,6,21,3,9,108,0,5.1,0,2,1,0,0
2005,6,21,4,9,108,0,5.8,0,2,1,0,0
2005,6,21,5,9,108,0,6.5,0,2,1,0,0
2005,6,21,6,9,108,0,7.3,0,2,1,0,0
2005,6,21,7,9,108,0,7.7,0,2,1,0,0
2005,6,21,8,9,108,0,7.7,0,2,1,0,0
2005,6,21,9,9,108,0,7.2,0,2,1,0,0
2005,6,21,10,9,108,0,6.4,0,2,1,0,0
2005,6,21,11,9,108,0,5.2,0,2,1,0,0
2005,6,21,12,9,108,0,3.5,0,2,1,0,0
2005,6,21,13,9,108,0,2.3,0,2,1,0,0
2005,6,21,14,9,108,0,1.4,0,2,1,0,0
2005,6,21,15,9,108,0,.9,0,2,1,0,0
2005,6,21,16,9,108,0,.9,0,2,1,0,0
2005,6,21,17,9,108,0,1.2,0,2,1,0,0
2005,6,21,18,9,108,0,1.8,0,2,1,0,0
2005,6,21,19,9,108,0,2.4,0,2,1,0,0
2005,6,21,20,9,108,0,2.7,0,2,1,0,0
2005,6,21,21,9,108,0,2.9,0,2,1,0,0
2005,6,21,22,9,108,0,2.9,0,2,1,0,0
2005,6,21,23,9,108,0,2.8,0,2,1,0,0
2005,6,21,24,9,108,0,2.5,0,2,1,0,0
2005,6,21,1,9,109,0,23.9,0,2,1,0,0
2005,6,21,2,9,109,0,23.9,0,2,1,0,0
2005,6,21,3,9,109,0,23.9,0,2,1,0,0
2005,6,21,4,9,109,0,24.3,0,2,1,0,0
2005,6,21,5,9,109,0,24.3,0,2,1,0,0
2005,6,21,6,9,109,0,24.3,0,2,1,0,0
2005,6,21,7,9,109,0,24.5,0,2,1,0,0
2005,6,21,8,9,109,0,24.5,0,2,1,0,0
2005,6,21,9,9,109,0,24.5,0,2,1,0,0
2005,6,21,10,9,109,0,23.9,0,2,1,0,0
2005,6,21,11,9,109,0,23.9,0,2,1,0,0
2005,6,21,12,9,109,0,23.9,0,2,1,0,0
2005,6,21,13,9,109,0,23.9,0,2,1,0,0
2005,6,21,14,9,109,0,23.9,0,2,1,0,0
2005,6,21,15,9,109,0,23.4,0,2,1,0,0
2005,6,21,16,9,109,0,23.4,0,2,1,0,0
2005,6,21,17,9,109,0,23.4,0,2,1,0,0
2005,6,21,18,9,109,0,23.4,0,2,1,0,0
2005,6,21,19,9,109,0,23.4,0,2,1,0,0
2005,6,21,20,9,109,0,23.4,0,2,1,0,0
2005,6,21,21,9,109,0,23.4,0,2,1,0,0
2005,6,21,22,9,109,0,23.4,0,2,1,0,0
2005,6,21,23,9,109,0,23.6,0,2,1,0,0
2005,6,21,24,9,109,0,23.6,0,2,1,0,0
2005,6,21,1,9,110,0,33.8,0,2,1,0,0
2005,6,21,2,9,110,0,33.8,0,2,1,0,0
2005,6,21,3,9,110,0,33.8,0,2,1,0,0
2005,6,21,4,9,110,0,34.4,0,2,1,0,0
2005,6,21,5,9,110,0,34.4,0,2,1,0,0
2005,6,21,6,9,110,0,34.4,0,2,1,0,0
2005,6,21,7,9,110,0,34.7,0,2,1,0,0
2005,6,21,8,9,110,0,34.7,0,2,1,0,0
2005,6,21,9,9,110,0,34.7,0,2,1,0,0
2005,6,21,10,9,110,0,34,0,2,1,0,0
2005,6,21,11,9,110,0,34,0,2,1,0,0
2005,6,21,12,9,110,0,34,0,2,1,0,0
2005,6,21,13,9,110,0,34,0,2,1,0,0
2005,6,21,14,9,110,0,34,0,2,1,0,0
2005,6,21,15,9,110,0,33.2,0,2,1,0,0
2005,6,21,16,9,110,0,33.2,0,2,1,0,0
2005,6,21,17,9,110,0,33.2,0,2,1,0,0
2005,6,21,18,9,110,0,33.2,0,2,1,0,0
2005,6,21,19,9,110,0,33.2,0,2,1,0,0
2005,6,21,20,9,110,0,33.2,0,2,1,0,0
2005,6,21,21,9,110,0,32.9,0,2,1,0,0
2005,6,21,22,9,110,0,32.9,0,2,1,0,0
2005,6,21,23,9,110,0,33.2,0,2,1,0,0
2005,6,21,24,9,110,0,33.2,0,2,1,0,0
2005,6,21,1,9,111,180.3,1,0,2,0,0,180.3
2005,6,21,2,9,111,180.3,1,0,2,0,0,180.3
2005,6,21,3,9,111,180.3,1,0,2,0,0,180.3
2005,6,21,4,9,111,180.3,1,0,2,0,0,180.3
2005,6,21,5,9,111,180.3,1,0,2,0,0,180.3
2005,6,21,6,9,111,180.3,1,0,2,0,0,180.3
2005,6,21,7,9,111,180.3,1,0,2,0,0,180.3
2005,6,21,8,9,111,180.3,1,0,2,0,0,180.3
2005,6,21,9,9,111,180.3,1,0,2,0,0,180.3
2005,6,21,10,9,111,180.3,1,0,2,0,0,180.3
2005,6,21,11,9,111,180.3,1,0,2,0,0,180.3
2005,6,21,12,9,111,180.3,1,0,2,0,0,180.3
2005,6,21,13,9,111,180.3,1,0,2,0,0,180.3
2005,6,21,14,9,111,180.3,1,0,2,0,0,180.3
2005,6,21,15,9,111,180.3,1,0,2,0,0,180.3
2005,6,21,16,9,111,180.3,1,0,2,0,0,180.3
2005,6,21,17,9,111,180.3,1,0,2,0,0,180.3
2005,6,21,18,9,111,180.3,1,0,2,0,0,180.3
2005,6,21,19,9,111,180.3,1,0,2,0,0,180.3
2005,6,21,20,9,111,180.3,1,0,2,0,0,180.3
2005,6,21,21,9,111,180.3,1,0,2,0,0,180.3
2005,6,21,22,9,111,180.3,1,0,2,0,0,180.3
2005,6,21,23,9,111,180.3,1,0,2,0,0,180.3
2005,6,21,24,9,111,180.3,1,0,2,0,0,180.3
2005,6,21,1,9,112,60,.3,0,1,1,0,60
2005,6,21,2,9,112,60,.3,0,1,1,0,60
2005,6,21,3,9,112,60,.3,0,1,1,0,60
2005,6,21,4,9,112,60,.3,0,1,1,0,60
2005,6,21,5,9,112,60,.3,0,1,1,0,60
2005,6,21,6,9,112,60,.3,0,1,1,0,60
2005,6,21,7,9,112,60,.4,0,1,1,0,60
2005,6,21,8,9,112,60,.5,0,1,1,0,60
2005,6,21,9,9,112,60,.4,0,1,0,0,60
2005,6,21,10,9,112,60,.7,0,1,0,0,60
2005,6,21,11,9,112,60,.7,0,1,0,0,60
2005,6,21,12,9,112,60,.7,0,1,0,0,60
2005,6,21,13,9,112,60,.7,0,1,0,0,60
2005,6,21,14,9,112,60,.5,0,1,0,0,60
2005,6,21,15,9,112,60,.4,0,1,0,0,60
2005,6,21,16,9,112,60,.4,0,1,0,0,60
2005,6,21,17,9,112,60,.4,0,1,0,0,60
2005,6,21,18,9,112,60,.5,0,1,0,0,60
2005,6,21,19,9,112,60,.5,0,1,0,0,60
2005,6,21,20,9,112,60,.5,0,1,0,0,60
2005,6,21,21,9,112,60,.5,0,1,0,0,60
2005,6,21,22,9,112,60,.4,0,1,0,0,60
2005,6,21,23,9,112,60,.3,0,1,0,0,60
2005,6,21,24,9,112,60,.3,0,1,0,0,60
2005,6,21,1,9,113,180.3,6221,0,1,1,0,180.3
2005,6,21,2,9,113,180.3,5475.5,0,1,1,0,180.3
2005,6,21,3,9,113,180.3,5063.3,0,1,1,0,180.3
2005,6,21,4,9,113,180.3,4892.1,0,1,1,0,180.3
2005,6,21,5,9,113,180.3,4810.9,0,1,1,0,180.3
2005,6,21,6,9,113,180.3,4800.1,0,1,1,0,180.3
2005,6,21,7,9,113,180.3,4894.8,0,1,1,0,180.3
2005,6,21,8,9,113,180.3,5315,0,1,1,0,180.3
2005,6,21,9,9,113,180.3,5843,0,1,1,0,180.3
2005,6,21,10,9,113,180.3,6191.4,0,1,1,0,180.3
2005,6,21,11,9,113,180.3,6517,0,1,1,0,180.3
2005,6,21,12,9,113,180.3,6762.2,0,1,1,0,180.3
2005,6,21,13,9,113,180.3,7020,0,1,1,0,180.3
2005,6,21,14,9,113,180.3,7275.3,0,1,1,0,180.3
2005,6,21,15,9,113,180.3,7240.8,0,1,1,0,180.3
2005,6,21,16,9,113,180.3,7455.9,0,1,1,0,180.3
2005,6,21,17,9,113,180.3,7574.3,0,1,1,0,180.3
2005,6,21,18,9,113,180.3,7708.2,0,1,1,0,180.3
2005,6,21,19,9,113,180.3,7674.8,0,1,1,0,180.3
2005,6,21,20,9,113,180.3,7348.7,0,1,1,0,180.3
2005,6,21,21,9,113,180.3,6933.2,0,1,1,0,180.3
2005,6,21,22,9,113,180.3,7109.6,0,1,1,0,180.3
2005,6,21,23,9,113,180.3,7439.8,0,1,1,0,180.3
2005,6,21,24,9,113,180.3,6769.3,0,1,1,0,180.3
2005,6,21,1,2,114,147.88,272.3,0,1,1,0,147.88
2005,6,21,1,2,114,148.89,272.3,0,1,1,0,148.89
2005,6,21,1,2,114,149.9,272.3,0,1,1,0,149.9
2005,6,21,1,2,114,150.91,272.3,0,1,1,0,150.91
2005,6,21,1,2,114,151.92,272.3,0,1,1,0,151.92
2005,6,21,1,2,114,152.93,272.3,0,1,1,0,152.93
2005,6,21,1,2,114,153.94,272.3,0,1,1,0,153.94
2005,6,21,1,2,114,154.95,272.3,0,1,1,0,154.95
2005,6,21,1,2,114,155.96,272.3,0,1,1,0,155.96
2005,6,21,1,2,114,156.97,272.3,0,1,1,0,156.97
2005,6,21,1,2,114,157.98,272.3,0,1,1,0,157.98
2005,6,21,1,2,114,158.99,272.3,0,1,1,0,158.99
2005,6,21,1,2,114,160,272,0,1,1,0,160
2005,6,21,2,2,114,147.88,260.6,0,1,1,0,147.88
2005,6,21,2,2,114,148.89,260.6,0,1,1,0,148.89
2005,6,21,2,2,114,149.9,260.6,0,1,1,0,149.9
2005,6,21,2,2,114,150.91,260.6,0,1,1,0,150.91
2005,6,21,2,2,114,151.92,260.6,0,1,1,0,151.92
2005,6,21,2,2,114,152.93,260.6,0,1,1,0,152.93
2005,6,21,2,2,114,153.94,260.6,0,1,1,0,153.94
2005,6,21,2,2,114,154.95,260.6,0,1,1,0,154.95
2005,6,21,2,2,114,155.96,260.6,0,1,1,0,155.96
2005,6,21,2,2,114,156.97,260.6,0,1,1,0,156.97
2005,6,21,2,2,114,157.98,260.6,0,1,1,0,157.98
2005,6,21,2,2,114,158.99,260.6,0,1,1,0,158.99
2005,6,21,2,2,114,160,260.3,0,1,1,0,160
2005,6,21,3,2,114,147.88,252.7,0,1,1,0,147.88
2005,6,21,3,2,114,148.89,252.7,0,1,1,0,148.89
2005,6,21,3,2,114,149.9,252.7,0,1,1,0,149.9
2005,6,21,3,2,114,150.91,252.7,0,1,1,0,150.91
2005,6,21,3,2,114,151.92,252.7,0,1,1,0,151.92
2005,6,21,3,2,114,152.93,252.7,0,1,1,0,152.93
2005,6,21,3,2,114,153.94,252.7,0,1,1,0,153.94
2005,6,21,3,2,114,154.95,252.7,0,1,1,0,154.95
2005,6,21,3,2,114,155.96,252.7,0,1,1,0,155.96
2005,6,21,3,2,114,156.97,252.7,0,1,1,0,156.97
2005,6,21,3,2,114,157.98,252.7,0,1,1,0,157.98
2005,6,21,3,2,114,158.99,252.7,0,1,1,0,158.99
2005,6,21,3,2,114,160,253,0,1,1,0,160
2005,6,21,4,2,114,147.88,250.5,0,1,1,0,147.88
2005,6,21,4,2,114,148.89,250.5,0,1,1,0,148.89
2005,6,21,4,2,114,149.9,250.5,0,1,1,0,149.9
2005,6,21,4,2,114,150.91,250.5,0,1,1,0,150.91
2005,6,21,4,2,114,151.92,250.5,0,1,1,0,151.92
2005,6,21,4,2,114,152.93,250.5,0,1,1,0,152.93
2005,6,21,4,2,114,153.94,250.5,0,1,1,0,153.94
2005,6,21,4,2,114,154.95,250.5,0,1,1,0,154.95
2005,6,21,4,2,114,155.96,250.5,0,1,1,0,155.96
2005,6,21,4,2,114,156.97,250.5,0,1,1,0,156.97
2005,6,21,4,2,114,157.98,250.5,0,1,1,0,157.98
2005,6,21,4,2,114,158.99,250.5,0,1,1,0,158.99
2005,6,21,4,2,114,160,250.7,0,1,1,0,160
2005,6,21,5,2,114,147.88,249.9,0,1,1,0,147.88
2005,6,21,5,2,114,148.89,249.9,0,1,1,0,148.89
2005,6,21,5,2,114,149.9,249.9,0,1,1,0,149.9
2005,6,21,5,2,114,150.91,249.9,0,1,1,0,150.91
2005,6,21,5,2,114,151.92,249.9,0,1,1,0,151.92
2005,6,21,5,2,114,152.93,249.9,0,1,1,0,152.93
2005,6,21,5,2,114,153.94,249.9,0,1,1,0,153.94
2005,6,21,5,2,114,154.95,249.9,0,1,1,0,154.95
2005,6,21,5,2,114,155.96,249.9,0,1,1,0,155.96
2005,6,21,5,2,114,156.97,249.9,0,1,1,0,156.97
2005,6,21,5,2,114,157.98,249.9,0,1,1,0,157.98
2005,6,21,5,2,114,158.99,249.9,0,1,1,0,158.99
2005,6,21,5,2,114,160,250.1,0,1,1,0,160
2005,6,21,6,2,114,147.88,256.1,0,1,1,0,147.88
2005,6,21,6,2,114,148.89,256.1,0,1,1,0,148.89
2005,6,21,6,2,114,149.9,256.1,0,1,1,0,149.9
2005,6,21,6,2,114,150.91,256.1,0,1,1,0,150.91
2005,6,21,6,2,114,151.92,256.1,0,1,1,0,151.92
2005,6,21,6,2,114,152.93,256.1,0,1,1,0,152.93
2005,6,21,6,2,114,153.94,256.1,0,1,1,0,153.94
2005,6,21,6,2,114,154.95,256.1,0,1,1,0,154.95
2005,6,21,6,2,114,155.96,256.1,0,1,1,0,155.96
2005,6,21,6,2,114,156.97,256.1,0,1,1,0,156.97
2005,6,21,6,2,114,157.98,256.1,0,1,1,0,157.98
2005,6,21,6,2,114,158.99,256.1,0,1,1,0,158.99
2005,6,21,6,2,114,160,256.2,0,1,1,0,160
2005,6,21,7,2,114,147.88,285.7,0,1,1,0,147.88
2005,6,21,7,2,114,148.89,285.7,0,1,1,0,148.89
2005,6,21,7,2,114,149.9,285.7,0,1,1,0,149.9
2005,6,21,7,2,114,150.91,285.7,0,1,1,0,150.91
2005,6,21,7,2,114,151.92,285.7,0,1,1,0,151.92
2005,6,21,7,2,114,152.93,285.7,0,1,1,0,152.93
2005,6,21,7,2,114,153.94,285.7,0,1,1,0,153.94
2005,6,21,7,2,114,154.95,285.7,0,1,1,0,154.95
2005,6,21,7,2,114,155.96,285.7,0,1,1,0,155.96
2005,6,21,7,2,114,156.97,285.7,0,1,1,0,156.97
2005,6,21,7,2,114,157.98,285.7,0,1,1,0,157.98
2005,6,21,7,2,114,158.99,285.7,0,1,1,0,158.99
2005,6,21,7,2,114,160,285.4,0,1,1,0,160
2005,6,21,8,2,114,147.88,314.6,0,1,1,0,147.88
2005,6,21,8,2,114,148.89,314.6,0,1,1,0,148.89
2005,6,21,8,2,114,149.9,314.6,0,1,1,0,149.9
2005,6,21,8,2,114,150.91,314.6,0,1,1,0,150.91
2005,6,21,8,2,114,151.92,314.6,0,1,1,0,151.92
2005,6,21,8,2,114,152.93,314.6,0,1,1,0,152.93
2005,6,21,8,2,114,153.94,314.6,0,1,1,0,153.94
2005,6,21,8,2,114,154.95,314.6,0,1,1,0,154.95
2005,6,21,8,2,114,155.96,314.6,0,1,1,0,155.96
2005,6,21,8,2,114,156.97,314.6,0,1,1,0,156.97
2005,6,21,8,2,114,157.98,314.6,0,1,1,0,157.98
2005,6,21,8,2,114,158.99,314.6,0,1,1,0,158.99
2005,6,21,8,2,114,160,314.2,0,1,1,0,160
2005,6,21,9,2,114,139.87,7.4,0,1,1,0,139.87
2005,6,21,9,2,114,147.88,350.6,0,1,1,0,147.88
2005,6,21,9,2,114,148.89,350.6,0,1,1,0,148.89
2005,6,21,9,2,114,149.9,350.6,0,1,1,0,149.9
2005,6,21,9,2,114,150.91,350.6,0,1,1,0,150.91
2005,6,21,9,2,114,151.92,350.6,0,1,1,0,151.92
2005,6,21,9,2,114,152.93,350.6,0,1,1,0,152.93
2005,6,21,9,2,114,153.94,350.6,0,1,1,0,153.94
2005,6,21,9,2,114,154.95,350.6,0,1,1,0,154.95
2005,6,21,9,2,114,155.96,350.6,0,1,1,0,155.96
2005,6,21,9,2,114,156.97,350.6,0,1,1,0,156.97
2005,6,21,9,2,114,157.98,350.6,0,1,1,0,157.98
2005,6,21,9,2,114,158.99,350.6,0,1,1,0,158.99
2005,6,21,9,2,114,160,350.2,0,1,1,0,160
2005,6,21,10,2,114,139.87,8,0,1,1,0,139.87
2005,6,21,10,2,114,147.88,387.1,0,1,1,0,147.88
2005,6,21,10,2,114,148.89,387.1,0,1,1,0,148.89
2005,6,21,10,2,114,149.9,387.1,0,1,1,0,149.9
2005,6,21,10,2,114,150.91,387.1,0,1,1,0,150.91
2005,6,21,10,2,114,151.92,387.1,0,1,1,0,151.92
2005,6,21,10,2,114,152.93,387.1,0,1,1,0,152.93
2005,6,21,10,2,114,153.94,387.1,0,1,1,0,153.94
2005,6,21,10,2,114,154.95,387.1,0,1,1,0,154.95
2005,6,21,10,2,114,155.96,387.1,0,1,1,0,155.96
2005,6,21,10,2,114,156.97,387.1,0,1,1,0,156.97
2005,6,21,10,2,114,157.98,387.1,0,1,1,0,157.98
2005,6,21,10,2,114,158.99,387.1,0,1,1,0,158.99
2005,6,21,10,2,114,160,387,0,1,1,0,160
2005,6,21,11,2,114,139.87,18.5,0,1,1,0,139.87
2005,6,21,11,2,114,147.88,413,0,1,1,0,147.88
2005,6,21,11,2,114,148.89,413,0,1,1,0,148.89
2005,6,21,11,2,114,149.9,413,0,1,1,0,149.9
2005,6,21,11,2,114,150.91,413,0,1,1,0,150.91
2005,6,21,11,2,114,151.92,413,0,1,1,0,151.92
2005,6,21,11,2,114,152.93,413,0,1,1,0,152.93
2005,6,21,11,2,114,153.94,413,0,1,1,0,153.94
2005,6,21,11,2,114,154.95,413,0,1,1,0,154.95
2005,6,21,11,2,114,155.96,413,0,1,1,0,155.96
2005,6,21,11,2,114,156.97,413,0,1,1,0,156.97
2005,6,21,11,2,114,157.98,413,0,1,1,0,157.98
2005,6,21,11,2,114,158.99,413,0,1,1,0,158.99
2005,6,21,11,2,114,160,413.6,0,1,1,0,160
2005,6,21,12,2,114,139.87,20.5,0,1,1,0,139.87
2005,6,21,12,2,114,147.88,423.3,0,1,1,0,147.88
2005,6,21,12,2,114,148.89,423.3,0,1,1,0,148.89
2005,6,21,12,2,114,149.9,423.3,0,1,1,0,149.9
2005,6,21,12,2,114,150.91,423.3,0,1,1,0,150.91
2005,6,21,12,2,114,151.92,423.3,0,1,1,0,151.92
2005,6,21,12,2,114,152.93,423.3,0,1,1,0,152.93
2005,6,21,12,2,114,153.94,423.3,0,1,1,0,153.94
2005,6,21,12,2,114,154.95,423.3,0,1,1,0,154.95
2005,6,21,12,2,114,155.96,423.3,0,1,1,0,155.96
2005,6,21,12,2,114,156.97,423.3,0,1,1,0,156.97
2005,6,21,12,2,114,157.98,423.3,0,1,1,0,157.98
2005,6,21,12,2,114,158.99,423.3,0,1,1,0,158.99
2005,6,21,12,2,114,160,423.1,0,1,1,0,160
2005,6,21,13,2,114,139.87,25.3,0,1,1,0,139.87
2005,6,21,13,2,114,147.88,427.2,0,1,1,0,147.88
2005,6,21,13,2,114,148.89,427.2,0,1,1,0,148.89
2005,6,21,13,2,114,149.9,427.2,0,1,1,0,149.9
2005,6,21,13,2,114,150.91,427.2,0,1,1,0,150.91
2005,6,21,13,2,114,151.92,427.2,0,1,1,0,151.92
2005,6,21,13,2,114,152.93,427.2,0,1,1,0,152.93
2005,6,21,13,2,114,153.94,427.2,0,1,1,0,153.94
2005,6,21,13,2,114,154.95,427.2,0,1,1,0,154.95
2005,6,21,13,2,114,155.96,427.2,0,1,1,0,155.96
2005,6,21,13,2,114,156.97,427.2,0,1,1,0,156.97
2005,6,21,13,2,114,157.98,427.2,0,1,1,0,157.98
2005,6,21,13,2,114,158.99,427.2,0,1,1,0,158.99
2005,6,21,13,2,114,160,427.6,0,1,1,0,160
2005,6,21,14,2,114,139.87,25.3,0,1,1,0,139.87
2005,6,21,14,2,114,147.88,408.9,0,1,1,0,147.88
2005,6,21,14,2,114,148.89,408.9,0,1,1,0,148.89
2005,6,21,14,2,114,149.9,408.9,0,1,1,0,149.9
2005,6,21,14,2,114,150.91,408.9,0,1,1,0,150.91
2005,6,21,14,2,114,151.92,408.9,0,1,1,0,151.92
2005,6,21,14,2,114,152.93,408.9,0,1,1,0,152.93
2005,6,21,14,2,114,153.94,408.9,0,1,1,0,153.94
2005,6,21,14,2,114,154.95,408.9,0,1,1,0,154.95
2005,6,21,14,2,114,155.96,408.9,0,1,1,0,155.96
2005,6,21,14,2,114,156.97,408.9,0,1,1,0,156.97
2005,6,21,14,2,114,157.98,408.9,0,1,1,0,157.98
2005,6,21,14,2,114,158.99,408.9,0,1,1,0,158.99
2005,6,21,14,2,114,160,409.1,0,1,1,0,160
2005,6,21,15,2,114,139.87,23.3,0,1,1,0,139.87
2005,6,21,15,2,114,147.88,389.5,0,1,1,0,147.88
2005,6,21,15,2,114,148.89,389.5,0,1,1,0,148.89
2005,6,21,15,2,114,149.9,389.5,0,1,1,0,149.9
2005,6,21,15,2,114,150.91,389.5,0,1,1,0,150.91
2005,6,21,15,2,114,151.92,389.5,0,1,1,0,151.92
2005,6,21,15,2,114,152.93,389.5,0,1,1,0,152.93
2005,6,21,15,2,114,153.94,389.5,0,1,1,0,153.94
2005,6,21,15,2,114,154.95,389.5,0,1,1,0,154.95
2005,6,21,15,2,114,155.96,389.5,0,1,1,0,155.96
2005,6,21,15,2,114,156.97,389.5,0,1,1,0,156.97
2005,6,21,15,2,114,157.98,389.5,0,1,1,0,157.98
2005,6,21,15,2,114,158.99,389.5,0,1,1,0,158.99
2005,6,21,15,2,114,160,389.4,0,1,1,0,160
2005,6,21,16,2,114,139.87,21.3,0,1,1,0,139.87
2005,6,21,16,2,114,147.88,386.6,0,1,1,0,147.88
2005,6,21,16,2,114,148.89,386.6,0,1,1,0,148.89
2005,6,21,16,2,114,149.9,386.6,0,1,1,0,149.9
2005,6,21,16,2,114,150.91,386.6,0,1,1,0,150.91
2005,6,21,16,2,114,151.92,386.6,0,1,1,0,151.92
2005,6,21,16,2,114,152.93,386.6,0,1,1,0,152.93
2005,6,21,16,2,114,153.94,386.6,0,1,1,0,153.94
2005,6,21,16,2,114,154.95,386.6,0,1,1,0,154.95
2005,6,21,16,2,114,155.96,386.6,0,1,1,0,155.96
2005,6,21,16,2,114,156.97,386.6,0,1,1,0,156.97
2005,6,21,16,2,114,157.98,386.6,0,1,1,0,157.98
2005,6,21,16,2,114,158.99,386.6,0,1,1,0,158.99
2005,6,21,16,2,114,160,386.7,0,1,1,0,160
2005,6,21,17,2,114,139.87,21.3,0,1,1,0,139.87
2005,6,21,17,2,114,147.88,390.8,0,1,1,0,147.88
2005,6,21,17,2,114,148.89,390.8,0,1,1,0,148.89
2005,6,21,17,2,114,149.9,390.8,0,1,1,0,149.9
2005,6,21,17,2,114,150.91,390.8,0,1,1,0,150.91
2005,6,21,17,2,114,151.92,390.8,0,1,1,0,151.92
2005,6,21,17,2,114,152.93,390.8,0,1,1,0,152.93
2005,6,21,17,2,114,153.94,390.8,0,1,1,0,153.94
2005,6,21,17,2,114,154.95,390.8,0,1,1,0,154.95
2005,6,21,17,2,114,155.96,390.8,0,1,1,0,155.96
2005,6,21,17,2,114,156.97,390.8,0,1,1,0,156.97
2005,6,21,17,2,114,157.98,390.8,0,1,1,0,157.98
2005,6,21,17,2,114,158.99,390.8,0,1,1,0,158.99
2005,6,21,17,2,114,160,390.3,0,1,1,0,160
2005,6,21,18,2,114,139.87,24.3,0,1,1,0,139.87
2005,6,21,18,2,114,147.88,393.3,0,1,1,0,147.88
2005,6,21,18,2,114,148.89,393.3,0,1,1,0,148.89
2005,6,21,18,2,114,149.9,393.3,0,1,1,0,149.9
2005,6,21,18,2,114,150.91,393.3,0,1,1,0,150.91
2005,6,21,18,2,114,151.92,393.3,0,1,1,0,151.92
2005,6,21,18,2,114,152.93,393.3,0,1,1,0,152.93
2005,6,21,18,2,114,153.94,393.3,0,1,1,0,153.94
2005,6,21,18,2,114,154.95,393.3,0,1,1,0,154.95
2005,6,21,18,2,114,155.96,393.3,0,1,1,0,155.96
2005,6,21,18,2,114,156.97,393.3,0,1,1,0,156.97
2005,6,21,18,2,114,157.98,393.3,0,1,1,0,157.98
2005,6,21,18,2,114,158.99,393.3,0,1,1,0,158.99
2005,6,21,18,2,114,160,392.8,0,1,1,0,160
2005,6,21,19,2,114,139.87,24.3,0,1,1,0,139.87
2005,6,21,19,2,114,147.88,386.9,0,1,1,0,147.88
2005,6,21,19,2,114,148.89,386.9,0,1,1,0,148.89
2005,6,21,19,2,114,149.9,386.9,0,1,1,0,149.9
2005,6,21,19,2,114,150.91,386.9,0,1,1,0,150.91
2005,6,21,19,2,114,151.92,386.9,0,1,1,0,151.92
2005,6,21,19,2,114,152.93,386.9,0,1,1,0,152.93
2005,6,21,19,2,114,153.94,386.9,0,1,1,0,153.94
2005,6,21,19,2,114,154.95,386.9,0,1,1,0,154.95
2005,6,21,19,2,114,155.96,386.9,0,1,1,0,155.96
2005,6,21,19,2,114,156.97,386.9,0,1,1,0,156.97
2005,6,21,19,2,114,157.98,386.9,0,1,1,0,157.98
2005,6,21,19,2,114,158.99,386.9,0,1,1,0,158.99
2005,6,21,19,2,114,160,386.9,0,1,1,0,160
2005,6,21,20,2,114,139.87,22.5,0,1,1,0,139.87
2005,6,21,20,2,114,147.88,377.9,0,1,1,0,147.88
2005,6,21,20,2,114,148.89,377.9,0,1,1,0,148.89
2005,6,21,20,2,114,149.9,377.9,0,1,1,0,149.9
2005,6,21,20,2,114,150.91,377.9,0,1,1,0,150.91
2005,6,21,20,2,114,151.92,377.9,0,1,1,0,151.92
2005,6,21,20,2,114,152.93,377.9,0,1,1,0,152.93
2005,6,21,20,2,114,153.94,377.9,0,1,1,0,153.94
2005,6,21,20,2,114,154.95,377.9,0,1,1,0,154.95
2005,6,21,20,2,114,155.96,377.9,0,1,1,0,155.96
2005,6,21,20,2,114,156.97,377.9,0,1,1,0,156.97
2005,6,21,20,2,114,157.98,377.9,0,1,1,0,157.98
2005,6,21,20,2,114,158.99,377.9,0,1,1,0,158.99
2005,6,21,20,2,114,160,378.5,0,1,1,0,160
2005,6,21,21,2,114,139.87,22.5,0,1,1,0,139.87
2005,6,21,21,2,114,147.88,365.9,0,1,1,0,147.88
2005,6,21,21,2,114,148.89,365.9,0,1,1,0,148.89
2005,6,21,21,2,114,149.9,365.9,0,1,1,0,149.9
2005,6,21,21,2,114,150.91,365.9,0,1,1,0,150.91
2005,6,21,21,2,114,151.92,365.9,0,1,1,0,151.92
2005,6,21,21,2,114,152.93,365.9,0,1,1,0,152.93
2005,6,21,21,2,114,153.94,365.9,0,1,1,0,153.94
2005,6,21,21,2,114,154.95,365.9,0,1,1,0,154.95
2005,6,21,21,2,114,155.96,365.9,0,1,1,0,155.96
2005,6,21,21,2,114,156.97,365.9,0,1,1,0,156.97
2005,6,21,21,2,114,157.98,365.9,0,1,1,0,157.98
2005,6,21,21,2,114,158.99,365.9,0,1,1,0,158.99
2005,6,21,21,2,114,160,365.3,0,1,1,0,160
2005,6,21,22,2,114,139.87,18.5,0,1,1,0,139.87
2005,6,21,22,2,114,147.88,339.9,0,1,1,0,147.88
2005,6,21,22,2,114,148.89,339.9,0,1,1,0,148.89
2005,6,21,22,2,114,149.9,339.9,0,1,1,0,149.9
2005,6,21,22,2,114,150.91,339.9,0,1,1,0,150.91
2005,6,21,22,2,114,151.92,339.9,0,1,1,0,151.92
2005,6,21,22,2,114,152.93,339.9,0,1,1,0,152.93
2005,6,21,22,2,114,153.94,339.9,0,1,1,0,153.94
2005,6,21,22,2,114,154.95,339.9,0,1,1,0,154.95
2005,6,21,22,2,114,155.96,339.9,0,1,1,0,155.96
2005,6,21,22,2,114,156.97,339.9,0,1,1,0,156.97
2005,6,21,22,2,114,157.98,339.9,0,1,1,0,157.98
2005,6,21,22,2,114,158.99,339.9,0,1,1,0,158.99
2005,6,21,22,2,114,160,339.5,0,1,1,0,160
2005,6,21,23,2,114,139.87,16.5,0,1,1,0,139.87
2005,6,21,23,2,114,147.88,307,0,1,1,0,147.88
2005,6,21,23,2,114,148.89,307,0,1,1,0,148.89
2005,6,21,23,2,114,149.9,307,0,1,1,0,149.9
2005,6,21,23,2,114,150.91,307,0,1,1,0,150.91
2005,6,21,23,2,114,151.92,307,0,1,1,0,151.92
2005,6,21,23,2,114,152.93,307,0,1,1,0,152.93
2005,6,21,23,2,114,153.94,307,0,1,1,0,153.94
2005,6,21,23,2,114,154.95,307,0,1,1,0,154.95
2005,6,21,23,2,114,155.96,307,0,1,1,0,155.96
2005,6,21,23,2,114,156.97,307,0,1,1,0,156.97
2005,6,21,23,2,114,157.98,307,0,1,1,0,157.98
2005,6,21,23,2,114,158.99,307,0,1,1,0,158.99
2005,6,21,23,2,114,160,307.3,0,1,1,0,160
2005,6,21,24,2,114,139.87,12.4,0,1,1,0,139.87
2005,6,21,24,2,114,147.88,288.9,0,1,1,0,147.88
2005,6,21,24,2,114,148.89,288.9,0,1,1,0,148.89
2005,6,21,24,2,114,149.9,288.9,0,1,1,0,149.9
2005,6,21,24,2,114,150.91,288.9,0,1,1,0,150.91
2005,6,21,24,2,114,151.92,288.9,0,1,1,0,151.92
2005,6,21,24,2,114,152.93,288.9,0,1,1,0,152.93
2005,6,21,24,2,114,153.94,288.9,0,1,1,0,153.94
2005,6,21,24,2,114,154.95,288.9,0,1,1,0,154.95
2005,6,21,24,2,114,155.96,288.9,0,1,1,0,155.96
2005,6,21,24,2,114,156.97,288.9,0,1,1,0,156.97
2005,6,21,24,2,114,157.98,288.9,0,1,1,0,157.98
2005,6,21,24,2,114,158.99,288.9,0,1,1,0,158.99
2005,6,21,24,2,114,160,289.2,0,1,1,0,160
2005,6,21,1,2,115,0,30.5,0,2,1,0,0
2005,6,21,2,2,115,0,30.6,0,2,1,0,0
2005,6,21,3,2,115,0,30.7,0,2,1,0,0
2005,6,21,4,2,115,0,30.8,0,2,1,0,0
2005,6,21,5,2,115,0,30.9,0,2,1,0,0
2005,6,21,6,2,115,0,31,0,2,1,0,0
2005,6,21,7,2,115,0,31.1,0,2,1,0,0
2005,6,21,8,2,115,0,30.9,0,2,1,0,0
2005,6,21,9,2,115,0,30.7,0,2,1,0,0
2005,6,21,10,2,115,0,30.6,0,2,1,0,0
2005,6,21,11,2,115,0,48,0,2,1,0,0
2005,6,21,12,2,115,0,47.8,0,2,1,0,0
2005,6,21,13,2,115,0,47.7,0,2,1,0,0
2005,6,21,14,2,115,0,47.5,0,2,1,0,0
2005,6,21,15,2,115,0,30.1,0,2,1,0,0
2005,6,21,16,2,115,0,29.9,0,2,1,0,0
2005,6,21,17,2,115,0,29.8,0,2,1,0,0
2005,6,21,18,2,115,0,29.8,0,2,1,0,0
2005,6,21,19,2,115,0,29.7,0,2,1,0,0
2005,6,21,20,2,115,0,29.8,0,2,1,0,0
2005,6,21,21,2,115,0,29.8,0,2,1,0,0
2005,6,21,22,2,115,0,29.9,0,2,1,0,0
2005,6,21,23,2,115,0,30.2,0,2,1,0,0
2005,6,21,24,2,115,0,30.3,0,2,1,0,0
2005,6,21,1,2,116,180.3,280.2,0,1,1,0,180.3
2005,6,21,2,2,116,180.3,259,0,1,1,0,180.3
2005,6,21,3,2,116,180.3,253.5,0,1,1,0,180.3
2005,6,21,4,2,116,180.3,249,0,1,1,0,180.3
2005,6,21,5,2,116,180.3,244.6,0,1,1,0,180.3
2005,6,21,6,2,116,180.3,242.3,0,1,1,0,180.3
2005,6,21,7,2,116,180.3,248.1,0,1,1,0,180.3
2005,6,21,8,2,116,180.3,268.3,0,1,1,0,180.3
2005,6,21,9,2,116,180.3,295.5,0,1,1,0,180.3
2005,6,21,10,2,116,180.3,343.8,0,1,1,0,180.3
2005,6,21,11,2,116,180.3,386.9,0,1,1,0,180.3
2005,6,21,12,2,116,180.3,401.6,0,1,1,0,180.3
2005,6,21,13,2,116,180.3,402.3,0,1,1,0,180.3
2005,6,21,14,2,116,180.3,368.1,0,1,1,0,180.3
2005,6,21,15,2,116,180.3,381.7,0,1,1,0,180.3
2005,6,21,16,2,116,180.3,399.4,0,1,1,0,180.3
2005,6,21,17,2,116,180.3,394.9,0,1,1,0,180.3
2005,6,21,18,2,116,180.3,395.3,0,1,1,0,180.3
2005,6,21,19,2,116,180.3,375.1,0,1,1,0,180.3
2005,6,21,20,2,116,180.3,360.6,0,1,1,0,180.3
2005,6,21,21,2,116,180.3,340.6,0,1,1,0,180.3
2005,6,21,22,2,116,180.3,332.3,0,1,1,0,180.3
2005,6,21,23,2,116,180.3,330.8,0,1,1,0,180.3
2005,6,21,24,2,116,180.3,313.5,0,1,1,0,180.3
2005,6,21,1,2,117,0,175,0,2,1,0,0
2005,6,21,2,2,117,0,250,0,2,1,0,0
2005,6,21,3,2,117,0,250,0,2,1,0,0
2005,6,21,4,2,117,0,250,0,2,1,0,0
2005,6,21,5,2,117,0,250,0,2,1,0,0
2005,6,21,6,2,117,0,250,0,2,1,0,0
2005,6,21,7,2,117,0,250,0,2,1,0,0
2005,6,21,8,2,117,0,280,0,2,1,0,0
2005,6,21,9,2,117,0,175,0,2,1,0,0
2005,6,21,10,2,117,0,118.3,0,2,1,0,0
2005,6,21,11,2,117,0,117.7,0,2,1,0,0
2005,6,21,12,2,117,0,117.4,0,2,1,0,0
2005,6,21,13,2,117,0,118.7,0,2,1,0,0
2005,6,21,14,2,117,0,118.8,0,2,1,0,0
2005,6,21,15,2,117,0,120.2,0,2,1,0,0
2005,6,21,16,2,117,0,125.3,0,2,1,0,0
2005,6,21,17,2,117,0,125.2,0,2,1,0,0
2005,6,21,18,2,117,0,125.1,0,2,1,0,0
2005,6,21,19,2,117,0,124.9,0,2,1,0,0
2005,6,21,20,2,117,0,124.8,0,2,1,0,0
2005,6,21,21,2,117,0,122.8,0,2,1,0,0
2005,6,21,22,2,117,0,123.6,0,2,1,0,0
2005,6,21,23,2,117,0,124.1,0,2,1,0,0
2005,6,21,24,2,117,0,124.5,0,2,1,0,0
2005,6,21,1,2,118,1,50,0,1,0,0,1
2005,6,21,2,2,118,50,50,0,1,1,0,50
2005,6,21,3,2,118,50,50,0,1,1,0,50
2005,6,21,4,2,118,50,50,0,1,1,0,50
2005,6,21,5,2,118,50,50,0,1,1,0,50
2005,6,21,6,2,118,50,50,0,1,1,0,50
2005,6,21,7,2,118,50,50,0,1,1,0,50
2005,6,21,8,2,118,1,50,0,1,0,0,1
2005,6,21,9,2,118,1,50,0,1,0,0,1
2005,6,21,10,2,118,1,50,0,1,0,0,1
2005,6,21,11,2,118,1,50,0,1,0,0,1
2005,6,21,12,2,118,1,50,0,1,0,0,1
2005,6,21,13,2,118,1,50,0,1,0,0,1
2005,6,21,14,2,118,1,50,0,1,0,0,1
2005,6,21,15,2,118,1,50,0,1,0,0,1
2005,6,21,16,2,118,1,50,0,1,0,0,1
2005,6,21,17,2,118,1,50,0,1,0,0,1
2005,6,21,18,2,118,1,50,0,1,0,0,1
2005,6,21,19,2,118,1,50,0,1,0,0,1
2005,6,21,20,2,118,1,50,0,1,0,0,1
2005,6,21,21,2,118,1,50,0,1,0,0,1
2005,6,21,22,2,118,1,50,0,1,0,0,1
2005,6,21,23,2,118,1,50,0,1,0,0,1
2005,6,21,24,2,118,1,50,0,1,0,0,1
2005,6,21,1,9,119,0,2.5,0,2,1,0,0
2005,6,21,2,9,119,0,2.5,0,2,1,0,0
2005,6,21,3,9,119,0,2.5,0,2,1,0,0
2005,6,21,4,9,119,0,2.5,0,2,1,0,0
2005,6,21,5,9,119,0,2.5,0,2,1,0,0
2005,6,21,6,9,119,0,2.5,0,2,1,0,0
2005,6,21,7,9,119,0,2.5,0,2,1,0,0
2005,6,21,8,9,119,0,2.5,0,2,1,0,0
2005,6,21,9,9,119,0,2.4,0,2,1,0,0
2005,6,21,10,9,119,0,2.4,0,2,1,0,0
2005,6,21,11,9,119,0,2.4,0,2,1,0,0
2005,6,21,12,9,119,0,2.4,0,2,1,0,0
2005,6,21,13,9,119,0,2.3,0,2,1,0,0
2005,6,21,14,9,119,0,2.3,0,2,1,0,0
2005,6,21,15,9,119,0,2.3,0,2,1,0,0
2005,6,21,16,9,119,0,2.3,0,2,1,0,0
2005,6,21,17,9,119,0,2.3,0,2,1,0,0
2005,6,21,18,9,119,0,2.3,0,2,1,0,0
2005,6,21,19,9,119,0,2.3,0,2,1,0,0
2005,6,21,20,9,119,0,2.3,0,2,1,0,0
2005,6,21,21,9,119,0,2.3,0,2,1,0,0
2005,6,21,22,9,119,0,2.4,0,2,1,0,0
2005,6,21,23,9,119,0,2.4,0,2,1,0,0
2005,6,21,24,9,119,0,2.5,0,2,1,0,0
2005,6,21,1,9,120,0,28.8,0,2,1,0,0
2005,6,21,2,9,120,0,28.7,0,2,1,0,0
2005,6,21,3,9,120,0,27.3,0,2,1,0,0
2005,6,21,4,9,120,0,27.2,0,2,1,0,0
2005,6,21,5,9,120,0,27.1,0,2,1,0,0
2005,6,21,6,9,120,0,26.9,0,2,1,0,0
2005,6,21,7,9,120,0,27,0,2,1,0,0
2005,6,21,8,9,120,0,26.9,0,2,1,0,0
2005,6,21,9,9,120,0,26.7,0,2,1,0,0
2005,6,21,10,9,120,0,25.9,0,2,1,0,0
2005,6,21,11,9,120,0,24.1,0,2,1,0,0
2005,6,21,12,9,120,0,22,0,2,1,0,0
2005,6,21,13,9,120,0,20.4,0,2,1,0,0
2005,6,21,14,9,120,0,19.5,0,2,1,0,0
2005,6,21,15,9,120,0,19.2,0,2,1,0,0
2005,6,21,16,9,120,0,19.1,0,2,1,0,0
2005,6,21,17,9,120,0,19.1,0,2,1,0,0
2005,6,21,18,9,120,0,19.1,0,2,1,0,0
2005,6,21,19,9,120,0,18.9,0,2,1,0,0
2005,6,21,20,9,120,0,18.7,0,2,1,0,0
2005,6,21,21,9,120,0,18.1,0,2,1,0,0
2005,6,21,22,9,120,0,17.7,0,2,1,0,0
2005,6,21,23,9,120,0,17.3,0,2,1,0,0
2005,6,21,24,9,120,0,19.5,0,2,1,0,0
2005,6,21,1,9,121,0,18.6,0,2,1,0,0
2005,6,21,2,9,121,0,18.6,0,2,1,0,0
2005,6,21,3,9,121,0,18.7,0,2,1,0,0
2005,6,21,4,9,121,0,18.7,0,2,1,0,0
2005,6,21,5,9,121,0,18.8,0,2,1,0,0
2005,6,21,6,9,121,0,18.9,0,2,1,0,0
2005,6,21,7,9,121,0,19,0,2,1,0,0
2005,6,21,8,9,121,0,19,0,2,1,0,0
2005,6,21,9,9,121,0,19,0,2,1,0,0
2005,6,21,10,9,121,0,19,0,2,1,0,0
2005,6,21,11,9,121,0,18.7,0,2,1,0,0
2005,6,21,12,9,121,0,18.3,0,2,1,0,0
2005,6,21,13,9,121,0,18,0,2,1,0,0
2005,6,21,14,9,121,0,18,0,2,1,0,0
2005,6,21,15,9,121,0,18.2,0,2,1,0,0
2005,6,21,16,9,121,0,18,0,2,1,0,0
2005,6,21,17,9,121,0,17.9,0,2,1,0,0
2005,6,21,18,9,121,0,18.2,0,2,1,0,0
2005,6,21,19,9,121,0,18.2,0,2,1,0,0
2005,6,21,20,9,121,0,18.3,0,2,1,0,0
2005,6,21,21,9,121,0,18.4,0,2,1,0,0
2005,6,21,22,9,121,0,18.4,0,2,1,0,0
2005,6,21,23,9,121,0,18.6,0,2,1,0,0
2005,6,21,24,9,121,0,18.7,0,2,1,0,0
2005,6,21,1,1,1058,125.26,267.8,.800689,2,0,0,125.26
2005,6,21,2,1,1058,125.26,267.8,.800689,2,0,0,125.26
2005,6,21,3,1,1058,125.26,267.8,.800689,2,0,0,125.26
2005,6,21,4,1,1058,125.26,267.8,.800689,2,0,0,125.26
2005,6,21,5,1,1058,125.26,267.8,.800689,2,0,0,125.26
2005,6,21,6,1,1058,125.26,267.8,.800689,2,0,0,125.26
2005,6,21,7,1,1058,125.26,267.8,.800689,2,0,0,125.26
2005,6,21,8,1,1058,125.26,267.8,.800689,2,0,0,125.26
2005,6,21,9,1,1058,125.26,267.8,.800689,2,0,0,125.26
2005,6,21,10,1,1058,125.26,267.8,.800689,2,0,0,125.26
2005,6,21,11,1,1058,125.26,267.8,.800689,2,0,0,125.26
2005,6,21,12,1,1058,125.26,267.8,.800689,2,0,0,125.26
2005,6,21,13,1,1058,125.26,267.8,.800689,2,0,0,125.26
2005,6,21,14,1,1058,125.26,267.8,.800689,2,0,0,125.26
2005,6,21,15,1,1058,125.26,267.8,.800689,2,0,0,125.26
2005,6,21,16,1,1058,125.26,267.8,.800689,2,0,0,125.26
2005,6,21,17,1,1058,125.26,267.8,.800689,2,0,0,125.26
2005,6,21,18,1,1058,125.26,267.8,.800689,2,0,0,125.26
2005,6,21,19,1,1058,125.26,267.8,.800689,2,0,0,125.26
2005,6,21,20,1,1058,125.26,267.8,.800689,2,0,0,125.26
2005,6,21,21,1,1058,125.26,267.8,.800689,2,0,0,125.26
2005,6,21,22,1,1058,125.26,267.8,.800689,2,0,0,125.26
2005,6,21,23,1,1058,125.26,267.8,.800689,2,0,0,125.26
2005,6,21,24,1,1058,125.26,267.8,.800689,2,0,0,125.26
2005,6,21,1,1,1059,119.9,269.5,.800689,2,0,1,73.685231
2005,6,21,2,1,1059,119.9,269.5,.800689,2,0,1,73.685231
2005,6,21,3,1,1059,119.9,269.5,.800689,2,0,1,73.685231
2005,6,21,4,1,1059,119.9,269.5,.800689,2,0,1,73.685231
2005,6,21,5,1,1059,119.9,269.5,.800689,2,0,1,73.685231
2005,6,21,6,1,1059,119.9,269.5,.800689,2,0,1,73.685231
2005,6,21,7,1,1059,119.9,269.5,.800689,2,0,1,73.685231
2005,6,21,8,1,1059,119.9,269.5,.800689,2,0,1,73.685231
2005,6,21,9,1,1059,119.9,269.5,.800689,2,0,1,73.685231
2005,6,21,10,1,1059,119.9,269.5,.800689,2,0,1,73.685231
2005,6,21,11,1,1059,119.9,269.5,.800689,2,0,1,73.685231
2005,6,21,12,1,1059,119.9,269.5,.800689,2,0,1,73.685231
2005,6,21,13,1,1059,119.9,269.5,.800689,2,0,1,73.685231
2005,6,21,14,1,1059,119.9,269.5,.800689,2,0,1,73.685231
2005,6,21,15,1,1059,119.9,269.5,.800689,2,0,1,73.685231
2005,6,21,16,1,1059,119.9,269.5,.800689,2,0,1,73.685231
2005,6,21,17,1,1059,119.9,269.5,.800689,2,0,1,73.685231
2005,6,21,18,1,1059,119.9,269.5,.800689,2,0,1,73.685231
2005,6,21,19,1,1059,119.9,269.5,.800689,2,0,1,73.685231
2005,6,21,20,1,1059,119.9,269.5,.800689,2,0,1,73.685231
2005,6,21,21,1,1059,119.9,269.5,.800689,2,0,1,73.685231
2005,6,21,22,1,1059,119.9,269.5,.800689,2,0,1,73.685231
2005,6,21,23,1,1059,119.9,269.5,.800689,2,0,1,73.685231
2005,6,21,24,1,1059,119.9,269.5,.800689,2,0,1,73.685231
2005,6,21,1,9,124,180.3,.8,0,1,1,0,180.3
2005,6,21,2,9,124,180.3,.8,0,1,1,0,180.3
2005,6,21,3,9,124,180.3,.8,0,1,1,0,180.3
2005,6,21,4,9,124,180.3,.8,0,1,1,0,180.3
2005,6,21,5,9,124,180.3,.8,0,1,1,0,180.3
2005,6,21,6,9,124,180.3,.8,0,1,1,0,180.3
2005,6,21,7,9,124,180.3,.8,0,1,1,0,180.3
2005,6,21,8,9,124,180.3,.9,0,1,1,0,180.3
2005,6,21,9,9,124,180.3,.9,0,1,1,0,180.3
2005,6,21,10,9,124,180.3,.9,0,1,1,0,180.3
2005,6,21,11,9,124,180.3,.9,0,1,1,0,180.3
2005,6,21,12,9,124,180.3,.9,0,1,1,0,180.3
2005,6,21,13,9,124,180.3,.9,0,1,1,0,180.3
2005,6,21,14,9,124,180.3,.9,0,1,1,0,180.3
2005,6,21,15,9,124,180.3,.9,0,1,1,0,180.3
2005,6,21,16,9,124,180.3,.9,0,1,1,0,180.3
2005,6,21,17,9,124,180.3,.9,0,1,1,0,180.3
2005,6,21,18,9,124,180.3,.9,0,1,1,0,180.3
2005,6,21,19,9,124,180.3,.9,0,1,1,0,180.3
2005,6,21,20,9,124,180.3,.9,0,1,1,0,180.3
2005,6,21,21,9,124,180.3,1.1,0,1,1,0,180.3
2005,6,21,22,9,124,180.3,1.1,0,1,1,0,180.3
2005,6,21,23,9,124,180.3,1,0,1,1,0,180.3
2005,6,21,24,9,124,180.3,.8,0,1,1,0,180.3
2005,6,21,1,9,125,0,3.5,0,2,1,0,0
2005,6,21,1,9,125,149,20.5,0,2,0,0,149
2005,6,21,2,9,125,0,3.5,0,2,1,0,0
2005,6,21,2,9,125,149,20.5,0,2,0,0,149
2005,6,21,3,9,125,0,3.5,0,2,1,0,0
2005,6,21,3,9,125,149,20.5,0,2,0,0,149
2005,6,21,4,9,125,0,3.5,0,2,1,0,0
2005,6,21,4,9,125,149,20.5,0,2,0,0,149
2005,6,21,5,9,125,0,3.5,0,2,1,0,0
2005,6,21,5,9,125,149,20.5,0,2,0,0,149
2005,6,21,6,9,125,0,3.3,0,2,1,0,0
2005,6,21,6,9,125,149,20.7,0,2,0,0,149
2005,6,21,7,9,125,0,2.6,0,2,1,0,0
2005,6,21,7,9,125,149,21.4,0,2,0,0,149
2005,6,21,8,9,125,0,1.3,0,2,1,0,0
2005,6,21,8,9,125,149,22.7,0,2,0,0,149
2005,6,21,9,9,125,0,1.2,0,2,1,0,0
2005,6,21,9,9,125,149,22.8,0,2,0,0,149
2005,6,21,10,9,125,0,1.6,0,2,1,0,0
2005,6,21,10,9,125,149,22.4,0,2,0,0,149
2005,6,21,11,9,125,0,2.4,0,2,1,0,0
2005,6,21,11,9,125,149,21.6,0,2,0,0,149
2005,6,21,12,9,125,0,2.1,0,2,1,0,0
2005,6,21,12,9,125,149,21.9,0,2,0,0,149
2005,6,21,13,9,125,0,2.4,0,2,1,0,0
2005,6,21,13,9,125,149,21.6,0,2,0,0,149
2005,6,21,14,9,125,0,2.6,0,2,1,0,0
2005,6,21,14,9,125,149,21.4,0,2,0,0,149
2005,6,21,15,9,125,0,2.7,0,2,1,0,0
2005,6,21,15,9,125,149,21.3,0,2,0,0,149
2005,6,21,16,9,125,0,2.1,0,2,1,0,0
2005,6,21,16,9,125,149,21.9,0,2,0,0,149
2005,6,21,17,9,125,0,2.4,0,2,1,0,0
2005,6,21,17,9,125,149,21.6,0,2,0,0,149
2005,6,21,18,9,125,0,2.5,0,2,1,0,0
2005,6,21,18,9,125,149,21.5,0,2,0,0,149
2005,6,21,19,9,125,0,2.6,0,2,1,0,0
2005,6,21,19,9,125,149,21.4,0,2,0,0,149
2005,6,21,20,9,125,0,2.5,0,2,1,0,0
2005,6,21,20,9,125,149,21.5,0,2,0,0,149
2005,6,21,21,9,125,0,2.2,0,2,1,0,0
2005,6,21,21,9,125,149,21.8,0,2,0,0,149
2005,6,21,22,9,125,0,1.9,0,2,1,0,0
2005,6,21,22,9,125,149,22.1,0,2,0,0,149
2005,6,21,23,9,125,0,3.2,0,2,1,0,0
2005,6,21,23,9,125,149,20.8,0,2,0,0,149
2005,6,21,24,9,125,0,3.9,0,2,1,0,0
2005,6,21,24,9,125,149,20.1,0,2,0,0,149
2005,6,21,1,1,126,0,222.5,0,2,1,0,0
2005,6,21,1,1,126,120.01,10.5,0,2,0,0,120.01
2005,6,21,2,1,126,0,222.5,0,2,1,0,0
2005,6,21,2,1,126,120.01,10.5,0,2,0,0,120.01
2005,6,21,3,1,126,0,222.5,0,2,1,0,0
2005,6,21,3,1,126,120.01,10.5,0,2,0,0,120.01
2005,6,21,4,1,126,0,222.5,0,2,1,0,0
2005,6,21,4,1,126,120.01,10.5,0,2,0,0,120.01
2005,6,21,5,1,126,0,222.5,0,2,1,0,0
2005,6,21,5,1,126,120.01,10.5,0,2,0,0,120.01
2005,6,21,6,1,126,0,222.5,0,2,1,0,0
2005,6,21,6,1,126,120.01,10.5,0,2,0,0,120.01
2005,6,21,7,1,126,0,222.5,0,2,1,0,0
2005,6,21,7,1,126,120.01,10.5,0,2,0,0,120.01
2005,6,21,8,1,126,0,222.5,0,2,1,0,0
2005,6,21,8,1,126,120.01,10.5,0,2,0,0,120.01
2005,6,21,9,1,126,0,222.5,0,2,1,0,0
2005,6,21,9,1,126,120.01,10.5,0,2,0,0,120.01
2005,6,21,10,1,126,0,222.5,0,2,1,0,0
2005,6,21,10,1,126,120.01,10.5,0,2,0,0,120.01
2005,6,21,11,1,126,0,222.5,0,2,1,0,0
2005,6,21,11,1,126,120.01,10.5,0,2,0,0,120.01
2005,6,21,12,1,126,0,222.5,0,2,1,0,0
2005,6,21,12,1,126,120.01,10.5,0,2,0,0,120.01
2005,6,21,13,1,126,0,222.5,0,2,1,0,0
2005,6,21,13,1,126,120.01,10.5,0,2,0,0,120.01
2005,6,21,14,1,126,0,222.5,0,2,1,0,0
2005,6,21,14,1,126,120.01,10.5,0,2,0,0,120.01
2005,6,21,15,1,126,0,222.5,0,2,1,0,0
2005,6,21,15,1,126,120.01,10.5,0,2,0,0,120.01
2005,6,21,16,1,126,0,222.5,0,2,1,0,0
2005,6,21,16,1,126,120.01,10.5,0,2,0,0,120.01
2005,6,21,17,1,126,0,222.5,0,2,1,0,0
2005,6,21,17,1,126,120.01,10.5,0,2,0,0,120.01
2005,6,21,18,1,126,0,222.5,0,2,1,0,0
2005,6,21,18,1,126,120.01,1.8,0,2,1,0,120.01
2005,6,21,19,1,126,0,222.5,0,2,1,0,0
2005,6,21,19,1,126,120.01,10.5,0,2,0,0,120.01
2005,6,21,20,1,126,0,222.5,0,2,1,0,0
2005,6,21,20,1,126,120.01,10.5,0,2,0,0,120.01
2005,6,21,21,1,126,0,222.5,0,2,1,0,0
2005,6,21,21,1,126,120.01,10.5,0,2,0,0,120.01
2005,6,21,22,1,126,0,222.5,0,2,1,0,0
2005,6,21,22,1,126,120.01,10.5,0,2,0,0,120.01
2005,6,21,23,1,126,0,222.5,0,2,1,0,0
2005,6,21,23,1,126,120.01,10.5,0,2,0,0,120.01
2005,6,21,24,1,126,0,222.5,0,2,1,0,0
2005,6,21,24,1,126,120.01,10.5,0,2,0,0,120.01
2005,6,21,1,2,126,0,222.5,0,2,1,0,0
2005,6,21,1,2,126,120.01,10.5,0,2,0,0,120.01
2005,6,21,2,2,126,0,222.5,0,2,1,0,0
2005,6,21,2,2,126,120.01,10.5,0,2,0,0,120.01
2005,6,21,3,2,126,0,222.5,0,2,1,0,0
2005,6,21,3,2,126,120.01,10.5,0,2,0,0,120.01
2005,6,21,4,2,126,0,222.5,0,2,1,0,0
2005,6,21,4,2,126,120.01,10.5,0,2,0,0,120.01
2005,6,21,5,2,126,0,222.5,0,2,1,0,0
2005,6,21,5,2,126,120.01,10.5,0,2,0,0,120.01
2005,6,21,6,2,126,0,222.5,0,2,1,0,0
2005,6,21,6,2,126,120.01,10.5,0,2,0,0,120.01
2005,6,21,7,2,126,0,222.5,0,2,1,0,0
2005,6,21,7,2,126,120.01,10.5,0,2,0,0,120.01
2005,6,21,8,2,126,0,222.5,0,2,1,0,0
2005,6,21,8,2,126,120.01,10.5,0,2,0,0,120.01
2005,6,21,9,2,126,0,222.5,0,2,1,0,0
2005,6,21,9,2,126,120.01,10.5,0,2,0,0,120.01
2005,6,21,10,2,126,0,222.5,0,2,1,0,0
2005,6,21,10,2,126,120.01,10.5,0,2,0,0,120.01
2005,6,21,11,2,126,0,222.5,0,2,1,0,0
2005,6,21,11,2,126,120.01,10.5,0,2,0,0,120.01
2005,6,21,12,2,126,0,222.5,0,2,1,0,0
2005,6,21,12,2,126,120.01,10.5,0,2,0,0,120.01
2005,6,21,13,2,126,0,222.5,0,2,1,0,0
2005,6,21,13,2,126,120.01,10.5,0,2,0,0,120.01
2005,6,21,14,2,126,0,222.5,0,2,1,0,0
2005,6,21,14,2,126,120.01,10.5,0,2,0,0,120.01
2005,6,21,15,2,126,0,222.5,0,2,1,0,0
2005,6,21,15,2,126,120.01,10.5,0,2,0,0,120.01
2005,6,21,16,2,126,0,222.5,0,2,1,0,0
2005,6,21,16,2,126,120.01,10.5,0,2,0,0,120.01
2005,6,21,17,2,126,0,222.5,0,2,1,0,0
2005,6,21,17,2,126,120.01,10.5,0,2,0,0,120.01
2005,6,21,18,2,126,0,222.5,0,2,1,0,0
2005,6,21,18,2,126,120.01,1.8,0,2,1,0,120.01
2005,6,21,19,2,126,0,222.5,0,2,1,0,0
2005,6,21,19,2,126,120.01,10.5,0,2,0,0,120.01
2005,6,21,20,2,126,0,222.5,0,2,1,0,0
2005,6,21,20,2,126,120.01,10.5,0,2,0,0,120.01
2005,6,21,21,2,126,0,222.5,0,2,1,0,0
2005,6,21,21,2,126,120.01,10.5,0,2,0,0,120.01
2005,6,21,22,2,126,0,222.5,0,2,1,0,0
2005,6,21,22,2,126,120.01,10.5,0,2,0,0,120.01
2005,6,21,23,2,126,0,222.5,0,2,1,0,0
2005,6,21,23,2,126,120.01,10.5,0,2,0,0,120.01
2005,6,21,24,2,126,0,222.5,0,2,1,0,0
2005,6,21,24,2,126,120.01,10.5,0,2,0,0,120.01
2005,6,21,1,4,127,0,3.2,0,2,1,0,0
2005,6,21,2,4,127,0,3.2,0,2,1,0,0
2005,6,21,3,4,127,0,3.2,0,2,1,0,0
2005,6,21,4,4,127,0,3.2,0,2,1,0,0
2005,6,21,5,4,127,0,3.2,0,2,1,0,0
2005,6,21,6,4,127,0,3.2,0,2,1,0,0
2005,6,21,7,4,127,0,3.2,0,2,1,0,0
2005,6,21,8,4,127,0,3.2,0,2,1,0,0
2005,6,21,9,4,127,0,3.2,0,2,1,0,0
2005,6,21,10,4,127,0,3.2,0,2,1,0,0
2005,6,21,11,4,127,0,3.2,0,2,1,0,0
2005,6,21,12,4,127,0,3.2,0,2,1,0,0
2005,6,21,13,4,127,0,3.2,0,2,1,0,0
2005,6,21,14,4,127,0,3.2,0,2,1,0,0
2005,6,21,15,4,127,0,3.2,0,2,1,0,0
2005,6,21,16,4,127,0,3.2,0,2,1,0,0
2005,6,21,17,4,127,0,3.2,0,2,1,0,0
2005,6,21,18,4,127,0,3.2,0,2,1,0,0
2005,6,21,19,4,127,0,3.2,0,2,1,0,0
2005,6,21,20,4,127,0,3.2,0,2,1,0,0
2005,6,21,21,4,127,0,3.2,0,2,1,0,0
2005,6,21,22,4,127,0,3.2,0,2,1,0,0
2005,6,21,23,4,127,0,3.2,0,2,1,0,0
2005,6,21,24,4,127,0,3.2,0,2,1,0,0
2005,6,21,1,9,127,0,3.2,0,2,1,0,0
2005,6,21,2,9,127,0,3.2,0,2,1,0,0
2005,6,21,3,9,127,0,3.2,0,2,1,0,0
2005,6,21,4,9,127,0,3.2,0,2,1,0,0
2005,6,21,5,9,127,0,3.2,0,2,1,0,0
2005,6,21,6,9,127,0,3.2,0,2,1,0,0
2005,6,21,7,9,127,0,3.2,0,2,1,0,0
2005,6,21,8,9,127,0,3.2,0,2,1,0,0
2005,6,21,9,9,127,0,3.2,0,2,1,0,0
2005,6,21,10,9,127,0,3.2,0,2,1,0,0
2005,6,21,11,9,127,0,3.2,0,2,1,0,0
2005,6,21,12,9,127,0,3.2,0,2,1,0,0
2005,6,21,13,9,127,0,3.2,0,2,1,0,0
2005,6,21,14,9,127,0,3.2,0,2,1,0,0
2005,6,21,15,9,127,0,3.2,0,2,1,0,0
2005,6,21,16,9,127,0,3.2,0,2,1,0,0
2005,6,21,17,9,127,0,3.2,0,2,1,0,0
2005,6,21,18,9,127,0,3.2,0,2,1,0,0
2005,6,21,19,9,127,0,3.2,0,2,1,0,0
2005,6,21,20,9,127,0,3.2,0,2,1,0,0
2005,6,21,21,9,127,0,3.2,0,2,1,0,0
2005,6,21,22,9,127,0,3.2,0,2,1,0,0
2005,6,21,23,9,127,0,3.2,0,2,1,0,0
2005,6,21,24,9,127,0,3.2,0,2,1,0,0
2005,6,21,1,9,128,0,14.7,0,2,1,0,0
2005,6,21,2,9,128,0,14.7,0,2,1,0,0
2005,6,21,3,9,128,0,14.7,0,2,1,0,0
2005,6,21,4,9,128,0,14.7,0,2,1,0,0
2005,6,21,5,9,128,0,14.7,0,2,1,0,0
2005,6,21,6,9,128,0,14.7,0,2,1,0,0
2005,6,21,7,9,128,0,14.7,0,2,1,0,0
2005,6,21,8,9,128,0,14.7,0,2,1,0,0
2005,6,21,9,9,128,0,14.7,0,2,1,0,0
2005,6,21,10,9,128,0,14.7,0,2,1,0,0
2005,6,21,11,9,128,0,14.7,0,2,1,0,0
2005,6,21,12,9,128,0,14.7,0,2,1,0,0
2005,6,21,13,9,128,0,14.7,0,2,1,0,0
2005,6,21,14,9,128,0,14.7,0,2,1,0,0
2005,6,21,15,9,128,0,14.7,0,2,1,0,0
2005,6,21,16,9,128,0,14.7,0,2,1,0,0
2005,6,21,17,9,128,0,14.7,0,2,1,0,0
2005,6,21,18,9,128,0,14.7,0,2,1,0,0
2005,6,21,19,9,128,0,14.7,0,2,1,0,0
2005,6,21,20,9,128,0,14.7,0,2,1,0,0
2005,6,21,21,9,128,0,14.7,0,2,1,0,0
2005,6,21,22,9,128,0,14.7,0,2,1,0,0
2005,6,21,23,9,128,0,14.7,0,2,1,0,0
2005,6,21,24,9,128,0,14.7,0,2,1,0,0
2005,6,21,1,2,129,0,96.7,0,2,1,0,0
2005,6,21,1,2,129,70.01,6.3,0,2,0,0,70.01
2005,6,21,1,2,129,73.35,6.3,0,2,0,0,73.35
2005,6,21,1,2,129,76.7,6.3,0,2,0,0,76.7
2005,6,21,1,2,129,80.04,6.3,0,2,0,0,80.04
2005,6,21,2,2,129,0,88.2,0,2,1,0,0
2005,6,21,2,2,129,70.01,6.3,0,2,0,0,70.01
2005,6,21,2,2,129,73.35,6.3,0,2,0,0,73.35
2005,6,21,2,2,129,76.7,6.3,0,2,0,0,76.7
2005,6,21,2,2,129,80.04,6.3,0,2,0,0,80.04
2005,6,21,3,2,129,0,88.2,0,2,1,0,0
2005,6,21,3,2,129,70.01,6.3,0,2,0,0,70.01
2005,6,21,3,2,129,73.35,6.3,0,2,0,0,73.35
2005,6,21,3,2,129,76.7,6.3,0,2,0,0,76.7
2005,6,21,3,2,129,80.04,6.3,0,2,0,0,80.04
2005,6,21,4,2,129,0,88.2,0,2,1,0,0
2005,6,21,4,2,129,70.01,6.3,0,2,0,0,70.01
2005,6,21,4,2,129,73.35,6.3,0,2,0,0,73.35
2005,6,21,4,2,129,76.7,6.3,0,2,0,0,76.7
2005,6,21,4,2,129,80.04,6.3,0,2,0,0,80.04
2005,6,21,5,2,129,0,88.2,0,2,1,0,0
2005,6,21,5,2,129,70.01,6.3,0,2,0,0,70.01
2005,6,21,5,2,129,73.35,6.3,0,2,0,0,73.35
2005,6,21,5,2,129,76.7,6.3,0,2,0,0,76.7
2005,6,21,5,2,129,80.04,6.3,0,2,0,0,80.04
2005,6,21,6,2,129,0,88.2,0,2,1,0,0
2005,6,21,6,2,129,70.01,6.3,0,2,0,0,70.01
2005,6,21,6,2,129,73.35,6.3,0,2,0,0,73.35
2005,6,21,6,2,129,76.7,6.3,0,2,0,0,76.7
2005,6,21,6,2,129,80.04,6.3,0,2,0,0,80.04
2005,6,21,7,2,129,0,89.8,0,2,1,0,0
2005,6,21,7,2,129,70.01,6.3,0,2,0,0,70.01
2005,6,21,7,2,129,73.35,6.3,0,2,0,0,73.35
2005,6,21,7,2,129,76.7,6.3,0,2,0,0,76.7
2005,6,21,7,2,129,80.04,6.3,0,2,0,0,80.04
2005,6,21,8,2,129,0,92.7,0,2,1,0,0
2005,6,21,8,2,129,70.01,6.3,0,2,0,0,70.01
2005,6,21,8,2,129,73.35,6.3,0,2,0,0,73.35
2005,6,21,8,2,129,76.7,6.3,0,2,0,0,76.7
2005,6,21,8,2,129,80.04,6.3,0,2,0,0,80.04
2005,6,21,9,2,129,0,110.9,0,2,1,0,0
2005,6,21,9,2,129,70.01,3.8,0,2,0,0,70.01
2005,6,21,9,2,129,73.35,3.8,0,2,0,0,73.35
2005,6,21,9,2,129,76.7,3.8,0,2,0,0,76.7
2005,6,21,9,2,129,80.04,3.8,0,2,0,0,80.04
2005,6,21,10,2,129,0,157.5,0,2,1,0,0
2005,6,21,10,2,129,70.01,2,0,2,1,0,70.01
2005,6,21,10,2,129,73.35,2,0,2,1,0,73.35
2005,6,21,10,2,129,76.7,2,0,2,1,0,76.7
2005,6,21,10,2,129,80.04,2,0,2,1,0,80.04
2005,6,21,11,2,129,0,157.5,0,2,1,0,0
2005,6,21,11,2,129,70.01,2,0,2,1,0,70.01
2005,6,21,11,2,129,73.35,2,0,2,1,0,73.35
2005,6,21,11,2,129,76.7,2,0,2,1,0,76.7
2005,6,21,11,2,129,80.04,2,0,2,1,0,80.04
2005,6,21,12,2,129,0,157.5,0,2,1,0,0
2005,6,21,12,2,129,70.01,2,0,2,1,0,70.01
2005,6,21,12,2,129,73.35,2,0,2,1,0,73.35
2005,6,21,12,2,129,76.7,2,0,2,1,0,76.7
2005,6,21,12,2,129,80.04,2,0,2,1,0,80.04
2005,6,21,13,2,129,0,157.5,0,2,1,0,0
2005,6,21,13,2,129,70.01,2,0,2,1,0,70.01
2005,6,21,13,2,129,73.35,2,0,2,1,0,73.35
2005,6,21,13,2,129,76.7,2,0,2,1,0,76.7
2005,6,21,13,2,129,80.04,2,0,2,1,0,80.04
2005,6,21,14,2,129,0,157.5,0,2,1,0,0
2005,6,21,14,2,129,70.01,2,0,2,1,0,70.01
2005,6,21,14,2,129,73.35,2,0,2,1,0,73.35
2005,6,21,14,2,129,76.7,2,0,2,1,0,76.7
2005,6,21,14,2,129,80.04,2,0,2,1,0,80.04
2005,6,21,15,2,129,0,150.6,0,2,1,0,0
2005,6,21,15,2,129,70.01,2,0,2,1,0,70.01
2005,6,21,15,2,129,73.35,2,0,2,1,0,73.35
2005,6,21,15,2,129,76.7,2,0,2,1,0,76.7
2005,6,21,15,2,129,80.04,2,0,2,1,0,80.04
2005,6,21,16,2,129,0,150.6,0,2,1,0,0
2005,6,21,16,2,129,70.01,2,0,2,1,0,70.01
2005,6,21,16,2,129,73.35,2,0,2,1,0,73.35
2005,6,21,16,2,129,76.7,2,0,2,1,0,76.7
2005,6,21,16,2,129,80.04,2,0,2,1,0,80.04
2005,6,21,17,2,129,0,140.8,0,2,1,0,0
2005,6,21,17,2,129,70.01,2,0,2,1,0,70.01
2005,6,21,17,2,129,73.35,2,0,2,1,0,73.35
2005,6,21,17,2,129,76.7,2,0,2,1,0,76.7
2005,6,21,17,2,129,80.04,2,0,2,1,0,80.04
2005,6,21,18,2,129,0,141.1,0,2,1,0,0
2005,6,21,18,2,129,70.01,2,0,2,1,0,70.01
2005,6,21,18,2,129,73.35,2,0,2,1,0,73.35
2005,6,21,18,2,129,76.7,2,0,2,1,0,76.7
2005,6,21,18,2,129,80.04,2,0,2,1,0,80.04
2005,6,21,19,2,129,0,126,0,2,1,0,0
2005,6,21,19,2,129,70.01,3.8,0,2,1,0,70.01
2005,6,21,19,2,129,73.35,3.8,0,2,1,0,73.35
2005,6,21,19,2,129,76.7,3.8,0,2,1,0,76.7
2005,6,21,19,2,129,80.04,3.8,0,2,1,0,80.04
2005,6,21,20,2,129,0,138.7,0,2,1,0,0
2005,6,21,20,2,129,70.01,3.8,0,2,1,0,70.01
2005,6,21,20,2,129,73.35,3.8,0,2,1,0,73.35
2005,6,21,20,2,129,76.7,3.8,0,2,1,0,76.7
2005,6,21,20,2,129,80.04,3.8,0,2,1,0,80.04
2005,6,21,21,2,129,0,142.6,0,2,1,0,0
2005,6,21,21,2,129,70.01,3.8,0,2,1,0,70.01
2005,6,21,21,2,129,73.35,3.8,0,2,1,0,73.35
2005,6,21,21,2,129,76.7,3.8,0,2,1,0,76.7
2005,6,21,21,2,129,80.04,3.8,0,2,1,0,80.04
2005,6,21,22,2,129,0,142.6,0,2,1,0,0
2005,6,21,22,2,129,70.01,3.8,0,2,1,0,70.01
2005,6,21,22,2,129,73.35,3.8,0,2,1,0,73.35
2005,6,21,22,2,129,76.7,3.8,0,2,1,0,76.7
2005,6,21,22,2,129,80.04,3.8,0,2,1,0,80.04
2005,6,21,23,2,129,0,142.6,0,2,1,0,0
2005,6,21,23,2,129,70.01,3.8,0,2,1,0,70.01
2005,6,21,23,2,129,73.35,3.8,0,2,1,0,73.35
2005,6,21,23,2,129,76.7,3.8,0,2,1,0,76.7
2005,6,21,23,2,129,80.04,3.8,0,2,1,0,80.04
2005,6,21,24,2,129,0,109.3,0,2,1,0,0
2005,6,21,24,2,129,70.01,6.3,0,2,0,0,70.01
2005,6,21,24,2,129,73.35,6.3,0,2,0,0,73.35
2005,6,21,24,2,129,76.7,6.3,0,2,0,0,76.7
2005,6,21,24,2,129,80.04,6.3,0,2,0,0,80.04
2005,6,21,1,2,130,0,7.8,0,2,1,0,0
2005,6,21,1,2,130,70.01,16.5,0,2,0,0,70.01
2005,6,21,1,2,130,73.35,16.5,0,2,0,0,73.35
2005,6,21,1,2,130,76.7,16.5,0,2,0,0,76.7
2005,6,21,1,2,130,80.04,16.5,0,2,0,0,80.04
2005,6,21,2,2,130,0,7.8,0,2,1,0,0
2005,6,21,2,2,130,70.01,16.5,0,2,0,0,70.01
2005,6,21,2,2,130,73.35,16.5,0,2,0,0,73.35
2005,6,21,2,2,130,76.7,16.5,0,2,0,0,76.7
2005,6,21,2,2,130,80.04,16.5,0,2,0,0,80.04
2005,6,21,3,2,130,0,7.8,0,2,1,0,0
2005,6,21,3,2,130,70.01,16.5,0,2,0,0,70.01
2005,6,21,3,2,130,73.35,16.5,0,2,0,0,73.35
2005,6,21,3,2,130,76.7,16.5,0,2,0,0,76.7
2005,6,21,3,2,130,80.04,16.5,0,2,0,0,80.04
2005,6,21,4,2,130,0,7.8,0,2,1,0,0
2005,6,21,4,2,130,70.01,16.5,0,2,0,0,70.01
2005,6,21,4,2,130,73.35,16.5,0,2,0,0,73.35
2005,6,21,4,2,130,76.7,16.5,0,2,0,0,76.7
2005,6,21,4,2,130,80.04,16.5,0,2,0,0,80.04
2005,6,21,5,2,130,0,7.8,0,2,1,0,0
2005,6,21,5,2,130,70.01,16.5,0,2,0,0,70.01
2005,6,21,5,2,130,73.35,16.5,0,2,0,0,73.35
2005,6,21,5,2,130,76.7,16.5,0,2,0,0,76.7
2005,6,21,5,2,130,80.04,16.5,0,2,0,0,80.04
2005,6,21,6,2,130,0,7.8,0,2,1,0,0
2005,6,21,6,2,130,70.01,16.5,0,2,0,0,70.01
2005,6,21,6,2,130,73.35,16.5,0,2,0,0,73.35
2005,6,21,6,2,130,76.7,16.5,0,2,0,0,76.7
2005,6,21,6,2,130,80.04,16.5,0,2,0,0,80.04
2005,6,21,7,2,130,0,7.8,0,2,1,0,0
2005,6,21,7,2,130,70.01,16.5,0,2,0,0,70.01
2005,6,21,7,2,130,73.35,16.5,0,2,0,0,73.35
2005,6,21,7,2,130,76.7,16.5,0,2,0,0,76.7
2005,6,21,7,2,130,80.04,16.5,0,2,0,0,80.04
2005,6,21,8,2,130,0,24.9,0,2,1,0,0
2005,6,21,8,2,130,70.01,12.5,0,2,0,0,70.01
2005,6,21,8,2,130,73.35,12.5,0,2,0,0,73.35
2005,6,21,8,2,130,76.7,12.5,0,2,0,0,76.7
2005,6,21,8,2,130,80.04,12.5,0,2,0,0,80.04
2005,6,21,9,2,130,0,24.9,0,2,1,0,0
2005,6,21,9,2,130,70.01,12.5,0,2,0,0,70.01
2005,6,21,9,2,130,73.35,12.5,0,2,0,0,73.35
2005,6,21,9,2,130,76.7,12.5,0,2,0,0,76.7
2005,6,21,9,2,130,80.04,12.5,0,2,0,0,80.04
2005,6,21,10,2,130,0,24.9,0,2,1,0,0
2005,6,21,10,2,130,70.01,12.5,0,2,1,0,70.01
2005,6,21,10,2,130,73.35,12.5,0,2,1,0,73.35
2005,6,21,10,2,130,76.7,12.5,0,2,1,0,76.7
2005,6,21,10,2,130,80.04,12.5,0,2,1,0,80.04
2005,6,21,11,2,130,0,54.2,0,2,1,0,0
2005,6,21,11,2,130,70.01,8.3,0,2,1,0,70.01
2005,6,21,11,2,130,73.35,8.3,0,2,1,0,73.35
2005,6,21,11,2,130,76.7,8.3,0,2,1,0,76.7
2005,6,21,11,2,130,80.04,8.3,0,2,1,0,80.04
2005,6,21,12,2,130,0,55.6,0,2,1,0,0
2005,6,21,12,2,130,70.01,8.3,0,2,1,0,70.01
2005,6,21,12,2,130,73.35,8.3,0,2,1,0,73.35
2005,6,21,12,2,130,76.7,8.3,0,2,1,0,76.7
2005,6,21,12,2,130,80.04,8.3,0,2,1,0,80.04
2005,6,21,13,2,130,0,48.5,0,2,1,0,0
2005,6,21,13,2,130,70.01,8.3,0,2,1,0,70.01
2005,6,21,13,2,130,73.35,8.3,0,2,1,0,73.35
2005,6,21,13,2,130,76.7,8.3,0,2,1,0,76.7
2005,6,21,13,2,130,80.04,8.3,0,2,1,0,80.04
2005,6,21,14,2,130,0,48.5,0,2,1,0,0
2005,6,21,14,2,130,70.01,8.3,0,2,1,0,70.01
2005,6,21,14,2,130,73.35,8.3,0,2,1,0,73.35
2005,6,21,14,2,130,76.7,8.3,0,2,1,0,76.7
2005,6,21,14,2,130,80.04,8.3,0,2,1,0,80.04
2005,6,21,15,2,130,0,42,0,2,1,0,0
2005,6,21,15,2,130,70.01,8.3,0,2,1,0,70.01
2005,6,21,15,2,130,73.35,8.3,0,2,1,0,73.35
2005,6,21,15,2,130,76.7,8.3,0,2,1,0,76.7
2005,6,21,15,2,130,80.04,8.3,0,2,1,0,80.04
2005,6,21,16,2,130,0,42,0,2,1,0,0
2005,6,21,16,2,130,70.01,8.3,0,2,1,0,70.01
2005,6,21,16,2,130,73.35,8.3,0,2,1,0,73.35
2005,6,21,16,2,130,76.7,8.3,0,2,1,0,76.7
2005,6,21,16,2,130,80.04,8.3,0,2,1,0,80.04
2005,6,21,17,2,130,0,48.5,0,2,1,0,0
2005,6,21,17,2,130,70.01,8.3,0,2,1,0,70.01
2005,6,21,17,2,130,73.35,8.3,0,2,1,0,73.35
2005,6,21,17,2,130,76.7,8.3,0,2,1,0,76.7
2005,6,21,17,2,130,80.04,8.3,0,2,1,0,80.04
2005,6,21,18,2,130,0,48.4,0,2,1,0,0
2005,6,21,18,2,130,70.01,8.3,0,2,1,0,70.01
2005,6,21,18,2,130,73.35,8.3,0,2,1,0,73.35
2005,6,21,18,2,130,76.7,8.3,0,2,1,0,76.7
2005,6,21,18,2,130,80.04,8.3,0,2,1,0,80.04
2005,6,21,19,2,130,0,34.4,0,2,1,0,0
2005,6,21,19,2,130,70.01,12.5,0,2,1,0,70.01
2005,6,21,19,2,130,73.35,12.5,0,2,1,0,73.35
2005,6,21,19,2,130,76.7,12.5,0,2,1,0,76.7
2005,6,21,19,2,130,80.04,12.5,0,2,1,0,80.04
2005,6,21,20,2,130,0,7.7,0,2,1,0,0
2005,6,21,20,2,130,70.01,16.5,0,2,1,0,70.01
2005,6,21,20,2,130,73.35,16.5,0,2,1,0,73.35
2005,6,21,20,2,130,76.7,16.5,0,2,1,0,76.7
2005,6,21,20,2,130,80.04,16.5,0,2,1,0,80.04
2005,6,21,21,2,130,0,7.7,0,2,1,0,0
2005,6,21,21,2,130,70.01,16.5,0,2,1,0,70.01
2005,6,21,21,2,130,73.35,16.5,0,2,1,0,73.35
2005,6,21,21,2,130,76.7,16.5,0,2,1,0,76.7
2005,6,21,21,2,130,80.04,16.5,0,2,1,0,80.04
2005,6,21,22,2,130,0,7.7,0,2,1,0,0
2005,6,21,22,2,130,70.01,16.5,0,2,1,0,70.01
2005,6,21,22,2,130,73.35,16.5,0,2,1,0,73.35
2005,6,21,22,2,130,76.7,16.5,0,2,1,0,76.7
2005,6,21,22,2,130,80.04,16.5,0,2,1,0,80.04
2005,6,21,23,2,130,0,7.7,0,2,1,0,0
2005,6,21,23,2,130,70.01,16.5,0,2,1,0,70.01
2005,6,21,23,2,130,73.35,16.5,0,2,1,0,73.35
2005,6,21,23,2,130,76.7,16.5,0,2,1,0,76.7
2005,6,21,23,2,130,80.04,16.5,0,2,1,0,80.04
2005,6,21,24,2,130,0,7.7,0,2,1,0,0
2005,6,21,24,2,130,70.01,16.5,0,2,0,0,70.01
2005,6,21,24,2,130,73.35,16.5,0,2,0,0,73.35
2005,6,21,24,2,130,76.7,16.5,0,2,0,0,76.7
2005,6,21,24,2,130,80.04,16.5,0,2,0,0,80.04
2005,6,21,1,9,131,0,50.2,0,2,1,0,0
2005,6,21,2,9,131,0,50.1,0,2,1,0,0
2005,6,21,3,9,131,0,50.7,0,2,1,0,0
2005,6,21,4,9,131,0,51.3,0,2,1,0,0
2005,6,21,5,9,131,0,51,0,2,1,0,0
2005,6,21,6,9,131,0,51.6,0,2,1,0,0
2005,6,21,7,9,131,0,52,0,2,1,0,0
2005,6,21,8,9,131,0,52.4,0,2,1,0,0
2005,6,21,9,9,131,0,51.6,0,2,1,0,0
2005,6,21,10,9,131,0,49.2,0,2,1,0,0
2005,6,21,11,9,131,0,47.9,0,2,1,0,0
2005,6,21,12,9,131,0,47.5,0,2,1,0,0
2005,6,21,13,9,131,0,46.6,0,2,1,0,0
2005,6,21,14,9,131,0,45.8,0,2,1,0,0
2005,6,21,15,9,131,0,46.1,0,2,1,0,0
2005,6,21,16,9,131,0,47,0,2,1,0,0
2005,6,21,17,9,131,0,47.1,0,2,1,0,0
2005,6,21,18,9,131,0,47.1,0,2,1,0,0
2005,6,21,19,9,131,0,47.1,0,2,1,0,0
2005,6,21,20,9,131,0,47.6,0,2,1,0,0
2005,6,21,21,9,131,0,48.2,0,2,1,0,0
2005,6,21,22,9,131,0,48.6,0,2,1,0,0
2005,6,21,23,9,131,0,49.7,0,2,1,0,0
2005,6,21,24,9,131,0,50,0,2,1,0,0
2005,6,21,1,5,132,0,.2,0,2,1,0,0
2005,6,21,8,5,132,0,.9,0,2,1,0,0
2005,6,21,9,5,132,0,2.4,0,2,1,0,0
2005,6,21,10,5,132,0,2.1,0,2,1,0,0
2005,6,21,11,5,132,0,2.1,0,2,1,0,0
2005,6,21,12,5,132,0,2,0,2,1,0,0
2005,6,21,13,5,132,0,1.9,0,2,1,0,0
2005,6,21,14,5,132,0,2,0,2,1,0,0
2005,6,21,15,5,132,0,2.2,0,2,1,0,0
2005,6,21,16,5,132,0,2.3,0,2,1,0,0
2005,6,21,17,5,132,0,2.4,0,2,1,0,0
2005,6,21,18,5,132,0,2.4,0,2,1,0,0
2005,6,21,19,5,132,0,2.4,0,2,1,0,0
2005,6,21,20,5,132,0,2.4,0,2,1,0,0
2005,6,21,21,5,132,0,2.6,0,2,1,0,0
2005,6,21,22,5,132,0,2.8,0,2,1,0,0
2005,6,21,23,5,132,0,3,0,2,1,0,0
2005,6,21,24,5,132,0,3.2,0,2,1,0,0
2005,6,21,1,5,133,0,9,0,2,1,0,0
2005,6,21,2,5,133,0,9.7,0,2,1,0,0
2005,6,21,3,5,133,0,9.8,0,2,1,0,0
2005,6,21,4,5,133,0,9.5,0,2,1,0,0
2005,6,21,5,5,133,0,8.7,0,2,1,0,0
2005,6,21,6,5,133,0,7.4,0,2,1,0,0
2005,6,21,7,5,133,0,7,0,2,1,0,0
2005,6,21,8,5,133,0,7.6,0,2,1,0,0
2005,6,21,9,5,133,0,9,0,2,1,0,0
2005,6,21,10,5,133,0,11.4,0,2,1,0,0
2005,6,21,11,5,133,0,14.7,0,2,1,0,0
2005,6,21,12,5,133,0,18.9,0,2,1,0,0
2005,6,21,13,5,133,0,21.7,0,2,1,0,0
2005,6,21,14,5,133,0,23,0,2,1,0,0
2005,6,21,15,5,133,0,23,0,2,1,0,0
2005,6,21,16,5,133,0,21.4,0,2,1,0,0
2005,6,21,17,5,133,0,18.5,0,2,1,0,0
2005,6,21,18,5,133,0,14.1,0,2,1,0,0
2005,6,21,19,5,133,0,10.8,0,2,1,0,0
2005,6,21,20,5,133,0,8.6,0,2,1,0,0
2005,6,21,21,5,133,0,7.4,0,2,1,0,0
2005,6,21,22,5,133,0,7.4,0,2,1,0,0
2005,6,21,23,5,133,0,8.4,0,2,1,0,0
2005,6,21,24,5,133,0,10.5,0,2,1,0,0
2005,6,21,1,5,134,12,30,0,1,0,0,12
2005,6,21,1,5,134,180,542.2,0,1,1,0,180
2005,6,21,2,5,134,12,30,0,1,0,0,12
2005,6,21,2,5,134,180,537.4,0,1,1,0,180
2005,6,21,3,5,134,12,30,0,1,0,0,12
2005,6,21,3,5,134,180,531.2,0,1,1,0,180
2005,6,21,4,5,134,12,30,0,1,0,0,12
2005,6,21,4,5,134,180,526.4,0,1,1,0,180
2005,6,21,5,5,134,12,30,0,1,0,0,12
2005,6,21,5,5,134,180,532.1,0,1,1,0,180
2005,6,21,6,5,134,12,30,0,1,0,0,12
2005,6,21,6,5,134,180,546.2,0,1,1,0,180
2005,6,21,7,5,134,12,30,0,1,0,0,12
2005,6,21,7,5,134,180,610.3,0,1,1,0,180
2005,6,21,8,5,134,12,30,0,1,0,0,12
2005,6,21,8,5,134,180,654.5,0,1,1,0,180
2005,6,21,9,5,134,12,30,0,1,0,0,12
2005,6,21,9,5,134,180,673.7,0,1,1,0,180
2005,6,21,10,5,134,12,30,0,1,0,0,12
2005,6,21,10,5,134,180,680.8,0,1,1,0,180
2005,6,21,11,5,134,12,30,0,1,0,0,12
2005,6,21,11,5,134,180,689.3,0,1,1,0,180
2005,6,21,12,5,134,12,30,0,1,0,0,12
2005,6,21,12,5,134,180,705.9,0,1,1,0,180
2005,6,21,13,5,134,12,30,0,1,0,0,12
2005,6,21,13,5,134,180,711,0,1,1,0,180
2005,6,21,14,5,134,12,30,0,1,0,0,12
2005,6,21,14,5,134,180,697.1,0,1,1,0,180
2005,6,21,15,5,134,12,30,0,1,0,0,12
2005,6,21,15,5,134,180,686.7,0,1,1,0,180
2005,6,21,16,5,134,12,30,0,1,0,0,12
2005,6,21,16,5,134,180,700.3,0,1,1,0,180
2005,6,21,17,5,134,12,30,0,1,0,0,12
2005,6,21,17,5,134,180,692.2,0,1,1,0,180
2005,6,21,18,5,134,12,30,0,1,0,0,12
2005,6,21,18,5,134,180,692.1,0,1,1,0,180
2005,6,21,19,5,134,12,30,0,1,0,0,12
2005,6,21,19,5,134,180,673.5,0,1,1,0,180
2005,6,21,20,5,134,12,30,0,1,0,0,12
2005,6,21,20,5,134,180,658.5,0,1,1,0,180
2005,6,21,21,5,134,12,30,0,1,0,0,12
2005,6,21,21,5,134,180,637.8,0,1,1,0,180
2005,6,21,22,5,134,12,30,0,1,0,0,12
2005,6,21,22,5,134,180,605.4,0,1,1,0,180
2005,6,21,23,5,134,12,30,0,1,0,0,12
2005,6,21,23,5,134,180,561.3,0,1,1,0,180
2005,6,21,24,5,134,12,30,0,1,0,0,12
2005,6,21,24,5,134,180,541.3,0,1,1,0,180
2005,6,21,1,5,135,12,242.8,0,1,0,0,12
2005,6,21,2,5,135,12,192.4,0,1,0,0,12
2005,6,21,3,5,135,12,168.4,0,1,0,0,12
2005,6,21,4,5,135,12,154.1,0,1,0,0,12
2005,6,21,5,5,135,12,140.9,0,1,0,0,12
2005,6,21,6,5,135,12,143.9,0,1,0,0,12
2005,6,21,7,5,135,12,171,0,1,0,0,12
2005,6,21,8,5,135,12,218,0,1,0,0,12
2005,6,21,9,5,135,12,278.4,0,1,0,0,12
2005,6,21,10,5,135,12,305.9,0,1,0,0,12
2005,6,21,11,5,135,12,335.3,0,1,0,0,12
2005,6,21,12,5,135,12,351.5,0,1,0,0,12
2005,6,21,13,5,135,12,364.9,0,1,0,0,12
2005,6,21,14,5,135,12,365.6,0,1,0,0,12
2005,6,21,15,5,135,12,339.3,0,1,0,0,12
2005,6,21,16,5,135,12,337.7,0,1,0,0,12
2005,6,21,17,5,135,12,338.1,0,1,0,0,12
2005,6,21,18,5,135,12,341.7,0,1,0,0,12
2005,6,21,19,5,135,12,337.3,0,1,0,0,12
2005,6,21,20,5,135,12,333.7,0,1,0,0,12
2005,6,21,21,5,135,12,336.4,0,1,0,0,12
2005,6,21,22,5,135,12,343.3,0,1,0,0,12
2005,6,21,23,5,135,12,358.5,0,1,0,0,12
2005,6,21,24,5,135,12,317.5,0,1,0,0,12
2005,6,21,1,1,1066,0,160,.938284,2,1,0,0
2005,6,21,1,1,1066,39.97,95,.938284,2,1,0,42.566292
2005,6,21,1,1,1066,40.41,45,.938284,2,1,0,42.566292
2005,6,21,1,1,1066,40.85,42.4,.938284,2,1,0,42.566292
2005,6,21,2,1,1066,0,160,.938284,2,1,0,0
2005,6,21,2,1,1066,39.97,95,.938284,2,1,0,42.566292
2005,6,21,2,1,1066,40.41,45,.938284,2,1,0,42.566292
2005,6,21,2,1,1066,40.85,42.4,.938284,2,1,0,42.566292
2005,6,21,3,1,1066,0,160,.938284,2,1,0,0
2005,6,21,3,1,1066,39.97,95,.938284,2,1,0,42.566292
2005,6,21,3,1,1066,40.41,45,.938284,2,1,0,42.566292
2005,6,21,3,1,1066,40.85,42.4,.938284,2,1,0,42.566292
2005,6,21,4,1,1066,0,160,.938284,2,1,0,0
2005,6,21,4,1,1066,39.97,95,.938284,2,0,0,42.566292
2005,6,21,4,1,1066,40.41,45,.938284,2,0,0,42.566292
2005,6,21,4,1,1066,40.85,42.4,.938284,2,0,0,42.566292
2005,6,21,5,1,1066,0,160,.938284,2,1,0,0
2005,6,21,5,1,1066,39.97,95,.938284,2,0,0,42.566292
2005,6,21,5,1,1066,40.41,45,.938284,2,0,0,42.566292
2005,6,21,5,1,1066,40.85,42.4,.938284,2,0,0,42.566292
2005,6,21,6,1,1066,0,160,.938284,2,1,0,0
2005,6,21,6,1,1066,39.97,95,.938284,2,0,0,42.566292
2005,6,21,6,1,1066,40.41,45,.938284,2,0,0,42.566292
2005,6,21,6,1,1066,40.85,42.4,.938284,2,0,0,42.566292
2005,6,21,7,1,1066,0,160,.938284,2,1,0,0
2005,6,21,7,1,1066,39.97,95,.938284,2,1,0,42.566292
2005,6,21,7,1,1066,40.41,45,.938284,2,1,0,42.566292
2005,6,21,7,1,1066,40.85,42.4,.938284,2,1,0,42.566292
2005,6,21,8,1,1066,0,160,.938284,2,1,0,0
2005,6,21,8,1,1066,39.97,95,.938284,2,1,0,42.566292
2005,6,21,8,1,1066,40.41,45,.938284,2,1,0,42.566292
2005,6,21,8,1,1066,40.85,42.4,.938284,2,1,0,42.566292
2005,6,21,9,1,1066,0,160,.938284,2,1,0,0
2005,6,21,9,1,1066,39.97,95,.938284,2,1,0,42.566292
2005,6,21,9,1,1066,40.41,45,.938284,2,1,0,42.566292
2005,6,21,9,1,1066,40.85,42.4,.938284,2,1,0,42.566292
2005,6,21,10,1,1066,0,160,.938284,2,1,0,0
2005,6,21,10,1,1066,39.97,95,.938284,2,1,0,42.566292
2005,6,21,10,1,1066,40.41,45,.938284,2,1,0,42.566292
2005,6,21,10,1,1066,40.85,42.4,.938284,2,1,0,42.566292
2005,6,21,11,1,1066,0,160,.938284,2,1,0,0
2005,6,21,11,1,1066,39.97,95,.938284,2,1,0,42.566292
2005,6,21,11,1,1066,40.41,45,.938284,2,1,0,42.566292
2005,6,21,11,1,1066,40.85,42.4,.938284,2,1,0,42.566292
2005,6,21,12,1,1066,0,160,.938284,2,1,0,0
2005,6,21,12,1,1066,39.97,95,.938284,2,1,0,42.566292
2005,6,21,12,1,1066,40.41,45,.938284,2,1,0,42.566292
2005,6,21,12,1,1066,40.85,42.4,.938284,2,1,0,42.566292
2005,6,21,13,1,1066,0,160,.938284,2,1,0,0
2005,6,21,13,1,1066,39.97,95,.938284,2,1,0,42.566292
2005,6,21,13,1,1066,40.41,45,.938284,2,1,0,42.566292
2005,6,21,13,1,1066,40.85,42.4,.938284,2,1,0,42.566292
2005,6,21,14,1,1066,0,160,.938284,2,1,0,0
2005,6,21,14,1,1066,39.97,95,.938284,2,1,0,42.566292
2005,6,21,14,1,1066,40.41,45,.938284,2,1,0,42.566292
2005,6,21,14,1,1066,40.85,42.4,.938284,2,1,0,42.566292
2005,6,21,15,1,1066,0,160,.938284,2,1,0,0
2005,6,21,15,1,1066,39.97,95,.938284,2,1,0,42.566292
2005,6,21,15,1,1066,40.41,45,.938284,2,1,0,42.566292
2005,6,21,15,1,1066,40.85,42.4,.938284,2,1,0,42.566292
2005,6,21,16,1,1066,0,160,.938284,2,1,0,0
2005,6,21,16,1,1066,39.97,95,.938284,2,1,0,42.566292
2005,6,21,16,1,1066,40.41,45,.938284,2,1,0,42.566292
2005,6,21,16,1,1066,40.85,42.4,.938284,2,1,0,42.566292
2005,6,21,17,1,1066,0,160,.938284,2,1,0,0
2005,6,21,17,1,1066,39.97,95,.938284,2,1,0,42.566292
2005,6,21,17,1,1066,40.41,45,.938284,2,1,0,42.566292
2005,6,21,17,1,1066,40.85,42.4,.938284,2,1,0,42.566292
2005,6,21,18,1,1066,0,160,.938284,2,1,0,0
2005,6,21,18,1,1066,39.97,95,.938284,2,1,0,42.566292
2005,6,21,18,1,1066,40.41,45,.938284,2,1,0,42.566292
2005,6,21,18,1,1066,40.85,42.4,.938284,2,1,0,42.566292
2005,6,21,19,1,1066,0,160,.938284,2,1,0,0
2005,6,21,19,1,1066,39.97,95,.938284,2,1,0,42.566292
2005,6,21,19,1,1066,40.41,45,.938284,2,1,0,42.566292
2005,6,21,19,1,1066,40.85,42.4,.938284,2,1,0,42.566292
2005,6,21,20,1,1066,0,160,.938284,2,1,0,0
2005,6,21,20,1,1066,39.97,95,.938284,2,1,0,42.566292
2005,6,21,20,1,1066,40.41,45,.938284,2,1,0,42.566292
2005,6,21,20,1,1066,40.85,42.4,.938284,2,1,0,42.566292
2005,6,21,21,1,1066,0,160,.938284,2,1,0,0
2005,6,21,21,1,1066,39.97,95,.938284,2,1,0,42.566292
2005,6,21,21,1,1066,40.41,45,.938284,2,1,0,42.566292
2005,6,21,21,1,1066,40.85,42.4,.938284,2,1,0,42.566292
2005,6,21,22,1,1066,0,160,.938284,2,1,0,0
2005,6,21,22,1,1066,39.97,95,.938284,2,1,0,42.566292
2005,6,21,22,1,1066,40.41,45,.938284,2,1,0,42.566292
2005,6,21,22,1,1066,40.85,42.4,.938284,2,1,0,42.566292
2005,6,21,23,1,1066,0,160,.938284,2,1,0,0
2005,6,21,23,1,1066,39.97,95,.938284,2,1,0,42.566292
2005,6,21,23,1,1066,40.41,45,.938284,2,1,0,42.566292
2005,6,21,23,1,1066,40.85,42.4,.938284,2,1,0,42.566292
2005,6,21,24,1,1066,0,160,.938284,2,1,0,0
2005,6,21,24,1,1066,39.97,95,.938284,2,1,0,42.566292
2005,6,21,24,1,1066,40.41,45,.938284,2,1,0,42.566292
2005,6,21,24,1,1066,40.85,42.4,.938284,2,1,0,42.566292
2005,6,21,1,2,137,10.98,75,0,1,0,0,10.98
2005,6,21,1,2,137,10.99,75,0,1,0,0,10.99
2005,6,21,1,2,137,11,75,0,1,0,0,11
2005,6,21,2,2,137,10.98,75,0,1,0,0,10.98
2005,6,21,2,2,137,44.99,75,0,1,1,0,44.99
2005,6,21,2,2,137,45,75,0,1,1,0,45
2005,6,21,3,2,137,44.98,75,0,1,1,0,44.98
2005,6,21,3,2,137,44.99,75,0,1,1,0,44.99
2005,6,21,3,2,137,45,75,0,1,1,0,45
2005,6,21,4,2,137,44.98,75,0,1,1,0,44.98
2005,6,21,4,2,137,44.99,75,0,1,1,0,44.99
2005,6,21,4,2,137,45,75,0,1,1,0,45
2005,6,21,5,2,137,44.98,75,0,1,1,0,44.98
2005,6,21,5,2,137,44.99,75,0,1,1,0,44.99
2005,6,21,5,2,137,45,75,0,1,1,0,45
2005,6,21,6,2,137,44.98,75,0,1,1,0,44.98
2005,6,21,6,2,137,44.99,75,0,1,1,0,44.99
2005,6,21,6,2,137,45,75,0,1,1,0,45
2005,6,21,7,2,137,10.98,75,0,1,0,0,10.98
2005,6,21,7,2,137,44.99,75,0,1,1,0,44.99
2005,6,21,7,2,137,45,75,0,1,1,0,45
2005,6,21,8,2,137,10.98,75,0,1,0,0,10.98
2005,6,21,8,2,137,10.99,75,0,1,0,0,10.99
2005,6,21,8,2,137,11,75,0,1,0,0,11
2005,6,21,9,2,137,10.98,75,0,1,0,0,10.98
2005,6,21,9,2,137,10.99,75,0,1,0,0,10.99
2005,6,21,9,2,137,11,75,0,1,0,0,11
2005,6,21,10,2,137,10.98,75,0,1,0,0,10.98
2005,6,21,10,2,137,10.99,75,0,1,0,0,10.99
2005,6,21,10,2,137,11,75,0,1,0,0,11
2005,6,21,11,2,137,10.98,75,0,1,0,0,10.98
2005,6,21,11,2,137,10.99,75,0,1,0,0,10.99
2005,6,21,11,2,137,11,75,0,1,0,0,11
2005,6,21,12,2,137,10.98,75,0,1,0,0,10.98
2005,6,21,12,2,137,10.99,75,0,1,0,0,10.99
2005,6,21,12,2,137,11,75,0,1,0,0,11
2005,6,21,13,2,137,10.98,75,0,1,0,0,10.98
2005,6,21,13,2,137,10.99,75,0,1,0,0,10.99
2005,6,21,13,2,137,11,75,0,1,0,0,11
2005,6,21,14,2,137,10.98,75,0,1,0,0,10.98
2005,6,21,14,2,137,10.99,75,0,1,0,0,10.99
2005,6,21,14,2,137,11,75,0,1,0,0,11
2005,6,21,15,2,137,10.98,75,0,1,0,0,10.98
2005,6,21,15,2,137,10.99,75,0,1,0,0,10.99
2005,6,21,15,2,137,11,75,0,1,0,0,11
2005,6,21,16,2,137,10.98,75,0,1,0,0,10.98
2005,6,21,16,2,137,10.99,75,0,1,0,0,10.99
2005,6,21,16,2,137,11,75,0,1,0,0,11
2005,6,21,17,2,137,10.98,75,0,1,0,0,10.98
2005,6,21,17,2,137,10.99,75,0,1,0,0,10.99
2005,6,21,17,2,137,11,75,0,1,0,0,11
2005,6,21,18,2,137,10.98,75,0,1,0,0,10.98
2005,6,21,18,2,137,10.99,75,0,1,0,0,10.99
2005,6,21,18,2,137,11,75,0,1,0,0,11
2005,6,21,19,2,137,10.98,75,0,1,0,0,10.98
2005,6,21,19,2,137,10.99,75,0,1,0,0,10.99
2005,6,21,19,2,137,11,75,0,1,0,0,11
2005,6,21,20,2,137,10.98,75,0,1,0,0,10.98
2005,6,21,20,2,137,10.99,75,0,1,0,0,10.99
2005,6,21,20,2,137,11,75,0,1,0,0,11
2005,6,21,21,2,137,10.98,75,0,1,0,0,10.98
2005,6,21,21,2,137,10.99,75,0,1,0,0,10.99
2005,6,21,21,2,137,11,75,0,1,0,0,11
2005,6,21,22,2,137,10.98,75,0,1,0,0,10.98
2005,6,21,22,2,137,10.99,75,0,1,0,0,10.99
2005,6,21,22,2,137,11,75,0,1,0,0,11
2005,6,21,23,2,137,10.98,75,0,1,0,0,10.98
2005,6,21,23,2,137,10.99,75,0,1,0,0,10.99
2005,6,21,23,2,137,11,75,0,1,0,0,11
2005,6,21,24,2,137,10.98,75,0,1,0,0,10.98
2005,6,21,24,2,137,10.99,75,0,1,0,0,10.99
2005,6,21,24,2,137,11,75,0,1,0,0,11
2005,6,21,12,2,138,81.57,17.5,0,2,1,0,81.57
2005,6,21,12,2,138,82.33,17.5,0,2,1,0,82.33
2005,6,21,12,2,138,83.08,17.5,0,2,1,0,83.08
2005,6,21,12,2,138,83.84,17.5,0,2,1,0,83.84
2005,6,21,13,2,138,81.57,17.5,0,2,1,0,81.57
2005,6,21,13,2,138,82.33,17.5,0,2,1,0,82.33
2005,6,21,13,2,138,83.08,17.5,0,2,1,0,83.08
2005,6,21,13,2,138,83.84,17.5,0,2,1,0,83.84
2005,6,21,14,2,138,81.57,17.5,0,2,1,0,81.57
2005,6,21,14,2,138,82.33,17.5,0,2,1,0,82.33
2005,6,21,14,2,138,83.08,17.5,0,2,1,0,83.08
2005,6,21,14,2,138,83.84,17.5,0,2,1,0,83.84
2005,6,21,17,2,138,81.57,17.5,0,2,1,0,81.57
2005,6,21,17,2,138,82.33,17.5,0,2,1,0,82.33
2005,6,21,17,2,138,83.08,17.5,0,2,1,0,83.08
2005,6,21,17,2,138,83.84,17.5,0,2,1,0,83.84
2005,6,21,18,2,138,81.57,17.5,0,2,1,0,81.57
2005,6,21,18,2,138,82.33,17.5,0,2,1,0,82.33
2005,6,21,18,2,138,83.08,17.5,0,2,1,0,83.08
2005,6,21,18,2,138,83.84,17.5,0,2,1,0,83.84
2005,6,21,19,2,138,81.57,17.5,0,2,1,0,81.57
2005,6,21,19,2,138,82.33,17.5,0,2,1,0,82.33
2005,6,21,19,2,138,83.08,17.5,0,2,1,0,83.08
2005,6,21,19,2,138,83.84,17.5,0,2,1,0,83.84
2005,6,21,20,2,138,81.57,17.5,0,2,1,0,81.57
2005,6,21,20,2,138,82.33,17.5,0,2,1,0,82.33
2005,6,21,20,2,138,83.08,17.5,0,2,1,0,83.08
2005,6,21,20,2,138,83.84,17.5,0,2,1,0,83.84
2005,6,21,1,9,139,180.3,872.5,0,1,1,0,180.3
2005,6,21,2,9,139,180.3,826.8,0,1,1,0,180.3
2005,6,21,3,9,139,180.3,803,0,1,1,0,180.3
2005,6,21,4,9,139,180.3,783.5,0,1,1,0,180.3
2005,6,21,5,9,139,180.3,778.6,0,1,1,0,180.3
2005,6,21,6,9,139,180.3,773.7,0,1,1,0,180.3
2005,6,21,7,9,139,180.3,771.2,0,1,1,0,180.3
2005,6,21,8,9,139,180.3,763.4,0,1,1,0,180.3
2005,6,21,9,9,139,180.3,809.9,0,1,1,0,180.3
2005,6,21,10,9,139,180.3,852.6,0,1,1,0,180.3
2005,6,21,11,9,139,180.3,865.7,0,1,1,0,180.3
2005,6,21,12,9,139,180.3,867.8,0,1,1,0,180.3
2005,6,21,13,9,139,180.3,870,0,1,1,0,180.3
2005,6,21,14,9,139,180.3,856.3,0,1,1,0,180.3
2005,6,21,15,9,139,180.3,868.2,0,1,1,0,180.3
2005,6,21,16,9,139,180.3,854.1,0,1,1,0,180.3
2005,6,21,17,9,139,180.3,859.2,0,1,1,0,180.3
2005,6,21,18,9,139,180.3,851.4,0,1,1,0,180.3
2005,6,21,19,9,139,180.3,849.2,0,1,1,0,180.3
2005,6,21,20,9,139,180.3,842.8,0,1,1,0,180.3
2005,6,21,21,9,139,180.3,856.3,0,1,1,0,180.3
2005,6,21,22,9,139,180.3,882.3,0,1,1,0,180.3
2005,6,21,23,9,139,180.3,914.7,0,1,1,0,180.3
2005,6,21,24,9,139,180.3,877.4,0,1,1,0,180.3
2005,6,21,1,3,140,3,30,0,1,0,0,3
2005,6,21,1,3,140,180.3,540.2,0,1,1,0,180.3
2005,6,21,2,3,140,3,30,0,1,0,0,3
2005,6,21,2,3,140,180.3,534.9,0,1,1,0,180.3
2005,6,21,3,3,140,3,30,0,1,0,0,3
2005,6,21,3,3,140,180.3,555.6,0,1,1,0,180.3
2005,6,21,4,3,140,3,30,0,1,0,0,3
2005,6,21,4,3,140,180.3,555.7,0,1,1,0,180.3
2005,6,21,5,3,140,3,30,0,1,0,0,3
2005,6,21,5,3,140,180.3,567.8,0,1,1,0,180.3
2005,6,21,6,3,140,3,30,0,1,0,0,3
2005,6,21,6,3,140,180.3,587.7,0,1,1,0,180.3
2005,6,21,7,3,140,3,30,0,1,0,0,3
2005,6,21,7,3,140,180.3,647.9,0,1,1,0,180.3
2005,6,21,8,3,140,3,30,0,1,0,0,3
2005,6,21,8,3,140,180.3,713.3,0,1,1,0,180.3
2005,6,21,9,3,140,3,30,0,1,0,0,3
2005,6,21,9,3,140,29.97,10,0,1,0,0,29.97
2005,6,21,9,3,140,38.77,10,0,1,0,0,38.77
2005,6,21,9,3,140,180.3,808.1,0,1,1,0,180.3
2005,6,21,10,3,140,3,30,0,1,0,0,3
2005,6,21,10,3,140,29.97,10,0,1,0,0,29.97
2005,6,21,10,3,140,38.77,10,0,1,0,0,38.77
2005,6,21,10,3,140,180.3,803.9,0,1,1,0,180.3
2005,6,21,11,3,140,3,30,0,1,0,0,3
2005,6,21,11,3,140,29.97,10,0,1,0,0,29.97
2005,6,21,11,3,140,38.77,10,0,1,0,0,38.77
2005,6,21,11,3,140,180.3,786.4,0,1,1,0,180.3
2005,6,21,12,3,140,3,60,0,1,0,0,3
2005,6,21,12,3,140,29.97,10,0,1,0,0,29.97
2005,6,21,12,3,140,38.77,10,0,1,0,0,38.77
2005,6,21,12,3,140,180.3,795.3,0,1,1,0,180.3
2005,6,21,13,3,140,3,60,0,1,0,0,3
2005,6,21,13,3,140,29.97,10,0,1,0,0,29.97
2005,6,21,13,3,140,38.77,10,0,1,0,0,38.77
2005,6,21,13,3,140,180.3,781.3,0,1,1,0,180.3
2005,6,21,14,3,140,3,60,0,1,0,0,3
2005,6,21,14,3,140,29.97,10,0,1,0,0,29.97
2005,6,21,14,3,140,38.77,10,0,1,0,0,38.77
2005,6,21,14,3,140,180.3,771.6,0,1,1,0,180.3
2005,6,21,15,3,140,3,60,0,1,0,0,3
2005,6,21,15,3,140,29.97,10,0,1,0,0,29.97
2005,6,21,15,3,140,38.77,10,0,1,0,0,38.77
2005,6,21,15,3,140,180.3,742.2,0,1,1,0,180.3
2005,6,21,16,3,140,3,60,0,1,0,0,3
2005,6,21,16,3,140,29.97,10,0,1,0,0,29.97
2005,6,21,16,3,140,38.77,10,0,1,0,0,38.77
2005,6,21,16,3,140,180.3,757.3,0,1,1,0,180.3
2005,6,21,17,3,140,3,60,0,1,0,0,3
2005,6,21,17,3,140,29.97,10,0,1,0,0,29.97
2005,6,21,17,3,140,38.77,10,0,1,0,0,38.77
2005,6,21,17,3,140,180.3,757.2,0,1,1,0,180.3
2005,6,21,18,3,140,3,60,0,1,0,0,3
2005,6,21,18,3,140,29.97,10,0,1,0,0,29.97
2005,6,21,18,3,140,38.77,10,0,1,0,0,38.77
2005,6,21,18,3,140,180.3,769.9,0,1,1,0,180.3
2005,6,21,19,3,140,3,60,0,1,0,0,3
2005,6,21,19,3,140,29.97,10,0,1,0,0,29.97
2005,6,21,19,3,140,38.77,10,0,1,0,0,38.77
2005,6,21,19,3,140,180.3,753.8,0,1,1,0,180.3
2005,6,21,20,3,140,3,60,0,1,0,0,3
2005,6,21,20,3,140,29.97,10,0,1,0,0,29.97
2005,6,21,20,3,140,38.77,10,0,1,0,0,38.77
2005,6,21,20,3,140,180.3,747,0,1,1,0,180.3
2005,6,21,21,3,140,3,60,0,1,0,0,3
2005,6,21,21,3,140,29.97,10,0,1,0,0,29.97
2005,6,21,21,3,140,38.77,10,0,1,0,0,38.77
2005,6,21,21,3,140,180.3,728.5,0,1,1,0,180.3
2005,6,21,22,3,140,3,60,0,1,0,0,3
2005,6,21,22,3,140,29.97,10,0,1,0,0,29.97
2005,6,21,22,3,140,38.77,10,0,1,0,0,38.77
2005,6,21,22,3,140,180.3,691.9,0,1,1,0,180.3
2005,6,21,23,3,140,3,60,0,1,0,0,3
2005,6,21,23,3,140,29.97,10,0,1,0,0,29.97
2005,6,21,23,3,140,38.77,10,0,1,0,0,38.77
2005,6,21,23,3,140,180.3,633.7,0,1,1,0,180.3
2005,6,21,24,3,140,3,60,0,1,0,0,3
2005,6,21,24,3,140,29.97,10,0,1,0,0,29.97
2005,6,21,24,3,140,38.77,10,0,1,0,0,38.77
2005,6,21,24,3,140,180.3,618.8,0,1,1,0,180.3
2005,6,21,1,3,141,0,1.2,0,2,1,0,0
2005,6,21,1,3,141,180.3,63.4,0,2,0,0,180.3
2005,6,21,2,3,141,0,2.2,0,2,1,0,0
2005,6,21,2,3,141,180.3,62.4,0,2,0,0,180.3
2005,6,21,3,3,141,0,3.8,0,2,1,0,0
2005,6,21,3,3,141,180.3,60.8,0,2,0,0,180.3
2005,6,21,4,3,141,0,6.4,0,2,1,0,0
2005,6,21,4,3,141,180.3,58.2,0,2,0,0,180.3
2005,6,21,5,3,141,0,9.6,0,2,1,0,0
2005,6,21,5,3,141,180.3,55,0,2,0,0,180.3
2005,6,21,6,3,141,0,13.7,0,2,1,0,0
2005,6,21,6,3,141,180.3,50.9,0,2,0,0,180.3
2005,6,21,7,3,141,0,16.3,0,2,1,0,0
2005,6,21,7,3,141,180.3,48.3,0,2,0,0,180.3
2005,6,21,8,3,141,0,17.1,0,2,1,0,0
2005,6,21,8,3,141,180.3,47.5,0,2,0,0,180.3
2005,6,21,9,3,141,0,16.5,0,2,1,0,0
2005,6,21,9,3,141,180.3,48.1,0,2,0,0,180.3
2005,6,21,10,3,141,0,14.4,0,2,1,0,0
2005,6,21,10,3,141,180.3,50.2,0,2,0,0,180.3
2005,6,21,11,3,141,0,10.6,0,2,1,0,0
2005,6,21,11,3,141,180.3,54,0,2,0,0,180.3
2005,6,21,12,3,141,0,5.4,0,2,1,0,0
2005,6,21,12,3,141,180.3,59.2,0,2,0,0,180.3
2005,6,21,13,3,141,0,1.6,0,2,1,0,0
2005,6,21,13,3,141,180.3,63,0,2,0,0,180.3
2005,6,21,14,3,141,180.3,64.6,0,2,0,0,180.3
2005,6,21,15,3,141,180.3,64.6,0,2,0,0,180.3
2005,6,21,16,3,141,0,.1,0,2,1,0,0
2005,6,21,16,3,141,180.3,64.5,0,2,0,0,180.3
2005,6,21,17,3,141,0,1.2,0,2,1,0,0
2005,6,21,17,3,141,180.3,63.4,0,2,0,0,180.3
2005,6,21,18,3,141,0,4.6,0,2,1,0,0
2005,6,21,18,3,141,180.3,60,0,2,0,0,180.3
2005,6,21,19,3,141,0,7.6,0,2,1,0,0
2005,6,21,19,3,141,180.3,57,0,2,0,0,180.3
2005,6,21,20,3,141,0,10,0,2,1,0,0
2005,6,21,20,3,141,180.3,54.6,0,2,0,0,180.3
2005,6,21,21,3,141,0,11.9,0,2,1,0,0
2005,6,21,21,3,141,180.3,52.7,0,2,0,0,180.3
2005,6,21,22,3,141,0,13.3,0,2,1,0,0
2005,6,21,22,3,141,180.3,51.3,0,2,0,0,180.3
2005,6,21,23,3,141,0,14.1,0,2,1,0,0
2005,6,21,23,3,141,180.3,50.5,0,2,0,0,180.3
2005,6,21,24,3,141,0,14.3,0,2,1,0,0
2005,6,21,24,3,141,180.3,50.3,0,2,0,0,180.3
2005,6,21,1,3,142,0,2.3,0,2,1,0,0
2005,6,21,1,3,142,180.3,47.2,0,2,0,0,180.3
2005,6,21,2,3,142,0,2.4,0,2,1,0,0
2005,6,21,2,3,142,180.3,47.1,0,2,0,0,180.3
2005,6,21,3,3,142,0,3.3,0,2,1,0,0
2005,6,21,3,3,142,180.3,46.2,0,2,0,0,180.3
2005,6,21,4,3,142,0,5.1,0,2,1,0,0
2005,6,21,4,3,142,180.3,44.4,0,2,0,0,180.3
2005,6,21,5,3,142,0,7.6,0,2,1,0,0
2005,6,21,5,3,142,180.3,41.9,0,2,0,0,180.3
2005,6,21,6,3,142,0,10.9,0,2,1,0,0
2005,6,21,6,3,142,180.3,38.6,0,2,0,0,180.3
2005,6,21,7,3,142,0,13.1,0,2,1,0,0
2005,6,21,7,3,142,180.3,36.4,0,2,0,0,180.3
2005,6,21,8,3,142,0,14,0,2,1,0,0
2005,6,21,8,3,142,180.3,35.5,0,2,0,0,180.3
2005,6,21,9,3,142,0,13.8,0,2,1,0,0
2005,6,21,9,3,142,180.3,35.7,0,2,0,0,180.3
2005,6,21,10,3,142,0,12.4,0,2,1,0,0
2005,6,21,10,3,142,180.3,37.1,0,2,0,0,180.3
2005,6,21,11,3,142,0,9.8,0,2,1,0,0
2005,6,21,11,3,142,180.3,39.7,0,2,0,0,180.3
2005,6,21,12,3,142,0,6,0,2,1,0,0
2005,6,21,12,3,142,180.3,43.5,0,2,0,0,180.3
2005,6,21,13,3,142,0,3,0,2,1,0,0
2005,6,21,13,3,142,180.3,46.5,0,2,0,0,180.3
2005,6,21,14,3,142,0,.7,0,2,1,0,0
2005,6,21,14,3,142,180.3,48.8,0,2,0,0,180.3
2005,6,21,15,3,142,180.3,49.5,0,2,0,0,180.3
2005,6,21,16,3,142,180.3,49.5,0,2,0,0,180.3
2005,6,21,17,3,142,180.3,49.5,0,2,0,0,180.3
2005,6,21,18,3,142,180.3,49.5,0,2,0,0,180.3
2005,6,21,19,3,142,180.3,49.5,0,2,0,0,180.3
2005,6,21,20,3,142,0,.9,0,2,1,0,0
2005,6,21,20,3,142,180.3,48.6,0,2,0,0,180.3
2005,6,21,21,3,142,0,2.8,0,2,1,0,0
2005,6,21,21,3,142,180.3,46.7,0,2,0,0,180.3
2005,6,21,22,3,142,0,5.1,0,2,1,0,0
2005,6,21,22,3,142,180.3,44.4,0,2,0,0,180.3
2005,6,21,23,3,142,0,7.9,0,2,1,0,0
2005,6,21,23,3,142,180.3,41.6,0,2,0,0,180.3
2005,6,21,24,3,142,0,11.1,0,2,1,0,0
2005,6,21,24,3,142,180.3,38.4,0,2,0,0,180.3
2005,6,21,1,3,143,0,2,0,2,1,0,0
2005,6,21,1,3,143,180.3,53.7,0,2,0,0,180.3
2005,6,21,2,3,143,0,1.3,0,2,1,0,0
2005,6,21,2,3,143,180.3,54.4,0,2,0,0,180.3
2005,6,21,3,3,143,0,.8,0,2,1,0,0
2005,6,21,3,3,143,180.3,54.9,0,2,0,0,180.3
2005,6,21,4,3,143,0,.7,0,2,1,0,0
2005,6,21,4,3,143,180.3,55,0,2,0,0,180.3
2005,6,21,5,3,143,0,.7,0,2,1,0,0
2005,6,21,5,3,143,180.3,55,0,2,0,0,180.3
2005,6,21,6,3,143,0,.8,0,2,1,0,0
2005,6,21,6,3,143,180.3,54.9,0,2,0,0,180.3
2005,6,21,7,3,143,0,1.1,0,2,1,0,0
2005,6,21,7,3,143,180.3,54.6,0,2,0,0,180.3
2005,6,21,8,3,143,0,1.3,0,2,1,0,0
2005,6,21,8,3,143,180.3,54.4,0,2,0,0,180.3
2005,6,21,9,3,143,0,1.6,0,2,1,0,0
2005,6,21,9,3,143,180.3,54.1,0,2,0,0,180.3
2005,6,21,10,3,143,0,1.9,0,2,1,0,0
2005,6,21,10,3,143,180.3,53.8,0,2,0,0,180.3
2005,6,21,11,3,143,0,2,0,2,1,0,0
2005,6,21,11,3,143,180.3,53.7,0,2,0,0,180.3
2005,6,21,12,3,143,0,2.4,0,2,1,0,0
2005,6,21,12,3,143,180.3,53.3,0,2,0,0,180.3
2005,6,21,13,3,143,0,2.6,0,2,1,0,0
2005,6,21,13,3,143,180.3,53.1,0,2,0,0,180.3
2005,6,21,14,3,143,0,2.8,0,2,1,0,0
2005,6,21,14,3,143,180.3,52.9,0,2,0,0,180.3
2005,6,21,15,3,143,0,2.8,0,2,1,0,0
2005,6,21,15,3,143,180.3,52.9,0,2,0,0,180.3
2005,6,21,16,3,143,0,2.8,0,2,1,0,0
2005,6,21,16,3,143,180.3,52.9,0,2,0,0,180.3
2005,6,21,17,3,143,0,2.7,0,2,1,0,0
2005,6,21,17,3,143,180.3,53,0,2,0,0,180.3
2005,6,21,18,3,143,0,2.6,0,2,1,0,0
2005,6,21,18,3,143,180.3,53.1,0,2,0,0,180.3
2005,6,21,19,3,143,0,2.6,0,2,1,0,0
2005,6,21,19,3,143,180.3,53.1,0,2,0,0,180.3
2005,6,21,20,3,143,0,2.7,0,2,1,0,0
2005,6,21,20,3,143,180.3,53,0,2,0,0,180.3
2005,6,21,21,3,143,0,3.1,0,2,1,0,0
2005,6,21,21,3,143,180.3,52.6,0,2,0,0,180.3
2005,6,21,22,3,143,0,3.6,0,2,1,0,0
2005,6,21,22,3,143,180.3,52.1,0,2,0,0,180.3
2005,6,21,23,3,143,0,4.4,0,2,1,0,0
2005,6,21,23,3,143,180.3,51.3,0,2,0,0,180.3
2005,6,21,24,3,143,0,5.2,0,2,1,0,0
2005,6,21,24,3,143,180.3,50.5,0,2,0,0,180.3
2005,6,21,20,3,144,0,1,0,1,0,0,0
2005,6,21,21,3,144,0,1,0,1,0,0,0
2005,6,21,22,3,144,0,1,0,1,0,0,0
2005,6,21,20,3,145,0,1,0,1,0,0,0
2005,6,21,21,3,145,0,1,0,1,0,0,0
2005,6,21,22,3,145,0,1,0,1,0,0,0
2005,6,21,9,3,146,0,75,0,2,1,0,0
2005,6,21,9,3,146,14.32,.1,0,2,0,1,14.32
2005,6,21,10,3,146,0,50.7,0,2,1,0,0
2005,6,21,10,3,146,14.32,.1,0,2,0,1,14.32
2005,6,21,11,3,146,0,50.4,0,2,1,0,0
2005,6,21,11,3,146,14.32,.1,0,2,0,1,14.32
2005,6,21,12,3,146,0,50.3,0,2,1,0,0
2005,6,21,12,3,146,14.32,.1,0,2,0,1,14.32
2005,6,21,13,3,146,0,50.9,0,2,1,0,0
2005,6,21,13,3,146,14.32,.1,0,2,0,1,14.32
2005,6,21,14,3,146,0,50.9,0,2,1,0,0
2005,6,21,14,3,146,14.32,.1,0,2,0,1,14.32
2005,6,21,15,3,146,0,51.5,0,2,1,0,0
2005,6,21,15,3,146,14.32,.1,0,2,0,1,14.32
2005,6,21,16,3,146,0,53.7,0,2,1,0,0
2005,6,21,16,3,146,14.32,.1,0,2,0,1,14.32
2005,6,21,17,3,146,0,53.7,0,2,1,0,0
2005,6,21,17,3,146,14.32,.1,0,2,0,1,14.32
2005,6,21,18,3,146,0,53.6,0,2,1,0,0
2005,6,21,18,3,146,14.32,.1,0,2,0,1,14.32
2005,6,21,19,3,146,0,53.5,0,2,1,0,0
2005,6,21,19,3,146,14.32,.1,0,2,0,1,14.32
2005,6,21,20,3,146,0,53.5,0,2,1,0,0
2005,6,21,20,3,146,14.32,.1,0,2,0,1,14.32
2005,6,21,21,3,146,0,52.6,0,2,1,0,0
2005,6,21,21,3,146,14.32,.1,0,2,0,1,14.32
2005,6,21,22,3,146,0,53,0,2,1,0,0
2005,6,21,22,3,146,14.32,.1,0,2,0,1,14.32
2005,6,21,23,3,146,0,53.2,0,2,1,0,0
2005,6,21,23,3,146,14.32,.1,0,2,0,1,14.32
2005,6,21,24,3,146,0,53.4,0,2,1,0,0
2005,6,21,24,3,146,14.32,.1,0,2,0,1,14.32
2005,6,21,1,3,147,0,17,0,2,1,0,0
2005,6,21,1,3,147,2.17,1,0,2,1,0,2.17
2005,6,21,1,3,147,4.37,.1,0,2,1,0,4.37
2005,6,21,1,3,147,6.47,.1,0,2,1,0,6.47
2005,6,21,1,3,147,8.67,.1,0,2,1,0,8.67
2005,6,21,1,3,147,10.77,.1,0,2,1,0,10.77
2005,6,21,1,3,147,12.97,.1,0,2,1,0,12.97
2005,6,21,1,3,147,15.07,.1,0,2,1,0,15.07
2005,6,21,1,3,147,17.27,.1,0,2,1,0,17.27
2005,6,21,1,3,147,19.37,.1,0,2,1,0,19.37
2005,6,21,1,3,147,21.47,.1,0,2,1,0,21.47
2005,6,21,1,3,147,23.67,.1,0,2,1,0,23.67
2005,6,21,1,3,147,25.77,.1,0,2,1,0,25.77
2005,6,21,1,3,147,27.97,.1,0,2,1,0,27.97
2005,6,21,1,3,147,30.07,.1,0,2,1,0,30.07
2005,6,21,1,3,147,32.27,.1,0,2,1,0,32.27
2005,6,21,1,3,147,34.37,.1,0,2,1,0,34.37
2005,6,21,1,3,147,36.47,.1,0,2,1,0,36.47
2005,6,21,1,3,147,38.67,.1,0,2,1,0,38.67
2005,6,21,1,3,147,40.77,.1,0,2,1,0,40.77
2005,6,21,1,3,147,42.97,.1,0,2,1,0,42.97
2005,6,21,1,3,147,45.07,.1,0,2,1,0,45.07
2005,6,21,1,3,147,47.17,.1,0,2,1,0,47.17
2005,6,21,1,3,147,175.67,.1,0,2,0,0,175.67
2005,6,21,1,3,147,180,.1,0,2,0,0,180
2005,6,21,2,3,147,0,17,0,2,1,0,0
2005,6,21,2,3,147,2.07,1,0,2,1,0,2.07
2005,6,21,2,3,147,4.07,.1,0,2,1,0,4.07
2005,6,21,2,3,147,6.07,.1,0,2,1,0,6.07
2005,6,21,2,3,147,8.07,.1,0,2,1,0,8.07
2005,6,21,2,3,147,9.97,.1,0,2,1,0,9.97
2005,6,21,2,3,147,11.97,.1,0,2,1,0,11.97
2005,6,21,2,3,147,13.97,.1,0,2,1,0,13.97
2005,6,21,2,3,147,15.97,.1,0,2,1,0,15.97
2005,6,21,2,3,147,17.97,.1,0,2,1,0,17.97
2005,6,21,2,3,147,19.97,.1,0,2,1,0,19.97
2005,6,21,2,3,147,21.97,.1,0,2,1,0,21.97
2005,6,21,2,3,147,23.97,.1,0,2,1,0,23.97
2005,6,21,2,3,147,25.97,.1,0,2,1,0,25.97
2005,6,21,2,3,147,27.97,.1,0,2,1,0,27.97
2005,6,21,2,3,147,29.87,.1,0,2,1,0,29.87
2005,6,21,2,3,147,31.87,.1,0,2,1,0,31.87
2005,6,21,2,3,147,33.87,.1,0,2,1,0,33.87
2005,6,21,2,3,147,35.87,.1,0,2,1,0,35.87
2005,6,21,2,3,147,37.87,.1,0,2,1,0,37.87
2005,6,21,2,3,147,39.87,.1,0,2,1,0,39.87
2005,6,21,2,3,147,41.87,.1,0,2,1,0,41.87
2005,6,21,2,3,147,43.77,.1,0,2,0,0,43.77
2005,6,21,2,3,147,175.67,.1,0,2,0,0,175.67
2005,6,21,2,3,147,180,.1,0,2,0,0,180
2005,6,21,3,3,147,0,17,0,2,1,0,0
2005,6,21,3,3,147,1.97,1,0,2,1,0,1.97
2005,6,21,3,3,147,3.87,.1,0,2,1,0,3.87
2005,6,21,3,3,147,5.77,.1,0,2,1,0,5.77
2005,6,21,3,3,147,7.67,.1,0,2,1,0,7.67
2005,6,21,3,3,147,9.57,.1,0,2,1,0,9.57
2005,6,21,3,3,147,11.47,.1,0,2,1,0,11.47
2005,6,21,3,3,147,13.47,.1,0,2,1,0,13.47
2005,6,21,3,3,147,15.37,.1,0,2,1,0,15.37
2005,6,21,3,3,147,17.27,.1,0,2,1,0,17.27
2005,6,21,3,3,147,19.17,.1,0,2,1,0,19.17
2005,6,21,3,3,147,21.07,.1,0,2,1,0,21.07
2005,6,21,3,3,147,22.97,.1,0,2,1,0,22.97
2005,6,21,3,3,147,24.87,.1,0,2,1,0,24.87
2005,6,21,3,3,147,26.77,.1,0,2,1,0,26.77
2005,6,21,3,3,147,28.67,.1,0,2,1,0,28.67
2005,6,21,3,3,147,30.57,.1,0,2,1,0,30.57
2005,6,21,3,3,147,32.47,.1,0,2,1,0,32.47
2005,6,21,3,3,147,34.37,.1,0,2,1,0,34.37
2005,6,21,3,3,147,36.27,.1,0,2,1,0,36.27
2005,6,21,3,3,147,38.27,.1,0,2,1,0,38.27
2005,6,21,3,3,147,40.17,.1,0,2,1,0,40.17
2005,6,21,3,3,147,41.97,.1,0,2,0,0,41.97
2005,6,21,3,3,147,175.67,.1,0,2,0,0,175.67
2005,6,21,3,3,147,180,.1,0,2,0,0,180
2005,6,21,4,3,147,0,17,0,2,1,0,0
2005,6,21,4,3,147,1.97,1,0,2,1,0,1.97
2005,6,21,4,3,147,3.87,.1,0,2,1,0,3.87
2005,6,21,4,3,147,5.67,.1,0,2,1,0,5.67
2005,6,21,4,3,147,7.57,.1,0,2,1,0,7.57
2005,6,21,4,3,147,9.47,.1,0,2,1,0,9.47
2005,6,21,4,3,147,11.37,.1,0,2,1,0,11.37
2005,6,21,4,3,147,13.27,.1,0,2,1,0,13.27
2005,6,21,4,3,147,15.07,.1,0,2,1,0,15.07
2005,6,21,4,3,147,16.97,.1,0,2,1,0,16.97
2005,6,21,4,3,147,18.87,.1,0,2,1,0,18.87
2005,6,21,4,3,147,20.77,.1,0,2,1,0,20.77
2005,6,21,4,3,147,22.67,.1,0,2,1,0,22.67
2005,6,21,4,3,147,24.47,.1,0,2,1,0,24.47
2005,6,21,4,3,147,26.37,.1,0,2,1,0,26.37
2005,6,21,4,3,147,28.27,.1,0,2,1,0,28.27
2005,6,21,4,3,147,30.17,.1,0,2,1,0,30.17
2005,6,21,4,3,147,32.07,.1,0,2,1,0,32.07
2005,6,21,4,3,147,33.87,.1,0,2,1,0,33.87
2005,6,21,4,3,147,35.77,.1,0,2,1,0,35.77
2005,6,21,4,3,147,37.67,.1,0,2,1,0,37.67
2005,6,21,4,3,147,39.57,.1,0,2,0,0,39.57
2005,6,21,4,3,147,41.37,.1,0,2,0,0,41.37
2005,6,21,4,3,147,175.67,.1,0,2,0,0,175.67
2005,6,21,4,3,147,180,.1,0,2,0,0,180
2005,6,21,5,3,147,0,17,0,2,1,0,0
2005,6,21,5,3,147,1.97,1,0,2,1,0,1.97
2005,6,21,5,3,147,3.87,.1,0,2,1,0,3.87
2005,6,21,5,3,147,5.77,.1,0,2,1,0,5.77
2005,6,21,5,3,147,7.57,.1,0,2,1,0,7.57
2005,6,21,5,3,147,9.47,.1,0,2,1,0,9.47
2005,6,21,5,3,147,11.37,.1,0,2,1,0,11.37
2005,6,21,5,3,147,13.27,.1,0,2,1,0,13.27
2005,6,21,5,3,147,15.17,.1,0,2,1,0,15.17
2005,6,21,5,3,147,17.07,.1,0,2,1,0,17.07
2005,6,21,5,3,147,18.97,.1,0,2,1,0,18.97
2005,6,21,5,3,147,20.77,.1,0,2,1,0,20.77
2005,6,21,5,3,147,22.67,.1,0,2,1,0,22.67
2005,6,21,5,3,147,24.57,.1,0,2,1,0,24.57
2005,6,21,5,3,147,26.47,.1,0,2,1,0,26.47
2005,6,21,5,3,147,28.37,.1,0,2,1,0,28.37
2005,6,21,5,3,147,30.27,.1,0,2,1,0,30.27
2005,6,21,5,3,147,32.07,.1,0,2,1,0,32.07
2005,6,21,5,3,147,33.97,.1,0,2,1,0,33.97
2005,6,21,5,3,147,35.87,.1,0,2,1,0,35.87
2005,6,21,5,3,147,37.77,.1,0,2,1,0,37.77
2005,6,21,5,3,147,39.67,.1,0,2,0,0,39.67
2005,6,21,5,3,147,41.47,.1,0,2,0,0,41.47
2005,6,21,5,3,147,175.67,.1,0,2,0,0,175.67
2005,6,21,5,3,147,180,.1,0,2,0,0,180
2005,6,21,6,3,147,0,17,0,2,1,0,0
2005,6,21,6,3,147,1.97,1,0,2,1,0,1.97
2005,6,21,6,3,147,3.87,.1,0,2,1,0,3.87
2005,6,21,6,3,147,5.77,.1,0,2,1,0,5.77
2005,6,21,6,3,147,7.67,.1,0,2,1,0,7.67
2005,6,21,6,3,147,9.57,.1,0,2,1,0,9.57
2005,6,21,6,3,147,11.47,.1,0,2,1,0,11.47
2005,6,21,6,3,147,13.37,.1,0,2,1,0,13.37
2005,6,21,6,3,147,15.27,.1,0,2,1,0,15.27
2005,6,21,6,3,147,17.07,.1,0,2,1,0,17.07
2005,6,21,6,3,147,18.97,.1,0,2,1,0,18.97
2005,6,21,6,3,147,20.87,.1,0,2,1,0,20.87
2005,6,21,6,3,147,22.77,.1,0,2,1,0,22.77
2005,6,21,6,3,147,24.67,.1,0,2,1,0,24.67
2005,6,21,6,3,147,26.57,.1,0,2,1,0,26.57
2005,6,21,6,3,147,28.47,.1,0,2,1,0,28.47
2005,6,21,6,3,147,30.37,.1,0,2,1,0,30.37
2005,6,21,6,3,147,32.27,.1,0,2,1,0,32.27
2005,6,21,6,3,147,34.17,.1,0,2,1,0,34.17
2005,6,21,6,3,147,36.07,.1,0,2,1,0,36.07
2005,6,21,6,3,147,37.97,.1,0,2,1,0,37.97
2005,6,21,6,3,147,39.87,.1,0,2,0,0,39.87
2005,6,21,6,3,147,41.67,.1,0,2,0,0,41.67
2005,6,21,6,3,147,175.67,.1,0,2,0,0,175.67
2005,6,21,6,3,147,180,.1,0,2,0,0,180
2005,6,21,7,3,147,0,17,0,2,1,0,0
2005,6,21,7,3,147,2.07,1,0,2,1,0,2.07
2005,6,21,7,3,147,3.97,.1,0,2,1,0,3.97
2005,6,21,7,3,147,5.97,.1,0,2,1,0,5.97
2005,6,21,7,3,147,7.97,.1,0,2,1,0,7.97
2005,6,21,7,3,147,9.87,.1,0,2,1,0,9.87
2005,6,21,7,3,147,11.87,.1,0,2,1,0,11.87
2005,6,21,7,3,147,13.87,.1,0,2,1,0,13.87
2005,6,21,7,3,147,15.77,.1,0,2,1,0,15.77
2005,6,21,7,3,147,17.77,.1,0,2,1,0,17.77
2005,6,21,7,3,147,19.77,.1,0,2,1,0,19.77
2005,6,21,7,3,147,21.67,.1,0,2,1,0,21.67
2005,6,21,7,3,147,23.67,.1,0,2,1,0,23.67
2005,6,21,7,3,147,25.67,.1,0,2,1,0,25.67
2005,6,21,7,3,147,27.57,.1,0,2,1,0,27.57
2005,6,21,7,3,147,29.57,.1,0,2,1,0,29.57
2005,6,21,7,3,147,31.57,.1,0,2,1,0,31.57
2005,6,21,7,3,147,33.47,.1,0,2,1,0,33.47
2005,6,21,7,3,147,35.47,.1,0,2,1,0,35.47
2005,6,21,7,3,147,37.47,.1,0,2,1,0,37.47
2005,6,21,7,3,147,39.37,.1,0,2,1,0,39.37
2005,6,21,7,3,147,41.37,.1,0,2,0,0,41.37
2005,6,21,7,3,147,43.27,.1,0,2,0,0,43.27
2005,6,21,7,3,147,175.67,.1,0,2,0,0,175.67
2005,6,21,7,3,147,180,.1,0,2,0,0,180
2005,6,21,8,3,147,0,18,0,2,1,0,0
2005,6,21,8,3,147,2.27,1,0,2,1,0,2.27
2005,6,21,8,3,147,4.57,.1,0,2,1,0,4.57
2005,6,21,8,3,147,6.77,.1,0,2,1,0,6.77
2005,6,21,8,3,147,9.07,.1,0,2,1,0,9.07
2005,6,21,8,3,147,11.27,.1,0,2,1,0,11.27
2005,6,21,8,3,147,13.57,.1,0,2,1,0,13.57
2005,6,21,8,3,147,15.77,.1,0,2,1,0,15.77
2005,6,21,8,3,147,18.07,.1,0,2,1,0,18.07
2005,6,21,8,3,147,20.27,.1,0,2,1,0,20.27
2005,6,21,8,3,147,22.47,.1,0,2,1,0,22.47
2005,6,21,8,3,147,24.77,.1,0,2,1,0,24.77
2005,6,21,8,3,147,26.97,.1,0,2,1,0,26.97
2005,6,21,8,3,147,29.27,.1,0,2,1,0,29.27
2005,6,21,8,3,147,31.47,.1,0,2,1,0,31.47
2005,6,21,8,3,147,33.77,.1,0,2,1,0,33.77
2005,6,21,8,3,147,35.97,.1,0,2,1,0,35.97
2005,6,21,8,3,147,38.17,.1,0,2,1,0,38.17
2005,6,21,8,3,147,40.47,.1,0,2,1,0,40.47
2005,6,21,8,3,147,42.67,.1,0,2,1,0,42.67
2005,6,21,8,3,147,44.97,.1,0,2,0,0,44.97
2005,6,21,8,3,147,47.17,.1,0,2,0,0,47.17
2005,6,21,8,3,147,49.37,.1,0,2,0,0,49.37
2005,6,21,8,3,147,175.67,.1,0,2,0,0,175.67
2005,6,21,8,3,147,180,.1,0,2,0,0,180
2005,6,21,9,3,147,0,25,0,2,1,0,0
2005,6,21,9,3,147,2.67,1,0,2,1,0,2.67
2005,6,21,9,3,147,5.27,1,0,2,1,0,5.27
2005,6,21,9,3,147,7.97,.1,0,2,1,0,7.97
2005,6,21,9,3,147,10.57,.1,0,2,1,0,10.57
2005,6,21,9,3,147,13.17,.1,0,2,1,0,13.17
2005,6,21,9,3,147,15.77,.1,0,2,1,0,15.77
2005,6,21,9,3,147,18.37,.1,0,2,1,0,18.37
2005,6,21,9,3,147,21.07,.1,0,2,1,0,21.07
2005,6,21,9,3,147,23.67,.1,0,2,1,0,23.67
2005,6,21,9,3,147,26.27,.1,0,2,1,0,26.27
2005,6,21,9,3,147,28.87,.1,0,2,1,0,28.87
2005,6,21,9,3,147,31.57,.1,0,2,1,0,31.57
2005,6,21,9,3,147,34.17,.1,0,2,1,0,34.17
2005,6,21,9,3,147,36.77,.1,0,2,1,0,36.77
2005,6,21,9,3,147,39.37,.1,0,2,1,0,39.37
2005,6,21,9,3,147,41.97,.1,0,2,1,0,41.97
2005,6,21,9,3,147,44.67,.1,0,2,1,0,44.67
2005,6,21,9,3,147,47.27,.1,0,2,1,0,47.27
2005,6,21,9,3,147,49.87,.1,0,2,1,0,49.87
2005,6,21,9,3,147,52.47,.1,0,2,1,0,52.47
2005,6,21,9,3,147,55.07,.1,0,2,1,0,55.07
2005,6,21,9,3,147,57.67,.1,0,2,1,0,57.67
2005,6,21,9,3,147,175.67,.1,0,2,0,0,175.67
2005,6,21,9,3,147,180,.1,0,2,0,0,180
2005,6,21,10,3,147,0,27,0,2,1,0,0
2005,6,21,10,3,147,3.47,1,0,2,1,0,3.47
2005,6,21,10,3,147,6.77,1,0,2,1,0,6.77
2005,6,21,10,3,147,10.17,.1,0,2,1,0,10.17
2005,6,21,10,3,147,13.47,.1,0,2,1,0,13.47
2005,6,21,10,3,147,16.87,.1,0,2,1,0,16.87
2005,6,21,10,3,147,20.17,.1,0,2,1,0,20.17
2005,6,21,10,3,147,23.57,.1,0,2,1,0,23.57
2005,6,21,10,3,147,26.87,.1,0,2,1,0,26.87
2005,6,21,10,3,147,30.27,.1,0,2,1,0,30.27
2005,6,21,10,3,147,33.57,.1,0,2,1,0,33.57
2005,6,21,10,3,147,40.27,.1,0,2,1,0,40.27
2005,6,21,10,3,147,43.67,.1,0,2,1,0,43.67
2005,6,21,10,3,147,46.97,.1,0,2,1,0,46.97
2005,6,21,10,3,147,50.37,.1,0,2,1,0,50.37
2005,6,21,10,3,147,53.77,.1,0,2,1,0,53.77
2005,6,21,10,3,147,57.07,.1,0,2,1,0,57.07
2005,6,21,10,3,147,60.47,.1,0,2,1,0,60.47
2005,6,21,10,3,147,63.77,.1,0,2,1,0,63.77
2005,6,21,10,3,147,67.17,.1,0,2,1,0,67.17
2005,6,21,10,3,147,70.47,.1,0,2,1,0,70.47
2005,6,21,10,3,147,73.77,.1,0,2,1,0,73.77
2005,6,21,10,3,147,175.67,.1,0,2,0,0,175.67
2005,6,21,10,3,147,180,.1,0,2,0,0,180
2005,6,21,11,3,147,0,27,0,2,1,0,0
2005,6,21,11,3,147,3.97,1,0,2,1,0,3.97
2005,6,21,11,3,147,7.77,1,0,2,1,0,7.77
2005,6,21,11,3,147,11.67,.1,0,2,1,0,11.67
2005,6,21,11,3,147,15.47,.1,0,2,1,0,15.47
2005,6,21,11,3,147,19.37,.1,0,2,1,0,19.37
2005,6,21,11,3,147,23.17,.1,0,2,1,0,23.17
2005,6,21,11,3,147,27.07,.1,0,2,1,0,27.07
2005,6,21,11,3,147,30.97,.1,0,2,1,0,30.97
2005,6,21,11,3,147,34.77,.1,0,2,1,0,34.77
2005,6,21,11,3,147,38.67,.1,0,2,1,0,38.67
2005,6,21,11,3,147,42.47,.1,0,2,1,0,42.47
2005,6,21,11,3,147,46.37,.1,0,2,1,0,46.37
2005,6,21,11,3,147,50.27,.1,0,2,1,0,50.27
2005,6,21,11,3,147,54.07,.1,0,2,1,0,54.07
2005,6,21,11,3,147,57.97,.1,0,2,1,0,57.97
2005,6,21,11,3,147,61.77,.1,0,2,1,0,61.77
2005,6,21,11,3,147,65.67,.1,0,2,1,0,65.67
2005,6,21,11,3,147,69.47,.1,0,2,1,0,69.47
2005,6,21,11,3,147,73.37,.1,0,2,1,0,73.37
2005,6,21,11,3,147,77.27,.1,0,2,1,0,77.27
2005,6,21,11,3,147,81.07,.1,0,2,1,0,81.07
2005,6,21,11,3,147,84.87,.1,0,2,1,0,84.87
2005,6,21,11,3,147,175.67,.1,0,2,0,0,175.67
2005,6,21,11,3,147,180,.1,0,2,0,0,180
2005,6,21,12,3,147,0,27,0,2,1,0,0
2005,6,21,12,3,147,4.17,1,0,2,1,0,4.17
2005,6,21,12,3,147,8.17,1,0,2,1,0,8.17
2005,6,21,12,3,147,12.27,.1,0,2,1,0,12.27
2005,6,21,12,3,147,16.37,.1,0,2,1,0,16.37
2005,6,21,12,3,147,20.37,.1,0,2,1,0,20.37
2005,6,21,12,3,147,24.47,.1,0,2,1,0,24.47
2005,6,21,12,3,147,28.57,.1,0,2,1,0,28.57
2005,6,21,12,3,147,32.57,.1,0,2,1,0,32.57
2005,6,21,12,3,147,36.67,.1,0,2,1,0,36.67
2005,6,21,12,3,147,40.77,.1,0,2,1,0,40.77
2005,6,21,12,3,147,44.77,.1,0,2,1,0,44.77
2005,6,21,12,3,147,48.87,.1,0,2,1,0,48.87
2005,6,21,12,3,147,52.97,.1,0,2,1,0,52.97
2005,6,21,12,3,147,56.97,.1,0,2,1,0,56.97
2005,6,21,12,3,147,61.07,.1,0,2,1,0,61.07
2005,6,21,12,3,147,65.17,.1,0,2,1,0,65.17
2005,6,21,12,3,147,69.17,.1,0,2,1,0,69.17
2005,6,21,12,3,147,73.27,.1,0,2,1,0,73.27
2005,6,21,12,3,147,77.37,.1,0,2,1,0,77.37
2005,6,21,12,3,147,81.37,.1,0,2,1,0,81.37
2005,6,21,12,3,147,85.47,.1,0,2,1,0,85.47
2005,6,21,12,3,147,89.47,.1,0,2,1,0,89.47
2005,6,21,12,3,147,175.67,.1,0,2,0,0,175.67
2005,6,21,12,3,147,180,.1,0,2,0,0,180
2005,6,21,13,3,147,0,27,0,2,1,0,0
2005,6,21,13,3,147,4.37,1,0,2,1,0,4.37
2005,6,21,13,3,147,8.67,1,0,2,1,0,8.67
2005,6,21,13,3,147,12.97,.1,0,2,1,0,12.97
2005,6,21,13,3,147,17.27,.1,0,2,1,0,17.27
2005,6,21,13,3,147,21.57,.1,0,2,1,0,21.57
2005,6,21,13,3,147,25.87,.1,0,2,1,0,25.87
2005,6,21,13,3,147,30.17,.1,0,2,1,0,30.17
2005,6,21,13,3,147,34.47,.1,0,2,1,0,34.47
2005,6,21,13,3,147,38.77,.1,0,2,1,0,38.77
2005,6,21,13,3,147,43.07,.1,0,2,1,0,43.07
2005,6,21,13,3,147,47.37,.1,0,2,1,0,47.37
2005,6,21,13,3,147,51.67,.1,0,2,1,0,51.67
2005,6,21,13,3,147,55.97,.1,0,2,1,0,55.97
2005,6,21,13,3,147,60.27,.1,0,2,1,0,60.27
2005,6,21,13,3,147,64.57,.1,0,2,1,0,64.57
2005,6,21,13,3,147,68.87,.1,0,2,1,0,68.87
2005,6,21,13,3,147,73.17,.1,0,2,1,0,73.17
2005,6,21,13,3,147,77.47,.1,0,2,1,0,77.47
2005,6,21,13,3,147,81.77,.1,0,2,1,0,81.77
2005,6,21,13,3,147,86.07,.1,0,2,1,0,86.07
2005,6,21,13,3,147,90.37,.1,0,2,1,0,90.37
2005,6,21,13,3,147,94.57,.1,0,2,1,0,94.57
2005,6,21,13,3,147,175.67,.1,0,2,0,0,175.67
2005,6,21,13,3,147,180,.1,0,2,0,0,180
2005,6,21,14,3,147,0,27,0,2,1,0,0
2005,6,21,14,3,147,4.17,1,0,2,1,0,4.17
2005,6,21,14,3,147,8.27,1,0,2,1,0,8.27
2005,6,21,14,3,147,12.37,.1,0,2,1,0,12.37
2005,6,21,14,3,147,16.47,.1,0,2,1,0,16.47
2005,6,21,14,3,147,20.57,.1,0,2,1,0,20.57
2005,6,21,14,3,147,24.67,.1,0,2,1,0,24.67
2005,6,21,14,3,147,28.77,.1,0,2,1,0,28.77
2005,6,21,14,3,147,32.87,.1,0,2,1,0,32.87
2005,6,21,14,3,147,36.87,.1,0,2,1,0,36.87
2005,6,21,14,3,147,40.97,.1,0,2,1,0,40.97
2005,6,21,14,3,147,45.07,.1,0,2,1,0,45.07
2005,6,21,14,3,147,49.17,.1,0,2,1,0,49.17
2005,6,21,14,3,147,53.27,.1,0,2,1,0,53.27
2005,6,21,14,3,147,57.37,.1,0,2,1,0,57.37
2005,6,21,14,3,147,61.47,.1,0,2,1,0,61.47
2005,6,21,14,3,147,65.57,.1,0,2,1,0,65.57
2005,6,21,14,3,147,69.67,.1,0,2,1,0,69.67
2005,6,21,14,3,147,73.77,.1,0,2,1,0,73.77
2005,6,21,14,3,147,77.87,.1,0,2,1,0,77.87
2005,6,21,14,3,147,81.97,.1,0,2,1,0,81.97
2005,6,21,14,3,147,86.07,.1,0,2,1,0,86.07
2005,6,21,14,3,147,90.07,.1,0,2,1,0,90.07
2005,6,21,14,3,147,175.67,.1,0,2,0,0,175.67
2005,6,21,14,3,147,180,.1,0,2,0,0,180
2005,6,21,15,3,147,0,27,0,2,1,0,0
2005,6,21,15,3,147,3.67,1,0,2,1,0,3.67
2005,6,21,15,3,147,7.27,1,0,2,1,0,7.27
2005,6,21,15,3,147,10.97,.1,0,2,1,0,10.97
2005,6,21,15,3,147,14.57,.1,0,2,1,0,14.57
2005,6,21,15,3,147,18.17,.1,0,2,1,0,18.17
2005,6,21,15,3,147,21.77,.1,0,2,1,0,21.77
2005,6,21,15,3,147,25.37,.1,0,2,1,0,25.37
2005,6,21,15,3,147,29.07,.1,0,2,1,0,29.07
2005,6,21,15,3,147,32.67,.1,0,2,1,0,32.67
2005,6,21,15,3,147,36.27,.1,0,2,1,0,36.27
2005,6,21,15,3,147,39.87,.1,0,2,1,0,39.87
2005,6,21,15,3,147,43.57,.1,0,2,1,0,43.57
2005,6,21,15,3,147,47.17,.1,0,2,1,0,47.17
2005,6,21,15,3,147,50.77,.1,0,2,1,0,50.77
2005,6,21,15,3,147,54.37,.1,0,2,1,0,54.37
2005,6,21,15,3,147,57.97,.1,0,2,1,0,57.97
2005,6,21,15,3,147,61.67,.1,0,2,1,0,61.67
2005,6,21,15,3,147,65.27,.1,0,2,1,0,65.27
2005,6,21,15,3,147,68.87,.1,0,2,1,0,68.87
2005,6,21,15,3,147,72.47,.1,0,2,1,0,72.47
2005,6,21,15,3,147,76.07,.1,0,2,1,0,76.07
2005,6,21,15,3,147,79.67,.1,0,2,1,0,79.67
2005,6,21,15,3,147,175.67,.1,0,2,0,0,175.67
2005,6,21,15,3,147,180,.1,0,2,0,0,180
2005,6,21,16,3,147,0,41,0,2,1,0,0
2005,6,21,16,3,147,3.77,1,0,2,1,0,3.77
2005,6,21,16,3,147,7.47,1,0,2,1,0,7.47
2005,6,21,16,3,147,11.17,.1,0,2,1,0,11.17
2005,6,21,16,3,147,14.87,.1,0,2,1,0,14.87
2005,6,21,16,3,147,18.57,.1,0,2,1,0,18.57
2005,6,21,16,3,147,22.27,.1,0,2,1,0,22.27
2005,6,21,16,3,147,25.97,.1,0,2,1,0,25.97
2005,6,21,16,3,147,29.67,.1,0,2,1,0,29.67
2005,6,21,16,3,147,33.37,.1,0,2,1,0,33.37
2005,6,21,16,3,147,37.07,.1,0,2,1,0,37.07
2005,6,21,16,3,147,40.77,.1,0,2,1,0,40.77
2005,6,21,16,3,147,44.47,.1,0,2,1,0,44.47
2005,6,21,16,3,147,48.17,.1,0,2,1,0,48.17
2005,6,21,16,3,147,51.87,.1,0,2,1,0,51.87
2005,6,21,16,3,147,55.57,.1,0,2,1,0,55.57
2005,6,21,16,3,147,59.27,.1,0,2,1,0,59.27
2005,6,21,16,3,147,62.97,.1,0,2,1,0,62.97
2005,6,21,16,3,147,66.67,.1,0,2,1,0,66.67
2005,6,21,16,3,147,70.37,.1,0,2,1,0,70.37
2005,6,21,16,3,147,74.07,.1,0,2,1,0,74.07
2005,6,21,16,3,147,77.77,.1,0,2,1,0,77.77
2005,6,21,16,3,147,81.37,.1,0,2,1,0,81.37
2005,6,21,16,3,147,175.67,.1,0,2,0,0,175.67
2005,6,21,16,3,147,180,.1,0,2,0,0,180
2005,6,21,17,3,147,0,41,0,2,1,0,0
2005,6,21,17,3,147,3.97,1,0,2,1,0,3.97
2005,6,21,17,3,147,7.87,1,0,2,1,0,7.87
2005,6,21,17,3,147,11.87,.1,0,2,1,0,11.87
2005,6,21,17,3,147,15.77,.1,0,2,1,0,15.77
2005,6,21,17,3,147,19.67,.1,0,2,1,0,19.67
2005,6,21,17,3,147,23.57,.1,0,2,1,0,23.57
2005,6,21,17,3,147,27.47,.1,0,2,1,0,27.47
2005,6,21,17,3,147,31.47,.1,0,2,1,0,31.47
2005,6,21,17,3,147,35.37,.1,0,2,1,0,35.37
2005,6,21,17,3,147,39.27,.1,0,2,1,0,39.27
2005,6,21,17,3,147,43.17,.1,0,2,1,0,43.17
2005,6,21,17,3,147,47.17,.1,0,2,1,0,47.17
2005,6,21,17,3,147,51.07,.1,0,2,1,0,51.07
2005,6,21,17,3,147,54.97,.1,0,2,1,0,54.97
2005,6,21,17,3,147,58.87,.1,0,2,1,0,58.87
2005,6,21,17,3,147,62.77,.1,0,2,1,0,62.77
2005,6,21,17,3,147,66.77,.1,0,2,1,0,66.77
2005,6,21,17,3,147,70.67,.1,0,2,1,0,70.67
2005,6,21,17,3,147,74.57,.1,0,2,1,0,74.57
2005,6,21,17,3,147,78.47,.1,0,2,1,0,78.47
2005,6,21,17,3,147,82.37,.1,0,2,1,0,82.37
2005,6,21,17,3,147,86.27,.1,0,2,1,0,86.27
2005,6,21,17,3,147,175.67,.1,0,2,0,0,175.67
2005,6,21,17,3,147,180,.1,0,2,0,0,180
2005,6,21,18,3,147,0,41,0,2,1,0,0
2005,6,21,18,3,147,4.27,1,0,2,1,0,4.27
2005,6,21,18,3,147,8.37,1,0,2,1,0,8.37
2005,6,21,18,3,147,12.57,.1,0,2,1,0,12.57
2005,6,21,18,3,147,16.67,.1,0,2,1,0,16.67
2005,6,21,18,3,147,20.87,.1,0,2,1,0,20.87
2005,6,21,18,3,147,24.97,.1,0,2,1,0,24.97
2005,6,21,18,3,147,29.17,.1,0,2,1,0,29.17
2005,6,21,18,3,147,33.27,.1,0,2,1,0,33.27
2005,6,21,18,3,147,37.47,.1,0,2,1,0,37.47
2005,6,21,18,3,147,41.57,.1,0,2,1,0,41.57
2005,6,21,18,3,147,45.77,.1,0,2,1,0,45.77
2005,6,21,18,3,147,49.87,.1,0,2,1,0,49.87
2005,6,21,18,3,147,54.07,.1,0,2,1,0,54.07
2005,6,21,18,3,147,58.17,.1,0,2,1,0,58.17
2005,6,21,18,3,147,62.37,.1,0,2,1,0,62.37
2005,6,21,18,3,147,66.57,.1,0,2,1,0,66.57
2005,6,21,18,3,147,70.67,.1,0,2,1,0,70.67
2005,6,21,18,3,147,74.87,.1,0,2,1,0,74.87
2005,6,21,18,3,147,78.97,.1,0,2,1,0,78.97
2005,6,21,18,3,147,83.17,.1,0,2,1,0,83.17
2005,6,21,18,3,147,87.27,.1,0,2,1,0,87.27
2005,6,21,18,3,147,91.37,.1,0,2,1,0,91.37
2005,6,21,18,3,147,175.67,.1,0,2,0,0,175.67
2005,6,21,18,3,147,180,.1,0,2,0,0,180
2005,6,21,19,3,147,0,41,0,2,1,0,0
2005,6,21,19,3,147,4.07,1,0,2,1,0,4.07
2005,6,21,19,3,147,7.97,1,0,2,1,0,7.97
2005,6,21,19,3,147,11.97,.1,0,2,1,0,11.97
2005,6,21,19,3,147,15.87,.1,0,2,1,0,15.87
2005,6,21,19,3,147,19.87,.1,0,2,1,0,19.87
2005,6,21,19,3,147,23.87,.1,0,2,1,0,23.87
2005,6,21,19,3,147,27.77,.1,0,2,1,0,27.77
2005,6,21,19,3,147,31.77,.1,0,2,1,0,31.77
2005,6,21,19,3,147,35.77,.1,0,2,1,0,35.77
2005,6,21,19,3,147,39.67,.1,0,2,1,0,39.67
2005,6,21,19,3,147,43.67,.1,0,2,1,0,43.67
2005,6,21,19,3,147,47.57,.1,0,2,1,0,47.57
2005,6,21,19,3,147,51.57,.1,0,2,1,0,51.57
2005,6,21,19,3,147,55.57,.1,0,2,1,0,55.57
2005,6,21,19,3,147,59.47,.1,0,2,1,0,59.47
2005,6,21,19,3,147,63.47,.1,0,2,1,0,63.47
2005,6,21,19,3,147,67.47,.1,0,2,1,0,67.47
2005,6,21,19,3,147,71.37,.1,0,2,1,0,71.37
2005,6,21,19,3,147,75.37,.1,0,2,1,0,75.37
2005,6,21,19,3,147,79.27,.1,0,2,1,0,79.27
2005,6,21,19,3,147,83.27,.1,0,2,1,0,83.27
2005,6,21,19,3,147,87.17,.1,0,2,1,0,87.17
2005,6,21,19,3,147,175.67,.1,0,2,0,0,175.67
2005,6,21,19,3,147,180,.1,0,2,0,0,180
2005,6,21,20,3,147,0,27,0,2,1,0,0
2005,6,21,20,3,147,3.47,1,0,2,1,0,3.47
2005,6,21,20,3,147,6.87,1,0,2,1,0,6.87
2005,6,21,20,3,147,10.27,.1,0,2,1,0,10.27
2005,6,21,20,3,147,13.67,.1,0,2,1,0,13.67
2005,6,21,20,3,147,17.07,.1,0,2,1,0,17.07
2005,6,21,20,3,147,20.47,.1,0,2,1,0,20.47
2005,6,21,20,3,147,23.87,.1,0,2,1,0,23.87
2005,6,21,20,3,147,27.27,.1,0,2,1,0,27.27
2005,6,21,20,3,147,30.67,.1,0,2,1,0,30.67
2005,6,21,20,3,147,34.07,.1,0,2,1,0,34.07
2005,6,21,20,3,147,37.47,.1,0,2,1,0,37.47
2005,6,21,20,3,147,40.87,.1,0,2,1,0,40.87
2005,6,21,20,3,147,44.27,.1,0,2,1,0,44.27
2005,6,21,20,3,147,47.67,.1,0,2,1,0,47.67
2005,6,21,20,3,147,51.07,.1,0,2,1,0,51.07
2005,6,21,20,3,147,54.57,.1,0,2,1,0,54.57
2005,6,21,20,3,147,57.97,.1,0,2,1,0,57.97
2005,6,21,20,3,147,61.37,.1,0,2,1,0,61.37
2005,6,21,20,3,147,64.77,.1,0,2,1,0,64.77
2005,6,21,20,3,147,68.17,.1,0,2,1,0,68.17
2005,6,21,20,3,147,71.57,.1,0,2,1,0,71.57
2005,6,21,20,3,147,74.87,.1,0,2,1,0,74.87
2005,6,21,20,3,147,175.67,.1,0,2,0,0,175.67
2005,6,21,20,3,147,180,.1,0,2,0,0,180
2005,6,21,21,3,147,0,27,0,2,1,0,0
2005,6,21,21,3,147,2.97,1,0,2,1,0,2.97
2005,6,21,21,3,147,5.97,1,0,2,1,0,5.97
2005,6,21,21,3,147,8.87,.1,0,2,1,0,8.87
2005,6,21,21,3,147,11.77,.1,0,2,1,0,11.77
2005,6,21,21,3,147,14.67,.1,0,2,1,0,14.67
2005,6,21,21,3,147,17.67,.1,0,2,1,0,17.67
2005,6,21,21,3,147,20.57,.1,0,2,1,0,20.57
2005,6,21,21,3,147,23.47,.1,0,2,1,0,23.47
2005,6,21,21,3,147,26.37,.1,0,2,1,0,26.37
2005,6,21,21,3,147,29.37,.1,0,2,1,0,29.37
2005,6,21,21,3,147,32.27,.1,0,2,1,0,32.27
2005,6,21,21,3,147,35.17,.1,0,2,1,0,35.17
2005,6,21,21,3,147,38.07,.1,0,2,1,0,38.07
2005,6,21,21,3,147,41.07,.1,0,2,1,0,41.07
2005,6,21,21,3,147,43.97,.1,0,2,1,0,43.97
2005,6,21,21,3,147,46.87,.1,0,2,1,0,46.87
2005,6,21,21,3,147,49.77,.1,0,2,1,0,49.77
2005,6,21,21,3,147,52.77,.1,0,2,1,0,52.77
2005,6,21,21,3,147,55.67,.1,0,2,1,0,55.67
2005,6,21,21,3,147,58.57,.1,0,2,1,0,58.57
2005,6,21,21,3,147,61.47,.1,0,2,1,0,61.47
2005,6,21,21,3,147,64.37,.1,0,2,1,0,64.37
2005,6,21,21,3,147,175.67,.1,0,2,0,0,175.67
2005,6,21,21,3,147,180,.1,0,2,0,0,180
2005,6,21,22,3,147,0,27,0,2,1,0,0
2005,6,21,22,3,147,2.97,1,0,2,1,0,2.97
2005,6,21,22,3,147,5.87,1,0,2,1,0,5.87
2005,6,21,22,3,147,8.77,.1,0,2,1,0,8.77
2005,6,21,22,3,147,11.67,.1,0,2,1,0,11.67
2005,6,21,22,3,147,14.57,.1,0,2,1,0,14.57
2005,6,21,22,3,147,17.47,.1,0,2,1,0,17.47
2005,6,21,22,3,147,20.37,.1,0,2,1,0,20.37
2005,6,21,22,3,147,23.27,.1,0,2,1,0,23.27
2005,6,21,22,3,147,26.07,.1,0,2,1,0,26.07
2005,6,21,22,3,147,28.97,.1,0,2,1,0,28.97
2005,6,21,22,3,147,31.87,.1,0,2,1,0,31.87
2005,6,21,22,3,147,34.77,.1,0,2,1,0,34.77
2005,6,21,22,3,147,37.67,.1,0,2,1,0,37.67
2005,6,21,22,3,147,40.57,.1,0,2,1,0,40.57
2005,6,21,22,3,147,43.47,.1,0,2,1,0,43.47
2005,6,21,22,3,147,46.37,.1,0,2,1,0,46.37
2005,6,21,22,3,147,49.27,.1,0,2,1,0,49.27
2005,6,21,22,3,147,52.17,.1,0,2,1,0,52.17
2005,6,21,22,3,147,55.07,.1,0,2,1,0,55.07
2005,6,21,22,3,147,57.97,.1,0,2,1,0,57.97
2005,6,21,22,3,147,60.87,.1,0,2,1,0,60.87
2005,6,21,22,3,147,63.67,.1,0,2,1,0,63.67
2005,6,21,22,3,147,175.67,.1,0,2,0,0,175.67
2005,6,21,22,3,147,180,.1,0,2,0,0,180
2005,6,21,23,3,147,0,27,0,2,1,0,0
2005,6,21,23,3,147,2.97,1,0,2,1,0,2.97
2005,6,21,23,3,147,5.97,1,0,2,1,0,5.97
2005,6,21,23,3,147,8.87,.1,0,2,1,0,8.87
2005,6,21,23,3,147,11.87,.1,0,2,1,0,11.87
2005,6,21,23,3,147,14.77,.1,0,2,1,0,14.77
2005,6,21,23,3,147,17.77,.1,0,2,1,0,17.77
2005,6,21,23,3,147,20.67,.1,0,2,1,0,20.67
2005,6,21,23,3,147,23.67,.1,0,2,1,0,23.67
2005,6,21,23,3,147,26.57,.1,0,2,1,0,26.57
2005,6,21,23,3,147,29.47,.1,0,2,1,0,29.47
2005,6,21,23,3,147,32.47,.1,0,2,1,0,32.47
2005,6,21,23,3,147,35.37,.1,0,2,1,0,35.37
2005,6,21,23,3,147,38.37,.1,0,2,1,0,38.37
2005,6,21,23,3,147,41.27,.1,0,2,1,0,41.27
2005,6,21,23,3,147,44.27,.1,0,2,1,0,44.27
2005,6,21,23,3,147,47.17,.1,0,2,1,0,47.17
2005,6,21,23,3,147,50.07,.1,0,2,1,0,50.07
2005,6,21,23,3,147,53.07,.1,0,2,1,0,53.07
2005,6,21,23,3,147,55.97,.1,0,2,1,0,55.97
2005,6,21,23,3,147,58.97,.1,0,2,1,0,58.97
2005,6,21,23,3,147,61.87,.1,0,2,1,0,61.87
2005,6,21,23,3,147,64.77,.1,0,2,1,0,64.77
2005,6,21,23,3,147,175.67,.1,0,2,0,0,175.67
2005,6,21,23,3,147,180,.1,0,2,0,0,180
2005,6,21,24,3,147,0,24,0,2,1,0,0
2005,6,21,24,3,147,2.27,1,0,2,1,0,2.27
2005,6,21,24,3,147,4.47,1,0,2,1,0,4.47
2005,6,21,24,3,147,6.67,.1,0,2,1,0,6.67
2005,6,21,24,3,147,8.87,.1,0,2,1,0,8.87
2005,6,21,24,3,147,11.07,.1,0,2,1,0,11.07
2005,6,21,24,3,147,13.27,.1,0,2,1,0,13.27
2005,6,21,24,3,147,15.47,.1,0,2,1,0,15.47
2005,6,21,24,3,147,17.67,.1,0,2,1,0,17.67
2005,6,21,24,3,147,19.77,.1,0,2,1,0,19.77
2005,6,21,24,3,147,21.97,.1,0,2,1,0,21.97
2005,6,21,24,3,147,24.17,.1,0,2,1,0,24.17
2005,6,21,24,3,147,26.37,.1,0,2,1,0,26.37
2005,6,21,24,3,147,28.57,.1,0,2,1,0,28.57
2005,6,21,24,3,147,30.77,.1,0,2,1,0,30.77
2005,6,21,24,3,147,32.97,.1,0,2,1,0,32.97
2005,6,21,24,3,147,35.17,.1,0,2,1,0,35.17
2005,6,21,24,3,147,37.37,.1,0,2,1,0,37.37
2005,6,21,24,3,147,39.57,.1,0,2,1,0,39.57
2005,6,21,24,3,147,41.77,.1,0,2,1,0,41.77
2005,6,21,24,3,147,43.97,.1,0,2,1,0,43.97
2005,6,21,24,3,147,46.17,.1,0,2,1,0,46.17
2005,6,21,24,3,147,48.27,.1,0,2,1,0,48.27
2005,6,21,24,3,147,175.67,.1,0,2,0,0,175.67
2005,6,21,24,3,147,180,.1,0,2,0,0,180
2005,6,21,1,9,148,180,53.5,0,1,1,0,180
2005,6,21,2,9,148,180,52.7,0,1,1,0,180
2005,6,21,3,9,148,180,49.4,0,1,1,0,180
2005,6,21,4,9,148,180,49.4,0,1,1,0,180
2005,6,21,5,9,148,180,50.8,0,1,1,0,180
2005,6,21,6,9,148,180,53.5,0,1,1,0,180
2005,6,21,7,9,148,180,64.6,0,1,1,0,180
2005,6,21,8,9,148,180,72.7,0,1,1,0,180
2005,6,21,9,9,148,180,73.3,0,1,1,0,180
2005,6,21,10,9,148,180,72.3,0,1,1,0,180
2005,6,21,11,9,148,180,74.2,0,1,1,0,180
2005,6,21,12,9,148,180,75.5,0,1,1,0,180
2005,6,21,13,9,148,180,75.2,0,1,1,0,180
2005,6,21,14,9,148,180,74.2,0,1,1,0,180
2005,6,21,15,9,148,180,72.3,0,1,1,0,180
2005,6,21,16,9,148,180,70.6,0,1,1,0,180
2005,6,21,17,9,148,180,71.2,0,1,1,0,180
2005,6,21,18,9,148,180,69.4,0,1,1,0,180
2005,6,21,19,9,148,180,69.6,0,1,1,0,180
2005,6,21,20,9,148,180,71.7,0,1,1,0,180
2005,6,21,21,9,148,180,68.3,0,1,1,0,180
2005,6,21,22,9,148,180,66.7,0,1,1,0,180
2005,6,21,23,9,148,180,61.3,0,1,1,0,180
2005,6,21,24,9,148,180,58.4,0,1,1,0,180
2005,6,21,1,1,149,99,200,0,1,1,0,99
2005,6,21,1,1,149,101,100,0,1,1,0,101
2005,6,21,1,1,149,105,200,0,1,1,0,105
2005,6,21,1,1,149,180.3,2854,0,1,1,0,180.3
2005,6,21,2,1,149,99,200,0,1,1,0,99
2005,6,21,2,1,149,101,100,0,1,1,0,101
2005,6,21,2,1,149,105,200,0,1,1,0,105
2005,6,21,2,1,149,180.3,2743,0,1,1,0,180.3
2005,6,21,3,1,149,99,200,0,1,1,0,99
2005,6,21,3,1,149,101,100,0,1,1,0,101
2005,6,21,3,1,149,105,200,0,1,1,0,105
2005,6,21,3,1,149,180.3,2641,0,1,1,0,180.3
2005,6,21,4,1,149,99,200,0,1,1,0,99
2005,6,21,4,1,149,101,100,0,1,1,0,101
2005,6,21,4,1,149,105,200,0,1,1,0,105
2005,6,21,4,1,149,180.3,2593,0,1,1,0,180.3
2005,6,21,5,1,149,99,200,0,1,1,0,99
2005,6,21,5,1,149,101,100,0,1,1,0,101
2005,6,21,5,1,149,105,200,0,1,1,0,105
2005,6,21,5,1,149,180.3,2582,0,1,1,0,180.3
2005,6,21,6,1,149,99,200,0,1,1,0,99
2005,6,21,6,1,149,101,100,0,1,1,0,101
2005,6,21,6,1,149,105,200,0,1,1,0,105
2005,6,21,6,1,149,180.3,2680,0,1,1,0,180.3
2005,6,21,7,1,149,99,200,0,1,1,0,99
2005,6,21,7,1,149,101,100,0,1,1,0,101
2005,6,21,7,1,149,105,200,0,1,1,0,105
2005,6,21,7,1,149,180.3,3172,0,1,1,0,180.3
2005,6,21,8,1,149,99,200,0,1,1,0,99
2005,6,21,8,1,149,101,100,0,1,1,0,101
2005,6,21,8,1,149,105,200,0,1,1,0,105
2005,6,21,8,1,149,180.3,3656,0,1,1,0,180.3
2005,6,21,9,1,149,100,200,0,1,1,0,100
2005,6,21,9,1,149,102,100,0,1,1,0,102
2005,6,21,9,1,149,105,200,0,1,1,0,105
2005,6,21,9,1,149,180.3,4218,0,1,1,0,180.3
2005,6,21,10,1,149,100,200,0,1,1,0,100
2005,6,21,10,1,149,102,100,0,1,1,0,102
2005,6,21,10,1,149,105,200,0,1,1,0,105
2005,6,21,10,1,149,180.3,4671,0,1,1,0,180.3
2005,6,21,11,1,149,100,166.7,0,1,1,0,100
2005,6,21,11,1,149,102,100,0,1,1,0,102
2005,6,21,11,1,149,105,200,0,1,1,0,105
2005,6,21,11,1,149,180.3,4942,0,1,1,0,180.3
2005,6,21,12,1,149,100,200,0,1,0,0,100
2005,6,21,12,1,149,102,100,0,1,1,0,102
2005,6,21,12,1,149,105,200,0,1,1,0,105
2005,6,21,12,1,149,180.3,5065,0,1,1,0,180.3
2005,6,21,13,1,149,100,200,0,1,0,0,100
2005,6,21,13,1,149,102,100,0,1,0,0,102
2005,6,21,13,1,149,105,200,0,1,0,0,105
2005,6,21,13,1,149,180.3,5176,0,1,1,0,180.3
2005,6,21,14,1,149,100,200,0,1,0,0,100
2005,6,21,14,1,149,102,100,0,1,0,0,102
2005,6,21,14,1,149,105,101.4,0,1,1,0,105
2005,6,21,14,1,149,180.3,4801,0,1,1,0,180.3
2005,6,21,15,1,149,100,200,0,1,0,0,100
2005,6,21,15,1,149,102,51.4,0,1,1,0,102
2005,6,21,15,1,149,105,200,0,1,1,0,105
2005,6,21,15,1,149,180.3,4510,0,1,1,0,180.3
2005,6,21,16,1,149,100,200,0,1,0,0,100
2005,6,21,16,1,149,102,100,0,1,0,0,102
2005,6,21,16,1,149,105,19.1,0,1,1,0,105
2005,6,21,16,1,149,180.3,4506,0,1,1,0,180.3
2005,6,21,17,1,149,100,200,0,1,0,0,100
2005,6,21,17,1,149,102,100,0,1,0,0,102
2005,6,21,17,1,149,105,65.6,0,1,1,0,105
2005,6,21,17,1,149,180.3,4566,0,1,1,0,180.3
2005,6,21,18,1,149,100,200,0,1,0,0,100
2005,6,21,18,1,149,102,100,0,1,0,0,102
2005,6,21,18,1,149,105,200,0,1,0,0,105
2005,6,21,18,1,149,180.3,4612,0,1,1,0,180.3
2005,6,21,19,1,149,100,200,0,1,0,0,100
2005,6,21,19,1,149,102,100,0,1,0,0,102
2005,6,21,19,1,149,105,105.6,0,1,1,0,105
2005,6,21,19,1,149,180.3,4589,0,1,1,0,180.3
2005,6,21,20,1,149,100,200,0,1,1,0,100
2005,6,21,20,1,149,102,100,0,1,1,0,102
2005,6,21,20,1,149,105,200,0,1,1,0,105
2005,6,21,20,1,149,180.3,4423,0,1,1,0,180.3
2005,6,21,21,1,149,100,200,0,1,1,0,100
2005,6,21,21,1,149,102,100,0,1,1,0,102
2005,6,21,21,1,149,105,200,0,1,1,0,105
2005,6,21,21,1,149,180.3,4224,0,1,1,0,180.3
2005,6,21,22,1,149,100,200,0,1,1,0,100
2005,6,21,22,1,149,102,100,0,1,1,0,102
2005,6,21,22,1,149,105,200,0,1,1,0,105
2005,6,21,22,1,149,180.3,3887,0,1,1,0,180.3
2005,6,21,23,1,149,100,200,0,1,1,0,100
2005,6,21,23,1,149,102,100,0,1,1,0,102
2005,6,21,23,1,149,105,200,0,1,1,0,105
2005,6,21,23,1,149,180.3,3381,0,1,1,0,180.3
2005,6,21,24,1,149,100,200,0,1,1,0,100
2005,6,21,24,1,149,102,100,0,1,1,0,102
2005,6,21,24,1,149,105,200,0,1,1,0,105
2005,6,21,24,1,149,180.3,3124,0,1,1,0,180.3
2005,6,21,1,9,150,180.3,6119,0,1,1,0,180.3
2005,6,21,2,9,150,180.3,5414,0,1,1,0,180.3
2005,6,21,3,9,150,180.3,5007,0,1,1,0,180.3
2005,6,21,4,9,150,180.3,4869,0,1,1,0,180.3
2005,6,21,5,9,150,180.3,4795,0,1,1,0,180.3
2005,6,21,6,9,150,180.3,4790,0,1,1,0,180.3
2005,6,21,7,9,150,180.3,4873,0,1,1,0,180.3
2005,6,21,8,9,150,180.3,5405,0,1,1,0,180.3
2005,6,21,9,9,150,180.3,5903,0,1,1,0,180.3
2005,6,21,10,9,150,180.3,6214,0,1,1,0,180.3
2005,6,21,11,9,150,180.3,6591,0,1,1,0,180.3
2005,6,21,12,9,150,180.3,6879,0,1,1,0,180.3
2005,6,21,13,9,150,180.3,6952,0,1,1,0,180.3
2005,6,21,14,9,150,180.3,7230,0,1,1,0,180.3
2005,6,21,15,9,150,180.3,6932,0,1,1,0,180.3
2005,6,21,16,9,150,180.3,6923,0,1,1,0,180.3
2005,6,21,17,9,150,180.3,7141,0,1,1,0,180.3
2005,6,21,18,9,150,180.3,7288,0,1,1,0,180.3
2005,6,21,19,9,150,180.3,7141,0,1,1,0,180.3
2005,6,21,20,9,150,180.3,6767,0,1,1,0,180.3
2005,6,21,21,9,150,180.3,6312,0,1,1,0,180.3
2005,6,21,22,9,150,180.3,6503,0,1,1,0,180.3
2005,6,21,23,9,150,180.3,7189,0,1,1,0,180.3
2005,6,21,24,9,150,180.3,6423,0,1,1,0,180.3
2005,6,21,1,1,151,180.3,126.8,0,1,1,0,180.3
2005,6,21,2,1,151,180.3,112.6,0,1,1,0,180.3
2005,6,21,3,1,151,180.3,108.5,0,1,1,0,180.3
2005,6,21,4,1,151,180.3,110.5,0,1,1,0,180.3
2005,6,21,5,1,151,180.3,108.5,0,1,1,0,180.3
2005,6,21,6,1,151,180.3,107.5,0,1,1,0,180.3
2005,6,21,7,1,151,180.3,111.5,0,1,1,0,180.3
2005,6,21,8,1,151,180.3,116.6,0,1,1,0,180.3
2005,6,21,9,1,151,180.3,139.3,0,1,1,0,180.3
2005,6,21,10,1,151,180.3,187.1,0,1,1,0,180.3
2005,6,21,11,1,151,180.3,206.5,0,1,1,0,180.3
2005,6,21,12,1,151,180.3,219.7,0,1,1,0,180.3
2005,6,21,13,1,151,180.3,219.7,0,1,1,0,180.3
2005,6,21,14,1,151,180.3,196.3,0,1,1,0,180.3
2005,6,21,15,1,151,180.3,192.2,0,1,1,0,180.3
2005,6,21,16,1,151,180.3,209.5,0,1,1,0,180.3
2005,6,21,17,1,151,180.3,209.5,0,1,1,0,180.3
2005,6,21,18,1,151,180.3,205.4,0,1,1,0,180.3
2005,6,21,19,1,151,180.3,184.1,0,1,1,0,180.3
2005,6,21,20,1,151,180.3,165.8,0,1,1,0,180.3
2005,6,21,21,1,151,180.3,153.6,0,1,1,0,180.3
2005,6,21,22,1,151,180.3,144.4,0,1,1,0,180.3
2005,6,21,23,1,151,180.3,141.4,0,1,1,0,180.3
2005,6,21,24,1,151,180.3,136.3,0,1,1,0,180.3
2005,6,21,1,1,152,0,125,0,2,1,0,0
2005,6,21,2,1,152,0,126,0,2,1,0,0
2005,6,21,3,1,152,0,126,0,2,1,0,0
2005,6,21,4,1,152,0,126,0,2,1,0,0
2005,6,21,5,1,152,0,127,0,2,1,0,0
2005,6,21,6,1,152,0,127,0,2,1,0,0
2005,6,21,7,1,152,0,134,0,2,1,0,0
2005,6,21,8,1,152,0,134,0,2,1,0,0
2005,6,21,9,1,152,0,133,0,2,1,0,0
2005,6,21,10,1,152,0,133,0,2,1,0,0
2005,6,21,11,1,152,0,132,0,2,1,0,0
2005,6,21,12,1,152,0,131,0,2,1,0,0
2005,6,21,13,1,152,0,130,0,2,1,0,0
2005,6,21,14,1,152,0,128,0,2,1,0,0
2005,6,21,15,1,152,0,126,0,2,1,0,0
2005,6,21,16,1,152,0,126,0,2,1,0,0
2005,6,21,17,1,152,0,126,0,2,1,0,0
2005,6,21,18,1,152,0,126,0,2,1,0,0
2005,6,21,19,1,152,0,127,0,2,1,0,0
2005,6,21,20,1,152,0,128,0,2,1,0,0
2005,6,21,21,1,152,0,129,0,2,1,0,0
2005,6,21,22,1,152,0,129,0,2,1,0,0
2005,6,21,23,1,152,0,130,0,2,1,0,0
2005,6,21,24,1,152,0,132,0,2,1,0,0
2005,6,21,1,1,153,0,39.5,0,2,1,0,0
2005,6,21,2,1,153,0,43.3,0,2,1,0,0
2005,6,21,3,1,153,0,40,0,2,1,0,0
2005,6,21,4,1,153,0,31.3,0,2,1,0,0
2005,6,21,5,1,153,0,33.2,0,2,1,0,0
2005,6,21,6,1,153,0,27.7,0,2,1,0,0
2005,6,21,7,1,153,0,24.3,0,2,1,0,0
2005,6,21,8,1,153,0,23,0,2,1,0,0
2005,6,21,9,1,153,0,14.6,0,2,1,0,0
2005,6,21,10,1,153,0,11.5,0,2,1,0,0
2005,6,21,11,1,153,0,8.1,0,2,1,0,0
2005,6,21,12,1,153,0,6,0,2,1,0,0
2005,6,21,13,1,153,0,34.7,0,2,1,0,0
2005,6,21,14,1,153,0,28.2,0,2,1,0,0
2005,6,21,15,1,153,0,26.3,0,2,1,0,0
2005,6,21,16,1,153,0,35.3,0,2,1,0,0
2005,6,21,17,1,153,0,55.4,0,2,1,0,0
2005,6,21,18,1,153,0,88.8,0,2,1,0,0
2005,6,21,19,1,153,0,101.4,0,2,1,0,0
2005,6,21,20,1,153,0,88.9,0,2,1,0,0
2005,6,21,21,1,153,0,71,0,2,1,0,0
2005,6,21,22,1,153,0,53.4,0,2,1,0,0
2005,6,21,23,1,153,0,21.7,0,2,1,0,0
2005,6,21,24,1,153,0,26.2,0,2,1,0,0
2005,6,21,1,1,154,0,5.7,0,2,1,0,0
2005,6,21,2,1,154,0,5.7,0,2,1,0,0
2005,6,21,3,1,154,0,5.8,0,2,1,0,0
2005,6,21,4,1,154,0,6.8,0,2,1,0,0
2005,6,21,5,1,154,0,6,0,2,1,0,0
2005,6,21,6,1,154,0,5.7,0,2,1,0,0
2005,6,21,7,1,154,0,5.7,0,2,1,0,0
2005,6,21,8,1,154,0,5.7,0,2,1,0,0
2005,6,21,9,1,154,0,5.7,0,2,1,0,0
2005,6,21,10,1,154,0,5.7,0,2,1,0,0
2005,6,21,11,1,154,0,5.7,0,2,1,0,0
2005,6,21,12,1,154,0,5.7,0,2,1,0,0
2005,6,21,13,1,154,0,5.7,0,2,1,0,0
2005,6,21,14,1,154,0,6.2,0,2,1,0,0
2005,6,21,15,1,154,0,6.6,0,2,1,0,0
2005,6,21,16,1,154,0,5.8,0,2,1,0,0
2005,6,21,17,1,154,0,5.7,0,2,1,0,0
2005,6,21,18,1,154,0,5.7,0,2,1,0,0
2005,6,21,19,1,154,0,5.7,0,2,1,0,0
2005,6,21,20,1,154,0,5.7,0,2,1,0,0
2005,6,21,21,1,154,0,6.8,0,2,1,0,0
2005,6,21,22,1,154,0,6.6,0,2,1,0,0
2005,6,21,23,1,154,0,6.5,0,2,1,0,0
2005,6,21,24,1,154,0,6.4,0,2,1,0,0
2005,6,21,1,1,155,0,14,0,2,1,0,0
2005,6,21,2,1,155,0,14,0,2,1,0,0
2005,6,21,3,1,155,0,14,0,2,1,0,0
2005,6,21,4,1,155,0,14,0,2,1,0,0
2005,6,21,5,1,155,0,15,0,2,1,0,0
2005,6,21,6,1,155,0,15,0,2,1,0,0
2005,6,21,7,1,155,0,15,0,2,1,0,0
2005,6,21,8,1,155,0,15,0,2,1,0,0
2005,6,21,9,1,155,0,15,0,2,1,0,0
2005,6,21,10,1,155,0,14,0,2,1,0,0
2005,6,21,11,1,155,0,13,0,2,1,0,0
2005,6,21,12,1,155,0,13,0,2,1,0,0
2005,6,21,13,1,155,0,13,0,2,1,0,0
2005,6,21,14,1,155,0,13,0,2,1,0,0
2005,6,21,15,1,155,0,13,0,2,1,0,0
2005,6,21,16,1,155,0,13,0,2,1,0,0
2005,6,21,17,1,155,0,13,0,2,1,0,0
2005,6,21,18,1,155,0,13,0,2,1,0,0
2005,6,21,19,1,155,0,13,0,2,1,0,0
2005,6,21,20,1,155,0,13,0,2,1,0,0
2005,6,21,21,1,155,0,13,0,2,1,0,0
2005,6,21,22,1,155,0,13,0,2,1,0,0
2005,6,21,23,1,155,0,13,0,2,1,0,0
2005,6,21,24,1,155,0,13,0,2,1,0,0
2005,6,21,1,1,156,0,250,0,2,1,0,0
2005,6,21,2,1,156,0,275,0,2,1,0,0
2005,6,21,3,1,156,0,275,0,2,1,0,0
2005,6,21,4,1,156,0,275,0,2,1,0,0
2005,6,21,5,1,156,0,275,0,2,1,0,0
2005,6,21,6,1,156,0,275,0,2,1,0,0
2005,6,21,7,1,156,0,275,0,2,1,0,0
2005,6,21,8,1,156,0,175,0,2,1,0,0
2005,6,21,9,1,156,0,250,0,2,1,0,0
2005,6,21,10,1,156,0,169.1,0,2,1,0,0
2005,6,21,11,1,156,0,168.1,0,2,1,0,0
2005,6,21,12,1,156,0,167.8,0,2,1,0,0
2005,6,21,13,1,156,0,169.6,0,2,1,0,0
2005,6,21,14,1,156,0,169.6,0,2,1,0,0
2005,6,21,15,1,156,0,171.8,0,2,1,0,0
2005,6,21,16,1,156,0,179,0,2,1,0,0
2005,6,21,17,1,156,0,178.9,0,2,1,0,0
2005,6,21,18,1,156,0,178.7,0,2,1,0,0
2005,6,21,19,1,156,0,178.4,0,2,1,0,0
2005,6,21,20,1,156,0,178.4,0,2,1,0,0
2005,6,21,21,1,156,0,175.4,0,2,1,0,0
2005,6,21,22,1,156,0,176.5,0,2,1,0,0
2005,6,21,23,1,156,0,177.3,0,2,1,0,0
2005,6,21,24,1,156,0,177.8,0,2,1,0,0
2005,6,21,8,9,157,0,.2,0,2,1,0,0
2005,6,21,9,9,157,0,3.1,0,2,1,0,0
2005,6,21,10,9,157,0,3.1,0,2,1,0,0
2005,6,21,11,9,157,0,3.1,0,2,1,0,0
2005,6,21,12,9,157,0,3.1,0,2,1,0,0
2005,6,21,13,9,157,0,3.1,0,2,1,0,0
2005,6,21,14,9,157,0,3.1,0,2,1,0,0
2005,6,21,15,9,157,0,3.1,0,2,1,0,0
2005,6,21,16,9,157,0,3.1,0,2,1,0,0
2005,6,21,17,9,157,0,3.1,0,2,1,0,0
2005,6,21,18,9,157,0,3.1,0,2,1,0,0
2005,6,21,19,9,157,0,3.1,0,2,1,0,0
2005,6,21,20,9,157,0,3.1,0,2,1,0,0
2005,6,21,21,9,157,0,3.1,0,2,1,0,0
2005,6,21,22,9,157,0,3.1,0,2,1,0,0
2005,6,21,23,9,157,0,3.1,0,2,1,0,0
2005,6,21,24,9,157,0,3.1,0,2,1,0,0
2005,6,21,1,9,158,0,4.7,0,2,1,0,0
2005,6,21,2,9,158,0,4.7,0,2,1,0,0
2005,6,21,3,9,158,0,4.7,0,2,1,0,0
2005,6,21,4,9,158,0,4.7,0,2,1,0,0
2005,6,21,5,9,158,0,4.7,0,2,1,0,0
2005,6,21,6,9,158,0,4.7,0,2,1,0,0
2005,6,21,7,9,158,0,4.7,0,2,1,0,0
2005,6,21,8,9,158,0,4.7,0,2,1,0,0
2005,6,21,9,9,158,0,4.7,0,2,1,0,0
2005,6,21,10,9,158,0,4.7,0,2,1,0,0
2005,6,21,11,9,158,0,4.7,0,2,1,0,0
2005,6,21,12,9,158,0,4.7,0,2,1,0,0
2005,6,21,13,9,158,0,4.7,0,2,1,0,0
2005,6,21,14,9,158,0,4.7,0,2,1,0,0
2005,6,21,15,9,158,0,4.7,0,2,1,0,0
2005,6,21,16,9,158,0,4.5,0,2,1,0,0
2005,6,21,17,9,158,0,4.5,0,2,1,0,0
2005,6,21,18,9,158,0,4.5,0,2,1,0,0
2005,6,21,19,9,158,0,4.5,0,2,1,0,0
2005,6,21,20,9,158,0,4.5,0,2,1,0,0
2005,6,21,21,9,158,0,4.5,0,2,1,0,0
2005,6,21,22,9,158,0,4.7,0,2,1,0,0
2005,6,21,23,9,158,0,4.7,0,2,1,0,0
2005,6,21,24,9,158,0,4.7,0,2,1,0,0
2005,6,21,1,9,159,45.99,33,0,1,0,0,45.99
2005,6,21,1,9,159,46,33,0,1,0,0,46
2005,6,21,2,9,159,45.99,33,0,1,1,0,45.99
2005,6,21,2,9,159,46,33,0,1,1,0,46
2005,6,21,3,9,159,45.99,33,0,1,1,0,45.99
2005,6,21,3,9,159,46,33,0,1,1,0,46
2005,6,21,4,9,159,45.99,33,0,1,1,0,45.99
2005,6,21,4,9,159,46,33,0,1,1,0,46
2005,6,21,5,9,159,45.99,33,0,1,1,0,45.99
2005,6,21,5,9,159,46,33,0,1,1,0,46
2005,6,21,6,9,159,45.99,33,0,1,1,0,45.99
2005,6,21,6,9,159,46,33,0,1,1,0,46
2005,6,21,7,9,159,.99,33,0,1,0,0,.99
2005,6,21,7,9,159,1,33,0,1,0,0,1
2005,6,21,8,9,159,.99,33,0,1,0,0,.99
2005,6,21,8,9,159,1,33,0,1,0,0,1
2005,6,21,9,9,159,.99,33,0,1,0,0,.99
2005,6,21,9,9,159,1,33,0,1,0,0,1
2005,6,21,10,9,159,.99,33,0,1,0,0,.99
2005,6,21,10,9,159,1,33,0,1,0,0,1
2005,6,21,11,9,159,.99,33,0,1,0,0,.99
2005,6,21,11,9,159,1,33,0,1,0,0,1
2005,6,21,12,9,159,.99,33,0,1,0,0,.99
2005,6,21,12,9,159,1,33,0,1,0,0,1
2005,6,21,13,9,159,.99,33,0,1,0,0,.99
2005,6,21,13,9,159,1,33,0,1,0,0,1
2005,6,21,14,9,159,.99,33,0,1,0,0,.99
2005,6,21,14,9,159,1,33,0,1,0,0,1
2005,6,21,15,9,159,.99,33,0,1,0,0,.99
2005,6,21,15,9,159,1,33,0,1,0,0,1
2005,6,21,16,9,159,.99,33,0,1,0,0,.99
2005,6,21,16,9,159,1,33,0,1,0,0,1
2005,6,21,17,9,159,.99,33,0,1,0,0,.99
2005,6,21,17,9,159,1,33,0,1,0,0,1
2005,6,21,18,9,159,.99,33,0,1,0,0,.99
2005,6,21,18,9,159,1,33,0,1,0,0,1
2005,6,21,19,9,159,.99,33,0,1,0,0,.99
2005,6,21,19,9,159,1,33,0,1,0,0,1
2005,6,21,20,9,159,.99,33,0,1,0,0,.99
2005,6,21,20,9,159,1,33,0,1,0,0,1
2005,6,21,21,9,159,.99,33,0,1,0,0,.99
2005,6,21,21,9,159,1,33,0,1,0,0,1
2005,6,21,22,9,159,.99,33,0,1,0,0,.99
2005,6,21,22,9,159,1,33,0,1,0,0,1
2005,6,21,23,9,159,.99,33,0,1,0,0,.99
2005,6,21,23,9,159,1,33,0,1,0,0,1
2005,6,21,24,9,159,.99,33,0,1,0,0,.99
2005,6,21,24,9,159,1,33,0,1,0,0,1
2005,6,21,12,9,160,84.1,7,0,2,1,0,84.1
2005,6,21,12,9,160,84.41,7,0,2,1,0,84.41
2005,6,21,12,9,160,84.72,7,0,2,1,0,84.72
2005,6,21,12,9,160,85.03,7,0,2,1,0,85.03
2005,6,21,13,9,160,84.1,7,0,2,1,0,84.1
2005,6,21,13,9,160,84.41,7,0,2,1,0,84.41
2005,6,21,13,9,160,84.72,7,0,2,1,0,84.72
2005,6,21,13,9,160,85.03,7,0,2,1,0,85.03
2005,6,21,14,9,160,84.1,7,0,2,1,0,84.1
2005,6,21,14,9,160,84.41,7,0,2,1,0,84.41
2005,6,21,14,9,160,84.72,7,0,2,1,0,84.72
2005,6,21,14,9,160,85.03,7,0,2,1,0,85.03
2005,6,21,17,9,160,84.1,7,0,2,1,0,84.1
2005,6,21,17,9,160,84.41,7,0,2,1,0,84.41
2005,6,21,17,9,160,84.72,7,0,2,1,0,84.72
2005,6,21,17,9,160,85.03,7,0,2,1,0,85.03
2005,6,21,18,9,160,84.1,7,0,2,1,0,84.1
2005,6,21,18,9,160,84.41,7,0,2,1,0,84.41
2005,6,21,18,9,160,84.72,7,0,2,1,0,84.72
2005,6,21,18,9,160,85.03,7,0,2,1,0,85.03
2005,6,21,19,9,160,84.1,7,0,2,1,0,84.1
2005,6,21,19,9,160,84.41,7,0,2,1,0,84.41
2005,6,21,19,9,160,84.72,7,0,2,1,0,84.72
2005,6,21,19,9,160,85.03,7,0,2,1,0,85.03
2005,6,21,20,9,160,84.1,7,0,2,1,0,84.1
2005,6,21,20,9,160,84.41,7,0,2,1,0,84.41
2005,6,21,20,9,160,84.72,7,0,2,1,0,84.72
2005,6,21,20,9,160,85.03,7,0,2,1,0,85.03
2005,6,21,1,5,161,0,141,0,2,1,0,0
2005,6,21,1,5,161,150,11,0,2,0,0,150
2005,6,21,2,5,161,0,141,0,2,1,0,0
2005,6,21,2,5,161,150,11,0,2,0,0,150
2005,6,21,3,5,161,0,141,0,2,1,0,0
2005,6,21,3,5,161,150,11,0,2,0,0,150
2005,6,21,4,5,161,0,141,0,2,1,0,0
2005,6,21,4,5,161,150,11,0,2,0,0,150
2005,6,21,5,5,161,0,141,0,2,1,0,0
2005,6,21,5,5,161,150,11,0,2,0,0,150
2005,6,21,6,5,161,0,141,0,2,1,0,0
2005,6,21,6,5,161,150,11,0,2,0,0,150
2005,6,21,7,5,161,0,141,0,2,1,0,0
2005,6,21,7,5,161,150,11,0,2,0,0,150
2005,6,21,8,5,161,0,141,0,2,1,0,0
2005,6,21,8,5,161,150,11,0,2,0,0,150
2005,6,21,9,5,161,0,141,0,2,1,0,0
2005,6,21,9,5,161,150,11,0,2,0,0,150
2005,6,21,10,5,161,0,141,0,2,1,0,0
2005,6,21,10,5,161,150,11,0,2,0,0,150
2005,6,21,11,5,161,0,141,0,2,1,0,0
2005,6,21,11,5,161,150,11,0,2,0,0,150
2005,6,21,12,5,161,0,141,0,2,1,0,0
2005,6,21,12,5,161,150,11,0,2,0,0,150
2005,6,21,13,5,161,0,141,0,2,1,0,0
2005,6,21,13,5,161,150,11,0,2,0,0,150
2005,6,21,14,5,161,0,141,0,2,1,0,0
2005,6,21,14,5,161,150,11,0,2,0,0,150
2005,6,21,15,5,161,0,141,0,2,1,0,0
2005,6,21,15,5,161,150,11,0,2,0,0,150
2005,6,21,16,5,161,0,141,0,2,1,0,0
2005,6,21,16,5,161,150,11,0,2,0,0,150
2005,6,21,17,5,161,0,141,0,2,1,0,0
2005,6,21,17,5,161,150,11,0,2,0,0,150
2005,6,21,18,5,161,0,141,0,2,1,0,0
2005,6,21,18,5,161,150,11,0,2,0,0,150
2005,6,21,19,5,161,0,141,0,2,1,0,0
2005,6,21,19,5,161,150,11,0,2,0,0,150
2005,6,21,20,5,161,0,141,0,2,1,0,0
2005,6,21,20,5,161,150,11,0,2,0,0,150
2005,6,21,21,5,161,0,141,0,2,1,0,0
2005,6,21,21,5,161,150,11,0,2,0,0,150
2005,6,21,22,5,161,0,141,0,2,1,0,0
2005,6,21,22,5,161,150,11,0,2,0,0,150
2005,6,21,23,5,161,0,141,0,2,1,0,0
2005,6,21,23,5,161,150,11,0,2,0,0,150
2005,6,21,24,5,161,0,141,0,2,1,0,0
2005,6,21,24,5,161,150,11,0,2,0,0,150
2005,6,21,1,9,162,120.2,.1,0,1,1,0,120.2
2005,6,21,2,9,162,120.2,.1,0,1,1,0,120.2
2005,6,21,3,9,162,120.2,.1,0,1,1,0,120.2
2005,6,21,4,9,162,120.2,.1,0,1,1,0,120.2
2005,6,21,5,9,162,120.2,.1,0,1,1,0,120.2
2005,6,21,6,9,162,120.2,.1,0,1,1,0,120.2
2005,6,21,7,9,162,120.2,.1,0,1,1,0,120.2
2005,6,21,8,9,162,120.2,.1,0,1,1,0,120.2
2005,6,21,9,9,162,120.2,.1,0,1,1,0,120.2
2005,6,21,10,9,162,120.2,.1,0,1,1,0,120.2
2005,6,21,11,9,162,120.2,.1,0,1,1,0,120.2
2005,6,21,12,9,162,120.2,.1,0,1,1,0,120.2
2005,6,21,13,9,162,120.2,.1,0,1,1,0,120.2
2005,6,21,14,9,162,120.2,.1,0,1,1,0,120.2
2005,6,21,15,9,162,120.2,.1,0,1,1,0,120.2
2005,6,21,16,9,162,120.2,.1,0,1,1,0,120.2
2005,6,21,17,9,162,120.2,.1,0,1,1,0,120.2
2005,6,21,18,9,162,120.2,.1,0,1,1,0,120.2
2005,6,21,19,9,162,120.2,.1,0,1,1,0,120.2
2005,6,21,20,9,162,120.2,.1,0,1,1,0,120.2
2005,6,21,21,9,162,120.2,.1,0,1,1,0,120.2
2005,6,21,22,9,162,120.2,.1,0,1,1,0,120.2
2005,6,21,23,9,162,120.2,.1,0,1,1,0,120.2
2005,6,21,24,9,162,120.2,.1,0,1,1,0,120.2
2005,6,21,1,1,163,0,99.8,0,2,1,0,0
2005,6,21,1,1,163,126.05,50,0,2,0,0,126.05
2005,6,21,1,1,163,126.43,50,0,2,0,0,126.43
2005,6,21,1,1,163,126.74,30,0,2,0,0,126.74
2005,6,21,1,1,163,128.51,346.2,0,2,0,0,128.51
2005,6,21,2,1,163,0,40.8,0,2,1,0,0
2005,6,21,2,1,163,126.05,50,0,2,0,0,126.05
2005,6,21,2,1,163,126.43,50,0,2,0,0,126.43
2005,6,21,2,1,163,126.74,30,0,2,0,0,126.74
2005,6,21,2,1,163,128.51,405.2,0,2,0,0,128.51
2005,6,21,3,1,163,0,39.7,0,2,1,0,0
2005,6,21,3,1,163,126.05,50,0,2,0,0,126.05
2005,6,21,3,1,163,126.43,50,0,2,0,0,126.43
2005,6,21,3,1,163,126.74,30,0,2,0,0,126.74
2005,6,21,3,1,163,128.51,406.3,0,2,0,0,128.51
2005,6,21,4,1,163,0,38.7,0,2,1,0,0
2005,6,21,4,1,163,126.05,50,0,2,0,0,126.05
2005,6,21,4,1,163,126.43,50,0,2,0,0,126.43
2005,6,21,4,1,163,126.74,30,0,2,0,0,126.74
2005,6,21,4,1,163,128.51,407.3,0,2,0,0,128.51
2005,6,21,5,1,163,0,38.5,0,2,1,0,0
2005,6,21,5,1,163,126.05,50,0,2,0,0,126.05
2005,6,21,5,1,163,126.43,50,0,2,0,0,126.43
2005,6,21,5,1,163,126.74,30,0,2,0,0,126.74
2005,6,21,5,1,163,128.51,407.5,0,2,0,0,128.51
2005,6,21,6,1,163,0,38.7,0,2,1,0,0
2005,6,21,6,1,163,126.05,50,0,2,0,0,126.05
2005,6,21,6,1,163,126.43,50,0,2,0,0,126.43
2005,6,21,6,1,163,126.74,30,0,2,0,0,126.74
2005,6,21,6,1,163,128.51,407.3,0,2,0,0,128.51
2005,6,21,7,1,163,0,80.8,0,2,1,0,0
2005,6,21,7,1,163,126.05,50,0,2,0,0,126.05
2005,6,21,7,1,163,126.43,50,0,2,0,0,126.43
2005,6,21,7,1,163,126.74,30,0,2,0,0,126.74
2005,6,21,7,1,163,128.51,365.2,0,2,0,0,128.51
2005,6,21,8,1,163,0,128.6,0,2,1,0,0
2005,6,21,8,1,163,126.05,50,0,2,0,0,126.05
2005,6,21,8,1,163,126.43,50,0,2,0,0,126.43
2005,6,21,8,1,163,126.74,30,0,2,0,0,126.74
2005,6,21,8,1,163,128.51,317.4,0,2,0,0,128.51
2005,6,21,9,1,163,0,131,0,2,1,0,0
2005,6,21,9,1,163,126.05,50,0,2,0,0,126.05
2005,6,21,9,1,163,126.43,50,0,2,0,0,126.43
2005,6,21,9,1,163,126.74,30,0,2,0,0,126.74
2005,6,21,9,1,163,128.51,315,0,2,0,0,128.51
2005,6,21,10,1,163,0,134,0,2,1,0,0
2005,6,21,10,1,163,126.05,50,0,2,0,0,126.05
2005,6,21,10,1,163,126.43,50,0,2,0,0,126.43
2005,6,21,10,1,163,126.74,30,0,2,0,0,126.74
2005,6,21,10,1,163,128.51,312,0,2,0,0,128.51
2005,6,21,11,1,163,0,225.3,0,2,1,0,0
2005,6,21,11,1,163,126.05,50,0,2,0,0,126.05
2005,6,21,11,1,163,126.43,50,0,2,0,0,126.43
2005,6,21,11,1,163,126.74,30,0,2,0,0,126.74
2005,6,21,11,1,163,128.51,220.7,0,2,0,0,128.51
2005,6,21,12,1,163,0,234.5,0,2,1,0,0
2005,6,21,12,1,163,126.05,50,0,2,0,0,126.05
2005,6,21,12,1,163,126.43,50,0,2,0,0,126.43
2005,6,21,12,1,163,126.74,30,0,2,0,0,126.74
2005,6,21,12,1,163,128.51,211.5,0,2,0,0,128.51
2005,6,21,13,1,163,0,235.1,0,2,1,0,0
2005,6,21,13,1,163,126.05,50,0,2,0,0,126.05
2005,6,21,13,1,163,126.43,50,0,2,0,0,126.43
2005,6,21,13,1,163,126.74,30,0,2,0,0,126.74
2005,6,21,13,1,163,128.51,210.9,0,2,0,0,128.51
2005,6,21,14,1,163,0,235,0,2,1,0,0
2005,6,21,14,1,163,126.05,50,0,2,0,0,126.05
2005,6,21,14,1,163,126.43,50,0,2,0,0,126.43
2005,6,21,14,1,163,126.74,30,0,2,0,0,126.74
2005,6,21,14,1,163,128.51,211,0,2,0,0,128.51
2005,6,21,15,1,163,0,220,0,2,1,0,0
2005,6,21,15,1,163,126.05,50,0,2,0,0,126.05
2005,6,21,15,1,163,126.43,50,0,2,0,0,126.43
2005,6,21,15,1,163,126.74,30,0,2,0,0,126.74
2005,6,21,15,1,163,128.51,226,0,2,0,0,128.51
2005,6,21,16,1,163,0,220.1,0,2,1,0,0
2005,6,21,16,1,163,126.05,50,0,2,0,0,126.05
2005,6,21,16,1,163,126.43,50,0,2,0,0,126.43
2005,6,21,16,1,163,126.74,30,0,2,0,0,126.74
2005,6,21,16,1,163,128.51,225.9,0,2,0,0,128.51
2005,6,21,17,1,163,0,208.4,0,2,1,0,0
2005,6,21,17,1,163,126.05,50,0,2,0,0,126.05
2005,6,21,17,1,163,126.43,50,0,2,0,0,126.43
2005,6,21,17,1,163,126.74,30,0,2,0,0,126.74
2005,6,21,17,1,163,128.51,237.6,0,2,0,0,128.51
2005,6,21,18,1,163,0,209.3,0,2,1,0,0
2005,6,21,18,1,163,126.05,50,0,2,0,0,126.05
2005,6,21,18,1,163,126.43,50,0,2,0,0,126.43
2005,6,21,18,1,163,126.74,30,0,2,0,0,126.74
2005,6,21,18,1,163,128.51,236.7,0,2,0,0,128.51
2005,6,21,19,1,163,0,208.9,0,2,1,0,0
2005,6,21,19,1,163,126.05,50,0,2,0,0,126.05
2005,6,21,19,1,163,126.43,50,0,2,0,0,126.43
2005,6,21,19,1,163,126.74,30,0,2,0,0,126.74
2005,6,21,19,1,163,128.51,237.1,0,2,0,0,128.51
2005,6,21,20,1,163,0,207.3,0,2,1,0,0
2005,6,21,20,1,163,126.05,50,0,2,0,0,126.05
2005,6,21,20,1,163,126.43,50,0,2,0,0,126.43
2005,6,21,20,1,163,126.74,30,0,2,0,0,126.74
2005,6,21,20,1,163,128.51,238.7,0,2,0,0,128.51
2005,6,21,21,1,163,0,135.2,0,2,1,0,0
2005,6,21,21,1,163,126.05,50,0,2,0,0,126.05
2005,6,21,21,1,163,126.43,50,0,2,0,0,126.43
2005,6,21,21,1,163,126.74,30,0,2,0,0,126.74
2005,6,21,21,1,163,128.51,310.8,0,2,0,0,128.51
2005,6,21,22,1,163,0,134.2,0,2,1,0,0
2005,6,21,22,1,163,126.05,50,0,2,0,0,126.05
2005,6,21,22,1,163,126.43,50,0,2,0,0,126.43
2005,6,21,22,1,163,126.74,30,0,2,0,0,126.74
2005,6,21,22,1,163,128.51,311.8,0,2,0,0,128.51
2005,6,21,23,1,163,0,134.2,0,2,1,0,0
2005,6,21,23,1,163,126.05,50,0,2,0,0,126.05
2005,6,21,23,1,163,126.43,50,0,2,0,0,126.43
2005,6,21,23,1,163,126.74,30,0,2,0,0,126.74
2005,6,21,23,1,163,128.51,311.8,0,2,0,0,128.51
2005,6,21,24,1,163,0,131,0,2,1,0,0
2005,6,21,24,1,163,126.05,50,0,2,0,0,126.05
2005,6,21,24,1,163,126.43,50,0,2,0,0,126.43
2005,6,21,24,1,163,126.74,30,0,2,0,0,126.74
2005,6,21,24,1,163,128.51,315,0,2,0,0,128.51
2005,6,21,1,1,1067,0,68,.956229,2,1,0,0
2005,6,21,1,1,1067,42.31,27,.956229,2,1,0,44.50507
2005,6,21,1,1,1067,42.75,20,.956229,2,1,0,44.50507
2005,6,21,1,1,1067,43.19,15,.956229,2,1,0,44.50507
2005,6,21,1,1,1067,86.08,17.6,.956229,2,0,0,44.50507
2005,6,21,2,1,1067,0,68,.956229,2,1,0,0
2005,6,21,2,1,1067,42.31,27,.956229,2,1,0,44.50507
2005,6,21,2,1,1067,42.75,20,.956229,2,1,0,44.50507
2005,6,21,2,1,1067,43.19,1,.956229,2,1,0,44.50507
2005,6,21,2,1,1067,86.08,17.6,.956229,2,0,0,44.50507
2005,6,21,3,1,1067,0,68,.956229,2,1,0,0
2005,6,21,3,1,1067,42.31,27,.956229,2,0,0,44.50507
2005,6,21,3,1,1067,42.75,20,.956229,2,0,0,44.50507
2005,6,21,3,1,1067,43.19,15,.956229,2,0,0,44.50507
2005,6,21,3,1,1067,86.08,17.6,.956229,2,0,0,44.50507
2005,6,21,4,1,1067,0,68,.956229,2,1,0,0
2005,6,21,4,1,1067,42.31,27,.956229,2,0,0,44.50507
2005,6,21,4,1,1067,42.75,20,.956229,2,0,0,44.50507
2005,6,21,4,1,1067,43.19,15,.956229,2,0,0,44.50507
2005,6,21,4,1,1067,86.08,17.6,.956229,2,0,0,44.50507
2005,6,21,5,1,1067,0,68,.956229,2,1,0,0
2005,6,21,5,1,1067,42.31,27,.956229,2,0,0,44.50507
2005,6,21,5,1,1067,42.75,20,.956229,2,0,0,44.50507
2005,6,21,5,1,1067,43.19,15,.956229,2,0,0,44.50507
2005,6,21,5,1,1067,86.08,17.6,.956229,2,0,0,44.50507
2005,6,21,6,1,1067,0,68,.956229,2,1,0,0
2005,6,21,6,1,1067,42.31,27,.956229,2,0,0,44.50507
2005,6,21,6,1,1067,42.75,20,.956229,2,0,0,44.50507
2005,6,21,6,1,1067,43.19,15,.956229,2,0,0,44.50507
2005,6,21,6,1,1067,86.08,17.6,.956229,2,0,0,44.50507
2005,6,21,7,1,1067,0,68,.956229,2,1,0,0
2005,6,21,7,1,1067,42.31,27,.956229,2,0,0,44.50507
2005,6,21,7,1,1067,42.75,20,.956229,2,0,0,44.50507
2005,6,21,7,1,1067,43.19,15,.956229,2,0,0,44.50507
2005,6,21,7,1,1067,86.08,17.6,.956229,2,0,0,44.50507
2005,6,21,8,1,1067,0,68,.956229,2,1,0,0
2005,6,21,8,1,1067,42.31,27,.956229,2,1,0,44.50507
2005,6,21,8,1,1067,42.75,20,.956229,2,1,0,44.50507
2005,6,21,8,1,1067,43.19,15,.956229,2,1,0,44.50507
2005,6,21,8,1,1067,86.08,17.6,.956229,2,0,0,44.50507
2005,6,21,9,1,1067,0,68,.956229,2,1,0,0
2005,6,21,9,1,1067,42.31,27,.956229,2,1,0,44.50507
2005,6,21,9,1,1067,42.75,20,.956229,2,1,0,44.50507
2005,6,21,9,1,1067,43.19,15,.956229,2,1,0,44.50507
2005,6,21,9,1,1067,86.08,17.6,.956229,2,0,0,44.50507
2005,6,21,10,1,1067,0,68,.956229,2,1,0,0
2005,6,21,10,1,1067,42.31,27,.956229,2,1,0,44.50507
2005,6,21,10,1,1067,42.75,20,.956229,2,1,0,44.50507
2005,6,21,10,1,1067,43.19,15,.956229,2,1,0,44.50507
2005,6,21,10,1,1067,86.08,17.6,.956229,2,0,0,44.50507
2005,6,21,11,1,1067,0,68,.956229,2,1,0,0
2005,6,21,11,1,1067,42.31,27,.956229,2,1,0,44.50507
2005,6,21,11,1,1067,42.75,20,.956229,2,1,0,44.50507
2005,6,21,11,1,1067,43.19,15,.956229,2,1,0,44.50507
2005,6,21,11,1,1067,86.08,17.6,.956229,2,1,0,44.50507
2005,6,21,12,1,1067,0,68,.956229,2,1,0,0
2005,6,21,12,1,1067,42.31,27,.956229,2,1,0,44.50507
2005,6,21,12,1,1067,42.75,20,.956229,2,1,0,44.50507
2005,6,21,12,1,1067,43.19,15,.956229,2,1,0,44.50507
2005,6,21,12,1,1067,86.08,17.6,.956229,2,1,0,44.50507
2005,6,21,13,1,1067,0,68,.956229,2,1,0,0
2005,6,21,13,1,1067,42.31,27,.956229,2,1,0,44.50507
2005,6,21,13,1,1067,42.75,20,.956229,2,1,0,44.50507
2005,6,21,13,1,1067,43.19,15,.956229,2,1,0,44.50507
2005,6,21,13,1,1067,86.08,17.6,.956229,2,1,0,44.50507
2005,6,21,14,1,1067,0,68,.956229,2,1,0,0
2005,6,21,14,1,1067,42.31,27,.956229,2,1,0,44.50507
2005,6,21,14,1,1067,42.75,20,.956229,2,1,0,44.50507
2005,6,21,14,1,1067,43.19,15,.956229,2,1,0,44.50507
2005,6,21,14,1,1067,86.08,17.6,.956229,2,1,0,44.50507
2005,6,21,15,1,1067,0,68,.956229,2,1,0,0
2005,6,21,15,1,1067,42.31,27,.956229,2,1,0,44.50507
2005,6,21,15,1,1067,42.75,20,.956229,2,1,0,44.50507
2005,6,21,15,1,1067,43.19,15,.956229,2,1,0,44.50507
2005,6,21,15,1,1067,86.08,17.6,.956229,2,1,0,44.50507
2005,6,21,16,1,1067,0,68,.956229,2,1,0,0
2005,6,21,16,1,1067,42.31,27,.956229,2,1,0,44.50507
2005,6,21,16,1,1067,42.75,20,.956229,2,1,0,44.50507
2005,6,21,16,1,1067,43.19,15,.956229,2,1,0,44.50507
2005,6,21,16,1,1067,86.08,17.6,.956229,2,1,0,44.50507
2005,6,21,17,1,1067,0,68,.956229,2,1,0,0
2005,6,21,17,1,1067,42.31,27,.956229,2,1,0,44.50507
2005,6,21,17,1,1067,42.75,20,.956229,2,1,0,44.50507
2005,6,21,17,1,1067,43.19,15,.956229,2,1,0,44.50507
2005,6,21,17,1,1067,86.08,17.6,.956229,2,1,0,44.50507
2005,6,21,18,1,1067,0,68,.956229,2,1,0,0
2005,6,21,18,1,1067,42.31,27,.956229,2,1,0,44.50507
2005,6,21,18,1,1067,42.75,20,.956229,2,1,0,44.50507
2005,6,21,18,1,1067,43.19,15,.956229,2,1,0,44.50507
2005,6,21,18,1,1067,86.08,17.6,.956229,2,1,0,44.50507
2005,6,21,19,1,1067,0,68,.956229,2,1,0,0
2005,6,21,19,1,1067,42.31,27,.956229,2,1,0,44.50507
2005,6,21,19,1,1067,42.75,20,.956229,2,1,0,44.50507
2005,6,21,19,1,1067,43.19,15,.956229,2,1,0,44.50507
2005,6,21,19,1,1067,86.08,17.6,.956229,2,1,0,44.50507
2005,6,21,20,1,1067,0,68,.956229,2,1,0,0
2005,6,21,20,1,1067,42.31,27,.956229,2,1,0,44.50507
2005,6,21,20,1,1067,42.75,20,.956229,2,1,0,44.50507
2005,6,21,20,1,1067,43.19,15,.956229,2,1,0,44.50507
2005,6,21,20,1,1067,86.08,17.6,.956229,2,1,0,44.50507
2005,6,21,21,1,1067,0,68,.956229,2,1,0,0
2005,6,21,21,1,1067,42.31,27,.956229,2,1,0,44.50507
2005,6,21,21,1,1067,42.75,20,.956229,2,1,0,44.50507
2005,6,21,21,1,1067,43.19,15,.956229,2,1,0,44.50507
2005,6,21,21,1,1067,86.08,17.6,.956229,2,1,0,44.50507
2005,6,21,22,1,1067,0,68,.956229,2,1,0,0
2005,6,21,22,1,1067,42.31,27,.956229,2,1,0,44.50507
2005,6,21,22,1,1067,42.75,20,.956229,2,1,0,44.50507
2005,6,21,22,1,1067,43.19,15,.956229,2,1,0,44.50507
2005,6,21,22,1,1067,86.08,17.6,.956229,2,0,0,44.50507
2005,6,21,23,1,1067,0,68,.956229,2,1,0,0
2005,6,21,23,1,1067,42.31,27,.956229,2,1,0,44.50507
2005,6,21,23,1,1067,42.75,20,.956229,2,1,0,44.50507
2005,6,21,23,1,1067,43.19,15,.956229,2,1,0,44.50507
2005,6,21,23,1,1067,86.08,17.6,.956229,2,0,0,44.50507
2005,6,21,24,1,1067,0,68,.956229,2,1,0,0
2005,6,21,24,1,1067,42.31,27,.956229,2,1,0,44.50507
2005,6,21,24,1,1067,42.75,20,.956229,2,1,0,44.50507
2005,6,21,24,1,1067,43.19,15,.956229,2,1,0,44.50507
2005,6,21,24,1,1067,86.08,17.6,.956229,2,0,0,44.50507
2005,6,21,1,1,1068,0,167,.956229,2,1,0,0
2005,6,21,1,1,1068,38.94,43,.956229,2,1,0,42.835423
2005,6,21,1,1,1068,39.38,50,.956229,2,1,0,42.835423
2005,6,21,1,1,1068,39.82,65,.956229,2,1,0,42.835423
2005,6,21,1,1,1068,79.34,22.7,.956229,2,0,0,42.835423
2005,6,21,2,1,1068,0,167,.956229,2,1,0,0
2005,6,21,2,1,1068,38.94,43,.956229,2,1,0,42.835423
2005,6,21,2,1,1068,39.38,50,.956229,2,1,0,42.835423
2005,6,21,2,1,1068,39.82,65,.956229,2,1,0,42.835423
2005,6,21,2,1,1068,79.34,22.7,.956229,2,0,0,42.835423
2005,6,21,3,1,1068,0,167,.956229,2,1,0,0
2005,6,21,3,1,1068,38.94,43,.956229,2,1,0,42.835423
2005,6,21,3,1,1068,39.38,50,.956229,2,1,0,42.835423
2005,6,21,3,1,1068,39.82,65,.956229,2,1,0,42.835423
2005,6,21,3,1,1068,79.34,22.7,.956229,2,0,0,42.835423
2005,6,21,4,1,1068,0,167,.956229,2,1,0,0
2005,6,21,4,1,1068,38.94,43,.956229,2,0,0,42.835423
2005,6,21,4,1,1068,39.38,50,.956229,2,0,0,42.835423
2005,6,21,4,1,1068,39.82,65,.956229,2,0,0,42.835423
2005,6,21,4,1,1068,79.34,22.7,.956229,2,0,0,42.835423
2005,6,21,5,1,1068,0,167,.956229,2,1,0,0
2005,6,21,5,1,1068,38.94,43,.956229,2,0,0,42.835423
2005,6,21,5,1,1068,39.38,50,.956229,2,0,0,42.835423
2005,6,21,5,1,1068,39.82,65,.956229,2,0,0,42.835423
2005,6,21,5,1,1068,79.34,22.7,.956229,2,0,0,42.835423
2005,6,21,6,1,1068,0,167,.956229,2,1,0,0
2005,6,21,6,1,1068,38.94,43,.956229,2,0,0,42.835423
2005,6,21,6,1,1068,39.38,50,.956229,2,0,0,42.835423
2005,6,21,6,1,1068,39.82,65,.956229,2,0,0,42.835423
2005,6,21,6,1,1068,79.34,22.7,.956229,2,0,0,42.835423
2005,6,21,7,1,1068,0,167,.956229,2,1,0,0
2005,6,21,7,1,1068,38.94,43,.956229,2,1,0,42.835423
2005,6,21,7,1,1068,39.38,50,.956229,2,1,0,42.835423
2005,6,21,7,1,1068,39.82,65,.956229,2,1,0,42.835423
2005,6,21,7,1,1068,79.34,22.7,.956229,2,0,0,42.835423
2005,6,21,8,1,1068,0,167,.956229,2,1,0,0
2005,6,21,8,1,1068,38.94,43,.956229,2,1,0,42.835423
2005,6,21,8,1,1068,39.38,50,.956229,2,1,0,42.835423
2005,6,21,8,1,1068,39.82,65,.956229,2,1,0,42.835423
2005,6,21,8,1,1068,79.34,22.7,.956229,2,0,0,42.835423
2005,6,21,9,1,1068,0,167,.956229,2,1,0,0
2005,6,21,9,1,1068,38.94,43,.956229,2,1,0,42.835423
2005,6,21,9,1,1068,39.38,50,.956229,2,1,0,42.835423
2005,6,21,9,1,1068,39.82,65,.956229,2,1,0,42.835423
2005,6,21,9,1,1068,79.34,22.7,.956229,2,0,0,42.835423
2005,6,21,10,1,1068,0,167,.956229,2,1,0,0
2005,6,21,10,1,1068,38.94,43,.956229,2,1,0,42.835423
2005,6,21,10,1,1068,39.38,50,.956229,2,1,0,42.835423
2005,6,21,10,1,1068,39.82,65,.956229,2,1,0,42.835423
2005,6,21,10,1,1068,79.34,22.7,.956229,2,1,0,42.835423
2005,6,21,11,1,1068,0,167,.956229,2,1,0,0
2005,6,21,11,1,1068,38.94,43,.956229,2,1,0,42.835423
2005,6,21,11,1,1068,39.38,50,.956229,2,1,0,42.835423
2005,6,21,11,1,1068,39.82,65,.956229,2,1,0,42.835423
2005,6,21,11,1,1068,79.34,22.7,.956229,2,1,0,42.835423
2005,6,21,12,1,1068,0,167,.956229,2,1,0,0
2005,6,21,12,1,1068,38.94,43,.956229,2,1,0,42.835423
2005,6,21,12,1,1068,39.38,50,.956229,2,1,0,42.835423
2005,6,21,12,1,1068,39.82,65,.956229,2,1,0,42.835423
2005,6,21,12,1,1068,79.34,22.7,.956229,2,1,0,42.835423
2005,6,21,13,1,1068,0,167,.956229,2,1,0,0
2005,6,21,13,1,1068,38.94,43,.956229,2,1,0,42.835423
2005,6,21,13,1,1068,39.38,50,.956229,2,1,0,42.835423
2005,6,21,13,1,1068,39.82,65,.956229,2,1,0,42.835423
2005,6,21,13,1,1068,79.34,22.7,.956229,2,1,0,42.835423
2005,6,21,14,1,1068,0,167,.956229,2,1,0,0
2005,6,21,14,1,1068,38.94,43,.956229,2,1,0,42.835423
2005,6,21,14,1,1068,39.38,50,.956229,2,1,0,42.835423
2005,6,21,14,1,1068,39.82,65,.956229,2,1,0,42.835423
2005,6,21,14,1,1068,79.34,22.7,.956229,2,1,0,42.835423
2005,6,21,15,1,1068,0,167,.956229,2,1,0,0
2005,6,21,15,1,1068,38.94,43,.956229,2,1,0,42.835423
2005,6,21,15,1,1068,39.38,50,.956229,2,1,0,42.835423
2005,6,21,15,1,1068,39.82,65,.956229,2,1,0,42.835423
2005,6,21,15,1,1068,79.34,22.7,.956229,2,1,0,42.835423
2005,6,21,16,1,1068,0,167,.956229,2,1,0,0
2005,6,21,16,1,1068,38.94,43,.956229,2,1,0,42.835423
2005,6,21,16,1,1068,39.38,50,.956229,2,1,0,42.835423
2005,6,21,16,1,1068,39.82,65,.956229,2,1,0,42.835423
2005,6,21,16,1,1068,79.34,22.7,.956229,2,1,0,42.835423
2005,6,21,17,1,1068,0,167,.956229,2,1,0,0
2005,6,21,17,1,1068,38.94,43,.956229,2,1,0,42.835423
2005,6,21,17,1,1068,39.38,50,.956229,2,1,0,42.835423
2005,6,21,17,1,1068,39.82,65,.956229,2,1,0,42.835423
2005,6,21,17,1,1068,79.34,22.7,.956229,2,1,0,42.835423
2005,6,21,18,1,1068,0,167,.956229,2,1,0,0
2005,6,21,18,1,1068,38.94,43,.956229,2,1,0,42.835423
2005,6,21,18,1,1068,39.38,50,.956229,2,1,0,42.835423
2005,6,21,18,1,1068,39.82,65,.956229,2,1,0,42.835423
2005,6,21,18,1,1068,79.34,22.7,.956229,2,1,0,42.835423
2005,6,21,19,1,1068,0,167,.956229,2,1,0,0
2005,6,21,19,1,1068,38.94,43,.956229,2,1,0,42.835423
2005,6,21,19,1,1068,39.38,50,.956229,2,1,0,42.835423
2005,6,21,19,1,1068,39.82,65,.956229,2,1,0,42.835423
2005,6,21,19,1,1068,79.34,22.7,.956229,2,1,0,42.835423
2005,6,21,20,1,1068,0,167,.956229,2,1,0,0
2005,6,21,20,1,1068,38.94,43,.956229,2,1,0,42.835423
2005,6,21,20,1,1068,39.38,50,.956229,2,1,0,42.835423
2005,6,21,20,1,1068,39.82,65,.956229,2,1,0,42.835423
2005,6,21,20,1,1068,79.34,22.7,.956229,2,1,0,42.835423
2005,6,21,21,1,1068,0,167,.956229,2,1,0,0
2005,6,21,21,1,1068,38.94,43,.956229,2,1,0,42.835423
2005,6,21,21,1,1068,39.38,50,.956229,2,1,0,42.835423
2005,6,21,21,1,1068,39.82,65,.956229,2,1,0,42.835423
2005,6,21,21,1,1068,79.34,22.7,.956229,2,1,0,42.835423
2005,6,21,22,1,1068,0,167,.956229,2,1,0,0
2005,6,21,22,1,1068,38.94,43,.956229,2,1,0,42.835423
2005,6,21,22,1,1068,39.38,50,.956229,2,1,0,42.835423
2005,6,21,22,1,1068,39.82,65,.956229,2,1,0,42.835423
2005,6,21,22,1,1068,79.34,22.7,.956229,2,1,0,42.835423
2005,6,21,23,1,1068,0,167,.956229,2,1,0,0
2005,6,21,23,1,1068,38.94,43,.956229,2,1,0,42.835423
2005,6,21,23,1,1068,39.38,50,.956229,2,1,0,42.835423
2005,6,21,23,1,1068,39.82,65,.956229,2,1,0,42.835423
2005,6,21,23,1,1068,79.34,22.7,.956229,2,1,0,42.835423
2005,6,21,24,1,1068,0,167,.956229,2,1,0,0
2005,6,21,24,1,1068,38.94,43,.956229,2,1,0,42.835423
2005,6,21,24,1,1068,39.38,50,.956229,2,1,0,42.835423
2005,6,21,24,1,1068,39.82,65,.956229,2,1,0,42.835423
2005,6,21,24,1,1068,79.34,22.7,.956229,2,0,0,42.835423
2005,6,21,1,2,1069,0,205,.870866,2,1,0,0
2005,6,21,1,2,1069,34.84,47.9,.870866,2,1,0,40.177887
2005,6,21,1,2,1069,34.99,47.9,.870866,2,1,0,40.177887
2005,6,21,1,2,1069,35.14,47.9,.870866,2,1,0,40.177887
2005,6,21,1,2,1069,35.28,47.9,.870866,2,1,0,40.177887
2005,6,21,1,2,1069,35.43,47.9,.870866,2,1,0,40.177887
2005,6,21,1,2,1069,35.57,47.9,.870866,2,1,0,40.177887
2005,6,21,1,2,1069,35.72,47.6,.870866,2,1,0,40.177887
2005,6,21,1,2,1069,120.08,17.5,.870866,2,0,0,120.08
2005,6,21,2,2,1069,0,205,.870866,2,1,0,0
2005,6,21,2,2,1069,35.74,47.9,.870866,2,1,0,40.177887
2005,6,21,2,2,1069,35.88,47.9,.870866,2,1,0,40.177887
2005,6,21,2,2,1069,36.02,47.9,.870866,2,1,0,40.177887
2005,6,21,2,2,1069,36.16,47.9,.870866,2,1,0,40.177887
2005,6,21,2,2,1069,36.29,47.9,.870866,2,1,0,40.177887
2005,6,21,2,2,1069,36.43,47.9,.870866,2,1,0,40.177887
2005,6,21,2,2,1069,36.57,47.6,.870866,2,1,0,40.177887
2005,6,21,2,2,1069,120.08,17.5,.870866,2,0,0,120.08
2005,6,21,3,2,1069,0,205,.870866,2,1,0,0
2005,6,21,3,2,1069,35.8,47.9,.870866,2,1,0,40.177887
2005,6,21,3,2,1069,35.94,47.9,.870866,2,1,0,40.177887
2005,6,21,3,2,1069,36.08,47.9,.870866,2,1,0,40.177887
2005,6,21,3,2,1069,36.22,47.9,.870866,2,1,0,40.177887
2005,6,21,3,2,1069,36.36,47.9,.870866,2,1,0,40.177887
2005,6,21,3,2,1069,36.5,47.9,.870866,2,1,0,40.177887
2005,6,21,3,2,1069,36.64,47.6,.870866,2,1,0,40.177887
2005,6,21,3,2,1069,120.08,17.5,.870866,2,0,0,120.08
2005,6,21,4,2,1069,0,205,.870866,2,1,0,0
2005,6,21,4,2,1069,35.97,47.9,.870866,2,1,0,40.177887
2005,6,21,4,2,1069,36.11,47.9,.870866,2,1,0,40.177887
2005,6,21,4,2,1069,36.25,47.9,.870866,2,1,0,40.177887
2005,6,21,4,2,1069,36.39,47.9,.870866,2,1,0,40.177887
2005,6,21,4,2,1069,36.53,47.9,.870866,2,1,0,40.177887
2005,6,21,4,2,1069,36.67,47.9,.870866,2,1,0,40.177887
2005,6,21,4,2,1069,36.81,47.6,.870866,2,1,0,40.177887
2005,6,21,4,2,1069,120.08,17.5,.870866,2,0,0,120.08
2005,6,21,5,2,1069,0,171,.870866,2,1,0,0
2005,6,21,5,2,1069,11.01,34,.870866,2,1,0,40.177887
2005,6,21,5,2,1069,36.13,47.9,.870866,2,1,0,40.177887
2005,6,21,5,2,1069,36.27,47.9,.870866,2,1,0,40.177887
2005,6,21,5,2,1069,36.41,47.9,.870866,2,1,0,40.177887
2005,6,21,5,2,1069,36.55,47.9,.870866,2,1,0,40.177887
2005,6,21,5,2,1069,36.69,47.9,.870866,2,1,0,40.177887
2005,6,21,5,2,1069,36.83,47.9,.870866,2,1,0,40.177887
2005,6,21,5,2,1069,36.97,47.6,.870866,2,1,0,40.177887
2005,6,21,5,2,1069,120.09,17.5,.870866,2,0,0,120.09
2005,6,21,6,2,1069,0,205,.870866,2,1,0,0
2005,6,21,6,2,1069,36.01,47.9,.870866,2,1,0,40.177887
2005,6,21,6,2,1069,36.15,47.9,.870866,2,1,0,40.177887
2005,6,21,6,2,1069,36.29,47.9,.870866,2,1,0,40.177887
2005,6,21,6,2,1069,36.43,47.9,.870866,2,1,0,40.177887
2005,6,21,6,2,1069,36.57,47.9,.870866,2,1,0,40.177887
2005,6,21,6,2,1069,36.71,47.9,.870866,2,1,0,40.177887
2005,6,21,6,2,1069,36.85,47.6,.870866,2,1,0,40.177887
2005,6,21,6,2,1069,120.08,17.5,.870866,2,0,0,120.08
2005,6,21,7,2,1069,0,205,.870866,2,1,0,0
2005,6,21,7,2,1069,35.86,47.9,.870866,2,1,0,40.177887
2005,6,21,7,2,1069,35.99,47.9,.870866,2,1,0,40.177887
2005,6,21,7,2,1069,36.13,47.9,.870866,2,1,0,40.177887
2005,6,21,7,2,1069,36.27,47.9,.870866,2,1,0,40.177887
2005,6,21,7,2,1069,36.41,47.9,.870866,2,1,0,40.177887
2005,6,21,7,2,1069,36.54,47.9,.870866,2,1,0,40.177887
2005,6,21,7,2,1069,36.68,47.6,.870866,2,1,0,40.177887
2005,6,21,7,2,1069,120.08,17.5,.870866,2,0,0,120.08
2005,6,21,8,2,1069,0,205,.870866,2,1,0,0
2005,6,21,8,2,1069,35.36,47.9,.870866,2,1,0,40.177887
2005,6,21,8,2,1069,35.5,47.9,.870866,2,1,0,40.177887
2005,6,21,8,2,1069,35.65,47.9,.870866,2,1,0,40.177887
2005,6,21,8,2,1069,35.79,47.9,.870866,2,1,0,40.177887
2005,6,21,8,2,1069,35.94,47.9,.870866,2,1,0,40.177887
2005,6,21,8,2,1069,36.08,47.9,.870866,2,1,0,40.177887
2005,6,21,8,2,1069,36.23,47.6,.870866,2,1,0,40.177887
2005,6,21,8,2,1069,120.08,17.5,.870866,2,0,0,120.08
2005,6,21,9,2,1069,0,205,.870866,2,1,0,0
2005,6,21,9,2,1069,34.3,47.9,.870866,2,1,0,40.177887
2005,6,21,9,2,1069,34.44,47.9,.870866,2,1,0,40.177887
2005,6,21,9,2,1069,34.58,47.9,.870866,2,1,0,40.177887
2005,6,21,9,2,1069,34.71,47.9,.870866,2,1,0,40.177887
2005,6,21,9,2,1069,34.85,47.9,.870866,2,1,0,40.177887
2005,6,21,9,2,1069,34.99,47.9,.870866,2,1,0,40.177887
2005,6,21,9,2,1069,35.13,47.6,.870866,2,1,0,40.177887
2005,6,21,9,2,1069,120.08,17.5,.870866,2,0,0,120.08
2005,6,21,10,2,1069,0,205,.870866,2,1,0,0
2005,6,21,10,2,1069,33.87,47.9,.870866,2,1,0,40.177887
2005,6,21,10,2,1069,34.01,47.9,.870866,2,1,0,40.177887
2005,6,21,10,2,1069,34.16,47.9,.870866,2,1,0,40.177887
2005,6,21,10,2,1069,34.3,47.9,.870866,2,1,0,40.177887
2005,6,21,10,2,1069,34.45,47.9,.870866,2,1,0,40.177887
2005,6,21,10,2,1069,34.6,47.9,.870866,2,1,0,40.177887
2005,6,21,10,2,1069,34.74,47.6,.870866,2,1,0,40.177887
2005,6,21,10,2,1069,120.08,17.5,.870866,2,0,0,120.08
2005,6,21,11,2,1069,0,205,.870866,2,1,0,0
2005,6,21,11,2,1069,33.58,47.9,.870866,2,1,0,40.177887
2005,6,21,11,2,1069,33.74,47.9,.870866,2,1,0,40.177887
2005,6,21,11,2,1069,33.89,47.9,.870866,2,1,0,40.177887
2005,6,21,11,2,1069,34.04,47.9,.870866,2,1,0,40.177887
2005,6,21,11,2,1069,34.2,47.9,.870866,2,1,0,40.177887
2005,6,21,11,2,1069,34.35,47.9,.870866,2,1,0,40.177887
2005,6,21,11,2,1069,34.51,47.6,.870866,2,1,0,40.177887
2005,6,21,11,2,1069,120.08,17.5,.870866,2,0,0,120.08
2005,6,21,12,2,1069,0,205,.870866,2,1,0,0
2005,6,21,12,2,1069,33.66,47.9,.870866,2,1,0,40.177887
2005,6,21,12,2,1069,33.81,47.9,.870866,2,1,0,40.177887
2005,6,21,12,2,1069,33.96,47.9,.870866,2,1,0,40.177887
2005,6,21,12,2,1069,34.11,47.9,.870866,2,1,0,40.177887
2005,6,21,12,2,1069,34.26,47.9,.870866,2,1,0,40.177887
2005,6,21,12,2,1069,34.41,47.9,.870866,2,1,0,40.177887
2005,6,21,12,2,1069,34.56,47.6,.870866,2,1,0,40.177887
2005,6,21,12,2,1069,120.08,17.5,.870866,2,0,0,120.08
2005,6,21,13,2,1069,0,205,.870866,2,1,0,0
2005,6,21,13,2,1069,33.09,47.9,.870866,2,1,0,40.177887
2005,6,21,13,2,1069,33.24,47.9,.870866,2,1,0,40.177887
2005,6,21,13,2,1069,33.38,47.9,.870866,2,1,0,40.177887
2005,6,21,13,2,1069,33.53,47.9,.870866,2,1,0,40.177887
2005,6,21,13,2,1069,33.68,47.9,.870866,2,1,0,40.177887
2005,6,21,13,2,1069,33.82,47.9,.870866,2,1,0,40.177887
2005,6,21,13,2,1069,33.97,47.6,.870866,2,1,0,40.177887
2005,6,21,13,2,1069,120.08,17.5,.870866,2,0,0,120.08
2005,6,21,14,2,1069,0,205,.870866,2,1,0,0
2005,6,21,14,2,1069,33.09,47.9,.870866,2,1,0,40.177887
2005,6,21,14,2,1069,33.24,47.9,.870866,2,1,0,40.177887
2005,6,21,14,2,1069,33.39,47.9,.870866,2,1,0,40.177887
2005,6,21,14,2,1069,33.53,47.9,.870866,2,1,0,40.177887
2005,6,21,14,2,1069,33.68,47.9,.870866,2,1,0,40.177887
2005,6,21,14,2,1069,33.83,47.9,.870866,2,1,0,40.177887
2005,6,21,14,2,1069,33.97,47.6,.870866,2,1,0,40.177887
2005,6,21,14,2,1069,120.08,17.5,.870866,2,0,0,120.08
2005,6,21,15,2,1069,0,205,.870866,2,1,0,0
2005,6,21,15,2,1069,33.1,47.9,.870866,2,1,0,40.177887
2005,6,21,15,2,1069,33.24,47.9,.870866,2,1,0,40.177887
2005,6,21,15,2,1069,33.37,47.9,.870866,2,1,0,40.177887
2005,6,21,15,2,1069,33.51,47.9,.870866,2,1,0,40.177887
2005,6,21,15,2,1069,33.65,47.9,.870866,2,1,0,40.177887
2005,6,21,15,2,1069,33.78,47.9,.870866,2,1,0,40.177887
2005,6,21,15,2,1069,33.92,47.6,.870866,2,1,0,40.177887
2005,6,21,15,2,1069,120.08,17.5,.870866,2,0,0,120.08
2005,6,21,16,2,1069,0,205,.870866,2,1,0,0
2005,6,21,16,2,1069,14.62,95.8,.870866,2,1,0,40.177887
2005,6,21,16,2,1069,33.02,47.9,.870866,2,1,0,40.177887
2005,6,21,16,2,1069,33.16,47.9,.870866,2,1,0,40.177887
2005,6,21,16,2,1069,33.29,47.9,.870866,2,1,0,40.177887
2005,6,21,16,2,1069,33.43,47.9,.870866,2,1,0,40.177887
2005,6,21,16,2,1069,33.56,47.6,.870866,2,1,0,40.177887
2005,6,21,16,2,1069,120.07,17.5,.870866,2,0,0,120.07
2005,6,21,17,2,1069,0,205,.870866,2,1,0,0
2005,6,21,17,2,1069,14.62,191.6,.870866,2,1,0,40.177887
2005,6,21,17,2,1069,33.14,47.9,.870866,2,1,0,40.177887
2005,6,21,17,2,1069,33.29,47.9,.870866,2,1,0,40.177887
2005,6,21,17,2,1069,33.43,47.6,.870866,2,1,0,40.177887
2005,6,21,17,2,1069,120.05,17.5,.870866,2,0,0,120.05
2005,6,21,18,2,1069,0,205,.870866,2,1,0,0
2005,6,21,18,2,1069,14.62,335,.870866,2,1,0,40.177887
2005,6,21,18,2,1069,120.02,17.5,.870866,2,0,0,120.02
2005,6,21,19,2,1069,0,205,.870866,2,1,0,0
2005,6,21,19,2,1069,14.62,191.6,.870866,2,1,0,40.177887
2005,6,21,19,2,1069,33.08,47.9,.870866,2,1,0,40.177887
2005,6,21,19,2,1069,33.22,47.9,.870866,2,1,0,40.177887
2005,6,21,19,2,1069,33.37,47.6,.870866,2,1,0,40.177887
2005,6,21,19,2,1069,120.05,17.5,.870866,2,0,0,120.05
2005,6,21,20,2,1069,0,205,.870866,2,1,0,0
2005,6,21,20,2,1069,14.62,143.7,.870866,2,1,0,40.177887
2005,6,21,20,2,1069,33.1,47.9,.870866,2,1,0,40.177887
2005,6,21,20,2,1069,33.24,47.9,.870866,2,1,0,40.177887
2005,6,21,20,2,1069,33.38,47.9,.870866,2,1,0,40.177887
2005,6,21,20,2,1069,33.51,47.6,.870866,2,1,0,40.177887
2005,6,21,20,2,1069,120.06,17.5,.870866,2,0,0,120.06
2005,6,21,21,2,1069,0,205,.870866,2,1,0,0
2005,6,21,21,2,1069,14.62,47.9,.870866,2,1,0,40.177887
2005,6,21,21,2,1069,33.12,47.9,.870866,2,1,0,40.177887
2005,6,21,21,2,1069,33.25,47.9,.870866,2,1,0,40.177887
2005,6,21,21,2,1069,33.38,47.9,.870866,2,1,0,40.177887
2005,6,21,21,2,1069,33.51,47.9,.870866,2,1,0,40.177887
2005,6,21,21,2,1069,33.64,47.9,.870866,2,1,0,40.177887
2005,6,21,21,2,1069,33.77,47.6,.870866,2,1,0,40.177887
2005,6,21,21,2,1069,120.08,17.5,.870866,2,0,0,120.08
2005,6,21,22,2,1069,0,205,.870866,2,1,0,0
2005,6,21,22,2,1069,33.69,47.9,.870866,2,1,0,40.177887
2005,6,21,22,2,1069,33.83,47.9,.870866,2,1,0,40.177887
2005,6,21,22,2,1069,33.98,47.9,.870866,2,1,0,40.177887
2005,6,21,22,2,1069,34.13,47.9,.870866,2,1,0,40.177887
2005,6,21,22,2,1069,34.28,47.9,.870866,2,1,0,40.177887
2005,6,21,22,2,1069,34.43,47.9,.870866,2,1,0,40.177887
2005,6,21,22,2,1069,34.57,47.6,.870866,2,1,0,40.177887
2005,6,21,22,2,1069,120.08,17.5,.870866,2,0,0,120.08
2005,6,21,23,2,1069,0,205,.870866,2,1,0,0
2005,6,21,23,2,1069,33.79,47.9,.870866,2,1,0,40.177887
2005,6,21,23,2,1069,33.93,47.9,.870866,2,1,0,40.177887
2005,6,21,23,2,1069,34.06,47.9,.870866,2,1,0,40.177887
2005,6,21,23,2,1069,34.2,47.9,.870866,2,1,0,40.177887
2005,6,21,23,2,1069,34.33,47.9,.870866,2,1,0,40.177887
2005,6,21,23,2,1069,34.47,47.9,.870866,2,1,0,40.177887
2005,6,21,23,2,1069,34.6,47.6,.870866,2,1,0,40.177887
2005,6,21,23,2,1069,120.08,17.5,.870866,2,0,0,120.08
2005,6,21,24,2,1069,0,205,.870866,2,1,0,0
2005,6,21,24,2,1069,34.55,47.9,.870866,2,1,0,40.177887
2005,6,21,24,2,1069,34.69,47.9,.870866,2,1,0,40.177887
2005,6,21,24,2,1069,34.83,47.9,.870866,2,1,0,40.177887
2005,6,21,24,2,1069,34.98,47.9,.870866,2,1,0,40.177887
2005,6,21,24,2,1069,35.12,47.9,.870866,2,1,0,40.177887
2005,6,21,24,2,1069,35.26,47.9,.870866,2,1,0,40.177887
2005,6,21,24,2,1069,35.4,47.6,.870866,2,1,0,40.177887
2005,6,21,24,2,1069,120.08,17.5,.870866,2,0,0,120.08
2005,6,21,1,2,1070,0,205,.870866,2,1,0,0
2005,6,21,1,2,1070,35.79,48.6,.870866,2,1,0,40.172194
2005,6,21,1,2,1070,35.94,48.6,.870866,2,1,0,40.172194
2005,6,21,1,2,1070,36.09,48.6,.870866,2,1,0,40.172194
2005,6,21,1,2,1070,36.24,48.6,.870866,2,1,0,40.172194
2005,6,21,1,2,1070,36.39,48.6,.870866,2,1,0,40.172194
2005,6,21,1,2,1070,36.53,48.6,.870866,2,1,0,40.172194
2005,6,21,1,2,1070,36.68,48.4,.870866,2,1,0,40.172194
2005,6,21,1,2,1070,120.08,17.1,.870866,2,0,0,120.08
2005,6,21,2,2,1070,0,205,.870866,2,1,0,0
2005,6,21,2,2,1070,36.64,48.6,.870866,2,1,0,40.172194
2005,6,21,2,2,1070,36.78,48.6,.870866,2,1,0,40.172194
2005,6,21,2,2,1070,36.92,48.6,.870866,2,1,0,40.172194
2005,6,21,2,2,1070,37.06,48.6,.870866,2,1,0,40.172194
2005,6,21,2,2,1070,37.2,48.6,.870866,2,1,0,40.172194
2005,6,21,2,2,1070,37.34,48.6,.870866,2,1,0,40.172194
2005,6,21,2,2,1070,37.44,48.4,.870866,2,1,0,40.172194
2005,6,21,2,2,1070,120.08,17.1,.870866,2,0,0,120.08
2005,6,21,3,2,1070,0,205,.870866,2,1,0,0
2005,6,21,3,2,1070,36.71,48.6,.870866,2,1,0,40.172194
2005,6,21,3,2,1070,36.85,48.6,.870866,2,1,0,40.172194
2005,6,21,3,2,1070,36.99,48.6,.870866,2,1,0,40.172194
2005,6,21,3,2,1070,37.14,48.6,.870866,2,1,0,40.172194
2005,6,21,3,2,1070,37.28,48.6,.870866,2,1,0,40.172194
2005,6,21,3,2,1070,37.42,48.6,.870866,2,1,0,40.172194
2005,6,21,3,2,1070,37.44,48.4,.870866,2,1,0,40.172194
2005,6,21,3,2,1070,120.08,17.1,.870866,2,0,0,120.08
2005,6,21,4,2,1070,0,171,.870866,2,1,0,0
2005,6,21,4,2,1070,11.01,34,.870866,2,1,0,40.172194
2005,6,21,4,2,1070,36.9,48.6,.870866,2,1,0,40.172194
2005,6,21,4,2,1070,37.04,48.6,.870866,2,1,0,40.172194
2005,6,21,4,2,1070,37.18,48.6,.870866,2,1,0,40.172194
2005,6,21,4,2,1070,37.32,48.6,.870866,2,1,0,40.172194
2005,6,21,4,2,1070,37.43,145.6,.870866,2,1,0,40.172194
2005,6,21,4,2,1070,120.07,17.1,.870866,2,0,0,120.07
2005,6,21,5,2,1070,0,171,.870866,2,1,0,0
2005,6,21,5,2,1070,11.01,34,.870866,2,1,0,40.172194
2005,6,21,5,2,1070,37.05,48.6,.870866,2,1,0,40.172194
2005,6,21,5,2,1070,37.19,48.6,.870866,2,1,0,40.172194
2005,6,21,5,2,1070,37.34,48.6,.870866,2,1,0,40.172194
2005,6,21,5,2,1070,37.42,194.2,.870866,2,1,0,40.172194
2005,6,21,5,2,1070,120.06,17.1,.870866,2,0,0,120.06
2005,6,21,6,2,1070,0,171,.870866,2,1,0,0
2005,6,21,6,2,1070,11.01,34,.870866,2,1,0,40.172194
2005,6,21,6,2,1070,36.93,48.6,.870866,2,1,0,40.172194
2005,6,21,6,2,1070,37.08,48.6,.870866,2,1,0,40.172194
2005,6,21,6,2,1070,37.22,48.6,.870866,2,1,0,40.172194
2005,6,21,6,2,1070,37.36,48.6,.870866,2,1,0,40.172194
2005,6,21,6,2,1070,37.43,145.6,.870866,2,1,0,40.172194
2005,6,21,6,2,1070,120.07,17.1,.870866,2,0,0,120.07
2005,6,21,7,2,1070,0,205,.870866,2,1,0,0
2005,6,21,7,2,1070,36.75,48.6,.870866,2,1,0,40.172194
2005,6,21,7,2,1070,36.89,48.6,.870866,2,1,0,40.172194
2005,6,21,7,2,1070,37.03,48.6,.870866,2,1,0,40.172194
2005,6,21,7,2,1070,37.17,48.6,.870866,2,1,0,40.172194
2005,6,21,7,2,1070,37.31,48.6,.870866,2,1,0,40.172194
2005,6,21,7,2,1070,37.43,97,.870866,2,1,0,40.172194
2005,6,21,7,2,1070,120.07,17.1,.870866,2,0,0,120.07
2005,6,21,8,2,1070,0,205,.870866,2,1,0,0
2005,6,21,8,2,1070,36.31,48.6,.870866,2,1,0,40.172194
2005,6,21,8,2,1070,36.45,48.6,.870866,2,1,0,40.172194
2005,6,21,8,2,1070,36.6,48.6,.870866,2,1,0,40.172194
2005,6,21,8,2,1070,36.75,48.6,.870866,2,1,0,40.172194
2005,6,21,8,2,1070,36.9,48.6,.870866,2,1,0,40.172194
2005,6,21,8,2,1070,37.04,48.6,.870866,2,1,0,40.172194
2005,6,21,8,2,1070,37.19,48.4,.870866,2,1,0,40.172194
2005,6,21,8,2,1070,120.08,17.1,.870866,2,0,0,120.08
2005,6,21,9,2,1070,0,205,.870866,2,1,0,0
2005,6,21,9,2,1070,35.2,48.6,.870866,2,1,0,40.172194
2005,6,21,9,2,1070,35.34,48.6,.870866,2,1,0,40.172194
2005,6,21,9,2,1070,35.48,48.6,.870866,2,1,0,40.172194
2005,6,21,9,2,1070,35.62,48.6,.870866,2,1,0,40.172194
2005,6,21,9,2,1070,35.76,48.6,.870866,2,1,0,40.172194
2005,6,21,9,2,1070,35.9,48.6,.870866,2,1,0,40.172194
2005,6,21,9,2,1070,36.04,48.4,.870866,2,1,0,40.172194
2005,6,21,9,2,1070,120.08,17.1,.870866,2,0,0,120.08
2005,6,21,10,2,1070,0,205,.870866,2,1,0,0
2005,6,21,10,2,1070,34.82,48.6,.870866,2,1,0,40.172194
2005,6,21,10,2,1070,34.97,48.6,.870866,2,1,0,40.172194
2005,6,21,10,2,1070,35.12,48.6,.870866,2,1,0,40.172194
2005,6,21,10,2,1070,35.27,48.6,.870866,2,1,0,40.172194
2005,6,21,10,2,1070,35.42,48.6,.870866,2,1,0,40.172194
2005,6,21,10,2,1070,35.56,48.6,.870866,2,1,0,40.172194
2005,6,21,10,2,1070,35.71,48.4,.870866,2,1,0,40.172194
2005,6,21,10,2,1070,120.08,17.1,.870866,2,0,0,120.08
2005,6,21,11,2,1070,0,205,.870866,2,1,0,0
2005,6,21,11,2,1070,34.59,48.6,.870866,2,1,0,40.172194
2005,6,21,11,2,1070,34.75,48.6,.870866,2,1,0,40.172194
2005,6,21,11,2,1070,34.9,48.6,.870866,2,1,0,40.172194
2005,6,21,11,2,1070,35.06,48.6,.870866,2,1,0,40.172194
2005,6,21,11,2,1070,35.21,48.6,.870866,2,1,0,40.172194
2005,6,21,11,2,1070,35.37,48.6,.870866,2,1,0,40.172194
2005,6,21,11,2,1070,35.53,48.4,.870866,2,1,0,40.172194
2005,6,21,11,2,1070,120.08,17.1,.870866,2,0,0,120.08
2005,6,21,12,2,1070,0,205,.870866,2,1,0,0
2005,6,21,12,2,1070,34.64,48.6,.870866,2,1,0,40.172194
2005,6,21,12,2,1070,34.79,48.6,.870866,2,1,0,40.172194
2005,6,21,12,2,1070,34.94,48.6,.870866,2,1,0,40.172194
2005,6,21,12,2,1070,35.1,48.6,.870866,2,1,0,40.172194
2005,6,21,12,2,1070,35.25,48.6,.870866,2,1,0,40.172194
2005,6,21,12,2,1070,35.4,48.6,.870866,2,1,0,40.172194
2005,6,21,12,2,1070,35.55,48.4,.870866,2,1,0,40.172194
2005,6,21,12,2,1070,120.08,17.1,.870866,2,0,0,120.08
2005,6,21,13,2,1070,0,205,.870866,2,1,0,0
2005,6,21,13,2,1070,34.05,48.6,.870866,2,1,0,40.172194
2005,6,21,13,2,1070,34.2,48.6,.870866,2,1,0,40.172194
2005,6,21,13,2,1070,34.34,48.6,.870866,2,1,0,40.172194
2005,6,21,13,2,1070,34.49,48.6,.870866,2,1,0,40.172194
2005,6,21,13,2,1070,34.64,48.6,.870866,2,1,0,40.172194
2005,6,21,13,2,1070,34.79,48.6,.870866,2,1,0,40.172194
2005,6,21,13,2,1070,34.94,48.4,.870866,2,1,0,40.172194
2005,6,21,13,2,1070,120.08,17.1,.870866,2,0,0,120.08
2005,6,21,14,2,1070,0,205,.870866,2,1,0,0
2005,6,21,14,2,1070,34.05,48.6,.870866,2,1,0,40.172194
2005,6,21,14,2,1070,34.2,48.6,.870866,2,1,0,40.172194
2005,6,21,14,2,1070,34.35,48.6,.870866,2,1,0,40.172194
2005,6,21,14,2,1070,34.5,48.6,.870866,2,1,0,40.172194
2005,6,21,14,2,1070,34.65,48.6,.870866,2,1,0,40.172194
2005,6,21,14,2,1070,34.79,48.6,.870866,2,1,0,40.172194
2005,6,21,14,2,1070,34.94,48.4,.870866,2,1,0,40.172194
2005,6,21,14,2,1070,120.08,17.1,.870866,2,0,0,120.08
2005,6,21,15,2,1070,0,205,.870866,2,1,0,0
2005,6,21,15,2,1070,33.99,48.6,.870866,2,1,0,40.172194
2005,6,21,15,2,1070,34.13,48.6,.870866,2,1,0,40.172194
2005,6,21,15,2,1070,34.27,48.6,.870866,2,1,0,40.172194
2005,6,21,15,2,1070,34.4,48.6,.870866,2,1,0,40.172194
2005,6,21,15,2,1070,34.54,48.6,.870866,2,1,0,40.172194
2005,6,21,15,2,1070,34.68,48.6,.870866,2,1,0,40.172194
2005,6,21,15,2,1070,34.82,48.4,.870866,2,1,0,40.172194
2005,6,21,15,2,1070,120.08,17.1,.870866,2,0,0,120.08
2005,6,21,16,2,1070,0,205,.870866,2,1,0,0
2005,6,21,16,2,1070,33.64,48.6,.870866,2,1,0,40.172194
2005,6,21,16,2,1070,33.77,48.6,.870866,2,1,0,40.172194
2005,6,21,16,2,1070,33.91,48.6,.870866,2,1,0,40.172194
2005,6,21,16,2,1070,34.05,48.6,.870866,2,1,0,40.172194
2005,6,21,16,2,1070,34.18,48.6,.870866,2,1,0,40.172194
2005,6,21,16,2,1070,34.32,48.6,.870866,2,1,0,40.172194
2005,6,21,16,2,1070,34.46,48.4,.870866,2,1,0,40.172194
2005,6,21,16,2,1070,120.08,17.1,.870866,2,0,0,120.08
2005,6,21,17,2,1070,0,205,.870866,2,1,0,0
2005,6,21,17,2,1070,33.54,48.6,.870866,2,1,0,40.172194
2005,6,21,17,2,1070,33.68,48.6,.870866,2,1,0,40.172194
2005,6,21,17,2,1070,33.83,48.6,.870866,2,1,0,40.172194
2005,6,21,17,2,1070,33.97,48.6,.870866,2,1,0,40.172194
2005,6,21,17,2,1070,34.12,48.6,.870866,2,1,0,40.172194
2005,6,21,17,2,1070,34.27,48.6,.870866,2,1,0,40.172194
2005,6,21,17,2,1070,34.41,48.4,.870866,2,1,0,40.172194
2005,6,21,17,2,1070,120.08,17.1,.870866,2,0,0,120.08
2005,6,21,18,2,1070,0,205,.870866,2,1,0,0
2005,6,21,18,2,1070,33.13,48.6,.870866,2,1,0,40.172194
2005,6,21,18,2,1070,33.28,48.6,.870866,2,1,0,40.172194
2005,6,21,18,2,1070,33.42,48.6,.870866,2,1,0,40.172194
2005,6,21,18,2,1070,33.56,48.6,.870866,2,1,0,40.172194
2005,6,21,18,2,1070,33.71,48.6,.870866,2,1,0,40.172194
2005,6,21,18,2,1070,33.85,48.6,.870866,2,1,0,40.172194
2005,6,21,18,2,1070,33.99,48.4,.870866,2,1,0,40.172194
2005,6,21,18,2,1070,120.08,17.1,.870866,2,0,0,120.08
2005,6,21,19,2,1070,0,205,.870866,2,1,0,0
2005,6,21,19,2,1070,33.47,48.6,.870866,2,1,0,40.172194
2005,6,21,19,2,1070,33.62,48.6,.870866,2,1,0,40.172194
2005,6,21,19,2,1070,33.77,48.6,.870866,2,1,0,40.172194
2005,6,21,19,2,1070,33.91,48.6,.870866,2,1,0,40.172194
2005,6,21,19,2,1070,34.06,48.6,.870866,2,1,0,40.172194
2005,6,21,19,2,1070,34.2,48.6,.870866,2,1,0,40.172194
2005,6,21,19,2,1070,34.35,48.4,.870866,2,1,0,40.172194
2005,6,21,19,2,1070,120.08,17.1,.870866,2,0,0,120.08
2005,6,21,20,2,1070,0,205,.870866,2,1,0,0
2005,6,21,20,2,1070,33.6,48.6,.870866,2,1,0,40.172194
2005,6,21,20,2,1070,33.74,48.6,.870866,2,1,0,40.172194
2005,6,21,20,2,1070,33.88,48.6,.870866,2,1,0,40.172194
2005,6,21,20,2,1070,34.02,48.6,.870866,2,1,0,40.172194
2005,6,21,20,2,1070,34.16,48.6,.870866,2,1,0,40.172194
2005,6,21,20,2,1070,34.3,48.6,.870866,2,1,0,40.172194
2005,6,21,20,2,1070,34.44,48.4,.870866,2,1,0,40.172194
2005,6,21,20,2,1070,120.08,17.1,.870866,2,0,0,120.08
2005,6,21,21,2,1070,0,205,.870866,2,1,0,0
2005,6,21,21,2,1070,33.83,48.6,.870866,2,1,0,40.172194
2005,6,21,21,2,1070,33.96,48.6,.870866,2,1,0,40.172194
2005,6,21,21,2,1070,34.09,48.6,.870866,2,1,0,40.172194
2005,6,21,21,2,1070,34.22,48.6,.870866,2,1,0,40.172194
2005,6,21,21,2,1070,34.35,48.6,.870866,2,1,0,40.172194
2005,6,21,21,2,1070,34.49,48.6,.870866,2,1,0,40.172194
2005,6,21,21,2,1070,34.62,48.4,.870866,2,1,0,40.172194
2005,6,21,21,2,1070,120.08,17.1,.870866,2,0,0,120.08
2005,6,21,22,2,1070,0,205,.870866,2,1,0,0
2005,6,21,22,2,1070,34.65,48.6,.870866,2,1,0,40.172194
2005,6,21,22,2,1070,34.8,48.6,.870866,2,1,0,40.172194
2005,6,21,22,2,1070,34.95,48.6,.870866,2,1,0,40.172194
2005,6,21,22,2,1070,35.1,48.6,.870866,2,1,0,40.172194
2005,6,21,22,2,1070,35.25,48.6,.870866,2,1,0,40.172194
2005,6,21,22,2,1070,35.4,48.6,.870866,2,1,0,40.172194
2005,6,21,22,2,1070,35.55,48.4,.870866,2,1,0,40.172194
2005,6,21,22,2,1070,120.08,17.1,.870866,2,0,0,120.08
2005,6,21,23,2,1070,0,205,.870866,2,1,0,0
2005,6,21,23,2,1070,34.67,48.6,.870866,2,1,0,40.172194
2005,6,21,23,2,1070,34.81,48.6,.870866,2,1,0,40.172194
2005,6,21,23,2,1070,34.95,48.6,.870866,2,1,0,40.172194
2005,6,21,23,2,1070,35.09,48.6,.870866,2,1,0,40.172194
2005,6,21,23,2,1070,35.22,48.6,.870866,2,1,0,40.172194
2005,6,21,23,2,1070,35.36,48.6,.870866,2,1,0,40.172194
2005,6,21,23,2,1070,35.5,48.4,.870866,2,1,0,40.172194
2005,6,21,23,2,1070,120.08,17.1,.870866,2,0,0,120.08
2005,6,21,24,2,1070,0,205,.870866,2,1,0,0
2005,6,21,24,2,1070,35.48,48.6,.870866,2,1,0,40.172194
2005,6,21,24,2,1070,35.62,48.6,.870866,2,1,0,40.172194
2005,6,21,24,2,1070,35.76,48.6,.870866,2,1,0,40.172194
2005,6,21,24,2,1070,35.91,48.6,.870866,2,1,0,40.172194
2005,6,21,24,2,1070,36.05,48.6,.870866,2,1,0,40.172194
2005,6,21,24,2,1070,36.2,48.6,.870866,2,1,0,40.172194
2005,6,21,24,2,1070,36.34,48.4,.870866,2,1,0,40.172194
2005,6,21,24,2,1070,120.08,17.1,.870866,2,0,0,120.08
2005,6,21,1,9,168,180.3,8,0,1,1,0,180.3
2005,6,21,2,9,168,180.3,8,0,1,1,0,180.3
2005,6,21,3,9,168,180.3,8,0,1,1,0,180.3
2005,6,21,4,9,168,180.3,8,0,1,1,0,180.3
2005,6,21,5,9,168,180.3,8,0,1,1,0,180.3
2005,6,21,6,9,168,180.3,8,0,1,1,0,180.3
2005,6,21,7,9,168,180.3,8,0,1,1,0,180.3
2005,6,21,8,9,168,180.3,8,0,1,1,0,180.3
2005,6,21,9,9,168,180.3,8,0,1,1,0,180.3
2005,6,21,10,9,168,180.3,8,0,1,1,0,180.3
2005,6,21,11,9,168,180.3,8,0,1,1,0,180.3
2005,6,21,12,9,168,180.3,8,0,1,1,0,180.3
2005,6,21,13,9,168,180.3,8,0,1,1,0,180.3
2005,6,21,14,9,168,180.3,8,0,1,1,0,180.3
2005,6,21,15,9,168,180.3,8,0,1,1,0,180.3
2005,6,21,16,9,168,180.3,8,0,1,1,0,180.3
2005,6,21,17,9,168,180.3,8,0,1,1,0,180.3
2005,6,21,18,9,168,180.3,8,0,1,1,0,180.3
2005,6,21,19,9,168,180.3,8,0,1,1,0,180.3
2005,6,21,20,9,168,180.3,8,0,1,1,0,180.3
2005,6,21,21,9,168,180.3,8,0,1,1,0,180.3
2005,6,21,22,9,168,180.3,8,0,1,1,0,180.3
2005,6,21,23,9,168,180.3,8,0,1,1,0,180.3
2005,6,21,24,9,168,180.3,8,0,1,1,0,180.3
2005,6,21,1,9,169,0,9.2,0,2,1,0,0
2005,6,21,2,9,169,0,9.1,0,2,1,0,0
2005,6,21,3,9,169,0,9,0,2,1,0,0
2005,6,21,4,9,169,0,8.9,0,2,1,0,0
2005,6,21,5,9,169,0,8.9,0,2,1,0,0
2005,6,21,6,9,169,0,8.8,0,2,1,0,0
2005,6,21,7,9,169,0,8.9,0,2,1,0,0
2005,6,21,8,9,169,0,8.8,0,2,1,0,0
2005,6,21,9,9,169,0,8.6,0,2,1,0,0
2005,6,21,10,9,169,0,8.3,0,2,1,0,0
2005,6,21,11,9,169,0,7.7,0,2,1,0,0
2005,6,21,12,9,169,0,7,0,2,1,0,0
2005,6,21,13,9,169,0,6.7,0,2,1,0,0
2005,6,21,14,9,169,0,6.7,0,2,1,0,0
2005,6,21,15,9,169,0,6.6,0,2,1,0,0
2005,6,21,16,9,169,0,6.5,0,2,1,0,0
2005,6,21,17,9,169,0,6.4,0,2,1,0,0
2005,6,21,18,9,169,0,6.3,0,2,1,0,0
2005,6,21,19,9,169,0,6.1,0,2,1,0,0
2005,6,21,20,9,169,0,6,0,2,1,0,0
2005,6,21,21,9,169,0,6.1,0,2,1,0,0
2005,6,21,22,9,169,0,6.1,0,2,1,0,0
2005,6,21,23,9,169,0,5.7,0,2,1,0,0
2005,6,21,24,9,169,0,5,0,2,1,0,0
2005,6,21,1,9,170,0,6.2,0,2,1,0,0
2005,6,21,2,9,170,0,6.2,0,2,1,0,0
2005,6,21,3,9,170,0,6.2,0,2,1,0,0
2005,6,21,4,9,170,0,6.2,0,2,1,0,0
2005,6,21,5,9,170,0,6.2,0,2,1,0,0
2005,6,21,6,9,170,0,6.2,0,2,1,0,0
2005,6,21,7,9,170,0,6.2,0,2,1,0,0
2005,6,21,8,9,170,0,6.2,0,2,1,0,0
2005,6,21,9,9,170,0,6.2,0,2,1,0,0
2005,6,21,10,9,170,0,6.2,0,2,1,0,0
2005,6,21,11,9,170,0,6.1,0,2,1,0,0
2005,6,21,12,9,170,0,6.1,0,2,1,0,0
2005,6,21,13,9,170,0,6,0,2,1,0,0
2005,6,21,14,9,170,0,5.6,0,2,1,0,0
2005,6,21,15,9,170,0,5.6,0,2,1,0,0
2005,6,21,16,9,170,0,5.6,0,2,1,0,0
2005,6,21,17,9,170,0,5.6,0,2,1,0,0
2005,6,21,18,9,170,0,5.6,0,2,1,0,0
2005,6,21,19,9,170,0,6.2,0,2,1,0,0
2005,6,21,20,9,170,0,6.2,0,2,1,0,0
2005,6,21,21,9,170,0,6.2,0,2,1,0,0
2005,6,21,22,9,170,0,6.2,0,2,1,0,0
2005,6,21,23,9,170,0,6.2,0,2,1,0,0
2005,6,21,24,9,170,0,6.2,0,2,1,0,0
2005,6,21,1,9,171,0,9,0,2,1,0,0
2005,6,21,2,9,171,0,9,0,2,1,0,0
2005,6,21,3,9,171,0,9,0,2,1,0,0
2005,6,21,4,9,171,0,9,0,2,1,0,0
2005,6,21,5,9,171,0,9,0,2,1,0,0
2005,6,21,6,9,171,0,9,0,2,1,0,0
2005,6,21,7,9,171,0,9,0,2,1,0,0
2005,6,21,8,9,171,0,9,0,2,1,0,0
2005,6,21,9,9,171,0,9,0,2,1,0,0
2005,6,21,10,9,171,0,9,0,2,1,0,0
2005,6,21,11,9,171,0,9,0,2,1,0,0
2005,6,21,12,9,171,0,9,0,2,1,0,0
2005,6,21,13,9,171,0,9,0,2,1,0,0
2005,6,21,14,9,171,0,9,0,2,1,0,0
2005,6,21,15,9,171,0,9,0,2,1,0,0
2005,6,21,16,9,171,0,9,0,2,1,0,0
2005,6,21,17,9,171,0,9,0,2,1,0,0
2005,6,21,18,9,171,0,9,0,2,1,0,0
2005,6,21,19,9,171,0,9,0,2,1,0,0
2005,6,21,20,9,171,0,9,0,2,1,0,0
2005,6,21,21,9,171,0,9,0,2,1,0,0
2005,6,21,22,9,171,0,9,0,2,1,0,0
2005,6,21,23,9,171,0,9,0,2,1,0,0
2005,6,21,24,9,171,0,9,0,2,1,0,0
2005,6,21,1,9,172,0,22,0,2,1,0,0
2005,6,21,1,9,172,79.05,1,0,2,0,0,79.05
2005,6,21,2,9,172,0,24.7,0,2,1,0,0
2005,6,21,2,9,172,79.05,1,0,2,0,0,79.05
2005,6,21,3,9,172,0,27.1,0,2,1,0,0
2005,6,21,3,9,172,79.05,1,0,2,0,0,79.05
2005,6,21,4,9,172,0,29.4,0,2,1,0,0
2005,6,21,4,9,172,79.05,1,0,2,0,0,79.05
2005,6,21,5,9,172,0,31.5,0,2,1,0,0
2005,6,21,5,9,172,79.05,1,0,2,0,0,79.05
2005,6,21,6,9,172,0,33.4,0,2,1,0,0
2005,6,21,6,9,172,79.05,1,0,2,0,0,79.05
2005,6,21,7,9,172,0,33.6,0,2,1,0,0
2005,6,21,7,9,172,79.05,1,0,2,0,0,79.05
2005,6,21,8,9,172,0,32.1,0,2,1,0,0
2005,6,21,8,9,172,79.05,1,0,2,0,0,79.05
2005,6,21,9,9,172,0,29.1,0,2,1,0,0
2005,6,21,9,9,172,74.9,1,0,2,0,0,74.9
2005,6,21,10,9,172,0,24.4,0,2,1,0,0
2005,6,21,10,9,172,68.15,1,0,2,1,0,68.15
2005,6,21,11,9,172,0,18.2,0,2,1,0,0
2005,6,21,11,9,172,68.15,1,0,2,1,0,68.15
2005,6,21,12,9,172,0,10.5,0,2,1,0,0
2005,6,21,12,9,172,68.15,1,0,2,1,0,68.15
2005,6,21,13,9,172,0,5,0,2,1,0,0
2005,6,21,13,9,172,68.15,1,0,2,1,0,68.15
2005,6,21,14,9,172,0,2.5,0,2,1,0,0
2005,6,21,14,9,172,74.9,1,0,2,1,0,74.9
2005,6,21,15,9,172,0,2.5,0,2,1,0,0
2005,6,21,15,9,172,74.9,1,0,2,1,0,74.9
2005,6,21,16,9,172,0,3,0,2,1,0,0
2005,6,21,16,9,172,74.9,1,0,2,1,0,74.9
2005,6,21,17,9,172,0,4.9,0,2,1,0,0
2005,6,21,17,9,172,74.9,1,0,2,1,0,74.9
2005,6,21,18,9,172,0,10.3,0,2,1,0,0
2005,6,21,18,9,172,74.9,1,0,2,1,0,74.9
2005,6,21,19,9,172,0,14.5,0,2,1,0,0
2005,6,21,19,9,172,74.9,1,0,2,1,0,74.9
2005,6,21,20,9,172,0,17.4,0,2,1,0,0
2005,6,21,20,9,172,74.9,1,0,2,1,0,74.9
2005,6,21,21,9,172,0,19,0,2,1,0,0
2005,6,21,21,9,172,74.9,1,0,2,1,0,74.9
2005,6,21,22,9,172,0,19.3,0,2,1,0,0
2005,6,21,22,9,172,74.9,1,0,2,1,0,74.9
2005,6,21,23,9,172,0,18.3,0,2,1,0,0
2005,6,21,23,9,172,74.9,1,0,2,1,0,74.9
2005,6,21,24,9,172,0,16.1,0,2,1,0,0
2005,6,21,24,9,172,74.9,1,0,2,0,0,74.9
2005,6,21,1,4,1072,0,385,1.1042,2,1,0,0
2005,6,21,1,4,1072,46.96,20,1.1042,2,0,1,47.459269
2005,6,21,1,4,1072,47.28,20,1.1042,2,0,1,47.459269
2005,6,21,1,4,1072,47.66,20,1.1042,2,0,1,47.459269
2005,6,21,1,4,1072,48.1,20,1.1042,2,0,1,47.459269
2005,6,21,1,4,1072,48.6,20,1.1042,2,0,1,47.459269
2005,6,21,1,4,1072,100,35,1.1042,2,0,1,47.459269
2005,6,21,1,4,1072,150,7.4,1.1042,2,0,1,150
2005,6,21,2,4,1072,0,310,1.1042,2,1,0,0
2005,6,21,2,4,1072,46.3,10,1.1042,2,0,1,47.459269
2005,6,21,2,4,1072,46.31,20,1.1042,2,0,1,47.459269
2005,6,21,2,4,1072,46.38,20,1.1042,2,0,1,47.459269
2005,6,21,2,4,1072,46.52,20,1.1042,2,0,1,47.459269
2005,6,21,2,4,1072,46.71,20,1.1042,2,0,1,47.459269
2005,6,21,2,4,1072,46.96,20,1.1042,2,0,1,47.459269
2005,6,21,2,4,1072,47.28,20,1.1042,2,0,1,47.459269
2005,6,21,2,4,1072,47.66,20,1.1042,2,0,1,47.459269
2005,6,21,2,4,1072,48.1,20,1.1042,2,0,1,47.459269
2005,6,21,2,4,1072,48.6,20,1.1042,2,0,1,47.459269
2005,6,21,2,4,1072,100,35,1.1042,2,0,1,47.459269
2005,6,21,2,4,1072,150,7.4,1.1042,2,0,1,150
2005,6,21,3,4,1072,0,310,1.1042,2,1,0,0
2005,6,21,3,4,1072,46.3,10,1.1042,2,0,1,47.459269
2005,6,21,3,4,1072,46.31,20,1.1042,2,0,1,47.459269
2005,6,21,3,4,1072,46.38,20,1.1042,2,0,1,47.459269
2005,6,21,3,4,1072,46.52,20,1.1042,2,0,1,47.459269
2005,6,21,3,4,1072,46.71,20,1.1042,2,0,1,47.459269
2005,6,21,3,4,1072,46.96,20,1.1042,2,0,1,47.459269
2005,6,21,3,4,1072,47.28,20,1.1042,2,0,1,47.459269
2005,6,21,3,4,1072,47.66,20,1.1042,2,0,1,47.459269
2005,6,21,3,4,1072,48.1,20,1.1042,2,0,1,47.459269
2005,6,21,3,4,1072,48.6,20,1.1042,2,0,1,47.459269
2005,6,21,3,4,1072,100,35,1.1042,2,0,1,47.459269
2005,6,21,3,4,1072,150,7.4,1.1042,2,0,1,150
2005,6,21,4,4,1072,0,310,1.1042,2,1,0,0
2005,6,21,4,4,1072,46.3,10,1.1042,2,0,1,47.459269
2005,6,21,4,4,1072,46.31,20,1.1042,2,0,1,47.459269
2005,6,21,4,4,1072,46.38,20,1.1042,2,0,1,47.459269
2005,6,21,4,4,1072,46.52,20,1.1042,2,0,1,47.459269
2005,6,21,4,4,1072,46.71,20,1.1042,2,0,1,47.459269
2005,6,21,4,4,1072,46.96,20,1.1042,2,0,1,47.459269
2005,6,21,4,4,1072,47.28,20,1.1042,2,0,1,47.459269
2005,6,21,4,4,1072,47.66,20,1.1042,2,0,1,47.459269
2005,6,21,4,4,1072,48.1,20,1.1042,2,0,1,47.459269
2005,6,21,4,4,1072,48.6,20,1.1042,2,0,1,47.459269
2005,6,21,4,4,1072,100,35,1.1042,2,0,1,47.459269
2005,6,21,4,4,1072,150,7.4,1.1042,2,0,1,150
2005,6,21,5,4,1072,0,310,1.1042,2,1,0,0
2005,6,21,5,4,1072,46.3,10,1.1042,2,0,1,47.459269
2005,6,21,5,4,1072,46.31,20,1.1042,2,0,1,47.459269
2005,6,21,5,4,1072,46.38,20,1.1042,2,0,1,47.459269
2005,6,21,5,4,1072,46.52,20,1.1042,2,0,1,47.459269
2005,6,21,5,4,1072,46.71,20,1.1042,2,0,1,47.459269
2005,6,21,5,4,1072,46.96,20,1.1042,2,0,1,47.459269
2005,6,21,5,4,1072,47.28,20,1.1042,2,0,1,47.459269
2005,6,21,5,4,1072,47.66,20,1.1042,2,0,1,47.459269
2005,6,21,5,4,1072,48.1,20,1.1042,2,0,1,47.459269
2005,6,21,5,4,1072,48.6,20,1.1042,2,0,1,47.459269
2005,6,21,5,4,1072,100,35,1.1042,2,0,1,47.459269
2005,6,21,5,4,1072,150,7.4,1.1042,2,0,1,150
2005,6,21,6,4,1072,0,310,1.1042,2,1,0,0
2005,6,21,6,4,1072,46.3,10,1.1042,2,0,1,47.459269
2005,6,21,6,4,1072,46.31,20,1.1042,2,0,1,47.459269
2005,6,21,6,4,1072,46.38,20,1.1042,2,0,1,47.459269
2005,6,21,6,4,1072,46.52,20,1.1042,2,0,1,47.459269
2005,6,21,6,4,1072,46.71,20,1.1042,2,0,1,47.459269
2005,6,21,6,4,1072,46.96,20,1.1042,2,0,1,47.459269
2005,6,21,6,4,1072,47.28,20,1.1042,2,0,1,47.459269
2005,6,21,6,4,1072,47.66,20,1.1042,2,0,1,47.459269
2005,6,21,6,4,1072,48.1,20,1.1042,2,0,1,47.459269
2005,6,21,6,4,1072,48.6,20,1.1042,2,0,1,47.459269
2005,6,21,6,4,1072,100,35,1.1042,2,0,1,47.459269
2005,6,21,6,4,1072,150,7.4,1.1042,2,0,1,150
2005,6,21,7,4,1072,0,310,1.1042,2,1,0,0
2005,6,21,7,4,1072,46.3,10,1.1042,2,0,1,47.459269
2005,6,21,7,4,1072,46.31,20,1.1042,2,0,1,47.459269
2005,6,21,7,4,1072,46.38,20,1.1042,2,0,1,47.459269
2005,6,21,7,4,1072,46.52,20,1.1042,2,0,1,47.459269
2005,6,21,7,4,1072,46.71,20,1.1042,2,0,1,47.459269
2005,6,21,7,4,1072,46.96,20,1.1042,2,0,1,47.459269
2005,6,21,7,4,1072,47.28,20,1.1042,2,0,1,47.459269
2005,6,21,7,4,1072,47.66,20,1.1042,2,0,1,47.459269
2005,6,21,7,4,1072,48.1,20,1.1042,2,0,1,47.459269
2005,6,21,7,4,1072,48.6,20,1.1042,2,0,1,47.459269
2005,6,21,7,4,1072,100,35,1.1042,2,0,1,47.459269
2005,6,21,7,4,1072,150,7.4,1.1042,2,0,1,150
2005,6,21,8,4,1072,0,385,1.1042,2,1,0,0
2005,6,21,8,4,1072,46.96,20,1.1042,2,0,1,47.459269
2005,6,21,8,4,1072,47.28,20,1.1042,2,0,1,47.459269
2005,6,21,8,4,1072,47.66,20,1.1042,2,0,1,47.459269
2005,6,21,8,4,1072,48.1,20,1.1042,2,0,1,47.459269
2005,6,21,8,4,1072,48.6,20,1.1042,2,0,1,47.459269
2005,6,21,8,4,1072,100,35,1.1042,2,0,1,47.459269
2005,6,21,8,4,1072,150,7.4,1.1042,2,0,1,150
2005,6,21,9,4,1072,0,500,1.1042,2,1,0,0
2005,6,21,9,4,1072,100,35,1.1042,2,0,1,47.459269
2005,6,21,9,4,1072,150,7.4,1.1042,2,0,1,150
2005,6,21,10,4,1072,0,500,1.1042,2,1,0,0
2005,6,21,10,4,1072,100,35,1.1042,2,0,1,47.459269
2005,6,21,10,4,1072,150,7.4,1.1042,2,0,1,150
2005,6,21,11,4,1072,0,500,1.1042,2,1,0,0
2005,6,21,11,4,1072,100,31.6,1.1042,2,1,0,47.459269
2005,6,21,11,4,1072,150,7.4,1.1042,2,0,1,150
2005,6,21,12,4,1072,0,500,1.1042,2,1,0,0
2005,6,21,12,4,1072,100,35,1.1042,2,1,0,47.459269
2005,6,21,12,4,1072,150,7.4,1.1042,2,0,1,150
2005,6,21,13,4,1072,0,500,1.1042,2,1,0,0
2005,6,21,13,4,1072,100,35,1.1042,2,1,0,47.459269
2005,6,21,13,4,1072,150,7.4,1.1042,2,0,1,150
2005,6,21,14,4,1072,0,500,1.1042,2,1,0,0
2005,6,21,14,4,1072,100,35,1.1042,2,1,0,47.459269
2005,6,21,14,4,1072,150,7.4,1.1042,2,0,1,150
2005,6,21,15,4,1072,0,500,1.1042,2,1,0,0
2005,6,21,15,4,1072,100,35,1.1042,2,1,0,47.459269
2005,6,21,15,4,1072,150,7.4,1.1042,2,0,1,150
2005,6,21,16,4,1072,0,500,1.1042,2,1,0,0
2005,6,21,16,4,1072,100,35,1.1042,2,1,0,47.459269
2005,6,21,16,4,1072,150,7.4,1.1042,2,0,1,150
2005,6,21,17,4,1072,0,500,1.1042,2,1,0,0
2005,6,21,17,4,1072,100,35,1.1042,2,1,0,47.459269
2005,6,21,17,4,1072,150,7.4,1.1042,2,0,1,150
2005,6,21,18,4,1072,0,500,1.1042,2,1,0,0
2005,6,21,18,4,1072,100,35,1.1042,2,1,0,47.459269
2005,6,21,18,4,1072,150,7.4,1.1042,2,0,1,150
2005,6,21,19,4,1072,0,500,1.1042,2,1,0,0
2005,6,21,19,4,1072,100,35,1.1042,2,1,0,47.459269
2005,6,21,19,4,1072,150,7.4,1.1042,2,0,1,150
2005,6,21,20,4,1072,0,500,1.1042,2,1,0,0
2005,6,21,20,4,1072,100,15.3,1.1042,2,1,0,47.459269
2005,6,21,20,4,1072,150,7.4,1.1042,2,0,1,150
2005,6,21,21,4,1072,0,500,1.1042,2,1,0,0
2005,6,21,21,4,1072,100,35,1.1042,2,0,1,47.459269
2005,6,21,21,4,1072,150,7.4,1.1042,2,0,1,150
2005,6,21,22,4,1072,0,500,1.1042,2,1,0,0
2005,6,21,22,4,1072,100,35,1.1042,2,0,1,47.459269
2005,6,21,22,4,1072,150,7.4,1.1042,2,0,1,150
2005,6,21,23,4,1072,0,500,1.1042,2,1,0,0
2005,6,21,23,4,1072,100,35,1.1042,2,0,1,47.459269
2005,6,21,23,4,1072,150,7.4,1.1042,2,0,1,150
2005,6,21,24,4,1072,0,500,1.1042,2,1,0,0
2005,6,21,24,4,1072,100,35,1.1042,2,0,1,47.459269
2005,6,21,24,4,1072,150,7.4,1.1042,2,0,1,150
2005,6,21,1,9,174,0,9,0,2,1,0,0
2005,6,21,2,9,174,0,9,0,2,1,0,0
2005,6,21,3,9,174,0,9,0,2,1,0,0
2005,6,21,4,9,174,0,9,0,2,1,0,0
2005,6,21,5,9,174,0,9,0,2,1,0,0
2005,6,21,6,9,174,0,9,0,2,1,0,0
2005,6,21,7,9,174,0,9,0,2,1,0,0
2005,6,21,8,9,174,0,9,0,2,1,0,0
2005,6,21,9,9,174,0,9,0,2,1,0,0
2005,6,21,10,9,174,0,5.3,0,2,1,0,0
2005,6,21,11,9,174,0,5.3,0,2,1,0,0
2005,6,21,12,9,174,0,5.3,0,2,1,0,0
2005,6,21,13,9,174,0,9,0,2,1,0,0
2005,6,21,14,9,174,0,9,0,2,1,0,0
2005,6,21,15,9,174,0,9,0,2,1,0,0
2005,6,21,16,9,174,0,9,0,2,1,0,0
2005,6,21,17,9,174,0,5.3,0,2,1,0,0
2005,6,21,18,9,174,0,5.3,0,2,1,0,0
2005,6,21,19,9,174,0,5.3,0,2,1,0,0
2005,6,21,20,9,174,0,9,0,2,1,0,0
2005,6,21,21,9,174,0,9,0,2,1,0,0
2005,6,21,22,9,174,0,9,0,2,1,0,0
2005,6,21,23,9,174,0,9,0,2,1,0,0
2005,6,21,24,9,174,0,9,0,2,1,0,0
2005,6,21,1,2,175,54.98,73,0,1,0,1,54.98
2005,6,21,1,2,175,54.99,73,0,1,0,1,54.99
2005,6,21,1,2,175,55,56.5,0,1,1,0,55
2005,6,21,2,2,175,54.98,73,0,1,1,0,54.98
2005,6,21,2,2,175,54.99,73,0,1,1,0,54.99
2005,6,21,2,2,175,55,73,0,1,1,0,55
2005,6,21,3,2,175,54.98,73,0,1,1,0,54.98
2005,6,21,3,2,175,54.99,73,0,1,1,0,54.99
2005,6,21,3,2,175,55,73,0,1,1,0,55
2005,6,21,4,2,175,54.98,73,0,1,1,0,54.98
2005,6,21,4,2,175,54.99,73,0,1,1,0,54.99
2005,6,21,4,2,175,55,73,0,1,1,0,55
2005,6,21,5,2,175,54.98,73,0,1,1,0,54.98
2005,6,21,5,2,175,54.99,73,0,1,1,0,54.99
2005,6,21,5,2,175,55,73,0,1,1,0,55
2005,6,21,6,2,175,54.98,73,0,1,1,0,54.98
2005,6,21,6,2,175,54.99,73,0,1,1,0,54.99
2005,6,21,6,2,175,55,73,0,1,1,0,55
2005,6,21,7,2,175,54.98,73,0,1,1,0,54.98
2005,6,21,7,2,175,54.99,73,0,1,1,0,54.99
2005,6,21,7,2,175,55,73,0,1,1,0,55
2005,6,21,8,2,175,54.98,73,0,1,1,0,54.98
2005,6,21,8,2,175,54.99,73,0,1,1,0,54.99
2005,6,21,8,2,175,55,73,0,1,1,0,55
2005,6,21,9,2,175,54.98,73,0,1,0,1,54.98
2005,6,21,9,2,175,54.99,73,0,1,0,1,54.99
2005,6,21,9,2,175,55,73,0,1,0,1,55
2005,6,21,10,2,175,54.98,73,0,1,0,1,54.98
2005,6,21,10,2,175,54.99,73,0,1,0,1,54.99
2005,6,21,10,2,175,55,73,0,1,0,1,55
2005,6,21,11,2,175,41.98,73,0,1,0,1,41.98
2005,6,21,11,2,175,41.99,73,0,1,0,1,41.99
2005,6,21,11,2,175,42,73,0,1,0,1,42
2005,6,21,12,2,175,41.98,73,0,1,0,1,41.98
2005,6,21,12,2,175,41.99,73,0,1,0,1,41.99
2005,6,21,12,2,175,42,73,0,1,0,1,42
2005,6,21,13,2,175,41.98,73,0,1,0,1,41.98
2005,6,21,13,2,175,41.99,73,0,1,0,1,41.99
2005,6,21,13,2,175,42,73,0,1,0,1,42
2005,6,21,14,2,175,41.98,73,0,1,0,1,41.98
2005,6,21,14,2,175,41.99,73,0,1,0,1,41.99
2005,6,21,14,2,175,42,73,0,1,0,1,42
2005,6,21,15,2,175,41.98,73,0,1,0,1,41.98
2005,6,21,15,2,175,41.99,73,0,1,0,1,41.99
2005,6,21,15,2,175,42,73,0,1,0,1,42
2005,6,21,16,2,175,41.98,73,0,1,0,1,41.98
2005,6,21,16,2,175,41.99,73,0,1,0,1,41.99
2005,6,21,16,2,175,42,73,0,1,0,1,42
2005,6,21,17,2,175,41.98,73,0,1,0,1,41.98
2005,6,21,17,2,175,41.99,73,0,1,0,1,41.99
2005,6,21,17,2,175,42,73,0,1,0,1,42
2005,6,21,18,2,175,41.98,73,0,1,0,1,41.98
2005,6,21,18,2,175,41.99,73,0,1,0,1,41.99
2005,6,21,18,2,175,42,73,0,1,0,1,42
2005,6,21,19,2,175,41.98,73,0,1,0,1,41.98
2005,6,21,19,2,175,41.99,73,0,1,0,1,41.99
2005,6,21,19,2,175,42,73,0,1,0,1,42
2005,6,21,20,2,175,41.98,73,0,1,0,1,41.98
2005,6,21,20,2,175,41.99,73,0,1,0,1,41.99
2005,6,21,20,2,175,42,73,0,1,0,1,42
2005,6,21,21,2,175,41.98,73,0,1,0,1,41.98
2005,6,21,21,2,175,41.99,73,0,1,0,1,41.99
2005,6,21,21,2,175,42,73,0,1,0,1,42
2005,6,21,22,2,175,41.98,73,0,1,0,1,41.98
2005,6,21,22,2,175,41.99,73,0,1,0,1,41.99
2005,6,21,22,2,175,42,73,0,1,0,1,42
2005,6,21,23,2,175,54.98,73,0,1,0,1,54.98
2005,6,21,23,2,175,54.99,73,0,1,0,1,54.99
2005,6,21,23,2,175,55,73,0,1,0,1,55
2005,6,21,24,2,175,54.98,73,0,1,0,1,54.98
2005,6,21,24,2,175,54.99,73,0,1,0,1,54.99
2005,6,21,24,2,175,55,73,0,1,0,1,55
2005,6,21,11,2,176,73.75,16.2,0,2,1,0,73.75
2005,6,21,11,2,176,77.51,16.2,0,2,1,0,77.51
2005,6,21,11,2,176,81.27,16.2,0,2,1,0,81.27
2005,6,21,11,2,176,85.03,16.2,0,2,1,0,85.03
2005,6,21,12,2,176,74.51,16.2,0,2,1,0,74.51
2005,6,21,12,2,176,75.21,16.2,0,2,1,0,75.21
2005,6,21,12,2,176,75.91,16.2,0,2,1,0,75.91
2005,6,21,12,2,176,76.61,16.2,0,2,1,0,76.61
2005,6,21,13,2,176,74.51,16.2,0,2,1,0,74.51
2005,6,21,13,2,176,75.21,16.2,0,2,1,0,75.21
2005,6,21,13,2,176,75.91,16.2,0,2,1,0,75.91
2005,6,21,13,2,176,76.61,16.2,0,2,1,0,76.61
2005,6,21,14,2,176,74.51,16.2,0,2,1,0,74.51
2005,6,21,14,2,176,75.21,16.2,0,2,1,0,75.21
2005,6,21,14,2,176,75.91,16.2,0,2,1,0,75.91
2005,6,21,14,2,176,76.61,16.2,0,2,1,0,76.61
2005,6,21,17,2,176,74.51,16.2,0,2,1,0,74.51
2005,6,21,17,2,176,75.21,16.2,0,2,1,0,75.21
2005,6,21,17,2,176,75.91,16.2,0,2,1,0,75.91
2005,6,21,17,2,176,76.61,16.2,0,2,1,0,76.61
2005,6,21,18,2,176,74.51,16.2,0,2,1,0,74.51
2005,6,21,18,2,176,75.21,16.2,0,2,1,0,75.21
2005,6,21,18,2,176,75.91,16.2,0,2,1,0,75.91
2005,6,21,18,2,176,76.61,16.2,0,2,1,0,76.61
2005,6,21,19,2,176,74.51,16.2,0,2,1,0,74.51
2005,6,21,19,2,176,75.21,16.2,0,2,1,0,75.21
2005,6,21,19,2,176,75.91,16.2,0,2,1,0,75.91
2005,6,21,19,2,176,76.61,16.2,0,2,1,0,76.61
2005,6,21,20,2,176,74.51,16.2,0,2,1,0,74.51
2005,6,21,20,2,176,75.21,16.2,0,2,1,0,75.21
2005,6,21,20,2,176,75.91,16.2,0,2,1,0,75.91
2005,6,21,20,2,176,76.61,16.2,0,2,1,0,76.61
2005,6,21,21,2,176,71.47,16.2,0,2,1,0,71.47
2005,6,21,21,2,176,72.96,16.2,0,2,1,0,72.96
2005,6,21,21,2,176,74.45,16.2,0,2,1,0,74.45
2005,6,21,21,2,176,75.93,16.2,0,2,1,0,75.93
2005,6,21,1,9,177,0,1.3,0,2,1,0,0
2005,6,21,2,9,177,0,1.3,0,2,1,0,0
2005,6,21,3,9,177,0,1.6,0,2,1,0,0
2005,6,21,4,9,177,0,2.1,0,2,1,0,0
2005,6,21,5,9,177,0,2.9,0,2,1,0,0
2005,6,21,6,9,177,0,5.3,0,2,1,0,0
2005,6,21,7,9,177,0,6.3,0,2,1,0,0
2005,6,21,8,9,177,0,6.7,0,2,1,0,0
2005,6,21,9,9,177,0,6.7,0,2,1,0,0
2005,6,21,10,9,177,0,6.2,0,2,1,0,0
2005,6,21,11,9,177,0,5.2,0,2,1,0,0
2005,6,21,12,9,177,0,2.8,0,2,1,0,0
2005,6,21,13,9,177,0,2,0,2,1,0,0
2005,6,21,14,9,177,0,1.4,0,2,1,0,0
2005,6,21,15,9,177,0,1,0,2,1,0,0
2005,6,21,16,9,177,0,.9,0,2,1,0,0
2005,6,21,17,9,177,0,1,0,2,1,0,0
2005,6,21,18,9,177,0,1.4,0,2,1,0,0
2005,6,21,19,9,177,0,1.6,0,2,1,0,0
2005,6,21,20,9,177,0,2.2,0,2,1,0,0
2005,6,21,21,9,177,0,2.7,0,2,1,0,0
2005,6,21,22,9,177,0,3.3,0,2,1,0,0
2005,6,21,23,9,177,0,5.3,0,2,1,0,0
2005,6,21,24,9,177,0,6.2,0,2,1,0,0
2005,6,21,1,9,178,0,16.8,0,2,1,0,0
2005,6,21,2,9,178,0,16.9,0,2,1,0,0
2005,6,21,3,9,178,0,16.9,0,2,1,0,0
2005,6,21,4,9,178,0,16.9,0,2,1,0,0
2005,6,21,5,9,178,0,17,0,2,1,0,0
2005,6,21,6,9,178,0,17,0,2,1,0,0
2005,6,21,7,9,178,0,17,0,2,1,0,0
2005,6,21,8,9,178,0,17,0,2,1,0,0
2005,6,21,9,9,178,0,16.9,0,2,1,0,0
2005,6,21,10,9,178,0,16.9,0,2,1,0,0
2005,6,21,11,9,178,0,16.8,0,2,1,0,0
2005,6,21,12,9,178,0,16.8,0,2,1,0,0
2005,6,21,13,9,178,0,16.7,0,2,1,0,0
2005,6,21,14,9,178,0,16.7,0,2,1,0,0
2005,6,21,15,9,178,0,16.5,0,2,1,0,0
2005,6,21,16,9,178,0,16.4,0,2,1,0,0
2005,6,21,17,9,178,0,16.4,0,2,1,0,0
2005,6,21,18,9,178,0,16.5,0,2,1,0,0
2005,6,21,19,9,178,0,16.6,0,2,1,0,0
2005,6,21,20,9,178,0,16.6,0,2,1,0,0
2005,6,21,21,9,178,0,16.6,0,2,1,0,0
2005,6,21,22,9,178,0,16.7,0,2,1,0,0
2005,6,21,23,9,178,0,16.7,0,2,1,0,0
2005,6,21,24,9,178,0,16.8,0,2,1,0,0
2005,6,21,1,1,179,42.75,190,0,1,0,0,42.75
2005,6,21,1,1,179,43.05,190,0,1,0,0,43.05
2005,6,21,2,1,179,42.75,190,0,1,0,0,42.75
2005,6,21,2,1,179,43.05,190,0,1,0,0,43.05
2005,6,21,3,1,179,42.75,190,0,1,1,0,42.75
2005,6,21,3,1,179,43.05,190,0,1,1,0,43.05
2005,6,21,4,1,179,42.75,190,0,1,1,0,42.75
2005,6,21,4,1,179,43.05,190,0,1,1,0,43.05
2005,6,21,5,1,179,42.75,190,0,1,1,0,42.75
2005,6,21,5,1,179,43.05,190,0,1,1,0,43.05
2005,6,21,6,1,179,42.75,190,0,1,1,0,42.75
2005,6,21,6,1,179,43.05,190,0,1,1,0,43.05
2005,6,21,7,1,179,42.75,190,0,1,1,0,42.75
2005,6,21,7,1,179,43.05,190,0,1,1,0,43.05
2005,6,21,8,1,179,42.75,190,0,1,0,0,42.75
2005,6,21,8,1,179,43.05,190,0,1,0,0,43.05
2005,6,21,9,1,179,39.65,190,0,1,0,0,39.65
2005,6,21,9,1,179,39.75,190,0,1,0,0,39.75
2005,6,21,10,1,179,39.65,190,0,1,0,0,39.65
2005,6,21,10,1,179,39.75,190,0,1,0,0,39.75
2005,6,21,11,1,179,39.65,190,0,1,0,0,39.65
2005,6,21,11,1,179,39.75,190,0,1,0,0,39.75
2005,6,21,12,1,179,39.65,190,0,1,0,0,39.65
2005,6,21,12,1,179,39.75,190,0,1,0,0,39.75
2005,6,21,13,1,179,39.65,190,0,1,0,0,39.65
2005,6,21,13,1,179,39.75,190,0,1,0,0,39.75
2005,6,21,14,1,179,39.65,190,0,1,0,0,39.65
2005,6,21,14,1,179,39.75,190,0,1,0,0,39.75
2005,6,21,15,1,179,39.65,190,0,1,0,0,39.65
2005,6,21,15,1,179,39.75,190,0,1,0,0,39.75
2005,6,21,16,1,179,39.65,190,0,1,0,0,39.65
2005,6,21,16,1,179,39.75,190,0,1,0,0,39.75
2005,6,21,17,1,179,39.65,190,0,1,0,0,39.65
2005,6,21,17,1,179,39.75,190,0,1,0,0,39.75
2005,6,21,18,1,179,39.65,190,0,1,0,0,39.65
2005,6,21,18,1,179,39.75,190,0,1,0,0,39.75
2005,6,21,19,1,179,39.65,190,0,1,0,0,39.65
2005,6,21,19,1,179,39.75,190,0,1,0,0,39.75
2005,6,21,20,1,179,39.65,190,0,1,0,0,39.65
2005,6,21,20,1,179,39.75,190,0,1,0,0,39.75
2005,6,21,21,1,179,39.65,190,0,1,0,0,39.65
2005,6,21,21,1,179,39.75,190,0,1,0,0,39.75
2005,6,21,22,1,179,39.65,190,0,1,0,0,39.65
2005,6,21,22,1,179,39.75,190,0,1,0,0,39.75
2005,6,21,23,1,179,39.65,190,0,1,0,0,39.65
2005,6,21,23,1,179,39.75,190,0,1,0,0,39.75
2005,6,21,24,1,179,39.65,190,0,1,0,0,39.65
2005,6,21,24,1,179,39.75,190,0,1,0,0,39.75
2005,6,21,1,1,180,66.05,100,0,2,0,0,66.05
2005,6,21,1,1,180,66.55,25,0,2,0,0,66.55
2005,6,21,1,1,180,67.05,25,0,2,0,0,67.05
2005,6,21,1,1,180,67.55,25,0,2,0,0,67.55
2005,6,21,1,1,180,68.05,25,0,2,0,0,68.05
2005,6,21,1,1,180,69.05,25,0,2,0,0,69.05
2005,6,21,1,1,180,70.05,25,0,2,0,0,70.05
2005,6,21,1,1,180,71.05,25,0,2,0,0,71.05
2005,6,21,1,1,180,72.05,25,0,2,0,0,72.05
2005,6,21,1,1,180,73.05,25,0,2,0,0,73.05
2005,6,21,1,1,180,74.05,25,0,2,0,0,74.05
2005,6,21,1,1,180,75.05,25,0,2,0,0,75.05
2005,6,21,1,1,180,76.05,25,0,2,0,0,76.05
2005,6,21,2,1,180,66.05,100,0,2,0,0,66.05
2005,6,21,2,1,180,66.55,25,0,2,0,0,66.55
2005,6,21,2,1,180,67.05,25,0,2,0,0,67.05
2005,6,21,2,1,180,67.55,25,0,2,0,0,67.55
2005,6,21,2,1,180,68.05,25,0,2,0,0,68.05
2005,6,21,2,1,180,69.05,25,0,2,0,0,69.05
2005,6,21,2,1,180,70.05,25,0,2,0,0,70.05
2005,6,21,2,1,180,71.05,25,0,2,0,0,71.05
2005,6,21,2,1,180,72.05,25,0,2,0,0,72.05
2005,6,21,2,1,180,73.05,25,0,2,0,0,73.05
2005,6,21,2,1,180,74.05,25,0,2,0,0,74.05
2005,6,21,2,1,180,75.05,25,0,2,0,0,75.05
2005,6,21,2,1,180,76.05,25,0,2,0,0,76.05
2005,6,21,3,1,180,66.05,100,0,2,0,0,66.05
2005,6,21,3,1,180,66.55,25,0,2,0,0,66.55
2005,6,21,3,1,180,67.05,25,0,2,0,0,67.05
2005,6,21,3,1,180,67.55,25,0,2,0,0,67.55
2005,6,21,3,1,180,68.05,25,0,2,0,0,68.05
2005,6,21,3,1,180,69.05,25,0,2,0,0,69.05
2005,6,21,3,1,180,70.05,25,0,2,0,0,70.05
2005,6,21,3,1,180,71.05,25,0,2,0,0,71.05
2005,6,21,3,1,180,72.05,25,0,2,0,0,72.05
2005,6,21,3,1,180,73.05,25,0,2,0,0,73.05
2005,6,21,3,1,180,74.05,25,0,2,0,0,74.05
2005,6,21,3,1,180,75.05,25,0,2,0,0,75.05
2005,6,21,3,1,180,76.05,25,0,2,0,0,76.05
2005,6,21,4,1,180,66.05,100,0,2,0,0,66.05
2005,6,21,4,1,180,66.55,25,0,2,0,0,66.55
2005,6,21,4,1,180,67.05,25,0,2,0,0,67.05
2005,6,21,4,1,180,67.55,25,0,2,0,0,67.55
2005,6,21,4,1,180,68.05,25,0,2,0,0,68.05
2005,6,21,4,1,180,69.05,25,0,2,0,0,69.05
2005,6,21,4,1,180,70.05,25,0,2,0,0,70.05
2005,6,21,4,1,180,71.05,25,0,2,0,0,71.05
2005,6,21,4,1,180,72.05,25,0,2,0,0,72.05
2005,6,21,4,1,180,73.05,25,0,2,0,0,73.05
2005,6,21,4,1,180,74.05,25,0,2,0,0,74.05
2005,6,21,4,1,180,75.05,25,0,2,0,0,75.05
2005,6,21,4,1,180,76.05,25,0,2,0,0,76.05
2005,6,21,5,1,180,66.05,100,0,2,0,0,66.05
2005,6,21,5,1,180,66.55,25,0,2,0,0,66.55
2005,6,21,5,1,180,67.05,25,0,2,0,0,67.05
2005,6,21,5,1,180,67.55,25,0,2,0,0,67.55
2005,6,21,5,1,180,68.05,25,0,2,0,0,68.05
2005,6,21,5,1,180,69.05,25,0,2,0,0,69.05
2005,6,21,5,1,180,70.05,25,0,2,0,0,70.05
2005,6,21,5,1,180,71.05,25,0,2,0,0,71.05
2005,6,21,5,1,180,72.05,25,0,2,0,0,72.05
2005,6,21,5,1,180,73.05,25,0,2,0,0,73.05
2005,6,21,5,1,180,74.05,25,0,2,0,0,74.05
2005,6,21,5,1,180,75.05,25,0,2,0,0,75.05
2005,6,21,5,1,180,76.05,25,0,2,0,0,76.05
2005,6,21,6,1,180,66.05,100,0,2,0,0,66.05
2005,6,21,6,1,180,66.55,25,0,2,0,0,66.55
2005,6,21,6,1,180,67.05,25,0,2,0,0,67.05
2005,6,21,6,1,180,67.55,25,0,2,0,0,67.55
2005,6,21,6,1,180,68.05,25,0,2,0,0,68.05
2005,6,21,6,1,180,69.05,25,0,2,0,0,69.05
2005,6,21,6,1,180,70.05,25,0,2,0,0,70.05
2005,6,21,6,1,180,71.05,25,0,2,0,0,71.05
2005,6,21,6,1,180,72.05,25,0,2,0,0,72.05
2005,6,21,6,1,180,73.05,25,0,2,0,0,73.05
2005,6,21,6,1,180,74.05,25,0,2,0,0,74.05
2005,6,21,6,1,180,75.05,25,0,2,0,0,75.05
2005,6,21,6,1,180,76.05,25,0,2,0,0,76.05
2005,6,21,7,1,180,66.05,100,0,2,0,0,66.05
2005,6,21,7,1,180,66.55,25,0,2,0,0,66.55
2005,6,21,7,1,180,67.05,25,0,2,0,0,67.05
2005,6,21,7,1,180,67.55,25,0,2,0,0,67.55
2005,6,21,7,1,180,68.05,25,0,2,0,0,68.05
2005,6,21,7,1,180,69.05,25,0,2,0,0,69.05
2005,6,21,7,1,180,70.05,25,0,2,0,0,70.05
2005,6,21,7,1,180,71.05,25,0,2,0,0,71.05
2005,6,21,7,1,180,72.05,25,0,2,0,0,72.05
2005,6,21,7,1,180,73.05,25,0,2,0,0,73.05
2005,6,21,7,1,180,74.05,25,0,2,0,0,74.05
2005,6,21,7,1,180,75.05,25,0,2,0,0,75.05
2005,6,21,7,1,180,76.05,25,0,2,0,0,76.05
2005,6,21,8,1,180,66.05,100,0,2,0,0,66.05
2005,6,21,8,1,180,66.55,25,0,2,0,0,66.55
2005,6,21,8,1,180,67.05,25,0,2,0,0,67.05
2005,6,21,8,1,180,67.55,25,0,2,0,0,67.55
2005,6,21,8,1,180,68.05,25,0,2,0,0,68.05
2005,6,21,8,1,180,69.05,25,0,2,0,0,69.05
2005,6,21,8,1,180,70.05,25,0,2,0,0,70.05
2005,6,21,8,1,180,71.05,25,0,2,0,0,71.05
2005,6,21,8,1,180,72.05,25,0,2,0,0,72.05
2005,6,21,8,1,180,73.05,25,0,2,0,0,73.05
2005,6,21,8,1,180,74.05,25,0,2,0,0,74.05
2005,6,21,8,1,180,75.05,25,0,2,0,0,75.05
2005,6,21,8,1,180,76.05,25,0,2,0,0,76.05
2005,6,21,9,1,180,66.05,100,0,2,0,0,66.05
2005,6,21,9,1,180,66.55,25,0,2,0,0,66.55
2005,6,21,9,1,180,67.05,25,0,2,0,0,67.05
2005,6,21,9,1,180,67.55,25,0,2,0,0,67.55
2005,6,21,9,1,180,68.05,25,0,2,0,0,68.05
2005,6,21,9,1,180,69.05,25,0,2,0,0,69.05
2005,6,21,9,1,180,70.05,25,0,2,0,0,70.05
2005,6,21,9,1,180,71.05,25,0,2,0,0,71.05
2005,6,21,9,1,180,72.05,25,0,2,0,0,72.05
2005,6,21,9,1,180,73.05,25,0,2,0,0,73.05
2005,6,21,9,1,180,74.05,25,0,2,0,0,74.05
2005,6,21,9,1,180,75.05,25,0,2,0,0,75.05
2005,6,21,9,1,180,76.05,25,0,2,0,0,76.05
2005,6,21,10,1,180,66.05,100,0,2,1,0,66.05
2005,6,21,10,1,180,66.55,25,0,2,1,0,66.55
2005,6,21,10,1,180,67.05,25,0,2,1,0,67.05
2005,6,21,10,1,180,67.55,25,0,2,1,0,67.55
2005,6,21,10,1,180,68.05,25,0,2,1,0,68.05
2005,6,21,10,1,180,69.05,25,0,2,1,0,69.05
2005,6,21,10,1,180,70.05,25,0,2,1,0,70.05
2005,6,21,10,1,180,71.05,25,0,2,1,0,71.05
2005,6,21,10,1,180,72.05,25,0,2,1,0,72.05
2005,6,21,10,1,180,73.05,25,0,2,1,0,73.05
2005,6,21,10,1,180,74.05,25,0,2,1,0,74.05
2005,6,21,10,1,180,75.05,25,0,2,1,0,75.05
2005,6,21,10,1,180,76.05,25,0,2,1,0,76.05
2005,6,21,11,1,180,66.05,100,0,2,1,0,66.05
2005,6,21,11,1,180,66.55,25,0,2,1,0,66.55
2005,6,21,11,1,180,67.05,25,0,2,1,0,67.05
2005,6,21,11,1,180,67.55,25,0,2,1,0,67.55
2005,6,21,11,1,180,68.05,25,0,2,1,0,68.05
2005,6,21,11,1,180,69.05,25,0,2,1,0,69.05
2005,6,21,11,1,180,70.05,25,0,2,1,0,70.05
2005,6,21,11,1,180,71.05,25,0,2,1,0,71.05
2005,6,21,11,1,180,72.05,25,0,2,1,0,72.05
2005,6,21,11,1,180,73.05,25,0,2,1,0,73.05
2005,6,21,11,1,180,74.05,25,0,2,1,0,74.05
2005,6,21,11,1,180,75.05,25,0,2,1,0,75.05
2005,6,21,11,1,180,76.05,25,0,2,1,0,76.05
2005,6,21,12,1,180,66.05,100,0,2,1,0,66.05
2005,6,21,12,1,180,66.55,25,0,2,1,0,66.55
2005,6,21,12,1,180,67.05,25,0,2,1,0,67.05
2005,6,21,12,1,180,67.55,25,0,2,1,0,67.55
2005,6,21,12,1,180,68.05,25,0,2,1,0,68.05
2005,6,21,12,1,180,69.05,25,0,2,1,0,69.05
2005,6,21,12,1,180,70.05,25,0,2,1,0,70.05
2005,6,21,12,1,180,71.05,25,0,2,1,0,71.05
2005,6,21,12,1,180,72.05,25,0,2,1,0,72.05
2005,6,21,12,1,180,73.05,25,0,2,1,0,73.05
2005,6,21,12,1,180,74.05,25,0,2,1,0,74.05
2005,6,21,12,1,180,75.05,25,0,2,1,0,75.05
2005,6,21,12,1,180,76.05,25,0,2,1,0,76.05
2005,6,21,13,1,180,66.05,100,0,2,1,0,66.05
2005,6,21,13,1,180,66.55,25,0,2,1,0,66.55
2005,6,21,13,1,180,67.05,25,0,2,1,0,67.05
2005,6,21,13,1,180,67.55,25,0,2,1,0,67.55
2005,6,21,13,1,180,68.05,25,0,2,1,0,68.05
2005,6,21,13,1,180,69.05,25,0,2,1,0,69.05
2005,6,21,13,1,180,70.05,25,0,2,1,0,70.05
2005,6,21,13,1,180,71.05,25,0,2,1,0,71.05
2005,6,21,13,1,180,72.05,25,0,2,1,0,72.05
2005,6,21,13,1,180,73.05,25,0,2,1,0,73.05
2005,6,21,13,1,180,74.05,25,0,2,1,0,74.05
2005,6,21,13,1,180,75.05,25,0,2,1,0,75.05
2005,6,21,13,1,180,76.05,25,0,2,1,0,76.05
2005,6,21,14,1,180,66.05,100,0,2,1,0,66.05
2005,6,21,14,1,180,66.55,25,0,2,1,0,66.55
2005,6,21,14,1,180,67.05,25,0,2,1,0,67.05
2005,6,21,14,1,180,67.55,25,0,2,1,0,67.55
2005,6,21,14,1,180,68.05,25,0,2,1,0,68.05
2005,6,21,14,1,180,69.05,25,0,2,1,0,69.05
2005,6,21,14,1,180,70.05,25,0,2,1,0,70.05
2005,6,21,14,1,180,71.05,25,0,2,1,0,71.05
2005,6,21,14,1,180,72.05,25,0,2,1,0,72.05
2005,6,21,14,1,180,73.05,25,0,2,1,0,73.05
2005,6,21,14,1,180,74.05,25,0,2,1,0,74.05
2005,6,21,14,1,180,75.05,25,0,2,1,0,75.05
2005,6,21,14,1,180,76.05,25,0,2,1,0,76.05
2005,6,21,15,1,180,66.05,100,0,2,1,0,66.05
2005,6,21,15,1,180,66.55,25,0,2,1,0,66.55
2005,6,21,15,1,180,67.05,25,0,2,1,0,67.05
2005,6,21,15,1,180,67.55,25,0,2,1,0,67.55
2005,6,21,15,1,180,68.05,25,0,2,1,0,68.05
2005,6,21,15,1,180,69.05,25,0,2,1,0,69.05
2005,6,21,15,1,180,70.05,25,0,2,1,0,70.05
2005,6,21,15,1,180,71.05,25,0,2,1,0,71.05
2005,6,21,15,1,180,72.05,25,0,2,1,0,72.05
2005,6,21,15,1,180,73.05,25,0,2,1,0,73.05
2005,6,21,15,1,180,74.05,25,0,2,1,0,74.05
2005,6,21,15,1,180,75.05,25,0,2,1,0,75.05
2005,6,21,15,1,180,76.05,25,0,2,1,0,76.05
2005,6,21,16,1,180,66.05,100,0,2,1,0,66.05
2005,6,21,16,1,180,66.55,25,0,2,1,0,66.55
2005,6,21,16,1,180,67.05,25,0,2,1,0,67.05
2005,6,21,16,1,180,67.55,25,0,2,1,0,67.55
2005,6,21,16,1,180,68.05,25,0,2,1,0,68.05
2005,6,21,16,1,180,69.05,25,0,2,1,0,69.05
2005,6,21,16,1,180,70.05,25,0,2,1,0,70.05
2005,6,21,16,1,180,71.05,25,0,2,1,0,71.05
2005,6,21,16,1,180,72.05,25,0,2,1,0,72.05
2005,6,21,16,1,180,73.05,25,0,2,1,0,73.05
2005,6,21,16,1,180,74.05,25,0,2,1,0,74.05
2005,6,21,16,1,180,75.05,25,0,2,1,0,75.05
2005,6,21,16,1,180,76.05,25,0,2,1,0,76.05
2005,6,21,17,1,180,66.05,100,0,2,1,0,66.05
2005,6,21,17,1,180,66.55,25,0,2,1,0,66.55
2005,6,21,17,1,180,67.05,25,0,2,1,0,67.05
2005,6,21,17,1,180,67.55,25,0,2,1,0,67.55
2005,6,21,17,1,180,68.05,25,0,2,1,0,68.05
2005,6,21,17,1,180,69.05,25,0,2,1,0,69.05
2005,6,21,17,1,180,70.05,25,0,2,1,0,70.05
2005,6,21,17,1,180,71.05,25,0,2,1,0,71.05
2005,6,21,17,1,180,72.05,25,0,2,1,0,72.05
2005,6,21,17,1,180,73.05,25,0,2,1,0,73.05
2005,6,21,17,1,180,74.05,25,0,2,1,0,74.05
2005,6,21,17,1,180,75.05,25,0,2,1,0,75.05
2005,6,21,17,1,180,76.05,25,0,2,1,0,76.05
2005,6,21,18,1,180,66.05,100,0,2,1,0,66.05
2005,6,21,18,1,180,66.55,25,0,2,1,0,66.55
2005,6,21,18,1,180,67.05,25,0,2,1,0,67.05
2005,6,21,18,1,180,67.55,25,0,2,1,0,67.55
2005,6,21,18,1,180,68.05,25,0,2,1,0,68.05
2005,6,21,18,1,180,69.05,25,0,2,1,0,69.05
2005,6,21,18,1,180,70.05,25,0,2,1,0,70.05
2005,6,21,18,1,180,71.05,25,0,2,1,0,71.05
2005,6,21,18,1,180,72.05,25,0,2,1,0,72.05
2005,6,21,18,1,180,73.05,25,0,2,1,0,73.05
2005,6,21,18,1,180,74.05,25,0,2,1,0,74.05
2005,6,21,18,1,180,75.05,25,0,2,1,0,75.05
2005,6,21,18,1,180,76.05,25,0,2,1,0,76.05
2005,6,21,19,1,180,66.05,100,0,2,1,0,66.05
2005,6,21,19,1,180,66.55,25,0,2,1,0,66.55
2005,6,21,19,1,180,67.05,25,0,2,1,0,67.05
2005,6,21,19,1,180,67.55,25,0,2,1,0,67.55
2005,6,21,19,1,180,68.05,25,0,2,1,0,68.05
2005,6,21,19,1,180,69.05,25,0,2,1,0,69.05
2005,6,21,19,1,180,70.05,25,0,2,1,0,70.05
2005,6,21,19,1,180,71.05,25,0,2,1,0,71.05
2005,6,21,19,1,180,72.05,25,0,2,1,0,72.05
2005,6,21,19,1,180,73.05,25,0,2,1,0,73.05
2005,6,21,19,1,180,74.05,25,0,2,1,0,74.05
2005,6,21,19,1,180,75.05,25,0,2,1,0,75.05
2005,6,21,19,1,180,76.05,25,0,2,1,0,76.05
2005,6,21,20,1,180,66.05,100,0,2,1,0,66.05
2005,6,21,20,1,180,66.55,25,0,2,1,0,66.55
2005,6,21,20,1,180,67.05,25,0,2,1,0,67.05
2005,6,21,20,1,180,67.55,25,0,2,1,0,67.55
2005,6,21,20,1,180,68.05,25,0,2,1,0,68.05
2005,6,21,20,1,180,69.05,25,0,2,1,0,69.05
2005,6,21,20,1,180,70.05,25,0,2,1,0,70.05
2005,6,21,20,1,180,71.05,25,0,2,1,0,71.05
2005,6,21,20,1,180,72.05,25,0,2,1,0,72.05
2005,6,21,20,1,180,73.05,25,0,2,1,0,73.05
2005,6,21,20,1,180,74.05,25,0,2,1,0,74.05
2005,6,21,20,1,180,75.05,25,0,2,1,0,75.05
2005,6,21,20,1,180,76.05,25,0,2,1,0,76.05
2005,6,21,21,1,180,66.05,100,0,2,1,0,66.05
2005,6,21,21,1,180,66.55,25,0,2,1,0,66.55
2005,6,21,21,1,180,67.05,25,0,2,1,0,67.05
2005,6,21,21,1,180,67.55,25,0,2,1,0,67.55
2005,6,21,21,1,180,68.05,25,0,2,1,0,68.05
2005,6,21,21,1,180,69.05,25,0,2,1,0,69.05
2005,6,21,21,1,180,70.05,25,0,2,1,0,70.05
2005,6,21,21,1,180,71.05,25,0,2,1,0,71.05
2005,6,21,21,1,180,72.05,25,0,2,1,0,72.05
2005,6,21,21,1,180,73.05,25,0,2,1,0,73.05
2005,6,21,21,1,180,74.05,25,0,2,1,0,74.05
2005,6,21,21,1,180,75.05,25,0,2,1,0,75.05
2005,6,21,21,1,180,76.05,25,0,2,1,0,76.05
2005,6,21,22,1,180,66.05,100,0,2,1,0,66.05
2005,6,21,22,1,180,66.55,25,0,2,1,0,66.55
2005,6,21,22,1,180,67.05,25,0,2,1,0,67.05
2005,6,21,22,1,180,67.55,25,0,2,1,0,67.55
2005,6,21,22,1,180,68.05,25,0,2,1,0,68.05
2005,6,21,22,1,180,69.05,25,0,2,1,0,69.05
2005,6,21,22,1,180,70.05,25,0,2,1,0,70.05
2005,6,21,22,1,180,71.05,25,0,2,1,0,71.05
2005,6,21,22,1,180,72.05,25,0,2,1,0,72.05
2005,6,21,22,1,180,73.05,25,0,2,1,0,73.05
2005,6,21,22,1,180,74.05,25,0,2,1,0,74.05
2005,6,21,22,1,180,75.05,25,0,2,1,0,75.05
2005,6,21,22,1,180,76.05,25,0,2,1,0,76.05
2005,6,21,23,1,180,66.05,100,0,2,1,0,66.05
2005,6,21,23,1,180,66.55,25,0,2,1,0,66.55
2005,6,21,23,1,180,67.05,25,0,2,1,0,67.05
2005,6,21,23,1,180,67.55,25,0,2,1,0,67.55
2005,6,21,23,1,180,68.05,25,0,2,1,0,68.05
2005,6,21,23,1,180,69.05,25,0,2,1,0,69.05
2005,6,21,23,1,180,70.05,25,0,2,1,0,70.05
2005,6,21,23,1,180,71.05,25,0,2,1,0,71.05
2005,6,21,23,1,180,72.05,25,0,2,1,0,72.05
2005,6,21,23,1,180,73.05,25,0,2,1,0,73.05
2005,6,21,23,1,180,74.05,25,0,2,1,0,74.05
2005,6,21,23,1,180,75.05,25,0,2,1,0,75.05
2005,6,21,23,1,180,76.05,25,0,2,1,0,76.05
2005,6,21,24,1,180,66.05,100,0,2,0,0,66.05
2005,6,21,24,1,180,66.55,25,0,2,0,0,66.55
2005,6,21,24,1,180,67.05,25,0,2,0,0,67.05
2005,6,21,24,1,180,67.55,25,0,2,0,0,67.55
2005,6,21,24,1,180,68.05,25,0,2,0,0,68.05
2005,6,21,24,1,180,69.05,25,0,2,0,0,69.05
2005,6,21,24,1,180,70.05,25,0,2,0,0,70.05
2005,6,21,24,1,180,71.05,25,0,2,0,0,71.05
2005,6,21,24,1,180,72.05,25,0,2,0,0,72.05
2005,6,21,24,1,180,73.05,25,0,2,0,0,73.05
2005,6,21,24,1,180,74.05,25,0,2,0,0,74.05
2005,6,21,24,1,180,75.05,25,0,2,0,0,75.05
2005,6,21,24,1,180,76.05,25,0,2,0,0,76.05
2005,6,21,1,9,181,180.3,11.5,0,1,1,0,180.3
2005,6,21,2,9,181,180.3,11.1,0,1,1,0,180.3
2005,6,21,3,9,181,180.3,12.8,0,1,1,0,180.3
2005,6,21,4,9,181,180.3,11.7,0,1,1,0,180.3
2005,6,21,5,9,181,180.3,12.2,0,1,1,0,180.3
2005,6,21,6,9,181,180.3,12.8,0,1,1,0,180.3
2005,6,21,7,9,181,180.3,11,0,1,1,0,180.3
2005,6,21,8,9,181,180.3,9.8,0,1,1,0,180.3
2005,6,21,9,9,181,180.3,11.4,0,1,1,0,180.3
2005,6,21,10,9,181,180.3,8.6,0,1,1,0,180.3
2005,6,21,11,9,181,180.3,10.9,0,1,1,0,180.3
2005,6,21,12,9,181,180.3,12.1,0,1,1,0,180.3
2005,6,21,13,9,181,180.3,13.2,0,1,1,0,180.3
2005,6,21,14,9,181,180.3,10.8,0,1,1,0,180.3
2005,6,21,15,9,181,180.3,4.6,0,1,1,0,180.3
2005,6,21,16,9,181,180.3,4.7,0,1,1,0,180.3
2005,6,21,17,9,181,180.3,10.3,0,1,1,0,180.3
2005,6,21,18,9,181,180.3,4.4,0,1,1,0,180.3
2005,6,21,19,9,181,180.3,4.4,0,1,1,0,180.3
2005,6,21,20,9,181,180.3,6.8,0,1,1,0,180.3
2005,6,21,21,9,181,180.3,11,0,1,1,0,180.3
2005,6,21,22,9,181,180.3,10.5,0,1,1,0,180.3
2005,6,21,23,9,181,180.3,11.3,0,1,1,0,180.3
2005,6,21,24,9,181,180.3,12.1,0,1,1,0,180.3
2005,6,21,1,8,182,150,11.8,0,1,1,0,150
2005,6,21,2,8,182,150,10.1,0,1,1,0,150
2005,6,21,3,8,182,150,9.1,0,1,1,0,150
2005,6,21,4,8,182,150,9.1,0,1,1,0,150
2005,6,21,5,8,182,150,9.2,0,1,1,0,150
2005,6,21,6,8,182,150,11.2,0,1,1,0,150
2005,6,21,7,8,182,150,18.1,0,1,1,0,150
2005,6,21,8,8,182,150,28,0,1,1,0,150
2005,6,21,9,8,182,150,10.8,0,1,1,0,150
2005,6,21,10,8,182,150,10.2,0,1,1,0,150
2005,6,21,11,8,182,150,12.9,0,1,1,0,150
2005,6,21,12,8,182,150,13.4,0,1,1,0,150
2005,6,21,13,8,182,150,14,0,1,1,0,150
2005,6,21,14,8,182,150,13.9,0,1,1,0,150
2005,6,21,15,8,182,150,9.2,0,1,1,0,150
2005,6,21,16,8,182,150,10.1,0,1,1,0,150
2005,6,21,17,8,182,150,12.3,0,1,1,0,150
2005,6,21,18,8,182,150,11.4,0,1,1,0,150
2005,6,21,19,8,182,150,10.8,0,1,1,0,150
2005,6,21,20,8,182,150,9,0,1,1,0,150
2005,6,21,21,8,182,150,8.6,0,1,1,0,150
2005,6,21,22,8,182,150,5.6,0,1,1,0,150
2005,6,21,23,8,182,150,5,0,1,1,0,150
2005,6,21,24,8,182,150,4,0,1,1,0,150
2005,6,21,1,8,183,0,3.4,0,2,1,0,0
2005,6,21,2,8,183,0,3.4,0,2,1,0,0
2005,6,21,3,8,183,0,3.4,0,2,1,0,0
2005,6,21,4,8,183,0,3.4,0,2,1,0,0
2005,6,21,5,8,183,0,3.4,0,2,1,0,0
2005,6,21,6,8,183,0,3.4,0,2,1,0,0
2005,6,21,7,8,183,0,3,0,2,1,0,0
2005,6,21,8,8,183,0,3,0,2,1,0,0
2005,6,21,9,8,183,0,3,0,2,1,0,0
2005,6,21,10,8,183,0,3,0,2,1,0,0
2005,6,21,11,8,183,0,2.9,0,2,1,0,0
2005,6,21,12,8,183,0,2.9,0,2,1,0,0
2005,6,21,13,8,183,0,2.9,0,2,1,0,0
2005,6,21,14,8,183,0,2.9,0,2,1,0,0
2005,6,21,15,8,183,0,2.9,0,2,1,0,0
2005,6,21,16,8,183,0,2.9,0,2,1,0,0
2005,6,21,17,8,183,0,2.9,0,2,1,0,0
2005,6,21,18,8,183,0,3,0,2,1,0,0
2005,6,21,19,8,183,0,3.1,0,2,1,0,0
2005,6,21,20,8,183,0,3.1,0,2,1,0,0
2005,6,21,21,8,183,0,3.1,0,2,1,0,0
2005,6,21,22,8,183,0,3.1,0,2,1,0,0
2005,6,21,23,8,183,0,3.3,0,2,1,0,0
2005,6,21,24,8,183,0,3.3,0,2,1,0,0
2005,6,21,1,9,184,180.3,7.7,0,1,1,0,180.3
2005,6,21,2,9,184,180.3,7.7,0,1,1,0,180.3
2005,6,21,3,9,184,180.3,7.7,0,1,1,0,180.3
2005,6,21,4,9,184,180.3,7.7,0,1,1,0,180.3
2005,6,21,5,9,184,180.3,7.7,0,1,1,0,180.3
2005,6,21,6,9,184,180.3,7.7,0,1,1,0,180.3
2005,6,21,7,9,184,180.3,7.8,0,1,1,0,180.3
2005,6,21,8,9,184,180.3,7.8,0,1,1,0,180.3
2005,6,21,9,9,184,180.3,8,0,1,1,0,180.3
2005,6,21,10,9,184,180.3,8.4,0,1,1,0,180.3
2005,6,21,11,9,184,180.3,8.5,0,1,1,0,180.3
2005,6,21,12,9,184,180.3,8.5,0,1,1,0,180.3
2005,6,21,13,9,184,180.3,8.5,0,1,1,0,180.3
2005,6,21,14,9,184,180.3,8,0,1,1,0,180.3
2005,6,21,15,9,184,180.3,7.9,0,1,1,0,180.3
2005,6,21,16,9,184,180.3,7.9,0,1,1,0,180.3
2005,6,21,17,9,184,180.3,7.9,0,1,1,0,180.3
2005,6,21,18,9,184,180.3,8,0,1,1,0,180.3
2005,6,21,19,9,184,180.3,7.9,0,1,1,0,180.3
2005,6,21,20,9,184,180.3,7.9,0,1,1,0,180.3
2005,6,21,21,9,184,180.3,7.9,0,1,1,0,180.3
2005,6,21,22,9,184,180.3,7.8,0,1,1,0,180.3
2005,6,21,23,9,184,180.3,7.8,0,1,1,0,180.3
2005,6,21,24,9,184,180.3,7.8,0,1,1,0,180.3
2005,6,21,1,4,1073,1,35,1.03173,2,1,0,1
2005,6,21,1,4,1073,150,16.9,1.03173,2,0,0,150
2005,6,21,2,4,1073,1,35,1.03173,2,1,0,1
2005,6,21,2,4,1073,150,16.9,1.03173,2,0,0,150
2005,6,21,3,4,1073,1,35,1.03173,2,1,0,1
2005,6,21,3,4,1073,150,16.9,1.03173,2,0,0,150
2005,6,21,4,4,1073,1,35,1.03173,2,1,0,1
2005,6,21,4,4,1073,150,16.9,1.03173,2,0,0,150
2005,6,21,5,4,1073,1,35,1.03173,2,1,0,1
2005,6,21,5,4,1073,150,16.9,1.03173,2,0,0,150
2005,6,21,6,4,1073,1,35,1.03173,2,1,0,1
2005,6,21,6,4,1073,150,16.9,1.03173,2,0,0,150
2005,6,21,7,4,1073,1,35,1.03173,2,1,0,1
2005,6,21,7,4,1073,150,16.9,1.03173,2,0,0,150
2005,6,21,8,4,1073,1,35,1.03173,2,1,0,1
2005,6,21,8,4,1073,150,16.9,1.03173,2,0,0,150
2005,6,21,9,4,1073,1,35,1.03173,2,1,0,1
2005,6,21,9,4,1073,150,16.9,1.03173,2,0,0,150
2005,6,21,10,4,1073,1,35,1.03173,2,1,0,1
2005,6,21,10,4,1073,150,16.9,1.03173,2,0,0,150
2005,6,21,11,4,1073,1,35,1.03173,2,1,0,1
2005,6,21,11,4,1073,150,16.9,1.03173,2,0,0,150
2005,6,21,12,4,1073,1,35,1.03173,2,1,0,1
2005,6,21,12,4,1073,150,16.9,1.03173,2,0,0,150
2005,6,21,13,4,1073,1,35,1.03173,2,1,0,1
2005,6,21,13,4,1073,150,16.9,1.03173,2,0,0,150
2005,6,21,14,4,1073,1,35,1.03173,2,1,0,1
2005,6,21,14,4,1073,150,16.9,1.03173,2,0,0,150
2005,6,21,15,4,1073,1,35,1.03173,2,1,0,1
2005,6,21,15,4,1073,150,16.9,1.03173,2,0,0,150
2005,6,21,16,4,1073,1,35,1.03173,2,1,0,1
2005,6,21,16,4,1073,150,16.9,1.03173,2,0,0,150
2005,6,21,17,4,1073,1,35,1.03173,2,1,0,1
2005,6,21,17,4,1073,150,16.9,1.03173,2,0,0,150
2005,6,21,18,4,1073,1,35,1.03173,2,1,0,1
2005,6,21,18,4,1073,150,16.9,1.03173,2,0,0,150
2005,6,21,19,4,1073,1,35,1.03173,2,1,0,1
2005,6,21,19,4,1073,150,16.9,1.03173,2,0,0,150
2005,6,21,20,4,1073,1,35,1.03173,2,1,0,1
2005,6,21,20,4,1073,150,16.9,1.03173,2,0,0,150
2005,6,21,21,4,1073,1,35,1.03173,2,1,0,1
2005,6,21,21,4,1073,150,16.9,1.03173,2,0,0,150
2005,6,21,22,4,1073,1,35,1.03173,2,1,0,1
2005,6,21,22,4,1073,150,16.9,1.03173,2,0,0,150
2005,6,21,23,4,1073,1,35,1.03173,2,1,0,1
2005,6,21,23,4,1073,150,16.9,1.03173,2,0,0,150
2005,6,21,24,4,1073,1,35,1.03173,2,1,0,1
2005,6,21,24,4,1073,150,16.9,1.03173,2,0,0,150
2005,6,21,1,4,1075,0,310,1.03173,2,1,0,0
2005,6,21,1,4,1075,95,27,1.03173,2,0,0,44.568223
2005,6,21,1,4,1075,150,10.5,1.03173,2,0,0,150
2005,6,21,2,4,1075,0,310,1.03173,2,1,0,0
2005,6,21,2,4,1075,95,27,1.03173,2,0,0,44.568223
2005,6,21,2,4,1075,150,10.5,1.03173,2,0,0,150
2005,6,21,3,4,1075,0,310,1.03173,2,1,0,0
2005,6,21,3,4,1075,95,27,1.03173,2,0,0,44.568223
2005,6,21,3,4,1075,150,10.5,1.03173,2,0,0,150
2005,6,21,4,4,1075,0,310,1.03173,2,1,0,0
2005,6,21,4,4,1075,95,27,1.03173,2,0,0,44.568223
2005,6,21,4,4,1075,150,10.5,1.03173,2,0,0,150
2005,6,21,5,4,1075,0,310,1.03173,2,1,0,0
2005,6,21,5,4,1075,95,27,1.03173,2,0,0,44.568223
2005,6,21,5,4,1075,150,10.5,1.03173,2,0,0,150
2005,6,21,6,4,1075,0,310,1.03173,2,1,0,0
2005,6,21,6,4,1075,95,27,1.03173,2,0,0,44.568223
2005,6,21,6,4,1075,150,10.5,1.03173,2,0,0,150
2005,6,21,7,4,1075,0,310,1.03173,2,1,0,0
2005,6,21,7,4,1075,95,27,1.03173,2,0,0,44.568223
2005,6,21,7,4,1075,150,10.5,1.03173,2,0,0,150
2005,6,21,8,4,1075,0,310,1.03173,2,1,0,0
2005,6,21,8,4,1075,95,27,1.03173,2,0,0,44.568223
2005,6,21,8,4,1075,150,10.5,1.03173,2,0,0,150
2005,6,21,9,4,1075,0,310,1.03173,2,1,0,0
2005,6,21,9,4,1075,95,27,1.03173,2,0,0,44.568223
2005,6,21,9,4,1075,150,10.5,1.03173,2,0,0,150
2005,6,21,10,4,1075,0,310,1.03173,2,1,0,0
2005,6,21,10,4,1075,95,27,1.03173,2,0,0,44.568223
2005,6,21,10,4,1075,150,10.5,1.03173,2,0,0,150
2005,6,21,11,4,1075,0,310,1.03173,2,1,0,0
2005,6,21,11,4,1075,95,27,1.03173,2,1,0,44.568223
2005,6,21,11,4,1075,150,10.5,1.03173,2,0,0,150
2005,6,21,12,4,1075,0,310,1.03173,2,1,0,0
2005,6,21,12,4,1075,95,27,1.03173,2,1,0,44.568223
2005,6,21,12,4,1075,150,10.5,1.03173,2,0,0,150
2005,6,21,13,4,1075,0,310,1.03173,2,1,0,0
2005,6,21,13,4,1075,95,27,1.03173,2,1,0,44.568223
2005,6,21,13,4,1075,150,10.5,1.03173,2,0,0,150
2005,6,21,14,4,1075,0,310,1.03173,2,1,0,0
2005,6,21,14,4,1075,95,27,1.03173,2,1,0,44.568223
2005,6,21,14,4,1075,150,10.5,1.03173,2,0,0,150
2005,6,21,15,4,1075,0,310,1.03173,2,1,0,0
2005,6,21,15,4,1075,95,27,1.03173,2,1,0,44.568223
2005,6,21,15,4,1075,150,10.5,1.03173,2,0,0,150
2005,6,21,16,4,1075,0,310,1.03173,2,1,0,0
2005,6,21,16,4,1075,95,27,1.03173,2,1,0,44.568223
2005,6,21,16,4,1075,150,10.5,1.03173,2,0,0,150
2005,6,21,17,4,1075,0,310,1.03173,2,1,0,0
2005,6,21,17,4,1075,95,27,1.03173,2,1,0,44.568223
2005,6,21,17,4,1075,150,10.5,1.03173,2,0,0,150
2005,6,21,18,4,1075,0,310,1.03173,2,1,0,0
2005,6,21,18,4,1075,95,27,1.03173,2,1,0,44.568223
2005,6,21,18,4,1075,150,10.5,1.03173,2,0,0,150
2005,6,21,19,4,1075,0,310,1.03173,2,1,0,0
2005,6,21,19,4,1075,95,27,1.03173,2,1,0,44.568223
2005,6,21,19,4,1075,150,10.5,1.03173,2,0,0,150
2005,6,21,20,4,1075,0,310,1.03173,2,1,0,0
2005,6,21,20,4,1075,95,27,1.03173,2,1,0,44.568223
2005,6,21,20,4,1075,150,10.5,1.03173,2,0,0,150
2005,6,21,21,4,1075,0,310,1.03173,2,1,0,0
2005,6,21,21,4,1075,95,27,1.03173,2,0,0,44.568223
2005,6,21,21,4,1075,150,10.5,1.03173,2,0,0,150
2005,6,21,22,4,1075,0,310,1.03173,2,1,0,0
2005,6,21,22,4,1075,95,27,1.03173,2,0,0,44.568223
2005,6,21,22,4,1075,150,10.5,1.03173,2,0,0,150
2005,6,21,23,4,1075,0,310,1.03173,2,1,0,0
2005,6,21,23,4,1075,95,27,1.03173,2,0,0,44.568223
2005,6,21,23,4,1075,150,10.5,1.03173,2,0,0,150
2005,6,21,24,4,1075,0,310,1.03173,2,1,0,0
2005,6,21,24,4,1075,95,27,1.03173,2,0,0,44.568223
2005,6,21,24,4,1075,150,10.5,1.03173,2,0,0,150
2005,6,21,1,9,187,0,1.9,0,2,1,0,0
2005,6,21,2,9,187,0,1.9,0,2,1,0,0
2005,6,21,3,9,187,0,1.9,0,2,1,0,0
2005,6,21,4,9,187,0,1.9,0,2,1,0,0
2005,6,21,5,9,187,0,1.9,0,2,1,0,0
2005,6,21,6,9,187,0,1.9,0,2,1,0,0
2005,6,21,7,9,187,0,1.9,0,2,1,0,0
2005,6,21,8,9,187,0,1.9,0,2,1,0,0
2005,6,21,9,9,187,0,1.9,0,2,1,0,0
2005,6,21,10,9,187,0,1.9,0,2,1,0,0
2005,6,21,11,9,187,0,1.9,0,2,1,0,0
2005,6,21,12,9,187,0,1.9,0,2,1,0,0
2005,6,21,13,9,187,0,1.8,0,2,1,0,0
2005,6,21,14,9,187,0,1.8,0,2,1,0,0
2005,6,21,15,9,187,0,1.8,0,2,1,0,0
2005,6,21,16,9,187,0,1.8,0,2,1,0,0
2005,6,21,17,9,187,0,1.8,0,2,1,0,0
2005,6,21,18,9,187,0,1.8,0,2,1,0,0
2005,6,21,19,9,187,0,1.8,0,2,1,0,0
2005,6,21,20,9,187,0,1.8,0,2,1,0,0
2005,6,21,21,9,187,0,1.8,0,2,1,0,0
2005,6,21,22,9,187,0,1.8,0,2,1,0,0
2005,6,21,23,9,187,0,1.8,0,2,1,0,0
2005,6,21,24,9,187,0,1.8,0,2,1,0,0
2005,6,21,1,9,188,52,253.5,0,1,0,1,52
2005,6,21,2,9,188,45,81.1,0,1,1,0,45
2005,6,21,2,9,188,52,162.2,0,1,1,0,52
2005,6,21,3,9,188,18,81.1,0,1,0,1,18
2005,6,21,3,9,188,20,30.4,0,1,0,1,20
2005,6,21,3,9,188,24,30.4,0,1,0,1,24
2005,6,21,3,9,188,45,81.1,0,1,1,0,45
2005,6,21,3,9,188,52,20.3,0,1,1,0,52
2005,6,21,4,9,188,18,182.5,0,1,0,1,18
2005,6,21,4,9,188,20,30.4,0,1,0,1,20
2005,6,21,4,9,188,24,30.4,0,1,0,1,24
2005,6,21,5,9,188,18,182.5,0,1,0,1,18
2005,6,21,5,9,188,20,30.4,0,1,0,1,20
2005,6,21,5,9,188,24,30.4,0,1,0,1,24
2005,6,21,6,9,188,18,182.5,0,1,0,1,18
2005,6,21,6,9,188,20,30.4,0,1,0,1,20
2005,6,21,6,9,188,24,30.4,0,1,0,1,24
2005,6,21,7,9,188,18,182.5,0,1,0,1,18
2005,6,21,7,9,188,20,30.4,0,1,0,1,20
2005,6,21,7,9,188,24,30.4,0,1,0,1,24
2005,6,21,8,9,188,18,202.8,0,1,0,1,18
2005,6,21,8,9,188,20,10.1,0,1,0,1,20
2005,6,21,8,9,188,24,30.4,0,1,0,1,24
2005,6,21,9,9,188,15,213.6,0,1,0,1,15
2005,6,21,9,9,188,21,30.5,0,1,0,1,21
2005,6,21,10,9,188,15,233.9,0,1,0,1,15
2005,6,21,10,9,188,21,30.5,0,1,0,1,21
2005,6,21,10,9,188,49,10.2,0,1,0,1,49
2005,6,21,11,9,188,15,132.2,0,1,0,1,15
2005,6,21,11,9,188,17,61,0,1,0,1,17
2005,6,21,11,9,188,21,30.5,0,1,0,1,21
2005,6,21,11,9,188,49,81.4,0,1,0,1,49
2005,6,21,12,9,188,15,132.2,0,1,0,1,15
2005,6,21,12,9,188,17,61,0,1,0,1,17
2005,6,21,12,9,188,21,30.5,0,1,0,1,21
2005,6,21,12,9,188,49,81.4,0,1,0,1,49
2005,6,21,13,9,188,15,132.2,0,1,0,1,15
2005,6,21,13,9,188,17,61,0,1,0,1,17
2005,6,21,13,9,188,21,30.5,0,1,0,1,21
2005,6,21,13,9,188,49,81.4,0,1,0,1,49
2005,6,21,14,9,188,15,132.2,0,1,0,1,15
2005,6,21,14,9,188,17,61,0,1,0,1,17
2005,6,21,14,9,188,21,30.5,0,1,0,1,21
2005,6,21,14,9,188,49,81.4,0,1,0,1,49
2005,6,21,15,9,188,15,101.7,0,1,0,1,15
2005,6,21,15,9,188,17,61,0,1,0,1,17
2005,6,21,15,9,188,21,30.5,0,1,0,1,21
2005,6,21,15,9,188,49,81.4,0,1,0,1,49
2005,6,21,16,9,188,15,101.7,0,1,0,1,15
2005,6,21,16,9,188,17,61,0,1,0,1,17
2005,6,21,16,9,188,21,30.5,0,1,0,1,21
2005,6,21,16,9,188,49,81.4,0,1,0,1,49
2005,6,21,17,9,188,15,101.7,0,1,0,1,15
2005,6,21,17,9,188,17,61,0,1,0,1,17
2005,6,21,17,9,188,21,30.5,0,1,0,1,21
2005,6,21,17,9,188,49,81.4,0,1,0,1,49
2005,6,21,18,9,188,15,101.7,0,1,0,1,15
2005,6,21,18,9,188,17,61,0,1,0,1,17
2005,6,21,18,9,188,21,30.5,0,1,0,1,21
2005,6,21,18,9,188,49,81.4,0,1,0,1,49
2005,6,21,19,9,188,15,101.7,0,1,0,1,15
2005,6,21,19,9,188,17,61,0,1,0,1,17
2005,6,21,19,9,188,21,30.5,0,1,0,1,21
2005,6,21,19,9,188,49,81.4,0,1,0,1,49
2005,6,21,20,9,188,15,101.7,0,1,0,1,15
2005,6,21,20,9,188,17,61,0,1,0,1,17
2005,6,21,20,9,188,21,30.5,0,1,0,1,21
2005,6,21,20,9,188,49,81.4,0,1,0,1,49
2005,6,21,21,9,188,15,101.7,0,1,0,1,15
2005,6,21,21,9,188,17,61,0,1,0,1,17
2005,6,21,21,9,188,21,30.5,0,1,0,1,21
2005,6,21,21,9,188,49,81.4,0,1,0,1,49
2005,6,21,22,9,188,15,101.7,0,1,0,1,15
2005,6,21,22,9,188,17,61,0,1,0,1,17
2005,6,21,22,9,188,21,30.5,0,1,0,1,21
2005,6,21,22,9,188,49,81.4,0,1,0,1,49
2005,6,21,23,9,188,15,101.7,0,1,0,1,15
2005,6,21,23,9,188,17,61,0,1,0,1,17
2005,6,21,23,9,188,21,30.5,0,1,0,1,21
2005,6,21,23,9,188,49,81.4,0,1,0,1,49
2005,6,21,24,9,188,15,101.7,0,1,0,1,15
2005,6,21,24,9,188,17,61,0,1,0,1,17
2005,6,21,24,9,188,21,30.5,0,1,0,1,21
2005,6,21,24,9,188,49,81.4,0,1,0,1,49
2005,6,21,1,9,189,180,1,0,2,0,0,180
2005,6,21,1,9,190,0,3.2,0,2,1,0,0
2005,6,21,2,9,190,0,3.2,0,2,1,0,0
2005,6,21,3,9,190,0,3.2,0,2,1,0,0
2005,6,21,4,9,190,0,3.2,0,2,1,0,0
2005,6,21,5,9,190,0,3.2,0,2,1,0,0
2005,6,21,6,9,190,0,3.2,0,2,1,0,0
2005,6,21,7,9,190,0,3.2,0,2,1,0,0
2005,6,21,8,9,190,0,3.2,0,2,1,0,0
2005,6,21,9,9,190,0,3.2,0,2,1,0,0
2005,6,21,10,9,190,0,3,0,2,1,0,0
2005,6,21,11,9,190,0,3,0,2,1,0,0
2005,6,21,12,9,190,0,2.7,0,2,1,0,0
2005,6,21,13,9,190,0,2.7,0,2,1,0,0
2005,6,21,14,9,190,0,2.7,0,2,1,0,0
2005,6,21,15,9,190,0,2.7,0,2,1,0,0
2005,6,21,16,9,190,0,2.7,0,2,1,0,0
2005,6,21,17,9,190,0,2.7,0,2,1,0,0
2005,6,21,18,9,190,0,2.7,0,2,1,0,0
2005,6,21,19,9,190,0,2.7,0,2,1,0,0
2005,6,21,20,9,190,0,2.7,0,2,1,0,0
2005,6,21,21,9,190,0,3,0,2,1,0,0
2005,6,21,22,9,190,0,3,0,2,1,0,0
2005,6,21,23,9,190,0,3.2,0,2,1,0,0
2005,6,21,24,9,190,0,3.2,0,2,1,0,0
2005,6,21,1,4,1076,0,250,.34893,2,1,0,0
2005,6,21,1,4,1076,35,50,.34893,2,1,0,43.078933
2005,6,21,1,4,1076,36,60,.34893,2,1,0,43.078933
2005,6,21,1,4,1076,149,26.7,.34893,2,0,0,149
2005,6,21,1,4,1076,150,7.4,.34893,2,0,0,150
2005,6,21,2,4,1076,0,214,.34893,2,1,0,0
2005,6,21,2,4,1076,33,36,.34893,2,1,0,43.078933
2005,6,21,2,4,1076,35,50,.34893,2,1,0,43.078933
2005,6,21,2,4,1076,36,60,.34893,2,1,0,43.078933
2005,6,21,2,4,1076,149,26.7,.34893,2,0,0,149
2005,6,21,2,4,1076,150,7.4,.34893,2,0,0,150
2005,6,21,3,4,1076,0,213,.34893,2,1,0,0
2005,6,21,3,4,1076,33,37,.34893,2,1,0,43.078933
2005,6,21,3,4,1076,35,50,.34893,2,1,0,43.078933
2005,6,21,3,4,1076,36,60,.34893,2,1,0,43.078933
2005,6,21,3,4,1076,149,26.7,.34893,2,0,0,149
2005,6,21,3,4,1076,150,7.4,.34893,2,0,0,150
2005,6,21,4,4,1076,1,213,.34893,2,1,0,1
2005,6,21,4,4,1076,33,37,.34893,2,1,0,43.078933
2005,6,21,4,4,1076,35,50,.34893,2,1,0,43.078933
2005,6,21,4,4,1076,36,60,.34893,2,1,0,43.078933
2005,6,21,4,4,1076,149,26.7,.34893,2,0,0,149
2005,6,21,4,4,1076,150,7.4,.34893,2,0,0,150
2005,6,21,5,4,1076,1,213,.34893,2,1,0,1
2005,6,21,5,4,1076,33,37,.34893,2,1,0,43.078933
2005,6,21,5,4,1076,35,50,.34893,2,1,0,43.078933
2005,6,21,5,4,1076,36,60,.34893,2,1,0,43.078933
2005,6,21,5,4,1076,149,26.7,.34893,2,0,0,149
2005,6,21,5,4,1076,150,7.4,.34893,2,0,0,150
2005,6,21,6,4,1076,1,213,.34893,2,1,0,1
2005,6,21,6,4,1076,33,37,.34893,2,1,0,43.078933
2005,6,21,6,4,1076,35,50,.34893,2,1,0,43.078933
2005,6,21,6,4,1076,36,60,.34893,2,1,0,43.078933
2005,6,21,6,4,1076,149,26.7,.34893,2,0,0,149
2005,6,21,6,4,1076,150,7.4,.34893,2,0,0,150
2005,6,21,7,4,1076,1,213,.34893,2,1,0,1
2005,6,21,7,4,1076,33,37,.34893,2,1,0,43.078933
2005,6,21,7,4,1076,35,50,.34893,2,1,0,43.078933
2005,6,21,7,4,1076,36,60,.34893,2,1,0,43.078933
2005,6,21,7,4,1076,149,26.7,.34893,2,0,0,149
2005,6,21,7,4,1076,150,7.4,.34893,2,0,0,150
2005,6,21,8,4,1076,1,213,.34893,2,1,0,1
2005,6,21,8,4,1076,33,37,.34893,2,1,0,43.078933
2005,6,21,8,4,1076,35,50,.34893,2,1,0,43.078933
2005,6,21,8,4,1076,36,60,.34893,2,1,0,43.078933
2005,6,21,8,4,1076,149,26.7,.34893,2,0,0,149
2005,6,21,8,4,1076,150,7.4,.34893,2,0,0,150
2005,6,21,9,4,1076,1,213,.34893,2,1,0,1
2005,6,21,9,4,1076,33,37,.34893,2,1,0,43.078933
2005,6,21,9,4,1076,35,50,.34893,2,1,0,43.078933
2005,6,21,9,4,1076,36,50,.34893,2,1,0,43.078933
2005,6,21,9,4,1076,149,36.7,.34893,2,0,0,149
2005,6,21,9,4,1076,150,7.4,.34893,2,0,0,150
2005,6,21,10,4,1076,1,213,.34893,2,1,0,1
2005,6,21,10,4,1076,33,37,.34893,2,1,0,43.078933
2005,6,21,10,4,1076,35,50,.34893,2,1,0,43.078933
2005,6,21,10,4,1076,36,50,.34893,2,1,0,43.078933
2005,6,21,10,4,1076,149,36.7,.34893,2,0,0,149
2005,6,21,10,4,1076,150,7.4,.34893,2,0,0,150
2005,6,21,11,4,1076,1,213,.34893,2,1,0,1
2005,6,21,11,4,1076,33,37,.34893,2,1,0,43.078933
2005,6,21,11,4,1076,35,50,.34893,2,1,0,43.078933
2005,6,21,11,4,1076,36,50,.34893,2,1,0,43.078933
2005,6,21,11,4,1076,149,36.7,.34893,2,0,0,149
2005,6,21,11,4,1076,150,7.4,.34893,2,0,0,150
2005,6,21,12,4,1076,1,213,.34893,2,1,0,1
2005,6,21,12,4,1076,33,37,.34893,2,1,0,43.078933
2005,6,21,12,4,1076,35,50,.34893,2,1,0,43.078933
2005,6,21,12,4,1076,36,50,.34893,2,1,0,43.078933
2005,6,21,12,4,1076,149,36.7,.34893,2,0,0,149
2005,6,21,12,4,1076,150,7.4,.34893,2,0,0,150
2005,6,21,13,4,1076,1,213,.34893,2,1,0,1
2005,6,21,13,4,1076,33,37,.34893,2,1,0,43.078933
2005,6,21,13,4,1076,35,50,.34893,2,1,0,43.078933
2005,6,21,13,4,1076,36,50,.34893,2,1,0,43.078933
2005,6,21,13,4,1076,149,36.7,.34893,2,0,0,149
2005,6,21,13,4,1076,150,7.4,.34893,2,0,0,150
2005,6,21,14,4,1076,1,213,.34893,2,1,0,1
2005,6,21,14,4,1076,33,37,.34893,2,1,0,43.078933
2005,6,21,14,4,1076,35,50,.34893,2,1,0,43.078933
2005,6,21,14,4,1076,36,50,.34893,2,1,0,43.078933
2005,6,21,14,4,1076,149,36.7,.34893,2,0,0,149
2005,6,21,14,4,1076,150,7.4,.34893,2,0,0,150
2005,6,21,15,4,1076,1,213,.34893,2,1,0,1
2005,6,21,15,4,1076,33,37,.34893,2,1,0,43.078933
2005,6,21,15,4,1076,35,50,.34893,2,1,0,43.078933
2005,6,21,15,4,1076,36,50,.34893,2,1,0,43.078933
2005,6,21,15,4,1076,149,36.7,.34893,2,0,0,149
2005,6,21,15,4,1076,150,7.4,.34893,2,0,0,150
2005,6,21,16,4,1076,1,213,.34893,2,1,0,1
2005,6,21,16,4,1076,33,37,.34893,2,1,0,43.078933
2005,6,21,16,4,1076,35,50,.34893,2,1,0,43.078933
2005,6,21,16,4,1076,36,50,.34893,2,1,0,43.078933
2005,6,21,16,4,1076,149,36.7,.34893,2,0,0,149
2005,6,21,16,4,1076,150,7.4,.34893,2,0,0,150
2005,6,21,17,4,1076,1,213,.34893,2,1,0,1
2005,6,21,17,4,1076,33,37,.34893,2,1,0,43.078933
2005,6,21,17,4,1076,35,50,.34893,2,1,0,43.078933
2005,6,21,17,4,1076,36,50,.34893,2,1,0,43.078933
2005,6,21,17,4,1076,149,36.7,.34893,2,0,0,149
2005,6,21,17,4,1076,150,7.4,.34893,2,0,0,150
2005,6,21,18,4,1076,1,213,.34893,2,1,0,1
2005,6,21,18,4,1076,33,37,.34893,2,1,0,43.078933
2005,6,21,18,4,1076,35,50,.34893,2,1,0,43.078933
2005,6,21,18,4,1076,36,50,.34893,2,1,0,43.078933
2005,6,21,18,4,1076,149,36.7,.34893,2,0,0,149
2005,6,21,18,4,1076,150,7.4,.34893,2,0,0,150
2005,6,21,19,4,1076,1,213,.34893,2,1,0,1
2005,6,21,19,4,1076,33,37,.34893,2,1,0,43.078933
2005,6,21,19,4,1076,35,50,.34893,2,1,0,43.078933
2005,6,21,19,4,1076,36,50,.34893,2,1,0,43.078933
2005,6,21,19,4,1076,149,36.7,.34893,2,0,0,149
2005,6,21,19,4,1076,150,7.4,.34893,2,0,0,150
2005,6,21,20,4,1076,1,213,.34893,2,1,0,1
2005,6,21,20,4,1076,33,37,.34893,2,1,0,43.078933
2005,6,21,20,4,1076,35,50,.34893,2,1,0,43.078933
2005,6,21,20,4,1076,36,50,.34893,2,1,0,43.078933
2005,6,21,20,4,1076,149,36.7,.34893,2,0,0,149
2005,6,21,20,4,1076,150,7.4,.34893,2,0,0,150
2005,6,21,21,4,1076,1,213,.34893,2,1,0,1
2005,6,21,21,4,1076,33,37,.34893,2,1,0,43.078933
2005,6,21,21,4,1076,35,50,.34893,2,1,0,43.078933
2005,6,21,21,4,1076,36,50,.34893,2,1,0,43.078933
2005,6,21,21,4,1076,149,36.7,.34893,2,0,0,149
2005,6,21,21,4,1076,150,7.4,.34893,2,0,0,150
2005,6,21,22,4,1076,1,213,.34893,2,1,0,1
2005,6,21,22,4,1076,33,37,.34893,2,1,0,43.078933
2005,6,21,22,4,1076,35,50,.34893,2,1,0,43.078933
2005,6,21,22,4,1076,36,60,.34893,2,1,0,43.078933
2005,6,21,22,4,1076,149,26.7,.34893,2,0,0,149
2005,6,21,22,4,1076,150,7.4,.34893,2,0,0,150
2005,6,21,23,4,1076,1,213,.34893,2,1,0,1
2005,6,21,23,4,1076,33,37,.34893,2,1,0,43.078933
2005,6,21,23,4,1076,35,50,.34893,2,1,0,43.078933
2005,6,21,23,4,1076,36,60,.34893,2,1,0,43.078933
2005,6,21,23,4,1076,149,26.7,.34893,2,0,0,149
2005,6,21,23,4,1076,150,7.4,.34893,2,0,0,150
2005,6,21,24,4,1076,1,213,.34893,2,1,0,1
2005,6,21,24,4,1076,33,37,.34893,2,1,0,43.078933
2005,6,21,24,4,1076,35,50,.34893,2,1,0,43.078933
2005,6,21,24,4,1076,36,60,.34893,2,1,0,43.078933
2005,6,21,24,4,1076,149,26.7,.34893,2,0,0,149
2005,6,21,24,4,1076,150,7.4,.34893,2,0,0,150
2005,6,21,1,4,1077,0,250,.34893,2,1,0,0
2005,6,21,1,4,1077,35.01,50,.34893,2,1,0,43.078933
2005,6,21,1,4,1077,36.01,60,.34893,2,1,0,43.078933
2005,6,21,1,4,1077,149,26.5,.34893,2,0,0,149
2005,6,21,1,4,1077,150,2.7,.34893,2,0,0,150
2005,6,21,2,4,1077,0,214,.34893,2,1,0,0
2005,6,21,2,4,1077,33.01,36,.34893,2,1,0,43.078933
2005,6,21,2,4,1077,35.01,50,.34893,2,1,0,43.078933
2005,6,21,2,4,1077,36.01,60,.34893,2,1,0,43.078933
2005,6,21,2,4,1077,149,26.5,.34893,2,0,0,149
2005,6,21,2,4,1077,150,2.7,.34893,2,0,0,150
2005,6,21,3,4,1077,0,213,.34893,2,1,0,0
2005,6,21,3,4,1077,33.01,37,.34893,2,1,0,43.078933
2005,6,21,3,4,1077,35.01,50,.34893,2,1,0,43.078933
2005,6,21,3,4,1077,36.01,60,.34893,2,1,0,43.078933
2005,6,21,3,4,1077,149,26.5,.34893,2,0,0,149
2005,6,21,3,4,1077,150,2.7,.34893,2,0,0,150
2005,6,21,4,4,1077,1.01,213,.34893,2,1,0,1.01
2005,6,21,4,4,1077,33.01,37,.34893,2,1,0,43.078933
2005,6,21,4,4,1077,35.01,50,.34893,2,1,0,43.078933
2005,6,21,4,4,1077,36.01,60,.34893,2,1,0,43.078933
2005,6,21,4,4,1077,149,26.5,.34893,2,0,0,149
2005,6,21,4,4,1077,150,2.7,.34893,2,0,0,150
2005,6,21,5,4,1077,1.01,213,.34893,2,1,0,1.01
2005,6,21,5,4,1077,33.01,37,.34893,2,1,0,43.078933
2005,6,21,5,4,1077,35.01,50,.34893,2,1,0,43.078933
2005,6,21,5,4,1077,36.01,60,.34893,2,1,0,43.078933
2005,6,21,5,4,1077,149,26.5,.34893,2,0,0,149
2005,6,21,5,4,1077,150,2.7,.34893,2,0,0,150
2005,6,21,6,4,1077,1.01,213,.34893,2,1,0,1.01
2005,6,21,6,4,1077,33.01,37,.34893,2,1,0,43.078933
2005,6,21,6,4,1077,35.01,50,.34893,2,1,0,43.078933
2005,6,21,6,4,1077,36.01,60,.34893,2,1,0,43.078933
2005,6,21,6,4,1077,149,26.5,.34893,2,0,0,149
2005,6,21,6,4,1077,150,2.7,.34893,2,0,0,150
2005,6,21,7,4,1077,1.01,213,.34893,2,1,0,1.01
2005,6,21,7,4,1077,33.01,37,.34893,2,1,0,43.078933
2005,6,21,7,4,1077,35.01,50,.34893,2,1,0,43.078933
2005,6,21,7,4,1077,36.01,60,.34893,2,1,0,43.078933
2005,6,21,7,4,1077,149,26.5,.34893,2,0,0,149
2005,6,21,7,4,1077,150,2.7,.34893,2,0,0,150
2005,6,21,8,4,1077,1.01,213,.34893,2,1,0,1.01
2005,6,21,8,4,1077,33.01,37,.34893,2,1,0,43.078933
2005,6,21,8,4,1077,35.01,50,.34893,2,1,0,43.078933
2005,6,21,8,4,1077,36.01,60,.34893,2,1,0,43.078933
2005,6,21,8,4,1077,149,26.5,.34893,2,0,0,149
2005,6,21,8,4,1077,150,2.7,.34893,2,0,0,150
2005,6,21,9,4,1077,1.01,213,.34893,2,1,0,1.01
2005,6,21,9,4,1077,33.01,37,.34893,2,1,0,43.078933
2005,6,21,9,4,1077,35.01,50,.34893,2,1,0,43.078933
2005,6,21,9,4,1077,36.01,50,.34893,2,1,0,43.078933
2005,6,21,9,4,1077,149,36.5,.34893,2,0,0,149
2005,6,21,9,4,1077,150,2.7,.34893,2,0,0,150
2005,6,21,10,4,1077,1.01,213,.34893,2,1,0,1.01
2005,6,21,10,4,1077,33.01,37,.34893,2,1,0,43.078933
2005,6,21,10,4,1077,35.01,50,.34893,2,1,0,43.078933
2005,6,21,10,4,1077,36.01,50,.34893,2,1,0,43.078933
2005,6,21,10,4,1077,149,36.5,.34893,2,0,0,149
2005,6,21,10,4,1077,150,2.7,.34893,2,0,0,150
2005,6,21,11,4,1077,1.01,213,.34893,2,1,0,1.01
2005,6,21,11,4,1077,33.01,37,.34893,2,1,0,43.078933
2005,6,21,11,4,1077,35.01,50,.34893,2,1,0,43.078933
2005,6,21,11,4,1077,36.01,50,.34893,2,1,0,43.078933
2005,6,21,11,4,1077,149,36.5,.34893,2,0,0,149
2005,6,21,11,4,1077,150,2.7,.34893,2,0,0,150
2005,6,21,12,4,1077,1.01,213,.34893,2,1,0,1.01
2005,6,21,12,4,1077,33.01,37,.34893,2,1,0,43.078933
2005,6,21,12,4,1077,35.01,50,.34893,2,1,0,43.078933
2005,6,21,12,4,1077,36.01,50,.34893,2,1,0,43.078933
2005,6,21,12,4,1077,149,36.5,.34893,2,0,0,149
2005,6,21,12,4,1077,150,2.7,.34893,2,0,0,150
2005,6,21,13,4,1077,1.01,213,.34893,2,1,0,1.01
2005,6,21,13,4,1077,33.01,37,.34893,2,1,0,43.078933
2005,6,21,13,4,1077,35.01,50,.34893,2,1,0,43.078933
2005,6,21,13,4,1077,36.01,50,.34893,2,1,0,43.078933
2005,6,21,13,4,1077,149,36.5,.34893,2,0,0,149
2005,6,21,13,4,1077,150,2.7,.34893,2,0,0,150
2005,6,21,14,4,1077,1.01,213,.34893,2,1,0,1.01
2005,6,21,14,4,1077,33.01,37,.34893,2,1,0,43.078933
2005,6,21,14,4,1077,35.01,50,.34893,2,1,0,43.078933
2005,6,21,14,4,1077,36.01,50,.34893,2,1,0,43.078933
2005,6,21,14,4,1077,149,36.5,.34893,2,0,0,149
2005,6,21,14,4,1077,150,2.7,.34893,2,0,0,150
2005,6,21,15,4,1077,1.01,213,.34893,2,1,0,1.01
2005,6,21,15,4,1077,33.01,37,.34893,2,1,0,43.078933
2005,6,21,15,4,1077,35.01,50,.34893,2,1,0,43.078933
2005,6,21,15,4,1077,36.01,50,.34893,2,1,0,43.078933
2005,6,21,15,4,1077,149,36.5,.34893,2,0,0,149
2005,6,21,15,4,1077,150,2.7,.34893,2,0,0,150
2005,6,21,16,4,1077,1.01,213,.34893,2,1,0,1.01
2005,6,21,16,4,1077,33.01,37,.34893,2,1,0,43.078933
2005,6,21,16,4,1077,35.01,50,.34893,2,1,0,43.078933
2005,6,21,16,4,1077,36.01,50,.34893,2,1,0,43.078933
2005,6,21,16,4,1077,149,36.5,.34893,2,0,0,149
2005,6,21,16,4,1077,150,2.7,.34893,2,0,0,150
2005,6,21,17,4,1077,1.01,213,.34893,2,1,0,1.01
2005,6,21,17,4,1077,33.01,37,.34893,2,1,0,43.078933
2005,6,21,17,4,1077,35.01,50,.34893,2,1,0,43.078933
2005,6,21,17,4,1077,36.01,50,.34893,2,1,0,43.078933
2005,6,21,17,4,1077,149,36.5,.34893,2,0,0,149
2005,6,21,17,4,1077,150,2.7,.34893,2,0,0,150
2005,6,21,18,4,1077,1.01,213,.34893,2,1,0,1.01
2005,6,21,18,4,1077,33.01,37,.34893,2,1,0,43.078933
2005,6,21,18,4,1077,35.01,50,.34893,2,1,0,43.078933
2005,6,21,18,4,1077,36.01,50,.34893,2,1,0,43.078933
2005,6,21,18,4,1077,149,36.5,.34893,2,0,0,149
2005,6,21,18,4,1077,150,2.7,.34893,2,0,0,150
2005,6,21,19,4,1077,1.01,213,.34893,2,1,0,1.01
2005,6,21,19,4,1077,33.01,37,.34893,2,1,0,43.078933
2005,6,21,19,4,1077,35.01,50,.34893,2,1,0,43.078933
2005,6,21,19,4,1077,36.01,50,.34893,2,1,0,43.078933
2005,6,21,19,4,1077,149,36.5,.34893,2,0,0,149
2005,6,21,19,4,1077,150,2.7,.34893,2,0,0,150
2005,6,21,20,4,1077,1.01,213,.34893,2,1,0,1.01
2005,6,21,20,4,1077,33.01,37,.34893,2,1,0,43.078933
2005,6,21,20,4,1077,35.01,50,.34893,2,1,0,43.078933
2005,6,21,20,4,1077,36.01,50,.34893,2,1,0,43.078933
2005,6,21,20,4,1077,149,36.5,.34893,2,0,0,149
2005,6,21,20,4,1077,150,2.7,.34893,2,0,0,150
2005,6,21,21,4,1077,1.01,213,.34893,2,1,0,1.01
2005,6,21,21,4,1077,33.01,37,.34893,2,1,0,43.078933
2005,6,21,21,4,1077,35.01,50,.34893,2,1,0,43.078933
2005,6,21,21,4,1077,36.01,50,.34893,2,1,0,43.078933
2005,6,21,21,4,1077,149,36.5,.34893,2,0,0,149
2005,6,21,21,4,1077,150,2.7,.34893,2,0,0,150
2005,6,21,22,4,1077,1.01,213,.34893,2,1,0,1.01
2005,6,21,22,4,1077,33.01,37,.34893,2,1,0,43.078933
2005,6,21,22,4,1077,35.01,50,.34893,2,1,0,43.078933
2005,6,21,22,4,1077,36.01,60,.34893,2,1,0,43.078933
2005,6,21,22,4,1077,149,26.5,.34893,2,0,0,149
2005,6,21,22,4,1077,150,2.7,.34893,2,0,0,150
2005,6,21,23,4,1077,1.01,213,.34893,2,1,0,1.01
2005,6,21,23,4,1077,33.01,37,.34893,2,1,0,43.078933
2005,6,21,23,4,1077,35.01,50,.34893,2,1,0,43.078933
2005,6,21,23,4,1077,36.01,60,.34893,2,1,0,43.078933
2005,6,21,23,4,1077,149,26.5,.34893,2,0,0,149
2005,6,21,23,4,1077,150,2.7,.34893,2,0,0,150
2005,6,21,24,4,1077,1.01,213,.34893,2,1,0,1.01
2005,6,21,24,4,1077,33.01,37,.34893,2,1,0,43.078933
2005,6,21,24,4,1077,35.01,50,.34893,2,1,0,43.078933
2005,6,21,24,4,1077,36.01,60,.34893,2,1,0,43.078933
2005,6,21,24,4,1077,149,26.5,.34893,2,0,0,149
2005,6,21,24,4,1077,150,2.7,.34893,2,0,0,150
2005,6,21,1,4,1078,0,213,.34893,2,1,0,0
2005,6,21,1,4,1078,33,37,.34893,2,1,0,42.794773
2005,6,21,1,4,1078,35,50,.34893,2,1,0,42.794773
2005,6,21,1,4,1078,36,30,.34893,2,1,0,42.794773
2005,6,21,1,4,1078,149,54,.34893,2,0,0,149
2005,6,21,2,4,1078,0,213,.34893,2,1,0,0
2005,6,21,2,4,1078,33,37,.34893,2,1,0,42.794773
2005,6,21,2,4,1078,35,50,.34893,2,1,0,42.794773
2005,6,21,2,4,1078,36,30,.34893,2,1,0,42.794773
2005,6,21,2,4,1078,149,54,.34893,2,0,0,149
2005,6,21,3,4,1078,0,213,.34893,2,1,0,0
2005,6,21,3,4,1078,33,37,.34893,2,1,0,42.794773
2005,6,21,3,4,1078,35,50,.34893,2,1,0,42.794773
2005,6,21,3,4,1078,36,30,.34893,2,1,0,42.794773
2005,6,21,3,4,1078,149,54,.34893,2,0,0,149
2005,6,21,4,4,1078,0,213,.34893,2,1,0,0
2005,6,21,4,4,1078,33,37,.34893,2,1,0,42.794773
2005,6,21,4,4,1078,35,50,.34893,2,1,0,42.794773
2005,6,21,4,4,1078,36.02,30,.34893,2,1,0,42.794773
2005,6,21,4,4,1078,149,54,.34893,2,0,0,149
2005,6,21,5,4,1078,0,213,.34893,2,1,0,0
2005,6,21,5,4,1078,33,37,.34893,2,1,0,42.794773
2005,6,21,5,4,1078,35,50,.34893,2,1,0,42.794773
2005,6,21,5,4,1078,36,30,.34893,2,1,0,42.794773
2005,6,21,5,4,1078,149,54,.34893,2,0,0,149
2005,6,21,6,4,1078,0,213,.34893,2,1,0,0
2005,6,21,6,4,1078,33,37,.34893,2,1,0,42.794773
2005,6,21,6,4,1078,35,50,.34893,2,1,0,42.794773
2005,6,21,6,4,1078,36,30,.34893,2,1,0,42.794773
2005,6,21,6,4,1078,149,54,.34893,2,0,0,149
2005,6,21,7,4,1078,0,213,.34893,2,1,0,0
2005,6,21,7,4,1078,33,37,.34893,2,1,0,42.794773
2005,6,21,7,4,1078,35,50,.34893,2,1,0,42.794773
2005,6,21,7,4,1078,36,30,.34893,2,1,0,42.794773
2005,6,21,7,4,1078,149,54,.34893,2,0,0,149
2005,6,21,8,4,1078,0,213,.34893,2,1,0,0
2005,6,21,8,4,1078,33,37,.34893,2,1,0,42.794773
2005,6,21,8,4,1078,35,50,.34893,2,1,0,42.794773
2005,6,21,8,4,1078,36.02,30,.34893,2,1,0,42.794773
2005,6,21,8,4,1078,149,54,.34893,2,0,0,149
2005,6,21,9,4,1078,0,213,.34893,2,1,0,0
2005,6,21,9,4,1078,33,37,.34893,2,1,0,42.794773
2005,6,21,9,4,1078,35,50,.34893,2,1,0,42.794773
2005,6,21,9,4,1078,36,30,.34893,2,1,0,42.794773
2005,6,21,9,4,1078,149,54,.34893,2,0,0,149
2005,6,21,10,4,1078,0,213,.34893,2,1,0,0
2005,6,21,10,4,1078,33,37,.34893,2,1,0,42.794773
2005,6,21,10,4,1078,35,50,.34893,2,1,0,42.794773
2005,6,21,10,4,1078,36,30,.34893,2,1,0,42.794773
2005,6,21,10,4,1078,149,54,.34893,2,0,0,149
2005,6,21,11,4,1078,0,213,.34893,2,1,0,0
2005,6,21,11,4,1078,33,37,.34893,2,1,0,42.794773
2005,6,21,11,4,1078,35,50,.34893,2,1,0,42.794773
2005,6,21,11,4,1078,36,30,.34893,2,1,0,42.794773
2005,6,21,11,4,1078,149,54,.34893,2,0,0,149
2005,6,21,12,4,1078,0,213,.34893,2,1,0,0
2005,6,21,12,4,1078,33,37,.34893,2,1,0,42.794773
2005,6,21,12,4,1078,35,50,.34893,2,1,0,42.794773
2005,6,21,12,4,1078,36.02,30,.34893,2,1,0,42.794773
2005,6,21,12,4,1078,149,54,.34893,2,0,0,149
2005,6,21,13,4,1078,0,213,.34893,2,1,0,0
2005,6,21,13,4,1078,33,37,.34893,2,1,0,42.794773
2005,6,21,13,4,1078,35,50,.34893,2,1,0,42.794773
2005,6,21,13,4,1078,36,30,.34893,2,1,0,42.794773
2005,6,21,13,4,1078,149,54,.34893,2,0,0,149
2005,6,21,14,4,1078,0,213,.34893,2,1,0,0
2005,6,21,14,4,1078,33,37,.34893,2,1,0,42.794773
2005,6,21,14,4,1078,35,50,.34893,2,1,0,42.794773
2005,6,21,14,4,1078,36,30,.34893,2,1,0,42.794773
2005,6,21,14,4,1078,149,54,.34893,2,0,0,149
2005,6,21,15,4,1078,0,213,.34893,2,1,0,0
2005,6,21,15,4,1078,33,37,.34893,2,1,0,42.794773
2005,6,21,15,4,1078,35,50,.34893,2,1,0,42.794773
2005,6,21,15,4,1078,36,30,.34893,2,1,0,42.794773
2005,6,21,15,4,1078,149,54,.34893,2,0,0,149
2005,6,21,16,4,1078,0,213,.34893,2,1,0,0
2005,6,21,16,4,1078,33,37,.34893,2,1,0,42.794773
2005,6,21,16,4,1078,35,50,.34893,2,1,0,42.794773
2005,6,21,16,4,1078,36.02,30,.34893,2,1,0,42.794773
2005,6,21,16,4,1078,149,54,.34893,2,0,0,149
2005,6,21,17,4,1078,0,213,.34893,2,1,0,0
2005,6,21,17,4,1078,33,37,.34893,2,1,0,42.794773
2005,6,21,17,4,1078,35,50,.34893,2,1,0,42.794773
2005,6,21,17,4,1078,36,30,.34893,2,1,0,42.794773
2005,6,21,17,4,1078,149,54,.34893,2,0,0,149
2005,6,21,18,4,1078,0,213,.34893,2,1,0,0
2005,6,21,18,4,1078,33,37,.34893,2,1,0,42.794773
2005,6,21,18,4,1078,35,50,.34893,2,1,0,42.794773
2005,6,21,18,4,1078,36,30,.34893,2,1,0,42.794773
2005,6,21,18,4,1078,149,54,.34893,2,0,0,149
2005,6,21,19,4,1078,0,213,.34893,2,1,0,0
2005,6,21,19,4,1078,33,37,.34893,2,1,0,42.794773
2005,6,21,19,4,1078,35,50,.34893,2,1,0,42.794773
2005,6,21,19,4,1078,36,30,.34893,2,1,0,42.794773
2005,6,21,19,4,1078,149,54,.34893,2,0,0,149
2005,6,21,20,4,1078,0,213,.34893,2,1,0,0
2005,6,21,20,4,1078,33,37,.34893,2,1,0,42.794773
2005,6,21,20,4,1078,35,50,.34893,2,1,0,42.794773
2005,6,21,20,4,1078,36.02,30,.34893,2,1,0,42.794773
2005,6,21,20,4,1078,149,54,.34893,2,0,0,149
2005,6,21,21,4,1078,0,213,.34893,2,1,0,0
2005,6,21,21,4,1078,33,37,.34893,2,1,0,42.794773
2005,6,21,21,4,1078,35,50,.34893,2,1,0,42.794773
2005,6,21,21,4,1078,36,30,.34893,2,1,0,42.794773
2005,6,21,21,4,1078,149,54,.34893,2,0,0,149
2005,6,21,22,4,1078,0,213,.34893,2,1,0,0
2005,6,21,22,4,1078,33,37,.34893,2,1,0,42.794773
2005,6,21,22,4,1078,35,50,.34893,2,1,0,42.794773
2005,6,21,22,4,1078,36,30,.34893,2,1,0,42.794773
2005,6,21,22,4,1078,149,54,.34893,2,0,0,149
2005,6,21,23,4,1078,0,213,.34893,2,1,0,0
2005,6,21,23,4,1078,33,37,.34893,2,1,0,42.794773
2005,6,21,23,4,1078,35,50,.34893,2,1,0,42.794773
2005,6,21,23,4,1078,36,30,.34893,2,1,0,42.794773
2005,6,21,23,4,1078,149,54,.34893,2,0,0,149
2005,6,21,24,4,1078,0,213,.34893,2,1,0,0
2005,6,21,24,4,1078,33,37,.34893,2,1,0,42.794773
2005,6,21,24,4,1078,35,50,.34893,2,1,0,42.794773
2005,6,21,24,4,1078,36.02,30,.34893,2,1,0,42.794773
2005,6,21,24,4,1078,149,54,.34893,2,0,0,149
2005,6,21,1,9,194,0,7.1,0,2,1,0,0
2005,6,21,2,9,194,0,7.5,0,2,1,0,0
2005,6,21,3,9,194,0,7,0,2,1,0,0
2005,6,21,4,9,194,0,7.4,0,2,1,0,0
2005,6,21,5,9,194,0,7.8,0,2,1,0,0
2005,6,21,6,9,194,0,7.9,0,2,1,0,0
2005,6,21,7,9,194,0,8,0,2,1,0,0
2005,6,21,8,9,194,0,9.6,0,2,1,0,0
2005,6,21,9,9,194,0,9.4,0,2,1,0,0
2005,6,21,10,9,194,0,8.5,0,2,1,0,0
2005,6,21,11,9,194,0,6.7,0,2,1,0,0
2005,6,21,12,9,194,0,4.6,0,2,1,0,0
2005,6,21,13,9,194,0,2.2,0,2,1,0,0
2005,6,21,15,9,194,0,.1,0,2,1,0,0
2005,6,21,16,9,194,0,.1,0,2,1,0,0
2005,6,21,17,9,194,0,.1,0,2,1,0,0
2005,6,21,19,9,194,0,.1,0,2,1,0,0
2005,6,21,20,9,194,0,.9,0,2,1,0,0
2005,6,21,21,9,194,0,2.4,0,2,1,0,0
2005,6,21,22,9,194,0,3.3,0,2,1,0,0
2005,6,21,23,9,194,0,7,0,2,1,0,0
2005,6,21,24,9,194,0,7,0,2,1,0,0
2005,6,21,1,1,1079,0,100,.964599,2,1,0,0
2005,6,21,1,1,1079,41.41,44,.964599,2,1,0,43.348675
2005,6,21,1,1,1079,41.85,30,.964599,2,1,0,43.348675
2005,6,21,1,1,1079,42.29,34.3,.964599,2,1,0,43.348675
2005,6,21,2,1,1079,0,100,.964599,2,1,0,0
2005,6,21,2,1,1079,41.41,44,.964599,2,1,0,43.348675
2005,6,21,2,1,1079,41.85,30,.964599,2,1,0,43.348675
2005,6,21,2,1,1079,42.29,34.3,.964599,2,1,0,43.348675
2005,6,21,3,1,1079,0,100,.964599,2,1,0,0
2005,6,21,3,1,1079,41.41,44,.964599,2,0,0,43.348675
2005,6,21,3,1,1079,41.85,30,.964599,2,0,0,43.348675
2005,6,21,3,1,1079,42.29,34.3,.964599,2,0,0,43.348675
2005,6,21,4,1,1079,0,100,.964599,2,1,0,0
2005,6,21,4,1,1079,41.41,44,.964599,2,0,0,43.348675
2005,6,21,4,1,1079,41.85,30,.964599,2,0,0,43.348675
2005,6,21,4,1,1079,42.29,34.3,.964599,2,0,0,43.348675
2005,6,21,5,1,1079,0,100,.964599,2,1,0,0
2005,6,21,5,1,1079,41.41,44,.964599,2,0,0,43.348675
2005,6,21,5,1,1079,41.85,30,.964599,2,0,0,43.348675
2005,6,21,5,1,1079,42.29,34.3,.964599,2,0,0,43.348675
2005,6,21,6,1,1079,0,100,.964599,2,1,0,0
2005,6,21,6,1,1079,41.41,44,.964599,2,0,0,43.348675
2005,6,21,6,1,1079,41.85,30,.964599,2,0,0,43.348675
2005,6,21,6,1,1079,42.29,34.3,.964599,2,0,0,43.348675
2005,6,21,7,1,1079,0,100,.964599,2,1,0,0
2005,6,21,7,1,1079,41.41,44,.964599,2,0,0,43.348675
2005,6,21,7,1,1079,41.85,30,.964599,2,0,0,43.348675
2005,6,21,7,1,1079,42.29,34.3,.964599,2,0,0,43.348675
2005,6,21,8,1,1079,0,100,.964599,2,1,0,0
2005,6,21,8,1,1079,41.41,44,.964599,2,1,0,43.348675
2005,6,21,8,1,1079,41.85,30,.964599,2,1,0,43.348675
2005,6,21,8,1,1079,42.29,34.3,.964599,2,1,0,43.348675
2005,6,21,9,1,1079,0,100,.964599,2,1,0,0
2005,6,21,9,1,1079,41.41,44,.964599,2,1,0,43.348675
2005,6,21,9,1,1079,41.85,30,.964599,2,1,0,43.348675
2005,6,21,9,1,1079,42.29,34.3,.964599,2,1,0,43.348675
2005,6,21,10,1,1079,0,100,.964599,2,1,0,0
2005,6,21,10,1,1079,41.41,44,.964599,2,1,0,43.348675
2005,6,21,10,1,1079,41.85,30,.964599,2,1,0,43.348675
2005,6,21,10,1,1079,42.29,34.3,.964599,2,1,0,43.348675
2005,6,21,11,1,1079,0,100,.964599,2,1,0,0
2005,6,21,11,1,1079,41.41,44,.964599,2,1,0,43.348675
2005,6,21,11,1,1079,41.85,30,.964599,2,1,0,43.348675
2005,6,21,11,1,1079,42.29,34.3,.964599,2,1,0,43.348675
2005,6,21,12,1,1079,0,100,.964599,2,1,0,0
2005,6,21,12,1,1079,41.41,44,.964599,2,1,0,43.348675
2005,6,21,12,1,1079,41.85,30,.964599,2,1,0,43.348675
2005,6,21,12,1,1079,42.29,34.3,.964599,2,1,0,43.348675
2005,6,21,13,1,1079,0,100,.964599,2,1,0,0
2005,6,21,13,1,1079,41.41,44,.964599,2,1,0,43.348675
2005,6,21,13,1,1079,41.85,30,.964599,2,1,0,43.348675
2005,6,21,13,1,1079,42.29,34.3,.964599,2,1,0,43.348675
2005,6,21,14,1,1079,0,100,.964599,2,1,0,0
2005,6,21,14,1,1079,41.41,44,.964599,2,1,0,43.348675
2005,6,21,14,1,1079,41.85,30,.964599,2,1,0,43.348675
2005,6,21,14,1,1079,42.29,34.3,.964599,2,1,0,43.348675
2005,6,21,15,1,1079,0,100,.964599,2,1,0,0
2005,6,21,15,1,1079,41.41,44,.964599,2,1,0,43.348675
2005,6,21,15,1,1079,41.85,30,.964599,2,1,0,43.348675
2005,6,21,15,1,1079,42.29,34.3,.964599,2,1,0,43.348675
2005,6,21,16,1,1079,0,100,.964599,2,1,0,0
2005,6,21,16,1,1079,41.41,44,.964599,2,1,0,43.348675
2005,6,21,16,1,1079,41.85,30,.964599,2,1,0,43.348675
2005,6,21,16,1,1079,42.29,34.3,.964599,2,1,0,43.348675
2005,6,21,17,1,1079,0,100,.964599,2,1,0,0
2005,6,21,17,1,1079,41.41,44,.964599,2,1,0,43.348675
2005,6,21,17,1,1079,41.85,30,.964599,2,1,0,43.348675
2005,6,21,17,1,1079,42.29,34.3,.964599,2,1,0,43.348675
2005,6,21,18,1,1079,0,100,.964599,2,1,0,0
2005,6,21,18,1,1079,41.41,44,.964599,2,1,0,43.348675
2005,6,21,18,1,1079,41.85,30,.964599,2,1,0,43.348675
2005,6,21,18,1,1079,42.29,34.3,.964599,2,1,0,43.348675
2005,6,21,19,1,1079,0,100,.964599,2,1,0,0
2005,6,21,19,1,1079,41.41,44,.964599,2,1,0,43.348675
2005,6,21,19,1,1079,41.85,30,.964599,2,1,0,43.348675
2005,6,21,19,1,1079,42.29,34.3,.964599,2,1,0,43.348675
2005,6,21,20,1,1079,0,100,.964599,2,1,0,0
2005,6,21,20,1,1079,41.41,44,.964599,2,1,0,43.348675
2005,6,21,20,1,1079,41.85,30,.964599,2,1,0,43.348675
2005,6,21,20,1,1079,42.29,34.3,.964599,2,1,0,43.348675
2005,6,21,21,1,1079,0,100,.964599,2,1,0,0
2005,6,21,21,1,1079,41.41,44,.964599,2,1,0,43.348675
2005,6,21,21,1,1079,41.85,30,.964599,2,1,0,43.348675
2005,6,21,21,1,1079,42.29,34.3,.964599,2,1,0,43.348675
2005,6,21,22,1,1079,0,100,.964599,2,1,0,0
2005,6,21,22,1,1079,41.41,44,.964599,2,1,0,43.348675
2005,6,21,22,1,1079,41.85,30,.964599,2,1,0,43.348675
2005,6,21,22,1,1079,42.29,34.3,.964599,2,1,0,43.348675
2005,6,21,23,1,1079,0,100,.964599,2,1,0,0
2005,6,21,23,1,1079,41.41,44,.964599,2,1,0,43.348675
2005,6,21,23,1,1079,41.85,30,.964599,2,1,0,43.348675
2005,6,21,23,1,1079,42.29,34.3,.964599,2,1,0,43.348675
2005,6,21,24,1,1079,0,100,.964599,2,1,0,0
2005,6,21,24,1,1079,41.41,44,.964599,2,1,0,43.348675
2005,6,21,24,1,1079,41.85,30,.964599,2,1,0,43.348675
2005,6,21,24,1,1079,42.29,34.3,.964599,2,1,0,43.348675
2005,6,21,1,9,196,0,13.4,0,2,1,0,0
2005,6,21,2,9,196,0,13.6,0,2,1,0,0
2005,6,21,3,9,196,0,13.5,0,2,1,0,0
2005,6,21,4,9,196,0,13.7,0,2,1,0,0
2005,6,21,5,9,196,0,13.8,0,2,1,0,0
2005,6,21,6,9,196,0,13.9,0,2,1,0,0
2005,6,21,7,9,196,0,14.1,0,2,1,0,0
2005,6,21,8,9,196,0,14.4,0,2,1,0,0
2005,6,21,9,9,196,0,14.6,0,2,1,0,0
2005,6,21,10,9,196,0,14.4,0,2,1,0,0
2005,6,21,11,9,196,0,13.8,0,2,1,0,0
2005,6,21,12,9,196,0,13.3,0,2,1,0,0
2005,6,21,13,9,196,0,13.2,0,2,1,0,0
2005,6,21,14,9,196,0,12.8,0,2,1,0,0
2005,6,21,15,9,196,0,12.5,0,2,1,0,0
2005,6,21,16,9,196,0,12.4,0,2,1,0,0
2005,6,21,17,9,196,0,12.4,0,2,1,0,0
2005,6,21,18,9,196,0,12.3,0,2,1,0,0
2005,6,21,19,9,196,0,12.2,0,2,1,0,0
2005,6,21,20,9,196,0,12.1,0,2,1,0,0
2005,6,21,21,9,196,0,12.1,0,2,1,0,0
2005,6,21,22,9,196,0,12.2,0,2,1,0,0
2005,6,21,23,9,196,0,12.6,0,2,1,0,0
2005,6,21,24,9,196,0,13,0,2,1,0,0
2005,6,21,1,9,197,0,18,0,2,1,0,0
2005,6,21,1,9,197,180.3,1.4,0,2,0,0,180.3
2005,6,21,2,9,197,0,18,0,2,1,0,0
2005,6,21,2,9,197,180.3,1.4,0,2,0,0,180.3
2005,6,21,3,9,197,0,18,0,2,1,0,0
2005,6,21,3,9,197,180.3,1.4,0,2,0,0,180.3
2005,6,21,4,9,197,0,18,0,2,1,0,0
2005,6,21,4,9,197,180.3,1.4,0,2,0,0,180.3
2005,6,21,5,9,197,0,18,0,2,1,0,0
2005,6,21,5,9,197,180.3,1.4,0,2,0,0,180.3
2005,6,21,6,9,197,0,18,0,2,1,0,0
2005,6,21,6,9,197,180.3,1.4,0,2,0,0,180.3
2005,6,21,7,9,197,0,18,0,2,1,0,0
2005,6,21,7,9,197,180.3,1.4,0,2,0,0,180.3
2005,6,21,8,9,197,0,18,0,2,1,0,0
2005,6,21,8,9,197,180.3,1.4,0,2,0,0,180.3
2005,6,21,9,9,197,0,18,0,2,1,0,0
2005,6,21,9,9,197,180.3,1.4,0,2,0,0,180.3
2005,6,21,10,9,197,0,18,0,2,1,0,0
2005,6,21,10,9,197,180.3,1.4,0,2,0,0,180.3
2005,6,21,11,9,197,0,18,0,2,1,0,0
2005,6,21,11,9,197,180.3,1.4,0,2,0,0,180.3
2005,6,21,12,9,197,0,18,0,2,1,0,0
2005,6,21,12,9,197,180.3,1.4,0,2,0,0,180.3
2005,6,21,13,9,197,0,18,0,2,1,0,0
2005,6,21,13,9,197,180.3,1.4,0,2,0,0,180.3
2005,6,21,14,9,197,0,18,0,2,1,0,0
2005,6,21,14,9,197,180.3,1.4,0,2,0,0,180.3
2005,6,21,15,9,197,0,18,0,2,1,0,0
2005,6,21,15,9,197,180.3,1.4,0,2,0,0,180.3
2005,6,21,16,9,197,0,18,0,2,1,0,0
2005,6,21,16,9,197,180.3,1.4,0,2,0,0,180.3
2005,6,21,17,9,197,0,18,0,2,1,0,0
2005,6,21,17,9,197,180.3,1.4,0,2,0,0,180.3
2005,6,21,18,9,197,0,18,0,2,1,0,0
2005,6,21,18,9,197,180.3,1.4,0,2,0,0,180.3
2005,6,21,19,9,197,0,18,0,2,1,0,0
2005,6,21,19,9,197,180.3,1.4,0,2,0,0,180.3
2005,6,21,20,9,197,0,18,0,2,1,0,0
2005,6,21,20,9,197,180.3,1.4,0,2,0,0,180.3
2005,6,21,21,9,197,0,18,0,2,1,0,0
2005,6,21,21,9,197,180.3,1.4,0,2,0,0,180.3
2005,6,21,22,9,197,0,18,0,2,1,0,0
2005,6,21,22,9,197,180.3,1.4,0,2,0,0,180.3
2005,6,21,23,9,197,0,18,0,2,1,0,0
2005,6,21,23,9,197,180.3,1.4,0,2,0,0,180.3
2005,6,21,24,9,197,0,18,0,2,1,0,0
2005,6,21,24,9,197,180.3,1.4,0,2,0,0,180.3
2005,6,21,1,2,1083,0,235,.933653,2,1,0,0
2005,6,21,1,2,1083,14.54,106,.933653,2,1,0,43.66837
2005,6,21,1,2,1083,120.02,10.1,.933653,2,0,0,120.02
2005,6,21,2,2,1083,0,235,.933653,2,1,0,0
2005,6,21,2,2,1083,33.05,15.1,.933653,2,1,0,43.66837
2005,6,21,2,2,1083,33.1,15.1,.933653,2,1,0,43.66837
2005,6,21,2,2,1083,33.15,15.1,.933653,2,1,0,43.66837
2005,6,21,2,2,1083,33.2,15.1,.933653,2,1,0,43.66837
2005,6,21,2,2,1083,33.22,45.6,.933653,2,1,0,43.66837
2005,6,21,2,2,1083,120.06,10.1,.933653,2,0,0,120.06
2005,6,21,3,2,1083,0,235,.933653,2,1,0,0
2005,6,21,3,2,1083,33.08,15.1,.933653,2,1,0,43.66837
2005,6,21,3,2,1083,33.13,15.1,.933653,2,1,0,43.66837
2005,6,21,3,2,1083,33.18,15.1,.933653,2,1,0,43.66837
2005,6,21,3,2,1083,33.21,60.7,.933653,2,1,0,43.66837
2005,6,21,3,2,1083,120.05,10.1,.933653,2,0,0,120.05
2005,6,21,4,2,1083,0,235,.933653,2,1,0,0
2005,6,21,4,2,1083,33.18,106,.933653,2,1,0,43.66837
2005,6,21,4,2,1083,120.02,10.1,.933653,2,0,0,120.02
2005,6,21,5,2,1083,0,235,.933653,2,1,0,0
2005,6,21,5,2,1083,33.18,106,.933653,2,1,0,43.66837
2005,6,21,5,2,1083,120.02,10.1,.933653,2,0,0,120.02
2005,6,21,6,2,1083,0,235,.933653,2,1,0,0
2005,6,21,6,2,1083,33.18,106,.933653,2,1,0,43.66837
2005,6,21,6,2,1083,120.02,10.1,.933653,2,0,0,120.02
2005,6,21,7,2,1083,0,235,.933653,2,1,0,0
2005,6,21,7,2,1083,33.16,15.1,.933653,2,1,0,43.66837
2005,6,21,7,2,1083,33.19,90.9,.933653,2,1,0,43.66837
2005,6,21,7,2,1083,120.03,10.1,.933653,2,0,0,120.03
2005,6,21,8,2,1083,0,235,.933653,2,1,0,0
2005,6,21,8,2,1083,14.54,106,.933653,2,1,0,43.66837
2005,6,21,8,2,1083,120.02,10.1,.933653,2,0,0,120.02
2005,6,21,9,2,1083,0,235,.933653,2,1,0,0
2005,6,21,9,2,1083,14.54,106,.933653,2,1,0,43.66837
2005,6,21,9,2,1083,120.02,10.1,.933653,2,0,0,120.02
2005,6,21,10,2,1083,0,235,.933653,2,1,0,0
2005,6,21,10,2,1083,14.54,106,.933653,2,1,0,43.66837
2005,6,21,10,2,1083,120.02,10.1,.933653,2,0,0,120.02
2005,6,21,11,2,1083,0,235,.933653,2,1,0,0
2005,6,21,11,2,1083,14.54,106,.933653,2,1,0,43.66837
2005,6,21,11,2,1083,120.02,10.1,.933653,2,0,0,120.02
2005,6,21,12,2,1083,0,235,.933653,2,1,0,0
2005,6,21,12,2,1083,14.54,106,.933653,2,1,0,43.66837
2005,6,21,12,2,1083,120.02,10.1,.933653,2,0,0,120.02
2005,6,21,13,2,1083,0,235,.933653,2,1,0,0
2005,6,21,13,2,1083,14.54,106,.933653,2,1,0,43.66837
2005,6,21,13,2,1083,120.02,10.1,.933653,2,0,0,120.02
2005,6,21,14,2,1083,0,235,.933653,2,1,0,0
2005,6,21,14,2,1083,14.54,106,.933653,2,1,0,43.66837
2005,6,21,14,2,1083,120.02,10.1,.933653,2,0,0,120.02
2005,6,21,15,2,1083,0,235,.933653,2,1,0,0
2005,6,21,15,2,1083,14.54,106,.933653,2,1,0,43.66837
2005,6,21,15,2,1083,120.02,10.1,.933653,2,0,0,120.02
2005,6,21,16,2,1083,0,235,.933653,2,1,0,0
2005,6,21,16,2,1083,14.54,106,.933653,2,1,0,43.66837
2005,6,21,16,2,1083,120.02,10.1,.933653,2,0,0,120.02
2005,6,21,17,2,1083,0,235,.933653,2,1,0,0
2005,6,21,17,2,1083,14.54,106,.933653,2,1,0,43.66837
2005,6,21,17,2,1083,120.02,10.1,.933653,2,0,0,120.02
2005,6,21,18,2,1083,0,235,.933653,2,1,0,0
2005,6,21,18,2,1083,14.54,106,.933653,2,1,0,43.66837
2005,6,21,18,2,1083,120.02,10.1,.933653,2,0,0,120.02
2005,6,21,19,2,1083,0,235,.933653,2,1,0,0
2005,6,21,19,2,1083,14.54,106,.933653,2,1,0,43.66837
2005,6,21,19,2,1083,120.02,10.1,.933653,2,0,0,120.02
2005,6,21,20,2,1083,0,235,.933653,2,1,0,0
2005,6,21,20,2,1083,14.54,106,.933653,2,1,0,43.66837
2005,6,21,20,2,1083,120.02,10.1,.933653,2,0,0,120.02
2005,6,21,21,2,1083,0,235,.933653,2,1,0,0
2005,6,21,21,2,1083,14.54,106,.933653,2,1,0,43.66837
2005,6,21,21,2,1083,120.02,10.1,.933653,2,0,0,120.02
2005,6,21,22,2,1083,0,235,.933653,2,1,0,0
2005,6,21,22,2,1083,14.54,106,.933653,2,1,0,43.66837
2005,6,21,22,2,1083,120.02,10.1,.933653,2,0,0,120.02
2005,6,21,23,2,1083,0,235,.933653,2,1,0,0
2005,6,21,23,2,1083,14.54,106,.933653,2,1,0,43.66837
2005,6,21,23,2,1083,120.02,10.1,.933653,2,0,0,120.02
2005,6,21,24,2,1083,0,235,.933653,2,1,0,0
2005,6,21,24,2,1083,14.54,106,.933653,2,1,0,43.66837
2005,6,21,24,2,1083,120.02,10.1,.933653,2,0,0,120.02
2005,6,21,1,2,1084,0,235,.933653,2,1,0,0
2005,6,21,1,2,1084,14.55,106,.933653,2,1,0,43.795764
2005,6,21,1,2,1084,120.02,9.3,.933653,2,0,0,120.02
2005,6,21,2,2,1084,0,235,.933653,2,1,0,0
2005,6,21,2,2,1084,32.95,106,.933653,2,1,0,43.795764
2005,6,21,2,2,1084,120.02,9.3,.933653,2,0,0,120.02
2005,6,21,3,2,1084,0,235,.933653,2,1,0,0
2005,6,21,3,2,1084,32.95,106,.933653,2,1,0,43.795764
2005,6,21,3,2,1084,120.02,9.3,.933653,2,0,0,120.02
2005,6,21,4,2,1084,0,235,.933653,2,1,0,0
2005,6,21,4,2,1084,32.95,106,.933653,2,1,0,43.795764
2005,6,21,4,2,1084,120.02,9.3,.933653,2,0,0,120.02
2005,6,21,5,2,1084,0,235,.933653,2,1,0,0
2005,6,21,5,2,1084,32.95,106,.933653,2,1,0,43.795764
2005,6,21,5,2,1084,120.02,9.3,.933653,2,0,0,120.02
2005,6,21,6,2,1084,0,235,.933653,2,1,0,0
2005,6,21,6,2,1084,32.95,106,.933653,2,1,0,43.795764
2005,6,21,6,2,1084,120.02,9.3,.933653,2,0,0,120.02
2005,6,21,7,2,1084,0,235,.933653,2,1,0,0
2005,6,21,7,2,1084,32.95,106,.933653,2,1,0,43.795764
2005,6,21,7,2,1084,120.02,9.3,.933653,2,0,0,120.02
2005,6,21,8,2,1084,0,235,.933653,2,1,0,0
2005,6,21,8,2,1084,14.55,90.6,.933653,2,1,0,43.795764
2005,6,21,8,2,1084,32.96,15.4,.933653,2,1,0,43.795764
2005,6,21,8,2,1084,120.03,9.3,.933653,2,0,0,120.03
2005,6,21,9,2,1084,0,235,.933653,2,1,0,0
2005,6,21,9,2,1084,14.55,106,.933653,2,1,0,43.795764
2005,6,21,9,2,1084,120.02,9.3,.933653,2,0,0,120.02
2005,6,21,10,2,1084,0,235,.933653,2,1,0,0
2005,6,21,10,2,1084,14.55,106,.933653,2,1,0,43.795764
2005,6,21,10,2,1084,120.02,9.3,.933653,2,0,0,120.02
2005,6,21,11,2,1084,0,235,.933653,2,1,0,0
2005,6,21,11,2,1084,14.55,106,.933653,2,1,0,43.795764
2005,6,21,11,2,1084,120.02,9.3,.933653,2,0,0,120.02
2005,6,21,12,2,1084,0,235,.933653,2,1,0,0
2005,6,21,12,2,1084,14.55,106,.933653,2,1,0,43.795764
2005,6,21,12,2,1084,120.02,9.3,.933653,2,0,0,120.02
2005,6,21,13,2,1084,0,235,.933653,2,1,0,0
2005,6,21,13,2,1084,14.55,106,.933653,2,1,0,43.795764
2005,6,21,13,2,1084,120.02,9.3,.933653,2,0,0,120.02
2005,6,21,14,2,1084,0,235,.933653,2,1,0,0
2005,6,21,14,2,1084,14.55,106,.933653,2,1,0,43.795764
2005,6,21,14,2,1084,120.02,9.3,.933653,2,0,0,120.02
2005,6,21,15,2,1084,0,235,.933653,2,1,0,0
2005,6,21,15,2,1084,14.55,106,.933653,2,1,0,43.795764
2005,6,21,15,2,1084,120.02,9.3,.933653,2,0,0,120.02
2005,6,21,16,2,1084,0,235,.933653,2,1,0,0
2005,6,21,16,2,1084,14.55,106,.933653,2,1,0,43.795764
2005,6,21,16,2,1084,120.02,9.3,.933653,2,0,0,120.02
2005,6,21,17,2,1084,0,235,.933653,2,1,0,0
2005,6,21,17,2,1084,14.55,106,.933653,2,1,0,43.795764
2005,6,21,17,2,1084,120.02,9.3,.933653,2,0,0,120.02
2005,6,21,18,2,1084,0,235,.933653,2,1,0,0
2005,6,21,18,2,1084,14.55,106,.933653,2,1,0,43.795764
2005,6,21,18,2,1084,120.02,9.3,.933653,2,0,0,120.02
2005,6,21,19,2,1084,0,235,.933653,2,1,0,0
2005,6,21,19,2,1084,14.55,106,.933653,2,1,0,43.795764
2005,6,21,19,2,1084,120.02,9.3,.933653,2,0,0,120.02
2005,6,21,20,2,1084,0,235,.933653,2,1,0,0
2005,6,21,20,2,1084,14.55,106,.933653,2,1,0,43.795764
2005,6,21,20,2,1084,120.02,9.3,.933653,2,0,0,120.02
2005,6,21,21,2,1084,0,235,.933653,2,1,0,0
2005,6,21,21,2,1084,14.55,106,.933653,2,1,0,43.795764
2005,6,21,21,2,1084,120.02,9.3,.933653,2,0,0,120.02
2005,6,21,22,2,1084,0,235,.933653,2,1,0,0
2005,6,21,22,2,1084,14.55,106,.933653,2,1,0,43.795764
2005,6,21,22,2,1084,120.02,9.3,.933653,2,0,0,120.02
2005,6,21,23,2,1084,0,235,.933653,2,1,0,0
2005,6,21,23,2,1084,14.55,106,.933653,2,1,0,43.795764
2005,6,21,23,2,1084,120.02,9.3,.933653,2,0,0,120.02
2005,6,21,24,2,1084,0,235,.933653,2,1,0,0
2005,6,21,24,2,1084,14.55,106,.933653,2,1,0,43.795764
2005,6,21,24,2,1084,120.02,9.3,.933653,2,0,0,120.02
2005,6,21,9,9,200,0,2.4,0,2,1,0,0
2005,6,21,10,9,200,0,2.4,0,2,1,0,0
2005,6,21,11,9,200,0,2.4,0,2,1,0,0
2005,6,21,12,9,200,0,2.4,0,2,1,0,0
2005,6,21,13,9,200,0,2.4,0,2,1,0,0
2005,6,21,14,9,200,0,2.5,0,2,1,0,0
2005,6,21,15,9,200,0,2.5,0,2,1,0,0
2005,6,21,16,9,200,0,2.5,0,2,1,0,0
2005,6,21,17,9,200,0,2.5,0,2,1,0,0
2005,6,21,18,9,200,0,2.5,0,2,1,0,0
2005,6,21,19,9,200,0,2.5,0,2,1,0,0
2005,6,21,20,9,200,0,2.5,0,2,1,0,0
2005,6,21,21,9,200,0,2.6,0,2,1,0,0
2005,6,21,22,9,200,0,2.6,0,2,1,0,0
2005,6,21,23,9,200,0,2.6,0,2,1,0,0
2005,6,21,24,9,200,0,2.6,0,2,1,0,0
2005,6,21,1,6,1087,0,71,.929373,2,1,0,0
2005,6,21,1,6,1087,46.33,89,.929373,2,1,0,43.039837
2005,6,21,1,6,1087,150,46.2,.929373,2,0,0,150
2005,6,21,2,6,1087,0,71,.929373,2,1,0,0
2005,6,21,2,6,1087,46.33,89,.929373,2,0,0,43.039837
2005,6,21,2,6,1087,150,46.2,.929373,2,0,0,150
2005,6,21,3,6,1087,0,71,.929373,2,1,0,0
2005,6,21,3,6,1087,46.33,89,.929373,2,0,0,43.039837
2005,6,21,3,6,1087,150,46.2,.929373,2,0,0,150
2005,6,21,4,6,1087,0,71,.929373,2,1,0,0
2005,6,21,4,6,1087,46.33,89,.929373,2,0,0,43.039837
2005,6,21,4,6,1087,150,46.2,.929373,2,0,0,150
2005,6,21,5,6,1087,0,71,.929373,2,1,0,0
2005,6,21,5,6,1087,46.33,89,.929373,2,0,0,43.039837
2005,6,21,5,6,1087,150,46.2,.929373,2,0,0,150
2005,6,21,6,6,1087,0,71,.929373,2,1,0,0
2005,6,21,6,6,1087,46.33,89,.929373,2,0,0,43.039837
2005,6,21,6,6,1087,150,46.2,.929373,2,0,0,150
2005,6,21,7,6,1087,0,71,.929373,2,1,0,0
2005,6,21,7,6,1087,46.33,89,.929373,2,0,0,43.039837
2005,6,21,7,6,1087,150,46.2,.929373,2,0,0,150
2005,6,21,8,6,1087,0,71,.929373,2,1,0,0
2005,6,21,8,6,1087,46.33,89,.929373,2,0,0,43.039837
2005,6,21,8,6,1087,150,46.2,.929373,2,0,0,150
2005,6,21,9,6,1087,85.31,170,.929373,2,0,0,43.039837
2005,6,21,9,6,1087,150,36.2,.929373,2,0,0,150
2005,6,21,10,6,1087,85.31,7.3,.929373,2,1,0,43.039837
2005,6,21,10,6,1087,150,36.2,.929373,2,0,0,150
2005,6,21,11,6,1087,85.31,170,.929373,2,1,0,43.039837
2005,6,21,11,6,1087,150,36.2,.929373,2,0,0,150
2005,6,21,12,6,1087,85.31,170,.929373,2,1,0,43.039837
2005,6,21,12,6,1087,150,36.2,.929373,2,0,0,150
2005,6,21,13,6,1087,85.31,170,.929373,2,1,0,43.039837
2005,6,21,13,6,1087,150,36.2,.929373,2,0,0,150
2005,6,21,14,6,1087,85.31,170,.929373,2,1,0,43.039837
2005,6,21,14,6,1087,150,36.2,.929373,2,0,0,150
2005,6,21,15,6,1087,85.31,170,.929373,2,1,0,43.039837
2005,6,21,15,6,1087,150,36.2,.929373,2,0,0,150
2005,6,21,16,6,1087,85.31,170,.929373,2,1,0,43.039837
2005,6,21,16,6,1087,150,36.2,.929373,2,0,0,150
2005,6,21,17,6,1087,85.31,170,.929373,2,1,0,43.039837
2005,6,21,17,6,1087,150,36.2,.929373,2,0,0,150
2005,6,21,18,6,1087,85.31,170,.929373,2,1,0,43.039837
2005,6,21,18,6,1087,150,36.2,.929373,2,0,0,150
2005,6,21,19,6,1087,85.31,170,.929373,2,1,0,43.039837
2005,6,21,19,6,1087,150,36.2,.929373,2,0,0,150
2005,6,21,20,6,1087,85.31,170,.929373,2,1,0,43.039837
2005,6,21,20,6,1087,150,36.2,.929373,2,0,0,150
2005,6,21,21,6,1087,85.31,170,.929373,2,1,0,43.039837
2005,6,21,21,6,1087,150,36.2,.929373,2,0,0,150
2005,6,21,22,6,1087,85.31,170,.929373,2,0,0,43.039837
2005,6,21,22,6,1087,150,36.2,.929373,2,0,0,150
2005,6,21,23,6,1087,85.31,170,.929373,2,0,0,43.039837
2005,6,21,23,6,1087,150,36.2,.929373,2,0,0,150
2005,6,21,24,6,1087,85.31,170,.929373,2,0,0,43.039837
2005,6,21,24,6,1087,150,36.2,.929373,2,0,0,150
2005,6,21,1,6,1088,0,137,.990301,2,1,0,0
2005,6,21,1,6,1088,43.14,63,.990301,2,1,0,43.756124
2005,6,21,1,6,1088,46.14,99,.990301,2,1,0,43.756124
2005,6,21,2,6,1088,0,137,.990301,2,1,0,0
2005,6,21,2,6,1088,43.14,63,.990301,2,1,0,43.756124
2005,6,21,2,6,1088,46.14,99,.990301,2,0,0,43.756124
2005,6,21,3,6,1088,0,137,.990301,2,1,0,0
2005,6,21,3,6,1088,43.14,63,.990301,2,0,0,43.756124
2005,6,21,3,6,1088,46.14,99,.990301,2,0,0,43.756124
2005,6,21,4,6,1088,0,137,.990301,2,1,0,0
2005,6,21,4,6,1088,43.14,63,.990301,2,0,0,43.756124
2005,6,21,4,6,1088,46.14,99,.990301,2,0,0,43.756124
2005,6,21,5,6,1088,0,137,.990301,2,1,0,0
2005,6,21,5,6,1088,43.14,63,.990301,2,0,0,43.756124
2005,6,21,5,6,1088,46.14,99,.990301,2,0,0,43.756124
2005,6,21,6,6,1088,0,137,.990301,2,1,0,0
2005,6,21,6,6,1088,43.14,63,.990301,2,0,0,43.756124
2005,6,21,6,6,1088,46.14,99,.990301,2,0,0,43.756124
2005,6,21,7,6,1088,0,137,.990301,2,1,0,0
2005,6,21,7,6,1088,43.14,63,.990301,2,0,0,43.756124
2005,6,21,7,6,1088,46.14,99,.990301,2,0,0,43.756124
2005,6,21,8,6,1088,0,137,.990301,2,1,0,0
2005,6,21,8,6,1088,43.14,63,.990301,2,1,0,43.756124
2005,6,21,8,6,1088,46.14,99,.990301,2,0,0,43.756124
2005,6,21,9,6,1088,67.16,299,.990301,2,0,0,43.756124
2005,6,21,10,6,1088,67.16,299,.990301,2,1,0,43.756124
2005,6,21,11,6,1088,67.16,299,.990301,2,1,0,43.756124
2005,6,21,12,6,1088,67.16,299,.990301,2,1,0,43.756124
2005,6,21,13,6,1088,67.16,299,.990301,2,1,0,43.756124
2005,6,21,14,6,1088,67.16,299,.990301,2,1,0,43.756124
2005,6,21,15,6,1088,67.16,299,.990301,2,1,0,43.756124
2005,6,21,16,6,1088,67.16,299,.990301,2,1,0,43.756124
2005,6,21,17,6,1088,67.16,299,.990301,2,1,0,43.756124
2005,6,21,18,6,1088,67.16,299,.990301,2,1,0,43.756124
2005,6,21,19,6,1088,67.16,299,.990301,2,1,0,43.756124
2005,6,21,20,6,1088,67.16,299,.990301,2,1,0,43.756124
2005,6,21,21,6,1088,67.16,299,.990301,2,1,0,43.756124
2005,6,21,22,6,1088,67.16,299,.990301,2,1,0,43.756124
2005,6,21,23,6,1088,67.16,299,.990301,2,1,0,43.756124
2005,6,21,24,6,1088,67.16,299,.990301,2,0,0,43.756124
2005,6,21,10,9,203,180,6.1,0,1,1,0,180
2005,6,21,11,9,203,180,6.1,0,1,1,0,180
2005,6,21,12,9,203,180,6.1,0,1,1,0,180
2005,6,21,13,9,203,180,6.1,0,1,1,0,180
2005,6,21,15,9,204,180,.5,0,1,1,0,180
2005,6,21,16,9,204,180,.5,0,1,1,0,180
2005,6,21,17,9,204,180,.5,0,1,1,0,180
2005,6,21,18,9,204,180,.5,0,1,1,0,180
2005,6,21,10,9,205,180,3.4,0,1,1,0,180
2005,6,21,11,9,205,180,3.4,0,1,1,0,180
2005,6,21,12,9,205,180,3.4,0,1,1,0,180
2005,6,21,13,9,205,180,3.4,0,1,1,0,180
2005,6,21,1,9,206,0,11.6,0,2,1,0,0
2005,6,21,2,9,206,0,11.7,0,2,1,0,0
2005,6,21,3,9,206,0,11.7,0,2,1,0,0
2005,6,21,4,9,206,0,11.7,0,2,1,0,0
2005,6,21,5,9,206,0,11.8,0,2,1,0,0
2005,6,21,6,9,206,0,11.8,0,2,1,0,0
2005,6,21,7,9,206,0,11.8,0,2,1,0,0
2005,6,21,8,9,206,0,11.7,0,2,1,0,0
2005,6,21,9,9,206,0,11.7,0,2,1,0,0
2005,6,21,10,9,206,0,11.6,0,2,1,0,0
2005,6,21,11,9,206,0,11.4,0,2,1,0,0
2005,6,21,12,9,206,0,11.2,0,2,1,0,0
2005,6,21,13,9,206,0,11.1,0,2,1,0,0
2005,6,21,14,9,206,0,11,0,2,1,0,0
2005,6,21,15,9,206,0,10.9,0,2,1,0,0
2005,6,21,16,9,206,0,10.9,0,2,1,0,0
2005,6,21,17,9,206,0,10.9,0,2,1,0,0
2005,6,21,18,9,206,0,10.9,0,2,1,0,0
2005,6,21,19,9,206,0,11,0,2,1,0,0
2005,6,21,20,9,206,0,11.1,0,2,1,0,0
2005,6,21,21,9,206,0,11.2,0,2,1,0,0
2005,6,21,22,9,206,0,11.3,0,2,1,0,0
2005,6,21,23,9,206,0,11.4,0,2,1,0,0
2005,6,21,24,9,206,0,11.4,0,2,1,0,0
2005,6,21,1,9,207,0,.1,0,2,1,0,0
2005,6,21,2,9,207,0,.2,0,2,1,0,0
2005,6,21,3,9,207,0,.5,0,2,1,0,0
2005,6,21,4,9,207,0,.8,0,2,1,0,0
2005,6,21,5,9,207,0,1.3,0,2,1,0,0
2005,6,21,6,9,207,0,1.8,0,2,1,0,0
2005,6,21,7,9,207,0,2.2,0,2,1,0,0
2005,6,21,8,9,207,0,3,0,2,1,0,0
2005,6,21,9,9,207,0,2.3,0,2,1,0,0
2005,6,21,10,9,207,0,2.1,0,2,1,0,0
2005,6,21,11,9,207,0,1.6,0,2,1,0,0
2005,6,21,12,9,207,0,1,0,2,1,0,0
2005,6,21,13,9,207,0,.5,0,2,1,0,0
2005,6,21,14,9,207,0,.2,0,2,1,0,0
2005,6,21,15,9,207,0,.1,0,2,1,0,0
2005,6,21,16,9,207,0,.1,0,2,1,0,0
2005,6,21,17,9,207,0,.2,0,2,1,0,0
2005,6,21,18,9,207,0,.6,0,2,1,0,0
2005,6,21,19,9,207,0,1,0,2,1,0,0
2005,6,21,20,9,207,0,1.2,0,2,1,0,0
2005,6,21,21,9,207,0,1.3,0,2,1,0,0
2005,6,21,22,9,207,0,1.4,0,2,1,0,0
2005,6,21,23,9,207,0,1.4,0,2,1,0,0
2005,6,21,24,9,207,0,1.2,0,2,1,0,0
2005,6,21,1,9,208,0,3.2,0,2,1,0,0
2005,6,21,2,9,208,0,3.2,0,2,1,0,0
2005,6,21,3,9,208,0,3.2,0,2,1,0,0
2005,6,21,4,9,208,0,3.2,0,2,1,0,0
2005,6,21,5,9,208,0,3.2,0,2,1,0,0
2005,6,21,6,9,208,0,3.2,0,2,1,0,0
2005,6,21,7,9,208,0,3.2,0,2,1,0,0
2005,6,21,8,9,208,0,3.2,0,2,1,0,0
2005,6,21,9,9,208,0,3.2,0,2,1,0,0
2005,6,21,10,9,208,0,3.2,0,2,1,0,0
2005,6,21,11,9,208,0,3.2,0,2,1,0,0
2005,6,21,12,9,208,0,3.2,0,2,1,0,0
2005,6,21,13,9,208,0,3.2,0,2,1,0,0
2005,6,21,14,9,208,0,3.2,0,2,1,0,0
2005,6,21,15,9,208,0,3.2,0,2,1,0,0
2005,6,21,16,9,208,0,3.2,0,2,1,0,0
2005,6,21,17,9,208,0,3.2,0,2,1,0,0
2005,6,21,18,9,208,0,3.2,0,2,1,0,0
2005,6,21,19,9,208,0,3.2,0,2,1,0,0
2005,6,21,20,9,208,0,3.2,0,2,1,0,0
2005,6,21,21,9,208,0,3.2,0,2,1,0,0
2005,6,21,22,9,208,0,3.2,0,2,1,0,0
2005,6,21,23,9,208,0,3.2,0,2,1,0,0
2005,6,21,24,9,208,0,3.2,0,2,1,0,0
2005,6,21,1,9,209,0,1.6,0,2,1,0,0
2005,6,21,2,9,209,0,1.6,0,2,1,0,0
2005,6,21,3,9,209,0,1.6,0,2,1,0,0
2005,6,21,4,9,209,0,1.6,0,2,1,0,0
2005,6,21,5,9,209,0,1.6,0,2,1,0,0
2005,6,21,6,9,209,0,1.6,0,2,1,0,0
2005,6,21,7,9,209,0,1.6,0,2,1,0,0
2005,6,21,8,9,209,0,1.6,0,2,1,0,0
2005,6,21,9,9,209,0,1.6,0,2,1,0,0
2005,6,21,10,9,209,0,1.6,0,2,1,0,0
2005,6,21,11,9,209,0,1.6,0,2,1,0,0
2005,6,21,12,9,209,0,1.6,0,2,1,0,0
2005,6,21,13,9,209,0,1.5,0,2,1,0,0
2005,6,21,14,9,209,0,1.5,0,2,1,0,0
2005,6,21,15,9,209,0,1.5,0,2,1,0,0
2005,6,21,16,9,209,0,1.5,0,2,1,0,0
2005,6,21,17,9,209,0,1.5,0,2,1,0,0
2005,6,21,18,9,209,0,1.5,0,2,1,0,0
2005,6,21,19,9,209,0,1.5,0,2,1,0,0
2005,6,21,20,9,209,0,1.6,0,2,1,0,0
2005,6,21,21,9,209,0,1.6,0,2,1,0,0
2005,6,21,22,9,209,0,1.6,0,2,1,0,0
2005,6,21,23,9,209,0,1.6,0,2,1,0,0
2005,6,21,24,9,209,0,1.6,0,2,1,0,0
2005,6,21,1,9,210,46.01,270,0,1,0,1,46.01
2005,6,21,1,9,210,47.01,210,0,1,0,1,47.01
2005,6,21,1,9,210,49.01,13,0,1,0,1,49.01
2005,6,21,1,9,210,51.01,11,0,1,0,1,51.01
2005,6,21,1,9,210,52.01,10,0,1,0,1,52.01
2005,6,21,2,9,210,46.01,270,0,1,1,0,46.01
2005,6,21,2,9,210,47.01,210,0,1,1,0,47.01
2005,6,21,2,9,210,49.01,13,0,1,1,0,49.01
2005,6,21,2,9,210,51.01,10,0,1,1,0,51.01
2005,6,21,2,9,210,52.01,10,0,1,1,0,52.01
2005,6,21,3,9,210,47.01,220,0,1,1,0,47.01
2005,6,21,3,9,210,47.51,11,0,1,1,0,47.51
2005,6,21,3,9,210,47.76,10,0,1,1,0,47.76
2005,6,21,4,9,210,47.01,90,0,1,1,0,47.01
2005,6,21,4,9,210,47.51,11,0,1,1,0,47.51
2005,6,21,4,9,210,47.76,10,0,1,1,0,47.76
2005,6,21,5,9,210,47.01,70,0,1,1,0,47.01
2005,6,21,5,9,210,47.51,11,0,1,1,0,47.51
2005,6,21,5,9,210,47.76,10,0,1,1,0,47.76
2005,6,21,9,9,210,43.01,90,0,1,0,1,43.01
2005,6,21,10,9,210,43.01,400,0,1,0,1,43.01
2005,6,21,11,9,210,43.01,400,0,1,0,1,43.01
2005,6,21,12,9,210,43.01,400,0,1,0,1,43.01
2005,6,21,13,9,210,43.01,400,0,1,0,1,43.01
2005,6,21,14,9,210,43.01,400,0,1,0,1,43.01
2005,6,21,15,9,210,43.01,400,0,1,0,1,43.01
2005,6,21,16,9,210,43.01,400,0,1,0,1,43.01
2005,6,21,17,9,210,43.01,400,0,1,0,1,43.01
2005,6,21,18,9,210,43.01,400,0,1,0,1,43.01
2005,6,21,19,9,210,43.01,400,0,1,0,1,43.01
2005,6,21,20,9,210,43.01,400,0,1,0,1,43.01
2005,6,21,21,9,210,43.01,400,0,1,0,1,43.01
2005,6,21,22,9,210,43.01,400,0,1,0,1,43.01
2005,6,21,23,9,210,43.01,400,0,1,0,1,43.01
2005,6,21,24,9,210,43.01,400,0,1,0,1,43.01
2005,6,21,1,9,211,180,.1,0,2,0,0,180
2005,6,21,1,9,212,180,.1,0,2,0,0,180
2005,6,21,1,4,1091,0,200,.926179,2,1,0,0
2005,6,21,1,4,1091,44.46,10,.926179,2,1,0,42.287509
2005,6,21,1,4,1091,45.11,6,.926179,2,1,0,42.287509
2005,6,21,1,4,1091,45.86,10,.926179,2,0,1,42.287509
2005,6,21,1,4,1091,46.7,10,.926179,2,0,1,42.287509
2005,6,21,1,4,1091,95,10,.926179,2,0,1,42.287509
2005,6,21,1,4,1091,150,14,.926179,2,0,1,150
2005,6,21,2,4,1091,0,140,.926179,2,1,0,0
2005,6,21,2,4,1091,34.11,40,.926179,2,1,0,42.287509
2005,6,21,2,4,1091,43.43,10,.926179,2,0,1,42.287509
2005,6,21,2,4,1091,43.9,10,.926179,2,0,1,42.287509
2005,6,21,2,4,1091,44.46,10,.926179,2,0,1,42.287509
2005,6,21,2,4,1091,45.11,10,.926179,2,0,1,42.287509
2005,6,21,2,4,1091,45.86,10,.926179,2,0,1,42.287509
2005,6,21,2,4,1091,46.7,10,.926179,2,0,1,42.287509
2005,6,21,2,4,1091,95,10,.926179,2,0,1,42.287509
2005,6,21,2,4,1091,150,14,.926179,2,0,1,150
2005,6,21,3,4,1091,0,140,.926179,2,1,0,0
2005,6,21,3,4,1091,34.11,40,.926179,2,1,0,42.287509
2005,6,21,3,4,1091,43.43,10,.926179,2,0,1,42.287509
2005,6,21,3,4,1091,43.9,10,.926179,2,0,1,42.287509
2005,6,21,3,4,1091,44.46,10,.926179,2,0,1,42.287509
2005,6,21,3,4,1091,45.11,10,.926179,2,0,1,42.287509
2005,6,21,3,4,1091,45.86,10,.926179,2,0,1,42.287509
2005,6,21,3,4,1091,46.7,10,.926179,2,0,1,42.287509
2005,6,21,3,4,1091,95,10,.926179,2,0,1,42.287509
2005,6,21,3,4,1091,150,14,.926179,2,0,1,150
2005,6,21,4,4,1091,0,140,.926179,2,1,0,0
2005,6,21,4,4,1091,34.11,40,.926179,2,1,0,42.287509
2005,6,21,4,4,1091,43.43,10,.926179,2,0,1,42.287509
2005,6,21,4,4,1091,43.9,10,.926179,2,0,1,42.287509
2005,6,21,4,4,1091,44.46,10,.926179,2,0,1,42.287509
2005,6,21,4,4,1091,45.11,10,.926179,2,0,1,42.287509
2005,6,21,4,4,1091,45.86,10,.926179,2,0,1,42.287509
2005,6,21,4,4,1091,46.7,10,.926179,2,0,1,42.287509
2005,6,21,4,4,1091,95,10,.926179,2,0,1,42.287509
2005,6,21,4,4,1091,150,14,.926179,2,0,1,150
2005,6,21,5,4,1091,0,140,.926179,2,1,0,0
2005,6,21,5,4,1091,34.11,40,.926179,2,1,0,42.287509
2005,6,21,5,4,1091,43.43,10,.926179,2,0,1,42.287509
2005,6,21,5,4,1091,43.9,10,.926179,2,0,1,42.287509
2005,6,21,5,4,1091,44.46,10,.926179,2,0,1,42.287509
2005,6,21,5,4,1091,45.11,10,.926179,2,0,1,42.287509
2005,6,21,5,4,1091,45.86,10,.926179,2,0,1,42.287509
2005,6,21,5,4,1091,46.7,10,.926179,2,0,1,42.287509
2005,6,21,5,4,1091,95,10,.926179,2,0,1,42.287509
2005,6,21,5,4,1091,150,14,.926179,2,0,1,150
2005,6,21,6,4,1091,0,140,.926179,2,1,0,0
2005,6,21,6,4,1091,34.11,40,.926179,2,1,0,42.287509
2005,6,21,6,4,1091,43.43,10,.926179,2,0,1,42.287509
2005,6,21,6,4,1091,43.9,10,.926179,2,0,1,42.287509
2005,6,21,6,4,1091,44.46,10,.926179,2,0,1,42.287509
2005,6,21,6,4,1091,45.11,10,.926179,2,0,1,42.287509
2005,6,21,6,4,1091,45.86,10,.926179,2,0,1,42.287509
2005,6,21,6,4,1091,46.7,10,.926179,2,0,1,42.287509
2005,6,21,6,4,1091,95,10,.926179,2,0,1,42.287509
2005,6,21,6,4,1091,150,14,.926179,2,0,1,150
2005,6,21,7,4,1091,0,140,.926179,2,1,0,0
2005,6,21,7,4,1091,34.11,40,.926179,2,1,0,42.287509
2005,6,21,7,4,1091,43.43,10,.926179,2,0,1,42.287509
2005,6,21,7,4,1091,43.9,10,.926179,2,0,1,42.287509
2005,6,21,7,4,1091,44.46,10,.926179,2,0,1,42.287509
2005,6,21,7,4,1091,45.11,10,.926179,2,0,1,42.287509
2005,6,21,7,4,1091,45.86,10,.926179,2,0,1,42.287509
2005,6,21,7,4,1091,46.7,10,.926179,2,0,1,42.287509
2005,6,21,7,4,1091,95,10,.926179,2,0,1,42.287509
2005,6,21,7,4,1091,150,14,.926179,2,0,1,150
2005,6,21,8,4,1091,0,200,.926179,2,1,0,0
2005,6,21,8,4,1091,44.46,10,.926179,2,0,1,42.287509
2005,6,21,8,4,1091,45.11,10,.926179,2,0,1,42.287509
2005,6,21,8,4,1091,45.86,10,.926179,2,0,1,42.287509
2005,6,21,8,4,1091,46.7,10,.926179,2,0,1,42.287509
2005,6,21,8,4,1091,95,10,.926179,2,0,1,42.287509
2005,6,21,8,4,1091,150,14,.926179,2,0,1,150
2005,6,21,9,4,1091,0,240,.926179,2,1,0,0
2005,6,21,9,4,1091,95,10,.926179,2,0,1,42.287509
2005,6,21,9,4,1091,150,14,.926179,2,0,1,150
2005,6,21,10,4,1091,0,240,.926179,2,1,0,0
2005,6,21,10,4,1091,95,10,.926179,2,0,1,42.287509
2005,6,21,10,4,1091,150,14,.926179,2,0,1,150
2005,6,21,11,4,1091,0,240,.926179,2,1,0,0
2005,6,21,11,4,1091,95,10,.926179,2,1,0,42.287509
2005,6,21,11,4,1091,150,14,.926179,2,0,1,150
2005,6,21,12,4,1091,0,240,.926179,2,1,0,0
2005,6,21,12,4,1091,95,10,.926179,2,1,0,42.287509
2005,6,21,12,4,1091,150,14,.926179,2,0,1,150
2005,6,21,13,4,1091,0,240,.926179,2,1,0,0
2005,6,21,13,4,1091,95,10,.926179,2,1,0,42.287509
2005,6,21,13,4,1091,150,14,.926179,2,0,1,150
2005,6,21,14,4,1091,0,240,.926179,2,1,0,0
2005,6,21,14,4,1091,95,10,.926179,2,1,0,42.287509
2005,6,21,14,4,1091,150,14,.926179,2,0,1,150
2005,6,21,15,4,1091,0,240,.926179,2,1,0,0
2005,6,21,15,4,1091,95,10,.926179,2,1,0,42.287509
2005,6,21,15,4,1091,150,14,.926179,2,0,1,150
2005,6,21,16,4,1091,0,240,.926179,2,1,0,0
2005,6,21,16,4,1091,95,10,.926179,2,1,0,42.287509
2005,6,21,16,4,1091,150,14,.926179,2,0,1,150
2005,6,21,17,4,1091,0,240,.926179,2,1,0,0
2005,6,21,17,4,1091,95,10,.926179,2,1,0,42.287509
2005,6,21,17,4,1091,150,14,.926179,2,0,1,150
2005,6,21,18,4,1091,0,240,.926179,2,1,0,0
2005,6,21,18,4,1091,95,10,.926179,2,1,0,42.287509
2005,6,21,18,4,1091,150,14,.926179,2,0,1,150
2005,6,21,19,4,1091,0,240,.926179,2,1,0,0
2005,6,21,19,4,1091,95,10,.926179,2,1,0,42.287509
2005,6,21,19,4,1091,150,14,.926179,2,0,1,150
2005,6,21,20,4,1091,0,240,.926179,2,1,0,0
2005,6,21,20,4,1091,95,10,.926179,2,1,0,42.287509
2005,6,21,20,4,1091,150,14,.926179,2,0,1,150
2005,6,21,21,4,1091,0,240,.926179,2,1,0,0
2005,6,21,21,4,1091,95,10,.926179,2,0,1,42.287509
2005,6,21,21,4,1091,150,14,.926179,2,0,1,150
2005,6,21,22,4,1091,0,240,.926179,2,1,0,0
2005,6,21,22,4,1091,95,10,.926179,2,0,1,42.287509
2005,6,21,22,4,1091,150,14,.926179,2,0,1,150
2005,6,21,23,4,1091,0,240,.926179,2,1,0,0
2005,6,21,23,4,1091,95,10,.926179,2,0,1,42.287509
2005,6,21,23,4,1091,150,14,.926179,2,0,1,150
2005,6,21,24,4,1091,0,240,.926179,2,1,0,0
2005,6,21,24,4,1091,95,10,.926179,2,0,1,42.287509
2005,6,21,24,4,1091,150,14,.926179,2,0,1,150
2005,6,21,1,4,1092,0,305,.926179,2,1,0,0
2005,6,21,1,4,1092,95,28,.926179,2,0,0,42.133782
2005,6,21,1,4,1092,150,22.1,.926179,2,0,0,150
2005,6,21,2,4,1092,0,305,.926179,2,1,0,0
2005,6,21,2,4,1092,95,28,.926179,2,0,0,42.133782
2005,6,21,2,4,1092,150,22.1,.926179,2,0,0,150
2005,6,21,3,4,1092,0,305,.926179,2,1,0,0
2005,6,21,3,4,1092,95,28,.926179,2,0,0,42.133782
2005,6,21,3,4,1092,150,22.1,.926179,2,0,0,150
2005,6,21,4,4,1092,0,305,.926179,2,1,0,0
2005,6,21,4,4,1092,95,28,.926179,2,0,0,42.133782
2005,6,21,4,4,1092,150,22.1,.926179,2,0,0,150
2005,6,21,5,4,1092,0,305,.926179,2,1,0,0
2005,6,21,5,4,1092,95,28,.926179,2,0,0,42.133782
2005,6,21,5,4,1092,150,22.1,.926179,2,0,0,150
2005,6,21,6,4,1092,0,305,.926179,2,1,0,0
2005,6,21,6,4,1092,95,28,.926179,2,0,0,42.133782
2005,6,21,6,4,1092,150,22.1,.926179,2,0,0,150
2005,6,21,7,4,1092,0,305,.926179,2,1,0,0
2005,6,21,7,4,1092,95,28,.926179,2,0,0,42.133782
2005,6,21,7,4,1092,150,22.1,.926179,2,0,0,150
2005,6,21,8,4,1092,0,305,.926179,2,1,0,0
2005,6,21,8,4,1092,95,28,.926179,2,0,0,42.133782
2005,6,21,8,4,1092,150,22.1,.926179,2,0,0,150
2005,6,21,9,4,1092,0,305,.926179,2,1,0,0
2005,6,21,9,4,1092,95,28,.926179,2,0,0,42.133782
2005,6,21,9,4,1092,150,22.1,.926179,2,0,0,150
2005,6,21,10,4,1092,0,305,.926179,2,1,0,0
2005,6,21,10,4,1092,95,28,.926179,2,0,0,42.133782
2005,6,21,10,4,1092,150,22.1,.926179,2,0,0,150
2005,6,21,11,4,1092,0,305,.926179,2,1,0,0
2005,6,21,11,4,1092,95,28,.926179,2,1,0,42.133782
2005,6,21,11,4,1092,150,22.1,.926179,2,0,0,150
2005,6,21,12,4,1092,0,305,.926179,2,1,0,0
2005,6,21,12,4,1092,95,28,.926179,2,1,0,42.133782
2005,6,21,12,4,1092,150,22.1,.926179,2,0,0,150
2005,6,21,13,4,1092,0,305,.926179,2,1,0,0
2005,6,21,13,4,1092,95,28,.926179,2,1,0,42.133782
2005,6,21,13,4,1092,150,22.1,.926179,2,0,0,150
2005,6,21,14,4,1092,0,305,.926179,2,1,0,0
2005,6,21,14,4,1092,95,28,.926179,2,1,0,42.133782
2005,6,21,14,4,1092,150,22.1,.926179,2,0,0,150
2005,6,21,15,4,1092,0,305,.926179,2,1,0,0
2005,6,21,15,4,1092,95,28,.926179,2,1,0,42.133782
2005,6,21,15,4,1092,150,22.1,.926179,2,0,0,150
2005,6,21,16,4,1092,0,305,.926179,2,1,0,0
2005,6,21,16,4,1092,95,28,.926179,2,1,0,42.133782
2005,6,21,16,4,1092,150,22.1,.926179,2,0,0,150
2005,6,21,17,4,1092,0,305,.926179,2,1,0,0
2005,6,21,17,4,1092,95,28,.926179,2,1,0,42.133782
2005,6,21,17,4,1092,150,22.1,.926179,2,0,0,150
2005,6,21,18,4,1092,0,305,.926179,2,1,0,0
2005,6,21,18,4,1092,95,28,.926179,2,1,0,42.133782
2005,6,21,18,4,1092,150,22.1,.926179,2,0,0,150
2005,6,21,19,4,1092,0,305,.926179,2,1,0,0
2005,6,21,19,4,1092,95,28,.926179,2,1,0,42.133782
2005,6,21,19,4,1092,150,22.1,.926179,2,0,0,150
2005,6,21,20,4,1092,0,305,.926179,2,1,0,0
2005,6,21,20,4,1092,95,28,.926179,2,1,0,42.133782
2005,6,21,20,4,1092,150,22.1,.926179,2,0,0,150
2005,6,21,21,4,1092,0,305,.926179,2,1,0,0
2005,6,21,21,4,1092,95,28,.926179,2,0,0,42.133782
2005,6,21,21,4,1092,150,22.1,.926179,2,0,0,150
2005,6,21,22,4,1092,0,305,.926179,2,1,0,0
2005,6,21,22,4,1092,95,28,.926179,2,0,0,42.133782
2005,6,21,22,4,1092,150,22.1,.926179,2,0,0,150
2005,6,21,23,4,1092,0,305,.926179,2,1,0,0
2005,6,21,23,4,1092,95,28,.926179,2,0,0,42.133782
2005,6,21,23,4,1092,150,22.1,.926179,2,0,0,150
2005,6,21,24,4,1092,0,305,.926179,2,1,0,0
2005,6,21,24,4,1092,95,28,.926179,2,0,0,42.133782
2005,6,21,24,4,1092,150,22.1,.926179,2,0,0,150
2005,6,21,1,9,215,0,22.4,0,2,1,0,0
2005,6,21,2,9,215,0,22.5,0,2,1,0,0
2005,6,21,3,9,215,0,22.6,0,2,1,0,0
2005,6,21,4,9,215,0,22.6,0,2,1,0,0
2005,6,21,5,9,215,0,22.7,0,2,1,0,0
2005,6,21,6,9,215,0,22.7,0,2,1,0,0
2005,6,21,7,9,215,0,22.7,0,2,1,0,0
2005,6,21,8,9,215,0,22.7,0,2,1,0,0
2005,6,21,9,9,215,0,22.6,0,2,1,0,0
2005,6,21,10,9,215,0,22.5,0,2,1,0,0
2005,6,21,11,9,215,0,22.4,0,2,1,0,0
2005,6,21,12,9,215,0,22.3,0,2,1,0,0
2005,6,21,13,9,215,0,22.2,0,2,1,0,0
2005,6,21,14,9,215,0,22.1,0,2,1,0,0
2005,6,21,15,9,215,0,22,0,2,1,0,0
2005,6,21,16,9,215,0,21.9,0,2,1,0,0
2005,6,21,17,9,215,0,21.8,0,2,1,0,0
2005,6,21,18,9,215,0,21.7,0,2,1,0,0
2005,6,21,19,9,215,0,21.6,0,2,1,0,0
2005,6,21,20,9,215,0,21.7,0,2,1,0,0
2005,6,21,21,9,215,0,21.8,0,2,1,0,0
2005,6,21,22,9,215,0,21.9,0,2,1,0,0
2005,6,21,23,9,215,0,22.1,0,2,1,0,0
2005,6,21,24,9,215,0,22.3,0,2,1,0,0
2005,6,21,1,9,216,0,46.9,0,2,1,0,0
2005,6,21,2,9,216,0,47.1,0,2,1,0,0
2005,6,21,3,9,216,0,47.2,0,2,1,0,0
2005,6,21,4,9,216,0,47.2,0,2,1,0,0
2005,6,21,5,9,216,0,47.8,0,2,1,0,0
2005,6,21,6,9,216,0,48.1,0,2,1,0,0
2005,6,21,7,9,216,0,48.6,0,2,1,0,0
2005,6,21,8,9,216,0,49,0,2,1,0,0
2005,6,21,9,9,216,0,48.2,0,2,1,0,0
2005,6,21,10,9,216,0,47,0,2,1,0,0
2005,6,21,11,9,216,0,46.9,0,2,1,0,0
2005,6,21,12,9,216,0,46.8,0,2,1,0,0
2005,6,21,13,9,216,0,46.7,0,2,1,0,0
2005,6,21,14,9,216,0,46.8,0,2,1,0,0
2005,6,21,15,9,216,0,46.4,0,2,1,0,0
2005,6,21,16,9,216,0,47,0,2,1,0,0
2005,6,21,17,9,216,0,46.6,0,2,1,0,0
2005,6,21,18,9,216,0,46.4,0,2,1,0,0
2005,6,21,19,9,216,0,47.3,0,2,1,0,0
2005,6,21,20,9,216,0,47.8,0,2,1,0,0
2005,6,21,21,9,216,0,46,0,2,1,0,0
2005,6,21,22,9,216,0,45.8,0,2,1,0,0
2005,6,21,23,9,216,0,45.5,0,2,1,0,0
2005,6,21,24,9,216,0,45.8,0,2,1,0,0
2005,6,21,1,9,217,0,71.2,0,2,1,0,0
2005,6,21,1,9,217,180.3,71.5,0,2,0,0,180.3
2005,6,21,2,9,217,0,71.3,0,2,1,0,0
2005,6,21,2,9,217,180.3,71.4,0,2,0,0,180.3
2005,6,21,3,9,217,0,70.2,0,2,1,0,0
2005,6,21,3,9,217,180.3,72.5,0,2,0,0,180.3
2005,6,21,4,9,217,0,70.4,0,2,1,0,0
2005,6,21,4,9,217,180.3,72.3,0,2,0,0,180.3
2005,6,21,5,9,217,0,71,0,2,1,0,0
2005,6,21,5,9,217,180.3,71.7,0,2,0,0,180.3
2005,6,21,6,9,217,0,71.1,0,2,1,0,0
2005,6,21,6,9,217,180.3,71.6,0,2,0,0,180.3
2005,6,21,7,9,217,0,71.7,0,2,1,0,0
2005,6,21,7,9,217,180.3,71,0,2,0,0,180.3
2005,6,21,8,9,217,0,71.7,0,2,1,0,0
2005,6,21,8,9,217,65,2,0,2,0,0,65
2005,6,21,8,9,217,180.3,69,0,2,0,0,180.3
2005,6,21,9,9,217,0,71.1,0,2,1,0,0
2005,6,21,9,9,217,65,2,0,2,0,0,65
2005,6,21,9,9,217,180.3,69.6,0,2,0,0,180.3
2005,6,21,10,9,217,0,71.1,0,2,1,0,0
2005,6,21,10,9,217,65,2,0,2,1,0,65
2005,6,21,10,9,217,180.3,69.6,0,2,0,0,180.3
2005,6,21,11,9,217,0,70.4,0,2,1,0,0
2005,6,21,11,9,217,65,2,0,2,1,0,65
2005,6,21,11,9,217,180.3,70.3,0,2,0,0,180.3
2005,6,21,12,9,217,0,69,0,2,1,0,0
2005,6,21,12,9,217,65,2,0,2,1,0,65
2005,6,21,12,9,217,180.3,71.7,0,2,0,0,180.3
2005,6,21,13,9,217,0,68.2,0,2,1,0,0
2005,6,21,13,9,217,65,2,0,2,1,0,65
2005,6,21,13,9,217,180.3,72.5,0,2,0,0,180.3
2005,6,21,14,9,217,0,68.1,0,2,1,0,0
2005,6,21,14,9,217,65,2,0,2,1,0,65
2005,6,21,14,9,217,180.3,72.6,0,2,0,0,180.3
2005,6,21,15,9,217,0,67.8,0,2,1,0,0
2005,6,21,15,9,217,180.3,74.9,0,2,0,0,180.3
2005,6,21,16,9,217,0,67.6,0,2,1,0,0
2005,6,21,16,9,217,180.3,75.1,0,2,0,0,180.3
2005,6,21,17,9,217,0,67.9,0,2,1,0,0
2005,6,21,17,9,217,65,2,0,2,1,0,65
2005,6,21,17,9,217,180.3,72.8,0,2,0,0,180.3
2005,6,21,18,9,217,0,67.8,0,2,1,0,0
2005,6,21,18,9,217,65,2,0,2,1,0,65
2005,6,21,18,9,217,180.3,72.9,0,2,0,0,180.3
2005,6,21,19,9,217,0,67.8,0,2,1,0,0
2005,6,21,19,9,217,65,2,0,2,1,0,65
2005,6,21,19,9,217,180.3,72.9,0,2,0,0,180.3
2005,6,21,20,9,217,0,67.7,0,2,1,0,0
2005,6,21,20,9,217,65,2,0,2,1,0,65
2005,6,21,20,9,217,180.3,73,0,2,0,0,180.3
2005,6,21,21,9,217,0,68.3,0,2,1,0,0
2005,6,21,21,9,217,65,2,0,2,1,0,65
2005,6,21,21,9,217,180.3,72.4,0,2,0,0,180.3
2005,6,21,22,9,217,0,69,0,2,1,0,0
2005,6,21,22,9,217,65,2,0,2,1,0,65
2005,6,21,22,9,217,180.3,71.7,0,2,0,0,180.3
2005,6,21,23,9,217,0,69.8,0,2,1,0,0
2005,6,21,23,9,217,180.3,72.9,0,2,0,0,180.3
2005,6,21,24,9,217,0,70,0,2,1,0,0
2005,6,21,24,9,217,180.3,72.7,0,2,0,0,180.3
2005,6,21,1,9,218,0,16.5,0,2,1,0,0
2005,6,21,2,9,218,0,16.5,0,2,1,0,0
2005,6,21,3,9,218,0,16.5,0,2,1,0,0
2005,6,21,4,9,218,0,16.5,0,2,1,0,0
2005,6,21,5,9,218,0,16.5,0,2,1,0,0
2005,6,21,6,9,218,0,16.5,0,2,1,0,0
2005,6,21,7,9,218,0,16.5,0,2,1,0,0
2005,6,21,8,9,218,0,16.2,0,2,1,0,0
2005,6,21,9,9,218,0,15.3,0,2,1,0,0
2005,6,21,10,9,218,0,13.9,0,2,1,0,0
2005,6,21,11,9,218,0,15.5,0,2,1,0,0
2005,6,21,12,9,218,0,17.4,0,2,1,0,0
2005,6,21,13,9,218,0,17.6,0,2,1,0,0
2005,6,21,14,9,218,0,17.8,0,2,1,0,0
2005,6,21,15,9,218,0,18,0,2,1,0,0
2005,6,21,16,9,218,0,17.5,0,2,1,0,0
2005,6,21,17,9,218,0,17.2,0,2,1,0,0
2005,6,21,18,9,218,0,18.1,0,2,1,0,0
2005,6,21,19,9,218,0,19,0,2,1,0,0
2005,6,21,20,9,218,0,19.3,0,2,1,0,0
2005,6,21,21,9,218,0,20.4,0,2,1,0,0
2005,6,21,22,9,218,0,21.3,0,2,1,0,0
2005,6,21,23,9,218,0,21.6,0,2,1,0,0
2005,6,21,24,9,218,0,21.2,0,2,1,0,0
2005,6,21,1,2,219,0,7.5,0,2,1,0,0
2005,6,21,2,2,219,0,7.5,0,2,1,0,0
2005,6,21,3,2,219,0,7.5,0,2,1,0,0
2005,6,21,4,2,219,0,7.5,0,2,1,0,0
2005,6,21,5,2,219,0,7.5,0,2,1,0,0
2005,6,21,6,2,219,0,7.5,0,2,1,0,0
2005,6,21,7,2,219,0,7.5,0,2,1,0,0
2005,6,21,8,2,219,0,7.5,0,2,1,0,0
2005,6,21,9,2,219,0,7.5,0,2,1,0,0
2005,6,21,10,2,219,0,22.6,0,2,1,0,0
2005,6,21,11,2,219,0,51.2,0,2,1,0,0
2005,6,21,12,2,219,0,157.5,0,2,1,0,0
2005,6,21,13,2,219,0,171,0,2,1,0,0
2005,6,21,14,2,219,0,170.8,0,2,1,0,0
2005,6,21,15,2,219,0,145.9,0,2,1,0,0
2005,6,21,16,2,219,0,145.8,0,2,1,0,0
2005,6,21,17,2,219,0,170.5,0,2,1,0,0
2005,6,21,18,2,219,0,170.4,0,2,1,0,0
2005,6,21,19,2,219,0,170.2,0,2,1,0,0
2005,6,21,20,2,219,0,66.1,0,2,1,0,0
2005,6,21,21,2,219,0,21.1,0,2,1,0,0
2005,6,21,22,2,219,0,7.5,0,2,1,0,0
2005,6,21,23,2,219,0,7.5,0,2,1,0,0
2005,6,21,24,2,219,0,7.5,0,2,1,0,0
2005,6,21,1,4,1096,148.8,113,.833154,2,0,0,148.8
2005,6,21,1,4,1096,150,2,.833154,2,0,0,150
2005,6,21,2,4,1096,148.8,113,.833154,2,0,0,148.8
2005,6,21,2,4,1096,150,2,.833154,2,0,0,150
2005,6,21,3,4,1096,148.8,113,.833154,2,0,0,148.8
2005,6,21,3,4,1096,150,2,.833154,2,0,0,150
2005,6,21,4,4,1096,148.8,113,.833154,2,0,0,148.8
2005,6,21,4,4,1096,150,2,.833154,2,0,0,150
2005,6,21,5,4,1096,148.8,113,.833154,2,0,0,148.8
2005,6,21,5,4,1096,150,2,.833154,2,0,0,150
2005,6,21,6,4,1096,148.8,113,.833154,2,0,0,148.8
2005,6,21,6,4,1096,150,2,.833154,2,0,0,150
2005,6,21,7,4,1096,148.8,113,.833154,2,0,0,148.8
2005,6,21,7,4,1096,150,2,.833154,2,0,0,150
2005,6,21,8,4,1096,148.8,113,.833154,2,0,0,148.8
2005,6,21,8,4,1096,150,2,.833154,2,0,0,150
2005,6,21,9,4,1096,148.8,113,.833154,2,0,0,148.8
2005,6,21,9,4,1096,150,2,.833154,2,0,0,150
2005,6,21,10,4,1096,148.8,113,.833154,2,0,0,148.8
2005,6,21,10,4,1096,150,2,.833154,2,0,0,150
2005,6,21,11,4,1096,148.8,113,.833154,2,0,0,148.8
2005,6,21,11,4,1096,150,2,.833154,2,0,0,150
2005,6,21,12,4,1096,148.8,113,.833154,2,0,0,148.8
2005,6,21,12,4,1096,150,2,.833154,2,0,0,150
2005,6,21,13,4,1096,148.8,113,.833154,2,0,0,148.8
2005,6,21,13,4,1096,150,2,.833154,2,0,0,150
2005,6,21,14,4,1096,148.8,113,.833154,2,0,0,148.8
2005,6,21,14,4,1096,150,2,.833154,2,0,0,150
2005,6,21,15,4,1096,148.8,113,.833154,2,0,0,148.8
2005,6,21,15,4,1096,150,2,.833154,2,0,0,150
2005,6,21,16,4,1096,148.8,113,.833154,2,0,0,148.8
2005,6,21,16,4,1096,150,2,.833154,2,0,0,150
2005,6,21,17,4,1096,148.8,113,.833154,2,0,0,148.8
2005,6,21,17,4,1096,150,2,.833154,2,0,0,150
2005,6,21,18,4,1096,148.8,113,.833154,2,0,0,148.8
2005,6,21,18,4,1096,150,2,.833154,2,0,0,150
2005,6,21,19,4,1096,148.8,113,.833154,2,0,0,148.8
2005,6,21,19,4,1096,150,2,.833154,2,0,0,150
2005,6,21,20,4,1096,148.8,113,.833154,2,0,0,148.8
2005,6,21,20,4,1096,150,2,.833154,2,0,0,150
2005,6,21,21,4,1096,148.8,113,.833154,2,0,0,148.8
2005,6,21,21,4,1096,150,2,.833154,2,0,0,150
2005,6,21,22,4,1096,148.8,113,.833154,2,0,0,148.8
2005,6,21,22,4,1096,150,2,.833154,2,0,0,150
2005,6,21,23,4,1096,148.8,113,.833154,2,0,0,148.8
2005,6,21,23,4,1096,150,2,.833154,2,0,0,150
2005,6,21,24,4,1096,148.8,113,.833154,2,0,0,148.8
2005,6,21,24,4,1096,150,2,.833154,2,0,0,150
2005,6,21,1,4,1097,140.6,319,.833154,2,0,0,140.6
2005,6,21,1,4,1097,150,13.5,.833154,2,0,0,150
2005,6,21,2,4,1097,140.6,319,.833154,2,0,0,140.6
2005,6,21,2,4,1097,150,13.5,.833154,2,0,0,150
2005,6,21,3,4,1097,140.6,319,.833154,2,0,0,140.6
2005,6,21,3,4,1097,150,13.5,.833154,2,0,0,150
2005,6,21,4,4,1097,140.6,319,.833154,2,0,0,140.6
2005,6,21,4,4,1097,150,13.5,.833154,2,0,0,150
2005,6,21,5,4,1097,140.6,319,.833154,2,0,0,140.6
2005,6,21,5,4,1097,150,13.5,.833154,2,0,0,150
2005,6,21,6,4,1097,140.6,319,.833154,2,0,0,140.6
2005,6,21,6,4,1097,150,13.5,.833154,2,0,0,150
2005,6,21,7,4,1097,140.6,319,.833154,2,0,0,140.6
2005,6,21,7,4,1097,150,13.5,.833154,2,0,0,150
2005,6,21,8,4,1097,140.6,319,.833154,2,0,0,140.6
2005,6,21,8,4,1097,150,13.5,.833154,2,0,0,150
2005,6,21,9,4,1097,140.6,319,.833154,2,0,0,140.6
2005,6,21,9,4,1097,150,13.5,.833154,2,0,0,150
2005,6,21,10,4,1097,140.6,319,.833154,2,0,0,140.6
2005,6,21,10,4,1097,150,13.5,.833154,2,0,0,150
2005,6,21,11,4,1097,140.6,319,.833154,2,0,0,140.6
2005,6,21,11,4,1097,150,13.5,.833154,2,0,0,150
2005,6,21,12,4,1097,140.6,319,.833154,2,0,0,140.6
2005,6,21,12,4,1097,150,13.5,.833154,2,0,0,150
2005,6,21,13,4,1097,140.6,319,.833154,2,0,0,140.6
2005,6,21,13,4,1097,150,13.5,.833154,2,0,0,150
2005,6,21,14,4,1097,140.6,319,.833154,2,0,0,140.6
2005,6,21,14,4,1097,150,13.5,.833154,2,0,0,150
2005,6,21,15,4,1097,140.6,319,.833154,2,0,0,140.6
2005,6,21,15,4,1097,150,13.5,.833154,2,0,0,150
2005,6,21,16,4,1097,140.6,319,.833154,2,0,0,140.6
2005,6,21,16,4,1097,150,13.5,.833154,2,0,0,150
2005,6,21,17,4,1097,140.6,319,.833154,2,0,0,140.6
2005,6,21,17,4,1097,150,13.5,.833154,2,0,0,150
2005,6,21,18,4,1097,140.6,319,.833154,2,0,0,140.6
2005,6,21,18,4,1097,150,13.5,.833154,2,0,0,150
2005,6,21,19,4,1097,140.6,319,.833154,2,0,0,140.6
2005,6,21,19,4,1097,150,13.5,.833154,2,0,0,150
2005,6,21,20,4,1097,140.6,319,.833154,2,0,0,140.6
2005,6,21,20,4,1097,150,13.5,.833154,2,0,0,150
2005,6,21,21,4,1097,140.6,319,.833154,2,0,0,140.6
2005,6,21,21,4,1097,150,13.5,.833154,2,0,0,150
2005,6,21,22,4,1097,140.6,319,.833154,2,0,0,140.6
2005,6,21,22,4,1097,150,13.5,.833154,2,0,0,150
2005,6,21,23,4,1097,140.6,319,.833154,2,0,0,140.6
2005,6,21,23,4,1097,150,13.5,.833154,2,0,0,150
2005,6,21,24,4,1097,140.6,319,.833154,2,0,0,140.6
2005,6,21,24,4,1097,150,13.5,.833154,2,0,0,150
2005,6,21,1,9,222,65,14.4,0,1,1,0,65
2005,6,21,2,9,222,55,14.5,0,1,1,0,55
2005,6,21,3,9,222,52,14.1,0,1,1,0,52
2005,6,21,4,9,222,52,14.5,0,1,1,0,52
2005,6,21,5,9,222,52,13.8,0,1,1,0,52
2005,6,21,6,9,222,52,14.4,0,1,1,0,52
2005,6,21,7,9,222,53,18.2,0,1,1,0,53
2005,6,21,8,9,222,79,20.3,0,1,1,0,79
2005,6,21,9,9,222,79,22.7,0,1,1,0,79
2005,6,21,10,9,222,93,22.8,0,1,1,0,93
2005,6,21,11,9,222,100,19.1,0,1,1,0,100
2005,6,21,12,9,222,100,22.9,0,1,0,0,100
2005,6,21,13,9,222,105,23.1,0,1,0,0,105
2005,6,21,14,9,222,105,11.3,0,1,1,0,105
2005,6,21,15,9,222,106,21.7,0,1,1,0,106
2005,6,21,16,9,222,105,2.1,0,1,1,0,105
2005,6,21,17,9,222,105,7.2,0,1,1,0,105
2005,6,21,18,9,222,110,22.3,0,1,0,0,110
2005,6,21,19,9,222,105,11.2,0,1,1,0,105
2005,6,21,20,9,222,103,20.3,0,1,1,0,103
2005,6,21,21,9,222,95,19.9,0,1,1,0,95
2005,6,21,22,9,222,95,18.6,0,1,1,0,95
2005,6,21,23,9,222,93,16.8,0,1,1,0,93
2005,6,21,24,9,222,79,16.4,0,1,1,0,79
2005,6,21,18,9,223,.1,1,0,1,0,0,.1
2005,6,21,2,9,224,0,25,0,2,1,0,0
2005,6,21,3,9,224,0,25,0,2,1,0,0
2005,6,21,4,9,224,0,25,0,2,1,0,0
2005,6,21,5,9,224,0,25,0,2,1,0,0
2005,6,21,6,9,224,0,25,0,2,1,0,0
2005,6,21,7,9,224,0,25,0,2,1,0,0
2005,6,21,1,1,225,0,81.6,0,2,1,0,0
2005,6,21,1,1,225,85.41,79,0,2,0,0,85.41
2005,6,21,1,1,225,88.01,70,0,2,0,0,88.01
2005,6,21,1,1,225,90.61,70,0,2,0,0,90.61
2005,6,21,1,1,225,123.29,80,0,2,0,0,123.29
2005,6,21,1,1,225,127.66,317,0,2,0,0,127.66
2005,6,21,2,1,225,0,81.6,0,2,1,0,0
2005,6,21,2,1,225,85.41,79,0,2,0,0,85.41
2005,6,21,2,1,225,88.01,70,0,2,0,0,88.01
2005,6,21,2,1,225,90.61,70,0,2,0,0,90.61
2005,6,21,2,1,225,123.29,80,0,2,0,0,123.29
2005,6,21,2,1,225,127.66,317,0,2,0,0,127.66
2005,6,21,3,1,225,0,78.6,0,2,1,0,0
2005,6,21,3,1,225,85.41,79,0,2,0,0,85.41
2005,6,21,3,1,225,88.01,70,0,2,0,0,88.01
2005,6,21,3,1,225,90.61,70,0,2,0,0,90.61
2005,6,21,3,1,225,123.29,80,0,2,0,0,123.29
2005,6,21,3,1,225,127.66,320,0,2,0,0,127.66
2005,6,21,4,1,225,0,78.6,0,2,1,0,0
2005,6,21,4,1,225,85.41,79,0,2,0,0,85.41
2005,6,21,4,1,225,88.01,70,0,2,0,0,88.01
2005,6,21,4,1,225,90.61,70,0,2,0,0,90.61
2005,6,21,4,1,225,123.29,80,0,2,0,0,123.29
2005,6,21,4,1,225,127.66,320,0,2,0,0,127.66
2005,6,21,5,1,225,0,78.6,0,2,1,0,0
2005,6,21,5,1,225,85.41,79,0,2,0,0,85.41
2005,6,21,5,1,225,88.01,70,0,2,0,0,88.01
2005,6,21,5,1,225,90.61,70,0,2,0,0,90.61
2005,6,21,5,1,225,123.29,80,0,2,0,0,123.29
2005,6,21,5,1,225,127.66,320,0,2,0,0,127.66
2005,6,21,6,1,225,0,78.6,0,2,1,0,0
2005,6,21,6,1,225,85.41,79,0,2,0,0,85.41
2005,6,21,6,1,225,88.01,70,0,2,0,0,88.01
2005,6,21,6,1,225,90.61,70,0,2,0,0,90.61
2005,6,21,6,1,225,123.29,80,0,2,0,0,123.29
2005,6,21,6,1,225,127.66,320,0,2,0,0,127.66
2005,6,21,7,1,225,0,81.6,0,2,1,0,0
2005,6,21,7,1,225,85.41,79,0,2,0,0,85.41
2005,6,21,7,1,225,88.01,70,0,2,0,0,88.01
2005,6,21,7,1,225,90.61,70,0,2,0,0,90.61
2005,6,21,7,1,225,123.29,80,0,2,0,0,123.29
2005,6,21,7,1,225,127.66,317,0,2,0,0,127.66
2005,6,21,8,1,225,0,81.6,0,2,1,0,0
2005,6,21,8,1,225,85.41,79,0,2,0,0,85.41
2005,6,21,8,1,225,88.01,70,0,2,0,0,88.01
2005,6,21,8,1,225,90.61,70,0,2,0,0,90.61
2005,6,21,8,1,225,123.29,80,0,2,0,0,123.29
2005,6,21,8,1,225,127.66,317,0,2,0,0,127.66
2005,6,21,9,1,225,0,87.8,0,2,1,0,0
2005,6,21,9,1,225,85.41,79,0,2,0,0,85.41
2005,6,21,9,1,225,88.01,70,0,2,0,0,88.01
2005,6,21,9,1,225,90.61,70,0,2,0,0,90.61
2005,6,21,9,1,225,123.29,80,0,2,0,0,123.29
2005,6,21,9,1,225,127.66,310.8,0,2,0,0,127.66
2005,6,21,10,1,225,0,107.7,0,2,1,0,0
2005,6,21,10,1,225,85.41,79,0,2,0,0,85.41
2005,6,21,10,1,225,88.01,70,0,2,0,0,88.01
2005,6,21,10,1,225,90.61,70,0,2,0,0,90.61
2005,6,21,10,1,225,123.29,80,0,2,0,0,123.29
2005,6,21,10,1,225,127.66,290.9,0,2,0,0,127.66
2005,6,21,11,1,225,0,128.7,0,2,1,0,0
2005,6,21,11,1,225,85.43,79,0,2,1,0,85.43
2005,6,21,11,1,225,88.03,70,0,2,1,0,88.03
2005,6,21,11,1,225,90.63,70,0,2,1,0,90.63
2005,6,21,11,1,225,123.31,80,0,2,0,0,123.31
2005,6,21,11,1,225,127.66,269.9,0,2,0,0,127.66
2005,6,21,12,1,225,0,137.3,0,2,1,0,0
2005,6,21,12,1,225,85.43,79,0,2,1,0,85.43
2005,6,21,12,1,225,88.03,70,0,2,1,0,88.03
2005,6,21,12,1,225,90.63,70,0,2,1,0,90.63
2005,6,21,12,1,225,123.31,80,0,2,0,0,123.31
2005,6,21,12,1,225,127.66,261.3,0,2,0,0,127.66
2005,6,21,13,1,225,0,142.5,0,2,1,0,0
2005,6,21,13,1,225,85.43,79,0,2,1,0,85.43
2005,6,21,13,1,225,88.03,70,0,2,1,0,88.03
2005,6,21,13,1,225,90.63,70,0,2,1,0,90.63
2005,6,21,13,1,225,123.31,80,0,2,0,0,123.31
2005,6,21,13,1,225,127.66,256.1,0,2,0,0,127.66
2005,6,21,14,1,225,0,144.5,0,2,1,0,0
2005,6,21,14,1,225,85.43,79,0,2,1,0,85.43
2005,6,21,14,1,225,88.03,70,0,2,1,0,88.03
2005,6,21,14,1,225,90.63,70,0,2,1,0,90.63
2005,6,21,14,1,225,123.31,80,0,2,0,0,123.31
2005,6,21,14,1,225,127.66,254.1,0,2,0,0,127.66
2005,6,21,15,1,225,0,144.5,0,2,1,0,0
2005,6,21,15,1,225,85.43,79,0,2,1,0,85.43
2005,6,21,15,1,225,88.03,70,0,2,1,0,88.03
2005,6,21,15,1,225,90.63,70,0,2,1,0,90.63
2005,6,21,15,1,225,123.31,80,0,2,0,0,123.31
2005,6,21,15,1,225,127.66,254.1,0,2,0,0,127.66
2005,6,21,16,1,225,0,144.5,0,2,1,0,0
2005,6,21,16,1,225,85.43,79,0,2,1,0,85.43
2005,6,21,16,1,225,88.03,70,0,2,1,0,88.03
2005,6,21,16,1,225,90.63,70,0,2,1,0,90.63
2005,6,21,16,1,225,123.31,80,0,2,0,0,123.31
2005,6,21,16,1,225,127.66,254.1,0,2,0,0,127.66
2005,6,21,17,1,225,0,144.5,0,2,1,0,0
2005,6,21,17,1,225,85.43,79,0,2,1,0,85.43
2005,6,21,17,1,225,88.03,70,0,2,1,0,88.03
2005,6,21,17,1,225,90.63,70,0,2,1,0,90.63
2005,6,21,17,1,225,123.31,80,0,2,0,0,123.31
2005,6,21,17,1,225,127.66,254.1,0,2,0,0,127.66
2005,6,21,18,1,225,0,144.5,0,2,1,0,0
2005,6,21,18,1,225,85.43,79,0,2,1,0,85.43
2005,6,21,18,1,225,88.03,70,0,2,1,0,88.03
2005,6,21,18,1,225,90.63,70,0,2,1,0,90.63
2005,6,21,18,1,225,123.31,80,0,2,0,0,123.31
2005,6,21,18,1,225,127.66,254.1,0,2,0,0,127.66
2005,6,21,19,1,225,0,144.5,0,2,1,0,0
2005,6,21,19,1,225,85.43,79,0,2,1,0,85.43
2005,6,21,19,1,225,88.03,70,0,2,1,0,88.03
2005,6,21,19,1,225,90.63,70,0,2,1,0,90.63
2005,6,21,19,1,225,123.31,80,0,2,0,0,123.31
2005,6,21,19,1,225,127.66,254.1,0,2,0,0,127.66
2005,6,21,20,1,225,0,144.5,0,2,1,0,0
2005,6,21,20,1,225,85.43,79,0,2,1,0,85.43
2005,6,21,20,1,225,88.03,70,0,2,1,0,88.03
2005,6,21,20,1,225,90.63,70,0,2,1,0,90.63
2005,6,21,20,1,225,123.31,80,0,2,0,0,123.31
2005,6,21,20,1,225,127.66,254.1,0,2,0,0,127.66
2005,6,21,21,1,225,0,131.5,0,2,1,0,0
2005,6,21,21,1,225,85.41,79,0,2,1,0,85.41
2005,6,21,21,1,225,88.01,70,0,2,0,0,88.01
2005,6,21,21,1,225,90.61,70,0,2,0,0,90.61
2005,6,21,21,1,225,123.29,80,0,2,0,0,123.29
2005,6,21,21,1,225,127.66,267.1,0,2,0,0,127.66
2005,6,21,22,1,225,0,130.5,0,2,1,0,0
2005,6,21,22,1,225,85.41,79,0,2,0,0,85.41
2005,6,21,22,1,225,88.01,70,0,2,0,0,88.01
2005,6,21,22,1,225,90.61,70,0,2,0,0,90.61
2005,6,21,22,1,225,123.29,80,0,2,0,0,123.29
2005,6,21,22,1,225,127.66,268.1,0,2,0,0,127.66
2005,6,21,23,1,225,0,129.5,0,2,1,0,0
2005,6,21,23,1,225,85.41,79,0,2,0,0,85.41
2005,6,21,23,1,225,88.01,70,0,2,0,0,88.01
2005,6,21,23,1,225,90.61,70,0,2,0,0,90.61
2005,6,21,23,1,225,123.29,80,0,2,0,0,123.29
2005,6,21,23,1,225,127.66,269.1,0,2,0,0,127.66
2005,6,21,24,1,225,0,115.5,0,2,1,0,0
2005,6,21,24,1,225,85.41,79,0,2,0,0,85.41
2005,6,21,24,1,225,88.01,70,0,2,0,0,88.01
2005,6,21,24,1,225,90.61,70,0,2,0,0,90.61
2005,6,21,24,1,225,123.29,80,0,2,0,0,123.29
2005,6,21,24,1,225,127.66,283.1,0,2,0,0,127.66
2005,6,21,1,1,226,33.05,72,0,1,0,0,33.05
2005,6,21,1,1,226,41.75,72,0,1,0,0,41.75
2005,6,21,1,1,226,42.05,78,0,1,0,0,42.05
2005,6,21,2,1,226,33.05,72,0,1,0,0,33.05
2005,6,21,2,1,226,41.75,72,0,1,0,0,41.75
2005,6,21,2,1,226,42.05,78,0,1,0,0,42.05
2005,6,21,3,1,226,33.05,72,0,1,0,0,33.05
2005,6,21,3,1,226,41.75,72,0,1,1,0,41.75
2005,6,21,3,1,226,42.05,78,0,1,1,0,42.05
2005,6,21,4,1,226,33.05,72,0,1,0,0,33.05
2005,6,21,4,1,226,41.75,72,0,1,1,0,41.75
2005,6,21,4,1,226,42.05,78,0,1,1,0,42.05
2005,6,21,5,1,226,33.05,72,0,1,0,0,33.05
2005,6,21,5,1,226,41.75,72,0,1,1,0,41.75
2005,6,21,5,1,226,42.05,78,0,1,1,0,42.05
2005,6,21,6,1,226,33.05,72,0,1,0,0,33.05
2005,6,21,6,1,226,41.75,72,0,1,1,0,41.75
2005,6,21,6,1,226,42.05,78,0,1,1,0,42.05
2005,6,21,7,1,226,33.05,72,0,1,0,0,33.05
2005,6,21,7,1,226,41.75,72,0,1,1,0,41.75
2005,6,21,7,1,226,42.05,78,0,1,1,0,42.05
2005,6,21,8,1,226,33.05,72,0,1,0,0,33.05
2005,6,21,8,1,226,41.75,72,0,1,0,0,41.75
2005,6,21,8,1,226,42.05,78,0,1,0,0,42.05
2005,6,21,9,1,226,33.05,72,0,1,0,0,33.05
2005,6,21,9,1,226,39.45,72,0,1,0,0,39.45
2005,6,21,9,1,226,39.55,78,0,1,0,0,39.55
2005,6,21,10,1,226,33.05,72,0,1,0,0,33.05
2005,6,21,10,1,226,39.45,72,0,1,0,0,39.45
2005,6,21,10,1,226,39.55,78,0,1,0,0,39.55
2005,6,21,11,1,226,33.05,72,0,1,0,0,33.05
2005,6,21,11,1,226,39.45,72,0,1,0,0,39.45
2005,6,21,11,1,226,39.55,78,0,1,0,0,39.55
2005,6,21,12,1,226,33.05,72,0,1,0,0,33.05
2005,6,21,12,1,226,39.45,72,0,1,0,0,39.45
2005,6,21,12,1,226,39.55,78,0,1,0,0,39.55
2005,6,21,13,1,226,33.05,72,0,1,0,0,33.05
2005,6,21,13,1,226,39.45,72,0,1,0,0,39.45
2005,6,21,13,1,226,39.55,78,0,1,0,0,39.55
2005,6,21,14,1,226,33.05,72,0,1,0,0,33.05
2005,6,21,14,1,226,39.45,72,0,1,0,0,39.45
2005,6,21,14,1,226,39.55,78,0,1,0,0,39.55
2005,6,21,15,1,226,33.05,72,0,1,0,0,33.05
2005,6,21,15,1,226,39.45,72,0,1,0,0,39.45
2005,6,21,15,1,226,39.55,78,0,1,0,0,39.55
2005,6,21,16,1,226,33.05,72,0,1,0,0,33.05
2005,6,21,16,1,226,39.45,72,0,1,0,0,39.45
2005,6,21,16,1,226,39.55,78,0,1,0,0,39.55
2005,6,21,17,1,226,33.05,72,0,1,0,0,33.05
2005,6,21,17,1,226,39.45,72,0,1,0,0,39.45
2005,6,21,17,1,226,39.55,78,0,1,0,0,39.55
2005,6,21,18,1,226,33.05,72,0,1,0,0,33.05
2005,6,21,18,1,226,39.45,72,0,1,0,0,39.45
2005,6,21,18,1,226,39.55,78,0,1,0,0,39.55
2005,6,21,19,1,226,33.05,72,0,1,0,0,33.05
2005,6,21,19,1,226,39.45,72,0,1,0,0,39.45
2005,6,21,19,1,226,39.55,78,0,1,0,0,39.55
2005,6,21,20,1,226,33.05,72,0,1,0,0,33.05
2005,6,21,20,1,226,39.45,72,0,1,0,0,39.45
2005,6,21,20,1,226,39.55,78,0,1,0,0,39.55
2005,6,21,21,1,226,33.05,72,0,1,0,0,33.05
2005,6,21,21,1,226,39.45,72,0,1,0,0,39.45
2005,6,21,21,1,226,39.55,78,0,1,0,0,39.55
2005,6,21,22,1,226,33.05,72,0,1,0,0,33.05
2005,6,21,22,1,226,39.45,72,0,1,0,0,39.45
2005,6,21,22,1,226,39.55,78,0,1,0,0,39.55
2005,6,21,23,1,226,33.05,72,0,1,0,0,33.05
2005,6,21,23,1,226,39.45,72,0,1,0,0,39.45
2005,6,21,23,1,226,39.55,78,0,1,0,0,39.55
2005,6,21,24,1,226,33.05,72,0,1,0,0,33.05
2005,6,21,24,1,226,39.45,72,0,1,0,0,39.45
2005,6,21,24,1,226,39.55,78,0,1,0,0,39.55
2005,6,21,1,9,227,0,10.1,0,2,1,0,0
2005,6,21,2,9,227,0,10.1,0,2,1,0,0
2005,6,21,3,9,227,0,10.1,0,2,1,0,0
2005,6,21,4,9,227,0,10.1,0,2,1,0,0
2005,6,21,5,9,227,0,6.9,0,2,1,0,0
2005,6,21,6,9,227,0,6.9,0,2,1,0,0
2005,6,21,7,9,227,0,6.8,0,2,1,0,0
2005,6,21,8,9,227,0,6.8,0,2,1,0,0
2005,6,21,9,9,227,0,6.8,0,2,1,0,0
2005,6,21,10,9,227,0,6.7,0,2,1,0,0
2005,6,21,11,9,227,0,6.7,0,2,1,0,0
2005,6,21,12,9,227,0,6.7,0,2,1,0,0
2005,6,21,13,9,227,0,6.7,0,2,1,0,0
2005,6,21,14,9,227,0,6.7,0,2,1,0,0
2005,6,21,15,9,227,0,6.7,0,2,1,0,0
2005,6,21,16,9,227,0,6.7,0,2,1,0,0
2005,6,21,17,9,227,0,6.7,0,2,1,0,0
2005,6,21,18,9,227,0,6.7,0,2,1,0,0
2005,6,21,19,9,227,0,6.7,0,2,1,0,0
2005,6,21,20,9,227,0,6.7,0,2,1,0,0
2005,6,21,21,9,227,0,6.7,0,2,1,0,0
2005,6,21,22,9,227,0,6.8,0,2,1,0,0
2005,6,21,23,9,227,0,6.8,0,2,1,0,0
2005,6,21,24,9,227,0,6.8,0,2,1,0,0
2005,6,21,1,2,228,49.98,100,0,1,0,0,49.98
2005,6,21,1,2,228,49.99,100,0,1,0,0,49.99
2005,6,21,1,2,228,50,100,0,1,0,0,50
2005,6,21,2,2,228,49.98,100,0,1,1,0,49.98
2005,6,21,2,2,228,49.99,100,0,1,1,0,49.99
2005,6,21,2,2,228,50,100,0,1,1,0,50
2005,6,21,3,2,228,49.98,100,0,1,1,0,49.98
2005,6,21,3,2,228,49.99,100,0,1,1,0,49.99
2005,6,21,3,2,228,50,100,0,1,1,0,50
2005,6,21,4,2,228,49.98,100,0,1,1,0,49.98
2005,6,21,4,2,228,49.99,100,0,1,1,0,49.99
2005,6,21,4,2,228,50,100,0,1,1,0,50
2005,6,21,5,2,228,49.98,100,0,1,1,0,49.98
2005,6,21,5,2,228,49.99,100,0,1,1,0,49.99
2005,6,21,5,2,228,50,100,0,1,1,0,50
2005,6,21,6,2,228,49.98,100,0,1,1,0,49.98
2005,6,21,6,2,228,49.99,100,0,1,1,0,49.99
2005,6,21,6,2,228,50,100,0,1,1,0,50
2005,6,21,7,2,228,49.98,100,0,1,1,0,49.98
2005,6,21,7,2,228,49.99,100,0,1,1,0,49.99
2005,6,21,7,2,228,50,100,0,1,1,0,50
2005,6,21,8,2,228,49.98,100,0,1,1,0,49.98
2005,6,21,8,2,228,49.99,100,0,1,1,0,49.99
2005,6,21,8,2,228,50,100,0,1,1,0,50
2005,6,21,9,2,228,10.98,100,0,1,0,0,10.98
2005,6,21,9,2,228,10.99,100,0,1,0,0,10.99
2005,6,21,9,2,228,11,100,0,1,0,0,11
2005,6,21,10,2,228,10.98,100,0,1,0,0,10.98
2005,6,21,10,2,228,10.99,100,0,1,0,0,10.99
2005,6,21,10,2,228,11,100,0,1,0,0,11
2005,6,21,11,2,228,10.98,100,0,1,0,0,10.98
2005,6,21,11,2,228,10.99,100,0,1,0,0,10.99
2005,6,21,11,2,228,11,100,0,1,0,0,11
2005,6,21,12,2,228,10.98,100,0,1,0,0,10.98
2005,6,21,12,2,228,10.99,100,0,1,0,0,10.99
2005,6,21,12,2,228,11,100,0,1,0,0,11
2005,6,21,13,2,228,10.98,100,0,1,0,0,10.98
2005,6,21,13,2,228,10.99,100,0,1,0,0,10.99
2005,6,21,13,2,228,11,100,0,1,0,0,11
2005,6,21,14,2,228,10.98,100,0,1,0,0,10.98
2005,6,21,14,2,228,10.99,100,0,1,0,0,10.99
2005,6,21,14,2,228,11,100,0,1,0,0,11
2005,6,21,15,2,228,10.98,100,0,1,0,0,10.98
2005,6,21,15,2,228,10.99,100,0,1,0,0,10.99
2005,6,21,15,2,228,11,100,0,1,0,0,11
2005,6,21,16,2,228,10.98,100,0,1,0,0,10.98
2005,6,21,16,2,228,10.99,100,0,1,0,0,10.99
2005,6,21,16,2,228,11,100,0,1,0,0,11
2005,6,21,17,2,228,10.98,100,0,1,0,0,10.98
2005,6,21,17,2,228,10.99,100,0,1,0,0,10.99
2005,6,21,17,2,228,11,100,0,1,0,0,11
2005,6,21,18,2,228,10.98,100,0,1,0,0,10.98
2005,6,21,18,2,228,10.99,100,0,1,0,0,10.99
2005,6,21,18,2,228,11,100,0,1,0,0,11
2005,6,21,19,2,228,10.98,100,0,1,0,0,10.98
2005,6,21,19,2,228,10.99,100,0,1,0,0,10.99
2005,6,21,19,2,228,11,100,0,1,0,0,11
2005,6,21,20,2,228,10.98,100,0,1,0,0,10.98
2005,6,21,20,2,228,10.99,100,0,1,0,0,10.99
2005,6,21,20,2,228,11,100,0,1,0,0,11
2005,6,21,21,2,228,10.98,100,0,1,0,0,10.98
2005,6,21,21,2,228,10.99,100,0,1,0,0,10.99
2005,6,21,21,2,228,11,100,0,1,0,0,11
2005,6,21,22,2,228,10.98,100,0,1,0,0,10.98
2005,6,21,22,2,228,10.99,100,0,1,0,0,10.99
2005,6,21,22,2,228,11,100,0,1,0,0,11
2005,6,21,23,2,228,10.98,100,0,1,0,0,10.98
2005,6,21,23,2,228,10.99,100,0,1,0,0,10.99
2005,6,21,23,2,228,11,100,0,1,0,0,11
2005,6,21,24,2,228,10.98,100,0,1,0,0,10.98
2005,6,21,24,2,228,10.99,100,0,1,0,0,10.99
2005,6,21,24,2,228,11,100,0,1,0,0,11
2005,6,21,12,2,229,77.64,25,0,2,1,0,77.64
2005,6,21,12,2,229,78.72,25,0,2,1,0,78.72
2005,6,21,12,2,229,79.79,25,0,2,1,0,79.79
2005,6,21,12,2,229,80.86,25,0,2,1,0,80.86
2005,6,21,13,2,229,77.64,25,0,2,1,0,77.64
2005,6,21,13,2,229,78.72,25,0,2,1,0,78.72
2005,6,21,13,2,229,79.79,25,0,2,1,0,79.79
2005,6,21,13,2,229,80.86,25,0,2,1,0,80.86
2005,6,21,14,2,229,77.64,25,0,2,1,0,77.64
2005,6,21,14,2,229,78.72,25,0,2,1,0,78.72
2005,6,21,14,2,229,79.79,25,0,2,1,0,79.79
2005,6,21,14,2,229,80.86,25,0,2,1,0,80.86
2005,6,21,15,2,229,79.07,25,0,2,1,0,79.07
2005,6,21,15,2,229,81.06,25,0,2,1,0,81.06
2005,6,21,15,2,229,83.04,25,0,2,1,0,83.04
2005,6,21,15,2,229,85.03,25,0,2,1,0,85.03
2005,6,21,17,2,229,77.64,25,0,2,1,0,77.64
2005,6,21,17,2,229,78.72,25,0,2,1,0,78.72
2005,6,21,17,2,229,79.79,25,0,2,1,0,79.79
2005,6,21,17,2,229,80.86,25,0,2,1,0,80.86
2005,6,21,18,2,229,77.64,25,0,2,1,0,77.64
2005,6,21,18,2,229,78.72,25,0,2,1,0,78.72
2005,6,21,18,2,229,79.79,25,0,2,1,0,79.79
2005,6,21,18,2,229,80.86,25,0,2,1,0,80.86
2005,6,21,19,2,229,77.64,25,0,2,1,0,77.64
2005,6,21,19,2,229,78.72,25,0,2,1,0,78.72
2005,6,21,19,2,229,79.79,25,0,2,1,0,79.79
2005,6,21,19,2,229,80.86,25,0,2,1,0,80.86
2005,6,21,20,2,229,77.64,25,0,2,1,0,77.64
2005,6,21,20,2,229,78.72,25,0,2,1,0,78.72
2005,6,21,20,2,229,79.79,25,0,2,1,0,79.79
2005,6,21,20,2,229,80.86,25,0,2,1,0,80.86
2005,6,21,21,2,229,78.18,25,0,2,1,0,78.18
2005,6,21,21,2,229,80.46,25,0,2,1,0,80.46
2005,6,21,21,2,229,82.74,25,0,2,1,0,82.74
2005,6,21,21,2,229,85.03,25,0,2,1,0,85.03
2005,6,21,1,9,230,33.75,25,0,1,0,0,33.75
2005,6,21,2,9,230,31.48,25,0,1,0,0,31.48
2005,6,21,3,9,230,28.16,25,0,1,0,0,28.16
2005,6,21,4,9,230,27.25,25,0,1,0,0,27.25
2005,6,21,5,9,230,27.62,25,0,1,0,0,27.62
2005,6,21,6,9,230,31.02,25,0,1,0,0,31.02
2005,6,21,7,9,230,35.12,25,0,1,0,0,35.12
2005,6,21,8,9,230,48.23,25,0,1,1,0,48.23
2005,6,21,9,9,230,57.07,25,0,1,0,0,57.07
2005,6,21,10,9,230,58.96,25,0,1,0,0,58.96
2005,6,21,11,9,230,72.14,25,0,1,0,0,72.14
2005,6,21,12,9,230,88.93,25,0,1,0,0,88.93
2005,6,21,13,9,230,82.53,25,0,1,0,0,82.53
2005,6,21,14,9,230,72.95,25,0,1,0,0,72.95
2005,6,21,15,9,230,61.22,25,0,1,0,0,61.22
2005,6,21,16,9,230,59.54,25,0,1,0,0,59.54
2005,6,21,17,9,230,57.95,25,0,1,0,0,57.95
2005,6,21,18,9,230,58.58,25,0,1,0,0,58.58
2005,6,21,19,9,230,51.93,25,0,1,0,0,51.93
2005,6,21,20,9,230,47.44,25,0,1,0,0,47.44
2005,6,21,21,9,230,42.37,25,0,1,0,0,42.37
2005,6,21,22,9,230,40.34,25,0,1,0,0,40.34
2005,6,21,23,9,230,40.84,25,0,1,0,0,40.84
2005,6,21,24,9,230,33.81,25,0,1,0,0,33.81
2005,6,21,1,9,231,0,73.5,0,2,1,0,0
2005,6,21,2,9,231,0,73.5,0,2,1,0,0
2005,6,21,3,9,231,0,73.5,0,2,1,0,0
2005,6,21,4,9,231,0,73.5,0,2,1,0,0
2005,6,21,5,9,231,0,73.5,0,2,1,0,0
2005,6,21,6,9,231,0,73.5,0,2,1,0,0
2005,6,21,7,9,231,0,73.5,0,2,1,0,0
2005,6,21,8,9,231,0,73.5,0,2,1,0,0
2005,6,21,9,9,231,0,72.5,0,2,1,0,0
2005,6,21,10,9,231,0,71.5,0,2,1,0,0
2005,6,21,11,9,231,0,70.5,0,2,1,0,0
2005,6,21,12,9,231,0,70.5,0,2,1,0,0
2005,6,21,13,9,231,0,70.5,0,2,1,0,0
2005,6,21,14,9,231,0,70.5,0,2,1,0,0
2005,6,21,15,9,231,0,70.5,0,2,1,0,0
2005,6,21,16,9,231,0,70.5,0,2,1,0,0
2005,6,21,17,9,231,0,70.5,0,2,1,0,0
2005,6,21,18,9,231,0,70.5,0,2,1,0,0
2005,6,21,19,9,231,0,70.5,0,2,1,0,0
2005,6,21,20,9,231,0,70.5,0,2,1,0,0
2005,6,21,21,9,231,0,70.5,0,2,1,0,0
2005,6,21,22,9,231,0,71.5,0,2,1,0,0
2005,6,21,23,9,231,0,72.5,0,2,1,0,0
2005,6,21,24,9,231,0,73.5,0,2,1,0,0
2005,6,21,1,9,232,180.3,.6,0,1,1,0,180.3
2005,6,21,2,9,232,180.3,.6,0,1,1,0,180.3
2005,6,21,3,9,232,180.3,.6,0,1,1,0,180.3
2005,6,21,4,9,232,180.3,.6,0,1,1,0,180.3
2005,6,21,5,9,232,180.3,.6,0,1,1,0,180.3
2005,6,21,6,9,232,180.3,.6,0,1,1,0,180.3
2005,6,21,7,9,232,180.3,.8,0,1,1,0,180.3
2005,6,21,8,9,232,180.3,.9,0,1,1,0,180.3
2005,6,21,9,9,232,180.3,1.1,0,1,1,0,180.3
2005,6,21,10,9,232,180.3,1.1,0,1,1,0,180.3
2005,6,21,11,9,232,180.3,1.1,0,1,1,0,180.3
2005,6,21,12,9,232,180.3,1.1,0,1,1,0,180.3
2005,6,21,13,9,232,180.3,1,0,1,1,0,180.3
2005,6,21,14,9,232,180.3,.9,0,1,1,0,180.3
2005,6,21,15,9,232,180.3,.9,0,1,1,0,180.3
2005,6,21,16,9,232,180.3,.9,0,1,1,0,180.3
2005,6,21,17,9,232,180.3,.9,0,1,1,0,180.3
2005,6,21,18,9,232,180.3,.9,0,1,1,0,180.3
2005,6,21,19,9,232,180.3,.9,0,1,1,0,180.3
2005,6,21,20,9,232,180.3,.9,0,1,1,0,180.3
2005,6,21,21,9,232,180.3,.8,0,1,1,0,180.3
2005,6,21,22,9,232,180.3,.8,0,1,1,0,180.3
2005,6,21,23,9,232,180.3,.7,0,1,1,0,180.3
2005,6,21,24,9,232,180.3,.7,0,1,1,0,180.3
2005,6,21,1,9,233,0,3.9,0,2,1,0,0
2005,6,21,2,9,233,40,3.9,0,2,1,0,40
2005,6,21,3,9,233,40,3.9,0,2,1,0,40
2005,6,21,4,9,233,40,3.9,0,2,0,0,40
2005,6,21,5,9,233,40,3.9,0,2,0,0,40
2005,6,21,6,9,233,40,3.6,0,2,0,0,40
2005,6,21,7,9,233,0,3.7,0,2,1,0,0
2005,6,21,8,9,233,0,3.7,0,2,1,0,0
2005,6,21,9,9,233,0,3.7,0,2,1,0,0
2005,6,21,10,9,233,0,3.7,0,2,1,0,0
2005,6,21,11,9,233,0,3.7,0,2,1,0,0
2005,6,21,12,9,233,0,3.6,0,2,1,0,0
2005,6,21,13,9,233,0,3.6,0,2,1,0,0
2005,6,21,14,9,233,0,3.6,0,2,1,0,0
2005,6,21,15,9,233,0,3.6,0,2,1,0,0
2005,6,21,16,9,233,0,3.6,0,2,1,0,0
2005,6,21,17,9,233,0,3.6,0,2,1,0,0
2005,6,21,18,9,233,0,3.6,0,2,1,0,0
2005,6,21,19,9,233,0,3.7,0,2,1,0,0
2005,6,21,20,9,233,0,3.7,0,2,1,0,0
2005,6,21,21,9,233,0,3.7,0,2,1,0,0
2005,6,21,22,9,233,0,3.7,0,2,1,0,0
2005,6,21,23,9,233,0,3.8,0,2,1,0,0
2005,6,21,24,9,233,0,3.8,0,2,1,0,0
2005,6,21,1,9,234,0,37.6,0,2,1,0,0
2005,6,21,1,9,234,149,35.9,0,2,0,0,149
2005,6,21,2,9,234,0,37.6,0,2,1,0,0
2005,6,21,2,9,234,149,35.9,0,2,0,0,149
2005,6,21,3,9,234,0,37.6,0,2,1,0,0
2005,6,21,3,9,234,149,35.9,0,2,0,0,149
2005,6,21,4,9,234,0,37.6,0,2,1,0,0
2005,6,21,4,9,234,149,35.9,0,2,0,0,149
2005,6,21,5,9,234,0,37.6,0,2,1,0,0
2005,6,21,5,9,234,149,35.9,0,2,0,0,149
2005,6,21,6,9,234,0,37.6,0,2,1,0,0
2005,6,21,6,9,234,149,35.9,0,2,0,0,149
2005,6,21,7,9,234,0,37.6,0,2,1,0,0
2005,6,21,7,9,234,149,35.9,0,2,0,0,149
2005,6,21,8,9,234,0,37.6,0,2,1,0,0
2005,6,21,8,9,234,149,35.9,0,2,0,0,149
2005,6,21,9,9,234,0,37.6,0,2,1,0,0
2005,6,21,9,9,234,149,35.9,0,2,0,0,149
2005,6,21,10,9,234,0,37.6,0,2,1,0,0
2005,6,21,10,9,234,149,35.9,0,2,0,0,149
2005,6,21,11,9,234,0,37.6,0,2,1,0,0
2005,6,21,11,9,234,149,35.9,0,2,0,0,149
2005,6,21,12,9,234,0,37.6,0,2,1,0,0
2005,6,21,12,9,234,149,35.9,0,2,0,0,149
2005,6,21,13,9,234,0,37.6,0,2,1,0,0
2005,6,21,13,9,234,149,35.9,0,2,0,0,149
2005,6,21,14,9,234,0,37.6,0,2,1,0,0
2005,6,21,14,9,234,149,35.9,0,2,0,0,149
2005,6,21,15,9,234,0,37.6,0,2,1,0,0
2005,6,21,15,9,234,149,35.9,0,2,0,0,149
2005,6,21,16,9,234,0,37.6,0,2,1,0,0
2005,6,21,16,9,234,149,35.9,0,2,0,0,149
2005,6,21,17,9,234,0,37.6,0,2,1,0,0
2005,6,21,17,9,234,149,35.9,0,2,0,0,149
2005,6,21,18,9,234,0,37.6,0,2,1,0,0
2005,6,21,18,9,234,149,35.9,0,2,0,0,149
2005,6,21,19,9,234,0,37.6,0,2,1,0,0
2005,6,21,19,9,234,149,35.9,0,2,0,0,149
2005,6,21,20,9,234,0,37.6,0,2,1,0,0
2005,6,21,20,9,234,149,35.9,0,2,0,0,149
2005,6,21,21,9,234,0,37.6,0,2,1,0,0
2005,6,21,21,9,234,149,35.9,0,2,0,0,149
2005,6,21,22,9,234,0,37.6,0,2,1,0,0
2005,6,21,22,9,234,149,35.9,0,2,0,0,149
2005,6,21,23,9,234,0,37.6,0,2,1,0,0
2005,6,21,23,9,234,149,35.9,0,2,0,0,149
2005,6,21,24,9,234,0,37.6,0,2,1,0,0
2005,6,21,24,9,234,149,35.9,0,2,0,0,149
2005,6,21,1,9,235,180.3,.2,0,1,1,0,180.3
2005,6,21,2,9,235,180.3,.2,0,1,1,0,180.3
2005,6,21,3,9,235,180.3,.2,0,1,1,0,180.3
2005,6,21,4,9,235,180.3,.2,0,1,1,0,180.3
2005,6,21,5,9,235,180.3,.2,0,1,1,0,180.3
2005,6,21,6,9,235,180.3,.2,0,1,1,0,180.3
2005,6,21,7,9,235,180.3,.1,0,1,1,0,180.3
2005,6,21,8,9,235,180.3,.1,0,1,1,0,180.3
2005,6,21,9,9,235,180.3,.1,0,1,1,0,180.3
2005,6,21,10,9,235,180.3,.1,0,1,1,0,180.3
2005,6,21,11,9,235,180.3,.1,0,1,1,0,180.3
2005,6,21,12,9,235,180.3,.1,0,1,1,0,180.3
2005,6,21,13,9,235,180.3,.1,0,1,1,0,180.3
2005,6,21,14,9,235,180.3,.1,0,1,1,0,180.3
2005,6,21,15,9,235,180.3,.1,0,1,1,0,180.3
2005,6,21,16,9,235,180.3,.1,0,1,1,0,180.3
2005,6,21,17,9,235,180.3,.1,0,1,1,0,180.3
2005,6,21,18,9,235,180.3,.1,0,1,1,0,180.3
2005,6,21,19,9,235,180.3,.1,0,1,1,0,180.3
2005,6,21,20,9,235,180.3,.1,0,1,1,0,180.3
2005,6,21,21,9,235,180.3,.1,0,1,1,0,180.3
2005,6,21,22,9,235,180.3,.1,0,1,1,0,180.3
2005,6,21,23,9,235,180.3,.2,0,1,1,0,180.3
2005,6,21,24,9,235,180.3,.2,0,1,1,0,180.3
2005,6,21,1,9,236,0,36,0,2,1,0,0
2005,6,21,2,9,236,0,36,0,2,1,0,0
2005,6,21,3,9,236,0,36,0,2,1,0,0
2005,6,21,4,9,236,0,36,0,2,1,0,0
2005,6,21,5,9,236,0,35.5,0,2,1,0,0
2005,6,21,6,9,236,0,35.5,0,2,1,0,0
2005,6,21,7,9,236,0,35.5,0,2,1,0,0
2005,6,21,8,9,236,0,35.5,0,2,1,0,0
2005,6,21,9,9,236,0,33.5,0,2,1,0,0
2005,6,21,10,9,236,0,33.5,0,2,1,0,0
2005,6,21,11,9,236,0,33.5,0,2,1,0,0
2005,6,21,12,9,236,0,33,0,2,1,0,0
2005,6,21,13,9,236,0,33,0,2,1,0,0
2005,6,21,14,9,236,0,33,0,2,1,0,0
2005,6,21,15,9,236,0,33,0,2,1,0,0
2005,6,21,16,9,236,0,33,0,2,1,0,0
2005,6,21,17,9,236,0,33,0,2,1,0,0
2005,6,21,18,9,236,0,33.5,0,2,1,0,0
2005,6,21,19,9,236,0,33.5,0,2,1,0,0
2005,6,21,20,9,236,0,34.5,0,2,1,0,0
2005,6,21,21,9,236,0,35.5,0,2,1,0,0
2005,6,21,22,9,236,0,36,0,2,1,0,0
2005,6,21,23,9,236,0,36,0,2,1,0,0
2005,6,21,24,9,236,0,36,0,2,1,0,0
2005,6,21,1,9,237,0,9,0,2,1,0,0
2005,6,21,2,9,237,0,9,0,2,1,0,0
2005,6,21,3,9,237,0,9,0,2,1,0,0
2005,6,21,4,9,237,0,9,0,2,1,0,0
2005,6,21,5,9,237,0,9,0,2,1,0,0
2005,6,21,6,9,237,0,9,0,2,1,0,0
2005,6,21,7,9,237,0,9,0,2,1,0,0
2005,6,21,8,9,237,0,9,0,2,1,0,0
2005,6,21,9,9,237,0,9,0,2,1,0,0
2005,6,21,10,9,237,0,9,0,2,1,0,0
2005,6,21,11,9,237,0,9,0,2,1,0,0
2005,6,21,12,9,237,0,8.5,0,2,1,0,0
2005,6,21,13,9,237,0,8.5,0,2,1,0,0
2005,6,21,14,9,237,0,8.5,0,2,1,0,0
2005,6,21,15,9,237,0,8.5,0,2,1,0,0
2005,6,21,16,9,237,0,8.5,0,2,1,0,0
2005,6,21,17,9,237,0,8.5,0,2,1,0,0
2005,6,21,18,9,237,0,8.5,0,2,1,0,0
2005,6,21,19,9,237,0,8.5,0,2,1,0,0
2005,6,21,20,9,237,0,8.5,0,2,1,0,0
2005,6,21,21,9,237,0,9,0,2,1,0,0
2005,6,21,22,9,237,0,9,0,2,1,0,0
2005,6,21,23,9,237,0,9,0,2,1,0,0
2005,6,21,24,9,237,0,9,0,2,1,0,0
2005,6,21,1,3,1100,0,180,.922647,2,1,0,0
2005,6,21,1,3,1100,39.12,20,.922647,2,1,0,42.75102
2005,6,21,1,3,1100,49.12,19,.922647,2,1,0,42.75102
2005,6,21,2,3,1100,0,180,.922647,2,1,0,0
2005,6,21,2,3,1100,49.12,39,.922647,2,0,0,42.75102
2005,6,21,3,3,1100,0,180,.922647,2,1,0,0
2005,6,21,3,3,1100,49.12,39,.922647,2,0,0,42.75102
2005,6,21,4,3,1100,0,180,.922647,2,1,0,0
2005,6,21,4,3,1100,49.12,39,.922647,2,0,0,42.75102
2005,6,21,5,3,1100,0,180,.922647,2,1,0,0
2005,6,21,5,3,1100,49.12,39,.922647,2,0,0,42.75102
2005,6,21,6,3,1100,0,180,.922647,2,1,0,0
2005,6,21,6,3,1100,49.12,39,.922647,2,0,0,42.75102
2005,6,21,7,3,1100,0,180,.922647,2,1,0,0
2005,6,21,7,3,1100,49.12,39,.922647,2,0,0,42.75102
2005,6,21,8,3,1100,0,180,.922647,2,1,0,0
2005,6,21,8,3,1100,39.12,20,.922647,2,1,0,42.75102
2005,6,21,8,3,1100,49.12,19,.922647,2,0,0,42.75102
2005,6,21,9,3,1100,0,180,.922647,2,1,0,0
2005,6,21,9,3,1100,39.12,20,.922647,2,1,0,42.75102
2005,6,21,9,3,1100,49.12,19,.922647,2,1,0,42.75102
2005,6,21,10,3,1100,0,180,.922647,2,1,0,0
2005,6,21,10,3,1100,39.12,20,.922647,2,1,0,42.75102
2005,6,21,10,3,1100,49.12,19,.922647,2,1,0,42.75102
2005,6,21,11,3,1100,0,180,.922647,2,1,0,0
2005,6,21,11,3,1100,39.12,20,.922647,2,1,0,42.75102
2005,6,21,11,3,1100,49.12,19,.922647,2,1,0,42.75102
2005,6,21,12,3,1100,0,180,.922647,2,1,0,0
2005,6,21,12,3,1100,39.12,20,.922647,2,1,0,42.75102
2005,6,21,12,3,1100,49.12,19,.922647,2,1,0,42.75102
2005,6,21,13,3,1100,0,180,.922647,2,1,0,0
2005,6,21,13,3,1100,39.12,20,.922647,2,1,0,42.75102
2005,6,21,13,3,1100,49.12,19,.922647,2,1,0,42.75102
2005,6,21,14,3,1100,0,180,.922647,2,1,0,0
2005,6,21,14,3,1100,39.12,20,.922647,2,1,0,42.75102
2005,6,21,14,3,1100,49.12,19,.922647,2,1,0,42.75102
2005,6,21,15,3,1100,0,180,.922647,2,1,0,0
2005,6,21,15,3,1100,39.12,20,.922647,2,1,0,42.75102
2005,6,21,15,3,1100,49.12,19,.922647,2,1,0,42.75102
2005,6,21,16,3,1100,0,180,.922647,2,1,0,0
2005,6,21,16,3,1100,39.12,30,.922647,2,1,0,42.75102
2005,6,21,16,3,1100,49.12,9,.922647,2,1,0,42.75102
2005,6,21,17,3,1100,0,180,.922647,2,1,0,0
2005,6,21,17,3,1100,39.12,30,.922647,2,1,0,42.75102
2005,6,21,17,3,1100,49.12,9,.922647,2,1,0,42.75102
2005,6,21,18,3,1100,0,180,.922647,2,1,0,0
2005,6,21,18,3,1100,39.12,30,.922647,2,1,0,42.75102
2005,6,21,18,3,1100,49.12,9,.922647,2,1,0,42.75102
2005,6,21,19,3,1100,0,180,.922647,2,1,0,0
2005,6,21,19,3,1100,39.12,30,.922647,2,1,0,42.75102
2005,6,21,19,3,1100,49.12,9,.922647,2,1,0,42.75102
2005,6,21,20,3,1100,0,180,.922647,2,1,0,0
2005,6,21,20,3,1100,39.12,30,.922647,2,1,0,42.75102
2005,6,21,20,3,1100,49.12,9,.922647,2,1,0,42.75102
2005,6,21,21,3,1100,0,180,.922647,2,1,0,0
2005,6,21,21,3,1100,39.12,30,.922647,2,1,0,42.75102
2005,6,21,21,3,1100,49.12,9,.922647,2,1,0,42.75102
2005,6,21,22,3,1100,0,180,.922647,2,1,0,0
2005,6,21,22,3,1100,39.12,20,.922647,2,1,0,42.75102
2005,6,21,22,3,1100,49.12,19,.922647,2,1,0,42.75102
2005,6,21,23,3,1100,0,180,.922647,2,1,0,0
2005,6,21,23,3,1100,39.12,20,.922647,2,1,0,42.75102
2005,6,21,23,3,1100,49.12,19,.922647,2,1,0,42.75102
2005,6,21,24,3,1100,0,180,.922647,2,1,0,0
2005,6,21,24,3,1100,39.12,20,.922647,2,1,0,42.75102
2005,6,21,24,3,1100,49.12,19,.922647,2,1,0,42.75102
2005,6,21,1,3,1101,0,180,.922647,2,1,0,0
2005,6,21,1,3,1101,29.98,40,.922647,2,1,0,42.129521
2005,6,21,1,3,1101,30.98,40,.922647,2,1,0,42.129521
2005,6,21,1,3,1101,34.98,40,.922647,2,1,0,42.129521
2005,6,21,1,3,1101,37.98,30,.922647,2,1,0,42.129521
2005,6,21,2,3,1101,0,180,.922647,2,1,0,0
2005,6,21,2,3,1101,29.98,30,.922647,2,1,0,42.129521
2005,6,21,2,3,1101,30.98,40,.922647,2,1,0,42.129521
2005,6,21,2,3,1101,34.98,40,.922647,2,1,0,42.129521
2005,6,21,2,3,1101,37.98,40,.922647,2,1,0,42.129521
2005,6,21,3,3,1101,0,180,.922647,2,1,0,0
2005,6,21,3,3,1101,29.98,30,.922647,2,1,0,42.129521
2005,6,21,3,3,1101,30.98,40,.922647,2,1,0,42.129521
2005,6,21,3,3,1101,34.98,40,.922647,2,1,0,42.129521
2005,6,21,3,3,1101,37.98,40,.922647,2,1,0,42.129521
2005,6,21,4,3,1101,0,180,.922647,2,1,0,0
2005,6,21,4,3,1101,29.98,30,.922647,2,1,0,42.129521
2005,6,21,4,3,1101,30.98,40,.922647,2,1,0,42.129521
2005,6,21,4,3,1101,34.98,40,.922647,2,1,0,42.129521
2005,6,21,4,3,1101,37.98,40,.922647,2,1,0,42.129521
2005,6,21,5,3,1101,0,180,.922647,2,1,0,0
2005,6,21,5,3,1101,29.98,30,.922647,2,1,0,42.129521
2005,6,21,5,3,1101,30.98,40,.922647,2,1,0,42.129521
2005,6,21,5,3,1101,34.98,40,.922647,2,1,0,42.129521
2005,6,21,5,3,1101,37.98,40,.922647,2,1,0,42.129521
2005,6,21,6,3,1101,0,180,.922647,2,1,0,0
2005,6,21,6,3,1101,29.98,30,.922647,2,1,0,42.129521
2005,6,21,6,3,1101,30.98,40,.922647,2,1,0,42.129521
2005,6,21,6,3,1101,34.98,40,.922647,2,1,0,42.129521
2005,6,21,6,3,1101,37.98,40,.922647,2,1,0,42.129521
2005,6,21,7,3,1101,0,180,.922647,2,1,0,0
2005,6,21,7,3,1101,29.98,30,.922647,2,1,0,42.129521
2005,6,21,7,3,1101,30.98,40,.922647,2,1,0,42.129521
2005,6,21,7,3,1101,34.98,40,.922647,2,1,0,42.129521
2005,6,21,7,3,1101,37.98,40,.922647,2,1,0,42.129521
2005,6,21,8,3,1101,0,240,.922647,2,1,0,0
2005,6,21,8,3,1101,29.98,30,.922647,2,1,0,42.129521
2005,6,21,8,3,1101,30.98,20,.922647,2,1,0,42.129521
2005,6,21,8,3,1101,34.98,20,.922647,2,1,0,42.129521
2005,6,21,8,3,1101,37.98,20,.922647,2,1,0,42.129521
2005,6,21,9,3,1101,0,330,.922647,2,1,0,0
2005,6,21,10,3,1101,0,330,.922647,2,1,0,0
2005,6,21,11,3,1101,0,330,.922647,2,1,0,0
2005,6,21,12,3,1101,0,330,.922647,2,1,0,0
2005,6,21,13,3,1101,0,330,.922647,2,1,0,0
2005,6,21,14,3,1101,0,330,.922647,2,1,0,0
2005,6,21,15,3,1101,0,330,.922647,2,1,0,0
2005,6,21,16,3,1101,0,330,.922647,2,1,0,0
2005,6,21,17,3,1101,0,330,.922647,2,1,0,0
2005,6,21,18,3,1101,0,330,.922647,2,1,0,0
2005,6,21,19,3,1101,0,330,.922647,2,1,0,0
2005,6,21,20,3,1101,0,330,.922647,2,1,0,0
2005,6,21,21,3,1101,0,330,.922647,2,1,0,0
2005,6,21,22,3,1101,0,330,.922647,2,1,0,0
2005,6,21,23,3,1101,0,330,.922647,2,1,0,0
2005,6,21,24,3,1101,0,270,.922647,2,1,0,0
2005,6,21,24,3,1101,29.98,20,.922647,2,1,0,42.129521
2005,6,21,24,3,1101,30.98,20,.922647,2,1,0,42.129521
2005,6,21,24,3,1101,34.98,10,.922647,2,1,0,42.129521
2005,6,21,24,3,1101,37.98,10,.922647,2,1,0,42.129521
2005,6,21,1,5,1104,0,165,.377049,2,1,0,0
2005,6,21,1,5,1104,32.39,27,.377049,2,1,0,43.440658
2005,6,21,1,5,1104,32.53,11.5,.377049,2,1,0,43.440658
2005,6,21,1,5,1104,32.66,7.7,.377049,2,1,0,43.440658
2005,6,21,1,5,1104,32.82,7.7,.377049,2,1,0,43.440658
2005,6,21,1,5,1104,33,7.7,.377049,2,1,0,43.440658
2005,6,21,1,5,1104,33.2,7.7,.377049,2,1,0,43.440658
2005,6,21,1,5,1104,33.42,7.7,.377049,2,1,0,43.440658
2005,6,21,1,5,1104,33.65,7.7,.377049,2,1,0,43.440658
2005,6,21,1,5,1104,33.89,7.7,.377049,2,1,0,43.440658
2005,6,21,1,5,1104,34.13,7.7,.377049,2,1,0,43.440658
2005,6,21,1,5,1104,34.38,7.7,.377049,2,1,0,43.440658
2005,6,21,1,5,1104,34.63,7.7,.377049,2,1,0,43.440658
2005,6,21,1,5,1104,34.88,7.7,.377049,2,1,0,43.440658
2005,6,21,1,5,1104,35.13,7.7,.377049,2,1,0,43.440658
2005,6,21,1,5,1104,35.36,7.7,.377049,2,1,0,43.440658
2005,6,21,1,5,1104,35.59,7.7,.377049,2,1,0,43.440658
2005,6,21,1,5,1104,35.81,7.7,.377049,2,1,0,43.440658
2005,6,21,1,5,1104,36,7.7,.377049,2,1,0,43.440658
2005,6,21,1,5,1104,36.18,7.7,.377049,2,1,0,43.440658
2005,6,21,1,5,1104,36.34,7.7,.377049,2,1,0,43.440658
2005,6,21,1,5,1104,36.47,7.7,.377049,2,1,0,43.440658
2005,6,21,1,5,1104,36.57,7.7,.377049,2,1,0,43.440658
2005,6,21,1,5,1104,36.64,7.5,.377049,2,1,0,43.440658
2005,6,21,1,5,1104,180.3,8.1,.377049,2,0,0,180.3
2005,6,21,2,5,1104,0,165,.377049,2,1,0,0
2005,6,21,2,5,1104,32.39,27,.377049,2,1,0,43.440658
2005,6,21,2,5,1104,32.53,11.5,.377049,2,1,0,43.440658
2005,6,21,2,5,1104,32.66,7.7,.377049,2,1,0,43.440658
2005,6,21,2,5,1104,32.82,7.7,.377049,2,1,0,43.440658
2005,6,21,2,5,1104,33,7.7,.377049,2,1,0,43.440658
2005,6,21,2,5,1104,33.2,7.7,.377049,2,1,0,43.440658
2005,6,21,2,5,1104,33.42,7.7,.377049,2,1,0,43.440658
2005,6,21,2,5,1104,33.65,7.7,.377049,2,1,0,43.440658
2005,6,21,2,5,1104,33.89,7.7,.377049,2,1,0,43.440658
2005,6,21,2,5,1104,34.13,7.7,.377049,2,1,0,43.440658
2005,6,21,2,5,1104,34.38,7.7,.377049,2,1,0,43.440658
2005,6,21,2,5,1104,34.63,7.7,.377049,2,1,0,43.440658
2005,6,21,2,5,1104,34.88,7.7,.377049,2,1,0,43.440658
2005,6,21,2,5,1104,35.13,7.7,.377049,2,1,0,43.440658
2005,6,21,2,5,1104,35.36,7.7,.377049,2,1,0,43.440658
2005,6,21,2,5,1104,35.59,7.7,.377049,2,1,0,43.440658
2005,6,21,2,5,1104,35.81,7.7,.377049,2,1,0,43.440658
2005,6,21,2,5,1104,36,7.7,.377049,2,1,0,43.440658
2005,6,21,2,5,1104,36.18,7.7,.377049,2,1,0,43.440658
2005,6,21,2,5,1104,36.34,7.7,.377049,2,1,0,43.440658
2005,6,21,2,5,1104,36.47,7.7,.377049,2,1,0,43.440658
2005,6,21,2,5,1104,36.57,7.7,.377049,2,1,0,43.440658
2005,6,21,2,5,1104,36.64,7.5,.377049,2,1,0,43.440658
2005,6,21,2,5,1104,180.3,8.1,.377049,2,0,0,180.3
2005,6,21,3,5,1104,0,165,.377049,2,1,0,0
2005,6,21,3,5,1104,32.39,27,.377049,2,1,0,43.440658
2005,6,21,3,5,1104,32.53,11.5,.377049,2,1,0,43.440658
2005,6,21,3,5,1104,32.66,7.7,.377049,2,1,0,43.440658
2005,6,21,3,5,1104,32.82,7.7,.377049,2,1,0,43.440658
2005,6,21,3,5,1104,33,7.7,.377049,2,1,0,43.440658
2005,6,21,3,5,1104,33.2,7.7,.377049,2,1,0,43.440658
2005,6,21,3,5,1104,33.42,7.7,.377049,2,1,0,43.440658
2005,6,21,3,5,1104,33.65,7.7,.377049,2,1,0,43.440658
2005,6,21,3,5,1104,33.89,7.7,.377049,2,1,0,43.440658
2005,6,21,3,5,1104,34.13,7.7,.377049,2,1,0,43.440658
2005,6,21,3,5,1104,34.38,7.7,.377049,2,1,0,43.440658
2005,6,21,3,5,1104,34.63,7.7,.377049,2,1,0,43.440658
2005,6,21,3,5,1104,34.88,7.7,.377049,2,1,0,43.440658
2005,6,21,3,5,1104,35.13,7.7,.377049,2,1,0,43.440658
2005,6,21,3,5,1104,35.36,7.7,.377049,2,1,0,43.440658
2005,6,21,3,5,1104,35.59,7.7,.377049,2,1,0,43.440658
2005,6,21,3,5,1104,35.81,7.7,.377049,2,1,0,43.440658
2005,6,21,3,5,1104,36,7.7,.377049,2,1,0,43.440658
2005,6,21,3,5,1104,36.18,7.7,.377049,2,1,0,43.440658
2005,6,21,3,5,1104,36.34,7.7,.377049,2,1,0,43.440658
2005,6,21,3,5,1104,36.47,7.7,.377049,2,1,0,43.440658
2005,6,21,3,5,1104,36.57,7.7,.377049,2,1,0,43.440658
2005,6,21,3,5,1104,36.64,7.5,.377049,2,1,0,43.440658
2005,6,21,3,5,1104,180.3,8.1,.377049,2,0,0,180.3
2005,6,21,4,5,1104,0,165,.377049,2,1,0,0
2005,6,21,4,5,1104,32.39,27,.377049,2,1,0,43.440658
2005,6,21,4,5,1104,32.53,11.5,.377049,2,1,0,43.440658
2005,6,21,4,5,1104,32.66,7.7,.377049,2,1,0,43.440658
2005,6,21,4,5,1104,32.82,7.7,.377049,2,1,0,43.440658
2005,6,21,4,5,1104,33,7.7,.377049,2,1,0,43.440658
2005,6,21,4,5,1104,33.2,7.7,.377049,2,1,0,43.440658
2005,6,21,4,5,1104,33.42,7.7,.377049,2,1,0,43.440658
2005,6,21,4,5,1104,33.65,7.7,.377049,2,1,0,43.440658
2005,6,21,4,5,1104,33.89,7.7,.377049,2,1,0,43.440658
2005,6,21,4,5,1104,34.13,7.7,.377049,2,1,0,43.440658
2005,6,21,4,5,1104,34.38,7.7,.377049,2,1,0,43.440658
2005,6,21,4,5,1104,34.63,7.7,.377049,2,1,0,43.440658
2005,6,21,4,5,1104,34.88,7.7,.377049,2,1,0,43.440658
2005,6,21,4,5,1104,35.13,7.7,.377049,2,1,0,43.440658
2005,6,21,4,5,1104,35.36,7.7,.377049,2,1,0,43.440658
2005,6,21,4,5,1104,35.59,7.7,.377049,2,1,0,43.440658
2005,6,21,4,5,1104,35.81,7.7,.377049,2,1,0,43.440658
2005,6,21,4,5,1104,36,7.7,.377049,2,1,0,43.440658
2005,6,21,4,5,1104,36.18,7.7,.377049,2,1,0,43.440658
2005,6,21,4,5,1104,36.34,7.7,.377049,2,1,0,43.440658
2005,6,21,4,5,1104,36.47,7.7,.377049,2,1,0,43.440658
2005,6,21,4,5,1104,36.57,7.7,.377049,2,1,0,43.440658
2005,6,21,4,5,1104,36.64,7.5,.377049,2,1,0,43.440658
2005,6,21,4,5,1104,180.3,8.1,.377049,2,0,0,180.3
2005,6,21,5,5,1104,0,165,.377049,2,1,0,0
2005,6,21,5,5,1104,32.39,27,.377049,2,1,0,43.440658
2005,6,21,5,5,1104,32.53,11.5,.377049,2,1,0,43.440658
2005,6,21,5,5,1104,32.66,7.7,.377049,2,1,0,43.440658
2005,6,21,5,5,1104,32.82,7.7,.377049,2,1,0,43.440658
2005,6,21,5,5,1104,33,7.7,.377049,2,1,0,43.440658
2005,6,21,5,5,1104,33.2,7.7,.377049,2,1,0,43.440658
2005,6,21,5,5,1104,33.42,7.7,.377049,2,1,0,43.440658
2005,6,21,5,5,1104,33.65,7.7,.377049,2,1,0,43.440658
2005,6,21,5,5,1104,33.89,7.7,.377049,2,1,0,43.440658
2005,6,21,5,5,1104,34.13,7.7,.377049,2,1,0,43.440658
2005,6,21,5,5,1104,34.38,7.7,.377049,2,1,0,43.440658
2005,6,21,5,5,1104,34.63,7.7,.377049,2,1,0,43.440658
2005,6,21,5,5,1104,34.88,7.7,.377049,2,1,0,43.440658
2005,6,21,5,5,1104,35.13,7.7,.377049,2,1,0,43.440658
2005,6,21,5,5,1104,35.36,7.7,.377049,2,1,0,43.440658
2005,6,21,5,5,1104,35.59,7.7,.377049,2,1,0,43.440658
2005,6,21,5,5,1104,35.81,7.7,.377049,2,1,0,43.440658
2005,6,21,5,5,1104,36,7.7,.377049,2,1,0,43.440658
2005,6,21,5,5,1104,36.18,7.7,.377049,2,1,0,43.440658
2005,6,21,5,5,1104,36.34,7.7,.377049,2,1,0,43.440658
2005,6,21,5,5,1104,36.47,7.7,.377049,2,1,0,43.440658
2005,6,21,5,5,1104,36.57,7.7,.377049,2,1,0,43.440658
2005,6,21,5,5,1104,36.64,7.5,.377049,2,1,0,43.440658
2005,6,21,5,5,1104,180.3,8.1,.377049,2,0,0,180.3
2005,6,21,6,5,1104,0,165,.377049,2,1,0,0
2005,6,21,6,5,1104,32.39,27,.377049,2,1,0,43.440658
2005,6,21,6,5,1104,32.53,11.5,.377049,2,1,0,43.440658
2005,6,21,6,5,1104,32.66,7.7,.377049,2,1,0,43.440658
2005,6,21,6,5,1104,32.82,7.7,.377049,2,1,0,43.440658
2005,6,21,6,5,1104,33,7.7,.377049,2,1,0,43.440658
2005,6,21,6,5,1104,33.2,7.7,.377049,2,1,0,43.440658
2005,6,21,6,5,1104,33.42,7.7,.377049,2,1,0,43.440658
2005,6,21,6,5,1104,33.65,7.7,.377049,2,1,0,43.440658
2005,6,21,6,5,1104,33.89,7.7,.377049,2,1,0,43.440658
2005,6,21,6,5,1104,34.13,7.7,.377049,2,1,0,43.440658
2005,6,21,6,5,1104,34.38,7.7,.377049,2,1,0,43.440658
2005,6,21,6,5,1104,34.63,7.7,.377049,2,1,0,43.440658
2005,6,21,6,5,1104,34.88,7.7,.377049,2,1,0,43.440658
2005,6,21,6,5,1104,35.13,7.7,.377049,2,1,0,43.440658
2005,6,21,6,5,1104,35.36,7.7,.377049,2,1,0,43.440658
2005,6,21,6,5,1104,35.59,7.7,.377049,2,1,0,43.440658
2005,6,21,6,5,1104,35.81,7.7,.377049,2,1,0,43.440658
2005,6,21,6,5,1104,36,7.7,.377049,2,1,0,43.440658
2005,6,21,6,5,1104,36.18,7.7,.377049,2,1,0,43.440658
2005,6,21,6,5,1104,36.34,7.7,.377049,2,1,0,43.440658
2005,6,21,6,5,1104,36.47,7.7,.377049,2,1,0,43.440658
2005,6,21,6,5,1104,36.57,7.7,.377049,2,1,0,43.440658
2005,6,21,6,5,1104,36.64,7.5,.377049,2,1,0,43.440658
2005,6,21,6,5,1104,180.3,8.1,.377049,2,0,0,180.3
2005,6,21,7,5,1104,0,165,.377049,2,1,0,0
2005,6,21,7,5,1104,32.39,27,.377049,2,1,0,43.440658
2005,6,21,7,5,1104,32.53,11.5,.377049,2,1,0,43.440658
2005,6,21,7,5,1104,32.66,7.7,.377049,2,1,0,43.440658
2005,6,21,7,5,1104,32.82,7.7,.377049,2,1,0,43.440658
2005,6,21,7,5,1104,33,7.7,.377049,2,1,0,43.440658
2005,6,21,7,5,1104,33.2,7.7,.377049,2,1,0,43.440658
2005,6,21,7,5,1104,33.42,7.7,.377049,2,1,0,43.440658
2005,6,21,7,5,1104,33.65,7.7,.377049,2,1,0,43.440658
2005,6,21,7,5,1104,33.89,7.7,.377049,2,1,0,43.440658
2005,6,21,7,5,1104,34.13,7.7,.377049,2,1,0,43.440658
2005,6,21,7,5,1104,34.38,7.7,.377049,2,1,0,43.440658
2005,6,21,7,5,1104,34.63,7.7,.377049,2,1,0,43.440658
2005,6,21,7,5,1104,34.88,7.7,.377049,2,1,0,43.440658
2005,6,21,7,5,1104,35.13,7.7,.377049,2,1,0,43.440658
2005,6,21,7,5,1104,35.36,7.7,.377049,2,1,0,43.440658
2005,6,21,7,5,1104,35.59,7.7,.377049,2,1,0,43.440658
2005,6,21,7,5,1104,35.81,7.7,.377049,2,1,0,43.440658
2005,6,21,7,5,1104,36,7.7,.377049,2,1,0,43.440658
2005,6,21,7,5,1104,36.18,7.7,.377049,2,1,0,43.440658
2005,6,21,7,5,1104,36.34,7.7,.377049,2,1,0,43.440658
2005,6,21,7,5,1104,36.47,7.7,.377049,2,1,0,43.440658
2005,6,21,7,5,1104,36.57,7.7,.377049,2,1,0,43.440658
2005,6,21,7,5,1104,36.64,7.5,.377049,2,1,0,43.440658
2005,6,21,7,5,1104,180.3,8.1,.377049,2,0,0,180.3
2005,6,21,8,5,1104,0,165,.377049,2,1,0,0
2005,6,21,8,5,1104,32.39,27,.377049,2,1,0,43.440658
2005,6,21,8,5,1104,32.53,11.5,.377049,2,1,0,43.440658
2005,6,21,8,5,1104,32.66,7.7,.377049,2,1,0,43.440658
2005,6,21,8,5,1104,32.82,7.7,.377049,2,1,0,43.440658
2005,6,21,8,5,1104,33,7.7,.377049,2,1,0,43.440658
2005,6,21,8,5,1104,33.2,7.7,.377049,2,1,0,43.440658
2005,6,21,8,5,1104,33.42,7.7,.377049,2,1,0,43.440658
2005,6,21,8,5,1104,33.65,7.7,.377049,2,1,0,43.440658
2005,6,21,8,5,1104,33.89,7.7,.377049,2,1,0,43.440658
2005,6,21,8,5,1104,34.13,7.7,.377049,2,1,0,43.440658
2005,6,21,8,5,1104,34.38,7.7,.377049,2,1,0,43.440658
2005,6,21,8,5,1104,34.63,7.7,.377049,2,1,0,43.440658
2005,6,21,8,5,1104,34.88,7.7,.377049,2,1,0,43.440658
2005,6,21,8,5,1104,35.13,7.7,.377049,2,1,0,43.440658
2005,6,21,8,5,1104,35.36,7.7,.377049,2,1,0,43.440658
2005,6,21,8,5,1104,35.59,7.7,.377049,2,1,0,43.440658
2005,6,21,8,5,1104,35.81,7.7,.377049,2,1,0,43.440658
2005,6,21,8,5,1104,36,7.7,.377049,2,1,0,43.440658
2005,6,21,8,5,1104,36.18,7.7,.377049,2,1,0,43.440658
2005,6,21,8,5,1104,36.34,7.7,.377049,2,1,0,43.440658
2005,6,21,8,5,1104,36.47,7.7,.377049,2,1,0,43.440658
2005,6,21,8,5,1104,36.57,7.7,.377049,2,1,0,43.440658
2005,6,21,8,5,1104,36.64,7.5,.377049,2,1,0,43.440658
2005,6,21,8,5,1104,180.3,8.1,.377049,2,0,0,180.3
2005,6,21,9,5,1104,0,165,.377049,2,1,0,0
2005,6,21,9,5,1104,32.39,27,.377049,2,1,0,43.440658
2005,6,21,9,5,1104,32.53,11.5,.377049,2,1,0,43.440658
2005,6,21,9,5,1104,32.66,7.7,.377049,2,1,0,43.440658
2005,6,21,9,5,1104,32.82,7.7,.377049,2,1,0,43.440658
2005,6,21,9,5,1104,33,7.7,.377049,2,1,0,43.440658
2005,6,21,9,5,1104,33.2,7.7,.377049,2,1,0,43.440658
2005,6,21,9,5,1104,33.42,7.7,.377049,2,1,0,43.440658
2005,6,21,9,5,1104,33.65,7.7,.377049,2,1,0,43.440658
2005,6,21,9,5,1104,33.89,7.7,.377049,2,1,0,43.440658
2005,6,21,9,5,1104,34.13,7.7,.377049,2,1,0,43.440658
2005,6,21,9,5,1104,34.38,7.7,.377049,2,1,0,43.440658
2005,6,21,9,5,1104,34.63,7.7,.377049,2,1,0,43.440658
2005,6,21,9,5,1104,34.88,7.7,.377049,2,1,0,43.440658
2005,6,21,9,5,1104,35.13,7.7,.377049,2,1,0,43.440658
2005,6,21,9,5,1104,35.36,7.7,.377049,2,1,0,43.440658
2005,6,21,9,5,1104,35.59,7.7,.377049,2,1,0,43.440658
2005,6,21,9,5,1104,35.81,7.7,.377049,2,1,0,43.440658
2005,6,21,9,5,1104,36,7.7,.377049,2,1,0,43.440658
2005,6,21,9,5,1104,36.18,7.7,.377049,2,1,0,43.440658
2005,6,21,9,5,1104,36.34,7.7,.377049,2,1,0,43.440658
2005,6,21,9,5,1104,36.47,7.7,.377049,2,1,0,43.440658
2005,6,21,9,5,1104,36.57,7.7,.377049,2,1,0,43.440658
2005,6,21,9,5,1104,36.64,7.5,.377049,2,1,0,43.440658
2005,6,21,9,5,1104,180.3,8.1,.377049,2,0,0,180.3
2005,6,21,10,5,1104,0,165,.377049,2,1,0,0
2005,6,21,10,5,1104,32.39,27,.377049,2,1,0,43.440658
2005,6,21,10,5,1104,32.53,11.5,.377049,2,1,0,43.440658
2005,6,21,10,5,1104,32.66,7.7,.377049,2,1,0,43.440658
2005,6,21,10,5,1104,32.82,7.7,.377049,2,1,0,43.440658
2005,6,21,10,5,1104,33,7.7,.377049,2,1,0,43.440658
2005,6,21,10,5,1104,33.2,7.7,.377049,2,1,0,43.440658
2005,6,21,10,5,1104,33.42,7.7,.377049,2,1,0,43.440658
2005,6,21,10,5,1104,33.65,7.7,.377049,2,1,0,43.440658
2005,6,21,10,5,1104,33.89,7.7,.377049,2,1,0,43.440658
2005,6,21,10,5,1104,34.13,7.7,.377049,2,1,0,43.440658
2005,6,21,10,5,1104,34.38,7.7,.377049,2,1,0,43.440658
2005,6,21,10,5,1104,34.63,7.7,.377049,2,1,0,43.440658
2005,6,21,10,5,1104,34.88,7.7,.377049,2,1,0,43.440658
2005,6,21,10,5,1104,35.13,7.7,.377049,2,1,0,43.440658
2005,6,21,10,5,1104,35.36,7.7,.377049,2,1,0,43.440658
2005,6,21,10,5,1104,35.59,7.7,.377049,2,1,0,43.440658
2005,6,21,10,5,1104,35.81,7.7,.377049,2,1,0,43.440658
2005,6,21,10,5,1104,36,7.7,.377049,2,1,0,43.440658
2005,6,21,10,5,1104,36.18,7.7,.377049,2,1,0,43.440658
2005,6,21,10,5,1104,36.34,7.7,.377049,2,1,0,43.440658
2005,6,21,10,5,1104,36.47,7.7,.377049,2,1,0,43.440658
2005,6,21,10,5,1104,36.57,7.7,.377049,2,1,0,43.440658
2005,6,21,10,5,1104,36.64,7.5,.377049,2,1,0,43.440658
2005,6,21,10,5,1104,180.3,8.1,.377049,2,0,0,180.3
2005,6,21,11,5,1104,0,165,.377049,2,1,0,0
2005,6,21,11,5,1104,32.39,27,.377049,2,1,0,43.440658
2005,6,21,11,5,1104,32.53,11.5,.377049,2,1,0,43.440658
2005,6,21,11,5,1104,32.66,7.7,.377049,2,1,0,43.440658
2005,6,21,11,5,1104,32.82,7.7,.377049,2,1,0,43.440658
2005,6,21,11,5,1104,33,7.7,.377049,2,1,0,43.440658
2005,6,21,11,5,1104,33.2,7.7,.377049,2,1,0,43.440658
2005,6,21,11,5,1104,33.42,7.7,.377049,2,1,0,43.440658
2005,6,21,11,5,1104,33.65,7.7,.377049,2,1,0,43.440658
2005,6,21,11,5,1104,33.89,7.7,.377049,2,1,0,43.440658
2005,6,21,11,5,1104,34.13,7.7,.377049,2,1,0,43.440658
2005,6,21,11,5,1104,34.38,7.7,.377049,2,1,0,43.440658
2005,6,21,11,5,1104,34.63,7.7,.377049,2,1,0,43.440658
2005,6,21,11,5,1104,34.88,7.7,.377049,2,1,0,43.440658
2005,6,21,11,5,1104,35.13,7.7,.377049,2,1,0,43.440658
2005,6,21,11,5,1104,35.36,7.7,.377049,2,1,0,43.440658
2005,6,21,11,5,1104,35.59,7.7,.377049,2,1,0,43.440658
2005,6,21,11,5,1104,35.81,7.7,.377049,2,1,0,43.440658
2005,6,21,11,5,1104,36,7.7,.377049,2,1,0,43.440658
2005,6,21,11,5,1104,36.18,7.7,.377049,2,1,0,43.440658
2005,6,21,11,5,1104,36.34,7.7,.377049,2,1,0,43.440658
2005,6,21,11,5,1104,36.47,7.7,.377049,2,1,0,43.440658
2005,6,21,11,5,1104,36.57,7.7,.377049,2,1,0,43.440658
2005,6,21,11,5,1104,36.64,7.5,.377049,2,1,0,43.440658
2005,6,21,11,5,1104,180.3,8.1,.377049,2,0,0,180.3
2005,6,21,12,5,1104,.01,165,.377049,2,1,0,.01
2005,6,21,12,5,1104,32.39,27,.377049,2,1,0,43.440658
2005,6,21,12,5,1104,32.53,11.5,.377049,2,1,0,43.440658
2005,6,21,12,5,1104,32.66,7.7,.377049,2,1,0,43.440658
2005,6,21,12,5,1104,32.82,7.7,.377049,2,1,0,43.440658
2005,6,21,12,5,1104,33,7.7,.377049,2,1,0,43.440658
2005,6,21,12,5,1104,33.2,7.7,.377049,2,1,0,43.440658
2005,6,21,12,5,1104,33.42,7.7,.377049,2,1,0,43.440658
2005,6,21,12,5,1104,33.65,7.7,.377049,2,1,0,43.440658
2005,6,21,12,5,1104,33.89,7.7,.377049,2,1,0,43.440658
2005,6,21,12,5,1104,34.13,7.7,.377049,2,1,0,43.440658
2005,6,21,12,5,1104,34.38,7.7,.377049,2,1,0,43.440658
2005,6,21,12,5,1104,34.63,7.7,.377049,2,1,0,43.440658
2005,6,21,12,5,1104,34.88,7.7,.377049,2,1,0,43.440658
2005,6,21,12,5,1104,35.13,7.7,.377049,2,1,0,43.440658
2005,6,21,12,5,1104,35.36,7.7,.377049,2,1,0,43.440658
2005,6,21,12,5,1104,35.59,7.7,.377049,2,1,0,43.440658
2005,6,21,12,5,1104,35.81,7.7,.377049,2,1,0,43.440658
2005,6,21,12,5,1104,36,7.7,.377049,2,1,0,43.440658
2005,6,21,12,5,1104,36.18,7.7,.377049,2,1,0,43.440658
2005,6,21,12,5,1104,36.34,7.7,.377049,2,1,0,43.440658
2005,6,21,12,5,1104,36.47,7.7,.377049,2,1,0,43.440658
2005,6,21,12,5,1104,36.57,7.7,.377049,2,1,0,43.440658
2005,6,21,12,5,1104,36.64,7.5,.377049,2,1,0,43.440658
2005,6,21,12,5,1104,180.3,8.1,.377049,2,0,0,180.3
2005,6,21,13,5,1104,.01,165,.377049,2,1,0,.01
2005,6,21,13,5,1104,32.39,27,.377049,2,1,0,43.440658
2005,6,21,13,5,1104,32.53,11.5,.377049,2,1,0,43.440658
2005,6,21,13,5,1104,32.66,7.7,.377049,2,1,0,43.440658
2005,6,21,13,5,1104,32.82,7.7,.377049,2,1,0,43.440658
2005,6,21,13,5,1104,33,7.7,.377049,2,1,0,43.440658
2005,6,21,13,5,1104,33.2,7.7,.377049,2,1,0,43.440658
2005,6,21,13,5,1104,33.42,7.7,.377049,2,1,0,43.440658
2005,6,21,13,5,1104,33.65,7.7,.377049,2,1,0,43.440658
2005,6,21,13,5,1104,33.89,7.7,.377049,2,1,0,43.440658
2005,6,21,13,5,1104,34.13,7.7,.377049,2,1,0,43.440658
2005,6,21,13,5,1104,34.38,7.7,.377049,2,1,0,43.440658
2005,6,21,13,5,1104,34.63,7.7,.377049,2,1,0,43.440658
2005,6,21,13,5,1104,34.88,7.7,.377049,2,1,0,43.440658
2005,6,21,13,5,1104,35.13,7.7,.377049,2,1,0,43.440658
2005,6,21,13,5,1104,35.36,7.7,.377049,2,1,0,43.440658
2005,6,21,13,5,1104,35.59,7.7,.377049,2,1,0,43.440658
2005,6,21,13,5,1104,35.81,7.7,.377049,2,1,0,43.440658
2005,6,21,13,5,1104,36,7.7,.377049,2,1,0,43.440658
2005,6,21,13,5,1104,36.18,7.7,.377049,2,1,0,43.440658
2005,6,21,13,5,1104,36.34,7.7,.377049,2,1,0,43.440658
2005,6,21,13,5,1104,36.47,7.7,.377049,2,1,0,43.440658
2005,6,21,13,5,1104,36.57,7.7,.377049,2,1,0,43.440658
2005,6,21,13,5,1104,36.64,7.5,.377049,2,1,0,43.440658
2005,6,21,13,5,1104,180.3,8.1,.377049,2,0,0,180.3
2005,6,21,14,5,1104,.01,165,.377049,2,1,0,.01
2005,6,21,14,5,1104,32.39,27,.377049,2,1,0,43.440658
2005,6,21,14,5,1104,32.53,11.5,.377049,2,1,0,43.440658
2005,6,21,14,5,1104,32.66,7.7,.377049,2,1,0,43.440658
2005,6,21,14,5,1104,32.82,7.7,.377049,2,1,0,43.440658
2005,6,21,14,5,1104,33,7.7,.377049,2,1,0,43.440658
2005,6,21,14,5,1104,33.2,7.7,.377049,2,1,0,43.440658
2005,6,21,14,5,1104,33.42,7.7,.377049,2,1,0,43.440658
2005,6,21,14,5,1104,33.65,7.7,.377049,2,1,0,43.440658
2005,6,21,14,5,1104,33.89,7.7,.377049,2,1,0,43.440658
2005,6,21,14,5,1104,34.13,7.7,.377049,2,1,0,43.440658
2005,6,21,14,5,1104,34.38,7.7,.377049,2,1,0,43.440658
2005,6,21,14,5,1104,34.63,7.7,.377049,2,1,0,43.440658
2005,6,21,14,5,1104,34.88,7.7,.377049,2,1,0,43.440658
2005,6,21,14,5,1104,35.13,7.7,.377049,2,1,0,43.440658
2005,6,21,14,5,1104,35.36,7.7,.377049,2,1,0,43.440658
2005,6,21,14,5,1104,35.59,7.7,.377049,2,1,0,43.440658
2005,6,21,14,5,1104,35.81,7.7,.377049,2,1,0,43.440658
2005,6,21,14,5,1104,36,7.7,.377049,2,1,0,43.440658
2005,6,21,14,5,1104,36.18,7.7,.377049,2,1,0,43.440658
2005,6,21,14,5,1104,36.34,7.7,.377049,2,1,0,43.440658
2005,6,21,14,5,1104,36.47,7.7,.377049,2,1,0,43.440658
2005,6,21,14,5,1104,36.57,7.7,.377049,2,1,0,43.440658
2005,6,21,14,5,1104,36.64,7.5,.377049,2,1,0,43.440658
2005,6,21,14,5,1104,180.3,8.1,.377049,2,0,0,180.3
2005,6,21,15,5,1104,.01,165,.377049,2,1,0,.01
2005,6,21,15,5,1104,32.39,27,.377049,2,1,0,43.440658
2005,6,21,15,5,1104,32.53,11.5,.377049,2,1,0,43.440658
2005,6,21,15,5,1104,32.66,7.7,.377049,2,1,0,43.440658
2005,6,21,15,5,1104,32.82,7.7,.377049,2,1,0,43.440658
2005,6,21,15,5,1104,33,7.7,.377049,2,1,0,43.440658
2005,6,21,15,5,1104,33.2,7.7,.377049,2,1,0,43.440658
2005,6,21,15,5,1104,33.42,7.7,.377049,2,1,0,43.440658
2005,6,21,15,5,1104,33.65,7.7,.377049,2,1,0,43.440658
2005,6,21,15,5,1104,33.89,7.7,.377049,2,1,0,43.440658
2005,6,21,15,5,1104,34.13,7.7,.377049,2,1,0,43.440658
2005,6,21,15,5,1104,34.38,7.7,.377049,2,1,0,43.440658
2005,6,21,15,5,1104,34.63,7.7,.377049,2,1,0,43.440658
2005,6,21,15,5,1104,34.88,7.7,.377049,2,1,0,43.440658
2005,6,21,15,5,1104,35.13,7.7,.377049,2,1,0,43.440658
2005,6,21,15,5,1104,35.36,7.7,.377049,2,1,0,43.440658
2005,6,21,15,5,1104,35.59,7.7,.377049,2,1,0,43.440658
2005,6,21,15,5,1104,35.81,7.7,.377049,2,1,0,43.440658
2005,6,21,15,5,1104,36,7.7,.377049,2,1,0,43.440658
2005,6,21,15,5,1104,36.18,7.7,.377049,2,1,0,43.440658
2005,6,21,15,5,1104,36.34,7.7,.377049,2,1,0,43.440658
2005,6,21,15,5,1104,36.47,7.7,.377049,2,1,0,43.440658
2005,6,21,15,5,1104,36.57,7.7,.377049,2,1,0,43.440658
2005,6,21,15,5,1104,36.64,7.5,.377049,2,1,0,43.440658
2005,6,21,15,5,1104,180.3,8.1,.377049,2,0,0,180.3
2005,6,21,16,5,1104,.01,165,.377049,2,1,0,.01
2005,6,21,16,5,1104,32.39,27,.377049,2,1,0,43.440658
2005,6,21,16,5,1104,32.53,11.5,.377049,2,1,0,43.440658
2005,6,21,16,5,1104,32.66,7.7,.377049,2,1,0,43.440658
2005,6,21,16,5,1104,32.82,7.7,.377049,2,1,0,43.440658
2005,6,21,16,5,1104,33,7.7,.377049,2,1,0,43.440658
2005,6,21,16,5,1104,33.2,7.7,.377049,2,1,0,43.440658
2005,6,21,16,5,1104,33.42,7.7,.377049,2,1,0,43.440658
2005,6,21,16,5,1104,33.65,7.7,.377049,2,1,0,43.440658
2005,6,21,16,5,1104,33.89,7.7,.377049,2,1,0,43.440658
2005,6,21,16,5,1104,34.13,7.7,.377049,2,1,0,43.440658
2005,6,21,16,5,1104,34.38,7.7,.377049,2,1,0,43.440658
2005,6,21,16,5,1104,34.63,7.7,.377049,2,1,0,43.440658
2005,6,21,16,5,1104,34.88,7.7,.377049,2,1,0,43.440658
2005,6,21,16,5,1104,35.13,7.7,.377049,2,1,0,43.440658
2005,6,21,16,5,1104,35.36,7.7,.377049,2,1,0,43.440658
2005,6,21,16,5,1104,35.59,7.7,.377049,2,1,0,43.440658
2005,6,21,16,5,1104,35.81,7.7,.377049,2,1,0,43.440658
2005,6,21,16,5,1104,36,7.7,.377049,2,1,0,43.440658
2005,6,21,16,5,1104,36.18,7.7,.377049,2,1,0,43.440658
2005,6,21,16,5,1104,36.34,7.7,.377049,2,1,0,43.440658
2005,6,21,16,5,1104,36.47,7.7,.377049,2,1,0,43.440658
2005,6,21,16,5,1104,36.57,7.7,.377049,2,1,0,43.440658
2005,6,21,16,5,1104,36.64,7.5,.377049,2,1,0,43.440658
2005,6,21,16,5,1104,180.3,8.1,.377049,2,0,0,180.3
2005,6,21,17,5,1104,.01,165,.377049,2,1,0,.01
2005,6,21,17,5,1104,32.39,27,.377049,2,1,0,43.440658
2005,6,21,17,5,1104,32.53,11.5,.377049,2,1,0,43.440658
2005,6,21,17,5,1104,32.66,7.7,.377049,2,1,0,43.440658
2005,6,21,17,5,1104,32.82,7.7,.377049,2,1,0,43.440658
2005,6,21,17,5,1104,33,7.7,.377049,2,1,0,43.440658
2005,6,21,17,5,1104,33.2,7.7,.377049,2,1,0,43.440658
2005,6,21,17,5,1104,33.42,7.7,.377049,2,1,0,43.440658
2005,6,21,17,5,1104,33.65,7.7,.377049,2,1,0,43.440658
2005,6,21,17,5,1104,33.89,7.7,.377049,2,1,0,43.440658
2005,6,21,17,5,1104,34.13,7.7,.377049,2,1,0,43.440658
2005,6,21,17,5,1104,34.38,7.7,.377049,2,1,0,43.440658
2005,6,21,17,5,1104,34.63,7.7,.377049,2,1,0,43.440658
2005,6,21,17,5,1104,34.88,7.7,.377049,2,1,0,43.440658
2005,6,21,17,5,1104,35.13,7.7,.377049,2,1,0,43.440658
2005,6,21,17,5,1104,35.36,7.7,.377049,2,1,0,43.440658
2005,6,21,17,5,1104,35.59,7.7,.377049,2,1,0,43.440658
2005,6,21,17,5,1104,35.81,7.7,.377049,2,1,0,43.440658
2005,6,21,17,5,1104,36,7.7,.377049,2,1,0,43.440658
2005,6,21,17,5,1104,36.18,7.7,.377049,2,1,0,43.440658
2005,6,21,17,5,1104,36.34,7.7,.377049,2,1,0,43.440658
2005,6,21,17,5,1104,36.47,7.7,.377049,2,1,0,43.440658
2005,6,21,17,5,1104,36.57,7.7,.377049,2,1,0,43.440658
2005,6,21,17,5,1104,36.64,7.5,.377049,2,1,0,43.440658
2005,6,21,17,5,1104,180.3,8.1,.377049,2,0,0,180.3
2005,6,21,18,5,1104,.01,165,.377049,2,1,0,.01
2005,6,21,18,5,1104,32.39,27,.377049,2,1,0,43.440658
2005,6,21,18,5,1104,32.53,11.5,.377049,2,1,0,43.440658
2005,6,21,18,5,1104,32.66,7.7,.377049,2,1,0,43.440658
2005,6,21,18,5,1104,32.82,7.7,.377049,2,1,0,43.440658
2005,6,21,18,5,1104,33,7.7,.377049,2,1,0,43.440658
2005,6,21,18,5,1104,33.2,7.7,.377049,2,1,0,43.440658
2005,6,21,18,5,1104,33.42,7.7,.377049,2,1,0,43.440658
2005,6,21,18,5,1104,33.65,7.7,.377049,2,1,0,43.440658
2005,6,21,18,5,1104,33.89,7.7,.377049,2,1,0,43.440658
2005,6,21,18,5,1104,34.13,7.7,.377049,2,1,0,43.440658
2005,6,21,18,5,1104,34.38,7.7,.377049,2,1,0,43.440658
2005,6,21,18,5,1104,34.63,7.7,.377049,2,1,0,43.440658
2005,6,21,18,5,1104,34.88,7.7,.377049,2,1,0,43.440658
2005,6,21,18,5,1104,35.13,7.7,.377049,2,1,0,43.440658
2005,6,21,18,5,1104,35.36,7.7,.377049,2,1,0,43.440658
2005,6,21,18,5,1104,35.59,7.7,.377049,2,1,0,43.440658
2005,6,21,18,5,1104,35.81,7.7,.377049,2,1,0,43.440658
2005,6,21,18,5,1104,36,7.7,.377049,2,1,0,43.440658
2005,6,21,18,5,1104,36.18,7.7,.377049,2,1,0,43.440658
2005,6,21,18,5,1104,36.34,7.7,.377049,2,1,0,43.440658
2005,6,21,18,5,1104,36.47,7.7,.377049,2,1,0,43.440658
2005,6,21,18,5,1104,36.57,7.7,.377049,2,1,0,43.440658
2005,6,21,18,5,1104,36.64,7.5,.377049,2,1,0,43.440658
2005,6,21,18,5,1104,180.3,8.1,.377049,2,0,0,180.3
2005,6,21,19,5,1104,.01,165,.377049,2,1,0,.01
2005,6,21,19,5,1104,32.39,27,.377049,2,1,0,43.440658
2005,6,21,19,5,1104,32.53,11.5,.377049,2,1,0,43.440658
2005,6,21,19,5,1104,32.66,7.7,.377049,2,1,0,43.440658
2005,6,21,19,5,1104,32.82,7.7,.377049,2,1,0,43.440658
2005,6,21,19,5,1104,33,7.7,.377049,2,1,0,43.440658
2005,6,21,19,5,1104,33.2,7.7,.377049,2,1,0,43.440658
2005,6,21,19,5,1104,33.42,7.7,.377049,2,1,0,43.440658
2005,6,21,19,5,1104,33.65,7.7,.377049,2,1,0,43.440658
2005,6,21,19,5,1104,33.89,7.7,.377049,2,1,0,43.440658
2005,6,21,19,5,1104,34.13,7.7,.377049,2,1,0,43.440658
2005,6,21,19,5,1104,34.38,7.7,.377049,2,1,0,43.440658
2005,6,21,19,5,1104,34.63,7.7,.377049,2,1,0,43.440658
2005,6,21,19,5,1104,34.88,7.7,.377049,2,1,0,43.440658
2005,6,21,19,5,1104,35.13,7.7,.377049,2,1,0,43.440658
2005,6,21,19,5,1104,35.36,7.7,.377049,2,1,0,43.440658
2005,6,21,19,5,1104,35.59,7.7,.377049,2,1,0,43.440658
2005,6,21,19,5,1104,35.81,7.7,.377049,2,1,0,43.440658
2005,6,21,19,5,1104,36,7.7,.377049,2,1,0,43.440658
2005,6,21,19,5,1104,36.18,7.7,.377049,2,1,0,43.440658
2005,6,21,19,5,1104,36.34,7.7,.377049,2,1,0,43.440658
2005,6,21,19,5,1104,36.47,7.7,.377049,2,1,0,43.440658
2005,6,21,19,5,1104,36.57,7.7,.377049,2,1,0,43.440658
2005,6,21,19,5,1104,36.64,7.5,.377049,2,1,0,43.440658
2005,6,21,19,5,1104,180.3,8.1,.377049,2,0,0,180.3
2005,6,21,20,5,1104,.01,165,.377049,2,1,0,.01
2005,6,21,20,5,1104,32.39,27,.377049,2,1,0,43.440658
2005,6,21,20,5,1104,32.53,11.5,.377049,2,1,0,43.440658
2005,6,21,20,5,1104,32.66,7.7,.377049,2,1,0,43.440658
2005,6,21,20,5,1104,32.82,7.7,.377049,2,1,0,43.440658
2005,6,21,20,5,1104,33,7.7,.377049,2,1,0,43.440658
2005,6,21,20,5,1104,33.2,7.7,.377049,2,1,0,43.440658
2005,6,21,20,5,1104,33.42,7.7,.377049,2,1,0,43.440658
2005,6,21,20,5,1104,33.65,7.7,.377049,2,1,0,43.440658
2005,6,21,20,5,1104,33.89,7.7,.377049,2,1,0,43.440658
2005,6,21,20,5,1104,34.13,7.7,.377049,2,1,0,43.440658
2005,6,21,20,5,1104,34.38,7.7,.377049,2,1,0,43.440658
2005,6,21,20,5,1104,34.63,7.7,.377049,2,1,0,43.440658
2005,6,21,20,5,1104,34.88,7.7,.377049,2,1,0,43.440658
2005,6,21,20,5,1104,35.13,7.7,.377049,2,1,0,43.440658
2005,6,21,20,5,1104,35.36,7.7,.377049,2,1,0,43.440658
2005,6,21,20,5,1104,35.59,7.7,.377049,2,1,0,43.440658
2005,6,21,20,5,1104,35.81,7.7,.377049,2,1,0,43.440658
2005,6,21,20,5,1104,36,7.7,.377049,2,1,0,43.440658
2005,6,21,20,5,1104,36.18,7.7,.377049,2,1,0,43.440658
2005,6,21,20,5,1104,36.34,7.7,.377049,2,1,0,43.440658
2005,6,21,20,5,1104,36.47,7.7,.377049,2,1,0,43.440658
2005,6,21,20,5,1104,36.57,7.7,.377049,2,1,0,43.440658
2005,6,21,20,5,1104,36.64,7.5,.377049,2,1,0,43.440658
2005,6,21,20,5,1104,180.3,8.1,.377049,2,0,0,180.3
2005,6,21,21,5,1104,.01,165,.377049,2,1,0,.01
2005,6,21,21,5,1104,32.39,27,.377049,2,1,0,43.440658
2005,6,21,21,5,1104,32.53,11.5,.377049,2,1,0,43.440658
2005,6,21,21,5,1104,32.66,7.7,.377049,2,1,0,43.440658
2005,6,21,21,5,1104,32.82,7.7,.377049,2,1,0,43.440658
2005,6,21,21,5,1104,33,7.7,.377049,2,1,0,43.440658
2005,6,21,21,5,1104,33.2,7.7,.377049,2,1,0,43.440658
2005,6,21,21,5,1104,33.42,7.7,.377049,2,1,0,43.440658
2005,6,21,21,5,1104,33.65,7.7,.377049,2,1,0,43.440658
2005,6,21,21,5,1104,33.89,7.7,.377049,2,1,0,43.440658
2005,6,21,21,5,1104,34.13,7.7,.377049,2,1,0,43.440658
2005,6,21,21,5,1104,34.38,7.7,.377049,2,1,0,43.440658
2005,6,21,21,5,1104,34.63,7.7,.377049,2,1,0,43.440658
2005,6,21,21,5,1104,34.88,7.7,.377049,2,1,0,43.440658
2005,6,21,21,5,1104,35.13,7.7,.377049,2,1,0,43.440658
2005,6,21,21,5,1104,35.36,7.7,.377049,2,1,0,43.440658
2005,6,21,21,5,1104,35.59,7.7,.377049,2,1,0,43.440658
2005,6,21,21,5,1104,35.81,7.7,.377049,2,1,0,43.440658
2005,6,21,21,5,1104,36,7.7,.377049,2,1,0,43.440658
2005,6,21,21,5,1104,36.18,7.7,.377049,2,1,0,43.440658
2005,6,21,21,5,1104,36.34,7.7,.377049,2,1,0,43.440658
2005,6,21,21,5,1104,36.47,7.7,.377049,2,1,0,43.440658
2005,6,21,21,5,1104,36.57,7.7,.377049,2,1,0,43.440658
2005,6,21,21,5,1104,36.64,7.5,.377049,2,1,0,43.440658
2005,6,21,21,5,1104,180.3,8.1,.377049,2,0,0,180.3
2005,6,21,22,5,1104,.01,165,.377049,2,1,0,.01
2005,6,21,22,5,1104,32.39,27,.377049,2,1,0,43.440658
2005,6,21,22,5,1104,32.53,11.5,.377049,2,1,0,43.440658
2005,6,21,22,5,1104,32.66,7.7,.377049,2,1,0,43.440658
2005,6,21,22,5,1104,32.82,7.7,.377049,2,1,0,43.440658
2005,6,21,22,5,1104,33,7.7,.377049,2,1,0,43.440658
2005,6,21,22,5,1104,33.2,7.7,.377049,2,1,0,43.440658
2005,6,21,22,5,1104,33.42,7.7,.377049,2,1,0,43.440658
2005,6,21,22,5,1104,33.65,7.7,.377049,2,1,0,43.440658
2005,6,21,22,5,1104,33.89,7.7,.377049,2,1,0,43.440658
2005,6,21,22,5,1104,34.13,7.7,.377049,2,1,0,43.440658
2005,6,21,22,5,1104,34.38,7.7,.377049,2,1,0,43.440658
2005,6,21,22,5,1104,34.63,7.7,.377049,2,1,0,43.440658
2005,6,21,22,5,1104,34.88,7.7,.377049,2,1,0,43.440658
2005,6,21,22,5,1104,35.13,7.7,.377049,2,1,0,43.440658
2005,6,21,22,5,1104,35.36,7.7,.377049,2,1,0,43.440658
2005,6,21,22,5,1104,35.59,7.7,.377049,2,1,0,43.440658
2005,6,21,22,5,1104,35.81,7.7,.377049,2,1,0,43.440658
2005,6,21,22,5,1104,36,7.7,.377049,2,1,0,43.440658
2005,6,21,22,5,1104,36.18,7.7,.377049,2,1,0,43.440658
2005,6,21,22,5,1104,36.34,7.7,.377049,2,1,0,43.440658
2005,6,21,22,5,1104,36.47,7.7,.377049,2,1,0,43.440658
2005,6,21,22,5,1104,36.57,7.7,.377049,2,1,0,43.440658
2005,6,21,22,5,1104,36.64,7.5,.377049,2,1,0,43.440658
2005,6,21,22,5,1104,180.3,8.1,.377049,2,0,0,180.3
2005,6,21,23,5,1104,.01,165,.377049,2,1,0,.01
2005,6,21,23,5,1104,32.39,27,.377049,2,1,0,43.440658
2005,6,21,23,5,1104,32.53,11.5,.377049,2,1,0,43.440658
2005,6,21,23,5,1104,32.66,7.7,.377049,2,1,0,43.440658
2005,6,21,23,5,1104,32.82,7.7,.377049,2,1,0,43.440658
2005,6,21,23,5,1104,33,7.7,.377049,2,1,0,43.440658
2005,6,21,23,5,1104,33.2,7.7,.377049,2,1,0,43.440658
2005,6,21,23,5,1104,33.42,7.7,.377049,2,1,0,43.440658
2005,6,21,23,5,1104,33.65,7.7,.377049,2,1,0,43.440658
2005,6,21,23,5,1104,33.89,7.7,.377049,2,1,0,43.440658
2005,6,21,23,5,1104,34.13,7.7,.377049,2,1,0,43.440658
2005,6,21,23,5,1104,34.38,7.7,.377049,2,1,0,43.440658
2005,6,21,23,5,1104,34.63,7.7,.377049,2,1,0,43.440658
2005,6,21,23,5,1104,34.88,7.7,.377049,2,1,0,43.440658
2005,6,21,23,5,1104,35.13,7.7,.377049,2,1,0,43.440658
2005,6,21,23,5,1104,35.36,7.7,.377049,2,1,0,43.440658
2005,6,21,23,5,1104,35.59,7.7,.377049,2,1,0,43.440658
2005,6,21,23,5,1104,35.81,7.7,.377049,2,1,0,43.440658
2005,6,21,23,5,1104,36,7.7,.377049,2,1,0,43.440658
2005,6,21,23,5,1104,36.18,7.7,.377049,2,1,0,43.440658
2005,6,21,23,5,1104,36.34,7.7,.377049,2,1,0,43.440658
2005,6,21,23,5,1104,36.47,7.7,.377049,2,1,0,43.440658
2005,6,21,23,5,1104,36.57,7.7,.377049,2,1,0,43.440658
2005,6,21,23,5,1104,36.64,7.5,.377049,2,1,0,43.440658
2005,6,21,23,5,1104,180.3,8.1,.377049,2,0,0,180.3
2005,6,21,24,5,1104,.01,165,.377049,2,1,0,.01
2005,6,21,24,5,1104,32.39,27,.377049,2,1,0,43.440658
2005,6,21,24,5,1104,32.53,11.5,.377049,2,1,0,43.440658
2005,6,21,24,5,1104,32.66,7.7,.377049,2,1,0,43.440658
2005,6,21,24,5,1104,32.82,7.7,.377049,2,1,0,43.440658
2005,6,21,24,5,1104,33,7.7,.377049,2,1,0,43.440658
2005,6,21,24,5,1104,33.2,7.7,.377049,2,1,0,43.440658
2005,6,21,24,5,1104,33.42,7.7,.377049,2,1,0,43.440658
2005,6,21,24,5,1104,33.65,7.7,.377049,2,1,0,43.440658
2005,6,21,24,5,1104,33.89,7.7,.377049,2,1,0,43.440658
2005,6,21,24,5,1104,34.13,7.7,.377049,2,1,0,43.440658
2005,6,21,24,5,1104,34.38,7.7,.377049,2,1,0,43.440658
2005,6,21,24,5,1104,34.63,7.7,.377049,2,1,0,43.440658
2005,6,21,24,5,1104,34.88,7.7,.377049,2,1,0,43.440658
2005,6,21,24,5,1104,35.13,7.7,.377049,2,1,0,43.440658
2005,6,21,24,5,1104,35.36,7.7,.377049,2,1,0,43.440658
2005,6,21,24,5,1104,35.59,7.7,.377049,2,1,0,43.440658
2005,6,21,24,5,1104,35.81,7.7,.377049,2,1,0,43.440658
2005,6,21,24,5,1104,36,7.7,.377049,2,1,0,43.440658
2005,6,21,24,5,1104,36.18,7.7,.377049,2,1,0,43.440658
2005,6,21,24,5,1104,36.34,7.7,.377049,2,1,0,43.440658
2005,6,21,24,5,1104,36.47,7.7,.377049,2,1,0,43.440658
2005,6,21,24,5,1104,36.57,7.7,.377049,2,1,0,43.440658
2005,6,21,24,5,1104,36.64,7.5,.377049,2,1,0,43.440658
2005,6,21,24,5,1104,180.3,8.1,.377049,2,0,0,180.3
2005,6,21,1,2,1105,0,165,.377049,2,1,0,0
2005,6,21,1,2,1105,30.02,35,.377049,2,1,0,43.440658
2005,6,21,1,2,1105,30.03,35,.377049,2,1,0,43.440658
2005,6,21,1,2,1105,30.04,35,.377049,2,1,0,43.440658
2005,6,21,1,2,1105,30.05,35,.377049,2,1,0,43.440658
2005,6,21,1,2,1105,30.06,35,.377049,2,1,0,43.440658
2005,6,21,1,2,1105,90.07,25,.377049,2,0,0,43.440658
2005,6,21,2,2,1105,0,165,.377049,2,1,0,0
2005,6,21,2,2,1105,90.07,200,.377049,2,0,0,43.440658
2005,6,21,3,2,1105,0,165,.377049,2,1,0,0
2005,6,21,3,2,1105,90.07,200,.377049,2,0,0,43.440658
2005,6,21,4,2,1105,0,165,.377049,2,1,0,0
2005,6,21,4,2,1105,90.07,200,.377049,2,0,0,43.440658
2005,6,21,5,2,1105,0,165,.377049,2,1,0,0
2005,6,21,5,2,1105,90.07,200,.377049,2,0,0,43.440658
2005,6,21,6,2,1105,0,165,.377049,2,1,0,0
2005,6,21,6,2,1105,90.07,200,.377049,2,0,0,43.440658
2005,6,21,7,2,1105,0,165,.377049,2,1,0,0
2005,6,21,7,2,1105,90.07,200,.377049,2,0,0,43.440658
2005,6,21,8,2,1105,0,165,.377049,2,1,0,0
2005,6,21,8,2,1105,30.02,35,.377049,2,1,0,43.440658
2005,6,21,8,2,1105,30.03,35,.377049,2,1,0,43.440658
2005,6,21,8,2,1105,30.04,35,.377049,2,1,0,43.440658
2005,6,21,8,2,1105,30.05,35,.377049,2,1,0,43.440658
2005,6,21,8,2,1105,30.06,35,.377049,2,1,0,43.440658
2005,6,21,8,2,1105,90.07,25,.377049,2,0,0,43.440658
2005,6,21,9,2,1105,0,340,.377049,2,1,0,0
2005,6,21,9,2,1105,90.07,25,.377049,2,0,0,43.440658
2005,6,21,10,2,1105,0,340,.377049,2,1,0,0
2005,6,21,10,2,1105,90.07,25,.377049,2,0,0,43.440658
2005,6,21,11,2,1105,0,340,.377049,2,1,0,0
2005,6,21,11,2,1105,90.07,25,.377049,2,1,0,43.440658
2005,6,21,12,2,1105,0,200,.377049,2,1,0,0
2005,6,21,12,2,1105,30.03,35,.377049,2,1,0,43.440658
2005,6,21,12,2,1105,30.04,35,.377049,2,1,0,43.440658
2005,6,21,12,2,1105,30.05,35,.377049,2,1,0,43.440658
2005,6,21,12,2,1105,30.06,35,.377049,2,1,0,43.440658
2005,6,21,12,2,1105,90.07,25,.377049,2,1,0,43.440658
2005,6,21,13,2,1105,0,165,.377049,2,1,0,0
2005,6,21,13,2,1105,30.02,35,.377049,2,1,0,43.440658
2005,6,21,13,2,1105,30.03,35,.377049,2,1,0,43.440658
2005,6,21,13,2,1105,30.04,35,.377049,2,1,0,43.440658
2005,6,21,13,2,1105,30.05,35,.377049,2,1,0,43.440658
2005,6,21,13,2,1105,30.06,35,.377049,2,1,0,43.440658
2005,6,21,13,2,1105,90.07,25,.377049,2,1,0,43.440658
2005,6,21,14,2,1105,0,270,.377049,2,1,0,0
2005,6,21,14,2,1105,30.05,35,.377049,2,1,0,43.440658
2005,6,21,14,2,1105,30.06,35,.377049,2,1,0,43.440658
2005,6,21,14,2,1105,90.07,25,.377049,2,1,0,43.440658
2005,6,21,15,2,1105,0,165,.377049,2,1,0,0
2005,6,21,15,2,1105,30.02,35,.377049,2,1,0,43.440658
2005,6,21,15,2,1105,30.03,35,.377049,2,1,0,43.440658
2005,6,21,15,2,1105,30.04,35,.377049,2,1,0,43.440658
2005,6,21,15,2,1105,30.05,35,.377049,2,1,0,43.440658
2005,6,21,15,2,1105,30.06,35,.377049,2,1,0,43.440658
2005,6,21,15,2,1105,90.07,25,.377049,2,1,0,43.440658
2005,6,21,16,2,1105,0,165,.377049,2,1,0,0
2005,6,21,16,2,1105,30.02,35,.377049,2,1,0,43.440658
2005,6,21,16,2,1105,30.03,35,.377049,2,1,0,43.440658
2005,6,21,16,2,1105,30.04,35,.377049,2,1,0,43.440658
2005,6,21,16,2,1105,30.05,35,.377049,2,1,0,43.440658
2005,6,21,16,2,1105,30.06,35,.377049,2,1,0,43.440658
2005,6,21,16,2,1105,90.07,25,.377049,2,1,0,43.440658
2005,6,21,17,2,1105,0,305,.377049,2,1,0,0
2005,6,21,17,2,1105,30.06,35,.377049,2,1,0,43.440658
2005,6,21,17,2,1105,90.07,25,.377049,2,1,0,43.440658
2005,6,21,18,2,1105,0,270,.377049,2,1,0,0
2005,6,21,18,2,1105,30.05,35,.377049,2,1,0,43.440658
2005,6,21,18,2,1105,30.06,35,.377049,2,1,0,43.440658
2005,6,21,18,2,1105,90.07,25,.377049,2,1,0,43.440658
2005,6,21,19,2,1105,0,340,.377049,2,1,0,0
2005,6,21,19,2,1105,90.07,25,.377049,2,1,0,43.440658
2005,6,21,20,2,1105,0,340,.377049,2,1,0,0
2005,6,21,20,2,1105,90.07,25,.377049,2,1,0,43.440658
2005,6,21,21,2,1105,0,200,.377049,2,1,0,0
2005,6,21,21,2,1105,30.03,35,.377049,2,1,0,43.440658
2005,6,21,21,2,1105,30.04,35,.377049,2,1,0,43.440658
2005,6,21,21,2,1105,30.05,35,.377049,2,1,0,43.440658
2005,6,21,21,2,1105,30.06,35,.377049,2,1,0,43.440658
2005,6,21,21,2,1105,90.07,25,.377049,2,0,0,43.440658
2005,6,21,22,2,1105,0,165,.377049,2,1,0,0
2005,6,21,22,2,1105,30.02,35,.377049,2,1,0,43.440658
2005,6,21,22,2,1105,30.03,35,.377049,2,1,0,43.440658
2005,6,21,22,2,1105,30.04,35,.377049,2,1,0,43.440658
2005,6,21,22,2,1105,30.05,35,.377049,2,1,0,43.440658
2005,6,21,22,2,1105,30.06,35,.377049,2,1,0,43.440658
2005,6,21,22,2,1105,90.07,25,.377049,2,0,0,43.440658
2005,6,21,23,2,1105,0,165,.377049,2,1,0,0
2005,6,21,23,2,1105,30.02,35,.377049,2,1,0,43.440658
2005,6,21,23,2,1105,30.03,35,.377049,2,1,0,43.440658
2005,6,21,23,2,1105,30.04,35,.377049,2,1,0,43.440658
2005,6,21,23,2,1105,30.05,35,.377049,2,1,0,43.440658
2005,6,21,23,2,1105,30.06,35,.377049,2,1,0,43.440658
2005,6,21,23,2,1105,90.07,25,.377049,2,0,0,43.440658
2005,6,21,24,2,1105,0,165,.377049,2,1,0,0
2005,6,21,24,2,1105,30.02,35,.377049,2,1,0,43.440658
2005,6,21,24,2,1105,30.03,35,.377049,2,1,0,43.440658
2005,6,21,24,2,1105,30.04,35,.377049,2,1,0,43.440658
2005,6,21,24,2,1105,30.05,35,.377049,2,1,0,43.440658
2005,6,21,24,2,1105,30.06,35,.377049,2,1,0,43.440658
2005,6,21,24,2,1105,90.07,25,.377049,2,0,0,43.440658
2005,6,21,1,1,1106,0,133,.715213,2,1,0,0
2005,6,21,1,1,1106,58.8,67,.715213,2,0,0,74.161554
2005,6,21,1,1,1106,60.02,75,.715213,2,0,0,74.161554
2005,6,21,1,1,1106,61.26,90,.715213,2,0,0,74.161554
2005,6,21,1,1,1106,88.75,3.8,.715213,2,0,0,74.161554
2005,6,21,2,1,1106,0,133,.715213,2,1,0,0
2005,6,21,2,1,1106,58.8,67,.715213,2,0,0,74.161554
2005,6,21,2,1,1106,60.02,75,.715213,2,0,0,74.161554
2005,6,21,2,1,1106,61.26,90,.715213,2,0,0,74.161554
2005,6,21,2,1,1106,88.75,3.8,.715213,2,0,0,74.161554
2005,6,21,3,1,1106,0,133,.715213,2,1,0,0
2005,6,21,3,1,1106,58.8,67,.715213,2,0,0,74.161554
2005,6,21,3,1,1106,60.02,75,.715213,2,0,0,74.161554
2005,6,21,3,1,1106,61.26,90,.715213,2,0,0,74.161554
2005,6,21,3,1,1106,88.75,3.8,.715213,2,0,0,74.161554
2005,6,21,4,1,1106,0,133,.715213,2,1,0,0
2005,6,21,4,1,1106,58.8,67,.715213,2,0,0,74.161554
2005,6,21,4,1,1106,60.02,75,.715213,2,0,0,74.161554
2005,6,21,4,1,1106,61.26,90,.715213,2,0,0,74.161554
2005,6,21,4,1,1106,88.75,3.8,.715213,2,0,0,74.161554
2005,6,21,5,1,1106,0,133,.715213,2,1,0,0
2005,6,21,5,1,1106,58.8,67,.715213,2,0,0,74.161554
2005,6,21,5,1,1106,60.02,75,.715213,2,0,0,74.161554
2005,6,21,5,1,1106,61.26,90,.715213,2,0,0,74.161554
2005,6,21,5,1,1106,88.75,3.8,.715213,2,0,0,74.161554
2005,6,21,6,1,1106,0,133,.715213,2,1,0,0
2005,6,21,6,1,1106,58.8,67,.715213,2,0,0,74.161554
2005,6,21,6,1,1106,60.02,75,.715213,2,0,0,74.161554
2005,6,21,6,1,1106,61.26,90,.715213,2,0,0,74.161554
2005,6,21,6,1,1106,88.75,3.8,.715213,2,0,0,74.161554
2005,6,21,7,1,1106,0,133,.715213,2,1,0,0
2005,6,21,7,1,1106,58.8,67,.715213,2,0,0,74.161554
2005,6,21,7,1,1106,60.02,75,.715213,2,0,0,74.161554
2005,6,21,7,1,1106,61.26,90,.715213,2,0,0,74.161554
2005,6,21,7,1,1106,88.75,3.8,.715213,2,0,0,74.161554
2005,6,21,8,1,1106,0,133,.715213,2,1,0,0
2005,6,21,8,1,1106,58.8,67,.715213,2,0,0,74.161554
2005,6,21,8,1,1106,60.02,75,.715213,2,0,0,74.161554
2005,6,21,8,1,1106,61.26,90,.715213,2,0,0,74.161554
2005,6,21,8,1,1106,88.75,3.8,.715213,2,0,0,74.161554
2005,6,21,9,1,1106,0,133,.715213,2,1,0,0
2005,6,21,9,1,1106,58.8,67,.715213,2,1,0,74.161554
2005,6,21,9,1,1106,60.02,75,.715213,2,1,0,74.161554
2005,6,21,9,1,1106,61.26,90,.715213,2,1,0,74.161554
2005,6,21,9,1,1106,88.75,3.8,.715213,2,0,0,74.161554
2005,6,21,10,1,1106,0,133,.715213,2,1,0,0
2005,6,21,10,1,1106,58.8,67,.715213,2,1,0,74.161554
2005,6,21,10,1,1106,60.02,75,.715213,2,1,0,74.161554
2005,6,21,10,1,1106,61.26,90,.715213,2,1,0,74.161554
2005,6,21,10,1,1106,88.75,3.8,.715213,2,0,0,74.161554
2005,6,21,11,1,1106,0,133,.715213,2,1,0,0
2005,6,21,11,1,1106,58.8,67,.715213,2,1,0,74.161554
2005,6,21,11,1,1106,60.02,75,.715213,2,1,0,74.161554
2005,6,21,11,1,1106,61.26,90,.715213,2,1,0,74.161554
2005,6,21,11,1,1106,88.75,3.8,.715213,2,1,0,74.161554
2005,6,21,12,1,1106,0,133,.715213,2,1,0,0
2005,6,21,12,1,1106,58.8,67,.715213,2,1,0,74.161554
2005,6,21,12,1,1106,60.02,75,.715213,2,1,0,74.161554
2005,6,21,12,1,1106,61.26,90,.715213,2,1,0,74.161554
2005,6,21,12,1,1106,88.75,3.8,.715213,2,1,0,74.161554
2005,6,21,13,1,1106,0,133,.715213,2,1,0,0
2005,6,21,13,1,1106,58.8,67,.715213,2,1,0,74.161554
2005,6,21,13,1,1106,60.02,75,.715213,2,1,0,74.161554
2005,6,21,13,1,1106,61.26,90,.715213,2,1,0,74.161554
2005,6,21,13,1,1106,88.75,3.8,.715213,2,1,0,74.161554
2005,6,21,14,1,1106,0,133,.715213,2,1,0,0
2005,6,21,14,1,1106,58.8,67,.715213,2,1,0,74.161554
2005,6,21,14,1,1106,60.02,75,.715213,2,1,0,74.161554
2005,6,21,14,1,1106,61.26,90,.715213,2,1,0,74.161554
2005,6,21,14,1,1106,88.75,3.8,.715213,2,1,0,74.161554
2005,6,21,15,1,1106,0,133,.715213,2,1,0,0
2005,6,21,15,1,1106,58.8,67,.715213,2,1,0,74.161554
2005,6,21,15,1,1106,60.02,75,.715213,2,1,0,74.161554
2005,6,21,15,1,1106,61.26,90,.715213,2,1,0,74.161554
2005,6,21,15,1,1106,88.75,3.8,.715213,2,1,0,74.161554
2005,6,21,16,1,1106,0,133,.715213,2,1,0,0
2005,6,21,16,1,1106,58.8,67,.715213,2,1,0,74.161554
2005,6,21,16,1,1106,60.02,75,.715213,2,1,0,74.161554
2005,6,21,16,1,1106,61.26,90,.715213,2,1,0,74.161554
2005,6,21,16,1,1106,88.75,3.8,.715213,2,1,0,74.161554
2005,6,21,17,1,1106,0,133,.715213,2,1,0,0
2005,6,21,17,1,1106,58.8,67,.715213,2,1,0,74.161554
2005,6,21,17,1,1106,60.02,75,.715213,2,1,0,74.161554
2005,6,21,17,1,1106,61.26,90,.715213,2,1,0,74.161554
2005,6,21,17,1,1106,88.75,3.8,.715213,2,1,0,74.161554
2005,6,21,18,1,1106,0,133,.715213,2,1,0,0
2005,6,21,18,1,1106,58.8,67,.715213,2,1,0,74.161554
2005,6,21,18,1,1106,60.02,75,.715213,2,1,0,74.161554
2005,6,21,18,1,1106,61.26,90,.715213,2,1,0,74.161554
2005,6,21,18,1,1106,88.75,3.8,.715213,2,1,0,74.161554
2005,6,21,19,1,1106,0,133,.715213,2,1,0,0
2005,6,21,19,1,1106,58.8,67,.715213,2,1,0,74.161554
2005,6,21,19,1,1106,60.02,75,.715213,2,1,0,74.161554
2005,6,21,19,1,1106,61.26,90,.715213,2,1,0,74.161554
2005,6,21,19,1,1106,88.75,3.8,.715213,2,1,0,74.161554
2005,6,21,20,1,1106,0,133,.715213,2,1,0,0
2005,6,21,20,1,1106,58.8,67,.715213,2,1,0,74.161554
2005,6,21,20,1,1106,60.02,75,.715213,2,1,0,74.161554
2005,6,21,20,1,1106,61.26,90,.715213,2,1,0,74.161554
2005,6,21,20,1,1106,88.75,3.8,.715213,2,1,0,74.161554
2005,6,21,21,1,1106,0,133,.715213,2,1,0,0
2005,6,21,21,1,1106,58.8,67,.715213,2,1,0,74.161554
2005,6,21,21,1,1106,60.02,75,.715213,2,1,0,74.161554
2005,6,21,21,1,1106,61.26,90,.715213,2,1,0,74.161554
2005,6,21,21,1,1106,88.75,3.8,.715213,2,0,0,74.161554
2005,6,21,22,1,1106,0,133,.715213,2,1,0,0
2005,6,21,22,1,1106,58.8,67,.715213,2,1,0,74.161554
2005,6,21,22,1,1106,60.02,75,.715213,2,1,0,74.161554
2005,6,21,22,1,1106,61.26,90,.715213,2,1,0,74.161554
2005,6,21,22,1,1106,88.75,3.8,.715213,2,0,0,74.161554
2005,6,21,23,1,1106,0,133,.715213,2,1,0,0
2005,6,21,23,1,1106,58.8,67,.715213,2,1,0,74.161554
2005,6,21,23,1,1106,60.02,75,.715213,2,1,0,74.161554
2005,6,21,23,1,1106,61.26,90,.715213,2,1,0,74.161554
2005,6,21,23,1,1106,88.75,3.8,.715213,2,0,0,74.161554
2005,6,21,24,1,1106,0,133,.715213,2,1,0,0
2005,6,21,24,1,1106,58.8,67,.715213,2,1,0,74.161554
2005,6,21,24,1,1106,60.02,75,.715213,2,1,0,74.161554
2005,6,21,24,1,1106,61.26,90,.715213,2,1,0,74.161554
2005,6,21,24,1,1106,88.75,3.8,.715213,2,0,0,74.161554
2005,6,21,1,1,1107,.01,130,.715213,2,1,0,.01
2005,6,21,1,1,1107,61.37,70,.715213,2,0,0,69.990804
2005,6,21,1,1,1107,62.6,100,.715213,2,0,0,69.990804
2005,6,21,1,1,1107,63.84,100,.715213,2,0,0,69.990804
2005,6,21,1,1,1107,65.07,100,.715213,2,0,0,69.990804
2005,6,21,1,1,1107,66.31,28.2,.715213,2,0,0,69.990804
2005,6,21,2,1,1107,.01,130,.715213,2,1,0,.01
2005,6,21,2,1,1107,61.37,70,.715213,2,0,0,69.990804
2005,6,21,2,1,1107,62.6,100,.715213,2,0,0,69.990804
2005,6,21,2,1,1107,63.84,100,.715213,2,0,0,69.990804
2005,6,21,2,1,1107,65.07,100,.715213,2,0,0,69.990804
2005,6,21,2,1,1107,66.31,28.2,.715213,2,0,0,69.990804
2005,6,21,3,1,1107,.01,130,.715213,2,1,0,.01
2005,6,21,3,1,1107,61.37,70,.715213,2,0,0,69.990804
2005,6,21,3,1,1107,62.6,100,.715213,2,0,0,69.990804
2005,6,21,3,1,1107,63.84,100,.715213,2,0,0,69.990804
2005,6,21,3,1,1107,65.07,100,.715213,2,0,0,69.990804
2005,6,21,3,1,1107,66.31,28.2,.715213,2,0,0,69.990804
2005,6,21,4,1,1107,.01,130,.715213,2,1,0,.01
2005,6,21,4,1,1107,61.37,70,.715213,2,0,0,69.990804
2005,6,21,4,1,1107,62.6,100,.715213,2,0,0,69.990804
2005,6,21,4,1,1107,63.84,100,.715213,2,0,0,69.990804
2005,6,21,4,1,1107,65.07,100,.715213,2,0,0,69.990804
2005,6,21,4,1,1107,66.31,28.2,.715213,2,0,0,69.990804
2005,6,21,5,1,1107,.01,130,.715213,2,1,0,.01
2005,6,21,5,1,1107,61.37,70,.715213,2,0,0,69.990804
2005,6,21,5,1,1107,62.6,100,.715213,2,0,0,69.990804
2005,6,21,5,1,1107,63.84,100,.715213,2,0,0,69.990804
2005,6,21,5,1,1107,65.07,100,.715213,2,0,0,69.990804
2005,6,21,5,1,1107,66.31,28.2,.715213,2,0,0,69.990804
2005,6,21,6,1,1107,.01,130,.715213,2,1,0,.01
2005,6,21,6,1,1107,61.37,70,.715213,2,0,0,69.990804
2005,6,21,6,1,1107,62.6,100,.715213,2,0,0,69.990804
2005,6,21,6,1,1107,63.84,100,.715213,2,0,0,69.990804
2005,6,21,6,1,1107,65.07,100,.715213,2,0,0,69.990804
2005,6,21,6,1,1107,66.31,28.2,.715213,2,0,0,69.990804
2005,6,21,7,1,1107,.01,130,.715213,2,1,0,.01
2005,6,21,7,1,1107,61.37,70,.715213,2,0,0,69.990804
2005,6,21,7,1,1107,62.6,100,.715213,2,0,0,69.990804
2005,6,21,7,1,1107,63.84,100,.715213,2,0,0,69.990804
2005,6,21,7,1,1107,65.07,100,.715213,2,0,0,69.990804
2005,6,21,7,1,1107,66.31,28.2,.715213,2,0,0,69.990804
2005,6,21,8,1,1107,.01,130,.715213,2,1,0,.01
2005,6,21,8,1,1107,61.37,70,.715213,2,0,0,69.990804
2005,6,21,8,1,1107,62.6,100,.715213,2,0,0,69.990804
2005,6,21,8,1,1107,63.84,100,.715213,2,0,0,69.990804
2005,6,21,8,1,1107,65.07,100,.715213,2,0,0,69.990804
2005,6,21,8,1,1107,66.31,28.2,.715213,2,0,0,69.990804
2005,6,21,9,1,1107,.01,130,.715213,2,1,0,.01
2005,6,21,9,1,1107,61.37,70,.715213,2,1,0,69.990804
2005,6,21,9,1,1107,62.6,100,.715213,2,1,0,69.990804
2005,6,21,9,1,1107,63.84,100,.715213,2,1,0,69.990804
2005,6,21,9,1,1107,65.07,100,.715213,2,0,0,69.990804
2005,6,21,9,1,1107,66.31,28.2,.715213,2,0,0,69.990804
2005,6,21,10,1,1107,0,130,.715213,2,1,0,0
2005,6,21,10,1,1107,61.37,70,.715213,2,1,0,69.990804
2005,6,21,10,1,1107,62.6,100,.715213,2,1,0,69.990804
2005,6,21,10,1,1107,63.84,100,.715213,2,1,0,69.990804
2005,6,21,10,1,1107,65.07,100,.715213,2,1,0,69.990804
2005,6,21,10,1,1107,66.31,28.2,.715213,2,1,0,69.990804
2005,6,21,11,1,1107,0,130,.715213,2,1,0,0
2005,6,21,11,1,1107,61.37,70,.715213,2,1,0,69.990804
2005,6,21,11,1,1107,62.6,100,.715213,2,1,0,69.990804
2005,6,21,11,1,1107,63.84,100,.715213,2,1,0,69.990804
2005,6,21,11,1,1107,65.07,100,.715213,2,1,0,69.990804
2005,6,21,11,1,1107,66.31,28.2,.715213,2,1,0,69.990804
2005,6,21,12,1,1107,0,130,.715213,2,1,0,0
2005,6,21,12,1,1107,61.37,70,.715213,2,1,0,69.990804
2005,6,21,12,1,1107,62.6,100,.715213,2,1,0,69.990804
2005,6,21,12,1,1107,63.84,100,.715213,2,1,0,69.990804
2005,6,21,12,1,1107,65.07,100,.715213,2,1,0,69.990804
2005,6,21,12,1,1107,66.31,28.2,.715213,2,1,0,69.990804
2005,6,21,13,1,1107,0,130,.715213,2,1,0,0
2005,6,21,13,1,1107,61.37,70,.715213,2,1,0,69.990804
2005,6,21,13,1,1107,62.6,100,.715213,2,1,0,69.990804
2005,6,21,13,1,1107,63.84,100,.715213,2,1,0,69.990804
2005,6,21,13,1,1107,65.07,100,.715213,2,1,0,69.990804
2005,6,21,13,1,1107,66.31,28.2,.715213,2,1,0,69.990804
2005,6,21,14,1,1107,0,130,.715213,2,1,0,0
2005,6,21,14,1,1107,61.37,70,.715213,2,1,0,69.990804
2005,6,21,14,1,1107,62.6,100,.715213,2,1,0,69.990804
2005,6,21,14,1,1107,63.84,100,.715213,2,1,0,69.990804
2005,6,21,14,1,1107,65.07,100,.715213,2,1,0,69.990804
2005,6,21,14,1,1107,66.31,28.2,.715213,2,1,0,69.990804
2005,6,21,15,1,1107,0,130,.715213,2,1,0,0
2005,6,21,15,1,1107,61.37,70,.715213,2,1,0,69.990804
2005,6,21,15,1,1107,62.6,100,.715213,2,1,0,69.990804
2005,6,21,15,1,1107,63.84,100,.715213,2,1,0,69.990804
2005,6,21,15,1,1107,65.07,100,.715213,2,1,0,69.990804
2005,6,21,15,1,1107,66.31,28.2,.715213,2,1,0,69.990804
2005,6,21,16,1,1107,0,130,.715213,2,1,0,0
2005,6,21,16,1,1107,61.37,70,.715213,2,1,0,69.990804
2005,6,21,16,1,1107,62.6,100,.715213,2,1,0,69.990804
2005,6,21,16,1,1107,63.84,100,.715213,2,1,0,69.990804
2005,6,21,16,1,1107,65.07,100,.715213,2,1,0,69.990804
2005,6,21,16,1,1107,66.31,28.2,.715213,2,1,0,69.990804
2005,6,21,17,1,1107,0,130,.715213,2,1,0,0
2005,6,21,17,1,1107,61.37,70,.715213,2,1,0,69.990804
2005,6,21,17,1,1107,62.6,100,.715213,2,1,0,69.990804
2005,6,21,17,1,1107,63.84,100,.715213,2,1,0,69.990804
2005,6,21,17,1,1107,65.07,100,.715213,2,1,0,69.990804
2005,6,21,17,1,1107,66.31,28.2,.715213,2,1,0,69.990804
2005,6,21,18,1,1107,0,130,.715213,2,1,0,0
2005,6,21,18,1,1107,61.37,70,.715213,2,1,0,69.990804
2005,6,21,18,1,1107,62.6,100,.715213,2,1,0,69.990804
2005,6,21,18,1,1107,63.84,100,.715213,2,1,0,69.990804
2005,6,21,18,1,1107,65.07,100,.715213,2,1,0,69.990804
2005,6,21,18,1,1107,66.31,28.2,.715213,2,1,0,69.990804
2005,6,21,19,1,1107,0,130,.715213,2,1,0,0
2005,6,21,19,1,1107,61.37,70,.715213,2,1,0,69.990804
2005,6,21,19,1,1107,62.6,100,.715213,2,1,0,69.990804
2005,6,21,19,1,1107,63.84,100,.715213,2,1,0,69.990804
2005,6,21,19,1,1107,65.07,100,.715213,2,1,0,69.990804
2005,6,21,19,1,1107,66.31,28.2,.715213,2,1,0,69.990804
2005,6,21,20,1,1107,0,130,.715213,2,1,0,0
2005,6,21,20,1,1107,61.37,70,.715213,2,1,0,69.990804
2005,6,21,20,1,1107,62.6,100,.715213,2,1,0,69.990804
2005,6,21,20,1,1107,63.84,100,.715213,2,1,0,69.990804
2005,6,21,20,1,1107,65.07,100,.715213,2,1,0,69.990804
2005,6,21,20,1,1107,66.31,28.2,.715213,2,1,0,69.990804
2005,6,21,21,1,1107,.01,130,.715213,2,1,0,.01
2005,6,21,21,1,1107,61.37,70,.715213,2,1,0,69.990804
2005,6,21,21,1,1107,62.6,100,.715213,2,1,0,69.990804
2005,6,21,21,1,1107,63.84,100,.715213,2,1,0,69.990804
2005,6,21,21,1,1107,65.07,100,.715213,2,1,0,69.990804
2005,6,21,21,1,1107,66.31,28.2,.715213,2,1,0,69.990804
2005,6,21,22,1,1107,.01,130,.715213,2,1,0,.01
2005,6,21,22,1,1107,61.37,70,.715213,2,1,0,69.990804
2005,6,21,22,1,1107,62.6,100,.715213,2,1,0,69.990804
2005,6,21,22,1,1107,63.84,100,.715213,2,1,0,69.990804
2005,6,21,22,1,1107,65.07,100,.715213,2,1,0,69.990804
2005,6,21,22,1,1107,66.31,28.2,.715213,2,1,0,69.990804
2005,6,21,23,1,1107,.01,130,.715213,2,1,0,.01
2005,6,21,23,1,1107,61.37,70,.715213,2,1,0,69.990804
2005,6,21,23,1,1107,62.6,100,.715213,2,1,0,69.990804
2005,6,21,23,1,1107,63.84,100,.715213,2,1,0,69.990804
2005,6,21,23,1,1107,65.07,100,.715213,2,1,0,69.990804
2005,6,21,23,1,1107,66.31,28.2,.715213,2,1,0,69.990804
2005,6,21,24,1,1107,.01,130,.715213,2,1,0,.01
2005,6,21,24,1,1107,61.37,70,.715213,2,1,0,69.990804
2005,6,21,24,1,1107,62.6,100,.715213,2,1,0,69.990804
2005,6,21,24,1,1107,63.84,100,.715213,2,1,0,69.990804
2005,6,21,24,1,1107,65.07,100,.715213,2,0,0,69.990804
2005,6,21,24,1,1107,66.31,28.2,.715213,2,0,0,69.990804
2005,6,21,1,9,1108,0,230,.371975,2,1,0,0
2005,6,21,1,9,1108,35.64,50,.371975,2,1,0,43.324108
2005,6,21,1,9,1108,37.24,50,.371975,2,1,0,43.324108
2005,6,21,1,9,1108,38.84,46.3,.371975,2,1,0,43.324108
2005,6,21,2,9,1108,0,230,.371975,2,1,0,0
2005,6,21,2,9,1108,35.64,50,.371975,2,1,0,43.324108
2005,6,21,2,9,1108,37.24,50,.371975,2,1,0,43.324108
2005,6,21,2,9,1108,38.84,46.3,.371975,2,1,0,43.324108
2005,6,21,3,9,1108,0,230,.371975,2,1,0,0
2005,6,21,3,9,1108,35.64,50,.371975,2,1,0,43.324108
2005,6,21,3,9,1108,37.24,50,.371975,2,1,0,43.324108
2005,6,21,3,9,1108,38.84,46.3,.371975,2,1,0,43.324108
2005,6,21,4,9,1108,0,230,.371975,2,1,0,0
2005,6,21,4,9,1108,35.64,50,.371975,2,1,0,43.324108
2005,6,21,4,9,1108,37.24,50,.371975,2,1,0,43.324108
2005,6,21,4,9,1108,38.84,46.3,.371975,2,1,0,43.324108
2005,6,21,5,9,1108,0,230,.371975,2,1,0,0
2005,6,21,5,9,1108,35.64,50,.371975,2,1,0,43.324108
2005,6,21,5,9,1108,37.24,50,.371975,2,1,0,43.324108
2005,6,21,5,9,1108,38.84,46.3,.371975,2,0,0,43.324108
2005,6,21,6,9,1108,0,230,.371975,2,1,0,0
2005,6,21,6,9,1108,35.64,50,.371975,2,1,0,43.324108
2005,6,21,6,9,1108,37.24,50,.371975,2,1,0,43.324108
2005,6,21,6,9,1108,38.84,46.3,.371975,2,0,0,43.324108
2005,6,21,7,9,1108,0,230,.371975,2,1,0,0
2005,6,21,7,9,1108,35.64,50,.371975,2,1,0,43.324108
2005,6,21,7,9,1108,37.24,50,.371975,2,1,0,43.324108
2005,6,21,7,9,1108,38.84,46.3,.371975,2,1,0,43.324108
2005,6,21,8,9,1108,0,230,.371975,2,1,0,0
2005,6,21,8,9,1108,35.64,50,.371975,2,1,0,43.324108
2005,6,21,8,9,1108,37.24,50,.371975,2,1,0,43.324108
2005,6,21,8,9,1108,38.84,46.3,.371975,2,1,0,43.324108
2005,6,21,9,9,1108,0,230,.371975,2,1,0,0
2005,6,21,9,9,1108,35.64,50,.371975,2,1,0,43.324108
2005,6,21,9,9,1108,37.24,50,.371975,2,1,0,43.324108
2005,6,21,9,9,1108,38.84,46.3,.371975,2,1,0,43.324108
2005,6,21,10,9,1108,0,230,.371975,2,1,0,0
2005,6,21,10,9,1108,35.64,50,.371975,2,1,0,43.324108
2005,6,21,10,9,1108,37.24,50,.371975,2,1,0,43.324108
2005,6,21,10,9,1108,38.84,46.3,.371975,2,1,0,43.324108
2005,6,21,11,9,1108,0,230,.371975,2,1,0,0
2005,6,21,11,9,1108,35.64,50,.371975,2,1,0,43.324108
2005,6,21,11,9,1108,37.24,50,.371975,2,1,0,43.324108
2005,6,21,11,9,1108,38.84,46.3,.371975,2,1,0,43.324108
2005,6,21,12,9,1108,0,230,.371975,2,1,0,0
2005,6,21,12,9,1108,35.64,50,.371975,2,1,0,43.324108
2005,6,21,12,9,1108,37.24,50,.371975,2,1,0,43.324108
2005,6,21,12,9,1108,38.84,46.3,.371975,2,1,0,43.324108
2005,6,21,13,9,1108,0,230,.371975,2,1,0,0
2005,6,21,13,9,1108,35.64,50,.371975,2,1,0,43.324108
2005,6,21,13,9,1108,37.24,50,.371975,2,1,0,43.324108
2005,6,21,13,9,1108,38.84,46.3,.371975,2,1,0,43.324108
2005,6,21,14,9,1108,0,230,.371975,2,1,0,0
2005,6,21,14,9,1108,35.64,50,.371975,2,1,0,43.324108
2005,6,21,14,9,1108,37.24,50,.371975,2,1,0,43.324108
2005,6,21,14,9,1108,38.84,46.3,.371975,2,1,0,43.324108
2005,6,21,15,9,1108,0,230,.371975,2,1,0,0
2005,6,21,15,9,1108,35.64,50,.371975,2,1,0,43.324108
2005,6,21,15,9,1108,37.24,50,.371975,2,1,0,43.324108
2005,6,21,15,9,1108,38.84,46.3,.371975,2,1,0,43.324108
2005,6,21,16,9,1108,0,230,.371975,2,1,0,0
2005,6,21,16,9,1108,35.64,50,.371975,2,1,0,43.324108
2005,6,21,16,9,1108,37.24,50,.371975,2,1,0,43.324108
2005,6,21,16,9,1108,38.84,46.3,.371975,2,1,0,43.324108
2005,6,21,17,9,1108,0,230,.371975,2,1,0,0
2005,6,21,17,9,1108,35.64,50,.371975,2,1,0,43.324108
2005,6,21,17,9,1108,37.24,50,.371975,2,1,0,43.324108
2005,6,21,17,9,1108,38.84,46.3,.371975,2,1,0,43.324108
2005,6,21,18,9,1108,0,230,.371975,2,1,0,0
2005,6,21,18,9,1108,35.64,50,.371975,2,1,0,43.324108
2005,6,21,18,9,1108,37.24,50,.371975,2,1,0,43.324108
2005,6,21,18,9,1108,38.84,46.3,.371975,2,1,0,43.324108
2005,6,21,19,9,1108,0,230,.371975,2,1,0,0
2005,6,21,19,9,1108,35.64,50,.371975,2,1,0,43.324108
2005,6,21,19,9,1108,37.24,50,.371975,2,1,0,43.324108
2005,6,21,19,9,1108,38.84,46.3,.371975,2,1,0,43.324108
2005,6,21,20,9,1108,0,230,.371975,2,1,0,0
2005,6,21,20,9,1108,35.64,50,.371975,2,1,0,43.324108
2005,6,21,20,9,1108,37.24,50,.371975,2,1,0,43.324108
2005,6,21,20,9,1108,38.84,46.3,.371975,2,1,0,43.324108
2005,6,21,21,9,1108,0,230,.371975,2,1,0,0
2005,6,21,21,9,1108,35.64,50,.371975,2,1,0,43.324108
2005,6,21,21,9,1108,37.24,50,.371975,2,1,0,43.324108
2005,6,21,21,9,1108,38.84,46.3,.371975,2,1,0,43.324108
2005,6,21,22,9,1108,0,230,.371975,2,1,0,0
2005,6,21,22,9,1108,35.64,50,.371975,2,1,0,43.324108
2005,6,21,22,9,1108,37.24,50,.371975,2,1,0,43.324108
2005,6,21,22,9,1108,38.84,46.3,.371975,2,1,0,43.324108
2005,6,21,23,9,1108,0,230,.371975,2,1,0,0
2005,6,21,23,9,1108,35.64,50,.371975,2,1,0,43.324108
2005,6,21,23,9,1108,37.24,50,.371975,2,1,0,43.324108
2005,6,21,23,9,1108,38.84,46.3,.371975,2,1,0,43.324108
2005,6,21,24,9,1108,0,230,.371975,2,1,0,0
2005,6,21,24,9,1108,35.64,50,.371975,2,1,0,43.324108
2005,6,21,24,9,1108,37.24,50,.371975,2,1,0,43.324108
2005,6,21,24,9,1108,38.84,46.3,.371975,2,1,0,43.324108
2005,6,21,1,1,245,14.05,136,0,1,0,0,14.05
2005,6,21,1,1,245,15.05,54,0,1,0,0,15.05
2005,6,21,2,1,245,14.05,136,0,1,0,0,14.05
2005,6,21,2,1,245,15.05,54,0,1,0,0,15.05
2005,6,21,3,1,245,14.05,136,0,1,0,0,14.05
2005,6,21,3,1,245,15.05,54,0,1,0,0,15.05
2005,6,21,4,1,245,15.05,54,0,1,0,0,15.05
2005,6,21,4,1,245,42.25,46,0,1,1,0,42.25
2005,6,21,4,1,245,42.55,90,0,1,1,0,42.55
2005,6,21,5,1,245,15.05,54,0,1,0,0,15.05
2005,6,21,5,1,245,42.25,46,0,1,1,0,42.25
2005,6,21,5,1,245,42.55,90,0,1,1,0,42.55
2005,6,21,6,1,245,15.05,54,0,1,0,0,15.05
2005,6,21,6,1,245,42.25,46,0,1,1,0,42.25
2005,6,21,6,1,245,42.55,90,0,1,1,0,42.55
2005,6,21,7,1,245,14.05,136,0,1,0,0,14.05
2005,6,21,7,1,245,15.05,54,0,1,0,0,15.05
2005,6,21,8,1,245,14.05,136,0,1,0,0,14.05
2005,6,21,8,1,245,15.05,54,0,1,0,0,15.05
2005,6,21,9,1,245,14.05,136,0,1,0,0,14.05
2005,6,21,9,1,245,15.05,54,0,1,0,0,15.05
2005,6,21,10,1,245,14.05,136,0,1,0,0,14.05
2005,6,21,10,1,245,15.05,54,0,1,0,0,15.05
2005,6,21,11,1,245,14.05,136,0,1,0,0,14.05
2005,6,21,11,1,245,15.05,54,0,1,0,0,15.05
2005,6,21,12,1,245,14.05,136,0,1,0,0,14.05
2005,6,21,12,1,245,15.05,54,0,1,0,0,15.05
2005,6,21,13,1,245,14.05,136,0,1,0,0,14.05
2005,6,21,13,1,245,15.05,54,0,1,0,0,15.05
2005,6,21,14,1,245,14.05,136,0,1,0,0,14.05
2005,6,21,14,1,245,15.05,54,0,1,0,0,15.05
2005,6,21,15,1,245,14.05,136,0,1,0,0,14.05
2005,6,21,15,1,245,15.05,54,0,1,0,0,15.05
2005,6,21,16,1,245,14.05,136,0,1,0,0,14.05
2005,6,21,16,1,245,15.05,54,0,1,0,0,15.05
2005,6,21,17,1,245,14.05,136,0,1,0,0,14.05
2005,6,21,17,1,245,15.05,54,0,1,0,0,15.05
2005,6,21,18,1,245,14.05,136,0,1,0,0,14.05
2005,6,21,18,1,245,15.05,54,0,1,0,0,15.05
2005,6,21,19,1,245,14.05,136,0,1,0,0,14.05
2005,6,21,19,1,245,15.05,54,0,1,0,0,15.05
2005,6,21,20,1,245,14.05,136,0,1,0,0,14.05
2005,6,21,20,1,245,15.05,54,0,1,0,0,15.05
2005,6,21,21,1,245,14.05,136,0,1,0,0,14.05
2005,6,21,21,1,245,15.05,54,0,1,0,0,15.05
2005,6,21,22,1,245,14.05,136,0,1,0,0,14.05
2005,6,21,22,1,245,15.05,54,0,1,0,0,15.05
2005,6,21,23,1,245,14.05,136,0,1,0,0,14.05
2005,6,21,23,1,245,15.05,54,0,1,0,0,15.05
2005,6,21,24,1,245,14.05,136,0,1,0,0,14.05
2005,6,21,24,1,245,15.05,54,0,1,0,0,15.05
2005,6,21,1,1,246,95.81,76,0,2,0,0,95.81
2005,6,21,1,1,246,97.11,76,0,2,0,0,97.11
2005,6,21,1,1,246,100.08,185,0,2,0,0,100.08
2005,6,21,1,1,246,101.61,185,0,2,0,0,101.61
2005,6,21,1,1,246,115.11,73,0,2,0,0,115.11
2005,6,21,1,1,246,128.05,393.2,0,2,0,0,128.05
2005,6,21,2,1,246,95.81,76,0,2,0,0,95.81
2005,6,21,2,1,246,97.11,76,0,2,0,0,97.11
2005,6,21,2,1,246,100.08,185,0,2,0,0,100.08
2005,6,21,2,1,246,101.61,185,0,2,0,0,101.61
2005,6,21,2,1,246,115.11,73,0,2,0,0,115.11
2005,6,21,2,1,246,128.05,393.2,0,2,0,0,128.05
2005,6,21,3,1,246,95.81,76,0,2,0,0,95.81
2005,6,21,3,1,246,97.11,76,0,2,0,0,97.11
2005,6,21,3,1,246,100.08,185,0,2,0,0,100.08
2005,6,21,3,1,246,101.61,185,0,2,0,0,101.61
2005,6,21,3,1,246,115.11,73,0,2,0,0,115.11
2005,6,21,3,1,246,128.05,393.2,0,2,0,0,128.05
2005,6,21,4,1,246,95.81,76,0,2,0,0,95.81
2005,6,21,4,1,246,97.11,76,0,2,0,0,97.11
2005,6,21,4,1,246,100.08,185,0,2,0,0,100.08
2005,6,21,4,1,246,101.61,185,0,2,0,0,101.61
2005,6,21,4,1,246,115.11,73,0,2,0,0,115.11
2005,6,21,4,1,246,128.05,393.2,0,2,0,0,128.05
2005,6,21,5,1,246,95.81,76,0,2,0,0,95.81
2005,6,21,5,1,246,97.11,76,0,2,0,0,97.11
2005,6,21,5,1,246,100.08,185,0,2,0,0,100.08
2005,6,21,5,1,246,101.61,185,0,2,0,0,101.61
2005,6,21,5,1,246,115.11,73,0,2,0,0,115.11
2005,6,21,5,1,246,128.05,393.2,0,2,0,0,128.05
2005,6,21,6,1,246,95.81,76,0,2,0,0,95.81
2005,6,21,6,1,246,97.11,76,0,2,0,0,97.11
2005,6,21,6,1,246,100.08,185,0,2,0,0,100.08
2005,6,21,6,1,246,101.61,185,0,2,0,0,101.61
2005,6,21,6,1,246,115.11,73,0,2,0,0,115.11
2005,6,21,6,1,246,128.05,393.2,0,2,0,0,128.05
2005,6,21,7,1,246,95.81,76,0,2,0,0,95.81
2005,6,21,7,1,246,97.11,76,0,2,0,0,97.11
2005,6,21,7,1,246,100.08,185,0,2,0,0,100.08
2005,6,21,7,1,246,101.61,185,0,2,0,0,101.61
2005,6,21,7,1,246,115.11,73,0,2,0,0,115.11
2005,6,21,7,1,246,128.05,393.2,0,2,0,0,128.05
2005,6,21,8,1,246,95.81,76,0,2,0,0,95.81
2005,6,21,8,1,246,97.11,76,0,2,0,0,97.11
2005,6,21,8,1,246,100.08,185,0,2,0,0,100.08
2005,6,21,8,1,246,101.61,185,0,2,0,0,101.61
2005,6,21,8,1,246,115.11,73,0,2,0,0,115.11
2005,6,21,8,1,246,128.05,393.2,0,2,0,0,128.05
2005,6,21,9,1,246,95.81,76,0,2,0,0,95.81
2005,6,21,9,1,246,97.11,76,0,2,0,0,97.11
2005,6,21,9,1,246,100.08,185,0,2,0,0,100.08
2005,6,21,9,1,246,101.61,185,0,2,0,0,101.61
2005,6,21,9,1,246,115.11,73,0,2,0,0,115.11
2005,6,21,9,1,246,128.05,393.2,0,2,0,0,128.05
2005,6,21,10,1,246,95.81,76,0,2,0,0,95.81
2005,6,21,10,1,246,97.11,76,0,2,0,0,97.11
2005,6,21,10,1,246,100.08,185,0,2,0,0,100.08
2005,6,21,10,1,246,101.61,185,0,2,0,0,101.61
2005,6,21,10,1,246,115.11,73,0,2,0,0,115.11
2005,6,21,10,1,246,128.05,393.2,0,2,0,0,128.05
2005,6,21,11,1,246,95.83,76,0,2,1,0,95.83
2005,6,21,11,1,246,97.13,76,0,2,1,0,97.13
2005,6,21,11,1,246,100.1,185,0,2,0,0,100.1
2005,6,21,11,1,246,101.63,185,0,2,0,0,101.63
2005,6,21,11,1,246,128.05,466.2,0,2,0,0,128.05
2005,6,21,12,1,246,0,72,0,2,1,0,0
2005,6,21,12,1,246,95.83,76,0,2,1,0,95.83
2005,6,21,12,1,246,97.13,76,0,2,1,0,97.13
2005,6,21,12,1,246,100.1,154.9,0,2,1,0,100.1
2005,6,21,12,1,246,101.63,185,0,2,0,0,101.63
2005,6,21,12,1,246,128.05,394.2,0,2,0,0,128.05
2005,6,21,13,1,246,0,155,0,2,1,0,0
2005,6,21,13,1,246,95.83,76,0,2,1,0,95.83
2005,6,21,13,1,246,97.13,76,0,2,1,0,97.13
2005,6,21,13,1,246,100.1,185,0,2,1,0,100.1
2005,6,21,13,1,246,101.63,185,0,2,1,0,101.63
2005,6,21,13,1,246,128.05,311.2,0,2,0,0,128.05
2005,6,21,14,1,246,0,155,0,2,1,0,0
2005,6,21,14,1,246,95.83,76,0,2,1,0,95.83
2005,6,21,14,1,246,97.13,76,0,2,1,0,97.13
2005,6,21,14,1,246,100.1,185,0,2,1,0,100.1
2005,6,21,14,1,246,101.63,185,0,2,1,0,101.63
2005,6,21,14,1,246,128.05,311.2,0,2,0,0,128.05
2005,6,21,15,1,246,0,105,0,2,1,0,0
2005,6,21,15,1,246,95.83,76,0,2,1,0,95.83
2005,6,21,15,1,246,97.13,76,0,2,1,0,97.13
2005,6,21,15,1,246,100.1,185,0,2,1,0,100.1
2005,6,21,15,1,246,101.63,185,0,2,1,0,101.63
2005,6,21,15,1,246,128.05,361.2,0,2,0,0,128.05
2005,6,21,16,1,246,0,105,0,2,1,0,0
2005,6,21,16,1,246,95.83,76,0,2,1,0,95.83
2005,6,21,16,1,246,97.13,76,0,2,1,0,97.13
2005,6,21,16,1,246,100.1,185,0,2,1,0,100.1
2005,6,21,16,1,246,101.63,185,0,2,1,0,101.63
2005,6,21,16,1,246,128.05,361.2,0,2,0,0,128.05
2005,6,21,17,1,246,0,105,0,2,1,0,0
2005,6,21,17,1,246,95.83,76,0,2,1,0,95.83
2005,6,21,17,1,246,97.13,76,0,2,1,0,97.13
2005,6,21,17,1,246,100.1,185,0,2,1,0,100.1
2005,6,21,17,1,246,101.63,185,0,2,1,0,101.63
2005,6,21,17,1,246,128.05,361.2,0,2,0,0,128.05
2005,6,21,18,1,246,0,140,0,2,1,0,0
2005,6,21,18,1,246,95.83,76,0,2,1,0,95.83
2005,6,21,18,1,246,97.13,76,0,2,1,0,97.13
2005,6,21,18,1,246,100.1,185,0,2,1,0,100.1
2005,6,21,18,1,246,101.63,185,0,2,1,0,101.63
2005,6,21,18,1,246,128.05,326.2,0,2,0,0,128.05
2005,6,21,19,1,246,0,35,0,2,1,0,0
2005,6,21,19,1,246,95.83,76,0,2,1,0,95.83
2005,6,21,19,1,246,97.13,76,0,2,1,0,97.13
2005,6,21,19,1,246,100.1,185,0,2,1,0,100.1
2005,6,21,19,1,246,101.63,185,0,2,1,0,101.63
2005,6,21,19,1,246,128.05,431.2,0,2,0,0,128.05
2005,6,21,20,1,246,95.83,76,0,2,1,0,95.83
2005,6,21,20,1,246,97.13,76,0,2,1,0,97.13
2005,6,21,20,1,246,100.1,185,0,2,0,0,100.1
2005,6,21,20,1,246,101.63,185,0,2,0,0,101.63
2005,6,21,20,1,246,128.05,466.2,0,2,0,0,128.05
2005,6,21,21,1,246,95.81,76,0,2,0,0,95.81
2005,6,21,21,1,246,97.11,76,0,2,0,0,97.11
2005,6,21,21,1,246,100.08,185,0,2,0,0,100.08
2005,6,21,21,1,246,101.61,185,0,2,0,0,101.61
2005,6,21,21,1,246,115.11,73,0,2,0,0,115.11
2005,6,21,21,1,246,128.05,393.2,0,2,0,0,128.05
2005,6,21,22,1,246,95.81,76,0,2,0,0,95.81
2005,6,21,22,1,246,97.11,76,0,2,0,0,97.11
2005,6,21,22,1,246,100.08,185,0,2,0,0,100.08
2005,6,21,22,1,246,101.61,185,0,2,0,0,101.61
2005,6,21,22,1,246,115.11,73,0,2,0,0,115.11
2005,6,21,22,1,246,128.05,393.2,0,2,0,0,128.05
2005,6,21,23,1,246,95.81,76,0,2,0,0,95.81
2005,6,21,23,1,246,97.11,76,0,2,0,0,97.11
2005,6,21,23,1,246,100.08,185,0,2,0,0,100.08
2005,6,21,23,1,246,101.61,185,0,2,0,0,101.61
2005,6,21,23,1,246,115.11,73,0,2,0,0,115.11
2005,6,21,23,1,246,128.05,393.2,0,2,0,0,128.05
2005,6,21,24,1,246,95.81,76,0,2,0,0,95.81
2005,6,21,24,1,246,97.11,76,0,2,0,0,97.11
2005,6,21,24,1,246,100.08,185,0,2,0,0,100.08
2005,6,21,24,1,246,101.61,185,0,2,0,0,101.61
2005,6,21,24,1,246,115.11,73,0,2,0,0,115.11
2005,6,21,24,1,246,128.05,393.2,0,2,0,0,128.05
2005,6,21,1,3,247,35.11,53,0,1,0,0,35.11
2005,6,21,1,3,247,39.21,53,0,1,0,0,39.21
2005,6,21,2,3,247,35.11,53,0,1,0,0,35.11
2005,6,21,2,3,247,39.21,53,0,1,0,0,39.21
2005,6,21,3,3,247,35.11,53,0,1,0,0,35.11
2005,6,21,3,3,247,39.21,53,0,1,0,0,39.21
2005,6,21,4,3,247,35.11,53,0,1,0,0,35.11
2005,6,21,4,3,247,39.21,53,0,1,1,0,39.21
2005,6,21,5,3,247,35.11,53,0,1,0,0,35.11
2005,6,21,5,3,247,39.21,53,0,1,1,0,39.21
2005,6,21,6,3,247,35.11,53,0,1,0,0,35.11
2005,6,21,6,3,247,39.21,53,0,1,1,0,39.21
2005,6,21,7,3,247,35.11,53,0,1,0,0,35.11
2005,6,21,7,3,247,39.21,53,0,1,0,0,39.21
2005,6,21,8,3,247,35.11,53,0,1,0,0,35.11
2005,6,21,8,3,247,36.21,53,0,1,0,0,36.21
2005,6,21,9,3,247,35.11,53,0,1,0,0,35.11
2005,6,21,9,3,247,36.21,53,0,1,0,0,36.21
2005,6,21,10,3,247,35.11,53,0,1,0,0,35.11
2005,6,21,10,3,247,36.21,53,0,1,0,0,36.21
2005,6,21,11,3,247,35.11,53,0,1,0,0,35.11
2005,6,21,11,3,247,36.21,53,0,1,0,0,36.21
2005,6,21,12,3,247,35.11,53,0,1,0,0,35.11
2005,6,21,12,3,247,36.21,53,0,1,0,0,36.21
2005,6,21,13,3,247,35.11,53,0,1,0,0,35.11
2005,6,21,13,3,247,36.21,53,0,1,0,0,36.21
2005,6,21,14,3,247,35.11,53,0,1,0,0,35.11
2005,6,21,14,3,247,36.21,53,0,1,0,0,36.21
2005,6,21,15,3,247,35.11,53,0,1,0,0,35.11
2005,6,21,15,3,247,36.21,53,0,1,0,0,36.21
2005,6,21,16,3,247,35.11,53,0,1,0,0,35.11
2005,6,21,16,3,247,36.21,53,0,1,0,0,36.21
2005,6,21,17,3,247,35.11,53,0,1,0,0,35.11
2005,6,21,17,3,247,36.21,53,0,1,0,0,36.21
2005,6,21,18,3,247,35.11,53,0,1,0,0,35.11
2005,6,21,18,3,247,36.21,53,0,1,0,0,36.21
2005,6,21,19,3,247,35.11,53,0,1,0,0,35.11
2005,6,21,19,3,247,36.21,53,0,1,0,0,36.21
2005,6,21,20,3,247,35.11,53,0,1,0,0,35.11
2005,6,21,20,3,247,36.21,53,0,1,0,0,36.21
2005,6,21,21,3,247,35.11,53,0,1,0,0,35.11
2005,6,21,21,3,247,36.21,53,0,1,0,0,36.21
2005,6,21,22,3,247,35.11,53,0,1,0,0,35.11
2005,6,21,22,3,247,36.21,53,0,1,0,0,36.21
2005,6,21,23,3,247,35.11,53,0,1,0,0,35.11
2005,6,21,23,3,247,36.21,53,0,1,0,0,36.21
2005,6,21,24,3,247,35.11,53,0,1,0,0,35.11
2005,6,21,24,3,247,36.21,53,0,1,0,0,36.21
2005,6,21,1,7,1109,0,325,.51418,2,1,0,0
2005,6,21,1,7,1109,124.37,75,.51418,2,0,0,124.37
2005,6,21,2,7,1109,0,326,.51418,2,1,0,0
2005,6,21,2,7,1109,124.37,74,.51418,2,0,0,124.37
2005,6,21,3,7,1109,0,326,.51418,2,1,0,0
2005,6,21,3,7,1109,124.37,74,.51418,2,0,0,124.37
2005,6,21,4,7,1109,0,327,.51418,2,1,0,0
2005,6,21,4,7,1109,124.37,73,.51418,2,0,0,124.37
2005,6,21,5,7,1109,0,327,.51418,2,1,0,0
2005,6,21,5,7,1109,124.37,73,.51418,2,0,0,124.37
2005,6,21,6,7,1109,0,328,.51418,2,1,0,0
2005,6,21,6,7,1109,124.37,72,.51418,2,0,0,124.37
2005,6,21,7,7,1109,0,327,.51418,2,1,0,0
2005,6,21,7,7,1109,124.37,73,.51418,2,0,0,124.37
2005,6,21,8,7,1109,0,328,.51418,2,1,0,0
2005,6,21,8,7,1109,124.37,72,.51418,2,0,0,124.37
2005,6,21,9,7,1109,0,327,.51418,2,1,0,0
2005,6,21,9,7,1109,124.37,73,.51418,2,0,0,124.37
2005,6,21,10,7,1109,0,323,.51418,2,1,0,0
2005,6,21,10,7,1109,124.37,77,.51418,2,0,0,124.37
2005,6,21,11,7,1109,0,321,.51418,2,1,0,0
2005,6,21,11,7,1109,124.37,79,.51418,2,0,0,124.37
2005,6,21,12,7,1109,0,319,.51418,2,1,0,0
2005,6,21,12,7,1109,124.37,81,.51418,2,0,0,124.37
2005,6,21,13,7,1109,0,317,.51418,2,1,0,0
2005,6,21,13,7,1109,124.37,83,.51418,2,0,0,124.37
2005,6,21,14,7,1109,0,316,.51418,2,1,0,0
2005,6,21,14,7,1109,124.37,84,.51418,2,0,0,124.37
2005,6,21,15,7,1109,0,314,.51418,2,1,0,0
2005,6,21,15,7,1109,124.37,86,.51418,2,0,0,124.37
2005,6,21,16,7,1109,0,313,.51418,2,1,0,0
2005,6,21,16,7,1109,124.37,87,.51418,2,0,0,124.37
2005,6,21,17,7,1109,0,312,.51418,2,1,0,0
2005,6,21,17,7,1109,124.37,88,.51418,2,0,0,124.37
2005,6,21,18,7,1109,0,318,.51418,2,1,0,0
2005,6,21,18,7,1109,124.37,82,.51418,2,0,0,124.37
2005,6,21,19,7,1109,0,322,.51418,2,1,0,0
2005,6,21,19,7,1109,124.37,78,.51418,2,0,0,124.37
2005,6,21,20,7,1109,0,323,.51418,2,1,0,0
2005,6,21,20,7,1109,124.37,77,.51418,2,0,0,124.37
2005,6,21,21,7,1109,0,324,.51418,2,1,0,0
2005,6,21,21,7,1109,124.37,76,.51418,2,0,0,124.37
2005,6,21,22,7,1109,0,324,.51418,2,1,0,0
2005,6,21,22,7,1109,124.37,76,.51418,2,0,0,124.37
2005,6,21,23,7,1109,0,325,.51418,2,1,0,0
2005,6,21,23,7,1109,124.37,75,.51418,2,0,0,124.37
2005,6,21,24,7,1109,0,324,.51418,2,1,0,0
2005,6,21,24,7,1109,124.37,76,.51418,2,0,0,124.37
2005,6,21,1,2,1110,0,210,.371908,2,1,0,0
2005,6,21,1,2,1110,90.08,152.5,.371908,2,0,0,43.322572
2005,6,21,2,2,1110,0,210,.371908,2,1,0,0
2005,6,21,2,2,1110,90.08,152.5,.371908,2,0,0,43.322572
2005,6,21,3,2,1110,0,210,.371908,2,1,0,0
2005,6,21,3,2,1110,90.08,152.5,.371908,2,0,0,43.322572
2005,6,21,4,2,1110,0,210,.371908,2,1,0,0
2005,6,21,4,2,1110,90.08,152.5,.371908,2,0,0,43.322572
2005,6,21,5,2,1110,0,210,.371908,2,1,0,0
2005,6,21,5,2,1110,90.08,152.5,.371908,2,0,0,43.322572
2005,6,21,6,2,1110,0,210,.371908,2,1,0,0
2005,6,21,6,2,1110,90.08,152.5,.371908,2,0,0,43.322572
2005,6,21,7,2,1110,0,210,.371908,2,1,0,0
2005,6,21,7,2,1110,90.08,152.5,.371908,2,0,0,43.322572
2005,6,21,8,2,1110,0,210,.371908,2,1,0,0
2005,6,21,8,2,1110,90.08,152.5,.371908,2,0,0,43.322572
2005,6,21,9,2,1110,0,350,.371908,2,1,0,0
2005,6,21,9,2,1110,90.08,12.5,.371908,2,0,0,43.322572
2005,6,21,10,2,1110,0,350,.371908,2,1,0,0
2005,6,21,10,2,1110,90.08,12.5,.371908,2,0,0,43.322572
2005,6,21,11,2,1110,0,350,.371908,2,1,0,0
2005,6,21,11,2,1110,90.08,12.5,.371908,2,1,0,43.322572
2005,6,21,12,2,1110,0,350,.371908,2,1,0,0
2005,6,21,12,2,1110,90.08,12.5,.371908,2,1,0,43.322572
2005,6,21,13,2,1110,0,350,.371908,2,1,0,0
2005,6,21,13,2,1110,90.08,12.5,.371908,2,1,0,43.322572
2005,6,21,14,2,1110,0,350,.371908,2,1,0,0
2005,6,21,14,2,1110,90.08,12.5,.371908,2,1,0,43.322572
2005,6,21,15,2,1110,0,350,.371908,2,1,0,0
2005,6,21,15,2,1110,90.08,12.5,.371908,2,1,0,43.322572
2005,6,21,16,2,1110,0,350,.371908,2,1,0,0
2005,6,21,16,2,1110,90.08,12.5,.371908,2,1,0,43.322572
2005,6,21,17,2,1110,0,350,.371908,2,1,0,0
2005,6,21,17,2,1110,90.08,12.5,.371908,2,1,0,43.322572
2005,6,21,18,2,1110,0,350,.371908,2,1,0,0
2005,6,21,18,2,1110,90.08,12.5,.371908,2,1,0,43.322572
2005,6,21,19,2,1110,0,350,.371908,2,1,0,0
2005,6,21,19,2,1110,90.08,12.5,.371908,2,1,0,43.322572
2005,6,21,20,2,1110,0,350,.371908,2,1,0,0
2005,6,21,20,2,1110,90.08,12.5,.371908,2,1,0,43.322572
2005,6,21,21,2,1110,0,350,.371908,2,1,0,0
2005,6,21,21,2,1110,90.08,12.5,.371908,2,0,0,43.322572
2005,6,21,22,2,1110,0,350,.371908,2,1,0,0
2005,6,21,22,2,1110,90.08,12.5,.371908,2,0,0,43.322572
2005,6,21,23,2,1110,0,322,.371908,2,1,0,0
2005,6,21,23,2,1110,90.08,12.5,.371908,2,0,0,43.322572
2005,6,21,24,2,1110,0,210,.371908,2,1,0,0
2005,6,21,24,2,1110,90.08,12.5,.371908,2,0,0,43.322572
2005,6,21,1,9,250,0,23.9,0,2,1,0,0
2005,6,21,2,9,250,0,23.9,0,2,1,0,0
2005,6,21,3,9,250,0,23.9,0,2,1,0,0
2005,6,21,4,9,250,0,23.9,0,2,1,0,0
2005,6,21,5,9,250,0,23.9,0,2,1,0,0
2005,6,21,6,9,250,0,23.9,0,2,1,0,0
2005,6,21,7,9,250,0,23.9,0,2,1,0,0
2005,6,21,8,9,250,0,23.9,0,2,1,0,0
2005,6,21,9,9,250,0,23.9,0,2,1,0,0
2005,6,21,10,9,250,0,23.9,0,2,1,0,0
2005,6,21,11,9,250,0,23.9,0,2,1,0,0
2005,6,21,12,9,250,0,23.9,0,2,1,0,0
2005,6,21,13,9,250,0,23.9,0,2,1,0,0
2005,6,21,14,9,250,0,23.9,0,2,1,0,0
2005,6,21,15,9,250,0,23.9,0,2,1,0,0
2005,6,21,16,9,250,0,23.9,0,2,1,0,0
2005,6,21,17,9,250,0,23.9,0,2,1,0,0
2005,6,21,18,9,250,0,23.9,0,2,1,0,0
2005,6,21,19,9,250,0,23.9,0,2,1,0,0
2005,6,21,20,9,250,0,23.9,0,2,1,0,0
2005,6,21,21,9,250,0,23.9,0,2,1,0,0
2005,6,21,22,9,250,0,23.9,0,2,1,0,0
2005,6,21,23,9,250,0,23.9,0,2,1,0,0
2005,6,21,24,9,250,0,23.9,0,2,1,0,0
2005,6,21,11,2,251,0,10,0,2,1,0,0
2005,6,21,12,2,251,0,10,0,2,1,0,0
2005,6,21,13,2,251,0,10,0,2,1,0,0
2005,6,21,14,2,251,0,10,0,2,1,0,0
2005,6,21,1,2,1111,0,205,.956255,2,1,0,0
2005,6,21,1,2,1111,14.59,130,.956255,2,1,0,43.216791
2005,6,21,1,2,1111,120.02,17.2,.956255,2,0,0,120.02
2005,6,21,2,2,1111,0,205,.956255,2,1,0,0
2005,6,21,2,2,1111,33.62,18.6,.956255,2,1,0,43.216791
2005,6,21,2,2,1111,33.68,18.6,.956255,2,1,0,43.216791
2005,6,21,2,2,1111,33.74,18.6,.956255,2,1,0,43.216791
2005,6,21,2,2,1111,33.8,18.6,.956255,2,1,0,43.216791
2005,6,21,2,2,1111,33.86,18.6,.956255,2,1,0,43.216791
2005,6,21,2,2,1111,33.92,18.6,.956255,2,1,0,43.216791
2005,6,21,2,2,1111,33.98,18.4,.956255,2,1,0,43.216791
2005,6,21,2,2,1111,120.08,17.2,.956255,2,0,0,120.08
2005,6,21,3,2,1111,0,205,.956255,2,1,0,0
2005,6,21,3,2,1111,33.66,18.6,.956255,2,1,0,43.216791
2005,6,21,3,2,1111,33.72,18.6,.956255,2,1,0,43.216791
2005,6,21,3,2,1111,33.78,18.6,.956255,2,1,0,43.216791
2005,6,21,3,2,1111,33.84,18.6,.956255,2,1,0,43.216791
2005,6,21,3,2,1111,33.9,18.6,.956255,2,1,0,43.216791
2005,6,21,3,2,1111,33.96,18.6,.956255,2,1,0,43.216791
2005,6,21,3,2,1111,34.02,18.4,.956255,2,1,0,43.216791
2005,6,21,3,2,1111,120.08,17.2,.956255,2,0,0,120.08
2005,6,21,4,2,1111,0,205,.956255,2,1,0,0
2005,6,21,4,2,1111,33.81,18.6,.956255,2,1,0,43.216791
2005,6,21,4,2,1111,33.87,18.6,.956255,2,1,0,43.216791
2005,6,21,4,2,1111,33.93,18.6,.956255,2,1,0,43.216791
2005,6,21,4,2,1111,33.99,18.6,.956255,2,1,0,43.216791
2005,6,21,4,2,1111,34.05,18.6,.956255,2,1,0,43.216791
2005,6,21,4,2,1111,34.11,18.6,.956255,2,1,0,43.216791
2005,6,21,4,2,1111,34.17,18.4,.956255,2,1,0,43.216791
2005,6,21,4,2,1111,120.08,17.2,.956255,2,0,0,120.08
2005,6,21,5,2,1111,0,205,.956255,2,1,0,0
2005,6,21,5,2,1111,33.93,18.6,.956255,2,1,0,43.216791
2005,6,21,5,2,1111,34,18.6,.956255,2,1,0,43.216791
2005,6,21,5,2,1111,34.06,18.6,.956255,2,1,0,43.216791
2005,6,21,5,2,1111,34.12,18.6,.956255,2,1,0,43.216791
2005,6,21,5,2,1111,34.18,18.6,.956255,2,1,0,43.216791
2005,6,21,5,2,1111,34.24,18.6,.956255,2,1,0,43.216791
2005,6,21,5,2,1111,34.3,18.4,.956255,2,1,0,43.216791
2005,6,21,5,2,1111,120.08,17.2,.956255,2,0,0,120.08
2005,6,21,6,2,1111,0,205,.956255,2,1,0,0
2005,6,21,6,2,1111,33.85,18.6,.956255,2,1,0,43.216791
2005,6,21,6,2,1111,33.91,18.6,.956255,2,1,0,43.216791
2005,6,21,6,2,1111,33.97,18.6,.956255,2,1,0,43.216791
2005,6,21,6,2,1111,34.03,18.6,.956255,2,1,0,43.216791
2005,6,21,6,2,1111,34.09,18.6,.956255,2,1,0,43.216791
2005,6,21,6,2,1111,34.15,18.6,.956255,2,1,0,43.216791
2005,6,21,6,2,1111,34.21,18.4,.956255,2,1,0,43.216791
2005,6,21,6,2,1111,120.08,17.2,.956255,2,0,0,120.08
2005,6,21,7,2,1111,0,205,.956255,2,1,0,0
2005,6,21,7,2,1111,33.74,18.6,.956255,2,1,0,43.216791
2005,6,21,7,2,1111,33.8,18.6,.956255,2,1,0,43.216791
2005,6,21,7,2,1111,33.86,18.6,.956255,2,1,0,43.216791
2005,6,21,7,2,1111,33.92,18.6,.956255,2,1,0,43.216791
2005,6,21,7,2,1111,33.97,18.6,.956255,2,1,0,43.216791
2005,6,21,7,2,1111,34.03,18.6,.956255,2,1,0,43.216791
2005,6,21,7,2,1111,34.09,18.4,.956255,2,1,0,43.216791
2005,6,21,7,2,1111,120.08,17.2,.956255,2,0,0,120.08
2005,6,21,8,2,1111,0,205,.956255,2,1,0,0
2005,6,21,8,2,1111,33.11,18.6,.956255,2,1,0,43.216791
2005,6,21,8,2,1111,33.17,18.6,.956255,2,1,0,43.216791
2005,6,21,8,2,1111,33.23,18.6,.956255,2,1,0,43.216791
2005,6,21,8,2,1111,33.29,18.6,.956255,2,1,0,43.216791
2005,6,21,8,2,1111,33.36,18.6,.956255,2,1,0,43.216791
2005,6,21,8,2,1111,33.42,18.6,.956255,2,1,0,43.216791
2005,6,21,8,2,1111,33.48,18.4,.956255,2,1,0,43.216791
2005,6,21,8,2,1111,120.08,17.2,.956255,2,0,0,120.08
2005,6,21,9,2,1111,0,205,.956255,2,1,0,0
2005,6,21,9,2,1111,14.59,130,.956255,2,1,0,43.216791
2005,6,21,9,2,1111,120.02,17.2,.956255,2,0,0,120.02
2005,6,21,10,2,1111,0,205,.956255,2,1,0,0
2005,6,21,10,2,1111,14.59,130,.956255,2,1,0,43.216791
2005,6,21,10,2,1111,120.02,17.2,.956255,2,0,0,120.02
2005,6,21,11,2,1111,0,205,.956255,2,1,0,0
2005,6,21,11,2,1111,14.59,130,.956255,2,1,0,43.216791
2005,6,21,11,2,1111,120.02,17.2,.956255,2,0,0,120.02
2005,6,21,12,2,1111,0,205,.956255,2,1,0,0
2005,6,21,12,2,1111,14.59,130,.956255,2,1,0,43.216791
2005,6,21,12,2,1111,120.02,17.2,.956255,2,0,0,120.02
2005,6,21,13,2,1111,0,205,.956255,2,1,0,0
2005,6,21,13,2,1111,14.59,130,.956255,2,1,0,43.216791
2005,6,21,13,2,1111,120.02,17.2,.956255,2,0,0,120.02
2005,6,21,14,2,1111,0,205,.956255,2,1,0,0
2005,6,21,14,2,1111,14.59,130,.956255,2,1,0,43.216791
2005,6,21,14,2,1111,120.02,17.2,.956255,2,0,0,120.02
2005,6,21,15,2,1111,0,205,.956255,2,1,0,0
2005,6,21,15,2,1111,14.59,130,.956255,2,1,0,43.216791
2005,6,21,15,2,1111,120.02,17.2,.956255,2,0,0,120.02
2005,6,21,16,2,1111,0,205,.956255,2,1,0,0
2005,6,21,16,2,1111,14.59,130,.956255,2,1,0,43.216791
2005,6,21,16,2,1111,120.02,17.2,.956255,2,0,0,120.02
2005,6,21,17,2,1111,0,205,.956255,2,1,0,0
2005,6,21,17,2,1111,14.59,130,.956255,2,1,0,43.216791
2005,6,21,17,2,1111,120.02,17.2,.956255,2,0,0,120.02
2005,6,21,18,2,1111,0,205,.956255,2,1,0,0
2005,6,21,18,2,1111,14.59,130,.956255,2,1,0,43.216791
2005,6,21,18,2,1111,120.02,17.2,.956255,2,0,0,120.02
2005,6,21,19,2,1111,0,205,.956255,2,1,0,0
2005,6,21,19,2,1111,14.59,130,.956255,2,1,0,43.216791
2005,6,21,19,2,1111,120.02,17.2,.956255,2,0,0,120.02
2005,6,21,20,2,1111,0,205,.956255,2,1,0,0
2005,6,21,20,2,1111,14.59,130,.956255,2,1,0,43.216791
2005,6,21,20,2,1111,120.02,17.2,.956255,2,0,0,120.02
2005,6,21,21,2,1111,0,205,.956255,2,1,0,0
2005,6,21,21,2,1111,14.59,130,.956255,2,1,0,43.216791
2005,6,21,21,2,1111,120.02,17.2,.956255,2,0,0,120.02
2005,6,21,22,2,1111,0,205,.956255,2,1,0,0
2005,6,21,22,2,1111,14.59,130,.956255,2,1,0,43.216791
2005,6,21,22,2,1111,120.02,17.2,.956255,2,0,0,120.02
2005,6,21,23,2,1111,0,205,.956255,2,1,0,0
2005,6,21,23,2,1111,14.59,130,.956255,2,1,0,43.216791
2005,6,21,23,2,1111,120.02,17.2,.956255,2,0,0,120.02
2005,6,21,24,2,1111,0,205,.956255,2,1,0,0
2005,6,21,24,2,1111,14.59,130,.956255,2,1,0,43.216791
2005,6,21,24,2,1111,120.02,17.2,.956255,2,0,0,120.02
2005,6,21,1,2,1112,0,205,.956255,2,1,0,0
2005,6,21,1,2,1112,14.6,18.6,.956255,2,1,0,43.213233
2005,6,21,1,2,1112,33.03,18.6,.956255,2,1,0,43.213233
2005,6,21,1,2,1112,33.09,18.6,.956255,2,1,0,43.213233
2005,6,21,1,2,1112,33.15,18.6,.956255,2,1,0,43.213233
2005,6,21,1,2,1112,33.21,18.6,.956255,2,1,0,43.213233
2005,6,21,1,2,1112,33.28,18.6,.956255,2,1,0,43.213233
2005,6,21,1,2,1112,33.34,18.4,.956255,2,1,0,43.213233
2005,6,21,1,2,1112,120.08,17.1,.956255,2,0,0,120.08
2005,6,21,2,2,1112,0,205,.956255,2,1,0,0
2005,6,21,2,2,1112,33.97,18.6,.956255,2,1,0,43.213233
2005,6,21,2,2,1112,34.03,18.6,.956255,2,1,0,43.213233
2005,6,21,2,2,1112,34.09,18.6,.956255,2,1,0,43.213233
2005,6,21,2,2,1112,34.15,18.6,.956255,2,1,0,43.213233
2005,6,21,2,2,1112,34.21,18.6,.956255,2,1,0,43.213233
2005,6,21,2,2,1112,34.27,18.6,.956255,2,1,0,43.213233
2005,6,21,2,2,1112,34.33,18.4,.956255,2,1,0,43.213233
2005,6,21,2,2,1112,120.08,17.1,.956255,2,0,0,120.08
2005,6,21,3,2,1112,0,205,.956255,2,1,0,0
2005,6,21,3,2,1112,34.01,18.6,.956255,2,1,0,43.213233
2005,6,21,3,2,1112,34.07,18.6,.956255,2,1,0,43.213233
2005,6,21,3,2,1112,34.13,18.6,.956255,2,1,0,43.213233
2005,6,21,3,2,1112,34.19,18.6,.956255,2,1,0,43.213233
2005,6,21,3,2,1112,34.25,18.6,.956255,2,1,0,43.213233
2005,6,21,3,2,1112,34.31,18.6,.956255,2,1,0,43.213233
2005,6,21,3,2,1112,34.37,18.4,.956255,2,1,0,43.213233
2005,6,21,3,2,1112,120.08,17.1,.956255,2,0,0,120.08
2005,6,21,4,2,1112,0,205,.956255,2,1,0,0
2005,6,21,4,2,1112,34.16,18.6,.956255,2,1,0,43.213233
2005,6,21,4,2,1112,34.22,18.6,.956255,2,1,0,43.213233
2005,6,21,4,2,1112,34.28,18.6,.956255,2,1,0,43.213233
2005,6,21,4,2,1112,34.34,18.6,.956255,2,1,0,43.213233
2005,6,21,4,2,1112,34.4,18.6,.956255,2,1,0,43.213233
2005,6,21,4,2,1112,34.46,18.6,.956255,2,1,0,43.213233
2005,6,21,4,2,1112,34.52,18.4,.956255,2,1,0,43.213233
2005,6,21,4,2,1112,120.08,17.1,.956255,2,0,0,120.08
2005,6,21,5,2,1112,0,205,.956255,2,1,0,0
2005,6,21,5,2,1112,34.29,18.6,.956255,2,1,0,43.213233
2005,6,21,5,2,1112,34.35,18.6,.956255,2,1,0,43.213233
2005,6,21,5,2,1112,34.41,18.6,.956255,2,1,0,43.213233
2005,6,21,5,2,1112,34.47,18.6,.956255,2,1,0,43.213233
2005,6,21,5,2,1112,34.54,18.6,.956255,2,1,0,43.213233
2005,6,21,5,2,1112,34.6,18.6,.956255,2,1,0,43.213233
2005,6,21,5,2,1112,34.66,18.4,.956255,2,1,0,43.213233
2005,6,21,5,2,1112,120.08,17.1,.956255,2,0,0,120.08
2005,6,21,6,2,1112,0,205,.956255,2,1,0,0
2005,6,21,6,2,1112,34.2,18.6,.956255,2,1,0,43.213233
2005,6,21,6,2,1112,34.26,18.6,.956255,2,1,0,43.213233
2005,6,21,6,2,1112,34.32,18.6,.956255,2,1,0,43.213233
2005,6,21,6,2,1112,34.38,18.6,.956255,2,1,0,43.213233
2005,6,21,6,2,1112,34.44,18.6,.956255,2,1,0,43.213233
2005,6,21,6,2,1112,34.5,18.6,.956255,2,1,0,43.213233
2005,6,21,6,2,1112,34.56,18.4,.956255,2,1,0,43.213233
2005,6,21,6,2,1112,120.08,17.1,.956255,2,0,0,120.08
2005,6,21,7,2,1112,0,205,.956255,2,1,0,0
2005,6,21,7,2,1112,34.08,18.6,.956255,2,1,0,43.213233
2005,6,21,7,2,1112,34.14,18.6,.956255,2,1,0,43.213233
2005,6,21,7,2,1112,34.2,18.6,.956255,2,1,0,43.213233
2005,6,21,7,2,1112,34.26,18.6,.956255,2,1,0,43.213233
2005,6,21,7,2,1112,34.32,18.6,.956255,2,1,0,43.213233
2005,6,21,7,2,1112,34.38,18.6,.956255,2,1,0,43.213233
2005,6,21,7,2,1112,34.44,18.4,.956255,2,1,0,43.213233
2005,6,21,7,2,1112,120.08,17.1,.956255,2,0,0,120.08
2005,6,21,8,2,1112,0,205,.956255,2,1,0,0
2005,6,21,8,2,1112,33.47,18.6,.956255,2,1,0,43.213233
2005,6,21,8,2,1112,33.54,18.6,.956255,2,1,0,43.213233
2005,6,21,8,2,1112,33.6,18.6,.956255,2,1,0,43.213233
2005,6,21,8,2,1112,33.66,18.6,.956255,2,1,0,43.213233
2005,6,21,8,2,1112,33.72,18.6,.956255,2,1,0,43.213233
2005,6,21,8,2,1112,33.79,18.6,.956255,2,1,0,43.213233
2005,6,21,8,2,1112,33.85,18.4,.956255,2,1,0,43.213233
2005,6,21,8,2,1112,120.08,17.1,.956255,2,0,0,120.08
2005,6,21,9,2,1112,0,205,.956255,2,1,0,0
2005,6,21,9,2,1112,14.6,130,.956255,2,1,0,43.213233
2005,6,21,9,2,1112,120.02,17.1,.956255,2,0,0,120.02
2005,6,21,10,2,1112,0,205,.956255,2,1,0,0
2005,6,21,10,2,1112,14.6,130,.956255,2,1,0,43.213233
2005,6,21,10,2,1112,120.02,17.1,.956255,2,0,0,120.02
2005,6,21,11,2,1112,0,205,.956255,2,1,0,0
2005,6,21,11,2,1112,14.6,130,.956255,2,1,0,43.213233
2005,6,21,11,2,1112,120.02,17.1,.956255,2,0,0,120.02
2005,6,21,12,2,1112,0,205,.956255,2,1,0,0
2005,6,21,12,2,1112,14.6,130,.956255,2,1,0,43.213233
2005,6,21,12,2,1112,120.02,17.1,.956255,2,0,0,120.02
2005,6,21,13,2,1112,0,205,.956255,2,1,0,0
2005,6,21,13,2,1112,14.6,130,.956255,2,1,0,43.213233
2005,6,21,13,2,1112,120.02,17.1,.956255,2,0,0,120.02
2005,6,21,14,2,1112,0,205,.956255,2,1,0,0
2005,6,21,14,2,1112,14.6,130,.956255,2,1,0,43.213233
2005,6,21,14,2,1112,120.02,17.1,.956255,2,0,0,120.02
2005,6,21,15,2,1112,0,205,.956255,2,1,0,0
2005,6,21,15,2,1112,14.6,130,.956255,2,1,0,43.213233
2005,6,21,15,2,1112,120.02,17.1,.956255,2,0,0,120.02
2005,6,21,16,2,1112,0,205,.956255,2,1,0,0
2005,6,21,16,2,1112,14.6,130,.956255,2,1,0,43.213233
2005,6,21,16,2,1112,120.02,17.1,.956255,2,0,0,120.02
2005,6,21,17,2,1112,0,205,.956255,2,1,0,0
2005,6,21,17,2,1112,14.6,130,.956255,2,1,0,43.213233
2005,6,21,17,2,1112,120.02,17.1,.956255,2,0,0,120.02
2005,6,21,18,2,1112,0,205,.956255,2,1,0,0
2005,6,21,18,2,1112,14.6,130,.956255,2,1,0,43.213233
2005,6,21,18,2,1112,120.02,17.1,.956255,2,0,0,120.02
2005,6,21,19,2,1112,0,205,.956255,2,1,0,0
2005,6,21,19,2,1112,14.6,130,.956255,2,1,0,43.213233
2005,6,21,19,2,1112,120.02,17.1,.956255,2,0,0,120.02
2005,6,21,20,2,1112,0,205,.956255,2,1,0,0
2005,6,21,20,2,1112,14.6,130,.956255,2,1,0,43.213233
2005,6,21,20,2,1112,120.02,17.1,.956255,2,0,0,120.02
2005,6,21,21,2,1112,0,205,.956255,2,1,0,0
2005,6,21,21,2,1112,14.6,130,.956255,2,1,0,43.213233
2005,6,21,21,2,1112,120.02,17.1,.956255,2,0,0,120.02
2005,6,21,22,2,1112,0,205,.956255,2,1,0,0
2005,6,21,22,2,1112,14.6,130,.956255,2,1,0,43.213233
2005,6,21,22,2,1112,120.02,17.1,.956255,2,0,0,120.02
2005,6,21,23,2,1112,0,205,.956255,2,1,0,0
2005,6,21,23,2,1112,14.6,130,.956255,2,1,0,43.213233
2005,6,21,23,2,1112,120.02,17.1,.956255,2,0,0,120.02
2005,6,21,24,2,1112,0,205,.956255,2,1,0,0
2005,6,21,24,2,1112,14.6,111.6,.956255,2,1,0,43.213233
2005,6,21,24,2,1112,33.04,18.4,.956255,2,1,0,43.213233
2005,6,21,24,2,1112,120.03,17.1,.956255,2,0,0,120.03
2005,6,21,1,2,1113,0,205,.956255,2,1,0,0
2005,6,21,1,2,1113,33.33,18.6,.956255,2,1,0,43.211809
2005,6,21,1,2,1113,33.39,18.6,.956255,2,1,0,43.211809
2005,6,21,1,2,1113,33.46,18.6,.956255,2,1,0,43.211809
2005,6,21,1,2,1113,33.52,18.6,.956255,2,1,0,43.211809
2005,6,21,1,2,1113,33.58,18.6,.956255,2,1,0,43.211809
2005,6,21,1,2,1113,33.64,18.6,.956255,2,1,0,43.211809
2005,6,21,1,2,1113,33.71,18.4,.956255,2,1,0,43.211809
2005,6,21,1,2,1113,120.08,16.4,.956255,2,0,0,120.08
2005,6,21,2,2,1113,0,205,.956255,2,1,0,0
2005,6,21,2,2,1113,34.32,18.6,.956255,2,1,0,43.211809
2005,6,21,2,2,1113,34.38,18.6,.956255,2,1,0,43.211809
2005,6,21,2,2,1113,34.44,18.6,.956255,2,1,0,43.211809
2005,6,21,2,2,1113,34.5,18.6,.956255,2,1,0,43.211809
2005,6,21,2,2,1113,34.56,18.6,.956255,2,1,0,43.211809
2005,6,21,2,2,1113,34.62,18.6,.956255,2,1,0,43.211809
2005,6,21,2,2,1113,34.67,18.4,.956255,2,1,0,43.211809
2005,6,21,2,2,1113,120.08,16.4,.956255,2,0,0,120.08
2005,6,21,3,2,1113,0,205,.956255,2,1,0,0
2005,6,21,3,2,1113,34.36,18.6,.956255,2,1,0,43.211809
2005,6,21,3,2,1113,34.42,18.6,.956255,2,1,0,43.211809
2005,6,21,3,2,1113,34.48,18.6,.956255,2,1,0,43.211809
2005,6,21,3,2,1113,34.54,18.6,.956255,2,1,0,43.211809
2005,6,21,3,2,1113,34.6,18.6,.956255,2,1,0,43.211809
2005,6,21,3,2,1113,34.66,18.6,.956255,2,1,0,43.211809
2005,6,21,3,2,1113,34.72,18.4,.956255,2,1,0,43.211809
2005,6,21,3,2,1113,120.08,16.4,.956255,2,0,0,120.08
2005,6,21,4,2,1113,0,205,.956255,2,1,0,0
2005,6,21,4,2,1113,34.51,18.6,.956255,2,1,0,43.211809
2005,6,21,4,2,1113,34.58,18.6,.956255,2,1,0,43.211809
2005,6,21,4,2,1113,34.64,18.6,.956255,2,1,0,43.211809
2005,6,21,4,2,1113,34.7,18.6,.956255,2,1,0,43.211809
2005,6,21,4,2,1113,34.76,18.6,.956255,2,1,0,43.211809
2005,6,21,4,2,1113,34.82,18.6,.956255,2,1,0,43.211809
2005,6,21,4,2,1113,34.88,18.4,.956255,2,1,0,43.211809
2005,6,21,4,2,1113,120.08,16.4,.956255,2,0,0,120.08
2005,6,21,5,2,1113,0,205,.956255,2,1,0,0
2005,6,21,5,2,1113,34.65,18.6,.956255,2,1,0,43.211809
2005,6,21,5,2,1113,34.71,18.6,.956255,2,1,0,43.211809
2005,6,21,5,2,1113,34.77,18.6,.956255,2,1,0,43.211809
2005,6,21,5,2,1113,34.83,18.6,.956255,2,1,0,43.211809
2005,6,21,5,2,1113,34.89,18.6,.956255,2,1,0,43.211809
2005,6,21,5,2,1113,34.95,18.6,.956255,2,1,0,43.211809
2005,6,21,5,2,1113,35.01,18.4,.956255,2,1,0,43.211809
2005,6,21,5,2,1113,120.08,16.4,.956255,2,0,0,120.08
2005,6,21,6,2,1113,0,205,.956255,2,1,0,0
2005,6,21,6,2,1113,34.55,18.6,.956255,2,1,0,43.211809
2005,6,21,6,2,1113,34.61,18.6,.956255,2,1,0,43.211809
2005,6,21,6,2,1113,34.67,18.6,.956255,2,1,0,43.211809
2005,6,21,6,2,1113,34.74,18.6,.956255,2,1,0,43.211809
2005,6,21,6,2,1113,34.8,18.6,.956255,2,1,0,43.211809
2005,6,21,6,2,1113,34.86,18.6,.956255,2,1,0,43.211809
2005,6,21,6,2,1113,34.92,18.4,.956255,2,1,0,43.211809
2005,6,21,6,2,1113,120.08,16.4,.956255,2,0,0,120.08
2005,6,21,7,2,1113,0,205,.956255,2,1,0,0
2005,6,21,7,2,1113,34.43,18.6,.956255,2,1,0,43.211809
2005,6,21,7,2,1113,34.49,18.6,.956255,2,1,0,43.211809
2005,6,21,7,2,1113,34.55,18.6,.956255,2,1,0,43.211809
2005,6,21,7,2,1113,34.61,18.6,.956255,2,1,0,43.211809
2005,6,21,7,2,1113,34.67,18.6,.956255,2,1,0,43.211809
2005,6,21,7,2,1113,34.73,18.6,.956255,2,1,0,43.211809
2005,6,21,7,2,1113,34.79,18.4,.956255,2,1,0,43.211809
2005,6,21,7,2,1113,120.08,16.4,.956255,2,0,0,120.08
2005,6,21,8,2,1113,0,205,.956255,2,1,0,0
2005,6,21,8,2,1113,33.84,18.6,.956255,2,1,0,43.211809
2005,6,21,8,2,1113,33.9,18.6,.956255,2,1,0,43.211809
2005,6,21,8,2,1113,33.97,18.6,.956255,2,1,0,43.211809
2005,6,21,8,2,1113,34.03,18.6,.956255,2,1,0,43.211809
2005,6,21,8,2,1113,34.09,18.6,.956255,2,1,0,43.211809
2005,6,21,8,2,1113,34.16,18.6,.956255,2,1,0,43.211809
2005,6,21,8,2,1113,34.22,18.4,.956255,2,1,0,43.211809
2005,6,21,8,2,1113,120.08,16.4,.956255,2,0,0,120.08
2005,6,21,9,2,1113,0,205,.956255,2,1,0,0
2005,6,21,9,2,1113,14.61,55.8,.956255,2,1,0,43.211809
2005,6,21,9,2,1113,33.03,18.6,.956255,2,1,0,43.211809
2005,6,21,9,2,1113,33.09,18.6,.956255,2,1,0,43.211809
2005,6,21,9,2,1113,33.15,18.6,.956255,2,1,0,43.211809
2005,6,21,9,2,1113,33.21,18.4,.956255,2,1,0,43.211809
2005,6,21,9,2,1113,120.06,16.4,.956255,2,0,0,120.06
2005,6,21,10,2,1113,0,205,.956255,2,1,0,0
2005,6,21,10,2,1113,14.61,130,.956255,2,1,0,43.211809
2005,6,21,10,2,1113,120.02,16.4,.956255,2,0,0,120.02
2005,6,21,11,2,1113,0,205,.956255,2,1,0,0
2005,6,21,11,2,1113,14.61,130,.956255,2,1,0,43.211809
2005,6,21,11,2,1113,120.02,16.4,.956255,2,0,0,120.02
2005,6,21,12,2,1113,0,205,.956255,2,1,0,0
2005,6,21,12,2,1113,14.61,130,.956255,2,1,0,43.211809
2005,6,21,12,2,1113,120.02,16.4,.956255,2,0,0,120.02
2005,6,21,13,2,1113,0,205,.956255,2,1,0,0
2005,6,21,13,2,1113,14.61,130,.956255,2,1,0,43.211809
2005,6,21,13,2,1113,120.02,16.4,.956255,2,0,0,120.02
2005,6,21,14,2,1113,0,205,.956255,2,1,0,0
2005,6,21,14,2,1113,14.61,130,.956255,2,1,0,43.211809
2005,6,21,14,2,1113,120.02,16.4,.956255,2,0,0,120.02
2005,6,21,15,2,1113,0,205,.956255,2,1,0,0
2005,6,21,15,2,1113,14.61,130,.956255,2,1,0,43.211809
2005,6,21,15,2,1113,120.02,16.4,.956255,2,0,0,120.02
2005,6,21,16,2,1113,0,205,.956255,2,1,0,0
2005,6,21,16,2,1113,14.61,130,.956255,2,1,0,43.211809
2005,6,21,16,2,1113,120.02,16.4,.956255,2,0,0,120.02
2005,6,21,17,2,1113,0,205,.956255,2,1,0,0
2005,6,21,17,2,1113,14.61,130,.956255,2,1,0,43.211809
2005,6,21,17,2,1113,120.02,16.4,.956255,2,0,0,120.02
2005,6,21,18,2,1113,0,205,.956255,2,1,0,0
2005,6,21,18,2,1113,14.61,130,.956255,2,1,0,43.211809
2005,6,21,18,2,1113,120.02,16.4,.956255,2,0,0,120.02
2005,6,21,19,2,1113,0,205,.956255,2,1,0,0
2005,6,21,19,2,1113,14.61,130,.956255,2,1,0,43.211809
2005,6,21,19,2,1113,120.02,16.4,.956255,2,0,0,120.02
2005,6,21,20,2,1113,0,205,.956255,2,1,0,0
2005,6,21,20,2,1113,14.61,130,.956255,2,1,0,43.211809
2005,6,21,20,2,1113,120.02,16.4,.956255,2,0,0,120.02
2005,6,21,21,2,1113,0,205,.956255,2,1,0,0
2005,6,21,21,2,1113,14.61,130,.956255,2,1,0,43.211809
2005,6,21,21,2,1113,120.02,16.4,.956255,2,0,0,120.02
2005,6,21,22,2,1113,0,205,.956255,2,1,0,0
2005,6,21,22,2,1113,14.61,130,.956255,2,1,0,43.211809
2005,6,21,22,2,1113,120.02,16.4,.956255,2,0,0,120.02
2005,6,21,23,2,1113,0,205,.956255,2,1,0,0
2005,6,21,23,2,1113,14.61,130,.956255,2,1,0,43.211809
2005,6,21,23,2,1113,120.02,16.4,.956255,2,0,0,120.02
2005,6,21,24,2,1113,0,205,.956255,2,1,0,0
2005,6,21,24,2,1113,33.08,18.6,.956255,2,1,0,43.211809
2005,6,21,24,2,1113,33.14,18.6,.956255,2,1,0,43.211809
2005,6,21,24,2,1113,33.2,18.6,.956255,2,1,0,43.211809
2005,6,21,24,2,1113,33.26,18.6,.956255,2,1,0,43.211809
2005,6,21,24,2,1113,33.32,18.6,.956255,2,1,0,43.211809
2005,6,21,24,2,1113,33.38,18.6,.956255,2,1,0,43.211809
2005,6,21,24,2,1113,33.44,18.4,.956255,2,1,0,43.211809
2005,6,21,24,2,1113,120.08,16.4,.956255,2,0,0,120.08
2005,6,21,1,2,255,0,11.8,0,2,1,0,0
2005,6,21,2,2,255,0,1.1,0,2,1,0,0
2005,6,21,3,2,255,0,1.1,0,2,1,0,0
2005,6,21,4,2,255,0,1.1,0,2,1,0,0
2005,6,21,5,2,255,0,1.1,0,2,1,0,0
2005,6,21,6,2,255,0,1.1,0,2,1,0,0
2005,6,21,7,2,255,0,11.7,0,2,1,0,0
2005,6,21,8,2,255,0,11.7,0,2,1,0,0
2005,6,21,9,2,255,0,19.3,0,2,1,0,0
2005,6,21,10,2,255,0,19.3,0,2,1,0,0
2005,6,21,11,2,255,0,19.3,0,2,1,0,0
2005,6,21,12,2,255,0,19.3,0,2,1,0,0
2005,6,21,13,2,255,0,19.3,0,2,1,0,0
2005,6,21,14,2,255,0,19.3,0,2,1,0,0
2005,6,21,15,2,255,0,19.3,0,2,1,0,0
2005,6,21,16,2,255,0,19.3,0,2,1,0,0
2005,6,21,17,2,255,0,19.3,0,2,1,0,0
2005,6,21,18,2,255,0,19.3,0,2,1,0,0
2005,6,21,19,2,255,0,19.3,0,2,1,0,0
2005,6,21,20,2,255,0,19.3,0,2,1,0,0
2005,6,21,21,2,255,0,19.3,0,2,1,0,0
2005,6,21,22,2,255,0,19.3,0,2,1,0,0
2005,6,21,23,2,255,0,19.3,0,2,1,0,0
2005,6,21,24,2,255,0,11.4,0,2,1,0,0
2005,6,21,1,2,256,50.98,105,0,1,0,1,50.98
2005,6,21,1,2,256,50.99,105,0,1,0,1,50.99
2005,6,21,1,2,256,51,105,0,1,0,1,51
2005,6,21,2,2,256,50.98,105,0,1,1,0,50.98
2005,6,21,2,2,256,50.99,105,0,1,1,0,50.99
2005,6,21,2,2,256,51,105,0,1,1,0,51
2005,6,21,3,2,256,50.98,105,0,1,1,0,50.98
2005,6,21,3,2,256,50.99,105,0,1,1,0,50.99
2005,6,21,3,2,256,51,105,0,1,1,0,51
2005,6,21,4,2,256,50.98,105,0,1,1,0,50.98
2005,6,21,4,2,256,50.99,105,0,1,1,0,50.99
2005,6,21,4,2,256,51,105,0,1,1,0,51
2005,6,21,5,2,256,50.98,105,0,1,1,0,50.98
2005,6,21,5,2,256,50.99,105,0,1,1,0,50.99
2005,6,21,5,2,256,51,105,0,1,1,0,51
2005,6,21,6,2,256,50.98,105,0,1,1,0,50.98
2005,6,21,6,2,256,50.99,105,0,1,1,0,50.99
2005,6,21,6,2,256,51,105,0,1,1,0,51
2005,6,21,7,2,256,50.98,105,0,1,1,0,50.98
2005,6,21,7,2,256,50.99,105,0,1,1,0,50.99
2005,6,21,7,2,256,51,105,0,1,1,0,51
2005,6,21,8,2,256,50.98,105,0,1,1,0,50.98
2005,6,21,8,2,256,50.99,105,0,1,1,0,50.99
2005,6,21,8,2,256,51,105,0,1,1,0,51
2005,6,21,9,2,256,10.98,105,0,1,0,1,10.98
2005,6,21,9,2,256,10.99,105,0,1,0,1,10.99
2005,6,21,9,2,256,11,105,0,1,0,1,11
2005,6,21,10,2,256,10.98,105,0,1,0,1,10.98
2005,6,21,10,2,256,10.99,105,0,1,0,1,10.99
2005,6,21,10,2,256,11,105,0,1,0,1,11
2005,6,21,11,2,256,10.98,105,0,1,0,1,10.98
2005,6,21,11,2,256,10.99,105,0,1,0,1,10.99
2005,6,21,11,2,256,11,105,0,1,0,1,11
2005,6,21,12,2,256,10.98,105,0,1,0,1,10.98
2005,6,21,12,2,256,10.99,105,0,1,0,1,10.99
2005,6,21,12,2,256,11,105,0,1,0,1,11
2005,6,21,13,2,256,10.98,105,0,1,0,1,10.98
2005,6,21,13,2,256,10.99,105,0,1,0,1,10.99
2005,6,21,13,2,256,11,105,0,1,0,1,11
2005,6,21,14,2,256,10.98,105,0,1,0,1,10.98
2005,6,21,14,2,256,10.99,105,0,1,0,1,10.99
2005,6,21,14,2,256,11,105,0,1,0,1,11
2005,6,21,15,2,256,10.98,105,0,1,0,1,10.98
2005,6,21,15,2,256,10.99,105,0,1,0,1,10.99
2005,6,21,15,2,256,11,105,0,1,0,1,11
2005,6,21,16,2,256,10.98,105,0,1,0,1,10.98
2005,6,21,16,2,256,10.99,105,0,1,0,1,10.99
2005,6,21,16,2,256,11,105,0,1,0,1,11
2005,6,21,17,2,256,10.98,105,0,1,0,1,10.98
2005,6,21,17,2,256,10.99,105,0,1,0,1,10.99
2005,6,21,17,2,256,11,105,0,1,0,1,11
2005,6,21,18,2,256,10.98,105,0,1,0,1,10.98
2005,6,21,18,2,256,10.99,105,0,1,0,1,10.99
2005,6,21,18,2,256,11,105,0,1,0,1,11
2005,6,21,19,2,256,10.98,105,0,1,0,1,10.98
2005,6,21,19,2,256,10.99,105,0,1,0,1,10.99
2005,6,21,19,2,256,11,105,0,1,0,1,11
2005,6,21,20,2,256,10.98,105,0,1,0,1,10.98
2005,6,21,20,2,256,10.99,105,0,1,0,1,10.99
2005,6,21,20,2,256,11,105,0,1,0,1,11
2005,6,21,21,2,256,10.98,105,0,1,0,1,10.98
2005,6,21,21,2,256,10.99,105,0,1,0,1,10.99
2005,6,21,21,2,256,11,105,0,1,0,1,11
2005,6,21,22,2,256,10.98,105,0,1,0,1,10.98
2005,6,21,22,2,256,10.99,105,0,1,0,1,10.99
2005,6,21,22,2,256,11,105,0,1,0,1,11
2005,6,21,23,2,256,10.98,105,0,1,0,1,10.98
2005,6,21,23,2,256,10.99,105,0,1,0,1,10.99
2005,6,21,23,2,256,11,105,0,1,0,1,11
2005,6,21,24,2,256,10.98,105,0,1,0,1,10.98
2005,6,21,24,2,256,10.99,105,0,1,0,1,10.99
2005,6,21,24,2,256,11,105,0,1,0,1,11
2005,6,21,12,2,257,70.95,22.5,0,2,1,0,70.95
2005,6,21,12,2,257,71.92,22.5,0,2,1,0,71.92
2005,6,21,12,2,257,72.88,22.5,0,2,1,0,72.88
2005,6,21,12,2,257,73.85,22.5,0,2,1,0,73.85
2005,6,21,13,2,257,70.95,22.5,0,2,1,0,70.95
2005,6,21,13,2,257,71.92,22.5,0,2,1,0,71.92
2005,6,21,13,2,257,72.88,22.5,0,2,1,0,72.88
2005,6,21,13,2,257,73.85,22.5,0,2,1,0,73.85
2005,6,21,14,2,257,70.95,22.5,0,2,1,0,70.95
2005,6,21,14,2,257,71.92,22.5,0,2,1,0,71.92
2005,6,21,14,2,257,72.88,22.5,0,2,1,0,72.88
2005,6,21,14,2,257,73.85,22.5,0,2,1,0,73.85
2005,6,21,15,2,257,71.77,22.5,0,2,1,0,71.77
2005,6,21,15,2,257,73.56,22.5,0,2,1,0,73.56
2005,6,21,15,2,257,75.34,22.5,0,2,1,0,75.34
2005,6,21,15,2,257,77.13,22.5,0,2,1,0,77.13
2005,6,21,16,2,257,73.75,22.5,0,2,1,0,73.75
2005,6,21,16,2,257,77.51,22.5,0,2,1,0,77.51
2005,6,21,16,2,257,81.27,22.5,0,2,1,0,81.27
2005,6,21,16,2,257,85.03,22.5,0,2,1,0,85.03
2005,6,21,17,2,257,70.95,22.5,0,2,1,0,70.95
2005,6,21,17,2,257,71.92,22.5,0,2,1,0,71.92
2005,6,21,17,2,257,72.88,22.5,0,2,1,0,72.88
2005,6,21,17,2,257,73.85,22.5,0,2,1,0,73.85
2005,6,21,18,2,257,70.95,22.5,0,2,1,0,70.95
2005,6,21,18,2,257,71.92,22.5,0,2,1,0,71.92
2005,6,21,18,2,257,72.88,22.5,0,2,1,0,72.88
2005,6,21,18,2,257,73.85,22.5,0,2,1,0,73.85
2005,6,21,19,2,257,70.95,22.5,0,2,1,0,70.95
2005,6,21,19,2,257,71.92,22.5,0,2,1,0,71.92
2005,6,21,19,2,257,72.88,22.5,0,2,1,0,72.88
2005,6,21,19,2,257,73.85,22.5,0,2,1,0,73.85
2005,6,21,20,2,257,70.95,22.5,0,2,1,0,70.95
2005,6,21,20,2,257,71.92,22.5,0,2,1,0,71.92
2005,6,21,20,2,257,72.88,22.5,0,2,1,0,72.88
2005,6,21,20,2,257,73.85,22.5,0,2,1,0,73.85
2005,6,21,1,9,258,0,1.9,0,2,1,0,0
2005,6,21,2,9,258,0,1.9,0,2,1,0,0
2005,6,21,3,9,258,0,1.9,0,2,1,0,0
2005,6,21,4,9,258,0,1.9,0,2,1,0,0
2005,6,21,5,9,258,0,1.9,0,2,1,0,0
2005,6,21,6,9,258,0,1.9,0,2,1,0,0
2005,6,21,7,9,258,0,1.9,0,2,1,0,0
2005,6,21,8,9,258,0,1.9,0,2,1,0,0
2005,6,21,9,9,258,0,1.9,0,2,1,0,0
2005,6,21,10,9,258,0,1.9,0,2,1,0,0
2005,6,21,11,9,258,0,1.9,0,2,1,0,0
2005,6,21,12,9,258,0,1.9,0,2,1,0,0
2005,6,21,13,9,258,0,1.8,0,2,1,0,0
2005,6,21,14,9,258,0,1.8,0,2,1,0,0
2005,6,21,15,9,258,0,1.8,0,2,1,0,0
2005,6,21,16,9,258,0,1.8,0,2,1,0,0
2005,6,21,17,9,258,0,1.8,0,2,1,0,0
2005,6,21,18,9,258,0,1.8,0,2,1,0,0
2005,6,21,19,9,258,0,1.8,0,2,1,0,0
2005,6,21,20,9,258,0,1.8,0,2,1,0,0
2005,6,21,21,9,258,0,1.8,0,2,1,0,0
2005,6,21,22,9,258,0,1.9,0,2,1,0,0
2005,6,21,23,9,258,0,1.9,0,2,1,0,0
2005,6,21,24,9,258,0,1.9,0,2,1,0,0
2005,6,21,1,9,259,0,23.1,0,2,1,0,0
2005,6,21,2,9,259,0,23.1,0,2,1,0,0
2005,6,21,3,9,259,0,23.1,0,2,1,0,0
2005,6,21,4,9,259,0,23.1,0,2,1,0,0
2005,6,21,5,9,259,0,23.1,0,2,1,0,0
2005,6,21,6,9,259,0,23.1,0,2,1,0,0
2005,6,21,7,9,259,0,23.1,0,2,1,0,0
2005,6,21,8,9,259,0,24.3,0,2,1,0,0
2005,6,21,9,9,259,0,24.4,0,2,1,0,0
2005,6,21,10,9,259,0,24.4,0,2,1,0,0
2005,6,21,11,9,259,0,24.4,0,2,1,0,0
2005,6,21,12,9,259,0,24.4,0,2,1,0,0
2005,6,21,13,9,259,0,24.2,0,2,1,0,0
2005,6,21,14,9,259,0,23.8,0,2,1,0,0
2005,6,21,15,9,259,0,23.1,0,2,1,0,0
2005,6,21,16,9,259,0,22.9,0,2,1,0,0
2005,6,21,17,9,259,0,22,0,2,1,0,0
2005,6,21,18,9,259,0,22.1,0,2,1,0,0
2005,6,21,19,9,259,0,22.2,0,2,1,0,0
2005,6,21,20,9,259,0,22.5,0,2,1,0,0
2005,6,21,21,9,259,0,22.9,0,2,1,0,0
2005,6,21,22,9,259,0,23,0,2,1,0,0
2005,6,21,23,9,259,0,23,0,2,1,0,0
2005,6,21,24,9,259,0,23,0,2,1,0,0
2005,6,21,1,1,260,0,484.1,0,2,1,0,0
2005,6,21,1,1,260,130,7.5,0,2,0,0,130
2005,6,21,2,1,260,0,484.1,0,2,1,0,0
2005,6,21,2,1,260,130,7.5,0,2,0,0,130
2005,6,21,3,1,260,0,484.1,0,2,1,0,0
2005,6,21,3,1,260,130,7.5,0,2,0,0,130
2005,6,21,4,1,260,0,484.1,0,2,1,0,0
2005,6,21,4,1,260,130,7.5,0,2,0,0,130
2005,6,21,5,1,260,0,484.1,0,2,1,0,0
2005,6,21,5,1,260,130,7.5,0,2,0,0,130
2005,6,21,6,1,260,0,484.1,0,2,1,0,0
2005,6,21,6,1,260,130,7.5,0,2,0,0,130
2005,6,21,7,1,260,0,484.1,0,2,1,0,0
2005,6,21,7,1,260,130,7.5,0,2,0,0,130
2005,6,21,8,1,260,0,484.1,0,2,1,0,0
2005,6,21,8,1,260,130,7.5,0,2,0,0,130
2005,6,21,9,1,260,0,484.1,0,2,1,0,0
2005,6,21,9,1,260,130,7.5,0,2,0,0,130
2005,6,21,10,1,260,0,484.1,0,2,1,0,0
2005,6,21,10,1,260,130,7.5,0,2,0,0,130
2005,6,21,11,1,260,0,484.1,0,2,1,0,0
2005,6,21,11,1,260,130,7.5,0,2,0,0,130
2005,6,21,12,1,260,0,484.1,0,2,1,0,0
2005,6,21,12,1,260,130,7.5,0,2,0,0,130
2005,6,21,13,1,260,0,484.1,0,2,1,0,0
2005,6,21,13,1,260,130,7.5,0,2,0,0,130
2005,6,21,14,1,260,0,484.1,0,2,1,0,0
2005,6,21,14,1,260,130,7.5,0,2,0,0,130
2005,6,21,15,1,260,0,484.1,0,2,1,0,0
2005,6,21,15,1,260,130,7.5,0,2,0,0,130
2005,6,21,16,1,260,0,484.1,0,2,1,0,0
2005,6,21,16,1,260,130,7.5,0,2,0,0,130
2005,6,21,17,1,260,0,484.1,0,2,1,0,0
2005,6,21,17,1,260,130,7.5,0,2,0,0,130
2005,6,21,18,1,260,0,484.1,0,2,1,0,0
2005,6,21,18,1,260,130,7.5,0,2,0,0,130
2005,6,21,19,1,260,0,484.1,0,2,1,0,0
2005,6,21,19,1,260,130,7.5,0,2,0,0,130
2005,6,21,20,1,260,0,484.1,0,2,1,0,0
2005,6,21,20,1,260,130,7.5,0,2,0,0,130
2005,6,21,21,1,260,0,484.1,0,2,1,0,0
2005,6,21,21,1,260,130,7.5,0,2,0,0,130
2005,6,21,22,1,260,0,484.1,0,2,1,0,0
2005,6,21,22,1,260,130,7.5,0,2,0,0,130
2005,6,21,23,1,260,0,484.1,0,2,1,0,0
2005,6,21,23,1,260,130,7.5,0,2,0,0,130
2005,6,21,24,1,260,0,484.1,0,2,1,0,0
2005,6,21,24,1,260,130,7.5,0,2,0,0,130
2005,6,21,1,2,260,0,9.9,0,2,1,0,0
2005,6,21,1,2,260,130,.2,0,2,0,0,130
2005,6,21,2,2,260,0,9.9,0,2,1,0,0
2005,6,21,2,2,260,130,.2,0,2,0,0,130
2005,6,21,3,2,260,0,9.9,0,2,1,0,0
2005,6,21,3,2,260,130,.2,0,2,0,0,130
2005,6,21,4,2,260,0,9.9,0,2,1,0,0
2005,6,21,4,2,260,130,.2,0,2,0,0,130
2005,6,21,5,2,260,0,9.9,0,2,1,0,0
2005,6,21,5,2,260,130,.2,0,2,0,0,130
2005,6,21,6,2,260,0,9.9,0,2,1,0,0
2005,6,21,6,2,260,130,.2,0,2,0,0,130
2005,6,21,7,2,260,0,9.9,0,2,1,0,0
2005,6,21,7,2,260,130,.2,0,2,0,0,130
2005,6,21,8,2,260,0,9.9,0,2,1,0,0
2005,6,21,8,2,260,130,.2,0,2,0,0,130
2005,6,21,9,2,260,0,9.9,0,2,1,0,0
2005,6,21,9,2,260,130,.2,0,2,0,0,130
2005,6,21,10,2,260,0,9.9,0,2,1,0,0
2005,6,21,10,2,260,130,.2,0,2,0,0,130
2005,6,21,11,2,260,0,9.9,0,2,1,0,0
2005,6,21,11,2,260,130,.2,0,2,0,0,130
2005,6,21,12,2,260,0,9.9,0,2,1,0,0
2005,6,21,12,2,260,130,.2,0,2,0,0,130
2005,6,21,13,2,260,0,9.9,0,2,1,0,0
2005,6,21,13,2,260,130,.2,0,2,0,0,130
2005,6,21,14,2,260,0,9.9,0,2,1,0,0
2005,6,21,14,2,260,130,.2,0,2,0,0,130
2005,6,21,15,2,260,0,9.9,0,2,1,0,0
2005,6,21,15,2,260,130,.2,0,2,0,0,130
2005,6,21,16,2,260,0,9.9,0,2,1,0,0
2005,6,21,16,2,260,130,.2,0,2,0,0,130
2005,6,21,17,2,260,0,9.9,0,2,1,0,0
2005,6,21,17,2,260,130,.2,0,2,0,0,130
2005,6,21,18,2,260,0,9.9,0,2,1,0,0
2005,6,21,18,2,260,130,.2,0,2,0,0,130
2005,6,21,19,2,260,0,9.9,0,2,1,0,0
2005,6,21,19,2,260,130,.2,0,2,0,0,130
2005,6,21,20,2,260,0,9.9,0,2,1,0,0
2005,6,21,20,2,260,130,.2,0,2,0,0,130
2005,6,21,21,2,260,0,9.9,0,2,1,0,0
2005,6,21,21,2,260,130,.2,0,2,0,0,130
2005,6,21,22,2,260,0,9.9,0,2,1,0,0
2005,6,21,22,2,260,130,.2,0,2,0,0,130
2005,6,21,23,2,260,0,9.9,0,2,1,0,0
2005,6,21,23,2,260,130,.2,0,2,0,0,130
2005,6,21,24,2,260,0,9.9,0,2,1,0,0
2005,6,21,24,2,260,130,.2,0,2,0,0,130
2005,6,21,1,3,260,0,153.1,0,2,1,0,0
2005,6,21,1,3,260,130,2.4,0,2,0,0,130
2005,6,21,2,3,260,0,153.1,0,2,1,0,0
2005,6,21,2,3,260,130,2.4,0,2,0,0,130
2005,6,21,3,3,260,0,153.1,0,2,1,0,0
2005,6,21,3,3,260,130,2.4,0,2,0,0,130
2005,6,21,4,3,260,0,153.1,0,2,1,0,0
2005,6,21,4,3,260,130,2.4,0,2,0,0,130
2005,6,21,5,3,260,0,153.1,0,2,1,0,0
2005,6,21,5,3,260,130,2.4,0,2,0,0,130
2005,6,21,6,3,260,0,153.1,0,2,1,0,0
2005,6,21,6,3,260,130,2.4,0,2,0,0,130
2005,6,21,7,3,260,0,153.1,0,2,1,0,0
2005,6,21,7,3,260,130,2.4,0,2,0,0,130
2005,6,21,8,3,260,0,153.1,0,2,1,0,0
2005,6,21,8,3,260,130,2.4,0,2,0,0,130
2005,6,21,9,3,260,0,153.1,0,2,1,0,0
2005,6,21,9,3,260,130,2.4,0,2,0,0,130
2005,6,21,10,3,260,0,153.1,0,2,1,0,0
2005,6,21,10,3,260,130,2.4,0,2,0,0,130
2005,6,21,11,3,260,0,153.1,0,2,1,0,0
2005,6,21,11,3,260,130,2.4,0,2,0,0,130
2005,6,21,12,3,260,0,153.1,0,2,1,0,0
2005,6,21,12,3,260,130,2.4,0,2,0,0,130
2005,6,21,13,3,260,0,153.1,0,2,1,0,0
2005,6,21,13,3,260,130,2.4,0,2,0,0,130
2005,6,21,14,3,260,0,153.1,0,2,1,0,0
2005,6,21,14,3,260,130,2.4,0,2,0,0,130
2005,6,21,15,3,260,0,153.1,0,2,1,0,0
2005,6,21,15,3,260,130,2.4,0,2,0,0,130
2005,6,21,16,3,260,0,153.1,0,2,1,0,0
2005,6,21,16,3,260,130,2.4,0,2,0,0,130
2005,6,21,17,3,260,0,153.1,0,2,1,0,0
2005,6,21,17,3,260,130,2.4,0,2,0,0,130
2005,6,21,18,3,260,0,153.1,0,2,1,0,0
2005,6,21,18,3,260,130,2.4,0,2,0,0,130
2005,6,21,19,3,260,0,153.1,0,2,1,0,0
2005,6,21,19,3,260,130,2.4,0,2,0,0,130
2005,6,21,20,3,260,0,153.1,0,2,1,0,0
2005,6,21,20,3,260,130,2.4,0,2,0,0,130
2005,6,21,21,3,260,0,153.1,0,2,1,0,0
2005,6,21,21,3,260,130,2.4,0,2,0,0,130
2005,6,21,22,3,260,0,153.1,0,2,1,0,0
2005,6,21,22,3,260,130,2.4,0,2,0,0,130
2005,6,21,23,3,260,0,153.1,0,2,1,0,0
2005,6,21,23,3,260,130,2.4,0,2,0,0,130
2005,6,21,24,3,260,0,153.1,0,2,1,0,0
2005,6,21,24,3,260,130,2.4,0,2,0,0,130
2005,6,21,1,4,260,0,340.9,0,2,1,0,0
2005,6,21,1,4,260,130,5.3,0,2,0,0,130
2005,6,21,2,4,260,0,340.9,0,2,1,0,0
2005,6,21,2,4,260,130,5.3,0,2,0,0,130
2005,6,21,3,4,260,0,340.9,0,2,1,0,0
2005,6,21,3,4,260,130,5.3,0,2,0,0,130
2005,6,21,4,4,260,0,340.9,0,2,1,0,0
2005,6,21,4,4,260,130,5.3,0,2,0,0,130
2005,6,21,5,4,260,0,340.9,0,2,1,0,0
2005,6,21,5,4,260,130,5.3,0,2,0,0,130
2005,6,21,6,4,260,0,340.9,0,2,1,0,0
2005,6,21,6,4,260,130,5.3,0,2,0,0,130
2005,6,21,7,4,260,0,340.9,0,2,1,0,0
2005,6,21,7,4,260,130,5.3,0,2,0,0,130
2005,6,21,8,4,260,0,340.9,0,2,1,0,0
2005,6,21,8,4,260,130,5.3,0,2,0,0,130
2005,6,21,9,4,260,0,340.9,0,2,1,0,0
2005,6,21,9,4,260,130,5.3,0,2,0,0,130
2005,6,21,10,4,260,0,340.9,0,2,1,0,0
2005,6,21,10,4,260,130,5.3,0,2,0,0,130
2005,6,21,11,4,260,0,340.9,0,2,1,0,0
2005,6,21,11,4,260,130,5.3,0,2,0,0,130
2005,6,21,12,4,260,0,340.9,0,2,1,0,0
2005,6,21,12,4,260,130,5.3,0,2,0,0,130
2005,6,21,13,4,260,0,340.9,0,2,1,0,0
2005,6,21,13,4,260,130,5.3,0,2,0,0,130
2005,6,21,14,4,260,0,340.9,0,2,1,0,0
2005,6,21,14,4,260,130,5.3,0,2,0,0,130
2005,6,21,15,4,260,0,340.9,0,2,1,0,0
2005,6,21,15,4,260,130,5.3,0,2,0,0,130
2005,6,21,16,4,260,0,340.9,0,2,1,0,0
2005,6,21,16,4,260,130,5.3,0,2,0,0,130
2005,6,21,17,4,260,0,340.9,0,2,1,0,0
2005,6,21,17,4,260,130,5.3,0,2,0,0,130
2005,6,21,18,4,260,0,340.9,0,2,1,0,0
2005,6,21,18,4,260,130,5.3,0,2,0,0,130
2005,6,21,19,4,260,0,340.9,0,2,1,0,0
2005,6,21,19,4,260,130,5.3,0,2,0,0,130
2005,6,21,20,4,260,0,340.9,0,2,1,0,0
2005,6,21,20,4,260,130,5.3,0,2,0,0,130
2005,6,21,21,4,260,0,340.9,0,2,1,0,0
2005,6,21,21,4,260,130,5.3,0,2,0,0,130
2005,6,21,22,4,260,0,340.9,0,2,1,0,0
2005,6,21,22,4,260,130,5.3,0,2,0,0,130
2005,6,21,23,4,260,0,340.9,0,2,1,0,0
2005,6,21,23,4,260,130,5.3,0,2,0,0,130
2005,6,21,24,4,260,0,340.9,0,2,1,0,0
2005,6,21,24,4,260,130,5.3,0,2,0,0,130
2005,6,21,1,9,261,60,6.3,0,2,0,0,60
2005,6,21,2,9,261,60,6.3,0,2,0,0,60
2005,6,21,3,9,261,60,6.3,0,2,0,0,60
2005,6,21,4,9,261,60,6.3,0,2,0,0,60
2005,6,21,5,9,261,60,6.3,0,2,0,0,60
2005,6,21,6,9,261,60,6.3,0,2,0,0,60
2005,6,21,7,9,261,60,6.3,0,2,0,0,60
2005,6,21,8,9,261,60,6.3,0,2,0,0,60
2005,6,21,9,9,261,0,6.3,0,2,1,0,0
2005,6,21,10,9,261,0,6.3,0,2,1,0,0
2005,6,21,11,9,261,0,6.3,0,2,1,0,0
2005,6,21,12,9,261,0,6.3,0,2,1,0,0
2005,6,21,13,9,261,0,6.3,0,2,1,0,0
2005,6,21,14,9,261,0,6.3,0,2,1,0,0
2005,6,21,15,9,261,0,6.3,0,2,1,0,0
2005,6,21,16,9,261,0,6.3,0,2,1,0,0
2005,6,21,17,9,261,0,6.3,0,2,1,0,0
2005,6,21,18,9,261,0,6.3,0,2,1,0,0
2005,6,21,19,9,261,0,6.3,0,2,1,0,0
2005,6,21,20,9,261,0,6.3,0,2,1,0,0
2005,6,21,21,9,261,0,6.3,0,2,1,0,0
2005,6,21,22,9,261,0,6.3,0,2,1,0,0
2005,6,21,23,9,261,0,6.3,0,2,1,0,0
2005,6,21,24,9,261,0,6.3,0,2,1,0,0
2005,6,21,1,5,262,10,52,0,1,0,0,10
2005,6,21,1,5,262,48.5,156,0,1,0,0,48.5
2005,6,21,2,5,262,10,52,0,1,0,0,10
2005,6,21,2,5,262,48.5,156,0,1,1,0,48.5
2005,6,21,3,5,262,10,52,0,1,0,0,10
2005,6,21,3,5,262,30,52,0,1,0,0,30
2005,6,21,3,5,262,48.5,104,0,1,1,0,48.5
2005,6,21,4,5,262,10,52,0,1,0,0,10
2005,6,21,4,5,262,30,52,0,1,0,0,30
2005,6,21,4,5,262,48.5,104,0,1,1,0,48.5
2005,6,21,5,5,262,10,52,0,1,0,0,10
2005,6,21,5,5,262,30,52,0,1,0,0,30
2005,6,21,5,5,262,48.5,104,0,1,1,0,48.5
2005,6,21,6,5,262,10,52,0,1,0,0,10
2005,6,21,6,5,262,30,52,0,1,0,0,30
2005,6,21,6,5,262,48.5,104,0,1,1,0,48.5
2005,6,21,7,5,262,10,52,0,1,0,0,10
2005,6,21,7,5,262,48.5,156,0,1,1,0,48.5
2005,6,21,8,5,262,10,52,0,1,0,0,10
2005,6,21,8,5,262,48.5,156,0,1,1,0,48.5
2005,6,21,9,5,262,10,52,0,1,0,0,10
2005,6,21,9,5,262,45,52,0,1,0,0,45
2005,6,21,9,5,262,46.5,52,0,1,0,0,46.5
2005,6,21,9,5,262,48.5,52,0,1,0,0,48.5
2005,6,21,10,5,262,10,52,0,1,0,0,10
2005,6,21,10,5,262,45,52,0,1,0,0,45
2005,6,21,10,5,262,46.5,52,0,1,0,0,46.5
2005,6,21,10,5,262,48.5,52,0,1,0,0,48.5
2005,6,21,11,5,262,10,52,0,1,0,0,10
2005,6,21,11,5,262,45,52,0,1,0,0,45
2005,6,21,11,5,262,46.5,52,0,1,0,0,46.5
2005,6,21,11,5,262,48.5,52,0,1,0,0,48.5
2005,6,21,12,5,262,10,52,0,1,0,0,10
2005,6,21,12,5,262,45,52,0,1,0,0,45
2005,6,21,12,5,262,46.5,52,0,1,0,0,46.5
2005,6,21,12,5,262,48.5,52,0,1,0,0,48.5
2005,6,21,13,5,262,10,52,0,1,0,0,10
2005,6,21,13,5,262,45,52,0,1,0,0,45
2005,6,21,13,5,262,46.5,52,0,1,0,0,46.5
2005,6,21,13,5,262,48.5,52,0,1,0,0,48.5
2005,6,21,14,5,262,10,52,0,1,0,0,10
2005,6,21,14,5,262,45,52,0,1,0,0,45
2005,6,21,14,5,262,46.5,52,0,1,0,0,46.5
2005,6,21,14,5,262,48.5,52,0,1,0,0,48.5
2005,6,21,15,5,262,10,52,0,1,0,0,10
2005,6,21,15,5,262,45,52,0,1,0,0,45
2005,6,21,15,5,262,46.5,52,0,1,0,0,46.5
2005,6,21,15,5,262,48.5,52,0,1,0,0,48.5
2005,6,21,16,5,262,10,52,0,1,0,0,10
2005,6,21,16,5,262,45,52,0,1,0,0,45
2005,6,21,16,5,262,46.5,52,0,1,0,0,46.5
2005,6,21,16,5,262,48.5,52,0,1,0,0,48.5
2005,6,21,17,5,262,10,52,0,1,0,0,10
2005,6,21,17,5,262,45,52,0,1,0,0,45
2005,6,21,17,5,262,46.5,52,0,1,0,0,46.5
2005,6,21,17,5,262,48.5,52,0,1,0,0,48.5
2005,6,21,18,5,262,10,52,0,1,0,0,10
2005,6,21,18,5,262,45,52,0,1,0,0,45
2005,6,21,18,5,262,46.5,52,0,1,0,0,46.5
2005,6,21,18,5,262,48.5,52,0,1,0,0,48.5
2005,6,21,19,5,262,10,52,0,1,0,0,10
2005,6,21,19,5,262,45,52,0,1,0,0,45
2005,6,21,19,5,262,46.5,52,0,1,0,0,46.5
2005,6,21,19,5,262,48.5,52,0,1,0,0,48.5
2005,6,21,20,5,262,10,52,0,1,0,0,10
2005,6,21,20,5,262,45,52,0,1,0,0,45
2005,6,21,20,5,262,46.5,52,0,1,0,0,46.5
2005,6,21,20,5,262,48.5,52,0,1,0,0,48.5
2005,6,21,21,5,262,10,52,0,1,0,0,10
2005,6,21,21,5,262,45,52,0,1,0,0,45
2005,6,21,21,5,262,46.5,52,0,1,0,0,46.5
2005,6,21,21,5,262,48.5,52,0,1,0,0,48.5
2005,6,21,22,5,262,10,52,0,1,0,0,10
2005,6,21,22,5,262,45,52,0,1,0,0,45
2005,6,21,22,5,262,46.5,52,0,1,0,0,46.5
2005,6,21,22,5,262,48.5,52,0,1,0,0,48.5
2005,6,21,23,5,262,10,52,0,1,0,0,10
2005,6,21,23,5,262,45,52,0,1,0,0,45
2005,6,21,23,5,262,46.5,52,0,1,0,0,46.5
2005,6,21,23,5,262,48.5,52,0,1,0,0,48.5
2005,6,21,24,5,262,10,52,0,1,0,0,10
2005,6,21,24,5,262,45,52,0,1,0,0,45
2005,6,21,24,5,262,46.5,52,0,1,0,0,46.5
2005,6,21,24,5,262,48.5,52,0,1,0,0,48.5
2005,6,21,1,5,263,105,45,0,2,0,0,105
2005,6,21,1,5,263,115,45,0,2,0,0,115
2005,6,21,1,5,263,125,45,0,2,0,0,125
2005,6,21,1,5,263,150,45,0,2,0,0,150
2005,6,21,2,5,263,105,45,0,2,0,0,105
2005,6,21,2,5,263,115,45,0,2,0,0,115
2005,6,21,2,5,263,125,45,0,2,0,0,125
2005,6,21,2,5,263,150,45,0,2,0,0,150
2005,6,21,3,5,263,105,45,0,2,0,0,105
2005,6,21,3,5,263,115,45,0,2,0,0,115
2005,6,21,3,5,263,125,45,0,2,0,0,125
2005,6,21,3,5,263,150,45,0,2,0,0,150
2005,6,21,4,5,263,105,45,0,2,0,0,105
2005,6,21,4,5,263,115,45,0,2,0,0,115
2005,6,21,4,5,263,125,45,0,2,0,0,125
2005,6,21,4,5,263,150,45,0,2,0,0,150
2005,6,21,5,5,263,105,45,0,2,0,0,105
2005,6,21,5,5,263,115,45,0,2,0,0,115
2005,6,21,5,5,263,125,45,0,2,0,0,125
2005,6,21,5,5,263,150,45,0,2,0,0,150
2005,6,21,6,5,263,105,45,0,2,0,0,105
2005,6,21,6,5,263,115,45,0,2,0,0,115
2005,6,21,6,5,263,125,45,0,2,0,0,125
2005,6,21,6,5,263,150,45,0,2,0,0,150
2005,6,21,7,5,263,105,45,0,2,0,0,105
2005,6,21,7,5,263,115,45,0,2,0,0,115
2005,6,21,7,5,263,125,45,0,2,0,0,125
2005,6,21,7,5,263,150,45,0,2,0,0,150
2005,6,21,8,5,263,105,45,0,2,0,0,105
2005,6,21,8,5,263,115,45,0,2,0,0,115
2005,6,21,8,5,263,125,45,0,2,0,0,125
2005,6,21,8,5,263,150,45,0,2,0,0,150
2005,6,21,9,5,263,105,45,0,2,0,0,105
2005,6,21,9,5,263,115,45,0,2,0,0,115
2005,6,21,9,5,263,125,45,0,2,0,0,125
2005,6,21,9,5,263,150,45,0,2,0,0,150
2005,6,21,10,5,263,105,45,0,2,0,0,105
2005,6,21,10,5,263,115,45,0,2,0,0,115
2005,6,21,10,5,263,125,45,0,2,0,0,125
2005,6,21,10,5,263,150,45,0,2,0,0,150
2005,6,21,11,5,263,105,45,0,2,0,0,105
2005,6,21,11,5,263,115,45,0,2,0,0,115
2005,6,21,11,5,263,125,45,0,2,0,0,125
2005,6,21,11,5,263,150,45,0,2,0,0,150
2005,6,21,12,5,263,105,45,0,2,0,0,105
2005,6,21,12,5,263,115,45,0,2,0,0,115
2005,6,21,12,5,263,125,45,0,2,0,0,125
2005,6,21,12,5,263,150,45,0,2,0,0,150
2005,6,21,13,5,263,105,45,0,2,1,0,105
2005,6,21,13,5,263,115,45,0,2,0,0,115
2005,6,21,13,5,263,125,45,0,2,0,0,125
2005,6,21,13,5,263,150,45,0,2,0,0,150
2005,6,21,14,5,263,105,45,0,2,1,0,105
2005,6,21,14,5,263,115,45,0,2,0,0,115
2005,6,21,14,5,263,125,45,0,2,0,0,125
2005,6,21,14,5,263,150,45,0,2,0,0,150
2005,6,21,15,5,263,105,45,0,2,0,0,105
2005,6,21,15,5,263,115,45,0,2,0,0,115
2005,6,21,15,5,263,125,45,0,2,0,0,125
2005,6,21,15,5,263,150,45,0,2,0,0,150
2005,6,21,16,5,263,105,45,0,2,1,0,105
2005,6,21,16,5,263,115,45,0,2,0,0,115
2005,6,21,16,5,263,125,45,0,2,0,0,125
2005,6,21,16,5,263,150,45,0,2,0,0,150
2005,6,21,17,5,263,105,45,0,2,1,0,105
2005,6,21,17,5,263,115,45,0,2,0,0,115
2005,6,21,17,5,263,125,45,0,2,0,0,125
2005,6,21,17,5,263,150,45,0,2,0,0,150
2005,6,21,18,5,263,105,45,0,2,1,0,105
2005,6,21,18,5,263,115,45,0,2,1,0,115
2005,6,21,18,5,263,125,45,0,2,0,0,125
2005,6,21,18,5,263,150,45,0,2,0,0,150
2005,6,21,19,5,263,105,45,0,2,1,0,105
2005,6,21,19,5,263,115,45,0,2,0,0,115
2005,6,21,19,5,263,125,45,0,2,0,0,125
2005,6,21,19,5,263,150,45,0,2,0,0,150
2005,6,21,20,5,263,105,45,0,2,0,0,105
2005,6,21,20,5,263,115,45,0,2,0,0,115
2005,6,21,20,5,263,125,45,0,2,0,0,125
2005,6,21,20,5,263,150,45,0,2,0,0,150
2005,6,21,21,5,263,105,45,0,2,0,0,105
2005,6,21,21,5,263,115,45,0,2,0,0,115
2005,6,21,21,5,263,125,45,0,2,0,0,125
2005,6,21,21,5,263,150,45,0,2,0,0,150
2005,6,21,22,5,263,105,45,0,2,0,0,105
2005,6,21,22,5,263,115,45,0,2,0,0,115
2005,6,21,22,5,263,125,45,0,2,0,0,125
2005,6,21,22,5,263,150,45,0,2,0,0,150
2005,6,21,23,5,263,105,45,0,2,0,0,105
2005,6,21,23,5,263,115,45,0,2,0,0,115
2005,6,21,23,5,263,125,45,0,2,0,0,125
2005,6,21,23,5,263,150,45,0,2,0,0,150
2005,6,21,24,5,263,105,45,0,2,0,0,105
2005,6,21,24,5,263,115,45,0,2,0,0,115
2005,6,21,24,5,263,125,45,0,2,0,0,125
2005,6,21,24,5,263,150,45,0,2,0,0,150
2005,6,21,1,5,264,.01,1,0,1,0,0,.01
2005,6,21,1,9,265,180.3,2345,0,1,1,0,180.3
2005,6,21,2,9,265,180.3,2080,0,1,1,0,180.3
2005,6,21,3,9,265,180.3,1942,0,1,1,0,180.3
2005,6,21,4,9,265,180.3,1873,0,1,1,0,180.3
2005,6,21,5,9,265,180.3,1889,0,1,1,0,180.3
2005,6,21,6,9,265,180.3,1876,0,1,1,0,180.3
2005,6,21,7,9,265,180.3,1900,0,1,1,0,180.3
2005,6,21,8,9,265,180.3,1905,0,1,1,0,180.3
2005,6,21,9,9,265,180.3,1753,0,1,1,0,180.3
2005,6,21,10,9,265,180.3,1860,0,1,1,0,180.3
2005,6,21,11,9,265,180.3,1890,0,1,1,0,180.3
2005,6,21,12,9,265,180.3,1974,0,1,1,0,180.3
2005,6,21,13,9,265,180.3,2108,0,1,1,0,180.3
2005,6,21,14,9,265,180.3,2269,0,1,1,0,180.3
2005,6,21,15,9,265,180.3,2436,0,1,1,0,180.3
2005,6,21,16,9,265,180.3,2423,0,1,1,0,180.3
2005,6,21,17,9,265,180.3,2477,0,1,1,0,180.3
2005,6,21,18,9,265,180.3,2565,0,1,1,0,180.3
2005,6,21,19,9,265,180.3,2510,0,1,1,0,180.3
2005,6,21,20,9,265,180.3,2325,0,1,1,0,180.3
2005,6,21,21,9,265,180.3,2218,0,1,1,0,180.3
2005,6,21,22,9,265,180.3,2236,0,1,1,0,180.3
2005,6,21,23,9,265,180.3,2479,0,1,1,0,180.3
2005,6,21,24,9,265,180.3,2406,0,1,1,0,180.3
2005,6,21,1,5,266,0,46,0,2,1,0,0
2005,6,21,1,5,266,112.51,27,0,2,0,0,112.51
2005,6,21,1,5,266,115.01,20,0,2,0,0,115.01
2005,6,21,1,5,266,117.51,10,0,2,0,0,117.51
2005,6,21,1,5,266,120.01,35,0,2,0,0,120.01
2005,6,21,1,5,266,130.01,10,0,2,0,0,130.01
2005,6,21,1,5,266,135.01,15,0,2,0,0,135.01
2005,6,21,1,5,266,145.01,20,0,2,0,0,145.01
2005,6,21,1,5,266,155.01,16,0,2,0,0,155.01
2005,6,21,1,5,266,180.3,10,0,2,0,0,180.3
2005,6,21,2,5,266,0,46,0,2,1,0,0
2005,6,21,2,5,266,112.51,27,0,2,0,0,112.51
2005,6,21,2,5,266,115.01,20,0,2,0,0,115.01
2005,6,21,2,5,266,117.51,10,0,2,0,0,117.51
2005,6,21,2,5,266,120.01,35,0,2,0,0,120.01
2005,6,21,2,5,266,130.01,10,0,2,0,0,130.01
2005,6,21,2,5,266,135.01,15,0,2,0,0,135.01
2005,6,21,2,5,266,145.01,20,0,2,0,0,145.01
2005,6,21,2,5,266,155.01,16,0,2,0,0,155.01
2005,6,21,2,5,266,180.3,10,0,2,0,0,180.3
2005,6,21,3,5,266,0,46,0,2,1,0,0
2005,6,21,3,5,266,112.51,27,0,2,0,0,112.51
2005,6,21,3,5,266,115.01,20,0,2,0,0,115.01
2005,6,21,3,5,266,117.51,10,0,2,0,0,117.51
2005,6,21,3,5,266,120.01,35,0,2,0,0,120.01
2005,6,21,3,5,266,130.01,10,0,2,0,0,130.01
2005,6,21,3,5,266,135.01,15,0,2,0,0,135.01
2005,6,21,3,5,266,145.01,20,0,2,0,0,145.01
2005,6,21,3,5,266,155.01,16,0,2,0,0,155.01
2005,6,21,3,5,266,180.3,10,0,2,0,0,180.3
2005,6,21,4,5,266,0,46,0,2,1,0,0
2005,6,21,4,5,266,112.51,27,0,2,0,0,112.51
2005,6,21,4,5,266,115.01,20,0,2,0,0,115.01
2005,6,21,4,5,266,117.51,10,0,2,0,0,117.51
2005,6,21,4,5,266,120.01,35,0,2,0,0,120.01
2005,6,21,4,5,266,130.01,10,0,2,0,0,130.01
2005,6,21,4,5,266,135.01,15,0,2,0,0,135.01
2005,6,21,4,5,266,145.01,20,0,2,0,0,145.01
2005,6,21,4,5,266,155.01,16,0,2,0,0,155.01
2005,6,21,4,5,266,180.3,10,0,2,0,0,180.3
2005,6,21,5,5,266,0,46,0,2,1,0,0
2005,6,21,5,5,266,112.51,27,0,2,0,0,112.51
2005,6,21,5,5,266,115.01,20,0,2,0,0,115.01
2005,6,21,5,5,266,117.51,10,0,2,0,0,117.51
2005,6,21,5,5,266,120.01,35,0,2,0,0,120.01
2005,6,21,5,5,266,130.01,10,0,2,0,0,130.01
2005,6,21,5,5,266,135.01,15,0,2,0,0,135.01
2005,6,21,5,5,266,145.01,20,0,2,0,0,145.01
2005,6,21,5,5,266,155.01,16,0,2,0,0,155.01
2005,6,21,5,5,266,180.3,10,0,2,0,0,180.3
2005,6,21,6,5,266,0,46,0,2,1,0,0
2005,6,21,6,5,266,112.51,27,0,2,0,0,112.51
2005,6,21,6,5,266,115.01,20,0,2,0,0,115.01
2005,6,21,6,5,266,117.51,10,0,2,0,0,117.51
2005,6,21,6,5,266,120.01,35,0,2,0,0,120.01
2005,6,21,6,5,266,130.01,10,0,2,0,0,130.01
2005,6,21,6,5,266,135.01,15,0,2,0,0,135.01
2005,6,21,6,5,266,145.01,20,0,2,0,0,145.01
2005,6,21,6,5,266,155.01,16,0,2,0,0,155.01
2005,6,21,6,5,266,180.3,10,0,2,0,0,180.3
2005,6,21,7,5,266,0,46,0,2,1,0,0
2005,6,21,7,5,266,112.51,27,0,2,0,0,112.51
2005,6,21,7,5,266,115.01,20,0,2,0,0,115.01
2005,6,21,7,5,266,117.51,10,0,2,0,0,117.51
2005,6,21,7,5,266,120.01,35,0,2,0,0,120.01
2005,6,21,7,5,266,130.01,10,0,2,0,0,130.01
2005,6,21,7,5,266,135.01,15,0,2,0,0,135.01
2005,6,21,7,5,266,145.01,20,0,2,0,0,145.01
2005,6,21,7,5,266,155.01,16,0,2,0,0,155.01
2005,6,21,7,5,266,180.3,10,0,2,0,0,180.3
2005,6,21,8,5,266,0,46,0,2,1,0,0
2005,6,21,8,5,266,112.51,27,0,2,0,0,112.51
2005,6,21,8,5,266,115.01,20,0,2,0,0,115.01
2005,6,21,8,5,266,117.51,10,0,2,0,0,117.51
2005,6,21,8,5,266,120.01,35,0,2,0,0,120.01
2005,6,21,8,5,266,130.01,10,0,2,0,0,130.01
2005,6,21,8,5,266,135.01,15,0,2,0,0,135.01
2005,6,21,8,5,266,145.01,20,0,2,0,0,145.01
2005,6,21,8,5,266,155.01,16,0,2,0,0,155.01
2005,6,21,8,5,266,180.3,10,0,2,0,0,180.3
2005,6,21,9,5,266,0,46,0,2,1,0,0
2005,6,21,9,5,266,112.51,27,0,2,0,0,112.51
2005,6,21,9,5,266,115.01,20,0,2,0,0,115.01
2005,6,21,9,5,266,117.51,13,0,2,0,0,117.51
2005,6,21,9,5,266,130.01,10,0,2,0,0,130.01
2005,6,21,9,5,266,135.01,15,0,2,0,0,135.01
2005,6,21,9,5,266,145.01,20,0,2,0,0,145.01
2005,6,21,9,5,266,155.01,16,0,2,0,0,155.01
2005,6,21,9,5,266,180.3,10,0,2,0,0,180.3
2005,6,21,10,5,266,0,46,0,2,1,0,0
2005,6,21,10,5,266,112.51,27,0,2,0,0,112.51
2005,6,21,10,5,266,115.01,20,0,2,0,0,115.01
2005,6,21,10,5,266,117.51,13,0,2,0,0,117.51
2005,6,21,10,5,266,130.01,10,0,2,0,0,130.01
2005,6,21,10,5,266,135.01,15,0,2,0,0,135.01
2005,6,21,10,5,266,145.01,20,0,2,0,0,145.01
2005,6,21,10,5,266,155.01,16,0,2,0,0,155.01
2005,6,21,10,5,266,180.3,10,0,2,0,0,180.3
2005,6,21,11,5,266,0,46,0,2,1,0,0
2005,6,21,11,5,266,112.51,27,0,2,0,0,112.51
2005,6,21,11,5,266,115.01,20,0,2,0,0,115.01
2005,6,21,11,5,266,117.51,13,0,2,0,0,117.51
2005,6,21,11,5,266,130.01,10,0,2,0,0,130.01
2005,6,21,11,5,266,135.01,15,0,2,0,0,135.01
2005,6,21,11,5,266,145.01,20,0,2,0,0,145.01
2005,6,21,11,5,266,155.01,16,0,2,0,0,155.01
2005,6,21,11,5,266,180.3,10,0,2,0,0,180.3
2005,6,21,12,5,266,0,46,0,2,1,0,0
2005,6,21,12,5,266,105.01,9,0,2,0,0,105.01
2005,6,21,12,5,266,112.51,27,0,2,0,0,112.51
2005,6,21,12,5,266,115.01,20,0,2,0,0,115.01
2005,6,21,12,5,266,117.51,17,0,2,0,0,117.51
2005,6,21,12,5,266,130.01,10,0,2,0,0,130.01
2005,6,21,12,5,266,135.01,15,0,2,0,0,135.01
2005,6,21,12,5,266,145.01,20,0,2,0,0,145.01
2005,6,21,12,5,266,155.01,16,0,2,0,0,155.01
2005,6,21,12,5,266,180.3,10,0,2,0,0,180.3
2005,6,21,13,5,266,0,46,0,2,1,0,0
2005,6,21,13,5,266,105.01,9,0,2,1,0,105.01
2005,6,21,13,5,266,112.51,27,0,2,0,0,112.51
2005,6,21,13,5,266,115.01,20,0,2,0,0,115.01
2005,6,21,13,5,266,117.51,17,0,2,0,0,117.51
2005,6,21,13,5,266,130.01,10,0,2,0,0,130.01
2005,6,21,13,5,266,135.01,15,0,2,0,0,135.01
2005,6,21,13,5,266,145.01,20,0,2,0,0,145.01
2005,6,21,13,5,266,155.01,16,0,2,0,0,155.01
2005,6,21,13,5,266,180.3,10,0,2,0,0,180.3
2005,6,21,14,5,266,0,46,0,2,1,0,0
2005,6,21,14,5,266,105.01,9,0,2,0,0,105.01
2005,6,21,14,5,266,112.51,27,0,2,0,0,112.51
2005,6,21,14,5,266,115.01,20,0,2,0,0,115.01
2005,6,21,14,5,266,117.51,17,0,2,0,0,117.51
2005,6,21,14,5,266,130.01,10,0,2,0,0,130.01
2005,6,21,14,5,266,135.01,15,0,2,0,0,135.01
2005,6,21,14,5,266,145.01,20,0,2,0,0,145.01
2005,6,21,14,5,266,155.01,16,0,2,0,0,155.01
2005,6,21,14,5,266,180.3,10,0,2,0,0,180.3
2005,6,21,15,5,266,0,46,0,2,1,0,0
2005,6,21,15,5,266,112.51,27,0,2,0,0,112.51
2005,6,21,15,5,266,115.01,20,0,2,0,0,115.01
2005,6,21,15,5,266,117.51,13,0,2,0,0,117.51
2005,6,21,15,5,266,130.01,10,0,2,0,0,130.01
2005,6,21,15,5,266,135.01,15,0,2,0,0,135.01
2005,6,21,15,5,266,145.01,20,0,2,0,0,145.01
2005,6,21,15,5,266,155.01,16,0,2,0,0,155.01
2005,6,21,15,5,266,180.3,10,0,2,0,0,180.3
2005,6,21,16,5,266,0,46,0,2,1,0,0
2005,6,21,16,5,266,112.51,27,0,2,0,0,112.51
2005,6,21,16,5,266,115.01,20,0,2,0,0,115.01
2005,6,21,16,5,266,117.51,13,0,2,0,0,117.51
2005,6,21,16,5,266,130.01,10,0,2,0,0,130.01
2005,6,21,16,5,266,135.01,15,0,2,0,0,135.01
2005,6,21,16,5,266,145.01,20,0,2,0,0,145.01
2005,6,21,16,5,266,155.01,16,0,2,0,0,155.01
2005,6,21,16,5,266,180.3,10,0,2,0,0,180.3
2005,6,21,17,5,266,0,46,0,2,1,0,0
2005,6,21,17,5,266,105.01,9,0,2,0,0,105.01
2005,6,21,17,5,266,112.51,27,0,2,0,0,112.51
2005,6,21,17,5,266,115.01,20,0,2,0,0,115.01
2005,6,21,17,5,266,117.51,17,0,2,0,0,117.51
2005,6,21,17,5,266,130.01,10,0,2,0,0,130.01
2005,6,21,17,5,266,135.01,15,0,2,0,0,135.01
2005,6,21,17,5,266,145.01,20,0,2,0,0,145.01
2005,6,21,17,5,266,155.01,16,0,2,0,0,155.01
2005,6,21,17,5,266,180.3,10,0,2,0,0,180.3
2005,6,21,18,5,266,0,46,0,2,1,0,0
2005,6,21,18,5,266,105.01,9,0,2,1,0,105.01
2005,6,21,18,5,266,112.51,27,0,2,1,0,112.51
2005,6,21,18,5,266,115.01,20,0,2,1,0,115.01
2005,6,21,18,5,266,117.51,17,0,2,1,0,117.51
2005,6,21,18,5,266,130.01,10,0,2,0,0,130.01
2005,6,21,18,5,266,135.01,15,0,2,0,0,135.01
2005,6,21,18,5,266,145.01,20,0,2,0,0,145.01
2005,6,21,18,5,266,155.01,16,0,2,0,0,155.01
2005,6,21,18,5,266,180.3,10,0,2,0,0,180.3
2005,6,21,19,5,266,0,46,0,2,1,0,0
2005,6,21,19,5,266,105.01,9,0,2,0,0,105.01
2005,6,21,19,5,266,112.51,27,0,2,0,0,112.51
2005,6,21,19,5,266,115.01,20,0,2,0,0,115.01
2005,6,21,19,5,266,117.51,17,0,2,0,0,117.51
2005,6,21,19,5,266,130.01,10,0,2,0,0,130.01
2005,6,21,19,5,266,135.01,15,0,2,0,0,135.01
2005,6,21,19,5,266,145.01,20,0,2,0,0,145.01
2005,6,21,19,5,266,155.01,16,0,2,0,0,155.01
2005,6,21,19,5,266,180.3,10,0,2,0,0,180.3
2005,6,21,20,5,266,0,46,0,2,1,0,0
2005,6,21,20,5,266,112.51,27,0,2,0,0,112.51
2005,6,21,20,5,266,115.01,20,0,2,0,0,115.01
2005,6,21,20,5,266,117.51,13,0,2,0,0,117.51
2005,6,21,20,5,266,130.01,10,0,2,0,0,130.01
2005,6,21,20,5,266,135.01,15,0,2,0,0,135.01
2005,6,21,20,5,266,145.01,20,0,2,0,0,145.01
2005,6,21,20,5,266,155.01,16,0,2,0,0,155.01
2005,6,21,20,5,266,180.3,10,0,2,0,0,180.3
2005,6,21,21,5,266,0,46,0,2,1,0,0
2005,6,21,21,5,266,112.51,27,0,2,0,0,112.51
2005,6,21,21,5,266,115.01,20,0,2,0,0,115.01
2005,6,21,21,5,266,117.51,13,0,2,0,0,117.51
2005,6,21,21,5,266,130.01,10,0,2,0,0,130.01
2005,6,21,21,5,266,135.01,15,0,2,0,0,135.01
2005,6,21,21,5,266,145.01,20,0,2,0,0,145.01
2005,6,21,21,5,266,155.01,16,0,2,0,0,155.01
2005,6,21,21,5,266,180.3,10,0,2,0,0,180.3
2005,6,21,22,5,266,0,46,0,2,1,0,0
2005,6,21,22,5,266,112.51,27,0,2,0,0,112.51
2005,6,21,22,5,266,115.01,20,0,2,0,0,115.01
2005,6,21,22,5,266,117.51,13,0,2,0,0,117.51
2005,6,21,22,5,266,130.01,10,0,2,0,0,130.01
2005,6,21,22,5,266,135.01,15,0,2,0,0,135.01
2005,6,21,22,5,266,145.01,20,0,2,0,0,145.01
2005,6,21,22,5,266,155.01,16,0,2,0,0,155.01
2005,6,21,22,5,266,180.3,10,0,2,0,0,180.3
2005,6,21,23,5,266,0,46,0,2,1,0,0
2005,6,21,23,5,266,112.51,27,0,2,0,0,112.51
2005,6,21,23,5,266,115.01,20,0,2,0,0,115.01
2005,6,21,23,5,266,117.51,13,0,2,0,0,117.51
2005,6,21,23,5,266,130.01,10,0,2,0,0,130.01
2005,6,21,23,5,266,135.01,15,0,2,0,0,135.01
2005,6,21,23,5,266,145.01,20,0,2,0,0,145.01
2005,6,21,23,5,266,155.01,16,0,2,0,0,155.01
2005,6,21,23,5,266,180.3,10,0,2,0,0,180.3
2005,6,21,24,5,266,0,46,0,2,1,0,0
2005,6,21,24,5,266,112.51,27,0,2,0,0,112.51
2005,6,21,24,5,266,115.01,20,0,2,0,0,115.01
2005,6,21,24,5,266,117.51,13,0,2,0,0,117.51
2005,6,21,24,5,266,130.01,10,0,2,0,0,130.01
2005,6,21,24,5,266,135.01,15,0,2,0,0,135.01
2005,6,21,24,5,266,145.01,20,0,2,0,0,145.01
2005,6,21,24,5,266,155.01,16,0,2,0,0,155.01
2005,6,21,24,5,266,180.3,10,0,2,0,0,180.3
2005,6,21,1,5,267,0,60,0,2,1,0,0
2005,6,21,2,5,267,0,60,0,2,1,0,0
2005,6,21,3,5,267,0,60,0,2,1,0,0
2005,6,21,4,5,267,0,60,0,2,1,0,0
2005,6,21,5,5,267,0,60,0,2,1,0,0
2005,6,21,6,5,267,0,60,0,2,1,0,0
2005,6,21,7,5,267,0,60,0,2,1,0,0
2005,6,21,1,4,268,1,50,0,1,0,0,1
2005,6,21,1,4,268,180.3,1105.9,0,1,1,0,180.3
2005,6,21,2,4,268,1,50,0,1,0,0,1
2005,6,21,2,4,268,180.3,1066,0,1,1,0,180.3
2005,6,21,3,4,268,1,50,0,1,0,0,1
2005,6,21,3,4,268,180.3,1029.1,0,1,1,0,180.3
2005,6,21,4,4,268,1,50,0,1,0,0,1
2005,6,21,4,4,268,180.3,1021.6,0,1,1,0,180.3
2005,6,21,5,4,268,1,50,0,1,0,0,1
2005,6,21,5,4,268,180.3,1016.1,0,1,1,0,180.3
2005,6,21,6,4,268,1,50,0,1,0,0,1
2005,6,21,6,4,268,180.3,1050.3,0,1,1,0,180.3
2005,6,21,7,4,268,1,50,0,1,0,0,1
2005,6,21,7,4,268,180.3,1223.2,0,1,1,0,180.3
2005,6,21,8,4,268,1,50,0,1,0,0,1
2005,6,21,8,4,268,180.3,1400.1,0,1,1,0,180.3
2005,6,21,9,4,268,1,50,0,1,0,0,1
2005,6,21,9,4,268,80,25,0,1,1,0,80
2005,6,21,9,4,268,85,25,0,1,1,0,85
2005,6,21,9,4,268,90,25,0,1,1,0,90
2005,6,21,9,4,268,180.3,1571.2,0,1,1,0,180.3
2005,6,21,10,4,268,1,50,0,1,0,0,1
2005,6,21,10,4,268,80,25,0,1,0,0,80
2005,6,21,10,4,268,85,25,0,1,0,0,85
2005,6,21,10,4,268,90,25,0,1,1,0,90
2005,6,21,10,4,268,180.3,1719.6,0,1,1,0,180.3
2005,6,21,11,4,268,1,50,0,1,0,0,1
2005,6,21,11,4,268,80,25,0,1,0,0,80
2005,6,21,11,4,268,85,25,0,1,0,0,85
2005,6,21,11,4,268,90,25,0,1,0,0,90
2005,6,21,11,4,268,180.3,1849.7,0,1,1,0,180.3
2005,6,21,12,4,268,1,50,0,1,0,0,1
2005,6,21,12,4,268,80,25,0,1,0,0,80
2005,6,21,12,4,268,85,25,0,1,0,0,85
2005,6,21,12,4,268,90,25,0,1,0,0,90
2005,6,21,12,4,268,180.3,1897.1,0,1,1,0,180.3
2005,6,21,13,4,268,1,50,0,1,0,0,1
2005,6,21,13,4,268,80,25,0,1,0,0,80
2005,6,21,13,4,268,85,25,0,1,0,0,85
2005,6,21,13,4,268,90,25,0,1,0,0,90
2005,6,21,13,4,268,180.3,1909.3,0,1,1,0,180.3
2005,6,21,14,4,268,1,50,0,1,0,0,1
2005,6,21,14,4,268,80,25,0,1,0,0,80
2005,6,21,14,4,268,85,25,0,1,0,0,85
2005,6,21,14,4,268,90,25,0,1,0,0,90
2005,6,21,14,4,268,180.3,1824.4,0,1,1,0,180.3
2005,6,21,15,4,268,1,50,0,1,0,0,1
2005,6,21,15,4,268,80,25,0,1,0,0,80
2005,6,21,15,4,268,85,25,0,1,0,0,85
2005,6,21,15,4,268,90,25,0,1,0,0,90
2005,6,21,15,4,268,180.3,1682.1,0,1,1,0,180.3
2005,6,21,16,4,268,1,50,0,1,0,0,1
2005,6,21,16,4,268,80,25,0,1,0,0,80
2005,6,21,16,4,268,85,25,0,1,0,0,85
2005,6,21,16,4,268,90,25,0,1,0,0,90
2005,6,21,16,4,268,180.3,1682.8,0,1,1,0,180.3
2005,6,21,17,4,268,1,50,0,1,0,0,1
2005,6,21,17,4,268,80,25,0,1,0,0,80
2005,6,21,17,4,268,85,25,0,1,0,0,85
2005,6,21,17,4,268,90,25,0,1,0,0,90
2005,6,21,17,4,268,180.3,1699.1,0,1,1,0,180.3
2005,6,21,18,4,268,1,50,0,1,0,0,1
2005,6,21,18,4,268,80,25,0,1,0,0,80
2005,6,21,18,4,268,85,25,0,1,0,0,85
2005,6,21,18,4,268,90,25,0,1,0,0,90
2005,6,21,18,4,268,180.3,1718.9,0,1,1,0,180.3
2005,6,21,19,4,268,1,50,0,1,0,0,1
2005,6,21,19,4,268,80,25,0,1,0,0,80
2005,6,21,19,4,268,85,25,0,1,0,0,85
2005,6,21,19,4,268,90,25,0,1,0,0,90
2005,6,21,19,4,268,180.3,1689.1,0,1,1,0,180.3
2005,6,21,20,4,268,1,50,0,1,0,0,1
2005,6,21,20,4,268,80,25,0,1,0,0,80
2005,6,21,20,4,268,85,25,0,1,0,0,85
2005,6,21,20,4,268,90,25,0,1,0,0,90
2005,6,21,20,4,268,180.3,1610.7,0,1,1,0,180.3
2005,6,21,21,4,268,1,50,0,1,0,0,1
2005,6,21,21,4,268,80,25,0,1,0,0,80
2005,6,21,21,4,268,85,25,0,1,0,0,85
2005,6,21,21,4,268,90,25,0,1,1,0,90
2005,6,21,21,4,268,180.3,1525.3,0,1,1,0,180.3
2005,6,21,22,4,268,1,50,0,1,0,0,1
2005,6,21,22,4,268,80,25,0,1,0,0,80
2005,6,21,22,4,268,85,25,0,1,1,0,85
2005,6,21,22,4,268,90,25,0,1,1,0,90
2005,6,21,22,4,268,180.3,1358.5,0,1,1,0,180.3
2005,6,21,23,4,268,1,50,0,1,0,0,1
2005,6,21,23,4,268,80,25,0,1,0,0,80
2005,6,21,23,4,268,85,25,0,1,1,0,85
2005,6,21,23,4,268,90,25,0,1,1,0,90
2005,6,21,23,4,268,180.3,1202.6,0,1,1,0,180.3
2005,6,21,24,4,268,1,50,0,1,0,0,1
2005,6,21,24,4,268,80,25,0,1,1,0,80
2005,6,21,24,4,268,85,25,0,1,1,0,85
2005,6,21,24,4,268,90,25,0,1,1,0,90
2005,6,21,24,4,268,180.3,1123.4,0,1,1,0,180.3
2005,6,21,1,4,269,180.3,69.4,0,1,1,0,180.3
2005,6,21,2,4,269,180.3,64,0,1,1,0,180.3
2005,6,21,3,4,269,180.3,61.6,0,1,1,0,180.3
2005,6,21,4,4,269,180.3,61,0,1,1,0,180.3
2005,6,21,5,4,269,180.3,60.2,0,1,1,0,180.3
2005,6,21,6,4,269,180.3,60.8,0,1,1,0,180.3
2005,6,21,7,4,269,180.3,62.8,0,1,1,0,180.3
2005,6,21,8,4,269,180.3,70.2,0,1,1,0,180.3
2005,6,21,9,4,269,180.3,80.2,0,1,1,0,180.3
2005,6,21,10,4,269,180.3,100,0,1,1,0,180.3
2005,6,21,11,4,269,180.3,100,0,1,1,0,180.3
2005,6,21,12,4,269,180.3,100,0,1,1,0,180.3
2005,6,21,13,4,269,180.3,100,0,1,1,0,180.3
2005,6,21,14,4,269,180.3,100,0,1,1,0,180.3
2005,6,21,15,4,269,180.3,100,0,1,1,0,180.3
2005,6,21,16,4,269,180.3,100,0,1,1,0,180.3
2005,6,21,17,4,269,180.3,100,0,1,1,0,180.3
2005,6,21,18,4,269,180.3,100,0,1,1,0,180.3
2005,6,21,19,4,269,180.3,100,0,1,1,0,180.3
2005,6,21,20,4,269,180.3,92.8,0,1,1,0,180.3
2005,6,21,21,4,269,180.3,86.6,0,1,1,0,180.3
2005,6,21,22,4,269,180.3,79.4,0,1,1,0,180.3
2005,6,21,23,4,269,180.3,78.6,0,1,1,0,180.3
2005,6,21,24,4,269,180.3,74.6,0,1,1,0,180.3
2005,6,21,1,5,270,107.5,50,0,2,0,0,107.5
2005,6,21,1,5,270,115,20,0,2,0,0,115
2005,6,21,1,5,270,120,80,0,2,0,0,120
2005,6,21,1,5,270,125,50,0,2,0,0,125
2005,6,21,1,5,270,130,20,0,2,0,0,130
2005,6,21,1,5,270,135,15,0,2,0,0,135
2005,6,21,1,5,270,140,85,0,2,0,0,140
2005,6,21,1,5,270,150,131,0,2,0,0,150
2005,6,21,1,5,270,160,53,0,2,0,0,160
2005,6,21,1,5,270,180,68,0,2,0,0,180
2005,6,21,2,5,270,107.5,50,0,2,0,0,107.5
2005,6,21,2,5,270,115,20,0,2,0,0,115
2005,6,21,2,5,270,120,80,0,2,0,0,120
2005,6,21,2,5,270,125,50,0,2,0,0,125
2005,6,21,2,5,270,130,20,0,2,0,0,130
2005,6,21,2,5,270,135,15,0,2,0,0,135
2005,6,21,2,5,270,140,85,0,2,0,0,140
2005,6,21,2,5,270,150,131,0,2,0,0,150
2005,6,21,2,5,270,160,53,0,2,0,0,160
2005,6,21,2,5,270,180,68,0,2,0,0,180
2005,6,21,3,5,270,107.5,50,0,2,0,0,107.5
2005,6,21,3,5,270,115,20,0,2,0,0,115
2005,6,21,3,5,270,120,80,0,2,0,0,120
2005,6,21,3,5,270,125,50,0,2,0,0,125
2005,6,21,3,5,270,130,20,0,2,0,0,130
2005,6,21,3,5,270,135,15,0,2,0,0,135
2005,6,21,3,5,270,140,85,0,2,0,0,140
2005,6,21,3,5,270,150,131,0,2,0,0,150
2005,6,21,3,5,270,160,53,0,2,0,0,160
2005,6,21,3,5,270,180,68,0,2,0,0,180
2005,6,21,4,5,270,107.5,50,0,2,0,0,107.5
2005,6,21,4,5,270,115,20,0,2,0,0,115
2005,6,21,4,5,270,120,80,0,2,0,0,120
2005,6,21,4,5,270,125,50,0,2,0,0,125
2005,6,21,4,5,270,130,20,0,2,0,0,130
2005,6,21,4,5,270,135,15,0,2,0,0,135
2005,6,21,4,5,270,140,85,0,2,0,0,140
2005,6,21,4,5,270,150,131,0,2,0,0,150
2005,6,21,4,5,270,160,53,0,2,0,0,160
2005,6,21,4,5,270,180,68,0,2,0,0,180
2005,6,21,5,5,270,107.5,50,0,2,0,0,107.5
2005,6,21,5,5,270,115,20,0,2,0,0,115
2005,6,21,5,5,270,120,80,0,2,0,0,120
2005,6,21,5,5,270,125,50,0,2,0,0,125
2005,6,21,5,5,270,130,20,0,2,0,0,130
2005,6,21,5,5,270,135,15,0,2,0,0,135
2005,6,21,5,5,270,140,85,0,2,0,0,140
2005,6,21,5,5,270,150,131,0,2,0,0,150
2005,6,21,5,5,270,160,53,0,2,0,0,160
2005,6,21,5,5,270,180,68,0,2,0,0,180
2005,6,21,6,5,270,107.5,50,0,2,0,0,107.5
2005,6,21,6,5,270,115,20,0,2,0,0,115
2005,6,21,6,5,270,120,80,0,2,0,0,120
2005,6,21,6,5,270,125,50,0,2,0,0,125
2005,6,21,6,5,270,130,20,0,2,0,0,130
2005,6,21,6,5,270,135,15,0,2,0,0,135
2005,6,21,6,5,270,140,85,0,2,0,0,140
2005,6,21,6,5,270,150,131,0,2,0,0,150
2005,6,21,6,5,270,160,53,0,2,0,0,160
2005,6,21,6,5,270,180,68,0,2,0,0,180
2005,6,21,7,5,270,107.5,50,0,2,0,0,107.5
2005,6,21,7,5,270,115,20,0,2,0,0,115
2005,6,21,7,5,270,120,80,0,2,0,0,120
2005,6,21,7,5,270,125,50,0,2,0,0,125
2005,6,21,7,5,270,130,20,0,2,0,0,130
2005,6,21,7,5,270,135,15,0,2,0,0,135
2005,6,21,7,5,270,140,85,0,2,0,0,140
2005,6,21,7,5,270,150,131,0,2,0,0,150
2005,6,21,7,5,270,160,53,0,2,0,0,160
2005,6,21,7,5,270,180,68,0,2,0,0,180
2005,6,21,8,5,270,0,20,0,2,1,0,0
2005,6,21,8,5,270,107.5,50,0,2,0,0,107.5
2005,6,21,8,5,270,115,20,0,2,0,0,115
2005,6,21,8,5,270,120,60,0,2,0,0,120
2005,6,21,8,5,270,125,50,0,2,0,0,125
2005,6,21,8,5,270,130,20,0,2,0,0,130
2005,6,21,8,5,270,135,15,0,2,0,0,135
2005,6,21,8,5,270,140,85,0,2,0,0,140
2005,6,21,8,5,270,150,131,0,2,0,0,150
2005,6,21,8,5,270,160,53,0,2,0,0,160
2005,6,21,8,5,270,180,68,0,2,0,0,180
2005,6,21,9,5,270,0,20,0,2,1,0,0
2005,6,21,9,5,270,107.5,50,0,2,0,0,107.5
2005,6,21,9,5,270,115,20,0,2,0,0,115
2005,6,21,9,5,270,120,60,0,2,0,0,120
2005,6,21,9,5,270,125,50,0,2,0,0,125
2005,6,21,9,5,270,130,20,0,2,0,0,130
2005,6,21,9,5,270,135,15,0,2,0,0,135
2005,6,21,9,5,270,140,85,0,2,0,0,140
2005,6,21,9,5,270,150,131,0,2,0,0,150
2005,6,21,9,5,270,160,73,0,2,0,0,160
2005,6,21,9,5,270,180,68,0,2,0,0,180
2005,6,21,10,5,270,0,77,0,2,1,0,0
2005,6,21,10,5,270,107.5,50,0,2,0,0,107.5
2005,6,21,10,5,270,115,20,0,2,0,0,115
2005,6,21,10,5,270,120,60,0,2,0,0,120
2005,6,21,10,5,270,125,50,0,2,0,0,125
2005,6,21,10,5,270,130,20,0,2,0,0,130
2005,6,21,10,5,270,135,15,0,2,0,0,135
2005,6,21,10,5,270,140,85,0,2,0,0,140
2005,6,21,10,5,270,150,131,0,2,0,0,150
2005,6,21,10,5,270,160,55,0,2,0,0,160
2005,6,21,10,5,270,180,43,0,2,0,0,180
2005,6,21,11,5,270,0,77,0,2,1,0,0
2005,6,21,11,5,270,107.5,50,0,2,0,0,107.5
2005,6,21,11,5,270,115,20,0,2,0,0,115
2005,6,21,11,5,270,120,60,0,2,0,0,120
2005,6,21,11,5,270,125,50,0,2,0,0,125
2005,6,21,11,5,270,130,20,0,2,0,0,130
2005,6,21,11,5,270,135,15,0,2,0,0,135
2005,6,21,11,5,270,140,85,0,2,0,0,140
2005,6,21,11,5,270,150,131,0,2,0,0,150
2005,6,21,11,5,270,160,55,0,2,0,0,160
2005,6,21,11,5,270,180,43,0,2,0,0,180
2005,6,21,12,5,270,0,124,0,2,1,0,0
2005,6,21,12,5,270,107.5,50,0,2,0,0,107.5
2005,6,21,12,5,270,115,20,0,2,0,0,115
2005,6,21,12,5,270,120,60,0,2,0,0,120
2005,6,21,12,5,270,125,50,0,2,0,0,125
2005,6,21,12,5,270,130,20,0,2,0,0,130
2005,6,21,12,5,270,135,15,0,2,0,0,135
2005,6,21,12,5,270,140,85,0,2,0,0,140
2005,6,21,12,5,270,150,131,0,2,0,0,150
2005,6,21,12,5,270,160,23,0,2,0,0,160
2005,6,21,12,5,270,180,28,0,2,0,0,180
2005,6,21,13,5,270,0,124,0,2,1,0,0
2005,6,21,13,5,270,107.5,2.9,0,2,1,0,107.5
2005,6,21,13,5,270,115,20,0,2,0,0,115
2005,6,21,13,5,270,120,60,0,2,0,0,120
2005,6,21,13,5,270,125,50,0,2,0,0,125
2005,6,21,13,5,270,130,20,0,2,0,0,130
2005,6,21,13,5,270,135,15,0,2,0,0,135
2005,6,21,13,5,270,140,85,0,2,0,0,140
2005,6,21,13,5,270,150,131,0,2,0,0,150
2005,6,21,13,5,270,160,23,0,2,0,0,160
2005,6,21,13,5,270,180,28,0,2,0,0,180
2005,6,21,14,5,270,0,124,0,2,1,0,0
2005,6,21,14,5,270,107.5,50,0,2,0,0,107.5
2005,6,21,14,5,270,115,20,0,2,0,0,115
2005,6,21,14,5,270,120,60,0,2,0,0,120
2005,6,21,14,5,270,125,50,0,2,0,0,125
2005,6,21,14,5,270,130,20,0,2,0,0,130
2005,6,21,14,5,270,135,15,0,2,0,0,135
2005,6,21,14,5,270,140,85,0,2,0,0,140
2005,6,21,14,5,270,150,131,0,2,0,0,150
2005,6,21,14,5,270,160,23,0,2,0,0,160
2005,6,21,14,5,270,180,28,0,2,0,0,180
2005,6,21,15,5,270,0,77,0,2,1,0,0
2005,6,21,15,5,270,107.5,50,0,2,0,0,107.5
2005,6,21,15,5,270,115,20,0,2,0,0,115
2005,6,21,15,5,270,120,60,0,2,0,0,120
2005,6,21,15,5,270,125,50,0,2,0,0,125
2005,6,21,15,5,270,130,20,0,2,0,0,130
2005,6,21,15,5,270,135,15,0,2,0,0,135
2005,6,21,15,5,270,140,85,0,2,0,0,140
2005,6,21,15,5,270,150,131,0,2,0,0,150
2005,6,21,15,5,270,160,55,0,2,0,0,160
2005,6,21,15,5,270,180,43,0,2,0,0,180
2005,6,21,16,5,270,0,77,0,2,1,0,0
2005,6,21,16,5,270,107.5,50,0,2,0,0,107.5
2005,6,21,16,5,270,115,20,0,2,0,0,115
2005,6,21,16,5,270,120,60,0,2,0,0,120
2005,6,21,16,5,270,125,50,0,2,0,0,125
2005,6,21,16,5,270,130,20,0,2,0,0,130
2005,6,21,16,5,270,135,15,0,2,0,0,135
2005,6,21,16,5,270,140,85,0,2,0,0,140
2005,6,21,16,5,270,150,131,0,2,0,0,150
2005,6,21,16,5,270,160,55,0,2,0,0,160
2005,6,21,16,5,270,180,43,0,2,0,0,180
2005,6,21,17,5,270,0,124,0,2,1,0,0
2005,6,21,17,5,270,107.5,50,0,2,0,0,107.5
2005,6,21,17,5,270,115,20,0,2,0,0,115
2005,6,21,17,5,270,120,60,0,2,0,0,120
2005,6,21,17,5,270,125,50,0,2,0,0,125
2005,6,21,17,5,270,130,20,0,2,0,0,130
2005,6,21,17,5,270,135,15,0,2,0,0,135
2005,6,21,17,5,270,140,85,0,2,0,0,140
2005,6,21,17,5,270,150,131,0,2,0,0,150
2005,6,21,17,5,270,160,23,0,2,0,0,160
2005,6,21,17,5,270,180,28,0,2,0,0,180
2005,6,21,18,5,270,0,124,0,2,1,0,0
2005,6,21,18,5,270,107.5,50,0,2,1,0,107.5
2005,6,21,18,5,270,115,20,0,2,1,0,115
2005,6,21,18,5,270,120,60,0,2,1,0,120
2005,6,21,18,5,270,125,50,0,2,0,0,125
2005,6,21,18,5,270,130,20,0,2,0,0,130
2005,6,21,18,5,270,135,15,0,2,0,0,135
2005,6,21,18,5,270,140,85,0,2,0,0,140
2005,6,21,18,5,270,150,131,0,2,0,0,150
2005,6,21,18,5,270,160,23,0,2,0,0,160
2005,6,21,18,5,270,180,28,0,2,0,0,180
2005,6,21,19,5,270,0,124,0,2,1,0,0
2005,6,21,19,5,270,107.5,50,0,2,0,0,107.5
2005,6,21,19,5,270,115,20,0,2,0,0,115
2005,6,21,19,5,270,120,60,0,2,0,0,120
2005,6,21,19,5,270,125,50,0,2,0,0,125
2005,6,21,19,5,270,130,20,0,2,0,0,130
2005,6,21,19,5,270,135,15,0,2,0,0,135
2005,6,21,19,5,270,140,85,0,2,0,0,140
2005,6,21,19,5,270,150,131,0,2,0,0,150
2005,6,21,19,5,270,160,23,0,2,0,0,160
2005,6,21,19,5,270,180,28,0,2,0,0,180
2005,6,21,20,5,270,0,77,0,2,1,0,0
2005,6,21,20,5,270,107.5,50,0,2,0,0,107.5
2005,6,21,20,5,270,115,20,0,2,0,0,115
2005,6,21,20,5,270,120,60,0,2,0,0,120
2005,6,21,20,5,270,125,50,0,2,0,0,125
2005,6,21,20,5,270,130,20,0,2,0,0,130
2005,6,21,20,5,270,135,15,0,2,0,0,135
2005,6,21,20,5,270,140,85,0,2,0,0,140
2005,6,21,20,5,270,150,131,0,2,0,0,150
2005,6,21,20,5,270,160,55,0,2,0,0,160
2005,6,21,20,5,270,180,43,0,2,0,0,180
2005,6,21,21,5,270,0,57,0,2,1,0,0
2005,6,21,21,5,270,107.5,50,0,2,0,0,107.5
2005,6,21,21,5,270,115,20,0,2,0,0,115
2005,6,21,21,5,270,120,60,0,2,0,0,120
2005,6,21,21,5,270,125,50,0,2,0,0,125
2005,6,21,21,5,270,130,20,0,2,0,0,130
2005,6,21,21,5,270,135,15,0,2,0,0,135
2005,6,21,21,5,270,140,85,0,2,0,0,140
2005,6,21,21,5,270,150,131,0,2,0,0,150
2005,6,21,21,5,270,160,75,0,2,0,0,160
2005,6,21,21,5,270,180,43,0,2,0,0,180
2005,6,21,22,5,270,0,57,0,2,1,0,0
2005,6,21,22,5,270,107.5,50,0,2,0,0,107.5
2005,6,21,22,5,270,115,20,0,2,0,0,115
2005,6,21,22,5,270,120,60,0,2,0,0,120
2005,6,21,22,5,270,125,50,0,2,0,0,125
2005,6,21,22,5,270,130,20,0,2,0,0,130
2005,6,21,22,5,270,135,15,0,2,0,0,135
2005,6,21,22,5,270,140,85,0,2,0,0,140
2005,6,21,22,5,270,150,131,0,2,0,0,150
2005,6,21,22,5,270,160,75,0,2,0,0,160
2005,6,21,22,5,270,180,43,0,2,0,0,180
2005,6,21,23,5,270,0,57,0,2,1,0,0
2005,6,21,23,5,270,107.5,50,0,2,0,0,107.5
2005,6,21,23,5,270,115,20,0,2,0,0,115
2005,6,21,23,5,270,120,60,0,2,0,0,120
2005,6,21,23,5,270,125,50,0,2,0,0,125
2005,6,21,23,5,270,130,20,0,2,0,0,130
2005,6,21,23,5,270,135,15,0,2,0,0,135
2005,6,21,23,5,270,140,85,0,2,0,0,140
2005,6,21,23,5,270,150,131,0,2,0,0,150
2005,6,21,23,5,270,160,75,0,2,0,0,160
2005,6,21,23,5,270,180,43,0,2,0,0,180
2005,6,21,24,5,270,0,20,0,2,1,0,0
2005,6,21,24,5,270,107.5,50,0,2,0,0,107.5
2005,6,21,24,5,270,115,20,0,2,0,0,115
2005,6,21,24,5,270,120,60,0,2,0,0,120
2005,6,21,24,5,270,125,50,0,2,0,0,125
2005,6,21,24,5,270,130,20,0,2,0,0,130
2005,6,21,24,5,270,135,15,0,2,0,0,135
2005,6,21,24,5,270,140,85,0,2,0,0,140
2005,6,21,24,5,270,150,131,0,2,0,0,150
2005,6,21,24,5,270,160,73,0,2,0,0,160
2005,6,21,24,5,270,180,68,0,2,0,0,180
2005,6,21,1,5,271,0,18,0,2,1,0,0
2005,6,21,1,5,271,112.52,10,0,2,0,0,112.52
2005,6,21,1,5,271,122.52,3,0,2,0,0,122.52
2005,6,21,1,5,271,132.52,11,0,2,0,0,132.52
2005,6,21,2,5,271,0,10,0,2,1,0,0
2005,6,21,2,5,271,132.52,21,0,2,0,0,132.52
2005,6,21,3,5,271,0,10,0,2,1,0,0
2005,6,21,3,5,271,132.52,21,0,2,0,0,132.52
2005,6,21,4,5,271,0,10,0,2,1,0,0
2005,6,21,4,5,271,132.52,21,0,2,0,0,132.52
2005,6,21,5,5,271,0,10,0,2,1,0,0
2005,6,21,5,5,271,132.52,21,0,2,0,0,132.52
2005,6,21,6,5,271,0,10,0,2,1,0,0
2005,6,21,6,5,271,132.52,21,0,2,0,0,132.52
2005,6,21,7,5,271,0,10,0,2,1,0,0
2005,6,21,7,5,271,132.52,21,0,2,0,0,132.52
2005,6,21,8,5,271,0,18,0,2,1,0,0
2005,6,21,8,5,271,112.52,10,0,2,0,0,112.52
2005,6,21,8,5,271,122.52,3,0,2,0,0,122.52
2005,6,21,8,5,271,132.52,11,0,2,0,0,132.52
2005,6,21,9,5,271,0,36,0,2,1,0,0
2005,6,21,9,5,271,112.52,9,0,2,0,0,112.52
2005,6,21,9,5,271,122.52,6,0,2,0,0,122.52
2005,6,21,9,5,271,132.52,2,0,2,0,0,132.52
2005,6,21,10,5,271,0,49,0,2,1,0,0
2005,6,21,10,5,271,112.52,9,0,2,0,0,112.52
2005,6,21,10,5,271,122.52,9,0,2,0,0,122.52
2005,6,21,10,5,271,132.52,2,0,2,0,0,132.52
2005,6,21,11,5,271,0,75,0,2,1,0,0
2005,6,21,11,5,271,112.52,6,0,2,0,0,112.52
2005,6,21,11,5,271,122.52,9,0,2,0,0,122.52
2005,6,21,12,5,271,0,110,0,2,1,0,0
2005,6,21,12,5,271,112.52,3,0,2,0,0,112.52
2005,6,21,12,5,271,122.52,12,0,2,0,0,122.52
2005,6,21,13,5,271,0,110,0,2,1,0,0
2005,6,21,13,5,271,112.52,3,0,2,0,0,112.52
2005,6,21,13,5,271,122.52,12,0,2,0,0,122.52
2005,6,21,14,5,271,0,109,0,2,1,0,0
2005,6,21,14,5,271,112.52,3,0,2,0,0,112.52
2005,6,21,14,5,271,122.52,12,0,2,0,0,122.52
2005,6,21,15,5,271,0,82,0,2,1,0,0
2005,6,21,15,5,271,112.52,5,0,2,0,0,112.52
2005,6,21,15,5,271,122.52,9,0,2,0,0,122.52
2005,6,21,16,5,271,0,82,0,2,1,0,0
2005,6,21,16,5,271,112.52,5,0,2,0,0,112.52
2005,6,21,16,5,271,122.52,9,0,2,0,0,122.52
2005,6,21,17,5,271,0,109,0,2,1,0,0
2005,6,21,17,5,271,112.52,3,0,2,0,0,112.52
2005,6,21,17,5,271,122.52,12,0,2,0,0,122.52
2005,6,21,18,5,271,0,109,0,2,1,0,0
2005,6,21,18,5,271,112.52,3,0,2,1,0,112.52
2005,6,21,18,5,271,122.52,12,0,2,0,0,122.52
2005,6,21,19,5,271,0,109,0,2,1,0,0
2005,6,21,19,5,271,112.52,3,0,2,0,0,112.52
2005,6,21,19,5,271,122.52,12,0,2,0,0,122.52
2005,6,21,20,5,271,0,58,0,2,1,0,0
2005,6,21,20,5,271,112.52,6,0,2,0,0,112.52
2005,6,21,20,5,271,122.52,9,0,2,0,0,122.52
2005,6,21,21,5,271,0,35,0,2,1,0,0
2005,6,21,21,5,271,112.52,9,0,2,0,0,112.52
2005,6,21,21,5,271,122.52,6,0,2,0,0,122.52
2005,6,21,21,5,271,132.52,2,0,2,0,0,132.52
2005,6,21,22,5,271,0,35,0,2,1,0,0
2005,6,21,22,5,271,112.52,9,0,2,0,0,112.52
2005,6,21,22,5,271,122.52,6,0,2,0,0,122.52
2005,6,21,22,5,271,132.52,2,0,2,0,0,132.52
2005,6,21,23,5,271,0,35,0,2,1,0,0
2005,6,21,23,5,271,112.52,9,0,2,0,0,112.52
2005,6,21,23,5,271,122.52,6,0,2,0,0,122.52
2005,6,21,23,5,271,132.52,2,0,2,0,0,132.52
2005,6,21,24,5,271,0,18,0,2,1,0,0
2005,6,21,24,5,271,112.52,10,0,2,0,0,112.52
2005,6,21,24,5,271,122.52,3,0,2,0,0,122.52
2005,6,21,24,5,271,132.52,11,0,2,0,0,132.52
2005,6,21,1,6,272,14.69,2.3,0,1,0,0,14.69
2005,6,21,1,6,272,180.3,20.9,0,1,1,0,180.3
2005,6,21,2,6,272,14.69,2.4,0,1,0,0,14.69
2005,6,21,2,6,272,180.3,21.2,0,1,1,0,180.3
2005,6,21,3,6,272,14.69,2.3,0,1,0,0,14.69
2005,6,21,3,6,272,180.3,20.7,0,1,1,0,180.3
2005,6,21,4,6,272,14.69,2.3,0,1,0,0,14.69
2005,6,21,4,6,272,180.3,20.8,0,1,1,0,180.3
2005,6,21,5,6,272,14.69,2.3,0,1,0,0,14.69
2005,6,21,5,6,272,180.3,20.4,0,1,1,0,180.3
2005,6,21,6,6,272,14.69,2.2,0,1,0,0,14.69
2005,6,21,6,6,272,180.3,19.6,0,1,1,0,180.3
2005,6,21,7,6,272,14.69,2.2,0,1,0,0,14.69
2005,6,21,7,6,272,180.3,19.4,0,1,1,0,180.3
2005,6,21,8,6,272,14.69,2.2,0,1,0,0,14.69
2005,6,21,8,6,272,180.3,19.6,0,1,1,0,180.3
2005,6,21,9,6,272,14.69,2,0,1,0,0,14.69
2005,6,21,9,6,272,180.3,18.4,0,1,1,0,180.3
2005,6,21,10,6,272,14.69,2,0,1,0,0,14.69
2005,6,21,10,6,272,180.3,18.4,0,1,1,0,180.3
2005,6,21,11,6,272,14.69,2.1,0,1,0,0,14.69
2005,6,21,11,6,272,180.3,18.5,0,1,1,0,180.3
2005,6,21,12,6,272,14.69,2.1,0,1,0,0,14.69
2005,6,21,12,6,272,180.3,18.7,0,1,1,0,180.3
2005,6,21,13,6,272,14.69,2.2,0,1,0,0,14.69
2005,6,21,13,6,272,180.3,19.7,0,1,1,0,180.3
2005,6,21,14,6,272,14.69,2.2,0,1,0,0,14.69
2005,6,21,14,6,272,180.3,19.6,0,1,1,0,180.3
2005,6,21,15,6,272,14.69,2.2,0,1,0,0,14.69
2005,6,21,15,6,272,180.3,19.8,0,1,1,0,180.3
2005,6,21,16,6,272,14.69,2.3,0,1,0,0,14.69
2005,6,21,16,6,272,180.3,20.4,0,1,1,0,180.3
2005,6,21,17,6,272,14.69,2.3,0,1,0,0,14.69
2005,6,21,17,6,272,180.3,20.4,0,1,1,0,180.3
2005,6,21,18,6,272,14.69,2.3,0,1,0,0,14.69
2005,6,21,18,6,272,180.3,20.3,0,1,1,0,180.3
2005,6,21,19,6,272,14.69,2.2,0,1,0,0,14.69
2005,6,21,19,6,272,180.3,20.1,0,1,1,0,180.3
2005,6,21,20,6,272,14.69,2.2,0,1,0,0,14.69
2005,6,21,20,6,272,180.3,20,0,1,1,0,180.3
2005,6,21,21,6,272,14.69,2.3,0,1,0,0,14.69
2005,6,21,21,6,272,180.3,20.3,0,1,1,0,180.3
2005,6,21,22,6,272,14.69,2.2,0,1,0,0,14.69
2005,6,21,22,6,272,180.3,19.6,0,1,1,0,180.3
2005,6,21,23,6,272,14.69,2.2,0,1,0,0,14.69
2005,6,21,23,6,272,180.3,19.7,0,1,1,0,180.3
2005,6,21,24,6,272,14.69,2.3,0,1,0,0,14.69
2005,6,21,24,6,272,180.3,20.3,0,1,1,0,180.3
2005,6,21,1,6,273,14.69,1,0,1,0,0,14.69
2005,6,21,1,6,273,180.3,8.6,0,1,1,0,180.3
2005,6,21,2,6,273,14.69,.8,0,1,0,0,14.69
2005,6,21,2,6,273,180.3,6.8,0,1,1,0,180.3
2005,6,21,3,6,273,14.69,.7,0,1,0,0,14.69
2005,6,21,3,6,273,180.3,5.9,0,1,1,0,180.3
2005,6,21,4,6,273,14.69,.5,0,1,0,0,14.69
2005,6,21,4,6,273,180.3,4.3,0,1,1,0,180.3
2005,6,21,5,6,273,14.69,.6,0,1,0,0,14.69
2005,6,21,5,6,273,180.3,5.5,0,1,1,0,180.3
2005,6,21,6,6,273,14.69,1.2,0,1,0,0,14.69
2005,6,21,6,6,273,180.3,10.8,0,1,1,0,180.3
2005,6,21,7,6,273,14.69,2.3,0,1,0,0,14.69
2005,6,21,7,6,273,180.3,20.5,0,1,1,0,180.3
2005,6,21,8,6,273,14.69,3,0,1,0,0,14.69
2005,6,21,8,6,273,180.3,27.2,0,1,1,0,180.3
2005,6,21,9,6,273,14.69,3,0,1,0,0,14.69
2005,6,21,9,6,273,180.3,26.8,0,1,1,0,180.3
2005,6,21,10,6,273,14.69,3,0,1,0,0,14.69
2005,6,21,10,6,273,180.3,26.6,0,1,1,0,180.3
2005,6,21,11,6,273,14.69,2.9,0,1,0,0,14.69
2005,6,21,11,6,273,180.3,25.7,0,1,1,0,180.3
2005,6,21,12,6,273,14.69,2.7,0,1,0,0,14.69
2005,6,21,12,6,273,180.3,24.5,0,1,1,0,180.3
2005,6,21,13,6,273,14.69,2.4,0,1,0,0,14.69
2005,6,21,13,6,273,180.3,21.8,0,1,1,0,180.3
2005,6,21,14,6,273,14.69,2.6,0,1,0,0,14.69
2005,6,21,14,6,273,180.3,23.8,0,1,1,0,180.3
2005,6,21,15,6,273,14.69,2.9,0,1,0,0,14.69
2005,6,21,15,6,273,180.3,26.3,0,1,1,0,180.3
2005,6,21,16,6,273,14.69,2.8,0,1,0,0,14.69
2005,6,21,16,6,273,180.3,25.1,0,1,1,0,180.3
2005,6,21,17,6,273,14.69,2.8,0,1,0,0,14.69
2005,6,21,17,6,273,180.3,24.8,0,1,1,0,180.3
2005,6,21,18,6,273,14.69,2.6,0,1,0,0,14.69
2005,6,21,18,6,273,180.3,23.6,0,1,1,0,180.3
2005,6,21,19,6,273,14.69,3.2,0,1,0,0,14.69
2005,6,21,19,6,273,180.3,28.4,0,1,1,0,180.3
2005,6,21,20,6,273,14.69,3.1,0,1,0,0,14.69
2005,6,21,20,6,273,180.3,27.6,0,1,1,0,180.3
2005,6,21,21,6,273,14.69,3,0,1,0,0,14.69
2005,6,21,21,6,273,180.3,26.8,0,1,1,0,180.3
2005,6,21,22,6,273,14.69,2.9,0,1,0,0,14.69
2005,6,21,22,6,273,180.3,26.5,0,1,1,0,180.3
2005,6,21,23,6,273,14.69,3.1,0,1,0,0,14.69
2005,6,21,23,6,273,180.3,27.6,0,1,1,0,180.3
2005,6,21,24,6,273,14.69,2.6,0,1,0,0,14.69
2005,6,21,24,6,273,180.3,23.5,0,1,1,0,180.3
2005,6,21,1,9,274,14.69,36.2,0,1,0,0,14.69
2005,6,21,1,9,274,180.3,325.8,0,1,1,0,180.3
2005,6,21,2,9,274,14.69,34,0,1,0,0,14.69
2005,6,21,2,9,274,180.3,305.7,0,1,1,0,180.3
2005,6,21,3,9,274,14.69,32.2,0,1,0,0,14.69
2005,6,21,3,9,274,180.3,290.1,0,1,1,0,180.3
2005,6,21,4,9,274,14.69,31,0,1,0,0,14.69
2005,6,21,4,9,274,180.3,279.3,0,1,1,0,180.3
2005,6,21,5,9,274,14.69,30.3,0,1,0,0,14.69
2005,6,21,5,9,274,180.3,272.8,0,1,1,0,180.3
2005,6,21,6,9,274,14.69,29.5,0,1,0,0,14.69
2005,6,21,6,9,274,180.3,265.4,0,1,1,0,180.3
2005,6,21,7,9,274,14.69,28.5,0,1,0,0,14.69
2005,6,21,7,9,274,180.3,256.9,0,1,1,0,180.3
2005,6,21,8,9,274,14.69,27.6,0,1,0,0,14.69
2005,6,21,8,9,274,180.3,248.3,0,1,1,0,180.3
2005,6,21,9,9,274,14.69,20.2,0,1,0,0,14.69
2005,6,21,9,9,274,180.3,181.9,0,1,1,0,180.3
2005,6,21,10,9,274,14.69,15.3,0,1,0,0,14.69
2005,6,21,10,9,274,180.3,137.3,0,1,1,0,180.3
2005,6,21,11,9,274,14.69,14.4,0,1,0,0,14.69
2005,6,21,11,9,274,180.3,129.3,0,1,1,0,180.3
2005,6,21,12,9,274,14.69,14.6,0,1,0,0,14.69
2005,6,21,12,9,274,180.3,131.8,0,1,1,0,180.3
2005,6,21,13,9,274,14.69,13.5,0,1,0,0,14.69
2005,6,21,13,9,274,180.3,121.9,0,1,1,0,180.3
2005,6,21,14,9,274,14.69,17.8,0,1,0,0,14.69
2005,6,21,14,9,274,180.3,160,0,1,1,0,180.3
2005,6,21,15,9,274,14.69,29.3,0,1,0,0,14.69
2005,6,21,15,9,274,180.3,263.7,0,1,1,0,180.3
2005,6,21,16,9,274,14.69,31.5,0,1,0,0,14.69
2005,6,21,16,9,274,180.3,283.3,0,1,1,0,180.3
2005,6,21,17,9,274,14.69,30.1,0,1,0,0,14.69
2005,6,21,17,9,274,180.3,270.7,0,1,1,0,180.3
2005,6,21,18,9,274,14.69,29.3,0,1,0,0,14.69
2005,6,21,18,9,274,180.3,263.3,0,1,1,0,180.3
2005,6,21,19,9,274,14.69,28.3,0,1,0,0,14.69
2005,6,21,19,9,274,180.3,255.1,0,1,1,0,180.3
2005,6,21,20,9,274,14.69,28.6,0,1,0,0,14.69
2005,6,21,20,9,274,180.3,257.8,0,1,1,0,180.3
2005,6,21,21,9,274,14.69,28.6,0,1,0,0,14.69
2005,6,21,21,9,274,180.3,257.1,0,1,1,0,180.3
2005,6,21,22,9,274,14.69,31.5,0,1,0,0,14.69
2005,6,21,22,9,274,180.3,283.4,0,1,1,0,180.3
2005,6,21,23,9,274,14.69,37.4,0,1,0,0,14.69
2005,6,21,23,9,274,180.3,336.2,0,1,1,0,180.3
2005,6,21,24,9,274,14.69,33.6,0,1,0,0,14.69
2005,6,21,24,9,274,180.3,302,0,1,1,0,180.3
2005,6,21,1,9,275,14.69,17,0,1,0,0,14.69
2005,6,21,1,9,275,180.3,153.2,0,1,1,0,180.3
2005,6,21,2,9,275,14.69,16.7,0,1,0,0,14.69
2005,6,21,2,9,275,180.3,150.1,0,1,1,0,180.3
2005,6,21,3,9,275,14.69,16.4,0,1,0,0,14.69
2005,6,21,3,9,275,180.3,147.5,0,1,1,0,180.3
2005,6,21,4,9,275,14.69,16.2,0,1,0,0,14.69
2005,6,21,4,9,275,180.3,146.1,0,1,1,0,180.3
2005,6,21,5,9,275,14.69,16.2,0,1,0,0,14.69
2005,6,21,5,9,275,180.3,145.4,0,1,1,0,180.3
2005,6,21,6,9,275,14.69,16.3,0,1,0,0,14.69
2005,6,21,6,9,275,180.3,146.7,0,1,1,0,180.3
2005,6,21,7,9,275,14.69,18.2,0,1,0,0,14.69
2005,6,21,7,9,275,180.3,163.7,0,1,1,0,180.3
2005,6,21,8,9,275,14.69,20.1,0,1,0,0,14.69
2005,6,21,8,9,275,180.3,180.6,0,1,1,0,180.3
2005,6,21,9,9,275,14.69,21.9,0,1,0,0,14.69
2005,6,21,9,9,275,180.3,197.4,0,1,1,0,180.3
2005,6,21,10,9,275,14.69,24.4,0,1,0,0,14.69
2005,6,21,10,9,275,180.3,219.6,0,1,1,0,180.3
2005,6,21,11,9,275,14.69,27.5,0,1,0,0,14.69
2005,6,21,11,9,275,180.3,247.9,0,1,1,0,180.3
2005,6,21,12,9,275,14.69,28.4,0,1,0,0,14.69
2005,6,21,12,9,275,180.3,256,0,1,1,0,180.3
2005,6,21,13,9,275,14.69,28.6,0,1,0,0,14.69
2005,6,21,13,9,275,180.3,257.2,0,1,1,0,180.3
2005,6,21,14,9,275,14.69,26.6,0,1,0,0,14.69
2005,6,21,14,9,275,180.3,239.2,0,1,1,0,180.3
2005,6,21,15,9,275,14.69,23.1,0,1,0,0,14.69
2005,6,21,15,9,275,180.3,207.7,0,1,1,0,180.3
2005,6,21,16,9,275,14.69,23,0,1,0,0,14.69
2005,6,21,16,9,275,180.3,207.3,0,1,1,0,180.3
2005,6,21,17,9,275,14.69,23.3,0,1,0,0,14.69
2005,6,21,17,9,275,180.3,209.4,0,1,1,0,180.3
2005,6,21,18,9,275,14.69,23.6,0,1,0,0,14.69
2005,6,21,18,9,275,180.3,212.4,0,1,1,0,180.3
2005,6,21,19,9,275,14.69,23.4,0,1,0,0,14.69
2005,6,21,19,9,275,180.3,210.4,0,1,1,0,180.3
2005,6,21,20,9,275,14.69,23,0,1,0,0,14.69
2005,6,21,20,9,275,180.3,206.8,0,1,1,0,180.3
2005,6,21,21,9,275,14.69,22,0,1,0,0,14.69
2005,6,21,21,9,275,180.3,198.2,0,1,1,0,180.3
2005,6,21,22,9,275,14.69,20.4,0,1,0,0,14.69
2005,6,21,22,9,275,180.3,183.5,0,1,1,0,180.3
2005,6,21,23,9,275,14.69,18.2,0,1,0,0,14.69
2005,6,21,23,9,275,180.3,163.5,0,1,1,0,180.3
2005,6,21,24,9,275,14.69,17.4,0,1,0,0,14.69
2005,6,21,24,9,275,180.3,157,0,1,1,0,180.3
2005,6,21,1,6,276,20.5,.7,0,1,0,0,20.5
2005,6,21,1,6,276,61.5,.2,0,1,1,0,61.5
2005,6,21,1,6,276,82,.1,0,1,1,0,82
2005,6,21,2,6,276,12.4,.6,0,1,0,0,12.4
2005,6,21,2,6,276,37.3,.2,0,1,0,0,37.3
2005,6,21,2,6,276,49.7,.2,0,1,1,0,49.7
2005,6,21,3,6,276,12.4,.8,0,1,0,0,12.4
2005,6,21,3,6,276,37.3,.2,0,1,0,0,37.3
2005,6,21,4,6,276,12.4,.8,0,1,0,0,12.4
2005,6,21,4,6,276,37.3,.2,0,1,0,0,37.3
2005,6,21,5,6,276,12.4,.8,0,1,0,0,12.4
2005,6,21,5,6,276,37.3,.2,0,1,0,0,37.3
2005,6,21,6,6,276,12.4,.8,0,1,0,0,12.4
2005,6,21,6,6,276,37.3,.2,0,1,0,0,37.3
2005,6,21,7,6,276,12.4,.8,0,1,0,0,12.4
2005,6,21,7,6,276,37.3,.2,0,1,0,0,37.3
2005,6,21,8,6,276,12.4,.8,0,1,0,0,12.4
2005,6,21,8,6,276,37.3,.2,0,1,0,0,37.3
2005,6,21,9,6,276,22.2,.7,0,1,0,0,22.2
2005,6,21,9,6,276,62.7,.2,0,1,0,0,62.7
2005,6,21,9,6,276,82.9,.1,0,1,1,0,82.9
2005,6,21,10,6,276,22.2,.7,0,1,0,0,22.2
2005,6,21,10,6,276,62.6,.2,0,1,0,0,62.6
2005,6,21,10,6,276,82.9,.1,0,1,0,0,82.9
2005,6,21,11,6,276,27.4,.7,0,1,0,0,27.4
2005,6,21,11,6,276,78.1,.2,0,1,0,0,78.1
2005,6,21,11,6,276,103.5,.1,0,1,1,0,103.5
2005,6,21,12,6,276,27.3,.6,0,1,0,0,27.3
2005,6,21,12,6,276,78.1,.2,0,1,0,0,78.1
2005,6,21,12,6,276,103.5,.2,0,1,1,0,103.5
2005,6,21,13,6,276,27.3,.6,0,1,0,0,27.3
2005,6,21,13,6,276,78.1,.2,0,1,0,0,78.1
2005,6,21,13,6,276,103.5,.2,0,1,0,0,103.5
2005,6,21,14,6,276,22.2,.6,0,1,0,0,22.2
2005,6,21,14,6,276,62.6,.2,0,1,0,0,62.6
2005,6,21,14,6,276,82.8,.2,0,1,0,0,82.8
2005,6,21,15,6,276,22.2,.6,0,1,0,0,22.2
2005,6,21,15,6,276,62.6,.2,0,1,0,0,62.6
2005,6,21,15,6,276,82.8,.2,0,1,0,0,82.8
2005,6,21,16,6,276,22.2,.7,0,1,0,0,22.2
2005,6,21,16,6,276,62.6,.2,0,1,0,0,62.6
2005,6,21,16,6,276,82.9,.1,0,1,0,0,82.9
2005,6,21,17,6,276,22.2,.7,0,1,0,0,22.2
2005,6,21,17,6,276,62.6,.2,0,1,0,0,62.6
2005,6,21,17,6,276,82.9,.1,0,1,0,0,82.9
2005,6,21,18,6,276,22.2,.6,0,1,0,0,22.2
2005,6,21,18,6,276,62.6,.2,0,1,0,0,62.6
2005,6,21,18,6,276,82.9,.2,0,1,0,0,82.9
2005,6,21,19,6,276,22.2,.6,0,1,0,0,22.2
2005,6,21,19,6,276,62.6,.2,0,1,0,0,62.6
2005,6,21,19,6,276,82.9,.2,0,1,0,0,82.9
2005,6,21,20,6,276,22.2,.6,0,1,0,0,22.2
2005,6,21,20,6,276,62.6,.2,0,1,0,0,62.6
2005,6,21,20,6,276,82.9,.2,0,1,0,0,82.9
2005,6,21,21,6,276,22.2,.6,0,1,0,0,22.2
2005,6,21,21,6,276,62.6,.2,0,1,0,0,62.6
2005,6,21,21,6,276,82.9,.2,0,1,0,0,82.9
2005,6,21,22,6,276,22.2,.6,0,1,0,0,22.2
2005,6,21,22,6,276,62.6,.2,0,1,0,0,62.6
2005,6,21,22,6,276,82.8,.2,0,1,1,0,82.8
2005,6,21,23,6,276,22.1,.6,0,1,0,0,22.1
2005,6,21,23,6,276,62.5,.2,0,1,0,0,62.5
2005,6,21,23,6,276,82.7,.2,0,1,0,0,82.7
2005,6,21,24,6,276,22.2,.6,0,1,0,0,22.2
2005,6,21,24,6,276,62.6,.2,0,1,0,0,62.6
2005,6,21,24,6,276,82.8,.2,0,1,1,0,82.8
2005,6,21,2,6,277,0,25,0,2,1,0,0
2005,6,21,3,6,277,0,25,0,2,1,0,0
2005,6,21,4,6,277,0,25,0,2,1,0,0
2005,6,21,5,6,277,0,35,0,2,1,0,0
2005,6,21,6,6,277,0,35,0,2,1,0,0
2005,6,21,7,6,277,0,35,0,2,1,0,0
2005,6,21,1,6,278,0,76.4,0,2,1,0,0
2005,6,21,1,6,278,98.75,22.5,0,2,0,0,98.75
2005,6,21,2,6,278,0,86.4,0,2,1,0,0
2005,6,21,2,6,278,98.75,22.5,0,2,0,0,98.75
2005,6,21,3,6,278,0,66.4,0,2,1,0,0
2005,6,21,3,6,278,98.75,22.5,0,2,0,0,98.75
2005,6,21,4,6,278,0,66.4,0,2,1,0,0
2005,6,21,4,6,278,98.75,22.5,0,2,0,0,98.75
2005,6,21,5,6,278,0,66.4,0,2,1,0,0
2005,6,21,5,6,278,98.75,22.5,0,2,0,0,98.75
2005,6,21,6,6,278,0,66.4,0,2,1,0,0
2005,6,21,6,6,278,98.75,22.5,0,2,0,0,98.75
2005,6,21,7,6,278,0,66.4,0,2,1,0,0
2005,6,21,7,6,278,98.75,22.5,0,2,0,0,98.75
2005,6,21,8,6,278,0,66.4,0,2,1,0,0
2005,6,21,8,6,278,98.75,22.5,0,2,0,0,98.75
2005,6,21,9,6,278,0,66.4,0,2,1,0,0
2005,6,21,9,6,278,98.75,22.5,0,2,0,0,98.75
2005,6,21,10,6,278,0,66.4,0,2,1,0,0
2005,6,21,10,6,278,98.75,22.5,0,2,0,0,98.75
2005,6,21,11,6,278,0,66.4,0,2,1,0,0
2005,6,21,11,6,278,98.75,27.6,0,2,1,0,98.75
2005,6,21,12,6,278,0,66.4,0,2,1,0,0
2005,6,21,12,6,278,98.75,27.6,0,2,1,0,98.75
2005,6,21,13,6,278,0,66.4,0,2,1,0,0
2005,6,21,13,6,278,98.75,27.6,0,2,1,0,98.75
2005,6,21,14,6,278,0,86.4,0,2,1,0,0
2005,6,21,14,6,278,98.75,22.6,0,2,1,0,98.75
2005,6,21,15,6,278,0,76.4,0,2,1,0,0
2005,6,21,15,6,278,98.75,22.6,0,2,1,0,98.75
2005,6,21,16,6,278,0,66.4,0,2,1,0,0
2005,6,21,16,6,278,98.75,27.6,0,2,1,0,98.75
2005,6,21,17,6,278,0,66.4,0,2,1,0,0
2005,6,21,17,6,278,98.75,27.6,0,2,1,0,98.75
2005,6,21,18,6,278,0,66.4,0,2,1,0,0
2005,6,21,18,6,278,98.75,27.6,0,2,1,0,98.75
2005,6,21,19,6,278,0,66.4,0,2,1,0,0
2005,6,21,19,6,278,98.75,27.6,0,2,1,0,98.75
2005,6,21,20,6,278,0,66.4,0,2,1,0,0
2005,6,21,20,6,278,98.75,27.6,0,2,1,0,98.75
2005,6,21,21,6,278,0,66.4,0,2,1,0,0
2005,6,21,21,6,278,98.75,22.6,0,2,0,0,98.75
2005,6,21,22,6,278,0,66.4,0,2,1,0,0
2005,6,21,22,6,278,98.75,22.6,0,2,0,0,98.75
2005,6,21,23,6,278,0,66.4,0,2,1,0,0
2005,6,21,23,6,278,98.75,22.6,0,2,0,0,98.75
2005,6,21,24,6,278,0,66.4,0,2,1,0,0
2005,6,21,24,6,278,98.75,22.6,0,2,0,0,98.75
2005,6,21,1,8,279,0,106.1,0,2,1,0,0
2005,6,21,1,8,279,180.3,681.8,0,2,0,0,180.3
2005,6,21,2,8,279,0,105.7,0,2,1,0,0
2005,6,21,2,8,279,180.3,682.2,0,2,0,0,180.3
2005,6,21,3,8,279,0,104.2,0,2,1,0,0
2005,6,21,3,8,279,180.3,683.7,0,2,0,0,180.3
2005,6,21,4,8,279,0,113.2,0,2,1,0,0
2005,6,21,4,8,279,180.3,674.7,0,2,0,0,180.3
2005,6,21,5,8,279,0,121,0,2,1,0,0
2005,6,21,5,8,279,180.3,666.9,0,2,0,0,180.3
2005,6,21,6,8,279,0,132.7,0,2,1,0,0
2005,6,21,6,8,279,180.3,655.2,0,2,0,0,180.3
2005,6,21,7,8,279,0,139.3,0,2,1,0,0
2005,6,21,7,8,279,180.3,648.6,0,2,0,0,180.3
2005,6,21,8,8,279,0,141,0,2,1,0,0
2005,6,21,8,8,279,180.3,642.6,0,2,0,0,180.3
2005,6,21,9,8,279,0,137.3,0,2,1,0,0
2005,6,21,9,8,279,180.3,639.9,0,2,0,0,180.3
2005,6,21,10,8,279,0,131.1,0,2,1,0,0
2005,6,21,10,8,279,180.3,640.9,0,2,0,0,180.3
2005,6,21,11,8,279,0,120.7,0,2,1,0,0
2005,6,21,11,8,279,180.3,651.3,0,2,0,0,180.3
2005,6,21,12,8,279,0,106.8,0,2,1,0,0
2005,6,21,12,8,279,180.3,665.2,0,2,0,0,180.3
2005,6,21,13,8,279,0,100,0,2,1,0,0
2005,6,21,13,8,279,180.3,672,0,2,0,0,180.3
2005,6,21,14,8,279,0,94.9,0,2,1,0,0
2005,6,21,14,8,279,180.3,678.1,0,2,0,0,180.3
2005,6,21,15,8,279,0,93,0,2,1,0,0
2005,6,21,15,8,279,180.3,680,0,2,0,0,180.3
2005,6,21,16,8,279,0,97.6,0,2,1,0,0
2005,6,21,16,8,279,180.3,675.4,0,2,0,0,180.3
2005,6,21,17,8,279,0,102,0,2,1,0,0
2005,6,21,17,8,279,180.3,678.4,0,2,0,0,180.3
2005,6,21,18,8,279,0,106.2,0,2,1,0,0
2005,6,21,18,8,279,180.3,674.2,0,2,0,0,180.3
2005,6,21,19,8,279,0,110.1,0,2,1,0,0
2005,6,21,19,8,279,180.3,675.6,0,2,0,0,180.3
2005,6,21,20,8,279,0,117.3,0,2,1,0,0
2005,6,21,20,8,279,180.3,670.6,0,2,0,0,180.3
2005,6,21,21,8,279,0,122.3,0,2,1,0,0
2005,6,21,21,8,279,180.3,665.6,0,2,0,0,180.3
2005,6,21,22,8,279,0,125.5,0,2,1,0,0
2005,6,21,22,8,279,180.3,662.4,0,2,0,0,180.3
2005,6,21,23,8,279,0,136.3,0,2,1,0,0
2005,6,21,23,8,279,180.3,651.6,0,2,0,0,180.3
2005,6,21,24,8,279,0,141.5,0,2,1,0,0
2005,6,21,24,8,279,180.3,646.4,0,2,0,0,180.3
2005,6,21,1,9,280,0,4.5,0,2,1,0,0
2005,6,21,2,9,280,0,4.5,0,2,1,0,0
2005,6,21,3,9,280,0,4.5,0,2,1,0,0
2005,6,21,4,9,280,0,4.5,0,2,1,0,0
2005,6,21,5,9,280,0,4.5,0,2,1,0,0
2005,6,21,6,9,280,0,4.5,0,2,1,0,0
2005,6,21,7,9,280,0,4.1,0,2,1,0,0
2005,6,21,8,9,280,0,4,0,2,1,0,0
2005,6,21,9,9,280,0,4,0,2,1,0,0
2005,6,21,10,9,280,0,4,0,2,1,0,0
2005,6,21,11,9,280,0,4,0,2,1,0,0
2005,6,21,12,9,280,0,4,0,2,1,0,0
2005,6,21,13,9,280,0,4,0,2,1,0,0
2005,6,21,14,9,280,0,4,0,2,1,0,0
2005,6,21,15,9,280,0,4,0,2,1,0,0
2005,6,21,16,9,280,0,4.2,0,2,1,0,0
2005,6,21,17,9,280,0,4.5,0,2,1,0,0
2005,6,21,18,9,280,0,4.5,0,2,1,0,0
2005,6,21,19,9,280,0,4.5,0,2,1,0,0
2005,6,21,20,9,280,0,4.5,0,2,1,0,0
2005,6,21,21,9,280,0,4.5,0,2,1,0,0
2005,6,21,22,9,280,0,4.5,0,2,1,0,0
2005,6,21,23,9,280,0,4.5,0,2,1,0,0
2005,6,21,24,9,280,0,4.5,0,2,1,0,0
2005,6,21,1,9,281,0,.1,0,2,1,0,0
2005,6,21,2,9,281,0,.1,0,2,1,0,0
2005,6,21,3,9,281,0,.2,0,2,1,0,0
2005,6,21,4,9,281,0,.4,0,2,1,0,0
2005,6,21,5,9,281,0,.8,0,2,1,0,0
2005,6,21,6,9,281,0,1.4,0,2,1,0,0
2005,6,21,7,9,281,0,1.7,0,2,1,0,0
2005,6,21,8,9,281,0,1.9,0,2,1,0,0
2005,6,21,9,9,281,0,1.9,0,2,1,0,0
2005,6,21,10,9,281,0,1.7,0,2,1,0,0
2005,6,21,11,9,281,0,1.4,0,2,1,0,0
2005,6,21,12,9,281,0,.8,0,2,1,0,0
2005,6,21,13,9,281,0,.3,0,2,1,0,0
2005,6,21,14,9,281,0,.1,0,2,1,0,0
2005,6,21,15,9,281,0,.1,0,2,1,0,0
2005,6,21,16,9,281,0,.1,0,2,1,0,0
2005,6,21,17,9,281,0,.1,0,2,1,0,0
2005,6,21,18,9,281,0,.1,0,2,1,0,0
2005,6,21,19,9,281,0,.1,0,2,1,0,0
2005,6,21,20,9,281,0,.2,0,2,1,0,0
2005,6,21,21,9,281,0,.4,0,2,1,0,0
2005,6,21,22,9,281,0,.7,0,2,1,0,0
2005,6,21,23,9,281,0,1,0,2,1,0,0
2005,6,21,24,9,281,0,1.4,0,2,1,0,0
2005,6,21,1,9,282,0,3,0,2,1,0,0
2005,6,21,2,9,282,0,3,0,2,1,0,0
2005,6,21,3,9,282,0,3,0,2,1,0,0
2005,6,21,4,9,282,0,3,0,2,1,0,0
2005,6,21,5,9,282,0,3,0,2,1,0,0
2005,6,21,6,9,282,0,3,0,2,1,0,0
2005,6,21,7,9,282,0,3,0,2,1,0,0
2005,6,21,8,9,282,0,3,0,2,1,0,0
2005,6,21,9,9,282,0,3,0,2,1,0,0
2005,6,21,10,9,282,0,3,0,2,1,0,0
2005,6,21,11,9,282,0,3,0,2,1,0,0
2005,6,21,12,9,282,0,3,0,2,1,0,0
2005,6,21,13,9,282,0,2.6,0,2,1,0,0
2005,6,21,14,9,282,0,2.5,0,2,1,0,0
2005,6,21,15,9,282,0,2.5,0,2,1,0,0
2005,6,21,16,9,282,0,2.5,0,2,1,0,0
2005,6,21,17,9,282,0,2.5,0,2,1,0,0
2005,6,21,18,9,282,0,2.5,0,2,1,0,0
2005,6,21,19,9,282,0,2.5,0,2,1,0,0
2005,6,21,20,9,282,0,3,0,2,1,0,0
2005,6,21,21,9,282,0,3,0,2,1,0,0
2005,6,21,22,9,282,0,3,0,2,1,0,0
2005,6,21,23,9,282,0,2.7,0,2,1,0,0
2005,6,21,24,9,282,0,3,0,2,1,0,0
