year,month,day,hour,firm_code,id,price,mwh,erate,direction,accepted,rejected,mg_cost
2005,6,30,1,3,1001,0,180,1.12757,2,1,0,0
2005,6,30,1,3,1001,31.25,30,1.12757,2,1,0,49.308287
2005,6,30,1,3,1001,32.48,30,1.12757,2,1,0,49.308287
2005,6,30,1,3,1001,36.48,50,1.12757,2,1,0,49.308287
2005,6,30,1,3,1001,39.48,40,1.12757,2,1,0,49.308287
2005,6,30,1,3,1001,180.3,20,1.12757,2,0,0,180.3
2005,6,30,2,3,1001,0,180,1.12757,2,1,0,0
2005,6,30,2,3,1001,31.25,30,1.12757,2,1,0,49.308287
2005,6,30,2,3,1001,32.48,30,1.12757,2,1,0,49.308287
2005,6,30,2,3,1001,36.48,50,1.12757,2,1,0,49.308287
2005,6,30,2,3,1001,39.48,40,1.12757,2,1,0,49.308287
2005,6,30,2,3,1001,180.3,20,1.12757,2,0,0,180.3
2005,6,30,3,3,1001,0,180,1.12757,2,1,0,0
2005,6,30,3,3,1001,31.25,30,1.12757,2,1,0,49.308287
2005,6,30,3,3,1001,32.48,30,1.12757,2,1,0,49.308287
2005,6,30,3,3,1001,36.48,50,1.12757,2,1,0,49.308287
2005,6,30,3,3,1001,39.48,40,1.12757,2,0,0,49.308287
2005,6,30,3,3,1001,180.3,20,1.12757,2,0,0,180.3
2005,6,30,4,3,1001,0,180,1.12757,2,1,0,0
2005,6,30,4,3,1001,31.25,30,1.12757,2,1,0,49.308287
2005,6,30,4,3,1001,32.48,30,1.12757,2,1,0,49.308287
2005,6,30,4,3,1001,36.48,50,1.12757,2,1,0,49.308287
2005,6,30,4,3,1001,39.48,40,1.12757,2,0,0,49.308287
2005,6,30,4,3,1001,180.3,20,1.12757,2,0,0,180.3
2005,6,30,5,3,1001,0,180,1.12757,2,1,0,0
2005,6,30,5,3,1001,31.25,30,1.12757,2,1,0,49.308287
2005,6,30,5,3,1001,32.48,30,1.12757,2,1,0,49.308287
2005,6,30,5,3,1001,36.48,50,1.12757,2,1,0,49.308287
2005,6,30,5,3,1001,39.48,40,1.12757,2,0,0,49.308287
2005,6,30,5,3,1001,180.3,20,1.12757,2,0,0,180.3
2005,6,30,6,3,1001,0,180,1.12757,2,1,0,0
2005,6,30,6,3,1001,31.25,30,1.12757,2,1,0,49.308287
2005,6,30,6,3,1001,32.48,30,1.12757,2,1,0,49.308287
2005,6,30,6,3,1001,36.48,50,1.12757,2,1,0,49.308287
2005,6,30,6,3,1001,39.48,40,1.12757,2,0,0,49.308287
2005,6,30,6,3,1001,180.3,20,1.12757,2,0,0,180.3
2005,6,30,7,3,1001,0,180,1.12757,2,1,0,0
2005,6,30,7,3,1001,31.25,30,1.12757,2,1,0,49.308287
2005,6,30,7,3,1001,32.48,30,1.12757,2,1,0,49.308287
2005,6,30,7,3,1001,36.48,50,1.12757,2,1,0,49.308287
2005,6,30,7,3,1001,39.48,40,1.12757,2,1,0,49.308287
2005,6,30,7,3,1001,180.3,20,1.12757,2,0,0,180.3
2005,6,30,8,3,1001,0,250,1.12757,2,1,0,0
2005,6,30,8,3,1001,31.25,20,1.12757,2,1,0,49.308287
2005,6,30,8,3,1001,32.48,20,1.12757,2,1,0,49.308287
2005,6,30,8,3,1001,36.48,20,1.12757,2,1,0,49.308287
2005,6,30,8,3,1001,39.48,20,1.12757,2,1,0,49.308287
2005,6,30,8,3,1001,180.3,20,1.12757,2,0,0,180.3
2005,6,30,9,3,1001,0,290,1.12757,2,1,0,0
2005,6,30,9,3,1001,31.25,10,1.12757,2,1,0,49.308287
2005,6,30,9,3,1001,32.48,10,1.12757,2,1,0,49.308287
2005,6,30,9,3,1001,36.48,10,1.12757,2,1,0,49.308287
2005,6,30,9,3,1001,39.48,10,1.12757,2,1,0,49.308287
2005,6,30,9,3,1001,180.3,20,1.12757,2,0,0,180.3
2005,6,30,10,3,1001,0,330,1.12757,2,1,0,0
2005,6,30,10,3,1001,180.3,20,1.12757,2,0,0,180.3
2005,6,30,11,3,1001,0,330,1.12757,2,1,0,0
2005,6,30,11,3,1001,180.3,20,1.12757,2,0,0,180.3
2005,6,30,12,3,1001,0,330,1.12757,2,1,0,0
2005,6,30,12,3,1001,180.3,20,1.12757,2,0,0,180.3
2005,6,30,13,3,1001,0,330,1.12757,2,1,0,0
2005,6,30,13,3,1001,180.3,20,1.12757,2,0,0,180.3
2005,6,30,14,3,1001,0,330,1.12757,2,1,0,0
2005,6,30,14,3,1001,180.3,20,1.12757,2,0,0,180.3
2005,6,30,15,3,1001,0,330,1.12757,2,1,0,0
2005,6,30,15,3,1001,180.3,20,1.12757,2,0,0,180.3
2005,6,30,16,3,1001,0,330,1.12757,2,1,0,0
2005,6,30,16,3,1001,180.3,20,1.12757,2,0,0,180.3
2005,6,30,17,3,1001,0,330,1.12757,2,1,0,0
2005,6,30,17,3,1001,180.3,20,1.12757,2,0,0,180.3
2005,6,30,18,3,1001,0,330,1.12757,2,1,0,0
2005,6,30,18,3,1001,180.3,20,1.12757,2,0,0,180.3
2005,6,30,19,3,1001,0,330,1.12757,2,1,0,0
2005,6,30,19,3,1001,180.3,20,1.12757,2,0,0,180.3
2005,6,30,20,3,1001,0,330,1.12757,2,1,0,0
2005,6,30,20,3,1001,180.3,20,1.12757,2,0,0,180.3
2005,6,30,21,3,1001,0,330,1.12757,2,1,0,0
2005,6,30,21,3,1001,180.3,20,1.12757,2,0,0,180.3
2005,6,30,22,3,1001,0,330,1.12757,2,1,0,0
2005,6,30,22,3,1001,180.3,20,1.12757,2,0,0,180.3
2005,6,30,23,3,1001,0,330,1.12757,2,1,0,0
2005,6,30,23,3,1001,180.3,20,1.12757,2,0,0,180.3
2005,6,30,24,3,1001,0,290,1.12757,2,1,0,0
2005,6,30,24,3,1001,31.25,20,1.12757,2,1,0,49.308287
2005,6,30,24,3,1001,32.48,10,1.12757,2,1,0,49.308287
2005,6,30,24,3,1001,36.48,10,1.12757,2,1,0,49.308287
2005,6,30,24,3,1001,180.3,20,1.12757,2,0,0,180.3
2005,6,30,1,3,1002,0,400,1.12757,2,1,0,0
2005,6,30,1,3,1002,28.55,30,1.12757,2,1,0,48.683623
2005,6,30,1,3,1002,29.55,30,1.12757,2,1,0,48.683623
2005,6,30,1,3,1002,30.55,30,1.12757,2,1,0,48.683623
2005,6,30,1,3,1002,31.55,35,1.12757,2,1,0,48.683623
2005,6,30,1,3,1002,180.3,10,1.12757,2,0,0,180.3
2005,6,30,2,3,1002,0,400,1.12757,2,1,0,0
2005,6,30,2,3,1002,28.55,30,1.12757,2,1,0,48.683623
2005,6,30,2,3,1002,29.55,30,1.12757,2,1,0,48.683623
2005,6,30,2,3,1002,30.55,30,1.12757,2,1,0,48.683623
2005,6,30,2,3,1002,31.55,35,1.12757,2,1,0,48.683623
2005,6,30,2,3,1002,180.3,10,1.12757,2,0,0,180.3
2005,6,30,3,3,1002,0,400,1.12757,2,1,0,0
2005,6,30,3,3,1002,28.55,30,1.12757,2,1,0,48.683623
2005,6,30,3,3,1002,29.55,30,1.12757,2,1,0,48.683623
2005,6,30,3,3,1002,30.55,30,1.12757,2,1,0,48.683623
2005,6,30,3,3,1002,31.55,35,1.12757,2,1,0,48.683623
2005,6,30,3,3,1002,180.3,10,1.12757,2,0,0,180.3
2005,6,30,4,3,1002,0,400,1.12757,2,1,0,0
2005,6,30,4,3,1002,28.55,30,1.12757,2,1,0,48.683623
2005,6,30,4,3,1002,29.55,30,1.12757,2,1,0,48.683623
2005,6,30,4,3,1002,30.55,30,1.12757,2,1,0,48.683623
2005,6,30,4,3,1002,31.55,35,1.12757,2,1,0,48.683623
2005,6,30,4,3,1002,180.3,10,1.12757,2,0,0,180.3
2005,6,30,5,3,1002,0,400,1.12757,2,1,0,0
2005,6,30,5,3,1002,28.55,30,1.12757,2,1,0,48.683623
2005,6,30,5,3,1002,29.55,30,1.12757,2,1,0,48.683623
2005,6,30,5,3,1002,30.55,30,1.12757,2,1,0,48.683623
2005,6,30,5,3,1002,31.55,35,1.12757,2,1,0,48.683623
2005,6,30,5,3,1002,180.3,10,1.12757,2,0,0,180.3
2005,6,30,6,3,1002,0,400,1.12757,2,1,0,0
2005,6,30,6,3,1002,28.55,30,1.12757,2,1,0,48.683623
2005,6,30,6,3,1002,29.55,30,1.12757,2,1,0,48.683623
2005,6,30,6,3,1002,30.55,30,1.12757,2,1,0,48.683623
2005,6,30,6,3,1002,31.55,35,1.12757,2,1,0,48.683623
2005,6,30,6,3,1002,180.3,10,1.12757,2,0,0,180.3
2005,6,30,7,3,1002,0,400,1.12757,2,1,0,0
2005,6,30,7,3,1002,28.55,30,1.12757,2,1,0,48.683623
2005,6,30,7,3,1002,29.55,30,1.12757,2,1,0,48.683623
2005,6,30,7,3,1002,30.55,30,1.12757,2,1,0,48.683623
2005,6,30,7,3,1002,31.55,35,1.12757,2,1,0,48.683623
2005,6,30,7,3,1002,180.3,10,1.12757,2,0,0,180.3
2005,6,30,8,3,1002,0,490,1.12757,2,1,0,0
2005,6,30,8,3,1002,28.55,10,1.12757,2,1,0,48.683623
2005,6,30,8,3,1002,29.55,10,1.12757,2,1,0,48.683623
2005,6,30,8,3,1002,30.55,10,1.12757,2,1,0,48.683623
2005,6,30,8,3,1002,31.55,5,1.12757,2,1,0,48.683623
2005,6,30,8,3,1002,180.3,10,1.12757,2,0,0,180.3
2005,6,30,9,3,1002,0,525,1.12757,2,1,0,0
2005,6,30,9,3,1002,180.3,10,1.12757,2,0,0,180.3
2005,6,30,10,3,1002,0,525,1.12757,2,1,0,0
2005,6,30,10,3,1002,180.3,10,1.12757,2,0,0,180.3
2005,6,30,11,3,1002,0,525,1.12757,2,1,0,0
2005,6,30,11,3,1002,180.3,10,1.12757,2,0,0,180.3
2005,6,30,12,3,1002,0,525,1.12757,2,1,0,0
2005,6,30,12,3,1002,180.3,10,1.12757,2,0,0,180.3
2005,6,30,13,3,1002,0,525,1.12757,2,1,0,0
2005,6,30,13,3,1002,180.3,10,1.12757,2,0,0,180.3
2005,6,30,14,3,1002,0,525,1.12757,2,1,0,0
2005,6,30,14,3,1002,180.3,10,1.12757,2,0,0,180.3
2005,6,30,15,3,1002,0,525,1.12757,2,1,0,0
2005,6,30,15,3,1002,180.3,10,1.12757,2,0,0,180.3
2005,6,30,16,3,1002,0,525,1.12757,2,1,0,0
2005,6,30,16,3,1002,180.3,10,1.12757,2,0,0,180.3
2005,6,30,17,3,1002,0,525,1.12757,2,1,0,0
2005,6,30,17,3,1002,180.3,10,1.12757,2,0,0,180.3
2005,6,30,18,3,1002,0,525,1.12757,2,1,0,0
2005,6,30,18,3,1002,180.3,10,1.12757,2,0,0,180.3
2005,6,30,19,3,1002,0,525,1.12757,2,1,0,0
2005,6,30,19,3,1002,180.3,10,1.12757,2,0,0,180.3
2005,6,30,20,3,1002,0,525,1.12757,2,1,0,0
2005,6,30,20,3,1002,180.3,10,1.12757,2,0,0,180.3
2005,6,30,21,3,1002,0,525,1.12757,2,1,0,0
2005,6,30,21,3,1002,180.3,10,1.12757,2,0,0,180.3
2005,6,30,22,3,1002,0,525,1.12757,2,1,0,0
2005,6,30,22,3,1002,180.3,10,1.12757,2,0,0,180.3
2005,6,30,23,3,1002,0,525,1.12757,2,1,0,0
2005,6,30,23,3,1002,180.3,10,1.12757,2,0,0,180.3
2005,6,30,24,3,1002,0,525,1.12757,2,1,0,0
2005,6,30,24,3,1002,180.3,10,1.12757,2,0,0,180.3
2005,6,30,1,1,1003,.01,30.5,.761947,2,1,0,.01
2005,6,30,1,1,1003,62.77,19.5,.761947,2,0,0,76.907101
2005,6,30,1,1,1003,64.1,25,.761947,2,0,0,76.907101
2005,6,30,1,1,1003,65.34,25,.761947,2,0,0,76.907101
2005,6,30,1,1,1003,66.57,25,.761947,2,0,0,76.907101
2005,6,30,1,1,1003,79.88,25.5,.761947,2,0,0,76.907101
2005,6,30,2,1,1003,.01,30.5,.761947,2,1,0,.01
2005,6,30,2,1,1003,62.77,19.5,.761947,2,0,0,76.907101
2005,6,30,2,1,1003,64.1,25,.761947,2,0,0,76.907101
2005,6,30,2,1,1003,65.34,25,.761947,2,0,0,76.907101
2005,6,30,2,1,1003,66.57,25,.761947,2,0,0,76.907101
2005,6,30,2,1,1003,79.88,25.5,.761947,2,0,0,76.907101
2005,6,30,3,1,1003,.01,30.5,.761947,2,1,0,.01
2005,6,30,3,1,1003,62.77,19.5,.761947,2,0,0,76.907101
2005,6,30,3,1,1003,64.1,25,.761947,2,0,0,76.907101
2005,6,30,3,1,1003,65.34,25,.761947,2,0,0,76.907101
2005,6,30,3,1,1003,66.57,25,.761947,2,0,0,76.907101
2005,6,30,3,1,1003,79.88,25.5,.761947,2,0,0,76.907101
2005,6,30,4,1,1003,.01,30.5,.761947,2,1,0,.01
2005,6,30,4,1,1003,62.77,19.5,.761947,2,0,0,76.907101
2005,6,30,4,1,1003,64.1,25,.761947,2,0,0,76.907101
2005,6,30,4,1,1003,65.34,25,.761947,2,0,0,76.907101
2005,6,30,4,1,1003,66.57,25,.761947,2,0,0,76.907101
2005,6,30,4,1,1003,79.88,25.5,.761947,2,0,0,76.907101
2005,6,30,5,1,1003,.01,30.5,.761947,2,1,0,.01
2005,6,30,5,1,1003,62.77,19.5,.761947,2,0,0,76.907101
2005,6,30,5,1,1003,64.1,25,.761947,2,0,0,76.907101
2005,6,30,5,1,1003,65.34,25,.761947,2,0,0,76.907101
2005,6,30,5,1,1003,66.57,25,.761947,2,0,0,76.907101
2005,6,30,5,1,1003,79.88,25.5,.761947,2,0,0,76.907101
2005,6,30,6,1,1003,.01,30.5,.761947,2,1,0,.01
2005,6,30,6,1,1003,62.77,19.5,.761947,2,0,0,76.907101
2005,6,30,6,1,1003,64.1,25,.761947,2,0,0,76.907101
2005,6,30,6,1,1003,65.34,25,.761947,2,0,0,76.907101
2005,6,30,6,1,1003,66.57,25,.761947,2,0,0,76.907101
2005,6,30,6,1,1003,79.88,25.5,.761947,2,0,0,76.907101
2005,6,30,7,1,1003,.01,30.5,.761947,2,1,0,.01
2005,6,30,7,1,1003,62.77,19.5,.761947,2,0,0,76.907101
2005,6,30,7,1,1003,64.1,25,.761947,2,0,0,76.907101
2005,6,30,7,1,1003,65.34,25,.761947,2,0,0,76.907101
2005,6,30,7,1,1003,66.57,25,.761947,2,0,0,76.907101
2005,6,30,7,1,1003,79.88,25.5,.761947,2,0,0,76.907101
2005,6,30,8,1,1003,.01,30.5,.761947,2,1,0,.01
2005,6,30,8,1,1003,62.77,19.5,.761947,2,0,0,76.907101
2005,6,30,8,1,1003,64.1,25,.761947,2,0,0,76.907101
2005,6,30,8,1,1003,65.34,25,.761947,2,0,0,76.907101
2005,6,30,8,1,1003,66.57,25,.761947,2,0,0,76.907101
2005,6,30,8,1,1003,79.88,25.5,.761947,2,0,0,76.907101
2005,6,30,9,1,1003,.01,30.5,.761947,2,1,0,.01
2005,6,30,9,1,1003,62.77,19.5,.761947,2,1,0,76.907101
2005,6,30,9,1,1003,64.1,25,.761947,2,1,0,76.907101
2005,6,30,9,1,1003,65.34,25,.761947,2,1,0,76.907101
2005,6,30,9,1,1003,66.57,25,.761947,2,1,0,76.907101
2005,6,30,9,1,1003,79.88,25.5,.761947,2,0,0,76.907101
2005,6,30,10,1,1003,0,30.5,.761947,2,1,0,0
2005,6,30,10,1,1003,62.77,19.5,.761947,2,1,0,76.907101
2005,6,30,10,1,1003,64.1,25,.761947,2,1,0,76.907101
2005,6,30,10,1,1003,65.34,25,.761947,2,1,0,76.907101
2005,6,30,10,1,1003,66.57,25,.761947,2,1,0,76.907101
2005,6,30,10,1,1003,79.88,25.5,.761947,2,1,0,76.907101
2005,6,30,11,1,1003,0,30.5,.761947,2,1,0,0
2005,6,30,11,1,1003,62.77,19.5,.761947,2,1,0,76.907101
2005,6,30,11,1,1003,64.1,25,.761947,2,1,0,76.907101
2005,6,30,11,1,1003,65.34,25,.761947,2,1,0,76.907101
2005,6,30,11,1,1003,66.57,25,.761947,2,1,0,76.907101
2005,6,30,11,1,1003,79.88,25.5,.761947,2,1,0,76.907101
2005,6,30,12,1,1003,0,30.5,.761947,2,1,0,0
2005,6,30,12,1,1003,62.77,19.5,.761947,2,1,0,76.907101
2005,6,30,12,1,1003,64.1,25,.761947,2,1,0,76.907101
2005,6,30,12,1,1003,65.34,25,.761947,2,1,0,76.907101
2005,6,30,12,1,1003,66.57,25,.761947,2,1,0,76.907101
2005,6,30,12,1,1003,79.88,25.5,.761947,2,1,0,76.907101
2005,6,30,13,1,1003,0,30.5,.761947,2,1,0,0
2005,6,30,13,1,1003,62.77,19.5,.761947,2,1,0,76.907101
2005,6,30,13,1,1003,64.1,25,.761947,2,1,0,76.907101
2005,6,30,13,1,1003,65.34,25,.761947,2,1,0,76.907101
2005,6,30,13,1,1003,66.57,25,.761947,2,1,0,76.907101
2005,6,30,13,1,1003,79.88,25.5,.761947,2,1,0,76.907101
2005,6,30,14,1,1003,0,30.5,.761947,2,1,0,0
2005,6,30,14,1,1003,62.77,19.5,.761947,2,1,0,76.907101
2005,6,30,14,1,1003,64.1,25,.761947,2,1,0,76.907101
2005,6,30,14,1,1003,65.34,25,.761947,2,1,0,76.907101
2005,6,30,14,1,1003,66.57,25,.761947,2,1,0,76.907101
2005,6,30,14,1,1003,79.88,25.5,.761947,2,1,0,76.907101
2005,6,30,15,1,1003,0,30.5,.761947,2,1,0,0
2005,6,30,15,1,1003,62.77,19.5,.761947,2,1,0,76.907101
2005,6,30,15,1,1003,64.1,25,.761947,2,1,0,76.907101
2005,6,30,15,1,1003,65.34,25,.761947,2,1,0,76.907101
2005,6,30,15,1,1003,66.57,25,.761947,2,1,0,76.907101
2005,6,30,15,1,1003,79.88,25.5,.761947,2,1,0,76.907101
2005,6,30,16,1,1003,0,30.5,.761947,2,1,0,0
2005,6,30,16,1,1003,62.77,19.5,.761947,2,1,0,76.907101
2005,6,30,16,1,1003,64.1,25,.761947,2,1,0,76.907101
2005,6,30,16,1,1003,65.34,25,.761947,2,1,0,76.907101
2005,6,30,16,1,1003,66.57,25,.761947,2,1,0,76.907101
2005,6,30,16,1,1003,79.88,25.5,.761947,2,1,0,76.907101
2005,6,30,17,1,1003,0,30.5,.761947,2,1,0,0
2005,6,30,17,1,1003,62.77,19.5,.761947,2,1,0,76.907101
2005,6,30,17,1,1003,64.1,25,.761947,2,1,0,76.907101
2005,6,30,17,1,1003,65.34,25,.761947,2,1,0,76.907101
2005,6,30,17,1,1003,66.57,25,.761947,2,1,0,76.907101
2005,6,30,17,1,1003,79.88,25.5,.761947,2,1,0,76.907101
2005,6,30,18,1,1003,0,30.5,.761947,2,1,0,0
2005,6,30,18,1,1003,62.77,19.5,.761947,2,1,0,76.907101
2005,6,30,18,1,1003,64.1,25,.761947,2,1,0,76.907101
2005,6,30,18,1,1003,65.34,25,.761947,2,1,0,76.907101
2005,6,30,18,1,1003,66.57,25,.761947,2,1,0,76.907101
2005,6,30,18,1,1003,79.88,25.5,.761947,2,1,0,76.907101
2005,6,30,19,1,1003,0,30.5,.761947,2,1,0,0
2005,6,30,19,1,1003,62.77,19.5,.761947,2,1,0,76.907101
2005,6,30,19,1,1003,64.1,25,.761947,2,1,0,76.907101
2005,6,30,19,1,1003,65.34,25,.761947,2,1,0,76.907101
2005,6,30,19,1,1003,66.57,25,.761947,2,1,0,76.907101
2005,6,30,19,1,1003,79.88,25.5,.761947,2,1,0,76.907101
2005,6,30,20,1,1003,0,30.5,.761947,2,1,0,0
2005,6,30,20,1,1003,62.77,19.5,.761947,2,1,0,76.907101
2005,6,30,20,1,1003,64.1,25,.761947,2,1,0,76.907101
2005,6,30,20,1,1003,65.34,25,.761947,2,1,0,76.907101
2005,6,30,20,1,1003,66.57,25,.761947,2,1,0,76.907101
2005,6,30,20,1,1003,79.88,25.5,.761947,2,1,0,76.907101
2005,6,30,21,1,1003,0,30.5,.761947,2,1,0,0
2005,6,30,21,1,1003,62.77,19.5,.761947,2,0,0,76.907101
2005,6,30,21,1,1003,64.1,25,.761947,2,0,0,76.907101
2005,6,30,21,1,1003,65.34,25,.761947,2,0,0,76.907101
2005,6,30,21,1,1003,66.57,25,.761947,2,0,0,76.907101
2005,6,30,21,1,1003,79.88,25.5,.761947,2,0,0,76.907101
2005,6,30,22,1,1003,.01,30.5,.761947,2,1,0,.01
2005,6,30,22,1,1003,62.77,19.5,.761947,2,0,0,76.907101
2005,6,30,22,1,1003,64.1,25,.761947,2,0,0,76.907101
2005,6,30,22,1,1003,65.34,25,.761947,2,0,0,76.907101
2005,6,30,22,1,1003,66.57,25,.761947,2,0,0,76.907101
2005,6,30,22,1,1003,79.88,25.5,.761947,2,0,0,76.907101
2005,6,30,23,1,1003,.01,30.5,.761947,2,1,0,.01
2005,6,30,23,1,1003,62.77,19.5,.761947,2,0,0,76.907101
2005,6,30,23,1,1003,64.1,25,.761947,2,0,0,76.907101
2005,6,30,23,1,1003,65.34,25,.761947,2,0,0,76.907101
2005,6,30,23,1,1003,66.57,25,.761947,2,0,0,76.907101
2005,6,30,23,1,1003,79.88,25.5,.761947,2,0,0,76.907101
2005,6,30,24,1,1003,.01,30.5,.761947,2,1,0,.01
2005,6,30,24,1,1003,62.77,19.5,.761947,2,0,0,76.907101
2005,6,30,24,1,1003,64.1,25,.761947,2,0,0,76.907101
2005,6,30,24,1,1003,65.34,25,.761947,2,0,0,76.907101
2005,6,30,24,1,1003,66.57,25,.761947,2,0,0,76.907101
2005,6,30,24,1,1003,79.88,25.5,.761947,2,0,0,76.907101
2005,6,30,1,4,1003,.01,30.5,.761947,2,1,0,.01
2005,6,30,1,4,1003,62.77,19.5,.761947,2,0,0,76.907101
2005,6,30,1,4,1003,64.1,25,.761947,2,0,0,76.907101
2005,6,30,1,4,1003,65.34,25,.761947,2,0,0,76.907101
2005,6,30,1,4,1003,66.57,25,.761947,2,0,0,76.907101
2005,6,30,1,4,1003,79.88,25.5,.761947,2,0,0,76.907101
2005,6,30,2,4,1003,.01,30.5,.761947,2,1,0,.01
2005,6,30,2,4,1003,62.77,19.5,.761947,2,0,0,76.907101
2005,6,30,2,4,1003,64.1,25,.761947,2,0,0,76.907101
2005,6,30,2,4,1003,65.34,25,.761947,2,0,0,76.907101
2005,6,30,2,4,1003,66.57,25,.761947,2,0,0,76.907101
2005,6,30,2,4,1003,79.88,25.5,.761947,2,0,0,76.907101
2005,6,30,3,4,1003,.01,30.5,.761947,2,1,0,.01
2005,6,30,3,4,1003,62.77,19.5,.761947,2,0,0,76.907101
2005,6,30,3,4,1003,64.1,25,.761947,2,0,0,76.907101
2005,6,30,3,4,1003,65.34,25,.761947,2,0,0,76.907101
2005,6,30,3,4,1003,66.57,25,.761947,2,0,0,76.907101
2005,6,30,3,4,1003,79.88,25.5,.761947,2,0,0,76.907101
2005,6,30,4,4,1003,.01,30.5,.761947,2,1,0,.01
2005,6,30,4,4,1003,62.77,19.5,.761947,2,0,0,76.907101
2005,6,30,4,4,1003,64.1,25,.761947,2,0,0,76.907101
2005,6,30,4,4,1003,65.34,25,.761947,2,0,0,76.907101
2005,6,30,4,4,1003,66.57,25,.761947,2,0,0,76.907101
2005,6,30,4,4,1003,79.88,25.5,.761947,2,0,0,76.907101
2005,6,30,5,4,1003,.01,30.5,.761947,2,1,0,.01
2005,6,30,5,4,1003,62.77,19.5,.761947,2,0,0,76.907101
2005,6,30,5,4,1003,64.1,25,.761947,2,0,0,76.907101
2005,6,30,5,4,1003,65.34,25,.761947,2,0,0,76.907101
2005,6,30,5,4,1003,66.57,25,.761947,2,0,0,76.907101
2005,6,30,5,4,1003,79.88,25.5,.761947,2,0,0,76.907101
2005,6,30,6,4,1003,.01,30.5,.761947,2,1,0,.01
2005,6,30,6,4,1003,62.77,19.5,.761947,2,0,0,76.907101
2005,6,30,6,4,1003,64.1,25,.761947,2,0,0,76.907101
2005,6,30,6,4,1003,65.34,25,.761947,2,0,0,76.907101
2005,6,30,6,4,1003,66.57,25,.761947,2,0,0,76.907101
2005,6,30,6,4,1003,79.88,25.5,.761947,2,0,0,76.907101
2005,6,30,7,4,1003,.01,30.5,.761947,2,1,0,.01
2005,6,30,7,4,1003,62.77,19.5,.761947,2,0,0,76.907101
2005,6,30,7,4,1003,64.1,25,.761947,2,0,0,76.907101
2005,6,30,7,4,1003,65.34,25,.761947,2,0,0,76.907101
2005,6,30,7,4,1003,66.57,25,.761947,2,0,0,76.907101
2005,6,30,7,4,1003,79.88,25.5,.761947,2,0,0,76.907101
2005,6,30,8,4,1003,.01,30.5,.761947,2,1,0,.01
2005,6,30,8,4,1003,62.77,19.5,.761947,2,0,0,76.907101
2005,6,30,8,4,1003,64.1,25,.761947,2,0,0,76.907101
2005,6,30,8,4,1003,65.34,25,.761947,2,0,0,76.907101
2005,6,30,8,4,1003,66.57,25,.761947,2,0,0,76.907101
2005,6,30,8,4,1003,79.88,25.5,.761947,2,0,0,76.907101
2005,6,30,9,4,1003,.01,30.5,.761947,2,1,0,.01
2005,6,30,9,4,1003,62.77,19.5,.761947,2,1,0,76.907101
2005,6,30,9,4,1003,64.1,25,.761947,2,1,0,76.907101
2005,6,30,9,4,1003,65.34,25,.761947,2,1,0,76.907101
2005,6,30,9,4,1003,66.57,25,.761947,2,1,0,76.907101
2005,6,30,9,4,1003,79.88,25.5,.761947,2,0,0,76.907101
2005,6,30,10,4,1003,0,30.5,.761947,2,1,0,0
2005,6,30,10,4,1003,62.77,19.5,.761947,2,1,0,76.907101
2005,6,30,10,4,1003,64.1,25,.761947,2,1,0,76.907101
2005,6,30,10,4,1003,65.34,25,.761947,2,1,0,76.907101
2005,6,30,10,4,1003,66.57,25,.761947,2,1,0,76.907101
2005,6,30,10,4,1003,79.88,25.5,.761947,2,1,0,76.907101
2005,6,30,11,4,1003,0,30.5,.761947,2,1,0,0
2005,6,30,11,4,1003,62.77,19.5,.761947,2,1,0,76.907101
2005,6,30,11,4,1003,64.1,25,.761947,2,1,0,76.907101
2005,6,30,11,4,1003,65.34,25,.761947,2,1,0,76.907101
2005,6,30,11,4,1003,66.57,25,.761947,2,1,0,76.907101
2005,6,30,11,4,1003,79.88,25.5,.761947,2,1,0,76.907101
2005,6,30,12,4,1003,0,30.5,.761947,2,1,0,0
2005,6,30,12,4,1003,62.77,19.5,.761947,2,1,0,76.907101
2005,6,30,12,4,1003,64.1,25,.761947,2,1,0,76.907101
2005,6,30,12,4,1003,65.34,25,.761947,2,1,0,76.907101
2005,6,30,12,4,1003,66.57,25,.761947,2,1,0,76.907101
2005,6,30,12,4,1003,79.88,25.5,.761947,2,1,0,76.907101
2005,6,30,13,4,1003,0,30.5,.761947,2,1,0,0
2005,6,30,13,4,1003,62.77,19.5,.761947,2,1,0,76.907101
2005,6,30,13,4,1003,64.1,25,.761947,2,1,0,76.907101
2005,6,30,13,4,1003,65.34,25,.761947,2,1,0,76.907101
2005,6,30,13,4,1003,66.57,25,.761947,2,1,0,76.907101
2005,6,30,13,4,1003,79.88,25.5,.761947,2,1,0,76.907101
2005,6,30,14,4,1003,0,30.5,.761947,2,1,0,0
2005,6,30,14,4,1003,62.77,19.5,.761947,2,1,0,76.907101
2005,6,30,14,4,1003,64.1,25,.761947,2,1,0,76.907101
2005,6,30,14,4,1003,65.34,25,.761947,2,1,0,76.907101
2005,6,30,14,4,1003,66.57,25,.761947,2,1,0,76.907101
2005,6,30,14,4,1003,79.88,25.5,.761947,2,1,0,76.907101
2005,6,30,15,4,1003,0,30.5,.761947,2,1,0,0
2005,6,30,15,4,1003,62.77,19.5,.761947,2,1,0,76.907101
2005,6,30,15,4,1003,64.1,25,.761947,2,1,0,76.907101
2005,6,30,15,4,1003,65.34,25,.761947,2,1,0,76.907101
2005,6,30,15,4,1003,66.57,25,.761947,2,1,0,76.907101
2005,6,30,15,4,1003,79.88,25.5,.761947,2,1,0,76.907101
2005,6,30,16,4,1003,0,30.5,.761947,2,1,0,0
2005,6,30,16,4,1003,62.77,19.5,.761947,2,1,0,76.907101
2005,6,30,16,4,1003,64.1,25,.761947,2,1,0,76.907101
2005,6,30,16,4,1003,65.34,25,.761947,2,1,0,76.907101
2005,6,30,16,4,1003,66.57,25,.761947,2,1,0,76.907101
2005,6,30,16,4,1003,79.88,25.5,.761947,2,1,0,76.907101
2005,6,30,17,4,1003,0,30.5,.761947,2,1,0,0
2005,6,30,17,4,1003,62.77,19.5,.761947,2,1,0,76.907101
2005,6,30,17,4,1003,64.1,25,.761947,2,1,0,76.907101
2005,6,30,17,4,1003,65.34,25,.761947,2,1,0,76.907101
2005,6,30,17,4,1003,66.57,25,.761947,2,1,0,76.907101
2005,6,30,17,4,1003,79.88,25.5,.761947,2,1,0,76.907101
2005,6,30,18,4,1003,0,30.5,.761947,2,1,0,0
2005,6,30,18,4,1003,62.77,19.5,.761947,2,1,0,76.907101
2005,6,30,18,4,1003,64.1,25,.761947,2,1,0,76.907101
2005,6,30,18,4,1003,65.34,25,.761947,2,1,0,76.907101
2005,6,30,18,4,1003,66.57,25,.761947,2,1,0,76.907101
2005,6,30,18,4,1003,79.88,25.5,.761947,2,1,0,76.907101
2005,6,30,19,4,1003,0,30.5,.761947,2,1,0,0
2005,6,30,19,4,1003,62.77,19.5,.761947,2,1,0,76.907101
2005,6,30,19,4,1003,64.1,25,.761947,2,1,0,76.907101
2005,6,30,19,4,1003,65.34,25,.761947,2,1,0,76.907101
2005,6,30,19,4,1003,66.57,25,.761947,2,1,0,76.907101
2005,6,30,19,4,1003,79.88,25.5,.761947,2,1,0,76.907101
2005,6,30,20,4,1003,0,30.5,.761947,2,1,0,0
2005,6,30,20,4,1003,62.77,19.5,.761947,2,1,0,76.907101
2005,6,30,20,4,1003,64.1,25,.761947,2,1,0,76.907101
2005,6,30,20,4,1003,65.34,25,.761947,2,1,0,76.907101
2005,6,30,20,4,1003,66.57,25,.761947,2,1,0,76.907101
2005,6,30,20,4,1003,79.88,25.5,.761947,2,1,0,76.907101
2005,6,30,21,4,1003,0,30.5,.761947,2,1,0,0
2005,6,30,21,4,1003,62.77,19.5,.761947,2,0,0,76.907101
2005,6,30,21,4,1003,64.1,25,.761947,2,0,0,76.907101
2005,6,30,21,4,1003,65.34,25,.761947,2,0,0,76.907101
2005,6,30,21,4,1003,66.57,25,.761947,2,0,0,76.907101
2005,6,30,21,4,1003,79.88,25.5,.761947,2,0,0,76.907101
2005,6,30,22,4,1003,.01,30.5,.761947,2,1,0,.01
2005,6,30,22,4,1003,62.77,19.5,.761947,2,0,0,76.907101
2005,6,30,22,4,1003,64.1,25,.761947,2,0,0,76.907101
2005,6,30,22,4,1003,65.34,25,.761947,2,0,0,76.907101
2005,6,30,22,4,1003,66.57,25,.761947,2,0,0,76.907101
2005,6,30,22,4,1003,79.88,25.5,.761947,2,0,0,76.907101
2005,6,30,23,4,1003,.01,30.5,.761947,2,1,0,.01
2005,6,30,23,4,1003,62.77,19.5,.761947,2,0,0,76.907101
2005,6,30,23,4,1003,64.1,25,.761947,2,0,0,76.907101
2005,6,30,23,4,1003,65.34,25,.761947,2,0,0,76.907101
2005,6,30,23,4,1003,66.57,25,.761947,2,0,0,76.907101
2005,6,30,23,4,1003,79.88,25.5,.761947,2,0,0,76.907101
2005,6,30,24,4,1003,.01,30.5,.761947,2,1,0,.01
2005,6,30,24,4,1003,62.77,19.5,.761947,2,0,0,76.907101
2005,6,30,24,4,1003,64.1,25,.761947,2,0,0,76.907101
2005,6,30,24,4,1003,65.34,25,.761947,2,0,0,76.907101
2005,6,30,24,4,1003,66.57,25,.761947,2,0,0,76.907101
2005,6,30,24,4,1003,79.88,25.5,.761947,2,0,0,76.907101
2005,6,30,1,1,1004,134.74,150.9,.761947,2,0,0,134.74
2005,6,30,2,1,1004,134.74,150.9,.761947,2,0,0,134.74
2005,6,30,3,1,1004,134.74,150.9,.761947,2,0,0,134.74
2005,6,30,4,1,1004,134.74,150.9,.761947,2,0,0,134.74
2005,6,30,5,1,1004,134.74,150.9,.761947,2,0,0,134.74
2005,6,30,6,1,1004,134.74,150.9,.761947,2,0,0,134.74
2005,6,30,7,1,1004,134.74,150.9,.761947,2,0,0,134.74
2005,6,30,8,1,1004,134.74,150.9,.761947,2,0,0,134.74
2005,6,30,9,1,1004,134.74,150.9,.761947,2,0,0,134.74
2005,6,30,10,1,1004,134.74,150.9,.761947,2,0,0,134.74
2005,6,30,11,1,1004,134.74,150.9,.761947,2,0,0,134.74
2005,6,30,12,1,1004,134.74,150.9,.761947,2,0,0,134.74
2005,6,30,13,1,1004,134.74,150.9,.761947,2,0,0,134.74
2005,6,30,14,1,1004,134.74,150.9,.761947,2,0,0,134.74
2005,6,30,15,1,1004,134.74,150.9,.761947,2,0,0,134.74
2005,6,30,16,1,1004,134.74,150.9,.761947,2,0,0,134.74
2005,6,30,17,1,1004,134.74,150.9,.761947,2,0,0,134.74
2005,6,30,18,1,1004,134.74,150.9,.761947,2,0,0,134.74
2005,6,30,19,1,1004,134.74,150.9,.761947,2,0,0,134.74
2005,6,30,20,1,1004,134.74,150.9,.761947,2,0,0,134.74
2005,6,30,21,1,1004,134.74,150.9,.761947,2,0,0,134.74
2005,6,30,22,1,1004,134.74,150.9,.761947,2,0,0,134.74
2005,6,30,23,1,1004,134.74,150.9,.761947,2,0,0,134.74
2005,6,30,24,1,1004,134.74,150.9,.761947,2,0,0,134.74
2005,6,30,1,4,1004,134.74,150.9,.761947,2,0,0,134.74
2005,6,30,2,4,1004,134.74,150.9,.761947,2,0,0,134.74
2005,6,30,3,4,1004,134.74,150.9,.761947,2,0,0,134.74
2005,6,30,4,4,1004,134.74,150.9,.761947,2,0,0,134.74
2005,6,30,5,4,1004,134.74,150.9,.761947,2,0,0,134.74
2005,6,30,6,4,1004,134.74,150.9,.761947,2,0,0,134.74
2005,6,30,7,4,1004,134.74,150.9,.761947,2,0,0,134.74
2005,6,30,8,4,1004,134.74,150.9,.761947,2,0,0,134.74
2005,6,30,9,4,1004,134.74,150.9,.761947,2,0,0,134.74
2005,6,30,10,4,1004,134.74,150.9,.761947,2,0,0,134.74
2005,6,30,11,4,1004,134.74,150.9,.761947,2,0,0,134.74
2005,6,30,12,4,1004,134.74,150.9,.761947,2,0,0,134.74
2005,6,30,13,4,1004,134.74,150.9,.761947,2,0,0,134.74
2005,6,30,14,4,1004,134.74,150.9,.761947,2,0,0,134.74
2005,6,30,15,4,1004,134.74,150.9,.761947,2,0,0,134.74
2005,6,30,16,4,1004,134.74,150.9,.761947,2,0,0,134.74
2005,6,30,17,4,1004,134.74,150.9,.761947,2,0,0,134.74
2005,6,30,18,4,1004,134.74,150.9,.761947,2,0,0,134.74
2005,6,30,19,4,1004,134.74,150.9,.761947,2,0,0,134.74
2005,6,30,20,4,1004,134.74,150.9,.761947,2,0,0,134.74
2005,6,30,21,4,1004,134.74,150.9,.761947,2,0,0,134.74
2005,6,30,22,4,1004,134.74,150.9,.761947,2,0,0,134.74
2005,6,30,23,4,1004,134.74,150.9,.761947,2,0,0,134.74
2005,6,30,24,4,1004,134.74,150.9,.761947,2,0,0,134.74
2005,6,30,10,9,5,85.1,50.9,0,1,0,0,85.1
2005,6,30,11,9,5,85.1,50.9,0,1,0,0,85.1
2005,6,30,12,9,5,85.1,50.9,0,1,0,0,85.1
2005,6,30,13,9,5,85.1,50.9,0,1,0,0,85.1
2005,6,30,14,9,5,85.1,50.9,0,1,0,0,85.1
2005,6,30,1,2,1007,1,90,.66451,2,1,0,1
2005,6,30,1,2,1007,63.01,155,.66451,2,0,0,71.28607
2005,6,30,1,2,1007,151.02,68,.66451,2,0,0,151.02
2005,6,30,2,2,1007,1,90,.66451,2,1,0,1
2005,6,30,2,2,1007,63.01,155,.66451,2,0,0,71.28607
2005,6,30,2,2,1007,151.02,68,.66451,2,0,0,151.02
2005,6,30,3,2,1007,1,90,.66451,2,1,0,1
2005,6,30,3,2,1007,63.01,155,.66451,2,0,0,71.28607
2005,6,30,3,2,1007,151.02,68,.66451,2,0,0,151.02
2005,6,30,4,2,1007,1,90,.66451,2,1,0,1
2005,6,30,4,2,1007,63.01,155,.66451,2,0,0,71.28607
2005,6,30,4,2,1007,151.02,68,.66451,2,0,0,151.02
2005,6,30,5,2,1007,1,90,.66451,2,1,0,1
2005,6,30,5,2,1007,63.01,155,.66451,2,0,0,71.28607
2005,6,30,5,2,1007,151.02,68,.66451,2,0,0,151.02
2005,6,30,6,2,1007,1,90,.66451,2,1,0,1
2005,6,30,6,2,1007,63.01,155,.66451,2,0,0,71.28607
2005,6,30,6,2,1007,151.02,68,.66451,2,0,0,151.02
2005,6,30,7,2,1007,1,90,.66451,2,1,0,1
2005,6,30,7,2,1007,63.01,155,.66451,2,0,0,71.28607
2005,6,30,7,2,1007,151.02,68,.66451,2,0,0,151.02
2005,6,30,8,2,1007,1,90,.66451,2,1,0,1
2005,6,30,8,2,1007,63.01,155,.66451,2,0,0,71.28607
2005,6,30,8,2,1007,151.02,68,.66451,2,0,0,151.02
2005,6,30,9,2,1007,1,90,.66451,2,1,0,1
2005,6,30,9,2,1007,63.01,155,.66451,2,1,0,71.28607
2005,6,30,9,2,1007,151.02,68,.66451,2,0,0,151.02
2005,6,30,10,2,1007,1,90,.66451,2,1,0,1
2005,6,30,10,2,1007,63.01,155,.66451,2,1,0,71.28607
2005,6,30,10,2,1007,151.02,68,.66451,2,0,0,151.02
2005,6,30,11,2,1007,1,90,.66451,2,1,0,1
2005,6,30,11,2,1007,63.01,155,.66451,2,1,0,71.28607
2005,6,30,11,2,1007,151.02,68,.66451,2,0,0,151.02
2005,6,30,12,2,1007,1,90,.66451,2,1,0,1
2005,6,30,12,2,1007,63.01,155,.66451,2,1,0,71.28607
2005,6,30,12,2,1007,151.02,68,.66451,2,0,0,151.02
2005,6,30,13,2,1007,1,90,.66451,2,1,0,1
2005,6,30,13,2,1007,63.01,155,.66451,2,1,0,71.28607
2005,6,30,13,2,1007,151.02,68,.66451,2,0,0,151.02
2005,6,30,14,2,1007,1,90,.66451,2,1,0,1
2005,6,30,14,2,1007,63.01,155,.66451,2,1,0,71.28607
2005,6,30,14,2,1007,151.02,68,.66451,2,0,0,151.02
2005,6,30,15,2,1007,1,90,.66451,2,1,0,1
2005,6,30,15,2,1007,63.01,155,.66451,2,1,0,71.28607
2005,6,30,15,2,1007,151.02,68,.66451,2,0,0,151.02
2005,6,30,16,2,1007,1,90,.66451,2,1,0,1
2005,6,30,16,2,1007,63.01,155,.66451,2,1,0,71.28607
2005,6,30,16,2,1007,151.02,68,.66451,2,0,0,151.02
2005,6,30,17,2,1007,1,90,.66451,2,1,0,1
2005,6,30,17,2,1007,63.01,155,.66451,2,1,0,71.28607
2005,6,30,17,2,1007,151.02,68,.66451,2,0,0,151.02
2005,6,30,18,2,1007,1,90,.66451,2,1,0,1
2005,6,30,18,2,1007,63.01,155,.66451,2,1,0,71.28607
2005,6,30,18,2,1007,151.02,68,.66451,2,0,0,151.02
2005,6,30,19,2,1007,1,90,.66451,2,1,0,1
2005,6,30,19,2,1007,63.01,155,.66451,2,1,0,71.28607
2005,6,30,19,2,1007,151.02,68,.66451,2,0,0,151.02
2005,6,30,20,2,1007,1,90,.66451,2,1,0,1
2005,6,30,20,2,1007,63.01,155,.66451,2,1,0,71.28607
2005,6,30,20,2,1007,151.02,68,.66451,2,0,0,151.02
2005,6,30,21,2,1007,1,90,.66451,2,1,0,1
2005,6,30,21,2,1007,63.01,155,.66451,2,0,0,71.28607
2005,6,30,21,2,1007,151.02,68,.66451,2,0,0,151.02
2005,6,30,22,2,1007,1,90,.66451,2,1,0,1
2005,6,30,22,2,1007,63.01,155,.66451,2,0,0,71.28607
2005,6,30,22,2,1007,151.02,68,.66451,2,0,0,151.02
2005,6,30,23,2,1007,1,90,.66451,2,1,0,1
2005,6,30,23,2,1007,63.01,155,.66451,2,0,0,71.28607
2005,6,30,23,2,1007,151.02,68,.66451,2,0,0,151.02
2005,6,30,24,2,1007,1,90,.66451,2,1,0,1
2005,6,30,24,2,1007,63.01,155,.66451,2,0,0,71.28607
2005,6,30,24,2,1007,151.02,68,.66451,2,0,0,151.02
2005,6,30,1,2,1009,1,90,.66451,2,1,0,1
2005,6,30,1,2,1009,61.01,190,.66451,2,0,0,74.461165
2005,6,30,1,2,1009,151.02,55,.66451,2,0,0,151.02
2005,6,30,2,2,1009,1,90,.66451,2,1,0,1
2005,6,30,2,2,1009,61.01,190,.66451,2,0,0,74.461165
2005,6,30,2,2,1009,151.02,55,.66451,2,0,0,151.02
2005,6,30,3,2,1009,1,90,.66451,2,1,0,1
2005,6,30,3,2,1009,61.01,190,.66451,2,0,0,74.461165
2005,6,30,3,2,1009,151.02,55,.66451,2,0,0,151.02
2005,6,30,4,2,1009,1,90,.66451,2,1,0,1
2005,6,30,4,2,1009,61.01,190,.66451,2,0,0,74.461165
2005,6,30,4,2,1009,151.02,55,.66451,2,0,0,151.02
2005,6,30,5,2,1009,1,90,.66451,2,1,0,1
2005,6,30,5,2,1009,61.01,190,.66451,2,0,0,74.461165
2005,6,30,5,2,1009,151.02,55,.66451,2,0,0,151.02
2005,6,30,6,2,1009,1,90,.66451,2,1,0,1
2005,6,30,6,2,1009,61.01,190,.66451,2,0,0,74.461165
2005,6,30,6,2,1009,151.02,55,.66451,2,0,0,151.02
2005,6,30,7,2,1009,1,90,.66451,2,1,0,1
2005,6,30,7,2,1009,61.01,190,.66451,2,0,0,74.461165
2005,6,30,7,2,1009,151.02,55,.66451,2,0,0,151.02
2005,6,30,8,2,1009,1,90,.66451,2,1,0,1
2005,6,30,8,2,1009,61.01,190,.66451,2,0,0,74.461165
2005,6,30,8,2,1009,151.02,55,.66451,2,0,0,151.02
2005,6,30,9,2,1009,1,90,.66451,2,1,0,1
2005,6,30,9,2,1009,61.01,190,.66451,2,1,0,74.461165
2005,6,30,9,2,1009,151.02,55,.66451,2,0,0,151.02
2005,6,30,10,2,1009,1,90,.66451,2,1,0,1
2005,6,30,10,2,1009,61.01,190,.66451,2,1,0,74.461165
2005,6,30,10,2,1009,151.02,55,.66451,2,0,0,151.02
2005,6,30,11,2,1009,1,90,.66451,2,1,0,1
2005,6,30,11,2,1009,61.01,190,.66451,2,1,0,74.461165
2005,6,30,11,2,1009,151.02,55,.66451,2,0,0,151.02
2005,6,30,12,2,1009,1,90,.66451,2,1,0,1
2005,6,30,12,2,1009,61.01,190,.66451,2,1,0,74.461165
2005,6,30,12,2,1009,151.02,55,.66451,2,0,0,151.02
2005,6,30,13,2,1009,1,90,.66451,2,1,0,1
2005,6,30,13,2,1009,61.01,190,.66451,2,1,0,74.461165
2005,6,30,13,2,1009,151.02,55,.66451,2,0,0,151.02
2005,6,30,14,2,1009,1,90,.66451,2,1,0,1
2005,6,30,14,2,1009,61.01,190,.66451,2,1,0,74.461165
2005,6,30,14,2,1009,151.02,55,.66451,2,0,0,151.02
2005,6,30,15,2,1009,1,90,.66451,2,1,0,1
2005,6,30,15,2,1009,61.01,190,.66451,2,1,0,74.461165
2005,6,30,15,2,1009,151.02,55,.66451,2,0,0,151.02
2005,6,30,16,2,1009,1,90,.66451,2,1,0,1
2005,6,30,16,2,1009,61.01,190,.66451,2,1,0,74.461165
2005,6,30,16,2,1009,151.02,55,.66451,2,0,0,151.02
2005,6,30,17,2,1009,1,90,.66451,2,1,0,1
2005,6,30,17,2,1009,61.01,190,.66451,2,1,0,74.461165
2005,6,30,17,2,1009,151.02,55,.66451,2,0,0,151.02
2005,6,30,18,2,1009,1,90,.66451,2,1,0,1
2005,6,30,18,2,1009,61.01,190,.66451,2,1,0,74.461165
2005,6,30,18,2,1009,151.02,55,.66451,2,0,0,151.02
2005,6,30,19,2,1009,1,90,.66451,2,1,0,1
2005,6,30,19,2,1009,61.01,190,.66451,2,1,0,74.461165
2005,6,30,19,2,1009,151.02,55,.66451,2,0,0,151.02
2005,6,30,20,2,1009,1,90,.66451,2,1,0,1
2005,6,30,20,2,1009,61.01,190,.66451,2,1,0,74.461165
2005,6,30,20,2,1009,151.02,55,.66451,2,0,0,151.02
2005,6,30,21,2,1009,1,90,.66451,2,1,0,1
2005,6,30,21,2,1009,61.01,190,.66451,2,1,0,74.461165
2005,6,30,21,2,1009,151.02,55,.66451,2,0,0,151.02
2005,6,30,22,2,1009,1,90,.66451,2,1,0,1
2005,6,30,22,2,1009,61.01,190,.66451,2,0,0,74.461165
2005,6,30,22,2,1009,151.02,55,.66451,2,0,0,151.02
2005,6,30,23,2,1009,1,90,.66451,2,1,0,1
2005,6,30,23,2,1009,61.01,94,.66451,2,1,0,74.461165
2005,6,30,23,2,1009,151.02,55,.66451,2,0,0,151.02
2005,6,30,24,2,1009,1,90,.66451,2,1,0,1
2005,6,30,24,2,1009,61.01,190,.66451,2,0,0,74.461165
2005,6,30,24,2,1009,151.02,55,.66451,2,0,0,151.02
2005,6,30,1,9,8,0,1.3,0,2,1,0,0
2005,6,30,2,9,8,0,1.3,0,2,1,0,0
2005,6,30,3,9,8,0,1.3,0,2,1,0,0
2005,6,30,4,9,8,0,1.3,0,2,1,0,0
2005,6,30,5,9,8,0,1.3,0,2,1,0,0
2005,6,30,6,9,8,0,1.3,0,2,1,0,0
2005,6,30,7,9,8,0,1.3,0,2,1,0,0
2005,6,30,8,9,8,0,1.3,0,2,1,0,0
2005,6,30,9,9,8,0,1.2,0,2,1,0,0
2005,6,30,10,9,8,0,1.1,0,2,1,0,0
2005,6,30,11,9,8,0,1.1,0,2,1,0,0
2005,6,30,12,9,8,0,1.1,0,2,1,0,0
2005,6,30,13,9,8,0,1.1,0,2,1,0,0
2005,6,30,14,9,8,0,1,0,2,1,0,0
2005,6,30,15,9,8,0,1,0,2,1,0,0
2005,6,30,16,9,8,0,.9,0,2,1,0,0
2005,6,30,17,9,8,0,.7,0,2,1,0,0
2005,6,30,18,9,8,0,.7,0,2,1,0,0
2005,6,30,19,9,8,0,.7,0,2,1,0,0
2005,6,30,20,9,8,0,1,0,2,1,0,0
2005,6,30,21,9,8,0,1,0,2,1,0,0
2005,6,30,22,9,8,0,1.3,0,2,1,0,0
2005,6,30,23,9,8,0,1.3,0,2,1,0,0
2005,6,30,24,9,8,0,1.3,0,2,1,0,0
2005,6,30,1,6,9,44,180,0,1,0,0,44
2005,6,30,2,6,9,44,98.2,0,1,1,0,44
2005,6,30,3,6,9,44,180,0,1,1,0,44
2005,6,30,4,6,9,44,180,0,1,1,0,44
2005,6,30,5,6,9,44,180,0,1,1,0,44
2005,6,30,6,6,9,44,180,0,1,1,0,44
2005,6,30,7,6,9,44,180,0,1,1,0,44
2005,6,30,8,6,9,44,180,0,1,0,0,44
2005,6,30,9,6,9,31,90,0,1,0,0,31
2005,6,30,9,6,9,35,90,0,1,0,0,35
2005,6,30,10,6,9,31,90,0,1,0,0,31
2005,6,30,10,6,9,35,90,0,1,0,0,35
2005,6,30,11,6,9,31,90,0,1,0,0,31
2005,6,30,11,6,9,35,90,0,1,0,0,35
2005,6,30,12,6,9,31,90,0,1,0,0,31
2005,6,30,12,6,9,35,90,0,1,0,0,35
2005,6,30,13,6,9,31,90,0,1,0,0,31
2005,6,30,13,6,9,35,90,0,1,0,0,35
2005,6,30,14,6,9,31,90,0,1,0,0,31
2005,6,30,14,6,9,35,90,0,1,0,0,35
2005,6,30,15,6,9,31,90,0,1,0,0,31
2005,6,30,15,6,9,35,90,0,1,0,0,35
2005,6,30,16,6,9,31,90,0,1,0,0,31
2005,6,30,16,6,9,35,90,0,1,0,0,35
2005,6,30,17,6,9,31,90,0,1,0,0,31
2005,6,30,17,6,9,35,90,0,1,0,0,35
2005,6,30,18,6,9,31,90,0,1,0,0,31
2005,6,30,18,6,9,35,90,0,1,0,0,35
2005,6,30,19,6,9,31,90,0,1,0,0,31
2005,6,30,19,6,9,35,90,0,1,0,0,35
2005,6,30,20,6,9,31,90,0,1,0,0,31
2005,6,30,20,6,9,35,90,0,1,0,0,35
2005,6,30,21,6,9,31,90,0,1,0,0,31
2005,6,30,21,6,9,35,90,0,1,0,0,35
2005,6,30,22,6,9,31,90,0,1,0,0,31
2005,6,30,22,6,9,35,90,0,1,0,0,35
2005,6,30,23,6,9,31,90,0,1,0,0,31
2005,6,30,23,6,9,35,90,0,1,0,0,35
2005,6,30,24,6,9,31,90,0,1,0,0,31
2005,6,30,24,6,9,35,90,0,1,0,0,35
2005,6,30,1,6,10,105,160,0,2,0,0,105
2005,6,30,2,6,10,105,160,0,2,0,0,105
2005,6,30,3,6,10,105,160,0,2,0,0,105
2005,6,30,4,6,10,105,160,0,2,0,0,105
2005,6,30,5,6,10,105,160,0,2,0,0,105
2005,6,30,6,6,10,105,160,0,2,0,0,105
2005,6,30,7,6,10,105,160,0,2,0,0,105
2005,6,30,8,6,10,105,160,0,2,0,0,105
2005,6,30,9,6,10,105,160,0,2,0,0,105
2005,6,30,10,6,10,0,120,0,2,1,0,0
2005,6,30,10,6,10,152.45,40,0,2,0,0,152.45
2005,6,30,11,6,10,0,120,0,2,1,0,0
2005,6,30,11,6,10,152.45,40,0,2,0,0,152.45
2005,6,30,12,6,10,0,120,0,2,1,0,0
2005,6,30,12,6,10,152.45,40,0,2,0,0,152.45
2005,6,30,13,6,10,0,120,0,2,1,0,0
2005,6,30,13,6,10,152.45,40,0,2,0,0,152.45
2005,6,30,14,6,10,0,120,0,2,1,0,0
2005,6,30,14,6,10,152.45,40,0,2,0,0,152.45
2005,6,30,15,6,10,0,120,0,2,1,0,0
2005,6,30,15,6,10,152.45,40,0,2,0,0,152.45
2005,6,30,16,6,10,0,120,0,2,1,0,0
2005,6,30,16,6,10,152.45,40,0,2,0,0,152.45
2005,6,30,17,6,10,0,120,0,2,1,0,0
2005,6,30,17,6,10,152.45,40,0,2,0,0,152.45
2005,6,30,18,6,10,0,120,0,2,1,0,0
2005,6,30,18,6,10,152.45,40,0,2,0,0,152.45
2005,6,30,19,6,10,0,120,0,2,1,0,0
2005,6,30,19,6,10,152.45,40,0,2,0,0,152.45
2005,6,30,20,6,10,0,120,0,2,1,0,0
2005,6,30,20,6,10,152.45,40,0,2,0,0,152.45
2005,6,30,21,6,10,95,120,0,2,0,0,95
2005,6,30,21,6,10,105,40,0,2,0,0,105
2005,6,30,22,6,10,95,120,0,2,0,0,95
2005,6,30,22,6,10,105,40,0,2,0,0,105
2005,6,30,23,6,10,95,120,0,2,0,0,95
2005,6,30,23,6,10,105,40,0,2,0,0,105
2005,6,30,24,6,10,95,120,0,2,0,0,95
2005,6,30,24,6,10,105,40,0,2,0,0,105
2005,6,30,1,6,1010,124.5,185,.679878,2,0,0,124.5
2005,6,30,2,6,1010,124.5,185,.679878,2,0,0,124.5
2005,6,30,3,6,1010,124.5,185,.679878,2,0,0,124.5
2005,6,30,4,6,1010,124.5,185,.679878,2,0,0,124.5
2005,6,30,5,6,1010,124.5,185,.679878,2,0,0,124.5
2005,6,30,6,6,1010,124.5,185,.679878,2,0,0,124.5
2005,6,30,7,6,1010,124.5,185,.679878,2,0,0,124.5
2005,6,30,8,6,1010,124.5,185,.679878,2,0,0,124.5
2005,6,30,9,6,1010,124.5,185,.679878,2,0,0,124.5
2005,6,30,10,6,1010,124.5,185,.679878,2,0,0,124.5
2005,6,30,11,6,1010,124.5,185,.679878,2,0,0,124.5
2005,6,30,12,6,1010,124.5,185,.679878,2,0,0,124.5
2005,6,30,13,6,1010,124.5,185,.679878,2,0,0,124.5
2005,6,30,14,6,1010,124.5,185,.679878,2,0,0,124.5
2005,6,30,15,6,1010,124.5,185,.679878,2,0,0,124.5
2005,6,30,16,6,1010,124.5,185,.679878,2,0,0,124.5
2005,6,30,17,6,1010,124.5,185,.679878,2,0,0,124.5
2005,6,30,18,6,1010,124.5,185,.679878,2,0,0,124.5
2005,6,30,19,6,1010,124.5,185,.679878,2,0,0,124.5
2005,6,30,20,6,1010,124.5,185,.679878,2,0,0,124.5
2005,6,30,21,6,1010,124.5,185,.679878,2,0,0,124.5
2005,6,30,22,6,1010,124.5,185,.679878,2,0,0,124.5
2005,6,30,23,6,1010,124.5,185,.679878,2,0,0,124.5
2005,6,30,24,6,1010,124.5,185,.679878,2,0,0,124.5
2005,6,30,1,6,1011,129.98,420,.679878,2,0,0,129.98
2005,6,30,2,6,1011,129.98,420,.679878,2,0,0,129.98
2005,6,30,3,6,1011,129.98,420,.679878,2,0,0,129.98
2005,6,30,4,6,1011,129.98,420,.679878,2,0,0,129.98
2005,6,30,5,6,1011,129.98,420,.679878,2,0,0,129.98
2005,6,30,6,6,1011,129.98,420,.679878,2,0,0,129.98
2005,6,30,7,6,1011,129.98,420,.679878,2,0,0,129.98
2005,6,30,8,6,1011,129.98,420,.679878,2,0,0,129.98
2005,6,30,9,6,1011,129.98,420,.679878,2,0,0,129.98
2005,6,30,10,6,1011,129.98,420,.679878,2,0,0,129.98
2005,6,30,11,6,1011,129.98,420,.679878,2,0,0,129.98
2005,6,30,12,6,1011,129.98,420,.679878,2,0,0,129.98
2005,6,30,13,6,1011,129.98,420,.679878,2,0,0,129.98
2005,6,30,14,6,1011,129.98,420,.679878,2,0,0,129.98
2005,6,30,15,6,1011,129.98,420,.679878,2,0,0,129.98
2005,6,30,16,6,1011,129.98,420,.679878,2,0,0,129.98
2005,6,30,17,6,1011,129.98,420,.679878,2,0,0,129.98
2005,6,30,18,6,1011,129.98,420,.679878,2,0,0,129.98
2005,6,30,19,6,1011,129.98,420,.679878,2,0,0,129.98
2005,6,30,20,6,1011,129.98,420,.679878,2,0,0,129.98
2005,6,30,21,6,1011,129.98,420,.679878,2,0,0,129.98
2005,6,30,22,6,1011,129.98,420,.679878,2,0,0,129.98
2005,6,30,23,6,1011,129.98,420,.679878,2,0,0,129.98
2005,6,30,24,6,1011,129.98,420,.679878,2,0,0,129.98
2005,6,30,1,2,1013,0,53,.9555,2,1,0,0
2005,6,30,1,2,1013,44,13.7,.9555,2,1,0,44.922456
2005,6,30,1,2,1013,45,16.7,.9555,2,1,0,44.922456
2005,6,30,1,2,1013,46,16.7,.9555,2,1,0,44.922456
2005,6,30,1,2,1013,47,.3,.9555,2,1,0,44.922456
2005,6,30,1,2,1013,110,8.3,.9555,2,0,1,44.922456
2005,6,30,1,2,1013,150,4,.9555,2,0,1,150
2005,6,30,2,2,1013,0,53,.9555,2,1,0,0
2005,6,30,2,2,1013,44,13.7,.9555,2,1,0,44.922456
2005,6,30,2,2,1013,45,16.7,.9555,2,0,1,44.922456
2005,6,30,2,2,1013,46,16.7,.9555,2,0,1,44.922456
2005,6,30,2,2,1013,47,3.3,.9555,2,0,1,44.922456
2005,6,30,2,2,1013,110,8.3,.9555,2,0,1,44.922456
2005,6,30,2,2,1013,150,4,.9555,2,0,1,150
2005,6,30,3,2,1013,0,53,.9555,2,1,0,0
2005,6,30,3,2,1013,44,13.7,.9555,2,0,1,44.922456
2005,6,30,3,2,1013,45,16.7,.9555,2,0,1,44.922456
2005,6,30,3,2,1013,46,16.7,.9555,2,0,1,44.922456
2005,6,30,3,2,1013,47,3.3,.9555,2,0,1,44.922456
2005,6,30,3,2,1013,110,8.3,.9555,2,0,1,44.922456
2005,6,30,3,2,1013,150,4,.9555,2,0,1,150
2005,6,30,4,2,1013,0,53,.9555,2,1,0,0
2005,6,30,4,2,1013,44,13.7,.9555,2,0,1,44.922456
2005,6,30,4,2,1013,45,16.7,.9555,2,0,1,44.922456
2005,6,30,4,2,1013,46,16.7,.9555,2,0,1,44.922456
2005,6,30,4,2,1013,47,3.3,.9555,2,0,1,44.922456
2005,6,30,4,2,1013,110,8.3,.9555,2,0,1,44.922456
2005,6,30,4,2,1013,150,4,.9555,2,0,1,150
2005,6,30,5,2,1013,0,53,.9555,2,1,0,0
2005,6,30,5,2,1013,44,13.7,.9555,2,0,1,44.922456
2005,6,30,5,2,1013,45,16.7,.9555,2,0,1,44.922456
2005,6,30,5,2,1013,46,16.7,.9555,2,0,1,44.922456
2005,6,30,5,2,1013,47,3.3,.9555,2,0,1,44.922456
2005,6,30,5,2,1013,110,8.3,.9555,2,0,1,44.922456
2005,6,30,5,2,1013,150,4,.9555,2,0,1,150
2005,6,30,6,2,1013,0,53,.9555,2,1,0,0
2005,6,30,6,2,1013,44,13.7,.9555,2,0,1,44.922456
2005,6,30,6,2,1013,45,16.7,.9555,2,0,1,44.922456
2005,6,30,6,2,1013,46,16.7,.9555,2,0,1,44.922456
2005,6,30,6,2,1013,47,3.3,.9555,2,0,1,44.922456
2005,6,30,6,2,1013,110,8.3,.9555,2,0,1,44.922456
2005,6,30,6,2,1013,150,4,.9555,2,0,1,150
2005,6,30,7,2,1013,0,53,.9555,2,1,0,0
2005,6,30,7,2,1013,44,13.7,.9555,2,0,1,44.922456
2005,6,30,7,2,1013,45,16.7,.9555,2,0,1,44.922456
2005,6,30,7,2,1013,46,16.7,.9555,2,0,1,44.922456
2005,6,30,7,2,1013,47,3.3,.9555,2,0,1,44.922456
2005,6,30,7,2,1013,110,8.3,.9555,2,0,1,44.922456
2005,6,30,7,2,1013,150,4,.9555,2,0,1,150
2005,6,30,8,2,1013,0,53,.9555,2,1,0,0
2005,6,30,8,2,1013,44,13.7,.9555,2,1,0,44.922456
2005,6,30,8,2,1013,45,6.3,.9555,2,1,0,44.922456
2005,6,30,8,2,1013,46,16.7,.9555,2,0,1,44.922456
2005,6,30,8,2,1013,47,3.3,.9555,2,0,1,44.922456
2005,6,30,8,2,1013,110,8.3,.9555,2,0,1,44.922456
2005,6,30,8,2,1013,150,4,.9555,2,0,1,150
2005,6,30,9,2,1013,0,65.7,.9555,2,1,0,0
2005,6,30,9,2,1013,44,1,.9555,2,1,0,44.922456
2005,6,30,9,2,1013,45,16.7,.9555,2,1,0,44.922456
2005,6,30,9,2,1013,46,16.7,.9555,2,1,0,44.922456
2005,6,30,9,2,1013,47,3.3,.9555,2,1,0,44.922456
2005,6,30,9,2,1013,110,8.3,.9555,2,0,1,44.922456
2005,6,30,9,2,1013,150,4,.9555,2,0,1,150
2005,6,30,10,2,1013,0,103.3,.9555,2,1,0,0
2005,6,30,10,2,1013,110,8.3,.9555,2,0,1,44.922456
2005,6,30,10,2,1013,150,4,.9555,2,0,1,150
2005,6,30,11,2,1013,0,103.3,.9555,2,1,0,0
2005,6,30,11,2,1013,110,8.3,.9555,2,0,1,44.922456
2005,6,30,11,2,1013,150,4,.9555,2,0,1,150
2005,6,30,12,2,1013,0,103.3,.9555,2,1,0,0
2005,6,30,12,2,1013,110,8.3,.9555,2,0,1,44.922456
2005,6,30,12,2,1013,150,4,.9555,2,0,1,150
2005,6,30,13,2,1013,0,103.3,.9555,2,1,0,0
2005,6,30,13,2,1013,110,8.3,.9555,2,0,1,44.922456
2005,6,30,13,2,1013,150,4,.9555,2,0,1,150
2005,6,30,14,2,1013,0,103.3,.9555,2,1,0,0
2005,6,30,14,2,1013,110,8.3,.9555,2,0,1,44.922456
2005,6,30,14,2,1013,150,4,.9555,2,0,1,150
2005,6,30,15,2,1013,0,103.3,.9555,2,1,0,0
2005,6,30,15,2,1013,110,8.3,.9555,2,0,1,44.922456
2005,6,30,15,2,1013,150,4,.9555,2,0,1,150
2005,6,30,16,2,1013,0,103.3,.9555,2,1,0,0
2005,6,30,16,2,1013,110,8.3,.9555,2,0,1,44.922456
2005,6,30,16,2,1013,150,4,.9555,2,0,1,150
2005,6,30,17,2,1013,0,103.3,.9555,2,1,0,0
2005,6,30,17,2,1013,110,8.3,.9555,2,0,1,44.922456
2005,6,30,17,2,1013,150,4,.9555,2,0,1,150
2005,6,30,18,2,1013,0,103.3,.9555,2,1,0,0
2005,6,30,18,2,1013,110,8.3,.9555,2,0,1,44.922456
2005,6,30,18,2,1013,150,4,.9555,2,0,1,150
2005,6,30,19,2,1013,0,103.3,.9555,2,1,0,0
2005,6,30,19,2,1013,110,8.3,.9555,2,0,1,44.922456
2005,6,30,19,2,1013,150,4,.9555,2,0,1,150
2005,6,30,20,2,1013,0,103.3,.9555,2,1,0,0
2005,6,30,20,2,1013,110,8.3,.9555,2,0,1,44.922456
2005,6,30,20,2,1013,150,4,.9555,2,0,1,150
2005,6,30,21,2,1013,0,103.3,.9555,2,1,0,0
2005,6,30,21,2,1013,110,8.3,.9555,2,0,1,44.922456
2005,6,30,21,2,1013,150,4,.9555,2,0,1,150
2005,6,30,22,2,1013,0,103.3,.9555,2,1,0,0
2005,6,30,22,2,1013,110,8.3,.9555,2,0,1,44.922456
2005,6,30,22,2,1013,150,4,.9555,2,0,1,150
2005,6,30,23,2,1013,0,103.3,.9555,2,1,0,0
2005,6,30,23,2,1013,110,8.3,.9555,2,0,1,44.922456
2005,6,30,23,2,1013,150,4,.9555,2,0,1,150
2005,6,30,24,2,1013,0,103.3,.9555,2,1,0,0
2005,6,30,24,2,1013,110,8.3,.9555,2,0,1,44.922456
2005,6,30,24,2,1013,150,4,.9555,2,0,1,150
2005,6,30,1,4,1013,0,106,.9555,2,1,0,0
2005,6,30,1,4,1013,44,27.3,.9555,2,1,0,44.922456
2005,6,30,1,4,1013,45,33.3,.9555,2,1,0,44.922456
2005,6,30,1,4,1013,46,33.3,.9555,2,1,0,44.922456
2005,6,30,1,4,1013,47,.7,.9555,2,1,0,44.922456
2005,6,30,1,4,1013,110,16.7,.9555,2,0,1,44.922456
2005,6,30,1,4,1013,150,7.9,.9555,2,0,1,150
2005,6,30,2,4,1013,0,106,.9555,2,1,0,0
2005,6,30,2,4,1013,44,27.3,.9555,2,1,0,44.922456
2005,6,30,2,4,1013,45,33.3,.9555,2,0,1,44.922456
2005,6,30,2,4,1013,46,33.3,.9555,2,0,1,44.922456
2005,6,30,2,4,1013,47,6.7,.9555,2,0,1,44.922456
2005,6,30,2,4,1013,110,16.7,.9555,2,0,1,44.922456
2005,6,30,2,4,1013,150,7.9,.9555,2,0,1,150
2005,6,30,3,4,1013,0,106,.9555,2,1,0,0
2005,6,30,3,4,1013,44,27.3,.9555,2,0,1,44.922456
2005,6,30,3,4,1013,45,33.3,.9555,2,0,1,44.922456
2005,6,30,3,4,1013,46,33.3,.9555,2,0,1,44.922456
2005,6,30,3,4,1013,47,6.7,.9555,2,0,1,44.922456
2005,6,30,3,4,1013,110,16.7,.9555,2,0,1,44.922456
2005,6,30,3,4,1013,150,7.9,.9555,2,0,1,150
2005,6,30,4,4,1013,0,106,.9555,2,1,0,0
2005,6,30,4,4,1013,44,27.3,.9555,2,0,1,44.922456
2005,6,30,4,4,1013,45,33.3,.9555,2,0,1,44.922456
2005,6,30,4,4,1013,46,33.3,.9555,2,0,1,44.922456
2005,6,30,4,4,1013,47,6.7,.9555,2,0,1,44.922456
2005,6,30,4,4,1013,110,16.7,.9555,2,0,1,44.922456
2005,6,30,4,4,1013,150,7.9,.9555,2,0,1,150
2005,6,30,5,4,1013,0,106,.9555,2,1,0,0
2005,6,30,5,4,1013,44,27.3,.9555,2,0,1,44.922456
2005,6,30,5,4,1013,45,33.3,.9555,2,0,1,44.922456
2005,6,30,5,4,1013,46,33.3,.9555,2,0,1,44.922456
2005,6,30,5,4,1013,47,6.7,.9555,2,0,1,44.922456
2005,6,30,5,4,1013,110,16.7,.9555,2,0,1,44.922456
2005,6,30,5,4,1013,150,7.9,.9555,2,0,1,150
2005,6,30,6,4,1013,0,106,.9555,2,1,0,0
2005,6,30,6,4,1013,44,27.3,.9555,2,0,1,44.922456
2005,6,30,6,4,1013,45,33.3,.9555,2,0,1,44.922456
2005,6,30,6,4,1013,46,33.3,.9555,2,0,1,44.922456
2005,6,30,6,4,1013,47,6.7,.9555,2,0,1,44.922456
2005,6,30,6,4,1013,110,16.7,.9555,2,0,1,44.922456
2005,6,30,6,4,1013,150,7.9,.9555,2,0,1,150
2005,6,30,7,4,1013,0,106,.9555,2,1,0,0
2005,6,30,7,4,1013,44,27.3,.9555,2,0,1,44.922456
2005,6,30,7,4,1013,45,33.3,.9555,2,0,1,44.922456
2005,6,30,7,4,1013,46,33.3,.9555,2,0,1,44.922456
2005,6,30,7,4,1013,47,6.7,.9555,2,0,1,44.922456
2005,6,30,7,4,1013,110,16.7,.9555,2,0,1,44.922456
2005,6,30,7,4,1013,150,7.9,.9555,2,0,1,150
2005,6,30,8,4,1013,0,106,.9555,2,1,0,0
2005,6,30,8,4,1013,44,27.3,.9555,2,1,0,44.922456
2005,6,30,8,4,1013,45,12.7,.9555,2,1,0,44.922456
2005,6,30,8,4,1013,46,33.3,.9555,2,0,1,44.922456
2005,6,30,8,4,1013,47,6.7,.9555,2,0,1,44.922456
2005,6,30,8,4,1013,110,16.7,.9555,2,0,1,44.922456
2005,6,30,8,4,1013,150,7.9,.9555,2,0,1,150
2005,6,30,9,4,1013,0,131.3,.9555,2,1,0,0
2005,6,30,9,4,1013,44,2,.9555,2,1,0,44.922456
2005,6,30,9,4,1013,45,33.3,.9555,2,1,0,44.922456
2005,6,30,9,4,1013,46,33.3,.9555,2,1,0,44.922456
2005,6,30,9,4,1013,47,6.7,.9555,2,1,0,44.922456
2005,6,30,9,4,1013,110,16.7,.9555,2,0,1,44.922456
2005,6,30,9,4,1013,150,7.9,.9555,2,0,1,150
2005,6,30,10,4,1013,0,206.7,.9555,2,1,0,0
2005,6,30,10,4,1013,110,16.7,.9555,2,0,1,44.922456
2005,6,30,10,4,1013,150,7.9,.9555,2,0,1,150
2005,6,30,11,4,1013,0,206.7,.9555,2,1,0,0
2005,6,30,11,4,1013,110,16.7,.9555,2,0,1,44.922456
2005,6,30,11,4,1013,150,7.9,.9555,2,0,1,150
2005,6,30,12,4,1013,0,206.7,.9555,2,1,0,0
2005,6,30,12,4,1013,110,16.7,.9555,2,0,1,44.922456
2005,6,30,12,4,1013,150,7.9,.9555,2,0,1,150
2005,6,30,13,4,1013,0,206.7,.9555,2,1,0,0
2005,6,30,13,4,1013,110,16.7,.9555,2,0,1,44.922456
2005,6,30,13,4,1013,150,7.9,.9555,2,0,1,150
2005,6,30,14,4,1013,0,206.7,.9555,2,1,0,0
2005,6,30,14,4,1013,110,16.7,.9555,2,0,1,44.922456
2005,6,30,14,4,1013,150,7.9,.9555,2,0,1,150
2005,6,30,15,4,1013,0,206.7,.9555,2,1,0,0
2005,6,30,15,4,1013,110,16.7,.9555,2,0,1,44.922456
2005,6,30,15,4,1013,150,7.9,.9555,2,0,1,150
2005,6,30,16,4,1013,0,206.7,.9555,2,1,0,0
2005,6,30,16,4,1013,110,16.7,.9555,2,0,1,44.922456
2005,6,30,16,4,1013,150,7.9,.9555,2,0,1,150
2005,6,30,17,4,1013,0,206.7,.9555,2,1,0,0
2005,6,30,17,4,1013,110,16.7,.9555,2,0,1,44.922456
2005,6,30,17,4,1013,150,7.9,.9555,2,0,1,150
2005,6,30,18,4,1013,0,206.7,.9555,2,1,0,0
2005,6,30,18,4,1013,110,16.7,.9555,2,0,1,44.922456
2005,6,30,18,4,1013,150,7.9,.9555,2,0,1,150
2005,6,30,19,4,1013,0,206.7,.9555,2,1,0,0
2005,6,30,19,4,1013,110,16.7,.9555,2,0,1,44.922456
2005,6,30,19,4,1013,150,7.9,.9555,2,0,1,150
2005,6,30,20,4,1013,0,206.7,.9555,2,1,0,0
2005,6,30,20,4,1013,110,16.7,.9555,2,0,1,44.922456
2005,6,30,20,4,1013,150,7.9,.9555,2,0,1,150
2005,6,30,21,4,1013,0,206.7,.9555,2,1,0,0
2005,6,30,21,4,1013,110,16.7,.9555,2,0,1,44.922456
2005,6,30,21,4,1013,150,7.9,.9555,2,0,1,150
2005,6,30,22,4,1013,0,206.7,.9555,2,1,0,0
2005,6,30,22,4,1013,110,16.7,.9555,2,0,1,44.922456
2005,6,30,22,4,1013,150,7.9,.9555,2,0,1,150
2005,6,30,23,4,1013,0,206.7,.9555,2,1,0,0
2005,6,30,23,4,1013,110,16.7,.9555,2,0,1,44.922456
2005,6,30,23,4,1013,150,7.9,.9555,2,0,1,150
2005,6,30,24,4,1013,0,206.7,.9555,2,1,0,0
2005,6,30,24,4,1013,110,16.7,.9555,2,0,1,44.922456
2005,6,30,24,4,1013,150,7.9,.9555,2,0,1,150
2005,6,30,1,1,14,0,485.2,0,2,1,0,0
2005,6,30,1,1,14,130,14.1,0,2,0,0,130
2005,6,30,2,1,14,0,485.2,0,2,1,0,0
2005,6,30,2,1,14,130,14.1,0,2,0,0,130
2005,6,30,3,1,14,0,485.2,0,2,1,0,0
2005,6,30,3,1,14,130,14.1,0,2,0,0,130
2005,6,30,4,1,14,0,485.2,0,2,1,0,0
2005,6,30,4,1,14,130,14.1,0,2,0,0,130
2005,6,30,5,1,14,0,485.2,0,2,1,0,0
2005,6,30,5,1,14,130,14.1,0,2,0,0,130
2005,6,30,6,1,14,0,485.2,0,2,1,0,0
2005,6,30,6,1,14,130,14.1,0,2,0,0,130
2005,6,30,7,1,14,0,485.2,0,2,1,0,0
2005,6,30,7,1,14,130,14.1,0,2,0,0,130
2005,6,30,8,1,14,0,485.2,0,2,1,0,0
2005,6,30,8,1,14,130,14.1,0,2,0,0,130
2005,6,30,9,1,14,0,485.2,0,2,1,0,0
2005,6,30,9,1,14,130,14.1,0,2,0,0,130
2005,6,30,10,1,14,0,485.2,0,2,1,0,0
2005,6,30,10,1,14,130,14.1,0,2,0,0,130
2005,6,30,11,1,14,0,485.2,0,2,1,0,0
2005,6,30,11,1,14,130,14.1,0,2,0,0,130
2005,6,30,12,1,14,0,485.2,0,2,1,0,0
2005,6,30,12,1,14,130,14.1,0,2,0,0,130
2005,6,30,13,1,14,0,485.2,0,2,1,0,0
2005,6,30,13,1,14,130,14.1,0,2,0,0,130
2005,6,30,14,1,14,0,485.2,0,2,1,0,0
2005,6,30,14,1,14,130,14.1,0,2,0,0,130
2005,6,30,15,1,14,0,485.2,0,2,1,0,0
2005,6,30,15,1,14,130,14.1,0,2,0,0,130
2005,6,30,16,1,14,0,485.2,0,2,1,0,0
2005,6,30,16,1,14,130,14.1,0,2,0,0,130
2005,6,30,17,1,14,0,485.2,0,2,1,0,0
2005,6,30,17,1,14,130,14.1,0,2,0,0,130
2005,6,30,18,1,14,0,485.2,0,2,1,0,0
2005,6,30,18,1,14,130,14.1,0,2,0,0,130
2005,6,30,19,1,14,0,485.2,0,2,1,0,0
2005,6,30,19,1,14,130,14.1,0,2,0,0,130
2005,6,30,20,1,14,0,485.2,0,2,1,0,0
2005,6,30,20,1,14,130,14.1,0,2,0,0,130
2005,6,30,21,1,14,0,485.2,0,2,1,0,0
2005,6,30,21,1,14,130,14.1,0,2,0,0,130
2005,6,30,22,1,14,0,485.2,0,2,1,0,0
2005,6,30,22,1,14,130,14.1,0,2,0,0,130
2005,6,30,23,1,14,0,485.2,0,2,1,0,0
2005,6,30,23,1,14,130,14.1,0,2,0,0,130
2005,6,30,24,1,14,0,485.2,0,2,1,0,0
2005,6,30,24,1,14,130,14.1,0,2,0,0,130
2005,6,30,1,2,14,0,331.8,0,2,1,0,0
2005,6,30,1,2,14,130,9.7,0,2,0,0,130
2005,6,30,2,2,14,0,331.8,0,2,1,0,0
2005,6,30,2,2,14,130,9.7,0,2,0,0,130
2005,6,30,3,2,14,0,331.8,0,2,1,0,0
2005,6,30,3,2,14,130,9.7,0,2,0,0,130
2005,6,30,4,2,14,0,331.8,0,2,1,0,0
2005,6,30,4,2,14,130,9.7,0,2,0,0,130
2005,6,30,5,2,14,0,331.8,0,2,1,0,0
2005,6,30,5,2,14,130,9.7,0,2,0,0,130
2005,6,30,6,2,14,0,331.8,0,2,1,0,0
2005,6,30,6,2,14,130,9.7,0,2,0,0,130
2005,6,30,7,2,14,0,331.8,0,2,1,0,0
2005,6,30,7,2,14,130,9.7,0,2,0,0,130
2005,6,30,8,2,14,0,331.8,0,2,1,0,0
2005,6,30,8,2,14,130,9.7,0,2,0,0,130
2005,6,30,9,2,14,0,331.8,0,2,1,0,0
2005,6,30,9,2,14,130,9.7,0,2,0,0,130
2005,6,30,10,2,14,0,331.8,0,2,1,0,0
2005,6,30,10,2,14,130,9.7,0,2,0,0,130
2005,6,30,11,2,14,0,331.8,0,2,1,0,0
2005,6,30,11,2,14,130,9.7,0,2,0,0,130
2005,6,30,12,2,14,0,331.8,0,2,1,0,0
2005,6,30,12,2,14,130,9.7,0,2,0,0,130
2005,6,30,13,2,14,0,331.8,0,2,1,0,0
2005,6,30,13,2,14,130,9.7,0,2,0,0,130
2005,6,30,14,2,14,0,331.8,0,2,1,0,0
2005,6,30,14,2,14,130,9.7,0,2,0,0,130
2005,6,30,15,2,14,0,331.8,0,2,1,0,0
2005,6,30,15,2,14,130,9.7,0,2,0,0,130
2005,6,30,16,2,14,0,331.8,0,2,1,0,0
2005,6,30,16,2,14,130,9.7,0,2,0,0,130
2005,6,30,17,2,14,0,331.8,0,2,1,0,0
2005,6,30,17,2,14,130,9.7,0,2,0,0,130
2005,6,30,18,2,14,0,331.8,0,2,1,0,0
2005,6,30,18,2,14,130,9.7,0,2,0,0,130
2005,6,30,19,2,14,0,331.8,0,2,1,0,0
2005,6,30,19,2,14,130,9.7,0,2,0,0,130
2005,6,30,20,2,14,0,331.8,0,2,1,0,0
2005,6,30,20,2,14,130,9.7,0,2,0,0,130
2005,6,30,21,2,14,0,331.8,0,2,1,0,0
2005,6,30,21,2,14,130,9.7,0,2,0,0,130
2005,6,30,22,2,14,0,331.8,0,2,1,0,0
2005,6,30,22,2,14,130,9.7,0,2,0,0,130
2005,6,30,23,2,14,0,331.8,0,2,1,0,0
2005,6,30,23,2,14,130,9.7,0,2,0,0,130
2005,6,30,24,2,14,0,331.8,0,2,1,0,0
2005,6,30,24,2,14,130,9.7,0,2,0,0,130
2005,6,30,1,5,14,0,104,0,2,1,0,0
2005,6,30,1,5,14,130,3,0,2,0,0,130
2005,6,30,2,5,14,0,104,0,2,1,0,0
2005,6,30,2,5,14,130,3,0,2,0,0,130
2005,6,30,3,5,14,0,104,0,2,1,0,0
2005,6,30,3,5,14,130,3,0,2,0,0,130
2005,6,30,4,5,14,0,104,0,2,1,0,0
2005,6,30,4,5,14,130,3,0,2,0,0,130
2005,6,30,5,5,14,0,104,0,2,1,0,0
2005,6,30,5,5,14,130,3,0,2,0,0,130
2005,6,30,6,5,14,0,104,0,2,1,0,0
2005,6,30,6,5,14,130,3,0,2,0,0,130
2005,6,30,7,5,14,0,104,0,2,1,0,0
2005,6,30,7,5,14,130,3,0,2,0,0,130
2005,6,30,8,5,14,0,104,0,2,1,0,0
2005,6,30,8,5,14,130,3,0,2,0,0,130
2005,6,30,9,5,14,0,104,0,2,1,0,0
2005,6,30,9,5,14,130,3,0,2,0,0,130
2005,6,30,10,5,14,0,104,0,2,1,0,0
2005,6,30,10,5,14,130,3,0,2,0,0,130
2005,6,30,11,5,14,0,104,0,2,1,0,0
2005,6,30,11,5,14,130,3,0,2,0,0,130
2005,6,30,12,5,14,0,104,0,2,1,0,0
2005,6,30,12,5,14,130,3,0,2,0,0,130
2005,6,30,13,5,14,0,104,0,2,1,0,0
2005,6,30,13,5,14,130,3,0,2,0,0,130
2005,6,30,14,5,14,0,104,0,2,1,0,0
2005,6,30,14,5,14,130,3,0,2,0,0,130
2005,6,30,15,5,14,0,104,0,2,1,0,0
2005,6,30,15,5,14,130,3,0,2,0,0,130
2005,6,30,16,5,14,0,104,0,2,1,0,0
2005,6,30,16,5,14,130,3,0,2,0,0,130
2005,6,30,17,5,14,0,104,0,2,1,0,0
2005,6,30,17,5,14,130,3,0,2,0,0,130
2005,6,30,18,5,14,0,104,0,2,1,0,0
2005,6,30,18,5,14,130,3,0,2,0,0,130
2005,6,30,19,5,14,0,104,0,2,1,0,0
2005,6,30,19,5,14,130,3,0,2,0,0,130
2005,6,30,20,5,14,0,104,0,2,1,0,0
2005,6,30,20,5,14,130,3,0,2,0,0,130
2005,6,30,21,5,14,0,104,0,2,1,0,0
2005,6,30,21,5,14,130,3,0,2,0,0,130
2005,6,30,22,5,14,0,104,0,2,1,0,0
2005,6,30,22,5,14,130,3,0,2,0,0,130
2005,6,30,23,5,14,0,104,0,2,1,0,0
2005,6,30,23,5,14,130,3,0,2,0,0,130
2005,6,30,24,5,14,0,104,0,2,1,0,0
2005,6,30,24,5,14,130,3,0,2,0,0,130
2005,6,30,1,1,15,0,489.4,0,2,1,0,0
2005,6,30,1,1,15,130,8.6,0,2,0,0,130
2005,6,30,2,1,15,0,489.4,0,2,1,0,0
2005,6,30,2,1,15,130,8.6,0,2,0,0,130
2005,6,30,3,1,15,0,489.4,0,2,1,0,0
2005,6,30,3,1,15,130,8.6,0,2,0,0,130
2005,6,30,4,1,15,0,489.4,0,2,1,0,0
2005,6,30,4,1,15,130,8.6,0,2,0,0,130
2005,6,30,5,1,15,0,489.4,0,2,1,0,0
2005,6,30,5,1,15,130,8.6,0,2,0,0,130
2005,6,30,6,1,15,0,489.4,0,2,1,0,0
2005,6,30,6,1,15,130,8.6,0,2,0,0,130
2005,6,30,7,1,15,0,489.4,0,2,1,0,0
2005,6,30,7,1,15,130,8.6,0,2,0,0,130
2005,6,30,8,1,15,0,489.4,0,2,1,0,0
2005,6,30,8,1,15,130,8.6,0,2,0,0,130
2005,6,30,9,1,15,0,489.4,0,2,1,0,0
2005,6,30,9,1,15,130,8.6,0,2,0,0,130
2005,6,30,10,1,15,0,489.4,0,2,1,0,0
2005,6,30,10,1,15,130,8.6,0,2,0,0,130
2005,6,30,11,1,15,0,489.4,0,2,1,0,0
2005,6,30,11,1,15,130,8.6,0,2,0,0,130
2005,6,30,12,1,15,0,489.4,0,2,1,0,0
2005,6,30,12,1,15,130,8.6,0,2,0,0,130
2005,6,30,13,1,15,0,489.4,0,2,1,0,0
2005,6,30,13,1,15,130,8.6,0,2,0,0,130
2005,6,30,14,1,15,0,489.4,0,2,1,0,0
2005,6,30,14,1,15,130,8.6,0,2,0,0,130
2005,6,30,15,1,15,0,489.4,0,2,1,0,0
2005,6,30,15,1,15,130,8.6,0,2,0,0,130
2005,6,30,16,1,15,0,489.4,0,2,1,0,0
2005,6,30,16,1,15,130,8.6,0,2,0,0,130
2005,6,30,17,1,15,0,489.4,0,2,1,0,0
2005,6,30,17,1,15,130,8.6,0,2,0,0,130
2005,6,30,18,1,15,0,489.4,0,2,1,0,0
2005,6,30,18,1,15,130,8.6,0,2,0,0,130
2005,6,30,19,1,15,0,489.4,0,2,1,0,0
2005,6,30,19,1,15,130,8.6,0,2,0,0,130
2005,6,30,20,1,15,0,489.4,0,2,1,0,0
2005,6,30,20,1,15,130,8.6,0,2,0,0,130
2005,6,30,21,1,15,0,489.4,0,2,1,0,0
2005,6,30,21,1,15,130,8.6,0,2,0,0,130
2005,6,30,22,1,15,0,489.4,0,2,1,0,0
2005,6,30,22,1,15,130,8.6,0,2,0,0,130
2005,6,30,23,1,15,0,489.4,0,2,1,0,0
2005,6,30,23,1,15,130,8.6,0,2,0,0,130
2005,6,30,24,1,15,0,489.4,0,2,1,0,0
2005,6,30,24,1,15,130,8.6,0,2,0,0,130
2005,6,30,1,2,15,0,334.6,0,2,1,0,0
2005,6,30,1,2,15,130,5.9,0,2,0,0,130
2005,6,30,2,2,15,0,334.6,0,2,1,0,0
2005,6,30,2,2,15,130,5.9,0,2,0,0,130
2005,6,30,3,2,15,0,334.6,0,2,1,0,0
2005,6,30,3,2,15,130,5.9,0,2,0,0,130
2005,6,30,4,2,15,0,334.6,0,2,1,0,0
2005,6,30,4,2,15,130,5.9,0,2,0,0,130
2005,6,30,5,2,15,0,334.6,0,2,1,0,0
2005,6,30,5,2,15,130,5.9,0,2,0,0,130
2005,6,30,6,2,15,0,334.6,0,2,1,0,0
2005,6,30,6,2,15,130,5.9,0,2,0,0,130
2005,6,30,7,2,15,0,334.6,0,2,1,0,0
2005,6,30,7,2,15,130,5.9,0,2,0,0,130
2005,6,30,8,2,15,0,334.6,0,2,1,0,0
2005,6,30,8,2,15,130,5.9,0,2,0,0,130
2005,6,30,9,2,15,0,334.6,0,2,1,0,0
2005,6,30,9,2,15,130,5.9,0,2,0,0,130
2005,6,30,10,2,15,0,334.6,0,2,1,0,0
2005,6,30,10,2,15,130,5.9,0,2,0,0,130
2005,6,30,11,2,15,0,334.6,0,2,1,0,0
2005,6,30,11,2,15,130,5.9,0,2,0,0,130
2005,6,30,12,2,15,0,334.6,0,2,1,0,0
2005,6,30,12,2,15,130,5.9,0,2,0,0,130
2005,6,30,13,2,15,0,334.6,0,2,1,0,0
2005,6,30,13,2,15,130,5.9,0,2,0,0,130
2005,6,30,14,2,15,0,334.6,0,2,1,0,0
2005,6,30,14,2,15,130,5.9,0,2,0,0,130
2005,6,30,15,2,15,0,334.6,0,2,1,0,0
2005,6,30,15,2,15,130,5.9,0,2,0,0,130
2005,6,30,16,2,15,0,334.6,0,2,1,0,0
2005,6,30,16,2,15,130,5.9,0,2,0,0,130
2005,6,30,17,2,15,0,334.6,0,2,1,0,0
2005,6,30,17,2,15,130,5.9,0,2,0,0,130
2005,6,30,18,2,15,0,334.6,0,2,1,0,0
2005,6,30,18,2,15,130,5.9,0,2,0,0,130
2005,6,30,19,2,15,0,334.6,0,2,1,0,0
2005,6,30,19,2,15,130,5.9,0,2,0,0,130
2005,6,30,20,2,15,0,334.6,0,2,1,0,0
2005,6,30,20,2,15,130,5.9,0,2,0,0,130
2005,6,30,21,2,15,0,334.6,0,2,1,0,0
2005,6,30,21,2,15,130,5.9,0,2,0,0,130
2005,6,30,22,2,15,0,334.6,0,2,1,0,0
2005,6,30,22,2,15,130,5.9,0,2,0,0,130
2005,6,30,23,2,15,0,334.6,0,2,1,0,0
2005,6,30,23,2,15,130,5.9,0,2,0,0,130
2005,6,30,24,2,15,0,334.6,0,2,1,0,0
2005,6,30,24,2,15,130,5.9,0,2,0,0,130
2005,6,30,1,5,15,0,104.9,0,2,1,0,0
2005,6,30,1,5,15,130,1.8,0,2,0,0,130
2005,6,30,2,5,15,0,104.9,0,2,1,0,0
2005,6,30,2,5,15,130,1.8,0,2,0,0,130
2005,6,30,3,5,15,0,104.9,0,2,1,0,0
2005,6,30,3,5,15,130,1.8,0,2,0,0,130
2005,6,30,4,5,15,0,104.9,0,2,1,0,0
2005,6,30,4,5,15,130,1.8,0,2,0,0,130
2005,6,30,5,5,15,0,104.9,0,2,1,0,0
2005,6,30,5,5,15,130,1.8,0,2,0,0,130
2005,6,30,6,5,15,0,104.9,0,2,1,0,0
2005,6,30,6,5,15,130,1.8,0,2,0,0,130
2005,6,30,7,5,15,0,104.9,0,2,1,0,0
2005,6,30,7,5,15,130,1.8,0,2,0,0,130
2005,6,30,8,5,15,0,104.9,0,2,1,0,0
2005,6,30,8,5,15,130,1.8,0,2,0,0,130
2005,6,30,9,5,15,0,104.9,0,2,1,0,0
2005,6,30,9,5,15,130,1.8,0,2,0,0,130
2005,6,30,10,5,15,0,104.9,0,2,1,0,0
2005,6,30,10,5,15,130,1.8,0,2,0,0,130
2005,6,30,11,5,15,0,104.9,0,2,1,0,0
2005,6,30,11,5,15,130,1.8,0,2,0,0,130
2005,6,30,12,5,15,0,104.9,0,2,1,0,0
2005,6,30,12,5,15,130,1.8,0,2,0,0,130
2005,6,30,13,5,15,0,104.9,0,2,1,0,0
2005,6,30,13,5,15,130,1.8,0,2,0,0,130
2005,6,30,14,5,15,0,104.9,0,2,1,0,0
2005,6,30,14,5,15,130,1.8,0,2,0,0,130
2005,6,30,15,5,15,0,104.9,0,2,1,0,0
2005,6,30,15,5,15,130,1.8,0,2,0,0,130
2005,6,30,16,5,15,0,104.9,0,2,1,0,0
2005,6,30,16,5,15,130,1.8,0,2,0,0,130
2005,6,30,17,5,15,0,104.9,0,2,1,0,0
2005,6,30,17,5,15,130,1.8,0,2,0,0,130
2005,6,30,18,5,15,0,104.9,0,2,1,0,0
2005,6,30,18,5,15,130,1.8,0,2,0,0,130
2005,6,30,19,5,15,0,104.9,0,2,1,0,0
2005,6,30,19,5,15,130,1.8,0,2,0,0,130
2005,6,30,20,5,15,0,104.9,0,2,1,0,0
2005,6,30,20,5,15,130,1.8,0,2,0,0,130
2005,6,30,21,5,15,0,104.9,0,2,1,0,0
2005,6,30,21,5,15,130,1.8,0,2,0,0,130
2005,6,30,22,5,15,0,104.9,0,2,1,0,0
2005,6,30,22,5,15,130,1.8,0,2,0,0,130
2005,6,30,23,5,15,0,104.9,0,2,1,0,0
2005,6,30,23,5,15,130,1.8,0,2,0,0,130
2005,6,30,24,5,15,0,104.9,0,2,1,0,0
2005,6,30,24,5,15,130,1.8,0,2,0,0,130
2005,6,30,1,9,16,0,2.3,0,2,1,0,0
2005,6,30,2,9,16,0,2.3,0,2,1,0,0
2005,6,30,3,9,16,0,2.3,0,2,1,0,0
2005,6,30,4,9,16,0,2.3,0,2,1,0,0
2005,6,30,5,9,16,0,2.3,0,2,1,0,0
2005,6,30,6,9,16,0,2.3,0,2,1,0,0
2005,6,30,7,9,16,0,2.3,0,2,1,0,0
2005,6,30,8,9,16,0,2.3,0,2,1,0,0
2005,6,30,9,9,16,0,2.3,0,2,1,0,0
2005,6,30,10,9,16,0,2.1,0,2,1,0,0
2005,6,30,11,9,16,0,2.1,0,2,1,0,0
2005,6,30,12,9,16,0,2.1,0,2,1,0,0
2005,6,30,13,9,16,0,2.1,0,2,1,0,0
2005,6,30,14,9,16,0,2.1,0,2,1,0,0
2005,6,30,15,9,16,0,2.1,0,2,1,0,0
2005,6,30,16,9,16,0,2.1,0,2,1,0,0
2005,6,30,17,9,16,0,2.1,0,2,1,0,0
2005,6,30,18,9,16,0,2.1,0,2,1,0,0
2005,6,30,19,9,16,0,2,0,2,1,0,0
2005,6,30,20,9,16,0,2,0,2,1,0,0
2005,6,30,21,9,16,0,2,0,2,1,0,0
2005,6,30,22,9,16,0,2.3,0,2,1,0,0
2005,6,30,23,9,16,0,2.3,0,2,1,0,0
2005,6,30,24,9,16,0,2.3,0,2,1,0,0
2005,6,30,1,9,1014,0,703,.354815,2,1,0,0
2005,6,30,2,9,1014,0,703,.354815,2,1,0,0
2005,6,30,3,9,1014,0,703,.354815,2,1,0,0
2005,6,30,4,9,1014,0,703,.354815,2,1,0,0
2005,6,30,5,9,1014,0,703,.354815,2,1,0,0
2005,6,30,6,9,1014,0,703,.354815,2,1,0,0
2005,6,30,7,9,1014,0,703,.354815,2,1,0,0
2005,6,30,8,9,1014,0,703,.354815,2,1,0,0
2005,6,30,9,9,1014,0,703,.354815,2,1,0,0
2005,6,30,10,9,1014,0,351.5,.354815,2,1,0,0
2005,6,30,11,9,1014,0,351.5,.354815,2,1,0,0
2005,6,30,12,9,1014,0,351.5,.354815,2,1,0,0
2005,6,30,13,9,1014,0,351.5,.354815,2,1,0,0
2005,6,30,14,9,1014,0,351.5,.354815,2,1,0,0
2005,6,30,15,9,1014,0,351.5,.354815,2,1,0,0
2005,6,30,16,9,1014,0,351.5,.354815,2,1,0,0
2005,6,30,17,9,1014,0,380,.354815,2,1,0,0
2005,6,30,18,9,1014,0,475,.354815,2,1,0,0
2005,6,30,19,9,1014,0,703,.354815,2,1,0,0
2005,6,30,20,9,1014,0,703,.354815,2,1,0,0
2005,6,30,21,9,1014,0,703,.354815,2,1,0,0
2005,6,30,22,9,1014,0,703,.354815,2,1,0,0
2005,6,30,23,9,1014,0,703,.354815,2,1,0,0
2005,6,30,24,9,1014,0,703,.354815,2,1,0,0
2005,6,30,1,9,18,0,5.1,0,2,1,0,0
2005,6,30,2,9,18,0,5.1,0,2,1,0,0
2005,6,30,3,9,18,0,5.1,0,2,1,0,0
2005,6,30,4,9,18,0,5.1,0,2,1,0,0
2005,6,30,5,9,18,0,5.1,0,2,1,0,0
2005,6,30,6,9,18,0,5.1,0,2,1,0,0
2005,6,30,7,9,18,0,5.1,0,2,1,0,0
2005,6,30,8,9,18,0,5.1,0,2,1,0,0
2005,6,30,9,9,18,0,5.1,0,2,1,0,0
2005,6,30,10,9,18,0,5.1,0,2,1,0,0
2005,6,30,11,9,18,0,5.1,0,2,1,0,0
2005,6,30,12,9,18,0,5,0,2,1,0,0
2005,6,30,13,9,18,0,5,0,2,1,0,0
2005,6,30,14,9,18,0,5,0,2,1,0,0
2005,6,30,15,9,18,0,5,0,2,1,0,0
2005,6,30,16,9,18,0,5.1,0,2,1,0,0
2005,6,30,17,9,18,0,5.1,0,2,1,0,0
2005,6,30,18,9,18,0,5.1,0,2,1,0,0
2005,6,30,19,9,18,0,5.1,0,2,1,0,0
2005,6,30,20,9,18,0,5.1,0,2,1,0,0
2005,6,30,21,9,18,0,5.1,0,2,1,0,0
2005,6,30,22,9,18,0,5.1,0,2,1,0,0
2005,6,30,23,9,18,0,5.1,0,2,1,0,0
2005,6,30,24,9,18,0,5.1,0,2,1,0,0
2005,6,30,1,9,19,0,8.1,0,2,1,0,0
2005,6,30,2,9,19,0,8.1,0,2,1,0,0
2005,6,30,3,9,19,0,8.1,0,2,1,0,0
2005,6,30,4,9,19,0,8.1,0,2,1,0,0
2005,6,30,5,9,19,0,8.1,0,2,1,0,0
2005,6,30,6,9,19,0,8.2,0,2,1,0,0
2005,6,30,7,9,19,0,8.2,0,2,1,0,0
2005,6,30,8,9,19,0,8.2,0,2,1,0,0
2005,6,30,9,9,19,0,8.5,0,2,1,0,0
2005,6,30,10,9,19,0,8.5,0,2,1,0,0
2005,6,30,11,9,19,0,9.2,0,2,1,0,0
2005,6,30,12,9,19,0,9.2,0,2,1,0,0
2005,6,30,13,9,19,0,9.2,0,2,1,0,0
2005,6,30,14,9,19,0,9.1,0,2,1,0,0
2005,6,30,15,9,19,0,9.1,0,2,1,0,0
2005,6,30,16,9,19,0,9.1,0,2,1,0,0
2005,6,30,17,9,19,0,9.1,0,2,1,0,0
2005,6,30,18,9,19,0,9.2,0,2,1,0,0
2005,6,30,19,9,19,0,9.2,0,2,1,0,0
2005,6,30,20,9,19,0,9.2,0,2,1,0,0
2005,6,30,21,9,19,0,9.2,0,2,1,0,0
2005,6,30,22,9,19,0,9.2,0,2,1,0,0
2005,6,30,23,9,19,0,8.3,0,2,1,0,0
2005,6,30,24,9,19,0,8.2,0,2,1,0,0
2005,6,30,1,1,1015,0,230,.370879,2,1,0,0
2005,6,30,1,1,1015,36.08,50,.370879,2,1,0,43.992637
2005,6,30,1,1,1015,37.68,50,.370879,2,1,0,43.992637
2005,6,30,1,1,1015,39.28,20,.370879,2,1,0,43.992637
2005,6,30,1,1,1015,53.82,39.2,.370879,2,0,0,43.992637
2005,6,30,2,1,1015,0,230,.370879,2,1,0,0
2005,6,30,2,1,1015,36.08,50,.370879,2,1,0,43.992637
2005,6,30,2,1,1015,37.68,50,.370879,2,1,0,43.992637
2005,6,30,2,1,1015,39.28,20,.370879,2,1,0,43.992637
2005,6,30,2,1,1015,53.82,39.2,.370879,2,0,0,43.992637
2005,6,30,3,1,1015,0,230,.370879,2,1,0,0
2005,6,30,3,1,1015,36.08,50,.370879,2,1,0,43.992637
2005,6,30,3,1,1015,37.68,50,.370879,2,1,0,43.992637
2005,6,30,3,1,1015,39.28,.3,.370879,2,1,0,43.992637
2005,6,30,3,1,1015,53.82,39.2,.370879,2,0,0,43.992637
2005,6,30,4,1,1015,0,230,.370879,2,1,0,0
2005,6,30,4,1,1015,36.08,50,.370879,2,1,0,43.992637
2005,6,30,4,1,1015,37.68,50,.370879,2,1,0,43.992637
2005,6,30,4,1,1015,39.28,20,.370879,2,0,0,43.992637
2005,6,30,4,1,1015,53.82,39.2,.370879,2,0,0,43.992637
2005,6,30,5,1,1015,0,230,.370879,2,1,0,0
2005,6,30,5,1,1015,36.08,50,.370879,2,1,0,43.992637
2005,6,30,5,1,1015,37.68,50,.370879,2,1,0,43.992637
2005,6,30,5,1,1015,39.28,20,.370879,2,0,0,43.992637
2005,6,30,5,1,1015,53.82,39.2,.370879,2,0,0,43.992637
2005,6,30,6,1,1015,0,230,.370879,2,1,0,0
2005,6,30,6,1,1015,36.08,50,.370879,2,1,0,43.992637
2005,6,30,6,1,1015,37.68,50,.370879,2,1,0,43.992637
2005,6,30,6,1,1015,39.28,20,.370879,2,0,0,43.992637
2005,6,30,6,1,1015,53.82,39.2,.370879,2,0,0,43.992637
2005,6,30,7,1,1015,0,230,.370879,2,1,0,0
2005,6,30,7,1,1015,36.08,50,.370879,2,1,0,43.992637
2005,6,30,7,1,1015,37.68,50,.370879,2,1,0,43.992637
2005,6,30,7,1,1015,39.28,20,.370879,2,1,0,43.992637
2005,6,30,7,1,1015,53.82,39.2,.370879,2,0,0,43.992637
2005,6,30,8,1,1015,0,230,.370879,2,1,0,0
2005,6,30,8,1,1015,36.08,50,.370879,2,1,0,43.992637
2005,6,30,8,1,1015,37.68,50,.370879,2,1,0,43.992637
2005,6,30,8,1,1015,39.28,20,.370879,2,1,0,43.992637
2005,6,30,8,1,1015,53.82,39.2,.370879,2,0,0,43.992637
2005,6,30,9,1,1015,0,230,.370879,2,1,0,0
2005,6,30,9,1,1015,36.08,50,.370879,2,1,0,43.992637
2005,6,30,9,1,1015,37.68,50,.370879,2,1,0,43.992637
2005,6,30,9,1,1015,39.28,20,.370879,2,1,0,43.992637
2005,6,30,9,1,1015,53.82,39.2,.370879,2,1,0,43.992637
2005,6,30,10,1,1015,0,230,.370879,2,1,0,0
2005,6,30,10,1,1015,36.08,50,.370879,2,1,0,43.992637
2005,6,30,10,1,1015,37.68,50,.370879,2,1,0,43.992637
2005,6,30,10,1,1015,39.28,20,.370879,2,1,0,43.992637
2005,6,30,10,1,1015,53.82,39.2,.370879,2,1,0,43.992637
2005,6,30,11,1,1015,0,230,.370879,2,1,0,0
2005,6,30,11,1,1015,36.08,50,.370879,2,1,0,43.992637
2005,6,30,11,1,1015,37.68,50,.370879,2,1,0,43.992637
2005,6,30,11,1,1015,39.28,20,.370879,2,1,0,43.992637
2005,6,30,11,1,1015,53.82,39.2,.370879,2,1,0,43.992637
2005,6,30,12,1,1015,0,230,.370879,2,1,0,0
2005,6,30,12,1,1015,36.08,50,.370879,2,1,0,43.992637
2005,6,30,12,1,1015,37.68,50,.370879,2,1,0,43.992637
2005,6,30,12,1,1015,39.28,20,.370879,2,1,0,43.992637
2005,6,30,12,1,1015,53.82,39.2,.370879,2,1,0,43.992637
2005,6,30,13,1,1015,0,230,.370879,2,1,0,0
2005,6,30,13,1,1015,36.08,50,.370879,2,1,0,43.992637
2005,6,30,13,1,1015,37.68,50,.370879,2,1,0,43.992637
2005,6,30,13,1,1015,39.28,20,.370879,2,1,0,43.992637
2005,6,30,13,1,1015,53.82,39.2,.370879,2,1,0,43.992637
2005,6,30,14,1,1015,0,230,.370879,2,1,0,0
2005,6,30,14,1,1015,36.08,50,.370879,2,1,0,43.992637
2005,6,30,14,1,1015,37.68,50,.370879,2,1,0,43.992637
2005,6,30,14,1,1015,39.28,20,.370879,2,1,0,43.992637
2005,6,30,14,1,1015,53.82,39.2,.370879,2,1,0,43.992637
2005,6,30,15,1,1015,0,230,.370879,2,1,0,0
2005,6,30,15,1,1015,36.08,50,.370879,2,1,0,43.992637
2005,6,30,15,1,1015,37.68,50,.370879,2,1,0,43.992637
2005,6,30,15,1,1015,39.28,20,.370879,2,1,0,43.992637
2005,6,30,15,1,1015,53.82,39.2,.370879,2,1,0,43.992637
2005,6,30,16,1,1015,0,230,.370879,2,1,0,0
2005,6,30,16,1,1015,36.08,50,.370879,2,1,0,43.992637
2005,6,30,16,1,1015,37.68,50,.370879,2,1,0,43.992637
2005,6,30,16,1,1015,39.28,20,.370879,2,1,0,43.992637
2005,6,30,16,1,1015,53.82,39.2,.370879,2,1,0,43.992637
2005,6,30,17,1,1015,0,230,.370879,2,1,0,0
2005,6,30,17,1,1015,36.08,50,.370879,2,1,0,43.992637
2005,6,30,17,1,1015,37.68,50,.370879,2,1,0,43.992637
2005,6,30,17,1,1015,39.28,20,.370879,2,1,0,43.992637
2005,6,30,17,1,1015,53.82,39.2,.370879,2,1,0,43.992637
2005,6,30,18,1,1015,0,230,.370879,2,1,0,0
2005,6,30,18,1,1015,36.08,50,.370879,2,1,0,43.992637
2005,6,30,18,1,1015,37.68,50,.370879,2,1,0,43.992637
2005,6,30,18,1,1015,39.28,20,.370879,2,1,0,43.992637
2005,6,30,18,1,1015,53.82,39.2,.370879,2,1,0,43.992637
2005,6,30,19,1,1015,0,230,.370879,2,1,0,0
2005,6,30,19,1,1015,36.08,50,.370879,2,1,0,43.992637
2005,6,30,19,1,1015,37.68,50,.370879,2,1,0,43.992637
2005,6,30,19,1,1015,39.28,20,.370879,2,1,0,43.992637
2005,6,30,19,1,1015,53.82,39.2,.370879,2,1,0,43.992637
2005,6,30,20,1,1015,0,230,.370879,2,1,0,0
2005,6,30,20,1,1015,36.08,50,.370879,2,1,0,43.992637
2005,6,30,20,1,1015,37.68,50,.370879,2,1,0,43.992637
2005,6,30,20,1,1015,39.28,20,.370879,2,1,0,43.992637
2005,6,30,20,1,1015,53.82,39.2,.370879,2,1,0,43.992637
2005,6,30,21,1,1015,0,230,.370879,2,1,0,0
2005,6,30,21,1,1015,36.08,50,.370879,2,1,0,43.992637
2005,6,30,21,1,1015,37.68,50,.370879,2,1,0,43.992637
2005,6,30,21,1,1015,39.28,20,.370879,2,1,0,43.992637
2005,6,30,21,1,1015,53.82,39.2,.370879,2,1,0,43.992637
2005,6,30,22,1,1015,0,230,.370879,2,1,0,0
2005,6,30,22,1,1015,36.08,50,.370879,2,1,0,43.992637
2005,6,30,22,1,1015,37.68,50,.370879,2,1,0,43.992637
2005,6,30,22,1,1015,39.28,20,.370879,2,1,0,43.992637
2005,6,30,22,1,1015,53.82,39.2,.370879,2,1,0,43.992637
2005,6,30,23,1,1015,0,230,.370879,2,1,0,0
2005,6,30,23,1,1015,36.08,50,.370879,2,1,0,43.992637
2005,6,30,23,1,1015,37.68,50,.370879,2,1,0,43.992637
2005,6,30,23,1,1015,39.28,20,.370879,2,1,0,43.992637
2005,6,30,23,1,1015,53.82,39.2,.370879,2,1,0,43.992637
2005,6,30,24,1,1015,0,230,.370879,2,1,0,0
2005,6,30,24,1,1015,36.08,50,.370879,2,1,0,43.992637
2005,6,30,24,1,1015,37.68,50,.370879,2,1,0,43.992637
2005,6,30,24,1,1015,39.28,20,.370879,2,1,0,43.992637
2005,6,30,24,1,1015,53.82,39.2,.370879,2,0,0,43.992637
2005,6,30,1,1,1016,0,230,.370879,2,1,0,0
2005,6,30,1,1,1016,35.87,50,.370879,2,1,0,43.992637
2005,6,30,1,1,1016,37.47,50,.370879,2,1,0,43.992637
2005,6,30,1,1,1016,39.07,30,.370879,2,1,0,43.992637
2005,6,30,1,1,1016,53.59,13.2,.370879,2,0,0,43.992637
2005,6,30,2,1,1016,0,230,.370879,2,1,0,0
2005,6,30,2,1,1016,35.87,50,.370879,2,1,0,43.992637
2005,6,30,2,1,1016,37.47,50,.370879,2,1,0,43.992637
2005,6,30,2,1,1016,39.07,30,.370879,2,1,0,43.992637
2005,6,30,2,1,1016,53.59,13.2,.370879,2,0,0,43.992637
2005,6,30,3,1,1016,0,230,.370879,2,1,0,0
2005,6,30,3,1,1016,35.87,50,.370879,2,1,0,43.992637
2005,6,30,3,1,1016,37.47,50,.370879,2,1,0,43.992637
2005,6,30,3,1,1016,39.07,30,.370879,2,1,0,43.992637
2005,6,30,3,1,1016,53.59,13.2,.370879,2,0,0,43.992637
2005,6,30,4,1,1016,0,230,.370879,2,1,0,0
2005,6,30,4,1,1016,35.87,50,.370879,2,1,0,43.992637
2005,6,30,4,1,1016,37.47,50,.370879,2,1,0,43.992637
2005,6,30,4,1,1016,39.07,30,.370879,2,0,0,43.992637
2005,6,30,4,1,1016,53.59,13.2,.370879,2,0,0,43.992637
2005,6,30,5,1,1016,0,230,.370879,2,1,0,0
2005,6,30,5,1,1016,35.87,50,.370879,2,1,0,43.992637
2005,6,30,5,1,1016,37.47,50,.370879,2,1,0,43.992637
2005,6,30,5,1,1016,39.07,30,.370879,2,0,0,43.992637
2005,6,30,5,1,1016,53.59,13.2,.370879,2,0,0,43.992637
2005,6,30,6,1,1016,0,230,.370879,2,1,0,0
2005,6,30,6,1,1016,35.87,50,.370879,2,1,0,43.992637
2005,6,30,6,1,1016,37.47,50,.370879,2,1,0,43.992637
2005,6,30,6,1,1016,39.07,30,.370879,2,1,0,43.992637
2005,6,30,6,1,1016,53.59,13.2,.370879,2,0,0,43.992637
2005,6,30,7,1,1016,0,230,.370879,2,1,0,0
2005,6,30,7,1,1016,35.87,50,.370879,2,1,0,43.992637
2005,6,30,7,1,1016,37.47,50,.370879,2,1,0,43.992637
2005,6,30,7,1,1016,39.07,30,.370879,2,1,0,43.992637
2005,6,30,7,1,1016,53.59,13.2,.370879,2,0,0,43.992637
2005,6,30,8,1,1016,0,230,.370879,2,1,0,0
2005,6,30,8,1,1016,35.87,50,.370879,2,1,0,43.992637
2005,6,30,8,1,1016,37.47,50,.370879,2,1,0,43.992637
2005,6,30,8,1,1016,39.07,30,.370879,2,1,0,43.992637
2005,6,30,8,1,1016,53.59,13.2,.370879,2,0,0,43.992637
2005,6,30,9,1,1016,0,230,.370879,2,1,0,0
2005,6,30,9,1,1016,35.87,50,.370879,2,1,0,43.992637
2005,6,30,9,1,1016,37.47,50,.370879,2,1,0,43.992637
2005,6,30,9,1,1016,39.07,30,.370879,2,1,0,43.992637
2005,6,30,9,1,1016,53.59,13.2,.370879,2,1,0,43.992637
2005,6,30,10,1,1016,0,230,.370879,2,1,0,0
2005,6,30,10,1,1016,35.87,50,.370879,2,1,0,43.992637
2005,6,30,10,1,1016,37.47,50,.370879,2,1,0,43.992637
2005,6,30,10,1,1016,39.07,30,.370879,2,1,0,43.992637
2005,6,30,10,1,1016,53.59,13.2,.370879,2,1,0,43.992637
2005,6,30,11,1,1016,0,230,.370879,2,1,0,0
2005,6,30,11,1,1016,35.87,50,.370879,2,1,0,43.992637
2005,6,30,11,1,1016,37.47,50,.370879,2,1,0,43.992637
2005,6,30,11,1,1016,39.07,30,.370879,2,1,0,43.992637
2005,6,30,11,1,1016,53.59,13.2,.370879,2,1,0,43.992637
2005,6,30,12,1,1016,0,230,.370879,2,1,0,0
2005,6,30,12,1,1016,35.87,50,.370879,2,1,0,43.992637
2005,6,30,12,1,1016,37.47,50,.370879,2,1,0,43.992637
2005,6,30,12,1,1016,39.07,30,.370879,2,1,0,43.992637
2005,6,30,12,1,1016,53.59,13.2,.370879,2,1,0,43.992637
2005,6,30,13,1,1016,0,230,.370879,2,1,0,0
2005,6,30,13,1,1016,35.87,50,.370879,2,1,0,43.992637
2005,6,30,13,1,1016,37.47,50,.370879,2,1,0,43.992637
2005,6,30,13,1,1016,39.07,30,.370879,2,1,0,43.992637
2005,6,30,13,1,1016,53.59,13.2,.370879,2,1,0,43.992637
2005,6,30,14,1,1016,0,230,.370879,2,1,0,0
2005,6,30,14,1,1016,35.87,50,.370879,2,1,0,43.992637
2005,6,30,14,1,1016,37.47,50,.370879,2,1,0,43.992637
2005,6,30,14,1,1016,39.07,30,.370879,2,1,0,43.992637
2005,6,30,14,1,1016,53.59,13.2,.370879,2,1,0,43.992637
2005,6,30,15,1,1016,0,230,.370879,2,1,0,0
2005,6,30,15,1,1016,35.87,50,.370879,2,1,0,43.992637
2005,6,30,15,1,1016,37.47,50,.370879,2,1,0,43.992637
2005,6,30,15,1,1016,39.07,30,.370879,2,1,0,43.992637
2005,6,30,15,1,1016,53.59,13.2,.370879,2,1,0,43.992637
2005,6,30,16,1,1016,0,230,.370879,2,1,0,0
2005,6,30,16,1,1016,35.87,50,.370879,2,1,0,43.992637
2005,6,30,16,1,1016,37.47,50,.370879,2,1,0,43.992637
2005,6,30,16,1,1016,39.07,30,.370879,2,1,0,43.992637
2005,6,30,16,1,1016,53.59,13.2,.370879,2,1,0,43.992637
2005,6,30,17,1,1016,0,230,.370879,2,1,0,0
2005,6,30,17,1,1016,35.87,50,.370879,2,1,0,43.992637
2005,6,30,17,1,1016,37.47,50,.370879,2,1,0,43.992637
2005,6,30,17,1,1016,39.07,30,.370879,2,1,0,43.992637
2005,6,30,17,1,1016,53.59,13.2,.370879,2,1,0,43.992637
2005,6,30,18,1,1016,0,230,.370879,2,1,0,0
2005,6,30,18,1,1016,35.87,50,.370879,2,1,0,43.992637
2005,6,30,18,1,1016,37.47,50,.370879,2,1,0,43.992637
2005,6,30,18,1,1016,39.07,30,.370879,2,1,0,43.992637
2005,6,30,18,1,1016,53.59,13.2,.370879,2,1,0,43.992637
2005,6,30,19,1,1016,0,230,.370879,2,1,0,0
2005,6,30,19,1,1016,35.87,50,.370879,2,1,0,43.992637
2005,6,30,19,1,1016,37.47,50,.370879,2,1,0,43.992637
2005,6,30,19,1,1016,39.07,30,.370879,2,1,0,43.992637
2005,6,30,19,1,1016,53.59,13.2,.370879,2,1,0,43.992637
2005,6,30,20,1,1016,0,230,.370879,2,1,0,0
2005,6,30,20,1,1016,35.87,50,.370879,2,1,0,43.992637
2005,6,30,20,1,1016,37.47,50,.370879,2,1,0,43.992637
2005,6,30,20,1,1016,39.07,30,.370879,2,1,0,43.992637
2005,6,30,20,1,1016,53.59,13.2,.370879,2,1,0,43.992637
2005,6,30,21,1,1016,0,230,.370879,2,1,0,0
2005,6,30,21,1,1016,35.87,50,.370879,2,1,0,43.992637
2005,6,30,21,1,1016,37.47,50,.370879,2,1,0,43.992637
2005,6,30,21,1,1016,39.07,30,.370879,2,1,0,43.992637
2005,6,30,21,1,1016,53.59,13.2,.370879,2,1,0,43.992637
2005,6,30,22,1,1016,0,230,.370879,2,1,0,0
2005,6,30,22,1,1016,35.87,50,.370879,2,1,0,43.992637
2005,6,30,22,1,1016,37.47,50,.370879,2,1,0,43.992637
2005,6,30,22,1,1016,39.07,30,.370879,2,1,0,43.992637
2005,6,30,22,1,1016,53.59,13.2,.370879,2,1,0,43.992637
2005,6,30,23,1,1016,0,230,.370879,2,1,0,0
2005,6,30,23,1,1016,35.87,50,.370879,2,1,0,43.992637
2005,6,30,23,1,1016,37.47,50,.370879,2,1,0,43.992637
2005,6,30,23,1,1016,39.07,30,.370879,2,1,0,43.992637
2005,6,30,23,1,1016,53.59,13.2,.370879,2,1,0,43.992637
2005,6,30,24,1,1016,0,230,.370879,2,1,0,0
2005,6,30,24,1,1016,35.87,50,.370879,2,1,0,43.992637
2005,6,30,24,1,1016,37.47,50,.370879,2,1,0,43.992637
2005,6,30,24,1,1016,39.07,30,.370879,2,1,0,43.992637
2005,6,30,24,1,1016,53.59,13.2,.370879,2,0,0,43.992637
2005,6,30,1,5,1018,.01,200,.342533,2,1,0,.01
2005,6,30,1,5,1018,35.69,3.7,.342533,2,1,0,42.853768
2005,6,30,1,5,1018,35.79,3.7,.342533,2,1,0,42.853768
2005,6,30,1,5,1018,35.89,3.7,.342533,2,1,0,42.853768
2005,6,30,1,5,1018,35.99,3.7,.342533,2,1,0,42.853768
2005,6,30,1,5,1018,36.04,140.2,.342533,2,1,0,42.853768
2005,6,30,1,5,1018,180.3,35,.342533,2,0,0,180.3
2005,6,30,2,5,1018,.01,200,.342533,2,1,0,.01
2005,6,30,2,5,1018,35.69,3.7,.342533,2,1,0,42.853768
2005,6,30,2,5,1018,35.79,3.7,.342533,2,1,0,42.853768
2005,6,30,2,5,1018,35.89,3.7,.342533,2,1,0,42.853768
2005,6,30,2,5,1018,35.99,3.7,.342533,2,1,0,42.853768
2005,6,30,2,5,1018,36.04,140.2,.342533,2,1,0,42.853768
2005,6,30,2,5,1018,180.3,35,.342533,2,0,0,180.3
2005,6,30,3,5,1018,.01,200,.342533,2,1,0,.01
2005,6,30,3,5,1018,35.69,3.7,.342533,2,1,0,42.853768
2005,6,30,3,5,1018,35.79,3.7,.342533,2,1,0,42.853768
2005,6,30,3,5,1018,35.89,3.7,.342533,2,1,0,42.853768
2005,6,30,3,5,1018,35.99,3.7,.342533,2,1,0,42.853768
2005,6,30,3,5,1018,36.04,140.2,.342533,2,1,0,42.853768
2005,6,30,3,5,1018,180.3,35,.342533,2,0,0,180.3
2005,6,30,4,5,1018,.01,200,.342533,2,1,0,.01
2005,6,30,4,5,1018,35.69,3.7,.342533,2,1,0,42.853768
2005,6,30,4,5,1018,35.79,3.7,.342533,2,1,0,42.853768
2005,6,30,4,5,1018,35.89,3.7,.342533,2,1,0,42.853768
2005,6,30,4,5,1018,35.99,3.7,.342533,2,1,0,42.853768
2005,6,30,4,5,1018,36.04,140.2,.342533,2,1,0,42.853768
2005,6,30,4,5,1018,180.3,35,.342533,2,0,0,180.3
2005,6,30,5,5,1018,.01,200,.342533,2,1,0,.01
2005,6,30,5,5,1018,35.69,3.7,.342533,2,1,0,42.853768
2005,6,30,5,5,1018,35.79,3.7,.342533,2,1,0,42.853768
2005,6,30,5,5,1018,35.89,3.7,.342533,2,1,0,42.853768
2005,6,30,5,5,1018,35.99,3.7,.342533,2,1,0,42.853768
2005,6,30,5,5,1018,36.04,140.2,.342533,2,1,0,42.853768
2005,6,30,5,5,1018,180.3,35,.342533,2,0,0,180.3
2005,6,30,6,5,1018,.01,200,.342533,2,1,0,.01
2005,6,30,6,5,1018,35.69,3.7,.342533,2,1,0,42.853768
2005,6,30,6,5,1018,35.79,3.7,.342533,2,1,0,42.853768
2005,6,30,6,5,1018,35.89,3.7,.342533,2,1,0,42.853768
2005,6,30,6,5,1018,35.99,3.7,.342533,2,1,0,42.853768
2005,6,30,6,5,1018,36.04,140.2,.342533,2,1,0,42.853768
2005,6,30,6,5,1018,180.3,35,.342533,2,0,0,180.3
2005,6,30,7,5,1018,.01,200,.342533,2,1,0,.01
2005,6,30,7,5,1018,35.69,3.7,.342533,2,1,0,42.853768
2005,6,30,7,5,1018,35.79,3.7,.342533,2,1,0,42.853768
2005,6,30,7,5,1018,35.89,3.7,.342533,2,1,0,42.853768
2005,6,30,7,5,1018,35.99,3.7,.342533,2,1,0,42.853768
2005,6,30,7,5,1018,36.04,140.2,.342533,2,1,0,42.853768
2005,6,30,7,5,1018,180.3,35,.342533,2,0,0,180.3
2005,6,30,8,5,1018,.01,200,.342533,2,1,0,.01
2005,6,30,8,5,1018,35.69,3.7,.342533,2,1,0,42.853768
2005,6,30,8,5,1018,35.79,3.7,.342533,2,1,0,42.853768
2005,6,30,8,5,1018,35.89,3.7,.342533,2,1,0,42.853768
2005,6,30,8,5,1018,35.99,3.7,.342533,2,1,0,42.853768
2005,6,30,8,5,1018,36.04,140.2,.342533,2,1,0,42.853768
2005,6,30,8,5,1018,180.3,35,.342533,2,0,0,180.3
2005,6,30,9,5,1018,.01,200,.342533,2,1,0,.01
2005,6,30,9,5,1018,35.69,3.7,.342533,2,1,0,42.853768
2005,6,30,9,5,1018,35.79,3.7,.342533,2,1,0,42.853768
2005,6,30,9,5,1018,35.89,3.7,.342533,2,1,0,42.853768
2005,6,30,9,5,1018,35.99,3.7,.342533,2,1,0,42.853768
2005,6,30,9,5,1018,36.04,80.2,.342533,2,1,0,42.853768
2005,6,30,9,5,1018,151.7,50,.342533,2,0,0,151.7
2005,6,30,9,5,1018,180.3,45,.342533,2,0,0,180.3
2005,6,30,10,5,1018,.01,200,.342533,2,1,0,.01
2005,6,30,10,5,1018,35.69,3.7,.342533,2,1,0,42.853768
2005,6,30,10,5,1018,35.79,3.7,.342533,2,1,0,42.853768
2005,6,30,10,5,1018,35.89,3.7,.342533,2,1,0,42.853768
2005,6,30,10,5,1018,35.99,3.7,.342533,2,1,0,42.853768
2005,6,30,10,5,1018,36.04,80.2,.342533,2,1,0,42.853768
2005,6,30,10,5,1018,151.7,50,.342533,2,0,0,151.7
2005,6,30,10,5,1018,180.3,45,.342533,2,0,0,180.3
2005,6,30,11,5,1018,.01,200,.342533,2,1,0,.01
2005,6,30,11,5,1018,35.69,3.7,.342533,2,1,0,42.853768
2005,6,30,11,5,1018,35.79,3.7,.342533,2,1,0,42.853768
2005,6,30,11,5,1018,35.89,3.7,.342533,2,1,0,42.853768
2005,6,30,11,5,1018,35.99,3.7,.342533,2,1,0,42.853768
2005,6,30,11,5,1018,36.04,80.2,.342533,2,1,0,42.853768
2005,6,30,11,5,1018,151.7,50,.342533,2,0,0,151.7
2005,6,30,11,5,1018,180.3,45,.342533,2,0,0,180.3
2005,6,30,12,5,1018,.01,200,.342533,2,1,0,.01
2005,6,30,12,5,1018,35.69,3.7,.342533,2,1,0,42.853768
2005,6,30,12,5,1018,35.79,3.7,.342533,2,1,0,42.853768
2005,6,30,12,5,1018,35.89,3.7,.342533,2,1,0,42.853768
2005,6,30,12,5,1018,35.99,3.7,.342533,2,1,0,42.853768
2005,6,30,12,5,1018,36.04,80.2,.342533,2,1,0,42.853768
2005,6,30,12,5,1018,151.7,50,.342533,2,0,0,151.7
2005,6,30,12,5,1018,180.3,45,.342533,2,0,0,180.3
2005,6,30,13,5,1018,.01,200,.342533,2,1,0,.01
2005,6,30,13,5,1018,35.69,3.7,.342533,2,1,0,42.853768
2005,6,30,13,5,1018,35.79,3.7,.342533,2,1,0,42.853768
2005,6,30,13,5,1018,35.89,3.7,.342533,2,1,0,42.853768
2005,6,30,13,5,1018,35.99,3.7,.342533,2,1,0,42.853768
2005,6,30,13,5,1018,36.04,70.2,.342533,2,1,0,42.853768
2005,6,30,13,5,1018,151.7,50,.342533,2,0,0,151.7
2005,6,30,13,5,1018,180.3,55,.342533,2,0,0,180.3
2005,6,30,14,5,1018,0,200,.342533,2,1,0,0
2005,6,30,14,5,1018,35.69,3.7,.342533,2,1,0,42.853768
2005,6,30,14,5,1018,35.79,3.7,.342533,2,1,0,42.853768
2005,6,30,14,5,1018,35.89,3.7,.342533,2,1,0,42.853768
2005,6,30,14,5,1018,35.99,3.7,.342533,2,1,0,42.853768
2005,6,30,14,5,1018,36.04,70.2,.342533,2,1,0,42.853768
2005,6,30,14,5,1018,151.7,50,.342533,2,0,0,151.7
2005,6,30,14,5,1018,180.3,55,.342533,2,0,0,180.3
2005,6,30,15,5,1018,0,200,.342533,2,1,0,0
2005,6,30,15,5,1018,35.69,3.7,.342533,2,1,0,42.853768
2005,6,30,15,5,1018,35.79,3.7,.342533,2,1,0,42.853768
2005,6,30,15,5,1018,35.89,3.7,.342533,2,1,0,42.853768
2005,6,30,15,5,1018,35.99,3.7,.342533,2,1,0,42.853768
2005,6,30,15,5,1018,36.04,70.2,.342533,2,1,0,42.853768
2005,6,30,15,5,1018,151.7,50,.342533,2,0,0,151.7
2005,6,30,15,5,1018,180.3,55,.342533,2,0,0,180.3
2005,6,30,16,5,1018,0,200,.342533,2,1,0,0
2005,6,30,16,5,1018,35.69,3.7,.342533,2,1,0,42.853768
2005,6,30,16,5,1018,35.79,3.7,.342533,2,1,0,42.853768
2005,6,30,16,5,1018,35.89,3.7,.342533,2,1,0,42.853768
2005,6,30,16,5,1018,35.99,3.7,.342533,2,1,0,42.853768
2005,6,30,16,5,1018,36.04,70.2,.342533,2,1,0,42.853768
2005,6,30,16,5,1018,151.7,50,.342533,2,0,0,151.7
2005,6,30,16,5,1018,180.3,55,.342533,2,0,0,180.3
2005,6,30,17,5,1018,0,200,.342533,2,1,0,0
2005,6,30,17,5,1018,35.69,3.7,.342533,2,1,0,42.853768
2005,6,30,17,5,1018,35.79,3.7,.342533,2,1,0,42.853768
2005,6,30,17,5,1018,35.89,3.7,.342533,2,1,0,42.853768
2005,6,30,17,5,1018,35.99,3.7,.342533,2,1,0,42.853768
2005,6,30,17,5,1018,36.04,70.2,.342533,2,1,0,42.853768
2005,6,30,17,5,1018,151.7,50,.342533,2,0,0,151.7
2005,6,30,17,5,1018,180.3,55,.342533,2,0,0,180.3
2005,6,30,18,5,1018,0,200,.342533,2,1,0,0
2005,6,30,18,5,1018,35.69,3.7,.342533,2,1,0,42.853768
2005,6,30,18,5,1018,35.79,3.7,.342533,2,1,0,42.853768
2005,6,30,18,5,1018,35.89,3.7,.342533,2,1,0,42.853768
2005,6,30,18,5,1018,35.99,3.7,.342533,2,1,0,42.853768
2005,6,30,18,5,1018,36.04,70.2,.342533,2,1,0,42.853768
2005,6,30,18,5,1018,151.7,50,.342533,2,0,0,151.7
2005,6,30,18,5,1018,180.3,55,.342533,2,0,0,180.3
2005,6,30,19,5,1018,0,200,.342533,2,1,0,0
2005,6,30,19,5,1018,35.69,3.7,.342533,2,1,0,42.853768
2005,6,30,19,5,1018,35.79,3.7,.342533,2,1,0,42.853768
2005,6,30,19,5,1018,35.89,3.7,.342533,2,1,0,42.853768
2005,6,30,19,5,1018,35.99,3.7,.342533,2,1,0,42.853768
2005,6,30,19,5,1018,36.04,70.2,.342533,2,1,0,42.853768
2005,6,30,19,5,1018,151.7,50,.342533,2,0,0,151.7
2005,6,30,19,5,1018,180.3,55,.342533,2,0,0,180.3
2005,6,30,20,5,1018,0,200,.342533,2,1,0,0
2005,6,30,20,5,1018,35.69,3.7,.342533,2,1,0,42.853768
2005,6,30,20,5,1018,35.79,3.7,.342533,2,1,0,42.853768
2005,6,30,20,5,1018,35.89,3.7,.342533,2,1,0,42.853768
2005,6,30,20,5,1018,35.99,3.7,.342533,2,1,0,42.853768
2005,6,30,20,5,1018,36.04,70.2,.342533,2,1,0,42.853768
2005,6,30,20,5,1018,151.7,50,.342533,2,0,0,151.7
2005,6,30,20,5,1018,180.3,55,.342533,2,0,0,180.3
2005,6,30,21,5,1018,0,200,.342533,2,1,0,0
2005,6,30,21,5,1018,35.69,3.7,.342533,2,1,0,42.853768
2005,6,30,21,5,1018,35.79,3.7,.342533,2,1,0,42.853768
2005,6,30,21,5,1018,35.89,3.7,.342533,2,1,0,42.853768
2005,6,30,21,5,1018,35.99,3.7,.342533,2,1,0,42.853768
2005,6,30,21,5,1018,36.04,80.2,.342533,2,1,0,42.853768
2005,6,30,21,5,1018,151.7,50,.342533,2,0,0,151.7
2005,6,30,21,5,1018,180.3,45,.342533,2,0,0,180.3
2005,6,30,22,5,1018,0,200,.342533,2,1,0,0
2005,6,30,22,5,1018,35.69,3.7,.342533,2,1,0,42.853768
2005,6,30,22,5,1018,35.79,3.7,.342533,2,1,0,42.853768
2005,6,30,22,5,1018,35.89,3.7,.342533,2,1,0,42.853768
2005,6,30,22,5,1018,35.99,3.7,.342533,2,1,0,42.853768
2005,6,30,22,5,1018,36.04,80.2,.342533,2,1,0,42.853768
2005,6,30,22,5,1018,151.7,50,.342533,2,0,0,151.7
2005,6,30,22,5,1018,180.3,45,.342533,2,0,0,180.3
2005,6,30,23,5,1018,0,200,.342533,2,1,0,0
2005,6,30,23,5,1018,35.69,3.7,.342533,2,1,0,42.853768
2005,6,30,23,5,1018,35.79,3.7,.342533,2,1,0,42.853768
2005,6,30,23,5,1018,35.89,3.7,.342533,2,1,0,42.853768
2005,6,30,23,5,1018,35.99,3.7,.342533,2,1,0,42.853768
2005,6,30,23,5,1018,36.04,80.2,.342533,2,1,0,42.853768
2005,6,30,23,5,1018,151.7,50,.342533,2,0,0,151.7
2005,6,30,23,5,1018,180.3,45,.342533,2,0,0,180.3
2005,6,30,24,5,1018,0,200,.342533,2,1,0,0
2005,6,30,24,5,1018,35.69,3.7,.342533,2,1,0,42.853768
2005,6,30,24,5,1018,35.79,3.7,.342533,2,1,0,42.853768
2005,6,30,24,5,1018,35.89,3.7,.342533,2,1,0,42.853768
2005,6,30,24,5,1018,35.99,3.7,.342533,2,1,0,42.853768
2005,6,30,24,5,1018,36.04,80.2,.342533,2,1,0,42.853768
2005,6,30,24,5,1018,151.7,50,.342533,2,0,0,151.7
2005,6,30,24,5,1018,180.3,45,.342533,2,0,0,180.3
2005,6,30,1,5,1019,36.04,102.4,.342533,2,1,0,43.328933
2005,6,30,1,5,1019,180.3,40,.342533,2,0,0,180.3
2005,6,30,2,5,1019,0,3.9,.342533,2,1,0,0
2005,6,30,2,5,1019,35.69,3.7,.342533,2,1,0,43.328933
2005,6,30,2,5,1019,35.79,3.7,.342533,2,1,0,43.328933
2005,6,30,2,5,1019,35.89,3.7,.342533,2,1,0,43.328933
2005,6,30,2,5,1019,35.99,3.7,.342533,2,1,0,43.328933
2005,6,30,2,5,1019,36.04,135.2,.342533,2,1,0,43.328933
2005,6,30,2,5,1019,180.3,40,.342533,2,0,0,180.3
2005,6,30,3,5,1019,0,28.4,.342533,2,1,0,0
2005,6,30,3,5,1019,35.69,3.7,.342533,2,1,0,43.328933
2005,6,30,3,5,1019,35.79,3.7,.342533,2,1,0,43.328933
2005,6,30,3,5,1019,35.89,3.7,.342533,2,1,0,43.328933
2005,6,30,3,5,1019,35.99,3.7,.342533,2,1,0,43.328933
2005,6,30,3,5,1019,36.04,135.2,.342533,2,1,0,43.328933
2005,6,30,3,5,1019,180.3,40,.342533,2,0,0,180.3
2005,6,30,4,5,1019,0,42.7,.342533,2,1,0,0
2005,6,30,4,5,1019,35.69,3.7,.342533,2,1,0,43.328933
2005,6,30,4,5,1019,35.79,3.7,.342533,2,1,0,43.328933
2005,6,30,4,5,1019,35.89,3.7,.342533,2,1,0,43.328933
2005,6,30,4,5,1019,35.99,3.7,.342533,2,1,0,43.328933
2005,6,30,4,5,1019,36.04,135.2,.342533,2,1,0,43.328933
2005,6,30,4,5,1019,180.3,40,.342533,2,0,0,180.3
2005,6,30,5,5,1019,0,56.2,.342533,2,1,0,0
2005,6,30,5,5,1019,35.69,3.7,.342533,2,1,0,43.328933
2005,6,30,5,5,1019,35.79,3.7,.342533,2,1,0,43.328933
2005,6,30,5,5,1019,35.89,3.7,.342533,2,1,0,43.328933
2005,6,30,5,5,1019,35.99,3.7,.342533,2,1,0,43.328933
2005,6,30,5,5,1019,36.04,135.2,.342533,2,1,0,43.328933
2005,6,30,5,5,1019,180.3,40,.342533,2,0,0,180.3
2005,6,30,6,5,1019,0,53.1,.342533,2,1,0,0
2005,6,30,6,5,1019,35.69,3.7,.342533,2,1,0,43.328933
2005,6,30,6,5,1019,35.79,3.7,.342533,2,1,0,43.328933
2005,6,30,6,5,1019,35.89,3.7,.342533,2,1,0,43.328933
2005,6,30,6,5,1019,35.99,3.7,.342533,2,1,0,43.328933
2005,6,30,6,5,1019,36.04,135.2,.342533,2,1,0,43.328933
2005,6,30,6,5,1019,180.3,40,.342533,2,0,0,180.3
2005,6,30,7,5,1019,0,25.5,.342533,2,1,0,0
2005,6,30,7,5,1019,35.69,3.7,.342533,2,1,0,43.328933
2005,6,30,7,5,1019,35.79,3.7,.342533,2,1,0,43.328933
2005,6,30,7,5,1019,35.89,3.7,.342533,2,1,0,43.328933
2005,6,30,7,5,1019,35.99,3.7,.342533,2,1,0,43.328933
2005,6,30,7,5,1019,36.04,135.2,.342533,2,1,0,43.328933
2005,6,30,7,5,1019,180.3,40,.342533,2,0,0,180.3
2005,6,30,8,5,1019,36.04,127.8,.342533,2,1,0,43.328933
2005,6,30,8,5,1019,180.3,40,.342533,2,0,0,180.3
2005,6,30,9,5,1019,36.04,16.2,.342533,2,1,0,43.328933
2005,6,30,9,5,1019,151.7,50,.342533,2,0,0,151.7
2005,6,30,9,5,1019,180.3,40,.342533,2,0,0,180.3
2005,6,30,10,5,1019,151.7,38.1,.342533,2,0,0,151.7
2005,6,30,10,5,1019,180.3,40,.342533,2,0,0,180.3
2005,6,30,11,5,1019,151.7,8.3,.342533,2,0,0,151.7
2005,6,30,11,5,1019,180.3,40,.342533,2,0,0,180.3
2005,6,30,12,5,1019,180.3,31.7,.342533,2,0,0,180.3
2005,6,30,13,5,1019,180.3,18,.342533,2,0,0,180.3
2005,6,30,14,5,1019,180.3,17.2,.342533,2,0,0,180.3
2005,6,30,15,5,1019,151.7,3.7,.342533,2,0,0,151.7
2005,6,30,15,5,1019,180.3,40,.342533,2,0,0,180.3
2005,6,30,16,5,1019,151.7,5.4,.342533,2,0,0,151.7
2005,6,30,16,5,1019,180.3,40,.342533,2,0,0,180.3
2005,6,30,17,5,1019,151.7,5,.342533,2,0,0,151.7
2005,6,30,17,5,1019,180.3,40,.342533,2,0,0,180.3
2005,6,30,18,5,1019,151.7,1.7,.342533,2,0,0,151.7
2005,6,30,18,5,1019,180.3,40,.342533,2,0,0,180.3
2005,6,30,19,5,1019,151.7,6.2,.342533,2,0,0,151.7
2005,6,30,19,5,1019,180.3,40,.342533,2,0,0,180.3
2005,6,30,20,5,1019,151.7,9.8,.342533,2,0,0,151.7
2005,6,30,20,5,1019,180.3,40,.342533,2,0,0,180.3
2005,6,30,21,5,1019,151.7,7,.342533,2,0,0,151.7
2005,6,30,21,5,1019,180.3,40,.342533,2,0,0,180.3
2005,6,30,22,5,1019,180.3,40,.342533,2,0,0,180.3
2005,6,30,23,5,1019,180.3,24.3,.342533,2,0,0,180.3
2005,6,30,24,5,1019,151.7,26,.342533,2,0,0,151.7
2005,6,30,24,5,1019,180.3,40,.342533,2,0,0,180.3
2005,6,30,1,9,24,180.3,.5,0,1,1,0,180.3
2005,6,30,2,9,24,180.3,.5,0,1,1,0,180.3
2005,6,30,3,9,24,180.3,.5,0,1,1,0,180.3
2005,6,30,4,9,24,180.3,.5,0,1,1,0,180.3
2005,6,30,5,9,24,180.3,.5,0,1,1,0,180.3
2005,6,30,6,9,24,180.3,.5,0,1,1,0,180.3
2005,6,30,7,9,24,180.3,.5,0,1,1,0,180.3
2005,6,30,8,9,24,180.3,.5,0,1,1,0,180.3
2005,6,30,9,9,24,180.3,.5,0,1,1,0,180.3
2005,6,30,10,9,24,180.3,.6,0,1,1,0,180.3
2005,6,30,11,9,24,180.3,.5,0,1,1,0,180.3
2005,6,30,12,9,24,180.3,.5,0,1,1,0,180.3
2005,6,30,13,9,24,180.3,.5,0,1,1,0,180.3
2005,6,30,14,9,24,180.3,.5,0,1,1,0,180.3
2005,6,30,15,9,24,180.3,.5,0,1,1,0,180.3
2005,6,30,16,9,24,180.3,.5,0,1,1,0,180.3
2005,6,30,17,9,24,180.3,.5,0,1,1,0,180.3
2005,6,30,18,9,24,180.3,.5,0,1,1,0,180.3
2005,6,30,19,9,24,180.3,.5,0,1,1,0,180.3
2005,6,30,20,9,24,180.3,.5,0,1,1,0,180.3
2005,6,30,21,9,24,180.3,.5,0,1,1,0,180.3
2005,6,30,22,9,24,180.3,.5,0,1,1,0,180.3
2005,6,30,23,9,24,180.3,.5,0,1,1,0,180.3
2005,6,30,24,9,24,180.3,.5,0,1,1,0,180.3
2005,6,30,1,2,25,0,875,0,2,1,0,0
2005,6,30,1,2,25,151.01,25,0,2,0,0,151.01
2005,6,30,2,2,25,0,875,0,2,1,0,0
2005,6,30,2,2,25,151.01,25,0,2,0,0,151.01
2005,6,30,3,2,25,0,875,0,2,1,0,0
2005,6,30,3,2,25,151.01,25,0,2,0,0,151.01
2005,6,30,4,2,25,0,876,0,2,1,0,0
2005,6,30,4,2,25,151.01,24,0,2,0,0,151.01
2005,6,30,5,2,25,0,876,0,2,1,0,0
2005,6,30,5,2,25,151.01,24,0,2,0,0,151.01
2005,6,30,6,2,25,0,876,0,2,1,0,0
2005,6,30,6,2,25,151.01,24,0,2,0,0,151.01
2005,6,30,7,2,25,0,876,0,2,1,0,0
2005,6,30,7,2,25,151.01,24,0,2,0,0,151.01
2005,6,30,8,2,25,0,875,0,2,1,0,0
2005,6,30,8,2,25,151.01,25,0,2,0,0,151.01
2005,6,30,9,2,25,0,876,0,2,1,0,0
2005,6,30,9,2,25,151.01,24,0,2,0,0,151.01
2005,6,30,10,2,25,0,874,0,2,1,0,0
2005,6,30,10,2,25,151.01,26,0,2,0,0,151.01
2005,6,30,11,2,25,0,873,0,2,1,0,0
2005,6,30,11,2,25,151.01,27,0,2,0,0,151.01
2005,6,30,12,2,25,0,871,0,2,1,0,0
2005,6,30,12,2,25,151.01,29,0,2,0,0,151.01
2005,6,30,13,2,25,0,868,0,2,1,0,0
2005,6,30,13,2,25,151.01,32,0,2,0,0,151.01
2005,6,30,14,2,25,0,871,0,2,1,0,0
2005,6,30,14,2,25,151.01,29,0,2,0,0,151.01
2005,6,30,15,2,25,0,870,0,2,1,0,0
2005,6,30,15,2,25,151.01,30,0,2,0,0,151.01
2005,6,30,16,2,25,0,868,0,2,1,0,0
2005,6,30,16,2,25,151.01,32,0,2,0,0,151.01
2005,6,30,17,2,25,0,866,0,2,1,0,0
2005,6,30,17,2,25,151.01,34,0,2,0,0,151.01
2005,6,30,18,2,25,0,868,0,2,1,0,0
2005,6,30,18,2,25,151.01,32,0,2,0,0,151.01
2005,6,30,19,2,25,0,868,0,2,1,0,0
2005,6,30,19,2,25,151.01,32,0,2,0,0,151.01
2005,6,30,20,2,25,0,867,0,2,1,0,0
2005,6,30,20,2,25,151.01,33,0,2,0,0,151.01
2005,6,30,21,2,25,0,868,0,2,1,0,0
2005,6,30,21,2,25,151.01,32,0,2,0,0,151.01
2005,6,30,22,2,25,0,869,0,2,1,0,0
2005,6,30,22,2,25,151.01,31,0,2,0,0,151.01
2005,6,30,23,2,25,0,870,0,2,1,0,0
2005,6,30,23,2,25,151.01,30,0,2,0,0,151.01
2005,6,30,24,2,25,0,871,0,2,1,0,0
2005,6,30,24,2,25,151.01,29,0,2,0,0,151.01
2005,6,30,1,1,26,0,143.8,0,2,1,0,0
2005,6,30,1,1,26,151.01,4.9,0,2,0,0,151.01
2005,6,30,2,1,26,0,143.7,0,2,1,0,0
2005,6,30,2,1,26,151.01,5.1,0,2,0,0,151.01
2005,6,30,3,1,26,0,143.8,0,2,1,0,0
2005,6,30,3,1,26,151.01,4.9,0,2,0,0,151.01
2005,6,30,4,1,26,0,143.8,0,2,1,0,0
2005,6,30,4,1,26,151.01,4.9,0,2,0,0,151.01
2005,6,30,5,1,26,0,144,0,2,1,0,0
2005,6,30,5,1,26,151.01,4.8,0,2,0,0,151.01
2005,6,30,6,1,26,0,144,0,2,1,0,0
2005,6,30,6,1,26,151.01,4.8,0,2,0,0,151.01
2005,6,30,7,1,26,0,144,0,2,1,0,0
2005,6,30,7,1,26,151.01,4.8,0,2,0,0,151.01
2005,6,30,8,1,26,0,143.7,0,2,1,0,0
2005,6,30,8,1,26,151.01,5.1,0,2,0,0,151.01
2005,6,30,9,1,26,0,143.8,0,2,1,0,0
2005,6,30,9,1,26,151.01,4.9,0,2,0,0,151.01
2005,6,30,10,1,26,0,143.7,0,2,1,0,0
2005,6,30,10,1,26,151.01,5.1,0,2,0,0,151.01
2005,6,30,11,1,26,0,143.5,0,2,1,0,0
2005,6,30,11,1,26,151.01,5.2,0,2,0,0,151.01
2005,6,30,12,1,26,0,143.3,0,2,1,0,0
2005,6,30,12,1,26,151.01,5.5,0,2,0,0,151.01
2005,6,30,13,1,26,0,142.8,0,2,1,0,0
2005,6,30,13,1,26,151.01,6,0,2,0,0,151.01
2005,6,30,14,1,26,0,143.3,0,2,1,0,0
2005,6,30,14,1,26,151.01,5.5,0,2,0,0,151.01
2005,6,30,15,1,26,0,142.9,0,2,1,0,0
2005,6,30,15,1,26,151.01,5.8,0,2,0,0,151.01
2005,6,30,16,1,26,0,142.8,0,2,1,0,0
2005,6,30,16,1,26,151.01,6,0,2,0,0,151.01
2005,6,30,17,1,26,0,142.5,0,2,1,0,0
2005,6,30,17,1,26,151.01,6.3,0,2,0,0,151.01
2005,6,30,18,1,26,0,142.8,0,2,1,0,0
2005,6,30,18,1,26,151.01,6,0,2,0,0,151.01
2005,6,30,19,1,26,0,142.7,0,2,1,0,0
2005,6,30,19,1,26,151.01,6.1,0,2,0,0,151.01
2005,6,30,20,1,26,0,142.7,0,2,1,0,0
2005,6,30,20,1,26,151.01,6.1,0,2,0,0,151.01
2005,6,30,21,1,26,0,142.8,0,2,1,0,0
2005,6,30,21,1,26,151.01,6,0,2,0,0,151.01
2005,6,30,22,1,26,0,142.8,0,2,1,0,0
2005,6,30,22,1,26,151.01,6,0,2,0,0,151.01
2005,6,30,23,1,26,0,143.1,0,2,1,0,0
2005,6,30,23,1,26,151.01,5.7,0,2,0,0,151.01
2005,6,30,24,1,26,0,143.3,0,2,1,0,0
2005,6,30,24,1,26,151.01,5.5,0,2,0,0,151.01
2005,6,30,1,2,26,0,815.1,0,2,1,0,0
2005,6,30,1,2,26,151.01,27.8,0,2,0,0,151.01
2005,6,30,2,2,26,0,814.3,0,2,1,0,0
2005,6,30,2,2,26,151.01,28.6,0,2,0,0,151.01
2005,6,30,3,2,26,0,815.1,0,2,1,0,0
2005,6,30,3,2,26,151.01,27.8,0,2,0,0,151.01
2005,6,30,4,2,26,0,815.1,0,2,1,0,0
2005,6,30,4,2,26,151.01,27.8,0,2,0,0,151.01
2005,6,30,5,2,26,0,816,0,2,1,0,0
2005,6,30,5,2,26,151.01,26.9,0,2,0,0,151.01
2005,6,30,6,2,26,0,816,0,2,1,0,0
2005,6,30,6,2,26,151.01,26.9,0,2,0,0,151.01
2005,6,30,7,2,26,0,816,0,2,1,0,0
2005,6,30,7,2,26,151.01,26.9,0,2,0,0,151.01
2005,6,30,8,2,26,0,814.3,0,2,1,0,0
2005,6,30,8,2,26,151.01,28.6,0,2,0,0,151.01
2005,6,30,9,2,26,0,815.1,0,2,1,0,0
2005,6,30,9,2,26,151.01,27.8,0,2,0,0,151.01
2005,6,30,10,2,26,0,814.3,0,2,1,0,0
2005,6,30,10,2,26,151.01,28.6,0,2,0,0,151.01
2005,6,30,11,2,26,0,813.4,0,2,1,0,0
2005,6,30,11,2,26,151.01,29.5,0,2,0,0,151.01
2005,6,30,12,2,26,0,811.8,0,2,1,0,0
2005,6,30,12,2,26,151.01,31.2,0,2,0,0,151.01
2005,6,30,13,2,26,0,809.2,0,2,1,0,0
2005,6,30,13,2,26,151.01,33.7,0,2,0,0,151.01
2005,6,30,14,2,26,0,811.8,0,2,1,0,0
2005,6,30,14,2,26,151.01,31.2,0,2,0,0,151.01
2005,6,30,15,2,26,0,810,0,2,1,0,0
2005,6,30,15,2,26,151.01,32.9,0,2,0,0,151.01
2005,6,30,16,2,26,0,809.2,0,2,1,0,0
2005,6,30,16,2,26,151.01,33.7,0,2,0,0,151.01
2005,6,30,17,2,26,0,807.5,0,2,1,0,0
2005,6,30,17,2,26,151.01,35.4,0,2,0,0,151.01
2005,6,30,18,2,26,0,809.2,0,2,1,0,0
2005,6,30,18,2,26,151.01,33.7,0,2,0,0,151.01
2005,6,30,19,2,26,0,808.4,0,2,1,0,0
2005,6,30,19,2,26,151.01,34.6,0,2,0,0,151.01
2005,6,30,20,2,26,0,808.4,0,2,1,0,0
2005,6,30,20,2,26,151.01,34.6,0,2,0,0,151.01
2005,6,30,21,2,26,0,809.2,0,2,1,0,0
2005,6,30,21,2,26,151.01,33.7,0,2,0,0,151.01
2005,6,30,22,2,26,0,809.2,0,2,1,0,0
2005,6,30,22,2,26,151.01,33.7,0,2,0,0,151.01
2005,6,30,23,2,26,0,810.9,0,2,1,0,0
2005,6,30,23,2,26,151.01,32,0,2,0,0,151.01
2005,6,30,24,2,26,0,811.8,0,2,1,0,0
2005,6,30,24,2,26,151.01,31.2,0,2,0,0,151.01
2005,6,30,1,9,27,0,2.9,0,2,1,0,0
2005,6,30,2,9,27,0,2.9,0,2,1,0,0
2005,6,30,3,9,27,0,2.8,0,2,1,0,0
2005,6,30,4,9,27,0,2.7,0,2,1,0,0
2005,6,30,5,9,27,0,2.7,0,2,1,0,0
2005,6,30,6,9,27,0,2.7,0,2,1,0,0
2005,6,30,7,9,27,0,2.7,0,2,1,0,0
2005,6,30,8,9,27,0,2.7,0,2,1,0,0
2005,6,30,9,9,27,0,2.4,0,2,1,0,0
2005,6,30,10,9,27,0,2.4,0,2,1,0,0
2005,6,30,11,9,27,0,2.4,0,2,1,0,0
2005,6,30,12,9,27,0,2.8,0,2,1,0,0
2005,6,30,13,9,27,0,2.8,0,2,1,0,0
2005,6,30,14,9,27,0,2.8,0,2,1,0,0
2005,6,30,15,9,27,0,2.8,0,2,1,0,0
2005,6,30,16,9,27,0,2.9,0,2,1,0,0
2005,6,30,17,9,27,0,2.9,0,2,1,0,0
2005,6,30,18,9,27,0,2.5,0,2,1,0,0
2005,6,30,19,9,27,0,2.5,0,2,1,0,0
2005,6,30,20,9,27,0,2.6,0,2,1,0,0
2005,6,30,21,9,27,0,2.6,0,2,1,0,0
2005,6,30,22,9,27,0,2.7,0,2,1,0,0
2005,6,30,23,9,27,0,2.8,0,2,1,0,0
2005,6,30,24,9,27,0,2.8,0,2,1,0,0
2005,6,30,8,9,28,0,.2,0,2,1,0,0
2005,6,30,9,9,28,0,.8,0,2,1,0,0
2005,6,30,10,9,28,0,.9,0,2,1,0,0
2005,6,30,11,9,28,0,.9,0,2,1,0,0
2005,6,30,12,9,28,0,.9,0,2,1,0,0
2005,6,30,13,9,28,0,.8,0,2,1,0,0
2005,6,30,14,9,28,0,1,0,2,1,0,0
2005,6,30,15,9,28,0,1.1,0,2,1,0,0
2005,6,30,16,9,28,0,1.1,0,2,1,0,0
2005,6,30,17,9,28,0,1.2,0,2,1,0,0
2005,6,30,18,9,28,0,1.3,0,2,1,0,0
2005,6,30,19,9,28,0,1.3,0,2,1,0,0
2005,6,30,20,9,28,0,1.3,0,2,1,0,0
2005,6,30,21,9,28,0,1.4,0,2,1,0,0
2005,6,30,22,9,28,0,1.5,0,2,1,0,0
2005,6,30,23,9,28,0,1.5,0,2,1,0,0
2005,6,30,24,9,28,0,1.5,0,2,1,0,0
2005,6,30,1,9,29,0,15.8,0,2,1,0,0
2005,6,30,2,9,29,0,15.8,0,2,1,0,0
2005,6,30,3,9,29,0,15.8,0,2,1,0,0
2005,6,30,4,9,29,0,15.8,0,2,1,0,0
2005,6,30,5,9,29,0,15.8,0,2,1,0,0
2005,6,30,6,9,29,0,15.8,0,2,1,0,0
2005,6,30,7,9,29,0,15.8,0,2,1,0,0
2005,6,30,8,9,29,0,15.8,0,2,1,0,0
2005,6,30,9,9,29,0,15.8,0,2,1,0,0
2005,6,30,10,9,29,0,15.8,0,2,1,0,0
2005,6,30,11,9,29,0,15.8,0,2,1,0,0
2005,6,30,12,9,29,0,15.8,0,2,1,0,0
2005,6,30,13,9,29,0,15.8,0,2,1,0,0
2005,6,30,14,9,29,0,15.8,0,2,1,0,0
2005,6,30,15,9,29,0,15.8,0,2,1,0,0
2005,6,30,16,9,29,0,15.8,0,2,1,0,0
2005,6,30,17,9,29,0,15.8,0,2,1,0,0
2005,6,30,18,9,29,0,15.8,0,2,1,0,0
2005,6,30,19,9,29,0,15.8,0,2,1,0,0
2005,6,30,20,9,29,0,15.8,0,2,1,0,0
2005,6,30,21,9,29,0,15.8,0,2,1,0,0
2005,6,30,22,9,29,0,15.8,0,2,1,0,0
2005,6,30,23,9,29,0,15.8,0,2,1,0,0
2005,6,30,24,9,29,0,15.8,0,2,1,0,0
2005,6,30,1,9,30,0,9.6,0,2,1,0,0
2005,6,30,2,9,30,0,10,0,2,1,0,0
2005,6,30,3,9,30,0,10.1,0,2,1,0,0
2005,6,30,4,9,30,0,9.2,0,2,1,0,0
2005,6,30,5,9,30,0,9.4,0,2,1,0,0
2005,6,30,6,9,30,0,9.9,0,2,1,0,0
2005,6,30,7,9,30,0,10.9,0,2,1,0,0
2005,6,30,8,9,30,0,10.6,0,2,1,0,0
2005,6,30,9,9,30,0,10.1,0,2,1,0,0
2005,6,30,10,9,30,0,10.4,0,2,1,0,0
2005,6,30,11,9,30,0,9,0,2,1,0,0
2005,6,30,12,9,30,0,9,0,2,1,0,0
2005,6,30,13,9,30,0,9,0,2,1,0,0
2005,6,30,14,9,30,0,9,0,2,1,0,0
2005,6,30,15,9,30,0,9,0,2,1,0,0
2005,6,30,16,9,30,0,9,0,2,1,0,0
2005,6,30,17,9,30,0,9,0,2,1,0,0
2005,6,30,18,9,30,0,9.5,0,2,1,0,0
2005,6,30,19,9,30,0,10,0,2,1,0,0
2005,6,30,20,9,30,0,10.7,0,2,1,0,0
2005,6,30,21,9,30,0,10.4,0,2,1,0,0
2005,6,30,22,9,30,0,10,0,2,1,0,0
2005,6,30,23,9,30,0,9.5,0,2,1,0,0
2005,6,30,24,9,30,0,9.5,0,2,1,0,0
2005,6,30,1,7,1020,0,439,.372179,2,1,0,0
2005,6,30,1,7,1020,.01,1,.372179,2,1,0,.01
2005,6,30,1,7,1020,72.5,40,.372179,2,0,0,41.558845
2005,6,30,1,7,1020,74.5,40,.372179,2,0,0,41.558845
2005,6,30,1,7,1020,76.5,40,.372179,2,0,0,41.558845
2005,6,30,1,7,1020,83.5,40,.372179,2,0,0,41.558845
2005,6,30,1,7,1020,86.5,40,.372179,2,0,0,41.558845
2005,6,30,1,7,1020,88.5,40,.372179,2,0,0,41.558845
2005,6,30,1,7,1020,150,105.2,.372179,2,0,0,150
2005,6,30,2,7,1020,0,439,.372179,2,1,0,0
2005,6,30,2,7,1020,.01,1,.372179,2,1,0,.01
2005,6,30,2,7,1020,72.5,40,.372179,2,0,0,41.558845
2005,6,30,2,7,1020,74.5,40,.372179,2,0,0,41.558845
2005,6,30,2,7,1020,76.5,40,.372179,2,0,0,41.558845
2005,6,30,2,7,1020,83.5,40,.372179,2,0,0,41.558845
2005,6,30,2,7,1020,86.5,40,.372179,2,0,0,41.558845
2005,6,30,2,7,1020,88.5,40,.372179,2,0,0,41.558845
2005,6,30,2,7,1020,150,105.2,.372179,2,0,0,150
2005,6,30,3,7,1020,0,439,.372179,2,1,0,0
2005,6,30,3,7,1020,.01,1,.372179,2,1,0,.01
2005,6,30,3,7,1020,72.5,40,.372179,2,0,0,41.558845
2005,6,30,3,7,1020,74.5,40,.372179,2,0,0,41.558845
2005,6,30,3,7,1020,76.5,40,.372179,2,0,0,41.558845
2005,6,30,3,7,1020,83.5,40,.372179,2,0,0,41.558845
2005,6,30,3,7,1020,86.5,40,.372179,2,0,0,41.558845
2005,6,30,3,7,1020,88.5,40,.372179,2,0,0,41.558845
2005,6,30,3,7,1020,150,105.2,.372179,2,0,0,150
2005,6,30,4,7,1020,0,439,.372179,2,1,0,0
2005,6,30,4,7,1020,.01,1,.372179,2,1,0,.01
2005,6,30,4,7,1020,72.5,40,.372179,2,0,0,41.558845
2005,6,30,4,7,1020,74.5,40,.372179,2,0,0,41.558845
2005,6,30,4,7,1020,76.5,40,.372179,2,0,0,41.558845
2005,6,30,4,7,1020,83.5,40,.372179,2,0,0,41.558845
2005,6,30,4,7,1020,86.5,40,.372179,2,0,0,41.558845
2005,6,30,4,7,1020,88.5,40,.372179,2,0,0,41.558845
2005,6,30,4,7,1020,150,105.2,.372179,2,0,0,150
2005,6,30,5,7,1020,0,439,.372179,2,1,0,0
2005,6,30,5,7,1020,.01,1,.372179,2,1,0,.01
2005,6,30,5,7,1020,72.5,40,.372179,2,0,0,41.558845
2005,6,30,5,7,1020,74.5,40,.372179,2,0,0,41.558845
2005,6,30,5,7,1020,76.5,40,.372179,2,0,0,41.558845
2005,6,30,5,7,1020,83.5,40,.372179,2,0,0,41.558845
2005,6,30,5,7,1020,86.5,40,.372179,2,0,0,41.558845
2005,6,30,5,7,1020,88.5,40,.372179,2,0,0,41.558845
2005,6,30,5,7,1020,150,105.2,.372179,2,0,0,150
2005,6,30,6,7,1020,0,439,.372179,2,1,0,0
2005,6,30,6,7,1020,.01,1,.372179,2,1,0,.01
2005,6,30,6,7,1020,72.5,40,.372179,2,0,0,41.558845
2005,6,30,6,7,1020,74.5,40,.372179,2,0,0,41.558845
2005,6,30,6,7,1020,76.5,40,.372179,2,0,0,41.558845
2005,6,30,6,7,1020,83.5,40,.372179,2,0,0,41.558845
2005,6,30,6,7,1020,86.5,40,.372179,2,0,0,41.558845
2005,6,30,6,7,1020,88.5,40,.372179,2,0,0,41.558845
2005,6,30,6,7,1020,150,105.2,.372179,2,0,0,150
2005,6,30,7,7,1020,0,439,.372179,2,1,0,0
2005,6,30,7,7,1020,.01,1,.372179,2,1,0,.01
2005,6,30,7,7,1020,72.5,40,.372179,2,0,0,41.558845
2005,6,30,7,7,1020,74.5,40,.372179,2,0,0,41.558845
2005,6,30,7,7,1020,76.5,40,.372179,2,0,0,41.558845
2005,6,30,7,7,1020,83.5,40,.372179,2,0,0,41.558845
2005,6,30,7,7,1020,86.5,40,.372179,2,0,0,41.558845
2005,6,30,7,7,1020,88.5,40,.372179,2,0,0,41.558845
2005,6,30,7,7,1020,150,105.2,.372179,2,0,0,150
2005,6,30,8,7,1020,0,439,.372179,2,1,0,0
2005,6,30,8,7,1020,.01,1,.372179,2,1,0,.01
2005,6,30,8,7,1020,72.5,40,.372179,2,0,0,41.558845
2005,6,30,8,7,1020,74.5,40,.372179,2,0,0,41.558845
2005,6,30,8,7,1020,76.5,40,.372179,2,0,0,41.558845
2005,6,30,8,7,1020,83.5,40,.372179,2,0,0,41.558845
2005,6,30,8,7,1020,86.5,40,.372179,2,0,0,41.558845
2005,6,30,8,7,1020,88.5,40,.372179,2,0,0,41.558845
2005,6,30,8,7,1020,150,105.2,.372179,2,0,0,150
2005,6,30,9,7,1020,0,559,.372179,2,1,0,0
2005,6,30,9,7,1020,.01,1,.372179,2,1,0,.01
2005,6,30,9,7,1020,150,225.2,.372179,2,0,0,150
2005,6,30,10,7,1020,0,679,.372179,2,1,0,0
2005,6,30,10,7,1020,.01,1,.372179,2,1,0,.01
2005,6,30,10,7,1020,150,105.2,.372179,2,0,0,150
2005,6,30,11,7,1020,0,629,.372179,2,1,0,0
2005,6,30,11,7,1020,.01,1,.372179,2,1,0,.01
2005,6,30,11,7,1020,38.5,10,.372179,2,1,0,41.558845
2005,6,30,11,7,1020,40,10,.372179,2,1,0,41.558845
2005,6,30,11,7,1020,42.5,10,.372179,2,1,0,41.558845
2005,6,30,11,7,1020,45.5,10,.372179,2,1,0,41.558845
2005,6,30,11,7,1020,50,5,.372179,2,1,0,41.558845
2005,6,30,11,7,1020,60,5,.372179,2,1,0,41.558845
2005,6,30,11,7,1020,150,105.2,.372179,2,0,0,150
2005,6,30,12,7,1020,0,629,.372179,2,1,0,0
2005,6,30,12,7,1020,.01,1,.372179,2,1,0,.01
2005,6,30,12,7,1020,38.5,10,.372179,2,1,0,41.558845
2005,6,30,12,7,1020,40,10,.372179,2,1,0,41.558845
2005,6,30,12,7,1020,42.5,10,.372179,2,1,0,41.558845
2005,6,30,12,7,1020,45.5,10,.372179,2,1,0,41.558845
2005,6,30,12,7,1020,50,5,.372179,2,1,0,41.558845
2005,6,30,12,7,1020,60,5,.372179,2,1,0,41.558845
2005,6,30,12,7,1020,150,105.2,.372179,2,0,0,150
2005,6,30,13,7,1020,0,629,.372179,2,1,0,0
2005,6,30,13,7,1020,.01,1,.372179,2,1,0,.01
2005,6,30,13,7,1020,38.5,10,.372179,2,1,0,41.558845
2005,6,30,13,7,1020,40,10,.372179,2,1,0,41.558845
2005,6,30,13,7,1020,42.5,10,.372179,2,1,0,41.558845
2005,6,30,13,7,1020,45.5,10,.372179,2,1,0,41.558845
2005,6,30,13,7,1020,50,5,.372179,2,1,0,41.558845
2005,6,30,13,7,1020,60,5,.372179,2,1,0,41.558845
2005,6,30,13,7,1020,150,105.2,.372179,2,0,0,150
2005,6,30,14,7,1020,0,629,.372179,2,1,0,0
2005,6,30,14,7,1020,.01,1,.372179,2,1,0,.01
2005,6,30,14,7,1020,38.5,10,.372179,2,1,0,41.558845
2005,6,30,14,7,1020,40,10,.372179,2,1,0,41.558845
2005,6,30,14,7,1020,42.5,10,.372179,2,1,0,41.558845
2005,6,30,14,7,1020,45.5,10,.372179,2,1,0,41.558845
2005,6,30,14,7,1020,50,5,.372179,2,1,0,41.558845
2005,6,30,14,7,1020,60,5,.372179,2,1,0,41.558845
2005,6,30,14,7,1020,150,105.2,.372179,2,0,0,150
2005,6,30,15,7,1020,0,629,.372179,2,1,0,0
2005,6,30,15,7,1020,.01,1,.372179,2,1,0,.01
2005,6,30,15,7,1020,38.5,10,.372179,2,1,0,41.558845
2005,6,30,15,7,1020,40,10,.372179,2,1,0,41.558845
2005,6,30,15,7,1020,42.5,10,.372179,2,1,0,41.558845
2005,6,30,15,7,1020,45.5,10,.372179,2,1,0,41.558845
2005,6,30,15,7,1020,50,5,.372179,2,1,0,41.558845
2005,6,30,15,7,1020,60,5,.372179,2,1,0,41.558845
2005,6,30,15,7,1020,150,105.2,.372179,2,0,0,150
2005,6,30,16,7,1020,0,629,.372179,2,1,0,0
2005,6,30,16,7,1020,.01,1,.372179,2,1,0,.01
2005,6,30,16,7,1020,38.5,10,.372179,2,1,0,41.558845
2005,6,30,16,7,1020,40,10,.372179,2,1,0,41.558845
2005,6,30,16,7,1020,42.5,10,.372179,2,1,0,41.558845
2005,6,30,16,7,1020,45.5,10,.372179,2,1,0,41.558845
2005,6,30,16,7,1020,50,5,.372179,2,1,0,41.558845
2005,6,30,16,7,1020,60,5,.372179,2,1,0,41.558845
2005,6,30,16,7,1020,150,105.2,.372179,2,0,0,150
2005,6,30,17,7,1020,0,629,.372179,2,1,0,0
2005,6,30,17,7,1020,.01,1,.372179,2,1,0,.01
2005,6,30,17,7,1020,38.5,10,.372179,2,1,0,41.558845
2005,6,30,17,7,1020,40,10,.372179,2,1,0,41.558845
2005,6,30,17,7,1020,42.5,10,.372179,2,1,0,41.558845
2005,6,30,17,7,1020,45.5,10,.372179,2,1,0,41.558845
2005,6,30,17,7,1020,50,5,.372179,2,1,0,41.558845
2005,6,30,17,7,1020,60,5,.372179,2,1,0,41.558845
2005,6,30,17,7,1020,150,105.2,.372179,2,0,0,150
2005,6,30,18,7,1020,0,629,.372179,2,1,0,0
2005,6,30,18,7,1020,.01,1,.372179,2,1,0,.01
2005,6,30,18,7,1020,38.5,10,.372179,2,1,0,41.558845
2005,6,30,18,7,1020,40,10,.372179,2,1,0,41.558845
2005,6,30,18,7,1020,42.5,10,.372179,2,1,0,41.558845
2005,6,30,18,7,1020,45.5,10,.372179,2,1,0,41.558845
2005,6,30,18,7,1020,50,5,.372179,2,1,0,41.558845
2005,6,30,18,7,1020,60,5,.372179,2,1,0,41.558845
2005,6,30,18,7,1020,150,105.2,.372179,2,0,0,150
2005,6,30,19,7,1020,0,629,.372179,2,1,0,0
2005,6,30,19,7,1020,.01,1,.372179,2,1,0,.01
2005,6,30,19,7,1020,38.5,10,.372179,2,1,0,41.558845
2005,6,30,19,7,1020,40,10,.372179,2,1,0,41.558845
2005,6,30,19,7,1020,42.5,10,.372179,2,1,0,41.558845
2005,6,30,19,7,1020,45.5,10,.372179,2,1,0,41.558845
2005,6,30,19,7,1020,50,5,.372179,2,1,0,41.558845
2005,6,30,19,7,1020,60,5,.372179,2,1,0,41.558845
2005,6,30,19,7,1020,150,105.2,.372179,2,0,0,150
2005,6,30,20,7,1020,0,629,.372179,2,1,0,0
2005,6,30,20,7,1020,.01,1,.372179,2,1,0,.01
2005,6,30,20,7,1020,38.5,10,.372179,2,1,0,41.558845
2005,6,30,20,7,1020,40,10,.372179,2,1,0,41.558845
2005,6,30,20,7,1020,42.5,10,.372179,2,1,0,41.558845
2005,6,30,20,7,1020,45.5,10,.372179,2,1,0,41.558845
2005,6,30,20,7,1020,50,5,.372179,2,1,0,41.558845
2005,6,30,20,7,1020,60,5,.372179,2,1,0,41.558845
2005,6,30,20,7,1020,150,105.2,.372179,2,0,0,150
2005,6,30,21,7,1020,0,629,.372179,2,1,0,0
2005,6,30,21,7,1020,.01,1,.372179,2,1,0,.01
2005,6,30,21,7,1020,38.5,10,.372179,2,1,0,41.558845
2005,6,30,21,7,1020,40,10,.372179,2,1,0,41.558845
2005,6,30,21,7,1020,42.5,10,.372179,2,1,0,41.558845
2005,6,30,21,7,1020,45.5,10,.372179,2,1,0,41.558845
2005,6,30,21,7,1020,50,5,.372179,2,1,0,41.558845
2005,6,30,21,7,1020,60,5,.372179,2,1,0,41.558845
2005,6,30,21,7,1020,150,105.2,.372179,2,0,0,150
2005,6,30,22,7,1020,0,629,.372179,2,1,0,0
2005,6,30,22,7,1020,.01,1,.372179,2,1,0,.01
2005,6,30,22,7,1020,38.5,10,.372179,2,1,0,41.558845
2005,6,30,22,7,1020,40,10,.372179,2,1,0,41.558845
2005,6,30,22,7,1020,42.5,10,.372179,2,1,0,41.558845
2005,6,30,22,7,1020,45.5,10,.372179,2,1,0,41.558845
2005,6,30,22,7,1020,50,5,.372179,2,1,0,41.558845
2005,6,30,22,7,1020,60,5,.372179,2,0,0,41.558845
2005,6,30,22,7,1020,150,105.2,.372179,2,0,0,150
2005,6,30,23,7,1020,0,629,.372179,2,1,0,0
2005,6,30,23,7,1020,.01,1,.372179,2,1,0,.01
2005,6,30,23,7,1020,38.5,10,.372179,2,1,0,41.558845
2005,6,30,23,7,1020,40,10,.372179,2,1,0,41.558845
2005,6,30,23,7,1020,42.5,10,.372179,2,1,0,41.558845
2005,6,30,23,7,1020,45.5,10,.372179,2,1,0,41.558845
2005,6,30,23,7,1020,50,5,.372179,2,1,0,41.558845
2005,6,30,23,7,1020,60,5,.372179,2,1,0,41.558845
2005,6,30,23,7,1020,150,105.2,.372179,2,0,0,150
2005,6,30,24,7,1020,0,479,.372179,2,1,0,0
2005,6,30,24,7,1020,.01,1,.372179,2,1,0,.01
2005,6,30,24,7,1020,40,40,.372179,2,1,0,41.558845
2005,6,30,24,7,1020,45,40,.372179,2,1,0,41.558845
2005,6,30,24,7,1020,50,30,.372179,2,1,0,41.558845
2005,6,30,24,7,1020,52.5,30,.372179,2,0,0,41.558845
2005,6,30,24,7,1020,55,30,.372179,2,0,0,41.558845
2005,6,30,24,7,1020,65,30,.372179,2,0,0,41.558845
2005,6,30,24,7,1020,150,105.2,.372179,2,0,0,150
2005,6,30,1,9,32,23.13,25.4,0,1,0,1,23.13
2005,6,30,1,9,32,27.13,25.4,0,1,0,1,27.13
2005,6,30,1,9,32,30.13,25.4,0,1,0,1,30.13
2005,6,30,1,9,32,31.13,25.4,0,1,0,1,31.13
2005,6,30,2,9,32,21.94,25.4,0,1,0,1,21.94
2005,6,30,2,9,32,25.94,25.4,0,1,0,1,25.94
2005,6,30,2,9,32,28.94,25.4,0,1,0,1,28.94
2005,6,30,2,9,32,29.94,25.4,0,1,0,1,29.94
2005,6,30,3,9,32,18.98,25.4,0,1,0,1,18.98
2005,6,30,3,9,32,22.98,25.4,0,1,0,1,22.98
2005,6,30,3,9,32,25.98,25.4,0,1,0,1,25.98
2005,6,30,3,9,32,26.98,25.4,0,1,0,1,26.98
2005,6,30,4,9,32,17.08,25.4,0,1,0,1,17.08
2005,6,30,4,9,32,21.08,25.4,0,1,0,1,21.08
2005,6,30,4,9,32,24.08,25.4,0,1,0,1,24.08
2005,6,30,4,9,32,25.08,25.4,0,1,0,1,25.08
2005,6,30,5,9,32,12.57,25.4,0,1,0,1,12.57
2005,6,30,5,9,32,16.57,25.4,0,1,0,1,16.57
2005,6,30,5,9,32,19.57,25.4,0,1,0,1,19.57
2005,6,30,5,9,32,20.57,25.4,0,1,0,1,20.57
2005,6,30,6,9,32,17.31,25.4,0,1,0,1,17.31
2005,6,30,6,9,32,21.31,25.4,0,1,0,1,21.31
2005,6,30,6,9,32,24.31,25.4,0,1,0,1,24.31
2005,6,30,6,9,32,25.31,25.4,0,1,0,1,25.31
2005,6,30,7,9,32,32.61,25.4,0,1,0,1,32.61
2005,6,30,7,9,32,33.61,25.4,0,1,0,1,33.61
2005,6,30,8,9,32,47.39,25.4,0,1,0,1,47.39
2005,6,30,8,9,32,48.39,25.4,0,1,0,1,48.39
2005,6,30,9,9,32,55.19,25.4,0,1,0,1,55.19
2005,6,30,9,9,32,56.19,25.4,0,1,0,1,56.19
2005,6,30,10,9,32,70.79,25.4,0,1,0,1,70.79
2005,6,30,10,9,32,71.79,25.4,0,1,0,1,71.79
2005,6,30,11,9,32,82,25.4,0,1,0,1,82
2005,6,30,11,9,32,83,25.4,0,1,0,1,83
2005,6,30,12,9,32,83.82,25.4,0,1,0,1,83.82
2005,6,30,12,9,32,87.82,25.4,0,1,0,1,87.82
2005,6,30,12,9,32,90.82,25.4,0,1,0,1,90.82
2005,6,30,12,9,32,91.82,25.4,0,1,0,1,91.82
2005,6,30,13,9,32,76.62,25.4,0,1,0,1,76.62
2005,6,30,13,9,32,80.62,25.4,0,1,0,1,80.62
2005,6,30,13,9,32,83.62,25.4,0,1,0,1,83.62
2005,6,30,13,9,32,84.62,25.4,0,1,0,1,84.62
2005,6,30,14,9,32,77.29,25.4,0,1,0,1,77.29
2005,6,30,14,9,32,81.29,25.4,0,1,0,1,81.29
2005,6,30,14,9,32,84.29,25.4,0,1,0,1,84.29
2005,6,30,14,9,32,85.29,25.4,0,1,0,1,85.29
2005,6,30,15,9,32,71.53,25.4,0,1,0,1,71.53
2005,6,30,15,9,32,75.53,25.4,0,1,0,1,75.53
2005,6,30,15,9,32,78.53,25.4,0,1,0,1,78.53
2005,6,30,15,9,32,79.53,25.4,0,1,0,1,79.53
2005,6,30,16,9,32,63.36,25.4,0,1,0,1,63.36
2005,6,30,16,9,32,67.36,25.4,0,1,0,1,67.36
2005,6,30,16,9,32,70.36,25.4,0,1,0,1,70.36
2005,6,30,16,9,32,71.36,25.4,0,1,0,1,71.36
2005,6,30,17,9,32,54.21,25.4,0,1,0,1,54.21
2005,6,30,17,9,32,58.21,25.4,0,1,0,1,58.21
2005,6,30,17,9,32,61.21,25.4,0,1,0,1,61.21
2005,6,30,17,9,32,62.21,25.4,0,1,0,1,62.21
2005,6,30,18,9,32,48.03,25.4,0,1,0,1,48.03
2005,6,30,18,9,32,52.03,25.4,0,1,0,1,52.03
2005,6,30,18,9,32,55.03,25.4,0,1,0,1,55.03
2005,6,30,18,9,32,56.03,25.4,0,1,0,1,56.03
2005,6,30,19,9,32,44.56,50.9,0,1,0,1,44.56
2005,6,30,19,9,32,48.56,50.9,0,1,0,1,48.56
2005,6,30,19,9,32,51.56,50.9,0,1,0,1,51.56
2005,6,30,19,9,32,52.56,50.9,0,1,0,1,52.56
2005,6,30,20,9,32,37,50.9,0,1,0,1,37
2005,6,30,20,9,32,41,50.9,0,1,0,1,41
2005,6,30,20,9,32,44,50.9,0,1,0,1,44
2005,6,30,20,9,32,45,50.9,0,1,0,1,45
2005,6,30,21,9,32,33.55,50.9,0,1,0,1,33.55
2005,6,30,21,9,32,37.55,50.9,0,1,0,1,37.55
2005,6,30,21,9,32,40.55,50.9,0,1,0,1,40.55
2005,6,30,21,9,32,41.55,50.9,0,1,0,1,41.55
2005,6,30,22,9,32,30.81,50.9,0,1,0,1,30.81
2005,6,30,22,9,32,34.81,50.9,0,1,0,1,34.81
2005,6,30,22,9,32,37.81,50.9,0,1,0,1,37.81
2005,6,30,22,9,32,38.81,50.9,0,1,0,1,38.81
2005,6,30,23,9,32,34.76,50.9,0,1,0,1,34.76
2005,6,30,23,9,32,38.76,50.9,0,1,0,1,38.76
2005,6,30,23,9,32,41.76,50.9,0,1,0,1,41.76
2005,6,30,23,9,32,42.76,50.9,0,1,0,1,42.76
2005,6,30,24,9,32,27.68,50.9,0,1,0,1,27.68
2005,6,30,24,9,32,31.68,50.9,0,1,0,1,31.68
2005,6,30,24,9,32,34.68,50.9,0,1,0,1,34.68
2005,6,30,24,9,32,35.68,50.9,0,1,0,1,35.68
2005,6,30,1,9,33,41.13,25,0,2,0,1,41.13
2005,6,30,1,9,33,46.13,25,0,2,0,1,46.13
2005,6,30,1,9,33,51.13,25,0,2,0,1,51.13
2005,6,30,1,9,33,61.13,25,0,2,0,1,61.13
2005,6,30,2,9,33,39.94,25,0,2,0,1,39.94
2005,6,30,2,9,33,44.94,25,0,2,0,1,44.94
2005,6,30,2,9,33,49.94,25,0,2,0,1,49.94
2005,6,30,2,9,33,59.94,25,0,2,0,1,59.94
2005,6,30,3,9,33,36.98,25,0,2,0,1,36.98
2005,6,30,3,9,33,41.98,25,0,2,0,1,41.98
2005,6,30,3,9,33,46.98,25,0,2,0,1,46.98
2005,6,30,3,9,33,56.98,25,0,2,0,1,56.98
2005,6,30,4,9,33,35.08,25,0,2,0,1,35.08
2005,6,30,4,9,33,40.08,25,0,2,0,1,40.08
2005,6,30,4,9,33,45.08,25,0,2,0,1,45.08
2005,6,30,4,9,33,55.08,25,0,2,0,1,55.08
2005,6,30,5,9,33,30.57,25,0,2,0,1,30.57
2005,6,30,5,9,33,35.57,25,0,2,0,1,35.57
2005,6,30,5,9,33,40.57,25,0,2,0,1,40.57
2005,6,30,5,9,33,50.57,25,0,2,0,1,50.57
2005,6,30,6,9,33,35.31,25,0,2,0,1,35.31
2005,6,30,6,9,33,40.31,25,0,2,0,1,40.31
2005,6,30,6,9,33,45.31,25,0,2,0,1,45.31
2005,6,30,6,9,33,55.31,25,0,2,0,1,55.31
2005,6,30,7,9,33,43.61,25,0,2,0,1,43.61
2005,6,30,7,9,33,48.61,25,0,2,0,1,48.61
2005,6,30,7,9,33,53.61,25,0,2,0,1,53.61
2005,6,30,7,9,33,63.61,25,0,2,0,1,63.61
2005,6,30,8,9,33,58.39,25,0,2,0,1,58.39
2005,6,30,8,9,33,63.39,25,0,2,0,1,63.39
2005,6,30,8,9,33,68.39,25,0,2,0,1,68.39
2005,6,30,8,9,33,78.39,25,0,2,0,1,78.39
2005,6,30,9,9,33,77.99,25,0,2,0,1,77.99
2005,6,30,9,9,33,82.99,25,0,2,0,1,82.99
2005,6,30,9,9,33,87.99,25,0,2,0,1,87.99
2005,6,30,9,9,33,97.99,25,0,2,0,1,97.99
2005,6,30,10,9,33,103.59,50,0,2,0,1,103.59
2005,6,30,10,9,33,113.59,50,0,2,0,1,113.59
2005,6,30,11,9,33,114.8,50,0,2,0,1,114.8
2005,6,30,11,9,33,124.8,50,0,2,0,1,124.8
2005,6,30,12,9,33,123.62,50,0,2,0,1,123.62
2005,6,30,12,9,33,133.62,50,0,2,0,1,133.62
2005,6,30,13,9,33,116.42,50,0,2,0,1,116.42
2005,6,30,13,9,33,126.42,50,0,2,0,1,126.42
2005,6,30,14,9,33,107.09,30.3,0,2,1,0,107.09
2005,6,30,14,9,33,112.09,50,0,2,0,1,112.09
2005,6,30,14,9,33,117.09,100,0,2,0,1,117.09
2005,6,30,14,9,33,127.09,100,0,2,0,1,127.09
2005,6,30,15,9,33,101.33,50,0,2,0,1,101.33
2005,6,30,15,9,33,106.33,50,0,2,0,1,106.33
2005,6,30,15,9,33,111.33,100,0,2,0,1,111.33
2005,6,30,15,9,33,121.33,100,0,2,0,1,121.33
2005,6,30,16,9,33,93.16,50,0,2,0,1,93.16
2005,6,30,16,9,33,98.16,50,0,2,0,1,98.16
2005,6,30,16,9,33,103.16,100,0,2,0,1,103.16
2005,6,30,16,9,33,113.16,100,0,2,0,1,113.16
2005,6,30,17,9,33,14.32,200,0,2,0,1,14.32
2005,6,30,17,9,33,84.01,50,0,2,0,1,84.01
2005,6,30,17,9,33,89.01,50,0,2,0,1,89.01
2005,6,30,17,9,33,94.01,100,0,2,0,1,94.01
2005,6,30,17,9,33,104.01,100,0,2,0,1,104.01
2005,6,30,18,9,33,14.32,200,0,2,0,1,14.32
2005,6,30,18,9,33,77.83,50,0,2,0,1,77.83
2005,6,30,18,9,33,82.83,50,0,2,0,1,82.83
2005,6,30,18,9,33,87.83,100,0,2,0,1,87.83
2005,6,30,18,9,33,97.83,100,0,2,0,1,97.83
2005,6,30,19,9,33,14.32,200,0,2,0,1,14.32
2005,6,30,19,9,33,74.36,50,0,2,0,1,74.36
2005,6,30,19,9,33,79.36,50,0,2,0,1,79.36
2005,6,30,19,9,33,84.36,100,0,2,0,1,84.36
2005,6,30,19,9,33,94.36,100,0,2,0,1,94.36
2005,6,30,20,9,33,14.32,200,0,2,0,1,14.32
2005,6,30,20,9,33,66.8,50,0,2,0,1,66.8
2005,6,30,20,9,33,71.8,50,0,2,0,1,71.8
2005,6,30,20,9,33,76.8,100,0,2,0,1,76.8
2005,6,30,20,9,33,86.8,100,0,2,0,1,86.8
2005,6,30,21,9,33,14.32,200,0,2,0,1,14.32
2005,6,30,21,9,33,53.35,50,0,2,0,1,53.35
2005,6,30,21,9,33,58.35,50,0,2,0,1,58.35
2005,6,30,21,9,33,63.35,100,0,2,0,1,63.35
2005,6,30,21,9,33,73.35,100,0,2,0,1,73.35
2005,6,30,22,9,33,14.32,200,0,2,0,1,14.32
2005,6,30,22,9,33,50.61,50,0,2,0,1,50.61
2005,6,30,22,9,33,55.61,50,0,2,0,1,55.61
2005,6,30,22,9,33,60.61,100,0,2,0,1,60.61
2005,6,30,22,9,33,70.61,100,0,2,0,1,70.61
2005,6,30,23,9,33,14.32,200,0,2,0,1,14.32
2005,6,30,23,9,33,54.56,50,0,2,0,1,54.56
2005,6,30,23,9,33,59.56,50,0,2,0,1,59.56
2005,6,30,23,9,33,64.56,100,0,2,0,1,64.56
2005,6,30,23,9,33,74.56,100,0,2,0,1,74.56
2005,6,30,24,9,33,14.32,200,0,2,0,1,14.32
2005,6,30,24,9,33,47.48,50,0,2,0,1,47.48
2005,6,30,24,9,33,52.48,50,0,2,0,1,52.48
2005,6,30,24,9,33,57.48,100,0,2,0,1,57.48
2005,6,30,24,9,33,67.48,100,0,2,0,1,67.48
2005,6,30,1,5,1024,.01,165,.343857,2,1,0,.01
2005,6,30,1,5,1024,33.16,73.2,.343857,2,1,0,43.120656
2005,6,30,1,5,1024,33.29,7.7,.343857,2,1,0,43.120656
2005,6,30,1,5,1024,33.45,7.7,.343857,2,1,0,43.120656
2005,6,30,1,5,1024,33.64,7.7,.343857,2,1,0,43.120656
2005,6,30,1,5,1024,33.86,7.7,.343857,2,1,0,43.120656
2005,6,30,1,5,1024,34.1,7.7,.343857,2,1,0,43.120656
2005,6,30,1,5,1024,34.37,7.7,.343857,2,1,0,43.120656
2005,6,30,1,5,1024,34.66,7.7,.343857,2,1,0,43.120656
2005,6,30,1,5,1024,34.98,7.7,.343857,2,1,0,43.120656
2005,6,30,1,5,1024,35.32,7.7,.343857,2,1,0,43.120656
2005,6,30,1,5,1024,35.68,7.7,.343857,2,1,0,43.120656
2005,6,30,1,5,1024,36.06,7.7,.343857,2,1,0,43.120656
2005,6,30,1,5,1024,36.46,7.7,.343857,2,1,0,43.120656
2005,6,30,1,5,1024,36.88,7.7,.343857,2,1,0,43.120656
2005,6,30,1,5,1024,37.32,7.7,.343857,2,1,0,43.120656
2005,6,30,1,5,1024,37.78,7.7,.343857,2,1,0,43.120656
2005,6,30,1,5,1024,38.25,7.7,.343857,2,1,0,43.120656
2005,6,30,1,5,1024,38.5,3.9,.343857,2,1,0,43.120656
2005,6,30,1,5,1024,38.75,3.9,.343857,2,1,0,43.120656
2005,6,30,1,5,1024,39.01,.8,.343857,2,1,0,43.120656
2005,6,30,1,5,1024,180.3,30,.343857,2,0,0,180.3
2005,6,30,2,5,1024,.01,165,.343857,2,1,0,.01
2005,6,30,2,5,1024,33.16,73.2,.343857,2,1,0,43.120656
2005,6,30,2,5,1024,33.29,7.7,.343857,2,1,0,43.120656
2005,6,30,2,5,1024,33.45,7.7,.343857,2,1,0,43.120656
2005,6,30,2,5,1024,33.64,7.7,.343857,2,1,0,43.120656
2005,6,30,2,5,1024,33.86,7.7,.343857,2,1,0,43.120656
2005,6,30,2,5,1024,34.1,7.7,.343857,2,1,0,43.120656
2005,6,30,2,5,1024,34.37,7.7,.343857,2,1,0,43.120656
2005,6,30,2,5,1024,34.66,7.7,.343857,2,1,0,43.120656
2005,6,30,2,5,1024,34.98,7.7,.343857,2,1,0,43.120656
2005,6,30,2,5,1024,35.32,7.7,.343857,2,1,0,43.120656
2005,6,30,2,5,1024,35.68,7.7,.343857,2,1,0,43.120656
2005,6,30,2,5,1024,36.06,7.7,.343857,2,1,0,43.120656
2005,6,30,2,5,1024,36.46,7.7,.343857,2,1,0,43.120656
2005,6,30,2,5,1024,36.88,7.7,.343857,2,1,0,43.120656
2005,6,30,2,5,1024,37.32,7.7,.343857,2,1,0,43.120656
2005,6,30,2,5,1024,37.78,7.7,.343857,2,1,0,43.120656
2005,6,30,2,5,1024,38.25,7.7,.343857,2,1,0,43.120656
2005,6,30,2,5,1024,38.5,3.9,.343857,2,1,0,43.120656
2005,6,30,2,5,1024,38.75,3.9,.343857,2,1,0,43.120656
2005,6,30,2,5,1024,39.01,.8,.343857,2,1,0,43.120656
2005,6,30,2,5,1024,180.3,30,.343857,2,0,0,180.3
2005,6,30,3,5,1024,.01,165,.343857,2,1,0,.01
2005,6,30,3,5,1024,33.16,73.2,.343857,2,1,0,43.120656
2005,6,30,3,5,1024,33.29,7.7,.343857,2,1,0,43.120656
2005,6,30,3,5,1024,33.45,7.7,.343857,2,1,0,43.120656
2005,6,30,3,5,1024,33.64,7.7,.343857,2,1,0,43.120656
2005,6,30,3,5,1024,33.86,7.7,.343857,2,1,0,43.120656
2005,6,30,3,5,1024,34.1,7.7,.343857,2,1,0,43.120656
2005,6,30,3,5,1024,34.37,7.7,.343857,2,1,0,43.120656
2005,6,30,3,5,1024,34.66,7.7,.343857,2,1,0,43.120656
2005,6,30,3,5,1024,34.98,7.7,.343857,2,1,0,43.120656
2005,6,30,3,5,1024,35.32,7.7,.343857,2,1,0,43.120656
2005,6,30,3,5,1024,35.68,7.7,.343857,2,1,0,43.120656
2005,6,30,3,5,1024,36.06,7.7,.343857,2,1,0,43.120656
2005,6,30,3,5,1024,36.46,7.7,.343857,2,1,0,43.120656
2005,6,30,3,5,1024,36.88,7.7,.343857,2,1,0,43.120656
2005,6,30,3,5,1024,37.32,7.7,.343857,2,1,0,43.120656
2005,6,30,3,5,1024,37.78,7.7,.343857,2,1,0,43.120656
2005,6,30,3,5,1024,38.25,7.7,.343857,2,1,0,43.120656
2005,6,30,3,5,1024,38.5,3.9,.343857,2,1,0,43.120656
2005,6,30,3,5,1024,38.75,3.9,.343857,2,1,0,43.120656
2005,6,30,3,5,1024,39.01,.8,.343857,2,1,0,43.120656
2005,6,30,3,5,1024,180.3,30,.343857,2,0,0,180.3
2005,6,30,4,5,1024,.01,165,.343857,2,1,0,.01
2005,6,30,4,5,1024,33.16,73.2,.343857,2,1,0,43.120656
2005,6,30,4,5,1024,33.29,7.7,.343857,2,1,0,43.120656
2005,6,30,4,5,1024,33.45,7.7,.343857,2,1,0,43.120656
2005,6,30,4,5,1024,33.64,7.7,.343857,2,1,0,43.120656
2005,6,30,4,5,1024,33.86,7.7,.343857,2,1,0,43.120656
2005,6,30,4,5,1024,34.1,7.7,.343857,2,1,0,43.120656
2005,6,30,4,5,1024,34.37,7.7,.343857,2,1,0,43.120656
2005,6,30,4,5,1024,34.66,7.7,.343857,2,1,0,43.120656
2005,6,30,4,5,1024,34.98,7.7,.343857,2,1,0,43.120656
2005,6,30,4,5,1024,35.32,7.7,.343857,2,1,0,43.120656
2005,6,30,4,5,1024,35.68,7.7,.343857,2,1,0,43.120656
2005,6,30,4,5,1024,36.06,7.7,.343857,2,1,0,43.120656
2005,6,30,4,5,1024,36.46,7.7,.343857,2,1,0,43.120656
2005,6,30,4,5,1024,36.88,7.7,.343857,2,1,0,43.120656
2005,6,30,4,5,1024,37.32,7.7,.343857,2,1,0,43.120656
2005,6,30,4,5,1024,37.78,7.7,.343857,2,1,0,43.120656
2005,6,30,4,5,1024,38.25,7.7,.343857,2,0,0,43.120656
2005,6,30,4,5,1024,38.5,3.9,.343857,2,0,0,43.120656
2005,6,30,4,5,1024,38.75,3.9,.343857,2,0,0,43.120656
2005,6,30,4,5,1024,39.01,.8,.343857,2,0,0,43.120656
2005,6,30,4,5,1024,180.3,30,.343857,2,0,0,180.3
2005,6,30,5,5,1024,.01,165,.343857,2,1,0,.01
2005,6,30,5,5,1024,33.16,73.2,.343857,2,1,0,43.120656
2005,6,30,5,5,1024,33.29,7.7,.343857,2,1,0,43.120656
2005,6,30,5,5,1024,33.45,7.7,.343857,2,1,0,43.120656
2005,6,30,5,5,1024,33.64,7.7,.343857,2,1,0,43.120656
2005,6,30,5,5,1024,33.86,7.7,.343857,2,1,0,43.120656
2005,6,30,5,5,1024,34.1,7.7,.343857,2,1,0,43.120656
2005,6,30,5,5,1024,34.37,7.7,.343857,2,1,0,43.120656
2005,6,30,5,5,1024,34.66,7.7,.343857,2,1,0,43.120656
2005,6,30,5,5,1024,34.98,7.7,.343857,2,1,0,43.120656
2005,6,30,5,5,1024,35.32,7.7,.343857,2,1,0,43.120656
2005,6,30,5,5,1024,35.68,7.7,.343857,2,1,0,43.120656
2005,6,30,5,5,1024,36.06,7.7,.343857,2,1,0,43.120656
2005,6,30,5,5,1024,36.46,7.7,.343857,2,1,0,43.120656
2005,6,30,5,5,1024,36.88,7.7,.343857,2,1,0,43.120656
2005,6,30,5,5,1024,37.32,7.7,.343857,2,1,0,43.120656
2005,6,30,5,5,1024,37.78,7.7,.343857,2,1,0,43.120656
2005,6,30,5,5,1024,38.25,7.7,.343857,2,0,0,43.120656
2005,6,30,5,5,1024,38.5,3.9,.343857,2,0,0,43.120656
2005,6,30,5,5,1024,38.75,3.9,.343857,2,0,0,43.120656
2005,6,30,5,5,1024,39.01,.8,.343857,2,0,0,43.120656
2005,6,30,5,5,1024,180.3,30,.343857,2,0,0,180.3
2005,6,30,6,5,1024,.01,165,.343857,2,1,0,.01
2005,6,30,6,5,1024,33.16,73.2,.343857,2,1,0,43.120656
2005,6,30,6,5,1024,33.29,7.7,.343857,2,1,0,43.120656
2005,6,30,6,5,1024,33.45,7.7,.343857,2,1,0,43.120656
2005,6,30,6,5,1024,33.64,7.7,.343857,2,1,0,43.120656
2005,6,30,6,5,1024,33.86,7.7,.343857,2,1,0,43.120656
2005,6,30,6,5,1024,34.1,7.7,.343857,2,1,0,43.120656
2005,6,30,6,5,1024,34.37,7.7,.343857,2,1,0,43.120656
2005,6,30,6,5,1024,34.66,7.7,.343857,2,1,0,43.120656
2005,6,30,6,5,1024,34.98,7.7,.343857,2,1,0,43.120656
2005,6,30,6,5,1024,35.32,7.7,.343857,2,1,0,43.120656
2005,6,30,6,5,1024,35.68,7.7,.343857,2,1,0,43.120656
2005,6,30,6,5,1024,36.06,7.7,.343857,2,1,0,43.120656
2005,6,30,6,5,1024,36.46,7.7,.343857,2,1,0,43.120656
2005,6,30,6,5,1024,36.88,7.7,.343857,2,1,0,43.120656
2005,6,30,6,5,1024,37.32,7.7,.343857,2,1,0,43.120656
2005,6,30,6,5,1024,37.78,7.7,.343857,2,1,0,43.120656
2005,6,30,6,5,1024,38.25,7.7,.343857,2,1,0,43.120656
2005,6,30,6,5,1024,38.5,3.9,.343857,2,1,0,43.120656
2005,6,30,6,5,1024,38.75,3.9,.343857,2,1,0,43.120656
2005,6,30,6,5,1024,39.01,.8,.343857,2,1,0,43.120656
2005,6,30,6,5,1024,180.3,30,.343857,2,0,0,180.3
2005,6,30,7,5,1024,.01,165,.343857,2,1,0,.01
2005,6,30,7,5,1024,33.16,73.2,.343857,2,1,0,43.120656
2005,6,30,7,5,1024,33.29,7.7,.343857,2,1,0,43.120656
2005,6,30,7,5,1024,33.45,7.7,.343857,2,1,0,43.120656
2005,6,30,7,5,1024,33.64,7.7,.343857,2,1,0,43.120656
2005,6,30,7,5,1024,33.86,7.7,.343857,2,1,0,43.120656
2005,6,30,7,5,1024,34.1,7.7,.343857,2,1,0,43.120656
2005,6,30,7,5,1024,34.37,7.7,.343857,2,1,0,43.120656
2005,6,30,7,5,1024,34.66,7.7,.343857,2,1,0,43.120656
2005,6,30,7,5,1024,34.98,7.7,.343857,2,1,0,43.120656
2005,6,30,7,5,1024,35.32,7.7,.343857,2,1,0,43.120656
2005,6,30,7,5,1024,35.68,7.7,.343857,2,1,0,43.120656
2005,6,30,7,5,1024,36.06,7.7,.343857,2,1,0,43.120656
2005,6,30,7,5,1024,36.46,7.7,.343857,2,1,0,43.120656
2005,6,30,7,5,1024,36.88,7.7,.343857,2,1,0,43.120656
2005,6,30,7,5,1024,37.32,7.7,.343857,2,1,0,43.120656
2005,6,30,7,5,1024,37.78,7.7,.343857,2,1,0,43.120656
2005,6,30,7,5,1024,38.25,7.7,.343857,2,1,0,43.120656
2005,6,30,7,5,1024,38.5,3.9,.343857,2,1,0,43.120656
2005,6,30,7,5,1024,38.75,3.9,.343857,2,1,0,43.120656
2005,6,30,7,5,1024,39.01,.8,.343857,2,1,0,43.120656
2005,6,30,7,5,1024,180.3,30,.343857,2,0,0,180.3
2005,6,30,8,5,1024,.01,165,.343857,2,1,0,.01
2005,6,30,8,5,1024,33.16,73.2,.343857,2,1,0,43.120656
2005,6,30,8,5,1024,33.29,7.7,.343857,2,1,0,43.120656
2005,6,30,8,5,1024,33.45,7.7,.343857,2,1,0,43.120656
2005,6,30,8,5,1024,33.64,7.7,.343857,2,1,0,43.120656
2005,6,30,8,5,1024,33.86,7.7,.343857,2,1,0,43.120656
2005,6,30,8,5,1024,34.1,7.7,.343857,2,1,0,43.120656
2005,6,30,8,5,1024,34.37,7.7,.343857,2,1,0,43.120656
2005,6,30,8,5,1024,34.66,7.7,.343857,2,1,0,43.120656
2005,6,30,8,5,1024,34.98,7.7,.343857,2,1,0,43.120656
2005,6,30,8,5,1024,35.32,7.7,.343857,2,1,0,43.120656
2005,6,30,8,5,1024,35.68,7.7,.343857,2,1,0,43.120656
2005,6,30,8,5,1024,36.06,7.7,.343857,2,1,0,43.120656
2005,6,30,8,5,1024,36.46,7.7,.343857,2,1,0,43.120656
2005,6,30,8,5,1024,36.88,7.7,.343857,2,1,0,43.120656
2005,6,30,8,5,1024,37.32,7.7,.343857,2,1,0,43.120656
2005,6,30,8,5,1024,37.78,7.7,.343857,2,1,0,43.120656
2005,6,30,8,5,1024,38.25,7.7,.343857,2,1,0,43.120656
2005,6,30,8,5,1024,38.5,3.9,.343857,2,1,0,43.120656
2005,6,30,8,5,1024,38.75,3.9,.343857,2,1,0,43.120656
2005,6,30,8,5,1024,39.01,.8,.343857,2,1,0,43.120656
2005,6,30,8,5,1024,180.3,30,.343857,2,0,0,180.3
2005,6,30,9,5,1024,.01,165,.343857,2,1,0,.01
2005,6,30,9,5,1024,33.16,73.2,.343857,2,1,0,43.120656
2005,6,30,9,5,1024,33.29,7.7,.343857,2,1,0,43.120656
2005,6,30,9,5,1024,33.45,7.7,.343857,2,1,0,43.120656
2005,6,30,9,5,1024,33.64,7.7,.343857,2,1,0,43.120656
2005,6,30,9,5,1024,33.86,7.7,.343857,2,1,0,43.120656
2005,6,30,9,5,1024,34.1,7.7,.343857,2,1,0,43.120656
2005,6,30,9,5,1024,34.37,7.7,.343857,2,1,0,43.120656
2005,6,30,9,5,1024,34.66,7.7,.343857,2,1,0,43.120656
2005,6,30,9,5,1024,34.98,7.7,.343857,2,1,0,43.120656
2005,6,30,9,5,1024,35.32,7.7,.343857,2,1,0,43.120656
2005,6,30,9,5,1024,35.68,7.7,.343857,2,1,0,43.120656
2005,6,30,9,5,1024,36.06,7.7,.343857,2,1,0,43.120656
2005,6,30,9,5,1024,36.46,7.7,.343857,2,1,0,43.120656
2005,6,30,9,5,1024,36.88,7.7,.343857,2,1,0,43.120656
2005,6,30,9,5,1024,37.32,7.7,.343857,2,1,0,43.120656
2005,6,30,9,5,1024,37.78,7.7,.343857,2,1,0,43.120656
2005,6,30,9,5,1024,38.25,7.7,.343857,2,1,0,43.120656
2005,6,30,9,5,1024,38.5,3.9,.343857,2,1,0,43.120656
2005,6,30,9,5,1024,38.75,3.9,.343857,2,1,0,43.120656
2005,6,30,9,5,1024,39.01,.8,.343857,2,1,0,43.120656
2005,6,30,9,5,1024,180.3,30,.343857,2,0,0,180.3
2005,6,30,10,5,1024,.01,165,.343857,2,1,0,.01
2005,6,30,10,5,1024,33.16,73.2,.343857,2,1,0,43.120656
2005,6,30,10,5,1024,33.29,7.7,.343857,2,1,0,43.120656
2005,6,30,10,5,1024,33.45,7.7,.343857,2,1,0,43.120656
2005,6,30,10,5,1024,33.64,7.7,.343857,2,1,0,43.120656
2005,6,30,10,5,1024,33.86,7.7,.343857,2,1,0,43.120656
2005,6,30,10,5,1024,34.1,7.7,.343857,2,1,0,43.120656
2005,6,30,10,5,1024,34.37,7.7,.343857,2,1,0,43.120656
2005,6,30,10,5,1024,34.66,7.7,.343857,2,1,0,43.120656
2005,6,30,10,5,1024,34.98,7.7,.343857,2,1,0,43.120656
2005,6,30,10,5,1024,35.32,7.7,.343857,2,1,0,43.120656
2005,6,30,10,5,1024,35.68,7.7,.343857,2,1,0,43.120656
2005,6,30,10,5,1024,36.06,7.7,.343857,2,1,0,43.120656
2005,6,30,10,5,1024,36.46,7.7,.343857,2,1,0,43.120656
2005,6,30,10,5,1024,36.88,7.7,.343857,2,1,0,43.120656
2005,6,30,10,5,1024,37.32,7.7,.343857,2,1,0,43.120656
2005,6,30,10,5,1024,37.78,7.7,.343857,2,1,0,43.120656
2005,6,30,10,5,1024,38.25,7.7,.343857,2,1,0,43.120656
2005,6,30,10,5,1024,38.5,3.9,.343857,2,1,0,43.120656
2005,6,30,10,5,1024,38.75,3.9,.343857,2,1,0,43.120656
2005,6,30,10,5,1024,39.01,.8,.343857,2,1,0,43.120656
2005,6,30,10,5,1024,180.3,30,.343857,2,0,0,180.3
2005,6,30,11,5,1024,.01,165,.343857,2,1,0,.01
2005,6,30,11,5,1024,33.16,73.2,.343857,2,1,0,43.120656
2005,6,30,11,5,1024,33.29,7.7,.343857,2,1,0,43.120656
2005,6,30,11,5,1024,33.45,7.7,.343857,2,1,0,43.120656
2005,6,30,11,5,1024,33.64,7.7,.343857,2,1,0,43.120656
2005,6,30,11,5,1024,33.86,7.7,.343857,2,1,0,43.120656
2005,6,30,11,5,1024,34.1,7.7,.343857,2,1,0,43.120656
2005,6,30,11,5,1024,34.37,7.7,.343857,2,1,0,43.120656
2005,6,30,11,5,1024,34.66,7.7,.343857,2,1,0,43.120656
2005,6,30,11,5,1024,34.98,7.7,.343857,2,1,0,43.120656
2005,6,30,11,5,1024,35.32,7.7,.343857,2,1,0,43.120656
2005,6,30,11,5,1024,35.68,7.7,.343857,2,1,0,43.120656
2005,6,30,11,5,1024,36.06,7.7,.343857,2,1,0,43.120656
2005,6,30,11,5,1024,36.46,7.7,.343857,2,1,0,43.120656
2005,6,30,11,5,1024,36.88,7.7,.343857,2,1,0,43.120656
2005,6,30,11,5,1024,37.32,7.7,.343857,2,1,0,43.120656
2005,6,30,11,5,1024,37.78,7.7,.343857,2,1,0,43.120656
2005,6,30,11,5,1024,38.25,7.7,.343857,2,1,0,43.120656
2005,6,30,11,5,1024,38.5,3.6,.343857,2,1,0,43.120656
2005,6,30,11,5,1024,180.3,35,.343857,2,0,0,180.3
2005,6,30,12,5,1024,.01,165,.343857,2,1,0,.01
2005,6,30,12,5,1024,33.16,73.2,.343857,2,1,0,43.120656
2005,6,30,12,5,1024,33.29,7.7,.343857,2,1,0,43.120656
2005,6,30,12,5,1024,33.45,7.7,.343857,2,1,0,43.120656
2005,6,30,12,5,1024,33.64,7.7,.343857,2,1,0,43.120656
2005,6,30,12,5,1024,33.86,7.7,.343857,2,1,0,43.120656
2005,6,30,12,5,1024,34.1,7.7,.343857,2,1,0,43.120656
2005,6,30,12,5,1024,34.37,7.7,.343857,2,1,0,43.120656
2005,6,30,12,5,1024,34.66,7.7,.343857,2,1,0,43.120656
2005,6,30,12,5,1024,34.98,7.7,.343857,2,1,0,43.120656
2005,6,30,12,5,1024,35.32,7.7,.343857,2,1,0,43.120656
2005,6,30,12,5,1024,35.68,7.7,.343857,2,1,0,43.120656
2005,6,30,12,5,1024,36.06,7.7,.343857,2,1,0,43.120656
2005,6,30,12,5,1024,36.46,7.7,.343857,2,1,0,43.120656
2005,6,30,12,5,1024,36.88,7.7,.343857,2,1,0,43.120656
2005,6,30,12,5,1024,37.32,7.7,.343857,2,1,0,43.120656
2005,6,30,12,5,1024,37.78,7.7,.343857,2,1,0,43.120656
2005,6,30,12,5,1024,38.25,7.7,.343857,2,1,0,43.120656
2005,6,30,12,5,1024,38.5,3.6,.343857,2,1,0,43.120656
2005,6,30,12,5,1024,180.3,35,.343857,2,0,0,180.3
2005,6,30,13,5,1024,.01,165,.343857,2,1,0,.01
2005,6,30,13,5,1024,33.16,73.2,.343857,2,1,0,43.120656
2005,6,30,13,5,1024,33.29,7.7,.343857,2,1,0,43.120656
2005,6,30,13,5,1024,33.45,7.7,.343857,2,1,0,43.120656
2005,6,30,13,5,1024,33.64,7.7,.343857,2,1,0,43.120656
2005,6,30,13,5,1024,33.86,7.7,.343857,2,1,0,43.120656
2005,6,30,13,5,1024,34.1,7.7,.343857,2,1,0,43.120656
2005,6,30,13,5,1024,34.37,7.7,.343857,2,1,0,43.120656
2005,6,30,13,5,1024,34.66,7.7,.343857,2,1,0,43.120656
2005,6,30,13,5,1024,34.98,7.7,.343857,2,1,0,43.120656
2005,6,30,13,5,1024,35.32,7.7,.343857,2,1,0,43.120656
2005,6,30,13,5,1024,35.68,7.7,.343857,2,1,0,43.120656
2005,6,30,13,5,1024,36.06,7.7,.343857,2,1,0,43.120656
2005,6,30,13,5,1024,36.46,7.7,.343857,2,1,0,43.120656
2005,6,30,13,5,1024,36.88,7.7,.343857,2,1,0,43.120656
2005,6,30,13,5,1024,37.32,7.7,.343857,2,1,0,43.120656
2005,6,30,13,5,1024,37.78,7.7,.343857,2,1,0,43.120656
2005,6,30,13,5,1024,38.25,7.7,.343857,2,1,0,43.120656
2005,6,30,13,5,1024,38.5,3.6,.343857,2,1,0,43.120656
2005,6,30,13,5,1024,180.3,35,.343857,2,0,0,180.3
2005,6,30,14,5,1024,0,165,.343857,2,1,0,0
2005,6,30,14,5,1024,33.16,73.2,.343857,2,1,0,43.120656
2005,6,30,14,5,1024,33.29,7.7,.343857,2,1,0,43.120656
2005,6,30,14,5,1024,33.45,7.7,.343857,2,1,0,43.120656
2005,6,30,14,5,1024,33.64,7.7,.343857,2,1,0,43.120656
2005,6,30,14,5,1024,33.86,7.7,.343857,2,1,0,43.120656
2005,6,30,14,5,1024,34.1,7.7,.343857,2,1,0,43.120656
2005,6,30,14,5,1024,34.37,7.7,.343857,2,1,0,43.120656
2005,6,30,14,5,1024,34.66,7.7,.343857,2,1,0,43.120656
2005,6,30,14,5,1024,34.98,7.7,.343857,2,1,0,43.120656
2005,6,30,14,5,1024,35.32,7.7,.343857,2,1,0,43.120656
2005,6,30,14,5,1024,35.68,7.7,.343857,2,1,0,43.120656
2005,6,30,14,5,1024,36.06,7.7,.343857,2,1,0,43.120656
2005,6,30,14,5,1024,36.46,7.7,.343857,2,1,0,43.120656
2005,6,30,14,5,1024,36.88,7.7,.343857,2,1,0,43.120656
2005,6,30,14,5,1024,37.32,7.7,.343857,2,1,0,43.120656
2005,6,30,14,5,1024,37.78,7.7,.343857,2,1,0,43.120656
2005,6,30,14,5,1024,38.25,7.7,.343857,2,1,0,43.120656
2005,6,30,14,5,1024,38.5,3.6,.343857,2,1,0,43.120656
2005,6,30,14,5,1024,180.3,35,.343857,2,0,0,180.3
2005,6,30,15,5,1024,0,165,.343857,2,1,0,0
2005,6,30,15,5,1024,33.16,73.2,.343857,2,1,0,43.120656
2005,6,30,15,5,1024,33.29,7.7,.343857,2,1,0,43.120656
2005,6,30,15,5,1024,33.45,7.7,.343857,2,1,0,43.120656
2005,6,30,15,5,1024,33.64,7.7,.343857,2,1,0,43.120656
2005,6,30,15,5,1024,33.86,7.7,.343857,2,1,0,43.120656
2005,6,30,15,5,1024,34.1,7.7,.343857,2,1,0,43.120656
2005,6,30,15,5,1024,34.37,7.7,.343857,2,1,0,43.120656
2005,6,30,15,5,1024,34.66,7.7,.343857,2,1,0,43.120656
2005,6,30,15,5,1024,34.98,7.7,.343857,2,1,0,43.120656
2005,6,30,15,5,1024,35.32,7.7,.343857,2,1,0,43.120656
2005,6,30,15,5,1024,35.68,7.7,.343857,2,1,0,43.120656
2005,6,30,15,5,1024,36.06,7.7,.343857,2,1,0,43.120656
2005,6,30,15,5,1024,36.46,7.7,.343857,2,1,0,43.120656
2005,6,30,15,5,1024,36.88,7.7,.343857,2,1,0,43.120656
2005,6,30,15,5,1024,37.32,7.7,.343857,2,1,0,43.120656
2005,6,30,15,5,1024,37.78,7.7,.343857,2,1,0,43.120656
2005,6,30,15,5,1024,38.25,7.7,.343857,2,1,0,43.120656
2005,6,30,15,5,1024,38.5,3.6,.343857,2,1,0,43.120656
2005,6,30,15,5,1024,180.3,35,.343857,2,0,0,180.3
2005,6,30,16,5,1024,0,165,.343857,2,1,0,0
2005,6,30,16,5,1024,33.16,73.2,.343857,2,1,0,43.120656
2005,6,30,16,5,1024,33.29,7.7,.343857,2,1,0,43.120656
2005,6,30,16,5,1024,33.45,7.7,.343857,2,1,0,43.120656
2005,6,30,16,5,1024,33.64,7.7,.343857,2,1,0,43.120656
2005,6,30,16,5,1024,33.86,7.7,.343857,2,1,0,43.120656
2005,6,30,16,5,1024,34.1,7.7,.343857,2,1,0,43.120656
2005,6,30,16,5,1024,34.37,7.7,.343857,2,1,0,43.120656
2005,6,30,16,5,1024,34.66,7.7,.343857,2,1,0,43.120656
2005,6,30,16,5,1024,34.98,7.7,.343857,2,1,0,43.120656
2005,6,30,16,5,1024,35.32,7.7,.343857,2,1,0,43.120656
2005,6,30,16,5,1024,35.68,7.7,.343857,2,1,0,43.120656
2005,6,30,16,5,1024,36.06,7.7,.343857,2,1,0,43.120656
2005,6,30,16,5,1024,36.46,7.7,.343857,2,1,0,43.120656
2005,6,30,16,5,1024,36.88,7.7,.343857,2,1,0,43.120656
2005,6,30,16,5,1024,37.32,7.7,.343857,2,1,0,43.120656
2005,6,30,16,5,1024,37.78,7.7,.343857,2,1,0,43.120656
2005,6,30,16,5,1024,38.25,7.7,.343857,2,1,0,43.120656
2005,6,30,16,5,1024,38.5,3.6,.343857,2,1,0,43.120656
2005,6,30,16,5,1024,180.3,35,.343857,2,0,0,180.3
2005,6,30,17,5,1024,0,165,.343857,2,1,0,0
2005,6,30,17,5,1024,33.16,73.2,.343857,2,1,0,43.120656
2005,6,30,17,5,1024,33.29,7.7,.343857,2,1,0,43.120656
2005,6,30,17,5,1024,33.45,7.7,.343857,2,1,0,43.120656
2005,6,30,17,5,1024,33.64,7.7,.343857,2,1,0,43.120656
2005,6,30,17,5,1024,33.86,7.7,.343857,2,1,0,43.120656
2005,6,30,17,5,1024,34.1,7.7,.343857,2,1,0,43.120656
2005,6,30,17,5,1024,34.37,7.7,.343857,2,1,0,43.120656
2005,6,30,17,5,1024,34.66,7.7,.343857,2,1,0,43.120656
2005,6,30,17,5,1024,34.98,7.7,.343857,2,1,0,43.120656
2005,6,30,17,5,1024,35.32,7.7,.343857,2,1,0,43.120656
2005,6,30,17,5,1024,35.68,7.7,.343857,2,1,0,43.120656
2005,6,30,17,5,1024,36.06,7.7,.343857,2,1,0,43.120656
2005,6,30,17,5,1024,36.46,7.7,.343857,2,1,0,43.120656
2005,6,30,17,5,1024,36.88,7.7,.343857,2,1,0,43.120656
2005,6,30,17,5,1024,37.32,7.7,.343857,2,1,0,43.120656
2005,6,30,17,5,1024,37.78,7.7,.343857,2,1,0,43.120656
2005,6,30,17,5,1024,38.25,7.7,.343857,2,1,0,43.120656
2005,6,30,17,5,1024,38.5,3.6,.343857,2,1,0,43.120656
2005,6,30,17,5,1024,180.3,35,.343857,2,0,0,180.3
2005,6,30,18,5,1024,0,165,.343857,2,1,0,0
2005,6,30,18,5,1024,33.16,73.2,.343857,2,1,0,43.120656
2005,6,30,18,5,1024,33.29,7.7,.343857,2,1,0,43.120656
2005,6,30,18,5,1024,33.45,7.7,.343857,2,1,0,43.120656
2005,6,30,18,5,1024,33.64,7.7,.343857,2,1,0,43.120656
2005,6,30,18,5,1024,33.86,7.7,.343857,2,1,0,43.120656
2005,6,30,18,5,1024,34.1,7.7,.343857,2,1,0,43.120656
2005,6,30,18,5,1024,34.37,7.7,.343857,2,1,0,43.120656
2005,6,30,18,5,1024,34.66,7.7,.343857,2,1,0,43.120656
2005,6,30,18,5,1024,34.98,7.7,.343857,2,1,0,43.120656
2005,6,30,18,5,1024,35.32,7.7,.343857,2,1,0,43.120656
2005,6,30,18,5,1024,35.68,7.7,.343857,2,1,0,43.120656
2005,6,30,18,5,1024,36.06,7.7,.343857,2,1,0,43.120656
2005,6,30,18,5,1024,36.46,7.7,.343857,2,1,0,43.120656
2005,6,30,18,5,1024,36.88,7.7,.343857,2,1,0,43.120656
2005,6,30,18,5,1024,37.32,7.7,.343857,2,1,0,43.120656
2005,6,30,18,5,1024,37.78,7.7,.343857,2,1,0,43.120656
2005,6,30,18,5,1024,38.25,7.7,.343857,2,1,0,43.120656
2005,6,30,18,5,1024,38.5,3.6,.343857,2,1,0,43.120656
2005,6,30,18,5,1024,180.3,35,.343857,2,0,0,180.3
2005,6,30,19,5,1024,0,165,.343857,2,1,0,0
2005,6,30,19,5,1024,33.16,73.2,.343857,2,1,0,43.120656
2005,6,30,19,5,1024,33.29,7.7,.343857,2,1,0,43.120656
2005,6,30,19,5,1024,33.45,7.7,.343857,2,1,0,43.120656
2005,6,30,19,5,1024,33.64,7.7,.343857,2,1,0,43.120656
2005,6,30,19,5,1024,33.86,7.7,.343857,2,1,0,43.120656
2005,6,30,19,5,1024,34.1,7.7,.343857,2,1,0,43.120656
2005,6,30,19,5,1024,34.37,7.7,.343857,2,1,0,43.120656
2005,6,30,19,5,1024,34.66,7.7,.343857,2,1,0,43.120656
2005,6,30,19,5,1024,34.98,7.7,.343857,2,1,0,43.120656
2005,6,30,19,5,1024,35.32,7.7,.343857,2,1,0,43.120656
2005,6,30,19,5,1024,35.68,7.7,.343857,2,1,0,43.120656
2005,6,30,19,5,1024,36.06,7.7,.343857,2,1,0,43.120656
2005,6,30,19,5,1024,36.46,7.7,.343857,2,1,0,43.120656
2005,6,30,19,5,1024,36.88,7.7,.343857,2,1,0,43.120656
2005,6,30,19,5,1024,37.32,7.7,.343857,2,1,0,43.120656
2005,6,30,19,5,1024,37.78,7.7,.343857,2,1,0,43.120656
2005,6,30,19,5,1024,38.25,7.7,.343857,2,1,0,43.120656
2005,6,30,19,5,1024,38.5,3.6,.343857,2,1,0,43.120656
2005,6,30,19,5,1024,180.3,35,.343857,2,0,0,180.3
2005,6,30,20,5,1024,0,165,.343857,2,1,0,0
2005,6,30,20,5,1024,33.16,73.2,.343857,2,1,0,43.120656
2005,6,30,20,5,1024,33.29,7.7,.343857,2,1,0,43.120656
2005,6,30,20,5,1024,33.45,7.7,.343857,2,1,0,43.120656
2005,6,30,20,5,1024,33.64,7.7,.343857,2,1,0,43.120656
2005,6,30,20,5,1024,33.86,7.7,.343857,2,1,0,43.120656
2005,6,30,20,5,1024,34.1,7.7,.343857,2,1,0,43.120656
2005,6,30,20,5,1024,34.37,7.7,.343857,2,1,0,43.120656
2005,6,30,20,5,1024,34.66,7.7,.343857,2,1,0,43.120656
2005,6,30,20,5,1024,34.98,7.7,.343857,2,1,0,43.120656
2005,6,30,20,5,1024,35.32,7.7,.343857,2,1,0,43.120656
2005,6,30,20,5,1024,35.68,7.7,.343857,2,1,0,43.120656
2005,6,30,20,5,1024,36.06,7.7,.343857,2,1,0,43.120656
2005,6,30,20,5,1024,36.46,7.7,.343857,2,1,0,43.120656
2005,6,30,20,5,1024,36.88,7.7,.343857,2,1,0,43.120656
2005,6,30,20,5,1024,37.32,7.7,.343857,2,1,0,43.120656
2005,6,30,20,5,1024,37.78,7.7,.343857,2,1,0,43.120656
2005,6,30,20,5,1024,38.25,7.7,.343857,2,1,0,43.120656
2005,6,30,20,5,1024,38.5,3.6,.343857,2,1,0,43.120656
2005,6,30,20,5,1024,180.3,35,.343857,2,0,0,180.3
2005,6,30,21,5,1024,0,165,.343857,2,1,0,0
2005,6,30,21,5,1024,33.16,73.2,.343857,2,1,0,43.120656
2005,6,30,21,5,1024,33.29,7.7,.343857,2,1,0,43.120656
2005,6,30,21,5,1024,33.45,7.7,.343857,2,1,0,43.120656
2005,6,30,21,5,1024,33.64,7.7,.343857,2,1,0,43.120656
2005,6,30,21,5,1024,33.86,7.7,.343857,2,1,0,43.120656
2005,6,30,21,5,1024,34.1,7.7,.343857,2,1,0,43.120656
2005,6,30,21,5,1024,34.37,7.7,.343857,2,1,0,43.120656
2005,6,30,21,5,1024,34.66,7.7,.343857,2,1,0,43.120656
2005,6,30,21,5,1024,34.98,7.7,.343857,2,1,0,43.120656
2005,6,30,21,5,1024,35.32,7.7,.343857,2,1,0,43.120656
2005,6,30,21,5,1024,35.68,7.7,.343857,2,1,0,43.120656
2005,6,30,21,5,1024,36.06,7.7,.343857,2,1,0,43.120656
2005,6,30,21,5,1024,36.46,7.7,.343857,2,1,0,43.120656
2005,6,30,21,5,1024,36.88,7.7,.343857,2,1,0,43.120656
2005,6,30,21,5,1024,37.32,7.7,.343857,2,1,0,43.120656
2005,6,30,21,5,1024,37.78,7.7,.343857,2,1,0,43.120656
2005,6,30,21,5,1024,38.25,7.7,.343857,2,1,0,43.120656
2005,6,30,21,5,1024,38.5,3.9,.343857,2,1,0,43.120656
2005,6,30,21,5,1024,38.75,3.9,.343857,2,1,0,43.120656
2005,6,30,21,5,1024,39.01,.8,.343857,2,1,0,43.120656
2005,6,30,21,5,1024,180.3,30,.343857,2,0,0,180.3
2005,6,30,22,5,1024,0,165,.343857,2,1,0,0
2005,6,30,22,5,1024,33.16,73.2,.343857,2,1,0,43.120656
2005,6,30,22,5,1024,33.29,7.7,.343857,2,1,0,43.120656
2005,6,30,22,5,1024,33.45,7.7,.343857,2,1,0,43.120656
2005,6,30,22,5,1024,33.64,7.7,.343857,2,1,0,43.120656
2005,6,30,22,5,1024,33.86,7.7,.343857,2,1,0,43.120656
2005,6,30,22,5,1024,34.1,7.7,.343857,2,1,0,43.120656
2005,6,30,22,5,1024,34.37,7.7,.343857,2,1,0,43.120656
2005,6,30,22,5,1024,34.66,7.7,.343857,2,1,0,43.120656
2005,6,30,22,5,1024,34.98,7.7,.343857,2,1,0,43.120656
2005,6,30,22,5,1024,35.32,7.7,.343857,2,1,0,43.120656
2005,6,30,22,5,1024,35.68,7.7,.343857,2,1,0,43.120656
2005,6,30,22,5,1024,36.06,7.7,.343857,2,1,0,43.120656
2005,6,30,22,5,1024,36.46,7.7,.343857,2,1,0,43.120656
2005,6,30,22,5,1024,36.88,7.7,.343857,2,1,0,43.120656
2005,6,30,22,5,1024,37.32,7.7,.343857,2,1,0,43.120656
2005,6,30,22,5,1024,37.78,7.7,.343857,2,1,0,43.120656
2005,6,30,22,5,1024,38.25,7.7,.343857,2,1,0,43.120656
2005,6,30,22,5,1024,38.5,3.9,.343857,2,1,0,43.120656
2005,6,30,22,5,1024,38.75,3.9,.343857,2,1,0,43.120656
2005,6,30,22,5,1024,39.01,.8,.343857,2,1,0,43.120656
2005,6,30,22,5,1024,180.3,30,.343857,2,0,0,180.3
2005,6,30,23,5,1024,0,165,.343857,2,1,0,0
2005,6,30,23,5,1024,33.16,73.2,.343857,2,1,0,43.120656
2005,6,30,23,5,1024,33.29,7.7,.343857,2,1,0,43.120656
2005,6,30,23,5,1024,33.45,7.7,.343857,2,1,0,43.120656
2005,6,30,23,5,1024,33.64,7.7,.343857,2,1,0,43.120656
2005,6,30,23,5,1024,33.86,7.7,.343857,2,1,0,43.120656
2005,6,30,23,5,1024,34.1,7.7,.343857,2,1,0,43.120656
2005,6,30,23,5,1024,34.37,7.7,.343857,2,1,0,43.120656
2005,6,30,23,5,1024,34.66,7.7,.343857,2,1,0,43.120656
2005,6,30,23,5,1024,34.98,7.7,.343857,2,1,0,43.120656
2005,6,30,23,5,1024,35.32,7.7,.343857,2,1,0,43.120656
2005,6,30,23,5,1024,35.68,7.7,.343857,2,1,0,43.120656
2005,6,30,23,5,1024,36.06,7.7,.343857,2,1,0,43.120656
2005,6,30,23,5,1024,36.46,7.7,.343857,2,1,0,43.120656
2005,6,30,23,5,1024,36.88,7.7,.343857,2,1,0,43.120656
2005,6,30,23,5,1024,37.32,7.7,.343857,2,1,0,43.120656
2005,6,30,23,5,1024,37.78,7.7,.343857,2,1,0,43.120656
2005,6,30,23,5,1024,38.25,7.7,.343857,2,1,0,43.120656
2005,6,30,23,5,1024,38.5,3.9,.343857,2,1,0,43.120656
2005,6,30,23,5,1024,38.75,3.9,.343857,2,1,0,43.120656
2005,6,30,23,5,1024,39.01,.8,.343857,2,1,0,43.120656
2005,6,30,23,5,1024,180.3,30,.343857,2,0,0,180.3
2005,6,30,24,5,1024,0,165,.343857,2,1,0,0
2005,6,30,24,5,1024,33.16,73.2,.343857,2,1,0,43.120656
2005,6,30,24,5,1024,33.29,7.7,.343857,2,1,0,43.120656
2005,6,30,24,5,1024,33.45,7.7,.343857,2,1,0,43.120656
2005,6,30,24,5,1024,33.64,7.7,.343857,2,1,0,43.120656
2005,6,30,24,5,1024,33.86,7.7,.343857,2,1,0,43.120656
2005,6,30,24,5,1024,34.1,7.7,.343857,2,1,0,43.120656
2005,6,30,24,5,1024,34.37,7.7,.343857,2,1,0,43.120656
2005,6,30,24,5,1024,34.66,7.7,.343857,2,1,0,43.120656
2005,6,30,24,5,1024,34.98,7.7,.343857,2,1,0,43.120656
2005,6,30,24,5,1024,35.32,7.7,.343857,2,1,0,43.120656
2005,6,30,24,5,1024,35.68,7.7,.343857,2,1,0,43.120656
2005,6,30,24,5,1024,36.06,7.7,.343857,2,1,0,43.120656
2005,6,30,24,5,1024,36.46,7.7,.343857,2,1,0,43.120656
2005,6,30,24,5,1024,36.88,7.7,.343857,2,1,0,43.120656
2005,6,30,24,5,1024,37.32,7.7,.343857,2,1,0,43.120656
2005,6,30,24,5,1024,37.78,7.7,.343857,2,1,0,43.120656
2005,6,30,24,5,1024,38.25,7.7,.343857,2,1,0,43.120656
2005,6,30,24,5,1024,38.5,3.9,.343857,2,1,0,43.120656
2005,6,30,24,5,1024,38.75,3.9,.343857,2,1,0,43.120656
2005,6,30,24,5,1024,39.01,.8,.343857,2,1,0,43.120656
2005,6,30,24,5,1024,180.3,30,.343857,2,0,0,180.3
2005,6,30,1,9,35,0,19.3,0,2,1,0,0
2005,6,30,2,9,35,0,19.3,0,2,1,0,0
2005,6,30,3,9,35,0,19.3,0,2,1,0,0
2005,6,30,4,9,35,0,19.3,0,2,1,0,0
2005,6,30,5,9,35,0,19.3,0,2,1,0,0
2005,6,30,6,9,35,0,19.3,0,2,1,0,0
2005,6,30,7,9,35,0,19.3,0,2,1,0,0
2005,6,30,8,9,35,0,19.3,0,2,1,0,0
2005,6,30,9,9,35,0,19.3,0,2,1,0,0
2005,6,30,10,9,35,0,19.3,0,2,1,0,0
2005,6,30,11,9,35,0,19.3,0,2,1,0,0
2005,6,30,12,9,35,0,19.3,0,2,1,0,0
2005,6,30,13,9,35,0,19.3,0,2,1,0,0
2005,6,30,14,9,35,0,19.3,0,2,1,0,0
2005,6,30,15,9,35,0,19.3,0,2,1,0,0
2005,6,30,16,9,35,0,19.3,0,2,1,0,0
2005,6,30,17,9,35,0,19.3,0,2,1,0,0
2005,6,30,18,9,35,0,19.3,0,2,1,0,0
2005,6,30,19,9,35,0,19.3,0,2,1,0,0
2005,6,30,20,9,35,0,19.3,0,2,1,0,0
2005,6,30,21,9,35,0,19.3,0,2,1,0,0
2005,6,30,22,9,35,0,19.3,0,2,1,0,0
2005,6,30,23,9,35,0,19.3,0,2,1,0,0
2005,6,30,24,9,35,0,19.3,0,2,1,0,0
2005,6,30,1,9,36,0,2.6,0,2,1,0,0
2005,6,30,2,9,36,0,2.6,0,2,1,0,0
2005,6,30,3,9,36,0,2.6,0,2,1,0,0
2005,6,30,4,9,36,0,2.6,0,2,1,0,0
2005,6,30,5,9,36,0,2.6,0,2,1,0,0
2005,6,30,6,9,36,0,2.6,0,2,1,0,0
2005,6,30,7,9,36,0,2.6,0,2,1,0,0
2005,6,30,8,9,36,0,2.6,0,2,1,0,0
2005,6,30,9,9,36,0,2.6,0,2,1,0,0
2005,6,30,10,9,36,0,2.6,0,2,1,0,0
2005,6,30,11,9,36,0,2.6,0,2,1,0,0
2005,6,30,12,9,36,0,2.6,0,2,1,0,0
2005,6,30,13,9,36,0,2.5,0,2,1,0,0
2005,6,30,14,9,36,0,2.4,0,2,1,0,0
2005,6,30,15,9,36,0,2.2,0,2,1,0,0
2005,6,30,16,9,36,0,2.2,0,2,1,0,0
2005,6,30,17,9,36,0,2.1,0,2,1,0,0
2005,6,30,18,9,36,0,2.1,0,2,1,0,0
2005,6,30,19,9,36,0,2.1,0,2,1,0,0
2005,6,30,20,9,36,0,2.3,0,2,1,0,0
2005,6,30,21,9,36,0,2.5,0,2,1,0,0
2005,6,30,22,9,36,0,2.6,0,2,1,0,0
2005,6,30,23,9,36,0,2.6,0,2,1,0,0
2005,6,30,24,9,36,0,2.6,0,2,1,0,0
2005,6,30,1,9,37,180.3,.4,0,1,1,0,180.3
2005,6,30,2,9,37,180.3,.4,0,1,1,0,180.3
2005,6,30,3,9,37,180.3,.1,0,1,1,0,180.3
2005,6,30,4,9,37,180.3,.1,0,1,1,0,180.3
2005,6,30,5,9,37,180.3,.1,0,1,1,0,180.3
2005,6,30,6,9,37,180.3,.1,0,1,1,0,180.3
2005,6,30,7,9,37,180.3,.1,0,1,1,0,180.3
2005,6,30,8,9,37,180.3,.2,0,1,1,0,180.3
2005,6,30,9,9,37,180.3,.7,0,1,1,0,180.3
2005,6,30,10,9,37,180.3,.7,0,1,1,0,180.3
2005,6,30,11,9,37,180.3,.7,0,1,1,0,180.3
2005,6,30,12,9,37,180.3,.6,0,1,1,0,180.3
2005,6,30,13,9,37,180.3,.7,0,1,1,0,180.3
2005,6,30,14,9,37,180.3,.7,0,1,1,0,180.3
2005,6,30,15,9,37,180.3,.7,0,1,1,0,180.3
2005,6,30,16,9,37,180.3,.7,0,1,1,0,180.3
2005,6,30,17,9,37,180.3,.8,0,1,1,0,180.3
2005,6,30,18,9,37,180.3,.8,0,1,1,0,180.3
2005,6,30,19,9,37,180.3,.8,0,1,1,0,180.3
2005,6,30,20,9,37,180.3,.7,0,1,1,0,180.3
2005,6,30,21,9,37,180.3,.5,0,1,1,0,180.3
2005,6,30,22,9,37,180.3,.4,0,1,1,0,180.3
2005,6,30,23,9,37,180.3,.4,0,1,1,0,180.3
2005,6,30,24,9,37,180.3,.4,0,1,1,0,180.3
2005,6,30,1,2,1026,0,170,.885785,2,1,0,0
2005,6,30,1,2,1026,14.58,375,.885785,2,1,0,42.616374
2005,6,30,1,2,1026,145.02,7.5,.885785,2,0,0,145.02
2005,6,30,2,2,1026,0,170,.885785,2,1,0,0
2005,6,30,2,2,1026,14.58,375,.885785,2,1,0,42.616374
2005,6,30,2,2,1026,145.02,7.5,.885785,2,0,0,145.02
2005,6,30,3,2,1026,0,170,.885785,2,1,0,0
2005,6,30,3,2,1026,14.58,375,.885785,2,1,0,42.616374
2005,6,30,3,2,1026,145.02,7.5,.885785,2,0,0,145.02
2005,6,30,4,2,1026,0,170,.885785,2,1,0,0
2005,6,30,4,2,1026,14.58,310,.885785,2,1,0,42.616374
2005,6,30,4,2,1026,145.02,72.5,.885785,2,0,0,145.02
2005,6,30,5,2,1026,0,170,.885785,2,1,0,0
2005,6,30,5,2,1026,14.58,310,.885785,2,1,0,42.616374
2005,6,30,5,2,1026,145.02,72.5,.885785,2,0,0,145.02
2005,6,30,6,2,1026,0,170,.885785,2,1,0,0
2005,6,30,6,2,1026,14.58,310,.885785,2,1,0,42.616374
2005,6,30,6,2,1026,145.02,72.5,.885785,2,0,0,145.02
2005,6,30,7,2,1026,0,170,.885785,2,1,0,0
2005,6,30,7,2,1026,14.58,375,.885785,2,1,0,42.616374
2005,6,30,7,2,1026,145.02,7.5,.885785,2,0,0,145.02
2005,6,30,8,2,1026,0,170,.885785,2,1,0,0
2005,6,30,8,2,1026,14.58,375,.885785,2,1,0,42.616374
2005,6,30,8,2,1026,145.02,7.5,.885785,2,0,0,145.02
2005,6,30,9,2,1026,0,170,.885785,2,1,0,0
2005,6,30,9,2,1026,14.58,375,.885785,2,1,0,42.616374
2005,6,30,9,2,1026,145.02,7.5,.885785,2,0,0,145.02
2005,6,30,10,2,1026,0,170,.885785,2,1,0,0
2005,6,30,10,2,1026,14.58,375,.885785,2,1,0,42.616374
2005,6,30,10,2,1026,145.02,7.5,.885785,2,0,0,145.02
2005,6,30,11,2,1026,0,170,.885785,2,1,0,0
2005,6,30,11,2,1026,14.58,375,.885785,2,1,0,42.616374
2005,6,30,11,2,1026,145.02,7.5,.885785,2,0,0,145.02
2005,6,30,12,2,1026,0,170,.885785,2,1,0,0
2005,6,30,12,2,1026,14.58,375,.885785,2,1,0,42.616374
2005,6,30,12,2,1026,145.02,7.5,.885785,2,0,0,145.02
2005,6,30,13,2,1026,0,170,.885785,2,1,0,0
2005,6,30,13,2,1026,14.58,375,.885785,2,1,0,42.616374
2005,6,30,13,2,1026,145.02,7.5,.885785,2,0,0,145.02
2005,6,30,14,2,1026,0,170,.885785,2,1,0,0
2005,6,30,14,2,1026,14.58,375,.885785,2,1,0,42.616374
2005,6,30,14,2,1026,145.02,7.5,.885785,2,0,0,145.02
2005,6,30,15,2,1026,0,170,.885785,2,1,0,0
2005,6,30,15,2,1026,14.58,375,.885785,2,1,0,42.616374
2005,6,30,15,2,1026,145.02,7.5,.885785,2,0,0,145.02
2005,6,30,16,2,1026,0,170,.885785,2,1,0,0
2005,6,30,16,2,1026,14.58,375,.885785,2,1,0,42.616374
2005,6,30,16,2,1026,145.02,7.5,.885785,2,0,0,145.02
2005,6,30,17,2,1026,0,170,.885785,2,1,0,0
2005,6,30,17,2,1026,14.58,375,.885785,2,1,0,42.616374
2005,6,30,17,2,1026,145.02,7.5,.885785,2,0,0,145.02
2005,6,30,18,2,1026,0,170,.885785,2,1,0,0
2005,6,30,18,2,1026,14.58,375,.885785,2,1,0,42.616374
2005,6,30,18,2,1026,145.02,7.5,.885785,2,0,0,145.02
2005,6,30,19,2,1026,0,170,.885785,2,1,0,0
2005,6,30,19,2,1026,14.58,375,.885785,2,1,0,42.616374
2005,6,30,19,2,1026,145.02,7.5,.885785,2,0,0,145.02
2005,6,30,20,2,1026,0,170,.885785,2,1,0,0
2005,6,30,20,2,1026,14.58,375,.885785,2,1,0,42.616374
2005,6,30,20,2,1026,145.02,7.5,.885785,2,0,0,145.02
2005,6,30,21,2,1026,0,170,.885785,2,1,0,0
2005,6,30,21,2,1026,14.58,375,.885785,2,1,0,42.616374
2005,6,30,21,2,1026,145.02,7.5,.885785,2,0,0,145.02
2005,6,30,22,2,1026,0,170,.885785,2,1,0,0
2005,6,30,22,2,1026,14.58,375,.885785,2,1,0,42.616374
2005,6,30,22,2,1026,145.02,7.5,.885785,2,0,0,145.02
2005,6,30,23,2,1026,0,170,.885785,2,1,0,0
2005,6,30,23,2,1026,14.58,375,.885785,2,1,0,42.616374
2005,6,30,23,2,1026,145.02,7.5,.885785,2,0,0,145.02
2005,6,30,24,2,1026,0,170,.885785,2,1,0,0
2005,6,30,24,2,1026,14.58,375,.885785,2,1,0,42.616374
2005,6,30,24,2,1026,145.02,7.5,.885785,2,0,0,145.02
2005,6,30,1,7,1027,0,200,.368091,2,1,0,0
2005,6,30,1,7,1027,46,50,.368091,2,1,0,43.742249
2005,6,30,1,7,1027,47,37,.368091,2,1,0,43.742249
2005,6,30,1,7,1027,48,50,.368091,2,0,1,43.742249
2005,6,30,1,7,1027,149,34.7,.368091,2,0,1,149
2005,6,30,2,7,1027,0,190,.368091,2,1,0,0
2005,6,30,2,7,1027,45,10,.368091,2,0,1,43.742249
2005,6,30,2,7,1027,46,50,.368091,2,0,1,43.742249
2005,6,30,2,7,1027,47,50,.368091,2,0,1,43.742249
2005,6,30,2,7,1027,48,50,.368091,2,0,1,43.742249
2005,6,30,2,7,1027,149,34.7,.368091,2,0,1,149
2005,6,30,3,7,1027,0,183,.368091,2,1,0,0
2005,6,30,3,7,1027,45,17,.368091,2,0,1,43.742249
2005,6,30,3,7,1027,46,50,.368091,2,0,1,43.742249
2005,6,30,3,7,1027,47,50,.368091,2,0,1,43.742249
2005,6,30,3,7,1027,48,50,.368091,2,0,1,43.742249
2005,6,30,3,7,1027,149,34.7,.368091,2,0,1,149
2005,6,30,4,7,1027,0,183,.368091,2,1,0,0
2005,6,30,4,7,1027,45,17,.368091,2,0,1,43.742249
2005,6,30,4,7,1027,46,50,.368091,2,0,1,43.742249
2005,6,30,4,7,1027,47,50,.368091,2,0,1,43.742249
2005,6,30,4,7,1027,48,50,.368091,2,0,1,43.742249
2005,6,30,4,7,1027,149,34.7,.368091,2,0,1,149
2005,6,30,5,7,1027,0,183,.368091,2,1,0,0
2005,6,30,5,7,1027,45,17,.368091,2,0,1,43.742249
2005,6,30,5,7,1027,46,50,.368091,2,0,1,43.742249
2005,6,30,5,7,1027,47,50,.368091,2,0,1,43.742249
2005,6,30,5,7,1027,48,50,.368091,2,0,1,43.742249
2005,6,30,5,7,1027,149,34.7,.368091,2,0,1,149
2005,6,30,6,7,1027,0,183,.368091,2,1,0,0
2005,6,30,6,7,1027,45,17,.368091,2,0,1,43.742249
2005,6,30,6,7,1027,46,50,.368091,2,0,1,43.742249
2005,6,30,6,7,1027,47,50,.368091,2,0,1,43.742249
2005,6,30,6,7,1027,48,50,.368091,2,0,1,43.742249
2005,6,30,6,7,1027,149,34.7,.368091,2,0,1,149
2005,6,30,7,7,1027,0,183,.368091,2,1,0,0
2005,6,30,7,7,1027,45,17,.368091,2,0,1,43.742249
2005,6,30,7,7,1027,46,50,.368091,2,0,1,43.742249
2005,6,30,7,7,1027,47,50,.368091,2,0,1,43.742249
2005,6,30,7,7,1027,48,50,.368091,2,0,1,43.742249
2005,6,30,7,7,1027,149,34.7,.368091,2,0,1,149
2005,6,30,8,7,1027,0,183,.368091,2,1,0,0
2005,6,30,8,7,1027,45,17,.368091,2,1,0,43.742249
2005,6,30,8,7,1027,46,50,.368091,2,1,0,43.742249
2005,6,30,8,7,1027,47,23,.368091,2,1,0,43.742249
2005,6,30,8,7,1027,48,50,.368091,2,0,1,43.742249
2005,6,30,8,7,1027,149,34.7,.368091,2,0,1,149
2005,6,30,9,7,1027,0,290,.368091,2,1,0,0
2005,6,30,9,7,1027,48,60,.368091,2,1,0,43.742249
2005,6,30,9,7,1027,149,34.7,.368091,2,0,1,149
2005,6,30,10,7,1027,0,300,.368091,2,1,0,0
2005,6,30,10,7,1027,48,50,.368091,2,1,0,43.742249
2005,6,30,10,7,1027,149,34.7,.368091,2,0,1,149
2005,6,30,11,7,1027,0,300,.368091,2,1,0,0
2005,6,30,11,7,1027,48,50,.368091,2,1,0,43.742249
2005,6,30,11,7,1027,149,34.7,.368091,2,0,1,149
2005,6,30,12,7,1027,0,300,.368091,2,1,0,0
2005,6,30,12,7,1027,48,50,.368091,2,1,0,43.742249
2005,6,30,12,7,1027,149,34.7,.368091,2,0,1,149
2005,6,30,13,7,1027,0,300,.368091,2,1,0,0
2005,6,30,13,7,1027,48,50,.368091,2,1,0,43.742249
2005,6,30,13,7,1027,149,34.7,.368091,2,0,1,149
2005,6,30,14,7,1027,0,300,.368091,2,1,0,0
2005,6,30,14,7,1027,48,50,.368091,2,1,0,43.742249
2005,6,30,14,7,1027,149,34.7,.368091,2,0,1,149
2005,6,30,15,7,1027,0,300,.368091,2,1,0,0
2005,6,30,15,7,1027,48,50,.368091,2,1,0,43.742249
2005,6,30,15,7,1027,149,34.7,.368091,2,0,1,149
2005,6,30,16,7,1027,0,300,.368091,2,1,0,0
2005,6,30,16,7,1027,48,50,.368091,2,1,0,43.742249
2005,6,30,16,7,1027,149,34.7,.368091,2,0,1,149
2005,6,30,17,7,1027,0,300,.368091,2,1,0,0
2005,6,30,17,7,1027,48,50,.368091,2,1,0,43.742249
2005,6,30,17,7,1027,149,34.7,.368091,2,0,1,149
2005,6,30,18,7,1027,0,300,.368091,2,1,0,0
2005,6,30,18,7,1027,48,50,.368091,2,1,0,43.742249
2005,6,30,18,7,1027,149,34.7,.368091,2,0,1,149
2005,6,30,19,7,1027,0,300,.368091,2,1,0,0
2005,6,30,19,7,1027,48,50,.368091,2,1,0,43.742249
2005,6,30,19,7,1027,149,34.7,.368091,2,0,1,149
2005,6,30,20,7,1027,0,300,.368091,2,1,0,0
2005,6,30,20,7,1027,48,50,.368091,2,1,0,43.742249
2005,6,30,20,7,1027,149,34.7,.368091,2,0,1,149
2005,6,30,21,7,1027,0,300,.368091,2,1,0,0
2005,6,30,21,7,1027,48,50,.368091,2,1,0,43.742249
2005,6,30,21,7,1027,149,34.7,.368091,2,0,1,149
2005,6,30,22,7,1027,0,300,.368091,2,1,0,0
2005,6,30,22,7,1027,48,50,.368091,2,1,0,43.742249
2005,6,30,22,7,1027,149,34.7,.368091,2,0,1,149
2005,6,30,23,7,1027,0,300,.368091,2,1,0,0
2005,6,30,23,7,1027,48,50,.368091,2,1,0,43.742249
2005,6,30,23,7,1027,149,34.7,.368091,2,0,1,149
2005,6,30,24,7,1027,0,300,.368091,2,1,0,0
2005,6,30,24,7,1027,48,50,.368091,2,1,0,43.742249
2005,6,30,24,7,1027,149,34.7,.368091,2,0,1,149
2005,6,30,1,7,1028,0,200,.368091,2,1,0,0
2005,6,30,1,7,1028,46,50,.368091,2,1,0,43.742249
2005,6,30,1,7,1028,47,37,.368091,2,1,0,43.742249
2005,6,30,1,7,1028,48,50,.368091,2,0,1,43.742249
2005,6,30,1,7,1028,149,28.8,.368091,2,0,1,149
2005,6,30,2,7,1028,0,190,.368091,2,1,0,0
2005,6,30,2,7,1028,45,10,.368091,2,0,1,43.742249
2005,6,30,2,7,1028,46,50,.368091,2,0,1,43.742249
2005,6,30,2,7,1028,47,50,.368091,2,0,1,43.742249
2005,6,30,2,7,1028,48,50,.368091,2,0,1,43.742249
2005,6,30,2,7,1028,149,28.8,.368091,2,0,1,149
2005,6,30,3,7,1028,0,183,.368091,2,1,0,0
2005,6,30,3,7,1028,45,17,.368091,2,0,1,43.742249
2005,6,30,3,7,1028,46,50,.368091,2,0,1,43.742249
2005,6,30,3,7,1028,47,50,.368091,2,0,1,43.742249
2005,6,30,3,7,1028,48,50,.368091,2,0,1,43.742249
2005,6,30,3,7,1028,149,28.8,.368091,2,0,1,149
2005,6,30,4,7,1028,0,183,.368091,2,1,0,0
2005,6,30,4,7,1028,45,17,.368091,2,0,1,43.742249
2005,6,30,4,7,1028,46,50,.368091,2,0,1,43.742249
2005,6,30,4,7,1028,47,50,.368091,2,0,1,43.742249
2005,6,30,4,7,1028,48,50,.368091,2,0,1,43.742249
2005,6,30,4,7,1028,149,28.8,.368091,2,0,1,149
2005,6,30,5,7,1028,0,183,.368091,2,1,0,0
2005,6,30,5,7,1028,45,17,.368091,2,0,1,43.742249
2005,6,30,5,7,1028,46,50,.368091,2,0,1,43.742249
2005,6,30,5,7,1028,47,50,.368091,2,0,1,43.742249
2005,6,30,5,7,1028,48,50,.368091,2,0,1,43.742249
2005,6,30,5,7,1028,149,28.8,.368091,2,0,1,149
2005,6,30,6,7,1028,0,183,.368091,2,1,0,0
2005,6,30,6,7,1028,45,17,.368091,2,0,1,43.742249
2005,6,30,6,7,1028,46,50,.368091,2,0,1,43.742249
2005,6,30,6,7,1028,47,50,.368091,2,0,1,43.742249
2005,6,30,6,7,1028,48,50,.368091,2,0,1,43.742249
2005,6,30,6,7,1028,149,28.8,.368091,2,0,1,149
2005,6,30,7,7,1028,0,183,.368091,2,1,0,0
2005,6,30,7,7,1028,45,17,.368091,2,0,1,43.742249
2005,6,30,7,7,1028,46,50,.368091,2,0,1,43.742249
2005,6,30,7,7,1028,47,50,.368091,2,0,1,43.742249
2005,6,30,7,7,1028,48,50,.368091,2,0,1,43.742249
2005,6,30,7,7,1028,149,28.8,.368091,2,0,1,149
2005,6,30,8,7,1028,0,183,.368091,2,1,0,0
2005,6,30,8,7,1028,45,17,.368091,2,1,0,43.742249
2005,6,30,8,7,1028,46,50,.368091,2,1,0,43.742249
2005,6,30,8,7,1028,47,23,.368091,2,1,0,43.742249
2005,6,30,8,7,1028,48,50,.368091,2,0,1,43.742249
2005,6,30,8,7,1028,149,28.8,.368091,2,0,1,149
2005,6,30,9,7,1028,0,290,.368091,2,1,0,0
2005,6,30,9,7,1028,48,60,.368091,2,1,0,43.742249
2005,6,30,9,7,1028,149,28.8,.368091,2,0,1,149
2005,6,30,10,7,1028,0,300,.368091,2,1,0,0
2005,6,30,10,7,1028,48,50,.368091,2,1,0,43.742249
2005,6,30,10,7,1028,149,28.8,.368091,2,0,1,149
2005,6,30,11,7,1028,0,300,.368091,2,1,0,0
2005,6,30,11,7,1028,48,50,.368091,2,1,0,43.742249
2005,6,30,11,7,1028,149,28.8,.368091,2,0,1,149
2005,6,30,12,7,1028,0,300,.368091,2,1,0,0
2005,6,30,12,7,1028,48,50,.368091,2,1,0,43.742249
2005,6,30,12,7,1028,149,28.8,.368091,2,0,1,149
2005,6,30,13,7,1028,0,300,.368091,2,1,0,0
2005,6,30,13,7,1028,48,50,.368091,2,1,0,43.742249
2005,6,30,13,7,1028,149,28.8,.368091,2,0,1,149
2005,6,30,14,7,1028,0,300,.368091,2,1,0,0
2005,6,30,14,7,1028,48,50,.368091,2,1,0,43.742249
2005,6,30,14,7,1028,149,28.8,.368091,2,0,1,149
2005,6,30,15,7,1028,0,300,.368091,2,1,0,0
2005,6,30,15,7,1028,48,50,.368091,2,1,0,43.742249
2005,6,30,15,7,1028,149,28.8,.368091,2,0,1,149
2005,6,30,16,7,1028,0,300,.368091,2,1,0,0
2005,6,30,16,7,1028,48,50,.368091,2,1,0,43.742249
2005,6,30,16,7,1028,149,28.8,.368091,2,0,1,149
2005,6,30,17,7,1028,0,300,.368091,2,1,0,0
2005,6,30,17,7,1028,48,50,.368091,2,1,0,43.742249
2005,6,30,17,7,1028,149,28.8,.368091,2,0,1,149
2005,6,30,18,7,1028,0,300,.368091,2,1,0,0
2005,6,30,18,7,1028,48,50,.368091,2,1,0,43.742249
2005,6,30,18,7,1028,149,28.8,.368091,2,0,1,149
2005,6,30,19,7,1028,0,300,.368091,2,1,0,0
2005,6,30,19,7,1028,48,50,.368091,2,1,0,43.742249
2005,6,30,19,7,1028,149,28.8,.368091,2,0,1,149
2005,6,30,20,7,1028,0,300,.368091,2,1,0,0
2005,6,30,20,7,1028,48,50,.368091,2,1,0,43.742249
2005,6,30,20,7,1028,149,28.8,.368091,2,0,1,149
2005,6,30,21,7,1028,0,300,.368091,2,1,0,0
2005,6,30,21,7,1028,48,50,.368091,2,1,0,43.742249
2005,6,30,21,7,1028,149,28.8,.368091,2,0,1,149
2005,6,30,22,7,1028,0,300,.368091,2,1,0,0
2005,6,30,22,7,1028,48,50,.368091,2,1,0,43.742249
2005,6,30,22,7,1028,149,28.8,.368091,2,0,1,149
2005,6,30,23,7,1028,0,300,.368091,2,1,0,0
2005,6,30,23,7,1028,48,50,.368091,2,1,0,43.742249
2005,6,30,23,7,1028,149,28.8,.368091,2,0,1,149
2005,6,30,24,7,1028,0,300,.368091,2,1,0,0
2005,6,30,24,7,1028,48,50,.368091,2,1,0,43.742249
2005,6,30,24,7,1028,149,28.8,.368091,2,0,1,149
2005,6,30,1,9,41,0,.8,0,2,1,0,0
2005,6,30,2,9,41,0,.3,0,2,1,0,0
2005,6,30,3,9,41,0,.4,0,2,1,0,0
2005,6,30,4,9,41,0,.5,0,2,1,0,0
2005,6,30,5,9,41,0,1.4,0,2,1,0,0
2005,6,30,6,9,41,0,1.4,0,2,1,0,0
2005,6,30,7,9,41,0,1.4,0,2,1,0,0
2005,6,30,8,9,41,0,1.3,0,2,1,0,0
2005,6,30,9,9,41,0,1.2,0,2,1,0,0
2005,6,30,10,9,41,0,1,0,2,1,0,0
2005,6,30,11,9,41,0,1.1,0,2,1,0,0
2005,6,30,12,9,41,0,1.1,0,2,1,0,0
2005,6,30,13,9,41,0,.8,0,2,1,0,0
2005,6,30,14,9,41,0,1.5,0,2,1,0,0
2005,6,30,15,9,41,0,2.8,0,2,1,0,0
2005,6,30,16,9,41,0,3.3,0,2,1,0,0
2005,6,30,17,9,41,0,3.5,0,2,1,0,0
2005,6,30,18,9,41,0,3.6,0,2,1,0,0
2005,6,30,19,9,41,0,4,0,2,1,0,0
2005,6,30,20,9,41,0,2,0,2,1,0,0
2005,6,30,21,9,41,0,1.8,0,2,1,0,0
2005,6,30,22,9,41,0,1.6,0,2,1,0,0
2005,6,30,23,9,41,0,1.3,0,2,1,0,0
2005,6,30,24,9,41,0,.9,0,2,1,0,0
2005,6,30,1,9,42,0,1.8,0,2,1,0,0
2005,6,30,2,9,42,0,1.9,0,2,1,0,0
2005,6,30,3,9,42,0,1.4,0,2,1,0,0
2005,6,30,4,9,42,0,1.5,0,2,1,0,0
2005,6,30,5,9,42,0,1.9,0,2,1,0,0
2005,6,30,6,9,42,0,2.1,0,2,1,0,0
2005,6,30,7,9,42,0,2.2,0,2,1,0,0
2005,6,30,8,9,42,0,2.4,0,2,1,0,0
2005,6,30,9,9,42,0,2.8,0,2,1,0,0
2005,6,30,10,9,42,0,2.7,0,2,1,0,0
2005,6,30,11,9,42,0,2.3,0,2,1,0,0
2005,6,30,12,9,42,0,2.6,0,2,1,0,0
2005,6,30,13,9,42,0,2.5,0,2,1,0,0
2005,6,30,14,9,42,0,2,0,2,1,0,0
2005,6,30,15,9,42,0,1.3,0,2,1,0,0
2005,6,30,16,9,42,0,1.7,0,2,1,0,0
2005,6,30,17,9,42,0,2.3,0,2,1,0,0
2005,6,30,18,9,42,0,1.6,0,2,1,0,0
2005,6,30,19,9,42,0,1.7,0,2,1,0,0
2005,6,30,20,9,42,0,1.7,0,2,1,0,0
2005,6,30,21,9,42,0,1.9,0,2,1,0,0
2005,6,30,22,9,42,0,1.5,0,2,1,0,0
2005,6,30,23,9,42,0,1.2,0,2,1,0,0
2005,6,30,24,9,42,0,.9,0,2,1,0,0
2005,6,30,1,9,43,0,3.6,0,2,1,0,0
2005,6,30,2,9,43,0,3.6,0,2,1,0,0
2005,6,30,3,9,43,0,3.6,0,2,1,0,0
2005,6,30,4,9,43,0,3.6,0,2,1,0,0
2005,6,30,5,9,43,0,3.6,0,2,1,0,0
2005,6,30,6,9,43,0,3.6,0,2,1,0,0
2005,6,30,7,9,43,0,3.6,0,2,1,0,0
2005,6,30,8,9,43,0,3.6,0,2,1,0,0
2005,6,30,9,9,43,0,3.6,0,2,1,0,0
2005,6,30,10,9,43,0,3.5,0,2,1,0,0
2005,6,30,11,9,43,0,3.5,0,2,1,0,0
2005,6,30,12,9,43,0,3.4,0,2,1,0,0
2005,6,30,13,9,43,0,3.4,0,2,1,0,0
2005,6,30,14,9,43,0,3.4,0,2,1,0,0
2005,6,30,15,9,43,0,3.4,0,2,1,0,0
2005,6,30,16,9,43,0,3.5,0,2,1,0,0
2005,6,30,17,9,43,0,3.5,0,2,1,0,0
2005,6,30,18,9,43,0,3.5,0,2,1,0,0
2005,6,30,19,9,43,0,3.5,0,2,1,0,0
2005,6,30,20,9,43,0,3.5,0,2,1,0,0
2005,6,30,21,9,43,0,3.6,0,2,1,0,0
2005,6,30,22,9,43,0,3.6,0,2,1,0,0
2005,6,30,23,9,43,0,3.6,0,2,1,0,0
2005,6,30,24,9,43,0,3.6,0,2,1,0,0
2005,6,30,1,9,44,0,6,0,2,1,0,0
2005,6,30,2,9,44,0,6,0,2,1,0,0
2005,6,30,3,9,44,0,6,0,2,1,0,0
2005,6,30,4,9,44,0,6,0,2,1,0,0
2005,6,30,5,9,44,0,6,0,2,1,0,0
2005,6,30,6,9,44,0,6,0,2,1,0,0
2005,6,30,7,9,44,0,6,0,2,1,0,0
2005,6,30,8,9,44,0,6,0,2,1,0,0
2005,6,30,9,9,44,0,6,0,2,1,0,0
2005,6,30,10,9,44,0,6,0,2,1,0,0
2005,6,30,11,9,44,0,6,0,2,1,0,0
2005,6,30,12,9,44,0,6,0,2,1,0,0
2005,6,30,13,9,44,0,6,0,2,1,0,0
2005,6,30,14,9,44,0,6,0,2,1,0,0
2005,6,30,15,9,44,0,6,0,2,1,0,0
2005,6,30,16,9,44,0,6,0,2,1,0,0
2005,6,30,17,9,44,0,6,0,2,1,0,0
2005,6,30,18,9,44,0,6,0,2,1,0,0
2005,6,30,19,9,44,0,6,0,2,1,0,0
2005,6,30,20,9,44,0,6,0,2,1,0,0
2005,6,30,21,9,44,0,6,0,2,1,0,0
2005,6,30,22,9,44,0,6,0,2,1,0,0
2005,6,30,23,9,44,0,6,0,2,1,0,0
2005,6,30,24,9,44,0,6,0,2,1,0,0
2005,6,30,1,9,45,150,20,0,1,1,0,150
2005,6,30,2,9,45,150,20,0,1,1,0,150
2005,6,30,3,9,45,150,20,0,1,1,0,150
2005,6,30,4,9,45,150,20,0,1,1,0,150
2005,6,30,5,9,45,150,20,0,1,1,0,150
2005,6,30,6,9,45,150,20,0,1,1,0,150
2005,6,30,7,9,45,150,20,0,1,1,0,150
2005,6,30,8,9,45,150,20,0,1,1,0,150
2005,6,30,1,9,46,0,27,0,2,1,0,0
2005,6,30,2,9,46,0,27.8,0,2,1,0,0
2005,6,30,3,9,46,0,27.2,0,2,1,0,0
2005,6,30,4,9,46,0,25,0,2,1,0,0
2005,6,30,5,9,46,0,24.2,0,2,1,0,0
2005,6,30,6,9,46,0,23.8,0,2,1,0,0
2005,6,30,7,9,46,0,25,0,2,1,0,0
2005,6,30,8,9,46,0,22.3,0,2,1,0,0
2005,6,30,9,9,46,0,.9,0,2,1,0,0
2005,6,30,14,9,46,0,.1,0,2,1,0,0
2005,6,30,15,9,46,0,.7,0,2,1,0,0
2005,6,30,16,9,46,0,1.7,0,2,1,0,0
2005,6,30,17,9,46,0,5.7,0,2,1,0,0
2005,6,30,18,9,46,0,4.6,0,2,1,0,0
2005,6,30,19,9,46,0,5.9,0,2,1,0,0
2005,6,30,20,9,46,0,7,0,2,1,0,0
2005,6,30,21,9,46,0,7.8,0,2,1,0,0
2005,6,30,22,9,46,0,8.3,0,2,1,0,0
2005,6,30,23,9,46,0,8.5,0,2,1,0,0
2005,6,30,24,9,46,0,40.4,0,2,1,0,0
2005,6,30,1,9,47,0,3.6,0,2,1,0,0
2005,6,30,2,9,47,0,3.6,0,2,1,0,0
2005,6,30,3,9,47,0,3.6,0,2,1,0,0
2005,6,30,4,9,47,0,3.5,0,2,1,0,0
2005,6,30,5,9,47,0,3.5,0,2,1,0,0
2005,6,30,6,9,47,0,3.5,0,2,1,0,0
2005,6,30,7,9,47,0,2.7,0,2,1,0,0
2005,6,30,8,9,47,0,2.7,0,2,1,0,0
2005,6,30,9,9,47,0,2.2,0,2,1,0,0
2005,6,30,10,9,47,0,2.2,0,2,1,0,0
2005,6,30,11,9,47,0,2.2,0,2,1,0,0
2005,6,30,12,9,47,0,2.2,0,2,1,0,0
2005,6,30,13,9,47,0,2.2,0,2,1,0,0
2005,6,30,14,9,47,0,2.2,0,2,1,0,0
2005,6,30,15,9,47,0,2.2,0,2,1,0,0
2005,6,30,16,9,47,0,2.2,0,2,1,0,0
2005,6,30,17,9,47,0,2.2,0,2,1,0,0
2005,6,30,18,9,47,0,2.4,0,2,1,0,0
2005,6,30,19,9,47,0,2.4,0,2,1,0,0
2005,6,30,20,9,47,0,2.4,0,2,1,0,0
2005,6,30,21,9,47,0,2.6,0,2,1,0,0
2005,6,30,22,9,47,0,2.9,0,2,1,0,0
2005,6,30,23,9,47,0,3.1,0,2,1,0,0
2005,6,30,24,9,47,0,3.6,0,2,1,0,0
2005,6,30,1,9,48,0,81.5,0,2,1,0,0
2005,6,30,1,9,48,15,.5,0,2,1,0,15
2005,6,30,1,9,48,25.01,.5,0,2,1,0,25.01
2005,6,30,1,9,48,30.01,.5,0,2,1,0,30.01
2005,6,30,1,9,48,40,.5,0,2,1,0,40
2005,6,30,1,9,48,46.8,.5,0,2,1,0,46.8
2005,6,30,2,9,48,0,81.4,0,2,1,0,0
2005,6,30,2,9,48,15,.5,0,2,1,0,15
2005,6,30,2,9,48,25.01,.5,0,2,1,0,25.01
2005,6,30,2,9,48,30.01,.5,0,2,1,0,30.01
2005,6,30,2,9,48,40,.5,0,2,1,0,40
2005,6,30,2,9,48,46.8,.5,0,2,0,0,46.8
2005,6,30,3,9,48,0,81.3,0,2,1,0,0
2005,6,30,3,9,48,15,.5,0,2,1,0,15
2005,6,30,3,9,48,25.01,.5,0,2,1,0,25.01
2005,6,30,3,9,48,30.01,.5,0,2,1,0,30.01
2005,6,30,3,9,48,40,.5,0,2,0,0,40
2005,6,30,3,9,48,46.8,.5,0,2,0,0,46.8
2005,6,30,4,9,48,0,81,0,2,1,0,0
2005,6,30,4,9,48,15,.5,0,2,1,0,15
2005,6,30,4,9,48,25.01,.5,0,2,1,0,25.01
2005,6,30,4,9,48,30.01,.5,0,2,1,0,30.01
2005,6,30,4,9,48,40,.5,0,2,0,0,40
2005,6,30,4,9,48,46.8,.5,0,2,0,0,46.8
2005,6,30,5,9,48,0,81.1,0,2,1,0,0
2005,6,30,5,9,48,15,.5,0,2,1,0,15
2005,6,30,5,9,48,25.01,.5,0,2,1,0,25.01
2005,6,30,5,9,48,30.01,.5,0,2,1,0,30.01
2005,6,30,5,9,48,40,.5,0,2,0,0,40
2005,6,30,5,9,48,46.8,.5,0,2,0,0,46.8
2005,6,30,6,9,48,0,81.4,0,2,1,0,0
2005,6,30,6,9,48,15,.5,0,2,1,0,15
2005,6,30,6,9,48,25.01,.5,0,2,1,0,25.01
2005,6,30,6,9,48,30.01,.5,0,2,1,0,30.01
2005,6,30,6,9,48,40,.5,0,2,0,0,40
2005,6,30,6,9,48,46.8,.5,0,2,0,0,46.8
2005,6,30,7,9,48,0,81.2,0,2,1,0,0
2005,6,30,7,9,48,15,.5,0,2,1,0,15
2005,6,30,7,9,48,25.01,.5,0,2,1,0,25.01
2005,6,30,7,9,48,30.01,.5,0,2,1,0,30.01
2005,6,30,7,9,48,40,.5,0,2,1,0,40
2005,6,30,7,9,48,46.8,.5,0,2,0,0,46.8
2005,6,30,8,9,48,0,81.2,0,2,1,0,0
2005,6,30,8,9,48,15,.5,0,2,1,0,15
2005,6,30,8,9,48,25.01,.5,0,2,1,0,25.01
2005,6,30,8,9,48,30.01,.5,0,2,1,0,30.01
2005,6,30,8,9,48,40,.5,0,2,1,0,40
2005,6,30,8,9,48,46.8,.5,0,2,1,0,46.8
2005,6,30,9,9,48,0,80.9,0,2,1,0,0
2005,6,30,9,9,48,15,.5,0,2,1,0,15
2005,6,30,9,9,48,25.01,.5,0,2,1,0,25.01
2005,6,30,9,9,48,30.01,.5,0,2,1,0,30.01
2005,6,30,9,9,48,40,.5,0,2,1,0,40
2005,6,30,9,9,48,46.8,.5,0,2,1,0,46.8
2005,6,30,10,9,48,0,81.6,0,2,1,0,0
2005,6,30,10,9,48,15,.5,0,2,1,0,15
2005,6,30,10,9,48,25.01,.5,0,2,1,0,25.01
2005,6,30,10,9,48,30.01,.5,0,2,1,0,30.01
2005,6,30,10,9,48,40,.5,0,2,1,0,40
2005,6,30,10,9,48,46.8,.5,0,2,1,0,46.8
2005,6,30,11,9,48,0,81.2,0,2,1,0,0
2005,6,30,11,9,48,15,.5,0,2,1,0,15
2005,6,30,11,9,48,25.01,.5,0,2,1,0,25.01
2005,6,30,11,9,48,30.01,.5,0,2,1,0,30.01
2005,6,30,11,9,48,40,.5,0,2,1,0,40
2005,6,30,11,9,48,46.8,.5,0,2,1,0,46.8
2005,6,30,12,9,48,0,81.4,0,2,1,0,0
2005,6,30,12,9,48,15,.5,0,2,1,0,15
2005,6,30,12,9,48,25.01,.5,0,2,1,0,25.01
2005,6,30,12,9,48,30.01,.5,0,2,1,0,30.01
2005,6,30,12,9,48,40,.5,0,2,1,0,40
2005,6,30,12,9,48,46.8,.5,0,2,1,0,46.8
2005,6,30,13,9,48,0,80.9,0,2,1,0,0
2005,6,30,13,9,48,15,.5,0,2,1,0,15
2005,6,30,13,9,48,25.01,.5,0,2,1,0,25.01
2005,6,30,13,9,48,30.01,.5,0,2,1,0,30.01
2005,6,30,13,9,48,40,.5,0,2,1,0,40
2005,6,30,13,9,48,46.8,.5,0,2,1,0,46.8
2005,6,30,14,9,48,0,81.2,0,2,1,0,0
2005,6,30,14,9,48,15,.5,0,2,1,0,15
2005,6,30,14,9,48,25.01,.5,0,2,1,0,25.01
2005,6,30,14,9,48,30.01,.5,0,2,1,0,30.01
2005,6,30,14,9,48,40,.5,0,2,1,0,40
2005,6,30,14,9,48,46.8,.5,0,2,1,0,46.8
2005,6,30,15,9,48,0,81.9,0,2,1,0,0
2005,6,30,15,9,48,15,.5,0,2,1,0,15
2005,6,30,15,9,48,25.01,.5,0,2,1,0,25.01
2005,6,30,15,9,48,30.01,.5,0,2,1,0,30.01
2005,6,30,15,9,48,40,.5,0,2,1,0,40
2005,6,30,15,9,48,46.8,.5,0,2,1,0,46.8
2005,6,30,16,9,48,0,81.9,0,2,1,0,0
2005,6,30,16,9,48,15,.5,0,2,1,0,15
2005,6,30,16,9,48,25.01,.5,0,2,1,0,25.01
2005,6,30,16,9,48,30.01,.5,0,2,1,0,30.01
2005,6,30,16,9,48,40,.5,0,2,1,0,40
2005,6,30,16,9,48,46.8,.5,0,2,1,0,46.8
2005,6,30,17,9,48,0,80.7,0,2,1,0,0
2005,6,30,17,9,48,15,.5,0,2,1,0,15
2005,6,30,17,9,48,25.01,.5,0,2,1,0,25.01
2005,6,30,17,9,48,30.01,.5,0,2,1,0,30.01
2005,6,30,17,9,48,40,.5,0,2,1,0,40
2005,6,30,17,9,48,46.8,.5,0,2,1,0,46.8
2005,6,30,18,9,48,0,81.3,0,2,1,0,0
2005,6,30,18,9,48,15,.5,0,2,1,0,15
2005,6,30,18,9,48,25.01,.5,0,2,1,0,25.01
2005,6,30,18,9,48,30.01,.5,0,2,1,0,30.01
2005,6,30,18,9,48,40,.5,0,2,1,0,40
2005,6,30,18,9,48,46.8,.5,0,2,1,0,46.8
2005,6,30,19,9,48,0,80.9,0,2,1,0,0
2005,6,30,19,9,48,15,.5,0,2,1,0,15
2005,6,30,19,9,48,25.01,.5,0,2,1,0,25.01
2005,6,30,19,9,48,30.01,.5,0,2,1,0,30.01
2005,6,30,19,9,48,40,.5,0,2,1,0,40
2005,6,30,19,9,48,46.8,.5,0,2,1,0,46.8
2005,6,30,20,9,48,0,81,0,2,1,0,0
2005,6,30,20,9,48,15,.5,0,2,1,0,15
2005,6,30,20,9,48,25.01,.5,0,2,1,0,25.01
2005,6,30,20,9,48,30.01,.5,0,2,1,0,30.01
2005,6,30,20,9,48,40,.5,0,2,1,0,40
2005,6,30,20,9,48,46.8,.5,0,2,1,0,46.8
2005,6,30,21,9,48,0,81,0,2,1,0,0
2005,6,30,21,9,48,15,.5,0,2,1,0,15
2005,6,30,21,9,48,25.01,.5,0,2,1,0,25.01
2005,6,30,21,9,48,30.01,.5,0,2,1,0,30.01
2005,6,30,21,9,48,40,.5,0,2,1,0,40
2005,6,30,21,9,48,46.8,.5,0,2,1,0,46.8
2005,6,30,22,9,48,0,80.5,0,2,1,0,0
2005,6,30,22,9,48,15,.5,0,2,1,0,15
2005,6,30,22,9,48,25.01,.5,0,2,1,0,25.01
2005,6,30,22,9,48,30.01,.5,0,2,1,0,30.01
2005,6,30,22,9,48,40,.5,0,2,1,0,40
2005,6,30,22,9,48,46.8,.5,0,2,1,0,46.8
2005,6,30,23,9,48,0,80.9,0,2,1,0,0
2005,6,30,23,9,48,15,.5,0,2,1,0,15
2005,6,30,23,9,48,25.01,.5,0,2,1,0,25.01
2005,6,30,23,9,48,30.01,.5,0,2,1,0,30.01
2005,6,30,23,9,48,40,.5,0,2,1,0,40
2005,6,30,23,9,48,46.8,.5,0,2,1,0,46.8
2005,6,30,24,9,48,0,81.7,0,2,1,0,0
2005,6,30,24,9,48,15,.5,0,2,1,0,15
2005,6,30,24,9,48,25.01,.5,0,2,1,0,25.01
2005,6,30,24,9,48,30.01,.5,0,2,1,0,30.01
2005,6,30,24,9,48,40,.5,0,2,1,0,40
2005,6,30,24,9,48,46.8,.5,0,2,1,0,46.8
2005,6,30,1,9,49,180.3,27.8,0,1,1,0,180.3
2005,6,30,2,9,49,180.3,26.6,0,1,1,0,180.3
2005,6,30,3,9,49,180.3,25.2,0,1,1,0,180.3
2005,6,30,4,9,49,180.3,24.4,0,1,1,0,180.3
2005,6,30,5,9,49,180.3,24.1,0,1,1,0,180.3
2005,6,30,6,9,49,180.3,26.1,0,1,1,0,180.3
2005,6,30,8,9,49,180.3,36.9,0,1,1,0,180.3
2005,6,30,9,9,49,180.3,27.1,0,1,1,0,180.3
2005,6,30,10,9,49,180.3,39.5,0,1,1,0,180.3
2005,6,30,11,9,49,180.3,68.3,0,1,1,0,180.3
2005,6,30,12,9,49,180.3,74,0,1,1,0,180.3
2005,6,30,13,9,49,180.3,74.4,0,1,1,0,180.3
2005,6,30,14,9,49,180.3,72.2,0,1,1,0,180.3
2005,6,30,15,9,49,180.3,37.5,0,1,1,0,180.3
2005,6,30,16,9,49,180.3,35.5,0,1,1,0,180.3
2005,6,30,18,9,49,180.3,42.6,0,1,1,0,180.3
2005,6,30,19,9,49,180.3,44.5,0,1,1,0,180.3
2005,6,30,20,9,49,180.3,43.4,0,1,1,0,180.3
2005,6,30,21,9,49,180.3,38,0,1,1,0,180.3
2005,6,30,22,9,49,180.3,21.7,0,1,1,0,180.3
2005,6,30,23,9,49,180.3,6.6,0,1,1,0,180.3
2005,6,30,1,9,50,180.3,2.2,0,1,1,0,180.3
2005,6,30,2,9,50,180.3,1.9,0,1,1,0,180.3
2005,6,30,3,9,50,180.3,1.9,0,1,1,0,180.3
2005,6,30,4,9,50,180.3,1.8,0,1,1,0,180.3
2005,6,30,5,9,50,180.3,1.8,0,1,1,0,180.3
2005,6,30,6,9,50,180.3,1.8,0,1,1,0,180.3
2005,6,30,8,9,50,180.3,2.4,0,1,1,0,180.3
2005,6,30,9,9,50,180.3,2.9,0,1,1,0,180.3
2005,6,30,10,9,50,180.3,3.3,0,1,1,0,180.3
2005,6,30,11,9,50,180.3,3.5,0,1,1,0,180.3
2005,6,30,12,9,50,180.3,3.6,0,1,1,0,180.3
2005,6,30,13,9,50,180.3,3.7,0,1,1,0,180.3
2005,6,30,14,9,50,180.3,3.6,0,1,1,0,180.3
2005,6,30,15,9,50,180.3,3.5,0,1,1,0,180.3
2005,6,30,16,9,50,180.3,3.5,0,1,1,0,180.3
2005,6,30,18,9,50,180.3,3.7,0,1,1,0,180.3
2005,6,30,19,9,50,180.3,3.5,0,1,1,0,180.3
2005,6,30,20,9,50,180.3,3.3,0,1,1,0,180.3
2005,6,30,21,9,50,180.3,2.8,0,1,1,0,180.3
2005,6,30,22,9,50,180.3,2.7,0,1,1,0,180.3
2005,6,30,23,9,50,180.3,2.7,0,1,1,0,180.3
2005,6,30,1,9,51,180.3,11.2,0,1,1,0,180.3
2005,6,30,2,9,51,180.3,10.5,0,1,1,0,180.3
2005,6,30,3,9,51,180.3,9.1,0,1,1,0,180.3
2005,6,30,4,9,51,180.3,8.6,0,1,1,0,180.3
2005,6,30,5,9,51,180.3,8.6,0,1,1,0,180.3
2005,6,30,6,9,51,180.3,13.1,0,1,1,0,180.3
2005,6,30,8,9,51,180.3,28.9,0,1,1,0,180.3
2005,6,30,9,9,51,180.3,31.2,0,1,1,0,180.3
2005,6,30,10,9,51,180.3,28.1,0,1,1,0,180.3
2005,6,30,11,9,51,180.3,24.4,0,1,1,0,180.3
2005,6,30,12,9,51,180.3,22.2,0,1,1,0,180.3
2005,6,30,13,9,51,180.3,21.5,0,1,1,0,180.3
2005,6,30,14,9,51,180.3,20.9,0,1,1,0,180.3
2005,6,30,15,9,51,180.3,26.7,0,1,1,0,180.3
2005,6,30,16,9,51,180.3,25.2,0,1,1,0,180.3
2005,6,30,17,9,51,180.3,23.2,0,1,1,0,180.3
2005,6,30,18,9,51,180.3,24,0,1,1,0,180.3
2005,6,30,19,9,51,180.3,24.7,0,1,1,0,180.3
2005,6,30,20,9,51,180.3,28.4,0,1,1,0,180.3
2005,6,30,21,9,51,180.3,28.3,0,1,1,0,180.3
2005,6,30,22,9,51,180.3,25.2,0,1,1,0,180.3
2005,6,30,23,9,51,180.3,22.8,0,1,1,0,180.3
2005,6,30,24,9,51,180.3,10.9,0,1,1,0,180.3
2005,6,30,10,9,52,180.3,3.2,0,1,1,0,180.3
2005,6,30,11,9,52,180.3,3.2,0,1,1,0,180.3
2005,6,30,12,9,52,180.3,3.4,0,1,1,0,180.3
2005,6,30,13,9,52,180.3,3.8,0,1,1,0,180.3
2005,6,30,1,9,53,0,27.6,0,2,1,0,0
2005,6,30,2,9,53,0,27.8,0,2,1,0,0
2005,6,30,3,9,53,0,27.8,0,2,1,0,0
2005,6,30,4,9,53,0,27.7,0,2,1,0,0
2005,6,30,5,9,53,0,27.7,0,2,1,0,0
2005,6,30,6,9,53,0,27.7,0,2,1,0,0
2005,6,30,7,9,53,0,27.8,0,2,1,0,0
2005,6,30,8,9,53,0,27.9,0,2,1,0,0
2005,6,30,9,9,53,0,28,0,2,1,0,0
2005,6,30,10,9,53,0,27.7,0,2,1,0,0
2005,6,30,11,9,53,0,27.4,0,2,1,0,0
2005,6,30,12,9,53,0,27.1,0,2,1,0,0
2005,6,30,13,9,53,0,26.9,0,2,1,0,0
2005,6,30,14,9,53,0,26.6,0,2,1,0,0
2005,6,30,15,9,53,0,26.5,0,2,1,0,0
2005,6,30,16,9,53,0,26.5,0,2,1,0,0
2005,6,30,17,9,53,0,26.7,0,2,1,0,0
2005,6,30,18,9,53,0,26.7,0,2,1,0,0
2005,6,30,19,9,53,0,26.9,0,2,1,0,0
2005,6,30,20,9,53,0,26.9,0,2,1,0,0
2005,6,30,21,9,53,0,26.8,0,2,1,0,0
2005,6,30,22,9,53,0,27.1,0,2,1,0,0
2005,6,30,23,9,53,0,27.2,0,2,1,0,0
2005,6,30,24,9,53,0,27.3,0,2,1,0,0
2005,6,30,1,9,54,0,1.4,0,2,1,0,0
2005,6,30,2,9,54,0,1.4,0,2,1,0,0
2005,6,30,3,9,54,0,1.4,0,2,1,0,0
2005,6,30,4,9,54,0,1.4,0,2,1,0,0
2005,6,30,5,9,54,0,1.4,0,2,1,0,0
2005,6,30,6,9,54,0,1.3,0,2,1,0,0
2005,6,30,7,9,54,0,.8,0,2,1,0,0
2005,6,30,8,9,54,0,.7,0,2,1,0,0
2005,6,30,9,9,54,0,.5,0,2,1,0,0
2005,6,30,10,9,54,0,.4,0,2,1,0,0
2005,6,30,11,9,54,0,.3,0,2,1,0,0
2005,6,30,12,9,54,0,.3,0,2,1,0,0
2005,6,30,13,9,54,0,.3,0,2,1,0,0
2005,6,30,14,9,54,0,.3,0,2,1,0,0
2005,6,30,15,9,54,0,.3,0,2,1,0,0
2005,6,30,16,9,54,0,.3,0,2,1,0,0
2005,6,30,17,9,54,0,.3,0,2,1,0,0
2005,6,30,18,9,54,0,.3,0,2,1,0,0
2005,6,30,19,9,54,0,.2,0,2,1,0,0
2005,6,30,20,9,54,0,.2,0,2,1,0,0
2005,6,30,21,9,54,0,.5,0,2,1,0,0
2005,6,30,22,9,54,0,1,0,2,1,0,0
2005,6,30,23,9,54,0,1.2,0,2,1,0,0
2005,6,30,24,9,54,0,1.3,0,2,1,0,0
2005,6,30,1,9,55,0,30,0,2,1,0,0
2005,6,30,1,9,55,180.3,32,0,2,0,0,180.3
2005,6,30,2,9,55,0,30,0,2,1,0,0
2005,6,30,2,9,55,180.3,32,0,2,0,0,180.3
2005,6,30,3,9,55,0,30,0,2,1,0,0
2005,6,30,3,9,55,180.3,32,0,2,0,0,180.3
2005,6,30,4,9,55,0,30,0,2,1,0,0
2005,6,30,4,9,55,180.3,32,0,2,0,0,180.3
2005,6,30,5,9,55,0,30,0,2,1,0,0
2005,6,30,5,9,55,180.3,32,0,2,0,0,180.3
2005,6,30,6,9,55,0,30,0,2,1,0,0
2005,6,30,6,9,55,180.3,32,0,2,0,0,180.3
2005,6,30,7,9,55,0,30,0,2,1,0,0
2005,6,30,7,9,55,180.3,32,0,2,0,0,180.3
2005,6,30,8,9,55,0,30,0,2,1,0,0
2005,6,30,8,9,55,180.3,32,0,2,0,0,180.3
2005,6,30,9,9,55,0,30,0,2,1,0,0
2005,6,30,9,9,55,180.3,32,0,2,0,0,180.3
2005,6,30,10,9,55,0,45,0,2,1,0,0
2005,6,30,10,9,55,180.3,17,0,2,0,0,180.3
2005,6,30,11,9,55,0,59,0,2,1,0,0
2005,6,30,11,9,55,180.3,3,0,2,0,0,180.3
2005,6,30,12,9,55,0,59,0,2,1,0,0
2005,6,30,12,9,55,180.3,3,0,2,0,0,180.3
2005,6,30,13,9,55,0,59,0,2,1,0,0
2005,6,30,13,9,55,180.3,3,0,2,0,0,180.3
2005,6,30,14,9,55,0,59,0,2,1,0,0
2005,6,30,14,9,55,180.3,3,0,2,0,0,180.3
2005,6,30,15,9,55,0,59,0,2,1,0,0
2005,6,30,15,9,55,180.3,3,0,2,0,0,180.3
2005,6,30,16,9,55,0,59,0,2,1,0,0
2005,6,30,16,9,55,180.3,3,0,2,0,0,180.3
2005,6,30,17,9,55,0,59,0,2,1,0,0
2005,6,30,17,9,55,180.3,3,0,2,0,0,180.3
2005,6,30,18,9,55,0,59,0,2,1,0,0
2005,6,30,18,9,55,180.3,3,0,2,0,0,180.3
2005,6,30,19,9,55,0,59,0,2,1,0,0
2005,6,30,19,9,55,180.3,3,0,2,0,0,180.3
2005,6,30,20,9,55,0,59,0,2,1,0,0
2005,6,30,20,9,55,180.3,3,0,2,0,0,180.3
2005,6,30,21,9,55,0,45,0,2,1,0,0
2005,6,30,21,9,55,180.3,17,0,2,0,0,180.3
2005,6,30,22,9,55,0,30,0,2,1,0,0
2005,6,30,22,9,55,180.3,32,0,2,0,0,180.3
2005,6,30,23,9,55,0,30,0,2,1,0,0
2005,6,30,23,9,55,180.3,32,0,2,0,0,180.3
2005,6,30,24,9,55,0,30,0,2,1,0,0
2005,6,30,24,9,55,180.3,32,0,2,0,0,180.3
2005,6,30,1,9,56,0,59,0,2,1,0,0
2005,6,30,2,9,56,0,59,0,2,1,0,0
2005,6,30,3,9,56,0,59,0,2,1,0,0
2005,6,30,4,9,56,0,59,0,2,1,0,0
2005,6,30,5,9,56,0,59,0,2,1,0,0
2005,6,30,6,9,56,0,59,0,2,1,0,0
2005,6,30,7,9,56,0,59,0,2,1,0,0
2005,6,30,8,9,56,0,59,0,2,1,0,0
2005,6,30,9,9,56,0,58,0,2,1,0,0
2005,6,30,10,9,56,0,58,0,2,1,0,0
2005,6,30,11,9,56,0,58,0,2,1,0,0
2005,6,30,12,9,56,0,58,0,2,1,0,0
2005,6,30,13,9,56,0,58,0,2,1,0,0
2005,6,30,14,9,56,0,58,0,2,1,0,0
2005,6,30,15,9,56,0,58,0,2,1,0,0
2005,6,30,16,9,56,0,58,0,2,1,0,0
2005,6,30,17,9,56,0,58,0,2,1,0,0
2005,6,30,18,9,56,0,58,0,2,1,0,0
2005,6,30,19,9,56,0,58,0,2,1,0,0
2005,6,30,20,9,56,0,58,0,2,1,0,0
2005,6,30,21,9,56,0,59,0,2,1,0,0
2005,6,30,22,9,56,0,59,0,2,1,0,0
2005,6,30,23,9,56,0,59,0,2,1,0,0
2005,6,30,24,9,56,0,59,0,2,1,0,0
2005,6,30,1,9,57,0,8.7,0,2,1,0,0
2005,6,30,2,9,57,0,8.7,0,2,1,0,0
2005,6,30,3,9,57,0,8.8,0,2,1,0,0
2005,6,30,4,9,57,0,8.9,0,2,1,0,0
2005,6,30,5,9,57,0,9,0,2,1,0,0
2005,6,30,6,9,57,0,9.1,0,2,1,0,0
2005,6,30,7,9,57,0,9.1,0,2,1,0,0
2005,6,30,8,9,57,0,9,0,2,1,0,0
2005,6,30,9,9,57,0,8.9,0,2,1,0,0
2005,6,30,10,9,57,0,8.8,0,2,1,0,0
2005,6,30,11,9,57,0,8.7,0,2,1,0,0
2005,6,30,12,9,57,0,8.3,0,2,1,0,0
2005,6,30,13,9,57,0,8.2,0,2,1,0,0
2005,6,30,14,9,57,0,8.1,0,2,1,0,0
2005,6,30,15,9,57,0,8,0,2,1,0,0
2005,6,30,16,9,57,0,8,0,2,1,0,0
2005,6,30,17,9,57,0,7.9,0,2,1,0,0
2005,6,30,18,9,57,0,8.3,0,2,1,0,0
2005,6,30,19,9,57,0,8.5,0,2,1,0,0
2005,6,30,20,9,57,0,8.4,0,2,1,0,0
2005,6,30,21,9,57,0,8.5,0,2,1,0,0
2005,6,30,22,9,57,0,8.8,0,2,1,0,0
2005,6,30,23,9,57,0,8.8,0,2,1,0,0
2005,6,30,24,9,57,0,8.8,0,2,1,0,0
2005,6,30,1,9,58,0,17.2,0,2,1,0,0
2005,6,30,2,9,58,0,17.2,0,2,1,0,0
2005,6,30,3,9,58,0,17.2,0,2,1,0,0
2005,6,30,4,9,58,0,17.2,0,2,1,0,0
2005,6,30,5,9,58,0,17.2,0,2,1,0,0
2005,6,30,6,9,58,0,17.2,0,2,1,0,0
2005,6,30,7,9,58,0,17.2,0,2,1,0,0
2005,6,30,8,9,58,0,17.2,0,2,1,0,0
2005,6,30,9,9,58,0,17.2,0,2,1,0,0
2005,6,30,10,9,58,0,17.2,0,2,1,0,0
2005,6,30,11,9,58,0,17.2,0,2,1,0,0
2005,6,30,12,9,58,0,17.2,0,2,1,0,0
2005,6,30,13,9,58,0,17.2,0,2,1,0,0
2005,6,30,14,9,58,0,17.2,0,2,1,0,0
2005,6,30,15,9,58,0,17.2,0,2,1,0,0
2005,6,30,16,9,58,0,17.2,0,2,1,0,0
2005,6,30,17,9,58,0,17.2,0,2,1,0,0
2005,6,30,18,9,58,0,17.2,0,2,1,0,0
2005,6,30,19,9,58,0,17.2,0,2,1,0,0
2005,6,30,20,9,58,0,17.2,0,2,1,0,0
2005,6,30,21,9,58,0,17.2,0,2,1,0,0
2005,6,30,22,9,58,0,17.2,0,2,1,0,0
2005,6,30,23,9,58,0,17.2,0,2,1,0,0
2005,6,30,24,9,58,0,17.2,0,2,1,0,0
2005,6,30,1,2,1033,1,40,.739024,2,1,0,1
2005,6,30,1,2,1033,60.01,90,.739024,2,0,0,83.271455
2005,6,30,1,2,1033,151.02,14,.739024,2,0,0,151.02
2005,6,30,2,2,1033,1,40,.739024,2,1,0,1
2005,6,30,2,2,1033,60.01,90,.739024,2,0,0,83.271455
2005,6,30,2,2,1033,151.02,14,.739024,2,0,0,151.02
2005,6,30,3,2,1033,1,40,.739024,2,1,0,1
2005,6,30,3,2,1033,60.01,90,.739024,2,0,0,83.271455
2005,6,30,3,2,1033,151.02,14,.739024,2,0,0,151.02
2005,6,30,4,2,1033,1,40,.739024,2,1,0,1
2005,6,30,4,2,1033,60.01,90,.739024,2,0,0,83.271455
2005,6,30,4,2,1033,151.02,14,.739024,2,0,0,151.02
2005,6,30,5,2,1033,1,40,.739024,2,1,0,1
2005,6,30,5,2,1033,60.01,90,.739024,2,0,0,83.271455
2005,6,30,5,2,1033,151.02,14,.739024,2,0,0,151.02
2005,6,30,6,2,1033,1,40,.739024,2,1,0,1
2005,6,30,6,2,1033,60.01,90,.739024,2,0,0,83.271455
2005,6,30,6,2,1033,151.02,14,.739024,2,0,0,151.02
2005,6,30,7,2,1033,1,40,.739024,2,1,0,1
2005,6,30,7,2,1033,60.01,90,.739024,2,0,0,83.271455
2005,6,30,7,2,1033,151.02,14,.739024,2,0,0,151.02
2005,6,30,8,2,1033,1,40,.739024,2,1,0,1
2005,6,30,8,2,1033,60.01,90,.739024,2,0,0,83.271455
2005,6,30,8,2,1033,151.02,14,.739024,2,0,0,151.02
2005,6,30,9,2,1033,1,40,.739024,2,1,0,1
2005,6,30,9,2,1033,60.01,90,.739024,2,1,0,83.271455
2005,6,30,9,2,1033,151.02,14,.739024,2,0,0,151.02
2005,6,30,10,2,1033,1,40,.739024,2,1,0,1
2005,6,30,10,2,1033,60.01,90,.739024,2,1,0,83.271455
2005,6,30,10,2,1033,151.02,14,.739024,2,0,0,151.02
2005,6,30,11,2,1033,1,40,.739024,2,1,0,1
2005,6,30,11,2,1033,60.01,90,.739024,2,1,0,83.271455
2005,6,30,11,2,1033,151.02,14,.739024,2,0,0,151.02
2005,6,30,12,2,1033,1,40,.739024,2,1,0,1
2005,6,30,12,2,1033,60.01,90,.739024,2,1,0,83.271455
2005,6,30,12,2,1033,151.02,14,.739024,2,0,0,151.02
2005,6,30,13,2,1033,1,40,.739024,2,1,0,1
2005,6,30,13,2,1033,60.01,90,.739024,2,1,0,83.271455
2005,6,30,13,2,1033,151.02,14,.739024,2,0,0,151.02
2005,6,30,14,2,1033,1,40,.739024,2,1,0,1
2005,6,30,14,2,1033,60.01,90,.739024,2,1,0,83.271455
2005,6,30,14,2,1033,151.02,14,.739024,2,0,0,151.02
2005,6,30,15,2,1033,1,40,.739024,2,1,0,1
2005,6,30,15,2,1033,60.01,90,.739024,2,1,0,83.271455
2005,6,30,15,2,1033,151.02,14,.739024,2,0,0,151.02
2005,6,30,16,2,1033,1,40,.739024,2,1,0,1
2005,6,30,16,2,1033,60.01,90,.739024,2,1,0,83.271455
2005,6,30,16,2,1033,151.02,14,.739024,2,0,0,151.02
2005,6,30,17,2,1033,1,40,.739024,2,1,0,1
2005,6,30,17,2,1033,60.01,90,.739024,2,1,0,83.271455
2005,6,30,17,2,1033,151.02,14,.739024,2,0,0,151.02
2005,6,30,18,2,1033,1,40,.739024,2,1,0,1
2005,6,30,18,2,1033,60.01,90,.739024,2,1,0,83.271455
2005,6,30,18,2,1033,151.02,14,.739024,2,0,0,151.02
2005,6,30,19,2,1033,1,40,.739024,2,1,0,1
2005,6,30,19,2,1033,60.01,90,.739024,2,1,0,83.271455
2005,6,30,19,2,1033,151.02,14,.739024,2,0,0,151.02
2005,6,30,20,2,1033,1,40,.739024,2,1,0,1
2005,6,30,20,2,1033,60.01,90,.739024,2,1,0,83.271455
2005,6,30,20,2,1033,151.02,14,.739024,2,0,0,151.02
2005,6,30,21,2,1033,1,40,.739024,2,1,0,1
2005,6,30,21,2,1033,60.01,90,.739024,2,1,0,83.271455
2005,6,30,21,2,1033,151.02,14,.739024,2,0,0,151.02
2005,6,30,22,2,1033,1,40,.739024,2,1,0,1
2005,6,30,22,2,1033,60.01,90,.739024,2,0,0,83.271455
2005,6,30,22,2,1033,151.02,14,.739024,2,0,0,151.02
2005,6,30,23,2,1033,1,40,.739024,2,1,0,1
2005,6,30,23,2,1033,60.01,90,.739024,2,1,0,83.271455
2005,6,30,23,2,1033,151.02,14,.739024,2,0,0,151.02
2005,6,30,24,2,1033,1,40,.739024,2,1,0,1
2005,6,30,24,2,1033,60.01,90,.739024,2,0,0,83.271455
2005,6,30,24,2,1033,151.02,14,.739024,2,0,0,151.02
2005,6,30,1,9,60,0,8.1,0,2,1,0,0
2005,6,30,2,9,60,0,8.1,0,2,1,0,0
2005,6,30,3,9,60,0,8.1,0,2,1,0,0
2005,6,30,4,9,60,0,8.2,0,2,1,0,0
2005,6,30,5,9,60,0,8.2,0,2,1,0,0
2005,6,30,6,9,60,0,8.2,0,2,1,0,0
2005,6,30,7,9,60,0,8.1,0,2,1,0,0
2005,6,30,8,9,60,0,7.9,0,2,1,0,0
2005,6,30,9,9,60,0,7.7,0,2,1,0,0
2005,6,30,10,9,60,0,7.6,0,2,1,0,0
2005,6,30,11,9,60,0,7.5,0,2,1,0,0
2005,6,30,12,9,60,0,7.5,0,2,1,0,0
2005,6,30,13,9,60,0,7.5,0,2,1,0,0
2005,6,30,14,9,60,0,7.5,0,2,1,0,0
2005,6,30,15,9,60,0,7.6,0,2,1,0,0
2005,6,30,16,9,60,0,7.6,0,2,1,0,0
2005,6,30,17,9,60,0,7.5,0,2,1,0,0
2005,6,30,18,9,60,0,7.5,0,2,1,0,0
2005,6,30,19,9,60,0,7.6,0,2,1,0,0
2005,6,30,20,9,60,0,7.7,0,2,1,0,0
2005,6,30,21,9,60,0,7.8,0,2,1,0,0
2005,6,30,22,9,60,0,7.9,0,2,1,0,0
2005,6,30,23,9,60,0,8.1,0,2,1,0,0
2005,6,30,24,9,60,0,8.1,0,2,1,0,0
2005,6,30,1,2,1036,0,179,.93876,2,1,0,0
2005,6,30,1,2,1036,31.25,20.1,.93876,2,1,0,44.526361
2005,6,30,1,2,1036,31.48,20.1,.93876,2,1,0,44.526361
2005,6,30,1,2,1036,31.71,20.1,.93876,2,1,0,44.526361
2005,6,30,1,2,1036,31.94,20.1,.93876,2,1,0,44.526361
2005,6,30,1,2,1036,32.17,20.1,.93876,2,1,0,44.526361
2005,6,30,1,2,1036,32.4,20.1,.93876,2,1,0,44.526361
2005,6,30,1,2,1036,32.64,20.4,.93876,2,1,0,44.526361
2005,6,30,1,2,1036,145.08,21.1,.93876,2,0,0,145.08
2005,6,30,2,2,1036,0,179,.93876,2,1,0,0
2005,6,30,2,2,1036,33.26,20.1,.93876,2,1,0,44.526361
2005,6,30,2,2,1036,33.49,20.1,.93876,2,1,0,44.526361
2005,6,30,2,2,1036,33.73,20.1,.93876,2,1,0,44.526361
2005,6,30,2,2,1036,33.97,20.1,.93876,2,1,0,44.526361
2005,6,30,2,2,1036,34.2,20.1,.93876,2,1,0,44.526361
2005,6,30,2,2,1036,34.44,20.1,.93876,2,1,0,44.526361
2005,6,30,2,2,1036,34.68,20.4,.93876,2,1,0,44.526361
2005,6,30,2,2,1036,145.08,21.1,.93876,2,0,0,145.08
2005,6,30,3,2,1036,0,179,.93876,2,1,0,0
2005,6,30,3,2,1036,36.86,20.1,.93876,2,1,0,44.526361
2005,6,30,3,2,1036,37.1,20.1,.93876,2,1,0,44.526361
2005,6,30,3,2,1036,37.35,20.1,.93876,2,1,0,44.526361
2005,6,30,3,2,1036,37.6,20.1,.93876,2,1,0,44.526361
2005,6,30,3,2,1036,37.84,20.1,.93876,2,1,0,44.526361
2005,6,30,3,2,1036,38.09,20.1,.93876,2,1,0,44.526361
2005,6,30,3,2,1036,38.34,20.4,.93876,2,1,0,44.526361
2005,6,30,3,2,1036,145.08,21.1,.93876,2,0,0,145.08
2005,6,30,4,2,1036,0,179,.93876,2,1,0,0
2005,6,30,4,2,1036,36.67,20.1,.93876,2,1,0,44.526361
2005,6,30,4,2,1036,36.91,20.1,.93876,2,1,0,44.526361
2005,6,30,4,2,1036,37.16,20.1,.93876,2,1,0,44.526361
2005,6,30,4,2,1036,37.41,20.1,.93876,2,1,0,44.526361
2005,6,30,4,2,1036,37.66,20.1,.93876,2,1,0,44.526361
2005,6,30,4,2,1036,37.91,20.1,.93876,2,1,0,44.526361
2005,6,30,4,2,1036,38.16,20.4,.93876,2,0,0,44.526361
2005,6,30,4,2,1036,145.08,21.1,.93876,2,0,0,145.08
2005,6,30,5,2,1036,0,179,.93876,2,1,0,0
2005,6,30,5,2,1036,38.22,20.1,.93876,2,0,0,44.526361
2005,6,30,5,2,1036,38.48,20.1,.93876,2,0,0,44.526361
2005,6,30,5,2,1036,38.73,20.1,.93876,2,0,0,44.526361
2005,6,30,5,2,1036,38.98,20.1,.93876,2,0,0,44.526361
2005,6,30,5,2,1036,39.23,20.1,.93876,2,0,0,44.526361
2005,6,30,5,2,1036,39.49,20.1,.93876,2,0,0,44.526361
2005,6,30,5,2,1036,39.74,20.4,.93876,2,0,0,44.526361
2005,6,30,5,2,1036,145.08,21.1,.93876,2,0,0,145.08
2005,6,30,6,2,1036,0,179,.93876,2,1,0,0
2005,6,30,6,2,1036,37.78,20.1,.93876,2,1,0,44.526361
2005,6,30,6,2,1036,38.04,20.1,.93876,2,1,0,44.526361
2005,6,30,6,2,1036,38.29,20.1,.93876,2,1,0,44.526361
2005,6,30,6,2,1036,38.54,20.1,.93876,2,1,0,44.526361
2005,6,30,6,2,1036,38.79,20.1,.93876,2,1,0,44.526361
2005,6,30,6,2,1036,39.04,20.1,.93876,2,1,0,44.526361
2005,6,30,6,2,1036,39.29,20.4,.93876,2,0,0,44.526361
2005,6,30,6,2,1036,145.08,21.1,.93876,2,0,0,145.08
2005,6,30,7,2,1036,0,179,.93876,2,1,0,0
2005,6,30,7,2,1036,33.6,20.1,.93876,2,1,0,44.526361
2005,6,30,7,2,1036,33.84,20.1,.93876,2,1,0,44.526361
2005,6,30,7,2,1036,34.08,20.1,.93876,2,1,0,44.526361
2005,6,30,7,2,1036,34.32,20.1,.93876,2,1,0,44.526361
2005,6,30,7,2,1036,34.56,20.1,.93876,2,1,0,44.526361
2005,6,30,7,2,1036,34.8,20.1,.93876,2,1,0,44.526361
2005,6,30,7,2,1036,35.04,20.4,.93876,2,1,0,44.526361
2005,6,30,7,2,1036,145.08,21.1,.93876,2,0,0,145.08
2005,6,30,8,2,1036,0,179,.93876,2,1,0,0
2005,6,30,8,2,1036,30.82,20.1,.93876,2,1,0,44.526361
2005,6,30,8,2,1036,31.05,20.1,.93876,2,1,0,44.526361
2005,6,30,8,2,1036,31.28,20.1,.93876,2,1,0,44.526361
2005,6,30,8,2,1036,31.51,20.1,.93876,2,1,0,44.526361
2005,6,30,8,2,1036,31.74,20.1,.93876,2,1,0,44.526361
2005,6,30,8,2,1036,31.97,20.1,.93876,2,1,0,44.526361
2005,6,30,8,2,1036,32.2,20.4,.93876,2,1,0,44.526361
2005,6,30,8,2,1036,145.08,21.1,.93876,2,0,0,145.08
2005,6,30,9,2,1036,0,179,.93876,2,1,0,0
2005,6,30,9,2,1036,15.41,141,.93876,2,1,0,44.526361
2005,6,30,9,2,1036,145.02,21.1,.93876,2,0,0,145.02
2005,6,30,10,2,1036,0,179,.93876,2,1,0,0
2005,6,30,10,2,1036,15.41,141,.93876,2,1,0,44.526361
2005,6,30,10,2,1036,145.02,21.1,.93876,2,0,0,145.02
2005,6,30,11,2,1036,0,179,.93876,2,1,0,0
2005,6,30,11,2,1036,15.41,141,.93876,2,1,0,44.526361
2005,6,30,11,2,1036,145.02,21.1,.93876,2,0,0,145.02
2005,6,30,12,2,1036,0,179,.93876,2,1,0,0
2005,6,30,12,2,1036,15.41,141,.93876,2,1,0,44.526361
2005,6,30,12,2,1036,145.02,21.1,.93876,2,0,0,145.02
2005,6,30,13,2,1036,0,179,.93876,2,1,0,0
2005,6,30,13,2,1036,15.41,141,.93876,2,1,0,44.526361
2005,6,30,13,2,1036,145.02,21.1,.93876,2,0,0,145.02
2005,6,30,14,2,1036,0,179,.93876,2,1,0,0
2005,6,30,14,2,1036,15.41,141,.93876,2,1,0,44.526361
2005,6,30,14,2,1036,145.02,21.1,.93876,2,0,0,145.02
2005,6,30,15,2,1036,0,179,.93876,2,1,0,0
2005,6,30,15,2,1036,15.41,141,.93876,2,1,0,44.526361
2005,6,30,15,2,1036,145.02,21.1,.93876,2,0,0,145.02
2005,6,30,16,2,1036,0,179,.93876,2,1,0,0
2005,6,30,16,2,1036,15.41,141,.93876,2,1,0,44.526361
2005,6,30,16,2,1036,145.02,21.1,.93876,2,0,0,145.02
2005,6,30,17,2,1036,0,179,.93876,2,1,0,0
2005,6,30,17,2,1036,15.41,141,.93876,2,1,0,44.526361
2005,6,30,17,2,1036,145.02,21.1,.93876,2,0,0,145.02
2005,6,30,18,2,1036,0,179,.93876,2,1,0,0
2005,6,30,18,2,1036,15.41,141,.93876,2,1,0,44.526361
2005,6,30,18,2,1036,145.02,21.1,.93876,2,0,0,145.02
2005,6,30,19,2,1036,0,179,.93876,2,1,0,0
2005,6,30,19,2,1036,15.41,141,.93876,2,1,0,44.526361
2005,6,30,19,2,1036,145.02,21.1,.93876,2,0,0,145.02
2005,6,30,20,2,1036,0,179,.93876,2,1,0,0
2005,6,30,20,2,1036,15.41,141,.93876,2,1,0,44.526361
2005,6,30,20,2,1036,145.02,21.1,.93876,2,0,0,145.02
2005,6,30,21,2,1036,0,179,.93876,2,1,0,0
2005,6,30,21,2,1036,15.41,120.6,.93876,2,1,0,44.526361
2005,6,30,21,2,1036,30.1,20.4,.93876,2,1,0,44.526361
2005,6,30,21,2,1036,145.03,21.1,.93876,2,0,0,145.03
2005,6,30,22,2,1036,0,179,.93876,2,1,0,0
2005,6,30,22,2,1036,15.41,120.6,.93876,2,1,0,44.526361
2005,6,30,22,2,1036,30.11,20.4,.93876,2,1,0,44.526361
2005,6,30,22,2,1036,145.03,21.1,.93876,2,0,0,145.03
2005,6,30,23,2,1036,0,179,.93876,2,1,0,0
2005,6,30,23,2,1036,15.41,141,.93876,2,1,0,44.526361
2005,6,30,23,2,1036,145.02,21.1,.93876,2,0,0,145.02
2005,6,30,24,2,1036,0,179,.93876,2,1,0,0
2005,6,30,24,2,1036,30.84,20.1,.93876,2,1,0,44.526361
2005,6,30,24,2,1036,31.07,20.1,.93876,2,1,0,44.526361
2005,6,30,24,2,1036,31.3,20.1,.93876,2,1,0,44.526361
2005,6,30,24,2,1036,31.53,20.1,.93876,2,1,0,44.526361
2005,6,30,24,2,1036,31.76,20.1,.93876,2,1,0,44.526361
2005,6,30,24,2,1036,31.99,20.1,.93876,2,1,0,44.526361
2005,6,30,24,2,1036,32.22,20.4,.93876,2,1,0,44.526361
2005,6,30,24,2,1036,145.08,21.1,.93876,2,0,0,145.08
2005,6,30,1,2,1037,0,179,.93876,2,1,0,0
2005,6,30,1,2,1037,14.64,40.2,.93876,2,1,0,44.50279
2005,6,30,1,2,1037,30.15,20.1,.93876,2,1,0,44.50279
2005,6,30,1,2,1037,30.38,20.1,.93876,2,1,0,44.50279
2005,6,30,1,2,1037,30.61,20.1,.93876,2,1,0,44.50279
2005,6,30,1,2,1037,30.84,20.1,.93876,2,1,0,44.50279
2005,6,30,1,2,1037,31.08,20.4,.93876,2,1,0,44.50279
2005,6,30,1,2,1037,145.07,20.6,.93876,2,0,0,145.07
2005,6,30,2,2,1037,0,179,.93876,2,1,0,0
2005,6,30,2,2,1037,31.68,20.1,.93876,2,1,0,44.50279
2005,6,30,2,2,1037,31.91,20.1,.93876,2,1,0,44.50279
2005,6,30,2,2,1037,32.15,20.1,.93876,2,1,0,44.50279
2005,6,30,2,2,1037,32.38,20.1,.93876,2,1,0,44.50279
2005,6,30,2,2,1037,32.62,20.1,.93876,2,1,0,44.50279
2005,6,30,2,2,1037,32.85,20.1,.93876,2,1,0,44.50279
2005,6,30,2,2,1037,33.09,20.4,.93876,2,1,0,44.50279
2005,6,30,2,2,1037,145.08,20.6,.93876,2,0,0,145.08
2005,6,30,3,2,1037,0,179,.93876,2,1,0,0
2005,6,30,3,2,1037,35.2,20.1,.93876,2,1,0,44.50279
2005,6,30,3,2,1037,35.45,20.1,.93876,2,1,0,44.50279
2005,6,30,3,2,1037,35.69,20.1,.93876,2,1,0,44.50279
2005,6,30,3,2,1037,35.94,20.1,.93876,2,1,0,44.50279
2005,6,30,3,2,1037,36.19,20.1,.93876,2,1,0,44.50279
2005,6,30,3,2,1037,36.43,20.1,.93876,2,1,0,44.50279
2005,6,30,3,2,1037,36.68,20.4,.93876,2,1,0,44.50279
2005,6,30,3,2,1037,145.08,20.6,.93876,2,0,0,145.08
2005,6,30,4,2,1037,0,179,.93876,2,1,0,0
2005,6,30,4,2,1037,34.99,20.1,.93876,2,1,0,44.50279
2005,6,30,4,2,1037,35.24,20.1,.93876,2,1,0,44.50279
2005,6,30,4,2,1037,35.49,20.1,.93876,2,1,0,44.50279
2005,6,30,4,2,1037,35.74,20.1,.93876,2,1,0,44.50279
2005,6,30,4,2,1037,35.99,20.1,.93876,2,1,0,44.50279
2005,6,30,4,2,1037,36.23,20.1,.93876,2,1,0,44.50279
2005,6,30,4,2,1037,36.49,20.4,.93876,2,1,0,44.50279
2005,6,30,4,2,1037,145.08,20.6,.93876,2,0,0,145.08
2005,6,30,5,2,1037,0,179,.93876,2,1,0,0
2005,6,30,5,2,1037,36.52,20.1,.93876,2,1,0,44.50279
2005,6,30,5,2,1037,36.77,20.1,.93876,2,1,0,44.50279
2005,6,30,5,2,1037,37.02,20.1,.93876,2,1,0,44.50279
2005,6,30,5,2,1037,37.28,20.1,.93876,2,1,0,44.50279
2005,6,30,5,2,1037,37.53,20.1,.93876,2,1,0,44.50279
2005,6,30,5,2,1037,37.78,20.1,.93876,2,1,0,44.50279
2005,6,30,5,2,1037,38.04,20.4,.93876,2,0,0,44.50279
2005,6,30,5,2,1037,145.08,20.6,.93876,2,0,0,145.08
2005,6,30,6,2,1037,0,179,.93876,2,1,0,0
2005,6,30,6,2,1037,36.09,20.1,.93876,2,1,0,44.50279
2005,6,30,6,2,1037,36.35,20.1,.93876,2,1,0,44.50279
2005,6,30,6,2,1037,36.6,20.1,.93876,2,1,0,44.50279
2005,6,30,6,2,1037,36.85,20.1,.93876,2,1,0,44.50279
2005,6,30,6,2,1037,37.1,20.1,.93876,2,1,0,44.50279
2005,6,30,6,2,1037,37.35,20.1,.93876,2,1,0,44.50279
2005,6,30,6,2,1037,37.6,20.4,.93876,2,1,0,44.50279
2005,6,30,6,2,1037,145.08,20.6,.93876,2,0,0,145.08
2005,6,30,7,2,1037,0,179,.93876,2,1,0,0
2005,6,30,7,2,1037,31.98,20.1,.93876,2,1,0,44.50279
2005,6,30,7,2,1037,32.22,20.1,.93876,2,1,0,44.50279
2005,6,30,7,2,1037,32.46,20.1,.93876,2,1,0,44.50279
2005,6,30,7,2,1037,32.7,20.1,.93876,2,1,0,44.50279
2005,6,30,7,2,1037,32.94,20.1,.93876,2,1,0,44.50279
2005,6,30,7,2,1037,33.18,20.1,.93876,2,1,0,44.50279
2005,6,30,7,2,1037,33.43,20.4,.93876,2,1,0,44.50279
2005,6,30,7,2,1037,145.08,20.6,.93876,2,0,0,145.08
2005,6,30,8,2,1037,0,179,.93876,2,1,0,0
2005,6,30,8,2,1037,14.64,80.4,.93876,2,1,0,44.50279
2005,6,30,8,2,1037,30.17,20.1,.93876,2,1,0,44.50279
2005,6,30,8,2,1037,30.4,20.1,.93876,2,1,0,44.50279
2005,6,30,8,2,1037,30.63,20.4,.93876,2,1,0,44.50279
2005,6,30,8,2,1037,145.05,20.6,.93876,2,0,0,145.05
2005,6,30,9,2,1037,0,179,.93876,2,1,0,0
2005,6,30,9,2,1037,14.64,141,.93876,2,1,0,44.50279
2005,6,30,9,2,1037,145.02,20.6,.93876,2,0,0,145.02
2005,6,30,10,2,1037,0,179,.93876,2,1,0,0
2005,6,30,10,2,1037,14.64,141,.93876,2,1,0,44.50279
2005,6,30,10,2,1037,145.02,20.6,.93876,2,0,0,145.02
2005,6,30,11,2,1037,0,179,.93876,2,1,0,0
2005,6,30,11,2,1037,14.64,141,.93876,2,1,0,44.50279
2005,6,30,11,2,1037,145.02,20.6,.93876,2,0,0,145.02
2005,6,30,12,2,1037,0,179,.93876,2,1,0,0
2005,6,30,12,2,1037,14.64,141,.93876,2,1,0,44.50279
2005,6,30,12,2,1037,145.02,20.6,.93876,2,0,0,145.02
2005,6,30,13,2,1037,0,179,.93876,2,1,0,0
2005,6,30,13,2,1037,14.64,141,.93876,2,1,0,44.50279
2005,6,30,13,2,1037,145.02,20.6,.93876,2,0,0,145.02
2005,6,30,14,2,1037,0,179,.93876,2,1,0,0
2005,6,30,14,2,1037,14.64,141,.93876,2,1,0,44.50279
2005,6,30,14,2,1037,145.02,20.6,.93876,2,0,0,145.02
2005,6,30,15,2,1037,0,179,.93876,2,1,0,0
2005,6,30,15,2,1037,14.64,141,.93876,2,1,0,44.50279
2005,6,30,15,2,1037,145.02,20.6,.93876,2,0,0,145.02
2005,6,30,16,2,1037,0,179,.93876,2,1,0,0
2005,6,30,16,2,1037,14.64,141,.93876,2,1,0,44.50279
2005,6,30,16,2,1037,145.02,20.6,.93876,2,0,0,145.02
2005,6,30,17,2,1037,0,179,.93876,2,1,0,0
2005,6,30,17,2,1037,14.64,141,.93876,2,1,0,44.50279
2005,6,30,17,2,1037,145.02,20.6,.93876,2,0,0,145.02
2005,6,30,18,2,1037,0,179,.93876,2,1,0,0
2005,6,30,18,2,1037,14.64,141,.93876,2,1,0,44.50279
2005,6,30,18,2,1037,145.02,20.6,.93876,2,0,0,145.02
2005,6,30,19,2,1037,0,179,.93876,2,1,0,0
2005,6,30,19,2,1037,14.64,141,.93876,2,1,0,44.50279
2005,6,30,19,2,1037,145.02,20.6,.93876,2,0,0,145.02
2005,6,30,20,2,1037,0,179,.93876,2,1,0,0
2005,6,30,20,2,1037,14.64,141,.93876,2,1,0,44.50279
2005,6,30,20,2,1037,145.02,20.6,.93876,2,0,0,145.02
2005,6,30,21,2,1037,0,179,.93876,2,1,0,0
2005,6,30,21,2,1037,14.64,141,.93876,2,1,0,44.50279
2005,6,30,21,2,1037,145.02,20.6,.93876,2,0,0,145.02
2005,6,30,22,2,1037,0,179,.93876,2,1,0,0
2005,6,30,22,2,1037,14.64,141,.93876,2,1,0,44.50279
2005,6,30,22,2,1037,145.02,20.6,.93876,2,0,0,145.02
2005,6,30,23,2,1037,0,179,.93876,2,1,0,0
2005,6,30,23,2,1037,14.64,141,.93876,2,1,0,44.50279
2005,6,30,23,2,1037,145.02,20.6,.93876,2,0,0,145.02
2005,6,30,24,2,1037,0,179,.93876,2,1,0,0
2005,6,30,24,2,1037,14.64,80.4,.93876,2,1,0,44.50279
2005,6,30,24,2,1037,30.18,20.1,.93876,2,1,0,44.50279
2005,6,30,24,2,1037,30.41,20.1,.93876,2,1,0,44.50279
2005,6,30,24,2,1037,30.65,20.4,.93876,2,1,0,44.50279
2005,6,30,24,2,1037,145.05,20.6,.93876,2,0,0,145.05
2005,6,30,1,7,63,0,30,0,2,1,0,0
2005,6,30,1,7,63,23.43,1.6,0,2,1,0,23.43
2005,6,30,1,7,63,30.7,1.4,0,2,1,0,30.7
2005,6,30,1,7,63,50,.1,0,2,0,0,50
2005,6,30,2,7,63,0,30,0,2,1,0,0
2005,6,30,2,7,63,23.43,1.6,0,2,1,0,23.43
2005,6,30,2,7,63,30.7,1.4,0,2,1,0,30.7
2005,6,30,2,7,63,50,.1,0,2,0,0,50
2005,6,30,3,7,63,0,30,0,2,1,0,0
2005,6,30,3,7,63,23.43,1.6,0,2,1,0,23.43
2005,6,30,3,7,63,30.7,1.4,0,2,1,0,30.7
2005,6,30,3,7,63,50,.1,0,2,0,0,50
2005,6,30,4,7,63,0,30,0,2,1,0,0
2005,6,30,4,7,63,23.43,1.9,0,2,1,0,23.43
2005,6,30,4,7,63,30.7,1.4,0,2,1,0,30.7
2005,6,30,4,7,63,50,.1,0,2,0,0,50
2005,6,30,5,7,63,0,30,0,2,1,0,0
2005,6,30,5,7,63,23.43,1.9,0,2,1,0,23.43
2005,6,30,5,7,63,30.7,1.4,0,2,1,0,30.7
2005,6,30,5,7,63,50,.1,0,2,0,0,50
2005,6,30,6,7,63,0,30,0,2,1,0,0
2005,6,30,6,7,63,23.43,1.9,0,2,1,0,23.43
2005,6,30,6,7,63,30.7,1.4,0,2,1,0,30.7
2005,6,30,6,7,63,50,.1,0,2,0,0,50
2005,6,30,7,7,63,0,30,0,2,1,0,0
2005,6,30,7,7,63,23.43,2.1,0,2,1,0,23.43
2005,6,30,7,7,63,30.7,1.4,0,2,1,0,30.7
2005,6,30,7,7,63,50,.1,0,2,0,0,50
2005,6,30,8,7,63,0,30,0,2,1,0,0
2005,6,30,8,7,63,23.43,2.1,0,2,1,0,23.43
2005,6,30,8,7,63,30.7,1.4,0,2,1,0,30.7
2005,6,30,8,7,63,50,.1,0,2,0,0,50
2005,6,30,9,7,63,0,30,0,2,1,0,0
2005,6,30,9,7,63,20.5,2,0,2,1,0,20.5
2005,6,30,9,7,63,27.77,1.4,0,2,1,0,27.77
2005,6,30,9,7,63,50,.1,0,2,1,0,50
2005,6,30,10,7,63,0,30,0,2,1,0,0
2005,6,30,10,7,63,23.43,1.8,0,2,1,0,23.43
2005,6,30,10,7,63,30.7,1.4,0,2,1,0,30.7
2005,6,30,10,7,63,50,.1,0,2,1,0,50
2005,6,30,11,7,63,0,30,0,2,1,0,0
2005,6,30,11,7,63,23.43,1.6,0,2,1,0,23.43
2005,6,30,11,7,63,30.7,1.6,0,2,1,0,30.7
2005,6,30,11,7,63,50,.1,0,2,1,0,50
2005,6,30,12,7,63,0,30,0,2,1,0,0
2005,6,30,12,7,63,23.43,1.3,0,2,1,0,23.43
2005,6,30,12,7,63,30.7,1.7,0,2,1,0,30.7
2005,6,30,12,7,63,50,.1,0,2,1,0,50
2005,6,30,13,7,63,0,30,0,2,1,0,0
2005,6,30,13,7,63,23.43,.9,0,2,1,0,23.43
2005,6,30,13,7,63,30.7,1.9,0,2,1,0,30.7
2005,6,30,13,7,63,50,.1,0,2,1,0,50
2005,6,30,14,7,63,0,30,0,2,1,0,0
2005,6,30,14,7,63,20.5,.7,0,2,1,0,20.5
2005,6,30,14,7,63,27.77,1.9,0,2,1,0,27.77
2005,6,30,14,7,63,50,.1,0,2,1,0,50
2005,6,30,15,7,63,0,30,0,2,1,0,0
2005,6,30,15,7,63,20.5,.7,0,2,1,0,20.5
2005,6,30,15,7,63,27.77,1.9,0,2,1,0,27.77
2005,6,30,15,7,63,50,.1,0,2,1,0,50
2005,6,30,16,7,63,0,30,0,2,1,0,0
2005,6,30,16,7,63,20.5,.7,0,2,1,0,20.5
2005,6,30,16,7,63,27.77,1.9,0,2,1,0,27.77
2005,6,30,16,7,63,50,.1,0,2,1,0,50
2005,6,30,17,7,63,0,30,0,2,1,0,0
2005,6,30,17,7,63,20.5,.5,0,2,1,0,20.5
2005,6,30,17,7,63,27.77,1.9,0,2,1,0,27.77
2005,6,30,17,7,63,50,.1,0,2,1,0,50
2005,6,30,18,7,63,0,30,0,2,1,0,0
2005,6,30,18,7,63,20.5,.8,0,2,1,0,20.5
2005,6,30,18,7,63,27.77,1.9,0,2,1,0,27.77
2005,6,30,18,7,63,50,.1,0,2,1,0,50
2005,6,30,19,7,63,0,30,0,2,1,0,0
2005,6,30,19,7,63,20.5,1,0,2,1,0,20.5
2005,6,30,19,7,63,27.77,1.9,0,2,1,0,27.77
2005,6,30,19,7,63,50,.1,0,2,1,0,50
2005,6,30,20,7,63,0,30,0,2,1,0,0
2005,6,30,20,7,63,20.5,1.2,0,2,1,0,20.5
2005,6,30,20,7,63,27.77,1.8,0,2,1,0,27.77
2005,6,30,20,7,63,50,.1,0,2,1,0,50
2005,6,30,21,7,63,0,30,0,2,1,0,0
2005,6,30,21,7,63,20.5,1.4,0,2,1,0,20.5
2005,6,30,21,7,63,27.77,1.7,0,2,1,0,27.77
2005,6,30,21,7,63,50,.1,0,2,1,0,50
2005,6,30,22,7,63,0,30,0,2,1,0,0
2005,6,30,22,7,63,20.5,1.5,0,2,1,0,20.5
2005,6,30,22,7,63,27.77,1.6,0,2,1,0,27.77
2005,6,30,22,7,63,50,.1,0,2,1,0,50
2005,6,30,23,7,63,0,30,0,2,1,0,0
2005,6,30,23,7,63,20.5,1.7,0,2,1,0,20.5
2005,6,30,23,7,63,27.77,1.5,0,2,1,0,27.77
2005,6,30,23,7,63,50,.1,0,2,1,0,50
2005,6,30,24,7,63,0,30,0,2,1,0,0
2005,6,30,24,7,63,20.5,1.8,0,2,1,0,20.5
2005,6,30,24,7,63,27.77,1.5,0,2,1,0,27.77
2005,6,30,24,7,63,50,.1,0,2,1,0,50
2005,6,30,1,9,64,0,1.5,0,2,1,0,0
2005,6,30,2,9,64,0,1.6,0,2,1,0,0
2005,6,30,3,9,64,0,1.6,0,2,1,0,0
2005,6,30,4,9,64,0,1.7,0,2,1,0,0
2005,6,30,5,9,64,0,1.9,0,2,1,0,0
2005,6,30,6,9,64,0,2.1,0,2,1,0,0
2005,6,30,7,9,64,0,2.1,0,2,1,0,0
2005,6,30,8,9,64,0,2.1,0,2,1,0,0
2005,6,30,9,9,64,0,2.2,0,2,1,0,0
2005,6,30,10,9,64,0,2.2,0,2,1,0,0
2005,6,30,11,9,64,0,2.2,0,2,1,0,0
2005,6,30,12,9,64,0,2,0,2,1,0,0
2005,6,30,13,9,64,0,1.6,0,2,1,0,0
2005,6,30,14,9,64,0,.9,0,2,1,0,0
2005,6,30,15,9,64,0,1,0,2,1,0,0
2005,6,30,16,9,64,0,1.5,0,2,1,0,0
2005,6,30,17,9,64,0,1.8,0,2,1,0,0
2005,6,30,18,9,64,0,1.6,0,2,1,0,0
2005,6,30,19,9,64,0,1.3,0,2,1,0,0
2005,6,30,20,9,64,0,.8,0,2,1,0,0
2005,6,30,21,9,64,0,.4,0,2,1,0,0
2005,6,30,22,9,64,0,.2,0,2,1,0,0
2005,6,30,23,9,64,0,.1,0,2,1,0,0
2005,6,30,24,9,64,0,.2,0,2,1,0,0
2005,6,30,1,6,1038,0,72,.962627,2,1,0,0
2005,6,30,1,6,1038,21.49,73,.962627,2,1,0,46.993809
2005,6,30,2,6,1038,0,72,.962627,2,1,0,0
2005,6,30,2,6,1038,21.49,73,.962627,2,1,0,46.993809
2005,6,30,3,6,1038,0,72,.962627,2,1,0,0
2005,6,30,3,6,1038,21.49,73,.962627,2,1,0,46.993809
2005,6,30,4,6,1038,0,72,.962627,2,1,0,0
2005,6,30,4,6,1038,21.49,73,.962627,2,1,0,46.993809
2005,6,30,5,6,1038,0,72,.962627,2,1,0,0
2005,6,30,5,6,1038,21.49,73,.962627,2,1,0,46.993809
2005,6,30,6,6,1038,0,72,.962627,2,1,0,0
2005,6,30,6,6,1038,21.49,73,.962627,2,1,0,46.993809
2005,6,30,7,6,1038,0,72,.962627,2,1,0,0
2005,6,30,7,6,1038,21.49,73,.962627,2,1,0,46.993809
2005,6,30,8,6,1038,0,72,.962627,2,1,0,0
2005,6,30,8,6,1038,21.49,73,.962627,2,1,0,46.993809
2005,6,30,9,6,1038,0,145,.962627,2,1,0,0
2005,6,30,10,6,1038,0,145,.962627,2,1,0,0
2005,6,30,11,6,1038,0,145,.962627,2,1,0,0
2005,6,30,12,6,1038,0,145,.962627,2,1,0,0
2005,6,30,13,6,1038,0,145,.962627,2,1,0,0
2005,6,30,14,6,1038,0,145,.962627,2,1,0,0
2005,6,30,15,6,1038,0,145,.962627,2,1,0,0
2005,6,30,16,6,1038,0,145,.962627,2,1,0,0
2005,6,30,17,6,1038,0,145,.962627,2,1,0,0
2005,6,30,18,6,1038,0,145,.962627,2,1,0,0
2005,6,30,19,6,1038,0,145,.962627,2,1,0,0
2005,6,30,20,6,1038,0,145,.962627,2,1,0,0
2005,6,30,21,6,1038,0,145,.962627,2,1,0,0
2005,6,30,22,6,1038,0,145,.962627,2,1,0,0
2005,6,30,23,6,1038,0,145,.962627,2,1,0,0
2005,6,30,24,6,1038,0,145,.962627,2,1,0,0
2005,6,30,1,9,66,0,17,0,2,1,0,0
2005,6,30,2,9,66,0,17,0,2,1,0,0
2005,6,30,3,9,66,0,17,0,2,1,0,0
2005,6,30,4,9,66,0,17,0,2,1,0,0
2005,6,30,5,9,66,0,17,0,2,1,0,0
2005,6,30,6,9,66,0,17,0,2,1,0,0
2005,6,30,7,9,66,0,17,0,2,1,0,0
2005,6,30,8,9,66,0,17,0,2,1,0,0
2005,6,30,9,9,66,0,17,0,2,1,0,0
2005,6,30,10,9,66,0,17,0,2,1,0,0
2005,6,30,11,9,66,0,17,0,2,1,0,0
2005,6,30,12,9,66,0,17,0,2,1,0,0
2005,6,30,13,9,66,0,17,0,2,1,0,0
2005,6,30,14,9,66,0,17,0,2,1,0,0
2005,6,30,15,9,66,0,17,0,2,1,0,0
2005,6,30,16,9,66,0,17,0,2,1,0,0
2005,6,30,17,9,66,0,17,0,2,1,0,0
2005,6,30,18,9,66,0,17,0,2,1,0,0
2005,6,30,19,9,66,0,17,0,2,1,0,0
2005,6,30,20,9,66,0,17,0,2,1,0,0
2005,6,30,21,9,66,0,17,0,2,1,0,0
2005,6,30,22,9,66,0,17,0,2,1,0,0
2005,6,30,23,9,66,0,17,0,2,1,0,0
2005,6,30,24,9,66,0,17,0,2,1,0,0
2005,6,30,1,3,1042,0,165,.359851,2,1,0,0
2005,6,30,1,3,1042,36.37,45,.359851,2,1,0,43.555122
2005,6,30,1,3,1042,39.37,45,.359851,2,1,0,43.555122
2005,6,30,1,3,1042,170,45,.359851,2,0,0,170
2005,6,30,1,3,1042,175,60,.359851,2,0,0,175
2005,6,30,1,3,1042,180.3,32.6,.359851,2,0,0,180.3
2005,6,30,2,3,1042,0,165,.359851,2,1,0,0
2005,6,30,2,3,1042,160,40,.359851,2,0,0,160
2005,6,30,2,3,1042,165,50,.359851,2,0,0,165
2005,6,30,2,3,1042,170,50,.359851,2,0,0,170
2005,6,30,2,3,1042,175,55,.359851,2,0,0,175
2005,6,30,2,3,1042,180.3,32.6,.359851,2,0,0,180.3
2005,6,30,3,3,1042,0,165,.359851,2,1,0,0
2005,6,30,3,3,1042,160,40,.359851,2,0,0,160
2005,6,30,3,3,1042,165,50,.359851,2,0,0,165
2005,6,30,3,3,1042,170,50,.359851,2,0,0,170
2005,6,30,3,3,1042,175,55,.359851,2,0,0,175
2005,6,30,3,3,1042,180.3,32.6,.359851,2,0,0,180.3
2005,6,30,4,3,1042,0,165,.359851,2,1,0,0
2005,6,30,4,3,1042,160,40,.359851,2,0,0,160
2005,6,30,4,3,1042,165,50,.359851,2,0,0,165
2005,6,30,4,3,1042,170,50,.359851,2,0,0,170
2005,6,30,4,3,1042,175,55,.359851,2,0,0,175
2005,6,30,4,3,1042,180.3,32.6,.359851,2,0,0,180.3
2005,6,30,5,3,1042,0,165,.359851,2,1,0,0
2005,6,30,5,3,1042,160,40,.359851,2,0,0,160
2005,6,30,5,3,1042,165,50,.359851,2,0,0,165
2005,6,30,5,3,1042,170,50,.359851,2,0,0,170
2005,6,30,5,3,1042,175,55,.359851,2,0,0,175
2005,6,30,5,3,1042,180.3,32.6,.359851,2,0,0,180.3
2005,6,30,6,3,1042,0,165,.359851,2,1,0,0
2005,6,30,6,3,1042,160,40,.359851,2,0,0,160
2005,6,30,6,3,1042,165,50,.359851,2,0,0,165
2005,6,30,6,3,1042,170,50,.359851,2,0,0,170
2005,6,30,6,3,1042,175,55,.359851,2,0,0,175
2005,6,30,6,3,1042,180.3,32.6,.359851,2,0,0,180.3
2005,6,30,7,3,1042,0,165,.359851,2,1,0,0
2005,6,30,7,3,1042,36.37,40,.359851,2,1,0,43.555122
2005,6,30,7,3,1042,38.37,50,.359851,2,1,0,43.555122
2005,6,30,7,3,1042,170,50,.359851,2,0,0,170
2005,6,30,7,3,1042,175,55,.359851,2,0,0,175
2005,6,30,7,3,1042,180.3,32.6,.359851,2,0,0,180.3
2005,6,30,8,3,1042,0,165,.359851,2,1,0,0
2005,6,30,8,3,1042,36.37,40,.359851,2,1,0,43.555122
2005,6,30,8,3,1042,38.37,50,.359851,2,1,0,43.555122
2005,6,30,8,3,1042,40.37,50,.359851,2,1,0,43.555122
2005,6,30,8,3,1042,42.37,55,.359851,2,1,0,43.555122
2005,6,30,8,3,1042,180.3,32.6,.359851,2,0,0,180.3
2005,6,30,9,3,1042,0,300,.359851,2,1,0,0
2005,6,30,9,3,1042,36.37,20,.359851,2,1,0,43.555122
2005,6,30,9,3,1042,38.37,20,.359851,2,1,0,43.555122
2005,6,30,9,3,1042,40.37,10,.359851,2,1,0,43.555122
2005,6,30,9,3,1042,42.37,10,.359851,2,1,0,43.555122
2005,6,30,9,3,1042,180.3,32.6,.359851,2,0,0,180.3
2005,6,30,10,3,1042,0,300,.359851,2,1,0,0
2005,6,30,10,3,1042,36.37,20,.359851,2,1,0,43.555122
2005,6,30,10,3,1042,38.37,15,.359851,2,1,0,43.555122
2005,6,30,10,3,1042,40.37,15,.359851,2,1,0,43.555122
2005,6,30,10,3,1042,42.37,10,.359851,2,1,0,43.555122
2005,6,30,10,3,1042,180.3,32.6,.359851,2,0,0,180.3
2005,6,30,11,3,1042,0,300,.359851,2,1,0,0
2005,6,30,11,3,1042,36.37,20,.359851,2,1,0,43.555122
2005,6,30,11,3,1042,38.37,15,.359851,2,1,0,43.555122
2005,6,30,11,3,1042,40.37,15,.359851,2,1,0,43.555122
2005,6,30,11,3,1042,42.37,10,.359851,2,1,0,43.555122
2005,6,30,11,3,1042,180.3,32.6,.359851,2,0,0,180.3
2005,6,30,12,3,1042,0,300,.359851,2,1,0,0
2005,6,30,12,3,1042,36.37,20,.359851,2,1,0,43.555122
2005,6,30,12,3,1042,38.37,15,.359851,2,1,0,43.555122
2005,6,30,12,3,1042,40.37,15,.359851,2,1,0,43.555122
2005,6,30,12,3,1042,42.37,10,.359851,2,1,0,43.555122
2005,6,30,12,3,1042,180.3,32.6,.359851,2,0,0,180.3
2005,6,30,13,3,1042,0,300,.359851,2,1,0,0
2005,6,30,13,3,1042,36.37,20,.359851,2,1,0,43.555122
2005,6,30,13,3,1042,38.37,15,.359851,2,1,0,43.555122
2005,6,30,13,3,1042,40.37,15,.359851,2,1,0,43.555122
2005,6,30,13,3,1042,42.37,10,.359851,2,1,0,43.555122
2005,6,30,13,3,1042,180.3,32.6,.359851,2,0,0,180.3
2005,6,30,14,3,1042,0,300,.359851,2,1,0,0
2005,6,30,14,3,1042,36.37,20,.359851,2,1,0,43.555122
2005,6,30,14,3,1042,38.37,15,.359851,2,1,0,43.555122
2005,6,30,14,3,1042,40.37,15,.359851,2,1,0,43.555122
2005,6,30,14,3,1042,42.37,10,.359851,2,1,0,43.555122
2005,6,30,14,3,1042,180.3,32.6,.359851,2,0,0,180.3
2005,6,30,15,3,1042,0,300,.359851,2,1,0,0
2005,6,30,15,3,1042,36.37,20,.359851,2,1,0,43.555122
2005,6,30,15,3,1042,38.37,15,.359851,2,1,0,43.555122
2005,6,30,15,3,1042,40.37,15,.359851,2,1,0,43.555122
2005,6,30,15,3,1042,42.37,10,.359851,2,1,0,43.555122
2005,6,30,15,3,1042,180.3,32.6,.359851,2,0,0,180.3
2005,6,30,16,3,1042,0,300,.359851,2,1,0,0
2005,6,30,16,3,1042,36.37,20,.359851,2,1,0,43.555122
2005,6,30,16,3,1042,38.37,15,.359851,2,1,0,43.555122
2005,6,30,16,3,1042,40.37,15,.359851,2,1,0,43.555122
2005,6,30,16,3,1042,42.37,10,.359851,2,1,0,43.555122
2005,6,30,16,3,1042,180.3,32.6,.359851,2,0,0,180.3
2005,6,30,17,3,1042,0,300,.359851,2,1,0,0
2005,6,30,17,3,1042,36.37,20,.359851,2,1,0,43.555122
2005,6,30,17,3,1042,38.37,15,.359851,2,1,0,43.555122
2005,6,30,17,3,1042,40.37,15,.359851,2,1,0,43.555122
2005,6,30,17,3,1042,42.37,10,.359851,2,1,0,43.555122
2005,6,30,17,3,1042,180.3,32.6,.359851,2,0,0,180.3
2005,6,30,18,3,1042,0,300,.359851,2,1,0,0
2005,6,30,18,3,1042,36.37,20,.359851,2,1,0,43.555122
2005,6,30,18,3,1042,38.37,15,.359851,2,1,0,43.555122
2005,6,30,18,3,1042,40.37,15,.359851,2,1,0,43.555122
2005,6,30,18,3,1042,42.37,10,.359851,2,1,0,43.555122
2005,6,30,18,3,1042,180.3,32.6,.359851,2,0,0,180.3
2005,6,30,19,3,1042,0,300,.359851,2,1,0,0
2005,6,30,19,3,1042,36.37,20,.359851,2,1,0,43.555122
2005,6,30,19,3,1042,38.37,15,.359851,2,1,0,43.555122
2005,6,30,19,3,1042,40.37,15,.359851,2,1,0,43.555122
2005,6,30,19,3,1042,42.37,10,.359851,2,1,0,43.555122
2005,6,30,19,3,1042,180.3,32.6,.359851,2,0,0,180.3
2005,6,30,20,3,1042,0,300,.359851,2,1,0,0
2005,6,30,20,3,1042,36.37,20,.359851,2,1,0,43.555122
2005,6,30,20,3,1042,38.37,15,.359851,2,1,0,43.555122
2005,6,30,20,3,1042,40.37,15,.359851,2,1,0,43.555122
2005,6,30,20,3,1042,42.37,10,.359851,2,1,0,43.555122
2005,6,30,20,3,1042,180.3,32.6,.359851,2,0,0,180.3
2005,6,30,21,3,1042,0,300,.359851,2,1,0,0
2005,6,30,21,3,1042,36.37,20,.359851,2,1,0,43.555122
2005,6,30,21,3,1042,38.37,15,.359851,2,1,0,43.555122
2005,6,30,21,3,1042,40.37,15,.359851,2,1,0,43.555122
2005,6,30,21,3,1042,42.37,10,.359851,2,1,0,43.555122
2005,6,30,21,3,1042,180.3,32.6,.359851,2,0,0,180.3
2005,6,30,22,3,1042,0,300,.359851,2,1,0,0
2005,6,30,22,3,1042,36.37,20,.359851,2,1,0,43.555122
2005,6,30,22,3,1042,38.37,15,.359851,2,1,0,43.555122
2005,6,30,22,3,1042,40.37,15,.359851,2,1,0,43.555122
2005,6,30,22,3,1042,42.37,10,.359851,2,1,0,43.555122
2005,6,30,22,3,1042,180.3,32.6,.359851,2,0,0,180.3
2005,6,30,23,3,1042,0,300,.359851,2,1,0,0
2005,6,30,23,3,1042,36.37,20,.359851,2,1,0,43.555122
2005,6,30,23,3,1042,38.37,15,.359851,2,1,0,43.555122
2005,6,30,23,3,1042,40.37,15,.359851,2,1,0,43.555122
2005,6,30,23,3,1042,42.37,10,.359851,2,1,0,43.555122
2005,6,30,23,3,1042,180.3,32.6,.359851,2,0,0,180.3
2005,6,30,24,3,1042,0,250,.359851,2,1,0,0
2005,6,30,24,3,1042,36.37,50,.359851,2,1,0,43.555122
2005,6,30,24,3,1042,38.37,20,.359851,2,1,0,43.555122
2005,6,30,24,3,1042,40.37,20,.359851,2,1,0,43.555122
2005,6,30,24,3,1042,42.37,20,.359851,2,1,0,43.555122
2005,6,30,24,3,1042,180.3,32.6,.359851,2,0,0,180.3
2005,6,30,1,9,1043,0,230,.359851,2,1,0,0
2005,6,30,1,9,1043,35.93,50,.359851,2,1,0,43.555122
2005,6,30,1,9,1043,37.53,50,.359851,2,1,0,43.555122
2005,6,30,1,9,1043,39.13,20,.359851,2,1,0,43.555122
2005,6,30,1,9,1043,53.65,28.9,.359851,2,0,0,43.555122
2005,6,30,2,9,1043,0,230,.359851,2,1,0,0
2005,6,30,2,9,1043,35.93,50,.359851,2,1,0,43.555122
2005,6,30,2,9,1043,37.53,50,.359851,2,1,0,43.555122
2005,6,30,2,9,1043,39.13,20,.359851,2,1,0,43.555122
2005,6,30,2,9,1043,53.65,28.9,.359851,2,0,0,43.555122
2005,6,30,3,9,1043,0,230,.359851,2,1,0,0
2005,6,30,3,9,1043,35.93,50,.359851,2,1,0,43.555122
2005,6,30,3,9,1043,37.53,50,.359851,2,1,0,43.555122
2005,6,30,3,9,1043,39.13,20,.359851,2,1,0,43.555122
2005,6,30,3,9,1043,53.65,28.9,.359851,2,0,0,43.555122
2005,6,30,4,9,1043,0,230,.359851,2,1,0,0
2005,6,30,4,9,1043,35.93,50,.359851,2,1,0,43.555122
2005,6,30,4,9,1043,37.53,50,.359851,2,1,0,43.555122
2005,6,30,4,9,1043,39.13,20,.359851,2,0,0,43.555122
2005,6,30,4,9,1043,53.65,28.9,.359851,2,0,0,43.555122
2005,6,30,5,9,1043,0,230,.359851,2,1,0,0
2005,6,30,5,9,1043,35.93,50,.359851,2,1,0,43.555122
2005,6,30,5,9,1043,37.53,50,.359851,2,1,0,43.555122
2005,6,30,5,9,1043,39.13,20,.359851,2,0,0,43.555122
2005,6,30,5,9,1043,53.65,28.9,.359851,2,0,0,43.555122
2005,6,30,6,9,1043,0,230,.359851,2,1,0,0
2005,6,30,6,9,1043,35.93,50,.359851,2,1,0,43.555122
2005,6,30,6,9,1043,37.53,50,.359851,2,1,0,43.555122
2005,6,30,6,9,1043,39.13,20,.359851,2,1,0,43.555122
2005,6,30,6,9,1043,53.65,28.9,.359851,2,0,0,43.555122
2005,6,30,7,9,1043,0,230,.359851,2,1,0,0
2005,6,30,7,9,1043,35.93,50,.359851,2,1,0,43.555122
2005,6,30,7,9,1043,37.53,50,.359851,2,1,0,43.555122
2005,6,30,7,9,1043,39.13,20,.359851,2,1,0,43.555122
2005,6,30,7,9,1043,53.65,28.9,.359851,2,0,0,43.555122
2005,6,30,8,9,1043,0,230,.359851,2,1,0,0
2005,6,30,8,9,1043,35.93,50,.359851,2,1,0,43.555122
2005,6,30,8,9,1043,37.53,50,.359851,2,1,0,43.555122
2005,6,30,8,9,1043,39.13,20,.359851,2,1,0,43.555122
2005,6,30,8,9,1043,53.65,28.9,.359851,2,0,0,43.555122
2005,6,30,9,9,1043,0,230,.359851,2,1,0,0
2005,6,30,9,9,1043,35.93,50,.359851,2,1,0,43.555122
2005,6,30,9,9,1043,37.53,50,.359851,2,1,0,43.555122
2005,6,30,9,9,1043,39.13,20,.359851,2,1,0,43.555122
2005,6,30,9,9,1043,53.65,28.9,.359851,2,1,0,43.555122
2005,6,30,10,9,1043,0,230,.359851,2,1,0,0
2005,6,30,10,9,1043,35.93,50,.359851,2,1,0,43.555122
2005,6,30,10,9,1043,37.53,50,.359851,2,1,0,43.555122
2005,6,30,10,9,1043,39.13,20,.359851,2,1,0,43.555122
2005,6,30,10,9,1043,53.65,28.9,.359851,2,1,0,43.555122
2005,6,30,11,9,1043,0,230,.359851,2,1,0,0
2005,6,30,11,9,1043,35.93,50,.359851,2,1,0,43.555122
2005,6,30,11,9,1043,37.53,50,.359851,2,1,0,43.555122
2005,6,30,11,9,1043,39.13,20,.359851,2,1,0,43.555122
2005,6,30,11,9,1043,53.65,28.9,.359851,2,1,0,43.555122
2005,6,30,12,9,1043,0,230,.359851,2,1,0,0
2005,6,30,12,9,1043,35.93,50,.359851,2,1,0,43.555122
2005,6,30,12,9,1043,37.53,50,.359851,2,1,0,43.555122
2005,6,30,12,9,1043,39.13,20,.359851,2,1,0,43.555122
2005,6,30,12,9,1043,53.65,28.9,.359851,2,1,0,43.555122
2005,6,30,13,9,1043,0,230,.359851,2,1,0,0
2005,6,30,13,9,1043,35.93,50,.359851,2,1,0,43.555122
2005,6,30,13,9,1043,37.53,50,.359851,2,1,0,43.555122
2005,6,30,13,9,1043,39.13,20,.359851,2,1,0,43.555122
2005,6,30,13,9,1043,53.65,28.9,.359851,2,1,0,43.555122
2005,6,30,14,9,1043,0,230,.359851,2,1,0,0
2005,6,30,14,9,1043,35.93,50,.359851,2,1,0,43.555122
2005,6,30,14,9,1043,37.53,50,.359851,2,1,0,43.555122
2005,6,30,14,9,1043,39.13,20,.359851,2,1,0,43.555122
2005,6,30,14,9,1043,53.65,28.9,.359851,2,1,0,43.555122
2005,6,30,15,9,1043,0,230,.359851,2,1,0,0
2005,6,30,15,9,1043,35.93,50,.359851,2,1,0,43.555122
2005,6,30,15,9,1043,37.53,50,.359851,2,1,0,43.555122
2005,6,30,15,9,1043,39.13,20,.359851,2,1,0,43.555122
2005,6,30,15,9,1043,53.65,28.9,.359851,2,1,0,43.555122
2005,6,30,16,9,1043,0,230,.359851,2,1,0,0
2005,6,30,16,9,1043,35.93,50,.359851,2,1,0,43.555122
2005,6,30,16,9,1043,37.53,50,.359851,2,1,0,43.555122
2005,6,30,16,9,1043,39.13,20,.359851,2,1,0,43.555122
2005,6,30,16,9,1043,53.65,28.9,.359851,2,1,0,43.555122
2005,6,30,17,9,1043,0,230,.359851,2,1,0,0
2005,6,30,17,9,1043,35.93,50,.359851,2,1,0,43.555122
2005,6,30,17,9,1043,37.53,50,.359851,2,1,0,43.555122
2005,6,30,17,9,1043,39.13,20,.359851,2,1,0,43.555122
2005,6,30,17,9,1043,53.65,28.9,.359851,2,1,0,43.555122
2005,6,30,18,9,1043,0,230,.359851,2,1,0,0
2005,6,30,18,9,1043,35.93,50,.359851,2,1,0,43.555122
2005,6,30,18,9,1043,37.53,50,.359851,2,1,0,43.555122
2005,6,30,18,9,1043,39.13,20,.359851,2,1,0,43.555122
2005,6,30,18,9,1043,53.65,28.9,.359851,2,1,0,43.555122
2005,6,30,19,9,1043,0,230,.359851,2,1,0,0
2005,6,30,19,9,1043,35.93,50,.359851,2,1,0,43.555122
2005,6,30,19,9,1043,37.53,50,.359851,2,1,0,43.555122
2005,6,30,19,9,1043,39.13,20,.359851,2,1,0,43.555122
2005,6,30,19,9,1043,53.65,28.9,.359851,2,1,0,43.555122
2005,6,30,20,9,1043,0,230,.359851,2,1,0,0
2005,6,30,20,9,1043,35.93,50,.359851,2,1,0,43.555122
2005,6,30,20,9,1043,37.53,50,.359851,2,1,0,43.555122
2005,6,30,20,9,1043,39.13,20,.359851,2,1,0,43.555122
2005,6,30,20,9,1043,53.65,28.9,.359851,2,1,0,43.555122
2005,6,30,21,9,1043,0,230,.359851,2,1,0,0
2005,6,30,21,9,1043,35.93,50,.359851,2,1,0,43.555122
2005,6,30,21,9,1043,37.53,50,.359851,2,1,0,43.555122
2005,6,30,21,9,1043,39.13,20,.359851,2,1,0,43.555122
2005,6,30,21,9,1043,53.65,28.9,.359851,2,1,0,43.555122
2005,6,30,22,9,1043,0,230,.359851,2,1,0,0
2005,6,30,22,9,1043,35.93,50,.359851,2,1,0,43.555122
2005,6,30,22,9,1043,37.53,50,.359851,2,1,0,43.555122
2005,6,30,22,9,1043,39.13,20,.359851,2,1,0,43.555122
2005,6,30,22,9,1043,53.65,28.9,.359851,2,1,0,43.555122
2005,6,30,23,9,1043,0,230,.359851,2,1,0,0
2005,6,30,23,9,1043,35.93,50,.359851,2,1,0,43.555122
2005,6,30,23,9,1043,37.53,50,.359851,2,1,0,43.555122
2005,6,30,23,9,1043,39.13,20,.359851,2,1,0,43.555122
2005,6,30,23,9,1043,53.65,28.9,.359851,2,1,0,43.555122
2005,6,30,24,9,1043,0,230,.359851,2,1,0,0
2005,6,30,24,9,1043,35.93,50,.359851,2,1,0,43.555122
2005,6,30,24,9,1043,37.53,50,.359851,2,1,0,43.555122
2005,6,30,24,9,1043,39.13,20,.359851,2,1,0,43.555122
2005,6,30,24,9,1043,53.65,28.9,.359851,2,0,0,43.555122
2005,6,30,1,1,1046,122.57,532.4,.791988,2,0,0,122.57
2005,6,30,2,1,1046,122.57,532.4,.791988,2,0,0,122.57
2005,6,30,3,1,1046,122.57,532.4,.791988,2,0,0,122.57
2005,6,30,4,1,1046,122.57,532.4,.791988,2,0,0,122.57
2005,6,30,5,1,1046,122.57,532.4,.791988,2,0,0,122.57
2005,6,30,6,1,1046,122.57,532.4,.791988,2,0,0,122.57
2005,6,30,7,1,1046,122.57,532.4,.791988,2,0,0,122.57
2005,6,30,8,1,1046,122.57,532.4,.791988,2,0,0,122.57
2005,6,30,9,1,1046,122.57,532.4,.791988,2,0,0,122.57
2005,6,30,10,1,1046,122.57,532.4,.791988,2,0,0,122.57
2005,6,30,11,1,1046,122.57,532.4,.791988,2,0,0,122.57
2005,6,30,12,1,1046,122.57,532.4,.791988,2,0,0,122.57
2005,6,30,13,1,1046,122.57,532.4,.791988,2,0,0,122.57
2005,6,30,14,1,1046,122.57,532.4,.791988,2,0,0,122.57
2005,6,30,15,1,1046,122.57,532.4,.791988,2,0,0,122.57
2005,6,30,16,1,1046,122.57,532.4,.791988,2,0,0,122.57
2005,6,30,17,1,1046,122.57,532.4,.791988,2,0,0,122.57
2005,6,30,18,1,1046,122.57,532.4,.791988,2,0,0,122.57
2005,6,30,19,1,1046,122.57,532.4,.791988,2,0,0,122.57
2005,6,30,20,1,1046,122.57,532.4,.791988,2,0,0,122.57
2005,6,30,21,1,1046,122.57,532.4,.791988,2,0,0,122.57
2005,6,30,22,1,1046,122.57,532.4,.791988,2,0,0,122.57
2005,6,30,23,1,1046,122.57,532.4,.791988,2,0,0,122.57
2005,6,30,24,1,1046,122.57,532.4,.791988,2,0,0,122.57
2005,6,30,1,1,1047,0,225,.360098,2,1,0,0
2005,6,30,1,1,1047,35.81,50,.360098,2,1,0,41.248957
2005,6,30,1,1,1047,37.41,50,.360098,2,1,0,41.248957
2005,6,30,1,1,1047,39.01,35,.360098,2,1,0,41.248957
2005,6,30,1,1,1047,53.52,29.7,.360098,2,0,0,41.248957
2005,6,30,2,1,1047,0,225,.360098,2,1,0,0
2005,6,30,2,1,1047,35.81,50,.360098,2,1,0,41.248957
2005,6,30,2,1,1047,37.41,50,.360098,2,1,0,41.248957
2005,6,30,2,1,1047,39.01,35,.360098,2,1,0,41.248957
2005,6,30,2,1,1047,53.52,29.7,.360098,2,0,0,41.248957
2005,6,30,3,1,1047,0,225,.360098,2,1,0,0
2005,6,30,3,1,1047,35.81,50,.360098,2,1,0,41.248957
2005,6,30,3,1,1047,37.41,50,.360098,2,1,0,41.248957
2005,6,30,3,1,1047,39.01,35,.360098,2,1,0,41.248957
2005,6,30,3,1,1047,53.52,29.7,.360098,2,0,0,41.248957
2005,6,30,4,1,1047,0,225,.360098,2,1,0,0
2005,6,30,4,1,1047,35.81,50,.360098,2,1,0,41.248957
2005,6,30,4,1,1047,37.41,50,.360098,2,1,0,41.248957
2005,6,30,4,1,1047,39.01,35,.360098,2,0,0,41.248957
2005,6,30,4,1,1047,53.52,29.7,.360098,2,0,0,41.248957
2005,6,30,5,1,1047,0,225,.360098,2,1,0,0
2005,6,30,5,1,1047,35.81,50,.360098,2,1,0,41.248957
2005,6,30,5,1,1047,37.41,50,.360098,2,1,0,41.248957
2005,6,30,5,1,1047,39.01,35,.360098,2,0,0,41.248957
2005,6,30,5,1,1047,53.52,29.7,.360098,2,0,0,41.248957
2005,6,30,6,1,1047,0,225,.360098,2,1,0,0
2005,6,30,6,1,1047,35.81,50,.360098,2,1,0,41.248957
2005,6,30,6,1,1047,37.41,50,.360098,2,1,0,41.248957
2005,6,30,6,1,1047,39.01,35,.360098,2,1,0,41.248957
2005,6,30,6,1,1047,53.52,29.7,.360098,2,0,0,41.248957
2005,6,30,7,1,1047,0,225,.360098,2,1,0,0
2005,6,30,7,1,1047,35.81,50,.360098,2,1,0,41.248957
2005,6,30,7,1,1047,37.41,50,.360098,2,1,0,41.248957
2005,6,30,7,1,1047,39.01,35,.360098,2,1,0,41.248957
2005,6,30,7,1,1047,53.52,29.7,.360098,2,0,0,41.248957
2005,6,30,8,1,1047,0,225,.360098,2,1,0,0
2005,6,30,8,1,1047,35.81,50,.360098,2,1,0,41.248957
2005,6,30,8,1,1047,37.41,50,.360098,2,1,0,41.248957
2005,6,30,8,1,1047,39.01,35,.360098,2,1,0,41.248957
2005,6,30,8,1,1047,53.52,29.7,.360098,2,0,0,41.248957
2005,6,30,9,1,1047,0,225,.360098,2,1,0,0
2005,6,30,9,1,1047,35.81,50,.360098,2,1,0,41.248957
2005,6,30,9,1,1047,37.41,50,.360098,2,1,0,41.248957
2005,6,30,9,1,1047,39.01,35,.360098,2,1,0,41.248957
2005,6,30,9,1,1047,53.52,29.7,.360098,2,1,0,41.248957
2005,6,30,10,1,1047,0,225,.360098,2,1,0,0
2005,6,30,10,1,1047,35.81,50,.360098,2,1,0,41.248957
2005,6,30,10,1,1047,37.41,50,.360098,2,1,0,41.248957
2005,6,30,10,1,1047,39.01,35,.360098,2,1,0,41.248957
2005,6,30,10,1,1047,53.52,29.7,.360098,2,1,0,41.248957
2005,6,30,11,1,1047,0,225,.360098,2,1,0,0
2005,6,30,11,1,1047,35.81,50,.360098,2,1,0,41.248957
2005,6,30,11,1,1047,37.41,50,.360098,2,1,0,41.248957
2005,6,30,11,1,1047,39.01,35,.360098,2,1,0,41.248957
2005,6,30,11,1,1047,53.52,29.7,.360098,2,1,0,41.248957
2005,6,30,12,1,1047,0,225,.360098,2,1,0,0
2005,6,30,12,1,1047,35.81,50,.360098,2,1,0,41.248957
2005,6,30,12,1,1047,37.41,50,.360098,2,1,0,41.248957
2005,6,30,12,1,1047,39.01,35,.360098,2,1,0,41.248957
2005,6,30,12,1,1047,53.52,29.7,.360098,2,1,0,41.248957
2005,6,30,13,1,1047,0,225,.360098,2,1,0,0
2005,6,30,13,1,1047,35.81,50,.360098,2,1,0,41.248957
2005,6,30,13,1,1047,37.41,50,.360098,2,1,0,41.248957
2005,6,30,13,1,1047,39.01,35,.360098,2,1,0,41.248957
2005,6,30,13,1,1047,53.52,29.7,.360098,2,1,0,41.248957
2005,6,30,14,1,1047,0,225,.360098,2,1,0,0
2005,6,30,14,1,1047,35.81,50,.360098,2,1,0,41.248957
2005,6,30,14,1,1047,37.41,50,.360098,2,1,0,41.248957
2005,6,30,14,1,1047,39.01,35,.360098,2,1,0,41.248957
2005,6,30,14,1,1047,53.52,29.7,.360098,2,1,0,41.248957
2005,6,30,15,1,1047,0,225,.360098,2,1,0,0
2005,6,30,15,1,1047,35.81,50,.360098,2,1,0,41.248957
2005,6,30,15,1,1047,37.41,50,.360098,2,1,0,41.248957
2005,6,30,15,1,1047,39.01,35,.360098,2,1,0,41.248957
2005,6,30,15,1,1047,53.52,29.7,.360098,2,1,0,41.248957
2005,6,30,16,1,1047,0,225,.360098,2,1,0,0
2005,6,30,16,1,1047,35.81,50,.360098,2,1,0,41.248957
2005,6,30,16,1,1047,37.41,50,.360098,2,1,0,41.248957
2005,6,30,16,1,1047,39.01,35,.360098,2,1,0,41.248957
2005,6,30,16,1,1047,53.52,29.7,.360098,2,1,0,41.248957
2005,6,30,17,1,1047,0,225,.360098,2,1,0,0
2005,6,30,17,1,1047,35.81,50,.360098,2,1,0,41.248957
2005,6,30,17,1,1047,37.41,50,.360098,2,1,0,41.248957
2005,6,30,17,1,1047,39.01,35,.360098,2,1,0,41.248957
2005,6,30,17,1,1047,53.52,29.7,.360098,2,1,0,41.248957
2005,6,30,18,1,1047,0,225,.360098,2,1,0,0
2005,6,30,18,1,1047,35.81,50,.360098,2,1,0,41.248957
2005,6,30,18,1,1047,37.41,50,.360098,2,1,0,41.248957
2005,6,30,18,1,1047,39.01,35,.360098,2,1,0,41.248957
2005,6,30,18,1,1047,53.52,29.7,.360098,2,1,0,41.248957
2005,6,30,19,1,1047,0,225,.360098,2,1,0,0
2005,6,30,19,1,1047,35.81,50,.360098,2,1,0,41.248957
2005,6,30,19,1,1047,37.41,50,.360098,2,1,0,41.248957
2005,6,30,19,1,1047,39.01,35,.360098,2,1,0,41.248957
2005,6,30,19,1,1047,53.52,29.7,.360098,2,1,0,41.248957
2005,6,30,20,1,1047,0,225,.360098,2,1,0,0
2005,6,30,20,1,1047,35.81,50,.360098,2,1,0,41.248957
2005,6,30,20,1,1047,37.41,50,.360098,2,1,0,41.248957
2005,6,30,20,1,1047,39.01,35,.360098,2,1,0,41.248957
2005,6,30,20,1,1047,53.52,29.7,.360098,2,1,0,41.248957
2005,6,30,21,1,1047,0,225,.360098,2,1,0,0
2005,6,30,21,1,1047,35.81,50,.360098,2,1,0,41.248957
2005,6,30,21,1,1047,37.41,50,.360098,2,1,0,41.248957
2005,6,30,21,1,1047,39.01,35,.360098,2,1,0,41.248957
2005,6,30,21,1,1047,53.52,29.7,.360098,2,1,0,41.248957
2005,6,30,22,1,1047,0,225,.360098,2,1,0,0
2005,6,30,22,1,1047,35.81,50,.360098,2,1,0,41.248957
2005,6,30,22,1,1047,37.41,50,.360098,2,1,0,41.248957
2005,6,30,22,1,1047,39.01,35,.360098,2,1,0,41.248957
2005,6,30,22,1,1047,53.52,29.7,.360098,2,1,0,41.248957
2005,6,30,23,1,1047,0,225,.360098,2,1,0,0
2005,6,30,23,1,1047,35.81,50,.360098,2,1,0,41.248957
2005,6,30,23,1,1047,37.41,50,.360098,2,1,0,41.248957
2005,6,30,23,1,1047,39.01,35,.360098,2,1,0,41.248957
2005,6,30,23,1,1047,53.52,29.7,.360098,2,1,0,41.248957
2005,6,30,24,1,1047,0,225,.360098,2,1,0,0
2005,6,30,24,1,1047,35.81,50,.360098,2,1,0,41.248957
2005,6,30,24,1,1047,37.41,50,.360098,2,1,0,41.248957
2005,6,30,24,1,1047,39.01,35,.360098,2,1,0,41.248957
2005,6,30,24,1,1047,53.52,29.7,.360098,2,0,0,41.248957
2005,6,30,1,9,71,14.31,249.9,0,2,1,0,14.31
2005,6,30,2,9,71,14.31,209.9,0,2,1,0,14.31
2005,6,30,3,9,71,14.31,209.9,0,2,1,0,14.31
2005,6,30,4,9,71,14.31,209.9,0,2,1,0,14.31
2005,6,30,5,9,71,14.31,109.9,0,2,1,0,14.31
2005,6,30,6,9,71,14.31,109.9,0,2,1,0,14.31
2005,6,30,7,9,71,14.31,500,0,2,1,0,14.31
2005,6,30,8,9,71,14.31,500,0,2,1,0,14.31
2005,6,30,9,9,71,14.31,500,0,2,1,0,14.31
2005,6,30,10,9,71,14.31,500,0,2,1,0,14.31
2005,6,30,11,9,71,14.31,500,0,2,1,0,14.31
2005,6,30,12,9,71,14.31,500,0,2,1,0,14.31
2005,6,30,13,9,71,14.31,500,0,2,1,0,14.31
2005,6,30,14,9,71,14.31,500,0,2,1,0,14.31
2005,6,30,15,9,71,14.31,500,0,2,1,0,14.31
2005,6,30,16,9,71,14.31,500,0,2,1,0,14.31
2005,6,30,17,9,71,14.31,454.2,0,2,1,0,14.31
2005,6,30,18,9,71,14.31,425,0,2,1,0,14.31
2005,6,30,19,9,71,14.31,425,0,2,1,0,14.31
2005,6,30,20,9,71,14.31,425,0,2,1,0,14.31
2005,6,30,21,9,71,14.31,125,0,2,1,0,14.31
2005,6,30,22,9,71,14.31,125,0,2,1,0,14.31
2005,6,30,23,9,71,14.31,125,0,2,1,0,14.31
2005,6,30,24,9,71,14.31,157,0,2,1,0,14.31
2005,6,30,1,9,72,180.3,.2,0,1,1,0,180.3
2005,6,30,2,9,72,180.3,.2,0,1,1,0,180.3
2005,6,30,3,9,72,180.3,.2,0,1,1,0,180.3
2005,6,30,4,9,72,180.3,.2,0,1,1,0,180.3
2005,6,30,5,9,72,180.3,.2,0,1,1,0,180.3
2005,6,30,6,9,72,180.3,.2,0,1,1,0,180.3
2005,6,30,7,9,72,180.3,.2,0,1,1,0,180.3
2005,6,30,8,9,72,180.3,.2,0,1,1,0,180.3
2005,6,30,9,9,72,180.3,.2,0,1,1,0,180.3
2005,6,30,10,9,72,180.3,.2,0,1,1,0,180.3
2005,6,30,11,9,72,180.3,.2,0,1,1,0,180.3
2005,6,30,12,9,72,180.3,.2,0,1,1,0,180.3
2005,6,30,13,9,72,180.3,.2,0,1,1,0,180.3
2005,6,30,14,9,72,180.3,.2,0,1,1,0,180.3
2005,6,30,15,9,72,180.3,.2,0,1,1,0,180.3
2005,6,30,16,9,72,180.3,.2,0,1,1,0,180.3
2005,6,30,17,9,72,180.3,.2,0,1,1,0,180.3
2005,6,30,18,9,72,180.3,.2,0,1,1,0,180.3
2005,6,30,19,9,72,180.3,.2,0,1,1,0,180.3
2005,6,30,20,9,72,180.3,.2,0,1,1,0,180.3
2005,6,30,21,9,72,180.3,.2,0,1,1,0,180.3
2005,6,30,22,9,72,180.3,.2,0,1,1,0,180.3
2005,6,30,23,9,72,180.3,.2,0,1,1,0,180.3
2005,6,30,24,9,72,180.3,.2,0,1,1,0,180.3
2005,6,30,1,9,73,0,4.9,0,2,1,0,0
2005,6,30,2,9,73,0,2.5,0,2,1,0,0
2005,6,30,3,9,73,0,.9,0,2,1,0,0
2005,6,30,4,9,73,0,.3,0,2,1,0,0
2005,6,30,5,9,73,0,.1,0,2,1,0,0
2005,6,30,6,9,73,0,.1,0,2,1,0,0
2005,6,30,7,9,73,0,.1,0,2,1,0,0
2005,6,30,8,9,73,0,.5,0,2,1,0,0
2005,6,30,9,9,73,0,.9,0,2,1,0,0
2005,6,30,10,9,73,0,1.4,0,2,1,0,0
2005,6,30,11,9,73,0,1.9,0,2,1,0,0
2005,6,30,12,9,73,0,2.4,0,2,1,0,0
2005,6,30,13,9,73,0,4.1,0,2,1,0,0
2005,6,30,14,9,73,0,7,0,2,1,0,0
2005,6,30,15,9,73,0,11.6,0,2,1,0,0
2005,6,30,16,9,73,0,17,0,2,1,0,0
2005,6,30,17,9,73,0,23.7,0,2,1,0,0
2005,6,30,18,9,73,0,31.6,0,2,1,0,0
2005,6,30,19,9,73,0,37.9,0,2,1,0,0
2005,6,30,20,9,73,0,42.5,0,2,1,0,0
2005,6,30,21,9,73,0,45.5,0,2,1,0,0
2005,6,30,22,9,73,0,46.8,0,2,1,0,0
2005,6,30,23,9,73,0,46.5,0,2,1,0,0
2005,6,30,24,9,73,0,44.5,0,2,1,0,0
2005,6,30,1,8,74,0,37.5,0,2,1,0,0
2005,6,30,2,8,74,0,33.9,0,2,1,0,0
2005,6,30,3,8,74,0,30.6,0,2,1,0,0
2005,6,30,4,8,74,0,26.9,0,2,1,0,0
2005,6,30,5,8,74,0,22.9,0,2,1,0,0
2005,6,30,6,8,74,0,18.2,0,2,1,0,0
2005,6,30,7,8,74,0,14.1,0,2,1,0,0
2005,6,30,8,8,74,0,10.6,0,2,1,0,0
2005,6,30,9,8,74,0,8.8,0,2,1,0,0
2005,6,30,10,8,74,0,7.7,0,2,1,0,0
2005,6,30,11,8,74,0,6.5,0,2,1,0,0
2005,6,30,12,8,74,0,5.2,0,2,1,0,0
2005,6,30,13,8,74,0,5.5,0,2,1,0,0
2005,6,30,14,8,74,0,5.8,0,2,1,0,0
2005,6,30,15,8,74,0,6.9,0,2,1,0,0
2005,6,30,16,8,74,0,9.3,0,2,1,0,0
2005,6,30,17,8,74,0,12.4,0,2,1,0,0
2005,6,30,18,8,74,0,16.2,0,2,1,0,0
2005,6,30,19,8,74,0,19.4,0,2,1,0,0
2005,6,30,20,8,74,0,21.8,0,2,1,0,0
2005,6,30,21,8,74,0,23.6,0,2,1,0,0
2005,6,30,22,8,74,0,24.6,0,2,1,0,0
2005,6,30,23,8,74,0,24.9,0,2,1,0,0
2005,6,30,24,8,74,0,24.6,0,2,1,0,0
2005,6,30,1,9,75,0,698.1,0,2,1,0,0
2005,6,30,2,9,75,0,640.5,0,2,1,0,0
2005,6,30,3,9,75,0,586.3,0,2,1,0,0
2005,6,30,4,9,75,0,531.8,0,2,1,0,0
2005,6,30,5,9,75,0,480.1,0,2,1,0,0
2005,6,30,6,9,75,0,431.9,0,2,1,0,0
2005,6,30,7,9,75,0,387.5,0,2,1,0,0
2005,6,30,8,9,75,0,352.1,0,2,1,0,0
2005,6,30,9,9,75,0,334.2,0,2,1,0,0
2005,6,30,10,9,75,0,310.7,0,2,1,0,0
2005,6,30,11,9,75,0,297.9,0,2,1,0,0
2005,6,30,12,9,75,0,300.3,0,2,1,0,0
2005,6,30,13,9,75,0,309.2,0,2,1,0,0
2005,6,30,14,9,75,0,326.8,0,2,1,0,0
2005,6,30,15,9,75,0,362.6,0,2,1,0,0
2005,6,30,16,9,75,0,423.4,0,2,1,0,0
2005,6,30,17,9,75,0,502.9,0,2,1,0,0
2005,6,30,18,9,75,0,599.9,0,2,1,0,0
2005,6,30,19,9,75,0,674,0,2,1,0,0
2005,6,30,20,9,75,0,710.5,0,2,1,0,0
2005,6,30,21,9,75,0,744,0,2,1,0,0
2005,6,30,22,9,75,0,744.6,0,2,1,0,0
2005,6,30,23,9,75,0,738.1,0,2,1,0,0
2005,6,30,24,9,75,0,719.2,0,2,1,0,0
2005,6,30,1,9,76,180.3,28.5,0,1,1,0,180.3
2005,6,30,2,9,76,180.3,26.9,0,1,1,0,180.3
2005,6,30,3,9,76,180.3,27.6,0,1,1,0,180.3
2005,6,30,4,9,76,180.3,27.1,0,1,1,0,180.3
2005,6,30,5,9,76,180.3,27.9,0,1,1,0,180.3
2005,6,30,6,9,76,180.3,29.2,0,1,1,0,180.3
2005,6,30,7,9,76,180.3,34.7,0,1,1,0,180.3
2005,6,30,8,9,76,180.3,36.4,0,1,1,0,180.3
2005,6,30,9,9,76,180.3,36.6,0,1,1,0,180.3
2005,6,30,10,9,76,180.3,35.2,0,1,1,0,180.3
2005,6,30,11,9,76,180.3,33.5,0,1,1,0,180.3
2005,6,30,12,9,76,180.3,33.4,0,1,1,0,180.3
2005,6,30,13,9,76,180.3,32.9,0,1,1,0,180.3
2005,6,30,14,9,76,180.3,33.7,0,1,1,0,180.3
2005,6,30,15,9,76,180.3,32.1,0,1,1,0,180.3
2005,6,30,16,9,76,180.3,32.4,0,1,1,0,180.3
2005,6,30,17,9,76,180.3,33.3,0,1,1,0,180.3
2005,6,30,18,9,76,180.3,33.3,0,1,1,0,180.3
2005,6,30,19,9,76,180.3,33.4,0,1,1,0,180.3
2005,6,30,20,9,76,180.3,33.2,0,1,1,0,180.3
2005,6,30,21,9,76,180.3,32.6,0,1,1,0,180.3
2005,6,30,22,9,76,180.3,31.1,0,1,1,0,180.3
2005,6,30,23,9,76,180.3,31.7,0,1,1,0,180.3
2005,6,30,24,9,76,180.3,32.7,0,1,1,0,180.3
2005,6,30,1,1,77,30.01,200,0,1,0,1,30.01
2005,6,30,1,1,77,32.35,138,0,1,0,1,32.35
2005,6,30,1,1,77,47.07,138,0,1,0,1,47.07
2005,6,30,1,1,77,48.03,9.2,0,1,1,0,48.03
2005,6,30,1,1,77,49.03,138,0,1,1,0,49.03
2005,6,30,2,1,77,30.01,200,0,1,0,1,30.01
2005,6,30,2,1,77,32.35,138,0,1,0,1,32.35
2005,6,30,2,1,77,47.07,138,0,1,1,0,47.07
2005,6,30,2,1,77,48.03,138,0,1,1,0,48.03
2005,6,30,2,1,77,49.03,138,0,1,1,0,49.03
2005,6,30,3,1,77,30.01,200,0,1,0,1,30.01
2005,6,30,3,1,77,32.35,138,0,1,0,1,32.35
2005,6,30,3,1,77,47.07,138,0,1,1,0,47.07
2005,6,30,3,1,77,48.03,138,0,1,1,0,48.03
2005,6,30,3,1,77,49.03,138,0,1,1,0,49.03
2005,6,30,4,1,77,30.01,200,0,1,0,1,30.01
2005,6,30,4,1,77,32.35,138,0,1,0,1,32.35
2005,6,30,4,1,77,47.07,138,0,1,1,0,47.07
2005,6,30,4,1,77,48.03,138,0,1,1,0,48.03
2005,6,30,4,1,77,49.03,138,0,1,1,0,49.03
2005,6,30,5,1,77,30.01,200,0,1,0,1,30.01
2005,6,30,5,1,77,32.35,138,0,1,0,1,32.35
2005,6,30,5,1,77,47.07,138,0,1,1,0,47.07
2005,6,30,5,1,77,48.03,138,0,1,1,0,48.03
2005,6,30,5,1,77,49.03,138,0,1,1,0,49.03
2005,6,30,6,1,77,30.01,200,0,1,0,1,30.01
2005,6,30,6,1,77,32.35,138,0,1,0,1,32.35
2005,6,30,6,1,77,47.07,138,0,1,1,0,47.07
2005,6,30,6,1,77,48.03,138,0,1,1,0,48.03
2005,6,30,6,1,77,49.03,138,0,1,1,0,49.03
2005,6,30,7,1,77,30.01,200,0,1,0,1,30.01
2005,6,30,7,1,77,32.35,138,0,1,0,1,32.35
2005,6,30,7,1,77,47.07,138,0,1,1,0,47.07
2005,6,30,7,1,77,48.03,138,0,1,1,0,48.03
2005,6,30,7,1,77,49.03,138,0,1,1,0,49.03
2005,6,30,8,1,77,30.01,200,0,1,0,1,30.01
2005,6,30,8,1,77,32.35,138,0,1,0,1,32.35
2005,6,30,8,1,77,47.07,138,0,1,0,1,47.07
2005,6,30,8,1,77,48.03,138,0,1,0,1,48.03
2005,6,30,8,1,77,49.03,138,0,1,1,0,49.03
2005,6,30,9,1,77,30.01,200,0,1,0,1,30.01
2005,6,30,9,1,77,32.35,138,0,1,0,1,32.35
2005,6,30,9,1,77,47.07,138,0,1,0,1,47.07
2005,6,30,9,1,77,48.03,138,0,1,0,1,48.03
2005,6,30,9,1,77,49.03,138,0,1,0,1,49.03
2005,6,30,10,1,77,30.01,200,0,1,0,1,30.01
2005,6,30,10,1,77,32.35,138,0,1,0,1,32.35
2005,6,30,10,1,77,47.07,138,0,1,0,1,47.07
2005,6,30,10,1,77,48.03,138,0,1,0,1,48.03
2005,6,30,10,1,77,49.03,138,0,1,0,1,49.03
2005,6,30,11,1,77,30.01,200,0,1,0,1,30.01
2005,6,30,11,1,77,32.35,138,0,1,0,1,32.35
2005,6,30,11,1,77,47.07,138,0,1,0,1,47.07
2005,6,30,11,1,77,48.03,138,0,1,0,1,48.03
2005,6,30,11,1,77,49.03,138,0,1,0,1,49.03
2005,6,30,12,1,77,30.01,200,0,1,0,1,30.01
2005,6,30,12,1,77,32.35,138,0,1,0,1,32.35
2005,6,30,12,1,77,47.07,138,0,1,0,1,47.07
2005,6,30,12,1,77,48.03,138,0,1,0,1,48.03
2005,6,30,12,1,77,49.03,138,0,1,0,1,49.03
2005,6,30,13,1,77,30.01,200,0,1,0,1,30.01
2005,6,30,13,1,77,32.35,138,0,1,0,1,32.35
2005,6,30,13,1,77,47.07,138,0,1,0,1,47.07
2005,6,30,13,1,77,48.03,138,0,1,0,1,48.03
2005,6,30,13,1,77,49.03,138,0,1,0,1,49.03
2005,6,30,14,1,77,30.01,200,0,1,0,1,30.01
2005,6,30,14,1,77,32.35,138,0,1,0,1,32.35
2005,6,30,14,1,77,47.07,138,0,1,0,1,47.07
2005,6,30,14,1,77,48.03,138,0,1,0,1,48.03
2005,6,30,14,1,77,49.03,138,0,1,0,1,49.03
2005,6,30,15,1,77,30.01,200,0,1,0,1,30.01
2005,6,30,15,1,77,32.35,138,0,1,0,1,32.35
2005,6,30,15,1,77,47.07,138,0,1,0,1,47.07
2005,6,30,15,1,77,48.03,138,0,1,0,1,48.03
2005,6,30,15,1,77,49.03,138,0,1,0,1,49.03
2005,6,30,16,1,77,30.01,200,0,1,0,1,30.01
2005,6,30,16,1,77,32.35,138,0,1,0,1,32.35
2005,6,30,16,1,77,47.07,138,0,1,0,1,47.07
2005,6,30,16,1,77,48.03,138,0,1,0,1,48.03
2005,6,30,16,1,77,49.03,138,0,1,0,1,49.03
2005,6,30,17,1,77,30.01,200,0,1,0,1,30.01
2005,6,30,17,1,77,32.35,138,0,1,0,1,32.35
2005,6,30,17,1,77,47.07,138,0,1,0,1,47.07
2005,6,30,17,1,77,48.03,138,0,1,0,1,48.03
2005,6,30,17,1,77,49.03,138,0,1,0,1,49.03
2005,6,30,18,1,77,30.01,200,0,1,0,1,30.01
2005,6,30,18,1,77,32.35,138,0,1,0,1,32.35
2005,6,30,18,1,77,47.07,138,0,1,0,1,47.07
2005,6,30,18,1,77,48.03,138,0,1,0,1,48.03
2005,6,30,18,1,77,49.03,138,0,1,0,1,49.03
2005,6,30,19,1,77,30.01,200,0,1,0,1,30.01
2005,6,30,19,1,77,32.35,138,0,1,0,1,32.35
2005,6,30,19,1,77,47.07,138,0,1,0,1,47.07
2005,6,30,19,1,77,48.03,138,0,1,0,1,48.03
2005,6,30,19,1,77,49.03,138,0,1,0,1,49.03
2005,6,30,20,1,77,30.01,200,0,1,0,1,30.01
2005,6,30,20,1,77,32.35,138,0,1,0,1,32.35
2005,6,30,20,1,77,47.07,138,0,1,0,1,47.07
2005,6,30,20,1,77,48.03,138,0,1,0,1,48.03
2005,6,30,20,1,77,49.03,138,0,1,0,1,49.03
2005,6,30,21,1,77,30.01,200,0,1,0,1,30.01
2005,6,30,21,1,77,32.35,138,0,1,0,1,32.35
2005,6,30,21,1,77,47.07,138,0,1,0,1,47.07
2005,6,30,21,1,77,48.03,138,0,1,0,1,48.03
2005,6,30,21,1,77,49.03,138,0,1,0,1,49.03
2005,6,30,22,1,77,30.01,200,0,1,0,1,30.01
2005,6,30,22,1,77,32.35,138,0,1,0,1,32.35
2005,6,30,22,1,77,47.07,138,0,1,0,1,47.07
2005,6,30,22,1,77,48.03,138,0,1,0,1,48.03
2005,6,30,22,1,77,49.03,138,0,1,0,1,49.03
2005,6,30,23,1,77,30.01,200,0,1,0,1,30.01
2005,6,30,23,1,77,32.35,138,0,1,0,1,32.35
2005,6,30,23,1,77,47.07,138,0,1,0,1,47.07
2005,6,30,23,1,77,48.03,138,0,1,0,1,48.03
2005,6,30,23,1,77,49.03,138,0,1,0,1,49.03
2005,6,30,24,1,77,30.01,200,0,1,0,1,30.01
2005,6,30,24,1,77,32.35,138,0,1,0,1,32.35
2005,6,30,24,1,77,47.07,138,0,1,0,1,47.07
2005,6,30,24,1,77,48.03,138,0,1,0,1,48.03
2005,6,30,24,1,77,49.03,138,0,1,0,1,49.03
2005,6,30,1,1,78,0,73.8,0,2,1,0,0
2005,6,30,1,1,78,95.05,54,0,2,0,0,95.05
2005,6,30,1,1,78,95.63,54,0,2,0,0,95.63
2005,6,30,1,1,78,96.22,54,0,2,0,0,96.22
2005,6,30,1,1,78,98.09,113,0,2,0,0,98.09
2005,6,30,1,1,78,100.99,113,0,2,0,0,100.99
2005,6,30,1,1,78,102.58,113,0,2,0,0,102.58
2005,6,30,1,1,78,104.17,113,0,2,0,0,104.17
2005,6,30,1,1,78,105.76,208,0,2,0,0,105.76
2005,6,30,1,1,78,123.65,55,0,2,0,0,123.65
2005,6,30,1,1,78,127.04,1326.2,0,2,0,0,127.04
2005,6,30,2,1,78,0,73.8,0,2,1,0,0
2005,6,30,2,1,78,95.05,54,0,2,0,0,95.05
2005,6,30,2,1,78,95.63,54,0,2,0,0,95.63
2005,6,30,2,1,78,96.22,54,0,2,0,0,96.22
2005,6,30,2,1,78,98.09,113,0,2,0,0,98.09
2005,6,30,2,1,78,100.99,113,0,2,0,0,100.99
2005,6,30,2,1,78,102.58,113,0,2,0,0,102.58
2005,6,30,2,1,78,104.17,113,0,2,0,0,104.17
2005,6,30,2,1,78,105.76,208,0,2,0,0,105.76
2005,6,30,2,1,78,123.65,55,0,2,0,0,123.65
2005,6,30,2,1,78,127.04,1326.2,0,2,0,0,127.04
2005,6,30,3,1,78,0,73.8,0,2,1,0,0
2005,6,30,3,1,78,95.05,54,0,2,0,0,95.05
2005,6,30,3,1,78,95.63,54,0,2,0,0,95.63
2005,6,30,3,1,78,96.22,54,0,2,0,0,96.22
2005,6,30,3,1,78,98.09,113,0,2,0,0,98.09
2005,6,30,3,1,78,100.99,113,0,2,0,0,100.99
2005,6,30,3,1,78,102.58,113,0,2,0,0,102.58
2005,6,30,3,1,78,104.17,113,0,2,0,0,104.17
2005,6,30,3,1,78,105.76,208,0,2,0,0,105.76
2005,6,30,3,1,78,123.65,55,0,2,0,0,123.65
2005,6,30,3,1,78,127.04,1326.2,0,2,0,0,127.04
2005,6,30,4,1,78,0,77.1,0,2,1,0,0
2005,6,30,4,1,78,95.05,54,0,2,0,0,95.05
2005,6,30,4,1,78,95.63,54,0,2,0,0,95.63
2005,6,30,4,1,78,96.22,54,0,2,0,0,96.22
2005,6,30,4,1,78,98.09,113,0,2,0,0,98.09
2005,6,30,4,1,78,100.99,113,0,2,0,0,100.99
2005,6,30,4,1,78,102.58,113,0,2,0,0,102.58
2005,6,30,4,1,78,104.17,113,0,2,0,0,104.17
2005,6,30,4,1,78,105.76,208,0,2,0,0,105.76
2005,6,30,4,1,78,123.65,55,0,2,0,0,123.65
2005,6,30,4,1,78,127.04,1322.9,0,2,0,0,127.04
2005,6,30,5,1,78,0,77.1,0,2,1,0,0
2005,6,30,5,1,78,95.05,54,0,2,0,0,95.05
2005,6,30,5,1,78,95.63,54,0,2,0,0,95.63
2005,6,30,5,1,78,96.22,54,0,2,0,0,96.22
2005,6,30,5,1,78,98.09,113,0,2,0,0,98.09
2005,6,30,5,1,78,100.99,113,0,2,0,0,100.99
2005,6,30,5,1,78,102.58,113,0,2,0,0,102.58
2005,6,30,5,1,78,104.17,113,0,2,0,0,104.17
2005,6,30,5,1,78,105.76,208,0,2,0,0,105.76
2005,6,30,5,1,78,123.65,55,0,2,0,0,123.65
2005,6,30,5,1,78,127.04,1322.9,0,2,0,0,127.04
2005,6,30,6,1,78,0,77.1,0,2,1,0,0
2005,6,30,6,1,78,95.05,54,0,2,0,0,95.05
2005,6,30,6,1,78,95.63,54,0,2,0,0,95.63
2005,6,30,6,1,78,96.22,54,0,2,0,0,96.22
2005,6,30,6,1,78,98.09,113,0,2,0,0,98.09
2005,6,30,6,1,78,100.99,113,0,2,0,0,100.99
2005,6,30,6,1,78,102.58,113,0,2,0,0,102.58
2005,6,30,6,1,78,104.17,113,0,2,0,0,104.17
2005,6,30,6,1,78,105.76,208,0,2,0,0,105.76
2005,6,30,6,1,78,123.65,55,0,2,0,0,123.65
2005,6,30,6,1,78,127.04,1322.9,0,2,0,0,127.04
2005,6,30,7,1,78,0,77.1,0,2,1,0,0
2005,6,30,7,1,78,95.05,54,0,2,0,0,95.05
2005,6,30,7,1,78,95.63,54,0,2,0,0,95.63
2005,6,30,7,1,78,96.22,54,0,2,0,0,96.22
2005,6,30,7,1,78,98.09,113,0,2,0,0,98.09
2005,6,30,7,1,78,100.99,113,0,2,0,0,100.99
2005,6,30,7,1,78,102.58,113,0,2,0,0,102.58
2005,6,30,7,1,78,104.17,113,0,2,0,0,104.17
2005,6,30,7,1,78,105.76,208,0,2,0,0,105.76
2005,6,30,7,1,78,123.65,55,0,2,0,0,123.65
2005,6,30,7,1,78,127.04,1322.9,0,2,0,0,127.04
2005,6,30,8,1,78,0,77.1,0,2,1,0,0
2005,6,30,8,1,78,95.05,54,0,2,0,0,95.05
2005,6,30,8,1,78,95.63,54,0,2,0,0,95.63
2005,6,30,8,1,78,96.22,54,0,2,0,0,96.22
2005,6,30,8,1,78,98.09,113,0,2,0,0,98.09
2005,6,30,8,1,78,100.99,113,0,2,0,0,100.99
2005,6,30,8,1,78,102.58,113,0,2,0,0,102.58
2005,6,30,8,1,78,104.17,113,0,2,0,0,104.17
2005,6,30,8,1,78,105.76,208,0,2,0,0,105.76
2005,6,30,8,1,78,123.65,55,0,2,0,0,123.65
2005,6,30,8,1,78,127.04,1322.9,0,2,0,0,127.04
2005,6,30,9,1,78,0,77.1,0,2,1,0,0
2005,6,30,9,1,78,95.05,54,0,2,0,0,95.05
2005,6,30,9,1,78,95.63,54,0,2,0,0,95.63
2005,6,30,9,1,78,96.22,54,0,2,0,0,96.22
2005,6,30,9,1,78,98.09,113,0,2,0,0,98.09
2005,6,30,9,1,78,100.99,113,0,2,0,0,100.99
2005,6,30,9,1,78,102.58,113,0,2,0,0,102.58
2005,6,30,9,1,78,104.17,113,0,2,0,0,104.17
2005,6,30,9,1,78,105.76,208,0,2,0,0,105.76
2005,6,30,9,1,78,123.65,55,0,2,0,0,123.65
2005,6,30,9,1,78,127.04,1322.9,0,2,0,0,127.04
2005,6,30,10,1,78,0,77.1,0,2,1,0,0
2005,6,30,10,1,78,95.05,54,0,2,0,0,95.05
2005,6,30,10,1,78,95.63,54,0,2,0,0,95.63
2005,6,30,10,1,78,96.22,54,0,2,0,0,96.22
2005,6,30,10,1,78,98.09,113,0,2,0,0,98.09
2005,6,30,10,1,78,100.99,113,0,2,0,0,100.99
2005,6,30,10,1,78,102.58,113,0,2,0,0,102.58
2005,6,30,10,1,78,104.17,113,0,2,0,0,104.17
2005,6,30,10,1,78,105.76,208,0,2,0,0,105.76
2005,6,30,10,1,78,123.65,55,0,2,0,0,123.65
2005,6,30,10,1,78,127.04,1322.9,0,2,0,0,127.04
2005,6,30,11,1,78,0,107.1,0,2,1,0,0
2005,6,30,11,1,78,95.07,54,0,2,1,0,95.07
2005,6,30,11,1,78,95.65,54,0,2,1,0,95.65
2005,6,30,11,1,78,96.24,54,0,2,1,0,96.24
2005,6,30,11,1,78,98.11,113,0,2,1,0,98.11
2005,6,30,11,1,78,101.01,83.4,0,2,1,0,101.01
2005,6,30,11,1,78,102.6,113,0,2,0,0,102.6
2005,6,30,11,1,78,104.19,113,0,2,0,0,104.19
2005,6,30,11,1,78,105.78,208,0,2,0,0,105.78
2005,6,30,11,1,78,127.04,1347.9,0,2,0,0,127.04
2005,6,30,12,1,78,0,173.1,0,2,1,0,0
2005,6,30,12,1,78,95.07,54,0,2,1,0,95.07
2005,6,30,12,1,78,95.65,54,0,2,1,0,95.65
2005,6,30,12,1,78,96.24,54,0,2,1,0,96.24
2005,6,30,12,1,78,98.11,113,0,2,1,0,98.11
2005,6,30,12,1,78,101.01,113,0,2,1,0,101.01
2005,6,30,12,1,78,102.6,113,0,2,1,0,102.6
2005,6,30,12,1,78,104.19,113,0,2,1,0,104.19
2005,6,30,12,1,78,105.78,208,0,2,0,0,105.78
2005,6,30,12,1,78,127.04,1281.9,0,2,0,0,127.04
2005,6,30,13,1,78,0,173.1,0,2,1,0,0
2005,6,30,13,1,78,95.07,54,0,2,1,0,95.07
2005,6,30,13,1,78,95.65,54,0,2,1,0,95.65
2005,6,30,13,1,78,96.24,54,0,2,1,0,96.24
2005,6,30,13,1,78,98.11,113,0,2,1,0,98.11
2005,6,30,13,1,78,101.01,113,0,2,1,0,101.01
2005,6,30,13,1,78,102.6,113,0,2,1,0,102.6
2005,6,30,13,1,78,104.19,113,0,2,1,0,104.19
2005,6,30,13,1,78,105.78,208,0,2,1,0,105.78
2005,6,30,13,1,78,127.04,1281.9,0,2,0,0,127.04
2005,6,30,14,1,78,0,173.1,0,2,1,0,0
2005,6,30,14,1,78,95.07,54,0,2,1,0,95.07
2005,6,30,14,1,78,95.65,54,0,2,1,0,95.65
2005,6,30,14,1,78,96.24,54,0,2,1,0,96.24
2005,6,30,14,1,78,98.11,113,0,2,1,0,98.11
2005,6,30,14,1,78,101.01,113,0,2,1,0,101.01
2005,6,30,14,1,78,102.6,113,0,2,1,0,102.6
2005,6,30,14,1,78,104.19,113,0,2,1,0,104.19
2005,6,30,14,1,78,105.78,208,0,2,1,0,105.78
2005,6,30,14,1,78,127.04,1281.9,0,2,0,0,127.04
2005,6,30,15,1,78,0,173.1,0,2,1,0,0
2005,6,30,15,1,78,95.07,54,0,2,1,0,95.07
2005,6,30,15,1,78,95.65,54,0,2,1,0,95.65
2005,6,30,15,1,78,96.24,54,0,2,1,0,96.24
2005,6,30,15,1,78,98.11,113,0,2,1,0,98.11
2005,6,30,15,1,78,101.01,113,0,2,0,0,101.01
2005,6,30,15,1,78,102.6,113,0,2,0,0,102.6
2005,6,30,15,1,78,104.19,113,0,2,0,0,104.19
2005,6,30,15,1,78,105.78,208,0,2,0,0,105.78
2005,6,30,15,1,78,127.04,1281.9,0,2,0,0,127.04
2005,6,30,16,1,78,0,173.1,0,2,1,0,0
2005,6,30,16,1,78,95.07,54,0,2,1,0,95.07
2005,6,30,16,1,78,95.65,32.2,0,2,1,0,95.65
2005,6,30,16,1,78,96.24,54,0,2,0,0,96.24
2005,6,30,16,1,78,98.11,113,0,2,0,0,98.11
2005,6,30,16,1,78,101.01,113,0,2,0,0,101.01
2005,6,30,16,1,78,102.6,113,0,2,0,0,102.6
2005,6,30,16,1,78,104.19,113,0,2,0,0,104.19
2005,6,30,16,1,78,105.78,208,0,2,0,0,105.78
2005,6,30,16,1,78,127.04,1281.9,0,2,0,0,127.04
2005,6,30,17,1,78,0,173.1,0,2,1,0,0
2005,6,30,17,1,78,95.07,54,0,2,1,0,95.07
2005,6,30,17,1,78,95.65,54,0,2,1,0,95.65
2005,6,30,17,1,78,96.24,54,0,2,1,0,96.24
2005,6,30,17,1,78,98.11,113,0,2,0,0,98.11
2005,6,30,17,1,78,101.01,113,0,2,0,0,101.01
2005,6,30,17,1,78,102.6,113,0,2,0,0,102.6
2005,6,30,17,1,78,104.19,113,0,2,0,0,104.19
2005,6,30,17,1,78,105.78,208,0,2,0,0,105.78
2005,6,30,17,1,78,127.04,1281.9,0,2,0,0,127.04
2005,6,30,18,1,78,0,173.1,0,2,1,0,0
2005,6,30,18,1,78,95.07,54,0,2,1,0,95.07
2005,6,30,18,1,78,95.65,54,0,2,1,0,95.65
2005,6,30,18,1,78,96.24,54,0,2,1,0,96.24
2005,6,30,18,1,78,98.11,113,0,2,0,0,98.11
2005,6,30,18,1,78,101.01,113,0,2,0,0,101.01
2005,6,30,18,1,78,102.6,113,0,2,0,0,102.6
2005,6,30,18,1,78,104.19,113,0,2,0,0,104.19
2005,6,30,18,1,78,105.78,208,0,2,0,0,105.78
2005,6,30,18,1,78,127.04,1281.9,0,2,0,0,127.04
2005,6,30,19,1,78,0,134.1,0,2,1,0,0
2005,6,30,19,1,78,95.07,54,0,2,0,0,95.07
2005,6,30,19,1,78,95.65,54,0,2,0,0,95.65
2005,6,30,19,1,78,96.24,54,0,2,0,0,96.24
2005,6,30,19,1,78,98.11,113,0,2,0,0,98.11
2005,6,30,19,1,78,101.01,113,0,2,0,0,101.01
2005,6,30,19,1,78,102.6,113,0,2,0,0,102.6
2005,6,30,19,1,78,104.19,113,0,2,0,0,104.19
2005,6,30,19,1,78,105.78,208,0,2,0,0,105.78
2005,6,30,19,1,78,127.04,1320.9,0,2,0,0,127.04
2005,6,30,20,1,78,0,107.1,0,2,1,0,0
2005,6,30,20,1,78,95.07,54,0,2,0,0,95.07
2005,6,30,20,1,78,95.65,54,0,2,0,0,95.65
2005,6,30,20,1,78,96.24,54,0,2,0,0,96.24
2005,6,30,20,1,78,98.11,113,0,2,0,0,98.11
2005,6,30,20,1,78,101.01,113,0,2,0,0,101.01
2005,6,30,20,1,78,102.6,113,0,2,0,0,102.6
2005,6,30,20,1,78,104.19,113,0,2,0,0,104.19
2005,6,30,20,1,78,105.78,208,0,2,0,0,105.78
2005,6,30,20,1,78,127.04,1347.9,0,2,0,0,127.04
2005,6,30,21,1,78,0,77.1,0,2,1,0,0
2005,6,30,21,1,78,95.05,54,0,2,0,0,95.05
2005,6,30,21,1,78,95.63,54,0,2,0,0,95.63
2005,6,30,21,1,78,96.22,54,0,2,0,0,96.22
2005,6,30,21,1,78,98.09,113,0,2,0,0,98.09
2005,6,30,21,1,78,100.99,113,0,2,0,0,100.99
2005,6,30,21,1,78,102.58,113,0,2,0,0,102.58
2005,6,30,21,1,78,104.17,113,0,2,0,0,104.17
2005,6,30,21,1,78,105.76,208,0,2,0,0,105.76
2005,6,30,21,1,78,123.65,55,0,2,0,0,123.65
2005,6,30,21,1,78,127.04,1322.9,0,2,0,0,127.04
2005,6,30,22,1,78,0,77.1,0,2,1,0,0
2005,6,30,22,1,78,95.05,54,0,2,0,0,95.05
2005,6,30,22,1,78,95.63,54,0,2,0,0,95.63
2005,6,30,22,1,78,96.22,54,0,2,0,0,96.22
2005,6,30,22,1,78,98.09,113,0,2,0,0,98.09
2005,6,30,22,1,78,100.99,113,0,2,0,0,100.99
2005,6,30,22,1,78,102.58,113,0,2,0,0,102.58
2005,6,30,22,1,78,104.17,113,0,2,0,0,104.17
2005,6,30,22,1,78,105.76,208,0,2,0,0,105.76
2005,6,30,22,1,78,123.65,55,0,2,0,0,123.65
2005,6,30,22,1,78,127.04,1322.9,0,2,0,0,127.04
2005,6,30,23,1,78,0,77.1,0,2,1,0,0
2005,6,30,23,1,78,95.05,54,0,2,0,0,95.05
2005,6,30,23,1,78,95.63,54,0,2,0,0,95.63
2005,6,30,23,1,78,96.22,54,0,2,0,0,96.22
2005,6,30,23,1,78,98.09,113,0,2,0,0,98.09
2005,6,30,23,1,78,100.99,113,0,2,0,0,100.99
2005,6,30,23,1,78,102.58,113,0,2,0,0,102.58
2005,6,30,23,1,78,104.17,113,0,2,0,0,104.17
2005,6,30,23,1,78,105.76,208,0,2,0,0,105.76
2005,6,30,23,1,78,123.65,55,0,2,0,0,123.65
2005,6,30,23,1,78,127.04,1322.9,0,2,0,0,127.04
2005,6,30,24,1,78,0,73.8,0,2,1,0,0
2005,6,30,24,1,78,95.05,54,0,2,0,0,95.05
2005,6,30,24,1,78,95.63,54,0,2,0,0,95.63
2005,6,30,24,1,78,96.22,54,0,2,0,0,96.22
2005,6,30,24,1,78,98.09,113,0,2,0,0,98.09
2005,6,30,24,1,78,100.99,113,0,2,0,0,100.99
2005,6,30,24,1,78,102.58,113,0,2,0,0,102.58
2005,6,30,24,1,78,104.17,113,0,2,0,0,104.17
2005,6,30,24,1,78,105.76,208,0,2,0,0,105.76
2005,6,30,24,1,78,123.65,55,0,2,0,0,123.65
2005,6,30,24,1,78,127.04,1326.2,0,2,0,0,127.04
2005,6,30,1,9,79,180.3,12.8,0,1,1,0,180.3
2005,6,30,2,9,79,180.3,11.5,0,1,1,0,180.3
2005,6,30,3,9,79,180.3,11.4,0,1,1,0,180.3
2005,6,30,4,9,79,180.3,11.4,0,1,1,0,180.3
2005,6,30,5,9,79,180.3,11.5,0,1,1,0,180.3
2005,6,30,6,9,79,180.3,11.4,0,1,1,0,180.3
2005,6,30,7,9,79,180.3,11.1,0,1,1,0,180.3
2005,6,30,8,9,79,180.3,10.7,0,1,1,0,180.3
2005,6,30,9,9,79,180.3,10.5,0,1,1,0,180.3
2005,6,30,10,9,79,180.3,11.1,0,1,1,0,180.3
2005,6,30,11,9,79,180.3,12.2,0,1,1,0,180.3
2005,6,30,12,9,79,180.3,12.6,0,1,1,0,180.3
2005,6,30,13,9,79,180.3,13,0,1,1,0,180.3
2005,6,30,14,9,79,180.3,12.9,0,1,1,0,180.3
2005,6,30,15,9,79,180.3,12.9,0,1,1,0,180.3
2005,6,30,16,9,79,180.3,12.7,0,1,1,0,180.3
2005,6,30,17,9,79,180.3,12.5,0,1,1,0,180.3
2005,6,30,18,9,79,180.3,12.2,0,1,1,0,180.3
2005,6,30,19,9,79,180.3,12.1,0,1,1,0,180.3
2005,6,30,20,9,79,180.3,12.2,0,1,1,0,180.3
2005,6,30,21,9,79,180.3,12.6,0,1,1,0,180.3
2005,6,30,22,9,79,180.3,13.3,0,1,1,0,180.3
2005,6,30,23,9,79,180.3,13.8,0,1,1,0,180.3
2005,6,30,24,9,79,180.3,12.7,0,1,1,0,180.3
2005,6,30,1,9,80,180,.2,0,1,1,0,180
2005,6,30,2,9,80,180,.2,0,1,1,0,180
2005,6,30,3,9,80,180,.2,0,1,1,0,180
2005,6,30,4,9,80,180,.2,0,1,1,0,180
2005,6,30,5,9,80,180,.2,0,1,1,0,180
2005,6,30,6,9,80,180,.2,0,1,1,0,180
2005,6,30,7,9,80,180,.4,0,1,1,0,180
2005,6,30,8,9,80,180,.4,0,1,1,0,180
2005,6,30,9,9,80,180,.5,0,1,1,0,180
2005,6,30,10,9,80,180,.5,0,1,1,0,180
2005,6,30,11,9,80,180,.5,0,1,1,0,180
2005,6,30,12,9,80,180,.6,0,1,1,0,180
2005,6,30,13,9,80,180,.6,0,1,1,0,180
2005,6,30,14,9,80,180,.6,0,1,1,0,180
2005,6,30,15,9,80,180,.6,0,1,1,0,180
2005,6,30,16,9,80,180,.6,0,1,1,0,180
2005,6,30,17,9,80,180,.6,0,1,1,0,180
2005,6,30,18,9,80,180,.6,0,1,1,0,180
2005,6,30,19,9,80,180,.6,0,1,1,0,180
2005,6,30,20,9,80,180,.6,0,1,1,0,180
2005,6,30,21,9,80,180,.6,0,1,1,0,180
2005,6,30,22,9,80,180,.4,0,1,1,0,180
2005,6,30,23,9,80,180,.2,0,1,1,0,180
2005,6,30,24,9,80,180,.2,0,1,1,0,180
2005,6,30,1,1,81,0,42.9,0,2,1,0,0
2005,6,30,1,1,81,129.33,89.1,0,2,0,0,129.33
2005,6,30,2,1,81,0,30.4,0,2,1,0,0
2005,6,30,2,1,81,129.33,101.6,0,2,0,0,129.33
2005,6,30,3,1,81,0,30.5,0,2,1,0,0
2005,6,30,3,1,81,129.33,101.5,0,2,0,0,129.33
2005,6,30,4,1,81,0,30.7,0,2,1,0,0
2005,6,30,4,1,81,129.33,101.3,0,2,0,0,129.33
2005,6,30,5,1,81,0,30.5,0,2,1,0,0
2005,6,30,5,1,81,129.33,101.5,0,2,0,0,129.33
2005,6,30,6,1,81,0,30.2,0,2,1,0,0
2005,6,30,6,1,81,129.33,101.8,0,2,0,0,129.33
2005,6,30,7,1,81,0,30.2,0,2,1,0,0
2005,6,30,7,1,81,129.33,101.8,0,2,0,0,129.33
2005,6,30,8,1,81,0,30.3,0,2,1,0,0
2005,6,30,8,1,81,129.33,101.7,0,2,0,0,129.33
2005,6,30,9,1,81,0,35.9,0,2,1,0,0
2005,6,30,9,1,81,129.33,96.1,0,2,0,0,129.33
2005,6,30,10,1,81,0,42.9,0,2,1,0,0
2005,6,30,10,1,81,129.33,89.1,0,2,0,0,129.33
2005,6,30,11,1,81,0,43.4,0,2,1,0,0
2005,6,30,11,1,81,129.33,88.6,0,2,0,0,129.33
2005,6,30,12,1,81,0,84.9,0,2,1,0,0
2005,6,30,12,1,81,129.33,47.1,0,2,0,0,129.33
2005,6,30,13,1,81,0,86,0,2,1,0,0
2005,6,30,13,1,81,129.33,46,0,2,0,0,129.33
2005,6,30,14,1,81,0,85.5,0,2,1,0,0
2005,6,30,14,1,81,129.33,46.5,0,2,0,0,129.33
2005,6,30,15,1,81,0,85.1,0,2,1,0,0
2005,6,30,15,1,81,129.33,46.9,0,2,0,0,129.33
2005,6,30,16,1,81,0,85.3,0,2,1,0,0
2005,6,30,16,1,81,129.33,46.7,0,2,0,0,129.33
2005,6,30,17,1,81,0,44.6,0,2,1,0,0
2005,6,30,17,1,81,129.33,87.4,0,2,0,0,129.33
2005,6,30,18,1,81,0,44.6,0,2,1,0,0
2005,6,30,18,1,81,129.33,87.4,0,2,0,0,129.33
2005,6,30,19,1,81,0,42.2,0,2,1,0,0
2005,6,30,19,1,81,129.33,89.8,0,2,0,0,129.33
2005,6,30,20,1,81,0,40.3,0,2,1,0,0
2005,6,30,20,1,81,129.33,91.7,0,2,0,0,129.33
2005,6,30,21,1,81,0,39.9,0,2,1,0,0
2005,6,30,21,1,81,129.33,92.1,0,2,0,0,129.33
2005,6,30,22,1,81,0,41,0,2,1,0,0
2005,6,30,22,1,81,129.33,91,0,2,0,0,129.33
2005,6,30,23,1,81,0,45.9,0,2,1,0,0
2005,6,30,23,1,81,129.33,86.1,0,2,0,0,129.33
2005,6,30,24,1,81,0,46.5,0,2,1,0,0
2005,6,30,24,1,81,129.33,85.5,0,2,0,0,129.33
2005,6,30,1,2,82,0,90.1,0,2,1,0,0
2005,6,30,1,2,82,74.51,17.5,0,2,0,0,74.51
2005,6,30,1,2,82,77.85,17.5,0,2,0,0,77.85
2005,6,30,1,2,82,81.2,17.5,0,2,0,0,81.2
2005,6,30,1,2,82,84.54,17.5,0,2,0,0,84.54
2005,6,30,2,2,82,0,90.1,0,2,1,0,0
2005,6,30,2,2,82,74.51,17.5,0,2,0,0,74.51
2005,6,30,2,2,82,77.85,17.5,0,2,0,0,77.85
2005,6,30,2,2,82,81.2,17.5,0,2,0,0,81.2
2005,6,30,2,2,82,84.54,17.5,0,2,0,0,84.54
2005,6,30,3,2,82,0,90.1,0,2,1,0,0
2005,6,30,3,2,82,74.51,17.5,0,2,0,0,74.51
2005,6,30,3,2,82,77.85,17.5,0,2,0,0,77.85
2005,6,30,3,2,82,81.2,17.5,0,2,0,0,81.2
2005,6,30,3,2,82,84.54,17.5,0,2,0,0,84.54
2005,6,30,4,2,82,0,90.1,0,2,1,0,0
2005,6,30,4,2,82,74.51,17.5,0,2,0,0,74.51
2005,6,30,4,2,82,77.85,17.5,0,2,0,0,77.85
2005,6,30,4,2,82,81.2,17.5,0,2,0,0,81.2
2005,6,30,4,2,82,84.54,17.5,0,2,0,0,84.54
2005,6,30,5,2,82,0,90.1,0,2,1,0,0
2005,6,30,5,2,82,74.51,17.5,0,2,0,0,74.51
2005,6,30,5,2,82,77.85,17.5,0,2,0,0,77.85
2005,6,30,5,2,82,81.2,17.5,0,2,0,0,81.2
2005,6,30,5,2,82,84.54,17.5,0,2,0,0,84.54
2005,6,30,6,2,82,0,90.1,0,2,1,0,0
2005,6,30,6,2,82,74.51,17.5,0,2,0,0,74.51
2005,6,30,6,2,82,77.85,17.5,0,2,0,0,77.85
2005,6,30,6,2,82,81.2,17.5,0,2,0,0,81.2
2005,6,30,6,2,82,84.54,17.5,0,2,0,0,84.54
2005,6,30,7,2,82,0,149.1,0,2,1,0,0
2005,6,30,8,2,82,0,152.1,0,2,1,0,0
2005,6,30,9,2,82,0,178.1,0,2,1,0,0
2005,6,30,10,2,82,0,178.1,0,2,1,0,0
2005,6,30,11,2,82,0,204.1,0,2,1,0,0
2005,6,30,12,2,82,0,232.1,0,2,1,0,0
2005,6,30,13,2,82,0,245.1,0,2,1,0,0
2005,6,30,14,2,82,0,245.1,0,2,1,0,0
2005,6,30,15,2,82,0,221.1,0,2,1,0,0
2005,6,30,16,2,82,0,221.1,0,2,1,0,0
2005,6,30,17,2,82,0,245.1,0,2,1,0,0
2005,6,30,18,2,82,0,245.1,0,2,1,0,0
2005,6,30,19,2,82,0,245.1,0,2,1,0,0
2005,6,30,20,2,82,0,201.1,0,2,1,0,0
2005,6,30,21,2,82,0,180.1,0,2,1,0,0
2005,6,30,22,2,82,0,180.1,0,2,1,0,0
2005,6,30,23,2,82,0,162.1,0,2,1,0,0
2005,6,30,24,2,82,0,116.1,0,2,1,0,0
2005,6,30,24,2,82,74.51,17.5,0,2,0,0,74.51
2005,6,30,24,2,82,77.85,17.5,0,2,0,0,77.85
2005,6,30,24,2,82,81.2,17.5,0,2,0,0,81.2
2005,6,30,24,2,82,84.54,17.5,0,2,0,0,84.54
2005,6,30,1,2,83,0,387.3,0,2,1,0,0
2005,6,30,1,2,83,105.01,70,0,2,0,0,105.01
2005,6,30,2,2,83,0,364.7,0,2,1,0,0
2005,6,30,2,2,83,105.01,70,0,2,0,0,105.01
2005,6,30,3,2,83,0,351.5,0,2,1,0,0
2005,6,30,3,2,83,105.01,70,0,2,0,0,105.01
2005,6,30,4,2,83,0,312.3,0,2,1,0,0
2005,6,30,4,2,83,105.01,70,0,2,0,0,105.01
2005,6,30,5,2,83,0,311.9,0,2,1,0,0
2005,6,30,5,2,83,105.01,70,0,2,0,0,105.01
2005,6,30,6,2,83,0,335.9,0,2,1,0,0
2005,6,30,6,2,83,105.01,70,0,2,0,0,105.01
2005,6,30,7,2,83,0,422.5,0,2,1,0,0
2005,6,30,7,2,83,105.01,10,0,2,0,0,105.01
2005,6,30,8,2,83,0,482.2,0,2,1,0,0
2005,6,30,8,2,83,105.01,10,0,2,0,0,105.01
2005,6,30,9,2,83,0,638.4,0,2,1,0,0
2005,6,30,10,2,83,0,747.8,0,2,1,0,0
2005,6,30,11,2,83,0,791,0,2,1,0,0
2005,6,30,12,2,83,0,876.4,0,2,1,0,0
2005,6,30,13,2,83,0,876.8,0,2,1,0,0
2005,6,30,14,2,83,0,876.7,0,2,1,0,0
2005,6,30,15,2,83,0,779.6,0,2,1,0,0
2005,6,30,16,2,83,0,779.6,0,2,1,0,0
2005,6,30,17,2,83,0,855.3,0,2,1,0,0
2005,6,30,18,2,83,0,855.6,0,2,1,0,0
2005,6,30,19,2,83,0,855.9,0,2,1,0,0
2005,6,30,20,2,83,0,754.2,0,2,1,0,0
2005,6,30,21,2,83,0,710.2,0,2,1,0,0
2005,6,30,22,2,83,0,650.9,0,2,1,0,0
2005,6,30,23,2,83,0,604.8,0,2,1,0,0
2005,6,30,24,2,83,0,531.1,0,2,1,0,0
2005,6,30,1,6,1050,0,142,.955796,2,1,0,0
2005,6,30,2,6,1050,0,142,.955796,2,1,0,0
2005,6,30,3,6,1050,0,142,.955796,2,1,0,0
2005,6,30,4,6,1050,0,142,.955796,2,1,0,0
2005,6,30,5,6,1050,0,142,.955796,2,1,0,0
2005,6,30,6,6,1050,0,142,.955796,2,1,0,0
2005,6,30,7,6,1050,0,142,.955796,2,1,0,0
2005,6,30,8,6,1050,0,142,.955796,2,1,0,0
2005,6,30,9,6,1050,0,142,.955796,2,1,0,0
2005,6,30,10,6,1050,0,142,.955796,2,1,0,0
2005,6,30,11,6,1050,0,142,.955796,2,1,0,0
2005,6,30,12,6,1050,0,125,.955796,2,1,0,0
2005,6,30,12,6,1050,150,17,.955796,2,0,0,150
2005,6,30,13,6,1050,0,125,.955796,2,1,0,0
2005,6,30,13,6,1050,150,17,.955796,2,0,0,150
2005,6,30,14,6,1050,0,125,.955796,2,1,0,0
2005,6,30,14,6,1050,150,17,.955796,2,0,0,150
2005,6,30,15,6,1050,0,125,.955796,2,1,0,0
2005,6,30,15,6,1050,150,17,.955796,2,0,0,150
2005,6,30,16,6,1050,0,125,.955796,2,1,0,0
2005,6,30,16,6,1050,150,17,.955796,2,0,0,150
2005,6,30,17,6,1050,0,125,.955796,2,1,0,0
2005,6,30,17,6,1050,150,17,.955796,2,0,0,150
2005,6,30,18,6,1050,0,125,.955796,2,1,0,0
2005,6,30,18,6,1050,150,17,.955796,2,0,0,150
2005,6,30,19,6,1050,0,125,.955796,2,1,0,0
2005,6,30,19,6,1050,150,17,.955796,2,0,0,150
2005,6,30,20,6,1050,0,125,.955796,2,1,0,0
2005,6,30,20,6,1050,150,17,.955796,2,0,0,150
2005,6,30,21,6,1050,0,125,.955796,2,1,0,0
2005,6,30,21,6,1050,150,17,.955796,2,0,0,150
2005,6,30,22,6,1050,0,142,.955796,2,1,0,0
2005,6,30,23,6,1050,0,142,.955796,2,1,0,0
2005,6,30,24,6,1050,0,142,.955796,2,1,0,0
2005,6,30,1,9,85,0,14.6,0,2,1,0,0
2005,6,30,2,9,85,0,14.7,0,2,1,0,0
2005,6,30,3,9,85,0,14.7,0,2,1,0,0
2005,6,30,4,9,85,0,14.8,0,2,1,0,0
2005,6,30,5,9,85,0,14.9,0,2,1,0,0
2005,6,30,6,9,85,0,14.9,0,2,1,0,0
2005,6,30,7,9,85,0,14.7,0,2,1,0,0
2005,6,30,8,9,85,0,14.6,0,2,1,0,0
2005,6,30,9,9,85,0,14.5,0,2,1,0,0
2005,6,30,10,9,85,0,14.4,0,2,1,0,0
2005,6,30,11,9,85,0,14.3,0,2,1,0,0
2005,6,30,12,9,85,0,14.2,0,2,1,0,0
2005,6,30,13,9,85,0,14.2,0,2,1,0,0
2005,6,30,14,9,85,0,14.1,0,2,1,0,0
2005,6,30,15,9,85,0,14.1,0,2,1,0,0
2005,6,30,16,9,85,0,14,0,2,1,0,0
2005,6,30,17,9,85,0,14,0,2,1,0,0
2005,6,30,18,9,85,0,14.1,0,2,1,0,0
2005,6,30,19,9,85,0,14.2,0,2,1,0,0
2005,6,30,20,9,85,0,14.2,0,2,1,0,0
2005,6,30,21,9,85,0,14.3,0,2,1,0,0
2005,6,30,22,9,85,0,14.4,0,2,1,0,0
2005,6,30,23,9,85,0,14.5,0,2,1,0,0
2005,6,30,24,9,85,0,14.6,0,2,1,0,0
2005,6,30,1,4,86,0,41.7,0,2,1,0,0
2005,6,30,2,4,86,0,36.9,0,2,1,0,0
2005,6,30,3,4,86,0,32.2,0,2,1,0,0
2005,6,30,4,4,86,0,28.2,0,2,1,0,0
2005,6,30,5,4,86,0,24.4,0,2,1,0,0
2005,6,30,6,4,86,0,21.1,0,2,1,0,0
2005,6,30,7,4,86,0,18.3,0,2,1,0,0
2005,6,30,8,4,86,0,16.2,0,2,1,0,0
2005,6,30,9,4,86,0,14.8,0,2,1,0,0
2005,6,30,10,4,86,0,13.6,0,2,1,0,0
2005,6,30,11,4,86,0,13.5,0,2,1,0,0
2005,6,30,12,4,86,0,14.8,0,2,1,0,0
2005,6,30,13,4,86,0,17.3,0,2,1,0,0
2005,6,30,14,4,86,0,21,0,2,1,0,0
2005,6,30,15,4,86,0,26.8,0,2,1,0,0
2005,6,30,16,4,86,0,41,0,2,1,0,0
2005,6,30,17,4,86,0,56.2,0,2,1,0,0
2005,6,30,18,4,86,0,71.5,0,2,1,0,0
2005,6,30,19,4,86,0,86,0,2,1,0,0
2005,6,30,20,4,86,0,98.9,0,2,1,0,0
2005,6,30,21,4,86,0,109.1,0,2,1,0,0
2005,6,30,22,4,86,0,106.9,0,2,1,0,0
2005,6,30,23,4,86,0,101.8,0,2,1,0,0
2005,6,30,24,4,86,0,94.4,0,2,1,0,0
2005,6,30,1,4,87,0,26.2,0,2,1,0,0
2005,6,30,2,4,87,0,25.8,0,2,1,0,0
2005,6,30,3,4,87,0,25.1,0,2,1,0,0
2005,6,30,4,4,87,0,23,0,2,1,0,0
2005,6,30,5,4,87,0,20.8,0,2,1,0,0
2005,6,30,6,4,87,0,18.5,0,2,1,0,0
2005,6,30,7,4,87,0,16.4,0,2,1,0,0
2005,6,30,8,4,87,0,14.5,0,2,1,0,0
2005,6,30,9,4,87,0,12.9,0,2,1,0,0
2005,6,30,10,4,87,0,12.7,0,2,1,0,0
2005,6,30,11,4,87,0,13,0,2,1,0,0
2005,6,30,12,4,87,0,13.7,0,2,1,0,0
2005,6,30,13,4,87,0,14.9,0,2,1,0,0
2005,6,30,14,4,87,0,16.4,0,2,1,0,0
2005,6,30,15,4,87,0,18.2,0,2,1,0,0
2005,6,30,16,4,87,0,21.5,0,2,1,0,0
2005,6,30,17,4,87,0,25,0,2,1,0,0
2005,6,30,18,4,87,0,28.3,0,2,1,0,0
2005,6,30,19,4,87,0,31.3,0,2,1,0,0
2005,6,30,20,4,87,0,33.7,0,2,1,0,0
2005,6,30,21,4,87,0,35.5,0,2,1,0,0
2005,6,30,22,4,87,0,33.9,0,2,1,0,0
2005,6,30,23,4,87,0,31.5,0,2,1,0,0
2005,6,30,24,4,87,0,28.6,0,2,1,0,0
2005,6,30,1,4,88,0,181.3,0,2,1,0,0
2005,6,30,2,4,88,0,183.2,0,2,1,0,0
2005,6,30,3,4,88,0,182.4,0,2,1,0,0
2005,6,30,4,4,88,0,168.9,0,2,1,0,0
2005,6,30,5,4,88,0,152.9,0,2,1,0,0
2005,6,30,6,4,88,0,133.9,0,2,1,0,0
2005,6,30,7,4,88,0,111.4,0,2,1,0,0
2005,6,30,8,4,88,0,104.4,0,2,1,0,0
2005,6,30,9,4,88,0,84.2,0,2,1,0,0
2005,6,30,10,4,88,0,76.5,0,2,1,0,0
2005,6,30,11,4,88,0,71.3,0,2,1,0,0
2005,6,30,12,4,88,0,73.8,0,2,1,0,0
2005,6,30,13,4,88,0,72.4,0,2,1,0,0
2005,6,30,14,4,88,0,72.4,0,2,1,0,0
2005,6,30,15,4,88,0,73.3,0,2,1,0,0
2005,6,30,16,4,88,0,72.9,0,2,1,0,0
2005,6,30,17,4,88,0,72.9,0,2,1,0,0
2005,6,30,18,4,88,0,73.2,0,2,1,0,0
2005,6,30,19,4,88,0,73.5,0,2,1,0,0
2005,6,30,20,4,88,0,68.4,0,2,1,0,0
2005,6,30,21,4,88,0,68.6,0,2,1,0,0
2005,6,30,22,4,88,0,67.5,0,2,1,0,0
2005,6,30,23,4,88,0,51.2,0,2,1,0,0
2005,6,30,24,4,88,0,49.8,0,2,1,0,0
2005,6,30,8,9,89,40,101.4,0,1,0,0,40
2005,6,30,9,9,89,53,101.7,0,1,0,0,53
2005,6,30,10,9,89,74,101.7,0,1,0,0,74
2005,6,30,11,9,89,81,101.7,0,1,0,0,81
2005,6,30,12,9,89,91,101.7,0,1,0,0,91
2005,6,30,13,9,89,90,101.7,0,1,0,0,90
2005,6,30,14,9,89,89,101.7,0,1,0,0,89
2005,6,30,15,9,89,83,101.7,0,1,0,0,83
2005,6,30,1,9,90,0,50,0,2,1,0,0
2005,6,30,2,9,90,0,50,0,2,1,0,0
2005,6,30,3,9,90,0,50,0,2,1,0,0
2005,6,30,4,9,90,0,50,0,2,1,0,0
2005,6,30,5,9,90,0,50,0,2,1,0,0
2005,6,30,6,9,90,0,50,0,2,1,0,0
2005,6,30,7,9,90,0,50,0,2,1,0,0
2005,6,30,16,9,90,0,50,0,2,1,0,0
2005,6,30,17,9,90,0,50,0,2,1,0,0
2005,6,30,18,9,90,0,50,0,2,1,0,0
2005,6,30,19,9,90,0,50,0,2,1,0,0
2005,6,30,20,9,90,0,50,0,2,1,0,0
2005,6,30,21,9,90,0,50,0,2,1,0,0
2005,6,30,22,9,90,0,50,0,2,1,0,0
2005,6,30,23,9,90,0,50,0,2,1,0,0
2005,6,30,24,9,90,0,50,0,2,1,0,0
2005,6,30,1,3,91,0,.1,0,1,0,0,0
2005,6,30,2,3,91,0,.1,0,1,0,0,0
2005,6,30,3,3,91,0,.1,0,1,0,0,0
2005,6,30,4,3,91,0,.1,0,1,0,0,0
2005,6,30,5,3,91,0,.1,0,1,0,0,0
2005,6,30,6,3,91,0,.1,0,1,0,0,0
2005,6,30,7,3,91,0,.1,0,1,0,0,0
2005,6,30,8,3,91,0,.1,0,1,0,0,0
2005,6,30,9,3,91,0,.1,0,1,0,0,0
2005,6,30,10,3,91,0,.1,0,1,0,0,0
2005,6,30,11,3,91,0,.1,0,1,0,0,0
2005,6,30,12,3,91,0,.1,0,1,0,0,0
2005,6,30,13,3,91,0,.1,0,1,0,0,0
2005,6,30,14,3,91,0,.1,0,1,0,0,0
2005,6,30,15,3,91,0,.1,0,1,0,0,0
2005,6,30,16,3,91,0,.1,0,1,0,0,0
2005,6,30,17,3,91,0,.1,0,1,0,0,0
2005,6,30,18,3,91,0,.1,0,1,0,0,0
2005,6,30,19,3,91,0,.1,0,1,0,0,0
2005,6,30,20,3,91,0,.1,0,1,0,0,0
2005,6,30,21,3,91,0,.1,0,1,0,0,0
2005,6,30,22,3,91,0,.1,0,1,0,0,0
2005,6,30,23,3,91,0,.1,0,1,0,0,0
2005,6,30,24,3,91,0,.1,0,1,0,0,0
2005,6,30,2,9,92,27.11,324.5,0,1,0,1,27.11
2005,6,30,3,9,92,27.92,580,0,1,0,1,27.92
2005,6,30,4,9,92,25.69,563.8,0,1,0,1,25.69
2005,6,30,5,9,92,25.83,555.7,0,1,0,1,25.83
2005,6,30,6,9,92,25.67,561.8,0,1,0,1,25.67
2005,6,30,7,9,92,24.18,587.1,0,1,0,1,24.18
2005,6,30,8,9,92,26.36,587.1,0,1,0,1,26.36
2005,6,30,8,9,92,70.12,134,0,1,1,0,70.12
2005,6,30,9,9,92,50.96,588.8,0,1,0,1,50.96
2005,6,30,9,9,92,70.12,236,0,1,0,1,70.12
2005,6,30,10,9,92,50.73,588.8,0,1,0,1,50.73
2005,6,30,10,9,92,70.12,236,0,1,0,1,70.12
2005,6,30,11,9,92,70.12,236,0,1,0,1,70.12
2005,6,30,11,9,92,76.03,588.8,0,1,0,1,76.03
2005,6,30,12,9,92,70.12,236,0,1,0,1,70.12
2005,6,30,12,9,92,86.33,588.8,0,1,0,1,86.33
2005,6,30,13,9,92,70.12,236,0,1,0,1,70.12
2005,6,30,13,9,92,86.56,588.8,0,1,0,1,86.56
2005,6,30,14,9,92,55.57,588.8,0,1,0,1,55.57
2005,6,30,14,9,92,70.12,236,0,1,0,1,70.12
2005,6,30,15,9,92,50.86,588.8,0,1,0,1,50.86
2005,6,30,15,9,92,70.12,236,0,1,0,1,70.12
2005,6,30,16,9,92,50.99,588.8,0,1,0,1,50.99
2005,6,30,16,9,92,70.12,236,0,1,0,1,70.12
2005,6,30,17,9,92,50.81,588.8,0,1,0,1,50.81
2005,6,30,17,9,92,70.12,236,0,1,0,1,70.12
2005,6,30,18,9,92,50.93,588.8,0,1,0,1,50.93
2005,6,30,18,9,92,70.12,236,0,1,0,1,70.12
2005,6,30,19,9,92,50.72,588.8,0,1,0,1,50.72
2005,6,30,19,9,92,70.12,236,0,1,0,1,70.12
2005,6,30,20,9,92,50.44,588.8,0,1,0,1,50.44
2005,6,30,20,9,92,70.12,214,0,1,0,1,70.12
2005,6,30,21,9,92,50.57,589.9,0,1,0,1,50.57
2005,6,30,21,9,92,70.12,138,0,1,0,1,70.12
2005,6,30,22,9,92,50.89,588.8,0,1,0,1,50.89
2005,6,30,22,9,92,70.12,106,0,1,0,1,70.12
2005,6,30,23,9,92,50.84,588.8,0,1,0,1,50.84
2005,6,30,23,9,92,70.12,86,0,1,0,1,70.12
2005,6,30,24,9,92,51.66,124.5,0,1,1,0,51.66
2005,6,30,8,9,93,49.7,30.4,0,1,1,0,49.7
2005,6,30,9,9,93,67.39,30.5,0,1,0,0,67.39
2005,6,30,7,9,94,41.57,94.6,0,2,1,0,41.57
2005,6,30,7,9,94,46.5,93,0,2,0,0,46.5
2005,6,30,8,9,94,53.05,75,0,2,0,0,53.05
2005,6,30,9,9,94,71.89,75,0,2,0,0,71.89
2005,6,30,10,9,94,83.84,75,0,2,1,0,83.84
2005,6,30,11,9,94,99.6,75,0,2,1,0,99.6
2005,6,30,12,9,94,109.88,75,0,2,0,0,109.88
2005,6,30,13,9,94,100.62,125,0,2,1,0,100.62
2005,6,30,14,9,94,99.17,125,0,2,1,0,99.17
2005,6,30,15,9,94,96.6,125,0,2,1,0,96.6
2005,6,30,16,9,94,0,25,0,2,1,0,0
2005,6,30,16,9,94,81.52,35,0,2,1,0,81.52
2005,6,30,2,9,95,38.21,50,0,1,0,1,38.21
2005,6,30,2,9,95,39.32,51,0,1,0,1,39.32
2005,6,30,2,9,95,40.12,51,0,1,0,1,40.12
2005,6,30,2,9,95,41.12,51,0,1,0,1,41.12
2005,6,30,2,9,95,42.1,101,0,1,0,1,42.1
2005,6,30,2,9,95,180.3,15.2,0,1,1,0,180.3
2005,6,30,3,9,95,38.21,43,0,1,0,1,38.21
2005,6,30,3,9,95,39.32,51,0,1,1,0,39.32
2005,6,30,3,9,95,40.12,51,0,1,1,0,40.12
2005,6,30,3,9,95,41.12,51,0,1,1,0,41.12
2005,6,30,3,9,95,42.1,101,0,1,1,0,42.1
2005,6,30,4,9,95,38.21,27,0,1,1,0,38.21
2005,6,30,4,9,95,39.32,51,0,1,1,0,39.32
2005,6,30,4,9,95,40.12,51,0,1,1,0,40.12
2005,6,30,4,9,95,41.12,51,0,1,1,0,41.12
2005,6,30,4,9,95,42.1,101,0,1,1,0,42.1
2005,6,30,5,9,95,38.21,20,0,1,1,0,38.21
2005,6,30,5,9,95,39.32,51,0,1,1,0,39.32
2005,6,30,5,9,95,40.12,51,0,1,1,0,40.12
2005,6,30,5,9,95,41.12,51,0,1,1,0,41.12
2005,6,30,5,9,95,42.1,101,0,1,1,0,42.1
2005,6,30,6,9,95,38.21,25,0,1,0,1,38.21
2005,6,30,6,9,95,39.32,51,0,1,1,0,39.32
2005,6,30,6,9,95,40.12,51,0,1,1,0,40.12
2005,6,30,6,9,95,41.12,51,0,1,1,0,41.12
2005,6,30,6,9,95,42.1,101,0,1,1,0,42.1
2005,6,30,7,9,95,38.21,50,0,1,0,1,38.21
2005,6,30,7,9,95,39.32,51,0,1,0,1,39.32
2005,6,30,7,9,95,40.12,51,0,1,0,1,40.12
2005,6,30,7,9,95,41.12,51,0,1,0,1,41.12
2005,6,30,7,9,95,42.1,101,0,1,0,1,42.1
2005,6,30,7,9,95,180.3,2,0,1,1,0,180.3
2005,6,30,8,9,95,180.3,48.7,0,1,1,0,180.3
2005,6,30,10,9,95,180.3,23.6,0,1,1,0,180.3
2005,6,30,11,9,95,180.3,37.3,0,1,1,0,180.3
2005,6,30,12,9,95,180.3,46.3,0,1,1,0,180.3
2005,6,30,13,9,95,180.3,46.8,0,1,1,0,180.3
2005,6,30,14,9,95,180.3,18.3,0,1,1,0,180.3
2005,6,30,15,9,95,180.3,22.3,0,1,1,0,180.3
2005,6,30,16,9,95,180.3,21.3,0,1,1,0,180.3
2005,6,30,17,9,95,180.3,21.3,0,1,1,0,180.3
2005,6,30,18,9,95,180.3,20.2,0,1,1,0,180.3
2005,6,30,19,9,95,180.3,16.7,0,1,1,0,180.3
2005,6,30,20,9,95,180.3,121.2,0,1,0,1,180.3
2005,6,30,1,9,96,180.3,.1,0,2,0,0,180.3
2005,6,30,2,9,96,180.3,.1,0,2,0,0,180.3
2005,6,30,3,9,96,180.3,.1,0,2,0,0,180.3
2005,6,30,4,9,96,180.3,.1,0,2,0,0,180.3
2005,6,30,5,9,96,180.3,.1,0,2,0,0,180.3
2005,6,30,6,9,96,180.3,.1,0,2,0,0,180.3
2005,6,30,7,9,96,180.3,.1,0,2,0,0,180.3
2005,6,30,8,9,96,180.3,.1,0,2,0,0,180.3
2005,6,30,9,9,96,180.3,.1,0,2,0,0,180.3
2005,6,30,10,9,96,180.3,.1,0,2,0,0,180.3
2005,6,30,11,9,96,180.3,.1,0,2,0,0,180.3
2005,6,30,12,9,96,180.3,.1,0,2,0,0,180.3
2005,6,30,13,9,96,180.3,.1,0,2,0,0,180.3
2005,6,30,14,9,96,180.3,.1,0,2,0,0,180.3
2005,6,30,15,9,96,180.3,.1,0,2,0,0,180.3
2005,6,30,16,9,96,180.3,.1,0,2,0,0,180.3
2005,6,30,17,9,96,180.3,.1,0,2,0,0,180.3
2005,6,30,18,9,96,180.3,.1,0,2,0,0,180.3
2005,6,30,19,9,96,180.3,.1,0,2,0,0,180.3
2005,6,30,20,9,96,180.3,.1,0,2,0,0,180.3
2005,6,30,21,9,96,180.3,.1,0,2,0,0,180.3
2005,6,30,22,9,96,180.3,.1,0,2,0,0,180.3
2005,6,30,23,9,96,180.3,.1,0,2,0,0,180.3
2005,6,30,24,9,96,180.3,.1,0,2,0,0,180.3
2005,6,30,1,9,97,0,8.9,0,2,1,0,0
2005,6,30,2,9,97,0,6.8,0,2,1,0,0
2005,6,30,3,9,97,0,5.7,0,2,1,0,0
2005,6,30,4,9,97,0,5,0,2,1,0,0
2005,6,30,5,9,97,0,4.5,0,2,1,0,0
2005,6,30,6,9,97,0,3.8,0,2,1,0,0
2005,6,30,7,9,97,0,3.4,0,2,1,0,0
2005,6,30,8,9,97,0,3.7,0,2,1,0,0
2005,6,30,9,9,97,0,3.6,0,2,1,0,0
2005,6,30,10,9,97,0,4.1,0,2,1,0,0
2005,6,30,11,9,97,0,2.4,0,2,1,0,0
2005,6,30,12,9,97,0,1.8,0,2,1,0,0
2005,6,30,13,9,97,0,2.4,0,2,1,0,0
2005,6,30,14,9,97,0,4.7,0,2,1,0,0
2005,6,30,15,9,97,0,8.1,0,2,1,0,0
2005,6,30,16,9,97,0,11.3,0,2,1,0,0
2005,6,30,17,9,97,0,14.2,0,2,1,0,0
2005,6,30,18,9,97,0,16,0,2,1,0,0
2005,6,30,19,9,97,0,15.9,0,2,1,0,0
2005,6,30,20,9,97,0,15.8,0,2,1,0,0
2005,6,30,21,9,97,0,14.5,0,2,1,0,0
2005,6,30,22,9,97,0,13.1,0,2,1,0,0
2005,6,30,23,9,97,0,9.3,0,2,1,0,0
2005,6,30,24,9,97,0,11.3,0,2,1,0,0
2005,6,30,1,9,98,100,33.4,0,1,1,0,100
2005,6,30,2,9,98,100,31.4,0,1,1,0,100
2005,6,30,3,9,98,100,29.8,0,1,1,0,100
2005,6,30,4,9,98,100,29.2,0,1,1,0,100
2005,6,30,5,9,98,100,29.2,0,1,1,0,100
2005,6,30,6,9,98,100,30.7,0,1,1,0,100
2005,6,30,7,9,98,100,36.2,0,1,1,0,100
2005,6,30,8,9,98,100,44.4,0,1,1,0,100
2005,6,30,9,9,98,130,52.9,0,1,1,0,130
2005,6,30,10,9,98,130,59.6,0,1,1,0,130
2005,6,30,11,9,98,130,66.4,0,1,1,0,130
2005,6,30,12,9,98,130,69.2,0,1,1,0,130
2005,6,30,13,9,98,130,69.8,0,1,1,0,130
2005,6,30,14,9,98,130,67.5,0,1,1,0,130
2005,6,30,15,9,98,130,58.7,0,1,1,0,130
2005,6,30,16,9,98,130,61.4,0,1,1,0,130
2005,6,30,17,9,98,130,63.2,0,1,1,0,130
2005,6,30,18,9,98,130,63.7,0,1,1,0,130
2005,6,30,19,9,98,130,61.3,0,1,1,0,130
2005,6,30,20,9,98,130,56.7,0,1,1,0,130
2005,6,30,21,9,98,130,53,0,1,1,0,130
2005,6,30,22,9,98,130,45.7,0,1,1,0,130
2005,6,30,23,9,98,130,38.9,0,1,1,0,130
2005,6,30,24,9,98,130,35.7,0,1,1,0,130
2005,6,30,1,9,99,0,50,0,1,0,0,0
2005,6,30,2,9,99,0,50,0,1,0,0,0
2005,6,30,3,9,99,0,50,0,1,0,0,0
2005,6,30,4,9,99,0,50,0,1,0,0,0
2005,6,30,5,9,99,0,50,0,1,0,0,0
2005,6,30,6,9,99,0,50,0,1,0,0,0
2005,6,30,7,9,99,0,50,0,1,0,0,0
2005,6,30,8,9,99,0,50,0,1,0,0,0
2005,6,30,9,9,99,0,50,0,1,0,0,0
2005,6,30,10,9,99,0,50,0,1,0,0,0
2005,6,30,11,9,99,0,50,0,1,0,0,0
2005,6,30,12,9,99,0,50,0,1,0,0,0
2005,6,30,13,9,99,0,50,0,1,0,0,0
2005,6,30,14,9,99,0,50,0,1,0,0,0
2005,6,30,15,9,99,0,50,0,1,0,0,0
2005,6,30,16,9,99,0,50,0,1,0,0,0
2005,6,30,17,9,99,0,50,0,1,0,0,0
2005,6,30,18,9,99,0,50,0,1,0,0,0
2005,6,30,19,9,99,0,50,0,1,0,0,0
2005,6,30,20,9,99,0,50,0,1,0,0,0
2005,6,30,21,9,99,0,50,0,1,0,0,0
2005,6,30,22,9,99,0,50,0,1,0,0,0
2005,6,30,23,9,99,0,50,0,1,0,0,0
2005,6,30,24,9,99,0,50,0,1,0,0,0
2005,6,30,1,9,100,0,10,0,1,0,0,0
2005,6,30,1,9,101,0,306.5,0,2,1,0,0
2005,6,30,2,9,101,0,275.1,0,2,1,0,0
2005,6,30,3,9,101,0,246.5,0,2,1,0,0
2005,6,30,4,9,101,0,229.7,0,2,1,0,0
2005,6,30,5,9,101,0,218.1,0,2,1,0,0
2005,6,30,6,9,101,0,197.7,0,2,1,0,0
2005,6,30,7,9,101,0,180.9,0,2,1,0,0
2005,6,30,8,9,101,0,174.6,0,2,1,0,0
2005,6,30,9,9,101,0,172.3,0,2,1,0,0
2005,6,30,10,9,101,0,164.8,0,2,1,0,0
2005,6,30,11,9,101,0,135.5,0,2,1,0,0
2005,6,30,12,9,101,0,100.9,0,2,1,0,0
2005,6,30,13,9,101,0,93,0,2,1,0,0
2005,6,30,14,9,101,0,90.8,0,2,1,0,0
2005,6,30,15,9,101,0,114.7,0,2,1,0,0
2005,6,30,16,9,101,0,197.9,0,2,1,0,0
2005,6,30,17,9,101,0,304.2,0,2,1,0,0
2005,6,30,18,9,101,0,413.9,0,2,1,0,0
2005,6,30,19,9,101,0,484.3,0,2,1,0,0
2005,6,30,20,9,101,0,529.5,0,2,1,0,0
2005,6,30,21,9,101,0,540.5,0,2,1,0,0
2005,6,30,22,9,101,0,530.4,0,2,1,0,0
2005,6,30,23,9,101,0,520.5,0,2,1,0,0
2005,6,30,24,9,101,0,464.7,0,2,1,0,0
2005,6,30,1,9,102,0,100,0,2,1,0,0
2005,6,30,2,9,102,0,100,0,2,1,0,0
2005,6,30,3,9,102,0,100,0,2,1,0,0
2005,6,30,4,9,102,0,100,0,2,1,0,0
2005,6,30,5,9,102,0,200,0,2,1,0,0
2005,6,30,6,9,102,0,200,0,2,1,0,0
2005,6,30,21,9,102,0,300,0,2,1,0,0
2005,6,30,22,9,102,0,300,0,2,1,0,0
2005,6,30,23,9,102,0,300,0,2,1,0,0
2005,6,30,24,9,102,0,300,0,2,1,0,0
2005,6,30,1,9,103,0,75,0,2,1,0,0
2005,6,30,2,9,103,0,75,0,2,1,0,0
2005,6,30,3,9,103,0,75,0,2,1,0,0
2005,6,30,4,9,103,0,75,0,2,1,0,0
2005,6,30,5,9,103,0,75,0,2,1,0,0
2005,6,30,6,9,103,0,75,0,2,1,0,0
2005,6,30,7,9,103,0,75,0,2,1,0,0
2005,6,30,17,9,103,0,75,0,2,1,0,0
2005,6,30,18,9,103,0,75,0,2,1,0,0
2005,6,30,19,9,103,0,75,0,2,1,0,0
2005,6,30,20,9,103,0,75,0,2,1,0,0
2005,6,30,21,9,103,0,75,0,2,1,0,0
2005,6,30,22,9,103,0,75,0,2,1,0,0
2005,6,30,23,9,103,0,75,0,2,1,0,0
2005,6,30,24,9,103,0,75,0,2,1,0,0
2005,6,30,1,9,104,0,7,0,2,1,0,0
2005,6,30,2,9,104,0,4.2,0,2,1,0,0
2005,6,30,3,9,104,0,2.3,0,2,1,0,0
2005,6,30,4,9,104,0,1.3,0,2,1,0,0
2005,6,30,5,9,104,0,1.3,0,2,1,0,0
2005,6,30,6,9,104,0,2.1,0,2,1,0,0
2005,6,30,7,9,104,0,2.7,0,2,1,0,0
2005,6,30,8,9,104,0,2.9,0,2,1,0,0
2005,6,30,9,9,104,0,2.9,0,2,1,0,0
2005,6,30,10,9,104,0,2.6,0,2,1,0,0
2005,6,30,11,9,104,0,2,0,2,1,0,0
2005,6,30,12,9,104,0,1.1,0,2,1,0,0
2005,6,30,13,9,104,0,1.2,0,2,1,0,0
2005,6,30,14,9,104,0,2.2,0,2,1,0,0
2005,6,30,15,9,104,0,4.1,0,2,1,0,0
2005,6,30,16,9,104,0,7,0,2,1,0,0
2005,6,30,17,9,104,0,10.8,0,2,1,0,0
2005,6,30,18,9,104,0,15.6,0,2,1,0,0
2005,6,30,19,9,104,0,18.9,0,2,1,0,0
2005,6,30,20,9,104,0,20.8,0,2,1,0,0
2005,6,30,21,9,104,0,21.2,0,2,1,0,0
2005,6,30,22,9,104,0,20.1,0,2,1,0,0
2005,6,30,23,9,104,0,17.6,0,2,1,0,0
2005,6,30,24,9,104,0,13.6,0,2,1,0,0
2005,6,30,1,9,105,0,23.9,0,2,1,0,0
2005,6,30,2,9,105,0,23.9,0,2,1,0,0
2005,6,30,3,9,105,0,23.9,0,2,1,0,0
2005,6,30,4,9,105,0,24.3,0,2,1,0,0
2005,6,30,5,9,105,0,24.3,0,2,1,0,0
2005,6,30,6,9,105,0,24.3,0,2,1,0,0
2005,6,30,7,9,105,0,24.5,0,2,1,0,0
2005,6,30,8,9,105,0,24.5,0,2,1,0,0
2005,6,30,9,9,105,0,24.5,0,2,1,0,0
2005,6,30,10,9,105,0,23.9,0,2,1,0,0
2005,6,30,11,9,105,0,23.9,0,2,1,0,0
2005,6,30,12,9,105,0,23.9,0,2,1,0,0
2005,6,30,13,9,105,0,23.9,0,2,1,0,0
2005,6,30,14,9,105,0,23.9,0,2,1,0,0
2005,6,30,15,9,105,0,23.4,0,2,1,0,0
2005,6,30,16,9,105,0,23.4,0,2,1,0,0
2005,6,30,17,9,105,0,23.4,0,2,1,0,0
2005,6,30,18,9,105,0,23.4,0,2,1,0,0
2005,6,30,19,9,105,0,23.4,0,2,1,0,0
2005,6,30,20,9,105,0,23.4,0,2,1,0,0
2005,6,30,21,9,105,0,23.4,0,2,1,0,0
2005,6,30,22,9,105,0,23.4,0,2,1,0,0
2005,6,30,23,9,105,0,23.6,0,2,1,0,0
2005,6,30,24,9,105,0,23.6,0,2,1,0,0
2005,6,30,1,9,106,0,33.8,0,2,1,0,0
2005,6,30,2,9,106,0,33.8,0,2,1,0,0
2005,6,30,3,9,106,0,33.8,0,2,1,0,0
2005,6,30,4,9,106,0,34.4,0,2,1,0,0
2005,6,30,5,9,106,0,34.4,0,2,1,0,0
2005,6,30,6,9,106,0,34.4,0,2,1,0,0
2005,6,30,7,9,106,0,34.7,0,2,1,0,0
2005,6,30,8,9,106,0,34.7,0,2,1,0,0
2005,6,30,9,9,106,0,34.7,0,2,1,0,0
2005,6,30,10,9,106,0,34,0,2,1,0,0
2005,6,30,11,9,106,0,34,0,2,1,0,0
2005,6,30,12,9,106,0,34,0,2,1,0,0
2005,6,30,13,9,106,0,34,0,2,1,0,0
2005,6,30,14,9,106,0,34,0,2,1,0,0
2005,6,30,15,9,106,0,33.2,0,2,1,0,0
2005,6,30,16,9,106,0,33.2,0,2,1,0,0
2005,6,30,17,9,106,0,33.2,0,2,1,0,0
2005,6,30,18,9,106,0,33.2,0,2,1,0,0
2005,6,30,19,9,106,0,33.2,0,2,1,0,0
2005,6,30,20,9,106,0,33.2,0,2,1,0,0
2005,6,30,21,9,106,0,32.9,0,2,1,0,0
2005,6,30,22,9,106,0,32.9,0,2,1,0,0
2005,6,30,23,9,106,0,33.2,0,2,1,0,0
2005,6,30,24,9,106,0,33.2,0,2,1,0,0
2005,6,30,1,9,107,180.3,1,0,2,0,0,180.3
2005,6,30,2,9,107,180.3,1,0,2,0,0,180.3
2005,6,30,3,9,107,180.3,1,0,2,0,0,180.3
2005,6,30,4,9,107,180.3,1,0,2,0,0,180.3
2005,6,30,5,9,107,180.3,1,0,2,0,0,180.3
2005,6,30,6,9,107,180.3,1,0,2,0,0,180.3
2005,6,30,7,9,107,180.3,1,0,2,0,0,180.3
2005,6,30,8,9,107,180.3,1,0,2,0,0,180.3
2005,6,30,9,9,107,180.3,1,0,2,0,0,180.3
2005,6,30,10,9,107,180.3,1,0,2,0,0,180.3
2005,6,30,11,9,107,180.3,1,0,2,0,0,180.3
2005,6,30,12,9,107,180.3,1,0,2,0,0,180.3
2005,6,30,13,9,107,180.3,1,0,2,0,0,180.3
2005,6,30,14,9,107,180.3,1,0,2,0,0,180.3
2005,6,30,15,9,107,180.3,1,0,2,0,0,180.3
2005,6,30,16,9,107,180.3,1,0,2,0,0,180.3
2005,6,30,17,9,107,180.3,1,0,2,0,0,180.3
2005,6,30,18,9,107,180.3,1,0,2,0,0,180.3
2005,6,30,19,9,107,180.3,1,0,2,0,0,180.3
2005,6,30,20,9,107,180.3,1,0,2,0,0,180.3
2005,6,30,21,9,107,180.3,1,0,2,0,0,180.3
2005,6,30,22,9,107,180.3,1,0,2,0,0,180.3
2005,6,30,23,9,107,180.3,1,0,2,0,0,180.3
2005,6,30,24,9,107,180.3,1,0,2,0,0,180.3
2005,6,30,1,9,108,150,.3,0,1,1,0,150
2005,6,30,2,9,108,150,.3,0,1,1,0,150
2005,6,30,3,9,108,150,.3,0,1,1,0,150
2005,6,30,4,9,108,150,.3,0,1,1,0,150
2005,6,30,5,9,108,150,.3,0,1,1,0,150
2005,6,30,6,9,108,150,.3,0,1,1,0,150
2005,6,30,7,9,108,150,.4,0,1,1,0,150
2005,6,30,8,9,108,150,.5,0,1,1,0,150
2005,6,30,9,9,108,150,.4,0,1,1,0,150
2005,6,30,10,9,108,150,.7,0,1,1,0,150
2005,6,30,11,9,108,150,.7,0,1,1,0,150
2005,6,30,12,9,108,150,.7,0,1,1,0,150
2005,6,30,13,9,108,150,.7,0,1,1,0,150
2005,6,30,14,9,108,150,.5,0,1,1,0,150
2005,6,30,15,9,108,150,.4,0,1,1,0,150
2005,6,30,16,9,108,150,.4,0,1,1,0,150
2005,6,30,17,9,108,150,.4,0,1,1,0,150
2005,6,30,18,9,108,150,.5,0,1,1,0,150
2005,6,30,19,9,108,150,.5,0,1,1,0,150
2005,6,30,20,9,108,150,.5,0,1,1,0,150
2005,6,30,21,9,108,150,.5,0,1,1,0,150
2005,6,30,22,9,108,150,.4,0,1,1,0,150
2005,6,30,23,9,108,150,.3,0,1,1,0,150
2005,6,30,24,9,108,150,.3,0,1,1,0,150
2005,6,30,1,9,109,180.3,5782.9,0,1,1,0,180.3
2005,6,30,2,9,109,180.3,5134.2,0,1,1,0,180.3
2005,6,30,3,9,109,180.3,4740.8,0,1,1,0,180.3
2005,6,30,4,9,109,180.3,4625.7,0,1,1,0,180.3
2005,6,30,5,9,109,180.3,4526.1,0,1,1,0,180.3
2005,6,30,6,9,109,180.3,4578.6,0,1,1,0,180.3
2005,6,30,7,9,109,180.3,4766.5,0,1,1,0,180.3
2005,6,30,8,9,109,180.3,5205.3,0,1,1,0,180.3
2005,6,30,9,9,109,180.3,5821,0,1,1,0,180.3
2005,6,30,10,9,109,180.3,6256.8,0,1,1,0,180.3
2005,6,30,11,9,109,180.3,6606.4,0,1,1,0,180.3
2005,6,30,12,9,109,180.3,6738.7,0,1,1,0,180.3
2005,6,30,13,9,109,180.3,6908.1,0,1,1,0,180.3
2005,6,30,14,9,109,180.3,7092.6,0,1,1,0,180.3
2005,6,30,15,9,109,180.3,6938.2,0,1,1,0,180.3
2005,6,30,16,9,109,180.3,6979.3,0,1,1,0,180.3
2005,6,30,17,9,109,180.3,7078.3,0,1,1,0,180.3
2005,6,30,18,9,109,180.3,7286.4,0,1,1,0,180.3
2005,6,30,19,9,109,180.3,7234.6,0,1,1,0,180.3
2005,6,30,20,9,109,180.3,6899.8,0,1,1,0,180.3
2005,6,30,21,9,109,180.3,6464.2,0,1,1,0,180.3
2005,6,30,22,9,109,180.3,6639.8,0,1,1,0,180.3
2005,6,30,23,9,109,180.3,6946.7,0,1,1,0,180.3
2005,6,30,24,9,109,180.3,6230.9,0,1,1,0,180.3
2005,6,30,1,2,110,137.47,.2,0,1,1,0,137.47
2005,6,30,1,2,110,145.48,279.7,0,1,1,0,145.48
2005,6,30,1,2,110,146.49,279.7,0,1,1,0,146.49
2005,6,30,1,2,110,147.5,279.7,0,1,1,0,147.5
2005,6,30,1,2,110,148.51,279.7,0,1,1,0,148.51
2005,6,30,1,2,110,149.52,279.7,0,1,1,0,149.52
2005,6,30,1,2,110,150.53,279.7,0,1,1,0,150.53
2005,6,30,1,2,110,151.54,279.7,0,1,1,0,151.54
2005,6,30,1,2,110,152.55,279.7,0,1,1,0,152.55
2005,6,30,1,2,110,153.56,279.7,0,1,1,0,153.56
2005,6,30,1,2,110,154.57,279.7,0,1,1,0,154.57
2005,6,30,1,2,110,155.58,279.7,0,1,1,0,155.58
2005,6,30,1,2,110,156.59,279.7,0,1,1,0,156.59
2005,6,30,1,2,110,157.6,279.9,0,1,1,0,157.6
2005,6,30,2,2,110,137.47,.2,0,1,1,0,137.47
2005,6,30,2,2,110,145.48,267.7,0,1,1,0,145.48
2005,6,30,2,2,110,146.49,267.7,0,1,1,0,146.49
2005,6,30,2,2,110,147.5,267.7,0,1,1,0,147.5
2005,6,30,2,2,110,148.51,267.7,0,1,1,0,148.51
2005,6,30,2,2,110,149.52,267.7,0,1,1,0,149.52
2005,6,30,2,2,110,150.53,267.7,0,1,1,0,150.53
2005,6,30,2,2,110,151.54,267.7,0,1,1,0,151.54
2005,6,30,2,2,110,152.55,267.7,0,1,1,0,152.55
2005,6,30,2,2,110,153.56,267.7,0,1,1,0,153.56
2005,6,30,2,2,110,154.57,267.7,0,1,1,0,154.57
2005,6,30,2,2,110,155.58,267.7,0,1,1,0,155.58
2005,6,30,2,2,110,156.59,267.7,0,1,1,0,156.59
2005,6,30,2,2,110,157.6,267.9,0,1,1,0,157.6
2005,6,30,3,2,110,137.47,.2,0,1,1,0,137.47
2005,6,30,3,2,110,145.48,259,0,1,1,0,145.48
2005,6,30,3,2,110,146.49,259,0,1,1,0,146.49
2005,6,30,3,2,110,147.5,259,0,1,1,0,147.5
2005,6,30,3,2,110,148.51,259,0,1,1,0,148.51
2005,6,30,3,2,110,149.52,259,0,1,1,0,149.52
2005,6,30,3,2,110,150.53,259,0,1,1,0,150.53
2005,6,30,3,2,110,151.54,259,0,1,1,0,151.54
2005,6,30,3,2,110,152.55,259,0,1,1,0,152.55
2005,6,30,3,2,110,153.56,259,0,1,1,0,153.56
2005,6,30,3,2,110,154.57,259,0,1,1,0,154.57
2005,6,30,3,2,110,155.58,259,0,1,1,0,155.58
2005,6,30,3,2,110,156.59,259,0,1,1,0,156.59
2005,6,30,3,2,110,157.6,259.1,0,1,1,0,157.6
2005,6,30,4,2,110,137.47,.2,0,1,1,0,137.47
2005,6,30,4,2,110,145.48,255.9,0,1,1,0,145.48
2005,6,30,4,2,110,146.49,255.9,0,1,1,0,146.49
2005,6,30,4,2,110,147.5,255.9,0,1,1,0,147.5
2005,6,30,4,2,110,148.51,255.9,0,1,1,0,148.51
2005,6,30,4,2,110,149.52,255.9,0,1,1,0,149.52
2005,6,30,4,2,110,150.53,255.9,0,1,1,0,150.53
2005,6,30,4,2,110,151.54,255.9,0,1,1,0,151.54
2005,6,30,4,2,110,152.55,255.9,0,1,1,0,152.55
2005,6,30,4,2,110,153.56,255.9,0,1,1,0,153.56
2005,6,30,4,2,110,154.57,255.9,0,1,1,0,154.57
2005,6,30,4,2,110,155.58,255.9,0,1,1,0,155.58
2005,6,30,4,2,110,156.59,255.9,0,1,1,0,156.59
2005,6,30,4,2,110,157.6,256.5,0,1,1,0,157.6
2005,6,30,5,2,110,137.47,.2,0,1,1,0,137.47
2005,6,30,5,2,110,145.48,255.4,0,1,1,0,145.48
2005,6,30,5,2,110,146.49,255.4,0,1,1,0,146.49
2005,6,30,5,2,110,147.5,255.4,0,1,1,0,147.5
2005,6,30,5,2,110,148.51,255.4,0,1,1,0,148.51
2005,6,30,5,2,110,149.52,255.4,0,1,1,0,149.52
2005,6,30,5,2,110,150.53,255.4,0,1,1,0,150.53
2005,6,30,5,2,110,151.54,255.4,0,1,1,0,151.54
2005,6,30,5,2,110,152.55,255.4,0,1,1,0,152.55
2005,6,30,5,2,110,153.56,255.4,0,1,1,0,153.56
2005,6,30,5,2,110,154.57,255.4,0,1,1,0,154.57
2005,6,30,5,2,110,155.58,255.4,0,1,1,0,155.58
2005,6,30,5,2,110,156.59,255.4,0,1,1,0,156.59
2005,6,30,5,2,110,157.6,255.2,0,1,1,0,157.6
2005,6,30,6,2,110,137.47,.2,0,1,1,0,137.47
2005,6,30,6,2,110,145.48,260.7,0,1,1,0,145.48
2005,6,30,6,2,110,146.49,260.7,0,1,1,0,146.49
2005,6,30,6,2,110,147.5,260.7,0,1,1,0,147.5
2005,6,30,6,2,110,148.51,260.7,0,1,1,0,148.51
2005,6,30,6,2,110,149.52,260.7,0,1,1,0,149.52
2005,6,30,6,2,110,150.53,260.7,0,1,1,0,150.53
2005,6,30,6,2,110,151.54,260.7,0,1,1,0,151.54
2005,6,30,6,2,110,152.55,260.7,0,1,1,0,152.55
2005,6,30,6,2,110,153.56,260.7,0,1,1,0,153.56
2005,6,30,6,2,110,154.57,260.7,0,1,1,0,154.57
2005,6,30,6,2,110,155.58,260.7,0,1,1,0,155.58
2005,6,30,6,2,110,156.59,260.7,0,1,1,0,156.59
2005,6,30,6,2,110,157.6,260.6,0,1,1,0,157.6
2005,6,30,7,2,110,145.48,290.3,0,1,1,0,145.48
2005,6,30,7,2,110,146.49,290.3,0,1,1,0,146.49
2005,6,30,7,2,110,147.5,290.3,0,1,1,0,147.5
2005,6,30,7,2,110,148.51,290.3,0,1,1,0,148.51
2005,6,30,7,2,110,149.52,290.3,0,1,1,0,149.52
2005,6,30,7,2,110,150.53,290.3,0,1,1,0,150.53
2005,6,30,7,2,110,151.54,290.3,0,1,1,0,151.54
2005,6,30,7,2,110,152.55,290.3,0,1,1,0,152.55
2005,6,30,7,2,110,153.56,290.3,0,1,1,0,153.56
2005,6,30,7,2,110,154.57,290.3,0,1,1,0,154.57
2005,6,30,7,2,110,155.58,290.3,0,1,1,0,155.58
2005,6,30,7,2,110,156.59,290.3,0,1,1,0,156.59
2005,6,30,7,2,110,157.6,290,0,1,1,0,157.6
2005,6,30,8,2,110,137.47,.2,0,1,1,0,137.47
2005,6,30,8,2,110,145.48,322.5,0,1,1,0,145.48
2005,6,30,8,2,110,146.49,322.5,0,1,1,0,146.49
2005,6,30,8,2,110,147.5,322.5,0,1,1,0,147.5
2005,6,30,8,2,110,148.51,322.5,0,1,1,0,148.51
2005,6,30,8,2,110,149.52,322.5,0,1,1,0,149.52
2005,6,30,8,2,110,150.53,322.5,0,1,1,0,150.53
2005,6,30,8,2,110,151.54,322.5,0,1,1,0,151.54
2005,6,30,8,2,110,152.55,322.5,0,1,1,0,152.55
2005,6,30,8,2,110,153.56,322.5,0,1,1,0,153.56
2005,6,30,8,2,110,154.57,322.5,0,1,1,0,154.57
2005,6,30,8,2,110,155.58,322.5,0,1,1,0,155.58
2005,6,30,8,2,110,156.59,322.5,0,1,1,0,156.59
2005,6,30,8,2,110,157.6,323,0,1,1,0,157.6
2005,6,30,9,2,110,137.47,8.8,0,1,1,0,137.47
2005,6,30,9,2,110,145.48,356.1,0,1,1,0,145.48
2005,6,30,9,2,110,146.49,356.1,0,1,1,0,146.49
2005,6,30,9,2,110,147.5,356.1,0,1,1,0,147.5
2005,6,30,9,2,110,148.51,356.1,0,1,1,0,148.51
2005,6,30,9,2,110,149.52,356.1,0,1,1,0,149.52
2005,6,30,9,2,110,150.53,356.1,0,1,1,0,150.53
2005,6,30,9,2,110,151.54,356.1,0,1,1,0,151.54
2005,6,30,9,2,110,152.55,356.1,0,1,1,0,152.55
2005,6,30,9,2,110,153.56,356.1,0,1,1,0,153.56
2005,6,30,9,2,110,154.57,356.1,0,1,1,0,154.57
2005,6,30,9,2,110,155.58,356.1,0,1,1,0,155.58
2005,6,30,9,2,110,156.59,356.1,0,1,1,0,156.59
2005,6,30,9,2,110,157.6,355.7,0,1,1,0,157.6
2005,6,30,10,2,110,137.47,15.9,0,1,1,0,137.47
2005,6,30,10,2,110,145.48,393.3,0,1,1,0,145.48
2005,6,30,10,2,110,146.49,393.3,0,1,1,0,146.49
2005,6,30,10,2,110,147.5,393.3,0,1,1,0,147.5
2005,6,30,10,2,110,148.51,393.3,0,1,1,0,148.51
2005,6,30,10,2,110,149.52,393.3,0,1,1,0,149.52
2005,6,30,10,2,110,150.53,393.3,0,1,1,0,150.53
2005,6,30,10,2,110,151.54,393.3,0,1,1,0,151.54
2005,6,30,10,2,110,152.55,393.3,0,1,1,0,152.55
2005,6,30,10,2,110,153.56,393.3,0,1,1,0,153.56
2005,6,30,10,2,110,154.57,393.3,0,1,1,0,154.57
2005,6,30,10,2,110,155.58,393.3,0,1,1,0,155.58
2005,6,30,10,2,110,156.59,393.3,0,1,1,0,156.59
2005,6,30,10,2,110,157.6,393.2,0,1,1,0,157.6
2005,6,30,11,2,110,137.47,18.4,0,1,1,0,137.47
2005,6,30,11,2,110,145.48,418.5,0,1,1,0,145.48
2005,6,30,11,2,110,146.49,418.5,0,1,1,0,146.49
2005,6,30,11,2,110,147.5,418.5,0,1,1,0,147.5
2005,6,30,11,2,110,148.51,418.5,0,1,1,0,148.51
2005,6,30,11,2,110,149.52,418.5,0,1,1,0,149.52
2005,6,30,11,2,110,150.53,418.5,0,1,1,0,150.53
2005,6,30,11,2,110,151.54,418.5,0,1,1,0,151.54
2005,6,30,11,2,110,152.55,418.5,0,1,1,0,152.55
2005,6,30,11,2,110,153.56,418.5,0,1,1,0,153.56
2005,6,30,11,2,110,154.57,418.5,0,1,1,0,154.57
2005,6,30,11,2,110,155.58,418.5,0,1,1,0,155.58
2005,6,30,11,2,110,156.59,418.5,0,1,1,0,156.59
2005,6,30,11,2,110,157.6,418.8,0,1,1,0,157.6
2005,6,30,12,2,110,137.47,15.7,0,1,1,0,137.47
2005,6,30,12,2,110,145.48,431.4,0,1,1,0,145.48
2005,6,30,12,2,110,146.49,431.4,0,1,1,0,146.49
2005,6,30,12,2,110,147.5,431.4,0,1,1,0,147.5
2005,6,30,12,2,110,148.51,431.4,0,1,1,0,148.51
2005,6,30,12,2,110,149.52,431.4,0,1,1,0,149.52
2005,6,30,12,2,110,150.53,431.4,0,1,1,0,150.53
2005,6,30,12,2,110,151.54,431.4,0,1,1,0,151.54
2005,6,30,12,2,110,152.55,431.4,0,1,1,0,152.55
2005,6,30,12,2,110,153.56,431.4,0,1,1,0,153.56
2005,6,30,12,2,110,154.57,431.4,0,1,1,0,154.57
2005,6,30,12,2,110,155.58,431.4,0,1,1,0,155.58
2005,6,30,12,2,110,156.59,431.4,0,1,1,0,156.59
2005,6,30,12,2,110,157.6,430.9,0,1,1,0,157.6
2005,6,30,13,2,110,137.47,15.7,0,1,1,0,137.47
2005,6,30,13,2,110,145.48,435.8,0,1,1,0,145.48
2005,6,30,13,2,110,146.49,435.8,0,1,1,0,146.49
2005,6,30,13,2,110,147.5,435.8,0,1,1,0,147.5
2005,6,30,13,2,110,148.51,435.8,0,1,1,0,148.51
2005,6,30,13,2,110,149.52,435.8,0,1,1,0,149.52
2005,6,30,13,2,110,150.53,435.8,0,1,1,0,150.53
2005,6,30,13,2,110,151.54,435.8,0,1,1,0,151.54
2005,6,30,13,2,110,152.55,435.8,0,1,1,0,152.55
2005,6,30,13,2,110,153.56,435.8,0,1,1,0,153.56
2005,6,30,13,2,110,154.57,435.8,0,1,1,0,154.57
2005,6,30,13,2,110,155.58,435.8,0,1,1,0,155.58
2005,6,30,13,2,110,156.59,435.8,0,1,1,0,156.59
2005,6,30,13,2,110,157.6,436.2,0,1,1,0,157.6
2005,6,30,14,2,110,137.47,15.7,0,1,1,0,137.47
2005,6,30,14,2,110,145.48,417.1,0,1,1,0,145.48
2005,6,30,14,2,110,146.49,417.1,0,1,1,0,146.49
2005,6,30,14,2,110,147.5,417.1,0,1,1,0,147.5
2005,6,30,14,2,110,148.51,417.1,0,1,1,0,148.51
2005,6,30,14,2,110,149.52,417.1,0,1,1,0,149.52
2005,6,30,14,2,110,150.53,417.1,0,1,1,0,150.53
2005,6,30,14,2,110,151.54,417.1,0,1,1,0,151.54
2005,6,30,14,2,110,152.55,417.1,0,1,1,0,152.55
2005,6,30,14,2,110,153.56,417.1,0,1,1,0,153.56
2005,6,30,14,2,110,154.57,417.1,0,1,1,0,154.57
2005,6,30,14,2,110,155.58,417.1,0,1,1,0,155.58
2005,6,30,14,2,110,156.59,417.1,0,1,1,0,156.59
2005,6,30,14,2,110,157.6,416.9,0,1,1,0,157.6
2005,6,30,15,2,110,137.47,15.7,0,1,1,0,137.47
2005,6,30,15,2,110,145.48,396.9,0,1,1,0,145.48
2005,6,30,15,2,110,146.49,396.9,0,1,1,0,146.49
2005,6,30,15,2,110,147.5,396.9,0,1,1,0,147.5
2005,6,30,15,2,110,148.51,396.9,0,1,1,0,148.51
2005,6,30,15,2,110,149.52,396.9,0,1,1,0,149.52
2005,6,30,15,2,110,150.53,396.9,0,1,1,0,150.53
2005,6,30,15,2,110,151.54,396.9,0,1,1,0,151.54
2005,6,30,15,2,110,152.55,396.9,0,1,1,0,152.55
2005,6,30,15,2,110,153.56,396.9,0,1,1,0,153.56
2005,6,30,15,2,110,154.57,396.9,0,1,1,0,154.57
2005,6,30,15,2,110,155.58,396.9,0,1,1,0,155.58
2005,6,30,15,2,110,156.59,396.9,0,1,1,0,156.59
2005,6,30,15,2,110,157.6,397.2,0,1,1,0,157.6
2005,6,30,16,2,110,137.47,15.7,0,1,1,0,137.47
2005,6,30,16,2,110,145.48,393.7,0,1,1,0,145.48
2005,6,30,16,2,110,146.49,393.7,0,1,1,0,146.49
2005,6,30,16,2,110,147.5,393.7,0,1,1,0,147.5
2005,6,30,16,2,110,148.51,393.7,0,1,1,0,148.51
2005,6,30,16,2,110,149.52,393.7,0,1,1,0,149.52
2005,6,30,16,2,110,150.53,393.7,0,1,1,0,150.53
2005,6,30,16,2,110,151.54,393.7,0,1,1,0,151.54
2005,6,30,16,2,110,152.55,393.7,0,1,1,0,152.55
2005,6,30,16,2,110,153.56,393.7,0,1,1,0,153.56
2005,6,30,16,2,110,154.57,393.7,0,1,1,0,154.57
2005,6,30,16,2,110,155.58,393.7,0,1,1,0,155.58
2005,6,30,16,2,110,156.59,393.7,0,1,1,0,156.59
2005,6,30,16,2,110,157.6,393.9,0,1,1,0,157.6
2005,6,30,17,2,110,137.47,15.7,0,1,1,0,137.47
2005,6,30,17,2,110,145.48,397.5,0,1,1,0,145.48
2005,6,30,17,2,110,146.49,397.5,0,1,1,0,146.49
2005,6,30,17,2,110,147.5,397.5,0,1,1,0,147.5
2005,6,30,17,2,110,148.51,397.5,0,1,1,0,148.51
2005,6,30,17,2,110,149.52,397.5,0,1,1,0,149.52
2005,6,30,17,2,110,150.53,397.5,0,1,1,0,150.53
2005,6,30,17,2,110,151.54,397.5,0,1,1,0,151.54
2005,6,30,17,2,110,152.55,397.5,0,1,1,0,152.55
2005,6,30,17,2,110,153.56,397.5,0,1,1,0,153.56
2005,6,30,17,2,110,154.57,397.5,0,1,1,0,154.57
2005,6,30,17,2,110,155.58,397.5,0,1,1,0,155.58
2005,6,30,17,2,110,156.59,397.5,0,1,1,0,156.59
2005,6,30,17,2,110,157.6,397.5,0,1,1,0,157.6
2005,6,30,18,2,110,137.47,15.7,0,1,1,0,137.47
2005,6,30,18,2,110,145.48,398.4,0,1,1,0,145.48
2005,6,30,18,2,110,146.49,398.4,0,1,1,0,146.49
2005,6,30,18,2,110,147.5,398.4,0,1,1,0,147.5
2005,6,30,18,2,110,148.51,398.4,0,1,1,0,148.51
2005,6,30,18,2,110,149.52,398.4,0,1,1,0,149.52
2005,6,30,18,2,110,150.53,398.4,0,1,1,0,150.53
2005,6,30,18,2,110,151.54,398.4,0,1,1,0,151.54
2005,6,30,18,2,110,152.55,398.4,0,1,1,0,152.55
2005,6,30,18,2,110,153.56,398.4,0,1,1,0,153.56
2005,6,30,18,2,110,154.57,398.4,0,1,1,0,154.57
2005,6,30,18,2,110,155.58,398.4,0,1,1,0,155.58
2005,6,30,18,2,110,156.59,398.4,0,1,1,0,156.59
2005,6,30,18,2,110,157.6,398.7,0,1,1,0,157.6
2005,6,30,19,2,110,137.47,15.7,0,1,1,0,137.47
2005,6,30,19,2,110,145.48,391.4,0,1,1,0,145.48
2005,6,30,19,2,110,146.49,391.4,0,1,1,0,146.49
2005,6,30,19,2,110,147.5,391.4,0,1,1,0,147.5
2005,6,30,19,2,110,148.51,391.4,0,1,1,0,148.51
2005,6,30,19,2,110,149.52,391.4,0,1,1,0,149.52
2005,6,30,19,2,110,150.53,391.4,0,1,1,0,150.53
2005,6,30,19,2,110,151.54,391.4,0,1,1,0,151.54
2005,6,30,19,2,110,152.55,391.4,0,1,1,0,152.55
2005,6,30,19,2,110,153.56,391.4,0,1,1,0,153.56
2005,6,30,19,2,110,154.57,391.4,0,1,1,0,154.57
2005,6,30,19,2,110,155.58,391.4,0,1,1,0,155.58
2005,6,30,19,2,110,156.59,391.4,0,1,1,0,156.59
2005,6,30,19,2,110,157.6,391.8,0,1,1,0,157.6
2005,6,30,20,2,110,137.47,19.9,0,1,1,0,137.47
2005,6,30,20,2,110,145.48,382.7,0,1,1,0,145.48
2005,6,30,20,2,110,146.49,382.7,0,1,1,0,146.49
2005,6,30,20,2,110,147.5,382.7,0,1,1,0,147.5
2005,6,30,20,2,110,148.51,382.7,0,1,1,0,148.51
2005,6,30,20,2,110,149.52,382.7,0,1,1,0,149.52
2005,6,30,20,2,110,150.53,382.7,0,1,1,0,150.53
2005,6,30,20,2,110,151.54,382.7,0,1,1,0,151.54
2005,6,30,20,2,110,152.55,382.7,0,1,1,0,152.55
2005,6,30,20,2,110,153.56,382.7,0,1,1,0,153.56
2005,6,30,20,2,110,154.57,382.7,0,1,1,0,154.57
2005,6,30,20,2,110,155.58,382.7,0,1,1,0,155.58
2005,6,30,20,2,110,156.59,382.7,0,1,1,0,156.59
2005,6,30,20,2,110,157.6,382.4,0,1,1,0,157.6
2005,6,30,21,2,110,137.47,19.2,0,1,1,0,137.47
2005,6,30,21,2,110,145.48,371.6,0,1,1,0,145.48
2005,6,30,21,2,110,146.49,371.6,0,1,1,0,146.49
2005,6,30,21,2,110,147.5,371.6,0,1,1,0,147.5
2005,6,30,21,2,110,148.51,371.6,0,1,1,0,148.51
2005,6,30,21,2,110,149.52,371.6,0,1,1,0,149.52
2005,6,30,21,2,110,150.53,371.6,0,1,1,0,150.53
2005,6,30,21,2,110,151.54,371.6,0,1,1,0,151.54
2005,6,30,21,2,110,152.55,371.6,0,1,1,0,152.55
2005,6,30,21,2,110,153.56,371.6,0,1,1,0,153.56
2005,6,30,21,2,110,154.57,371.6,0,1,1,0,154.57
2005,6,30,21,2,110,155.58,371.6,0,1,1,0,155.58
2005,6,30,21,2,110,156.59,371.6,0,1,1,0,156.59
2005,6,30,21,2,110,157.6,371.3,0,1,1,0,157.6
2005,6,30,22,2,110,137.47,19.2,0,1,1,0,137.47
2005,6,30,22,2,110,145.48,345.7,0,1,1,0,145.48
2005,6,30,22,2,110,146.49,345.7,0,1,1,0,146.49
2005,6,30,22,2,110,147.5,345.7,0,1,1,0,147.5
2005,6,30,22,2,110,148.51,345.7,0,1,1,0,148.51
2005,6,30,22,2,110,149.52,345.7,0,1,1,0,149.52
2005,6,30,22,2,110,150.53,345.7,0,1,1,0,150.53
2005,6,30,22,2,110,151.54,345.7,0,1,1,0,151.54
2005,6,30,22,2,110,152.55,345.7,0,1,1,0,152.55
2005,6,30,22,2,110,153.56,345.7,0,1,1,0,153.56
2005,6,30,22,2,110,154.57,345.7,0,1,1,0,154.57
2005,6,30,22,2,110,155.58,345.7,0,1,1,0,155.58
2005,6,30,22,2,110,156.59,345.7,0,1,1,0,156.59
2005,6,30,22,2,110,157.6,346.3,0,1,1,0,157.6
2005,6,30,23,2,110,137.47,19.2,0,1,1,0,137.47
2005,6,30,23,2,110,145.48,312.6,0,1,1,0,145.48
2005,6,30,23,2,110,146.49,312.6,0,1,1,0,146.49
2005,6,30,23,2,110,147.5,312.6,0,1,1,0,147.5
2005,6,30,23,2,110,148.51,312.6,0,1,1,0,148.51
2005,6,30,23,2,110,149.52,312.6,0,1,1,0,149.52
2005,6,30,23,2,110,150.53,312.6,0,1,1,0,150.53
2005,6,30,23,2,110,151.54,312.6,0,1,1,0,151.54
2005,6,30,23,2,110,152.55,312.6,0,1,1,0,152.55
2005,6,30,23,2,110,153.56,312.6,0,1,1,0,153.56
2005,6,30,23,2,110,154.57,312.6,0,1,1,0,154.57
2005,6,30,23,2,110,155.58,312.6,0,1,1,0,155.58
2005,6,30,23,2,110,156.59,312.6,0,1,1,0,156.59
2005,6,30,23,2,110,157.6,312.7,0,1,1,0,157.6
2005,6,30,24,2,110,137.47,8.8,0,1,1,0,137.47
2005,6,30,24,2,110,145.48,297.2,0,1,1,0,145.48
2005,6,30,24,2,110,146.49,297.2,0,1,1,0,146.49
2005,6,30,24,2,110,147.5,297.2,0,1,1,0,147.5
2005,6,30,24,2,110,148.51,297.2,0,1,1,0,148.51
2005,6,30,24,2,110,149.52,297.2,0,1,1,0,149.52
2005,6,30,24,2,110,150.53,297.2,0,1,1,0,150.53
2005,6,30,24,2,110,151.54,297.2,0,1,1,0,151.54
2005,6,30,24,2,110,152.55,297.2,0,1,1,0,152.55
2005,6,30,24,2,110,153.56,297.2,0,1,1,0,153.56
2005,6,30,24,2,110,154.57,297.2,0,1,1,0,154.57
2005,6,30,24,2,110,155.58,297.2,0,1,1,0,155.58
2005,6,30,24,2,110,156.59,297.2,0,1,1,0,156.59
2005,6,30,24,2,110,157.6,296.6,0,1,1,0,157.6
2005,6,30,1,2,111,0,30.5,0,2,1,0,0
2005,6,30,2,2,111,0,30.5,0,2,1,0,0
2005,6,30,3,2,111,0,30.6,0,2,1,0,0
2005,6,30,4,2,111,0,30.6,0,2,1,0,0
2005,6,30,5,2,111,0,30.7,0,2,1,0,0
2005,6,30,6,2,111,0,30.9,0,2,1,0,0
2005,6,30,7,2,111,0,31.1,0,2,1,0,0
2005,6,30,8,2,111,0,30.7,0,2,1,0,0
2005,6,30,9,2,111,0,30.6,0,2,1,0,0
2005,6,30,10,2,111,0,30.5,0,2,1,0,0
2005,6,30,11,2,111,0,47.7,0,2,1,0,0
2005,6,30,12,2,111,0,47.7,0,2,1,0,0
2005,6,30,13,2,111,0,47.6,0,2,1,0,0
2005,6,30,14,2,111,0,47.5,0,2,1,0,0
2005,6,30,15,2,111,0,28.5,0,2,1,0,0
2005,6,30,16,2,111,0,27.4,0,2,1,0,0
2005,6,30,17,2,111,0,27.3,0,2,1,0,0
2005,6,30,18,2,111,0,27.1,0,2,1,0,0
2005,6,30,19,2,111,0,27.1,0,2,1,0,0
2005,6,30,20,2,111,0,28.2,0,2,1,0,0
2005,6,30,21,2,111,0,29.9,0,2,1,0,0
2005,6,30,22,2,111,0,30.1,0,2,1,0,0
2005,6,30,23,2,111,0,30.5,0,2,1,0,0
2005,6,30,24,2,111,0,30.4,0,2,1,0,0
2005,6,30,1,2,112,180.3,281.9,0,1,1,0,180.3
2005,6,30,2,2,112,180.3,263.5,0,1,1,0,180.3
2005,6,30,3,2,112,180.3,256.9,0,1,1,0,180.3
2005,6,30,4,2,112,180.3,251.4,0,1,1,0,180.3
2005,6,30,5,2,112,180.3,245.2,0,1,1,0,180.3
2005,6,30,6,2,112,180.3,243.9,0,1,1,0,180.3
2005,6,30,7,2,112,180.3,250.5,0,1,1,0,180.3
2005,6,30,8,2,112,180.3,271.5,0,1,1,0,180.3
2005,6,30,9,2,112,180.3,305.3,0,1,1,0,180.3
2005,6,30,10,2,112,180.3,99.2,0,1,1,0,180.3
2005,6,30,11,2,112,180.3,93.8,0,1,1,0,180.3
2005,6,30,12,2,112,180.3,88.5,0,1,1,0,180.3
2005,6,30,13,2,112,180.3,88.3,0,1,1,0,180.3
2005,6,30,14,2,112,180.3,46.9,0,1,1,0,180.3
2005,6,30,15,2,112,180.3,45.7,0,1,1,0,180.3
2005,6,30,16,2,112,180.3,45.8,0,1,1,0,180.3
2005,6,30,17,2,112,180.3,45.8,0,1,1,0,180.3
2005,6,30,18,2,112,180.3,46.3,0,1,1,0,180.3
2005,6,30,19,2,112,180.3,49,0,1,1,0,180.3
2005,6,30,20,2,112,180.3,370.7,0,1,0,1,180.3
2005,6,30,21,2,112,180.3,348.4,0,1,0,1,180.3
2005,6,30,22,2,112,180.3,338.6,0,1,0,1,180.3
2005,6,30,23,2,112,180.3,335.3,0,1,0,1,180.3
2005,6,30,24,2,112,180.3,318.3,0,1,1,0,180.3
2005,6,30,1,2,113,0,200,0,2,1,0,0
2005,6,30,2,2,113,0,300,0,2,1,0,0
2005,6,30,3,2,113,0,300,0,2,1,0,0
2005,6,30,4,2,113,0,300,0,2,1,0,0
2005,6,30,5,2,113,0,300,0,2,1,0,0
2005,6,30,6,2,113,0,300,0,2,1,0,0
2005,6,30,18,2,113,0,175,0,2,1,0,0
2005,6,30,19,2,113,0,175,0,2,1,0,0
2005,6,30,20,2,113,0,175,0,2,1,0,0
2005,6,30,21,2,113,0,175,0,2,1,0,0
2005,6,30,22,2,113,0,175,0,2,1,0,0
2005,6,30,23,2,113,0,175,0,2,1,0,0
2005,6,30,2,2,114,0,25,0,2,1,0,0
2005,6,30,3,2,114,0,25,0,2,1,0,0
2005,6,30,4,2,114,0,25,0,2,1,0,0
2005,6,30,5,2,114,0,25,0,2,1,0,0
2005,6,30,6,2,114,0,25,0,2,1,0,0
2005,6,30,1,2,115,1,50,0,1,0,0,1
2005,6,30,2,2,115,60,50,0,1,1,0,60
2005,6,30,3,2,115,60,50,0,1,1,0,60
2005,6,30,4,2,115,60,50,0,1,1,0,60
2005,6,30,5,2,115,60,50,0,1,1,0,60
2005,6,30,6,2,115,60,50,0,1,1,0,60
2005,6,30,7,2,115,1,50,0,1,0,0,1
2005,6,30,8,2,115,1,50,0,1,0,0,1
2005,6,30,9,2,115,1,50,0,1,0,0,1
2005,6,30,10,2,115,1,50,0,1,0,0,1
2005,6,30,11,2,115,1,50,0,1,0,0,1
2005,6,30,12,2,115,1,50,0,1,0,0,1
2005,6,30,13,2,115,1,50,0,1,0,0,1
2005,6,30,14,2,115,1,50,0,1,0,0,1
2005,6,30,15,2,115,1,50,0,1,0,0,1
2005,6,30,16,2,115,1,50,0,1,0,0,1
2005,6,30,17,2,115,1,50,0,1,0,0,1
2005,6,30,18,2,115,1,50,0,1,0,0,1
2005,6,30,19,2,115,1,50,0,1,0,0,1
2005,6,30,20,2,115,1,50,0,1,0,0,1
2005,6,30,21,2,115,1,50,0,1,0,0,1
2005,6,30,22,2,115,1,50,0,1,0,0,1
2005,6,30,23,2,115,1,50,0,1,0,0,1
2005,6,30,24,2,115,1,50,0,1,0,0,1
2005,6,30,1,9,116,0,2.7,0,2,1,0,0
2005,6,30,2,9,116,0,2.7,0,2,1,0,0
2005,6,30,3,9,116,0,2.7,0,2,1,0,0
2005,6,30,4,9,116,0,2.7,0,2,1,0,0
2005,6,30,5,9,116,0,2.7,0,2,1,0,0
2005,6,30,6,9,116,0,2.7,0,2,1,0,0
2005,6,30,7,9,116,0,2.7,0,2,1,0,0
2005,6,30,8,9,116,0,2.5,0,2,1,0,0
2005,6,30,9,9,116,0,2.5,0,2,1,0,0
2005,6,30,10,9,116,0,2.5,0,2,1,0,0
2005,6,30,11,9,116,0,2.5,0,2,1,0,0
2005,6,30,12,9,116,0,2.5,0,2,1,0,0
2005,6,30,13,9,116,0,2.5,0,2,1,0,0
2005,6,30,14,9,116,0,2.5,0,2,1,0,0
2005,6,30,15,9,116,0,2.5,0,2,1,0,0
2005,6,30,16,9,116,0,2.5,0,2,1,0,0
2005,6,30,17,9,116,0,2.5,0,2,1,0,0
2005,6,30,18,9,116,0,2.5,0,2,1,0,0
2005,6,30,19,9,116,0,2.5,0,2,1,0,0
2005,6,30,20,9,116,0,2.5,0,2,1,0,0
2005,6,30,21,9,116,0,2.5,0,2,1,0,0
2005,6,30,22,9,116,0,2.7,0,2,1,0,0
2005,6,30,23,9,116,0,2.7,0,2,1,0,0
2005,6,30,24,9,116,0,2.7,0,2,1,0,0
2005,6,30,1,9,117,0,7,0,2,1,0,0
2005,6,30,2,9,117,0,7.5,0,2,1,0,0
2005,6,30,3,9,117,0,6.2,0,2,1,0,0
2005,6,30,4,9,117,0,6.8,0,2,1,0,0
2005,6,30,5,9,117,0,7.3,0,2,1,0,0
2005,6,30,6,9,117,0,7.3,0,2,1,0,0
2005,6,30,7,9,117,0,7.9,0,2,1,0,0
2005,6,30,8,9,117,0,8,0,2,1,0,0
2005,6,30,9,9,117,0,7.2,0,2,1,0,0
2005,6,30,10,9,117,0,6,0,2,1,0,0
2005,6,30,11,9,117,0,4.5,0,2,1,0,0
2005,6,30,12,9,117,0,4.3,0,2,1,0,0
2005,6,30,13,9,117,0,3.8,0,2,1,0,0
2005,6,30,14,9,117,0,3.2,0,2,1,0,0
2005,6,30,15,9,117,0,4,0,2,1,0,0
2005,6,30,16,9,117,0,4.5,0,2,1,0,0
2005,6,30,17,9,117,0,4.5,0,2,1,0,0
2005,6,30,18,9,117,0,4.3,0,2,1,0,0
2005,6,30,19,9,117,0,3.4,0,2,1,0,0
2005,6,30,20,9,117,0,3,0,2,1,0,0
2005,6,30,21,9,117,0,2.5,0,2,1,0,0
2005,6,30,22,9,117,0,2,0,2,1,0,0
2005,6,30,23,9,117,0,1.5,0,2,1,0,0
2005,6,30,24,9,117,0,1.1,0,2,1,0,0
2005,6,30,1,9,118,0,18.9,0,2,1,0,0
2005,6,30,2,9,118,0,19,0,2,1,0,0
2005,6,30,3,9,118,0,19,0,2,1,0,0
2005,6,30,4,9,118,0,19,0,2,1,0,0
2005,6,30,5,9,118,0,19,0,2,1,0,0
2005,6,30,6,9,118,0,19.2,0,2,1,0,0
2005,6,30,7,9,118,0,19.4,0,2,1,0,0
2005,6,30,8,9,118,0,19.3,0,2,1,0,0
2005,6,30,9,9,118,0,19,0,2,1,0,0
2005,6,30,10,9,118,0,18.8,0,2,1,0,0
2005,6,30,11,9,118,0,18.8,0,2,1,0,0
2005,6,30,12,9,118,0,18.7,0,2,1,0,0
2005,6,30,13,9,118,0,18.7,0,2,1,0,0
2005,6,30,14,9,118,0,18.4,0,2,1,0,0
2005,6,30,15,9,118,0,18.5,0,2,1,0,0
2005,6,30,16,9,118,0,18.5,0,2,1,0,0
2005,6,30,17,9,118,0,18.4,0,2,1,0,0
2005,6,30,18,9,118,0,18.4,0,2,1,0,0
2005,6,30,19,9,118,0,18.3,0,2,1,0,0
2005,6,30,20,9,118,0,18.2,0,2,1,0,0
2005,6,30,21,9,118,0,18.2,0,2,1,0,0
2005,6,30,22,9,118,0,18.3,0,2,1,0,0
2005,6,30,23,9,118,0,18.4,0,2,1,0,0
2005,6,30,24,9,118,0,18.7,0,2,1,0,0
2005,6,30,1,1,1058,126.4,267.8,.800689,2,0,0,126.4
2005,6,30,2,1,1058,126.4,267.8,.800689,2,0,0,126.4
2005,6,30,3,1,1058,126.4,267.8,.800689,2,0,0,126.4
2005,6,30,4,1,1058,126.4,267.8,.800689,2,0,0,126.4
2005,6,30,5,1,1058,126.4,267.8,.800689,2,0,0,126.4
2005,6,30,6,1,1058,126.4,267.8,.800689,2,0,0,126.4
2005,6,30,7,1,1058,126.4,267.8,.800689,2,0,0,126.4
2005,6,30,8,1,1058,126.4,267.8,.800689,2,0,0,126.4
2005,6,30,9,1,1058,126.4,267.8,.800689,2,0,0,126.4
2005,6,30,10,1,1058,126.4,267.8,.800689,2,0,0,126.4
2005,6,30,11,1,1058,126.4,267.8,.800689,2,0,0,126.4
2005,6,30,12,1,1058,126.4,267.8,.800689,2,0,0,126.4
2005,6,30,13,1,1058,126.4,267.8,.800689,2,0,0,126.4
2005,6,30,14,1,1058,126.4,267.8,.800689,2,0,0,126.4
2005,6,30,15,1,1058,126.4,267.8,.800689,2,0,0,126.4
2005,6,30,16,1,1058,126.4,267.8,.800689,2,0,0,126.4
2005,6,30,17,1,1058,126.4,267.8,.800689,2,0,0,126.4
2005,6,30,18,1,1058,126.4,267.8,.800689,2,0,0,126.4
2005,6,30,19,1,1058,126.4,267.8,.800689,2,0,0,126.4
2005,6,30,20,1,1058,126.4,267.8,.800689,2,0,0,126.4
2005,6,30,21,1,1058,126.4,267.8,.800689,2,0,0,126.4
2005,6,30,22,1,1058,126.4,267.8,.800689,2,0,0,126.4
2005,6,30,23,1,1058,126.4,267.8,.800689,2,0,0,126.4
2005,6,30,24,1,1058,126.4,267.8,.800689,2,0,0,126.4
2005,6,30,1,1,1059,138.75,269.5,.800689,2,0,0,138.75
2005,6,30,2,1,1059,138.75,269.5,.800689,2,0,0,138.75
2005,6,30,3,1,1059,138.75,269.5,.800689,2,0,0,138.75
2005,6,30,4,1,1059,138.75,269.5,.800689,2,0,0,138.75
2005,6,30,5,1,1059,138.75,269.5,.800689,2,0,0,138.75
2005,6,30,6,1,1059,138.75,269.5,.800689,2,0,0,138.75
2005,6,30,7,1,1059,138.75,269.5,.800689,2,0,0,138.75
2005,6,30,8,1,1059,138.75,269.5,.800689,2,0,0,138.75
2005,6,30,9,1,1059,138.75,269.5,.800689,2,0,0,138.75
2005,6,30,10,1,1059,138.75,269.5,.800689,2,0,0,138.75
2005,6,30,11,1,1059,138.75,269.5,.800689,2,0,0,138.75
2005,6,30,12,1,1059,138.75,269.5,.800689,2,0,0,138.75
2005,6,30,13,1,1059,138.75,269.5,.800689,2,0,0,138.75
2005,6,30,14,1,1059,138.75,269.5,.800689,2,0,0,138.75
2005,6,30,15,1,1059,138.75,269.5,.800689,2,0,0,138.75
2005,6,30,16,1,1059,138.75,269.5,.800689,2,0,0,138.75
2005,6,30,17,1,1059,138.75,269.5,.800689,2,0,0,138.75
2005,6,30,18,1,1059,138.75,269.5,.800689,2,0,0,138.75
2005,6,30,19,1,1059,138.75,269.5,.800689,2,0,0,138.75
2005,6,30,20,1,1059,138.75,269.5,.800689,2,0,0,138.75
2005,6,30,21,1,1059,138.75,269.5,.800689,2,0,0,138.75
2005,6,30,22,1,1059,138.75,269.5,.800689,2,0,0,138.75
2005,6,30,23,1,1059,138.75,269.5,.800689,2,0,0,138.75
2005,6,30,24,1,1059,138.75,269.5,.800689,2,0,0,138.75
2005,6,30,1,9,121,180.3,.8,0,1,1,0,180.3
2005,6,30,2,9,121,180.3,.8,0,1,1,0,180.3
2005,6,30,3,9,121,180.3,.8,0,1,1,0,180.3
2005,6,30,4,9,121,180.3,.8,0,1,1,0,180.3
2005,6,30,5,9,121,180.3,.8,0,1,1,0,180.3
2005,6,30,6,9,121,180.3,.8,0,1,1,0,180.3
2005,6,30,7,9,121,180.3,.8,0,1,1,0,180.3
2005,6,30,8,9,121,180.3,.9,0,1,1,0,180.3
2005,6,30,9,9,121,180.3,.9,0,1,1,0,180.3
2005,6,30,10,9,121,180.3,.9,0,1,1,0,180.3
2005,6,30,11,9,121,180.3,.9,0,1,1,0,180.3
2005,6,30,12,9,121,180.3,.9,0,1,1,0,180.3
2005,6,30,13,9,121,180.3,.9,0,1,1,0,180.3
2005,6,30,14,9,121,180.3,.9,0,1,1,0,180.3
2005,6,30,15,9,121,180.3,.9,0,1,1,0,180.3
2005,6,30,16,9,121,180.3,.9,0,1,1,0,180.3
2005,6,30,17,9,121,180.3,.9,0,1,1,0,180.3
2005,6,30,18,9,121,180.3,.9,0,1,1,0,180.3
2005,6,30,19,9,121,180.3,.9,0,1,1,0,180.3
2005,6,30,20,9,121,180.3,.9,0,1,1,0,180.3
2005,6,30,21,9,121,180.3,1.1,0,1,1,0,180.3
2005,6,30,22,9,121,180.3,1.1,0,1,1,0,180.3
2005,6,30,23,9,121,180.3,1,0,1,1,0,180.3
2005,6,30,24,9,121,180.3,.9,0,1,1,0,180.3
2005,6,30,1,9,122,0,16.6,0,2,1,0,0
2005,6,30,1,9,122,150,7.4,0,2,0,0,150
2005,6,30,2,9,122,0,16.6,0,2,1,0,0
2005,6,30,2,9,122,150,7.4,0,2,0,0,150
2005,6,30,3,9,122,0,16.5,0,2,1,0,0
2005,6,30,3,9,122,150,7.5,0,2,0,0,150
2005,6,30,4,9,122,0,16.5,0,2,1,0,0
2005,6,30,4,9,122,150,7.5,0,2,0,0,150
2005,6,30,5,9,122,0,16.5,0,2,1,0,0
2005,6,30,5,9,122,150,7.5,0,2,0,0,150
2005,6,30,6,9,122,0,16.5,0,2,1,0,0
2005,6,30,6,9,122,150,7.5,0,2,0,0,150
2005,6,30,7,9,122,0,15.9,0,2,1,0,0
2005,6,30,7,9,122,150,8.1,0,2,0,0,150
2005,6,30,8,9,122,0,15,0,2,1,0,0
2005,6,30,8,9,122,150,9,0,2,0,0,150
2005,6,30,9,9,122,0,15,0,2,1,0,0
2005,6,30,9,9,122,150,9,0,2,0,0,150
2005,6,30,10,9,122,0,15,0,2,1,0,0
2005,6,30,10,9,122,150,9,0,2,0,0,150
2005,6,30,11,9,122,0,15.8,0,2,1,0,0
2005,6,30,11,9,122,150,8.2,0,2,0,0,150
2005,6,30,12,9,122,0,15.5,0,2,1,0,0
2005,6,30,12,9,122,150,8.5,0,2,0,0,150
2005,6,30,13,9,122,0,15.7,0,2,1,0,0
2005,6,30,13,9,122,150,8.3,0,2,0,0,150
2005,6,30,14,9,122,0,15.8,0,2,1,0,0
2005,6,30,14,9,122,150,8.2,0,2,0,0,150
2005,6,30,15,9,122,0,15.9,0,2,1,0,0
2005,6,30,15,9,122,150,8.1,0,2,0,0,150
2005,6,30,16,9,122,0,15.9,0,2,1,0,0
2005,6,30,16,9,122,150,8.1,0,2,0,0,150
2005,6,30,17,9,122,0,15.9,0,2,1,0,0
2005,6,30,17,9,122,150,8.1,0,2,0,0,150
2005,6,30,18,9,122,0,15.8,0,2,1,0,0
2005,6,30,18,9,122,150,8.2,0,2,0,0,150
2005,6,30,19,9,122,0,15.7,0,2,1,0,0
2005,6,30,19,9,122,150,8.3,0,2,0,0,150
2005,6,30,20,9,122,0,15.5,0,2,1,0,0
2005,6,30,20,9,122,150,8.5,0,2,0,0,150
2005,6,30,21,9,122,0,15.4,0,2,1,0,0
2005,6,30,21,9,122,150,8.6,0,2,0,0,150
2005,6,30,22,9,122,0,15.2,0,2,1,0,0
2005,6,30,22,9,122,150,8.8,0,2,0,0,150
2005,6,30,23,9,122,0,16,0,2,1,0,0
2005,6,30,23,9,122,150,8,0,2,0,0,150
2005,6,30,24,9,122,0,16.3,0,2,1,0,0
2005,6,30,24,9,122,150,7.7,0,2,0,0,150
2005,6,30,1,2,1064,1,89,.579541,2,1,0,1
2005,6,30,1,2,1064,57.01,361,.579541,2,0,0,71.068561
2005,6,30,1,2,1064,151.02,52,.579541,2,0,0,151.02
2005,6,30,2,2,1064,1,89,.579541,2,1,0,1
2005,6,30,2,2,1064,57.01,361,.579541,2,0,0,71.068561
2005,6,30,2,2,1064,151.02,52,.579541,2,0,0,151.02
2005,6,30,3,2,1064,1,89,.579541,2,1,0,1
2005,6,30,3,2,1064,57.01,361,.579541,2,0,0,71.068561
2005,6,30,3,2,1064,151.02,52,.579541,2,0,0,151.02
2005,6,30,4,2,1064,1,89,.579541,2,1,0,1
2005,6,30,4,2,1064,57.01,361,.579541,2,0,0,71.068561
2005,6,30,4,2,1064,151.02,52,.579541,2,0,0,151.02
2005,6,30,5,2,1064,1,89,.579541,2,1,0,1
2005,6,30,5,2,1064,57.01,361,.579541,2,0,0,71.068561
2005,6,30,5,2,1064,151.02,52,.579541,2,0,0,151.02
2005,6,30,6,2,1064,1,89,.579541,2,1,0,1
2005,6,30,6,2,1064,57.01,361,.579541,2,0,0,71.068561
2005,6,30,6,2,1064,151.02,52,.579541,2,0,0,151.02
2005,6,30,7,2,1064,1,89,.579541,2,1,0,1
2005,6,30,7,2,1064,57.01,361,.579541,2,0,0,71.068561
2005,6,30,7,2,1064,151.02,52,.579541,2,0,0,151.02
2005,6,30,8,2,1064,1,89,.579541,2,1,0,1
2005,6,30,8,2,1064,57.01,361,.579541,2,0,0,71.068561
2005,6,30,8,2,1064,151.02,52,.579541,2,0,0,151.02
2005,6,30,9,2,1064,1,89,.579541,2,1,0,1
2005,6,30,9,2,1064,57.01,361,.579541,2,1,0,71.068561
2005,6,30,9,2,1064,151.02,52,.579541,2,0,0,151.02
2005,6,30,10,2,1064,1,89,.579541,2,1,0,1
2005,6,30,10,2,1064,57.01,361,.579541,2,1,0,71.068561
2005,6,30,10,2,1064,151.02,52,.579541,2,0,0,151.02
2005,6,30,11,2,1064,1,89,.579541,2,1,0,1
2005,6,30,11,2,1064,57.01,361,.579541,2,1,0,71.068561
2005,6,30,11,2,1064,151.02,52,.579541,2,0,0,151.02
2005,6,30,12,2,1064,1,89,.579541,2,1,0,1
2005,6,30,12,2,1064,57.01,361,.579541,2,1,0,71.068561
2005,6,30,12,2,1064,151.02,52,.579541,2,0,0,151.02
2005,6,30,13,2,1064,1,89,.579541,2,1,0,1
2005,6,30,13,2,1064,57.01,361,.579541,2,1,0,71.068561
2005,6,30,13,2,1064,151.02,52,.579541,2,0,0,151.02
2005,6,30,14,2,1064,1,89,.579541,2,1,0,1
2005,6,30,14,2,1064,57.01,361,.579541,2,1,0,71.068561
2005,6,30,14,2,1064,151.02,52,.579541,2,0,0,151.02
2005,6,30,15,2,1064,1,89,.579541,2,1,0,1
2005,6,30,15,2,1064,57.01,361,.579541,2,1,0,71.068561
2005,6,30,15,2,1064,151.02,52,.579541,2,0,0,151.02
2005,6,30,16,2,1064,1,89,.579541,2,1,0,1
2005,6,30,16,2,1064,57.01,361,.579541,2,1,0,71.068561
2005,6,30,16,2,1064,151.02,52,.579541,2,0,0,151.02
2005,6,30,17,2,1064,1,89,.579541,2,1,0,1
2005,6,30,17,2,1064,57.01,361,.579541,2,1,0,71.068561
2005,6,30,17,2,1064,151.02,52,.579541,2,0,0,151.02
2005,6,30,18,2,1064,1,89,.579541,2,1,0,1
2005,6,30,18,2,1064,57.01,361,.579541,2,1,0,71.068561
2005,6,30,18,2,1064,151.02,52,.579541,2,0,0,151.02
2005,6,30,19,2,1064,1,89,.579541,2,1,0,1
2005,6,30,19,2,1064,57.01,361,.579541,2,1,0,71.068561
2005,6,30,19,2,1064,151.02,52,.579541,2,0,0,151.02
2005,6,30,20,2,1064,1,89,.579541,2,1,0,1
2005,6,30,20,2,1064,57.01,361,.579541,2,1,0,71.068561
2005,6,30,20,2,1064,151.02,52,.579541,2,0,0,151.02
2005,6,30,21,2,1064,1,89,.579541,2,1,0,1
2005,6,30,21,2,1064,57.01,361,.579541,2,1,0,71.068561
2005,6,30,21,2,1064,151.02,52,.579541,2,0,0,151.02
2005,6,30,22,2,1064,1,89,.579541,2,1,0,1
2005,6,30,22,2,1064,57.01,361,.579541,2,1,0,71.068561
2005,6,30,22,2,1064,151.02,52,.579541,2,0,0,151.02
2005,6,30,23,2,1064,1,89,.579541,2,1,0,1
2005,6,30,23,2,1064,57.01,361,.579541,2,1,0,71.068561
2005,6,30,23,2,1064,151.02,52,.579541,2,0,0,151.02
2005,6,30,24,2,1064,1,89,.579541,2,1,0,1
2005,6,30,24,2,1064,57.01,361,.579541,2,0,0,71.068561
2005,6,30,24,2,1064,151.02,52,.579541,2,0,0,151.02
2005,6,30,1,1,124,0,222,0,2,1,0,0
2005,6,30,1,1,124,151.01,11,0,2,0,0,151.01
2005,6,30,2,1,124,0,222,0,2,1,0,0
2005,6,30,2,1,124,151.01,11,0,2,0,0,151.01
2005,6,30,3,1,124,0,222,0,2,1,0,0
2005,6,30,3,1,124,151.01,11,0,2,0,0,151.01
2005,6,30,4,1,124,0,222,0,2,1,0,0
2005,6,30,4,1,124,151.01,11,0,2,0,0,151.01
2005,6,30,5,1,124,0,222,0,2,1,0,0
2005,6,30,5,1,124,151.01,11,0,2,0,0,151.01
2005,6,30,6,1,124,0,222,0,2,1,0,0
2005,6,30,6,1,124,151.01,11,0,2,0,0,151.01
2005,6,30,7,1,124,0,222,0,2,1,0,0
2005,6,30,7,1,124,151.01,11,0,2,0,0,151.01
2005,6,30,8,1,124,0,222,0,2,1,0,0
2005,6,30,8,1,124,151.01,11,0,2,0,0,151.01
2005,6,30,9,1,124,0,222,0,2,1,0,0
2005,6,30,9,1,124,151.01,11,0,2,0,0,151.01
2005,6,30,10,1,124,0,222,0,2,1,0,0
2005,6,30,10,1,124,151.01,11,0,2,0,0,151.01
2005,6,30,11,1,124,0,222,0,2,1,0,0
2005,6,30,11,1,124,151.01,11,0,2,0,0,151.01
2005,6,30,12,1,124,0,222,0,2,1,0,0
2005,6,30,12,1,124,151.01,11,0,2,0,0,151.01
2005,6,30,13,1,124,0,222,0,2,1,0,0
2005,6,30,13,1,124,151.01,11,0,2,0,0,151.01
2005,6,30,14,1,124,0,222,0,2,1,0,0
2005,6,30,14,1,124,151.01,11,0,2,0,0,151.01
2005,6,30,15,1,124,0,222,0,2,1,0,0
2005,6,30,15,1,124,151.01,11,0,2,0,0,151.01
2005,6,30,16,1,124,0,222,0,2,1,0,0
2005,6,30,16,1,124,151.01,11,0,2,0,0,151.01
2005,6,30,17,1,124,0,222,0,2,1,0,0
2005,6,30,17,1,124,151.01,11,0,2,0,0,151.01
2005,6,30,18,1,124,0,222,0,2,1,0,0
2005,6,30,18,1,124,151.01,11,0,2,0,0,151.01
2005,6,30,19,1,124,0,222,0,2,1,0,0
2005,6,30,19,1,124,151.01,11,0,2,0,0,151.01
2005,6,30,20,1,124,0,222,0,2,1,0,0
2005,6,30,20,1,124,151.01,11,0,2,0,0,151.01
2005,6,30,21,1,124,0,222,0,2,1,0,0
2005,6,30,21,1,124,151.01,11,0,2,0,0,151.01
2005,6,30,22,1,124,0,222,0,2,1,0,0
2005,6,30,22,1,124,151.01,11,0,2,0,0,151.01
2005,6,30,23,1,124,0,222,0,2,1,0,0
2005,6,30,23,1,124,151.01,11,0,2,0,0,151.01
2005,6,30,24,1,124,0,222,0,2,1,0,0
2005,6,30,24,1,124,151.01,11,0,2,0,0,151.01
2005,6,30,1,2,124,0,222,0,2,1,0,0
2005,6,30,1,2,124,151.01,11,0,2,0,0,151.01
2005,6,30,2,2,124,0,222,0,2,1,0,0
2005,6,30,2,2,124,151.01,11,0,2,0,0,151.01
2005,6,30,3,2,124,0,222,0,2,1,0,0
2005,6,30,3,2,124,151.01,11,0,2,0,0,151.01
2005,6,30,4,2,124,0,222,0,2,1,0,0
2005,6,30,4,2,124,151.01,11,0,2,0,0,151.01
2005,6,30,5,2,124,0,222,0,2,1,0,0
2005,6,30,5,2,124,151.01,11,0,2,0,0,151.01
2005,6,30,6,2,124,0,222,0,2,1,0,0
2005,6,30,6,2,124,151.01,11,0,2,0,0,151.01
2005,6,30,7,2,124,0,222,0,2,1,0,0
2005,6,30,7,2,124,151.01,11,0,2,0,0,151.01
2005,6,30,8,2,124,0,222,0,2,1,0,0
2005,6,30,8,2,124,151.01,11,0,2,0,0,151.01
2005,6,30,9,2,124,0,222,0,2,1,0,0
2005,6,30,9,2,124,151.01,11,0,2,0,0,151.01
2005,6,30,10,2,124,0,222,0,2,1,0,0
2005,6,30,10,2,124,151.01,11,0,2,0,0,151.01
2005,6,30,11,2,124,0,222,0,2,1,0,0
2005,6,30,11,2,124,151.01,11,0,2,0,0,151.01
2005,6,30,12,2,124,0,222,0,2,1,0,0
2005,6,30,12,2,124,151.01,11,0,2,0,0,151.01
2005,6,30,13,2,124,0,222,0,2,1,0,0
2005,6,30,13,2,124,151.01,11,0,2,0,0,151.01
2005,6,30,14,2,124,0,222,0,2,1,0,0
2005,6,30,14,2,124,151.01,11,0,2,0,0,151.01
2005,6,30,15,2,124,0,222,0,2,1,0,0
2005,6,30,15,2,124,151.01,11,0,2,0,0,151.01
2005,6,30,16,2,124,0,222,0,2,1,0,0
2005,6,30,16,2,124,151.01,11,0,2,0,0,151.01
2005,6,30,17,2,124,0,222,0,2,1,0,0
2005,6,30,17,2,124,151.01,11,0,2,0,0,151.01
2005,6,30,18,2,124,0,222,0,2,1,0,0
2005,6,30,18,2,124,151.01,11,0,2,0,0,151.01
2005,6,30,19,2,124,0,222,0,2,1,0,0
2005,6,30,19,2,124,151.01,11,0,2,0,0,151.01
2005,6,30,20,2,124,0,222,0,2,1,0,0
2005,6,30,20,2,124,151.01,11,0,2,0,0,151.01
2005,6,30,21,2,124,0,222,0,2,1,0,0
2005,6,30,21,2,124,151.01,11,0,2,0,0,151.01
2005,6,30,22,2,124,0,222,0,2,1,0,0
2005,6,30,22,2,124,151.01,11,0,2,0,0,151.01
2005,6,30,23,2,124,0,222,0,2,1,0,0
2005,6,30,23,2,124,151.01,11,0,2,0,0,151.01
2005,6,30,24,2,124,0,222,0,2,1,0,0
2005,6,30,24,2,124,151.01,11,0,2,0,0,151.01
2005,6,30,1,4,125,0,3.2,0,2,1,0,0
2005,6,30,2,4,125,0,3.2,0,2,1,0,0
2005,6,30,3,4,125,0,3.2,0,2,1,0,0
2005,6,30,4,4,125,0,3.2,0,2,1,0,0
2005,6,30,5,4,125,0,3.2,0,2,1,0,0
2005,6,30,6,4,125,0,3.2,0,2,1,0,0
2005,6,30,7,4,125,0,3.2,0,2,1,0,0
2005,6,30,8,4,125,0,3.2,0,2,1,0,0
2005,6,30,9,4,125,0,3.2,0,2,1,0,0
2005,6,30,10,4,125,0,3.2,0,2,1,0,0
2005,6,30,11,4,125,0,3.2,0,2,1,0,0
2005,6,30,12,4,125,0,3.2,0,2,1,0,0
2005,6,30,13,4,125,0,3.2,0,2,1,0,0
2005,6,30,14,4,125,0,3.2,0,2,1,0,0
2005,6,30,15,4,125,0,3.2,0,2,1,0,0
2005,6,30,16,4,125,0,3.2,0,2,1,0,0
2005,6,30,17,4,125,0,3.2,0,2,1,0,0
2005,6,30,18,4,125,0,3.2,0,2,1,0,0
2005,6,30,19,4,125,0,3.2,0,2,1,0,0
2005,6,30,20,4,125,0,3.2,0,2,1,0,0
2005,6,30,21,4,125,0,3.2,0,2,1,0,0
2005,6,30,22,4,125,0,3.2,0,2,1,0,0
2005,6,30,23,4,125,0,3.2,0,2,1,0,0
2005,6,30,24,4,125,0,3.2,0,2,1,0,0
2005,6,30,1,9,125,0,3.2,0,2,1,0,0
2005,6,30,2,9,125,0,3.2,0,2,1,0,0
2005,6,30,3,9,125,0,3.2,0,2,1,0,0
2005,6,30,4,9,125,0,3.2,0,2,1,0,0
2005,6,30,5,9,125,0,3.2,0,2,1,0,0
2005,6,30,6,9,125,0,3.2,0,2,1,0,0
2005,6,30,7,9,125,0,3.2,0,2,1,0,0
2005,6,30,8,9,125,0,3.2,0,2,1,0,0
2005,6,30,9,9,125,0,3.2,0,2,1,0,0
2005,6,30,10,9,125,0,3.2,0,2,1,0,0
2005,6,30,11,9,125,0,3.2,0,2,1,0,0
2005,6,30,12,9,125,0,3.2,0,2,1,0,0
2005,6,30,13,9,125,0,3.2,0,2,1,0,0
2005,6,30,14,9,125,0,3.2,0,2,1,0,0
2005,6,30,15,9,125,0,3.2,0,2,1,0,0
2005,6,30,16,9,125,0,3.2,0,2,1,0,0
2005,6,30,17,9,125,0,3.2,0,2,1,0,0
2005,6,30,18,9,125,0,3.2,0,2,1,0,0
2005,6,30,19,9,125,0,3.2,0,2,1,0,0
2005,6,30,20,9,125,0,3.2,0,2,1,0,0
2005,6,30,21,9,125,0,3.2,0,2,1,0,0
2005,6,30,22,9,125,0,3.2,0,2,1,0,0
2005,6,30,23,9,125,0,3.2,0,2,1,0,0
2005,6,30,24,9,125,0,3.2,0,2,1,0,0
2005,6,30,1,9,126,0,14.7,0,2,1,0,0
2005,6,30,2,9,126,0,14.7,0,2,1,0,0
2005,6,30,3,9,126,0,14.7,0,2,1,0,0
2005,6,30,4,9,126,0,14.7,0,2,1,0,0
2005,6,30,5,9,126,0,14.7,0,2,1,0,0
2005,6,30,6,9,126,0,14.7,0,2,1,0,0
2005,6,30,7,9,126,0,14.7,0,2,1,0,0
2005,6,30,8,9,126,0,14.7,0,2,1,0,0
2005,6,30,9,9,126,0,14.7,0,2,1,0,0
2005,6,30,10,9,126,0,14.7,0,2,1,0,0
2005,6,30,11,9,126,0,14.7,0,2,1,0,0
2005,6,30,12,9,126,0,14.7,0,2,1,0,0
2005,6,30,13,9,126,0,14.7,0,2,1,0,0
2005,6,30,14,9,126,0,14.7,0,2,1,0,0
2005,6,30,15,9,126,0,14.7,0,2,1,0,0
2005,6,30,16,9,126,0,14.7,0,2,1,0,0
2005,6,30,17,9,126,0,14.7,0,2,1,0,0
2005,6,30,18,9,126,0,14.7,0,2,1,0,0
2005,6,30,19,9,126,0,14.7,0,2,1,0,0
2005,6,30,20,9,126,0,14.7,0,2,1,0,0
2005,6,30,21,9,126,0,14.7,0,2,1,0,0
2005,6,30,22,9,126,0,14.7,0,2,1,0,0
2005,6,30,23,9,126,0,14.7,0,2,1,0,0
2005,6,30,24,9,126,0,14.7,0,2,1,0,0
2005,6,30,1,2,127,0,88.8,0,2,1,0,0
2005,6,30,1,2,127,74.51,6.3,0,2,0,0,74.51
2005,6,30,1,2,127,77.85,6.3,0,2,0,0,77.85
2005,6,30,1,2,127,81.2,6.3,0,2,0,0,81.2
2005,6,30,1,2,127,84.54,6.3,0,2,0,0,84.54
2005,6,30,2,2,127,0,82,0,2,1,0,0
2005,6,30,2,2,127,74.51,6.3,0,2,0,0,74.51
2005,6,30,2,2,127,77.85,6.3,0,2,0,0,77.85
2005,6,30,2,2,127,81.2,6.3,0,2,0,0,81.2
2005,6,30,2,2,127,84.54,6.3,0,2,0,0,84.54
2005,6,30,3,2,127,0,82,0,2,1,0,0
2005,6,30,3,2,127,74.51,6.3,0,2,0,0,74.51
2005,6,30,3,2,127,77.85,6.3,0,2,0,0,77.85
2005,6,30,3,2,127,81.2,6.3,0,2,0,0,81.2
2005,6,30,3,2,127,84.54,6.3,0,2,0,0,84.54
2005,6,30,4,2,127,0,82,0,2,1,0,0
2005,6,30,4,2,127,74.51,6.3,0,2,0,0,74.51
2005,6,30,4,2,127,77.85,6.3,0,2,0,0,77.85
2005,6,30,4,2,127,81.2,6.3,0,2,0,0,81.2
2005,6,30,4,2,127,84.54,6.3,0,2,0,0,84.54
2005,6,30,5,2,127,0,82,0,2,1,0,0
2005,6,30,5,2,127,74.51,6.3,0,2,0,0,74.51
2005,6,30,5,2,127,77.85,6.3,0,2,0,0,77.85
2005,6,30,5,2,127,81.2,6.3,0,2,0,0,81.2
2005,6,30,5,2,127,84.54,6.3,0,2,0,0,84.54
2005,6,30,6,2,127,0,82,0,2,1,0,0
2005,6,30,6,2,127,74.51,6.3,0,2,0,0,74.51
2005,6,30,6,2,127,77.85,6.3,0,2,0,0,77.85
2005,6,30,6,2,127,81.2,6.3,0,2,0,0,81.2
2005,6,30,6,2,127,84.54,6.3,0,2,0,0,84.54
2005,6,30,7,2,127,0,82,0,2,1,0,0
2005,6,30,7,2,127,74.51,6.3,0,2,0,0,74.51
2005,6,30,7,2,127,77.85,6.3,0,2,0,0,77.85
2005,6,30,7,2,127,81.2,6.3,0,2,0,0,81.2
2005,6,30,7,2,127,84.54,6.3,0,2,0,0,84.54
2005,6,30,8,2,127,0,86.8,0,2,1,0,0
2005,6,30,8,2,127,74.51,6.3,0,2,0,0,74.51
2005,6,30,8,2,127,77.85,6.3,0,2,0,0,77.85
2005,6,30,8,2,127,81.2,6.3,0,2,0,0,81.2
2005,6,30,8,2,127,84.54,6.3,0,2,0,0,84.54
2005,6,30,9,2,127,0,90.7,0,2,1,0,0
2005,6,30,9,2,127,74.51,6.3,0,2,0,0,74.51
2005,6,30,9,2,127,77.85,6.3,0,2,0,0,77.85
2005,6,30,9,2,127,81.2,6.3,0,2,0,0,81.2
2005,6,30,9,2,127,84.54,6.3,0,2,0,0,84.54
2005,6,30,10,2,127,0,143.5,0,2,1,0,0
2005,6,30,11,2,127,0,143.6,0,2,1,0,0
2005,6,30,12,2,127,0,143.6,0,2,1,0,0
2005,6,30,13,2,127,0,143.6,0,2,1,0,0
2005,6,30,14,2,127,0,143.6,0,2,1,0,0
2005,6,30,15,2,127,0,136.8,0,2,1,0,0
2005,6,30,16,2,127,0,136.8,0,2,1,0,0
2005,6,30,17,2,127,0,127,0,2,1,0,0
2005,6,30,18,2,127,0,127,0,2,1,0,0
2005,6,30,19,2,127,0,127,0,2,1,0,0
2005,6,30,20,2,127,0,129.9,0,2,1,0,0
2005,6,30,21,2,127,0,116.1,0,2,1,0,0
2005,6,30,22,2,127,0,116.1,0,2,1,0,0
2005,6,30,23,2,127,0,101.1,0,2,1,0,0
2005,6,30,23,2,127,74.51,3.8,0,2,0,0,74.51
2005,6,30,23,2,127,77.85,3.8,0,2,0,0,77.85
2005,6,30,23,2,127,81.2,3.8,0,2,0,0,81.2
2005,6,30,23,2,127,84.54,3.8,0,2,0,0,84.54
2005,6,30,24,2,127,0,90.7,0,2,1,0,0
2005,6,30,24,2,127,74.51,6.3,0,2,0,0,74.51
2005,6,30,24,2,127,77.85,6.3,0,2,0,0,77.85
2005,6,30,24,2,127,81.2,6.3,0,2,0,0,81.2
2005,6,30,24,2,127,84.54,6.3,0,2,0,0,84.54
2005,6,30,1,2,128,0,55.5,0,2,1,0,0
2005,6,30,1,2,128,74.51,17.5,0,2,0,0,74.51
2005,6,30,1,2,128,77.85,17.5,0,2,0,0,77.85
2005,6,30,1,2,128,81.2,17.5,0,2,0,0,81.2
2005,6,30,1,2,128,84.54,17.5,0,2,0,0,84.54
2005,6,30,2,2,128,0,7.3,0,2,1,0,0
2005,6,30,2,2,128,74.51,21.3,0,2,0,0,74.51
2005,6,30,2,2,128,77.85,21.3,0,2,0,0,77.85
2005,6,30,2,2,128,81.2,21.3,0,2,0,0,81.2
2005,6,30,2,2,128,84.54,21.3,0,2,0,0,84.54
2005,6,30,3,2,128,0,7.3,0,2,1,0,0
2005,6,30,3,2,128,74.51,21.3,0,2,0,0,74.51
2005,6,30,3,2,128,77.85,21.3,0,2,0,0,77.85
2005,6,30,3,2,128,81.2,21.3,0,2,0,0,81.2
2005,6,30,3,2,128,84.54,21.3,0,2,0,0,84.54
2005,6,30,4,2,128,0,7.3,0,2,1,0,0
2005,6,30,4,2,128,74.51,21.3,0,2,0,0,74.51
2005,6,30,4,2,128,77.85,21.3,0,2,0,0,77.85
2005,6,30,4,2,128,81.2,21.3,0,2,0,0,81.2
2005,6,30,4,2,128,84.54,21.3,0,2,0,0,84.54
2005,6,30,5,2,128,0,7.3,0,2,1,0,0
2005,6,30,5,2,128,74.51,21.3,0,2,0,0,74.51
2005,6,30,5,2,128,77.85,21.3,0,2,0,0,77.85
2005,6,30,5,2,128,81.2,21.3,0,2,0,0,81.2
2005,6,30,5,2,128,84.54,21.3,0,2,0,0,84.54
2005,6,30,6,2,128,0,7.3,0,2,1,0,0
2005,6,30,6,2,128,74.51,21.3,0,2,0,0,74.51
2005,6,30,6,2,128,77.85,21.3,0,2,0,0,77.85
2005,6,30,6,2,128,81.2,21.3,0,2,0,0,81.2
2005,6,30,6,2,128,84.54,21.3,0,2,0,0,84.54
2005,6,30,7,2,128,0,85,0,2,1,0,0
2005,6,30,7,2,128,74.51,10,0,2,0,0,74.51
2005,6,30,7,2,128,77.85,10,0,2,0,0,77.85
2005,6,30,7,2,128,81.2,10,0,2,0,0,81.2
2005,6,30,7,2,128,84.54,10,0,2,0,0,84.54
2005,6,30,8,2,128,0,102,0,2,1,0,0
2005,6,30,8,2,128,74.51,6,0,2,0,0,74.51
2005,6,30,8,2,128,77.85,6,0,2,0,0,77.85
2005,6,30,8,2,128,81.2,6,0,2,0,0,81.2
2005,6,30,8,2,128,84.54,6,0,2,0,0,84.54
2005,6,30,9,2,128,0,125.6,0,2,1,0,0
2005,6,30,9,2,128,74.51,7.1,0,2,0,0,74.51
2005,6,30,9,2,128,77.85,7.1,0,2,0,0,77.85
2005,6,30,9,2,128,81.2,7.1,0,2,0,0,81.2
2005,6,30,9,2,128,84.54,7,0,2,0,0,84.54
2005,6,30,10,2,128,0,125.6,0,2,1,0,0
2005,6,30,10,2,128,74.51,7.1,0,2,1,0,74.51
2005,6,30,10,2,128,77.85,7.1,0,2,1,0,77.85
2005,6,30,10,2,128,81.2,7.1,0,2,1,0,81.2
2005,6,30,10,2,128,84.54,7,0,2,1,0,84.54
2005,6,30,11,2,128,0,141.9,0,2,1,0,0
2005,6,30,11,2,128,74.51,7.1,0,2,1,0,74.51
2005,6,30,11,2,128,77.85,7.1,0,2,1,0,77.85
2005,6,30,11,2,128,81.2,7.1,0,2,1,0,81.2
2005,6,30,11,2,128,84.54,7.1,0,2,1,0,84.54
2005,6,30,12,2,128,0,128.6,0,2,1,0,0
2005,6,30,12,2,128,74.51,7.1,0,2,1,0,74.51
2005,6,30,12,2,128,77.85,7.1,0,2,1,0,77.85
2005,6,30,12,2,128,81.2,7.1,0,2,1,0,81.2
2005,6,30,12,2,128,84.54,7.1,0,2,1,0,84.54
2005,6,30,13,2,128,0,125.4,0,2,1,0,0
2005,6,30,13,2,128,74.51,7.1,0,2,1,0,74.51
2005,6,30,13,2,128,77.85,7.1,0,2,1,0,77.85
2005,6,30,13,2,128,81.2,7.1,0,2,1,0,81.2
2005,6,30,13,2,128,84.54,7.1,0,2,1,0,84.54
2005,6,30,14,2,128,0,125.3,0,2,1,0,0
2005,6,30,14,2,128,74.51,7.1,0,2,1,0,74.51
2005,6,30,14,2,128,77.85,7.1,0,2,1,0,77.85
2005,6,30,14,2,128,81.2,7.1,0,2,1,0,81.2
2005,6,30,14,2,128,84.54,7.1,0,2,1,0,84.54
2005,6,30,15,2,128,0,101.7,0,2,1,0,0
2005,6,30,15,2,128,74.51,6,0,2,1,0,74.51
2005,6,30,15,2,128,77.85,6,0,2,1,0,77.85
2005,6,30,15,2,128,81.2,6,0,2,1,0,81.2
2005,6,30,15,2,128,84.54,6,0,2,1,0,84.54
2005,6,30,16,2,128,0,101.7,0,2,1,0,0
2005,6,30,16,2,128,74.51,6,0,2,1,0,74.51
2005,6,30,16,2,128,77.85,6,0,2,1,0,77.85
2005,6,30,16,2,128,81.2,6,0,2,1,0,81.2
2005,6,30,16,2,128,84.54,6,0,2,1,0,84.54
2005,6,30,17,2,128,0,101.6,0,2,1,0,0
2005,6,30,17,2,128,74.51,6,0,2,1,0,74.51
2005,6,30,17,2,128,77.85,6,0,2,1,0,77.85
2005,6,30,17,2,128,81.2,6,0,2,1,0,81.2
2005,6,30,17,2,128,84.54,6,0,2,1,0,84.54
2005,6,30,18,2,128,0,101.6,0,2,1,0,0
2005,6,30,18,2,128,74.51,6,0,2,1,0,74.51
2005,6,30,18,2,128,77.85,6,0,2,1,0,77.85
2005,6,30,18,2,128,81.2,6,0,2,1,0,81.2
2005,6,30,18,2,128,84.54,6,0,2,1,0,84.54
2005,6,30,19,2,128,0,101.6,0,2,1,0,0
2005,6,30,19,2,128,74.51,6,0,2,1,0,74.51
2005,6,30,19,2,128,77.85,6,0,2,1,0,77.85
2005,6,30,19,2,128,81.2,6,0,2,1,0,81.2
2005,6,30,19,2,128,84.54,6,0,2,1,0,84.54
2005,6,30,20,2,128,0,101.6,0,2,1,0,0
2005,6,30,20,2,128,74.51,6,0,2,1,0,74.51
2005,6,30,20,2,128,77.85,6,0,2,1,0,77.85
2005,6,30,20,2,128,81.2,6,0,2,1,0,81.2
2005,6,30,20,2,128,84.54,6,0,2,0,0,84.54
2005,6,30,21,2,128,0,101.5,0,2,1,0,0
2005,6,30,21,2,128,74.51,6,0,2,0,0,74.51
2005,6,30,21,2,128,77.85,6,0,2,0,0,77.85
2005,6,30,21,2,128,81.2,6,0,2,0,0,81.2
2005,6,30,21,2,128,84.54,6,0,2,0,0,84.54
2005,6,30,22,2,128,0,101.5,0,2,1,0,0
2005,6,30,22,2,128,74.51,6,0,2,0,0,74.51
2005,6,30,22,2,128,77.85,6,0,2,0,0,77.85
2005,6,30,22,2,128,81.2,6,0,2,0,0,81.2
2005,6,30,22,2,128,84.54,6,0,2,0,0,84.54
2005,6,30,23,2,128,0,101.5,0,2,1,0,0
2005,6,30,23,2,128,74.51,6,0,2,0,0,74.51
2005,6,30,23,2,128,77.85,6,0,2,0,0,77.85
2005,6,30,23,2,128,81.2,6,0,2,0,0,81.2
2005,6,30,23,2,128,84.54,6,0,2,0,0,84.54
2005,6,30,24,2,128,0,55.2,0,2,1,0,0
2005,6,30,24,2,128,74.51,17.5,0,2,0,0,74.51
2005,6,30,24,2,128,77.85,17.5,0,2,0,0,77.85
2005,6,30,24,2,128,81.2,17.5,0,2,0,0,81.2
2005,6,30,24,2,128,84.54,17.5,0,2,0,0,84.54
2005,6,30,1,9,129,0,50.3,0,2,1,0,0
2005,6,30,2,9,129,0,50.2,0,2,1,0,0
2005,6,30,3,9,129,0,50.3,0,2,1,0,0
2005,6,30,4,9,129,0,49.8,0,2,1,0,0
2005,6,30,5,9,129,0,49.7,0,2,1,0,0
2005,6,30,6,9,129,0,49.6,0,2,1,0,0
2005,6,30,7,9,129,0,50.3,0,2,1,0,0
2005,6,30,8,9,129,0,50.4,0,2,1,0,0
2005,6,30,9,9,129,0,49.9,0,2,1,0,0
2005,6,30,10,9,129,0,49.4,0,2,1,0,0
2005,6,30,11,9,129,0,48.7,0,2,1,0,0
2005,6,30,12,9,129,0,48.9,0,2,1,0,0
2005,6,30,13,9,129,0,47.7,0,2,1,0,0
2005,6,30,14,9,129,0,47.3,0,2,1,0,0
2005,6,30,15,9,129,0,47.1,0,2,1,0,0
2005,6,30,16,9,129,0,47.2,0,2,1,0,0
2005,6,30,17,9,129,0,47.4,0,2,1,0,0
2005,6,30,18,9,129,0,48.1,0,2,1,0,0
2005,6,30,19,9,129,0,48.1,0,2,1,0,0
2005,6,30,20,9,129,0,48.7,0,2,1,0,0
2005,6,30,21,9,129,0,48.8,0,2,1,0,0
2005,6,30,22,9,129,0,49.1,0,2,1,0,0
2005,6,30,23,9,129,0,50,0,2,1,0,0
2005,6,30,24,9,129,0,49.8,0,2,1,0,0
2005,6,30,1,5,130,0,.2,0,2,1,0,0
2005,6,30,8,5,130,0,.9,0,2,1,0,0
2005,6,30,9,5,130,0,2.4,0,2,1,0,0
2005,6,30,10,5,130,0,2.1,0,2,1,0,0
2005,6,30,11,5,130,0,2.1,0,2,1,0,0
2005,6,30,12,5,130,0,2,0,2,1,0,0
2005,6,30,13,5,130,0,1.9,0,2,1,0,0
2005,6,30,14,5,130,0,2,0,2,1,0,0
2005,6,30,15,5,130,0,2.2,0,2,1,0,0
2005,6,30,16,5,130,0,2.3,0,2,1,0,0
2005,6,30,17,5,130,0,2.4,0,2,1,0,0
2005,6,30,18,5,130,0,2.4,0,2,1,0,0
2005,6,30,19,5,130,0,2.4,0,2,1,0,0
2005,6,30,20,5,130,0,2.4,0,2,1,0,0
2005,6,30,21,5,130,0,2.6,0,2,1,0,0
2005,6,30,22,5,130,0,2.8,0,2,1,0,0
2005,6,30,23,5,130,0,3,0,2,1,0,0
2005,6,30,24,5,130,0,3.2,0,2,1,0,0
2005,6,30,1,5,131,0,9,0,2,1,0,0
2005,6,30,2,5,131,0,7.6,0,2,1,0,0
2005,6,30,3,5,131,0,6.4,0,2,1,0,0
2005,6,30,4,5,131,0,5.4,0,2,1,0,0
2005,6,30,5,5,131,0,4.5,0,2,1,0,0
2005,6,30,6,5,131,0,3.8,0,2,1,0,0
2005,6,30,7,5,131,0,3.3,0,2,1,0,0
2005,6,30,8,5,131,0,3.1,0,2,1,0,0
2005,6,30,9,5,131,0,3.2,0,2,1,0,0
2005,6,30,10,5,131,0,3.6,0,2,1,0,0
2005,6,30,11,5,131,0,4.2,0,2,1,0,0
2005,6,30,12,5,131,0,5,0,2,1,0,0
2005,6,30,13,5,131,0,5.9,0,2,1,0,0
2005,6,30,14,5,131,0,6.7,0,2,1,0,0
2005,6,30,15,5,131,0,7.6,0,2,1,0,0
2005,6,30,16,5,131,0,8.4,0,2,1,0,0
2005,6,30,17,5,131,0,9.2,0,2,1,0,0
2005,6,30,18,5,131,0,9.9,0,2,1,0,0
2005,6,30,19,5,131,0,10.3,0,2,1,0,0
2005,6,30,20,5,131,0,10.3,0,2,1,0,0
2005,6,30,21,5,131,0,9.8,0,2,1,0,0
2005,6,30,22,5,131,0,8.9,0,2,1,0,0
2005,6,30,23,5,131,0,7.6,0,2,1,0,0
2005,6,30,24,5,131,0,5.9,0,2,1,0,0
2005,6,30,1,5,132,12,30,0,1,0,0,12
2005,6,30,1,5,132,180.3,523.4,0,1,1,0,180.3
2005,6,30,2,5,132,12,30,0,1,0,0,12
2005,6,30,2,5,132,180.3,516.7,0,1,1,0,180.3
2005,6,30,3,5,132,12,30,0,1,0,0,12
2005,6,30,3,5,132,180.3,507.2,0,1,1,0,180.3
2005,6,30,4,5,132,12,30,0,1,0,0,12
2005,6,30,4,5,132,180.3,513,0,1,1,0,180.3
2005,6,30,5,5,132,12,30,0,1,0,0,12
2005,6,30,5,5,132,180.3,511.2,0,1,1,0,180.3
2005,6,30,6,5,132,12,30,0,1,0,0,12
2005,6,30,6,5,132,180.3,518.3,0,1,1,0,180.3
2005,6,30,7,5,132,12,30,0,1,0,0,12
2005,6,30,7,5,132,180.3,583.7,0,1,1,0,180.3
2005,6,30,8,5,132,12,30,0,1,0,0,12
2005,6,30,8,5,132,180.3,632.2,0,1,1,0,180.3
2005,6,30,9,5,132,12,30,0,1,0,0,12
2005,6,30,9,5,132,180.3,658.4,0,1,1,0,180.3
2005,6,30,10,5,132,12,30,0,1,0,0,12
2005,6,30,10,5,132,180.3,670.5,0,1,1,0,180.3
2005,6,30,11,5,132,12,30,0,1,0,0,12
2005,6,30,11,5,132,180.3,679.9,0,1,1,0,180.3
2005,6,30,12,5,132,12,30,0,1,0,0,12
2005,6,30,12,5,132,180.3,694.8,0,1,1,0,180.3
2005,6,30,13,5,132,12,30,0,1,0,0,12
2005,6,30,13,5,132,180.3,699.4,0,1,1,0,180.3
2005,6,30,14,5,132,12,30,0,1,0,0,12
2005,6,30,14,5,132,180.3,693.6,0,1,1,0,180.3
2005,6,30,15,5,132,12,30,0,1,0,0,12
2005,6,30,15,5,132,180.3,687.2,0,1,1,0,180.3
2005,6,30,16,5,132,12,30,0,1,0,0,12
2005,6,30,16,5,132,180.3,689.9,0,1,1,0,180.3
2005,6,30,17,5,132,12,30,0,1,0,0,12
2005,6,30,17,5,132,180.3,689.7,0,1,1,0,180.3
2005,6,30,18,5,132,12,30,0,1,0,0,12
2005,6,30,18,5,132,180.3,684.4,0,1,1,0,180.3
2005,6,30,19,5,132,12,30,0,1,0,0,12
2005,6,30,19,5,132,180.3,668.1,0,1,1,0,180.3
2005,6,30,20,5,132,12,30,0,1,0,0,12
2005,6,30,20,5,132,180.3,651.1,0,1,1,0,180.3
2005,6,30,21,5,132,12,30,0,1,0,0,12
2005,6,30,21,5,132,180.3,630.2,0,1,1,0,180.3
2005,6,30,22,5,132,12,30,0,1,0,0,12
2005,6,30,22,5,132,180.3,600.2,0,1,1,0,180.3
2005,6,30,23,5,132,12,30,0,1,0,0,12
2005,6,30,23,5,132,180.3,553.4,0,1,1,0,180.3
2005,6,30,24,5,132,12,30,0,1,0,0,12
2005,6,30,24,5,132,180.3,532,0,1,1,0,180.3
2005,6,30,1,5,133,12,247.6,0,1,0,0,12
2005,6,30,2,5,133,12,196.1,0,1,0,0,12
2005,6,30,3,5,133,12,171.6,0,1,0,0,12
2005,6,30,4,5,133,12,157.3,0,1,0,0,12
2005,6,30,5,5,133,12,143.8,0,1,0,0,12
2005,6,30,6,5,133,12,146.9,0,1,0,0,12
2005,6,30,7,5,133,12,174.5,0,1,0,0,12
2005,6,30,8,5,133,12,222.2,0,1,0,0,12
2005,6,30,9,5,133,12,283.8,0,1,0,0,12
2005,6,30,10,5,133,12,311.9,0,1,0,0,12
2005,6,30,11,5,133,12,341.7,0,1,0,0,12
2005,6,30,12,5,133,12,358.3,0,1,0,0,12
2005,6,30,13,5,133,12,372,0,1,0,0,12
2005,6,30,14,5,133,12,372.8,0,1,0,0,12
2005,6,30,15,5,133,12,346.3,0,1,0,0,12
2005,6,30,16,5,133,12,344.6,0,1,0,0,12
2005,6,30,17,5,133,12,345,0,1,0,0,12
2005,6,30,18,5,133,12,348.3,0,1,0,0,12
2005,6,30,19,5,133,12,343.8,0,1,0,0,12
2005,6,30,20,5,133,12,340.2,0,1,0,0,12
2005,6,30,21,5,133,12,343,0,1,0,0,12
2005,6,30,22,5,133,12,350,0,1,0,0,12
2005,6,30,23,5,133,12,365.7,0,1,0,0,12
2005,6,30,24,5,133,12,324,0,1,0,0,12
2005,6,30,1,1,1065,0,65,.938284,2,1,0,0
2005,6,30,1,1,1065,42.61,29,.938284,2,1,0,46.094875
2005,6,30,1,1,1065,43.05,16,.938284,2,1,0,46.094875
2005,6,30,1,1,1065,43.49,28,.938284,2,1,0,46.094875
2005,6,30,1,1,1065,86.68,5.4,.938284,2,0,0,46.094875
2005,6,30,2,1,1065,0,65,.938284,2,1,0,0
2005,6,30,2,1,1065,42.61,29,.938284,2,1,0,46.094875
2005,6,30,2,1,1065,43.05,16,.938284,2,1,0,46.094875
2005,6,30,2,1,1065,43.49,28,.938284,2,1,0,46.094875
2005,6,30,2,1,1065,86.68,5.4,.938284,2,0,0,46.094875
2005,6,30,3,1,1065,0,65,.938284,2,1,0,0
2005,6,30,3,1,1065,42.61,29,.938284,2,0,0,46.094875
2005,6,30,3,1,1065,43.05,16,.938284,2,0,0,46.094875
2005,6,30,3,1,1065,43.49,28,.938284,2,0,0,46.094875
2005,6,30,3,1,1065,86.68,5.4,.938284,2,0,0,46.094875
2005,6,30,4,1,1065,0,65,.938284,2,1,0,0
2005,6,30,4,1,1065,42.61,29,.938284,2,0,0,46.094875
2005,6,30,4,1,1065,43.05,16,.938284,2,0,0,46.094875
2005,6,30,4,1,1065,43.49,28,.938284,2,0,0,46.094875
2005,6,30,4,1,1065,86.68,5.4,.938284,2,0,0,46.094875
2005,6,30,5,1,1065,0,65,.938284,2,1,0,0
2005,6,30,5,1,1065,42.61,29,.938284,2,0,0,46.094875
2005,6,30,5,1,1065,43.05,16,.938284,2,0,0,46.094875
2005,6,30,5,1,1065,43.49,28,.938284,2,0,0,46.094875
2005,6,30,5,1,1065,86.68,5.4,.938284,2,0,0,46.094875
2005,6,30,6,1,1065,0,65,.938284,2,1,0,0
2005,6,30,6,1,1065,42.61,29,.938284,2,0,0,46.094875
2005,6,30,6,1,1065,43.05,16,.938284,2,0,0,46.094875
2005,6,30,6,1,1065,43.49,28,.938284,2,0,0,46.094875
2005,6,30,6,1,1065,86.68,5.4,.938284,2,0,0,46.094875
2005,6,30,7,1,1065,0,65,.938284,2,1,0,0
2005,6,30,7,1,1065,42.61,29,.938284,2,1,0,46.094875
2005,6,30,7,1,1065,43.05,16,.938284,2,1,0,46.094875
2005,6,30,7,1,1065,43.49,28,.938284,2,1,0,46.094875
2005,6,30,7,1,1065,86.68,5.4,.938284,2,0,0,46.094875
2005,6,30,8,1,1065,0,65,.938284,2,1,0,0
2005,6,30,8,1,1065,42.61,29,.938284,2,1,0,46.094875
2005,6,30,8,1,1065,43.05,16,.938284,2,1,0,46.094875
2005,6,30,8,1,1065,43.49,28,.938284,2,1,0,46.094875
2005,6,30,8,1,1065,86.68,5.4,.938284,2,0,0,46.094875
2005,6,30,9,1,1065,0,65,.938284,2,1,0,0
2005,6,30,9,1,1065,42.61,29,.938284,2,1,0,46.094875
2005,6,30,9,1,1065,43.05,16,.938284,2,1,0,46.094875
2005,6,30,9,1,1065,43.49,28,.938284,2,1,0,46.094875
2005,6,30,9,1,1065,86.68,5.4,.938284,2,0,0,46.094875
2005,6,30,10,1,1065,0,65,.938284,2,1,0,0
2005,6,30,10,1,1065,42.61,29,.938284,2,1,0,46.094875
2005,6,30,10,1,1065,43.05,16,.938284,2,1,0,46.094875
2005,6,30,10,1,1065,43.49,28,.938284,2,1,0,46.094875
2005,6,30,10,1,1065,86.68,5.4,.938284,2,1,0,46.094875
2005,6,30,11,1,1065,0,65,.938284,2,1,0,0
2005,6,30,11,1,1065,42.61,29,.938284,2,1,0,46.094875
2005,6,30,11,1,1065,43.05,16,.938284,2,1,0,46.094875
2005,6,30,11,1,1065,43.49,28,.938284,2,1,0,46.094875
2005,6,30,11,1,1065,86.68,5.4,.938284,2,1,0,46.094875
2005,6,30,12,1,1065,0,65,.938284,2,1,0,0
2005,6,30,12,1,1065,42.61,29,.938284,2,1,0,46.094875
2005,6,30,12,1,1065,43.05,16,.938284,2,1,0,46.094875
2005,6,30,12,1,1065,43.49,28,.938284,2,1,0,46.094875
2005,6,30,12,1,1065,86.68,5.4,.938284,2,1,0,46.094875
2005,6,30,13,1,1065,0,65,.938284,2,1,0,0
2005,6,30,13,1,1065,42.61,29,.938284,2,1,0,46.094875
2005,6,30,13,1,1065,43.05,16,.938284,2,1,0,46.094875
2005,6,30,13,1,1065,43.49,28,.938284,2,1,0,46.094875
2005,6,30,13,1,1065,86.68,5.4,.938284,2,1,0,46.094875
2005,6,30,14,1,1065,0,65,.938284,2,1,0,0
2005,6,30,14,1,1065,42.61,29,.938284,2,1,0,46.094875
2005,6,30,14,1,1065,43.05,16,.938284,2,1,0,46.094875
2005,6,30,14,1,1065,43.49,28,.938284,2,1,0,46.094875
2005,6,30,14,1,1065,86.68,5.4,.938284,2,1,0,46.094875
2005,6,30,15,1,1065,0,65,.938284,2,1,0,0
2005,6,30,15,1,1065,42.61,29,.938284,2,1,0,46.094875
2005,6,30,15,1,1065,43.05,16,.938284,2,1,0,46.094875
2005,6,30,15,1,1065,43.49,28,.938284,2,1,0,46.094875
2005,6,30,15,1,1065,86.68,5.4,.938284,2,1,0,46.094875
2005,6,30,16,1,1065,0,65,.938284,2,1,0,0
2005,6,30,16,1,1065,42.61,29,.938284,2,1,0,46.094875
2005,6,30,16,1,1065,43.05,16,.938284,2,1,0,46.094875
2005,6,30,16,1,1065,43.49,28,.938284,2,1,0,46.094875
2005,6,30,16,1,1065,86.68,5.4,.938284,2,1,0,46.094875
2005,6,30,17,1,1065,0,65,.938284,2,1,0,0
2005,6,30,17,1,1065,42.61,29,.938284,2,1,0,46.094875
2005,6,30,17,1,1065,43.05,16,.938284,2,1,0,46.094875
2005,6,30,17,1,1065,43.49,28,.938284,2,1,0,46.094875
2005,6,30,17,1,1065,86.68,5.4,.938284,2,1,0,46.094875
2005,6,30,18,1,1065,0,65,.938284,2,1,0,0
2005,6,30,18,1,1065,42.61,29,.938284,2,1,0,46.094875
2005,6,30,18,1,1065,43.05,16,.938284,2,1,0,46.094875
2005,6,30,18,1,1065,43.49,28,.938284,2,1,0,46.094875
2005,6,30,18,1,1065,86.68,5.4,.938284,2,1,0,46.094875
2005,6,30,19,1,1065,0,65,.938284,2,1,0,0
2005,6,30,19,1,1065,42.61,29,.938284,2,1,0,46.094875
2005,6,30,19,1,1065,43.05,16,.938284,2,1,0,46.094875
2005,6,30,19,1,1065,43.49,28,.938284,2,1,0,46.094875
2005,6,30,19,1,1065,86.68,5.4,.938284,2,1,0,46.094875
2005,6,30,20,1,1065,0,65,.938284,2,1,0,0
2005,6,30,20,1,1065,42.61,29,.938284,2,1,0,46.094875
2005,6,30,20,1,1065,43.05,16,.938284,2,1,0,46.094875
2005,6,30,20,1,1065,43.49,28,.938284,2,1,0,46.094875
2005,6,30,20,1,1065,86.68,5.4,.938284,2,0,0,46.094875
2005,6,30,21,1,1065,0,65,.938284,2,1,0,0
2005,6,30,21,1,1065,42.61,29,.938284,2,1,0,46.094875
2005,6,30,21,1,1065,43.05,16,.938284,2,1,0,46.094875
2005,6,30,21,1,1065,43.49,28,.938284,2,1,0,46.094875
2005,6,30,21,1,1065,86.68,5.4,.938284,2,0,0,46.094875
2005,6,30,22,1,1065,0,65,.938284,2,1,0,0
2005,6,30,22,1,1065,42.61,29,.938284,2,1,0,46.094875
2005,6,30,22,1,1065,43.05,16,.938284,2,1,0,46.094875
2005,6,30,22,1,1065,43.49,28,.938284,2,1,0,46.094875
2005,6,30,22,1,1065,86.68,5.4,.938284,2,0,0,46.094875
2005,6,30,23,1,1065,0,65,.938284,2,1,0,0
2005,6,30,23,1,1065,42.61,29,.938284,2,1,0,46.094875
2005,6,30,23,1,1065,43.05,16,.938284,2,1,0,46.094875
2005,6,30,23,1,1065,43.49,28,.938284,2,1,0,46.094875
2005,6,30,23,1,1065,86.68,5.4,.938284,2,0,0,46.094875
2005,6,30,24,1,1065,0,65,.938284,2,1,0,0
2005,6,30,24,1,1065,42.61,29,.938284,2,1,0,46.094875
2005,6,30,24,1,1065,43.05,16,.938284,2,1,0,46.094875
2005,6,30,24,1,1065,43.49,28,.938284,2,1,0,46.094875
2005,6,30,24,1,1065,86.68,5.4,.938284,2,0,0,46.094875
2005,6,30,1,1,1066,0,160,.938284,2,1,0,0
2005,6,30,1,1,1066,41.04,95,.938284,2,1,0,44.641024
2005,6,30,1,1,1066,41.48,45,.938284,2,1,0,44.641024
2005,6,30,1,1,1066,41.92,42.4,.938284,2,1,0,44.641024
2005,6,30,2,1,1066,0,160,.938284,2,1,0,0
2005,6,30,2,1,1066,41.04,95,.938284,2,1,0,44.641024
2005,6,30,2,1,1066,41.48,45,.938284,2,1,0,44.641024
2005,6,30,2,1,1066,41.92,42.4,.938284,2,1,0,44.641024
2005,6,30,3,1,1066,0,160,.938284,2,1,0,0
2005,6,30,3,1,1066,41.04,95,.938284,2,0,0,44.641024
2005,6,30,3,1,1066,41.48,45,.938284,2,0,0,44.641024
2005,6,30,3,1,1066,41.92,42.4,.938284,2,0,0,44.641024
2005,6,30,4,1,1066,0,160,.938284,2,1,0,0
2005,6,30,4,1,1066,41.04,95,.938284,2,0,0,44.641024
2005,6,30,4,1,1066,41.48,45,.938284,2,0,0,44.641024
2005,6,30,4,1,1066,41.92,42.4,.938284,2,0,0,44.641024
2005,6,30,5,1,1066,0,160,.938284,2,1,0,0
2005,6,30,5,1,1066,41.04,95,.938284,2,0,0,44.641024
2005,6,30,5,1,1066,41.48,45,.938284,2,0,0,44.641024
2005,6,30,5,1,1066,41.92,42.4,.938284,2,0,0,44.641024
2005,6,30,6,1,1066,0,160,.938284,2,1,0,0
2005,6,30,6,1,1066,41.04,95,.938284,2,0,0,44.641024
2005,6,30,6,1,1066,41.48,45,.938284,2,0,0,44.641024
2005,6,30,6,1,1066,41.92,42.4,.938284,2,0,0,44.641024
2005,6,30,7,1,1066,0,160,.938284,2,1,0,0
2005,6,30,7,1,1066,41.04,95,.938284,2,1,0,44.641024
2005,6,30,7,1,1066,41.48,45,.938284,2,1,0,44.641024
2005,6,30,7,1,1066,41.92,42.4,.938284,2,1,0,44.641024
2005,6,30,8,1,1066,0,160,.938284,2,1,0,0
2005,6,30,8,1,1066,41.04,95,.938284,2,1,0,44.641024
2005,6,30,8,1,1066,41.48,45,.938284,2,1,0,44.641024
2005,6,30,8,1,1066,41.92,42.4,.938284,2,1,0,44.641024
2005,6,30,9,1,1066,0,160,.938284,2,1,0,0
2005,6,30,9,1,1066,41.04,95,.938284,2,1,0,44.641024
2005,6,30,9,1,1066,41.48,45,.938284,2,1,0,44.641024
2005,6,30,9,1,1066,41.92,42.4,.938284,2,1,0,44.641024
2005,6,30,10,1,1066,0,160,.938284,2,1,0,0
2005,6,30,10,1,1066,41.04,95,.938284,2,1,0,44.641024
2005,6,30,10,1,1066,41.48,45,.938284,2,1,0,44.641024
2005,6,30,10,1,1066,41.92,42.4,.938284,2,1,0,44.641024
2005,6,30,11,1,1066,0,160,.938284,2,1,0,0
2005,6,30,11,1,1066,41.04,95,.938284,2,1,0,44.641024
2005,6,30,11,1,1066,41.48,45,.938284,2,1,0,44.641024
2005,6,30,11,1,1066,41.92,42.4,.938284,2,1,0,44.641024
2005,6,30,12,1,1066,0,160,.938284,2,1,0,0
2005,6,30,12,1,1066,41.04,95,.938284,2,1,0,44.641024
2005,6,30,12,1,1066,41.48,45,.938284,2,1,0,44.641024
2005,6,30,12,1,1066,41.92,42.4,.938284,2,1,0,44.641024
2005,6,30,13,1,1066,0,160,.938284,2,1,0,0
2005,6,30,13,1,1066,41.04,95,.938284,2,1,0,44.641024
2005,6,30,13,1,1066,41.48,45,.938284,2,1,0,44.641024
2005,6,30,13,1,1066,41.92,42.4,.938284,2,1,0,44.641024
2005,6,30,14,1,1066,0,160,.938284,2,1,0,0
2005,6,30,14,1,1066,41.04,95,.938284,2,1,0,44.641024
2005,6,30,14,1,1066,41.48,45,.938284,2,1,0,44.641024
2005,6,30,14,1,1066,41.92,42.4,.938284,2,1,0,44.641024
2005,6,30,15,1,1066,0,160,.938284,2,1,0,0
2005,6,30,15,1,1066,41.04,95,.938284,2,1,0,44.641024
2005,6,30,15,1,1066,41.48,45,.938284,2,1,0,44.641024
2005,6,30,15,1,1066,41.92,42.4,.938284,2,1,0,44.641024
2005,6,30,16,1,1066,0,160,.938284,2,1,0,0
2005,6,30,16,1,1066,41.04,95,.938284,2,1,0,44.641024
2005,6,30,16,1,1066,41.48,45,.938284,2,1,0,44.641024
2005,6,30,16,1,1066,41.92,42.4,.938284,2,1,0,44.641024
2005,6,30,17,1,1066,0,160,.938284,2,1,0,0
2005,6,30,17,1,1066,41.04,95,.938284,2,1,0,44.641024
2005,6,30,17,1,1066,41.48,45,.938284,2,1,0,44.641024
2005,6,30,17,1,1066,41.92,42.4,.938284,2,1,0,44.641024
2005,6,30,18,1,1066,0,160,.938284,2,1,0,0
2005,6,30,18,1,1066,41.04,95,.938284,2,1,0,44.641024
2005,6,30,18,1,1066,41.48,45,.938284,2,1,0,44.641024
2005,6,30,18,1,1066,41.92,42.4,.938284,2,1,0,44.641024
2005,6,30,19,1,1066,0,160,.938284,2,1,0,0
2005,6,30,19,1,1066,41.04,95,.938284,2,1,0,44.641024
2005,6,30,19,1,1066,41.48,45,.938284,2,1,0,44.641024
2005,6,30,19,1,1066,41.92,42.4,.938284,2,1,0,44.641024
2005,6,30,20,1,1066,0,160,.938284,2,1,0,0
2005,6,30,20,1,1066,41.04,95,.938284,2,1,0,44.641024
2005,6,30,20,1,1066,41.48,45,.938284,2,1,0,44.641024
2005,6,30,20,1,1066,41.92,42.4,.938284,2,1,0,44.641024
2005,6,30,21,1,1066,0,160,.938284,2,1,0,0
2005,6,30,21,1,1066,41.04,95,.938284,2,1,0,44.641024
2005,6,30,21,1,1066,41.48,45,.938284,2,1,0,44.641024
2005,6,30,21,1,1066,41.92,42.4,.938284,2,1,0,44.641024
2005,6,30,22,1,1066,0,160,.938284,2,1,0,0
2005,6,30,22,1,1066,41.04,95,.938284,2,1,0,44.641024
2005,6,30,22,1,1066,41.48,45,.938284,2,1,0,44.641024
2005,6,30,22,1,1066,41.92,42.4,.938284,2,1,0,44.641024
2005,6,30,23,1,1066,0,160,.938284,2,1,0,0
2005,6,30,23,1,1066,41.04,95,.938284,2,1,0,44.641024
2005,6,30,23,1,1066,41.48,45,.938284,2,1,0,44.641024
2005,6,30,23,1,1066,41.92,42.4,.938284,2,1,0,44.641024
2005,6,30,24,1,1066,0,160,.938284,2,1,0,0
2005,6,30,24,1,1066,41.04,95,.938284,2,1,0,44.641024
2005,6,30,24,1,1066,41.48,45,.938284,2,1,0,44.641024
2005,6,30,24,1,1066,41.92,42.4,.938284,2,1,0,44.641024
2005,6,30,1,2,136,10.98,75,0,1,0,0,10.98
2005,6,30,1,2,136,49.99,75,0,1,1,0,49.99
2005,6,30,1,2,136,50,75,0,1,1,0,50
2005,6,30,2,2,136,10.98,75,0,1,0,0,10.98
2005,6,30,2,2,136,49.99,75,0,1,1,0,49.99
2005,6,30,2,2,136,50,75,0,1,1,0,50
2005,6,30,3,2,136,10.98,75,0,1,0,0,10.98
2005,6,30,3,2,136,49.99,75,0,1,1,0,49.99
2005,6,30,3,2,136,50,75,0,1,1,0,50
2005,6,30,4,2,136,10.98,75,0,1,0,0,10.98
2005,6,30,4,2,136,49.99,75,0,1,1,0,49.99
2005,6,30,4,2,136,50,75,0,1,1,0,50
2005,6,30,5,2,136,10.98,75,0,1,0,0,10.98
2005,6,30,5,2,136,49.99,75,0,1,1,0,49.99
2005,6,30,5,2,136,50,75,0,1,1,0,50
2005,6,30,6,2,136,10.98,75,0,1,0,0,10.98
2005,6,30,6,2,136,49.99,75,0,1,1,0,49.99
2005,6,30,6,2,136,50,75,0,1,1,0,50
2005,6,30,7,2,136,10.98,75,0,1,0,0,10.98
2005,6,30,7,2,136,49.99,75,0,1,1,0,49.99
2005,6,30,7,2,136,50,75,0,1,1,0,50
2005,6,30,8,2,136,10.98,75,0,1,0,0,10.98
2005,6,30,8,2,136,10.99,75,0,1,0,0,10.99
2005,6,30,8,2,136,11,75,0,1,0,0,11
2005,6,30,9,2,136,10.98,75,0,1,0,0,10.98
2005,6,30,9,2,136,10.99,75,0,1,0,0,10.99
2005,6,30,9,2,136,11,75,0,1,0,0,11
2005,6,30,10,2,136,10.98,75,0,1,0,0,10.98
2005,6,30,10,2,136,10.99,75,0,1,0,0,10.99
2005,6,30,10,2,136,11,75,0,1,0,0,11
2005,6,30,11,2,136,10.98,75,0,1,0,0,10.98
2005,6,30,11,2,136,10.99,75,0,1,0,0,10.99
2005,6,30,11,2,136,11,75,0,1,0,0,11
2005,6,30,12,2,136,10.98,75,0,1,0,0,10.98
2005,6,30,12,2,136,10.99,75,0,1,0,0,10.99
2005,6,30,12,2,136,11,75,0,1,0,0,11
2005,6,30,13,2,136,10.98,75,0,1,0,0,10.98
2005,6,30,13,2,136,10.99,75,0,1,0,0,10.99
2005,6,30,13,2,136,11,75,0,1,0,0,11
2005,6,30,14,2,136,10.98,75,0,1,0,0,10.98
2005,6,30,14,2,136,10.99,75,0,1,0,0,10.99
2005,6,30,14,2,136,11,75,0,1,0,0,11
2005,6,30,15,2,136,10.98,75,0,1,0,0,10.98
2005,6,30,15,2,136,10.99,75,0,1,0,0,10.99
2005,6,30,15,2,136,11,75,0,1,0,0,11
2005,6,30,16,2,136,10.98,75,0,1,0,0,10.98
2005,6,30,16,2,136,10.99,75,0,1,0,0,10.99
2005,6,30,16,2,136,11,75,0,1,0,0,11
2005,6,30,17,2,136,10.98,75,0,1,0,0,10.98
2005,6,30,17,2,136,10.99,75,0,1,0,0,10.99
2005,6,30,17,2,136,11,75,0,1,0,0,11
2005,6,30,18,2,136,10.98,75,0,1,0,0,10.98
2005,6,30,18,2,136,10.99,75,0,1,0,0,10.99
2005,6,30,18,2,136,11,75,0,1,0,0,11
2005,6,30,19,2,136,10.98,75,0,1,0,0,10.98
2005,6,30,19,2,136,10.99,75,0,1,0,0,10.99
2005,6,30,19,2,136,11,75,0,1,0,0,11
2005,6,30,20,2,136,10.98,75,0,1,0,0,10.98
2005,6,30,20,2,136,10.99,75,0,1,0,0,10.99
2005,6,30,20,2,136,11,75,0,1,0,0,11
2005,6,30,21,2,136,10.98,75,0,1,0,0,10.98
2005,6,30,21,2,136,10.99,75,0,1,0,0,10.99
2005,6,30,21,2,136,11,75,0,1,0,0,11
2005,6,30,22,2,136,10.98,75,0,1,0,0,10.98
2005,6,30,22,2,136,10.99,75,0,1,0,0,10.99
2005,6,30,22,2,136,11,75,0,1,0,0,11
2005,6,30,23,2,136,10.98,75,0,1,0,0,10.98
2005,6,30,23,2,136,10.99,75,0,1,0,0,10.99
2005,6,30,23,2,136,11,75,0,1,0,0,11
2005,6,30,24,2,136,10.98,75,0,1,0,0,10.98
2005,6,30,24,2,136,10.99,75,0,1,0,0,10.99
2005,6,30,24,2,136,11,75,0,1,0,0,11
2005,6,30,10,2,137,79.96,17.5,0,2,1,0,79.96
2005,6,30,10,2,137,80.39,17.5,0,2,1,0,80.39
2005,6,30,10,2,137,80.82,17.5,0,2,1,0,80.82
2005,6,30,10,2,137,81.25,17.5,0,2,1,0,81.25
2005,6,30,11,2,137,79.96,17.5,0,2,1,0,79.96
2005,6,30,11,2,137,80.39,17.5,0,2,1,0,80.39
2005,6,30,11,2,137,80.82,17.5,0,2,1,0,80.82
2005,6,30,11,2,137,81.25,17.5,0,2,1,0,81.25
2005,6,30,12,2,137,81.25,17.5,0,2,1,0,81.25
2005,6,30,12,2,137,81.53,17.5,0,2,1,0,81.53
2005,6,30,12,2,137,81.82,17.5,0,2,1,0,81.82
2005,6,30,12,2,137,82.1,17.5,0,2,1,0,82.1
2005,6,30,13,2,137,81.25,17.5,0,2,1,0,81.25
2005,6,30,13,2,137,81.53,17.5,0,2,1,0,81.53
2005,6,30,13,2,137,81.82,17.5,0,2,1,0,81.82
2005,6,30,13,2,137,82.1,17.5,0,2,1,0,82.1
2005,6,30,14,2,137,81.25,17.5,0,2,1,0,81.25
2005,6,30,14,2,137,81.53,17.5,0,2,1,0,81.53
2005,6,30,14,2,137,81.82,17.5,0,2,1,0,81.82
2005,6,30,14,2,137,82.1,17.5,0,2,1,0,82.1
2005,6,30,15,2,137,81.25,17.5,0,2,1,0,81.25
2005,6,30,15,2,137,81.53,17.5,0,2,1,0,81.53
2005,6,30,15,2,137,81.82,17.5,0,2,1,0,81.82
2005,6,30,15,2,137,82.1,17.5,0,2,1,0,82.1
2005,6,30,16,2,137,81.53,17.5,0,2,1,0,81.53
2005,6,30,16,2,137,81.83,17.5,0,2,1,0,81.83
2005,6,30,16,2,137,82.13,17.5,0,2,1,0,82.13
2005,6,30,16,2,137,82.43,17.5,0,2,1,0,82.43
2005,6,30,17,2,137,80.32,17.5,0,2,1,0,80.32
2005,6,30,17,2,137,80.77,17.5,0,2,1,0,80.77
2005,6,30,17,2,137,81.23,17.5,0,2,1,0,81.23
2005,6,30,17,2,137,81.69,17.5,0,2,1,0,81.69
2005,6,30,18,2,137,75.87,17.5,0,2,1,0,75.87
2005,6,30,18,2,137,76.76,17.5,0,2,1,0,76.76
2005,6,30,18,2,137,77.64,17.5,0,2,1,0,77.64
2005,6,30,18,2,137,78.52,17.5,0,2,1,0,78.52
2005,6,30,1,9,138,180.3,831.3,0,1,1,0,180.3
2005,6,30,2,9,138,180.3,783.6,0,1,1,0,180.3
2005,6,30,3,9,138,180.3,765.1,0,1,1,0,180.3
2005,6,30,4,9,138,180.3,752.3,0,1,1,0,180.3
2005,6,30,5,9,138,180.3,747.3,0,1,1,0,180.3
2005,6,30,6,9,138,180.3,735.2,0,1,1,0,180.3
2005,6,30,7,9,138,180.3,742.5,0,1,1,0,180.3
2005,6,30,8,9,138,180.3,737.5,0,1,1,0,180.3
2005,6,30,9,9,138,180.3,786.4,0,1,1,0,180.3
2005,6,30,10,9,138,180.3,816,0,1,1,0,180.3
2005,6,30,11,9,138,180.3,843.2,0,1,1,0,180.3
2005,6,30,12,9,138,180.3,848,0,1,1,0,180.3
2005,6,30,13,9,138,180.3,851,0,1,1,0,180.3
2005,6,30,14,9,138,180.3,831.3,0,1,1,0,180.3
2005,6,30,15,9,138,180.3,844.9,0,1,1,0,180.3
2005,6,30,16,9,138,180.3,832.2,0,1,1,0,180.3
2005,6,30,17,9,138,180.3,859.7,0,1,1,0,180.3
2005,6,30,18,9,138,180.3,851.7,0,1,1,0,180.3
2005,6,30,19,9,138,180.3,856.8,0,1,1,0,180.3
2005,6,30,20,9,138,180.3,850.4,0,1,1,0,180.3
2005,6,30,21,9,138,180.3,857.1,0,1,1,0,180.3
2005,6,30,22,9,138,180.3,887.2,0,1,1,0,180.3
2005,6,30,23,9,138,180.3,917.5,0,1,1,0,180.3
2005,6,30,24,9,138,180.3,875.8,0,1,1,0,180.3
2005,6,30,1,3,139,3,30,0,1,0,0,3
2005,6,30,1,3,139,180.3,546.8,0,1,1,0,180.3
2005,6,30,2,3,139,3,30,0,1,0,0,3
2005,6,30,2,3,139,180.3,533.3,0,1,1,0,180.3
2005,6,30,3,3,139,3,30,0,1,0,0,3
2005,6,30,3,3,139,180.3,559.8,0,1,1,0,180.3
2005,6,30,4,3,139,3,30,0,1,0,0,3
2005,6,30,4,3,139,180.3,561.3,0,1,1,0,180.3
2005,6,30,5,3,139,3,30,0,1,0,0,3
2005,6,30,5,3,139,180.3,586.8,0,1,1,0,180.3
2005,6,30,6,3,139,3,30,0,1,0,0,3
2005,6,30,6,3,139,180.3,626.7,0,1,1,0,180.3
2005,6,30,7,3,139,3,30,0,1,0,0,3
2005,6,30,7,3,139,180.3,679.5,0,1,1,0,180.3
2005,6,30,8,3,139,3,30,0,1,0,0,3
2005,6,30,8,3,139,180.3,725.6,0,1,1,0,180.3
2005,6,30,9,3,139,3,30,0,1,0,0,3
2005,6,30,9,3,139,180.3,850.5,0,1,1,0,180.3
2005,6,30,10,3,139,3,30,0,1,0,0,3
2005,6,30,10,3,139,29.97,10,0,1,0,0,29.97
2005,6,30,10,3,139,38.77,10,0,1,0,0,38.77
2005,6,30,10,3,139,180.3,838.8,0,1,1,0,180.3
2005,6,30,11,3,139,3,30,0,1,0,0,3
2005,6,30,11,3,139,29.97,10,0,1,0,0,29.97
2005,6,30,11,3,139,38.77,10,0,1,0,0,38.77
2005,6,30,11,3,139,180.3,829.6,0,1,1,0,180.3
2005,6,30,12,3,139,3,60,0,1,0,0,3
2005,6,30,12,3,139,29.97,10,0,1,0,0,29.97
2005,6,30,12,3,139,38.77,10,0,1,0,0,38.77
2005,6,30,12,3,139,180.3,833.3,0,1,1,0,180.3
2005,6,30,13,3,139,3,60,0,1,0,0,3
2005,6,30,13,3,139,29.97,10,0,1,0,0,29.97
2005,6,30,13,3,139,38.77,10,0,1,0,0,38.77
2005,6,30,13,3,139,180.3,819.9,0,1,1,0,180.3
2005,6,30,14,3,139,3,60,0,1,0,0,3
2005,6,30,14,3,139,29.97,10,0,1,0,0,29.97
2005,6,30,14,3,139,38.77,10,0,1,0,0,38.77
2005,6,30,14,3,139,180.3,810,0,1,1,0,180.3
2005,6,30,15,3,139,3,60,0,1,0,0,3
2005,6,30,15,3,139,29.97,10,0,1,0,0,29.97
2005,6,30,15,3,139,38.77,10,0,1,0,0,38.77
2005,6,30,15,3,139,180.3,779.2,0,1,1,0,180.3
2005,6,30,16,3,139,3,60,0,1,0,0,3
2005,6,30,16,3,139,29.97,10,0,1,0,0,29.97
2005,6,30,16,3,139,38.77,10,0,1,0,0,38.77
2005,6,30,16,3,139,180.3,803.1,0,1,1,0,180.3
2005,6,30,17,3,139,3,60,0,1,0,0,3
2005,6,30,17,3,139,29.97,10,0,1,0,0,29.97
2005,6,30,17,3,139,38.77,10,0,1,0,0,38.77
2005,6,30,17,3,139,180.3,805.7,0,1,1,0,180.3
2005,6,30,18,3,139,3,60,0,1,0,0,3
2005,6,30,18,3,139,29.97,10,0,1,0,0,29.97
2005,6,30,18,3,139,38.77,10,0,1,0,0,38.77
2005,6,30,18,3,139,180.3,828,0,1,1,0,180.3
2005,6,30,19,3,139,3,60,0,1,0,0,3
2005,6,30,19,3,139,29.97,10,0,1,0,0,29.97
2005,6,30,19,3,139,38.77,10,0,1,0,0,38.77
2005,6,30,19,3,139,180.3,825.5,0,1,1,0,180.3
2005,6,30,20,3,139,3,60,0,1,0,0,3
2005,6,30,20,3,139,29.97,10,0,1,0,0,29.97
2005,6,30,20,3,139,38.77,10,0,1,0,0,38.77
2005,6,30,20,3,139,180.3,814.5,0,1,1,0,180.3
2005,6,30,21,3,139,3,60,0,1,0,0,3
2005,6,30,21,3,139,29.97,10,0,1,0,0,29.97
2005,6,30,21,3,139,38.77,10,0,1,0,0,38.77
2005,6,30,21,3,139,180.3,779,0,1,1,0,180.3
2005,6,30,22,3,139,3,60,0,1,0,0,3
2005,6,30,22,3,139,29.97,10,0,1,0,0,29.97
2005,6,30,22,3,139,38.77,10,0,1,0,0,38.77
2005,6,30,22,3,139,180.3,746.5,0,1,1,0,180.3
2005,6,30,23,3,139,3,60,0,1,0,0,3
2005,6,30,23,3,139,29.97,10,0,1,0,0,29.97
2005,6,30,23,3,139,38.77,10,0,1,0,0,38.77
2005,6,30,23,3,139,180.3,675.4,0,1,1,0,180.3
2005,6,30,24,3,139,3,60,0,1,0,0,3
2005,6,30,24,3,139,29.97,10,0,1,0,0,29.97
2005,6,30,24,3,139,38.77,10,0,1,0,0,38.77
2005,6,30,24,3,139,180.3,676.8,0,1,1,0,180.3
2005,6,30,1,3,140,0,18.9,0,2,1,0,0
2005,6,30,1,3,140,180.3,45.7,0,2,0,0,180.3
2005,6,30,2,3,140,0,20.5,0,2,1,0,0
2005,6,30,2,3,140,180.3,44.1,0,2,0,0,180.3
2005,6,30,3,3,140,0,22.5,0,2,1,0,0
2005,6,30,3,3,140,180.3,42.1,0,2,0,0,180.3
2005,6,30,4,3,140,0,24.4,0,2,1,0,0
2005,6,30,4,3,140,180.3,40.2,0,2,0,0,180.3
2005,6,30,5,3,140,0,26.7,0,2,1,0,0
2005,6,30,5,3,140,180.3,37.9,0,2,0,0,180.3
2005,6,30,6,3,140,0,29.1,0,2,1,0,0
2005,6,30,6,3,140,180.3,35.5,0,2,0,0,180.3
2005,6,30,7,3,140,0,30.2,0,2,1,0,0
2005,6,30,7,3,140,180.3,34.4,0,2,0,0,180.3
2005,6,30,8,3,140,0,30,0,2,1,0,0
2005,6,30,8,3,140,180.3,34.6,0,2,0,0,180.3
2005,6,30,9,3,140,0,28.6,0,2,1,0,0
2005,6,30,9,3,140,180.3,36,0,2,0,0,180.3
2005,6,30,10,3,140,0,26,0,2,1,0,0
2005,6,30,10,3,140,180.3,38.6,0,2,0,0,180.3
2005,6,30,11,3,140,0,22.1,0,2,1,0,0
2005,6,30,11,3,140,180.3,42.5,0,2,0,0,180.3
2005,6,30,12,3,140,0,17,0,2,1,0,0
2005,6,30,12,3,140,180.3,47.6,0,2,0,0,180.3
2005,6,30,13,3,140,0,12.6,0,2,1,0,0
2005,6,30,13,3,140,180.3,52,0,2,0,0,180.3
2005,6,30,14,3,140,0,9,0,2,1,0,0
2005,6,30,14,3,140,180.3,55.6,0,2,0,0,180.3
2005,6,30,15,3,140,0,6.2,0,2,1,0,0
2005,6,30,15,3,140,180.3,58.4,0,2,0,0,180.3
2005,6,30,16,3,140,0,4.2,0,2,1,0,0
2005,6,30,16,3,140,180.3,60.4,0,2,0,0,180.3
2005,6,30,17,3,140,0,3,0,2,1,0,0
2005,6,30,17,3,140,180.3,61.6,0,2,0,0,180.3
2005,6,30,18,3,140,0,2.5,0,2,1,0,0
2005,6,30,18,3,140,180.3,62.1,0,2,0,0,180.3
2005,6,30,19,3,140,0,2.2,0,2,1,0,0
2005,6,30,19,3,140,180.3,62.4,0,2,0,0,180.3
2005,6,30,20,3,140,0,1.8,0,2,1,0,0
2005,6,30,20,3,140,180.3,62.8,0,2,0,0,180.3
2005,6,30,21,3,140,0,1.5,0,2,1,0,0
2005,6,30,21,3,140,180.3,63.1,0,2,0,0,180.3
2005,6,30,22,3,140,0,1.2,0,2,1,0,0
2005,6,30,22,3,140,180.3,63.4,0,2,0,0,180.3
2005,6,30,23,3,140,0,1,0,2,1,0,0
2005,6,30,23,3,140,180.3,63.6,0,2,0,0,180.3
2005,6,30,24,3,140,0,.7,0,2,1,0,0
2005,6,30,24,3,140,180.3,63.9,0,2,0,0,180.3
2005,6,30,1,3,141,0,8.1,0,2,1,0,0
2005,6,30,1,3,141,180.3,41.4,0,2,0,0,180.3
2005,6,30,2,3,141,0,7.8,0,2,1,0,0
2005,6,30,2,3,141,180.3,41.7,0,2,0,0,180.3
2005,6,30,3,3,141,0,7.3,0,2,1,0,0
2005,6,30,3,3,141,180.3,42.2,0,2,0,0,180.3
2005,6,30,4,3,141,0,6.5,0,2,1,0,0
2005,6,30,4,3,141,180.3,43,0,2,0,0,180.3
2005,6,30,5,3,141,0,5.7,0,2,1,0,0
2005,6,30,5,3,141,180.3,43.8,0,2,0,0,180.3
2005,6,30,6,3,141,0,4.6,0,2,1,0,0
2005,6,30,6,3,141,180.3,44.9,0,2,0,0,180.3
2005,6,30,7,3,141,0,3.6,0,2,1,0,0
2005,6,30,7,3,141,180.3,45.9,0,2,0,0,180.3
2005,6,30,8,3,141,0,2.7,0,2,1,0,0
2005,6,30,8,3,141,180.3,46.8,0,2,0,0,180.3
2005,6,30,9,3,141,0,1.8,0,2,1,0,0
2005,6,30,9,3,141,180.3,47.7,0,2,0,0,180.3
2005,6,30,10,3,141,0,1.1,0,2,1,0,0
2005,6,30,10,3,141,180.3,48.4,0,2,0,0,180.3
2005,6,30,11,3,141,0,.4,0,2,1,0,0
2005,6,30,11,3,141,180.3,49.1,0,2,0,0,180.3
2005,6,30,12,3,141,180.3,49.5,0,2,0,0,180.3
2005,6,30,13,3,141,180.3,49.5,0,2,0,0,180.3
2005,6,30,14,3,141,180.3,49.5,0,2,0,0,180.3
2005,6,30,15,3,141,0,.6,0,2,1,0,0
2005,6,30,15,3,141,180.3,48.9,0,2,0,0,180.3
2005,6,30,16,3,141,0,1.7,0,2,1,0,0
2005,6,30,16,3,141,180.3,47.8,0,2,0,0,180.3
2005,6,30,17,3,141,0,3.2,0,2,1,0,0
2005,6,30,17,3,141,180.3,46.3,0,2,0,0,180.3
2005,6,30,18,3,141,0,5.2,0,2,1,0,0
2005,6,30,18,3,141,180.3,44.3,0,2,0,0,180.3
2005,6,30,19,3,141,0,6.8,0,2,1,0,0
2005,6,30,19,3,141,180.3,42.7,0,2,0,0,180.3
2005,6,30,20,3,141,0,7.9,0,2,1,0,0
2005,6,30,20,3,141,180.3,41.6,0,2,0,0,180.3
2005,6,30,21,3,141,0,8.7,0,2,1,0,0
2005,6,30,21,3,141,180.3,40.8,0,2,0,0,180.3
2005,6,30,22,3,141,0,9,0,2,1,0,0
2005,6,30,22,3,141,180.3,40.5,0,2,0,0,180.3
2005,6,30,23,3,141,0,9,0,2,1,0,0
2005,6,30,23,3,141,180.3,40.5,0,2,0,0,180.3
2005,6,30,24,3,141,0,8.5,0,2,1,0,0
2005,6,30,24,3,141,180.3,41,0,2,0,0,180.3
2005,6,30,1,3,142,0,6.9,0,2,1,0,0
2005,6,30,1,3,142,180.3,48.8,0,2,0,0,180.3
2005,6,30,2,3,142,0,6.6,0,2,1,0,0
2005,6,30,2,3,142,180.3,49.1,0,2,0,0,180.3
2005,6,30,3,3,142,0,6.1,0,2,1,0,0
2005,6,30,3,3,142,180.3,49.6,0,2,0,0,180.3
2005,6,30,4,3,142,0,5.2,0,2,1,0,0
2005,6,30,4,3,142,180.3,50.5,0,2,0,0,180.3
2005,6,30,5,3,142,0,4.1,0,2,1,0,0
2005,6,30,5,3,142,180.3,51.6,0,2,0,0,180.3
2005,6,30,6,3,142,0,2.6,0,2,1,0,0
2005,6,30,6,3,142,180.3,53.1,0,2,0,0,180.3
2005,6,30,7,3,142,0,1.5,0,2,1,0,0
2005,6,30,7,3,142,180.3,54.2,0,2,0,0,180.3
2005,6,30,8,3,142,0,.6,0,2,1,0,0
2005,6,30,8,3,142,180.3,55.1,0,2,0,0,180.3
2005,6,30,9,3,142,0,.1,0,2,1,0,0
2005,6,30,9,3,142,180.3,55.6,0,2,0,0,180.3
2005,6,30,10,3,142,0,.1,0,2,1,0,0
2005,6,30,10,3,142,180.3,55.6,0,2,0,0,180.3
2005,6,30,11,3,142,0,.1,0,2,1,0,0
2005,6,30,11,3,142,180.3,55.6,0,2,0,0,180.3
2005,6,30,12,3,142,0,.4,0,2,1,0,0
2005,6,30,12,3,142,180.3,55.3,0,2,0,0,180.3
2005,6,30,13,3,142,0,1,0,2,1,0,0
2005,6,30,13,3,142,180.3,54.7,0,2,0,0,180.3
2005,6,30,14,3,142,0,2.2,0,2,1,0,0
2005,6,30,14,3,142,180.3,53.5,0,2,0,0,180.3
2005,6,30,15,3,142,0,3.7,0,2,1,0,0
2005,6,30,15,3,142,180.3,52,0,2,0,0,180.3
2005,6,30,16,3,142,0,5.8,0,2,1,0,0
2005,6,30,16,3,142,180.3,49.9,0,2,0,0,180.3
2005,6,30,17,3,142,0,8.2,0,2,1,0,0
2005,6,30,17,3,142,180.3,47.5,0,2,0,0,180.3
2005,6,30,18,3,142,0,11.1,0,2,1,0,0
2005,6,30,18,3,142,180.3,44.6,0,2,0,0,180.3
2005,6,30,19,3,142,0,13.1,0,2,1,0,0
2005,6,30,19,3,142,180.3,42.6,0,2,0,0,180.3
2005,6,30,20,3,142,0,14.1,0,2,1,0,0
2005,6,30,20,3,142,180.3,41.6,0,2,0,0,180.3
2005,6,30,21,3,142,0,14.3,0,2,1,0,0
2005,6,30,21,3,142,180.3,41.4,0,2,0,0,180.3
2005,6,30,22,3,142,0,13.7,0,2,1,0,0
2005,6,30,22,3,142,180.3,42,0,2,0,0,180.3
2005,6,30,23,3,142,0,12,0,2,1,0,0
2005,6,30,23,3,142,180.3,43.7,0,2,0,0,180.3
2005,6,30,24,3,142,0,9.7,0,2,1,0,0
2005,6,30,24,3,142,180.3,46,0,2,0,0,180.3
2005,6,30,20,3,143,0,1,0,1,0,0,0
2005,6,30,21,3,143,0,1,0,1,0,0,0
2005,6,30,22,3,143,0,1,0,1,0,0,0
2005,6,30,20,3,144,0,1,0,1,0,0,0
2005,6,30,21,3,144,0,1,0,1,0,0,0
2005,6,30,22,3,144,0,1,0,1,0,0,0
2005,6,30,1,3,145,0,50,0,2,1,0,0
2005,6,30,1,3,145,14.3,.1,0,2,1,0,14.3
2005,6,30,1,3,145,14.32,.1,0,2,0,1,14.32
2005,6,30,2,3,145,0,50,0,2,1,0,0
2005,6,30,2,3,145,14.3,.1,0,2,1,0,14.3
2005,6,30,2,3,145,14.32,.1,0,2,0,1,14.32
2005,6,30,3,3,145,0,50,0,2,1,0,0
2005,6,30,3,3,145,14.3,.1,0,2,1,0,14.3
2005,6,30,3,3,145,14.32,.1,0,2,0,1,14.32
2005,6,30,4,3,145,0,50,0,2,1,0,0
2005,6,30,4,3,145,14.3,.1,0,2,1,0,14.3
2005,6,30,4,3,145,14.32,.1,0,2,0,1,14.32
2005,6,30,5,3,145,0,50,0,2,1,0,0
2005,6,30,5,3,145,14.3,.1,0,2,1,0,14.3
2005,6,30,5,3,145,14.32,.1,0,2,0,1,14.32
2005,6,30,6,3,145,0,50,0,2,1,0,0
2005,6,30,6,3,145,14.3,.1,0,2,1,0,14.3
2005,6,30,6,3,145,14.32,.1,0,2,0,1,14.32
2005,6,30,1,3,146,0,17,0,2,1,0,0
2005,6,30,1,3,146,2.57,1,0,2,1,0,2.57
2005,6,30,1,3,146,4.97,.1,0,2,1,0,4.97
2005,6,30,1,3,146,7.47,.1,0,2,1,0,7.47
2005,6,30,1,3,146,9.87,.1,0,2,1,0,9.87
2005,6,30,1,3,146,12.37,.1,0,2,1,0,12.37
2005,6,30,1,3,146,14.87,.1,0,2,1,0,14.87
2005,6,30,1,3,146,17.27,.1,0,2,1,0,17.27
2005,6,30,1,3,146,19.77,.1,0,2,1,0,19.77
2005,6,30,1,3,146,22.27,.1,0,2,1,0,22.27
2005,6,30,1,3,146,24.67,.1,0,2,1,0,24.67
2005,6,30,1,3,146,27.17,.1,0,2,1,0,27.17
2005,6,30,1,3,146,29.57,.1,0,2,1,0,29.57
2005,6,30,1,3,146,32.07,.1,0,2,1,0,32.07
2005,6,30,1,3,146,34.57,.1,0,2,1,0,34.57
2005,6,30,1,3,146,36.97,.1,0,2,1,0,36.97
2005,6,30,1,3,146,39.47,.1,0,2,1,0,39.47
2005,6,30,1,3,146,41.97,.1,0,2,1,0,41.97
2005,6,30,1,3,146,44.37,.1,0,2,1,0,44.37
2005,6,30,1,3,146,46.87,.1,0,2,1,0,46.87
2005,6,30,1,3,146,49.27,.1,0,2,0,0,49.27
2005,6,30,1,3,146,51.77,.1,0,2,0,0,51.77
2005,6,30,1,3,146,54.17,.1,0,2,0,0,54.17
2005,6,30,1,3,146,175.67,.1,0,2,0,0,175.67
2005,6,30,1,3,146,180,.1,0,2,0,0,180
2005,6,30,2,3,146,0,17,0,2,1,0,0
2005,6,30,2,3,146,2.37,1,0,2,1,0,2.37
2005,6,30,2,3,146,4.77,.1,0,2,1,0,4.77
2005,6,30,2,3,146,7.07,.1,0,2,1,0,7.07
2005,6,30,2,3,146,9.37,.1,0,2,1,0,9.37
2005,6,30,2,3,146,11.77,.1,0,2,1,0,11.77
2005,6,30,2,3,146,14.07,.1,0,2,1,0,14.07
2005,6,30,2,3,146,16.37,.1,0,2,1,0,16.37
2005,6,30,2,3,146,18.67,.1,0,2,1,0,18.67
2005,6,30,2,3,146,21.07,.1,0,2,1,0,21.07
2005,6,30,2,3,146,23.37,.1,0,2,1,0,23.37
2005,6,30,2,3,146,25.67,.1,0,2,1,0,25.67
2005,6,30,2,3,146,28.07,.1,0,2,1,0,28.07
2005,6,30,2,3,146,30.37,.1,0,2,1,0,30.37
2005,6,30,2,3,146,32.67,.1,0,2,1,0,32.67
2005,6,30,2,3,146,35.07,.1,0,2,1,0,35.07
2005,6,30,2,3,146,37.37,.1,0,2,1,0,37.37
2005,6,30,2,3,146,39.67,.1,0,2,1,0,39.67
2005,6,30,2,3,146,41.97,.1,0,2,1,0,41.97
2005,6,30,2,3,146,44.37,.1,0,2,0,0,44.37
2005,6,30,2,3,146,46.67,.1,0,2,0,0,46.67
2005,6,30,2,3,146,48.97,.1,0,2,0,0,48.97
2005,6,30,2,3,146,51.27,.1,0,2,0,0,51.27
2005,6,30,2,3,146,175.67,.1,0,2,0,0,175.67
2005,6,30,2,3,146,180,.1,0,2,0,0,180
2005,6,30,3,3,146,0,15,0,2,1,0,0
2005,6,30,3,3,146,2.07,.1,0,2,1,0,2.07
2005,6,30,3,3,146,4.17,.1,0,2,1,0,4.17
2005,6,30,3,3,146,6.17,.1,0,2,1,0,6.17
2005,6,30,3,3,146,8.17,.1,0,2,1,0,8.17
2005,6,30,3,3,146,10.27,.1,0,2,1,0,10.27
2005,6,30,3,3,146,12.27,.1,0,2,1,0,12.27
2005,6,30,3,3,146,14.27,.1,0,2,1,0,14.27
2005,6,30,3,3,146,16.27,.1,0,2,1,0,16.27
2005,6,30,3,3,146,18.37,.1,0,2,1,0,18.37
2005,6,30,3,3,146,20.37,.1,0,2,1,0,20.37
2005,6,30,3,3,146,22.37,.1,0,2,1,0,22.37
2005,6,30,3,3,146,24.47,.1,0,2,1,0,24.47
2005,6,30,3,3,146,26.47,.1,0,2,1,0,26.47
2005,6,30,3,3,146,28.47,.1,0,2,1,0,28.47
2005,6,30,3,3,146,30.57,.1,0,2,1,0,30.57
2005,6,30,3,3,146,32.57,.1,0,2,1,0,32.57
2005,6,30,3,3,146,34.57,.1,0,2,1,0,34.57
2005,6,30,3,3,146,36.57,.1,0,2,1,0,36.57
2005,6,30,3,3,146,38.67,.1,0,2,1,0,38.67
2005,6,30,3,3,146,40.67,.1,0,2,0,0,40.67
2005,6,30,3,3,146,42.67,.1,0,2,0,0,42.67
2005,6,30,3,3,146,44.67,.1,0,2,0,0,44.67
2005,6,30,3,3,146,175.67,.1,0,2,0,0,175.67
2005,6,30,3,3,146,180,.1,0,2,0,0,180
2005,6,30,4,3,146,0,15,0,2,1,0,0
2005,6,30,4,3,146,2.07,.1,0,2,1,0,2.07
2005,6,30,4,3,146,4.07,.1,0,2,1,0,4.07
2005,6,30,4,3,146,6.07,.1,0,2,1,0,6.07
2005,6,30,4,3,146,7.97,.1,0,2,1,0,7.97
2005,6,30,4,3,146,9.97,.1,0,2,1,0,9.97
2005,6,30,4,3,146,11.97,.1,0,2,1,0,11.97
2005,6,30,4,3,146,13.97,.1,0,2,1,0,13.97
2005,6,30,4,3,146,15.97,.1,0,2,1,0,15.97
2005,6,30,4,3,146,17.97,.1,0,2,1,0,17.97
2005,6,30,4,3,146,19.97,.1,0,2,1,0,19.97
2005,6,30,4,3,146,21.87,.1,0,2,1,0,21.87
2005,6,30,4,3,146,23.87,.1,0,2,1,0,23.87
2005,6,30,4,3,146,25.87,.1,0,2,1,0,25.87
2005,6,30,4,3,146,27.87,.1,0,2,1,0,27.87
2005,6,30,4,3,146,29.87,.1,0,2,1,0,29.87
2005,6,30,4,3,146,31.87,.1,0,2,1,0,31.87
2005,6,30,4,3,146,33.77,.1,0,2,1,0,33.77
2005,6,30,4,3,146,35.77,.1,0,2,1,0,35.77
2005,6,30,4,3,146,37.77,.1,0,2,1,0,37.77
2005,6,30,4,3,146,39.77,.1,0,2,0,0,39.77
2005,6,30,4,3,146,41.77,.1,0,2,0,0,41.77
2005,6,30,4,3,146,43.67,.1,0,2,0,0,43.67
2005,6,30,4,3,146,175.67,.1,0,2,0,0,175.67
2005,6,30,4,3,146,180,.1,0,2,0,0,180
2005,6,30,5,3,146,0,15,0,2,1,0,0
2005,6,30,5,3,146,1.97,.1,0,2,1,0,1.97
2005,6,30,5,3,146,3.97,.1,0,2,1,0,3.97
2005,6,30,5,3,146,5.87,.1,0,2,1,0,5.87
2005,6,30,5,3,146,7.77,.1,0,2,1,0,7.77
2005,6,30,5,3,146,9.67,.1,0,2,1,0,9.67
2005,6,30,5,3,146,11.67,.1,0,2,1,0,11.67
2005,6,30,5,3,146,13.57,.1,0,2,1,0,13.57
2005,6,30,5,3,146,15.47,.1,0,2,1,0,15.47
2005,6,30,5,3,146,17.37,.1,0,2,1,0,17.37
2005,6,30,5,3,146,19.37,.1,0,2,1,0,19.37
2005,6,30,5,3,146,21.27,.1,0,2,1,0,21.27
2005,6,30,5,3,146,23.17,.1,0,2,1,0,23.17
2005,6,30,5,3,146,25.07,.1,0,2,1,0,25.07
2005,6,30,5,3,146,27.07,.1,0,2,1,0,27.07
2005,6,30,5,3,146,28.97,.1,0,2,1,0,28.97
2005,6,30,5,3,146,30.87,.1,0,2,1,0,30.87
2005,6,30,5,3,146,32.77,.1,0,2,1,0,32.77
2005,6,30,5,3,146,34.77,.1,0,2,1,0,34.77
2005,6,30,5,3,146,36.67,.1,0,2,1,0,36.67
2005,6,30,5,3,146,38.57,.1,0,2,0,0,38.57
2005,6,30,5,3,146,40.47,.1,0,2,0,0,40.47
2005,6,30,5,3,146,42.37,.1,0,2,0,0,42.37
2005,6,30,5,3,146,175.67,.1,0,2,0,0,175.67
2005,6,30,5,3,146,180,.1,0,2,0,0,180
2005,6,30,6,3,146,0,15,0,2,1,0,0
2005,6,30,6,3,146,1.97,.1,0,2,1,0,1.97
2005,6,30,6,3,146,3.97,.1,0,2,1,0,3.97
2005,6,30,6,3,146,5.87,.1,0,2,1,0,5.87
2005,6,30,6,3,146,7.87,.1,0,2,1,0,7.87
2005,6,30,6,3,146,9.77,.1,0,2,1,0,9.77
2005,6,30,6,3,146,11.67,.1,0,2,1,0,11.67
2005,6,30,6,3,146,13.67,.1,0,2,1,0,13.67
2005,6,30,6,3,146,15.57,.1,0,2,1,0,15.57
2005,6,30,6,3,146,17.57,.1,0,2,1,0,17.57
2005,6,30,6,3,146,19.47,.1,0,2,1,0,19.47
2005,6,30,6,3,146,21.37,.1,0,2,1,0,21.37
2005,6,30,6,3,146,23.37,.1,0,2,1,0,23.37
2005,6,30,6,3,146,25.27,.1,0,2,1,0,25.27
2005,6,30,6,3,146,27.27,.1,0,2,1,0,27.27
2005,6,30,6,3,146,29.17,.1,0,2,1,0,29.17
2005,6,30,6,3,146,31.07,.1,0,2,1,0,31.07
2005,6,30,6,3,146,33.07,.1,0,2,1,0,33.07
2005,6,30,6,3,146,34.97,.1,0,2,1,0,34.97
2005,6,30,6,3,146,36.97,.1,0,2,1,0,36.97
2005,6,30,6,3,146,38.87,.1,0,2,1,0,38.87
2005,6,30,6,3,146,40.77,.1,0,2,0,0,40.77
2005,6,30,6,3,146,42.67,.1,0,2,0,0,42.67
2005,6,30,6,3,146,175.67,.1,0,2,0,0,175.67
2005,6,30,6,3,146,180,.1,0,2,0,0,180
2005,6,30,7,3,146,0,17,0,2,1,0,0
2005,6,30,7,3,146,2.17,1,0,2,1,0,2.17
2005,6,30,7,3,146,4.27,.1,0,2,1,0,4.27
2005,6,30,7,3,146,6.27,.1,0,2,1,0,6.27
2005,6,30,7,3,146,8.37,.1,0,2,1,0,8.37
2005,6,30,7,3,146,10.47,.1,0,2,1,0,10.47
2005,6,30,7,3,146,12.57,.1,0,2,1,0,12.57
2005,6,30,7,3,146,14.57,.1,0,2,1,0,14.57
2005,6,30,7,3,146,16.67,.1,0,2,1,0,16.67
2005,6,30,7,3,146,18.77,.1,0,2,1,0,18.77
2005,6,30,7,3,146,20.87,.1,0,2,1,0,20.87
2005,6,30,7,3,146,22.87,.1,0,2,1,0,22.87
2005,6,30,7,3,146,24.97,.1,0,2,1,0,24.97
2005,6,30,7,3,146,27.07,.1,0,2,1,0,27.07
2005,6,30,7,3,146,29.17,.1,0,2,1,0,29.17
2005,6,30,7,3,146,31.17,.1,0,2,1,0,31.17
2005,6,30,7,3,146,33.27,.1,0,2,1,0,33.27
2005,6,30,7,3,146,35.37,.1,0,2,1,0,35.37
2005,6,30,7,3,146,37.47,.1,0,2,1,0,37.47
2005,6,30,7,3,146,39.47,.1,0,2,1,0,39.47
2005,6,30,7,3,146,41.57,.1,0,2,1,0,41.57
2005,6,30,7,3,146,43.67,.1,0,2,1,0,43.67
2005,6,30,7,3,146,45.67,.1,0,2,0,0,45.67
2005,6,30,7,3,146,175.67,.1,0,2,0,0,175.67
2005,6,30,7,3,146,180,.1,0,2,0,0,180
2005,6,30,8,3,146,0,17,0,2,1,0,0
2005,6,30,8,3,146,2.37,1,0,2,1,0,2.37
2005,6,30,8,3,146,4.67,.1,0,2,1,0,4.67
2005,6,30,8,3,146,6.97,.1,0,2,1,0,6.97
2005,6,30,8,3,146,9.27,.1,0,2,1,0,9.27
2005,6,30,8,3,146,11.57,.1,0,2,1,0,11.57
2005,6,30,8,3,146,13.87,.1,0,2,1,0,13.87
2005,6,30,8,3,146,16.17,.1,0,2,1,0,16.17
2005,6,30,8,3,146,18.47,.1,0,2,1,0,18.47
2005,6,30,8,3,146,20.67,.1,0,2,1,0,20.67
2005,6,30,8,3,146,22.97,.1,0,2,1,0,22.97
2005,6,30,8,3,146,25.27,.1,0,2,1,0,25.27
2005,6,30,8,3,146,27.57,.1,0,2,1,0,27.57
2005,6,30,8,3,146,29.87,.1,0,2,1,0,29.87
2005,6,30,8,3,146,32.17,.1,0,2,1,0,32.17
2005,6,30,8,3,146,34.47,.1,0,2,1,0,34.47
2005,6,30,8,3,146,36.77,.1,0,2,1,0,36.77
2005,6,30,8,3,146,39.07,.1,0,2,1,0,39.07
2005,6,30,8,3,146,41.37,.1,0,2,1,0,41.37
2005,6,30,8,3,146,43.67,.1,0,2,1,0,43.67
2005,6,30,8,3,146,45.97,.1,0,2,1,0,45.97
2005,6,30,8,3,146,48.27,.1,0,2,1,0,48.27
2005,6,30,8,3,146,50.47,.1,0,2,0,0,50.47
2005,6,30,8,3,146,175.67,.1,0,2,0,0,175.67
2005,6,30,8,3,146,180,.1,0,2,0,0,180
2005,6,30,9,3,146,0,20,0,2,1,0,0
2005,6,30,9,3,146,3.17,1,0,2,1,0,3.17
2005,6,30,9,3,146,6.17,.1,0,2,1,0,6.17
2005,6,30,9,3,146,9.27,.1,0,2,1,0,9.27
2005,6,30,9,3,146,12.27,.1,0,2,1,0,12.27
2005,6,30,9,3,146,15.37,.1,0,2,1,0,15.37
2005,6,30,9,3,146,18.47,.1,0,2,1,0,18.47
2005,6,30,9,3,146,21.47,.1,0,2,1,0,21.47
2005,6,30,9,3,146,24.57,.1,0,2,1,0,24.57
2005,6,30,9,3,146,27.67,.1,0,2,1,0,27.67
2005,6,30,9,3,146,30.67,.1,0,2,1,0,30.67
2005,6,30,9,3,146,33.77,.1,0,2,1,0,33.77
2005,6,30,9,3,146,36.77,.1,0,2,1,0,36.77
2005,6,30,9,3,146,39.87,.1,0,2,1,0,39.87
2005,6,30,9,3,146,42.97,.1,0,2,1,0,42.97
2005,6,30,9,3,146,45.97,.1,0,2,1,0,45.97
2005,6,30,9,3,146,49.07,.1,0,2,1,0,49.07
2005,6,30,9,3,146,52.17,.1,0,2,1,0,52.17
2005,6,30,9,3,146,55.17,.1,0,2,1,0,55.17
2005,6,30,9,3,146,58.27,.1,0,2,1,0,58.27
2005,6,30,9,3,146,61.27,.1,0,2,1,0,61.27
2005,6,30,9,3,146,64.37,.1,0,2,1,0,64.37
2005,6,30,9,3,146,67.37,.1,0,2,1,0,67.37
2005,6,30,9,3,146,175.67,.1,0,2,0,0,175.67
2005,6,30,9,3,146,180,.1,0,2,0,0,180
2005,6,30,10,3,146,0,23,0,2,1,0,0
2005,6,30,10,3,146,3.47,1,0,2,1,0,3.47
2005,6,30,10,3,146,6.87,.1,0,2,1,0,6.87
2005,6,30,10,3,146,10.27,.1,0,2,1,0,10.27
2005,6,30,10,3,146,13.67,.1,0,2,1,0,13.67
2005,6,30,10,3,146,17.17,.1,0,2,1,0,17.17
2005,6,30,10,3,146,20.57,.1,0,2,1,0,20.57
2005,6,30,10,3,146,23.97,.1,0,2,1,0,23.97
2005,6,30,10,3,146,27.37,.1,0,2,1,0,27.37
2005,6,30,10,3,146,30.77,.1,0,2,1,0,30.77
2005,6,30,10,3,146,34.17,.1,0,2,1,0,34.17
2005,6,30,10,3,146,40.97,.1,0,2,1,0,40.97
2005,6,30,10,3,146,44.47,.1,0,2,1,0,44.47
2005,6,30,10,3,146,47.87,.1,0,2,1,0,47.87
2005,6,30,10,3,146,51.27,.1,0,2,1,0,51.27
2005,6,30,10,3,146,54.67,.1,0,2,1,0,54.67
2005,6,30,10,3,146,58.07,.1,0,2,1,0,58.07
2005,6,30,10,3,146,61.47,.1,0,2,1,0,61.47
2005,6,30,10,3,146,64.87,.1,0,2,1,0,64.87
2005,6,30,10,3,146,68.27,.1,0,2,1,0,68.27
2005,6,30,10,3,146,71.77,.1,0,2,1,0,71.77
2005,6,30,10,3,146,75.07,.1,0,2,1,0,75.07
2005,6,30,10,3,146,175.67,.1,0,2,0,0,175.67
2005,6,30,10,3,146,180,.1,0,2,0,0,180
2005,6,30,11,3,146,0,39,0,2,1,0,0
2005,6,30,11,3,146,4.17,1,0,2,1,0,4.17
2005,6,30,11,3,146,8.27,1,0,2,1,0,8.27
2005,6,30,11,3,146,12.47,.1,0,2,1,0,12.47
2005,6,30,11,3,146,16.57,.1,0,2,1,0,16.57
2005,6,30,11,3,146,20.67,.1,0,2,1,0,20.67
2005,6,30,11,3,146,24.77,.1,0,2,1,0,24.77
2005,6,30,11,3,146,28.87,.1,0,2,1,0,28.87
2005,6,30,11,3,146,32.97,.1,0,2,1,0,32.97
2005,6,30,11,3,146,37.17,.1,0,2,1,0,37.17
2005,6,30,11,3,146,41.27,.1,0,2,1,0,41.27
2005,6,30,11,3,146,45.37,.1,0,2,1,0,45.37
2005,6,30,11,3,146,49.47,.1,0,2,1,0,49.47
2005,6,30,11,3,146,53.57,.1,0,2,1,0,53.57
2005,6,30,11,3,146,57.67,.1,0,2,1,0,57.67
2005,6,30,11,3,146,61.87,.1,0,2,1,0,61.87
2005,6,30,11,3,146,65.97,.1,0,2,1,0,65.97
2005,6,30,11,3,146,70.07,.1,0,2,1,0,70.07
2005,6,30,11,3,146,74.17,.1,0,2,1,0,74.17
2005,6,30,11,3,146,78.27,.1,0,2,1,0,78.27
2005,6,30,11,3,146,82.37,.1,0,2,1,0,82.37
2005,6,30,11,3,146,86.57,.1,0,2,1,0,86.57
2005,6,30,11,3,146,90.57,.1,0,2,1,0,90.57
2005,6,30,11,3,146,175.67,.1,0,2,0,0,175.67
2005,6,30,11,3,146,180,.1,0,2,0,0,180
2005,6,30,12,3,146,0,39,0,2,1,0,0
2005,6,30,12,3,146,4.47,1,0,2,1,0,4.47
2005,6,30,12,3,146,8.87,1,0,2,1,0,8.87
2005,6,30,12,3,146,13.27,.1,0,2,1,0,13.27
2005,6,30,12,3,146,17.67,.1,0,2,1,0,17.67
2005,6,30,12,3,146,22.07,.1,0,2,1,0,22.07
2005,6,30,12,3,146,26.47,.1,0,2,1,0,26.47
2005,6,30,12,3,146,30.87,.1,0,2,1,0,30.87
2005,6,30,12,3,146,35.27,.1,0,2,1,0,35.27
2005,6,30,12,3,146,39.67,.1,0,2,1,0,39.67
2005,6,30,12,3,146,44.07,.1,0,2,1,0,44.07
2005,6,30,12,3,146,48.47,.1,0,2,1,0,48.47
2005,6,30,12,3,146,52.87,.1,0,2,1,0,52.87
2005,6,30,12,3,146,57.27,.1,0,2,1,0,57.27
2005,6,30,12,3,146,61.67,.1,0,2,1,0,61.67
2005,6,30,12,3,146,66.07,.1,0,2,1,0,66.07
2005,6,30,12,3,146,70.47,.1,0,2,1,0,70.47
2005,6,30,12,3,146,74.87,.1,0,2,1,0,74.87
2005,6,30,12,3,146,79.27,.1,0,2,1,0,79.27
2005,6,30,12,3,146,83.67,.1,0,2,1,0,83.67
2005,6,30,12,3,146,88.07,.1,0,2,1,0,88.07
2005,6,30,12,3,146,92.47,.1,0,2,1,0,92.47
2005,6,30,12,3,146,96.77,.1,0,2,1,0,96.77
2005,6,30,12,3,146,175.67,.1,0,2,0,0,175.67
2005,6,30,12,3,146,180,.1,0,2,0,0,180
2005,6,30,13,3,146,0,39,0,2,1,0,0
2005,6,30,13,3,146,4.57,1,0,2,1,0,4.57
2005,6,30,13,3,146,8.97,1,0,2,1,0,8.97
2005,6,30,13,3,146,13.47,.1,0,2,1,0,13.47
2005,6,30,13,3,146,17.87,.1,0,2,1,0,17.87
2005,6,30,13,3,146,22.37,.1,0,2,1,0,22.37
2005,6,30,13,3,146,26.77,.1,0,2,1,0,26.77
2005,6,30,13,3,146,31.27,.1,0,2,1,0,31.27
2005,6,30,13,3,146,35.67,.1,0,2,1,0,35.67
2005,6,30,13,3,146,40.17,.1,0,2,1,0,40.17
2005,6,30,13,3,146,44.57,.1,0,2,1,0,44.57
2005,6,30,13,3,146,49.07,.1,0,2,1,0,49.07
2005,6,30,13,3,146,53.47,.1,0,2,1,0,53.47
2005,6,30,13,3,146,57.97,.1,0,2,1,0,57.97
2005,6,30,13,3,146,62.37,.1,0,2,1,0,62.37
2005,6,30,13,3,146,66.87,.1,0,2,1,0,66.87
2005,6,30,13,3,146,71.37,.1,0,2,1,0,71.37
2005,6,30,13,3,146,75.77,.1,0,2,1,0,75.77
2005,6,30,13,3,146,80.27,.1,0,2,1,0,80.27
2005,6,30,13,3,146,84.67,.1,0,2,1,0,84.67
2005,6,30,13,3,146,89.17,.1,0,2,1,0,89.17
2005,6,30,13,3,146,93.57,.1,0,2,1,0,93.57
2005,6,30,13,3,146,97.97,.1,0,2,1,0,97.97
2005,6,30,13,3,146,175.67,.1,0,2,0,0,175.67
2005,6,30,13,3,146,180,.1,0,2,0,0,180
2005,6,30,14,3,146,0,39,0,2,1,0,0
2005,6,30,14,3,146,4.47,1,0,2,1,0,4.47
2005,6,30,14,3,146,8.97,1,0,2,1,0,8.97
2005,6,30,14,3,146,13.37,.1,0,2,1,0,13.37
2005,6,30,14,3,146,17.77,.1,0,2,1,0,17.77
2005,6,30,14,3,146,22.17,.1,0,2,1,0,22.17
2005,6,30,14,3,146,26.67,.1,0,2,1,0,26.67
2005,6,30,14,3,146,31.07,.1,0,2,1,0,31.07
2005,6,30,14,3,146,35.47,.1,0,2,1,0,35.47
2005,6,30,14,3,146,39.87,.1,0,2,1,0,39.87
2005,6,30,14,3,146,44.37,.1,0,2,1,0,44.37
2005,6,30,14,3,146,48.77,.1,0,2,1,0,48.77
2005,6,30,14,3,146,53.17,.1,0,2,1,0,53.17
2005,6,30,14,3,146,57.57,.1,0,2,1,0,57.57
2005,6,30,14,3,146,62.07,.1,0,2,1,0,62.07
2005,6,30,14,3,146,66.47,.1,0,2,1,0,66.47
2005,6,30,14,3,146,70.87,.1,0,2,1,0,70.87
2005,6,30,14,3,146,75.27,.1,0,2,1,0,75.27
2005,6,30,14,3,146,79.77,.1,0,2,1,0,79.77
2005,6,30,14,3,146,84.17,.1,0,2,1,0,84.17
2005,6,30,14,3,146,88.57,.1,0,2,1,0,88.57
2005,6,30,14,3,146,92.97,.1,0,2,1,0,92.97
2005,6,30,14,3,146,97.37,.1,0,2,1,0,97.37
2005,6,30,14,3,146,175.67,.1,0,2,0,0,175.67
2005,6,30,14,3,146,180,.1,0,2,0,0,180
2005,6,30,15,3,146,0,34,0,2,1,0,0
2005,6,30,15,3,146,4.17,1,0,2,1,0,4.17
2005,6,30,15,3,146,8.17,1,0,2,1,0,8.17
2005,6,30,15,3,146,12.27,.1,0,2,1,0,12.27
2005,6,30,15,3,146,16.27,.1,0,2,1,0,16.27
2005,6,30,15,3,146,20.37,.1,0,2,1,0,20.37
2005,6,30,15,3,146,24.47,.1,0,2,1,0,24.47
2005,6,30,15,3,146,28.47,.1,0,2,1,0,28.47
2005,6,30,15,3,146,32.57,.1,0,2,1,0,32.57
2005,6,30,15,3,146,36.67,.1,0,2,1,0,36.67
2005,6,30,15,3,146,40.67,.1,0,2,1,0,40.67
2005,6,30,15,3,146,44.77,.1,0,2,1,0,44.77
2005,6,30,15,3,146,48.77,.1,0,2,1,0,48.77
2005,6,30,15,3,146,52.87,.1,0,2,1,0,52.87
2005,6,30,15,3,146,56.97,.1,0,2,1,0,56.97
2005,6,30,15,3,146,60.97,.1,0,2,1,0,60.97
2005,6,30,15,3,146,65.07,.1,0,2,1,0,65.07
2005,6,30,15,3,146,69.17,.1,0,2,1,0,69.17
2005,6,30,15,3,146,73.17,.1,0,2,1,0,73.17
2005,6,30,15,3,146,77.27,.1,0,2,1,0,77.27
2005,6,30,15,3,146,81.27,.1,0,2,1,0,81.27
2005,6,30,15,3,146,85.37,.1,0,2,1,0,85.37
2005,6,30,15,3,146,89.37,.1,0,2,1,0,89.37
2005,6,30,15,3,146,175.67,.1,0,2,0,0,175.67
2005,6,30,15,3,146,180,.1,0,2,0,0,180
2005,6,30,16,3,146,0,37,0,2,1,0,0
2005,6,30,16,3,146,4.17,1,0,2,1,0,4.17
2005,6,30,16,3,146,8.17,1,0,2,1,0,8.17
2005,6,30,16,3,146,12.27,.1,0,2,1,0,12.27
2005,6,30,16,3,146,16.37,.1,0,2,1,0,16.37
2005,6,30,16,3,146,20.47,.1,0,2,1,0,20.47
2005,6,30,16,3,146,24.47,.1,0,2,1,0,24.47
2005,6,30,16,3,146,28.57,.1,0,2,1,0,28.57
2005,6,30,16,3,146,32.67,.1,0,2,1,0,32.67
2005,6,30,16,3,146,36.67,.1,0,2,1,0,36.67
2005,6,30,16,3,146,40.77,.1,0,2,1,0,40.77
2005,6,30,16,3,146,44.87,.1,0,2,1,0,44.87
2005,6,30,16,3,146,48.97,.1,0,2,1,0,48.97
2005,6,30,16,3,146,52.97,.1,0,2,1,0,52.97
2005,6,30,16,3,146,57.07,.1,0,2,1,0,57.07
2005,6,30,16,3,146,61.17,.1,0,2,1,0,61.17
2005,6,30,16,3,146,65.17,.1,0,2,1,0,65.17
2005,6,30,16,3,146,69.27,.1,0,2,1,0,69.27
2005,6,30,16,3,146,73.37,.1,0,2,1,0,73.37
2005,6,30,16,3,146,77.47,.1,0,2,1,0,77.47
2005,6,30,16,3,146,81.47,.1,0,2,1,0,81.47
2005,6,30,16,3,146,85.57,.1,0,2,1,0,85.57
2005,6,30,16,3,146,89.57,.1,0,2,1,0,89.57
2005,6,30,16,3,146,175.67,.1,0,2,0,0,175.67
2005,6,30,16,3,146,180,.1,0,2,0,0,180
2005,6,30,17,3,146,0,37,0,2,1,0,0
2005,6,30,17,3,146,4.17,1,0,2,1,0,4.17
2005,6,30,17,3,146,8.27,1,0,2,1,0,8.27
2005,6,30,17,3,146,12.37,.1,0,2,1,0,12.37
2005,6,30,17,3,146,16.47,.1,0,2,1,0,16.47
2005,6,30,17,3,146,20.67,.1,0,2,1,0,20.67
2005,6,30,17,3,146,24.77,.1,0,2,1,0,24.77
2005,6,30,17,3,146,28.87,.1,0,2,1,0,28.87
2005,6,30,17,3,146,32.97,.1,0,2,1,0,32.97
2005,6,30,17,3,146,37.07,.1,0,2,1,0,37.07
2005,6,30,17,3,146,41.17,.1,0,2,1,0,41.17
2005,6,30,17,3,146,45.27,.1,0,2,1,0,45.27
2005,6,30,17,3,146,49.37,.1,0,2,1,0,49.37
2005,6,30,17,3,146,53.57,.1,0,2,1,0,53.57
2005,6,30,17,3,146,57.67,.1,0,2,1,0,57.67
2005,6,30,17,3,146,61.77,.1,0,2,1,0,61.77
2005,6,30,17,3,146,65.87,.1,0,2,1,0,65.87
2005,6,30,17,3,146,69.97,.1,0,2,1,0,69.97
2005,6,30,17,3,146,74.07,.1,0,2,1,0,74.07
2005,6,30,17,3,146,78.17,.1,0,2,1,0,78.17
2005,6,30,17,3,146,82.27,.1,0,2,1,0,82.27
2005,6,30,17,3,146,86.47,.1,0,2,1,0,86.47
2005,6,30,17,3,146,90.47,.1,0,2,1,0,90.47
2005,6,30,17,3,146,175.67,.1,0,2,0,0,175.67
2005,6,30,17,3,146,180,.1,0,2,0,0,180
2005,6,30,18,3,146,0,37,0,2,1,0,0
2005,6,30,18,3,146,4.37,1,0,2,1,0,4.37
2005,6,30,18,3,146,8.77,1,0,2,1,0,8.77
2005,6,30,18,3,146,13.07,.1,0,2,1,0,13.07
2005,6,30,18,3,146,17.47,.1,0,2,1,0,17.47
2005,6,30,18,3,146,21.77,.1,0,2,1,0,21.77
2005,6,30,18,3,146,26.07,.1,0,2,1,0,26.07
2005,6,30,18,3,146,30.47,.1,0,2,1,0,30.47
2005,6,30,18,3,146,34.77,.1,0,2,1,0,34.77
2005,6,30,18,3,146,39.17,.1,0,2,1,0,39.17
2005,6,30,18,3,146,43.47,.1,0,2,1,0,43.47
2005,6,30,18,3,146,47.77,.1,0,2,1,0,47.77
2005,6,30,18,3,146,52.17,.1,0,2,1,0,52.17
2005,6,30,18,3,146,56.47,.1,0,2,1,0,56.47
2005,6,30,18,3,146,60.87,.1,0,2,1,0,60.87
2005,6,30,18,3,146,65.17,.1,0,2,1,0,65.17
2005,6,30,18,3,146,69.47,.1,0,2,1,0,69.47
2005,6,30,18,3,146,73.87,.1,0,2,1,0,73.87
2005,6,30,18,3,146,78.17,.1,0,2,1,0,78.17
2005,6,30,18,3,146,82.57,.1,0,2,1,0,82.57
2005,6,30,18,3,146,86.87,.1,0,2,1,0,86.87
2005,6,30,18,3,146,91.17,.1,0,2,1,0,91.17
2005,6,30,18,3,146,95.47,.1,0,2,1,0,95.47
2005,6,30,18,3,146,175.67,.1,0,2,0,0,175.67
2005,6,30,18,3,146,180,.1,0,2,0,0,180
2005,6,30,19,3,146,0,37,0,2,1,0,0
2005,6,30,19,3,146,4.17,1,0,2,1,0,4.17
2005,6,30,19,3,146,8.37,1,0,2,1,0,8.37
2005,6,30,19,3,146,12.47,.1,0,2,1,0,12.47
2005,6,30,19,3,146,16.67,.1,0,2,1,0,16.67
2005,6,30,19,3,146,20.77,.1,0,2,1,0,20.77
2005,6,30,19,3,146,24.87,.1,0,2,1,0,24.87
2005,6,30,19,3,146,29.07,.1,0,2,1,0,29.07
2005,6,30,19,3,146,33.17,.1,0,2,1,0,33.17
2005,6,30,19,3,146,37.37,.1,0,2,1,0,37.37
2005,6,30,19,3,146,41.47,.1,0,2,1,0,41.47
2005,6,30,19,3,146,45.57,.1,0,2,1,0,45.57
2005,6,30,19,3,146,49.77,.1,0,2,1,0,49.77
2005,6,30,19,3,146,53.87,.1,0,2,1,0,53.87
2005,6,30,19,3,146,58.07,.1,0,2,1,0,58.07
2005,6,30,19,3,146,62.17,.1,0,2,1,0,62.17
2005,6,30,19,3,146,66.27,.1,0,2,1,0,66.27
2005,6,30,19,3,146,70.47,.1,0,2,1,0,70.47
2005,6,30,19,3,146,74.57,.1,0,2,1,0,74.57
2005,6,30,19,3,146,78.77,.1,0,2,1,0,78.77
2005,6,30,19,3,146,82.87,.1,0,2,1,0,82.87
2005,6,30,19,3,146,86.97,.1,0,2,1,0,86.97
2005,6,30,19,3,146,91.07,.1,0,2,1,0,91.07
2005,6,30,19,3,146,175.67,.1,0,2,0,0,175.67
2005,6,30,19,3,146,180,.1,0,2,0,0,180
2005,6,30,20,3,146,0,25,0,2,1,0,0
2005,6,30,20,3,146,3.77,1,0,2,1,0,3.77
2005,6,30,20,3,146,7.47,1,0,2,1,0,7.47
2005,6,30,20,3,146,11.17,.1,0,2,1,0,11.17
2005,6,30,20,3,146,14.87,.1,0,2,1,0,14.87
2005,6,30,20,3,146,18.57,.1,0,2,1,0,18.57
2005,6,30,20,3,146,22.27,.1,0,2,1,0,22.27
2005,6,30,20,3,146,26.07,.1,0,2,1,0,26.07
2005,6,30,20,3,146,29.77,.1,0,2,1,0,29.77
2005,6,30,20,3,146,33.47,.1,0,2,1,0,33.47
2005,6,30,20,3,146,37.17,.1,0,2,1,0,37.17
2005,6,30,20,3,146,40.87,.1,0,2,1,0,40.87
2005,6,30,20,3,146,44.57,.1,0,2,1,0,44.57
2005,6,30,20,3,146,48.27,.1,0,2,1,0,48.27
2005,6,30,20,3,146,51.97,.1,0,2,1,0,51.97
2005,6,30,20,3,146,55.67,.1,0,2,1,0,55.67
2005,6,30,20,3,146,59.37,.1,0,2,1,0,59.37
2005,6,30,20,3,146,63.07,.1,0,2,1,0,63.07
2005,6,30,20,3,146,66.77,.1,0,2,1,0,66.77
2005,6,30,20,3,146,70.47,.1,0,2,1,0,70.47
2005,6,30,20,3,146,74.27,.1,0,2,1,0,74.27
2005,6,30,20,3,146,77.97,.1,0,2,1,0,77.97
2005,6,30,20,3,146,81.57,.1,0,2,1,0,81.57
2005,6,30,20,3,146,175.67,.1,0,2,0,0,175.67
2005,6,30,20,3,146,180,.1,0,2,0,0,180
2005,6,30,21,3,146,0,25,0,2,1,0,0
2005,6,30,21,3,146,3.27,1,0,2,1,0,3.27
2005,6,30,21,3,146,6.47,1,0,2,1,0,6.47
2005,6,30,21,3,146,9.77,.1,0,2,1,0,9.77
2005,6,30,21,3,146,12.97,.1,0,2,1,0,12.97
2005,6,30,21,3,146,16.17,.1,0,2,1,0,16.17
2005,6,30,21,3,146,19.37,.1,0,2,1,0,19.37
2005,6,30,21,3,146,22.57,.1,0,2,1,0,22.57
2005,6,30,21,3,146,25.77,.1,0,2,1,0,25.77
2005,6,30,21,3,146,29.07,.1,0,2,1,0,29.07
2005,6,30,21,3,146,32.27,.1,0,2,1,0,32.27
2005,6,30,21,3,146,35.47,.1,0,2,1,0,35.47
2005,6,30,21,3,146,38.67,.1,0,2,1,0,38.67
2005,6,30,21,3,146,41.87,.1,0,2,1,0,41.87
2005,6,30,21,3,146,45.07,.1,0,2,1,0,45.07
2005,6,30,21,3,146,48.37,.1,0,2,1,0,48.37
2005,6,30,21,3,146,51.57,.1,0,2,1,0,51.57
2005,6,30,21,3,146,54.77,.1,0,2,1,0,54.77
2005,6,30,21,3,146,57.97,.1,0,2,1,0,57.97
2005,6,30,21,3,146,61.17,.1,0,2,1,0,61.17
2005,6,30,21,3,146,64.37,.1,0,2,0,0,64.37
2005,6,30,21,3,146,67.67,.1,0,2,0,0,67.67
2005,6,30,21,3,146,70.77,.1,0,2,0,0,70.77
2005,6,30,21,3,146,175.67,.1,0,2,0,0,175.67
2005,6,30,21,3,146,180,.1,0,2,0,0,180
2005,6,30,22,3,146,0,23,0,2,1,0,0
2005,6,30,22,3,146,3.17,1,0,2,1,0,3.17
2005,6,30,22,3,146,6.27,.1,0,2,1,0,6.27
2005,6,30,22,3,146,9.37,.1,0,2,1,0,9.37
2005,6,30,22,3,146,12.47,.1,0,2,1,0,12.47
2005,6,30,22,3,146,15.57,.1,0,2,1,0,15.57
2005,6,30,22,3,146,18.67,.1,0,2,1,0,18.67
2005,6,30,22,3,146,21.87,.1,0,2,1,0,21.87
2005,6,30,22,3,146,24.97,.1,0,2,1,0,24.97
2005,6,30,22,3,146,28.07,.1,0,2,1,0,28.07
2005,6,30,22,3,146,31.17,.1,0,2,1,0,31.17
2005,6,30,22,3,146,34.27,.1,0,2,1,0,34.27
2005,6,30,22,3,146,37.37,.1,0,2,1,0,37.37
2005,6,30,22,3,146,40.47,.1,0,2,1,0,40.47
2005,6,30,22,3,146,43.57,.1,0,2,1,0,43.57
2005,6,30,22,3,146,46.67,.1,0,2,1,0,46.67
2005,6,30,22,3,146,49.77,.1,0,2,1,0,49.77
2005,6,30,22,3,146,52.87,.1,0,2,1,0,52.87
2005,6,30,22,3,146,55.97,.1,0,2,1,0,55.97
2005,6,30,22,3,146,59.07,.1,0,2,1,0,59.07
2005,6,30,22,3,146,62.27,.1,0,2,0,0,62.27
2005,6,30,22,3,146,65.37,.1,0,2,0,0,65.37
2005,6,30,22,3,146,68.37,.1,0,2,0,0,68.37
2005,6,30,22,3,146,175.67,.1,0,2,0,0,175.67
2005,6,30,22,3,146,180,.1,0,2,0,0,180
2005,6,30,23,3,146,0,23,0,2,1,0,0
2005,6,30,23,3,146,3.47,1,0,2,1,0,3.47
2005,6,30,23,3,146,6.77,.1,0,2,1,0,6.77
2005,6,30,23,3,146,10.17,.1,0,2,1,0,10.17
2005,6,30,23,3,146,13.47,.1,0,2,1,0,13.47
2005,6,30,23,3,146,16.87,.1,0,2,1,0,16.87
2005,6,30,23,3,146,20.17,.1,0,2,1,0,20.17
2005,6,30,23,3,146,23.57,.1,0,2,1,0,23.57
2005,6,30,23,3,146,26.87,.1,0,2,1,0,26.87
2005,6,30,23,3,146,30.27,.1,0,2,1,0,30.27
2005,6,30,23,3,146,33.57,.1,0,2,1,0,33.57
2005,6,30,23,3,146,36.97,.1,0,2,1,0,36.97
2005,6,30,23,3,146,40.27,.1,0,2,1,0,40.27
2005,6,30,23,3,146,43.67,.1,0,2,1,0,43.67
2005,6,30,23,3,146,46.97,.1,0,2,1,0,46.97
2005,6,30,23,3,146,50.37,.1,0,2,1,0,50.37
2005,6,30,23,3,146,53.77,.1,0,2,1,0,53.77
2005,6,30,23,3,146,57.07,.1,0,2,1,0,57.07
2005,6,30,23,3,146,60.47,.1,0,2,1,0,60.47
2005,6,30,23,3,146,63.77,.1,0,2,0,0,63.77
2005,6,30,23,3,146,67.17,.1,0,2,0,0,67.17
2005,6,30,23,3,146,70.47,.1,0,2,0,0,70.47
2005,6,30,23,3,146,73.77,.1,0,2,0,0,73.77
2005,6,30,23,3,146,175.67,.1,0,2,0,0,175.67
2005,6,30,23,3,146,180,.1,0,2,0,0,180
2005,6,30,24,3,146,0,20,0,2,1,0,0
2005,6,30,24,3,146,2.87,1,0,2,1,0,2.87
2005,6,30,24,3,146,5.67,.1,0,2,1,0,5.67
2005,6,30,24,3,146,8.37,.1,0,2,1,0,8.37
2005,6,30,24,3,146,11.17,.1,0,2,1,0,11.17
2005,6,30,24,3,146,13.97,.1,0,2,1,0,13.97
2005,6,30,24,3,146,16.77,.1,0,2,1,0,16.77
2005,6,30,24,3,146,19.47,.1,0,2,1,0,19.47
2005,6,30,24,3,146,22.27,.1,0,2,1,0,22.27
2005,6,30,24,3,146,25.07,.1,0,2,1,0,25.07
2005,6,30,24,3,146,27.87,.1,0,2,1,0,27.87
2005,6,30,24,3,146,30.57,.1,0,2,1,0,30.57
2005,6,30,24,3,146,33.37,.1,0,2,1,0,33.37
2005,6,30,24,3,146,36.17,.1,0,2,1,0,36.17
2005,6,30,24,3,146,38.97,.1,0,2,1,0,38.97
2005,6,30,24,3,146,41.67,.1,0,2,1,0,41.67
2005,6,30,24,3,146,44.47,.1,0,2,1,0,44.47
2005,6,30,24,3,146,47.27,.1,0,2,1,0,47.27
2005,6,30,24,3,146,50.07,.1,0,2,1,0,50.07
2005,6,30,24,3,146,52.77,.1,0,2,0,0,52.77
2005,6,30,24,3,146,55.57,.1,0,2,0,0,55.57
2005,6,30,24,3,146,58.37,.1,0,2,0,0,58.37
2005,6,30,24,3,146,61.07,.1,0,2,0,0,61.07
2005,6,30,24,3,146,175.67,.1,0,2,0,0,175.67
2005,6,30,24,3,146,180,.1,0,2,0,0,180
2005,6,30,1,9,147,180,54.7,0,1,1,0,180
2005,6,30,2,9,147,180,52.1,0,1,1,0,180
2005,6,30,3,9,147,180,49.6,0,1,1,0,180
2005,6,30,4,9,147,180,51,0,1,1,0,180
2005,6,30,5,9,147,180,50.7,0,1,1,0,180
2005,6,30,6,9,147,180,54.1,0,1,1,0,180
2005,6,30,7,9,147,180,63.9,0,1,1,0,180
2005,6,30,8,9,147,180,71.1,0,1,1,0,180
2005,6,30,9,9,147,180,72.3,0,1,1,0,180
2005,6,30,10,9,147,180,71.2,0,1,1,0,180
2005,6,30,11,9,147,180,74,0,1,1,0,180
2005,6,30,12,9,147,180,74.5,0,1,1,0,180
2005,6,30,13,9,147,180,73.8,0,1,1,0,180
2005,6,30,14,9,147,180,75.3,0,1,1,0,180
2005,6,30,15,9,147,180,72.4,0,1,1,0,180
2005,6,30,16,9,147,180,70.6,0,1,1,0,180
2005,6,30,17,9,147,180,70.2,0,1,1,0,180
2005,6,30,18,9,147,180,69.6,0,1,1,0,180
2005,6,30,19,9,147,180,69.6,0,1,1,0,180
2005,6,30,20,9,147,180,71.8,0,1,1,0,180
2005,6,30,21,9,147,180,68.5,0,1,1,0,180
2005,6,30,22,9,147,180,65.1,0,1,1,0,180
2005,6,30,23,9,147,180,59.1,0,1,1,0,180
2005,6,30,24,9,147,180,56.9,0,1,1,0,180
2005,6,30,1,1,148,92,100,0,1,1,0,92
2005,6,30,1,1,148,94,200,0,1,1,0,94
2005,6,30,1,1,148,105,200,0,1,1,0,105
2005,6,30,1,1,148,180.3,3051,0,1,1,0,180.3
2005,6,30,2,1,148,90,100,0,1,1,0,90
2005,6,30,2,1,148,94,200,0,1,1,0,94
2005,6,30,2,1,148,105,200,0,1,1,0,105
2005,6,30,2,1,148,180.3,2902,0,1,1,0,180.3
2005,6,30,3,1,148,90,100,0,1,1,0,90
2005,6,30,3,1,148,91,200,0,1,1,0,91
2005,6,30,3,1,148,105,200,0,1,1,0,105
2005,6,30,3,1,148,180.3,2777,0,1,1,0,180.3
2005,6,30,4,1,148,89,200,0,1,1,0,89
2005,6,30,4,1,148,90,100,0,1,1,0,90
2005,6,30,4,1,148,105,200,0,1,1,0,105
2005,6,30,4,1,148,180.3,2730,0,1,1,0,180.3
2005,6,30,5,1,148,88,200,0,1,1,0,88
2005,6,30,5,1,148,90,100,0,1,1,0,90
2005,6,30,5,1,148,105,200,0,1,1,0,105
2005,6,30,5,1,148,180.3,2706,0,1,1,0,180.3
2005,6,30,6,1,148,88,200,0,1,1,0,88
2005,6,30,6,1,148,90,100,0,1,1,0,90
2005,6,30,6,1,148,105,200,0,1,1,0,105
2005,6,30,6,1,148,180.3,2783,0,1,1,0,180.3
2005,6,30,7,1,148,89,200,0,1,1,0,89
2005,6,30,7,1,148,90,100,0,1,1,0,90
2005,6,30,7,1,148,105,200,0,1,1,0,105
2005,6,30,7,1,148,180.3,3273,0,1,1,0,180.3
2005,6,30,8,1,148,90,100,0,1,1,0,90
2005,6,30,8,1,148,94,200,0,1,1,0,94
2005,6,30,8,1,148,105,200,0,1,1,0,105
2005,6,30,8,1,148,180.3,3768,0,1,1,0,180.3
2005,6,30,9,1,148,94,300,0,1,1,0,94
2005,6,30,9,1,148,105,200,0,1,1,0,105
2005,6,30,9,1,148,180.3,4361,0,1,1,0,180.3
2005,6,30,10,1,148,94,200,0,1,1,0,94
2005,6,30,10,1,148,97,100,0,1,1,0,97
2005,6,30,10,1,148,105,200,0,1,1,0,105
2005,6,30,10,1,148,180.3,4850,0,1,1,0,180.3
2005,6,30,11,1,148,94,200,0,1,0,0,94
2005,6,30,11,1,148,97,100,0,1,0,0,97
2005,6,30,11,1,148,105,200,0,1,1,0,105
2005,6,30,11,1,148,180.3,5156,0,1,1,0,180.3
2005,6,30,12,1,148,94,200,0,1,0,0,94
2005,6,30,12,1,148,97,100,0,1,0,0,97
2005,6,30,12,1,148,105,49.6,0,1,1,0,105
2005,6,30,12,1,148,180.3,5340,0,1,1,0,180.3
2005,6,30,13,1,148,94,200,0,1,0,0,94
2005,6,30,13,1,148,97,100,0,1,0,0,97
2005,6,30,13,1,148,105,200,0,1,0,0,105
2005,6,30,13,1,148,180.3,5407,0,1,1,0,180.3
2005,6,30,14,1,148,94,200,0,1,0,0,94
2005,6,30,14,1,148,97,100,0,1,0,0,97
2005,6,30,14,1,148,105,200,0,1,0,0,105
2005,6,30,14,1,148,180.3,5126,0,1,1,0,180.3
2005,6,30,15,1,148,94,200,0,1,0,0,94
2005,6,30,15,1,148,97,100,0,1,0,0,97
2005,6,30,15,1,148,105,200,0,1,1,0,105
2005,6,30,15,1,148,180.3,4827,0,1,1,0,180.3
2005,6,30,16,1,148,94,200,0,1,0,0,94
2005,6,30,16,1,148,97,100,0,1,1,0,97
2005,6,30,16,1,148,105,200,0,1,1,0,105
2005,6,30,16,1,148,180.3,4774,0,1,1,0,180.3
2005,6,30,17,1,148,94,200,0,1,0,0,94
2005,6,30,17,1,148,97,100,0,1,1,0,97
2005,6,30,17,1,148,105,200,0,1,1,0,105
2005,6,30,17,1,148,180.3,4816,0,1,1,0,180.3
2005,6,30,18,1,148,94,200,0,1,0,0,94
2005,6,30,18,1,148,97,100,0,1,1,0,97
2005,6,30,18,1,148,105,200,0,1,1,0,105
2005,6,30,18,1,148,180.3,4860,0,1,1,0,180.3
2005,6,30,19,1,148,94,44.4,0,1,1,0,94
2005,6,30,19,1,148,97,100,0,1,1,0,97
2005,6,30,19,1,148,105,200,0,1,1,0,105
2005,6,30,19,1,148,180.3,4788,0,1,1,0,180.3
2005,6,30,20,1,148,94,200,0,1,1,0,94
2005,6,30,20,1,148,97,100,0,1,1,0,97
2005,6,30,20,1,148,105,200,0,1,1,0,105
2005,6,30,20,1,148,180.3,4589,0,1,1,0,180.3
2005,6,30,21,1,148,94,200,0,1,1,0,94
2005,6,30,21,1,148,97,100,0,1,1,0,97
2005,6,30,21,1,148,105,200,0,1,1,0,105
2005,6,30,21,1,148,180.3,4361,0,1,1,0,180.3
2005,6,30,22,1,148,94,200,0,1,1,0,94
2005,6,30,22,1,148,97,100,0,1,1,0,97
2005,6,30,22,1,148,105,200,0,1,1,0,105
2005,6,30,22,1,148,180.3,3974,0,1,1,0,180.3
2005,6,30,23,1,148,94,200,0,1,1,0,94
2005,6,30,23,1,148,97,100,0,1,1,0,97
2005,6,30,23,1,148,105,200,0,1,1,0,105
2005,6,30,23,1,148,180.3,3433,0,1,1,0,180.3
2005,6,30,24,1,148,94,300,0,1,1,0,94
2005,6,30,24,1,148,105,200,0,1,1,0,105
2005,6,30,24,1,148,180.3,3196,0,1,1,0,180.3
2005,6,30,1,9,149,180.3,5943,0,1,1,0,180.3
2005,6,30,2,9,149,180.3,5309,0,1,1,0,180.3
2005,6,30,3,9,149,180.3,4905,0,1,1,0,180.3
2005,6,30,4,9,149,180.3,4729,0,1,1,0,180.3
2005,6,30,5,9,149,180.3,4655,0,1,1,0,180.3
2005,6,30,6,9,149,180.3,4612,0,1,1,0,180.3
2005,6,30,7,9,149,180.3,4619,0,1,1,0,180.3
2005,6,30,8,9,149,180.3,4932,0,1,1,0,180.3
2005,6,30,9,9,149,180.3,5313,0,1,1,0,180.3
2005,6,30,10,9,149,180.3,5749,0,1,1,0,180.3
2005,6,30,11,9,149,180.3,6127,0,1,1,0,180.3
2005,6,30,12,9,149,180.3,6352,0,1,1,0,180.3
2005,6,30,13,9,149,180.3,6572,0,1,1,0,180.3
2005,6,30,14,9,149,180.3,6784,0,1,1,0,180.3
2005,6,30,15,9,149,180.3,6320,0,1,1,0,180.3
2005,6,30,16,9,149,180.3,6357,0,1,1,0,180.3
2005,6,30,17,9,149,180.3,6507,0,1,1,0,180.3
2005,6,30,18,9,149,180.3,6558,0,1,1,0,180.3
2005,6,30,19,9,149,180.3,6459,0,1,1,0,180.3
2005,6,30,20,9,149,180.3,6131,0,1,1,0,180.3
2005,6,30,21,9,149,180.3,5780,0,1,1,0,180.3
2005,6,30,22,9,149,180.3,6053,0,1,1,0,180.3
2005,6,30,23,9,149,180.3,6823,0,1,1,0,180.3
2005,6,30,24,9,149,180.3,6214,0,1,1,0,180.3
2005,6,30,1,1,150,180.3,125.7,0,1,1,0,180.3
2005,6,30,2,1,150,180.3,113.6,0,1,1,0,180.3
2005,6,30,3,1,150,180.3,108.5,0,1,1,0,180.3
2005,6,30,4,1,150,180.3,109.5,0,1,1,0,180.3
2005,6,30,5,1,150,180.3,108.5,0,1,1,0,180.3
2005,6,30,6,1,150,180.3,107.5,0,1,1,0,180.3
2005,6,30,7,1,150,180.3,111.5,0,1,1,0,180.3
2005,6,30,8,1,150,180.3,117.6,0,1,1,0,180.3
2005,6,30,9,1,150,180.3,140.3,0,1,1,0,180.3
2005,6,30,10,1,150,180.3,52.6,0,1,1,0,180.3
2005,6,30,11,1,150,180.3,48.7,0,1,1,0,180.3
2005,6,30,12,1,150,180.3,47,0,1,1,0,180.3
2005,6,30,13,1,150,180.3,47,0,1,1,0,180.3
2005,6,30,14,1,150,180.3,24.2,0,1,1,0,180.3
2005,6,30,15,1,150,180.3,22.1,0,1,1,0,180.3
2005,6,30,16,1,150,180.3,23.4,0,1,1,0,180.3
2005,6,30,17,1,150,180.3,23.4,0,1,1,0,180.3
2005,6,30,18,1,150,180.3,23.7,0,1,1,0,180.3
2005,6,30,19,1,150,180.3,23.3,0,1,1,0,180.3
2005,6,30,20,1,150,180.3,167.8,0,1,0,1,180.3
2005,6,30,21,1,150,180.3,155.6,0,1,0,1,180.3
2005,6,30,22,1,150,180.3,145.4,0,1,0,1,180.3
2005,6,30,23,1,150,180.3,143.4,0,1,0,1,180.3
2005,6,30,24,1,150,180.3,136.3,0,1,1,0,180.3
2005,6,30,8,1,151,48,101.4,0,1,0,0,48
2005,6,30,8,1,151,49.5,101.4,0,1,1,0,49.5
2005,6,30,9,1,151,65.2,101.7,0,1,0,0,65.2
2005,6,30,9,1,151,66.7,101.7,0,1,0,0,66.7
2005,6,30,10,1,151,76.38,101.7,0,1,0,0,76.38
2005,6,30,10,1,151,77.88,101.7,0,1,0,0,77.88
2005,6,30,11,1,151,91.74,127.1,0,1,0,0,91.74
2005,6,30,11,1,151,93.24,101.7,0,1,0,0,93.24
2005,6,30,12,1,151,99.8,127.1,0,1,0,0,99.8
2005,6,30,12,1,151,101.3,101.7,0,1,0,0,101.3
2005,6,30,13,1,151,90.83,127.1,0,1,0,0,90.83
2005,6,30,13,1,151,92.33,101.7,0,1,0,0,92.33
2005,6,30,14,1,151,90.09,127.1,0,1,0,0,90.09
2005,6,30,14,1,151,91.59,101.7,0,1,0,0,91.59
2005,6,30,15,1,151,84.35,152.6,0,1,0,0,84.35
2005,6,30,15,1,151,85.85,101.7,0,1,0,0,85.85
2005,6,30,1,1,152,0,122,0,2,1,0,0
2005,6,30,2,1,152,0,122,0,2,1,0,0
2005,6,30,3,1,152,0,122,0,2,1,0,0
2005,6,30,4,1,152,0,122,0,2,1,0,0
2005,6,30,5,1,152,0,124,0,2,1,0,0
2005,6,30,6,1,152,0,124,0,2,1,0,0
2005,6,30,7,1,152,0,124,0,2,1,0,0
2005,6,30,8,1,152,0,124,0,2,1,0,0
2005,6,30,9,1,152,0,124,0,2,1,0,0
2005,6,30,10,1,152,0,121,0,2,1,0,0
2005,6,30,11,1,152,0,121,0,2,1,0,0
2005,6,30,12,1,152,0,119,0,2,1,0,0
2005,6,30,13,1,152,0,117,0,2,1,0,0
2005,6,30,14,1,152,0,115,0,2,1,0,0
2005,6,30,15,1,152,0,115,0,2,1,0,0
2005,6,30,16,1,152,0,116,0,2,1,0,0
2005,6,30,17,1,152,0,116,0,2,1,0,0
2005,6,30,18,1,152,0,116,0,2,1,0,0
2005,6,30,19,1,152,0,115,0,2,1,0,0
2005,6,30,20,1,152,0,115,0,2,1,0,0
2005,6,30,21,1,152,0,118,0,2,1,0,0
2005,6,30,22,1,152,0,118,0,2,1,0,0
2005,6,30,23,1,152,0,120,0,2,1,0,0
2005,6,30,24,1,152,0,120,0,2,1,0,0
2005,6,30,1,1,153,0,31.9,0,2,1,0,0
2005,6,30,2,1,153,0,30.3,0,2,1,0,0
2005,6,30,3,1,153,0,28.2,0,2,1,0,0
2005,6,30,4,1,153,0,24.2,0,2,1,0,0
2005,6,30,5,1,153,0,20.4,0,2,1,0,0
2005,6,30,6,1,153,0,18.6,0,2,1,0,0
2005,6,30,7,1,153,0,18.3,0,2,1,0,0
2005,6,30,8,1,153,0,21.4,0,2,1,0,0
2005,6,30,9,1,153,0,31.5,0,2,1,0,0
2005,6,30,10,1,153,0,27.6,0,2,1,0,0
2005,6,30,11,1,153,0,27,0,2,1,0,0
2005,6,30,12,1,153,0,21.8,0,2,1,0,0
2005,6,30,13,1,153,0,20.4,0,2,1,0,0
2005,6,30,14,1,153,0,23.7,0,2,1,0,0
2005,6,30,15,1,153,0,25,0,2,1,0,0
2005,6,30,16,1,153,0,32.5,0,2,1,0,0
2005,6,30,17,1,153,0,45.8,0,2,1,0,0
2005,6,30,18,1,153,0,67.6,0,2,1,0,0
2005,6,30,19,1,153,0,81.1,0,2,1,0,0
2005,6,30,20,1,153,0,95.7,0,2,1,0,0
2005,6,30,21,1,153,0,84.4,0,2,1,0,0
2005,6,30,22,1,153,0,70,0,2,1,0,0
2005,6,30,23,1,153,0,44,0,2,1,0,0
2005,6,30,24,1,153,0,32.3,0,2,1,0,0
2005,6,30,1,1,154,0,5.9,0,2,1,0,0
2005,6,30,2,1,154,0,5.6,0,2,1,0,0
2005,6,30,3,1,154,0,5.7,0,2,1,0,0
2005,6,30,4,1,154,0,5.6,0,2,1,0,0
2005,6,30,5,1,154,0,5.7,0,2,1,0,0
2005,6,30,6,1,154,0,5.9,0,2,1,0,0
2005,6,30,7,1,154,0,6,0,2,1,0,0
2005,6,30,8,1,154,0,6,0,2,1,0,0
2005,6,30,9,1,154,0,6.2,0,2,1,0,0
2005,6,30,10,1,154,0,6.5,0,2,1,0,0
2005,6,30,11,1,154,0,6.6,0,2,1,0,0
2005,6,30,12,1,154,0,6.4,0,2,1,0,0
2005,6,30,13,1,154,0,6,0,2,1,0,0
2005,6,30,14,1,154,0,5.7,0,2,1,0,0
2005,6,30,15,1,154,0,5.7,0,2,1,0,0
2005,6,30,16,1,154,0,5.6,0,2,1,0,0
2005,6,30,17,1,154,0,5.6,0,2,1,0,0
2005,6,30,18,1,154,0,5.3,0,2,1,0,0
2005,6,30,19,1,154,0,5,0,2,1,0,0
2005,6,30,20,1,154,0,5.8,0,2,1,0,0
2005,6,30,21,1,154,0,5.7,0,2,1,0,0
2005,6,30,22,1,154,0,5.3,0,2,1,0,0
2005,6,30,23,1,154,0,5,0,2,1,0,0
2005,6,30,24,1,154,0,5.3,0,2,1,0,0
2005,6,30,1,1,155,0,14,0,2,1,0,0
2005,6,30,2,1,155,0,14,0,2,1,0,0
2005,6,30,3,1,155,0,14,0,2,1,0,0
2005,6,30,4,1,155,0,14,0,2,1,0,0
2005,6,30,5,1,155,0,15,0,2,1,0,0
2005,6,30,6,1,155,0,15,0,2,1,0,0
2005,6,30,7,1,155,0,15,0,2,1,0,0
2005,6,30,8,1,155,0,15,0,2,1,0,0
2005,6,30,9,1,155,0,15,0,2,1,0,0
2005,6,30,10,1,155,0,14,0,2,1,0,0
2005,6,30,11,1,155,0,14,0,2,1,0,0
2005,6,30,12,1,155,0,13,0,2,1,0,0
2005,6,30,13,1,155,0,13,0,2,1,0,0
2005,6,30,14,1,155,0,13,0,2,1,0,0
2005,6,30,15,1,155,0,13,0,2,1,0,0
2005,6,30,16,1,155,0,13,0,2,1,0,0
2005,6,30,17,1,155,0,13,0,2,1,0,0
2005,6,30,18,1,155,0,13,0,2,1,0,0
2005,6,30,19,1,155,0,13,0,2,1,0,0
2005,6,30,20,1,155,0,13,0,2,1,0,0
2005,6,30,21,1,155,0,13,0,2,1,0,0
2005,6,30,22,1,155,0,13,0,2,1,0,0
2005,6,30,23,1,155,0,13,0,2,1,0,0
2005,6,30,24,1,155,0,13,0,2,1,0,0
2005,6,30,1,1,156,0,250,0,2,1,0,0
2005,6,30,2,1,156,0,275,0,2,1,0,0
2005,6,30,3,1,156,0,275,0,2,1,0,0
2005,6,30,4,1,156,0,275,0,2,1,0,0
2005,6,30,5,1,156,0,275,0,2,1,0,0
2005,6,30,6,1,156,0,275,0,2,1,0,0
2005,6,30,7,1,156,0,200,0,2,1,0,0
2005,6,30,16,1,156,0,250,0,2,1,0,0
2005,6,30,17,1,156,0,250,0,2,1,0,0
2005,6,30,18,1,156,0,250,0,2,1,0,0
2005,6,30,19,1,156,0,250,0,2,1,0,0
2005,6,30,20,1,156,0,250,0,2,1,0,0
2005,6,30,21,1,156,0,250,0,2,1,0,0
2005,6,30,22,1,156,0,250,0,2,1,0,0
2005,6,30,23,1,156,0,250,0,2,1,0,0
2005,6,30,24,1,156,0,250,0,2,1,0,0
2005,6,30,16,1,157,0,25,0,2,1,0,0
2005,6,30,17,1,157,0,25,0,2,1,0,0
2005,6,30,24,1,157,0,25,0,2,1,0,0
2005,6,30,8,9,158,0,.4,0,2,1,0,0
2005,6,30,9,9,158,0,2.9,0,2,1,0,0
2005,6,30,10,9,158,0,2.9,0,2,1,0,0
2005,6,30,11,9,158,0,2.9,0,2,1,0,0
2005,6,30,12,9,158,0,2.8,0,2,1,0,0
2005,6,30,13,9,158,0,2.8,0,2,1,0,0
2005,6,30,14,9,158,0,2.7,0,2,1,0,0
2005,6,30,15,9,158,0,2.6,0,2,1,0,0
2005,6,30,16,9,158,0,2.9,0,2,1,0,0
2005,6,30,17,9,158,0,2.6,0,2,1,0,0
2005,6,30,18,9,158,0,2.6,0,2,1,0,0
2005,6,30,19,9,158,0,2.7,0,2,1,0,0
2005,6,30,20,9,158,0,2.6,0,2,1,0,0
2005,6,30,21,9,158,0,2.5,0,2,1,0,0
2005,6,30,22,9,158,0,2.7,0,2,1,0,0
2005,6,30,23,9,158,0,2.7,0,2,1,0,0
2005,6,30,24,9,158,0,2.8,0,2,1,0,0
2005,6,30,1,9,159,0,4.7,0,2,1,0,0
2005,6,30,2,9,159,0,4.7,0,2,1,0,0
2005,6,30,3,9,159,0,4.7,0,2,1,0,0
2005,6,30,4,9,159,0,4.7,0,2,1,0,0
2005,6,30,5,9,159,0,4.7,0,2,1,0,0
2005,6,30,6,9,159,0,4.7,0,2,1,0,0
2005,6,30,7,9,159,0,4.7,0,2,1,0,0
2005,6,30,8,9,159,0,4.7,0,2,1,0,0
2005,6,30,9,9,159,0,4.5,0,2,1,0,0
2005,6,30,10,9,159,0,4.5,0,2,1,0,0
2005,6,30,11,9,159,0,4.5,0,2,1,0,0
2005,6,30,12,9,159,0,4.5,0,2,1,0,0
2005,6,30,13,9,159,0,4.5,0,2,1,0,0
2005,6,30,14,9,159,0,4.5,0,2,1,0,0
2005,6,30,15,9,159,0,4.5,0,2,1,0,0
2005,6,30,16,9,159,0,4.5,0,2,1,0,0
2005,6,30,17,9,159,0,4.5,0,2,1,0,0
2005,6,30,18,9,159,0,4.5,0,2,1,0,0
2005,6,30,19,9,159,0,4.5,0,2,1,0,0
2005,6,30,20,9,159,0,4.5,0,2,1,0,0
2005,6,30,21,9,159,0,4.5,0,2,1,0,0
2005,6,30,22,9,159,0,4.7,0,2,1,0,0
2005,6,30,23,9,159,0,4.7,0,2,1,0,0
2005,6,30,24,9,159,0,4.7,0,2,1,0,0
2005,6,30,1,9,160,50.99,33,0,1,1,0,50.99
2005,6,30,1,9,160,51,33,0,1,1,0,51
2005,6,30,2,9,160,50.99,33,0,1,1,0,50.99
2005,6,30,2,9,160,51,33,0,1,1,0,51
2005,6,30,3,9,160,50.99,33,0,1,1,0,50.99
2005,6,30,3,9,160,51,33,0,1,1,0,51
2005,6,30,4,9,160,50.99,33,0,1,1,0,50.99
2005,6,30,4,9,160,51,33,0,1,1,0,51
2005,6,30,5,9,160,50.99,33,0,1,1,0,50.99
2005,6,30,5,9,160,51,33,0,1,1,0,51
2005,6,30,6,9,160,50.99,33,0,1,1,0,50.99
2005,6,30,6,9,160,51,33,0,1,1,0,51
2005,6,30,7,9,160,50.99,33,0,1,1,0,50.99
2005,6,30,7,9,160,51,33,0,1,1,0,51
2005,6,30,8,9,160,.99,33,0,1,0,0,.99
2005,6,30,8,9,160,1,33,0,1,0,0,1
2005,6,30,9,9,160,.99,33,0,1,0,0,.99
2005,6,30,9,9,160,1,33,0,1,0,0,1
2005,6,30,10,9,160,.99,33,0,1,0,0,.99
2005,6,30,10,9,160,1,33,0,1,0,0,1
2005,6,30,11,9,160,.99,33,0,1,0,0,.99
2005,6,30,11,9,160,1,33,0,1,0,0,1
2005,6,30,12,9,160,.99,33,0,1,0,0,.99
2005,6,30,12,9,160,1,33,0,1,0,0,1
2005,6,30,13,9,160,.99,33,0,1,0,0,.99
2005,6,30,13,9,160,1,33,0,1,0,0,1
2005,6,30,14,9,160,.99,33,0,1,0,0,.99
2005,6,30,14,9,160,1,33,0,1,0,0,1
2005,6,30,15,9,160,.99,33,0,1,0,0,.99
2005,6,30,15,9,160,1,33,0,1,0,0,1
2005,6,30,16,9,160,.99,33,0,1,0,0,.99
2005,6,30,16,9,160,1,33,0,1,0,0,1
2005,6,30,17,9,160,.99,33,0,1,0,0,.99
2005,6,30,17,9,160,1,33,0,1,0,0,1
2005,6,30,18,9,160,.99,33,0,1,0,0,.99
2005,6,30,18,9,160,1,33,0,1,0,0,1
2005,6,30,19,9,160,.99,33,0,1,0,0,.99
2005,6,30,19,9,160,1,33,0,1,0,0,1
2005,6,30,20,9,160,.99,33,0,1,0,0,.99
2005,6,30,20,9,160,1,33,0,1,0,0,1
2005,6,30,21,9,160,.99,33,0,1,0,0,.99
2005,6,30,21,9,160,1,33,0,1,0,0,1
2005,6,30,22,9,160,.99,33,0,1,0,0,.99
2005,6,30,22,9,160,1,33,0,1,0,0,1
2005,6,30,23,9,160,.99,33,0,1,0,0,.99
2005,6,30,23,9,160,1,33,0,1,0,0,1
2005,6,30,24,9,160,.99,33,0,1,0,0,.99
2005,6,30,24,9,160,1,33,0,1,0,0,1
2005,6,30,10,9,161,81.38,7,0,2,1,0,81.38
2005,6,30,10,9,161,81.56,7,0,2,1,0,81.56
2005,6,30,10,9,161,81.74,7,0,2,1,0,81.74
2005,6,30,10,9,161,81.91,7,0,2,1,0,81.91
2005,6,30,11,9,161,81.38,7,0,2,1,0,81.38
2005,6,30,11,9,161,81.56,7,0,2,1,0,81.56
2005,6,30,11,9,161,81.74,7,0,2,1,0,81.74
2005,6,30,11,9,161,81.91,7,0,2,1,0,81.91
2005,6,30,12,9,161,82.29,14,0,2,1,0,82.29
2005,6,30,12,9,161,82.52,14,0,2,1,0,82.52
2005,6,30,12,9,161,82.75,14,0,2,1,0,82.75
2005,6,30,12,9,161,82.98,14,0,2,1,0,82.98
2005,6,30,13,9,161,82.29,14,0,2,1,0,82.29
2005,6,30,13,9,161,82.52,14,0,2,1,0,82.52
2005,6,30,13,9,161,82.75,14,0,2,1,0,82.75
2005,6,30,13,9,161,82.98,14,0,2,1,0,82.98
2005,6,30,14,9,161,82.29,14,0,2,1,0,82.29
2005,6,30,14,9,161,82.52,14,0,2,1,0,82.52
2005,6,30,14,9,161,82.75,14,0,2,1,0,82.75
2005,6,30,14,9,161,82.98,14,0,2,1,0,82.98
2005,6,30,15,9,161,82.29,14,0,2,1,0,82.29
2005,6,30,15,9,161,82.52,14,0,2,1,0,82.52
2005,6,30,15,9,161,82.75,14,0,2,1,0,82.75
2005,6,30,15,9,161,82.98,14,0,2,1,0,82.98
2005,6,30,16,9,161,82.51,7,0,2,1,0,82.51
2005,6,30,16,9,161,82.64,7,0,2,1,0,82.64
2005,6,30,16,9,161,82.76,7,0,2,1,0,82.76
2005,6,30,16,9,161,82.89,7,0,2,1,0,82.89
2005,6,30,1,5,162,0,141,0,2,1,0,0
2005,6,30,1,5,162,150,11,0,2,0,0,150
2005,6,30,2,5,162,0,141,0,2,1,0,0
2005,6,30,2,5,162,150,11,0,2,0,0,150
2005,6,30,3,5,162,0,141,0,2,1,0,0
2005,6,30,3,5,162,150,11,0,2,0,0,150
2005,6,30,4,5,162,0,141,0,2,1,0,0
2005,6,30,4,5,162,150,11,0,2,0,0,150
2005,6,30,5,5,162,0,141,0,2,1,0,0
2005,6,30,5,5,162,150,11,0,2,0,0,150
2005,6,30,6,5,162,0,141,0,2,1,0,0
2005,6,30,6,5,162,150,11,0,2,0,0,150
2005,6,30,7,5,162,0,141,0,2,1,0,0
2005,6,30,7,5,162,150,11,0,2,0,0,150
2005,6,30,8,5,162,0,141,0,2,1,0,0
2005,6,30,8,5,162,150,11,0,2,0,0,150
2005,6,30,9,5,162,0,141,0,2,1,0,0
2005,6,30,9,5,162,150,11,0,2,0,0,150
2005,6,30,10,5,162,0,141,0,2,1,0,0
2005,6,30,10,5,162,150,11,0,2,0,0,150
2005,6,30,11,5,162,0,141,0,2,1,0,0
2005,6,30,11,5,162,150,11,0,2,0,0,150
2005,6,30,12,5,162,0,141,0,2,1,0,0
2005,6,30,12,5,162,150,11,0,2,0,0,150
2005,6,30,13,5,162,0,141,0,2,1,0,0
2005,6,30,13,5,162,150,11,0,2,0,0,150
2005,6,30,14,5,162,0,141,0,2,1,0,0
2005,6,30,14,5,162,150,11,0,2,0,0,150
2005,6,30,15,5,162,0,141,0,2,1,0,0
2005,6,30,15,5,162,150,11,0,2,0,0,150
2005,6,30,16,5,162,0,141,0,2,1,0,0
2005,6,30,16,5,162,150,11,0,2,0,0,150
2005,6,30,17,5,162,0,141,0,2,1,0,0
2005,6,30,17,5,162,150,11,0,2,0,0,150
2005,6,30,18,5,162,0,141,0,2,1,0,0
2005,6,30,18,5,162,150,11,0,2,0,0,150
2005,6,30,19,5,162,0,141,0,2,1,0,0
2005,6,30,19,5,162,150,11,0,2,0,0,150
2005,6,30,20,5,162,0,141,0,2,1,0,0
2005,6,30,20,5,162,150,11,0,2,0,0,150
2005,6,30,21,5,162,0,141,0,2,1,0,0
2005,6,30,21,5,162,150,11,0,2,0,0,150
2005,6,30,22,5,162,0,141,0,2,1,0,0
2005,6,30,22,5,162,150,11,0,2,0,0,150
2005,6,30,23,5,162,0,141,0,2,1,0,0
2005,6,30,23,5,162,150,11,0,2,0,0,150
2005,6,30,24,5,162,0,141,0,2,1,0,0
2005,6,30,24,5,162,150,11,0,2,0,0,150
2005,6,30,1,9,163,120.2,.1,0,1,1,0,120.2
2005,6,30,2,9,163,120.2,.1,0,1,1,0,120.2
2005,6,30,3,9,163,120.2,.1,0,1,1,0,120.2
2005,6,30,4,9,163,120.2,.1,0,1,1,0,120.2
2005,6,30,5,9,163,120.2,.1,0,1,1,0,120.2
2005,6,30,6,9,163,120.2,.1,0,1,1,0,120.2
2005,6,30,7,9,163,120.2,.1,0,1,1,0,120.2
2005,6,30,8,9,163,120.2,.1,0,1,1,0,120.2
2005,6,30,9,9,163,120.2,.1,0,1,1,0,120.2
2005,6,30,10,9,163,120.2,.1,0,1,1,0,120.2
2005,6,30,11,9,163,120.2,.1,0,1,1,0,120.2
2005,6,30,12,9,163,120.2,.1,0,1,1,0,120.2
2005,6,30,13,9,163,120.2,.1,0,1,1,0,120.2
2005,6,30,14,9,163,120.2,.1,0,1,1,0,120.2
2005,6,30,15,9,163,120.2,.1,0,1,1,0,120.2
2005,6,30,16,9,163,120.2,.1,0,1,1,0,120.2
2005,6,30,17,9,163,120.2,.1,0,1,1,0,120.2
2005,6,30,18,9,163,120.2,.1,0,1,1,0,120.2
2005,6,30,19,9,163,120.2,.1,0,1,1,0,120.2
2005,6,30,20,9,163,120.2,.1,0,1,1,0,120.2
2005,6,30,21,9,163,120.2,.1,0,1,1,0,120.2
2005,6,30,22,9,163,120.2,.1,0,1,1,0,120.2
2005,6,30,23,9,163,120.2,.1,0,1,1,0,120.2
2005,6,30,24,9,163,120.2,.1,0,1,1,0,120.2
2005,6,30,1,1,164,0,129.5,0,2,1,0,0
2005,6,30,1,1,164,126.05,50,0,2,0,0,126.05
2005,6,30,1,1,164,126.43,50,0,2,0,0,126.43
2005,6,30,1,1,164,126.74,30,0,2,0,0,126.74
2005,6,30,1,1,164,128.51,296.5,0,2,0,0,128.51
2005,6,30,2,1,164,0,72.1,0,2,1,0,0
2005,6,30,2,1,164,126.05,50,0,2,0,0,126.05
2005,6,30,2,1,164,126.43,50,0,2,0,0,126.43
2005,6,30,2,1,164,126.74,30,0,2,0,0,126.74
2005,6,30,2,1,164,128.51,353.9,0,2,0,0,128.51
2005,6,30,3,1,164,0,56.8,0,2,1,0,0
2005,6,30,3,1,164,126.05,50,0,2,0,0,126.05
2005,6,30,3,1,164,126.43,50,0,2,0,0,126.43
2005,6,30,3,1,164,126.74,30,0,2,0,0,126.74
2005,6,30,3,1,164,128.51,369.2,0,2,0,0,128.51
2005,6,30,4,1,164,0,40.7,0,2,1,0,0
2005,6,30,4,1,164,126.05,50,0,2,0,0,126.05
2005,6,30,4,1,164,126.43,50,0,2,0,0,126.43
2005,6,30,4,1,164,126.74,30,0,2,0,0,126.74
2005,6,30,4,1,164,128.51,385.3,0,2,0,0,128.51
2005,6,30,5,1,164,0,40.5,0,2,1,0,0
2005,6,30,5,1,164,126.05,50,0,2,0,0,126.05
2005,6,30,5,1,164,126.43,50,0,2,0,0,126.43
2005,6,30,5,1,164,126.74,30,0,2,0,0,126.74
2005,6,30,5,1,164,128.51,385.5,0,2,0,0,128.51
2005,6,30,6,1,164,0,40.6,0,2,1,0,0
2005,6,30,6,1,164,126.05,50,0,2,0,0,126.05
2005,6,30,6,1,164,126.43,50,0,2,0,0,126.43
2005,6,30,6,1,164,126.74,30,0,2,0,0,126.74
2005,6,30,6,1,164,128.51,385.4,0,2,0,0,128.51
2005,6,30,7,1,164,0,42.1,0,2,1,0,0
2005,6,30,7,1,164,126.05,50,0,2,0,0,126.05
2005,6,30,7,1,164,126.43,50,0,2,0,0,126.43
2005,6,30,7,1,164,126.74,30,0,2,0,0,126.74
2005,6,30,7,1,164,128.51,383.9,0,2,0,0,128.51
2005,6,30,8,1,164,0,105.2,0,2,1,0,0
2005,6,30,8,1,164,126.05,50,0,2,0,0,126.05
2005,6,30,8,1,164,126.43,50,0,2,0,0,126.43
2005,6,30,8,1,164,126.74,30,0,2,0,0,126.74
2005,6,30,8,1,164,128.51,320.8,0,2,0,0,128.51
2005,6,30,9,1,164,0,142.2,0,2,1,0,0
2005,6,30,9,1,164,126.05,50,0,2,0,0,126.05
2005,6,30,9,1,164,126.43,50,0,2,0,0,126.43
2005,6,30,9,1,164,126.74,30,0,2,0,0,126.74
2005,6,30,9,1,164,128.51,283.8,0,2,0,0,128.51
2005,6,30,10,1,164,0,133.6,0,2,1,0,0
2005,6,30,10,1,164,126.05,50,0,2,0,0,126.05
2005,6,30,10,1,164,126.43,50,0,2,0,0,126.43
2005,6,30,10,1,164,126.74,30,0,2,0,0,126.74
2005,6,30,10,1,164,128.51,292.4,0,2,0,0,128.51
2005,6,30,11,1,164,0,196.2,0,2,1,0,0
2005,6,30,11,1,164,126.05,50,0,2,0,0,126.05
2005,6,30,11,1,164,126.43,50,0,2,0,0,126.43
2005,6,30,11,1,164,126.74,30,0,2,0,0,126.74
2005,6,30,11,1,164,128.51,229.8,0,2,0,0,128.51
2005,6,30,12,1,164,0,208.6,0,2,1,0,0
2005,6,30,12,1,164,126.05,50,0,2,0,0,126.05
2005,6,30,12,1,164,126.43,50,0,2,0,0,126.43
2005,6,30,12,1,164,126.74,30,0,2,0,0,126.74
2005,6,30,12,1,164,128.51,217.4,0,2,0,0,128.51
2005,6,30,13,1,164,0,212.9,0,2,1,0,0
2005,6,30,13,1,164,126.05,50,0,2,0,0,126.05
2005,6,30,13,1,164,126.43,50,0,2,0,0,126.43
2005,6,30,13,1,164,126.74,30,0,2,0,0,126.74
2005,6,30,13,1,164,128.51,213.1,0,2,0,0,128.51
2005,6,30,14,1,164,0,208.4,0,2,1,0,0
2005,6,30,14,1,164,126.05,50,0,2,0,0,126.05
2005,6,30,14,1,164,126.43,50,0,2,0,0,126.43
2005,6,30,14,1,164,126.74,30,0,2,0,0,126.74
2005,6,30,14,1,164,128.51,217.6,0,2,0,0,128.51
2005,6,30,15,1,164,0,197,0,2,1,0,0
2005,6,30,15,1,164,126.05,50,0,2,0,0,126.05
2005,6,30,15,1,164,126.43,50,0,2,0,0,126.43
2005,6,30,15,1,164,126.74,30,0,2,0,0,126.74
2005,6,30,15,1,164,128.51,229,0,2,0,0,128.51
2005,6,30,16,1,164,0,197,0,2,1,0,0
2005,6,30,16,1,164,126.05,50,0,2,0,0,126.05
2005,6,30,16,1,164,126.43,50,0,2,0,0,126.43
2005,6,30,16,1,164,126.74,30,0,2,0,0,126.74
2005,6,30,16,1,164,128.51,229,0,2,0,0,128.51
2005,6,30,17,1,164,0,197.1,0,2,1,0,0
2005,6,30,17,1,164,126.05,50,0,2,0,0,126.05
2005,6,30,17,1,164,126.43,50,0,2,0,0,126.43
2005,6,30,17,1,164,126.74,30,0,2,0,0,126.74
2005,6,30,17,1,164,128.51,228.9,0,2,0,0,128.51
2005,6,30,18,1,164,0,198.1,0,2,1,0,0
2005,6,30,18,1,164,126.05,50,0,2,0,0,126.05
2005,6,30,18,1,164,126.43,50,0,2,0,0,126.43
2005,6,30,18,1,164,126.74,30,0,2,0,0,126.74
2005,6,30,18,1,164,128.51,227.9,0,2,0,0,128.51
2005,6,30,19,1,164,0,197.1,0,2,1,0,0
2005,6,30,19,1,164,126.05,50,0,2,0,0,126.05
2005,6,30,19,1,164,126.43,50,0,2,0,0,126.43
2005,6,30,19,1,164,126.74,30,0,2,0,0,126.74
2005,6,30,19,1,164,128.51,228.9,0,2,0,0,128.51
2005,6,30,20,1,164,0,195.4,0,2,1,0,0
2005,6,30,20,1,164,126.05,50,0,2,0,0,126.05
2005,6,30,20,1,164,126.43,50,0,2,0,0,126.43
2005,6,30,20,1,164,126.74,30,0,2,0,0,126.74
2005,6,30,20,1,164,128.51,230.6,0,2,0,0,128.51
2005,6,30,21,1,164,0,145.3,0,2,1,0,0
2005,6,30,21,1,164,126.05,50,0,2,0,0,126.05
2005,6,30,21,1,164,126.43,50,0,2,0,0,126.43
2005,6,30,21,1,164,126.74,30,0,2,0,0,126.74
2005,6,30,21,1,164,128.51,280.7,0,2,0,0,128.51
2005,6,30,22,1,164,0,144.9,0,2,1,0,0
2005,6,30,22,1,164,126.05,50,0,2,0,0,126.05
2005,6,30,22,1,164,126.43,50,0,2,0,0,126.43
2005,6,30,22,1,164,126.74,30,0,2,0,0,126.74
2005,6,30,22,1,164,128.51,281.1,0,2,0,0,128.51
2005,6,30,23,1,164,0,144.9,0,2,1,0,0
2005,6,30,23,1,164,126.05,50,0,2,0,0,126.05
2005,6,30,23,1,164,126.43,50,0,2,0,0,126.43
2005,6,30,23,1,164,126.74,30,0,2,0,0,126.74
2005,6,30,23,1,164,128.51,281.1,0,2,0,0,128.51
2005,6,30,24,1,164,0,142.2,0,2,1,0,0
2005,6,30,24,1,164,126.05,50,0,2,0,0,126.05
2005,6,30,24,1,164,126.43,50,0,2,0,0,126.43
2005,6,30,24,1,164,126.74,30,0,2,0,0,126.74
2005,6,30,24,1,164,128.51,283.8,0,2,0,0,128.51
2005,6,30,1,1,1067,0,68,.956229,2,1,0,0
2005,6,30,1,1,1067,43.27,27,.956229,2,1,0,46.588424
2005,6,30,1,1,1067,43.71,20,.956229,2,1,0,46.588424
2005,6,30,1,1,1067,44.15,15,.956229,2,1,0,46.588424
2005,6,30,1,1,1067,88,17.6,.956229,2,0,0,46.588424
2005,6,30,2,1,1067,0,68,.956229,2,1,0,0
2005,6,30,2,1,1067,43.27,27,.956229,2,1,0,46.588424
2005,6,30,2,1,1067,43.71,20,.956229,2,1,0,46.588424
2005,6,30,2,1,1067,44.15,15,.956229,2,0,0,46.588424
2005,6,30,2,1,1067,88,17.6,.956229,2,0,0,46.588424
2005,6,30,3,1,1067,0,68,.956229,2,1,0,0
2005,6,30,3,1,1067,43.27,27,.956229,2,0,0,46.588424
2005,6,30,3,1,1067,43.71,20,.956229,2,0,0,46.588424
2005,6,30,3,1,1067,44.15,15,.956229,2,0,0,46.588424
2005,6,30,3,1,1067,88,17.6,.956229,2,0,0,46.588424
2005,6,30,4,1,1067,0,68,.956229,2,1,0,0
2005,6,30,4,1,1067,43.27,27,.956229,2,0,0,46.588424
2005,6,30,4,1,1067,43.71,20,.956229,2,0,0,46.588424
2005,6,30,4,1,1067,44.15,15,.956229,2,0,0,46.588424
2005,6,30,4,1,1067,88,17.6,.956229,2,0,0,46.588424
2005,6,30,5,1,1067,0,68,.956229,2,1,0,0
2005,6,30,5,1,1067,43.27,27,.956229,2,0,0,46.588424
2005,6,30,5,1,1067,43.71,20,.956229,2,0,0,46.588424
2005,6,30,5,1,1067,44.15,15,.956229,2,0,0,46.588424
2005,6,30,5,1,1067,88,17.6,.956229,2,0,0,46.588424
2005,6,30,6,1,1067,0,68,.956229,2,1,0,0
2005,6,30,6,1,1067,43.27,27,.956229,2,0,0,46.588424
2005,6,30,6,1,1067,43.71,20,.956229,2,0,0,46.588424
2005,6,30,6,1,1067,44.15,15,.956229,2,0,0,46.588424
2005,6,30,6,1,1067,88,17.6,.956229,2,0,0,46.588424
2005,6,30,7,1,1067,0,68,.956229,2,1,0,0
2005,6,30,7,1,1067,43.27,27,.956229,2,1,0,46.588424
2005,6,30,7,1,1067,43.71,20,.956229,2,1,0,46.588424
2005,6,30,7,1,1067,44.15,15,.956229,2,0,0,46.588424
2005,6,30,7,1,1067,88,17.6,.956229,2,0,0,46.588424
2005,6,30,8,1,1067,0,68,.956229,2,1,0,0
2005,6,30,8,1,1067,43.27,27,.956229,2,1,0,46.588424
2005,6,30,8,1,1067,43.71,20,.956229,2,1,0,46.588424
2005,6,30,8,1,1067,44.15,15,.956229,2,1,0,46.588424
2005,6,30,8,1,1067,88,17.6,.956229,2,0,0,46.588424
2005,6,30,9,1,1067,0,68,.956229,2,1,0,0
2005,6,30,9,1,1067,43.27,27,.956229,2,1,0,46.588424
2005,6,30,9,1,1067,43.71,20,.956229,2,1,0,46.588424
2005,6,30,9,1,1067,44.15,15,.956229,2,1,0,46.588424
2005,6,30,9,1,1067,88,17.6,.956229,2,0,0,46.588424
2005,6,30,10,1,1067,0,68,.956229,2,1,0,0
2005,6,30,10,1,1067,43.27,27,.956229,2,1,0,46.588424
2005,6,30,10,1,1067,43.71,20,.956229,2,1,0,46.588424
2005,6,30,10,1,1067,44.15,15,.956229,2,1,0,46.588424
2005,6,30,10,1,1067,88,17.6,.956229,2,1,0,46.588424
2005,6,30,11,1,1067,0,68,.956229,2,1,0,0
2005,6,30,11,1,1067,43.27,27,.956229,2,1,0,46.588424
2005,6,30,11,1,1067,43.71,20,.956229,2,1,0,46.588424
2005,6,30,11,1,1067,44.15,15,.956229,2,1,0,46.588424
2005,6,30,11,1,1067,88,17.6,.956229,2,1,0,46.588424
2005,6,30,12,1,1067,0,68,.956229,2,1,0,0
2005,6,30,12,1,1067,43.27,27,.956229,2,1,0,46.588424
2005,6,30,12,1,1067,43.71,20,.956229,2,1,0,46.588424
2005,6,30,12,1,1067,44.15,15,.956229,2,1,0,46.588424
2005,6,30,12,1,1067,88,17.6,.956229,2,1,0,46.588424
2005,6,30,13,1,1067,0,68,.956229,2,1,0,0
2005,6,30,13,1,1067,43.27,27,.956229,2,1,0,46.588424
2005,6,30,13,1,1067,43.71,20,.956229,2,1,0,46.588424
2005,6,30,13,1,1067,44.15,15,.956229,2,1,0,46.588424
2005,6,30,13,1,1067,88,17.6,.956229,2,1,0,46.588424
2005,6,30,14,1,1067,0,68,.956229,2,1,0,0
2005,6,30,14,1,1067,43.27,27,.956229,2,1,0,46.588424
2005,6,30,14,1,1067,43.71,20,.956229,2,1,0,46.588424
2005,6,30,14,1,1067,44.15,15,.956229,2,1,0,46.588424
2005,6,30,14,1,1067,88,17.6,.956229,2,1,0,46.588424
2005,6,30,15,1,1067,0,68,.956229,2,1,0,0
2005,6,30,15,1,1067,43.27,27,.956229,2,1,0,46.588424
2005,6,30,15,1,1067,43.71,20,.956229,2,1,0,46.588424
2005,6,30,15,1,1067,44.15,15,.956229,2,1,0,46.588424
2005,6,30,15,1,1067,88,17.6,.956229,2,1,0,46.588424
2005,6,30,16,1,1067,0,68,.956229,2,1,0,0
2005,6,30,16,1,1067,43.27,27,.956229,2,1,0,46.588424
2005,6,30,16,1,1067,43.71,20,.956229,2,1,0,46.588424
2005,6,30,16,1,1067,44.15,15,.956229,2,1,0,46.588424
2005,6,30,16,1,1067,88,17.6,.956229,2,1,0,46.588424
2005,6,30,17,1,1067,0,68,.956229,2,1,0,0
2005,6,30,17,1,1067,43.27,27,.956229,2,1,0,46.588424
2005,6,30,17,1,1067,43.71,20,.956229,2,1,0,46.588424
2005,6,30,17,1,1067,44.15,15,.956229,2,1,0,46.588424
2005,6,30,17,1,1067,88,17.6,.956229,2,1,0,46.588424
2005,6,30,18,1,1067,0,68,.956229,2,1,0,0
2005,6,30,18,1,1067,43.27,27,.956229,2,1,0,46.588424
2005,6,30,18,1,1067,43.71,20,.956229,2,1,0,46.588424
2005,6,30,18,1,1067,44.15,15,.956229,2,1,0,46.588424
2005,6,30,18,1,1067,88,17.6,.956229,2,1,0,46.588424
2005,6,30,19,1,1067,0,68,.956229,2,1,0,0
2005,6,30,19,1,1067,43.27,27,.956229,2,1,0,46.588424
2005,6,30,19,1,1067,43.71,20,.956229,2,1,0,46.588424
2005,6,30,19,1,1067,44.15,15,.956229,2,1,0,46.588424
2005,6,30,19,1,1067,88,17.6,.956229,2,1,0,46.588424
2005,6,30,20,1,1067,0,68,.956229,2,1,0,0
2005,6,30,20,1,1067,43.27,27,.956229,2,1,0,46.588424
2005,6,30,20,1,1067,43.71,20,.956229,2,1,0,46.588424
2005,6,30,20,1,1067,44.15,15,.956229,2,1,0,46.588424
2005,6,30,20,1,1067,88,17.6,.956229,2,0,0,46.588424
2005,6,30,21,1,1067,0,68,.956229,2,1,0,0
2005,6,30,21,1,1067,43.27,27,.956229,2,1,0,46.588424
2005,6,30,21,1,1067,43.71,20,.956229,2,1,0,46.588424
2005,6,30,21,1,1067,44.15,15,.956229,2,1,0,46.588424
2005,6,30,21,1,1067,88,17.6,.956229,2,0,0,46.588424
2005,6,30,22,1,1067,0,68,.956229,2,1,0,0
2005,6,30,22,1,1067,43.27,27,.956229,2,1,0,46.588424
2005,6,30,22,1,1067,43.71,20,.956229,2,1,0,46.588424
2005,6,30,22,1,1067,44.15,15,.956229,2,1,0,46.588424
2005,6,30,22,1,1067,88,17.6,.956229,2,0,0,46.588424
2005,6,30,23,1,1067,0,68,.956229,2,1,0,0
2005,6,30,23,1,1067,43.27,27,.956229,2,1,0,46.588424
2005,6,30,23,1,1067,43.71,20,.956229,2,1,0,46.588424
2005,6,30,23,1,1067,44.15,15,.956229,2,1,0,46.588424
2005,6,30,23,1,1067,88,17.6,.956229,2,0,0,46.588424
2005,6,30,24,1,1067,0,68,.956229,2,1,0,0
2005,6,30,24,1,1067,43.27,27,.956229,2,1,0,46.588424
2005,6,30,24,1,1067,43.71,20,.956229,2,1,0,46.588424
2005,6,30,24,1,1067,44.15,15,.956229,2,1,0,46.588424
2005,6,30,24,1,1067,88,17.6,.956229,2,0,0,46.588424
2005,6,30,1,1,1068,0,167,.956229,2,1,0,0
2005,6,30,1,1,1068,39.59,43,.956229,2,1,0,44.961944
2005,6,30,1,1,1068,40.03,50,.956229,2,1,0,44.961944
2005,6,30,1,1,1068,40.78,65,.956229,2,1,0,44.961944
2005,6,30,1,1,1068,80.64,22.7,.956229,2,0,0,44.961944
2005,6,30,2,1,1068,0,167,.956229,2,1,0,0
2005,6,30,2,1,1068,39.59,43,.956229,2,1,0,44.961944
2005,6,30,2,1,1068,40.03,50,.956229,2,1,0,44.961944
2005,6,30,2,1,1068,40.78,65,.956229,2,1,0,44.961944
2005,6,30,2,1,1068,80.64,22.7,.956229,2,0,0,44.961944
2005,6,30,3,1,1068,0,167,.956229,2,1,0,0
2005,6,30,3,1,1068,39.59,43,.956229,2,0,0,44.961944
2005,6,30,3,1,1068,40.03,50,.956229,2,0,0,44.961944
2005,6,30,3,1,1068,40.78,65,.956229,2,0,0,44.961944
2005,6,30,3,1,1068,80.64,22.7,.956229,2,0,0,44.961944
2005,6,30,4,1,1068,0,167,.956229,2,1,0,0
2005,6,30,4,1,1068,39.59,43,.956229,2,0,0,44.961944
2005,6,30,4,1,1068,40.03,50,.956229,2,0,0,44.961944
2005,6,30,4,1,1068,40.78,65,.956229,2,0,0,44.961944
2005,6,30,4,1,1068,80.64,22.7,.956229,2,0,0,44.961944
2005,6,30,5,1,1068,0,167,.956229,2,1,0,0
2005,6,30,5,1,1068,39.59,43,.956229,2,0,0,44.961944
2005,6,30,5,1,1068,40.03,50,.956229,2,0,0,44.961944
2005,6,30,5,1,1068,40.78,65,.956229,2,0,0,44.961944
2005,6,30,5,1,1068,80.64,22.7,.956229,2,0,0,44.961944
2005,6,30,6,1,1068,0,167,.956229,2,1,0,0
2005,6,30,6,1,1068,39.59,43,.956229,2,0,0,44.961944
2005,6,30,6,1,1068,40.03,50,.956229,2,0,0,44.961944
2005,6,30,6,1,1068,40.78,65,.956229,2,0,0,44.961944
2005,6,30,6,1,1068,80.64,22.7,.956229,2,0,0,44.961944
2005,6,30,7,1,1068,0,167,.956229,2,1,0,0
2005,6,30,7,1,1068,39.59,43,.956229,2,1,0,44.961944
2005,6,30,7,1,1068,40.03,50,.956229,2,1,0,44.961944
2005,6,30,7,1,1068,40.78,65,.956229,2,1,0,44.961944
2005,6,30,7,1,1068,80.64,22.7,.956229,2,0,0,44.961944
2005,6,30,8,1,1068,0,167,.956229,2,1,0,0
2005,6,30,8,1,1068,39.59,43,.956229,2,1,0,44.961944
2005,6,30,8,1,1068,40.03,50,.956229,2,1,0,44.961944
2005,6,30,8,1,1068,40.78,65,.956229,2,1,0,44.961944
2005,6,30,8,1,1068,80.64,22.7,.956229,2,0,0,44.961944
2005,6,30,9,1,1068,0,167,.956229,2,1,0,0
2005,6,30,9,1,1068,39.59,43,.956229,2,1,0,44.961944
2005,6,30,9,1,1068,40.03,50,.956229,2,1,0,44.961944
2005,6,30,9,1,1068,40.78,65,.956229,2,1,0,44.961944
2005,6,30,9,1,1068,80.64,22.7,.956229,2,0,0,44.961944
2005,6,30,10,1,1068,0,167,.956229,2,1,0,0
2005,6,30,10,1,1068,39.59,43,.956229,2,1,0,44.961944
2005,6,30,10,1,1068,40.03,50,.956229,2,1,0,44.961944
2005,6,30,10,1,1068,40.78,65,.956229,2,1,0,44.961944
2005,6,30,10,1,1068,80.64,22.7,.956229,2,1,0,44.961944
2005,6,30,11,1,1068,0,167,.956229,2,1,0,0
2005,6,30,11,1,1068,39.59,43,.956229,2,1,0,44.961944
2005,6,30,11,1,1068,40.03,50,.956229,2,1,0,44.961944
2005,6,30,11,1,1068,40.78,65,.956229,2,1,0,44.961944
2005,6,30,11,1,1068,80.64,22.7,.956229,2,1,0,44.961944
2005,6,30,12,1,1068,0,167,.956229,2,1,0,0
2005,6,30,12,1,1068,39.59,43,.956229,2,1,0,44.961944
2005,6,30,12,1,1068,40.03,50,.956229,2,1,0,44.961944
2005,6,30,12,1,1068,40.78,65,.956229,2,1,0,44.961944
2005,6,30,12,1,1068,80.64,22.7,.956229,2,1,0,44.961944
2005,6,30,13,1,1068,0,167,.956229,2,1,0,0
2005,6,30,13,1,1068,39.59,43,.956229,2,1,0,44.961944
2005,6,30,13,1,1068,40.03,50,.956229,2,1,0,44.961944
2005,6,30,13,1,1068,40.78,65,.956229,2,1,0,44.961944
2005,6,30,13,1,1068,80.64,22.7,.956229,2,1,0,44.961944
2005,6,30,14,1,1068,0,167,.956229,2,1,0,0
2005,6,30,14,1,1068,39.59,43,.956229,2,1,0,44.961944
2005,6,30,14,1,1068,40.03,50,.956229,2,1,0,44.961944
2005,6,30,14,1,1068,40.78,65,.956229,2,1,0,44.961944
2005,6,30,14,1,1068,80.64,22.7,.956229,2,1,0,44.961944
2005,6,30,15,1,1068,0,167,.956229,2,1,0,0
2005,6,30,15,1,1068,39.59,43,.956229,2,1,0,44.961944
2005,6,30,15,1,1068,40.03,50,.956229,2,1,0,44.961944
2005,6,30,15,1,1068,40.78,65,.956229,2,1,0,44.961944
2005,6,30,15,1,1068,80.64,22.7,.956229,2,1,0,44.961944
2005,6,30,16,1,1068,0,167,.956229,2,1,0,0
2005,6,30,16,1,1068,39.59,43,.956229,2,1,0,44.961944
2005,6,30,16,1,1068,40.03,50,.956229,2,1,0,44.961944
2005,6,30,16,1,1068,40.78,65,.956229,2,1,0,44.961944
2005,6,30,16,1,1068,80.64,22.7,.956229,2,1,0,44.961944
2005,6,30,17,1,1068,0,167,.956229,2,1,0,0
2005,6,30,17,1,1068,39.59,43,.956229,2,1,0,44.961944
2005,6,30,17,1,1068,40.03,50,.956229,2,1,0,44.961944
2005,6,30,17,1,1068,40.78,65,.956229,2,1,0,44.961944
2005,6,30,17,1,1068,80.64,22.7,.956229,2,1,0,44.961944
2005,6,30,18,1,1068,0,167,.956229,2,1,0,0
2005,6,30,18,1,1068,39.59,43,.956229,2,1,0,44.961944
2005,6,30,18,1,1068,40.03,50,.956229,2,1,0,44.961944
2005,6,30,18,1,1068,40.78,65,.956229,2,1,0,44.961944
2005,6,30,18,1,1068,80.64,22.7,.956229,2,1,0,44.961944
2005,6,30,19,1,1068,0,167,.956229,2,1,0,0
2005,6,30,19,1,1068,39.59,43,.956229,2,1,0,44.961944
2005,6,30,19,1,1068,40.03,50,.956229,2,1,0,44.961944
2005,6,30,19,1,1068,40.78,65,.956229,2,1,0,44.961944
2005,6,30,19,1,1068,80.64,22.7,.956229,2,1,0,44.961944
2005,6,30,20,1,1068,0,167,.956229,2,1,0,0
2005,6,30,20,1,1068,39.59,43,.956229,2,1,0,44.961944
2005,6,30,20,1,1068,40.03,50,.956229,2,1,0,44.961944
2005,6,30,20,1,1068,40.78,65,.956229,2,1,0,44.961944
2005,6,30,20,1,1068,80.64,22.7,.956229,2,1,0,44.961944
2005,6,30,21,1,1068,0,167,.956229,2,1,0,0
2005,6,30,21,1,1068,39.59,43,.956229,2,1,0,44.961944
2005,6,30,21,1,1068,40.03,50,.956229,2,1,0,44.961944
2005,6,30,21,1,1068,40.78,65,.956229,2,1,0,44.961944
2005,6,30,21,1,1068,80.64,22.7,.956229,2,0,0,44.961944
2005,6,30,22,1,1068,0,167,.956229,2,1,0,0
2005,6,30,22,1,1068,39.59,43,.956229,2,1,0,44.961944
2005,6,30,22,1,1068,40.03,50,.956229,2,1,0,44.961944
2005,6,30,22,1,1068,40.78,65,.956229,2,1,0,44.961944
2005,6,30,22,1,1068,80.64,22.7,.956229,2,0,0,44.961944
2005,6,30,23,1,1068,0,167,.956229,2,1,0,0
2005,6,30,23,1,1068,39.59,43,.956229,2,1,0,44.961944
2005,6,30,23,1,1068,40.03,50,.956229,2,1,0,44.961944
2005,6,30,23,1,1068,40.78,65,.956229,2,1,0,44.961944
2005,6,30,23,1,1068,80.64,22.7,.956229,2,0,0,44.961944
2005,6,30,24,1,1068,0,167,.956229,2,1,0,0
2005,6,30,24,1,1068,39.59,43,.956229,2,1,0,44.961944
2005,6,30,24,1,1068,40.03,50,.956229,2,1,0,44.961944
2005,6,30,24,1,1068,40.78,65,.956229,2,1,0,44.961944
2005,6,30,24,1,1068,80.64,22.7,.956229,2,0,0,44.961944
2005,6,30,1,2,1069,0,205,.870866,2,1,0,0
2005,6,30,1,2,1069,14.63,335,.870866,2,1,0,42.09365
2005,6,30,1,2,1069,151.02,17.5,.870866,2,0,0,151.02
2005,6,30,2,2,1069,0,205,.870866,2,1,0,0
2005,6,30,2,2,1069,14.63,335,.870866,2,1,0,42.09365
2005,6,30,2,2,1069,151.02,17.5,.870866,2,0,0,151.02
2005,6,30,3,2,1069,0,205,.870866,2,1,0,0
2005,6,30,3,2,1069,14.63,239.5,.870866,2,1,0,42.09365
2005,6,30,3,2,1069,30.42,47.9,.870866,2,1,0,42.09365
2005,6,30,3,2,1069,30.99,47.6,.870866,2,1,0,42.09365
2005,6,30,3,2,1069,151.04,17.5,.870866,2,0,0,151.04
2005,6,30,4,2,1069,0,205,.870866,2,1,0,0
2005,6,30,4,2,1069,14.63,239.5,.870866,2,1,0,42.09365
2005,6,30,4,2,1069,30.16,47.9,.870866,2,1,0,42.09365
2005,6,30,4,2,1069,30.73,47.6,.870866,2,1,0,42.09365
2005,6,30,4,2,1069,151.04,17.5,.870866,2,0,0,151.04
2005,6,30,5,2,1069,0,205,.870866,2,1,0,0
2005,6,30,5,2,1069,14.63,143.7,.870866,2,1,0,42.09365
2005,6,30,5,2,1069,30.45,47.9,.870866,2,1,0,42.09365
2005,6,30,5,2,1069,31.04,47.9,.870866,2,1,0,42.09365
2005,6,30,5,2,1069,31.62,47.9,.870866,2,1,0,42.09365
2005,6,30,5,2,1069,32.21,47.6,.870866,2,1,0,42.09365
2005,6,30,5,2,1069,151.06,17.5,.870866,2,0,0,151.06
2005,6,30,6,2,1069,0,205,.870866,2,1,0,0
2005,6,30,6,2,1069,14.63,143.7,.870866,2,1,0,42.09365
2005,6,30,6,2,1069,30.07,47.9,.870866,2,1,0,42.09365
2005,6,30,6,2,1069,30.65,47.9,.870866,2,1,0,42.09365
2005,6,30,6,2,1069,31.24,47.9,.870866,2,1,0,42.09365
2005,6,30,6,2,1069,31.82,47.6,.870866,2,1,0,42.09365
2005,6,30,6,2,1069,151.06,17.5,.870866,2,0,0,151.06
2005,6,30,7,2,1069,0,205,.870866,2,1,0,0
2005,6,30,7,2,1069,14.63,335,.870866,2,1,0,42.09365
2005,6,30,7,2,1069,151.02,17.5,.870866,2,0,0,151.02
2005,6,30,8,2,1069,0,205,.870866,2,1,0,0
2005,6,30,8,2,1069,14.63,335,.870866,2,1,0,42.09365
2005,6,30,8,2,1069,151.02,17.5,.870866,2,0,0,151.02
2005,6,30,9,2,1069,0,205,.870866,2,1,0,0
2005,6,30,9,2,1069,14.63,335,.870866,2,1,0,42.09365
2005,6,30,9,2,1069,151.02,17.5,.870866,2,0,0,151.02
2005,6,30,10,2,1069,0,205,.870866,2,1,0,0
2005,6,30,10,2,1069,14.63,335,.870866,2,1,0,42.09365
2005,6,30,10,2,1069,151.02,17.5,.870866,2,0,0,151.02
2005,6,30,11,2,1069,0,205,.870866,2,1,0,0
2005,6,30,11,2,1069,14.63,335,.870866,2,1,0,42.09365
2005,6,30,11,2,1069,151.02,17.5,.870866,2,0,0,151.02
2005,6,30,12,2,1069,0,205,.870866,2,1,0,0
2005,6,30,12,2,1069,14.63,335,.870866,2,1,0,42.09365
2005,6,30,12,2,1069,151.02,17.5,.870866,2,0,0,151.02
2005,6,30,13,2,1069,0,205,.870866,2,1,0,0
2005,6,30,13,2,1069,14.63,335,.870866,2,1,0,42.09365
2005,6,30,13,2,1069,151.02,17.5,.870866,2,0,0,151.02
2005,6,30,14,2,1069,0,205,.870866,2,1,0,0
2005,6,30,14,2,1069,14.63,335,.870866,2,1,0,42.09365
2005,6,30,14,2,1069,151.02,17.5,.870866,2,0,0,151.02
2005,6,30,15,2,1069,0,205,.870866,2,1,0,0
2005,6,30,15,2,1069,14.63,335,.870866,2,1,0,42.09365
2005,6,30,15,2,1069,151.02,17.5,.870866,2,0,0,151.02
2005,6,30,16,2,1069,0,205,.870866,2,1,0,0
2005,6,30,16,2,1069,14.63,335,.870866,2,1,0,42.09365
2005,6,30,16,2,1069,151.02,17.5,.870866,2,0,0,151.02
2005,6,30,17,2,1069,0,205,.870866,2,1,0,0
2005,6,30,17,2,1069,14.63,335,.870866,2,1,0,42.09365
2005,6,30,17,2,1069,151.02,17.5,.870866,2,0,0,151.02
2005,6,30,18,2,1069,0,205,.870866,2,1,0,0
2005,6,30,18,2,1069,14.63,335,.870866,2,1,0,42.09365
2005,6,30,18,2,1069,151.02,17.5,.870866,2,0,0,151.02
2005,6,30,19,2,1069,0,205,.870866,2,1,0,0
2005,6,30,19,2,1069,14.63,335,.870866,2,1,0,42.09365
2005,6,30,19,2,1069,151.02,17.5,.870866,2,0,0,151.02
2005,6,30,20,2,1069,0,205,.870866,2,1,0,0
2005,6,30,20,2,1069,14.63,335,.870866,2,1,0,42.09365
2005,6,30,20,2,1069,151.02,17.5,.870866,2,0,0,151.02
2005,6,30,21,2,1069,0,205,.870866,2,1,0,0
2005,6,30,21,2,1069,14.63,335,.870866,2,1,0,42.09365
2005,6,30,21,2,1069,151.02,17.5,.870866,2,0,0,151.02
2005,6,30,22,2,1069,0,205,.870866,2,1,0,0
2005,6,30,22,2,1069,14.63,335,.870866,2,1,0,42.09365
2005,6,30,22,2,1069,151.02,17.5,.870866,2,0,0,151.02
2005,6,30,23,2,1069,0,205,.870866,2,1,0,0
2005,6,30,23,2,1069,14.63,335,.870866,2,1,0,42.09365
2005,6,30,23,2,1069,151.02,17.5,.870866,2,0,0,151.02
2005,6,30,24,2,1069,0,205,.870866,2,1,0,0
2005,6,30,24,2,1069,14.63,335,.870866,2,1,0,42.09365
2005,6,30,24,2,1069,151.02,17.5,.870866,2,0,0,151.02
2005,6,30,1,2,1070,0,205,.870866,2,1,0,0
2005,6,30,1,2,1070,14.59,340,.870866,2,1,0,42.088104
2005,6,30,1,2,1070,145.02,17.1,.870866,2,0,0,145.02
2005,6,30,2,2,1070,0,205,.870866,2,1,0,0
2005,6,30,2,2,1070,14.59,194.4,.870866,2,1,0,42.088104
2005,6,30,2,2,1070,30.37,48.6,.870866,2,1,0,42.088104
2005,6,30,2,2,1070,30.93,48.6,.870866,2,1,0,42.088104
2005,6,30,2,2,1070,31.48,48.4,.870866,2,1,0,42.088104
2005,6,30,2,2,1070,145.05,17.1,.870866,2,0,0,145.05
2005,6,30,3,2,1070,0,205,.870866,2,1,0,0
2005,6,30,3,2,1070,31.54,48.6,.870866,2,1,0,42.088104
2005,6,30,3,2,1070,32.12,48.6,.870866,2,1,0,42.088104
2005,6,30,3,2,1070,32.7,48.6,.870866,2,1,0,42.088104
2005,6,30,3,2,1070,33.28,48.6,.870866,2,1,0,42.088104
2005,6,30,3,2,1070,33.87,48.6,.870866,2,1,0,42.088104
2005,6,30,3,2,1070,34.45,48.6,.870866,2,1,0,42.088104
2005,6,30,3,2,1070,35.02,48.4,.870866,2,1,0,42.088104
2005,6,30,3,2,1070,145.08,17.1,.870866,2,0,0,145.08
2005,6,30,4,2,1070,0,205,.870866,2,1,0,0
2005,6,30,4,2,1070,31.29,48.6,.870866,2,1,0,42.088104
2005,6,30,4,2,1070,31.88,48.6,.870866,2,1,0,42.088104
2005,6,30,4,2,1070,32.46,48.6,.870866,2,1,0,42.088104
2005,6,30,4,2,1070,33.05,48.6,.870866,2,1,0,42.088104
2005,6,30,4,2,1070,33.64,48.6,.870866,2,1,0,42.088104
2005,6,30,4,2,1070,34.23,48.6,.870866,2,1,0,42.088104
2005,6,30,4,2,1070,34.81,48.4,.870866,2,1,0,42.088104
2005,6,30,4,2,1070,145.08,17.1,.870866,2,0,0,145.08
2005,6,30,5,2,1070,0,205,.870866,2,1,0,0
2005,6,30,5,2,1070,32.76,48.6,.870866,2,1,0,42.088104
2005,6,30,5,2,1070,33.35,48.6,.870866,2,1,0,42.088104
2005,6,30,5,2,1070,33.95,48.6,.870866,2,1,0,42.088104
2005,6,30,5,2,1070,34.55,48.6,.870866,2,1,0,42.088104
2005,6,30,5,2,1070,35.14,48.6,.870866,2,1,0,42.088104
2005,6,30,5,2,1070,35.74,48.6,.870866,2,1,0,42.088104
2005,6,30,5,2,1070,36.34,48.4,.870866,2,1,0,42.088104
2005,6,30,5,2,1070,145.08,17.1,.870866,2,0,0,145.08
2005,6,30,6,2,1070,0,205,.870866,2,1,0,0
2005,6,30,6,2,1070,32.36,48.6,.870866,2,1,0,42.088104
2005,6,30,6,2,1070,32.95,48.6,.870866,2,1,0,42.088104
2005,6,30,6,2,1070,33.55,48.6,.870866,2,1,0,42.088104
2005,6,30,6,2,1070,34.14,48.6,.870866,2,1,0,42.088104
2005,6,30,6,2,1070,34.73,48.6,.870866,2,1,0,42.088104
2005,6,30,6,2,1070,35.32,48.6,.870866,2,1,0,42.088104
2005,6,30,6,2,1070,35.91,48.4,.870866,2,1,0,42.088104
2005,6,30,6,2,1070,145.08,17.1,.870866,2,0,0,145.08
2005,6,30,7,2,1070,0,205,.870866,2,1,0,0
2005,6,30,7,2,1070,14.59,145.8,.870866,2,1,0,42.088104
2005,6,30,7,2,1070,30.09,48.6,.870866,2,1,0,42.088104
2005,6,30,7,2,1070,30.66,48.6,.870866,2,1,0,42.088104
2005,6,30,7,2,1070,31.23,48.6,.870866,2,1,0,42.088104
2005,6,30,7,2,1070,31.79,48.4,.870866,2,1,0,42.088104
2005,6,30,7,2,1070,145.06,17.1,.870866,2,0,0,145.06
2005,6,30,8,2,1070,0,205,.870866,2,1,0,0
2005,6,30,8,2,1070,14.59,340,.870866,2,1,0,42.088104
2005,6,30,8,2,1070,145.02,17.1,.870866,2,0,0,145.02
2005,6,30,9,2,1070,0,205,.870866,2,1,0,0
2005,6,30,9,2,1070,14.59,340,.870866,2,1,0,42.088104
2005,6,30,9,2,1070,145.02,17.1,.870866,2,0,0,145.02
2005,6,30,10,2,1070,0,205,.870866,2,1,0,0
2005,6,30,10,2,1070,14.59,340,.870866,2,1,0,42.088104
2005,6,30,10,2,1070,145.02,17.1,.870866,2,0,0,145.02
2005,6,30,11,2,1070,0,205,.870866,2,1,0,0
2005,6,30,11,2,1070,14.59,340,.870866,2,1,0,42.088104
2005,6,30,11,2,1070,145.02,17.1,.870866,2,0,0,145.02
2005,6,30,12,2,1070,0,205,.870866,2,1,0,0
2005,6,30,12,2,1070,14.59,340,.870866,2,1,0,42.088104
2005,6,30,12,2,1070,145.02,17.1,.870866,2,0,0,145.02
2005,6,30,13,2,1070,0,205,.870866,2,1,0,0
2005,6,30,13,2,1070,14.59,340,.870866,2,1,0,42.088104
2005,6,30,13,2,1070,145.02,17.1,.870866,2,0,0,145.02
2005,6,30,14,2,1070,0,205,.870866,2,1,0,0
2005,6,30,14,2,1070,14.59,340,.870866,2,1,0,42.088104
2005,6,30,14,2,1070,145.02,17.1,.870866,2,0,0,145.02
2005,6,30,15,2,1070,0,205,.870866,2,1,0,0
2005,6,30,15,2,1070,14.59,340,.870866,2,1,0,42.088104
2005,6,30,15,2,1070,145.02,17.1,.870866,2,0,0,145.02
2005,6,30,16,2,1070,0,205,.870866,2,1,0,0
2005,6,30,16,2,1070,14.59,340,.870866,2,1,0,42.088104
2005,6,30,16,2,1070,145.02,17.1,.870866,2,0,0,145.02
2005,6,30,17,2,1070,0,205,.870866,2,1,0,0
2005,6,30,17,2,1070,14.59,340,.870866,2,1,0,42.088104
2005,6,30,17,2,1070,145.02,17.1,.870866,2,0,0,145.02
2005,6,30,18,2,1070,0,205,.870866,2,1,0,0
2005,6,30,18,2,1070,14.59,340,.870866,2,1,0,42.088104
2005,6,30,18,2,1070,145.02,17.1,.870866,2,0,0,145.02
2005,6,30,19,2,1070,0,205,.870866,2,1,0,0
2005,6,30,19,2,1070,14.59,340,.870866,2,1,0,42.088104
2005,6,30,19,2,1070,145.02,17.1,.870866,2,0,0,145.02
2005,6,30,20,2,1070,0,205,.870866,2,1,0,0
2005,6,30,20,2,1070,14.59,340,.870866,2,1,0,42.088104
2005,6,30,20,2,1070,145.02,17.1,.870866,2,0,0,145.02
2005,6,30,21,2,1070,0,205,.870866,2,1,0,0
2005,6,30,21,2,1070,14.59,340,.870866,2,1,0,42.088104
2005,6,30,21,2,1070,145.02,17.1,.870866,2,0,0,145.02
2005,6,30,22,2,1070,0,205,.870866,2,1,0,0
2005,6,30,22,2,1070,14.59,340,.870866,2,1,0,42.088104
2005,6,30,22,2,1070,145.02,17.1,.870866,2,0,0,145.02
2005,6,30,23,2,1070,0,205,.870866,2,1,0,0
2005,6,30,23,2,1070,14.59,340,.870866,2,1,0,42.088104
2005,6,30,23,2,1070,145.02,17.1,.870866,2,0,0,145.02
2005,6,30,24,2,1070,0,205,.870866,2,1,0,0
2005,6,30,24,2,1070,14.59,340,.870866,2,1,0,42.088104
2005,6,30,24,2,1070,145.02,17.1,.870866,2,0,0,145.02
2005,6,30,1,9,169,180.3,8,0,1,1,0,180.3
2005,6,30,2,9,169,180.3,8,0,1,1,0,180.3
2005,6,30,3,9,169,180.3,8,0,1,1,0,180.3
2005,6,30,4,9,169,180.3,8,0,1,1,0,180.3
2005,6,30,5,9,169,180.3,8,0,1,1,0,180.3
2005,6,30,6,9,169,180.3,8,0,1,1,0,180.3
2005,6,30,7,9,169,180.3,8,0,1,1,0,180.3
2005,6,30,8,9,169,180.3,8,0,1,1,0,180.3
2005,6,30,9,9,169,180.3,8,0,1,1,0,180.3
2005,6,30,10,9,169,180.3,8,0,1,1,0,180.3
2005,6,30,11,9,169,180.3,8,0,1,1,0,180.3
2005,6,30,12,9,169,180.3,8,0,1,1,0,180.3
2005,6,30,13,9,169,180.3,8,0,1,1,0,180.3
2005,6,30,14,9,169,180.3,8,0,1,1,0,180.3
2005,6,30,15,9,169,180.3,8,0,1,1,0,180.3
2005,6,30,16,9,169,180.3,8,0,1,1,0,180.3
2005,6,30,17,9,169,180.3,8,0,1,1,0,180.3
2005,6,30,18,9,169,180.3,8,0,1,1,0,180.3
2005,6,30,19,9,169,180.3,8,0,1,1,0,180.3
2005,6,30,20,9,169,180.3,8,0,1,1,0,180.3
2005,6,30,21,9,169,180.3,8,0,1,1,0,180.3
2005,6,30,22,9,169,180.3,8,0,1,1,0,180.3
2005,6,30,23,9,169,180.3,8,0,1,1,0,180.3
2005,6,30,24,9,169,180.3,8,0,1,1,0,180.3
2005,6,30,1,9,170,0,1.5,0,2,1,0,0
2005,6,30,2,9,170,0,1.2,0,2,1,0,0
2005,6,30,3,9,170,0,.8,0,2,1,0,0
2005,6,30,4,9,170,0,.9,0,2,1,0,0
2005,6,30,5,9,170,0,1,0,2,1,0,0
2005,6,30,6,9,170,0,1.3,0,2,1,0,0
2005,6,30,7,9,170,0,1.5,0,2,1,0,0
2005,6,30,8,9,170,0,1.6,0,2,1,0,0
2005,6,30,9,9,170,0,1.3,0,2,1,0,0
2005,6,30,10,9,170,0,1,0,2,1,0,0
2005,6,30,11,9,170,0,.6,0,2,1,0,0
2005,6,30,12,9,170,0,.4,0,2,1,0,0
2005,6,30,13,9,170,0,.4,0,2,1,0,0
2005,6,30,14,9,170,0,.4,0,2,1,0,0
2005,6,30,15,9,170,0,.4,0,2,1,0,0
2005,6,30,16,9,170,0,.6,0,2,1,0,0
2005,6,30,17,9,170,0,.6,0,2,1,0,0
2005,6,30,18,9,170,0,.5,0,2,1,0,0
2005,6,30,19,9,170,0,.4,0,2,1,0,0
2005,6,30,20,9,170,0,.3,0,2,1,0,0
2005,6,30,21,9,170,0,.2,0,2,1,0,0
2005,6,30,22,9,170,0,.1,0,2,1,0,0
2005,6,30,23,9,170,0,.1,0,2,1,0,0
2005,6,30,24,9,170,0,.1,0,2,1,0,0
2005,6,30,1,9,171,0,6.2,0,2,1,0,0
2005,6,30,2,9,171,0,6.2,0,2,1,0,0
2005,6,30,3,9,171,0,6.2,0,2,1,0,0
2005,6,30,4,9,171,0,6.2,0,2,1,0,0
2005,6,30,5,9,171,0,6.2,0,2,1,0,0
2005,6,30,6,9,171,0,6.2,0,2,1,0,0
2005,6,30,7,9,171,0,6.2,0,2,1,0,0
2005,6,30,8,9,171,0,6.2,0,2,1,0,0
2005,6,30,9,9,171,0,6.2,0,2,1,0,0
2005,6,30,10,9,171,0,6.2,0,2,1,0,0
2005,6,30,11,9,171,0,6.1,0,2,1,0,0
2005,6,30,12,9,171,0,6.1,0,2,1,0,0
2005,6,30,13,9,171,0,6,0,2,1,0,0
2005,6,30,14,9,171,0,5.6,0,2,1,0,0
2005,6,30,15,9,171,0,5.6,0,2,1,0,0
2005,6,30,16,9,171,0,5.6,0,2,1,0,0
2005,6,30,17,9,171,0,5.6,0,2,1,0,0
2005,6,30,18,9,171,0,5.6,0,2,1,0,0
2005,6,30,19,9,171,0,6.2,0,2,1,0,0
2005,6,30,20,9,171,0,6.2,0,2,1,0,0
2005,6,30,21,9,171,0,6.2,0,2,1,0,0
2005,6,30,22,9,171,0,6.2,0,2,1,0,0
2005,6,30,23,9,171,0,6.2,0,2,1,0,0
2005,6,30,24,9,171,0,6.2,0,2,1,0,0
2005,6,30,1,9,172,0,8.9,0,2,1,0,0
2005,6,30,2,9,172,0,8.9,0,2,1,0,0
2005,6,30,3,9,172,0,8.9,0,2,1,0,0
2005,6,30,4,9,172,0,9,0,2,1,0,0
2005,6,30,5,9,172,0,9,0,2,1,0,0
2005,6,30,6,9,172,0,9.1,0,2,1,0,0
2005,6,30,7,9,172,0,9,0,2,1,0,0
2005,6,30,8,9,172,0,8.6,0,2,1,0,0
2005,6,30,9,9,172,0,8.7,0,2,1,0,0
2005,6,30,10,9,172,0,8.8,0,2,1,0,0
2005,6,30,11,9,172,0,8.7,0,2,1,0,0
2005,6,30,12,9,172,0,8.4,0,2,1,0,0
2005,6,30,13,9,172,0,8.5,0,2,1,0,0
2005,6,30,14,9,172,0,8.5,0,2,1,0,0
2005,6,30,15,9,172,0,8.7,0,2,1,0,0
2005,6,30,16,9,172,0,8.6,0,2,1,0,0
2005,6,30,17,9,172,0,8.7,0,2,1,0,0
2005,6,30,18,9,172,0,8.8,0,2,1,0,0
2005,6,30,19,9,172,0,8.9,0,2,1,0,0
2005,6,30,20,9,172,0,8.6,0,2,1,0,0
2005,6,30,21,9,172,0,8.8,0,2,1,0,0
2005,6,30,22,9,172,0,8.5,0,2,1,0,0
2005,6,30,23,9,172,0,8.9,0,2,1,0,0
2005,6,30,24,9,172,0,8.9,0,2,1,0,0
2005,6,30,1,9,173,0,124.8,0,2,1,0,0
2005,6,30,1,9,173,59.45,.8,0,2,0,0,59.45
2005,6,30,2,9,173,0,115.9,0,2,1,0,0
2005,6,30,2,9,173,59.45,.8,0,2,0,0,59.45
2005,6,30,3,9,173,0,103.9,0,2,1,0,0
2005,6,30,3,9,173,59.45,.8,0,2,0,0,59.45
2005,6,30,4,9,173,0,89.9,0,2,1,0,0
2005,6,30,4,9,173,59.45,.8,0,2,0,0,59.45
2005,6,30,5,9,173,0,74.8,0,2,1,0,0
2005,6,30,5,9,173,59.45,.8,0,2,0,0,59.45
2005,6,30,6,9,173,0,59,0,2,1,0,0
2005,6,30,6,9,173,59.45,.8,0,2,0,0,59.45
2005,6,30,7,9,173,0,44.1,0,2,1,0,0
2005,6,30,7,9,173,59.45,.8,0,2,0,0,59.45
2005,6,30,8,9,173,0,30.2,0,2,1,0,0
2005,6,30,8,9,173,59.45,.8,0,2,0,0,59.45
2005,6,30,9,9,173,0,17.3,0,2,1,0,0
2005,6,30,9,9,173,47.24,.8,0,2,1,0,47.24
2005,6,30,10,9,173,0,6.2,0,2,1,0,0
2005,6,30,10,9,173,27.37,.8,0,2,1,0,27.37
2005,6,30,11,9,173,0,2.3,0,2,1,0,0
2005,6,30,11,9,173,27.37,.8,0,2,1,0,27.37
2005,6,30,12,9,173,0,2.3,0,2,1,0,0
2005,6,30,12,9,173,27.37,.8,0,2,1,0,27.37
2005,6,30,13,9,173,0,2.3,0,2,1,0,0
2005,6,30,13,9,173,27.37,.8,0,2,1,0,27.37
2005,6,30,14,9,173,0,2.3,0,2,1,0,0
2005,6,30,14,9,173,47.24,.8,0,2,1,0,47.24
2005,6,30,15,9,173,0,7.6,0,2,1,0,0
2005,6,30,15,9,173,47.24,.8,0,2,1,0,47.24
2005,6,30,16,9,173,0,36,0,2,1,0,0
2005,6,30,16,9,173,47.24,.8,0,2,1,0,47.24
2005,6,30,17,9,173,0,76.6,0,2,1,0,0
2005,6,30,17,9,173,47.24,.8,0,2,1,0,47.24
2005,6,30,18,9,173,0,128.3,0,2,1,0,0
2005,6,30,18,9,173,47.24,.8,0,2,1,0,47.24
2005,6,30,19,9,173,0,160,0,2,1,0,0
2005,6,30,19,9,173,47.24,.8,0,2,1,0,47.24
2005,6,30,20,9,173,0,183.2,0,2,1,0,0
2005,6,30,20,9,173,47.24,.8,0,2,1,0,47.24
2005,6,30,21,9,173,0,184.9,0,2,1,0,0
2005,6,30,21,9,173,47.24,.8,0,2,1,0,47.24
2005,6,30,22,9,173,0,190.6,0,2,1,0,0
2005,6,30,22,9,173,47.24,.8,0,2,1,0,47.24
2005,6,30,23,9,173,0,191.1,0,2,1,0,0
2005,6,30,23,9,173,47.24,.8,0,2,1,0,47.24
2005,6,30,24,9,173,0,186.3,0,2,1,0,0
2005,6,30,24,9,173,47.24,.8,0,2,1,0,47.24
2005,6,30,1,4,1072,0,385,1.1042,2,1,0,0
2005,6,30,1,4,1072,46.96,20,1.1042,2,0,1,49.9507
2005,6,30,1,4,1072,47.28,20,1.1042,2,0,1,49.9507
2005,6,30,1,4,1072,47.66,20,1.1042,2,0,1,49.9507
2005,6,30,1,4,1072,48.1,20,1.1042,2,0,1,49.9507
2005,6,30,1,4,1072,48.6,20,1.1042,2,0,1,49.9507
2005,6,30,1,4,1072,100,35,1.1042,2,0,1,49.9507
2005,6,30,1,4,1072,150,7.4,1.1042,2,0,1,150
2005,6,30,2,4,1072,0,310,1.1042,2,1,0,0
2005,6,30,2,4,1072,46.3,10,1.1042,2,0,1,49.9507
2005,6,30,2,4,1072,46.31,20,1.1042,2,0,1,49.9507
2005,6,30,2,4,1072,46.38,20,1.1042,2,0,1,49.9507
2005,6,30,2,4,1072,46.52,20,1.1042,2,0,1,49.9507
2005,6,30,2,4,1072,46.71,20,1.1042,2,0,1,49.9507
2005,6,30,2,4,1072,46.96,20,1.1042,2,0,1,49.9507
2005,6,30,2,4,1072,47.28,20,1.1042,2,0,1,49.9507
2005,6,30,2,4,1072,47.66,20,1.1042,2,0,1,49.9507
2005,6,30,2,4,1072,48.1,20,1.1042,2,0,1,49.9507
2005,6,30,2,4,1072,48.6,20,1.1042,2,0,1,49.9507
2005,6,30,2,4,1072,100,35,1.1042,2,0,1,49.9507
2005,6,30,2,4,1072,150,7.4,1.1042,2,0,1,150
2005,6,30,3,4,1072,0,310,1.1042,2,1,0,0
2005,6,30,3,4,1072,46.3,10,1.1042,2,0,1,49.9507
2005,6,30,3,4,1072,46.31,20,1.1042,2,0,1,49.9507
2005,6,30,3,4,1072,46.38,20,1.1042,2,0,1,49.9507
2005,6,30,3,4,1072,46.52,20,1.1042,2,0,1,49.9507
2005,6,30,3,4,1072,46.71,20,1.1042,2,0,1,49.9507
2005,6,30,3,4,1072,46.96,20,1.1042,2,0,1,49.9507
2005,6,30,3,4,1072,47.28,20,1.1042,2,0,1,49.9507
2005,6,30,3,4,1072,47.66,20,1.1042,2,0,1,49.9507
2005,6,30,3,4,1072,48.1,20,1.1042,2,0,1,49.9507
2005,6,30,3,4,1072,48.6,20,1.1042,2,0,1,49.9507
2005,6,30,3,4,1072,100,35,1.1042,2,0,1,49.9507
2005,6,30,3,4,1072,150,7.4,1.1042,2,0,1,150
2005,6,30,4,4,1072,0,310,1.1042,2,1,0,0
2005,6,30,4,4,1072,46.3,10,1.1042,2,0,1,49.9507
2005,6,30,4,4,1072,46.31,20,1.1042,2,0,1,49.9507
2005,6,30,4,4,1072,46.38,20,1.1042,2,0,1,49.9507
2005,6,30,4,4,1072,46.52,20,1.1042,2,0,1,49.9507
2005,6,30,4,4,1072,46.71,20,1.1042,2,0,1,49.9507
2005,6,30,4,4,1072,46.96,20,1.1042,2,0,1,49.9507
2005,6,30,4,4,1072,47.28,20,1.1042,2,0,1,49.9507
2005,6,30,4,4,1072,47.66,20,1.1042,2,0,1,49.9507
2005,6,30,4,4,1072,48.1,20,1.1042,2,0,1,49.9507
2005,6,30,4,4,1072,48.6,20,1.1042,2,0,1,49.9507
2005,6,30,4,4,1072,100,35,1.1042,2,0,1,49.9507
2005,6,30,4,4,1072,150,7.4,1.1042,2,0,1,150
2005,6,30,5,4,1072,0,310,1.1042,2,1,0,0
2005,6,30,5,4,1072,46.3,10,1.1042,2,0,1,49.9507
2005,6,30,5,4,1072,46.31,20,1.1042,2,0,1,49.9507
2005,6,30,5,4,1072,46.38,20,1.1042,2,0,1,49.9507
2005,6,30,5,4,1072,46.52,20,1.1042,2,0,1,49.9507
2005,6,30,5,4,1072,46.71,20,1.1042,2,0,1,49.9507
2005,6,30,5,4,1072,46.96,20,1.1042,2,0,1,49.9507
2005,6,30,5,4,1072,47.28,20,1.1042,2,0,1,49.9507
2005,6,30,5,4,1072,47.66,20,1.1042,2,0,1,49.9507
2005,6,30,5,4,1072,48.1,20,1.1042,2,0,1,49.9507
2005,6,30,5,4,1072,48.6,20,1.1042,2,0,1,49.9507
2005,6,30,5,4,1072,100,35,1.1042,2,0,1,49.9507
2005,6,30,5,4,1072,150,7.4,1.1042,2,0,1,150
2005,6,30,6,4,1072,0,310,1.1042,2,1,0,0
2005,6,30,6,4,1072,46.3,10,1.1042,2,0,1,49.9507
2005,6,30,6,4,1072,46.31,20,1.1042,2,0,1,49.9507
2005,6,30,6,4,1072,46.38,20,1.1042,2,0,1,49.9507
2005,6,30,6,4,1072,46.52,20,1.1042,2,0,1,49.9507
2005,6,30,6,4,1072,46.71,20,1.1042,2,0,1,49.9507
2005,6,30,6,4,1072,46.96,20,1.1042,2,0,1,49.9507
2005,6,30,6,4,1072,47.28,20,1.1042,2,0,1,49.9507
2005,6,30,6,4,1072,47.66,20,1.1042,2,0,1,49.9507
2005,6,30,6,4,1072,48.1,20,1.1042,2,0,1,49.9507
2005,6,30,6,4,1072,48.6,20,1.1042,2,0,1,49.9507
2005,6,30,6,4,1072,100,35,1.1042,2,0,1,49.9507
2005,6,30,6,4,1072,150,7.4,1.1042,2,0,1,150
2005,6,30,7,4,1072,0,310,1.1042,2,1,0,0
2005,6,30,7,4,1072,46.3,10,1.1042,2,0,1,49.9507
2005,6,30,7,4,1072,46.31,20,1.1042,2,0,1,49.9507
2005,6,30,7,4,1072,46.38,20,1.1042,2,0,1,49.9507
2005,6,30,7,4,1072,46.52,20,1.1042,2,0,1,49.9507
2005,6,30,7,4,1072,46.71,20,1.1042,2,0,1,49.9507
2005,6,30,7,4,1072,46.96,20,1.1042,2,0,1,49.9507
2005,6,30,7,4,1072,47.28,20,1.1042,2,0,1,49.9507
2005,6,30,7,4,1072,47.66,20,1.1042,2,0,1,49.9507
2005,6,30,7,4,1072,48.1,20,1.1042,2,0,1,49.9507
2005,6,30,7,4,1072,48.6,20,1.1042,2,0,1,49.9507
2005,6,30,7,4,1072,100,35,1.1042,2,0,1,49.9507
2005,6,30,7,4,1072,150,7.4,1.1042,2,0,1,150
2005,6,30,8,4,1072,0,385,1.1042,2,1,0,0
2005,6,30,8,4,1072,46.96,20,1.1042,2,0,1,49.9507
2005,6,30,8,4,1072,47.28,20,1.1042,2,0,1,49.9507
2005,6,30,8,4,1072,47.66,20,1.1042,2,0,1,49.9507
2005,6,30,8,4,1072,48.1,20,1.1042,2,0,1,49.9507
2005,6,30,8,4,1072,48.6,20,1.1042,2,0,1,49.9507
2005,6,30,8,4,1072,100,35,1.1042,2,0,1,49.9507
2005,6,30,8,4,1072,150,7.4,1.1042,2,0,1,150
2005,6,30,9,4,1072,0,500,1.1042,2,1,0,0
2005,6,30,9,4,1072,100,35,1.1042,2,0,1,49.9507
2005,6,30,9,4,1072,150,7.4,1.1042,2,0,1,150
2005,6,30,10,4,1072,0,500,1.1042,2,1,0,0
2005,6,30,10,4,1072,100,35,1.1042,2,0,1,49.9507
2005,6,30,10,4,1072,150,7.4,1.1042,2,0,1,150
2005,6,30,11,4,1072,0,500,1.1042,2,1,0,0
2005,6,30,11,4,1072,100,31.6,1.1042,2,1,0,49.9507
2005,6,30,11,4,1072,150,7.4,1.1042,2,0,1,150
2005,6,30,12,4,1072,0,500,1.1042,2,1,0,0
2005,6,30,12,4,1072,100,35,1.1042,2,1,0,49.9507
2005,6,30,12,4,1072,150,7.4,1.1042,2,0,1,150
2005,6,30,13,4,1072,0,500,1.1042,2,1,0,0
2005,6,30,13,4,1072,100,35,1.1042,2,1,0,49.9507
2005,6,30,13,4,1072,150,7.4,1.1042,2,0,1,150
2005,6,30,14,4,1072,0,500,1.1042,2,1,0,0
2005,6,30,14,4,1072,100,31.6,1.1042,2,1,0,49.9507
2005,6,30,14,4,1072,150,7.4,1.1042,2,0,1,150
2005,6,30,15,4,1072,0,500,1.1042,2,1,0,0
2005,6,30,15,4,1072,100,35,1.1042,2,0,1,49.9507
2005,6,30,15,4,1072,150,7.4,1.1042,2,0,1,150
2005,6,30,16,4,1072,0,500,1.1042,2,1,0,0
2005,6,30,16,4,1072,100,35,1.1042,2,0,1,49.9507
2005,6,30,16,4,1072,150,7.4,1.1042,2,0,1,150
2005,6,30,17,4,1072,0,500,1.1042,2,1,0,0
2005,6,30,17,4,1072,100,35,1.1042,2,0,1,49.9507
2005,6,30,17,4,1072,150,7.4,1.1042,2,0,1,150
2005,6,30,18,4,1072,0,500,1.1042,2,1,0,0
2005,6,30,18,4,1072,100,35,1.1042,2,0,1,49.9507
2005,6,30,18,4,1072,150,7.4,1.1042,2,0,1,150
2005,6,30,19,4,1072,0,500,1.1042,2,1,0,0
2005,6,30,19,4,1072,100,35,1.1042,2,0,1,49.9507
2005,6,30,19,4,1072,150,7.4,1.1042,2,0,1,150
2005,6,30,20,4,1072,0,500,1.1042,2,1,0,0
2005,6,30,20,4,1072,100,35,1.1042,2,0,1,49.9507
2005,6,30,20,4,1072,150,7.4,1.1042,2,0,1,150
2005,6,30,21,4,1072,0,500,1.1042,2,1,0,0
2005,6,30,21,4,1072,100,35,1.1042,2,0,1,49.9507
2005,6,30,21,4,1072,150,7.4,1.1042,2,0,1,150
2005,6,30,22,4,1072,0,500,1.1042,2,1,0,0
2005,6,30,22,4,1072,100,35,1.1042,2,0,1,49.9507
2005,6,30,22,4,1072,150,7.4,1.1042,2,0,1,150
2005,6,30,23,4,1072,0,500,1.1042,2,1,0,0
2005,6,30,23,4,1072,100,35,1.1042,2,0,1,49.9507
2005,6,30,23,4,1072,150,7.4,1.1042,2,0,1,150
2005,6,30,24,4,1072,0,500,1.1042,2,1,0,0
2005,6,30,24,4,1072,100,35,1.1042,2,0,1,49.9507
2005,6,30,24,4,1072,150,7.4,1.1042,2,0,1,150
2005,6,30,1,9,175,0,9,0,2,1,0,0
2005,6,30,2,9,175,0,9,0,2,1,0,0
2005,6,30,3,9,175,0,9,0,2,1,0,0
2005,6,30,4,9,175,0,9,0,2,1,0,0
2005,6,30,5,9,175,0,9,0,2,1,0,0
2005,6,30,6,9,175,0,9,0,2,1,0,0
2005,6,30,7,9,175,0,9,0,2,1,0,0
2005,6,30,8,9,175,0,9,0,2,1,0,0
2005,6,30,9,9,175,0,9,0,2,1,0,0
2005,6,30,10,9,175,0,9,0,2,1,0,0
2005,6,30,11,9,175,0,9,0,2,1,0,0
2005,6,30,12,9,175,0,9,0,2,1,0,0
2005,6,30,13,9,175,0,9,0,2,1,0,0
2005,6,30,14,9,175,0,9,0,2,1,0,0
2005,6,30,15,9,175,0,9,0,2,1,0,0
2005,6,30,16,9,175,0,9,0,2,1,0,0
2005,6,30,17,9,175,0,9,0,2,1,0,0
2005,6,30,18,9,175,0,9,0,2,1,0,0
2005,6,30,19,9,175,0,9,0,2,1,0,0
2005,6,30,20,9,175,0,9,0,2,1,0,0
2005,6,30,21,9,175,0,9,0,2,1,0,0
2005,6,30,22,9,175,0,9,0,2,1,0,0
2005,6,30,23,9,175,0,9,0,2,1,0,0
2005,6,30,24,9,175,0,9,0,2,1,0,0
2005,6,30,1,2,176,41.98,73,0,1,0,1,41.98
2005,6,30,1,2,176,47.49,73,0,1,0,1,47.49
2005,6,30,1,2,176,47.5,73,0,1,0,1,47.5
2005,6,30,2,2,176,41.98,73,0,1,0,1,41.98
2005,6,30,2,2,176,47.49,73,0,1,1,0,47.49
2005,6,30,2,2,176,47.5,73,0,1,1,0,47.5
2005,6,30,3,2,176,47.48,73,0,1,1,0,47.48
2005,6,30,3,2,176,47.49,73,0,1,1,0,47.49
2005,6,30,3,2,176,47.5,73,0,1,1,0,47.5
2005,6,30,4,2,176,47.48,73,0,1,1,0,47.48
2005,6,30,4,2,176,47.49,73,0,1,1,0,47.49
2005,6,30,4,2,176,47.5,73,0,1,1,0,47.5
2005,6,30,5,2,176,47.48,73,0,1,1,0,47.48
2005,6,30,5,2,176,47.49,73,0,1,1,0,47.49
2005,6,30,5,2,176,47.5,73,0,1,1,0,47.5
2005,6,30,6,2,176,47.48,73,0,1,1,0,47.48
2005,6,30,6,2,176,47.49,73,0,1,1,0,47.49
2005,6,30,6,2,176,47.5,73,0,1,1,0,47.5
2005,6,30,7,2,176,41.98,73,0,1,0,1,41.98
2005,6,30,7,2,176,47.49,73,0,1,1,0,47.49
2005,6,30,7,2,176,47.5,73,0,1,1,0,47.5
2005,6,30,8,2,176,41.98,73,0,1,0,1,41.98
2005,6,30,8,2,176,41.99,73,0,1,0,1,41.99
2005,6,30,8,2,176,42,73,0,1,0,1,42
2005,6,30,9,2,176,41.98,73,0,1,0,1,41.98
2005,6,30,9,2,176,41.99,73,0,1,0,1,41.99
2005,6,30,9,2,176,42,73,0,1,0,1,42
2005,6,30,10,2,176,41.98,73,0,1,0,1,41.98
2005,6,30,10,2,176,41.99,73,0,1,0,1,41.99
2005,6,30,10,2,176,42,73,0,1,0,1,42
2005,6,30,11,2,176,41.98,73,0,1,0,1,41.98
2005,6,30,11,2,176,41.99,73,0,1,0,1,41.99
2005,6,30,11,2,176,42,73,0,1,0,1,42
2005,6,30,12,2,176,41.98,73,0,1,0,1,41.98
2005,6,30,12,2,176,41.99,73,0,1,0,1,41.99
2005,6,30,12,2,176,42,73,0,1,0,1,42
2005,6,30,13,2,176,41.98,73,0,1,0,1,41.98
2005,6,30,13,2,176,41.99,73,0,1,0,1,41.99
2005,6,30,13,2,176,42,73,0,1,0,1,42
2005,6,30,14,2,176,41.98,73,0,1,0,1,41.98
2005,6,30,14,2,176,41.99,73,0,1,0,1,41.99
2005,6,30,14,2,176,42,73,0,1,0,1,42
2005,6,30,15,2,176,41.98,73,0,1,0,1,41.98
2005,6,30,15,2,176,41.99,73,0,1,0,1,41.99
2005,6,30,15,2,176,42,73,0,1,0,1,42
2005,6,30,16,2,176,41.98,73,0,1,0,1,41.98
2005,6,30,16,2,176,41.99,73,0,1,0,1,41.99
2005,6,30,16,2,176,42,73,0,1,0,1,42
2005,6,30,17,2,176,41.98,73,0,1,0,1,41.98
2005,6,30,17,2,176,41.99,73,0,1,0,1,41.99
2005,6,30,17,2,176,42,73,0,1,0,1,42
2005,6,30,18,2,176,41.98,73,0,1,0,1,41.98
2005,6,30,18,2,176,41.99,73,0,1,0,1,41.99
2005,6,30,18,2,176,42,73,0,1,0,1,42
2005,6,30,19,2,176,41.98,73,0,1,0,1,41.98
2005,6,30,19,2,176,41.99,73,0,1,0,1,41.99
2005,6,30,19,2,176,42,73,0,1,0,1,42
2005,6,30,20,2,176,41.98,73,0,1,0,1,41.98
2005,6,30,20,2,176,41.99,73,0,1,0,1,41.99
2005,6,30,20,2,176,42,73,0,1,0,1,42
2005,6,30,21,2,176,41.98,73,0,1,0,1,41.98
2005,6,30,21,2,176,41.99,73,0,1,0,1,41.99
2005,6,30,21,2,176,42,73,0,1,0,1,42
2005,6,30,22,2,176,41.98,73,0,1,0,1,41.98
2005,6,30,22,2,176,41.99,73,0,1,0,1,41.99
2005,6,30,22,2,176,42,73,0,1,0,1,42
2005,6,30,23,2,176,41.98,73,0,1,0,1,41.98
2005,6,30,23,2,176,41.99,73,0,1,0,1,41.99
2005,6,30,23,2,176,42,73,0,1,0,1,42
2005,6,30,24,2,176,41.98,73,0,1,0,1,41.98
2005,6,30,24,2,176,41.99,73,0,1,0,1,41.99
2005,6,30,24,2,176,42,73,0,1,0,1,42
2005,6,30,10,2,177,82.66,32.5,0,2,1,0,82.66
2005,6,30,10,2,177,83.45,32.5,0,2,1,0,83.45
2005,6,30,10,2,177,84.24,32.5,0,2,1,0,84.24
2005,6,30,10,2,177,85.03,32.5,0,2,1,0,85.03
2005,6,30,11,2,177,82.66,32.5,0,2,1,0,82.66
2005,6,30,11,2,177,83.45,32.5,0,2,1,0,83.45
2005,6,30,11,2,177,84.24,32.5,0,2,1,0,84.24
2005,6,30,11,2,177,85.03,32.5,0,2,1,0,85.03
2005,6,30,12,2,177,83.46,32.5,0,2,1,0,83.46
2005,6,30,12,2,177,83.98,32.5,0,2,1,0,83.98
2005,6,30,12,2,177,84.5,32.5,0,2,1,0,84.5
2005,6,30,12,2,177,85.03,32.5,0,2,1,0,85.03
2005,6,30,13,2,177,83.46,32.5,0,2,1,0,83.46
2005,6,30,13,2,177,83.98,32.5,0,2,1,0,83.98
2005,6,30,13,2,177,84.5,32.5,0,2,1,0,84.5
2005,6,30,13,2,177,85.03,32.5,0,2,1,0,85.03
2005,6,30,14,2,177,83.46,32.5,0,2,1,0,83.46
2005,6,30,14,2,177,83.98,32.5,0,2,1,0,83.98
2005,6,30,14,2,177,84.5,32.5,0,2,1,0,84.5
2005,6,30,14,2,177,85.03,32.5,0,2,1,0,85.03
2005,6,30,15,2,177,83.46,32.5,0,2,1,0,83.46
2005,6,30,15,2,177,83.98,32.5,0,2,1,0,83.98
2005,6,30,15,2,177,84.5,32.5,0,2,1,0,84.5
2005,6,30,15,2,177,85.03,32.5,0,2,1,0,85.03
2005,6,30,16,2,177,83.39,32.5,0,2,1,0,83.39
2005,6,30,16,2,177,83.94,32.5,0,2,1,0,83.94
2005,6,30,16,2,177,84.48,32.5,0,2,1,0,84.48
2005,6,30,16,2,177,85.03,32.5,0,2,1,0,85.03
2005,6,30,17,2,177,82.5,32.5,0,2,1,0,82.5
2005,6,30,17,2,177,83.34,32.5,0,2,1,0,83.34
2005,6,30,17,2,177,84.18,32.5,0,2,1,0,84.18
2005,6,30,17,2,177,85.03,32.5,0,2,1,0,85.03
2005,6,30,18,2,177,80.12,32.5,0,2,1,0,80.12
2005,6,30,18,2,177,81.76,32.5,0,2,1,0,81.76
2005,6,30,18,2,177,83.39,32.5,0,2,1,0,83.39
2005,6,30,18,2,177,85.03,32.5,0,2,1,0,85.03
2005,6,30,19,2,177,77.5,32.5,0,2,1,0,77.5
2005,6,30,19,2,177,80.01,32.5,0,2,1,0,80.01
2005,6,30,19,2,177,82.52,32.5,0,2,1,0,82.52
2005,6,30,19,2,177,85.03,32.5,0,2,1,0,85.03
2005,6,30,20,2,177,77.5,32.5,0,2,1,0,77.5
2005,6,30,20,2,177,80.01,32.5,0,2,1,0,80.01
2005,6,30,20,2,177,82.52,32.5,0,2,0,0,82.52
2005,6,30,20,2,177,85.03,32.5,0,2,0,0,85.03
2005,6,30,21,2,177,77.5,32.5,0,2,0,0,77.5
2005,6,30,21,2,177,80.01,32.5,0,2,0,0,80.01
2005,6,30,21,2,177,82.52,32.5,0,2,0,0,82.52
2005,6,30,21,2,177,85.03,32.5,0,2,0,0,85.03
2005,6,30,22,2,177,77.5,32.5,0,2,0,0,77.5
2005,6,30,22,2,177,80.01,32.5,0,2,0,0,80.01
2005,6,30,22,2,177,82.52,32.5,0,2,0,0,82.52
2005,6,30,22,2,177,85.03,32.5,0,2,0,0,85.03
2005,6,30,23,2,177,77.5,32.5,0,2,0,0,77.5
2005,6,30,23,2,177,80.01,32.5,0,2,0,0,80.01
2005,6,30,23,2,177,82.52,32.5,0,2,0,0,82.52
2005,6,30,23,2,177,85.03,32.5,0,2,0,0,85.03
2005,6,30,1,9,178,0,12.6,0,2,1,0,0
2005,6,30,2,9,178,0,8.4,0,2,1,0,0
2005,6,30,3,9,178,0,5.6,0,2,1,0,0
2005,6,30,4,9,178,0,3.6,0,2,1,0,0
2005,6,30,5,9,178,0,2.6,0,2,1,0,0
2005,6,30,6,9,178,0,2.3,0,2,1,0,0
2005,6,30,7,9,178,0,2.1,0,2,1,0,0
2005,6,30,8,9,178,0,1.9,0,2,1,0,0
2005,6,30,9,9,178,0,1.8,0,2,1,0,0
2005,6,30,10,9,178,0,1.8,0,2,1,0,0
2005,6,30,11,9,178,0,1.8,0,2,1,0,0
2005,6,30,12,9,178,0,2,0,2,1,0,0
2005,6,30,13,9,178,0,4.2,0,2,1,0,0
2005,6,30,14,9,178,0,8.8,0,2,1,0,0
2005,6,30,15,9,178,0,16.6,0,2,1,0,0
2005,6,30,16,9,178,0,26.2,0,2,1,0,0
2005,6,30,17,9,178,0,38.3,0,2,1,0,0
2005,6,30,18,9,178,0,52.9,0,2,1,0,0
2005,6,30,19,9,178,0,63.5,0,2,1,0,0
2005,6,30,20,9,178,0,70.4,0,2,1,0,0
2005,6,30,21,9,178,0,73.4,0,2,1,0,0
2005,6,30,22,9,178,0,72.6,0,2,1,0,0
2005,6,30,23,9,178,0,67.9,0,2,1,0,0
2005,6,30,24,9,178,0,59.4,0,2,1,0,0
2005,6,30,1,9,179,0,16.8,0,2,1,0,0
2005,6,30,2,9,179,0,16.9,0,2,1,0,0
2005,6,30,3,9,179,0,16.9,0,2,1,0,0
2005,6,30,4,9,179,0,16.9,0,2,1,0,0
2005,6,30,5,9,179,0,17,0,2,1,0,0
2005,6,30,6,9,179,0,17,0,2,1,0,0
2005,6,30,7,9,179,0,17,0,2,1,0,0
2005,6,30,8,9,179,0,17,0,2,1,0,0
2005,6,30,9,9,179,0,16.9,0,2,1,0,0
2005,6,30,10,9,179,0,16.9,0,2,1,0,0
2005,6,30,11,9,179,0,16.8,0,2,1,0,0
2005,6,30,12,9,179,0,16.8,0,2,1,0,0
2005,6,30,13,9,179,0,16.7,0,2,1,0,0
2005,6,30,14,9,179,0,16.7,0,2,1,0,0
2005,6,30,15,9,179,0,16.5,0,2,1,0,0
2005,6,30,16,9,179,0,16.4,0,2,1,0,0
2005,6,30,17,9,179,0,16.4,0,2,1,0,0
2005,6,30,18,9,179,0,16.5,0,2,1,0,0
2005,6,30,19,9,179,0,16.6,0,2,1,0,0
2005,6,30,20,9,179,0,16.6,0,2,1,0,0
2005,6,30,21,9,179,0,16.6,0,2,1,0,0
2005,6,30,22,9,179,0,16.7,0,2,1,0,0
2005,6,30,23,9,179,0,16.7,0,2,1,0,0
2005,6,30,24,9,179,0,16.8,0,2,1,0,0
2005,6,30,1,1,180,44.09,190,0,1,0,0,44.09
2005,6,30,1,1,180,45.06,190,0,1,0,0,45.06
2005,6,30,1,1,180,46.01,190,0,1,0,0,46.01
2005,6,30,2,1,180,44.09,190,0,1,1,0,44.09
2005,6,30,2,1,180,45.06,190,0,1,1,0,45.06
2005,6,30,2,1,180,46.01,190,0,1,1,0,46.01
2005,6,30,3,1,180,44.09,190,0,1,1,0,44.09
2005,6,30,3,1,180,45.06,190,0,1,1,0,45.06
2005,6,30,3,1,180,46.01,190,0,1,1,0,46.01
2005,6,30,4,1,180,44.09,190,0,1,1,0,44.09
2005,6,30,4,1,180,45.06,190,0,1,1,0,45.06
2005,6,30,4,1,180,46.01,190,0,1,1,0,46.01
2005,6,30,5,1,180,44.09,190,0,1,1,0,44.09
2005,6,30,5,1,180,45.06,190,0,1,1,0,45.06
2005,6,30,5,1,180,46.01,190,0,1,1,0,46.01
2005,6,30,6,1,180,44.09,190,0,1,1,0,44.09
2005,6,30,6,1,180,45.06,190,0,1,1,0,45.06
2005,6,30,6,1,180,46.01,190,0,1,1,0,46.01
2005,6,30,7,1,180,44.09,190,0,1,1,0,44.09
2005,6,30,7,1,180,45.06,190,0,1,1,0,45.06
2005,6,30,7,1,180,46.01,190,0,1,1,0,46.01
2005,6,30,8,1,180,44.09,190,0,1,0,0,44.09
2005,6,30,8,1,180,45.06,190,0,1,0,0,45.06
2005,6,30,8,1,180,46.01,190,0,1,0,0,46.01
2005,6,30,9,1,180,44.09,190,0,1,0,0,44.09
2005,6,30,9,1,180,45.06,190,0,1,0,0,45.06
2005,6,30,9,1,180,46.01,190,0,1,0,0,46.01
2005,6,30,10,1,180,44.09,190,0,1,0,0,44.09
2005,6,30,10,1,180,45.06,190,0,1,0,0,45.06
2005,6,30,10,1,180,46.01,190,0,1,0,0,46.01
2005,6,30,11,1,180,44.09,190,0,1,0,0,44.09
2005,6,30,11,1,180,45.06,190,0,1,0,0,45.06
2005,6,30,11,1,180,46.01,190,0,1,0,0,46.01
2005,6,30,12,1,180,44.09,190,0,1,0,0,44.09
2005,6,30,12,1,180,45.06,190,0,1,0,0,45.06
2005,6,30,12,1,180,46.01,190,0,1,0,0,46.01
2005,6,30,13,1,180,44.09,190,0,1,0,0,44.09
2005,6,30,13,1,180,45.06,190,0,1,0,0,45.06
2005,6,30,13,1,180,46.01,190,0,1,0,0,46.01
2005,6,30,14,1,180,44.09,190,0,1,0,0,44.09
2005,6,30,14,1,180,45.06,190,0,1,0,0,45.06
2005,6,30,14,1,180,46.01,190,0,1,0,0,46.01
2005,6,30,15,1,180,44.09,190,0,1,0,0,44.09
2005,6,30,15,1,180,45.06,190,0,1,0,0,45.06
2005,6,30,15,1,180,46.01,190,0,1,0,0,46.01
2005,6,30,16,1,180,44.09,190,0,1,0,0,44.09
2005,6,30,16,1,180,45.06,190,0,1,0,0,45.06
2005,6,30,16,1,180,46.01,190,0,1,0,0,46.01
2005,6,30,17,1,180,44.09,190,0,1,0,0,44.09
2005,6,30,17,1,180,45.06,190,0,1,0,0,45.06
2005,6,30,17,1,180,46.01,190,0,1,0,0,46.01
2005,6,30,18,1,180,44.09,190,0,1,0,0,44.09
2005,6,30,18,1,180,45.06,190,0,1,0,0,45.06
2005,6,30,18,1,180,46.01,190,0,1,0,0,46.01
2005,6,30,19,1,180,44.09,190,0,1,0,0,44.09
2005,6,30,19,1,180,45.06,190,0,1,0,0,45.06
2005,6,30,19,1,180,46.01,190,0,1,0,0,46.01
2005,6,30,20,1,180,44.09,190,0,1,0,0,44.09
2005,6,30,20,1,180,45.06,190,0,1,0,0,45.06
2005,6,30,20,1,180,46.01,190,0,1,0,0,46.01
2005,6,30,21,1,180,44.09,190,0,1,0,0,44.09
2005,6,30,21,1,180,45.06,190,0,1,0,0,45.06
2005,6,30,21,1,180,46.01,190,0,1,0,0,46.01
2005,6,30,22,1,180,44.09,190,0,1,0,0,44.09
2005,6,30,22,1,180,45.06,190,0,1,0,0,45.06
2005,6,30,22,1,180,46.01,190,0,1,0,0,46.01
2005,6,30,23,1,180,44.09,190,0,1,0,0,44.09
2005,6,30,23,1,180,45.06,190,0,1,0,0,45.06
2005,6,30,23,1,180,46.01,190,0,1,0,0,46.01
2005,6,30,24,1,180,44.09,190,0,1,0,0,44.09
2005,6,30,24,1,180,45.06,190,0,1,0,0,45.06
2005,6,30,24,1,180,46.01,190,0,1,0,0,46.01
2005,6,30,1,1,181,80,50,0,2,0,0,80
2005,6,30,1,1,181,82.01,25,0,2,0,0,82.01
2005,6,30,1,1,181,84.01,25,0,2,0,0,84.01
2005,6,30,1,1,181,84.99,25,0,2,0,0,84.99
2005,6,30,1,1,181,86.01,25,0,2,0,0,86.01
2005,6,30,1,1,181,86.99,25,0,2,0,0,86.99
2005,6,30,1,1,181,88.01,25,0,2,0,0,88.01
2005,6,30,1,1,181,88.99,25,0,2,0,0,88.99
2005,6,30,1,1,181,89.99,25,0,2,0,0,89.99
2005,6,30,1,1,181,90.99,25,0,2,0,0,90.99
2005,6,30,1,1,181,92.01,25,0,2,0,0,92.01
2005,6,30,1,1,181,92.41,25,0,2,0,0,92.41
2005,6,30,1,1,181,92.6,25,0,2,0,0,92.6
2005,6,30,1,1,181,92.99,50,0,2,0,0,92.99
2005,6,30,1,1,181,93.18,50,0,2,0,0,93.18
2005,6,30,1,1,181,93.77,50,0,2,0,0,93.77
2005,6,30,1,1,181,94.01,50,0,2,0,0,94.01
2005,6,30,1,1,181,94.36,50,0,2,0,0,94.36
2005,6,30,2,1,181,80,50,0,2,0,0,80
2005,6,30,2,1,181,82.01,25,0,2,0,0,82.01
2005,6,30,2,1,181,84.01,25,0,2,0,0,84.01
2005,6,30,2,1,181,84.99,25,0,2,0,0,84.99
2005,6,30,2,1,181,86.01,25,0,2,0,0,86.01
2005,6,30,2,1,181,86.99,25,0,2,0,0,86.99
2005,6,30,2,1,181,88.01,25,0,2,0,0,88.01
2005,6,30,2,1,181,88.99,25,0,2,0,0,88.99
2005,6,30,2,1,181,89.99,25,0,2,0,0,89.99
2005,6,30,2,1,181,90.99,25,0,2,0,0,90.99
2005,6,30,2,1,181,92.01,25,0,2,0,0,92.01
2005,6,30,2,1,181,92.41,25,0,2,0,0,92.41
2005,6,30,2,1,181,92.6,25,0,2,0,0,92.6
2005,6,30,2,1,181,92.99,50,0,2,0,0,92.99
2005,6,30,2,1,181,93.18,50,0,2,0,0,93.18
2005,6,30,2,1,181,93.77,50,0,2,0,0,93.77
2005,6,30,2,1,181,94.01,50,0,2,0,0,94.01
2005,6,30,2,1,181,94.36,50,0,2,0,0,94.36
2005,6,30,3,1,181,80,50,0,2,0,0,80
2005,6,30,3,1,181,82.01,25,0,2,0,0,82.01
2005,6,30,3,1,181,84.01,25,0,2,0,0,84.01
2005,6,30,3,1,181,84.99,25,0,2,0,0,84.99
2005,6,30,3,1,181,86.01,25,0,2,0,0,86.01
2005,6,30,3,1,181,86.99,25,0,2,0,0,86.99
2005,6,30,3,1,181,88.01,25,0,2,0,0,88.01
2005,6,30,3,1,181,88.99,25,0,2,0,0,88.99
2005,6,30,3,1,181,89.99,25,0,2,0,0,89.99
2005,6,30,3,1,181,90.99,25,0,2,0,0,90.99
2005,6,30,3,1,181,92.01,25,0,2,0,0,92.01
2005,6,30,3,1,181,92.41,25,0,2,0,0,92.41
2005,6,30,3,1,181,92.6,25,0,2,0,0,92.6
2005,6,30,3,1,181,92.99,50,0,2,0,0,92.99
2005,6,30,3,1,181,93.18,50,0,2,0,0,93.18
2005,6,30,3,1,181,93.77,50,0,2,0,0,93.77
2005,6,30,3,1,181,94.01,50,0,2,0,0,94.01
2005,6,30,3,1,181,94.36,50,0,2,0,0,94.36
2005,6,30,4,1,181,80,50,0,2,0,0,80
2005,6,30,4,1,181,82.01,25,0,2,0,0,82.01
2005,6,30,4,1,181,84.01,25,0,2,0,0,84.01
2005,6,30,4,1,181,84.99,25,0,2,0,0,84.99
2005,6,30,4,1,181,86.01,25,0,2,0,0,86.01
2005,6,30,4,1,181,86.99,25,0,2,0,0,86.99
2005,6,30,4,1,181,88.01,25,0,2,0,0,88.01
2005,6,30,4,1,181,88.99,25,0,2,0,0,88.99
2005,6,30,4,1,181,89.99,25,0,2,0,0,89.99
2005,6,30,4,1,181,90.99,25,0,2,0,0,90.99
2005,6,30,4,1,181,92.01,25,0,2,0,0,92.01
2005,6,30,4,1,181,92.41,25,0,2,0,0,92.41
2005,6,30,4,1,181,92.6,25,0,2,0,0,92.6
2005,6,30,4,1,181,92.99,50,0,2,0,0,92.99
2005,6,30,4,1,181,93.18,50,0,2,0,0,93.18
2005,6,30,4,1,181,93.77,50,0,2,0,0,93.77
2005,6,30,4,1,181,94.01,50,0,2,0,0,94.01
2005,6,30,4,1,181,94.36,50,0,2,0,0,94.36
2005,6,30,5,1,181,80,50,0,2,0,0,80
2005,6,30,5,1,181,82.01,25,0,2,0,0,82.01
2005,6,30,5,1,181,84.01,25,0,2,0,0,84.01
2005,6,30,5,1,181,84.99,25,0,2,0,0,84.99
2005,6,30,5,1,181,86.01,25,0,2,0,0,86.01
2005,6,30,5,1,181,86.99,25,0,2,0,0,86.99
2005,6,30,5,1,181,88.01,25,0,2,0,0,88.01
2005,6,30,5,1,181,88.99,25,0,2,0,0,88.99
2005,6,30,5,1,181,89.99,25,0,2,0,0,89.99
2005,6,30,5,1,181,90.99,25,0,2,0,0,90.99
2005,6,30,5,1,181,92.01,25,0,2,0,0,92.01
2005,6,30,5,1,181,92.41,25,0,2,0,0,92.41
2005,6,30,5,1,181,92.6,25,0,2,0,0,92.6
2005,6,30,5,1,181,92.99,50,0,2,0,0,92.99
2005,6,30,5,1,181,93.18,50,0,2,0,0,93.18
2005,6,30,5,1,181,93.77,50,0,2,0,0,93.77
2005,6,30,5,1,181,94.01,50,0,2,0,0,94.01
2005,6,30,5,1,181,94.36,50,0,2,0,0,94.36
2005,6,30,6,1,181,80,50,0,2,0,0,80
2005,6,30,6,1,181,82.01,25,0,2,0,0,82.01
2005,6,30,6,1,181,84.01,25,0,2,0,0,84.01
2005,6,30,6,1,181,84.99,25,0,2,0,0,84.99
2005,6,30,6,1,181,86.01,25,0,2,0,0,86.01
2005,6,30,6,1,181,86.99,25,0,2,0,0,86.99
2005,6,30,6,1,181,88.01,25,0,2,0,0,88.01
2005,6,30,6,1,181,88.99,25,0,2,0,0,88.99
2005,6,30,6,1,181,89.99,25,0,2,0,0,89.99
2005,6,30,6,1,181,90.99,25,0,2,0,0,90.99
2005,6,30,6,1,181,92.01,25,0,2,0,0,92.01
2005,6,30,6,1,181,92.41,25,0,2,0,0,92.41
2005,6,30,6,1,181,92.6,25,0,2,0,0,92.6
2005,6,30,6,1,181,92.99,50,0,2,0,0,92.99
2005,6,30,6,1,181,93.18,50,0,2,0,0,93.18
2005,6,30,6,1,181,93.77,50,0,2,0,0,93.77
2005,6,30,6,1,181,94.01,50,0,2,0,0,94.01
2005,6,30,6,1,181,94.36,50,0,2,0,0,94.36
2005,6,30,7,1,181,80,50,0,2,0,0,80
2005,6,30,7,1,181,82.01,25,0,2,0,0,82.01
2005,6,30,7,1,181,84.01,25,0,2,0,0,84.01
2005,6,30,7,1,181,84.99,25,0,2,0,0,84.99
2005,6,30,7,1,181,86.01,25,0,2,0,0,86.01
2005,6,30,7,1,181,86.99,25,0,2,0,0,86.99
2005,6,30,7,1,181,88.01,25,0,2,0,0,88.01
2005,6,30,7,1,181,88.99,25,0,2,0,0,88.99
2005,6,30,7,1,181,89.99,25,0,2,0,0,89.99
2005,6,30,7,1,181,90.99,25,0,2,0,0,90.99
2005,6,30,7,1,181,92.01,25,0,2,0,0,92.01
2005,6,30,7,1,181,92.41,25,0,2,0,0,92.41
2005,6,30,7,1,181,92.6,25,0,2,0,0,92.6
2005,6,30,7,1,181,92.99,50,0,2,0,0,92.99
2005,6,30,7,1,181,93.18,50,0,2,0,0,93.18
2005,6,30,7,1,181,93.77,50,0,2,0,0,93.77
2005,6,30,7,1,181,94.01,50,0,2,0,0,94.01
2005,6,30,7,1,181,94.36,50,0,2,0,0,94.36
2005,6,30,8,1,181,80,50,0,2,0,0,80
2005,6,30,8,1,181,82.01,25,0,2,0,0,82.01
2005,6,30,8,1,181,84.01,25,0,2,0,0,84.01
2005,6,30,8,1,181,84.99,25,0,2,0,0,84.99
2005,6,30,8,1,181,86.01,25,0,2,0,0,86.01
2005,6,30,8,1,181,86.99,25,0,2,0,0,86.99
2005,6,30,8,1,181,88.01,25,0,2,0,0,88.01
2005,6,30,8,1,181,88.99,25,0,2,0,0,88.99
2005,6,30,8,1,181,89.99,25,0,2,0,0,89.99
2005,6,30,8,1,181,90.99,25,0,2,0,0,90.99
2005,6,30,8,1,181,92.01,25,0,2,0,0,92.01
2005,6,30,8,1,181,92.41,25,0,2,0,0,92.41
2005,6,30,8,1,181,92.6,25,0,2,0,0,92.6
2005,6,30,8,1,181,92.99,50,0,2,0,0,92.99
2005,6,30,8,1,181,93.18,50,0,2,0,0,93.18
2005,6,30,8,1,181,93.77,50,0,2,0,0,93.77
2005,6,30,8,1,181,94.01,50,0,2,0,0,94.01
2005,6,30,8,1,181,94.36,50,0,2,0,0,94.36
2005,6,30,9,1,181,80,50,0,2,0,0,80
2005,6,30,9,1,181,82.01,25,0,2,0,0,82.01
2005,6,30,9,1,181,84.01,25,0,2,0,0,84.01
2005,6,30,9,1,181,84.99,25,0,2,0,0,84.99
2005,6,30,9,1,181,86.01,25,0,2,0,0,86.01
2005,6,30,9,1,181,86.99,25,0,2,0,0,86.99
2005,6,30,9,1,181,88.01,25,0,2,0,0,88.01
2005,6,30,9,1,181,88.99,25,0,2,0,0,88.99
2005,6,30,9,1,181,89.99,25,0,2,0,0,89.99
2005,6,30,9,1,181,90.99,25,0,2,0,0,90.99
2005,6,30,9,1,181,92.01,25,0,2,0,0,92.01
2005,6,30,9,1,181,92.41,25,0,2,0,0,92.41
2005,6,30,9,1,181,92.6,25,0,2,0,0,92.6
2005,6,30,9,1,181,92.99,50,0,2,0,0,92.99
2005,6,30,9,1,181,93.18,50,0,2,0,0,93.18
2005,6,30,9,1,181,93.77,50,0,2,0,0,93.77
2005,6,30,9,1,181,94.01,50,0,2,0,0,94.01
2005,6,30,9,1,181,94.36,50,0,2,0,0,94.36
2005,6,30,10,1,181,80,50,0,2,1,0,80
2005,6,30,10,1,181,82.01,25,0,2,1,0,82.01
2005,6,30,10,1,181,84.01,25,0,2,1,0,84.01
2005,6,30,10,1,181,84.99,25,0,2,1,0,84.99
2005,6,30,10,1,181,86.01,25,0,2,1,0,86.01
2005,6,30,10,1,181,86.99,25,0,2,1,0,86.99
2005,6,30,10,1,181,88.01,25,0,2,1,0,88.01
2005,6,30,10,1,181,88.99,25,0,2,1,0,88.99
2005,6,30,10,1,181,89.99,25,0,2,1,0,89.99
2005,6,30,10,1,181,90.99,25,0,2,1,0,90.99
2005,6,30,10,1,181,92.01,25,0,2,1,0,92.01
2005,6,30,10,1,181,92.41,25,0,2,1,0,92.41
2005,6,30,10,1,181,92.6,25,0,2,1,0,92.6
2005,6,30,10,1,181,92.99,30.8,0,2,1,0,92.99
2005,6,30,10,1,181,93.18,50,0,2,0,0,93.18
2005,6,30,10,1,181,93.77,50,0,2,0,0,93.77
2005,6,30,10,1,181,94.01,50,0,2,0,0,94.01
2005,6,30,10,1,181,94.36,50,0,2,0,0,94.36
2005,6,30,11,1,181,80,50,0,2,1,0,80
2005,6,30,11,1,181,82.01,25,0,2,1,0,82.01
2005,6,30,11,1,181,84.01,25,0,2,1,0,84.01
2005,6,30,11,1,181,84.99,25,0,2,1,0,84.99
2005,6,30,11,1,181,86.01,25,0,2,1,0,86.01
2005,6,30,11,1,181,86.99,25,0,2,1,0,86.99
2005,6,30,11,1,181,88.01,25,0,2,1,0,88.01
2005,6,30,11,1,181,88.99,25,0,2,1,0,88.99
2005,6,30,11,1,181,89.99,25,0,2,1,0,89.99
2005,6,30,11,1,181,90.99,25,0,2,1,0,90.99
2005,6,30,11,1,181,92.01,25,0,2,1,0,92.01
2005,6,30,11,1,181,92.41,25,0,2,1,0,92.41
2005,6,30,11,1,181,92.6,25,0,2,1,0,92.6
2005,6,30,11,1,181,92.99,50,0,2,1,0,92.99
2005,6,30,11,1,181,93.18,50,0,2,1,0,93.18
2005,6,30,11,1,181,93.77,50,0,2,1,0,93.77
2005,6,30,11,1,181,94.01,50,0,2,1,0,94.01
2005,6,30,11,1,181,94.36,50,0,2,1,0,94.36
2005,6,30,12,1,181,80,50,0,2,1,0,80
2005,6,30,12,1,181,82.01,25,0,2,1,0,82.01
2005,6,30,12,1,181,84.01,25,0,2,1,0,84.01
2005,6,30,12,1,181,84.99,25,0,2,1,0,84.99
2005,6,30,12,1,181,86.01,25,0,2,1,0,86.01
2005,6,30,12,1,181,86.99,25,0,2,1,0,86.99
2005,6,30,12,1,181,88.01,25,0,2,1,0,88.01
2005,6,30,12,1,181,88.99,25,0,2,1,0,88.99
2005,6,30,12,1,181,89.99,25,0,2,1,0,89.99
2005,6,30,12,1,181,90.99,25,0,2,1,0,90.99
2005,6,30,12,1,181,92.01,25,0,2,1,0,92.01
2005,6,30,12,1,181,92.41,25,0,2,1,0,92.41
2005,6,30,12,1,181,92.6,25,0,2,1,0,92.6
2005,6,30,12,1,181,92.99,50,0,2,1,0,92.99
2005,6,30,12,1,181,93.18,50,0,2,1,0,93.18
2005,6,30,12,1,181,93.77,50,0,2,1,0,93.77
2005,6,30,12,1,181,94.01,50,0,2,1,0,94.01
2005,6,30,12,1,181,94.36,50,0,2,1,0,94.36
2005,6,30,13,1,181,80,50,0,2,1,0,80
2005,6,30,13,1,181,82.01,25,0,2,1,0,82.01
2005,6,30,13,1,181,84.01,25,0,2,1,0,84.01
2005,6,30,13,1,181,84.99,25,0,2,1,0,84.99
2005,6,30,13,1,181,86.01,25,0,2,1,0,86.01
2005,6,30,13,1,181,86.99,25,0,2,1,0,86.99
2005,6,30,13,1,181,88.01,25,0,2,1,0,88.01
2005,6,30,13,1,181,88.99,25,0,2,1,0,88.99
2005,6,30,13,1,181,89.99,25,0,2,1,0,89.99
2005,6,30,13,1,181,90.99,25,0,2,1,0,90.99
2005,6,30,13,1,181,92.01,25,0,2,1,0,92.01
2005,6,30,13,1,181,92.41,25,0,2,1,0,92.41
2005,6,30,13,1,181,92.6,25,0,2,1,0,92.6
2005,6,30,13,1,181,92.99,50,0,2,1,0,92.99
2005,6,30,13,1,181,93.18,50,0,2,1,0,93.18
2005,6,30,13,1,181,93.77,50,0,2,1,0,93.77
2005,6,30,13,1,181,94.01,50,0,2,1,0,94.01
2005,6,30,13,1,181,94.36,50,0,2,1,0,94.36
2005,6,30,14,1,181,80,50,0,2,1,0,80
2005,6,30,14,1,181,82.01,25,0,2,1,0,82.01
2005,6,30,14,1,181,84.01,25,0,2,1,0,84.01
2005,6,30,14,1,181,84.99,25,0,2,1,0,84.99
2005,6,30,14,1,181,86.01,25,0,2,1,0,86.01
2005,6,30,14,1,181,86.99,25,0,2,1,0,86.99
2005,6,30,14,1,181,88.01,25,0,2,1,0,88.01
2005,6,30,14,1,181,88.99,25,0,2,1,0,88.99
2005,6,30,14,1,181,89.99,25,0,2,1,0,89.99
2005,6,30,14,1,181,90.99,25,0,2,1,0,90.99
2005,6,30,14,1,181,92.01,25,0,2,1,0,92.01
2005,6,30,14,1,181,92.41,25,0,2,1,0,92.41
2005,6,30,14,1,181,92.6,25,0,2,1,0,92.6
2005,6,30,14,1,181,92.99,50,0,2,1,0,92.99
2005,6,30,14,1,181,93.18,50,0,2,1,0,93.18
2005,6,30,14,1,181,93.77,50,0,2,1,0,93.77
2005,6,30,14,1,181,94.01,50,0,2,1,0,94.01
2005,6,30,14,1,181,94.36,50,0,2,1,0,94.36
2005,6,30,15,1,181,80,50,0,2,1,0,80
2005,6,30,15,1,181,82.01,25,0,2,1,0,82.01
2005,6,30,15,1,181,84.01,25,0,2,1,0,84.01
2005,6,30,15,1,181,84.99,25,0,2,1,0,84.99
2005,6,30,15,1,181,86.01,25,0,2,1,0,86.01
2005,6,30,15,1,181,86.99,25,0,2,1,0,86.99
2005,6,30,15,1,181,88.01,25,0,2,1,0,88.01
2005,6,30,15,1,181,88.99,25,0,2,1,0,88.99
2005,6,30,15,1,181,89.99,25,0,2,1,0,89.99
2005,6,30,15,1,181,90.99,25,0,2,1,0,90.99
2005,6,30,15,1,181,92.01,25,0,2,1,0,92.01
2005,6,30,15,1,181,92.41,25,0,2,1,0,92.41
2005,6,30,15,1,181,92.6,25,0,2,1,0,92.6
2005,6,30,15,1,181,92.99,50,0,2,1,0,92.99
2005,6,30,15,1,181,93.18,50,0,2,1,0,93.18
2005,6,30,15,1,181,93.77,50,0,2,1,0,93.77
2005,6,30,15,1,181,94.01,50,0,2,1,0,94.01
2005,6,30,15,1,181,94.36,50,0,2,1,0,94.36
2005,6,30,16,1,181,80,50,0,2,1,0,80
2005,6,30,16,1,181,82.01,25,0,2,1,0,82.01
2005,6,30,16,1,181,84.01,25,0,2,1,0,84.01
2005,6,30,16,1,181,84.99,25,0,2,1,0,84.99
2005,6,30,16,1,181,86.01,25,0,2,1,0,86.01
2005,6,30,16,1,181,86.99,25,0,2,1,0,86.99
2005,6,30,16,1,181,88.01,25,0,2,1,0,88.01
2005,6,30,16,1,181,88.99,25,0,2,1,0,88.99
2005,6,30,16,1,181,89.99,25,0,2,1,0,89.99
2005,6,30,16,1,181,90.99,25,0,2,1,0,90.99
2005,6,30,16,1,181,92.01,25,0,2,1,0,92.01
2005,6,30,16,1,181,92.41,25,0,2,1,0,92.41
2005,6,30,16,1,181,92.6,25,0,2,1,0,92.6
2005,6,30,16,1,181,92.99,50,0,2,1,0,92.99
2005,6,30,16,1,181,93.18,50,0,2,1,0,93.18
2005,6,30,16,1,181,93.77,50,0,2,1,0,93.77
2005,6,30,16,1,181,94.01,50,0,2,1,0,94.01
2005,6,30,16,1,181,94.36,50,0,2,1,0,94.36
2005,6,30,17,1,181,80,50,0,2,1,0,80
2005,6,30,17,1,181,82.01,25,0,2,1,0,82.01
2005,6,30,17,1,181,84.01,25,0,2,1,0,84.01
2005,6,30,17,1,181,84.99,25,0,2,1,0,84.99
2005,6,30,17,1,181,86.01,25,0,2,1,0,86.01
2005,6,30,17,1,181,86.99,25,0,2,1,0,86.99
2005,6,30,17,1,181,88.01,25,0,2,1,0,88.01
2005,6,30,17,1,181,88.99,25,0,2,1,0,88.99
2005,6,30,17,1,181,89.99,25,0,2,1,0,89.99
2005,6,30,17,1,181,90.99,25,0,2,1,0,90.99
2005,6,30,17,1,181,92.01,25,0,2,1,0,92.01
2005,6,30,17,1,181,92.41,25,0,2,1,0,92.41
2005,6,30,17,1,181,92.6,25,0,2,1,0,92.6
2005,6,30,17,1,181,92.99,50,0,2,1,0,92.99
2005,6,30,17,1,181,93.18,50,0,2,1,0,93.18
2005,6,30,17,1,181,93.77,50,0,2,1,0,93.77
2005,6,30,17,1,181,94.01,50,0,2,1,0,94.01
2005,6,30,17,1,181,94.36,50,0,2,1,0,94.36
2005,6,30,18,1,181,80,50,0,2,1,0,80
2005,6,30,18,1,181,82.01,25,0,2,1,0,82.01
2005,6,30,18,1,181,84.01,25,0,2,1,0,84.01
2005,6,30,18,1,181,84.99,25,0,2,1,0,84.99
2005,6,30,18,1,181,86.01,25,0,2,1,0,86.01
2005,6,30,18,1,181,86.99,25,0,2,1,0,86.99
2005,6,30,18,1,181,88.01,25,0,2,1,0,88.01
2005,6,30,18,1,181,88.99,25,0,2,1,0,88.99
2005,6,30,18,1,181,89.99,25,0,2,1,0,89.99
2005,6,30,18,1,181,90.99,25,0,2,1,0,90.99
2005,6,30,18,1,181,92.01,25,0,2,1,0,92.01
2005,6,30,18,1,181,92.41,25,0,2,1,0,92.41
2005,6,30,18,1,181,92.6,25,0,2,1,0,92.6
2005,6,30,18,1,181,92.99,50,0,2,1,0,92.99
2005,6,30,18,1,181,93.18,50,0,2,1,0,93.18
2005,6,30,18,1,181,93.77,50,0,2,1,0,93.77
2005,6,30,18,1,181,94.01,50,0,2,1,0,94.01
2005,6,30,18,1,181,94.36,50,0,2,1,0,94.36
2005,6,30,19,1,181,80,50,0,2,1,0,80
2005,6,30,19,1,181,82.01,25,0,2,1,0,82.01
2005,6,30,19,1,181,84.01,25,0,2,1,0,84.01
2005,6,30,19,1,181,84.99,25,0,2,1,0,84.99
2005,6,30,19,1,181,86.01,25,0,2,1,0,86.01
2005,6,30,19,1,181,86.99,25,0,2,1,0,86.99
2005,6,30,19,1,181,88.01,25,0,2,1,0,88.01
2005,6,30,19,1,181,88.99,25,0,2,1,0,88.99
2005,6,30,19,1,181,89.99,25,0,2,1,0,89.99
2005,6,30,19,1,181,90.99,25,0,2,1,0,90.99
2005,6,30,19,1,181,92.01,25,0,2,1,0,92.01
2005,6,30,19,1,181,92.41,25,0,2,1,0,92.41
2005,6,30,19,1,181,92.6,25,0,2,1,0,92.6
2005,6,30,19,1,181,92.99,50,0,2,1,0,92.99
2005,6,30,19,1,181,93.18,50,0,2,1,0,93.18
2005,6,30,19,1,181,93.77,50,0,2,1,0,93.77
2005,6,30,19,1,181,94.01,50,0,2,0,0,94.01
2005,6,30,19,1,181,94.36,50,0,2,0,0,94.36
2005,6,30,20,1,181,80,50,0,2,1,0,80
2005,6,30,20,1,181,82.01,16.5,0,2,1,0,82.01
2005,6,30,20,1,181,84.01,25,0,2,0,0,84.01
2005,6,30,20,1,181,84.99,25,0,2,0,0,84.99
2005,6,30,20,1,181,86.01,25,0,2,0,0,86.01
2005,6,30,20,1,181,86.99,25,0,2,0,0,86.99
2005,6,30,20,1,181,88.01,25,0,2,0,0,88.01
2005,6,30,20,1,181,88.99,25,0,2,0,0,88.99
2005,6,30,20,1,181,89.99,25,0,2,0,0,89.99
2005,6,30,20,1,181,90.99,25,0,2,0,0,90.99
2005,6,30,20,1,181,92.01,25,0,2,0,0,92.01
2005,6,30,20,1,181,92.41,25,0,2,0,0,92.41
2005,6,30,20,1,181,92.6,25,0,2,0,0,92.6
2005,6,30,20,1,181,92.99,50,0,2,0,0,92.99
2005,6,30,20,1,181,93.18,50,0,2,0,0,93.18
2005,6,30,20,1,181,93.77,50,0,2,0,0,93.77
2005,6,30,20,1,181,94.01,50,0,2,0,0,94.01
2005,6,30,20,1,181,94.36,50,0,2,0,0,94.36
2005,6,30,21,1,181,80,50,0,2,0,0,80
2005,6,30,21,1,181,82.01,25,0,2,0,0,82.01
2005,6,30,21,1,181,84.01,25,0,2,0,0,84.01
2005,6,30,21,1,181,84.99,25,0,2,0,0,84.99
2005,6,30,21,1,181,86.01,25,0,2,0,0,86.01
2005,6,30,21,1,181,86.99,25,0,2,0,0,86.99
2005,6,30,21,1,181,88.01,25,0,2,0,0,88.01
2005,6,30,21,1,181,88.99,25,0,2,0,0,88.99
2005,6,30,21,1,181,89.99,25,0,2,0,0,89.99
2005,6,30,21,1,181,90.99,25,0,2,0,0,90.99
2005,6,30,21,1,181,92.01,25,0,2,0,0,92.01
2005,6,30,21,1,181,92.41,25,0,2,0,0,92.41
2005,6,30,21,1,181,92.6,25,0,2,0,0,92.6
2005,6,30,21,1,181,92.99,50,0,2,0,0,92.99
2005,6,30,21,1,181,93.18,50,0,2,0,0,93.18
2005,6,30,21,1,181,93.77,50,0,2,0,0,93.77
2005,6,30,21,1,181,94.01,50,0,2,0,0,94.01
2005,6,30,21,1,181,94.36,50,0,2,0,0,94.36
2005,6,30,22,1,181,80,50,0,2,0,0,80
2005,6,30,22,1,181,82.01,25,0,2,0,0,82.01
2005,6,30,22,1,181,84.01,25,0,2,0,0,84.01
2005,6,30,22,1,181,84.99,25,0,2,0,0,84.99
2005,6,30,22,1,181,86.01,25,0,2,0,0,86.01
2005,6,30,22,1,181,86.99,25,0,2,0,0,86.99
2005,6,30,22,1,181,88.01,25,0,2,0,0,88.01
2005,6,30,22,1,181,88.99,25,0,2,0,0,88.99
2005,6,30,22,1,181,89.99,25,0,2,0,0,89.99
2005,6,30,22,1,181,90.99,25,0,2,0,0,90.99
2005,6,30,22,1,181,92.01,25,0,2,0,0,92.01
2005,6,30,22,1,181,92.41,25,0,2,0,0,92.41
2005,6,30,22,1,181,92.6,25,0,2,0,0,92.6
2005,6,30,22,1,181,92.99,50,0,2,0,0,92.99
2005,6,30,22,1,181,93.18,50,0,2,0,0,93.18
2005,6,30,22,1,181,93.77,50,0,2,0,0,93.77
2005,6,30,22,1,181,94.01,50,0,2,0,0,94.01
2005,6,30,22,1,181,94.36,50,0,2,0,0,94.36
2005,6,30,23,1,181,80,50,0,2,0,0,80
2005,6,30,23,1,181,82.01,25,0,2,0,0,82.01
2005,6,30,23,1,181,84.01,25,0,2,0,0,84.01
2005,6,30,23,1,181,84.99,25,0,2,0,0,84.99
2005,6,30,23,1,181,86.01,25,0,2,0,0,86.01
2005,6,30,23,1,181,86.99,25,0,2,0,0,86.99
2005,6,30,23,1,181,88.01,25,0,2,0,0,88.01
2005,6,30,23,1,181,88.99,25,0,2,0,0,88.99
2005,6,30,23,1,181,89.99,25,0,2,0,0,89.99
2005,6,30,23,1,181,90.99,25,0,2,0,0,90.99
2005,6,30,23,1,181,92.01,25,0,2,0,0,92.01
2005,6,30,23,1,181,92.41,25,0,2,0,0,92.41
2005,6,30,23,1,181,92.6,25,0,2,0,0,92.6
2005,6,30,23,1,181,92.99,50,0,2,0,0,92.99
2005,6,30,23,1,181,93.18,50,0,2,0,0,93.18
2005,6,30,23,1,181,93.77,50,0,2,0,0,93.77
2005,6,30,23,1,181,94.01,50,0,2,0,0,94.01
2005,6,30,23,1,181,94.36,50,0,2,0,0,94.36
2005,6,30,24,1,181,80,50,0,2,0,0,80
2005,6,30,24,1,181,82.01,25,0,2,0,0,82.01
2005,6,30,24,1,181,84.01,25,0,2,0,0,84.01
2005,6,30,24,1,181,84.99,25,0,2,0,0,84.99
2005,6,30,24,1,181,86.01,25,0,2,0,0,86.01
2005,6,30,24,1,181,86.99,25,0,2,0,0,86.99
2005,6,30,24,1,181,88.01,25,0,2,0,0,88.01
2005,6,30,24,1,181,88.99,25,0,2,0,0,88.99
2005,6,30,24,1,181,89.99,25,0,2,0,0,89.99
2005,6,30,24,1,181,90.99,25,0,2,0,0,90.99
2005,6,30,24,1,181,92.01,25,0,2,0,0,92.01
2005,6,30,24,1,181,92.41,25,0,2,0,0,92.41
2005,6,30,24,1,181,92.6,25,0,2,0,0,92.6
2005,6,30,24,1,181,92.99,50,0,2,0,0,92.99
2005,6,30,24,1,181,93.18,50,0,2,0,0,93.18
2005,6,30,24,1,181,93.77,50,0,2,0,0,93.77
2005,6,30,24,1,181,94.01,50,0,2,0,0,94.01
2005,6,30,24,1,181,94.36,50,0,2,0,0,94.36
2005,6,30,1,9,182,180.3,12.9,0,1,1,0,180.3
2005,6,30,2,9,182,180.3,12.8,0,1,1,0,180.3
2005,6,30,3,9,182,180.3,12.4,0,1,1,0,180.3
2005,6,30,4,9,182,180.3,13.4,0,1,1,0,180.3
2005,6,30,5,9,182,180.3,12.5,0,1,1,0,180.3
2005,6,30,6,9,182,180.3,10.6,0,1,1,0,180.3
2005,6,30,7,9,182,180.3,12,0,1,1,0,180.3
2005,6,30,8,9,182,180.3,10.9,0,1,1,0,180.3
2005,6,30,9,9,182,180.3,11.6,0,1,1,0,180.3
2005,6,30,10,9,182,180.3,12.1,0,1,1,0,180.3
2005,6,30,11,9,182,180.3,7,0,1,1,0,180.3
2005,6,30,12,9,182,180.3,12.2,0,1,1,0,180.3
2005,6,30,13,9,182,180.3,8.4,0,1,1,0,180.3
2005,6,30,14,9,182,180.3,5.8,0,1,1,0,180.3
2005,6,30,15,9,182,180.3,3.7,0,1,1,0,180.3
2005,6,30,16,9,182,180.3,4.2,0,1,1,0,180.3
2005,6,30,17,9,182,180.3,3.2,0,1,1,0,180.3
2005,6,30,18,9,182,180.3,3.6,0,1,1,0,180.3
2005,6,30,19,9,182,180.3,3.9,0,1,1,0,180.3
2005,6,30,20,9,182,180.3,6.4,0,1,1,0,180.3
2005,6,30,21,9,182,180.3,8.7,0,1,1,0,180.3
2005,6,30,22,9,182,180.3,10.3,0,1,1,0,180.3
2005,6,30,23,9,182,180.3,11.3,0,1,1,0,180.3
2005,6,30,24,9,182,180.3,12.7,0,1,1,0,180.3
2005,6,30,1,8,183,180.3,12.7,0,1,1,0,180.3
2005,6,30,2,8,183,180.3,11.1,0,1,1,0,180.3
2005,6,30,3,8,183,180.3,10.2,0,1,1,0,180.3
2005,6,30,4,8,183,180.3,9.7,0,1,1,0,180.3
2005,6,30,5,8,183,180.3,10.3,0,1,1,0,180.3
2005,6,30,6,8,183,180.3,12.5,0,1,1,0,180.3
2005,6,30,7,8,183,180.3,18.8,0,1,1,0,180.3
2005,6,30,8,8,183,180.3,28.3,0,1,1,0,180.3
2005,6,30,9,8,183,180.3,10.6,0,1,1,0,180.3
2005,6,30,10,8,183,180.3,9,0,1,1,0,180.3
2005,6,30,11,8,183,180.3,11.9,0,1,1,0,180.3
2005,6,30,12,8,183,180.3,11.9,0,1,1,0,180.3
2005,6,30,13,8,183,180.3,12.7,0,1,1,0,180.3
2005,6,30,14,8,183,180.3,12.9,0,1,1,0,180.3
2005,6,30,15,8,183,180.3,8.6,0,1,1,0,180.3
2005,6,30,16,8,183,180.3,9,0,1,1,0,180.3
2005,6,30,17,8,183,180.3,11.1,0,1,1,0,180.3
2005,6,30,18,8,183,180.3,10.1,0,1,1,0,180.3
2005,6,30,19,8,183,180.3,9.1,0,1,1,0,180.3
2005,6,30,20,8,183,180.3,7.4,0,1,1,0,180.3
2005,6,30,21,8,183,180.3,8,0,1,1,0,180.3
2005,6,30,22,8,183,180.3,5.4,0,1,1,0,180.3
2005,6,30,23,8,183,180.3,5.6,0,1,1,0,180.3
2005,6,30,24,8,183,180.3,5,0,1,1,0,180.3
2005,6,30,1,8,184,0,3.4,0,2,1,0,0
2005,6,30,2,8,184,0,3.4,0,2,1,0,0
2005,6,30,3,8,184,0,3.4,0,2,1,0,0
2005,6,30,4,8,184,0,3.4,0,2,1,0,0
2005,6,30,5,8,184,0,3.4,0,2,1,0,0
2005,6,30,6,8,184,0,3.4,0,2,1,0,0
2005,6,30,7,8,184,0,3,0,2,1,0,0
2005,6,30,8,8,184,0,3,0,2,1,0,0
2005,6,30,9,8,184,0,3,0,2,1,0,0
2005,6,30,10,8,184,0,3,0,2,1,0,0
2005,6,30,11,8,184,0,2.9,0,2,1,0,0
2005,6,30,12,8,184,0,2.9,0,2,1,0,0
2005,6,30,13,8,184,0,2.9,0,2,1,0,0
2005,6,30,14,8,184,0,2.9,0,2,1,0,0
2005,6,30,15,8,184,0,2.9,0,2,1,0,0
2005,6,30,16,8,184,0,2.9,0,2,1,0,0
2005,6,30,17,8,184,0,2.9,0,2,1,0,0
2005,6,30,18,8,184,0,3,0,2,1,0,0
2005,6,30,19,8,184,0,3.1,0,2,1,0,0
2005,6,30,20,8,184,0,3.1,0,2,1,0,0
2005,6,30,21,8,184,0,3.1,0,2,1,0,0
2005,6,30,22,8,184,0,3.1,0,2,1,0,0
2005,6,30,23,8,184,0,3.3,0,2,1,0,0
2005,6,30,24,8,184,0,3.3,0,2,1,0,0
2005,6,30,1,9,185,180.3,7.7,0,1,1,0,180.3
2005,6,30,2,9,185,180.3,7.7,0,1,1,0,180.3
2005,6,30,3,9,185,180.3,7.7,0,1,1,0,180.3
2005,6,30,4,9,185,180.3,7.7,0,1,1,0,180.3
2005,6,30,5,9,185,180.3,7.7,0,1,1,0,180.3
2005,6,30,6,9,185,180.3,7.7,0,1,1,0,180.3
2005,6,30,7,9,185,180.3,7.8,0,1,1,0,180.3
2005,6,30,8,9,185,180.3,7.8,0,1,1,0,180.3
2005,6,30,9,9,185,180.3,8,0,1,1,0,180.3
2005,6,30,10,9,185,180.3,8.5,0,1,1,0,180.3
2005,6,30,11,9,185,180.3,8.5,0,1,1,0,180.3
2005,6,30,12,9,185,180.3,8.5,0,1,1,0,180.3
2005,6,30,13,9,185,180.3,8.5,0,1,1,0,180.3
2005,6,30,14,9,185,180.3,8,0,1,1,0,180.3
2005,6,30,15,9,185,180.3,7.9,0,1,1,0,180.3
2005,6,30,16,9,185,180.3,7.9,0,1,1,0,180.3
2005,6,30,17,9,185,180.3,7.9,0,1,1,0,180.3
2005,6,30,18,9,185,180.3,8,0,1,1,0,180.3
2005,6,30,19,9,185,180.3,8,0,1,1,0,180.3
2005,6,30,20,9,185,180.3,8,0,1,1,0,180.3
2005,6,30,21,9,185,180.3,7.9,0,1,1,0,180.3
2005,6,30,22,9,185,180.3,7.8,0,1,1,0,180.3
2005,6,30,23,9,185,180.3,7.8,0,1,1,0,180.3
2005,6,30,24,9,185,180.3,7.8,0,1,1,0,180.3
2005,6,30,1,4,1073,112.64,35,1.03173,2,0,0,54.610638
2005,6,30,1,4,1073,150,16.9,1.03173,2,0,0,150
2005,6,30,2,4,1073,112.64,35,1.03173,2,0,0,54.610638
2005,6,30,2,4,1073,150,16.9,1.03173,2,0,0,150
2005,6,30,3,4,1073,112.64,35,1.03173,2,0,0,54.610638
2005,6,30,3,4,1073,150,16.9,1.03173,2,0,0,150
2005,6,30,4,4,1073,112.64,35,1.03173,2,0,0,54.610638
2005,6,30,4,4,1073,150,16.9,1.03173,2,0,0,150
2005,6,30,5,4,1073,112.64,35,1.03173,2,0,0,54.610638
2005,6,30,5,4,1073,150,16.9,1.03173,2,0,0,150
2005,6,30,6,4,1073,112.64,35,1.03173,2,0,0,54.610638
2005,6,30,6,4,1073,150,16.9,1.03173,2,0,0,150
2005,6,30,7,4,1073,112.64,35,1.03173,2,0,0,54.610638
2005,6,30,7,4,1073,150,16.9,1.03173,2,0,0,150
2005,6,30,8,4,1073,112.64,35,1.03173,2,0,0,54.610638
2005,6,30,8,4,1073,150,16.9,1.03173,2,0,0,150
2005,6,30,9,4,1073,112.64,35,1.03173,2,0,0,54.610638
2005,6,30,9,4,1073,150,16.9,1.03173,2,0,0,150
2005,6,30,10,4,1073,112.64,35,1.03173,2,0,0,54.610638
2005,6,30,10,4,1073,150,16.9,1.03173,2,0,0,150
2005,6,30,11,4,1073,112.64,35,1.03173,2,0,0,54.610638
2005,6,30,11,4,1073,150,16.9,1.03173,2,0,0,150
2005,6,30,12,4,1073,112.64,35,1.03173,2,0,0,54.610638
2005,6,30,12,4,1073,150,16.9,1.03173,2,0,0,150
2005,6,30,13,4,1073,112.64,35,1.03173,2,0,0,54.610638
2005,6,30,13,4,1073,150,16.9,1.03173,2,0,0,150
2005,6,30,14,4,1073,112.64,35,1.03173,2,0,0,54.610638
2005,6,30,14,4,1073,150,16.9,1.03173,2,0,0,150
2005,6,30,15,4,1073,112.64,35,1.03173,2,0,0,54.610638
2005,6,30,15,4,1073,150,16.9,1.03173,2,0,0,150
2005,6,30,16,4,1073,112.64,35,1.03173,2,0,0,54.610638
2005,6,30,16,4,1073,150,16.9,1.03173,2,0,0,150
2005,6,30,17,4,1073,112.64,35,1.03173,2,0,0,54.610638
2005,6,30,17,4,1073,150,16.9,1.03173,2,0,0,150
2005,6,30,18,4,1073,112.64,35,1.03173,2,0,0,54.610638
2005,6,30,18,4,1073,150,16.9,1.03173,2,0,0,150
2005,6,30,19,4,1073,112.64,35,1.03173,2,0,0,54.610638
2005,6,30,19,4,1073,150,16.9,1.03173,2,0,0,150
2005,6,30,20,4,1073,112.64,35,1.03173,2,0,0,54.610638
2005,6,30,20,4,1073,150,16.9,1.03173,2,0,0,150
2005,6,30,21,4,1073,112.64,35,1.03173,2,0,0,54.610638
2005,6,30,21,4,1073,150,16.9,1.03173,2,0,0,150
2005,6,30,22,4,1073,112.64,35,1.03173,2,0,0,54.610638
2005,6,30,22,4,1073,150,16.9,1.03173,2,0,0,150
2005,6,30,23,4,1073,112.64,35,1.03173,2,0,0,54.610638
2005,6,30,23,4,1073,150,16.9,1.03173,2,0,0,150
2005,6,30,24,4,1073,112.64,35,1.03173,2,0,0,54.610638
2005,6,30,24,4,1073,150,16.9,1.03173,2,0,0,150
2005,6,30,1,4,1074,0,120,1.03173,2,1,0,0
2005,6,30,1,4,1074,100,15,1.03173,2,0,0,49.421803
2005,6,30,1,4,1074,150,19,1.03173,2,0,0,150
2005,6,30,2,4,1074,0,120,1.03173,2,1,0,0
2005,6,30,2,4,1074,100,15,1.03173,2,0,0,49.421803
2005,6,30,2,4,1074,150,19,1.03173,2,0,0,150
2005,6,30,3,4,1074,0,120,1.03173,2,1,0,0
2005,6,30,3,4,1074,100,15,1.03173,2,0,0,49.421803
2005,6,30,3,4,1074,150,19,1.03173,2,0,0,150
2005,6,30,4,4,1074,0,120,1.03173,2,1,0,0
2005,6,30,4,4,1074,100,15,1.03173,2,0,0,49.421803
2005,6,30,4,4,1074,150,19,1.03173,2,0,0,150
2005,6,30,5,4,1074,0,120,1.03173,2,1,0,0
2005,6,30,5,4,1074,100,15,1.03173,2,0,0,49.421803
2005,6,30,5,4,1074,150,19,1.03173,2,0,0,150
2005,6,30,6,4,1074,0,120,1.03173,2,1,0,0
2005,6,30,6,4,1074,100,15,1.03173,2,0,0,49.421803
2005,6,30,6,4,1074,150,19,1.03173,2,0,0,150
2005,6,30,7,4,1074,0,120,1.03173,2,1,0,0
2005,6,30,7,4,1074,100,15,1.03173,2,0,0,49.421803
2005,6,30,7,4,1074,150,19,1.03173,2,0,0,150
2005,6,30,8,4,1074,0,120,1.03173,2,1,0,0
2005,6,30,8,4,1074,100,15,1.03173,2,0,0,49.421803
2005,6,30,8,4,1074,150,19,1.03173,2,0,0,150
2005,6,30,9,4,1074,0,120,1.03173,2,1,0,0
2005,6,30,9,4,1074,100,15,1.03173,2,0,0,49.421803
2005,6,30,9,4,1074,150,19,1.03173,2,0,0,150
2005,6,30,10,4,1074,0,120,1.03173,2,1,0,0
2005,6,30,10,4,1074,100,15,1.03173,2,0,0,49.421803
2005,6,30,10,4,1074,150,19,1.03173,2,0,0,150
2005,6,30,11,4,1074,0,120,1.03173,2,1,0,0
2005,6,30,11,4,1074,100,15,1.03173,2,1,0,49.421803
2005,6,30,11,4,1074,150,19,1.03173,2,0,0,150
2005,6,30,12,4,1074,0,120,1.03173,2,1,0,0
2005,6,30,12,4,1074,100,15,1.03173,2,1,0,49.421803
2005,6,30,12,4,1074,150,19,1.03173,2,0,0,150
2005,6,30,13,4,1074,0,120,1.03173,2,1,0,0
2005,6,30,13,4,1074,100,15,1.03173,2,1,0,49.421803
2005,6,30,13,4,1074,150,19,1.03173,2,0,0,150
2005,6,30,14,4,1074,0,120,1.03173,2,1,0,0
2005,6,30,14,4,1074,100,15,1.03173,2,1,0,49.421803
2005,6,30,14,4,1074,150,19,1.03173,2,0,0,150
2005,6,30,15,4,1074,0,120,1.03173,2,1,0,0
2005,6,30,15,4,1074,100,15,1.03173,2,0,0,49.421803
2005,6,30,15,4,1074,150,19,1.03173,2,0,0,150
2005,6,30,16,4,1074,0,120,1.03173,2,1,0,0
2005,6,30,16,4,1074,100,15,1.03173,2,0,0,49.421803
2005,6,30,16,4,1074,150,19,1.03173,2,0,0,150
2005,6,30,17,4,1074,0,120,1.03173,2,1,0,0
2005,6,30,17,4,1074,100,15,1.03173,2,0,0,49.421803
2005,6,30,17,4,1074,150,19,1.03173,2,0,0,150
2005,6,30,18,4,1074,0,120,1.03173,2,1,0,0
2005,6,30,18,4,1074,100,15,1.03173,2,0,0,49.421803
2005,6,30,18,4,1074,150,19,1.03173,2,0,0,150
2005,6,30,19,4,1074,0,120,1.03173,2,1,0,0
2005,6,30,19,4,1074,100,15,1.03173,2,0,0,49.421803
2005,6,30,19,4,1074,150,19,1.03173,2,0,0,150
2005,6,30,20,4,1074,0,120,1.03173,2,1,0,0
2005,6,30,20,4,1074,100,15,1.03173,2,0,0,49.421803
2005,6,30,20,4,1074,150,19,1.03173,2,0,0,150
2005,6,30,21,4,1074,0,120,1.03173,2,1,0,0
2005,6,30,21,4,1074,100,15,1.03173,2,0,0,49.421803
2005,6,30,21,4,1074,150,19,1.03173,2,0,0,150
2005,6,30,22,4,1074,0,120,1.03173,2,1,0,0
2005,6,30,22,4,1074,100,15,1.03173,2,0,0,49.421803
2005,6,30,22,4,1074,150,19,1.03173,2,0,0,150
2005,6,30,23,4,1074,0,120,1.03173,2,1,0,0
2005,6,30,23,4,1074,100,15,1.03173,2,0,0,49.421803
2005,6,30,23,4,1074,150,19,1.03173,2,0,0,150
2005,6,30,24,4,1074,0,120,1.03173,2,1,0,0
2005,6,30,24,4,1074,100,15,1.03173,2,0,0,49.421803
2005,6,30,24,4,1074,150,19,1.03173,2,0,0,150
2005,6,30,1,4,1075,0,310,1.03173,2,1,0,0
2005,6,30,1,4,1075,95,27,1.03173,2,0,0,46.89712
2005,6,30,1,4,1075,150,10.5,1.03173,2,0,0,150
2005,6,30,2,4,1075,0,310,1.03173,2,1,0,0
2005,6,30,2,4,1075,95,27,1.03173,2,0,0,46.89712
2005,6,30,2,4,1075,150,10.5,1.03173,2,0,0,150
2005,6,30,3,4,1075,0,310,1.03173,2,1,0,0
2005,6,30,3,4,1075,95,27,1.03173,2,0,0,46.89712
2005,6,30,3,4,1075,150,10.5,1.03173,2,0,0,150
2005,6,30,4,4,1075,0,310,1.03173,2,1,0,0
2005,6,30,4,4,1075,95,27,1.03173,2,0,0,46.89712
2005,6,30,4,4,1075,150,10.5,1.03173,2,0,0,150
2005,6,30,5,4,1075,0,310,1.03173,2,1,0,0
2005,6,30,5,4,1075,95,27,1.03173,2,0,0,46.89712
2005,6,30,5,4,1075,150,10.5,1.03173,2,0,0,150
2005,6,30,6,4,1075,0,310,1.03173,2,1,0,0
2005,6,30,6,4,1075,95,27,1.03173,2,0,0,46.89712
2005,6,30,6,4,1075,150,10.5,1.03173,2,0,0,150
2005,6,30,7,4,1075,0,310,1.03173,2,1,0,0
2005,6,30,7,4,1075,95,27,1.03173,2,0,0,46.89712
2005,6,30,7,4,1075,150,10.5,1.03173,2,0,0,150
2005,6,30,8,4,1075,0,310,1.03173,2,1,0,0
2005,6,30,8,4,1075,95,27,1.03173,2,0,0,46.89712
2005,6,30,8,4,1075,150,10.5,1.03173,2,0,0,150
2005,6,30,9,4,1075,0,310,1.03173,2,1,0,0
2005,6,30,9,4,1075,95,27,1.03173,2,0,0,46.89712
2005,6,30,9,4,1075,150,10.5,1.03173,2,0,0,150
2005,6,30,10,4,1075,0,310,1.03173,2,1,0,0
2005,6,30,10,4,1075,95,27,1.03173,2,0,0,46.89712
2005,6,30,10,4,1075,150,10.5,1.03173,2,0,0,150
2005,6,30,11,4,1075,0,310,1.03173,2,1,0,0
2005,6,30,11,4,1075,95,27,1.03173,2,1,0,46.89712
2005,6,30,11,4,1075,150,10.5,1.03173,2,0,0,150
2005,6,30,12,4,1075,0,310,1.03173,2,1,0,0
2005,6,30,12,4,1075,95,27,1.03173,2,1,0,46.89712
2005,6,30,12,4,1075,150,10.5,1.03173,2,0,0,150
2005,6,30,13,4,1075,0,310,1.03173,2,1,0,0
2005,6,30,13,4,1075,95,27,1.03173,2,1,0,46.89712
2005,6,30,13,4,1075,150,10.5,1.03173,2,0,0,150
2005,6,30,14,4,1075,0,310,1.03173,2,1,0,0
2005,6,30,14,4,1075,95,27,1.03173,2,1,0,46.89712
2005,6,30,14,4,1075,150,10.5,1.03173,2,0,0,150
2005,6,30,15,4,1075,0,310,1.03173,2,1,0,0
2005,6,30,15,4,1075,95,27,1.03173,2,1,0,46.89712
2005,6,30,15,4,1075,150,10.5,1.03173,2,0,0,150
2005,6,30,16,4,1075,0,310,1.03173,2,1,0,0
2005,6,30,16,4,1075,95,27,1.03173,2,1,0,46.89712
2005,6,30,16,4,1075,150,10.5,1.03173,2,0,0,150
2005,6,30,17,4,1075,0,310,1.03173,2,1,0,0
2005,6,30,17,4,1075,95,27,1.03173,2,1,0,46.89712
2005,6,30,17,4,1075,150,10.5,1.03173,2,0,0,150
2005,6,30,18,4,1075,0,310,1.03173,2,1,0,0
2005,6,30,18,4,1075,95,27,1.03173,2,1,0,46.89712
2005,6,30,18,4,1075,150,10.5,1.03173,2,0,0,150
2005,6,30,19,4,1075,0,310,1.03173,2,1,0,0
2005,6,30,19,4,1075,95,27,1.03173,2,0,0,46.89712
2005,6,30,19,4,1075,150,10.5,1.03173,2,0,0,150
2005,6,30,20,4,1075,0,310,1.03173,2,1,0,0
2005,6,30,20,4,1075,95,27,1.03173,2,0,0,46.89712
2005,6,30,20,4,1075,150,10.5,1.03173,2,0,0,150
2005,6,30,21,4,1075,0,310,1.03173,2,1,0,0
2005,6,30,21,4,1075,95,27,1.03173,2,0,0,46.89712
2005,6,30,21,4,1075,150,10.5,1.03173,2,0,0,150
2005,6,30,22,4,1075,0,310,1.03173,2,1,0,0
2005,6,30,22,4,1075,95,27,1.03173,2,0,0,46.89712
2005,6,30,22,4,1075,150,10.5,1.03173,2,0,0,150
2005,6,30,23,4,1075,0,310,1.03173,2,1,0,0
2005,6,30,23,4,1075,95,27,1.03173,2,0,0,46.89712
2005,6,30,23,4,1075,150,10.5,1.03173,2,0,0,150
2005,6,30,24,4,1075,0,310,1.03173,2,1,0,0
2005,6,30,24,4,1075,95,27,1.03173,2,0,0,46.89712
2005,6,30,24,4,1075,150,10.5,1.03173,2,0,0,150
2005,6,30,1,9,189,0,1.9,0,2,1,0,0
2005,6,30,2,9,189,0,1.9,0,2,1,0,0
2005,6,30,3,9,189,0,1.9,0,2,1,0,0
2005,6,30,4,9,189,0,1.9,0,2,1,0,0
2005,6,30,5,9,189,0,1.9,0,2,1,0,0
2005,6,30,6,9,189,0,1.9,0,2,1,0,0
2005,6,30,7,9,189,0,1.9,0,2,1,0,0
2005,6,30,8,9,189,0,1.9,0,2,1,0,0
2005,6,30,9,9,189,0,1.9,0,2,1,0,0
2005,6,30,10,9,189,0,1.9,0,2,1,0,0
2005,6,30,11,9,189,0,1.8,0,2,1,0,0
2005,6,30,12,9,189,0,1.7,0,2,1,0,0
2005,6,30,13,9,189,0,1.7,0,2,1,0,0
2005,6,30,14,9,189,0,1.7,0,2,1,0,0
2005,6,30,15,9,189,0,1.7,0,2,1,0,0
2005,6,30,16,9,189,0,1.7,0,2,1,0,0
2005,6,30,17,9,189,0,1.7,0,2,1,0,0
2005,6,30,18,9,189,0,1.7,0,2,1,0,0
2005,6,30,19,9,189,0,1.7,0,2,1,0,0
2005,6,30,20,9,189,0,1.7,0,2,1,0,0
2005,6,30,21,9,189,0,1.8,0,2,1,0,0
2005,6,30,22,9,189,0,1.8,0,2,1,0,0
2005,6,30,23,9,189,0,1.8,0,2,1,0,0
2005,6,30,24,9,189,0,1.8,0,2,1,0,0
2005,6,30,1,9,190,18,40.6,0,1,0,0,18
2005,6,30,1,9,190,20,60.8,0,1,0,0,20
2005,6,30,1,9,190,24,30.4,0,1,0,0,24
2005,6,30,1,9,190,45,50.7,0,1,0,0,45
2005,6,30,1,9,190,51,71,0,1,1,0,51
2005,6,30,2,9,190,18,30.4,0,1,0,0,18
2005,6,30,2,9,190,20,60.8,0,1,0,0,20
2005,6,30,2,9,190,24,30.4,0,1,0,0,24
2005,6,30,2,9,190,45,50.7,0,1,1,0,45
2005,6,30,2,9,190,51,50.7,0,1,1,0,51
2005,6,30,3,9,190,18,81.1,0,1,0,0,18
2005,6,30,3,9,190,20,60.8,0,1,0,0,20
2005,6,30,3,9,190,24,30.4,0,1,0,0,24
2005,6,30,3,9,190,45,50.7,0,1,1,0,45
2005,6,30,4,9,190,18,192.7,0,1,0,0,18
2005,6,30,4,9,190,24,30.4,0,1,0,0,24
2005,6,30,5,9,190,18,192.7,0,1,0,0,18
2005,6,30,5,9,190,24,30.4,0,1,0,0,24
2005,6,30,6,9,190,18,131.8,0,1,0,0,18
2005,6,30,6,9,190,20,60.8,0,1,0,0,20
2005,6,30,6,9,190,24,30.4,0,1,0,0,24
2005,6,30,7,9,190,18,202.8,0,1,0,0,18
2005,6,30,7,9,190,20,20.3,0,1,0,0,20
2005,6,30,8,9,190,18,243.4,0,1,0,0,18
2005,6,30,9,9,190,15,152.6,0,1,0,0,15
2005,6,30,9,9,190,17,20.3,0,1,0,0,17
2005,6,30,10,9,190,15,172.9,0,1,0,0,15
2005,6,30,10,9,190,17,30.5,0,1,0,0,17
2005,6,30,11,9,190,15,101.7,0,1,0,0,15
2005,6,30,11,9,190,17,61,0,1,0,0,17
2005,6,30,11,9,190,21,30.5,0,1,0,0,21
2005,6,30,11,9,190,42,10.2,0,1,0,0,42
2005,6,30,12,9,190,15,20.3,0,1,0,0,15
2005,6,30,12,9,190,17,61,0,1,0,0,17
2005,6,30,12,9,190,21,30.5,0,1,0,0,21
2005,6,30,12,9,190,42,50.9,0,1,0,0,42
2005,6,30,12,9,190,48,40.7,0,1,0,0,48
2005,6,30,13,9,190,17,50.9,0,1,0,0,17
2005,6,30,13,9,190,21,30.5,0,1,0,0,21
2005,6,30,13,9,190,42,50.9,0,1,0,0,42
2005,6,30,13,9,190,48,71.2,0,1,0,0,48
2005,6,30,14,9,190,17,50.9,0,1,0,0,17
2005,6,30,14,9,190,21,30.5,0,1,0,0,21
2005,6,30,14,9,190,42,50.9,0,1,0,0,42
2005,6,30,14,9,190,48,71.2,0,1,0,0,48
2005,6,30,15,9,190,17,50.9,0,1,0,0,17
2005,6,30,15,9,190,21,30.5,0,1,0,0,21
2005,6,30,15,9,190,42,50.9,0,1,0,0,42
2005,6,30,15,9,190,48,71.2,0,1,0,0,48
2005,6,30,16,9,190,17,50.9,0,1,0,0,17
2005,6,30,16,9,190,21,30.5,0,1,0,0,21
2005,6,30,16,9,190,42,50.9,0,1,0,0,42
2005,6,30,16,9,190,48,71.2,0,1,0,0,48
2005,6,30,17,9,190,17,50.9,0,1,0,0,17
2005,6,30,17,9,190,21,30.5,0,1,0,0,21
2005,6,30,17,9,190,42,50.9,0,1,0,0,42
2005,6,30,17,9,190,48,71.2,0,1,0,0,48
2005,6,30,18,9,190,17,50.9,0,1,0,0,17
2005,6,30,18,9,190,21,30.5,0,1,0,0,21
2005,6,30,18,9,190,42,50.9,0,1,0,0,42
2005,6,30,18,9,190,48,71.2,0,1,0,0,48
2005,6,30,19,9,190,17,50.9,0,1,0,0,17
2005,6,30,19,9,190,21,30.5,0,1,0,0,21
2005,6,30,19,9,190,42,50.9,0,1,0,0,42
2005,6,30,19,9,190,48,71.2,0,1,0,0,48
2005,6,30,20,9,190,17,50.9,0,1,0,0,17
2005,6,30,20,9,190,21,30.5,0,1,0,0,21
2005,6,30,20,9,190,42,50.9,0,1,0,0,42
2005,6,30,20,9,190,48,71.2,0,1,0,0,48
2005,6,30,21,9,190,17,50.9,0,1,0,0,17
2005,6,30,21,9,190,21,30.5,0,1,0,0,21
2005,6,30,21,9,190,42,50.9,0,1,0,0,42
2005,6,30,21,9,190,48,71.2,0,1,0,0,48
2005,6,30,22,9,190,17,50.9,0,1,0,0,17
2005,6,30,22,9,190,21,30.5,0,1,0,0,21
2005,6,30,22,9,190,42,50.9,0,1,0,0,42
2005,6,30,22,9,190,48,71.2,0,1,0,0,48
2005,6,30,23,9,190,17,50.9,0,1,0,0,17
2005,6,30,23,9,190,21,30.5,0,1,0,0,21
2005,6,30,23,9,190,42,50.9,0,1,0,0,42
2005,6,30,23,9,190,48,71.2,0,1,0,0,48
2005,6,30,24,9,190,17,20.3,0,1,0,0,17
2005,6,30,24,9,190,21,30.5,0,1,0,0,21
2005,6,30,24,9,190,42,50.9,0,1,0,0,42
2005,6,30,24,9,190,48,71.2,0,1,0,0,48
2005,6,30,1,9,191,180,1,0,2,0,0,180
2005,6,30,1,9,192,0,3.1,0,2,1,0,0
2005,6,30,2,9,192,0,3.1,0,2,1,0,0
2005,6,30,3,9,192,0,3.1,0,2,1,0,0
2005,6,30,4,9,192,0,3.1,0,2,1,0,0
2005,6,30,5,9,192,0,3.1,0,2,1,0,0
2005,6,30,6,9,192,0,3.1,0,2,1,0,0
2005,6,30,7,9,192,0,3.1,0,2,1,0,0
2005,6,30,8,9,192,0,2.9,0,2,1,0,0
2005,6,30,9,9,192,0,2.9,0,2,1,0,0
2005,6,30,10,9,192,0,2.9,0,2,1,0,0
2005,6,30,11,9,192,0,2.9,0,2,1,0,0
2005,6,30,12,9,192,0,2.8,0,2,1,0,0
2005,6,30,13,9,192,0,2.8,0,2,1,0,0
2005,6,30,14,9,192,0,2.8,0,2,1,0,0
2005,6,30,15,9,192,0,2.8,0,2,1,0,0
2005,6,30,16,9,192,0,2.8,0,2,1,0,0
2005,6,30,17,9,192,0,2.8,0,2,1,0,0
2005,6,30,18,9,192,0,2.8,0,2,1,0,0
2005,6,30,19,9,192,0,2.8,0,2,1,0,0
2005,6,30,20,9,192,0,2.8,0,2,1,0,0
2005,6,30,21,9,192,0,2.8,0,2,1,0,0
2005,6,30,22,9,192,0,3,0,2,1,0,0
2005,6,30,23,9,192,0,3,0,2,1,0,0
2005,6,30,24,9,192,0,3.1,0,2,1,0,0
2005,6,30,1,4,1076,0,250,.34893,2,1,0,0
2005,6,30,1,4,1076,35,50,.34893,2,1,0,43.53028
2005,6,30,1,4,1076,36,60,.34893,2,1,0,43.53028
2005,6,30,1,4,1076,149,26.7,.34893,2,0,0,149
2005,6,30,1,4,1076,150,7.4,.34893,2,0,0,150
2005,6,30,2,4,1076,0,214,.34893,2,1,0,0
2005,6,30,2,4,1076,33,36,.34893,2,1,0,43.53028
2005,6,30,2,4,1076,35,50,.34893,2,1,0,43.53028
2005,6,30,2,4,1076,36,60,.34893,2,1,0,43.53028
2005,6,30,2,4,1076,149,26.7,.34893,2,0,0,149
2005,6,30,2,4,1076,150,7.4,.34893,2,0,0,150
2005,6,30,3,4,1076,0,213,.34893,2,1,0,0
2005,6,30,3,4,1076,33,37,.34893,2,1,0,43.53028
2005,6,30,3,4,1076,35,50,.34893,2,1,0,43.53028
2005,6,30,3,4,1076,36,60,.34893,2,1,0,43.53028
2005,6,30,3,4,1076,149,26.7,.34893,2,0,0,149
2005,6,30,3,4,1076,150,7.4,.34893,2,0,0,150
2005,6,30,4,4,1076,1,213,.34893,2,1,0,1
2005,6,30,4,4,1076,33,37,.34893,2,1,0,43.53028
2005,6,30,4,4,1076,35,50,.34893,2,1,0,43.53028
2005,6,30,4,4,1076,36,60,.34893,2,1,0,43.53028
2005,6,30,4,4,1076,149,26.7,.34893,2,0,0,149
2005,6,30,4,4,1076,150,7.4,.34893,2,0,0,150
2005,6,30,5,4,1076,1,213,.34893,2,1,0,1
2005,6,30,5,4,1076,33,37,.34893,2,1,0,43.53028
2005,6,30,5,4,1076,35,50,.34893,2,1,0,43.53028
2005,6,30,5,4,1076,36,60,.34893,2,1,0,43.53028
2005,6,30,5,4,1076,149,26.7,.34893,2,0,0,149
2005,6,30,5,4,1076,150,7.4,.34893,2,0,0,150
2005,6,30,6,4,1076,1,213,.34893,2,1,0,1
2005,6,30,6,4,1076,33,37,.34893,2,1,0,43.53028
2005,6,30,6,4,1076,35,50,.34893,2,1,0,43.53028
2005,6,30,6,4,1076,36,60,.34893,2,1,0,43.53028
2005,6,30,6,4,1076,149,26.7,.34893,2,0,0,149
2005,6,30,6,4,1076,150,7.4,.34893,2,0,0,150
2005,6,30,7,4,1076,1,213,.34893,2,1,0,1
2005,6,30,7,4,1076,33,37,.34893,2,1,0,43.53028
2005,6,30,7,4,1076,35,50,.34893,2,1,0,43.53028
2005,6,30,7,4,1076,36,60,.34893,2,1,0,43.53028
2005,6,30,7,4,1076,149,26.7,.34893,2,0,0,149
2005,6,30,7,4,1076,150,7.4,.34893,2,0,0,150
2005,6,30,8,4,1076,1,213,.34893,2,1,0,1
2005,6,30,8,4,1076,33,37,.34893,2,1,0,43.53028
2005,6,30,8,4,1076,35,50,.34893,2,1,0,43.53028
2005,6,30,8,4,1076,36,60,.34893,2,1,0,43.53028
2005,6,30,8,4,1076,149,26.7,.34893,2,0,0,149
2005,6,30,8,4,1076,150,7.4,.34893,2,0,0,150
2005,6,30,9,4,1076,1,213,.34893,2,1,0,1
2005,6,30,9,4,1076,33,37,.34893,2,1,0,43.53028
2005,6,30,9,4,1076,35,50,.34893,2,1,0,43.53028
2005,6,30,9,4,1076,36,40,.34893,2,1,0,43.53028
2005,6,30,9,4,1076,149,46.7,.34893,2,0,0,149
2005,6,30,9,4,1076,150,7.4,.34893,2,0,0,150
2005,6,30,10,4,1076,1,213,.34893,2,1,0,1
2005,6,30,10,4,1076,33,37,.34893,2,1,0,43.53028
2005,6,30,10,4,1076,35,50,.34893,2,1,0,43.53028
2005,6,30,10,4,1076,36,40,.34893,2,1,0,43.53028
2005,6,30,10,4,1076,149,46.7,.34893,2,0,0,149
2005,6,30,10,4,1076,150,7.4,.34893,2,0,0,150
2005,6,30,11,4,1076,1,213,.34893,2,1,0,1
2005,6,30,11,4,1076,33,37,.34893,2,1,0,43.53028
2005,6,30,11,4,1076,35,50,.34893,2,1,0,43.53028
2005,6,30,11,4,1076,36,40,.34893,2,1,0,43.53028
2005,6,30,11,4,1076,149,46.7,.34893,2,0,0,149
2005,6,30,11,4,1076,150,7.4,.34893,2,0,0,150
2005,6,30,12,4,1076,1,213,.34893,2,1,0,1
2005,6,30,12,4,1076,33,37,.34893,2,1,0,43.53028
2005,6,30,12,4,1076,35,50,.34893,2,1,0,43.53028
2005,6,30,12,4,1076,36,40,.34893,2,1,0,43.53028
2005,6,30,12,4,1076,149,46.7,.34893,2,0,0,149
2005,6,30,12,4,1076,150,7.4,.34893,2,0,0,150
2005,6,30,13,4,1076,1,213,.34893,2,1,0,1
2005,6,30,13,4,1076,33,37,.34893,2,1,0,43.53028
2005,6,30,13,4,1076,35,50,.34893,2,1,0,43.53028
2005,6,30,13,4,1076,36,40,.34893,2,1,0,43.53028
2005,6,30,13,4,1076,149,46.7,.34893,2,0,0,149
2005,6,30,13,4,1076,150,7.4,.34893,2,0,0,150
2005,6,30,14,4,1076,1,213,.34893,2,1,0,1
2005,6,30,14,4,1076,33,37,.34893,2,1,0,43.53028
2005,6,30,14,4,1076,35,50,.34893,2,1,0,43.53028
2005,6,30,14,4,1076,36,40,.34893,2,1,0,43.53028
2005,6,30,14,4,1076,149,46.7,.34893,2,0,0,149
2005,6,30,14,4,1076,150,7.4,.34893,2,0,0,150
2005,6,30,15,4,1076,1,213,.34893,2,1,0,1
2005,6,30,15,4,1076,33,37,.34893,2,1,0,43.53028
2005,6,30,15,4,1076,35,50,.34893,2,1,0,43.53028
2005,6,30,15,4,1076,36,40,.34893,2,1,0,43.53028
2005,6,30,15,4,1076,149,46.7,.34893,2,0,0,149
2005,6,30,15,4,1076,150,7.4,.34893,2,0,0,150
2005,6,30,16,4,1076,1,213,.34893,2,1,0,1
2005,6,30,16,4,1076,33,37,.34893,2,1,0,43.53028
2005,6,30,16,4,1076,35,50,.34893,2,1,0,43.53028
2005,6,30,16,4,1076,36,40,.34893,2,1,0,43.53028
2005,6,30,16,4,1076,149,46.7,.34893,2,0,0,149
2005,6,30,16,4,1076,150,7.4,.34893,2,0,0,150
2005,6,30,17,4,1076,1,213,.34893,2,1,0,1
2005,6,30,17,4,1076,33,37,.34893,2,1,0,43.53028
2005,6,30,17,4,1076,35,50,.34893,2,1,0,43.53028
2005,6,30,17,4,1076,36,40,.34893,2,1,0,43.53028
2005,6,30,17,4,1076,149,46.7,.34893,2,0,0,149
2005,6,30,17,4,1076,150,7.4,.34893,2,0,0,150
2005,6,30,18,4,1076,1,213,.34893,2,1,0,1
2005,6,30,18,4,1076,33,37,.34893,2,1,0,43.53028
2005,6,30,18,4,1076,35,50,.34893,2,1,0,43.53028
2005,6,30,18,4,1076,36,40,.34893,2,1,0,43.53028
2005,6,30,18,4,1076,149,46.7,.34893,2,0,0,149
2005,6,30,18,4,1076,150,7.4,.34893,2,0,0,150
2005,6,30,19,4,1076,1,213,.34893,2,1,0,1
2005,6,30,19,4,1076,33,37,.34893,2,1,0,43.53028
2005,6,30,19,4,1076,35,50,.34893,2,1,0,43.53028
2005,6,30,19,4,1076,36,40,.34893,2,1,0,43.53028
2005,6,30,19,4,1076,149,46.7,.34893,2,0,0,149
2005,6,30,19,4,1076,150,7.4,.34893,2,0,0,150
2005,6,30,20,4,1076,1,213,.34893,2,1,0,1
2005,6,30,20,4,1076,33,37,.34893,2,1,0,43.53028
2005,6,30,20,4,1076,35,50,.34893,2,1,0,43.53028
2005,6,30,20,4,1076,36,40,.34893,2,1,0,43.53028
2005,6,30,20,4,1076,149,46.7,.34893,2,0,0,149
2005,6,30,20,4,1076,150,7.4,.34893,2,0,0,150
2005,6,30,21,4,1076,1,213,.34893,2,1,0,1
2005,6,30,21,4,1076,33,37,.34893,2,1,0,43.53028
2005,6,30,21,4,1076,35,50,.34893,2,1,0,43.53028
2005,6,30,21,4,1076,36,40,.34893,2,1,0,43.53028
2005,6,30,21,4,1076,149,46.7,.34893,2,0,0,149
2005,6,30,21,4,1076,150,7.4,.34893,2,0,0,150
2005,6,30,22,4,1076,1,213,.34893,2,1,0,1
2005,6,30,22,4,1076,33,37,.34893,2,1,0,43.53028
2005,6,30,22,4,1076,35,50,.34893,2,1,0,43.53028
2005,6,30,22,4,1076,36,60,.34893,2,1,0,43.53028
2005,6,30,22,4,1076,149,26.7,.34893,2,0,0,149
2005,6,30,22,4,1076,150,7.4,.34893,2,0,0,150
2005,6,30,23,4,1076,1,213,.34893,2,1,0,1
2005,6,30,23,4,1076,33,37,.34893,2,1,0,43.53028
2005,6,30,23,4,1076,35,50,.34893,2,1,0,43.53028
2005,6,30,23,4,1076,36,60,.34893,2,1,0,43.53028
2005,6,30,23,4,1076,149,26.7,.34893,2,0,0,149
2005,6,30,23,4,1076,150,7.4,.34893,2,0,0,150
2005,6,30,24,4,1076,1,213,.34893,2,1,0,1
2005,6,30,24,4,1076,33,37,.34893,2,1,0,43.53028
2005,6,30,24,4,1076,35,50,.34893,2,1,0,43.53028
2005,6,30,24,4,1076,36,60,.34893,2,1,0,43.53028
2005,6,30,24,4,1076,149,26.7,.34893,2,0,0,149
2005,6,30,24,4,1076,150,7.4,.34893,2,0,0,150
2005,6,30,1,4,1077,0,250,.34893,2,1,0,0
2005,6,30,1,4,1077,35.01,50,.34893,2,1,0,43.53028
2005,6,30,1,4,1077,36.01,60,.34893,2,1,0,43.53028
2005,6,30,1,4,1077,149,26.5,.34893,2,0,0,149
2005,6,30,1,4,1077,150,2.7,.34893,2,0,0,150
2005,6,30,2,4,1077,0,214,.34893,2,1,0,0
2005,6,30,2,4,1077,33.01,36,.34893,2,1,0,43.53028
2005,6,30,2,4,1077,35.01,50,.34893,2,1,0,43.53028
2005,6,30,2,4,1077,36.01,60,.34893,2,1,0,43.53028
2005,6,30,2,4,1077,149,26.5,.34893,2,0,0,149
2005,6,30,2,4,1077,150,2.7,.34893,2,0,0,150
2005,6,30,3,4,1077,0,213,.34893,2,1,0,0
2005,6,30,3,4,1077,33.01,37,.34893,2,1,0,43.53028
2005,6,30,3,4,1077,35.01,50,.34893,2,1,0,43.53028
2005,6,30,3,4,1077,36.01,60,.34893,2,1,0,43.53028
2005,6,30,3,4,1077,149,26.5,.34893,2,0,0,149
2005,6,30,3,4,1077,150,2.7,.34893,2,0,0,150
2005,6,30,4,4,1077,1.01,213,.34893,2,1,0,1.01
2005,6,30,4,4,1077,33.01,37,.34893,2,1,0,43.53028
2005,6,30,4,4,1077,35.01,50,.34893,2,1,0,43.53028
2005,6,30,4,4,1077,36.01,60,.34893,2,1,0,43.53028
2005,6,30,4,4,1077,149,26.5,.34893,2,0,0,149
2005,6,30,4,4,1077,150,2.7,.34893,2,0,0,150
2005,6,30,5,4,1077,1.01,213,.34893,2,1,0,1.01
2005,6,30,5,4,1077,33.01,37,.34893,2,1,0,43.53028
2005,6,30,5,4,1077,35.01,50,.34893,2,1,0,43.53028
2005,6,30,5,4,1077,36.01,60,.34893,2,1,0,43.53028
2005,6,30,5,4,1077,149,26.5,.34893,2,0,0,149
2005,6,30,5,4,1077,150,2.7,.34893,2,0,0,150
2005,6,30,6,4,1077,1.01,213,.34893,2,1,0,1.01
2005,6,30,6,4,1077,33.01,37,.34893,2,1,0,43.53028
2005,6,30,6,4,1077,35.01,50,.34893,2,1,0,43.53028
2005,6,30,6,4,1077,36.01,60,.34893,2,1,0,43.53028
2005,6,30,6,4,1077,149,26.5,.34893,2,0,0,149
2005,6,30,6,4,1077,150,2.7,.34893,2,0,0,150
2005,6,30,7,4,1077,1.01,213,.34893,2,1,0,1.01
2005,6,30,7,4,1077,33.01,37,.34893,2,1,0,43.53028
2005,6,30,7,4,1077,35.01,50,.34893,2,1,0,43.53028
2005,6,30,7,4,1077,36.01,60,.34893,2,1,0,43.53028
2005,6,30,7,4,1077,149,26.5,.34893,2,0,0,149
2005,6,30,7,4,1077,150,2.7,.34893,2,0,0,150
2005,6,30,8,4,1077,1.01,213,.34893,2,1,0,1.01
2005,6,30,8,4,1077,33.01,37,.34893,2,1,0,43.53028
2005,6,30,8,4,1077,35.01,50,.34893,2,1,0,43.53028
2005,6,30,8,4,1077,36.01,60,.34893,2,1,0,43.53028
2005,6,30,8,4,1077,149,26.5,.34893,2,0,0,149
2005,6,30,8,4,1077,150,2.7,.34893,2,0,0,150
2005,6,30,9,4,1077,1.01,213,.34893,2,1,0,1.01
2005,6,30,9,4,1077,33.01,37,.34893,2,1,0,43.53028
2005,6,30,9,4,1077,35.01,50,.34893,2,1,0,43.53028
2005,6,30,9,4,1077,36.01,50,.34893,2,1,0,43.53028
2005,6,30,9,4,1077,149,36.5,.34893,2,0,0,149
2005,6,30,9,4,1077,150,2.7,.34893,2,0,0,150
2005,6,30,10,4,1077,1.01,213,.34893,2,1,0,1.01
2005,6,30,10,4,1077,33.01,37,.34893,2,1,0,43.53028
2005,6,30,10,4,1077,35.01,50,.34893,2,1,0,43.53028
2005,6,30,10,4,1077,36.01,40,.34893,2,1,0,43.53028
2005,6,30,10,4,1077,149,46.5,.34893,2,0,0,149
2005,6,30,10,4,1077,150,2.7,.34893,2,0,0,150
2005,6,30,11,4,1077,1.01,213,.34893,2,1,0,1.01
2005,6,30,11,4,1077,33.01,37,.34893,2,1,0,43.53028
2005,6,30,11,4,1077,35.01,50,.34893,2,1,0,43.53028
2005,6,30,11,4,1077,36.01,40,.34893,2,1,0,43.53028
2005,6,30,11,4,1077,149,46.5,.34893,2,0,0,149
2005,6,30,11,4,1077,150,2.7,.34893,2,0,0,150
2005,6,30,12,4,1077,1.01,213,.34893,2,1,0,1.01
2005,6,30,12,4,1077,33.01,37,.34893,2,1,0,43.53028
2005,6,30,12,4,1077,35.01,50,.34893,2,1,0,43.53028
2005,6,30,12,4,1077,36.01,40,.34893,2,1,0,43.53028
2005,6,30,12,4,1077,149,46.5,.34893,2,0,0,149
2005,6,30,12,4,1077,150,2.7,.34893,2,0,0,150
2005,6,30,13,4,1077,1.01,213,.34893,2,1,0,1.01
2005,6,30,13,4,1077,33.01,37,.34893,2,1,0,43.53028
2005,6,30,13,4,1077,35.01,50,.34893,2,1,0,43.53028
2005,6,30,13,4,1077,36.01,40,.34893,2,1,0,43.53028
2005,6,30,13,4,1077,149,46.5,.34893,2,0,0,149
2005,6,30,13,4,1077,150,2.7,.34893,2,0,0,150
2005,6,30,14,4,1077,1.01,213,.34893,2,1,0,1.01
2005,6,30,14,4,1077,33.01,37,.34893,2,1,0,43.53028
2005,6,30,14,4,1077,35.01,50,.34893,2,1,0,43.53028
2005,6,30,14,4,1077,36.01,40,.34893,2,1,0,43.53028
2005,6,30,14,4,1077,149,46.5,.34893,2,0,0,149
2005,6,30,14,4,1077,150,2.7,.34893,2,0,0,150
2005,6,30,15,4,1077,1.01,213,.34893,2,1,0,1.01
2005,6,30,15,4,1077,33.01,37,.34893,2,1,0,43.53028
2005,6,30,15,4,1077,35.01,50,.34893,2,1,0,43.53028
2005,6,30,15,4,1077,36.01,40,.34893,2,1,0,43.53028
2005,6,30,15,4,1077,149,46.5,.34893,2,0,0,149
2005,6,30,15,4,1077,150,2.7,.34893,2,0,0,150
2005,6,30,16,4,1077,1.01,213,.34893,2,1,0,1.01
2005,6,30,16,4,1077,33.01,37,.34893,2,1,0,43.53028
2005,6,30,16,4,1077,35.01,50,.34893,2,1,0,43.53028
2005,6,30,16,4,1077,36.01,40,.34893,2,1,0,43.53028
2005,6,30,16,4,1077,149,46.5,.34893,2,0,0,149
2005,6,30,16,4,1077,150,2.7,.34893,2,0,0,150
2005,6,30,17,4,1077,1.01,213,.34893,2,1,0,1.01
2005,6,30,17,4,1077,33.01,37,.34893,2,1,0,43.53028
2005,6,30,17,4,1077,35.01,50,.34893,2,1,0,43.53028
2005,6,30,17,4,1077,36.01,40,.34893,2,1,0,43.53028
2005,6,30,17,4,1077,149,46.5,.34893,2,0,0,149
2005,6,30,17,4,1077,150,2.7,.34893,2,0,0,150
2005,6,30,18,4,1077,1.01,213,.34893,2,1,0,1.01
2005,6,30,18,4,1077,33.01,37,.34893,2,1,0,43.53028
2005,6,30,18,4,1077,35.01,50,.34893,2,1,0,43.53028
2005,6,30,18,4,1077,36.01,40,.34893,2,1,0,43.53028
2005,6,30,18,4,1077,149,46.5,.34893,2,0,0,149
2005,6,30,18,4,1077,150,2.7,.34893,2,0,0,150
2005,6,30,19,4,1077,1.01,213,.34893,2,1,0,1.01
2005,6,30,19,4,1077,33.01,37,.34893,2,1,0,43.53028
2005,6,30,19,4,1077,35.01,50,.34893,2,1,0,43.53028
2005,6,30,19,4,1077,36.01,40,.34893,2,1,0,43.53028
2005,6,30,19,4,1077,149,46.5,.34893,2,0,0,149
2005,6,30,19,4,1077,150,2.7,.34893,2,0,0,150
2005,6,30,20,4,1077,1.01,213,.34893,2,1,0,1.01
2005,6,30,20,4,1077,33.01,37,.34893,2,1,0,43.53028
2005,6,30,20,4,1077,35.01,50,.34893,2,1,0,43.53028
2005,6,30,20,4,1077,36.01,50,.34893,2,1,0,43.53028
2005,6,30,20,4,1077,149,36.5,.34893,2,0,0,149
2005,6,30,20,4,1077,150,2.7,.34893,2,0,0,150
2005,6,30,21,4,1077,1.01,213,.34893,2,1,0,1.01
2005,6,30,21,4,1077,33.01,37,.34893,2,1,0,43.53028
2005,6,30,21,4,1077,35.01,50,.34893,2,1,0,43.53028
2005,6,30,21,4,1077,36.01,50,.34893,2,1,0,43.53028
2005,6,30,21,4,1077,149,36.5,.34893,2,0,0,149
2005,6,30,21,4,1077,150,2.7,.34893,2,0,0,150
2005,6,30,22,4,1077,1.01,213,.34893,2,1,0,1.01
2005,6,30,22,4,1077,33.01,37,.34893,2,1,0,43.53028
2005,6,30,22,4,1077,35.01,50,.34893,2,1,0,43.53028
2005,6,30,22,4,1077,36.01,60,.34893,2,1,0,43.53028
2005,6,30,22,4,1077,149,26.5,.34893,2,0,0,149
2005,6,30,22,4,1077,150,2.7,.34893,2,0,0,150
2005,6,30,23,4,1077,1.01,213,.34893,2,1,0,1.01
2005,6,30,23,4,1077,33.01,37,.34893,2,1,0,43.53028
2005,6,30,23,4,1077,35.01,50,.34893,2,1,0,43.53028
2005,6,30,23,4,1077,36.01,60,.34893,2,1,0,43.53028
2005,6,30,23,4,1077,149,26.5,.34893,2,0,0,149
2005,6,30,23,4,1077,150,2.7,.34893,2,0,0,150
2005,6,30,24,4,1077,1.01,213,.34893,2,1,0,1.01
2005,6,30,24,4,1077,33.01,37,.34893,2,1,0,43.53028
2005,6,30,24,4,1077,35.01,50,.34893,2,1,0,43.53028
2005,6,30,24,4,1077,36.01,60,.34893,2,1,0,43.53028
2005,6,30,24,4,1077,149,26.5,.34893,2,0,0,149
2005,6,30,24,4,1077,150,2.7,.34893,2,0,0,150
2005,6,30,1,4,1078,1,213,.34893,2,1,0,1
2005,6,30,1,4,1078,33,37,.34893,2,1,0,43.25077
2005,6,30,1,4,1078,35,50,.34893,2,1,0,43.25077
2005,6,30,1,4,1078,37.03,70,.34893,2,1,0,43.25077
2005,6,30,1,4,1078,149,14,.34893,2,0,0,149
2005,6,30,2,4,1078,1,213,.34893,2,1,0,1
2005,6,30,2,4,1078,33,37,.34893,2,1,0,43.25077
2005,6,30,2,4,1078,35,50,.34893,2,1,0,43.25077
2005,6,30,2,4,1078,37.03,70,.34893,2,1,0,43.25077
2005,6,30,2,4,1078,149,14,.34893,2,0,0,149
2005,6,30,3,4,1078,1,213,.34893,2,1,0,1
2005,6,30,3,4,1078,33,37,.34893,2,1,0,43.25077
2005,6,30,3,4,1078,35,50,.34893,2,1,0,43.25077
2005,6,30,3,4,1078,37.03,70,.34893,2,1,0,43.25077
2005,6,30,3,4,1078,149,14,.34893,2,0,0,149
2005,6,30,4,4,1078,1,213,.34893,2,1,0,1
2005,6,30,4,4,1078,33,37,.34893,2,1,0,43.25077
2005,6,30,4,4,1078,35,50,.34893,2,1,0,43.25077
2005,6,30,4,4,1078,37.03,70,.34893,2,1,0,43.25077
2005,6,30,4,4,1078,149,14,.34893,2,0,0,149
2005,6,30,5,4,1078,1,213,.34893,2,1,0,1
2005,6,30,5,4,1078,33,37,.34893,2,1,0,43.25077
2005,6,30,5,4,1078,35,50,.34893,2,1,0,43.25077
2005,6,30,5,4,1078,37.03,70,.34893,2,1,0,43.25077
2005,6,30,5,4,1078,149,14,.34893,2,0,0,149
2005,6,30,6,4,1078,1,213,.34893,2,1,0,1
2005,6,30,6,4,1078,33,37,.34893,2,1,0,43.25077
2005,6,30,6,4,1078,35,50,.34893,2,1,0,43.25077
2005,6,30,6,4,1078,37.03,70,.34893,2,1,0,43.25077
2005,6,30,6,4,1078,149,14,.34893,2,0,0,149
2005,6,30,7,4,1078,1,213,.34893,2,1,0,1
2005,6,30,7,4,1078,33,37,.34893,2,1,0,43.25077
2005,6,30,7,4,1078,35,50,.34893,2,1,0,43.25077
2005,6,30,7,4,1078,37.03,50,.34893,2,1,0,43.25077
2005,6,30,7,4,1078,149,34,.34893,2,0,0,149
2005,6,30,8,4,1078,1,213,.34893,2,1,0,1
2005,6,30,8,4,1078,33,37,.34893,2,1,0,43.25077
2005,6,30,8,4,1078,35,50,.34893,2,1,0,43.25077
2005,6,30,8,4,1078,37.03,50,.34893,2,1,0,43.25077
2005,6,30,8,4,1078,149,34,.34893,2,0,0,149
2005,6,30,9,4,1078,1,213,.34893,2,1,0,1
2005,6,30,9,4,1078,33,37,.34893,2,1,0,43.25077
2005,6,30,9,4,1078,35,50,.34893,2,1,0,43.25077
2005,6,30,9,4,1078,37.03,50,.34893,2,1,0,43.25077
2005,6,30,9,4,1078,149,34,.34893,2,0,0,149
2005,6,30,10,4,1078,1,213,.34893,2,1,0,1
2005,6,30,10,4,1078,33,37,.34893,2,1,0,43.25077
2005,6,30,10,4,1078,35,50,.34893,2,1,0,43.25077
2005,6,30,10,4,1078,37.03,50,.34893,2,1,0,43.25077
2005,6,30,10,4,1078,149,34,.34893,2,0,0,149
2005,6,30,11,4,1078,1,213,.34893,2,1,0,1
2005,6,30,11,4,1078,33,37,.34893,2,1,0,43.25077
2005,6,30,11,4,1078,35,50,.34893,2,1,0,43.25077
2005,6,30,11,4,1078,37.03,50,.34893,2,1,0,43.25077
2005,6,30,11,4,1078,149,34,.34893,2,0,0,149
2005,6,30,12,4,1078,1,213,.34893,2,1,0,1
2005,6,30,12,4,1078,33,37,.34893,2,1,0,43.25077
2005,6,30,12,4,1078,35,50,.34893,2,1,0,43.25077
2005,6,30,12,4,1078,37.03,50,.34893,2,1,0,43.25077
2005,6,30,12,4,1078,149,34,.34893,2,0,0,149
2005,6,30,13,4,1078,1,213,.34893,2,1,0,1
2005,6,30,13,4,1078,33,37,.34893,2,1,0,43.25077
2005,6,30,13,4,1078,35,50,.34893,2,1,0,43.25077
2005,6,30,13,4,1078,37.03,50,.34893,2,1,0,43.25077
2005,6,30,13,4,1078,149,34,.34893,2,0,0,149
2005,6,30,14,4,1078,1,213,.34893,2,1,0,1
2005,6,30,14,4,1078,33,37,.34893,2,1,0,43.25077
2005,6,30,14,4,1078,35,50,.34893,2,1,0,43.25077
2005,6,30,14,4,1078,37.03,50,.34893,2,1,0,43.25077
2005,6,30,14,4,1078,149,34,.34893,2,0,0,149
2005,6,30,15,4,1078,1,213,.34893,2,1,0,1
2005,6,30,15,4,1078,33,37,.34893,2,1,0,43.25077
2005,6,30,15,4,1078,35,50,.34893,2,1,0,43.25077
2005,6,30,15,4,1078,37.03,50,.34893,2,1,0,43.25077
2005,6,30,15,4,1078,149,34,.34893,2,0,0,149
2005,6,30,16,4,1078,1,213,.34893,2,1,0,1
2005,6,30,16,4,1078,33,37,.34893,2,1,0,43.25077
2005,6,30,16,4,1078,35,50,.34893,2,1,0,43.25077
2005,6,30,16,4,1078,37.03,50,.34893,2,1,0,43.25077
2005,6,30,16,4,1078,149,34,.34893,2,0,0,149
2005,6,30,17,4,1078,1,213,.34893,2,1,0,1
2005,6,30,17,4,1078,33,37,.34893,2,1,0,43.25077
2005,6,30,17,4,1078,35,50,.34893,2,1,0,43.25077
2005,6,30,17,4,1078,37.03,50,.34893,2,1,0,43.25077
2005,6,30,17,4,1078,149,34,.34893,2,0,0,149
2005,6,30,18,4,1078,1,213,.34893,2,1,0,1
2005,6,30,18,4,1078,33,37,.34893,2,1,0,43.25077
2005,6,30,18,4,1078,35,50,.34893,2,1,0,43.25077
2005,6,30,18,4,1078,37.03,50,.34893,2,1,0,43.25077
2005,6,30,18,4,1078,149,34,.34893,2,0,0,149
2005,6,30,19,4,1078,1,213,.34893,2,1,0,1
2005,6,30,19,4,1078,33,37,.34893,2,1,0,43.25077
2005,6,30,19,4,1078,35,50,.34893,2,1,0,43.25077
2005,6,30,19,4,1078,37.03,50,.34893,2,1,0,43.25077
2005,6,30,19,4,1078,149,34,.34893,2,0,0,149
2005,6,30,20,4,1078,1,213,.34893,2,1,0,1
2005,6,30,20,4,1078,33,37,.34893,2,1,0,43.25077
2005,6,30,20,4,1078,35,50,.34893,2,1,0,43.25077
2005,6,30,20,4,1078,37.03,50,.34893,2,1,0,43.25077
2005,6,30,20,4,1078,149,34,.34893,2,0,0,149
2005,6,30,21,4,1078,1,213,.34893,2,1,0,1
2005,6,30,21,4,1078,33,37,.34893,2,1,0,43.25077
2005,6,30,21,4,1078,35,50,.34893,2,1,0,43.25077
2005,6,30,21,4,1078,37.03,60,.34893,2,1,0,43.25077
2005,6,30,21,4,1078,149,24,.34893,2,0,0,149
2005,6,30,22,4,1078,1,213,.34893,2,1,0,1
2005,6,30,22,4,1078,33,37,.34893,2,1,0,43.25077
2005,6,30,22,4,1078,35,50,.34893,2,1,0,43.25077
2005,6,30,22,4,1078,37.03,70,.34893,2,1,0,43.25077
2005,6,30,22,4,1078,149,14,.34893,2,0,0,149
2005,6,30,23,4,1078,1,213,.34893,2,1,0,1
2005,6,30,23,4,1078,33,37,.34893,2,1,0,43.25077
2005,6,30,23,4,1078,35,50,.34893,2,1,0,43.25077
2005,6,30,23,4,1078,37.03,70,.34893,2,1,0,43.25077
2005,6,30,23,4,1078,149,14,.34893,2,0,0,149
2005,6,30,24,4,1078,1,213,.34893,2,1,0,1
2005,6,30,24,4,1078,33,37,.34893,2,1,0,43.25077
2005,6,30,24,4,1078,35,50,.34893,2,1,0,43.25077
2005,6,30,24,4,1078,37.03,70,.34893,2,1,0,43.25077
2005,6,30,24,4,1078,149,14,.34893,2,0,0,149
2005,6,30,1,9,196,0,1.7,0,2,1,0,0
2005,6,30,2,9,196,0,1.2,0,2,1,0,0
2005,6,30,3,9,196,0,1.1,0,2,1,0,0
2005,6,30,4,9,196,0,1.3,0,2,1,0,0
2005,6,30,5,9,196,0,1.8,0,2,1,0,0
2005,6,30,6,9,196,0,2,0,2,1,0,0
2005,6,30,7,9,196,0,2.1,0,2,1,0,0
2005,6,30,8,9,196,0,2.1,0,2,1,0,0
2005,6,30,9,9,196,0,1.9,0,2,1,0,0
2005,6,30,10,9,196,0,1.8,0,2,1,0,0
2005,6,30,11,9,196,0,2,0,2,1,0,0
2005,6,30,12,9,196,0,2.1,0,2,1,0,0
2005,6,30,13,9,196,0,1.9,0,2,1,0,0
2005,6,30,14,9,196,0,2.6,0,2,1,0,0
2005,6,30,15,9,196,0,3.3,0,2,1,0,0
2005,6,30,16,9,196,0,3.7,0,2,1,0,0
2005,6,30,17,9,196,0,2.4,0,2,1,0,0
2005,6,30,18,9,196,0,3,0,2,1,0,0
2005,6,30,19,9,196,0,1.2,0,2,1,0,0
2005,6,30,20,9,196,0,1.2,0,2,1,0,0
2005,6,30,21,9,196,0,1.2,0,2,1,0,0
2005,6,30,22,9,196,0,1.1,0,2,1,0,0
2005,6,30,23,9,196,0,.8,0,2,1,0,0
2005,6,30,24,9,196,0,.7,0,2,1,0,0
2005,6,30,1,1,1079,0,100,.964599,2,1,0,0
2005,6,30,1,1,1079,42.16,44,.964599,2,1,0,45.489332
2005,6,30,1,1,1079,42.6,30,.964599,2,1,0,45.489332
2005,6,30,1,1,1079,43.04,34.3,.964599,2,1,0,45.489332
2005,6,30,2,1,1079,0,100,.964599,2,1,0,0
2005,6,30,2,1,1079,42.16,44,.964599,2,1,0,45.489332
2005,6,30,2,1,1079,42.6,30,.964599,2,1,0,45.489332
2005,6,30,2,1,1079,43.04,34.3,.964599,2,1,0,45.489332
2005,6,30,3,1,1079,0,100,.964599,2,1,0,0
2005,6,30,3,1,1079,42.16,44,.964599,2,0,0,45.489332
2005,6,30,3,1,1079,42.6,30,.964599,2,0,0,45.489332
2005,6,30,3,1,1079,43.04,34.3,.964599,2,0,0,45.489332
2005,6,30,4,1,1079,0,100,.964599,2,1,0,0
2005,6,30,4,1,1079,42.16,44,.964599,2,0,0,45.489332
2005,6,30,4,1,1079,42.6,30,.964599,2,0,0,45.489332
2005,6,30,4,1,1079,43.04,34.3,.964599,2,0,0,45.489332
2005,6,30,5,1,1079,0,100,.964599,2,1,0,0
2005,6,30,5,1,1079,42.16,44,.964599,2,0,0,45.489332
2005,6,30,5,1,1079,42.6,30,.964599,2,0,0,45.489332
2005,6,30,5,1,1079,43.04,34.3,.964599,2,0,0,45.489332
2005,6,30,6,1,1079,0,100,.964599,2,1,0,0
2005,6,30,6,1,1079,42.16,44,.964599,2,0,0,45.489332
2005,6,30,6,1,1079,42.6,30,.964599,2,0,0,45.489332
2005,6,30,6,1,1079,43.04,34.3,.964599,2,0,0,45.489332
2005,6,30,7,1,1079,0,100,.964599,2,1,0,0
2005,6,30,7,1,1079,42.16,44,.964599,2,1,0,45.489332
2005,6,30,7,1,1079,42.6,30,.964599,2,1,0,45.489332
2005,6,30,7,1,1079,43.04,34.3,.964599,2,1,0,45.489332
2005,6,30,8,1,1079,0,100,.964599,2,1,0,0
2005,6,30,8,1,1079,42.16,44,.964599,2,1,0,45.489332
2005,6,30,8,1,1079,42.6,30,.964599,2,1,0,45.489332
2005,6,30,8,1,1079,43.04,34.3,.964599,2,1,0,45.489332
2005,6,30,9,1,1079,0,100,.964599,2,1,0,0
2005,6,30,9,1,1079,42.16,44,.964599,2,1,0,45.489332
2005,6,30,9,1,1079,42.6,30,.964599,2,1,0,45.489332
2005,6,30,9,1,1079,43.04,34.3,.964599,2,1,0,45.489332
2005,6,30,10,1,1079,0,100,.964599,2,1,0,0
2005,6,30,10,1,1079,42.16,44,.964599,2,1,0,45.489332
2005,6,30,10,1,1079,42.6,30,.964599,2,1,0,45.489332
2005,6,30,10,1,1079,43.04,34.3,.964599,2,1,0,45.489332
2005,6,30,11,1,1079,0,100,.964599,2,1,0,0
2005,6,30,11,1,1079,42.16,44,.964599,2,1,0,45.489332
2005,6,30,11,1,1079,42.6,30,.964599,2,1,0,45.489332
2005,6,30,11,1,1079,43.04,34.3,.964599,2,1,0,45.489332
2005,6,30,12,1,1079,0,100,.964599,2,1,0,0
2005,6,30,12,1,1079,42.16,44,.964599,2,1,0,45.489332
2005,6,30,12,1,1079,42.6,30,.964599,2,1,0,45.489332
2005,6,30,12,1,1079,43.04,34.3,.964599,2,1,0,45.489332
2005,6,30,13,1,1079,0,100,.964599,2,1,0,0
2005,6,30,13,1,1079,42.16,44,.964599,2,1,0,45.489332
2005,6,30,13,1,1079,42.6,30,.964599,2,1,0,45.489332
2005,6,30,13,1,1079,43.04,34.3,.964599,2,1,0,45.489332
2005,6,30,14,1,1079,0,100,.964599,2,1,0,0
2005,6,30,14,1,1079,42.16,44,.964599,2,1,0,45.489332
2005,6,30,14,1,1079,42.6,30,.964599,2,1,0,45.489332
2005,6,30,14,1,1079,43.04,34.3,.964599,2,1,0,45.489332
2005,6,30,15,1,1079,0,100,.964599,2,1,0,0
2005,6,30,15,1,1079,42.16,44,.964599,2,1,0,45.489332
2005,6,30,15,1,1079,42.6,30,.964599,2,1,0,45.489332
2005,6,30,15,1,1079,43.04,34.3,.964599,2,1,0,45.489332
2005,6,30,16,1,1079,0,100,.964599,2,1,0,0
2005,6,30,16,1,1079,42.16,44,.964599,2,1,0,45.489332
2005,6,30,16,1,1079,42.6,30,.964599,2,1,0,45.489332
2005,6,30,16,1,1079,43.04,34.3,.964599,2,1,0,45.489332
2005,6,30,17,1,1079,0,100,.964599,2,1,0,0
2005,6,30,17,1,1079,42.16,44,.964599,2,1,0,45.489332
2005,6,30,17,1,1079,42.6,30,.964599,2,1,0,45.489332
2005,6,30,17,1,1079,43.04,34.3,.964599,2,1,0,45.489332
2005,6,30,18,1,1079,0,100,.964599,2,1,0,0
2005,6,30,18,1,1079,42.16,44,.964599,2,1,0,45.489332
2005,6,30,18,1,1079,42.6,30,.964599,2,1,0,45.489332
2005,6,30,18,1,1079,43.04,34.3,.964599,2,1,0,45.489332
2005,6,30,19,1,1079,0,100,.964599,2,1,0,0
2005,6,30,19,1,1079,42.16,44,.964599,2,1,0,45.489332
2005,6,30,19,1,1079,42.6,30,.964599,2,1,0,45.489332
2005,6,30,19,1,1079,43.04,34.3,.964599,2,1,0,45.489332
2005,6,30,20,1,1079,0,100,.964599,2,1,0,0
2005,6,30,20,1,1079,42.16,44,.964599,2,1,0,45.489332
2005,6,30,20,1,1079,42.6,30,.964599,2,1,0,45.489332
2005,6,30,20,1,1079,43.04,34.3,.964599,2,1,0,45.489332
2005,6,30,21,1,1079,0,100,.964599,2,1,0,0
2005,6,30,21,1,1079,42.16,44,.964599,2,1,0,45.489332
2005,6,30,21,1,1079,42.6,30,.964599,2,1,0,45.489332
2005,6,30,21,1,1079,43.04,34.3,.964599,2,1,0,45.489332
2005,6,30,22,1,1079,0,100,.964599,2,1,0,0
2005,6,30,22,1,1079,42.16,44,.964599,2,1,0,45.489332
2005,6,30,22,1,1079,42.6,30,.964599,2,1,0,45.489332
2005,6,30,22,1,1079,43.04,34.3,.964599,2,1,0,45.489332
2005,6,30,23,1,1079,0,100,.964599,2,1,0,0
2005,6,30,23,1,1079,42.16,44,.964599,2,1,0,45.489332
2005,6,30,23,1,1079,42.6,30,.964599,2,1,0,45.489332
2005,6,30,23,1,1079,43.04,34.3,.964599,2,1,0,45.489332
2005,6,30,24,1,1079,0,100,.964599,2,1,0,0
2005,6,30,24,1,1079,42.16,44,.964599,2,1,0,45.489332
2005,6,30,24,1,1079,42.6,30,.964599,2,1,0,45.489332
2005,6,30,24,1,1079,43.04,34.3,.964599,2,1,0,45.489332
2005,6,30,1,9,198,0,3.4,0,2,1,0,0
2005,6,30,2,9,198,0,3.5,0,2,1,0,0
2005,6,30,3,9,198,0,3.5,0,2,1,0,0
2005,6,30,4,9,198,0,3.9,0,2,1,0,0
2005,6,30,5,9,198,0,4.2,0,2,1,0,0
2005,6,30,6,9,198,0,4.6,0,2,1,0,0
2005,6,30,7,9,198,0,4.8,0,2,1,0,0
2005,6,30,8,9,198,0,4.7,0,2,1,0,0
2005,6,30,9,9,198,0,4.8,0,2,1,0,0
2005,6,30,10,9,198,0,4.8,0,2,1,0,0
2005,6,30,11,9,198,0,5,0,2,1,0,0
2005,6,30,12,9,198,0,4.4,0,2,1,0,0
2005,6,30,13,9,198,0,3.5,0,2,1,0,0
2005,6,30,14,9,198,0,2,0,2,1,0,0
2005,6,30,15,9,198,0,2.3,0,2,1,0,0
2005,6,30,16,9,198,0,3.3,0,2,1,0,0
2005,6,30,17,9,198,0,4,0,2,1,0,0
2005,6,30,18,9,198,0,3.7,0,2,1,0,0
2005,6,30,19,9,198,0,2.8,0,2,1,0,0
2005,6,30,20,9,198,0,1.8,0,2,1,0,0
2005,6,30,21,9,198,0,1,0,2,1,0,0
2005,6,30,22,9,198,0,.5,0,2,1,0,0
2005,6,30,23,9,198,0,.3,0,2,1,0,0
2005,6,30,24,9,198,0,.4,0,2,1,0,0
2005,6,30,1,9,199,0,18,0,2,1,0,0
2005,6,30,1,9,199,180.3,1.4,0,2,0,0,180.3
2005,6,30,2,9,199,0,18,0,2,1,0,0
2005,6,30,2,9,199,180.3,1.4,0,2,0,0,180.3
2005,6,30,3,9,199,0,18,0,2,1,0,0
2005,6,30,3,9,199,180.3,1.4,0,2,0,0,180.3
2005,6,30,4,9,199,0,18,0,2,1,0,0
2005,6,30,4,9,199,180.3,1.4,0,2,0,0,180.3
2005,6,30,5,9,199,0,18,0,2,1,0,0
2005,6,30,5,9,199,180.3,1.4,0,2,0,0,180.3
2005,6,30,6,9,199,0,18,0,2,1,0,0
2005,6,30,6,9,199,180.3,1.4,0,2,0,0,180.3
2005,6,30,7,9,199,0,18,0,2,1,0,0
2005,6,30,7,9,199,180.3,1.4,0,2,0,0,180.3
2005,6,30,8,9,199,0,18,0,2,1,0,0
2005,6,30,8,9,199,180.3,1.4,0,2,0,0,180.3
2005,6,30,9,9,199,0,18,0,2,1,0,0
2005,6,30,9,9,199,180.3,1.4,0,2,0,0,180.3
2005,6,30,10,9,199,0,18,0,2,1,0,0
2005,6,30,10,9,199,180.3,1.4,0,2,0,0,180.3
2005,6,30,11,9,199,0,18,0,2,1,0,0
2005,6,30,11,9,199,180.3,1.4,0,2,0,0,180.3
2005,6,30,12,9,199,0,18,0,2,1,0,0
2005,6,30,12,9,199,180.3,1.4,0,2,0,0,180.3
2005,6,30,13,9,199,0,18,0,2,1,0,0
2005,6,30,13,9,199,180.3,1.4,0,2,0,0,180.3
2005,6,30,14,9,199,0,18,0,2,1,0,0
2005,6,30,14,9,199,180.3,1.4,0,2,0,0,180.3
2005,6,30,15,9,199,0,18,0,2,1,0,0
2005,6,30,15,9,199,180.3,1.4,0,2,0,0,180.3
2005,6,30,16,9,199,0,18,0,2,1,0,0
2005,6,30,16,9,199,180.3,1.4,0,2,0,0,180.3
2005,6,30,17,9,199,0,18,0,2,1,0,0
2005,6,30,17,9,199,180.3,1.4,0,2,0,0,180.3
2005,6,30,18,9,199,0,18,0,2,1,0,0
2005,6,30,18,9,199,180.3,1.4,0,2,0,0,180.3
2005,6,30,19,9,199,0,18,0,2,1,0,0
2005,6,30,19,9,199,180.3,1.4,0,2,0,0,180.3
2005,6,30,20,9,199,0,18,0,2,1,0,0
2005,6,30,20,9,199,180.3,1.4,0,2,0,0,180.3
2005,6,30,21,9,199,0,18,0,2,1,0,0
2005,6,30,21,9,199,180.3,1.4,0,2,0,0,180.3
2005,6,30,22,9,199,0,18,0,2,1,0,0
2005,6,30,22,9,199,180.3,1.4,0,2,0,0,180.3
2005,6,30,23,9,199,0,18,0,2,1,0,0
2005,6,30,23,9,199,180.3,1.4,0,2,0,0,180.3
2005,6,30,24,9,199,0,18,0,2,1,0,0
2005,6,30,24,9,199,180.3,1.4,0,2,0,0,180.3
2005,6,30,1,2,1083,0,235,.933653,2,1,0,0
2005,6,30,1,2,1083,14.54,106,.933653,2,1,0,45.699446
2005,6,30,1,2,1083,145.02,10.1,.933653,2,0,0,145.02
2005,6,30,2,2,1083,0,235,.933653,2,1,0,0
2005,6,30,2,2,1083,14.54,106,.933653,2,1,0,45.699446
2005,6,30,2,2,1083,145.02,10.1,.933653,2,0,0,145.02
2005,6,30,3,2,1083,0,235,.933653,2,1,0,0
2005,6,30,3,2,1083,14.54,106,.933653,2,1,0,45.699446
2005,6,30,3,2,1083,145.02,10.1,.933653,2,0,0,145.02
2005,6,30,4,2,1083,0,235,.933653,2,1,0,0
2005,6,30,4,2,1083,14.54,106,.933653,2,1,0,45.699446
2005,6,30,4,2,1083,145.02,10.1,.933653,2,0,0,145.02
2005,6,30,5,2,1083,0,235,.933653,2,1,0,0
2005,6,30,5,2,1083,14.54,106,.933653,2,1,0,45.699446
2005,6,30,5,2,1083,145.02,10.1,.933653,2,0,0,145.02
2005,6,30,6,2,1083,0,235,.933653,2,1,0,0
2005,6,30,6,2,1083,14.54,106,.933653,2,1,0,45.699446
2005,6,30,6,2,1083,145.02,10.1,.933653,2,0,0,145.02
2005,6,30,7,2,1083,0,235,.933653,2,1,0,0
2005,6,30,7,2,1083,14.54,106,.933653,2,1,0,45.699446
2005,6,30,7,2,1083,145.02,10.1,.933653,2,0,0,145.02
2005,6,30,8,2,1083,0,235,.933653,2,1,0,0
2005,6,30,8,2,1083,14.54,106,.933653,2,1,0,45.699446
2005,6,30,8,2,1083,145.02,10.1,.933653,2,0,0,145.02
2005,6,30,9,2,1083,0,235,.933653,2,1,0,0
2005,6,30,9,2,1083,14.54,106,.933653,2,1,0,45.699446
2005,6,30,9,2,1083,145.02,10.1,.933653,2,0,0,145.02
2005,6,30,10,2,1083,0,235,.933653,2,1,0,0
2005,6,30,10,2,1083,14.54,106,.933653,2,1,0,45.699446
2005,6,30,10,2,1083,145.02,10.1,.933653,2,0,0,145.02
2005,6,30,11,2,1083,0,235,.933653,2,1,0,0
2005,6,30,11,2,1083,14.54,106,.933653,2,1,0,45.699446
2005,6,30,11,2,1083,145.02,10.1,.933653,2,0,0,145.02
2005,6,30,12,2,1083,0,235,.933653,2,1,0,0
2005,6,30,12,2,1083,14.54,106,.933653,2,1,0,45.699446
2005,6,30,12,2,1083,145.02,10.1,.933653,2,0,0,145.02
2005,6,30,13,2,1083,0,235,.933653,2,1,0,0
2005,6,30,13,2,1083,14.54,106,.933653,2,1,0,45.699446
2005,6,30,13,2,1083,145.02,10.1,.933653,2,0,0,145.02
2005,6,30,14,2,1083,0,235,.933653,2,1,0,0
2005,6,30,14,2,1083,14.54,106,.933653,2,1,0,45.699446
2005,6,30,14,2,1083,145.02,10.1,.933653,2,0,0,145.02
2005,6,30,15,2,1083,0,235,.933653,2,1,0,0
2005,6,30,15,2,1083,14.54,106,.933653,2,1,0,45.699446
2005,6,30,15,2,1083,145.02,10.1,.933653,2,0,0,145.02
2005,6,30,16,2,1083,0,235,.933653,2,1,0,0
2005,6,30,16,2,1083,14.54,106,.933653,2,1,0,45.699446
2005,6,30,16,2,1083,145.02,10.1,.933653,2,0,0,145.02
2005,6,30,17,2,1083,0,235,.933653,2,1,0,0
2005,6,30,17,2,1083,14.54,106,.933653,2,1,0,45.699446
2005,6,30,17,2,1083,145.02,10.1,.933653,2,0,0,145.02
2005,6,30,18,2,1083,0,235,.933653,2,1,0,0
2005,6,30,18,2,1083,14.54,106,.933653,2,1,0,45.699446
2005,6,30,18,2,1083,145.02,10.1,.933653,2,0,0,145.02
2005,6,30,19,2,1083,0,235,.933653,2,1,0,0
2005,6,30,19,2,1083,14.54,106,.933653,2,1,0,45.699446
2005,6,30,19,2,1083,145.02,10.1,.933653,2,0,0,145.02
2005,6,30,20,2,1083,0,235,.933653,2,1,0,0
2005,6,30,20,2,1083,14.54,106,.933653,2,1,0,45.699446
2005,6,30,20,2,1083,145.02,10.1,.933653,2,0,0,145.02
2005,6,30,21,2,1083,0,235,.933653,2,1,0,0
2005,6,30,21,2,1083,14.54,106,.933653,2,1,0,45.699446
2005,6,30,21,2,1083,145.02,10.1,.933653,2,0,0,145.02
2005,6,30,22,2,1083,0,235,.933653,2,1,0,0
2005,6,30,22,2,1083,14.54,106,.933653,2,1,0,45.699446
2005,6,30,22,2,1083,145.02,10.1,.933653,2,0,0,145.02
2005,6,30,23,2,1083,0,235,.933653,2,1,0,0
2005,6,30,23,2,1083,14.54,106,.933653,2,1,0,45.699446
2005,6,30,23,2,1083,145.02,10.1,.933653,2,0,0,145.02
2005,6,30,24,2,1083,0,235,.933653,2,1,0,0
2005,6,30,24,2,1083,14.54,106,.933653,2,1,0,45.699446
2005,6,30,24,2,1083,145.02,10.1,.933653,2,0,0,145.02
2005,6,30,1,2,1084,0,235,.933653,2,1,0,0
2005,6,30,1,2,1084,14.55,106,.933653,2,1,0,45.823547
2005,6,30,1,2,1084,145.02,9.3,.933653,2,0,0,145.02
2005,6,30,2,2,1084,0,235,.933653,2,1,0,0
2005,6,30,2,2,1084,14.55,106,.933653,2,1,0,45.823547
2005,6,30,2,2,1084,145.02,9.3,.933653,2,0,0,145.02
2005,6,30,3,2,1084,0,235,.933653,2,1,0,0
2005,6,30,3,2,1084,14.55,106,.933653,2,1,0,45.823547
2005,6,30,3,2,1084,145.02,9.3,.933653,2,0,0,145.02
2005,6,30,4,2,1084,0,235,.933653,2,1,0,0
2005,6,30,4,2,1084,14.55,106,.933653,2,1,0,45.823547
2005,6,30,4,2,1084,145.02,9.3,.933653,2,0,0,145.02
2005,6,30,5,2,1084,0,235,.933653,2,1,0,0
2005,6,30,5,2,1084,14.55,106,.933653,2,1,0,45.823547
2005,6,30,5,2,1084,145.02,9.3,.933653,2,0,0,145.02
2005,6,30,6,2,1084,0,235,.933653,2,1,0,0
2005,6,30,6,2,1084,14.55,106,.933653,2,1,0,45.823547
2005,6,30,6,2,1084,145.02,9.3,.933653,2,0,0,145.02
2005,6,30,7,2,1084,0,235,.933653,2,1,0,0
2005,6,30,7,2,1084,14.55,106,.933653,2,1,0,45.823547
2005,6,30,7,2,1084,145.02,9.3,.933653,2,0,0,145.02
2005,6,30,8,2,1084,0,235,.933653,2,1,0,0
2005,6,30,8,2,1084,14.55,106,.933653,2,1,0,45.823547
2005,6,30,8,2,1084,145.02,9.3,.933653,2,0,0,145.02
2005,6,30,9,2,1084,0,235,.933653,2,1,0,0
2005,6,30,9,2,1084,14.55,106,.933653,2,1,0,45.823547
2005,6,30,9,2,1084,145.02,9.3,.933653,2,0,0,145.02
2005,6,30,10,2,1084,0,235,.933653,2,1,0,0
2005,6,30,10,2,1084,14.55,106,.933653,2,1,0,45.823547
2005,6,30,10,2,1084,145.02,9.3,.933653,2,0,0,145.02
2005,6,30,11,2,1084,0,235,.933653,2,1,0,0
2005,6,30,11,2,1084,14.55,106,.933653,2,1,0,45.823547
2005,6,30,11,2,1084,145.02,9.3,.933653,2,0,0,145.02
2005,6,30,12,2,1084,0,235,.933653,2,1,0,0
2005,6,30,12,2,1084,14.55,106,.933653,2,1,0,45.823547
2005,6,30,12,2,1084,145.02,9.3,.933653,2,0,0,145.02
2005,6,30,13,2,1084,0,235,.933653,2,1,0,0
2005,6,30,13,2,1084,14.55,106,.933653,2,1,0,45.823547
2005,6,30,13,2,1084,145.02,9.3,.933653,2,0,0,145.02
2005,6,30,14,2,1084,0,235,.933653,2,1,0,0
2005,6,30,14,2,1084,14.55,106,.933653,2,1,0,45.823547
2005,6,30,14,2,1084,145.02,9.3,.933653,2,0,0,145.02
2005,6,30,15,2,1084,0,235,.933653,2,1,0,0
2005,6,30,15,2,1084,14.55,106,.933653,2,1,0,45.823547
2005,6,30,15,2,1084,145.02,9.3,.933653,2,0,0,145.02
2005,6,30,16,2,1084,0,235,.933653,2,1,0,0
2005,6,30,16,2,1084,14.55,106,.933653,2,1,0,45.823547
2005,6,30,16,2,1084,145.02,9.3,.933653,2,0,0,145.02
2005,6,30,17,2,1084,0,235,.933653,2,1,0,0
2005,6,30,17,2,1084,14.55,106,.933653,2,1,0,45.823547
2005,6,30,17,2,1084,145.02,9.3,.933653,2,0,0,145.02
2005,6,30,18,2,1084,0,235,.933653,2,1,0,0
2005,6,30,18,2,1084,14.55,106,.933653,2,1,0,45.823547
2005,6,30,18,2,1084,145.02,9.3,.933653,2,0,0,145.02
2005,6,30,19,2,1084,0,235,.933653,2,1,0,0
2005,6,30,19,2,1084,14.55,106,.933653,2,1,0,45.823547
2005,6,30,19,2,1084,145.02,9.3,.933653,2,0,0,145.02
2005,6,30,20,2,1084,0,235,.933653,2,1,0,0
2005,6,30,20,2,1084,14.55,106,.933653,2,1,0,45.823547
2005,6,30,20,2,1084,145.02,9.3,.933653,2,0,0,145.02
2005,6,30,21,2,1084,0,235,.933653,2,1,0,0
2005,6,30,21,2,1084,14.55,106,.933653,2,1,0,45.823547
2005,6,30,21,2,1084,145.02,9.3,.933653,2,0,0,145.02
2005,6,30,22,2,1084,0,235,.933653,2,1,0,0
2005,6,30,22,2,1084,14.55,106,.933653,2,1,0,45.823547
2005,6,30,22,2,1084,145.02,9.3,.933653,2,0,0,145.02
2005,6,30,23,2,1084,0,235,.933653,2,1,0,0
2005,6,30,23,2,1084,14.55,106,.933653,2,1,0,45.823547
2005,6,30,23,2,1084,145.02,9.3,.933653,2,0,0,145.02
2005,6,30,24,2,1084,0,235,.933653,2,1,0,0
2005,6,30,24,2,1084,14.55,106,.933653,2,1,0,45.823547
2005,6,30,24,2,1084,145.02,9.3,.933653,2,0,0,145.02
2005,6,30,9,9,202,0,2.2,0,2,1,0,0
2005,6,30,10,9,202,0,2.2,0,2,1,0,0
2005,6,30,11,9,202,0,2.2,0,2,1,0,0
2005,6,30,12,9,202,0,2.2,0,2,1,0,0
2005,6,30,13,9,202,0,2.2,0,2,1,0,0
2005,6,30,14,9,202,0,2.2,0,2,1,0,0
2005,6,30,15,9,202,0,2.2,0,2,1,0,0
2005,6,30,16,9,202,0,2.3,0,2,1,0,0
2005,6,30,17,9,202,0,2.3,0,2,1,0,0
2005,6,30,18,9,202,0,2.3,0,2,1,0,0
2005,6,30,19,9,202,0,2.3,0,2,1,0,0
2005,6,30,20,9,202,0,2.3,0,2,1,0,0
2005,6,30,21,9,202,0,2.3,0,2,1,0,0
2005,6,30,22,9,202,0,2.4,0,2,1,0,0
2005,6,30,23,9,202,0,2.5,0,2,1,0,0
2005,6,30,24,9,202,0,2.5,0,2,1,0,0
2005,6,30,1,6,1088,0,137,.990301,2,1,0,0
2005,6,30,1,6,1088,22.02,162,.990301,2,1,0,45.970388
2005,6,30,2,6,1088,0,137,.990301,2,1,0,0
2005,6,30,2,6,1088,22.02,162,.990301,2,1,0,45.970388
2005,6,30,3,6,1088,0,137,.990301,2,1,0,0
2005,6,30,3,6,1088,22.02,162,.990301,2,1,0,45.970388
2005,6,30,4,6,1088,0,137,.990301,2,1,0,0
2005,6,30,4,6,1088,22.02,162,.990301,2,1,0,45.970388
2005,6,30,5,6,1088,0,137,.990301,2,1,0,0
2005,6,30,5,6,1088,22.02,162,.990301,2,1,0,45.970388
2005,6,30,6,6,1088,0,137,.990301,2,1,0,0
2005,6,30,6,6,1088,22.02,162,.990301,2,1,0,45.970388
2005,6,30,7,6,1088,0,137,.990301,2,1,0,0
2005,6,30,7,6,1088,22.02,162,.990301,2,1,0,45.970388
2005,6,30,8,6,1088,0,137,.990301,2,1,0,0
2005,6,30,8,6,1088,22.02,162,.990301,2,1,0,45.970388
2005,6,30,9,6,1088,87.54,299,.990301,2,0,0,45.970388
2005,6,30,10,6,1088,87.54,299,.990301,2,1,0,45.970388
2005,6,30,11,6,1088,87.54,299,.990301,2,1,0,45.970388
2005,6,30,12,6,1088,87.54,299,.990301,2,1,0,45.970388
2005,6,30,13,6,1088,87.54,299,.990301,2,1,0,45.970388
2005,6,30,14,6,1088,87.54,299,.990301,2,1,0,45.970388
2005,6,30,15,6,1088,87.54,299,.990301,2,1,0,45.970388
2005,6,30,16,6,1088,87.54,299,.990301,2,1,0,45.970388
2005,6,30,17,6,1088,87.54,299,.990301,2,1,0,45.970388
2005,6,30,18,6,1088,87.54,299,.990301,2,1,0,45.970388
2005,6,30,19,6,1088,87.54,299,.990301,2,1,0,45.970388
2005,6,30,20,6,1088,87.54,299,.990301,2,0,0,45.970388
2005,6,30,21,6,1088,87.54,299,.990301,2,0,0,45.970388
2005,6,30,22,6,1088,87.54,299,.990301,2,0,0,45.970388
2005,6,30,23,6,1088,87.54,299,.990301,2,0,0,45.970388
2005,6,30,24,6,1088,87.54,299,.990301,2,0,0,45.970388
2005,6,30,10,9,204,180,1.6,0,1,1,0,180
2005,6,30,11,9,204,180,1.6,0,1,1,0,180
2005,6,30,12,9,204,180,1.6,0,1,1,0,180
2005,6,30,13,9,204,180,1.6,0,1,1,0,180
2005,6,30,15,9,205,180,.5,0,1,1,0,180
2005,6,30,16,9,205,180,.5,0,1,1,0,180
2005,6,30,17,9,205,180,.5,0,1,1,0,180
2005,6,30,18,9,205,180,.5,0,1,1,0,180
2005,6,30,10,9,206,180,3.4,0,1,1,0,180
2005,6,30,11,9,206,180,3.4,0,1,1,0,180
2005,6,30,12,9,206,180,3.4,0,1,1,0,180
2005,6,30,13,9,206,180,3.4,0,1,1,0,180
2005,6,30,1,9,207,0,11.6,0,2,1,0,0
2005,6,30,2,9,207,0,11.6,0,2,1,0,0
2005,6,30,3,9,207,0,11.6,0,2,1,0,0
2005,6,30,4,9,207,0,11.7,0,2,1,0,0
2005,6,30,5,9,207,0,11.7,0,2,1,0,0
2005,6,30,6,9,207,0,11.8,0,2,1,0,0
2005,6,30,7,9,207,0,11.8,0,2,1,0,0
2005,6,30,8,9,207,0,11.8,0,2,1,0,0
2005,6,30,9,9,207,0,11.8,0,2,1,0,0
2005,6,30,10,9,207,0,11.7,0,2,1,0,0
2005,6,30,11,9,207,0,11.5,0,2,1,0,0
2005,6,30,12,9,207,0,11.4,0,2,1,0,0
2005,6,30,13,9,207,0,11.3,0,2,1,0,0
2005,6,30,14,9,207,0,11.2,0,2,1,0,0
2005,6,30,15,9,207,0,11,0,2,1,0,0
2005,6,30,16,9,207,0,11,0,2,1,0,0
2005,6,30,17,9,207,0,11,0,2,1,0,0
2005,6,30,18,9,207,0,10.9,0,2,1,0,0
2005,6,30,19,9,207,0,10.9,0,2,1,0,0
2005,6,30,20,9,207,0,10.9,0,2,1,0,0
2005,6,30,21,9,207,0,10.9,0,2,1,0,0
2005,6,30,22,9,207,0,11.1,0,2,1,0,0
2005,6,30,23,9,207,0,11.2,0,2,1,0,0
2005,6,30,24,9,207,0,11.4,0,2,1,0,0
2005,6,30,1,9,208,0,2.2,0,2,1,0,0
2005,6,30,2,9,208,0,.8,0,2,1,0,0
2005,6,30,3,9,208,0,.1,0,2,1,0,0
2005,6,30,4,9,208,0,.1,0,2,1,0,0
2005,6,30,5,9,208,0,.1,0,2,1,0,0
2005,6,30,6,9,208,0,.2,0,2,1,0,0
2005,6,30,7,9,208,0,.6,0,2,1,0,0
2005,6,30,8,9,208,0,.9,0,2,1,0,0
2005,6,30,9,9,208,0,.9,0,2,1,0,0
2005,6,30,10,9,208,0,.7,0,2,1,0,0
2005,6,30,11,9,208,0,.3,0,2,1,0,0
2005,6,30,12,9,208,0,.1,0,2,1,0,0
2005,6,30,13,9,208,0,.1,0,2,1,0,0
2005,6,30,14,9,208,0,.1,0,2,1,0,0
2005,6,30,15,9,208,0,.7,0,2,1,0,0
2005,6,30,16,9,208,0,2.1,0,2,1,0,0
2005,6,30,17,9,208,0,3.9,0,2,1,0,0
2005,6,30,18,9,208,0,6.5,0,2,1,0,0
2005,6,30,19,9,208,0,8.3,0,2,1,0,0
2005,6,30,20,9,208,0,9.6,0,2,1,0,0
2005,6,30,21,9,208,0,10.2,0,2,1,0,0
2005,6,30,22,9,208,0,10.2,0,2,1,0,0
2005,6,30,23,9,208,0,9.6,0,2,1,0,0
2005,6,30,24,9,208,0,8.4,0,2,1,0,0
2005,6,30,1,9,209,0,3.2,0,2,1,0,0
2005,6,30,2,9,209,0,3.2,0,2,1,0,0
2005,6,30,3,9,209,0,3.2,0,2,1,0,0
2005,6,30,4,9,209,0,3.2,0,2,1,0,0
2005,6,30,5,9,209,0,3.2,0,2,1,0,0
2005,6,30,6,9,209,0,3.2,0,2,1,0,0
2005,6,30,7,9,209,0,3.2,0,2,1,0,0
2005,6,30,8,9,209,0,3.2,0,2,1,0,0
2005,6,30,9,9,209,0,3.2,0,2,1,0,0
2005,6,30,10,9,209,0,3.2,0,2,1,0,0
2005,6,30,11,9,209,0,3.2,0,2,1,0,0
2005,6,30,12,9,209,0,3.2,0,2,1,0,0
2005,6,30,13,9,209,0,3.2,0,2,1,0,0
2005,6,30,14,9,209,0,3.2,0,2,1,0,0
2005,6,30,15,9,209,0,3.2,0,2,1,0,0
2005,6,30,16,9,209,0,3.2,0,2,1,0,0
2005,6,30,17,9,209,0,3.2,0,2,1,0,0
2005,6,30,18,9,209,0,3.2,0,2,1,0,0
2005,6,30,19,9,209,0,3.2,0,2,1,0,0
2005,6,30,20,9,209,0,3.2,0,2,1,0,0
2005,6,30,21,9,209,0,3.2,0,2,1,0,0
2005,6,30,22,9,209,0,3.2,0,2,1,0,0
2005,6,30,23,9,209,0,3.2,0,2,1,0,0
2005,6,30,24,9,209,0,3.2,0,2,1,0,0
2005,6,30,1,9,210,0,1.5,0,2,1,0,0
2005,6,30,2,9,210,0,1.5,0,2,1,0,0
2005,6,30,3,9,210,0,1.5,0,2,1,0,0
2005,6,30,4,9,210,0,1.5,0,2,1,0,0
2005,6,30,5,9,210,0,1.5,0,2,1,0,0
2005,6,30,6,9,210,0,1.5,0,2,1,0,0
2005,6,30,7,9,210,0,1.5,0,2,1,0,0
2005,6,30,8,9,210,0,1.5,0,2,1,0,0
2005,6,30,9,9,210,0,1.5,0,2,1,0,0
2005,6,30,10,9,210,0,1.5,0,2,1,0,0
2005,6,30,11,9,210,0,1.5,0,2,1,0,0
2005,6,30,12,9,210,0,1.5,0,2,1,0,0
2005,6,30,13,9,210,0,1.4,0,2,1,0,0
2005,6,30,14,9,210,0,1.4,0,2,1,0,0
2005,6,30,15,9,210,0,1.4,0,2,1,0,0
2005,6,30,16,9,210,0,1.4,0,2,1,0,0
2005,6,30,17,9,210,0,1.4,0,2,1,0,0
2005,6,30,18,9,210,0,1.4,0,2,1,0,0
2005,6,30,19,9,210,0,1.4,0,2,1,0,0
2005,6,30,20,9,210,0,1.5,0,2,1,0,0
2005,6,30,21,9,210,0,1.5,0,2,1,0,0
2005,6,30,22,9,210,0,1.5,0,2,1,0,0
2005,6,30,23,9,210,0,1.5,0,2,1,0,0
2005,6,30,24,9,210,0,1.5,0,2,1,0,0
2005,6,30,1,9,211,30.01,304.2,0,1,0,0,30.01
2005,6,30,1,9,211,34.01,243.4,0,1,0,0,34.01
2005,6,30,1,9,211,54.01,456.3,0,1,1,0,54.01
2005,6,30,2,9,211,21.01,81.6,0,1,0,0,21.01
2005,6,30,2,9,211,30.01,304.2,0,1,0,0,30.01
2005,6,30,2,9,211,34.01,243.4,0,1,0,0,34.01
2005,6,30,2,9,211,44.51,91,0,1,1,0,44.51
2005,6,30,2,9,211,50.01,91,0,1,1,0,50.01
2005,6,30,2,9,211,54.01,202.8,0,1,1,0,54.01
2005,6,30,3,9,211,21.01,284.4,0,1,0,0,21.01
2005,6,30,3,9,211,30.01,304.2,0,1,0,0,30.01
2005,6,30,3,9,211,34.01,243.4,0,1,0,0,34.01
2005,6,30,3,9,211,44.51,91,0,1,1,0,44.51
2005,6,30,3,9,211,50.01,91,0,1,1,0,50.01
2005,6,30,4,9,211,21.01,253.5,0,1,0,0,21.01
2005,6,30,4,9,211,30.01,304.2,0,1,0,0,30.01
2005,6,30,4,9,211,34.01,243.4,0,1,0,0,34.01
2005,6,30,4,9,211,40.25,24.3,0,1,1,0,40.25
2005,6,30,5,9,211,21.01,253.5,0,1,0,0,21.01
2005,6,30,5,9,211,30.01,304.2,0,1,0,0,30.01
2005,6,30,5,9,211,34.01,152.1,0,1,0,0,34.01
2005,6,30,6,9,211,21.01,253.5,0,1,0,0,21.01
2005,6,30,6,9,211,30.01,304.2,0,1,0,0,30.01
2005,6,30,6,9,211,34.01,166.3,0,1,0,0,34.01
2005,6,30,7,9,211,21.01,253.5,0,1,0,0,21.01
2005,6,30,7,9,211,30.01,304.2,0,1,0,0,30.01
2005,6,30,7,9,211,34.01,192.7,0,1,0,0,34.01
2005,6,30,8,9,211,21.01,253.5,0,1,0,0,21.01
2005,6,30,8,9,211,30.01,304.2,0,1,0,0,30.01
2005,6,30,8,9,211,34.01,202.8,0,1,0,0,34.01
2005,6,30,9,9,211,25.01,304.2,0,1,0,0,25.01
2005,6,30,24,9,211,52.51,101.4,0,1,1,0,52.51
2005,6,30,1,9,212,95,300,0,2,0,0,95
2005,6,30,2,9,212,79,500,0,2,0,0,79
2005,6,30,2,9,212,85,250,0,2,0,0,85
2005,6,30,3,9,212,79,500,0,2,0,0,79
2005,6,30,4,9,212,79,500,0,2,0,0,79
2005,6,30,5,9,212,79,500,0,2,0,0,79
2005,6,30,6,9,212,79,500,0,2,0,0,79
2005,6,30,7,9,212,79,500,0,2,0,0,79
2005,6,30,8,9,212,79,500,0,2,0,0,79
2005,6,30,9,9,212,79,500,0,2,0,0,79
2005,6,30,10,9,212,90,150,0,2,1,0,90
2005,6,30,10,9,212,92,50,0,2,1,0,92
2005,6,30,10,9,212,110,100,0,2,0,0,110
2005,6,30,10,9,212,120,100,0,2,0,0,120
2005,6,30,11,9,212,95,200,0,2,1,0,95
2005,6,30,11,9,212,110,100,0,2,0,0,110
2005,6,30,11,9,212,120,100,0,2,0,0,120
2005,6,30,12,9,212,95,200,0,2,1,0,95
2005,6,30,12,9,212,110,100,0,2,0,0,110
2005,6,30,12,9,212,120,100,0,2,0,0,120
2005,6,30,13,9,212,95,200,0,2,1,0,95
2005,6,30,13,9,212,110,100,0,2,0,0,110
2005,6,30,13,9,212,120,100,0,2,0,0,120
2005,6,30,14,9,212,95,100,0,2,1,0,95
2005,6,30,14,9,212,110,100,0,2,0,0,110
2005,6,30,14,9,212,120,100,0,2,0,0,120
2005,6,30,15,9,212,95,100,0,2,1,0,95
2005,6,30,15,9,212,110,100,0,2,0,0,110
2005,6,30,15,9,212,120,100,0,2,0,0,120
2005,6,30,16,9,212,95,100,0,2,1,0,95
2005,6,30,16,9,212,110,100,0,2,0,0,110
2005,6,30,16,9,212,120,100,0,2,0,0,120
2005,6,30,17,9,212,95,100,0,2,1,0,95
2005,6,30,17,9,212,110,100,0,2,0,0,110
2005,6,30,17,9,212,120,100,0,2,0,0,120
2005,6,30,18,9,212,95,100,0,2,1,0,95
2005,6,30,18,9,212,110,100,0,2,0,0,110
2005,6,30,18,9,212,120,100,0,2,0,0,120
2005,6,30,19,9,212,90,100,0,2,1,0,90
2005,6,30,19,9,212,110,100,0,2,0,0,110
2005,6,30,19,9,212,120,100,0,2,0,0,120
2005,6,30,20,9,212,90,100,0,2,0,0,90
2005,6,30,20,9,212,110,100,0,2,0,0,110
2005,6,30,20,9,212,120,100,0,2,0,0,120
2005,6,30,21,9,212,90,100,0,2,0,0,90
2005,6,30,21,9,212,110,100,0,2,0,0,110
2005,6,30,21,9,212,120,100,0,2,0,0,120
2005,6,30,22,9,212,90,100,0,2,0,0,90
2005,6,30,22,9,212,110,100,0,2,0,0,110
2005,6,30,22,9,212,120,100,0,2,0,0,120
2005,6,30,23,9,212,90,100,0,2,0,0,90
2005,6,30,23,9,212,110,100,0,2,0,0,110
2005,6,30,23,9,212,120,100,0,2,0,0,120
2005,6,30,24,9,212,79,150,0,2,0,0,79
2005,6,30,24,9,212,87,250,0,2,0,0,87
2005,6,30,24,9,212,90,250,0,2,0,0,90
2005,6,30,24,9,212,110,100,0,2,0,0,110
2005,6,30,24,9,212,120,100,0,2,0,0,120
2005,6,30,1,9,213,180,.1,0,2,0,0,180
2005,6,30,1,4,1091,0,200,.926179,2,1,0,0
2005,6,30,1,4,1091,44.46,10,.926179,2,1,0,44.329816
2005,6,30,1,4,1091,45.11,10,.926179,2,1,0,44.329816
2005,6,30,1,4,1091,45.86,10,.926179,2,1,0,44.329816
2005,6,30,1,4,1091,46.7,10,.926179,2,1,0,44.329816
2005,6,30,1,4,1091,95,10,.926179,2,0,0,44.329816
2005,6,30,1,4,1091,150,14,.926179,2,0,0,150
2005,6,30,2,4,1091,0,140,.926179,2,1,0,0
2005,6,30,2,4,1091,34.11,40,.926179,2,1,0,44.329816
2005,6,30,2,4,1091,43.43,10,.926179,2,1,0,44.329816
2005,6,30,2,4,1091,43.9,10,.926179,2,1,0,44.329816
2005,6,30,2,4,1091,44.46,10,.926179,2,0,0,44.329816
2005,6,30,2,4,1091,45.11,10,.926179,2,0,0,44.329816
2005,6,30,2,4,1091,45.86,10,.926179,2,0,0,44.329816
2005,6,30,2,4,1091,46.7,10,.926179,2,0,0,44.329816
2005,6,30,2,4,1091,95,10,.926179,2,0,0,44.329816
2005,6,30,2,4,1091,150,14,.926179,2,0,0,150
2005,6,30,3,4,1091,0,140,.926179,2,1,0,0
2005,6,30,3,4,1091,34.11,40,.926179,2,1,0,44.329816
2005,6,30,3,4,1091,43.43,10,.926179,2,0,0,44.329816
2005,6,30,3,4,1091,43.9,10,.926179,2,0,0,44.329816
2005,6,30,3,4,1091,44.46,10,.926179,2,0,0,44.329816
2005,6,30,3,4,1091,45.11,10,.926179,2,0,0,44.329816
2005,6,30,3,4,1091,45.86,10,.926179,2,0,0,44.329816
2005,6,30,3,4,1091,46.7,10,.926179,2,0,0,44.329816
2005,6,30,3,4,1091,95,10,.926179,2,0,0,44.329816
2005,6,30,3,4,1091,150,14,.926179,2,0,0,150
2005,6,30,4,4,1091,0,140,.926179,2,1,0,0
2005,6,30,4,4,1091,34.11,40,.926179,2,1,0,44.329816
2005,6,30,4,4,1091,43.43,10,.926179,2,0,0,44.329816
2005,6,30,4,4,1091,43.9,10,.926179,2,0,0,44.329816
2005,6,30,4,4,1091,44.46,10,.926179,2,0,0,44.329816
2005,6,30,4,4,1091,45.11,10,.926179,2,0,0,44.329816
2005,6,30,4,4,1091,45.86,10,.926179,2,0,0,44.329816
2005,6,30,4,4,1091,46.7,10,.926179,2,0,0,44.329816
2005,6,30,4,4,1091,95,10,.926179,2,0,0,44.329816
2005,6,30,4,4,1091,150,14,.926179,2,0,0,150
2005,6,30,5,4,1091,0,140,.926179,2,1,0,0
2005,6,30,5,4,1091,34.11,40,.926179,2,1,0,44.329816
2005,6,30,5,4,1091,43.43,10,.926179,2,0,0,44.329816
2005,6,30,5,4,1091,43.9,10,.926179,2,0,0,44.329816
2005,6,30,5,4,1091,44.46,10,.926179,2,0,0,44.329816
2005,6,30,5,4,1091,45.11,10,.926179,2,0,0,44.329816
2005,6,30,5,4,1091,45.86,10,.926179,2,0,0,44.329816
2005,6,30,5,4,1091,46.7,10,.926179,2,0,0,44.329816
2005,6,30,5,4,1091,95,10,.926179,2,0,0,44.329816
2005,6,30,5,4,1091,150,14,.926179,2,0,0,150
2005,6,30,6,4,1091,0,140,.926179,2,1,0,0
2005,6,30,6,4,1091,34.11,40,.926179,2,1,0,44.329816
2005,6,30,6,4,1091,43.43,10,.926179,2,0,0,44.329816
2005,6,30,6,4,1091,43.9,10,.926179,2,0,0,44.329816
2005,6,30,6,4,1091,44.46,10,.926179,2,0,0,44.329816
2005,6,30,6,4,1091,45.11,10,.926179,2,0,0,44.329816
2005,6,30,6,4,1091,45.86,10,.926179,2,0,0,44.329816
2005,6,30,6,4,1091,46.7,10,.926179,2,0,0,44.329816
2005,6,30,6,4,1091,95,10,.926179,2,0,0,44.329816
2005,6,30,6,4,1091,150,14,.926179,2,0,0,150
2005,6,30,7,4,1091,0,140,.926179,2,1,0,0
2005,6,30,7,4,1091,34.11,40,.926179,2,1,0,44.329816
2005,6,30,7,4,1091,43.43,10,.926179,2,1,0,44.329816
2005,6,30,7,4,1091,43.9,3.8,.926179,2,1,0,44.329816
2005,6,30,7,4,1091,44.46,10,.926179,2,0,0,44.329816
2005,6,30,7,4,1091,45.11,10,.926179,2,0,0,44.329816
2005,6,30,7,4,1091,45.86,10,.926179,2,0,0,44.329816
2005,6,30,7,4,1091,46.7,10,.926179,2,0,0,44.329816
2005,6,30,7,4,1091,95,10,.926179,2,0,0,44.329816
2005,6,30,7,4,1091,150,14,.926179,2,0,0,150
2005,6,30,8,4,1091,0,140,.926179,2,1,0,0
2005,6,30,8,4,1091,34.11,40,.926179,2,1,0,44.329816
2005,6,30,8,4,1091,43.43,10,.926179,2,1,0,44.329816
2005,6,30,8,4,1091,43.9,10,.926179,2,1,0,44.329816
2005,6,30,8,4,1091,44.46,10,.926179,2,1,0,44.329816
2005,6,30,8,4,1091,45.11,10,.926179,2,1,0,44.329816
2005,6,30,8,4,1091,45.86,10,.926179,2,1,0,44.329816
2005,6,30,8,4,1091,46.7,8.8,.926179,2,1,0,44.329816
2005,6,30,8,4,1091,95,10,.926179,2,0,0,44.329816
2005,6,30,8,4,1091,150,14,.926179,2,0,0,150
2005,6,30,9,4,1091,0,240,.926179,2,1,0,0
2005,6,30,9,4,1091,95,10,.926179,2,0,0,44.329816
2005,6,30,9,4,1091,150,14,.926179,2,0,0,150
2005,6,30,10,4,1091,0,240,.926179,2,1,0,0
2005,6,30,10,4,1091,95,10,.926179,2,0,0,44.329816
2005,6,30,10,4,1091,150,14,.926179,2,0,0,150
2005,6,30,11,4,1091,0,240,.926179,2,1,0,0
2005,6,30,11,4,1091,95,10,.926179,2,1,0,44.329816
2005,6,30,11,4,1091,150,14,.926179,2,0,0,150
2005,6,30,12,4,1091,0,240,.926179,2,1,0,0
2005,6,30,12,4,1091,95,10,.926179,2,1,0,44.329816
2005,6,30,12,4,1091,150,14,.926179,2,0,0,150
2005,6,30,13,4,1091,0,240,.926179,2,1,0,0
2005,6,30,13,4,1091,95,10,.926179,2,1,0,44.329816
2005,6,30,13,4,1091,150,14,.926179,2,0,0,150
2005,6,30,14,4,1091,0,240,.926179,2,1,0,0
2005,6,30,14,4,1091,95,10,.926179,2,1,0,44.329816
2005,6,30,14,4,1091,150,14,.926179,2,0,0,150
2005,6,30,15,4,1091,0,240,.926179,2,1,0,0
2005,6,30,15,4,1091,95,10,.926179,2,1,0,44.329816
2005,6,30,15,4,1091,150,14,.926179,2,0,0,150
2005,6,30,16,4,1091,0,240,.926179,2,1,0,0
2005,6,30,16,4,1091,95,10,.926179,2,1,0,44.329816
2005,6,30,16,4,1091,150,14,.926179,2,0,0,150
2005,6,30,17,4,1091,0,240,.926179,2,1,0,0
2005,6,30,17,4,1091,95,10,.926179,2,1,0,44.329816
2005,6,30,17,4,1091,150,14,.926179,2,0,0,150
2005,6,30,18,4,1091,0,240,.926179,2,1,0,0
2005,6,30,18,4,1091,95,10,.926179,2,1,0,44.329816
2005,6,30,18,4,1091,150,14,.926179,2,0,0,150
2005,6,30,19,4,1091,0,240,.926179,2,1,0,0
2005,6,30,19,4,1091,95,10,.926179,2,0,0,44.329816
2005,6,30,19,4,1091,150,14,.926179,2,0,0,150
2005,6,30,20,4,1091,0,240,.926179,2,1,0,0
2005,6,30,20,4,1091,95,10,.926179,2,0,0,44.329816
2005,6,30,20,4,1091,150,14,.926179,2,0,0,150
2005,6,30,21,4,1091,0,240,.926179,2,1,0,0
2005,6,30,21,4,1091,95,10,.926179,2,0,0,44.329816
2005,6,30,21,4,1091,150,14,.926179,2,0,0,150
2005,6,30,22,4,1091,0,240,.926179,2,1,0,0
2005,6,30,22,4,1091,95,10,.926179,2,0,0,44.329816
2005,6,30,22,4,1091,150,14,.926179,2,0,0,150
2005,6,30,23,4,1091,0,240,.926179,2,1,0,0
2005,6,30,23,4,1091,95,10,.926179,2,0,0,44.329816
2005,6,30,23,4,1091,150,14,.926179,2,0,0,150
2005,6,30,24,4,1091,0,240,.926179,2,1,0,0
2005,6,30,24,4,1091,95,10,.926179,2,0,0,44.329816
2005,6,30,24,4,1091,150,14,.926179,2,0,0,150
2005,6,30,1,4,1092,0,220,.926179,2,1,0,0
2005,6,30,1,4,1092,41.5,40,.926179,2,1,0,44.180063
2005,6,30,1,4,1092,44,45,.926179,2,1,0,44.180063
2005,6,30,1,4,1092,95,28,.926179,2,0,0,44.180063
2005,6,30,1,4,1092,150,22.1,.926179,2,0,0,150
2005,6,30,2,4,1092,0,220,.926179,2,1,0,0
2005,6,30,2,4,1092,41.5,40,.926179,2,1,0,44.180063
2005,6,30,2,4,1092,44,20,.926179,2,1,0,44.180063
2005,6,30,2,4,1092,95,28,.926179,2,0,0,44.180063
2005,6,30,2,4,1092,150,22.1,.926179,2,0,0,150
2005,6,30,3,4,1092,0,220,.926179,2,1,0,0
2005,6,30,3,4,1092,41.5,40,.926179,2,0,0,44.180063
2005,6,30,3,4,1092,44,45,.926179,2,0,0,44.180063
2005,6,30,3,4,1092,95,28,.926179,2,0,0,44.180063
2005,6,30,3,4,1092,150,22.1,.926179,2,0,0,150
2005,6,30,4,4,1092,0,220,.926179,2,1,0,0
2005,6,30,4,4,1092,41.5,40,.926179,2,0,0,44.180063
2005,6,30,4,4,1092,44,45,.926179,2,0,0,44.180063
2005,6,30,4,4,1092,95,28,.926179,2,0,0,44.180063
2005,6,30,4,4,1092,150,22.1,.926179,2,0,0,150
2005,6,30,5,4,1092,0,220,.926179,2,1,0,0
2005,6,30,5,4,1092,41.5,40,.926179,2,0,0,44.180063
2005,6,30,5,4,1092,44,45,.926179,2,0,0,44.180063
2005,6,30,5,4,1092,95,28,.926179,2,0,0,44.180063
2005,6,30,5,4,1092,150,22.1,.926179,2,0,0,150
2005,6,30,6,4,1092,0,220,.926179,2,1,0,0
2005,6,30,6,4,1092,41.5,40,.926179,2,0,0,44.180063
2005,6,30,6,4,1092,44,45,.926179,2,0,0,44.180063
2005,6,30,6,4,1092,95,28,.926179,2,0,0,44.180063
2005,6,30,6,4,1092,150,22.1,.926179,2,0,0,150
2005,6,30,7,4,1092,0,220,.926179,2,1,0,0
2005,6,30,7,4,1092,41.5,40,.926179,2,1,0,44.180063
2005,6,30,7,4,1092,44,45,.926179,2,0,0,44.180063
2005,6,30,7,4,1092,95,28,.926179,2,0,0,44.180063
2005,6,30,7,4,1092,150,22.1,.926179,2,0,0,150
2005,6,30,8,4,1092,0,220,.926179,2,1,0,0
2005,6,30,8,4,1092,41.5,40,.926179,2,1,0,44.180063
2005,6,30,8,4,1092,44,45,.926179,2,1,0,44.180063
2005,6,30,8,4,1092,95,28,.926179,2,0,0,44.180063
2005,6,30,8,4,1092,150,22.1,.926179,2,0,0,150
2005,6,30,9,4,1092,0,305,.926179,2,1,0,0
2005,6,30,9,4,1092,95,28,.926179,2,0,0,44.180063
2005,6,30,9,4,1092,150,22.1,.926179,2,0,0,150
2005,6,30,10,4,1092,0,305,.926179,2,1,0,0
2005,6,30,10,4,1092,95,28,.926179,2,0,0,44.180063
2005,6,30,10,4,1092,150,22.1,.926179,2,0,0,150
2005,6,30,11,4,1092,0,305,.926179,2,1,0,0
2005,6,30,11,4,1092,95,28,.926179,2,1,0,44.180063
2005,6,30,11,4,1092,150,22.1,.926179,2,0,0,150
2005,6,30,12,4,1092,0,305,.926179,2,1,0,0
2005,6,30,12,4,1092,95,28,.926179,2,1,0,44.180063
2005,6,30,12,4,1092,150,22.1,.926179,2,0,0,150
2005,6,30,13,4,1092,0,305,.926179,2,1,0,0
2005,6,30,13,4,1092,95,28,.926179,2,1,0,44.180063
2005,6,30,13,4,1092,150,22.1,.926179,2,0,0,150
2005,6,30,14,4,1092,0,305,.926179,2,1,0,0
2005,6,30,14,4,1092,95,28,.926179,2,1,0,44.180063
2005,6,30,14,4,1092,150,22.1,.926179,2,0,0,150
2005,6,30,15,4,1092,0,305,.926179,2,1,0,0
2005,6,30,15,4,1092,95,28,.926179,2,1,0,44.180063
2005,6,30,15,4,1092,150,22.1,.926179,2,0,0,150
2005,6,30,16,4,1092,0,305,.926179,2,1,0,0
2005,6,30,16,4,1092,95,28,.926179,2,1,0,44.180063
2005,6,30,16,4,1092,150,22.1,.926179,2,0,0,150
2005,6,30,17,4,1092,0,305,.926179,2,1,0,0
2005,6,30,17,4,1092,95,28,.926179,2,1,0,44.180063
2005,6,30,17,4,1092,150,22.1,.926179,2,0,0,150
2005,6,30,18,4,1092,0,305,.926179,2,1,0,0
2005,6,30,18,4,1092,95,28,.926179,2,1,0,44.180063
2005,6,30,18,4,1092,150,22.1,.926179,2,0,0,150
2005,6,30,19,4,1092,0,305,.926179,2,1,0,0
2005,6,30,19,4,1092,95,28,.926179,2,0,0,44.180063
2005,6,30,19,4,1092,150,22.1,.926179,2,0,0,150
2005,6,30,20,4,1092,0,305,.926179,2,1,0,0
2005,6,30,20,4,1092,95,28,.926179,2,0,0,44.180063
2005,6,30,20,4,1092,150,22.1,.926179,2,0,0,150
2005,6,30,21,4,1092,0,305,.926179,2,1,0,0
2005,6,30,21,4,1092,95,28,.926179,2,0,0,44.180063
2005,6,30,21,4,1092,150,22.1,.926179,2,0,0,150
2005,6,30,22,4,1092,0,305,.926179,2,1,0,0
2005,6,30,22,4,1092,95,28,.926179,2,0,0,44.180063
2005,6,30,22,4,1092,150,22.1,.926179,2,0,0,150
2005,6,30,23,4,1092,0,305,.926179,2,1,0,0
2005,6,30,23,4,1092,95,28,.926179,2,0,0,44.180063
2005,6,30,23,4,1092,150,22.1,.926179,2,0,0,150
2005,6,30,24,4,1092,0,305,.926179,2,1,0,0
2005,6,30,24,4,1092,95,28,.926179,2,0,0,44.180063
2005,6,30,24,4,1092,150,22.1,.926179,2,0,0,150
2005,6,30,1,9,216,0,22.1,0,2,1,0,0
2005,6,30,2,9,216,0,22.2,0,2,1,0,0
2005,6,30,3,9,216,0,22.2,0,2,1,0,0
2005,6,30,4,9,216,0,22.2,0,2,1,0,0
2005,6,30,5,9,216,0,22.3,0,2,1,0,0
2005,6,30,6,9,216,0,22.3,0,2,1,0,0
2005,6,30,7,9,216,0,22.3,0,2,1,0,0
2005,6,30,8,9,216,0,22.3,0,2,1,0,0
2005,6,30,9,9,216,0,22.2,0,2,1,0,0
2005,6,30,10,9,216,0,22.1,0,2,1,0,0
2005,6,30,11,9,216,0,22,0,2,1,0,0
2005,6,30,12,9,216,0,21.9,0,2,1,0,0
2005,6,30,13,9,216,0,21.8,0,2,1,0,0
2005,6,30,14,9,216,0,21.7,0,2,1,0,0
2005,6,30,15,9,216,0,21.7,0,2,1,0,0
2005,6,30,16,9,216,0,21.6,0,2,1,0,0
2005,6,30,17,9,216,0,21.6,0,2,1,0,0
2005,6,30,18,9,216,0,21.5,0,2,1,0,0
2005,6,30,19,9,216,0,21.5,0,2,1,0,0
2005,6,30,20,9,216,0,21.6,0,2,1,0,0
2005,6,30,21,9,216,0,21.7,0,2,1,0,0
2005,6,30,22,9,216,0,21.9,0,2,1,0,0
2005,6,30,23,9,216,0,22,0,2,1,0,0
2005,6,30,24,9,216,0,22.1,0,2,1,0,0
2005,6,30,1,9,217,0,34,0,2,1,0,0
2005,6,30,2,9,217,0,35,0,2,1,0,0
2005,6,30,3,9,217,0,35,0,2,1,0,0
2005,6,30,4,9,217,0,35,0,2,1,0,0
2005,6,30,5,9,217,0,35,0,2,1,0,0
2005,6,30,6,9,217,0,35,0,2,1,0,0
2005,6,30,7,9,217,0,36,0,2,1,0,0
2005,6,30,8,9,217,0,37,0,2,1,0,0
2005,6,30,9,9,217,0,37,0,2,1,0,0
2005,6,30,10,9,217,0,37,0,2,1,0,0
2005,6,30,11,9,217,0,36,0,2,1,0,0
2005,6,30,12,9,217,0,35,0,2,1,0,0
2005,6,30,13,9,217,0,35,0,2,1,0,0
2005,6,30,14,9,217,0,34,0,2,1,0,0
2005,6,30,15,9,217,0,34,0,2,1,0,0
2005,6,30,16,9,217,0,34,0,2,1,0,0
2005,6,30,17,9,217,0,33,0,2,1,0,0
2005,6,30,18,9,217,0,33,0,2,1,0,0
2005,6,30,19,9,217,0,33,0,2,1,0,0
2005,6,30,20,9,217,0,33,0,2,1,0,0
2005,6,30,21,9,217,0,33,0,2,1,0,0
2005,6,30,22,9,217,0,33,0,2,1,0,0
2005,6,30,23,9,217,0,34,0,2,1,0,0
2005,6,30,24,9,217,0,34,0,2,1,0,0
2005,6,30,1,9,218,0,71.5,0,2,1,0,0
2005,6,30,1,9,218,180.3,71.2,0,2,0,0,180.3
2005,6,30,2,9,218,0,72.1,0,2,1,0,0
2005,6,30,2,9,218,180.3,70.6,0,2,0,0,180.3
2005,6,30,3,9,218,0,72.4,0,2,1,0,0
2005,6,30,3,9,218,180.3,70.3,0,2,0,0,180.3
2005,6,30,4,9,218,0,72.6,0,2,1,0,0
2005,6,30,4,9,218,180.3,70.1,0,2,0,0,180.3
2005,6,30,5,9,218,0,73.8,0,2,1,0,0
2005,6,30,5,9,218,180.3,68.9,0,2,0,0,180.3
2005,6,30,6,9,218,0,76,0,2,1,0,0
2005,6,30,6,9,218,180.3,66.7,0,2,0,0,180.3
2005,6,30,7,9,218,0,78.2,0,2,1,0,0
2005,6,30,7,9,218,180.3,64.5,0,2,0,0,180.3
2005,6,30,8,9,218,0,78.4,0,2,1,0,0
2005,6,30,8,9,218,180.3,64.3,0,2,0,0,180.3
2005,6,30,9,9,218,0,78.2,0,2,1,0,0
2005,6,30,9,9,218,71,2,0,2,0,0,71
2005,6,30,9,9,218,180.3,62.5,0,2,0,0,180.3
2005,6,30,10,9,218,0,77.6,0,2,1,0,0
2005,6,30,10,9,218,71,2.5,0,2,1,0,71
2005,6,30,10,9,218,180.3,62.6,0,2,0,0,180.3
2005,6,30,11,9,218,0,77.2,0,2,1,0,0
2005,6,30,11,9,218,71,2.5,0,2,1,0,71
2005,6,30,11,9,218,180.3,63,0,2,0,0,180.3
2005,6,30,12,9,218,0,76.2,0,2,1,0,0
2005,6,30,12,9,218,71,2,0,2,1,0,71
2005,6,30,12,9,218,180.3,64.5,0,2,0,0,180.3
2005,6,30,13,9,218,0,75.3,0,2,1,0,0
2005,6,30,13,9,218,71,2.5,0,2,1,0,71
2005,6,30,13,9,218,180.3,64.9,0,2,0,0,180.3
2005,6,30,14,9,218,0,74.6,0,2,1,0,0
2005,6,30,14,9,218,71,2.5,0,2,1,0,71
2005,6,30,14,9,218,180.3,65.6,0,2,0,0,180.3
2005,6,30,15,9,218,0,73,0,2,1,0,0
2005,6,30,15,9,218,71,2.5,0,2,1,0,71
2005,6,30,15,9,218,180.3,67.2,0,2,0,0,180.3
2005,6,30,16,9,218,0,71.4,0,2,1,0,0
2005,6,30,16,9,218,71,2.5,0,2,1,0,71
2005,6,30,16,9,218,180.3,68.8,0,2,0,0,180.3
2005,6,30,17,9,218,0,67.3,0,2,1,0,0
2005,6,30,17,9,218,71,2.5,0,2,1,0,71
2005,6,30,17,9,218,180.3,72.9,0,2,0,0,180.3
2005,6,30,18,9,218,0,66.9,0,2,1,0,0
2005,6,30,18,9,218,71,2.5,0,2,1,0,71
2005,6,30,18,9,218,180.3,73.3,0,2,0,0,180.3
2005,6,30,19,9,218,0,67.2,0,2,1,0,0
2005,6,30,19,9,218,71,2.5,0,2,1,0,71
2005,6,30,19,9,218,180.3,73,0,2,0,0,180.3
2005,6,30,20,9,218,0,68.1,0,2,1,0,0
2005,6,30,20,9,218,71,2,0,2,1,0,71
2005,6,30,20,9,218,180.3,72.6,0,2,0,0,180.3
2005,6,30,21,9,218,0,68.5,0,2,1,0,0
2005,6,30,21,9,218,180.3,74.2,0,2,0,0,180.3
2005,6,30,22,9,218,0,69,0,2,1,0,0
2005,6,30,22,9,218,180.3,73.7,0,2,0,0,180.3
2005,6,30,23,9,218,0,69.5,0,2,1,0,0
2005,6,30,23,9,218,180.3,73.2,0,2,0,0,180.3
2005,6,30,24,9,218,0,70.3,0,2,1,0,0
2005,6,30,24,9,218,180.3,72.4,0,2,0,0,180.3
2005,6,30,1,9,219,0,16.3,0,2,1,0,0
2005,6,30,2,9,219,0,16.3,0,2,1,0,0
2005,6,30,3,9,219,0,16.3,0,2,1,0,0
2005,6,30,4,9,219,0,16.4,0,2,1,0,0
2005,6,30,5,9,219,0,16.4,0,2,1,0,0
2005,6,30,6,9,219,0,16.4,0,2,1,0,0
2005,6,30,7,9,219,0,16.4,0,2,1,0,0
2005,6,30,8,9,219,0,15.7,0,2,1,0,0
2005,6,30,9,9,219,0,14.8,0,2,1,0,0
2005,6,30,10,9,219,0,12.9,0,2,1,0,0
2005,6,30,11,9,219,0,15.1,0,2,1,0,0
2005,6,30,12,9,219,0,16.1,0,2,1,0,0
2005,6,30,13,9,219,0,15.8,0,2,1,0,0
2005,6,30,14,9,219,0,16.1,0,2,1,0,0
2005,6,30,15,9,219,0,16.1,0,2,1,0,0
2005,6,30,16,9,219,0,16.7,0,2,1,0,0
2005,6,30,17,9,219,0,16.7,0,2,1,0,0
2005,6,30,18,9,219,0,17.6,0,2,1,0,0
2005,6,30,19,9,219,0,18.5,0,2,1,0,0
2005,6,30,20,9,219,0,19.2,0,2,1,0,0
2005,6,30,21,9,219,0,20,0,2,1,0,0
2005,6,30,22,9,219,0,21,0,2,1,0,0
2005,6,30,23,9,219,0,21.3,0,2,1,0,0
2005,6,30,24,9,219,0,21,0,2,1,0,0
2005,6,30,1,2,220,0,7.2,0,2,1,0,0
2005,6,30,1,2,220,74.51,16,0,2,0,0,74.51
2005,6,30,1,2,220,77.85,16,0,2,0,0,77.85
2005,6,30,1,2,220,81.2,16,0,2,0,0,81.2
2005,6,30,1,2,220,84.54,16,0,2,0,0,84.54
2005,6,30,2,2,220,0,7.2,0,2,1,0,0
2005,6,30,2,2,220,74.51,16,0,2,0,0,74.51
2005,6,30,2,2,220,77.85,16,0,2,0,0,77.85
2005,6,30,2,2,220,81.2,16,0,2,0,0,81.2
2005,6,30,2,2,220,84.54,16,0,2,0,0,84.54
2005,6,30,3,2,220,0,7.1,0,2,1,0,0
2005,6,30,3,2,220,74.51,16,0,2,0,0,74.51
2005,6,30,3,2,220,77.85,16,0,2,0,0,77.85
2005,6,30,3,2,220,81.2,16,0,2,0,0,81.2
2005,6,30,3,2,220,84.54,16,0,2,0,0,84.54
2005,6,30,4,2,220,0,7.1,0,2,1,0,0
2005,6,30,4,2,220,74.51,16,0,2,0,0,74.51
2005,6,30,4,2,220,77.85,16,0,2,0,0,77.85
2005,6,30,4,2,220,81.2,16,0,2,0,0,81.2
2005,6,30,4,2,220,84.54,16,0,2,0,0,84.54
2005,6,30,5,2,220,0,7.1,0,2,1,0,0
2005,6,30,5,2,220,74.51,16,0,2,0,0,74.51
2005,6,30,5,2,220,77.85,16,0,2,0,0,77.85
2005,6,30,5,2,220,81.2,16,0,2,0,0,81.2
2005,6,30,5,2,220,84.54,16,0,2,0,0,84.54
2005,6,30,6,2,220,0,7.1,0,2,1,0,0
2005,6,30,6,2,220,74.51,16,0,2,0,0,74.51
2005,6,30,6,2,220,77.85,16,0,2,0,0,77.85
2005,6,30,6,2,220,81.2,16,0,2,0,0,81.2
2005,6,30,6,2,220,84.54,16,0,2,0,0,84.54
2005,6,30,7,2,220,0,7.1,0,2,1,0,0
2005,6,30,7,2,220,74.51,16,0,2,0,0,74.51
2005,6,30,7,2,220,77.85,16,0,2,0,0,77.85
2005,6,30,7,2,220,81.2,16,0,2,0,0,81.2
2005,6,30,7,2,220,84.54,16,0,2,0,0,84.54
2005,6,30,8,2,220,0,7.1,0,2,1,0,0
2005,6,30,8,2,220,74.51,16,0,2,0,0,74.51
2005,6,30,8,2,220,77.85,16,0,2,0,0,77.85
2005,6,30,8,2,220,81.2,16,0,2,0,0,81.2
2005,6,30,8,2,220,84.54,16,0,2,0,0,84.54
2005,6,30,9,2,220,0,7.1,0,2,1,0,0
2005,6,30,9,2,220,74.51,16,0,2,0,0,74.51
2005,6,30,9,2,220,77.85,16,0,2,0,0,77.85
2005,6,30,9,2,220,81.2,16,0,2,0,0,81.2
2005,6,30,9,2,220,84.54,16,0,2,0,0,84.54
2005,6,30,10,2,220,0,22.1,0,2,1,0,0
2005,6,30,10,2,220,74.51,16,0,2,1,0,74.51
2005,6,30,10,2,220,77.85,16,0,2,1,0,77.85
2005,6,30,10,2,220,81.2,16,0,2,1,0,81.2
2005,6,30,10,2,220,84.54,16,0,2,1,0,84.54
2005,6,30,11,2,220,0,48.7,0,2,1,0,0
2005,6,30,11,2,220,74.51,16,0,2,1,0,74.51
2005,6,30,11,2,220,77.85,16,0,2,1,0,77.85
2005,6,30,11,2,220,81.2,16,0,2,1,0,81.2
2005,6,30,11,2,220,84.54,16,0,2,1,0,84.54
2005,6,30,12,2,220,0,84.4,0,2,1,0,0
2005,6,30,12,2,220,74.51,16,0,2,1,0,74.51
2005,6,30,12,2,220,77.85,16,0,2,1,0,77.85
2005,6,30,12,2,220,81.2,16,0,2,1,0,81.2
2005,6,30,12,2,220,84.54,16,0,2,1,0,84.54
2005,6,30,13,2,220,0,158.3,0,2,1,0,0
2005,6,30,13,2,220,74.51,16,0,2,1,0,74.51
2005,6,30,13,2,220,77.85,16,0,2,1,0,77.85
2005,6,30,13,2,220,81.2,16,0,2,1,0,81.2
2005,6,30,13,2,220,84.54,16,0,2,1,0,84.54
2005,6,30,14,2,220,0,158.1,0,2,1,0,0
2005,6,30,14,2,220,74.51,16,0,2,1,0,74.51
2005,6,30,14,2,220,77.85,16,0,2,1,0,77.85
2005,6,30,14,2,220,81.2,16,0,2,1,0,81.2
2005,6,30,14,2,220,84.54,16,0,2,1,0,84.54
2005,6,30,15,2,220,0,89.1,0,2,1,0,0
2005,6,30,15,2,220,74.51,16,0,2,1,0,74.51
2005,6,30,15,2,220,77.85,16,0,2,1,0,77.85
2005,6,30,15,2,220,81.2,16,0,2,1,0,81.2
2005,6,30,15,2,220,84.54,16,0,2,1,0,84.54
2005,6,30,16,2,220,0,89.1,0,2,1,0,0
2005,6,30,16,2,220,74.51,16,0,2,1,0,74.51
2005,6,30,16,2,220,77.85,16,0,2,1,0,77.85
2005,6,30,16,2,220,81.2,16,0,2,1,0,81.2
2005,6,30,16,2,220,84.54,16,0,2,1,0,84.54
2005,6,30,17,2,220,0,97.4,0,2,1,0,0
2005,6,30,17,2,220,74.51,16,0,2,1,0,74.51
2005,6,30,17,2,220,77.85,16,0,2,1,0,77.85
2005,6,30,17,2,220,81.2,16,0,2,1,0,81.2
2005,6,30,17,2,220,84.54,16,0,2,1,0,84.54
2005,6,30,18,2,220,0,97.4,0,2,1,0,0
2005,6,30,18,2,220,74.51,16,0,2,1,0,74.51
2005,6,30,18,2,220,77.85,16,0,2,1,0,77.85
2005,6,30,18,2,220,81.2,16,0,2,1,0,81.2
2005,6,30,18,2,220,84.54,16,0,2,1,0,84.54
2005,6,30,19,2,220,0,97.4,0,2,1,0,0
2005,6,30,19,2,220,74.51,16,0,2,1,0,74.51
2005,6,30,19,2,220,77.85,16,0,2,1,0,77.85
2005,6,30,19,2,220,81.2,16,0,2,1,0,81.2
2005,6,30,19,2,220,84.54,16,0,2,1,0,84.54
2005,6,30,20,2,220,0,41.6,0,2,1,0,0
2005,6,30,20,2,220,74.51,16,0,2,1,0,74.51
2005,6,30,20,2,220,77.85,16,0,2,1,0,77.85
2005,6,30,20,2,220,81.2,16,0,2,1,0,81.2
2005,6,30,20,2,220,84.54,16,0,2,0,0,84.54
2005,6,30,21,2,220,0,34.8,0,2,1,0,0
2005,6,30,21,2,220,74.51,16,0,2,0,0,74.51
2005,6,30,21,2,220,77.85,16,0,2,0,0,77.85
2005,6,30,21,2,220,81.2,16,0,2,0,0,81.2
2005,6,30,21,2,220,84.54,16,0,2,0,0,84.54
2005,6,30,22,2,220,0,22.1,0,2,1,0,0
2005,6,30,22,2,220,74.51,16,0,2,0,0,74.51
2005,6,30,22,2,220,77.85,16,0,2,0,0,77.85
2005,6,30,22,2,220,81.2,16,0,2,0,0,81.2
2005,6,30,22,2,220,84.54,16,0,2,0,0,84.54
2005,6,30,23,2,220,0,22.1,0,2,1,0,0
2005,6,30,23,2,220,74.51,16,0,2,0,0,74.51
2005,6,30,23,2,220,77.85,16,0,2,0,0,77.85
2005,6,30,23,2,220,81.2,16,0,2,0,0,81.2
2005,6,30,23,2,220,84.54,16,0,2,0,0,84.54
2005,6,30,24,2,220,0,22.1,0,2,1,0,0
2005,6,30,24,2,220,74.51,16,0,2,0,0,74.51
2005,6,30,24,2,220,77.85,16,0,2,0,0,77.85
2005,6,30,24,2,220,81.2,16,0,2,0,0,81.2
2005,6,30,24,2,220,84.54,16,0,2,0,0,84.54
2005,6,30,1,4,1096,179.62,113,.833154,2,0,0,179.62
2005,6,30,1,4,1096,180,2,.833154,2,0,0,180
2005,6,30,2,4,1096,179.62,113,.833154,2,0,0,179.62
2005,6,30,2,4,1096,180,2,.833154,2,0,0,180
2005,6,30,3,4,1096,179.62,113,.833154,2,0,0,179.62
2005,6,30,3,4,1096,180,2,.833154,2,0,0,180
2005,6,30,4,4,1096,179.62,113,.833154,2,0,0,179.62
2005,6,30,4,4,1096,180,2,.833154,2,0,0,180
2005,6,30,5,4,1096,179.62,113,.833154,2,0,0,179.62
2005,6,30,5,4,1096,180,2,.833154,2,0,0,180
2005,6,30,6,4,1096,179.62,113,.833154,2,0,0,179.62
2005,6,30,6,4,1096,180,2,.833154,2,0,0,180
2005,6,30,7,4,1096,179.62,113,.833154,2,0,0,179.62
2005,6,30,7,4,1096,180,2,.833154,2,0,0,180
2005,6,30,8,4,1096,179.62,113,.833154,2,0,0,179.62
2005,6,30,8,4,1096,180,2,.833154,2,0,0,180
2005,6,30,9,4,1096,179.62,113,.833154,2,0,0,179.62
2005,6,30,9,4,1096,180,2,.833154,2,0,0,180
2005,6,30,10,4,1096,179.62,113,.833154,2,0,0,179.62
2005,6,30,10,4,1096,180,2,.833154,2,0,0,180
2005,6,30,11,4,1096,179.62,113,.833154,2,0,0,179.62
2005,6,30,11,4,1096,180,2,.833154,2,0,0,180
2005,6,30,12,4,1096,179.62,113,.833154,2,0,0,179.62
2005,6,30,12,4,1096,180,2,.833154,2,0,0,180
2005,6,30,13,4,1096,179.62,113,.833154,2,0,0,179.62
2005,6,30,13,4,1096,180,2,.833154,2,0,0,180
2005,6,30,14,4,1096,179.62,113,.833154,2,0,0,179.62
2005,6,30,14,4,1096,180,2,.833154,2,0,0,180
2005,6,30,15,4,1096,179.62,113,.833154,2,0,0,179.62
2005,6,30,15,4,1096,180,2,.833154,2,0,0,180
2005,6,30,16,4,1096,179.62,113,.833154,2,0,0,179.62
2005,6,30,16,4,1096,180,2,.833154,2,0,0,180
2005,6,30,17,4,1096,179.62,113,.833154,2,0,0,179.62
2005,6,30,17,4,1096,180,2,.833154,2,0,0,180
2005,6,30,18,4,1096,179.62,113,.833154,2,0,0,179.62
2005,6,30,18,4,1096,180,2,.833154,2,0,0,180
2005,6,30,19,4,1096,179.62,113,.833154,2,0,0,179.62
2005,6,30,19,4,1096,180,2,.833154,2,0,0,180
2005,6,30,20,4,1096,179.62,113,.833154,2,0,0,179.62
2005,6,30,20,4,1096,180,2,.833154,2,0,0,180
2005,6,30,21,4,1096,179.62,113,.833154,2,0,0,179.62
2005,6,30,21,4,1096,180,2,.833154,2,0,0,180
2005,6,30,22,4,1096,179.62,113,.833154,2,0,0,179.62
2005,6,30,22,4,1096,180,2,.833154,2,0,0,180
2005,6,30,23,4,1096,179.62,113,.833154,2,0,0,179.62
2005,6,30,23,4,1096,180,2,.833154,2,0,0,180
2005,6,30,24,4,1096,179.62,113,.833154,2,0,0,179.62
2005,6,30,24,4,1096,180,2,.833154,2,0,0,180
2005,6,30,1,4,1097,146.76,319,.833154,2,0,0,146.76
2005,6,30,1,4,1097,150,13.5,.833154,2,0,0,150
2005,6,30,2,4,1097,146.76,319,.833154,2,0,0,146.76
2005,6,30,2,4,1097,150,13.5,.833154,2,0,0,150
2005,6,30,3,4,1097,146.76,319,.833154,2,0,0,146.76
2005,6,30,3,4,1097,150,13.5,.833154,2,0,0,150
2005,6,30,4,4,1097,146.76,319,.833154,2,0,0,146.76
2005,6,30,4,4,1097,150,13.5,.833154,2,0,0,150
2005,6,30,5,4,1097,146.76,319,.833154,2,0,0,146.76
2005,6,30,5,4,1097,150,13.5,.833154,2,0,0,150
2005,6,30,6,4,1097,146.76,319,.833154,2,0,0,146.76
2005,6,30,6,4,1097,150,13.5,.833154,2,0,0,150
2005,6,30,7,4,1097,146.76,319,.833154,2,0,0,146.76
2005,6,30,7,4,1097,150,13.5,.833154,2,0,0,150
2005,6,30,8,4,1097,146.76,319,.833154,2,0,0,146.76
2005,6,30,8,4,1097,150,13.5,.833154,2,0,0,150
2005,6,30,9,4,1097,146.76,319,.833154,2,0,0,146.76
2005,6,30,9,4,1097,150,13.5,.833154,2,0,0,150
2005,6,30,10,4,1097,146.76,319,.833154,2,0,0,146.76
2005,6,30,10,4,1097,150,13.5,.833154,2,0,0,150
2005,6,30,11,4,1097,146.76,319,.833154,2,0,0,146.76
2005,6,30,11,4,1097,150,13.5,.833154,2,0,0,150
2005,6,30,12,4,1097,146.76,319,.833154,2,0,0,146.76
2005,6,30,12,4,1097,150,13.5,.833154,2,0,0,150
2005,6,30,13,4,1097,146.76,319,.833154,2,0,0,146.76
2005,6,30,13,4,1097,150,13.5,.833154,2,0,0,150
2005,6,30,14,4,1097,146.76,319,.833154,2,0,0,146.76
2005,6,30,14,4,1097,150,13.5,.833154,2,0,0,150
2005,6,30,15,4,1097,146.76,319,.833154,2,0,0,146.76
2005,6,30,15,4,1097,150,13.5,.833154,2,0,0,150
2005,6,30,16,4,1097,146.76,319,.833154,2,0,0,146.76
2005,6,30,16,4,1097,150,13.5,.833154,2,0,0,150
2005,6,30,17,4,1097,146.76,319,.833154,2,0,0,146.76
2005,6,30,17,4,1097,150,13.5,.833154,2,0,0,150
2005,6,30,18,4,1097,146.76,319,.833154,2,0,0,146.76
2005,6,30,18,4,1097,150,13.5,.833154,2,0,0,150
2005,6,30,19,4,1097,146.76,319,.833154,2,0,0,146.76
2005,6,30,19,4,1097,150,13.5,.833154,2,0,0,150
2005,6,30,20,4,1097,146.76,319,.833154,2,0,0,146.76
2005,6,30,20,4,1097,150,13.5,.833154,2,0,0,150
2005,6,30,21,4,1097,146.76,319,.833154,2,0,0,146.76
2005,6,30,21,4,1097,150,13.5,.833154,2,0,0,150
2005,6,30,22,4,1097,146.76,319,.833154,2,0,0,146.76
2005,6,30,22,4,1097,150,13.5,.833154,2,0,0,150
2005,6,30,23,4,1097,146.76,319,.833154,2,0,0,146.76
2005,6,30,23,4,1097,150,13.5,.833154,2,0,0,150
2005,6,30,24,4,1097,146.76,319,.833154,2,0,0,146.76
2005,6,30,24,4,1097,150,13.5,.833154,2,0,0,150
2005,6,30,1,9,223,73,14.7,0,1,1,0,73
2005,6,30,2,9,223,58,15,0,1,1,0,58
2005,6,30,3,9,223,58,14.1,0,1,1,0,58
2005,6,30,4,9,223,58,14.3,0,1,1,0,58
2005,6,30,5,9,223,55,14.3,0,1,1,0,55
2005,6,30,6,9,223,58,14.6,0,1,1,0,58
2005,6,30,7,9,223,55,17.6,0,1,1,0,55
2005,6,30,8,9,223,79,18.1,0,1,1,0,79
2005,6,30,9,9,223,83,19.8,0,1,1,0,83
2005,6,30,10,9,223,93,20.4,0,1,1,0,93
2005,6,30,11,9,223,112,19.6,0,1,1,0,112
2005,6,30,12,9,223,125,20.6,0,1,1,0,125
2005,6,30,13,9,223,132,21.5,0,1,1,0,132
2005,6,30,14,9,223,125,21,0,1,1,0,125
2005,6,30,15,9,223,126,20.1,0,1,1,0,126
2005,6,30,16,9,223,135,21.3,0,1,1,0,135
2005,6,30,17,9,223,139,21.6,0,1,1,0,139
2005,6,30,18,9,223,139,21.2,0,1,1,0,139
2005,6,30,19,9,223,139,20,0,1,1,0,139
2005,6,30,20,9,223,128,18.6,0,1,1,0,128
2005,6,30,21,9,223,118,17.9,0,1,1,0,118
2005,6,30,22,9,223,106,17.3,0,1,1,0,106
2005,6,30,23,9,223,106,16.2,0,1,1,0,106
2005,6,30,24,9,223,89,15.6,0,1,1,0,89
2005,6,30,18,9,224,.1,1,0,1,0,0,.1
2005,6,30,1,9,225,0,25,0,2,1,0,0
2005,6,30,2,9,225,0,25,0,2,1,0,0
2005,6,30,3,9,225,0,25,0,2,1,0,0
2005,6,30,4,9,225,0,25,0,2,1,0,0
2005,6,30,5,9,225,0,25,0,2,1,0,0
2005,6,30,6,9,225,0,25,0,2,1,0,0
2005,6,30,7,9,225,0,25,0,2,1,0,0
2005,6,30,8,9,225,0,25,0,2,1,0,0
2005,6,30,9,9,225,0,25,0,2,1,0,0
2005,6,30,10,9,225,0,25,0,2,1,0,0
2005,6,30,11,9,225,0,25,0,2,1,0,0
2005,6,30,12,9,225,0,25,0,2,1,0,0
2005,6,30,13,9,225,0,25,0,2,1,0,0
2005,6,30,14,9,225,0,25,0,2,1,0,0
2005,6,30,15,9,225,0,25,0,2,1,0,0
2005,6,30,16,9,225,0,25,0,2,1,0,0
2005,6,30,17,9,225,0,25,0,2,1,0,0
2005,6,30,18,9,225,0,25,0,2,1,0,0
2005,6,30,19,9,225,0,25,0,2,1,0,0
2005,6,30,20,9,225,0,25,0,2,1,0,0
2005,6,30,21,9,225,0,25,0,2,1,0,0
2005,6,30,22,9,225,0,25,0,2,1,0,0
2005,6,30,23,9,225,0,25,0,2,1,0,0
2005,6,30,24,9,225,0,25,0,2,1,0,0
2005,6,30,1,1,226,0,87,0,2,1,0,0
2005,6,30,1,1,226,95.11,87,0,2,0,0,95.11
2005,6,30,1,1,226,95.91,67,0,2,0,0,95.91
2005,6,30,1,1,226,96.31,87,0,2,0,0,96.31
2005,6,30,1,1,226,97.81,67,0,2,0,0,97.81
2005,6,30,1,1,226,99.4,78,0,2,0,0,99.4
2005,6,30,1,1,226,121.25,82,0,2,0,0,121.25
2005,6,30,1,1,226,127.66,266.3,0,2,0,0,127.66
2005,6,30,2,1,226,0,84.1,0,2,1,0,0
2005,6,30,2,1,226,95.11,87,0,2,0,0,95.11
2005,6,30,2,1,226,95.91,67,0,2,0,0,95.91
2005,6,30,2,1,226,96.31,87,0,2,0,0,96.31
2005,6,30,2,1,226,97.81,67,0,2,0,0,97.81
2005,6,30,2,1,226,99.4,78,0,2,0,0,99.4
2005,6,30,2,1,226,121.25,82,0,2,0,0,121.25
2005,6,30,2,1,226,127.66,269.2,0,2,0,0,127.66
2005,6,30,3,1,226,0,84,0,2,1,0,0
2005,6,30,3,1,226,95.11,87,0,2,0,0,95.11
2005,6,30,3,1,226,95.91,67,0,2,0,0,95.91
2005,6,30,3,1,226,96.31,87,0,2,0,0,96.31
2005,6,30,3,1,226,97.81,67,0,2,0,0,97.81
2005,6,30,3,1,226,99.4,78,0,2,0,0,99.4
2005,6,30,3,1,226,121.25,82,0,2,0,0,121.25
2005,6,30,3,1,226,127.66,269.3,0,2,0,0,127.66
2005,6,30,4,1,226,0,81.7,0,2,1,0,0
2005,6,30,4,1,226,95.11,87,0,2,0,0,95.11
2005,6,30,4,1,226,95.91,67,0,2,0,0,95.91
2005,6,30,4,1,226,96.31,87,0,2,0,0,96.31
2005,6,30,4,1,226,97.81,67,0,2,0,0,97.81
2005,6,30,4,1,226,99.4,78,0,2,0,0,99.4
2005,6,30,4,1,226,121.25,82,0,2,0,0,121.25
2005,6,30,4,1,226,127.66,271.6,0,2,0,0,127.66
2005,6,30,5,1,226,0,80.1,0,2,1,0,0
2005,6,30,5,1,226,95.11,87,0,2,0,0,95.11
2005,6,30,5,1,226,95.91,67,0,2,0,0,95.91
2005,6,30,5,1,226,96.31,87,0,2,0,0,96.31
2005,6,30,5,1,226,97.81,67,0,2,0,0,97.81
2005,6,30,5,1,226,99.4,78,0,2,0,0,99.4
2005,6,30,5,1,226,121.25,82,0,2,0,0,121.25
2005,6,30,5,1,226,127.66,273.2,0,2,0,0,127.66
2005,6,30,6,1,226,0,80.1,0,2,1,0,0
2005,6,30,6,1,226,95.11,87,0,2,0,0,95.11
2005,6,30,6,1,226,95.91,67,0,2,0,0,95.91
2005,6,30,6,1,226,96.31,87,0,2,0,0,96.31
2005,6,30,6,1,226,97.81,67,0,2,0,0,97.81
2005,6,30,6,1,226,99.4,78,0,2,0,0,99.4
2005,6,30,6,1,226,121.25,82,0,2,0,0,121.25
2005,6,30,6,1,226,127.66,273.2,0,2,0,0,127.66
2005,6,30,7,1,226,0,80.2,0,2,1,0,0
2005,6,30,7,1,226,95.11,87,0,2,0,0,95.11
2005,6,30,7,1,226,95.91,67,0,2,0,0,95.91
2005,6,30,7,1,226,96.31,87,0,2,0,0,96.31
2005,6,30,7,1,226,97.81,67,0,2,0,0,97.81
2005,6,30,7,1,226,99.4,78,0,2,0,0,99.4
2005,6,30,7,1,226,121.25,82,0,2,0,0,121.25
2005,6,30,7,1,226,127.66,273.1,0,2,0,0,127.66
2005,6,30,8,1,226,0,80.2,0,2,1,0,0
2005,6,30,8,1,226,95.11,87,0,2,0,0,95.11
2005,6,30,8,1,226,95.91,67,0,2,0,0,95.91
2005,6,30,8,1,226,96.31,87,0,2,0,0,96.31
2005,6,30,8,1,226,97.81,67,0,2,0,0,97.81
2005,6,30,8,1,226,99.4,78,0,2,0,0,99.4
2005,6,30,8,1,226,121.25,82,0,2,0,0,121.25
2005,6,30,8,1,226,127.66,273.1,0,2,0,0,127.66
2005,6,30,9,1,226,0,83.4,0,2,1,0,0
2005,6,30,9,1,226,95.11,87,0,2,0,0,95.11
2005,6,30,9,1,226,95.91,67,0,2,0,0,95.91
2005,6,30,9,1,226,96.31,87,0,2,0,0,96.31
2005,6,30,9,1,226,97.81,67,0,2,0,0,97.81
2005,6,30,9,1,226,99.4,78,0,2,0,0,99.4
2005,6,30,9,1,226,121.25,82,0,2,0,0,121.25
2005,6,30,9,1,226,127.66,269.9,0,2,0,0,127.66
2005,6,30,10,1,226,0,99.3,0,2,1,0,0
2005,6,30,10,1,226,95.11,87,0,2,0,0,95.11
2005,6,30,10,1,226,95.91,67,0,2,0,0,95.91
2005,6,30,10,1,226,96.31,87,0,2,0,0,96.31
2005,6,30,10,1,226,97.81,67,0,2,0,0,97.81
2005,6,30,10,1,226,99.4,78,0,2,0,0,99.4
2005,6,30,10,1,226,121.25,82,0,2,0,0,121.25
2005,6,30,10,1,226,127.66,254,0,2,0,0,127.66
2005,6,30,11,1,226,0,113.7,0,2,1,0,0
2005,6,30,11,1,226,95.13,87,0,2,1,0,95.13
2005,6,30,11,1,226,95.93,67,0,2,1,0,95.93
2005,6,30,11,1,226,96.33,87,0,2,1,0,96.33
2005,6,30,11,1,226,97.83,67,0,2,1,0,97.83
2005,6,30,11,1,226,99.42,78,0,2,1,0,99.42
2005,6,30,11,1,226,121.27,82,0,2,0,0,121.27
2005,6,30,11,1,226,127.66,239.6,0,2,0,0,127.66
2005,6,30,12,1,226,0,123.9,0,2,1,0,0
2005,6,30,12,1,226,95.13,87,0,2,1,0,95.13
2005,6,30,12,1,226,95.93,67,0,2,1,0,95.93
2005,6,30,12,1,226,96.33,87,0,2,1,0,96.33
2005,6,30,12,1,226,97.83,67,0,2,1,0,97.83
2005,6,30,12,1,226,99.42,78,0,2,1,0,99.42
2005,6,30,12,1,226,121.27,82,0,2,0,0,121.27
2005,6,30,12,1,226,127.66,229.4,0,2,0,0,127.66
2005,6,30,13,1,226,0,166.3,0,2,1,0,0
2005,6,30,13,1,226,95.13,87,0,2,1,0,95.13
2005,6,30,13,1,226,95.93,67,0,2,1,0,95.93
2005,6,30,13,1,226,96.33,87,0,2,1,0,96.33
2005,6,30,13,1,226,97.83,67,0,2,1,0,97.83
2005,6,30,13,1,226,99.42,78,0,2,1,0,99.42
2005,6,30,13,1,226,121.27,82,0,2,0,0,121.27
2005,6,30,13,1,226,127.66,187,0,2,0,0,127.66
2005,6,30,14,1,226,0,166.7,0,2,1,0,0
2005,6,30,14,1,226,95.13,87,0,2,1,0,95.13
2005,6,30,14,1,226,95.93,67,0,2,1,0,95.93
2005,6,30,14,1,226,96.33,87,0,2,1,0,96.33
2005,6,30,14,1,226,97.83,67,0,2,1,0,97.83
2005,6,30,14,1,226,99.42,78,0,2,1,0,99.42
2005,6,30,14,1,226,121.27,82,0,2,0,0,121.27
2005,6,30,14,1,226,127.66,186.6,0,2,0,0,127.66
2005,6,30,15,1,226,0,133.8,0,2,1,0,0
2005,6,30,15,1,226,95.13,87,0,2,1,0,95.13
2005,6,30,15,1,226,95.93,67,0,2,1,0,95.93
2005,6,30,15,1,226,96.33,87,0,2,1,0,96.33
2005,6,30,15,1,226,97.83,67,0,2,1,0,97.83
2005,6,30,15,1,226,99.42,18.2,0,2,1,0,99.42
2005,6,30,15,1,226,121.27,82,0,2,0,0,121.27
2005,6,30,15,1,226,127.66,219.5,0,2,0,0,127.66
2005,6,30,16,1,226,0,133.1,0,2,1,0,0
2005,6,30,16,1,226,95.13,87,0,2,1,0,95.13
2005,6,30,16,1,226,95.93,67,0,2,0,0,95.93
2005,6,30,16,1,226,96.33,87,0,2,0,0,96.33
2005,6,30,16,1,226,97.83,67,0,2,0,0,97.83
2005,6,30,16,1,226,99.42,78,0,2,0,0,99.42
2005,6,30,16,1,226,121.27,82,0,2,0,0,121.27
2005,6,30,16,1,226,127.66,220.2,0,2,0,0,127.66
2005,6,30,17,1,226,0,130.3,0,2,1,0,0
2005,6,30,17,1,226,95.13,87,0,2,1,0,95.13
2005,6,30,17,1,226,95.93,67,0,2,1,0,95.93
2005,6,30,17,1,226,96.33,43.7,0,2,1,0,96.33
2005,6,30,17,1,226,97.83,67,0,2,0,0,97.83
2005,6,30,17,1,226,99.42,78,0,2,0,0,99.42
2005,6,30,17,1,226,121.27,82,0,2,0,0,121.27
2005,6,30,17,1,226,127.66,223,0,2,0,0,127.66
2005,6,30,18,1,226,0,164.4,0,2,1,0,0
2005,6,30,18,1,226,95.13,87,0,2,1,0,95.13
2005,6,30,18,1,226,95.93,67,0,2,1,0,95.93
2005,6,30,18,1,226,96.33,86.8,0,2,1,0,96.33
2005,6,30,18,1,226,97.83,67,0,2,0,0,97.83
2005,6,30,18,1,226,99.42,78,0,2,0,0,99.42
2005,6,30,18,1,226,121.27,82,0,2,0,0,121.27
2005,6,30,18,1,226,127.66,188.9,0,2,0,0,127.66
2005,6,30,19,1,226,0,130.4,0,2,1,0,0
2005,6,30,19,1,226,95.13,87,0,2,0,0,95.13
2005,6,30,19,1,226,95.93,67,0,2,0,0,95.93
2005,6,30,19,1,226,96.33,87,0,2,0,0,96.33
2005,6,30,19,1,226,97.83,67,0,2,0,0,97.83
2005,6,30,19,1,226,99.42,78,0,2,0,0,99.42
2005,6,30,19,1,226,121.27,82,0,2,0,0,121.27
2005,6,30,19,1,226,127.66,222.9,0,2,0,0,127.66
2005,6,30,20,1,226,0,125.8,0,2,1,0,0
2005,6,30,20,1,226,95.13,87,0,2,0,0,95.13
2005,6,30,20,1,226,95.93,67,0,2,0,0,95.93
2005,6,30,20,1,226,96.33,87,0,2,0,0,96.33
2005,6,30,20,1,226,97.83,67,0,2,0,0,97.83
2005,6,30,20,1,226,99.42,78,0,2,0,0,99.42
2005,6,30,20,1,226,121.27,82,0,2,0,0,121.27
2005,6,30,20,1,226,127.66,227.5,0,2,0,0,127.66
2005,6,30,21,1,226,0,120.7,0,2,1,0,0
2005,6,30,21,1,226,95.11,87,0,2,0,0,95.11
2005,6,30,21,1,226,95.91,67,0,2,0,0,95.91
2005,6,30,21,1,226,96.31,87,0,2,0,0,96.31
2005,6,30,21,1,226,97.81,67,0,2,0,0,97.81
2005,6,30,21,1,226,99.4,78,0,2,0,0,99.4
2005,6,30,21,1,226,121.25,82,0,2,0,0,121.25
2005,6,30,21,1,226,127.66,232.6,0,2,0,0,127.66
2005,6,30,22,1,226,0,94.6,0,2,1,0,0
2005,6,30,22,1,226,95.11,87,0,2,0,0,95.11
2005,6,30,22,1,226,95.91,67,0,2,0,0,95.91
2005,6,30,22,1,226,96.31,87,0,2,0,0,96.31
2005,6,30,22,1,226,97.81,67,0,2,0,0,97.81
2005,6,30,22,1,226,99.4,78,0,2,0,0,99.4
2005,6,30,22,1,226,121.25,82,0,2,0,0,121.25
2005,6,30,22,1,226,127.66,258.7,0,2,0,0,127.66
2005,6,30,23,1,226,0,92.8,0,2,1,0,0
2005,6,30,23,1,226,95.11,87,0,2,0,0,95.11
2005,6,30,23,1,226,95.91,67,0,2,0,0,95.91
2005,6,30,23,1,226,96.31,87,0,2,0,0,96.31
2005,6,30,23,1,226,97.81,67,0,2,0,0,97.81
2005,6,30,23,1,226,99.4,78,0,2,0,0,99.4
2005,6,30,23,1,226,121.25,82,0,2,0,0,121.25
2005,6,30,23,1,226,127.66,260.5,0,2,0,0,127.66
2005,6,30,24,1,226,0,87.7,0,2,1,0,0
2005,6,30,24,1,226,95.11,87,0,2,0,0,95.11
2005,6,30,24,1,226,95.91,67,0,2,0,0,95.91
2005,6,30,24,1,226,96.31,87,0,2,0,0,96.31
2005,6,30,24,1,226,97.81,67,0,2,0,0,97.81
2005,6,30,24,1,226,99.4,78,0,2,0,0,99.4
2005,6,30,24,1,226,121.25,82,0,2,0,0,121.25
2005,6,30,24,1,226,127.66,265.6,0,2,0,0,127.66
2005,6,30,1,1,227,32.05,74,0,1,0,0,32.05
2005,6,30,1,1,227,44.65,72,0,1,0,0,44.65
2005,6,30,1,1,227,45.01,72,0,1,0,0,45.01
2005,6,30,1,1,227,45.99,78,0,1,0,0,45.99
2005,6,30,2,1,227,32.05,74,0,1,0,0,32.05
2005,6,30,2,1,227,44.65,72,0,1,1,0,44.65
2005,6,30,2,1,227,45.01,72,0,1,1,0,45.01
2005,6,30,2,1,227,45.99,78,0,1,1,0,45.99
2005,6,30,3,1,227,32.05,74,0,1,0,0,32.05
2005,6,30,3,1,227,44.65,72,0,1,1,0,44.65
2005,6,30,3,1,227,45.01,72,0,1,1,0,45.01
2005,6,30,3,1,227,45.99,78,0,1,1,0,45.99
2005,6,30,4,1,227,32.05,74,0,1,0,0,32.05
2005,6,30,4,1,227,44.65,72,0,1,1,0,44.65
2005,6,30,4,1,227,45.01,72,0,1,1,0,45.01
2005,6,30,4,1,227,45.99,78,0,1,1,0,45.99
2005,6,30,5,1,227,32.05,74,0,1,0,0,32.05
2005,6,30,5,1,227,44.65,72,0,1,1,0,44.65
2005,6,30,5,1,227,45.01,72,0,1,1,0,45.01
2005,6,30,5,1,227,45.99,78,0,1,1,0,45.99
2005,6,30,6,1,227,32.05,74,0,1,0,0,32.05
2005,6,30,6,1,227,44.65,72,0,1,1,0,44.65
2005,6,30,6,1,227,45.01,72,0,1,1,0,45.01
2005,6,30,6,1,227,45.99,78,0,1,1,0,45.99
2005,6,30,7,1,227,32.05,74,0,1,0,0,32.05
2005,6,30,7,1,227,44.65,72,0,1,1,0,44.65
2005,6,30,7,1,227,45.01,72,0,1,1,0,45.01
2005,6,30,7,1,227,45.99,78,0,1,1,0,45.99
2005,6,30,8,1,227,32.05,74,0,1,0,0,32.05
2005,6,30,8,1,227,44.65,72,0,1,0,0,44.65
2005,6,30,8,1,227,45.01,72,0,1,0,0,45.01
2005,6,30,8,1,227,45.99,78,0,1,0,0,45.99
2005,6,30,9,1,227,32.05,74,0,1,0,0,32.05
2005,6,30,9,1,227,39.35,72,0,1,0,0,39.35
2005,6,30,9,1,227,39.45,72,0,1,0,0,39.45
2005,6,30,9,1,227,39.55,78,0,1,0,0,39.55
2005,6,30,10,1,227,32.05,74,0,1,0,0,32.05
2005,6,30,10,1,227,39.35,72,0,1,0,0,39.35
2005,6,30,10,1,227,39.45,72,0,1,0,0,39.45
2005,6,30,10,1,227,39.55,78,0,1,0,0,39.55
2005,6,30,11,1,227,32.05,74,0,1,0,0,32.05
2005,6,30,11,1,227,39.35,72,0,1,0,0,39.35
2005,6,30,11,1,227,39.45,72,0,1,0,0,39.45
2005,6,30,11,1,227,39.55,78,0,1,0,0,39.55
2005,6,30,12,1,227,32.05,74,0,1,0,0,32.05
2005,6,30,12,1,227,39.35,72,0,1,0,0,39.35
2005,6,30,12,1,227,39.45,72,0,1,0,0,39.45
2005,6,30,12,1,227,39.55,78,0,1,0,0,39.55
2005,6,30,13,1,227,32.05,74,0,1,0,0,32.05
2005,6,30,13,1,227,39.35,72,0,1,0,0,39.35
2005,6,30,13,1,227,39.45,72,0,1,0,0,39.45
2005,6,30,13,1,227,39.55,78,0,1,0,0,39.55
2005,6,30,14,1,227,32.05,74,0,1,0,0,32.05
2005,6,30,14,1,227,39.35,72,0,1,0,0,39.35
2005,6,30,14,1,227,39.45,72,0,1,0,0,39.45
2005,6,30,14,1,227,39.55,78,0,1,0,0,39.55
2005,6,30,15,1,227,32.05,74,0,1,0,0,32.05
2005,6,30,15,1,227,39.35,72,0,1,0,0,39.35
2005,6,30,15,1,227,39.45,72,0,1,0,0,39.45
2005,6,30,15,1,227,39.55,78,0,1,0,0,39.55
2005,6,30,16,1,227,32.05,74,0,1,0,0,32.05
2005,6,30,16,1,227,39.35,72,0,1,0,0,39.35
2005,6,30,16,1,227,39.45,72,0,1,0,0,39.45
2005,6,30,16,1,227,39.55,78,0,1,0,0,39.55
2005,6,30,17,1,227,32.05,74,0,1,0,0,32.05
2005,6,30,17,1,227,39.35,72,0,1,0,0,39.35
2005,6,30,17,1,227,39.45,72,0,1,0,0,39.45
2005,6,30,17,1,227,39.55,78,0,1,0,0,39.55
2005,6,30,18,1,227,32.05,74,0,1,0,0,32.05
2005,6,30,18,1,227,39.35,72,0,1,0,0,39.35
2005,6,30,18,1,227,39.45,72,0,1,0,0,39.45
2005,6,30,18,1,227,39.55,78,0,1,0,0,39.55
2005,6,30,19,1,227,32.05,74,0,1,0,0,32.05
2005,6,30,19,1,227,39.35,72,0,1,0,0,39.35
2005,6,30,19,1,227,39.45,72,0,1,0,0,39.45
2005,6,30,19,1,227,39.55,78,0,1,0,0,39.55
2005,6,30,20,1,227,32.05,74,0,1,0,0,32.05
2005,6,30,20,1,227,39.35,72,0,1,0,0,39.35
2005,6,30,20,1,227,39.45,72,0,1,0,0,39.45
2005,6,30,20,1,227,39.55,78,0,1,0,0,39.55
2005,6,30,21,1,227,32.05,74,0,1,0,0,32.05
2005,6,30,21,1,227,39.35,72,0,1,0,0,39.35
2005,6,30,21,1,227,39.45,72,0,1,0,0,39.45
2005,6,30,21,1,227,39.55,78,0,1,0,0,39.55
2005,6,30,22,1,227,32.05,74,0,1,0,0,32.05
2005,6,30,22,1,227,39.35,72,0,1,0,0,39.35
2005,6,30,22,1,227,39.45,72,0,1,0,0,39.45
2005,6,30,22,1,227,39.55,78,0,1,0,0,39.55
2005,6,30,23,1,227,32.05,74,0,1,0,0,32.05
2005,6,30,23,1,227,39.35,72,0,1,0,0,39.35
2005,6,30,23,1,227,39.45,72,0,1,0,0,39.45
2005,6,30,23,1,227,39.55,78,0,1,0,0,39.55
2005,6,30,24,1,227,32.05,74,0,1,0,0,32.05
2005,6,30,24,1,227,39.35,72,0,1,0,0,39.35
2005,6,30,24,1,227,39.45,72,0,1,0,0,39.45
2005,6,30,24,1,227,39.55,78,0,1,0,0,39.55
2005,6,30,1,9,228,0,10.1,0,2,1,0,0
2005,6,30,2,9,228,0,10.1,0,2,1,0,0
2005,6,30,3,9,228,0,10.1,0,2,1,0,0
2005,6,30,4,9,228,0,10.1,0,2,1,0,0
2005,6,30,5,9,228,0,10.1,0,2,1,0,0
2005,6,30,6,9,228,0,10.1,0,2,1,0,0
2005,6,30,7,9,228,0,10.1,0,2,1,0,0
2005,6,30,8,9,228,0,10.1,0,2,1,0,0
2005,6,30,9,9,228,0,9.9,0,2,1,0,0
2005,6,30,10,9,228,0,9.7,0,2,1,0,0
2005,6,30,11,9,228,0,9.8,0,2,1,0,0
2005,6,30,12,9,228,0,9.8,0,2,1,0,0
2005,6,30,13,9,228,0,9.7,0,2,1,0,0
2005,6,30,14,9,228,0,9.6,0,2,1,0,0
2005,6,30,15,9,228,0,9.6,0,2,1,0,0
2005,6,30,16,9,228,0,9.6,0,2,1,0,0
2005,6,30,17,9,228,0,9.5,0,2,1,0,0
2005,6,30,18,9,228,0,9.5,0,2,1,0,0
2005,6,30,19,9,228,0,9.5,0,2,1,0,0
2005,6,30,20,9,228,0,9.5,0,2,1,0,0
2005,6,30,21,9,228,0,9.5,0,2,1,0,0
2005,6,30,22,9,228,0,9.8,0,2,1,0,0
2005,6,30,23,9,228,0,9.8,0,2,1,0,0
2005,6,30,24,9,228,0,9.8,0,2,1,0,0
2005,6,30,1,2,229,10.98,100,0,1,0,0,10.98
2005,6,30,1,2,229,51.99,100,0,1,1,0,51.99
2005,6,30,1,2,229,52,100,0,1,1,0,52
2005,6,30,2,2,229,10.98,100,0,1,0,0,10.98
2005,6,30,2,2,229,51.99,100,0,1,1,0,51.99
2005,6,30,2,2,229,52,100,0,1,1,0,52
2005,6,30,3,2,229,51.98,100,0,1,1,0,51.98
2005,6,30,3,2,229,51.99,100,0,1,1,0,51.99
2005,6,30,3,2,229,52,100,0,1,1,0,52
2005,6,30,4,2,229,51.98,100,0,1,1,0,51.98
2005,6,30,4,2,229,51.99,100,0,1,1,0,51.99
2005,6,30,4,2,229,52,100,0,1,1,0,52
2005,6,30,5,2,229,51.98,100,0,1,1,0,51.98
2005,6,30,5,2,229,51.99,100,0,1,1,0,51.99
2005,6,30,5,2,229,52,100,0,1,1,0,52
2005,6,30,6,2,229,51.98,100,0,1,1,0,51.98
2005,6,30,6,2,229,51.99,100,0,1,1,0,51.99
2005,6,30,6,2,229,52,100,0,1,1,0,52
2005,6,30,7,2,229,51.98,100,0,1,1,0,51.98
2005,6,30,7,2,229,51.99,100,0,1,1,0,51.99
2005,6,30,7,2,229,52,100,0,1,1,0,52
2005,6,30,8,2,229,10.98,100,0,1,0,0,10.98
2005,6,30,8,2,229,10.99,100,0,1,0,0,10.99
2005,6,30,8,2,229,11,100,0,1,0,0,11
2005,6,30,9,2,229,10.98,100,0,1,0,0,10.98
2005,6,30,9,2,229,10.99,100,0,1,0,0,10.99
2005,6,30,9,2,229,11,100,0,1,0,0,11
2005,6,30,10,2,229,10.98,100,0,1,0,0,10.98
2005,6,30,10,2,229,10.99,100,0,1,0,0,10.99
2005,6,30,10,2,229,11,100,0,1,0,0,11
2005,6,30,11,2,229,10.98,100,0,1,0,0,10.98
2005,6,30,11,2,229,10.99,100,0,1,0,0,10.99
2005,6,30,11,2,229,11,100,0,1,0,0,11
2005,6,30,12,2,229,10.98,100,0,1,0,0,10.98
2005,6,30,12,2,229,10.99,100,0,1,0,0,10.99
2005,6,30,12,2,229,11,100,0,1,0,0,11
2005,6,30,13,2,229,10.98,100,0,1,0,0,10.98
2005,6,30,13,2,229,10.99,100,0,1,0,0,10.99
2005,6,30,13,2,229,11,100,0,1,0,0,11
2005,6,30,14,2,229,10.98,100,0,1,0,0,10.98
2005,6,30,14,2,229,10.99,100,0,1,0,0,10.99
2005,6,30,14,2,229,11,100,0,1,0,0,11
2005,6,30,15,2,229,10.98,100,0,1,0,0,10.98
2005,6,30,15,2,229,10.99,100,0,1,0,0,10.99
2005,6,30,15,2,229,11,100,0,1,0,0,11
2005,6,30,16,2,229,10.98,100,0,1,0,0,10.98
2005,6,30,16,2,229,10.99,100,0,1,0,0,10.99
2005,6,30,16,2,229,11,100,0,1,0,0,11
2005,6,30,17,2,229,10.98,100,0,1,0,0,10.98
2005,6,30,17,2,229,10.99,100,0,1,0,0,10.99
2005,6,30,17,2,229,11,100,0,1,0,0,11
2005,6,30,18,2,229,10.98,100,0,1,0,0,10.98
2005,6,30,18,2,229,10.99,100,0,1,0,0,10.99
2005,6,30,18,2,229,11,100,0,1,0,0,11
2005,6,30,19,2,229,10.98,100,0,1,0,0,10.98
2005,6,30,19,2,229,10.99,100,0,1,0,0,10.99
2005,6,30,19,2,229,11,100,0,1,0,0,11
2005,6,30,20,2,229,10.98,100,0,1,0,0,10.98
2005,6,30,20,2,229,10.99,100,0,1,0,0,10.99
2005,6,30,20,2,229,11,100,0,1,0,0,11
2005,6,30,21,2,229,10.98,100,0,1,0,0,10.98
2005,6,30,21,2,229,10.99,100,0,1,0,0,10.99
2005,6,30,21,2,229,11,100,0,1,0,0,11
2005,6,30,22,2,229,10.98,100,0,1,0,0,10.98
2005,6,30,22,2,229,10.99,100,0,1,0,0,10.99
2005,6,30,22,2,229,11,100,0,1,0,0,11
2005,6,30,23,2,229,10.98,100,0,1,0,0,10.98
2005,6,30,23,2,229,10.99,100,0,1,0,0,10.99
2005,6,30,23,2,229,11,100,0,1,0,0,11
2005,6,30,24,2,229,10.98,100,0,1,0,0,10.98
2005,6,30,24,2,229,10.99,100,0,1,0,0,10.99
2005,6,30,24,2,229,11,100,0,1,0,0,11
2005,6,30,10,2,230,77.75,25,0,2,1,0,77.75
2005,6,30,10,2,230,78.35,25,0,2,1,0,78.35
2005,6,30,10,2,230,78.96,25,0,2,1,0,78.96
2005,6,30,10,2,230,79.57,25,0,2,1,0,79.57
2005,6,30,11,2,230,77.75,25,0,2,1,0,77.75
2005,6,30,11,2,230,78.35,25,0,2,1,0,78.35
2005,6,30,11,2,230,78.96,25,0,2,1,0,78.96
2005,6,30,11,2,230,79.57,25,0,2,1,0,79.57
2005,6,30,12,2,230,78.61,50,0,2,1,0,78.61
2005,6,30,12,2,230,79.41,50,0,2,1,0,79.41
2005,6,30,12,2,230,80.2,50,0,2,1,0,80.2
2005,6,30,12,2,230,81,50,0,2,1,0,81
2005,6,30,13,2,230,78.61,50,0,2,1,0,78.61
2005,6,30,13,2,230,79.41,50,0,2,1,0,79.41
2005,6,30,13,2,230,80.2,50,0,2,1,0,80.2
2005,6,30,13,2,230,81,50,0,2,1,0,81
2005,6,30,14,2,230,78.61,50,0,2,1,0,78.61
2005,6,30,14,2,230,79.41,50,0,2,1,0,79.41
2005,6,30,14,2,230,80.2,50,0,2,1,0,80.2
2005,6,30,14,2,230,81,50,0,2,1,0,81
2005,6,30,15,2,230,78.61,50,0,2,1,0,78.61
2005,6,30,15,2,230,79.41,50,0,2,1,0,79.41
2005,6,30,15,2,230,80.2,50,0,2,1,0,80.2
2005,6,30,15,2,230,81,50,0,2,1,0,81
2005,6,30,16,2,230,78.78,50,0,2,1,0,78.78
2005,6,30,16,2,230,79.61,50,0,2,1,0,79.61
2005,6,30,16,2,230,80.44,50,0,2,1,0,80.44
2005,6,30,16,2,230,81.28,50,0,2,1,0,81.28
2005,6,30,17,2,230,77.94,25,0,2,1,0,77.94
2005,6,30,17,2,230,78.59,25,0,2,1,0,78.59
2005,6,30,17,2,230,79.25,25,0,2,1,0,79.25
2005,6,30,17,2,230,79.9,25,0,2,1,0,79.9
2005,6,30,1,9,231,0,72,0,2,1,0,0
2005,6,30,2,9,231,0,72,0,2,1,0,0
2005,6,30,3,9,231,0,72,0,2,1,0,0
2005,6,30,4,9,231,0,72,0,2,1,0,0
2005,6,30,5,9,231,0,72,0,2,1,0,0
2005,6,30,6,9,231,0,72,0,2,1,0,0
2005,6,30,7,9,231,0,72,0,2,1,0,0
2005,6,30,8,9,231,0,72,0,2,1,0,0
2005,6,30,9,9,231,0,71,0,2,1,0,0
2005,6,30,10,9,231,0,70,0,2,1,0,0
2005,6,30,11,9,231,0,69.5,0,2,1,0,0
2005,6,30,12,9,231,0,69,0,2,1,0,0
2005,6,30,13,9,231,0,69,0,2,1,0,0
2005,6,30,14,9,231,0,69,0,2,1,0,0
2005,6,30,15,9,231,0,69,0,2,1,0,0
2005,6,30,16,9,231,0,69,0,2,1,0,0
2005,6,30,17,9,231,0,69.5,0,2,1,0,0
2005,6,30,18,9,231,0,69.5,0,2,1,0,0
2005,6,30,19,9,231,0,70,0,2,1,0,0
2005,6,30,20,9,231,0,70,0,2,1,0,0
2005,6,30,21,9,231,0,70.5,0,2,1,0,0
2005,6,30,22,9,231,0,71,0,2,1,0,0
2005,6,30,23,9,231,0,71.5,0,2,1,0,0
2005,6,30,24,9,231,0,72,0,2,1,0,0
2005,6,30,1,9,232,180.3,.4,0,1,1,0,180.3
2005,6,30,2,9,232,180.3,.4,0,1,1,0,180.3
2005,6,30,3,9,232,180.3,.4,0,1,1,0,180.3
2005,6,30,4,9,232,180.3,.4,0,1,1,0,180.3
2005,6,30,5,9,232,180.3,.4,0,1,1,0,180.3
2005,6,30,6,9,232,180.3,.4,0,1,1,0,180.3
2005,6,30,7,9,232,180.3,.8,0,1,1,0,180.3
2005,6,30,8,9,232,180.3,.9,0,1,1,0,180.3
2005,6,30,9,9,232,180.3,1.1,0,1,1,0,180.3
2005,6,30,10,9,232,180.3,1.1,0,1,1,0,180.3
2005,6,30,11,9,232,180.3,1.1,0,1,1,0,180.3
2005,6,30,12,9,232,180.3,1.1,0,1,1,0,180.3
2005,6,30,13,9,232,180.3,1,0,1,1,0,180.3
2005,6,30,14,9,232,180.3,.9,0,1,1,0,180.3
2005,6,30,15,9,232,180.3,.9,0,1,1,0,180.3
2005,6,30,16,9,232,180.3,.9,0,1,1,0,180.3
2005,6,30,17,9,232,180.3,.9,0,1,1,0,180.3
2005,6,30,18,9,232,180.3,.9,0,1,1,0,180.3
2005,6,30,19,9,232,180.3,.9,0,1,1,0,180.3
2005,6,30,20,9,232,180.3,.9,0,1,1,0,180.3
2005,6,30,21,9,232,180.3,.8,0,1,1,0,180.3
2005,6,30,22,9,232,180.3,.8,0,1,1,0,180.3
2005,6,30,23,9,232,180.3,.4,0,1,1,0,180.3
2005,6,30,24,9,232,180.3,.4,0,1,1,0,180.3
2005,6,30,1,9,233,0,3.9,0,2,1,0,0
2005,6,30,2,9,233,40,3.9,0,2,1,0,40
2005,6,30,3,9,233,40,3.9,0,2,0,0,40
2005,6,30,4,9,233,40,3.9,0,2,0,0,40
2005,6,30,5,9,233,40,3.9,0,2,0,0,40
2005,6,30,6,9,233,40,3.6,0,2,0,0,40
2005,6,30,7,9,233,0,3.7,0,2,1,0,0
2005,6,30,8,9,233,0,3.7,0,2,1,0,0
2005,6,30,9,9,233,0,3.7,0,2,1,0,0
2005,6,30,10,9,233,0,3.7,0,2,1,0,0
2005,6,30,11,9,233,0,3.7,0,2,1,0,0
2005,6,30,12,9,233,0,3.6,0,2,1,0,0
2005,6,30,13,9,233,0,3.6,0,2,1,0,0
2005,6,30,14,9,233,0,3.6,0,2,1,0,0
2005,6,30,15,9,233,0,3.6,0,2,1,0,0
2005,6,30,16,9,233,0,3.6,0,2,1,0,0
2005,6,30,17,9,233,0,3.6,0,2,1,0,0
2005,6,30,18,9,233,0,3.6,0,2,1,0,0
2005,6,30,19,9,233,0,3.7,0,2,1,0,0
2005,6,30,20,9,233,0,3.7,0,2,1,0,0
2005,6,30,21,9,233,0,3.7,0,2,1,0,0
2005,6,30,22,9,233,0,3.7,0,2,1,0,0
2005,6,30,23,9,233,0,3.8,0,2,1,0,0
2005,6,30,24,9,233,0,3.8,0,2,1,0,0
2005,6,30,1,9,234,0,53.9,0,2,1,0,0
2005,6,30,1,9,234,150,19.6,0,2,0,0,150
2005,6,30,2,9,234,0,53.9,0,2,1,0,0
2005,6,30,2,9,234,150,19.6,0,2,0,0,150
2005,6,30,3,9,234,0,53.9,0,2,1,0,0
2005,6,30,3,9,234,150,19.6,0,2,0,0,150
2005,6,30,4,9,234,0,53.9,0,2,1,0,0
2005,6,30,4,9,234,150,19.6,0,2,0,0,150
2005,6,30,5,9,234,0,53.9,0,2,1,0,0
2005,6,30,5,9,234,150,19.6,0,2,0,0,150
2005,6,30,6,9,234,0,53.9,0,2,1,0,0
2005,6,30,6,9,234,150,19.6,0,2,0,0,150
2005,6,30,7,9,234,0,53.9,0,2,1,0,0
2005,6,30,7,9,234,150,19.6,0,2,0,0,150
2005,6,30,8,9,234,0,53.9,0,2,1,0,0
2005,6,30,8,9,234,150,19.6,0,2,0,0,150
2005,6,30,9,9,234,0,53.9,0,2,1,0,0
2005,6,30,9,9,234,150,19.6,0,2,0,0,150
2005,6,30,10,9,234,0,53.9,0,2,1,0,0
2005,6,30,10,9,234,150,19.6,0,2,0,0,150
2005,6,30,11,9,234,0,53.9,0,2,1,0,0
2005,6,30,11,9,234,150,19.6,0,2,0,0,150
2005,6,30,12,9,234,0,53.9,0,2,1,0,0
2005,6,30,12,9,234,150,19.6,0,2,0,0,150
2005,6,30,13,9,234,0,53.9,0,2,1,0,0
2005,6,30,13,9,234,150,19.6,0,2,0,0,150
2005,6,30,14,9,234,0,53.9,0,2,1,0,0
2005,6,30,14,9,234,150,19.6,0,2,0,0,150
2005,6,30,15,9,234,0,53.9,0,2,1,0,0
2005,6,30,15,9,234,150,19.6,0,2,0,0,150
2005,6,30,16,9,234,0,53.9,0,2,1,0,0
2005,6,30,16,9,234,150,19.6,0,2,0,0,150
2005,6,30,17,9,234,0,53.9,0,2,1,0,0
2005,6,30,17,9,234,150,19.6,0,2,0,0,150
2005,6,30,18,9,234,0,53.9,0,2,1,0,0
2005,6,30,18,9,234,150,19.6,0,2,0,0,150
2005,6,30,19,9,234,0,53.9,0,2,1,0,0
2005,6,30,19,9,234,150,19.6,0,2,0,0,150
2005,6,30,20,9,234,0,53.9,0,2,1,0,0
2005,6,30,20,9,234,150,19.6,0,2,0,0,150
2005,6,30,21,9,234,0,53.9,0,2,1,0,0
2005,6,30,21,9,234,150,19.6,0,2,0,0,150
2005,6,30,22,9,234,0,53.9,0,2,1,0,0
2005,6,30,22,9,234,150,19.6,0,2,0,0,150
2005,6,30,23,9,234,0,53.9,0,2,1,0,0
2005,6,30,23,9,234,150,19.6,0,2,0,0,150
2005,6,30,24,9,234,0,53.9,0,2,1,0,0
2005,6,30,24,9,234,150,19.6,0,2,0,0,150
2005,6,30,1,9,235,180.3,.2,0,1,1,0,180.3
2005,6,30,2,9,235,180.3,.2,0,1,1,0,180.3
2005,6,30,3,9,235,180.3,.2,0,1,1,0,180.3
2005,6,30,4,9,235,180.3,.2,0,1,1,0,180.3
2005,6,30,5,9,235,180.3,.2,0,1,1,0,180.3
2005,6,30,6,9,235,180.3,.2,0,1,1,0,180.3
2005,6,30,7,9,235,180.3,.1,0,1,1,0,180.3
2005,6,30,8,9,235,180.3,.1,0,1,1,0,180.3
2005,6,30,9,9,235,180.3,.1,0,1,1,0,180.3
2005,6,30,10,9,235,180.3,.1,0,1,1,0,180.3
2005,6,30,11,9,235,180.3,.1,0,1,1,0,180.3
2005,6,30,12,9,235,180.3,.1,0,1,1,0,180.3
2005,6,30,13,9,235,180.3,.1,0,1,1,0,180.3
2005,6,30,14,9,235,180.3,.1,0,1,1,0,180.3
2005,6,30,15,9,235,180.3,.1,0,1,1,0,180.3
2005,6,30,16,9,235,180.3,.1,0,1,1,0,180.3
2005,6,30,17,9,235,180.3,.1,0,1,1,0,180.3
2005,6,30,18,9,235,180.3,.1,0,1,1,0,180.3
2005,6,30,19,9,235,180.3,.1,0,1,1,0,180.3
2005,6,30,20,9,235,180.3,.1,0,1,1,0,180.3
2005,6,30,21,9,235,180.3,.1,0,1,1,0,180.3
2005,6,30,22,9,235,180.3,.1,0,1,1,0,180.3
2005,6,30,23,9,235,180.3,.2,0,1,1,0,180.3
2005,6,30,24,9,235,180.3,.2,0,1,1,0,180.3
2005,6,30,1,9,236,0,36,0,2,1,0,0
2005,6,30,2,9,236,0,36,0,2,1,0,0
2005,6,30,3,9,236,0,36,0,2,1,0,0
2005,6,30,4,9,236,0,36,0,2,1,0,0
2005,6,30,5,9,236,0,35.5,0,2,1,0,0
2005,6,30,6,9,236,0,35.5,0,2,1,0,0
2005,6,30,7,9,236,0,35.5,0,2,1,0,0
2005,6,30,8,9,236,0,35.5,0,2,1,0,0
2005,6,30,1,9,237,0,9,0,2,1,0,0
2005,6,30,2,9,237,0,9,0,2,1,0,0
2005,6,30,3,9,237,0,9,0,2,1,0,0
2005,6,30,4,9,237,0,9,0,2,1,0,0
2005,6,30,5,9,237,0,9,0,2,1,0,0
2005,6,30,6,9,237,0,9,0,2,1,0,0
2005,6,30,7,9,237,0,9,0,2,1,0,0
2005,6,30,8,9,237,0,9,0,2,1,0,0
2005,6,30,9,9,237,0,9,0,2,1,0,0
2005,6,30,10,9,237,0,9,0,2,1,0,0
2005,6,30,11,9,237,0,7.5,0,2,1,0,0
2005,6,30,12,9,237,0,7.5,0,2,1,0,0
2005,6,30,13,9,237,0,7.5,0,2,1,0,0
2005,6,30,14,9,237,0,7.5,0,2,1,0,0
2005,6,30,15,9,237,0,7.5,0,2,1,0,0
2005,6,30,16,9,237,0,7.5,0,2,1,0,0
2005,6,30,17,9,237,0,7.5,0,2,1,0,0
2005,6,30,18,9,237,0,7.5,0,2,1,0,0
2005,6,30,19,9,237,0,7.5,0,2,1,0,0
2005,6,30,20,9,237,0,7.5,0,2,1,0,0
2005,6,30,21,9,237,0,8,0,2,1,0,0
2005,6,30,22,9,237,0,8,0,2,1,0,0
2005,6,30,23,9,237,0,8,0,2,1,0,0
2005,6,30,24,9,237,0,8,0,2,1,0,0
2005,6,30,1,3,1099,160.3,45,.922647,2,0,0,160.3
2005,6,30,1,3,1099,170.3,10,.922647,2,0,0,170.3
2005,6,30,1,3,1099,180.3,5,.922647,2,0,0,180.3
2005,6,30,2,3,1099,160.3,45,.922647,2,0,0,160.3
2005,6,30,2,3,1099,170.3,10,.922647,2,0,0,170.3
2005,6,30,2,3,1099,180.3,5,.922647,2,0,0,180.3
2005,6,30,3,3,1099,160.3,45,.922647,2,0,0,160.3
2005,6,30,3,3,1099,170.3,10,.922647,2,0,0,170.3
2005,6,30,3,3,1099,180.3,5,.922647,2,0,0,180.3
2005,6,30,4,3,1099,160.3,45,.922647,2,0,0,160.3
2005,6,30,4,3,1099,170.3,10,.922647,2,0,0,170.3
2005,6,30,4,3,1099,180.3,5,.922647,2,0,0,180.3
2005,6,30,5,3,1099,160.3,45,.922647,2,0,0,160.3
2005,6,30,5,3,1099,170.3,10,.922647,2,0,0,170.3
2005,6,30,5,3,1099,180.3,5,.922647,2,0,0,180.3
2005,6,30,6,3,1099,160.3,45,.922647,2,0,0,160.3
2005,6,30,6,3,1099,170.3,10,.922647,2,0,0,170.3
2005,6,30,6,3,1099,180.3,5,.922647,2,0,0,180.3
2005,6,30,7,3,1099,160.3,45,.922647,2,0,0,160.3
2005,6,30,7,3,1099,170.3,10,.922647,2,0,0,170.3
2005,6,30,7,3,1099,180.3,5,.922647,2,0,0,180.3
2005,6,30,8,3,1099,160.3,45,.922647,2,0,0,160.3
2005,6,30,8,3,1099,170.3,10,.922647,2,0,0,170.3
2005,6,30,8,3,1099,180.3,5,.922647,2,0,0,180.3
2005,6,30,9,3,1099,160.3,45,.922647,2,0,0,160.3
2005,6,30,9,3,1099,170.3,10,.922647,2,0,0,170.3
2005,6,30,9,3,1099,180.3,5,.922647,2,0,0,180.3
2005,6,30,10,3,1099,160.3,45,.922647,2,0,0,160.3
2005,6,30,10,3,1099,170.3,10,.922647,2,0,0,170.3
2005,6,30,10,3,1099,180.3,5,.922647,2,0,0,180.3
2005,6,30,11,3,1099,160.3,45,.922647,2,0,0,160.3
2005,6,30,11,3,1099,170.3,10,.922647,2,0,0,170.3
2005,6,30,11,3,1099,180.3,5,.922647,2,0,0,180.3
2005,6,30,12,3,1099,160.3,45,.922647,2,0,0,160.3
2005,6,30,12,3,1099,170.3,10,.922647,2,0,0,170.3
2005,6,30,12,3,1099,180.3,5,.922647,2,0,0,180.3
2005,6,30,13,3,1099,160.3,45,.922647,2,0,0,160.3
2005,6,30,13,3,1099,170.3,10,.922647,2,0,0,170.3
2005,6,30,13,3,1099,180.3,5,.922647,2,0,0,180.3
2005,6,30,14,3,1099,160.3,45,.922647,2,0,0,160.3
2005,6,30,14,3,1099,170.3,10,.922647,2,0,0,170.3
2005,6,30,14,3,1099,180.3,5,.922647,2,0,0,180.3
2005,6,30,15,3,1099,160.3,45,.922647,2,0,0,160.3
2005,6,30,15,3,1099,170.3,10,.922647,2,0,0,170.3
2005,6,30,15,3,1099,180.3,5,.922647,2,0,0,180.3
2005,6,30,16,3,1099,160.3,45,.922647,2,0,0,160.3
2005,6,30,16,3,1099,170.3,10,.922647,2,0,0,170.3
2005,6,30,16,3,1099,180.3,5,.922647,2,0,0,180.3
2005,6,30,17,3,1099,160.3,45,.922647,2,0,0,160.3
2005,6,30,17,3,1099,170.3,10,.922647,2,0,0,170.3
2005,6,30,17,3,1099,180.3,5,.922647,2,0,0,180.3
2005,6,30,18,3,1099,160.3,45,.922647,2,0,0,160.3
2005,6,30,18,3,1099,170.3,10,.922647,2,0,0,170.3
2005,6,30,18,3,1099,180.3,5,.922647,2,0,0,180.3
2005,6,30,19,3,1099,160.3,45,.922647,2,0,0,160.3
2005,6,30,19,3,1099,170.3,10,.922647,2,0,0,170.3
2005,6,30,19,3,1099,180.3,5,.922647,2,0,0,180.3
2005,6,30,20,3,1099,160.3,45,.922647,2,0,0,160.3
2005,6,30,20,3,1099,170.3,10,.922647,2,0,0,170.3
2005,6,30,20,3,1099,180.3,5,.922647,2,0,0,180.3
2005,6,30,21,3,1099,160.3,45,.922647,2,0,0,160.3
2005,6,30,21,3,1099,170.3,10,.922647,2,0,0,170.3
2005,6,30,21,3,1099,180.3,5,.922647,2,0,0,180.3
2005,6,30,22,3,1099,160.3,45,.922647,2,0,0,160.3
2005,6,30,22,3,1099,170.3,10,.922647,2,0,0,170.3
2005,6,30,22,3,1099,180.3,5,.922647,2,0,0,180.3
2005,6,30,23,3,1099,160.3,45,.922647,2,0,0,160.3
2005,6,30,23,3,1099,170.3,10,.922647,2,0,0,170.3
2005,6,30,23,3,1099,180.3,5,.922647,2,0,0,180.3
2005,6,30,24,3,1099,160.3,45,.922647,2,0,0,160.3
2005,6,30,24,3,1099,170.3,10,.922647,2,0,0,170.3
2005,6,30,24,3,1099,180.3,5,.922647,2,0,0,180.3
2005,6,30,1,3,1100,0,180,.922647,2,1,0,0
2005,6,30,1,3,1100,60.12,35,.922647,2,0,0,44.769781
2005,6,30,1,3,1100,180.3,4,.922647,2,0,0,180.3
2005,6,30,2,3,1100,0,180,.922647,2,1,0,0
2005,6,30,2,3,1100,49.12,35,.922647,2,0,0,44.769781
2005,6,30,2,3,1100,180.3,4,.922647,2,0,0,180.3
2005,6,30,3,3,1100,0,180,.922647,2,1,0,0
2005,6,30,3,3,1100,49.12,35,.922647,2,0,0,44.769781
2005,6,30,3,3,1100,180.3,4,.922647,2,0,0,180.3
2005,6,30,4,3,1100,0,180,.922647,2,1,0,0
2005,6,30,4,3,1100,49.12,35,.922647,2,0,0,44.769781
2005,6,30,4,3,1100,180.3,4,.922647,2,0,0,180.3
2005,6,30,5,3,1100,0,180,.922647,2,1,0,0
2005,6,30,5,3,1100,49.12,35,.922647,2,0,0,44.769781
2005,6,30,5,3,1100,180.3,4,.922647,2,0,0,180.3
2005,6,30,6,3,1100,0,180,.922647,2,1,0,0
2005,6,30,6,3,1100,49.12,35,.922647,2,0,0,44.769781
2005,6,30,6,3,1100,180.3,4,.922647,2,0,0,180.3
2005,6,30,7,3,1100,0,180,.922647,2,1,0,0
2005,6,30,7,3,1100,39.12,20,.922647,2,1,0,44.769781
2005,6,30,7,3,1100,42.12,15,.922647,2,1,0,44.769781
2005,6,30,7,3,1100,180.3,4,.922647,2,0,0,180.3
2005,6,30,8,3,1100,0,180,.922647,2,1,0,0
2005,6,30,8,3,1100,39.12,20,.922647,2,1,0,44.769781
2005,6,30,8,3,1100,42.12,15,.922647,2,1,0,44.769781
2005,6,30,8,3,1100,180.3,4,.922647,2,0,0,180.3
2005,6,30,9,3,1100,0,180,.922647,2,1,0,0
2005,6,30,9,3,1100,39.12,20,.922647,2,1,0,44.769781
2005,6,30,9,3,1100,42.12,15,.922647,2,1,0,44.769781
2005,6,30,9,3,1100,180.3,4,.922647,2,0,0,180.3
2005,6,30,10,3,1100,0,180,.922647,2,1,0,0
2005,6,30,10,3,1100,39.12,20,.922647,2,1,0,44.769781
2005,6,30,10,3,1100,42.12,15,.922647,2,1,0,44.769781
2005,6,30,10,3,1100,180.3,4,.922647,2,0,0,180.3
2005,6,30,11,3,1100,0,180,.922647,2,1,0,0
2005,6,30,11,3,1100,39.12,20,.922647,2,1,0,44.769781
2005,6,30,11,3,1100,42.12,15,.922647,2,1,0,44.769781
2005,6,30,11,3,1100,180.3,4,.922647,2,0,0,180.3
2005,6,30,12,3,1100,0,180,.922647,2,1,0,0
2005,6,30,12,3,1100,39.12,20,.922647,2,1,0,44.769781
2005,6,30,12,3,1100,42.12,15,.922647,2,1,0,44.769781
2005,6,30,12,3,1100,180.3,4,.922647,2,0,0,180.3
2005,6,30,13,3,1100,0,180,.922647,2,1,0,0
2005,6,30,13,3,1100,39.12,20,.922647,2,1,0,44.769781
2005,6,30,13,3,1100,42.12,15,.922647,2,1,0,44.769781
2005,6,30,13,3,1100,180.3,4,.922647,2,0,0,180.3
2005,6,30,14,3,1100,0,180,.922647,2,1,0,0
2005,6,30,14,3,1100,39.12,20,.922647,2,1,0,44.769781
2005,6,30,14,3,1100,42.12,15,.922647,2,1,0,44.769781
2005,6,30,14,3,1100,180.3,4,.922647,2,0,0,180.3
2005,6,30,15,3,1100,0,180,.922647,2,1,0,0
2005,6,30,15,3,1100,39.12,20,.922647,2,1,0,44.769781
2005,6,30,15,3,1100,42.12,15,.922647,2,1,0,44.769781
2005,6,30,15,3,1100,180.3,4,.922647,2,0,0,180.3
2005,6,30,16,3,1100,0,180,.922647,2,1,0,0
2005,6,30,16,3,1100,39.12,20,.922647,2,1,0,44.769781
2005,6,30,16,3,1100,42.12,15,.922647,2,1,0,44.769781
2005,6,30,16,3,1100,180.3,4,.922647,2,0,0,180.3
2005,6,30,17,3,1100,0,180,.922647,2,1,0,0
2005,6,30,17,3,1100,39.12,20,.922647,2,1,0,44.769781
2005,6,30,17,3,1100,42.12,15,.922647,2,1,0,44.769781
2005,6,30,17,3,1100,180.3,4,.922647,2,0,0,180.3
2005,6,30,18,3,1100,0,180,.922647,2,1,0,0
2005,6,30,18,3,1100,39.12,20,.922647,2,1,0,44.769781
2005,6,30,18,3,1100,42.12,15,.922647,2,1,0,44.769781
2005,6,30,18,3,1100,180.3,4,.922647,2,0,0,180.3
2005,6,30,19,3,1100,0,180,.922647,2,1,0,0
2005,6,30,19,3,1100,39.12,20,.922647,2,1,0,44.769781
2005,6,30,19,3,1100,42.12,15,.922647,2,1,0,44.769781
2005,6,30,19,3,1100,180.3,4,.922647,2,0,0,180.3
2005,6,30,20,3,1100,0,180,.922647,2,1,0,0
2005,6,30,20,3,1100,39.12,20,.922647,2,1,0,44.769781
2005,6,30,20,3,1100,42.12,15,.922647,2,1,0,44.769781
2005,6,30,20,3,1100,180.3,4,.922647,2,0,0,180.3
2005,6,30,21,3,1100,0,180,.922647,2,1,0,0
2005,6,30,21,3,1100,39.12,20,.922647,2,1,0,44.769781
2005,6,30,21,3,1100,42.12,15,.922647,2,1,0,44.769781
2005,6,30,21,3,1100,180.3,4,.922647,2,0,0,180.3
2005,6,30,22,3,1100,0,180,.922647,2,1,0,0
2005,6,30,22,3,1100,39.12,20,.922647,2,1,0,44.769781
2005,6,30,22,3,1100,42.12,15,.922647,2,1,0,44.769781
2005,6,30,22,3,1100,180.3,4,.922647,2,0,0,180.3
2005,6,30,23,3,1100,0,180,.922647,2,1,0,0
2005,6,30,23,3,1100,39.12,20,.922647,2,1,0,44.769781
2005,6,30,23,3,1100,42.12,15,.922647,2,1,0,44.769781
2005,6,30,23,3,1100,180.3,4,.922647,2,0,0,180.3
2005,6,30,24,3,1100,0,180,.922647,2,1,0,0
2005,6,30,24,3,1100,39.12,20,.922647,2,1,0,44.769781
2005,6,30,24,3,1100,42.12,15,.922647,2,1,0,44.769781
2005,6,30,24,3,1100,180.3,4,.922647,2,0,0,180.3
2005,6,30,1,3,1101,0,180,.922647,2,1,0,0
2005,6,30,1,3,1101,29.98,40,.922647,2,1,0,44.16435
2005,6,30,1,3,1101,30.98,40,.922647,2,1,0,44.16435
2005,6,30,1,3,1101,34.98,40,.922647,2,1,0,44.16435
2005,6,30,1,3,1101,37.98,30,.922647,2,1,0,44.16435
2005,6,30,2,3,1101,0,180,.922647,2,1,0,0
2005,6,30,2,3,1101,29.98,30,.922647,2,1,0,44.16435
2005,6,30,2,3,1101,30.98,40,.922647,2,1,0,44.16435
2005,6,30,2,3,1101,34.98,40,.922647,2,1,0,44.16435
2005,6,30,2,3,1101,37.98,40,.922647,2,1,0,44.16435
2005,6,30,3,3,1101,0,180,.922647,2,1,0,0
2005,6,30,3,3,1101,29.98,30,.922647,2,1,0,44.16435
2005,6,30,3,3,1101,30.98,40,.922647,2,1,0,44.16435
2005,6,30,3,3,1101,34.98,40,.922647,2,1,0,44.16435
2005,6,30,3,3,1101,37.98,40,.922647,2,1,0,44.16435
2005,6,30,4,3,1101,0,180,.922647,2,1,0,0
2005,6,30,4,3,1101,29.98,30,.922647,2,1,0,44.16435
2005,6,30,4,3,1101,30.98,40,.922647,2,1,0,44.16435
2005,6,30,4,3,1101,34.98,40,.922647,2,1,0,44.16435
2005,6,30,4,3,1101,37.98,4.7,.922647,2,1,0,44.16435
2005,6,30,5,3,1101,0,180,.922647,2,1,0,0
2005,6,30,5,3,1101,29.98,30,.922647,2,1,0,44.16435
2005,6,30,5,3,1101,30.98,40,.922647,2,1,0,44.16435
2005,6,30,5,3,1101,34.98,40,.922647,2,1,0,44.16435
2005,6,30,5,3,1101,37.98,8.7,.922647,2,1,0,44.16435
2005,6,30,6,3,1101,0,180,.922647,2,1,0,0
2005,6,30,6,3,1101,29.98,30,.922647,2,1,0,44.16435
2005,6,30,6,3,1101,30.98,40,.922647,2,1,0,44.16435
2005,6,30,6,3,1101,34.98,40,.922647,2,1,0,44.16435
2005,6,30,6,3,1101,37.98,40,.922647,2,1,0,44.16435
2005,6,30,7,3,1101,0,180,.922647,2,1,0,0
2005,6,30,7,3,1101,29.98,30,.922647,2,1,0,44.16435
2005,6,30,7,3,1101,30.98,40,.922647,2,1,0,44.16435
2005,6,30,7,3,1101,34.98,40,.922647,2,1,0,44.16435
2005,6,30,7,3,1101,37.98,40,.922647,2,1,0,44.16435
2005,6,30,8,3,1101,0,240,.922647,2,1,0,0
2005,6,30,8,3,1101,29.98,30,.922647,2,1,0,44.16435
2005,6,30,8,3,1101,30.98,20,.922647,2,1,0,44.16435
2005,6,30,8,3,1101,34.98,20,.922647,2,1,0,44.16435
2005,6,30,8,3,1101,37.98,20,.922647,2,1,0,44.16435
2005,6,30,9,3,1101,0,330,.922647,2,1,0,0
2005,6,30,10,3,1101,0,330,.922647,2,1,0,0
2005,6,30,11,3,1101,0,330,.922647,2,1,0,0
2005,6,30,12,3,1101,0,330,.922647,2,1,0,0
2005,6,30,13,3,1101,0,330,.922647,2,1,0,0
2005,6,30,14,3,1101,0,330,.922647,2,1,0,0
2005,6,30,15,3,1101,0,330,.922647,2,1,0,0
2005,6,30,16,3,1101,0,330,.922647,2,1,0,0
2005,6,30,17,3,1101,0,330,.922647,2,1,0,0
2005,6,30,18,3,1101,0,330,.922647,2,1,0,0
2005,6,30,19,3,1101,0,330,.922647,2,1,0,0
2005,6,30,20,3,1101,0,330,.922647,2,1,0,0
2005,6,30,21,3,1101,0,330,.922647,2,1,0,0
2005,6,30,22,3,1101,0,330,.922647,2,1,0,0
2005,6,30,23,3,1101,0,330,.922647,2,1,0,0
2005,6,30,24,3,1101,0,270,.922647,2,1,0,0
2005,6,30,24,3,1101,29.98,20,.922647,2,1,0,44.16435
2005,6,30,24,3,1101,30.98,20,.922647,2,1,0,44.16435
2005,6,30,24,3,1101,34.98,10,.922647,2,1,0,44.16435
2005,6,30,24,3,1101,37.98,10,.922647,2,1,0,44.16435
2005,6,30,1,5,1104,.01,165,.377049,2,1,0,.01
2005,6,30,1,5,1104,32.21,27,.377049,2,1,0,43.972013
2005,6,30,1,5,1104,32.35,11.5,.377049,2,1,0,43.972013
2005,6,30,1,5,1104,32.48,7.7,.377049,2,1,0,43.972013
2005,6,30,1,5,1104,32.64,7.7,.377049,2,1,0,43.972013
2005,6,30,1,5,1104,32.82,7.7,.377049,2,1,0,43.972013
2005,6,30,1,5,1104,33.02,7.7,.377049,2,1,0,43.972013
2005,6,30,1,5,1104,33.23,7.7,.377049,2,1,0,43.972013
2005,6,30,1,5,1104,33.46,7.7,.377049,2,1,0,43.972013
2005,6,30,1,5,1104,33.7,7.7,.377049,2,1,0,43.972013
2005,6,30,1,5,1104,33.94,7.7,.377049,2,1,0,43.972013
2005,6,30,1,5,1104,34.19,7.7,.377049,2,1,0,43.972013
2005,6,30,1,5,1104,34.44,7.7,.377049,2,1,0,43.972013
2005,6,30,1,5,1104,34.69,7.7,.377049,2,1,0,43.972013
2005,6,30,1,5,1104,34.93,7.7,.377049,2,1,0,43.972013
2005,6,30,1,5,1104,35.17,7.7,.377049,2,1,0,43.972013
2005,6,30,1,5,1104,35.39,7.7,.377049,2,1,0,43.972013
2005,6,30,1,5,1104,35.61,7.7,.377049,2,1,0,43.972013
2005,6,30,1,5,1104,35.8,7.7,.377049,2,1,0,43.972013
2005,6,30,1,5,1104,35.98,7.7,.377049,2,1,0,43.972013
2005,6,30,1,5,1104,36.14,7.7,.377049,2,1,0,43.972013
2005,6,30,1,5,1104,36.27,7.7,.377049,2,1,0,43.972013
2005,6,30,1,5,1104,36.37,7.7,.377049,2,1,0,43.972013
2005,6,30,1,5,1104,36.44,.5,.377049,2,1,0,43.972013
2005,6,30,1,5,1104,180.3,15.1,.377049,2,0,0,180.3
2005,6,30,2,5,1104,.01,165,.377049,2,1,0,.01
2005,6,30,2,5,1104,32.21,27,.377049,2,1,0,43.972013
2005,6,30,2,5,1104,32.35,11.5,.377049,2,1,0,43.972013
2005,6,30,2,5,1104,32.48,7.7,.377049,2,1,0,43.972013
2005,6,30,2,5,1104,32.64,7.7,.377049,2,1,0,43.972013
2005,6,30,2,5,1104,32.82,7.7,.377049,2,1,0,43.972013
2005,6,30,2,5,1104,33.02,7.7,.377049,2,1,0,43.972013
2005,6,30,2,5,1104,33.23,7.7,.377049,2,1,0,43.972013
2005,6,30,2,5,1104,33.46,7.7,.377049,2,1,0,43.972013
2005,6,30,2,5,1104,33.7,7.7,.377049,2,1,0,43.972013
2005,6,30,2,5,1104,33.94,7.7,.377049,2,1,0,43.972013
2005,6,30,2,5,1104,34.19,7.7,.377049,2,1,0,43.972013
2005,6,30,2,5,1104,34.44,7.7,.377049,2,1,0,43.972013
2005,6,30,2,5,1104,34.69,7.7,.377049,2,1,0,43.972013
2005,6,30,2,5,1104,34.93,7.7,.377049,2,1,0,43.972013
2005,6,30,2,5,1104,35.17,7.7,.377049,2,1,0,43.972013
2005,6,30,2,5,1104,35.39,7.7,.377049,2,1,0,43.972013
2005,6,30,2,5,1104,35.61,7.7,.377049,2,1,0,43.972013
2005,6,30,2,5,1104,35.8,7.7,.377049,2,1,0,43.972013
2005,6,30,2,5,1104,35.98,7.7,.377049,2,1,0,43.972013
2005,6,30,2,5,1104,36.14,7.7,.377049,2,1,0,43.972013
2005,6,30,2,5,1104,36.27,7.7,.377049,2,1,0,43.972013
2005,6,30,2,5,1104,36.37,7.7,.377049,2,1,0,43.972013
2005,6,30,2,5,1104,36.44,3.5,.377049,2,1,0,43.972013
2005,6,30,2,5,1104,180.3,12.1,.377049,2,0,0,180.3
2005,6,30,3,5,1104,.01,165,.377049,2,1,0,.01
2005,6,30,3,5,1104,32.21,27,.377049,2,1,0,43.972013
2005,6,30,3,5,1104,32.35,11.5,.377049,2,1,0,43.972013
2005,6,30,3,5,1104,32.48,7.7,.377049,2,1,0,43.972013
2005,6,30,3,5,1104,32.64,7.7,.377049,2,1,0,43.972013
2005,6,30,3,5,1104,32.82,7.7,.377049,2,1,0,43.972013
2005,6,30,3,5,1104,33.02,7.7,.377049,2,1,0,43.972013
2005,6,30,3,5,1104,33.23,7.7,.377049,2,1,0,43.972013
2005,6,30,3,5,1104,33.46,7.7,.377049,2,1,0,43.972013
2005,6,30,3,5,1104,33.7,7.7,.377049,2,1,0,43.972013
2005,6,30,3,5,1104,33.94,7.7,.377049,2,1,0,43.972013
2005,6,30,3,5,1104,34.19,7.7,.377049,2,1,0,43.972013
2005,6,30,3,5,1104,34.44,7.7,.377049,2,1,0,43.972013
2005,6,30,3,5,1104,34.69,7.7,.377049,2,1,0,43.972013
2005,6,30,3,5,1104,34.93,7.7,.377049,2,1,0,43.972013
2005,6,30,3,5,1104,35.17,7.7,.377049,2,1,0,43.972013
2005,6,30,3,5,1104,35.39,7.7,.377049,2,1,0,43.972013
2005,6,30,3,5,1104,35.61,7.7,.377049,2,1,0,43.972013
2005,6,30,3,5,1104,35.8,7.7,.377049,2,1,0,43.972013
2005,6,30,3,5,1104,35.98,7.7,.377049,2,1,0,43.972013
2005,6,30,3,5,1104,36.14,7.7,.377049,2,1,0,43.972013
2005,6,30,3,5,1104,36.27,7.7,.377049,2,1,0,43.972013
2005,6,30,3,5,1104,36.37,7.7,.377049,2,1,0,43.972013
2005,6,30,3,5,1104,36.44,3.5,.377049,2,1,0,43.972013
2005,6,30,3,5,1104,180.3,12.1,.377049,2,0,0,180.3
2005,6,30,4,5,1104,.01,165,.377049,2,1,0,.01
2005,6,30,4,5,1104,32.21,27,.377049,2,1,0,43.972013
2005,6,30,4,5,1104,32.35,11.5,.377049,2,1,0,43.972013
2005,6,30,4,5,1104,32.48,7.7,.377049,2,1,0,43.972013
2005,6,30,4,5,1104,32.64,7.7,.377049,2,1,0,43.972013
2005,6,30,4,5,1104,32.82,7.7,.377049,2,1,0,43.972013
2005,6,30,4,5,1104,33.02,7.7,.377049,2,1,0,43.972013
2005,6,30,4,5,1104,33.23,7.7,.377049,2,1,0,43.972013
2005,6,30,4,5,1104,33.46,7.7,.377049,2,1,0,43.972013
2005,6,30,4,5,1104,33.7,7.7,.377049,2,1,0,43.972013
2005,6,30,4,5,1104,33.94,7.7,.377049,2,1,0,43.972013
2005,6,30,4,5,1104,34.19,7.7,.377049,2,1,0,43.972013
2005,6,30,4,5,1104,34.44,7.7,.377049,2,1,0,43.972013
2005,6,30,4,5,1104,34.69,7.7,.377049,2,1,0,43.972013
2005,6,30,4,5,1104,34.93,7.7,.377049,2,1,0,43.972013
2005,6,30,4,5,1104,35.17,7.7,.377049,2,1,0,43.972013
2005,6,30,4,5,1104,35.39,7.7,.377049,2,1,0,43.972013
2005,6,30,4,5,1104,35.61,7.7,.377049,2,1,0,43.972013
2005,6,30,4,5,1104,35.8,7.7,.377049,2,1,0,43.972013
2005,6,30,4,5,1104,35.98,7.7,.377049,2,1,0,43.972013
2005,6,30,4,5,1104,36.14,7.7,.377049,2,1,0,43.972013
2005,6,30,4,5,1104,36.27,7.7,.377049,2,1,0,43.972013
2005,6,30,4,5,1104,36.37,7.7,.377049,2,1,0,43.972013
2005,6,30,4,5,1104,36.44,3.5,.377049,2,1,0,43.972013
2005,6,30,4,5,1104,180.3,12.1,.377049,2,0,0,180.3
2005,6,30,5,5,1104,.01,165,.377049,2,1,0,.01
2005,6,30,5,5,1104,32.21,27,.377049,2,1,0,43.972013
2005,6,30,5,5,1104,32.35,11.5,.377049,2,1,0,43.972013
2005,6,30,5,5,1104,32.48,7.7,.377049,2,1,0,43.972013
2005,6,30,5,5,1104,32.64,7.7,.377049,2,1,0,43.972013
2005,6,30,5,5,1104,32.82,7.7,.377049,2,1,0,43.972013
2005,6,30,5,5,1104,33.02,7.7,.377049,2,1,0,43.972013
2005,6,30,5,5,1104,33.23,7.7,.377049,2,1,0,43.972013
2005,6,30,5,5,1104,33.46,7.7,.377049,2,1,0,43.972013
2005,6,30,5,5,1104,33.7,7.7,.377049,2,1,0,43.972013
2005,6,30,5,5,1104,33.94,7.7,.377049,2,1,0,43.972013
2005,6,30,5,5,1104,34.19,7.7,.377049,2,1,0,43.972013
2005,6,30,5,5,1104,34.44,7.7,.377049,2,1,0,43.972013
2005,6,30,5,5,1104,34.69,7.7,.377049,2,1,0,43.972013
2005,6,30,5,5,1104,34.93,7.7,.377049,2,1,0,43.972013
2005,6,30,5,5,1104,35.17,7.7,.377049,2,1,0,43.972013
2005,6,30,5,5,1104,35.39,7.7,.377049,2,1,0,43.972013
2005,6,30,5,5,1104,35.61,7.7,.377049,2,1,0,43.972013
2005,6,30,5,5,1104,35.8,7.7,.377049,2,1,0,43.972013
2005,6,30,5,5,1104,35.98,7.7,.377049,2,1,0,43.972013
2005,6,30,5,5,1104,36.14,7.7,.377049,2,1,0,43.972013
2005,6,30,5,5,1104,36.27,7.7,.377049,2,1,0,43.972013
2005,6,30,5,5,1104,36.37,7.7,.377049,2,1,0,43.972013
2005,6,30,5,5,1104,36.44,3.5,.377049,2,1,0,43.972013
2005,6,30,5,5,1104,180.3,12.1,.377049,2,0,0,180.3
2005,6,30,6,5,1104,.01,165,.377049,2,1,0,.01
2005,6,30,6,5,1104,32.21,27,.377049,2,1,0,43.972013
2005,6,30,6,5,1104,32.35,11.5,.377049,2,1,0,43.972013
2005,6,30,6,5,1104,32.48,7.7,.377049,2,1,0,43.972013
2005,6,30,6,5,1104,32.64,7.7,.377049,2,1,0,43.972013
2005,6,30,6,5,1104,32.82,7.7,.377049,2,1,0,43.972013
2005,6,30,6,5,1104,33.02,7.7,.377049,2,1,0,43.972013
2005,6,30,6,5,1104,33.23,7.7,.377049,2,1,0,43.972013
2005,6,30,6,5,1104,33.46,7.7,.377049,2,1,0,43.972013
2005,6,30,6,5,1104,33.7,7.7,.377049,2,1,0,43.972013
2005,6,30,6,5,1104,33.94,7.7,.377049,2,1,0,43.972013
2005,6,30,6,5,1104,34.19,7.7,.377049,2,1,0,43.972013
2005,6,30,6,5,1104,34.44,7.7,.377049,2,1,0,43.972013
2005,6,30,6,5,1104,34.69,7.7,.377049,2,1,0,43.972013
2005,6,30,6,5,1104,34.93,7.7,.377049,2,1,0,43.972013
2005,6,30,6,5,1104,35.17,7.7,.377049,2,1,0,43.972013
2005,6,30,6,5,1104,35.39,7.7,.377049,2,1,0,43.972013
2005,6,30,6,5,1104,35.61,7.7,.377049,2,1,0,43.972013
2005,6,30,6,5,1104,35.8,7.7,.377049,2,1,0,43.972013
2005,6,30,6,5,1104,35.98,7.7,.377049,2,1,0,43.972013
2005,6,30,6,5,1104,36.14,7.7,.377049,2,1,0,43.972013
2005,6,30,6,5,1104,36.27,7.7,.377049,2,1,0,43.972013
2005,6,30,6,5,1104,36.37,7.7,.377049,2,1,0,43.972013
2005,6,30,6,5,1104,36.44,3.5,.377049,2,1,0,43.972013
2005,6,30,6,5,1104,180.3,12.1,.377049,2,0,0,180.3
2005,6,30,7,5,1104,.01,165,.377049,2,1,0,.01
2005,6,30,7,5,1104,32.21,27,.377049,2,1,0,43.972013
2005,6,30,7,5,1104,32.35,11.5,.377049,2,1,0,43.972013
2005,6,30,7,5,1104,32.48,7.7,.377049,2,1,0,43.972013
2005,6,30,7,5,1104,32.64,7.7,.377049,2,1,0,43.972013
2005,6,30,7,5,1104,32.82,7.7,.377049,2,1,0,43.972013
2005,6,30,7,5,1104,33.02,7.7,.377049,2,1,0,43.972013
2005,6,30,7,5,1104,33.23,7.7,.377049,2,1,0,43.972013
2005,6,30,7,5,1104,33.46,7.7,.377049,2,1,0,43.972013
2005,6,30,7,5,1104,33.7,7.7,.377049,2,1,0,43.972013
2005,6,30,7,5,1104,33.94,7.7,.377049,2,1,0,43.972013
2005,6,30,7,5,1104,34.19,7.7,.377049,2,1,0,43.972013
2005,6,30,7,5,1104,34.44,7.7,.377049,2,1,0,43.972013
2005,6,30,7,5,1104,34.69,7.7,.377049,2,1,0,43.972013
2005,6,30,7,5,1104,34.93,7.7,.377049,2,1,0,43.972013
2005,6,30,7,5,1104,35.17,7.7,.377049,2,1,0,43.972013
2005,6,30,7,5,1104,35.39,7.7,.377049,2,1,0,43.972013
2005,6,30,7,5,1104,35.61,7.7,.377049,2,1,0,43.972013
2005,6,30,7,5,1104,35.8,7.7,.377049,2,1,0,43.972013
2005,6,30,7,5,1104,35.98,7.7,.377049,2,1,0,43.972013
2005,6,30,7,5,1104,36.14,7.7,.377049,2,1,0,43.972013
2005,6,30,7,5,1104,36.27,7.7,.377049,2,1,0,43.972013
2005,6,30,7,5,1104,36.37,7.7,.377049,2,1,0,43.972013
2005,6,30,7,5,1104,36.44,3.5,.377049,2,1,0,43.972013
2005,6,30,7,5,1104,180.3,12.1,.377049,2,0,0,180.3
2005,6,30,8,5,1104,.01,165,.377049,2,1,0,.01
2005,6,30,8,5,1104,32.21,27,.377049,2,1,0,43.972013
2005,6,30,8,5,1104,32.35,11.5,.377049,2,1,0,43.972013
2005,6,30,8,5,1104,32.48,7.7,.377049,2,1,0,43.972013
2005,6,30,8,5,1104,32.64,7.7,.377049,2,1,0,43.972013
2005,6,30,8,5,1104,32.82,7.7,.377049,2,1,0,43.972013
2005,6,30,8,5,1104,33.02,7.7,.377049,2,1,0,43.972013
2005,6,30,8,5,1104,33.23,7.7,.377049,2,1,0,43.972013
2005,6,30,8,5,1104,33.46,7.7,.377049,2,1,0,43.972013
2005,6,30,8,5,1104,33.7,7.7,.377049,2,1,0,43.972013
2005,6,30,8,5,1104,33.94,7.7,.377049,2,1,0,43.972013
2005,6,30,8,5,1104,34.19,7.7,.377049,2,1,0,43.972013
2005,6,30,8,5,1104,34.44,7.7,.377049,2,1,0,43.972013
2005,6,30,8,5,1104,34.69,7.7,.377049,2,1,0,43.972013
2005,6,30,8,5,1104,34.93,7.7,.377049,2,1,0,43.972013
2005,6,30,8,5,1104,35.17,7.7,.377049,2,1,0,43.972013
2005,6,30,8,5,1104,35.39,7.7,.377049,2,1,0,43.972013
2005,6,30,8,5,1104,35.61,7.7,.377049,2,1,0,43.972013
2005,6,30,8,5,1104,35.8,7.7,.377049,2,1,0,43.972013
2005,6,30,8,5,1104,35.98,7.7,.377049,2,1,0,43.972013
2005,6,30,8,5,1104,36.14,7.7,.377049,2,1,0,43.972013
2005,6,30,8,5,1104,36.27,7.7,.377049,2,1,0,43.972013
2005,6,30,8,5,1104,36.37,7.7,.377049,2,1,0,43.972013
2005,6,30,8,5,1104,36.44,3.5,.377049,2,1,0,43.972013
2005,6,30,8,5,1104,180.3,12.1,.377049,2,0,0,180.3
2005,6,30,9,5,1104,.01,165,.377049,2,1,0,.01
2005,6,30,9,5,1104,32.21,27,.377049,2,1,0,43.972013
2005,6,30,9,5,1104,32.35,11.5,.377049,2,1,0,43.972013
2005,6,30,9,5,1104,32.48,7.7,.377049,2,1,0,43.972013
2005,6,30,9,5,1104,32.64,7.7,.377049,2,1,0,43.972013
2005,6,30,9,5,1104,32.82,7.7,.377049,2,1,0,43.972013
2005,6,30,9,5,1104,33.02,7.7,.377049,2,1,0,43.972013
2005,6,30,9,5,1104,33.23,7.7,.377049,2,1,0,43.972013
2005,6,30,9,5,1104,33.46,7.7,.377049,2,1,0,43.972013
2005,6,30,9,5,1104,33.7,7.7,.377049,2,1,0,43.972013
2005,6,30,9,5,1104,33.94,7.7,.377049,2,1,0,43.972013
2005,6,30,9,5,1104,34.19,7.7,.377049,2,1,0,43.972013
2005,6,30,9,5,1104,34.44,7.7,.377049,2,1,0,43.972013
2005,6,30,9,5,1104,34.69,7.7,.377049,2,1,0,43.972013
2005,6,30,9,5,1104,34.93,7.7,.377049,2,1,0,43.972013
2005,6,30,9,5,1104,35.17,7.7,.377049,2,1,0,43.972013
2005,6,30,9,5,1104,35.39,7.7,.377049,2,1,0,43.972013
2005,6,30,9,5,1104,35.61,7.7,.377049,2,1,0,43.972013
2005,6,30,9,5,1104,35.8,7.7,.377049,2,1,0,43.972013
2005,6,30,9,5,1104,35.98,7.7,.377049,2,1,0,43.972013
2005,6,30,9,5,1104,36.14,7.7,.377049,2,1,0,43.972013
2005,6,30,9,5,1104,36.27,7.7,.377049,2,1,0,43.972013
2005,6,30,9,5,1104,36.37,7.7,.377049,2,1,0,43.972013
2005,6,30,9,5,1104,36.44,2.5,.377049,2,1,0,43.972013
2005,6,30,9,5,1104,180.3,13.1,.377049,2,0,0,180.3
2005,6,30,10,5,1104,.01,165,.377049,2,1,0,.01
2005,6,30,10,5,1104,32.21,27,.377049,2,1,0,43.972013
2005,6,30,10,5,1104,32.35,11.5,.377049,2,1,0,43.972013
2005,6,30,10,5,1104,32.48,7.7,.377049,2,1,0,43.972013
2005,6,30,10,5,1104,32.64,7.7,.377049,2,1,0,43.972013
2005,6,30,10,5,1104,32.82,7.7,.377049,2,1,0,43.972013
2005,6,30,10,5,1104,33.02,7.7,.377049,2,1,0,43.972013
2005,6,30,10,5,1104,33.23,7.7,.377049,2,1,0,43.972013
2005,6,30,10,5,1104,33.46,7.7,.377049,2,1,0,43.972013
2005,6,30,10,5,1104,33.7,7.7,.377049,2,1,0,43.972013
2005,6,30,10,5,1104,33.94,7.7,.377049,2,1,0,43.972013
2005,6,30,10,5,1104,34.19,7.7,.377049,2,1,0,43.972013
2005,6,30,10,5,1104,34.44,7.7,.377049,2,1,0,43.972013
2005,6,30,10,5,1104,34.69,7.7,.377049,2,1,0,43.972013
2005,6,30,10,5,1104,34.93,7.7,.377049,2,1,0,43.972013
2005,6,30,10,5,1104,35.17,7.7,.377049,2,1,0,43.972013
2005,6,30,10,5,1104,35.39,7.7,.377049,2,1,0,43.972013
2005,6,30,10,5,1104,35.61,7.7,.377049,2,1,0,43.972013
2005,6,30,10,5,1104,35.8,7.7,.377049,2,1,0,43.972013
2005,6,30,10,5,1104,35.98,7.7,.377049,2,1,0,43.972013
2005,6,30,10,5,1104,36.14,7.7,.377049,2,1,0,43.972013
2005,6,30,10,5,1104,36.27,7.7,.377049,2,1,0,43.972013
2005,6,30,10,5,1104,36.37,7.7,.377049,2,1,0,43.972013
2005,6,30,10,5,1104,36.44,.5,.377049,2,1,0,43.972013
2005,6,30,10,5,1104,180.3,15.1,.377049,2,0,0,180.3
2005,6,30,11,5,1104,.01,165,.377049,2,1,0,.01
2005,6,30,11,5,1104,32.21,27,.377049,2,1,0,43.972013
2005,6,30,11,5,1104,32.35,11.5,.377049,2,1,0,43.972013
2005,6,30,11,5,1104,32.48,7.7,.377049,2,1,0,43.972013
2005,6,30,11,5,1104,32.64,7.7,.377049,2,1,0,43.972013
2005,6,30,11,5,1104,32.82,7.7,.377049,2,1,0,43.972013
2005,6,30,11,5,1104,33.02,7.7,.377049,2,1,0,43.972013
2005,6,30,11,5,1104,33.23,7.7,.377049,2,1,0,43.972013
2005,6,30,11,5,1104,33.46,7.7,.377049,2,1,0,43.972013
2005,6,30,11,5,1104,33.7,7.7,.377049,2,1,0,43.972013
2005,6,30,11,5,1104,33.94,7.7,.377049,2,1,0,43.972013
2005,6,30,11,5,1104,34.19,7.7,.377049,2,1,0,43.972013
2005,6,30,11,5,1104,34.44,7.7,.377049,2,1,0,43.972013
2005,6,30,11,5,1104,34.69,7.7,.377049,2,1,0,43.972013
2005,6,30,11,5,1104,34.93,7.7,.377049,2,1,0,43.972013
2005,6,30,11,5,1104,35.17,7.7,.377049,2,1,0,43.972013
2005,6,30,11,5,1104,35.39,7.7,.377049,2,1,0,43.972013
2005,6,30,11,5,1104,35.61,7.7,.377049,2,1,0,43.972013
2005,6,30,11,5,1104,35.8,7.7,.377049,2,1,0,43.972013
2005,6,30,11,5,1104,35.98,7.7,.377049,2,1,0,43.972013
2005,6,30,11,5,1104,36.14,7.7,.377049,2,1,0,43.972013
2005,6,30,11,5,1104,36.27,7.9,.377049,2,1,0,43.972013
2005,6,30,11,5,1104,180.3,23.1,.377049,2,0,0,180.3
2005,6,30,12,5,1104,.01,165,.377049,2,1,0,.01
2005,6,30,12,5,1104,32.21,27,.377049,2,1,0,43.972013
2005,6,30,12,5,1104,32.35,11.5,.377049,2,1,0,43.972013
2005,6,30,12,5,1104,32.48,7.7,.377049,2,1,0,43.972013
2005,6,30,12,5,1104,32.64,7.7,.377049,2,1,0,43.972013
2005,6,30,12,5,1104,32.82,7.7,.377049,2,1,0,43.972013
2005,6,30,12,5,1104,33.02,7.7,.377049,2,1,0,43.972013
2005,6,30,12,5,1104,33.23,7.7,.377049,2,1,0,43.972013
2005,6,30,12,5,1104,33.46,7.7,.377049,2,1,0,43.972013
2005,6,30,12,5,1104,33.7,7.7,.377049,2,1,0,43.972013
2005,6,30,12,5,1104,33.94,7.7,.377049,2,1,0,43.972013
2005,6,30,12,5,1104,34.19,7.7,.377049,2,1,0,43.972013
2005,6,30,12,5,1104,34.44,7.7,.377049,2,1,0,43.972013
2005,6,30,12,5,1104,34.69,7.7,.377049,2,1,0,43.972013
2005,6,30,12,5,1104,34.93,7.7,.377049,2,1,0,43.972013
2005,6,30,12,5,1104,35.17,7.7,.377049,2,1,0,43.972013
2005,6,30,12,5,1104,35.39,7.7,.377049,2,1,0,43.972013
2005,6,30,12,5,1104,35.61,7.7,.377049,2,1,0,43.972013
2005,6,30,12,5,1104,35.8,7.7,.377049,2,1,0,43.972013
2005,6,30,12,5,1104,35.98,7.7,.377049,2,1,0,43.972013
2005,6,30,12,5,1104,36.14,7.7,.377049,2,1,0,43.972013
2005,6,30,12,5,1104,36.27,7.9,.377049,2,1,0,43.972013
2005,6,30,12,5,1104,180.3,23.1,.377049,2,0,0,180.3
2005,6,30,13,5,1104,.01,165,.377049,2,1,0,.01
2005,6,30,13,5,1104,32.21,27,.377049,2,1,0,43.972013
2005,6,30,13,5,1104,32.35,11.5,.377049,2,1,0,43.972013
2005,6,30,13,5,1104,32.48,7.7,.377049,2,1,0,43.972013
2005,6,30,13,5,1104,32.64,7.7,.377049,2,1,0,43.972013
2005,6,30,13,5,1104,32.82,7.7,.377049,2,1,0,43.972013
2005,6,30,13,5,1104,33.02,7.7,.377049,2,1,0,43.972013
2005,6,30,13,5,1104,33.23,7.7,.377049,2,1,0,43.972013
2005,6,30,13,5,1104,33.46,7.7,.377049,2,1,0,43.972013
2005,6,30,13,5,1104,33.7,7.7,.377049,2,1,0,43.972013
2005,6,30,13,5,1104,33.94,7.7,.377049,2,1,0,43.972013
2005,6,30,13,5,1104,34.19,7.7,.377049,2,1,0,43.972013
2005,6,30,13,5,1104,34.44,7.7,.377049,2,1,0,43.972013
2005,6,30,13,5,1104,34.69,7.7,.377049,2,1,0,43.972013
2005,6,30,13,5,1104,34.93,7.7,.377049,2,1,0,43.972013
2005,6,30,13,5,1104,35.17,7.7,.377049,2,1,0,43.972013
2005,6,30,13,5,1104,35.39,7.7,.377049,2,1,0,43.972013
2005,6,30,13,5,1104,35.61,7.7,.377049,2,1,0,43.972013
2005,6,30,13,5,1104,35.8,7.7,.377049,2,1,0,43.972013
2005,6,30,13,5,1104,35.98,7.7,.377049,2,1,0,43.972013
2005,6,30,13,5,1104,36.14,7.7,.377049,2,1,0,43.972013
2005,6,30,13,5,1104,36.27,7.9,.377049,2,1,0,43.972013
2005,6,30,13,5,1104,180.3,23.1,.377049,2,0,0,180.3
2005,6,30,14,5,1104,0,165,.377049,2,1,0,0
2005,6,30,14,5,1104,32.21,27,.377049,2,1,0,43.972013
2005,6,30,14,5,1104,32.35,11.5,.377049,2,1,0,43.972013
2005,6,30,14,5,1104,32.48,7.7,.377049,2,1,0,43.972013
2005,6,30,14,5,1104,32.64,7.7,.377049,2,1,0,43.972013
2005,6,30,14,5,1104,32.82,7.7,.377049,2,1,0,43.972013
2005,6,30,14,5,1104,33.02,7.7,.377049,2,1,0,43.972013
2005,6,30,14,5,1104,33.23,7.7,.377049,2,1,0,43.972013
2005,6,30,14,5,1104,33.46,7.7,.377049,2,1,0,43.972013
2005,6,30,14,5,1104,33.7,7.7,.377049,2,1,0,43.972013
2005,6,30,14,5,1104,33.94,7.7,.377049,2,1,0,43.972013
2005,6,30,14,5,1104,34.19,7.7,.377049,2,1,0,43.972013
2005,6,30,14,5,1104,34.44,7.7,.377049,2,1,0,43.972013
2005,6,30,14,5,1104,34.69,7.7,.377049,2,1,0,43.972013
2005,6,30,14,5,1104,34.93,7.7,.377049,2,1,0,43.972013
2005,6,30,14,5,1104,35.17,7.7,.377049,2,1,0,43.972013
2005,6,30,14,5,1104,35.39,7.7,.377049,2,1,0,43.972013
2005,6,30,14,5,1104,35.61,7.7,.377049,2,1,0,43.972013
2005,6,30,14,5,1104,35.8,7.7,.377049,2,1,0,43.972013
2005,6,30,14,5,1104,35.98,7.7,.377049,2,1,0,43.972013
2005,6,30,14,5,1104,36.14,7.7,.377049,2,1,0,43.972013
2005,6,30,14,5,1104,36.27,7.9,.377049,2,1,0,43.972013
2005,6,30,14,5,1104,180.3,23.1,.377049,2,0,0,180.3
2005,6,30,15,5,1104,0,165,.377049,2,1,0,0
2005,6,30,15,5,1104,32.21,27,.377049,2,1,0,43.972013
2005,6,30,15,5,1104,32.35,11.5,.377049,2,1,0,43.972013
2005,6,30,15,5,1104,32.48,7.7,.377049,2,1,0,43.972013
2005,6,30,15,5,1104,32.64,7.7,.377049,2,1,0,43.972013
2005,6,30,15,5,1104,32.82,7.7,.377049,2,1,0,43.972013
2005,6,30,15,5,1104,33.02,7.7,.377049,2,1,0,43.972013
2005,6,30,15,5,1104,33.23,7.7,.377049,2,1,0,43.972013
2005,6,30,15,5,1104,33.46,7.7,.377049,2,1,0,43.972013
2005,6,30,15,5,1104,33.7,7.7,.377049,2,1,0,43.972013
2005,6,30,15,5,1104,33.94,7.7,.377049,2,1,0,43.972013
2005,6,30,15,5,1104,34.19,7.7,.377049,2,1,0,43.972013
2005,6,30,15,5,1104,34.44,7.7,.377049,2,1,0,43.972013
2005,6,30,15,5,1104,34.69,7.7,.377049,2,1,0,43.972013
2005,6,30,15,5,1104,34.93,7.7,.377049,2,1,0,43.972013
2005,6,30,15,5,1104,35.17,7.7,.377049,2,1,0,43.972013
2005,6,30,15,5,1104,35.39,7.7,.377049,2,1,0,43.972013
2005,6,30,15,5,1104,35.61,7.7,.377049,2,1,0,43.972013
2005,6,30,15,5,1104,35.8,7.7,.377049,2,1,0,43.972013
2005,6,30,15,5,1104,35.98,7.7,.377049,2,1,0,43.972013
2005,6,30,15,5,1104,36.14,7.7,.377049,2,1,0,43.972013
2005,6,30,15,5,1104,36.27,7.9,.377049,2,1,0,43.972013
2005,6,30,15,5,1104,180.3,23.1,.377049,2,0,0,180.3
2005,6,30,16,5,1104,0,165,.377049,2,1,0,0
2005,6,30,16,5,1104,32.21,27,.377049,2,1,0,43.972013
2005,6,30,16,5,1104,32.35,11.5,.377049,2,1,0,43.972013
2005,6,30,16,5,1104,32.48,7.7,.377049,2,1,0,43.972013
2005,6,30,16,5,1104,32.64,7.7,.377049,2,1,0,43.972013
2005,6,30,16,5,1104,32.82,7.7,.377049,2,1,0,43.972013
2005,6,30,16,5,1104,33.02,7.7,.377049,2,1,0,43.972013
2005,6,30,16,5,1104,33.23,7.7,.377049,2,1,0,43.972013
2005,6,30,16,5,1104,33.46,7.7,.377049,2,1,0,43.972013
2005,6,30,16,5,1104,33.7,7.7,.377049,2,1,0,43.972013
2005,6,30,16,5,1104,33.94,7.7,.377049,2,1,0,43.972013
2005,6,30,16,5,1104,34.19,7.7,.377049,2,1,0,43.972013
2005,6,30,16,5,1104,34.44,7.7,.377049,2,1,0,43.972013
2005,6,30,16,5,1104,34.69,7.7,.377049,2,1,0,43.972013
2005,6,30,16,5,1104,34.93,7.7,.377049,2,1,0,43.972013
2005,6,30,16,5,1104,35.17,7.7,.377049,2,1,0,43.972013
2005,6,30,16,5,1104,35.39,7.7,.377049,2,1,0,43.972013
2005,6,30,16,5,1104,35.61,7.7,.377049,2,1,0,43.972013
2005,6,30,16,5,1104,35.8,7.7,.377049,2,1,0,43.972013
2005,6,30,16,5,1104,35.98,7.7,.377049,2,1,0,43.972013
2005,6,30,16,5,1104,36.14,7.7,.377049,2,1,0,43.972013
2005,6,30,16,5,1104,36.27,7.9,.377049,2,1,0,43.972013
2005,6,30,16,5,1104,180.3,23.1,.377049,2,0,0,180.3
2005,6,30,17,5,1104,0,165,.377049,2,1,0,0
2005,6,30,17,5,1104,32.21,27,.377049,2,1,0,43.972013
2005,6,30,17,5,1104,32.35,11.5,.377049,2,1,0,43.972013
2005,6,30,17,5,1104,32.48,7.7,.377049,2,1,0,43.972013
2005,6,30,17,5,1104,32.64,7.7,.377049,2,1,0,43.972013
2005,6,30,17,5,1104,32.82,7.7,.377049,2,1,0,43.972013
2005,6,30,17,5,1104,33.02,7.7,.377049,2,1,0,43.972013
2005,6,30,17,5,1104,33.23,7.7,.377049,2,1,0,43.972013
2005,6,30,17,5,1104,33.46,7.7,.377049,2,1,0,43.972013
2005,6,30,17,5,1104,33.7,7.7,.377049,2,1,0,43.972013
2005,6,30,17,5,1104,33.94,7.7,.377049,2,1,0,43.972013
2005,6,30,17,5,1104,34.19,7.7,.377049,2,1,0,43.972013
2005,6,30,17,5,1104,34.44,7.7,.377049,2,1,0,43.972013
2005,6,30,17,5,1104,34.69,7.7,.377049,2,1,0,43.972013
2005,6,30,17,5,1104,34.93,7.7,.377049,2,1,0,43.972013
2005,6,30,17,5,1104,35.17,7.7,.377049,2,1,0,43.972013
2005,6,30,17,5,1104,35.39,7.7,.377049,2,1,0,43.972013
2005,6,30,17,5,1104,35.61,7.7,.377049,2,1,0,43.972013
2005,6,30,17,5,1104,35.8,7.7,.377049,2,1,0,43.972013
2005,6,30,17,5,1104,35.98,7.7,.377049,2,1,0,43.972013
2005,6,30,17,5,1104,36.14,7.7,.377049,2,1,0,43.972013
2005,6,30,17,5,1104,36.27,7.9,.377049,2,1,0,43.972013
2005,6,30,17,5,1104,180.3,23.1,.377049,2,0,0,180.3
2005,6,30,18,5,1104,0,165,.377049,2,1,0,0
2005,6,30,18,5,1104,32.21,27,.377049,2,1,0,43.972013
2005,6,30,18,5,1104,32.35,11.5,.377049,2,1,0,43.972013
2005,6,30,18,5,1104,32.48,7.7,.377049,2,1,0,43.972013
2005,6,30,18,5,1104,32.64,7.7,.377049,2,1,0,43.972013
2005,6,30,18,5,1104,32.82,7.7,.377049,2,1,0,43.972013
2005,6,30,18,5,1104,33.02,7.7,.377049,2,1,0,43.972013
2005,6,30,18,5,1104,33.23,7.7,.377049,2,1,0,43.972013
2005,6,30,18,5,1104,33.46,7.7,.377049,2,1,0,43.972013
2005,6,30,18,5,1104,33.7,7.7,.377049,2,1,0,43.972013
2005,6,30,18,5,1104,33.94,7.7,.377049,2,1,0,43.972013
2005,6,30,18,5,1104,34.19,7.7,.377049,2,1,0,43.972013
2005,6,30,18,5,1104,34.44,7.7,.377049,2,1,0,43.972013
2005,6,30,18,5,1104,34.69,7.7,.377049,2,1,0,43.972013
2005,6,30,18,5,1104,34.93,7.7,.377049,2,1,0,43.972013
2005,6,30,18,5,1104,35.17,7.7,.377049,2,1,0,43.972013
2005,6,30,18,5,1104,35.39,7.7,.377049,2,1,0,43.972013
2005,6,30,18,5,1104,35.61,7.7,.377049,2,1,0,43.972013
2005,6,30,18,5,1104,35.8,7.7,.377049,2,1,0,43.972013
2005,6,30,18,5,1104,35.98,7.7,.377049,2,1,0,43.972013
2005,6,30,18,5,1104,36.14,7.7,.377049,2,1,0,43.972013
2005,6,30,18,5,1104,36.27,7.9,.377049,2,1,0,43.972013
2005,6,30,18,5,1104,180.3,23.1,.377049,2,0,0,180.3
2005,6,30,19,5,1104,0,165,.377049,2,1,0,0
2005,6,30,19,5,1104,32.21,27,.377049,2,1,0,43.972013
2005,6,30,19,5,1104,32.35,11.5,.377049,2,1,0,43.972013
2005,6,30,19,5,1104,32.48,7.7,.377049,2,1,0,43.972013
2005,6,30,19,5,1104,32.64,7.7,.377049,2,1,0,43.972013
2005,6,30,19,5,1104,32.82,7.7,.377049,2,1,0,43.972013
2005,6,30,19,5,1104,33.02,7.7,.377049,2,1,0,43.972013
2005,6,30,19,5,1104,33.23,7.7,.377049,2,1,0,43.972013
2005,6,30,19,5,1104,33.46,7.7,.377049,2,1,0,43.972013
2005,6,30,19,5,1104,33.7,7.7,.377049,2,1,0,43.972013
2005,6,30,19,5,1104,33.94,7.7,.377049,2,1,0,43.972013
2005,6,30,19,5,1104,34.19,7.7,.377049,2,1,0,43.972013
2005,6,30,19,5,1104,34.44,7.7,.377049,2,1,0,43.972013
2005,6,30,19,5,1104,34.69,7.7,.377049,2,1,0,43.972013
2005,6,30,19,5,1104,34.93,7.7,.377049,2,1,0,43.972013
2005,6,30,19,5,1104,35.17,7.7,.377049,2,1,0,43.972013
2005,6,30,19,5,1104,35.39,7.7,.377049,2,1,0,43.972013
2005,6,30,19,5,1104,35.61,7.7,.377049,2,1,0,43.972013
2005,6,30,19,5,1104,35.8,7.7,.377049,2,1,0,43.972013
2005,6,30,19,5,1104,35.98,7.7,.377049,2,1,0,43.972013
2005,6,30,19,5,1104,36.14,7.7,.377049,2,1,0,43.972013
2005,6,30,19,5,1104,36.27,7.9,.377049,2,1,0,43.972013
2005,6,30,19,5,1104,180.3,23.1,.377049,2,0,0,180.3
2005,6,30,20,5,1104,0,165,.377049,2,1,0,0
2005,6,30,20,5,1104,32.21,27,.377049,2,1,0,43.972013
2005,6,30,20,5,1104,32.35,11.5,.377049,2,1,0,43.972013
2005,6,30,20,5,1104,32.48,7.7,.377049,2,1,0,43.972013
2005,6,30,20,5,1104,32.64,7.7,.377049,2,1,0,43.972013
2005,6,30,20,5,1104,32.82,7.7,.377049,2,1,0,43.972013
2005,6,30,20,5,1104,33.02,7.7,.377049,2,1,0,43.972013
2005,6,30,20,5,1104,33.23,7.7,.377049,2,1,0,43.972013
2005,6,30,20,5,1104,33.46,7.7,.377049,2,1,0,43.972013
2005,6,30,20,5,1104,33.7,7.7,.377049,2,1,0,43.972013
2005,6,30,20,5,1104,33.94,7.7,.377049,2,1,0,43.972013
2005,6,30,20,5,1104,34.19,7.7,.377049,2,1,0,43.972013
2005,6,30,20,5,1104,34.44,7.7,.377049,2,1,0,43.972013
2005,6,30,20,5,1104,34.69,7.7,.377049,2,1,0,43.972013
2005,6,30,20,5,1104,34.93,7.7,.377049,2,1,0,43.972013
2005,6,30,20,5,1104,35.17,7.7,.377049,2,1,0,43.972013
2005,6,30,20,5,1104,35.39,7.7,.377049,2,1,0,43.972013
2005,6,30,20,5,1104,35.61,7.7,.377049,2,1,0,43.972013
2005,6,30,20,5,1104,35.8,7.7,.377049,2,1,0,43.972013
2005,6,30,20,5,1104,35.98,7.7,.377049,2,1,0,43.972013
2005,6,30,20,5,1104,36.14,7.7,.377049,2,1,0,43.972013
2005,6,30,20,5,1104,36.27,7.7,.377049,2,1,0,43.972013
2005,6,30,20,5,1104,36.37,7.7,.377049,2,1,0,43.972013
2005,6,30,20,5,1104,36.44,.5,.377049,2,1,0,43.972013
2005,6,30,20,5,1104,180.3,15.1,.377049,2,0,0,180.3
2005,6,30,21,5,1104,0,165,.377049,2,1,0,0
2005,6,30,21,5,1104,32.21,27,.377049,2,1,0,43.972013
2005,6,30,21,5,1104,32.35,11.5,.377049,2,1,0,43.972013
2005,6,30,21,5,1104,32.48,7.7,.377049,2,1,0,43.972013
2005,6,30,21,5,1104,32.64,7.7,.377049,2,1,0,43.972013
2005,6,30,21,5,1104,32.82,7.7,.377049,2,1,0,43.972013
2005,6,30,21,5,1104,33.02,7.7,.377049,2,1,0,43.972013
2005,6,30,21,5,1104,33.23,7.7,.377049,2,1,0,43.972013
2005,6,30,21,5,1104,33.46,7.7,.377049,2,1,0,43.972013
2005,6,30,21,5,1104,33.7,7.7,.377049,2,1,0,43.972013
2005,6,30,21,5,1104,33.94,7.7,.377049,2,1,0,43.972013
2005,6,30,21,5,1104,34.19,7.7,.377049,2,1,0,43.972013
2005,6,30,21,5,1104,34.44,7.7,.377049,2,1,0,43.972013
2005,6,30,21,5,1104,34.69,7.7,.377049,2,1,0,43.972013
2005,6,30,21,5,1104,34.93,7.7,.377049,2,1,0,43.972013
2005,6,30,21,5,1104,35.17,7.7,.377049,2,1,0,43.972013
2005,6,30,21,5,1104,35.39,7.7,.377049,2,1,0,43.972013
2005,6,30,21,5,1104,35.61,7.7,.377049,2,1,0,43.972013
2005,6,30,21,5,1104,35.8,7.7,.377049,2,1,0,43.972013
2005,6,30,21,5,1104,35.98,7.7,.377049,2,1,0,43.972013
2005,6,30,21,5,1104,36.14,7.7,.377049,2,1,0,43.972013
2005,6,30,21,5,1104,36.27,7.7,.377049,2,1,0,43.972013
2005,6,30,21,5,1104,36.37,7.7,.377049,2,1,0,43.972013
2005,6,30,21,5,1104,36.44,.5,.377049,2,1,0,43.972013
2005,6,30,21,5,1104,180.3,15.1,.377049,2,0,0,180.3
2005,6,30,22,5,1104,0,165,.377049,2,1,0,0
2005,6,30,22,5,1104,32.21,27,.377049,2,1,0,43.972013
2005,6,30,22,5,1104,32.35,11.5,.377049,2,1,0,43.972013
2005,6,30,22,5,1104,32.48,7.7,.377049,2,1,0,43.972013
2005,6,30,22,5,1104,32.64,7.7,.377049,2,1,0,43.972013
2005,6,30,22,5,1104,32.82,7.7,.377049,2,1,0,43.972013
2005,6,30,22,5,1104,33.02,7.7,.377049,2,1,0,43.972013
2005,6,30,22,5,1104,33.23,7.7,.377049,2,1,0,43.972013
2005,6,30,22,5,1104,33.46,7.7,.377049,2,1,0,43.972013
2005,6,30,22,5,1104,33.7,7.7,.377049,2,1,0,43.972013
2005,6,30,22,5,1104,33.94,7.7,.377049,2,1,0,43.972013
2005,6,30,22,5,1104,34.19,7.7,.377049,2,1,0,43.972013
2005,6,30,22,5,1104,34.44,7.7,.377049,2,1,0,43.972013
2005,6,30,22,5,1104,34.69,7.7,.377049,2,1,0,43.972013
2005,6,30,22,5,1104,34.93,7.7,.377049,2,1,0,43.972013
2005,6,30,22,5,1104,35.17,7.7,.377049,2,1,0,43.972013
2005,6,30,22,5,1104,35.39,7.7,.377049,2,1,0,43.972013
2005,6,30,22,5,1104,35.61,7.7,.377049,2,1,0,43.972013
2005,6,30,22,5,1104,35.8,7.7,.377049,2,1,0,43.972013
2005,6,30,22,5,1104,35.98,7.7,.377049,2,1,0,43.972013
2005,6,30,22,5,1104,36.14,7.7,.377049,2,1,0,43.972013
2005,6,30,22,5,1104,36.27,7.7,.377049,2,1,0,43.972013
2005,6,30,22,5,1104,36.37,7.7,.377049,2,1,0,43.972013
2005,6,30,22,5,1104,36.44,3.5,.377049,2,1,0,43.972013
2005,6,30,22,5,1104,180.3,12.1,.377049,2,0,0,180.3
2005,6,30,23,5,1104,0,165,.377049,2,1,0,0
2005,6,30,23,5,1104,32.21,27,.377049,2,1,0,43.972013
2005,6,30,23,5,1104,32.35,11.5,.377049,2,1,0,43.972013
2005,6,30,23,5,1104,32.48,7.7,.377049,2,1,0,43.972013
2005,6,30,23,5,1104,32.64,7.7,.377049,2,1,0,43.972013
2005,6,30,23,5,1104,32.82,7.7,.377049,2,1,0,43.972013
2005,6,30,23,5,1104,33.02,7.7,.377049,2,1,0,43.972013
2005,6,30,23,5,1104,33.23,7.7,.377049,2,1,0,43.972013
2005,6,30,23,5,1104,33.46,7.7,.377049,2,1,0,43.972013
2005,6,30,23,5,1104,33.7,7.7,.377049,2,1,0,43.972013
2005,6,30,23,5,1104,33.94,7.7,.377049,2,1,0,43.972013
2005,6,30,23,5,1104,34.19,7.7,.377049,2,1,0,43.972013
2005,6,30,23,5,1104,34.44,7.7,.377049,2,1,0,43.972013
2005,6,30,23,5,1104,34.69,7.7,.377049,2,1,0,43.972013
2005,6,30,23,5,1104,34.93,7.7,.377049,2,1,0,43.972013
2005,6,30,23,5,1104,35.17,7.7,.377049,2,1,0,43.972013
2005,6,30,23,5,1104,35.39,7.7,.377049,2,1,0,43.972013
2005,6,30,23,5,1104,35.61,7.7,.377049,2,1,0,43.972013
2005,6,30,23,5,1104,35.8,7.7,.377049,2,1,0,43.972013
2005,6,30,23,5,1104,35.98,7.7,.377049,2,1,0,43.972013
2005,6,30,23,5,1104,36.14,7.7,.377049,2,1,0,43.972013
2005,6,30,23,5,1104,36.27,7.7,.377049,2,1,0,43.972013
2005,6,30,23,5,1104,36.37,7.7,.377049,2,1,0,43.972013
2005,6,30,23,5,1104,36.44,3.5,.377049,2,1,0,43.972013
2005,6,30,23,5,1104,180.3,12.1,.377049,2,0,0,180.3
2005,6,30,24,5,1104,0,165,.377049,2,1,0,0
2005,6,30,24,5,1104,32.21,27,.377049,2,1,0,43.972013
2005,6,30,24,5,1104,32.35,11.5,.377049,2,1,0,43.972013
2005,6,30,24,5,1104,32.48,7.7,.377049,2,1,0,43.972013
2005,6,30,24,5,1104,32.64,7.7,.377049,2,1,0,43.972013
2005,6,30,24,5,1104,32.82,7.7,.377049,2,1,0,43.972013
2005,6,30,24,5,1104,33.02,7.7,.377049,2,1,0,43.972013
2005,6,30,24,5,1104,33.23,7.7,.377049,2,1,0,43.972013
2005,6,30,24,5,1104,33.46,7.7,.377049,2,1,0,43.972013
2005,6,30,24,5,1104,33.7,7.7,.377049,2,1,0,43.972013
2005,6,30,24,5,1104,33.94,7.7,.377049,2,1,0,43.972013
2005,6,30,24,5,1104,34.19,7.7,.377049,2,1,0,43.972013
2005,6,30,24,5,1104,34.44,7.7,.377049,2,1,0,43.972013
2005,6,30,24,5,1104,34.69,7.7,.377049,2,1,0,43.972013
2005,6,30,24,5,1104,34.93,7.7,.377049,2,1,0,43.972013
2005,6,30,24,5,1104,35.17,7.7,.377049,2,1,0,43.972013
2005,6,30,24,5,1104,35.39,7.7,.377049,2,1,0,43.972013
2005,6,30,24,5,1104,35.61,7.7,.377049,2,1,0,43.972013
2005,6,30,24,5,1104,35.8,7.7,.377049,2,1,0,43.972013
2005,6,30,24,5,1104,35.98,7.7,.377049,2,1,0,43.972013
2005,6,30,24,5,1104,36.14,7.7,.377049,2,1,0,43.972013
2005,6,30,24,5,1104,36.27,7.7,.377049,2,1,0,43.972013
2005,6,30,24,5,1104,36.37,7.7,.377049,2,1,0,43.972013
2005,6,30,24,5,1104,36.44,3.5,.377049,2,1,0,43.972013
2005,6,30,24,5,1104,180.3,12.1,.377049,2,0,0,180.3
2005,6,30,1,2,1105,0,165,.377049,2,1,0,0
2005,6,30,1,2,1105,33.49,195,.377049,2,1,0,43.972013
2005,6,30,1,2,1105,151.02,41.8,.377049,2,0,0,151.02
2005,6,30,2,2,1105,0,165,.377049,2,1,0,0
2005,6,30,2,2,1105,33.49,195,.377049,2,1,0,43.972013
2005,6,30,2,2,1105,151.02,41.8,.377049,2,0,0,151.02
2005,6,30,3,2,1105,0,165,.377049,2,1,0,0
2005,6,30,3,2,1105,33.49,195,.377049,2,1,0,43.972013
2005,6,30,3,2,1105,151.02,41.8,.377049,2,0,0,151.02
2005,6,30,4,2,1105,0,165,.377049,2,1,0,0
2005,6,30,4,2,1105,33.49,195,.377049,2,1,0,43.972013
2005,6,30,4,2,1105,151.02,41.8,.377049,2,0,0,151.02
2005,6,30,5,2,1105,0,165,.377049,2,1,0,0
2005,6,30,5,2,1105,33.49,195,.377049,2,1,0,43.972013
2005,6,30,5,2,1105,151.02,41.8,.377049,2,0,0,151.02
2005,6,30,6,2,1105,0,165,.377049,2,1,0,0
2005,6,30,6,2,1105,33.49,195,.377049,2,1,0,43.972013
2005,6,30,6,2,1105,151.02,41.8,.377049,2,0,0,151.02
2005,6,30,7,2,1105,0,165,.377049,2,1,0,0
2005,6,30,7,2,1105,33.49,195,.377049,2,1,0,43.972013
2005,6,30,7,2,1105,151.02,41.8,.377049,2,0,0,151.02
2005,6,30,8,2,1105,0,165,.377049,2,1,0,0
2005,6,30,8,2,1105,33.49,195,.377049,2,1,0,43.972013
2005,6,30,8,2,1105,151.02,41.8,.377049,2,0,0,151.02
2005,6,30,9,2,1105,0,165,.377049,2,1,0,0
2005,6,30,9,2,1105,16.11,27.9,.377049,2,1,0,43.972013
2005,6,30,9,2,1105,30.15,27.9,.377049,2,1,0,43.972013
2005,6,30,9,2,1105,30.44,27.9,.377049,2,1,0,43.972013
2005,6,30,9,2,1105,30.74,27.9,.377049,2,1,0,43.972013
2005,6,30,9,2,1105,31.03,27.9,.377049,2,1,0,43.972013
2005,6,30,9,2,1105,31.32,27.9,.377049,2,1,0,43.972013
2005,6,30,9,2,1105,31.62,27.6,.377049,2,1,0,43.972013
2005,6,30,9,2,1105,151.08,41.8,.377049,2,0,0,151.08
2005,6,30,10,2,1105,0,165,.377049,2,1,0,0
2005,6,30,10,2,1105,16.11,195,.377049,2,1,0,43.972013
2005,6,30,10,2,1105,151.02,41.8,.377049,2,0,0,151.02
2005,6,30,11,2,1105,0,165,.377049,2,1,0,0
2005,6,30,11,2,1105,16.11,195,.377049,2,1,0,43.972013
2005,6,30,11,2,1105,151.02,41.8,.377049,2,0,0,151.02
2005,6,30,12,2,1105,0,165,.377049,2,1,0,0
2005,6,30,12,2,1105,16.11,195,.377049,2,1,0,43.972013
2005,6,30,12,2,1105,151.02,41.8,.377049,2,0,0,151.02
2005,6,30,13,2,1105,0,165,.377049,2,1,0,0
2005,6,30,13,2,1105,16.11,195,.377049,2,1,0,43.972013
2005,6,30,13,2,1105,151.02,41.8,.377049,2,0,0,151.02
2005,6,30,14,2,1105,0,165,.377049,2,1,0,0
2005,6,30,14,2,1105,16.11,195,.377049,2,1,0,43.972013
2005,6,30,14,2,1105,151.02,41.8,.377049,2,0,0,151.02
2005,6,30,15,2,1105,0,165,.377049,2,1,0,0
2005,6,30,15,2,1105,16.11,195,.377049,2,1,0,43.972013
2005,6,30,15,2,1105,151.02,41.8,.377049,2,0,0,151.02
2005,6,30,16,2,1105,0,165,.377049,2,1,0,0
2005,6,30,16,2,1105,16.11,195,.377049,2,1,0,43.972013
2005,6,30,16,2,1105,151.02,41.8,.377049,2,0,0,151.02
2005,6,30,17,2,1105,0,165,.377049,2,1,0,0
2005,6,30,17,2,1105,16.11,195,.377049,2,1,0,43.972013
2005,6,30,17,2,1105,151.02,41.8,.377049,2,0,0,151.02
2005,6,30,18,2,1105,0,165,.377049,2,1,0,0
2005,6,30,18,2,1105,16.11,195,.377049,2,1,0,43.972013
2005,6,30,18,2,1105,151.02,41.8,.377049,2,0,0,151.02
2005,6,30,19,2,1105,0,165,.377049,2,1,0,0
2005,6,30,19,2,1105,16.11,195,.377049,2,1,0,43.972013
2005,6,30,19,2,1105,151.02,41.8,.377049,2,0,0,151.02
2005,6,30,20,2,1105,0,165,.377049,2,1,0,0
2005,6,30,20,2,1105,16.11,195,.377049,2,1,0,43.972013
2005,6,30,20,2,1105,151.02,41.8,.377049,2,0,0,151.02
2005,6,30,21,2,1105,0,165,.377049,2,1,0,0
2005,6,30,21,2,1105,31.78,27.9,.377049,2,1,0,43.972013
2005,6,30,21,2,1105,32.07,27.9,.377049,2,1,0,43.972013
2005,6,30,21,2,1105,32.36,27.9,.377049,2,1,0,43.972013
2005,6,30,21,2,1105,32.65,27.9,.377049,2,1,0,43.972013
2005,6,30,21,2,1105,32.94,27.9,.377049,2,1,0,43.972013
2005,6,30,21,2,1105,33.23,27.9,.377049,2,1,0,43.972013
2005,6,30,21,2,1105,33.52,27.6,.377049,2,1,0,43.972013
2005,6,30,21,2,1105,151.08,41.8,.377049,2,0,0,151.08
2005,6,30,22,2,1105,0,165,.377049,2,1,0,0
2005,6,30,22,2,1105,31.8,27.9,.377049,2,1,0,43.972013
2005,6,30,22,2,1105,32.09,27.9,.377049,2,1,0,43.972013
2005,6,30,22,2,1105,32.38,27.9,.377049,2,1,0,43.972013
2005,6,30,22,2,1105,32.68,27.9,.377049,2,1,0,43.972013
2005,6,30,22,2,1105,32.97,27.9,.377049,2,1,0,43.972013
2005,6,30,22,2,1105,33.26,27.9,.377049,2,1,0,43.972013
2005,6,30,22,2,1105,33.55,27.6,.377049,2,1,0,43.972013
2005,6,30,22,2,1105,151.08,41.8,.377049,2,0,0,151.08
2005,6,30,23,2,1105,0,165,.377049,2,1,0,0
2005,6,30,23,2,1105,30.96,27.9,.377049,2,1,0,43.972013
2005,6,30,23,2,1105,31.26,27.9,.377049,2,1,0,43.972013
2005,6,30,23,2,1105,31.55,27.9,.377049,2,1,0,43.972013
2005,6,30,23,2,1105,31.84,27.9,.377049,2,1,0,43.972013
2005,6,30,23,2,1105,32.13,27.9,.377049,2,1,0,43.972013
2005,6,30,23,2,1105,32.42,27.9,.377049,2,1,0,43.972013
2005,6,30,23,2,1105,32.71,27.6,.377049,2,1,0,43.972013
2005,6,30,23,2,1105,151.08,41.8,.377049,2,0,0,151.08
2005,6,30,24,2,1105,0,165,.377049,2,1,0,0
2005,6,30,24,2,1105,33.49,195,.377049,2,1,0,43.972013
2005,6,30,24,2,1105,151.02,41.8,.377049,2,0,0,151.02
2005,6,30,1,1,1106,.01,133,.715213,2,1,0,.01
2005,6,30,1,1,1106,59.82,67,.715213,2,0,0,75.221769
2005,6,30,1,1,1106,61.05,55,.715213,2,0,0,75.221769
2005,6,30,1,1,1106,62.29,55,.715213,2,0,0,75.221769
2005,6,30,1,1,1106,63.52,55,.715213,2,0,0,75.221769
2005,6,30,1,1,1106,75.46,3.8,.715213,2,0,0,75.221769
2005,6,30,2,1,1106,.01,133,.715213,2,1,0,.01
2005,6,30,2,1,1106,59.82,67,.715213,2,0,0,75.221769
2005,6,30,2,1,1106,61.05,55,.715213,2,0,0,75.221769
2005,6,30,2,1,1106,62.29,55,.715213,2,0,0,75.221769
2005,6,30,2,1,1106,63.52,55,.715213,2,0,0,75.221769
2005,6,30,2,1,1106,75.46,3.8,.715213,2,0,0,75.221769
2005,6,30,3,1,1106,.01,133,.715213,2,1,0,.01
2005,6,30,3,1,1106,59.82,67,.715213,2,0,0,75.221769
2005,6,30,3,1,1106,61.05,55,.715213,2,0,0,75.221769
2005,6,30,3,1,1106,62.29,55,.715213,2,0,0,75.221769
2005,6,30,3,1,1106,63.52,55,.715213,2,0,0,75.221769
2005,6,30,3,1,1106,75.46,3.8,.715213,2,0,0,75.221769
2005,6,30,4,1,1106,.01,133,.715213,2,1,0,.01
2005,6,30,4,1,1106,59.82,67,.715213,2,0,0,75.221769
2005,6,30,4,1,1106,61.05,55,.715213,2,0,0,75.221769
2005,6,30,4,1,1106,62.29,55,.715213,2,0,0,75.221769
2005,6,30,4,1,1106,63.52,55,.715213,2,0,0,75.221769
2005,6,30,4,1,1106,75.46,3.8,.715213,2,0,0,75.221769
2005,6,30,5,1,1106,.01,133,.715213,2,1,0,.01
2005,6,30,5,1,1106,59.82,67,.715213,2,0,0,75.221769
2005,6,30,5,1,1106,61.05,55,.715213,2,0,0,75.221769
2005,6,30,5,1,1106,62.29,55,.715213,2,0,0,75.221769
2005,6,30,5,1,1106,63.52,55,.715213,2,0,0,75.221769
2005,6,30,5,1,1106,75.46,3.8,.715213,2,0,0,75.221769
2005,6,30,6,1,1106,.01,133,.715213,2,1,0,.01
2005,6,30,6,1,1106,59.82,67,.715213,2,0,0,75.221769
2005,6,30,6,1,1106,61.05,55,.715213,2,0,0,75.221769
2005,6,30,6,1,1106,62.29,55,.715213,2,0,0,75.221769
2005,6,30,6,1,1106,63.52,55,.715213,2,0,0,75.221769
2005,6,30,6,1,1106,75.46,3.8,.715213,2,0,0,75.221769
2005,6,30,7,1,1106,.01,133,.715213,2,1,0,.01
2005,6,30,7,1,1106,59.82,67,.715213,2,0,0,75.221769
2005,6,30,7,1,1106,61.05,55,.715213,2,0,0,75.221769
2005,6,30,7,1,1106,62.29,55,.715213,2,0,0,75.221769
2005,6,30,7,1,1106,63.52,55,.715213,2,0,0,75.221769
2005,6,30,7,1,1106,75.46,3.8,.715213,2,0,0,75.221769
2005,6,30,8,1,1106,.01,133,.715213,2,1,0,.01
2005,6,30,8,1,1106,59.82,67,.715213,2,0,0,75.221769
2005,6,30,8,1,1106,61.05,55,.715213,2,0,0,75.221769
2005,6,30,8,1,1106,62.29,55,.715213,2,0,0,75.221769
2005,6,30,8,1,1106,63.52,55,.715213,2,0,0,75.221769
2005,6,30,8,1,1106,75.46,3.8,.715213,2,0,0,75.221769
2005,6,30,9,1,1106,.01,133,.715213,2,1,0,.01
2005,6,30,9,1,1106,59.82,67,.715213,2,1,0,75.221769
2005,6,30,9,1,1106,61.05,55,.715213,2,1,0,75.221769
2005,6,30,9,1,1106,62.29,55,.715213,2,1,0,75.221769
2005,6,30,9,1,1106,63.52,55,.715213,2,1,0,75.221769
2005,6,30,9,1,1106,75.46,3.8,.715213,2,0,0,75.221769
2005,6,30,10,1,1106,.01,133,.715213,2,1,0,.01
2005,6,30,10,1,1106,59.82,67,.715213,2,1,0,75.221769
2005,6,30,10,1,1106,61.05,55,.715213,2,1,0,75.221769
2005,6,30,10,1,1106,62.29,55,.715213,2,1,0,75.221769
2005,6,30,10,1,1106,63.52,55,.715213,2,1,0,75.221769
2005,6,30,10,1,1106,75.46,3.8,.715213,2,1,0,75.221769
2005,6,30,11,1,1106,0,133,.715213,2,1,0,0
2005,6,30,11,1,1106,59.82,67,.715213,2,1,0,75.221769
2005,6,30,11,1,1106,61.05,55,.715213,2,1,0,75.221769
2005,6,30,11,1,1106,62.29,55,.715213,2,1,0,75.221769
2005,6,30,11,1,1106,63.52,55,.715213,2,1,0,75.221769
2005,6,30,11,1,1106,75.46,3.8,.715213,2,1,0,75.221769
2005,6,30,12,1,1106,0,133,.715213,2,1,0,0
2005,6,30,12,1,1106,59.82,67,.715213,2,1,0,75.221769
2005,6,30,12,1,1106,61.05,55,.715213,2,1,0,75.221769
2005,6,30,12,1,1106,62.29,55,.715213,2,1,0,75.221769
2005,6,30,12,1,1106,63.52,55,.715213,2,1,0,75.221769
2005,6,30,12,1,1106,75.46,3.8,.715213,2,1,0,75.221769
2005,6,30,13,1,1106,0,133,.715213,2,1,0,0
2005,6,30,13,1,1106,59.82,67,.715213,2,1,0,75.221769
2005,6,30,13,1,1106,61.05,55,.715213,2,1,0,75.221769
2005,6,30,13,1,1106,62.29,55,.715213,2,1,0,75.221769
2005,6,30,13,1,1106,63.52,55,.715213,2,1,0,75.221769
2005,6,30,13,1,1106,75.46,3.8,.715213,2,1,0,75.221769
2005,6,30,14,1,1106,0,133,.715213,2,1,0,0
2005,6,30,14,1,1106,59.82,67,.715213,2,1,0,75.221769
2005,6,30,14,1,1106,61.05,55,.715213,2,1,0,75.221769
2005,6,30,14,1,1106,62.29,55,.715213,2,1,0,75.221769
2005,6,30,14,1,1106,63.52,55,.715213,2,1,0,75.221769
2005,6,30,14,1,1106,75.46,3.8,.715213,2,1,0,75.221769
2005,6,30,15,1,1106,0,133,.715213,2,1,0,0
2005,6,30,15,1,1106,59.82,67,.715213,2,1,0,75.221769
2005,6,30,15,1,1106,61.05,55,.715213,2,1,0,75.221769
2005,6,30,15,1,1106,62.29,55,.715213,2,1,0,75.221769
2005,6,30,15,1,1106,63.52,55,.715213,2,1,0,75.221769
2005,6,30,15,1,1106,75.46,3.8,.715213,2,1,0,75.221769
2005,6,30,16,1,1106,0,133,.715213,2,1,0,0
2005,6,30,16,1,1106,59.82,67,.715213,2,1,0,75.221769
2005,6,30,16,1,1106,61.05,55,.715213,2,1,0,75.221769
2005,6,30,16,1,1106,62.29,55,.715213,2,1,0,75.221769
2005,6,30,16,1,1106,63.52,55,.715213,2,1,0,75.221769
2005,6,30,16,1,1106,75.46,3.8,.715213,2,1,0,75.221769
2005,6,30,17,1,1106,0,133,.715213,2,1,0,0
2005,6,30,17,1,1106,59.82,67,.715213,2,1,0,75.221769
2005,6,30,17,1,1106,61.05,55,.715213,2,1,0,75.221769
2005,6,30,17,1,1106,62.29,55,.715213,2,1,0,75.221769
2005,6,30,17,1,1106,63.52,55,.715213,2,1,0,75.221769
2005,6,30,17,1,1106,75.46,3.8,.715213,2,1,0,75.221769
2005,6,30,18,1,1106,0,133,.715213,2,1,0,0
2005,6,30,18,1,1106,59.82,67,.715213,2,1,0,75.221769
2005,6,30,18,1,1106,61.05,55,.715213,2,1,0,75.221769
2005,6,30,18,1,1106,62.29,55,.715213,2,1,0,75.221769
2005,6,30,18,1,1106,63.52,55,.715213,2,1,0,75.221769
2005,6,30,18,1,1106,75.46,3.8,.715213,2,1,0,75.221769
2005,6,30,19,1,1106,0,133,.715213,2,1,0,0
2005,6,30,19,1,1106,59.82,67,.715213,2,1,0,75.221769
2005,6,30,19,1,1106,61.05,55,.715213,2,1,0,75.221769
2005,6,30,19,1,1106,62.29,55,.715213,2,1,0,75.221769
2005,6,30,19,1,1106,63.52,55,.715213,2,1,0,75.221769
2005,6,30,19,1,1106,75.46,3.8,.715213,2,1,0,75.221769
2005,6,30,20,1,1106,0,133,.715213,2,1,0,0
2005,6,30,20,1,1106,59.82,67,.715213,2,1,0,75.221769
2005,6,30,20,1,1106,61.05,55,.715213,2,1,0,75.221769
2005,6,30,20,1,1106,62.29,55,.715213,2,1,0,75.221769
2005,6,30,20,1,1106,63.52,55,.715213,2,1,0,75.221769
2005,6,30,20,1,1106,75.46,3.8,.715213,2,1,0,75.221769
2005,6,30,21,1,1106,0,133,.715213,2,1,0,0
2005,6,30,21,1,1106,59.82,67,.715213,2,1,0,75.221769
2005,6,30,21,1,1106,61.05,55,.715213,2,1,0,75.221769
2005,6,30,21,1,1106,62.29,26.8,.715213,2,1,0,75.221769
2005,6,30,21,1,1106,63.52,55,.715213,2,0,0,75.221769
2005,6,30,21,1,1106,75.46,3.8,.715213,2,0,0,75.221769
2005,6,30,22,1,1106,0,133,.715213,2,1,0,0
2005,6,30,22,1,1106,59.82,12.1,.715213,2,1,0,75.221769
2005,6,30,22,1,1106,61.05,55,.715213,2,0,0,75.221769
2005,6,30,22,1,1106,62.29,55,.715213,2,0,0,75.221769
2005,6,30,22,1,1106,63.52,55,.715213,2,0,0,75.221769
2005,6,30,22,1,1106,75.46,3.8,.715213,2,0,0,75.221769
2005,6,30,23,1,1106,.01,133,.715213,2,1,0,.01
2005,6,30,23,1,1106,59.82,67,.715213,2,1,0,75.221769
2005,6,30,23,1,1106,61.05,55,.715213,2,0,0,75.221769
2005,6,30,23,1,1106,62.29,55,.715213,2,0,0,75.221769
2005,6,30,23,1,1106,63.52,55,.715213,2,0,0,75.221769
2005,6,30,23,1,1106,75.46,3.8,.715213,2,0,0,75.221769
2005,6,30,24,1,1106,.01,133,.715213,2,1,0,.01
2005,6,30,24,1,1106,59.82,67,.715213,2,0,0,75.221769
2005,6,30,24,1,1106,61.05,55,.715213,2,0,0,75.221769
2005,6,30,24,1,1106,62.29,55,.715213,2,0,0,75.221769
2005,6,30,24,1,1106,63.52,55,.715213,2,0,0,75.221769
2005,6,30,24,1,1106,75.46,3.8,.715213,2,0,0,75.221769
2005,6,30,1,1,1107,.01,130,.715213,2,1,0,.01
2005,6,30,1,1,1107,67.8,70,.715213,2,0,0,71.1157
2005,6,30,1,1,1107,69.03,100,.715213,2,0,0,71.1157
2005,6,30,1,1,1107,70.27,100,.715213,2,0,0,71.1157
2005,6,30,1,1,1107,71.5,100,.715213,2,0,0,71.1157
2005,6,30,1,1,1107,72.74,28.2,.715213,2,0,0,71.1157
2005,6,30,2,1,1107,.01,130,.715213,2,1,0,.01
2005,6,30,2,1,1107,67.8,70,.715213,2,0,0,71.1157
2005,6,30,2,1,1107,69.03,100,.715213,2,0,0,71.1157
2005,6,30,2,1,1107,70.27,100,.715213,2,0,0,71.1157
2005,6,30,2,1,1107,71.5,100,.715213,2,0,0,71.1157
2005,6,30,2,1,1107,72.74,28.2,.715213,2,0,0,71.1157
2005,6,30,3,1,1107,.01,130,.715213,2,1,0,.01
2005,6,30,3,1,1107,67.8,70,.715213,2,0,0,71.1157
2005,6,30,3,1,1107,69.03,100,.715213,2,0,0,71.1157
2005,6,30,3,1,1107,70.27,100,.715213,2,0,0,71.1157
2005,6,30,3,1,1107,71.5,100,.715213,2,0,0,71.1157
2005,6,30,3,1,1107,72.74,28.2,.715213,2,0,0,71.1157
2005,6,30,4,1,1107,.01,130,.715213,2,1,0,.01
2005,6,30,4,1,1107,67.8,70,.715213,2,0,0,71.1157
2005,6,30,4,1,1107,69.03,100,.715213,2,0,0,71.1157
2005,6,30,4,1,1107,70.27,100,.715213,2,0,0,71.1157
2005,6,30,4,1,1107,71.5,100,.715213,2,0,0,71.1157
2005,6,30,4,1,1107,72.74,28.2,.715213,2,0,0,71.1157
2005,6,30,5,1,1107,.01,130,.715213,2,1,0,.01
2005,6,30,5,1,1107,67.8,70,.715213,2,0,0,71.1157
2005,6,30,5,1,1107,69.03,100,.715213,2,0,0,71.1157
2005,6,30,5,1,1107,70.27,100,.715213,2,0,0,71.1157
2005,6,30,5,1,1107,71.5,100,.715213,2,0,0,71.1157
2005,6,30,5,1,1107,72.74,28.2,.715213,2,0,0,71.1157
2005,6,30,6,1,1107,.01,130,.715213,2,1,0,.01
2005,6,30,6,1,1107,67.8,70,.715213,2,0,0,71.1157
2005,6,30,6,1,1107,69.03,100,.715213,2,0,0,71.1157
2005,6,30,6,1,1107,70.27,100,.715213,2,0,0,71.1157
2005,6,30,6,1,1107,71.5,100,.715213,2,0,0,71.1157
2005,6,30,6,1,1107,72.74,28.2,.715213,2,0,0,71.1157
2005,6,30,7,1,1107,.01,130,.715213,2,1,0,.01
2005,6,30,7,1,1107,67.8,70,.715213,2,0,0,71.1157
2005,6,30,7,1,1107,69.03,100,.715213,2,0,0,71.1157
2005,6,30,7,1,1107,70.27,100,.715213,2,0,0,71.1157
2005,6,30,7,1,1107,71.5,100,.715213,2,0,0,71.1157
2005,6,30,7,1,1107,72.74,28.2,.715213,2,0,0,71.1157
2005,6,30,8,1,1107,.01,130,.715213,2,1,0,.01
2005,6,30,8,1,1107,67.8,70,.715213,2,0,0,71.1157
2005,6,30,8,1,1107,69.03,100,.715213,2,0,0,71.1157
2005,6,30,8,1,1107,70.27,100,.715213,2,0,0,71.1157
2005,6,30,8,1,1107,71.5,100,.715213,2,0,0,71.1157
2005,6,30,8,1,1107,72.74,28.2,.715213,2,0,0,71.1157
2005,6,30,9,1,1107,.01,130,.715213,2,1,0,.01
2005,6,30,9,1,1107,67.8,70,.715213,2,1,0,71.1157
2005,6,30,9,1,1107,69.03,100,.715213,2,1,0,71.1157
2005,6,30,9,1,1107,70.27,10.4,.715213,2,1,0,71.1157
2005,6,30,9,1,1107,71.5,100,.715213,2,0,0,71.1157
2005,6,30,9,1,1107,72.74,28.2,.715213,2,0,0,71.1157
2005,6,30,10,1,1107,0,130,.715213,2,1,0,0
2005,6,30,10,1,1107,67.8,70,.715213,2,1,0,71.1157
2005,6,30,10,1,1107,69.03,100,.715213,2,1,0,71.1157
2005,6,30,10,1,1107,70.27,100,.715213,2,1,0,71.1157
2005,6,30,10,1,1107,71.5,100,.715213,2,1,0,71.1157
2005,6,30,10,1,1107,72.74,28.2,.715213,2,1,0,71.1157
2005,6,30,11,1,1107,0,130,.715213,2,1,0,0
2005,6,30,11,1,1107,67.8,70,.715213,2,1,0,71.1157
2005,6,30,11,1,1107,69.03,100,.715213,2,1,0,71.1157
2005,6,30,11,1,1107,70.27,100,.715213,2,1,0,71.1157
2005,6,30,11,1,1107,71.5,100,.715213,2,1,0,71.1157
2005,6,30,11,1,1107,72.74,28.2,.715213,2,1,0,71.1157
2005,6,30,12,1,1107,0,130,.715213,2,1,0,0
2005,6,30,12,1,1107,67.8,70,.715213,2,1,0,71.1157
2005,6,30,12,1,1107,69.03,100,.715213,2,1,0,71.1157
2005,6,30,12,1,1107,70.27,100,.715213,2,1,0,71.1157
2005,6,30,12,1,1107,71.5,100,.715213,2,1,0,71.1157
2005,6,30,12,1,1107,72.74,28.2,.715213,2,1,0,71.1157
2005,6,30,13,1,1107,0,130,.715213,2,1,0,0
2005,6,30,13,1,1107,67.8,70,.715213,2,1,0,71.1157
2005,6,30,13,1,1107,69.03,100,.715213,2,1,0,71.1157
2005,6,30,13,1,1107,70.27,100,.715213,2,1,0,71.1157
2005,6,30,13,1,1107,71.5,100,.715213,2,1,0,71.1157
2005,6,30,13,1,1107,72.74,28.2,.715213,2,1,0,71.1157
2005,6,30,14,1,1107,0,130,.715213,2,1,0,0
2005,6,30,14,1,1107,67.8,70,.715213,2,1,0,71.1157
2005,6,30,14,1,1107,69.03,100,.715213,2,1,0,71.1157
2005,6,30,14,1,1107,70.27,100,.715213,2,1,0,71.1157
2005,6,30,14,1,1107,71.5,100,.715213,2,1,0,71.1157
2005,6,30,14,1,1107,72.74,28.2,.715213,2,1,0,71.1157
2005,6,30,15,1,1107,0,130,.715213,2,1,0,0
2005,6,30,15,1,1107,67.8,70,.715213,2,1,0,71.1157
2005,6,30,15,1,1107,69.03,100,.715213,2,1,0,71.1157
2005,6,30,15,1,1107,70.27,100,.715213,2,1,0,71.1157
2005,6,30,15,1,1107,71.5,100,.715213,2,1,0,71.1157
2005,6,30,15,1,1107,72.74,28.2,.715213,2,1,0,71.1157
2005,6,30,16,1,1107,0,130,.715213,2,1,0,0
2005,6,30,16,1,1107,67.8,70,.715213,2,1,0,71.1157
2005,6,30,16,1,1107,69.03,100,.715213,2,1,0,71.1157
2005,6,30,16,1,1107,70.27,100,.715213,2,1,0,71.1157
2005,6,30,16,1,1107,71.5,100,.715213,2,1,0,71.1157
2005,6,30,16,1,1107,72.74,28.2,.715213,2,1,0,71.1157
2005,6,30,17,1,1107,0,130,.715213,2,1,0,0
2005,6,30,17,1,1107,67.8,70,.715213,2,1,0,71.1157
2005,6,30,17,1,1107,69.03,100,.715213,2,1,0,71.1157
2005,6,30,17,1,1107,70.27,100,.715213,2,1,0,71.1157
2005,6,30,17,1,1107,71.5,100,.715213,2,1,0,71.1157
2005,6,30,17,1,1107,72.74,28.2,.715213,2,1,0,71.1157
2005,6,30,18,1,1107,0,130,.715213,2,1,0,0
2005,6,30,18,1,1107,67.8,70,.715213,2,1,0,71.1157
2005,6,30,18,1,1107,69.03,100,.715213,2,1,0,71.1157
2005,6,30,18,1,1107,70.27,100,.715213,2,1,0,71.1157
2005,6,30,18,1,1107,71.5,100,.715213,2,1,0,71.1157
2005,6,30,18,1,1107,72.74,28.2,.715213,2,1,0,71.1157
2005,6,30,19,1,1107,0,130,.715213,2,1,0,0
2005,6,30,19,1,1107,67.8,70,.715213,2,1,0,71.1157
2005,6,30,19,1,1107,69.03,100,.715213,2,1,0,71.1157
2005,6,30,19,1,1107,70.27,100,.715213,2,1,0,71.1157
2005,6,30,19,1,1107,71.5,100,.715213,2,1,0,71.1157
2005,6,30,19,1,1107,72.74,28.2,.715213,2,1,0,71.1157
2005,6,30,20,1,1107,0,130,.715213,2,1,0,0
2005,6,30,20,1,1107,67.8,70,.715213,2,1,0,71.1157
2005,6,30,20,1,1107,69.03,100,.715213,2,1,0,71.1157
2005,6,30,20,1,1107,70.27,100,.715213,2,1,0,71.1157
2005,6,30,20,1,1107,71.5,100,.715213,2,1,0,71.1157
2005,6,30,20,1,1107,72.74,28.2,.715213,2,1,0,71.1157
2005,6,30,21,1,1107,.01,130,.715213,2,1,0,.01
2005,6,30,21,1,1107,67.8,70,.715213,2,0,0,71.1157
2005,6,30,21,1,1107,69.03,100,.715213,2,0,0,71.1157
2005,6,30,21,1,1107,70.27,100,.715213,2,0,0,71.1157
2005,6,30,21,1,1107,71.5,100,.715213,2,0,0,71.1157
2005,6,30,21,1,1107,72.74,28.2,.715213,2,0,0,71.1157
2005,6,30,22,1,1107,.01,130,.715213,2,1,0,.01
2005,6,30,22,1,1107,67.8,70,.715213,2,0,0,71.1157
2005,6,30,22,1,1107,69.03,100,.715213,2,0,0,71.1157
2005,6,30,22,1,1107,70.27,100,.715213,2,0,0,71.1157
2005,6,30,22,1,1107,71.5,100,.715213,2,0,0,71.1157
2005,6,30,22,1,1107,72.74,28.2,.715213,2,0,0,71.1157
2005,6,30,23,1,1107,.01,130,.715213,2,1,0,.01
2005,6,30,23,1,1107,67.8,70,.715213,2,0,0,71.1157
2005,6,30,23,1,1107,69.03,100,.715213,2,0,0,71.1157
2005,6,30,23,1,1107,70.27,100,.715213,2,0,0,71.1157
2005,6,30,23,1,1107,71.5,100,.715213,2,0,0,71.1157
2005,6,30,23,1,1107,72.74,28.2,.715213,2,0,0,71.1157
2005,6,30,24,1,1107,.01,130,.715213,2,1,0,.01
2005,6,30,24,1,1107,67.8,70,.715213,2,0,0,71.1157
2005,6,30,24,1,1107,69.03,100,.715213,2,0,0,71.1157
2005,6,30,24,1,1107,70.27,100,.715213,2,0,0,71.1157
2005,6,30,24,1,1107,71.5,100,.715213,2,0,0,71.1157
2005,6,30,24,1,1107,72.74,28.2,.715213,2,0,0,71.1157
2005,6,30,1,9,1108,0,230,.371975,2,1,0,0
2005,6,30,1,9,1108,36,50,.371975,2,1,0,43.841865
2005,6,30,1,9,1108,37.6,50,.371975,2,1,0,43.841865
2005,6,30,1,9,1108,39.2,40,.371975,2,1,0,43.841865
2005,6,30,1,9,1108,53.73,6.3,.371975,2,0,0,43.841865
2005,6,30,2,9,1108,0,230,.371975,2,1,0,0
2005,6,30,2,9,1108,36,50,.371975,2,1,0,43.841865
2005,6,30,2,9,1108,37.6,50,.371975,2,1,0,43.841865
2005,6,30,2,9,1108,39.2,40,.371975,2,1,0,43.841865
2005,6,30,2,9,1108,53.73,6.3,.371975,2,0,0,43.841865
2005,6,30,3,9,1108,0,230,.371975,2,1,0,0
2005,6,30,3,9,1108,36,50,.371975,2,1,0,43.841865
2005,6,30,3,9,1108,37.6,50,.371975,2,1,0,43.841865
2005,6,30,3,9,1108,39.2,40,.371975,2,1,0,43.841865
2005,6,30,3,9,1108,53.73,6.3,.371975,2,0,0,43.841865
2005,6,30,4,9,1108,0,230,.371975,2,1,0,0
2005,6,30,4,9,1108,36,50,.371975,2,1,0,43.841865
2005,6,30,4,9,1108,37.6,50,.371975,2,1,0,43.841865
2005,6,30,4,9,1108,39.2,40,.371975,2,0,0,43.841865
2005,6,30,4,9,1108,53.73,6.3,.371975,2,0,0,43.841865
2005,6,30,5,9,1108,0,230,.371975,2,1,0,0
2005,6,30,5,9,1108,36,50,.371975,2,1,0,43.841865
2005,6,30,5,9,1108,37.6,50,.371975,2,1,0,43.841865
2005,6,30,5,9,1108,39.2,40,.371975,2,0,0,43.841865
2005,6,30,5,9,1108,53.73,6.3,.371975,2,0,0,43.841865
2005,6,30,6,9,1108,0,230,.371975,2,1,0,0
2005,6,30,6,9,1108,36,50,.371975,2,1,0,43.841865
2005,6,30,6,9,1108,37.6,50,.371975,2,1,0,43.841865
2005,6,30,6,9,1108,39.2,13.3,.371975,2,1,0,43.841865
2005,6,30,6,9,1108,53.73,6.3,.371975,2,0,0,43.841865
2005,6,30,7,9,1108,0,230,.371975,2,1,0,0
2005,6,30,7,9,1108,36,50,.371975,2,1,0,43.841865
2005,6,30,7,9,1108,37.6,50,.371975,2,1,0,43.841865
2005,6,30,7,9,1108,39.2,40,.371975,2,1,0,43.841865
2005,6,30,7,9,1108,53.73,6.3,.371975,2,0,0,43.841865
2005,6,30,8,9,1108,0,230,.371975,2,1,0,0
2005,6,30,8,9,1108,36,50,.371975,2,1,0,43.841865
2005,6,30,8,9,1108,37.6,50,.371975,2,1,0,43.841865
2005,6,30,8,9,1108,39.2,40,.371975,2,1,0,43.841865
2005,6,30,8,9,1108,53.73,6.3,.371975,2,0,0,43.841865
2005,6,30,9,9,1108,0,230,.371975,2,1,0,0
2005,6,30,9,9,1108,36,50,.371975,2,1,0,43.841865
2005,6,30,9,9,1108,37.6,50,.371975,2,1,0,43.841865
2005,6,30,9,9,1108,39.2,40,.371975,2,1,0,43.841865
2005,6,30,9,9,1108,53.73,6.3,.371975,2,1,0,43.841865
2005,6,30,10,9,1108,0,230,.371975,2,1,0,0
2005,6,30,10,9,1108,36,50,.371975,2,1,0,43.841865
2005,6,30,10,9,1108,37.6,50,.371975,2,1,0,43.841865
2005,6,30,10,9,1108,39.2,40,.371975,2,1,0,43.841865
2005,6,30,10,9,1108,53.73,6.3,.371975,2,1,0,43.841865
2005,6,30,11,9,1108,0,230,.371975,2,1,0,0
2005,6,30,11,9,1108,36,50,.371975,2,1,0,43.841865
2005,6,30,11,9,1108,37.6,50,.371975,2,1,0,43.841865
2005,6,30,11,9,1108,39.2,40,.371975,2,1,0,43.841865
2005,6,30,11,9,1108,53.73,6.3,.371975,2,1,0,43.841865
2005,6,30,12,9,1108,0,230,.371975,2,1,0,0
2005,6,30,12,9,1108,36,50,.371975,2,1,0,43.841865
2005,6,30,12,9,1108,37.6,50,.371975,2,1,0,43.841865
2005,6,30,12,9,1108,39.2,40,.371975,2,1,0,43.841865
2005,6,30,12,9,1108,53.73,6.3,.371975,2,1,0,43.841865
2005,6,30,13,9,1108,0,230,.371975,2,1,0,0
2005,6,30,13,9,1108,36,50,.371975,2,1,0,43.841865
2005,6,30,13,9,1108,37.6,50,.371975,2,1,0,43.841865
2005,6,30,13,9,1108,39.2,40,.371975,2,1,0,43.841865
2005,6,30,13,9,1108,53.73,6.3,.371975,2,1,0,43.841865
2005,6,30,14,9,1108,0,230,.371975,2,1,0,0
2005,6,30,14,9,1108,36,50,.371975,2,1,0,43.841865
2005,6,30,14,9,1108,37.6,50,.371975,2,1,0,43.841865
2005,6,30,14,9,1108,39.2,40,.371975,2,1,0,43.841865
2005,6,30,14,9,1108,53.73,6.3,.371975,2,1,0,43.841865
2005,6,30,15,9,1108,0,230,.371975,2,1,0,0
2005,6,30,15,9,1108,36,50,.371975,2,1,0,43.841865
2005,6,30,15,9,1108,37.6,50,.371975,2,1,0,43.841865
2005,6,30,15,9,1108,39.2,40,.371975,2,1,0,43.841865
2005,6,30,15,9,1108,53.73,6.3,.371975,2,1,0,43.841865
2005,6,30,16,9,1108,0,230,.371975,2,1,0,0
2005,6,30,16,9,1108,36,50,.371975,2,1,0,43.841865
2005,6,30,16,9,1108,37.6,50,.371975,2,1,0,43.841865
2005,6,30,16,9,1108,39.2,40,.371975,2,1,0,43.841865
2005,6,30,16,9,1108,53.73,6.3,.371975,2,1,0,43.841865
2005,6,30,17,9,1108,0,230,.371975,2,1,0,0
2005,6,30,17,9,1108,36,50,.371975,2,1,0,43.841865
2005,6,30,17,9,1108,37.6,50,.371975,2,1,0,43.841865
2005,6,30,17,9,1108,39.2,40,.371975,2,1,0,43.841865
2005,6,30,17,9,1108,53.73,6.3,.371975,2,1,0,43.841865
2005,6,30,18,9,1108,0,230,.371975,2,1,0,0
2005,6,30,18,9,1108,36,50,.371975,2,1,0,43.841865
2005,6,30,18,9,1108,37.6,50,.371975,2,1,0,43.841865
2005,6,30,18,9,1108,39.2,40,.371975,2,1,0,43.841865
2005,6,30,18,9,1108,53.73,6.3,.371975,2,1,0,43.841865
2005,6,30,19,9,1108,0,230,.371975,2,1,0,0
2005,6,30,19,9,1108,36,50,.371975,2,1,0,43.841865
2005,6,30,19,9,1108,37.6,50,.371975,2,1,0,43.841865
2005,6,30,19,9,1108,39.2,40,.371975,2,1,0,43.841865
2005,6,30,19,9,1108,53.73,6.3,.371975,2,1,0,43.841865
2005,6,30,20,9,1108,0,230,.371975,2,1,0,0
2005,6,30,20,9,1108,36,50,.371975,2,1,0,43.841865
2005,6,30,20,9,1108,37.6,50,.371975,2,1,0,43.841865
2005,6,30,20,9,1108,39.2,40,.371975,2,1,0,43.841865
2005,6,30,20,9,1108,53.73,6.3,.371975,2,1,0,43.841865
2005,6,30,21,9,1108,0,230,.371975,2,1,0,0
2005,6,30,21,9,1108,36,50,.371975,2,1,0,43.841865
2005,6,30,21,9,1108,37.6,50,.371975,2,1,0,43.841865
2005,6,30,21,9,1108,39.2,40,.371975,2,1,0,43.841865
2005,6,30,21,9,1108,53.73,6.3,.371975,2,1,0,43.841865
2005,6,30,22,9,1108,0,230,.371975,2,1,0,0
2005,6,30,22,9,1108,36,50,.371975,2,1,0,43.841865
2005,6,30,22,9,1108,37.6,50,.371975,2,1,0,43.841865
2005,6,30,22,9,1108,39.2,40,.371975,2,1,0,43.841865
2005,6,30,22,9,1108,53.73,6.3,.371975,2,1,0,43.841865
2005,6,30,23,9,1108,0,230,.371975,2,1,0,0
2005,6,30,23,9,1108,36,50,.371975,2,1,0,43.841865
2005,6,30,23,9,1108,37.6,50,.371975,2,1,0,43.841865
2005,6,30,23,9,1108,39.2,40,.371975,2,1,0,43.841865
2005,6,30,23,9,1108,53.73,6.3,.371975,2,1,0,43.841865
2005,6,30,24,9,1108,0,230,.371975,2,1,0,0
2005,6,30,24,9,1108,36,50,.371975,2,1,0,43.841865
2005,6,30,24,9,1108,37.6,50,.371975,2,1,0,43.841865
2005,6,30,24,9,1108,39.2,40,.371975,2,1,0,43.841865
2005,6,30,24,9,1108,53.73,6.3,.371975,2,0,0,43.841865
2005,6,30,1,1,246,14.05,136,0,1,0,0,14.05
2005,6,30,1,1,246,15.05,54,0,1,0,0,15.05
2005,6,30,2,1,246,14.05,136,0,1,0,0,14.05
2005,6,30,2,1,246,15.05,54,0,1,0,0,15.05
2005,6,30,3,1,246,14.05,136,0,1,0,0,14.05
2005,6,30,3,1,246,15.05,54,0,1,0,0,15.05
2005,6,30,4,1,246,15.05,54,0,1,0,0,15.05
2005,6,30,4,1,246,44.45,46,0,1,1,0,44.45
2005,6,30,4,1,246,44.55,90,0,1,1,0,44.55
2005,6,30,5,1,246,15.05,54,0,1,0,0,15.05
2005,6,30,5,1,246,44.45,46,0,1,1,0,44.45
2005,6,30,5,1,246,44.55,90,0,1,1,0,44.55
2005,6,30,6,1,246,15.05,54,0,1,0,0,15.05
2005,6,30,6,1,246,44.45,46,0,1,1,0,44.45
2005,6,30,6,1,246,44.55,90,0,1,1,0,44.55
2005,6,30,7,1,246,14.05,136,0,1,0,0,14.05
2005,6,30,7,1,246,15.05,54,0,1,0,0,15.05
2005,6,30,8,1,246,14.05,136,0,1,0,0,14.05
2005,6,30,8,1,246,15.05,54,0,1,0,0,15.05
2005,6,30,9,1,246,14.05,136,0,1,0,0,14.05
2005,6,30,9,1,246,15.05,54,0,1,0,0,15.05
2005,6,30,10,1,246,14.05,136,0,1,0,0,14.05
2005,6,30,10,1,246,15.05,54,0,1,0,0,15.05
2005,6,30,11,1,246,14.05,136,0,1,0,0,14.05
2005,6,30,11,1,246,15.05,54,0,1,0,0,15.05
2005,6,30,12,1,246,14.05,136,0,1,0,0,14.05
2005,6,30,12,1,246,15.05,54,0,1,0,0,15.05
2005,6,30,13,1,246,14.05,136,0,1,0,0,14.05
2005,6,30,13,1,246,15.05,54,0,1,0,0,15.05
2005,6,30,14,1,246,14.05,136,0,1,0,0,14.05
2005,6,30,14,1,246,15.05,54,0,1,0,0,15.05
2005,6,30,15,1,246,14.05,136,0,1,0,0,14.05
2005,6,30,15,1,246,15.05,54,0,1,0,0,15.05
2005,6,30,16,1,246,14.05,136,0,1,0,0,14.05
2005,6,30,16,1,246,15.05,54,0,1,0,0,15.05
2005,6,30,17,1,246,14.05,136,0,1,0,0,14.05
2005,6,30,17,1,246,15.05,54,0,1,0,0,15.05
2005,6,30,18,1,246,14.05,136,0,1,0,0,14.05
2005,6,30,18,1,246,15.05,54,0,1,0,0,15.05
2005,6,30,19,1,246,14.05,136,0,1,0,0,14.05
2005,6,30,19,1,246,15.05,54,0,1,0,0,15.05
2005,6,30,20,1,246,14.05,136,0,1,0,0,14.05
2005,6,30,20,1,246,15.05,54,0,1,0,0,15.05
2005,6,30,21,1,246,14.05,136,0,1,0,0,14.05
2005,6,30,21,1,246,15.05,54,0,1,0,0,15.05
2005,6,30,22,1,246,14.05,136,0,1,0,0,14.05
2005,6,30,22,1,246,15.05,54,0,1,0,0,15.05
2005,6,30,23,1,246,14.05,136,0,1,0,0,14.05
2005,6,30,23,1,246,15.05,54,0,1,0,0,15.05
2005,6,30,24,1,246,14.05,136,0,1,0,0,14.05
2005,6,30,24,1,246,15.05,54,0,1,0,0,15.05
2005,6,30,1,1,247,107.35,71,0,2,0,0,107.35
2005,6,30,1,1,247,108.94,71,0,2,0,0,108.94
2005,6,30,1,1,247,115.11,152,0,2,0,0,115.11
2005,6,30,1,1,247,121.11,152,0,2,0,0,121.11
2005,6,30,1,1,247,123.47,71,0,2,0,0,123.47
2005,6,30,1,1,247,128.05,555,0,2,0,0,128.05
2005,6,30,2,1,247,107.35,71,0,2,0,0,107.35
2005,6,30,2,1,247,108.94,71,0,2,0,0,108.94
2005,6,30,2,1,247,115.11,152,0,2,0,0,115.11
2005,6,30,2,1,247,121.11,152,0,2,0,0,121.11
2005,6,30,2,1,247,123.47,71,0,2,0,0,123.47
2005,6,30,2,1,247,128.05,555,0,2,0,0,128.05
2005,6,30,3,1,247,107.35,71,0,2,0,0,107.35
2005,6,30,3,1,247,108.94,71,0,2,0,0,108.94
2005,6,30,3,1,247,115.11,152,0,2,0,0,115.11
2005,6,30,3,1,247,121.11,152,0,2,0,0,121.11
2005,6,30,3,1,247,123.47,71,0,2,0,0,123.47
2005,6,30,3,1,247,128.05,555,0,2,0,0,128.05
2005,6,30,4,1,247,107.35,71,0,2,0,0,107.35
2005,6,30,4,1,247,108.94,71,0,2,0,0,108.94
2005,6,30,4,1,247,115.11,152,0,2,0,0,115.11
2005,6,30,4,1,247,121.11,152,0,2,0,0,121.11
2005,6,30,4,1,247,123.47,71,0,2,0,0,123.47
2005,6,30,4,1,247,128.05,555,0,2,0,0,128.05
2005,6,30,5,1,247,107.35,71,0,2,0,0,107.35
2005,6,30,5,1,247,108.94,71,0,2,0,0,108.94
2005,6,30,5,1,247,115.11,152,0,2,0,0,115.11
2005,6,30,5,1,247,121.11,152,0,2,0,0,121.11
2005,6,30,5,1,247,123.47,71,0,2,0,0,123.47
2005,6,30,5,1,247,128.05,555,0,2,0,0,128.05
2005,6,30,6,1,247,107.35,71,0,2,0,0,107.35
2005,6,30,6,1,247,108.94,71,0,2,0,0,108.94
2005,6,30,6,1,247,115.11,152,0,2,0,0,115.11
2005,6,30,6,1,247,121.11,152,0,2,0,0,121.11
2005,6,30,6,1,247,123.47,71,0,2,0,0,123.47
2005,6,30,6,1,247,128.05,555,0,2,0,0,128.05
2005,6,30,7,1,247,107.35,71,0,2,0,0,107.35
2005,6,30,7,1,247,108.94,71,0,2,0,0,108.94
2005,6,30,7,1,247,115.11,152,0,2,0,0,115.11
2005,6,30,7,1,247,121.11,152,0,2,0,0,121.11
2005,6,30,7,1,247,123.47,71,0,2,0,0,123.47
2005,6,30,7,1,247,128.05,555,0,2,0,0,128.05
2005,6,30,8,1,247,107.35,71,0,2,0,0,107.35
2005,6,30,8,1,247,108.94,71,0,2,0,0,108.94
2005,6,30,8,1,247,115.11,152,0,2,0,0,115.11
2005,6,30,8,1,247,121.11,152,0,2,0,0,121.11
2005,6,30,8,1,247,123.47,71,0,2,0,0,123.47
2005,6,30,8,1,247,128.05,555,0,2,0,0,128.05
2005,6,30,9,1,247,107.35,71,0,2,0,0,107.35
2005,6,30,9,1,247,108.94,71,0,2,0,0,108.94
2005,6,30,9,1,247,115.11,152,0,2,0,0,115.11
2005,6,30,9,1,247,121.11,152,0,2,0,0,121.11
2005,6,30,9,1,247,123.42,71,0,2,0,0,123.42
2005,6,30,9,1,247,128.05,555,0,2,0,0,128.05
2005,6,30,10,1,247,107.35,71,0,2,0,0,107.35
2005,6,30,10,1,247,108.94,71,0,2,0,0,108.94
2005,6,30,10,1,247,115.11,152,0,2,0,0,115.11
2005,6,30,10,1,247,121.11,152,0,2,0,0,121.11
2005,6,30,10,1,247,123.42,71,0,2,0,0,123.42
2005,6,30,10,1,247,128.05,555,0,2,0,0,128.05
2005,6,30,11,1,247,107.37,71,0,2,0,0,107.37
2005,6,30,11,1,247,108.96,71,0,2,0,0,108.96
2005,6,30,11,1,247,115.13,152,0,2,0,0,115.13
2005,6,30,11,1,247,121.11,152,0,2,0,0,121.11
2005,6,30,11,1,247,128.05,626,0,2,0,0,128.05
2005,6,30,12,1,247,0,72,0,2,1,0,0
2005,6,30,12,1,247,107.37,71,0,2,0,0,107.37
2005,6,30,12,1,247,108.96,71,0,2,0,0,108.96
2005,6,30,12,1,247,115.13,152,0,2,0,0,115.13
2005,6,30,12,1,247,121.11,152,0,2,0,0,121.11
2005,6,30,12,1,247,128.05,554,0,2,0,0,128.05
2005,6,30,13,1,247,0,105,0,2,1,0,0
2005,6,30,13,1,247,107.37,71,0,2,1,0,107.37
2005,6,30,13,1,247,108.96,46,0,2,1,0,108.96
2005,6,30,13,1,247,115.13,152,0,2,0,0,115.13
2005,6,30,13,1,247,121.11,152,0,2,0,0,121.11
2005,6,30,13,1,247,128.05,521,0,2,0,0,128.05
2005,6,30,14,1,247,0,105,0,2,1,0,0
2005,6,30,14,1,247,107.37,71,0,2,0,0,107.37
2005,6,30,14,1,247,108.96,71,0,2,0,0,108.96
2005,6,30,14,1,247,115.13,152,0,2,0,0,115.13
2005,6,30,14,1,247,121.11,152,0,2,0,0,121.11
2005,6,30,14,1,247,128.05,521,0,2,0,0,128.05
2005,6,30,15,1,247,0,105,0,2,1,0,0
2005,6,30,15,1,247,107.37,71,0,2,0,0,107.37
2005,6,30,15,1,247,108.96,71,0,2,0,0,108.96
2005,6,30,15,1,247,115.13,152,0,2,0,0,115.13
2005,6,30,15,1,247,121.11,152,0,2,0,0,121.11
2005,6,30,15,1,247,128.05,521,0,2,0,0,128.05
2005,6,30,16,1,247,0,105,0,2,1,0,0
2005,6,30,16,1,247,107.37,71,0,2,0,0,107.37
2005,6,30,16,1,247,108.96,71,0,2,0,0,108.96
2005,6,30,16,1,247,115.13,152,0,2,0,0,115.13
2005,6,30,16,1,247,121.11,152,0,2,0,0,121.11
2005,6,30,16,1,247,128.05,521,0,2,0,0,128.05
2005,6,30,17,1,247,0,105,0,2,1,0,0
2005,6,30,17,1,247,107.37,71,0,2,0,0,107.37
2005,6,30,17,1,247,108.96,71,0,2,0,0,108.96
2005,6,30,17,1,247,115.13,152,0,2,0,0,115.13
2005,6,30,17,1,247,121.11,152,0,2,0,0,121.11
2005,6,30,17,1,247,128.05,521,0,2,0,0,128.05
2005,6,30,18,1,247,0,175,0,2,1,0,0
2005,6,30,18,1,247,107.37,71,0,2,0,0,107.37
2005,6,30,18,1,247,108.96,71,0,2,0,0,108.96
2005,6,30,18,1,247,115.13,152,0,2,0,0,115.13
2005,6,30,18,1,247,121.11,152,0,2,0,0,121.11
2005,6,30,18,1,247,128.05,451,0,2,0,0,128.05
2005,6,30,19,1,247,0,70,0,2,1,0,0
2005,6,30,19,1,247,107.37,71,0,2,0,0,107.37
2005,6,30,19,1,247,108.96,71,0,2,0,0,108.96
2005,6,30,19,1,247,115.13,152,0,2,0,0,115.13
2005,6,30,19,1,247,121.11,152,0,2,0,0,121.11
2005,6,30,19,1,247,128.05,556,0,2,0,0,128.05
2005,6,30,20,1,247,107.37,71,0,2,0,0,107.37
2005,6,30,20,1,247,108.96,71,0,2,0,0,108.96
2005,6,30,20,1,247,115.13,152,0,2,0,0,115.13
2005,6,30,20,1,247,121.11,152,0,2,0,0,121.11
2005,6,30,20,1,247,128.05,626,0,2,0,0,128.05
2005,6,30,21,1,247,107.35,71,0,2,0,0,107.35
2005,6,30,21,1,247,108.94,71,0,2,0,0,108.94
2005,6,30,21,1,247,115.11,152,0,2,0,0,115.11
2005,6,30,21,1,247,121.11,152,0,2,0,0,121.11
2005,6,30,21,1,247,123.42,71,0,2,0,0,123.42
2005,6,30,21,1,247,128.05,555,0,2,0,0,128.05
2005,6,30,22,1,247,107.35,71,0,2,0,0,107.35
2005,6,30,22,1,247,108.94,71,0,2,0,0,108.94
2005,6,30,22,1,247,115.11,152,0,2,0,0,115.11
2005,6,30,22,1,247,121.11,152,0,2,0,0,121.11
2005,6,30,22,1,247,123.42,71,0,2,0,0,123.42
2005,6,30,22,1,247,128.05,555,0,2,0,0,128.05
2005,6,30,23,1,247,107.35,71,0,2,0,0,107.35
2005,6,30,23,1,247,108.94,71,0,2,0,0,108.94
2005,6,30,23,1,247,115.11,152,0,2,0,0,115.11
2005,6,30,23,1,247,121.11,152,0,2,0,0,121.11
2005,6,30,23,1,247,123.42,71,0,2,0,0,123.42
2005,6,30,23,1,247,128.05,555,0,2,0,0,128.05
2005,6,30,24,1,247,107.35,71,0,2,0,0,107.35
2005,6,30,24,1,247,108.94,71,0,2,0,0,108.94
2005,6,30,24,1,247,115.11,152,0,2,0,0,115.11
2005,6,30,24,1,247,121.11,152,0,2,0,0,121.11
2005,6,30,24,1,247,123.47,71,0,2,0,0,123.47
2005,6,30,24,1,247,128.05,555,0,2,0,0,128.05
2005,6,30,1,3,248,37.21,53,0,1,0,0,37.21
2005,6,30,1,3,248,38.21,53,0,1,0,0,38.21
2005,6,30,2,3,248,37.21,53,0,1,0,0,37.21
2005,6,30,2,3,248,38.21,53,0,1,0,0,38.21
2005,6,30,3,3,248,37.21,53,0,1,0,0,37.21
2005,6,30,3,3,248,38.21,53,0,1,0,0,38.21
2005,6,30,4,3,248,37.21,53,0,1,0,0,37.21
2005,6,30,4,3,248,38.21,53,0,1,1,0,38.21
2005,6,30,5,3,248,37.21,53,0,1,0,0,37.21
2005,6,30,5,3,248,38.21,53,0,1,1,0,38.21
2005,6,30,6,3,248,37.21,53,0,1,0,0,37.21
2005,6,30,6,3,248,38.21,53,0,1,0,0,38.21
2005,6,30,7,3,248,37.21,53,0,1,0,0,37.21
2005,6,30,7,3,248,38.21,53,0,1,0,0,38.21
2005,6,30,8,3,248,33.11,53,0,1,0,0,33.11
2005,6,30,8,3,248,35.21,53,0,1,0,0,35.21
2005,6,30,9,3,248,33.11,53,0,1,0,0,33.11
2005,6,30,9,3,248,35.21,53,0,1,0,0,35.21
2005,6,30,10,3,248,33.11,53,0,1,0,0,33.11
2005,6,30,10,3,248,35.21,53,0,1,0,0,35.21
2005,6,30,11,3,248,33.11,53,0,1,0,0,33.11
2005,6,30,11,3,248,35.21,53,0,1,0,0,35.21
2005,6,30,12,3,248,33.11,53,0,1,0,0,33.11
2005,6,30,12,3,248,35.21,53,0,1,0,0,35.21
2005,6,30,13,3,248,33.11,53,0,1,0,0,33.11
2005,6,30,13,3,248,35.21,53,0,1,0,0,35.21
2005,6,30,14,3,248,33.11,53,0,1,0,0,33.11
2005,6,30,14,3,248,35.21,53,0,1,0,0,35.21
2005,6,30,15,3,248,33.11,53,0,1,0,0,33.11
2005,6,30,15,3,248,35.21,53,0,1,0,0,35.21
2005,6,30,16,3,248,33.11,53,0,1,0,0,33.11
2005,6,30,16,3,248,35.21,53,0,1,0,0,35.21
2005,6,30,17,3,248,33.11,53,0,1,0,0,33.11
2005,6,30,17,3,248,35.21,53,0,1,0,0,35.21
2005,6,30,18,3,248,33.11,53,0,1,0,0,33.11
2005,6,30,18,3,248,35.21,53,0,1,0,0,35.21
2005,6,30,19,3,248,33.11,53,0,1,0,0,33.11
2005,6,30,19,3,248,35.21,53,0,1,0,0,35.21
2005,6,30,20,3,248,33.11,53,0,1,0,0,33.11
2005,6,30,20,3,248,35.21,53,0,1,0,0,35.21
2005,6,30,21,3,248,33.11,53,0,1,0,0,33.11
2005,6,30,21,3,248,35.21,53,0,1,0,0,35.21
2005,6,30,22,3,248,33.11,53,0,1,0,0,33.11
2005,6,30,22,3,248,35.21,53,0,1,0,0,35.21
2005,6,30,23,3,248,33.11,53,0,1,0,0,33.11
2005,6,30,23,3,248,35.21,53,0,1,0,0,35.21
2005,6,30,24,3,248,33.11,53,0,1,0,0,33.11
2005,6,30,24,3,248,35.21,53,0,1,0,0,35.21
2005,6,30,1,7,1109,0,318,.51418,2,1,0,0
2005,6,30,1,7,1109,124.37,82,.51418,2,0,0,124.37
2005,6,30,2,7,1109,0,319,.51418,2,1,0,0
2005,6,30,2,7,1109,124.37,81,.51418,2,0,0,124.37
2005,6,30,3,7,1109,0,321,.51418,2,1,0,0
2005,6,30,3,7,1109,124.37,79,.51418,2,0,0,124.37
2005,6,30,4,7,1109,0,323,.51418,2,1,0,0
2005,6,30,4,7,1109,124.37,77,.51418,2,0,0,124.37
2005,6,30,5,7,1109,0,323,.51418,2,1,0,0
2005,6,30,5,7,1109,124.37,77,.51418,2,0,0,124.37
2005,6,30,6,7,1109,0,323,.51418,2,1,0,0
2005,6,30,6,7,1109,124.37,77,.51418,2,0,0,124.37
2005,6,30,7,7,1109,0,324,.51418,2,1,0,0
2005,6,30,7,7,1109,124.37,76,.51418,2,0,0,124.37
2005,6,30,8,7,1109,0,323,.51418,2,1,0,0
2005,6,30,8,7,1109,124.37,77,.51418,2,0,0,124.37
2005,6,30,9,7,1109,0,319,.51418,2,1,0,0
2005,6,30,9,7,1109,124.37,81,.51418,2,0,0,124.37
2005,6,30,10,7,1109,0,316,.51418,2,1,0,0
2005,6,30,10,7,1109,124.37,84,.51418,2,0,0,124.37
2005,6,30,11,7,1109,0,312,.51418,2,1,0,0
2005,6,30,11,7,1109,124.37,88,.51418,2,0,0,124.37
2005,6,30,12,7,1109,0,313,.51418,2,1,0,0
2005,6,30,12,7,1109,124.37,87,.51418,2,0,0,124.37
2005,6,30,13,7,1109,0,311,.51418,2,1,0,0
2005,6,30,13,7,1109,124.37,89,.51418,2,0,0,124.37
2005,6,30,14,7,1109,0,311,.51418,2,1,0,0
2005,6,30,14,7,1109,124.37,89,.51418,2,0,0,124.37
2005,6,30,15,7,1109,0,308,.51418,2,1,0,0
2005,6,30,15,7,1109,124.37,92,.51418,2,0,0,124.37
2005,6,30,16,7,1109,0,308,.51418,2,1,0,0
2005,6,30,16,7,1109,124.37,92,.51418,2,0,0,124.37
2005,6,30,17,7,1109,0,308,.51418,2,1,0,0
2005,6,30,17,7,1109,124.37,92,.51418,2,0,0,124.37
2005,6,30,18,7,1109,0,309,.51418,2,1,0,0
2005,6,30,18,7,1109,124.37,91,.51418,2,0,0,124.37
2005,6,30,19,7,1109,0,310,.51418,2,1,0,0
2005,6,30,19,7,1109,124.37,90,.51418,2,0,0,124.37
2005,6,30,20,7,1109,0,312,.51418,2,1,0,0
2005,6,30,20,7,1109,124.37,88,.51418,2,0,0,124.37
2005,6,30,21,7,1109,0,315,.51418,2,1,0,0
2005,6,30,21,7,1109,124.37,85,.51418,2,0,0,124.37
2005,6,30,22,7,1109,0,313,.51418,2,1,0,0
2005,6,30,22,7,1109,124.37,87,.51418,2,0,0,124.37
2005,6,30,23,7,1109,0,314,.51418,2,1,0,0
2005,6,30,23,7,1109,124.37,86,.51418,2,0,0,124.37
2005,6,30,24,7,1109,0,316,.51418,2,1,0,0
2005,6,30,24,7,1109,124.37,84,.51418,2,0,0,124.37
2005,6,30,1,2,1110,0,210,.371908,2,1,0,0
2005,6,30,1,2,1110,90.08,152.5,.371908,2,0,0,43.84015
2005,6,30,2,2,1110,0,210,.371908,2,1,0,0
2005,6,30,2,2,1110,90.08,152.5,.371908,2,0,0,43.84015
2005,6,30,3,2,1110,0,210,.371908,2,1,0,0
2005,6,30,3,2,1110,90.08,152.5,.371908,2,0,0,43.84015
2005,6,30,4,2,1110,0,210,.371908,2,1,0,0
2005,6,30,4,2,1110,90.08,152.5,.371908,2,0,0,43.84015
2005,6,30,5,2,1110,0,210,.371908,2,1,0,0
2005,6,30,5,2,1110,90.08,152.5,.371908,2,0,0,43.84015
2005,6,30,6,2,1110,0,210,.371908,2,1,0,0
2005,6,30,6,2,1110,90.08,152.5,.371908,2,0,0,43.84015
2005,6,30,7,2,1110,0,210,.371908,2,1,0,0
2005,6,30,7,2,1110,90.08,152.5,.371908,2,0,0,43.84015
2005,6,30,8,2,1110,0,210,.371908,2,1,0,0
2005,6,30,8,2,1110,90.08,152.5,.371908,2,0,0,43.84015
2005,6,30,9,2,1110,0,350,.371908,2,1,0,0
2005,6,30,9,2,1110,90.08,12.5,.371908,2,0,0,43.84015
2005,6,30,10,2,1110,0,350,.371908,2,1,0,0
2005,6,30,10,2,1110,90.08,12.5,.371908,2,1,0,43.84015
2005,6,30,11,2,1110,0,350,.371908,2,1,0,0
2005,6,30,11,2,1110,90.08,12.5,.371908,2,1,0,43.84015
2005,6,30,12,2,1110,0,350,.371908,2,1,0,0
2005,6,30,12,2,1110,90.08,12.5,.371908,2,1,0,43.84015
2005,6,30,13,2,1110,0,350,.371908,2,1,0,0
2005,6,30,13,2,1110,90.08,12.5,.371908,2,1,0,43.84015
2005,6,30,14,2,1110,0,350,.371908,2,1,0,0
2005,6,30,14,2,1110,90.08,12.5,.371908,2,1,0,43.84015
2005,6,30,15,2,1110,0,350,.371908,2,1,0,0
2005,6,30,15,2,1110,90.08,12.5,.371908,2,1,0,43.84015
2005,6,30,16,2,1110,0,350,.371908,2,1,0,0
2005,6,30,16,2,1110,90.08,12.5,.371908,2,1,0,43.84015
2005,6,30,17,2,1110,0,350,.371908,2,1,0,0
2005,6,30,17,2,1110,90.08,12.5,.371908,2,1,0,43.84015
2005,6,30,18,2,1110,0,350,.371908,2,1,0,0
2005,6,30,18,2,1110,90.08,12.5,.371908,2,1,0,43.84015
2005,6,30,19,2,1110,0,350,.371908,2,1,0,0
2005,6,30,19,2,1110,90.08,12.5,.371908,2,1,0,43.84015
2005,6,30,20,2,1110,0,350,.371908,2,1,0,0
2005,6,30,20,2,1110,90.08,12.5,.371908,2,0,0,43.84015
2005,6,30,21,2,1110,0,350,.371908,2,1,0,0
2005,6,30,21,2,1110,90.08,12.5,.371908,2,0,0,43.84015
2005,6,30,22,2,1110,0,350,.371908,2,1,0,0
2005,6,30,22,2,1110,90.08,12.5,.371908,2,0,0,43.84015
2005,6,30,23,2,1110,0,322,.371908,2,1,0,0
2005,6,30,23,2,1110,90.08,12.5,.371908,2,0,0,43.84015
2005,6,30,24,2,1110,0,210,.371908,2,1,0,0
2005,6,30,24,2,1110,90.08,12.5,.371908,2,0,0,43.84015
2005,6,30,1,9,251,0,23.9,0,2,1,0,0
2005,6,30,2,9,251,0,23.9,0,2,1,0,0
2005,6,30,3,9,251,0,23.9,0,2,1,0,0
2005,6,30,4,9,251,0,23.9,0,2,1,0,0
2005,6,30,5,9,251,0,23.9,0,2,1,0,0
2005,6,30,6,9,251,0,23.9,0,2,1,0,0
2005,6,30,7,9,251,0,23.9,0,2,1,0,0
2005,6,30,8,9,251,0,23.9,0,2,1,0,0
2005,6,30,9,9,251,0,23.9,0,2,1,0,0
2005,6,30,10,9,251,0,23.9,0,2,1,0,0
2005,6,30,11,9,251,0,23.9,0,2,1,0,0
2005,6,30,12,9,251,0,23.9,0,2,1,0,0
2005,6,30,13,9,251,0,23.9,0,2,1,0,0
2005,6,30,14,9,251,0,23.9,0,2,1,0,0
2005,6,30,15,9,251,0,23.9,0,2,1,0,0
2005,6,30,16,9,251,0,23.9,0,2,1,0,0
2005,6,30,17,9,251,0,23.9,0,2,1,0,0
2005,6,30,18,9,251,0,23.9,0,2,1,0,0
2005,6,30,19,9,251,0,23.9,0,2,1,0,0
2005,6,30,20,9,251,0,23.9,0,2,1,0,0
2005,6,30,21,9,251,0,23.9,0,2,1,0,0
2005,6,30,22,9,251,0,23.9,0,2,1,0,0
2005,6,30,23,9,251,0,23.9,0,2,1,0,0
2005,6,30,24,9,251,0,23.9,0,2,1,0,0
2005,6,30,1,2,252,74.5,7.5,0,2,0,0,74.5
2005,6,30,1,2,252,77.84,7.5,0,2,0,0,77.84
2005,6,30,1,2,252,81.19,7.5,0,2,0,0,81.19
2005,6,30,1,2,252,84.53,7.5,0,2,0,0,84.53
2005,6,30,2,2,252,74.5,7.5,0,2,0,0,74.5
2005,6,30,2,2,252,77.84,7.5,0,2,0,0,77.84
2005,6,30,2,2,252,81.19,7.5,0,2,0,0,81.19
2005,6,30,2,2,252,84.53,7.5,0,2,0,0,84.53
2005,6,30,3,2,252,74.5,7.5,0,2,0,0,74.5
2005,6,30,3,2,252,77.84,7.5,0,2,0,0,77.84
2005,6,30,3,2,252,81.19,7.5,0,2,0,0,81.19
2005,6,30,3,2,252,84.53,7.5,0,2,0,0,84.53
2005,6,30,4,2,252,74.5,7.5,0,2,0,0,74.5
2005,6,30,4,2,252,77.84,7.5,0,2,0,0,77.84
2005,6,30,4,2,252,81.19,7.5,0,2,0,0,81.19
2005,6,30,4,2,252,84.53,7.5,0,2,0,0,84.53
2005,6,30,5,2,252,74.5,7.5,0,2,0,0,74.5
2005,6,30,5,2,252,77.84,7.5,0,2,0,0,77.84
2005,6,30,5,2,252,81.19,7.5,0,2,0,0,81.19
2005,6,30,5,2,252,84.53,7.5,0,2,0,0,84.53
2005,6,30,6,2,252,74.5,7.5,0,2,0,0,74.5
2005,6,30,6,2,252,77.84,7.5,0,2,0,0,77.84
2005,6,30,6,2,252,81.19,7.5,0,2,0,0,81.19
2005,6,30,6,2,252,84.53,7.5,0,2,0,0,84.53
2005,6,30,7,2,252,74.5,7.5,0,2,0,0,74.5
2005,6,30,7,2,252,77.84,7.5,0,2,0,0,77.84
2005,6,30,7,2,252,81.19,7.5,0,2,0,0,81.19
2005,6,30,7,2,252,84.53,7.5,0,2,0,0,84.53
2005,6,30,8,2,252,74.5,7.5,0,2,0,0,74.5
2005,6,30,8,2,252,77.84,7.5,0,2,0,0,77.84
2005,6,30,8,2,252,81.19,7.5,0,2,0,0,81.19
2005,6,30,8,2,252,84.53,7.5,0,2,0,0,84.53
2005,6,30,9,2,252,74.5,7.5,0,2,0,0,74.5
2005,6,30,9,2,252,77.84,7.5,0,2,0,0,77.84
2005,6,30,9,2,252,81.19,7.5,0,2,0,0,81.19
2005,6,30,9,2,252,84.53,7.5,0,2,0,0,84.53
2005,6,30,10,2,252,0,9,0,2,1,0,0
2005,6,30,10,2,252,74.51,7.5,0,2,1,0,74.51
2005,6,30,10,2,252,77.85,7.5,0,2,1,0,77.85
2005,6,30,10,2,252,81.2,7.5,0,2,1,0,81.2
2005,6,30,10,2,252,84.54,7.5,0,2,1,0,84.54
2005,6,30,11,2,252,0,9,0,2,1,0,0
2005,6,30,11,2,252,74.51,7.5,0,2,1,0,74.51
2005,6,30,11,2,252,77.85,7.5,0,2,1,0,77.85
2005,6,30,11,2,252,81.2,7.5,0,2,1,0,81.2
2005,6,30,11,2,252,84.54,7.5,0,2,1,0,84.54
2005,6,30,12,2,252,0,9,0,2,1,0,0
2005,6,30,12,2,252,74.51,7.5,0,2,1,0,74.51
2005,6,30,12,2,252,77.85,7.5,0,2,1,0,77.85
2005,6,30,12,2,252,81.2,7.5,0,2,1,0,81.2
2005,6,30,12,2,252,84.54,7.5,0,2,1,0,84.54
2005,6,30,13,2,252,0,9,0,2,1,0,0
2005,6,30,13,2,252,74.51,7.5,0,2,1,0,74.51
2005,6,30,13,2,252,77.85,7.5,0,2,1,0,77.85
2005,6,30,13,2,252,81.2,7.5,0,2,1,0,81.2
2005,6,30,13,2,252,84.54,7.5,0,2,1,0,84.54
2005,6,30,14,2,252,0,9,0,2,1,0,0
2005,6,30,14,2,252,74.51,7.5,0,2,1,0,74.51
2005,6,30,14,2,252,77.85,7.5,0,2,1,0,77.85
2005,6,30,14,2,252,81.2,7.5,0,2,1,0,81.2
2005,6,30,14,2,252,84.54,7.5,0,2,1,0,84.54
2005,6,30,15,2,252,74.5,7.5,0,2,1,0,74.5
2005,6,30,15,2,252,77.84,7.5,0,2,1,0,77.84
2005,6,30,15,2,252,81.19,7.5,0,2,1,0,81.19
2005,6,30,15,2,252,84.53,7.5,0,2,1,0,84.53
2005,6,30,16,2,252,74.5,7.5,0,2,1,0,74.5
2005,6,30,16,2,252,77.84,7.5,0,2,1,0,77.84
2005,6,30,16,2,252,81.19,7.5,0,2,1,0,81.19
2005,6,30,16,2,252,84.53,7.5,0,2,1,0,84.53
2005,6,30,17,2,252,74.5,7.5,0,2,1,0,74.5
2005,6,30,17,2,252,77.84,7.5,0,2,1,0,77.84
2005,6,30,17,2,252,81.19,7.5,0,2,1,0,81.19
2005,6,30,17,2,252,84.53,7.5,0,2,1,0,84.53
2005,6,30,18,2,252,74.5,7.5,0,2,1,0,74.5
2005,6,30,18,2,252,77.84,7.5,0,2,1,0,77.84
2005,6,30,18,2,252,81.19,7.5,0,2,1,0,81.19
2005,6,30,18,2,252,84.53,7.5,0,2,1,0,84.53
2005,6,30,19,2,252,74.5,7.5,0,2,1,0,74.5
2005,6,30,19,2,252,77.84,7.5,0,2,1,0,77.84
2005,6,30,19,2,252,81.19,7.5,0,2,1,0,81.19
2005,6,30,19,2,252,84.53,7.5,0,2,1,0,84.53
2005,6,30,20,2,252,74.5,7.5,0,2,1,0,74.5
2005,6,30,20,2,252,77.84,7.5,0,2,1,0,77.84
2005,6,30,20,2,252,81.19,7.5,0,2,1,0,81.19
2005,6,30,20,2,252,84.53,7.5,0,2,0,0,84.53
2005,6,30,21,2,252,74.5,7.5,0,2,0,0,74.5
2005,6,30,21,2,252,77.84,7.5,0,2,0,0,77.84
2005,6,30,21,2,252,81.19,7.5,0,2,0,0,81.19
2005,6,30,21,2,252,84.53,7.5,0,2,0,0,84.53
2005,6,30,22,2,252,74.5,7.5,0,2,0,0,74.5
2005,6,30,22,2,252,77.84,7.5,0,2,0,0,77.84
2005,6,30,22,2,252,81.19,7.5,0,2,0,0,81.19
2005,6,30,22,2,252,84.53,7.5,0,2,0,0,84.53
2005,6,30,23,2,252,74.5,7.5,0,2,0,0,74.5
2005,6,30,23,2,252,77.84,7.5,0,2,0,0,77.84
2005,6,30,23,2,252,81.19,7.5,0,2,0,0,81.19
2005,6,30,23,2,252,84.53,7.5,0,2,0,0,84.53
2005,6,30,24,2,252,74.5,7.5,0,2,0,0,74.5
2005,6,30,24,2,252,77.84,7.5,0,2,0,0,77.84
2005,6,30,24,2,252,81.19,7.5,0,2,0,0,81.19
2005,6,30,24,2,252,84.53,7.5,0,2,0,0,84.53
2005,6,30,1,2,1111,0,205,.956255,2,1,0,0
2005,6,30,1,2,1111,14.6,130,.956255,2,1,0,45.333539
2005,6,30,1,2,1111,145.02,17.2,.956255,2,0,0,145.02
2005,6,30,2,2,1111,0,205,.956255,2,1,0,0
2005,6,30,2,2,1111,14.6,130,.956255,2,1,0,45.333539
2005,6,30,2,2,1111,145.02,17.2,.956255,2,0,0,145.02
2005,6,30,3,2,1111,0,205,.956255,2,1,0,0
2005,6,30,3,2,1111,14.6,130,.956255,2,1,0,45.333539
2005,6,30,3,2,1111,145.02,17.2,.956255,2,0,0,145.02
2005,6,30,4,2,1111,0,205,.956255,2,1,0,0
2005,6,30,4,2,1111,14.6,130,.956255,2,1,0,45.333539
2005,6,30,4,2,1111,145.02,17.2,.956255,2,0,0,145.02
2005,6,30,5,2,1111,0,205,.956255,2,1,0,0
2005,6,30,5,2,1111,14.6,130,.956255,2,1,0,45.333539
2005,6,30,5,2,1111,145.02,17.2,.956255,2,0,0,145.02
2005,6,30,6,2,1111,0,205,.956255,2,1,0,0
2005,6,30,6,2,1111,14.6,130,.956255,2,1,0,45.333539
2005,6,30,6,2,1111,145.02,17.2,.956255,2,0,0,145.02
2005,6,30,7,2,1111,0,205,.956255,2,1,0,0
2005,6,30,7,2,1111,14.6,130,.956255,2,1,0,45.333539
2005,6,30,7,2,1111,145.02,17.2,.956255,2,0,0,145.02
2005,6,30,8,2,1111,0,205,.956255,2,1,0,0
2005,6,30,8,2,1111,14.6,130,.956255,2,1,0,45.333539
2005,6,30,8,2,1111,145.02,17.2,.956255,2,0,0,145.02
2005,6,30,9,2,1111,0,205,.956255,2,1,0,0
2005,6,30,9,2,1111,14.6,130,.956255,2,1,0,45.333539
2005,6,30,9,2,1111,145.02,17.2,.956255,2,0,0,145.02
2005,6,30,10,2,1111,0,205,.956255,2,1,0,0
2005,6,30,10,2,1111,14.6,130,.956255,2,1,0,45.333539
2005,6,30,10,2,1111,145.02,17.2,.956255,2,0,0,145.02
2005,6,30,11,2,1111,0,205,.956255,2,1,0,0
2005,6,30,11,2,1111,14.6,130,.956255,2,1,0,45.333539
2005,6,30,11,2,1111,145.02,17.2,.956255,2,0,0,145.02
2005,6,30,12,2,1111,0,205,.956255,2,1,0,0
2005,6,30,12,2,1111,14.6,130,.956255,2,1,0,45.333539
2005,6,30,12,2,1111,145.02,17.2,.956255,2,0,0,145.02
2005,6,30,13,2,1111,0,205,.956255,2,1,0,0
2005,6,30,13,2,1111,14.6,130,.956255,2,1,0,45.333539
2005,6,30,13,2,1111,145.02,17.2,.956255,2,0,0,145.02
2005,6,30,14,2,1111,0,205,.956255,2,1,0,0
2005,6,30,14,2,1111,14.6,130,.956255,2,1,0,45.333539
2005,6,30,14,2,1111,145.02,17.2,.956255,2,0,0,145.02
2005,6,30,15,2,1111,0,205,.956255,2,1,0,0
2005,6,30,15,2,1111,14.6,130,.956255,2,1,0,45.333539
2005,6,30,15,2,1111,145.02,17.2,.956255,2,0,0,145.02
2005,6,30,16,2,1111,0,205,.956255,2,1,0,0
2005,6,30,16,2,1111,14.6,130,.956255,2,1,0,45.333539
2005,6,30,16,2,1111,145.02,17.2,.956255,2,0,0,145.02
2005,6,30,17,2,1111,0,205,.956255,2,1,0,0
2005,6,30,17,2,1111,14.6,130,.956255,2,1,0,45.333539
2005,6,30,17,2,1111,145.02,17.2,.956255,2,0,0,145.02
2005,6,30,18,2,1111,0,205,.956255,2,1,0,0
2005,6,30,18,2,1111,14.6,130,.956255,2,1,0,45.333539
2005,6,30,18,2,1111,145.02,17.2,.956255,2,0,0,145.02
2005,6,30,19,2,1111,0,205,.956255,2,1,0,0
2005,6,30,19,2,1111,14.6,130,.956255,2,1,0,45.333539
2005,6,30,19,2,1111,145.02,17.2,.956255,2,0,0,145.02
2005,6,30,20,2,1111,0,205,.956255,2,1,0,0
2005,6,30,20,2,1111,14.6,130,.956255,2,1,0,45.333539
2005,6,30,20,2,1111,145.02,17.2,.956255,2,0,0,145.02
2005,6,30,21,2,1111,0,205,.956255,2,1,0,0
2005,6,30,21,2,1111,14.6,130,.956255,2,1,0,45.333539
2005,6,30,21,2,1111,145.02,17.2,.956255,2,0,0,145.02
2005,6,30,22,2,1111,0,205,.956255,2,1,0,0
2005,6,30,22,2,1111,14.6,130,.956255,2,1,0,45.333539
2005,6,30,22,2,1111,145.02,17.2,.956255,2,0,0,145.02
2005,6,30,23,2,1111,0,205,.956255,2,1,0,0
2005,6,30,23,2,1111,14.6,130,.956255,2,1,0,45.333539
2005,6,30,23,2,1111,145.02,17.2,.956255,2,0,0,145.02
2005,6,30,24,2,1111,0,205,.956255,2,1,0,0
2005,6,30,24,2,1111,14.6,130,.956255,2,1,0,45.333539
2005,6,30,24,2,1111,145.02,17.2,.956255,2,0,0,145.02
2005,6,30,1,2,1112,0,205,.956255,2,1,0,0
2005,6,30,1,2,1112,14.61,130,.956255,2,1,0,45.330073
2005,6,30,1,2,1112,145.02,17.1,.956255,2,0,0,145.02
2005,6,30,2,2,1112,0,205,.956255,2,1,0,0
2005,6,30,2,2,1112,14.61,130,.956255,2,1,0,45.330073
2005,6,30,2,2,1112,145.02,17.1,.956255,2,0,0,145.02
2005,6,30,3,2,1112,0,205,.956255,2,1,0,0
2005,6,30,3,2,1112,14.61,130,.956255,2,1,0,45.330073
2005,6,30,3,2,1112,145.02,17.1,.956255,2,0,0,145.02
2005,6,30,4,2,1112,0,205,.956255,2,1,0,0
2005,6,30,4,2,1112,14.61,130,.956255,2,1,0,45.330073
2005,6,30,4,2,1112,145.02,17.1,.956255,2,0,0,145.02
2005,6,30,5,2,1112,0,205,.956255,2,1,0,0
2005,6,30,5,2,1112,14.61,130,.956255,2,1,0,45.330073
2005,6,30,5,2,1112,145.02,17.1,.956255,2,0,0,145.02
2005,6,30,6,2,1112,0,205,.956255,2,1,0,0
2005,6,30,6,2,1112,14.61,130,.956255,2,1,0,45.330073
2005,6,30,6,2,1112,145.02,17.1,.956255,2,0,0,145.02
2005,6,30,7,2,1112,0,205,.956255,2,1,0,0
2005,6,30,7,2,1112,14.61,130,.956255,2,1,0,45.330073
2005,6,30,7,2,1112,145.02,17.1,.956255,2,0,0,145.02
2005,6,30,8,2,1112,0,205,.956255,2,1,0,0
2005,6,30,8,2,1112,14.61,130,.956255,2,1,0,45.330073
2005,6,30,8,2,1112,145.02,17.1,.956255,2,0,0,145.02
2005,6,30,9,2,1112,0,205,.956255,2,1,0,0
2005,6,30,9,2,1112,14.61,130,.956255,2,1,0,45.330073
2005,6,30,9,2,1112,145.02,17.1,.956255,2,0,0,145.02
2005,6,30,10,2,1112,0,205,.956255,2,1,0,0
2005,6,30,10,2,1112,14.61,130,.956255,2,1,0,45.330073
2005,6,30,10,2,1112,145.02,17.1,.956255,2,0,0,145.02
2005,6,30,11,2,1112,0,205,.956255,2,1,0,0
2005,6,30,11,2,1112,14.61,130,.956255,2,1,0,45.330073
2005,6,30,11,2,1112,145.02,17.1,.956255,2,0,0,145.02
2005,6,30,12,2,1112,0,205,.956255,2,1,0,0
2005,6,30,12,2,1112,14.61,130,.956255,2,1,0,45.330073
2005,6,30,12,2,1112,145.02,17.1,.956255,2,0,0,145.02
2005,6,30,13,2,1112,0,205,.956255,2,1,0,0
2005,6,30,13,2,1112,14.61,130,.956255,2,1,0,45.330073
2005,6,30,13,2,1112,145.02,17.1,.956255,2,0,0,145.02
2005,6,30,14,2,1112,0,205,.956255,2,1,0,0
2005,6,30,14,2,1112,14.61,130,.956255,2,1,0,45.330073
2005,6,30,14,2,1112,145.02,17.1,.956255,2,0,0,145.02
2005,6,30,15,2,1112,0,205,.956255,2,1,0,0
2005,6,30,15,2,1112,14.61,130,.956255,2,1,0,45.330073
2005,6,30,15,2,1112,145.02,17.1,.956255,2,0,0,145.02
2005,6,30,16,2,1112,0,205,.956255,2,1,0,0
2005,6,30,16,2,1112,14.61,130,.956255,2,1,0,45.330073
2005,6,30,16,2,1112,145.02,17.1,.956255,2,0,0,145.02
2005,6,30,17,2,1112,0,205,.956255,2,1,0,0
2005,6,30,17,2,1112,14.61,130,.956255,2,1,0,45.330073
2005,6,30,17,2,1112,145.02,17.1,.956255,2,0,0,145.02
2005,6,30,18,2,1112,0,205,.956255,2,1,0,0
2005,6,30,18,2,1112,14.61,130,.956255,2,1,0,45.330073
2005,6,30,18,2,1112,145.02,17.1,.956255,2,0,0,145.02
2005,6,30,19,2,1112,0,205,.956255,2,1,0,0
2005,6,30,19,2,1112,14.61,130,.956255,2,1,0,45.330073
2005,6,30,19,2,1112,145.02,17.1,.956255,2,0,0,145.02
2005,6,30,20,2,1112,0,205,.956255,2,1,0,0
2005,6,30,20,2,1112,14.61,130,.956255,2,1,0,45.330073
2005,6,30,20,2,1112,145.02,17.1,.956255,2,0,0,145.02
2005,6,30,21,2,1112,0,205,.956255,2,1,0,0
2005,6,30,21,2,1112,14.61,130,.956255,2,1,0,45.330073
2005,6,30,21,2,1112,145.02,17.1,.956255,2,0,0,145.02
2005,6,30,22,2,1112,0,205,.956255,2,1,0,0
2005,6,30,22,2,1112,14.61,130,.956255,2,1,0,45.330073
2005,6,30,22,2,1112,145.02,17.1,.956255,2,0,0,145.02
2005,6,30,23,2,1112,0,205,.956255,2,1,0,0
2005,6,30,23,2,1112,14.61,130,.956255,2,1,0,45.330073
2005,6,30,23,2,1112,145.02,17.1,.956255,2,0,0,145.02
2005,6,30,24,2,1112,0,205,.956255,2,1,0,0
2005,6,30,24,2,1112,14.61,130,.956255,2,1,0,45.330073
2005,6,30,24,2,1112,145.02,17.1,.956255,2,0,0,145.02
2005,6,30,1,2,1113,0,205,.956255,2,1,0,0
2005,6,30,1,2,1113,14.62,130,.956255,2,1,0,45.328686
2005,6,30,1,2,1113,145.02,16.4,.956255,2,0,0,145.02
2005,6,30,2,2,1113,0,205,.956255,2,1,0,0
2005,6,30,2,2,1113,14.62,130,.956255,2,1,0,45.328686
2005,6,30,2,2,1113,145.02,16.4,.956255,2,0,0,145.02
2005,6,30,3,2,1113,0,205,.956255,2,1,0,0
2005,6,30,3,2,1113,14.62,130,.956255,2,1,0,45.328686
2005,6,30,3,2,1113,145.02,16.4,.956255,2,0,0,145.02
2005,6,30,4,2,1113,0,205,.956255,2,1,0,0
2005,6,30,4,2,1113,14.62,130,.956255,2,1,0,45.328686
2005,6,30,4,2,1113,145.02,16.4,.956255,2,0,0,145.02
2005,6,30,5,2,1113,0,205,.956255,2,1,0,0
2005,6,30,5,2,1113,14.62,130,.956255,2,1,0,45.328686
2005,6,30,5,2,1113,145.02,16.4,.956255,2,0,0,145.02
2005,6,30,6,2,1113,0,205,.956255,2,1,0,0
2005,6,30,6,2,1113,14.62,130,.956255,2,1,0,45.328686
2005,6,30,6,2,1113,145.02,16.4,.956255,2,0,0,145.02
2005,6,30,7,2,1113,0,205,.956255,2,1,0,0
2005,6,30,7,2,1113,14.62,130,.956255,2,1,0,45.328686
2005,6,30,7,2,1113,145.02,16.4,.956255,2,0,0,145.02
2005,6,30,8,2,1113,0,205,.956255,2,1,0,0
2005,6,30,8,2,1113,14.62,130,.956255,2,1,0,45.328686
2005,6,30,8,2,1113,145.02,16.4,.956255,2,0,0,145.02
2005,6,30,9,2,1113,0,205,.956255,2,1,0,0
2005,6,30,9,2,1113,14.62,130,.956255,2,1,0,45.328686
2005,6,30,9,2,1113,145.02,16.4,.956255,2,0,0,145.02
2005,6,30,10,2,1113,0,205,.956255,2,1,0,0
2005,6,30,10,2,1113,14.62,130,.956255,2,1,0,45.328686
2005,6,30,10,2,1113,145.02,16.4,.956255,2,0,0,145.02
2005,6,30,11,2,1113,0,205,.956255,2,1,0,0
2005,6,30,11,2,1113,14.62,130,.956255,2,1,0,45.328686
2005,6,30,11,2,1113,145.02,16.4,.956255,2,0,0,145.02
2005,6,30,12,2,1113,0,205,.956255,2,1,0,0
2005,6,30,12,2,1113,14.62,130,.956255,2,1,0,45.328686
2005,6,30,12,2,1113,145.02,16.4,.956255,2,0,0,145.02
2005,6,30,13,2,1113,0,205,.956255,2,1,0,0
2005,6,30,13,2,1113,14.62,130,.956255,2,1,0,45.328686
2005,6,30,13,2,1113,145.02,16.4,.956255,2,0,0,145.02
2005,6,30,14,2,1113,0,205,.956255,2,1,0,0
2005,6,30,14,2,1113,14.62,130,.956255,2,1,0,45.328686
2005,6,30,14,2,1113,145.02,16.4,.956255,2,0,0,145.02
2005,6,30,15,2,1113,0,205,.956255,2,1,0,0
2005,6,30,15,2,1113,14.62,130,.956255,2,1,0,45.328686
2005,6,30,15,2,1113,145.02,16.4,.956255,2,0,0,145.02
2005,6,30,16,2,1113,0,205,.956255,2,1,0,0
2005,6,30,16,2,1113,14.62,130,.956255,2,1,0,45.328686
2005,6,30,16,2,1113,145.02,16.4,.956255,2,0,0,145.02
2005,6,30,17,2,1113,0,205,.956255,2,1,0,0
2005,6,30,17,2,1113,14.62,130,.956255,2,1,0,45.328686
2005,6,30,17,2,1113,145.02,16.4,.956255,2,0,0,145.02
2005,6,30,18,2,1113,0,205,.956255,2,1,0,0
2005,6,30,18,2,1113,14.62,130,.956255,2,1,0,45.328686
2005,6,30,18,2,1113,145.02,16.4,.956255,2,0,0,145.02
2005,6,30,19,2,1113,0,205,.956255,2,1,0,0
2005,6,30,19,2,1113,14.62,130,.956255,2,1,0,45.328686
2005,6,30,19,2,1113,145.02,16.4,.956255,2,0,0,145.02
2005,6,30,20,2,1113,0,205,.956255,2,1,0,0
2005,6,30,20,2,1113,14.62,130,.956255,2,1,0,45.328686
2005,6,30,20,2,1113,145.02,16.4,.956255,2,0,0,145.02
2005,6,30,21,2,1113,0,205,.956255,2,1,0,0
2005,6,30,21,2,1113,14.62,130,.956255,2,1,0,45.328686
2005,6,30,21,2,1113,145.02,16.4,.956255,2,0,0,145.02
2005,6,30,22,2,1113,0,205,.956255,2,1,0,0
2005,6,30,22,2,1113,14.62,130,.956255,2,1,0,45.328686
2005,6,30,22,2,1113,145.02,16.4,.956255,2,0,0,145.02
2005,6,30,23,2,1113,0,205,.956255,2,1,0,0
2005,6,30,23,2,1113,14.62,130,.956255,2,1,0,45.328686
2005,6,30,23,2,1113,145.02,16.4,.956255,2,0,0,145.02
2005,6,30,24,2,1113,0,205,.956255,2,1,0,0
2005,6,30,24,2,1113,14.62,130,.956255,2,1,0,45.328686
2005,6,30,24,2,1113,145.02,16.4,.956255,2,0,0,145.02
2005,6,30,1,2,256,0,19.5,0,2,1,0,0
2005,6,30,1,2,256,74.51,3.8,0,2,0,0,74.51
2005,6,30,1,2,256,77.85,3.8,0,2,0,0,77.85
2005,6,30,1,2,256,81.2,3.8,0,2,0,0,81.2
2005,6,30,1,2,256,84.54,3.8,0,2,0,0,84.54
2005,6,30,2,2,256,0,19.5,0,2,1,0,0
2005,6,30,2,2,256,74.51,3.8,0,2,0,0,74.51
2005,6,30,2,2,256,77.85,3.8,0,2,0,0,77.85
2005,6,30,2,2,256,81.2,3.8,0,2,0,0,81.2
2005,6,30,2,2,256,84.54,3.8,0,2,0,0,84.54
2005,6,30,3,2,256,0,19.5,0,2,1,0,0
2005,6,30,3,2,256,74.51,3.8,0,2,0,0,74.51
2005,6,30,3,2,256,77.85,3.8,0,2,0,0,77.85
2005,6,30,3,2,256,81.2,3.8,0,2,0,0,81.2
2005,6,30,3,2,256,84.54,3.8,0,2,0,0,84.54
2005,6,30,4,2,256,0,19.5,0,2,1,0,0
2005,6,30,4,2,256,74.51,3.8,0,2,0,0,74.51
2005,6,30,4,2,256,77.85,3.8,0,2,0,0,77.85
2005,6,30,4,2,256,81.2,3.8,0,2,0,0,81.2
2005,6,30,4,2,256,84.54,3.8,0,2,0,0,84.54
2005,6,30,5,2,256,0,19.5,0,2,1,0,0
2005,6,30,5,2,256,74.51,3.8,0,2,0,0,74.51
2005,6,30,5,2,256,77.85,3.8,0,2,0,0,77.85
2005,6,30,5,2,256,81.2,3.8,0,2,0,0,81.2
2005,6,30,5,2,256,84.54,3.8,0,2,0,0,84.54
2005,6,30,6,2,256,0,19.5,0,2,1,0,0
2005,6,30,6,2,256,74.51,3.8,0,2,0,0,74.51
2005,6,30,6,2,256,77.85,3.8,0,2,0,0,77.85
2005,6,30,6,2,256,81.2,3.8,0,2,0,0,81.2
2005,6,30,6,2,256,84.54,3.8,0,2,0,0,84.54
2005,6,30,7,2,256,0,19.5,0,2,1,0,0
2005,6,30,7,2,256,74.51,3.8,0,2,0,0,74.51
2005,6,30,7,2,256,77.85,3.8,0,2,0,0,77.85
2005,6,30,7,2,256,81.2,3.8,0,2,0,0,81.2
2005,6,30,7,2,256,84.54,3.8,0,2,0,0,84.54
2005,6,30,8,2,256,0,19.5,0,2,1,0,0
2005,6,30,8,2,256,74.51,3.8,0,2,0,0,74.51
2005,6,30,8,2,256,77.85,3.8,0,2,0,0,77.85
2005,6,30,8,2,256,81.2,3.8,0,2,0,0,81.2
2005,6,30,8,2,256,84.54,3.8,0,2,0,0,84.54
2005,6,30,9,2,256,0,23.5,0,2,1,0,0
2005,6,30,9,2,256,74.51,3.8,0,2,0,0,74.51
2005,6,30,9,2,256,77.85,3.8,0,2,0,0,77.85
2005,6,30,9,2,256,81.2,3.8,0,2,0,0,81.2
2005,6,30,9,2,256,84.54,3.8,0,2,0,0,84.54
2005,6,30,10,2,256,0,23.5,0,2,1,0,0
2005,6,30,10,2,256,74.51,3.8,0,2,1,0,74.51
2005,6,30,10,2,256,77.85,3.8,0,2,1,0,77.85
2005,6,30,10,2,256,81.2,3.8,0,2,1,0,81.2
2005,6,30,10,2,256,84.54,3.8,0,2,1,0,84.54
2005,6,30,11,2,256,0,61.5,0,2,1,0,0
2005,6,30,12,2,256,0,61.5,0,2,1,0,0
2005,6,30,13,2,256,0,61.5,0,2,1,0,0
2005,6,30,14,2,256,0,61.5,0,2,1,0,0
2005,6,30,15,2,256,0,23.5,0,2,1,0,0
2005,6,30,15,2,256,74.51,3.8,0,2,1,0,74.51
2005,6,30,15,2,256,77.85,3.8,0,2,1,0,77.85
2005,6,30,15,2,256,81.2,3.8,0,2,1,0,81.2
2005,6,30,15,2,256,84.54,3.8,0,2,1,0,84.54
2005,6,30,16,2,256,0,23.5,0,2,1,0,0
2005,6,30,16,2,256,74.51,3.8,0,2,1,0,74.51
2005,6,30,16,2,256,77.85,3.8,0,2,1,0,77.85
2005,6,30,16,2,256,81.2,3.8,0,2,1,0,81.2
2005,6,30,16,2,256,84.54,3.8,0,2,1,0,84.54
2005,6,30,17,2,256,0,23.5,0,2,1,0,0
2005,6,30,17,2,256,74.51,3.8,0,2,1,0,74.51
2005,6,30,17,2,256,77.85,3.8,0,2,1,0,77.85
2005,6,30,17,2,256,81.2,3.8,0,2,1,0,81.2
2005,6,30,17,2,256,84.54,3.8,0,2,1,0,84.54
2005,6,30,18,2,256,0,23.5,0,2,1,0,0
2005,6,30,18,2,256,74.51,3.8,0,2,1,0,74.51
2005,6,30,18,2,256,77.85,3.8,0,2,1,0,77.85
2005,6,30,18,2,256,81.2,3.8,0,2,1,0,81.2
2005,6,30,18,2,256,84.54,3.8,0,2,1,0,84.54
2005,6,30,19,2,256,0,23.5,0,2,1,0,0
2005,6,30,19,2,256,74.51,3.8,0,2,1,0,74.51
2005,6,30,19,2,256,77.85,3.8,0,2,1,0,77.85
2005,6,30,19,2,256,81.2,3.8,0,2,1,0,81.2
2005,6,30,19,2,256,84.54,3.8,0,2,1,0,84.54
2005,6,30,20,2,256,0,23.5,0,2,1,0,0
2005,6,30,20,2,256,74.51,3.8,0,2,1,0,74.51
2005,6,30,20,2,256,77.85,3.8,0,2,1,0,77.85
2005,6,30,20,2,256,81.2,3.8,0,2,1,0,81.2
2005,6,30,20,2,256,84.54,3.8,0,2,0,0,84.54
2005,6,30,21,2,256,0,23.5,0,2,1,0,0
2005,6,30,21,2,256,74.51,3.8,0,2,0,0,74.51
2005,6,30,21,2,256,77.85,3.8,0,2,0,0,77.85
2005,6,30,21,2,256,81.2,3.8,0,2,0,0,81.2
2005,6,30,21,2,256,84.54,3.8,0,2,0,0,84.54
2005,6,30,22,2,256,0,23.5,0,2,1,0,0
2005,6,30,22,2,256,74.51,3.8,0,2,0,0,74.51
2005,6,30,22,2,256,77.85,3.8,0,2,0,0,77.85
2005,6,30,22,2,256,81.2,3.8,0,2,0,0,81.2
2005,6,30,22,2,256,84.54,3.8,0,2,0,0,84.54
2005,6,30,23,2,256,0,23.5,0,2,1,0,0
2005,6,30,23,2,256,74.51,3.8,0,2,0,0,74.51
2005,6,30,23,2,256,77.85,3.8,0,2,0,0,77.85
2005,6,30,23,2,256,81.2,3.8,0,2,0,0,81.2
2005,6,30,23,2,256,84.54,3.8,0,2,0,0,84.54
2005,6,30,24,2,256,0,19.5,0,2,1,0,0
2005,6,30,24,2,256,74.51,3.8,0,2,0,0,74.51
2005,6,30,24,2,256,77.85,3.8,0,2,0,0,77.85
2005,6,30,24,2,256,81.2,3.8,0,2,0,0,81.2
2005,6,30,24,2,256,84.54,3.8,0,2,0,0,84.54
2005,6,30,1,2,257,10.98,105,0,1,0,0,10.98
2005,6,30,1,2,257,51.99,105,0,1,1,0,51.99
2005,6,30,1,2,257,52,105,0,1,1,0,52
2005,6,30,2,2,257,10.98,105,0,1,0,0,10.98
2005,6,30,2,2,257,51.99,105,0,1,1,0,51.99
2005,6,30,2,2,257,52,105,0,1,1,0,52
2005,6,30,3,2,257,51.98,105,0,1,1,0,51.98
2005,6,30,3,2,257,51.99,105,0,1,1,0,51.99
2005,6,30,3,2,257,52,105,0,1,1,0,52
2005,6,30,4,2,257,51.98,105,0,1,1,0,51.98
2005,6,30,4,2,257,51.99,105,0,1,1,0,51.99
2005,6,30,4,2,257,52,105,0,1,1,0,52
2005,6,30,5,2,257,51.98,105,0,1,1,0,51.98
2005,6,30,5,2,257,51.99,105,0,1,1,0,51.99
2005,6,30,5,2,257,52,105,0,1,1,0,52
2005,6,30,6,2,257,51.98,105,0,1,1,0,51.98
2005,6,30,6,2,257,51.99,105,0,1,1,0,51.99
2005,6,30,6,2,257,52,105,0,1,1,0,52
2005,6,30,7,2,257,51.98,105,0,1,1,0,51.98
2005,6,30,7,2,257,51.99,105,0,1,1,0,51.99
2005,6,30,7,2,257,52,105,0,1,1,0,52
2005,6,30,8,2,257,10.98,105,0,1,0,0,10.98
2005,6,30,8,2,257,10.99,105,0,1,0,0,10.99
2005,6,30,8,2,257,11,105,0,1,0,0,11
2005,6,30,9,2,257,10.98,105,0,1,0,0,10.98
2005,6,30,9,2,257,10.99,105,0,1,0,0,10.99
2005,6,30,9,2,257,11,105,0,1,0,0,11
2005,6,30,10,2,257,10.98,105,0,1,0,0,10.98
2005,6,30,10,2,257,10.99,105,0,1,0,0,10.99
2005,6,30,10,2,257,11,105,0,1,0,0,11
2005,6,30,11,2,257,10.98,105,0,1,0,0,10.98
2005,6,30,11,2,257,10.99,105,0,1,0,0,10.99
2005,6,30,11,2,257,11,105,0,1,0,0,11
2005,6,30,12,2,257,10.98,105,0,1,0,0,10.98
2005,6,30,12,2,257,10.99,105,0,1,0,0,10.99
2005,6,30,12,2,257,11,105,0,1,0,0,11
2005,6,30,13,2,257,10.98,105,0,1,0,0,10.98
2005,6,30,13,2,257,10.99,105,0,1,0,0,10.99
2005,6,30,13,2,257,11,105,0,1,0,0,11
2005,6,30,14,2,257,10.98,105,0,1,0,0,10.98
2005,6,30,14,2,257,10.99,105,0,1,0,0,10.99
2005,6,30,14,2,257,11,105,0,1,0,0,11
2005,6,30,15,2,257,10.98,105,0,1,0,0,10.98
2005,6,30,15,2,257,10.99,105,0,1,0,0,10.99
2005,6,30,15,2,257,11,105,0,1,0,0,11
2005,6,30,16,2,257,10.98,105,0,1,0,0,10.98
2005,6,30,16,2,257,10.99,105,0,1,0,0,10.99
2005,6,30,16,2,257,11,105,0,1,0,0,11
2005,6,30,17,2,257,10.98,105,0,1,0,0,10.98
2005,6,30,17,2,257,10.99,105,0,1,0,0,10.99
2005,6,30,17,2,257,11,105,0,1,0,0,11
2005,6,30,18,2,257,10.98,105,0,1,0,0,10.98
2005,6,30,18,2,257,10.99,105,0,1,0,0,10.99
2005,6,30,18,2,257,11,105,0,1,0,0,11
2005,6,30,19,2,257,10.98,105,0,1,0,0,10.98
2005,6,30,19,2,257,10.99,105,0,1,0,0,10.99
2005,6,30,19,2,257,11,105,0,1,0,0,11
2005,6,30,20,2,257,10.98,105,0,1,0,0,10.98
2005,6,30,20,2,257,10.99,105,0,1,0,0,10.99
2005,6,30,20,2,257,11,105,0,1,0,0,11
2005,6,30,21,2,257,10.98,105,0,1,0,0,10.98
2005,6,30,21,2,257,10.99,105,0,1,0,0,10.99
2005,6,30,21,2,257,11,105,0,1,0,0,11
2005,6,30,22,2,257,10.98,105,0,1,0,0,10.98
2005,6,30,22,2,257,10.99,105,0,1,0,0,10.99
2005,6,30,22,2,257,11,105,0,1,0,0,11
2005,6,30,23,2,257,10.98,105,0,1,0,0,10.98
2005,6,30,23,2,257,10.99,105,0,1,0,0,10.99
2005,6,30,23,2,257,11,105,0,1,0,0,11
2005,6,30,24,2,257,10.98,105,0,1,0,0,10.98
2005,6,30,24,2,257,10.99,105,0,1,0,0,10.99
2005,6,30,24,2,257,11,105,0,1,0,0,11
2005,6,30,10,2,258,75.53,22.5,0,2,1,0,75.53
2005,6,30,10,2,258,76.08,22.5,0,2,1,0,76.08
2005,6,30,10,2,258,76.63,22.5,0,2,1,0,76.63
2005,6,30,10,2,258,77.18,22.5,0,2,1,0,77.18
2005,6,30,11,2,258,75.53,22.5,0,2,1,0,75.53
2005,6,30,11,2,258,76.08,22.5,0,2,1,0,76.08
2005,6,30,11,2,258,76.63,22.5,0,2,1,0,76.63
2005,6,30,11,2,258,77.18,22.5,0,2,1,0,77.18
2005,6,30,12,2,258,75.7,45,0,2,1,0,75.7
2005,6,30,12,2,258,76.42,45,0,2,1,0,76.42
2005,6,30,12,2,258,77.14,45,0,2,1,0,77.14
2005,6,30,12,2,258,77.86,45,0,2,1,0,77.86
2005,6,30,13,2,258,75.7,45,0,2,1,0,75.7
2005,6,30,13,2,258,76.42,45,0,2,1,0,76.42
2005,6,30,13,2,258,77.14,45,0,2,1,0,77.14
2005,6,30,13,2,258,77.86,45,0,2,1,0,77.86
2005,6,30,14,2,258,75.7,45,0,2,1,0,75.7
2005,6,30,14,2,258,76.42,45,0,2,1,0,76.42
2005,6,30,14,2,258,77.14,45,0,2,1,0,77.14
2005,6,30,14,2,258,77.86,45,0,2,1,0,77.86
2005,6,30,15,2,258,75.7,45,0,2,1,0,75.7
2005,6,30,15,2,258,76.42,45,0,2,1,0,76.42
2005,6,30,15,2,258,77.14,45,0,2,1,0,77.14
2005,6,30,15,2,258,77.86,45,0,2,1,0,77.86
2005,6,30,16,2,258,75.74,45,0,2,1,0,75.74
2005,6,30,16,2,258,76.49,45,0,2,1,0,76.49
2005,6,30,16,2,258,77.24,45,0,2,1,0,77.24
2005,6,30,16,2,258,77.99,45,0,2,1,0,77.99
2005,6,30,17,2,258,75.57,22.5,0,2,1,0,75.57
2005,6,30,17,2,258,76.16,22.5,0,2,1,0,76.16
2005,6,30,17,2,258,76.75,22.5,0,2,1,0,76.75
2005,6,30,17,2,258,77.33,22.5,0,2,1,0,77.33
2005,6,30,1,9,259,0,2,0,2,1,0,0
2005,6,30,2,9,259,0,2,0,2,1,0,0
2005,6,30,3,9,259,0,2,0,2,1,0,0
2005,6,30,4,9,259,0,2,0,2,1,0,0
2005,6,30,5,9,259,0,2,0,2,1,0,0
2005,6,30,6,9,259,0,2,0,2,1,0,0
2005,6,30,7,9,259,0,2,0,2,1,0,0
2005,6,30,8,9,259,0,2,0,2,1,0,0
2005,6,30,9,9,259,0,2,0,2,1,0,0
2005,6,30,10,9,259,0,2,0,2,1,0,0
2005,6,30,11,9,259,0,2,0,2,1,0,0
2005,6,30,12,9,259,0,2,0,2,1,0,0
2005,6,30,13,9,259,0,1.8,0,2,1,0,0
2005,6,30,14,9,259,0,1.8,0,2,1,0,0
2005,6,30,15,9,259,0,1.8,0,2,1,0,0
2005,6,30,16,9,259,0,1.8,0,2,1,0,0
2005,6,30,17,9,259,0,1.8,0,2,1,0,0
2005,6,30,18,9,259,0,1.8,0,2,1,0,0
2005,6,30,19,9,259,0,1.8,0,2,1,0,0
2005,6,30,20,9,259,0,2,0,2,1,0,0
2005,6,30,21,9,259,0,2,0,2,1,0,0
2005,6,30,22,9,259,0,2,0,2,1,0,0
2005,6,30,23,9,259,0,2,0,2,1,0,0
2005,6,30,24,9,259,0,2,0,2,1,0,0
2005,6,30,1,9,260,0,22.6,0,2,1,0,0
2005,6,30,2,9,260,0,22.6,0,2,1,0,0
2005,6,30,3,9,260,0,22.6,0,2,1,0,0
2005,6,30,4,9,260,0,22.6,0,2,1,0,0
2005,6,30,5,9,260,0,22.6,0,2,1,0,0
2005,6,30,6,9,260,0,22.6,0,2,1,0,0
2005,6,30,7,9,260,0,22.6,0,2,1,0,0
2005,6,30,8,9,260,0,24.1,0,2,1,0,0
2005,6,30,9,9,260,0,24.2,0,2,1,0,0
2005,6,30,10,9,260,0,24.4,0,2,1,0,0
2005,6,30,11,9,260,0,24.4,0,2,1,0,0
2005,6,30,12,9,260,0,24.2,0,2,1,0,0
2005,6,30,13,9,260,0,24,0,2,1,0,0
2005,6,30,14,9,260,0,23.3,0,2,1,0,0
2005,6,30,15,9,260,0,22.6,0,2,1,0,0
2005,6,30,16,9,260,0,22.4,0,2,1,0,0
2005,6,30,17,9,260,0,21.6,0,2,1,0,0
2005,6,30,18,9,260,0,21.8,0,2,1,0,0
2005,6,30,19,9,260,0,22,0,2,1,0,0
2005,6,30,20,9,260,0,22.1,0,2,1,0,0
2005,6,30,21,9,260,0,22.1,0,2,1,0,0
2005,6,30,22,9,260,0,22.1,0,2,1,0,0
2005,6,30,23,9,260,0,22.3,0,2,1,0,0
2005,6,30,24,9,260,0,22.3,0,2,1,0,0
2005,6,30,1,1,261,0,483.1,0,2,1,0,0
2005,6,30,1,1,261,130,8.5,0,2,0,0,130
2005,6,30,2,1,261,0,483.1,0,2,1,0,0
2005,6,30,2,1,261,130,8.5,0,2,0,0,130
2005,6,30,3,1,261,0,483.1,0,2,1,0,0
2005,6,30,3,1,261,130,8.5,0,2,0,0,130
2005,6,30,4,1,261,0,483.1,0,2,1,0,0
2005,6,30,4,1,261,130,8.5,0,2,0,0,130
2005,6,30,5,1,261,0,483.1,0,2,1,0,0
2005,6,30,5,1,261,130,8.5,0,2,0,0,130
2005,6,30,6,1,261,0,483.1,0,2,1,0,0
2005,6,30,6,1,261,130,8.5,0,2,0,0,130
2005,6,30,7,1,261,0,483.1,0,2,1,0,0
2005,6,30,7,1,261,130,8.5,0,2,0,0,130
2005,6,30,8,1,261,0,483.1,0,2,1,0,0
2005,6,30,8,1,261,130,8.5,0,2,0,0,130
2005,6,30,9,1,261,0,483.1,0,2,1,0,0
2005,6,30,9,1,261,130,8.5,0,2,0,0,130
2005,6,30,10,1,261,0,483.1,0,2,1,0,0
2005,6,30,10,1,261,130,8.5,0,2,0,0,130
2005,6,30,11,1,261,0,483.1,0,2,1,0,0
2005,6,30,11,1,261,130,8.5,0,2,0,0,130
2005,6,30,12,1,261,0,483.1,0,2,1,0,0
2005,6,30,12,1,261,130,8.5,0,2,0,0,130
2005,6,30,13,1,261,0,483.1,0,2,1,0,0
2005,6,30,13,1,261,130,8.5,0,2,0,0,130
2005,6,30,14,1,261,0,483.1,0,2,1,0,0
2005,6,30,14,1,261,130,8.5,0,2,0,0,130
2005,6,30,15,1,261,0,483.1,0,2,1,0,0
2005,6,30,15,1,261,130,8.5,0,2,0,0,130
2005,6,30,16,1,261,0,483.1,0,2,1,0,0
2005,6,30,16,1,261,130,8.5,0,2,0,0,130
2005,6,30,17,1,261,0,483.1,0,2,1,0,0
2005,6,30,17,1,261,130,8.5,0,2,0,0,130
2005,6,30,18,1,261,0,483.1,0,2,1,0,0
2005,6,30,18,1,261,130,8.5,0,2,0,0,130
2005,6,30,19,1,261,0,483.1,0,2,1,0,0
2005,6,30,19,1,261,130,8.5,0,2,0,0,130
2005,6,30,20,1,261,0,483.1,0,2,1,0,0
2005,6,30,20,1,261,130,8.5,0,2,0,0,130
2005,6,30,21,1,261,0,483.1,0,2,1,0,0
2005,6,30,21,1,261,130,8.5,0,2,0,0,130
2005,6,30,22,1,261,0,483.1,0,2,1,0,0
2005,6,30,22,1,261,130,8.5,0,2,0,0,130
2005,6,30,23,1,261,0,483.1,0,2,1,0,0
2005,6,30,23,1,261,130,8.5,0,2,0,0,130
2005,6,30,24,1,261,0,483.1,0,2,1,0,0
2005,6,30,24,1,261,130,8.5,0,2,0,0,130
2005,6,30,1,2,261,0,9.9,0,2,1,0,0
2005,6,30,1,2,261,130,.2,0,2,0,0,130
2005,6,30,2,2,261,0,9.9,0,2,1,0,0
2005,6,30,2,2,261,130,.2,0,2,0,0,130
2005,6,30,3,2,261,0,9.9,0,2,1,0,0
2005,6,30,3,2,261,130,.2,0,2,0,0,130
2005,6,30,4,2,261,0,9.9,0,2,1,0,0
2005,6,30,4,2,261,130,.2,0,2,0,0,130
2005,6,30,5,2,261,0,9.9,0,2,1,0,0
2005,6,30,5,2,261,130,.2,0,2,0,0,130
2005,6,30,6,2,261,0,9.9,0,2,1,0,0
2005,6,30,6,2,261,130,.2,0,2,0,0,130
2005,6,30,7,2,261,0,9.9,0,2,1,0,0
2005,6,30,7,2,261,130,.2,0,2,0,0,130
2005,6,30,8,2,261,0,9.9,0,2,1,0,0
2005,6,30,8,2,261,130,.2,0,2,0,0,130
2005,6,30,9,2,261,0,9.9,0,2,1,0,0
2005,6,30,9,2,261,130,.2,0,2,0,0,130
2005,6,30,10,2,261,0,9.9,0,2,1,0,0
2005,6,30,10,2,261,130,.2,0,2,0,0,130
2005,6,30,11,2,261,0,9.9,0,2,1,0,0
2005,6,30,11,2,261,130,.2,0,2,0,0,130
2005,6,30,12,2,261,0,9.9,0,2,1,0,0
2005,6,30,12,2,261,130,.2,0,2,0,0,130
2005,6,30,13,2,261,0,9.9,0,2,1,0,0
2005,6,30,13,2,261,130,.2,0,2,0,0,130
2005,6,30,14,2,261,0,9.9,0,2,1,0,0
2005,6,30,14,2,261,130,.2,0,2,0,0,130
2005,6,30,15,2,261,0,9.9,0,2,1,0,0
2005,6,30,15,2,261,130,.2,0,2,0,0,130
2005,6,30,16,2,261,0,9.9,0,2,1,0,0
2005,6,30,16,2,261,130,.2,0,2,0,0,130
2005,6,30,17,2,261,0,9.9,0,2,1,0,0
2005,6,30,17,2,261,130,.2,0,2,0,0,130
2005,6,30,18,2,261,0,9.9,0,2,1,0,0
2005,6,30,18,2,261,130,.2,0,2,0,0,130
2005,6,30,19,2,261,0,9.9,0,2,1,0,0
2005,6,30,19,2,261,130,.2,0,2,0,0,130
2005,6,30,20,2,261,0,9.9,0,2,1,0,0
2005,6,30,20,2,261,130,.2,0,2,0,0,130
2005,6,30,21,2,261,0,9.9,0,2,1,0,0
2005,6,30,21,2,261,130,.2,0,2,0,0,130
2005,6,30,22,2,261,0,9.9,0,2,1,0,0
2005,6,30,22,2,261,130,.2,0,2,0,0,130
2005,6,30,23,2,261,0,9.9,0,2,1,0,0
2005,6,30,23,2,261,130,.2,0,2,0,0,130
2005,6,30,24,2,261,0,9.9,0,2,1,0,0
2005,6,30,24,2,261,130,.2,0,2,0,0,130
2005,6,30,1,3,261,0,152.8,0,2,1,0,0
2005,6,30,1,3,261,130,2.7,0,2,0,0,130
2005,6,30,2,3,261,0,152.8,0,2,1,0,0
2005,6,30,2,3,261,130,2.7,0,2,0,0,130
2005,6,30,3,3,261,0,152.8,0,2,1,0,0
2005,6,30,3,3,261,130,2.7,0,2,0,0,130
2005,6,30,4,3,261,0,152.8,0,2,1,0,0
2005,6,30,4,3,261,130,2.7,0,2,0,0,130
2005,6,30,5,3,261,0,152.8,0,2,1,0,0
2005,6,30,5,3,261,130,2.7,0,2,0,0,130
2005,6,30,6,3,261,0,152.8,0,2,1,0,0
2005,6,30,6,3,261,130,2.7,0,2,0,0,130
2005,6,30,7,3,261,0,152.8,0,2,1,0,0
2005,6,30,7,3,261,130,2.7,0,2,0,0,130
2005,6,30,8,3,261,0,152.8,0,2,1,0,0
2005,6,30,8,3,261,130,2.7,0,2,0,0,130
2005,6,30,9,3,261,0,152.8,0,2,1,0,0
2005,6,30,9,3,261,130,2.7,0,2,0,0,130
2005,6,30,10,3,261,0,152.8,0,2,1,0,0
2005,6,30,10,3,261,130,2.7,0,2,0,0,130
2005,6,30,11,3,261,0,152.8,0,2,1,0,0
2005,6,30,11,3,261,130,2.7,0,2,0,0,130
2005,6,30,12,3,261,0,152.8,0,2,1,0,0
2005,6,30,12,3,261,130,2.7,0,2,0,0,130
2005,6,30,13,3,261,0,152.8,0,2,1,0,0
2005,6,30,13,3,261,130,2.7,0,2,0,0,130
2005,6,30,14,3,261,0,152.8,0,2,1,0,0
2005,6,30,14,3,261,130,2.7,0,2,0,0,130
2005,6,30,15,3,261,0,152.8,0,2,1,0,0
2005,6,30,15,3,261,130,2.7,0,2,0,0,130
2005,6,30,16,3,261,0,152.8,0,2,1,0,0
2005,6,30,16,3,261,130,2.7,0,2,0,0,130
2005,6,30,17,3,261,0,152.8,0,2,1,0,0
2005,6,30,17,3,261,130,2.7,0,2,0,0,130
2005,6,30,18,3,261,0,152.8,0,2,1,0,0
2005,6,30,18,3,261,130,2.7,0,2,0,0,130
2005,6,30,19,3,261,0,152.8,0,2,1,0,0
2005,6,30,19,3,261,130,2.7,0,2,0,0,130
2005,6,30,20,3,261,0,152.8,0,2,1,0,0
2005,6,30,20,3,261,130,2.7,0,2,0,0,130
2005,6,30,21,3,261,0,152.8,0,2,1,0,0
2005,6,30,21,3,261,130,2.7,0,2,0,0,130
2005,6,30,22,3,261,0,152.8,0,2,1,0,0
2005,6,30,22,3,261,130,2.7,0,2,0,0,130
2005,6,30,23,3,261,0,152.8,0,2,1,0,0
2005,6,30,23,3,261,130,2.7,0,2,0,0,130
2005,6,30,24,3,261,0,152.8,0,2,1,0,0
2005,6,30,24,3,261,130,2.7,0,2,0,0,130
2005,6,30,1,4,261,0,340.2,0,2,1,0,0
2005,6,30,1,4,261,130,6,0,2,0,0,130
2005,6,30,2,4,261,0,340.2,0,2,1,0,0
2005,6,30,2,4,261,130,6,0,2,0,0,130
2005,6,30,3,4,261,0,340.2,0,2,1,0,0
2005,6,30,3,4,261,130,6,0,2,0,0,130
2005,6,30,4,4,261,0,340.2,0,2,1,0,0
2005,6,30,4,4,261,130,6,0,2,0,0,130
2005,6,30,5,4,261,0,340.2,0,2,1,0,0
2005,6,30,5,4,261,130,6,0,2,0,0,130
2005,6,30,6,4,261,0,340.2,0,2,1,0,0
2005,6,30,6,4,261,130,6,0,2,0,0,130
2005,6,30,7,4,261,0,340.2,0,2,1,0,0
2005,6,30,7,4,261,130,6,0,2,0,0,130
2005,6,30,8,4,261,0,340.2,0,2,1,0,0
2005,6,30,8,4,261,130,6,0,2,0,0,130
2005,6,30,9,4,261,0,340.2,0,2,1,0,0
2005,6,30,9,4,261,130,6,0,2,0,0,130
2005,6,30,10,4,261,0,340.2,0,2,1,0,0
2005,6,30,10,4,261,130,6,0,2,0,0,130
2005,6,30,11,4,261,0,340.2,0,2,1,0,0
2005,6,30,11,4,261,130,6,0,2,0,0,130
2005,6,30,12,4,261,0,340.2,0,2,1,0,0
2005,6,30,12,4,261,130,6,0,2,0,0,130
2005,6,30,13,4,261,0,340.2,0,2,1,0,0
2005,6,30,13,4,261,130,6,0,2,0,0,130
2005,6,30,14,4,261,0,340.2,0,2,1,0,0
2005,6,30,14,4,261,130,6,0,2,0,0,130
2005,6,30,15,4,261,0,340.2,0,2,1,0,0
2005,6,30,15,4,261,130,6,0,2,0,0,130
2005,6,30,16,4,261,0,340.2,0,2,1,0,0
2005,6,30,16,4,261,130,6,0,2,0,0,130
2005,6,30,17,4,261,0,340.2,0,2,1,0,0
2005,6,30,17,4,261,130,6,0,2,0,0,130
2005,6,30,18,4,261,0,340.2,0,2,1,0,0
2005,6,30,18,4,261,130,6,0,2,0,0,130
2005,6,30,19,4,261,0,340.2,0,2,1,0,0
2005,6,30,19,4,261,130,6,0,2,0,0,130
2005,6,30,20,4,261,0,340.2,0,2,1,0,0
2005,6,30,20,4,261,130,6,0,2,0,0,130
2005,6,30,21,4,261,0,340.2,0,2,1,0,0
2005,6,30,21,4,261,130,6,0,2,0,0,130
2005,6,30,22,4,261,0,340.2,0,2,1,0,0
2005,6,30,22,4,261,130,6,0,2,0,0,130
2005,6,30,23,4,261,0,340.2,0,2,1,0,0
2005,6,30,23,4,261,130,6,0,2,0,0,130
2005,6,30,24,4,261,0,340.2,0,2,1,0,0
2005,6,30,24,4,261,130,6,0,2,0,0,130
2005,6,30,1,9,262,60,6.3,0,2,0,0,60
2005,6,30,2,9,262,60,6.3,0,2,0,0,60
2005,6,30,3,9,262,60,6.3,0,2,0,0,60
2005,6,30,4,9,262,60,6.3,0,2,0,0,60
2005,6,30,5,9,262,60,6.3,0,2,0,0,60
2005,6,30,6,9,262,60,6.3,0,2,0,0,60
2005,6,30,7,9,262,60,6.3,0,2,0,0,60
2005,6,30,8,9,262,60,6.3,0,2,0,0,60
2005,6,30,9,9,262,0,6.3,0,2,1,0,0
2005,6,30,10,9,262,0,6.3,0,2,1,0,0
2005,6,30,11,9,262,0,6.3,0,2,1,0,0
2005,6,30,12,9,262,0,6.3,0,2,1,0,0
2005,6,30,13,9,262,0,6.3,0,2,1,0,0
2005,6,30,14,9,262,0,6.3,0,2,1,0,0
2005,6,30,15,9,262,0,6.3,0,2,1,0,0
2005,6,30,16,9,262,0,6.3,0,2,1,0,0
2005,6,30,17,9,262,0,6.3,0,2,1,0,0
2005,6,30,18,9,262,0,6.3,0,2,1,0,0
2005,6,30,19,9,262,0,6.3,0,2,1,0,0
2005,6,30,20,9,262,0,6.3,0,2,1,0,0
2005,6,30,21,9,262,0,6.3,0,2,1,0,0
2005,6,30,22,9,262,0,6.3,0,2,1,0,0
2005,6,30,23,9,262,0,6.3,0,2,1,0,0
2005,6,30,24,9,262,0,6.3,0,2,1,0,0
2005,6,30,1,5,263,10,52,0,1,0,0,10
2005,6,30,1,5,263,20,52,0,1,0,0,20
2005,6,30,1,5,263,30,52,0,1,0,0,30
2005,6,30,1,5,263,35,52,0,1,0,0,35
2005,6,30,2,5,263,10,52,0,1,0,0,10
2005,6,30,2,5,263,20,52,0,1,0,0,20
2005,6,30,2,5,263,30,52,0,1,0,0,30
2005,6,30,2,5,263,35,52,0,1,0,0,35
2005,6,30,3,5,263,10,52,0,1,0,0,10
2005,6,30,3,5,263,20,52,0,1,0,0,20
2005,6,30,3,5,263,30,52,0,1,0,0,30
2005,6,30,3,5,263,35,52,0,1,0,0,35
2005,6,30,4,5,263,10,52,0,1,0,0,10
2005,6,30,4,5,263,20,52,0,1,0,0,20
2005,6,30,4,5,263,30,52,0,1,0,0,30
2005,6,30,4,5,263,35,52,0,1,0,0,35
2005,6,30,5,5,263,10,52,0,1,0,0,10
2005,6,30,5,5,263,20,52,0,1,0,0,20
2005,6,30,5,5,263,30,52,0,1,0,0,30
2005,6,30,5,5,263,35,52,0,1,0,0,35
2005,6,30,6,5,263,10,52,0,1,0,0,10
2005,6,30,6,5,263,20,52,0,1,0,0,20
2005,6,30,6,5,263,30,52,0,1,0,0,30
2005,6,30,6,5,263,35,52,0,1,0,0,35
2005,6,30,7,5,263,10,52,0,1,0,0,10
2005,6,30,7,5,263,20,52,0,1,0,0,20
2005,6,30,7,5,263,30,52,0,1,0,0,30
2005,6,30,7,5,263,35,52,0,1,0,0,35
2005,6,30,8,5,263,10,52,0,1,0,0,10
2005,6,30,8,5,263,20,52,0,1,0,0,20
2005,6,30,8,5,263,30,52,0,1,0,0,30
2005,6,30,8,5,263,35,52,0,1,0,0,35
2005,6,30,9,5,263,10,52,0,1,0,0,10
2005,6,30,9,5,263,20,52,0,1,0,0,20
2005,6,30,9,5,263,30,52,0,1,0,0,30
2005,6,30,9,5,263,35,52,0,1,0,0,35
2005,6,30,10,5,263,10,52,0,1,0,0,10
2005,6,30,10,5,263,20,52,0,1,0,0,20
2005,6,30,10,5,263,30,52,0,1,0,0,30
2005,6,30,10,5,263,35,52,0,1,0,0,35
2005,6,30,11,5,263,30,52,0,1,0,0,30
2005,6,30,11,5,263,38,52,0,1,0,0,38
2005,6,30,11,5,263,40,52,0,1,0,0,40
2005,6,30,11,5,263,45,52,0,1,0,0,45
2005,6,30,12,5,263,30,52,0,1,0,0,30
2005,6,30,12,5,263,38,52,0,1,0,0,38
2005,6,30,12,5,263,40,52,0,1,0,0,40
2005,6,30,12,5,263,45,52,0,1,0,0,45
2005,6,30,13,5,263,30,52,0,1,0,0,30
2005,6,30,13,5,263,38,52,0,1,0,0,38
2005,6,30,13,5,263,40,52,0,1,0,0,40
2005,6,30,13,5,263,45,52,0,1,0,0,45
2005,6,30,14,5,263,30,52,0,1,0,0,30
2005,6,30,14,5,263,38,52,0,1,0,0,38
2005,6,30,14,5,263,40,52,0,1,0,0,40
2005,6,30,14,5,263,45,52,0,1,0,0,45
2005,6,30,15,5,263,30,52,0,1,0,0,30
2005,6,30,15,5,263,38,52,0,1,0,0,38
2005,6,30,15,5,263,40,52,0,1,0,0,40
2005,6,30,15,5,263,45,52,0,1,0,0,45
2005,6,30,16,5,263,30,52,0,1,0,0,30
2005,6,30,16,5,263,38,52,0,1,0,0,38
2005,6,30,16,5,263,40,52,0,1,0,0,40
2005,6,30,16,5,263,45,52,0,1,0,0,45
2005,6,30,17,5,263,30,52,0,1,0,0,30
2005,6,30,17,5,263,38,52,0,1,0,0,38
2005,6,30,17,5,263,40,52,0,1,0,0,40
2005,6,30,17,5,263,45,52,0,1,0,0,45
2005,6,30,18,5,263,30,52,0,1,0,0,30
2005,6,30,18,5,263,38,52,0,1,0,0,38
2005,6,30,18,5,263,40,52,0,1,0,0,40
2005,6,30,18,5,263,45,52,0,1,0,0,45
2005,6,30,19,5,263,30,52,0,1,0,0,30
2005,6,30,19,5,263,38,52,0,1,0,0,38
2005,6,30,19,5,263,40,52,0,1,0,0,40
2005,6,30,19,5,263,45,52,0,1,0,0,45
2005,6,30,20,5,263,30,52,0,1,0,0,30
2005,6,30,20,5,263,38,52,0,1,0,0,38
2005,6,30,20,5,263,40,52,0,1,0,0,40
2005,6,30,20,5,263,45,52,0,1,0,0,45
2005,6,30,21,5,263,30,52,0,1,0,0,30
2005,6,30,21,5,263,38,52,0,1,0,0,38
2005,6,30,21,5,263,40,52,0,1,0,0,40
2005,6,30,21,5,263,45,52,0,1,0,0,45
2005,6,30,22,5,263,30,52,0,1,0,0,30
2005,6,30,22,5,263,38,52,0,1,0,0,38
2005,6,30,22,5,263,40,52,0,1,0,0,40
2005,6,30,22,5,263,45,52,0,1,0,0,45
2005,6,30,23,5,263,30,52,0,1,0,0,30
2005,6,30,23,5,263,38,52,0,1,0,0,38
2005,6,30,23,5,263,40,52,0,1,0,0,40
2005,6,30,23,5,263,45,52,0,1,0,0,45
2005,6,30,24,5,263,10,52,0,1,0,0,10
2005,6,30,24,5,263,20,52,0,1,0,0,20
2005,6,30,24,5,263,30,52,0,1,0,0,30
2005,6,30,24,5,263,45,52,0,1,0,0,45
2005,6,30,1,5,264,120,45,0,2,0,0,120
2005,6,30,1,5,264,130,45,0,2,0,0,130
2005,6,30,1,5,264,140,45,0,2,0,0,140
2005,6,30,1,5,264,150,45,0,2,0,0,150
2005,6,30,2,5,264,120,45,0,2,0,0,120
2005,6,30,2,5,264,130,45,0,2,0,0,130
2005,6,30,2,5,264,140,45,0,2,0,0,140
2005,6,30,2,5,264,150,45,0,2,0,0,150
2005,6,30,3,5,264,120,45,0,2,0,0,120
2005,6,30,3,5,264,130,45,0,2,0,0,130
2005,6,30,3,5,264,140,45,0,2,0,0,140
2005,6,30,3,5,264,150,45,0,2,0,0,150
2005,6,30,4,5,264,120,45,0,2,0,0,120
2005,6,30,4,5,264,130,45,0,2,0,0,130
2005,6,30,4,5,264,140,45,0,2,0,0,140
2005,6,30,4,5,264,150,45,0,2,0,0,150
2005,6,30,5,5,264,120,45,0,2,0,0,120
2005,6,30,5,5,264,130,45,0,2,0,0,130
2005,6,30,5,5,264,140,45,0,2,0,0,140
2005,6,30,5,5,264,150,45,0,2,0,0,150
2005,6,30,6,5,264,120,45,0,2,0,0,120
2005,6,30,6,5,264,130,45,0,2,0,0,130
2005,6,30,6,5,264,140,45,0,2,0,0,140
2005,6,30,6,5,264,150,45,0,2,0,0,150
2005,6,30,7,5,264,120,45,0,2,0,0,120
2005,6,30,7,5,264,130,45,0,2,0,0,130
2005,6,30,7,5,264,140,45,0,2,0,0,140
2005,6,30,7,5,264,150,45,0,2,0,0,150
2005,6,30,8,5,264,120,45,0,2,0,0,120
2005,6,30,8,5,264,130,45,0,2,0,0,130
2005,6,30,8,5,264,140,45,0,2,0,0,140
2005,6,30,8,5,264,150,45,0,2,0,0,150
2005,6,30,9,5,264,120,45,0,2,0,0,120
2005,6,30,9,5,264,130,45,0,2,0,0,130
2005,6,30,9,5,264,140,45,0,2,0,0,140
2005,6,30,9,5,264,150,45,0,2,0,0,150
2005,6,30,10,5,264,120,45,0,2,0,0,120
2005,6,30,10,5,264,130,45,0,2,0,0,130
2005,6,30,10,5,264,140,45,0,2,0,0,140
2005,6,30,10,5,264,150,45,0,2,0,0,150
2005,6,30,11,5,264,120,45,0,2,0,0,120
2005,6,30,11,5,264,130,45,0,2,0,0,130
2005,6,30,11,5,264,140,45,0,2,0,0,140
2005,6,30,11,5,264,150,45,0,2,0,0,150
2005,6,30,12,5,264,120,45,0,2,0,0,120
2005,6,30,12,5,264,130,45,0,2,0,0,130
2005,6,30,12,5,264,140,45,0,2,0,0,140
2005,6,30,12,5,264,150,45,0,2,0,0,150
2005,6,30,13,5,264,120,45,0,2,0,0,120
2005,6,30,13,5,264,130,45,0,2,0,0,130
2005,6,30,13,5,264,140,45,0,2,0,0,140
2005,6,30,13,5,264,150,45,0,2,0,0,150
2005,6,30,14,5,264,120,45,0,2,0,0,120
2005,6,30,14,5,264,130,45,0,2,0,0,130
2005,6,30,14,5,264,140,45,0,2,0,0,140
2005,6,30,14,5,264,150,45,0,2,0,0,150
2005,6,30,15,5,264,120,45,0,2,0,0,120
2005,6,30,15,5,264,130,45,0,2,0,0,130
2005,6,30,15,5,264,140,45,0,2,0,0,140
2005,6,30,15,5,264,150,45,0,2,0,0,150
2005,6,30,16,5,264,120,45,0,2,0,0,120
2005,6,30,16,5,264,130,45,0,2,0,0,130
2005,6,30,16,5,264,140,45,0,2,0,0,140
2005,6,30,16,5,264,150,45,0,2,0,0,150
2005,6,30,17,5,264,120,45,0,2,0,0,120
2005,6,30,17,5,264,130,45,0,2,0,0,130
2005,6,30,17,5,264,140,45,0,2,0,0,140
2005,6,30,17,5,264,150,45,0,2,0,0,150
2005,6,30,18,5,264,120,45,0,2,0,0,120
2005,6,30,18,5,264,130,45,0,2,0,0,130
2005,6,30,18,5,264,140,45,0,2,0,0,140
2005,6,30,18,5,264,150,45,0,2,0,0,150
2005,6,30,19,5,264,120,45,0,2,0,0,120
2005,6,30,19,5,264,130,45,0,2,0,0,130
2005,6,30,19,5,264,140,45,0,2,0,0,140
2005,6,30,19,5,264,150,45,0,2,0,0,150
2005,6,30,20,5,264,120,45,0,2,0,0,120
2005,6,30,20,5,264,130,45,0,2,0,0,130
2005,6,30,20,5,264,140,45,0,2,0,0,140
2005,6,30,20,5,264,150,45,0,2,0,0,150
2005,6,30,21,5,264,120,45,0,2,0,0,120
2005,6,30,21,5,264,130,45,0,2,0,0,130
2005,6,30,21,5,264,140,45,0,2,0,0,140
2005,6,30,21,5,264,150,45,0,2,0,0,150
2005,6,30,22,5,264,120,45,0,2,0,0,120
2005,6,30,22,5,264,130,45,0,2,0,0,130
2005,6,30,22,5,264,140,45,0,2,0,0,140
2005,6,30,22,5,264,150,45,0,2,0,0,150
2005,6,30,23,5,264,120,45,0,2,0,0,120
2005,6,30,23,5,264,130,45,0,2,0,0,130
2005,6,30,23,5,264,140,45,0,2,0,0,140
2005,6,30,23,5,264,150,45,0,2,0,0,150
2005,6,30,24,5,264,120,45,0,2,0,0,120
2005,6,30,24,5,264,130,45,0,2,0,0,130
2005,6,30,24,5,264,140,45,0,2,0,0,140
2005,6,30,24,5,264,150,45,0,2,0,0,150
2005,6,30,1,5,265,.01,1,0,1,0,0,.01
2005,6,30,1,9,266,180.3,2369,0,1,1,0,180.3
2005,6,30,2,9,266,180.3,2098,0,1,1,0,180.3
2005,6,30,3,9,266,180.3,1963,0,1,1,0,180.3
2005,6,30,4,9,266,180.3,1924,0,1,1,0,180.3
2005,6,30,5,9,266,180.3,1910,0,1,1,0,180.3
2005,6,30,6,9,266,180.3,1921,0,1,1,0,180.3
2005,6,30,7,9,266,180.3,1954,0,1,1,0,180.3
2005,6,30,8,9,266,180.3,1966,0,1,1,0,180.3
2005,6,30,9,9,266,180.3,1807,0,1,1,0,180.3
2005,6,30,10,9,266,180.3,1959,0,1,1,0,180.3
2005,6,30,11,9,266,180.3,2017,0,1,1,0,180.3
2005,6,30,12,9,266,180.3,2144,0,1,1,0,180.3
2005,6,30,13,9,266,180.3,2272,0,1,1,0,180.3
2005,6,30,14,9,266,180.3,2454,0,1,1,0,180.3
2005,6,30,15,9,266,180.3,2575,0,1,1,0,180.3
2005,6,30,16,9,266,180.3,2611,0,1,1,0,180.3
2005,6,30,17,9,266,180.3,2673,0,1,1,0,180.3
2005,6,30,18,9,266,180.3,2719,0,1,1,0,180.3
2005,6,30,19,9,266,180.3,2690,0,1,1,0,180.3
2005,6,30,20,9,266,180.3,2519,0,1,1,0,180.3
2005,6,30,21,9,266,180.3,2395,0,1,1,0,180.3
2005,6,30,22,9,266,180.3,2407,0,1,1,0,180.3
2005,6,30,23,9,266,180.3,2630,0,1,1,0,180.3
2005,6,30,24,9,266,180.3,2572,0,1,1,0,180.3
2005,6,30,1,5,267,0,41,0,2,1,0,0
2005,6,30,1,5,267,110.01,10,0,2,0,0,110.01
2005,6,30,1,5,267,120.01,20,0,2,0,0,120.01
2005,6,30,1,5,267,147.51,10,0,2,0,0,147.51
2005,6,30,1,5,267,150.01,32,0,2,0,0,150.01
2005,6,30,1,5,267,155.01,45,0,2,0,0,155.01
2005,6,30,1,5,267,160.01,20,0,2,0,0,160.01
2005,6,30,1,5,267,170.01,16,0,2,0,0,170.01
2005,6,30,1,5,267,180.3,10,0,2,0,0,180.3
2005,6,30,2,5,267,0,41,0,2,1,0,0
2005,6,30,2,5,267,110.01,10,0,2,0,0,110.01
2005,6,30,2,5,267,120.01,20,0,2,0,0,120.01
2005,6,30,2,5,267,147.51,10,0,2,0,0,147.51
2005,6,30,2,5,267,150.01,32,0,2,0,0,150.01
2005,6,30,2,5,267,155.01,45,0,2,0,0,155.01
2005,6,30,2,5,267,160.01,20,0,2,0,0,160.01
2005,6,30,2,5,267,170.01,16,0,2,0,0,170.01
2005,6,30,2,5,267,180.3,10,0,2,0,0,180.3
2005,6,30,3,5,267,0,41,0,2,1,0,0
2005,6,30,3,5,267,110.01,10,0,2,0,0,110.01
2005,6,30,3,5,267,120.01,20,0,2,0,0,120.01
2005,6,30,3,5,267,147.51,10,0,2,0,0,147.51
2005,6,30,3,5,267,150.01,32,0,2,0,0,150.01
2005,6,30,3,5,267,155.01,45,0,2,0,0,155.01
2005,6,30,3,5,267,160.01,20,0,2,0,0,160.01
2005,6,30,3,5,267,170.01,16,0,2,0,0,170.01
2005,6,30,3,5,267,180.3,10,0,2,0,0,180.3
2005,6,30,4,5,267,0,41,0,2,1,0,0
2005,6,30,4,5,267,110.01,10,0,2,0,0,110.01
2005,6,30,4,5,267,120.01,20,0,2,0,0,120.01
2005,6,30,4,5,267,147.51,10,0,2,0,0,147.51
2005,6,30,4,5,267,150.01,32,0,2,0,0,150.01
2005,6,30,4,5,267,155.01,45,0,2,0,0,155.01
2005,6,30,4,5,267,160.01,20,0,2,0,0,160.01
2005,6,30,4,5,267,170.01,16,0,2,0,0,170.01
2005,6,30,4,5,267,180.3,10,0,2,0,0,180.3
2005,6,30,5,5,267,0,41,0,2,1,0,0
2005,6,30,5,5,267,110.01,10,0,2,0,0,110.01
2005,6,30,5,5,267,120.01,20,0,2,0,0,120.01
2005,6,30,5,5,267,147.51,10,0,2,0,0,147.51
2005,6,30,5,5,267,150.01,32,0,2,0,0,150.01
2005,6,30,5,5,267,155.01,45,0,2,0,0,155.01
2005,6,30,5,5,267,160.01,20,0,2,0,0,160.01
2005,6,30,5,5,267,170.01,16,0,2,0,0,170.01
2005,6,30,5,5,267,180.3,10,0,2,0,0,180.3
2005,6,30,6,5,267,0,41,0,2,1,0,0
2005,6,30,6,5,267,110.01,10,0,2,0,0,110.01
2005,6,30,6,5,267,120.01,20,0,2,0,0,120.01
2005,6,30,6,5,267,147.51,10,0,2,0,0,147.51
2005,6,30,6,5,267,150.01,32,0,2,0,0,150.01
2005,6,30,6,5,267,155.01,45,0,2,0,0,155.01
2005,6,30,6,5,267,160.01,20,0,2,0,0,160.01
2005,6,30,6,5,267,170.01,16,0,2,0,0,170.01
2005,6,30,6,5,267,180.3,10,0,2,0,0,180.3
2005,6,30,7,5,267,0,41,0,2,1,0,0
2005,6,30,7,5,267,110.01,10,0,2,0,0,110.01
2005,6,30,7,5,267,120.01,20,0,2,0,0,120.01
2005,6,30,7,5,267,147.51,10,0,2,0,0,147.51
2005,6,30,7,5,267,150.01,32,0,2,0,0,150.01
2005,6,30,7,5,267,155.01,45,0,2,0,0,155.01
2005,6,30,7,5,267,160.01,20,0,2,0,0,160.01
2005,6,30,7,5,267,170.01,16,0,2,0,0,170.01
2005,6,30,7,5,267,180.3,10,0,2,0,0,180.3
2005,6,30,8,5,267,0,41,0,2,1,0,0
2005,6,30,8,5,267,110.01,10,0,2,0,0,110.01
2005,6,30,8,5,267,120.01,20,0,2,0,0,120.01
2005,6,30,8,5,267,147.51,10,0,2,0,0,147.51
2005,6,30,8,5,267,150.01,32,0,2,0,0,150.01
2005,6,30,8,5,267,155.01,45,0,2,0,0,155.01
2005,6,30,8,5,267,160.01,20,0,2,0,0,160.01
2005,6,30,8,5,267,170.01,16,0,2,0,0,170.01
2005,6,30,8,5,267,180.3,10,0,2,0,0,180.3
2005,6,30,9,5,267,0,41,0,2,1,0,0
2005,6,30,9,5,267,110.01,10,0,2,0,0,110.01
2005,6,30,9,5,267,120.01,20,0,2,0,0,120.01
2005,6,30,9,5,267,135.01,13,0,2,0,0,135.01
2005,6,30,9,5,267,147.51,10,0,2,0,0,147.51
2005,6,30,9,5,267,150.01,32,0,2,0,0,150.01
2005,6,30,9,5,267,155.01,45,0,2,0,0,155.01
2005,6,30,9,5,267,160.01,20,0,2,0,0,160.01
2005,6,30,9,5,267,170.01,16,0,2,0,0,170.01
2005,6,30,9,5,267,180.3,10,0,2,0,0,180.3
2005,6,30,10,5,267,0,41,0,2,1,0,0
2005,6,30,10,5,267,110.01,10,0,2,0,0,110.01
2005,6,30,10,5,267,120.01,20,0,2,0,0,120.01
2005,6,30,10,5,267,135.01,13,0,2,0,0,135.01
2005,6,30,10,5,267,147.51,10,0,2,0,0,147.51
2005,6,30,10,5,267,150.01,32,0,2,0,0,150.01
2005,6,30,10,5,267,155.01,45,0,2,0,0,155.01
2005,6,30,10,5,267,160.01,20,0,2,0,0,160.01
2005,6,30,10,5,267,170.01,16,0,2,0,0,170.01
2005,6,30,10,5,267,180.3,10,0,2,0,0,180.3
2005,6,30,11,5,267,0,41,0,2,1,0,0
2005,6,30,11,5,267,110.01,10,0,2,0,0,110.01
2005,6,30,11,5,267,120.01,20,0,2,0,0,120.01
2005,6,30,11,5,267,135.01,13,0,2,0,0,135.01
2005,6,30,11,5,267,147.51,10,0,2,0,0,147.51
2005,6,30,11,5,267,150.01,32,0,2,0,0,150.01
2005,6,30,11,5,267,155.01,45,0,2,0,0,155.01
2005,6,30,11,5,267,160.01,20,0,2,0,0,160.01
2005,6,30,11,5,267,170.01,16,0,2,0,0,170.01
2005,6,30,11,5,267,180.3,10,0,2,0,0,180.3
2005,6,30,12,5,267,0,41,0,2,1,0,0
2005,6,30,12,5,267,110.01,10,0,2,0,0,110.01
2005,6,30,12,5,267,115.01,9,0,2,0,0,115.01
2005,6,30,12,5,267,120.01,20,0,2,0,0,120.01
2005,6,30,12,5,267,135.01,17,0,2,0,0,135.01
2005,6,30,12,5,267,147.51,10,0,2,0,0,147.51
2005,6,30,12,5,267,150.01,32,0,2,0,0,150.01
2005,6,30,12,5,267,155.01,45,0,2,0,0,155.01
2005,6,30,12,5,267,160.01,20,0,2,0,0,160.01
2005,6,30,12,5,267,170.01,16,0,2,0,0,170.01
2005,6,30,12,5,267,180.3,10,0,2,0,0,180.3
2005,6,30,13,5,267,0,41,0,2,1,0,0
2005,6,30,13,5,267,110.01,10,0,2,0,0,110.01
2005,6,30,13,5,267,115.01,9,0,2,0,0,115.01
2005,6,30,13,5,267,120.01,20,0,2,0,0,120.01
2005,6,30,13,5,267,135.01,17,0,2,0,0,135.01
2005,6,30,13,5,267,147.51,10,0,2,0,0,147.51
2005,6,30,13,5,267,150.01,32,0,2,0,0,150.01
2005,6,30,13,5,267,155.01,45,0,2,0,0,155.01
2005,6,30,13,5,267,160.01,20,0,2,0,0,160.01
2005,6,30,13,5,267,170.01,16,0,2,0,0,170.01
2005,6,30,13,5,267,180.3,10,0,2,0,0,180.3
2005,6,30,14,5,267,0,41,0,2,1,0,0
2005,6,30,14,5,267,110.01,10,0,2,0,0,110.01
2005,6,30,14,5,267,115.01,9,0,2,0,0,115.01
2005,6,30,14,5,267,120.01,20,0,2,0,0,120.01
2005,6,30,14,5,267,135.01,17,0,2,0,0,135.01
2005,6,30,14,5,267,147.51,10,0,2,0,0,147.51
2005,6,30,14,5,267,150.01,32,0,2,0,0,150.01
2005,6,30,14,5,267,155.01,45,0,2,0,0,155.01
2005,6,30,14,5,267,160.01,20,0,2,0,0,160.01
2005,6,30,14,5,267,170.01,16,0,2,0,0,170.01
2005,6,30,14,5,267,180.3,10,0,2,0,0,180.3
2005,6,30,15,5,267,0,41,0,2,1,0,0
2005,6,30,15,5,267,110.01,10,0,2,0,0,110.01
2005,6,30,15,5,267,120.01,20,0,2,0,0,120.01
2005,6,30,15,5,267,135.01,13,0,2,0,0,135.01
2005,6,30,15,5,267,147.51,10,0,2,0,0,147.51
2005,6,30,15,5,267,150.01,32,0,2,0,0,150.01
2005,6,30,15,5,267,155.01,45,0,2,0,0,155.01
2005,6,30,15,5,267,160.01,20,0,2,0,0,160.01
2005,6,30,15,5,267,170.01,16,0,2,0,0,170.01
2005,6,30,15,5,267,180.3,10,0,2,0,0,180.3
2005,6,30,16,5,267,0,41,0,2,1,0,0
2005,6,30,16,5,267,110.01,10,0,2,0,0,110.01
2005,6,30,16,5,267,120.01,20,0,2,0,0,120.01
2005,6,30,16,5,267,135.01,13,0,2,0,0,135.01
2005,6,30,16,5,267,147.51,10,0,2,0,0,147.51
2005,6,30,16,5,267,150.01,32,0,2,0,0,150.01
2005,6,30,16,5,267,155.01,45,0,2,0,0,155.01
2005,6,30,16,5,267,160.01,20,0,2,0,0,160.01
2005,6,30,16,5,267,170.01,16,0,2,0,0,170.01
2005,6,30,16,5,267,180.3,10,0,2,0,0,180.3
2005,6,30,17,5,267,0,41,0,2,1,0,0
2005,6,30,17,5,267,110.01,10,0,2,0,0,110.01
2005,6,30,17,5,267,115.01,9,0,2,0,0,115.01
2005,6,30,17,5,267,120.01,20,0,2,0,0,120.01
2005,6,30,17,5,267,135.01,17,0,2,0,0,135.01
2005,6,30,17,5,267,147.51,10,0,2,0,0,147.51
2005,6,30,17,5,267,150.01,32,0,2,0,0,150.01
2005,6,30,17,5,267,155.01,45,0,2,0,0,155.01
2005,6,30,17,5,267,160.01,20,0,2,0,0,160.01
2005,6,30,17,5,267,170.01,16,0,2,0,0,170.01
2005,6,30,17,5,267,180.3,10,0,2,0,0,180.3
2005,6,30,18,5,267,0,41,0,2,1,0,0
2005,6,30,18,5,267,110.01,10,0,2,0,0,110.01
2005,6,30,18,5,267,115.01,9,0,2,0,0,115.01
2005,6,30,18,5,267,120.01,20,0,2,0,0,120.01
2005,6,30,18,5,267,135.01,17,0,2,0,0,135.01
2005,6,30,18,5,267,147.51,10,0,2,0,0,147.51
2005,6,30,18,5,267,150.01,32,0,2,0,0,150.01
2005,6,30,18,5,267,155.01,45,0,2,0,0,155.01
2005,6,30,18,5,267,160.01,20,0,2,0,0,160.01
2005,6,30,18,5,267,170.01,16,0,2,0,0,170.01
2005,6,30,18,5,267,180.3,10,0,2,0,0,180.3
2005,6,30,19,5,267,0,41,0,2,1,0,0
2005,6,30,19,5,267,110.01,10,0,2,0,0,110.01
2005,6,30,19,5,267,115.01,9,0,2,0,0,115.01
2005,6,30,19,5,267,120.01,20,0,2,0,0,120.01
2005,6,30,19,5,267,135.01,17,0,2,0,0,135.01
2005,6,30,19,5,267,147.51,10,0,2,0,0,147.51
2005,6,30,19,5,267,150.01,32,0,2,0,0,150.01
2005,6,30,19,5,267,155.01,45,0,2,0,0,155.01
2005,6,30,19,5,267,160.01,20,0,2,0,0,160.01
2005,6,30,19,5,267,170.01,16,0,2,0,0,170.01
2005,6,30,19,5,267,180.3,10,0,2,0,0,180.3
2005,6,30,20,5,267,0,41,0,2,1,0,0
2005,6,30,20,5,267,110.01,10,0,2,0,0,110.01
2005,6,30,20,5,267,120.01,20,0,2,0,0,120.01
2005,6,30,20,5,267,135.01,13,0,2,0,0,135.01
2005,6,30,20,5,267,147.51,10,0,2,0,0,147.51
2005,6,30,20,5,267,150.01,32,0,2,0,0,150.01
2005,6,30,20,5,267,155.01,45,0,2,0,0,155.01
2005,6,30,20,5,267,160.01,20,0,2,0,0,160.01
2005,6,30,20,5,267,170.01,16,0,2,0,0,170.01
2005,6,30,20,5,267,180.3,10,0,2,0,0,180.3
2005,6,30,21,5,267,0,41,0,2,1,0,0
2005,6,30,21,5,267,110.01,10,0,2,0,0,110.01
2005,6,30,21,5,267,120.01,20,0,2,0,0,120.01
2005,6,30,21,5,267,135.01,13,0,2,0,0,135.01
2005,6,30,21,5,267,147.51,10,0,2,0,0,147.51
2005,6,30,21,5,267,150.01,32,0,2,0,0,150.01
2005,6,30,21,5,267,155.01,45,0,2,0,0,155.01
2005,6,30,21,5,267,160.01,20,0,2,0,0,160.01
2005,6,30,21,5,267,170.01,16,0,2,0,0,170.01
2005,6,30,21,5,267,180.3,10,0,2,0,0,180.3
2005,6,30,22,5,267,0,41,0,2,1,0,0
2005,6,30,22,5,267,110.01,10,0,2,0,0,110.01
2005,6,30,22,5,267,120.01,20,0,2,0,0,120.01
2005,6,30,22,5,267,135.01,13,0,2,0,0,135.01
2005,6,30,22,5,267,147.51,10,0,2,0,0,147.51
2005,6,30,22,5,267,150.01,32,0,2,0,0,150.01
2005,6,30,22,5,267,155.01,45,0,2,0,0,155.01
2005,6,30,22,5,267,160.01,20,0,2,0,0,160.01
2005,6,30,22,5,267,170.01,16,0,2,0,0,170.01
2005,6,30,22,5,267,180.3,10,0,2,0,0,180.3
2005,6,30,23,5,267,0,41,0,2,1,0,0
2005,6,30,23,5,267,110.01,10,0,2,0,0,110.01
2005,6,30,23,5,267,120.01,20,0,2,0,0,120.01
2005,6,30,23,5,267,135.01,13,0,2,0,0,135.01
2005,6,30,23,5,267,147.51,10,0,2,0,0,147.51
2005,6,30,23,5,267,150.01,32,0,2,0,0,150.01
2005,6,30,23,5,267,155.01,45,0,2,0,0,155.01
2005,6,30,23,5,267,160.01,20,0,2,0,0,160.01
2005,6,30,23,5,267,170.01,16,0,2,0,0,170.01
2005,6,30,23,5,267,180.3,10,0,2,0,0,180.3
2005,6,30,24,5,267,0,41,0,2,1,0,0
2005,6,30,24,5,267,110.01,10,0,2,0,0,110.01
2005,6,30,24,5,267,120.01,20,0,2,0,0,120.01
2005,6,30,24,5,267,135.01,13,0,2,0,0,135.01
2005,6,30,24,5,267,147.51,10,0,2,0,0,147.51
2005,6,30,24,5,267,150.01,32,0,2,0,0,150.01
2005,6,30,24,5,267,155.01,45,0,2,0,0,155.01
2005,6,30,24,5,267,160.01,20,0,2,0,0,160.01
2005,6,30,24,5,267,170.01,16,0,2,0,0,170.01
2005,6,30,24,5,267,180.3,10,0,2,0,0,180.3
2005,6,30,2,5,268,0,90,0,2,1,0,0
2005,6,30,3,5,268,0,90,0,2,1,0,0
2005,6,30,4,5,268,0,90,0,2,1,0,0
2005,6,30,5,5,268,0,90,0,2,1,0,0
2005,6,30,6,5,268,0,90,0,2,1,0,0
2005,6,30,7,5,268,0,180,0,2,1,0,0
2005,6,30,16,5,268,0,90,0,2,1,0,0
2005,6,30,17,5,268,0,90,0,2,1,0,0
2005,6,30,24,5,268,0,90,0,2,1,0,0
2005,6,30,1,4,269,1,50,0,1,0,1,1
2005,6,30,1,4,269,46,50,0,1,0,1,46
2005,6,30,1,4,269,47,50,0,1,0,1,47
2005,6,30,1,4,269,48,50,0,1,0,1,48
2005,6,30,1,4,269,49,50,0,1,1,0,49
2005,6,30,1,4,269,50,50,0,1,1,0,50
2005,6,30,1,4,269,180.3,888,0,1,1,0,180.3
2005,6,30,2,4,269,1,50,0,1,0,1,1
2005,6,30,2,4,269,46,50,0,1,1,0,46
2005,6,30,2,4,269,47,50,0,1,1,0,47
2005,6,30,2,4,269,48,50,0,1,1,0,48
2005,6,30,2,4,269,49,50,0,1,1,0,49
2005,6,30,2,4,269,50,50,0,1,1,0,50
2005,6,30,2,4,269,180.3,845.8,0,1,1,0,180.3
2005,6,30,3,4,269,1,50,0,1,0,1,1
2005,6,30,3,4,269,46,50,0,1,1,0,46
2005,6,30,3,4,269,47,50,0,1,1,0,47
2005,6,30,3,4,269,48,50,0,1,1,0,48
2005,6,30,3,4,269,49,50,0,1,1,0,49
2005,6,30,3,4,269,50,50,0,1,1,0,50
2005,6,30,3,4,269,180.3,807,0,1,1,0,180.3
2005,6,30,4,4,269,1,50,0,1,0,1,1
2005,6,30,4,4,269,46,50,0,1,1,0,46
2005,6,30,4,4,269,47,50,0,1,1,0,47
2005,6,30,4,4,269,48,50,0,1,1,0,48
2005,6,30,4,4,269,49,50,0,1,1,0,49
2005,6,30,4,4,269,50,50,0,1,1,0,50
2005,6,30,4,4,269,180.3,799.5,0,1,1,0,180.3
2005,6,30,5,4,269,1,50,0,1,0,1,1
2005,6,30,5,4,269,46,50,0,1,1,0,46
2005,6,30,5,4,269,47,50,0,1,1,0,47
2005,6,30,5,4,269,48,50,0,1,1,0,48
2005,6,30,5,4,269,49,50,0,1,1,0,49
2005,6,30,5,4,269,50,50,0,1,1,0,50
2005,6,30,5,4,269,180.3,795.1,0,1,1,0,180.3
2005,6,30,6,4,269,1,50,0,1,0,1,1
2005,6,30,6,4,269,46,50,0,1,1,0,46
2005,6,30,6,4,269,47,50,0,1,1,0,47
2005,6,30,6,4,269,48,50,0,1,1,0,48
2005,6,30,6,4,269,49,50,0,1,1,0,49
2005,6,30,6,4,269,50,50,0,1,1,0,50
2005,6,30,6,4,269,180.3,829.8,0,1,1,0,180.3
2005,6,30,7,4,269,1,50,0,1,0,1,1
2005,6,30,7,4,269,46,50,0,1,1,0,46
2005,6,30,7,4,269,47,50,0,1,1,0,47
2005,6,30,7,4,269,48,50,0,1,1,0,48
2005,6,30,7,4,269,49,50,0,1,1,0,49
2005,6,30,7,4,269,50,50,0,1,1,0,50
2005,6,30,7,4,269,180.3,1005.9,0,1,1,0,180.3
2005,6,30,8,4,269,1,50,0,1,0,1,1
2005,6,30,8,4,269,46,50,0,1,0,1,46
2005,6,30,8,4,269,47,50,0,1,0,1,47
2005,6,30,8,4,269,48,50,0,1,0,1,48
2005,6,30,8,4,269,49,3.5,0,1,1,0,49
2005,6,30,8,4,269,50,50,0,1,1,0,50
2005,6,30,8,4,269,180.3,1177.6,0,1,1,0,180.3
2005,6,30,9,4,269,1,50,0,1,0,1,1
2005,6,30,9,4,269,46,50,0,1,0,1,46
2005,6,30,9,4,269,47,50,0,1,0,1,47
2005,6,30,9,4,269,48,50,0,1,0,1,48
2005,6,30,9,4,269,49,50,0,1,0,1,49
2005,6,30,9,4,269,50,50,0,1,0,1,50
2005,6,30,9,4,269,180.3,1426.5,0,1,1,0,180.3
2005,6,30,10,4,269,1,50,0,1,0,1,1
2005,6,30,10,4,269,46,50,0,1,0,1,46
2005,6,30,10,4,269,47,50,0,1,0,1,47
2005,6,30,10,4,269,48,50,0,1,0,1,48
2005,6,30,10,4,269,49,50,0,1,0,1,49
2005,6,30,10,4,269,50,50,0,1,0,1,50
2005,6,30,10,4,269,180.3,1583.7,0,1,1,0,180.3
2005,6,30,11,4,269,1,50,0,1,0,1,1
2005,6,30,11,4,269,46,50,0,1,0,1,46
2005,6,30,11,4,269,47,50,0,1,0,1,47
2005,6,30,11,4,269,48,50,0,1,0,1,48
2005,6,30,11,4,269,49,50,0,1,0,1,49
2005,6,30,11,4,269,50,50,0,1,0,1,50
2005,6,30,11,4,269,180.3,1719.8,0,1,1,0,180.3
2005,6,30,12,4,269,1,50,0,1,0,1,1
2005,6,30,12,4,269,46,50,0,1,0,1,46
2005,6,30,12,4,269,47,50,0,1,0,1,47
2005,6,30,12,4,269,48,50,0,1,0,1,48
2005,6,30,12,4,269,49,50,0,1,0,1,49
2005,6,30,12,4,269,50,50,0,1,0,1,50
2005,6,30,12,4,269,180.3,1771.6,0,1,1,0,180.3
2005,6,30,13,4,269,1,50,0,1,0,1,1
2005,6,30,13,4,269,46,50,0,1,0,1,46
2005,6,30,13,4,269,47,50,0,1,0,1,47
2005,6,30,13,4,269,48,50,0,1,0,1,48
2005,6,30,13,4,269,49,50,0,1,0,1,49
2005,6,30,13,4,269,50,50,0,1,0,1,50
2005,6,30,13,4,269,180.3,1789.3,0,1,1,0,180.3
2005,6,30,14,4,269,1,50,0,1,0,1,1
2005,6,30,14,4,269,46,50,0,1,0,1,46
2005,6,30,14,4,269,47,50,0,1,0,1,47
2005,6,30,14,4,269,48,50,0,1,0,1,48
2005,6,30,14,4,269,49,50,0,1,0,1,49
2005,6,30,14,4,269,50,50,0,1,0,1,50
2005,6,30,14,4,269,180.3,1699.7,0,1,1,0,180.3
2005,6,30,15,4,269,1,50,0,1,0,1,1
2005,6,30,15,4,269,46,50,0,1,0,1,46
2005,6,30,15,4,269,47,50,0,1,0,1,47
2005,6,30,15,4,269,48,50,0,1,0,1,48
2005,6,30,15,4,269,49,50,0,1,0,1,49
2005,6,30,15,4,269,50,50,0,1,0,1,50
2005,6,30,15,4,269,180.3,1550.8,0,1,1,0,180.3
2005,6,30,16,4,269,1,50,0,1,0,1,1
2005,6,30,16,4,269,46,50,0,1,0,1,46
2005,6,30,16,4,269,47,50,0,1,0,1,47
2005,6,30,16,4,269,48,50,0,1,0,1,48
2005,6,30,16,4,269,49,50,0,1,0,1,49
2005,6,30,16,4,269,50,50,0,1,0,1,50
2005,6,30,16,4,269,180.3,1541.1,0,1,1,0,180.3
2005,6,30,17,4,269,1,50,0,1,0,1,1
2005,6,30,17,4,269,46,50,0,1,0,1,46
2005,6,30,17,4,269,47,50,0,1,0,1,47
2005,6,30,17,4,269,48,50,0,1,0,1,48
2005,6,30,17,4,269,49,50,0,1,0,1,49
2005,6,30,17,4,269,50,50,0,1,0,1,50
2005,6,30,17,4,269,180.3,1558.8,0,1,1,0,180.3
2005,6,30,18,4,269,1,50,0,1,0,1,1
2005,6,30,18,4,269,46,50,0,1,0,1,46
2005,6,30,18,4,269,47,50,0,1,0,1,47
2005,6,30,18,4,269,48,50,0,1,0,1,48
2005,6,30,18,4,269,49,50,0,1,0,1,49
2005,6,30,18,4,269,50,50,0,1,0,1,50
2005,6,30,18,4,269,180.3,1572.4,0,1,1,0,180.3
2005,6,30,19,4,269,1,50,0,1,0,1,1
2005,6,30,19,4,269,46,50,0,1,0,1,46
2005,6,30,19,4,269,47,50,0,1,0,1,47
2005,6,30,19,4,269,48,50,0,1,0,1,48
2005,6,30,19,4,269,49,50,0,1,0,1,49
2005,6,30,19,4,269,50,50,0,1,0,1,50
2005,6,30,19,4,269,180.3,1538.9,0,1,1,0,180.3
2005,6,30,20,4,269,1,50,0,1,0,1,1
2005,6,30,20,4,269,46,50,0,1,0,1,46
2005,6,30,20,4,269,47,50,0,1,0,1,47
2005,6,30,20,4,269,48,50,0,1,0,1,48
2005,6,30,20,4,269,49,50,0,1,0,1,49
2005,6,30,20,4,269,50,50,0,1,0,1,50
2005,6,30,20,4,269,180.3,1466,0,1,1,0,180.3
2005,6,30,21,4,269,1,50,0,1,0,1,1
2005,6,30,21,4,269,46,50,0,1,0,1,46
2005,6,30,21,4,269,47,50,0,1,0,1,47
2005,6,30,21,4,269,48,50,0,1,0,1,48
2005,6,30,21,4,269,49,50,0,1,0,1,49
2005,6,30,21,4,269,50,50,0,1,0,1,50
2005,6,30,21,4,269,180.3,1381.9,0,1,1,0,180.3
2005,6,30,22,4,269,1,50,0,1,0,1,1
2005,6,30,22,4,269,46,50,0,1,0,1,46
2005,6,30,22,4,269,47,50,0,1,0,1,47
2005,6,30,22,4,269,48,50,0,1,0,1,48
2005,6,30,22,4,269,49,50,0,1,0,1,49
2005,6,30,22,4,269,50,50,0,1,0,1,50
2005,6,30,22,4,269,180.3,1213,0,1,1,0,180.3
2005,6,30,23,4,269,1,50,0,1,0,1,1
2005,6,30,23,4,269,46,50,0,1,0,1,46
2005,6,30,23,4,269,47,50,0,1,0,1,47
2005,6,30,23,4,269,48,50,0,1,0,1,48
2005,6,30,23,4,269,49,50,0,1,0,1,49
2005,6,30,23,4,269,50,50,0,1,0,1,50
2005,6,30,23,4,269,180.3,1053.9,0,1,1,0,180.3
2005,6,30,24,4,269,1,50,0,1,0,1,1
2005,6,30,24,4,269,46,50,0,1,0,1,46
2005,6,30,24,4,269,47,50,0,1,0,1,47
2005,6,30,24,4,269,48,50,0,1,0,1,48
2005,6,30,24,4,269,49,50,0,1,0,1,49
2005,6,30,24,4,269,50,50,0,1,0,1,50
2005,6,30,24,4,269,180.3,977.1,0,1,1,0,180.3
2005,6,30,1,4,270,180.3,34.2,0,1,1,0,180.3
2005,6,30,2,4,270,180.3,31.8,0,1,1,0,180.3
2005,6,30,3,4,270,180.3,30.8,0,1,1,0,180.3
2005,6,30,4,4,270,180.3,30.7,0,1,1,0,180.3
2005,6,30,5,4,270,180.3,30.1,0,1,1,0,180.3
2005,6,30,6,4,270,180.3,30.3,0,1,1,0,180.3
2005,6,30,7,4,270,180.3,31.6,0,1,1,0,180.3
2005,6,30,8,4,270,180.3,35.2,0,1,1,0,180.3
2005,6,30,9,4,270,180.3,40.1,0,1,1,0,180.3
2005,6,30,10,4,270,180.3,27.9,0,1,1,0,180.3
2005,6,30,11,4,270,180.3,23.5,0,1,1,0,180.3
2005,6,30,12,4,270,180.3,21.5,0,1,1,0,180.3
2005,6,30,13,4,270,180.3,21.2,0,1,1,0,180.3
2005,6,30,14,4,270,180.3,12.3,0,1,1,0,180.3
2005,6,30,15,4,270,180.3,11.6,0,1,1,0,180.3
2005,6,30,16,4,270,180.3,11.2,0,1,1,0,180.3
2005,6,30,17,4,270,180.3,11.2,0,1,1,0,180.3
2005,6,30,18,4,270,180.3,11.5,0,1,1,0,180.3
2005,6,30,19,4,270,180.3,12.6,0,1,1,0,180.3
2005,6,30,20,4,270,180.3,100,0,1,0,1,180.3
2005,6,30,21,4,270,180.3,100,0,1,0,1,180.3
2005,6,30,22,4,270,180.3,100,0,1,0,1,180.3
2005,6,30,23,4,270,180.3,100,0,1,0,1,180.3
2005,6,30,24,4,270,180.3,36.4,0,1,1,0,180.3
2005,6,30,1,5,271,120,50,0,2,0,0,120
2005,6,30,1,5,271,130,80,0,2,0,0,130
2005,6,30,1,5,271,140,50,0,2,0,0,140
2005,6,30,1,5,271,150,52,0,2,0,0,150
2005,6,30,1,5,271,155,85,0,2,0,0,155
2005,6,30,1,5,271,170,53,0,2,0,0,170
2005,6,30,1,5,271,180,50,0,2,0,0,180
2005,6,30,2,5,271,120,50,0,2,0,0,120
2005,6,30,2,5,271,130,80,0,2,0,0,130
2005,6,30,2,5,271,140,50,0,2,0,0,140
2005,6,30,2,5,271,150,52,0,2,0,0,150
2005,6,30,2,5,271,155,85,0,2,0,0,155
2005,6,30,2,5,271,170,53,0,2,0,0,170
2005,6,30,2,5,271,180,50,0,2,0,0,180
2005,6,30,3,5,271,120,50,0,2,0,0,120
2005,6,30,3,5,271,130,80,0,2,0,0,130
2005,6,30,3,5,271,140,50,0,2,0,0,140
2005,6,30,3,5,271,150,52,0,2,0,0,150
2005,6,30,3,5,271,155,85,0,2,0,0,155
2005,6,30,3,5,271,170,53,0,2,0,0,170
2005,6,30,3,5,271,180,50,0,2,0,0,180
2005,6,30,4,5,271,120,50,0,2,0,0,120
2005,6,30,4,5,271,130,80,0,2,0,0,130
2005,6,30,4,5,271,140,50,0,2,0,0,140
2005,6,30,4,5,271,150,52,0,2,0,0,150
2005,6,30,4,5,271,155,85,0,2,0,0,155
2005,6,30,4,5,271,170,53,0,2,0,0,170
2005,6,30,4,5,271,180,50,0,2,0,0,180
2005,6,30,5,5,271,120,50,0,2,0,0,120
2005,6,30,5,5,271,127.5,20,0,2,0,0,127.5
2005,6,30,5,5,271,130,80,0,2,0,0,130
2005,6,30,5,5,271,140,50,0,2,0,0,140
2005,6,30,5,5,271,145,20,0,2,0,0,145
2005,6,30,5,5,271,150,52,0,2,0,0,150
2005,6,30,5,5,271,155,85,0,2,0,0,155
2005,6,30,5,5,271,160,13,0,2,0,0,160
2005,6,30,5,5,271,170,53,0,2,0,0,170
2005,6,30,5,5,271,180,50,0,2,0,0,180
2005,6,30,6,5,271,120,50,0,2,0,0,120
2005,6,30,6,5,271,127.5,20,0,2,0,0,127.5
2005,6,30,6,5,271,130,80,0,2,0,0,130
2005,6,30,6,5,271,140,50,0,2,0,0,140
2005,6,30,6,5,271,145,20,0,2,0,0,145
2005,6,30,6,5,271,150,52,0,2,0,0,150
2005,6,30,6,5,271,155,85,0,2,0,0,155
2005,6,30,6,5,271,160,13,0,2,0,0,160
2005,6,30,6,5,271,170,53,0,2,0,0,170
2005,6,30,6,5,271,180,50,0,2,0,0,180
2005,6,30,7,5,271,120,50,0,2,0,0,120
2005,6,30,7,5,271,127.5,20,0,2,0,0,127.5
2005,6,30,7,5,271,130,80,0,2,0,0,130
2005,6,30,7,5,271,140,50,0,2,0,0,140
2005,6,30,7,5,271,145,20,0,2,0,0,145
2005,6,30,7,5,271,150,52,0,2,0,0,150
2005,6,30,7,5,271,155,85,0,2,0,0,155
2005,6,30,7,5,271,160,13,0,2,0,0,160
2005,6,30,7,5,271,170,53,0,2,0,0,170
2005,6,30,7,5,271,180,50,0,2,0,0,180
2005,6,30,8,5,271,0,20,0,2,1,0,0
2005,6,30,8,5,271,120,50,0,2,0,0,120
2005,6,30,8,5,271,127.5,20,0,2,0,0,127.5
2005,6,30,8,5,271,130,60,0,2,0,0,130
2005,6,30,8,5,271,140,50,0,2,0,0,140
2005,6,30,8,5,271,145,20,0,2,0,0,145
2005,6,30,8,5,271,150,52,0,2,0,0,150
2005,6,30,8,5,271,155,85,0,2,0,0,155
2005,6,30,8,5,271,160,13,0,2,0,0,160
2005,6,30,8,5,271,170,53,0,2,0,0,170
2005,6,30,8,5,271,180,50,0,2,0,0,180
2005,6,30,9,5,271,0,20,0,2,1,0,0
2005,6,30,9,5,271,120,50,0,2,0,0,120
2005,6,30,9,5,271,127.5,20,0,2,0,0,127.5
2005,6,30,9,5,271,130,60,0,2,0,0,130
2005,6,30,9,5,271,140,50,0,2,0,0,140
2005,6,30,9,5,271,145,20,0,2,0,0,145
2005,6,30,9,5,271,150,52,0,2,0,0,150
2005,6,30,9,5,271,155,85,0,2,0,0,155
2005,6,30,9,5,271,160,13,0,2,0,0,160
2005,6,30,9,5,271,170,53,0,2,0,0,170
2005,6,30,9,5,271,180,50,0,2,0,0,180
2005,6,30,10,5,271,0,57,0,2,1,0,0
2005,6,30,10,5,271,120,50,0,2,0,0,120
2005,6,30,10,5,271,127.5,20,0,2,0,0,127.5
2005,6,30,10,5,271,130,60,0,2,0,0,130
2005,6,30,10,5,271,140,50,0,2,0,0,140
2005,6,30,10,5,271,145,20,0,2,0,0,145
2005,6,30,10,5,271,150,52,0,2,0,0,150
2005,6,30,10,5,271,155,85,0,2,0,0,155
2005,6,30,10,5,271,160,13,0,2,0,0,160
2005,6,30,10,5,271,170,73,0,2,0,0,170
2005,6,30,10,5,271,180,50,0,2,0,0,180
2005,6,30,11,5,271,0,77,0,2,1,0,0
2005,6,30,11,5,271,120,50,0,2,0,0,120
2005,6,30,11,5,271,127.5,20,0,2,0,0,127.5
2005,6,30,11,5,271,130,60,0,2,0,0,130
2005,6,30,11,5,271,140,50,0,2,0,0,140
2005,6,30,11,5,271,145,20,0,2,0,0,145
2005,6,30,11,5,271,150,52,0,2,0,0,150
2005,6,30,11,5,271,155,85,0,2,0,0,155
2005,6,30,11,5,271,160,13,0,2,0,0,160
2005,6,30,11,5,271,170,53,0,2,0,0,170
2005,6,30,11,5,271,180,50,0,2,0,0,180
2005,6,30,12,5,271,0,124,0,2,1,0,0
2005,6,30,12,5,271,120,50,0,2,0,0,120
2005,6,30,12,5,271,127.5,20,0,2,0,0,127.5
2005,6,30,12,5,271,130,60,0,2,0,0,130
2005,6,30,12,5,271,140,50,0,2,0,0,140
2005,6,30,12,5,271,145,20,0,2,0,0,145
2005,6,30,12,5,271,150,52,0,2,0,0,150
2005,6,30,12,5,271,155,85,0,2,0,0,155
2005,6,30,12,5,271,160,13,0,2,0,0,160
2005,6,30,12,5,271,170,23,0,2,0,0,170
2005,6,30,12,5,271,180,50,0,2,0,0,180
2005,6,30,13,5,271,0,124,0,2,1,0,0
2005,6,30,13,5,271,120,50,0,2,0,0,120
2005,6,30,13,5,271,127.5,20,0,2,0,0,127.5
2005,6,30,13,5,271,130,60,0,2,0,0,130
2005,6,30,13,5,271,140,50,0,2,0,0,140
2005,6,30,13,5,271,145,20,0,2,0,0,145
2005,6,30,13,5,271,150,52,0,2,0,0,150
2005,6,30,13,5,271,155,85,0,2,0,0,155
2005,6,30,13,5,271,160,13,0,2,0,0,160
2005,6,30,13,5,271,170,23,0,2,0,0,170
2005,6,30,13,5,271,180,50,0,2,0,0,180
2005,6,30,14,5,271,0,124,0,2,1,0,0
2005,6,30,14,5,271,120,50,0,2,0,0,120
2005,6,30,14,5,271,127.5,20,0,2,0,0,127.5
2005,6,30,14,5,271,130,60,0,2,0,0,130
2005,6,30,14,5,271,140,50,0,2,0,0,140
2005,6,30,14,5,271,145,20,0,2,0,0,145
2005,6,30,14,5,271,150,52,0,2,0,0,150
2005,6,30,14,5,271,155,85,0,2,0,0,155
2005,6,30,14,5,271,160,13,0,2,0,0,160
2005,6,30,14,5,271,170,23,0,2,0,0,170
2005,6,30,14,5,271,180,50,0,2,0,0,180
2005,6,30,15,5,271,0,77,0,2,1,0,0
2005,6,30,15,5,271,120,50,0,2,0,0,120
2005,6,30,15,5,271,127.5,20,0,2,0,0,127.5
2005,6,30,15,5,271,130,60,0,2,0,0,130
2005,6,30,15,5,271,140,50,0,2,0,0,140
2005,6,30,15,5,271,145,20,0,2,0,0,145
2005,6,30,15,5,271,150,52,0,2,0,0,150
2005,6,30,15,5,271,155,85,0,2,0,0,155
2005,6,30,15,5,271,160,13,0,2,0,0,160
2005,6,30,15,5,271,170,53,0,2,0,0,170
2005,6,30,15,5,271,180,50,0,2,0,0,180
2005,6,30,16,5,271,0,77,0,2,1,0,0
2005,6,30,16,5,271,120,50,0,2,0,0,120
2005,6,30,16,5,271,127.5,20,0,2,0,0,127.5
2005,6,30,16,5,271,130,60,0,2,0,0,130
2005,6,30,16,5,271,140,50,0,2,0,0,140
2005,6,30,16,5,271,145,20,0,2,0,0,145
2005,6,30,16,5,271,150,52,0,2,0,0,150
2005,6,30,16,5,271,155,85,0,2,0,0,155
2005,6,30,16,5,271,160,13,0,2,0,0,160
2005,6,30,16,5,271,170,53,0,2,0,0,170
2005,6,30,16,5,271,180,50,0,2,0,0,180
2005,6,30,17,5,271,0,124,0,2,1,0,0
2005,6,30,17,5,271,120,50,0,2,0,0,120
2005,6,30,17,5,271,127.5,20,0,2,0,0,127.5
2005,6,30,17,5,271,130,60,0,2,0,0,130
2005,6,30,17,5,271,140,50,0,2,0,0,140
2005,6,30,17,5,271,145,20,0,2,0,0,145
2005,6,30,17,5,271,150,52,0,2,0,0,150
2005,6,30,17,5,271,155,85,0,2,0,0,155
2005,6,30,17,5,271,160,13,0,2,0,0,160
2005,6,30,17,5,271,170,23,0,2,0,0,170
2005,6,30,17,5,271,180,50,0,2,0,0,180
2005,6,30,18,5,271,0,124,0,2,1,0,0
2005,6,30,18,5,271,120,50,0,2,0,0,120
2005,6,30,18,5,271,127.5,20,0,2,0,0,127.5
2005,6,30,18,5,271,130,60,0,2,0,0,130
2005,6,30,18,5,271,140,50,0,2,0,0,140
2005,6,30,18,5,271,145,20,0,2,0,0,145
2005,6,30,18,5,271,150,52,0,2,0,0,150
2005,6,30,18,5,271,155,85,0,2,0,0,155
2005,6,30,18,5,271,160,13,0,2,0,0,160
2005,6,30,18,5,271,170,23,0,2,0,0,170
2005,6,30,18,5,271,180,50,0,2,0,0,180
2005,6,30,19,5,271,0,124,0,2,1,0,0
2005,6,30,19,5,271,120,50,0,2,0,0,120
2005,6,30,19,5,271,127.5,20,0,2,0,0,127.5
2005,6,30,19,5,271,130,60,0,2,0,0,130
2005,6,30,19,5,271,140,50,0,2,0,0,140
2005,6,30,19,5,271,145,20,0,2,0,0,145
2005,6,30,19,5,271,150,52,0,2,0,0,150
2005,6,30,19,5,271,155,85,0,2,0,0,155
2005,6,30,19,5,271,160,13,0,2,0,0,160
2005,6,30,19,5,271,170,23,0,2,0,0,170
2005,6,30,19,5,271,180,50,0,2,0,0,180
2005,6,30,20,5,271,0,77,0,2,1,0,0
2005,6,30,20,5,271,120,50,0,2,0,0,120
2005,6,30,20,5,271,127.5,20,0,2,0,0,127.5
2005,6,30,20,5,271,130,60,0,2,0,0,130
2005,6,30,20,5,271,140,50,0,2,0,0,140
2005,6,30,20,5,271,145,20,0,2,0,0,145
2005,6,30,20,5,271,150,52,0,2,0,0,150
2005,6,30,20,5,271,155,85,0,2,0,0,155
2005,6,30,20,5,271,160,13,0,2,0,0,160
2005,6,30,20,5,271,170,53,0,2,0,0,170
2005,6,30,20,5,271,180,50,0,2,0,0,180
2005,6,30,21,5,271,0,57,0,2,1,0,0
2005,6,30,21,5,271,120,50,0,2,0,0,120
2005,6,30,21,5,271,127.5,20,0,2,0,0,127.5
2005,6,30,21,5,271,130,60,0,2,0,0,130
2005,6,30,21,5,271,140,50,0,2,0,0,140
2005,6,30,21,5,271,145,20,0,2,0,0,145
2005,6,30,21,5,271,150,52,0,2,0,0,150
2005,6,30,21,5,271,155,85,0,2,0,0,155
2005,6,30,21,5,271,160,13,0,2,0,0,160
2005,6,30,21,5,271,170,73,0,2,0,0,170
2005,6,30,21,5,271,180,50,0,2,0,0,180
2005,6,30,22,5,271,0,57,0,2,1,0,0
2005,6,30,22,5,271,120,50,0,2,0,0,120
2005,6,30,22,5,271,127.5,20,0,2,0,0,127.5
2005,6,30,22,5,271,130,60,0,2,0,0,130
2005,6,30,22,5,271,140,50,0,2,0,0,140
2005,6,30,22,5,271,145,20,0,2,0,0,145
2005,6,30,22,5,271,150,52,0,2,0,0,150
2005,6,30,22,5,271,155,85,0,2,0,0,155
2005,6,30,22,5,271,160,13,0,2,0,0,160
2005,6,30,22,5,271,170,73,0,2,0,0,170
2005,6,30,22,5,271,180,50,0,2,0,0,180
2005,6,30,23,5,271,0,57,0,2,1,0,0
2005,6,30,23,5,271,120,50,0,2,0,0,120
2005,6,30,23,5,271,127.5,20,0,2,0,0,127.5
2005,6,30,23,5,271,130,60,0,2,0,0,130
2005,6,30,23,5,271,140,50,0,2,0,0,140
2005,6,30,23,5,271,145,20,0,2,0,0,145
2005,6,30,23,5,271,150,52,0,2,0,0,150
2005,6,30,23,5,271,155,85,0,2,0,0,155
2005,6,30,23,5,271,160,13,0,2,0,0,160
2005,6,30,23,5,271,170,73,0,2,0,0,170
2005,6,30,23,5,271,180,50,0,2,0,0,180
2005,6,30,24,5,271,0,20,0,2,1,0,0
2005,6,30,24,5,271,120,50,0,2,0,0,120
2005,6,30,24,5,271,127.5,20,0,2,0,0,127.5
2005,6,30,24,5,271,130,60,0,2,0,0,130
2005,6,30,24,5,271,140,50,0,2,0,0,140
2005,6,30,24,5,271,145,20,0,2,0,0,145
2005,6,30,24,5,271,150,52,0,2,0,0,150
2005,6,30,24,5,271,155,85,0,2,0,0,155
2005,6,30,24,5,271,160,13,0,2,0,0,160
2005,6,30,24,5,271,170,53,0,2,0,0,170
2005,6,30,24,5,271,180,50,0,2,0,0,180
2005,6,30,1,5,272,0,14,0,2,1,0,0
2005,6,30,1,5,272,130.02,10,0,2,0,0,130.02
2005,6,30,1,5,272,136.02,1,0,2,0,0,136.02
2005,6,30,1,5,272,140.02,11,0,2,0,0,140.02
2005,6,30,2,5,272,0,10,0,2,1,0,0
2005,6,30,2,5,272,140.02,21,0,2,0,0,140.02
2005,6,30,3,5,272,0,10,0,2,1,0,0
2005,6,30,3,5,272,140.02,21,0,2,0,0,140.02
2005,6,30,4,5,272,0,10,0,2,1,0,0
2005,6,30,4,5,272,140.02,21,0,2,0,0,140.02
2005,6,30,5,5,272,0,10,0,2,1,0,0
2005,6,30,5,5,272,140.02,21,0,2,0,0,140.02
2005,6,30,6,5,272,0,10,0,2,1,0,0
2005,6,30,6,5,272,140.02,21,0,2,0,0,140.02
2005,6,30,7,5,272,0,10,0,2,1,0,0
2005,6,30,7,5,272,140.02,21,0,2,0,0,140.02
2005,6,30,8,5,272,0,15,0,2,1,0,0
2005,6,30,8,5,272,130.02,10,0,2,0,0,130.02
2005,6,30,8,5,272,136.02,1,0,2,0,0,136.02
2005,6,30,8,5,272,140.02,11,0,2,0,0,140.02
2005,6,30,9,5,272,0,29,0,2,1,0,0
2005,6,30,9,5,272,130.02,9,0,2,0,0,130.02
2005,6,30,9,5,272,136.02,2,0,2,0,0,136.02
2005,6,30,9,5,272,140.02,2,0,2,0,0,140.02
2005,6,30,10,5,272,0,37,0,2,1,0,0
2005,6,30,10,5,272,130.02,9,0,2,0,0,130.02
2005,6,30,10,5,272,136.02,4,0,2,0,0,136.02
2005,6,30,10,5,272,140.02,2,0,2,0,0,140.02
2005,6,30,11,5,272,0,65,0,2,1,0,0
2005,6,30,11,5,272,130.02,4,0,2,0,0,130.02
2005,6,30,11,5,272,136.02,6,0,2,0,0,136.02
2005,6,30,12,5,272,0,109,0,2,1,0,0
2005,6,30,12,5,272,130.02,2,0,2,0,0,130.02
2005,6,30,12,5,272,136.02,9,0,2,0,0,136.02
2005,6,30,13,5,272,0,109,0,2,1,0,0
2005,6,30,13,5,272,130.02,2,0,2,0,0,130.02
2005,6,30,13,5,272,136.02,9,0,2,0,0,136.02
2005,6,30,14,5,272,0,108,0,2,1,0,0
2005,6,30,14,5,272,130.02,2,0,2,0,0,130.02
2005,6,30,14,5,272,136.02,9,0,2,0,0,136.02
2005,6,30,15,5,272,0,71,0,2,1,0,0
2005,6,30,15,5,272,130.02,4,0,2,0,0,130.02
2005,6,30,15,5,272,136.02,6,0,2,0,0,136.02
2005,6,30,16,5,272,0,71,0,2,1,0,0
2005,6,30,16,5,272,130.02,4,0,2,0,0,130.02
2005,6,30,16,5,272,136.02,6,0,2,0,0,136.02
2005,6,30,17,5,272,0,108,0,2,1,0,0
2005,6,30,17,5,272,130.02,2,0,2,0,0,130.02
2005,6,30,17,5,272,136.02,9,0,2,0,0,136.02
2005,6,30,18,5,272,0,108,0,2,1,0,0
2005,6,30,18,5,272,130.02,2,0,2,0,0,130.02
2005,6,30,18,5,272,136.02,9,0,2,0,0,136.02
2005,6,30,19,5,272,0,108,0,2,1,0,0
2005,6,30,19,5,272,130.02,2,0,2,0,0,130.02
2005,6,30,19,5,272,136.02,9,0,2,0,0,136.02
2005,6,30,20,5,272,0,64,0,2,1,0,0
2005,6,30,20,5,272,130.02,4,0,2,0,0,130.02
2005,6,30,20,5,272,136.02,6,0,2,0,0,136.02
2005,6,30,21,5,272,0,28,0,2,1,0,0
2005,6,30,21,5,272,130.02,9,0,2,0,0,130.02
2005,6,30,21,5,272,136.02,2,0,2,0,0,136.02
2005,6,30,21,5,272,140.02,2,0,2,0,0,140.02
2005,6,30,22,5,272,0,28,0,2,1,0,0
2005,6,30,22,5,272,130.02,9,0,2,0,0,130.02
2005,6,30,22,5,272,136.02,2,0,2,0,0,136.02
2005,6,30,22,5,272,140.02,2,0,2,0,0,140.02
2005,6,30,23,5,272,0,28,0,2,1,0,0
2005,6,30,23,5,272,130.02,9,0,2,0,0,130.02
2005,6,30,23,5,272,136.02,2,0,2,0,0,136.02
2005,6,30,23,5,272,140.02,2,0,2,0,0,140.02
2005,6,30,24,5,272,0,14,0,2,1,0,0
2005,6,30,24,5,272,130.02,10,0,2,0,0,130.02
2005,6,30,24,5,272,136.02,1,0,2,0,0,136.02
2005,6,30,24,5,272,140.02,11,0,2,0,0,140.02
2005,6,30,1,6,273,14.69,12.3,0,1,0,0,14.69
2005,6,30,1,6,273,180.3,12.3,0,1,1,0,180.3
2005,6,30,2,6,273,14.69,12.2,0,1,0,0,14.69
2005,6,30,2,6,273,180.3,12.2,0,1,1,0,180.3
2005,6,30,3,6,273,14.69,11.9,0,1,0,0,14.69
2005,6,30,3,6,273,180.3,11.9,0,1,1,0,180.3
2005,6,30,4,6,273,14.69,11.9,0,1,0,0,14.69
2005,6,30,4,6,273,180.3,11.9,0,1,1,0,180.3
2005,6,30,5,6,273,14.69,11.9,0,1,0,0,14.69
2005,6,30,5,6,273,180.3,11.9,0,1,1,0,180.3
2005,6,30,6,6,273,14.69,11.5,0,1,0,0,14.69
2005,6,30,6,6,273,180.3,11.5,0,1,1,0,180.3
2005,6,30,7,6,273,14.69,11.5,0,1,0,0,14.69
2005,6,30,7,6,273,180.3,11.5,0,1,1,0,180.3
2005,6,30,8,6,273,14.69,11.6,0,1,0,0,14.69
2005,6,30,8,6,273,180.3,11.6,0,1,1,0,180.3
2005,6,30,9,6,273,14.69,11.1,0,1,0,0,14.69
2005,6,30,9,6,273,180.3,11.1,0,1,1,0,180.3
2005,6,30,10,6,273,14.69,11.1,0,1,0,0,14.69
2005,6,30,10,6,273,180.3,11.1,0,1,1,0,180.3
2005,6,30,11,6,273,14.69,11.4,0,1,0,0,14.69
2005,6,30,11,6,273,180.3,11.4,0,1,1,0,180.3
2005,6,30,12,6,273,14.69,11.1,0,1,0,0,14.69
2005,6,30,12,6,273,180.3,11.1,0,1,1,0,180.3
2005,6,30,13,6,273,14.69,11.1,0,1,0,0,14.69
2005,6,30,13,6,273,180.3,11.1,0,1,1,0,180.3
2005,6,30,14,6,273,14.69,11.2,0,1,0,0,14.69
2005,6,30,14,6,273,180.3,11.2,0,1,1,0,180.3
2005,6,30,15,6,273,14.69,11.4,0,1,0,0,14.69
2005,6,30,15,6,273,180.3,11.4,0,1,1,0,180.3
2005,6,30,16,6,273,14.69,11.6,0,1,0,0,14.69
2005,6,30,16,6,273,180.3,11.6,0,1,1,0,180.3
2005,6,30,17,6,273,14.69,11.6,0,1,0,0,14.69
2005,6,30,17,6,273,180.3,11.6,0,1,1,0,180.3
2005,6,30,18,6,273,14.69,11.4,0,1,0,0,14.69
2005,6,30,18,6,273,180.3,11.4,0,1,1,0,180.3
2005,6,30,19,6,273,14.69,11.3,0,1,0,0,14.69
2005,6,30,19,6,273,180.3,11.3,0,1,1,0,180.3
2005,6,30,20,6,273,14.69,11.3,0,1,0,0,14.69
2005,6,30,20,6,273,180.3,11.3,0,1,1,0,180.3
2005,6,30,21,6,273,14.69,11.2,0,1,0,0,14.69
2005,6,30,21,6,273,180.3,11.2,0,1,1,0,180.3
2005,6,30,22,6,273,14.69,10.9,0,1,0,0,14.69
2005,6,30,22,6,273,180.3,10.9,0,1,1,0,180.3
2005,6,30,23,6,273,14.69,11.1,0,1,0,0,14.69
2005,6,30,23,6,273,180.3,11.1,0,1,1,0,180.3
2005,6,30,24,6,273,14.69,11.4,0,1,0,0,14.69
2005,6,30,24,6,273,180.3,11.4,0,1,1,0,180.3
2005,6,30,1,6,274,14.69,4.8,0,1,0,0,14.69
2005,6,30,1,6,274,180.3,4.8,0,1,1,0,180.3
2005,6,30,2,6,274,14.69,3.8,0,1,0,0,14.69
2005,6,30,2,6,274,180.3,3.8,0,1,1,0,180.3
2005,6,30,3,6,274,14.69,3.3,0,1,0,0,14.69
2005,6,30,3,6,274,180.3,3.3,0,1,1,0,180.3
2005,6,30,4,6,274,14.69,2.4,0,1,0,0,14.69
2005,6,30,4,6,274,180.3,2.4,0,1,1,0,180.3
2005,6,30,5,6,274,14.69,3.1,0,1,0,0,14.69
2005,6,30,5,6,274,180.3,3.1,0,1,1,0,180.3
2005,6,30,6,6,274,14.69,6,0,1,0,0,14.69
2005,6,30,6,6,274,180.3,6,0,1,1,0,180.3
2005,6,30,7,6,274,14.69,11.4,0,1,0,0,14.69
2005,6,30,7,6,274,180.3,11.4,0,1,1,0,180.3
2005,6,30,8,6,274,14.69,15.1,0,1,0,0,14.69
2005,6,30,8,6,274,180.3,15.1,0,1,1,0,180.3
2005,6,30,9,6,274,14.69,14.9,0,1,0,0,14.69
2005,6,30,9,6,274,180.3,14.9,0,1,1,0,180.3
2005,6,30,10,6,274,14.69,14.8,0,1,0,0,14.69
2005,6,30,10,6,274,180.3,14.8,0,1,1,0,180.3
2005,6,30,11,6,274,14.69,14.3,0,1,0,0,14.69
2005,6,30,11,6,274,180.3,14.3,0,1,1,0,180.3
2005,6,30,12,6,274,14.69,13.6,0,1,0,0,14.69
2005,6,30,12,6,274,180.3,13.6,0,1,1,0,180.3
2005,6,30,13,6,274,14.69,12.1,0,1,0,0,14.69
2005,6,30,13,6,274,180.3,12.1,0,1,1,0,180.3
2005,6,30,14,6,274,14.69,13.2,0,1,0,0,14.69
2005,6,30,14,6,274,180.3,13.2,0,1,1,0,180.3
2005,6,30,15,6,274,14.69,14.6,0,1,0,0,14.69
2005,6,30,15,6,274,180.3,14.6,0,1,1,0,180.3
2005,6,30,16,6,274,14.69,14,0,1,0,0,14.69
2005,6,30,16,6,274,180.3,14,0,1,1,0,180.3
2005,6,30,17,6,274,14.69,13.8,0,1,0,0,14.69
2005,6,30,17,6,274,180.3,13.8,0,1,1,0,180.3
2005,6,30,18,6,274,14.69,13.1,0,1,0,0,14.69
2005,6,30,18,6,274,180.3,13.1,0,1,1,0,180.3
2005,6,30,19,6,274,14.69,15.8,0,1,0,0,14.69
2005,6,30,19,6,274,180.3,15.8,0,1,1,0,180.3
2005,6,30,20,6,274,14.69,15.4,0,1,0,0,14.69
2005,6,30,20,6,274,180.3,15.4,0,1,1,0,180.3
2005,6,30,21,6,274,14.69,14.9,0,1,0,0,14.69
2005,6,30,21,6,274,180.3,14.9,0,1,1,0,180.3
2005,6,30,22,6,274,14.69,14.7,0,1,0,0,14.69
2005,6,30,22,6,274,180.3,14.7,0,1,1,0,180.3
2005,6,30,23,6,274,14.69,15.4,0,1,0,0,14.69
2005,6,30,23,6,274,180.3,15.4,0,1,1,0,180.3
2005,6,30,24,6,274,14.69,13.1,0,1,0,0,14.69
2005,6,30,24,6,274,180.3,13.1,0,1,1,0,180.3
2005,6,30,1,9,275,14.69,38.4,0,1,0,0,14.69
2005,6,30,1,9,275,180.3,345.8,0,1,1,0,180.3
2005,6,30,2,9,275,14.69,36.5,0,1,0,0,14.69
2005,6,30,2,9,275,180.3,328.3,0,1,1,0,180.3
2005,6,30,3,9,275,14.69,35.3,0,1,0,0,14.69
2005,6,30,3,9,275,180.3,318,0,1,1,0,180.3
2005,6,30,4,9,275,14.69,34.5,0,1,0,0,14.69
2005,6,30,4,9,275,180.3,310.5,0,1,1,0,180.3
2005,6,30,5,9,275,14.69,33.9,0,1,0,0,14.69
2005,6,30,5,9,275,180.3,304.8,0,1,1,0,180.3
2005,6,30,6,9,275,14.69,33.5,0,1,0,0,14.69
2005,6,30,6,9,275,180.3,301.1,0,1,1,0,180.3
2005,6,30,7,9,275,14.69,33,0,1,0,0,14.69
2005,6,30,7,9,275,180.3,297.4,0,1,1,0,180.3
2005,6,30,8,9,275,14.69,32,0,1,0,0,14.69
2005,6,30,8,9,275,180.3,288.1,0,1,1,0,180.3
2005,6,30,9,9,275,14.69,25.3,0,1,0,0,14.69
2005,6,30,9,9,275,180.3,227.8,0,1,1,0,180.3
2005,6,30,10,9,275,14.69,20.8,0,1,0,0,14.69
2005,6,30,10,9,275,180.3,187.6,0,1,1,0,180.3
2005,6,30,11,9,275,14.69,19.3,0,1,0,0,14.69
2005,6,30,11,9,275,180.3,174.1,0,1,1,0,180.3
2005,6,30,12,9,275,14.69,17.9,0,1,0,0,14.69
2005,6,30,12,9,275,180.3,160.7,0,1,1,0,180.3
2005,6,30,13,9,275,14.69,17.1,0,1,0,0,14.69
2005,6,30,13,9,275,180.3,153.6,0,1,1,0,180.3
2005,6,30,14,9,275,14.69,22.4,0,1,0,0,14.69
2005,6,30,14,9,275,180.3,201.6,0,1,1,0,180.3
2005,6,30,15,9,275,14.69,34.1,0,1,0,0,14.69
2005,6,30,15,9,275,180.3,306.5,0,1,1,0,180.3
2005,6,30,16,9,275,14.69,35.9,0,1,0,0,14.69
2005,6,30,16,9,275,180.3,322.8,0,1,1,0,180.3
2005,6,30,17,9,275,14.69,34.4,0,1,0,0,14.69
2005,6,30,17,9,275,180.3,309.6,0,1,1,0,180.3
2005,6,30,18,9,275,14.69,34.7,0,1,0,0,14.69
2005,6,30,18,9,275,180.3,312.4,0,1,1,0,180.3
2005,6,30,19,9,275,14.69,35.4,0,1,0,0,14.69
2005,6,30,19,9,275,180.3,318.5,0,1,1,0,180.3
2005,6,30,20,9,275,14.69,35.7,0,1,0,0,14.69
2005,6,30,20,9,275,180.3,321.7,0,1,1,0,180.3
2005,6,30,21,9,275,14.69,36.3,0,1,0,0,14.69
2005,6,30,21,9,275,180.3,326.7,0,1,1,0,180.3
2005,6,30,22,9,275,14.69,39.5,0,1,0,0,14.69
2005,6,30,22,9,275,180.3,355.9,0,1,1,0,180.3
2005,6,30,23,9,275,14.69,43.9,0,1,0,0,14.69
2005,6,30,23,9,275,180.3,394.7,0,1,1,0,180.3
2005,6,30,24,9,275,14.69,41.6,0,1,0,0,14.69
2005,6,30,24,9,275,180.3,374.8,0,1,1,0,180.3
2005,6,30,1,9,276,14.69,83.5,0,1,0,0,14.69
2005,6,30,1,9,276,180.3,83.5,0,1,1,0,180.3
2005,6,30,2,9,276,14.69,82.2,0,1,0,0,14.69
2005,6,30,2,9,276,180.3,82.2,0,1,1,0,180.3
2005,6,30,3,9,276,14.69,80.3,0,1,0,0,14.69
2005,6,30,3,9,276,180.3,80.3,0,1,1,0,180.3
2005,6,30,4,9,276,14.69,79.5,0,1,0,0,14.69
2005,6,30,4,9,276,180.3,79.5,0,1,1,0,180.3
2005,6,30,5,9,276,14.69,80.1,0,1,0,0,14.69
2005,6,30,5,9,276,180.3,80.1,0,1,1,0,180.3
2005,6,30,6,9,276,14.69,80.9,0,1,0,0,14.69
2005,6,30,6,9,276,180.3,80.9,0,1,1,0,180.3
2005,6,30,7,9,276,14.69,89.6,0,1,0,0,14.69
2005,6,30,7,9,276,180.3,89.6,0,1,1,0,180.3
2005,6,30,8,9,276,14.69,99.5,0,1,0,0,14.69
2005,6,30,8,9,276,180.3,99.5,0,1,1,0,180.3
2005,6,30,9,9,276,14.69,109,0,1,0,0,14.69
2005,6,30,9,9,276,180.3,109,0,1,1,0,180.3
2005,6,30,10,9,276,14.69,120.2,0,1,0,0,14.69
2005,6,30,10,9,276,180.3,120.2,0,1,1,0,180.3
2005,6,30,11,9,276,14.69,136.2,0,1,0,0,14.69
2005,6,30,11,9,276,180.3,136.2,0,1,1,0,180.3
2005,6,30,12,9,276,14.69,141.7,0,1,0,0,14.69
2005,6,30,12,9,276,180.3,141.7,0,1,1,0,180.3
2005,6,30,13,9,276,14.69,141.8,0,1,0,0,14.69
2005,6,30,13,9,276,180.3,141.8,0,1,1,0,180.3
2005,6,30,14,9,276,14.69,132.1,0,1,0,0,14.69
2005,6,30,14,9,276,180.3,132.1,0,1,1,0,180.3
2005,6,30,15,9,276,14.69,114.4,0,1,0,0,14.69
2005,6,30,15,9,276,180.3,114.4,0,1,1,0,180.3
2005,6,30,16,9,276,14.69,114.5,0,1,0,0,14.69
2005,6,30,16,9,276,180.3,114.5,0,1,1,0,180.3
2005,6,30,17,9,276,14.69,115.5,0,1,0,0,14.69
2005,6,30,17,9,276,180.3,115.5,0,1,1,0,180.3
2005,6,30,18,9,276,14.69,117.4,0,1,0,0,14.69
2005,6,30,18,9,276,180.3,117.4,0,1,1,0,180.3
2005,6,30,19,9,276,14.69,115.3,0,1,0,0,14.69
2005,6,30,19,9,276,180.3,115.3,0,1,1,0,180.3
2005,6,30,20,9,276,14.69,112.9,0,1,0,0,14.69
2005,6,30,20,9,276,180.3,112.9,0,1,1,0,180.3
2005,6,30,21,9,276,14.69,109.2,0,1,0,0,14.69
2005,6,30,21,9,276,180.3,109.2,0,1,1,0,180.3
2005,6,30,22,9,276,14.69,99.7,0,1,0,0,14.69
2005,6,30,22,9,276,180.3,99.7,0,1,1,0,180.3
2005,6,30,23,9,276,14.69,89.5,0,1,0,0,14.69
2005,6,30,23,9,276,180.3,89.5,0,1,1,0,180.3
2005,6,30,24,9,276,14.69,85.5,0,1,0,0,14.69
2005,6,30,24,9,276,180.3,85.5,0,1,1,0,180.3
2005,6,30,1,6,277,180.3,.4,0,1,1,0,180.3
2005,6,30,2,6,277,180.3,.4,0,1,1,0,180.3
2005,6,30,3,6,277,180.3,.2,0,1,1,0,180.3
2005,6,30,4,6,277,180.3,.2,0,1,1,0,180.3
2005,6,30,5,6,277,180.3,.2,0,1,1,0,180.3
2005,6,30,6,6,277,180.3,.2,0,1,1,0,180.3
2005,6,30,7,6,277,180.3,.2,0,1,1,0,180.3
2005,6,30,8,6,277,180.3,.2,0,1,1,0,180.3
2005,6,30,9,6,277,180.3,.3,0,1,1,0,180.3
2005,6,30,10,6,277,180.3,.1,0,1,1,0,180.3
2005,6,30,11,6,277,180.3,.1,0,1,1,0,180.3
2005,6,30,12,6,277,180.3,.1,0,1,1,0,180.3
2005,6,30,13,6,277,180.3,.1,0,1,1,0,180.3
2005,6,30,14,6,277,180.3,.4,0,1,0,1,180.3
2005,6,30,15,6,277,180.3,.4,0,1,0,1,180.3
2005,6,30,16,6,277,180.3,.3,0,1,0,1,180.3
2005,6,30,17,6,277,180.3,.3,0,1,0,1,180.3
2005,6,30,18,6,277,180.3,.4,0,1,0,1,180.3
2005,6,30,19,6,277,180.3,.1,0,1,1,0,180.3
2005,6,30,20,6,277,180.3,.4,0,1,0,1,180.3
2005,6,30,21,6,277,180.3,.4,0,1,0,1,180.3
2005,6,30,22,6,277,180.3,.4,0,1,0,1,180.3
2005,6,30,23,6,277,180.3,.4,0,1,0,1,180.3
2005,6,30,24,6,277,180.3,.4,0,1,1,0,180.3
2005,6,30,1,6,278,0,60.2,0,2,1,0,0
2005,6,30,1,6,278,125.48,21.7,0,2,0,0,125.48
2005,6,30,2,6,278,0,60.2,0,2,1,0,0
2005,6,30,2,6,278,125.48,21.7,0,2,0,0,125.48
2005,6,30,3,6,278,0,60.2,0,2,1,0,0
2005,6,30,3,6,278,125.48,21.7,0,2,0,0,125.48
2005,6,30,4,6,278,0,60.2,0,2,1,0,0
2005,6,30,4,6,278,125.48,21.7,0,2,0,0,125.48
2005,6,30,5,6,278,0,60.2,0,2,1,0,0
2005,6,30,5,6,278,125.48,21.7,0,2,0,0,125.48
2005,6,30,6,6,278,0,60.2,0,2,1,0,0
2005,6,30,6,6,278,125.48,21.7,0,2,0,0,125.48
2005,6,30,7,6,278,0,60.2,0,2,1,0,0
2005,6,30,7,6,278,125.48,21.7,0,2,0,0,125.48
2005,6,30,8,6,278,0,60.2,0,2,1,0,0
2005,6,30,8,6,278,125.48,21.7,0,2,0,0,125.48
2005,6,30,9,6,278,0,60.2,0,2,1,0,0
2005,6,30,9,6,278,125.48,21.7,0,2,0,0,125.48
2005,6,30,10,6,278,0,80.2,0,2,1,0,0
2005,6,30,10,6,278,125.48,21.8,0,2,0,0,125.48
2005,6,30,11,6,278,0,76.2,0,2,1,0,0
2005,6,30,11,6,278,125.48,26.8,0,2,0,0,125.48
2005,6,30,12,6,278,0,76.2,0,2,1,0,0
2005,6,30,12,6,278,125.48,26.8,0,2,0,0,125.48
2005,6,30,13,6,278,0,76.2,0,2,1,0,0
2005,6,30,13,6,278,125.48,26.8,0,2,0,0,125.48
2005,6,30,14,6,278,0,76.2,0,2,1,0,0
2005,6,30,14,6,278,125.48,26.8,0,2,0,0,125.48
2005,6,30,15,6,278,0,76.2,0,2,1,0,0
2005,6,30,15,6,278,125.48,26.8,0,2,0,0,125.48
2005,6,30,16,6,278,0,76.2,0,2,1,0,0
2005,6,30,16,6,278,125.48,26.8,0,2,0,0,125.48
2005,6,30,17,6,278,0,76.2,0,2,1,0,0
2005,6,30,17,6,278,125.48,26.8,0,2,0,0,125.48
2005,6,30,18,6,278,0,76.2,0,2,1,0,0
2005,6,30,18,6,278,125.48,26.8,0,2,0,0,125.48
2005,6,30,19,6,278,0,76.2,0,2,1,0,0
2005,6,30,19,6,278,125.48,26.9,0,2,0,0,125.48
2005,6,30,20,6,278,0,76.2,0,2,1,0,0
2005,6,30,20,6,278,125.48,26.9,0,2,0,0,125.48
2005,6,30,21,6,278,0,60.2,0,2,1,0,0
2005,6,30,21,6,278,125.48,21.8,0,2,0,0,125.48
2005,6,30,22,6,278,0,70.2,0,2,1,0,0
2005,6,30,22,6,278,125.48,21.8,0,2,0,0,125.48
2005,6,30,23,6,278,0,70.2,0,2,1,0,0
2005,6,30,23,6,278,125.48,21.9,0,2,0,0,125.48
2005,6,30,24,6,278,0,60.2,0,2,1,0,0
2005,6,30,24,6,278,125.48,21.9,0,2,0,0,125.48
2005,6,30,1,8,279,0,200.4,0,2,1,0,0
2005,6,30,1,8,279,180.3,585.8,0,2,0,0,180.3
2005,6,30,2,8,279,0,203.9,0,2,1,0,0
2005,6,30,2,8,279,180.3,582.3,0,2,0,0,180.3
2005,6,30,3,8,279,0,192.9,0,2,1,0,0
2005,6,30,3,8,279,180.3,593.3,0,2,0,0,180.3
2005,6,30,4,8,279,0,174.5,0,2,1,0,0
2005,6,30,4,8,279,180.3,611.7,0,2,0,0,180.3
2005,6,30,5,8,279,0,155.4,0,2,1,0,0
2005,6,30,5,8,279,180.3,630.8,0,2,0,0,180.3
2005,6,30,6,8,279,0,133.6,0,2,1,0,0
2005,6,30,6,8,279,180.3,652.6,0,2,0,0,180.3
2005,6,30,7,8,279,0,113.5,0,2,1,0,0
2005,6,30,7,8,279,180.3,672.7,0,2,0,0,180.3
2005,6,30,8,8,279,0,96.8,0,2,1,0,0
2005,6,30,8,8,279,180.3,681,0,2,0,0,180.3
2005,6,30,9,8,279,0,84.7,0,2,1,0,0
2005,6,30,9,8,279,180.3,690.8,0,2,0,0,180.3
2005,6,30,10,8,279,0,77.1,0,2,1,0,0
2005,6,30,10,8,279,180.3,692.6,0,2,0,0,180.3
2005,6,30,11,8,279,0,69.6,0,2,1,0,0
2005,6,30,11,8,279,180.3,700.1,0,2,0,0,180.3
2005,6,30,12,8,279,0,68.2,0,2,1,0,0
2005,6,30,12,8,279,180.3,701.5,0,2,0,0,180.3
2005,6,30,13,8,279,0,70.3,0,2,1,0,0
2005,6,30,13,8,279,180.3,699.4,0,2,0,0,180.3
2005,6,30,14,8,279,0,85,0,2,1,0,0
2005,6,30,14,8,279,180.3,686.6,0,2,0,0,180.3
2005,6,30,15,8,279,0,96.4,0,2,1,0,0
2005,6,30,15,8,279,180.3,673.3,0,2,0,0,180.3
2005,6,30,16,8,279,0,112.1,0,2,1,0,0
2005,6,30,16,8,279,180.3,659.9,0,2,0,0,180.3
2005,6,30,17,8,279,0,118.4,0,2,1,0,0
2005,6,30,17,8,279,180.3,657.7,0,2,0,0,180.3
2005,6,30,18,8,279,0,118.1,0,2,1,0,0
2005,6,30,18,8,279,180.3,661.6,0,2,0,0,180.3
2005,6,30,19,8,279,0,128.5,0,2,1,0,0
2005,6,30,19,8,279,180.3,651.2,0,2,0,0,180.3
2005,6,30,20,8,279,0,133.2,0,2,1,0,0
2005,6,30,20,8,279,180.3,653,0,2,0,0,180.3
2005,6,30,21,8,279,0,125.2,0,2,1,0,0
2005,6,30,21,8,279,180.3,661,0,2,0,0,180.3
2005,6,30,22,8,279,0,137,0,2,1,0,0
2005,6,30,22,8,279,180.3,649.2,0,2,0,0,180.3
2005,6,30,23,8,279,0,148.6,0,2,1,0,0
2005,6,30,23,8,279,180.3,637.6,0,2,0,0,180.3
2005,6,30,24,8,279,0,141.6,0,2,1,0,0
2005,6,30,24,8,279,180.3,644.6,0,2,0,0,180.3
2005,6,30,1,9,280,0,3.3,0,2,1,0,0
2005,6,30,2,9,280,0,3.2,0,2,1,0,0
2005,6,30,3,9,280,0,3.3,0,2,1,0,0
2005,6,30,4,9,280,0,3.3,0,2,1,0,0
2005,6,30,5,9,280,0,3.4,0,2,1,0,0
2005,6,30,6,9,280,0,3.4,0,2,1,0,0
2005,6,30,7,9,280,0,3.3,0,2,1,0,0
2005,6,30,8,9,280,0,3.3,0,2,1,0,0
2005,6,30,9,9,280,0,3.4,0,2,1,0,0
2005,6,30,10,9,280,0,3.4,0,2,1,0,0
2005,6,30,11,9,280,0,3.3,0,2,1,0,0
2005,6,30,12,9,280,0,3.4,0,2,1,0,0
2005,6,30,13,9,280,0,3.3,0,2,1,0,0
2005,6,30,14,9,280,0,3.4,0,2,1,0,0
2005,6,30,15,9,280,0,3.4,0,2,1,0,0
2005,6,30,16,9,280,0,3.3,0,2,1,0,0
2005,6,30,17,9,280,0,3.3,0,2,1,0,0
2005,6,30,18,9,280,0,3.4,0,2,1,0,0
2005,6,30,19,9,280,0,3.3,0,2,1,0,0
2005,6,30,20,9,280,0,3.4,0,2,1,0,0
2005,6,30,21,9,280,0,3.2,0,2,1,0,0
2005,6,30,22,9,280,0,3.3,0,2,1,0,0
2005,6,30,23,9,280,0,3.3,0,2,1,0,0
2005,6,30,24,9,280,0,3.2,0,2,1,0,0
2005,6,30,1,9,281,0,3.9,0,2,1,0,0
2005,6,30,2,9,281,0,2.9,0,2,1,0,0
2005,6,30,3,9,281,0,2,0,2,1,0,0
2005,6,30,4,9,281,0,1.3,0,2,1,0,0
2005,6,30,5,9,281,0,.9,0,2,1,0,0
2005,6,30,6,9,281,0,.6,0,2,1,0,0
2005,6,30,7,9,281,0,.5,0,2,1,0,0
2005,6,30,8,9,281,0,.3,0,2,1,0,0
2005,6,30,9,9,281,0,.2,0,2,1,0,0
2005,6,30,10,9,281,0,.2,0,2,1,0,0
2005,6,30,11,9,281,0,.2,0,2,1,0,0
2005,6,30,12,9,281,0,.2,0,2,1,0,0
2005,6,30,13,9,281,0,.8,0,2,1,0,0
2005,6,30,14,9,281,0,2,0,2,1,0,0
2005,6,30,15,9,281,0,3.9,0,2,1,0,0
2005,6,30,16,9,281,0,6.6,0,2,1,0,0
2005,6,30,17,9,281,0,9.8,0,2,1,0,0
2005,6,30,18,9,281,0,13.5,0,2,1,0,0
2005,6,30,19,9,281,0,16.5,0,2,1,0,0
2005,6,30,20,9,281,0,18.7,0,2,1,0,0
2005,6,30,21,9,281,0,20.2,0,2,1,0,0
2005,6,30,22,9,281,0,20.8,0,2,1,0,0
2005,6,30,23,9,281,0,20.7,0,2,1,0,0
2005,6,30,24,9,281,0,19.7,0,2,1,0,0
2005,6,30,1,9,282,0,3,0,2,1,0,0
2005,6,30,2,9,282,0,3,0,2,1,0,0
2005,6,30,3,9,282,0,3,0,2,1,0,0
2005,6,30,4,9,282,0,3,0,2,1,0,0
2005,6,30,5,9,282,0,3,0,2,1,0,0
2005,6,30,6,9,282,0,3,0,2,1,0,0
2005,6,30,7,9,282,0,3,0,2,1,0,0
2005,6,30,8,9,282,0,3,0,2,1,0,0
2005,6,30,9,9,282,0,3,0,2,1,0,0
2005,6,30,10,9,282,0,3,0,2,1,0,0
2005,6,30,11,9,282,0,3,0,2,1,0,0
2005,6,30,12,9,282,0,3,0,2,1,0,0
2005,6,30,13,9,282,0,2.6,0,2,1,0,0
2005,6,30,14,9,282,0,2.5,0,2,1,0,0
2005,6,30,15,9,282,0,2.5,0,2,1,0,0
2005,6,30,16,9,282,0,2.5,0,2,1,0,0
2005,6,30,17,9,282,0,2.5,0,2,1,0,0
2005,6,30,18,9,282,0,2.5,0,2,1,0,0
2005,6,30,19,9,282,0,2.5,0,2,1,0,0
2005,6,30,20,9,282,0,3,0,2,1,0,0
2005,6,30,21,9,282,0,3,0,2,1,0,0
2005,6,30,22,9,282,0,3,0,2,1,0,0
2005,6,30,23,9,282,0,2.7,0,2,1,0,0
2005,6,30,24,9,282,0,3,0,2,1,0,0
