year,month,day,hour,firm_code,id,price,mwh,erate,direction,accepted,rejected,mg_cost
2005,6,26,1,3,1001,0,180,1.12757,2,1,0,0
2005,6,26,1,3,1001,31.25,30,1.12757,2,1,0,47.432879
2005,6,26,1,3,1001,32.48,30,1.12757,2,1,0,47.432879
2005,6,26,1,3,1001,36.48,50,1.12757,2,1,0,47.432879
2005,6,26,1,3,1001,39.48,40,1.12757,2,1,0,47.432879
2005,6,26,1,3,1001,180.3,20,1.12757,2,0,0,180.3
2005,6,26,2,3,1001,0,180,1.12757,2,1,0,0
2005,6,26,2,3,1001,31.25,30,1.12757,2,1,0,47.432879
2005,6,26,2,3,1001,32.48,30,1.12757,2,1,0,47.432879
2005,6,26,2,3,1001,130,50,1.12757,2,0,0,130
2005,6,26,2,3,1001,150,40,1.12757,2,0,0,150
2005,6,26,2,3,1001,180.3,20,1.12757,2,0,0,180.3
2005,6,26,3,3,1001,0,180,1.12757,2,1,0,0
2005,6,26,3,3,1001,110,30,1.12757,2,0,0,47.432879
2005,6,26,3,3,1001,120,30,1.12757,2,0,0,120
2005,6,26,3,3,1001,130,50,1.12757,2,0,0,130
2005,6,26,3,3,1001,150,40,1.12757,2,0,0,150
2005,6,26,3,3,1001,180.3,20,1.12757,2,0,0,180.3
2005,6,26,4,3,1001,0,180,1.12757,2,1,0,0
2005,6,26,4,3,1001,110,30,1.12757,2,0,0,47.432879
2005,6,26,4,3,1001,120,30,1.12757,2,0,0,120
2005,6,26,4,3,1001,130,50,1.12757,2,0,0,130
2005,6,26,4,3,1001,150,40,1.12757,2,0,0,150
2005,6,26,4,3,1001,180.3,20,1.12757,2,0,0,180.3
2005,6,26,5,3,1001,0,180,1.12757,2,1,0,0
2005,6,26,5,3,1001,110,30,1.12757,2,0,0,47.432879
2005,6,26,5,3,1001,120,30,1.12757,2,0,0,120
2005,6,26,5,3,1001,130,50,1.12757,2,0,0,130
2005,6,26,5,3,1001,150,40,1.12757,2,0,0,150
2005,6,26,5,3,1001,180.3,20,1.12757,2,0,0,180.3
2005,6,26,6,3,1001,0,180,1.12757,2,1,0,0
2005,6,26,6,3,1001,110,30,1.12757,2,0,0,47.432879
2005,6,26,6,3,1001,120,30,1.12757,2,0,0,120
2005,6,26,6,3,1001,130,50,1.12757,2,0,0,130
2005,6,26,6,3,1001,150,40,1.12757,2,0,0,150
2005,6,26,6,3,1001,180.3,20,1.12757,2,0,0,180.3
2005,6,26,7,3,1001,0,180,1.12757,2,1,0,0
2005,6,26,7,3,1001,110,30,1.12757,2,0,0,47.432879
2005,6,26,7,3,1001,120,30,1.12757,2,0,0,120
2005,6,26,7,3,1001,130,50,1.12757,2,0,0,130
2005,6,26,7,3,1001,150,40,1.12757,2,0,0,150
2005,6,26,7,3,1001,180.3,20,1.12757,2,0,0,180.3
2005,6,26,8,3,1001,0,180,1.12757,2,1,0,0
2005,6,26,8,3,1001,110,30,1.12757,2,0,0,47.432879
2005,6,26,8,3,1001,120,30,1.12757,2,0,0,120
2005,6,26,8,3,1001,130,50,1.12757,2,0,0,130
2005,6,26,8,3,1001,150,40,1.12757,2,0,0,150
2005,6,26,8,3,1001,180.3,20,1.12757,2,0,0,180.3
2005,6,26,9,3,1001,0,180,1.12757,2,1,0,0
2005,6,26,9,3,1001,31.25,30,1.12757,2,1,0,47.432879
2005,6,26,9,3,1001,32.48,30,1.12757,2,1,0,47.432879
2005,6,26,9,3,1001,130,50,1.12757,2,0,0,130
2005,6,26,9,3,1001,150,40,1.12757,2,0,0,150
2005,6,26,9,3,1001,180.3,20,1.12757,2,0,0,180.3
2005,6,26,10,3,1001,0,270,1.12757,2,1,0,0
2005,6,26,10,3,1001,31.25,20,1.12757,2,1,0,47.432879
2005,6,26,10,3,1001,32.48,20,1.12757,2,1,0,47.432879
2005,6,26,10,3,1001,36.48,10,1.12757,2,0,0,47.432879
2005,6,26,10,3,1001,39.48,10,1.12757,2,0,0,47.432879
2005,6,26,10,3,1001,180.3,20,1.12757,2,0,0,180.3
2005,6,26,11,3,1001,0,330,1.12757,2,1,0,0
2005,6,26,11,3,1001,180.3,20,1.12757,2,0,0,180.3
2005,6,26,12,3,1001,0,330,1.12757,2,1,0,0
2005,6,26,12,3,1001,180.3,20,1.12757,2,0,0,180.3
2005,6,26,13,3,1001,0,330,1.12757,2,1,0,0
2005,6,26,13,3,1001,180.3,20,1.12757,2,0,0,180.3
2005,6,26,14,3,1001,0,330,1.12757,2,1,0,0
2005,6,26,14,3,1001,180.3,20,1.12757,2,0,0,180.3
2005,6,26,15,3,1001,0,330,1.12757,2,1,0,0
2005,6,26,15,3,1001,180.3,20,1.12757,2,0,0,180.3
2005,6,26,16,3,1001,0,290,1.12757,2,1,0,0
2005,6,26,16,3,1001,31.25,20,1.12757,2,1,0,47.432879
2005,6,26,16,3,1001,32.48,10,1.12757,2,1,0,47.432879
2005,6,26,16,3,1001,36.48,10,1.12757,2,1,0,47.432879
2005,6,26,16,3,1001,180.3,20,1.12757,2,0,0,180.3
2005,6,26,17,3,1001,0,290,1.12757,2,1,0,0
2005,6,26,17,3,1001,31.25,20,1.12757,2,1,0,47.432879
2005,6,26,17,3,1001,32.48,10,1.12757,2,1,0,47.432879
2005,6,26,17,3,1001,36.48,10,1.12757,2,1,0,47.432879
2005,6,26,17,3,1001,180.3,20,1.12757,2,0,0,180.3
2005,6,26,18,3,1001,0,290,1.12757,2,1,0,0
2005,6,26,18,3,1001,31.25,20,1.12757,2,1,0,47.432879
2005,6,26,18,3,1001,32.48,10,1.12757,2,1,0,47.432879
2005,6,26,18,3,1001,36.48,10,1.12757,2,1,0,47.432879
2005,6,26,18,3,1001,180.3,20,1.12757,2,0,0,180.3
2005,6,26,19,3,1001,0,290,1.12757,2,1,0,0
2005,6,26,19,3,1001,31.25,20,1.12757,2,1,0,47.432879
2005,6,26,19,3,1001,32.48,10,1.12757,2,1,0,47.432879
2005,6,26,19,3,1001,36.48,10,1.12757,2,1,0,47.432879
2005,6,26,19,3,1001,180.3,20,1.12757,2,0,0,180.3
2005,6,26,20,3,1001,0,290,1.12757,2,1,0,0
2005,6,26,20,3,1001,31.25,20,1.12757,2,1,0,47.432879
2005,6,26,20,3,1001,32.48,10,1.12757,2,1,0,47.432879
2005,6,26,20,3,1001,36.48,10,1.12757,2,1,0,47.432879
2005,6,26,20,3,1001,180.3,20,1.12757,2,0,0,180.3
2005,6,26,21,3,1001,0,290,1.12757,2,1,0,0
2005,6,26,21,3,1001,31.25,20,1.12757,2,1,0,47.432879
2005,6,26,21,3,1001,32.48,10,1.12757,2,1,0,47.432879
2005,6,26,21,3,1001,36.48,10,1.12757,2,1,0,47.432879
2005,6,26,21,3,1001,180.3,20,1.12757,2,0,0,180.3
2005,6,26,22,3,1001,0,290,1.12757,2,1,0,0
2005,6,26,22,3,1001,31.25,20,1.12757,2,1,0,47.432879
2005,6,26,22,3,1001,32.48,10,1.12757,2,1,0,47.432879
2005,6,26,22,3,1001,36.48,10,1.12757,2,1,0,47.432879
2005,6,26,22,3,1001,180.3,20,1.12757,2,0,0,180.3
2005,6,26,23,3,1001,0,290,1.12757,2,1,0,0
2005,6,26,23,3,1001,31.25,20,1.12757,2,1,0,47.432879
2005,6,26,23,3,1001,32.48,10,1.12757,2,1,0,47.432879
2005,6,26,23,3,1001,36.48,10,1.12757,2,1,0,47.432879
2005,6,26,23,3,1001,180.3,20,1.12757,2,0,0,180.3
2005,6,26,24,3,1001,0,290,1.12757,2,1,0,0
2005,6,26,24,3,1001,31.25,20,1.12757,2,1,0,47.432879
2005,6,26,24,3,1001,32.48,10,1.12757,2,1,0,47.432879
2005,6,26,24,3,1001,36.48,10,1.12757,2,1,0,47.432879
2005,6,26,24,3,1001,180.3,20,1.12757,2,0,0,180.3
2005,6,26,1,3,1002,0,400,1.12757,2,1,0,0
2005,6,26,1,3,1002,28.55,30,1.12757,2,1,0,46.807494
2005,6,26,1,3,1002,29.55,30,1.12757,2,1,0,46.807494
2005,6,26,1,3,1002,30.55,30,1.12757,2,1,0,46.807494
2005,6,26,1,3,1002,31.55,35,1.12757,2,1,0,46.807494
2005,6,26,1,3,1002,180.3,10,1.12757,2,0,0,180.3
2005,6,26,2,3,1002,0,400,1.12757,2,1,0,0
2005,6,26,2,3,1002,28.55,30,1.12757,2,1,0,46.807494
2005,6,26,2,3,1002,29.55,30,1.12757,2,1,0,46.807494
2005,6,26,2,3,1002,30.55,30,1.12757,2,1,0,46.807494
2005,6,26,2,3,1002,31.55,35,1.12757,2,1,0,46.807494
2005,6,26,2,3,1002,180.3,10,1.12757,2,0,0,180.3
2005,6,26,3,3,1002,0,400,1.12757,2,1,0,0
2005,6,26,3,3,1002,28.55,30,1.12757,2,1,0,46.807494
2005,6,26,3,3,1002,29.55,30,1.12757,2,1,0,46.807494
2005,6,26,3,3,1002,30.55,30,1.12757,2,1,0,46.807494
2005,6,26,3,3,1002,31.55,35,1.12757,2,1,0,46.807494
2005,6,26,3,3,1002,180.3,10,1.12757,2,0,0,180.3
2005,6,26,4,3,1002,0,400,1.12757,2,1,0,0
2005,6,26,4,3,1002,28.55,30,1.12757,2,1,0,46.807494
2005,6,26,4,3,1002,29.55,30,1.12757,2,1,0,46.807494
2005,6,26,4,3,1002,30.55,30,1.12757,2,1,0,46.807494
2005,6,26,4,3,1002,31.55,35,1.12757,2,1,0,46.807494
2005,6,26,4,3,1002,180.3,10,1.12757,2,0,0,180.3
2005,6,26,5,3,1002,0,400,1.12757,2,1,0,0
2005,6,26,5,3,1002,28.55,30,1.12757,2,1,0,46.807494
2005,6,26,5,3,1002,29.55,30,1.12757,2,1,0,46.807494
2005,6,26,5,3,1002,30.55,30,1.12757,2,1,0,46.807494
2005,6,26,5,3,1002,31.55,35,1.12757,2,1,0,46.807494
2005,6,26,5,3,1002,180.3,10,1.12757,2,0,0,180.3
2005,6,26,6,3,1002,0,400,1.12757,2,1,0,0
2005,6,26,6,3,1002,28.55,30,1.12757,2,1,0,46.807494
2005,6,26,6,3,1002,29.55,30,1.12757,2,1,0,46.807494
2005,6,26,6,3,1002,30.55,30,1.12757,2,1,0,46.807494
2005,6,26,6,3,1002,31.55,35,1.12757,2,1,0,46.807494
2005,6,26,6,3,1002,180.3,10,1.12757,2,0,0,180.3
2005,6,26,7,3,1002,0,400,1.12757,2,1,0,0
2005,6,26,7,3,1002,28.55,30,1.12757,2,1,0,46.807494
2005,6,26,7,3,1002,29.55,30,1.12757,2,1,0,46.807494
2005,6,26,7,3,1002,30.55,30,1.12757,2,1,0,46.807494
2005,6,26,7,3,1002,31.55,35,1.12757,2,1,0,46.807494
2005,6,26,7,3,1002,180.3,10,1.12757,2,0,0,180.3
2005,6,26,8,3,1002,0,400,1.12757,2,1,0,0
2005,6,26,8,3,1002,28.55,30,1.12757,2,1,0,46.807494
2005,6,26,8,3,1002,29.55,30,1.12757,2,1,0,46.807494
2005,6,26,8,3,1002,30.55,30,1.12757,2,1,0,46.807494
2005,6,26,8,3,1002,31.55,35,1.12757,2,1,0,46.807494
2005,6,26,8,3,1002,180.3,10,1.12757,2,0,0,180.3
2005,6,26,9,3,1002,0,400,1.12757,2,1,0,0
2005,6,26,9,3,1002,28.55,30,1.12757,2,1,0,46.807494
2005,6,26,9,3,1002,29.55,30,1.12757,2,1,0,46.807494
2005,6,26,9,3,1002,30.55,30,1.12757,2,1,0,46.807494
2005,6,26,9,3,1002,31.55,35,1.12757,2,1,0,46.807494
2005,6,26,9,3,1002,180.3,10,1.12757,2,0,0,180.3
2005,6,26,10,3,1002,0,470,1.12757,2,1,0,0
2005,6,26,10,3,1002,28.55,10,1.12757,2,1,0,46.807494
2005,6,26,10,3,1002,29.55,15,1.12757,2,1,0,46.807494
2005,6,26,10,3,1002,30.55,15,1.12757,2,1,0,46.807494
2005,6,26,10,3,1002,31.55,15,1.12757,2,1,0,46.807494
2005,6,26,10,3,1002,180.3,10,1.12757,2,0,0,180.3
2005,6,26,11,3,1002,0,525,1.12757,2,1,0,0
2005,6,26,11,3,1002,180.3,10,1.12757,2,0,0,180.3
2005,6,26,12,3,1002,0,525,1.12757,2,1,0,0
2005,6,26,12,3,1002,180.3,10,1.12757,2,0,0,180.3
2005,6,26,13,3,1002,0,525,1.12757,2,1,0,0
2005,6,26,13,3,1002,180.3,10,1.12757,2,0,0,180.3
2005,6,26,14,3,1002,0,525,1.12757,2,1,0,0
2005,6,26,14,3,1002,180.3,10,1.12757,2,0,0,180.3
2005,6,26,15,3,1002,0,525,1.12757,2,1,0,0
2005,6,26,15,3,1002,180.3,10,1.12757,2,0,0,180.3
2005,6,26,16,3,1002,0,525,1.12757,2,1,0,0
2005,6,26,16,3,1002,180.3,10,1.12757,2,0,0,180.3
2005,6,26,17,3,1002,0,525,1.12757,2,1,0,0
2005,6,26,17,3,1002,180.3,10,1.12757,2,0,0,180.3
2005,6,26,18,3,1002,0,525,1.12757,2,1,0,0
2005,6,26,18,3,1002,180.3,10,1.12757,2,0,0,180.3
2005,6,26,19,3,1002,0,525,1.12757,2,1,0,0
2005,6,26,19,3,1002,180.3,10,1.12757,2,0,0,180.3
2005,6,26,20,3,1002,0,525,1.12757,2,1,0,0
2005,6,26,20,3,1002,180.3,10,1.12757,2,0,0,180.3
2005,6,26,21,3,1002,0,525,1.12757,2,1,0,0
2005,6,26,21,3,1002,180.3,10,1.12757,2,0,0,180.3
2005,6,26,22,3,1002,0,525,1.12757,2,1,0,0
2005,6,26,22,3,1002,180.3,10,1.12757,2,0,0,180.3
2005,6,26,23,3,1002,0,525,1.12757,2,1,0,0
2005,6,26,23,3,1002,180.3,10,1.12757,2,0,0,180.3
2005,6,26,24,3,1002,0,525,1.12757,2,1,0,0
2005,6,26,24,3,1002,180.3,10,1.12757,2,0,0,180.3
2005,6,26,1,1,1003,133.55,150.5,.761947,2,0,0,133.55
2005,6,26,2,1,1003,133.55,150.5,.761947,2,0,0,133.55
2005,6,26,3,1,1003,133.55,150.5,.761947,2,0,0,133.55
2005,6,26,4,1,1003,133.55,150.5,.761947,2,0,0,133.55
2005,6,26,5,1,1003,133.55,150.5,.761947,2,0,0,133.55
2005,6,26,6,1,1003,133.55,150.5,.761947,2,0,0,133.55
2005,6,26,7,1,1003,133.55,150.5,.761947,2,0,0,133.55
2005,6,26,8,1,1003,133.55,150.5,.761947,2,0,0,133.55
2005,6,26,9,1,1003,133.55,150.5,.761947,2,0,0,133.55
2005,6,26,10,1,1003,133.55,150.5,.761947,2,0,0,133.55
2005,6,26,11,1,1003,133.55,150.5,.761947,2,0,0,133.55
2005,6,26,12,1,1003,133.55,150.5,.761947,2,0,0,133.55
2005,6,26,13,1,1003,133.55,150.5,.761947,2,0,0,133.55
2005,6,26,14,1,1003,133.55,150.5,.761947,2,0,0,133.55
2005,6,26,15,1,1003,133.55,150.5,.761947,2,0,0,133.55
2005,6,26,16,1,1003,133.55,150.5,.761947,2,0,0,133.55
2005,6,26,17,1,1003,133.55,150.5,.761947,2,0,0,133.55
2005,6,26,18,1,1003,133.55,150.5,.761947,2,0,0,133.55
2005,6,26,19,1,1003,133.55,150.5,.761947,2,0,0,133.55
2005,6,26,20,1,1003,133.55,150.5,.761947,2,0,0,133.55
2005,6,26,21,1,1003,133.55,150.5,.761947,2,0,0,133.55
2005,6,26,22,1,1003,133.55,150.5,.761947,2,0,0,133.55
2005,6,26,23,1,1003,133.55,150.5,.761947,2,0,0,133.55
2005,6,26,24,1,1003,133.55,150.5,.761947,2,0,0,133.55
2005,6,26,1,4,1003,133.55,150.5,.761947,2,0,0,133.55
2005,6,26,2,4,1003,133.55,150.5,.761947,2,0,0,133.55
2005,6,26,3,4,1003,133.55,150.5,.761947,2,0,0,133.55
2005,6,26,4,4,1003,133.55,150.5,.761947,2,0,0,133.55
2005,6,26,5,4,1003,133.55,150.5,.761947,2,0,0,133.55
2005,6,26,6,4,1003,133.55,150.5,.761947,2,0,0,133.55
2005,6,26,7,4,1003,133.55,150.5,.761947,2,0,0,133.55
2005,6,26,8,4,1003,133.55,150.5,.761947,2,0,0,133.55
2005,6,26,9,4,1003,133.55,150.5,.761947,2,0,0,133.55
2005,6,26,10,4,1003,133.55,150.5,.761947,2,0,0,133.55
2005,6,26,11,4,1003,133.55,150.5,.761947,2,0,0,133.55
2005,6,26,12,4,1003,133.55,150.5,.761947,2,0,0,133.55
2005,6,26,13,4,1003,133.55,150.5,.761947,2,0,0,133.55
2005,6,26,14,4,1003,133.55,150.5,.761947,2,0,0,133.55
2005,6,26,15,4,1003,133.55,150.5,.761947,2,0,0,133.55
2005,6,26,16,4,1003,133.55,150.5,.761947,2,0,0,133.55
2005,6,26,17,4,1003,133.55,150.5,.761947,2,0,0,133.55
2005,6,26,18,4,1003,133.55,150.5,.761947,2,0,0,133.55
2005,6,26,19,4,1003,133.55,150.5,.761947,2,0,0,133.55
2005,6,26,20,4,1003,133.55,150.5,.761947,2,0,0,133.55
2005,6,26,21,4,1003,133.55,150.5,.761947,2,0,0,133.55
2005,6,26,22,4,1003,133.55,150.5,.761947,2,0,0,133.55
2005,6,26,23,4,1003,133.55,150.5,.761947,2,0,0,133.55
2005,6,26,24,4,1003,133.55,150.5,.761947,2,0,0,133.55
2005,6,26,1,1,1004,145.89,150.9,.761947,2,0,0,145.89
2005,6,26,2,1,1004,145.89,150.9,.761947,2,0,0,145.89
2005,6,26,3,1,1004,145.89,150.9,.761947,2,0,0,145.89
2005,6,26,4,1,1004,145.89,150.9,.761947,2,0,0,145.89
2005,6,26,5,1,1004,145.89,150.9,.761947,2,0,0,145.89
2005,6,26,6,1,1004,145.89,150.9,.761947,2,0,0,145.89
2005,6,26,7,1,1004,145.89,150.9,.761947,2,0,0,145.89
2005,6,26,8,1,1004,145.89,150.9,.761947,2,0,0,145.89
2005,6,26,9,1,1004,145.89,150.9,.761947,2,0,0,145.89
2005,6,26,10,1,1004,145.89,150.9,.761947,2,0,0,145.89
2005,6,26,11,1,1004,145.89,150.9,.761947,2,0,0,145.89
2005,6,26,12,1,1004,145.89,150.9,.761947,2,0,0,145.89
2005,6,26,13,1,1004,145.89,150.9,.761947,2,0,0,145.89
2005,6,26,14,1,1004,145.89,150.9,.761947,2,0,0,145.89
2005,6,26,15,1,1004,145.89,150.9,.761947,2,0,0,145.89
2005,6,26,16,1,1004,145.89,150.9,.761947,2,0,0,145.89
2005,6,26,17,1,1004,145.89,150.9,.761947,2,0,0,145.89
2005,6,26,18,1,1004,145.89,150.9,.761947,2,0,0,145.89
2005,6,26,19,1,1004,145.89,150.9,.761947,2,0,0,145.89
2005,6,26,20,1,1004,145.89,150.9,.761947,2,0,0,145.89
2005,6,26,21,1,1004,145.89,150.9,.761947,2,0,0,145.89
2005,6,26,22,1,1004,145.89,150.9,.761947,2,0,0,145.89
2005,6,26,23,1,1004,145.89,150.9,.761947,2,0,0,145.89
2005,6,26,24,1,1004,145.89,150.9,.761947,2,0,0,145.89
2005,6,26,1,4,1004,145.89,150.9,.761947,2,0,0,145.89
2005,6,26,2,4,1004,145.89,150.9,.761947,2,0,0,145.89
2005,6,26,3,4,1004,145.89,150.9,.761947,2,0,0,145.89
2005,6,26,4,4,1004,145.89,150.9,.761947,2,0,0,145.89
2005,6,26,5,4,1004,145.89,150.9,.761947,2,0,0,145.89
2005,6,26,6,4,1004,145.89,150.9,.761947,2,0,0,145.89
2005,6,26,7,4,1004,145.89,150.9,.761947,2,0,0,145.89
2005,6,26,8,4,1004,145.89,150.9,.761947,2,0,0,145.89
2005,6,26,9,4,1004,145.89,150.9,.761947,2,0,0,145.89
2005,6,26,10,4,1004,145.89,150.9,.761947,2,0,0,145.89
2005,6,26,11,4,1004,145.89,150.9,.761947,2,0,0,145.89
2005,6,26,12,4,1004,145.89,150.9,.761947,2,0,0,145.89
2005,6,26,13,4,1004,145.89,150.9,.761947,2,0,0,145.89
2005,6,26,14,4,1004,145.89,150.9,.761947,2,0,0,145.89
2005,6,26,15,4,1004,145.89,150.9,.761947,2,0,0,145.89
2005,6,26,16,4,1004,145.89,150.9,.761947,2,0,0,145.89
2005,6,26,17,4,1004,145.89,150.9,.761947,2,0,0,145.89
2005,6,26,18,4,1004,145.89,150.9,.761947,2,0,0,145.89
2005,6,26,19,4,1004,145.89,150.9,.761947,2,0,0,145.89
2005,6,26,20,4,1004,145.89,150.9,.761947,2,0,0,145.89
2005,6,26,21,4,1004,145.89,150.9,.761947,2,0,0,145.89
2005,6,26,22,4,1004,145.89,150.9,.761947,2,0,0,145.89
2005,6,26,23,4,1004,145.89,150.9,.761947,2,0,0,145.89
2005,6,26,24,4,1004,145.89,150.9,.761947,2,0,0,145.89
2005,6,26,1,1,1005,0,360,.350905,2,1,0,0
2005,6,26,1,1,1005,134.58,10.5,.350905,2,0,0,134.58
2005,6,26,2,1,1005,0,360,.350905,2,1,0,0
2005,6,26,2,1,1005,134.58,10.5,.350905,2,0,0,134.58
2005,6,26,3,1,1005,0,360,.350905,2,1,0,0
2005,6,26,3,1,1005,134.58,10.5,.350905,2,0,0,134.58
2005,6,26,4,1,1005,0,360,.350905,2,1,0,0
2005,6,26,4,1,1005,134.58,10.5,.350905,2,0,0,134.58
2005,6,26,5,1,1005,0,360,.350905,2,1,0,0
2005,6,26,5,1,1005,134.58,10.5,.350905,2,0,0,134.58
2005,6,26,6,1,1005,0,360,.350905,2,1,0,0
2005,6,26,6,1,1005,134.58,10.5,.350905,2,0,0,134.58
2005,6,26,7,1,1005,0,360,.350905,2,1,0,0
2005,6,26,7,1,1005,134.58,10.5,.350905,2,0,0,134.58
2005,6,26,8,1,1005,0,360,.350905,2,1,0,0
2005,6,26,8,1,1005,134.58,10.5,.350905,2,0,0,134.58
2005,6,26,9,1,1005,0,360,.350905,2,1,0,0
2005,6,26,9,1,1005,134.58,10.5,.350905,2,0,0,134.58
2005,6,26,10,1,1005,0,360,.350905,2,1,0,0
2005,6,26,10,1,1005,134.58,10.5,.350905,2,0,0,134.58
2005,6,26,11,1,1005,0,360,.350905,2,1,0,0
2005,6,26,11,1,1005,134.58,10.5,.350905,2,0,0,134.58
2005,6,26,12,1,1005,0,360,.350905,2,1,0,0
2005,6,26,12,1,1005,134.58,10.5,.350905,2,0,0,134.58
2005,6,26,13,1,1005,0,360,.350905,2,1,0,0
2005,6,26,13,1,1005,134.58,10.5,.350905,2,0,0,134.58
2005,6,26,14,1,1005,0,360,.350905,2,1,0,0
2005,6,26,14,1,1005,134.58,10.5,.350905,2,0,0,134.58
2005,6,26,15,1,1005,0,360,.350905,2,1,0,0
2005,6,26,15,1,1005,134.58,10.5,.350905,2,0,0,134.58
2005,6,26,16,1,1005,0,360,.350905,2,1,0,0
2005,6,26,16,1,1005,134.58,10.5,.350905,2,0,0,134.58
2005,6,26,17,1,1005,0,360,.350905,2,1,0,0
2005,6,26,17,1,1005,134.58,10.5,.350905,2,0,0,134.58
2005,6,26,18,1,1005,0,360,.350905,2,1,0,0
2005,6,26,18,1,1005,134.58,10.5,.350905,2,0,0,134.58
2005,6,26,19,1,1005,0,360,.350905,2,1,0,0
2005,6,26,19,1,1005,134.58,10.5,.350905,2,0,0,134.58
2005,6,26,20,1,1005,0,360,.350905,2,1,0,0
2005,6,26,20,1,1005,134.58,10.5,.350905,2,0,0,134.58
2005,6,26,21,1,1005,0,360,.350905,2,1,0,0
2005,6,26,21,1,1005,134.58,10.5,.350905,2,0,0,134.58
2005,6,26,22,1,1005,0,360,.350905,2,1,0,0
2005,6,26,22,1,1005,134.58,10.5,.350905,2,0,0,134.58
2005,6,26,23,1,1005,0,360,.350905,2,1,0,0
2005,6,26,23,1,1005,134.58,10.5,.350905,2,0,0,134.58
2005,6,26,24,1,1005,0,360,.350905,2,1,0,0
2005,6,26,24,1,1005,134.58,10.5,.350905,2,0,0,134.58
2005,6,26,1,2,1007,86.59,90,.66451,2,0,0,73.50672
2005,6,26,1,2,1007,86.7,223,.66451,2,0,0,73.50672
2005,6,26,2,2,1007,86.59,90,.66451,2,0,0,73.50672
2005,6,26,2,2,1007,86.7,223,.66451,2,0,0,73.50672
2005,6,26,3,2,1007,86.59,90,.66451,2,0,0,73.50672
2005,6,26,3,2,1007,86.7,223,.66451,2,0,0,73.50672
2005,6,26,4,2,1007,86.59,90,.66451,2,0,0,73.50672
2005,6,26,4,2,1007,86.7,223,.66451,2,0,0,73.50672
2005,6,26,5,2,1007,86.59,90,.66451,2,0,0,73.50672
2005,6,26,5,2,1007,86.7,223,.66451,2,0,0,73.50672
2005,6,26,6,2,1007,86.59,90,.66451,2,0,0,73.50672
2005,6,26,6,2,1007,86.7,223,.66451,2,0,0,73.50672
2005,6,26,7,2,1007,86.59,90,.66451,2,0,0,73.50672
2005,6,26,7,2,1007,86.7,223,.66451,2,0,0,73.50672
2005,6,26,8,2,1007,86.59,90,.66451,2,0,0,73.50672
2005,6,26,8,2,1007,86.7,223,.66451,2,0,0,73.50672
2005,6,26,9,2,1007,86.59,90,.66451,2,0,0,73.50672
2005,6,26,9,2,1007,86.7,223,.66451,2,0,0,73.50672
2005,6,26,10,2,1007,86.59,90,.66451,2,0,0,73.50672
2005,6,26,10,2,1007,86.7,223,.66451,2,0,0,73.50672
2005,6,26,11,2,1007,86.59,90,.66451,2,0,0,73.50672
2005,6,26,11,2,1007,86.7,223,.66451,2,0,0,73.50672
2005,6,26,12,2,1007,86.59,90,.66451,2,0,0,73.50672
2005,6,26,12,2,1007,86.7,223,.66451,2,0,0,73.50672
2005,6,26,13,2,1007,86.59,90,.66451,2,0,0,73.50672
2005,6,26,13,2,1007,86.7,223,.66451,2,0,0,73.50672
2005,6,26,14,2,1007,86.59,90,.66451,2,0,0,73.50672
2005,6,26,14,2,1007,86.7,223,.66451,2,0,0,73.50672
2005,6,26,15,2,1007,86.59,90,.66451,2,0,0,73.50672
2005,6,26,15,2,1007,86.7,223,.66451,2,0,0,73.50672
2005,6,26,16,2,1007,86.59,90,.66451,2,0,0,73.50672
2005,6,26,16,2,1007,86.7,223,.66451,2,0,0,73.50672
2005,6,26,17,2,1007,86.59,90,.66451,2,0,0,73.50672
2005,6,26,17,2,1007,86.7,223,.66451,2,0,0,73.50672
2005,6,26,18,2,1007,86.59,90,.66451,2,0,0,73.50672
2005,6,26,18,2,1007,86.7,223,.66451,2,0,0,73.50672
2005,6,26,19,2,1007,86.59,90,.66451,2,0,0,73.50672
2005,6,26,19,2,1007,86.7,223,.66451,2,0,0,73.50672
2005,6,26,20,2,1007,86.59,90,.66451,2,0,0,73.50672
2005,6,26,20,2,1007,86.7,223,.66451,2,0,0,73.50672
2005,6,26,21,2,1007,86.59,90,.66451,2,0,0,73.50672
2005,6,26,21,2,1007,86.7,223,.66451,2,0,0,73.50672
2005,6,26,22,2,1007,86.59,90,.66451,2,0,0,73.50672
2005,6,26,22,2,1007,86.7,223,.66451,2,0,0,73.50672
2005,6,26,23,2,1007,86.59,90,.66451,2,0,0,73.50672
2005,6,26,23,2,1007,86.7,223,.66451,2,0,0,73.50672
2005,6,26,24,2,1007,86.59,90,.66451,2,0,0,73.50672
2005,6,26,24,2,1007,86.7,223,.66451,2,0,0,73.50672
2005,6,26,1,2,1009,83.2,90,.66451,2,0,0,76.88659
2005,6,26,1,2,1009,83.31,245,.66451,2,0,0,76.88659
2005,6,26,2,2,1009,83.2,90,.66451,2,0,0,76.88659
2005,6,26,2,2,1009,83.31,245,.66451,2,0,0,76.88659
2005,6,26,3,2,1009,83.2,90,.66451,2,0,0,76.88659
2005,6,26,3,2,1009,83.31,245,.66451,2,0,0,76.88659
2005,6,26,4,2,1009,83.2,90,.66451,2,0,0,76.88659
2005,6,26,4,2,1009,83.31,245,.66451,2,0,0,76.88659
2005,6,26,5,2,1009,83.2,90,.66451,2,0,0,76.88659
2005,6,26,5,2,1009,83.31,245,.66451,2,0,0,76.88659
2005,6,26,6,2,1009,83.2,90,.66451,2,0,0,76.88659
2005,6,26,6,2,1009,83.31,245,.66451,2,0,0,76.88659
2005,6,26,7,2,1009,83.2,90,.66451,2,0,0,76.88659
2005,6,26,7,2,1009,83.31,245,.66451,2,0,0,76.88659
2005,6,26,8,2,1009,83.2,90,.66451,2,0,0,76.88659
2005,6,26,8,2,1009,83.31,245,.66451,2,0,0,76.88659
2005,6,26,9,2,1009,83.2,90,.66451,2,0,0,76.88659
2005,6,26,9,2,1009,83.31,245,.66451,2,0,0,76.88659
2005,6,26,10,2,1009,83.2,90,.66451,2,0,0,76.88659
2005,6,26,10,2,1009,83.31,245,.66451,2,0,0,76.88659
2005,6,26,11,2,1009,83.2,90,.66451,2,0,0,76.88659
2005,6,26,11,2,1009,83.31,245,.66451,2,0,0,76.88659
2005,6,26,12,2,1009,83.2,90,.66451,2,0,0,76.88659
2005,6,26,12,2,1009,83.31,245,.66451,2,0,0,76.88659
2005,6,26,13,2,1009,83.2,90,.66451,2,0,0,76.88659
2005,6,26,13,2,1009,83.31,245,.66451,2,0,0,76.88659
2005,6,26,14,2,1009,83.2,90,.66451,2,0,0,76.88659
2005,6,26,14,2,1009,83.31,245,.66451,2,0,0,76.88659
2005,6,26,15,2,1009,83.2,90,.66451,2,0,0,76.88659
2005,6,26,15,2,1009,83.31,245,.66451,2,0,0,76.88659
2005,6,26,16,2,1009,83.2,90,.66451,2,0,0,76.88659
2005,6,26,16,2,1009,83.31,245,.66451,2,0,0,76.88659
2005,6,26,17,2,1009,83.2,90,.66451,2,0,0,76.88659
2005,6,26,17,2,1009,83.31,245,.66451,2,0,0,76.88659
2005,6,26,18,2,1009,83.2,90,.66451,2,0,0,76.88659
2005,6,26,18,2,1009,83.31,245,.66451,2,0,0,76.88659
2005,6,26,19,2,1009,83.2,90,.66451,2,0,0,76.88659
2005,6,26,19,2,1009,83.31,245,.66451,2,0,0,76.88659
2005,6,26,20,2,1009,83.2,90,.66451,2,0,0,76.88659
2005,6,26,20,2,1009,83.31,245,.66451,2,0,0,76.88659
2005,6,26,21,2,1009,83.2,90,.66451,2,0,0,76.88659
2005,6,26,21,2,1009,83.31,245,.66451,2,0,0,76.88659
2005,6,26,22,2,1009,83.2,90,.66451,2,0,0,76.88659
2005,6,26,22,2,1009,83.31,245,.66451,2,0,0,76.88659
2005,6,26,23,2,1009,83.2,90,.66451,2,0,0,76.88659
2005,6,26,23,2,1009,83.31,245,.66451,2,0,0,76.88659
2005,6,26,24,2,1009,83.2,90,.66451,2,0,0,76.88659
2005,6,26,24,2,1009,83.31,245,.66451,2,0,0,76.88659
2005,6,26,1,9,8,180,1.2,0,2,0,0,180
2005,6,26,2,9,8,180,1.2,0,2,0,0,180
2005,6,26,3,9,8,180,1.2,0,2,0,0,180
2005,6,26,4,9,8,180,1.2,0,2,0,0,180
2005,6,26,5,9,8,180,1.1,0,2,0,0,180
2005,6,26,6,9,8,180,1.1,0,2,0,0,180
2005,6,26,7,9,8,180,1.1,0,2,0,0,180
2005,6,26,8,9,8,180,1.1,0,2,0,0,180
2005,6,26,9,9,8,180,1.1,0,2,0,0,180
2005,6,26,10,9,8,180,1,0,2,0,0,180
2005,6,26,11,9,8,180,1,0,2,0,0,180
2005,6,26,12,9,8,180,1,0,2,0,0,180
2005,6,26,13,9,8,180,1,0,2,0,0,180
2005,6,26,14,9,8,180,.9,0,2,0,0,180
2005,6,26,15,9,8,180,.9,0,2,0,0,180
2005,6,26,16,9,8,180,.8,0,2,0,0,180
2005,6,26,17,9,8,180,.6,0,2,0,0,180
2005,6,26,18,9,8,180,.6,0,2,0,0,180
2005,6,26,19,9,8,180,.6,0,2,0,0,180
2005,6,26,20,9,8,180,.9,0,2,0,0,180
2005,6,26,21,9,8,180,.9,0,2,0,0,180
2005,6,26,22,9,8,180,1.2,0,2,0,0,180
2005,6,26,23,9,8,0,.9,0,2,1,0,0
2005,6,26,24,9,8,0,2.2,0,2,1,0,0
2005,6,26,1,6,9,34.5,90,0,1,0,0,34.5
2005,6,26,1,6,9,37.95,90,0,1,0,0,37.95
2005,6,26,2,6,9,37.95,90,0,1,0,0,37.95
2005,6,26,2,6,9,41.4,90,0,1,1,0,41.4
2005,6,26,3,6,9,48.3,180,0,1,1,0,48.3
2005,6,26,4,6,9,48.3,180,0,1,1,0,48.3
2005,6,26,5,6,9,48.3,180,0,1,1,0,48.3
2005,6,26,6,6,9,48.3,180,0,1,1,0,48.3
2005,6,26,7,6,9,48.3,180,0,1,1,0,48.3
2005,6,26,8,6,9,48.3,180,0,1,1,0,48.3
2005,6,26,9,6,9,48.3,180,0,1,1,0,48.3
2005,6,26,10,6,9,48.3,180,0,1,1,0,48.3
2005,6,26,11,6,9,37.95,79.6,0,1,1,0,37.95
2005,6,26,11,6,9,41.4,90,0,1,1,0,41.4
2005,6,26,12,6,9,27.6,90,0,1,0,0,27.6
2005,6,26,12,6,9,37.95,90,0,1,0,0,37.95
2005,6,26,13,6,9,27.6,90,0,1,0,0,27.6
2005,6,26,13,6,9,37.95,90,0,1,0,0,37.95
2005,6,26,14,6,9,27.6,90,0,1,0,0,27.6
2005,6,26,14,6,9,37.95,90,0,1,0,0,37.95
2005,6,26,15,6,9,27.6,90,0,1,0,0,27.6
2005,6,26,15,6,9,37.95,90,0,1,0,0,37.95
2005,6,26,16,6,9,37.95,90,0,1,0,0,37.95
2005,6,26,16,6,9,41.4,90,0,1,0,0,41.4
2005,6,26,17,6,9,44.85,90,0,1,1,0,44.85
2005,6,26,17,6,9,48.3,90,0,1,1,0,48.3
2005,6,26,18,6,9,44.85,90,0,1,1,0,44.85
2005,6,26,18,6,9,48.3,90,0,1,1,0,48.3
2005,6,26,19,6,9,44.85,90,0,1,1,0,44.85
2005,6,26,19,6,9,48.3,90,0,1,1,0,48.3
2005,6,26,20,6,9,44.85,90,0,1,1,0,44.85
2005,6,26,20,6,9,48.3,90,0,1,1,0,48.3
2005,6,26,21,6,9,37.95,90,0,1,0,0,37.95
2005,6,26,21,6,9,41.4,90,0,1,1,0,41.4
2005,6,26,22,6,9,37.95,90,0,1,0,0,37.95
2005,6,26,22,6,9,41.4,90,0,1,0,0,41.4
2005,6,26,23,6,9,27.6,90,0,1,0,0,27.6
2005,6,26,23,6,9,41.4,90,0,1,0,0,41.4
2005,6,26,24,6,9,27.6,90,0,1,0,0,27.6
2005,6,26,24,6,9,41.4,90,0,1,0,0,41.4
2005,6,26,1,6,10,103.92,160,0,2,0,0,103.92
2005,6,26,2,6,10,103.92,160,0,2,0,0,103.92
2005,6,26,3,6,10,103.92,160,0,2,0,0,103.92
2005,6,26,4,6,10,103.92,160,0,2,0,0,103.92
2005,6,26,5,6,10,103.92,160,0,2,0,0,103.92
2005,6,26,6,6,10,103.92,160,0,2,0,0,103.92
2005,6,26,7,6,10,103.92,160,0,2,0,0,103.92
2005,6,26,8,6,10,103.92,160,0,2,0,0,103.92
2005,6,26,9,6,10,103.92,160,0,2,0,0,103.92
2005,6,26,10,6,10,103.92,160,0,2,0,0,103.92
2005,6,26,11,6,10,103.92,160,0,2,0,0,103.92
2005,6,26,12,6,10,103.92,160,0,2,0,0,103.92
2005,6,26,13,6,10,103.92,160,0,2,0,0,103.92
2005,6,26,14,6,10,103.92,160,0,2,0,0,103.92
2005,6,26,15,6,10,103.92,160,0,2,0,0,103.92
2005,6,26,16,6,10,103.92,160,0,2,0,0,103.92
2005,6,26,17,6,10,103.92,160,0,2,0,0,103.92
2005,6,26,18,6,10,103.92,160,0,2,0,0,103.92
2005,6,26,19,6,10,103.92,160,0,2,0,0,103.92
2005,6,26,20,6,10,103.92,160,0,2,0,0,103.92
2005,6,26,21,6,10,103.92,160,0,2,0,0,103.92
2005,6,26,22,6,10,103.92,160,0,2,0,0,103.92
2005,6,26,23,6,10,103.92,160,0,2,0,0,103.92
2005,6,26,24,6,10,103.92,160,0,2,0,0,103.92
2005,6,26,1,6,1010,145.47,59,.679878,2,0,0,145.47
2005,6,26,1,6,1010,150.47,126,.679878,2,0,0,150.47
2005,6,26,2,6,1010,145.47,59,.679878,2,0,0,145.47
2005,6,26,2,6,1010,150.47,126,.679878,2,0,0,150.47
2005,6,26,3,6,1010,145.47,59,.679878,2,0,0,145.47
2005,6,26,3,6,1010,150.47,126,.679878,2,0,0,150.47
2005,6,26,4,6,1010,145.47,59,.679878,2,0,0,145.47
2005,6,26,4,6,1010,150.47,126,.679878,2,0,0,150.47
2005,6,26,5,6,1010,145.47,59,.679878,2,0,0,145.47
2005,6,26,5,6,1010,150.47,126,.679878,2,0,0,150.47
2005,6,26,6,6,1010,145.47,59,.679878,2,0,0,145.47
2005,6,26,6,6,1010,150.47,126,.679878,2,0,0,150.47
2005,6,26,7,6,1010,145.47,59,.679878,2,0,0,145.47
2005,6,26,7,6,1010,150.47,126,.679878,2,0,0,150.47
2005,6,26,8,6,1010,145.47,59,.679878,2,0,0,145.47
2005,6,26,8,6,1010,150.47,126,.679878,2,0,0,150.47
2005,6,26,9,6,1010,145.47,59,.679878,2,0,0,145.47
2005,6,26,9,6,1010,150.47,126,.679878,2,0,0,150.47
2005,6,26,10,6,1010,145.47,59,.679878,2,0,0,145.47
2005,6,26,10,6,1010,150.47,126,.679878,2,0,0,150.47
2005,6,26,11,6,1010,145.47,59,.679878,2,0,0,145.47
2005,6,26,11,6,1010,150.47,126,.679878,2,0,0,150.47
2005,6,26,12,6,1010,145.47,59,.679878,2,0,0,145.47
2005,6,26,12,6,1010,150.47,126,.679878,2,0,0,150.47
2005,6,26,13,6,1010,145.47,59,.679878,2,0,0,145.47
2005,6,26,13,6,1010,150.47,126,.679878,2,0,0,150.47
2005,6,26,14,6,1010,145.47,59,.679878,2,0,0,145.47
2005,6,26,14,6,1010,150.47,126,.679878,2,0,0,150.47
2005,6,26,15,6,1010,145.47,59,.679878,2,0,0,145.47
2005,6,26,15,6,1010,150.47,126,.679878,2,0,0,150.47
2005,6,26,16,6,1010,145.47,59,.679878,2,0,0,145.47
2005,6,26,16,6,1010,150.47,126,.679878,2,0,0,150.47
2005,6,26,17,6,1010,145.47,59,.679878,2,0,0,145.47
2005,6,26,17,6,1010,150.47,126,.679878,2,0,0,150.47
2005,6,26,18,6,1010,145.47,59,.679878,2,0,0,145.47
2005,6,26,18,6,1010,150.47,126,.679878,2,0,0,150.47
2005,6,26,19,6,1010,145.47,59,.679878,2,0,0,145.47
2005,6,26,19,6,1010,150.47,126,.679878,2,0,0,150.47
2005,6,26,20,6,1010,145.47,59,.679878,2,0,0,145.47
2005,6,26,20,6,1010,150.47,126,.679878,2,0,0,150.47
2005,6,26,21,6,1010,145.47,59,.679878,2,0,0,145.47
2005,6,26,21,6,1010,150.47,126,.679878,2,0,0,150.47
2005,6,26,22,6,1010,145.47,59,.679878,2,0,0,145.47
2005,6,26,22,6,1010,150.47,126,.679878,2,0,0,150.47
2005,6,26,23,6,1010,145.47,59,.679878,2,0,0,145.47
2005,6,26,23,6,1010,150.47,126,.679878,2,0,0,150.47
2005,6,26,24,6,1010,145.47,59,.679878,2,0,0,145.47
2005,6,26,24,6,1010,150.47,126,.679878,2,0,0,150.47
2005,6,26,1,6,1011,154.75,152,.679878,2,0,0,154.75
2005,6,26,1,6,1011,159.75,268,.679878,2,0,0,159.75
2005,6,26,2,6,1011,154.75,152,.679878,2,0,0,154.75
2005,6,26,2,6,1011,159.75,268,.679878,2,0,0,159.75
2005,6,26,3,6,1011,154.75,152,.679878,2,0,0,154.75
2005,6,26,3,6,1011,159.75,268,.679878,2,0,0,159.75
2005,6,26,4,6,1011,154.75,152,.679878,2,0,0,154.75
2005,6,26,4,6,1011,159.75,268,.679878,2,0,0,159.75
2005,6,26,5,6,1011,154.75,152,.679878,2,0,0,154.75
2005,6,26,5,6,1011,159.75,268,.679878,2,0,0,159.75
2005,6,26,6,6,1011,154.75,152,.679878,2,0,0,154.75
2005,6,26,6,6,1011,159.75,268,.679878,2,0,0,159.75
2005,6,26,7,6,1011,154.75,152,.679878,2,0,0,154.75
2005,6,26,7,6,1011,159.75,268,.679878,2,0,0,159.75
2005,6,26,8,6,1011,154.75,152,.679878,2,0,0,154.75
2005,6,26,8,6,1011,159.75,268,.679878,2,0,0,159.75
2005,6,26,9,6,1011,154.75,152,.679878,2,0,0,154.75
2005,6,26,9,6,1011,159.75,268,.679878,2,0,0,159.75
2005,6,26,10,6,1011,154.75,152,.679878,2,0,0,154.75
2005,6,26,10,6,1011,159.75,268,.679878,2,0,0,159.75
2005,6,26,11,6,1011,154.75,152,.679878,2,0,0,154.75
2005,6,26,11,6,1011,159.75,268,.679878,2,0,0,159.75
2005,6,26,12,6,1011,154.75,152,.679878,2,0,0,154.75
2005,6,26,12,6,1011,159.75,268,.679878,2,0,0,159.75
2005,6,26,13,6,1011,154.75,152,.679878,2,0,0,154.75
2005,6,26,13,6,1011,159.75,268,.679878,2,0,0,159.75
2005,6,26,14,6,1011,154.75,152,.679878,2,0,0,154.75
2005,6,26,14,6,1011,159.75,268,.679878,2,0,0,159.75
2005,6,26,15,6,1011,154.75,152,.679878,2,0,0,154.75
2005,6,26,15,6,1011,159.75,268,.679878,2,0,0,159.75
2005,6,26,16,6,1011,154.75,152,.679878,2,0,0,154.75
2005,6,26,16,6,1011,159.75,268,.679878,2,0,0,159.75
2005,6,26,17,6,1011,154.75,152,.679878,2,0,0,154.75
2005,6,26,17,6,1011,159.75,268,.679878,2,0,0,159.75
2005,6,26,18,6,1011,154.75,152,.679878,2,0,0,154.75
2005,6,26,18,6,1011,159.75,268,.679878,2,0,0,159.75
2005,6,26,19,6,1011,154.75,152,.679878,2,0,0,154.75
2005,6,26,19,6,1011,159.75,268,.679878,2,0,0,159.75
2005,6,26,20,6,1011,154.75,152,.679878,2,0,0,154.75
2005,6,26,20,6,1011,159.75,268,.679878,2,0,0,159.75
2005,6,26,21,6,1011,154.75,152,.679878,2,0,0,154.75
2005,6,26,21,6,1011,159.75,268,.679878,2,0,0,159.75
2005,6,26,22,6,1011,154.75,152,.679878,2,0,0,154.75
2005,6,26,22,6,1011,159.75,268,.679878,2,0,0,159.75
2005,6,26,23,6,1011,154.75,152,.679878,2,0,0,154.75
2005,6,26,23,6,1011,159.75,268,.679878,2,0,0,159.75
2005,6,26,24,6,1011,154.75,152,.679878,2,0,0,154.75
2005,6,26,24,6,1011,159.75,268,.679878,2,0,0,159.75
2005,6,26,1,2,1013,5,53,.9555,2,0,1,5
2005,6,26,1,2,1013,44,13.7,.9555,2,0,1,43.336155
2005,6,26,1,2,1013,46,16.7,.9555,2,0,1,43.336155
2005,6,26,1,2,1013,48,16.7,.9555,2,0,1,43.336155
2005,6,26,1,2,1013,49,11.7,.9555,2,0,1,43.336155
2005,6,26,1,2,1013,150,4,.9555,2,0,1,150
2005,6,26,2,2,1013,5,53,.9555,2,0,1,5
2005,6,26,2,2,1013,44,13.7,.9555,2,0,1,43.336155
2005,6,26,2,2,1013,46,16.7,.9555,2,0,1,43.336155
2005,6,26,2,2,1013,48,16.7,.9555,2,0,1,43.336155
2005,6,26,2,2,1013,49,11.7,.9555,2,0,1,43.336155
2005,6,26,2,2,1013,150,4,.9555,2,0,1,150
2005,6,26,3,2,1013,5,53,.9555,2,0,1,5
2005,6,26,3,2,1013,44,13.7,.9555,2,0,1,43.336155
2005,6,26,3,2,1013,46,16.7,.9555,2,0,1,43.336155
2005,6,26,3,2,1013,48,16.7,.9555,2,0,1,43.336155
2005,6,26,3,2,1013,49,11.7,.9555,2,0,1,43.336155
2005,6,26,3,2,1013,150,4,.9555,2,0,1,150
2005,6,26,4,2,1013,5,53,.9555,2,0,1,5
2005,6,26,4,2,1013,44,13.7,.9555,2,0,1,43.336155
2005,6,26,4,2,1013,46,16.7,.9555,2,0,1,43.336155
2005,6,26,4,2,1013,48,16.7,.9555,2,0,1,43.336155
2005,6,26,4,2,1013,49,11.7,.9555,2,0,1,43.336155
2005,6,26,4,2,1013,150,4,.9555,2,0,1,150
2005,6,26,5,2,1013,5,53,.9555,2,0,1,5
2005,6,26,5,2,1013,44,13.7,.9555,2,0,1,43.336155
2005,6,26,5,2,1013,46,16.7,.9555,2,0,1,43.336155
2005,6,26,5,2,1013,48,16.7,.9555,2,0,1,43.336155
2005,6,26,5,2,1013,49,11.7,.9555,2,0,1,43.336155
2005,6,26,5,2,1013,150,4,.9555,2,0,1,150
2005,6,26,6,2,1013,5,53,.9555,2,0,1,5
2005,6,26,6,2,1013,44,13.7,.9555,2,0,1,43.336155
2005,6,26,6,2,1013,46,16.7,.9555,2,0,1,43.336155
2005,6,26,6,2,1013,48,16.7,.9555,2,0,1,43.336155
2005,6,26,6,2,1013,49,11.7,.9555,2,0,1,43.336155
2005,6,26,6,2,1013,150,4,.9555,2,0,1,150
2005,6,26,7,2,1013,5,53,.9555,2,0,1,5
2005,6,26,7,2,1013,44,13.7,.9555,2,0,1,43.336155
2005,6,26,7,2,1013,46,16.7,.9555,2,0,1,43.336155
2005,6,26,7,2,1013,48,16.7,.9555,2,0,1,43.336155
2005,6,26,7,2,1013,49,11.7,.9555,2,0,1,43.336155
2005,6,26,7,2,1013,150,4,.9555,2,0,1,150
2005,6,26,8,2,1013,5,53,.9555,2,0,1,5
2005,6,26,8,2,1013,44,13.7,.9555,2,0,1,43.336155
2005,6,26,8,2,1013,46,16.7,.9555,2,0,1,43.336155
2005,6,26,8,2,1013,48,16.7,.9555,2,0,1,43.336155
2005,6,26,8,2,1013,49,11.7,.9555,2,0,1,43.336155
2005,6,26,8,2,1013,150,4,.9555,2,0,1,150
2005,6,26,9,2,1013,5,53,.9555,2,0,1,5
2005,6,26,9,2,1013,44,13.7,.9555,2,0,1,43.336155
2005,6,26,9,2,1013,46,16.7,.9555,2,0,1,43.336155
2005,6,26,9,2,1013,48,16.7,.9555,2,0,1,43.336155
2005,6,26,9,2,1013,49,11.7,.9555,2,0,1,43.336155
2005,6,26,9,2,1013,150,4,.9555,2,0,1,150
2005,6,26,10,2,1013,5,53,.9555,2,0,1,5
2005,6,26,10,2,1013,44,13.7,.9555,2,0,1,43.336155
2005,6,26,10,2,1013,46,16.7,.9555,2,0,1,43.336155
2005,6,26,10,2,1013,48,16.7,.9555,2,0,1,43.336155
2005,6,26,10,2,1013,49,11.7,.9555,2,0,1,43.336155
2005,6,26,10,2,1013,150,4,.9555,2,0,1,150
2005,6,26,11,2,1013,5,53,.9555,2,0,1,5
2005,6,26,11,2,1013,44,13.7,.9555,2,0,1,43.336155
2005,6,26,11,2,1013,46,16.7,.9555,2,0,1,43.336155
2005,6,26,11,2,1013,48,16.7,.9555,2,0,1,43.336155
2005,6,26,11,2,1013,49,11.7,.9555,2,0,1,43.336155
2005,6,26,11,2,1013,150,4,.9555,2,0,1,150
2005,6,26,12,2,1013,5,53,.9555,2,0,1,5
2005,6,26,12,2,1013,44,13.7,.9555,2,0,1,43.336155
2005,6,26,12,2,1013,46,16.7,.9555,2,0,1,43.336155
2005,6,26,12,2,1013,48,16.7,.9555,2,0,1,43.336155
2005,6,26,12,2,1013,49,11.7,.9555,2,0,1,43.336155
2005,6,26,12,2,1013,150,4,.9555,2,0,1,150
2005,6,26,13,2,1013,5,53,.9555,2,0,1,5
2005,6,26,13,2,1013,44,13.7,.9555,2,0,1,43.336155
2005,6,26,13,2,1013,46,16.7,.9555,2,0,1,43.336155
2005,6,26,13,2,1013,48,16.7,.9555,2,0,1,43.336155
2005,6,26,13,2,1013,49,11.7,.9555,2,0,1,43.336155
2005,6,26,13,2,1013,150,4,.9555,2,0,1,150
2005,6,26,14,2,1013,5,53,.9555,2,0,1,5
2005,6,26,14,2,1013,44,13.7,.9555,2,0,1,43.336155
2005,6,26,14,2,1013,46,16.7,.9555,2,0,1,43.336155
2005,6,26,14,2,1013,48,16.7,.9555,2,0,1,43.336155
2005,6,26,14,2,1013,49,11.7,.9555,2,0,1,43.336155
2005,6,26,14,2,1013,150,4,.9555,2,0,1,150
2005,6,26,15,2,1013,5,53,.9555,2,0,1,5
2005,6,26,15,2,1013,44,13.7,.9555,2,0,1,43.336155
2005,6,26,15,2,1013,46,16.7,.9555,2,0,1,43.336155
2005,6,26,15,2,1013,48,16.7,.9555,2,0,1,43.336155
2005,6,26,15,2,1013,49,11.7,.9555,2,0,1,43.336155
2005,6,26,15,2,1013,150,4,.9555,2,0,1,150
2005,6,26,16,2,1013,5,53,.9555,2,0,1,5
2005,6,26,16,2,1013,44,13.7,.9555,2,0,1,43.336155
2005,6,26,16,2,1013,46,16.7,.9555,2,0,1,43.336155
2005,6,26,16,2,1013,48,16.7,.9555,2,0,1,43.336155
2005,6,26,16,2,1013,49,11.7,.9555,2,0,1,43.336155
2005,6,26,16,2,1013,150,4,.9555,2,0,1,150
2005,6,26,17,2,1013,5,53,.9555,2,0,1,5
2005,6,26,17,2,1013,44,13.7,.9555,2,0,1,43.336155
2005,6,26,17,2,1013,46,16.7,.9555,2,0,1,43.336155
2005,6,26,17,2,1013,48,16.7,.9555,2,0,1,43.336155
2005,6,26,17,2,1013,49,11.7,.9555,2,0,1,43.336155
2005,6,26,17,2,1013,150,4,.9555,2,0,1,150
2005,6,26,18,2,1013,5,53,.9555,2,0,1,5
2005,6,26,18,2,1013,44,13.7,.9555,2,0,1,43.336155
2005,6,26,18,2,1013,46,16.7,.9555,2,0,1,43.336155
2005,6,26,18,2,1013,48,16.7,.9555,2,0,1,43.336155
2005,6,26,18,2,1013,49,11.7,.9555,2,0,1,43.336155
2005,6,26,18,2,1013,150,4,.9555,2,0,1,150
2005,6,26,19,2,1013,5,53,.9555,2,0,1,5
2005,6,26,19,2,1013,44,13.7,.9555,2,0,1,43.336155
2005,6,26,19,2,1013,46,16.7,.9555,2,0,1,43.336155
2005,6,26,19,2,1013,48,16.7,.9555,2,0,1,43.336155
2005,6,26,19,2,1013,49,11.7,.9555,2,0,1,43.336155
2005,6,26,19,2,1013,150,4,.9555,2,0,1,150
2005,6,26,20,2,1013,5,53,.9555,2,0,1,5
2005,6,26,20,2,1013,44,13.7,.9555,2,0,1,43.336155
2005,6,26,20,2,1013,46,16.7,.9555,2,0,1,43.336155
2005,6,26,20,2,1013,48,16.7,.9555,2,0,1,43.336155
2005,6,26,20,2,1013,49,11.7,.9555,2,0,1,43.336155
2005,6,26,20,2,1013,150,4,.9555,2,0,1,150
2005,6,26,21,2,1013,5,53,.9555,2,0,1,5
2005,6,26,21,2,1013,44,13.7,.9555,2,0,1,43.336155
2005,6,26,21,2,1013,46,16.7,.9555,2,0,1,43.336155
2005,6,26,21,2,1013,48,16.7,.9555,2,0,1,43.336155
2005,6,26,21,2,1013,49,11.7,.9555,2,0,1,43.336155
2005,6,26,21,2,1013,150,4,.9555,2,0,1,150
2005,6,26,22,2,1013,5,53,.9555,2,0,1,5
2005,6,26,22,2,1013,44,13.7,.9555,2,0,1,43.336155
2005,6,26,22,2,1013,46,16.7,.9555,2,0,1,43.336155
2005,6,26,22,2,1013,48,16.7,.9555,2,0,1,43.336155
2005,6,26,22,2,1013,49,11.7,.9555,2,0,1,43.336155
2005,6,26,22,2,1013,150,4,.9555,2,0,1,150
2005,6,26,23,2,1013,5,53,.9555,2,0,1,5
2005,6,26,23,2,1013,44,13.7,.9555,2,0,1,43.336155
2005,6,26,23,2,1013,46,16.7,.9555,2,0,1,43.336155
2005,6,26,23,2,1013,48,16.7,.9555,2,0,1,43.336155
2005,6,26,23,2,1013,49,11.7,.9555,2,0,1,43.336155
2005,6,26,23,2,1013,150,4,.9555,2,0,1,150
2005,6,26,24,2,1013,5,53,.9555,2,0,1,5
2005,6,26,24,2,1013,44,13.7,.9555,2,0,1,43.336155
2005,6,26,24,2,1013,46,16.7,.9555,2,0,1,43.336155
2005,6,26,24,2,1013,48,16.7,.9555,2,0,1,43.336155
2005,6,26,24,2,1013,49,11.7,.9555,2,0,1,43.336155
2005,6,26,24,2,1013,150,4,.9555,2,0,1,150
2005,6,26,1,4,1013,5,106,.9555,2,0,1,5
2005,6,26,1,4,1013,44,27.3,.9555,2,0,1,43.336155
2005,6,26,1,4,1013,46,33.3,.9555,2,0,1,43.336155
2005,6,26,1,4,1013,48,33.3,.9555,2,0,1,43.336155
2005,6,26,1,4,1013,49,23.3,.9555,2,0,1,43.336155
2005,6,26,1,4,1013,150,7.9,.9555,2,0,1,150
2005,6,26,2,4,1013,5,106,.9555,2,0,1,5
2005,6,26,2,4,1013,44,27.3,.9555,2,0,1,43.336155
2005,6,26,2,4,1013,46,33.3,.9555,2,0,1,43.336155
2005,6,26,2,4,1013,48,33.3,.9555,2,0,1,43.336155
2005,6,26,2,4,1013,49,23.3,.9555,2,0,1,43.336155
2005,6,26,2,4,1013,150,7.9,.9555,2,0,1,150
2005,6,26,3,4,1013,5,106,.9555,2,0,1,5
2005,6,26,3,4,1013,44,27.3,.9555,2,0,1,43.336155
2005,6,26,3,4,1013,46,33.3,.9555,2,0,1,43.336155
2005,6,26,3,4,1013,48,33.3,.9555,2,0,1,43.336155
2005,6,26,3,4,1013,49,23.3,.9555,2,0,1,43.336155
2005,6,26,3,4,1013,150,7.9,.9555,2,0,1,150
2005,6,26,4,4,1013,5,106,.9555,2,0,1,5
2005,6,26,4,4,1013,44,27.3,.9555,2,0,1,43.336155
2005,6,26,4,4,1013,46,33.3,.9555,2,0,1,43.336155
2005,6,26,4,4,1013,48,33.3,.9555,2,0,1,43.336155
2005,6,26,4,4,1013,49,23.3,.9555,2,0,1,43.336155
2005,6,26,4,4,1013,150,7.9,.9555,2,0,1,150
2005,6,26,5,4,1013,5,106,.9555,2,0,1,5
2005,6,26,5,4,1013,44,27.3,.9555,2,0,1,43.336155
2005,6,26,5,4,1013,46,33.3,.9555,2,0,1,43.336155
2005,6,26,5,4,1013,48,33.3,.9555,2,0,1,43.336155
2005,6,26,5,4,1013,49,23.3,.9555,2,0,1,43.336155
2005,6,26,5,4,1013,150,7.9,.9555,2,0,1,150
2005,6,26,6,4,1013,5,106,.9555,2,0,1,5
2005,6,26,6,4,1013,44,27.3,.9555,2,0,1,43.336155
2005,6,26,6,4,1013,46,33.3,.9555,2,0,1,43.336155
2005,6,26,6,4,1013,48,33.3,.9555,2,0,1,43.336155
2005,6,26,6,4,1013,49,23.3,.9555,2,0,1,43.336155
2005,6,26,6,4,1013,150,7.9,.9555,2,0,1,150
2005,6,26,7,4,1013,5,106,.9555,2,0,1,5
2005,6,26,7,4,1013,44,27.3,.9555,2,0,1,43.336155
2005,6,26,7,4,1013,46,33.3,.9555,2,0,1,43.336155
2005,6,26,7,4,1013,48,33.3,.9555,2,0,1,43.336155
2005,6,26,7,4,1013,49,23.3,.9555,2,0,1,43.336155
2005,6,26,7,4,1013,150,7.9,.9555,2,0,1,150
2005,6,26,8,4,1013,5,106,.9555,2,0,1,5
2005,6,26,8,4,1013,44,27.3,.9555,2,0,1,43.336155
2005,6,26,8,4,1013,46,33.3,.9555,2,0,1,43.336155
2005,6,26,8,4,1013,48,33.3,.9555,2,0,1,43.336155
2005,6,26,8,4,1013,49,23.3,.9555,2,0,1,43.336155
2005,6,26,8,4,1013,150,7.9,.9555,2,0,1,150
2005,6,26,9,4,1013,5,106,.9555,2,0,1,5
2005,6,26,9,4,1013,44,27.3,.9555,2,0,1,43.336155
2005,6,26,9,4,1013,46,33.3,.9555,2,0,1,43.336155
2005,6,26,9,4,1013,48,33.3,.9555,2,0,1,43.336155
2005,6,26,9,4,1013,49,23.3,.9555,2,0,1,43.336155
2005,6,26,9,4,1013,150,7.9,.9555,2,0,1,150
2005,6,26,10,4,1013,5,106,.9555,2,0,1,5
2005,6,26,10,4,1013,44,27.3,.9555,2,0,1,43.336155
2005,6,26,10,4,1013,46,33.3,.9555,2,0,1,43.336155
2005,6,26,10,4,1013,48,33.3,.9555,2,0,1,43.336155
2005,6,26,10,4,1013,49,23.3,.9555,2,0,1,43.336155
2005,6,26,10,4,1013,150,7.9,.9555,2,0,1,150
2005,6,26,11,4,1013,5,106,.9555,2,0,1,5
2005,6,26,11,4,1013,44,27.3,.9555,2,0,1,43.336155
2005,6,26,11,4,1013,46,33.3,.9555,2,0,1,43.336155
2005,6,26,11,4,1013,48,33.3,.9555,2,0,1,43.336155
2005,6,26,11,4,1013,49,23.3,.9555,2,0,1,43.336155
2005,6,26,11,4,1013,150,7.9,.9555,2,0,1,150
2005,6,26,12,4,1013,5,106,.9555,2,0,1,5
2005,6,26,12,4,1013,44,27.3,.9555,2,0,1,43.336155
2005,6,26,12,4,1013,46,33.3,.9555,2,0,1,43.336155
2005,6,26,12,4,1013,48,33.3,.9555,2,0,1,43.336155
2005,6,26,12,4,1013,49,23.3,.9555,2,0,1,43.336155
2005,6,26,12,4,1013,150,7.9,.9555,2,0,1,150
2005,6,26,13,4,1013,5,106,.9555,2,0,1,5
2005,6,26,13,4,1013,44,27.3,.9555,2,0,1,43.336155
2005,6,26,13,4,1013,46,33.3,.9555,2,0,1,43.336155
2005,6,26,13,4,1013,48,33.3,.9555,2,0,1,43.336155
2005,6,26,13,4,1013,49,23.3,.9555,2,0,1,43.336155
2005,6,26,13,4,1013,150,7.9,.9555,2,0,1,150
2005,6,26,14,4,1013,5,106,.9555,2,0,1,5
2005,6,26,14,4,1013,44,27.3,.9555,2,0,1,43.336155
2005,6,26,14,4,1013,46,33.3,.9555,2,0,1,43.336155
2005,6,26,14,4,1013,48,33.3,.9555,2,0,1,43.336155
2005,6,26,14,4,1013,49,23.3,.9555,2,0,1,43.336155
2005,6,26,14,4,1013,150,7.9,.9555,2,0,1,150
2005,6,26,15,4,1013,5,106,.9555,2,0,1,5
2005,6,26,15,4,1013,44,27.3,.9555,2,0,1,43.336155
2005,6,26,15,4,1013,46,33.3,.9555,2,0,1,43.336155
2005,6,26,15,4,1013,48,33.3,.9555,2,0,1,43.336155
2005,6,26,15,4,1013,49,23.3,.9555,2,0,1,43.336155
2005,6,26,15,4,1013,150,7.9,.9555,2,0,1,150
2005,6,26,16,4,1013,5,106,.9555,2,0,1,5
2005,6,26,16,4,1013,44,27.3,.9555,2,0,1,43.336155
2005,6,26,16,4,1013,46,33.3,.9555,2,0,1,43.336155
2005,6,26,16,4,1013,48,33.3,.9555,2,0,1,43.336155
2005,6,26,16,4,1013,49,23.3,.9555,2,0,1,43.336155
2005,6,26,16,4,1013,150,7.9,.9555,2,0,1,150
2005,6,26,17,4,1013,5,106,.9555,2,0,1,5
2005,6,26,17,4,1013,44,27.3,.9555,2,0,1,43.336155
2005,6,26,17,4,1013,46,33.3,.9555,2,0,1,43.336155
2005,6,26,17,4,1013,48,33.3,.9555,2,0,1,43.336155
2005,6,26,17,4,1013,49,23.3,.9555,2,0,1,43.336155
2005,6,26,17,4,1013,150,7.9,.9555,2,0,1,150
2005,6,26,18,4,1013,5,106,.9555,2,0,1,5
2005,6,26,18,4,1013,44,27.3,.9555,2,0,1,43.336155
2005,6,26,18,4,1013,46,33.3,.9555,2,0,1,43.336155
2005,6,26,18,4,1013,48,33.3,.9555,2,0,1,43.336155
2005,6,26,18,4,1013,49,23.3,.9555,2,0,1,43.336155
2005,6,26,18,4,1013,150,7.9,.9555,2,0,1,150
2005,6,26,19,4,1013,5,106,.9555,2,0,1,5
2005,6,26,19,4,1013,44,27.3,.9555,2,0,1,43.336155
2005,6,26,19,4,1013,46,33.3,.9555,2,0,1,43.336155
2005,6,26,19,4,1013,48,33.3,.9555,2,0,1,43.336155
2005,6,26,19,4,1013,49,23.3,.9555,2,0,1,43.336155
2005,6,26,19,4,1013,150,7.9,.9555,2,0,1,150
2005,6,26,20,4,1013,5,106,.9555,2,0,1,5
2005,6,26,20,4,1013,44,27.3,.9555,2,0,1,43.336155
2005,6,26,20,4,1013,46,33.3,.9555,2,0,1,43.336155
2005,6,26,20,4,1013,48,33.3,.9555,2,0,1,43.336155
2005,6,26,20,4,1013,49,23.3,.9555,2,0,1,43.336155
2005,6,26,20,4,1013,150,7.9,.9555,2,0,1,150
2005,6,26,21,4,1013,5,106,.9555,2,0,1,5
2005,6,26,21,4,1013,44,27.3,.9555,2,0,1,43.336155
2005,6,26,21,4,1013,46,33.3,.9555,2,0,1,43.336155
2005,6,26,21,4,1013,48,33.3,.9555,2,0,1,43.336155
2005,6,26,21,4,1013,49,23.3,.9555,2,0,1,43.336155
2005,6,26,21,4,1013,150,7.9,.9555,2,0,1,150
2005,6,26,22,4,1013,5,106,.9555,2,0,1,5
2005,6,26,22,4,1013,44,27.3,.9555,2,0,1,43.336155
2005,6,26,22,4,1013,46,33.3,.9555,2,0,1,43.336155
2005,6,26,22,4,1013,48,33.3,.9555,2,0,1,43.336155
2005,6,26,22,4,1013,49,23.3,.9555,2,0,1,43.336155
2005,6,26,22,4,1013,150,7.9,.9555,2,0,1,150
2005,6,26,23,4,1013,5,106,.9555,2,0,1,5
2005,6,26,23,4,1013,44,27.3,.9555,2,0,1,43.336155
2005,6,26,23,4,1013,46,33.3,.9555,2,0,1,43.336155
2005,6,26,23,4,1013,48,33.3,.9555,2,0,1,43.336155
2005,6,26,23,4,1013,49,23.3,.9555,2,0,1,43.336155
2005,6,26,23,4,1013,150,7.9,.9555,2,0,1,150
2005,6,26,24,4,1013,5,106,.9555,2,0,1,5
2005,6,26,24,4,1013,44,27.3,.9555,2,0,1,43.336155
2005,6,26,24,4,1013,46,33.3,.9555,2,0,1,43.336155
2005,6,26,24,4,1013,48,33.3,.9555,2,0,1,43.336155
2005,6,26,24,4,1013,49,23.3,.9555,2,0,1,43.336155
2005,6,26,24,4,1013,150,7.9,.9555,2,0,1,150
2005,6,26,1,1,14,0,484.9,0,2,1,0,0
2005,6,26,1,1,14,130,14.4,0,2,0,0,130
2005,6,26,2,1,14,0,484.9,0,2,1,0,0
2005,6,26,2,1,14,130,14.4,0,2,0,0,130
2005,6,26,3,1,14,0,484.9,0,2,1,0,0
2005,6,26,3,1,14,130,14.4,0,2,0,0,130
2005,6,26,4,1,14,0,484.9,0,2,1,0,0
2005,6,26,4,1,14,130,14.4,0,2,0,0,130
2005,6,26,5,1,14,0,484.9,0,2,1,0,0
2005,6,26,5,1,14,130,14.4,0,2,0,0,130
2005,6,26,6,1,14,0,484.9,0,2,1,0,0
2005,6,26,6,1,14,130,14.4,0,2,0,0,130
2005,6,26,7,1,14,0,484.9,0,2,1,0,0
2005,6,26,7,1,14,130,14.4,0,2,0,0,130
2005,6,26,8,1,14,0,484.9,0,2,1,0,0
2005,6,26,8,1,14,130,14.4,0,2,0,0,130
2005,6,26,9,1,14,0,484.9,0,2,1,0,0
2005,6,26,9,1,14,130,14.4,0,2,0,0,130
2005,6,26,10,1,14,0,484.9,0,2,1,0,0
2005,6,26,10,1,14,130,14.4,0,2,0,0,130
2005,6,26,11,1,14,0,484.9,0,2,1,0,0
2005,6,26,11,1,14,130,14.4,0,2,0,0,130
2005,6,26,12,1,14,0,484.9,0,2,1,0,0
2005,6,26,12,1,14,130,14.4,0,2,0,0,130
2005,6,26,13,1,14,0,484.9,0,2,1,0,0
2005,6,26,13,1,14,130,14.4,0,2,0,0,130
2005,6,26,14,1,14,0,484.9,0,2,1,0,0
2005,6,26,14,1,14,130,14.4,0,2,0,0,130
2005,6,26,15,1,14,0,484.9,0,2,1,0,0
2005,6,26,15,1,14,130,14.4,0,2,0,0,130
2005,6,26,16,1,14,0,484.9,0,2,1,0,0
2005,6,26,16,1,14,130,14.4,0,2,0,0,130
2005,6,26,17,1,14,0,484.9,0,2,1,0,0
2005,6,26,17,1,14,130,14.4,0,2,0,0,130
2005,6,26,18,1,14,0,484.9,0,2,1,0,0
2005,6,26,18,1,14,130,14.4,0,2,0,0,130
2005,6,26,19,1,14,0,484.9,0,2,1,0,0
2005,6,26,19,1,14,130,14.4,0,2,0,0,130
2005,6,26,20,1,14,0,484.9,0,2,1,0,0
2005,6,26,20,1,14,130,14.4,0,2,0,0,130
2005,6,26,21,1,14,0,484.9,0,2,1,0,0
2005,6,26,21,1,14,130,14.4,0,2,0,0,130
2005,6,26,22,1,14,0,484.9,0,2,1,0,0
2005,6,26,22,1,14,130,14.4,0,2,0,0,130
2005,6,26,23,1,14,0,484.9,0,2,1,0,0
2005,6,26,23,1,14,130,14.4,0,2,0,0,130
2005,6,26,24,1,14,0,484.9,0,2,1,0,0
2005,6,26,24,1,14,130,14.4,0,2,0,0,130
2005,6,26,1,2,14,0,331.5,0,2,1,0,0
2005,6,26,1,2,14,130,9.9,0,2,0,0,130
2005,6,26,2,2,14,0,331.5,0,2,1,0,0
2005,6,26,2,2,14,130,9.9,0,2,0,0,130
2005,6,26,3,2,14,0,331.5,0,2,1,0,0
2005,6,26,3,2,14,130,9.9,0,2,0,0,130
2005,6,26,4,2,14,0,331.5,0,2,1,0,0
2005,6,26,4,2,14,130,9.9,0,2,0,0,130
2005,6,26,5,2,14,0,331.5,0,2,1,0,0
2005,6,26,5,2,14,130,9.9,0,2,0,0,130
2005,6,26,6,2,14,0,331.5,0,2,1,0,0
2005,6,26,6,2,14,130,9.9,0,2,0,0,130
2005,6,26,7,2,14,0,331.5,0,2,1,0,0
2005,6,26,7,2,14,130,9.9,0,2,0,0,130
2005,6,26,8,2,14,0,331.5,0,2,1,0,0
2005,6,26,8,2,14,130,9.9,0,2,0,0,130
2005,6,26,9,2,14,0,331.5,0,2,1,0,0
2005,6,26,9,2,14,130,9.9,0,2,0,0,130
2005,6,26,10,2,14,0,331.5,0,2,1,0,0
2005,6,26,10,2,14,130,9.9,0,2,0,0,130
2005,6,26,11,2,14,0,331.5,0,2,1,0,0
2005,6,26,11,2,14,130,9.9,0,2,0,0,130
2005,6,26,12,2,14,0,331.5,0,2,1,0,0
2005,6,26,12,2,14,130,9.9,0,2,0,0,130
2005,6,26,13,2,14,0,331.5,0,2,1,0,0
2005,6,26,13,2,14,130,9.9,0,2,0,0,130
2005,6,26,14,2,14,0,331.5,0,2,1,0,0
2005,6,26,14,2,14,130,9.9,0,2,0,0,130
2005,6,26,15,2,14,0,331.5,0,2,1,0,0
2005,6,26,15,2,14,130,9.9,0,2,0,0,130
2005,6,26,16,2,14,0,331.5,0,2,1,0,0
2005,6,26,16,2,14,130,9.9,0,2,0,0,130
2005,6,26,17,2,14,0,331.5,0,2,1,0,0
2005,6,26,17,2,14,130,9.9,0,2,0,0,130
2005,6,26,18,2,14,0,331.5,0,2,1,0,0
2005,6,26,18,2,14,130,9.9,0,2,0,0,130
2005,6,26,19,2,14,0,331.5,0,2,1,0,0
2005,6,26,19,2,14,130,9.9,0,2,0,0,130
2005,6,26,20,2,14,0,331.5,0,2,1,0,0
2005,6,26,20,2,14,130,9.9,0,2,0,0,130
2005,6,26,21,2,14,0,331.5,0,2,1,0,0
2005,6,26,21,2,14,130,9.9,0,2,0,0,130
2005,6,26,22,2,14,0,331.5,0,2,1,0,0
2005,6,26,22,2,14,130,9.9,0,2,0,0,130
2005,6,26,23,2,14,0,331.5,0,2,1,0,0
2005,6,26,23,2,14,130,9.9,0,2,0,0,130
2005,6,26,24,2,14,0,331.5,0,2,1,0,0
2005,6,26,24,2,14,130,9.9,0,2,0,0,130
2005,6,26,1,5,14,0,103.9,0,2,1,0,0
2005,6,26,1,5,14,130,3.1,0,2,0,0,130
2005,6,26,2,5,14,0,103.9,0,2,1,0,0
2005,6,26,2,5,14,130,3.1,0,2,0,0,130
2005,6,26,3,5,14,0,103.9,0,2,1,0,0
2005,6,26,3,5,14,130,3.1,0,2,0,0,130
2005,6,26,4,5,14,0,103.9,0,2,1,0,0
2005,6,26,4,5,14,130,3.1,0,2,0,0,130
2005,6,26,5,5,14,0,103.9,0,2,1,0,0
2005,6,26,5,5,14,130,3.1,0,2,0,0,130
2005,6,26,6,5,14,0,103.9,0,2,1,0,0
2005,6,26,6,5,14,130,3.1,0,2,0,0,130
2005,6,26,7,5,14,0,103.9,0,2,1,0,0
2005,6,26,7,5,14,130,3.1,0,2,0,0,130
2005,6,26,8,5,14,0,103.9,0,2,1,0,0
2005,6,26,8,5,14,130,3.1,0,2,0,0,130
2005,6,26,9,5,14,0,103.9,0,2,1,0,0
2005,6,26,9,5,14,130,3.1,0,2,0,0,130
2005,6,26,10,5,14,0,103.9,0,2,1,0,0
2005,6,26,10,5,14,130,3.1,0,2,0,0,130
2005,6,26,11,5,14,0,103.9,0,2,1,0,0
2005,6,26,11,5,14,130,3.1,0,2,0,0,130
2005,6,26,12,5,14,0,103.9,0,2,1,0,0
2005,6,26,12,5,14,130,3.1,0,2,0,0,130
2005,6,26,13,5,14,0,103.9,0,2,1,0,0
2005,6,26,13,5,14,130,3.1,0,2,0,0,130
2005,6,26,14,5,14,0,103.9,0,2,1,0,0
2005,6,26,14,5,14,130,3.1,0,2,0,0,130
2005,6,26,15,5,14,0,103.9,0,2,1,0,0
2005,6,26,15,5,14,130,3.1,0,2,0,0,130
2005,6,26,16,5,14,0,103.9,0,2,1,0,0
2005,6,26,16,5,14,130,3.1,0,2,0,0,130
2005,6,26,17,5,14,0,103.9,0,2,1,0,0
2005,6,26,17,5,14,130,3.1,0,2,0,0,130
2005,6,26,18,5,14,0,103.9,0,2,1,0,0
2005,6,26,18,5,14,130,3.1,0,2,0,0,130
2005,6,26,19,5,14,0,103.9,0,2,1,0,0
2005,6,26,19,5,14,130,3.1,0,2,0,0,130
2005,6,26,20,5,14,0,103.9,0,2,1,0,0
2005,6,26,20,5,14,130,3.1,0,2,0,0,130
2005,6,26,21,5,14,0,103.9,0,2,1,0,0
2005,6,26,21,5,14,130,3.1,0,2,0,0,130
2005,6,26,22,5,14,0,103.9,0,2,1,0,0
2005,6,26,22,5,14,130,3.1,0,2,0,0,130
2005,6,26,23,5,14,0,103.9,0,2,1,0,0
2005,6,26,23,5,14,130,3.1,0,2,0,0,130
2005,6,26,24,5,14,0,103.9,0,2,1,0,0
2005,6,26,24,5,14,130,3.1,0,2,0,0,130
2005,6,26,1,1,15,0,490.4,0,2,1,0,0
2005,6,26,1,1,15,130,7.6,0,2,0,0,130
2005,6,26,2,1,15,0,490.4,0,2,1,0,0
2005,6,26,2,1,15,130,7.6,0,2,0,0,130
2005,6,26,3,1,15,0,490.4,0,2,1,0,0
2005,6,26,3,1,15,130,7.6,0,2,0,0,130
2005,6,26,4,1,15,0,490.4,0,2,1,0,0
2005,6,26,4,1,15,130,7.6,0,2,0,0,130
2005,6,26,5,1,15,0,490.4,0,2,1,0,0
2005,6,26,5,1,15,130,7.6,0,2,0,0,130
2005,6,26,6,1,15,0,490.4,0,2,1,0,0
2005,6,26,6,1,15,130,7.6,0,2,0,0,130
2005,6,26,7,1,15,0,490.4,0,2,1,0,0
2005,6,26,7,1,15,130,7.6,0,2,0,0,130
2005,6,26,8,1,15,0,490.4,0,2,1,0,0
2005,6,26,8,1,15,130,7.6,0,2,0,0,130
2005,6,26,9,1,15,0,490.4,0,2,1,0,0
2005,6,26,9,1,15,130,7.6,0,2,0,0,130
2005,6,26,10,1,15,0,490.4,0,2,1,0,0
2005,6,26,10,1,15,130,7.6,0,2,0,0,130
2005,6,26,11,1,15,0,490.4,0,2,1,0,0
2005,6,26,11,1,15,130,7.6,0,2,0,0,130
2005,6,26,12,1,15,0,490.4,0,2,1,0,0
2005,6,26,12,1,15,130,7.6,0,2,0,0,130
2005,6,26,13,1,15,0,490.4,0,2,1,0,0
2005,6,26,13,1,15,130,7.6,0,2,0,0,130
2005,6,26,14,1,15,0,490.4,0,2,1,0,0
2005,6,26,14,1,15,130,7.6,0,2,0,0,130
2005,6,26,15,1,15,0,490.4,0,2,1,0,0
2005,6,26,15,1,15,130,7.6,0,2,0,0,130
2005,6,26,16,1,15,0,490.4,0,2,1,0,0
2005,6,26,16,1,15,130,7.6,0,2,0,0,130
2005,6,26,17,1,15,0,490.4,0,2,1,0,0
2005,6,26,17,1,15,130,7.6,0,2,0,0,130
2005,6,26,18,1,15,0,490.4,0,2,1,0,0
2005,6,26,18,1,15,130,7.6,0,2,0,0,130
2005,6,26,19,1,15,0,490.4,0,2,1,0,0
2005,6,26,19,1,15,130,7.6,0,2,0,0,130
2005,6,26,20,1,15,0,490.4,0,2,1,0,0
2005,6,26,20,1,15,130,7.6,0,2,0,0,130
2005,6,26,21,1,15,0,490.4,0,2,1,0,0
2005,6,26,21,1,15,130,7.6,0,2,0,0,130
2005,6,26,22,1,15,0,490.4,0,2,1,0,0
2005,6,26,22,1,15,130,7.6,0,2,0,0,130
2005,6,26,23,1,15,0,490.4,0,2,1,0,0
2005,6,26,23,1,15,130,7.6,0,2,0,0,130
2005,6,26,24,1,15,0,490.4,0,2,1,0,0
2005,6,26,24,1,15,130,7.6,0,2,0,0,130
2005,6,26,1,2,15,0,335.2,0,2,1,0,0
2005,6,26,1,2,15,130,5.2,0,2,0,0,130
2005,6,26,2,2,15,0,335.2,0,2,1,0,0
2005,6,26,2,2,15,130,5.2,0,2,0,0,130
2005,6,26,3,2,15,0,335.2,0,2,1,0,0
2005,6,26,3,2,15,130,5.2,0,2,0,0,130
2005,6,26,4,2,15,0,335.2,0,2,1,0,0
2005,6,26,4,2,15,130,5.2,0,2,0,0,130
2005,6,26,5,2,15,0,335.2,0,2,1,0,0
2005,6,26,5,2,15,130,5.2,0,2,0,0,130
2005,6,26,6,2,15,0,335.2,0,2,1,0,0
2005,6,26,6,2,15,130,5.2,0,2,0,0,130
2005,6,26,7,2,15,0,335.2,0,2,1,0,0
2005,6,26,7,2,15,130,5.2,0,2,0,0,130
2005,6,26,8,2,15,0,335.2,0,2,1,0,0
2005,6,26,8,2,15,130,5.2,0,2,0,0,130
2005,6,26,9,2,15,0,335.2,0,2,1,0,0
2005,6,26,9,2,15,130,5.2,0,2,0,0,130
2005,6,26,10,2,15,0,335.2,0,2,1,0,0
2005,6,26,10,2,15,130,5.2,0,2,0,0,130
2005,6,26,11,2,15,0,335.2,0,2,1,0,0
2005,6,26,11,2,15,130,5.2,0,2,0,0,130
2005,6,26,12,2,15,0,335.2,0,2,1,0,0
2005,6,26,12,2,15,130,5.2,0,2,0,0,130
2005,6,26,13,2,15,0,335.2,0,2,1,0,0
2005,6,26,13,2,15,130,5.2,0,2,0,0,130
2005,6,26,14,2,15,0,335.2,0,2,1,0,0
2005,6,26,14,2,15,130,5.2,0,2,0,0,130
2005,6,26,15,2,15,0,335.2,0,2,1,0,0
2005,6,26,15,2,15,130,5.2,0,2,0,0,130
2005,6,26,16,2,15,0,335.2,0,2,1,0,0
2005,6,26,16,2,15,130,5.2,0,2,0,0,130
2005,6,26,17,2,15,0,335.2,0,2,1,0,0
2005,6,26,17,2,15,130,5.2,0,2,0,0,130
2005,6,26,18,2,15,0,335.2,0,2,1,0,0
2005,6,26,18,2,15,130,5.2,0,2,0,0,130
2005,6,26,19,2,15,0,335.2,0,2,1,0,0
2005,6,26,19,2,15,130,5.2,0,2,0,0,130
2005,6,26,20,2,15,0,335.2,0,2,1,0,0
2005,6,26,20,2,15,130,5.2,0,2,0,0,130
2005,6,26,21,2,15,0,335.2,0,2,1,0,0
2005,6,26,21,2,15,130,5.2,0,2,0,0,130
2005,6,26,22,2,15,0,335.2,0,2,1,0,0
2005,6,26,22,2,15,130,5.2,0,2,0,0,130
2005,6,26,23,2,15,0,335.2,0,2,1,0,0
2005,6,26,23,2,15,130,5.2,0,2,0,0,130
2005,6,26,24,2,15,0,335.2,0,2,1,0,0
2005,6,26,24,2,15,130,5.2,0,2,0,0,130
2005,6,26,1,5,15,0,105.1,0,2,1,0,0
2005,6,26,1,5,15,130,1.6,0,2,0,0,130
2005,6,26,2,5,15,0,105.1,0,2,1,0,0
2005,6,26,2,5,15,130,1.6,0,2,0,0,130
2005,6,26,3,5,15,0,105.1,0,2,1,0,0
2005,6,26,3,5,15,130,1.6,0,2,0,0,130
2005,6,26,4,5,15,0,105.1,0,2,1,0,0
2005,6,26,4,5,15,130,1.6,0,2,0,0,130
2005,6,26,5,5,15,0,105.1,0,2,1,0,0
2005,6,26,5,5,15,130,1.6,0,2,0,0,130
2005,6,26,6,5,15,0,105.1,0,2,1,0,0
2005,6,26,6,5,15,130,1.6,0,2,0,0,130
2005,6,26,7,5,15,0,105.1,0,2,1,0,0
2005,6,26,7,5,15,130,1.6,0,2,0,0,130
2005,6,26,8,5,15,0,105.1,0,2,1,0,0
2005,6,26,8,5,15,130,1.6,0,2,0,0,130
2005,6,26,9,5,15,0,105.1,0,2,1,0,0
2005,6,26,9,5,15,130,1.6,0,2,0,0,130
2005,6,26,10,5,15,0,105.1,0,2,1,0,0
2005,6,26,10,5,15,130,1.6,0,2,0,0,130
2005,6,26,11,5,15,0,105.1,0,2,1,0,0
2005,6,26,11,5,15,130,1.6,0,2,0,0,130
2005,6,26,12,5,15,0,105.1,0,2,1,0,0
2005,6,26,12,5,15,130,1.6,0,2,0,0,130
2005,6,26,13,5,15,0,105.1,0,2,1,0,0
2005,6,26,13,5,15,130,1.6,0,2,0,0,130
2005,6,26,14,5,15,0,105.1,0,2,1,0,0
2005,6,26,14,5,15,130,1.6,0,2,0,0,130
2005,6,26,15,5,15,0,105.1,0,2,1,0,0
2005,6,26,15,5,15,130,1.6,0,2,0,0,130
2005,6,26,16,5,15,0,105.1,0,2,1,0,0
2005,6,26,16,5,15,130,1.6,0,2,0,0,130
2005,6,26,17,5,15,0,105.1,0,2,1,0,0
2005,6,26,17,5,15,130,1.6,0,2,0,0,130
2005,6,26,18,5,15,0,105.1,0,2,1,0,0
2005,6,26,18,5,15,130,1.6,0,2,0,0,130
2005,6,26,19,5,15,0,105.1,0,2,1,0,0
2005,6,26,19,5,15,130,1.6,0,2,0,0,130
2005,6,26,20,5,15,0,105.1,0,2,1,0,0
2005,6,26,20,5,15,130,1.6,0,2,0,0,130
2005,6,26,21,5,15,0,105.1,0,2,1,0,0
2005,6,26,21,5,15,130,1.6,0,2,0,0,130
2005,6,26,22,5,15,0,105.1,0,2,1,0,0
2005,6,26,22,5,15,130,1.6,0,2,0,0,130
2005,6,26,23,5,15,0,105.1,0,2,1,0,0
2005,6,26,23,5,15,130,1.6,0,2,0,0,130
2005,6,26,24,5,15,0,105.1,0,2,1,0,0
2005,6,26,24,5,15,130,1.6,0,2,0,0,130
2005,6,26,1,9,16,0,2.3,0,2,1,0,0
2005,6,26,2,9,16,0,2.3,0,2,1,0,0
2005,6,26,3,9,16,0,2.3,0,2,1,0,0
2005,6,26,4,9,16,0,2.3,0,2,1,0,0
2005,6,26,5,9,16,0,2.3,0,2,1,0,0
2005,6,26,6,9,16,0,2.3,0,2,1,0,0
2005,6,26,7,9,16,0,2.3,0,2,1,0,0
2005,6,26,8,9,16,0,2.3,0,2,1,0,0
2005,6,26,9,9,16,0,2.3,0,2,1,0,0
2005,6,26,10,9,16,0,2.1,0,2,1,0,0
2005,6,26,11,9,16,0,2.1,0,2,1,0,0
2005,6,26,12,9,16,0,2.1,0,2,1,0,0
2005,6,26,13,9,16,0,2.1,0,2,1,0,0
2005,6,26,14,9,16,0,2.1,0,2,1,0,0
2005,6,26,15,9,16,0,2.1,0,2,1,0,0
2005,6,26,16,9,16,0,2.1,0,2,1,0,0
2005,6,26,17,9,16,0,2.1,0,2,1,0,0
2005,6,26,18,9,16,0,2.1,0,2,1,0,0
2005,6,26,19,9,16,0,2,0,2,1,0,0
2005,6,26,20,9,16,0,2,0,2,1,0,0
2005,6,26,21,9,16,0,2,0,2,1,0,0
2005,6,26,22,9,16,0,2.3,0,2,1,0,0
2005,6,26,23,9,16,0,2.3,0,2,1,0,0
2005,6,26,24,9,16,0,2.3,0,2,1,0,0
2005,6,26,1,9,1014,0,703,.354815,2,1,0,0
2005,6,26,2,9,1014,0,703,.354815,2,1,0,0
2005,6,26,3,9,1014,0,703,.354815,2,1,0,0
2005,6,26,4,9,1014,0,703,.354815,2,1,0,0
2005,6,26,5,9,1014,0,703,.354815,2,1,0,0
2005,6,26,6,9,1014,0,703,.354815,2,1,0,0
2005,6,26,7,9,1014,0,703,.354815,2,1,0,0
2005,6,26,8,9,1014,0,703,.354815,2,1,0,0
2005,6,26,9,9,1014,0,703,.354815,2,1,0,0
2005,6,26,10,9,1014,0,703,.354815,2,1,0,0
2005,6,26,11,9,1014,0,703,.354815,2,1,0,0
2005,6,26,12,9,1014,0,703,.354815,2,1,0,0
2005,6,26,13,9,1014,0,703,.354815,2,1,0,0
2005,6,26,14,9,1014,0,703,.354815,2,1,0,0
2005,6,26,15,9,1014,0,703,.354815,2,1,0,0
2005,6,26,16,9,1014,0,703,.354815,2,1,0,0
2005,6,26,17,9,1014,0,703,.354815,2,1,0,0
2005,6,26,18,9,1014,0,703,.354815,2,1,0,0
2005,6,26,19,9,1014,0,703,.354815,2,1,0,0
2005,6,26,20,9,1014,0,703,.354815,2,1,0,0
2005,6,26,21,9,1014,0,703,.354815,2,1,0,0
2005,6,26,22,9,1014,0,703,.354815,2,1,0,0
2005,6,26,23,9,1014,0,703,.354815,2,1,0,0
2005,6,26,24,9,1014,0,703,.354815,2,1,0,0
2005,6,26,1,9,18,0,5.8,0,2,1,0,0
2005,6,26,2,9,18,0,5.8,0,2,1,0,0
2005,6,26,3,9,18,0,5.8,0,2,1,0,0
2005,6,26,4,9,18,0,5.8,0,2,1,0,0
2005,6,26,5,9,18,0,5.8,0,2,1,0,0
2005,6,26,6,9,18,0,5.8,0,2,1,0,0
2005,6,26,7,9,18,0,5.8,0,2,1,0,0
2005,6,26,8,9,18,0,5.8,0,2,1,0,0
2005,6,26,9,9,18,0,5.8,0,2,1,0,0
2005,6,26,10,9,18,0,5.8,0,2,1,0,0
2005,6,26,11,9,18,0,5.8,0,2,1,0,0
2005,6,26,12,9,18,0,5.8,0,2,1,0,0
2005,6,26,13,9,18,0,5.8,0,2,1,0,0
2005,6,26,14,9,18,0,5.8,0,2,1,0,0
2005,6,26,15,9,18,0,5.8,0,2,1,0,0
2005,6,26,16,9,18,0,5.8,0,2,1,0,0
2005,6,26,17,9,18,0,5.8,0,2,1,0,0
2005,6,26,18,9,18,0,5.8,0,2,1,0,0
2005,6,26,19,9,18,0,5.8,0,2,1,0,0
2005,6,26,20,9,18,0,5.8,0,2,1,0,0
2005,6,26,21,9,18,0,5.8,0,2,1,0,0
2005,6,26,22,9,18,0,5.8,0,2,1,0,0
2005,6,26,23,9,18,0,5.8,0,2,1,0,0
2005,6,26,24,9,18,0,5.1,0,2,1,0,0
2005,6,26,1,9,19,0,8.1,0,2,1,0,0
2005,6,26,2,9,19,0,8.1,0,2,1,0,0
2005,6,26,3,9,19,0,8.1,0,2,1,0,0
2005,6,26,4,9,19,0,8.1,0,2,1,0,0
2005,6,26,5,9,19,0,8.1,0,2,1,0,0
2005,6,26,6,9,19,0,8.2,0,2,1,0,0
2005,6,26,7,9,19,0,8.2,0,2,1,0,0
2005,6,26,8,9,19,0,8.2,0,2,1,0,0
2005,6,26,9,9,19,0,8.5,0,2,1,0,0
2005,6,26,10,9,19,0,8.5,0,2,1,0,0
2005,6,26,11,9,19,0,9.2,0,2,1,0,0
2005,6,26,12,9,19,0,9.2,0,2,1,0,0
2005,6,26,13,9,19,0,9.2,0,2,1,0,0
2005,6,26,14,9,19,0,9.1,0,2,1,0,0
2005,6,26,15,9,19,0,9.1,0,2,1,0,0
2005,6,26,16,9,19,0,9.1,0,2,1,0,0
2005,6,26,17,9,19,0,9.1,0,2,1,0,0
2005,6,26,18,9,19,0,9.2,0,2,1,0,0
2005,6,26,19,9,19,0,9.2,0,2,1,0,0
2005,6,26,20,9,19,0,9.2,0,2,1,0,0
2005,6,26,21,9,19,0,9.2,0,2,1,0,0
2005,6,26,22,9,19,0,9.2,0,2,1,0,0
2005,6,26,23,9,19,0,8.3,0,2,1,0,0
2005,6,26,24,9,19,0,8.2,0,2,1,0,0
2005,6,26,1,1,1015,19.8,230,.370879,2,1,0,43.890553
2005,6,26,1,1,1015,36.53,50,.370879,2,1,0,43.890553
2005,6,26,1,1,1015,38.53,50,.370879,2,1,0,43.890553
2005,6,26,1,1,1015,39.89,59.2,.370879,2,1,0,43.890553
2005,6,26,2,1,1015,19.8,230,.370879,2,1,0,43.890553
2005,6,26,2,1,1015,36.53,50,.370879,2,1,0,43.890553
2005,6,26,2,1,1015,38.53,50,.370879,2,1,0,43.890553
2005,6,26,2,1,1015,39.89,.3,.370879,2,1,0,43.890553
2005,6,26,3,1,1015,19.8,230,.370879,2,1,0,43.890553
2005,6,26,3,1,1015,36.53,50,.370879,2,1,0,43.890553
2005,6,26,3,1,1015,38.53,50,.370879,2,0,0,43.890553
2005,6,26,3,1,1015,39.89,59.2,.370879,2,0,0,43.890553
2005,6,26,4,1,1015,19.8,230,.370879,2,1,0,43.890553
2005,6,26,4,1,1015,36.53,50,.370879,2,0,0,43.890553
2005,6,26,4,1,1015,38.53,50,.370879,2,0,0,43.890553
2005,6,26,4,1,1015,39.89,59.2,.370879,2,0,0,43.890553
2005,6,26,5,1,1015,19.8,230,.370879,2,1,0,43.890553
2005,6,26,5,1,1015,36.53,50,.370879,2,0,0,43.890553
2005,6,26,5,1,1015,38.53,50,.370879,2,0,0,43.890553
2005,6,26,5,1,1015,39.89,59.2,.370879,2,0,0,43.890553
2005,6,26,6,1,1015,19.8,230,.370879,2,1,0,43.890553
2005,6,26,6,1,1015,36.53,50,.370879,2,0,0,43.890553
2005,6,26,6,1,1015,38.53,50,.370879,2,0,0,43.890553
2005,6,26,6,1,1015,39.89,59.2,.370879,2,0,0,43.890553
2005,6,26,7,1,1015,19.8,230,.370879,2,1,0,43.890553
2005,6,26,7,1,1015,36.53,50,.370879,2,0,0,43.890553
2005,6,26,7,1,1015,38.53,50,.370879,2,0,0,43.890553
2005,6,26,7,1,1015,39.89,59.2,.370879,2,0,0,43.890553
2005,6,26,8,1,1015,19.8,230,.370879,2,1,0,43.890553
2005,6,26,8,1,1015,36.53,50,.370879,2,0,0,43.890553
2005,6,26,8,1,1015,38.53,50,.370879,2,0,0,43.890553
2005,6,26,8,1,1015,39.89,59.2,.370879,2,0,0,43.890553
2005,6,26,9,1,1015,19.8,230,.370879,2,1,0,43.890553
2005,6,26,9,1,1015,36.53,50,.370879,2,0,0,43.890553
2005,6,26,9,1,1015,38.53,50,.370879,2,0,0,43.890553
2005,6,26,9,1,1015,39.89,59.2,.370879,2,0,0,43.890553
2005,6,26,10,1,1015,0,230,.370879,2,1,0,0
2005,6,26,10,1,1015,36.53,50,.370879,2,0,0,43.890553
2005,6,26,10,1,1015,38.53,50,.370879,2,0,0,43.890553
2005,6,26,10,1,1015,39.89,59.2,.370879,2,0,0,43.890553
2005,6,26,11,1,1015,0,230,.370879,2,1,0,0
2005,6,26,11,1,1015,36.53,50,.370879,2,1,0,43.890553
2005,6,26,11,1,1015,38.53,50,.370879,2,0,0,43.890553
2005,6,26,11,1,1015,39.89,59.2,.370879,2,0,0,43.890553
2005,6,26,12,1,1015,0,230,.370879,2,1,0,0
2005,6,26,12,1,1015,36.53,50,.370879,2,1,0,43.890553
2005,6,26,12,1,1015,38.53,50,.370879,2,1,0,43.890553
2005,6,26,12,1,1015,39.89,59.2,.370879,2,1,0,43.890553
2005,6,26,13,1,1015,0,230,.370879,2,1,0,0
2005,6,26,13,1,1015,36.53,50,.370879,2,1,0,43.890553
2005,6,26,13,1,1015,38.53,50,.370879,2,1,0,43.890553
2005,6,26,13,1,1015,39.89,59.2,.370879,2,1,0,43.890553
2005,6,26,14,1,1015,0,230,.370879,2,1,0,0
2005,6,26,14,1,1015,36.53,50,.370879,2,1,0,43.890553
2005,6,26,14,1,1015,38.53,50,.370879,2,1,0,43.890553
2005,6,26,14,1,1015,39.89,59.2,.370879,2,1,0,43.890553
2005,6,26,15,1,1015,0,230,.370879,2,1,0,0
2005,6,26,15,1,1015,36.53,50,.370879,2,1,0,43.890553
2005,6,26,15,1,1015,38.53,50,.370879,2,1,0,43.890553
2005,6,26,15,1,1015,39.89,59.2,.370879,2,1,0,43.890553
2005,6,26,16,1,1015,0,230,.370879,2,1,0,0
2005,6,26,16,1,1015,36.53,50,.370879,2,1,0,43.890553
2005,6,26,16,1,1015,38.53,50,.370879,2,1,0,43.890553
2005,6,26,16,1,1015,39.89,59.2,.370879,2,1,0,43.890553
2005,6,26,17,1,1015,0,230,.370879,2,1,0,0
2005,6,26,17,1,1015,36.53,50,.370879,2,1,0,43.890553
2005,6,26,17,1,1015,38.53,50,.370879,2,1,0,43.890553
2005,6,26,17,1,1015,39.89,59.2,.370879,2,1,0,43.890553
2005,6,26,18,1,1015,0,230,.370879,2,1,0,0
2005,6,26,18,1,1015,36.53,50,.370879,2,1,0,43.890553
2005,6,26,18,1,1015,38.53,50,.370879,2,1,0,43.890553
2005,6,26,18,1,1015,39.89,59.2,.370879,2,1,0,43.890553
2005,6,26,19,1,1015,0,230,.370879,2,1,0,0
2005,6,26,19,1,1015,36.53,50,.370879,2,1,0,43.890553
2005,6,26,19,1,1015,38.53,50,.370879,2,1,0,43.890553
2005,6,26,19,1,1015,39.89,59.2,.370879,2,1,0,43.890553
2005,6,26,20,1,1015,0,230,.370879,2,1,0,0
2005,6,26,20,1,1015,36.53,50,.370879,2,1,0,43.890553
2005,6,26,20,1,1015,38.53,50,.370879,2,1,0,43.890553
2005,6,26,20,1,1015,39.89,59.2,.370879,2,0,0,43.890553
2005,6,26,21,1,1015,0,230,.370879,2,1,0,0
2005,6,26,21,1,1015,36.53,50,.370879,2,1,0,43.890553
2005,6,26,21,1,1015,38.53,50,.370879,2,1,0,43.890553
2005,6,26,21,1,1015,39.89,59.2,.370879,2,1,0,43.890553
2005,6,26,22,1,1015,19.8,230,.370879,2,1,0,43.890553
2005,6,26,22,1,1015,36.53,50,.370879,2,1,0,43.890553
2005,6,26,22,1,1015,38.53,50,.370879,2,1,0,43.890553
2005,6,26,22,1,1015,39.89,59.2,.370879,2,1,0,43.890553
2005,6,26,23,1,1015,19.8,230,.370879,2,1,0,43.890553
2005,6,26,23,1,1015,36.53,50,.370879,2,1,0,43.890553
2005,6,26,23,1,1015,38.53,50,.370879,2,1,0,43.890553
2005,6,26,23,1,1015,39.89,59.2,.370879,2,1,0,43.890553
2005,6,26,24,1,1015,19.8,230,.370879,2,1,0,43.890553
2005,6,26,24,1,1015,36.53,50,.370879,2,1,0,43.890553
2005,6,26,24,1,1015,38.53,50,.370879,2,1,0,43.890553
2005,6,26,24,1,1015,39.89,59.2,.370879,2,1,0,43.890553
2005,6,26,1,1,1016,0,230,.370879,2,1,0,0
2005,6,26,1,1,1016,35.87,50,.370879,2,1,0,43.890553
2005,6,26,1,1,1016,37.47,50,.370879,2,1,0,43.890553
2005,6,26,1,1,1016,39.07,30,.370879,2,1,0,43.890553
2005,6,26,1,1,1016,53.59,13.2,.370879,2,0,0,43.890553
2005,6,26,2,1,1016,0,230,.370879,2,1,0,0
2005,6,26,2,1,1016,35.87,50,.370879,2,1,0,43.890553
2005,6,26,2,1,1016,37.47,50,.370879,2,1,0,43.890553
2005,6,26,2,1,1016,39.07,30,.370879,2,1,0,43.890553
2005,6,26,2,1,1016,53.59,13.2,.370879,2,0,0,43.890553
2005,6,26,3,1,1016,0,230,.370879,2,1,0,0
2005,6,26,3,1,1016,35.87,50,.370879,2,1,0,43.890553
2005,6,26,3,1,1016,37.47,50,.370879,2,1,0,43.890553
2005,6,26,3,1,1016,39.07,30,.370879,2,0,0,43.890553
2005,6,26,3,1,1016,53.59,13.2,.370879,2,0,0,43.890553
2005,6,26,4,1,1016,0,230,.370879,2,1,0,0
2005,6,26,4,1,1016,35.87,50,.370879,2,1,0,43.890553
2005,6,26,4,1,1016,37.47,50,.370879,2,0,0,43.890553
2005,6,26,4,1,1016,39.07,30,.370879,2,0,0,43.890553
2005,6,26,4,1,1016,53.59,13.2,.370879,2,0,0,43.890553
2005,6,26,5,1,1016,0,230,.370879,2,1,0,0
2005,6,26,5,1,1016,35.87,50,.370879,2,1,0,43.890553
2005,6,26,5,1,1016,37.47,50,.370879,2,0,0,43.890553
2005,6,26,5,1,1016,39.07,30,.370879,2,0,0,43.890553
2005,6,26,5,1,1016,53.59,13.2,.370879,2,0,0,43.890553
2005,6,26,6,1,1016,0,230,.370879,2,1,0,0
2005,6,26,6,1,1016,35.87,50,.370879,2,0,0,43.890553
2005,6,26,6,1,1016,37.47,50,.370879,2,0,0,43.890553
2005,6,26,6,1,1016,39.07,30,.370879,2,0,0,43.890553
2005,6,26,6,1,1016,53.59,13.2,.370879,2,0,0,43.890553
2005,6,26,7,1,1016,0,230,.370879,2,1,0,0
2005,6,26,7,1,1016,35.87,50,.370879,2,0,0,43.890553
2005,6,26,7,1,1016,37.47,50,.370879,2,0,0,43.890553
2005,6,26,7,1,1016,39.07,30,.370879,2,0,0,43.890553
2005,6,26,7,1,1016,53.59,13.2,.370879,2,0,0,43.890553
2005,6,26,8,1,1016,0,230,.370879,2,1,0,0
2005,6,26,8,1,1016,35.87,50,.370879,2,0,0,43.890553
2005,6,26,8,1,1016,37.47,50,.370879,2,0,0,43.890553
2005,6,26,8,1,1016,39.07,30,.370879,2,0,0,43.890553
2005,6,26,8,1,1016,53.59,13.2,.370879,2,0,0,43.890553
2005,6,26,9,1,1016,0,230,.370879,2,1,0,0
2005,6,26,9,1,1016,35.87,50,.370879,2,0,0,43.890553
2005,6,26,9,1,1016,37.47,50,.370879,2,0,0,43.890553
2005,6,26,9,1,1016,39.07,30,.370879,2,0,0,43.890553
2005,6,26,9,1,1016,53.59,13.2,.370879,2,0,0,43.890553
2005,6,26,10,1,1016,0,230,.370879,2,1,0,0
2005,6,26,10,1,1016,35.87,50,.370879,2,0,0,43.890553
2005,6,26,10,1,1016,37.47,50,.370879,2,0,0,43.890553
2005,6,26,10,1,1016,39.07,30,.370879,2,0,0,43.890553
2005,6,26,10,1,1016,53.59,13.2,.370879,2,0,0,43.890553
2005,6,26,11,1,1016,0,230,.370879,2,1,0,0
2005,6,26,11,1,1016,35.87,50,.370879,2,1,0,43.890553
2005,6,26,11,1,1016,37.47,50,.370879,2,1,0,43.890553
2005,6,26,11,1,1016,39.07,30,.370879,2,0,0,43.890553
2005,6,26,11,1,1016,53.59,13.2,.370879,2,0,0,43.890553
2005,6,26,12,1,1016,0,230,.370879,2,1,0,0
2005,6,26,12,1,1016,35.87,50,.370879,2,1,0,43.890553
2005,6,26,12,1,1016,37.47,50,.370879,2,1,0,43.890553
2005,6,26,12,1,1016,39.07,30,.370879,2,1,0,43.890553
2005,6,26,12,1,1016,53.59,13.2,.370879,2,0,0,43.890553
2005,6,26,13,1,1016,0,230,.370879,2,1,0,0
2005,6,26,13,1,1016,35.87,50,.370879,2,1,0,43.890553
2005,6,26,13,1,1016,37.47,50,.370879,2,1,0,43.890553
2005,6,26,13,1,1016,39.07,30,.370879,2,1,0,43.890553
2005,6,26,13,1,1016,53.59,13.2,.370879,2,0,0,43.890553
2005,6,26,14,1,1016,0,230,.370879,2,1,0,0
2005,6,26,14,1,1016,35.87,50,.370879,2,1,0,43.890553
2005,6,26,14,1,1016,37.47,50,.370879,2,1,0,43.890553
2005,6,26,14,1,1016,39.07,30,.370879,2,1,0,43.890553
2005,6,26,14,1,1016,53.59,13.2,.370879,2,0,0,43.890553
2005,6,26,15,1,1016,0,230,.370879,2,1,0,0
2005,6,26,15,1,1016,35.87,50,.370879,2,1,0,43.890553
2005,6,26,15,1,1016,37.47,50,.370879,2,1,0,43.890553
2005,6,26,15,1,1016,39.07,30,.370879,2,1,0,43.890553
2005,6,26,15,1,1016,53.59,13.2,.370879,2,0,0,43.890553
2005,6,26,16,1,1016,0,230,.370879,2,1,0,0
2005,6,26,16,1,1016,35.87,50,.370879,2,1,0,43.890553
2005,6,26,16,1,1016,37.47,50,.370879,2,1,0,43.890553
2005,6,26,16,1,1016,39.07,30,.370879,2,1,0,43.890553
2005,6,26,16,1,1016,53.59,13.2,.370879,2,0,0,43.890553
2005,6,26,17,1,1016,0,230,.370879,2,1,0,0
2005,6,26,17,1,1016,35.87,50,.370879,2,1,0,43.890553
2005,6,26,17,1,1016,37.47,50,.370879,2,1,0,43.890553
2005,6,26,17,1,1016,39.07,30,.370879,2,1,0,43.890553
2005,6,26,17,1,1016,53.59,13.2,.370879,2,0,0,43.890553
2005,6,26,18,1,1016,0,230,.370879,2,1,0,0
2005,6,26,18,1,1016,35.87,50,.370879,2,1,0,43.890553
2005,6,26,18,1,1016,37.47,50,.370879,2,1,0,43.890553
2005,6,26,18,1,1016,39.07,30,.370879,2,1,0,43.890553
2005,6,26,18,1,1016,53.59,13.2,.370879,2,0,0,43.890553
2005,6,26,19,1,1016,0,230,.370879,2,1,0,0
2005,6,26,19,1,1016,35.87,50,.370879,2,1,0,43.890553
2005,6,26,19,1,1016,37.47,50,.370879,2,1,0,43.890553
2005,6,26,19,1,1016,39.07,30,.370879,2,1,0,43.890553
2005,6,26,19,1,1016,53.59,13.2,.370879,2,0,0,43.890553
2005,6,26,20,1,1016,0,230,.370879,2,1,0,0
2005,6,26,20,1,1016,35.87,50,.370879,2,1,0,43.890553
2005,6,26,20,1,1016,37.47,50,.370879,2,1,0,43.890553
2005,6,26,20,1,1016,39.07,30,.370879,2,1,0,43.890553
2005,6,26,20,1,1016,53.59,13.2,.370879,2,0,0,43.890553
2005,6,26,21,1,1016,0,230,.370879,2,1,0,0
2005,6,26,21,1,1016,35.87,50,.370879,2,1,0,43.890553
2005,6,26,21,1,1016,37.47,50,.370879,2,1,0,43.890553
2005,6,26,21,1,1016,39.07,30,.370879,2,1,0,43.890553
2005,6,26,21,1,1016,53.59,13.2,.370879,2,0,0,43.890553
2005,6,26,22,1,1016,0,230,.370879,2,1,0,0
2005,6,26,22,1,1016,35.87,50,.370879,2,1,0,43.890553
2005,6,26,22,1,1016,37.47,50,.370879,2,1,0,43.890553
2005,6,26,22,1,1016,39.07,30,.370879,2,1,0,43.890553
2005,6,26,22,1,1016,53.59,13.2,.370879,2,0,0,43.890553
2005,6,26,23,1,1016,0,230,.370879,2,1,0,0
2005,6,26,23,1,1016,35.87,50,.370879,2,1,0,43.890553
2005,6,26,23,1,1016,37.47,50,.370879,2,1,0,43.890553
2005,6,26,23,1,1016,39.07,30,.370879,2,1,0,43.890553
2005,6,26,23,1,1016,53.59,13.2,.370879,2,1,0,43.890553
2005,6,26,24,1,1016,0,230,.370879,2,1,0,0
2005,6,26,24,1,1016,35.87,50,.370879,2,1,0,43.890553
2005,6,26,24,1,1016,37.47,50,.370879,2,1,0,43.890553
2005,6,26,24,1,1016,39.07,30,.370879,2,1,0,43.890553
2005,6,26,24,1,1016,53.59,13.2,.370879,2,0,0,43.890553
2005,6,26,1,5,1018,36.04,60.6,.342533,2,1,0,42.7919
2005,6,26,1,5,1018,180.3,40,.342533,2,0,0,180.3
2005,6,26,2,5,1018,36.04,115.9,.342533,2,1,0,42.7919
2005,6,26,2,5,1018,180.3,40,.342533,2,0,0,180.3
2005,6,26,3,5,1018,0,11.3,.342533,2,1,0,0
2005,6,26,3,5,1018,35.69,3.7,.342533,2,1,0,42.7919
2005,6,26,3,5,1018,35.79,3.7,.342533,2,1,0,42.7919
2005,6,26,3,5,1018,35.89,3.7,.342533,2,1,0,42.7919
2005,6,26,3,5,1018,35.99,3.7,.342533,2,1,0,42.7919
2005,6,26,3,5,1018,36.04,135.2,.342533,2,1,0,42.7919
2005,6,26,3,5,1018,180.3,40,.342533,2,0,0,180.3
2005,6,26,4,5,1018,0,25.1,.342533,2,1,0,0
2005,6,26,4,5,1018,35.69,3.7,.342533,2,1,0,42.7919
2005,6,26,4,5,1018,35.79,3.7,.342533,2,1,0,42.7919
2005,6,26,4,5,1018,35.89,3.7,.342533,2,1,0,42.7919
2005,6,26,4,5,1018,35.99,3.7,.342533,2,1,0,42.7919
2005,6,26,4,5,1018,36.04,77.3,.342533,2,1,0,42.7919
2005,6,26,4,5,1018,180.3,40,.342533,2,0,0,180.3
2005,6,26,5,5,1018,0,29.7,.342533,2,1,0,0
2005,6,26,5,5,1018,35.69,3.7,.342533,2,1,0,42.7919
2005,6,26,5,5,1018,35.79,3.7,.342533,2,1,0,42.7919
2005,6,26,5,5,1018,35.89,3.7,.342533,2,1,0,42.7919
2005,6,26,5,5,1018,35.99,3.7,.342533,2,0,0,42.7919
2005,6,26,5,5,1018,36.04,135.2,.342533,2,0,0,42.7919
2005,6,26,5,5,1018,180.3,40,.342533,2,0,0,180.3
2005,6,26,6,5,1018,0,32.8,.342533,2,1,0,0
2005,6,26,6,5,1018,35.69,3.7,.342533,2,1,0,42.7919
2005,6,26,6,5,1018,35.79,3.7,.342533,2,0,0,42.7919
2005,6,26,6,5,1018,35.89,3.7,.342533,2,0,0,42.7919
2005,6,26,6,5,1018,35.99,3.7,.342533,2,0,0,42.7919
2005,6,26,6,5,1018,36.04,135.2,.342533,2,0,0,42.7919
2005,6,26,6,5,1018,180.3,40,.342533,2,0,0,180.3
2005,6,26,7,5,1018,0,48.1,.342533,2,1,0,0
2005,6,26,7,5,1018,35.69,3.7,.342533,2,0,0,42.7919
2005,6,26,7,5,1018,35.79,3.7,.342533,2,0,0,42.7919
2005,6,26,7,5,1018,35.89,3.7,.342533,2,0,0,42.7919
2005,6,26,7,5,1018,35.99,3.7,.342533,2,0,0,42.7919
2005,6,26,7,5,1018,36.04,135.2,.342533,2,0,0,42.7919
2005,6,26,7,5,1018,180.3,40,.342533,2,0,0,180.3
2005,6,26,8,5,1018,0,49,.342533,2,1,0,0
2005,6,26,8,5,1018,35.69,3.7,.342533,2,0,0,42.7919
2005,6,26,8,5,1018,35.79,3.7,.342533,2,0,0,42.7919
2005,6,26,8,5,1018,35.89,3.7,.342533,2,0,0,42.7919
2005,6,26,8,5,1018,35.99,3.7,.342533,2,0,0,42.7919
2005,6,26,8,5,1018,36.04,135.2,.342533,2,0,0,42.7919
2005,6,26,8,5,1018,180.3,40,.342533,2,0,0,180.3
2005,6,26,9,5,1018,0,33.4,.342533,2,1,0,0
2005,6,26,9,5,1018,35.69,3.7,.342533,2,0,0,42.7919
2005,6,26,9,5,1018,35.79,3.7,.342533,2,0,0,42.7919
2005,6,26,9,5,1018,35.89,3.7,.342533,2,0,0,42.7919
2005,6,26,9,5,1018,35.99,3.7,.342533,2,0,0,42.7919
2005,6,26,9,5,1018,36.04,125.2,.342533,2,0,0,42.7919
2005,6,26,9,5,1018,180.3,50,.342533,2,0,0,180.3
2005,6,26,10,5,1018,0,.7,.342533,2,1,0,0
2005,6,26,10,5,1018,35.69,3.7,.342533,2,0,0,42.7919
2005,6,26,10,5,1018,35.79,3.7,.342533,2,0,0,42.7919
2005,6,26,10,5,1018,35.89,3.7,.342533,2,0,0,42.7919
2005,6,26,10,5,1018,35.99,3.7,.342533,2,0,0,42.7919
2005,6,26,10,5,1018,36.04,125.2,.342533,2,0,0,42.7919
2005,6,26,10,5,1018,180.3,50,.342533,2,0,0,180.3
2005,6,26,11,5,1018,36.04,89.2,.342533,2,1,0,42.7919
2005,6,26,11,5,1018,180.3,50,.342533,2,0,0,180.3
2005,6,26,12,5,1018,36.04,69.2,.342533,2,1,0,42.7919
2005,6,26,12,5,1018,180.3,50,.342533,2,0,0,180.3
2005,6,26,13,5,1018,36.04,60.6,.342533,2,1,0,42.7919
2005,6,26,13,5,1018,180.3,50,.342533,2,0,0,180.3
2005,6,26,14,5,1018,36.04,59.8,.342533,2,1,0,42.7919
2005,6,26,14,5,1018,180.3,50,.342533,2,0,0,180.3
2005,6,26,15,5,1018,36.04,65.7,.342533,2,1,0,42.7919
2005,6,26,15,5,1018,180.3,50,.342533,2,0,0,180.3
2005,6,26,16,5,1018,36.04,77.3,.342533,2,1,0,42.7919
2005,6,26,16,5,1018,180.3,50,.342533,2,0,0,180.3
2005,6,26,17,5,1018,36.04,92,.342533,2,1,0,42.7919
2005,6,26,17,5,1018,180.3,50,.342533,2,0,0,180.3
2005,6,26,18,5,1018,36.04,96.2,.342533,2,1,0,42.7919
2005,6,26,18,5,1018,180.3,50,.342533,2,0,0,180.3
2005,6,26,19,5,1018,36.04,99.5,.342533,2,1,0,42.7919
2005,6,26,19,5,1018,180.3,50,.342533,2,0,0,180.3
2005,6,26,20,5,1018,36.04,91.8,.342533,2,1,0,42.7919
2005,6,26,20,5,1018,180.3,50,.342533,2,0,0,180.3
2005,6,26,21,5,1018,36.04,46,.342533,2,1,0,42.7919
2005,6,26,21,5,1018,180.3,50,.342533,2,0,0,180.3
2005,6,26,22,5,1018,36.04,3.2,.342533,2,1,0,42.7919
2005,6,26,22,5,1018,180.3,50,.342533,2,0,0,180.3
2005,6,26,23,5,1018,180.3,33.3,.342533,2,0,0,180.3
2005,6,26,24,5,1018,36.04,28,.342533,2,1,0,42.7919
2005,6,26,24,5,1018,180.3,45,.342533,2,0,0,180.3
2005,6,26,1,5,1019,.01,200,.342533,2,1,0,.01
2005,6,26,1,5,1019,35.69,3.7,.342533,2,1,0,43.275608
2005,6,26,1,5,1019,35.79,3.7,.342533,2,1,0,43.275608
2005,6,26,1,5,1019,35.89,3.7,.342533,2,1,0,43.275608
2005,6,26,1,5,1019,35.99,3.7,.342533,2,1,0,43.275608
2005,6,26,1,5,1019,36.04,130.2,.342533,2,1,0,43.275608
2005,6,26,1,5,1019,180.3,45,.342533,2,0,0,180.3
2005,6,26,2,5,1019,.01,200,.342533,2,1,0,.01
2005,6,26,2,5,1019,35.69,3.7,.342533,2,1,0,43.275608
2005,6,26,2,5,1019,35.79,3.7,.342533,2,1,0,43.275608
2005,6,26,2,5,1019,35.89,3.7,.342533,2,1,0,43.275608
2005,6,26,2,5,1019,35.99,3.7,.342533,2,1,0,43.275608
2005,6,26,2,5,1019,36.04,130.2,.342533,2,1,0,43.275608
2005,6,26,2,5,1019,180.3,45,.342533,2,0,0,180.3
2005,6,26,3,5,1019,.01,200,.342533,2,1,0,.01
2005,6,26,3,5,1019,35.69,3.7,.342533,2,1,0,43.275608
2005,6,26,3,5,1019,35.79,3.7,.342533,2,1,0,43.275608
2005,6,26,3,5,1019,35.89,3.7,.342533,2,1,0,43.275608
2005,6,26,3,5,1019,35.99,3.7,.342533,2,1,0,43.275608
2005,6,26,3,5,1019,36.04,130.2,.342533,2,1,0,43.275608
2005,6,26,3,5,1019,180.3,45,.342533,2,0,0,180.3
2005,6,26,4,5,1019,.01,200,.342533,2,1,0,.01
2005,6,26,4,5,1019,35.69,3.7,.342533,2,1,0,43.275608
2005,6,26,4,5,1019,35.79,3.7,.342533,2,1,0,43.275608
2005,6,26,4,5,1019,35.89,3.7,.342533,2,1,0,43.275608
2005,6,26,4,5,1019,35.99,3.7,.342533,2,1,0,43.275608
2005,6,26,4,5,1019,36.04,74.4,.342533,2,1,0,43.275608
2005,6,26,4,5,1019,180.3,45,.342533,2,0,0,180.3
2005,6,26,5,5,1019,.01,200,.342533,2,1,0,.01
2005,6,26,5,5,1019,35.69,3.7,.342533,2,1,0,43.275608
2005,6,26,5,5,1019,35.79,3.7,.342533,2,1,0,43.275608
2005,6,26,5,5,1019,35.89,3.7,.342533,2,1,0,43.275608
2005,6,26,5,5,1019,35.99,3.7,.342533,2,0,0,43.275608
2005,6,26,5,5,1019,36.04,130.2,.342533,2,0,0,43.275608
2005,6,26,5,5,1019,180.3,45,.342533,2,0,0,180.3
2005,6,26,6,5,1019,.01,200,.342533,2,1,0,.01
2005,6,26,6,5,1019,35.69,3.7,.342533,2,1,0,43.275608
2005,6,26,6,5,1019,35.79,3.7,.342533,2,0,0,43.275608
2005,6,26,6,5,1019,35.89,3.7,.342533,2,0,0,43.275608
2005,6,26,6,5,1019,35.99,3.7,.342533,2,0,0,43.275608
2005,6,26,6,5,1019,36.04,130.2,.342533,2,0,0,43.275608
2005,6,26,6,5,1019,180.3,45,.342533,2,0,0,180.3
2005,6,26,7,5,1019,.01,200,.342533,2,1,0,.01
2005,6,26,7,5,1019,35.69,3.7,.342533,2,0,0,43.275608
2005,6,26,7,5,1019,35.79,3.7,.342533,2,0,0,43.275608
2005,6,26,7,5,1019,35.89,3.7,.342533,2,0,0,43.275608
2005,6,26,7,5,1019,35.99,3.7,.342533,2,0,0,43.275608
2005,6,26,7,5,1019,36.04,130.2,.342533,2,0,0,43.275608
2005,6,26,7,5,1019,180.3,45,.342533,2,0,0,180.3
2005,6,26,8,5,1019,.01,200,.342533,2,1,0,.01
2005,6,26,8,5,1019,35.69,3.7,.342533,2,0,0,43.275608
2005,6,26,8,5,1019,35.79,3.7,.342533,2,0,0,43.275608
2005,6,26,8,5,1019,35.89,3.7,.342533,2,0,0,43.275608
2005,6,26,8,5,1019,35.99,3.7,.342533,2,0,0,43.275608
2005,6,26,8,5,1019,36.04,130.2,.342533,2,0,0,43.275608
2005,6,26,8,5,1019,180.3,45,.342533,2,0,0,180.3
2005,6,26,9,5,1019,.01,200,.342533,2,1,0,.01
2005,6,26,9,5,1019,35.69,3.7,.342533,2,0,0,43.275608
2005,6,26,9,5,1019,35.79,3.7,.342533,2,0,0,43.275608
2005,6,26,9,5,1019,35.89,3.7,.342533,2,0,0,43.275608
2005,6,26,9,5,1019,35.99,3.7,.342533,2,0,0,43.275608
2005,6,26,9,5,1019,36.04,125.2,.342533,2,0,0,43.275608
2005,6,26,9,5,1019,180.3,50,.342533,2,0,0,180.3
2005,6,26,10,5,1019,.01,200,.342533,2,1,0,.01
2005,6,26,10,5,1019,35.69,3.7,.342533,2,0,0,43.275608
2005,6,26,10,5,1019,35.79,3.7,.342533,2,0,0,43.275608
2005,6,26,10,5,1019,35.89,3.7,.342533,2,0,0,43.275608
2005,6,26,10,5,1019,35.99,3.7,.342533,2,0,0,43.275608
2005,6,26,10,5,1019,36.04,125.2,.342533,2,0,0,43.275608
2005,6,26,10,5,1019,180.3,50,.342533,2,0,0,180.3
2005,6,26,11,5,1019,.01,200,.342533,2,1,0,.01
2005,6,26,11,5,1019,35.69,3.7,.342533,2,1,0,43.275608
2005,6,26,11,5,1019,35.79,3.7,.342533,2,1,0,43.275608
2005,6,26,11,5,1019,35.89,3.7,.342533,2,1,0,43.275608
2005,6,26,11,5,1019,35.99,3.7,.342533,2,1,0,43.275608
2005,6,26,11,5,1019,36.04,125.2,.342533,2,1,0,43.275608
2005,6,26,11,5,1019,180.3,50,.342533,2,0,0,180.3
2005,6,26,12,5,1019,.01,200,.342533,2,1,0,.01
2005,6,26,12,5,1019,35.69,3.7,.342533,2,1,0,43.275608
2005,6,26,12,5,1019,35.79,3.7,.342533,2,1,0,43.275608
2005,6,26,12,5,1019,35.89,3.7,.342533,2,1,0,43.275608
2005,6,26,12,5,1019,35.99,3.7,.342533,2,1,0,43.275608
2005,6,26,12,5,1019,36.04,125.2,.342533,2,1,0,43.275608
2005,6,26,12,5,1019,180.3,50,.342533,2,0,0,180.3
2005,6,26,13,5,1019,.01,200,.342533,2,1,0,.01
2005,6,26,13,5,1019,35.69,3.7,.342533,2,1,0,43.275608
2005,6,26,13,5,1019,35.79,3.7,.342533,2,1,0,43.275608
2005,6,26,13,5,1019,35.89,3.7,.342533,2,1,0,43.275608
2005,6,26,13,5,1019,35.99,3.7,.342533,2,1,0,43.275608
2005,6,26,13,5,1019,36.04,125.2,.342533,2,1,0,43.275608
2005,6,26,13,5,1019,180.3,50,.342533,2,0,0,180.3
2005,6,26,14,5,1019,0,200,.342533,2,1,0,0
2005,6,26,14,5,1019,35.69,3.7,.342533,2,1,0,43.275608
2005,6,26,14,5,1019,35.79,3.7,.342533,2,1,0,43.275608
2005,6,26,14,5,1019,35.89,3.7,.342533,2,1,0,43.275608
2005,6,26,14,5,1019,35.99,3.7,.342533,2,1,0,43.275608
2005,6,26,14,5,1019,36.04,125.2,.342533,2,1,0,43.275608
2005,6,26,14,5,1019,180.3,50,.342533,2,0,0,180.3
2005,6,26,15,5,1019,0,200,.342533,2,1,0,0
2005,6,26,15,5,1019,35.69,3.7,.342533,2,1,0,43.275608
2005,6,26,15,5,1019,35.79,3.7,.342533,2,1,0,43.275608
2005,6,26,15,5,1019,35.89,3.7,.342533,2,1,0,43.275608
2005,6,26,15,5,1019,35.99,3.7,.342533,2,1,0,43.275608
2005,6,26,15,5,1019,36.04,125.2,.342533,2,1,0,43.275608
2005,6,26,15,5,1019,180.3,50,.342533,2,0,0,180.3
2005,6,26,16,5,1019,0,200,.342533,2,1,0,0
2005,6,26,16,5,1019,35.69,3.7,.342533,2,1,0,43.275608
2005,6,26,16,5,1019,35.79,3.7,.342533,2,1,0,43.275608
2005,6,26,16,5,1019,35.89,3.7,.342533,2,1,0,43.275608
2005,6,26,16,5,1019,35.99,3.7,.342533,2,1,0,43.275608
2005,6,26,16,5,1019,36.04,125.2,.342533,2,1,0,43.275608
2005,6,26,16,5,1019,180.3,50,.342533,2,0,0,180.3
2005,6,26,17,5,1019,0,200,.342533,2,1,0,0
2005,6,26,17,5,1019,35.69,3.7,.342533,2,1,0,43.275608
2005,6,26,17,5,1019,35.79,3.7,.342533,2,1,0,43.275608
2005,6,26,17,5,1019,35.89,3.7,.342533,2,1,0,43.275608
2005,6,26,17,5,1019,35.99,3.7,.342533,2,1,0,43.275608
2005,6,26,17,5,1019,36.04,125.2,.342533,2,1,0,43.275608
2005,6,26,17,5,1019,180.3,50,.342533,2,0,0,180.3
2005,6,26,18,5,1019,0,200,.342533,2,1,0,0
2005,6,26,18,5,1019,35.69,3.7,.342533,2,1,0,43.275608
2005,6,26,18,5,1019,35.79,3.7,.342533,2,1,0,43.275608
2005,6,26,18,5,1019,35.89,3.7,.342533,2,1,0,43.275608
2005,6,26,18,5,1019,35.99,3.7,.342533,2,1,0,43.275608
2005,6,26,18,5,1019,36.04,125.2,.342533,2,1,0,43.275608
2005,6,26,18,5,1019,180.3,50,.342533,2,0,0,180.3
2005,6,26,19,5,1019,0,200,.342533,2,1,0,0
2005,6,26,19,5,1019,35.69,3.7,.342533,2,1,0,43.275608
2005,6,26,19,5,1019,35.79,3.7,.342533,2,1,0,43.275608
2005,6,26,19,5,1019,35.89,3.7,.342533,2,1,0,43.275608
2005,6,26,19,5,1019,35.99,3.7,.342533,2,1,0,43.275608
2005,6,26,19,5,1019,36.04,125.2,.342533,2,1,0,43.275608
2005,6,26,19,5,1019,180.3,50,.342533,2,0,0,180.3
2005,6,26,20,5,1019,0,200,.342533,2,1,0,0
2005,6,26,20,5,1019,35.69,3.7,.342533,2,1,0,43.275608
2005,6,26,20,5,1019,35.79,3.7,.342533,2,1,0,43.275608
2005,6,26,20,5,1019,35.89,3.7,.342533,2,1,0,43.275608
2005,6,26,20,5,1019,35.99,3.7,.342533,2,1,0,43.275608
2005,6,26,20,5,1019,36.04,125.2,.342533,2,1,0,43.275608
2005,6,26,20,5,1019,180.3,50,.342533,2,0,0,180.3
2005,6,26,21,5,1019,0,200,.342533,2,1,0,0
2005,6,26,21,5,1019,35.69,3.7,.342533,2,1,0,43.275608
2005,6,26,21,5,1019,35.79,3.7,.342533,2,1,0,43.275608
2005,6,26,21,5,1019,35.89,3.7,.342533,2,1,0,43.275608
2005,6,26,21,5,1019,35.99,3.7,.342533,2,1,0,43.275608
2005,6,26,21,5,1019,36.04,125.2,.342533,2,1,0,43.275608
2005,6,26,21,5,1019,180.3,50,.342533,2,0,0,180.3
2005,6,26,22,5,1019,0,200,.342533,2,1,0,0
2005,6,26,22,5,1019,35.69,3.7,.342533,2,1,0,43.275608
2005,6,26,22,5,1019,35.79,3.7,.342533,2,1,0,43.275608
2005,6,26,22,5,1019,35.89,3.7,.342533,2,1,0,43.275608
2005,6,26,22,5,1019,35.99,3.7,.342533,2,1,0,43.275608
2005,6,26,22,5,1019,36.04,130.2,.342533,2,1,0,43.275608
2005,6,26,22,5,1019,180.3,45,.342533,2,0,0,180.3
2005,6,26,23,5,1019,0,200,.342533,2,1,0,0
2005,6,26,23,5,1019,35.69,3.7,.342533,2,1,0,43.275608
2005,6,26,23,5,1019,35.79,3.7,.342533,2,1,0,43.275608
2005,6,26,23,5,1019,35.89,3.7,.342533,2,1,0,43.275608
2005,6,26,23,5,1019,35.99,3.7,.342533,2,1,0,43.275608
2005,6,26,23,5,1019,36.04,130.2,.342533,2,1,0,43.275608
2005,6,26,23,5,1019,180.3,45,.342533,2,0,0,180.3
2005,6,26,24,5,1019,0,200,.342533,2,1,0,0
2005,6,26,24,5,1019,35.69,3.7,.342533,2,1,0,43.275608
2005,6,26,24,5,1019,35.79,3.7,.342533,2,1,0,43.275608
2005,6,26,24,5,1019,35.89,3.7,.342533,2,1,0,43.275608
2005,6,26,24,5,1019,35.99,3.7,.342533,2,1,0,43.275608
2005,6,26,24,5,1019,36.04,130.2,.342533,2,1,0,43.275608
2005,6,26,24,5,1019,180.3,45,.342533,2,0,0,180.3
2005,6,26,1,9,24,180.3,.5,0,1,1,0,180.3
2005,6,26,2,9,24,180.3,.5,0,1,1,0,180.3
2005,6,26,3,9,24,180.3,.5,0,1,1,0,180.3
2005,6,26,4,9,24,180.3,.5,0,1,1,0,180.3
2005,6,26,5,9,24,180.3,.5,0,1,1,0,180.3
2005,6,26,6,9,24,180.3,.5,0,1,1,0,180.3
2005,6,26,7,9,24,180.3,.5,0,1,1,0,180.3
2005,6,26,8,9,24,180.3,.5,0,1,1,0,180.3
2005,6,26,9,9,24,180.3,.5,0,1,1,0,180.3
2005,6,26,10,9,24,180.3,.5,0,1,1,0,180.3
2005,6,26,11,9,24,180.3,.5,0,1,1,0,180.3
2005,6,26,12,9,24,180.3,.5,0,1,1,0,180.3
2005,6,26,13,9,24,180.3,.5,0,1,1,0,180.3
2005,6,26,14,9,24,180.3,.5,0,1,1,0,180.3
2005,6,26,15,9,24,180.3,.5,0,1,1,0,180.3
2005,6,26,16,9,24,180.3,.5,0,1,1,0,180.3
2005,6,26,17,9,24,180.3,.5,0,1,1,0,180.3
2005,6,26,18,9,24,180.3,.5,0,1,1,0,180.3
2005,6,26,19,9,24,180.3,.5,0,1,1,0,180.3
2005,6,26,20,9,24,180.3,.5,0,1,1,0,180.3
2005,6,26,21,9,24,180.3,.5,0,1,1,0,180.3
2005,6,26,22,9,24,180.3,.5,0,1,1,0,180.3
2005,6,26,23,9,24,180.3,.5,0,1,1,0,180.3
2005,6,26,24,9,24,180.3,.5,0,1,1,0,180.3
2005,6,26,1,2,25,0,876,0,2,1,0,0
2005,6,26,1,2,25,151.01,24,0,2,0,0,151.01
2005,6,26,2,2,25,0,876,0,2,1,0,0
2005,6,26,2,2,25,151.01,24,0,2,0,0,151.01
2005,6,26,3,2,25,0,876,0,2,1,0,0
2005,6,26,3,2,25,151.01,24,0,2,0,0,151.01
2005,6,26,4,2,25,0,877,0,2,1,0,0
2005,6,26,4,2,25,151.01,23,0,2,0,0,151.01
2005,6,26,5,2,25,0,878,0,2,1,0,0
2005,6,26,5,2,25,151.01,22,0,2,0,0,151.01
2005,6,26,6,2,25,0,879,0,2,1,0,0
2005,6,26,6,2,25,151.01,21,0,2,0,0,151.01
2005,6,26,7,2,25,0,879,0,2,1,0,0
2005,6,26,7,2,25,151.01,21,0,2,0,0,151.01
2005,6,26,8,2,25,0,878,0,2,1,0,0
2005,6,26,8,2,25,151.01,22,0,2,0,0,151.01
2005,6,26,9,2,25,0,876,0,2,1,0,0
2005,6,26,9,2,25,151.01,24,0,2,0,0,151.01
2005,6,26,10,2,25,0,875,0,2,1,0,0
2005,6,26,10,2,25,151.01,25,0,2,0,0,151.01
2005,6,26,11,2,25,0,875,0,2,1,0,0
2005,6,26,11,2,25,151.01,25,0,2,0,0,151.01
2005,6,26,12,2,25,0,874,0,2,1,0,0
2005,6,26,12,2,25,151.01,26,0,2,0,0,151.01
2005,6,26,13,2,25,0,874,0,2,1,0,0
2005,6,26,13,2,25,151.01,26,0,2,0,0,151.01
2005,6,26,14,2,25,0,873,0,2,1,0,0
2005,6,26,14,2,25,151.01,27,0,2,0,0,151.01
2005,6,26,15,2,25,0,872,0,2,1,0,0
2005,6,26,15,2,25,151.01,28,0,2,0,0,151.01
2005,6,26,16,2,25,0,872,0,2,1,0,0
2005,6,26,16,2,25,151.01,28,0,2,0,0,151.01
2005,6,26,17,2,25,0,869,0,2,1,0,0
2005,6,26,17,2,25,151.01,31,0,2,0,0,151.01
2005,6,26,18,2,25,0,869,0,2,1,0,0
2005,6,26,18,2,25,151.01,31,0,2,0,0,151.01
2005,6,26,19,2,25,0,871,0,2,1,0,0
2005,6,26,19,2,25,151.01,29,0,2,0,0,151.01
2005,6,26,20,2,25,0,869,0,2,1,0,0
2005,6,26,20,2,25,151.01,31,0,2,0,0,151.01
2005,6,26,21,2,25,0,871,0,2,1,0,0
2005,6,26,21,2,25,151.01,29,0,2,0,0,151.01
2005,6,26,22,2,25,0,873,0,2,1,0,0
2005,6,26,22,2,25,151.01,27,0,2,0,0,151.01
2005,6,26,23,2,25,0,873,0,2,1,0,0
2005,6,26,23,2,25,151.01,27,0,2,0,0,151.01
2005,6,26,24,2,25,0,874,0,2,1,0,0
2005,6,26,24,2,25,151.01,26,0,2,0,0,151.01
2005,6,26,1,1,26,0,144,0,2,1,0,0
2005,6,26,1,1,26,151.01,4.8,0,2,0,0,151.01
2005,6,26,2,1,26,0,144,0,2,1,0,0
2005,6,26,2,1,26,151.01,4.8,0,2,0,0,151.01
2005,6,26,3,1,26,0,144,0,2,1,0,0
2005,6,26,3,1,26,151.01,4.8,0,2,0,0,151.01
2005,6,26,4,1,26,0,144.2,0,2,1,0,0
2005,6,26,4,1,26,151.01,4.6,0,2,0,0,151.01
2005,6,26,5,1,26,0,144.3,0,2,1,0,0
2005,6,26,5,1,26,151.01,4.5,0,2,0,0,151.01
2005,6,26,6,1,26,0,144.4,0,2,1,0,0
2005,6,26,6,1,26,151.01,4.3,0,2,0,0,151.01
2005,6,26,7,1,26,0,144.4,0,2,1,0,0
2005,6,26,7,1,26,151.01,4.3,0,2,0,0,151.01
2005,6,26,8,1,26,0,144.3,0,2,1,0,0
2005,6,26,8,1,26,151.01,4.5,0,2,0,0,151.01
2005,6,26,9,1,26,0,144,0,2,1,0,0
2005,6,26,9,1,26,151.01,4.8,0,2,0,0,151.01
2005,6,26,10,1,26,0,143.8,0,2,1,0,0
2005,6,26,10,1,26,151.01,4.9,0,2,0,0,151.01
2005,6,26,11,1,26,0,143.7,0,2,1,0,0
2005,6,26,11,1,26,151.01,5.1,0,2,0,0,151.01
2005,6,26,12,1,26,0,143.7,0,2,1,0,0
2005,6,26,12,1,26,151.01,5.1,0,2,0,0,151.01
2005,6,26,13,1,26,0,143.7,0,2,1,0,0
2005,6,26,13,1,26,151.01,5.1,0,2,0,0,151.01
2005,6,26,14,1,26,0,143.5,0,2,1,0,0
2005,6,26,14,1,26,151.01,5.2,0,2,0,0,151.01
2005,6,26,15,1,26,0,143.4,0,2,1,0,0
2005,6,26,15,1,26,151.01,5.4,0,2,0,0,151.01
2005,6,26,16,1,26,0,143.4,0,2,1,0,0
2005,6,26,16,1,26,151.01,5.4,0,2,0,0,151.01
2005,6,26,17,1,26,0,142.9,0,2,1,0,0
2005,6,26,17,1,26,151.01,5.8,0,2,0,0,151.01
2005,6,26,18,1,26,0,142.9,0,2,1,0,0
2005,6,26,18,1,26,151.01,5.8,0,2,0,0,151.01
2005,6,26,19,1,26,0,143.1,0,2,1,0,0
2005,6,26,19,1,26,151.01,5.7,0,2,0,0,151.01
2005,6,26,20,1,26,0,142.9,0,2,1,0,0
2005,6,26,20,1,26,151.01,5.8,0,2,0,0,151.01
2005,6,26,21,1,26,0,143.1,0,2,1,0,0
2005,6,26,21,1,26,151.01,5.7,0,2,0,0,151.01
2005,6,26,22,1,26,0,143.5,0,2,1,0,0
2005,6,26,22,1,26,151.01,5.2,0,2,0,0,151.01
2005,6,26,23,1,26,0,143.4,0,2,1,0,0
2005,6,26,23,1,26,151.01,5.4,0,2,0,0,151.01
2005,6,26,24,1,26,0,143.7,0,2,1,0,0
2005,6,26,24,1,26,151.01,5.1,0,2,0,0,151.01
2005,6,26,1,2,26,0,816,0,2,1,0,0
2005,6,26,1,2,26,151.01,26.9,0,2,0,0,151.01
2005,6,26,2,2,26,0,816,0,2,1,0,0
2005,6,26,2,2,26,151.01,26.9,0,2,0,0,151.01
2005,6,26,3,2,26,0,816,0,2,1,0,0
2005,6,26,3,2,26,151.01,26.9,0,2,0,0,151.01
2005,6,26,4,2,26,0,816.9,0,2,1,0,0
2005,6,26,4,2,26,151.01,26.1,0,2,0,0,151.01
2005,6,26,5,2,26,0,817.7,0,2,1,0,0
2005,6,26,5,2,26,151.01,25.2,0,2,0,0,151.01
2005,6,26,6,2,26,0,818.5,0,2,1,0,0
2005,6,26,6,2,26,151.01,24.4,0,2,0,0,151.01
2005,6,26,7,2,26,0,818.5,0,2,1,0,0
2005,6,26,7,2,26,151.01,24.4,0,2,0,0,151.01
2005,6,26,8,2,26,0,817.7,0,2,1,0,0
2005,6,26,8,2,26,151.01,25.2,0,2,0,0,151.01
2005,6,26,9,2,26,0,816,0,2,1,0,0
2005,6,26,9,2,26,151.01,26.9,0,2,0,0,151.01
2005,6,26,10,2,26,0,815.1,0,2,1,0,0
2005,6,26,10,2,26,151.01,27.8,0,2,0,0,151.01
2005,6,26,11,2,26,0,814.3,0,2,1,0,0
2005,6,26,11,2,26,151.01,28.6,0,2,0,0,151.01
2005,6,26,12,2,26,0,814.3,0,2,1,0,0
2005,6,26,12,2,26,151.01,28.6,0,2,0,0,151.01
2005,6,26,13,2,26,0,814.3,0,2,1,0,0
2005,6,26,13,2,26,151.01,28.6,0,2,0,0,151.01
2005,6,26,14,2,26,0,813.4,0,2,1,0,0
2005,6,26,14,2,26,151.01,29.5,0,2,0,0,151.01
2005,6,26,15,2,26,0,812.6,0,2,1,0,0
2005,6,26,15,2,26,151.01,30.3,0,2,0,0,151.01
2005,6,26,16,2,26,0,812.6,0,2,1,0,0
2005,6,26,16,2,26,151.01,30.3,0,2,0,0,151.01
2005,6,26,17,2,26,0,810,0,2,1,0,0
2005,6,26,17,2,26,151.01,32.9,0,2,0,0,151.01
2005,6,26,18,2,26,0,810,0,2,1,0,0
2005,6,26,18,2,26,151.01,32.9,0,2,0,0,151.01
2005,6,26,19,2,26,0,810.9,0,2,1,0,0
2005,6,26,19,2,26,151.01,32,0,2,0,0,151.01
2005,6,26,20,2,26,0,810,0,2,1,0,0
2005,6,26,20,2,26,151.01,32.9,0,2,0,0,151.01
2005,6,26,21,2,26,0,810.9,0,2,1,0,0
2005,6,26,21,2,26,151.01,32,0,2,0,0,151.01
2005,6,26,22,2,26,0,813.4,0,2,1,0,0
2005,6,26,22,2,26,151.01,29.5,0,2,0,0,151.01
2005,6,26,23,2,26,0,812.6,0,2,1,0,0
2005,6,26,23,2,26,151.01,30.3,0,2,0,0,151.01
2005,6,26,24,2,26,0,814.3,0,2,1,0,0
2005,6,26,24,2,26,151.01,28.6,0,2,0,0,151.01
2005,6,26,1,9,27,0,2.9,0,2,1,0,0
2005,6,26,2,9,27,0,2.9,0,2,1,0,0
2005,6,26,3,9,27,0,2.8,0,2,1,0,0
2005,6,26,4,9,27,0,2.8,0,2,1,0,0
2005,6,26,5,9,27,0,2.8,0,2,1,0,0
2005,6,26,6,9,27,0,2.8,0,2,1,0,0
2005,6,26,7,9,27,0,2.8,0,2,1,0,0
2005,6,26,8,9,27,0,2.8,0,2,1,0,0
2005,6,26,9,9,27,0,2.7,0,2,1,0,0
2005,6,26,10,9,27,0,2.7,0,2,1,0,0
2005,6,26,11,9,27,0,2.6,0,2,1,0,0
2005,6,26,12,9,27,0,2.9,0,2,1,0,0
2005,6,26,13,9,27,0,2.9,0,2,1,0,0
2005,6,26,14,9,27,0,2.9,0,2,1,0,0
2005,6,26,15,9,27,0,2.9,0,2,1,0,0
2005,6,26,16,9,27,0,2.9,0,2,1,0,0
2005,6,26,17,9,27,0,2.6,0,2,1,0,0
2005,6,26,18,9,27,0,2.6,0,2,1,0,0
2005,6,26,19,9,27,0,2.6,0,2,1,0,0
2005,6,26,20,9,27,0,2.6,0,2,1,0,0
2005,6,26,21,9,27,0,2.6,0,2,1,0,0
2005,6,26,22,9,27,0,2.7,0,2,1,0,0
2005,6,26,23,9,27,0,2.8,0,2,1,0,0
2005,6,26,24,9,27,0,2.9,0,2,1,0,0
2005,6,26,1,9,28,0,15.8,0,2,1,0,0
2005,6,26,2,9,28,0,15.8,0,2,1,0,0
2005,6,26,3,9,28,0,15.8,0,2,1,0,0
2005,6,26,4,9,28,0,15.8,0,2,1,0,0
2005,6,26,5,9,28,0,15.8,0,2,1,0,0
2005,6,26,6,9,28,0,15.8,0,2,1,0,0
2005,6,26,7,9,28,0,15.8,0,2,1,0,0
2005,6,26,8,9,28,0,15.8,0,2,1,0,0
2005,6,26,9,9,28,0,15.8,0,2,1,0,0
2005,6,26,10,9,28,0,15.8,0,2,1,0,0
2005,6,26,11,9,28,0,15.8,0,2,1,0,0
2005,6,26,12,9,28,0,15.8,0,2,1,0,0
2005,6,26,13,9,28,0,15.8,0,2,1,0,0
2005,6,26,14,9,28,0,15.8,0,2,1,0,0
2005,6,26,15,9,28,0,15.8,0,2,1,0,0
2005,6,26,16,9,28,0,15.8,0,2,1,0,0
2005,6,26,17,9,28,0,15.8,0,2,1,0,0
2005,6,26,18,9,28,0,15.8,0,2,1,0,0
2005,6,26,19,9,28,0,15.8,0,2,1,0,0
2005,6,26,20,9,28,0,15.8,0,2,1,0,0
2005,6,26,21,9,28,0,15.8,0,2,1,0,0
2005,6,26,22,9,28,0,15.8,0,2,1,0,0
2005,6,26,23,9,28,0,15.8,0,2,1,0,0
2005,6,26,24,9,28,0,15.8,0,2,1,0,0
2005,6,26,1,9,29,0,11.8,0,2,1,0,0
2005,6,26,2,9,29,0,11.9,0,2,1,0,0
2005,6,26,3,9,29,0,12,0,2,1,0,0
2005,6,26,4,9,29,0,11.9,0,2,1,0,0
2005,6,26,5,9,29,0,12,0,2,1,0,0
2005,6,26,6,9,29,0,12,0,2,1,0,0
2005,6,26,7,9,29,0,11.9,0,2,1,0,0
2005,6,26,8,9,29,0,11.9,0,2,1,0,0
2005,6,26,9,9,29,0,11.7,0,2,1,0,0
2005,6,26,10,9,29,0,11.5,0,2,1,0,0
2005,6,26,11,9,29,0,11.1,0,2,1,0,0
2005,6,26,12,9,29,0,10.9,0,2,1,0,0
2005,6,26,13,9,29,0,10.8,0,2,1,0,0
2005,6,26,14,9,29,0,10.7,0,2,1,0,0
2005,6,26,15,9,29,0,10.7,0,2,1,0,0
2005,6,26,16,9,29,0,11.2,0,2,1,0,0
2005,6,26,17,9,29,0,10.8,0,2,1,0,0
2005,6,26,18,9,29,0,10.9,0,2,1,0,0
2005,6,26,19,9,29,0,10.9,0,2,1,0,0
2005,6,26,20,9,29,0,11.1,0,2,1,0,0
2005,6,26,21,9,29,0,11.1,0,2,1,0,0
2005,6,26,22,9,29,0,11.2,0,2,1,0,0
2005,6,26,23,9,29,0,11.4,0,2,1,0,0
2005,6,26,24,9,29,0,11.4,0,2,1,0,0
2005,6,26,1,7,1020,0,499,.372179,2,1,0,0
2005,6,26,1,7,1020,.01,1,.372179,2,1,0,.01
2005,6,26,1,7,1020,150,285.2,.372179,2,0,0,150
2005,6,26,2,7,1020,0,499,.372179,2,1,0,0
2005,6,26,2,7,1020,.01,1,.372179,2,1,0,.01
2005,6,26,2,7,1020,150,285.2,.372179,2,0,0,150
2005,6,26,3,7,1020,0,499,.372179,2,1,0,0
2005,6,26,3,7,1020,.01,1,.372179,2,1,0,.01
2005,6,26,3,7,1020,150,285.2,.372179,2,0,0,150
2005,6,26,4,7,1020,0,499,.372179,2,1,0,0
2005,6,26,4,7,1020,.01,1,.372179,2,1,0,.01
2005,6,26,4,7,1020,150,285.2,.372179,2,0,0,150
2005,6,26,5,7,1020,0,499,.372179,2,1,0,0
2005,6,26,5,7,1020,.01,1,.372179,2,1,0,.01
2005,6,26,5,7,1020,150,285.2,.372179,2,0,0,150
2005,6,26,6,7,1020,0,499,.372179,2,1,0,0
2005,6,26,6,7,1020,.01,1,.372179,2,1,0,.01
2005,6,26,6,7,1020,150,285.2,.372179,2,0,0,150
2005,6,26,7,7,1020,0,499,.372179,2,1,0,0
2005,6,26,7,7,1020,.01,1,.372179,2,1,0,.01
2005,6,26,7,7,1020,150,285.2,.372179,2,0,0,150
2005,6,26,8,7,1020,0,499,.372179,2,1,0,0
2005,6,26,8,7,1020,.01,1,.372179,2,1,0,.01
2005,6,26,8,7,1020,150,285.2,.372179,2,0,0,150
2005,6,26,9,7,1020,0,499,.372179,2,1,0,0
2005,6,26,9,7,1020,.01,1,.372179,2,1,0,.01
2005,6,26,9,7,1020,150,285.2,.372179,2,0,0,150
2005,6,26,10,7,1020,0,499,.372179,2,1,0,0
2005,6,26,10,7,1020,.01,1,.372179,2,1,0,.01
2005,6,26,10,7,1020,150,285.2,.372179,2,0,0,150
2005,6,26,11,7,1020,0,549,.372179,2,1,0,0
2005,6,26,11,7,1020,.01,1,.372179,2,1,0,.01
2005,6,26,11,7,1020,45,10,.372179,2,0,0,41.410222
2005,6,26,11,7,1020,47.5,10,.372179,2,0,0,41.410222
2005,6,26,11,7,1020,48,10,.372179,2,0,0,41.410222
2005,6,26,11,7,1020,150,205.2,.372179,2,0,0,150
2005,6,26,12,7,1020,0,549,.372179,2,1,0,0
2005,6,26,12,7,1020,.01,1,.372179,2,1,0,.01
2005,6,26,12,7,1020,45,10,.372179,2,0,0,41.410222
2005,6,26,12,7,1020,47.5,10,.372179,2,0,0,41.410222
2005,6,26,12,7,1020,48,10,.372179,2,0,0,41.410222
2005,6,26,12,7,1020,150,205.2,.372179,2,0,0,150
2005,6,26,13,7,1020,0,549,.372179,2,1,0,0
2005,6,26,13,7,1020,.01,1,.372179,2,1,0,.01
2005,6,26,13,7,1020,45,10,.372179,2,0,0,41.410222
2005,6,26,13,7,1020,47.5,10,.372179,2,0,0,41.410222
2005,6,26,13,7,1020,48,10,.372179,2,0,0,41.410222
2005,6,26,13,7,1020,150,205.2,.372179,2,0,0,150
2005,6,26,14,7,1020,0,549,.372179,2,1,0,0
2005,6,26,14,7,1020,.01,1,.372179,2,1,0,.01
2005,6,26,14,7,1020,45,10,.372179,2,1,0,41.410222
2005,6,26,14,7,1020,47.5,10,.372179,2,0,0,41.410222
2005,6,26,14,7,1020,48,10,.372179,2,0,0,41.410222
2005,6,26,14,7,1020,150,205.2,.372179,2,0,0,150
2005,6,26,15,7,1020,0,549,.372179,2,1,0,0
2005,6,26,15,7,1020,.01,1,.372179,2,1,0,.01
2005,6,26,15,7,1020,45,10,.372179,2,1,0,41.410222
2005,6,26,15,7,1020,47.5,10,.372179,2,0,0,41.410222
2005,6,26,15,7,1020,48,10,.372179,2,0,0,41.410222
2005,6,26,15,7,1020,150,205.2,.372179,2,0,0,150
2005,6,26,16,7,1020,0,549,.372179,2,1,0,0
2005,6,26,16,7,1020,.01,1,.372179,2,1,0,.01
2005,6,26,16,7,1020,45,10,.372179,2,0,0,41.410222
2005,6,26,16,7,1020,47.5,10,.372179,2,0,0,41.410222
2005,6,26,16,7,1020,48,10,.372179,2,0,0,41.410222
2005,6,26,16,7,1020,150,205.2,.372179,2,0,0,150
2005,6,26,17,7,1020,0,549,.372179,2,1,0,0
2005,6,26,17,7,1020,.01,1,.372179,2,1,0,.01
2005,6,26,17,7,1020,45,10,.372179,2,0,0,41.410222
2005,6,26,17,7,1020,47.5,10,.372179,2,0,0,41.410222
2005,6,26,17,7,1020,48,10,.372179,2,0,0,41.410222
2005,6,26,17,7,1020,150,205.2,.372179,2,0,0,150
2005,6,26,18,7,1020,0,549,.372179,2,1,0,0
2005,6,26,18,7,1020,.01,1,.372179,2,1,0,.01
2005,6,26,18,7,1020,45,10,.372179,2,0,0,41.410222
2005,6,26,18,7,1020,47.5,10,.372179,2,0,0,41.410222
2005,6,26,18,7,1020,48,10,.372179,2,0,0,41.410222
2005,6,26,18,7,1020,150,205.2,.372179,2,0,0,150
2005,6,26,19,7,1020,0,549,.372179,2,1,0,0
2005,6,26,19,7,1020,.01,1,.372179,2,1,0,.01
2005,6,26,19,7,1020,45,10,.372179,2,0,0,41.410222
2005,6,26,19,7,1020,47.5,10,.372179,2,0,0,41.410222
2005,6,26,19,7,1020,48,10,.372179,2,0,0,41.410222
2005,6,26,19,7,1020,150,205.2,.372179,2,0,0,150
2005,6,26,20,7,1020,0,549,.372179,2,1,0,0
2005,6,26,20,7,1020,.01,1,.372179,2,1,0,.01
2005,6,26,20,7,1020,45,10,.372179,2,0,0,41.410222
2005,6,26,20,7,1020,47.5,10,.372179,2,0,0,41.410222
2005,6,26,20,7,1020,48,10,.372179,2,0,0,41.410222
2005,6,26,20,7,1020,150,205.2,.372179,2,0,0,150
2005,6,26,21,7,1020,0,559,.372179,2,1,0,0
2005,6,26,21,7,1020,.01,1,.372179,2,1,0,.01
2005,6,26,21,7,1020,47.5,10,.372179,2,0,0,41.410222
2005,6,26,21,7,1020,48,10,.372179,2,0,0,41.410222
2005,6,26,21,7,1020,150,205.2,.372179,2,0,0,150
2005,6,26,22,7,1020,0,679,.372179,2,1,0,0
2005,6,26,22,7,1020,.01,1,.372179,2,1,0,.01
2005,6,26,22,7,1020,150,105.2,.372179,2,0,0,150
2005,6,26,23,7,1020,0,679,.372179,2,1,0,0
2005,6,26,23,7,1020,.01,1,.372179,2,1,0,.01
2005,6,26,23,7,1020,150,105.2,.372179,2,0,0,150
2005,6,26,24,7,1020,0,679,.372179,2,1,0,0
2005,6,26,24,7,1020,.01,1,.372179,2,1,0,.01
2005,6,26,24,7,1020,150,105.2,.372179,2,0,0,150
2005,6,26,1,9,31,0,1,0,1,0,0,0
2005,6,26,2,9,31,0,1,0,1,0,0,0
2005,6,26,3,9,31,0,1,0,1,0,0,0
2005,6,26,4,9,31,0,1,0,1,0,0,0
2005,6,26,5,9,31,0,1,0,1,0,0,0
2005,6,26,6,9,31,0,1,0,1,0,0,0
2005,6,26,7,9,31,0,1,0,1,0,0,0
2005,6,26,8,9,31,0,1,0,1,0,0,0
2005,6,26,9,9,31,0,1,0,1,0,0,0
2005,6,26,10,9,31,0,1,0,1,0,0,0
2005,6,26,11,9,31,0,1,0,1,0,0,0
2005,6,26,12,9,31,0,1,0,1,0,0,0
2005,6,26,13,9,31,0,1,0,1,0,0,0
2005,6,26,14,9,31,0,1,0,1,0,0,0
2005,6,26,15,9,31,0,1,0,1,0,0,0
2005,6,26,16,9,31,0,1,0,1,0,0,0
2005,6,26,17,9,31,0,1,0,1,0,0,0
2005,6,26,18,9,31,0,1,0,1,0,0,0
2005,6,26,19,9,31,0,1,0,1,0,0,0
2005,6,26,20,9,31,0,1,0,1,0,0,0
2005,6,26,21,9,31,0,1,0,1,0,0,0
2005,6,26,22,9,31,0,1,0,1,0,0,0
2005,6,26,23,9,31,0,1,0,1,0,0,0
2005,6,26,24,9,31,0,1,0,1,0,0,0
2005,6,26,1,9,32,180.3,1,0,2,0,0,180.3
2005,6,26,2,9,32,180.3,1,0,2,0,0,180.3
2005,6,26,3,9,32,180.3,1,0,2,0,0,180.3
2005,6,26,4,9,32,180.3,1,0,2,0,0,180.3
2005,6,26,5,9,32,180.3,1,0,2,0,0,180.3
2005,6,26,6,9,32,180.3,1,0,2,0,0,180.3
2005,6,26,7,9,32,180.3,1,0,2,0,0,180.3
2005,6,26,8,9,32,180.3,1,0,2,0,0,180.3
2005,6,26,9,9,32,180.3,1,0,2,0,0,180.3
2005,6,26,10,9,32,180.3,1,0,2,0,0,180.3
2005,6,26,11,9,32,180.3,1,0,2,0,0,180.3
2005,6,26,12,9,32,180.3,1,0,2,0,0,180.3
2005,6,26,13,9,32,180.3,1,0,2,0,0,180.3
2005,6,26,14,9,32,180.3,1,0,2,0,0,180.3
2005,6,26,15,9,32,180.3,1,0,2,0,0,180.3
2005,6,26,16,9,32,180.3,1,0,2,0,0,180.3
2005,6,26,17,9,32,180.3,1,0,2,0,0,180.3
2005,6,26,18,9,32,180.3,1,0,2,0,0,180.3
2005,6,26,19,9,32,180.3,1,0,2,0,0,180.3
2005,6,26,20,9,32,180.3,1,0,2,0,0,180.3
2005,6,26,21,9,32,180.3,1,0,2,0,0,180.3
2005,6,26,22,9,32,180.3,1,0,2,0,0,180.3
2005,6,26,23,9,32,180.3,1,0,2,0,0,180.3
2005,6,26,24,9,32,180.3,1,0,2,0,0,180.3
2005,6,26,1,5,1024,0,165,.343857,2,1,0,0
2005,6,26,1,5,1024,33.16,73.2,.343857,2,1,0,43.060752
2005,6,26,1,5,1024,33.29,11.8,.343857,2,1,0,43.060752
2005,6,26,1,5,1024,180.3,150,.343857,2,0,0,180.3
2005,6,26,2,5,1024,180.3,400,.343857,2,0,0,180.3
2005,6,26,3,5,1024,180.3,400,.343857,2,0,0,180.3
2005,6,26,4,5,1024,180.3,400,.343857,2,0,0,180.3
2005,6,26,5,5,1024,180.3,400,.343857,2,0,0,180.3
2005,6,26,6,5,1024,180.3,400,.343857,2,0,0,180.3
2005,6,26,7,5,1024,180.3,400,.343857,2,0,0,180.3
2005,6,26,8,5,1024,180.3,400,.343857,2,0,0,180.3
2005,6,26,9,5,1024,180.3,400,.343857,2,0,0,180.3
2005,6,26,10,5,1024,180.3,400,.343857,2,0,0,180.3
2005,6,26,11,5,1024,180.3,400,.343857,2,0,0,180.3
2005,6,26,12,5,1024,180.3,400,.343857,2,0,0,180.3
2005,6,26,13,5,1024,180.3,400,.343857,2,0,0,180.3
2005,6,26,14,5,1024,180.3,400,.343857,2,0,0,180.3
2005,6,26,15,5,1024,180.3,400,.343857,2,0,0,180.3
2005,6,26,16,5,1024,180.3,400,.343857,2,0,0,180.3
2005,6,26,17,5,1024,180.3,400,.343857,2,0,0,180.3
2005,6,26,18,5,1024,0,35,.343857,2,1,0,0
2005,6,26,18,5,1024,180.3,365,.343857,2,0,0,180.3
2005,6,26,19,5,1024,0,70,.343857,2,1,0,0
2005,6,26,19,5,1024,180.3,330,.343857,2,0,0,180.3
2005,6,26,20,5,1024,0,130,.343857,2,1,0,0
2005,6,26,20,5,1024,180.3,270,.343857,2,0,0,180.3
2005,6,26,21,5,1024,0,165,.343857,2,1,0,0
2005,6,26,21,5,1024,180.3,235,.343857,2,0,0,180.3
2005,6,26,22,5,1024,0,165,.343857,2,1,0,0
2005,6,26,22,5,1024,33.16,73.2,.343857,2,1,0,43.060752
2005,6,26,22,5,1024,33.29,7.7,.343857,2,1,0,43.060752
2005,6,26,22,5,1024,33.45,7.7,.343857,2,1,0,43.060752
2005,6,26,22,5,1024,33.64,7.7,.343857,2,1,0,43.060752
2005,6,26,22,5,1024,33.86,7.7,.343857,2,1,0,43.060752
2005,6,26,22,5,1024,34.1,7.7,.343857,2,1,0,43.060752
2005,6,26,22,5,1024,34.37,7.7,.343857,2,1,0,43.060752
2005,6,26,22,5,1024,34.66,7.7,.343857,2,1,0,43.060752
2005,6,26,22,5,1024,34.98,7.7,.343857,2,1,0,43.060752
2005,6,26,22,5,1024,35.32,7.7,.343857,2,1,0,43.060752
2005,6,26,22,5,1024,35.68,7.7,.343857,2,1,0,43.060752
2005,6,26,22,5,1024,36.06,7.7,.343857,2,1,0,43.060752
2005,6,26,22,5,1024,36.46,7.7,.343857,2,1,0,43.060752
2005,6,26,22,5,1024,36.88,7.7,.343857,2,1,0,43.060752
2005,6,26,22,5,1024,37.32,7.7,.343857,2,1,0,43.060752
2005,6,26,22,5,1024,37.78,7.7,.343857,2,1,0,43.060752
2005,6,26,22,5,1024,38.25,7.7,.343857,2,1,0,43.060752
2005,6,26,22,5,1024,38.5,3.9,.343857,2,1,0,43.060752
2005,6,26,22,5,1024,38.75,3.9,.343857,2,1,0,43.060752
2005,6,26,22,5,1024,39.01,3.9,.343857,2,1,0,43.060752
2005,6,26,22,5,1024,39.27,3.9,.343857,2,1,0,43.060752
2005,6,26,22,5,1024,39.53,3.9,.343857,2,1,0,43.060752
2005,6,26,22,5,1024,39.8,4.1,.343857,2,1,0,43.060752
2005,6,26,22,5,1024,180.3,15,.343857,2,0,0,180.3
2005,6,26,23,5,1024,0,165,.343857,2,1,0,0
2005,6,26,23,5,1024,33.16,73.2,.343857,2,1,0,43.060752
2005,6,26,23,5,1024,33.29,7.7,.343857,2,1,0,43.060752
2005,6,26,23,5,1024,33.45,7.7,.343857,2,1,0,43.060752
2005,6,26,23,5,1024,33.64,7.7,.343857,2,1,0,43.060752
2005,6,26,23,5,1024,33.86,7.7,.343857,2,1,0,43.060752
2005,6,26,23,5,1024,34.1,7.7,.343857,2,1,0,43.060752
2005,6,26,23,5,1024,34.37,7.7,.343857,2,1,0,43.060752
2005,6,26,23,5,1024,34.66,7.7,.343857,2,1,0,43.060752
2005,6,26,23,5,1024,34.98,7.7,.343857,2,1,0,43.060752
2005,6,26,23,5,1024,35.32,7.7,.343857,2,1,0,43.060752
2005,6,26,23,5,1024,35.68,7.7,.343857,2,1,0,43.060752
2005,6,26,23,5,1024,36.06,7.7,.343857,2,1,0,43.060752
2005,6,26,23,5,1024,36.46,7.7,.343857,2,1,0,43.060752
2005,6,26,23,5,1024,36.88,7.7,.343857,2,1,0,43.060752
2005,6,26,23,5,1024,37.32,7.7,.343857,2,1,0,43.060752
2005,6,26,23,5,1024,37.78,7.7,.343857,2,1,0,43.060752
2005,6,26,23,5,1024,38.25,7.7,.343857,2,1,0,43.060752
2005,6,26,23,5,1024,38.5,3.9,.343857,2,1,0,43.060752
2005,6,26,23,5,1024,38.75,3.9,.343857,2,1,0,43.060752
2005,6,26,23,5,1024,39.01,3.9,.343857,2,1,0,43.060752
2005,6,26,23,5,1024,39.27,3.9,.343857,2,1,0,43.060752
2005,6,26,23,5,1024,39.53,3.9,.343857,2,1,0,43.060752
2005,6,26,23,5,1024,39.8,4.1,.343857,2,1,0,43.060752
2005,6,26,23,5,1024,180.3,15,.343857,2,0,0,180.3
2005,6,26,24,5,1024,0,165,.343857,2,1,0,0
2005,6,26,24,5,1024,33.16,73.2,.343857,2,1,0,43.060752
2005,6,26,24,5,1024,33.29,7.7,.343857,2,1,0,43.060752
2005,6,26,24,5,1024,33.45,7.7,.343857,2,1,0,43.060752
2005,6,26,24,5,1024,33.64,7.7,.343857,2,1,0,43.060752
2005,6,26,24,5,1024,33.86,7.7,.343857,2,1,0,43.060752
2005,6,26,24,5,1024,34.1,7.7,.343857,2,1,0,43.060752
2005,6,26,24,5,1024,34.37,7.7,.343857,2,1,0,43.060752
2005,6,26,24,5,1024,34.66,7.7,.343857,2,1,0,43.060752
2005,6,26,24,5,1024,34.98,7.7,.343857,2,1,0,43.060752
2005,6,26,24,5,1024,35.32,7.7,.343857,2,1,0,43.060752
2005,6,26,24,5,1024,35.68,7.7,.343857,2,1,0,43.060752
2005,6,26,24,5,1024,36.06,7.7,.343857,2,1,0,43.060752
2005,6,26,24,5,1024,36.46,7.7,.343857,2,1,0,43.060752
2005,6,26,24,5,1024,36.88,7.7,.343857,2,1,0,43.060752
2005,6,26,24,5,1024,37.32,7.7,.343857,2,1,0,43.060752
2005,6,26,24,5,1024,37.78,7.7,.343857,2,1,0,43.060752
2005,6,26,24,5,1024,38.25,7.7,.343857,2,1,0,43.060752
2005,6,26,24,5,1024,38.5,3.9,.343857,2,1,0,43.060752
2005,6,26,24,5,1024,38.75,3.9,.343857,2,1,0,43.060752
2005,6,26,24,5,1024,39.01,3.9,.343857,2,1,0,43.060752
2005,6,26,24,5,1024,39.27,3.9,.343857,2,1,0,43.060752
2005,6,26,24,5,1024,39.53,3.9,.343857,2,1,0,43.060752
2005,6,26,24,5,1024,39.8,4.1,.343857,2,1,0,43.060752
2005,6,26,24,5,1024,180.3,15,.343857,2,0,0,180.3
2005,6,26,1,9,34,0,19.3,0,2,1,0,0
2005,6,26,2,9,34,0,19.3,0,2,1,0,0
2005,6,26,3,9,34,0,19.3,0,2,1,0,0
2005,6,26,4,9,34,0,19.3,0,2,1,0,0
2005,6,26,5,9,34,0,19.3,0,2,1,0,0
2005,6,26,6,9,34,0,19.3,0,2,1,0,0
2005,6,26,7,9,34,0,19.3,0,2,1,0,0
2005,6,26,8,9,34,0,19.3,0,2,1,0,0
2005,6,26,9,9,34,0,19.3,0,2,1,0,0
2005,6,26,10,9,34,0,19.3,0,2,1,0,0
2005,6,26,11,9,34,0,19.3,0,2,1,0,0
2005,6,26,12,9,34,0,19.3,0,2,1,0,0
2005,6,26,13,9,34,0,19.3,0,2,1,0,0
2005,6,26,14,9,34,0,19.3,0,2,1,0,0
2005,6,26,15,9,34,0,19.3,0,2,1,0,0
2005,6,26,16,9,34,0,19.3,0,2,1,0,0
2005,6,26,17,9,34,0,19.3,0,2,1,0,0
2005,6,26,18,9,34,0,19.3,0,2,1,0,0
2005,6,26,19,9,34,0,19.3,0,2,1,0,0
2005,6,26,20,9,34,0,19.3,0,2,1,0,0
2005,6,26,21,9,34,0,19.3,0,2,1,0,0
2005,6,26,22,9,34,0,19.3,0,2,1,0,0
2005,6,26,23,9,34,0,19.3,0,2,1,0,0
2005,6,26,24,9,34,0,19.3,0,2,1,0,0
2005,6,26,1,9,35,0,2.6,0,2,1,0,0
2005,6,26,2,9,35,0,2.6,0,2,1,0,0
2005,6,26,3,9,35,0,2.6,0,2,1,0,0
2005,6,26,4,9,35,0,2.6,0,2,1,0,0
2005,6,26,5,9,35,0,2.6,0,2,1,0,0
2005,6,26,6,9,35,0,2.6,0,2,1,0,0
2005,6,26,7,9,35,0,2.6,0,2,1,0,0
2005,6,26,8,9,35,0,2.6,0,2,1,0,0
2005,6,26,9,9,35,0,2.6,0,2,1,0,0
2005,6,26,10,9,35,0,2.6,0,2,1,0,0
2005,6,26,11,9,35,0,2.6,0,2,1,0,0
2005,6,26,12,9,35,0,2.6,0,2,1,0,0
2005,6,26,13,9,35,0,2.5,0,2,1,0,0
2005,6,26,14,9,35,0,2.4,0,2,1,0,0
2005,6,26,15,9,35,0,2.2,0,2,1,0,0
2005,6,26,16,9,35,0,2.2,0,2,1,0,0
2005,6,26,17,9,35,0,2.1,0,2,1,0,0
2005,6,26,18,9,35,0,2.1,0,2,1,0,0
2005,6,26,19,9,35,0,2.1,0,2,1,0,0
2005,6,26,20,9,35,0,2.3,0,2,1,0,0
2005,6,26,21,9,35,0,2.5,0,2,1,0,0
2005,6,26,22,9,35,0,2.6,0,2,1,0,0
2005,6,26,23,9,35,0,2.6,0,2,1,0,0
2005,6,26,24,9,35,0,2.6,0,2,1,0,0
2005,6,26,1,9,36,180.3,.4,0,1,1,0,180.3
2005,6,26,2,9,36,180.3,.4,0,1,1,0,180.3
2005,6,26,3,9,36,180.3,.1,0,1,1,0,180.3
2005,6,26,4,9,36,180.3,.1,0,1,1,0,180.3
2005,6,26,5,9,36,180.3,.1,0,1,1,0,180.3
2005,6,26,6,9,36,180.3,.1,0,1,1,0,180.3
2005,6,26,7,9,36,180.3,.1,0,1,1,0,180.3
2005,6,26,8,9,36,180.3,.2,0,1,1,0,180.3
2005,6,26,9,9,36,180.3,.7,0,1,1,0,180.3
2005,6,26,10,9,36,180.3,.7,0,1,1,0,180.3
2005,6,26,11,9,36,180.3,.7,0,1,1,0,180.3
2005,6,26,12,9,36,180.3,.6,0,1,1,0,180.3
2005,6,26,13,9,36,180.3,.7,0,1,1,0,180.3
2005,6,26,14,9,36,180.3,.7,0,1,1,0,180.3
2005,6,26,15,9,36,180.3,.7,0,1,1,0,180.3
2005,6,26,16,9,36,180.3,.7,0,1,1,0,180.3
2005,6,26,17,9,36,180.3,.8,0,1,1,0,180.3
2005,6,26,18,9,36,180.3,.8,0,1,1,0,180.3
2005,6,26,19,9,36,180.3,.8,0,1,1,0,180.3
2005,6,26,20,9,36,180.3,.7,0,1,1,0,180.3
2005,6,26,21,9,36,180.3,.5,0,1,1,0,180.3
2005,6,26,22,9,36,180.3,.4,0,1,1,0,180.3
2005,6,26,23,9,36,180.3,.4,0,1,1,0,180.3
2005,6,26,24,9,36,180.3,.4,0,1,1,0,180.3
2005,6,26,1,2,1026,0,170,.885785,2,1,0,0
2005,6,26,1,2,1026,31.85,53.6,.885785,2,1,0,41.146597
2005,6,26,1,2,1026,32.53,53.6,.885785,2,1,0,41.146597
2005,6,26,1,2,1026,33.22,53.6,.885785,2,1,0,41.146597
2005,6,26,1,2,1026,33.91,53.6,.885785,2,1,0,41.146597
2005,6,26,1,2,1026,34.59,53.6,.885785,2,1,0,41.146597
2005,6,26,1,2,1026,35.28,53.6,.885785,2,1,0,41.146597
2005,6,26,1,2,1026,35.96,53.4,.885785,2,1,0,41.146597
2005,6,26,1,2,1026,151.08,7.5,.885785,2,0,0,151.08
2005,6,26,2,2,1026,0,170,.885785,2,1,0,0
2005,6,26,2,2,1026,33.77,53.6,.885785,2,1,0,41.146597
2005,6,26,2,2,1026,34.47,53.6,.885785,2,1,0,41.146597
2005,6,26,2,2,1026,35.17,53.6,.885785,2,1,0,41.146597
2005,6,26,2,2,1026,35.87,53.6,.885785,2,1,0,41.146597
2005,6,26,2,2,1026,36.57,53.6,.885785,2,1,0,41.146597
2005,6,26,2,2,1026,37.27,53.6,.885785,2,1,0,41.146597
2005,6,26,2,2,1026,37.97,53.4,.885785,2,1,0,41.146597
2005,6,26,2,2,1026,151.08,7.5,.885785,2,0,0,151.08
2005,6,26,3,2,1026,0,170,.885785,2,1,0,0
2005,6,26,3,2,1026,33.52,53.6,.885785,2,1,0,41.146597
2005,6,26,3,2,1026,34.24,53.6,.885785,2,1,0,41.146597
2005,6,26,3,2,1026,34.95,53.6,.885785,2,1,0,41.146597
2005,6,26,3,2,1026,35.67,53.6,.885785,2,1,0,41.146597
2005,6,26,3,2,1026,36.38,53.6,.885785,2,1,0,41.146597
2005,6,26,3,2,1026,37.1,53.6,.885785,2,1,0,41.146597
2005,6,26,3,2,1026,37.81,53.4,.885785,2,1,0,41.146597
2005,6,26,3,2,1026,151.08,7.5,.885785,2,0,0,151.08
2005,6,26,4,2,1026,0,170,.885785,2,1,0,0
2005,6,26,4,2,1026,33.86,53.6,.885785,2,1,0,41.146597
2005,6,26,4,2,1026,34.59,53.6,.885785,2,1,0,41.146597
2005,6,26,4,2,1026,35.31,53.6,.885785,2,1,0,41.146597
2005,6,26,4,2,1026,36.04,30.6,.885785,2,1,0,41.146597
2005,6,26,4,2,1026,36.77,53.6,.885785,2,0,0,41.146597
2005,6,26,4,2,1026,37.49,53.6,.885785,2,0,0,41.146597
2005,6,26,4,2,1026,38.22,53.4,.885785,2,0,0,41.146597
2005,6,26,4,2,1026,151.08,7.5,.885785,2,0,0,151.08
2005,6,26,5,2,1026,0,170,.885785,2,1,0,0
2005,6,26,5,2,1026,36.9,53.6,.885785,2,0,0,41.146597
2005,6,26,5,2,1026,37.65,53.6,.885785,2,0,0,41.146597
2005,6,26,5,2,1026,38.41,53.6,.885785,2,0,0,41.146597
2005,6,26,5,2,1026,38.92,214.2,.885785,2,0,0,41.146597
2005,6,26,5,2,1026,151.05,7.5,.885785,2,0,0,151.05
2005,6,26,6,2,1026,0,170,.885785,2,1,0,0
2005,6,26,6,2,1026,37,53.6,.885785,2,0,0,41.146597
2005,6,26,6,2,1026,37.76,53.6,.885785,2,0,0,41.146597
2005,6,26,6,2,1026,38.51,53.6,.885785,2,0,0,41.146597
2005,6,26,6,2,1026,38.92,214.2,.885785,2,0,0,41.146597
2005,6,26,6,2,1026,151.05,7.5,.885785,2,0,0,151.05
2005,6,26,7,2,1026,0,170,.885785,2,1,0,0
2005,6,26,7,2,1026,37.53,53.6,.885785,2,0,0,41.146597
2005,6,26,7,2,1026,38.3,53.6,.885785,2,0,0,41.146597
2005,6,26,7,2,1026,38.91,267.8,.885785,2,0,0,41.146597
2005,6,26,7,2,1026,151.04,7.5,.885785,2,0,0,151.04
2005,6,26,8,2,1026,0,170,.885785,2,1,0,0
2005,6,26,8,2,1026,38.89,375,.885785,2,0,0,41.146597
2005,6,26,8,2,1026,151.02,7.5,.885785,2,0,0,151.02
2005,6,26,9,2,1026,0,170,.885785,2,1,0,0
2005,6,26,9,2,1026,37.23,53.6,.885785,2,0,0,41.146597
2005,6,26,9,2,1026,37.99,53.6,.885785,2,0,0,41.146597
2005,6,26,9,2,1026,38.76,53.6,.885785,2,0,0,41.146597
2005,6,26,9,2,1026,38.92,214.2,.885785,2,0,0,41.146597
2005,6,26,9,2,1026,151.05,7.5,.885785,2,0,0,151.05
2005,6,26,10,2,1026,0,170,.885785,2,1,0,0
2005,6,26,10,2,1026,32.33,53.6,.885785,2,1,0,41.146597
2005,6,26,10,2,1026,33.05,53.6,.885785,2,1,0,41.146597
2005,6,26,10,2,1026,33.76,53.6,.885785,2,1,0,41.146597
2005,6,26,10,2,1026,34.47,53.6,.885785,2,1,0,41.146597
2005,6,26,10,2,1026,35.19,53.6,.885785,2,0,0,41.146597
2005,6,26,10,2,1026,35.9,53.6,.885785,2,0,0,41.146597
2005,6,26,10,2,1026,36.62,53.4,.885785,2,0,0,41.146597
2005,6,26,10,2,1026,151.08,7.5,.885785,2,0,0,151.08
2005,6,26,11,2,1026,0,170,.885785,2,1,0,0
2005,6,26,11,2,1026,31.85,53.6,.885785,2,1,0,41.146597
2005,6,26,11,2,1026,32.55,53.6,.885785,2,1,0,41.146597
2005,6,26,11,2,1026,33.25,53.6,.885785,2,1,0,41.146597
2005,6,26,11,2,1026,33.95,53.6,.885785,2,1,0,41.146597
2005,6,26,11,2,1026,34.64,53.6,.885785,2,1,0,41.146597
2005,6,26,11,2,1026,35.34,53.6,.885785,2,1,0,41.146597
2005,6,26,11,2,1026,36.04,53.4,.885785,2,1,0,41.146597
2005,6,26,11,2,1026,151.08,7.5,.885785,2,0,0,151.08
2005,6,26,12,2,1026,0,170,.885785,2,1,0,0
2005,6,26,12,2,1026,31.77,53.6,.885785,2,1,0,41.146597
2005,6,26,12,2,1026,32.46,53.6,.885785,2,1,0,41.146597
2005,6,26,12,2,1026,33.15,53.6,.885785,2,1,0,41.146597
2005,6,26,12,2,1026,33.84,53.6,.885785,2,1,0,41.146597
2005,6,26,12,2,1026,34.52,53.6,.885785,2,1,0,41.146597
2005,6,26,12,2,1026,35.21,53.6,.885785,2,1,0,41.146597
2005,6,26,12,2,1026,35.9,53.4,.885785,2,1,0,41.146597
2005,6,26,12,2,1026,151.08,7.5,.885785,2,0,0,151.08
2005,6,26,13,2,1026,0,170,.885785,2,1,0,0
2005,6,26,13,2,1026,32.9,53.6,.885785,2,1,0,41.146597
2005,6,26,13,2,1026,33.59,53.6,.885785,2,1,0,41.146597
2005,6,26,13,2,1026,34.28,53.6,.885785,2,1,0,41.146597
2005,6,26,13,2,1026,34.98,53.6,.885785,2,1,0,41.146597
2005,6,26,13,2,1026,35.67,53.6,.885785,2,1,0,41.146597
2005,6,26,13,2,1026,36.36,53.6,.885785,2,1,0,41.146597
2005,6,26,13,2,1026,37.05,53.4,.885785,2,1,0,41.146597
2005,6,26,13,2,1026,151.08,7.5,.885785,2,0,0,151.08
2005,6,26,14,2,1026,0,170,.885785,2,1,0,0
2005,6,26,14,2,1026,33.81,53.6,.885785,2,1,0,41.146597
2005,6,26,14,2,1026,34.5,53.6,.885785,2,1,0,41.146597
2005,6,26,14,2,1026,35.19,53.6,.885785,2,1,0,41.146597
2005,6,26,14,2,1026,35.89,53.6,.885785,2,1,0,41.146597
2005,6,26,14,2,1026,36.58,53.6,.885785,2,1,0,41.146597
2005,6,26,14,2,1026,37.27,53.6,.885785,2,1,0,41.146597
2005,6,26,14,2,1026,37.95,53.4,.885785,2,1,0,41.146597
2005,6,26,14,2,1026,151.08,7.5,.885785,2,0,0,151.08
2005,6,26,15,2,1026,0,170,.885785,2,1,0,0
2005,6,26,15,2,1026,33.18,53.6,.885785,2,1,0,41.146597
2005,6,26,15,2,1026,33.86,53.6,.885785,2,1,0,41.146597
2005,6,26,15,2,1026,34.55,53.6,.885785,2,1,0,41.146597
2005,6,26,15,2,1026,35.24,53.6,.885785,2,1,0,41.146597
2005,6,26,15,2,1026,35.92,53.6,.885785,2,1,0,41.146597
2005,6,26,15,2,1026,36.61,53.6,.885785,2,1,0,41.146597
2005,6,26,15,2,1026,37.29,53.4,.885785,2,1,0,41.146597
2005,6,26,15,2,1026,151.08,7.5,.885785,2,0,0,151.08
2005,6,26,16,2,1026,0,170,.885785,2,1,0,0
2005,6,26,16,2,1026,32.04,53.6,.885785,2,1,0,41.146597
2005,6,26,16,2,1026,32.73,53.6,.885785,2,1,0,41.146597
2005,6,26,16,2,1026,33.42,53.6,.885785,2,1,0,41.146597
2005,6,26,16,2,1026,34.1,53.6,.885785,2,1,0,41.146597
2005,6,26,16,2,1026,34.79,53.6,.885785,2,1,0,41.146597
2005,6,26,16,2,1026,35.48,53.6,.885785,2,1,0,41.146597
2005,6,26,16,2,1026,36.16,53.4,.885785,2,1,0,41.146597
2005,6,26,16,2,1026,151.08,7.5,.885785,2,0,0,151.08
2005,6,26,17,2,1026,0,170,.885785,2,1,0,0
2005,6,26,17,2,1026,31.99,53.6,.885785,2,1,0,41.146597
2005,6,26,17,2,1026,32.68,53.6,.885785,2,1,0,41.146597
2005,6,26,17,2,1026,33.37,53.6,.885785,2,1,0,41.146597
2005,6,26,17,2,1026,34.06,53.6,.885785,2,1,0,41.146597
2005,6,26,17,2,1026,34.75,53.6,.885785,2,1,0,41.146597
2005,6,26,17,2,1026,35.44,53.6,.885785,2,1,0,41.146597
2005,6,26,17,2,1026,36.13,53.4,.885785,2,1,0,41.146597
2005,6,26,17,2,1026,151.08,7.5,.885785,2,0,0,151.08
2005,6,26,18,2,1026,0,170,.885785,2,1,0,0
2005,6,26,18,2,1026,31.13,53.6,.885785,2,1,0,41.146597
2005,6,26,18,2,1026,31.81,53.6,.885785,2,1,0,41.146597
2005,6,26,18,2,1026,32.49,53.6,.885785,2,1,0,41.146597
2005,6,26,18,2,1026,33.18,53.6,.885785,2,1,0,41.146597
2005,6,26,18,2,1026,33.86,53.6,.885785,2,1,0,41.146597
2005,6,26,18,2,1026,34.54,53.6,.885785,2,1,0,41.146597
2005,6,26,18,2,1026,35.22,53.4,.885785,2,1,0,41.146597
2005,6,26,18,2,1026,151.08,7.5,.885785,2,0,0,151.08
2005,6,26,19,2,1026,0,170,.885785,2,1,0,0
2005,6,26,19,2,1026,30.66,53.6,.885785,2,1,0,41.146597
2005,6,26,19,2,1026,31.34,53.6,.885785,2,1,0,41.146597
2005,6,26,19,2,1026,32.01,53.6,.885785,2,1,0,41.146597
2005,6,26,19,2,1026,32.69,53.6,.885785,2,1,0,41.146597
2005,6,26,19,2,1026,33.37,53.6,.885785,2,1,0,41.146597
2005,6,26,19,2,1026,34.04,53.6,.885785,2,1,0,41.146597
2005,6,26,19,2,1026,34.71,53.4,.885785,2,1,0,41.146597
2005,6,26,19,2,1026,151.08,7.5,.885785,2,0,0,151.08
2005,6,26,20,2,1026,0,170,.885785,2,1,0,0
2005,6,26,20,2,1026,14.58,53.6,.885785,2,1,0,41.146597
2005,6,26,20,2,1026,30.53,53.6,.885785,2,1,0,41.146597
2005,6,26,20,2,1026,31.2,53.6,.885785,2,1,0,41.146597
2005,6,26,20,2,1026,31.87,53.6,.885785,2,1,0,41.146597
2005,6,26,20,2,1026,32.53,53.6,.885785,2,1,0,41.146597
2005,6,26,20,2,1026,33.2,53.6,.885785,2,1,0,41.146597
2005,6,26,20,2,1026,33.87,53.4,.885785,2,1,0,41.146597
2005,6,26,20,2,1026,151.08,7.5,.885785,2,0,0,151.08
2005,6,26,21,2,1026,0,170,.885785,2,1,0,0
2005,6,26,21,2,1026,14.58,107.2,.885785,2,1,0,41.146597
2005,6,26,21,2,1026,30.18,53.6,.885785,2,1,0,41.146597
2005,6,26,21,2,1026,30.84,53.6,.885785,2,1,0,41.146597
2005,6,26,21,2,1026,31.5,53.6,.885785,2,1,0,41.146597
2005,6,26,21,2,1026,32.16,53.6,.885785,2,1,0,41.146597
2005,6,26,21,2,1026,32.82,53.4,.885785,2,1,0,41.146597
2005,6,26,21,2,1026,151.07,7.5,.885785,2,0,0,151.07
2005,6,26,22,2,1026,0,170,.885785,2,1,0,0
2005,6,26,22,2,1026,14.58,268,.885785,2,1,0,41.146597
2005,6,26,22,2,1026,30.63,53.6,.885785,2,1,0,41.146597
2005,6,26,22,2,1026,31.27,53.4,.885785,2,1,0,41.146597
2005,6,26,22,2,1026,151.04,7.5,.885785,2,0,0,151.04
2005,6,26,23,2,1026,0,170,.885785,2,1,0,0
2005,6,26,23,2,1026,14.58,375,.885785,2,1,0,41.146597
2005,6,26,23,2,1026,151.02,7.5,.885785,2,0,0,151.02
2005,6,26,24,2,1026,0,170,.885785,2,1,0,0
2005,6,26,24,2,1026,14.58,53.6,.885785,2,1,0,41.146597
2005,6,26,24,2,1026,30.16,53.6,.885785,2,1,0,41.146597
2005,6,26,24,2,1026,30.81,53.6,.885785,2,1,0,41.146597
2005,6,26,24,2,1026,31.45,53.6,.885785,2,1,0,41.146597
2005,6,26,24,2,1026,32.09,53.6,.885785,2,1,0,41.146597
2005,6,26,24,2,1026,32.73,53.6,.885785,2,1,0,41.146597
2005,6,26,24,2,1026,33.37,53.4,.885785,2,1,0,41.146597
2005,6,26,24,2,1026,151.08,7.5,.885785,2,0,0,151.08
2005,6,26,1,7,1027,0,200,.368091,2,1,0,0
2005,6,26,1,7,1027,46,50,.368091,2,0,1,43.641632
2005,6,26,1,7,1027,47,50,.368091,2,0,1,43.641632
2005,6,26,1,7,1027,48,50,.368091,2,0,1,43.641632
2005,6,26,1,7,1027,149,34.7,.368091,2,0,1,149
2005,6,26,2,7,1027,0,190,.368091,2,1,0,0
2005,6,26,2,7,1027,45,10,.368091,2,0,1,43.641632
2005,6,26,2,7,1027,46,50,.368091,2,0,1,43.641632
2005,6,26,2,7,1027,47,50,.368091,2,0,1,43.641632
2005,6,26,2,7,1027,48,50,.368091,2,0,1,43.641632
2005,6,26,2,7,1027,149,34.7,.368091,2,0,1,149
2005,6,26,3,7,1027,0,90,.368091,2,1,0,0
2005,6,26,3,7,1027,45,17,.368091,2,0,1,43.641632
2005,6,26,3,7,1027,46,50,.368091,2,0,1,43.641632
2005,6,26,3,7,1027,47,50,.368091,2,0,1,43.641632
2005,6,26,3,7,1027,48,50,.368091,2,0,1,43.641632
2005,6,26,3,7,1027,149,34.7,.368091,2,0,1,149
2005,6,26,4,7,1027,1,183,.368091,2,0,1,1
2005,6,26,4,7,1027,45,17,.368091,2,0,1,43.641632
2005,6,26,4,7,1027,46,50,.368091,2,0,1,43.641632
2005,6,26,4,7,1027,47,50,.368091,2,0,1,43.641632
2005,6,26,4,7,1027,48,50,.368091,2,0,1,43.641632
2005,6,26,4,7,1027,149,34.7,.368091,2,0,1,149
2005,6,26,5,7,1027,1,183,.368091,2,0,1,1
2005,6,26,5,7,1027,45,17,.368091,2,0,1,43.641632
2005,6,26,5,7,1027,46,50,.368091,2,0,1,43.641632
2005,6,26,5,7,1027,47,50,.368091,2,0,1,43.641632
2005,6,26,5,7,1027,48,50,.368091,2,0,1,43.641632
2005,6,26,5,7,1027,149,34.7,.368091,2,0,1,149
2005,6,26,6,7,1027,1,183,.368091,2,0,1,1
2005,6,26,6,7,1027,45,17,.368091,2,0,1,43.641632
2005,6,26,6,7,1027,46,50,.368091,2,0,1,43.641632
2005,6,26,6,7,1027,47,50,.368091,2,0,1,43.641632
2005,6,26,6,7,1027,48,50,.368091,2,0,1,43.641632
2005,6,26,6,7,1027,149,34.7,.368091,2,0,1,149
2005,6,26,7,7,1027,1,183,.368091,2,0,1,1
2005,6,26,7,7,1027,45,17,.368091,2,0,1,43.641632
2005,6,26,7,7,1027,46,50,.368091,2,0,1,43.641632
2005,6,26,7,7,1027,47,50,.368091,2,0,1,43.641632
2005,6,26,7,7,1027,48,50,.368091,2,0,1,43.641632
2005,6,26,7,7,1027,149,34.7,.368091,2,0,1,149
2005,6,26,8,7,1027,1,183,.368091,2,0,1,1
2005,6,26,8,7,1027,45,17,.368091,2,0,1,43.641632
2005,6,26,8,7,1027,46,50,.368091,2,0,1,43.641632
2005,6,26,8,7,1027,47,50,.368091,2,0,1,43.641632
2005,6,26,8,7,1027,48,50,.368091,2,0,1,43.641632
2005,6,26,8,7,1027,149,34.7,.368091,2,0,1,149
2005,6,26,9,7,1027,1,183,.368091,2,0,1,1
2005,6,26,9,7,1027,45,17,.368091,2,0,1,43.641632
2005,6,26,9,7,1027,46,50,.368091,2,0,1,43.641632
2005,6,26,9,7,1027,47,50,.368091,2,0,1,43.641632
2005,6,26,9,7,1027,48,50,.368091,2,0,1,43.641632
2005,6,26,9,7,1027,149,34.7,.368091,2,0,1,149
2005,6,26,10,7,1027,1,183,.368091,2,0,1,1
2005,6,26,10,7,1027,45,17,.368091,2,0,1,43.641632
2005,6,26,10,7,1027,46,50,.368091,2,0,1,43.641632
2005,6,26,10,7,1027,47,50,.368091,2,0,1,43.641632
2005,6,26,10,7,1027,48,50,.368091,2,0,1,43.641632
2005,6,26,10,7,1027,149,34.7,.368091,2,0,1,149
2005,6,26,11,7,1027,1,183,.368091,2,0,1,1
2005,6,26,11,7,1027,45,17,.368091,2,0,1,43.641632
2005,6,26,11,7,1027,46,50,.368091,2,0,1,43.641632
2005,6,26,11,7,1027,47,50,.368091,2,0,1,43.641632
2005,6,26,11,7,1027,48,50,.368091,2,0,1,43.641632
2005,6,26,11,7,1027,149,34.7,.368091,2,0,1,149
2005,6,26,12,7,1027,1,183,.368091,2,0,1,1
2005,6,26,12,7,1027,45,17,.368091,2,0,1,43.641632
2005,6,26,12,7,1027,46,50,.368091,2,0,1,43.641632
2005,6,26,12,7,1027,47,50,.368091,2,0,1,43.641632
2005,6,26,12,7,1027,48,50,.368091,2,0,1,43.641632
2005,6,26,12,7,1027,149,34.7,.368091,2,0,1,149
2005,6,26,13,7,1027,1,183,.368091,2,0,1,1
2005,6,26,13,7,1027,45,17,.368091,2,0,1,43.641632
2005,6,26,13,7,1027,46,50,.368091,2,0,1,43.641632
2005,6,26,13,7,1027,47,50,.368091,2,0,1,43.641632
2005,6,26,13,7,1027,48,50,.368091,2,0,1,43.641632
2005,6,26,13,7,1027,149,34.7,.368091,2,0,1,149
2005,6,26,14,7,1027,1,183,.368091,2,0,1,1
2005,6,26,14,7,1027,45,17,.368091,2,0,1,43.641632
2005,6,26,14,7,1027,46,50,.368091,2,0,1,43.641632
2005,6,26,14,7,1027,47,50,.368091,2,0,1,43.641632
2005,6,26,14,7,1027,48,50,.368091,2,0,1,43.641632
2005,6,26,14,7,1027,149,34.7,.368091,2,0,1,149
2005,6,26,15,7,1027,1,183,.368091,2,0,1,1
2005,6,26,15,7,1027,45,17,.368091,2,0,1,43.641632
2005,6,26,15,7,1027,46,50,.368091,2,0,1,43.641632
2005,6,26,15,7,1027,47,50,.368091,2,0,1,43.641632
2005,6,26,15,7,1027,48,50,.368091,2,0,1,43.641632
2005,6,26,15,7,1027,149,34.7,.368091,2,0,1,149
2005,6,26,16,7,1027,1,183,.368091,2,0,1,1
2005,6,26,16,7,1027,45,17,.368091,2,0,1,43.641632
2005,6,26,16,7,1027,46,50,.368091,2,0,1,43.641632
2005,6,26,16,7,1027,47,50,.368091,2,0,1,43.641632
2005,6,26,16,7,1027,48,50,.368091,2,0,1,43.641632
2005,6,26,16,7,1027,149,34.7,.368091,2,0,1,149
2005,6,26,17,7,1027,1,183,.368091,2,0,1,1
2005,6,26,17,7,1027,45,17,.368091,2,0,1,43.641632
2005,6,26,17,7,1027,46,50,.368091,2,0,1,43.641632
2005,6,26,17,7,1027,47,50,.368091,2,0,1,43.641632
2005,6,26,17,7,1027,48,50,.368091,2,0,1,43.641632
2005,6,26,17,7,1027,149,34.7,.368091,2,0,1,149
2005,6,26,18,7,1027,1,183,.368091,2,0,1,1
2005,6,26,18,7,1027,45,17,.368091,2,0,1,43.641632
2005,6,26,18,7,1027,46,50,.368091,2,0,1,43.641632
2005,6,26,18,7,1027,47,50,.368091,2,0,1,43.641632
2005,6,26,18,7,1027,48,50,.368091,2,0,1,43.641632
2005,6,26,18,7,1027,149,34.7,.368091,2,0,1,149
2005,6,26,19,7,1027,1,183,.368091,2,0,1,1
2005,6,26,19,7,1027,45,17,.368091,2,0,1,43.641632
2005,6,26,19,7,1027,46,50,.368091,2,0,1,43.641632
2005,6,26,19,7,1027,47,50,.368091,2,0,1,43.641632
2005,6,26,19,7,1027,48,50,.368091,2,0,1,43.641632
2005,6,26,19,7,1027,149,34.7,.368091,2,0,1,149
2005,6,26,20,7,1027,1,183,.368091,2,0,1,1
2005,6,26,20,7,1027,45,17,.368091,2,0,1,43.641632
2005,6,26,20,7,1027,46,50,.368091,2,0,1,43.641632
2005,6,26,20,7,1027,47,50,.368091,2,0,1,43.641632
2005,6,26,20,7,1027,48,50,.368091,2,0,1,43.641632
2005,6,26,20,7,1027,149,34.7,.368091,2,0,1,149
2005,6,26,21,7,1027,1,183,.368091,2,0,1,1
2005,6,26,21,7,1027,45,17,.368091,2,0,1,43.641632
2005,6,26,21,7,1027,46,50,.368091,2,0,1,43.641632
2005,6,26,21,7,1027,47,50,.368091,2,0,1,43.641632
2005,6,26,21,7,1027,48,50,.368091,2,0,1,43.641632
2005,6,26,21,7,1027,149,34.7,.368091,2,0,1,149
2005,6,26,22,7,1027,1,183,.368091,2,0,1,1
2005,6,26,22,7,1027,45,17,.368091,2,0,1,43.641632
2005,6,26,22,7,1027,46,50,.368091,2,0,1,43.641632
2005,6,26,22,7,1027,47,50,.368091,2,0,1,43.641632
2005,6,26,22,7,1027,48,50,.368091,2,0,1,43.641632
2005,6,26,22,7,1027,149,34.7,.368091,2,0,1,149
2005,6,26,23,7,1027,1,183,.368091,2,0,1,1
2005,6,26,23,7,1027,45,17,.368091,2,0,1,43.641632
2005,6,26,23,7,1027,46,50,.368091,2,0,1,43.641632
2005,6,26,23,7,1027,47,50,.368091,2,0,1,43.641632
2005,6,26,23,7,1027,48,50,.368091,2,0,1,43.641632
2005,6,26,23,7,1027,149,34.7,.368091,2,0,1,149
2005,6,26,24,7,1027,1,183,.368091,2,0,1,1
2005,6,26,24,7,1027,45,17,.368091,2,0,1,43.641632
2005,6,26,24,7,1027,46,50,.368091,2,0,1,43.641632
2005,6,26,24,7,1027,47,50,.368091,2,0,1,43.641632
2005,6,26,24,7,1027,48,50,.368091,2,0,1,43.641632
2005,6,26,24,7,1027,149,34.7,.368091,2,0,1,149
2005,6,26,1,7,1028,0,183,.368091,2,1,0,0
2005,6,26,1,7,1028,48,17,.368091,2,0,1,43.641632
2005,6,26,1,7,1028,48.5,50,.368091,2,0,1,43.641632
2005,6,26,1,7,1028,49,50,.368091,2,0,1,43.641632
2005,6,26,1,7,1028,50,50,.368091,2,0,1,43.641632
2005,6,26,1,7,1028,149,28.8,.368091,2,0,1,149
2005,6,26,2,7,1028,0,183,.368091,2,1,0,0
2005,6,26,2,7,1028,48,17,.368091,2,0,1,43.641632
2005,6,26,2,7,1028,48.5,50,.368091,2,0,1,43.641632
2005,6,26,2,7,1028,49,50,.368091,2,0,1,43.641632
2005,6,26,2,7,1028,50,50,.368091,2,0,1,43.641632
2005,6,26,2,7,1028,149,28.8,.368091,2,0,1,149
2005,6,26,3,7,1028,0,183,.368091,2,1,0,0
2005,6,26,3,7,1028,48,17,.368091,2,0,1,43.641632
2005,6,26,3,7,1028,48.5,50,.368091,2,0,1,43.641632
2005,6,26,3,7,1028,49,50,.368091,2,0,1,43.641632
2005,6,26,3,7,1028,50,50,.368091,2,0,1,43.641632
2005,6,26,3,7,1028,149,28.8,.368091,2,0,1,149
2005,6,26,4,7,1028,0,183,.368091,2,1,0,0
2005,6,26,4,7,1028,48,17,.368091,2,0,1,43.641632
2005,6,26,4,7,1028,48.5,50,.368091,2,0,1,43.641632
2005,6,26,4,7,1028,49,50,.368091,2,0,1,43.641632
2005,6,26,4,7,1028,50,50,.368091,2,0,1,43.641632
2005,6,26,4,7,1028,149,28.8,.368091,2,0,1,149
2005,6,26,5,7,1028,0,183,.368091,2,1,0,0
2005,6,26,5,7,1028,48,17,.368091,2,0,1,43.641632
2005,6,26,5,7,1028,48.5,50,.368091,2,0,1,43.641632
2005,6,26,5,7,1028,49,50,.368091,2,0,1,43.641632
2005,6,26,5,7,1028,50,50,.368091,2,0,1,43.641632
2005,6,26,5,7,1028,149,28.8,.368091,2,0,1,149
2005,6,26,6,7,1028,0,183,.368091,2,1,0,0
2005,6,26,6,7,1028,48,17,.368091,2,0,1,43.641632
2005,6,26,6,7,1028,48.5,50,.368091,2,0,1,43.641632
2005,6,26,6,7,1028,49,50,.368091,2,0,1,43.641632
2005,6,26,6,7,1028,50,50,.368091,2,0,1,43.641632
2005,6,26,6,7,1028,149,28.8,.368091,2,0,1,149
2005,6,26,7,7,1028,0,183,.368091,2,1,0,0
2005,6,26,7,7,1028,48,17,.368091,2,0,1,43.641632
2005,6,26,7,7,1028,48.5,50,.368091,2,0,1,43.641632
2005,6,26,7,7,1028,49,50,.368091,2,0,1,43.641632
2005,6,26,7,7,1028,50,50,.368091,2,0,1,43.641632
2005,6,26,7,7,1028,149,28.8,.368091,2,0,1,149
2005,6,26,8,7,1028,0,183,.368091,2,1,0,0
2005,6,26,8,7,1028,48,17,.368091,2,0,1,43.641632
2005,6,26,8,7,1028,48.5,50,.368091,2,0,1,43.641632
2005,6,26,8,7,1028,49,50,.368091,2,0,1,43.641632
2005,6,26,8,7,1028,50,50,.368091,2,0,1,43.641632
2005,6,26,8,7,1028,149,28.8,.368091,2,0,1,149
2005,6,26,9,7,1028,0,183,.368091,2,1,0,0
2005,6,26,9,7,1028,48,17,.368091,2,0,1,43.641632
2005,6,26,9,7,1028,48.5,50,.368091,2,0,1,43.641632
2005,6,26,9,7,1028,49,50,.368091,2,0,1,43.641632
2005,6,26,9,7,1028,50,50,.368091,2,0,1,43.641632
2005,6,26,9,7,1028,149,28.8,.368091,2,0,1,149
2005,6,26,10,7,1028,0,183,.368091,2,1,0,0
2005,6,26,10,7,1028,48,17,.368091,2,0,1,43.641632
2005,6,26,10,7,1028,48.5,50,.368091,2,0,1,43.641632
2005,6,26,10,7,1028,49,50,.368091,2,0,1,43.641632
2005,6,26,10,7,1028,50,50,.368091,2,0,1,43.641632
2005,6,26,10,7,1028,149,28.8,.368091,2,0,1,149
2005,6,26,11,7,1028,0,183,.368091,2,1,0,0
2005,6,26,11,7,1028,48,17,.368091,2,0,1,43.641632
2005,6,26,11,7,1028,48.5,50,.368091,2,0,1,43.641632
2005,6,26,11,7,1028,49,50,.368091,2,0,1,43.641632
2005,6,26,11,7,1028,50,50,.368091,2,0,1,43.641632
2005,6,26,11,7,1028,149,28.8,.368091,2,0,1,149
2005,6,26,12,7,1028,0,183,.368091,2,1,0,0
2005,6,26,12,7,1028,48,17,.368091,2,0,1,43.641632
2005,6,26,12,7,1028,48.5,50,.368091,2,0,1,43.641632
2005,6,26,12,7,1028,49,50,.368091,2,0,1,43.641632
2005,6,26,12,7,1028,50,50,.368091,2,0,1,43.641632
2005,6,26,12,7,1028,149,28.8,.368091,2,0,1,149
2005,6,26,13,7,1028,0,183,.368091,2,1,0,0
2005,6,26,13,7,1028,48,17,.368091,2,0,1,43.641632
2005,6,26,13,7,1028,48.5,50,.368091,2,0,1,43.641632
2005,6,26,13,7,1028,49,50,.368091,2,0,1,43.641632
2005,6,26,13,7,1028,50,50,.368091,2,0,1,43.641632
2005,6,26,13,7,1028,149,28.8,.368091,2,0,1,149
2005,6,26,14,7,1028,0,183,.368091,2,1,0,0
2005,6,26,14,7,1028,48,17,.368091,2,0,1,43.641632
2005,6,26,14,7,1028,48.5,50,.368091,2,0,1,43.641632
2005,6,26,14,7,1028,49,50,.368091,2,0,1,43.641632
2005,6,26,14,7,1028,50,50,.368091,2,0,1,43.641632
2005,6,26,14,7,1028,149,28.8,.368091,2,0,1,149
2005,6,26,15,7,1028,0,183,.368091,2,1,0,0
2005,6,26,15,7,1028,48,17,.368091,2,0,1,43.641632
2005,6,26,15,7,1028,48.5,50,.368091,2,0,1,43.641632
2005,6,26,15,7,1028,49,50,.368091,2,0,1,43.641632
2005,6,26,15,7,1028,50,50,.368091,2,0,1,43.641632
2005,6,26,15,7,1028,149,28.8,.368091,2,0,1,149
2005,6,26,16,7,1028,0,183,.368091,2,1,0,0
2005,6,26,16,7,1028,48,17,.368091,2,0,1,43.641632
2005,6,26,16,7,1028,48.5,50,.368091,2,0,1,43.641632
2005,6,26,16,7,1028,49,50,.368091,2,0,1,43.641632
2005,6,26,16,7,1028,50,50,.368091,2,0,1,43.641632
2005,6,26,16,7,1028,149,28.8,.368091,2,0,1,149
2005,6,26,17,7,1028,0,183,.368091,2,1,0,0
2005,6,26,17,7,1028,48,17,.368091,2,0,1,43.641632
2005,6,26,17,7,1028,48.5,50,.368091,2,0,1,43.641632
2005,6,26,17,7,1028,49,50,.368091,2,0,1,43.641632
2005,6,26,17,7,1028,50,50,.368091,2,0,1,43.641632
2005,6,26,17,7,1028,149,28.8,.368091,2,0,1,149
2005,6,26,18,7,1028,0,183,.368091,2,1,0,0
2005,6,26,18,7,1028,48,17,.368091,2,0,1,43.641632
2005,6,26,18,7,1028,48.5,50,.368091,2,0,1,43.641632
2005,6,26,18,7,1028,49,50,.368091,2,0,1,43.641632
2005,6,26,18,7,1028,50,50,.368091,2,0,1,43.641632
2005,6,26,18,7,1028,149,28.8,.368091,2,0,1,149
2005,6,26,19,7,1028,0,183,.368091,2,1,0,0
2005,6,26,19,7,1028,48,17,.368091,2,0,1,43.641632
2005,6,26,19,7,1028,48.5,50,.368091,2,0,1,43.641632
2005,6,26,19,7,1028,49,50,.368091,2,0,1,43.641632
2005,6,26,19,7,1028,50,50,.368091,2,0,1,43.641632
2005,6,26,19,7,1028,149,28.8,.368091,2,0,1,149
2005,6,26,20,7,1028,0,183,.368091,2,1,0,0
2005,6,26,20,7,1028,48,17,.368091,2,0,1,43.641632
2005,6,26,20,7,1028,48.5,50,.368091,2,0,1,43.641632
2005,6,26,20,7,1028,49,50,.368091,2,0,1,43.641632
2005,6,26,20,7,1028,50,50,.368091,2,0,1,43.641632
2005,6,26,20,7,1028,149,28.8,.368091,2,0,1,149
2005,6,26,21,7,1028,0,183,.368091,2,1,0,0
2005,6,26,21,7,1028,48,17,.368091,2,0,1,43.641632
2005,6,26,21,7,1028,48.5,50,.368091,2,0,1,43.641632
2005,6,26,21,7,1028,49,50,.368091,2,0,1,43.641632
2005,6,26,21,7,1028,50,50,.368091,2,0,1,43.641632
2005,6,26,21,7,1028,149,28.8,.368091,2,0,1,149
2005,6,26,22,7,1028,0,183,.368091,2,1,0,0
2005,6,26,22,7,1028,48,17,.368091,2,0,1,43.641632
2005,6,26,22,7,1028,48.5,50,.368091,2,0,1,43.641632
2005,6,26,22,7,1028,49,50,.368091,2,0,1,43.641632
2005,6,26,22,7,1028,50,50,.368091,2,0,1,43.641632
2005,6,26,22,7,1028,149,28.8,.368091,2,0,1,149
2005,6,26,23,7,1028,0,183,.368091,2,1,0,0
2005,6,26,23,7,1028,48,17,.368091,2,1,0,43.641632
2005,6,26,23,7,1028,48.5,50,.368091,2,1,0,43.641632
2005,6,26,23,7,1028,49,23,.368091,2,1,0,43.641632
2005,6,26,23,7,1028,50,50,.368091,2,0,1,43.641632
2005,6,26,23,7,1028,149,28.8,.368091,2,0,1,149
2005,6,26,24,7,1028,0,183,.368091,2,1,0,0
2005,6,26,24,7,1028,48,17,.368091,2,1,0,43.641632
2005,6,26,24,7,1028,48.5,50,.368091,2,1,0,43.641632
2005,6,26,24,7,1028,49,50,.368091,2,1,0,43.641632
2005,6,26,24,7,1028,50,50,.368091,2,1,0,43.641632
2005,6,26,24,7,1028,149,28.8,.368091,2,0,1,149
2005,6,26,1,9,40,0,9.7,0,2,1,0,0
2005,6,26,2,9,40,0,9.9,0,2,1,0,0
2005,6,26,3,9,40,0,8.9,0,2,1,0,0
2005,6,26,4,9,40,0,9,0,2,1,0,0
2005,6,26,5,9,40,0,9,0,2,1,0,0
2005,6,26,6,9,40,0,9.2,0,2,1,0,0
2005,6,26,7,9,40,0,9.4,0,2,1,0,0
2005,6,26,8,9,40,0,9.7,0,2,1,0,0
2005,6,26,9,9,40,0,9.8,0,2,1,0,0
2005,6,26,10,9,40,0,9.3,0,2,1,0,0
2005,6,26,11,9,40,0,8,0,2,1,0,0
2005,6,26,12,9,40,0,9.3,0,2,1,0,0
2005,6,26,13,9,40,0,4.2,0,2,1,0,0
2005,6,26,14,9,40,0,3.2,0,2,1,0,0
2005,6,26,15,9,40,0,3.2,0,2,1,0,0
2005,6,26,16,9,40,0,3.3,0,2,1,0,0
2005,6,26,17,9,40,0,4.2,0,2,1,0,0
2005,6,26,18,9,40,0,5.2,0,2,1,0,0
2005,6,26,19,9,40,0,5.8,0,2,1,0,0
2005,6,26,20,9,40,0,6,0,2,1,0,0
2005,6,26,21,9,40,0,6.2,0,2,1,0,0
2005,6,26,22,9,40,0,6.9,0,2,1,0,0
2005,6,26,23,9,40,0,7.8,0,2,1,0,0
2005,6,26,24,9,40,0,8.4,0,2,1,0,0
2005,6,26,1,9,41,0,4,0,2,1,0,0
2005,6,26,2,9,41,0,4,0,2,1,0,0
2005,6,26,3,9,41,0,3.7,0,2,1,0,0
2005,6,26,4,9,41,0,3.6,0,2,1,0,0
2005,6,26,5,9,41,0,5.2,0,2,1,0,0
2005,6,26,6,9,41,0,5.6,0,2,1,0,0
2005,6,26,7,9,41,0,6,0,2,1,0,0
2005,6,26,8,9,41,0,6.4,0,2,1,0,0
2005,6,26,9,9,41,0,6.7,0,2,1,0,0
2005,6,26,10,9,41,0,4.2,0,2,1,0,0
2005,6,26,11,9,41,0,4.1,0,2,1,0,0
2005,6,26,12,9,41,0,3.8,0,2,1,0,0
2005,6,26,13,9,41,0,3.5,0,2,1,0,0
2005,6,26,14,9,41,0,3.2,0,2,1,0,0
2005,6,26,15,9,41,0,5.9,0,2,1,0,0
2005,6,26,16,9,41,0,5.9,0,2,1,0,0
2005,6,26,17,9,41,0,6.5,0,2,1,0,0
2005,6,26,18,9,41,0,6.9,0,2,1,0,0
2005,6,26,19,9,41,0,6.7,0,2,1,0,0
2005,6,26,20,9,41,0,6.3,0,2,1,0,0
2005,6,26,21,9,41,0,6.2,0,2,1,0,0
2005,6,26,22,9,41,0,6,0,2,1,0,0
2005,6,26,23,9,41,0,5.9,0,2,1,0,0
2005,6,26,24,9,41,0,3.1,0,2,1,0,0
2005,6,26,1,9,42,0,3.6,0,2,1,0,0
2005,6,26,2,9,42,0,3.6,0,2,1,0,0
2005,6,26,3,9,42,0,3.7,0,2,1,0,0
2005,6,26,4,9,42,0,3.7,0,2,1,0,0
2005,6,26,5,9,42,0,3.7,0,2,1,0,0
2005,6,26,6,9,42,0,3.7,0,2,1,0,0
2005,6,26,7,9,42,0,3.7,0,2,1,0,0
2005,6,26,8,9,42,0,3.7,0,2,1,0,0
2005,6,26,9,9,42,0,3.6,0,2,1,0,0
2005,6,26,10,9,42,0,3.6,0,2,1,0,0
2005,6,26,11,9,42,0,3.6,0,2,1,0,0
2005,6,26,12,9,42,0,3.5,0,2,1,0,0
2005,6,26,13,9,42,0,3.5,0,2,1,0,0
2005,6,26,14,9,42,0,3.5,0,2,1,0,0
2005,6,26,15,9,42,0,3.5,0,2,1,0,0
2005,6,26,16,9,42,0,3.5,0,2,1,0,0
2005,6,26,17,9,42,0,3.5,0,2,1,0,0
2005,6,26,18,9,42,0,3.5,0,2,1,0,0
2005,6,26,19,9,42,0,3.5,0,2,1,0,0
2005,6,26,20,9,42,0,3.6,0,2,1,0,0
2005,6,26,21,9,42,0,3.6,0,2,1,0,0
2005,6,26,22,9,42,0,3.6,0,2,1,0,0
2005,6,26,23,9,42,0,3.6,0,2,1,0,0
2005,6,26,24,9,42,0,3.6,0,2,1,0,0
2005,6,26,1,2,1030,0,125,.93876,2,1,0,0
2005,6,26,1,2,1030,151.01,13.3,.93876,2,0,0,151.01
2005,6,26,2,2,1030,0,125,.93876,2,1,0,0
2005,6,26,2,2,1030,151.01,13.3,.93876,2,0,0,151.01
2005,6,26,3,2,1030,0,125,.93876,2,1,0,0
2005,6,26,3,2,1030,151.01,13.3,.93876,2,0,0,151.01
2005,6,26,4,2,1030,0,125,.93876,2,1,0,0
2005,6,26,4,2,1030,151.01,13.3,.93876,2,0,0,151.01
2005,6,26,5,2,1030,0,125,.93876,2,1,0,0
2005,6,26,5,2,1030,151.01,13.3,.93876,2,0,0,151.01
2005,6,26,6,2,1030,0,125,.93876,2,1,0,0
2005,6,26,6,2,1030,151.01,13.3,.93876,2,0,0,151.01
2005,6,26,7,2,1030,0,125,.93876,2,1,0,0
2005,6,26,7,2,1030,151.01,13.3,.93876,2,0,0,151.01
2005,6,26,8,2,1030,0,125,.93876,2,1,0,0
2005,6,26,8,2,1030,151.01,13.3,.93876,2,0,0,151.01
2005,6,26,9,2,1030,0,125,.93876,2,1,0,0
2005,6,26,9,2,1030,151.01,13.3,.93876,2,0,0,151.01
2005,6,26,10,2,1030,0,125,.93876,2,1,0,0
2005,6,26,10,2,1030,151.01,13.3,.93876,2,0,0,151.01
2005,6,26,11,2,1030,0,125,.93876,2,1,0,0
2005,6,26,11,2,1030,151.01,13.3,.93876,2,0,0,151.01
2005,6,26,12,2,1030,0,125,.93876,2,1,0,0
2005,6,26,12,2,1030,151.01,13.3,.93876,2,0,0,151.01
2005,6,26,13,2,1030,0,125,.93876,2,1,0,0
2005,6,26,13,2,1030,151.01,13.3,.93876,2,0,0,151.01
2005,6,26,14,2,1030,0,125,.93876,2,1,0,0
2005,6,26,14,2,1030,151.01,13.3,.93876,2,0,0,151.01
2005,6,26,15,2,1030,0,125,.93876,2,1,0,0
2005,6,26,15,2,1030,151.01,13.3,.93876,2,0,0,151.01
2005,6,26,16,2,1030,0,125,.93876,2,1,0,0
2005,6,26,16,2,1030,151.01,13.3,.93876,2,0,0,151.01
2005,6,26,17,2,1030,0,125,.93876,2,1,0,0
2005,6,26,17,2,1030,151.01,13.3,.93876,2,0,0,151.01
2005,6,26,18,2,1030,0,125,.93876,2,1,0,0
2005,6,26,18,2,1030,151.01,13.3,.93876,2,0,0,151.01
2005,6,26,19,2,1030,0,125,.93876,2,1,0,0
2005,6,26,19,2,1030,151.01,13.3,.93876,2,0,0,151.01
2005,6,26,20,2,1030,0,125,.93876,2,1,0,0
2005,6,26,20,2,1030,151.01,13.3,.93876,2,0,0,151.01
2005,6,26,21,2,1030,0,125,.93876,2,1,0,0
2005,6,26,21,2,1030,151.01,13.3,.93876,2,0,0,151.01
2005,6,26,22,2,1030,0,125,.93876,2,1,0,0
2005,6,26,22,2,1030,151.01,13.3,.93876,2,0,0,151.01
2005,6,26,23,2,1030,0,125,.93876,2,1,0,0
2005,6,26,23,2,1030,151.01,13.3,.93876,2,0,0,151.01
2005,6,26,24,2,1030,0,125,.93876,2,1,0,0
2005,6,26,24,2,1030,151.01,13.3,.93876,2,0,0,151.01
2005,6,26,1,9,44,0,6,0,2,1,0,0
2005,6,26,2,9,44,0,6,0,2,1,0,0
2005,6,26,3,9,44,0,6,0,2,1,0,0
2005,6,26,4,9,44,0,6,0,2,1,0,0
2005,6,26,5,9,44,0,6,0,2,1,0,0
2005,6,26,6,9,44,0,6,0,2,1,0,0
2005,6,26,7,9,44,0,6,0,2,1,0,0
2005,6,26,8,9,44,0,6,0,2,1,0,0
2005,6,26,9,9,44,0,6,0,2,1,0,0
2005,6,26,10,9,44,0,6,0,2,1,0,0
2005,6,26,11,9,44,0,6,0,2,1,0,0
2005,6,26,12,9,44,0,6,0,2,1,0,0
2005,6,26,13,9,44,0,6,0,2,1,0,0
2005,6,26,14,9,44,0,6,0,2,1,0,0
2005,6,26,15,9,44,0,6,0,2,1,0,0
2005,6,26,16,9,44,0,6,0,2,1,0,0
2005,6,26,17,9,44,0,6,0,2,1,0,0
2005,6,26,18,9,44,0,6,0,2,1,0,0
2005,6,26,19,9,44,0,6,0,2,1,0,0
2005,6,26,20,9,44,0,6,0,2,1,0,0
2005,6,26,21,9,44,0,6,0,2,1,0,0
2005,6,26,22,9,44,0,6,0,2,1,0,0
2005,6,26,23,9,44,0,6,0,2,1,0,0
2005,6,26,24,9,44,0,6,0,2,1,0,0
2005,6,26,1,9,45,150,17,0,1,1,0,150
2005,6,26,2,9,45,150,17,0,1,1,0,150
2005,6,26,3,9,45,150,17,0,1,1,0,150
2005,6,26,4,9,45,150,17,0,1,1,0,150
2005,6,26,5,9,45,150,17,0,1,1,0,150
2005,6,26,6,9,45,150,17,0,1,1,0,150
2005,6,26,7,9,45,150,17,0,1,1,0,150
2005,6,26,8,9,45,150,17,0,1,1,0,150
2005,6,26,9,9,45,150,17,0,1,1,0,150
2005,6,26,10,9,45,150,17,0,1,1,0,150
2005,6,26,11,9,45,150,17,0,1,1,0,150
2005,6,26,12,9,45,150,17,0,1,1,0,150
2005,6,26,13,9,45,150,17,0,1,1,0,150
2005,6,26,14,9,45,150,17,0,1,1,0,150
2005,6,26,15,9,45,150,17,0,1,1,0,150
2005,6,26,16,9,45,150,17,0,1,1,0,150
2005,6,26,17,9,45,150,17,0,1,1,0,150
2005,6,26,18,9,45,150,17,0,1,1,0,150
2005,6,26,19,9,45,150,17,0,1,1,0,150
2005,6,26,20,9,45,150,17,0,1,1,0,150
2005,6,26,21,9,45,150,17,0,1,1,0,150
2005,6,26,22,9,45,150,17,0,1,1,0,150
2005,6,26,23,9,45,150,17,0,1,1,0,150
2005,6,26,24,9,45,150,17,0,1,1,0,150
2005,6,26,1,9,46,0,23.3,0,2,1,0,0
2005,6,26,2,9,46,0,27.9,0,2,1,0,0
2005,6,26,3,9,46,0,27.9,0,2,1,0,0
2005,6,26,4,9,46,0,27.2,0,2,1,0,0
2005,6,26,5,9,46,0,26.5,0,2,1,0,0
2005,6,26,6,9,46,0,25.2,0,2,1,0,0
2005,6,26,7,9,46,0,24.4,0,2,1,0,0
2005,6,26,8,9,46,0,24,0,2,1,0,0
2005,6,26,9,9,46,0,24.1,0,2,1,0,0
2005,6,26,10,9,46,0,24.1,0,2,1,0,0
2005,6,26,11,9,46,0,24.5,0,2,1,0,0
2005,6,26,12,9,46,0,25.1,0,2,1,0,0
2005,6,26,13,9,46,0,25.2,0,2,1,0,0
2005,6,26,14,9,46,0,25.7,0,2,1,0,0
2005,6,26,15,9,46,0,27,0,2,1,0,0
2005,6,26,16,9,46,0,27.4,0,2,1,0,0
2005,6,26,17,9,46,0,27.1,0,2,1,0,0
2005,6,26,18,9,46,0,27,0,2,1,0,0
2005,6,26,19,9,46,0,26.6,0,2,1,0,0
2005,6,26,20,9,46,0,25.3,0,2,1,0,0
2005,6,26,21,9,46,0,24.6,0,2,1,0,0
2005,6,26,22,9,46,0,24.4,0,2,1,0,0
2005,6,26,23,9,46,0,24.6,0,2,1,0,0
2005,6,26,24,9,46,0,25,0,2,1,0,0
2005,6,26,1,9,47,0,5.1,0,2,1,0,0
2005,6,26,2,9,47,0,5.1,0,2,1,0,0
2005,6,26,3,9,47,0,5.1,0,2,1,0,0
2005,6,26,4,9,47,0,5.1,0,2,1,0,0
2005,6,26,5,9,47,0,5.1,0,2,1,0,0
2005,6,26,6,9,47,0,5.1,0,2,1,0,0
2005,6,26,7,9,47,0,5.1,0,2,1,0,0
2005,6,26,8,9,47,0,5.1,0,2,1,0,0
2005,6,26,9,9,47,0,5.1,0,2,1,0,0
2005,6,26,10,9,47,0,5.1,0,2,1,0,0
2005,6,26,11,9,47,0,5.1,0,2,1,0,0
2005,6,26,12,9,47,0,5.1,0,2,1,0,0
2005,6,26,13,9,47,0,5.1,0,2,1,0,0
2005,6,26,14,9,47,0,5.1,0,2,1,0,0
2005,6,26,15,9,47,0,4.5,0,2,1,0,0
2005,6,26,16,9,47,0,4.5,0,2,1,0,0
2005,6,26,17,9,47,0,4.5,0,2,1,0,0
2005,6,26,18,9,47,0,4.5,0,2,1,0,0
2005,6,26,19,9,47,0,4.5,0,2,1,0,0
2005,6,26,20,9,47,0,4.5,0,2,1,0,0
2005,6,26,21,9,47,0,4.5,0,2,1,0,0
2005,6,26,22,9,47,0,4.5,0,2,1,0,0
2005,6,26,23,9,47,0,4,0,2,1,0,0
2005,6,26,24,9,47,0,4,0,2,1,0,0
2005,6,26,1,9,48,0,42.5,0,2,1,0,0
2005,6,26,2,9,48,0,42.4,0,2,1,0,0
2005,6,26,3,9,48,0,42.5,0,2,1,0,0
2005,6,26,4,9,48,0,42.4,0,2,1,0,0
2005,6,26,5,9,48,0,42.4,0,2,1,0,0
2005,6,26,6,9,48,0,42.9,0,2,1,0,0
2005,6,26,7,9,48,0,42.7,0,2,1,0,0
2005,6,26,8,9,48,0,42.7,0,2,1,0,0
2005,6,26,9,9,48,0,41.7,0,2,1,0,0
2005,6,26,10,9,48,0,42.1,0,2,1,0,0
2005,6,26,11,9,48,0,42.1,0,2,1,0,0
2005,6,26,12,9,48,0,42.2,0,2,1,0,0
2005,6,26,13,9,48,0,53.5,0,2,1,0,0
2005,6,26,14,9,48,0,75.8,0,2,1,0,0
2005,6,26,15,9,48,0,80.7,0,2,1,0,0
2005,6,26,15,9,48,15,.5,0,2,1,0,15
2005,6,26,15,9,48,25.01,.5,0,2,1,0,25.01
2005,6,26,15,9,48,30.01,.5,0,2,1,0,30.01
2005,6,26,15,9,48,40,.5,0,2,1,0,40
2005,6,26,15,9,48,46.8,.5,0,2,1,0,46.8
2005,6,26,16,9,48,0,80.9,0,2,1,0,0
2005,6,26,16,9,48,15,.5,0,2,1,0,15
2005,6,26,16,9,48,25.01,.5,0,2,1,0,25.01
2005,6,26,16,9,48,30.01,.5,0,2,1,0,30.01
2005,6,26,16,9,48,40,.5,0,2,1,0,40
2005,6,26,16,9,48,46.8,.5,0,2,0,0,46.8
2005,6,26,17,9,48,0,80.2,0,2,1,0,0
2005,6,26,17,9,48,15,.5,0,2,1,0,15
2005,6,26,17,9,48,25.01,.5,0,2,1,0,25.01
2005,6,26,17,9,48,30.01,.5,0,2,1,0,30.01
2005,6,26,17,9,48,40,.5,0,2,1,0,40
2005,6,26,17,9,48,46.8,.5,0,2,0,0,46.8
2005,6,26,18,9,48,0,80.9,0,2,1,0,0
2005,6,26,18,9,48,15,.5,0,2,1,0,15
2005,6,26,18,9,48,25.01,.5,0,2,1,0,25.01
2005,6,26,18,9,48,30.01,.5,0,2,1,0,30.01
2005,6,26,18,9,48,40,.5,0,2,1,0,40
2005,6,26,18,9,48,46.8,.5,0,2,0,0,46.8
2005,6,26,19,9,48,0,80.6,0,2,1,0,0
2005,6,26,19,9,48,15,.5,0,2,1,0,15
2005,6,26,19,9,48,25.01,.5,0,2,1,0,25.01
2005,6,26,19,9,48,30.01,.5,0,2,1,0,30.01
2005,6,26,19,9,48,40,.5,0,2,1,0,40
2005,6,26,19,9,48,46.8,.5,0,2,0,0,46.8
2005,6,26,20,9,48,0,80.2,0,2,1,0,0
2005,6,26,20,9,48,15,.5,0,2,1,0,15
2005,6,26,20,9,48,25.01,.5,0,2,1,0,25.01
2005,6,26,20,9,48,30.01,.5,0,2,1,0,30.01
2005,6,26,20,9,48,40,.5,0,2,0,0,40
2005,6,26,20,9,48,46.8,.5,0,2,0,0,46.8
2005,6,26,21,9,48,0,80.5,0,2,1,0,0
2005,6,26,21,9,48,15,.5,0,2,1,0,15
2005,6,26,21,9,48,25.01,.5,0,2,1,0,25.01
2005,6,26,21,9,48,30.01,.5,0,2,1,0,30.01
2005,6,26,21,9,48,40,.5,0,2,1,0,40
2005,6,26,21,9,48,46.8,.5,0,2,0,0,46.8
2005,6,26,22,9,48,0,80.1,0,2,1,0,0
2005,6,26,22,9,48,15,.5,0,2,1,0,15
2005,6,26,22,9,48,25.01,.5,0,2,1,0,25.01
2005,6,26,22,9,48,30.01,.5,0,2,1,0,30.01
2005,6,26,22,9,48,40,.5,0,2,1,0,40
2005,6,26,22,9,48,46.8,.5,0,2,0,0,46.8
2005,6,26,23,9,48,0,80.7,0,2,1,0,0
2005,6,26,23,9,48,15,.5,0,2,1,0,15
2005,6,26,23,9,48,25.01,.5,0,2,1,0,25.01
2005,6,26,23,9,48,30.01,.5,0,2,1,0,30.01
2005,6,26,23,9,48,40,.5,0,2,1,0,40
2005,6,26,23,9,48,46.8,.5,0,2,1,0,46.8
2005,6,26,24,9,48,0,81.5,0,2,1,0,0
2005,6,26,24,9,48,15,.5,0,2,1,0,15
2005,6,26,24,9,48,25.01,.5,0,2,1,0,25.01
2005,6,26,24,9,48,30.01,.5,0,2,1,0,30.01
2005,6,26,24,9,48,40,.5,0,2,1,0,40
2005,6,26,24,9,48,46.8,.5,0,2,1,0,46.8
2005,6,26,1,9,49,180.3,21.9,0,1,1,0,180.3
2005,6,26,1,9,50,180.3,1.7,0,1,1,0,180.3
2005,6,26,2,9,50,180.3,1.4,0,1,1,0,180.3
2005,6,26,1,9,51,180.3,4.5,0,1,1,0,180.3
2005,6,26,2,9,51,180.3,4.4,0,1,1,0,180.3
2005,6,26,3,9,51,180.3,3.3,0,1,1,0,180.3
2005,6,26,4,9,51,180.3,1.7,0,1,1,0,180.3
2005,6,26,1,9,52,0,30,0,2,1,0,0
2005,6,26,2,9,52,0,30,0,2,1,0,0
2005,6,26,3,9,52,0,30,0,2,1,0,0
2005,6,26,4,9,52,0,100,0,2,1,0,0
2005,6,26,5,9,52,0,335.6,0,2,1,0,0
2005,6,26,6,9,52,0,335.1,0,2,1,0,0
2005,6,26,7,9,52,0,341,0,2,1,0,0
2005,6,26,8,9,52,0,338.9,0,2,1,0,0
2005,6,26,9,9,52,0,338.1,0,2,1,0,0
2005,6,26,10,9,52,0,310,0,2,1,0,0
2005,6,26,11,9,52,0,299.9,0,2,1,0,0
2005,6,26,12,9,52,0,299.6,0,2,1,0,0
2005,6,26,13,9,52,0,299.5,0,2,1,0,0
2005,6,26,14,9,52,0,294.4,0,2,1,0,0
2005,6,26,15,9,52,0,310.6,0,2,1,0,0
2005,6,26,16,9,52,0,310.9,0,2,1,0,0
2005,6,26,17,9,52,0,294.8,0,2,1,0,0
2005,6,26,18,9,52,0,294.3,0,2,1,0,0
2005,6,26,19,9,52,0,324.2,0,2,1,0,0
2005,6,26,20,9,52,0,324.1,0,2,1,0,0
2005,6,26,21,9,52,0,297.9,0,2,1,0,0
2005,6,26,22,9,52,0,298,0,2,1,0,0
2005,6,26,23,9,52,0,298.8,0,2,1,0,0
2005,6,26,24,9,52,0,299.9,0,2,1,0,0
2005,6,26,1,9,53,0,27.6,0,2,1,0,0
2005,6,26,2,9,53,0,27.8,0,2,1,0,0
2005,6,26,3,9,53,0,27.8,0,2,1,0,0
2005,6,26,4,9,53,0,27.7,0,2,1,0,0
2005,6,26,5,9,53,0,27.7,0,2,1,0,0
2005,6,26,6,9,53,0,27.7,0,2,1,0,0
2005,6,26,7,9,53,0,27.8,0,2,1,0,0
2005,6,26,8,9,53,0,27.9,0,2,1,0,0
2005,6,26,9,9,53,0,28,0,2,1,0,0
2005,6,26,10,9,53,0,27.7,0,2,1,0,0
2005,6,26,11,9,53,0,27.4,0,2,1,0,0
2005,6,26,12,9,53,0,27.1,0,2,1,0,0
2005,6,26,13,9,53,0,26.9,0,2,1,0,0
2005,6,26,14,9,53,0,26.6,0,2,1,0,0
2005,6,26,15,9,53,0,26.5,0,2,1,0,0
2005,6,26,16,9,53,0,26.5,0,2,1,0,0
2005,6,26,17,9,53,0,26.7,0,2,1,0,0
2005,6,26,18,9,53,0,26.7,0,2,1,0,0
2005,6,26,19,9,53,0,26.9,0,2,1,0,0
2005,6,26,20,9,53,0,26.9,0,2,1,0,0
2005,6,26,21,9,53,0,26.8,0,2,1,0,0
2005,6,26,22,9,53,0,27.1,0,2,1,0,0
2005,6,26,23,9,53,0,27.2,0,2,1,0,0
2005,6,26,24,9,53,0,27.3,0,2,1,0,0
2005,6,26,1,9,54,0,2.1,0,2,1,0,0
2005,6,26,2,9,54,0,2.1,0,2,1,0,0
2005,6,26,3,9,54,0,2.1,0,2,1,0,0
2005,6,26,4,9,54,0,2.1,0,2,1,0,0
2005,6,26,5,9,54,0,2.1,0,2,1,0,0
2005,6,26,6,9,54,0,2.1,0,2,1,0,0
2005,6,26,7,9,54,0,2.2,0,2,1,0,0
2005,6,26,8,9,54,0,2.2,0,2,1,0,0
2005,6,26,9,9,54,0,2.2,0,2,1,0,0
2005,6,26,10,9,54,0,2.2,0,2,1,0,0
2005,6,26,11,9,54,0,2.2,0,2,1,0,0
2005,6,26,12,9,54,0,2.2,0,2,1,0,0
2005,6,26,13,9,54,0,2.2,0,2,1,0,0
2005,6,26,14,9,54,0,2.2,0,2,1,0,0
2005,6,26,15,9,54,0,2.2,0,2,1,0,0
2005,6,26,16,9,54,0,2.2,0,2,1,0,0
2005,6,26,17,9,54,0,2.2,0,2,1,0,0
2005,6,26,18,9,54,0,2.2,0,2,1,0,0
2005,6,26,19,9,54,0,2.2,0,2,1,0,0
2005,6,26,20,9,54,0,2.2,0,2,1,0,0
2005,6,26,21,9,54,0,2.1,0,2,1,0,0
2005,6,26,22,9,54,0,2.1,0,2,1,0,0
2005,6,26,23,9,54,0,2.1,0,2,1,0,0
2005,6,26,24,9,54,0,2.1,0,2,1,0,0
2005,6,26,1,9,55,0,32,0,2,1,0,0
2005,6,26,1,9,55,180.3,30,0,2,0,0,180.3
2005,6,26,2,9,55,0,32,0,2,1,0,0
2005,6,26,2,9,55,180.3,30,0,2,0,0,180.3
2005,6,26,3,9,55,0,32,0,2,1,0,0
2005,6,26,3,9,55,180.3,30,0,2,0,0,180.3
2005,6,26,4,9,55,0,32,0,2,1,0,0
2005,6,26,4,9,55,180.3,30,0,2,0,0,180.3
2005,6,26,5,9,55,0,32,0,2,1,0,0
2005,6,26,5,9,55,180.3,30,0,2,0,0,180.3
2005,6,26,6,9,55,0,32,0,2,1,0,0
2005,6,26,6,9,55,180.3,30,0,2,0,0,180.3
2005,6,26,7,9,55,0,32,0,2,1,0,0
2005,6,26,7,9,55,180.3,30,0,2,0,0,180.3
2005,6,26,8,9,55,0,32,0,2,1,0,0
2005,6,26,8,9,55,180.3,30,0,2,0,0,180.3
2005,6,26,9,9,55,0,32,0,2,1,0,0
2005,6,26,9,9,55,180.3,30,0,2,0,0,180.3
2005,6,26,10,9,55,0,32,0,2,1,0,0
2005,6,26,10,9,55,180.3,30,0,2,0,0,180.3
2005,6,26,11,9,55,0,32,0,2,1,0,0
2005,6,26,11,9,55,180.3,30,0,2,0,0,180.3
2005,6,26,12,9,55,0,32,0,2,1,0,0
2005,6,26,12,9,55,180.3,30,0,2,0,0,180.3
2005,6,26,13,9,55,0,32,0,2,1,0,0
2005,6,26,13,9,55,180.3,30,0,2,0,0,180.3
2005,6,26,14,9,55,0,32,0,2,1,0,0
2005,6,26,14,9,55,180.3,30,0,2,0,0,180.3
2005,6,26,15,9,55,0,32,0,2,1,0,0
2005,6,26,15,9,55,180.3,30,0,2,0,0,180.3
2005,6,26,16,9,55,0,32,0,2,1,0,0
2005,6,26,16,9,55,180.3,30,0,2,0,0,180.3
2005,6,26,17,9,55,0,32,0,2,1,0,0
2005,6,26,17,9,55,180.3,30,0,2,0,0,180.3
2005,6,26,18,9,55,0,32,0,2,1,0,0
2005,6,26,18,9,55,180.3,30,0,2,0,0,180.3
2005,6,26,19,9,55,0,32,0,2,1,0,0
2005,6,26,19,9,55,180.3,30,0,2,0,0,180.3
2005,6,26,20,9,55,0,32,0,2,1,0,0
2005,6,26,20,9,55,180.3,30,0,2,0,0,180.3
2005,6,26,21,9,55,0,32,0,2,1,0,0
2005,6,26,21,9,55,180.3,30,0,2,0,0,180.3
2005,6,26,22,9,55,0,32,0,2,1,0,0
2005,6,26,22,9,55,180.3,30,0,2,0,0,180.3
2005,6,26,23,9,55,0,32,0,2,1,0,0
2005,6,26,23,9,55,180.3,30,0,2,0,0,180.3
2005,6,26,24,9,55,0,32,0,2,1,0,0
2005,6,26,24,9,55,180.3,30,0,2,0,0,180.3
2005,6,26,1,9,56,0,59,0,2,1,0,0
2005,6,26,2,9,56,0,59,0,2,1,0,0
2005,6,26,3,9,56,0,59,0,2,1,0,0
2005,6,26,4,9,56,0,59,0,2,1,0,0
2005,6,26,5,9,56,0,59,0,2,1,0,0
2005,6,26,6,9,56,0,59,0,2,1,0,0
2005,6,26,7,9,56,0,59,0,2,1,0,0
2005,6,26,8,9,56,0,58,0,2,1,0,0
2005,6,26,9,9,56,0,58,0,2,1,0,0
2005,6,26,10,9,56,0,58,0,2,1,0,0
2005,6,26,11,9,56,0,58,0,2,1,0,0
2005,6,26,12,9,56,0,58,0,2,1,0,0
2005,6,26,13,9,56,0,58,0,2,1,0,0
2005,6,26,14,9,56,0,58,0,2,1,0,0
2005,6,26,15,9,56,0,58,0,2,1,0,0
2005,6,26,16,9,56,0,58,0,2,1,0,0
2005,6,26,17,9,56,0,58,0,2,1,0,0
2005,6,26,18,9,56,0,58,0,2,1,0,0
2005,6,26,19,9,56,0,58,0,2,1,0,0
2005,6,26,20,9,56,0,58,0,2,1,0,0
2005,6,26,21,9,56,0,58,0,2,1,0,0
2005,6,26,22,9,56,0,58,0,2,1,0,0
2005,6,26,23,9,56,0,58,0,2,1,0,0
2005,6,26,24,9,56,0,58,0,2,1,0,0
2005,6,26,1,9,57,0,8.7,0,2,1,0,0
2005,6,26,2,9,57,0,8.7,0,2,1,0,0
2005,6,26,3,9,57,0,8.8,0,2,1,0,0
2005,6,26,4,9,57,0,8.9,0,2,1,0,0
2005,6,26,5,9,57,0,9,0,2,1,0,0
2005,6,26,6,9,57,0,9.1,0,2,1,0,0
2005,6,26,7,9,57,0,9.1,0,2,1,0,0
2005,6,26,8,9,57,0,9,0,2,1,0,0
2005,6,26,9,9,57,0,8.9,0,2,1,0,0
2005,6,26,10,9,57,0,8.8,0,2,1,0,0
2005,6,26,11,9,57,0,8.7,0,2,1,0,0
2005,6,26,12,9,57,0,8.3,0,2,1,0,0
2005,6,26,13,9,57,0,8.2,0,2,1,0,0
2005,6,26,14,9,57,0,8.1,0,2,1,0,0
2005,6,26,15,9,57,0,8,0,2,1,0,0
2005,6,26,16,9,57,0,8,0,2,1,0,0
2005,6,26,17,9,57,0,7.9,0,2,1,0,0
2005,6,26,18,9,57,0,8.3,0,2,1,0,0
2005,6,26,19,9,57,0,8.5,0,2,1,0,0
2005,6,26,20,9,57,0,8.4,0,2,1,0,0
2005,6,26,21,9,57,0,8.5,0,2,1,0,0
2005,6,26,22,9,57,0,8.8,0,2,1,0,0
2005,6,26,23,9,57,0,8.8,0,2,1,0,0
2005,6,26,24,9,57,0,8.8,0,2,1,0,0
2005,6,26,1,9,58,0,17.5,0,2,1,0,0
2005,6,26,2,9,58,0,17.5,0,2,1,0,0
2005,6,26,3,9,58,0,17.5,0,2,1,0,0
2005,6,26,4,9,58,0,17.5,0,2,1,0,0
2005,6,26,5,9,58,0,17.5,0,2,1,0,0
2005,6,26,6,9,58,0,17.5,0,2,1,0,0
2005,6,26,7,9,58,0,17.5,0,2,1,0,0
2005,6,26,8,9,58,0,17.5,0,2,1,0,0
2005,6,26,9,9,58,0,17.5,0,2,1,0,0
2005,6,26,10,9,58,0,17.5,0,2,1,0,0
2005,6,26,11,9,58,0,17.5,0,2,1,0,0
2005,6,26,12,9,58,0,17.5,0,2,1,0,0
2005,6,26,13,9,58,0,17.5,0,2,1,0,0
2005,6,26,14,9,58,0,17.5,0,2,1,0,0
2005,6,26,15,9,58,0,17.5,0,2,1,0,0
2005,6,26,16,9,58,0,17.5,0,2,1,0,0
2005,6,26,17,9,58,0,17.5,0,2,1,0,0
2005,6,26,18,9,58,0,17.5,0,2,1,0,0
2005,6,26,19,9,58,0,17.5,0,2,1,0,0
2005,6,26,20,9,58,0,17.5,0,2,1,0,0
2005,6,26,21,9,58,0,17.5,0,2,1,0,0
2005,6,26,22,9,58,0,17.5,0,2,1,0,0
2005,6,26,23,9,58,0,17.5,0,2,1,0,0
2005,6,26,24,9,58,0,17.5,0,2,1,0,0
2005,6,26,1,9,59,0,90,0,2,1,0,0
2005,6,26,1,9,59,180.3,3.6,0,2,0,0,180.3
2005,6,26,2,9,59,0,90,0,2,1,0,0
2005,6,26,2,9,59,180.3,3.6,0,2,0,0,180.3
2005,6,26,3,9,59,0,90,0,2,1,0,0
2005,6,26,3,9,59,180.3,3.6,0,2,0,0,180.3
2005,6,26,4,9,59,0,90,0,2,1,0,0
2005,6,26,4,9,59,180.3,3.6,0,2,0,0,180.3
2005,6,26,5,9,59,0,90,0,2,1,0,0
2005,6,26,5,9,59,180.3,3.6,0,2,0,0,180.3
2005,6,26,6,9,59,0,90,0,2,1,0,0
2005,6,26,6,9,59,180.3,3.6,0,2,0,0,180.3
2005,6,26,7,9,59,0,90,0,2,1,0,0
2005,6,26,7,9,59,180.3,3.6,0,2,0,0,180.3
2005,6,26,8,9,59,0,90,0,2,1,0,0
2005,6,26,8,9,59,180.3,3.6,0,2,0,0,180.3
2005,6,26,9,9,59,0,90,0,2,1,0,0
2005,6,26,9,9,59,180.3,3.6,0,2,0,0,180.3
2005,6,26,10,9,59,0,90,0,2,1,0,0
2005,6,26,10,9,59,180.3,3.6,0,2,0,0,180.3
2005,6,26,11,9,59,0,90,0,2,1,0,0
2005,6,26,11,9,59,180.3,3.6,0,2,0,0,180.3
2005,6,26,12,9,59,0,90,0,2,1,0,0
2005,6,26,12,9,59,180.3,3.6,0,2,0,0,180.3
2005,6,26,13,9,59,0,90,0,2,1,0,0
2005,6,26,13,9,59,180.3,3.6,0,2,0,0,180.3
2005,6,26,14,9,59,0,90,0,2,1,0,0
2005,6,26,14,9,59,180.3,3.6,0,2,0,0,180.3
2005,6,26,15,9,59,0,90,0,2,1,0,0
2005,6,26,15,9,59,180.3,3.6,0,2,0,0,180.3
2005,6,26,16,9,59,0,90,0,2,1,0,0
2005,6,26,16,9,59,180.3,3.6,0,2,0,0,180.3
2005,6,26,17,9,59,0,90,0,2,1,0,0
2005,6,26,17,9,59,180.3,3.6,0,2,0,0,180.3
2005,6,26,18,9,59,0,90,0,2,1,0,0
2005,6,26,18,9,59,180.3,3.6,0,2,0,0,180.3
2005,6,26,19,9,59,0,90,0,2,1,0,0
2005,6,26,19,9,59,180.3,3.6,0,2,0,0,180.3
2005,6,26,20,9,59,0,90,0,2,1,0,0
2005,6,26,20,9,59,180.3,3.6,0,2,0,0,180.3
2005,6,26,21,9,59,0,90,0,2,1,0,0
2005,6,26,21,9,59,180.3,3.6,0,2,0,0,180.3
2005,6,26,22,9,59,0,90,0,2,1,0,0
2005,6,26,22,9,59,180.3,3.6,0,2,0,0,180.3
2005,6,26,23,9,59,0,90,0,2,1,0,0
2005,6,26,23,9,59,180.3,3.6,0,2,0,0,180.3
2005,6,26,24,9,59,0,90,0,2,1,0,0
2005,6,26,24,9,59,180.3,3.6,0,2,0,0,180.3
2005,6,26,1,2,1033,86.65,40,.739024,2,0,0,86.016643
2005,6,26,1,2,1033,86.76,104,.739024,2,0,0,86.016643
2005,6,26,2,2,1033,86.65,40,.739024,2,0,0,86.016643
2005,6,26,2,2,1033,86.76,104,.739024,2,0,0,86.016643
2005,6,26,3,2,1033,86.65,40,.739024,2,0,0,86.016643
2005,6,26,3,2,1033,86.76,104,.739024,2,0,0,86.016643
2005,6,26,4,2,1033,86.65,40,.739024,2,0,0,86.016643
2005,6,26,4,2,1033,86.76,104,.739024,2,0,0,86.016643
2005,6,26,5,2,1033,86.65,40,.739024,2,0,0,86.016643
2005,6,26,5,2,1033,86.76,104,.739024,2,0,0,86.016643
2005,6,26,6,2,1033,86.65,40,.739024,2,0,0,86.016643
2005,6,26,6,2,1033,86.76,104,.739024,2,0,0,86.016643
2005,6,26,7,2,1033,86.65,40,.739024,2,0,0,86.016643
2005,6,26,7,2,1033,86.76,104,.739024,2,0,0,86.016643
2005,6,26,8,2,1033,86.65,40,.739024,2,0,0,86.016643
2005,6,26,8,2,1033,86.76,104,.739024,2,0,0,86.016643
2005,6,26,9,2,1033,86.65,40,.739024,2,0,0,86.016643
2005,6,26,9,2,1033,86.76,104,.739024,2,0,0,86.016643
2005,6,26,10,2,1033,86.65,40,.739024,2,0,0,86.016643
2005,6,26,10,2,1033,86.76,104,.739024,2,0,0,86.016643
2005,6,26,11,2,1033,86.65,40,.739024,2,0,0,86.016643
2005,6,26,11,2,1033,86.76,104,.739024,2,0,0,86.016643
2005,6,26,12,2,1033,86.65,40,.739024,2,0,0,86.016643
2005,6,26,12,2,1033,86.76,104,.739024,2,0,0,86.016643
2005,6,26,13,2,1033,86.65,40,.739024,2,0,0,86.016643
2005,6,26,13,2,1033,86.76,104,.739024,2,0,0,86.016643
2005,6,26,14,2,1033,86.65,40,.739024,2,0,0,86.016643
2005,6,26,14,2,1033,86.76,104,.739024,2,0,0,86.016643
2005,6,26,15,2,1033,86.65,40,.739024,2,0,0,86.016643
2005,6,26,15,2,1033,86.76,104,.739024,2,0,0,86.016643
2005,6,26,16,2,1033,86.65,40,.739024,2,0,0,86.016643
2005,6,26,16,2,1033,86.76,104,.739024,2,0,0,86.016643
2005,6,26,17,2,1033,86.65,40,.739024,2,0,0,86.016643
2005,6,26,17,2,1033,86.76,104,.739024,2,0,0,86.016643
2005,6,26,18,2,1033,86.65,40,.739024,2,0,0,86.016643
2005,6,26,18,2,1033,86.76,104,.739024,2,0,0,86.016643
2005,6,26,19,2,1033,86.65,40,.739024,2,0,0,86.016643
2005,6,26,19,2,1033,86.76,104,.739024,2,0,0,86.016643
2005,6,26,20,2,1033,86.65,40,.739024,2,0,0,86.016643
2005,6,26,20,2,1033,86.76,104,.739024,2,0,0,86.016643
2005,6,26,21,2,1033,86.65,40,.739024,2,0,0,86.016643
2005,6,26,21,2,1033,86.76,104,.739024,2,0,0,86.016643
2005,6,26,22,2,1033,86.65,40,.739024,2,0,0,86.016643
2005,6,26,22,2,1033,86.76,104,.739024,2,0,0,86.016643
2005,6,26,23,2,1033,86.65,40,.739024,2,0,0,86.016643
2005,6,26,23,2,1033,86.76,104,.739024,2,0,0,86.016643
2005,6,26,24,2,1033,86.65,40,.739024,2,0,0,86.016643
2005,6,26,24,2,1033,86.76,104,.739024,2,0,0,86.016643
2005,6,26,1,2,1036,0,179,.93876,2,1,0,0
2005,6,26,1,2,1036,43.82,133.2,.93876,2,1,0,42.968221
2005,6,26,1,2,1036,151.02,21.1,.93876,2,0,0,151.02
2005,6,26,2,2,1036,0,179,.93876,2,1,0,0
2005,6,26,2,2,1036,43.82,141,.93876,2,0,0,42.968221
2005,6,26,2,2,1036,151.02,21.1,.93876,2,0,0,151.02
2005,6,26,3,2,1036,0,179,.93876,2,1,0,0
2005,6,26,3,2,1036,43.82,141,.93876,2,0,0,42.968221
2005,6,26,3,2,1036,151.02,21.1,.93876,2,0,0,151.02
2005,6,26,4,2,1036,0,179,.93876,2,1,0,0
2005,6,26,4,2,1036,43.82,141,.93876,2,0,0,42.968221
2005,6,26,4,2,1036,151.02,21.1,.93876,2,0,0,151.02
2005,6,26,5,2,1036,0,179,.93876,2,1,0,0
2005,6,26,5,2,1036,43.82,141,.93876,2,0,0,42.968221
2005,6,26,5,2,1036,151.02,21.1,.93876,2,0,0,151.02
2005,6,26,6,2,1036,0,179,.93876,2,1,0,0
2005,6,26,6,2,1036,43.82,141,.93876,2,0,0,42.968221
2005,6,26,6,2,1036,151.02,21.1,.93876,2,0,0,151.02
2005,6,26,7,2,1036,0,179,.93876,2,1,0,0
2005,6,26,7,2,1036,43.82,141,.93876,2,0,0,42.968221
2005,6,26,7,2,1036,151.02,21.1,.93876,2,0,0,151.02
2005,6,26,8,2,1036,0,179,.93876,2,1,0,0
2005,6,26,8,2,1036,43.82,141,.93876,2,0,0,42.968221
2005,6,26,8,2,1036,151.02,21.1,.93876,2,0,0,151.02
2005,6,26,9,2,1036,0,179,.93876,2,1,0,0
2005,6,26,9,2,1036,43.82,141,.93876,2,0,0,42.968221
2005,6,26,9,2,1036,151.02,21.1,.93876,2,0,0,151.02
2005,6,26,10,2,1036,0,179,.93876,2,1,0,0
2005,6,26,10,2,1036,43.15,20.1,.93876,2,0,0,42.968221
2005,6,26,10,2,1036,43.42,20.1,.93876,2,0,0,42.968221
2005,6,26,10,2,1036,43.69,20.1,.93876,2,0,0,42.968221
2005,6,26,10,2,1036,43.85,80.7,.93876,2,0,0,42.968221
2005,6,26,10,2,1036,151.05,21.1,.93876,2,0,0,151.05
2005,6,26,11,2,1036,0,179,.93876,2,1,0,0
2005,6,26,11,2,1036,42.43,20.1,.93876,2,0,0,42.968221
2005,6,26,11,2,1036,42.7,20.1,.93876,2,0,0,42.968221
2005,6,26,11,2,1036,42.96,20.1,.93876,2,0,0,42.968221
2005,6,26,11,2,1036,43.23,20.1,.93876,2,0,0,42.968221
2005,6,26,11,2,1036,43.5,20.1,.93876,2,0,0,42.968221
2005,6,26,11,2,1036,43.77,20.1,.93876,2,0,0,42.968221
2005,6,26,11,2,1036,43.88,20.4,.93876,2,0,0,42.968221
2005,6,26,11,2,1036,151.08,21.1,.93876,2,0,0,151.08
2005,6,26,12,2,1036,0,179,.93876,2,1,0,0
2005,6,26,12,2,1036,42.18,20.1,.93876,2,0,0,42.968221
2005,6,26,12,2,1036,42.44,20.1,.93876,2,0,0,42.968221
2005,6,26,12,2,1036,42.71,20.1,.93876,2,0,0,42.968221
2005,6,26,12,2,1036,42.97,20.1,.93876,2,0,0,42.968221
2005,6,26,12,2,1036,43.23,20.1,.93876,2,0,0,42.968221
2005,6,26,12,2,1036,43.5,20.1,.93876,2,0,0,42.968221
2005,6,26,12,2,1036,43.77,20.4,.93876,2,0,0,42.968221
2005,6,26,12,2,1036,151.08,21.1,.93876,2,0,0,151.08
2005,6,26,13,2,1036,0,179,.93876,2,1,0,0
2005,6,26,13,2,1036,43.37,20.1,.93876,2,0,0,42.968221
2005,6,26,13,2,1036,43.64,20.1,.93876,2,0,0,42.968221
2005,6,26,13,2,1036,43.84,100.8,.93876,2,0,0,42.968221
2005,6,26,13,2,1036,151.04,21.1,.93876,2,0,0,151.04
2005,6,26,14,2,1036,0,179,.93876,2,1,0,0
2005,6,26,14,2,1036,43.82,141,.93876,2,1,0,42.968221
2005,6,26,14,2,1036,151.02,21.1,.93876,2,0,0,151.02
2005,6,26,15,2,1036,0,179,.93876,2,1,0,0
2005,6,26,15,2,1036,43.56,20.1,.93876,2,1,0,42.968221
2005,6,26,15,2,1036,43.83,20.1,.93876,2,1,0,42.968221
2005,6,26,15,2,1036,43.84,100.8,.93876,2,1,0,42.968221
2005,6,26,15,2,1036,151.04,21.1,.93876,2,0,0,151.04
2005,6,26,16,2,1036,0,179,.93876,2,1,0,0
2005,6,26,16,2,1036,42.42,20.1,.93876,2,1,0,42.968221
2005,6,26,16,2,1036,42.69,20.1,.93876,2,0,0,42.968221
2005,6,26,16,2,1036,42.95,20.1,.93876,2,0,0,42.968221
2005,6,26,16,2,1036,43.21,20.1,.93876,2,0,0,42.968221
2005,6,26,16,2,1036,43.48,20.1,.93876,2,0,0,42.968221
2005,6,26,16,2,1036,43.74,20.1,.93876,2,0,0,42.968221
2005,6,26,16,2,1036,43.88,20.4,.93876,2,0,0,42.968221
2005,6,26,16,2,1036,151.08,21.1,.93876,2,0,0,151.08
2005,6,26,17,2,1036,0,179,.93876,2,1,0,0
2005,6,26,17,2,1036,42.42,20.1,.93876,2,0,0,42.968221
2005,6,26,17,2,1036,42.68,20.1,.93876,2,0,0,42.968221
2005,6,26,17,2,1036,42.95,20.1,.93876,2,0,0,42.968221
2005,6,26,17,2,1036,43.21,20.1,.93876,2,0,0,42.968221
2005,6,26,17,2,1036,43.48,20.1,.93876,2,0,0,42.968221
2005,6,26,17,2,1036,43.74,20.1,.93876,2,0,0,42.968221
2005,6,26,17,2,1036,43.88,20.4,.93876,2,0,0,42.968221
2005,6,26,17,2,1036,151.08,21.1,.93876,2,0,0,151.08
2005,6,26,18,2,1036,0,179,.93876,2,1,0,0
2005,6,26,18,2,1036,41.44,20.1,.93876,2,0,0,42.968221
2005,6,26,18,2,1036,41.7,20.1,.93876,2,0,0,42.968221
2005,6,26,18,2,1036,41.96,20.1,.93876,2,0,0,42.968221
2005,6,26,18,2,1036,42.23,20.1,.93876,2,0,0,42.968221
2005,6,26,18,2,1036,42.49,20.1,.93876,2,0,0,42.968221
2005,6,26,18,2,1036,42.75,20.1,.93876,2,0,0,42.968221
2005,6,26,18,2,1036,43.02,20.4,.93876,2,0,0,42.968221
2005,6,26,18,2,1036,151.08,21.1,.93876,2,0,0,151.08
2005,6,26,19,2,1036,0,179,.93876,2,1,0,0
2005,6,26,19,2,1036,40.88,1.5,.93876,2,1,0,42.968221
2005,6,26,19,2,1036,41.14,20.1,.93876,2,0,0,42.968221
2005,6,26,19,2,1036,41.4,20.1,.93876,2,0,0,42.968221
2005,6,26,19,2,1036,41.66,20.1,.93876,2,0,0,42.968221
2005,6,26,19,2,1036,41.92,20.1,.93876,2,0,0,42.968221
2005,6,26,19,2,1036,42.18,20.1,.93876,2,0,0,42.968221
2005,6,26,19,2,1036,42.44,20.4,.93876,2,0,0,42.968221
2005,6,26,19,2,1036,151.08,21.1,.93876,2,0,0,151.08
2005,6,26,20,2,1036,0,179,.93876,2,1,0,0
2005,6,26,20,2,1036,39.95,20.1,.93876,2,0,0,42.968221
2005,6,26,20,2,1036,40.21,20.1,.93876,2,0,0,42.968221
2005,6,26,20,2,1036,40.46,20.1,.93876,2,0,0,42.968221
2005,6,26,20,2,1036,40.72,20.1,.93876,2,0,0,42.968221
2005,6,26,20,2,1036,40.98,20.1,.93876,2,0,0,42.968221
2005,6,26,20,2,1036,41.23,20.1,.93876,2,0,0,42.968221
2005,6,26,20,2,1036,41.49,20.4,.93876,2,0,0,42.968221
2005,6,26,20,2,1036,151.08,21.1,.93876,2,0,0,151.08
2005,6,26,21,2,1036,0,179,.93876,2,1,0,0
2005,6,26,21,2,1036,38.85,20.1,.93876,2,1,0,42.968221
2005,6,26,21,2,1036,39.1,20.1,.93876,2,1,0,42.968221
2005,6,26,21,2,1036,39.36,20.1,.93876,2,1,0,42.968221
2005,6,26,21,2,1036,39.61,20.1,.93876,2,1,0,42.968221
2005,6,26,21,2,1036,39.87,20.1,.93876,2,1,0,42.968221
2005,6,26,21,2,1036,40.12,20.1,.93876,2,1,0,42.968221
2005,6,26,21,2,1036,40.38,20.4,.93876,2,1,0,42.968221
2005,6,26,21,2,1036,151.08,21.1,.93876,2,0,0,151.08
2005,6,26,22,2,1036,0,179,.93876,2,1,0,0
2005,6,26,22,2,1036,37.13,20.1,.93876,2,1,0,42.968221
2005,6,26,22,2,1036,37.37,20.1,.93876,2,1,0,42.968221
2005,6,26,22,2,1036,37.62,20.1,.93876,2,1,0,42.968221
2005,6,26,22,2,1036,37.86,20.1,.93876,2,1,0,42.968221
2005,6,26,22,2,1036,38.11,20.1,.93876,2,1,0,42.968221
2005,6,26,22,2,1036,38.35,20.1,.93876,2,1,0,42.968221
2005,6,26,22,2,1036,38.6,20.4,.93876,2,1,0,42.968221
2005,6,26,22,2,1036,151.08,21.1,.93876,2,0,0,151.08
2005,6,26,23,2,1036,0,179,.93876,2,1,0,0
2005,6,26,23,2,1036,34.02,20.1,.93876,2,1,0,42.968221
2005,6,26,23,2,1036,34.25,20.1,.93876,2,1,0,42.968221
2005,6,26,23,2,1036,34.49,20.1,.93876,2,1,0,42.968221
2005,6,26,23,2,1036,34.72,20.1,.93876,2,1,0,42.968221
2005,6,26,23,2,1036,34.96,20.1,.93876,2,1,0,42.968221
2005,6,26,23,2,1036,35.19,20.1,.93876,2,1,0,42.968221
2005,6,26,23,2,1036,35.43,20.4,.93876,2,1,0,42.968221
2005,6,26,23,2,1036,151.08,21.1,.93876,2,0,0,151.08
2005,6,26,24,2,1036,0,179,.93876,2,1,0,0
2005,6,26,24,2,1036,39.21,20.1,.93876,2,1,0,42.968221
2005,6,26,24,2,1036,39.46,20.1,.93876,2,1,0,42.968221
2005,6,26,24,2,1036,39.7,20.1,.93876,2,1,0,42.968221
2005,6,26,24,2,1036,39.95,20.1,.93876,2,1,0,42.968221
2005,6,26,24,2,1036,40.2,20.1,.93876,2,1,0,42.968221
2005,6,26,24,2,1036,40.44,20.1,.93876,2,1,0,42.968221
2005,6,26,24,2,1036,40.69,20.4,.93876,2,1,0,42.968221
2005,6,26,24,2,1036,151.08,21.1,.93876,2,0,0,151.08
2005,6,26,1,2,1037,0,179,.93876,2,1,0,0
2005,6,26,1,2,1037,43.9,141,.93876,2,0,0,42.944623
2005,6,26,1,2,1037,151.02,20.6,.93876,2,0,0,151.02
2005,6,26,2,2,1037,0,179,.93876,2,1,0,0
2005,6,26,2,2,1037,43.9,141,.93876,2,0,0,42.944623
2005,6,26,2,2,1037,151.02,20.6,.93876,2,0,0,151.02
2005,6,26,3,2,1037,0,179,.93876,2,1,0,0
2005,6,26,3,2,1037,43.9,141,.93876,2,0,0,42.944623
2005,6,26,3,2,1037,151.02,20.6,.93876,2,0,0,151.02
2005,6,26,4,2,1037,0,179,.93876,2,1,0,0
2005,6,26,4,2,1037,43.9,141,.93876,2,0,0,42.944623
2005,6,26,4,2,1037,151.02,20.6,.93876,2,0,0,151.02
2005,6,26,5,2,1037,0,179,.93876,2,1,0,0
2005,6,26,5,2,1037,43.9,141,.93876,2,0,0,42.944623
2005,6,26,5,2,1037,151.02,20.6,.93876,2,0,0,151.02
2005,6,26,6,2,1037,0,179,.93876,2,1,0,0
2005,6,26,6,2,1037,43.9,141,.93876,2,0,0,42.944623
2005,6,26,6,2,1037,151.02,20.6,.93876,2,0,0,151.02
2005,6,26,7,2,1037,0,179,.93876,2,1,0,0
2005,6,26,7,2,1037,43.9,141,.93876,2,0,0,42.944623
2005,6,26,7,2,1037,151.02,20.6,.93876,2,0,0,151.02
2005,6,26,8,2,1037,0,179,.93876,2,1,0,0
2005,6,26,8,2,1037,43.9,141,.93876,2,0,0,42.944623
2005,6,26,8,2,1037,151.02,20.6,.93876,2,0,0,151.02
2005,6,26,9,2,1037,0,179,.93876,2,1,0,0
2005,6,26,9,2,1037,43.9,141,.93876,2,0,0,42.944623
2005,6,26,9,2,1037,151.02,20.6,.93876,2,0,0,151.02
2005,6,26,10,2,1037,0,179,.93876,2,1,0,0
2005,6,26,10,2,1037,41.29,20.1,.93876,2,0,0,42.944623
2005,6,26,10,2,1037,41.57,20.1,.93876,2,0,0,42.944623
2005,6,26,10,2,1037,41.84,20.1,.93876,2,0,0,42.944623
2005,6,26,10,2,1037,42.11,20.1,.93876,2,0,0,42.944623
2005,6,26,10,2,1037,42.39,20.1,.93876,2,0,0,42.944623
2005,6,26,10,2,1037,42.66,20.1,.93876,2,0,0,42.944623
2005,6,26,10,2,1037,42.94,20.4,.93876,2,0,0,42.944623
2005,6,26,10,2,1037,151.08,20.6,.93876,2,0,0,151.08
2005,6,26,11,2,1037,0,179,.93876,2,1,0,0
2005,6,26,11,2,1037,40.61,20.1,.93876,2,0,0,42.944623
2005,6,26,11,2,1037,40.88,20.1,.93876,2,0,0,42.944623
2005,6,26,11,2,1037,41.15,20.1,.93876,2,0,0,42.944623
2005,6,26,11,2,1037,41.42,20.1,.93876,2,0,0,42.944623
2005,6,26,11,2,1037,41.69,20.1,.93876,2,0,0,42.944623
2005,6,26,11,2,1037,41.96,20.1,.93876,2,0,0,42.944623
2005,6,26,11,2,1037,42.23,20.4,.93876,2,0,0,42.944623
2005,6,26,11,2,1037,151.08,20.6,.93876,2,0,0,151.08
2005,6,26,12,2,1037,0,179,.93876,2,1,0,0
2005,6,26,12,2,1037,40.39,20.1,.93876,2,1,0,42.944623
2005,6,26,12,2,1037,40.66,20.1,.93876,2,1,0,42.944623
2005,6,26,12,2,1037,40.92,20.1,.93876,2,1,0,42.944623
2005,6,26,12,2,1037,41.19,20.1,.93876,2,0,0,42.944623
2005,6,26,12,2,1037,41.45,20.1,.93876,2,0,0,42.944623
2005,6,26,12,2,1037,41.71,20.1,.93876,2,0,0,42.944623
2005,6,26,12,2,1037,41.98,20.4,.93876,2,0,0,42.944623
2005,6,26,12,2,1037,151.08,20.6,.93876,2,0,0,151.08
2005,6,26,13,2,1037,0,179,.93876,2,1,0,0
2005,6,26,13,2,1037,41.57,20.1,.93876,2,1,0,42.944623
2005,6,26,13,2,1037,41.84,20.1,.93876,2,1,0,42.944623
2005,6,26,13,2,1037,42.11,20.1,.93876,2,1,0,42.944623
2005,6,26,13,2,1037,42.37,20.1,.93876,2,1,0,42.944623
2005,6,26,13,2,1037,42.64,20.1,.93876,2,1,0,42.944623
2005,6,26,13,2,1037,42.9,20.1,.93876,2,1,0,42.944623
2005,6,26,13,2,1037,43.17,19.8,.93876,2,1,0,42.944623
2005,6,26,13,2,1037,151.08,20.6,.93876,2,0,0,151.08
2005,6,26,14,2,1037,0,179,.93876,2,1,0,0
2005,6,26,14,2,1037,42.46,20.1,.93876,2,1,0,42.944623
2005,6,26,14,2,1037,42.73,20.1,.93876,2,1,0,42.944623
2005,6,26,14,2,1037,42.99,20.1,.93876,2,1,0,42.944623
2005,6,26,14,2,1037,43.26,20.1,.93876,2,1,0,42.944623
2005,6,26,14,2,1037,43.52,20.1,.93876,2,1,0,42.944623
2005,6,26,14,2,1037,43.79,20.1,.93876,2,1,0,42.944623
2005,6,26,14,2,1037,43.96,20.4,.93876,2,1,0,42.944623
2005,6,26,14,2,1037,151.08,20.6,.93876,2,0,0,151.08
2005,6,26,15,2,1037,0,179,.93876,2,1,0,0
2005,6,26,15,2,1037,41.78,20.1,.93876,2,1,0,42.944623
2005,6,26,15,2,1037,42.05,20.1,.93876,2,1,0,42.944623
2005,6,26,15,2,1037,42.31,20.1,.93876,2,1,0,42.944623
2005,6,26,15,2,1037,42.58,20.1,.93876,2,1,0,42.944623
2005,6,26,15,2,1037,42.84,20.1,.93876,2,1,0,42.944623
2005,6,26,15,2,1037,43.1,20.1,.93876,2,1,0,42.944623
2005,6,26,15,2,1037,43.37,20.4,.93876,2,1,0,42.944623
2005,6,26,15,2,1037,151.08,20.6,.93876,2,0,0,151.08
2005,6,26,16,2,1037,0,179,.93876,2,1,0,0
2005,6,26,16,2,1037,40.64,20.1,.93876,2,1,0,42.944623
2005,6,26,16,2,1037,40.91,20.1,.93876,2,1,0,42.944623
2005,6,26,16,2,1037,41.17,20.1,.93876,2,1,0,42.944623
2005,6,26,16,2,1037,41.43,20.1,.93876,2,1,0,42.944623
2005,6,26,16,2,1037,41.7,20.1,.93876,2,1,0,42.944623
2005,6,26,16,2,1037,41.96,20.1,.93876,2,1,0,42.944623
2005,6,26,16,2,1037,42.23,20.4,.93876,2,1,0,42.944623
2005,6,26,16,2,1037,151.08,20.6,.93876,2,0,0,151.08
2005,6,26,17,2,1037,0,179,.93876,2,1,0,0
2005,6,26,17,2,1037,40.63,20.1,.93876,2,1,0,42.944623
2005,6,26,17,2,1037,40.89,20.1,.93876,2,1,0,42.944623
2005,6,26,17,2,1037,41.16,20.1,.93876,2,1,0,42.944623
2005,6,26,17,2,1037,41.42,20.1,.93876,2,1,0,42.944623
2005,6,26,17,2,1037,41.69,20.1,.93876,2,1,0,42.944623
2005,6,26,17,2,1037,41.95,20.1,.93876,2,1,0,42.944623
2005,6,26,17,2,1037,42.22,20.4,.93876,2,0,0,42.944623
2005,6,26,17,2,1037,151.08,20.6,.93876,2,0,0,151.08
2005,6,26,18,2,1037,0,179,.93876,2,1,0,0
2005,6,26,18,2,1037,39.67,20.1,.93876,2,1,0,42.944623
2005,6,26,18,2,1037,39.93,20.1,.93876,2,1,0,42.944623
2005,6,26,18,2,1037,40.2,20.1,.93876,2,1,0,42.944623
2005,6,26,18,2,1037,40.46,20.1,.93876,2,1,0,42.944623
2005,6,26,18,2,1037,40.72,20.1,.93876,2,1,0,42.944623
2005,6,26,18,2,1037,40.98,20.1,.93876,2,1,0,42.944623
2005,6,26,18,2,1037,41.25,20.4,.93876,2,0,0,42.944623
2005,6,26,18,2,1037,151.08,20.6,.93876,2,0,0,151.08
2005,6,26,19,2,1037,0,179,.93876,2,1,0,0
2005,6,26,19,2,1037,39.13,20.1,.93876,2,1,0,42.944623
2005,6,26,19,2,1037,39.39,20.1,.93876,2,1,0,42.944623
2005,6,26,19,2,1037,39.65,20.1,.93876,2,1,0,42.944623
2005,6,26,19,2,1037,39.91,20.1,.93876,2,1,0,42.944623
2005,6,26,19,2,1037,40.17,20.1,.93876,2,1,0,42.944623
2005,6,26,19,2,1037,40.43,20.1,.93876,2,1,0,42.944623
2005,6,26,19,2,1037,40.69,20.4,.93876,2,1,0,42.944623
2005,6,26,19,2,1037,151.08,20.6,.93876,2,0,0,151.08
2005,6,26,20,2,1037,0,179,.93876,2,1,0,0
2005,6,26,20,2,1037,38.22,20.1,.93876,2,1,0,42.944623
2005,6,26,20,2,1037,38.48,20.1,.93876,2,1,0,42.944623
2005,6,26,20,2,1037,38.73,20.1,.93876,2,1,0,42.944623
2005,6,26,20,2,1037,38.99,20.1,.93876,2,1,0,42.944623
2005,6,26,20,2,1037,39.25,20.1,.93876,2,1,0,42.944623
2005,6,26,20,2,1037,39.5,20.1,.93876,2,1,0,42.944623
2005,6,26,20,2,1037,39.76,20.4,.93876,2,0,0,42.944623
2005,6,26,20,2,1037,151.08,20.6,.93876,2,0,0,151.08
2005,6,26,21,2,1037,0,179,.93876,2,1,0,0
2005,6,26,21,2,1037,37.14,20.1,.93876,2,1,0,42.944623
2005,6,26,21,2,1037,37.39,20.1,.93876,2,1,0,42.944623
2005,6,26,21,2,1037,37.65,20.1,.93876,2,1,0,42.944623
2005,6,26,21,2,1037,37.9,20.1,.93876,2,1,0,42.944623
2005,6,26,21,2,1037,38.15,20.1,.93876,2,1,0,42.944623
2005,6,26,21,2,1037,38.41,20.1,.93876,2,1,0,42.944623
2005,6,26,21,2,1037,38.67,20.4,.93876,2,1,0,42.944623
2005,6,26,21,2,1037,151.08,20.6,.93876,2,0,0,151.08
2005,6,26,22,2,1037,0,179,.93876,2,1,0,0
2005,6,26,22,2,1037,35.47,20.1,.93876,2,1,0,42.944623
2005,6,26,22,2,1037,35.72,20.1,.93876,2,1,0,42.944623
2005,6,26,22,2,1037,35.96,20.1,.93876,2,1,0,42.944623
2005,6,26,22,2,1037,36.21,20.1,.93876,2,1,0,42.944623
2005,6,26,22,2,1037,36.46,20.1,.93876,2,1,0,42.944623
2005,6,26,22,2,1037,36.7,20.1,.93876,2,1,0,42.944623
2005,6,26,22,2,1037,36.95,20.4,.93876,2,1,0,42.944623
2005,6,26,22,2,1037,151.08,20.6,.93876,2,0,0,151.08
2005,6,26,23,2,1037,0,179,.93876,2,1,0,0
2005,6,26,23,2,1037,32.45,20.1,.93876,2,1,0,42.944623
2005,6,26,23,2,1037,32.69,20.1,.93876,2,1,0,42.944623
2005,6,26,23,2,1037,32.92,20.1,.93876,2,1,0,42.944623
2005,6,26,23,2,1037,33.15,20.1,.93876,2,1,0,42.944623
2005,6,26,23,2,1037,33.39,20.1,.93876,2,1,0,42.944623
2005,6,26,23,2,1037,33.62,20.1,.93876,2,1,0,42.944623
2005,6,26,23,2,1037,33.86,20.4,.93876,2,1,0,42.944623
2005,6,26,23,2,1037,151.08,20.6,.93876,2,0,0,151.08
2005,6,26,24,2,1037,0,179,.93876,2,1,0,0
2005,6,26,24,2,1037,37.55,20.1,.93876,2,1,0,42.944623
2005,6,26,24,2,1037,37.8,20.1,.93876,2,1,0,42.944623
2005,6,26,24,2,1037,38.04,20.1,.93876,2,1,0,42.944623
2005,6,26,24,2,1037,38.29,20.1,.93876,2,1,0,42.944623
2005,6,26,24,2,1037,38.54,20.1,.93876,2,1,0,42.944623
2005,6,26,24,2,1037,38.78,20.1,.93876,2,1,0,42.944623
2005,6,26,24,2,1037,39.03,20.4,.93876,2,1,0,42.944623
2005,6,26,24,2,1037,151.08,20.6,.93876,2,0,0,151.08
2005,6,26,1,7,63,30.55,31.3,0,2,1,0,30.55
2005,6,26,1,7,63,36.97,1.4,0,2,1,0,36.97
2005,6,26,1,7,63,50,.1,0,2,0,0,50
2005,6,26,2,7,63,30.55,31.3,0,2,1,0,30.55
2005,6,26,2,7,63,36.97,1.4,0,2,1,0,36.97
2005,6,26,2,7,63,50,.1,0,2,0,0,50
2005,6,26,3,7,63,30.55,31.3,0,2,1,0,30.55
2005,6,26,3,7,63,36.97,1.4,0,2,1,0,36.97
2005,6,26,3,7,63,50,.1,0,2,0,0,50
2005,6,26,4,7,63,30.55,31.3,0,2,1,0,30.55
2005,6,26,4,7,63,36.97,1.4,0,2,0,0,36.97
2005,6,26,4,7,63,50,.1,0,2,0,0,50
2005,6,26,5,7,63,30.55,31.3,0,2,1,0,30.55
2005,6,26,5,7,63,36.97,1.4,0,2,0,0,36.97
2005,6,26,5,7,63,50,.1,0,2,0,0,50
2005,6,26,6,7,63,30.55,31.3,0,2,1,0,30.55
2005,6,26,6,7,63,36.97,1.4,0,2,0,0,36.97
2005,6,26,6,7,63,50,.1,0,2,0,0,50
2005,6,26,7,7,63,30.55,31.3,0,2,1,0,30.55
2005,6,26,7,7,63,36.97,1.4,0,2,0,0,36.97
2005,6,26,7,7,63,50,.1,0,2,0,0,50
2005,6,26,8,7,63,30.55,31.3,0,2,1,0,30.55
2005,6,26,8,7,63,36.97,1.4,0,2,0,0,36.97
2005,6,26,8,7,63,50,.1,0,2,0,0,50
2005,6,26,9,7,63,27.62,31.3,0,2,1,0,27.62
2005,6,26,9,7,63,34.04,1.4,0,2,0,0,34.04
2005,6,26,9,7,63,50,.1,0,2,0,0,50
2005,6,26,10,7,63,30.55,31.3,0,2,1,0,30.55
2005,6,26,10,7,63,36.97,1.4,0,2,0,0,36.97
2005,6,26,10,7,63,50,.1,0,2,0,0,50
2005,6,26,11,7,63,30.55,31.2,0,2,1,0,30.55
2005,6,26,11,7,63,36.97,1.5,0,2,1,0,36.97
2005,6,26,11,7,63,50,.1,0,2,0,0,50
2005,6,26,12,7,63,30.55,31,0,2,1,0,30.55
2005,6,26,12,7,63,36.97,1.7,0,2,1,0,36.97
2005,6,26,12,7,63,50,.1,0,2,0,0,50
2005,6,26,13,7,63,30.55,30.9,0,2,1,0,30.55
2005,6,26,13,7,63,36.97,1.8,0,2,1,0,36.97
2005,6,26,13,7,63,50,.1,0,2,0,0,50
2005,6,26,14,7,63,27.62,30.9,0,2,1,0,27.62
2005,6,26,14,7,63,34.04,1.8,0,2,1,0,34.04
2005,6,26,14,7,63,50,.1,0,2,0,0,50
2005,6,26,15,7,63,27.62,30.8,0,2,1,0,27.62
2005,6,26,15,7,63,34.04,1.9,0,2,1,0,34.04
2005,6,26,15,7,63,50,.1,0,2,0,0,50
2005,6,26,16,7,63,27.62,30.8,0,2,1,0,27.62
2005,6,26,16,7,63,34.04,1.9,0,2,1,0,34.04
2005,6,26,16,7,63,50,.1,0,2,0,0,50
2005,6,26,17,7,63,27.62,30.8,0,2,1,0,27.62
2005,6,26,17,7,63,34.04,1.9,0,2,1,0,34.04
2005,6,26,17,7,63,50,.1,0,2,0,0,50
2005,6,26,18,7,63,27.62,30.8,0,2,1,0,27.62
2005,6,26,18,7,63,34.04,1.9,0,2,1,0,34.04
2005,6,26,18,7,63,50,.1,0,2,0,0,50
2005,6,26,19,7,63,27.62,30.8,0,2,1,0,27.62
2005,6,26,19,7,63,34.04,1.9,0,2,1,0,34.04
2005,6,26,19,7,63,50,.1,0,2,0,0,50
2005,6,26,20,7,63,27.62,30.9,0,2,1,0,27.62
2005,6,26,20,7,63,34.04,1.8,0,2,1,0,34.04
2005,6,26,20,7,63,50,.1,0,2,0,0,50
2005,6,26,21,7,63,27.62,31,0,2,1,0,27.62
2005,6,26,21,7,63,34.04,1.7,0,2,1,0,34.04
2005,6,26,21,7,63,50,.1,0,2,0,0,50
2005,6,26,22,7,63,27.62,31.1,0,2,1,0,27.62
2005,6,26,22,7,63,34.04,1.6,0,2,1,0,34.04
2005,6,26,22,7,63,50,.1,0,2,0,0,50
2005,6,26,23,7,63,27.62,31.2,0,2,1,0,27.62
2005,6,26,23,7,63,34.04,1.5,0,2,1,0,34.04
2005,6,26,23,7,63,50,.1,0,2,1,0,50
2005,6,26,24,7,63,27.62,31.2,0,2,1,0,27.62
2005,6,26,24,7,63,34.04,1.5,0,2,1,0,34.04
2005,6,26,24,7,63,50,.1,0,2,1,0,50
2005,6,26,1,9,64,0,4.5,0,2,1,0,0
2005,6,26,2,9,64,0,4.5,0,2,1,0,0
2005,6,26,3,9,64,0,3.1,0,2,1,0,0
2005,6,26,4,9,64,0,3.1,0,2,1,0,0
2005,6,26,5,9,64,0,3.2,0,2,1,0,0
2005,6,26,6,9,64,0,3.3,0,2,1,0,0
2005,6,26,7,9,64,0,3.7,0,2,1,0,0
2005,6,26,8,9,64,0,3.8,0,2,1,0,0
2005,6,26,9,9,64,0,3.8,0,2,1,0,0
2005,6,26,10,9,64,0,3.7,0,2,1,0,0
2005,6,26,11,9,64,0,3.7,0,2,1,0,0
2005,6,26,12,9,64,0,3.9,0,2,1,0,0
2005,6,26,13,9,64,0,4.1,0,2,1,0,0
2005,6,26,14,9,64,0,4,0,2,1,0,0
2005,6,26,15,9,64,0,3.9,0,2,1,0,0
2005,6,26,16,9,64,0,4,0,2,1,0,0
2005,6,26,17,9,64,0,4,0,2,1,0,0
2005,6,26,18,9,64,0,3.9,0,2,1,0,0
2005,6,26,19,9,64,0,4,0,2,1,0,0
2005,6,26,20,9,64,0,4,0,2,1,0,0
2005,6,26,21,9,64,0,3.8,0,2,1,0,0
2005,6,26,22,9,64,0,4.4,0,2,1,0,0
2005,6,26,23,9,64,0,4.3,0,2,1,0,0
2005,6,26,24,9,64,0,4.3,0,2,1,0,0
2005,6,26,1,6,1038,.01,72,.962627,2,1,0,.01
2005,6,26,1,6,1038,25.81,73,.962627,2,1,0,45.397714
2005,6,26,2,6,1038,.01,72,.962627,2,1,0,.01
2005,6,26,2,6,1038,25.81,73,.962627,2,1,0,45.397714
2005,6,26,3,6,1038,.01,72,.962627,2,1,0,.01
2005,6,26,3,6,1038,25.81,73,.962627,2,1,0,45.397714
2005,6,26,4,6,1038,.01,72,.962627,2,1,0,.01
2005,6,26,4,6,1038,25.81,73,.962627,2,1,0,45.397714
2005,6,26,5,6,1038,.01,72,.962627,2,1,0,.01
2005,6,26,5,6,1038,25.81,73,.962627,2,1,0,45.397714
2005,6,26,6,6,1038,.01,72,.962627,2,1,0,.01
2005,6,26,6,6,1038,25.81,73,.962627,2,1,0,45.397714
2005,6,26,7,6,1038,.01,72,.962627,2,1,0,.01
2005,6,26,7,6,1038,25.81,73,.962627,2,1,0,45.397714
2005,6,26,8,6,1038,.01,72,.962627,2,1,0,.01
2005,6,26,8,6,1038,25.81,38.6,.962627,2,1,0,45.397714
2005,6,26,8,6,1038,180.3,34.4,.962627,2,0,0,180.3
2005,6,26,9,6,1038,.01,72,.962627,2,1,0,.01
2005,6,26,9,6,1038,25.81,73,.962627,2,1,0,45.397714
2005,6,26,10,6,1038,.01,72,.962627,2,1,0,.01
2005,6,26,10,6,1038,25.81,73,.962627,2,1,0,45.397714
2005,6,26,11,6,1038,.01,72,.962627,2,1,0,.01
2005,6,26,11,6,1038,25.81,73,.962627,2,1,0,45.397714
2005,6,26,12,6,1038,.01,72,.962627,2,1,0,.01
2005,6,26,12,6,1038,25.81,73,.962627,2,1,0,45.397714
2005,6,26,13,6,1038,.01,72,.962627,2,1,0,.01
2005,6,26,13,6,1038,25.81,73,.962627,2,1,0,45.397714
2005,6,26,14,6,1038,.01,72,.962627,2,1,0,.01
2005,6,26,14,6,1038,25.81,73,.962627,2,1,0,45.397714
2005,6,26,15,6,1038,0,72,.962627,2,1,0,0
2005,6,26,15,6,1038,25.81,73,.962627,2,1,0,45.397714
2005,6,26,16,6,1038,0,72,.962627,2,1,0,0
2005,6,26,16,6,1038,25.81,73,.962627,2,1,0,45.397714
2005,6,26,17,6,1038,0,72,.962627,2,1,0,0
2005,6,26,17,6,1038,25.81,73,.962627,2,1,0,45.397714
2005,6,26,18,6,1038,0,72,.962627,2,1,0,0
2005,6,26,18,6,1038,25.81,73,.962627,2,1,0,45.397714
2005,6,26,19,6,1038,0,72,.962627,2,1,0,0
2005,6,26,19,6,1038,25.81,73,.962627,2,1,0,45.397714
2005,6,26,20,6,1038,0,72,.962627,2,1,0,0
2005,6,26,20,6,1038,25.81,73,.962627,2,1,0,45.397714
2005,6,26,21,6,1038,0,72,.962627,2,1,0,0
2005,6,26,21,6,1038,25.81,73,.962627,2,1,0,45.397714
2005,6,26,22,6,1038,0,72,.962627,2,1,0,0
2005,6,26,22,6,1038,25.81,73,.962627,2,1,0,45.397714
2005,6,26,23,6,1038,0,72,.962627,2,1,0,0
2005,6,26,23,6,1038,25.81,73,.962627,2,1,0,45.397714
2005,6,26,24,6,1038,0,72,.962627,2,1,0,0
2005,6,26,24,6,1038,25.81,73,.962627,2,1,0,45.397714
2005,6,26,1,9,66,0,17,0,2,1,0,0
2005,6,26,2,9,66,0,17,0,2,1,0,0
2005,6,26,3,9,66,0,17,0,2,1,0,0
2005,6,26,4,9,66,0,17,0,2,1,0,0
2005,6,26,5,9,66,0,17,0,2,1,0,0
2005,6,26,6,9,66,0,17,0,2,1,0,0
2005,6,26,7,9,66,0,17,0,2,1,0,0
2005,6,26,8,9,66,0,17,0,2,1,0,0
2005,6,26,9,9,66,0,17,0,2,1,0,0
2005,6,26,10,9,66,0,17,0,2,1,0,0
2005,6,26,11,9,66,0,17,0,2,1,0,0
2005,6,26,12,9,66,0,17,0,2,1,0,0
2005,6,26,13,9,66,0,17,0,2,1,0,0
2005,6,26,14,9,66,0,17,0,2,1,0,0
2005,6,26,15,9,66,0,17,0,2,1,0,0
2005,6,26,16,9,66,0,17,0,2,1,0,0
2005,6,26,17,9,66,0,17,0,2,1,0,0
2005,6,26,18,9,66,0,17,0,2,1,0,0
2005,6,26,19,9,66,0,17,0,2,1,0,0
2005,6,26,20,9,66,0,17,0,2,1,0,0
2005,6,26,21,9,66,0,17,0,2,1,0,0
2005,6,26,22,9,66,0,17,0,2,1,0,0
2005,6,26,23,9,66,0,17,0,2,1,0,0
2005,6,26,24,9,66,0,17,0,2,1,0,0
2005,6,26,1,3,1042,0,240,.359851,2,1,0,0
2005,6,26,1,3,1042,160,30,.359851,2,0,0,160
2005,6,26,1,3,1042,165,30,.359851,2,0,0,165
2005,6,26,1,3,1042,170,30,.359851,2,0,0,170
2005,6,26,1,3,1042,175,30,.359851,2,0,0,175
2005,6,26,1,3,1042,180.3,32.6,.359851,2,0,0,180.3
2005,6,26,2,3,1042,0,130,.359851,2,1,0,0
2005,6,26,2,3,1042,160,40,.359851,2,0,0,160
2005,6,26,2,3,1042,165,50,.359851,2,0,0,165
2005,6,26,2,3,1042,170,55,.359851,2,0,0,170
2005,6,26,2,3,1042,175,55,.359851,2,0,0,175
2005,6,26,2,3,1042,180.3,62.6,.359851,2,0,0,180.3
2005,6,26,3,3,1042,150,165,.359851,2,0,0,150
2005,6,26,3,3,1042,160,40,.359851,2,0,0,160
2005,6,26,3,3,1042,165,50,.359851,2,0,0,165
2005,6,26,3,3,1042,170,55,.359851,2,0,0,170
2005,6,26,3,3,1042,175,55,.359851,2,0,0,175
2005,6,26,3,3,1042,180.3,27.6,.359851,2,0,0,180.3
2005,6,26,4,3,1042,150,165,.359851,2,0,0,150
2005,6,26,4,3,1042,160,40,.359851,2,0,0,160
2005,6,26,4,3,1042,165,50,.359851,2,0,0,165
2005,6,26,4,3,1042,170,55,.359851,2,0,0,170
2005,6,26,4,3,1042,175,55,.359851,2,0,0,175
2005,6,26,4,3,1042,180.3,27.6,.359851,2,0,0,180.3
2005,6,26,5,3,1042,150,165,.359851,2,0,0,150
2005,6,26,5,3,1042,160,40,.359851,2,0,0,160
2005,6,26,5,3,1042,165,50,.359851,2,0,0,165
2005,6,26,5,3,1042,170,55,.359851,2,0,0,170
2005,6,26,5,3,1042,175,55,.359851,2,0,0,175
2005,6,26,5,3,1042,180.3,27.6,.359851,2,0,0,180.3
2005,6,26,6,3,1042,150,165,.359851,2,0,0,150
2005,6,26,6,3,1042,160,40,.359851,2,0,0,160
2005,6,26,6,3,1042,165,50,.359851,2,0,0,165
2005,6,26,6,3,1042,170,55,.359851,2,0,0,170
2005,6,26,6,3,1042,175,55,.359851,2,0,0,175
2005,6,26,6,3,1042,180.3,27.6,.359851,2,0,0,180.3
2005,6,26,7,3,1042,150,165,.359851,2,0,0,150
2005,6,26,7,3,1042,160,40,.359851,2,0,0,160
2005,6,26,7,3,1042,165,50,.359851,2,0,0,165
2005,6,26,7,3,1042,170,55,.359851,2,0,0,170
2005,6,26,7,3,1042,175,55,.359851,2,0,0,175
2005,6,26,7,3,1042,180.3,27.6,.359851,2,0,0,180.3
2005,6,26,8,3,1042,150,165,.359851,2,0,0,150
2005,6,26,8,3,1042,160,40,.359851,2,0,0,160
2005,6,26,8,3,1042,165,50,.359851,2,0,0,165
2005,6,26,8,3,1042,170,55,.359851,2,0,0,170
2005,6,26,8,3,1042,175,55,.359851,2,0,0,175
2005,6,26,8,3,1042,180.3,27.6,.359851,2,0,0,180.3
2005,6,26,9,3,1042,150,210,.359851,2,0,0,150
2005,6,26,9,3,1042,160,40,.359851,2,0,0,160
2005,6,26,9,3,1042,165,40,.359851,2,0,0,165
2005,6,26,9,3,1042,170,40,.359851,2,0,0,170
2005,6,26,9,3,1042,175,30,.359851,2,0,0,175
2005,6,26,9,3,1042,180.3,32.6,.359851,2,0,0,180.3
2005,6,26,10,3,1042,150,230,.359851,2,0,0,150
2005,6,26,10,3,1042,160,40,.359851,2,0,0,160
2005,6,26,10,3,1042,165,30,.359851,2,0,0,165
2005,6,26,10,3,1042,170,30,.359851,2,0,0,170
2005,6,26,10,3,1042,175,30,.359851,2,0,0,175
2005,6,26,10,3,1042,180.3,32.6,.359851,2,0,0,180.3
2005,6,26,11,3,1042,150,230,.359851,2,0,0,150
2005,6,26,11,3,1042,160,30,.359851,2,0,0,160
2005,6,26,11,3,1042,165,30,.359851,2,0,0,165
2005,6,26,11,3,1042,170,35,.359851,2,0,0,170
2005,6,26,11,3,1042,175,35,.359851,2,0,0,175
2005,6,26,11,3,1042,180.3,32.6,.359851,2,0,0,180.3
2005,6,26,12,3,1042,150,230,.359851,2,0,0,150
2005,6,26,12,3,1042,160,30,.359851,2,0,0,160
2005,6,26,12,3,1042,165,30,.359851,2,0,0,165
2005,6,26,12,3,1042,170,35,.359851,2,0,0,170
2005,6,26,12,3,1042,175,35,.359851,2,0,0,175
2005,6,26,12,3,1042,180.3,32.6,.359851,2,0,0,180.3
2005,6,26,13,3,1042,150,230,.359851,2,0,0,150
2005,6,26,13,3,1042,160,30,.359851,2,0,0,160
2005,6,26,13,3,1042,165,30,.359851,2,0,0,165
2005,6,26,13,3,1042,170,35,.359851,2,0,0,170
2005,6,26,13,3,1042,175,35,.359851,2,0,0,175
2005,6,26,13,3,1042,180.3,32.6,.359851,2,0,0,180.3
2005,6,26,14,3,1042,150,230,.359851,2,0,0,150
2005,6,26,14,3,1042,160,30,.359851,2,0,0,160
2005,6,26,14,3,1042,165,30,.359851,2,0,0,165
2005,6,26,14,3,1042,170,35,.359851,2,0,0,170
2005,6,26,14,3,1042,175,35,.359851,2,0,0,175
2005,6,26,14,3,1042,180.3,32.6,.359851,2,0,0,180.3
2005,6,26,15,3,1042,150,230,.359851,2,0,0,150
2005,6,26,15,3,1042,160,30,.359851,2,0,0,160
2005,6,26,15,3,1042,165,30,.359851,2,0,0,165
2005,6,26,15,3,1042,170,35,.359851,2,0,0,170
2005,6,26,15,3,1042,175,35,.359851,2,0,0,175
2005,6,26,15,3,1042,180.3,32.6,.359851,2,0,0,180.3
2005,6,26,16,3,1042,150,230,.359851,2,0,0,150
2005,6,26,16,3,1042,160,30,.359851,2,0,0,160
2005,6,26,16,3,1042,165,30,.359851,2,0,0,165
2005,6,26,16,3,1042,170,35,.359851,2,0,0,170
2005,6,26,16,3,1042,175,35,.359851,2,0,0,175
2005,6,26,16,3,1042,180.3,32.6,.359851,2,0,0,180.3
2005,6,26,17,3,1042,150,230,.359851,2,0,0,150
2005,6,26,17,3,1042,160,30,.359851,2,0,0,160
2005,6,26,17,3,1042,165,30,.359851,2,0,0,165
2005,6,26,17,3,1042,170,35,.359851,2,0,0,170
2005,6,26,17,3,1042,175,35,.359851,2,0,0,175
2005,6,26,17,3,1042,180.3,32.6,.359851,2,0,0,180.3
2005,6,26,18,3,1042,150,230,.359851,2,0,0,150
2005,6,26,18,3,1042,160,30,.359851,2,0,0,160
2005,6,26,18,3,1042,165,30,.359851,2,0,0,165
2005,6,26,18,3,1042,170,35,.359851,2,0,0,170
2005,6,26,18,3,1042,175,35,.359851,2,0,0,175
2005,6,26,18,3,1042,180.3,32.6,.359851,2,0,0,180.3
2005,6,26,19,3,1042,150,230,.359851,2,0,0,150
2005,6,26,19,3,1042,160,30,.359851,2,0,0,160
2005,6,26,19,3,1042,165,30,.359851,2,0,0,165
2005,6,26,19,3,1042,170,35,.359851,2,0,0,170
2005,6,26,19,3,1042,175,35,.359851,2,0,0,175
2005,6,26,19,3,1042,180.3,32.6,.359851,2,0,0,180.3
2005,6,26,20,3,1042,150,230,.359851,2,0,0,150
2005,6,26,20,3,1042,160,30,.359851,2,0,0,160
2005,6,26,20,3,1042,165,30,.359851,2,0,0,165
2005,6,26,20,3,1042,170,35,.359851,2,0,0,170
2005,6,26,20,3,1042,175,35,.359851,2,0,0,175
2005,6,26,20,3,1042,180.3,32.6,.359851,2,0,0,180.3
2005,6,26,21,3,1042,150,230,.359851,2,0,0,150
2005,6,26,21,3,1042,160,30,.359851,2,0,0,160
2005,6,26,21,3,1042,165,30,.359851,2,0,0,165
2005,6,26,21,3,1042,170,35,.359851,2,0,0,170
2005,6,26,21,3,1042,175,35,.359851,2,0,0,175
2005,6,26,21,3,1042,180.3,32.6,.359851,2,0,0,180.3
2005,6,26,22,3,1042,150,230,.359851,2,0,0,150
2005,6,26,22,3,1042,160,30,.359851,2,0,0,160
2005,6,26,22,3,1042,165,30,.359851,2,0,0,165
2005,6,26,22,3,1042,170,35,.359851,2,0,0,170
2005,6,26,22,3,1042,175,35,.359851,2,0,0,175
2005,6,26,22,3,1042,180.3,32.6,.359851,2,0,0,180.3
2005,6,26,23,3,1042,150,230,.359851,2,0,0,150
2005,6,26,23,3,1042,160,30,.359851,2,0,0,160
2005,6,26,23,3,1042,165,30,.359851,2,0,0,165
2005,6,26,23,3,1042,170,35,.359851,2,0,0,170
2005,6,26,23,3,1042,175,35,.359851,2,0,0,175
2005,6,26,23,3,1042,180.3,32.6,.359851,2,0,0,180.3
2005,6,26,24,3,1042,150,230,.359851,2,0,0,150
2005,6,26,24,3,1042,160,30,.359851,2,0,0,160
2005,6,26,24,3,1042,165,30,.359851,2,0,0,165
2005,6,26,24,3,1042,170,35,.359851,2,0,0,170
2005,6,26,24,3,1042,175,35,.359851,2,0,0,175
2005,6,26,24,3,1042,180.3,32.6,.359851,2,0,0,180.3
2005,6,26,1,9,1043,19,230,.359851,2,1,0,43.468783
2005,6,26,1,9,1043,35.78,50,.359851,2,1,0,43.468783
2005,6,26,1,9,1043,37.38,50,.359851,2,1,0,43.468783
2005,6,26,1,9,1043,38.98,48.9,.359851,2,1,0,43.468783
2005,6,26,2,9,1043,19,230,.359851,2,1,0,43.468783
2005,6,26,2,9,1043,35.78,50,.359851,2,1,0,43.468783
2005,6,26,2,9,1043,37.38,50,.359851,2,1,0,43.468783
2005,6,26,2,9,1043,38.98,48.9,.359851,2,1,0,43.468783
2005,6,26,3,9,1043,19,230,.359851,2,1,0,43.468783
2005,6,26,3,9,1043,35.78,50,.359851,2,1,0,43.468783
2005,6,26,3,9,1043,37.38,50,.359851,2,1,0,43.468783
2005,6,26,3,9,1043,38.98,48.9,.359851,2,0,0,43.468783
2005,6,26,4,9,1043,19,230,.359851,2,1,0,43.468783
2005,6,26,4,9,1043,35.78,50,.359851,2,1,0,43.468783
2005,6,26,4,9,1043,37.38,50,.359851,2,0,0,43.468783
2005,6,26,4,9,1043,38.98,48.9,.359851,2,0,0,43.468783
2005,6,26,5,9,1043,19,230,.359851,2,1,0,43.468783
2005,6,26,5,9,1043,35.78,50,.359851,2,1,0,43.468783
2005,6,26,5,9,1043,37.38,50,.359851,2,0,0,43.468783
2005,6,26,5,9,1043,38.98,48.9,.359851,2,0,0,43.468783
2005,6,26,6,9,1043,19,230,.359851,2,1,0,43.468783
2005,6,26,6,9,1043,35.78,9.8,.359851,2,1,0,43.468783
2005,6,26,6,9,1043,37.38,50,.359851,2,0,0,43.468783
2005,6,26,6,9,1043,38.98,48.9,.359851,2,0,0,43.468783
2005,6,26,7,9,1043,19,230,.359851,2,1,0,43.468783
2005,6,26,7,9,1043,35.78,50,.359851,2,0,0,43.468783
2005,6,26,7,9,1043,37.38,50,.359851,2,0,0,43.468783
2005,6,26,7,9,1043,38.98,48.9,.359851,2,0,0,43.468783
2005,6,26,8,9,1043,19,230,.359851,2,1,0,43.468783
2005,6,26,8,9,1043,35.78,50,.359851,2,0,0,43.468783
2005,6,26,8,9,1043,37.38,50,.359851,2,0,0,43.468783
2005,6,26,8,9,1043,38.98,48.9,.359851,2,0,0,43.468783
2005,6,26,9,9,1043,19,230,.359851,2,1,0,43.468783
2005,6,26,9,9,1043,35.78,50,.359851,2,0,0,43.468783
2005,6,26,9,9,1043,37.38,50,.359851,2,0,0,43.468783
2005,6,26,9,9,1043,38.98,48.9,.359851,2,0,0,43.468783
2005,6,26,10,9,1043,19,230,.359851,2,1,0,43.468783
2005,6,26,10,9,1043,35.78,50,.359851,2,0,0,43.468783
2005,6,26,10,9,1043,37.38,50,.359851,2,0,0,43.468783
2005,6,26,10,9,1043,38.98,48.9,.359851,2,0,0,43.468783
2005,6,26,11,9,1043,19,230,.359851,2,1,0,43.468783
2005,6,26,11,9,1043,35.78,50,.359851,2,1,0,43.468783
2005,6,26,11,9,1043,37.38,50,.359851,2,1,0,43.468783
2005,6,26,11,9,1043,38.98,48.9,.359851,2,0,0,43.468783
2005,6,26,12,9,1043,19,230,.359851,2,1,0,43.468783
2005,6,26,12,9,1043,35.78,50,.359851,2,1,0,43.468783
2005,6,26,12,9,1043,37.38,50,.359851,2,1,0,43.468783
2005,6,26,12,9,1043,38.98,48.9,.359851,2,1,0,43.468783
2005,6,26,13,9,1043,19,230,.359851,2,1,0,43.468783
2005,6,26,13,9,1043,35.78,50,.359851,2,1,0,43.468783
2005,6,26,13,9,1043,37.38,50,.359851,2,1,0,43.468783
2005,6,26,13,9,1043,38.98,48.9,.359851,2,1,0,43.468783
2005,6,26,14,9,1043,19,230,.359851,2,1,0,43.468783
2005,6,26,14,9,1043,35.78,50,.359851,2,1,0,43.468783
2005,6,26,14,9,1043,37.38,50,.359851,2,1,0,43.468783
2005,6,26,14,9,1043,38.98,48.9,.359851,2,1,0,43.468783
2005,6,26,15,9,1043,19,230,.359851,2,1,0,43.468783
2005,6,26,15,9,1043,35.78,50,.359851,2,1,0,43.468783
2005,6,26,15,9,1043,37.38,50,.359851,2,1,0,43.468783
2005,6,26,15,9,1043,38.98,48.9,.359851,2,1,0,43.468783
2005,6,26,16,9,1043,19,230,.359851,2,1,0,43.468783
2005,6,26,16,9,1043,35.78,50,.359851,2,1,0,43.468783
2005,6,26,16,9,1043,37.38,50,.359851,2,1,0,43.468783
2005,6,26,16,9,1043,38.98,48.9,.359851,2,1,0,43.468783
2005,6,26,17,9,1043,19,230,.359851,2,1,0,43.468783
2005,6,26,17,9,1043,35.78,50,.359851,2,1,0,43.468783
2005,6,26,17,9,1043,37.38,50,.359851,2,1,0,43.468783
2005,6,26,17,9,1043,38.98,48.9,.359851,2,1,0,43.468783
2005,6,26,18,9,1043,19,230,.359851,2,1,0,43.468783
2005,6,26,18,9,1043,35.78,50,.359851,2,1,0,43.468783
2005,6,26,18,9,1043,37.38,50,.359851,2,1,0,43.468783
2005,6,26,18,9,1043,38.98,48.9,.359851,2,1,0,43.468783
2005,6,26,19,9,1043,19,230,.359851,2,1,0,43.468783
2005,6,26,19,9,1043,35.78,50,.359851,2,1,0,43.468783
2005,6,26,19,9,1043,37.38,50,.359851,2,1,0,43.468783
2005,6,26,19,9,1043,38.98,48.9,.359851,2,1,0,43.468783
2005,6,26,20,9,1043,19,230,.359851,2,1,0,43.468783
2005,6,26,20,9,1043,35.78,50,.359851,2,1,0,43.468783
2005,6,26,20,9,1043,37.38,50,.359851,2,1,0,43.468783
2005,6,26,20,9,1043,38.98,48.9,.359851,2,1,0,43.468783
2005,6,26,21,9,1043,19,230,.359851,2,1,0,43.468783
2005,6,26,21,9,1043,35.78,50,.359851,2,1,0,43.468783
2005,6,26,21,9,1043,37.38,50,.359851,2,1,0,43.468783
2005,6,26,21,9,1043,38.98,48.9,.359851,2,1,0,43.468783
2005,6,26,22,9,1043,19,230,.359851,2,1,0,43.468783
2005,6,26,22,9,1043,35.78,50,.359851,2,1,0,43.468783
2005,6,26,22,9,1043,37.38,50,.359851,2,1,0,43.468783
2005,6,26,22,9,1043,38.98,48.9,.359851,2,1,0,43.468783
2005,6,26,23,9,1043,19,230,.359851,2,1,0,43.468783
2005,6,26,23,9,1043,35.78,50,.359851,2,1,0,43.468783
2005,6,26,23,9,1043,37.38,50,.359851,2,1,0,43.468783
2005,6,26,23,9,1043,38.98,48.9,.359851,2,1,0,43.468783
2005,6,26,24,9,1043,19,230,.359851,2,1,0,43.468783
2005,6,26,24,9,1043,35.78,50,.359851,2,1,0,43.468783
2005,6,26,24,9,1043,37.38,50,.359851,2,1,0,43.468783
2005,6,26,24,9,1043,38.98,48.9,.359851,2,1,0,43.468783
2005,6,26,1,1,1046,171.66,532.4,.791988,2,0,0,171.66
2005,6,26,2,1,1046,171.66,532.4,.791988,2,0,0,171.66
2005,6,26,3,1,1046,171.66,532.4,.791988,2,0,0,171.66
2005,6,26,4,1,1046,171.66,532.4,.791988,2,0,0,171.66
2005,6,26,5,1,1046,171.66,532.4,.791988,2,0,0,171.66
2005,6,26,6,1,1046,171.66,532.4,.791988,2,0,0,171.66
2005,6,26,7,1,1046,171.66,532.4,.791988,2,0,0,171.66
2005,6,26,8,1,1046,171.66,532.4,.791988,2,0,0,171.66
2005,6,26,9,1,1046,171.66,532.4,.791988,2,0,0,171.66
2005,6,26,10,1,1046,171.66,532.4,.791988,2,0,0,171.66
2005,6,26,11,1,1046,171.66,532.4,.791988,2,0,0,171.66
2005,6,26,12,1,1046,171.66,532.4,.791988,2,0,0,171.66
2005,6,26,13,1,1046,171.66,532.4,.791988,2,0,0,171.66
2005,6,26,14,1,1046,171.66,532.4,.791988,2,0,0,171.66
2005,6,26,15,1,1046,171.66,532.4,.791988,2,0,0,171.66
2005,6,26,16,1,1046,171.66,532.4,.791988,2,0,0,171.66
2005,6,26,17,1,1046,171.66,532.4,.791988,2,0,0,171.66
2005,6,26,18,1,1046,171.66,532.4,.791988,2,0,0,171.66
2005,6,26,19,1,1046,171.66,532.4,.791988,2,0,0,171.66
2005,6,26,20,1,1046,171.66,532.4,.791988,2,0,0,171.66
2005,6,26,21,1,1046,171.66,532.4,.791988,2,0,0,171.66
2005,6,26,22,1,1046,171.66,532.4,.791988,2,0,0,171.66
2005,6,26,23,1,1046,171.66,532.4,.791988,2,0,0,171.66
2005,6,26,24,1,1046,171.66,532.4,.791988,2,0,0,171.66
2005,6,26,1,1,1047,0,225,.360098,2,1,0,0
2005,6,26,1,1,1047,35.81,50,.360098,2,1,0,41.120631
2005,6,26,1,1,1047,37.41,50,.360098,2,1,0,41.120631
2005,6,26,1,1,1047,39.01,35,.360098,2,1,0,41.120631
2005,6,26,1,1,1047,53.52,29.7,.360098,2,0,0,41.120631
2005,6,26,2,1,1047,0,225,.360098,2,1,0,0
2005,6,26,2,1,1047,35.81,50,.360098,2,1,0,41.120631
2005,6,26,2,1,1047,37.41,50,.360098,2,1,0,41.120631
2005,6,26,2,1,1047,39.01,35,.360098,2,1,0,41.120631
2005,6,26,2,1,1047,53.52,29.7,.360098,2,0,0,41.120631
2005,6,26,3,1,1047,0,225,.360098,2,1,0,0
2005,6,26,3,1,1047,35.81,50,.360098,2,1,0,41.120631
2005,6,26,3,1,1047,37.41,50,.360098,2,1,0,41.120631
2005,6,26,3,1,1047,39.01,35,.360098,2,0,0,41.120631
2005,6,26,3,1,1047,53.52,29.7,.360098,2,0,0,41.120631
2005,6,26,4,1,1047,0,225,.360098,2,1,0,0
2005,6,26,4,1,1047,35.81,50,.360098,2,1,0,41.120631
2005,6,26,4,1,1047,37.41,50,.360098,2,0,0,41.120631
2005,6,26,4,1,1047,39.01,35,.360098,2,0,0,41.120631
2005,6,26,4,1,1047,53.52,29.7,.360098,2,0,0,41.120631
2005,6,26,5,1,1047,0,225,.360098,2,1,0,0
2005,6,26,5,1,1047,35.81,50,.360098,2,1,0,41.120631
2005,6,26,5,1,1047,37.41,50,.360098,2,0,0,41.120631
2005,6,26,5,1,1047,39.01,35,.360098,2,0,0,41.120631
2005,6,26,5,1,1047,53.52,29.7,.360098,2,0,0,41.120631
2005,6,26,6,1,1047,0,225,.360098,2,1,0,0
2005,6,26,6,1,1047,35.81,50,.360098,2,0,0,41.120631
2005,6,26,6,1,1047,37.41,50,.360098,2,0,0,41.120631
2005,6,26,6,1,1047,39.01,35,.360098,2,0,0,41.120631
2005,6,26,6,1,1047,53.52,29.7,.360098,2,0,0,41.120631
2005,6,26,7,1,1047,0,225,.360098,2,1,0,0
2005,6,26,7,1,1047,35.81,50,.360098,2,0,0,41.120631
2005,6,26,7,1,1047,37.41,50,.360098,2,0,0,41.120631
2005,6,26,7,1,1047,39.01,35,.360098,2,0,0,41.120631
2005,6,26,7,1,1047,53.52,29.7,.360098,2,0,0,41.120631
2005,6,26,8,1,1047,0,225,.360098,2,1,0,0
2005,6,26,8,1,1047,35.81,50,.360098,2,0,0,41.120631
2005,6,26,8,1,1047,37.41,50,.360098,2,0,0,41.120631
2005,6,26,8,1,1047,39.01,35,.360098,2,0,0,41.120631
2005,6,26,8,1,1047,53.52,29.7,.360098,2,0,0,41.120631
2005,6,26,9,1,1047,0,225,.360098,2,1,0,0
2005,6,26,9,1,1047,35.81,50,.360098,2,0,0,41.120631
2005,6,26,9,1,1047,37.41,50,.360098,2,0,0,41.120631
2005,6,26,9,1,1047,39.01,35,.360098,2,0,0,41.120631
2005,6,26,9,1,1047,53.52,29.7,.360098,2,0,0,41.120631
2005,6,26,10,1,1047,0,225,.360098,2,1,0,0
2005,6,26,10,1,1047,35.81,50,.360098,2,0,0,41.120631
2005,6,26,10,1,1047,37.41,50,.360098,2,0,0,41.120631
2005,6,26,10,1,1047,39.01,35,.360098,2,0,0,41.120631
2005,6,26,10,1,1047,53.52,29.7,.360098,2,0,0,41.120631
2005,6,26,11,1,1047,0,225,.360098,2,1,0,0
2005,6,26,11,1,1047,35.81,50,.360098,2,1,0,41.120631
2005,6,26,11,1,1047,37.41,50,.360098,2,1,0,41.120631
2005,6,26,11,1,1047,39.01,35,.360098,2,0,0,41.120631
2005,6,26,11,1,1047,53.52,29.7,.360098,2,0,0,41.120631
2005,6,26,12,1,1047,0,225,.360098,2,1,0,0
2005,6,26,12,1,1047,35.81,50,.360098,2,1,0,41.120631
2005,6,26,12,1,1047,37.41,50,.360098,2,1,0,41.120631
2005,6,26,12,1,1047,39.01,35,.360098,2,1,0,41.120631
2005,6,26,12,1,1047,53.52,29.7,.360098,2,0,0,41.120631
2005,6,26,13,1,1047,0,225,.360098,2,1,0,0
2005,6,26,13,1,1047,35.81,50,.360098,2,1,0,41.120631
2005,6,26,13,1,1047,37.41,50,.360098,2,1,0,41.120631
2005,6,26,13,1,1047,39.01,35,.360098,2,1,0,41.120631
2005,6,26,13,1,1047,53.52,29.7,.360098,2,0,0,41.120631
2005,6,26,14,1,1047,0,225,.360098,2,1,0,0
2005,6,26,14,1,1047,35.81,50,.360098,2,1,0,41.120631
2005,6,26,14,1,1047,37.41,50,.360098,2,1,0,41.120631
2005,6,26,14,1,1047,39.01,35,.360098,2,1,0,41.120631
2005,6,26,14,1,1047,53.52,29.7,.360098,2,0,0,41.120631
2005,6,26,15,1,1047,0,225,.360098,2,1,0,0
2005,6,26,15,1,1047,35.81,50,.360098,2,1,0,41.120631
2005,6,26,15,1,1047,37.41,50,.360098,2,1,0,41.120631
2005,6,26,15,1,1047,39.01,35,.360098,2,1,0,41.120631
2005,6,26,15,1,1047,53.52,29.7,.360098,2,0,0,41.120631
2005,6,26,16,1,1047,0,225,.360098,2,1,0,0
2005,6,26,16,1,1047,35.81,50,.360098,2,1,0,41.120631
2005,6,26,16,1,1047,37.41,50,.360098,2,1,0,41.120631
2005,6,26,16,1,1047,39.01,35,.360098,2,1,0,41.120631
2005,6,26,16,1,1047,53.52,29.7,.360098,2,0,0,41.120631
2005,6,26,17,1,1047,0,225,.360098,2,1,0,0
2005,6,26,17,1,1047,35.81,50,.360098,2,1,0,41.120631
2005,6,26,17,1,1047,37.41,50,.360098,2,1,0,41.120631
2005,6,26,17,1,1047,39.01,35,.360098,2,1,0,41.120631
2005,6,26,17,1,1047,53.52,29.7,.360098,2,0,0,41.120631
2005,6,26,18,1,1047,0,225,.360098,2,1,0,0
2005,6,26,18,1,1047,35.81,50,.360098,2,1,0,41.120631
2005,6,26,18,1,1047,37.41,50,.360098,2,1,0,41.120631
2005,6,26,18,1,1047,39.01,35,.360098,2,1,0,41.120631
2005,6,26,18,1,1047,53.52,29.7,.360098,2,0,0,41.120631
2005,6,26,19,1,1047,0,225,.360098,2,1,0,0
2005,6,26,19,1,1047,35.81,50,.360098,2,1,0,41.120631
2005,6,26,19,1,1047,37.41,50,.360098,2,1,0,41.120631
2005,6,26,19,1,1047,39.01,35,.360098,2,1,0,41.120631
2005,6,26,19,1,1047,53.52,29.7,.360098,2,0,0,41.120631
2005,6,26,20,1,1047,0,225,.360098,2,1,0,0
2005,6,26,20,1,1047,35.81,50,.360098,2,1,0,41.120631
2005,6,26,20,1,1047,37.41,50,.360098,2,1,0,41.120631
2005,6,26,20,1,1047,39.01,35,.360098,2,1,0,41.120631
2005,6,26,20,1,1047,53.52,29.7,.360098,2,0,0,41.120631
2005,6,26,21,1,1047,0,225,.360098,2,1,0,0
2005,6,26,21,1,1047,35.81,50,.360098,2,1,0,41.120631
2005,6,26,21,1,1047,37.41,50,.360098,2,1,0,41.120631
2005,6,26,21,1,1047,39.01,35,.360098,2,1,0,41.120631
2005,6,26,21,1,1047,53.52,29.7,.360098,2,0,0,41.120631
2005,6,26,22,1,1047,0,225,.360098,2,1,0,0
2005,6,26,22,1,1047,35.81,50,.360098,2,1,0,41.120631
2005,6,26,22,1,1047,37.41,50,.360098,2,1,0,41.120631
2005,6,26,22,1,1047,39.01,35,.360098,2,1,0,41.120631
2005,6,26,22,1,1047,53.52,29.7,.360098,2,0,0,41.120631
2005,6,26,23,1,1047,0,225,.360098,2,1,0,0
2005,6,26,23,1,1047,35.81,50,.360098,2,1,0,41.120631
2005,6,26,23,1,1047,37.41,50,.360098,2,1,0,41.120631
2005,6,26,23,1,1047,39.01,35,.360098,2,1,0,41.120631
2005,6,26,23,1,1047,53.52,29.7,.360098,2,1,0,41.120631
2005,6,26,24,1,1047,0,225,.360098,2,1,0,0
2005,6,26,24,1,1047,35.81,50,.360098,2,1,0,41.120631
2005,6,26,24,1,1047,37.41,50,.360098,2,1,0,41.120631
2005,6,26,24,1,1047,39.01,35,.360098,2,1,0,41.120631
2005,6,26,24,1,1047,53.52,29.7,.360098,2,0,0,41.120631
2005,6,26,1,9,71,14.31,300,0,2,1,0,14.31
2005,6,26,2,9,71,14.31,288.8,0,2,1,0,14.31
2005,6,26,3,9,71,14.31,288.8,0,2,1,0,14.31
2005,6,26,4,9,71,14.31,219.8,0,2,1,0,14.31
2005,6,26,5,9,71,14.31,500,0,2,0,1,14.31
2005,6,26,6,9,71,14.31,500,0,2,0,1,14.31
2005,6,26,7,9,71,14.31,500,0,2,0,1,14.31
2005,6,26,8,9,71,14.31,500,0,2,0,1,14.31
2005,6,26,9,9,71,14.31,500,0,2,0,1,14.31
2005,6,26,10,9,71,14.31,500,0,2,0,1,14.31
2005,6,26,11,9,71,14.31,500,0,2,0,1,14.31
2005,6,26,12,9,71,14.31,500,0,2,0,1,14.31
2005,6,26,13,9,71,14.31,500,0,2,0,1,14.31
2005,6,26,14,9,71,14.31,500,0,2,0,1,14.31
2005,6,26,15,9,71,14.31,500,0,2,0,1,14.31
2005,6,26,16,9,71,14.31,500,0,2,0,1,14.31
2005,6,26,17,9,71,14.31,500,0,2,0,1,14.31
2005,6,26,18,9,71,14.31,500,0,2,0,1,14.31
2005,6,26,19,9,71,14.31,500,0,2,0,1,14.31
2005,6,26,20,9,71,14.31,500,0,2,0,1,14.31
2005,6,26,21,9,71,14.31,500,0,2,0,1,14.31
2005,6,26,22,9,71,14.31,500,0,2,0,1,14.31
2005,6,26,23,9,71,14.31,500,0,2,0,1,14.31
2005,6,26,24,9,71,14.31,500,0,2,0,1,14.31
2005,6,26,1,9,72,180.3,4.7,0,1,1,0,180.3
2005,6,26,2,9,72,180.3,4.4,0,1,1,0,180.3
2005,6,26,3,9,72,180.3,4.2,0,1,1,0,180.3
2005,6,26,4,9,72,180.3,4,0,1,1,0,180.3
2005,6,26,5,9,72,180.3,4,0,1,1,0,180.3
2005,6,26,6,9,72,180.3,4,0,1,1,0,180.3
2005,6,26,7,9,72,180.3,4.1,0,1,1,0,180.3
2005,6,26,8,9,72,180.3,4.2,0,1,1,0,180.3
2005,6,26,9,9,72,180.3,4.7,0,1,1,0,180.3
2005,6,26,10,9,72,180.3,5.4,0,1,1,0,180.3
2005,6,26,11,9,72,180.3,5.9,0,1,1,0,180.3
2005,6,26,12,9,72,180.3,6.1,0,1,1,0,180.3
2005,6,26,13,9,72,180.3,6.2,0,1,1,0,180.3
2005,6,26,14,9,72,180.3,5.9,0,1,1,0,180.3
2005,6,26,15,9,72,180.3,5.4,0,1,1,0,180.3
2005,6,26,16,9,72,180.3,5.5,0,1,1,0,180.3
2005,6,26,17,9,72,180.3,5.5,0,1,1,0,180.3
2005,6,26,18,9,72,180.3,5.7,0,1,1,0,180.3
2005,6,26,19,9,72,180.3,5.6,0,1,1,0,180.3
2005,6,26,20,9,72,180.3,5.5,0,1,1,0,180.3
2005,6,26,21,9,72,180.3,5.6,0,1,1,0,180.3
2005,6,26,22,9,72,180.3,5.5,0,1,1,0,180.3
2005,6,26,23,9,72,180.3,5.6,0,1,1,0,180.3
2005,6,26,24,9,72,180.3,5.4,0,1,1,0,180.3
2005,6,26,1,9,73,0,6.7,0,2,1,0,0
2005,6,26,2,9,73,0,5.7,0,2,1,0,0
2005,6,26,3,9,73,0,4.9,0,2,1,0,0
2005,6,26,4,9,73,0,4.2,0,2,1,0,0
2005,6,26,5,9,73,0,3.6,0,2,1,0,0
2005,6,26,6,9,73,0,3.2,0,2,1,0,0
2005,6,26,7,9,73,0,3.3,0,2,1,0,0
2005,6,26,8,9,73,0,3.9,0,2,1,0,0
2005,6,26,9,9,73,0,5,0,2,1,0,0
2005,6,26,10,9,73,0,6.7,0,2,1,0,0
2005,6,26,11,9,73,0,8.9,0,2,1,0,0
2005,6,26,12,9,73,0,14,0,2,1,0,0
2005,6,26,13,9,73,0,17,0,2,1,0,0
2005,6,26,14,9,73,0,19.9,0,2,1,0,0
2005,6,26,15,9,73,0,22.6,0,2,1,0,0
2005,6,26,16,9,73,0,26,0,2,1,0,0
2005,6,26,17,9,73,0,29,0,2,1,0,0
2005,6,26,18,9,73,0,32,0,2,1,0,0
2005,6,26,19,9,73,0,35,0,2,1,0,0
2005,6,26,20,9,73,0,38,0,2,1,0,0
2005,6,26,21,9,73,0,39,0,2,1,0,0
2005,6,26,22,9,73,0,38,0,2,1,0,0
2005,6,26,23,9,73,0,37,0,2,1,0,0
2005,6,26,24,9,73,0,37.2,0,2,1,0,0
2005,6,26,1,8,74,0,33.5,0,2,1,0,0
2005,6,26,2,8,74,0,33.9,0,2,1,0,0
2005,6,26,3,8,74,0,34,0,2,1,0,0
2005,6,26,4,8,74,0,33.3,0,2,1,0,0
2005,6,26,5,8,74,0,31.7,0,2,1,0,0
2005,6,26,6,8,74,0,29.3,0,2,1,0,0
2005,6,26,7,8,74,0,27,0,2,1,0,0
2005,6,26,8,8,74,0,25,0,2,1,0,0
2005,6,26,9,8,74,0,23.4,0,2,1,0,0
2005,6,26,10,8,74,0,22,0,2,1,0,0
2005,6,26,11,8,74,0,20.8,0,2,1,0,0
2005,6,26,12,8,74,0,19.9,0,2,1,0,0
2005,6,26,13,8,74,0,19.2,0,2,1,0,0
2005,6,26,14,8,74,0,18.9,0,2,1,0,0
2005,6,26,15,8,74,0,18.9,0,2,1,0,0
2005,6,26,16,8,74,0,19.3,0,2,1,0,0
2005,6,26,17,8,74,0,20,0,2,1,0,0
2005,6,26,18,8,74,0,21,0,2,1,0,0
2005,6,26,19,8,74,0,22.5,0,2,1,0,0
2005,6,26,20,8,74,0,24.5,0,2,1,0,0
2005,6,26,21,8,74,0,26.9,0,2,1,0,0
2005,6,26,22,8,74,0,29.8,0,2,1,0,0
2005,6,26,23,8,74,0,33.2,0,2,1,0,0
2005,6,26,24,8,74,0,37.1,0,2,1,0,0
2005,6,26,1,9,75,0,346.7,0,2,1,0,0
2005,6,26,2,9,75,0,351.5,0,2,1,0,0
2005,6,26,3,9,75,0,355.7,0,2,1,0,0
2005,6,26,4,9,75,0,353.1,0,2,1,0,0
2005,6,26,5,9,75,0,347.4,0,2,1,0,0
2005,6,26,6,9,75,0,338.1,0,2,1,0,0
2005,6,26,7,9,75,0,329.1,0,2,1,0,0
2005,6,26,8,9,75,0,325.5,0,2,1,0,0
2005,6,26,9,9,75,0,325.2,0,2,1,0,0
2005,6,26,10,9,75,0,321,0,2,1,0,0
2005,6,26,11,9,75,0,317.3,0,2,1,0,0
2005,6,26,12,9,75,0,314.1,0,2,1,0,0
2005,6,26,13,9,75,0,320,0,2,1,0,0
2005,6,26,14,9,75,0,335.6,0,2,1,0,0
2005,6,26,15,9,75,0,358.9,0,2,1,0,0
2005,6,26,16,9,75,0,393.7,0,2,1,0,0
2005,6,26,17,9,75,0,440.3,0,2,1,0,0
2005,6,26,18,9,75,0,495,0,2,1,0,0
2005,6,26,19,9,75,0,541.6,0,2,1,0,0
2005,6,26,20,9,75,0,575.1,0,2,1,0,0
2005,6,26,21,9,75,0,595.1,0,2,1,0,0
2005,6,26,22,9,75,0,605.7,0,2,1,0,0
2005,6,26,23,9,75,0,602.3,0,2,1,0,0
2005,6,26,24,9,75,0,588.2,0,2,1,0,0
2005,6,26,1,9,76,180.3,28.7,0,1,1,0,180.3
2005,6,26,2,9,76,180.3,28.1,0,1,1,0,180.3
2005,6,26,3,9,76,180.3,26.5,0,1,1,0,180.3
2005,6,26,4,9,76,180.3,25.8,0,1,1,0,180.3
2005,6,26,5,9,76,180.3,26.6,0,1,1,0,180.3
2005,6,26,6,9,76,180.3,27.3,0,1,1,0,180.3
2005,6,26,7,9,76,180.3,31.7,0,1,1,0,180.3
2005,6,26,8,9,76,180.3,31.1,0,1,1,0,180.3
2005,6,26,9,9,76,180.3,30.6,0,1,1,0,180.3
2005,6,26,10,9,76,180.3,29.9,0,1,1,0,180.3
2005,6,26,11,9,76,180.3,29.4,0,1,1,0,180.3
2005,6,26,12,9,76,180.3,30.1,0,1,1,0,180.3
2005,6,26,13,9,76,180.3,29.9,0,1,1,0,180.3
2005,6,26,14,9,76,180.3,29.8,0,1,1,0,180.3
2005,6,26,15,9,76,180.3,29.8,0,1,1,0,180.3
2005,6,26,16,9,76,180.3,29.6,0,1,1,0,180.3
2005,6,26,17,9,76,180.3,29.2,0,1,1,0,180.3
2005,6,26,18,9,76,180.3,29.5,0,1,1,0,180.3
2005,6,26,19,9,76,180.3,29.2,0,1,1,0,180.3
2005,6,26,20,9,76,180.3,28.1,0,1,1,0,180.3
2005,6,26,21,9,76,180.3,28.9,0,1,1,0,180.3
2005,6,26,22,9,76,180.3,30.9,0,1,1,0,180.3
2005,6,26,23,9,76,180.3,30.6,0,1,1,0,180.3
2005,6,26,24,9,76,180.3,30.8,0,1,1,0,180.3
2005,6,26,1,1,77,30.01,200,0,1,0,0,30.01
2005,6,26,1,1,77,32.35,138,0,1,0,0,32.35
2005,6,26,1,1,77,32.45,138,0,1,0,0,32.45
2005,6,26,1,1,77,32.65,138,0,1,0,0,32.65
2005,6,26,1,1,77,33.05,138,0,1,0,0,33.05
2005,6,26,2,1,77,30.01,200,0,1,0,0,30.01
2005,6,26,2,1,77,32.35,138,0,1,0,0,32.35
2005,6,26,2,1,77,32.45,138,0,1,0,0,32.45
2005,6,26,2,1,77,32.65,138,0,1,0,0,32.65
2005,6,26,2,1,77,33.05,138,0,1,0,0,33.05
2005,6,26,3,1,77,30.01,200,0,1,0,0,30.01
2005,6,26,3,1,77,32.35,138,0,1,0,0,32.35
2005,6,26,3,1,77,32.45,138,0,1,0,0,32.45
2005,6,26,3,1,77,32.65,138,0,1,0,0,32.65
2005,6,26,3,1,77,33.05,138,0,1,0,0,33.05
2005,6,26,4,1,77,30.01,200,0,1,0,0,30.01
2005,6,26,4,1,77,32.35,138,0,1,0,0,32.35
2005,6,26,4,1,77,32.45,138,0,1,0,0,32.45
2005,6,26,4,1,77,32.65,138,0,1,0,0,32.65
2005,6,26,4,1,77,33.05,138,0,1,0,0,33.05
2005,6,26,5,1,77,30.01,200,0,1,0,0,30.01
2005,6,26,5,1,77,32.35,138,0,1,0,0,32.35
2005,6,26,5,1,77,32.45,138,0,1,0,0,32.45
2005,6,26,5,1,77,32.65,138,0,1,0,0,32.65
2005,6,26,5,1,77,33.05,138,0,1,0,0,33.05
2005,6,26,6,1,77,30.01,200,0,1,0,0,30.01
2005,6,26,6,1,77,32.35,138,0,1,0,0,32.35
2005,6,26,6,1,77,32.45,138,0,1,0,0,32.45
2005,6,26,6,1,77,32.65,138,0,1,0,0,32.65
2005,6,26,6,1,77,33.05,138,0,1,0,0,33.05
2005,6,26,7,1,77,30.01,200,0,1,0,0,30.01
2005,6,26,7,1,77,32.35,138,0,1,0,0,32.35
2005,6,26,7,1,77,32.45,138,0,1,0,0,32.45
2005,6,26,7,1,77,32.65,138,0,1,0,0,32.65
2005,6,26,7,1,77,33.05,138,0,1,0,0,33.05
2005,6,26,8,1,77,30.01,200,0,1,0,0,30.01
2005,6,26,8,1,77,32.35,138,0,1,0,0,32.35
2005,6,26,8,1,77,32.45,138,0,1,0,0,32.45
2005,6,26,8,1,77,32.65,138,0,1,0,0,32.65
2005,6,26,8,1,77,33.05,138,0,1,1,0,33.05
2005,6,26,9,1,77,30.01,200,0,1,0,0,30.01
2005,6,26,9,1,77,32.35,138,0,1,0,0,32.35
2005,6,26,9,1,77,32.45,138,0,1,0,0,32.45
2005,6,26,9,1,77,32.65,138,0,1,0,0,32.65
2005,6,26,9,1,77,33.05,138,0,1,0,0,33.05
2005,6,26,10,1,77,30.01,200,0,1,0,0,30.01
2005,6,26,10,1,77,32.35,138,0,1,0,0,32.35
2005,6,26,10,1,77,32.45,138,0,1,0,0,32.45
2005,6,26,10,1,77,32.65,138,0,1,0,0,32.65
2005,6,26,10,1,77,33.05,138,0,1,0,0,33.05
2005,6,26,11,1,77,30.01,200,0,1,0,0,30.01
2005,6,26,11,1,77,32.35,138,0,1,0,0,32.35
2005,6,26,11,1,77,32.45,138,0,1,0,0,32.45
2005,6,26,11,1,77,32.65,138,0,1,0,0,32.65
2005,6,26,11,1,77,33.05,138,0,1,0,0,33.05
2005,6,26,12,1,77,30.01,200,0,1,0,0,30.01
2005,6,26,12,1,77,32.35,138,0,1,0,0,32.35
2005,6,26,12,1,77,32.45,138,0,1,0,0,32.45
2005,6,26,12,1,77,32.65,138,0,1,0,0,32.65
2005,6,26,12,1,77,33.05,138,0,1,0,0,33.05
2005,6,26,13,1,77,30.01,200,0,1,0,0,30.01
2005,6,26,13,1,77,32.35,138,0,1,0,0,32.35
2005,6,26,13,1,77,32.45,138,0,1,0,0,32.45
2005,6,26,13,1,77,32.65,138,0,1,0,0,32.65
2005,6,26,13,1,77,33.05,138,0,1,0,0,33.05
2005,6,26,14,1,77,30.01,200,0,1,0,0,30.01
2005,6,26,14,1,77,32.35,138,0,1,0,0,32.35
2005,6,26,14,1,77,32.45,138,0,1,0,0,32.45
2005,6,26,14,1,77,32.65,138,0,1,0,0,32.65
2005,6,26,14,1,77,33.05,138,0,1,0,0,33.05
2005,6,26,15,1,77,30.01,200,0,1,0,0,30.01
2005,6,26,15,1,77,32.35,138,0,1,0,0,32.35
2005,6,26,15,1,77,32.45,138,0,1,0,0,32.45
2005,6,26,15,1,77,32.65,138,0,1,0,0,32.65
2005,6,26,15,1,77,33.05,138,0,1,0,0,33.05
2005,6,26,16,1,77,30.01,200,0,1,0,0,30.01
2005,6,26,16,1,77,32.35,138,0,1,0,0,32.35
2005,6,26,16,1,77,32.45,138,0,1,0,0,32.45
2005,6,26,16,1,77,32.65,138,0,1,0,0,32.65
2005,6,26,16,1,77,33.05,138,0,1,0,0,33.05
2005,6,26,17,1,77,30.01,200,0,1,0,0,30.01
2005,6,26,17,1,77,32.35,138,0,1,0,0,32.35
2005,6,26,17,1,77,32.45,138,0,1,0,0,32.45
2005,6,26,17,1,77,32.65,138,0,1,0,0,32.65
2005,6,26,17,1,77,33.05,138,0,1,0,0,33.05
2005,6,26,18,1,77,30.01,200,0,1,0,0,30.01
2005,6,26,18,1,77,32.35,138,0,1,0,0,32.35
2005,6,26,18,1,77,32.45,138,0,1,0,0,32.45
2005,6,26,18,1,77,32.65,138,0,1,0,0,32.65
2005,6,26,18,1,77,33.05,138,0,1,0,0,33.05
2005,6,26,19,1,77,30.01,200,0,1,0,0,30.01
2005,6,26,19,1,77,32.35,138,0,1,0,0,32.35
2005,6,26,19,1,77,32.45,138,0,1,0,0,32.45
2005,6,26,19,1,77,32.65,138,0,1,0,0,32.65
2005,6,26,19,1,77,33.05,138,0,1,0,0,33.05
2005,6,26,20,1,77,30.01,200,0,1,0,0,30.01
2005,6,26,20,1,77,32.35,138,0,1,0,0,32.35
2005,6,26,20,1,77,32.45,138,0,1,0,0,32.45
2005,6,26,20,1,77,32.65,138,0,1,0,0,32.65
2005,6,26,20,1,77,33.05,138,0,1,0,0,33.05
2005,6,26,21,1,77,30.01,200,0,1,0,0,30.01
2005,6,26,21,1,77,32.35,138,0,1,0,0,32.35
2005,6,26,21,1,77,32.45,138,0,1,0,0,32.45
2005,6,26,21,1,77,32.65,138,0,1,0,0,32.65
2005,6,26,21,1,77,33.05,138,0,1,0,0,33.05
2005,6,26,22,1,77,30.01,200,0,1,0,0,30.01
2005,6,26,22,1,77,32.35,138,0,1,0,0,32.35
2005,6,26,22,1,77,32.45,138,0,1,0,0,32.45
2005,6,26,22,1,77,32.65,138,0,1,0,0,32.65
2005,6,26,22,1,77,33.05,138,0,1,0,0,33.05
2005,6,26,23,1,77,30.01,200,0,1,0,0,30.01
2005,6,26,23,1,77,32.35,138,0,1,0,0,32.35
2005,6,26,23,1,77,32.45,138,0,1,0,0,32.45
2005,6,26,23,1,77,32.65,138,0,1,0,0,32.65
2005,6,26,23,1,77,33.05,138,0,1,0,0,33.05
2005,6,26,24,1,77,30.01,200,0,1,0,0,30.01
2005,6,26,24,1,77,32.35,138,0,1,0,0,32.35
2005,6,26,24,1,77,32.45,138,0,1,0,0,32.45
2005,6,26,24,1,77,32.65,138,0,1,0,0,32.65
2005,6,26,24,1,77,33.05,138,0,1,0,0,33.05
2005,6,26,1,1,78,0,113.8,0,2,1,0,0
2005,6,26,1,1,78,85.09,53,0,2,0,0,85.09
2005,6,26,1,1,78,88.27,53,0,2,0,0,88.27
2005,6,26,1,1,78,91.45,53,0,2,0,0,91.45
2005,6,26,1,1,78,97.81,115,0,2,0,0,97.81
2005,6,26,1,1,78,100.99,115,0,2,0,0,100.99
2005,6,26,1,1,78,102.58,115,0,2,0,0,102.58
2005,6,26,1,1,78,104.17,115,0,2,0,0,104.17
2005,6,26,1,1,78,105.76,209,0,2,0,0,105.76
2005,6,26,1,1,78,123.65,55,0,2,0,0,123.65
2005,6,26,1,1,78,124.19,53,0,2,0,0,124.19
2005,6,26,1,1,78,127.04,1279.8,0,2,0,0,127.04
2005,6,26,2,1,78,0,73.8,0,2,1,0,0
2005,6,26,2,1,78,85.09,53,0,2,0,0,85.09
2005,6,26,2,1,78,88.27,53,0,2,0,0,88.27
2005,6,26,2,1,78,91.45,53,0,2,0,0,91.45
2005,6,26,2,1,78,97.81,115,0,2,0,0,97.81
2005,6,26,2,1,78,100.99,115,0,2,0,0,100.99
2005,6,26,2,1,78,102.58,115,0,2,0,0,102.58
2005,6,26,2,1,78,104.17,115,0,2,0,0,104.17
2005,6,26,2,1,78,105.76,209,0,2,0,0,105.76
2005,6,26,2,1,78,123.65,55,0,2,0,0,123.65
2005,6,26,2,1,78,124.19,53,0,2,0,0,124.19
2005,6,26,2,1,78,127.04,1319.8,0,2,0,0,127.04
2005,6,26,3,1,78,0,73.8,0,2,1,0,0
2005,6,26,3,1,78,85.09,53,0,2,0,0,85.09
2005,6,26,3,1,78,88.27,53,0,2,0,0,88.27
2005,6,26,3,1,78,91.45,53,0,2,0,0,91.45
2005,6,26,3,1,78,97.81,115,0,2,0,0,97.81
2005,6,26,3,1,78,100.99,115,0,2,0,0,100.99
2005,6,26,3,1,78,102.58,115,0,2,0,0,102.58
2005,6,26,3,1,78,104.17,115,0,2,0,0,104.17
2005,6,26,3,1,78,105.76,209,0,2,0,0,105.76
2005,6,26,3,1,78,123.65,55,0,2,0,0,123.65
2005,6,26,3,1,78,124.19,53,0,2,0,0,124.19
2005,6,26,3,1,78,127.04,1319.8,0,2,0,0,127.04
2005,6,26,4,1,78,0,73.8,0,2,1,0,0
2005,6,26,4,1,78,85.09,53,0,2,0,0,85.09
2005,6,26,4,1,78,88.27,53,0,2,0,0,88.27
2005,6,26,4,1,78,91.45,53,0,2,0,0,91.45
2005,6,26,4,1,78,97.81,115,0,2,0,0,97.81
2005,6,26,4,1,78,100.99,115,0,2,0,0,100.99
2005,6,26,4,1,78,102.58,115,0,2,0,0,102.58
2005,6,26,4,1,78,104.17,115,0,2,0,0,104.17
2005,6,26,4,1,78,105.76,209,0,2,0,0,105.76
2005,6,26,4,1,78,123.65,55,0,2,0,0,123.65
2005,6,26,4,1,78,124.19,53,0,2,0,0,124.19
2005,6,26,4,1,78,127.04,1319.8,0,2,0,0,127.04
2005,6,26,5,1,78,0,77.1,0,2,1,0,0
2005,6,26,5,1,78,85.09,53,0,2,0,0,85.09
2005,6,26,5,1,78,88.27,53,0,2,0,0,88.27
2005,6,26,5,1,78,91.45,53,0,2,0,0,91.45
2005,6,26,5,1,78,97.81,115,0,2,0,0,97.81
2005,6,26,5,1,78,100.99,115,0,2,0,0,100.99
2005,6,26,5,1,78,102.58,115,0,2,0,0,102.58
2005,6,26,5,1,78,104.17,115,0,2,0,0,104.17
2005,6,26,5,1,78,105.76,209,0,2,0,0,105.76
2005,6,26,5,1,78,123.65,55,0,2,0,0,123.65
2005,6,26,5,1,78,124.19,53,0,2,0,0,124.19
2005,6,26,5,1,78,127.04,1316.5,0,2,0,0,127.04
2005,6,26,6,1,78,0,77.1,0,2,1,0,0
2005,6,26,6,1,78,85.09,53,0,2,0,0,85.09
2005,6,26,6,1,78,88.27,53,0,2,0,0,88.27
2005,6,26,6,1,78,91.45,53,0,2,0,0,91.45
2005,6,26,6,1,78,97.81,115,0,2,0,0,97.81
2005,6,26,6,1,78,100.99,115,0,2,0,0,100.99
2005,6,26,6,1,78,102.58,115,0,2,0,0,102.58
2005,6,26,6,1,78,104.17,115,0,2,0,0,104.17
2005,6,26,6,1,78,105.76,209,0,2,0,0,105.76
2005,6,26,6,1,78,123.65,55,0,2,0,0,123.65
2005,6,26,6,1,78,124.19,53,0,2,0,0,124.19
2005,6,26,6,1,78,127.04,1316.5,0,2,0,0,127.04
2005,6,26,7,1,78,0,77.1,0,2,1,0,0
2005,6,26,7,1,78,85.09,53,0,2,0,0,85.09
2005,6,26,7,1,78,88.27,53,0,2,0,0,88.27
2005,6,26,7,1,78,91.45,53,0,2,0,0,91.45
2005,6,26,7,1,78,97.81,115,0,2,0,0,97.81
2005,6,26,7,1,78,100.99,115,0,2,0,0,100.99
2005,6,26,7,1,78,102.58,115,0,2,0,0,102.58
2005,6,26,7,1,78,104.17,115,0,2,0,0,104.17
2005,6,26,7,1,78,105.76,209,0,2,0,0,105.76
2005,6,26,7,1,78,123.65,55,0,2,0,0,123.65
2005,6,26,7,1,78,124.19,53,0,2,0,0,124.19
2005,6,26,7,1,78,127.04,1316.5,0,2,0,0,127.04
2005,6,26,8,1,78,0,77.1,0,2,1,0,0
2005,6,26,8,1,78,85.09,53,0,2,0,0,85.09
2005,6,26,8,1,78,88.27,53,0,2,0,0,88.27
2005,6,26,8,1,78,91.45,53,0,2,0,0,91.45
2005,6,26,8,1,78,97.81,115,0,2,0,0,97.81
2005,6,26,8,1,78,100.99,115,0,2,0,0,100.99
2005,6,26,8,1,78,102.58,115,0,2,0,0,102.58
2005,6,26,8,1,78,104.17,115,0,2,0,0,104.17
2005,6,26,8,1,78,105.76,209,0,2,0,0,105.76
2005,6,26,8,1,78,123.65,55,0,2,0,0,123.65
2005,6,26,8,1,78,124.19,53,0,2,0,0,124.19
2005,6,26,8,1,78,127.04,1316.5,0,2,0,0,127.04
2005,6,26,9,1,78,0,77.1,0,2,1,0,0
2005,6,26,9,1,78,85.09,53,0,2,0,0,85.09
2005,6,26,9,1,78,88.27,53,0,2,0,0,88.27
2005,6,26,9,1,78,91.45,53,0,2,0,0,91.45
2005,6,26,9,1,78,97.81,115,0,2,0,0,97.81
2005,6,26,9,1,78,100.99,115,0,2,0,0,100.99
2005,6,26,9,1,78,102.58,115,0,2,0,0,102.58
2005,6,26,9,1,78,104.17,115,0,2,0,0,104.17
2005,6,26,9,1,78,105.76,209,0,2,0,0,105.76
2005,6,26,9,1,78,123.65,55,0,2,0,0,123.65
2005,6,26,9,1,78,124.19,53,0,2,0,0,124.19
2005,6,26,9,1,78,127.04,1316.5,0,2,0,0,127.04
2005,6,26,10,1,78,0,77.1,0,2,1,0,0
2005,6,26,10,1,78,85.09,53,0,2,0,0,85.09
2005,6,26,10,1,78,88.27,53,0,2,0,0,88.27
2005,6,26,10,1,78,91.45,53,0,2,0,0,91.45
2005,6,26,10,1,78,97.81,115,0,2,0,0,97.81
2005,6,26,10,1,78,100.99,115,0,2,0,0,100.99
2005,6,26,10,1,78,102.58,115,0,2,0,0,102.58
2005,6,26,10,1,78,104.17,115,0,2,0,0,104.17
2005,6,26,10,1,78,105.76,209,0,2,0,0,105.76
2005,6,26,10,1,78,123.65,55,0,2,0,0,123.65
2005,6,26,10,1,78,124.19,53,0,2,0,0,124.19
2005,6,26,10,1,78,127.04,1316.5,0,2,0,0,127.04
2005,6,26,11,1,78,0,73.8,0,2,1,0,0
2005,6,26,11,1,78,85.09,53,0,2,0,0,85.09
2005,6,26,11,1,78,88.27,53,0,2,0,0,88.27
2005,6,26,11,1,78,91.45,53,0,2,0,0,91.45
2005,6,26,11,1,78,97.81,115,0,2,0,0,97.81
2005,6,26,11,1,78,100.99,115,0,2,0,0,100.99
2005,6,26,11,1,78,102.58,115,0,2,0,0,102.58
2005,6,26,11,1,78,104.17,115,0,2,0,0,104.17
2005,6,26,11,1,78,105.76,209,0,2,0,0,105.76
2005,6,26,11,1,78,123.65,55,0,2,0,0,123.65
2005,6,26,11,1,78,124.19,53,0,2,0,0,124.19
2005,6,26,11,1,78,127.04,1319.8,0,2,0,0,127.04
2005,6,26,12,1,78,0,73.8,0,2,1,0,0
2005,6,26,12,1,78,85.09,53,0,2,0,0,85.09
2005,6,26,12,1,78,88.27,53,0,2,0,0,88.27
2005,6,26,12,1,78,91.45,53,0,2,0,0,91.45
2005,6,26,12,1,78,97.81,115,0,2,0,0,97.81
2005,6,26,12,1,78,100.99,115,0,2,0,0,100.99
2005,6,26,12,1,78,102.58,115,0,2,0,0,102.58
2005,6,26,12,1,78,104.17,115,0,2,0,0,104.17
2005,6,26,12,1,78,105.76,209,0,2,0,0,105.76
2005,6,26,12,1,78,123.65,55,0,2,0,0,123.65
2005,6,26,12,1,78,124.19,53,0,2,0,0,124.19
2005,6,26,12,1,78,127.04,1319.8,0,2,0,0,127.04
2005,6,26,13,1,78,0,73.8,0,2,1,0,0
2005,6,26,13,1,78,85.09,53,0,2,0,0,85.09
2005,6,26,13,1,78,88.27,53,0,2,0,0,88.27
2005,6,26,13,1,78,91.45,53,0,2,0,0,91.45
2005,6,26,13,1,78,97.81,115,0,2,0,0,97.81
2005,6,26,13,1,78,100.99,115,0,2,0,0,100.99
2005,6,26,13,1,78,102.58,115,0,2,0,0,102.58
2005,6,26,13,1,78,104.17,115,0,2,0,0,104.17
2005,6,26,13,1,78,105.76,209,0,2,0,0,105.76
2005,6,26,13,1,78,123.65,55,0,2,0,0,123.65
2005,6,26,13,1,78,124.19,53,0,2,0,0,124.19
2005,6,26,13,1,78,127.04,1319.8,0,2,0,0,127.04
2005,6,26,14,1,78,0,77.1,0,2,1,0,0
2005,6,26,14,1,78,85.09,53,0,2,0,0,85.09
2005,6,26,14,1,78,88.27,53,0,2,0,0,88.27
2005,6,26,14,1,78,91.45,53,0,2,0,0,91.45
2005,6,26,14,1,78,97.81,115,0,2,0,0,97.81
2005,6,26,14,1,78,100.99,115,0,2,0,0,100.99
2005,6,26,14,1,78,102.58,115,0,2,0,0,102.58
2005,6,26,14,1,78,104.17,115,0,2,0,0,104.17
2005,6,26,14,1,78,105.76,209,0,2,0,0,105.76
2005,6,26,14,1,78,123.65,55,0,2,0,0,123.65
2005,6,26,14,1,78,124.19,53,0,2,0,0,124.19
2005,6,26,14,1,78,127.04,1316.5,0,2,0,0,127.04
2005,6,26,15,1,78,0,77.1,0,2,1,0,0
2005,6,26,15,1,78,85.09,53,0,2,0,0,85.09
2005,6,26,15,1,78,88.27,53,0,2,0,0,88.27
2005,6,26,15,1,78,91.45,53,0,2,0,0,91.45
2005,6,26,15,1,78,97.81,115,0,2,0,0,97.81
2005,6,26,15,1,78,100.99,115,0,2,0,0,100.99
2005,6,26,15,1,78,102.58,115,0,2,0,0,102.58
2005,6,26,15,1,78,104.17,115,0,2,0,0,104.17
2005,6,26,15,1,78,105.76,209,0,2,0,0,105.76
2005,6,26,15,1,78,123.65,55,0,2,0,0,123.65
2005,6,26,15,1,78,124.19,53,0,2,0,0,124.19
2005,6,26,15,1,78,127.04,1316.5,0,2,0,0,127.04
2005,6,26,16,1,78,0,77.1,0,2,1,0,0
2005,6,26,16,1,78,85.09,53,0,2,0,0,85.09
2005,6,26,16,1,78,88.27,53,0,2,0,0,88.27
2005,6,26,16,1,78,91.45,53,0,2,0,0,91.45
2005,6,26,16,1,78,97.81,115,0,2,0,0,97.81
2005,6,26,16,1,78,100.99,115,0,2,0,0,100.99
2005,6,26,16,1,78,102.58,115,0,2,0,0,102.58
2005,6,26,16,1,78,104.17,115,0,2,0,0,104.17
2005,6,26,16,1,78,105.76,209,0,2,0,0,105.76
2005,6,26,16,1,78,123.65,55,0,2,0,0,123.65
2005,6,26,16,1,78,124.19,53,0,2,0,0,124.19
2005,6,26,16,1,78,127.04,1316.5,0,2,0,0,127.04
2005,6,26,17,1,78,0,73.8,0,2,1,0,0
2005,6,26,17,1,78,85.09,53,0,2,0,0,85.09
2005,6,26,17,1,78,88.27,53,0,2,0,0,88.27
2005,6,26,17,1,78,91.45,53,0,2,0,0,91.45
2005,6,26,17,1,78,97.81,115,0,2,0,0,97.81
2005,6,26,17,1,78,100.99,115,0,2,0,0,100.99
2005,6,26,17,1,78,102.58,115,0,2,0,0,102.58
2005,6,26,17,1,78,104.17,115,0,2,0,0,104.17
2005,6,26,17,1,78,105.76,209,0,2,0,0,105.76
2005,6,26,17,1,78,123.65,55,0,2,0,0,123.65
2005,6,26,17,1,78,124.19,53,0,2,0,0,124.19
2005,6,26,17,1,78,127.04,1319.8,0,2,0,0,127.04
2005,6,26,18,1,78,0,73.8,0,2,1,0,0
2005,6,26,18,1,78,85.09,53,0,2,0,0,85.09
2005,6,26,18,1,78,88.27,53,0,2,0,0,88.27
2005,6,26,18,1,78,91.45,53,0,2,0,0,91.45
2005,6,26,18,1,78,97.81,115,0,2,0,0,97.81
2005,6,26,18,1,78,100.99,115,0,2,0,0,100.99
2005,6,26,18,1,78,102.58,115,0,2,0,0,102.58
2005,6,26,18,1,78,104.17,115,0,2,0,0,104.17
2005,6,26,18,1,78,105.76,209,0,2,0,0,105.76
2005,6,26,18,1,78,123.65,55,0,2,0,0,123.65
2005,6,26,18,1,78,124.19,53,0,2,0,0,124.19
2005,6,26,18,1,78,127.04,1319.8,0,2,0,0,127.04
2005,6,26,19,1,78,0,73.8,0,2,1,0,0
2005,6,26,19,1,78,85.09,53,0,2,0,0,85.09
2005,6,26,19,1,78,88.27,53,0,2,0,0,88.27
2005,6,26,19,1,78,91.45,53,0,2,0,0,91.45
2005,6,26,19,1,78,97.81,115,0,2,0,0,97.81
2005,6,26,19,1,78,100.99,115,0,2,0,0,100.99
2005,6,26,19,1,78,102.58,115,0,2,0,0,102.58
2005,6,26,19,1,78,104.17,115,0,2,0,0,104.17
2005,6,26,19,1,78,105.76,209,0,2,0,0,105.76
2005,6,26,19,1,78,123.65,55,0,2,0,0,123.65
2005,6,26,19,1,78,124.19,53,0,2,0,0,124.19
2005,6,26,19,1,78,127.04,1319.8,0,2,0,0,127.04
2005,6,26,20,1,78,0,73.8,0,2,1,0,0
2005,6,26,20,1,78,85.09,53,0,2,0,0,85.09
2005,6,26,20,1,78,88.27,53,0,2,0,0,88.27
2005,6,26,20,1,78,91.45,53,0,2,0,0,91.45
2005,6,26,20,1,78,97.81,115,0,2,0,0,97.81
2005,6,26,20,1,78,100.99,115,0,2,0,0,100.99
2005,6,26,20,1,78,102.58,115,0,2,0,0,102.58
2005,6,26,20,1,78,104.17,115,0,2,0,0,104.17
2005,6,26,20,1,78,105.76,209,0,2,0,0,105.76
2005,6,26,20,1,78,123.65,55,0,2,0,0,123.65
2005,6,26,20,1,78,124.19,53,0,2,0,0,124.19
2005,6,26,20,1,78,127.04,1319.8,0,2,0,0,127.04
2005,6,26,21,1,78,0,102.1,0,2,1,0,0
2005,6,26,21,1,78,85.09,53,0,2,0,0,85.09
2005,6,26,21,1,78,88.27,53,0,2,0,0,88.27
2005,6,26,21,1,78,91.45,53,0,2,0,0,91.45
2005,6,26,21,1,78,97.81,115,0,2,0,0,97.81
2005,6,26,21,1,78,100.99,115,0,2,0,0,100.99
2005,6,26,21,1,78,102.58,115,0,2,0,0,102.58
2005,6,26,21,1,78,104.17,115,0,2,0,0,104.17
2005,6,26,21,1,78,105.76,209,0,2,0,0,105.76
2005,6,26,21,1,78,123.65,55,0,2,0,0,123.65
2005,6,26,21,1,78,124.19,53,0,2,0,0,124.19
2005,6,26,21,1,78,127.04,1291.5,0,2,0,0,127.04
2005,6,26,22,1,78,0,161.1,0,2,1,0,0
2005,6,26,22,1,78,85.11,53,0,2,0,0,85.11
2005,6,26,22,1,78,88.29,53,0,2,0,0,88.29
2005,6,26,22,1,78,91.47,53,0,2,0,0,91.47
2005,6,26,22,1,78,97.83,115,0,2,0,0,97.83
2005,6,26,22,1,78,101.01,115,0,2,0,0,101.01
2005,6,26,22,1,78,102.6,115,0,2,0,0,102.6
2005,6,26,22,1,78,104.19,115,0,2,0,0,104.19
2005,6,26,22,1,78,105.78,209,0,2,0,0,105.78
2005,6,26,22,1,78,124.21,53,0,2,0,0,124.21
2005,6,26,22,1,78,127.04,1287.5,0,2,0,0,127.04
2005,6,26,23,1,78,0,161.1,0,2,1,0,0
2005,6,26,23,1,78,85.11,53,0,2,0,0,85.11
2005,6,26,23,1,78,88.29,53,0,2,0,0,88.29
2005,6,26,23,1,78,91.47,53,0,2,0,0,91.47
2005,6,26,23,1,78,97.83,115,0,2,0,0,97.83
2005,6,26,23,1,78,101.01,115,0,2,0,0,101.01
2005,6,26,23,1,78,102.6,115,0,2,0,0,102.6
2005,6,26,23,1,78,104.19,115,0,2,0,0,104.19
2005,6,26,23,1,78,105.78,209,0,2,0,0,105.78
2005,6,26,23,1,78,124.21,53,0,2,0,0,124.21
2005,6,26,23,1,78,127.04,1287.5,0,2,0,0,127.04
2005,6,26,24,1,78,0,157.8,0,2,1,0,0
2005,6,26,24,1,78,85.11,53,0,2,0,0,85.11
2005,6,26,24,1,78,88.29,53,0,2,0,0,88.29
2005,6,26,24,1,78,91.47,53,0,2,0,0,91.47
2005,6,26,24,1,78,97.83,115,0,2,0,0,97.83
2005,6,26,24,1,78,101.01,115,0,2,0,0,101.01
2005,6,26,24,1,78,102.6,115,0,2,0,0,102.6
2005,6,26,24,1,78,104.19,115,0,2,0,0,104.19
2005,6,26,24,1,78,105.78,209,0,2,0,0,105.78
2005,6,26,24,1,78,124.21,53,0,2,0,0,124.21
2005,6,26,24,1,78,127.04,1290.8,0,2,0,0,127.04
2005,6,26,1,9,79,180.3,13.5,0,1,1,0,180.3
2005,6,26,2,9,79,180.3,12.3,0,1,1,0,180.3
2005,6,26,3,9,79,180.3,11.3,0,1,1,0,180.3
2005,6,26,4,9,79,180.3,11.3,0,1,1,0,180.3
2005,6,26,5,9,79,180.3,11.1,0,1,1,0,180.3
2005,6,26,6,9,79,180.3,11.1,0,1,1,0,180.3
2005,6,26,7,9,79,180.3,10.1,0,1,1,0,180.3
2005,6,26,8,9,79,180.3,10.1,0,1,1,0,180.3
2005,6,26,9,9,79,180.3,10.9,0,1,1,0,180.3
2005,6,26,10,9,79,180.3,12,0,1,1,0,180.3
2005,6,26,11,9,79,180.3,13,0,1,1,0,180.3
2005,6,26,12,9,79,180.3,13.2,0,1,1,0,180.3
2005,6,26,13,9,79,180.3,13.7,0,1,1,0,180.3
2005,6,26,14,9,79,180.3,13.9,0,1,1,0,180.3
2005,6,26,15,9,79,180.3,13.7,0,1,1,0,180.3
2005,6,26,16,9,79,180.3,13.2,0,1,1,0,180.3
2005,6,26,17,9,79,180.3,12.7,0,1,1,0,180.3
2005,6,26,18,9,79,180.3,12.5,0,1,1,0,180.3
2005,6,26,19,9,79,180.3,12.1,0,1,1,0,180.3
2005,6,26,20,9,79,180.3,12.2,0,1,1,0,180.3
2005,6,26,21,9,79,180.3,12.5,0,1,1,0,180.3
2005,6,26,22,9,79,180.3,13.7,0,1,1,0,180.3
2005,6,26,23,9,79,180.3,14.6,0,1,1,0,180.3
2005,6,26,24,9,79,180.3,13.8,0,1,1,0,180.3
2005,6,26,1,9,80,180,.2,0,1,1,0,180
2005,6,26,2,9,80,180,.1,0,1,1,0,180
2005,6,26,3,9,80,180,.1,0,1,1,0,180
2005,6,26,4,9,80,180,.1,0,1,1,0,180
2005,6,26,5,9,80,180,.1,0,1,1,0,180
2005,6,26,6,9,80,180,.1,0,1,1,0,180
2005,6,26,7,9,80,180,.2,0,1,1,0,180
2005,6,26,8,9,80,180,.1,0,1,1,0,180
2005,6,26,9,9,80,180,.2,0,1,1,0,180
2005,6,26,10,9,80,180,.2,0,1,1,0,180
2005,6,26,11,9,80,180,.2,0,1,1,0,180
2005,6,26,12,9,80,180,.3,0,1,1,0,180
2005,6,26,13,9,80,180,.3,0,1,1,0,180
2005,6,26,14,9,80,180,.3,0,1,1,0,180
2005,6,26,15,9,80,180,.3,0,1,1,0,180
2005,6,26,16,9,80,180,.3,0,1,1,0,180
2005,6,26,17,9,80,180,.3,0,1,1,0,180
2005,6,26,18,9,80,180,.3,0,1,1,0,180
2005,6,26,19,9,80,180,.3,0,1,1,0,180
2005,6,26,20,9,80,180,.3,0,1,1,0,180
2005,6,26,21,9,80,180,.3,0,1,1,0,180
2005,6,26,22,9,80,180,.3,0,1,1,0,180
2005,6,26,23,9,80,180,.3,0,1,1,0,180
2005,6,26,24,9,80,180,.2,0,1,1,0,180
2005,6,26,1,1,81,0,47.2,0,2,1,0,0
2005,6,26,1,1,81,129.33,123.8,0,2,0,0,129.33
2005,6,26,2,1,81,0,47.2,0,2,1,0,0
2005,6,26,2,1,81,129.33,123.8,0,2,0,0,129.33
2005,6,26,3,1,81,0,46.7,0,2,1,0,0
2005,6,26,3,1,81,129.33,124.3,0,2,0,0,129.33
2005,6,26,4,1,81,0,46.7,0,2,1,0,0
2005,6,26,4,1,81,129.33,124.3,0,2,0,0,129.33
2005,6,26,5,1,81,0,46.7,0,2,1,0,0
2005,6,26,5,1,81,129.33,124.3,0,2,0,0,129.33
2005,6,26,6,1,81,0,46.7,0,2,1,0,0
2005,6,26,6,1,81,129.33,124.3,0,2,0,0,129.33
2005,6,26,7,1,81,0,46.7,0,2,1,0,0
2005,6,26,7,1,81,129.33,124.3,0,2,0,0,129.33
2005,6,26,8,1,81,0,46.7,0,2,1,0,0
2005,6,26,8,1,81,129.33,124.3,0,2,0,0,129.33
2005,6,26,9,1,81,0,46.7,0,2,1,0,0
2005,6,26,9,1,81,129.33,124.3,0,2,0,0,129.33
2005,6,26,10,1,81,0,47.2,0,2,1,0,0
2005,6,26,10,1,81,129.33,123.8,0,2,0,0,129.33
2005,6,26,11,1,81,0,47.2,0,2,1,0,0
2005,6,26,11,1,81,129.33,123.8,0,2,0,0,129.33
2005,6,26,12,1,81,0,88.2,0,2,1,0,0
2005,6,26,12,1,81,129.33,82.8,0,2,0,0,129.33
2005,6,26,13,1,81,0,88.2,0,2,1,0,0
2005,6,26,13,1,81,129.33,82.8,0,2,0,0,129.33
2005,6,26,14,1,81,0,88.2,0,2,1,0,0
2005,6,26,14,1,81,129.33,82.8,0,2,0,0,129.33
2005,6,26,15,1,81,0,88.2,0,2,1,0,0
2005,6,26,15,1,81,129.33,82.8,0,2,0,0,129.33
2005,6,26,16,1,81,0,88.2,0,2,1,0,0
2005,6,26,16,1,81,129.33,82.8,0,2,0,0,129.33
2005,6,26,17,1,81,0,47.2,0,2,1,0,0
2005,6,26,17,1,81,129.33,123.8,0,2,0,0,129.33
2005,6,26,18,1,81,0,47.2,0,2,1,0,0
2005,6,26,18,1,81,129.33,123.8,0,2,0,0,129.33
2005,6,26,19,1,81,0,47.2,0,2,1,0,0
2005,6,26,19,1,81,129.33,123.8,0,2,0,0,129.33
2005,6,26,20,1,81,0,47.2,0,2,1,0,0
2005,6,26,20,1,81,129.33,123.8,0,2,0,0,129.33
2005,6,26,21,1,81,0,47.2,0,2,1,0,0
2005,6,26,21,1,81,129.33,123.8,0,2,0,0,129.33
2005,6,26,22,1,81,0,47.2,0,2,1,0,0
2005,6,26,22,1,81,129.33,123.8,0,2,0,0,129.33
2005,6,26,23,1,81,0,47.2,0,2,1,0,0
2005,6,26,23,1,81,129.33,123.8,0,2,0,0,129.33
2005,6,26,24,1,81,0,47.2,0,2,1,0,0
2005,6,26,24,1,81,129.33,123.8,0,2,0,0,129.33
2005,6,26,1,2,82,0,144.3,0,2,1,0,0
2005,6,26,2,2,82,0,144.3,0,2,1,0,0
2005,6,26,3,2,82,0,80,0,2,1,0,0
2005,6,26,4,2,82,0,80,0,2,1,0,0
2005,6,26,5,2,82,0,80,0,2,1,0,0
2005,6,26,6,2,82,0,80,0,2,1,0,0
2005,6,26,7,2,82,0,80,0,2,1,0,0
2005,6,26,8,2,82,0,80,0,2,1,0,0
2005,6,26,9,2,82,0,80,0,2,1,0,0
2005,6,26,10,2,82,0,94.6,0,2,1,0,0
2005,6,26,11,2,82,0,138.9,0,2,1,0,0
2005,6,26,12,2,82,0,164,0,2,1,0,0
2005,6,26,13,2,82,0,164,0,2,1,0,0
2005,6,26,14,2,82,0,164,0,2,1,0,0
2005,6,26,15,2,82,0,161.2,0,2,1,0,0
2005,6,26,16,2,82,0,141.3,0,2,1,0,0
2005,6,26,17,2,82,0,126.4,0,2,1,0,0
2005,6,26,18,2,82,0,126.4,0,2,1,0,0
2005,6,26,19,2,82,0,126.4,0,2,1,0,0
2005,6,26,20,2,82,0,126.4,0,2,1,0,0
2005,6,26,21,2,82,0,143.6,0,2,1,0,0
2005,6,26,22,2,82,0,206.7,0,2,1,0,0
2005,6,26,23,2,82,0,218,0,2,1,0,0
2005,6,26,24,2,82,0,217.9,0,2,1,0,0
2005,6,26,1,2,83,0,581.7,0,2,1,0,0
2005,6,26,1,2,83,80.01,15,0,2,0,0,80.01
2005,6,26,1,2,83,81.69,15,0,2,0,0,81.69
2005,6,26,1,2,83,83.36,15,0,2,0,0,83.36
2005,6,26,1,2,83,85.04,15,0,2,0,0,85.04
2005,6,26,2,2,83,0,536.7,0,2,1,0,0
2005,6,26,2,2,83,80.01,15,0,2,0,0,80.01
2005,6,26,2,2,83,81.69,15,0,2,0,0,81.69
2005,6,26,2,2,83,83.36,15,0,2,0,0,83.36
2005,6,26,2,2,83,85.04,15,0,2,0,0,85.04
2005,6,26,3,2,83,0,438.3,0,2,1,0,0
2005,6,26,3,2,83,80.01,15,0,2,0,0,80.01
2005,6,26,3,2,83,81.69,15,0,2,0,0,81.69
2005,6,26,3,2,83,83.36,15,0,2,0,0,83.36
2005,6,26,3,2,83,85.04,15,0,2,0,0,85.04
2005,6,26,4,2,83,0,353.3,0,2,1,0,0
2005,6,26,4,2,83,80.01,15,0,2,0,0,80.01
2005,6,26,4,2,83,81.69,15,0,2,0,0,81.69
2005,6,26,4,2,83,83.36,15,0,2,0,0,83.36
2005,6,26,4,2,83,85.04,15,0,2,0,0,85.04
2005,6,26,5,2,83,0,333.2,0,2,1,0,0
2005,6,26,5,2,83,80.01,15,0,2,0,0,80.01
2005,6,26,5,2,83,81.69,15,0,2,0,0,81.69
2005,6,26,5,2,83,83.36,15,0,2,0,0,83.36
2005,6,26,5,2,83,85.04,15,0,2,0,0,85.04
2005,6,26,6,2,83,0,324.9,0,2,1,0,0
2005,6,26,6,2,83,80.01,15,0,2,0,0,80.01
2005,6,26,6,2,83,81.69,15,0,2,0,0,81.69
2005,6,26,6,2,83,83.36,15,0,2,0,0,83.36
2005,6,26,6,2,83,85.04,15,0,2,0,0,85.04
2005,6,26,7,2,83,0,319.4,0,2,1,0,0
2005,6,26,7,2,83,80.01,15,0,2,0,0,80.01
2005,6,26,7,2,83,81.69,15,0,2,0,0,81.69
2005,6,26,7,2,83,83.36,15,0,2,0,0,83.36
2005,6,26,7,2,83,85.04,15,0,2,0,0,85.04
2005,6,26,8,2,83,0,346.9,0,2,1,0,0
2005,6,26,8,2,83,80.01,15,0,2,0,0,80.01
2005,6,26,8,2,83,81.69,15,0,2,0,0,81.69
2005,6,26,8,2,83,83.36,15,0,2,0,0,83.36
2005,6,26,8,2,83,85.04,15,0,2,0,0,85.04
2005,6,26,9,2,83,0,409.1,0,2,1,0,0
2005,6,26,9,2,83,80.01,15,0,2,0,0,80.01
2005,6,26,9,2,83,81.69,15,0,2,0,0,81.69
2005,6,26,9,2,83,83.36,15,0,2,0,0,83.36
2005,6,26,9,2,83,85.04,15,0,2,0,0,85.04
2005,6,26,10,2,83,0,443.6,0,2,1,0,0
2005,6,26,10,2,83,80.01,15,0,2,0,0,80.01
2005,6,26,10,2,83,81.69,15,0,2,0,0,81.69
2005,6,26,10,2,83,83.36,15,0,2,0,0,83.36
2005,6,26,10,2,83,85.04,15,0,2,0,0,85.04
2005,6,26,11,2,83,0,510.9,0,2,1,0,0
2005,6,26,11,2,83,80.01,15,0,2,0,0,80.01
2005,6,26,11,2,83,81.69,15,0,2,0,0,81.69
2005,6,26,11,2,83,83.36,15,0,2,0,0,83.36
2005,6,26,11,2,83,85.04,15,0,2,0,0,85.04
2005,6,26,12,2,83,0,580,0,2,1,0,0
2005,6,26,12,2,83,80.01,15,0,2,0,0,80.01
2005,6,26,12,2,83,81.69,15,0,2,0,0,81.69
2005,6,26,12,2,83,83.36,15,0,2,0,0,83.36
2005,6,26,12,2,83,85.04,15,0,2,0,0,85.04
2005,6,26,13,2,83,0,587.4,0,2,1,0,0
2005,6,26,13,2,83,80.01,15,0,2,0,0,80.01
2005,6,26,13,2,83,81.69,15,0,2,0,0,81.69
2005,6,26,13,2,83,83.36,15,0,2,0,0,83.36
2005,6,26,13,2,83,85.04,15,0,2,0,0,85.04
2005,6,26,14,2,83,0,592.9,0,2,1,0,0
2005,6,26,14,2,83,80.01,15,0,2,0,0,80.01
2005,6,26,14,2,83,81.69,15,0,2,0,0,81.69
2005,6,26,14,2,83,83.36,15,0,2,0,0,83.36
2005,6,26,14,2,83,85.04,15,0,2,0,0,85.04
2005,6,26,15,2,83,0,586.9,0,2,1,0,0
2005,6,26,15,2,83,80.01,15,0,2,0,0,80.01
2005,6,26,15,2,83,81.69,15,0,2,0,0,81.69
2005,6,26,15,2,83,83.36,15,0,2,0,0,83.36
2005,6,26,15,2,83,85.04,15,0,2,0,0,85.04
2005,6,26,16,2,83,0,538.3,0,2,1,0,0
2005,6,26,16,2,83,80.01,15,0,2,0,0,80.01
2005,6,26,16,2,83,81.69,15,0,2,0,0,81.69
2005,6,26,16,2,83,83.36,15,0,2,0,0,83.36
2005,6,26,16,2,83,85.04,15,0,2,0,0,85.04
2005,6,26,17,2,83,0,524.2,0,2,1,0,0
2005,6,26,17,2,83,80.01,15,0,2,0,0,80.01
2005,6,26,17,2,83,81.69,15,0,2,0,0,81.69
2005,6,26,17,2,83,83.36,15,0,2,0,0,83.36
2005,6,26,17,2,83,85.04,15,0,2,0,0,85.04
2005,6,26,18,2,83,0,527,0,2,1,0,0
2005,6,26,18,2,83,80.01,15,0,2,0,0,80.01
2005,6,26,18,2,83,81.69,15,0,2,0,0,81.69
2005,6,26,18,2,83,83.36,15,0,2,0,0,83.36
2005,6,26,18,2,83,85.04,15,0,2,0,0,85.04
2005,6,26,19,2,83,0,550.3,0,2,1,0,0
2005,6,26,19,2,83,80.01,15,0,2,0,0,80.01
2005,6,26,19,2,83,81.69,15,0,2,0,0,81.69
2005,6,26,19,2,83,83.36,15,0,2,0,0,83.36
2005,6,26,19,2,83,85.04,15,0,2,0,0,85.04
2005,6,26,20,2,83,0,556.1,0,2,1,0,0
2005,6,26,20,2,83,80.01,15,0,2,0,0,80.01
2005,6,26,20,2,83,81.69,15,0,2,0,0,81.69
2005,6,26,20,2,83,83.36,15,0,2,0,0,83.36
2005,6,26,20,2,83,85.04,15,0,2,0,0,85.04
2005,6,26,21,2,83,0,595.3,0,2,1,0,0
2005,6,26,21,2,83,80.01,15,0,2,0,0,80.01
2005,6,26,21,2,83,81.69,15,0,2,0,0,81.69
2005,6,26,21,2,83,83.36,15,0,2,0,0,83.36
2005,6,26,21,2,83,85.04,15,0,2,0,0,85.04
2005,6,26,22,2,83,0,643.2,0,2,1,0,0
2005,6,26,22,2,83,80.01,15,0,2,0,0,80.01
2005,6,26,22,2,83,81.69,15,0,2,0,0,81.69
2005,6,26,22,2,83,83.36,15,0,2,0,0,83.36
2005,6,26,22,2,83,85.04,15,0,2,0,0,85.04
2005,6,26,23,2,83,0,760.6,0,2,1,0,0
2005,6,26,23,2,83,80.01,15,0,2,0,0,80.01
2005,6,26,23,2,83,81.69,15,0,2,0,0,81.69
2005,6,26,23,2,83,83.36,15,0,2,0,0,83.36
2005,6,26,23,2,83,85.04,15,0,2,0,0,85.04
2005,6,26,24,2,83,0,761.3,0,2,1,0,0
2005,6,26,24,2,83,80.01,15,0,2,0,0,80.01
2005,6,26,24,2,83,81.69,15,0,2,0,0,81.69
2005,6,26,24,2,83,83.36,15,0,2,0,0,83.36
2005,6,26,24,2,83,85.04,15,0,2,0,0,85.04
2005,6,26,1,6,1050,.01,71,.955796,2,1,0,.01
2005,6,26,1,6,1050,23.47,71,.955796,2,1,0,45.175664
2005,6,26,2,6,1050,.01,71,.955796,2,1,0,.01
2005,6,26,2,6,1050,23.47,71,.955796,2,1,0,45.175664
2005,6,26,3,6,1050,.01,71,.955796,2,1,0,.01
2005,6,26,3,6,1050,23.47,71,.955796,2,1,0,45.175664
2005,6,26,4,6,1050,.01,71,.955796,2,1,0,.01
2005,6,26,4,6,1050,23.47,71,.955796,2,1,0,45.175664
2005,6,26,5,6,1050,.01,71,.955796,2,1,0,.01
2005,6,26,5,6,1050,23.47,71,.955796,2,1,0,45.175664
2005,6,26,6,6,1050,.01,71,.955796,2,1,0,.01
2005,6,26,6,6,1050,23.47,71,.955796,2,1,0,45.175664
2005,6,26,7,6,1050,.01,71,.955796,2,1,0,.01
2005,6,26,7,6,1050,23.47,71,.955796,2,1,0,45.175664
2005,6,26,8,6,1050,.01,71,.955796,2,1,0,.01
2005,6,26,8,6,1050,23.47,71,.955796,2,1,0,45.175664
2005,6,26,9,6,1050,.01,71,.955796,2,1,0,.01
2005,6,26,9,6,1050,23.47,71,.955796,2,1,0,45.175664
2005,6,26,10,6,1050,.01,71,.955796,2,1,0,.01
2005,6,26,10,6,1050,23.47,71,.955796,2,1,0,45.175664
2005,6,26,11,6,1050,.01,71,.955796,2,1,0,.01
2005,6,26,11,6,1050,23.47,71,.955796,2,1,0,45.175664
2005,6,26,12,6,1050,.01,71,.955796,2,1,0,.01
2005,6,26,12,6,1050,23.47,54,.955796,2,1,0,45.175664
2005,6,26,12,6,1050,150,17,.955796,2,0,0,150
2005,6,26,13,6,1050,.01,71,.955796,2,1,0,.01
2005,6,26,13,6,1050,23.47,54,.955796,2,1,0,45.175664
2005,6,26,13,6,1050,150,17,.955796,2,0,0,150
2005,6,26,14,6,1050,.01,71,.955796,2,1,0,.01
2005,6,26,14,6,1050,23.47,54,.955796,2,1,0,45.175664
2005,6,26,14,6,1050,150,17,.955796,2,0,0,150
2005,6,26,15,6,1050,0,71,.955796,2,1,0,0
2005,6,26,15,6,1050,23.47,54,.955796,2,1,0,45.175664
2005,6,26,15,6,1050,150,17,.955796,2,0,0,150
2005,6,26,16,6,1050,0,71,.955796,2,1,0,0
2005,6,26,16,6,1050,23.47,54,.955796,2,1,0,45.175664
2005,6,26,16,6,1050,150,17,.955796,2,0,0,150
2005,6,26,17,6,1050,0,71,.955796,2,1,0,0
2005,6,26,17,6,1050,23.47,54,.955796,2,1,0,45.175664
2005,6,26,17,6,1050,150,17,.955796,2,0,0,150
2005,6,26,18,6,1050,0,71,.955796,2,1,0,0
2005,6,26,18,6,1050,23.47,54,.955796,2,1,0,45.175664
2005,6,26,18,6,1050,150,17,.955796,2,0,0,150
2005,6,26,19,6,1050,0,71,.955796,2,1,0,0
2005,6,26,19,6,1050,23.47,54,.955796,2,1,0,45.175664
2005,6,26,19,6,1050,150,17,.955796,2,0,0,150
2005,6,26,20,6,1050,0,71,.955796,2,1,0,0
2005,6,26,20,6,1050,23.47,54,.955796,2,1,0,45.175664
2005,6,26,20,6,1050,150,17,.955796,2,0,0,150
2005,6,26,21,6,1050,0,71,.955796,2,1,0,0
2005,6,26,21,6,1050,23.47,54,.955796,2,1,0,45.175664
2005,6,26,21,6,1050,150,17,.955796,2,0,0,150
2005,6,26,22,6,1050,0,71,.955796,2,1,0,0
2005,6,26,22,6,1050,23.47,54,.955796,2,1,0,45.175664
2005,6,26,22,6,1050,150,17,.955796,2,0,0,150
2005,6,26,23,6,1050,0,71,.955796,2,1,0,0
2005,6,26,23,6,1050,23.47,71,.955796,2,1,0,45.175664
2005,6,26,24,6,1050,0,71,.955796,2,1,0,0
2005,6,26,24,6,1050,23.47,71,.955796,2,1,0,45.175664
2005,6,26,1,9,85,0,14.6,0,2,1,0,0
2005,6,26,2,9,85,0,14.7,0,2,1,0,0
2005,6,26,3,9,85,0,14.7,0,2,1,0,0
2005,6,26,4,9,85,0,14.8,0,2,1,0,0
2005,6,26,5,9,85,0,14.9,0,2,1,0,0
2005,6,26,6,9,85,0,14.9,0,2,1,0,0
2005,6,26,7,9,85,0,14.7,0,2,1,0,0
2005,6,26,8,9,85,0,14.6,0,2,1,0,0
2005,6,26,9,9,85,0,14.5,0,2,1,0,0
2005,6,26,10,9,85,0,14.4,0,2,1,0,0
2005,6,26,11,9,85,0,14.3,0,2,1,0,0
2005,6,26,12,9,85,0,14.2,0,2,1,0,0
2005,6,26,13,9,85,0,14.2,0,2,1,0,0
2005,6,26,14,9,85,0,14.1,0,2,1,0,0
2005,6,26,15,9,85,0,14.1,0,2,1,0,0
2005,6,26,16,9,85,0,14,0,2,1,0,0
2005,6,26,17,9,85,0,14,0,2,1,0,0
2005,6,26,18,9,85,0,14.1,0,2,1,0,0
2005,6,26,19,9,85,0,14.2,0,2,1,0,0
2005,6,26,20,9,85,0,14.2,0,2,1,0,0
2005,6,26,21,9,85,0,14.3,0,2,1,0,0
2005,6,26,22,9,85,0,14.4,0,2,1,0,0
2005,6,26,23,9,85,0,14.5,0,2,1,0,0
2005,6,26,24,9,85,0,14.6,0,2,1,0,0
2005,6,26,1,4,86,0,55.5,0,2,1,0,0
2005,6,26,2,4,86,0,50.2,0,2,1,0,0
2005,6,26,3,4,86,0,45.1,0,2,1,0,0
2005,6,26,4,4,86,0,41.2,0,2,1,0,0
2005,6,26,5,4,86,0,37.9,0,2,1,0,0
2005,6,26,6,4,86,0,35.4,0,2,1,0,0
2005,6,26,7,4,86,0,34,0,2,1,0,0
2005,6,26,8,4,86,0,33.5,0,2,1,0,0
2005,6,26,9,4,86,0,34.4,0,2,1,0,0
2005,6,26,10,4,86,0,40,0,2,1,0,0
2005,6,26,11,4,86,0,46.5,0,2,1,0,0
2005,6,26,12,4,86,0,53.6,0,2,1,0,0
2005,6,26,13,4,86,0,60.7,0,2,1,0,0
2005,6,26,14,4,86,0,67.5,0,2,1,0,0
2005,6,26,15,4,86,0,73.6,0,2,1,0,0
2005,6,26,16,4,86,0,75.2,0,2,1,0,0
2005,6,26,17,4,86,0,75.7,0,2,1,0,0
2005,6,26,18,4,86,0,75.3,0,2,1,0,0
2005,6,26,19,4,86,0,74,0,2,1,0,0
2005,6,26,20,4,86,0,72.1,0,2,1,0,0
2005,6,26,21,4,86,0,69.6,0,2,1,0,0
2005,6,26,22,4,86,0,66.4,0,2,1,0,0
2005,6,26,23,4,86,0,63,0,2,1,0,0
2005,6,26,24,4,86,0,59.5,0,2,1,0,0
2005,6,26,1,4,87,0,16.9,0,2,1,0,0
2005,6,26,2,4,87,0,14.8,0,2,1,0,0
2005,6,26,3,4,87,0,12.8,0,2,1,0,0
2005,6,26,4,4,87,0,10.9,0,2,1,0,0
2005,6,26,5,4,87,0,9.2,0,2,1,0,0
2005,6,26,6,4,87,0,7.8,0,2,1,0,0
2005,6,26,7,4,87,0,6.7,0,2,1,0,0
2005,6,26,8,4,87,0,6,0,2,1,0,0
2005,6,26,9,4,87,0,5.9,0,2,1,0,0
2005,6,26,10,4,87,0,7.5,0,2,1,0,0
2005,6,26,11,4,87,0,9.5,0,2,1,0,0
2005,6,26,12,4,87,0,11.9,0,2,1,0,0
2005,6,26,13,4,87,0,14.3,0,2,1,0,0
2005,6,26,14,4,87,0,16.8,0,2,1,0,0
2005,6,26,15,4,87,0,19.2,0,2,1,0,0
2005,6,26,16,4,87,0,20.4,0,2,1,0,0
2005,6,26,17,4,87,0,21.3,0,2,1,0,0
2005,6,26,18,4,87,0,22,0,2,1,0,0
2005,6,26,19,4,87,0,22.5,0,2,1,0,0
2005,6,26,20,4,87,0,22.8,0,2,1,0,0
2005,6,26,21,4,87,0,22.9,0,2,1,0,0
2005,6,26,22,4,87,0,22.8,0,2,1,0,0
2005,6,26,23,4,87,0,22.5,0,2,1,0,0
2005,6,26,24,4,87,0,22.2,0,2,1,0,0
2005,6,26,1,4,88,0,32.2,0,2,1,0,0
2005,6,26,2,4,88,0,33.7,0,2,1,0,0
2005,6,26,3,4,88,0,34.6,0,2,1,0,0
2005,6,26,4,4,88,0,32.7,0,2,1,0,0
2005,6,26,5,4,88,0,30.2,0,2,1,0,0
2005,6,26,6,4,88,0,27.4,0,2,1,0,0
2005,6,26,7,4,88,0,24.3,0,2,1,0,0
2005,6,26,8,4,88,0,21.1,0,2,1,0,0
2005,6,26,9,4,88,0,40,0,2,1,0,0
2005,6,26,10,4,88,0,36.8,0,2,1,0,0
2005,6,26,11,4,88,0,34,0,2,1,0,0
2005,6,26,12,4,88,0,31.9,0,2,1,0,0
2005,6,26,13,4,88,0,30.7,0,2,1,0,0
2005,6,26,14,4,88,0,30.5,0,2,1,0,0
2005,6,26,15,4,88,0,31.7,0,2,1,0,0
2005,6,26,16,4,88,0,37.1,0,2,1,0,0
2005,6,26,17,4,88,0,43.8,0,2,1,0,0
2005,6,26,18,4,88,0,51.6,0,2,1,0,0
2005,6,26,19,4,88,0,60,0,2,1,0,0
2005,6,26,20,4,88,0,68.9,0,2,1,0,0
2005,6,26,21,4,88,0,78.1,0,2,1,0,0
2005,6,26,22,4,88,0,89.5,0,2,1,0,0
2005,6,26,23,4,88,0,100.2,0,2,1,0,0
2005,6,26,24,4,88,0,109.6,0,2,1,0,0
2005,6,26,1,9,89,0,.1,0,1,0,0,0
2005,6,26,2,9,89,0,.1,0,1,0,0,0
2005,6,26,3,9,89,0,.1,0,1,0,0,0
2005,6,26,4,9,89,0,.1,0,1,0,0,0
2005,6,26,5,9,89,0,.1,0,1,0,0,0
2005,6,26,6,9,89,0,.1,0,1,0,0,0
2005,6,26,7,9,89,0,.1,0,1,0,0,0
2005,6,26,8,9,89,0,.1,0,1,0,0,0
2005,6,26,9,9,89,0,.1,0,1,0,0,0
2005,6,26,10,9,89,0,.1,0,1,0,0,0
2005,6,26,11,9,89,0,.1,0,1,0,0,0
2005,6,26,12,9,89,0,.1,0,1,0,0,0
2005,6,26,13,9,89,0,.1,0,1,0,0,0
2005,6,26,14,9,89,0,.1,0,1,0,0,0
2005,6,26,15,9,89,0,.1,0,1,0,0,0
2005,6,26,16,9,89,0,.1,0,1,0,0,0
2005,6,26,17,9,89,0,.1,0,1,0,0,0
2005,6,26,18,9,89,0,.1,0,1,0,0,0
2005,6,26,19,9,89,0,.1,0,1,0,0,0
2005,6,26,20,9,89,0,.1,0,1,0,0,0
2005,6,26,21,9,89,0,.1,0,1,0,0,0
2005,6,26,22,9,89,0,.1,0,1,0,0,0
2005,6,26,23,9,89,0,.1,0,1,0,0,0
2005,6,26,24,9,89,0,.1,0,1,0,0,0
2005,6,26,1,9,90,0,50,0,2,1,0,0
2005,6,26,2,9,90,0,50,0,2,1,0,0
2005,6,26,3,9,90,0,50,0,2,1,0,0
2005,6,26,4,9,90,0,50,0,2,1,0,0
2005,6,26,5,9,90,0,47.3,0,2,1,0,0
2005,6,26,6,9,90,0,47.2,0,2,1,0,0
2005,6,26,7,9,90,0,46.7,0,2,1,0,0
2005,6,26,8,9,90,0,46.4,0,2,1,0,0
2005,6,26,9,9,90,0,46.3,0,2,1,0,0
2005,6,26,10,9,90,0,41.3,0,2,1,0,0
2005,6,26,11,9,90,0,42.5,0,2,1,0,0
2005,6,26,12,9,90,0,42.4,0,2,1,0,0
2005,6,26,13,9,90,0,42.4,0,2,1,0,0
2005,6,26,14,9,90,0,41.7,0,2,1,0,0
2005,6,26,15,9,90,0,41.4,0,2,1,0,0
2005,6,26,16,9,90,0,41.4,0,2,1,0,0
2005,6,26,17,9,90,0,42.1,0,2,1,0,0
2005,6,26,18,9,90,0,42,0,2,1,0,0
2005,6,26,19,9,90,0,43.2,0,2,1,0,0
2005,6,26,20,9,90,0,43.2,0,2,1,0,0
2005,6,26,21,9,90,0,39.7,0,2,1,0,0
2005,6,26,22,9,90,0,39.7,0,2,1,0,0
2005,6,26,23,9,90,0,39.8,0,2,1,0,0
2005,6,26,24,9,90,0,40,0,2,1,0,0
2005,6,26,1,3,91,0,.1,0,1,0,0,0
2005,6,26,2,3,91,0,.1,0,1,0,0,0
2005,6,26,3,3,91,0,.1,0,1,0,0,0
2005,6,26,4,3,91,0,.1,0,1,0,0,0
2005,6,26,5,3,91,0,.1,0,1,0,0,0
2005,6,26,6,3,91,0,.1,0,1,0,0,0
2005,6,26,7,3,91,0,.1,0,1,0,0,0
2005,6,26,8,3,91,0,.1,0,1,0,0,0
2005,6,26,9,3,91,0,.1,0,1,0,0,0
2005,6,26,10,3,91,0,.1,0,1,0,0,0
2005,6,26,11,3,91,0,.1,0,1,0,0,0
2005,6,26,12,3,91,0,.1,0,1,0,0,0
2005,6,26,13,3,91,0,.1,0,1,0,0,0
2005,6,26,14,3,91,0,.1,0,1,0,0,0
2005,6,26,15,3,91,0,.1,0,1,0,0,0
2005,6,26,16,3,91,0,.1,0,1,0,0,0
2005,6,26,17,3,91,0,.1,0,1,0,0,0
2005,6,26,18,3,91,0,.1,0,1,0,0,0
2005,6,26,19,3,91,0,.1,0,1,0,0,0
2005,6,26,20,3,91,0,.1,0,1,0,0,0
2005,6,26,21,3,91,0,.1,0,1,0,0,0
2005,6,26,22,3,91,0,.1,0,1,0,0,0
2005,6,26,23,3,91,0,.1,0,1,0,0,0
2005,6,26,24,3,91,0,.1,0,1,0,0,0
2005,6,26,1,9,92,.1,.1,0,1,0,0,.1
2005,6,26,2,9,92,.1,.1,0,1,0,0,.1
2005,6,26,3,9,92,.1,.1,0,1,0,0,.1
2005,6,26,4,9,92,.1,.1,0,1,0,0,.1
2005,6,26,5,9,92,.1,.1,0,1,0,0,.1
2005,6,26,6,9,92,.1,.1,0,1,0,0,.1
2005,6,26,7,9,92,.1,.1,0,1,0,0,.1
2005,6,26,8,9,92,.1,.1,0,1,0,0,.1
2005,6,26,9,9,92,.1,.1,0,1,0,0,.1
2005,6,26,10,9,92,.1,.1,0,1,0,0,.1
2005,6,26,11,9,92,.1,.1,0,1,0,0,.1
2005,6,26,12,9,92,.1,.1,0,1,0,0,.1
2005,6,26,13,9,92,.1,.1,0,1,0,0,.1
2005,6,26,14,9,92,.1,.1,0,1,0,0,.1
2005,6,26,15,9,92,.1,.1,0,1,0,0,.1
2005,6,26,16,9,92,.1,.1,0,1,0,0,.1
2005,6,26,17,9,92,.1,.1,0,1,0,0,.1
2005,6,26,18,9,92,.1,.1,0,1,0,0,.1
2005,6,26,19,9,92,.1,.1,0,1,0,0,.1
2005,6,26,20,9,92,.1,.1,0,1,0,0,.1
2005,6,26,21,9,92,.1,.1,0,1,0,0,.1
2005,6,26,22,9,92,.1,.1,0,1,0,0,.1
2005,6,26,23,9,92,.1,.1,0,1,0,0,.1
2005,6,26,24,9,92,.1,.1,0,1,0,0,.1
2005,6,26,1,9,93,.1,.1,0,1,0,0,.1
2005,6,26,2,9,93,.1,.1,0,1,0,0,.1
2005,6,26,3,9,93,.1,.1,0,1,0,0,.1
2005,6,26,4,9,93,.1,.1,0,1,0,0,.1
2005,6,26,5,9,93,.1,.1,0,1,0,0,.1
2005,6,26,6,9,93,.1,.1,0,1,0,0,.1
2005,6,26,7,9,93,.1,.1,0,1,0,0,.1
2005,6,26,8,9,93,.1,.1,0,1,0,0,.1
2005,6,26,9,9,93,.1,.1,0,1,0,0,.1
2005,6,26,10,9,93,.1,.1,0,1,0,0,.1
2005,6,26,11,9,93,.1,.1,0,1,0,0,.1
2005,6,26,12,9,93,.1,.1,0,1,0,0,.1
2005,6,26,13,9,93,.1,.1,0,1,0,0,.1
2005,6,26,14,9,93,.1,.1,0,1,0,0,.1
2005,6,26,15,9,93,.1,.1,0,1,0,0,.1
2005,6,26,16,9,93,.1,.1,0,1,0,0,.1
2005,6,26,17,9,93,.1,.1,0,1,0,0,.1
2005,6,26,18,9,93,.1,.1,0,1,0,0,.1
2005,6,26,19,9,93,.1,.1,0,1,0,0,.1
2005,6,26,20,9,93,.1,.1,0,1,0,0,.1
2005,6,26,21,9,93,.1,.1,0,1,0,0,.1
2005,6,26,22,9,93,.1,.1,0,1,0,0,.1
2005,6,26,23,9,93,.1,.1,0,1,0,0,.1
2005,6,26,24,9,93,.1,.1,0,1,0,0,.1
2005,6,26,1,9,94,180.3,.1,0,2,0,0,180.3
2005,6,26,2,9,94,180.3,.1,0,2,0,0,180.3
2005,6,26,3,9,94,180.3,.1,0,2,0,0,180.3
2005,6,26,4,9,94,180.3,.1,0,2,0,0,180.3
2005,6,26,5,9,94,180.3,.1,0,2,0,0,180.3
2005,6,26,6,9,94,180.3,.1,0,2,0,0,180.3
2005,6,26,7,9,94,180.3,.1,0,2,0,0,180.3
2005,6,26,8,9,94,180.3,.1,0,2,0,0,180.3
2005,6,26,9,9,94,180.3,.1,0,2,0,0,180.3
2005,6,26,10,9,94,180.3,.1,0,2,0,0,180.3
2005,6,26,11,9,94,180.3,.1,0,2,0,0,180.3
2005,6,26,12,9,94,180.3,.1,0,2,0,0,180.3
2005,6,26,13,9,94,180.3,.1,0,2,0,0,180.3
2005,6,26,14,9,94,180.3,.1,0,2,0,0,180.3
2005,6,26,15,9,94,180.3,.1,0,2,0,0,180.3
2005,6,26,16,9,94,180.3,.1,0,2,0,0,180.3
2005,6,26,17,9,94,180.3,.1,0,2,0,0,180.3
2005,6,26,18,9,94,180.3,.1,0,2,0,0,180.3
2005,6,26,19,9,94,180.3,.1,0,2,0,0,180.3
2005,6,26,20,9,94,180.3,.1,0,2,0,0,180.3
2005,6,26,21,9,94,180.3,.1,0,2,0,0,180.3
2005,6,26,22,9,94,180.3,.1,0,2,0,0,180.3
2005,6,26,23,9,94,180.3,.1,0,2,0,0,180.3
2005,6,26,24,9,94,180.3,.1,0,2,0,0,180.3
2005,6,26,2,9,95,26.94,354.9,0,1,0,0,26.94
2005,6,26,3,9,95,26.64,354.9,0,1,0,0,26.64
2005,6,26,3,9,95,180.3,157.2,0,1,1,0,180.3
2005,6,26,4,9,95,23.82,354.9,0,1,0,0,23.82
2005,6,26,4,9,95,180.3,148,0,1,1,0,180.3
2005,6,26,5,9,95,24.58,354.9,0,1,0,0,24.58
2005,6,26,5,9,95,180.3,144,0,1,1,0,180.3
2005,6,26,6,9,95,23.82,354.9,0,1,0,0,23.82
2005,6,26,6,9,95,180.3,143,0,1,1,0,180.3
2005,6,26,7,9,95,23.75,354.9,0,1,0,0,23.75
2005,6,26,7,9,95,180.3,149.1,0,1,1,0,180.3
2005,6,26,8,9,95,26.36,354.9,0,1,0,0,26.36
2005,6,26,8,9,95,180.3,148,0,1,1,0,180.3
2005,6,26,9,9,95,26.25,354.9,0,1,0,0,26.25
2005,6,26,9,9,95,180.3,163.3,0,1,1,0,180.3
2005,6,26,10,9,95,26.42,354.9,0,1,0,0,26.42
2005,6,26,10,9,95,180.3,195.7,0,1,1,0,180.3
2005,6,26,11,9,95,26.49,354.9,0,1,0,0,26.49
2005,6,26,11,9,95,180.3,234.2,0,1,1,0,180.3
2005,6,26,12,9,95,26.27,354.9,0,1,0,0,26.27
2005,6,26,12,9,95,180.3,257.6,0,1,1,0,180.3
2005,6,26,13,9,95,26.92,354.9,0,1,0,0,26.92
2005,6,26,13,9,95,180.3,263.6,0,1,1,0,180.3
2005,6,26,14,9,95,26.95,354.9,0,1,0,0,26.95
2005,6,26,14,9,95,180.3,269.7,0,1,1,0,180.3
2005,6,26,15,9,95,26.79,354.9,0,1,0,0,26.79
2005,6,26,15,9,95,180.3,263.6,0,1,1,0,180.3
2005,6,26,16,9,95,26.47,354.9,0,1,0,0,26.47
2005,6,26,16,9,95,180.3,263.6,0,1,1,0,180.3
2005,6,26,17,9,95,26.15,354.9,0,1,0,0,26.15
2005,6,26,17,9,95,180.3,263.6,0,1,1,0,180.3
2005,6,26,18,9,95,26.11,354.9,0,1,0,0,26.11
2005,6,26,18,9,95,180.3,258.6,0,1,1,0,180.3
2005,6,26,19,9,95,26.25,354.9,0,1,0,0,26.25
2005,6,26,19,9,95,180.3,253.5,0,1,1,0,180.3
2005,6,26,20,9,95,26.33,354.9,0,1,0,0,26.33
2005,6,26,20,9,95,180.3,250.5,0,1,1,0,180.3
2005,6,26,21,9,95,25.86,354.9,0,1,0,0,25.86
2005,6,26,21,9,95,180.3,224.1,0,1,1,0,180.3
2005,6,26,22,9,95,26.22,354.9,0,1,0,0,26.22
2005,6,26,22,9,95,180.3,158.2,0,1,1,0,180.3
2005,6,26,23,9,95,26.59,354.9,0,1,0,0,26.59
2005,6,26,23,9,95,180.3,155.1,0,1,1,0,180.3
2005,6,26,24,9,95,26.27,354.9,0,1,0,0,26.27
2005,6,26,24,9,95,180.3,159.2,0,1,1,0,180.3
2005,6,26,1,9,96,180.3,.1,0,2,0,0,180.3
2005,6,26,2,9,96,180.3,.1,0,2,0,0,180.3
2005,6,26,3,9,96,180.3,.1,0,2,0,0,180.3
2005,6,26,4,9,96,180.3,.1,0,2,0,0,180.3
2005,6,26,5,9,96,180.3,.1,0,2,0,0,180.3
2005,6,26,6,9,96,180.3,.1,0,2,0,0,180.3
2005,6,26,7,9,96,180.3,.1,0,2,0,0,180.3
2005,6,26,8,9,96,180.3,.1,0,2,0,0,180.3
2005,6,26,9,9,96,180.3,.1,0,2,0,0,180.3
2005,6,26,10,9,96,180.3,.1,0,2,0,0,180.3
2005,6,26,11,9,96,180.3,.1,0,2,0,0,180.3
2005,6,26,12,9,96,180.3,.1,0,2,0,0,180.3
2005,6,26,13,9,96,180.3,.1,0,2,0,0,180.3
2005,6,26,14,9,96,180.3,.1,0,2,0,0,180.3
2005,6,26,15,9,96,180.3,.1,0,2,0,0,180.3
2005,6,26,16,9,96,180.3,.1,0,2,0,0,180.3
2005,6,26,17,9,96,180.3,.1,0,2,0,0,180.3
2005,6,26,18,9,96,180.3,.1,0,2,0,0,180.3
2005,6,26,19,9,96,180.3,.1,0,2,0,0,180.3
2005,6,26,20,9,96,180.3,.1,0,2,0,0,180.3
2005,6,26,21,9,96,180.3,.1,0,2,0,0,180.3
2005,6,26,22,9,96,180.3,.1,0,2,0,0,180.3
2005,6,26,23,9,96,180.3,.1,0,2,0,0,180.3
2005,6,26,24,9,96,180.3,.1,0,2,0,0,180.3
2005,6,26,1,9,97,0,4.9,0,2,1,0,0
2005,6,26,2,9,97,0,5.1,0,2,1,0,0
2005,6,26,3,9,97,0,4.5,0,2,1,0,0
2005,6,26,4,9,97,0,13.5,0,2,1,0,0
2005,6,26,5,9,97,0,12,0,2,1,0,0
2005,6,26,6,9,97,0,10.4,0,2,1,0,0
2005,6,26,7,9,97,0,8.8,0,2,1,0,0
2005,6,26,8,9,97,0,7.3,0,2,1,0,0
2005,6,26,9,9,97,0,6.2,0,2,1,0,0
2005,6,26,10,9,97,0,5.2,0,2,1,0,0
2005,6,26,11,9,97,0,4.2,0,2,1,0,0
2005,6,26,12,9,97,0,4.8,0,2,1,0,0
2005,6,26,13,9,97,0,4.4,0,2,1,0,0
2005,6,26,14,9,97,0,7,0,2,1,0,0
2005,6,26,15,9,97,0,6.3,0,2,1,0,0
2005,6,26,16,9,97,0,5.5,0,2,1,0,0
2005,6,26,17,9,97,0,4.8,0,2,1,0,0
2005,6,26,18,9,97,0,4.7,0,2,1,0,0
2005,6,26,19,9,97,0,5.5,0,2,1,0,0
2005,6,26,20,9,97,0,5.4,0,2,1,0,0
2005,6,26,21,9,97,0,5.6,0,2,1,0,0
2005,6,26,22,9,97,0,3.8,0,2,1,0,0
2005,6,26,23,9,97,0,4.3,0,2,1,0,0
2005,6,26,24,9,97,0,2.4,0,2,1,0,0
2005,6,26,1,9,98,150,22.8,0,1,1,0,150
2005,6,26,2,9,98,100,21.6,0,1,1,0,100
2005,6,26,3,9,98,100,20.5,0,1,1,0,100
2005,6,26,4,9,98,100,19.6,0,1,1,0,100
2005,6,26,5,9,98,100,18.9,0,1,1,0,100
2005,6,26,6,9,98,100,19,0,1,1,0,100
2005,6,26,7,9,98,100,19.4,0,1,1,0,100
2005,6,26,8,9,98,100,20.4,0,1,1,0,100
2005,6,26,9,9,98,150,22.4,0,1,1,0,150
2005,6,26,10,9,98,150,24.7,0,1,1,0,150
2005,6,26,11,9,98,150,27.2,0,1,1,0,150
2005,6,26,12,9,98,150,28.3,0,1,1,0,150
2005,6,26,13,9,98,150,29,0,1,1,0,150
2005,6,26,14,9,98,150,28.8,0,1,1,0,150
2005,6,26,15,9,98,150,25.3,0,1,1,0,150
2005,6,26,16,9,98,150,25.4,0,1,1,0,150
2005,6,26,17,9,98,150,26.1,0,1,1,0,150
2005,6,26,18,9,98,150,27.8,0,1,1,0,150
2005,6,26,19,9,98,150,28.3,0,1,1,0,150
2005,6,26,20,9,98,150,28.2,0,1,1,0,150
2005,6,26,21,9,98,150,27.8,0,1,1,0,150
2005,6,26,22,9,98,150,26.9,0,1,1,0,150
2005,6,26,23,9,98,150,26.1,0,1,1,0,150
2005,6,26,24,9,98,150,24.3,0,1,1,0,150
2005,6,26,1,9,99,0,50,0,1,0,0,0
2005,6,26,2,9,99,0,50,0,1,0,0,0
2005,6,26,3,9,99,0,50,0,1,0,0,0
2005,6,26,4,9,99,0,50,0,1,0,0,0
2005,6,26,5,9,99,0,50,0,1,0,0,0
2005,6,26,6,9,99,0,50,0,1,0,0,0
2005,6,26,7,9,99,0,50,0,1,0,0,0
2005,6,26,8,9,99,0,50,0,1,0,0,0
2005,6,26,9,9,99,0,50,0,1,0,0,0
2005,6,26,10,9,99,0,50,0,1,0,0,0
2005,6,26,11,9,99,0,50,0,1,0,0,0
2005,6,26,12,9,99,0,50,0,1,0,0,0
2005,6,26,13,9,99,0,50,0,1,0,0,0
2005,6,26,14,9,99,0,50,0,1,0,0,0
2005,6,26,15,9,99,0,50,0,1,0,0,0
2005,6,26,16,9,99,0,50,0,1,0,0,0
2005,6,26,17,9,99,0,50,0,1,0,0,0
2005,6,26,18,9,99,0,50,0,1,0,0,0
2005,6,26,19,9,99,0,50,0,1,0,0,0
2005,6,26,20,9,99,0,50,0,1,0,0,0
2005,6,26,21,9,99,0,50,0,1,0,0,0
2005,6,26,22,9,99,0,50,0,1,0,0,0
2005,6,26,23,9,99,0,50,0,1,0,0,0
2005,6,26,24,9,99,0,50,0,1,0,0,0
2005,6,26,1,9,100,180.3,3,0,1,1,0,180.3
2005,6,26,2,9,100,180.3,3,0,1,1,0,180.3
2005,6,26,3,9,100,180.3,3,0,1,1,0,180.3
2005,6,26,4,9,100,180.3,3,0,1,1,0,180.3
2005,6,26,5,9,100,180.3,3,0,1,1,0,180.3
2005,6,26,6,9,100,180.3,3,0,1,1,0,180.3
2005,6,26,7,9,100,180.3,3,0,1,1,0,180.3
2005,6,26,8,9,100,180.3,3,0,1,1,0,180.3
2005,6,26,9,9,100,180.3,3,0,1,1,0,180.3
2005,6,26,10,9,100,180.3,2.9,0,1,1,0,180.3
2005,6,26,11,9,100,180.3,3,0,1,1,0,180.3
2005,6,26,12,9,100,180.3,3,0,1,1,0,180.3
2005,6,26,13,9,100,180.3,3,0,1,1,0,180.3
2005,6,26,14,9,100,180.3,3,0,1,1,0,180.3
2005,6,26,15,9,100,180.3,2.9,0,1,1,0,180.3
2005,6,26,16,9,100,180.3,3,0,1,1,0,180.3
2005,6,26,17,9,100,180.3,3,0,1,1,0,180.3
2005,6,26,18,9,100,180.3,2.9,0,1,1,0,180.3
2005,6,26,19,9,100,180.3,2.9,0,1,1,0,180.3
2005,6,26,20,9,100,180.3,2.9,0,1,1,0,180.3
2005,6,26,21,9,100,180.3,2.9,0,1,1,0,180.3
2005,6,26,22,9,100,180.3,2.9,0,1,1,0,180.3
2005,6,26,23,9,100,180.3,2.9,0,1,1,0,180.3
2005,6,26,24,9,100,180.3,2.9,0,1,1,0,180.3
2005,6,26,1,9,101,0,117.8,0,2,1,0,0
2005,6,26,2,9,101,0,119.9,0,2,1,0,0
2005,6,26,3,9,101,0,107.9,0,2,1,0,0
2005,6,26,4,9,101,0,98.3,0,2,1,0,0
2005,6,26,5,9,101,0,87.7,0,2,1,0,0
2005,6,26,6,9,101,0,79.5,0,2,1,0,0
2005,6,26,7,9,101,0,71.9,0,2,1,0,0
2005,6,26,8,9,101,0,74.9,0,2,1,0,0
2005,6,26,9,9,101,0,80.2,0,2,1,0,0
2005,6,26,10,9,101,0,96.7,0,2,1,0,0
2005,6,26,11,9,101,0,121.8,0,2,1,0,0
2005,6,26,12,9,101,0,158.6,0,2,1,0,0
2005,6,26,13,9,101,0,184.4,0,2,1,0,0
2005,6,26,14,9,101,0,194.7,0,2,1,0,0
2005,6,26,15,9,101,0,193.6,0,2,1,0,0
2005,6,26,16,9,101,0,187.6,0,2,1,0,0
2005,6,26,17,9,101,0,182,0,2,1,0,0
2005,6,26,18,9,101,0,176.5,0,2,1,0,0
2005,6,26,19,9,101,0,164.1,0,2,1,0,0
2005,6,26,20,9,101,0,156.3,0,2,1,0,0
2005,6,26,21,9,101,0,150.6,0,2,1,0,0
2005,6,26,22,9,101,0,140.2,0,2,1,0,0
2005,6,26,23,9,101,0,134.4,0,2,1,0,0
2005,6,26,24,9,101,0,127.9,0,2,1,0,0
2005,6,26,1,9,102,0,60,0,2,1,0,0
2005,6,26,2,9,102,0,60,0,2,1,0,0
2005,6,26,3,9,102,0,60,0,2,1,0,0
2005,6,26,4,9,102,0,60,0,2,1,0,0
2005,6,26,5,9,102,0,56.7,0,2,1,0,0
2005,6,26,6,9,102,0,56.7,0,2,1,0,0
2005,6,26,7,9,102,0,56.1,0,2,1,0,0
2005,6,26,8,9,102,0,55.7,0,2,1,0,0
2005,6,26,9,9,102,0,55.6,0,2,1,0,0
2005,6,26,10,9,102,0,165.3,0,2,1,0,0
2005,6,26,11,9,102,0,169.9,0,2,1,0,0
2005,6,26,12,9,102,0,169.7,0,2,1,0,0
2005,6,26,13,9,102,0,169.7,0,2,1,0,0
2005,6,26,14,9,102,0,166.8,0,2,1,0,0
2005,6,26,15,9,102,0,165.6,0,2,1,0,0
2005,6,26,16,9,102,0,165.8,0,2,1,0,0
2005,6,26,17,9,102,0,168.5,0,2,1,0,0
2005,6,26,18,9,102,0,168.1,0,2,1,0,0
2005,6,26,19,9,102,0,172.9,0,2,1,0,0
2005,6,26,20,9,102,0,172.9,0,2,1,0,0
2005,6,26,21,9,102,0,158.9,0,2,1,0,0
2005,6,26,22,9,102,0,158.9,0,2,1,0,0
2005,6,26,23,9,102,0,159.4,0,2,1,0,0
2005,6,26,24,9,102,0,160,0,2,1,0,0
2005,6,26,1,9,103,0,75,0,2,1,0,0
2005,6,26,2,9,103,0,75,0,2,1,0,0
2005,6,26,3,9,103,0,75,0,2,1,0,0
2005,6,26,4,9,103,0,75,0,2,1,0,0
2005,6,26,5,9,103,0,70.9,0,2,1,0,0
2005,6,26,6,9,103,0,70.8,0,2,1,0,0
2005,6,26,7,9,103,0,70.1,0,2,1,0,0
2005,6,26,8,9,103,0,69.6,0,2,1,0,0
2005,6,26,9,9,103,0,69.5,0,2,1,0,0
2005,6,26,10,9,103,0,62,0,2,1,0,0
2005,6,26,11,9,103,0,63.7,0,2,1,0,0
2005,6,26,12,9,103,0,63.7,0,2,1,0,0
2005,6,26,13,9,103,0,63.7,0,2,1,0,0
2005,6,26,14,9,103,0,62.5,0,2,1,0,0
2005,6,26,15,9,103,0,62.1,0,2,1,0,0
2005,6,26,16,9,103,0,62.2,0,2,1,0,0
2005,6,26,17,9,103,0,63.2,0,2,1,0,0
2005,6,26,18,9,103,0,63.1,0,2,1,0,0
2005,6,26,19,9,103,0,64.8,0,2,1,0,0
2005,6,26,20,9,103,0,64.8,0,2,1,0,0
2005,6,26,21,9,103,0,59.6,0,2,1,0,0
2005,6,26,22,9,103,0,59.6,0,2,1,0,0
2005,6,26,23,9,103,0,59.8,0,2,1,0,0
2005,6,26,24,9,103,0,60,0,2,1,0,0
2005,6,26,1,9,1054,0,250,.705776,2,1,0,0
2005,6,26,1,9,1054,180.02,24,.705776,2,0,0,180.02
2005,6,26,2,9,1054,0,250,.705776,2,1,0,0
2005,6,26,2,9,1054,180.02,24,.705776,2,0,0,180.02
2005,6,26,3,9,1054,0,250,.705776,2,1,0,0
2005,6,26,3,9,1054,180.02,24,.705776,2,0,0,180.02
2005,6,26,4,9,1054,0,250,.705776,2,1,0,0
2005,6,26,4,9,1054,180.02,24,.705776,2,0,0,180.02
2005,6,26,5,9,1054,0,250,.705776,2,1,0,0
2005,6,26,5,9,1054,180.02,24,.705776,2,0,0,180.02
2005,6,26,6,9,1054,0,250,.705776,2,1,0,0
2005,6,26,6,9,1054,180.02,24,.705776,2,0,0,180.02
2005,6,26,7,9,1054,0,250,.705776,2,1,0,0
2005,6,26,7,9,1054,180.02,24,.705776,2,0,0,180.02
2005,6,26,8,9,1054,0,250,.705776,2,1,0,0
2005,6,26,8,9,1054,180.02,24,.705776,2,0,0,180.02
2005,6,26,9,9,1054,0,250,.705776,2,1,0,0
2005,6,26,9,9,1054,180.02,24,.705776,2,0,0,180.02
2005,6,26,10,9,1054,0,250,.705776,2,1,0,0
2005,6,26,10,9,1054,180.02,24,.705776,2,0,0,180.02
2005,6,26,11,9,1054,0,250,.705776,2,1,0,0
2005,6,26,11,9,1054,180.02,24,.705776,2,0,0,180.02
2005,6,26,12,9,1054,0,250,.705776,2,1,0,0
2005,6,26,12,9,1054,180.02,24,.705776,2,0,0,180.02
2005,6,26,13,9,1054,0,250,.705776,2,1,0,0
2005,6,26,13,9,1054,180.02,24,.705776,2,0,0,180.02
2005,6,26,14,9,1054,0,250,.705776,2,1,0,0
2005,6,26,14,9,1054,180.02,24,.705776,2,0,0,180.02
2005,6,26,15,9,1054,0,250,.705776,2,1,0,0
2005,6,26,15,9,1054,180.02,24,.705776,2,0,0,180.02
2005,6,26,16,9,1054,0,250,.705776,2,1,0,0
2005,6,26,16,9,1054,180.02,24,.705776,2,0,0,180.02
2005,6,26,17,9,1054,0,250,.705776,2,1,0,0
2005,6,26,17,9,1054,180.02,24,.705776,2,0,0,180.02
2005,6,26,18,9,1054,0,250,.705776,2,1,0,0
2005,6,26,18,9,1054,180.02,24,.705776,2,0,0,180.02
2005,6,26,19,9,1054,0,250,.705776,2,1,0,0
2005,6,26,19,9,1054,180.02,24,.705776,2,0,0,180.02
2005,6,26,20,9,1054,0,250,.705776,2,1,0,0
2005,6,26,20,9,1054,180.02,24,.705776,2,0,0,180.02
2005,6,26,21,9,1054,0,250,.705776,2,1,0,0
2005,6,26,21,9,1054,180.02,24,.705776,2,0,0,180.02
2005,6,26,22,9,1054,0,250,.705776,2,1,0,0
2005,6,26,22,9,1054,180.02,24,.705776,2,0,0,180.02
2005,6,26,23,9,1054,0,250,.705776,2,1,0,0
2005,6,26,23,9,1054,180.02,24,.705776,2,0,0,180.02
2005,6,26,24,9,1054,0,250,.705776,2,1,0,0
2005,6,26,24,9,1054,180.02,24,.705776,2,0,0,180.02
2005,6,26,1,9,105,0,7.6,0,2,1,0,0
2005,6,26,2,9,105,0,6.9,0,2,1,0,0
2005,6,26,3,9,105,0,6.2,0,2,1,0,0
2005,6,26,4,9,105,0,5.7,0,2,1,0,0
2005,6,26,5,9,105,0,5.2,0,2,1,0,0
2005,6,26,6,9,105,0,4.8,0,2,1,0,0
2005,6,26,7,9,105,0,4.4,0,2,1,0,0
2005,6,26,8,9,105,0,4.1,0,2,1,0,0
2005,6,26,9,9,105,0,3.7,0,2,1,0,0
2005,6,26,10,9,105,0,3.5,0,2,1,0,0
2005,6,26,11,9,105,0,3.2,0,2,1,0,0
2005,6,26,12,9,105,0,3,0,2,1,0,0
2005,6,26,13,9,105,0,2.8,0,2,1,0,0
2005,6,26,14,9,105,0,2.5,0,2,1,0,0
2005,6,26,15,9,105,0,2.2,0,2,1,0,0
2005,6,26,16,9,105,0,1.8,0,2,1,0,0
2005,6,26,17,9,105,0,1.4,0,2,1,0,0
2005,6,26,18,9,105,0,1,0,2,1,0,0
2005,6,26,19,9,105,0,.9,0,2,1,0,0
2005,6,26,20,9,105,0,.9,0,2,1,0,0
2005,6,26,21,9,105,0,1.2,0,2,1,0,0
2005,6,26,22,9,105,0,1.7,0,2,1,0,0
2005,6,26,23,9,105,0,2.5,0,2,1,0,0
2005,6,26,24,9,105,0,3.4,0,2,1,0,0
2005,6,26,1,9,106,0,37.9,0,2,1,0,0
2005,6,26,2,9,106,0,38.1,0,2,1,0,0
2005,6,26,3,9,106,0,38.3,0,2,1,0,0
2005,6,26,4,9,106,0,38.5,0,2,1,0,0
2005,6,26,5,9,106,0,38.6,0,2,1,0,0
2005,6,26,6,9,106,0,38.7,0,2,1,0,0
2005,6,26,7,9,106,0,38.6,0,2,1,0,0
2005,6,26,8,9,106,0,38.4,0,2,1,0,0
2005,6,26,9,9,106,0,38,0,2,1,0,0
2005,6,26,10,9,106,0,37.5,0,2,1,0,0
2005,6,26,11,9,106,0,37.3,0,2,1,0,0
2005,6,26,12,9,106,0,36.9,0,2,1,0,0
2005,6,26,13,9,106,0,36.9,0,2,1,0,0
2005,6,26,14,9,106,0,36.8,0,2,1,0,0
2005,6,26,15,9,106,0,36.8,0,2,1,0,0
2005,6,26,16,9,106,0,36.8,0,2,1,0,0
2005,6,26,17,9,106,0,36.6,0,2,1,0,0
2005,6,26,18,9,106,0,36.9,0,2,1,0,0
2005,6,26,19,9,106,0,37.4,0,2,1,0,0
2005,6,26,20,9,106,0,37.6,0,2,1,0,0
2005,6,26,21,9,106,0,37.8,0,2,1,0,0
2005,6,26,22,9,106,0,37.9,0,2,1,0,0
2005,6,26,23,9,106,0,38,0,2,1,0,0
2005,6,26,24,9,106,0,38.2,0,2,1,0,0
2005,6,26,1,9,107,0,44.4,0,2,1,0,0
2005,6,26,2,9,107,0,44.6,0,2,1,0,0
2005,6,26,3,9,107,0,44.9,0,2,1,0,0
2005,6,26,4,9,107,0,45,0,2,1,0,0
2005,6,26,5,9,107,0,45,0,2,1,0,0
2005,6,26,6,9,107,0,45,0,2,1,0,0
2005,6,26,7,9,107,0,44.9,0,2,1,0,0
2005,6,26,8,9,107,0,44.7,0,2,1,0,0
2005,6,26,9,9,107,0,44.6,0,2,1,0,0
2005,6,26,10,9,107,0,44.5,0,2,1,0,0
2005,6,26,11,9,107,0,44.4,0,2,1,0,0
2005,6,26,12,9,107,0,44.2,0,2,1,0,0
2005,6,26,13,9,107,0,44.1,0,2,1,0,0
2005,6,26,14,9,107,0,44.1,0,2,1,0,0
2005,6,26,15,9,107,0,43.8,0,2,1,0,0
2005,6,26,16,9,107,0,43.8,0,2,1,0,0
2005,6,26,17,9,107,0,43.6,0,2,1,0,0
2005,6,26,18,9,107,0,43.9,0,2,1,0,0
2005,6,26,19,9,107,0,44.6,0,2,1,0,0
2005,6,26,20,9,107,0,44.8,0,2,1,0,0
2005,6,26,21,9,107,0,45,0,2,1,0,0
2005,6,26,22,9,107,0,45.1,0,2,1,0,0
2005,6,26,23,9,107,0,45,0,2,1,0,0
2005,6,26,24,9,107,0,45.3,0,2,1,0,0
2005,6,26,1,9,108,180.3,1,0,2,0,0,180.3
2005,6,26,2,9,108,180.3,1,0,2,0,0,180.3
2005,6,26,3,9,108,180.3,1,0,2,0,0,180.3
2005,6,26,4,9,108,180.3,1,0,2,0,0,180.3
2005,6,26,5,9,108,180.3,1,0,2,0,0,180.3
2005,6,26,6,9,108,180.3,1,0,2,0,0,180.3
2005,6,26,7,9,108,180.3,1,0,2,0,0,180.3
2005,6,26,8,9,108,180.3,1,0,2,0,0,180.3
2005,6,26,9,9,108,180.3,1,0,2,0,0,180.3
2005,6,26,10,9,108,180.3,1,0,2,0,0,180.3
2005,6,26,11,9,108,180.3,1,0,2,0,0,180.3
2005,6,26,12,9,108,180.3,1,0,2,0,0,180.3
2005,6,26,13,9,108,180.3,1,0,2,0,0,180.3
2005,6,26,14,9,108,180.3,1,0,2,0,0,180.3
2005,6,26,15,9,108,180.3,1,0,2,0,0,180.3
2005,6,26,16,9,108,180.3,1,0,2,0,0,180.3
2005,6,26,17,9,108,180.3,1,0,2,0,0,180.3
2005,6,26,18,9,108,180.3,1,0,2,0,0,180.3
2005,6,26,19,9,108,180.3,1,0,2,0,0,180.3
2005,6,26,20,9,108,180.3,1,0,2,0,0,180.3
2005,6,26,21,9,108,180.3,1,0,2,0,0,180.3
2005,6,26,22,9,108,180.3,1,0,2,0,0,180.3
2005,6,26,23,9,108,180.3,1,0,2,0,0,180.3
2005,6,26,24,9,108,180.3,1,0,2,0,0,180.3
2005,6,26,1,9,109,150,.2,0,1,1,0,150
2005,6,26,2,9,109,150,.2,0,1,1,0,150
2005,6,26,3,9,109,150,.2,0,1,1,0,150
2005,6,26,4,9,109,150,.2,0,1,1,0,150
2005,6,26,5,9,109,150,.2,0,1,1,0,150
2005,6,26,6,9,109,150,.2,0,1,1,0,150
2005,6,26,7,9,109,150,.3,0,1,1,0,150
2005,6,26,8,9,109,150,.3,0,1,1,0,150
2005,6,26,9,9,109,150,.3,0,1,1,0,150
2005,6,26,10,9,109,150,.4,0,1,1,0,150
2005,6,26,11,9,109,150,.4,0,1,1,0,150
2005,6,26,12,9,109,150,.4,0,1,1,0,150
2005,6,26,13,9,109,150,.4,0,1,1,0,150
2005,6,26,14,9,109,150,.3,0,1,1,0,150
2005,6,26,15,9,109,150,.2,0,1,1,0,150
2005,6,26,16,9,109,150,.2,0,1,1,0,150
2005,6,26,17,9,109,150,.2,0,1,1,0,150
2005,6,26,18,9,109,150,.2,0,1,1,0,150
2005,6,26,19,9,109,150,.3,0,1,1,0,150
2005,6,26,20,9,109,150,.3,0,1,1,0,150
2005,6,26,21,9,109,150,.3,0,1,1,0,150
2005,6,26,22,9,109,150,.2,0,1,1,0,150
2005,6,26,23,9,109,150,.2,0,1,1,0,150
2005,6,26,24,9,109,150,.2,0,1,1,0,150
2005,6,26,1,9,110,180.3,5963.6,0,1,1,0,180.3
2005,6,26,2,9,110,180.3,5359.4,0,1,1,0,180.3
2005,6,26,3,9,110,180.3,4872.5,0,1,1,0,180.3
2005,6,26,4,9,110,180.3,4555.2,0,1,1,0,180.3
2005,6,26,5,9,110,180.3,4367.9,0,1,1,0,180.3
2005,6,26,6,9,110,180.3,4318.9,0,1,1,0,180.3
2005,6,26,7,9,110,180.3,4122.8,0,1,1,0,180.3
2005,6,26,8,9,110,180.3,4018.5,0,1,1,0,180.3
2005,6,26,9,9,110,180.3,4230.7,0,1,1,0,180.3
2005,6,26,10,9,110,180.3,4694.8,0,1,1,0,180.3
2005,6,26,11,9,110,180.3,5119.7,0,1,1,0,180.3
2005,6,26,12,9,110,180.3,5444.6,0,1,1,0,180.3
2005,6,26,13,9,110,180.3,5758.9,0,1,1,0,180.3
2005,6,26,14,9,110,180.3,6099,0,1,1,0,180.3
2005,6,26,15,9,110,180.3,6387.6,0,1,1,0,180.3
2005,6,26,16,9,110,180.3,6203.8,0,1,1,0,180.3
2005,6,26,17,9,110,180.3,5989.4,0,1,1,0,180.3
2005,6,26,18,9,110,180.3,5936.4,0,1,1,0,180.3
2005,6,26,19,9,110,180.3,5999.7,0,1,1,0,180.3
2005,6,26,20,9,110,180.3,6112.1,0,1,1,0,180.3
2005,6,26,21,9,110,180.3,6160.3,0,1,1,0,180.3
2005,6,26,22,9,110,180.3,6599.9,0,1,1,0,180.3
2005,6,26,23,9,110,180.3,7153.2,0,1,1,0,180.3
2005,6,26,24,9,110,180.3,6581.4,0,1,1,0,180.3
2005,6,26,1,2,111,142.88,203.1,0,1,1,0,142.88
2005,6,26,1,2,111,143.89,203.1,0,1,1,0,143.89
2005,6,26,1,2,111,144.9,203.1,0,1,1,0,144.9
2005,6,26,1,2,111,145.91,203.1,0,1,1,0,145.91
2005,6,26,1,2,111,146.92,203.1,0,1,1,0,146.92
2005,6,26,1,2,111,147.93,203.1,0,1,1,0,147.93
2005,6,26,1,2,111,148.94,203.1,0,1,1,0,148.94
2005,6,26,1,2,111,149.95,203.1,0,1,1,0,149.95
2005,6,26,1,2,111,150.96,203.1,0,1,1,0,150.96
2005,6,26,1,2,111,151.97,203.1,0,1,1,0,151.97
2005,6,26,1,2,111,152.98,203.1,0,1,1,0,152.98
2005,6,26,1,2,111,153.99,203.1,0,1,1,0,153.99
2005,6,26,1,2,111,155,203.5,0,1,1,0,155
2005,6,26,2,2,111,142.88,192.4,0,1,1,0,142.88
2005,6,26,2,2,111,143.89,192.4,0,1,1,0,143.89
2005,6,26,2,2,111,144.9,192.4,0,1,1,0,144.9
2005,6,26,2,2,111,145.91,192.4,0,1,1,0,145.91
2005,6,26,2,2,111,146.92,192.4,0,1,1,0,146.92
2005,6,26,2,2,111,147.93,192.4,0,1,1,0,147.93
2005,6,26,2,2,111,148.94,192.4,0,1,1,0,148.94
2005,6,26,2,2,111,149.95,192.4,0,1,1,0,149.95
2005,6,26,2,2,111,150.96,192.4,0,1,1,0,150.96
2005,6,26,2,2,111,151.97,192.4,0,1,1,0,151.97
2005,6,26,2,2,111,152.98,192.4,0,1,1,0,152.98
2005,6,26,2,2,111,153.99,192.4,0,1,1,0,153.99
2005,6,26,2,2,111,155,192.5,0,1,1,0,155
2005,6,26,3,2,111,142.88,182.5,0,1,1,0,142.88
2005,6,26,3,2,111,143.89,182.5,0,1,1,0,143.89
2005,6,26,3,2,111,144.9,182.5,0,1,1,0,144.9
2005,6,26,3,2,111,145.91,182.5,0,1,1,0,145.91
2005,6,26,3,2,111,146.92,182.5,0,1,1,0,146.92
2005,6,26,3,2,111,147.93,182.5,0,1,1,0,147.93
2005,6,26,3,2,111,148.94,182.5,0,1,1,0,148.94
2005,6,26,3,2,111,149.95,182.5,0,1,1,0,149.95
2005,6,26,3,2,111,150.96,182.5,0,1,1,0,150.96
2005,6,26,3,2,111,151.97,182.5,0,1,1,0,151.97
2005,6,26,3,2,111,152.98,182.5,0,1,1,0,152.98
2005,6,26,3,2,111,153.99,182.5,0,1,1,0,153.99
2005,6,26,3,2,111,155,181.9,0,1,1,0,155
2005,6,26,4,2,111,142.88,177.7,0,1,1,0,142.88
2005,6,26,4,2,111,143.89,177.7,0,1,1,0,143.89
2005,6,26,4,2,111,144.9,177.7,0,1,1,0,144.9
2005,6,26,4,2,111,145.91,177.7,0,1,1,0,145.91
2005,6,26,4,2,111,146.92,177.7,0,1,1,0,146.92
2005,6,26,4,2,111,147.93,177.7,0,1,1,0,147.93
2005,6,26,4,2,111,148.94,177.7,0,1,1,0,148.94
2005,6,26,4,2,111,149.95,177.7,0,1,1,0,149.95
2005,6,26,4,2,111,150.96,177.7,0,1,1,0,150.96
2005,6,26,4,2,111,151.97,177.7,0,1,1,0,151.97
2005,6,26,4,2,111,152.98,177.7,0,1,1,0,152.98
2005,6,26,4,2,111,153.99,177.7,0,1,1,0,153.99
2005,6,26,4,2,111,155,177.8,0,1,1,0,155
2005,6,26,5,2,111,142.88,174,0,1,1,0,142.88
2005,6,26,5,2,111,143.89,174,0,1,1,0,143.89
2005,6,26,5,2,111,144.9,174,0,1,1,0,144.9
2005,6,26,5,2,111,145.91,174,0,1,1,0,145.91
2005,6,26,5,2,111,146.92,174,0,1,1,0,146.92
2005,6,26,5,2,111,147.93,174,0,1,1,0,147.93
2005,6,26,5,2,111,148.94,174,0,1,1,0,148.94
2005,6,26,5,2,111,149.95,174,0,1,1,0,149.95
2005,6,26,5,2,111,150.96,174,0,1,1,0,150.96
2005,6,26,5,2,111,151.97,174,0,1,1,0,151.97
2005,6,26,5,2,111,152.98,174,0,1,1,0,152.98
2005,6,26,5,2,111,153.99,174,0,1,1,0,153.99
2005,6,26,5,2,111,155,173.9,0,1,1,0,155
2005,6,26,6,2,111,142.88,171.8,0,1,1,0,142.88
2005,6,26,6,2,111,143.89,171.8,0,1,1,0,143.89
2005,6,26,6,2,111,144.9,171.8,0,1,1,0,144.9
2005,6,26,6,2,111,145.91,171.8,0,1,1,0,145.91
2005,6,26,6,2,111,146.92,171.8,0,1,1,0,146.92
2005,6,26,6,2,111,147.93,171.8,0,1,1,0,147.93
2005,6,26,6,2,111,148.94,171.8,0,1,1,0,148.94
2005,6,26,6,2,111,149.95,171.8,0,1,1,0,149.95
2005,6,26,6,2,111,150.96,171.8,0,1,1,0,150.96
2005,6,26,6,2,111,151.97,171.8,0,1,1,0,151.97
2005,6,26,6,2,111,152.98,171.8,0,1,1,0,152.98
2005,6,26,6,2,111,153.99,171.8,0,1,1,0,153.99
2005,6,26,6,2,111,155,172.3,0,1,1,0,155
2005,6,26,7,2,111,142.88,167.5,0,1,1,0,142.88
2005,6,26,7,2,111,143.89,167.5,0,1,1,0,143.89
2005,6,26,7,2,111,144.9,167.5,0,1,1,0,144.9
2005,6,26,7,2,111,145.91,167.5,0,1,1,0,145.91
2005,6,26,7,2,111,146.92,167.5,0,1,1,0,146.92
2005,6,26,7,2,111,147.93,167.5,0,1,1,0,147.93
2005,6,26,7,2,111,148.94,167.5,0,1,1,0,148.94
2005,6,26,7,2,111,149.95,167.5,0,1,1,0,149.95
2005,6,26,7,2,111,150.96,167.5,0,1,1,0,150.96
2005,6,26,7,2,111,151.97,167.5,0,1,1,0,151.97
2005,6,26,7,2,111,152.98,167.5,0,1,1,0,152.98
2005,6,26,7,2,111,153.99,167.5,0,1,1,0,153.99
2005,6,26,7,2,111,155,167.9,0,1,1,0,155
2005,6,26,8,2,111,142.88,165.5,0,1,1,0,142.88
2005,6,26,8,2,111,143.89,165.5,0,1,1,0,143.89
2005,6,26,8,2,111,144.9,165.5,0,1,1,0,144.9
2005,6,26,8,2,111,145.91,165.5,0,1,1,0,145.91
2005,6,26,8,2,111,146.92,165.5,0,1,1,0,146.92
2005,6,26,8,2,111,147.93,165.5,0,1,1,0,147.93
2005,6,26,8,2,111,148.94,165.5,0,1,1,0,148.94
2005,6,26,8,2,111,149.95,165.5,0,1,1,0,149.95
2005,6,26,8,2,111,150.96,165.5,0,1,1,0,150.96
2005,6,26,8,2,111,151.97,165.5,0,1,1,0,151.97
2005,6,26,8,2,111,152.98,165.5,0,1,1,0,152.98
2005,6,26,8,2,111,153.99,165.5,0,1,1,0,153.99
2005,6,26,8,2,111,155,165.7,0,1,1,0,155
2005,6,26,9,2,111,142.88,173.8,0,1,1,0,142.88
2005,6,26,9,2,111,143.89,173.8,0,1,1,0,143.89
2005,6,26,9,2,111,144.9,173.8,0,1,1,0,144.9
2005,6,26,9,2,111,145.91,173.8,0,1,1,0,145.91
2005,6,26,9,2,111,146.92,173.8,0,1,1,0,146.92
2005,6,26,9,2,111,147.93,173.8,0,1,1,0,147.93
2005,6,26,9,2,111,148.94,173.8,0,1,1,0,148.94
2005,6,26,9,2,111,149.95,173.8,0,1,1,0,149.95
2005,6,26,9,2,111,150.96,173.8,0,1,1,0,150.96
2005,6,26,9,2,111,151.97,173.8,0,1,1,0,151.97
2005,6,26,9,2,111,152.98,173.8,0,1,1,0,152.98
2005,6,26,9,2,111,153.99,173.8,0,1,1,0,153.99
2005,6,26,9,2,111,155,173.5,0,1,1,0,155
2005,6,26,10,2,111,134.87,68.5,0,1,1,0,134.87
2005,6,26,10,2,111,142.88,179.6,0,1,1,0,142.88
2005,6,26,10,2,111,143.89,179.6,0,1,1,0,143.89
2005,6,26,10,2,111,144.9,179.6,0,1,1,0,144.9
2005,6,26,10,2,111,145.91,179.6,0,1,1,0,145.91
2005,6,26,10,2,111,146.92,179.6,0,1,1,0,146.92
2005,6,26,10,2,111,147.93,179.6,0,1,1,0,147.93
2005,6,26,10,2,111,148.94,179.6,0,1,1,0,148.94
2005,6,26,10,2,111,149.95,179.6,0,1,1,0,149.95
2005,6,26,10,2,111,150.96,179.6,0,1,1,0,150.96
2005,6,26,10,2,111,151.97,179.6,0,1,1,0,151.97
2005,6,26,10,2,111,152.98,179.6,0,1,1,0,152.98
2005,6,26,10,2,111,153.99,179.6,0,1,1,0,153.99
2005,6,26,10,2,111,155,179.2,0,1,1,0,155
2005,6,26,11,2,111,134.87,99,0,1,1,0,134.87
2005,6,26,11,2,111,142.88,190.9,0,1,1,0,142.88
2005,6,26,11,2,111,143.89,190.9,0,1,1,0,143.89
2005,6,26,11,2,111,144.9,190.9,0,1,1,0,144.9
2005,6,26,11,2,111,145.91,190.9,0,1,1,0,145.91
2005,6,26,11,2,111,146.92,190.9,0,1,1,0,146.92
2005,6,26,11,2,111,147.93,190.9,0,1,1,0,147.93
2005,6,26,11,2,111,148.94,190.9,0,1,1,0,148.94
2005,6,26,11,2,111,149.95,190.9,0,1,1,0,149.95
2005,6,26,11,2,111,150.96,190.9,0,1,1,0,150.96
2005,6,26,11,2,111,151.97,190.9,0,1,1,0,151.97
2005,6,26,11,2,111,152.98,190.9,0,1,1,0,152.98
2005,6,26,11,2,111,153.99,190.9,0,1,1,0,153.99
2005,6,26,11,2,111,155,190.4,0,1,1,0,155
2005,6,26,12,2,111,134.87,99,0,1,1,0,134.87
2005,6,26,12,2,111,142.88,198.7,0,1,1,0,142.88
2005,6,26,12,2,111,143.89,198.7,0,1,1,0,143.89
2005,6,26,12,2,111,144.9,198.7,0,1,1,0,144.9
2005,6,26,12,2,111,145.91,198.7,0,1,1,0,145.91
2005,6,26,12,2,111,146.92,198.7,0,1,1,0,146.92
2005,6,26,12,2,111,147.93,198.7,0,1,1,0,147.93
2005,6,26,12,2,111,148.94,198.7,0,1,1,0,148.94
2005,6,26,12,2,111,149.95,198.7,0,1,1,0,149.95
2005,6,26,12,2,111,150.96,198.7,0,1,1,0,150.96
2005,6,26,12,2,111,151.97,198.7,0,1,1,0,151.97
2005,6,26,12,2,111,152.98,198.7,0,1,1,0,152.98
2005,6,26,12,2,111,153.99,198.7,0,1,1,0,153.99
2005,6,26,12,2,111,155,198.7,0,1,1,0,155
2005,6,26,13,2,111,134.87,130.5,0,1,1,0,134.87
2005,6,26,13,2,111,142.88,198.3,0,1,1,0,142.88
2005,6,26,13,2,111,143.89,198.3,0,1,1,0,143.89
2005,6,26,13,2,111,144.9,198.3,0,1,1,0,144.9
2005,6,26,13,2,111,145.91,198.3,0,1,1,0,145.91
2005,6,26,13,2,111,146.92,198.3,0,1,1,0,146.92
2005,6,26,13,2,111,147.93,198.3,0,1,1,0,147.93
2005,6,26,13,2,111,148.94,198.3,0,1,1,0,148.94
2005,6,26,13,2,111,149.95,198.3,0,1,1,0,149.95
2005,6,26,13,2,111,150.96,198.3,0,1,1,0,150.96
2005,6,26,13,2,111,151.97,198.3,0,1,1,0,151.97
2005,6,26,13,2,111,152.98,198.3,0,1,1,0,152.98
2005,6,26,13,2,111,153.99,198.3,0,1,1,0,153.99
2005,6,26,13,2,111,155,198.3,0,1,1,0,155
2005,6,26,14,2,111,134.87,130.5,0,1,1,0,134.87
2005,6,26,14,2,111,142.88,199,0,1,1,0,142.88
2005,6,26,14,2,111,143.89,199,0,1,1,0,143.89
2005,6,26,14,2,111,144.9,199,0,1,1,0,144.9
2005,6,26,14,2,111,145.91,199,0,1,1,0,145.91
2005,6,26,14,2,111,146.92,199,0,1,1,0,146.92
2005,6,26,14,2,111,147.93,199,0,1,1,0,147.93
2005,6,26,14,2,111,148.94,199,0,1,1,0,148.94
2005,6,26,14,2,111,149.95,199,0,1,1,0,149.95
2005,6,26,14,2,111,150.96,199,0,1,1,0,150.96
2005,6,26,14,2,111,151.97,199,0,1,1,0,151.97
2005,6,26,14,2,111,152.98,199,0,1,1,0,152.98
2005,6,26,14,2,111,153.99,199,0,1,1,0,153.99
2005,6,26,14,2,111,155,199,0,1,1,0,155
2005,6,26,15,2,111,134.87,130.5,0,1,1,0,134.87
2005,6,26,15,2,111,142.88,190.4,0,1,1,0,142.88
2005,6,26,15,2,111,143.89,190.4,0,1,1,0,143.89
2005,6,26,15,2,111,144.9,190.4,0,1,1,0,144.9
2005,6,26,15,2,111,145.91,190.4,0,1,1,0,145.91
2005,6,26,15,2,111,146.92,190.4,0,1,1,0,146.92
2005,6,26,15,2,111,147.93,190.4,0,1,1,0,147.93
2005,6,26,15,2,111,148.94,190.4,0,1,1,0,148.94
2005,6,26,15,2,111,149.95,190.4,0,1,1,0,149.95
2005,6,26,15,2,111,150.96,190.4,0,1,1,0,150.96
2005,6,26,15,2,111,151.97,190.4,0,1,1,0,151.97
2005,6,26,15,2,111,152.98,190.4,0,1,1,0,152.98
2005,6,26,15,2,111,153.99,190.4,0,1,1,0,153.99
2005,6,26,15,2,111,155,190.2,0,1,1,0,155
2005,6,26,16,2,111,134.87,99,0,1,1,0,134.87
2005,6,26,16,2,111,142.88,191,0,1,1,0,142.88
2005,6,26,16,2,111,143.89,191,0,1,1,0,143.89
2005,6,26,16,2,111,144.9,191,0,1,1,0,144.9
2005,6,26,16,2,111,145.91,191,0,1,1,0,145.91
2005,6,26,16,2,111,146.92,191,0,1,1,0,146.92
2005,6,26,16,2,111,147.93,191,0,1,1,0,147.93
2005,6,26,16,2,111,148.94,191,0,1,1,0,148.94
2005,6,26,16,2,111,149.95,191,0,1,1,0,149.95
2005,6,26,16,2,111,150.96,191,0,1,1,0,150.96
2005,6,26,16,2,111,151.97,191,0,1,1,0,151.97
2005,6,26,16,2,111,152.98,191,0,1,1,0,152.98
2005,6,26,16,2,111,153.99,191,0,1,1,0,153.99
2005,6,26,16,2,111,155,190.9,0,1,1,0,155
2005,6,26,17,2,111,134.87,99,0,1,1,0,134.87
2005,6,26,17,2,111,142.88,189.5,0,1,1,0,142.88
2005,6,26,17,2,111,143.89,189.5,0,1,1,0,143.89
2005,6,26,17,2,111,144.9,189.5,0,1,1,0,144.9
2005,6,26,17,2,111,145.91,189.5,0,1,1,0,145.91
2005,6,26,17,2,111,146.92,189.5,0,1,1,0,146.92
2005,6,26,17,2,111,147.93,189.5,0,1,1,0,147.93
2005,6,26,17,2,111,148.94,189.5,0,1,1,0,148.94
2005,6,26,17,2,111,149.95,189.5,0,1,1,0,149.95
2005,6,26,17,2,111,150.96,189.5,0,1,1,0,150.96
2005,6,26,17,2,111,151.97,189.5,0,1,1,0,151.97
2005,6,26,17,2,111,152.98,189.5,0,1,1,0,152.98
2005,6,26,17,2,111,153.99,189.5,0,1,1,0,153.99
2005,6,26,17,2,111,155,188.9,0,1,1,0,155
2005,6,26,18,2,111,134.87,99,0,1,1,0,134.87
2005,6,26,18,2,111,142.88,190.9,0,1,1,0,142.88
2005,6,26,18,2,111,143.89,190.9,0,1,1,0,143.89
2005,6,26,18,2,111,144.9,190.9,0,1,1,0,144.9
2005,6,26,18,2,111,145.91,190.9,0,1,1,0,145.91
2005,6,26,18,2,111,146.92,190.9,0,1,1,0,146.92
2005,6,26,18,2,111,147.93,190.9,0,1,1,0,147.93
2005,6,26,18,2,111,148.94,190.9,0,1,1,0,148.94
2005,6,26,18,2,111,149.95,190.9,0,1,1,0,149.95
2005,6,26,18,2,111,150.96,190.9,0,1,1,0,150.96
2005,6,26,18,2,111,151.97,190.9,0,1,1,0,151.97
2005,6,26,18,2,111,152.98,190.9,0,1,1,0,152.98
2005,6,26,18,2,111,153.99,190.9,0,1,1,0,153.99
2005,6,26,18,2,111,155,191.3,0,1,1,0,155
2005,6,26,19,2,111,134.87,99,0,1,1,0,134.87
2005,6,26,19,2,111,142.88,191.7,0,1,1,0,142.88
2005,6,26,19,2,111,143.89,191.7,0,1,1,0,143.89
2005,6,26,19,2,111,144.9,191.7,0,1,1,0,144.9
2005,6,26,19,2,111,145.91,191.7,0,1,1,0,145.91
2005,6,26,19,2,111,146.92,191.7,0,1,1,0,146.92
2005,6,26,19,2,111,147.93,191.7,0,1,1,0,147.93
2005,6,26,19,2,111,148.94,191.7,0,1,1,0,148.94
2005,6,26,19,2,111,149.95,191.7,0,1,1,0,149.95
2005,6,26,19,2,111,150.96,191.7,0,1,1,0,150.96
2005,6,26,19,2,111,151.97,191.7,0,1,1,0,151.97
2005,6,26,19,2,111,152.98,191.7,0,1,1,0,152.98
2005,6,26,19,2,111,153.99,191.7,0,1,1,0,153.99
2005,6,26,19,2,111,155,192.2,0,1,1,0,155
2005,6,26,20,2,111,134.87,99,0,1,1,0,134.87
2005,6,26,20,2,111,142.88,192.3,0,1,1,0,142.88
2005,6,26,20,2,111,143.89,192.3,0,1,1,0,143.89
2005,6,26,20,2,111,144.9,192.3,0,1,1,0,144.9
2005,6,26,20,2,111,145.91,192.3,0,1,1,0,145.91
2005,6,26,20,2,111,146.92,192.3,0,1,1,0,146.92
2005,6,26,20,2,111,147.93,192.3,0,1,1,0,147.93
2005,6,26,20,2,111,148.94,192.3,0,1,1,0,148.94
2005,6,26,20,2,111,149.95,192.3,0,1,1,0,149.95
2005,6,26,20,2,111,150.96,192.3,0,1,1,0,150.96
2005,6,26,20,2,111,151.97,192.3,0,1,1,0,151.97
2005,6,26,20,2,111,152.98,192.3,0,1,1,0,152.98
2005,6,26,20,2,111,153.99,192.3,0,1,1,0,153.99
2005,6,26,20,2,111,155,191.9,0,1,1,0,155
2005,6,26,21,2,111,134.87,169,0,1,1,0,134.87
2005,6,26,21,2,111,142.88,193.4,0,1,1,0,142.88
2005,6,26,21,2,111,143.89,193.4,0,1,1,0,143.89
2005,6,26,21,2,111,144.9,193.4,0,1,1,0,144.9
2005,6,26,21,2,111,145.91,193.4,0,1,1,0,145.91
2005,6,26,21,2,111,146.92,193.4,0,1,1,0,146.92
2005,6,26,21,2,111,147.93,193.4,0,1,1,0,147.93
2005,6,26,21,2,111,148.94,193.4,0,1,1,0,148.94
2005,6,26,21,2,111,149.95,193.4,0,1,1,0,149.95
2005,6,26,21,2,111,150.96,193.4,0,1,1,0,150.96
2005,6,26,21,2,111,151.97,193.4,0,1,1,0,151.97
2005,6,26,21,2,111,152.98,193.4,0,1,1,0,152.98
2005,6,26,21,2,111,153.99,193.4,0,1,1,0,153.99
2005,6,26,21,2,111,155,193.2,0,1,1,0,155
2005,6,26,22,2,111,134.87,200.5,0,1,1,0,134.87
2005,6,26,22,2,111,142.88,198.2,0,1,1,0,142.88
2005,6,26,22,2,111,143.89,198.2,0,1,1,0,143.89
2005,6,26,22,2,111,144.9,198.2,0,1,1,0,144.9
2005,6,26,22,2,111,145.91,198.2,0,1,1,0,145.91
2005,6,26,22,2,111,146.92,198.2,0,1,1,0,146.92
2005,6,26,22,2,111,147.93,198.2,0,1,1,0,147.93
2005,6,26,22,2,111,148.94,198.2,0,1,1,0,148.94
2005,6,26,22,2,111,149.95,198.2,0,1,1,0,149.95
2005,6,26,22,2,111,150.96,198.2,0,1,1,0,150.96
2005,6,26,22,2,111,151.97,198.2,0,1,1,0,151.97
2005,6,26,22,2,111,152.98,198.2,0,1,1,0,152.98
2005,6,26,22,2,111,153.99,198.2,0,1,1,0,153.99
2005,6,26,22,2,111,155,198,0,1,1,0,155
2005,6,26,23,2,111,134.87,225.5,0,1,1,0,134.87
2005,6,26,23,2,111,142.88,207,0,1,1,0,142.88
2005,6,26,23,2,111,143.89,207,0,1,1,0,143.89
2005,6,26,23,2,111,144.9,207,0,1,1,0,144.9
2005,6,26,23,2,111,145.91,207,0,1,1,0,145.91
2005,6,26,23,2,111,146.92,207,0,1,1,0,146.92
2005,6,26,23,2,111,147.93,207,0,1,1,0,147.93
2005,6,26,23,2,111,148.94,207,0,1,1,0,148.94
2005,6,26,23,2,111,149.95,207,0,1,1,0,149.95
2005,6,26,23,2,111,150.96,207,0,1,1,0,150.96
2005,6,26,23,2,111,151.97,207,0,1,1,0,151.97
2005,6,26,23,2,111,152.98,207,0,1,1,0,152.98
2005,6,26,23,2,111,153.99,207,0,1,1,0,153.99
2005,6,26,23,2,111,155,206.7,0,1,1,0,155
2005,6,26,24,2,111,134.87,200.5,0,1,1,0,134.87
2005,6,26,24,2,111,142.88,202.1,0,1,1,0,142.88
2005,6,26,24,2,111,143.89,202.1,0,1,1,0,143.89
2005,6,26,24,2,111,144.9,202.1,0,1,1,0,144.9
2005,6,26,24,2,111,145.91,202.1,0,1,1,0,145.91
2005,6,26,24,2,111,146.92,202.1,0,1,1,0,146.92
2005,6,26,24,2,111,147.93,202.1,0,1,1,0,147.93
2005,6,26,24,2,111,148.94,202.1,0,1,1,0,148.94
2005,6,26,24,2,111,149.95,202.1,0,1,1,0,149.95
2005,6,26,24,2,111,150.96,202.1,0,1,1,0,150.96
2005,6,26,24,2,111,151.97,202.1,0,1,1,0,151.97
2005,6,26,24,2,111,152.98,202.1,0,1,1,0,152.98
2005,6,26,24,2,111,153.99,202.1,0,1,1,0,153.99
2005,6,26,24,2,111,155,201.5,0,1,1,0,155
2005,6,26,1,2,112,0,33.3,0,2,1,0,0
2005,6,26,2,2,112,0,33.4,0,2,1,0,0
2005,6,26,3,2,112,0,33.5,0,2,1,0,0
2005,6,26,4,2,112,0,33.6,0,2,1,0,0
2005,6,26,5,2,112,0,33.7,0,2,1,0,0
2005,6,26,6,2,112,0,33.8,0,2,1,0,0
2005,6,26,7,2,112,0,33.9,0,2,1,0,0
2005,6,26,8,2,112,0,33.9,0,2,1,0,0
2005,6,26,9,2,112,0,33.8,0,2,1,0,0
2005,6,26,10,2,112,0,33.6,0,2,1,0,0
2005,6,26,11,2,112,0,33.4,0,2,1,0,0
2005,6,26,12,2,112,0,33.2,0,2,1,0,0
2005,6,26,13,2,112,0,33.1,0,2,1,0,0
2005,6,26,14,2,112,0,33,0,2,1,0,0
2005,6,26,15,2,112,0,33,0,2,1,0,0
2005,6,26,16,2,112,0,32.9,0,2,1,0,0
2005,6,26,17,2,112,0,32.8,0,2,1,0,0
2005,6,26,18,2,112,0,32.8,0,2,1,0,0
2005,6,26,19,2,112,0,32.8,0,2,1,0,0
2005,6,26,20,2,112,0,32.9,0,2,1,0,0
2005,6,26,21,2,112,0,33,0,2,1,0,0
2005,6,26,22,2,112,0,33.1,0,2,1,0,0
2005,6,26,23,2,112,0,33.2,0,2,1,0,0
2005,6,26,24,2,112,0,33.4,0,2,1,0,0
2005,6,26,1,2,113,180.3,209.8,0,1,1,0,180.3
2005,6,26,2,2,113,180.3,188.1,0,1,1,0,180.3
2005,6,26,3,2,113,180.3,179.2,0,1,1,0,180.3
2005,6,26,4,2,113,180.3,175.1,0,1,1,0,180.3
2005,6,26,5,2,113,180.3,171.8,0,1,1,0,180.3
2005,6,26,6,2,113,180.3,172.7,0,1,1,0,180.3
2005,6,26,7,2,113,180.3,173.6,0,1,1,0,180.3
2005,6,26,8,2,113,180.3,178,0,1,1,0,180.3
2005,6,26,9,2,113,180.3,183.6,0,1,1,0,180.3
2005,6,26,10,2,113,180.3,190.6,0,1,1,0,180.3
2005,6,26,11,2,113,180.3,208.7,0,1,1,0,180.3
2005,6,26,12,2,113,180.3,218.2,0,1,1,0,180.3
2005,6,26,13,2,113,180.3,222,0,1,1,0,180.3
2005,6,26,14,2,113,180.3,219,0,1,1,0,180.3
2005,6,26,15,2,113,180.3,213.2,0,1,1,0,180.3
2005,6,26,16,2,113,180.3,211.6,0,1,1,0,180.3
2005,6,26,17,2,113,180.3,211.2,0,1,1,0,180.3
2005,6,26,18,2,113,180.3,210.5,0,1,1,0,180.3
2005,6,26,19,2,113,180.3,210,0,1,1,0,180.3
2005,6,26,20,2,113,180.3,207.8,0,1,1,0,180.3
2005,6,26,21,2,113,180.3,203.9,0,1,1,0,180.3
2005,6,26,22,2,113,180.3,202.7,0,1,1,0,180.3
2005,6,26,23,2,113,180.3,202.7,0,1,1,0,180.3
2005,6,26,24,2,113,180.3,203.6,0,1,1,0,180.3
2005,6,26,1,2,114,0,175,0,2,1,0,0
2005,6,26,2,2,114,0,250,0,2,1,0,0
2005,6,26,3,2,114,0,250,0,2,1,0,0
2005,6,26,4,2,114,0,250,0,2,1,0,0
2005,6,26,5,2,114,0,236.3,0,2,1,0,0
2005,6,26,6,2,114,0,236,0,2,1,0,0
2005,6,26,7,2,114,0,233.6,0,2,1,0,0
2005,6,26,8,2,114,0,232.1,0,2,1,0,0
2005,6,26,9,2,114,0,231.5,0,2,1,0,0
2005,6,26,10,2,114,0,206.7,0,2,1,0,0
2005,6,26,11,2,114,0,191.2,0,2,1,0,0
2005,6,26,12,2,114,0,190.9,0,2,1,0,0
2005,6,26,13,2,114,0,190.9,0,2,1,0,0
2005,6,26,14,2,114,0,208.5,0,2,1,0,0
2005,6,26,15,2,114,0,207,0,2,1,0,0
2005,6,26,16,2,114,0,207.2,0,2,1,0,0
2005,6,26,17,2,114,0,210.6,0,2,1,0,0
2005,6,26,18,2,114,0,210.2,0,2,1,0,0
2005,6,26,19,2,114,0,216.1,0,2,1,0,0
2005,6,26,20,2,114,0,216.1,0,2,1,0,0
2005,6,26,21,2,114,0,139,0,2,1,0,0
2005,6,26,22,2,114,0,139.1,0,2,1,0,0
2005,6,26,23,2,114,0,139.4,0,2,1,0,0
2005,6,26,24,2,114,0,140,0,2,1,0,0
2005,6,26,1,2,115,1,50,0,1,0,0,1
2005,6,26,2,2,115,1,50,0,1,0,0,1
2005,6,26,3,2,115,1,50,0,1,0,0,1
2005,6,26,4,2,115,1,50,0,1,0,0,1
2005,6,26,5,2,115,1,50,0,1,0,0,1
2005,6,26,6,2,115,1,50,0,1,0,0,1
2005,6,26,7,2,115,1,50,0,1,0,0,1
2005,6,26,8,2,115,1,50,0,1,0,0,1
2005,6,26,9,2,115,1,50,0,1,0,0,1
2005,6,26,10,2,115,1,50,0,1,0,0,1
2005,6,26,11,2,115,1,50,0,1,0,0,1
2005,6,26,12,2,115,1,50,0,1,0,0,1
2005,6,26,13,2,115,1,50,0,1,0,0,1
2005,6,26,14,2,115,1,50,0,1,0,0,1
2005,6,26,15,2,115,1,50,0,1,0,0,1
2005,6,26,16,2,115,1,50,0,1,0,0,1
2005,6,26,17,2,115,1,50,0,1,0,0,1
2005,6,26,18,2,115,1,50,0,1,0,0,1
2005,6,26,19,2,115,1,50,0,1,0,0,1
2005,6,26,20,2,115,1,50,0,1,0,0,1
2005,6,26,21,2,115,1,50,0,1,0,0,1
2005,6,26,22,2,115,1,50,0,1,0,0,1
2005,6,26,23,2,115,1,50,0,1,0,0,1
2005,6,26,24,2,115,1,50,0,1,0,0,1
2005,6,26,1,9,116,180.3,.1,0,2,0,0,180.3
2005,6,26,2,9,116,180.3,.1,0,2,0,0,180.3
2005,6,26,3,9,116,180.3,.1,0,2,0,0,180.3
2005,6,26,4,9,116,180.3,.1,0,2,0,0,180.3
2005,6,26,5,9,116,180.3,.1,0,2,0,0,180.3
2005,6,26,6,9,116,180.3,.1,0,2,0,0,180.3
2005,6,26,7,9,116,180.3,.1,0,2,0,0,180.3
2005,6,26,8,9,116,180.3,.1,0,2,0,0,180.3
2005,6,26,9,9,116,180.3,.1,0,2,0,0,180.3
2005,6,26,10,9,116,180.3,.1,0,2,0,0,180.3
2005,6,26,11,9,116,180.3,.1,0,2,0,0,180.3
2005,6,26,12,9,116,180.3,.1,0,2,0,0,180.3
2005,6,26,13,9,116,180.3,.1,0,2,0,0,180.3
2005,6,26,14,9,116,180.3,.1,0,2,0,0,180.3
2005,6,26,15,9,116,180.3,.1,0,2,0,0,180.3
2005,6,26,16,9,116,180.3,.1,0,2,0,0,180.3
2005,6,26,17,9,116,180.3,.1,0,2,0,0,180.3
2005,6,26,18,9,116,180.3,.1,0,2,0,0,180.3
2005,6,26,19,9,116,180.3,.1,0,2,0,0,180.3
2005,6,26,20,9,116,180.3,.1,0,2,0,0,180.3
2005,6,26,21,9,116,180.3,.1,0,2,0,0,180.3
2005,6,26,22,9,116,180.3,.1,0,2,0,0,180.3
2005,6,26,23,9,116,180.3,.1,0,2,0,0,180.3
2005,6,26,24,9,116,180.3,.1,0,2,0,0,180.3
2005,6,26,1,9,117,0,19.3,0,2,1,0,0
2005,6,26,2,9,117,0,19.2,0,2,1,0,0
2005,6,26,3,9,117,0,20.4,0,2,1,0,0
2005,6,26,4,9,117,0,20.7,0,2,1,0,0
2005,6,26,5,9,117,0,21.1,0,2,1,0,0
2005,6,26,6,9,117,0,21.3,0,2,1,0,0
2005,6,26,7,9,117,0,22.6,0,2,1,0,0
2005,6,26,8,9,117,0,23.2,0,2,1,0,0
2005,6,26,9,9,117,0,23.5,0,2,1,0,0
2005,6,26,10,9,117,0,23.7,0,2,1,0,0
2005,6,26,11,9,117,0,23.5,0,2,1,0,0
2005,6,26,12,9,117,0,23.5,0,2,1,0,0
2005,6,26,13,9,117,0,24,0,2,1,0,0
2005,6,26,14,9,117,0,28.8,0,2,1,0,0
2005,6,26,15,9,117,0,28.3,0,2,1,0,0
2005,6,26,16,9,117,0,26.4,0,2,1,0,0
2005,6,26,17,9,117,0,24.4,0,2,1,0,0
2005,6,26,18,9,117,0,23.8,0,2,1,0,0
2005,6,26,19,9,117,0,24.3,0,2,1,0,0
2005,6,26,20,9,117,0,25.5,0,2,1,0,0
2005,6,26,21,9,117,0,26.9,0,2,1,0,0
2005,6,26,22,9,117,0,21,0,2,1,0,0
2005,6,26,23,9,117,0,19.9,0,2,1,0,0
2005,6,26,24,9,117,0,19.2,0,2,1,0,0
2005,6,26,1,9,118,0,18.9,0,2,1,0,0
2005,6,26,2,9,118,0,18.8,0,2,1,0,0
2005,6,26,3,9,118,0,19,0,2,1,0,0
2005,6,26,4,9,118,0,18.9,0,2,1,0,0
2005,6,26,5,9,118,0,18.9,0,2,1,0,0
2005,6,26,6,9,118,0,19,0,2,1,0,0
2005,6,26,7,9,118,0,19,0,2,1,0,0
2005,6,26,8,9,118,0,19.1,0,2,1,0,0
2005,6,26,9,9,118,0,19.4,0,2,1,0,0
2005,6,26,10,9,118,0,19.2,0,2,1,0,0
2005,6,26,11,9,118,0,19,0,2,1,0,0
2005,6,26,12,9,118,0,19,0,2,1,0,0
2005,6,26,13,9,118,0,18.9,0,2,1,0,0
2005,6,26,14,9,118,0,18.8,0,2,1,0,0
2005,6,26,15,9,118,0,18.8,0,2,1,0,0
2005,6,26,16,9,118,0,18.7,0,2,1,0,0
2005,6,26,17,9,118,0,18.6,0,2,1,0,0
2005,6,26,18,9,118,0,18.7,0,2,1,0,0
2005,6,26,19,9,118,0,18.6,0,2,1,0,0
2005,6,26,20,9,118,0,18.6,0,2,1,0,0
2005,6,26,21,9,118,0,18.7,0,2,1,0,0
2005,6,26,22,9,118,0,18.8,0,2,1,0,0
2005,6,26,23,9,118,0,18.9,0,2,1,0,0
2005,6,26,24,9,118,0,19,0,2,1,0,0
2005,6,26,1,1,1058,107.43,267.8,.800689,2,0,0,77.073673
2005,6,26,2,1,1058,107.43,267.8,.800689,2,0,0,77.073673
2005,6,26,3,1,1058,107.43,267.8,.800689,2,0,0,77.073673
2005,6,26,4,1,1058,107.43,267.8,.800689,2,0,0,77.073673
2005,6,26,5,1,1058,107.43,267.8,.800689,2,0,0,77.073673
2005,6,26,6,1,1058,107.43,267.8,.800689,2,0,0,77.073673
2005,6,26,7,1,1058,107.43,267.8,.800689,2,0,0,77.073673
2005,6,26,8,1,1058,107.43,267.8,.800689,2,0,0,77.073673
2005,6,26,9,1,1058,107.43,267.8,.800689,2,0,0,77.073673
2005,6,26,10,1,1058,107.43,267.8,.800689,2,0,0,77.073673
2005,6,26,11,1,1058,107.43,267.8,.800689,2,0,0,77.073673
2005,6,26,12,1,1058,107.43,267.8,.800689,2,0,0,77.073673
2005,6,26,13,1,1058,107.43,267.8,.800689,2,0,0,77.073673
2005,6,26,14,1,1058,107.43,267.8,.800689,2,0,0,77.073673
2005,6,26,15,1,1058,107.43,267.8,.800689,2,0,0,77.073673
2005,6,26,16,1,1058,107.43,267.8,.800689,2,0,0,77.073673
2005,6,26,17,1,1058,107.43,267.8,.800689,2,0,0,77.073673
2005,6,26,18,1,1058,107.43,267.8,.800689,2,0,0,77.073673
2005,6,26,19,1,1058,107.43,267.8,.800689,2,0,0,77.073673
2005,6,26,20,1,1058,107.43,267.8,.800689,2,0,0,77.073673
2005,6,26,21,1,1058,107.43,267.8,.800689,2,0,0,77.073673
2005,6,26,22,1,1058,107.43,267.8,.800689,2,0,0,77.073673
2005,6,26,23,1,1058,107.43,267.8,.800689,2,0,0,77.073673
2005,6,26,24,1,1058,107.43,267.8,.800689,2,0,0,77.073673
2005,6,26,1,1,1059,106.48,269.5,.800689,2,0,0,77.019273
2005,6,26,2,1,1059,106.48,269.5,.800689,2,0,0,77.019273
2005,6,26,3,1,1059,106.48,269.5,.800689,2,0,0,77.019273
2005,6,26,4,1,1059,106.48,269.5,.800689,2,0,0,77.019273
2005,6,26,5,1,1059,106.48,269.5,.800689,2,0,0,77.019273
2005,6,26,6,1,1059,106.48,269.5,.800689,2,0,0,77.019273
2005,6,26,7,1,1059,106.48,269.5,.800689,2,0,0,77.019273
2005,6,26,8,1,1059,106.48,269.5,.800689,2,0,0,77.019273
2005,6,26,9,1,1059,106.48,269.5,.800689,2,0,0,77.019273
2005,6,26,10,1,1059,106.48,269.5,.800689,2,0,0,77.019273
2005,6,26,11,1,1059,106.48,269.5,.800689,2,0,0,77.019273
2005,6,26,12,1,1059,106.48,269.5,.800689,2,0,0,77.019273
2005,6,26,13,1,1059,106.48,269.5,.800689,2,0,0,77.019273
2005,6,26,14,1,1059,106.48,269.5,.800689,2,0,0,77.019273
2005,6,26,15,1,1059,106.48,269.5,.800689,2,0,0,77.019273
2005,6,26,16,1,1059,106.48,269.5,.800689,2,0,0,77.019273
2005,6,26,17,1,1059,106.48,269.5,.800689,2,0,0,77.019273
2005,6,26,18,1,1059,106.48,269.5,.800689,2,0,0,77.019273
2005,6,26,19,1,1059,106.48,269.5,.800689,2,0,0,77.019273
2005,6,26,20,1,1059,106.48,269.5,.800689,2,0,0,77.019273
2005,6,26,21,1,1059,106.48,269.5,.800689,2,0,0,77.019273
2005,6,26,22,1,1059,106.48,269.5,.800689,2,0,0,77.019273
2005,6,26,23,1,1059,106.48,269.5,.800689,2,0,0,77.019273
2005,6,26,24,1,1059,106.48,269.5,.800689,2,0,0,77.019273
2005,6,26,1,9,121,180.3,1,0,1,1,0,180.3
2005,6,26,2,9,121,180.3,.9,0,1,1,0,180.3
2005,6,26,3,9,121,180.3,.8,0,1,1,0,180.3
2005,6,26,4,9,121,180.3,.8,0,1,1,0,180.3
2005,6,26,5,9,121,180.3,.8,0,1,1,0,180.3
2005,6,26,6,9,121,180.3,.8,0,1,1,0,180.3
2005,6,26,7,9,121,180.3,.8,0,1,1,0,180.3
2005,6,26,8,9,121,180.3,.8,0,1,1,0,180.3
2005,6,26,9,9,121,180.3,1,0,1,1,0,180.3
2005,6,26,10,9,121,180.3,1.2,0,1,1,0,180.3
2005,6,26,11,9,121,180.3,1.2,0,1,1,0,180.3
2005,6,26,12,9,121,180.3,1.1,0,1,1,0,180.3
2005,6,26,13,9,121,180.3,1.2,0,1,1,0,180.3
2005,6,26,14,9,121,180.3,1.3,0,1,1,0,180.3
2005,6,26,15,9,121,180.3,1.2,0,1,1,0,180.3
2005,6,26,16,9,121,180.3,1.1,0,1,1,0,180.3
2005,6,26,17,9,121,180.3,1,0,1,1,0,180.3
2005,6,26,18,9,121,180.3,1,0,1,1,0,180.3
2005,6,26,19,9,121,180.3,1,0,1,1,0,180.3
2005,6,26,20,9,121,180.3,1,0,1,1,0,180.3
2005,6,26,21,9,121,180.3,1.2,0,1,1,0,180.3
2005,6,26,22,9,121,180.3,1.1,0,1,1,0,180.3
2005,6,26,23,9,121,180.3,1,0,1,1,0,180.3
2005,6,26,24,9,121,180.3,.9,0,1,1,0,180.3
2005,6,26,1,9,122,0,17.1,0,2,1,0,0
2005,6,26,1,9,122,150,6.9,0,2,0,0,150
2005,6,26,2,9,122,0,16.9,0,2,1,0,0
2005,6,26,2,9,122,150,7.1,0,2,0,0,150
2005,6,26,3,9,122,0,7.5,0,2,1,0,0
2005,6,26,3,9,122,150,16.5,0,2,0,0,150
2005,6,26,4,9,122,0,6.5,0,2,1,0,0
2005,6,26,4,9,122,150,17.5,0,2,0,0,150
2005,6,26,5,9,122,0,16.5,0,2,1,0,0
2005,6,26,5,9,122,150,7.5,0,2,0,0,150
2005,6,26,6,9,122,0,16.5,0,2,1,0,0
2005,6,26,6,9,122,150,7.5,0,2,0,0,150
2005,6,26,7,9,122,0,16.5,0,2,1,0,0
2005,6,26,7,9,122,150,7.5,0,2,0,0,150
2005,6,26,8,9,122,0,16.5,0,2,1,0,0
2005,6,26,8,9,122,150,7.5,0,2,0,0,150
2005,6,26,9,9,122,0,16.4,0,2,1,0,0
2005,6,26,9,9,122,150,7.6,0,2,0,0,150
2005,6,26,10,9,122,0,16.5,0,2,1,0,0
2005,6,26,10,9,122,150,7.5,0,2,0,0,150
2005,6,26,11,9,122,0,17.1,0,2,1,0,0
2005,6,26,11,9,122,150,6.9,0,2,0,0,150
2005,6,26,12,9,122,0,17.3,0,2,1,0,0
2005,6,26,12,9,122,150,6.7,0,2,0,0,150
2005,6,26,13,9,122,0,17,0,2,1,0,0
2005,6,26,13,9,122,150,7,0,2,0,0,150
2005,6,26,14,9,122,0,16.9,0,2,1,0,0
2005,6,26,14,9,122,150,7.1,0,2,0,0,150
2005,6,26,15,9,122,0,17,0,2,1,0,0
2005,6,26,15,9,122,150,7,0,2,0,0,150
2005,6,26,16,9,122,0,17.1,0,2,1,0,0
2005,6,26,16,9,122,150,6.9,0,2,0,0,150
2005,6,26,17,9,122,0,16.9,0,2,1,0,0
2005,6,26,17,9,122,150,7.1,0,2,0,0,150
2005,6,26,18,9,122,0,16.9,0,2,1,0,0
2005,6,26,18,9,122,150,7.1,0,2,0,0,150
2005,6,26,19,9,122,0,16.8,0,2,1,0,0
2005,6,26,19,9,122,150,7.2,0,2,0,0,150
2005,6,26,20,9,122,0,17,0,2,1,0,0
2005,6,26,20,9,122,150,7,0,2,0,0,150
2005,6,26,21,9,122,0,16.6,0,2,1,0,0
2005,6,26,21,9,122,150,7.4,0,2,0,0,150
2005,6,26,22,9,122,0,16.7,0,2,1,0,0
2005,6,26,22,9,122,150,7.3,0,2,0,0,150
2005,6,26,23,9,122,0,16.9,0,2,1,0,0
2005,6,26,23,9,122,150,7.1,0,2,0,0,150
2005,6,26,24,9,122,0,16.8,0,2,1,0,0
2005,6,26,24,9,122,150,7.2,0,2,0,0,150
2005,6,26,1,1,123,0,222,0,2,1,0,0
2005,6,26,1,1,123,151.01,11,0,2,0,0,151.01
2005,6,26,2,1,123,0,222,0,2,1,0,0
2005,6,26,2,1,123,151.01,11,0,2,0,0,151.01
2005,6,26,3,1,123,0,222,0,2,1,0,0
2005,6,26,3,1,123,151.01,11,0,2,0,0,151.01
2005,6,26,4,1,123,0,222,0,2,1,0,0
2005,6,26,4,1,123,151.01,11,0,2,0,0,151.01
2005,6,26,5,1,123,0,222,0,2,1,0,0
2005,6,26,5,1,123,151.01,11,0,2,0,0,151.01
2005,6,26,6,1,123,0,222,0,2,1,0,0
2005,6,26,6,1,123,151.01,11,0,2,0,0,151.01
2005,6,26,7,1,123,0,222,0,2,1,0,0
2005,6,26,7,1,123,151.01,11,0,2,0,0,151.01
2005,6,26,8,1,123,0,222,0,2,1,0,0
2005,6,26,8,1,123,151.01,11,0,2,0,0,151.01
2005,6,26,9,1,123,0,222,0,2,1,0,0
2005,6,26,9,1,123,151.01,11,0,2,0,0,151.01
2005,6,26,10,1,123,0,222,0,2,1,0,0
2005,6,26,10,1,123,151.01,11,0,2,0,0,151.01
2005,6,26,11,1,123,0,222,0,2,1,0,0
2005,6,26,11,1,123,151.01,11,0,2,0,0,151.01
2005,6,26,12,1,123,0,222,0,2,1,0,0
2005,6,26,12,1,123,151.01,11,0,2,0,0,151.01
2005,6,26,13,1,123,0,222,0,2,1,0,0
2005,6,26,13,1,123,151.01,11,0,2,0,0,151.01
2005,6,26,14,1,123,0,222,0,2,1,0,0
2005,6,26,14,1,123,151.01,11,0,2,0,0,151.01
2005,6,26,15,1,123,0,222,0,2,1,0,0
2005,6,26,15,1,123,151.01,11,0,2,0,0,151.01
2005,6,26,16,1,123,0,222,0,2,1,0,0
2005,6,26,16,1,123,151.01,11,0,2,0,0,151.01
2005,6,26,17,1,123,0,222,0,2,1,0,0
2005,6,26,17,1,123,151.01,11,0,2,0,0,151.01
2005,6,26,18,1,123,0,222,0,2,1,0,0
2005,6,26,18,1,123,151.01,11,0,2,0,0,151.01
2005,6,26,19,1,123,0,222,0,2,1,0,0
2005,6,26,19,1,123,151.01,11,0,2,0,0,151.01
2005,6,26,20,1,123,0,222,0,2,1,0,0
2005,6,26,20,1,123,151.01,11,0,2,0,0,151.01
2005,6,26,21,1,123,0,222,0,2,1,0,0
2005,6,26,21,1,123,151.01,11,0,2,0,0,151.01
2005,6,26,22,1,123,0,222,0,2,1,0,0
2005,6,26,22,1,123,151.01,11,0,2,0,0,151.01
2005,6,26,23,1,123,0,222,0,2,1,0,0
2005,6,26,23,1,123,151.01,11,0,2,0,0,151.01
2005,6,26,24,1,123,0,222,0,2,1,0,0
2005,6,26,24,1,123,151.01,11,0,2,0,0,151.01
2005,6,26,1,2,123,0,222,0,2,1,0,0
2005,6,26,1,2,123,151.01,11,0,2,0,0,151.01
2005,6,26,2,2,123,0,222,0,2,1,0,0
2005,6,26,2,2,123,151.01,11,0,2,0,0,151.01
2005,6,26,3,2,123,0,222,0,2,1,0,0
2005,6,26,3,2,123,151.01,11,0,2,0,0,151.01
2005,6,26,4,2,123,0,222,0,2,1,0,0
2005,6,26,4,2,123,151.01,11,0,2,0,0,151.01
2005,6,26,5,2,123,0,222,0,2,1,0,0
2005,6,26,5,2,123,151.01,11,0,2,0,0,151.01
2005,6,26,6,2,123,0,222,0,2,1,0,0
2005,6,26,6,2,123,151.01,11,0,2,0,0,151.01
2005,6,26,7,2,123,0,222,0,2,1,0,0
2005,6,26,7,2,123,151.01,11,0,2,0,0,151.01
2005,6,26,8,2,123,0,222,0,2,1,0,0
2005,6,26,8,2,123,151.01,11,0,2,0,0,151.01
2005,6,26,9,2,123,0,222,0,2,1,0,0
2005,6,26,9,2,123,151.01,11,0,2,0,0,151.01
2005,6,26,10,2,123,0,222,0,2,1,0,0
2005,6,26,10,2,123,151.01,11,0,2,0,0,151.01
2005,6,26,11,2,123,0,222,0,2,1,0,0
2005,6,26,11,2,123,151.01,11,0,2,0,0,151.01
2005,6,26,12,2,123,0,222,0,2,1,0,0
2005,6,26,12,2,123,151.01,11,0,2,0,0,151.01
2005,6,26,13,2,123,0,222,0,2,1,0,0
2005,6,26,13,2,123,151.01,11,0,2,0,0,151.01
2005,6,26,14,2,123,0,222,0,2,1,0,0
2005,6,26,14,2,123,151.01,11,0,2,0,0,151.01
2005,6,26,15,2,123,0,222,0,2,1,0,0
2005,6,26,15,2,123,151.01,11,0,2,0,0,151.01
2005,6,26,16,2,123,0,222,0,2,1,0,0
2005,6,26,16,2,123,151.01,11,0,2,0,0,151.01
2005,6,26,17,2,123,0,222,0,2,1,0,0
2005,6,26,17,2,123,151.01,11,0,2,0,0,151.01
2005,6,26,18,2,123,0,222,0,2,1,0,0
2005,6,26,18,2,123,151.01,11,0,2,0,0,151.01
2005,6,26,19,2,123,0,222,0,2,1,0,0
2005,6,26,19,2,123,151.01,11,0,2,0,0,151.01
2005,6,26,20,2,123,0,222,0,2,1,0,0
2005,6,26,20,2,123,151.01,11,0,2,0,0,151.01
2005,6,26,21,2,123,0,222,0,2,1,0,0
2005,6,26,21,2,123,151.01,11,0,2,0,0,151.01
2005,6,26,22,2,123,0,222,0,2,1,0,0
2005,6,26,22,2,123,151.01,11,0,2,0,0,151.01
2005,6,26,23,2,123,0,222,0,2,1,0,0
2005,6,26,23,2,123,151.01,11,0,2,0,0,151.01
2005,6,26,24,2,123,0,222,0,2,1,0,0
2005,6,26,24,2,123,151.01,11,0,2,0,0,151.01
2005,6,26,1,4,124,0,3,0,2,1,0,0
2005,6,26,2,4,124,0,3,0,2,1,0,0
2005,6,26,3,4,124,0,3,0,2,1,0,0
2005,6,26,4,4,124,0,3,0,2,1,0,0
2005,6,26,5,4,124,0,3,0,2,1,0,0
2005,6,26,6,4,124,0,3,0,2,1,0,0
2005,6,26,7,4,124,0,3,0,2,1,0,0
2005,6,26,8,4,124,0,3,0,2,1,0,0
2005,6,26,9,4,124,0,3,0,2,1,0,0
2005,6,26,10,4,124,0,3,0,2,1,0,0
2005,6,26,11,4,124,0,3,0,2,1,0,0
2005,6,26,12,4,124,0,3,0,2,1,0,0
2005,6,26,13,4,124,0,3,0,2,1,0,0
2005,6,26,14,4,124,0,3,0,2,1,0,0
2005,6,26,15,4,124,0,3,0,2,1,0,0
2005,6,26,16,4,124,0,3,0,2,1,0,0
2005,6,26,17,4,124,0,3,0,2,1,0,0
2005,6,26,18,4,124,0,3,0,2,1,0,0
2005,6,26,19,4,124,0,3,0,2,1,0,0
2005,6,26,20,4,124,0,3,0,2,1,0,0
2005,6,26,21,4,124,0,3,0,2,1,0,0
2005,6,26,22,4,124,0,3,0,2,1,0,0
2005,6,26,23,4,124,0,3,0,2,1,0,0
2005,6,26,24,4,124,0,3,0,2,1,0,0
2005,6,26,1,9,124,0,3,0,2,1,0,0
2005,6,26,2,9,124,0,3,0,2,1,0,0
2005,6,26,3,9,124,0,3,0,2,1,0,0
2005,6,26,4,9,124,0,3,0,2,1,0,0
2005,6,26,5,9,124,0,3,0,2,1,0,0
2005,6,26,6,9,124,0,3,0,2,1,0,0
2005,6,26,7,9,124,0,3,0,2,1,0,0
2005,6,26,8,9,124,0,3,0,2,1,0,0
2005,6,26,9,9,124,0,3,0,2,1,0,0
2005,6,26,10,9,124,0,3,0,2,1,0,0
2005,6,26,11,9,124,0,3,0,2,1,0,0
2005,6,26,12,9,124,0,3,0,2,1,0,0
2005,6,26,13,9,124,0,3,0,2,1,0,0
2005,6,26,14,9,124,0,3,0,2,1,0,0
2005,6,26,15,9,124,0,3,0,2,1,0,0
2005,6,26,16,9,124,0,3,0,2,1,0,0
2005,6,26,17,9,124,0,3,0,2,1,0,0
2005,6,26,18,9,124,0,3,0,2,1,0,0
2005,6,26,19,9,124,0,3,0,2,1,0,0
2005,6,26,20,9,124,0,3,0,2,1,0,0
2005,6,26,21,9,124,0,3,0,2,1,0,0
2005,6,26,22,9,124,0,3,0,2,1,0,0
2005,6,26,23,9,124,0,3,0,2,1,0,0
2005,6,26,24,9,124,0,3,0,2,1,0,0
2005,6,26,1,9,125,0,14.7,0,2,1,0,0
2005,6,26,2,9,125,0,14.7,0,2,1,0,0
2005,6,26,3,9,125,0,14.7,0,2,1,0,0
2005,6,26,4,9,125,0,14.7,0,2,1,0,0
2005,6,26,5,9,125,0,14.7,0,2,1,0,0
2005,6,26,6,9,125,0,14.7,0,2,1,0,0
2005,6,26,7,9,125,0,14.7,0,2,1,0,0
2005,6,26,8,9,125,0,14.7,0,2,1,0,0
2005,6,26,9,9,125,0,14.7,0,2,1,0,0
2005,6,26,10,9,125,0,14.7,0,2,1,0,0
2005,6,26,11,9,125,0,14.7,0,2,1,0,0
2005,6,26,12,9,125,0,14.7,0,2,1,0,0
2005,6,26,13,9,125,0,14.7,0,2,1,0,0
2005,6,26,14,9,125,0,14.7,0,2,1,0,0
2005,6,26,15,9,125,0,14.7,0,2,1,0,0
2005,6,26,16,9,125,0,14.7,0,2,1,0,0
2005,6,26,17,9,125,0,14.7,0,2,1,0,0
2005,6,26,18,9,125,0,14.7,0,2,1,0,0
2005,6,26,19,9,125,0,14.7,0,2,1,0,0
2005,6,26,20,9,125,0,14.7,0,2,1,0,0
2005,6,26,21,9,125,0,14.7,0,2,1,0,0
2005,6,26,22,9,125,0,14.7,0,2,1,0,0
2005,6,26,23,9,125,0,14.7,0,2,1,0,0
2005,6,26,24,9,125,0,14.7,0,2,1,0,0
2005,6,26,1,2,126,0,97.4,0,2,1,0,0
2005,6,26,1,2,126,80.01,4.5,0,2,0,0,80.01
2005,6,26,1,2,126,81.69,4.5,0,2,0,0,81.69
2005,6,26,1,2,126,83.36,4.5,0,2,0,0,83.36
2005,6,26,1,2,126,85.04,4.5,0,2,0,0,85.04
2005,6,26,2,2,126,0,83.4,0,2,1,0,0
2005,6,26,2,2,126,80.01,6.3,0,2,0,0,80.01
2005,6,26,2,2,126,81.69,6.3,0,2,0,0,81.69
2005,6,26,2,2,126,83.36,6.3,0,2,0,0,83.36
2005,6,26,2,2,126,85.04,6.3,0,2,0,0,85.04
2005,6,26,3,2,126,0,83.4,0,2,1,0,0
2005,6,26,3,2,126,80.01,6.3,0,2,0,0,80.01
2005,6,26,3,2,126,81.69,6.3,0,2,0,0,81.69
2005,6,26,3,2,126,83.36,6.3,0,2,0,0,83.36
2005,6,26,3,2,126,85.04,6.3,0,2,0,0,85.04
2005,6,26,4,2,126,0,83.4,0,2,1,0,0
2005,6,26,4,2,126,80.01,6.3,0,2,0,0,80.01
2005,6,26,4,2,126,81.69,6.3,0,2,0,0,81.69
2005,6,26,4,2,126,83.36,6.3,0,2,0,0,83.36
2005,6,26,4,2,126,85.04,6.3,0,2,0,0,85.04
2005,6,26,5,2,126,0,83.4,0,2,1,0,0
2005,6,26,5,2,126,80.01,6.3,0,2,0,0,80.01
2005,6,26,5,2,126,81.69,6.3,0,2,0,0,81.69
2005,6,26,5,2,126,83.36,6.3,0,2,0,0,83.36
2005,6,26,5,2,126,85.04,6.3,0,2,0,0,85.04
2005,6,26,6,2,126,0,83.4,0,2,1,0,0
2005,6,26,6,2,126,80.01,6.3,0,2,0,0,80.01
2005,6,26,6,2,126,81.69,6.3,0,2,0,0,81.69
2005,6,26,6,2,126,83.36,6.3,0,2,0,0,83.36
2005,6,26,6,2,126,85.04,6.3,0,2,0,0,85.04
2005,6,26,7,2,126,0,83.4,0,2,1,0,0
2005,6,26,7,2,126,80.01,6.3,0,2,0,0,80.01
2005,6,26,7,2,126,81.69,6.3,0,2,0,0,81.69
2005,6,26,7,2,126,83.36,6.3,0,2,0,0,83.36
2005,6,26,7,2,126,85.04,6.3,0,2,0,0,85.04
2005,6,26,8,2,126,0,88.1,0,2,1,0,0
2005,6,26,8,2,126,80.01,6.3,0,2,0,0,80.01
2005,6,26,8,2,126,81.69,6.3,0,2,0,0,81.69
2005,6,26,8,2,126,83.36,6.3,0,2,0,0,83.36
2005,6,26,8,2,126,85.04,6.3,0,2,0,0,85.04
2005,6,26,9,2,126,0,92,0,2,1,0,0
2005,6,26,9,2,126,80.01,6.3,0,2,0,0,80.01
2005,6,26,9,2,126,81.69,6.3,0,2,0,0,81.69
2005,6,26,9,2,126,83.36,6.3,0,2,0,0,83.36
2005,6,26,9,2,126,85.04,6.3,0,2,0,0,85.04
2005,6,26,10,2,126,0,114,0,2,1,0,0
2005,6,26,10,2,126,80.01,6.3,0,2,0,0,80.01
2005,6,26,10,2,126,81.69,6.3,0,2,0,0,81.69
2005,6,26,10,2,126,83.36,6.3,0,2,0,0,83.36
2005,6,26,10,2,126,85.04,6.3,0,2,0,0,85.04
2005,6,26,11,2,126,0,114,0,2,1,0,0
2005,6,26,11,2,126,80.01,6.3,0,2,0,0,80.01
2005,6,26,11,2,126,81.69,6.3,0,2,0,0,81.69
2005,6,26,11,2,126,83.36,6.3,0,2,0,0,83.36
2005,6,26,11,2,126,85.04,6.3,0,2,0,0,85.04
2005,6,26,12,2,126,0,114,0,2,1,0,0
2005,6,26,12,2,126,80.01,6.3,0,2,0,0,80.01
2005,6,26,12,2,126,81.69,6.3,0,2,0,0,81.69
2005,6,26,12,2,126,83.36,6.3,0,2,0,0,83.36
2005,6,26,12,2,126,85.04,6.3,0,2,0,0,85.04
2005,6,26,13,2,126,0,114,0,2,1,0,0
2005,6,26,13,2,126,80.01,6.3,0,2,0,0,80.01
2005,6,26,13,2,126,81.69,6.3,0,2,0,0,81.69
2005,6,26,13,2,126,83.36,6.3,0,2,0,0,83.36
2005,6,26,13,2,126,85.04,6.3,0,2,0,0,85.04
2005,6,26,14,2,126,0,114,0,2,1,0,0
2005,6,26,14,2,126,80.01,6.3,0,2,0,0,80.01
2005,6,26,14,2,126,81.69,6.3,0,2,0,0,81.69
2005,6,26,14,2,126,83.36,6.3,0,2,0,0,83.36
2005,6,26,14,2,126,85.04,6.3,0,2,0,0,85.04
2005,6,26,15,2,126,0,107.2,0,2,1,0,0
2005,6,26,15,2,126,80.01,6.3,0,2,0,0,80.01
2005,6,26,15,2,126,81.69,6.3,0,2,0,0,81.69
2005,6,26,15,2,126,83.36,6.3,0,2,0,0,83.36
2005,6,26,15,2,126,85.04,6.3,0,2,0,0,85.04
2005,6,26,16,2,126,0,107.2,0,2,1,0,0
2005,6,26,16,2,126,80.01,6.3,0,2,0,0,80.01
2005,6,26,16,2,126,81.69,6.3,0,2,0,0,81.69
2005,6,26,16,2,126,83.36,6.3,0,2,0,0,83.36
2005,6,26,16,2,126,85.04,6.3,0,2,0,0,85.04
2005,6,26,17,2,126,0,97.4,0,2,1,0,0
2005,6,26,17,2,126,80.01,6.3,0,2,0,0,80.01
2005,6,26,17,2,126,81.69,6.3,0,2,0,0,81.69
2005,6,26,17,2,126,83.36,6.3,0,2,0,0,83.36
2005,6,26,17,2,126,85.04,6.3,0,2,0,0,85.04
2005,6,26,18,2,126,0,97.4,0,2,1,0,0
2005,6,26,18,2,126,80.01,6.3,0,2,0,0,80.01
2005,6,26,18,2,126,81.69,6.3,0,2,0,0,81.69
2005,6,26,18,2,126,83.36,6.3,0,2,0,0,83.36
2005,6,26,18,2,126,85.04,6.3,0,2,0,0,85.04
2005,6,26,19,2,126,0,97.3,0,2,1,0,0
2005,6,26,19,2,126,80.01,6.3,0,2,0,0,80.01
2005,6,26,19,2,126,81.69,6.3,0,2,0,0,81.69
2005,6,26,19,2,126,83.36,6.3,0,2,0,0,83.36
2005,6,26,19,2,126,85.04,6.3,0,2,0,0,85.04
2005,6,26,20,2,126,0,110.1,0,2,1,0,0
2005,6,26,20,2,126,80.01,6.3,0,2,0,0,80.01
2005,6,26,20,2,126,81.69,6.3,0,2,0,0,81.69
2005,6,26,20,2,126,83.36,6.3,0,2,0,0,83.36
2005,6,26,20,2,126,85.04,6.3,0,2,0,0,85.04
2005,6,26,21,2,126,0,114,0,2,1,0,0
2005,6,26,21,2,126,80.01,6.3,0,2,0,0,80.01
2005,6,26,21,2,126,81.69,6.3,0,2,0,0,81.69
2005,6,26,21,2,126,83.36,6.3,0,2,0,0,83.36
2005,6,26,21,2,126,85.04,6.3,0,2,0,0,85.04
2005,6,26,22,2,126,0,114,0,2,1,0,0
2005,6,26,22,2,126,80.01,6.3,0,2,0,0,80.01
2005,6,26,22,2,126,81.69,6.3,0,2,0,0,81.69
2005,6,26,22,2,126,83.36,6.3,0,2,0,0,83.36
2005,6,26,22,2,126,85.04,6.3,0,2,0,0,85.04
2005,6,26,23,2,126,0,113.9,0,2,1,0,0
2005,6,26,23,2,126,80.01,6.3,0,2,0,0,80.01
2005,6,26,23,2,126,81.69,6.3,0,2,0,0,81.69
2005,6,26,23,2,126,83.36,6.3,0,2,0,0,83.36
2005,6,26,23,2,126,85.04,6.3,0,2,0,0,85.04
2005,6,26,24,2,126,0,113.9,0,2,1,0,0
2005,6,26,24,2,126,80.01,6.3,0,2,0,0,80.01
2005,6,26,24,2,126,81.69,6.3,0,2,0,0,81.69
2005,6,26,24,2,126,83.36,6.3,0,2,0,0,83.36
2005,6,26,24,2,126,85.04,6.3,0,2,0,0,85.04
2005,6,26,1,2,127,0,15.3,0,2,1,0,0
2005,6,26,1,2,127,80.01,16.5,0,2,0,0,80.01
2005,6,26,1,2,127,81.69,16.5,0,2,0,0,81.69
2005,6,26,1,2,127,83.36,16.5,0,2,0,0,83.36
2005,6,26,1,2,127,85.04,16.5,0,2,0,0,85.04
2005,6,26,2,2,127,0,15.3,0,2,1,0,0
2005,6,26,2,2,127,80.01,16.5,0,2,0,0,80.01
2005,6,26,2,2,127,81.69,16.5,0,2,0,0,81.69
2005,6,26,2,2,127,83.36,16.5,0,2,0,0,83.36
2005,6,26,2,2,127,85.04,16.5,0,2,0,0,85.04
2005,6,26,3,2,127,0,15.3,0,2,1,0,0
2005,6,26,3,2,127,80.01,16.5,0,2,0,0,80.01
2005,6,26,3,2,127,81.69,16.5,0,2,0,0,81.69
2005,6,26,3,2,127,83.36,16.5,0,2,0,0,83.36
2005,6,26,3,2,127,85.04,16.5,0,2,0,0,85.04
2005,6,26,4,2,127,0,15.3,0,2,1,0,0
2005,6,26,4,2,127,80.01,16.5,0,2,0,0,80.01
2005,6,26,4,2,127,81.69,16.5,0,2,0,0,81.69
2005,6,26,4,2,127,83.36,16.5,0,2,0,0,83.36
2005,6,26,4,2,127,85.04,16.5,0,2,0,0,85.04
2005,6,26,5,2,127,0,15.3,0,2,1,0,0
2005,6,26,5,2,127,80.01,16.5,0,2,0,0,80.01
2005,6,26,5,2,127,81.69,16.5,0,2,0,0,81.69
2005,6,26,5,2,127,83.36,16.5,0,2,0,0,83.36
2005,6,26,5,2,127,85.04,16.5,0,2,0,0,85.04
2005,6,26,6,2,127,0,15.3,0,2,1,0,0
2005,6,26,6,2,127,80.01,16.5,0,2,0,0,80.01
2005,6,26,6,2,127,81.69,16.5,0,2,0,0,81.69
2005,6,26,6,2,127,83.36,16.5,0,2,0,0,83.36
2005,6,26,6,2,127,85.04,16.5,0,2,0,0,85.04
2005,6,26,7,2,127,0,15.3,0,2,1,0,0
2005,6,26,7,2,127,80.01,16.5,0,2,0,0,80.01
2005,6,26,7,2,127,81.69,16.5,0,2,0,0,81.69
2005,6,26,7,2,127,83.36,16.5,0,2,0,0,83.36
2005,6,26,7,2,127,85.04,16.5,0,2,0,0,85.04
2005,6,26,8,2,127,0,15.3,0,2,1,0,0
2005,6,26,8,2,127,80.01,16.5,0,2,0,0,80.01
2005,6,26,8,2,127,81.69,16.5,0,2,0,0,81.69
2005,6,26,8,2,127,83.36,16.5,0,2,0,0,83.36
2005,6,26,8,2,127,85.04,16.5,0,2,0,0,85.04
2005,6,26,9,2,127,0,15.3,0,2,1,0,0
2005,6,26,9,2,127,80.01,16.5,0,2,0,0,80.01
2005,6,26,9,2,127,81.69,16.5,0,2,0,0,81.69
2005,6,26,9,2,127,83.36,16.5,0,2,0,0,83.36
2005,6,26,9,2,127,85.04,16.5,0,2,0,0,85.04
2005,6,26,10,2,127,0,15.3,0,2,1,0,0
2005,6,26,10,2,127,80.01,16.5,0,2,0,0,80.01
2005,6,26,10,2,127,81.69,16.5,0,2,0,0,81.69
2005,6,26,10,2,127,83.36,16.5,0,2,0,0,83.36
2005,6,26,10,2,127,85.04,16.5,0,2,0,0,85.04
2005,6,26,11,2,127,0,15.3,0,2,1,0,0
2005,6,26,11,2,127,80.01,16.5,0,2,0,0,80.01
2005,6,26,11,2,127,81.69,16.5,0,2,0,0,81.69
2005,6,26,11,2,127,83.36,16.5,0,2,0,0,83.36
2005,6,26,11,2,127,85.04,16.5,0,2,0,0,85.04
2005,6,26,12,2,127,0,15.3,0,2,1,0,0
2005,6,26,12,2,127,80.01,16.5,0,2,0,0,80.01
2005,6,26,12,2,127,81.69,16.5,0,2,0,0,81.69
2005,6,26,12,2,127,83.36,16.5,0,2,0,0,83.36
2005,6,26,12,2,127,85.04,16.5,0,2,0,0,85.04
2005,6,26,13,2,127,0,15.3,0,2,1,0,0
2005,6,26,13,2,127,80.01,16.5,0,2,0,0,80.01
2005,6,26,13,2,127,81.69,16.5,0,2,0,0,81.69
2005,6,26,13,2,127,83.36,16.5,0,2,0,0,83.36
2005,6,26,13,2,127,85.04,16.5,0,2,0,0,85.04
2005,6,26,14,2,127,0,15.3,0,2,1,0,0
2005,6,26,14,2,127,80.01,16.5,0,2,0,0,80.01
2005,6,26,14,2,127,81.69,16.5,0,2,0,0,81.69
2005,6,26,14,2,127,83.36,16.5,0,2,0,0,83.36
2005,6,26,14,2,127,85.04,16.5,0,2,0,0,85.04
2005,6,26,15,2,127,0,15.3,0,2,1,0,0
2005,6,26,15,2,127,80.01,16.5,0,2,0,0,80.01
2005,6,26,15,2,127,81.69,16.5,0,2,0,0,81.69
2005,6,26,15,2,127,83.36,16.5,0,2,0,0,83.36
2005,6,26,15,2,127,85.04,16.5,0,2,0,0,85.04
2005,6,26,16,2,127,0,15.3,0,2,1,0,0
2005,6,26,16,2,127,80.01,16.5,0,2,0,0,80.01
2005,6,26,16,2,127,81.69,16.5,0,2,0,0,81.69
2005,6,26,16,2,127,83.36,16.5,0,2,0,0,83.36
2005,6,26,16,2,127,85.04,16.5,0,2,0,0,85.04
2005,6,26,17,2,127,0,15.3,0,2,1,0,0
2005,6,26,17,2,127,80.01,16.5,0,2,0,0,80.01
2005,6,26,17,2,127,81.69,16.5,0,2,0,0,81.69
2005,6,26,17,2,127,83.36,16.5,0,2,0,0,83.36
2005,6,26,17,2,127,85.04,16.5,0,2,0,0,85.04
2005,6,26,18,2,127,0,15.3,0,2,1,0,0
2005,6,26,18,2,127,80.01,16.5,0,2,0,0,80.01
2005,6,26,18,2,127,81.69,16.5,0,2,0,0,81.69
2005,6,26,18,2,127,83.36,16.5,0,2,0,0,83.36
2005,6,26,18,2,127,85.04,16.5,0,2,0,0,85.04
2005,6,26,19,2,127,0,15.3,0,2,1,0,0
2005,6,26,19,2,127,80.01,16.5,0,2,0,0,80.01
2005,6,26,19,2,127,81.69,16.5,0,2,0,0,81.69
2005,6,26,19,2,127,83.36,16.5,0,2,0,0,83.36
2005,6,26,19,2,127,85.04,16.5,0,2,0,0,85.04
2005,6,26,20,2,127,0,15.3,0,2,1,0,0
2005,6,26,20,2,127,80.01,16.5,0,2,0,0,80.01
2005,6,26,20,2,127,81.69,16.5,0,2,0,0,81.69
2005,6,26,20,2,127,83.36,16.5,0,2,0,0,83.36
2005,6,26,20,2,127,85.04,16.5,0,2,0,0,85.04
2005,6,26,21,2,127,0,15.3,0,2,1,0,0
2005,6,26,21,2,127,80.01,16.5,0,2,0,0,80.01
2005,6,26,21,2,127,81.69,16.5,0,2,0,0,81.69
2005,6,26,21,2,127,83.36,16.5,0,2,0,0,83.36
2005,6,26,21,2,127,85.04,16.5,0,2,0,0,85.04
2005,6,26,22,2,127,0,15.3,0,2,1,0,0
2005,6,26,22,2,127,80.01,16.5,0,2,0,0,80.01
2005,6,26,22,2,127,81.69,16.5,0,2,0,0,81.69
2005,6,26,22,2,127,83.36,16.5,0,2,0,0,83.36
2005,6,26,22,2,127,85.04,16.5,0,2,0,0,85.04
2005,6,26,23,2,127,0,15.3,0,2,1,0,0
2005,6,26,23,2,127,80.01,16.5,0,2,0,0,80.01
2005,6,26,23,2,127,81.69,16.5,0,2,0,0,81.69
2005,6,26,23,2,127,83.36,16.5,0,2,0,0,83.36
2005,6,26,23,2,127,85.04,16.5,0,2,0,0,85.04
2005,6,26,24,2,127,0,15.3,0,2,1,0,0
2005,6,26,24,2,127,80.01,16.5,0,2,0,0,80.01
2005,6,26,24,2,127,81.69,16.5,0,2,0,0,81.69
2005,6,26,24,2,127,83.36,16.5,0,2,0,0,83.36
2005,6,26,24,2,127,85.04,16.5,0,2,0,0,85.04
2005,6,26,1,9,128,0,52.8,0,2,1,0,0
2005,6,26,2,9,128,0,52.4,0,2,1,0,0
2005,6,26,3,9,128,0,51.8,0,2,1,0,0
2005,6,26,4,9,128,0,51.8,0,2,1,0,0
2005,6,26,5,9,128,0,51.5,0,2,1,0,0
2005,6,26,6,9,128,0,51.8,0,2,1,0,0
2005,6,26,7,9,128,0,52.2,0,2,1,0,0
2005,6,26,8,9,128,0,52.6,0,2,1,0,0
2005,6,26,9,9,128,0,51.7,0,2,1,0,0
2005,6,26,10,9,128,0,50.8,0,2,1,0,0
2005,6,26,11,9,128,0,51.8,0,2,1,0,0
2005,6,26,12,9,128,0,51.3,0,2,1,0,0
2005,6,26,13,9,128,0,50.8,0,2,1,0,0
2005,6,26,14,9,128,0,50.7,0,2,1,0,0
2005,6,26,15,9,128,0,49.6,0,2,1,0,0
2005,6,26,16,9,128,0,49.1,0,2,1,0,0
2005,6,26,17,9,128,0,49,0,2,1,0,0
2005,6,26,18,9,128,0,50,0,2,1,0,0
2005,6,26,19,9,128,0,50.3,0,2,1,0,0
2005,6,26,20,9,128,0,50.7,0,2,1,0,0
2005,6,26,21,9,128,0,50.8,0,2,1,0,0
2005,6,26,22,9,128,0,50.9,0,2,1,0,0
2005,6,26,23,9,128,0,51.7,0,2,1,0,0
2005,6,26,24,9,128,0,51.9,0,2,1,0,0
2005,6,26,1,5,129,0,.3,0,2,1,0,0
2005,6,26,8,5,129,0,1.5,0,2,1,0,0
2005,6,26,9,5,129,0,3.4,0,2,1,0,0
2005,6,26,10,5,129,0,3.4,0,2,1,0,0
2005,6,26,11,5,129,0,3.3,0,2,1,0,0
2005,6,26,12,5,129,0,3.2,0,2,1,0,0
2005,6,26,13,5,129,0,3,0,2,1,0,0
2005,6,26,14,5,129,0,2.3,0,2,1,0,0
2005,6,26,15,5,129,0,2.5,0,2,1,0,0
2005,6,26,16,5,129,0,2.5,0,2,1,0,0
2005,6,26,17,5,129,0,2.5,0,2,1,0,0
2005,6,26,18,5,129,0,2.5,0,2,1,0,0
2005,6,26,19,5,129,0,2.2,0,2,1,0,0
2005,6,26,20,5,129,0,2.2,0,2,1,0,0
2005,6,26,21,5,129,0,2.3,0,2,1,0,0
2005,6,26,22,5,129,0,2.5,0,2,1,0,0
2005,6,26,23,5,129,0,2.8,0,2,1,0,0
2005,6,26,24,5,129,0,3.1,0,2,1,0,0
2005,6,26,1,5,130,0,4.1,0,2,1,0,0
2005,6,26,2,5,130,0,4,0,2,1,0,0
2005,6,26,3,5,130,0,4.1,0,2,1,0,0
2005,6,26,4,5,130,0,4.4,0,2,1,0,0
2005,6,26,5,5,130,0,5,0,2,1,0,0
2005,6,26,6,5,130,0,5.9,0,2,1,0,0
2005,6,26,7,5,130,0,6.3,0,2,1,0,0
2005,6,26,8,5,130,0,6.3,0,2,1,0,0
2005,6,26,9,5,130,0,5.9,0,2,1,0,0
2005,6,26,10,5,130,0,5.1,0,2,1,0,0
2005,6,26,11,5,130,0,3.9,0,2,1,0,0
2005,6,26,12,5,130,0,2.2,0,2,1,0,0
2005,6,26,13,5,130,0,1,0,2,1,0,0
2005,6,26,14,5,130,0,.2,0,2,1,0,0
2005,6,26,17,5,130,0,.5,0,2,1,0,0
2005,6,26,18,5,130,0,1.4,0,2,1,0,0
2005,6,26,19,5,130,0,2,0,2,1,0,0
2005,6,26,20,5,130,0,2.4,0,2,1,0,0
2005,6,26,21,5,130,0,2.6,0,2,1,0,0
2005,6,26,22,5,130,0,2.4,0,2,1,0,0
2005,6,26,23,5,130,0,2,0,2,1,0,0
2005,6,26,24,5,130,0,1.3,0,2,1,0,0
2005,6,26,1,5,131,12,30,0,1,0,0,12
2005,6,26,1,5,131,180.3,319.9,0,1,1,0,180.3
2005,6,26,2,5,131,12,30,0,1,0,0,12
2005,6,26,2,5,131,180.3,321.6,0,1,1,0,180.3
2005,6,26,3,5,131,12,30,0,1,0,0,12
2005,6,26,3,5,131,180.3,316.9,0,1,1,0,180.3
2005,6,26,4,5,131,12,30,0,1,0,0,12
2005,6,26,4,5,131,180.3,309.8,0,1,1,0,180.3
2005,6,26,5,5,131,12,30,0,1,0,0,12
2005,6,26,5,5,131,180.3,308.9,0,1,1,0,180.3
2005,6,26,6,5,131,12,30,0,1,0,0,12
2005,6,26,6,5,131,180.3,305.5,0,1,1,0,180.3
2005,6,26,7,5,131,12,30,0,1,0,0,12
2005,6,26,7,5,131,180.3,312.7,0,1,1,0,180.3
2005,6,26,8,5,131,12,30,0,1,0,0,12
2005,6,26,8,5,131,180.3,318,0,1,1,0,180.3
2005,6,26,9,5,131,12,30,0,1,0,0,12
2005,6,26,9,5,131,180.3,330.9,0,1,1,0,180.3
2005,6,26,10,5,131,12,30,0,1,0,0,12
2005,6,26,10,5,131,180.3,343.9,0,1,1,0,180.3
2005,6,26,11,5,131,12,30,0,1,0,0,12
2005,6,26,11,5,131,180.3,347.7,0,1,1,0,180.3
2005,6,26,12,5,131,12,30,0,1,0,0,12
2005,6,26,12,5,131,180.3,356.7,0,1,1,0,180.3
2005,6,26,13,5,131,12,30,0,1,0,0,12
2005,6,26,13,5,131,180.3,353.6,0,1,1,0,180.3
2005,6,26,14,5,131,12,30,0,1,0,0,12
2005,6,26,14,5,131,180.3,350.3,0,1,1,0,180.3
2005,6,26,15,5,131,12,30,0,1,0,0,12
2005,6,26,15,5,131,180.3,348.5,0,1,1,0,180.3
2005,6,26,16,5,131,12,30,0,1,0,0,12
2005,6,26,16,5,131,180.3,350.6,0,1,1,0,180.3
2005,6,26,17,5,131,12,30,0,1,0,0,12
2005,6,26,17,5,131,180.3,349.1,0,1,1,0,180.3
2005,6,26,18,5,131,12,30,0,1,0,0,12
2005,6,26,18,5,131,180.3,351.9,0,1,1,0,180.3
2005,6,26,19,5,131,12,30,0,1,0,0,12
2005,6,26,19,5,131,180.3,350.1,0,1,1,0,180.3
2005,6,26,20,5,131,12,30,0,1,0,0,12
2005,6,26,20,5,131,180.3,349.9,0,1,1,0,180.3
2005,6,26,21,5,131,12,30,0,1,0,0,12
2005,6,26,21,5,131,180.3,353.9,0,1,1,0,180.3
2005,6,26,22,5,131,12,30,0,1,0,0,12
2005,6,26,22,5,131,180.3,348.9,0,1,1,0,180.3
2005,6,26,23,5,131,12,30,0,1,0,0,12
2005,6,26,23,5,131,180.3,365.8,0,1,1,0,180.3
2005,6,26,24,5,131,12,30,0,1,0,0,12
2005,6,26,24,5,131,180.3,372,0,1,1,0,180.3
2005,6,26,1,5,132,12,289.4,0,1,0,0,12
2005,6,26,2,5,132,12,234.1,0,1,0,0,12
2005,6,26,3,5,132,12,188.7,0,1,0,0,12
2005,6,26,4,5,132,12,174.9,0,1,0,0,12
2005,6,26,5,5,132,12,170.3,0,1,0,0,12
2005,6,26,6,5,132,12,167.2,0,1,0,0,12
2005,6,26,7,5,132,12,151.9,0,1,0,0,12
2005,6,26,8,5,132,12,151,0,1,0,0,12
2005,6,26,9,5,132,12,166.6,0,1,0,0,12
2005,6,26,10,5,132,12,199.3,0,1,0,0,12
2005,6,26,11,5,132,12,250.8,0,1,0,0,12
2005,6,26,12,5,132,12,270.8,0,1,0,0,12
2005,6,26,13,5,132,12,279.4,0,1,0,0,12
2005,6,26,14,5,132,12,280.2,0,1,0,0,12
2005,6,26,15,5,132,12,274.3,0,1,0,0,12
2005,6,26,16,5,132,12,262.7,0,1,0,0,12
2005,6,26,17,5,132,12,248,0,1,0,0,12
2005,6,26,18,5,132,12,243.8,0,1,0,0,12
2005,6,26,19,5,132,12,240.5,0,1,0,0,12
2005,6,26,20,5,132,12,248.2,0,1,0,0,12
2005,6,26,21,5,132,12,294,0,1,0,0,12
2005,6,26,22,5,132,12,336.8,0,1,0,0,12
2005,6,26,23,5,132,12,356.7,0,1,0,0,12
2005,6,26,24,5,132,12,317,0,1,0,0,12
2005,6,26,1,1,1065,0,65,.938284,2,1,0,0
2005,6,26,1,1,1065,42.61,29,.938284,2,1,0,44.539359
2005,6,26,1,1,1065,43.05,16,.938284,2,1,0,44.539359
2005,6,26,1,1,1065,43.49,28,.938284,2,1,0,44.539359
2005,6,26,1,1,1065,86.68,5.4,.938284,2,0,0,44.539359
2005,6,26,2,1,1065,0,65,.938284,2,1,0,0
2005,6,26,2,1,1065,42.61,29,.938284,2,0,0,44.539359
2005,6,26,2,1,1065,43.05,16,.938284,2,0,0,44.539359
2005,6,26,2,1,1065,43.49,28,.938284,2,0,0,44.539359
2005,6,26,2,1,1065,86.68,5.4,.938284,2,0,0,44.539359
2005,6,26,3,1,1065,0,65,.938284,2,1,0,0
2005,6,26,3,1,1065,42.61,29,.938284,2,0,0,44.539359
2005,6,26,3,1,1065,43.05,16,.938284,2,0,0,44.539359
2005,6,26,3,1,1065,43.49,28,.938284,2,0,0,44.539359
2005,6,26,3,1,1065,86.68,5.4,.938284,2,0,0,44.539359
2005,6,26,4,1,1065,0,65,.938284,2,1,0,0
2005,6,26,4,1,1065,42.61,29,.938284,2,0,0,44.539359
2005,6,26,4,1,1065,43.05,16,.938284,2,0,0,44.539359
2005,6,26,4,1,1065,43.49,28,.938284,2,0,0,44.539359
2005,6,26,4,1,1065,86.68,5.4,.938284,2,0,0,44.539359
2005,6,26,5,1,1065,0,65,.938284,2,1,0,0
2005,6,26,5,1,1065,42.61,29,.938284,2,0,0,44.539359
2005,6,26,5,1,1065,43.05,16,.938284,2,0,0,44.539359
2005,6,26,5,1,1065,43.49,28,.938284,2,0,0,44.539359
2005,6,26,5,1,1065,86.68,5.4,.938284,2,0,0,44.539359
2005,6,26,6,1,1065,0,65,.938284,2,1,0,0
2005,6,26,6,1,1065,42.61,29,.938284,2,0,0,44.539359
2005,6,26,6,1,1065,43.05,16,.938284,2,0,0,44.539359
2005,6,26,6,1,1065,43.49,28,.938284,2,0,0,44.539359
2005,6,26,6,1,1065,86.68,5.4,.938284,2,0,0,44.539359
2005,6,26,7,1,1065,0,65,.938284,2,1,0,0
2005,6,26,7,1,1065,42.61,29,.938284,2,0,0,44.539359
2005,6,26,7,1,1065,43.05,16,.938284,2,0,0,44.539359
2005,6,26,7,1,1065,43.49,28,.938284,2,0,0,44.539359
2005,6,26,7,1,1065,86.68,5.4,.938284,2,0,0,44.539359
2005,6,26,8,1,1065,0,65,.938284,2,1,0,0
2005,6,26,8,1,1065,42.61,29,.938284,2,0,0,44.539359
2005,6,26,8,1,1065,43.05,16,.938284,2,0,0,44.539359
2005,6,26,8,1,1065,43.49,28,.938284,2,0,0,44.539359
2005,6,26,8,1,1065,86.68,5.4,.938284,2,0,0,44.539359
2005,6,26,9,1,1065,0,65,.938284,2,1,0,0
2005,6,26,9,1,1065,42.61,29,.938284,2,0,0,44.539359
2005,6,26,9,1,1065,43.05,16,.938284,2,0,0,44.539359
2005,6,26,9,1,1065,43.49,28,.938284,2,0,0,44.539359
2005,6,26,9,1,1065,86.68,5.4,.938284,2,0,0,44.539359
2005,6,26,10,1,1065,0,65,.938284,2,1,0,0
2005,6,26,10,1,1065,42.61,29,.938284,2,0,0,44.539359
2005,6,26,10,1,1065,43.05,16,.938284,2,0,0,44.539359
2005,6,26,10,1,1065,43.49,28,.938284,2,0,0,44.539359
2005,6,26,10,1,1065,86.68,5.4,.938284,2,0,0,44.539359
2005,6,26,11,1,1065,0,65,.938284,2,1,0,0
2005,6,26,11,1,1065,42.61,29,.938284,2,0,0,44.539359
2005,6,26,11,1,1065,43.05,16,.938284,2,0,0,44.539359
2005,6,26,11,1,1065,43.49,28,.938284,2,0,0,44.539359
2005,6,26,11,1,1065,86.68,5.4,.938284,2,0,0,44.539359
2005,6,26,12,1,1065,0,65,.938284,2,1,0,0
2005,6,26,12,1,1065,42.61,29,.938284,2,0,0,44.539359
2005,6,26,12,1,1065,43.05,16,.938284,2,0,0,44.539359
2005,6,26,12,1,1065,43.49,28,.938284,2,0,0,44.539359
2005,6,26,12,1,1065,86.68,5.4,.938284,2,0,0,44.539359
2005,6,26,13,1,1065,0,65,.938284,2,1,0,0
2005,6,26,13,1,1065,42.61,29,.938284,2,1,0,44.539359
2005,6,26,13,1,1065,43.05,16,.938284,2,1,0,44.539359
2005,6,26,13,1,1065,43.49,28,.938284,2,0,0,44.539359
2005,6,26,13,1,1065,86.68,5.4,.938284,2,0,0,44.539359
2005,6,26,14,1,1065,0,65,.938284,2,1,0,0
2005,6,26,14,1,1065,42.61,29,.938284,2,1,0,44.539359
2005,6,26,14,1,1065,43.05,16,.938284,2,1,0,44.539359
2005,6,26,14,1,1065,43.49,28,.938284,2,1,0,44.539359
2005,6,26,14,1,1065,86.68,5.4,.938284,2,0,0,44.539359
2005,6,26,15,1,1065,0,65,.938284,2,1,0,0
2005,6,26,15,1,1065,42.61,29,.938284,2,1,0,44.539359
2005,6,26,15,1,1065,43.05,16,.938284,2,1,0,44.539359
2005,6,26,15,1,1065,43.49,28,.938284,2,1,0,44.539359
2005,6,26,15,1,1065,86.68,5.4,.938284,2,0,0,44.539359
2005,6,26,16,1,1065,0,65,.938284,2,1,0,0
2005,6,26,16,1,1065,42.61,29,.938284,2,0,0,44.539359
2005,6,26,16,1,1065,43.05,16,.938284,2,0,0,44.539359
2005,6,26,16,1,1065,43.49,28,.938284,2,0,0,44.539359
2005,6,26,16,1,1065,86.68,5.4,.938284,2,0,0,44.539359
2005,6,26,17,1,1065,0,65,.938284,2,1,0,0
2005,6,26,17,1,1065,42.61,29,.938284,2,0,0,44.539359
2005,6,26,17,1,1065,43.05,16,.938284,2,0,0,44.539359
2005,6,26,17,1,1065,43.49,28,.938284,2,0,0,44.539359
2005,6,26,17,1,1065,86.68,5.4,.938284,2,0,0,44.539359
2005,6,26,18,1,1065,0,65,.938284,2,1,0,0
2005,6,26,18,1,1065,42.61,29,.938284,2,0,0,44.539359
2005,6,26,18,1,1065,43.05,16,.938284,2,0,0,44.539359
2005,6,26,18,1,1065,43.49,28,.938284,2,0,0,44.539359
2005,6,26,18,1,1065,86.68,5.4,.938284,2,0,0,44.539359
2005,6,26,19,1,1065,0,65,.938284,2,1,0,0
2005,6,26,19,1,1065,42.61,29,.938284,2,0,0,44.539359
2005,6,26,19,1,1065,43.05,16,.938284,2,0,0,44.539359
2005,6,26,19,1,1065,43.49,28,.938284,2,0,0,44.539359
2005,6,26,19,1,1065,86.68,5.4,.938284,2,0,0,44.539359
2005,6,26,20,1,1065,0,65,.938284,2,1,0,0
2005,6,26,20,1,1065,42.61,29,.938284,2,0,0,44.539359
2005,6,26,20,1,1065,43.05,16,.938284,2,0,0,44.539359
2005,6,26,20,1,1065,43.49,28,.938284,2,0,0,44.539359
2005,6,26,20,1,1065,86.68,5.4,.938284,2,0,0,44.539359
2005,6,26,21,1,1065,0,65,.938284,2,1,0,0
2005,6,26,21,1,1065,42.61,29,.938284,2,0,0,44.539359
2005,6,26,21,1,1065,43.05,16,.938284,2,0,0,44.539359
2005,6,26,21,1,1065,43.49,28,.938284,2,0,0,44.539359
2005,6,26,21,1,1065,86.68,5.4,.938284,2,0,0,44.539359
2005,6,26,22,1,1065,0,65,.938284,2,1,0,0
2005,6,26,22,1,1065,42.61,14.1,.938284,2,1,0,44.539359
2005,6,26,22,1,1065,43.05,16,.938284,2,0,0,44.539359
2005,6,26,22,1,1065,43.49,28,.938284,2,0,0,44.539359
2005,6,26,22,1,1065,86.68,5.4,.938284,2,0,0,44.539359
2005,6,26,23,1,1065,0,65,.938284,2,1,0,0
2005,6,26,23,1,1065,42.61,29,.938284,2,1,0,44.539359
2005,6,26,23,1,1065,43.05,16,.938284,2,1,0,44.539359
2005,6,26,23,1,1065,43.49,28,.938284,2,1,0,44.539359
2005,6,26,23,1,1065,86.68,5.4,.938284,2,0,0,44.539359
2005,6,26,24,1,1065,0,65,.938284,2,1,0,0
2005,6,26,24,1,1065,42.61,29,.938284,2,1,0,44.539359
2005,6,26,24,1,1065,43.05,16,.938284,2,1,0,44.539359
2005,6,26,24,1,1065,43.49,28,.938284,2,1,0,44.539359
2005,6,26,24,1,1065,86.68,5.4,.938284,2,0,0,44.539359
2005,6,26,1,1,1066,0,160,.938284,2,1,0,0
2005,6,26,1,1,1066,41.04,95,.938284,2,1,0,43.083831
2005,6,26,1,1,1066,41.48,45,.938284,2,1,0,43.083831
2005,6,26,1,1,1066,41.92,42.4,.938284,2,1,0,43.083831
2005,6,26,2,1,1066,0,160,.938284,2,1,0,0
2005,6,26,2,1,1066,41.04,95,.938284,2,0,0,43.083831
2005,6,26,2,1,1066,41.48,45,.938284,2,0,0,43.083831
2005,6,26,2,1,1066,41.92,42.4,.938284,2,0,0,43.083831
2005,6,26,3,1,1066,0,160,.938284,2,1,0,0
2005,6,26,3,1,1066,41.04,95,.938284,2,0,0,43.083831
2005,6,26,3,1,1066,41.48,45,.938284,2,0,0,43.083831
2005,6,26,3,1,1066,41.92,42.4,.938284,2,0,0,43.083831
2005,6,26,4,1,1066,0,160,.938284,2,1,0,0
2005,6,26,4,1,1066,41.04,95,.938284,2,0,0,43.083831
2005,6,26,4,1,1066,41.48,45,.938284,2,0,0,43.083831
2005,6,26,4,1,1066,41.92,42.4,.938284,2,0,0,43.083831
2005,6,26,5,1,1066,0,160,.938284,2,1,0,0
2005,6,26,5,1,1066,41.04,95,.938284,2,0,0,43.083831
2005,6,26,5,1,1066,41.48,45,.938284,2,0,0,43.083831
2005,6,26,5,1,1066,41.92,42.4,.938284,2,0,0,43.083831
2005,6,26,6,1,1066,0,160,.938284,2,1,0,0
2005,6,26,6,1,1066,41.04,95,.938284,2,0,0,43.083831
2005,6,26,6,1,1066,41.48,45,.938284,2,0,0,43.083831
2005,6,26,6,1,1066,41.92,42.4,.938284,2,0,0,43.083831
2005,6,26,7,1,1066,0,160,.938284,2,1,0,0
2005,6,26,7,1,1066,41.04,95,.938284,2,0,0,43.083831
2005,6,26,7,1,1066,41.48,45,.938284,2,0,0,43.083831
2005,6,26,7,1,1066,41.92,42.4,.938284,2,0,0,43.083831
2005,6,26,8,1,1066,0,160,.938284,2,1,0,0
2005,6,26,8,1,1066,41.04,95,.938284,2,0,0,43.083831
2005,6,26,8,1,1066,41.48,45,.938284,2,0,0,43.083831
2005,6,26,8,1,1066,41.92,42.4,.938284,2,0,0,43.083831
2005,6,26,9,1,1066,0,160,.938284,2,1,0,0
2005,6,26,9,1,1066,41.04,95,.938284,2,0,0,43.083831
2005,6,26,9,1,1066,41.48,45,.938284,2,0,0,43.083831
2005,6,26,9,1,1066,41.92,42.4,.938284,2,0,0,43.083831
2005,6,26,10,1,1066,0,160,.938284,2,1,0,0
2005,6,26,10,1,1066,41.04,95,.938284,2,0,0,43.083831
2005,6,26,10,1,1066,41.48,45,.938284,2,0,0,43.083831
2005,6,26,10,1,1066,41.92,42.4,.938284,2,0,0,43.083831
2005,6,26,11,1,1066,0,160,.938284,2,1,0,0
2005,6,26,11,1,1066,41.04,95,.938284,2,0,0,43.083831
2005,6,26,11,1,1066,41.48,45,.938284,2,0,0,43.083831
2005,6,26,11,1,1066,41.92,42.4,.938284,2,0,0,43.083831
2005,6,26,12,1,1066,0,160,.938284,2,1,0,0
2005,6,26,12,1,1066,41.04,59,.938284,2,1,0,43.083831
2005,6,26,12,1,1066,41.48,45,.938284,2,0,0,43.083831
2005,6,26,12,1,1066,41.92,42.4,.938284,2,0,0,43.083831
2005,6,26,13,1,1066,0,160,.938284,2,1,0,0
2005,6,26,13,1,1066,41.04,95,.938284,2,1,0,43.083831
2005,6,26,13,1,1066,41.48,45,.938284,2,1,0,43.083831
2005,6,26,13,1,1066,41.92,42.4,.938284,2,1,0,43.083831
2005,6,26,14,1,1066,0,160,.938284,2,1,0,0
2005,6,26,14,1,1066,41.04,95,.938284,2,1,0,43.083831
2005,6,26,14,1,1066,41.48,45,.938284,2,1,0,43.083831
2005,6,26,14,1,1066,41.92,42.4,.938284,2,1,0,43.083831
2005,6,26,15,1,1066,0,160,.938284,2,1,0,0
2005,6,26,15,1,1066,41.04,95,.938284,2,1,0,43.083831
2005,6,26,15,1,1066,41.48,45,.938284,2,1,0,43.083831
2005,6,26,15,1,1066,41.92,42.4,.938284,2,1,0,43.083831
2005,6,26,16,1,1066,0,160,.938284,2,1,0,0
2005,6,26,16,1,1066,41.04,95,.938284,2,1,0,43.083831
2005,6,26,16,1,1066,41.48,45,.938284,2,1,0,43.083831
2005,6,26,16,1,1066,41.92,42.4,.938284,2,1,0,43.083831
2005,6,26,17,1,1066,0,160,.938284,2,1,0,0
2005,6,26,17,1,1066,41.04,95,.938284,2,1,0,43.083831
2005,6,26,17,1,1066,41.48,45,.938284,2,1,0,43.083831
2005,6,26,17,1,1066,41.92,42.4,.938284,2,1,0,43.083831
2005,6,26,18,1,1066,0,160,.938284,2,1,0,0
2005,6,26,18,1,1066,41.04,9.1,.938284,2,1,0,43.083831
2005,6,26,18,1,1066,41.48,45,.938284,2,0,0,43.083831
2005,6,26,18,1,1066,41.92,42.4,.938284,2,0,0,43.083831
2005,6,26,19,1,1066,0,160,.938284,2,1,0,0
2005,6,26,19,1,1066,41.04,95,.938284,2,0,0,43.083831
2005,6,26,19,1,1066,41.48,45,.938284,2,0,0,43.083831
2005,6,26,19,1,1066,41.92,42.4,.938284,2,0,0,43.083831
2005,6,26,20,1,1066,0,160,.938284,2,1,0,0
2005,6,26,20,1,1066,41.04,95,.938284,2,0,0,43.083831
2005,6,26,20,1,1066,41.48,45,.938284,2,0,0,43.083831
2005,6,26,20,1,1066,41.92,42.4,.938284,2,0,0,43.083831
2005,6,26,21,1,1066,0,160,.938284,2,1,0,0
2005,6,26,21,1,1066,41.04,12.1,.938284,2,1,0,43.083831
2005,6,26,21,1,1066,41.48,45,.938284,2,0,0,43.083831
2005,6,26,21,1,1066,41.92,42.4,.938284,2,0,0,43.083831
2005,6,26,22,1,1066,0,160,.938284,2,1,0,0
2005,6,26,22,1,1066,41.04,95,.938284,2,1,0,43.083831
2005,6,26,22,1,1066,41.48,45,.938284,2,1,0,43.083831
2005,6,26,22,1,1066,41.92,42.4,.938284,2,1,0,43.083831
2005,6,26,23,1,1066,0,160,.938284,2,1,0,0
2005,6,26,23,1,1066,41.04,95,.938284,2,1,0,43.083831
2005,6,26,23,1,1066,41.48,45,.938284,2,1,0,43.083831
2005,6,26,23,1,1066,41.92,42.4,.938284,2,1,0,43.083831
2005,6,26,24,1,1066,0,160,.938284,2,1,0,0
2005,6,26,24,1,1066,41.04,95,.938284,2,1,0,43.083831
2005,6,26,24,1,1066,41.48,45,.938284,2,1,0,43.083831
2005,6,26,24,1,1066,41.92,42.4,.938284,2,1,0,43.083831
2005,6,26,1,2,135,10.98,75,0,1,0,0,10.98
2005,6,26,1,2,135,10.99,75,0,1,0,0,10.99
2005,6,26,1,2,135,11,75,0,1,0,0,11
2005,6,26,2,2,135,10.98,75,0,1,0,0,10.98
2005,6,26,2,2,135,10.99,75,0,1,0,0,10.99
2005,6,26,2,2,135,11,75,0,1,0,0,11
2005,6,26,3,2,135,10.98,75,0,1,0,0,10.98
2005,6,26,3,2,135,10.99,75,0,1,0,0,10.99
2005,6,26,3,2,135,45,75,0,1,1,0,45
2005,6,26,4,2,135,10.98,75,0,1,0,0,10.98
2005,6,26,4,2,135,10.99,75,0,1,0,0,10.99
2005,6,26,4,2,135,45,75,0,1,1,0,45
2005,6,26,5,2,135,10.98,75,0,1,0,0,10.98
2005,6,26,5,2,135,10.99,75,0,1,0,0,10.99
2005,6,26,5,2,135,45,75,0,1,1,0,45
2005,6,26,6,2,135,10.98,75,0,1,0,0,10.98
2005,6,26,6,2,135,10.99,75,0,1,0,0,10.99
2005,6,26,6,2,135,45,75,0,1,1,0,45
2005,6,26,7,2,135,10.98,75,0,1,0,0,10.98
2005,6,26,7,2,135,10.99,75,0,1,0,0,10.99
2005,6,26,7,2,135,45,75,0,1,1,0,45
2005,6,26,8,2,135,10.98,75,0,1,0,0,10.98
2005,6,26,8,2,135,10.99,75,0,1,0,0,10.99
2005,6,26,8,2,135,45,75,0,1,1,0,45
2005,6,26,9,2,135,10.98,75,0,1,0,0,10.98
2005,6,26,9,2,135,10.99,75,0,1,0,0,10.99
2005,6,26,9,2,135,45,75,0,1,1,0,45
2005,6,26,10,2,135,10.98,75,0,1,0,0,10.98
2005,6,26,10,2,135,10.99,75,0,1,0,0,10.99
2005,6,26,10,2,135,11,75,0,1,0,0,11
2005,6,26,11,2,135,10.98,75,0,1,0,0,10.98
2005,6,26,11,2,135,10.99,75,0,1,0,0,10.99
2005,6,26,11,2,135,11,75,0,1,0,0,11
2005,6,26,12,2,135,10.98,75,0,1,0,0,10.98
2005,6,26,12,2,135,10.99,75,0,1,0,0,10.99
2005,6,26,12,2,135,11,75,0,1,0,0,11
2005,6,26,13,2,135,10.98,75,0,1,0,0,10.98
2005,6,26,13,2,135,10.99,75,0,1,0,0,10.99
2005,6,26,13,2,135,11,75,0,1,0,0,11
2005,6,26,14,2,135,10.98,75,0,1,0,0,10.98
2005,6,26,14,2,135,10.99,75,0,1,0,0,10.99
2005,6,26,14,2,135,11,75,0,1,0,0,11
2005,6,26,15,2,135,10.98,75,0,1,0,0,10.98
2005,6,26,15,2,135,10.99,75,0,1,0,0,10.99
2005,6,26,15,2,135,11,75,0,1,0,0,11
2005,6,26,16,2,135,10.98,75,0,1,0,0,10.98
2005,6,26,16,2,135,10.99,75,0,1,0,0,10.99
2005,6,26,16,2,135,11,75,0,1,0,0,11
2005,6,26,17,2,135,10.98,75,0,1,0,0,10.98
2005,6,26,17,2,135,10.99,75,0,1,0,0,10.99
2005,6,26,17,2,135,11,75,0,1,0,0,11
2005,6,26,18,2,135,10.98,75,0,1,0,0,10.98
2005,6,26,18,2,135,10.99,75,0,1,0,0,10.99
2005,6,26,18,2,135,11,75,0,1,0,0,11
2005,6,26,19,2,135,10.98,75,0,1,0,0,10.98
2005,6,26,19,2,135,10.99,75,0,1,0,0,10.99
2005,6,26,19,2,135,11,75,0,1,0,0,11
2005,6,26,20,2,135,10.98,75,0,1,0,0,10.98
2005,6,26,20,2,135,10.99,75,0,1,0,0,10.99
2005,6,26,20,2,135,11,75,0,1,0,0,11
2005,6,26,21,2,135,10.98,75,0,1,0,0,10.98
2005,6,26,21,2,135,10.99,75,0,1,0,0,10.99
2005,6,26,21,2,135,11,75,0,1,0,0,11
2005,6,26,22,2,135,10.98,75,0,1,0,0,10.98
2005,6,26,22,2,135,10.99,75,0,1,0,0,10.99
2005,6,26,22,2,135,11,75,0,1,0,0,11
2005,6,26,23,2,135,10.98,75,0,1,0,0,10.98
2005,6,26,23,2,135,10.99,75,0,1,0,0,10.99
2005,6,26,23,2,135,11,75,0,1,0,0,11
2005,6,26,24,2,135,10.98,75,0,1,0,0,10.98
2005,6,26,24,2,135,10.99,75,0,1,0,0,10.99
2005,6,26,24,2,135,11,75,0,1,0,0,11
2005,6,26,12,2,136,66.97,17.5,0,2,0,0,66.97
2005,6,26,12,2,136,67.99,17.5,0,2,0,0,67.99
2005,6,26,12,2,136,69.01,17.5,0,2,0,0,69.01
2005,6,26,12,2,136,70.03,17.5,0,2,0,0,70.03
2005,6,26,13,2,136,66.97,17.5,0,2,0,0,66.97
2005,6,26,13,2,136,67.99,17.5,0,2,0,0,67.99
2005,6,26,13,2,136,69.01,17.5,0,2,0,0,69.01
2005,6,26,13,2,136,70.03,17.5,0,2,0,0,70.03
2005,6,26,14,2,136,66.97,17.5,0,2,0,0,66.97
2005,6,26,14,2,136,67.99,17.5,0,2,0,0,67.99
2005,6,26,14,2,136,69.01,17.5,0,2,0,0,69.01
2005,6,26,14,2,136,70.03,17.5,0,2,0,0,70.03
2005,6,26,15,2,136,66.97,17.5,0,2,0,0,66.97
2005,6,26,15,2,136,67.99,17.5,0,2,0,0,67.99
2005,6,26,15,2,136,69.01,17.5,0,2,0,0,69.01
2005,6,26,15,2,136,70.03,17.5,0,2,0,0,70.03
2005,6,26,16,2,136,66.97,17.5,0,2,0,0,66.97
2005,6,26,16,2,136,67.99,17.5,0,2,0,0,67.99
2005,6,26,16,2,136,69.01,17.5,0,2,0,0,69.01
2005,6,26,16,2,136,70.03,17.5,0,2,0,0,70.03
2005,6,26,17,2,136,66.97,17.5,0,2,0,0,66.97
2005,6,26,17,2,136,67.99,17.5,0,2,0,0,67.99
2005,6,26,17,2,136,69.01,17.5,0,2,0,0,69.01
2005,6,26,17,2,136,70.03,17.5,0,2,0,0,70.03
2005,6,26,18,2,136,66.97,17.5,0,2,0,0,66.97
2005,6,26,18,2,136,67.99,17.5,0,2,0,0,67.99
2005,6,26,18,2,136,69.01,17.5,0,2,0,0,69.01
2005,6,26,18,2,136,70.03,17.5,0,2,0,0,70.03
2005,6,26,19,2,136,66.97,17.5,0,2,0,0,66.97
2005,6,26,19,2,136,67.99,17.5,0,2,0,0,67.99
2005,6,26,19,2,136,69.01,17.5,0,2,0,0,69.01
2005,6,26,19,2,136,70.03,17.5,0,2,0,0,70.03
2005,6,26,20,2,136,66.97,17.5,0,2,0,0,66.97
2005,6,26,20,2,136,67.99,17.5,0,2,0,0,67.99
2005,6,26,20,2,136,69.01,17.5,0,2,0,0,69.01
2005,6,26,20,2,136,70.03,17.5,0,2,0,0,70.03
2005,6,26,21,2,136,64.18,35,0,2,0,0,64.18
2005,6,26,21,2,136,64.96,35,0,2,0,0,64.96
2005,6,26,21,2,136,65.75,35,0,2,0,0,65.75
2005,6,26,21,2,136,66.53,35,0,2,0,0,66.53
2005,6,26,22,2,136,64.72,35,0,2,0,0,64.72
2005,6,26,22,2,136,65.29,35,0,2,0,0,65.29
2005,6,26,22,2,136,65.87,35,0,2,0,0,65.87
2005,6,26,22,2,136,66.44,35,0,2,0,0,66.44
2005,6,26,23,2,136,64.72,35,0,2,0,0,64.72
2005,6,26,23,2,136,65.29,35,0,2,0,0,65.29
2005,6,26,23,2,136,65.87,35,0,2,0,0,65.87
2005,6,26,23,2,136,66.44,35,0,2,0,0,66.44
2005,6,26,24,2,136,64.72,35,0,2,0,0,64.72
2005,6,26,24,2,136,65.29,35,0,2,0,0,65.29
2005,6,26,24,2,136,65.87,35,0,2,0,0,65.87
2005,6,26,24,2,136,66.44,35,0,2,0,0,66.44
2005,6,26,1,9,137,180.3,892.4,0,1,1,0,180.3
2005,6,26,2,9,137,180.3,854,0,1,1,0,180.3
2005,6,26,3,9,137,180.3,824,0,1,1,0,180.3
2005,6,26,4,9,137,180.3,815.4,0,1,1,0,180.3
2005,6,26,5,9,137,180.3,807.5,0,1,1,0,180.3
2005,6,26,6,9,137,180.3,802,0,1,1,0,180.3
2005,6,26,7,9,137,180.3,779.5,0,1,1,0,180.3
2005,6,26,8,9,137,180.3,756.6,0,1,1,0,180.3
2005,6,26,9,9,137,180.3,769.9,0,1,1,0,180.3
2005,6,26,10,9,137,180.3,791.9,0,1,1,0,180.3
2005,6,26,11,9,137,180.3,810.9,0,1,1,0,180.3
2005,6,26,12,9,137,180.3,830.9,0,1,1,0,180.3
2005,6,26,13,9,137,180.3,831.8,0,1,1,0,180.3
2005,6,26,14,9,137,180.3,839.6,0,1,1,0,180.3
2005,6,26,15,9,137,180.3,849.9,0,1,1,0,180.3
2005,6,26,16,9,137,180.3,822.5,0,1,1,0,180.3
2005,6,26,17,9,137,180.3,810,0,1,1,0,180.3
2005,6,26,18,9,137,180.3,799.4,0,1,1,0,180.3
2005,6,26,19,9,137,180.3,797.4,0,1,1,0,180.3
2005,6,26,20,9,137,180.3,808,0,1,1,0,180.3
2005,6,26,21,9,137,180.3,840.7,0,1,1,0,180.3
2005,6,26,22,9,137,180.3,870.2,0,1,1,0,180.3
2005,6,26,23,9,137,180.3,919.1,0,1,1,0,180.3
2005,6,26,24,9,137,180.3,893,0,1,1,0,180.3
2005,6,26,1,3,138,3,30,0,1,0,0,3
2005,6,26,1,3,138,180.3,370.4,0,1,1,0,180.3
2005,6,26,2,3,138,3,30,0,1,0,0,3
2005,6,26,2,3,138,180.3,368,0,1,1,0,180.3
2005,6,26,3,3,138,3,30,0,1,0,0,3
2005,6,26,3,3,138,180.3,384.6,0,1,1,0,180.3
2005,6,26,4,3,138,3,30,0,1,0,0,3
2005,6,26,4,3,138,180.3,370,0,1,1,0,180.3
2005,6,26,5,3,138,3,30,0,1,0,0,3
2005,6,26,5,3,138,180.3,384,0,1,1,0,180.3
2005,6,26,6,3,138,3,30,0,1,0,0,3
2005,6,26,6,3,138,180.3,394.4,0,1,1,0,180.3
2005,6,26,7,3,138,3,30,0,1,0,0,3
2005,6,26,7,3,138,180.3,392.3,0,1,1,0,180.3
2005,6,26,8,3,138,3,30,0,1,0,0,3
2005,6,26,8,3,138,180.3,362,0,1,1,0,180.3
2005,6,26,9,3,138,3,30,0,1,0,0,3
2005,6,26,9,3,138,180.3,395.5,0,1,1,0,180.3
2005,6,26,10,3,138,3,30,0,1,0,0,3
2005,6,26,10,3,138,29.97,10,0,1,0,0,29.97
2005,6,26,10,3,138,38.77,10,0,1,1,0,38.77
2005,6,26,10,3,138,39.77,10,0,1,1,0,39.77
2005,6,26,10,3,138,180.3,379.4,0,1,1,0,180.3
2005,6,26,11,3,138,3,30,0,1,0,0,3
2005,6,26,11,3,138,29.97,10,0,1,0,0,29.97
2005,6,26,11,3,138,38.77,10,0,1,1,0,38.77
2005,6,26,11,3,138,39.77,10,0,1,1,0,39.77
2005,6,26,11,3,138,180.3,386.2,0,1,1,0,180.3
2005,6,26,12,3,138,3,60,0,1,0,0,3
2005,6,26,12,3,138,29.97,10,0,1,0,0,29.97
2005,6,26,12,3,138,38.77,10,0,1,0,0,38.77
2005,6,26,12,3,138,39.77,10,0,1,0,0,39.77
2005,6,26,12,3,138,180.3,395.9,0,1,1,0,180.3
2005,6,26,13,3,138,3,60,0,1,0,0,3
2005,6,26,13,3,138,29.97,10,0,1,0,0,29.97
2005,6,26,13,3,138,38.77,10,0,1,0,0,38.77
2005,6,26,13,3,138,39.77,10,0,1,0,0,39.77
2005,6,26,13,3,138,180.3,393.7,0,1,1,0,180.3
2005,6,26,14,3,138,3,60,0,1,0,0,3
2005,6,26,14,3,138,29.97,10,0,1,0,0,29.97
2005,6,26,14,3,138,38.77,10,0,1,0,0,38.77
2005,6,26,14,3,138,39.77,10,0,1,0,0,39.77
2005,6,26,14,3,138,180.3,365.8,0,1,1,0,180.3
2005,6,26,15,3,138,3,60,0,1,0,0,3
2005,6,26,15,3,138,29.97,10,0,1,0,0,29.97
2005,6,26,15,3,138,38.77,10,0,1,0,0,38.77
2005,6,26,15,3,138,39.77,10,0,1,0,0,39.77
2005,6,26,15,3,138,180.3,346,0,1,1,0,180.3
2005,6,26,16,3,138,3,60,0,1,0,0,3
2005,6,26,16,3,138,29.97,10,0,1,0,0,29.97
2005,6,26,16,3,138,38.77,10,0,1,0,0,38.77
2005,6,26,16,3,138,39.77,10,0,1,0,0,39.77
2005,6,26,16,3,138,180.3,361.8,0,1,1,0,180.3
2005,6,26,17,3,138,3,60,0,1,0,0,3
2005,6,26,17,3,138,29.97,10,0,1,0,0,29.97
2005,6,26,17,3,138,38.77,10,0,1,0,0,38.77
2005,6,26,17,3,138,39.77,10,0,1,0,0,39.77
2005,6,26,17,3,138,180.3,373.1,0,1,1,0,180.3
2005,6,26,18,3,138,3,60,0,1,0,0,3
2005,6,26,18,3,138,29.97,10,0,1,0,0,29.97
2005,6,26,18,3,138,38.77,10,0,1,0,0,38.77
2005,6,26,18,3,138,39.77,10,0,1,0,0,39.77
2005,6,26,18,3,138,180.3,389.9,0,1,1,0,180.3
2005,6,26,19,3,138,3,60,0,1,0,0,3
2005,6,26,19,3,138,29.97,10,0,1,0,0,29.97
2005,6,26,19,3,138,38.77,10,0,1,0,0,38.77
2005,6,26,19,3,138,39.77,10,0,1,0,0,39.77
2005,6,26,19,3,138,180.3,422.4,0,1,1,0,180.3
2005,6,26,20,3,138,3,60,0,1,0,0,3
2005,6,26,20,3,138,29.97,10,0,1,0,0,29.97
2005,6,26,20,3,138,38.77,10,0,1,0,0,38.77
2005,6,26,20,3,138,39.77,10,0,1,1,0,39.77
2005,6,26,20,3,138,180.3,425.9,0,1,1,0,180.3
2005,6,26,21,3,138,3,60,0,1,0,0,3
2005,6,26,21,3,138,29.97,10,0,1,0,0,29.97
2005,6,26,21,3,138,38.77,10,0,1,0,0,38.77
2005,6,26,21,3,138,39.77,10,0,1,0,0,39.77
2005,6,26,21,3,138,180.3,411.4,0,1,1,0,180.3
2005,6,26,22,3,138,3,60,0,1,0,0,3
2005,6,26,22,3,138,29.97,10,0,1,0,0,29.97
2005,6,26,22,3,138,38.77,10,0,1,0,0,38.77
2005,6,26,22,3,138,39.77,10,0,1,0,0,39.77
2005,6,26,22,3,138,180.3,415.7,0,1,1,0,180.3
2005,6,26,23,3,138,3,60,0,1,0,0,3
2005,6,26,23,3,138,29.97,10,0,1,0,0,29.97
2005,6,26,23,3,138,38.77,10,0,1,0,0,38.77
2005,6,26,23,3,138,39.77,10,0,1,0,0,39.77
2005,6,26,23,3,138,180.3,410.3,0,1,1,0,180.3
2005,6,26,24,3,138,3,60,0,1,0,0,3
2005,6,26,24,3,138,29.97,10,0,1,0,0,29.97
2005,6,26,24,3,138,38.77,10,0,1,0,0,38.77
2005,6,26,24,3,138,39.77,10,0,1,0,0,39.77
2005,6,26,24,3,138,180.3,421.9,0,1,1,0,180.3
2005,6,26,1,3,139,0,2,0,2,1,0,0
2005,6,26,1,3,139,180.3,62.6,0,2,0,0,180.3
2005,6,26,2,3,139,0,2.3,0,2,1,0,0
2005,6,26,2,3,139,180.3,62.3,0,2,0,0,180.3
2005,6,26,3,3,139,0,2.5,0,2,1,0,0
2005,6,26,3,3,139,180.3,62.1,0,2,0,0,180.3
2005,6,26,4,3,139,0,2.5,0,2,1,0,0
2005,6,26,4,3,139,180.3,62.1,0,2,0,0,180.3
2005,6,26,5,3,139,0,2.4,0,2,1,0,0
2005,6,26,5,3,139,180.3,62.2,0,2,0,0,180.3
2005,6,26,6,3,139,0,2.3,0,2,1,0,0
2005,6,26,6,3,139,180.3,62.3,0,2,0,0,180.3
2005,6,26,7,3,139,0,2.1,0,2,1,0,0
2005,6,26,7,3,139,180.3,62.5,0,2,0,0,180.3
2005,6,26,8,3,139,0,1.9,0,2,1,0,0
2005,6,26,8,3,139,180.3,62.7,0,2,0,0,180.3
2005,6,26,9,3,139,0,1.9,0,2,1,0,0
2005,6,26,9,3,139,180.3,62.7,0,2,0,0,180.3
2005,6,26,10,3,139,0,1.7,0,2,1,0,0
2005,6,26,10,3,139,180.3,62.9,0,2,0,0,180.3
2005,6,26,11,3,139,0,1.7,0,2,1,0,0
2005,6,26,11,3,139,180.3,62.9,0,2,0,0,180.3
2005,6,26,12,3,139,0,1.7,0,2,1,0,0
2005,6,26,12,3,139,180.3,62.9,0,2,0,0,180.3
2005,6,26,13,3,139,0,1.5,0,2,1,0,0
2005,6,26,13,3,139,180.3,63.1,0,2,0,0,180.3
2005,6,26,14,3,139,0,1.1,0,2,1,0,0
2005,6,26,14,3,139,180.3,63.5,0,2,0,0,180.3
2005,6,26,15,3,139,0,.6,0,2,1,0,0
2005,6,26,15,3,139,180.3,64,0,2,0,0,180.3
2005,6,26,16,3,139,0,.2,0,2,1,0,0
2005,6,26,16,3,139,180.3,64.4,0,2,0,0,180.3
2005,6,26,17,3,139,0,.3,0,2,1,0,0
2005,6,26,17,3,139,180.3,64.3,0,2,0,0,180.3
2005,6,26,18,3,139,0,.5,0,2,1,0,0
2005,6,26,18,3,139,180.3,64.1,0,2,0,0,180.3
2005,6,26,19,3,139,0,.7,0,2,1,0,0
2005,6,26,19,3,139,180.3,63.9,0,2,0,0,180.3
2005,6,26,20,3,139,0,1,0,2,1,0,0
2005,6,26,20,3,139,180.3,63.6,0,2,0,0,180.3
2005,6,26,21,3,139,0,1.8,0,2,1,0,0
2005,6,26,21,3,139,180.3,62.8,0,2,0,0,180.3
2005,6,26,22,3,139,0,5.1,0,2,1,0,0
2005,6,26,22,3,139,180.3,59.5,0,2,0,0,180.3
2005,6,26,23,3,139,0,9.4,0,2,1,0,0
2005,6,26,23,3,139,180.3,55.2,0,2,0,0,180.3
2005,6,26,24,3,139,0,14.6,0,2,1,0,0
2005,6,26,24,3,139,180.3,50,0,2,0,0,180.3
2005,6,26,1,3,140,0,5.4,0,2,1,0,0
2005,6,26,1,3,140,180.3,44.1,0,2,0,0,180.3
2005,6,26,2,3,140,0,4.6,0,2,1,0,0
2005,6,26,2,3,140,180.3,44.9,0,2,0,0,180.3
2005,6,26,3,3,140,0,4.5,0,2,1,0,0
2005,6,26,3,3,140,180.3,45,0,2,0,0,180.3
2005,6,26,4,3,140,0,5.2,0,2,1,0,0
2005,6,26,4,3,140,180.3,44.3,0,2,0,0,180.3
2005,6,26,5,3,140,0,6.5,0,2,1,0,0
2005,6,26,5,3,140,180.3,43,0,2,0,0,180.3
2005,6,26,6,3,140,0,8.5,0,2,1,0,0
2005,6,26,6,3,140,180.3,41,0,2,0,0,180.3
2005,6,26,7,3,140,0,9.9,0,2,1,0,0
2005,6,26,7,3,140,180.3,39.6,0,2,0,0,180.3
2005,6,26,8,3,140,0,10.8,0,2,1,0,0
2005,6,26,8,3,140,180.3,38.7,0,2,0,0,180.3
2005,6,26,9,3,140,0,11.1,0,2,1,0,0
2005,6,26,9,3,140,180.3,38.4,0,2,0,0,180.3
2005,6,26,10,3,140,0,10.9,0,2,1,0,0
2005,6,26,10,3,140,180.3,38.6,0,2,0,0,180.3
2005,6,26,11,3,140,0,10.1,0,2,1,0,0
2005,6,26,11,3,140,180.3,39.4,0,2,0,0,180.3
2005,6,26,12,3,140,0,8.8,0,2,1,0,0
2005,6,26,12,3,140,180.3,40.7,0,2,0,0,180.3
2005,6,26,13,3,140,0,7.8,0,2,1,0,0
2005,6,26,13,3,140,180.3,41.7,0,2,0,0,180.3
2005,6,26,14,3,140,0,7.2,0,2,1,0,0
2005,6,26,14,3,140,180.3,42.3,0,2,0,0,180.3
2005,6,26,15,3,140,0,7,0,2,1,0,0
2005,6,26,15,3,140,180.3,42.5,0,2,0,0,180.3
2005,6,26,16,3,140,0,7.2,0,2,1,0,0
2005,6,26,16,3,140,180.3,42.3,0,2,0,0,180.3
2005,6,26,17,3,140,0,7.8,0,2,1,0,0
2005,6,26,17,3,140,180.3,41.7,0,2,0,0,180.3
2005,6,26,18,3,140,0,8.8,0,2,1,0,0
2005,6,26,18,3,140,180.3,40.7,0,2,0,0,180.3
2005,6,26,19,3,140,0,9.5,0,2,1,0,0
2005,6,26,19,3,140,180.3,40,0,2,0,0,180.3
2005,6,26,20,3,140,0,9.8,0,2,1,0,0
2005,6,26,20,3,140,180.3,39.7,0,2,0,0,180.3
2005,6,26,21,3,140,0,9.8,0,2,1,0,0
2005,6,26,21,3,140,180.3,39.7,0,2,0,0,180.3
2005,6,26,22,3,140,0,9.6,0,2,1,0,0
2005,6,26,22,3,140,180.3,39.9,0,2,0,0,180.3
2005,6,26,23,3,140,0,9,0,2,1,0,0
2005,6,26,23,3,140,180.3,40.5,0,2,0,0,180.3
2005,6,26,24,3,140,0,8.1,0,2,1,0,0
2005,6,26,24,3,140,180.3,41.4,0,2,0,0,180.3
2005,6,26,1,3,141,0,3.4,0,2,1,0,0
2005,6,26,1,3,141,180.3,52.3,0,2,0,0,180.3
2005,6,26,2,3,141,0,1.7,0,2,1,0,0
2005,6,26,2,3,141,180.3,54,0,2,0,0,180.3
2005,6,26,3,3,141,0,.7,0,2,1,0,0
2005,6,26,3,3,141,180.3,55,0,2,0,0,180.3
2005,6,26,4,3,141,0,.5,0,2,1,0,0
2005,6,26,4,3,141,180.3,55.2,0,2,0,0,180.3
2005,6,26,5,3,141,0,.8,0,2,1,0,0
2005,6,26,5,3,141,180.3,54.9,0,2,0,0,180.3
2005,6,26,6,3,141,0,1.6,0,2,1,0,0
2005,6,26,6,3,141,180.3,54.1,0,2,0,0,180.3
2005,6,26,7,3,141,0,3.4,0,2,1,0,0
2005,6,26,7,3,141,180.3,52.3,0,2,0,0,180.3
2005,6,26,8,3,141,0,6.2,0,2,1,0,0
2005,6,26,8,3,141,180.3,49.5,0,2,0,0,180.3
2005,6,26,9,3,141,0,9.9,0,2,1,0,0
2005,6,26,9,3,141,180.3,45.8,0,2,0,0,180.3
2005,6,26,10,3,141,0,14.5,0,2,1,0,0
2005,6,26,10,3,141,180.3,41.2,0,2,0,0,180.3
2005,6,26,11,3,141,0,20.1,0,2,1,0,0
2005,6,26,11,3,141,180.3,35.6,0,2,0,0,180.3
2005,6,26,12,3,141,0,26.6,0,2,1,0,0
2005,6,26,12,3,141,180.3,29.1,0,2,0,0,180.3
2005,6,26,13,3,141,0,31.5,0,2,1,0,0
2005,6,26,13,3,141,180.3,24.2,0,2,0,0,180.3
2005,6,26,14,3,141,0,34.7,0,2,1,0,0
2005,6,26,14,3,141,180.3,21,0,2,0,0,180.3
2005,6,26,15,3,141,0,36.5,0,2,1,0,0
2005,6,26,15,3,141,180.3,19.2,0,2,0,0,180.3
2005,6,26,16,3,141,0,36.6,0,2,1,0,0
2005,6,26,16,3,141,180.3,19.1,0,2,0,0,180.3
2005,6,26,17,3,141,0,35.1,0,2,1,0,0
2005,6,26,17,3,141,180.3,20.6,0,2,0,0,180.3
2005,6,26,18,3,141,0,31.9,0,2,1,0,0
2005,6,26,18,3,141,180.3,23.8,0,2,0,0,180.3
2005,6,26,19,3,141,0,29.2,0,2,1,0,0
2005,6,26,19,3,141,180.3,26.5,0,2,0,0,180.3
2005,6,26,20,3,141,0,26.9,0,2,1,0,0
2005,6,26,20,3,141,180.3,28.8,0,2,0,0,180.3
2005,6,26,21,3,141,0,24.9,0,2,1,0,0
2005,6,26,21,3,141,180.3,30.8,0,2,0,0,180.3
2005,6,26,22,3,141,0,23.3,0,2,1,0,0
2005,6,26,22,3,141,180.3,32.4,0,2,0,0,180.3
2005,6,26,23,3,141,0,22,0,2,1,0,0
2005,6,26,23,3,141,180.3,33.7,0,2,0,0,180.3
2005,6,26,24,3,141,0,21.1,0,2,1,0,0
2005,6,26,24,3,141,180.3,34.6,0,2,0,0,180.3
2005,6,26,20,3,142,0,1,0,1,0,0,0
2005,6,26,21,3,142,0,1,0,1,0,0,0
2005,6,26,22,3,142,0,1,0,1,0,0,0
2005,6,26,20,3,143,0,1,0,1,0,0,0
2005,6,26,21,3,143,0,1,0,1,0,0,0
2005,6,26,22,3,143,0,1,0,1,0,0,0
2005,6,26,1,3,144,0,19,0,2,1,0,0
2005,6,26,1,3,144,2.47,1,0,2,1,0,2.47
2005,6,26,1,3,144,4.77,.1,0,2,1,0,4.77
2005,6,26,1,3,144,7.17,.1,0,2,1,0,7.17
2005,6,26,1,3,144,9.47,.1,0,2,1,0,9.47
2005,6,26,1,3,144,11.87,.1,0,2,1,0,11.87
2005,6,26,1,3,144,14.27,.1,0,2,1,0,14.27
2005,6,26,1,3,144,16.57,.1,0,2,1,0,16.57
2005,6,26,1,3,144,18.97,.1,0,2,1,0,18.97
2005,6,26,1,3,144,21.37,.1,0,2,1,0,21.37
2005,6,26,1,3,144,23.67,.1,0,2,1,0,23.67
2005,6,26,1,3,144,26.07,.1,0,2,1,0,26.07
2005,6,26,1,3,144,28.37,.1,0,2,1,0,28.37
2005,6,26,1,3,144,30.77,.1,0,2,1,0,30.77
2005,6,26,1,3,144,33.17,.1,0,2,1,0,33.17
2005,6,26,1,3,144,35.47,.1,0,2,1,0,35.47
2005,6,26,1,3,144,37.87,.1,0,2,1,0,37.87
2005,6,26,1,3,144,40.27,.1,0,2,1,0,40.27
2005,6,26,1,3,144,42.57,.1,0,2,1,0,42.57
2005,6,26,1,3,144,44.97,.1,0,2,0,0,44.97
2005,6,26,1,3,144,47.27,.1,0,2,0,0,47.27
2005,6,26,1,3,144,49.67,.1,0,2,0,0,49.67
2005,6,26,1,3,144,51.97,.1,0,2,0,0,51.97
2005,6,26,1,3,144,175.67,.1,0,2,0,0,175.67
2005,6,26,1,3,144,180,.1,0,2,0,0,180
2005,6,26,2,3,144,0,14,0,2,1,0,0
2005,6,26,2,3,144,2.07,.1,0,2,1,0,2.07
2005,6,26,2,3,144,4.17,.1,0,2,1,0,4.17
2005,6,26,2,3,144,6.17,.1,0,2,1,0,6.17
2005,6,26,2,3,144,8.27,.1,0,2,1,0,8.27
2005,6,26,2,3,144,10.27,.1,0,2,1,0,10.27
2005,6,26,2,3,144,12.27,.1,0,2,1,0,12.27
2005,6,26,2,3,144,14.37,.1,0,2,1,0,14.37
2005,6,26,2,3,144,16.37,.1,0,2,1,0,16.37
2005,6,26,2,3,144,18.47,.1,0,2,1,0,18.47
2005,6,26,2,3,144,20.47,.1,0,2,1,0,20.47
2005,6,26,2,3,144,22.47,.1,0,2,1,0,22.47
2005,6,26,2,3,144,24.57,.1,0,2,1,0,24.57
2005,6,26,2,3,144,26.57,.1,0,2,1,0,26.57
2005,6,26,2,3,144,28.67,.1,0,2,1,0,28.67
2005,6,26,2,3,144,30.67,.1,0,2,1,0,30.67
2005,6,26,2,3,144,32.67,.1,0,2,1,0,32.67
2005,6,26,2,3,144,34.77,.1,0,2,1,0,34.77
2005,6,26,2,3,144,36.77,.1,0,2,1,0,36.77
2005,6,26,2,3,144,38.87,.1,0,2,1,0,38.87
2005,6,26,2,3,144,40.87,.1,0,2,0,0,40.87
2005,6,26,2,3,144,42.87,.1,0,2,0,0,42.87
2005,6,26,2,3,144,44.87,.1,0,2,0,0,44.87
2005,6,26,2,3,144,175.67,.1,0,2,0,0,175.67
2005,6,26,2,3,144,180,.1,0,2,0,0,180
2005,6,26,3,3,144,0,14,0,2,1,0,0
2005,6,26,3,3,144,2.07,.1,0,2,1,0,2.07
2005,6,26,3,3,144,3.97,.1,0,2,1,0,3.97
2005,6,26,3,3,144,5.97,.1,0,2,1,0,5.97
2005,6,26,3,3,144,7.87,.1,0,2,1,0,7.87
2005,6,26,3,3,144,9.87,.1,0,2,1,0,9.87
2005,6,26,3,3,144,11.77,.1,0,2,1,0,11.77
2005,6,26,3,3,144,13.77,.1,0,2,1,0,13.77
2005,6,26,3,3,144,15.67,.1,0,2,1,0,15.67
2005,6,26,3,3,144,17.67,.1,0,2,1,0,17.67
2005,6,26,3,3,144,19.57,.1,0,2,1,0,19.57
2005,6,26,3,3,144,21.57,.1,0,2,1,0,21.57
2005,6,26,3,3,144,23.47,.1,0,2,1,0,23.47
2005,6,26,3,3,144,25.47,.1,0,2,1,0,25.47
2005,6,26,3,3,144,27.37,.1,0,2,1,0,27.37
2005,6,26,3,3,144,29.37,.1,0,2,1,0,29.37
2005,6,26,3,3,144,31.37,.1,0,2,1,0,31.37
2005,6,26,3,3,144,33.27,.1,0,2,1,0,33.27
2005,6,26,3,3,144,35.27,.1,0,2,1,0,35.27
2005,6,26,3,3,144,37.17,.1,0,2,1,0,37.17
2005,6,26,3,3,144,39.17,.1,0,2,0,0,39.17
2005,6,26,3,3,144,41.07,.1,0,2,0,0,41.07
2005,6,26,3,3,144,42.97,.1,0,2,0,0,42.97
2005,6,26,3,3,144,175.67,.1,0,2,0,0,175.67
2005,6,26,3,3,144,180,.1,0,2,0,0,180
2005,6,26,4,3,144,0,14,0,2,1,0,0
2005,6,26,4,3,144,1.97,.1,0,2,1,0,1.97
2005,6,26,4,3,144,3.87,.1,0,2,1,0,3.87
2005,6,26,4,3,144,5.77,.1,0,2,1,0,5.77
2005,6,26,4,3,144,7.67,.1,0,2,1,0,7.67
2005,6,26,4,3,144,9.57,.1,0,2,1,0,9.57
2005,6,26,4,3,144,11.47,.1,0,2,1,0,11.47
2005,6,26,4,3,144,13.37,.1,0,2,1,0,13.37
2005,6,26,4,3,144,15.27,.1,0,2,1,0,15.27
2005,6,26,4,3,144,17.17,.1,0,2,1,0,17.17
2005,6,26,4,3,144,19.07,.1,0,2,1,0,19.07
2005,6,26,4,3,144,20.97,.1,0,2,1,0,20.97
2005,6,26,4,3,144,22.87,.1,0,2,1,0,22.87
2005,6,26,4,3,144,24.77,.1,0,2,1,0,24.77
2005,6,26,4,3,144,26.67,.1,0,2,1,0,26.67
2005,6,26,4,3,144,28.57,.1,0,2,1,0,28.57
2005,6,26,4,3,144,30.47,.1,0,2,1,0,30.47
2005,6,26,4,3,144,32.37,.1,0,2,1,0,32.37
2005,6,26,4,3,144,34.27,.1,0,2,1,0,34.27
2005,6,26,4,3,144,36.17,.1,0,2,0,0,36.17
2005,6,26,4,3,144,38.07,.1,0,2,0,0,38.07
2005,6,26,4,3,144,39.97,.1,0,2,0,0,39.97
2005,6,26,4,3,144,41.77,.1,0,2,0,0,41.77
2005,6,26,4,3,144,175.67,.1,0,2,0,0,175.67
2005,6,26,4,3,144,180,.1,0,2,0,0,180
2005,6,26,5,3,144,0,14,0,2,1,0,0
2005,6,26,5,3,144,1.97,.1,0,2,1,0,1.97
2005,6,26,5,3,144,3.77,.1,0,2,1,0,3.77
2005,6,26,5,3,144,5.67,.1,0,2,1,0,5.67
2005,6,26,5,3,144,7.57,.1,0,2,1,0,7.57
2005,6,26,5,3,144,9.37,.1,0,2,1,0,9.37
2005,6,26,5,3,144,11.27,.1,0,2,1,0,11.27
2005,6,26,5,3,144,13.17,.1,0,2,1,0,13.17
2005,6,26,5,3,144,14.97,.1,0,2,1,0,14.97
2005,6,26,5,3,144,16.87,.1,0,2,1,0,16.87
2005,6,26,5,3,144,18.77,.1,0,2,1,0,18.77
2005,6,26,5,3,144,20.57,.1,0,2,1,0,20.57
2005,6,26,5,3,144,22.47,.1,0,2,1,0,22.47
2005,6,26,5,3,144,24.37,.1,0,2,1,0,24.37
2005,6,26,5,3,144,26.17,.1,0,2,1,0,26.17
2005,6,26,5,3,144,28.07,.1,0,2,1,0,28.07
2005,6,26,5,3,144,29.97,.1,0,2,1,0,29.97
2005,6,26,5,3,144,31.77,.1,0,2,1,0,31.77
2005,6,26,5,3,144,33.67,.1,0,2,1,0,33.67
2005,6,26,5,3,144,35.57,.1,0,2,1,0,35.57
2005,6,26,5,3,144,37.37,.1,0,2,0,0,37.37
2005,6,26,5,3,144,39.27,.1,0,2,0,0,39.27
2005,6,26,5,3,144,41.07,.1,0,2,0,0,41.07
2005,6,26,5,3,144,175.67,.1,0,2,0,0,175.67
2005,6,26,5,3,144,180,.1,0,2,0,0,180
2005,6,26,6,3,144,0,14,0,2,1,0,0
2005,6,26,6,3,144,1.87,.1,0,2,1,0,1.87
2005,6,26,6,3,144,3.77,.1,0,2,1,0,3.77
2005,6,26,6,3,144,5.57,.1,0,2,1,0,5.57
2005,6,26,6,3,144,7.37,.1,0,2,1,0,7.37
2005,6,26,6,3,144,9.27,.1,0,2,1,0,9.27
2005,6,26,6,3,144,11.07,.1,0,2,1,0,11.07
2005,6,26,6,3,144,12.87,.1,0,2,1,0,12.87
2005,6,26,6,3,144,14.67,.1,0,2,1,0,14.67
2005,6,26,6,3,144,16.57,.1,0,2,1,0,16.57
2005,6,26,6,3,144,18.37,.1,0,2,1,0,18.37
2005,6,26,6,3,144,20.17,.1,0,2,1,0,20.17
2005,6,26,6,3,144,22.07,.1,0,2,1,0,22.07
2005,6,26,6,3,144,23.87,.1,0,2,1,0,23.87
2005,6,26,6,3,144,25.67,.1,0,2,1,0,25.67
2005,6,26,6,3,144,27.57,.1,0,2,1,0,27.57
2005,6,26,6,3,144,29.37,.1,0,2,1,0,29.37
2005,6,26,6,3,144,31.17,.1,0,2,1,0,31.17
2005,6,26,6,3,144,32.97,.1,0,2,1,0,32.97
2005,6,26,6,3,144,34.87,.1,0,2,1,0,34.87
2005,6,26,6,3,144,36.67,.1,0,2,0,0,36.67
2005,6,26,6,3,144,38.47,.1,0,2,0,0,38.47
2005,6,26,6,3,144,40.27,.1,0,2,0,0,40.27
2005,6,26,6,3,144,175.67,.1,0,2,0,0,175.67
2005,6,26,6,3,144,180,.1,0,2,0,0,180
2005,6,26,7,3,144,0,14,0,2,1,0,0
2005,6,26,7,3,144,1.87,.1,0,2,1,0,1.87
2005,6,26,7,3,144,3.67,.1,0,2,1,0,3.67
2005,6,26,7,3,144,5.47,.1,0,2,1,0,5.47
2005,6,26,7,3,144,7.27,.1,0,2,1,0,7.27
2005,6,26,7,3,144,9.07,.1,0,2,1,0,9.07
2005,6,26,7,3,144,10.87,.1,0,2,1,0,10.87
2005,6,26,7,3,144,12.67,.1,0,2,1,0,12.67
2005,6,26,7,3,144,14.47,.1,0,2,1,0,14.47
2005,6,26,7,3,144,16.27,.1,0,2,1,0,16.27
2005,6,26,7,3,144,18.07,.1,0,2,1,0,18.07
2005,6,26,7,3,144,19.87,.1,0,2,1,0,19.87
2005,6,26,7,3,144,21.67,.1,0,2,1,0,21.67
2005,6,26,7,3,144,23.47,.1,0,2,1,0,23.47
2005,6,26,7,3,144,25.27,.1,0,2,1,0,25.27
2005,6,26,7,3,144,27.07,.1,0,2,1,0,27.07
2005,6,26,7,3,144,28.87,.1,0,2,1,0,28.87
2005,6,26,7,3,144,30.67,.1,0,2,1,0,30.67
2005,6,26,7,3,144,32.47,.1,0,2,1,0,32.47
2005,6,26,7,3,144,34.27,.1,0,2,0,0,34.27
2005,6,26,7,3,144,36.07,.1,0,2,0,0,36.07
2005,6,26,7,3,144,37.87,.1,0,2,0,0,37.87
2005,6,26,7,3,144,39.57,.1,0,2,0,0,39.57
2005,6,26,7,3,144,175.67,.1,0,2,0,0,175.67
2005,6,26,7,3,144,180,.1,0,2,0,0,180
2005,6,26,8,3,144,0,14,0,2,1,0,0
2005,6,26,8,3,144,1.87,.1,0,2,1,0,1.87
2005,6,26,8,3,144,3.57,.1,0,2,1,0,3.57
2005,6,26,8,3,144,5.37,.1,0,2,1,0,5.37
2005,6,26,8,3,144,7.07,.1,0,2,1,0,7.07
2005,6,26,8,3,144,8.87,.1,0,2,1,0,8.87
2005,6,26,8,3,144,10.57,.1,0,2,1,0,10.57
2005,6,26,8,3,144,12.37,.1,0,2,1,0,12.37
2005,6,26,8,3,144,14.07,.1,0,2,1,0,14.07
2005,6,26,8,3,144,15.87,.1,0,2,1,0,15.87
2005,6,26,8,3,144,17.57,.1,0,2,1,0,17.57
2005,6,26,8,3,144,19.37,.1,0,2,1,0,19.37
2005,6,26,8,3,144,21.07,.1,0,2,1,0,21.07
2005,6,26,8,3,144,22.87,.1,0,2,1,0,22.87
2005,6,26,8,3,144,24.57,.1,0,2,1,0,24.57
2005,6,26,8,3,144,26.37,.1,0,2,1,0,26.37
2005,6,26,8,3,144,28.17,.1,0,2,1,0,28.17
2005,6,26,8,3,144,29.87,.1,0,2,1,0,29.87
2005,6,26,8,3,144,31.67,.1,0,2,1,0,31.67
2005,6,26,8,3,144,33.37,.1,0,2,0,0,33.37
2005,6,26,8,3,144,35.17,.1,0,2,0,0,35.17
2005,6,26,8,3,144,36.87,.1,0,2,0,0,36.87
2005,6,26,8,3,144,38.57,.1,0,2,0,0,38.57
2005,6,26,8,3,144,175.67,.1,0,2,0,0,175.67
2005,6,26,8,3,144,180,.1,0,2,0,0,180
2005,6,26,9,3,144,0,14,0,2,1,0,0
2005,6,26,9,3,144,1.87,.1,0,2,1,0,1.87
2005,6,26,9,3,144,3.77,.1,0,2,1,0,3.77
2005,6,26,9,3,144,5.57,.1,0,2,1,0,5.57
2005,6,26,9,3,144,7.37,.1,0,2,1,0,7.37
2005,6,26,9,3,144,9.27,.1,0,2,1,0,9.27
2005,6,26,9,3,144,11.07,.1,0,2,1,0,11.07
2005,6,26,9,3,144,12.87,.1,0,2,1,0,12.87
2005,6,26,9,3,144,14.67,.1,0,2,1,0,14.67
2005,6,26,9,3,144,16.57,.1,0,2,1,0,16.57
2005,6,26,9,3,144,18.37,.1,0,2,1,0,18.37
2005,6,26,9,3,144,20.17,.1,0,2,1,0,20.17
2005,6,26,9,3,144,22.07,.1,0,2,1,0,22.07
2005,6,26,9,3,144,23.87,.1,0,2,1,0,23.87
2005,6,26,9,3,144,25.67,.1,0,2,1,0,25.67
2005,6,26,9,3,144,27.57,.1,0,2,1,0,27.57
2005,6,26,9,3,144,29.37,.1,0,2,1,0,29.37
2005,6,26,9,3,144,31.17,.1,0,2,1,0,31.17
2005,6,26,9,3,144,32.97,.1,0,2,1,0,32.97
2005,6,26,9,3,144,34.87,.1,0,2,0,0,34.87
2005,6,26,9,3,144,36.67,.1,0,2,0,0,36.67
2005,6,26,9,3,144,38.47,.1,0,2,0,0,38.47
2005,6,26,9,3,144,40.27,.1,0,2,0,0,40.27
2005,6,26,9,3,144,175.67,.1,0,2,0,0,175.67
2005,6,26,9,3,144,180,.1,0,2,0,0,180
2005,6,26,10,3,144,0,19,0,2,1,0,0
2005,6,26,10,3,144,1.97,1,0,2,1,0,1.97
2005,6,26,10,3,144,3.87,.1,0,2,1,0,3.87
2005,6,26,10,3,144,5.77,.1,0,2,1,0,5.77
2005,6,26,10,3,144,7.67,.1,0,2,1,0,7.67
2005,6,26,10,3,144,9.57,.1,0,2,1,0,9.57
2005,6,26,10,3,144,11.47,.1,0,2,1,0,11.47
2005,6,26,10,3,144,13.37,.1,0,2,1,0,13.37
2005,6,26,10,3,144,15.27,.1,0,2,1,0,15.27
2005,6,26,10,3,144,17.17,.1,0,2,1,0,17.17
2005,6,26,10,3,144,19.07,.1,0,2,1,0,19.07
2005,6,26,10,3,144,22.87,.1,0,2,1,0,22.87
2005,6,26,10,3,144,24.77,.1,0,2,1,0,24.77
2005,6,26,10,3,144,26.67,.1,0,2,1,0,26.67
2005,6,26,10,3,144,28.57,.1,0,2,1,0,28.57
2005,6,26,10,3,144,30.47,.1,0,2,1,0,30.47
2005,6,26,10,3,144,32.37,.1,0,2,1,0,32.37
2005,6,26,10,3,144,34.27,.1,0,2,1,0,34.27
2005,6,26,10,3,144,36.17,.1,0,2,0,0,36.17
2005,6,26,10,3,144,38.07,.1,0,2,0,0,38.07
2005,6,26,10,3,144,39.97,.1,0,2,0,0,39.97
2005,6,26,10,3,144,41.77,.1,0,2,0,0,41.77
2005,6,26,10,3,144,175.67,.1,0,2,0,0,175.67
2005,6,26,10,3,144,180,.1,0,2,0,0,180
2005,6,26,11,3,144,0,22,0,2,1,0,0
2005,6,26,11,3,144,2.37,1,0,2,1,0,2.37
2005,6,26,11,3,144,4.57,.1,0,2,1,0,4.57
2005,6,26,11,3,144,6.87,.1,0,2,1,0,6.87
2005,6,26,11,3,144,9.17,.1,0,2,1,0,9.17
2005,6,26,11,3,144,11.47,.1,0,2,1,0,11.47
2005,6,26,11,3,144,13.67,.1,0,2,1,0,13.67
2005,6,26,11,3,144,15.97,.1,0,2,1,0,15.97
2005,6,26,11,3,144,18.27,.1,0,2,1,0,18.27
2005,6,26,11,3,144,20.47,.1,0,2,1,0,20.47
2005,6,26,11,3,144,22.77,.1,0,2,1,0,22.77
2005,6,26,11,3,144,25.07,.1,0,2,1,0,25.07
2005,6,26,11,3,144,27.37,.1,0,2,1,0,27.37
2005,6,26,11,3,144,29.57,.1,0,2,1,0,29.57
2005,6,26,11,3,144,31.87,.1,0,2,1,0,31.87
2005,6,26,11,3,144,34.17,.1,0,2,1,0,34.17
2005,6,26,11,3,144,36.37,.1,0,2,1,0,36.37
2005,6,26,11,3,144,38.67,.1,0,2,0,0,38.67
2005,6,26,11,3,144,40.97,.1,0,2,0,0,40.97
2005,6,26,11,3,144,43.27,.1,0,2,0,0,43.27
2005,6,26,11,3,144,45.47,.1,0,2,0,0,45.47
2005,6,26,11,3,144,47.77,.1,0,2,0,0,47.77
2005,6,26,11,3,144,49.97,.1,0,2,0,0,49.97
2005,6,26,11,3,144,175.67,.1,0,2,0,0,175.67
2005,6,26,11,3,144,180,.1,0,2,0,0,180
2005,6,26,12,3,144,0,23,0,2,1,0,0
2005,6,26,12,3,144,2.57,1,0,2,1,0,2.57
2005,6,26,12,3,144,5.07,.1,0,2,1,0,5.07
2005,6,26,12,3,144,7.57,.1,0,2,1,0,7.57
2005,6,26,12,3,144,10.07,.1,0,2,1,0,10.07
2005,6,26,12,3,144,12.57,.1,0,2,1,0,12.57
2005,6,26,12,3,144,15.07,.1,0,2,1,0,15.07
2005,6,26,12,3,144,17.67,.1,0,2,1,0,17.67
2005,6,26,12,3,144,20.17,.1,0,2,1,0,20.17
2005,6,26,12,3,144,22.67,.1,0,2,1,0,22.67
2005,6,26,12,3,144,25.17,.1,0,2,1,0,25.17
2005,6,26,12,3,144,27.67,.1,0,2,1,0,27.67
2005,6,26,12,3,144,30.17,.1,0,2,1,0,30.17
2005,6,26,12,3,144,32.67,.1,0,2,1,0,32.67
2005,6,26,12,3,144,35.17,.1,0,2,1,0,35.17
2005,6,26,12,3,144,37.67,.1,0,2,1,0,37.67
2005,6,26,12,3,144,40.17,.1,0,2,1,0,40.17
2005,6,26,12,3,144,42.67,.1,0,2,0,0,42.67
2005,6,26,12,3,144,45.17,.1,0,2,0,0,45.17
2005,6,26,12,3,144,47.67,.1,0,2,0,0,47.67
2005,6,26,12,3,144,50.27,.1,0,2,0,0,50.27
2005,6,26,12,3,144,52.77,.1,0,2,0,0,52.77
2005,6,26,12,3,144,55.17,.1,0,2,0,0,55.17
2005,6,26,12,3,144,175.67,.1,0,2,0,0,175.67
2005,6,26,12,3,144,180,.1,0,2,0,0,180
2005,6,26,13,3,144,0,23,0,2,1,0,0
2005,6,26,13,3,144,2.77,1,0,2,1,0,2.77
2005,6,26,13,3,144,5.47,.1,0,2,1,0,5.47
2005,6,26,13,3,144,8.07,.1,0,2,1,0,8.07
2005,6,26,13,3,144,10.77,.1,0,2,1,0,10.77
2005,6,26,13,3,144,13.47,.1,0,2,1,0,13.47
2005,6,26,13,3,144,16.17,.1,0,2,1,0,16.17
2005,6,26,13,3,144,18.87,.1,0,2,1,0,18.87
2005,6,26,13,3,144,21.47,.1,0,2,1,0,21.47
2005,6,26,13,3,144,24.17,.1,0,2,1,0,24.17
2005,6,26,13,3,144,26.87,.1,0,2,1,0,26.87
2005,6,26,13,3,144,29.57,.1,0,2,1,0,29.57
2005,6,26,13,3,144,32.27,.1,0,2,1,0,32.27
2005,6,26,13,3,144,34.87,.1,0,2,1,0,34.87
2005,6,26,13,3,144,37.57,.1,0,2,1,0,37.57
2005,6,26,13,3,144,40.27,.1,0,2,1,0,40.27
2005,6,26,13,3,144,42.97,.1,0,2,1,0,42.97
2005,6,26,13,3,144,45.67,.1,0,2,0,0,45.67
2005,6,26,13,3,144,48.27,.1,0,2,0,0,48.27
2005,6,26,13,3,144,50.97,.1,0,2,0,0,50.97
2005,6,26,13,3,144,53.67,.1,0,2,0,0,53.67
2005,6,26,13,3,144,56.37,.1,0,2,0,0,56.37
2005,6,26,13,3,144,58.97,.1,0,2,0,0,58.97
2005,6,26,13,3,144,175.67,.1,0,2,0,0,175.67
2005,6,26,13,3,144,180,.1,0,2,0,0,180
2005,6,26,14,3,144,0,23,0,2,1,0,0
2005,6,26,14,3,144,2.87,1,0,2,1,0,2.87
2005,6,26,14,3,144,5.57,.1,0,2,1,0,5.57
2005,6,26,14,3,144,8.37,.1,0,2,1,0,8.37
2005,6,26,14,3,144,11.07,.1,0,2,1,0,11.07
2005,6,26,14,3,144,13.87,.1,0,2,1,0,13.87
2005,6,26,14,3,144,16.57,.1,0,2,1,0,16.57
2005,6,26,14,3,144,19.37,.1,0,2,1,0,19.37
2005,6,26,14,3,144,22.17,.1,0,2,1,0,22.17
2005,6,26,14,3,144,24.87,.1,0,2,1,0,24.87
2005,6,26,14,3,144,27.67,.1,0,2,1,0,27.67
2005,6,26,14,3,144,30.37,.1,0,2,1,0,30.37
2005,6,26,14,3,144,33.17,.1,0,2,1,0,33.17
2005,6,26,14,3,144,35.97,.1,0,2,1,0,35.97
2005,6,26,14,3,144,38.67,.1,0,2,1,0,38.67
2005,6,26,14,3,144,41.47,.1,0,2,1,0,41.47
2005,6,26,14,3,144,44.17,.1,0,2,1,0,44.17
2005,6,26,14,3,144,46.97,.1,0,2,0,0,46.97
2005,6,26,14,3,144,49.67,.1,0,2,0,0,49.67
2005,6,26,14,3,144,52.47,.1,0,2,0,0,52.47
2005,6,26,14,3,144,55.27,.1,0,2,0,0,55.27
2005,6,26,14,3,144,57.97,.1,0,2,0,0,57.97
2005,6,26,14,3,144,60.67,.1,0,2,0,0,60.67
2005,6,26,14,3,144,175.67,.1,0,2,0,0,175.67
2005,6,26,14,3,144,180,.1,0,2,0,0,180
2005,6,26,15,3,144,0,23,0,2,1,0,0
2005,6,26,15,3,144,2.77,1,0,2,1,0,2.77
2005,6,26,15,3,144,5.47,.1,0,2,1,0,5.47
2005,6,26,15,3,144,8.27,.1,0,2,1,0,8.27
2005,6,26,15,3,144,10.97,.1,0,2,1,0,10.97
2005,6,26,15,3,144,13.67,.1,0,2,1,0,13.67
2005,6,26,15,3,144,16.37,.1,0,2,1,0,16.37
2005,6,26,15,3,144,19.07,.1,0,2,1,0,19.07
2005,6,26,15,3,144,21.77,.1,0,2,1,0,21.77
2005,6,26,15,3,144,24.57,.1,0,2,1,0,24.57
2005,6,26,15,3,144,27.27,.1,0,2,1,0,27.27
2005,6,26,15,3,144,29.97,.1,0,2,1,0,29.97
2005,6,26,15,3,144,32.67,.1,0,2,1,0,32.67
2005,6,26,15,3,144,35.37,.1,0,2,1,0,35.37
2005,6,26,15,3,144,38.07,.1,0,2,1,0,38.07
2005,6,26,15,3,144,40.87,.1,0,2,1,0,40.87
2005,6,26,15,3,144,43.57,.1,0,2,1,0,43.57
2005,6,26,15,3,144,46.27,.1,0,2,1,0,46.27
2005,6,26,15,3,144,48.97,.1,0,2,0,0,48.97
2005,6,26,15,3,144,51.67,.1,0,2,0,0,51.67
2005,6,26,15,3,144,54.37,.1,0,2,0,0,54.37
2005,6,26,15,3,144,57.17,.1,0,2,0,0,57.17
2005,6,26,15,3,144,59.77,.1,0,2,0,0,59.77
2005,6,26,15,3,144,175.67,.1,0,2,0,0,175.67
2005,6,26,15,3,144,180,.1,0,2,0,0,180
2005,6,26,16,3,144,0,23,0,2,1,0,0
2005,6,26,16,3,144,2.27,1,0,2,1,0,2.27
2005,6,26,16,3,144,4.47,.1,0,2,1,0,4.47
2005,6,26,16,3,144,6.77,.1,0,2,1,0,6.77
2005,6,26,16,3,144,8.97,.1,0,2,1,0,8.97
2005,6,26,16,3,144,11.17,.1,0,2,1,0,11.17
2005,6,26,16,3,144,13.37,.1,0,2,1,0,13.37
2005,6,26,16,3,144,15.57,.1,0,2,1,0,15.57
2005,6,26,16,3,144,17.87,.1,0,2,1,0,17.87
2005,6,26,16,3,144,20.07,.1,0,2,1,0,20.07
2005,6,26,16,3,144,22.27,.1,0,2,1,0,22.27
2005,6,26,16,3,144,24.47,.1,0,2,1,0,24.47
2005,6,26,16,3,144,26.77,.1,0,2,1,0,26.77
2005,6,26,16,3,144,28.97,.1,0,2,1,0,28.97
2005,6,26,16,3,144,31.17,.1,0,2,1,0,31.17
2005,6,26,16,3,144,33.37,.1,0,2,1,0,33.37
2005,6,26,16,3,144,35.57,.1,0,2,1,0,35.57
2005,6,26,16,3,144,37.87,.1,0,2,1,0,37.87
2005,6,26,16,3,144,40.07,.1,0,2,1,0,40.07
2005,6,26,16,3,144,42.27,.1,0,2,1,0,42.27
2005,6,26,16,3,144,44.47,.1,0,2,0,0,44.47
2005,6,26,16,3,144,46.67,.1,0,2,0,0,46.67
2005,6,26,16,3,144,48.87,.1,0,2,0,0,48.87
2005,6,26,16,3,144,175.67,.1,0,2,0,0,175.67
2005,6,26,16,3,144,180,.1,0,2,0,0,180
2005,6,26,17,3,144,0,23,0,2,1,0,0
2005,6,26,17,3,144,2.37,1,0,2,1,0,2.37
2005,6,26,17,3,144,4.67,.1,0,2,1,0,4.67
2005,6,26,17,3,144,7.07,.1,0,2,1,0,7.07
2005,6,26,17,3,144,9.37,.1,0,2,1,0,9.37
2005,6,26,17,3,144,11.67,.1,0,2,1,0,11.67
2005,6,26,17,3,144,13.97,.1,0,2,1,0,13.97
2005,6,26,17,3,144,16.27,.1,0,2,1,0,16.27
2005,6,26,17,3,144,18.67,.1,0,2,1,0,18.67
2005,6,26,17,3,144,20.97,.1,0,2,1,0,20.97
2005,6,26,17,3,144,23.27,.1,0,2,1,0,23.27
2005,6,26,17,3,144,25.57,.1,0,2,1,0,25.57
2005,6,26,17,3,144,27.97,.1,0,2,1,0,27.97
2005,6,26,17,3,144,30.27,.1,0,2,1,0,30.27
2005,6,26,17,3,144,32.57,.1,0,2,1,0,32.57
2005,6,26,17,3,144,34.87,.1,0,2,1,0,34.87
2005,6,26,17,3,144,37.17,.1,0,2,1,0,37.17
2005,6,26,17,3,144,39.57,.1,0,2,1,0,39.57
2005,6,26,17,3,144,41.87,.1,0,2,1,0,41.87
2005,6,26,17,3,144,44.17,.1,0,2,0,0,44.17
2005,6,26,17,3,144,46.47,.1,0,2,0,0,46.47
2005,6,26,17,3,144,48.77,.1,0,2,0,0,48.77
2005,6,26,17,3,144,51.07,.1,0,2,0,0,51.07
2005,6,26,17,3,144,175.67,.1,0,2,0,0,175.67
2005,6,26,17,3,144,180,.1,0,2,0,0,180
2005,6,26,18,3,144,0,23,0,2,1,0,0
2005,6,26,18,3,144,2.37,1,0,2,1,0,2.37
2005,6,26,18,3,144,4.57,.1,0,2,1,0,4.57
2005,6,26,18,3,144,6.87,.1,0,2,1,0,6.87
2005,6,26,18,3,144,9.07,.1,0,2,1,0,9.07
2005,6,26,18,3,144,11.37,.1,0,2,1,0,11.37
2005,6,26,18,3,144,13.57,.1,0,2,1,0,13.57
2005,6,26,18,3,144,15.87,.1,0,2,1,0,15.87
2005,6,26,18,3,144,18.17,.1,0,2,1,0,18.17
2005,6,26,18,3,144,20.37,.1,0,2,1,0,20.37
2005,6,26,18,3,144,22.67,.1,0,2,1,0,22.67
2005,6,26,18,3,144,24.87,.1,0,2,1,0,24.87
2005,6,26,18,3,144,27.17,.1,0,2,1,0,27.17
2005,6,26,18,3,144,29.47,.1,0,2,1,0,29.47
2005,6,26,18,3,144,31.67,.1,0,2,1,0,31.67
2005,6,26,18,3,144,33.97,.1,0,2,1,0,33.97
2005,6,26,18,3,144,36.17,.1,0,2,1,0,36.17
2005,6,26,18,3,144,38.47,.1,0,2,1,0,38.47
2005,6,26,18,3,144,40.67,.1,0,2,1,0,40.67
2005,6,26,18,3,144,42.97,.1,0,2,0,0,42.97
2005,6,26,18,3,144,45.27,.1,0,2,0,0,45.27
2005,6,26,18,3,144,47.47,.1,0,2,0,0,47.47
2005,6,26,18,3,144,49.67,.1,0,2,0,0,49.67
2005,6,26,18,3,144,175.67,.1,0,2,0,0,175.67
2005,6,26,18,3,144,180,.1,0,2,0,0,180
2005,6,26,19,3,144,0,23,0,2,1,0,0
2005,6,26,19,3,144,2.37,1,0,2,1,0,2.37
2005,6,26,19,3,144,4.57,.1,0,2,1,0,4.57
2005,6,26,19,3,144,6.87,.1,0,2,1,0,6.87
2005,6,26,19,3,144,9.07,.1,0,2,1,0,9.07
2005,6,26,19,3,144,11.37,.1,0,2,1,0,11.37
2005,6,26,19,3,144,13.57,.1,0,2,1,0,13.57
2005,6,26,19,3,144,15.87,.1,0,2,1,0,15.87
2005,6,26,19,3,144,18.17,.1,0,2,1,0,18.17
2005,6,26,19,3,144,20.37,.1,0,2,1,0,20.37
2005,6,26,19,3,144,22.67,.1,0,2,1,0,22.67
2005,6,26,19,3,144,24.87,.1,0,2,1,0,24.87
2005,6,26,19,3,144,27.17,.1,0,2,1,0,27.17
2005,6,26,19,3,144,29.47,.1,0,2,1,0,29.47
2005,6,26,19,3,144,31.67,.1,0,2,1,0,31.67
2005,6,26,19,3,144,33.97,.1,0,2,1,0,33.97
2005,6,26,19,3,144,36.17,.1,0,2,1,0,36.17
2005,6,26,19,3,144,38.47,.1,0,2,1,0,38.47
2005,6,26,19,3,144,40.67,.1,0,2,1,0,40.67
2005,6,26,19,3,144,42.97,.1,0,2,0,0,42.97
2005,6,26,19,3,144,45.27,.1,0,2,0,0,45.27
2005,6,26,19,3,144,47.47,.1,0,2,0,0,47.47
2005,6,26,19,3,144,49.67,.1,0,2,0,0,49.67
2005,6,26,19,3,144,175.67,.1,0,2,0,0,175.67
2005,6,26,19,3,144,180,.1,0,2,0,0,180
2005,6,26,20,3,144,0,23,0,2,1,0,0
2005,6,26,20,3,144,2.37,1,0,2,1,0,2.37
2005,6,26,20,3,144,4.57,.1,0,2,1,0,4.57
2005,6,26,20,3,144,6.87,.1,0,2,1,0,6.87
2005,6,26,20,3,144,9.07,.1,0,2,1,0,9.07
2005,6,26,20,3,144,11.37,.1,0,2,1,0,11.37
2005,6,26,20,3,144,13.57,.1,0,2,1,0,13.57
2005,6,26,20,3,144,15.87,.1,0,2,1,0,15.87
2005,6,26,20,3,144,18.17,.1,0,2,1,0,18.17
2005,6,26,20,3,144,20.37,.1,0,2,1,0,20.37
2005,6,26,20,3,144,22.67,.1,0,2,1,0,22.67
2005,6,26,20,3,144,24.87,.1,0,2,1,0,24.87
2005,6,26,20,3,144,27.17,.1,0,2,1,0,27.17
2005,6,26,20,3,144,29.47,.1,0,2,1,0,29.47
2005,6,26,20,3,144,31.67,.1,0,2,1,0,31.67
2005,6,26,20,3,144,33.97,.1,0,2,1,0,33.97
2005,6,26,20,3,144,36.17,.1,0,2,1,0,36.17
2005,6,26,20,3,144,38.47,.1,0,2,1,0,38.47
2005,6,26,20,3,144,40.67,.1,0,2,0,0,40.67
2005,6,26,20,3,144,42.97,.1,0,2,0,0,42.97
2005,6,26,20,3,144,45.27,.1,0,2,0,0,45.27
2005,6,26,20,3,144,47.47,.1,0,2,0,0,47.47
2005,6,26,20,3,144,49.67,.1,0,2,0,0,49.67
2005,6,26,20,3,144,175.67,.1,0,2,0,0,175.67
2005,6,26,20,3,144,180,.1,0,2,0,0,180
2005,6,26,21,3,144,0,23,0,2,1,0,0
2005,6,26,21,3,144,2.27,1,0,2,1,0,2.27
2005,6,26,21,3,144,4.37,.1,0,2,1,0,4.37
2005,6,26,21,3,144,6.57,.1,0,2,1,0,6.57
2005,6,26,21,3,144,8.67,.1,0,2,1,0,8.67
2005,6,26,21,3,144,10.87,.1,0,2,1,0,10.87
2005,6,26,21,3,144,12.97,.1,0,2,1,0,12.97
2005,6,26,21,3,144,15.17,.1,0,2,1,0,15.17
2005,6,26,21,3,144,17.37,.1,0,2,1,0,17.37
2005,6,26,21,3,144,19.47,.1,0,2,1,0,19.47
2005,6,26,21,3,144,21.67,.1,0,2,1,0,21.67
2005,6,26,21,3,144,23.77,.1,0,2,1,0,23.77
2005,6,26,21,3,144,25.97,.1,0,2,1,0,25.97
2005,6,26,21,3,144,28.17,.1,0,2,1,0,28.17
2005,6,26,21,3,144,30.27,.1,0,2,1,0,30.27
2005,6,26,21,3,144,32.47,.1,0,2,1,0,32.47
2005,6,26,21,3,144,34.57,.1,0,2,1,0,34.57
2005,6,26,21,3,144,36.77,.1,0,2,1,0,36.77
2005,6,26,21,3,144,38.87,.1,0,2,1,0,38.87
2005,6,26,21,3,144,41.07,.1,0,2,0,0,41.07
2005,6,26,21,3,144,43.27,.1,0,2,0,0,43.27
2005,6,26,21,3,144,45.37,.1,0,2,0,0,45.37
2005,6,26,21,3,144,47.47,.1,0,2,0,0,47.47
2005,6,26,21,3,144,175.67,.1,0,2,0,0,175.67
2005,6,26,21,3,144,180,.1,0,2,0,0,180
2005,6,26,22,3,144,0,23,0,2,1,0,0
2005,6,26,22,3,144,2.27,1,0,2,1,0,2.27
2005,6,26,22,3,144,4.37,.1,0,2,1,0,4.37
2005,6,26,22,3,144,6.57,.1,0,2,1,0,6.57
2005,6,26,22,3,144,8.67,.1,0,2,1,0,8.67
2005,6,26,22,3,144,10.87,.1,0,2,1,0,10.87
2005,6,26,22,3,144,12.97,.1,0,2,1,0,12.97
2005,6,26,22,3,144,15.17,.1,0,2,1,0,15.17
2005,6,26,22,3,144,17.27,.1,0,2,1,0,17.27
2005,6,26,22,3,144,19.47,.1,0,2,1,0,19.47
2005,6,26,22,3,144,21.57,.1,0,2,1,0,21.57
2005,6,26,22,3,144,23.77,.1,0,2,1,0,23.77
2005,6,26,22,3,144,25.87,.1,0,2,1,0,25.87
2005,6,26,22,3,144,28.07,.1,0,2,1,0,28.07
2005,6,26,22,3,144,30.17,.1,0,2,1,0,30.17
2005,6,26,22,3,144,32.37,.1,0,2,1,0,32.37
2005,6,26,22,3,144,34.57,.1,0,2,1,0,34.57
2005,6,26,22,3,144,36.67,.1,0,2,1,0,36.67
2005,6,26,22,3,144,38.87,.1,0,2,1,0,38.87
2005,6,26,22,3,144,40.97,.1,0,2,1,0,40.97
2005,6,26,22,3,144,43.17,.1,0,2,0,0,43.17
2005,6,26,22,3,144,45.27,.1,0,2,0,0,45.27
2005,6,26,22,3,144,47.37,.1,0,2,0,0,47.37
2005,6,26,22,3,144,175.67,.1,0,2,0,0,175.67
2005,6,26,22,3,144,180,.1,0,2,0,0,180
2005,6,26,23,3,144,0,23,0,2,1,0,0
2005,6,26,23,3,144,2.97,1,0,2,1,0,2.97
2005,6,26,23,3,144,5.97,.1,0,2,1,0,5.97
2005,6,26,23,3,144,8.87,.1,0,2,1,0,8.87
2005,6,26,23,3,144,11.87,.1,0,2,1,0,11.87
2005,6,26,23,3,144,14.77,.1,0,2,1,0,14.77
2005,6,26,23,3,144,17.67,.1,0,2,1,0,17.67
2005,6,26,23,3,144,20.67,.1,0,2,1,0,20.67
2005,6,26,23,3,144,23.57,.1,0,2,1,0,23.57
2005,6,26,23,3,144,26.57,.1,0,2,1,0,26.57
2005,6,26,23,3,144,29.47,.1,0,2,1,0,29.47
2005,6,26,23,3,144,32.37,.1,0,2,1,0,32.37
2005,6,26,23,3,144,35.37,.1,0,2,1,0,35.37
2005,6,26,23,3,144,38.27,.1,0,2,1,0,38.27
2005,6,26,23,3,144,41.27,.1,0,2,1,0,41.27
2005,6,26,23,3,144,44.17,.1,0,2,1,0,44.17
2005,6,26,23,3,144,47.07,.1,0,2,1,0,47.07
2005,6,26,23,3,144,50.07,.1,0,2,1,0,50.07
2005,6,26,23,3,144,52.97,.1,0,2,1,0,52.97
2005,6,26,23,3,144,55.97,.1,0,2,1,0,55.97
2005,6,26,23,3,144,58.87,.1,0,2,0,0,58.87
2005,6,26,23,3,144,61.77,.1,0,2,0,0,61.77
2005,6,26,23,3,144,64.67,.1,0,2,0,0,64.67
2005,6,26,23,3,144,175.67,.1,0,2,0,0,175.67
2005,6,26,23,3,144,180,.1,0,2,0,0,180
2005,6,26,24,3,144,0,22,0,2,1,0,0
2005,6,26,24,3,144,2.57,1,0,2,1,0,2.57
2005,6,26,24,3,144,5.07,.1,0,2,1,0,5.07
2005,6,26,24,3,144,7.57,.1,0,2,1,0,7.57
2005,6,26,24,3,144,10.07,.1,0,2,1,0,10.07
2005,6,26,24,3,144,12.57,.1,0,2,1,0,12.57
2005,6,26,24,3,144,15.07,.1,0,2,1,0,15.07
2005,6,26,24,3,144,17.57,.1,0,2,1,0,17.57
2005,6,26,24,3,144,20.07,.1,0,2,1,0,20.07
2005,6,26,24,3,144,22.57,.1,0,2,1,0,22.57
2005,6,26,24,3,144,25.07,.1,0,2,1,0,25.07
2005,6,26,24,3,144,27.57,.1,0,2,1,0,27.57
2005,6,26,24,3,144,30.07,.1,0,2,1,0,30.07
2005,6,26,24,3,144,32.57,.1,0,2,1,0,32.57
2005,6,26,24,3,144,35.07,.1,0,2,1,0,35.07
2005,6,26,24,3,144,37.57,.1,0,2,1,0,37.57
2005,6,26,24,3,144,40.07,.1,0,2,1,0,40.07
2005,6,26,24,3,144,42.57,.1,0,2,1,0,42.57
2005,6,26,24,3,144,45.07,.1,0,2,1,0,45.07
2005,6,26,24,3,144,47.57,.1,0,2,1,0,47.57
2005,6,26,24,3,144,50.07,.1,0,2,0,0,50.07
2005,6,26,24,3,144,52.57,.1,0,2,0,0,52.57
2005,6,26,24,3,144,54.97,.1,0,2,0,0,54.97
2005,6,26,24,3,144,175.67,.1,0,2,0,0,175.67
2005,6,26,24,3,144,180,.1,0,2,0,0,180
2005,6,26,1,9,145,180,27,0,1,1,0,180
2005,6,26,2,9,145,180,26.3,0,1,1,0,180
2005,6,26,3,9,145,180,25.6,0,1,1,0,180
2005,6,26,4,9,145,180,26.3,0,1,1,0,180
2005,6,26,5,9,145,180,26.2,0,1,1,0,180
2005,6,26,6,9,145,180,26,0,1,1,0,180
2005,6,26,7,9,145,180,27,0,1,1,0,180
2005,6,26,8,9,145,180,28.2,0,1,1,0,180
2005,6,26,9,9,145,180,28.7,0,1,1,0,180
2005,6,26,10,9,145,180,28.4,0,1,1,0,180
2005,6,26,11,9,145,180,28.2,0,1,1,0,180
2005,6,26,12,9,145,180,29.6,0,1,1,0,180
2005,6,26,13,9,145,180,30.9,0,1,1,0,180
2005,6,26,14,9,145,180,30.8,0,1,1,0,180
2005,6,26,15,9,145,180,29.4,0,1,1,0,180
2005,6,26,16,9,145,180,28.5,0,1,1,0,180
2005,6,26,17,9,145,180,30.2,0,1,1,0,180
2005,6,26,18,9,145,180,29,0,1,1,0,180
2005,6,26,19,9,145,180,29.7,0,1,1,0,180
2005,6,26,20,9,145,180,30.1,0,1,1,0,180
2005,6,26,21,9,145,180,31.6,0,1,1,0,180
2005,6,26,22,9,145,180,30.2,0,1,1,0,180
2005,6,26,23,9,145,180,31,0,1,1,0,180
2005,6,26,24,9,145,180,30.8,0,1,1,0,180
2005,6,26,1,1,146,92,200,0,1,1,0,92
2005,6,26,1,1,146,106,100,0,1,1,0,106
2005,6,26,1,1,146,129,200,0,1,1,0,129
2005,6,26,1,1,146,180.3,2011,0,1,1,0,180.3
2005,6,26,2,1,146,92,200,0,1,1,0,92
2005,6,26,2,1,146,106,100,0,1,1,0,106
2005,6,26,2,1,146,129,200,0,1,1,0,129
2005,6,26,2,1,146,180.3,1901,0,1,1,0,180.3
2005,6,26,3,1,146,92,200,0,1,1,0,92
2005,6,26,3,1,146,106,100,0,1,1,0,106
2005,6,26,3,1,146,129,200,0,1,1,0,129
2005,6,26,3,1,146,180.3,1783,0,1,1,0,180.3
2005,6,26,4,1,146,92,200,0,1,1,0,92
2005,6,26,4,1,146,106,100,0,1,1,0,106
2005,6,26,4,1,146,129,200,0,1,1,0,129
2005,6,26,4,1,146,180.3,1730,0,1,1,0,180.3
2005,6,26,5,1,146,92,200,0,1,1,0,92
2005,6,26,5,1,146,106,100,0,1,1,0,106
2005,6,26,5,1,146,129,200,0,1,1,0,129
2005,6,26,5,1,146,180.3,1701,0,1,1,0,180.3
2005,6,26,6,1,146,92,200,0,1,1,0,92
2005,6,26,6,1,146,106,100,0,1,1,0,106
2005,6,26,6,1,146,129,200,0,1,1,0,129
2005,6,26,6,1,146,180.3,1696,0,1,1,0,180.3
2005,6,26,7,1,146,92,200,0,1,1,0,92
2005,6,26,7,1,146,106,100,0,1,1,0,106
2005,6,26,7,1,146,129,200,0,1,1,0,129
2005,6,26,7,1,146,180.3,1735,0,1,1,0,180.3
2005,6,26,8,1,146,92,200,0,1,1,0,92
2005,6,26,8,1,146,106,100,0,1,1,0,106
2005,6,26,8,1,146,129,200,0,1,1,0,129
2005,6,26,8,1,146,180.3,1756,0,1,1,0,180.3
2005,6,26,9,1,146,92,200,0,1,1,0,92
2005,6,26,9,1,146,106,100,0,1,1,0,106
2005,6,26,9,1,146,129,200,0,1,1,0,129
2005,6,26,9,1,146,180.3,1868,0,1,1,0,180.3
2005,6,26,10,1,146,92,200,0,1,1,0,92
2005,6,26,10,1,146,106,100,0,1,1,0,106
2005,6,26,10,1,146,129,200,0,1,1,0,129
2005,6,26,10,1,146,180.3,2100,0,1,1,0,180.3
2005,6,26,11,1,146,92,200,0,1,1,0,92
2005,6,26,11,1,146,106,100,0,1,1,0,106
2005,6,26,11,1,146,129,200,0,1,1,0,129
2005,6,26,11,1,146,180.3,2242,0,1,1,0,180.3
2005,6,26,12,1,146,92,200,0,1,1,0,92
2005,6,26,12,1,146,106,100,0,1,1,0,106
2005,6,26,12,1,146,129,200,0,1,1,0,129
2005,6,26,12,1,146,180.3,2317,0,1,1,0,180.3
2005,6,26,13,1,146,92,200,0,1,1,0,92
2005,6,26,13,1,146,106,100,0,1,1,0,106
2005,6,26,13,1,146,129,200,0,1,1,0,129
2005,6,26,13,1,146,180.3,2358,0,1,1,0,180.3
2005,6,26,14,1,146,92,200,0,1,1,0,92
2005,6,26,14,1,146,106,100,0,1,1,0,106
2005,6,26,14,1,146,129,200,0,1,1,0,129
2005,6,26,14,1,146,180.3,2264,0,1,1,0,180.3
2005,6,26,15,1,146,92,200,0,1,1,0,92
2005,6,26,15,1,146,106,100,0,1,1,0,106
2005,6,26,15,1,146,129,200,0,1,1,0,129
2005,6,26,15,1,146,180.3,2182,0,1,1,0,180.3
2005,6,26,16,1,146,92,200,0,1,1,0,92
2005,6,26,16,1,146,106,100,0,1,1,0,106
2005,6,26,16,1,146,129,200,0,1,1,0,129
2005,6,26,16,1,146,180.3,2157,0,1,1,0,180.3
2005,6,26,17,1,146,92,200,0,1,1,0,92
2005,6,26,17,1,146,106,100,0,1,1,0,106
2005,6,26,17,1,146,129,200,0,1,1,0,129
2005,6,26,17,1,146,180.3,2159,0,1,1,0,180.3
2005,6,26,18,1,146,92,200,0,1,1,0,92
2005,6,26,18,1,146,106,100,0,1,1,0,106
2005,6,26,18,1,146,129,200,0,1,1,0,129
2005,6,26,18,1,146,180.3,2195,0,1,1,0,180.3
2005,6,26,19,1,146,92,200,0,1,1,0,92
2005,6,26,19,1,146,106,100,0,1,1,0,106
2005,6,26,19,1,146,129,200,0,1,1,0,129
2005,6,26,19,1,146,180.3,2192,0,1,1,0,180.3
2005,6,26,20,1,146,92,200,0,1,1,0,92
2005,6,26,20,1,146,106,100,0,1,1,0,106
2005,6,26,20,1,146,129,200,0,1,1,0,129
2005,6,26,20,1,146,180.3,2195,0,1,1,0,180.3
2005,6,26,21,1,146,92,200,0,1,1,0,92
2005,6,26,21,1,146,106,100,0,1,1,0,106
2005,6,26,21,1,146,129,200,0,1,1,0,129
2005,6,26,21,1,146,180.3,2248,0,1,1,0,180.3
2005,6,26,22,1,146,92,200,0,1,1,0,92
2005,6,26,22,1,146,106,100,0,1,1,0,106
2005,6,26,22,1,146,129,200,0,1,1,0,129
2005,6,26,22,1,146,180.3,2294,0,1,1,0,180.3
2005,6,26,23,1,146,92,200,0,1,1,0,92
2005,6,26,23,1,146,106,100,0,1,1,0,106
2005,6,26,23,1,146,129,200,0,1,1,0,129
2005,6,26,23,1,146,180.3,2356,0,1,1,0,180.3
2005,6,26,24,1,146,92,200,0,1,1,0,92
2005,6,26,24,1,146,106,100,0,1,1,0,106
2005,6,26,24,1,146,129,200,0,1,1,0,129
2005,6,26,24,1,146,180.3,2279,0,1,1,0,180.3
2005,6,26,1,9,147,180.3,6311,0,1,1,0,180.3
2005,6,26,2,9,147,180.3,5692,0,1,1,0,180.3
2005,6,26,3,9,147,180.3,5226,0,1,1,0,180.3
2005,6,26,4,9,147,180.3,4863,0,1,1,0,180.3
2005,6,26,5,9,147,180.3,4637,0,1,1,0,180.3
2005,6,26,6,9,147,180.3,4460,0,1,1,0,180.3
2005,6,26,7,9,147,180.3,4206,0,1,1,0,180.3
2005,6,26,8,9,147,180.3,3937,0,1,1,0,180.3
2005,6,26,9,9,147,180.3,4081,0,1,1,0,180.3
2005,6,26,10,9,147,180.3,4442,0,1,1,0,180.3
2005,6,26,11,9,147,180.3,4835,0,1,1,0,180.3
2005,6,26,12,9,147,180.3,5160,0,1,1,0,180.3
2005,6,26,13,9,147,180.3,5277,0,1,1,0,180.3
2005,6,26,14,9,147,180.3,5516,0,1,1,0,180.3
2005,6,26,15,9,147,180.3,5624,0,1,1,0,180.3
2005,6,26,16,9,147,180.3,5403,0,1,1,0,180.3
2005,6,26,17,9,147,180.3,5239,0,1,1,0,180.3
2005,6,26,18,9,147,180.3,5046,0,1,1,0,180.3
2005,6,26,19,9,147,180.3,5075,0,1,1,0,180.3
2005,6,26,20,9,147,180.3,5216,0,1,1,0,180.3
2005,6,26,21,9,147,180.3,5412,0,1,1,0,180.3
2005,6,26,22,9,147,180.3,6014,0,1,1,0,180.3
2005,6,26,23,9,147,180.3,6848,0,1,1,0,180.3
2005,6,26,24,9,147,180.3,6530,0,1,1,0,180.3
2005,6,26,1,1,148,180.3,63.9,0,1,1,0,180.3
2005,6,26,2,1,148,180.3,58.8,0,1,1,0,180.3
2005,6,26,3,1,148,180.3,57.8,0,1,1,0,180.3
2005,6,26,4,1,148,180.3,59.8,0,1,1,0,180.3
2005,6,26,5,1,148,180.3,57.8,0,1,1,0,180.3
2005,6,26,6,1,148,180.3,58.8,0,1,1,0,180.3
2005,6,26,7,1,148,180.3,58.8,0,1,1,0,180.3
2005,6,26,8,1,148,180.3,54.8,0,1,1,0,180.3
2005,6,26,9,1,148,180.3,55.8,0,1,1,0,180.3
2005,6,26,10,1,148,180.3,57.8,0,1,1,0,180.3
2005,6,26,11,1,148,180.3,61.9,0,1,1,0,180.3
2005,6,26,12,1,148,180.3,63.9,0,1,1,0,180.3
2005,6,26,13,1,148,180.3,65.9,0,1,1,0,180.3
2005,6,26,14,1,148,180.3,65.9,0,1,1,0,180.3
2005,6,26,15,1,148,180.3,63.9,0,1,1,0,180.3
2005,6,26,16,1,148,180.3,62.9,0,1,1,0,180.3
2005,6,26,17,1,148,180.3,62.9,0,1,1,0,180.3
2005,6,26,18,1,148,180.3,61.9,0,1,1,0,180.3
2005,6,26,19,1,148,180.3,61.9,0,1,1,0,180.3
2005,6,26,20,1,148,180.3,60.8,0,1,1,0,180.3
2005,6,26,21,1,148,180.3,59.8,0,1,1,0,180.3
2005,6,26,22,1,148,180.3,58.8,0,1,1,0,180.3
2005,6,26,23,1,148,180.3,59.8,0,1,1,0,180.3
2005,6,26,24,1,148,180.3,61.9,0,1,1,0,180.3
2005,6,26,1,1,149,0,123,0,2,1,0,0
2005,6,26,2,1,149,0,123,0,2,1,0,0
2005,6,26,3,1,149,0,123,0,2,1,0,0
2005,6,26,4,1,149,0,123,0,2,1,0,0
2005,6,26,5,1,149,0,125,0,2,1,0,0
2005,6,26,6,1,149,0,125,0,2,1,0,0
2005,6,26,7,1,149,0,125,0,2,1,0,0
2005,6,26,8,1,149,0,125,0,2,1,0,0
2005,6,26,9,1,149,0,125,0,2,1,0,0
2005,6,26,10,1,149,0,123,0,2,1,0,0
2005,6,26,11,1,149,0,122,0,2,1,0,0
2005,6,26,12,1,149,0,120,0,2,1,0,0
2005,6,26,13,1,149,0,119,0,2,1,0,0
2005,6,26,14,1,149,0,117,0,2,1,0,0
2005,6,26,15,1,149,0,117,0,2,1,0,0
2005,6,26,16,1,149,0,118,0,2,1,0,0
2005,6,26,17,1,149,0,118,0,2,1,0,0
2005,6,26,18,1,149,0,118,0,2,1,0,0
2005,6,26,19,1,149,0,119,0,2,1,0,0
2005,6,26,20,1,149,0,119,0,2,1,0,0
2005,6,26,21,1,149,0,123,0,2,1,0,0
2005,6,26,22,1,149,0,123,0,2,1,0,0
2005,6,26,23,1,149,0,124,0,2,1,0,0
2005,6,26,24,1,149,0,124,0,2,1,0,0
2005,6,26,1,1,150,0,49.5,0,2,1,0,0
2005,6,26,2,1,150,0,48.4,0,2,1,0,0
2005,6,26,3,1,150,0,48.7,0,2,1,0,0
2005,6,26,4,1,150,0,50.2,0,2,1,0,0
2005,6,26,5,1,150,0,50.6,0,2,1,0,0
2005,6,26,6,1,150,0,49.8,0,2,1,0,0
2005,6,26,7,1,150,0,48.6,0,2,1,0,0
2005,6,26,8,1,150,0,45.8,0,2,1,0,0
2005,6,26,9,1,150,0,45.5,0,2,1,0,0
2005,6,26,10,1,150,0,47.5,0,2,1,0,0
2005,6,26,11,1,150,0,51.4,0,2,1,0,0
2005,6,26,12,1,150,0,53.3,0,2,1,0,0
2005,6,26,13,1,150,0,53.1,0,2,1,0,0
2005,6,26,14,1,150,0,52.4,0,2,1,0,0
2005,6,26,15,1,150,0,52.8,0,2,1,0,0
2005,6,26,16,1,150,0,53.1,0,2,1,0,0
2005,6,26,17,1,150,0,54.1,0,2,1,0,0
2005,6,26,18,1,150,0,56.4,0,2,1,0,0
2005,6,26,19,1,150,0,59.6,0,2,1,0,0
2005,6,26,20,1,150,0,61.8,0,2,1,0,0
2005,6,26,21,1,150,0,60.3,0,2,1,0,0
2005,6,26,22,1,150,0,56.2,0,2,1,0,0
2005,6,26,23,1,150,0,55.7,0,2,1,0,0
2005,6,26,24,1,150,0,53.1,0,2,1,0,0
2005,6,26,1,1,151,0,6.4,0,2,1,0,0
2005,6,26,2,1,151,0,5.8,0,2,1,0,0
2005,6,26,3,1,151,0,5.8,0,2,1,0,0
2005,6,26,4,1,151,0,5.8,0,2,1,0,0
2005,6,26,5,1,151,0,5.8,0,2,1,0,0
2005,6,26,6,1,151,0,6.2,0,2,1,0,0
2005,6,26,7,1,151,0,7.3,0,2,1,0,0
2005,6,26,8,1,151,0,6.9,0,2,1,0,0
2005,6,26,9,1,151,0,6.5,0,2,1,0,0
2005,6,26,10,1,151,0,6.4,0,2,1,0,0
2005,6,26,11,1,151,0,5.9,0,2,1,0,0
2005,6,26,12,1,151,0,5.8,0,2,1,0,0
2005,6,26,13,1,151,0,5.8,0,2,1,0,0
2005,6,26,14,1,151,0,5.8,0,2,1,0,0
2005,6,26,15,1,151,0,5.8,0,2,1,0,0
2005,6,26,16,1,151,0,5.8,0,2,1,0,0
2005,6,26,17,1,151,0,5.9,0,2,1,0,0
2005,6,26,18,1,151,0,7.1,0,2,1,0,0
2005,6,26,19,1,151,0,6.4,0,2,1,0,0
2005,6,26,20,1,151,0,6.4,0,2,1,0,0
2005,6,26,21,1,151,0,5.9,0,2,1,0,0
2005,6,26,22,1,151,0,5.8,0,2,1,0,0
2005,6,26,23,1,151,0,5.8,0,2,1,0,0
2005,6,26,24,1,151,0,5.8,0,2,1,0,0
2005,6,26,1,1,152,0,14,0,2,1,0,0
2005,6,26,2,1,152,0,14,0,2,1,0,0
2005,6,26,3,1,152,0,14,0,2,1,0,0
2005,6,26,4,1,152,0,14,0,2,1,0,0
2005,6,26,5,1,152,0,15,0,2,1,0,0
2005,6,26,6,1,152,0,15,0,2,1,0,0
2005,6,26,7,1,152,0,15,0,2,1,0,0
2005,6,26,8,1,152,0,15,0,2,1,0,0
2005,6,26,9,1,152,0,15,0,2,1,0,0
2005,6,26,10,1,152,0,14,0,2,1,0,0
2005,6,26,11,1,152,0,14,0,2,1,0,0
2005,6,26,12,1,152,0,13,0,2,1,0,0
2005,6,26,13,1,152,0,13,0,2,1,0,0
2005,6,26,14,1,152,0,13,0,2,1,0,0
2005,6,26,15,1,152,0,13,0,2,1,0,0
2005,6,26,16,1,152,0,13,0,2,1,0,0
2005,6,26,17,1,152,0,13,0,2,1,0,0
2005,6,26,18,1,152,0,13,0,2,1,0,0
2005,6,26,19,1,152,0,13,0,2,1,0,0
2005,6,26,20,1,152,0,13,0,2,1,0,0
2005,6,26,21,1,152,0,13,0,2,1,0,0
2005,6,26,22,1,152,0,13,0,2,1,0,0
2005,6,26,23,1,152,0,13,0,2,1,0,0
2005,6,26,24,1,152,0,13,0,2,1,0,0
2005,6,26,1,1,153,0,250,0,2,1,0,0
2005,6,26,2,1,153,0,275,0,2,1,0,0
2005,6,26,3,1,153,0,275,0,2,1,0,0
2005,6,26,4,1,153,0,275,0,2,1,0,0
2005,6,26,5,1,153,0,259.9,0,2,1,0,0
2005,6,26,6,1,153,0,259.6,0,2,1,0,0
2005,6,26,7,1,153,0,256.9,0,2,1,0,0
2005,6,26,8,1,153,0,255.3,0,2,1,0,0
2005,6,26,9,1,153,0,254.7,0,2,1,0,0
2005,6,26,10,1,153,0,227.4,0,2,1,0,0
2005,6,26,11,1,153,0,233.7,0,2,1,0,0
2005,6,26,12,1,153,0,233.4,0,2,1,0,0
2005,6,26,13,1,153,0,233.3,0,2,1,0,0
2005,6,26,14,1,153,0,229.3,0,2,1,0,0
2005,6,26,15,1,153,0,227.8,0,2,1,0,0
2005,6,26,16,1,153,0,228,0,2,1,0,0
2005,6,26,17,1,153,0,231.7,0,2,1,0,0
2005,6,26,18,1,153,0,231.2,0,2,1,0,0
2005,6,26,19,1,153,0,237.8,0,2,1,0,0
2005,6,26,20,1,153,0,237.7,0,2,1,0,0
2005,6,26,21,1,153,0,198.6,0,2,1,0,0
2005,6,26,22,1,153,0,198.7,0,2,1,0,0
2005,6,26,23,1,153,0,199.2,0,2,1,0,0
2005,6,26,24,1,153,0,200,0,2,1,0,0
2005,6,26,8,9,154,0,.4,0,2,1,0,0
2005,6,26,9,9,154,0,2.9,0,2,1,0,0
2005,6,26,10,9,154,0,2.9,0,2,1,0,0
2005,6,26,11,9,154,0,2.9,0,2,1,0,0
2005,6,26,12,9,154,0,2.8,0,2,1,0,0
2005,6,26,13,9,154,0,2.8,0,2,1,0,0
2005,6,26,14,9,154,0,2.7,0,2,1,0,0
2005,6,26,15,9,154,0,2.6,0,2,1,0,0
2005,6,26,16,9,154,0,2.9,0,2,1,0,0
2005,6,26,17,9,154,0,2.6,0,2,1,0,0
2005,6,26,18,9,154,0,2.6,0,2,1,0,0
2005,6,26,19,9,154,0,2.7,0,2,1,0,0
2005,6,26,20,9,154,0,2.6,0,2,1,0,0
2005,6,26,21,9,154,0,2.5,0,2,1,0,0
2005,6,26,22,9,154,0,2.7,0,2,1,0,0
2005,6,26,23,9,154,0,2.7,0,2,1,0,0
2005,6,26,24,9,154,0,2.8,0,2,1,0,0
2005,6,26,1,9,155,0,4.7,0,2,1,0,0
2005,6,26,2,9,155,0,4.7,0,2,1,0,0
2005,6,26,3,9,155,0,4.7,0,2,1,0,0
2005,6,26,4,9,155,0,4.7,0,2,1,0,0
2005,6,26,5,9,155,0,4.7,0,2,1,0,0
2005,6,26,6,9,155,0,4.7,0,2,1,0,0
2005,6,26,7,9,155,0,4.7,0,2,1,0,0
2005,6,26,8,9,155,0,4.7,0,2,1,0,0
2005,6,26,9,9,155,0,4.7,0,2,1,0,0
2005,6,26,10,9,155,0,4.7,0,2,1,0,0
2005,6,26,11,9,155,0,4.7,0,2,1,0,0
2005,6,26,12,9,155,0,4.7,0,2,1,0,0
2005,6,26,13,9,155,0,4.7,0,2,1,0,0
2005,6,26,14,9,155,0,4.7,0,2,1,0,0
2005,6,26,15,9,155,0,4.7,0,2,1,0,0
2005,6,26,16,9,155,0,4.7,0,2,1,0,0
2005,6,26,17,9,155,0,4.7,0,2,1,0,0
2005,6,26,18,9,155,0,4.7,0,2,1,0,0
2005,6,26,19,9,155,0,4.7,0,2,1,0,0
2005,6,26,20,9,155,0,4.7,0,2,1,0,0
2005,6,26,21,9,155,0,4.7,0,2,1,0,0
2005,6,26,22,9,155,0,4.7,0,2,1,0,0
2005,6,26,23,9,155,0,4.7,0,2,1,0,0
2005,6,26,24,9,155,0,4.7,0,2,1,0,0
2005,6,26,1,9,156,.99,33,0,1,0,0,.99
2005,6,26,1,9,156,1,33,0,1,0,0,1
2005,6,26,2,9,156,45.99,33,0,1,1,0,45.99
2005,6,26,2,9,156,46,33,0,1,1,0,46
2005,6,26,3,9,156,45.99,33,0,1,1,0,45.99
2005,6,26,3,9,156,46,33,0,1,1,0,46
2005,6,26,4,9,156,45.99,33,0,1,1,0,45.99
2005,6,26,4,9,156,46,33,0,1,1,0,46
2005,6,26,5,9,156,45.99,33,0,1,1,0,45.99
2005,6,26,5,9,156,46,33,0,1,1,0,46
2005,6,26,6,9,156,45.99,33,0,1,1,0,45.99
2005,6,26,6,9,156,46,33,0,1,1,0,46
2005,6,26,7,9,156,45.99,33,0,1,1,0,45.99
2005,6,26,7,9,156,46,33,0,1,1,0,46
2005,6,26,8,9,156,45.99,33,0,1,1,0,45.99
2005,6,26,8,9,156,46,33,0,1,1,0,46
2005,6,26,9,9,156,45.99,33,0,1,1,0,45.99
2005,6,26,9,9,156,46,33,0,1,1,0,46
2005,6,26,10,9,156,.99,33,0,1,0,0,.99
2005,6,26,10,9,156,1,33,0,1,0,0,1
2005,6,26,11,9,156,.99,33,0,1,0,0,.99
2005,6,26,11,9,156,1,33,0,1,0,0,1
2005,6,26,12,9,156,.99,33,0,1,0,0,.99
2005,6,26,12,9,156,1,33,0,1,0,0,1
2005,6,26,13,9,156,.99,33,0,1,0,0,.99
2005,6,26,13,9,156,1,33,0,1,0,0,1
2005,6,26,14,9,156,.99,33,0,1,0,0,.99
2005,6,26,14,9,156,1,33,0,1,0,0,1
2005,6,26,15,9,156,.99,33,0,1,0,0,.99
2005,6,26,15,9,156,1,33,0,1,0,0,1
2005,6,26,16,9,156,.99,33,0,1,0,0,.99
2005,6,26,16,9,156,1,33,0,1,0,0,1
2005,6,26,17,9,156,.99,33,0,1,0,0,.99
2005,6,26,17,9,156,1,33,0,1,0,0,1
2005,6,26,18,9,156,.99,33,0,1,0,0,.99
2005,6,26,18,9,156,1,33,0,1,0,0,1
2005,6,26,19,9,156,.99,33,0,1,0,0,.99
2005,6,26,19,9,156,1,33,0,1,0,0,1
2005,6,26,20,9,156,.99,33,0,1,0,0,.99
2005,6,26,20,9,156,1,33,0,1,0,0,1
2005,6,26,21,9,156,.99,33,0,1,0,0,.99
2005,6,26,21,9,156,1,33,0,1,0,0,1
2005,6,26,22,9,156,.99,33,0,1,0,0,.99
2005,6,26,22,9,156,1,33,0,1,0,0,1
2005,6,26,23,9,156,.99,33,0,1,0,0,.99
2005,6,26,23,9,156,1,33,0,1,0,0,1
2005,6,26,24,9,156,.99,33,0,1,0,0,.99
2005,6,26,24,9,156,1,33,0,1,0,0,1
2005,6,26,21,9,157,66.65,7,0,2,0,0,66.65
2005,6,26,21,9,157,66.82,7,0,2,0,0,66.82
2005,6,26,21,9,157,66.98,7,0,2,0,0,66.98
2005,6,26,21,9,157,67.15,7,0,2,0,0,67.15
2005,6,26,22,9,157,66.52,7,0,2,0,0,66.52
2005,6,26,22,9,157,66.64,7,0,2,0,0,66.64
2005,6,26,22,9,157,66.77,7,0,2,0,0,66.77
2005,6,26,22,9,157,66.89,7,0,2,0,0,66.89
2005,6,26,23,9,157,66.52,7,0,2,0,0,66.52
2005,6,26,23,9,157,66.64,7,0,2,0,0,66.64
2005,6,26,23,9,157,66.77,7,0,2,0,0,66.77
2005,6,26,23,9,157,66.89,7,0,2,0,0,66.89
2005,6,26,24,9,157,66.52,7,0,2,0,0,66.52
2005,6,26,24,9,157,66.64,7,0,2,0,0,66.64
2005,6,26,24,9,157,66.77,7,0,2,0,0,66.77
2005,6,26,24,9,157,66.89,7,0,2,0,0,66.89
2005,6,26,1,5,158,0,141,0,2,1,0,0
2005,6,26,1,5,158,150,11,0,2,0,0,150
2005,6,26,2,5,158,0,141,0,2,1,0,0
2005,6,26,2,5,158,150,11,0,2,0,0,150
2005,6,26,3,5,158,0,141,0,2,1,0,0
2005,6,26,3,5,158,150,11,0,2,0,0,150
2005,6,26,4,5,158,0,141,0,2,1,0,0
2005,6,26,4,5,158,150,11,0,2,0,0,150
2005,6,26,5,5,158,0,141,0,2,1,0,0
2005,6,26,5,5,158,150,11,0,2,0,0,150
2005,6,26,6,5,158,0,141,0,2,1,0,0
2005,6,26,6,5,158,150,11,0,2,0,0,150
2005,6,26,7,5,158,0,141,0,2,1,0,0
2005,6,26,7,5,158,150,11,0,2,0,0,150
2005,6,26,8,5,158,0,141,0,2,1,0,0
2005,6,26,8,5,158,150,11,0,2,0,0,150
2005,6,26,9,5,158,0,141,0,2,1,0,0
2005,6,26,9,5,158,150,11,0,2,0,0,150
2005,6,26,10,5,158,0,141,0,2,1,0,0
2005,6,26,10,5,158,150,11,0,2,0,0,150
2005,6,26,11,5,158,0,141,0,2,1,0,0
2005,6,26,11,5,158,150,11,0,2,0,0,150
2005,6,26,12,5,158,0,141,0,2,1,0,0
2005,6,26,12,5,158,150,11,0,2,0,0,150
2005,6,26,13,5,158,0,141,0,2,1,0,0
2005,6,26,13,5,158,150,11,0,2,0,0,150
2005,6,26,14,5,158,0,141,0,2,1,0,0
2005,6,26,14,5,158,150,11,0,2,0,0,150
2005,6,26,15,5,158,0,141,0,2,1,0,0
2005,6,26,15,5,158,150,11,0,2,0,0,150
2005,6,26,16,5,158,0,141,0,2,1,0,0
2005,6,26,16,5,158,150,11,0,2,0,0,150
2005,6,26,17,5,158,0,141,0,2,1,0,0
2005,6,26,17,5,158,150,11,0,2,0,0,150
2005,6,26,18,5,158,0,141,0,2,1,0,0
2005,6,26,18,5,158,150,11,0,2,0,0,150
2005,6,26,19,5,158,0,141,0,2,1,0,0
2005,6,26,19,5,158,150,11,0,2,0,0,150
2005,6,26,20,5,158,0,141,0,2,1,0,0
2005,6,26,20,5,158,150,11,0,2,0,0,150
2005,6,26,21,5,158,0,141,0,2,1,0,0
2005,6,26,21,5,158,150,11,0,2,0,0,150
2005,6,26,22,5,158,0,141,0,2,1,0,0
2005,6,26,22,5,158,150,11,0,2,0,0,150
2005,6,26,23,5,158,0,141,0,2,1,0,0
2005,6,26,23,5,158,150,11,0,2,0,0,150
2005,6,26,24,5,158,0,141,0,2,1,0,0
2005,6,26,24,5,158,150,11,0,2,0,0,150
2005,6,26,1,9,159,120.2,.1,0,1,1,0,120.2
2005,6,26,2,9,159,120.2,.1,0,1,1,0,120.2
2005,6,26,3,9,159,120.2,.1,0,1,1,0,120.2
2005,6,26,4,9,159,120.2,.1,0,1,1,0,120.2
2005,6,26,5,9,159,120.2,.1,0,1,1,0,120.2
2005,6,26,6,9,159,120.2,.1,0,1,1,0,120.2
2005,6,26,7,9,159,120.2,.1,0,1,1,0,120.2
2005,6,26,8,9,159,120.2,.1,0,1,1,0,120.2
2005,6,26,9,9,159,120.2,.1,0,1,1,0,120.2
2005,6,26,10,9,159,120.2,.1,0,1,1,0,120.2
2005,6,26,11,9,159,120.2,.1,0,1,1,0,120.2
2005,6,26,12,9,159,120.2,.1,0,1,1,0,120.2
2005,6,26,13,9,159,120.2,.1,0,1,1,0,120.2
2005,6,26,14,9,159,120.2,.1,0,1,1,0,120.2
2005,6,26,15,9,159,120.2,.1,0,1,1,0,120.2
2005,6,26,16,9,159,120.2,.1,0,1,1,0,120.2
2005,6,26,17,9,159,120.2,.1,0,1,1,0,120.2
2005,6,26,18,9,159,120.2,.1,0,1,1,0,120.2
2005,6,26,19,9,159,120.2,.1,0,1,1,0,120.2
2005,6,26,20,9,159,120.2,.1,0,1,1,0,120.2
2005,6,26,21,9,159,120.2,.1,0,1,1,0,120.2
2005,6,26,22,9,159,120.2,.1,0,1,1,0,120.2
2005,6,26,23,9,159,120.2,.1,0,1,1,0,120.2
2005,6,26,24,9,159,120.2,.1,0,1,1,0,120.2
2005,6,26,1,1,160,0,204.2,0,2,1,0,0
2005,6,26,1,1,160,126.05,50,0,2,0,0,126.05
2005,6,26,1,1,160,126.43,50,0,2,0,0,126.43
2005,6,26,1,1,160,126.74,30,0,2,0,0,126.74
2005,6,26,1,1,160,128.51,241.8,0,2,0,0,128.51
2005,6,26,2,1,160,0,133.5,0,2,1,0,0
2005,6,26,2,1,160,126.05,50,0,2,0,0,126.05
2005,6,26,2,1,160,126.43,50,0,2,0,0,126.43
2005,6,26,2,1,160,126.74,30,0,2,0,0,126.74
2005,6,26,2,1,160,128.51,312.5,0,2,0,0,128.51
2005,6,26,3,1,160,0,132.6,0,2,1,0,0
2005,6,26,3,1,160,126.05,50,0,2,0,0,126.05
2005,6,26,3,1,160,126.43,50,0,2,0,0,126.43
2005,6,26,3,1,160,126.74,30,0,2,0,0,126.74
2005,6,26,3,1,160,128.51,313.4,0,2,0,0,128.51
2005,6,26,4,1,160,0,117.4,0,2,1,0,0
2005,6,26,4,1,160,126.05,50,0,2,0,0,126.05
2005,6,26,4,1,160,126.43,50,0,2,0,0,126.43
2005,6,26,4,1,160,126.74,30,0,2,0,0,126.74
2005,6,26,4,1,160,128.51,328.6,0,2,0,0,128.51
2005,6,26,5,1,160,0,100.7,0,2,1,0,0
2005,6,26,5,1,160,126.05,50,0,2,0,0,126.05
2005,6,26,5,1,160,126.43,50,0,2,0,0,126.43
2005,6,26,5,1,160,126.74,30,0,2,0,0,126.74
2005,6,26,5,1,160,128.51,345.3,0,2,0,0,128.51
2005,6,26,6,1,160,0,100.6,0,2,1,0,0
2005,6,26,6,1,160,126.05,50,0,2,0,0,126.05
2005,6,26,6,1,160,126.43,50,0,2,0,0,126.43
2005,6,26,6,1,160,126.74,30,0,2,0,0,126.74
2005,6,26,6,1,160,128.51,345.4,0,2,0,0,128.51
2005,6,26,7,1,160,0,99.7,0,2,1,0,0
2005,6,26,7,1,160,126.05,50,0,2,0,0,126.05
2005,6,26,7,1,160,126.43,50,0,2,0,0,126.43
2005,6,26,7,1,160,126.74,30,0,2,0,0,126.74
2005,6,26,7,1,160,128.51,346.3,0,2,0,0,128.51
2005,6,26,8,1,160,0,98.6,0,2,1,0,0
2005,6,26,8,1,160,126.05,50,0,2,0,0,126.05
2005,6,26,8,1,160,126.43,50,0,2,0,0,126.43
2005,6,26,8,1,160,126.74,30,0,2,0,0,126.74
2005,6,26,8,1,160,128.51,347.4,0,2,0,0,128.51
2005,6,26,9,1,160,0,116.1,0,2,1,0,0
2005,6,26,9,1,160,126.05,50,0,2,0,0,126.05
2005,6,26,9,1,160,126.43,50,0,2,0,0,126.43
2005,6,26,9,1,160,126.74,30,0,2,0,0,126.74
2005,6,26,9,1,160,128.51,329.9,0,2,0,0,128.51
2005,6,26,10,1,160,0,131.9,0,2,1,0,0
2005,6,26,10,1,160,126.05,50,0,2,0,0,126.05
2005,6,26,10,1,160,126.43,50,0,2,0,0,126.43
2005,6,26,10,1,160,126.74,30,0,2,0,0,126.74
2005,6,26,10,1,160,128.51,314.1,0,2,0,0,128.51
2005,6,26,11,1,160,0,132.6,0,2,1,0,0
2005,6,26,11,1,160,126.05,50,0,2,0,0,126.05
2005,6,26,11,1,160,126.43,50,0,2,0,0,126.43
2005,6,26,11,1,160,126.74,30,0,2,0,0,126.74
2005,6,26,11,1,160,128.51,313.4,0,2,0,0,128.51
2005,6,26,12,1,160,0,203.4,0,2,1,0,0
2005,6,26,12,1,160,126.05,50,0,2,0,0,126.05
2005,6,26,12,1,160,126.43,50,0,2,0,0,126.43
2005,6,26,12,1,160,126.74,30,0,2,0,0,126.74
2005,6,26,12,1,160,128.51,242.6,0,2,0,0,128.51
2005,6,26,13,1,160,0,203.4,0,2,1,0,0
2005,6,26,13,1,160,126.05,50,0,2,0,0,126.05
2005,6,26,13,1,160,126.43,50,0,2,0,0,126.43
2005,6,26,13,1,160,126.74,30,0,2,0,0,126.74
2005,6,26,13,1,160,128.51,242.6,0,2,0,0,128.51
2005,6,26,14,1,160,0,203.5,0,2,1,0,0
2005,6,26,14,1,160,126.05,50,0,2,0,0,126.05
2005,6,26,14,1,160,126.43,50,0,2,0,0,126.43
2005,6,26,14,1,160,126.74,30,0,2,0,0,126.74
2005,6,26,14,1,160,128.51,242.5,0,2,0,0,128.51
2005,6,26,15,1,160,0,203.9,0,2,1,0,0
2005,6,26,15,1,160,126.05,50,0,2,0,0,126.05
2005,6,26,15,1,160,126.43,50,0,2,0,0,126.43
2005,6,26,15,1,160,126.74,30,0,2,0,0,126.74
2005,6,26,15,1,160,128.51,242.1,0,2,0,0,128.51
2005,6,26,16,1,160,0,203.6,0,2,1,0,0
2005,6,26,16,1,160,126.05,50,0,2,0,0,126.05
2005,6,26,16,1,160,126.43,50,0,2,0,0,126.43
2005,6,26,16,1,160,126.74,30,0,2,0,0,126.74
2005,6,26,16,1,160,128.51,242.4,0,2,0,0,128.51
2005,6,26,17,1,160,0,133.6,0,2,1,0,0
2005,6,26,17,1,160,126.05,50,0,2,0,0,126.05
2005,6,26,17,1,160,126.43,50,0,2,0,0,126.43
2005,6,26,17,1,160,126.74,30,0,2,0,0,126.74
2005,6,26,17,1,160,128.51,312.4,0,2,0,0,128.51
2005,6,26,18,1,160,0,133.6,0,2,1,0,0
2005,6,26,18,1,160,126.05,50,0,2,0,0,126.05
2005,6,26,18,1,160,126.43,50,0,2,0,0,126.43
2005,6,26,18,1,160,126.74,30,0,2,0,0,126.74
2005,6,26,18,1,160,128.51,312.4,0,2,0,0,128.51
2005,6,26,19,1,160,0,134,0,2,1,0,0
2005,6,26,19,1,160,126.05,50,0,2,0,0,126.05
2005,6,26,19,1,160,126.43,50,0,2,0,0,126.43
2005,6,26,19,1,160,126.74,30,0,2,0,0,126.74
2005,6,26,19,1,160,128.51,312,0,2,0,0,128.51
2005,6,26,20,1,160,0,134.3,0,2,1,0,0
2005,6,26,20,1,160,126.05,50,0,2,0,0,126.05
2005,6,26,20,1,160,126.43,50,0,2,0,0,126.43
2005,6,26,20,1,160,126.74,30,0,2,0,0,126.74
2005,6,26,20,1,160,128.51,311.7,0,2,0,0,128.51
2005,6,26,21,1,160,0,147.4,0,2,1,0,0
2005,6,26,21,1,160,126.05,50,0,2,0,0,126.05
2005,6,26,21,1,160,126.43,50,0,2,0,0,126.43
2005,6,26,21,1,160,126.74,30,0,2,0,0,126.74
2005,6,26,21,1,160,128.51,298.6,0,2,0,0,128.51
2005,6,26,22,1,160,0,229.2,0,2,1,0,0
2005,6,26,22,1,160,126.05,50,0,2,0,0,126.05
2005,6,26,22,1,160,126.43,50,0,2,0,0,126.43
2005,6,26,22,1,160,126.74,30,0,2,0,0,126.74
2005,6,26,22,1,160,128.51,216.8,0,2,0,0,128.51
2005,6,26,23,1,160,0,235.1,0,2,1,0,0
2005,6,26,23,1,160,126.05,50,0,2,0,0,126.05
2005,6,26,23,1,160,126.43,50,0,2,0,0,126.43
2005,6,26,23,1,160,126.74,30,0,2,0,0,126.74
2005,6,26,23,1,160,128.51,210.9,0,2,0,0,128.51
2005,6,26,24,1,160,0,228.7,0,2,1,0,0
2005,6,26,24,1,160,126.05,50,0,2,0,0,126.05
2005,6,26,24,1,160,126.43,50,0,2,0,0,126.43
2005,6,26,24,1,160,126.74,30,0,2,0,0,126.74
2005,6,26,24,1,160,128.51,217.3,0,2,0,0,128.51
2005,6,26,1,1,1067,.01,65,.956229,2,0,1,.01
2005,6,26,1,1,1067,43.12,25,.956229,2,0,1,45.002801
2005,6,26,1,1,1067,43.56,20,.956229,2,0,1,45.002801
2005,6,26,1,1,1067,44,20,.956229,2,0,1,45.002801
2005,6,26,1,1,1067,91.14,17.6,.956229,2,0,1,45.002801
2005,6,26,2,1,1067,.01,65,.956229,2,0,1,.01
2005,6,26,2,1,1067,43.12,25,.956229,2,0,1,45.002801
2005,6,26,2,1,1067,43.56,20,.956229,2,0,1,45.002801
2005,6,26,2,1,1067,44,20,.956229,2,0,1,45.002801
2005,6,26,2,1,1067,91.14,17.6,.956229,2,0,1,45.002801
2005,6,26,3,1,1067,.01,65,.956229,2,0,1,.01
2005,6,26,3,1,1067,43.12,25,.956229,2,0,1,45.002801
2005,6,26,3,1,1067,43.56,20,.956229,2,0,1,45.002801
2005,6,26,3,1,1067,44,20,.956229,2,0,1,45.002801
2005,6,26,3,1,1067,91.14,17.6,.956229,2,0,1,45.002801
2005,6,26,4,1,1067,.01,65,.956229,2,0,1,.01
2005,6,26,4,1,1067,43.12,25,.956229,2,0,1,45.002801
2005,6,26,4,1,1067,43.56,20,.956229,2,0,1,45.002801
2005,6,26,4,1,1067,44,20,.956229,2,0,1,45.002801
2005,6,26,4,1,1067,91.14,17.6,.956229,2,0,1,45.002801
2005,6,26,5,1,1067,.01,65,.956229,2,0,1,.01
2005,6,26,5,1,1067,43.12,25,.956229,2,0,1,45.002801
2005,6,26,5,1,1067,43.56,20,.956229,2,0,1,45.002801
2005,6,26,5,1,1067,44,20,.956229,2,0,1,45.002801
2005,6,26,5,1,1067,91.14,17.6,.956229,2,0,1,45.002801
2005,6,26,6,1,1067,.01,65,.956229,2,0,1,.01
2005,6,26,6,1,1067,43.12,25,.956229,2,0,1,45.002801
2005,6,26,6,1,1067,43.56,20,.956229,2,0,1,45.002801
2005,6,26,6,1,1067,44,20,.956229,2,0,1,45.002801
2005,6,26,6,1,1067,91.14,17.6,.956229,2,0,1,45.002801
2005,6,26,7,1,1067,.01,65,.956229,2,0,1,.01
2005,6,26,7,1,1067,43.12,25,.956229,2,0,1,45.002801
2005,6,26,7,1,1067,43.56,20,.956229,2,0,1,45.002801
2005,6,26,7,1,1067,44,20,.956229,2,0,1,45.002801
2005,6,26,7,1,1067,91.14,17.6,.956229,2,0,1,45.002801
2005,6,26,8,1,1067,.01,65,.956229,2,0,1,.01
2005,6,26,8,1,1067,43.12,25,.956229,2,0,1,45.002801
2005,6,26,8,1,1067,43.56,20,.956229,2,0,1,45.002801
2005,6,26,8,1,1067,44,20,.956229,2,0,1,45.002801
2005,6,26,8,1,1067,91.14,17.6,.956229,2,0,1,45.002801
2005,6,26,9,1,1067,.01,65,.956229,2,0,1,.01
2005,6,26,9,1,1067,43.12,25,.956229,2,0,1,45.002801
2005,6,26,9,1,1067,43.56,20,.956229,2,0,1,45.002801
2005,6,26,9,1,1067,44,20,.956229,2,0,1,45.002801
2005,6,26,9,1,1067,91.14,17.6,.956229,2,0,1,45.002801
2005,6,26,10,1,1067,.01,65,.956229,2,0,1,.01
2005,6,26,10,1,1067,43.12,25,.956229,2,0,1,45.002801
2005,6,26,10,1,1067,43.56,20,.956229,2,0,1,45.002801
2005,6,26,10,1,1067,44,20,.956229,2,0,1,45.002801
2005,6,26,10,1,1067,91.14,17.6,.956229,2,0,1,45.002801
2005,6,26,11,1,1067,0,65,.956229,2,0,1,0
2005,6,26,11,1,1067,43.12,25,.956229,2,0,1,45.002801
2005,6,26,11,1,1067,43.56,20,.956229,2,0,1,45.002801
2005,6,26,11,1,1067,44,20,.956229,2,0,1,45.002801
2005,6,26,11,1,1067,91.14,17.6,.956229,2,0,1,45.002801
2005,6,26,12,1,1067,0,65,.956229,2,0,1,0
2005,6,26,12,1,1067,43.12,25,.956229,2,0,1,45.002801
2005,6,26,12,1,1067,43.56,20,.956229,2,0,1,45.002801
2005,6,26,12,1,1067,44,20,.956229,2,0,1,45.002801
2005,6,26,12,1,1067,91.14,17.6,.956229,2,0,1,45.002801
2005,6,26,13,1,1067,0,65,.956229,2,0,1,0
2005,6,26,13,1,1067,43.12,25,.956229,2,0,1,45.002801
2005,6,26,13,1,1067,43.56,20,.956229,2,0,1,45.002801
2005,6,26,13,1,1067,44,20,.956229,2,0,1,45.002801
2005,6,26,13,1,1067,91.14,17.6,.956229,2,0,1,45.002801
2005,6,26,14,1,1067,0,65,.956229,2,0,1,0
2005,6,26,14,1,1067,43.12,25,.956229,2,0,1,45.002801
2005,6,26,14,1,1067,43.56,20,.956229,2,0,1,45.002801
2005,6,26,14,1,1067,44,20,.956229,2,0,1,45.002801
2005,6,26,14,1,1067,91.14,17.6,.956229,2,0,1,45.002801
2005,6,26,15,1,1067,0,65,.956229,2,0,1,0
2005,6,26,15,1,1067,43.12,25,.956229,2,0,1,45.002801
2005,6,26,15,1,1067,43.56,20,.956229,2,0,1,45.002801
2005,6,26,15,1,1067,44,20,.956229,2,0,1,45.002801
2005,6,26,15,1,1067,91.14,17.6,.956229,2,0,1,45.002801
2005,6,26,16,1,1067,0,65,.956229,2,0,1,0
2005,6,26,16,1,1067,43.12,25,.956229,2,0,1,45.002801
2005,6,26,16,1,1067,43.56,20,.956229,2,0,1,45.002801
2005,6,26,16,1,1067,44,20,.956229,2,0,1,45.002801
2005,6,26,16,1,1067,91.14,17.6,.956229,2,0,1,45.002801
2005,6,26,17,1,1067,0,65,.956229,2,0,1,0
2005,6,26,17,1,1067,43.12,25,.956229,2,0,1,45.002801
2005,6,26,17,1,1067,43.56,20,.956229,2,0,1,45.002801
2005,6,26,17,1,1067,44,20,.956229,2,0,1,45.002801
2005,6,26,17,1,1067,91.14,17.6,.956229,2,0,1,45.002801
2005,6,26,18,1,1067,0,65,.956229,2,0,1,0
2005,6,26,18,1,1067,43.12,25,.956229,2,0,1,45.002801
2005,6,26,18,1,1067,43.56,20,.956229,2,0,1,45.002801
2005,6,26,18,1,1067,44,20,.956229,2,0,1,45.002801
2005,6,26,18,1,1067,91.14,17.6,.956229,2,0,1,45.002801
2005,6,26,19,1,1067,0,65,.956229,2,0,1,0
2005,6,26,19,1,1067,43.12,25,.956229,2,0,1,45.002801
2005,6,26,19,1,1067,43.56,20,.956229,2,0,1,45.002801
2005,6,26,19,1,1067,44,20,.956229,2,0,1,45.002801
2005,6,26,19,1,1067,91.14,17.6,.956229,2,0,1,45.002801
2005,6,26,20,1,1067,0,65,.956229,2,0,1,0
2005,6,26,20,1,1067,43.12,25,.956229,2,0,1,45.002801
2005,6,26,20,1,1067,43.56,20,.956229,2,0,1,45.002801
2005,6,26,20,1,1067,44,20,.956229,2,0,1,45.002801
2005,6,26,20,1,1067,91.14,17.6,.956229,2,0,1,45.002801
2005,6,26,21,1,1067,0,65,.956229,2,0,1,0
2005,6,26,21,1,1067,43.12,25,.956229,2,0,1,45.002801
2005,6,26,21,1,1067,43.56,20,.956229,2,0,1,45.002801
2005,6,26,21,1,1067,44,20,.956229,2,0,1,45.002801
2005,6,26,21,1,1067,91.14,17.6,.956229,2,0,1,45.002801
2005,6,26,22,1,1067,0,65,.956229,2,0,1,0
2005,6,26,22,1,1067,43.12,25,.956229,2,0,1,45.002801
2005,6,26,22,1,1067,43.56,20,.956229,2,0,1,45.002801
2005,6,26,22,1,1067,44,20,.956229,2,0,1,45.002801
2005,6,26,22,1,1067,91.14,17.6,.956229,2,0,1,45.002801
2005,6,26,23,1,1067,.01,65,.956229,2,0,1,.01
2005,6,26,23,1,1067,43.12,25,.956229,2,0,1,45.002801
2005,6,26,23,1,1067,43.56,20,.956229,2,0,1,45.002801
2005,6,26,23,1,1067,44,20,.956229,2,0,1,45.002801
2005,6,26,23,1,1067,91.14,17.6,.956229,2,0,1,45.002801
2005,6,26,24,1,1067,.01,65,.956229,2,0,1,.01
2005,6,26,24,1,1067,43.12,25,.956229,2,0,1,45.002801
2005,6,26,24,1,1067,43.56,20,.956229,2,0,1,45.002801
2005,6,26,24,1,1067,44,20,.956229,2,0,1,45.002801
2005,6,26,24,1,1067,91.14,17.6,.956229,2,0,1,45.002801
2005,6,26,1,1,1068,0,167,.956229,2,1,0,0
2005,6,26,1,1,1068,39.59,43,.956229,2,1,0,43.374443
2005,6,26,1,1,1068,40.03,50,.956229,2,1,0,43.374443
2005,6,26,1,1,1068,40.78,65,.956229,2,1,0,43.374443
2005,6,26,1,1,1068,80.64,22.7,.956229,2,0,0,43.374443
2005,6,26,2,1,1068,0,167,.956229,2,1,0,0
2005,6,26,2,1,1068,39.59,43,.956229,2,1,0,43.374443
2005,6,26,2,1,1068,40.03,50,.956229,2,0,0,43.374443
2005,6,26,2,1,1068,40.78,65,.956229,2,0,0,43.374443
2005,6,26,2,1,1068,80.64,22.7,.956229,2,0,0,43.374443
2005,6,26,3,1,1068,0,167,.956229,2,1,0,0
2005,6,26,3,1,1068,39.59,43,.956229,2,0,0,43.374443
2005,6,26,3,1,1068,40.03,50,.956229,2,0,0,43.374443
2005,6,26,3,1,1068,40.78,65,.956229,2,0,0,43.374443
2005,6,26,3,1,1068,80.64,22.7,.956229,2,0,0,43.374443
2005,6,26,4,1,1068,0,167,.956229,2,1,0,0
2005,6,26,4,1,1068,39.59,43,.956229,2,0,0,43.374443
2005,6,26,4,1,1068,40.03,50,.956229,2,0,0,43.374443
2005,6,26,4,1,1068,40.78,65,.956229,2,0,0,43.374443
2005,6,26,4,1,1068,80.64,22.7,.956229,2,0,0,43.374443
2005,6,26,5,1,1068,0,167,.956229,2,1,0,0
2005,6,26,5,1,1068,39.59,43,.956229,2,0,0,43.374443
2005,6,26,5,1,1068,40.03,50,.956229,2,0,0,43.374443
2005,6,26,5,1,1068,40.78,65,.956229,2,0,0,43.374443
2005,6,26,5,1,1068,80.64,22.7,.956229,2,0,0,43.374443
2005,6,26,6,1,1068,0,167,.956229,2,1,0,0
2005,6,26,6,1,1068,39.59,43,.956229,2,0,0,43.374443
2005,6,26,6,1,1068,40.03,50,.956229,2,0,0,43.374443
2005,6,26,6,1,1068,40.78,65,.956229,2,0,0,43.374443
2005,6,26,6,1,1068,80.64,22.7,.956229,2,0,0,43.374443
2005,6,26,7,1,1068,0,167,.956229,2,1,0,0
2005,6,26,7,1,1068,39.59,43,.956229,2,0,0,43.374443
2005,6,26,7,1,1068,40.03,50,.956229,2,0,0,43.374443
2005,6,26,7,1,1068,40.78,65,.956229,2,0,0,43.374443
2005,6,26,7,1,1068,80.64,22.7,.956229,2,0,0,43.374443
2005,6,26,8,1,1068,0,167,.956229,2,1,0,0
2005,6,26,8,1,1068,39.59,43,.956229,2,0,0,43.374443
2005,6,26,8,1,1068,40.03,50,.956229,2,0,0,43.374443
2005,6,26,8,1,1068,40.78,65,.956229,2,0,0,43.374443
2005,6,26,8,1,1068,80.64,22.7,.956229,2,0,0,43.374443
2005,6,26,9,1,1068,0,167,.956229,2,1,0,0
2005,6,26,9,1,1068,39.59,43,.956229,2,0,0,43.374443
2005,6,26,9,1,1068,40.03,50,.956229,2,0,0,43.374443
2005,6,26,9,1,1068,40.78,65,.956229,2,0,0,43.374443
2005,6,26,9,1,1068,80.64,22.7,.956229,2,0,0,43.374443
2005,6,26,10,1,1068,0,167,.956229,2,1,0,0
2005,6,26,10,1,1068,39.59,43,.956229,2,0,0,43.374443
2005,6,26,10,1,1068,40.03,50,.956229,2,0,0,43.374443
2005,6,26,10,1,1068,40.78,65,.956229,2,0,0,43.374443
2005,6,26,10,1,1068,80.64,22.7,.956229,2,0,0,43.374443
2005,6,26,11,1,1068,0,167,.956229,2,1,0,0
2005,6,26,11,1,1068,39.59,43,.956229,2,0,0,43.374443
2005,6,26,11,1,1068,40.03,50,.956229,2,0,0,43.374443
2005,6,26,11,1,1068,40.78,65,.956229,2,0,0,43.374443
2005,6,26,11,1,1068,80.64,22.7,.956229,2,0,0,43.374443
2005,6,26,12,1,1068,0,167,.956229,2,1,0,0
2005,6,26,12,1,1068,39.59,43,.956229,2,1,0,43.374443
2005,6,26,12,1,1068,40.03,50,.956229,2,1,0,43.374443
2005,6,26,12,1,1068,40.78,65,.956229,2,1,0,43.374443
2005,6,26,12,1,1068,80.64,22.7,.956229,2,0,0,43.374443
2005,6,26,13,1,1068,0,167,.956229,2,1,0,0
2005,6,26,13,1,1068,39.59,43,.956229,2,1,0,43.374443
2005,6,26,13,1,1068,40.03,50,.956229,2,1,0,43.374443
2005,6,26,13,1,1068,40.78,65,.956229,2,1,0,43.374443
2005,6,26,13,1,1068,80.64,22.7,.956229,2,0,0,43.374443
2005,6,26,14,1,1068,0,167,.956229,2,1,0,0
2005,6,26,14,1,1068,39.59,43,.956229,2,1,0,43.374443
2005,6,26,14,1,1068,40.03,50,.956229,2,1,0,43.374443
2005,6,26,14,1,1068,40.78,65,.956229,2,1,0,43.374443
2005,6,26,14,1,1068,80.64,22.7,.956229,2,0,0,43.374443
2005,6,26,15,1,1068,0,167,.956229,2,1,0,0
2005,6,26,15,1,1068,39.59,43,.956229,2,1,0,43.374443
2005,6,26,15,1,1068,40.03,50,.956229,2,1,0,43.374443
2005,6,26,15,1,1068,40.78,65,.956229,2,1,0,43.374443
2005,6,26,15,1,1068,80.64,22.7,.956229,2,0,0,43.374443
2005,6,26,16,1,1068,0,167,.956229,2,1,0,0
2005,6,26,16,1,1068,39.59,43,.956229,2,1,0,43.374443
2005,6,26,16,1,1068,40.03,50,.956229,2,1,0,43.374443
2005,6,26,16,1,1068,40.78,65,.956229,2,1,0,43.374443
2005,6,26,16,1,1068,80.64,22.7,.956229,2,0,0,43.374443
2005,6,26,17,1,1068,0,167,.956229,2,1,0,0
2005,6,26,17,1,1068,39.59,43,.956229,2,1,0,43.374443
2005,6,26,17,1,1068,40.03,50,.956229,2,1,0,43.374443
2005,6,26,17,1,1068,40.78,65,.956229,2,1,0,43.374443
2005,6,26,17,1,1068,80.64,22.7,.956229,2,0,0,43.374443
2005,6,26,18,1,1068,0,167,.956229,2,1,0,0
2005,6,26,18,1,1068,39.59,43,.956229,2,1,0,43.374443
2005,6,26,18,1,1068,40.03,50,.956229,2,1,0,43.374443
2005,6,26,18,1,1068,40.78,65,.956229,2,1,0,43.374443
2005,6,26,18,1,1068,80.64,22.7,.956229,2,0,0,43.374443
2005,6,26,19,1,1068,0,167,.956229,2,1,0,0
2005,6,26,19,1,1068,39.59,43,.956229,2,1,0,43.374443
2005,6,26,19,1,1068,40.03,50,.956229,2,1,0,43.374443
2005,6,26,19,1,1068,40.78,65,.956229,2,1,0,43.374443
2005,6,26,19,1,1068,80.64,22.7,.956229,2,0,0,43.374443
2005,6,26,20,1,1068,0,167,.956229,2,1,0,0
2005,6,26,20,1,1068,39.59,19.7,.956229,2,1,0,43.374443
2005,6,26,20,1,1068,40.03,50,.956229,2,0,0,43.374443
2005,6,26,20,1,1068,40.78,65,.956229,2,0,0,43.374443
2005,6,26,20,1,1068,80.64,22.7,.956229,2,0,0,43.374443
2005,6,26,21,1,1068,0,167,.956229,2,1,0,0
2005,6,26,21,1,1068,39.59,43,.956229,2,1,0,43.374443
2005,6,26,21,1,1068,40.03,50,.956229,2,1,0,43.374443
2005,6,26,21,1,1068,40.78,65,.956229,2,1,0,43.374443
2005,6,26,21,1,1068,80.64,22.7,.956229,2,0,0,43.374443
2005,6,26,22,1,1068,0,167,.956229,2,1,0,0
2005,6,26,22,1,1068,39.59,43,.956229,2,1,0,43.374443
2005,6,26,22,1,1068,40.03,50,.956229,2,1,0,43.374443
2005,6,26,22,1,1068,40.78,65,.956229,2,1,0,43.374443
2005,6,26,22,1,1068,80.64,22.7,.956229,2,0,0,43.374443
2005,6,26,23,1,1068,0,167,.956229,2,1,0,0
2005,6,26,23,1,1068,39.59,43,.956229,2,1,0,43.374443
2005,6,26,23,1,1068,40.03,50,.956229,2,1,0,43.374443
2005,6,26,23,1,1068,40.78,65,.956229,2,1,0,43.374443
2005,6,26,23,1,1068,80.64,22.7,.956229,2,0,0,43.374443
2005,6,26,24,1,1068,0,167,.956229,2,1,0,0
2005,6,26,24,1,1068,39.59,43,.956229,2,1,0,43.374443
2005,6,26,24,1,1068,40.03,50,.956229,2,1,0,43.374443
2005,6,26,24,1,1068,40.78,65,.956229,2,1,0,43.374443
2005,6,26,24,1,1068,80.64,22.7,.956229,2,0,0,43.374443
2005,6,26,1,2,1069,0,205,.870866,2,1,0,0
2005,6,26,1,2,1069,36.51,47.9,.870866,2,1,0,40.648775
2005,6,26,1,2,1069,37.12,47.9,.870866,2,1,0,40.648775
2005,6,26,1,2,1069,37.74,47.9,.870866,2,1,0,40.648775
2005,6,26,1,2,1069,38.35,47.9,.870866,2,1,0,40.648775
2005,6,26,1,2,1069,38.97,47.9,.870866,2,1,0,40.648775
2005,6,26,1,2,1069,39.58,47.9,.870866,2,1,0,40.648775
2005,6,26,1,2,1069,40.19,47.6,.870866,2,1,0,40.648775
2005,6,26,1,2,1069,151.08,17.5,.870866,2,0,0,151.08
2005,6,26,2,2,1069,0,205,.870866,2,1,0,0
2005,6,26,2,2,1069,38.53,47.9,.870866,2,1,0,40.648775
2005,6,26,2,2,1069,39.15,47.9,.870866,2,1,0,40.648775
2005,6,26,2,2,1069,39.78,47.9,.870866,2,1,0,40.648775
2005,6,26,2,2,1069,40.41,47.9,.870866,2,0,0,40.648775
2005,6,26,2,2,1069,41.03,47.9,.870866,2,0,0,40.648775
2005,6,26,2,2,1069,41.66,47.9,.870866,2,0,0,40.648775
2005,6,26,2,2,1069,42.28,47.6,.870866,2,0,0,40.648775
2005,6,26,2,2,1069,151.08,17.5,.870866,2,0,0,151.08
2005,6,26,3,2,1069,0,205,.870866,2,1,0,0
2005,6,26,3,2,1069,38.38,16.6,.870866,2,1,0,40.648775
2005,6,26,3,2,1069,39.02,47.9,.870866,2,0,0,40.648775
2005,6,26,3,2,1069,39.66,47.9,.870866,2,0,0,40.648775
2005,6,26,3,2,1069,40.3,47.9,.870866,2,0,0,40.648775
2005,6,26,3,2,1069,40.94,47.9,.870866,2,0,0,40.648775
2005,6,26,3,2,1069,41.58,47.9,.870866,2,0,0,40.648775
2005,6,26,3,2,1069,42.22,47.6,.870866,2,0,0,40.648775
2005,6,26,3,2,1069,151.08,17.5,.870866,2,0,0,151.08
2005,6,26,4,2,1069,0,205,.870866,2,1,0,0
2005,6,26,4,2,1069,38.8,47.9,.870866,2,0,0,40.648775
2005,6,26,4,2,1069,39.45,47.9,.870866,2,0,0,40.648775
2005,6,26,4,2,1069,40.1,47.9,.870866,2,0,0,40.648775
2005,6,26,4,2,1069,40.75,47.9,.870866,2,0,0,40.648775
2005,6,26,4,2,1069,41.4,47.9,.870866,2,0,0,40.648775
2005,6,26,4,2,1069,42.05,47.9,.870866,2,0,0,40.648775
2005,6,26,4,2,1069,42.7,47.6,.870866,2,0,0,40.648775
2005,6,26,4,2,1069,151.08,17.5,.870866,2,0,0,151.08
2005,6,26,5,2,1069,0,205,.870866,2,1,0,0
2005,6,26,5,2,1069,42.02,47.9,.870866,2,0,0,40.648775
2005,6,26,5,2,1069,42.7,47.9,.870866,2,0,0,40.648775
2005,6,26,5,2,1069,43.37,47.9,.870866,2,0,0,40.648775
2005,6,26,5,2,1069,44.05,47.9,.870866,2,0,0,40.648775
2005,6,26,5,2,1069,44.82,47.9,.870866,2,0,0,40.648775
2005,6,26,5,2,1069,45.59,47.9,.870866,2,0,0,40.648775
2005,6,26,5,2,1069,46.35,47.6,.870866,2,0,0,40.648775
2005,6,26,5,2,1069,151.08,17.5,.870866,2,0,0,151.08
2005,6,26,6,2,1069,0,205,.870866,2,1,0,0
2005,6,26,6,2,1069,41.76,20.7,.870866,2,0,0,40.648775
2005,6,26,6,2,1069,42.06,20.7,.870866,2,0,0,40.648775
2005,6,26,6,2,1069,42.36,20.7,.870866,2,0,0,40.648775
2005,6,26,6,2,1069,42.65,20.7,.870866,2,0,0,40.648775
2005,6,26,6,2,1069,42.95,20.7,.870866,2,0,0,40.648775
2005,6,26,6,2,1069,43.25,20.7,.870866,2,0,0,40.648775
2005,6,26,6,2,1069,43.55,20.8,.870866,2,0,0,40.648775
2005,6,26,6,2,1069,151.08,207.5,.870866,2,0,0,151.08
2005,6,26,7,2,1069,0,85,.870866,2,1,0,0
2005,6,26,7,2,1069,151.01,472.5,.870866,2,0,0,151.01
2005,6,26,1,2,1070,0,205,.870866,2,1,0,0
2005,6,26,1,2,1070,39.17,340,.870866,2,1,0,40.643223
2005,6,26,1,2,1070,151.02,17.1,.870866,2,0,0,151.02
2005,6,26,2,2,1070,0,205,.870866,2,1,0,0
2005,6,26,2,2,1070,39.17,340,.870866,2,1,0,40.643223
2005,6,26,2,2,1070,151.02,17.1,.870866,2,0,0,151.02
2005,6,26,3,2,1070,0,205,.870866,2,1,0,0
2005,6,26,3,2,1070,39.17,340,.870866,2,0,0,40.643223
2005,6,26,3,2,1070,151.02,17.1,.870866,2,0,0,151.02
2005,6,26,4,2,1070,0,205,.870866,2,1,0,0
2005,6,26,4,2,1070,39.17,340,.870866,2,0,0,40.643223
2005,6,26,4,2,1070,151.02,17.1,.870866,2,0,0,151.02
2005,6,26,5,2,1070,0,205,.870866,2,1,0,0
2005,6,26,5,2,1070,39.17,340,.870866,2,0,0,40.643223
2005,6,26,5,2,1070,151.02,17.1,.870866,2,0,0,151.02
2005,6,26,6,2,1070,0,205,.870866,2,1,0,0
2005,6,26,6,2,1070,39.17,340,.870866,2,0,0,40.643223
2005,6,26,6,2,1070,151.02,17.1,.870866,2,0,0,151.02
2005,6,26,7,2,1070,0,205,.870866,2,1,0,0
2005,6,26,7,2,1070,39.17,340,.870866,2,0,0,40.643223
2005,6,26,7,2,1070,151.02,17.1,.870866,2,0,0,151.02
2005,6,26,8,2,1070,0,205,.870866,2,1,0,0
2005,6,26,8,2,1070,39.17,340,.870866,2,0,0,40.643223
2005,6,26,8,2,1070,151.02,17.1,.870866,2,0,0,151.02
2005,6,26,9,2,1070,0,205,.870866,2,1,0,0
2005,6,26,9,2,1070,39.17,340,.870866,2,0,0,40.643223
2005,6,26,9,2,1070,151.02,17.1,.870866,2,0,0,151.02
2005,6,26,10,2,1070,0,205,.870866,2,1,0,0
2005,6,26,10,2,1070,37.2,48.6,.870866,2,0,0,40.643223
2005,6,26,10,2,1070,37.84,48.6,.870866,2,0,0,40.643223
2005,6,26,10,2,1070,38.49,48.6,.870866,2,0,0,40.643223
2005,6,26,10,2,1070,39.14,48.6,.870866,2,0,0,40.643223
2005,6,26,10,2,1070,39.21,145.6,.870866,2,0,0,40.643223
2005,6,26,10,2,1070,151.06,17.1,.870866,2,0,0,151.06
2005,6,26,11,2,1070,0,205,.870866,2,1,0,0
2005,6,26,11,2,1070,36.61,48.6,.870866,2,1,0,40.643223
2005,6,26,11,2,1070,37.24,48.6,.870866,2,1,0,40.643223
2005,6,26,11,2,1070,37.88,48.6,.870866,2,1,0,40.643223
2005,6,26,11,2,1070,38.51,48.6,.870866,2,0,0,40.643223
2005,6,26,11,2,1070,39.15,48.6,.870866,2,0,0,40.643223
2005,6,26,11,2,1070,39.22,97,.870866,2,0,0,40.643223
2005,6,26,11,2,1070,151.07,17.1,.870866,2,0,0,151.07
2005,6,26,12,2,1070,0,205,.870866,2,1,0,0
2005,6,26,12,2,1070,36.45,48.6,.870866,2,1,0,40.643223
2005,6,26,12,2,1070,37.08,48.6,.870866,2,1,0,40.643223
2005,6,26,12,2,1070,37.7,48.6,.870866,2,1,0,40.643223
2005,6,26,12,2,1070,38.33,48.6,.870866,2,1,0,40.643223
2005,6,26,12,2,1070,38.95,48.6,.870866,2,1,0,40.643223
2005,6,26,12,2,1070,39.22,97,.870866,2,1,0,40.643223
2005,6,26,12,2,1070,151.07,17.1,.870866,2,0,0,151.07
2005,6,26,13,2,1070,0,205,.870866,2,1,0,0
2005,6,26,13,2,1070,37.61,48.6,.870866,2,1,0,40.643223
2005,6,26,13,2,1070,38.24,48.6,.870866,2,1,0,40.643223
2005,6,26,13,2,1070,38.87,48.6,.870866,2,1,0,40.643223
2005,6,26,13,2,1070,39.2,194.2,.870866,2,1,0,40.643223
2005,6,26,13,2,1070,151.05,17.1,.870866,2,0,0,151.05
2005,6,26,14,2,1070,0,205,.870866,2,1,0,0
2005,6,26,14,2,1070,38.51,48.6,.870866,2,1,0,40.643223
2005,6,26,14,2,1070,39.14,48.6,.870866,2,1,0,40.643223
2005,6,26,14,2,1070,39.19,242.8,.870866,2,1,0,40.643223
2005,6,26,14,2,1070,151.04,17.1,.870866,2,0,0,151.04
2005,6,26,15,2,1070,0,205,.870866,2,1,0,0
2005,6,26,15,2,1070,37.85,48.6,.870866,2,1,0,40.643223
2005,6,26,15,2,1070,38.47,48.6,.870866,2,1,0,40.643223
2005,6,26,15,2,1070,39.1,48.6,.870866,2,1,0,40.643223
2005,6,26,15,2,1070,39.2,194.2,.870866,2,1,0,40.643223
2005,6,26,15,2,1070,151.05,17.1,.870866,2,0,0,151.05
2005,6,26,16,2,1070,0,205,.870866,2,1,0,0
2005,6,26,16,2,1070,36.71,48.6,.870866,2,1,0,40.643223
2005,6,26,16,2,1070,37.34,48.6,.870866,2,1,0,40.643223
2005,6,26,16,2,1070,37.96,48.6,.870866,2,1,0,40.643223
2005,6,26,16,2,1070,38.58,48.6,.870866,2,1,0,40.643223
2005,6,26,16,2,1070,39.21,48.6,.870866,2,1,0,40.643223
2005,6,26,16,2,1070,39.22,97,.870866,2,1,0,40.643223
2005,6,26,16,2,1070,151.07,17.1,.870866,2,0,0,151.07
2005,6,26,17,2,1070,0,205,.870866,2,1,0,0
2005,6,26,17,2,1070,36.68,48.6,.870866,2,1,0,40.643223
2005,6,26,17,2,1070,37.31,48.6,.870866,2,1,0,40.643223
2005,6,26,17,2,1070,37.93,48.6,.870866,2,1,0,40.643223
2005,6,26,17,2,1070,38.56,48.6,.870866,2,1,0,40.643223
2005,6,26,17,2,1070,39.19,48.6,.870866,2,1,0,40.643223
2005,6,26,17,2,1070,39.22,97,.870866,2,1,0,40.643223
2005,6,26,17,2,1070,151.07,17.1,.870866,2,0,0,151.07
2005,6,26,18,2,1070,0,205,.870866,2,1,0,0
2005,6,26,18,2,1070,35.77,48.6,.870866,2,1,0,40.643223
2005,6,26,18,2,1070,36.39,48.6,.870866,2,1,0,40.643223
2005,6,26,18,2,1070,37.01,48.6,.870866,2,1,0,40.643223
2005,6,26,18,2,1070,37.63,48.6,.870866,2,1,0,40.643223
2005,6,26,18,2,1070,38.24,48.6,.870866,2,1,0,40.643223
2005,6,26,18,2,1070,38.86,48.6,.870866,2,1,0,40.643223
2005,6,26,18,2,1070,39.23,48.4,.870866,2,1,0,40.643223
2005,6,26,18,2,1070,151.08,17.1,.870866,2,0,0,151.08
2005,6,26,19,2,1070,0,205,.870866,2,1,0,0
2005,6,26,19,2,1070,35.26,48.6,.870866,2,1,0,40.643223
2005,6,26,19,2,1070,35.87,48.6,.870866,2,1,0,40.643223
2005,6,26,19,2,1070,36.49,48.6,.870866,2,1,0,40.643223
2005,6,26,19,2,1070,37.1,48.6,.870866,2,1,0,40.643223
2005,6,26,19,2,1070,37.71,48.6,.870866,2,1,0,40.643223
2005,6,26,19,2,1070,38.33,48.6,.870866,2,1,0,40.643223
2005,6,26,19,2,1070,38.94,48.4,.870866,2,1,0,40.643223
2005,6,26,19,2,1070,151.08,17.1,.870866,2,0,0,151.08
2005,6,26,20,2,1070,0,205,.870866,2,1,0,0
2005,6,26,20,2,1070,34.4,48.6,.870866,2,1,0,40.643223
2005,6,26,20,2,1070,35.01,48.6,.870866,2,1,0,40.643223
2005,6,26,20,2,1070,35.61,48.6,.870866,2,1,0,40.643223
2005,6,26,20,2,1070,36.22,48.6,.870866,2,1,0,40.643223
2005,6,26,20,2,1070,36.83,48.6,.870866,2,1,0,40.643223
2005,6,26,20,2,1070,37.43,48.6,.870866,2,1,0,40.643223
2005,6,26,20,2,1070,38.04,48.4,.870866,2,1,0,40.643223
2005,6,26,20,2,1070,151.08,17.1,.870866,2,0,0,151.08
2005,6,26,21,2,1070,0,205,.870866,2,1,0,0
2005,6,26,21,2,1070,33.36,48.6,.870866,2,1,0,40.643223
2005,6,26,21,2,1070,33.96,48.6,.870866,2,1,0,40.643223
2005,6,26,21,2,1070,34.56,48.6,.870866,2,1,0,40.643223
2005,6,26,21,2,1070,35.16,48.6,.870866,2,1,0,40.643223
2005,6,26,21,2,1070,35.76,48.6,.870866,2,1,0,40.643223
2005,6,26,21,2,1070,36.36,48.6,.870866,2,1,0,40.643223
2005,6,26,21,2,1070,36.96,48.4,.870866,2,1,0,40.643223
2005,6,26,21,2,1070,151.08,17.1,.870866,2,0,0,151.08
2005,6,26,22,2,1070,0,205,.870866,2,1,0,0
2005,6,26,22,2,1070,31.82,48.6,.870866,2,1,0,40.643223
2005,6,26,22,2,1070,32.4,48.6,.870866,2,1,0,40.643223
2005,6,26,22,2,1070,32.98,48.6,.870866,2,1,0,40.643223
2005,6,26,22,2,1070,33.56,48.6,.870866,2,1,0,40.643223
2005,6,26,22,2,1070,34.14,48.6,.870866,2,1,0,40.643223
2005,6,26,22,2,1070,34.72,48.6,.870866,2,1,0,40.643223
2005,6,26,22,2,1070,35.3,48.4,.870866,2,1,0,40.643223
2005,6,26,22,2,1070,151.08,17.1,.870866,2,0,0,151.08
2005,6,26,23,2,1070,0,205,.870866,2,1,0,0
2005,6,26,23,2,1070,14.59,97.2,.870866,2,1,0,40.643223
2005,6,26,23,2,1070,30.08,48.6,.870866,2,1,0,40.643223
2005,6,26,23,2,1070,30.63,48.6,.870866,2,1,0,40.643223
2005,6,26,23,2,1070,31.18,48.6,.870866,2,1,0,40.643223
2005,6,26,23,2,1070,31.73,48.6,.870866,2,1,0,40.643223
2005,6,26,23,2,1070,32.28,48.4,.870866,2,1,0,40.643223
2005,6,26,23,2,1070,151.07,17.1,.870866,2,0,0,151.07
2005,6,26,24,2,1070,0,205,.870866,2,1,0,0
2005,6,26,24,2,1070,33.88,48.6,.870866,2,1,0,40.643223
2005,6,26,24,2,1070,34.46,48.6,.870866,2,1,0,40.643223
2005,6,26,24,2,1070,35.05,48.6,.870866,2,1,0,40.643223
2005,6,26,24,2,1070,35.63,48.6,.870866,2,1,0,40.643223
2005,6,26,24,2,1070,36.21,48.6,.870866,2,1,0,40.643223
2005,6,26,24,2,1070,36.79,48.6,.870866,2,1,0,40.643223
2005,6,26,24,2,1070,37.37,48.4,.870866,2,1,0,40.643223
2005,6,26,24,2,1070,151.08,17.1,.870866,2,0,0,151.08
2005,6,26,1,9,165,180.3,8,0,1,1,0,180.3
2005,6,26,2,9,165,180.3,8,0,1,1,0,180.3
2005,6,26,3,9,165,180.3,8,0,1,1,0,180.3
2005,6,26,4,9,165,180.3,8,0,1,1,0,180.3
2005,6,26,5,9,165,180.3,8,0,1,1,0,180.3
2005,6,26,6,9,165,180.3,8,0,1,1,0,180.3
2005,6,26,7,9,165,180.3,8,0,1,1,0,180.3
2005,6,26,8,9,165,180.3,8,0,1,1,0,180.3
2005,6,26,9,9,165,180.3,8,0,1,1,0,180.3
2005,6,26,10,9,165,180.3,8,0,1,1,0,180.3
2005,6,26,11,9,165,180.3,8,0,1,1,0,180.3
2005,6,26,12,9,165,180.3,8,0,1,1,0,180.3
2005,6,26,13,9,165,180.3,8,0,1,1,0,180.3
2005,6,26,14,9,165,180.3,8,0,1,1,0,180.3
2005,6,26,15,9,165,180.3,8,0,1,1,0,180.3
2005,6,26,16,9,165,180.3,8,0,1,1,0,180.3
2005,6,26,17,9,165,180.3,8,0,1,1,0,180.3
2005,6,26,18,9,165,180.3,8,0,1,1,0,180.3
2005,6,26,19,9,165,180.3,8,0,1,1,0,180.3
2005,6,26,20,9,165,180.3,8,0,1,1,0,180.3
2005,6,26,21,9,165,180.3,8,0,1,1,0,180.3
2005,6,26,22,9,165,180.3,8,0,1,1,0,180.3
2005,6,26,23,9,165,180.3,8,0,1,1,0,180.3
2005,6,26,24,9,165,180.3,8,0,1,1,0,180.3
2005,6,26,1,9,166,0,6.2,0,2,1,0,0
2005,6,26,2,9,166,0,6.1,0,2,1,0,0
2005,6,26,3,9,166,0,6,0,2,1,0,0
2005,6,26,4,9,166,0,6.2,0,2,1,0,0
2005,6,26,5,9,166,0,6.5,0,2,1,0,0
2005,6,26,6,9,166,0,6,0,2,1,0,0
2005,6,26,7,9,166,0,7.6,0,2,1,0,0
2005,6,26,8,9,166,0,7.9,0,2,1,0,0
2005,6,26,9,9,166,0,8.1,0,2,1,0,0
2005,6,26,10,9,166,0,8.2,0,2,1,0,0
2005,6,26,11,9,166,0,8.2,0,2,1,0,0
2005,6,26,12,9,166,0,8.2,0,2,1,0,0
2005,6,26,13,9,166,0,8.2,0,2,1,0,0
2005,6,26,14,9,166,0,7.7,0,2,1,0,0
2005,6,26,15,9,166,0,7.6,0,2,1,0,0
2005,6,26,16,9,166,0,6.7,0,2,1,0,0
2005,6,26,17,9,166,0,5.7,0,2,1,0,0
2005,6,26,18,9,166,0,5.5,0,2,1,0,0
2005,6,26,19,9,166,0,5.9,0,2,1,0,0
2005,6,26,20,9,166,0,6.7,0,2,1,0,0
2005,6,26,21,9,166,0,7.3,0,2,1,0,0
2005,6,26,22,9,166,0,7.4,0,2,1,0,0
2005,6,26,23,9,166,0,6.2,0,2,1,0,0
2005,6,26,24,9,166,0,5.7,0,2,1,0,0
2005,6,26,1,9,167,0,6.2,0,2,1,0,0
2005,6,26,2,9,167,0,6.2,0,2,1,0,0
2005,6,26,3,9,167,0,6.2,0,2,1,0,0
2005,6,26,4,9,167,0,6.2,0,2,1,0,0
2005,6,26,5,9,167,0,6.2,0,2,1,0,0
2005,6,26,6,9,167,0,6.2,0,2,1,0,0
2005,6,26,7,9,167,0,6.2,0,2,1,0,0
2005,6,26,8,9,167,0,6.2,0,2,1,0,0
2005,6,26,9,9,167,0,6.2,0,2,1,0,0
2005,6,26,10,9,167,0,6.2,0,2,1,0,0
2005,6,26,11,9,167,0,6.1,0,2,1,0,0
2005,6,26,12,9,167,0,6.1,0,2,1,0,0
2005,6,26,13,9,167,0,6,0,2,1,0,0
2005,6,26,14,9,167,0,5.6,0,2,1,0,0
2005,6,26,15,9,167,0,5.6,0,2,1,0,0
2005,6,26,16,9,167,0,5.6,0,2,1,0,0
2005,6,26,17,9,167,0,5.6,0,2,1,0,0
2005,6,26,18,9,167,0,5.6,0,2,1,0,0
2005,6,26,19,9,167,0,6.2,0,2,1,0,0
2005,6,26,20,9,167,0,6.2,0,2,1,0,0
2005,6,26,21,9,167,0,6.2,0,2,1,0,0
2005,6,26,22,9,167,0,6.2,0,2,1,0,0
2005,6,26,23,9,167,0,6.2,0,2,1,0,0
2005,6,26,24,9,167,0,6.2,0,2,1,0,0
2005,6,26,1,9,168,0,8.9,0,2,1,0,0
2005,6,26,2,9,168,0,8.9,0,2,1,0,0
2005,6,26,3,9,168,0,8.9,0,2,1,0,0
2005,6,26,4,9,168,0,9,0,2,1,0,0
2005,6,26,5,9,168,0,9,0,2,1,0,0
2005,6,26,6,9,168,0,9.1,0,2,1,0,0
2005,6,26,7,9,168,0,9,0,2,1,0,0
2005,6,26,8,9,168,0,8.6,0,2,1,0,0
2005,6,26,9,9,168,0,8.7,0,2,1,0,0
2005,6,26,10,9,168,0,8.8,0,2,1,0,0
2005,6,26,11,9,168,0,8.7,0,2,1,0,0
2005,6,26,12,9,168,0,8.4,0,2,1,0,0
2005,6,26,13,9,168,0,8.5,0,2,1,0,0
2005,6,26,14,9,168,0,8.5,0,2,1,0,0
2005,6,26,15,9,168,0,8.7,0,2,1,0,0
2005,6,26,16,9,168,0,8.6,0,2,1,0,0
2005,6,26,17,9,168,0,8.7,0,2,1,0,0
2005,6,26,18,9,168,0,8.8,0,2,1,0,0
2005,6,26,19,9,168,0,8.9,0,2,1,0,0
2005,6,26,20,9,168,0,8.6,0,2,1,0,0
2005,6,26,21,9,168,0,8.8,0,2,1,0,0
2005,6,26,22,9,168,0,8.5,0,2,1,0,0
2005,6,26,23,9,168,0,8.9,0,2,1,0,0
2005,6,26,24,9,168,0,8.9,0,2,1,0,0
2005,6,26,1,9,169,0,41.4,0,2,1,0,0
2005,6,26,2,9,169,0,36.4,0,2,1,0,0
2005,6,26,3,9,169,0,31.2,0,2,1,0,0
2005,6,26,4,9,169,0,26,0,2,1,0,0
2005,6,26,5,9,169,0,20.7,0,2,1,0,0
2005,6,26,6,9,169,0,15.3,0,2,1,0,0
2005,6,26,7,9,169,0,11.7,0,2,1,0,0
2005,6,26,8,9,169,0,9.8,0,2,1,0,0
2005,6,26,9,9,169,0,9.4,0,2,1,0,0
2005,6,26,10,9,169,0,10.7,0,2,1,0,0
2005,6,26,11,9,169,0,13.5,0,2,1,0,0
2005,6,26,12,9,169,0,18,0,2,1,0,0
2005,6,26,13,9,169,0,22,0,2,1,0,0
2005,6,26,14,9,169,0,25.5,0,2,1,0,0
2005,6,26,15,9,169,0,28.4,0,2,1,0,0
2005,6,26,16,9,169,0,30.7,0,2,1,0,0
2005,6,26,17,9,169,0,32.5,0,2,1,0,0
2005,6,26,18,9,169,0,33.7,0,2,1,0,0
2005,6,26,19,9,169,0,35,0,2,1,0,0
2005,6,26,20,9,169,0,36.6,0,2,1,0,0
2005,6,26,21,9,169,0,38.3,0,2,1,0,0
2005,6,26,22,9,169,0,40.3,0,2,1,0,0
2005,6,26,23,9,169,0,42.4,0,2,1,0,0
2005,6,26,24,9,169,0,44.8,0,2,1,0,0
2005,6,26,1,4,1072,0,385,1.1042,2,1,0,0
2005,6,26,1,4,1072,46.96,20,1.1042,2,0,0,48.115977
2005,6,26,1,4,1072,47.28,20,1.1042,2,0,0,48.115977
2005,6,26,1,4,1072,47.66,20,1.1042,2,0,0,48.115977
2005,6,26,1,4,1072,48.1,20,1.1042,2,0,0,48.115977
2005,6,26,1,4,1072,48.6,20,1.1042,2,0,0,48.115977
2005,6,26,1,4,1072,100,35,1.1042,2,0,0,48.115977
2005,6,26,1,4,1072,150,7.4,1.1042,2,0,0,150
2005,6,26,2,4,1072,0,310,1.1042,2,1,0,0
2005,6,26,2,4,1072,46.3,10,1.1042,2,0,0,48.115977
2005,6,26,2,4,1072,46.31,20,1.1042,2,0,0,48.115977
2005,6,26,2,4,1072,46.38,20,1.1042,2,0,0,48.115977
2005,6,26,2,4,1072,46.52,20,1.1042,2,0,0,48.115977
2005,6,26,2,4,1072,46.71,20,1.1042,2,0,0,48.115977
2005,6,26,2,4,1072,46.96,20,1.1042,2,0,0,48.115977
2005,6,26,2,4,1072,47.28,20,1.1042,2,0,0,48.115977
2005,6,26,2,4,1072,47.66,20,1.1042,2,0,0,48.115977
2005,6,26,2,4,1072,48.1,20,1.1042,2,0,0,48.115977
2005,6,26,2,4,1072,48.6,20,1.1042,2,0,0,48.115977
2005,6,26,2,4,1072,100,35,1.1042,2,0,0,48.115977
2005,6,26,2,4,1072,150,7.4,1.1042,2,0,0,150
2005,6,26,3,4,1072,0,310,1.1042,2,1,0,0
2005,6,26,3,4,1072,46.3,10,1.1042,2,0,0,48.115977
2005,6,26,3,4,1072,46.31,20,1.1042,2,0,0,48.115977
2005,6,26,3,4,1072,46.38,20,1.1042,2,0,0,48.115977
2005,6,26,3,4,1072,46.52,20,1.1042,2,0,0,48.115977
2005,6,26,3,4,1072,46.71,20,1.1042,2,0,0,48.115977
2005,6,26,3,4,1072,46.96,20,1.1042,2,0,0,48.115977
2005,6,26,3,4,1072,47.28,20,1.1042,2,0,0,48.115977
2005,6,26,3,4,1072,47.66,20,1.1042,2,0,0,48.115977
2005,6,26,3,4,1072,48.1,20,1.1042,2,0,0,48.115977
2005,6,26,3,4,1072,48.6,20,1.1042,2,0,0,48.115977
2005,6,26,3,4,1072,100,35,1.1042,2,0,0,48.115977
2005,6,26,3,4,1072,150,7.4,1.1042,2,0,0,150
2005,6,26,4,4,1072,0,310,1.1042,2,1,0,0
2005,6,26,4,4,1072,46.3,10,1.1042,2,0,0,48.115977
2005,6,26,4,4,1072,46.31,20,1.1042,2,0,0,48.115977
2005,6,26,4,4,1072,46.38,20,1.1042,2,0,0,48.115977
2005,6,26,4,4,1072,46.52,20,1.1042,2,0,0,48.115977
2005,6,26,4,4,1072,46.71,20,1.1042,2,0,0,48.115977
2005,6,26,4,4,1072,46.96,20,1.1042,2,0,0,48.115977
2005,6,26,4,4,1072,47.28,20,1.1042,2,0,0,48.115977
2005,6,26,4,4,1072,47.66,20,1.1042,2,0,0,48.115977
2005,6,26,4,4,1072,48.1,20,1.1042,2,0,0,48.115977
2005,6,26,4,4,1072,48.6,20,1.1042,2,0,0,48.115977
2005,6,26,4,4,1072,100,35,1.1042,2,0,0,48.115977
2005,6,26,4,4,1072,150,7.4,1.1042,2,0,0,150
2005,6,26,5,4,1072,0,310,1.1042,2,1,0,0
2005,6,26,5,4,1072,46.3,10,1.1042,2,0,0,48.115977
2005,6,26,5,4,1072,46.31,20,1.1042,2,0,0,48.115977
2005,6,26,5,4,1072,46.38,20,1.1042,2,0,0,48.115977
2005,6,26,5,4,1072,46.52,20,1.1042,2,0,0,48.115977
2005,6,26,5,4,1072,46.71,20,1.1042,2,0,0,48.115977
2005,6,26,5,4,1072,46.96,20,1.1042,2,0,0,48.115977
2005,6,26,5,4,1072,47.28,20,1.1042,2,0,0,48.115977
2005,6,26,5,4,1072,47.66,20,1.1042,2,0,0,48.115977
2005,6,26,5,4,1072,48.1,20,1.1042,2,0,0,48.115977
2005,6,26,5,4,1072,48.6,20,1.1042,2,0,0,48.115977
2005,6,26,5,4,1072,100,35,1.1042,2,0,0,48.115977
2005,6,26,5,4,1072,150,7.4,1.1042,2,0,0,150
2005,6,26,6,4,1072,0,310,1.1042,2,1,0,0
2005,6,26,6,4,1072,46.3,10,1.1042,2,0,0,48.115977
2005,6,26,6,4,1072,46.31,20,1.1042,2,0,0,48.115977
2005,6,26,6,4,1072,46.38,20,1.1042,2,0,0,48.115977
2005,6,26,6,4,1072,46.52,20,1.1042,2,0,0,48.115977
2005,6,26,6,4,1072,46.71,20,1.1042,2,0,0,48.115977
2005,6,26,6,4,1072,46.96,20,1.1042,2,0,0,48.115977
2005,6,26,6,4,1072,47.28,20,1.1042,2,0,0,48.115977
2005,6,26,6,4,1072,47.66,20,1.1042,2,0,0,48.115977
2005,6,26,6,4,1072,48.1,20,1.1042,2,0,0,48.115977
2005,6,26,6,4,1072,48.6,20,1.1042,2,0,0,48.115977
2005,6,26,6,4,1072,100,35,1.1042,2,0,0,48.115977
2005,6,26,6,4,1072,150,7.4,1.1042,2,0,0,150
2005,6,26,7,4,1072,0,310,1.1042,2,1,0,0
2005,6,26,7,4,1072,46.3,10,1.1042,2,0,0,48.115977
2005,6,26,7,4,1072,46.31,20,1.1042,2,0,0,48.115977
2005,6,26,7,4,1072,46.38,20,1.1042,2,0,0,48.115977
2005,6,26,7,4,1072,46.52,20,1.1042,2,0,0,48.115977
2005,6,26,7,4,1072,46.71,20,1.1042,2,0,0,48.115977
2005,6,26,7,4,1072,46.96,20,1.1042,2,0,0,48.115977
2005,6,26,7,4,1072,47.28,20,1.1042,2,0,0,48.115977
2005,6,26,7,4,1072,47.66,20,1.1042,2,0,0,48.115977
2005,6,26,7,4,1072,48.1,20,1.1042,2,0,0,48.115977
2005,6,26,7,4,1072,48.6,20,1.1042,2,0,0,48.115977
2005,6,26,7,4,1072,100,35,1.1042,2,0,0,48.115977
2005,6,26,7,4,1072,150,7.4,1.1042,2,0,0,150
2005,6,26,8,4,1072,0,385,1.1042,2,1,0,0
2005,6,26,8,4,1072,46.96,20,1.1042,2,0,0,48.115977
2005,6,26,8,4,1072,47.28,20,1.1042,2,0,0,48.115977
2005,6,26,8,4,1072,47.66,20,1.1042,2,0,0,48.115977
2005,6,26,8,4,1072,48.1,20,1.1042,2,0,0,48.115977
2005,6,26,8,4,1072,48.6,20,1.1042,2,0,0,48.115977
2005,6,26,8,4,1072,100,35,1.1042,2,0,0,48.115977
2005,6,26,8,4,1072,150,7.4,1.1042,2,0,0,150
2005,6,26,9,4,1072,0,500,1.1042,2,1,0,0
2005,6,26,9,4,1072,100,35,1.1042,2,0,0,48.115977
2005,6,26,9,4,1072,150,7.4,1.1042,2,0,0,150
2005,6,26,10,4,1072,0,500,1.1042,2,1,0,0
2005,6,26,10,4,1072,100,35,1.1042,2,0,0,48.115977
2005,6,26,10,4,1072,150,7.4,1.1042,2,0,0,150
2005,6,26,11,4,1072,0,500,1.1042,2,1,0,0
2005,6,26,11,4,1072,100,35,1.1042,2,0,0,48.115977
2005,6,26,11,4,1072,150,7.4,1.1042,2,0,0,150
2005,6,26,12,4,1072,0,500,1.1042,2,1,0,0
2005,6,26,12,4,1072,100,35,1.1042,2,0,0,48.115977
2005,6,26,12,4,1072,150,7.4,1.1042,2,0,0,150
2005,6,26,13,4,1072,0,500,1.1042,2,1,0,0
2005,6,26,13,4,1072,100,35,1.1042,2,0,0,48.115977
2005,6,26,13,4,1072,150,7.4,1.1042,2,0,0,150
2005,6,26,14,4,1072,0,500,1.1042,2,1,0,0
2005,6,26,14,4,1072,100,35,1.1042,2,0,0,48.115977
2005,6,26,14,4,1072,150,7.4,1.1042,2,0,0,150
2005,6,26,15,4,1072,0,500,1.1042,2,1,0,0
2005,6,26,15,4,1072,100,35,1.1042,2,0,0,48.115977
2005,6,26,15,4,1072,150,7.4,1.1042,2,0,0,150
2005,6,26,16,4,1072,0,500,1.1042,2,1,0,0
2005,6,26,16,4,1072,100,35,1.1042,2,0,0,48.115977
2005,6,26,16,4,1072,150,7.4,1.1042,2,0,0,150
2005,6,26,17,4,1072,0,500,1.1042,2,1,0,0
2005,6,26,17,4,1072,100,35,1.1042,2,0,0,48.115977
2005,6,26,17,4,1072,150,7.4,1.1042,2,0,0,150
2005,6,26,18,4,1072,0,500,1.1042,2,1,0,0
2005,6,26,18,4,1072,100,35,1.1042,2,0,0,48.115977
2005,6,26,18,4,1072,150,7.4,1.1042,2,0,0,150
2005,6,26,19,4,1072,0,500,1.1042,2,1,0,0
2005,6,26,19,4,1072,100,35,1.1042,2,0,0,48.115977
2005,6,26,19,4,1072,150,7.4,1.1042,2,0,0,150
2005,6,26,20,4,1072,0,500,1.1042,2,1,0,0
2005,6,26,20,4,1072,100,35,1.1042,2,0,0,48.115977
2005,6,26,20,4,1072,150,7.4,1.1042,2,0,0,150
2005,6,26,21,4,1072,0,500,1.1042,2,1,0,0
2005,6,26,21,4,1072,100,35,1.1042,2,0,0,48.115977
2005,6,26,21,4,1072,150,7.4,1.1042,2,0,0,150
2005,6,26,22,4,1072,0,500,1.1042,2,1,0,0
2005,6,26,22,4,1072,100,35,1.1042,2,0,0,48.115977
2005,6,26,22,4,1072,150,7.4,1.1042,2,0,0,150
2005,6,26,23,4,1072,0,500,1.1042,2,1,0,0
2005,6,26,23,4,1072,100,35,1.1042,2,0,0,48.115977
2005,6,26,23,4,1072,150,7.4,1.1042,2,0,0,150
2005,6,26,24,4,1072,0,500,1.1042,2,1,0,0
2005,6,26,24,4,1072,100,35,1.1042,2,0,0,48.115977
2005,6,26,24,4,1072,150,7.4,1.1042,2,0,0,150
2005,6,26,1,9,171,0,6,0,2,1,0,0
2005,6,26,2,9,171,0,6,0,2,1,0,0
2005,6,26,3,9,171,0,6,0,2,1,0,0
2005,6,26,4,9,171,0,6,0,2,1,0,0
2005,6,26,5,9,171,0,6,0,2,1,0,0
2005,6,26,6,9,171,0,6,0,2,1,0,0
2005,6,26,7,9,171,0,6,0,2,1,0,0
2005,6,26,8,9,171,0,6,0,2,1,0,0
2005,6,26,9,9,171,0,6,0,2,1,0,0
2005,6,26,10,9,171,0,6,0,2,1,0,0
2005,6,26,11,9,171,0,6,0,2,1,0,0
2005,6,26,12,9,171,0,6,0,2,1,0,0
2005,6,26,13,9,171,0,6,0,2,1,0,0
2005,6,26,14,9,171,0,6,0,2,1,0,0
2005,6,26,15,9,171,0,6,0,2,1,0,0
2005,6,26,16,9,171,0,6,0,2,1,0,0
2005,6,26,17,9,171,0,6,0,2,1,0,0
2005,6,26,18,9,171,0,6,0,2,1,0,0
2005,6,26,19,9,171,0,6,0,2,1,0,0
2005,6,26,20,9,171,0,6,0,2,1,0,0
2005,6,26,21,9,171,0,6,0,2,1,0,0
2005,6,26,22,9,171,0,6,0,2,1,0,0
2005,6,26,23,9,171,0,6,0,2,1,0,0
2005,6,26,24,9,171,0,6,0,2,1,0,0
2005,6,26,1,2,172,41.98,73,0,1,0,1,41.98
2005,6,26,1,2,172,41.99,73,0,1,0,1,41.99
2005,6,26,1,2,172,42,73,0,1,0,1,42
2005,6,26,2,2,172,41.98,73,0,1,1,0,41.98
2005,6,26,2,2,172,41.99,73,0,1,1,0,41.99
2005,6,26,2,2,172,42,73,0,1,1,0,42
2005,6,26,3,2,172,41.98,73,0,1,1,0,41.98
2005,6,26,3,2,172,46.49,73,0,1,1,0,46.49
2005,6,26,3,2,172,46.5,73,0,1,1,0,46.5
2005,6,26,4,2,172,46.48,73,0,1,1,0,46.48
2005,6,26,4,2,172,46.49,73,0,1,1,0,46.49
2005,6,26,4,2,172,46.5,73,0,1,1,0,46.5
2005,6,26,5,2,172,46.48,73,0,1,1,0,46.48
2005,6,26,5,2,172,46.49,73,0,1,1,0,46.49
2005,6,26,5,2,172,46.5,73,0,1,1,0,46.5
2005,6,26,6,2,172,46.48,73,0,1,1,0,46.48
2005,6,26,6,2,172,46.49,73,0,1,1,0,46.49
2005,6,26,6,2,172,46.5,73,0,1,1,0,46.5
2005,6,26,7,2,172,46.48,73,0,1,1,0,46.48
2005,6,26,7,2,172,46.49,73,0,1,1,0,46.49
2005,6,26,7,2,172,46.5,73,0,1,1,0,46.5
2005,6,26,8,2,172,46.48,73,0,1,1,0,46.48
2005,6,26,8,2,172,46.49,73,0,1,1,0,46.49
2005,6,26,8,2,172,46.5,73,0,1,1,0,46.5
2005,6,26,9,2,172,46.48,73,0,1,1,0,46.48
2005,6,26,9,2,172,46.49,73,0,1,1,0,46.49
2005,6,26,9,2,172,46.5,73,0,1,1,0,46.5
2005,6,26,10,2,172,41.98,73,0,1,1,0,41.98
2005,6,26,10,2,172,46.49,73,0,1,1,0,46.49
2005,6,26,10,2,172,46.5,73,0,1,1,0,46.5
2005,6,26,11,2,172,41.98,73,0,1,1,0,41.98
2005,6,26,11,2,172,41.99,73,0,1,1,0,41.99
2005,6,26,11,2,172,42,73,0,1,1,0,42
2005,6,26,12,2,172,41.98,73,0,1,1,0,41.98
2005,6,26,12,2,172,41.99,73,0,1,1,0,41.99
2005,6,26,12,2,172,42,73,0,1,1,0,42
2005,6,26,13,2,172,41.98,73,0,1,0,1,41.98
2005,6,26,13,2,172,41.99,73,0,1,0,1,41.99
2005,6,26,13,2,172,42,73,0,1,0,1,42
2005,6,26,14,2,172,41.98,73,0,1,0,1,41.98
2005,6,26,14,2,172,41.99,73,0,1,0,1,41.99
2005,6,26,14,2,172,42,73,0,1,0,1,42
2005,6,26,15,2,172,41.98,73,0,1,0,1,41.98
2005,6,26,15,2,172,41.99,73,0,1,0,1,41.99
2005,6,26,15,2,172,42,73,0,1,0,1,42
2005,6,26,16,2,172,41.98,73,0,1,0,1,41.98
2005,6,26,16,2,172,41.99,73,0,1,0,1,41.99
2005,6,26,16,2,172,42,73,0,1,0,1,42
2005,6,26,17,2,172,41.98,73,0,1,0,1,41.98
2005,6,26,17,2,172,41.99,48.4,0,1,1,0,41.99
2005,6,26,17,2,172,42,73,0,1,1,0,42
2005,6,26,18,2,172,41.98,73,0,1,1,0,41.98
2005,6,26,18,2,172,41.99,73,0,1,1,0,41.99
2005,6,26,18,2,172,42,73,0,1,1,0,42
2005,6,26,19,2,172,41.98,73,0,1,1,0,41.98
2005,6,26,19,2,172,41.99,73,0,1,1,0,41.99
2005,6,26,19,2,172,42,73,0,1,1,0,42
2005,6,26,20,2,172,41.98,73,0,1,1,0,41.98
2005,6,26,20,2,172,41.99,73,0,1,1,0,41.99
2005,6,26,20,2,172,42,73,0,1,1,0,42
2005,6,26,21,2,172,41.98,73,0,1,1,0,41.98
2005,6,26,21,2,172,41.99,73,0,1,1,0,41.99
2005,6,26,21,2,172,42,73,0,1,1,0,42
2005,6,26,22,2,172,41.98,73,0,1,0,1,41.98
2005,6,26,22,2,172,41.99,73,0,1,0,1,41.99
2005,6,26,22,2,172,42,73,0,1,0,1,42
2005,6,26,23,2,172,41.98,73,0,1,0,1,41.98
2005,6,26,23,2,172,41.99,73,0,1,0,1,41.99
2005,6,26,23,2,172,42,73,0,1,0,1,42
2005,6,26,24,2,172,41.98,73,0,1,0,1,41.98
2005,6,26,24,2,172,41.99,73,0,1,0,1,41.99
2005,6,26,24,2,172,42,73,0,1,0,1,42
2005,6,26,21,2,173,67.84,32.5,0,2,0,0,67.84
2005,6,26,21,2,173,68.57,32.5,0,2,0,0,68.57
2005,6,26,21,2,173,69.3,32.5,0,2,0,0,69.3
2005,6,26,21,2,173,70.03,32.5,0,2,0,0,70.03
2005,6,26,22,2,173,67.64,48.7,0,2,0,0,67.64
2005,6,26,22,2,173,68.44,48.7,0,2,0,0,68.44
2005,6,26,22,2,173,69.23,48.7,0,2,0,0,69.23
2005,6,26,22,2,173,70.03,48.7,0,2,0,0,70.03
2005,6,26,23,2,173,67.64,48.7,0,2,0,0,67.64
2005,6,26,23,2,173,68.44,48.7,0,2,0,0,68.44
2005,6,26,23,2,173,69.23,48.7,0,2,0,0,69.23
2005,6,26,23,2,173,70.03,48.7,0,2,0,0,70.03
2005,6,26,24,2,173,67.64,48.7,0,2,0,0,67.64
2005,6,26,24,2,173,68.44,48.7,0,2,0,0,68.44
2005,6,26,24,2,173,69.23,48.7,0,2,0,0,69.23
2005,6,26,24,2,173,70.03,48.7,0,2,0,0,70.03
2005,6,26,1,9,174,0,13.3,0,2,1,0,0
2005,6,26,2,9,174,0,10,0,2,1,0,0
2005,6,26,3,9,174,0,8.4,0,2,1,0,0
2005,6,26,4,9,174,0,6.5,0,2,1,0,0
2005,6,26,5,9,174,0,4.2,0,2,1,0,0
2005,6,26,6,9,174,0,1.5,0,2,1,0,0
2005,6,26,7,9,174,0,1,0,2,1,0,0
2005,6,26,8,9,174,0,1.2,0,2,1,0,0
2005,6,26,9,9,174,0,2.1,0,2,1,0,0
2005,6,26,10,9,174,0,5.2,0,2,1,0,0
2005,6,26,11,9,174,0,9.7,0,2,1,0,0
2005,6,26,12,9,174,0,18.8,0,2,1,0,0
2005,6,26,13,9,174,0,25.3,0,2,1,0,0
2005,6,26,14,9,174,0,31.1,0,2,1,0,0
2005,6,26,15,9,174,0,36.2,0,2,1,0,0
2005,6,26,16,9,174,0,40.8,0,2,1,0,0
2005,6,26,17,9,174,0,44.6,0,2,1,0,0
2005,6,26,18,9,174,0,50,0,2,1,0,0
2005,6,26,19,9,174,0,53,0,2,1,0,0
2005,6,26,20,9,174,0,55,0,2,1,0,0
2005,6,26,21,9,174,0,56,0,2,1,0,0
2005,6,26,22,9,174,0,54,0,2,1,0,0
2005,6,26,23,9,174,0,50,0,2,1,0,0
2005,6,26,24,9,174,0,45.5,0,2,1,0,0
2005,6,26,1,9,175,0,16.8,0,2,1,0,0
2005,6,26,2,9,175,0,16.9,0,2,1,0,0
2005,6,26,3,9,175,0,16.9,0,2,1,0,0
2005,6,26,4,9,175,0,16.9,0,2,1,0,0
2005,6,26,5,9,175,0,17,0,2,1,0,0
2005,6,26,6,9,175,0,17,0,2,1,0,0
2005,6,26,7,9,175,0,17,0,2,1,0,0
2005,6,26,8,9,175,0,17,0,2,1,0,0
2005,6,26,9,9,175,0,16.9,0,2,1,0,0
2005,6,26,10,9,175,0,16.9,0,2,1,0,0
2005,6,26,11,9,175,0,16.8,0,2,1,0,0
2005,6,26,12,9,175,0,16.8,0,2,1,0,0
2005,6,26,13,9,175,0,16.7,0,2,1,0,0
2005,6,26,14,9,175,0,16.7,0,2,1,0,0
2005,6,26,15,9,175,0,16.5,0,2,1,0,0
2005,6,26,16,9,175,0,16.4,0,2,1,0,0
2005,6,26,17,9,175,0,16.4,0,2,1,0,0
2005,6,26,18,9,175,0,16.5,0,2,1,0,0
2005,6,26,19,9,175,0,16.6,0,2,1,0,0
2005,6,26,20,9,175,0,16.6,0,2,1,0,0
2005,6,26,21,9,175,0,16.6,0,2,1,0,0
2005,6,26,22,9,175,0,16.7,0,2,1,0,0
2005,6,26,23,9,175,0,16.7,0,2,1,0,0
2005,6,26,24,9,175,0,16.8,0,2,1,0,0
2005,6,26,1,1,176,49.75,190,0,1,1,0,49.75
2005,6,26,1,1,176,50.06,190,0,1,1,0,50.06
2005,6,26,1,1,176,51.03,190,0,1,1,0,51.03
2005,6,26,2,1,176,49.75,190,0,1,1,0,49.75
2005,6,26,2,1,176,50.06,190,0,1,1,0,50.06
2005,6,26,2,1,176,51.03,190,0,1,1,0,51.03
2005,6,26,3,1,176,49.75,190,0,1,1,0,49.75
2005,6,26,3,1,176,50.06,190,0,1,1,0,50.06
2005,6,26,3,1,176,51.03,190,0,1,1,0,51.03
2005,6,26,4,1,176,49.75,190,0,1,1,0,49.75
2005,6,26,4,1,176,50.06,190,0,1,1,0,50.06
2005,6,26,4,1,176,51.03,190,0,1,1,0,51.03
2005,6,26,5,1,176,49.75,190,0,1,1,0,49.75
2005,6,26,5,1,176,50.06,190,0,1,1,0,50.06
2005,6,26,5,1,176,51.03,190,0,1,1,0,51.03
2005,6,26,6,1,176,49.75,190,0,1,1,0,49.75
2005,6,26,6,1,176,50.06,190,0,1,1,0,50.06
2005,6,26,6,1,176,51.03,190,0,1,1,0,51.03
2005,6,26,7,1,176,49.75,190,0,1,1,0,49.75
2005,6,26,7,1,176,50.06,190,0,1,1,0,50.06
2005,6,26,7,1,176,51.03,190,0,1,1,0,51.03
2005,6,26,8,1,176,49.75,190,0,1,1,0,49.75
2005,6,26,8,1,176,50.06,190,0,1,1,0,50.06
2005,6,26,8,1,176,51.03,190,0,1,1,0,51.03
2005,6,26,9,1,176,49.75,190,0,1,1,0,49.75
2005,6,26,9,1,176,50.06,190,0,1,1,0,50.06
2005,6,26,9,1,176,51.03,190,0,1,1,0,51.03
2005,6,26,10,1,176,49.75,190,0,1,1,0,49.75
2005,6,26,10,1,176,50.06,190,0,1,1,0,50.06
2005,6,26,10,1,176,51.03,190,0,1,1,0,51.03
2005,6,26,11,1,176,49.75,190,0,1,1,0,49.75
2005,6,26,11,1,176,50.06,190,0,1,1,0,50.06
2005,6,26,11,1,176,51.03,190,0,1,1,0,51.03
2005,6,26,12,1,176,49.75,190,0,1,1,0,49.75
2005,6,26,12,1,176,50.06,190,0,1,1,0,50.06
2005,6,26,12,1,176,51.03,190,0,1,1,0,51.03
2005,6,26,13,1,176,49.75,190,0,1,1,0,49.75
2005,6,26,13,1,176,50.06,190,0,1,1,0,50.06
2005,6,26,13,1,176,51.03,190,0,1,1,0,51.03
2005,6,26,14,1,176,49.75,190,0,1,1,0,49.75
2005,6,26,14,1,176,50.06,190,0,1,1,0,50.06
2005,6,26,14,1,176,51.03,190,0,1,1,0,51.03
2005,6,26,15,1,176,49.75,190,0,1,1,0,49.75
2005,6,26,15,1,176,50.06,190,0,1,1,0,50.06
2005,6,26,15,1,176,51.03,190,0,1,1,0,51.03
2005,6,26,16,1,176,49.75,190,0,1,1,0,49.75
2005,6,26,16,1,176,50.06,190,0,1,1,0,50.06
2005,6,26,16,1,176,51.03,190,0,1,1,0,51.03
2005,6,26,17,1,176,49.75,190,0,1,1,0,49.75
2005,6,26,17,1,176,50.06,190,0,1,1,0,50.06
2005,6,26,17,1,176,51.03,190,0,1,1,0,51.03
2005,6,26,18,1,176,49.75,190,0,1,1,0,49.75
2005,6,26,18,1,176,50.06,190,0,1,1,0,50.06
2005,6,26,18,1,176,51.03,190,0,1,1,0,51.03
2005,6,26,19,1,176,49.75,190,0,1,1,0,49.75
2005,6,26,19,1,176,50.06,190,0,1,1,0,50.06
2005,6,26,19,1,176,51.03,190,0,1,1,0,51.03
2005,6,26,20,1,176,49.75,190,0,1,1,0,49.75
2005,6,26,20,1,176,50.06,190,0,1,1,0,50.06
2005,6,26,20,1,176,51.03,190,0,1,1,0,51.03
2005,6,26,21,1,176,49.75,190,0,1,1,0,49.75
2005,6,26,21,1,176,50.06,190,0,1,1,0,50.06
2005,6,26,21,1,176,51.03,190,0,1,1,0,51.03
2005,6,26,22,1,176,49.75,190,0,1,1,0,49.75
2005,6,26,22,1,176,50.06,190,0,1,1,0,50.06
2005,6,26,22,1,176,51.03,190,0,1,1,0,51.03
2005,6,26,23,1,176,49.75,190,0,1,0,0,49.75
2005,6,26,23,1,176,50.06,190,0,1,0,0,50.06
2005,6,26,23,1,176,51.03,190,0,1,0,0,51.03
2005,6,26,24,1,176,49.75,190,0,1,0,0,49.75
2005,6,26,24,1,176,50.06,91.8,0,1,1,0,50.06
2005,6,26,24,1,176,51.03,190,0,1,1,0,51.03
2005,6,26,1,1,177,80,50,0,2,0,0,80
2005,6,26,1,1,177,82.01,25,0,2,0,0,82.01
2005,6,26,1,1,177,84.01,25,0,2,0,0,84.01
2005,6,26,1,1,177,84.99,25,0,2,0,0,84.99
2005,6,26,1,1,177,86.01,25,0,2,0,0,86.01
2005,6,26,1,1,177,86.99,25,0,2,0,0,86.99
2005,6,26,1,1,177,88.01,50,0,2,0,0,88.01
2005,6,26,1,1,177,88.99,50,0,2,0,0,88.99
2005,6,26,1,1,177,89.99,50,0,2,0,0,89.99
2005,6,26,1,1,177,90.99,50,0,2,0,0,90.99
2005,6,26,1,1,177,92.01,50,0,2,0,0,92.01
2005,6,26,1,1,177,92.99,50,0,2,0,0,92.99
2005,6,26,1,1,177,94.01,50,0,2,0,0,94.01
2005,6,26,1,1,177,95.01,50,0,2,0,0,95.01
2005,6,26,1,1,177,95.99,25,0,2,0,0,95.99
2005,6,26,2,1,177,80,50,0,2,0,0,80
2005,6,26,2,1,177,82.01,25,0,2,0,0,82.01
2005,6,26,2,1,177,84.01,25,0,2,0,0,84.01
2005,6,26,2,1,177,84.99,25,0,2,0,0,84.99
2005,6,26,2,1,177,86.01,25,0,2,0,0,86.01
2005,6,26,2,1,177,86.99,25,0,2,0,0,86.99
2005,6,26,2,1,177,88.01,50,0,2,0,0,88.01
2005,6,26,2,1,177,88.99,50,0,2,0,0,88.99
2005,6,26,2,1,177,89.99,50,0,2,0,0,89.99
2005,6,26,2,1,177,90.99,50,0,2,0,0,90.99
2005,6,26,2,1,177,92.01,50,0,2,0,0,92.01
2005,6,26,2,1,177,92.99,50,0,2,0,0,92.99
2005,6,26,2,1,177,94.01,50,0,2,0,0,94.01
2005,6,26,2,1,177,95.01,50,0,2,0,0,95.01
2005,6,26,2,1,177,95.99,25,0,2,0,0,95.99
2005,6,26,3,1,177,80,50,0,2,0,0,80
2005,6,26,3,1,177,82.01,25,0,2,0,0,82.01
2005,6,26,3,1,177,84.01,25,0,2,0,0,84.01
2005,6,26,3,1,177,84.99,25,0,2,0,0,84.99
2005,6,26,3,1,177,86.01,25,0,2,0,0,86.01
2005,6,26,3,1,177,86.99,25,0,2,0,0,86.99
2005,6,26,3,1,177,88.01,50,0,2,0,0,88.01
2005,6,26,3,1,177,88.99,50,0,2,0,0,88.99
2005,6,26,3,1,177,89.99,50,0,2,0,0,89.99
2005,6,26,3,1,177,90.99,50,0,2,0,0,90.99
2005,6,26,3,1,177,92.01,50,0,2,0,0,92.01
2005,6,26,3,1,177,92.99,50,0,2,0,0,92.99
2005,6,26,3,1,177,94.01,50,0,2,0,0,94.01
2005,6,26,3,1,177,95.01,50,0,2,0,0,95.01
2005,6,26,3,1,177,95.99,25,0,2,0,0,95.99
2005,6,26,4,1,177,80,50,0,2,0,0,80
2005,6,26,4,1,177,82.01,25,0,2,0,0,82.01
2005,6,26,4,1,177,84.01,25,0,2,0,0,84.01
2005,6,26,4,1,177,84.99,25,0,2,0,0,84.99
2005,6,26,4,1,177,86.01,25,0,2,0,0,86.01
2005,6,26,4,1,177,86.99,25,0,2,0,0,86.99
2005,6,26,4,1,177,88.01,50,0,2,0,0,88.01
2005,6,26,4,1,177,88.99,50,0,2,0,0,88.99
2005,6,26,4,1,177,89.99,50,0,2,0,0,89.99
2005,6,26,4,1,177,90.99,50,0,2,0,0,90.99
2005,6,26,4,1,177,92.01,50,0,2,0,0,92.01
2005,6,26,4,1,177,92.99,50,0,2,0,0,92.99
2005,6,26,4,1,177,94.01,50,0,2,0,0,94.01
2005,6,26,4,1,177,95.01,50,0,2,0,0,95.01
2005,6,26,4,1,177,95.99,25,0,2,0,0,95.99
2005,6,26,5,1,177,80,50,0,2,0,0,80
2005,6,26,5,1,177,82.01,25,0,2,0,0,82.01
2005,6,26,5,1,177,84.01,25,0,2,0,0,84.01
2005,6,26,5,1,177,84.99,25,0,2,0,0,84.99
2005,6,26,5,1,177,86.01,25,0,2,0,0,86.01
2005,6,26,5,1,177,86.99,25,0,2,0,0,86.99
2005,6,26,5,1,177,88.01,50,0,2,0,0,88.01
2005,6,26,5,1,177,88.99,50,0,2,0,0,88.99
2005,6,26,5,1,177,89.99,50,0,2,0,0,89.99
2005,6,26,5,1,177,90.99,50,0,2,0,0,90.99
2005,6,26,5,1,177,92.01,50,0,2,0,0,92.01
2005,6,26,5,1,177,92.99,50,0,2,0,0,92.99
2005,6,26,5,1,177,94.01,50,0,2,0,0,94.01
2005,6,26,5,1,177,95.01,50,0,2,0,0,95.01
2005,6,26,5,1,177,95.99,25,0,2,0,0,95.99
2005,6,26,6,1,177,80,50,0,2,0,0,80
2005,6,26,6,1,177,82.01,25,0,2,0,0,82.01
2005,6,26,6,1,177,84.01,25,0,2,0,0,84.01
2005,6,26,6,1,177,84.99,25,0,2,0,0,84.99
2005,6,26,6,1,177,86.01,25,0,2,0,0,86.01
2005,6,26,6,1,177,86.99,25,0,2,0,0,86.99
2005,6,26,6,1,177,88.01,50,0,2,0,0,88.01
2005,6,26,6,1,177,88.99,50,0,2,0,0,88.99
2005,6,26,6,1,177,89.99,50,0,2,0,0,89.99
2005,6,26,6,1,177,90.99,50,0,2,0,0,90.99
2005,6,26,6,1,177,92.01,50,0,2,0,0,92.01
2005,6,26,6,1,177,92.99,50,0,2,0,0,92.99
2005,6,26,6,1,177,94.01,50,0,2,0,0,94.01
2005,6,26,6,1,177,95.01,50,0,2,0,0,95.01
2005,6,26,6,1,177,95.99,25,0,2,0,0,95.99
2005,6,26,7,1,177,80,50,0,2,0,0,80
2005,6,26,7,1,177,82.01,25,0,2,0,0,82.01
2005,6,26,7,1,177,84.01,25,0,2,0,0,84.01
2005,6,26,7,1,177,84.99,25,0,2,0,0,84.99
2005,6,26,7,1,177,86.01,25,0,2,0,0,86.01
2005,6,26,7,1,177,86.99,25,0,2,0,0,86.99
2005,6,26,7,1,177,88.01,50,0,2,0,0,88.01
2005,6,26,7,1,177,88.99,50,0,2,0,0,88.99
2005,6,26,7,1,177,89.99,50,0,2,0,0,89.99
2005,6,26,7,1,177,90.99,50,0,2,0,0,90.99
2005,6,26,7,1,177,92.01,50,0,2,0,0,92.01
2005,6,26,7,1,177,92.99,50,0,2,0,0,92.99
2005,6,26,7,1,177,94.01,50,0,2,0,0,94.01
2005,6,26,7,1,177,95.01,50,0,2,0,0,95.01
2005,6,26,7,1,177,95.99,25,0,2,0,0,95.99
2005,6,26,8,1,177,80,50,0,2,0,0,80
2005,6,26,8,1,177,82.01,25,0,2,0,0,82.01
2005,6,26,8,1,177,84.01,25,0,2,0,0,84.01
2005,6,26,8,1,177,84.99,25,0,2,0,0,84.99
2005,6,26,8,1,177,86.01,25,0,2,0,0,86.01
2005,6,26,8,1,177,86.99,25,0,2,0,0,86.99
2005,6,26,8,1,177,88.01,50,0,2,0,0,88.01
2005,6,26,8,1,177,88.99,50,0,2,0,0,88.99
2005,6,26,8,1,177,89.99,50,0,2,0,0,89.99
2005,6,26,8,1,177,90.99,50,0,2,0,0,90.99
2005,6,26,8,1,177,92.01,50,0,2,0,0,92.01
2005,6,26,8,1,177,92.99,50,0,2,0,0,92.99
2005,6,26,8,1,177,94.01,50,0,2,0,0,94.01
2005,6,26,8,1,177,95.01,50,0,2,0,0,95.01
2005,6,26,8,1,177,95.99,25,0,2,0,0,95.99
2005,6,26,9,1,177,80,50,0,2,0,0,80
2005,6,26,9,1,177,82.01,25,0,2,0,0,82.01
2005,6,26,9,1,177,84.01,25,0,2,0,0,84.01
2005,6,26,9,1,177,84.99,25,0,2,0,0,84.99
2005,6,26,9,1,177,86.01,25,0,2,0,0,86.01
2005,6,26,9,1,177,86.99,25,0,2,0,0,86.99
2005,6,26,9,1,177,88.01,50,0,2,0,0,88.01
2005,6,26,9,1,177,88.99,50,0,2,0,0,88.99
2005,6,26,9,1,177,89.99,50,0,2,0,0,89.99
2005,6,26,9,1,177,90.99,50,0,2,0,0,90.99
2005,6,26,9,1,177,92.01,50,0,2,0,0,92.01
2005,6,26,9,1,177,92.99,50,0,2,0,0,92.99
2005,6,26,9,1,177,94.01,50,0,2,0,0,94.01
2005,6,26,9,1,177,95.01,50,0,2,0,0,95.01
2005,6,26,9,1,177,95.99,25,0,2,0,0,95.99
2005,6,26,10,1,177,80,50,0,2,0,0,80
2005,6,26,10,1,177,82.01,25,0,2,0,0,82.01
2005,6,26,10,1,177,84.01,25,0,2,0,0,84.01
2005,6,26,10,1,177,84.99,25,0,2,0,0,84.99
2005,6,26,10,1,177,86.01,25,0,2,0,0,86.01
2005,6,26,10,1,177,86.99,25,0,2,0,0,86.99
2005,6,26,10,1,177,88.01,50,0,2,0,0,88.01
2005,6,26,10,1,177,88.99,50,0,2,0,0,88.99
2005,6,26,10,1,177,89.99,50,0,2,0,0,89.99
2005,6,26,10,1,177,90.99,50,0,2,0,0,90.99
2005,6,26,10,1,177,92.01,50,0,2,0,0,92.01
2005,6,26,10,1,177,92.99,50,0,2,0,0,92.99
2005,6,26,10,1,177,94.01,50,0,2,0,0,94.01
2005,6,26,10,1,177,95.01,50,0,2,0,0,95.01
2005,6,26,10,1,177,95.99,25,0,2,0,0,95.99
2005,6,26,11,1,177,80,50,0,2,0,0,80
2005,6,26,11,1,177,82.01,25,0,2,0,0,82.01
2005,6,26,11,1,177,84.01,25,0,2,0,0,84.01
2005,6,26,11,1,177,84.99,25,0,2,0,0,84.99
2005,6,26,11,1,177,86.01,25,0,2,0,0,86.01
2005,6,26,11,1,177,86.99,25,0,2,0,0,86.99
2005,6,26,11,1,177,88.01,50,0,2,0,0,88.01
2005,6,26,11,1,177,88.99,50,0,2,0,0,88.99
2005,6,26,11,1,177,89.99,50,0,2,0,0,89.99
2005,6,26,11,1,177,90.99,50,0,2,0,0,90.99
2005,6,26,11,1,177,92.01,50,0,2,0,0,92.01
2005,6,26,11,1,177,92.99,50,0,2,0,0,92.99
2005,6,26,11,1,177,94.01,50,0,2,0,0,94.01
2005,6,26,11,1,177,95.01,50,0,2,0,0,95.01
2005,6,26,11,1,177,95.99,25,0,2,0,0,95.99
2005,6,26,12,1,177,80,50,0,2,0,0,80
2005,6,26,12,1,177,82.01,25,0,2,0,0,82.01
2005,6,26,12,1,177,84.01,25,0,2,0,0,84.01
2005,6,26,12,1,177,84.99,25,0,2,0,0,84.99
2005,6,26,12,1,177,86.01,25,0,2,0,0,86.01
2005,6,26,12,1,177,86.99,25,0,2,0,0,86.99
2005,6,26,12,1,177,88.01,50,0,2,0,0,88.01
2005,6,26,12,1,177,88.99,50,0,2,0,0,88.99
2005,6,26,12,1,177,89.99,50,0,2,0,0,89.99
2005,6,26,12,1,177,90.99,50,0,2,0,0,90.99
2005,6,26,12,1,177,92.01,50,0,2,0,0,92.01
2005,6,26,12,1,177,92.99,50,0,2,0,0,92.99
2005,6,26,12,1,177,94.01,50,0,2,0,0,94.01
2005,6,26,12,1,177,95.01,50,0,2,0,0,95.01
2005,6,26,12,1,177,95.99,25,0,2,0,0,95.99
2005,6,26,13,1,177,80,50,0,2,0,0,80
2005,6,26,13,1,177,82.01,25,0,2,0,0,82.01
2005,6,26,13,1,177,84.01,25,0,2,0,0,84.01
2005,6,26,13,1,177,84.99,25,0,2,0,0,84.99
2005,6,26,13,1,177,86.01,25,0,2,0,0,86.01
2005,6,26,13,1,177,86.99,25,0,2,0,0,86.99
2005,6,26,13,1,177,88.01,50,0,2,0,0,88.01
2005,6,26,13,1,177,88.99,50,0,2,0,0,88.99
2005,6,26,13,1,177,89.99,50,0,2,0,0,89.99
2005,6,26,13,1,177,90.99,50,0,2,0,0,90.99
2005,6,26,13,1,177,92.01,50,0,2,0,0,92.01
2005,6,26,13,1,177,92.99,50,0,2,0,0,92.99
2005,6,26,13,1,177,94.01,50,0,2,0,0,94.01
2005,6,26,13,1,177,95.01,50,0,2,0,0,95.01
2005,6,26,13,1,177,95.99,25,0,2,0,0,95.99
2005,6,26,14,1,177,80,50,0,2,0,0,80
2005,6,26,14,1,177,82.01,25,0,2,0,0,82.01
2005,6,26,14,1,177,84.01,25,0,2,0,0,84.01
2005,6,26,14,1,177,84.99,25,0,2,0,0,84.99
2005,6,26,14,1,177,86.01,25,0,2,0,0,86.01
2005,6,26,14,1,177,86.99,25,0,2,0,0,86.99
2005,6,26,14,1,177,88.01,50,0,2,0,0,88.01
2005,6,26,14,1,177,88.99,50,0,2,0,0,88.99
2005,6,26,14,1,177,89.99,50,0,2,0,0,89.99
2005,6,26,14,1,177,90.99,50,0,2,0,0,90.99
2005,6,26,14,1,177,92.01,50,0,2,0,0,92.01
2005,6,26,14,1,177,92.99,50,0,2,0,0,92.99
2005,6,26,14,1,177,94.01,50,0,2,0,0,94.01
2005,6,26,14,1,177,95.01,50,0,2,0,0,95.01
2005,6,26,14,1,177,95.99,25,0,2,0,0,95.99
2005,6,26,15,1,177,80,50,0,2,0,0,80
2005,6,26,15,1,177,82.01,25,0,2,0,0,82.01
2005,6,26,15,1,177,84.01,25,0,2,0,0,84.01
2005,6,26,15,1,177,84.99,25,0,2,0,0,84.99
2005,6,26,15,1,177,86.01,25,0,2,0,0,86.01
2005,6,26,15,1,177,86.99,25,0,2,0,0,86.99
2005,6,26,15,1,177,88.01,50,0,2,0,0,88.01
2005,6,26,15,1,177,88.99,50,0,2,0,0,88.99
2005,6,26,15,1,177,89.99,50,0,2,0,0,89.99
2005,6,26,15,1,177,90.99,50,0,2,0,0,90.99
2005,6,26,15,1,177,92.01,50,0,2,0,0,92.01
2005,6,26,15,1,177,92.99,50,0,2,0,0,92.99
2005,6,26,15,1,177,94.01,50,0,2,0,0,94.01
2005,6,26,15,1,177,95.01,50,0,2,0,0,95.01
2005,6,26,15,1,177,95.99,25,0,2,0,0,95.99
2005,6,26,16,1,177,80,50,0,2,0,0,80
2005,6,26,16,1,177,82.01,25,0,2,0,0,82.01
2005,6,26,16,1,177,84.01,25,0,2,0,0,84.01
2005,6,26,16,1,177,84.99,25,0,2,0,0,84.99
2005,6,26,16,1,177,86.01,25,0,2,0,0,86.01
2005,6,26,16,1,177,86.99,25,0,2,0,0,86.99
2005,6,26,16,1,177,88.01,50,0,2,0,0,88.01
2005,6,26,16,1,177,88.99,50,0,2,0,0,88.99
2005,6,26,16,1,177,89.99,50,0,2,0,0,89.99
2005,6,26,16,1,177,90.99,50,0,2,0,0,90.99
2005,6,26,16,1,177,92.01,50,0,2,0,0,92.01
2005,6,26,16,1,177,92.99,50,0,2,0,0,92.99
2005,6,26,16,1,177,94.01,50,0,2,0,0,94.01
2005,6,26,16,1,177,95.01,50,0,2,0,0,95.01
2005,6,26,16,1,177,95.99,25,0,2,0,0,95.99
2005,6,26,17,1,177,80,50,0,2,0,0,80
2005,6,26,17,1,177,82.01,25,0,2,0,0,82.01
2005,6,26,17,1,177,84.01,25,0,2,0,0,84.01
2005,6,26,17,1,177,84.99,25,0,2,0,0,84.99
2005,6,26,17,1,177,86.01,25,0,2,0,0,86.01
2005,6,26,17,1,177,86.99,25,0,2,0,0,86.99
2005,6,26,17,1,177,88.01,50,0,2,0,0,88.01
2005,6,26,17,1,177,88.99,50,0,2,0,0,88.99
2005,6,26,17,1,177,89.99,50,0,2,0,0,89.99
2005,6,26,17,1,177,90.99,50,0,2,0,0,90.99
2005,6,26,17,1,177,92.01,50,0,2,0,0,92.01
2005,6,26,17,1,177,92.99,50,0,2,0,0,92.99
2005,6,26,17,1,177,94.01,50,0,2,0,0,94.01
2005,6,26,17,1,177,95.01,50,0,2,0,0,95.01
2005,6,26,17,1,177,95.99,25,0,2,0,0,95.99
2005,6,26,18,1,177,80,50,0,2,0,0,80
2005,6,26,18,1,177,82.01,25,0,2,0,0,82.01
2005,6,26,18,1,177,84.01,25,0,2,0,0,84.01
2005,6,26,18,1,177,84.99,25,0,2,0,0,84.99
2005,6,26,18,1,177,86.01,25,0,2,0,0,86.01
2005,6,26,18,1,177,86.99,25,0,2,0,0,86.99
2005,6,26,18,1,177,88.01,50,0,2,0,0,88.01
2005,6,26,18,1,177,88.99,50,0,2,0,0,88.99
2005,6,26,18,1,177,89.99,50,0,2,0,0,89.99
2005,6,26,18,1,177,90.99,50,0,2,0,0,90.99
2005,6,26,18,1,177,92.01,50,0,2,0,0,92.01
2005,6,26,18,1,177,92.99,50,0,2,0,0,92.99
2005,6,26,18,1,177,94.01,50,0,2,0,0,94.01
2005,6,26,18,1,177,95.01,50,0,2,0,0,95.01
2005,6,26,18,1,177,95.99,25,0,2,0,0,95.99
2005,6,26,19,1,177,80,50,0,2,0,0,80
2005,6,26,19,1,177,82.01,25,0,2,0,0,82.01
2005,6,26,19,1,177,84.01,25,0,2,0,0,84.01
2005,6,26,19,1,177,84.99,25,0,2,0,0,84.99
2005,6,26,19,1,177,86.01,25,0,2,0,0,86.01
2005,6,26,19,1,177,86.99,25,0,2,0,0,86.99
2005,6,26,19,1,177,88.01,50,0,2,0,0,88.01
2005,6,26,19,1,177,88.99,50,0,2,0,0,88.99
2005,6,26,19,1,177,89.99,50,0,2,0,0,89.99
2005,6,26,19,1,177,90.99,50,0,2,0,0,90.99
2005,6,26,19,1,177,92.01,50,0,2,0,0,92.01
2005,6,26,19,1,177,92.99,50,0,2,0,0,92.99
2005,6,26,19,1,177,94.01,50,0,2,0,0,94.01
2005,6,26,19,1,177,95.01,50,0,2,0,0,95.01
2005,6,26,19,1,177,95.99,25,0,2,0,0,95.99
2005,6,26,20,1,177,80,50,0,2,0,0,80
2005,6,26,20,1,177,82.01,25,0,2,0,0,82.01
2005,6,26,20,1,177,84.01,25,0,2,0,0,84.01
2005,6,26,20,1,177,84.99,25,0,2,0,0,84.99
2005,6,26,20,1,177,86.01,25,0,2,0,0,86.01
2005,6,26,20,1,177,86.99,25,0,2,0,0,86.99
2005,6,26,20,1,177,88.01,50,0,2,0,0,88.01
2005,6,26,20,1,177,88.99,50,0,2,0,0,88.99
2005,6,26,20,1,177,89.99,50,0,2,0,0,89.99
2005,6,26,20,1,177,90.99,50,0,2,0,0,90.99
2005,6,26,20,1,177,92.01,50,0,2,0,0,92.01
2005,6,26,20,1,177,92.99,50,0,2,0,0,92.99
2005,6,26,20,1,177,94.01,50,0,2,0,0,94.01
2005,6,26,20,1,177,95.01,50,0,2,0,0,95.01
2005,6,26,20,1,177,95.99,25,0,2,0,0,95.99
2005,6,26,21,1,177,80,50,0,2,0,0,80
2005,6,26,21,1,177,82.01,25,0,2,0,0,82.01
2005,6,26,21,1,177,84.01,25,0,2,0,0,84.01
2005,6,26,21,1,177,84.99,25,0,2,0,0,84.99
2005,6,26,21,1,177,86.01,25,0,2,0,0,86.01
2005,6,26,21,1,177,86.99,25,0,2,0,0,86.99
2005,6,26,21,1,177,88.01,50,0,2,0,0,88.01
2005,6,26,21,1,177,88.99,50,0,2,0,0,88.99
2005,6,26,21,1,177,89.99,50,0,2,0,0,89.99
2005,6,26,21,1,177,90.99,50,0,2,0,0,90.99
2005,6,26,21,1,177,92.01,50,0,2,0,0,92.01
2005,6,26,21,1,177,92.99,50,0,2,0,0,92.99
2005,6,26,21,1,177,94.01,50,0,2,0,0,94.01
2005,6,26,21,1,177,95.01,50,0,2,0,0,95.01
2005,6,26,21,1,177,95.99,25,0,2,0,0,95.99
2005,6,26,22,1,177,80,50,0,2,0,0,80
2005,6,26,22,1,177,82.01,25,0,2,0,0,82.01
2005,6,26,22,1,177,84.01,25,0,2,0,0,84.01
2005,6,26,22,1,177,84.99,25,0,2,0,0,84.99
2005,6,26,22,1,177,86.01,25,0,2,0,0,86.01
2005,6,26,22,1,177,86.99,25,0,2,0,0,86.99
2005,6,26,22,1,177,88.01,50,0,2,0,0,88.01
2005,6,26,22,1,177,88.99,50,0,2,0,0,88.99
2005,6,26,22,1,177,89.99,50,0,2,0,0,89.99
2005,6,26,22,1,177,90.99,50,0,2,0,0,90.99
2005,6,26,22,1,177,92.01,50,0,2,0,0,92.01
2005,6,26,22,1,177,92.99,50,0,2,0,0,92.99
2005,6,26,22,1,177,94.01,50,0,2,0,0,94.01
2005,6,26,22,1,177,95.01,50,0,2,0,0,95.01
2005,6,26,22,1,177,95.99,25,0,2,0,0,95.99
2005,6,26,23,1,177,80,50,0,2,0,0,80
2005,6,26,23,1,177,82.01,25,0,2,0,0,82.01
2005,6,26,23,1,177,84.01,25,0,2,0,0,84.01
2005,6,26,23,1,177,84.99,25,0,2,0,0,84.99
2005,6,26,23,1,177,86.01,25,0,2,0,0,86.01
2005,6,26,23,1,177,86.99,25,0,2,0,0,86.99
2005,6,26,23,1,177,88.01,50,0,2,0,0,88.01
2005,6,26,23,1,177,88.99,50,0,2,0,0,88.99
2005,6,26,23,1,177,89.99,50,0,2,0,0,89.99
2005,6,26,23,1,177,90.99,50,0,2,0,0,90.99
2005,6,26,23,1,177,92.01,50,0,2,0,0,92.01
2005,6,26,23,1,177,92.99,50,0,2,0,0,92.99
2005,6,26,23,1,177,94.01,50,0,2,0,0,94.01
2005,6,26,23,1,177,95.01,50,0,2,0,0,95.01
2005,6,26,23,1,177,95.99,25,0,2,0,0,95.99
2005,6,26,24,1,177,80,50,0,2,0,0,80
2005,6,26,24,1,177,82.01,25,0,2,0,0,82.01
2005,6,26,24,1,177,84.01,25,0,2,0,0,84.01
2005,6,26,24,1,177,84.99,25,0,2,0,0,84.99
2005,6,26,24,1,177,86.01,25,0,2,0,0,86.01
2005,6,26,24,1,177,86.99,25,0,2,0,0,86.99
2005,6,26,24,1,177,88.01,50,0,2,0,0,88.01
2005,6,26,24,1,177,88.99,50,0,2,0,0,88.99
2005,6,26,24,1,177,89.99,50,0,2,0,0,89.99
2005,6,26,24,1,177,90.99,50,0,2,0,0,90.99
2005,6,26,24,1,177,92.01,50,0,2,0,0,92.01
2005,6,26,24,1,177,92.99,50,0,2,0,0,92.99
2005,6,26,24,1,177,94.01,50,0,2,0,0,94.01
2005,6,26,24,1,177,95.01,50,0,2,0,0,95.01
2005,6,26,24,1,177,95.99,25,0,2,0,0,95.99
2005,6,26,1,9,178,180.3,1.3,0,1,1,0,180.3
2005,6,26,2,9,178,180.3,1.4,0,1,1,0,180.3
2005,6,26,3,9,178,180.3,1.3,0,1,1,0,180.3
2005,6,26,4,9,178,180.3,1.3,0,1,1,0,180.3
2005,6,26,5,9,178,180.3,1.3,0,1,1,0,180.3
2005,6,26,6,9,178,180.3,1.3,0,1,1,0,180.3
2005,6,26,7,9,178,180.3,1.3,0,1,1,0,180.3
2005,6,26,8,9,178,180.3,1.3,0,1,1,0,180.3
2005,6,26,9,9,178,180.3,1.3,0,1,1,0,180.3
2005,6,26,10,9,178,180.3,1.3,0,1,1,0,180.3
2005,6,26,11,9,178,180.3,1.3,0,1,1,0,180.3
2005,6,26,12,9,178,180.3,1.3,0,1,1,0,180.3
2005,6,26,13,9,178,180.3,1.4,0,1,1,0,180.3
2005,6,26,14,9,178,180.3,1.3,0,1,1,0,180.3
2005,6,26,15,9,178,180.3,1.4,0,1,1,0,180.3
2005,6,26,16,9,178,180.3,2.2,0,1,1,0,180.3
2005,6,26,17,9,178,180.3,2.7,0,1,1,0,180.3
2005,6,26,18,9,178,180.3,3.1,0,1,1,0,180.3
2005,6,26,19,9,178,180.3,3.9,0,1,1,0,180.3
2005,6,26,20,9,178,180.3,5.7,0,1,1,0,180.3
2005,6,26,21,9,178,180.3,5.5,0,1,1,0,180.3
2005,6,26,22,9,178,180.3,4.7,0,1,1,0,180.3
2005,6,26,23,9,178,180.3,5,0,1,1,0,180.3
2005,6,26,24,9,178,180.3,12.7,0,1,1,0,180.3
2005,6,26,1,8,179,180.3,6.6,0,1,1,0,180.3
2005,6,26,2,8,179,180.3,5.2,0,1,1,0,180.3
2005,6,26,3,8,179,180.3,4.5,0,1,1,0,180.3
2005,6,26,4,8,179,180.3,4.3,0,1,1,0,180.3
2005,6,26,5,8,179,180.3,4.4,0,1,1,0,180.3
2005,6,26,6,8,179,180.3,3.9,0,1,1,0,180.3
2005,6,26,7,8,179,180.3,4.8,0,1,1,0,180.3
2005,6,26,8,8,179,180.3,5.1,0,1,1,0,180.3
2005,6,26,9,8,179,180.3,6,0,1,1,0,180.3
2005,6,26,10,8,179,180.3,8,0,1,1,0,180.3
2005,6,26,11,8,179,180.3,10.5,0,1,1,0,180.3
2005,6,26,12,8,179,180.3,11.8,0,1,1,0,180.3
2005,6,26,13,8,179,180.3,11.5,0,1,1,0,180.3
2005,6,26,14,8,179,180.3,11.5,0,1,1,0,180.3
2005,6,26,15,8,179,180.3,8.6,0,1,1,0,180.3
2005,6,26,16,8,179,180.3,8.7,0,1,1,0,180.3
2005,6,26,17,8,179,180.3,9,0,1,1,0,180.3
2005,6,26,18,8,179,180.3,9.6,0,1,1,0,180.3
2005,6,26,19,8,179,180.3,8.8,0,1,1,0,180.3
2005,6,26,20,8,179,180.3,8.4,0,1,1,0,180.3
2005,6,26,21,8,179,180.3,8.4,0,1,1,0,180.3
2005,6,26,22,8,179,180.3,8.5,0,1,1,0,180.3
2005,6,26,23,8,179,180.3,8.2,0,1,1,0,180.3
2005,6,26,24,8,179,180.3,6.9,0,1,1,0,180.3
2005,6,26,1,9,180,180.3,6.6,0,1,1,0,180.3
2005,6,26,2,9,180,180.3,6.6,0,1,1,0,180.3
2005,6,26,3,9,180,180.3,6.6,0,1,1,0,180.3
2005,6,26,4,9,180,180.3,6.6,0,1,1,0,180.3
2005,6,26,5,9,180,180.3,6.6,0,1,1,0,180.3
2005,6,26,6,9,180,180.3,6.6,0,1,1,0,180.3
2005,6,26,7,9,180,180.3,6.7,0,1,1,0,180.3
2005,6,26,8,9,180,180.3,6.7,0,1,1,0,180.3
2005,6,26,9,9,180,180.3,6.8,0,1,1,0,180.3
2005,6,26,10,9,180,180.3,7,0,1,1,0,180.3
2005,6,26,11,9,180,180.3,7,0,1,1,0,180.3
2005,6,26,12,9,180,180.3,7,0,1,1,0,180.3
2005,6,26,13,9,180,180.3,7,0,1,1,0,180.3
2005,6,26,14,9,180,180.3,6.8,0,1,1,0,180.3
2005,6,26,15,9,180,180.3,6.7,0,1,1,0,180.3
2005,6,26,16,9,180,180.3,6.7,0,1,1,0,180.3
2005,6,26,17,9,180,180.3,6.7,0,1,1,0,180.3
2005,6,26,18,9,180,180.3,6.7,0,1,1,0,180.3
2005,6,26,19,9,180,180.3,6.7,0,1,1,0,180.3
2005,6,26,20,9,180,180.3,6.7,0,1,1,0,180.3
2005,6,26,21,9,180,180.3,6.7,0,1,1,0,180.3
2005,6,26,22,9,180,180.3,6.7,0,1,1,0,180.3
2005,6,26,23,9,180,180.3,6.7,0,1,1,0,180.3
2005,6,26,24,9,180,180.3,6.6,0,1,1,0,180.3
2005,6,26,1,4,1073,1,35,1.03173,2,0,1,1
2005,6,26,1,4,1073,150,16.9,1.03173,2,0,1,150
2005,6,26,2,4,1073,1,35,1.03173,2,0,1,1
2005,6,26,2,4,1073,150,16.9,1.03173,2,0,1,150
2005,6,26,3,4,1073,1,35,1.03173,2,0,1,1
2005,6,26,3,4,1073,150,16.9,1.03173,2,0,1,150
2005,6,26,4,4,1073,1,35,1.03173,2,0,1,1
2005,6,26,4,4,1073,150,16.9,1.03173,2,0,1,150
2005,6,26,5,4,1073,1,35,1.03173,2,0,1,1
2005,6,26,5,4,1073,150,16.9,1.03173,2,0,1,150
2005,6,26,6,4,1073,1,35,1.03173,2,0,1,1
2005,6,26,6,4,1073,150,16.9,1.03173,2,0,1,150
2005,6,26,7,4,1073,1,35,1.03173,2,0,1,1
2005,6,26,7,4,1073,150,16.9,1.03173,2,0,1,150
2005,6,26,8,4,1073,1,35,1.03173,2,0,1,1
2005,6,26,8,4,1073,150,16.9,1.03173,2,0,1,150
2005,6,26,9,4,1073,1,35,1.03173,2,0,1,1
2005,6,26,9,4,1073,150,16.9,1.03173,2,0,1,150
2005,6,26,10,4,1073,1,35,1.03173,2,0,1,1
2005,6,26,10,4,1073,150,16.9,1.03173,2,0,1,150
2005,6,26,11,4,1073,1,35,1.03173,2,0,1,1
2005,6,26,11,4,1073,150,16.9,1.03173,2,0,1,150
2005,6,26,12,4,1073,1,35,1.03173,2,0,1,1
2005,6,26,12,4,1073,150,16.9,1.03173,2,0,1,150
2005,6,26,13,4,1073,1,35,1.03173,2,0,1,1
2005,6,26,13,4,1073,150,16.9,1.03173,2,0,1,150
2005,6,26,14,4,1073,1,35,1.03173,2,0,1,1
2005,6,26,14,4,1073,150,16.9,1.03173,2,0,1,150
2005,6,26,15,4,1073,1,35,1.03173,2,0,1,1
2005,6,26,15,4,1073,150,16.9,1.03173,2,0,1,150
2005,6,26,16,4,1073,1,35,1.03173,2,0,1,1
2005,6,26,16,4,1073,150,16.9,1.03173,2,0,1,150
2005,6,26,17,4,1073,1,35,1.03173,2,0,1,1
2005,6,26,17,4,1073,150,16.9,1.03173,2,0,1,150
2005,6,26,18,4,1073,1,35,1.03173,2,0,1,1
2005,6,26,18,4,1073,150,16.9,1.03173,2,0,1,150
2005,6,26,19,4,1073,1,35,1.03173,2,0,1,1
2005,6,26,19,4,1073,150,16.9,1.03173,2,0,1,150
2005,6,26,20,4,1073,1,35,1.03173,2,0,1,1
2005,6,26,20,4,1073,150,16.9,1.03173,2,0,1,150
2005,6,26,21,4,1073,1,35,1.03173,2,0,1,1
2005,6,26,21,4,1073,150,16.9,1.03173,2,0,1,150
2005,6,26,22,4,1073,1,35,1.03173,2,0,1,1
2005,6,26,22,4,1073,150,16.9,1.03173,2,0,1,150
2005,6,26,23,4,1073,1,35,1.03173,2,0,1,1
2005,6,26,23,4,1073,150,16.9,1.03173,2,0,1,150
2005,6,26,24,4,1073,1,35,1.03173,2,0,1,1
2005,6,26,24,4,1073,150,16.9,1.03173,2,0,1,150
2005,6,26,1,4,1074,1,85,1.03173,2,0,1,1
2005,6,26,1,4,1074,58,10,1.03173,2,0,1,47.710374
2005,6,26,1,4,1074,150,59,1.03173,2,0,1,150
2005,6,26,2,4,1074,1,85,1.03173,2,0,1,1
2005,6,26,2,4,1074,58,10,1.03173,2,0,1,47.710374
2005,6,26,2,4,1074,150,59,1.03173,2,0,1,150
2005,6,26,3,4,1074,1,85,1.03173,2,0,1,1
2005,6,26,3,4,1074,58,10,1.03173,2,0,1,47.710374
2005,6,26,3,4,1074,150,59,1.03173,2,0,1,150
2005,6,26,4,4,1074,1,85,1.03173,2,0,1,1
2005,6,26,4,4,1074,58,10,1.03173,2,0,1,47.710374
2005,6,26,4,4,1074,150,59,1.03173,2,0,1,150
2005,6,26,5,4,1074,1,85,1.03173,2,0,1,1
2005,6,26,5,4,1074,58,10,1.03173,2,0,1,47.710374
2005,6,26,5,4,1074,150,59,1.03173,2,0,1,150
2005,6,26,6,4,1074,1,85,1.03173,2,0,1,1
2005,6,26,6,4,1074,58,10,1.03173,2,0,1,47.710374
2005,6,26,6,4,1074,150,59,1.03173,2,0,1,150
2005,6,26,7,4,1074,1,85,1.03173,2,0,1,1
2005,6,26,7,4,1074,58,10,1.03173,2,0,1,47.710374
2005,6,26,7,4,1074,150,59,1.03173,2,0,1,150
2005,6,26,8,4,1074,1,85,1.03173,2,0,1,1
2005,6,26,8,4,1074,58,10,1.03173,2,0,1,47.710374
2005,6,26,8,4,1074,150,59,1.03173,2,0,1,150
2005,6,26,9,4,1074,1,85,1.03173,2,0,1,1
2005,6,26,9,4,1074,58,10,1.03173,2,0,1,47.710374
2005,6,26,9,4,1074,150,59,1.03173,2,0,1,150
2005,6,26,10,4,1074,1,85,1.03173,2,0,1,1
2005,6,26,10,4,1074,58,10,1.03173,2,0,1,47.710374
2005,6,26,10,4,1074,150,59,1.03173,2,0,1,150
2005,6,26,11,4,1074,1,85,1.03173,2,0,1,1
2005,6,26,11,4,1074,58,10,1.03173,2,0,1,47.710374
2005,6,26,11,4,1074,150,59,1.03173,2,0,1,150
2005,6,26,12,4,1074,1,85,1.03173,2,0,1,1
2005,6,26,12,4,1074,58,10,1.03173,2,0,1,47.710374
2005,6,26,12,4,1074,150,59,1.03173,2,0,1,150
2005,6,26,13,4,1074,1,85,1.03173,2,0,1,1
2005,6,26,13,4,1074,58,10,1.03173,2,0,1,47.710374
2005,6,26,13,4,1074,150,59,1.03173,2,0,1,150
2005,6,26,14,4,1074,1,85,1.03173,2,0,1,1
2005,6,26,14,4,1074,58,10,1.03173,2,0,1,47.710374
2005,6,26,14,4,1074,150,59,1.03173,2,0,1,150
2005,6,26,15,4,1074,1,85,1.03173,2,0,1,1
2005,6,26,15,4,1074,58,10,1.03173,2,0,1,47.710374
2005,6,26,15,4,1074,150,59,1.03173,2,0,1,150
2005,6,26,16,4,1074,1,85,1.03173,2,0,1,1
2005,6,26,16,4,1074,58,10,1.03173,2,0,1,47.710374
2005,6,26,16,4,1074,150,59,1.03173,2,0,1,150
2005,6,26,17,4,1074,1,85,1.03173,2,0,1,1
2005,6,26,17,4,1074,58,10,1.03173,2,0,1,47.710374
2005,6,26,17,4,1074,150,59,1.03173,2,0,1,150
2005,6,26,18,4,1074,1,85,1.03173,2,0,1,1
2005,6,26,18,4,1074,58,10,1.03173,2,0,1,47.710374
2005,6,26,18,4,1074,150,59,1.03173,2,0,1,150
2005,6,26,19,4,1074,1,85,1.03173,2,0,1,1
2005,6,26,19,4,1074,58,10,1.03173,2,0,1,47.710374
2005,6,26,19,4,1074,150,59,1.03173,2,0,1,150
2005,6,26,20,4,1074,1,85,1.03173,2,0,1,1
2005,6,26,20,4,1074,58,10,1.03173,2,0,1,47.710374
2005,6,26,20,4,1074,150,59,1.03173,2,0,1,150
2005,6,26,21,4,1074,1,85,1.03173,2,0,1,1
2005,6,26,21,4,1074,58,10,1.03173,2,0,1,47.710374
2005,6,26,21,4,1074,150,59,1.03173,2,0,1,150
2005,6,26,22,4,1074,1,85,1.03173,2,0,1,1
2005,6,26,22,4,1074,58,10,1.03173,2,0,1,47.710374
2005,6,26,22,4,1074,150,59,1.03173,2,0,1,150
2005,6,26,23,4,1074,1,85,1.03173,2,0,1,1
2005,6,26,23,4,1074,58,10,1.03173,2,0,1,47.710374
2005,6,26,23,4,1074,150,59,1.03173,2,0,1,150
2005,6,26,24,4,1074,1,85,1.03173,2,0,1,1
2005,6,26,24,4,1074,58,10,1.03173,2,0,1,47.710374
2005,6,26,24,4,1074,150,59,1.03173,2,0,1,150
2005,6,26,1,4,1075,0,310,1.03173,2,1,0,0
2005,6,26,1,4,1075,95,27,1.03173,2,0,0,45.182779
2005,6,26,1,4,1075,150,10.5,1.03173,2,0,0,150
2005,6,26,2,4,1075,0,310,1.03173,2,1,0,0
2005,6,26,2,4,1075,95,27,1.03173,2,0,0,45.182779
2005,6,26,2,4,1075,150,10.5,1.03173,2,0,0,150
2005,6,26,3,4,1075,0,310,1.03173,2,1,0,0
2005,6,26,3,4,1075,95,27,1.03173,2,0,0,45.182779
2005,6,26,3,4,1075,150,10.5,1.03173,2,0,0,150
2005,6,26,4,4,1075,0,310,1.03173,2,1,0,0
2005,6,26,4,4,1075,95,27,1.03173,2,0,0,45.182779
2005,6,26,4,4,1075,150,10.5,1.03173,2,0,0,150
2005,6,26,5,4,1075,0,310,1.03173,2,1,0,0
2005,6,26,5,4,1075,95,27,1.03173,2,0,0,45.182779
2005,6,26,5,4,1075,150,10.5,1.03173,2,0,0,150
2005,6,26,6,4,1075,0,310,1.03173,2,1,0,0
2005,6,26,6,4,1075,95,27,1.03173,2,0,0,45.182779
2005,6,26,6,4,1075,150,10.5,1.03173,2,0,0,150
2005,6,26,7,4,1075,0,310,1.03173,2,1,0,0
2005,6,26,7,4,1075,95,27,1.03173,2,0,0,45.182779
2005,6,26,7,4,1075,150,10.5,1.03173,2,0,0,150
2005,6,26,8,4,1075,0,310,1.03173,2,1,0,0
2005,6,26,8,4,1075,95,27,1.03173,2,0,0,45.182779
2005,6,26,8,4,1075,150,10.5,1.03173,2,0,0,150
2005,6,26,9,4,1075,0,310,1.03173,2,1,0,0
2005,6,26,9,4,1075,95,27,1.03173,2,0,0,45.182779
2005,6,26,9,4,1075,150,10.5,1.03173,2,0,0,150
2005,6,26,10,4,1075,0,310,1.03173,2,1,0,0
2005,6,26,10,4,1075,95,27,1.03173,2,0,0,45.182779
2005,6,26,10,4,1075,150,10.5,1.03173,2,0,0,150
2005,6,26,11,4,1075,0,310,1.03173,2,1,0,0
2005,6,26,11,4,1075,95,27,1.03173,2,0,0,45.182779
2005,6,26,11,4,1075,150,10.5,1.03173,2,0,0,150
2005,6,26,12,4,1075,0,310,1.03173,2,1,0,0
2005,6,26,12,4,1075,95,27,1.03173,2,0,0,45.182779
2005,6,26,12,4,1075,150,10.5,1.03173,2,0,0,150
2005,6,26,13,4,1075,0,310,1.03173,2,1,0,0
2005,6,26,13,4,1075,95,27,1.03173,2,0,0,45.182779
2005,6,26,13,4,1075,150,10.5,1.03173,2,0,0,150
2005,6,26,14,4,1075,0,310,1.03173,2,1,0,0
2005,6,26,14,4,1075,95,27,1.03173,2,0,0,45.182779
2005,6,26,14,4,1075,150,10.5,1.03173,2,0,0,150
2005,6,26,15,4,1075,0,310,1.03173,2,1,0,0
2005,6,26,15,4,1075,95,27,1.03173,2,0,0,45.182779
2005,6,26,15,4,1075,150,10.5,1.03173,2,0,0,150
2005,6,26,16,4,1075,0,310,1.03173,2,1,0,0
2005,6,26,16,4,1075,95,27,1.03173,2,0,0,45.182779
2005,6,26,16,4,1075,150,10.5,1.03173,2,0,0,150
2005,6,26,17,4,1075,0,310,1.03173,2,1,0,0
2005,6,26,17,4,1075,95,27,1.03173,2,0,0,45.182779
2005,6,26,17,4,1075,150,10.5,1.03173,2,0,0,150
2005,6,26,18,4,1075,0,310,1.03173,2,1,0,0
2005,6,26,18,4,1075,95,27,1.03173,2,0,0,45.182779
2005,6,26,18,4,1075,150,10.5,1.03173,2,0,0,150
2005,6,26,19,4,1075,0,310,1.03173,2,1,0,0
2005,6,26,19,4,1075,95,27,1.03173,2,0,0,45.182779
2005,6,26,19,4,1075,150,10.5,1.03173,2,0,0,150
2005,6,26,20,4,1075,0,310,1.03173,2,1,0,0
2005,6,26,20,4,1075,95,27,1.03173,2,0,0,45.182779
2005,6,26,20,4,1075,150,10.5,1.03173,2,0,0,150
2005,6,26,21,4,1075,0,310,1.03173,2,1,0,0
2005,6,26,21,4,1075,95,27,1.03173,2,0,0,45.182779
2005,6,26,21,4,1075,150,10.5,1.03173,2,0,0,150
2005,6,26,22,4,1075,0,310,1.03173,2,1,0,0
2005,6,26,22,4,1075,95,27,1.03173,2,0,0,45.182779
2005,6,26,22,4,1075,150,10.5,1.03173,2,0,0,150
2005,6,26,23,4,1075,0,310,1.03173,2,1,0,0
2005,6,26,23,4,1075,95,27,1.03173,2,0,0,45.182779
2005,6,26,23,4,1075,150,10.5,1.03173,2,0,0,150
2005,6,26,24,4,1075,0,310,1.03173,2,1,0,0
2005,6,26,24,4,1075,95,27,1.03173,2,0,0,45.182779
2005,6,26,24,4,1075,150,10.5,1.03173,2,0,0,150
2005,6,26,1,9,184,0,1.9,0,2,1,0,0
2005,6,26,2,9,184,0,1.9,0,2,1,0,0
2005,6,26,3,9,184,0,1.9,0,2,1,0,0
2005,6,26,4,9,184,0,1.9,0,2,1,0,0
2005,6,26,5,9,184,0,1.9,0,2,1,0,0
2005,6,26,6,9,184,0,1.9,0,2,1,0,0
2005,6,26,7,9,184,0,1.9,0,2,1,0,0
2005,6,26,8,9,184,0,1.9,0,2,1,0,0
2005,6,26,9,9,184,0,1.9,0,2,1,0,0
2005,6,26,10,9,184,0,1.9,0,2,1,0,0
2005,6,26,11,9,184,0,1.8,0,2,1,0,0
2005,6,26,12,9,184,0,1.7,0,2,1,0,0
2005,6,26,13,9,184,0,1.7,0,2,1,0,0
2005,6,26,14,9,184,0,1.7,0,2,1,0,0
2005,6,26,15,9,184,0,1.7,0,2,1,0,0
2005,6,26,16,9,184,0,1.7,0,2,1,0,0
2005,6,26,17,9,184,0,1.7,0,2,1,0,0
2005,6,26,18,9,184,0,1.7,0,2,1,0,0
2005,6,26,19,9,184,0,1.7,0,2,1,0,0
2005,6,26,20,9,184,0,1.7,0,2,1,0,0
2005,6,26,21,9,184,0,1.8,0,2,1,0,0
2005,6,26,22,9,184,0,1.8,0,2,1,0,0
2005,6,26,23,9,184,0,1.8,0,2,1,0,0
2005,6,26,24,9,184,0,1.8,0,2,1,0,0
2005,6,26,1,9,185,45,81.1,0,1,1,0,45
2005,6,26,1,9,185,53,162.2,0,1,1,0,53
2005,6,26,2,9,185,24,20.3,0,1,0,0,24
2005,6,26,2,9,185,45,81.1,0,1,1,0,45
2005,6,26,2,9,185,53,121.7,0,1,1,0,53
2005,6,26,3,9,185,18,50.7,0,1,0,0,18
2005,6,26,3,9,185,20,60.8,0,1,0,0,20
2005,6,26,3,9,185,24,30.4,0,1,0,0,24
2005,6,26,3,9,185,45,81.1,0,1,1,0,45
2005,6,26,4,9,185,18,162.2,0,1,0,0,18
2005,6,26,4,9,185,20,60.8,0,1,0,0,20
2005,6,26,5,9,185,18,202.8,0,1,0,0,18
2005,6,26,5,9,185,20,20.3,0,1,0,0,20
2005,6,26,6,9,185,18,223.1,0,1,0,0,18
2005,6,26,7,9,185,18,223.1,0,1,0,0,18
2005,6,26,8,9,185,18,243.4,0,1,0,0,18
2005,6,26,9,9,185,18,243.4,0,1,0,0,18
2005,6,26,10,9,185,18,263.6,0,1,0,0,18
2005,6,26,10,9,185,20,10.1,0,1,0,0,20
2005,6,26,11,9,185,18,294.1,0,1,0,0,18
2005,6,26,12,9,185,18,294.1,0,1,0,0,18
2005,6,26,13,9,185,18,294.1,0,1,0,0,18
2005,6,26,14,9,185,18,294.1,0,1,0,0,18
2005,6,26,15,9,185,18,182.5,0,1,0,0,18
2005,6,26,15,9,185,20,60.8,0,1,0,0,20
2005,6,26,15,9,185,24,30.4,0,1,0,0,24
2005,6,26,16,9,185,18,182.5,0,1,0,0,18
2005,6,26,16,9,185,20,60.8,0,1,0,0,20
2005,6,26,16,9,185,24,30.4,0,1,0,0,24
2005,6,26,17,9,185,18,182.5,0,1,0,0,18
2005,6,26,17,9,185,20,60.8,0,1,0,0,20
2005,6,26,17,9,185,24,30.4,0,1,0,0,24
2005,6,26,18,9,185,18,182.5,0,1,0,0,18
2005,6,26,18,9,185,20,60.8,0,1,0,0,20
2005,6,26,18,9,185,24,30.4,0,1,0,0,24
2005,6,26,19,9,185,18,212.9,0,1,0,0,18
2005,6,26,19,9,185,20,30.4,0,1,0,0,20
2005,6,26,19,9,185,24,30.4,0,1,0,0,24
2005,6,26,20,9,185,18,192.7,0,1,0,0,18
2005,6,26,20,9,185,20,50.7,0,1,0,0,20
2005,6,26,20,9,185,24,30.4,0,1,0,0,24
2005,6,26,21,9,185,18,182.5,0,1,0,0,18
2005,6,26,21,9,185,20,60.8,0,1,0,0,20
2005,6,26,21,9,185,24,30.4,0,1,0,0,24
2005,6,26,22,9,185,18,182.5,0,1,0,0,18
2005,6,26,22,9,185,20,60.8,0,1,0,0,20
2005,6,26,22,9,185,24,30.4,0,1,0,0,24
2005,6,26,23,9,185,18,101.4,0,1,0,0,18
2005,6,26,23,9,185,20,60.8,0,1,0,0,20
2005,6,26,23,9,185,24,30.4,0,1,0,0,24
2005,6,26,23,9,185,45,81.1,0,1,0,0,45
2005,6,26,24,9,185,18,101.4,0,1,0,0,18
2005,6,26,24,9,185,20,60.8,0,1,0,0,20
2005,6,26,24,9,185,24,30.4,0,1,0,0,24
2005,6,26,24,9,185,45,81.1,0,1,0,0,45
2005,6,26,1,9,186,180,1,0,2,0,0,180
2005,6,26,1,9,187,0,3.1,0,2,1,0,0
2005,6,26,2,9,187,0,3.1,0,2,1,0,0
2005,6,26,3,9,187,0,3.1,0,2,1,0,0
2005,6,26,4,9,187,0,3.1,0,2,1,0,0
2005,6,26,5,9,187,0,3.1,0,2,1,0,0
2005,6,26,6,9,187,0,3.1,0,2,1,0,0
2005,6,26,7,9,187,0,3.1,0,2,1,0,0
2005,6,26,8,9,187,0,2.9,0,2,1,0,0
2005,6,26,9,9,187,0,2.9,0,2,1,0,0
2005,6,26,10,9,187,0,2.9,0,2,1,0,0
2005,6,26,11,9,187,0,2.9,0,2,1,0,0
2005,6,26,12,9,187,0,2.8,0,2,1,0,0
2005,6,26,13,9,187,0,2.8,0,2,1,0,0
2005,6,26,14,9,187,0,2.8,0,2,1,0,0
2005,6,26,15,9,187,0,2.8,0,2,1,0,0
2005,6,26,16,9,187,0,2.8,0,2,1,0,0
2005,6,26,17,9,187,0,2.8,0,2,1,0,0
2005,6,26,18,9,187,0,2.8,0,2,1,0,0
2005,6,26,19,9,187,0,2.8,0,2,1,0,0
2005,6,26,20,9,187,0,2.8,0,2,1,0,0
2005,6,26,21,9,187,0,2.8,0,2,1,0,0
2005,6,26,22,9,187,0,3,0,2,1,0,0
2005,6,26,23,9,187,0,3,0,2,1,0,0
2005,6,26,24,9,187,0,3.1,0,2,1,0,0
2005,6,26,1,4,1076,0,250,.34893,2,1,0,0
2005,6,26,1,4,1076,35,50,.34893,2,1,0,43.466878
2005,6,26,1,4,1076,36,60,.34893,2,1,0,43.466878
2005,6,26,1,4,1076,149,26.7,.34893,2,0,0,149
2005,6,26,1,4,1076,150,7.4,.34893,2,0,0,150
2005,6,26,2,4,1076,0,214,.34893,2,1,0,0
2005,6,26,2,4,1076,33,36,.34893,2,1,0,43.466878
2005,6,26,2,4,1076,35,50,.34893,2,1,0,43.466878
2005,6,26,2,4,1076,36,60,.34893,2,1,0,43.466878
2005,6,26,2,4,1076,149,26.7,.34893,2,0,0,149
2005,6,26,2,4,1076,150,7.4,.34893,2,0,0,150
2005,6,26,3,4,1076,0,213,.34893,2,1,0,0
2005,6,26,3,4,1076,33,37,.34893,2,1,0,43.466878
2005,6,26,3,4,1076,35,50,.34893,2,1,0,43.466878
2005,6,26,3,4,1076,36,60,.34893,2,1,0,43.466878
2005,6,26,3,4,1076,149,26.7,.34893,2,0,0,149
2005,6,26,3,4,1076,150,7.4,.34893,2,0,0,150
2005,6,26,4,4,1076,1,213,.34893,2,1,0,1
2005,6,26,4,4,1076,33,37,.34893,2,1,0,43.466878
2005,6,26,4,4,1076,35,50,.34893,2,1,0,43.466878
2005,6,26,4,4,1076,36,47.1,.34893,2,1,0,43.466878
2005,6,26,4,4,1076,149,26.7,.34893,2,0,0,149
2005,6,26,4,4,1076,150,7.4,.34893,2,0,0,150
2005,6,26,5,4,1076,1,213,.34893,2,1,0,1
2005,6,26,5,4,1076,33,37,.34893,2,1,0,43.466878
2005,6,26,5,4,1076,35,50,.34893,2,1,0,43.466878
2005,6,26,5,4,1076,36,60,.34893,2,0,0,43.466878
2005,6,26,5,4,1076,149,26.7,.34893,2,0,0,149
2005,6,26,5,4,1076,150,7.4,.34893,2,0,0,150
2005,6,26,6,4,1076,1,213,.34893,2,1,0,1
2005,6,26,6,4,1076,33,37,.34893,2,1,0,43.466878
2005,6,26,6,4,1076,35,50,.34893,2,1,0,43.466878
2005,6,26,6,4,1076,36,60,.34893,2,0,0,43.466878
2005,6,26,6,4,1076,149,26.7,.34893,2,0,0,149
2005,6,26,6,4,1076,150,7.4,.34893,2,0,0,150
2005,6,26,7,4,1076,1,213,.34893,2,1,0,1
2005,6,26,7,4,1076,33,37,.34893,2,1,0,43.466878
2005,6,26,7,4,1076,35,50,.34893,2,0,0,43.466878
2005,6,26,7,4,1076,36,60,.34893,2,0,0,43.466878
2005,6,26,7,4,1076,149,26.7,.34893,2,0,0,149
2005,6,26,7,4,1076,150,7.4,.34893,2,0,0,150
2005,6,26,8,4,1076,1,213,.34893,2,1,0,1
2005,6,26,8,4,1076,33,19.4,.34893,2,1,0,43.466878
2005,6,26,8,4,1076,35,50,.34893,2,0,0,43.466878
2005,6,26,8,4,1076,36,60,.34893,2,0,0,43.466878
2005,6,26,8,4,1076,149,26.7,.34893,2,0,0,149
2005,6,26,8,4,1076,150,7.4,.34893,2,0,0,150
2005,6,26,9,4,1076,1,213,.34893,2,1,0,1
2005,6,26,9,4,1076,33,37,.34893,2,1,0,43.466878
2005,6,26,9,4,1076,35,50,.34893,2,0,0,43.466878
2005,6,26,9,4,1076,36,40,.34893,2,0,0,43.466878
2005,6,26,9,4,1076,149,46.7,.34893,2,0,0,149
2005,6,26,9,4,1076,150,7.4,.34893,2,0,0,150
2005,6,26,10,4,1076,1,213,.34893,2,1,0,1
2005,6,26,10,4,1076,33,37,.34893,2,1,0,43.466878
2005,6,26,10,4,1076,35,50,.34893,2,1,0,43.466878
2005,6,26,10,4,1076,36,40,.34893,2,0,0,43.466878
2005,6,26,10,4,1076,149,46.7,.34893,2,0,0,149
2005,6,26,10,4,1076,150,7.4,.34893,2,0,0,150
2005,6,26,11,4,1076,1,213,.34893,2,1,0,1
2005,6,26,11,4,1076,33,37,.34893,2,1,0,43.466878
2005,6,26,11,4,1076,35,50,.34893,2,1,0,43.466878
2005,6,26,11,4,1076,36,40,.34893,2,1,0,43.466878
2005,6,26,11,4,1076,149,46.7,.34893,2,0,0,149
2005,6,26,11,4,1076,150,7.4,.34893,2,0,0,150
2005,6,26,12,4,1076,1,213,.34893,2,1,0,1
2005,6,26,12,4,1076,33,37,.34893,2,1,0,43.466878
2005,6,26,12,4,1076,35,50,.34893,2,1,0,43.466878
2005,6,26,12,4,1076,36,40,.34893,2,1,0,43.466878
2005,6,26,12,4,1076,149,46.7,.34893,2,0,0,149
2005,6,26,12,4,1076,150,7.4,.34893,2,0,0,150
2005,6,26,13,4,1076,1,213,.34893,2,1,0,1
2005,6,26,13,4,1076,33,37,.34893,2,1,0,43.466878
2005,6,26,13,4,1076,35,50,.34893,2,1,0,43.466878
2005,6,26,13,4,1076,36,40,.34893,2,1,0,43.466878
2005,6,26,13,4,1076,149,46.7,.34893,2,0,0,149
2005,6,26,13,4,1076,150,7.4,.34893,2,0,0,150
2005,6,26,14,4,1076,1,213,.34893,2,1,0,1
2005,6,26,14,4,1076,33,37,.34893,2,1,0,43.466878
2005,6,26,14,4,1076,35,50,.34893,2,1,0,43.466878
2005,6,26,14,4,1076,36,40,.34893,2,1,0,43.466878
2005,6,26,14,4,1076,149,46.7,.34893,2,0,0,149
2005,6,26,14,4,1076,150,7.4,.34893,2,0,0,150
2005,6,26,15,4,1076,1,213,.34893,2,1,0,1
2005,6,26,15,4,1076,33,37,.34893,2,1,0,43.466878
2005,6,26,15,4,1076,35,50,.34893,2,1,0,43.466878
2005,6,26,15,4,1076,36,40,.34893,2,1,0,43.466878
2005,6,26,15,4,1076,149,46.7,.34893,2,0,0,149
2005,6,26,15,4,1076,150,7.4,.34893,2,0,0,150
2005,6,26,16,4,1076,1,213,.34893,2,1,0,1
2005,6,26,16,4,1076,33,37,.34893,2,1,0,43.466878
2005,6,26,16,4,1076,35,50,.34893,2,1,0,43.466878
2005,6,26,16,4,1076,36,40,.34893,2,1,0,43.466878
2005,6,26,16,4,1076,149,46.7,.34893,2,0,0,149
2005,6,26,16,4,1076,150,7.4,.34893,2,0,0,150
2005,6,26,17,4,1076,1,213,.34893,2,1,0,1
2005,6,26,17,4,1076,33,37,.34893,2,1,0,43.466878
2005,6,26,17,4,1076,35,50,.34893,2,1,0,43.466878
2005,6,26,17,4,1076,36,40,.34893,2,1,0,43.466878
2005,6,26,17,4,1076,149,46.7,.34893,2,0,0,149
2005,6,26,17,4,1076,150,7.4,.34893,2,0,0,150
2005,6,26,18,4,1076,1,213,.34893,2,1,0,1
2005,6,26,18,4,1076,33,37,.34893,2,1,0,43.466878
2005,6,26,18,4,1076,35,50,.34893,2,1,0,43.466878
2005,6,26,18,4,1076,36,40,.34893,2,1,0,43.466878
2005,6,26,18,4,1076,149,46.7,.34893,2,0,0,149
2005,6,26,18,4,1076,150,7.4,.34893,2,0,0,150
2005,6,26,19,4,1076,1,213,.34893,2,1,0,1
2005,6,26,19,4,1076,33,37,.34893,2,1,0,43.466878
2005,6,26,19,4,1076,35,50,.34893,2,1,0,43.466878
2005,6,26,19,4,1076,36,40,.34893,2,1,0,43.466878
2005,6,26,19,4,1076,149,46.7,.34893,2,0,0,149
2005,6,26,19,4,1076,150,7.4,.34893,2,0,0,150
2005,6,26,20,4,1076,1,213,.34893,2,1,0,1
2005,6,26,20,4,1076,33,37,.34893,2,1,0,43.466878
2005,6,26,20,4,1076,35,50,.34893,2,1,0,43.466878
2005,6,26,20,4,1076,36,40,.34893,2,1,0,43.466878
2005,6,26,20,4,1076,149,46.7,.34893,2,0,0,149
2005,6,26,20,4,1076,150,7.4,.34893,2,0,0,150
2005,6,26,21,4,1076,1,213,.34893,2,1,0,1
2005,6,26,21,4,1076,33,37,.34893,2,1,0,43.466878
2005,6,26,21,4,1076,35,50,.34893,2,1,0,43.466878
2005,6,26,21,4,1076,36,40,.34893,2,1,0,43.466878
2005,6,26,21,4,1076,149,46.7,.34893,2,0,0,149
2005,6,26,21,4,1076,150,7.4,.34893,2,0,0,150
2005,6,26,22,4,1076,1,213,.34893,2,1,0,1
2005,6,26,22,4,1076,33,37,.34893,2,1,0,43.466878
2005,6,26,22,4,1076,35,50,.34893,2,1,0,43.466878
2005,6,26,22,4,1076,36,60,.34893,2,1,0,43.466878
2005,6,26,22,4,1076,149,26.7,.34893,2,0,0,149
2005,6,26,22,4,1076,150,7.4,.34893,2,0,0,150
2005,6,26,23,4,1076,1,213,.34893,2,1,0,1
2005,6,26,23,4,1076,33,37,.34893,2,1,0,43.466878
2005,6,26,23,4,1076,35,50,.34893,2,1,0,43.466878
2005,6,26,23,4,1076,36,60,.34893,2,1,0,43.466878
2005,6,26,23,4,1076,149,26.7,.34893,2,0,0,149
2005,6,26,23,4,1076,150,7.4,.34893,2,0,0,150
2005,6,26,24,4,1076,1,213,.34893,2,1,0,1
2005,6,26,24,4,1076,33,37,.34893,2,1,0,43.466878
2005,6,26,24,4,1076,35,50,.34893,2,1,0,43.466878
2005,6,26,24,4,1076,36,60,.34893,2,1,0,43.466878
2005,6,26,24,4,1076,149,26.7,.34893,2,0,0,149
2005,6,26,24,4,1076,150,7.4,.34893,2,0,0,150
2005,6,26,1,4,1077,0,250,.34893,2,1,0,0
2005,6,26,1,4,1077,35.01,50,.34893,2,1,0,43.466878
2005,6,26,1,4,1077,36.01,60,.34893,2,1,0,43.466878
2005,6,26,1,4,1077,149,26.5,.34893,2,0,0,149
2005,6,26,1,4,1077,150,2.7,.34893,2,0,0,150
2005,6,26,2,4,1077,0,214,.34893,2,1,0,0
2005,6,26,2,4,1077,33.01,36,.34893,2,1,0,43.466878
2005,6,26,2,4,1077,35.01,50,.34893,2,1,0,43.466878
2005,6,26,2,4,1077,36.01,60,.34893,2,1,0,43.466878
2005,6,26,2,4,1077,149,26.5,.34893,2,0,0,149
2005,6,26,2,4,1077,150,2.7,.34893,2,0,0,150
2005,6,26,3,4,1077,0,213,.34893,2,1,0,0
2005,6,26,3,4,1077,33.01,37,.34893,2,1,0,43.466878
2005,6,26,3,4,1077,35.01,50,.34893,2,1,0,43.466878
2005,6,26,3,4,1077,36.01,60,.34893,2,1,0,43.466878
2005,6,26,3,4,1077,149,26.5,.34893,2,0,0,149
2005,6,26,3,4,1077,150,2.7,.34893,2,0,0,150
2005,6,26,4,4,1077,1.01,213,.34893,2,1,0,1.01
2005,6,26,4,4,1077,33.01,37,.34893,2,1,0,43.466878
2005,6,26,4,4,1077,35.01,50,.34893,2,1,0,43.466878
2005,6,26,4,4,1077,36.01,44.6,.34893,2,1,0,43.466878
2005,6,26,4,4,1077,149,26.5,.34893,2,0,0,149
2005,6,26,4,4,1077,150,2.7,.34893,2,0,0,150
2005,6,26,5,4,1077,1.01,213,.34893,2,1,0,1.01
2005,6,26,5,4,1077,33.01,37,.34893,2,1,0,43.466878
2005,6,26,5,4,1077,35.01,50,.34893,2,1,0,43.466878
2005,6,26,5,4,1077,36.01,60,.34893,2,0,0,43.466878
2005,6,26,5,4,1077,149,26.5,.34893,2,0,0,149
2005,6,26,5,4,1077,150,2.7,.34893,2,0,0,150
2005,6,26,6,4,1077,1.01,213,.34893,2,1,0,1.01
2005,6,26,6,4,1077,33.01,37,.34893,2,1,0,43.466878
2005,6,26,6,4,1077,35.01,50,.34893,2,1,0,43.466878
2005,6,26,6,4,1077,36.01,60,.34893,2,0,0,43.466878
2005,6,26,6,4,1077,149,26.5,.34893,2,0,0,149
2005,6,26,6,4,1077,150,2.7,.34893,2,0,0,150
2005,6,26,7,4,1077,1.01,213,.34893,2,1,0,1.01
2005,6,26,7,4,1077,33.01,37,.34893,2,1,0,43.466878
2005,6,26,7,4,1077,35.01,50,.34893,2,0,0,43.466878
2005,6,26,7,4,1077,36.01,60,.34893,2,0,0,43.466878
2005,6,26,7,4,1077,149,26.5,.34893,2,0,0,149
2005,6,26,7,4,1077,150,2.7,.34893,2,0,0,150
2005,6,26,8,4,1077,1.01,213,.34893,2,1,0,1.01
2005,6,26,8,4,1077,33.01,37,.34893,2,0,0,43.466878
2005,6,26,8,4,1077,35.01,50,.34893,2,0,0,43.466878
2005,6,26,8,4,1077,36.01,60,.34893,2,0,0,43.466878
2005,6,26,8,4,1077,149,26.5,.34893,2,0,0,149
2005,6,26,8,4,1077,150,2.7,.34893,2,0,0,150
2005,6,26,9,4,1077,1.01,213,.34893,2,1,0,1.01
2005,6,26,9,4,1077,33.01,37,.34893,2,1,0,43.466878
2005,6,26,9,4,1077,35.01,50,.34893,2,0,0,43.466878
2005,6,26,9,4,1077,36.01,50,.34893,2,0,0,43.466878
2005,6,26,9,4,1077,149,36.5,.34893,2,0,0,149
2005,6,26,9,4,1077,150,2.7,.34893,2,0,0,150
2005,6,26,10,4,1077,1.01,213,.34893,2,1,0,1.01
2005,6,26,10,4,1077,33.01,37,.34893,2,1,0,43.466878
2005,6,26,10,4,1077,35.01,34.1,.34893,2,1,0,43.466878
2005,6,26,10,4,1077,36.01,40,.34893,2,0,0,43.466878
2005,6,26,10,4,1077,149,46.5,.34893,2,0,0,149
2005,6,26,10,4,1077,150,2.7,.34893,2,0,0,150
2005,6,26,11,4,1077,1.01,213,.34893,2,1,0,1.01
2005,6,26,11,4,1077,33.01,37,.34893,2,1,0,43.466878
2005,6,26,11,4,1077,35.01,50,.34893,2,1,0,43.466878
2005,6,26,11,4,1077,36.01,36.7,.34893,2,1,0,43.466878
2005,6,26,11,4,1077,149,46.5,.34893,2,0,0,149
2005,6,26,11,4,1077,150,2.7,.34893,2,0,0,150
2005,6,26,12,4,1077,1.01,213,.34893,2,1,0,1.01
2005,6,26,12,4,1077,33.01,37,.34893,2,1,0,43.466878
2005,6,26,12,4,1077,35.01,50,.34893,2,1,0,43.466878
2005,6,26,12,4,1077,36.01,40,.34893,2,1,0,43.466878
2005,6,26,12,4,1077,149,46.5,.34893,2,0,0,149
2005,6,26,12,4,1077,150,2.7,.34893,2,0,0,150
2005,6,26,13,4,1077,1.01,213,.34893,2,1,0,1.01
2005,6,26,13,4,1077,33.01,37,.34893,2,1,0,43.466878
2005,6,26,13,4,1077,35.01,50,.34893,2,1,0,43.466878
2005,6,26,13,4,1077,36.01,40,.34893,2,1,0,43.466878
2005,6,26,13,4,1077,149,46.5,.34893,2,0,0,149
2005,6,26,13,4,1077,150,2.7,.34893,2,0,0,150
2005,6,26,14,4,1077,1.01,213,.34893,2,1,0,1.01
2005,6,26,14,4,1077,33.01,37,.34893,2,1,0,43.466878
2005,6,26,14,4,1077,35.01,50,.34893,2,1,0,43.466878
2005,6,26,14,4,1077,36.01,40,.34893,2,1,0,43.466878
2005,6,26,14,4,1077,149,46.5,.34893,2,0,0,149
2005,6,26,14,4,1077,150,2.7,.34893,2,0,0,150
2005,6,26,15,4,1077,1.01,213,.34893,2,1,0,1.01
2005,6,26,15,4,1077,33.01,37,.34893,2,1,0,43.466878
2005,6,26,15,4,1077,35.01,50,.34893,2,1,0,43.466878
2005,6,26,15,4,1077,36.01,40,.34893,2,1,0,43.466878
2005,6,26,15,4,1077,149,46.5,.34893,2,0,0,149
2005,6,26,15,4,1077,150,2.7,.34893,2,0,0,150
2005,6,26,16,4,1077,1.01,213,.34893,2,1,0,1.01
2005,6,26,16,4,1077,33.01,37,.34893,2,1,0,43.466878
2005,6,26,16,4,1077,35.01,50,.34893,2,1,0,43.466878
2005,6,26,16,4,1077,36.01,40,.34893,2,1,0,43.466878
2005,6,26,16,4,1077,149,46.5,.34893,2,0,0,149
2005,6,26,16,4,1077,150,2.7,.34893,2,0,0,150
2005,6,26,17,4,1077,1.01,213,.34893,2,1,0,1.01
2005,6,26,17,4,1077,33.01,37,.34893,2,1,0,43.466878
2005,6,26,17,4,1077,35.01,50,.34893,2,1,0,43.466878
2005,6,26,17,4,1077,36.01,40,.34893,2,1,0,43.466878
2005,6,26,17,4,1077,149,46.5,.34893,2,0,0,149
2005,6,26,17,4,1077,150,2.7,.34893,2,0,0,150
2005,6,26,18,4,1077,1.01,213,.34893,2,1,0,1.01
2005,6,26,18,4,1077,33.01,37,.34893,2,1,0,43.466878
2005,6,26,18,4,1077,35.01,50,.34893,2,1,0,43.466878
2005,6,26,18,4,1077,36.01,40,.34893,2,1,0,43.466878
2005,6,26,18,4,1077,149,46.5,.34893,2,0,0,149
2005,6,26,18,4,1077,150,2.7,.34893,2,0,0,150
2005,6,26,19,4,1077,1.01,213,.34893,2,1,0,1.01
2005,6,26,19,4,1077,33.01,37,.34893,2,1,0,43.466878
2005,6,26,19,4,1077,35.01,50,.34893,2,1,0,43.466878
2005,6,26,19,4,1077,36.01,40,.34893,2,1,0,43.466878
2005,6,26,19,4,1077,149,46.5,.34893,2,0,0,149
2005,6,26,19,4,1077,150,2.7,.34893,2,0,0,150
2005,6,26,20,4,1077,1.01,213,.34893,2,1,0,1.01
2005,6,26,20,4,1077,33.01,37,.34893,2,1,0,43.466878
2005,6,26,20,4,1077,35.01,50,.34893,2,1,0,43.466878
2005,6,26,20,4,1077,36.01,50,.34893,2,1,0,43.466878
2005,6,26,20,4,1077,149,36.5,.34893,2,0,0,149
2005,6,26,20,4,1077,150,2.7,.34893,2,0,0,150
2005,6,26,21,4,1077,1.01,213,.34893,2,1,0,1.01
2005,6,26,21,4,1077,33.01,37,.34893,2,1,0,43.466878
2005,6,26,21,4,1077,35.01,50,.34893,2,1,0,43.466878
2005,6,26,21,4,1077,36.01,50,.34893,2,1,0,43.466878
2005,6,26,21,4,1077,149,36.5,.34893,2,0,0,149
2005,6,26,21,4,1077,150,2.7,.34893,2,0,0,150
2005,6,26,22,4,1077,1.01,213,.34893,2,1,0,1.01
2005,6,26,22,4,1077,33.01,37,.34893,2,1,0,43.466878
2005,6,26,22,4,1077,35.01,50,.34893,2,1,0,43.466878
2005,6,26,22,4,1077,36.01,60,.34893,2,1,0,43.466878
2005,6,26,22,4,1077,149,26.5,.34893,2,0,0,149
2005,6,26,22,4,1077,150,2.7,.34893,2,0,0,150
2005,6,26,23,4,1077,1.01,213,.34893,2,1,0,1.01
2005,6,26,23,4,1077,33.01,37,.34893,2,1,0,43.466878
2005,6,26,23,4,1077,35.01,50,.34893,2,1,0,43.466878
2005,6,26,23,4,1077,36.01,60,.34893,2,1,0,43.466878
2005,6,26,23,4,1077,149,26.5,.34893,2,0,0,149
2005,6,26,23,4,1077,150,2.7,.34893,2,0,0,150
2005,6,26,24,4,1077,1.01,213,.34893,2,1,0,1.01
2005,6,26,24,4,1077,33.01,37,.34893,2,1,0,43.466878
2005,6,26,24,4,1077,35.01,50,.34893,2,1,0,43.466878
2005,6,26,24,4,1077,36.01,60,.34893,2,1,0,43.466878
2005,6,26,24,4,1077,149,26.5,.34893,2,0,0,149
2005,6,26,24,4,1077,150,2.7,.34893,2,0,0,150
2005,6,26,1,4,1078,1,213,.34893,2,1,0,1
2005,6,26,1,4,1078,33,37,.34893,2,1,0,43.182343
2005,6,26,1,4,1078,35,50,.34893,2,1,0,43.182343
2005,6,26,1,4,1078,37.03,70,.34893,2,1,0,43.182343
2005,6,26,1,4,1078,149,14,.34893,2,0,0,149
2005,6,26,2,4,1078,1,213,.34893,2,1,0,1
2005,6,26,2,4,1078,33,37,.34893,2,1,0,43.182343
2005,6,26,2,4,1078,35,50,.34893,2,1,0,43.182343
2005,6,26,2,4,1078,37.03,70,.34893,2,1,0,43.182343
2005,6,26,2,4,1078,149,14,.34893,2,0,0,149
2005,6,26,3,4,1078,1,213,.34893,2,1,0,1
2005,6,26,3,4,1078,33,37,.34893,2,1,0,43.182343
2005,6,26,3,4,1078,35,50,.34893,2,1,0,43.182343
2005,6,26,3,4,1078,37.03,70,.34893,2,1,0,43.182343
2005,6,26,3,4,1078,149,14,.34893,2,0,0,149
2005,6,26,4,4,1078,1,213,.34893,2,1,0,1
2005,6,26,4,4,1078,33,37,.34893,2,1,0,43.182343
2005,6,26,4,4,1078,35,50,.34893,2,1,0,43.182343
2005,6,26,4,4,1078,37.03,70,.34893,2,0,0,43.182343
2005,6,26,4,4,1078,149,14,.34893,2,0,0,149
2005,6,26,5,4,1078,1,213,.34893,2,1,0,1
2005,6,26,5,4,1078,33,37,.34893,2,1,0,43.182343
2005,6,26,5,4,1078,35,50,.34893,2,1,0,43.182343
2005,6,26,5,4,1078,37.03,70,.34893,2,0,0,43.182343
2005,6,26,5,4,1078,149,14,.34893,2,0,0,149
2005,6,26,6,4,1078,1,213,.34893,2,1,0,1
2005,6,26,6,4,1078,33,37,.34893,2,1,0,43.182343
2005,6,26,6,4,1078,35,50,.34893,2,1,0,43.182343
2005,6,26,6,4,1078,37.03,70,.34893,2,0,0,43.182343
2005,6,26,6,4,1078,149,14,.34893,2,0,0,149
2005,6,26,7,4,1078,1,213,.34893,2,1,0,1
2005,6,26,7,4,1078,33,37,.34893,2,1,0,43.182343
2005,6,26,7,4,1078,35,50,.34893,2,0,0,43.182343
2005,6,26,7,4,1078,37.03,50,.34893,2,0,0,43.182343
2005,6,26,7,4,1078,149,34,.34893,2,0,0,149
2005,6,26,8,4,1078,1,213,.34893,2,1,0,1
2005,6,26,8,4,1078,33,19.4,.34893,2,1,0,43.182343
2005,6,26,8,4,1078,35,50,.34893,2,0,0,43.182343
2005,6,26,8,4,1078,37.03,50,.34893,2,0,0,43.182343
2005,6,26,8,4,1078,149,34,.34893,2,0,0,149
2005,6,26,9,4,1078,1,213,.34893,2,1,0,1
2005,6,26,9,4,1078,33,37,.34893,2,1,0,43.182343
2005,6,26,9,4,1078,35,50,.34893,2,0,0,43.182343
2005,6,26,9,4,1078,37.03,50,.34893,2,0,0,43.182343
2005,6,26,9,4,1078,149,34,.34893,2,0,0,149
2005,6,26,10,4,1078,1,213,.34893,2,1,0,1
2005,6,26,10,4,1078,33,37,.34893,2,1,0,43.182343
2005,6,26,10,4,1078,35,50,.34893,2,1,0,43.182343
2005,6,26,10,4,1078,37.03,50,.34893,2,0,0,43.182343
2005,6,26,10,4,1078,149,34,.34893,2,0,0,149
2005,6,26,11,4,1078,1,213,.34893,2,1,0,1
2005,6,26,11,4,1078,33,37,.34893,2,1,0,43.182343
2005,6,26,11,4,1078,35,50,.34893,2,1,0,43.182343
2005,6,26,11,4,1078,37.03,50,.34893,2,1,0,43.182343
2005,6,26,11,4,1078,149,34,.34893,2,0,0,149
2005,6,26,12,4,1078,1,213,.34893,2,1,0,1
2005,6,26,12,4,1078,33,37,.34893,2,1,0,43.182343
2005,6,26,12,4,1078,35,50,.34893,2,1,0,43.182343
2005,6,26,12,4,1078,37.03,50,.34893,2,1,0,43.182343
2005,6,26,12,4,1078,149,34,.34893,2,0,0,149
2005,6,26,13,4,1078,1,213,.34893,2,1,0,1
2005,6,26,13,4,1078,33,37,.34893,2,1,0,43.182343
2005,6,26,13,4,1078,35,50,.34893,2,1,0,43.182343
2005,6,26,13,4,1078,37.03,50,.34893,2,1,0,43.182343
2005,6,26,13,4,1078,149,34,.34893,2,0,0,149
2005,6,26,14,4,1078,1,213,.34893,2,1,0,1
2005,6,26,14,4,1078,33,37,.34893,2,1,0,43.182343
2005,6,26,14,4,1078,35,50,.34893,2,1,0,43.182343
2005,6,26,14,4,1078,37.03,50,.34893,2,1,0,43.182343
2005,6,26,14,4,1078,149,34,.34893,2,0,0,149
2005,6,26,15,4,1078,1,213,.34893,2,1,0,1
2005,6,26,15,4,1078,33,37,.34893,2,1,0,43.182343
2005,6,26,15,4,1078,35,50,.34893,2,1,0,43.182343
2005,6,26,15,4,1078,37.03,50,.34893,2,1,0,43.182343
2005,6,26,15,4,1078,149,34,.34893,2,0,0,149
2005,6,26,16,4,1078,1,213,.34893,2,1,0,1
2005,6,26,16,4,1078,33,37,.34893,2,1,0,43.182343
2005,6,26,16,4,1078,35,50,.34893,2,1,0,43.182343
2005,6,26,16,4,1078,37.03,50,.34893,2,1,0,43.182343
2005,6,26,16,4,1078,149,34,.34893,2,0,0,149
2005,6,26,17,4,1078,1,213,.34893,2,1,0,1
2005,6,26,17,4,1078,33,37,.34893,2,1,0,43.182343
2005,6,26,17,4,1078,35,50,.34893,2,1,0,43.182343
2005,6,26,17,4,1078,37.03,50,.34893,2,1,0,43.182343
2005,6,26,17,4,1078,149,34,.34893,2,0,0,149
2005,6,26,18,4,1078,1,213,.34893,2,1,0,1
2005,6,26,18,4,1078,33,37,.34893,2,1,0,43.182343
2005,6,26,18,4,1078,35,50,.34893,2,1,0,43.182343
2005,6,26,18,4,1078,37.03,50,.34893,2,1,0,43.182343
2005,6,26,18,4,1078,149,34,.34893,2,0,0,149
2005,6,26,19,4,1078,1,213,.34893,2,1,0,1
2005,6,26,19,4,1078,33,37,.34893,2,1,0,43.182343
2005,6,26,19,4,1078,35,50,.34893,2,1,0,43.182343
2005,6,26,19,4,1078,37.03,50,.34893,2,1,0,43.182343
2005,6,26,19,4,1078,149,34,.34893,2,0,0,149
2005,6,26,20,4,1078,1,213,.34893,2,1,0,1
2005,6,26,20,4,1078,33,37,.34893,2,1,0,43.182343
2005,6,26,20,4,1078,35,50,.34893,2,1,0,43.182343
2005,6,26,20,4,1078,37.03,50,.34893,2,1,0,43.182343
2005,6,26,20,4,1078,149,34,.34893,2,0,0,149
2005,6,26,21,4,1078,1,213,.34893,2,1,0,1
2005,6,26,21,4,1078,33,37,.34893,2,1,0,43.182343
2005,6,26,21,4,1078,35,50,.34893,2,1,0,43.182343
2005,6,26,21,4,1078,37.03,60,.34893,2,1,0,43.182343
2005,6,26,21,4,1078,149,24,.34893,2,0,0,149
2005,6,26,22,4,1078,1,213,.34893,2,1,0,1
2005,6,26,22,4,1078,33,37,.34893,2,1,0,43.182343
2005,6,26,22,4,1078,35,50,.34893,2,1,0,43.182343
2005,6,26,22,4,1078,37.03,70,.34893,2,1,0,43.182343
2005,6,26,22,4,1078,149,14,.34893,2,0,0,149
2005,6,26,23,4,1078,1,213,.34893,2,1,0,1
2005,6,26,23,4,1078,33,37,.34893,2,1,0,43.182343
2005,6,26,23,4,1078,35,50,.34893,2,1,0,43.182343
2005,6,26,23,4,1078,37.03,70,.34893,2,1,0,43.182343
2005,6,26,23,4,1078,149,14,.34893,2,0,0,149
2005,6,26,24,4,1078,1,213,.34893,2,1,0,1
2005,6,26,24,4,1078,33,37,.34893,2,1,0,43.182343
2005,6,26,24,4,1078,35,50,.34893,2,1,0,43.182343
2005,6,26,24,4,1078,37.03,70,.34893,2,1,0,43.182343
2005,6,26,24,4,1078,149,14,.34893,2,0,0,149
2005,6,26,1,9,191,0,7,0,2,1,0,0
2005,6,26,2,9,191,0,6.9,0,2,1,0,0
2005,6,26,3,9,191,0,6.6,0,2,1,0,0
2005,6,26,4,9,191,0,6.6,0,2,1,0,0
2005,6,26,5,9,191,0,6.5,0,2,1,0,0
2005,6,26,6,9,191,0,6.6,0,2,1,0,0
2005,6,26,7,9,191,0,7,0,2,1,0,0
2005,6,26,8,9,191,0,7.4,0,2,1,0,0
2005,6,26,9,9,191,0,7.9,0,2,1,0,0
2005,6,26,10,9,191,0,7.9,0,2,1,0,0
2005,6,26,11,9,191,0,7.4,0,2,1,0,0
2005,6,26,12,9,191,0,6,0,2,1,0,0
2005,6,26,13,9,191,0,4.5,0,2,1,0,0
2005,6,26,14,9,191,0,3.5,0,2,1,0,0
2005,6,26,15,9,191,0,3.9,0,2,1,0,0
2005,6,26,16,9,191,0,4.1,0,2,1,0,0
2005,6,26,17,9,191,0,4.6,0,2,1,0,0
2005,6,26,18,9,191,0,5.3,0,2,1,0,0
2005,6,26,19,9,191,0,5.6,0,2,1,0,0
2005,6,26,20,9,191,0,5.8,0,2,1,0,0
2005,6,26,21,9,191,0,6,0,2,1,0,0
2005,6,26,22,9,191,0,6.1,0,2,1,0,0
2005,6,26,23,9,191,0,6.4,0,2,1,0,0
2005,6,26,24,9,191,0,6.9,0,2,1,0,0
2005,6,26,1,1,1079,.01,100,.964599,2,1,0,.01
2005,6,26,1,1,1079,42.01,44,.964599,2,1,0,43.888129
2005,6,26,1,1,1079,42.45,30,.964599,2,1,0,43.888129
2005,6,26,1,1,1079,42.89,34.3,.964599,2,1,0,43.888129
2005,6,26,2,1,1079,.01,100,.964599,2,1,0,.01
2005,6,26,2,1,1079,42.01,44,.964599,2,0,0,43.888129
2005,6,26,2,1,1079,42.45,30,.964599,2,0,0,43.888129
2005,6,26,2,1,1079,42.89,34.3,.964599,2,0,0,43.888129
2005,6,26,3,1,1079,.01,100,.964599,2,1,0,.01
2005,6,26,3,1,1079,42.01,44,.964599,2,0,0,43.888129
2005,6,26,3,1,1079,42.45,30,.964599,2,0,0,43.888129
2005,6,26,3,1,1079,42.89,34.3,.964599,2,0,0,43.888129
2005,6,26,4,1,1079,.01,100,.964599,2,1,0,.01
2005,6,26,4,1,1079,42.01,44,.964599,2,0,0,43.888129
2005,6,26,4,1,1079,42.45,30,.964599,2,0,0,43.888129
2005,6,26,4,1,1079,42.89,34.3,.964599,2,0,0,43.888129
2005,6,26,5,1,1079,.01,100,.964599,2,1,0,.01
2005,6,26,5,1,1079,42.01,44,.964599,2,0,0,43.888129
2005,6,26,5,1,1079,42.45,30,.964599,2,0,0,43.888129
2005,6,26,5,1,1079,42.89,34.3,.964599,2,0,0,43.888129
2005,6,26,6,1,1079,.01,100,.964599,2,1,0,.01
2005,6,26,6,1,1079,42.01,44,.964599,2,0,0,43.888129
2005,6,26,6,1,1079,42.45,30,.964599,2,0,0,43.888129
2005,6,26,6,1,1079,42.89,34.3,.964599,2,0,0,43.888129
2005,6,26,7,1,1079,.01,100,.964599,2,1,0,.01
2005,6,26,7,1,1079,42.01,44,.964599,2,0,0,43.888129
2005,6,26,7,1,1079,42.45,30,.964599,2,0,0,43.888129
2005,6,26,7,1,1079,42.89,34.3,.964599,2,0,0,43.888129
2005,6,26,8,1,1079,.01,100,.964599,2,1,0,.01
2005,6,26,8,1,1079,42.01,44,.964599,2,0,0,43.888129
2005,6,26,8,1,1079,42.45,30,.964599,2,0,0,43.888129
2005,6,26,8,1,1079,42.89,34.3,.964599,2,0,0,43.888129
2005,6,26,9,1,1079,.01,100,.964599,2,1,0,.01
2005,6,26,9,1,1079,42.01,44,.964599,2,0,0,43.888129
2005,6,26,9,1,1079,42.45,30,.964599,2,0,0,43.888129
2005,6,26,9,1,1079,42.89,34.3,.964599,2,0,0,43.888129
2005,6,26,10,1,1079,0,100,.964599,2,1,0,0
2005,6,26,10,1,1079,42.01,44,.964599,2,0,0,43.888129
2005,6,26,10,1,1079,42.45,30,.964599,2,0,0,43.888129
2005,6,26,10,1,1079,42.89,34.3,.964599,2,0,0,43.888129
2005,6,26,11,1,1079,0,100,.964599,2,1,0,0
2005,6,26,11,1,1079,42.01,44,.964599,2,0,0,43.888129
2005,6,26,11,1,1079,42.45,30,.964599,2,0,0,43.888129
2005,6,26,11,1,1079,42.89,34.3,.964599,2,0,0,43.888129
2005,6,26,12,1,1079,0,100,.964599,2,1,0,0
2005,6,26,12,1,1079,42.01,44,.964599,2,0,0,43.888129
2005,6,26,12,1,1079,42.45,30,.964599,2,0,0,43.888129
2005,6,26,12,1,1079,42.89,34.3,.964599,2,0,0,43.888129
2005,6,26,13,1,1079,0,100,.964599,2,1,0,0
2005,6,26,13,1,1079,42.01,44,.964599,2,1,0,43.888129
2005,6,26,13,1,1079,42.45,30,.964599,2,1,0,43.888129
2005,6,26,13,1,1079,42.89,34.3,.964599,2,1,0,43.888129
2005,6,26,14,1,1079,0,100,.964599,2,1,0,0
2005,6,26,14,1,1079,42.01,44,.964599,2,1,0,43.888129
2005,6,26,14,1,1079,42.45,30,.964599,2,1,0,43.888129
2005,6,26,14,1,1079,42.89,34.3,.964599,2,1,0,43.888129
2005,6,26,15,1,1079,0,100,.964599,2,1,0,0
2005,6,26,15,1,1079,42.01,44,.964599,2,1,0,43.888129
2005,6,26,15,1,1079,42.45,30,.964599,2,1,0,43.888129
2005,6,26,15,1,1079,42.89,34.3,.964599,2,1,0,43.888129
2005,6,26,16,1,1079,0,100,.964599,2,1,0,0
2005,6,26,16,1,1079,42.01,44,.964599,2,1,0,43.888129
2005,6,26,16,1,1079,42.45,30,.964599,2,1,0,43.888129
2005,6,26,16,1,1079,42.89,34.3,.964599,2,0,0,43.888129
2005,6,26,17,1,1079,0,100,.964599,2,1,0,0
2005,6,26,17,1,1079,42.01,44,.964599,2,0,0,43.888129
2005,6,26,17,1,1079,42.45,30,.964599,2,0,0,43.888129
2005,6,26,17,1,1079,42.89,34.3,.964599,2,0,0,43.888129
2005,6,26,18,1,1079,0,100,.964599,2,1,0,0
2005,6,26,18,1,1079,42.01,44,.964599,2,0,0,43.888129
2005,6,26,18,1,1079,42.45,30,.964599,2,0,0,43.888129
2005,6,26,18,1,1079,42.89,34.3,.964599,2,0,0,43.888129
2005,6,26,19,1,1079,0,100,.964599,2,1,0,0
2005,6,26,19,1,1079,42.01,44,.964599,2,0,0,43.888129
2005,6,26,19,1,1079,42.45,30,.964599,2,0,0,43.888129
2005,6,26,19,1,1079,42.89,34.3,.964599,2,0,0,43.888129
2005,6,26,20,1,1079,0,100,.964599,2,1,0,0
2005,6,26,20,1,1079,42.01,44,.964599,2,0,0,43.888129
2005,6,26,20,1,1079,42.45,30,.964599,2,0,0,43.888129
2005,6,26,20,1,1079,42.89,34.3,.964599,2,0,0,43.888129
2005,6,26,21,1,1079,0,100,.964599,2,1,0,0
2005,6,26,21,1,1079,42.01,44,.964599,2,0,0,43.888129
2005,6,26,21,1,1079,42.45,30,.964599,2,0,0,43.888129
2005,6,26,21,1,1079,42.89,34.3,.964599,2,0,0,43.888129
2005,6,26,22,1,1079,.01,100,.964599,2,1,0,.01
2005,6,26,22,1,1079,42.01,44,.964599,2,1,0,43.888129
2005,6,26,22,1,1079,42.45,30,.964599,2,1,0,43.888129
2005,6,26,22,1,1079,42.89,34.3,.964599,2,0,0,43.888129
2005,6,26,23,1,1079,.01,100,.964599,2,1,0,.01
2005,6,26,23,1,1079,42.01,44,.964599,2,1,0,43.888129
2005,6,26,23,1,1079,42.45,30,.964599,2,1,0,43.888129
2005,6,26,23,1,1079,42.89,34.3,.964599,2,1,0,43.888129
2005,6,26,24,1,1079,.01,100,.964599,2,1,0,.01
2005,6,26,24,1,1079,42.01,44,.964599,2,1,0,43.888129
2005,6,26,24,1,1079,42.45,30,.964599,2,1,0,43.888129
2005,6,26,24,1,1079,42.89,34.3,.964599,2,1,0,43.888129
2005,6,26,1,9,193,0,10.1,0,2,1,0,0
2005,6,26,2,9,193,0,10,0,2,1,0,0
2005,6,26,3,9,193,0,6.9,0,2,1,0,0
2005,6,26,4,9,193,0,6.9,0,2,1,0,0
2005,6,26,5,9,193,0,7,0,2,1,0,0
2005,6,26,6,9,193,0,7.5,0,2,1,0,0
2005,6,26,7,9,193,0,8.2,0,2,1,0,0
2005,6,26,8,9,193,0,8.5,0,2,1,0,0
2005,6,26,9,9,193,0,8.6,0,2,1,0,0
2005,6,26,10,9,193,0,8.3,0,2,1,0,0
2005,6,26,11,9,193,0,8.2,0,2,1,0,0
2005,6,26,12,9,193,0,8.7,0,2,1,0,0
2005,6,26,13,9,193,0,9.2,0,2,1,0,0
2005,6,26,14,9,193,0,9,0,2,1,0,0
2005,6,26,15,9,193,0,8.8,0,2,1,0,0
2005,6,26,16,9,193,0,8.9,0,2,1,0,0
2005,6,26,17,9,193,0,8.8,0,2,1,0,0
2005,6,26,18,9,193,0,8.8,0,2,1,0,0
2005,6,26,19,9,193,0,8.9,0,2,1,0,0
2005,6,26,20,9,193,0,8.9,0,2,1,0,0
2005,6,26,21,9,193,0,8.5,0,2,1,0,0
2005,6,26,22,9,193,0,9.9,0,2,1,0,0
2005,6,26,23,9,193,0,9.7,0,2,1,0,0
2005,6,26,24,9,193,0,9.6,0,2,1,0,0
2005,6,26,1,9,194,0,17,0,2,1,0,0
2005,6,26,1,9,194,180.3,2.4,0,2,0,0,180.3
2005,6,26,2,9,194,0,17,0,2,1,0,0
2005,6,26,2,9,194,180.3,2.4,0,2,0,0,180.3
2005,6,26,3,9,194,0,17,0,2,1,0,0
2005,6,26,3,9,194,180.3,2.4,0,2,0,0,180.3
2005,6,26,4,9,194,0,17,0,2,1,0,0
2005,6,26,4,9,194,180.3,2.4,0,2,0,0,180.3
2005,6,26,5,9,194,0,17,0,2,1,0,0
2005,6,26,5,9,194,180.3,2.4,0,2,0,0,180.3
2005,6,26,6,9,194,0,17,0,2,1,0,0
2005,6,26,6,9,194,180.3,2.4,0,2,0,0,180.3
2005,6,26,7,9,194,0,17,0,2,1,0,0
2005,6,26,7,9,194,180.3,2.4,0,2,0,0,180.3
2005,6,26,8,9,194,0,17,0,2,1,0,0
2005,6,26,8,9,194,180.3,2.4,0,2,0,0,180.3
2005,6,26,9,9,194,0,17,0,2,1,0,0
2005,6,26,9,9,194,180.3,2.4,0,2,0,0,180.3
2005,6,26,10,9,194,0,17,0,2,1,0,0
2005,6,26,10,9,194,180.3,2.4,0,2,0,0,180.3
2005,6,26,11,9,194,0,17,0,2,1,0,0
2005,6,26,11,9,194,180.3,2.4,0,2,0,0,180.3
2005,6,26,12,9,194,0,17,0,2,1,0,0
2005,6,26,12,9,194,180.3,2.4,0,2,0,0,180.3
2005,6,26,13,9,194,0,17,0,2,1,0,0
2005,6,26,13,9,194,180.3,2.4,0,2,0,0,180.3
2005,6,26,14,9,194,0,17,0,2,1,0,0
2005,6,26,14,9,194,180.3,2.4,0,2,0,0,180.3
2005,6,26,15,9,194,0,17,0,2,1,0,0
2005,6,26,15,9,194,180.3,2.4,0,2,0,0,180.3
2005,6,26,16,9,194,0,17,0,2,1,0,0
2005,6,26,16,9,194,180.3,2.4,0,2,0,0,180.3
2005,6,26,17,9,194,0,17,0,2,1,0,0
2005,6,26,17,9,194,180.3,2.4,0,2,0,0,180.3
2005,6,26,18,9,194,0,17,0,2,1,0,0
2005,6,26,18,9,194,180.3,2.4,0,2,0,0,180.3
2005,6,26,19,9,194,0,17,0,2,1,0,0
2005,6,26,19,9,194,180.3,2.4,0,2,0,0,180.3
2005,6,26,20,9,194,0,17,0,2,1,0,0
2005,6,26,20,9,194,180.3,2.4,0,2,0,0,180.3
2005,6,26,21,9,194,0,17,0,2,1,0,0
2005,6,26,21,9,194,180.3,2.4,0,2,0,0,180.3
2005,6,26,22,9,194,0,17,0,2,1,0,0
2005,6,26,22,9,194,180.3,2.4,0,2,0,0,180.3
2005,6,26,23,9,194,0,17,0,2,1,0,0
2005,6,26,23,9,194,180.3,2.4,0,2,0,0,180.3
2005,6,26,24,9,194,0,17,0,2,1,0,0
2005,6,26,24,9,194,180.3,2.4,0,2,0,0,180.3
2005,6,26,1,2,1083,0,235,.933653,2,1,0,0
2005,6,26,1,2,1083,14.54,106,.933653,2,1,0,44.151393
2005,6,26,1,2,1083,151.02,10.1,.933653,2,0,0,151.02
2005,6,26,2,2,1083,0,235,.933653,2,1,0,0
2005,6,26,2,2,1083,14.54,106,.933653,2,1,0,44.151393
2005,6,26,2,2,1083,151.02,10.1,.933653,2,0,0,151.02
2005,6,26,3,2,1083,0,235,.933653,2,1,0,0
2005,6,26,3,2,1083,14.54,106,.933653,2,1,0,44.151393
2005,6,26,3,2,1083,151.02,10.1,.933653,2,0,0,151.02
2005,6,26,4,2,1083,0,235,.933653,2,1,0,0
2005,6,26,4,2,1083,14.54,106,.933653,2,1,0,44.151393
2005,6,26,4,2,1083,151.02,10.1,.933653,2,0,0,151.02
2005,6,26,5,2,1083,0,235,.933653,2,1,0,0
2005,6,26,5,2,1083,14.54,106,.933653,2,1,0,44.151393
2005,6,26,5,2,1083,151.02,10.1,.933653,2,0,0,151.02
2005,6,26,6,2,1083,0,235,.933653,2,1,0,0
2005,6,26,6,2,1083,14.54,106,.933653,2,1,0,44.151393
2005,6,26,6,2,1083,151.02,10.1,.933653,2,0,0,151.02
2005,6,26,7,2,1083,0,235,.933653,2,1,0,0
2005,6,26,7,2,1083,14.54,106,.933653,2,1,0,44.151393
2005,6,26,7,2,1083,151.02,10.1,.933653,2,0,0,151.02
2005,6,26,8,2,1083,0,235,.933653,2,1,0,0
2005,6,26,8,2,1083,30.2,15.1,.933653,2,1,0,44.151393
2005,6,26,8,2,1083,30.43,15.1,.933653,2,1,0,44.151393
2005,6,26,8,2,1083,30.66,15.1,.933653,2,1,0,44.151393
2005,6,26,8,2,1083,30.89,15.1,.933653,2,1,0,44.151393
2005,6,26,8,2,1083,31.12,15.1,.933653,2,1,0,44.151393
2005,6,26,8,2,1083,31.35,15.1,.933653,2,1,0,44.151393
2005,6,26,8,2,1083,31.58,15.4,.933653,2,1,0,44.151393
2005,6,26,8,2,1083,151.08,10.1,.933653,2,0,0,151.08
2005,6,26,9,2,1083,0,235,.933653,2,1,0,0
2005,6,26,9,2,1083,14.54,106,.933653,2,1,0,44.151393
2005,6,26,9,2,1083,151.02,10.1,.933653,2,0,0,151.02
2005,6,26,10,2,1083,0,235,.933653,2,1,0,0
2005,6,26,10,2,1083,14.54,106,.933653,2,1,0,44.151393
2005,6,26,10,2,1083,151.02,10.1,.933653,2,0,0,151.02
2005,6,26,11,2,1083,0,235,.933653,2,1,0,0
2005,6,26,11,2,1083,14.54,106,.933653,2,1,0,44.151393
2005,6,26,11,2,1083,151.02,10.1,.933653,2,0,0,151.02
2005,6,26,12,2,1083,0,235,.933653,2,1,0,0
2005,6,26,12,2,1083,14.54,106,.933653,2,1,0,44.151393
2005,6,26,12,2,1083,151.02,10.1,.933653,2,0,0,151.02
2005,6,26,13,2,1083,0,235,.933653,2,1,0,0
2005,6,26,13,2,1083,14.54,106,.933653,2,1,0,44.151393
2005,6,26,13,2,1083,151.02,10.1,.933653,2,0,0,151.02
2005,6,26,14,2,1083,0,235,.933653,2,1,0,0
2005,6,26,14,2,1083,14.54,106,.933653,2,1,0,44.151393
2005,6,26,14,2,1083,151.02,10.1,.933653,2,0,0,151.02
2005,6,26,15,2,1083,0,235,.933653,2,1,0,0
2005,6,26,15,2,1083,14.54,106,.933653,2,1,0,44.151393
2005,6,26,15,2,1083,151.02,10.1,.933653,2,0,0,151.02
2005,6,26,16,2,1083,0,235,.933653,2,1,0,0
2005,6,26,16,2,1083,14.54,106,.933653,2,1,0,44.151393
2005,6,26,16,2,1083,151.02,10.1,.933653,2,0,0,151.02
2005,6,26,17,2,1083,0,235,.933653,2,1,0,0
2005,6,26,17,2,1083,14.54,106,.933653,2,1,0,44.151393
2005,6,26,17,2,1083,151.02,10.1,.933653,2,0,0,151.02
2005,6,26,18,2,1083,0,235,.933653,2,1,0,0
2005,6,26,18,2,1083,14.54,106,.933653,2,1,0,44.151393
2005,6,26,18,2,1083,151.02,10.1,.933653,2,0,0,151.02
2005,6,26,19,2,1083,0,235,.933653,2,1,0,0
2005,6,26,19,2,1083,14.54,106,.933653,2,1,0,44.151393
2005,6,26,19,2,1083,151.02,10.1,.933653,2,0,0,151.02
2005,6,26,20,2,1083,0,235,.933653,2,1,0,0
2005,6,26,20,2,1083,14.54,106,.933653,2,1,0,44.151393
2005,6,26,20,2,1083,151.02,10.1,.933653,2,0,0,151.02
2005,6,26,21,2,1083,0,235,.933653,2,1,0,0
2005,6,26,21,2,1083,14.54,106,.933653,2,1,0,44.151393
2005,6,26,21,2,1083,151.02,10.1,.933653,2,0,0,151.02
2005,6,26,22,2,1083,0,235,.933653,2,1,0,0
2005,6,26,22,2,1083,14.54,106,.933653,2,1,0,44.151393
2005,6,26,22,2,1083,151.02,10.1,.933653,2,0,0,151.02
2005,6,26,23,2,1083,0,235,.933653,2,1,0,0
2005,6,26,23,2,1083,14.54,106,.933653,2,1,0,44.151393
2005,6,26,23,2,1083,151.02,10.1,.933653,2,0,0,151.02
2005,6,26,24,2,1083,0,235,.933653,2,1,0,0
2005,6,26,24,2,1083,14.54,106,.933653,2,1,0,44.151393
2005,6,26,24,2,1083,151.02,10.1,.933653,2,0,0,151.02
2005,6,26,1,2,1084,0,235,.933653,2,1,0,0
2005,6,26,1,2,1084,14.55,106,.933653,2,1,0,44.275636
2005,6,26,1,2,1084,151.02,9.3,.933653,2,0,0,151.02
2005,6,26,2,2,1084,0,235,.933653,2,1,0,0
2005,6,26,2,2,1084,14.55,106,.933653,2,1,0,44.275636
2005,6,26,2,2,1084,151.02,9.3,.933653,2,0,0,151.02
2005,6,26,3,2,1084,0,235,.933653,2,1,0,0
2005,6,26,3,2,1084,14.55,106,.933653,2,1,0,44.275636
2005,6,26,3,2,1084,151.02,9.3,.933653,2,0,0,151.02
2005,6,26,4,2,1084,0,235,.933653,2,1,0,0
2005,6,26,4,2,1084,14.55,106,.933653,2,1,0,44.275636
2005,6,26,4,2,1084,151.02,9.3,.933653,2,0,0,151.02
2005,6,26,5,2,1084,0,235,.933653,2,1,0,0
2005,6,26,5,2,1084,14.55,45.3,.933653,2,1,0,44.275636
2005,6,26,5,2,1084,30.12,15.1,.933653,2,1,0,44.275636
2005,6,26,5,2,1084,30.34,15.1,.933653,2,1,0,44.275636
2005,6,26,5,2,1084,30.56,15.1,.933653,2,1,0,44.275636
2005,6,26,5,2,1084,30.79,15.4,.933653,2,1,0,44.275636
2005,6,26,5,2,1084,151.06,9.3,.933653,2,0,0,151.06
2005,6,26,6,2,1084,0,235,.933653,2,1,0,0
2005,6,26,6,2,1084,14.55,45.3,.933653,2,1,0,44.275636
2005,6,26,6,2,1084,30.21,15.1,.933653,2,1,0,44.275636
2005,6,26,6,2,1084,30.43,15.1,.933653,2,1,0,44.275636
2005,6,26,6,2,1084,30.65,15.1,.933653,2,1,0,44.275636
2005,6,26,6,2,1084,30.88,15.4,.933653,2,1,0,44.275636
2005,6,26,6,2,1084,151.06,9.3,.933653,2,0,0,151.06
2005,6,26,7,2,1084,0,235,.933653,2,1,0,0
2005,6,26,7,2,1084,14.55,15.1,.933653,2,1,0,44.275636
2005,6,26,7,2,1084,30.13,15.1,.933653,2,1,0,44.275636
2005,6,26,7,2,1084,30.36,15.1,.933653,2,1,0,44.275636
2005,6,26,7,2,1084,30.58,15.1,.933653,2,1,0,44.275636
2005,6,26,7,2,1084,30.81,15.1,.933653,2,1,0,44.275636
2005,6,26,7,2,1084,31.03,15.1,.933653,2,1,0,44.275636
2005,6,26,7,2,1084,31.26,15.4,.933653,2,1,0,44.275636
2005,6,26,7,2,1084,151.08,9.3,.933653,2,0,0,151.08
2005,6,26,8,2,1084,0,235,.933653,2,1,0,0
2005,6,26,8,2,1084,31.75,15.1,.933653,2,1,0,44.275636
2005,6,26,8,2,1084,31.98,15.1,.933653,2,1,0,44.275636
2005,6,26,8,2,1084,32.21,15.1,.933653,2,1,0,44.275636
2005,6,26,8,2,1084,32.44,15.1,.933653,2,1,0,44.275636
2005,6,26,8,2,1084,32.67,15.1,.933653,2,1,0,44.275636
2005,6,26,8,2,1084,32.9,15.1,.933653,2,1,0,44.275636
2005,6,26,8,2,1084,33.13,15.4,.933653,2,0,0,44.275636
2005,6,26,8,2,1084,151.08,9.3,.933653,2,0,0,151.08
2005,6,26,9,2,1084,0,235,.933653,2,1,0,0
2005,6,26,9,2,1084,14.55,30.2,.933653,2,1,0,44.275636
2005,6,26,9,2,1084,30.15,15.1,.933653,2,1,0,44.275636
2005,6,26,9,2,1084,30.37,15.1,.933653,2,1,0,44.275636
2005,6,26,9,2,1084,30.59,15.1,.933653,2,1,0,44.275636
2005,6,26,9,2,1084,30.81,15.1,.933653,2,1,0,44.275636
2005,6,26,9,2,1084,31.04,15.4,.933653,2,1,0,44.275636
2005,6,26,9,2,1084,151.07,9.3,.933653,2,0,0,151.07
2005,6,26,10,2,1084,0,235,.933653,2,1,0,0
2005,6,26,10,2,1084,14.55,106,.933653,2,1,0,44.275636
2005,6,26,10,2,1084,151.02,9.3,.933653,2,0,0,151.02
2005,6,26,11,2,1084,0,235,.933653,2,1,0,0
2005,6,26,11,2,1084,14.55,106,.933653,2,1,0,44.275636
2005,6,26,11,2,1084,151.02,9.3,.933653,2,0,0,151.02
2005,6,26,12,2,1084,0,235,.933653,2,1,0,0
2005,6,26,12,2,1084,14.55,106,.933653,2,1,0,44.275636
2005,6,26,12,2,1084,151.02,9.3,.933653,2,0,0,151.02
2005,6,26,13,2,1084,0,235,.933653,2,1,0,0
2005,6,26,13,2,1084,14.55,106,.933653,2,1,0,44.275636
2005,6,26,13,2,1084,151.02,9.3,.933653,2,0,0,151.02
2005,6,26,14,2,1084,0,235,.933653,2,1,0,0
2005,6,26,14,2,1084,14.55,106,.933653,2,1,0,44.275636
2005,6,26,14,2,1084,151.02,9.3,.933653,2,0,0,151.02
2005,6,26,15,2,1084,0,235,.933653,2,1,0,0
2005,6,26,15,2,1084,14.55,106,.933653,2,1,0,44.275636
2005,6,26,15,2,1084,151.02,9.3,.933653,2,0,0,151.02
2005,6,26,16,2,1084,0,235,.933653,2,1,0,0
2005,6,26,16,2,1084,14.55,106,.933653,2,1,0,44.275636
2005,6,26,16,2,1084,151.02,9.3,.933653,2,0,0,151.02
2005,6,26,17,2,1084,0,235,.933653,2,1,0,0
2005,6,26,17,2,1084,14.55,106,.933653,2,1,0,44.275636
2005,6,26,17,2,1084,151.02,9.3,.933653,2,0,0,151.02
2005,6,26,18,2,1084,0,235,.933653,2,1,0,0
2005,6,26,18,2,1084,14.55,106,.933653,2,1,0,44.275636
2005,6,26,18,2,1084,151.02,9.3,.933653,2,0,0,151.02
2005,6,26,19,2,1084,0,235,.933653,2,1,0,0
2005,6,26,19,2,1084,14.55,106,.933653,2,1,0,44.275636
2005,6,26,19,2,1084,151.02,9.3,.933653,2,0,0,151.02
2005,6,26,20,2,1084,0,235,.933653,2,1,0,0
2005,6,26,20,2,1084,14.55,106,.933653,2,1,0,44.275636
2005,6,26,20,2,1084,151.02,9.3,.933653,2,0,0,151.02
2005,6,26,21,2,1084,0,235,.933653,2,1,0,0
2005,6,26,21,2,1084,14.55,106,.933653,2,1,0,44.275636
2005,6,26,21,2,1084,151.02,9.3,.933653,2,0,0,151.02
2005,6,26,22,2,1084,0,235,.933653,2,1,0,0
2005,6,26,22,2,1084,14.55,106,.933653,2,1,0,44.275636
2005,6,26,22,2,1084,151.02,9.3,.933653,2,0,0,151.02
2005,6,26,23,2,1084,0,235,.933653,2,1,0,0
2005,6,26,23,2,1084,14.55,106,.933653,2,1,0,44.275636
2005,6,26,23,2,1084,151.02,9.3,.933653,2,0,0,151.02
2005,6,26,24,2,1084,0,235,.933653,2,1,0,0
2005,6,26,24,2,1084,14.55,106,.933653,2,1,0,44.275636
2005,6,26,24,2,1084,151.02,9.3,.933653,2,0,0,151.02
2005,6,26,1,6,1087,.01,71,.929373,2,0,1,.01
2005,6,26,1,6,1087,100.01,119,.929373,2,0,1,43.531691
2005,6,26,1,6,1087,150,17,.929373,2,0,1,150
2005,6,26,2,6,1087,.01,71,.929373,2,0,1,.01
2005,6,26,2,6,1087,100.01,119,.929373,2,0,1,43.531691
2005,6,26,2,6,1087,150,17,.929373,2,0,1,150
2005,6,26,3,6,1087,.01,71,.929373,2,0,1,.01
2005,6,26,3,6,1087,100.01,119,.929373,2,0,1,43.531691
2005,6,26,3,6,1087,150,17,.929373,2,0,1,150
2005,6,26,4,6,1087,.01,71,.929373,2,0,1,.01
2005,6,26,4,6,1087,100.01,119,.929373,2,0,1,43.531691
2005,6,26,4,6,1087,150,17,.929373,2,0,1,150
2005,6,26,5,6,1087,.01,71,.929373,2,0,1,.01
2005,6,26,5,6,1087,100.01,119,.929373,2,0,1,43.531691
2005,6,26,5,6,1087,150,17,.929373,2,0,1,150
2005,6,26,6,6,1087,.01,71,.929373,2,0,1,.01
2005,6,26,6,6,1087,100.01,119,.929373,2,0,1,43.531691
2005,6,26,6,6,1087,150,17,.929373,2,0,1,150
2005,6,26,7,6,1087,.01,71,.929373,2,0,1,.01
2005,6,26,7,6,1087,100.01,119,.929373,2,0,1,43.531691
2005,6,26,7,6,1087,150,17,.929373,2,0,1,150
2005,6,26,8,6,1087,.01,71,.929373,2,0,1,.01
2005,6,26,8,6,1087,100.01,119,.929373,2,0,1,43.531691
2005,6,26,8,6,1087,150,17,.929373,2,0,1,150
2005,6,26,9,6,1087,.01,71,.929373,2,0,1,.01
2005,6,26,9,6,1087,100.01,119,.929373,2,0,1,43.531691
2005,6,26,9,6,1087,150,17,.929373,2,0,1,150
2005,6,26,10,6,1087,.01,71,.929373,2,0,1,.01
2005,6,26,10,6,1087,100.01,119,.929373,2,0,1,43.531691
2005,6,26,10,6,1087,150,17,.929373,2,0,1,150
2005,6,26,11,6,1087,.01,71,.929373,2,0,1,.01
2005,6,26,11,6,1087,100.01,119,.929373,2,0,1,43.531691
2005,6,26,11,6,1087,150,17,.929373,2,0,1,150
2005,6,26,12,6,1087,.01,71,.929373,2,0,1,.01
2005,6,26,12,6,1087,100.01,119,.929373,2,0,1,43.531691
2005,6,26,12,6,1087,150,17,.929373,2,0,1,150
2005,6,26,13,6,1087,.01,71,.929373,2,0,1,.01
2005,6,26,13,6,1087,100.01,119,.929373,2,0,1,43.531691
2005,6,26,13,6,1087,150,17,.929373,2,0,1,150
2005,6,26,14,6,1087,.01,71,.929373,2,0,1,.01
2005,6,26,14,6,1087,100.01,119,.929373,2,0,1,43.531691
2005,6,26,14,6,1087,150,17,.929373,2,0,1,150
2005,6,26,15,6,1087,.01,71,.929373,2,0,1,.01
2005,6,26,15,6,1087,100.01,119,.929373,2,0,1,43.531691
2005,6,26,15,6,1087,150,17,.929373,2,0,1,150
2005,6,26,16,6,1087,.01,71,.929373,2,0,1,.01
2005,6,26,16,6,1087,100.01,119,.929373,2,0,1,43.531691
2005,6,26,16,6,1087,150,17,.929373,2,0,1,150
2005,6,26,17,6,1087,.01,71,.929373,2,0,1,.01
2005,6,26,17,6,1087,100.01,119,.929373,2,0,1,43.531691
2005,6,26,17,6,1087,150,17,.929373,2,0,1,150
2005,6,26,18,6,1087,.01,71,.929373,2,0,1,.01
2005,6,26,18,6,1087,100.01,119,.929373,2,0,1,43.531691
2005,6,26,18,6,1087,150,17,.929373,2,0,1,150
2005,6,26,19,6,1087,.01,71,.929373,2,0,1,.01
2005,6,26,19,6,1087,100.01,119,.929373,2,0,1,43.531691
2005,6,26,19,6,1087,150,17,.929373,2,0,1,150
2005,6,26,20,6,1087,.01,71,.929373,2,0,1,.01
2005,6,26,20,6,1087,100.01,119,.929373,2,0,1,43.531691
2005,6,26,20,6,1087,150,17,.929373,2,0,1,150
2005,6,26,21,6,1087,.01,71,.929373,2,0,1,.01
2005,6,26,21,6,1087,100.01,119,.929373,2,0,1,43.531691
2005,6,26,21,6,1087,150,17,.929373,2,0,1,150
2005,6,26,22,6,1087,.01,71,.929373,2,0,1,.01
2005,6,26,22,6,1087,100.01,119,.929373,2,0,1,43.531691
2005,6,26,22,6,1087,150,17,.929373,2,0,1,150
2005,6,26,23,6,1087,.01,71,.929373,2,0,1,.01
2005,6,26,23,6,1087,100.01,119,.929373,2,0,1,43.531691
2005,6,26,23,6,1087,150,17,.929373,2,0,1,150
2005,6,26,24,6,1087,.01,71,.929373,2,0,1,.01
2005,6,26,24,6,1087,100.01,119,.929373,2,0,1,43.531691
2005,6,26,24,6,1087,150,17,.929373,2,0,1,150
2005,6,26,1,6,1088,0,137,.990301,2,1,0,0
2005,6,26,1,6,1088,22.03,162,.990301,2,1,0,44.325802
2005,6,26,2,6,1088,0,137,.990301,2,1,0,0
2005,6,26,2,6,1088,22.03,162,.990301,2,1,0,44.325802
2005,6,26,3,6,1088,0,137,.990301,2,1,0,0
2005,6,26,3,6,1088,22.03,162,.990301,2,1,0,44.325802
2005,6,26,4,6,1088,0,137,.990301,2,1,0,0
2005,6,26,4,6,1088,22.03,162,.990301,2,1,0,44.325802
2005,6,26,5,6,1088,0,137,.990301,2,1,0,0
2005,6,26,5,6,1088,22.03,162,.990301,2,1,0,44.325802
2005,6,26,6,6,1088,0,137,.990301,2,1,0,0
2005,6,26,6,6,1088,22.03,162,.990301,2,1,0,44.325802
2005,6,26,7,6,1088,0,137,.990301,2,1,0,0
2005,6,26,7,6,1088,22.03,162,.990301,2,1,0,44.325802
2005,6,26,8,6,1088,0,137,.990301,2,1,0,0
2005,6,26,8,6,1088,22.03,162,.990301,2,1,0,44.325802
2005,6,26,9,6,1088,87.02,299,.990301,2,0,0,44.325802
2005,6,26,10,6,1088,87.02,299,.990301,2,0,0,44.325802
2005,6,26,11,6,1088,87.02,299,.990301,2,0,0,44.325802
2005,6,26,12,6,1088,87.02,299,.990301,2,0,0,44.325802
2005,6,26,13,6,1088,87.02,299,.990301,2,0,0,44.325802
2005,6,26,14,6,1088,87.02,299,.990301,2,0,0,44.325802
2005,6,26,15,6,1088,87.02,299,.990301,2,0,0,44.325802
2005,6,26,16,6,1088,87.02,299,.990301,2,0,0,44.325802
2005,6,26,17,6,1088,87.02,299,.990301,2,0,0,44.325802
2005,6,26,18,6,1088,87.02,299,.990301,2,0,0,44.325802
2005,6,26,19,6,1088,87.02,299,.990301,2,0,0,44.325802
2005,6,26,20,6,1088,87.02,299,.990301,2,0,0,44.325802
2005,6,26,21,6,1088,87.02,299,.990301,2,0,0,44.325802
2005,6,26,22,6,1088,87.02,299,.990301,2,0,0,44.325802
2005,6,26,23,6,1088,87.02,299,.990301,2,0,0,44.325802
2005,6,26,24,6,1088,87.02,299,.990301,2,0,0,44.325802
2005,6,26,1,9,199,0,11.7,0,2,1,0,0
2005,6,26,2,9,199,0,11.7,0,2,1,0,0
2005,6,26,3,9,199,0,11.8,0,2,1,0,0
2005,6,26,4,9,199,0,11.8,0,2,1,0,0
2005,6,26,5,9,199,0,11.8,0,2,1,0,0
2005,6,26,6,9,199,0,11.9,0,2,1,0,0
2005,6,26,7,9,199,0,11.9,0,2,1,0,0
2005,6,26,8,9,199,0,11.9,0,2,1,0,0
2005,6,26,9,9,199,0,11.9,0,2,1,0,0
2005,6,26,10,9,199,0,11.8,0,2,1,0,0
2005,6,26,11,9,199,0,11.6,0,2,1,0,0
2005,6,26,12,9,199,0,11.5,0,2,1,0,0
2005,6,26,13,9,199,0,11.4,0,2,1,0,0
2005,6,26,14,9,199,0,11.4,0,2,1,0,0
2005,6,26,15,9,199,0,11.3,0,2,1,0,0
2005,6,26,16,9,199,0,11.3,0,2,1,0,0
2005,6,26,17,9,199,0,11.3,0,2,1,0,0
2005,6,26,18,9,199,0,11.3,0,2,1,0,0
2005,6,26,19,9,199,0,11.3,0,2,1,0,0
2005,6,26,20,9,199,0,11.4,0,2,1,0,0
2005,6,26,21,9,199,0,11.4,0,2,1,0,0
2005,6,26,22,9,199,0,11.5,0,2,1,0,0
2005,6,26,23,9,199,0,11.6,0,2,1,0,0
2005,6,26,24,9,199,0,11.8,0,2,1,0,0
2005,6,26,1,9,200,0,1.3,0,2,1,0,0
2005,6,26,2,9,200,0,1.1,0,2,1,0,0
2005,6,26,3,9,200,0,1,0,2,1,0,0
2005,6,26,4,9,200,0,.7,0,2,1,0,0
2005,6,26,5,9,200,0,.5,0,2,1,0,0
2005,6,26,6,9,200,0,.2,0,2,1,0,0
2005,6,26,7,9,200,0,.2,0,2,1,0,0
2005,6,26,8,9,200,0,.4,0,2,1,0,0
2005,6,26,9,9,200,0,.8,0,2,1,0,0
2005,6,26,10,9,200,0,1.6,0,2,1,0,0
2005,6,26,11,9,200,0,2.5,0,2,1,0,0
2005,6,26,12,9,200,0,3.7,0,2,1,0,0
2005,6,26,13,9,200,0,5.6,0,2,1,0,0
2005,6,26,14,9,200,0,6.6,0,2,1,0,0
2005,6,26,15,9,200,0,8,0,2,1,0,0
2005,6,26,16,9,200,0,8.4,0,2,1,0,0
2005,6,26,17,9,200,0,10,0,2,1,0,0
2005,6,26,18,9,200,0,11,0,2,1,0,0
2005,6,26,19,9,200,0,12,0,2,1,0,0
2005,6,26,20,9,200,0,12.2,0,2,1,0,0
2005,6,26,21,9,200,0,12.5,0,2,1,0,0
2005,6,26,22,9,200,0,13,0,2,1,0,0
2005,6,26,23,9,200,0,14,0,2,1,0,0
2005,6,26,24,9,200,0,12.4,0,2,1,0,0
2005,6,26,1,9,201,0,3.6,0,2,1,0,0
2005,6,26,2,9,201,0,3.6,0,2,1,0,0
2005,6,26,3,9,201,0,3.6,0,2,1,0,0
2005,6,26,22,9,201,0,3.6,0,2,1,0,0
2005,6,26,23,9,201,0,3.6,0,2,1,0,0
2005,6,26,24,9,201,0,3.6,0,2,1,0,0
2005,6,26,1,9,202,0,2.4,0,2,1,0,0
2005,6,26,2,9,202,0,2.4,0,2,1,0,0
2005,6,26,3,9,202,0,2.4,0,2,1,0,0
2005,6,26,4,9,202,0,2.4,0,2,1,0,0
2005,6,26,5,9,202,0,2.4,0,2,1,0,0
2005,6,26,6,9,202,0,2.4,0,2,1,0,0
2005,6,26,7,9,202,0,2.4,0,2,1,0,0
2005,6,26,8,9,202,0,2.4,0,2,1,0,0
2005,6,26,9,9,202,0,2.4,0,2,1,0,0
2005,6,26,10,9,202,0,2.4,0,2,1,0,0
2005,6,26,11,9,202,0,2.4,0,2,1,0,0
2005,6,26,12,9,202,0,2.4,0,2,1,0,0
2005,6,26,13,9,202,0,2.3,0,2,1,0,0
2005,6,26,14,9,202,0,2.3,0,2,1,0,0
2005,6,26,15,9,202,0,2.3,0,2,1,0,0
2005,6,26,16,9,202,0,2.3,0,2,1,0,0
2005,6,26,17,9,202,0,2.3,0,2,1,0,0
2005,6,26,18,9,202,0,2.3,0,2,1,0,0
2005,6,26,19,9,202,0,2.3,0,2,1,0,0
2005,6,26,20,9,202,0,2.4,0,2,1,0,0
2005,6,26,21,9,202,0,2.4,0,2,1,0,0
2005,6,26,22,9,202,0,2.4,0,2,1,0,0
2005,6,26,23,9,202,0,2.4,0,2,1,0,0
2005,6,26,24,9,202,0,2.4,0,2,1,0,0
2005,6,26,1,9,203,32.01,202.8,0,1,0,0,32.01
2005,6,26,1,9,203,52,202.8,0,1,1,0,52
2005,6,26,1,9,203,54.01,608.4,0,1,1,0,54.01
2005,6,26,2,9,203,32.01,202.8,0,1,0,0,32.01
2005,6,26,2,9,203,52.01,202.8,0,1,1,0,52.01
2005,6,26,2,9,203,54.01,608.4,0,1,1,0,54.01
2005,6,26,3,9,203,26.01,152.1,0,1,0,0,26.01
2005,6,26,3,9,203,32.01,354.9,0,1,0,0,32.01
2005,6,26,3,9,203,52.01,202.8,0,1,1,0,52.01
2005,6,26,3,9,203,54.01,304.2,0,1,1,0,54.01
2005,6,26,4,9,203,26.01,425.9,0,1,0,0,26.01
2005,6,26,4,9,203,32.01,354.9,0,1,0,0,32.01
2005,6,26,4,9,203,50,202.8,0,1,1,0,50
2005,6,26,4,9,203,54.01,30.4,0,1,1,0,54.01
2005,6,26,5,9,203,26.01,396.1,0,1,0,0,26.01
2005,6,26,5,9,203,32.01,354.9,0,1,0,0,32.01
2005,6,26,5,9,203,41.92,91,0,1,1,0,41.92
2005,6,26,5,9,203,46.81,91,0,1,1,0,46.81
2005,6,26,5,9,203,50,81,0,1,1,0,50
2005,6,26,6,9,203,26.01,355.8,0,1,0,0,26.01
2005,6,26,6,9,203,32.01,354.9,0,1,0,0,32.01
2005,6,26,6,9,203,41.92,91,0,1,1,0,41.92
2005,6,26,6,9,203,46.81,182,0,1,1,0,46.81
2005,6,26,6,9,203,50,30.3,0,1,1,0,50
2005,6,26,7,9,203,26.01,365.9,0,1,0,0,26.01
2005,6,26,7,9,203,32.01,354.9,0,1,0,0,32.01
2005,6,26,7,9,203,41.92,91,0,1,1,0,41.92
2005,6,26,7,9,203,46.81,182,0,1,1,0,46.81
2005,6,26,7,9,203,50,20.2,0,1,1,0,50
2005,6,26,8,9,203,26.01,446.4,0,1,0,0,26.01
2005,6,26,8,9,203,32.01,354.9,0,1,0,0,32.01
2005,6,26,8,9,203,41.92,91,0,1,1,0,41.92
2005,6,26,8,9,203,43.75,71,0,1,1,0,43.75
2005,6,26,8,9,203,46.81,50.7,0,1,1,0,46.81
2005,6,26,9,9,203,26.01,426.1,0,1,0,0,26.01
2005,6,26,9,9,203,32.01,354.9,0,1,0,0,32.01
2005,6,26,9,9,203,41.92,91,0,1,1,0,41.92
2005,6,26,9,9,203,46.81,142,0,1,1,0,46.81
2005,6,26,10,9,203,26.01,203.3,0,1,0,0,26.01
2005,6,26,10,9,203,32.01,354.9,0,1,0,0,32.01
2005,6,26,10,9,203,41.92,91,0,1,1,0,41.92
2005,6,26,10,9,203,46.81,91,0,1,1,0,46.81
2005,6,26,10,9,203,52.01,202.8,0,1,1,0,52.01
2005,6,26,10,9,203,54.01,71,0,1,1,0,54.01
2005,6,26,11,9,203,26.01,202.8,0,1,0,0,26.01
2005,6,26,11,9,203,32.01,354.9,0,1,0,0,32.01
2005,6,26,11,9,203,52.01,202.8,0,1,1,0,52.01
2005,6,26,11,9,203,54.01,253.5,0,1,1,0,54.01
2005,6,26,12,9,203,32.01,304.2,0,1,0,0,32.01
2005,6,26,12,9,203,52.01,202.8,0,1,1,0,52.01
2005,6,26,12,9,203,54.01,507,0,1,1,0,54.01
2005,6,26,13,9,203,32.01,202.8,0,1,0,0,32.01
2005,6,26,13,9,203,52.01,202.8,0,1,1,0,52.01
2005,6,26,13,9,203,54.01,608.4,0,1,1,0,54.01
2005,6,26,14,9,203,32.01,152.1,0,1,0,0,32.01
2005,6,26,14,9,203,52.01,186.2,0,1,1,0,52.01
2005,6,26,14,9,203,54.01,659.1,0,1,1,0,54.01
2005,6,26,15,9,203,32.01,202.8,0,1,0,0,32.01
2005,6,26,15,9,203,50.01,202.8,0,1,1,0,50.01
2005,6,26,15,9,203,52.01,608.4,0,1,1,0,52.01
2005,6,26,16,9,203,32.01,304.2,0,1,0,0,32.01
2005,6,26,16,9,203,50.01,202.8,0,1,1,0,50.01
2005,6,26,16,9,203,52.01,507,0,1,1,0,52.01
2005,6,26,17,9,203,32.01,304.2,0,1,0,0,32.01
2005,6,26,17,9,203,50.01,202.8,0,1,1,0,50.01
2005,6,26,17,9,203,52.01,507,0,1,1,0,52.01
2005,6,26,18,9,203,32.01,202.8,0,1,0,0,32.01
2005,6,26,18,9,203,50.01,202.8,0,1,1,0,50.01
2005,6,26,18,9,203,52.01,608.4,0,1,1,0,52.01
2005,6,26,19,9,203,32.01,202.8,0,1,0,0,32.01
2005,6,26,19,9,203,50.01,202.8,0,1,1,0,50.01
2005,6,26,19,9,203,52.01,608.4,0,1,1,0,52.01
2005,6,26,20,9,203,26.01,202.8,0,1,0,0,26.01
2005,6,26,20,9,203,32.01,354.9,0,1,0,0,32.01
2005,6,26,20,9,203,50.01,202.8,0,1,1,0,50.01
2005,6,26,20,9,203,52.01,253.5,0,1,1,0,52.01
2005,6,26,21,9,203,26.01,202.8,0,1,0,0,26.01
2005,6,26,21,9,203,32.01,354.9,0,1,0,0,32.01
2005,6,26,21,9,203,50.01,202.8,0,1,1,0,50.01
2005,6,26,21,9,203,52.01,253.5,0,1,1,0,52.01
2005,6,26,22,9,203,26.01,202.8,0,1,0,0,26.01
2005,6,26,22,9,203,32.01,354.9,0,1,0,0,32.01
2005,6,26,22,9,203,52.01,202.8,0,1,1,0,52.01
2005,6,26,22,9,203,54.01,253.5,0,1,1,0,54.01
2005,6,26,23,9,203,26.01,202.8,0,1,0,0,26.01
2005,6,26,23,9,203,32.01,354.9,0,1,0,0,32.01
2005,6,26,23,9,203,52.01,202.8,0,1,0,0,52.01
2005,6,26,23,9,203,54.01,253.5,0,1,0,0,54.01
2005,6,26,24,9,203,32.01,304.2,0,1,0,0,32.01
2005,6,26,24,9,203,52.01,202.8,0,1,1,0,52.01
2005,6,26,24,9,203,54.01,507,0,1,1,0,54.01
2005,6,26,1,9,204,85,200,0,2,0,0,85
2005,6,26,1,9,204,86,50,0,2,0,0,86
2005,6,26,1,9,204,87,50,0,2,0,0,87
2005,6,26,1,9,204,88,50,0,2,0,0,88
2005,6,26,1,9,204,90,50,0,2,0,0,90
2005,6,26,2,9,204,85,200,0,2,0,0,85
2005,6,26,2,9,204,86,50,0,2,0,0,86
2005,6,26,2,9,204,87,50,0,2,0,0,87
2005,6,26,2,9,204,88,50,0,2,0,0,88
2005,6,26,2,9,204,90,50,0,2,0,0,90
2005,6,26,3,9,204,85,200,0,2,0,0,85
2005,6,26,3,9,204,86,50,0,2,0,0,86
2005,6,26,3,9,204,87,50,0,2,0,0,87
2005,6,26,3,9,204,88,50,0,2,0,0,88
2005,6,26,3,9,204,90,50,0,2,0,0,90
2005,6,26,4,9,204,85,200,0,2,0,0,85
2005,6,26,4,9,204,86,50,0,2,0,0,86
2005,6,26,4,9,204,87,50,0,2,0,0,87
2005,6,26,4,9,204,88,50,0,2,0,0,88
2005,6,26,4,9,204,90,50,0,2,0,0,90
2005,6,26,5,9,204,85,200,0,2,0,0,85
2005,6,26,5,9,204,86,50,0,2,0,0,86
2005,6,26,5,9,204,87,50,0,2,0,0,87
2005,6,26,5,9,204,88,50,0,2,0,0,88
2005,6,26,5,9,204,90,50,0,2,0,0,90
2005,6,26,6,9,204,85,200,0,2,0,0,85
2005,6,26,6,9,204,86,50,0,2,0,0,86
2005,6,26,6,9,204,87,50,0,2,0,0,87
2005,6,26,6,9,204,88,50,0,2,0,0,88
2005,6,26,6,9,204,90,50,0,2,0,0,90
2005,6,26,7,9,204,85,200,0,2,0,0,85
2005,6,26,7,9,204,86,50,0,2,0,0,86
2005,6,26,7,9,204,87,50,0,2,0,0,87
2005,6,26,7,9,204,88,50,0,2,0,0,88
2005,6,26,7,9,204,90,50,0,2,0,0,90
2005,6,26,8,9,204,85,200,0,2,0,0,85
2005,6,26,8,9,204,86,50,0,2,0,0,86
2005,6,26,8,9,204,87,50,0,2,0,0,87
2005,6,26,8,9,204,88,50,0,2,0,0,88
2005,6,26,8,9,204,90,50,0,2,0,0,90
2005,6,26,9,9,204,85,200,0,2,0,0,85
2005,6,26,9,9,204,86,50,0,2,0,0,86
2005,6,26,9,9,204,87,50,0,2,0,0,87
2005,6,26,9,9,204,88,50,0,2,0,0,88
2005,6,26,9,9,204,90,50,0,2,0,0,90
2005,6,26,10,9,204,85,200,0,2,0,0,85
2005,6,26,10,9,204,86,50,0,2,0,0,86
2005,6,26,10,9,204,87,50,0,2,0,0,87
2005,6,26,10,9,204,88,50,0,2,0,0,88
2005,6,26,10,9,204,90,50,0,2,0,0,90
2005,6,26,11,9,204,85,200,0,2,0,0,85
2005,6,26,11,9,204,86,50,0,2,0,0,86
2005,6,26,11,9,204,87,50,0,2,0,0,87
2005,6,26,11,9,204,88,50,0,2,0,0,88
2005,6,26,11,9,204,90,50,0,2,0,0,90
2005,6,26,12,9,204,85,200,0,2,0,0,85
2005,6,26,12,9,204,86,50,0,2,0,0,86
2005,6,26,12,9,204,87,50,0,2,0,0,87
2005,6,26,12,9,204,88,50,0,2,0,0,88
2005,6,26,12,9,204,90,50,0,2,0,0,90
2005,6,26,13,9,204,85,200,0,2,0,0,85
2005,6,26,13,9,204,86,50,0,2,0,0,86
2005,6,26,13,9,204,87,50,0,2,0,0,87
2005,6,26,13,9,204,88,50,0,2,0,0,88
2005,6,26,13,9,204,90,50,0,2,0,0,90
2005,6,26,14,9,204,85,200,0,2,0,0,85
2005,6,26,14,9,204,86,50,0,2,0,0,86
2005,6,26,14,9,204,87,50,0,2,0,0,87
2005,6,26,14,9,204,88,50,0,2,0,0,88
2005,6,26,14,9,204,90,50,0,2,0,0,90
2005,6,26,15,9,204,85,200,0,2,0,0,85
2005,6,26,15,9,204,86,50,0,2,0,0,86
2005,6,26,15,9,204,87,50,0,2,0,0,87
2005,6,26,15,9,204,88,50,0,2,0,0,88
2005,6,26,15,9,204,90,50,0,2,0,0,90
2005,6,26,16,9,204,85,200,0,2,0,0,85
2005,6,26,16,9,204,86,50,0,2,0,0,86
2005,6,26,16,9,204,87,50,0,2,0,0,87
2005,6,26,16,9,204,88,50,0,2,0,0,88
2005,6,26,16,9,204,90,50,0,2,0,0,90
2005,6,26,17,9,204,85,200,0,2,0,0,85
2005,6,26,17,9,204,86,50,0,2,0,0,86
2005,6,26,17,9,204,87,50,0,2,0,0,87
2005,6,26,17,9,204,88,50,0,2,0,0,88
2005,6,26,17,9,204,90,50,0,2,0,0,90
2005,6,26,18,9,204,85,200,0,2,0,0,85
2005,6,26,18,9,204,86,50,0,2,0,0,86
2005,6,26,18,9,204,87,50,0,2,0,0,87
2005,6,26,18,9,204,88,50,0,2,0,0,88
2005,6,26,18,9,204,90,50,0,2,0,0,90
2005,6,26,19,9,204,85,200,0,2,0,0,85
2005,6,26,19,9,204,86,50,0,2,0,0,86
2005,6,26,19,9,204,87,50,0,2,0,0,87
2005,6,26,19,9,204,88,50,0,2,0,0,88
2005,6,26,19,9,204,90,50,0,2,0,0,90
2005,6,26,20,9,204,85,200,0,2,0,0,85
2005,6,26,20,9,204,86,50,0,2,0,0,86
2005,6,26,20,9,204,87,50,0,2,0,0,87
2005,6,26,20,9,204,88,50,0,2,0,0,88
2005,6,26,20,9,204,90,50,0,2,0,0,90
2005,6,26,21,9,204,85,200,0,2,0,0,85
2005,6,26,21,9,204,86,50,0,2,0,0,86
2005,6,26,21,9,204,87,50,0,2,0,0,87
2005,6,26,21,9,204,88,50,0,2,0,0,88
2005,6,26,21,9,204,90,50,0,2,0,0,90
2005,6,26,22,9,204,85,200,0,2,0,0,85
2005,6,26,22,9,204,86,50,0,2,0,0,86
2005,6,26,22,9,204,87,50,0,2,0,0,87
2005,6,26,22,9,204,88,50,0,2,0,0,88
2005,6,26,22,9,204,90,50,0,2,0,0,90
2005,6,26,23,9,204,85,200,0,2,0,0,85
2005,6,26,23,9,204,86,50,0,2,0,0,86
2005,6,26,23,9,204,87,50,0,2,0,0,87
2005,6,26,23,9,204,88,50,0,2,0,0,88
2005,6,26,23,9,204,90,50,0,2,0,0,90
2005,6,26,24,9,204,85,200,0,2,0,0,85
2005,6,26,24,9,204,86,50,0,2,0,0,86
2005,6,26,24,9,204,87,50,0,2,0,0,87
2005,6,26,24,9,204,88,50,0,2,0,0,88
2005,6,26,24,9,204,90,50,0,2,0,0,90
2005,6,26,1,9,205,180,.1,0,2,0,0,180
2005,6,26,1,4,1091,0,200,.926179,2,1,0,0
2005,6,26,1,4,1091,44.46,10,.926179,2,0,0,42.792959
2005,6,26,1,4,1091,45.11,10,.926179,2,0,0,42.792959
2005,6,26,1,4,1091,45.86,10,.926179,2,0,0,42.792959
2005,6,26,1,4,1091,46.7,10,.926179,2,0,0,42.792959
2005,6,26,1,4,1091,95,10,.926179,2,0,0,42.792959
2005,6,26,1,4,1091,150,14,.926179,2,0,0,150
2005,6,26,2,4,1091,0,140,.926179,2,1,0,0
2005,6,26,2,4,1091,34.11,40,.926179,2,1,0,42.792959
2005,6,26,2,4,1091,43.43,10,.926179,2,0,0,42.792959
2005,6,26,2,4,1091,43.9,10,.926179,2,0,0,42.792959
2005,6,26,2,4,1091,44.46,10,.926179,2,0,0,42.792959
2005,6,26,2,4,1091,45.11,10,.926179,2,0,0,42.792959
2005,6,26,2,4,1091,45.86,10,.926179,2,0,0,42.792959
2005,6,26,2,4,1091,46.7,10,.926179,2,0,0,42.792959
2005,6,26,2,4,1091,95,10,.926179,2,0,0,42.792959
2005,6,26,2,4,1091,150,14,.926179,2,0,0,150
2005,6,26,3,4,1091,0,140,.926179,2,1,0,0
2005,6,26,3,4,1091,34.11,40,.926179,2,1,0,42.792959
2005,6,26,3,4,1091,43.43,10,.926179,2,0,0,42.792959
2005,6,26,3,4,1091,43.9,10,.926179,2,0,0,42.792959
2005,6,26,3,4,1091,44.46,10,.926179,2,0,0,42.792959
2005,6,26,3,4,1091,45.11,10,.926179,2,0,0,42.792959
2005,6,26,3,4,1091,45.86,10,.926179,2,0,0,42.792959
2005,6,26,3,4,1091,46.7,10,.926179,2,0,0,42.792959
2005,6,26,3,4,1091,95,10,.926179,2,0,0,42.792959
2005,6,26,3,4,1091,150,14,.926179,2,0,0,150
2005,6,26,4,4,1091,0,140,.926179,2,1,0,0
2005,6,26,4,4,1091,34.11,40,.926179,2,1,0,42.792959
2005,6,26,4,4,1091,43.43,10,.926179,2,0,0,42.792959
2005,6,26,4,4,1091,43.9,10,.926179,2,0,0,42.792959
2005,6,26,4,4,1091,44.46,10,.926179,2,0,0,42.792959
2005,6,26,4,4,1091,45.11,10,.926179,2,0,0,42.792959
2005,6,26,4,4,1091,45.86,10,.926179,2,0,0,42.792959
2005,6,26,4,4,1091,46.7,10,.926179,2,0,0,42.792959
2005,6,26,4,4,1091,95,10,.926179,2,0,0,42.792959
2005,6,26,4,4,1091,150,14,.926179,2,0,0,150
2005,6,26,5,4,1091,0,140,.926179,2,1,0,0
2005,6,26,5,4,1091,34.11,40,.926179,2,1,0,42.792959
2005,6,26,5,4,1091,43.43,10,.926179,2,0,0,42.792959
2005,6,26,5,4,1091,43.9,10,.926179,2,0,0,42.792959
2005,6,26,5,4,1091,44.46,10,.926179,2,0,0,42.792959
2005,6,26,5,4,1091,45.11,10,.926179,2,0,0,42.792959
2005,6,26,5,4,1091,45.86,10,.926179,2,0,0,42.792959
2005,6,26,5,4,1091,46.7,10,.926179,2,0,0,42.792959
2005,6,26,5,4,1091,95,10,.926179,2,0,0,42.792959
2005,6,26,5,4,1091,150,14,.926179,2,0,0,150
2005,6,26,6,4,1091,0,140,.926179,2,1,0,0
2005,6,26,6,4,1091,34.11,36,.926179,2,1,0,42.792959
2005,6,26,6,4,1091,43.43,10,.926179,2,0,0,42.792959
2005,6,26,6,4,1091,43.9,10,.926179,2,0,0,42.792959
2005,6,26,6,4,1091,44.46,10,.926179,2,0,0,42.792959
2005,6,26,6,4,1091,45.11,10,.926179,2,0,0,42.792959
2005,6,26,6,4,1091,45.86,10,.926179,2,0,0,42.792959
2005,6,26,6,4,1091,46.7,10,.926179,2,0,0,42.792959
2005,6,26,6,4,1091,95,10,.926179,2,0,0,42.792959
2005,6,26,6,4,1091,150,14,.926179,2,0,0,150
2005,6,26,7,4,1091,0,140,.926179,2,1,0,0
2005,6,26,7,4,1091,34.11,40,.926179,2,0,0,42.792959
2005,6,26,7,4,1091,43.43,10,.926179,2,0,0,42.792959
2005,6,26,7,4,1091,43.9,10,.926179,2,0,0,42.792959
2005,6,26,7,4,1091,44.46,10,.926179,2,0,0,42.792959
2005,6,26,7,4,1091,45.11,10,.926179,2,0,0,42.792959
2005,6,26,7,4,1091,45.86,10,.926179,2,0,0,42.792959
2005,6,26,7,4,1091,46.7,10,.926179,2,0,0,42.792959
2005,6,26,7,4,1091,95,10,.926179,2,0,0,42.792959
2005,6,26,7,4,1091,150,14,.926179,2,0,0,150
2005,6,26,8,4,1091,0,140,.926179,2,1,0,0
2005,6,26,8,4,1091,34.11,40,.926179,2,0,0,42.792959
2005,6,26,8,4,1091,43.43,10,.926179,2,0,0,42.792959
2005,6,26,8,4,1091,43.9,10,.926179,2,0,0,42.792959
2005,6,26,8,4,1091,44.46,10,.926179,2,0,0,42.792959
2005,6,26,8,4,1091,45.11,10,.926179,2,0,0,42.792959
2005,6,26,8,4,1091,45.86,10,.926179,2,0,0,42.792959
2005,6,26,8,4,1091,46.7,10,.926179,2,0,0,42.792959
2005,6,26,8,4,1091,95,10,.926179,2,0,0,42.792959
2005,6,26,8,4,1091,150,14,.926179,2,0,0,150
2005,6,26,9,4,1091,0,140,.926179,2,1,0,0
2005,6,26,9,4,1091,34.11,40,.926179,2,0,0,42.792959
2005,6,26,9,4,1091,43.43,10,.926179,2,0,0,42.792959
2005,6,26,9,4,1091,43.9,10,.926179,2,0,0,42.792959
2005,6,26,9,4,1091,44.46,10,.926179,2,0,0,42.792959
2005,6,26,9,4,1091,45.11,10,.926179,2,0,0,42.792959
2005,6,26,9,4,1091,45.86,10,.926179,2,0,0,42.792959
2005,6,26,9,4,1091,46.7,10,.926179,2,0,0,42.792959
2005,6,26,9,4,1091,95,10,.926179,2,0,0,42.792959
2005,6,26,9,4,1091,150,14,.926179,2,0,0,150
2005,6,26,10,4,1091,0,140,.926179,2,1,0,0
2005,6,26,10,4,1091,34.11,36,.926179,2,1,0,42.792959
2005,6,26,10,4,1091,43.43,10,.926179,2,0,0,42.792959
2005,6,26,10,4,1091,43.9,10,.926179,2,0,0,42.792959
2005,6,26,10,4,1091,44.46,10,.926179,2,0,0,42.792959
2005,6,26,10,4,1091,45.11,10,.926179,2,0,0,42.792959
2005,6,26,10,4,1091,45.86,10,.926179,2,0,0,42.792959
2005,6,26,10,4,1091,46.7,10,.926179,2,0,0,42.792959
2005,6,26,10,4,1091,95,10,.926179,2,0,0,42.792959
2005,6,26,10,4,1091,150,14,.926179,2,0,0,150
2005,6,26,11,4,1091,0,200,.926179,2,1,0,0
2005,6,26,11,4,1091,44.46,10,.926179,2,0,0,42.792959
2005,6,26,11,4,1091,45.11,10,.926179,2,0,0,42.792959
2005,6,26,11,4,1091,45.86,10,.926179,2,0,0,42.792959
2005,6,26,11,4,1091,46.7,10,.926179,2,0,0,42.792959
2005,6,26,11,4,1091,95,10,.926179,2,0,0,42.792959
2005,6,26,11,4,1091,150,14,.926179,2,0,0,150
2005,6,26,12,4,1091,0,235,.926179,2,1,0,0
2005,6,26,12,4,1091,95,10,.926179,2,0,0,42.792959
2005,6,26,12,4,1091,150,14,.926179,2,0,0,150
2005,6,26,13,4,1091,0,240,.926179,2,1,0,0
2005,6,26,13,4,1091,95,10,.926179,2,0,0,42.792959
2005,6,26,13,4,1091,150,14,.926179,2,0,0,150
2005,6,26,14,4,1091,0,240,.926179,2,1,0,0
2005,6,26,14,4,1091,95,10,.926179,2,0,0,42.792959
2005,6,26,14,4,1091,150,14,.926179,2,0,0,150
2005,6,26,15,4,1091,0,240,.926179,2,1,0,0
2005,6,26,15,4,1091,95,10,.926179,2,0,0,42.792959
2005,6,26,15,4,1091,150,14,.926179,2,0,0,150
2005,6,26,16,4,1091,0,240,.926179,2,1,0,0
2005,6,26,16,4,1091,95,10,.926179,2,0,0,42.792959
2005,6,26,16,4,1091,150,14,.926179,2,0,0,150
2005,6,26,17,4,1091,0,240,.926179,2,1,0,0
2005,6,26,17,4,1091,95,10,.926179,2,0,0,42.792959
2005,6,26,17,4,1091,150,14,.926179,2,0,0,150
2005,6,26,18,4,1091,0,240,.926179,2,1,0,0
2005,6,26,18,4,1091,95,10,.926179,2,0,0,42.792959
2005,6,26,18,4,1091,150,14,.926179,2,0,0,150
2005,6,26,19,4,1091,0,240,.926179,2,1,0,0
2005,6,26,19,4,1091,95,10,.926179,2,0,0,42.792959
2005,6,26,19,4,1091,150,14,.926179,2,0,0,150
2005,6,26,20,4,1091,0,240,.926179,2,1,0,0
2005,6,26,20,4,1091,95,10,.926179,2,0,0,42.792959
2005,6,26,20,4,1091,150,14,.926179,2,0,0,150
2005,6,26,21,4,1091,0,240,.926179,2,1,0,0
2005,6,26,21,4,1091,95,10,.926179,2,0,0,42.792959
2005,6,26,21,4,1091,150,14,.926179,2,0,0,150
2005,6,26,22,4,1091,0,240,.926179,2,1,0,0
2005,6,26,22,4,1091,95,10,.926179,2,0,0,42.792959
2005,6,26,22,4,1091,150,14,.926179,2,0,0,150
2005,6,26,23,4,1091,0,240,.926179,2,1,0,0
2005,6,26,23,4,1091,95,10,.926179,2,0,0,42.792959
2005,6,26,23,4,1091,150,14,.926179,2,0,0,150
2005,6,26,24,4,1091,0,240,.926179,2,1,0,0
2005,6,26,24,4,1091,95,10,.926179,2,0,0,42.792959
2005,6,26,24,4,1091,150,14,.926179,2,0,0,150
2005,6,26,1,4,1092,0,220,.926179,2,1,0,0
2005,6,26,1,4,1092,41.5,40,.926179,2,1,0,42.643034
2005,6,26,1,4,1092,44,45,.926179,2,0,0,42.643034
2005,6,26,1,4,1092,95,28,.926179,2,0,0,42.643034
2005,6,26,1,4,1092,150,22.1,.926179,2,0,0,150
2005,6,26,2,4,1092,0,220,.926179,2,1,0,0
2005,6,26,2,4,1092,41.5,40,.926179,2,0,0,42.643034
2005,6,26,2,4,1092,44,45,.926179,2,0,0,42.643034
2005,6,26,2,4,1092,95,28,.926179,2,0,0,42.643034
2005,6,26,2,4,1092,150,22.1,.926179,2,0,0,150
2005,6,26,3,4,1092,0,220,.926179,2,1,0,0
2005,6,26,3,4,1092,41.5,40,.926179,2,0,0,42.643034
2005,6,26,3,4,1092,44,45,.926179,2,0,0,42.643034
2005,6,26,3,4,1092,95,28,.926179,2,0,0,42.643034
2005,6,26,3,4,1092,150,22.1,.926179,2,0,0,150
2005,6,26,4,4,1092,0,220,.926179,2,1,0,0
2005,6,26,4,4,1092,41.5,40,.926179,2,0,0,42.643034
2005,6,26,4,4,1092,44,45,.926179,2,0,0,42.643034
2005,6,26,4,4,1092,95,28,.926179,2,0,0,42.643034
2005,6,26,4,4,1092,150,22.1,.926179,2,0,0,150
2005,6,26,5,4,1092,0,220,.926179,2,1,0,0
2005,6,26,5,4,1092,41.5,40,.926179,2,0,0,42.643034
2005,6,26,5,4,1092,44,45,.926179,2,0,0,42.643034
2005,6,26,5,4,1092,95,28,.926179,2,0,0,42.643034
2005,6,26,5,4,1092,150,22.1,.926179,2,0,0,150
2005,6,26,6,4,1092,0,220,.926179,2,1,0,0
2005,6,26,6,4,1092,41.5,40,.926179,2,0,0,42.643034
2005,6,26,6,4,1092,44,45,.926179,2,0,0,42.643034
2005,6,26,6,4,1092,95,28,.926179,2,0,0,42.643034
2005,6,26,6,4,1092,150,22.1,.926179,2,0,0,150
2005,6,26,7,4,1092,0,220,.926179,2,1,0,0
2005,6,26,7,4,1092,41.5,40,.926179,2,0,0,42.643034
2005,6,26,7,4,1092,44,45,.926179,2,0,0,42.643034
2005,6,26,7,4,1092,95,28,.926179,2,0,0,42.643034
2005,6,26,7,4,1092,150,22.1,.926179,2,0,0,150
2005,6,26,8,4,1092,0,220,.926179,2,1,0,0
2005,6,26,8,4,1092,41.5,40,.926179,2,0,0,42.643034
2005,6,26,8,4,1092,44,45,.926179,2,0,0,42.643034
2005,6,26,8,4,1092,95,28,.926179,2,0,0,42.643034
2005,6,26,8,4,1092,150,22.1,.926179,2,0,0,150
2005,6,26,9,4,1092,0,220,.926179,2,1,0,0
2005,6,26,9,4,1092,41.5,40,.926179,2,0,0,42.643034
2005,6,26,9,4,1092,44,45,.926179,2,0,0,42.643034
2005,6,26,9,4,1092,95,28,.926179,2,0,0,42.643034
2005,6,26,9,4,1092,150,22.1,.926179,2,0,0,150
2005,6,26,10,4,1092,0,220,.926179,2,1,0,0
2005,6,26,10,4,1092,41.5,40,.926179,2,0,0,42.643034
2005,6,26,10,4,1092,44,45,.926179,2,0,0,42.643034
2005,6,26,10,4,1092,95,28,.926179,2,0,0,42.643034
2005,6,26,10,4,1092,150,22.1,.926179,2,0,0,150
2005,6,26,11,4,1092,0,220,.926179,2,1,0,0
2005,6,26,11,4,1092,41.5,40,.926179,2,0,0,42.643034
2005,6,26,11,4,1092,44,45,.926179,2,0,0,42.643034
2005,6,26,11,4,1092,95,28,.926179,2,0,0,42.643034
2005,6,26,11,4,1092,150,22.1,.926179,2,0,0,150
2005,6,26,12,4,1092,0,280,.926179,2,1,0,0
2005,6,26,12,4,1092,95,28,.926179,2,0,0,42.643034
2005,6,26,12,4,1092,150,22.1,.926179,2,0,0,150
2005,6,26,13,4,1092,0,305,.926179,2,1,0,0
2005,6,26,13,4,1092,95,28,.926179,2,0,0,42.643034
2005,6,26,13,4,1092,150,22.1,.926179,2,0,0,150
2005,6,26,14,4,1092,0,305,.926179,2,1,0,0
2005,6,26,14,4,1092,95,28,.926179,2,0,0,42.643034
2005,6,26,14,4,1092,150,22.1,.926179,2,0,0,150
2005,6,26,15,4,1092,0,305,.926179,2,1,0,0
2005,6,26,15,4,1092,95,28,.926179,2,0,0,42.643034
2005,6,26,15,4,1092,150,22.1,.926179,2,0,0,150
2005,6,26,16,4,1092,0,305,.926179,2,1,0,0
2005,6,26,16,4,1092,95,28,.926179,2,0,0,42.643034
2005,6,26,16,4,1092,150,22.1,.926179,2,0,0,150
2005,6,26,17,4,1092,0,305,.926179,2,1,0,0
2005,6,26,17,4,1092,95,28,.926179,2,0,0,42.643034
2005,6,26,17,4,1092,150,22.1,.926179,2,0,0,150
2005,6,26,18,4,1092,0,305,.926179,2,1,0,0
2005,6,26,18,4,1092,95,28,.926179,2,0,0,42.643034
2005,6,26,18,4,1092,150,22.1,.926179,2,0,0,150
2005,6,26,19,4,1092,0,305,.926179,2,1,0,0
2005,6,26,19,4,1092,95,28,.926179,2,0,0,42.643034
2005,6,26,19,4,1092,150,22.1,.926179,2,0,0,150
2005,6,26,20,4,1092,0,305,.926179,2,1,0,0
2005,6,26,20,4,1092,95,28,.926179,2,0,0,42.643034
2005,6,26,20,4,1092,150,22.1,.926179,2,0,0,150
2005,6,26,21,4,1092,0,305,.926179,2,1,0,0
2005,6,26,21,4,1092,95,28,.926179,2,0,0,42.643034
2005,6,26,21,4,1092,150,22.1,.926179,2,0,0,150
2005,6,26,22,4,1092,0,305,.926179,2,1,0,0
2005,6,26,22,4,1092,95,28,.926179,2,0,0,42.643034
2005,6,26,22,4,1092,150,22.1,.926179,2,0,0,150
2005,6,26,23,4,1092,0,305,.926179,2,1,0,0
2005,6,26,23,4,1092,95,28,.926179,2,0,0,42.643034
2005,6,26,23,4,1092,150,22.1,.926179,2,0,0,150
2005,6,26,24,4,1092,0,305,.926179,2,1,0,0
2005,6,26,24,4,1092,95,28,.926179,2,0,0,42.643034
2005,6,26,24,4,1092,150,22.1,.926179,2,0,0,150
2005,6,26,1,9,208,0,22.3,0,2,1,0,0
2005,6,26,2,9,208,0,22.4,0,2,1,0,0
2005,6,26,3,9,208,0,22.4,0,2,1,0,0
2005,6,26,4,9,208,0,22.5,0,2,1,0,0
2005,6,26,5,9,208,0,22.6,0,2,1,0,0
2005,6,26,6,9,208,0,22.6,0,2,1,0,0
2005,6,26,7,9,208,0,22.6,0,2,1,0,0
2005,6,26,8,9,208,0,22.6,0,2,1,0,0
2005,6,26,9,9,208,0,22.4,0,2,1,0,0
2005,6,26,10,9,208,0,22.3,0,2,1,0,0
2005,6,26,11,9,208,0,22.2,0,2,1,0,0
2005,6,26,12,9,208,0,22.1,0,2,1,0,0
2005,6,26,13,9,208,0,22,0,2,1,0,0
2005,6,26,14,9,208,0,21.9,0,2,1,0,0
2005,6,26,15,9,208,0,21.8,0,2,1,0,0
2005,6,26,16,9,208,0,21.7,0,2,1,0,0
2005,6,26,17,9,208,0,21.6,0,2,1,0,0
2005,6,26,18,9,208,0,21.5,0,2,1,0,0
2005,6,26,19,9,208,0,21.5,0,2,1,0,0
2005,6,26,20,9,208,0,21.6,0,2,1,0,0
2005,6,26,21,9,208,0,21.7,0,2,1,0,0
2005,6,26,22,9,208,0,21.9,0,2,1,0,0
2005,6,26,23,9,208,0,22.1,0,2,1,0,0
2005,6,26,24,9,208,0,22.3,0,2,1,0,0
2005,6,26,1,9,209,0,48,0,2,1,0,0
2005,6,26,2,9,209,0,48,0,2,1,0,0
2005,6,26,3,9,209,0,48,0,2,1,0,0
2005,6,26,4,9,209,0,48,0,2,1,0,0
2005,6,26,5,9,209,0,48,0,2,1,0,0
2005,6,26,6,9,209,0,49,0,2,1,0,0
2005,6,26,7,9,209,0,49,0,2,1,0,0
2005,6,26,8,9,209,0,49,0,2,1,0,0
2005,6,26,9,9,209,0,49,0,2,1,0,0
2005,6,26,10,9,209,0,47,0,2,1,0,0
2005,6,26,11,9,209,0,47,0,2,1,0,0
2005,6,26,12,9,209,0,47,0,2,1,0,0
2005,6,26,13,9,209,0,47,0,2,1,0,0
2005,6,26,14,9,209,0,47,0,2,1,0,0
2005,6,26,15,9,209,0,47,0,2,1,0,0
2005,6,26,16,9,209,0,47,0,2,1,0,0
2005,6,26,17,9,209,0,47,0,2,1,0,0
2005,6,26,18,9,209,0,47,0,2,1,0,0
2005,6,26,19,9,209,0,47,0,2,1,0,0
2005,6,26,20,9,209,0,47,0,2,1,0,0
2005,6,26,21,9,209,0,48,0,2,1,0,0
2005,6,26,22,9,209,0,47,0,2,1,0,0
2005,6,26,23,9,209,0,47,0,2,1,0,0
2005,6,26,24,9,209,0,47,0,2,1,0,0
2005,6,26,1,9,210,0,69.9,0,2,1,0,0
2005,6,26,1,9,210,180.3,72.8,0,2,0,0,180.3
2005,6,26,2,9,210,0,70.1,0,2,1,0,0
2005,6,26,2,9,210,180.3,72.6,0,2,0,0,180.3
2005,6,26,3,9,210,0,70.4,0,2,1,0,0
2005,6,26,3,9,210,180.3,72.3,0,2,0,0,180.3
2005,6,26,4,9,210,0,70.6,0,2,1,0,0
2005,6,26,4,9,210,180.3,72.1,0,2,0,0,180.3
2005,6,26,5,9,210,0,70.5,0,2,1,0,0
2005,6,26,5,9,210,180.3,72.2,0,2,0,0,180.3
2005,6,26,6,9,210,0,70.4,0,2,1,0,0
2005,6,26,6,9,210,180.3,72.3,0,2,0,0,180.3
2005,6,26,7,9,210,0,71,0,2,1,0,0
2005,6,26,7,9,210,180.3,71.7,0,2,0,0,180.3
2005,6,26,8,9,210,0,71,0,2,1,0,0
2005,6,26,8,9,210,180.3,71.7,0,2,0,0,180.3
2005,6,26,9,9,210,0,70.4,0,2,1,0,0
2005,6,26,9,9,210,180.3,72.3,0,2,0,0,180.3
2005,6,26,10,9,210,0,70.6,0,2,1,0,0
2005,6,26,10,9,210,180.3,72.1,0,2,0,0,180.3
2005,6,26,11,9,210,0,70.3,0,2,1,0,0
2005,6,26,11,9,210,180.3,72.4,0,2,0,0,180.3
2005,6,26,12,9,210,0,69.9,0,2,1,0,0
2005,6,26,12,9,210,180.3,72.8,0,2,0,0,180.3
2005,6,26,13,9,210,0,69.1,0,2,1,0,0
2005,6,26,13,9,210,180.3,73.6,0,2,0,0,180.3
2005,6,26,14,9,210,0,68.8,0,2,1,0,0
2005,6,26,14,9,210,180.3,73.9,0,2,0,0,180.3
2005,6,26,15,9,210,0,68.5,0,2,1,0,0
2005,6,26,15,9,210,180.3,74.2,0,2,0,0,180.3
2005,6,26,16,9,210,0,68.2,0,2,1,0,0
2005,6,26,16,9,210,180.3,74.5,0,2,0,0,180.3
2005,6,26,17,9,210,0,68,0,2,1,0,0
2005,6,26,17,9,210,180.3,74.7,0,2,0,0,180.3
2005,6,26,18,9,210,0,67.9,0,2,1,0,0
2005,6,26,18,9,210,180.3,74.8,0,2,0,0,180.3
2005,6,26,19,9,210,0,68.4,0,2,1,0,0
2005,6,26,19,9,210,180.3,74.3,0,2,0,0,180.3
2005,6,26,20,9,210,0,68.8,0,2,1,0,0
2005,6,26,20,9,210,180.3,73.9,0,2,0,0,180.3
2005,6,26,21,9,210,0,69.1,0,2,1,0,0
2005,6,26,21,9,210,180.3,73.6,0,2,0,0,180.3
2005,6,26,22,9,210,0,69.3,0,2,1,0,0
2005,6,26,22,9,210,180.3,73.4,0,2,0,0,180.3
2005,6,26,23,9,210,0,69.7,0,2,1,0,0
2005,6,26,23,9,210,180.3,73,0,2,0,0,180.3
2005,6,26,24,9,210,0,69.8,0,2,1,0,0
2005,6,26,24,9,210,180.3,72.9,0,2,0,0,180.3
2005,6,26,1,9,211,0,16.5,0,2,1,0,0
2005,6,26,2,9,211,0,16.5,0,2,1,0,0
2005,6,26,3,9,211,0,16.5,0,2,1,0,0
2005,6,26,4,9,211,0,16.5,0,2,1,0,0
2005,6,26,5,9,211,0,16.5,0,2,1,0,0
2005,6,26,6,9,211,0,16.5,0,2,1,0,0
2005,6,26,7,9,211,0,16.5,0,2,1,0,0
2005,6,26,8,9,211,0,16.3,0,2,1,0,0
2005,6,26,9,9,211,0,15.8,0,2,1,0,0
2005,6,26,10,9,211,0,15.6,0,2,1,0,0
2005,6,26,11,9,211,0,20.5,0,2,1,0,0
2005,6,26,12,9,211,0,20.6,0,2,1,0,0
2005,6,26,13,9,211,0,20.7,0,2,1,0,0
2005,6,26,14,9,211,0,21.1,0,2,1,0,0
2005,6,26,15,9,211,0,21.1,0,2,1,0,0
2005,6,26,16,9,211,0,21.1,0,2,1,0,0
2005,6,26,17,9,211,0,21.1,0,2,1,0,0
2005,6,26,18,9,211,0,21.1,0,2,1,0,0
2005,6,26,19,9,211,0,21.1,0,2,1,0,0
2005,6,26,20,9,211,0,21.1,0,2,1,0,0
2005,6,26,21,9,211,0,21.4,0,2,1,0,0
2005,6,26,22,9,211,0,21.6,0,2,1,0,0
2005,6,26,23,9,211,0,21.6,0,2,1,0,0
2005,6,26,24,9,211,0,21.2,0,2,1,0,0
2005,6,26,1,2,212,0,7,0,2,1,0,0
2005,6,26,1,2,212,80.01,7.5,0,2,0,0,80.01
2005,6,26,1,2,212,81.69,7.5,0,2,0,0,81.69
2005,6,26,1,2,212,83.36,7.5,0,2,0,0,83.36
2005,6,26,1,2,212,85.04,7.5,0,2,0,0,85.04
2005,6,26,2,2,212,0,7,0,2,1,0,0
2005,6,26,2,2,212,80.01,7.5,0,2,0,0,80.01
2005,6,26,2,2,212,81.69,7.5,0,2,0,0,81.69
2005,6,26,2,2,212,83.36,7.5,0,2,0,0,83.36
2005,6,26,2,2,212,85.04,7.5,0,2,0,0,85.04
2005,6,26,3,2,212,0,7,0,2,1,0,0
2005,6,26,3,2,212,80.01,7.5,0,2,0,0,80.01
2005,6,26,3,2,212,81.69,7.5,0,2,0,0,81.69
2005,6,26,3,2,212,83.36,7.5,0,2,0,0,83.36
2005,6,26,3,2,212,85.04,7.5,0,2,0,0,85.04
2005,6,26,4,2,212,0,7,0,2,1,0,0
2005,6,26,4,2,212,80.01,7.5,0,2,0,0,80.01
2005,6,26,4,2,212,81.69,7.5,0,2,0,0,81.69
2005,6,26,4,2,212,83.36,7.5,0,2,0,0,83.36
2005,6,26,4,2,212,85.04,7.5,0,2,0,0,85.04
2005,6,26,5,2,212,0,7,0,2,1,0,0
2005,6,26,5,2,212,80.01,7.5,0,2,0,0,80.01
2005,6,26,5,2,212,81.69,7.5,0,2,0,0,81.69
2005,6,26,5,2,212,83.36,7.5,0,2,0,0,83.36
2005,6,26,5,2,212,85.04,7.5,0,2,0,0,85.04
2005,6,26,6,2,212,0,7,0,2,1,0,0
2005,6,26,6,2,212,80.01,7.5,0,2,0,0,80.01
2005,6,26,6,2,212,81.69,7.5,0,2,0,0,81.69
2005,6,26,6,2,212,83.36,7.5,0,2,0,0,83.36
2005,6,26,6,2,212,85.04,7.5,0,2,0,0,85.04
2005,6,26,7,2,212,0,7,0,2,1,0,0
2005,6,26,7,2,212,80.01,7.5,0,2,0,0,80.01
2005,6,26,7,2,212,81.69,7.5,0,2,0,0,81.69
2005,6,26,7,2,212,83.36,7.5,0,2,0,0,83.36
2005,6,26,7,2,212,85.04,7.5,0,2,0,0,85.04
2005,6,26,8,2,212,0,7,0,2,1,0,0
2005,6,26,8,2,212,80.01,7.5,0,2,0,0,80.01
2005,6,26,8,2,212,81.69,7.5,0,2,0,0,81.69
2005,6,26,8,2,212,83.36,7.5,0,2,0,0,83.36
2005,6,26,8,2,212,85.04,7.5,0,2,0,0,85.04
2005,6,26,9,2,212,0,7,0,2,1,0,0
2005,6,26,9,2,212,80.01,7.5,0,2,0,0,80.01
2005,6,26,9,2,212,81.69,7.5,0,2,0,0,81.69
2005,6,26,9,2,212,83.36,7.5,0,2,0,0,83.36
2005,6,26,9,2,212,85.04,7.5,0,2,0,0,85.04
2005,6,26,10,2,212,0,7,0,2,1,0,0
2005,6,26,10,2,212,80.01,7.5,0,2,0,0,80.01
2005,6,26,10,2,212,81.69,7.5,0,2,0,0,81.69
2005,6,26,10,2,212,83.36,7.5,0,2,0,0,83.36
2005,6,26,10,2,212,85.04,7.5,0,2,0,0,85.04
2005,6,26,11,2,212,0,28.9,0,2,1,0,0
2005,6,26,11,2,212,80.01,7.5,0,2,0,0,80.01
2005,6,26,11,2,212,81.69,7.5,0,2,0,0,81.69
2005,6,26,11,2,212,83.36,7.5,0,2,0,0,83.36
2005,6,26,11,2,212,85.04,7.5,0,2,0,0,85.04
2005,6,26,12,2,212,0,43,0,2,1,0,0
2005,6,26,12,2,212,80.01,7.5,0,2,0,0,80.01
2005,6,26,12,2,212,81.69,7.5,0,2,0,0,81.69
2005,6,26,12,2,212,83.36,7.5,0,2,0,0,83.36
2005,6,26,12,2,212,85.04,7.5,0,2,0,0,85.04
2005,6,26,13,2,212,0,21.1,0,2,1,0,0
2005,6,26,13,2,212,80.01,7.5,0,2,0,0,80.01
2005,6,26,13,2,212,81.69,7.5,0,2,0,0,81.69
2005,6,26,13,2,212,83.36,7.5,0,2,0,0,83.36
2005,6,26,13,2,212,85.04,7.5,0,2,0,0,85.04
2005,6,26,14,2,212,0,21.1,0,2,1,0,0
2005,6,26,14,2,212,80.01,7.5,0,2,0,0,80.01
2005,6,26,14,2,212,81.69,7.5,0,2,0,0,81.69
2005,6,26,14,2,212,83.36,7.5,0,2,0,0,83.36
2005,6,26,14,2,212,85.04,7.5,0,2,0,0,85.04
2005,6,26,15,2,212,0,21.1,0,2,1,0,0
2005,6,26,15,2,212,80.01,7.5,0,2,0,0,80.01
2005,6,26,15,2,212,81.69,7.5,0,2,0,0,81.69
2005,6,26,15,2,212,83.36,7.5,0,2,0,0,83.36
2005,6,26,15,2,212,85.04,7.5,0,2,0,0,85.04
2005,6,26,16,2,212,0,7,0,2,1,0,0
2005,6,26,16,2,212,80.01,7.5,0,2,0,0,80.01
2005,6,26,16,2,212,81.69,7.5,0,2,0,0,81.69
2005,6,26,16,2,212,83.36,7.5,0,2,0,0,83.36
2005,6,26,16,2,212,85.04,7.5,0,2,0,0,85.04
2005,6,26,17,2,212,0,7,0,2,1,0,0
2005,6,26,17,2,212,80.01,7.5,0,2,0,0,80.01
2005,6,26,17,2,212,81.69,7.5,0,2,0,0,81.69
2005,6,26,17,2,212,83.36,7.5,0,2,0,0,83.36
2005,6,26,17,2,212,85.04,7.5,0,2,0,0,85.04
2005,6,26,18,2,212,0,7,0,2,1,0,0
2005,6,26,18,2,212,80.01,7.5,0,2,0,0,80.01
2005,6,26,18,2,212,81.69,7.5,0,2,0,0,81.69
2005,6,26,18,2,212,83.36,7.5,0,2,0,0,83.36
2005,6,26,18,2,212,85.04,7.5,0,2,0,0,85.04
2005,6,26,19,2,212,0,7,0,2,1,0,0
2005,6,26,19,2,212,80.01,7.5,0,2,0,0,80.01
2005,6,26,19,2,212,81.69,7.5,0,2,0,0,81.69
2005,6,26,19,2,212,83.36,7.5,0,2,0,0,83.36
2005,6,26,19,2,212,85.04,7.5,0,2,0,0,85.04
2005,6,26,20,2,212,0,7,0,2,1,0,0
2005,6,26,20,2,212,80.01,7.5,0,2,0,0,80.01
2005,6,26,20,2,212,81.69,7.5,0,2,0,0,81.69
2005,6,26,20,2,212,83.36,7.5,0,2,0,0,83.36
2005,6,26,20,2,212,85.04,7.5,0,2,0,0,85.04
2005,6,26,21,2,212,0,7,0,2,1,0,0
2005,6,26,21,2,212,80.01,7.5,0,2,0,0,80.01
2005,6,26,21,2,212,81.69,7.5,0,2,0,0,81.69
2005,6,26,21,2,212,83.36,7.5,0,2,0,0,83.36
2005,6,26,21,2,212,85.04,7.5,0,2,0,0,85.04
2005,6,26,22,2,212,0,19.8,0,2,1,0,0
2005,6,26,22,2,212,80.01,7.5,0,2,0,0,80.01
2005,6,26,22,2,212,81.69,7.5,0,2,0,0,81.69
2005,6,26,22,2,212,83.36,7.5,0,2,0,0,83.36
2005,6,26,22,2,212,85.04,7.5,0,2,0,0,85.04
2005,6,26,23,2,212,0,54.4,0,2,1,0,0
2005,6,26,23,2,212,80.01,7.5,0,2,0,0,80.01
2005,6,26,23,2,212,81.69,7.5,0,2,0,0,81.69
2005,6,26,23,2,212,83.36,7.5,0,2,0,0,83.36
2005,6,26,23,2,212,85.04,7.5,0,2,0,0,85.04
2005,6,26,24,2,212,0,54.4,0,2,1,0,0
2005,6,26,24,2,212,80.01,7.5,0,2,0,0,80.01
2005,6,26,24,2,212,81.69,7.5,0,2,0,0,81.69
2005,6,26,24,2,212,83.36,7.5,0,2,0,0,83.36
2005,6,26,24,2,212,85.04,7.5,0,2,0,0,85.04
2005,6,26,1,4,1096,173.91,113,.833154,2,0,0,173.91
2005,6,26,1,4,1096,180,2,.833154,2,0,0,180
2005,6,26,2,4,1096,173.91,113,.833154,2,0,0,173.91
2005,6,26,2,4,1096,180,2,.833154,2,0,0,180
2005,6,26,3,4,1096,173.91,113,.833154,2,0,0,173.91
2005,6,26,3,4,1096,180,2,.833154,2,0,0,180
2005,6,26,4,4,1096,173.91,113,.833154,2,0,0,173.91
2005,6,26,4,4,1096,180,2,.833154,2,0,0,180
2005,6,26,5,4,1096,173.91,113,.833154,2,0,0,173.91
2005,6,26,5,4,1096,180,2,.833154,2,0,0,180
2005,6,26,6,4,1096,173.91,113,.833154,2,0,0,173.91
2005,6,26,6,4,1096,180,2,.833154,2,0,0,180
2005,6,26,7,4,1096,173.91,113,.833154,2,0,0,173.91
2005,6,26,7,4,1096,180,2,.833154,2,0,0,180
2005,6,26,8,4,1096,173.91,113,.833154,2,0,0,173.91
2005,6,26,8,4,1096,180,2,.833154,2,0,0,180
2005,6,26,9,4,1096,173.91,113,.833154,2,0,0,173.91
2005,6,26,9,4,1096,180,2,.833154,2,0,0,180
2005,6,26,10,4,1096,173.91,113,.833154,2,0,0,173.91
2005,6,26,10,4,1096,180,2,.833154,2,0,0,180
2005,6,26,11,4,1096,173.91,113,.833154,2,0,0,173.91
2005,6,26,11,4,1096,180,2,.833154,2,0,0,180
2005,6,26,12,4,1096,173.91,113,.833154,2,0,0,173.91
2005,6,26,12,4,1096,180,2,.833154,2,0,0,180
2005,6,26,13,4,1096,173.91,113,.833154,2,0,0,173.91
2005,6,26,13,4,1096,180,2,.833154,2,0,0,180
2005,6,26,14,4,1096,173.91,113,.833154,2,0,0,173.91
2005,6,26,14,4,1096,180,2,.833154,2,0,0,180
2005,6,26,15,4,1096,173.91,113,.833154,2,0,0,173.91
2005,6,26,15,4,1096,180,2,.833154,2,0,0,180
2005,6,26,16,4,1096,173.91,113,.833154,2,0,0,173.91
2005,6,26,16,4,1096,180,2,.833154,2,0,0,180
2005,6,26,17,4,1096,173.91,113,.833154,2,0,0,173.91
2005,6,26,17,4,1096,180,2,.833154,2,0,0,180
2005,6,26,18,4,1096,173.91,113,.833154,2,0,0,173.91
2005,6,26,18,4,1096,180,2,.833154,2,0,0,180
2005,6,26,19,4,1096,173.91,113,.833154,2,0,0,173.91
2005,6,26,19,4,1096,180,2,.833154,2,0,0,180
2005,6,26,20,4,1096,173.91,113,.833154,2,0,0,173.91
2005,6,26,20,4,1096,180,2,.833154,2,0,0,180
2005,6,26,21,4,1096,173.91,113,.833154,2,0,0,173.91
2005,6,26,21,4,1096,180,2,.833154,2,0,0,180
2005,6,26,22,4,1096,173.91,113,.833154,2,0,0,173.91
2005,6,26,22,4,1096,180,2,.833154,2,0,0,180
2005,6,26,23,4,1096,173.91,113,.833154,2,0,0,173.91
2005,6,26,23,4,1096,180,2,.833154,2,0,0,180
2005,6,26,24,4,1096,173.91,113,.833154,2,0,0,173.91
2005,6,26,24,4,1096,180,2,.833154,2,0,0,180
2005,6,26,1,4,1097,115.66,319,.833154,2,0,0,77.551468
2005,6,26,1,4,1097,150,13.5,.833154,2,0,0,150
2005,6,26,2,4,1097,115.66,319,.833154,2,0,0,77.551468
2005,6,26,2,4,1097,150,13.5,.833154,2,0,0,150
2005,6,26,3,4,1097,115.66,319,.833154,2,0,0,77.551468
2005,6,26,3,4,1097,150,13.5,.833154,2,0,0,150
2005,6,26,4,4,1097,115.66,319,.833154,2,0,0,77.551468
2005,6,26,4,4,1097,150,13.5,.833154,2,0,0,150
2005,6,26,5,4,1097,115.66,319,.833154,2,0,0,77.551468
2005,6,26,5,4,1097,150,13.5,.833154,2,0,0,150
2005,6,26,6,4,1097,115.66,319,.833154,2,0,0,77.551468
2005,6,26,6,4,1097,150,13.5,.833154,2,0,0,150
2005,6,26,7,4,1097,115.66,319,.833154,2,0,0,77.551468
2005,6,26,7,4,1097,150,13.5,.833154,2,0,0,150
2005,6,26,8,4,1097,115.66,319,.833154,2,0,0,77.551468
2005,6,26,8,4,1097,150,13.5,.833154,2,0,0,150
2005,6,26,9,4,1097,115.66,319,.833154,2,0,0,77.551468
2005,6,26,9,4,1097,150,13.5,.833154,2,0,0,150
2005,6,26,10,4,1097,115.66,319,.833154,2,0,0,77.551468
2005,6,26,10,4,1097,150,13.5,.833154,2,0,0,150
2005,6,26,11,4,1097,115.66,319,.833154,2,0,0,77.551468
2005,6,26,11,4,1097,150,13.5,.833154,2,0,0,150
2005,6,26,12,4,1097,115.66,319,.833154,2,0,0,77.551468
2005,6,26,12,4,1097,150,13.5,.833154,2,0,0,150
2005,6,26,13,4,1097,115.66,319,.833154,2,0,0,77.551468
2005,6,26,13,4,1097,150,13.5,.833154,2,0,0,150
2005,6,26,14,4,1097,115.66,319,.833154,2,0,0,77.551468
2005,6,26,14,4,1097,150,13.5,.833154,2,0,0,150
2005,6,26,15,4,1097,115.66,319,.833154,2,0,0,77.551468
2005,6,26,15,4,1097,150,13.5,.833154,2,0,0,150
2005,6,26,16,4,1097,115.66,319,.833154,2,0,0,77.551468
2005,6,26,16,4,1097,150,13.5,.833154,2,0,0,150
2005,6,26,17,4,1097,115.66,319,.833154,2,0,0,77.551468
2005,6,26,17,4,1097,150,13.5,.833154,2,0,0,150
2005,6,26,18,4,1097,115.66,319,.833154,2,0,0,77.551468
2005,6,26,18,4,1097,150,13.5,.833154,2,0,0,150
2005,6,26,19,4,1097,115.66,319,.833154,2,0,0,77.551468
2005,6,26,19,4,1097,150,13.5,.833154,2,0,0,150
2005,6,26,20,4,1097,115.66,319,.833154,2,0,0,77.551468
2005,6,26,20,4,1097,150,13.5,.833154,2,0,0,150
2005,6,26,21,4,1097,115.66,319,.833154,2,0,0,77.551468
2005,6,26,21,4,1097,150,13.5,.833154,2,0,0,150
2005,6,26,22,4,1097,115.66,319,.833154,2,0,0,77.551468
2005,6,26,22,4,1097,150,13.5,.833154,2,0,0,150
2005,6,26,23,4,1097,115.66,319,.833154,2,0,0,77.551468
2005,6,26,23,4,1097,150,13.5,.833154,2,0,0,150
2005,6,26,24,4,1097,115.66,319,.833154,2,0,0,77.551468
2005,6,26,24,4,1097,150,13.5,.833154,2,0,0,150
2005,6,26,1,9,215,73,5.1,0,1,1,0,73
2005,6,26,2,9,215,58,4.9,0,1,1,0,58
2005,6,26,3,9,215,58,4.8,0,1,1,0,58
2005,6,26,4,9,215,58,4.7,0,1,1,0,58
2005,6,26,5,9,215,55,4.6,0,1,1,0,55
2005,6,26,6,9,215,58,4.3,0,1,1,0,58
2005,6,26,7,9,215,55,4.4,0,1,1,0,55
2005,6,26,8,9,215,79,4.6,0,1,1,0,79
2005,6,26,9,9,215,83,5,0,1,1,0,83
2005,6,26,10,9,215,93,5.1,0,1,1,0,93
2005,6,26,11,9,215,112,5.4,0,1,1,0,112
2005,6,26,12,9,215,125,5.4,0,1,1,0,125
2005,6,26,13,9,215,132,5.3,0,1,1,0,132
2005,6,26,14,9,215,125,5.2,0,1,1,0,125
2005,6,26,15,9,215,126,5.3,0,1,1,0,126
2005,6,26,16,9,215,135,5.6,0,1,1,0,135
2005,6,26,17,9,215,139,5.7,0,1,1,0,139
2005,6,26,18,9,215,139,5.7,0,1,1,0,139
2005,6,26,19,9,215,139,5.5,0,1,1,0,139
2005,6,26,20,9,215,128,5.2,0,1,1,0,128
2005,6,26,21,9,215,118,5.1,0,1,1,0,118
2005,6,26,22,9,215,106,5.2,0,1,1,0,106
2005,6,26,23,9,215,106,6.4,0,1,1,0,106
2005,6,26,24,9,215,89,6.6,0,1,1,0,89
2005,6,26,18,9,216,.1,1,0,1,0,0,.1
2005,6,26,2,9,217,0,25,0,2,1,0,0
2005,6,26,3,9,217,0,25,0,2,1,0,0
2005,6,26,4,9,217,0,25,0,2,1,0,0
2005,6,26,5,9,217,0,23.6,0,2,1,0,0
2005,6,26,6,9,217,0,23.6,0,2,1,0,0
2005,6,26,7,9,217,0,23.3,0,2,1,0,0
2005,6,26,8,9,217,0,23.2,0,2,1,0,0
2005,6,26,9,9,217,0,23.1,0,2,1,0,0
2005,6,26,10,9,217,0,20.7,0,2,1,0,0
2005,6,26,11,9,217,0,21.2,0,2,1,0,0
2005,6,26,12,9,217,0,21.2,0,2,1,0,0
2005,6,26,13,9,217,0,21.2,0,2,1,0,0
2005,6,26,14,9,217,0,20.9,0,2,1,0,0
2005,6,26,15,9,217,0,20.7,0,2,1,0,0
2005,6,26,16,9,217,0,20.7,0,2,1,0,0
2005,6,26,17,9,217,0,21.1,0,2,1,0,0
2005,6,26,18,9,217,0,21,0,2,1,0,0
2005,6,26,19,9,217,0,21.6,0,2,1,0,0
2005,6,26,20,9,217,0,21.6,0,2,1,0,0
2005,6,26,1,1,218,0,51.6,0,2,1,0,0
2005,6,26,1,1,218,86.68,87,0,2,0,0,86.68
2005,6,26,1,1,218,89.86,70,0,2,0,0,89.86
2005,6,26,1,1,218,93.04,87,0,2,0,0,93.04
2005,6,26,1,1,218,94.63,87,0,2,0,0,94.63
2005,6,26,1,1,218,96.22,70,0,2,0,0,96.22
2005,6,26,1,1,218,99.4,79,0,2,0,0,99.4
2005,6,26,1,1,218,121.25,80,0,2,0,0,121.25
2005,6,26,1,1,218,127.66,361.7,0,2,0,0,127.66
2005,6,26,2,1,218,0,46.6,0,2,1,0,0
2005,6,26,2,1,218,86.68,87,0,2,0,0,86.68
2005,6,26,2,1,218,89.86,70,0,2,0,0,89.86
2005,6,26,2,1,218,93.04,87,0,2,0,0,93.04
2005,6,26,2,1,218,94.63,87,0,2,0,0,94.63
2005,6,26,2,1,218,96.22,70,0,2,0,0,96.22
2005,6,26,2,1,218,99.4,79,0,2,0,0,99.4
2005,6,26,2,1,218,121.25,80,0,2,0,0,121.25
2005,6,26,2,1,218,127.66,366.7,0,2,0,0,127.66
2005,6,26,3,1,218,0,45.7,0,2,1,0,0
2005,6,26,3,1,218,86.68,87,0,2,0,0,86.68
2005,6,26,3,1,218,89.86,70,0,2,0,0,89.86
2005,6,26,3,1,218,93.04,87,0,2,0,0,93.04
2005,6,26,3,1,218,94.63,87,0,2,0,0,94.63
2005,6,26,3,1,218,96.22,70,0,2,0,0,96.22
2005,6,26,3,1,218,99.4,79,0,2,0,0,99.4
2005,6,26,3,1,218,121.25,80,0,2,0,0,121.25
2005,6,26,3,1,218,127.66,367.6,0,2,0,0,127.66
2005,6,26,4,1,218,0,45.7,0,2,1,0,0
2005,6,26,4,1,218,86.68,87,0,2,0,0,86.68
2005,6,26,4,1,218,89.86,70,0,2,0,0,89.86
2005,6,26,4,1,218,93.04,87,0,2,0,0,93.04
2005,6,26,4,1,218,94.63,87,0,2,0,0,94.63
2005,6,26,4,1,218,96.22,70,0,2,0,0,96.22
2005,6,26,4,1,218,99.4,79,0,2,0,0,99.4
2005,6,26,4,1,218,121.25,80,0,2,0,0,121.25
2005,6,26,4,1,218,127.66,367.6,0,2,0,0,127.66
2005,6,26,5,1,218,0,45.7,0,2,1,0,0
2005,6,26,5,1,218,86.68,87,0,2,0,0,86.68
2005,6,26,5,1,218,89.86,70,0,2,0,0,89.86
2005,6,26,5,1,218,93.04,87,0,2,0,0,93.04
2005,6,26,5,1,218,94.63,87,0,2,0,0,94.63
2005,6,26,5,1,218,96.22,70,0,2,0,0,96.22
2005,6,26,5,1,218,99.4,79,0,2,0,0,99.4
2005,6,26,5,1,218,121.25,80,0,2,0,0,121.25
2005,6,26,5,1,218,127.66,367.6,0,2,0,0,127.66
2005,6,26,6,1,218,0,45.7,0,2,1,0,0
2005,6,26,6,1,218,86.68,87,0,2,0,0,86.68
2005,6,26,6,1,218,89.86,70,0,2,0,0,89.86
2005,6,26,6,1,218,93.04,87,0,2,0,0,93.04
2005,6,26,6,1,218,94.63,87,0,2,0,0,94.63
2005,6,26,6,1,218,96.22,70,0,2,0,0,96.22
2005,6,26,6,1,218,99.4,79,0,2,0,0,99.4
2005,6,26,6,1,218,121.25,80,0,2,0,0,121.25
2005,6,26,6,1,218,127.66,367.6,0,2,0,0,127.66
2005,6,26,7,1,218,0,45.7,0,2,1,0,0
2005,6,26,7,1,218,86.68,87,0,2,0,0,86.68
2005,6,26,7,1,218,89.86,70,0,2,0,0,89.86
2005,6,26,7,1,218,93.04,87,0,2,0,0,93.04
2005,6,26,7,1,218,94.63,87,0,2,0,0,94.63
2005,6,26,7,1,218,96.22,70,0,2,0,0,96.22
2005,6,26,7,1,218,99.4,79,0,2,0,0,99.4
2005,6,26,7,1,218,121.25,80,0,2,0,0,121.25
2005,6,26,7,1,218,127.66,367.6,0,2,0,0,127.66
2005,6,26,8,1,218,0,45.7,0,2,1,0,0
2005,6,26,8,1,218,86.68,87,0,2,0,0,86.68
2005,6,26,8,1,218,89.86,70,0,2,0,0,89.86
2005,6,26,8,1,218,93.04,87,0,2,0,0,93.04
2005,6,26,8,1,218,94.63,87,0,2,0,0,94.63
2005,6,26,8,1,218,96.22,70,0,2,0,0,96.22
2005,6,26,8,1,218,99.4,79,0,2,0,0,99.4
2005,6,26,8,1,218,121.25,80,0,2,0,0,121.25
2005,6,26,8,1,218,127.66,367.6,0,2,0,0,127.66
2005,6,26,9,1,218,0,45.7,0,2,1,0,0
2005,6,26,9,1,218,86.68,87,0,2,0,0,86.68
2005,6,26,9,1,218,89.86,70,0,2,0,0,89.86
2005,6,26,9,1,218,93.04,87,0,2,0,0,93.04
2005,6,26,9,1,218,94.63,87,0,2,0,0,94.63
2005,6,26,9,1,218,96.22,70,0,2,0,0,96.22
2005,6,26,9,1,218,99.4,79,0,2,0,0,99.4
2005,6,26,9,1,218,121.25,80,0,2,0,0,121.25
2005,6,26,9,1,218,127.66,367.6,0,2,0,0,127.66
2005,6,26,10,1,218,0,45.7,0,2,1,0,0
2005,6,26,10,1,218,86.68,87,0,2,0,0,86.68
2005,6,26,10,1,218,89.86,70,0,2,0,0,89.86
2005,6,26,10,1,218,93.04,87,0,2,0,0,93.04
2005,6,26,10,1,218,94.63,87,0,2,0,0,94.63
2005,6,26,10,1,218,96.22,70,0,2,0,0,96.22
2005,6,26,10,1,218,99.4,79,0,2,0,0,99.4
2005,6,26,10,1,218,121.25,80,0,2,0,0,121.25
2005,6,26,10,1,218,127.66,367.6,0,2,0,0,127.66
2005,6,26,11,1,218,0,45.7,0,2,1,0,0
2005,6,26,11,1,218,86.68,87,0,2,0,0,86.68
2005,6,26,11,1,218,89.86,70,0,2,0,0,89.86
2005,6,26,11,1,218,93.04,87,0,2,0,0,93.04
2005,6,26,11,1,218,94.63,87,0,2,0,0,94.63
2005,6,26,11,1,218,96.22,70,0,2,0,0,96.22
2005,6,26,11,1,218,99.4,79,0,2,0,0,99.4
2005,6,26,11,1,218,121.25,80,0,2,0,0,121.25
2005,6,26,11,1,218,127.66,367.6,0,2,0,0,127.66
2005,6,26,12,1,218,0,45.7,0,2,1,0,0
2005,6,26,12,1,218,86.68,87,0,2,0,0,86.68
2005,6,26,12,1,218,89.86,70,0,2,0,0,89.86
2005,6,26,12,1,218,93.04,87,0,2,0,0,93.04
2005,6,26,12,1,218,94.63,87,0,2,0,0,94.63
2005,6,26,12,1,218,96.22,70,0,2,0,0,96.22
2005,6,26,12,1,218,99.4,79,0,2,0,0,99.4
2005,6,26,12,1,218,121.25,80,0,2,0,0,121.25
2005,6,26,12,1,218,127.66,367.6,0,2,0,0,127.66
2005,6,26,13,1,218,0,45.7,0,2,1,0,0
2005,6,26,13,1,218,86.68,87,0,2,0,0,86.68
2005,6,26,13,1,218,89.86,70,0,2,0,0,89.86
2005,6,26,13,1,218,93.04,87,0,2,0,0,93.04
2005,6,26,13,1,218,94.63,87,0,2,0,0,94.63
2005,6,26,13,1,218,96.22,70,0,2,0,0,96.22
2005,6,26,13,1,218,99.4,79,0,2,0,0,99.4
2005,6,26,13,1,218,121.25,80,0,2,0,0,121.25
2005,6,26,13,1,218,127.66,367.6,0,2,0,0,127.66
2005,6,26,14,1,218,0,45.7,0,2,1,0,0
2005,6,26,14,1,218,86.68,87,0,2,0,0,86.68
2005,6,26,14,1,218,89.86,70,0,2,0,0,89.86
2005,6,26,14,1,218,93.04,87,0,2,0,0,93.04
2005,6,26,14,1,218,94.63,87,0,2,0,0,94.63
2005,6,26,14,1,218,96.22,70,0,2,0,0,96.22
2005,6,26,14,1,218,99.4,79,0,2,0,0,99.4
2005,6,26,14,1,218,121.25,80,0,2,0,0,121.25
2005,6,26,14,1,218,127.66,367.6,0,2,0,0,127.66
2005,6,26,15,1,218,0,45.7,0,2,1,0,0
2005,6,26,15,1,218,86.68,87,0,2,0,0,86.68
2005,6,26,15,1,218,89.86,70,0,2,0,0,89.86
2005,6,26,15,1,218,93.04,87,0,2,0,0,93.04
2005,6,26,15,1,218,94.63,87,0,2,0,0,94.63
2005,6,26,15,1,218,96.22,70,0,2,0,0,96.22
2005,6,26,15,1,218,99.4,79,0,2,0,0,99.4
2005,6,26,15,1,218,121.25,80,0,2,0,0,121.25
2005,6,26,15,1,218,127.66,367.6,0,2,0,0,127.66
2005,6,26,16,1,218,0,45.7,0,2,1,0,0
2005,6,26,16,1,218,86.68,87,0,2,0,0,86.68
2005,6,26,16,1,218,89.86,70,0,2,0,0,89.86
2005,6,26,16,1,218,93.04,87,0,2,0,0,93.04
2005,6,26,16,1,218,94.63,87,0,2,0,0,94.63
2005,6,26,16,1,218,96.22,70,0,2,0,0,96.22
2005,6,26,16,1,218,99.4,79,0,2,0,0,99.4
2005,6,26,16,1,218,121.25,80,0,2,0,0,121.25
2005,6,26,16,1,218,127.66,367.6,0,2,0,0,127.66
2005,6,26,17,1,218,0,45.7,0,2,1,0,0
2005,6,26,17,1,218,86.68,87,0,2,0,0,86.68
2005,6,26,17,1,218,89.86,70,0,2,0,0,89.86
2005,6,26,17,1,218,93.04,87,0,2,0,0,93.04
2005,6,26,17,1,218,94.63,87,0,2,0,0,94.63
2005,6,26,17,1,218,96.22,70,0,2,0,0,96.22
2005,6,26,17,1,218,99.4,79,0,2,0,0,99.4
2005,6,26,17,1,218,121.25,80,0,2,0,0,121.25
2005,6,26,17,1,218,127.66,367.6,0,2,0,0,127.66
2005,6,26,18,1,218,0,45.7,0,2,1,0,0
2005,6,26,18,1,218,86.68,87,0,2,0,0,86.68
2005,6,26,18,1,218,89.86,70,0,2,0,0,89.86
2005,6,26,18,1,218,93.04,87,0,2,0,0,93.04
2005,6,26,18,1,218,94.63,87,0,2,0,0,94.63
2005,6,26,18,1,218,96.22,70,0,2,0,0,96.22
2005,6,26,18,1,218,99.4,79,0,2,0,0,99.4
2005,6,26,18,1,218,121.25,80,0,2,0,0,121.25
2005,6,26,18,1,218,127.66,367.6,0,2,0,0,127.66
2005,6,26,19,1,218,0,45.7,0,2,1,0,0
2005,6,26,19,1,218,86.68,87,0,2,0,0,86.68
2005,6,26,19,1,218,89.86,70,0,2,0,0,89.86
2005,6,26,19,1,218,93.04,87,0,2,0,0,93.04
2005,6,26,19,1,218,94.63,87,0,2,0,0,94.63
2005,6,26,19,1,218,96.22,70,0,2,0,0,96.22
2005,6,26,19,1,218,99.4,79,0,2,0,0,99.4
2005,6,26,19,1,218,121.25,80,0,2,0,0,121.25
2005,6,26,19,1,218,127.66,367.6,0,2,0,0,127.66
2005,6,26,20,1,218,0,59.6,0,2,1,0,0
2005,6,26,20,1,218,86.68,87,0,2,0,0,86.68
2005,6,26,20,1,218,89.86,70,0,2,0,0,89.86
2005,6,26,20,1,218,93.04,87,0,2,0,0,93.04
2005,6,26,20,1,218,94.63,87,0,2,0,0,94.63
2005,6,26,20,1,218,96.22,70,0,2,0,0,96.22
2005,6,26,20,1,218,99.4,79,0,2,0,0,99.4
2005,6,26,20,1,218,121.25,80,0,2,0,0,121.25
2005,6,26,20,1,218,127.66,353.7,0,2,0,0,127.66
2005,6,26,21,1,218,0,76,0,2,1,0,0
2005,6,26,21,1,218,86.68,87,0,2,0,0,86.68
2005,6,26,21,1,218,89.86,70,0,2,0,0,89.86
2005,6,26,21,1,218,93.04,87,0,2,0,0,93.04
2005,6,26,21,1,218,94.63,87,0,2,0,0,94.63
2005,6,26,21,1,218,96.22,70,0,2,0,0,96.22
2005,6,26,21,1,218,99.4,79,0,2,0,0,99.4
2005,6,26,21,1,218,121.25,80,0,2,0,0,121.25
2005,6,26,21,1,218,127.66,337.3,0,2,0,0,127.66
2005,6,26,22,1,218,0,87,0,2,1,0,0
2005,6,26,22,1,218,86.7,87,0,2,0,0,86.7
2005,6,26,22,1,218,89.88,70,0,2,0,0,89.88
2005,6,26,22,1,218,93.06,87,0,2,0,0,93.06
2005,6,26,22,1,218,94.65,87,0,2,0,0,94.65
2005,6,26,22,1,218,96.24,70,0,2,0,0,96.24
2005,6,26,22,1,218,99.42,79,0,2,0,0,99.42
2005,6,26,22,1,218,121.27,80,0,2,0,0,121.27
2005,6,26,22,1,218,127.66,326.3,0,2,0,0,127.66
2005,6,26,23,1,218,0,87,0,2,1,0,0
2005,6,26,23,1,218,86.7,87,0,2,0,0,86.7
2005,6,26,23,1,218,89.88,70,0,2,0,0,89.88
2005,6,26,23,1,218,93.06,87,0,2,0,0,93.06
2005,6,26,23,1,218,94.65,87,0,2,0,0,94.65
2005,6,26,23,1,218,96.24,70,0,2,0,0,96.24
2005,6,26,23,1,218,99.42,79,0,2,0,0,99.42
2005,6,26,23,1,218,121.27,80,0,2,0,0,121.27
2005,6,26,23,1,218,127.66,326.3,0,2,0,0,127.66
2005,6,26,24,1,218,0,80,0,2,1,0,0
2005,6,26,24,1,218,86.7,87,0,2,0,0,86.7
2005,6,26,24,1,218,89.88,70,0,2,0,0,89.88
2005,6,26,24,1,218,93.06,87,0,2,0,0,93.06
2005,6,26,24,1,218,94.65,87,0,2,0,0,94.65
2005,6,26,24,1,218,96.24,70,0,2,0,0,96.24
2005,6,26,24,1,218,99.42,79,0,2,0,0,99.42
2005,6,26,24,1,218,121.27,80,0,2,0,0,121.27
2005,6,26,24,1,218,127.66,333.3,0,2,0,0,127.66
2005,6,26,1,1,219,32.05,74,0,1,0,1,32.05
2005,6,26,1,1,219,44.65,72,0,1,1,0,44.65
2005,6,26,1,1,219,45.01,72,0,1,1,0,45.01
2005,6,26,1,1,219,45.99,78,0,1,1,0,45.99
2005,6,26,2,1,219,32.05,74,0,1,0,1,32.05
2005,6,26,2,1,219,44.65,72,0,1,1,0,44.65
2005,6,26,2,1,219,45.01,72,0,1,1,0,45.01
2005,6,26,2,1,219,45.99,78,0,1,1,0,45.99
2005,6,26,3,1,219,32.05,74,0,1,0,1,32.05
2005,6,26,3,1,219,44.65,72,0,1,1,0,44.65
2005,6,26,3,1,219,45.01,72,0,1,1,0,45.01
2005,6,26,3,1,219,45.99,78,0,1,1,0,45.99
2005,6,26,4,1,219,32.05,74,0,1,0,1,32.05
2005,6,26,4,1,219,44.65,72,0,1,1,0,44.65
2005,6,26,4,1,219,45.01,72,0,1,1,0,45.01
2005,6,26,4,1,219,45.99,78,0,1,1,0,45.99
2005,6,26,5,1,219,32.05,74,0,1,0,1,32.05
2005,6,26,5,1,219,44.65,72,0,1,1,0,44.65
2005,6,26,5,1,219,45.01,72,0,1,1,0,45.01
2005,6,26,5,1,219,45.99,78,0,1,1,0,45.99
2005,6,26,6,1,219,32.05,74,0,1,0,1,32.05
2005,6,26,6,1,219,44.65,72,0,1,1,0,44.65
2005,6,26,6,1,219,45.01,72,0,1,1,0,45.01
2005,6,26,6,1,219,45.99,78,0,1,1,0,45.99
2005,6,26,7,1,219,32.05,74,0,1,0,1,32.05
2005,6,26,7,1,219,44.65,72,0,1,1,0,44.65
2005,6,26,7,1,219,45.01,72,0,1,1,0,45.01
2005,6,26,7,1,219,45.99,78,0,1,1,0,45.99
2005,6,26,8,1,219,32.05,74,0,1,0,1,32.05
2005,6,26,8,1,219,44.65,72,0,1,1,0,44.65
2005,6,26,8,1,219,45.01,72,0,1,1,0,45.01
2005,6,26,8,1,219,45.99,78,0,1,1,0,45.99
2005,6,26,9,1,219,32.05,74,0,1,0,1,32.05
2005,6,26,9,1,219,44.65,72,0,1,1,0,44.65
2005,6,26,9,1,219,45.01,72,0,1,1,0,45.01
2005,6,26,9,1,219,45.99,78,0,1,1,0,45.99
2005,6,26,10,1,219,32.05,74,0,1,0,1,32.05
2005,6,26,10,1,219,44.65,72,0,1,1,0,44.65
2005,6,26,10,1,219,45.01,72,0,1,1,0,45.01
2005,6,26,10,1,219,45.99,78,0,1,1,0,45.99
2005,6,26,11,1,219,32.05,74,0,1,0,1,32.05
2005,6,26,11,1,219,44.65,72,0,1,1,0,44.65
2005,6,26,11,1,219,45.01,72,0,1,1,0,45.01
2005,6,26,11,1,219,45.99,78,0,1,1,0,45.99
2005,6,26,12,1,219,32.05,74,0,1,0,1,32.05
2005,6,26,12,1,219,44.65,72,0,1,1,0,44.65
2005,6,26,12,1,219,45.01,72,0,1,1,0,45.01
2005,6,26,12,1,219,45.99,78,0,1,1,0,45.99
2005,6,26,13,1,219,32.05,74,0,1,0,1,32.05
2005,6,26,13,1,219,44.65,72,0,1,1,0,44.65
2005,6,26,13,1,219,45.01,72,0,1,1,0,45.01
2005,6,26,13,1,219,45.99,78,0,1,1,0,45.99
2005,6,26,14,1,219,32.05,74,0,1,0,1,32.05
2005,6,26,14,1,219,44.65,72,0,1,0,1,44.65
2005,6,26,14,1,219,45.01,72,0,1,0,1,45.01
2005,6,26,14,1,219,45.99,78,0,1,0,1,45.99
2005,6,26,15,1,219,32.05,74,0,1,0,1,32.05
2005,6,26,15,1,219,44.65,72,0,1,0,1,44.65
2005,6,26,15,1,219,45.01,72,0,1,0,1,45.01
2005,6,26,15,1,219,45.99,78,0,1,0,1,45.99
2005,6,26,16,1,219,32.05,74,0,1,0,1,32.05
2005,6,26,16,1,219,44.65,72,0,1,1,0,44.65
2005,6,26,16,1,219,45.01,72,0,1,1,0,45.01
2005,6,26,16,1,219,45.99,78,0,1,1,0,45.99
2005,6,26,17,1,219,32.05,74,0,1,0,1,32.05
2005,6,26,17,1,219,44.65,72,0,1,1,0,44.65
2005,6,26,17,1,219,45.01,72,0,1,1,0,45.01
2005,6,26,17,1,219,45.99,78,0,1,1,0,45.99
2005,6,26,18,1,219,32.05,74,0,1,0,1,32.05
2005,6,26,18,1,219,44.65,72,0,1,1,0,44.65
2005,6,26,18,1,219,45.01,72,0,1,1,0,45.01
2005,6,26,18,1,219,45.99,78,0,1,1,0,45.99
2005,6,26,19,1,219,32.05,74,0,1,0,1,32.05
2005,6,26,19,1,219,44.65,72,0,1,1,0,44.65
2005,6,26,19,1,219,45.01,72,0,1,1,0,45.01
2005,6,26,19,1,219,45.99,78,0,1,1,0,45.99
2005,6,26,20,1,219,32.05,74,0,1,0,1,32.05
2005,6,26,20,1,219,44.65,72,0,1,1,0,44.65
2005,6,26,20,1,219,45.01,72,0,1,1,0,45.01
2005,6,26,20,1,219,45.99,78,0,1,1,0,45.99
2005,6,26,21,1,219,32.05,74,0,1,0,1,32.05
2005,6,26,21,1,219,44.65,72,0,1,1,0,44.65
2005,6,26,21,1,219,45.01,72,0,1,1,0,45.01
2005,6,26,21,1,219,45.99,78,0,1,1,0,45.99
2005,6,26,22,1,219,32.05,74,0,1,0,1,32.05
2005,6,26,22,1,219,44.65,72,0,1,1,0,44.65
2005,6,26,22,1,219,45.01,72,0,1,1,0,45.01
2005,6,26,22,1,219,45.99,78,0,1,1,0,45.99
2005,6,26,23,1,219,32.05,74,0,1,0,1,32.05
2005,6,26,23,1,219,44.65,72,0,1,0,1,44.65
2005,6,26,23,1,219,45.01,72,0,1,0,1,45.01
2005,6,26,23,1,219,45.99,78,0,1,0,1,45.99
2005,6,26,24,1,219,32.05,74,0,1,0,1,32.05
2005,6,26,24,1,219,44.65,72,0,1,0,1,44.65
2005,6,26,24,1,219,45.01,72,0,1,0,1,45.01
2005,6,26,24,1,219,45.99,78,0,1,0,1,45.99
2005,6,26,1,9,220,0,9.9,0,2,1,0,0
2005,6,26,2,9,220,0,9.9,0,2,1,0,0
2005,6,26,3,9,220,0,9.9,0,2,1,0,0
2005,6,26,4,9,220,0,9.9,0,2,1,0,0
2005,6,26,5,9,220,0,10,0,2,1,0,0
2005,6,26,6,9,220,0,10,0,2,1,0,0
2005,6,26,7,9,220,0,10.1,0,2,1,0,0
2005,6,26,8,9,220,0,10.1,0,2,1,0,0
2005,6,26,9,9,220,0,9.9,0,2,1,0,0
2005,6,26,10,9,220,0,9.7,0,2,1,0,0
2005,6,26,11,9,220,0,9.8,0,2,1,0,0
2005,6,26,12,9,220,0,9.8,0,2,1,0,0
2005,6,26,13,9,220,0,9.7,0,2,1,0,0
2005,6,26,14,9,220,0,9.6,0,2,1,0,0
2005,6,26,15,9,220,0,9.6,0,2,1,0,0
2005,6,26,16,9,220,0,9.6,0,2,1,0,0
2005,6,26,17,9,220,0,9.5,0,2,1,0,0
2005,6,26,18,9,220,0,9.5,0,2,1,0,0
2005,6,26,19,9,220,0,9.5,0,2,1,0,0
2005,6,26,20,9,220,0,9.6,0,2,1,0,0
2005,6,26,21,9,220,0,9.6,0,2,1,0,0
2005,6,26,22,9,220,0,9.7,0,2,1,0,0
2005,6,26,23,9,220,0,9.8,0,2,1,0,0
2005,6,26,24,9,220,0,9.8,0,2,1,0,0
2005,6,26,1,2,221,10.98,100,0,1,0,0,10.98
2005,6,26,1,2,221,10.99,100,0,1,0,0,10.99
2005,6,26,1,2,221,11,100,0,1,0,0,11
2005,6,26,2,2,221,10.98,100,0,1,0,0,10.98
2005,6,26,2,2,221,10.99,100,0,1,0,0,10.99
2005,6,26,2,2,221,11,100,0,1,0,0,11
2005,6,26,3,2,221,10.98,100,0,1,0,0,10.98
2005,6,26,3,2,221,47.49,100,0,1,1,0,47.49
2005,6,26,3,2,221,47.5,100,0,1,1,0,47.5
2005,6,26,4,2,221,47.48,100,0,1,1,0,47.48
2005,6,26,4,2,221,47.49,100,0,1,1,0,47.49
2005,6,26,4,2,221,47.5,100,0,1,1,0,47.5
2005,6,26,5,2,221,47.48,100,0,1,1,0,47.48
2005,6,26,5,2,221,47.49,100,0,1,1,0,47.49
2005,6,26,5,2,221,47.5,100,0,1,1,0,47.5
2005,6,26,6,2,221,47.48,100,0,1,1,0,47.48
2005,6,26,6,2,221,47.49,100,0,1,1,0,47.49
2005,6,26,6,2,221,47.5,100,0,1,1,0,47.5
2005,6,26,7,2,221,47.48,100,0,1,1,0,47.48
2005,6,26,7,2,221,47.49,100,0,1,1,0,47.49
2005,6,26,7,2,221,47.5,100,0,1,1,0,47.5
2005,6,26,8,2,221,47.48,100,0,1,1,0,47.48
2005,6,26,8,2,221,47.49,100,0,1,1,0,47.49
2005,6,26,8,2,221,47.5,100,0,1,1,0,47.5
2005,6,26,9,2,221,10.98,100,0,1,0,0,10.98
2005,6,26,9,2,221,47.49,100,0,1,1,0,47.49
2005,6,26,9,2,221,47.5,100,0,1,1,0,47.5
2005,6,26,10,2,221,10.98,100,0,1,0,0,10.98
2005,6,26,10,2,221,10.99,100,0,1,0,0,10.99
2005,6,26,10,2,221,11,100,0,1,0,0,11
2005,6,26,11,2,221,10.98,100,0,1,0,0,10.98
2005,6,26,11,2,221,10.99,100,0,1,0,0,10.99
2005,6,26,11,2,221,11,100,0,1,0,0,11
2005,6,26,12,2,221,10.98,100,0,1,0,0,10.98
2005,6,26,12,2,221,10.99,100,0,1,0,0,10.99
2005,6,26,12,2,221,11,100,0,1,0,0,11
2005,6,26,13,2,221,10.98,100,0,1,0,0,10.98
2005,6,26,13,2,221,10.99,100,0,1,0,0,10.99
2005,6,26,13,2,221,11,100,0,1,0,0,11
2005,6,26,14,2,221,10.98,100,0,1,0,0,10.98
2005,6,26,14,2,221,10.99,100,0,1,0,0,10.99
2005,6,26,14,2,221,11,100,0,1,0,0,11
2005,6,26,15,2,221,10.98,100,0,1,0,0,10.98
2005,6,26,15,2,221,10.99,100,0,1,0,0,10.99
2005,6,26,15,2,221,11,100,0,1,0,0,11
2005,6,26,16,2,221,10.98,100,0,1,0,0,10.98
2005,6,26,16,2,221,10.99,100,0,1,0,0,10.99
2005,6,26,16,2,221,11,100,0,1,0,0,11
2005,6,26,17,2,221,10.98,100,0,1,0,0,10.98
2005,6,26,17,2,221,10.99,100,0,1,0,0,10.99
2005,6,26,17,2,221,11,100,0,1,0,0,11
2005,6,26,18,2,221,10.98,100,0,1,0,0,10.98
2005,6,26,18,2,221,10.99,100,0,1,0,0,10.99
2005,6,26,18,2,221,11,100,0,1,0,0,11
2005,6,26,19,2,221,10.98,100,0,1,0,0,10.98
2005,6,26,19,2,221,10.99,100,0,1,0,0,10.99
2005,6,26,19,2,221,11,100,0,1,0,0,11
2005,6,26,20,2,221,10.98,100,0,1,0,0,10.98
2005,6,26,20,2,221,10.99,100,0,1,0,0,10.99
2005,6,26,20,2,221,11,100,0,1,0,0,11
2005,6,26,21,2,221,10.98,100,0,1,0,0,10.98
2005,6,26,21,2,221,10.99,100,0,1,0,0,10.99
2005,6,26,21,2,221,11,100,0,1,0,0,11
2005,6,26,22,2,221,10.98,100,0,1,0,0,10.98
2005,6,26,22,2,221,10.99,100,0,1,0,0,10.99
2005,6,26,22,2,221,11,100,0,1,0,0,11
2005,6,26,23,2,221,10.98,100,0,1,0,0,10.98
2005,6,26,23,2,221,10.99,100,0,1,0,0,10.99
2005,6,26,23,2,221,11,100,0,1,0,0,11
2005,6,26,24,2,221,10.98,100,0,1,0,0,10.98
2005,6,26,24,2,221,10.99,100,0,1,0,0,10.99
2005,6,26,24,2,221,11,100,0,1,0,0,11
2005,6,26,12,2,222,61.63,25,0,2,0,0,61.63
2005,6,26,12,2,222,63.08,25,0,2,0,0,63.08
2005,6,26,12,2,222,64.53,25,0,2,0,0,64.53
2005,6,26,12,2,222,65.99,25,0,2,0,0,65.99
2005,6,26,13,2,222,61.63,25,0,2,0,0,61.63
2005,6,26,13,2,222,63.08,25,0,2,0,0,63.08
2005,6,26,13,2,222,64.53,25,0,2,0,0,64.53
2005,6,26,13,2,222,65.99,25,0,2,0,0,65.99
2005,6,26,14,2,222,61.63,25,0,2,0,0,61.63
2005,6,26,14,2,222,63.08,25,0,2,0,0,63.08
2005,6,26,14,2,222,64.53,25,0,2,0,0,64.53
2005,6,26,14,2,222,65.99,25,0,2,0,0,65.99
2005,6,26,15,2,222,61.63,25,0,2,0,0,61.63
2005,6,26,15,2,222,63.08,25,0,2,0,0,63.08
2005,6,26,15,2,222,64.53,25,0,2,0,0,64.53
2005,6,26,15,2,222,65.99,25,0,2,0,0,65.99
2005,6,26,16,2,222,61.63,25,0,2,0,0,61.63
2005,6,26,16,2,222,63.08,25,0,2,0,0,63.08
2005,6,26,16,2,222,64.53,25,0,2,0,0,64.53
2005,6,26,16,2,222,65.99,25,0,2,0,0,65.99
2005,6,26,17,2,222,61.63,25,0,2,0,0,61.63
2005,6,26,17,2,222,63.08,25,0,2,0,0,63.08
2005,6,26,17,2,222,64.53,25,0,2,0,0,64.53
2005,6,26,17,2,222,65.99,25,0,2,0,0,65.99
2005,6,26,18,2,222,61.63,25,0,2,0,0,61.63
2005,6,26,18,2,222,63.08,25,0,2,0,0,63.08
2005,6,26,18,2,222,64.53,25,0,2,0,0,64.53
2005,6,26,18,2,222,65.99,25,0,2,0,0,65.99
2005,6,26,19,2,222,61.63,25,0,2,0,0,61.63
2005,6,26,19,2,222,63.08,25,0,2,0,0,63.08
2005,6,26,19,2,222,64.53,25,0,2,0,0,64.53
2005,6,26,19,2,222,65.99,25,0,2,0,0,65.99
2005,6,26,20,2,222,61.63,25,0,2,0,0,61.63
2005,6,26,20,2,222,63.08,25,0,2,0,0,63.08
2005,6,26,20,2,222,64.53,25,0,2,0,0,64.53
2005,6,26,20,2,222,65.99,25,0,2,0,0,65.99
2005,6,26,21,2,222,60.08,50,0,2,0,0,60.08
2005,6,26,21,2,222,61.2,50,0,2,0,0,61.2
2005,6,26,21,2,222,62.32,50,0,2,0,0,62.32
2005,6,26,21,2,222,63.43,50,0,2,0,0,63.43
2005,6,26,22,2,222,60.54,75,0,2,0,0,60.54
2005,6,26,22,2,222,61.76,75,0,2,0,0,61.76
2005,6,26,22,2,222,62.97,75,0,2,0,0,62.97
2005,6,26,22,2,222,64.19,75,0,2,0,0,64.19
2005,6,26,23,2,222,60.54,75,0,2,0,0,60.54
2005,6,26,23,2,222,61.76,75,0,2,0,0,61.76
2005,6,26,23,2,222,62.97,75,0,2,0,0,62.97
2005,6,26,23,2,222,64.19,75,0,2,0,0,64.19
2005,6,26,24,2,222,60.54,75,0,2,0,0,60.54
2005,6,26,24,2,222,61.76,75,0,2,0,0,61.76
2005,6,26,24,2,222,62.97,75,0,2,0,0,62.97
2005,6,26,24,2,222,64.19,75,0,2,0,0,64.19
2005,6,26,1,9,223,0,72,0,2,1,0,0
2005,6,26,2,9,223,0,72.5,0,2,1,0,0
2005,6,26,3,9,223,0,73,0,2,1,0,0
2005,6,26,4,9,223,0,73,0,2,1,0,0
2005,6,26,5,9,223,0,73,0,2,1,0,0
2005,6,26,6,9,223,0,73,0,2,1,0,0
2005,6,26,7,9,223,0,73,0,2,1,0,0
2005,6,26,8,9,223,0,73,0,2,1,0,0
2005,6,26,9,9,223,0,73,0,2,1,0,0
2005,6,26,10,9,223,0,72.5,0,2,1,0,0
2005,6,26,11,9,223,0,71.5,0,2,1,0,0
2005,6,26,12,9,223,0,71,0,2,1,0,0
2005,6,26,13,9,223,0,70.5,0,2,1,0,0
2005,6,26,14,9,223,0,70,0,2,1,0,0
2005,6,26,15,9,223,0,69.5,0,2,1,0,0
2005,6,26,16,9,223,0,69,0,2,1,0,0
2005,6,26,17,9,223,0,69,0,2,1,0,0
2005,6,26,18,9,223,0,69,0,2,1,0,0
2005,6,26,19,9,223,0,69,0,2,1,0,0
2005,6,26,20,9,223,0,69.5,0,2,1,0,0
2005,6,26,21,9,223,0,70,0,2,1,0,0
2005,6,26,22,9,223,0,70.5,0,2,1,0,0
2005,6,26,23,9,223,0,71,0,2,1,0,0
2005,6,26,24,9,223,0,72,0,2,1,0,0
2005,6,26,1,9,224,180.3,.3,0,1,1,0,180.3
2005,6,26,2,9,224,180.3,.3,0,1,1,0,180.3
2005,6,26,3,9,224,180.3,.3,0,1,1,0,180.3
2005,6,26,4,9,224,180.3,.3,0,1,1,0,180.3
2005,6,26,5,9,224,180.3,.3,0,1,1,0,180.3
2005,6,26,6,9,224,180.3,.3,0,1,1,0,180.3
2005,6,26,7,9,224,180.3,.3,0,1,1,0,180.3
2005,6,26,8,9,224,180.3,.3,0,1,1,0,180.3
2005,6,26,9,9,224,180.3,.3,0,1,1,0,180.3
2005,6,26,10,9,224,180.3,.3,0,1,1,0,180.3
2005,6,26,11,9,224,180.3,.3,0,1,1,0,180.3
2005,6,26,12,9,224,180.3,.3,0,1,1,0,180.3
2005,6,26,13,9,224,180.3,.3,0,1,1,0,180.3
2005,6,26,14,9,224,180.3,.3,0,1,1,0,180.3
2005,6,26,15,9,224,180.3,.3,0,1,1,0,180.3
2005,6,26,16,9,224,180.3,.3,0,1,1,0,180.3
2005,6,26,17,9,224,180.3,.3,0,1,1,0,180.3
2005,6,26,18,9,224,180.3,.3,0,1,1,0,180.3
2005,6,26,19,9,224,180.3,.3,0,1,1,0,180.3
2005,6,26,20,9,224,180.3,.3,0,1,1,0,180.3
2005,6,26,21,9,224,180.3,.3,0,1,1,0,180.3
2005,6,26,22,9,224,180.3,.3,0,1,1,0,180.3
2005,6,26,23,9,224,180.3,.5,0,1,1,0,180.3
2005,6,26,24,9,224,180.3,.5,0,1,1,0,180.3
2005,6,26,1,9,225,0,35.1,0,2,1,0,0
2005,6,26,1,9,225,150,38.4,0,2,0,0,150
2005,6,26,2,9,225,0,35.1,0,2,1,0,0
2005,6,26,2,9,225,150,38.4,0,2,0,0,150
2005,6,26,3,9,225,0,35.1,0,2,1,0,0
2005,6,26,3,9,225,150,38.4,0,2,0,0,150
2005,6,26,4,9,225,0,35.1,0,2,1,0,0
2005,6,26,4,9,225,150,38.4,0,2,0,0,150
2005,6,26,5,9,225,0,35.1,0,2,1,0,0
2005,6,26,5,9,225,150,38.4,0,2,0,0,150
2005,6,26,6,9,225,0,35.1,0,2,1,0,0
2005,6,26,6,9,225,150,38.4,0,2,0,0,150
2005,6,26,7,9,225,0,35.1,0,2,1,0,0
2005,6,26,7,9,225,150,38.4,0,2,0,0,150
2005,6,26,8,9,225,0,35.1,0,2,1,0,0
2005,6,26,8,9,225,150,38.4,0,2,0,0,150
2005,6,26,9,9,225,0,34.6,0,2,1,0,0
2005,6,26,9,9,225,150,38.9,0,2,0,0,150
2005,6,26,10,9,225,0,34.6,0,2,1,0,0
2005,6,26,10,9,225,150,38.9,0,2,0,0,150
2005,6,26,11,9,225,0,34.6,0,2,1,0,0
2005,6,26,11,9,225,150,38.9,0,2,0,0,150
2005,6,26,12,9,225,0,34.6,0,2,1,0,0
2005,6,26,12,9,225,150,38.9,0,2,0,0,150
2005,6,26,13,9,225,0,34.6,0,2,1,0,0
2005,6,26,13,9,225,150,38.9,0,2,0,0,150
2005,6,26,14,9,225,0,34.6,0,2,1,0,0
2005,6,26,14,9,225,150,38.9,0,2,0,0,150
2005,6,26,15,9,225,0,34.6,0,2,1,0,0
2005,6,26,15,9,225,150,38.9,0,2,0,0,150
2005,6,26,16,9,225,0,34.6,0,2,1,0,0
2005,6,26,16,9,225,150,38.9,0,2,0,0,150
2005,6,26,17,9,225,0,34.6,0,2,1,0,0
2005,6,26,17,9,225,150,38.9,0,2,0,0,150
2005,6,26,18,9,225,0,34.6,0,2,1,0,0
2005,6,26,18,9,225,150,38.9,0,2,0,0,150
2005,6,26,19,9,225,0,34.6,0,2,1,0,0
2005,6,26,19,9,225,150,38.9,0,2,0,0,150
2005,6,26,20,9,225,0,34.6,0,2,1,0,0
2005,6,26,20,9,225,150,38.9,0,2,0,0,150
2005,6,26,21,9,225,0,34.6,0,2,1,0,0
2005,6,26,21,9,225,150,38.9,0,2,0,0,150
2005,6,26,22,9,225,0,34.6,0,2,1,0,0
2005,6,26,22,9,225,150,38.9,0,2,0,0,150
2005,6,26,23,9,225,0,34.6,0,2,1,0,0
2005,6,26,23,9,225,150,38.9,0,2,0,0,150
2005,6,26,24,9,225,0,34.6,0,2,1,0,0
2005,6,26,24,9,225,150,38.9,0,2,0,0,150
2005,6,26,1,9,226,180.3,.2,0,1,1,0,180.3
2005,6,26,2,9,226,180.3,.2,0,1,1,0,180.3
2005,6,26,3,9,226,180.3,.2,0,1,1,0,180.3
2005,6,26,4,9,226,180.3,.2,0,1,1,0,180.3
2005,6,26,5,9,226,180.3,.2,0,1,1,0,180.3
2005,6,26,6,9,226,180.3,.2,0,1,1,0,180.3
2005,6,26,7,9,226,180.3,.1,0,1,1,0,180.3
2005,6,26,8,9,226,180.3,.1,0,1,1,0,180.3
2005,6,26,9,9,226,180.3,.1,0,1,1,0,180.3
2005,6,26,10,9,226,180.3,.1,0,1,1,0,180.3
2005,6,26,11,9,226,180.3,.1,0,1,1,0,180.3
2005,6,26,12,9,226,180.3,.1,0,1,1,0,180.3
2005,6,26,13,9,226,180.3,.1,0,1,1,0,180.3
2005,6,26,14,9,226,180.3,.1,0,1,1,0,180.3
2005,6,26,15,9,226,180.3,.1,0,1,1,0,180.3
2005,6,26,16,9,226,180.3,.1,0,1,1,0,180.3
2005,6,26,17,9,226,180.3,.1,0,1,1,0,180.3
2005,6,26,18,9,226,180.3,.1,0,1,1,0,180.3
2005,6,26,19,9,226,180.3,.1,0,1,1,0,180.3
2005,6,26,20,9,226,180.3,.1,0,1,1,0,180.3
2005,6,26,21,9,226,180.3,.1,0,1,1,0,180.3
2005,6,26,22,9,226,180.3,.1,0,1,1,0,180.3
2005,6,26,23,9,226,180.3,.2,0,1,1,0,180.3
2005,6,26,24,9,226,180.3,.2,0,1,1,0,180.3
2005,6,26,1,9,227,0,36,0,2,1,0,0
2005,6,26,2,9,227,0,36,0,2,1,0,0
2005,6,26,3,9,227,0,36,0,2,1,0,0
2005,6,26,4,9,227,0,36,0,2,1,0,0
2005,6,26,5,9,227,0,35.5,0,2,1,0,0
2005,6,26,6,9,227,0,35.5,0,2,1,0,0
2005,6,26,7,9,227,0,35.5,0,2,1,0,0
2005,6,26,8,9,227,0,35.5,0,2,1,0,0
2005,6,26,9,9,227,0,34.5,0,2,1,0,0
2005,6,26,10,9,227,0,34.5,0,2,1,0,0
2005,6,26,11,9,227,0,34.5,0,2,1,0,0
2005,6,26,12,9,227,0,34,0,2,1,0,0
2005,6,26,13,9,227,0,34,0,2,1,0,0
2005,6,26,14,9,227,0,34,0,2,1,0,0
2005,6,26,15,9,227,0,34,0,2,1,0,0
2005,6,26,16,9,227,0,34,0,2,1,0,0
2005,6,26,17,9,227,0,34,0,2,1,0,0
2005,6,26,18,9,227,0,34.5,0,2,1,0,0
2005,6,26,19,9,227,0,34.5,0,2,1,0,0
2005,6,26,20,9,227,0,34.5,0,2,1,0,0
2005,6,26,21,9,227,0,35.5,0,2,1,0,0
2005,6,26,22,9,227,0,36,0,2,1,0,0
2005,6,26,23,9,227,0,36,0,2,1,0,0
2005,6,26,24,9,227,0,36,0,2,1,0,0
2005,6,26,1,9,228,0,9,0,2,1,0,0
2005,6,26,2,9,228,0,9,0,2,1,0,0
2005,6,26,3,9,228,0,9,0,2,1,0,0
2005,6,26,4,9,228,0,9,0,2,1,0,0
2005,6,26,5,9,228,0,9,0,2,1,0,0
2005,6,26,6,9,228,0,9,0,2,1,0,0
2005,6,26,7,9,228,0,9,0,2,1,0,0
2005,6,26,8,9,228,0,9,0,2,1,0,0
2005,6,26,9,9,228,0,9,0,2,1,0,0
2005,6,26,10,9,228,0,9,0,2,1,0,0
2005,6,26,11,9,228,0,7,0,2,1,0,0
2005,6,26,12,9,228,0,7,0,2,1,0,0
2005,6,26,13,9,228,0,7,0,2,1,0,0
2005,6,26,14,9,228,0,7,0,2,1,0,0
2005,6,26,15,9,228,0,7,0,2,1,0,0
2005,6,26,16,9,228,0,7,0,2,1,0,0
2005,6,26,17,9,228,0,7,0,2,1,0,0
2005,6,26,18,9,228,0,7,0,2,1,0,0
2005,6,26,19,9,228,0,7,0,2,1,0,0
2005,6,26,20,9,228,0,7,0,2,1,0,0
2005,6,26,21,9,228,0,8.5,0,2,1,0,0
2005,6,26,22,9,228,0,8.5,0,2,1,0,0
2005,6,26,23,9,228,0,8.5,0,2,1,0,0
2005,6,26,24,9,228,0,8.5,0,2,1,0,0
2005,6,26,1,3,1100,0,180,.922647,2,1,0,0
2005,6,26,1,3,1100,39.12,20,.922647,2,1,0,43.239471
2005,6,26,1,3,1100,42.12,19,.922647,2,1,0,43.239471
2005,6,26,2,3,1100,0,180,.922647,2,1,0,0
2005,6,26,2,3,1100,42.12,39,.922647,2,0,0,43.239471
2005,6,26,3,3,1100,0,180,.922647,2,1,0,0
2005,6,26,3,3,1100,42.12,39,.922647,2,0,0,43.239471
2005,6,26,4,3,1100,0,180,.922647,2,1,0,0
2005,6,26,4,3,1100,42.12,39,.922647,2,0,0,43.239471
2005,6,26,5,3,1100,0,180,.922647,2,1,0,0
2005,6,26,5,3,1100,42.12,39,.922647,2,0,0,43.239471
2005,6,26,6,3,1100,0,180,.922647,2,1,0,0
2005,6,26,6,3,1100,42.12,39,.922647,2,0,0,43.239471
2005,6,26,7,3,1100,0,180,.922647,2,1,0,0
2005,6,26,7,3,1100,42.12,39,.922647,2,0,0,43.239471
2005,6,26,8,3,1100,0,180,.922647,2,1,0,0
2005,6,26,8,3,1100,39.12,20,.922647,2,0,0,43.239471
2005,6,26,8,3,1100,42.12,19,.922647,2,0,0,43.239471
2005,6,26,9,3,1100,0,180,.922647,2,1,0,0
2005,6,26,9,3,1100,39.12,20,.922647,2,0,0,43.239471
2005,6,26,9,3,1100,42.12,19,.922647,2,0,0,43.239471
2005,6,26,10,3,1100,0,180,.922647,2,1,0,0
2005,6,26,10,3,1100,39.12,20,.922647,2,0,0,43.239471
2005,6,26,10,3,1100,42.12,19,.922647,2,0,0,43.239471
2005,6,26,11,3,1100,0,180,.922647,2,1,0,0
2005,6,26,11,3,1100,39.12,20,.922647,2,0,0,43.239471
2005,6,26,11,3,1100,42.12,19,.922647,2,0,0,43.239471
2005,6,26,12,3,1100,0,180,.922647,2,1,0,0
2005,6,26,12,3,1100,39.12,20,.922647,2,1,0,43.239471
2005,6,26,12,3,1100,42.12,19,.922647,2,0,0,43.239471
2005,6,26,13,3,1100,0,180,.922647,2,1,0,0
2005,6,26,13,3,1100,39.12,20,.922647,2,1,0,43.239471
2005,6,26,13,3,1100,42.12,19,.922647,2,1,0,43.239471
2005,6,26,14,3,1100,0,180,.922647,2,1,0,0
2005,6,26,14,3,1100,39.12,20,.922647,2,1,0,43.239471
2005,6,26,14,3,1100,42.12,19,.922647,2,1,0,43.239471
2005,6,26,15,3,1100,0,180,.922647,2,1,0,0
2005,6,26,15,3,1100,39.12,20,.922647,2,1,0,43.239471
2005,6,26,15,3,1100,42.12,19,.922647,2,1,0,43.239471
2005,6,26,16,3,1100,0,180,.922647,2,1,0,0
2005,6,26,16,3,1100,39.12,30,.922647,2,1,0,43.239471
2005,6,26,16,3,1100,42.12,9,.922647,2,1,0,43.239471
2005,6,26,17,3,1100,0,180,.922647,2,1,0,0
2005,6,26,17,3,1100,39.12,30,.922647,2,1,0,43.239471
2005,6,26,17,3,1100,42.12,9,.922647,2,0,0,43.239471
2005,6,26,18,3,1100,0,180,.922647,2,1,0,0
2005,6,26,18,3,1100,39.12,30,.922647,2,1,0,43.239471
2005,6,26,18,3,1100,42.12,9,.922647,2,0,0,43.239471
2005,6,26,19,3,1100,0,180,.922647,2,1,0,0
2005,6,26,19,3,1100,39.12,30,.922647,2,1,0,43.239471
2005,6,26,19,3,1100,42.12,9,.922647,2,0,0,43.239471
2005,6,26,20,3,1100,0,180,.922647,2,1,0,0
2005,6,26,20,3,1100,39.12,30,.922647,2,1,0,43.239471
2005,6,26,20,3,1100,42.12,9,.922647,2,0,0,43.239471
2005,6,26,21,3,1100,0,180,.922647,2,1,0,0
2005,6,26,21,3,1100,39.12,30,.922647,2,1,0,43.239471
2005,6,26,21,3,1100,42.12,9,.922647,2,0,0,43.239471
2005,6,26,22,3,1100,0,180,.922647,2,1,0,0
2005,6,26,22,3,1100,39.12,20,.922647,2,1,0,43.239471
2005,6,26,22,3,1100,42.12,19,.922647,2,1,0,43.239471
2005,6,26,23,3,1100,0,180,.922647,2,1,0,0
2005,6,26,23,3,1100,39.12,20,.922647,2,1,0,43.239471
2005,6,26,23,3,1100,42.12,19,.922647,2,1,0,43.239471
2005,6,26,24,3,1100,0,180,.922647,2,1,0,0
2005,6,26,24,3,1100,39.12,20,.922647,2,1,0,43.239471
2005,6,26,24,3,1100,42.12,19,.922647,2,1,0,43.239471
2005,6,26,1,3,1101,0,180,.922647,2,1,0,0
2005,6,26,1,3,1101,31.98,40,.922647,2,1,0,42.633341
2005,6,26,1,3,1101,32.98,40,.922647,2,1,0,42.633341
2005,6,26,1,3,1101,34.98,40,.922647,2,1,0,42.633341
2005,6,26,1,3,1101,37.98,30,.922647,2,1,0,42.633341
2005,6,26,2,3,1101,0,180,.922647,2,1,0,0
2005,6,26,2,3,1101,31.98,30,.922647,2,1,0,42.633341
2005,6,26,2,3,1101,32.98,40,.922647,2,1,0,42.633341
2005,6,26,2,3,1101,34.98,40,.922647,2,1,0,42.633341
2005,6,26,2,3,1101,37.98,40,.922647,2,1,0,42.633341
2005,6,26,3,3,1101,0,180,.922647,2,1,0,0
2005,6,26,3,3,1101,31.98,30,.922647,2,1,0,42.633341
2005,6,26,3,3,1101,32.98,40,.922647,2,1,0,42.633341
2005,6,26,3,3,1101,34.98,40,.922647,2,1,0,42.633341
2005,6,26,3,3,1101,37.98,40,.922647,2,1,0,42.633341
2005,6,26,4,3,1101,0,180,.922647,2,1,0,0
2005,6,26,4,3,1101,31.98,30,.922647,2,1,0,42.633341
2005,6,26,4,3,1101,32.98,40,.922647,2,1,0,42.633341
2005,6,26,4,3,1101,34.98,40,.922647,2,1,0,42.633341
2005,6,26,4,3,1101,37.98,40,.922647,2,0,0,42.633341
2005,6,26,5,3,1101,0,180,.922647,2,1,0,0
2005,6,26,5,3,1101,31.98,30,.922647,2,1,0,42.633341
2005,6,26,5,3,1101,32.98,40,.922647,2,1,0,42.633341
2005,6,26,5,3,1101,34.98,40,.922647,2,1,0,42.633341
2005,6,26,5,3,1101,37.98,40,.922647,2,0,0,42.633341
2005,6,26,6,3,1101,0,180,.922647,2,1,0,0
2005,6,26,6,3,1101,31.98,30,.922647,2,1,0,42.633341
2005,6,26,6,3,1101,32.98,40,.922647,2,1,0,42.633341
2005,6,26,6,3,1101,34.98,40,.922647,2,1,0,42.633341
2005,6,26,6,3,1101,37.98,40,.922647,2,0,0,42.633341
2005,6,26,7,3,1101,0,180,.922647,2,1,0,0
2005,6,26,7,3,1101,31.98,30,.922647,2,1,0,42.633341
2005,6,26,7,3,1101,32.98,40,.922647,2,1,0,42.633341
2005,6,26,7,3,1101,34.98,40,.922647,2,0,0,42.633341
2005,6,26,7,3,1101,37.98,40,.922647,2,0,0,42.633341
2005,6,26,8,3,1101,0,180,.922647,2,1,0,0
2005,6,26,8,3,1101,31.98,30,.922647,2,1,0,42.633341
2005,6,26,8,3,1101,32.98,40,.922647,2,1,0,42.633341
2005,6,26,8,3,1101,34.98,40,.922647,2,0,0,42.633341
2005,6,26,8,3,1101,37.98,40,.922647,2,0,0,42.633341
2005,6,26,9,3,1101,0,240,.922647,2,1,0,0
2005,6,26,9,3,1101,29.98,20,.922647,2,1,0,42.633341
2005,6,26,9,3,1101,32.98,20,.922647,2,1,0,42.633341
2005,6,26,9,3,1101,34.98,20,.922647,2,0,0,42.633341
2005,6,26,9,3,1101,37.98,30,.922647,2,0,0,42.633341
2005,6,26,10,3,1101,0,300,.922647,2,1,0,0
2005,6,26,10,3,1101,29.98,10,.922647,2,1,0,42.633341
2005,6,26,10,3,1101,32.98,10,.922647,2,1,0,42.633341
2005,6,26,10,3,1101,34.98,10,.922647,2,1,0,42.633341
2005,6,26,11,3,1101,0,330,.922647,2,1,0,0
2005,6,26,12,3,1101,0,330,.922647,2,1,0,0
2005,6,26,13,3,1101,0,330,.922647,2,1,0,0
2005,6,26,14,3,1101,0,330,.922647,2,1,0,0
2005,6,26,15,3,1101,0,300,.922647,2,1,0,0
2005,6,26,15,3,1101,29.98,10,.922647,2,1,0,42.633341
2005,6,26,15,3,1101,32.98,10,.922647,2,1,0,42.633341
2005,6,26,15,3,1101,34.98,10,.922647,2,1,0,42.633341
2005,6,26,16,3,1101,0,300,.922647,2,1,0,0
2005,6,26,16,3,1101,29.98,10,.922647,2,1,0,42.633341
2005,6,26,16,3,1101,32.98,10,.922647,2,1,0,42.633341
2005,6,26,16,3,1101,34.98,10,.922647,2,1,0,42.633341
2005,6,26,17,3,1101,0,300,.922647,2,1,0,0
2005,6,26,17,3,1101,29.98,10,.922647,2,1,0,42.633341
2005,6,26,17,3,1101,32.98,10,.922647,2,1,0,42.633341
2005,6,26,17,3,1101,34.98,10,.922647,2,1,0,42.633341
2005,6,26,18,3,1101,0,300,.922647,2,1,0,0
2005,6,26,18,3,1101,29.98,10,.922647,2,1,0,42.633341
2005,6,26,18,3,1101,32.98,10,.922647,2,1,0,42.633341
2005,6,26,18,3,1101,34.98,10,.922647,2,1,0,42.633341
2005,6,26,19,3,1101,0,300,.922647,2,1,0,0
2005,6,26,19,3,1101,29.98,10,.922647,2,1,0,42.633341
2005,6,26,19,3,1101,32.98,10,.922647,2,1,0,42.633341
2005,6,26,19,3,1101,34.98,10,.922647,2,1,0,42.633341
2005,6,26,20,3,1101,0,300,.922647,2,1,0,0
2005,6,26,20,3,1101,29.98,10,.922647,2,1,0,42.633341
2005,6,26,20,3,1101,32.98,10,.922647,2,1,0,42.633341
2005,6,26,20,3,1101,34.98,10,.922647,2,1,0,42.633341
2005,6,26,21,3,1101,0,330,.922647,2,1,0,0
2005,6,26,22,3,1101,0,330,.922647,2,1,0,0
2005,6,26,23,3,1101,0,330,.922647,2,1,0,0
2005,6,26,24,3,1101,0,330,.922647,2,1,0,0
2005,6,26,1,5,1104,.01,165,.377049,2,1,0,.01
2005,6,26,1,5,1104,32.21,27,.377049,2,1,0,43.856347
2005,6,26,1,5,1104,32.35,11.5,.377049,2,1,0,43.856347
2005,6,26,1,5,1104,32.48,7.7,.377049,2,1,0,43.856347
2005,6,26,1,5,1104,32.64,7.7,.377049,2,1,0,43.856347
2005,6,26,1,5,1104,32.82,7.7,.377049,2,1,0,43.856347
2005,6,26,1,5,1104,33.02,7.7,.377049,2,1,0,43.856347
2005,6,26,1,5,1104,33.23,7.7,.377049,2,1,0,43.856347
2005,6,26,1,5,1104,33.46,7.7,.377049,2,1,0,43.856347
2005,6,26,1,5,1104,33.7,7.7,.377049,2,1,0,43.856347
2005,6,26,1,5,1104,33.94,7.7,.377049,2,1,0,43.856347
2005,6,26,1,5,1104,34.19,7.7,.377049,2,1,0,43.856347
2005,6,26,1,5,1104,34.44,7.7,.377049,2,1,0,43.856347
2005,6,26,1,5,1104,34.69,7.7,.377049,2,1,0,43.856347
2005,6,26,1,5,1104,34.93,7.7,.377049,2,1,0,43.856347
2005,6,26,1,5,1104,35.17,7.7,.377049,2,1,0,43.856347
2005,6,26,1,5,1104,35.39,7.7,.377049,2,1,0,43.856347
2005,6,26,1,5,1104,35.61,7.7,.377049,2,1,0,43.856347
2005,6,26,1,5,1104,35.8,7.7,.377049,2,1,0,43.856347
2005,6,26,1,5,1104,35.98,7.7,.377049,2,1,0,43.856347
2005,6,26,1,5,1104,36.14,7.7,.377049,2,1,0,43.856347
2005,6,26,1,5,1104,36.27,7.7,.377049,2,1,0,43.856347
2005,6,26,1,5,1104,36.37,7.7,.377049,2,1,0,43.856347
2005,6,26,1,5,1104,36.44,7.5,.377049,2,1,0,43.856347
2005,6,26,1,5,1104,180.3,8.1,.377049,2,0,0,180.3
2005,6,26,2,5,1104,.01,165,.377049,2,1,0,.01
2005,6,26,2,5,1104,32.21,27,.377049,2,1,0,43.856347
2005,6,26,2,5,1104,32.35,11.5,.377049,2,1,0,43.856347
2005,6,26,2,5,1104,32.48,7.7,.377049,2,1,0,43.856347
2005,6,26,2,5,1104,32.64,7.7,.377049,2,1,0,43.856347
2005,6,26,2,5,1104,32.82,7.7,.377049,2,1,0,43.856347
2005,6,26,2,5,1104,33.02,7.7,.377049,2,1,0,43.856347
2005,6,26,2,5,1104,33.23,7.7,.377049,2,1,0,43.856347
2005,6,26,2,5,1104,33.46,7.7,.377049,2,1,0,43.856347
2005,6,26,2,5,1104,33.7,7.7,.377049,2,1,0,43.856347
2005,6,26,2,5,1104,33.94,7.7,.377049,2,1,0,43.856347
2005,6,26,2,5,1104,34.19,7.7,.377049,2,1,0,43.856347
2005,6,26,2,5,1104,34.44,7.7,.377049,2,1,0,43.856347
2005,6,26,2,5,1104,34.69,7.7,.377049,2,1,0,43.856347
2005,6,26,2,5,1104,34.93,7.7,.377049,2,1,0,43.856347
2005,6,26,2,5,1104,35.17,7.7,.377049,2,1,0,43.856347
2005,6,26,2,5,1104,35.39,7.7,.377049,2,1,0,43.856347
2005,6,26,2,5,1104,35.61,7.7,.377049,2,1,0,43.856347
2005,6,26,2,5,1104,35.8,7.7,.377049,2,1,0,43.856347
2005,6,26,2,5,1104,35.98,7.7,.377049,2,1,0,43.856347
2005,6,26,2,5,1104,36.14,7.7,.377049,2,1,0,43.856347
2005,6,26,2,5,1104,36.27,7.7,.377049,2,1,0,43.856347
2005,6,26,2,5,1104,36.37,7.7,.377049,2,1,0,43.856347
2005,6,26,2,5,1104,36.44,7.5,.377049,2,1,0,43.856347
2005,6,26,2,5,1104,180.3,8.1,.377049,2,0,0,180.3
2005,6,26,3,5,1104,.01,165,.377049,2,1,0,.01
2005,6,26,3,5,1104,32.21,27,.377049,2,1,0,43.856347
2005,6,26,3,5,1104,32.35,11.5,.377049,2,1,0,43.856347
2005,6,26,3,5,1104,32.48,7.7,.377049,2,1,0,43.856347
2005,6,26,3,5,1104,32.64,7.7,.377049,2,1,0,43.856347
2005,6,26,3,5,1104,32.82,7.7,.377049,2,1,0,43.856347
2005,6,26,3,5,1104,33.02,7.7,.377049,2,1,0,43.856347
2005,6,26,3,5,1104,33.23,7.7,.377049,2,1,0,43.856347
2005,6,26,3,5,1104,33.46,7.7,.377049,2,1,0,43.856347
2005,6,26,3,5,1104,33.7,7.7,.377049,2,1,0,43.856347
2005,6,26,3,5,1104,33.94,7.7,.377049,2,1,0,43.856347
2005,6,26,3,5,1104,34.19,7.7,.377049,2,1,0,43.856347
2005,6,26,3,5,1104,34.44,7.7,.377049,2,1,0,43.856347
2005,6,26,3,5,1104,34.69,7.7,.377049,2,1,0,43.856347
2005,6,26,3,5,1104,34.93,7.7,.377049,2,1,0,43.856347
2005,6,26,3,5,1104,35.17,7.7,.377049,2,1,0,43.856347
2005,6,26,3,5,1104,35.39,7.7,.377049,2,1,0,43.856347
2005,6,26,3,5,1104,35.61,7.7,.377049,2,1,0,43.856347
2005,6,26,3,5,1104,35.8,7.7,.377049,2,1,0,43.856347
2005,6,26,3,5,1104,35.98,7.7,.377049,2,1,0,43.856347
2005,6,26,3,5,1104,36.14,7.7,.377049,2,1,0,43.856347
2005,6,26,3,5,1104,36.27,7.7,.377049,2,1,0,43.856347
2005,6,26,3,5,1104,36.37,7.7,.377049,2,1,0,43.856347
2005,6,26,3,5,1104,36.44,7.5,.377049,2,1,0,43.856347
2005,6,26,3,5,1104,180.3,8.1,.377049,2,0,0,180.3
2005,6,26,4,5,1104,.01,165,.377049,2,1,0,.01
2005,6,26,4,5,1104,32.21,27,.377049,2,1,0,43.856347
2005,6,26,4,5,1104,32.35,11.5,.377049,2,1,0,43.856347
2005,6,26,4,5,1104,32.48,7.7,.377049,2,1,0,43.856347
2005,6,26,4,5,1104,32.64,7.7,.377049,2,1,0,43.856347
2005,6,26,4,5,1104,32.82,7.7,.377049,2,1,0,43.856347
2005,6,26,4,5,1104,33.02,7.7,.377049,2,1,0,43.856347
2005,6,26,4,5,1104,33.23,7.7,.377049,2,1,0,43.856347
2005,6,26,4,5,1104,33.46,7.7,.377049,2,1,0,43.856347
2005,6,26,4,5,1104,33.7,7.7,.377049,2,1,0,43.856347
2005,6,26,4,5,1104,33.94,7.7,.377049,2,1,0,43.856347
2005,6,26,4,5,1104,34.19,7.7,.377049,2,1,0,43.856347
2005,6,26,4,5,1104,34.44,7.7,.377049,2,1,0,43.856347
2005,6,26,4,5,1104,34.69,7.7,.377049,2,1,0,43.856347
2005,6,26,4,5,1104,34.93,7.7,.377049,2,1,0,43.856347
2005,6,26,4,5,1104,35.17,7.7,.377049,2,1,0,43.856347
2005,6,26,4,5,1104,35.39,7.7,.377049,2,1,0,43.856347
2005,6,26,4,5,1104,35.61,7.7,.377049,2,1,0,43.856347
2005,6,26,4,5,1104,35.8,7.7,.377049,2,1,0,43.856347
2005,6,26,4,5,1104,35.98,7.7,.377049,2,1,0,43.856347
2005,6,26,4,5,1104,36.14,7.7,.377049,2,0,0,43.856347
2005,6,26,4,5,1104,36.27,7.7,.377049,2,0,0,43.856347
2005,6,26,4,5,1104,36.37,7.7,.377049,2,0,0,43.856347
2005,6,26,4,5,1104,36.44,7.5,.377049,2,0,0,43.856347
2005,6,26,4,5,1104,180.3,8.1,.377049,2,0,0,180.3
2005,6,26,5,5,1104,.01,165,.377049,2,1,0,.01
2005,6,26,5,5,1104,32.21,27,.377049,2,1,0,43.856347
2005,6,26,5,5,1104,32.35,11.5,.377049,2,1,0,43.856347
2005,6,26,5,5,1104,32.48,7.7,.377049,2,1,0,43.856347
2005,6,26,5,5,1104,32.64,7.7,.377049,2,1,0,43.856347
2005,6,26,5,5,1104,32.82,7.7,.377049,2,1,0,43.856347
2005,6,26,5,5,1104,33.02,7.7,.377049,2,1,0,43.856347
2005,6,26,5,5,1104,33.23,7.7,.377049,2,1,0,43.856347
2005,6,26,5,5,1104,33.46,7.7,.377049,2,1,0,43.856347
2005,6,26,5,5,1104,33.7,7.7,.377049,2,1,0,43.856347
2005,6,26,5,5,1104,33.94,7.7,.377049,2,1,0,43.856347
2005,6,26,5,5,1104,34.19,7.7,.377049,2,1,0,43.856347
2005,6,26,5,5,1104,34.44,7.7,.377049,2,1,0,43.856347
2005,6,26,5,5,1104,34.69,7.7,.377049,2,1,0,43.856347
2005,6,26,5,5,1104,34.93,7.7,.377049,2,1,0,43.856347
2005,6,26,5,5,1104,35.17,7.7,.377049,2,1,0,43.856347
2005,6,26,5,5,1104,35.39,7.7,.377049,2,1,0,43.856347
2005,6,26,5,5,1104,35.61,7.7,.377049,2,1,0,43.856347
2005,6,26,5,5,1104,35.8,7.7,.377049,2,1,0,43.856347
2005,6,26,5,5,1104,35.98,7.7,.377049,2,0,0,43.856347
2005,6,26,5,5,1104,36.14,7.7,.377049,2,0,0,43.856347
2005,6,26,5,5,1104,36.27,7.7,.377049,2,0,0,43.856347
2005,6,26,5,5,1104,36.37,7.7,.377049,2,0,0,43.856347
2005,6,26,5,5,1104,36.44,7.5,.377049,2,0,0,43.856347
2005,6,26,5,5,1104,180.3,8.1,.377049,2,0,0,180.3
2005,6,26,6,5,1104,.01,165,.377049,2,1,0,.01
2005,6,26,6,5,1104,32.21,27,.377049,2,1,0,43.856347
2005,6,26,6,5,1104,32.35,11.5,.377049,2,1,0,43.856347
2005,6,26,6,5,1104,32.48,7.7,.377049,2,1,0,43.856347
2005,6,26,6,5,1104,32.64,7.7,.377049,2,1,0,43.856347
2005,6,26,6,5,1104,32.82,7.7,.377049,2,1,0,43.856347
2005,6,26,6,5,1104,33.02,7.7,.377049,2,1,0,43.856347
2005,6,26,6,5,1104,33.23,7.7,.377049,2,1,0,43.856347
2005,6,26,6,5,1104,33.46,7.7,.377049,2,1,0,43.856347
2005,6,26,6,5,1104,33.7,7.7,.377049,2,1,0,43.856347
2005,6,26,6,5,1104,33.94,7.7,.377049,2,1,0,43.856347
2005,6,26,6,5,1104,34.19,7.7,.377049,2,1,0,43.856347
2005,6,26,6,5,1104,34.44,7.7,.377049,2,1,0,43.856347
2005,6,26,6,5,1104,34.69,7.7,.377049,2,1,0,43.856347
2005,6,26,6,5,1104,34.93,7.7,.377049,2,1,0,43.856347
2005,6,26,6,5,1104,35.17,7.7,.377049,2,1,0,43.856347
2005,6,26,6,5,1104,35.39,7.7,.377049,2,1,0,43.856347
2005,6,26,6,5,1104,35.61,7.7,.377049,2,1,0,43.856347
2005,6,26,6,5,1104,35.8,7.7,.377049,2,0,0,43.856347
2005,6,26,6,5,1104,35.98,7.7,.377049,2,0,0,43.856347
2005,6,26,6,5,1104,36.14,7.7,.377049,2,0,0,43.856347
2005,6,26,6,5,1104,36.27,7.7,.377049,2,0,0,43.856347
2005,6,26,6,5,1104,36.37,7.7,.377049,2,0,0,43.856347
2005,6,26,6,5,1104,36.44,7.5,.377049,2,0,0,43.856347
2005,6,26,6,5,1104,180.3,8.1,.377049,2,0,0,180.3
2005,6,26,7,5,1104,.01,165,.377049,2,1,0,.01
2005,6,26,7,5,1104,32.21,27,.377049,2,1,0,43.856347
2005,6,26,7,5,1104,32.35,11.5,.377049,2,1,0,43.856347
2005,6,26,7,5,1104,32.48,7.7,.377049,2,1,0,43.856347
2005,6,26,7,5,1104,32.64,7.7,.377049,2,1,0,43.856347
2005,6,26,7,5,1104,32.82,7.7,.377049,2,1,0,43.856347
2005,6,26,7,5,1104,33.02,7.7,.377049,2,1,0,43.856347
2005,6,26,7,5,1104,33.23,7.7,.377049,2,1,0,43.856347
2005,6,26,7,5,1104,33.46,7.7,.377049,2,1,0,43.856347
2005,6,26,7,5,1104,33.7,7.7,.377049,2,0,0,43.856347
2005,6,26,7,5,1104,33.94,7.7,.377049,2,0,0,43.856347
2005,6,26,7,5,1104,34.19,7.7,.377049,2,0,0,43.856347
2005,6,26,7,5,1104,34.44,7.7,.377049,2,0,0,43.856347
2005,6,26,7,5,1104,34.69,7.7,.377049,2,0,0,43.856347
2005,6,26,7,5,1104,34.93,7.7,.377049,2,0,0,43.856347
2005,6,26,7,5,1104,35.17,7.7,.377049,2,0,0,43.856347
2005,6,26,7,5,1104,35.39,7.7,.377049,2,0,0,43.856347
2005,6,26,7,5,1104,35.61,7.7,.377049,2,0,0,43.856347
2005,6,26,7,5,1104,35.8,7.7,.377049,2,0,0,43.856347
2005,6,26,7,5,1104,35.98,7.7,.377049,2,0,0,43.856347
2005,6,26,7,5,1104,36.14,7.7,.377049,2,0,0,43.856347
2005,6,26,7,5,1104,36.27,7.7,.377049,2,0,0,43.856347
2005,6,26,7,5,1104,36.37,7.7,.377049,2,0,0,43.856347
2005,6,26,7,5,1104,36.44,7.5,.377049,2,0,0,43.856347
2005,6,26,7,5,1104,180.3,8.1,.377049,2,0,0,180.3
2005,6,26,8,5,1104,.01,165,.377049,2,1,0,.01
2005,6,26,8,5,1104,32.21,27,.377049,2,1,0,43.856347
2005,6,26,8,5,1104,32.35,11.5,.377049,2,1,0,43.856347
2005,6,26,8,5,1104,32.48,7.7,.377049,2,1,0,43.856347
2005,6,26,8,5,1104,32.64,7.7,.377049,2,1,0,43.856347
2005,6,26,8,5,1104,32.82,7.7,.377049,2,1,0,43.856347
2005,6,26,8,5,1104,33.02,7.7,.377049,2,0,0,43.856347
2005,6,26,8,5,1104,33.23,7.7,.377049,2,0,0,43.856347
2005,6,26,8,5,1104,33.46,7.7,.377049,2,0,0,43.856347
2005,6,26,8,5,1104,33.7,7.7,.377049,2,0,0,43.856347
2005,6,26,8,5,1104,33.94,7.7,.377049,2,0,0,43.856347
2005,6,26,8,5,1104,34.19,7.7,.377049,2,0,0,43.856347
2005,6,26,8,5,1104,34.44,7.7,.377049,2,0,0,43.856347
2005,6,26,8,5,1104,34.69,7.7,.377049,2,0,0,43.856347
2005,6,26,8,5,1104,34.93,7.7,.377049,2,0,0,43.856347
2005,6,26,8,5,1104,35.17,7.7,.377049,2,0,0,43.856347
2005,6,26,8,5,1104,35.39,7.7,.377049,2,0,0,43.856347
2005,6,26,8,5,1104,35.61,7.7,.377049,2,0,0,43.856347
2005,6,26,8,5,1104,35.8,7.7,.377049,2,0,0,43.856347
2005,6,26,8,5,1104,35.98,7.7,.377049,2,0,0,43.856347
2005,6,26,8,5,1104,36.14,7.7,.377049,2,0,0,43.856347
2005,6,26,8,5,1104,36.27,7.7,.377049,2,0,0,43.856347
2005,6,26,8,5,1104,36.37,7.7,.377049,2,0,0,43.856347
2005,6,26,8,5,1104,36.44,7.5,.377049,2,0,0,43.856347
2005,6,26,8,5,1104,180.3,8.1,.377049,2,0,0,180.3
2005,6,26,9,5,1104,.01,165,.377049,2,1,0,.01
2005,6,26,9,5,1104,32.21,27,.377049,2,1,0,43.856347
2005,6,26,9,5,1104,32.35,11.5,.377049,2,1,0,43.856347
2005,6,26,9,5,1104,32.48,7.7,.377049,2,1,0,43.856347
2005,6,26,9,5,1104,32.64,7.7,.377049,2,1,0,43.856347
2005,6,26,9,5,1104,32.82,7.7,.377049,2,1,0,43.856347
2005,6,26,9,5,1104,33.02,7.7,.377049,2,1,0,43.856347
2005,6,26,9,5,1104,33.23,7.7,.377049,2,0,0,43.856347
2005,6,26,9,5,1104,33.46,7.7,.377049,2,0,0,43.856347
2005,6,26,9,5,1104,33.7,7.7,.377049,2,0,0,43.856347
2005,6,26,9,5,1104,33.94,7.7,.377049,2,0,0,43.856347
2005,6,26,9,5,1104,34.19,7.7,.377049,2,0,0,43.856347
2005,6,26,9,5,1104,34.44,7.7,.377049,2,0,0,43.856347
2005,6,26,9,5,1104,34.69,7.7,.377049,2,0,0,43.856347
2005,6,26,9,5,1104,34.93,7.7,.377049,2,0,0,43.856347
2005,6,26,9,5,1104,35.17,7.7,.377049,2,0,0,43.856347
2005,6,26,9,5,1104,35.39,7.7,.377049,2,0,0,43.856347
2005,6,26,9,5,1104,35.61,7.7,.377049,2,0,0,43.856347
2005,6,26,9,5,1104,35.8,7.7,.377049,2,0,0,43.856347
2005,6,26,9,5,1104,35.98,7.7,.377049,2,0,0,43.856347
2005,6,26,9,5,1104,36.14,7.7,.377049,2,0,0,43.856347
2005,6,26,9,5,1104,36.27,7.7,.377049,2,0,0,43.856347
2005,6,26,9,5,1104,36.37,7.7,.377049,2,0,0,43.856347
2005,6,26,9,5,1104,36.44,7.5,.377049,2,0,0,43.856347
2005,6,26,9,5,1104,180.3,8.1,.377049,2,0,0,180.3
2005,6,26,10,5,1104,.01,165,.377049,2,1,0,.01
2005,6,26,10,5,1104,32.21,27,.377049,2,1,0,43.856347
2005,6,26,10,5,1104,32.35,11.5,.377049,2,1,0,43.856347
2005,6,26,10,5,1104,32.48,7.7,.377049,2,1,0,43.856347
2005,6,26,10,5,1104,32.64,7.7,.377049,2,1,0,43.856347
2005,6,26,10,5,1104,32.82,7.7,.377049,2,1,0,43.856347
2005,6,26,10,5,1104,33.02,7.7,.377049,2,1,0,43.856347
2005,6,26,10,5,1104,33.23,7.7,.377049,2,1,0,43.856347
2005,6,26,10,5,1104,33.46,7.7,.377049,2,1,0,43.856347
2005,6,26,10,5,1104,33.7,7.7,.377049,2,1,0,43.856347
2005,6,26,10,5,1104,33.94,7.7,.377049,2,1,0,43.856347
2005,6,26,10,5,1104,34.19,7.7,.377049,2,1,0,43.856347
2005,6,26,10,5,1104,34.44,7.7,.377049,2,1,0,43.856347
2005,6,26,10,5,1104,34.69,7.7,.377049,2,1,0,43.856347
2005,6,26,10,5,1104,34.93,7.7,.377049,2,1,0,43.856347
2005,6,26,10,5,1104,35.17,7.7,.377049,2,0,0,43.856347
2005,6,26,10,5,1104,35.39,7.7,.377049,2,0,0,43.856347
2005,6,26,10,5,1104,35.61,7.7,.377049,2,0,0,43.856347
2005,6,26,10,5,1104,35.8,7.7,.377049,2,0,0,43.856347
2005,6,26,10,5,1104,35.98,7.7,.377049,2,0,0,43.856347
2005,6,26,10,5,1104,36.14,7.7,.377049,2,0,0,43.856347
2005,6,26,10,5,1104,36.27,7.7,.377049,2,0,0,43.856347
2005,6,26,10,5,1104,36.37,7.7,.377049,2,0,0,43.856347
2005,6,26,10,5,1104,36.44,7.5,.377049,2,0,0,43.856347
2005,6,26,10,5,1104,180.3,8.1,.377049,2,0,0,180.3
2005,6,26,11,5,1104,.01,165,.377049,2,1,0,.01
2005,6,26,11,5,1104,32.21,27,.377049,2,1,0,43.856347
2005,6,26,11,5,1104,32.35,11.5,.377049,2,1,0,43.856347
2005,6,26,11,5,1104,32.48,7.7,.377049,2,1,0,43.856347
2005,6,26,11,5,1104,32.64,7.7,.377049,2,1,0,43.856347
2005,6,26,11,5,1104,32.82,7.7,.377049,2,1,0,43.856347
2005,6,26,11,5,1104,33.02,7.7,.377049,2,1,0,43.856347
2005,6,26,11,5,1104,33.23,7.7,.377049,2,1,0,43.856347
2005,6,26,11,5,1104,33.46,7.7,.377049,2,1,0,43.856347
2005,6,26,11,5,1104,33.7,7.7,.377049,2,1,0,43.856347
2005,6,26,11,5,1104,33.94,7.7,.377049,2,1,0,43.856347
2005,6,26,11,5,1104,34.19,7.7,.377049,2,1,0,43.856347
2005,6,26,11,5,1104,34.44,7.7,.377049,2,1,0,43.856347
2005,6,26,11,5,1104,34.69,7.7,.377049,2,1,0,43.856347
2005,6,26,11,5,1104,34.93,7.7,.377049,2,1,0,43.856347
2005,6,26,11,5,1104,35.17,7.7,.377049,2,1,0,43.856347
2005,6,26,11,5,1104,35.39,7.7,.377049,2,1,0,43.856347
2005,6,26,11,5,1104,35.61,7.7,.377049,2,1,0,43.856347
2005,6,26,11,5,1104,35.8,7.7,.377049,2,1,0,43.856347
2005,6,26,11,5,1104,35.98,7.7,.377049,2,1,0,43.856347
2005,6,26,11,5,1104,36.14,7.7,.377049,2,1,0,43.856347
2005,6,26,11,5,1104,36.27,7.7,.377049,2,1,0,43.856347
2005,6,26,11,5,1104,36.37,7.7,.377049,2,1,0,43.856347
2005,6,26,11,5,1104,36.44,7.5,.377049,2,1,0,43.856347
2005,6,26,11,5,1104,180.3,8.1,.377049,2,0,0,180.3
2005,6,26,12,5,1104,.01,165,.377049,2,1,0,.01
2005,6,26,12,5,1104,32.21,27,.377049,2,1,0,43.856347
2005,6,26,12,5,1104,32.35,11.5,.377049,2,1,0,43.856347
2005,6,26,12,5,1104,32.48,7.7,.377049,2,1,0,43.856347
2005,6,26,12,5,1104,32.64,7.7,.377049,2,1,0,43.856347
2005,6,26,12,5,1104,32.82,7.7,.377049,2,1,0,43.856347
2005,6,26,12,5,1104,33.02,7.7,.377049,2,1,0,43.856347
2005,6,26,12,5,1104,33.23,7.7,.377049,2,1,0,43.856347
2005,6,26,12,5,1104,33.46,7.7,.377049,2,1,0,43.856347
2005,6,26,12,5,1104,33.7,7.7,.377049,2,1,0,43.856347
2005,6,26,12,5,1104,33.94,7.7,.377049,2,1,0,43.856347
2005,6,26,12,5,1104,34.19,7.7,.377049,2,1,0,43.856347
2005,6,26,12,5,1104,34.44,7.7,.377049,2,1,0,43.856347
2005,6,26,12,5,1104,34.69,7.7,.377049,2,1,0,43.856347
2005,6,26,12,5,1104,34.93,7.7,.377049,2,1,0,43.856347
2005,6,26,12,5,1104,35.17,7.7,.377049,2,1,0,43.856347
2005,6,26,12,5,1104,35.39,7.7,.377049,2,1,0,43.856347
2005,6,26,12,5,1104,35.61,7.7,.377049,2,1,0,43.856347
2005,6,26,12,5,1104,35.8,7.7,.377049,2,1,0,43.856347
2005,6,26,12,5,1104,35.98,7.7,.377049,2,1,0,43.856347
2005,6,26,12,5,1104,36.14,7.7,.377049,2,1,0,43.856347
2005,6,26,12,5,1104,36.27,7.7,.377049,2,1,0,43.856347
2005,6,26,12,5,1104,36.37,7.7,.377049,2,1,0,43.856347
2005,6,26,12,5,1104,36.44,7.5,.377049,2,1,0,43.856347
2005,6,26,12,5,1104,180.3,8.1,.377049,2,0,0,180.3
2005,6,26,13,5,1104,.01,165,.377049,2,1,0,.01
2005,6,26,13,5,1104,32.21,27,.377049,2,1,0,43.856347
2005,6,26,13,5,1104,32.35,11.5,.377049,2,1,0,43.856347
2005,6,26,13,5,1104,32.48,7.7,.377049,2,1,0,43.856347
2005,6,26,13,5,1104,32.64,7.7,.377049,2,1,0,43.856347
2005,6,26,13,5,1104,32.82,7.7,.377049,2,1,0,43.856347
2005,6,26,13,5,1104,33.02,7.7,.377049,2,1,0,43.856347
2005,6,26,13,5,1104,33.23,7.7,.377049,2,1,0,43.856347
2005,6,26,13,5,1104,33.46,7.7,.377049,2,1,0,43.856347
2005,6,26,13,5,1104,33.7,7.7,.377049,2,1,0,43.856347
2005,6,26,13,5,1104,33.94,7.7,.377049,2,1,0,43.856347
2005,6,26,13,5,1104,34.19,7.7,.377049,2,1,0,43.856347
2005,6,26,13,5,1104,34.44,7.7,.377049,2,1,0,43.856347
2005,6,26,13,5,1104,34.69,7.7,.377049,2,1,0,43.856347
2005,6,26,13,5,1104,34.93,7.7,.377049,2,1,0,43.856347
2005,6,26,13,5,1104,35.17,7.7,.377049,2,1,0,43.856347
2005,6,26,13,5,1104,35.39,7.7,.377049,2,1,0,43.856347
2005,6,26,13,5,1104,35.61,7.7,.377049,2,1,0,43.856347
2005,6,26,13,5,1104,35.8,7.7,.377049,2,1,0,43.856347
2005,6,26,13,5,1104,35.98,7.7,.377049,2,1,0,43.856347
2005,6,26,13,5,1104,36.14,7.7,.377049,2,1,0,43.856347
2005,6,26,13,5,1104,36.27,7.7,.377049,2,1,0,43.856347
2005,6,26,13,5,1104,36.37,7.7,.377049,2,1,0,43.856347
2005,6,26,13,5,1104,36.44,7.5,.377049,2,1,0,43.856347
2005,6,26,13,5,1104,180.3,8.1,.377049,2,0,0,180.3
2005,6,26,14,5,1104,0,165,.377049,2,1,0,0
2005,6,26,14,5,1104,32.21,27,.377049,2,1,0,43.856347
2005,6,26,14,5,1104,32.35,11.5,.377049,2,1,0,43.856347
2005,6,26,14,5,1104,32.48,7.7,.377049,2,1,0,43.856347
2005,6,26,14,5,1104,32.64,7.7,.377049,2,1,0,43.856347
2005,6,26,14,5,1104,32.82,7.7,.377049,2,1,0,43.856347
2005,6,26,14,5,1104,33.02,7.7,.377049,2,1,0,43.856347
2005,6,26,14,5,1104,33.23,7.7,.377049,2,1,0,43.856347
2005,6,26,14,5,1104,33.46,7.7,.377049,2,1,0,43.856347
2005,6,26,14,5,1104,33.7,7.7,.377049,2,1,0,43.856347
2005,6,26,14,5,1104,33.94,7.7,.377049,2,1,0,43.856347
2005,6,26,14,5,1104,34.19,7.7,.377049,2,1,0,43.856347
2005,6,26,14,5,1104,34.44,7.7,.377049,2,1,0,43.856347
2005,6,26,14,5,1104,34.69,7.7,.377049,2,1,0,43.856347
2005,6,26,14,5,1104,34.93,7.7,.377049,2,1,0,43.856347
2005,6,26,14,5,1104,35.17,7.7,.377049,2,1,0,43.856347
2005,6,26,14,5,1104,35.39,7.7,.377049,2,1,0,43.856347
2005,6,26,14,5,1104,35.61,7.7,.377049,2,1,0,43.856347
2005,6,26,14,5,1104,35.8,7.7,.377049,2,1,0,43.856347
2005,6,26,14,5,1104,35.98,7.7,.377049,2,1,0,43.856347
2005,6,26,14,5,1104,36.14,7.7,.377049,2,1,0,43.856347
2005,6,26,14,5,1104,36.27,7.7,.377049,2,1,0,43.856347
2005,6,26,14,5,1104,36.37,7.7,.377049,2,1,0,43.856347
2005,6,26,14,5,1104,36.44,7.5,.377049,2,1,0,43.856347
2005,6,26,14,5,1104,180.3,8.1,.377049,2,0,0,180.3
2005,6,26,15,5,1104,0,165,.377049,2,1,0,0
2005,6,26,15,5,1104,32.21,27,.377049,2,1,0,43.856347
2005,6,26,15,5,1104,32.35,11.5,.377049,2,1,0,43.856347
2005,6,26,15,5,1104,32.48,7.7,.377049,2,1,0,43.856347
2005,6,26,15,5,1104,32.64,7.7,.377049,2,1,0,43.856347
2005,6,26,15,5,1104,32.82,7.7,.377049,2,1,0,43.856347
2005,6,26,15,5,1104,33.02,7.7,.377049,2,1,0,43.856347
2005,6,26,15,5,1104,33.23,7.7,.377049,2,1,0,43.856347
2005,6,26,15,5,1104,33.46,7.7,.377049,2,1,0,43.856347
2005,6,26,15,5,1104,33.7,7.7,.377049,2,1,0,43.856347
2005,6,26,15,5,1104,33.94,7.7,.377049,2,1,0,43.856347
2005,6,26,15,5,1104,34.19,7.7,.377049,2,1,0,43.856347
2005,6,26,15,5,1104,34.44,7.7,.377049,2,1,0,43.856347
2005,6,26,15,5,1104,34.69,7.7,.377049,2,1,0,43.856347
2005,6,26,15,5,1104,34.93,7.7,.377049,2,1,0,43.856347
2005,6,26,15,5,1104,35.17,7.7,.377049,2,1,0,43.856347
2005,6,26,15,5,1104,35.39,7.7,.377049,2,1,0,43.856347
2005,6,26,15,5,1104,35.61,7.7,.377049,2,1,0,43.856347
2005,6,26,15,5,1104,35.8,7.7,.377049,2,1,0,43.856347
2005,6,26,15,5,1104,35.98,7.7,.377049,2,1,0,43.856347
2005,6,26,15,5,1104,36.14,7.7,.377049,2,1,0,43.856347
2005,6,26,15,5,1104,36.27,7.7,.377049,2,1,0,43.856347
2005,6,26,15,5,1104,36.37,7.7,.377049,2,1,0,43.856347
2005,6,26,15,5,1104,36.44,7.5,.377049,2,1,0,43.856347
2005,6,26,15,5,1104,180.3,8.1,.377049,2,0,0,180.3
2005,6,26,16,5,1104,0,165,.377049,2,1,0,0
2005,6,26,16,5,1104,32.21,27,.377049,2,1,0,43.856347
2005,6,26,16,5,1104,32.35,11.5,.377049,2,1,0,43.856347
2005,6,26,16,5,1104,32.48,7.7,.377049,2,1,0,43.856347
2005,6,26,16,5,1104,32.64,7.7,.377049,2,1,0,43.856347
2005,6,26,16,5,1104,32.82,7.7,.377049,2,1,0,43.856347
2005,6,26,16,5,1104,33.02,7.7,.377049,2,1,0,43.856347
2005,6,26,16,5,1104,33.23,7.7,.377049,2,1,0,43.856347
2005,6,26,16,5,1104,33.46,7.7,.377049,2,1,0,43.856347
2005,6,26,16,5,1104,33.7,7.7,.377049,2,1,0,43.856347
2005,6,26,16,5,1104,33.94,7.7,.377049,2,1,0,43.856347
2005,6,26,16,5,1104,34.19,7.7,.377049,2,1,0,43.856347
2005,6,26,16,5,1104,34.44,7.7,.377049,2,1,0,43.856347
2005,6,26,16,5,1104,34.69,7.7,.377049,2,1,0,43.856347
2005,6,26,16,5,1104,34.93,7.7,.377049,2,1,0,43.856347
2005,6,26,16,5,1104,35.17,7.7,.377049,2,1,0,43.856347
2005,6,26,16,5,1104,35.39,7.7,.377049,2,1,0,43.856347
2005,6,26,16,5,1104,35.61,7.7,.377049,2,1,0,43.856347
2005,6,26,16,5,1104,35.8,7.7,.377049,2,1,0,43.856347
2005,6,26,16,5,1104,35.98,7.7,.377049,2,1,0,43.856347
2005,6,26,16,5,1104,36.14,7.7,.377049,2,1,0,43.856347
2005,6,26,16,5,1104,36.27,7.7,.377049,2,1,0,43.856347
2005,6,26,16,5,1104,36.37,7.7,.377049,2,1,0,43.856347
2005,6,26,16,5,1104,36.44,7.5,.377049,2,1,0,43.856347
2005,6,26,16,5,1104,180.3,8.1,.377049,2,0,0,180.3
2005,6,26,17,5,1104,0,165,.377049,2,1,0,0
2005,6,26,17,5,1104,32.21,27,.377049,2,1,0,43.856347
2005,6,26,17,5,1104,32.35,11.5,.377049,2,1,0,43.856347
2005,6,26,17,5,1104,32.48,7.7,.377049,2,1,0,43.856347
2005,6,26,17,5,1104,32.64,7.7,.377049,2,1,0,43.856347
2005,6,26,17,5,1104,32.82,7.7,.377049,2,1,0,43.856347
2005,6,26,17,5,1104,33.02,7.7,.377049,2,1,0,43.856347
2005,6,26,17,5,1104,33.23,7.7,.377049,2,1,0,43.856347
2005,6,26,17,5,1104,33.46,7.7,.377049,2,1,0,43.856347
2005,6,26,17,5,1104,33.7,7.7,.377049,2,1,0,43.856347
2005,6,26,17,5,1104,33.94,7.7,.377049,2,1,0,43.856347
2005,6,26,17,5,1104,34.19,7.7,.377049,2,1,0,43.856347
2005,6,26,17,5,1104,34.44,7.7,.377049,2,1,0,43.856347
2005,6,26,17,5,1104,34.69,7.7,.377049,2,1,0,43.856347
2005,6,26,17,5,1104,34.93,7.7,.377049,2,1,0,43.856347
2005,6,26,17,5,1104,35.17,7.7,.377049,2,1,0,43.856347
2005,6,26,17,5,1104,35.39,7.7,.377049,2,1,0,43.856347
2005,6,26,17,5,1104,35.61,7.7,.377049,2,1,0,43.856347
2005,6,26,17,5,1104,35.8,7.7,.377049,2,1,0,43.856347
2005,6,26,17,5,1104,35.98,7.7,.377049,2,1,0,43.856347
2005,6,26,17,5,1104,36.14,7.7,.377049,2,1,0,43.856347
2005,6,26,17,5,1104,36.27,7.7,.377049,2,1,0,43.856347
2005,6,26,17,5,1104,36.37,7.7,.377049,2,1,0,43.856347
2005,6,26,17,5,1104,36.44,7.5,.377049,2,1,0,43.856347
2005,6,26,17,5,1104,180.3,8.1,.377049,2,0,0,180.3
2005,6,26,18,5,1104,0,165,.377049,2,1,0,0
2005,6,26,18,5,1104,32.21,27,.377049,2,1,0,43.856347
2005,6,26,18,5,1104,32.35,11.5,.377049,2,1,0,43.856347
2005,6,26,18,5,1104,32.48,7.7,.377049,2,1,0,43.856347
2005,6,26,18,5,1104,32.64,7.7,.377049,2,1,0,43.856347
2005,6,26,18,5,1104,32.82,7.7,.377049,2,1,0,43.856347
2005,6,26,18,5,1104,33.02,7.7,.377049,2,1,0,43.856347
2005,6,26,18,5,1104,33.23,7.7,.377049,2,1,0,43.856347
2005,6,26,18,5,1104,33.46,7.7,.377049,2,1,0,43.856347
2005,6,26,18,5,1104,33.7,7.7,.377049,2,1,0,43.856347
2005,6,26,18,5,1104,33.94,7.7,.377049,2,1,0,43.856347
2005,6,26,18,5,1104,34.19,7.7,.377049,2,1,0,43.856347
2005,6,26,18,5,1104,34.44,7.7,.377049,2,1,0,43.856347
2005,6,26,18,5,1104,34.69,7.7,.377049,2,1,0,43.856347
2005,6,26,18,5,1104,34.93,7.7,.377049,2,1,0,43.856347
2005,6,26,18,5,1104,35.17,7.7,.377049,2,1,0,43.856347
2005,6,26,18,5,1104,35.39,7.7,.377049,2,1,0,43.856347
2005,6,26,18,5,1104,35.61,7.7,.377049,2,1,0,43.856347
2005,6,26,18,5,1104,35.8,7.7,.377049,2,1,0,43.856347
2005,6,26,18,5,1104,35.98,7.7,.377049,2,1,0,43.856347
2005,6,26,18,5,1104,36.14,7.7,.377049,2,1,0,43.856347
2005,6,26,18,5,1104,36.27,7.7,.377049,2,1,0,43.856347
2005,6,26,18,5,1104,36.37,7.7,.377049,2,1,0,43.856347
2005,6,26,18,5,1104,36.44,7.5,.377049,2,1,0,43.856347
2005,6,26,18,5,1104,180.3,8.1,.377049,2,0,0,180.3
2005,6,26,19,5,1104,0,165,.377049,2,1,0,0
2005,6,26,19,5,1104,32.21,27,.377049,2,1,0,43.856347
2005,6,26,19,5,1104,32.35,11.5,.377049,2,1,0,43.856347
2005,6,26,19,5,1104,32.48,7.7,.377049,2,1,0,43.856347
2005,6,26,19,5,1104,32.64,7.7,.377049,2,1,0,43.856347
2005,6,26,19,5,1104,32.82,7.7,.377049,2,1,0,43.856347
2005,6,26,19,5,1104,33.02,7.7,.377049,2,1,0,43.856347
2005,6,26,19,5,1104,33.23,7.7,.377049,2,1,0,43.856347
2005,6,26,19,5,1104,33.46,7.7,.377049,2,1,0,43.856347
2005,6,26,19,5,1104,33.7,7.7,.377049,2,1,0,43.856347
2005,6,26,19,5,1104,33.94,7.7,.377049,2,1,0,43.856347
2005,6,26,19,5,1104,34.19,7.7,.377049,2,1,0,43.856347
2005,6,26,19,5,1104,34.44,7.7,.377049,2,1,0,43.856347
2005,6,26,19,5,1104,34.69,7.7,.377049,2,1,0,43.856347
2005,6,26,19,5,1104,34.93,7.7,.377049,2,1,0,43.856347
2005,6,26,19,5,1104,35.17,7.7,.377049,2,1,0,43.856347
2005,6,26,19,5,1104,35.39,7.7,.377049,2,1,0,43.856347
2005,6,26,19,5,1104,35.61,7.7,.377049,2,1,0,43.856347
2005,6,26,19,5,1104,35.8,7.7,.377049,2,1,0,43.856347
2005,6,26,19,5,1104,35.98,7.7,.377049,2,1,0,43.856347
2005,6,26,19,5,1104,36.14,7.7,.377049,2,1,0,43.856347
2005,6,26,19,5,1104,36.27,7.7,.377049,2,1,0,43.856347
2005,6,26,19,5,1104,36.37,7.7,.377049,2,1,0,43.856347
2005,6,26,19,5,1104,36.44,7.5,.377049,2,1,0,43.856347
2005,6,26,19,5,1104,180.3,8.1,.377049,2,0,0,180.3
2005,6,26,20,5,1104,0,165,.377049,2,1,0,0
2005,6,26,20,5,1104,32.21,27,.377049,2,1,0,43.856347
2005,6,26,20,5,1104,32.35,11.5,.377049,2,1,0,43.856347
2005,6,26,20,5,1104,32.48,7.7,.377049,2,1,0,43.856347
2005,6,26,20,5,1104,32.64,7.7,.377049,2,1,0,43.856347
2005,6,26,20,5,1104,32.82,7.7,.377049,2,1,0,43.856347
2005,6,26,20,5,1104,33.02,7.7,.377049,2,1,0,43.856347
2005,6,26,20,5,1104,33.23,7.7,.377049,2,1,0,43.856347
2005,6,26,20,5,1104,33.46,7.7,.377049,2,1,0,43.856347
2005,6,26,20,5,1104,33.7,7.7,.377049,2,1,0,43.856347
2005,6,26,20,5,1104,33.94,7.7,.377049,2,1,0,43.856347
2005,6,26,20,5,1104,34.19,7.7,.377049,2,1,0,43.856347
2005,6,26,20,5,1104,34.44,7.7,.377049,2,1,0,43.856347
2005,6,26,20,5,1104,34.69,7.7,.377049,2,1,0,43.856347
2005,6,26,20,5,1104,34.93,7.7,.377049,2,1,0,43.856347
2005,6,26,20,5,1104,35.17,7.7,.377049,2,1,0,43.856347
2005,6,26,20,5,1104,35.39,7.7,.377049,2,1,0,43.856347
2005,6,26,20,5,1104,35.61,7.7,.377049,2,1,0,43.856347
2005,6,26,20,5,1104,35.8,7.7,.377049,2,1,0,43.856347
2005,6,26,20,5,1104,35.98,7.7,.377049,2,1,0,43.856347
2005,6,26,20,5,1104,36.14,7.7,.377049,2,1,0,43.856347
2005,6,26,20,5,1104,36.27,7.7,.377049,2,1,0,43.856347
2005,6,26,20,5,1104,36.37,7.7,.377049,2,1,0,43.856347
2005,6,26,20,5,1104,36.44,7.5,.377049,2,1,0,43.856347
2005,6,26,20,5,1104,180.3,8.1,.377049,2,0,0,180.3
2005,6,26,21,5,1104,0,165,.377049,2,1,0,0
2005,6,26,21,5,1104,32.21,27,.377049,2,1,0,43.856347
2005,6,26,21,5,1104,32.35,11.5,.377049,2,1,0,43.856347
2005,6,26,21,5,1104,32.48,7.7,.377049,2,1,0,43.856347
2005,6,26,21,5,1104,32.64,7.7,.377049,2,1,0,43.856347
2005,6,26,21,5,1104,32.82,7.7,.377049,2,1,0,43.856347
2005,6,26,21,5,1104,33.02,7.7,.377049,2,1,0,43.856347
2005,6,26,21,5,1104,33.23,7.7,.377049,2,1,0,43.856347
2005,6,26,21,5,1104,33.46,7.7,.377049,2,1,0,43.856347
2005,6,26,21,5,1104,33.7,7.7,.377049,2,1,0,43.856347
2005,6,26,21,5,1104,33.94,7.7,.377049,2,1,0,43.856347
2005,6,26,21,5,1104,34.19,7.7,.377049,2,1,0,43.856347
2005,6,26,21,5,1104,34.44,7.7,.377049,2,1,0,43.856347
2005,6,26,21,5,1104,34.69,7.7,.377049,2,1,0,43.856347
2005,6,26,21,5,1104,34.93,7.7,.377049,2,1,0,43.856347
2005,6,26,21,5,1104,35.17,7.7,.377049,2,1,0,43.856347
2005,6,26,21,5,1104,35.39,7.7,.377049,2,1,0,43.856347
2005,6,26,21,5,1104,35.61,7.7,.377049,2,1,0,43.856347
2005,6,26,21,5,1104,35.8,7.7,.377049,2,1,0,43.856347
2005,6,26,21,5,1104,35.98,7.7,.377049,2,1,0,43.856347
2005,6,26,21,5,1104,36.14,7.7,.377049,2,1,0,43.856347
2005,6,26,21,5,1104,36.27,7.7,.377049,2,1,0,43.856347
2005,6,26,21,5,1104,36.37,7.7,.377049,2,1,0,43.856347
2005,6,26,21,5,1104,36.44,7.5,.377049,2,1,0,43.856347
2005,6,26,21,5,1104,180.3,8.1,.377049,2,0,0,180.3
2005,6,26,22,5,1104,0,165,.377049,2,1,0,0
2005,6,26,22,5,1104,32.21,27,.377049,2,1,0,43.856347
2005,6,26,22,5,1104,32.35,11.5,.377049,2,1,0,43.856347
2005,6,26,22,5,1104,32.48,7.7,.377049,2,1,0,43.856347
2005,6,26,22,5,1104,32.64,7.7,.377049,2,1,0,43.856347
2005,6,26,22,5,1104,32.82,7.7,.377049,2,1,0,43.856347
2005,6,26,22,5,1104,33.02,7.7,.377049,2,1,0,43.856347
2005,6,26,22,5,1104,33.23,7.7,.377049,2,1,0,43.856347
2005,6,26,22,5,1104,33.46,7.7,.377049,2,1,0,43.856347
2005,6,26,22,5,1104,33.7,7.7,.377049,2,1,0,43.856347
2005,6,26,22,5,1104,33.94,7.7,.377049,2,1,0,43.856347
2005,6,26,22,5,1104,34.19,7.7,.377049,2,1,0,43.856347
2005,6,26,22,5,1104,34.44,7.7,.377049,2,1,0,43.856347
2005,6,26,22,5,1104,34.69,7.7,.377049,2,1,0,43.856347
2005,6,26,22,5,1104,34.93,7.7,.377049,2,1,0,43.856347
2005,6,26,22,5,1104,35.17,7.7,.377049,2,1,0,43.856347
2005,6,26,22,5,1104,35.39,7.7,.377049,2,1,0,43.856347
2005,6,26,22,5,1104,35.61,7.7,.377049,2,1,0,43.856347
2005,6,26,22,5,1104,35.8,7.7,.377049,2,1,0,43.856347
2005,6,26,22,5,1104,35.98,7.7,.377049,2,1,0,43.856347
2005,6,26,22,5,1104,36.14,7.7,.377049,2,1,0,43.856347
2005,6,26,22,5,1104,36.27,7.7,.377049,2,1,0,43.856347
2005,6,26,22,5,1104,36.37,7.7,.377049,2,1,0,43.856347
2005,6,26,22,5,1104,36.44,7.5,.377049,2,1,0,43.856347
2005,6,26,22,5,1104,180.3,8.1,.377049,2,0,0,180.3
2005,6,26,23,5,1104,0,165,.377049,2,1,0,0
2005,6,26,23,5,1104,32.21,27,.377049,2,1,0,43.856347
2005,6,26,23,5,1104,32.35,11.5,.377049,2,1,0,43.856347
2005,6,26,23,5,1104,32.48,7.7,.377049,2,1,0,43.856347
2005,6,26,23,5,1104,32.64,7.7,.377049,2,1,0,43.856347
2005,6,26,23,5,1104,32.82,7.7,.377049,2,1,0,43.856347
2005,6,26,23,5,1104,33.02,7.7,.377049,2,1,0,43.856347
2005,6,26,23,5,1104,33.23,7.7,.377049,2,1,0,43.856347
2005,6,26,23,5,1104,33.46,7.7,.377049,2,1,0,43.856347
2005,6,26,23,5,1104,33.7,7.7,.377049,2,1,0,43.856347
2005,6,26,23,5,1104,33.94,7.7,.377049,2,1,0,43.856347
2005,6,26,23,5,1104,34.19,7.7,.377049,2,1,0,43.856347
2005,6,26,23,5,1104,34.44,7.7,.377049,2,1,0,43.856347
2005,6,26,23,5,1104,34.69,7.7,.377049,2,1,0,43.856347
2005,6,26,23,5,1104,34.93,7.7,.377049,2,1,0,43.856347
2005,6,26,23,5,1104,35.17,7.7,.377049,2,1,0,43.856347
2005,6,26,23,5,1104,35.39,7.7,.377049,2,1,0,43.856347
2005,6,26,23,5,1104,35.61,7.7,.377049,2,1,0,43.856347
2005,6,26,23,5,1104,35.8,7.7,.377049,2,1,0,43.856347
2005,6,26,23,5,1104,35.98,7.7,.377049,2,1,0,43.856347
2005,6,26,23,5,1104,36.14,7.7,.377049,2,1,0,43.856347
2005,6,26,23,5,1104,36.27,7.7,.377049,2,1,0,43.856347
2005,6,26,23,5,1104,36.37,7.7,.377049,2,1,0,43.856347
2005,6,26,23,5,1104,36.44,7.5,.377049,2,1,0,43.856347
2005,6,26,23,5,1104,180.3,8.1,.377049,2,0,0,180.3
2005,6,26,24,5,1104,0,165,.377049,2,1,0,0
2005,6,26,24,5,1104,32.21,27,.377049,2,1,0,43.856347
2005,6,26,24,5,1104,32.35,11.5,.377049,2,1,0,43.856347
2005,6,26,24,5,1104,32.48,7.7,.377049,2,1,0,43.856347
2005,6,26,24,5,1104,32.64,7.7,.377049,2,1,0,43.856347
2005,6,26,24,5,1104,32.82,7.7,.377049,2,1,0,43.856347
2005,6,26,24,5,1104,33.02,7.7,.377049,2,1,0,43.856347
2005,6,26,24,5,1104,33.23,7.7,.377049,2,1,0,43.856347
2005,6,26,24,5,1104,33.46,7.7,.377049,2,1,0,43.856347
2005,6,26,24,5,1104,33.7,7.7,.377049,2,1,0,43.856347
2005,6,26,24,5,1104,33.94,7.7,.377049,2,1,0,43.856347
2005,6,26,24,5,1104,34.19,7.7,.377049,2,1,0,43.856347
2005,6,26,24,5,1104,34.44,7.7,.377049,2,1,0,43.856347
2005,6,26,24,5,1104,34.69,7.7,.377049,2,1,0,43.856347
2005,6,26,24,5,1104,34.93,7.7,.377049,2,1,0,43.856347
2005,6,26,24,5,1104,35.17,7.7,.377049,2,1,0,43.856347
2005,6,26,24,5,1104,35.39,7.7,.377049,2,1,0,43.856347
2005,6,26,24,5,1104,35.61,7.7,.377049,2,1,0,43.856347
2005,6,26,24,5,1104,35.8,7.7,.377049,2,1,0,43.856347
2005,6,26,24,5,1104,35.98,7.7,.377049,2,1,0,43.856347
2005,6,26,24,5,1104,36.14,7.7,.377049,2,1,0,43.856347
2005,6,26,24,5,1104,36.27,7.7,.377049,2,1,0,43.856347
2005,6,26,24,5,1104,36.37,7.7,.377049,2,1,0,43.856347
2005,6,26,24,5,1104,36.44,7.5,.377049,2,1,0,43.856347
2005,6,26,24,5,1104,180.3,8.1,.377049,2,0,0,180.3
2005,6,26,1,2,1105,0,165,.377049,2,1,0,0
2005,6,26,1,2,1105,33.49,195,.377049,2,1,0,43.856347
2005,6,26,1,2,1105,151.02,41.8,.377049,2,0,0,151.02
2005,6,26,2,2,1105,0,165,.377049,2,1,0,0
2005,6,26,2,2,1105,33.49,195,.377049,2,1,0,43.856347
2005,6,26,2,2,1105,151.02,41.8,.377049,2,0,0,151.02
2005,6,26,3,2,1105,0,165,.377049,2,1,0,0
2005,6,26,3,2,1105,33.49,195,.377049,2,1,0,43.856347
2005,6,26,3,2,1105,151.02,41.8,.377049,2,0,0,151.02
2005,6,26,4,2,1105,0,165,.377049,2,1,0,0
2005,6,26,4,2,1105,33.49,195,.377049,2,1,0,43.856347
2005,6,26,4,2,1105,151.02,41.8,.377049,2,0,0,151.02
2005,6,26,5,2,1105,0,165,.377049,2,1,0,0
2005,6,26,5,2,1105,33.49,195,.377049,2,1,0,43.856347
2005,6,26,5,2,1105,151.02,41.8,.377049,2,0,0,151.02
2005,6,26,6,2,1105,0,165,.377049,2,1,0,0
2005,6,26,6,2,1105,33.49,195,.377049,2,1,0,43.856347
2005,6,26,6,2,1105,151.02,41.8,.377049,2,0,0,151.02
2005,6,26,7,2,1105,0,165,.377049,2,1,0,0
2005,6,26,7,2,1105,33.49,169.8,.377049,2,1,0,43.856347
2005,6,26,7,2,1105,151.02,41.8,.377049,2,0,0,151.02
2005,6,26,8,2,1105,0,165,.377049,2,1,0,0
2005,6,26,8,2,1105,33.49,195,.377049,2,0,0,43.856347
2005,6,26,8,2,1105,151.02,41.8,.377049,2,0,0,151.02
2005,6,26,9,2,1105,0,165,.377049,2,1,0,0
2005,6,26,9,2,1105,33.49,195,.377049,2,0,0,43.856347
2005,6,26,9,2,1105,151.02,41.8,.377049,2,0,0,151.02
2005,6,26,10,2,1105,0,165,.377049,2,1,0,0
2005,6,26,10,2,1105,33.49,195,.377049,2,1,0,43.856347
2005,6,26,10,2,1105,151.02,41.8,.377049,2,0,0,151.02
2005,6,26,11,2,1105,0,165,.377049,2,1,0,0
2005,6,26,11,2,1105,33.49,195,.377049,2,1,0,43.856347
2005,6,26,11,2,1105,151.02,41.8,.377049,2,0,0,151.02
2005,6,26,12,2,1105,0,165,.377049,2,1,0,0
2005,6,26,12,2,1105,33.49,195,.377049,2,1,0,43.856347
2005,6,26,12,2,1105,151.02,41.8,.377049,2,0,0,151.02
2005,6,26,13,2,1105,0,165,.377049,2,1,0,0
2005,6,26,13,2,1105,33.49,195,.377049,2,1,0,43.856347
2005,6,26,13,2,1105,151.02,41.8,.377049,2,0,0,151.02
2005,6,26,14,2,1105,0,165,.377049,2,1,0,0
2005,6,26,14,2,1105,33.49,195,.377049,2,1,0,43.856347
2005,6,26,14,2,1105,151.02,41.8,.377049,2,0,0,151.02
2005,6,26,15,2,1105,0,165,.377049,2,1,0,0
2005,6,26,15,2,1105,33.49,195,.377049,2,1,0,43.856347
2005,6,26,15,2,1105,151.02,41.8,.377049,2,0,0,151.02
2005,6,26,16,2,1105,0,165,.377049,2,1,0,0
2005,6,26,16,2,1105,33.49,195,.377049,2,1,0,43.856347
2005,6,26,16,2,1105,151.02,41.8,.377049,2,0,0,151.02
2005,6,26,17,2,1105,0,165,.377049,2,1,0,0
2005,6,26,17,2,1105,33.49,195,.377049,2,1,0,43.856347
2005,6,26,17,2,1105,151.02,41.8,.377049,2,0,0,151.02
2005,6,26,18,2,1105,0,165,.377049,2,1,0,0
2005,6,26,18,2,1105,33.49,195,.377049,2,1,0,43.856347
2005,6,26,18,2,1105,151.02,41.8,.377049,2,0,0,151.02
2005,6,26,19,2,1105,0,165,.377049,2,1,0,0
2005,6,26,19,2,1105,33.49,195,.377049,2,1,0,43.856347
2005,6,26,19,2,1105,151.02,41.8,.377049,2,0,0,151.02
2005,6,26,20,2,1105,0,165,.377049,2,1,0,0
2005,6,26,20,2,1105,33.49,195,.377049,2,1,0,43.856347
2005,6,26,20,2,1105,151.02,41.8,.377049,2,0,0,151.02
2005,6,26,21,2,1105,0,165,.377049,2,1,0,0
2005,6,26,21,2,1105,33.49,195,.377049,2,1,0,43.856347
2005,6,26,21,2,1105,151.02,41.8,.377049,2,0,0,151.02
2005,6,26,22,2,1105,0,165,.377049,2,1,0,0
2005,6,26,22,2,1105,33.49,195,.377049,2,1,0,43.856347
2005,6,26,22,2,1105,151.02,41.8,.377049,2,0,0,151.02
2005,6,26,23,2,1105,0,165,.377049,2,1,0,0
2005,6,26,23,2,1105,33.49,195,.377049,2,1,0,43.856347
2005,6,26,23,2,1105,151.02,41.8,.377049,2,0,0,151.02
2005,6,26,24,2,1105,0,165,.377049,2,1,0,0
2005,6,26,24,2,1105,33.49,195,.377049,2,1,0,43.856347
2005,6,26,24,2,1105,151.02,41.8,.377049,2,0,0,151.02
2005,6,26,1,1,1106,.01,133,.715213,2,0,1,.01
2005,6,26,1,1,1106,59.82,67,.715213,2,0,1,77.527192
2005,6,26,1,1,1106,61.05,55,.715213,2,0,1,77.527192
2005,6,26,1,1,1106,62.29,55,.715213,2,0,1,77.527192
2005,6,26,1,1,1106,63.52,55,.715213,2,0,1,77.527192
2005,6,26,1,1,1106,75.46,3.8,.715213,2,0,1,77.527192
2005,6,26,2,1,1106,.01,133,.715213,2,0,1,.01
2005,6,26,2,1,1106,59.82,67,.715213,2,0,1,77.527192
2005,6,26,2,1,1106,61.05,55,.715213,2,0,1,77.527192
2005,6,26,2,1,1106,62.29,55,.715213,2,0,1,77.527192
2005,6,26,2,1,1106,63.52,55,.715213,2,0,1,77.527192
2005,6,26,2,1,1106,75.46,3.8,.715213,2,0,1,77.527192
2005,6,26,3,1,1106,.01,133,.715213,2,0,1,.01
2005,6,26,3,1,1106,59.82,67,.715213,2,0,1,77.527192
2005,6,26,3,1,1106,61.05,55,.715213,2,0,1,77.527192
2005,6,26,3,1,1106,62.29,55,.715213,2,0,1,77.527192
2005,6,26,3,1,1106,63.52,55,.715213,2,0,1,77.527192
2005,6,26,3,1,1106,75.46,3.8,.715213,2,0,1,77.527192
2005,6,26,4,1,1106,.01,133,.715213,2,0,1,.01
2005,6,26,4,1,1106,59.82,67,.715213,2,0,1,77.527192
2005,6,26,4,1,1106,61.05,55,.715213,2,0,1,77.527192
2005,6,26,4,1,1106,62.29,55,.715213,2,0,1,77.527192
2005,6,26,4,1,1106,63.52,55,.715213,2,0,1,77.527192
2005,6,26,4,1,1106,75.46,3.8,.715213,2,0,1,77.527192
2005,6,26,5,1,1106,.01,133,.715213,2,0,1,.01
2005,6,26,5,1,1106,59.82,67,.715213,2,0,1,77.527192
2005,6,26,5,1,1106,61.05,55,.715213,2,0,1,77.527192
2005,6,26,5,1,1106,62.29,55,.715213,2,0,1,77.527192
2005,6,26,5,1,1106,63.52,55,.715213,2,0,1,77.527192
2005,6,26,5,1,1106,75.46,3.8,.715213,2,0,1,77.527192
2005,6,26,6,1,1106,.01,133,.715213,2,0,1,.01
2005,6,26,6,1,1106,59.82,67,.715213,2,0,1,77.527192
2005,6,26,6,1,1106,61.05,55,.715213,2,0,1,77.527192
2005,6,26,6,1,1106,62.29,55,.715213,2,0,1,77.527192
2005,6,26,6,1,1106,63.52,55,.715213,2,0,1,77.527192
2005,6,26,6,1,1106,75.46,3.8,.715213,2,0,1,77.527192
2005,6,26,7,1,1106,.01,133,.715213,2,0,1,.01
2005,6,26,7,1,1106,59.82,67,.715213,2,0,1,77.527192
2005,6,26,7,1,1106,61.05,55,.715213,2,0,1,77.527192
2005,6,26,7,1,1106,62.29,55,.715213,2,0,1,77.527192
2005,6,26,7,1,1106,63.52,55,.715213,2,0,1,77.527192
2005,6,26,7,1,1106,75.46,3.8,.715213,2,0,1,77.527192
2005,6,26,8,1,1106,.01,133,.715213,2,0,1,.01
2005,6,26,8,1,1106,59.82,67,.715213,2,0,1,77.527192
2005,6,26,8,1,1106,61.05,55,.715213,2,0,1,77.527192
2005,6,26,8,1,1106,62.29,55,.715213,2,0,1,77.527192
2005,6,26,8,1,1106,63.52,55,.715213,2,0,1,77.527192
2005,6,26,8,1,1106,75.46,3.8,.715213,2,0,1,77.527192
2005,6,26,9,1,1106,.01,133,.715213,2,0,1,.01
2005,6,26,9,1,1106,59.82,67,.715213,2,0,1,77.527192
2005,6,26,9,1,1106,61.05,55,.715213,2,0,1,77.527192
2005,6,26,9,1,1106,62.29,55,.715213,2,0,1,77.527192
2005,6,26,9,1,1106,63.52,55,.715213,2,0,1,77.527192
2005,6,26,9,1,1106,75.46,3.8,.715213,2,0,1,77.527192
2005,6,26,10,1,1106,.01,133,.715213,2,0,1,.01
2005,6,26,10,1,1106,59.82,67,.715213,2,0,1,77.527192
2005,6,26,10,1,1106,61.05,55,.715213,2,0,1,77.527192
2005,6,26,10,1,1106,62.29,55,.715213,2,0,1,77.527192
2005,6,26,10,1,1106,63.52,55,.715213,2,0,1,77.527192
2005,6,26,10,1,1106,75.46,3.8,.715213,2,0,1,77.527192
2005,6,26,11,1,1106,0,133,.715213,2,0,1,0
2005,6,26,11,1,1106,59.82,67,.715213,2,0,1,77.527192
2005,6,26,11,1,1106,61.05,55,.715213,2,0,1,77.527192
2005,6,26,11,1,1106,62.29,55,.715213,2,0,1,77.527192
2005,6,26,11,1,1106,63.52,55,.715213,2,0,1,77.527192
2005,6,26,11,1,1106,75.46,3.8,.715213,2,0,1,77.527192
2005,6,26,12,1,1106,0,133,.715213,2,0,1,0
2005,6,26,12,1,1106,59.82,67,.715213,2,0,1,77.527192
2005,6,26,12,1,1106,61.05,55,.715213,2,0,1,77.527192
2005,6,26,12,1,1106,62.29,55,.715213,2,0,1,77.527192
2005,6,26,12,1,1106,63.52,55,.715213,2,0,1,77.527192
2005,6,26,12,1,1106,75.46,3.8,.715213,2,0,1,77.527192
2005,6,26,13,1,1106,0,133,.715213,2,0,1,0
2005,6,26,13,1,1106,59.82,67,.715213,2,0,1,77.527192
2005,6,26,13,1,1106,61.05,55,.715213,2,0,1,77.527192
2005,6,26,13,1,1106,62.29,55,.715213,2,0,1,77.527192
2005,6,26,13,1,1106,63.52,55,.715213,2,0,1,77.527192
2005,6,26,13,1,1106,75.46,3.8,.715213,2,0,1,77.527192
2005,6,26,14,1,1106,0,133,.715213,2,0,1,0
2005,6,26,14,1,1106,59.82,67,.715213,2,0,1,77.527192
2005,6,26,14,1,1106,61.05,55,.715213,2,0,1,77.527192
2005,6,26,14,1,1106,62.29,55,.715213,2,0,1,77.527192
2005,6,26,14,1,1106,63.52,55,.715213,2,0,1,77.527192
2005,6,26,14,1,1106,75.46,3.8,.715213,2,0,1,77.527192
2005,6,26,15,1,1106,0,133,.715213,2,0,1,0
2005,6,26,15,1,1106,59.82,67,.715213,2,0,1,77.527192
2005,6,26,15,1,1106,61.05,55,.715213,2,0,1,77.527192
2005,6,26,15,1,1106,62.29,55,.715213,2,0,1,77.527192
2005,6,26,15,1,1106,63.52,55,.715213,2,0,1,77.527192
2005,6,26,15,1,1106,75.46,3.8,.715213,2,0,1,77.527192
2005,6,26,16,1,1106,0,133,.715213,2,0,1,0
2005,6,26,16,1,1106,59.82,67,.715213,2,0,1,77.527192
2005,6,26,16,1,1106,61.05,55,.715213,2,0,1,77.527192
2005,6,26,16,1,1106,62.29,55,.715213,2,0,1,77.527192
2005,6,26,16,1,1106,63.52,55,.715213,2,0,1,77.527192
2005,6,26,16,1,1106,75.46,3.8,.715213,2,0,1,77.527192
2005,6,26,17,1,1106,0,133,.715213,2,0,1,0
2005,6,26,17,1,1106,59.82,67,.715213,2,0,1,77.527192
2005,6,26,17,1,1106,61.05,55,.715213,2,0,1,77.527192
2005,6,26,17,1,1106,62.29,55,.715213,2,0,1,77.527192
2005,6,26,17,1,1106,63.52,55,.715213,2,0,1,77.527192
2005,6,26,17,1,1106,75.46,3.8,.715213,2,0,1,77.527192
2005,6,26,18,1,1106,0,133,.715213,2,0,1,0
2005,6,26,18,1,1106,59.82,67,.715213,2,0,1,77.527192
2005,6,26,18,1,1106,61.05,55,.715213,2,0,1,77.527192
2005,6,26,18,1,1106,62.29,55,.715213,2,0,1,77.527192
2005,6,26,18,1,1106,63.52,55,.715213,2,0,1,77.527192
2005,6,26,18,1,1106,75.46,3.8,.715213,2,0,1,77.527192
2005,6,26,19,1,1106,0,133,.715213,2,0,1,0
2005,6,26,19,1,1106,59.82,67,.715213,2,0,1,77.527192
2005,6,26,19,1,1106,61.05,55,.715213,2,0,1,77.527192
2005,6,26,19,1,1106,62.29,55,.715213,2,0,1,77.527192
2005,6,26,19,1,1106,63.52,55,.715213,2,0,1,77.527192
2005,6,26,19,1,1106,75.46,3.8,.715213,2,0,1,77.527192
2005,6,26,20,1,1106,0,133,.715213,2,0,1,0
2005,6,26,20,1,1106,59.82,67,.715213,2,0,1,77.527192
2005,6,26,20,1,1106,61.05,55,.715213,2,0,1,77.527192
2005,6,26,20,1,1106,62.29,55,.715213,2,0,1,77.527192
2005,6,26,20,1,1106,63.52,55,.715213,2,0,1,77.527192
2005,6,26,20,1,1106,75.46,3.8,.715213,2,0,1,77.527192
2005,6,26,21,1,1106,0,133,.715213,2,0,1,0
2005,6,26,21,1,1106,59.82,67,.715213,2,0,1,77.527192
2005,6,26,21,1,1106,61.05,55,.715213,2,0,1,77.527192
2005,6,26,21,1,1106,62.29,55,.715213,2,0,1,77.527192
2005,6,26,21,1,1106,63.52,55,.715213,2,0,1,77.527192
2005,6,26,21,1,1106,75.46,3.8,.715213,2,0,1,77.527192
2005,6,26,22,1,1106,0,133,.715213,2,0,1,0
2005,6,26,22,1,1106,59.82,67,.715213,2,0,1,77.527192
2005,6,26,22,1,1106,61.05,55,.715213,2,0,1,77.527192
2005,6,26,22,1,1106,62.29,55,.715213,2,0,1,77.527192
2005,6,26,22,1,1106,63.52,55,.715213,2,0,1,77.527192
2005,6,26,22,1,1106,75.46,3.8,.715213,2,0,1,77.527192
2005,6,26,23,1,1106,.01,133,.715213,2,0,1,.01
2005,6,26,23,1,1106,59.82,67,.715213,2,0,1,77.527192
2005,6,26,23,1,1106,61.05,55,.715213,2,0,1,77.527192
2005,6,26,23,1,1106,62.29,55,.715213,2,0,1,77.527192
2005,6,26,23,1,1106,63.52,55,.715213,2,0,1,77.527192
2005,6,26,23,1,1106,75.46,3.8,.715213,2,0,1,77.527192
2005,6,26,24,1,1106,.01,133,.715213,2,0,1,.01
2005,6,26,24,1,1106,59.82,67,.715213,2,0,1,77.527192
2005,6,26,24,1,1106,61.05,55,.715213,2,0,1,77.527192
2005,6,26,24,1,1106,62.29,55,.715213,2,0,1,77.527192
2005,6,26,24,1,1106,63.52,55,.715213,2,0,1,77.527192
2005,6,26,24,1,1106,75.46,3.8,.715213,2,0,1,77.527192
2005,6,26,1,1,1107,143.17,528.2,.715213,2,0,0,143.17
2005,6,26,2,1,1107,143.17,528.2,.715213,2,0,0,143.17
2005,6,26,3,1,1107,143.17,528.2,.715213,2,0,0,143.17
2005,6,26,4,1,1107,143.17,528.2,.715213,2,0,0,143.17
2005,6,26,5,1,1107,143.17,528.2,.715213,2,0,0,143.17
2005,6,26,6,1,1107,143.17,528.2,.715213,2,0,0,143.17
2005,6,26,7,1,1107,143.17,528.2,.715213,2,0,0,143.17
2005,6,26,8,1,1107,143.17,528.2,.715213,2,0,0,143.17
2005,6,26,9,1,1107,143.17,528.2,.715213,2,0,0,143.17
2005,6,26,10,1,1107,143.17,528.2,.715213,2,0,0,143.17
2005,6,26,11,1,1107,143.17,528.2,.715213,2,0,0,143.17
2005,6,26,12,1,1107,143.17,528.2,.715213,2,0,0,143.17
2005,6,26,13,1,1107,143.17,528.2,.715213,2,0,0,143.17
2005,6,26,14,1,1107,143.17,528.2,.715213,2,0,0,143.17
2005,6,26,15,1,1107,143.17,528.2,.715213,2,0,0,143.17
2005,6,26,16,1,1107,143.17,528.2,.715213,2,0,0,143.17
2005,6,26,17,1,1107,143.17,528.2,.715213,2,0,0,143.17
2005,6,26,18,1,1107,143.17,528.2,.715213,2,0,0,143.17
2005,6,26,19,1,1107,143.17,528.2,.715213,2,0,0,143.17
2005,6,26,20,1,1107,143.17,528.2,.715213,2,0,0,143.17
2005,6,26,21,1,1107,143.17,528.2,.715213,2,0,0,143.17
2005,6,26,22,1,1107,143.17,528.2,.715213,2,0,0,143.17
2005,6,26,23,1,1107,143.17,528.2,.715213,2,0,0,143.17
2005,6,26,24,1,1107,143.17,528.2,.715213,2,0,0,143.17
2005,6,26,1,9,1108,11,230,.371975,2,1,0,43.734723
2005,6,26,1,9,1108,35.85,50,.371975,2,1,0,43.734723
2005,6,26,1,9,1108,37.45,50,.371975,2,1,0,43.734723
2005,6,26,1,9,1108,39.05,46.3,.371975,2,1,0,43.734723
2005,6,26,2,9,1108,11,230,.371975,2,1,0,43.734723
2005,6,26,2,9,1108,35.85,50,.371975,2,1,0,43.734723
2005,6,26,2,9,1108,37.45,50,.371975,2,1,0,43.734723
2005,6,26,2,9,1108,39.05,46.3,.371975,2,1,0,43.734723
2005,6,26,3,9,1108,11,230,.371975,2,1,0,43.734723
2005,6,26,3,9,1108,35.85,50,.371975,2,1,0,43.734723
2005,6,26,3,9,1108,37.45,50,.371975,2,1,0,43.734723
2005,6,26,3,9,1108,39.05,46.3,.371975,2,0,0,43.734723
2005,6,26,4,9,1108,11,230,.371975,2,1,0,43.734723
2005,6,26,4,9,1108,35.85,50,.371975,2,1,0,43.734723
2005,6,26,4,9,1108,37.45,50,.371975,2,0,0,43.734723
2005,6,26,4,9,1108,39.05,46.3,.371975,2,0,0,43.734723
2005,6,26,5,9,1108,11,230,.371975,2,1,0,43.734723
2005,6,26,5,9,1108,35.85,50,.371975,2,1,0,43.734723
2005,6,26,5,9,1108,37.45,50,.371975,2,0,0,43.734723
2005,6,26,5,9,1108,39.05,46.3,.371975,2,0,0,43.734723
2005,6,26,6,9,1108,11,230,.371975,2,1,0,43.734723
2005,6,26,6,9,1108,35.85,50,.371975,2,0,0,43.734723
2005,6,26,6,9,1108,37.45,50,.371975,2,0,0,43.734723
2005,6,26,6,9,1108,39.05,46.3,.371975,2,0,0,43.734723
2005,6,26,7,9,1108,11,230,.371975,2,1,0,43.734723
2005,6,26,7,9,1108,35.85,50,.371975,2,0,0,43.734723
2005,6,26,7,9,1108,37.45,50,.371975,2,0,0,43.734723
2005,6,26,7,9,1108,39.05,46.3,.371975,2,0,0,43.734723
2005,6,26,8,9,1108,11,230,.371975,2,1,0,43.734723
2005,6,26,8,9,1108,35.85,50,.371975,2,0,0,43.734723
2005,6,26,8,9,1108,37.45,50,.371975,2,0,0,43.734723
2005,6,26,8,9,1108,39.05,46.3,.371975,2,0,0,43.734723
2005,6,26,9,9,1108,11,230,.371975,2,1,0,43.734723
2005,6,26,9,9,1108,35.85,50,.371975,2,0,0,43.734723
2005,6,26,9,9,1108,37.45,50,.371975,2,0,0,43.734723
2005,6,26,9,9,1108,39.05,46.3,.371975,2,0,0,43.734723
2005,6,26,10,9,1108,11,230,.371975,2,1,0,43.734723
2005,6,26,10,9,1108,35.85,50,.371975,2,0,0,43.734723
2005,6,26,10,9,1108,37.45,50,.371975,2,0,0,43.734723
2005,6,26,10,9,1108,39.05,46.3,.371975,2,0,0,43.734723
2005,6,26,11,9,1108,11,230,.371975,2,1,0,43.734723
2005,6,26,11,9,1108,35.85,50,.371975,2,1,0,43.734723
2005,6,26,11,9,1108,37.45,50,.371975,2,1,0,43.734723
2005,6,26,11,9,1108,39.05,46.3,.371975,2,0,0,43.734723
2005,6,26,12,9,1108,11,230,.371975,2,1,0,43.734723
2005,6,26,12,9,1108,35.85,50,.371975,2,1,0,43.734723
2005,6,26,12,9,1108,37.45,50,.371975,2,1,0,43.734723
2005,6,26,12,9,1108,39.05,46.3,.371975,2,1,0,43.734723
2005,6,26,13,9,1108,11,230,.371975,2,1,0,43.734723
2005,6,26,13,9,1108,35.85,50,.371975,2,1,0,43.734723
2005,6,26,13,9,1108,37.45,50,.371975,2,1,0,43.734723
2005,6,26,13,9,1108,39.05,46.3,.371975,2,1,0,43.734723
2005,6,26,14,9,1108,11,230,.371975,2,1,0,43.734723
2005,6,26,14,9,1108,35.85,50,.371975,2,1,0,43.734723
2005,6,26,14,9,1108,37.45,50,.371975,2,1,0,43.734723
2005,6,26,14,9,1108,39.05,46.3,.371975,2,1,0,43.734723
2005,6,26,15,9,1108,11,230,.371975,2,1,0,43.734723
2005,6,26,15,9,1108,35.85,50,.371975,2,1,0,43.734723
2005,6,26,15,9,1108,37.45,50,.371975,2,1,0,43.734723
2005,6,26,15,9,1108,39.05,46.3,.371975,2,1,0,43.734723
2005,6,26,16,9,1108,11,230,.371975,2,1,0,43.734723
2005,6,26,16,9,1108,35.85,50,.371975,2,1,0,43.734723
2005,6,26,16,9,1108,37.45,50,.371975,2,1,0,43.734723
2005,6,26,16,9,1108,39.05,46.3,.371975,2,1,0,43.734723
2005,6,26,17,9,1108,11,230,.371975,2,1,0,43.734723
2005,6,26,17,9,1108,35.85,50,.371975,2,1,0,43.734723
2005,6,26,17,9,1108,37.45,50,.371975,2,1,0,43.734723
2005,6,26,17,9,1108,39.05,46.3,.371975,2,1,0,43.734723
2005,6,26,18,9,1108,11,230,.371975,2,1,0,43.734723
2005,6,26,18,9,1108,35.85,50,.371975,2,1,0,43.734723
2005,6,26,18,9,1108,37.45,50,.371975,2,1,0,43.734723
2005,6,26,18,9,1108,39.05,46.3,.371975,2,1,0,43.734723
2005,6,26,19,9,1108,11,230,.371975,2,1,0,43.734723
2005,6,26,19,9,1108,35.85,50,.371975,2,1,0,43.734723
2005,6,26,19,9,1108,37.45,50,.371975,2,1,0,43.734723
2005,6,26,19,9,1108,39.05,46.3,.371975,2,1,0,43.734723
2005,6,26,20,9,1108,11,230,.371975,2,1,0,43.734723
2005,6,26,20,9,1108,35.85,50,.371975,2,1,0,43.734723
2005,6,26,20,9,1108,37.45,50,.371975,2,1,0,43.734723
2005,6,26,20,9,1108,39.05,46.3,.371975,2,1,0,43.734723
2005,6,26,21,9,1108,11,230,.371975,2,1,0,43.734723
2005,6,26,21,9,1108,35.85,50,.371975,2,1,0,43.734723
2005,6,26,21,9,1108,37.45,50,.371975,2,1,0,43.734723
2005,6,26,21,9,1108,39.05,46.3,.371975,2,1,0,43.734723
2005,6,26,22,9,1108,11,230,.371975,2,1,0,43.734723
2005,6,26,22,9,1108,35.85,50,.371975,2,1,0,43.734723
2005,6,26,22,9,1108,37.45,50,.371975,2,1,0,43.734723
2005,6,26,22,9,1108,39.05,46.3,.371975,2,1,0,43.734723
2005,6,26,23,9,1108,11,230,.371975,2,1,0,43.734723
2005,6,26,23,9,1108,35.85,50,.371975,2,1,0,43.734723
2005,6,26,23,9,1108,37.45,50,.371975,2,1,0,43.734723
2005,6,26,23,9,1108,39.05,46.3,.371975,2,1,0,43.734723
2005,6,26,24,9,1108,11,230,.371975,2,1,0,43.734723
2005,6,26,24,9,1108,35.85,50,.371975,2,1,0,43.734723
2005,6,26,24,9,1108,37.45,50,.371975,2,1,0,43.734723
2005,6,26,24,9,1108,39.05,46.3,.371975,2,1,0,43.734723
2005,6,26,1,1,236,14.05,136,0,1,0,0,14.05
2005,6,26,1,1,236,15.05,54,0,1,0,0,15.05
2005,6,26,2,1,236,14.05,136,0,1,0,0,14.05
2005,6,26,2,1,236,15.05,54,0,1,0,0,15.05
2005,6,26,3,1,236,14.05,136,0,1,0,0,14.05
2005,6,26,3,1,236,15.05,54,0,1,0,0,15.05
2005,6,26,4,1,236,15.05,54,0,1,0,0,15.05
2005,6,26,4,1,236,44.45,46,0,1,1,0,44.45
2005,6,26,4,1,236,44.55,90,0,1,1,0,44.55
2005,6,26,5,1,236,15.05,54,0,1,0,0,15.05
2005,6,26,5,1,236,44.45,46,0,1,1,0,44.45
2005,6,26,5,1,236,44.55,90,0,1,1,0,44.55
2005,6,26,6,1,236,15.05,54,0,1,0,0,15.05
2005,6,26,6,1,236,44.45,46,0,1,1,0,44.45
2005,6,26,6,1,236,44.55,90,0,1,1,0,44.55
2005,6,26,7,1,236,14.05,136,0,1,0,0,14.05
2005,6,26,7,1,236,15.05,54,0,1,0,0,15.05
2005,6,26,8,1,236,14.05,136,0,1,0,0,14.05
2005,6,26,8,1,236,15.05,54,0,1,0,0,15.05
2005,6,26,9,1,236,14.05,136,0,1,0,0,14.05
2005,6,26,9,1,236,15.05,54,0,1,0,0,15.05
2005,6,26,10,1,236,14.05,136,0,1,0,0,14.05
2005,6,26,10,1,236,15.05,54,0,1,0,0,15.05
2005,6,26,11,1,236,14.05,136,0,1,0,0,14.05
2005,6,26,11,1,236,15.05,54,0,1,0,0,15.05
2005,6,26,12,1,236,14.05,136,0,1,0,0,14.05
2005,6,26,12,1,236,15.05,54,0,1,0,0,15.05
2005,6,26,13,1,236,14.05,136,0,1,0,0,14.05
2005,6,26,13,1,236,15.05,54,0,1,0,0,15.05
2005,6,26,14,1,236,14.05,136,0,1,0,0,14.05
2005,6,26,14,1,236,15.05,54,0,1,0,0,15.05
2005,6,26,15,1,236,14.05,136,0,1,0,0,14.05
2005,6,26,15,1,236,15.05,54,0,1,0,0,15.05
2005,6,26,16,1,236,14.05,136,0,1,0,0,14.05
2005,6,26,16,1,236,15.05,54,0,1,0,0,15.05
2005,6,26,17,1,236,14.05,136,0,1,0,0,14.05
2005,6,26,17,1,236,15.05,54,0,1,0,0,15.05
2005,6,26,18,1,236,14.05,136,0,1,0,0,14.05
2005,6,26,18,1,236,15.05,54,0,1,0,0,15.05
2005,6,26,19,1,236,14.05,136,0,1,0,0,14.05
2005,6,26,19,1,236,15.05,54,0,1,0,0,15.05
2005,6,26,20,1,236,14.05,136,0,1,0,0,14.05
2005,6,26,20,1,236,15.05,54,0,1,0,0,15.05
2005,6,26,21,1,236,14.05,136,0,1,0,0,14.05
2005,6,26,21,1,236,15.05,54,0,1,0,0,15.05
2005,6,26,22,1,236,14.05,136,0,1,0,0,14.05
2005,6,26,22,1,236,15.05,54,0,1,0,0,15.05
2005,6,26,23,1,236,14.05,136,0,1,0,0,14.05
2005,6,26,23,1,236,15.05,54,0,1,0,0,15.05
2005,6,26,24,1,236,14.05,136,0,1,0,0,14.05
2005,6,26,24,1,236,15.05,54,0,1,0,0,15.05
2005,6,26,1,1,237,107.35,76,0,2,0,0,107.35
2005,6,26,1,1,237,108.94,76,0,2,0,0,108.94
2005,6,26,1,1,237,115.11,185,0,2,0,0,115.11
2005,6,26,1,1,237,121.11,185,0,2,0,0,121.11
2005,6,26,1,1,237,128.05,406.2,0,2,0,0,128.05
2005,6,26,2,1,237,107.35,76,0,2,0,0,107.35
2005,6,26,2,1,237,108.94,76,0,2,0,0,108.94
2005,6,26,2,1,237,115.11,185,0,2,0,0,115.11
2005,6,26,2,1,237,121.11,185,0,2,0,0,121.11
2005,6,26,2,1,237,123.47,73,0,2,0,0,123.47
2005,6,26,2,1,237,128.05,333.2,0,2,0,0,128.05
2005,6,26,3,1,237,107.35,76,0,2,0,0,107.35
2005,6,26,3,1,237,108.94,76,0,2,0,0,108.94
2005,6,26,3,1,237,115.11,185,0,2,0,0,115.11
2005,6,26,3,1,237,121.11,185,0,2,0,0,121.11
2005,6,26,3,1,237,123.47,73,0,2,0,0,123.47
2005,6,26,3,1,237,128.05,333.2,0,2,0,0,128.05
2005,6,26,4,1,237,107.35,76,0,2,0,0,107.35
2005,6,26,4,1,237,108.94,76,0,2,0,0,108.94
2005,6,26,4,1,237,115.11,185,0,2,0,0,115.11
2005,6,26,4,1,237,121.11,185,0,2,0,0,121.11
2005,6,26,4,1,237,123.47,73,0,2,0,0,123.47
2005,6,26,4,1,237,128.05,333.2,0,2,0,0,128.05
2005,6,26,5,1,237,107.35,76,0,2,0,0,107.35
2005,6,26,5,1,237,108.94,76,0,2,0,0,108.94
2005,6,26,5,1,237,115.11,185,0,2,0,0,115.11
2005,6,26,5,1,237,121.11,185,0,2,0,0,121.11
2005,6,26,5,1,237,123.47,73,0,2,0,0,123.47
2005,6,26,5,1,237,128.05,333.2,0,2,0,0,128.05
2005,6,26,6,1,237,107.35,76,0,2,0,0,107.35
2005,6,26,6,1,237,108.94,76,0,2,0,0,108.94
2005,6,26,6,1,237,115.11,185,0,2,0,0,115.11
2005,6,26,6,1,237,121.11,185,0,2,0,0,121.11
2005,6,26,6,1,237,123.47,73,0,2,0,0,123.47
2005,6,26,6,1,237,128.05,333.2,0,2,0,0,128.05
2005,6,26,7,1,237,107.35,76,0,2,0,0,107.35
2005,6,26,7,1,237,108.94,76,0,2,0,0,108.94
2005,6,26,7,1,237,115.11,185,0,2,0,0,115.11
2005,6,26,7,1,237,121.11,185,0,2,0,0,121.11
2005,6,26,7,1,237,123.47,73,0,2,0,0,123.47
2005,6,26,7,1,237,128.05,333.2,0,2,0,0,128.05
2005,6,26,8,1,237,107.35,76,0,2,0,0,107.35
2005,6,26,8,1,237,108.94,76,0,2,0,0,108.94
2005,6,26,8,1,237,115.11,185,0,2,0,0,115.11
2005,6,26,8,1,237,121.11,185,0,2,0,0,121.11
2005,6,26,8,1,237,123.47,73,0,2,0,0,123.47
2005,6,26,8,1,237,128.05,333.2,0,2,0,0,128.05
2005,6,26,9,1,237,107.35,76,0,2,0,0,107.35
2005,6,26,9,1,237,108.94,76,0,2,0,0,108.94
2005,6,26,9,1,237,115.11,185,0,2,0,0,115.11
2005,6,26,9,1,237,121.11,185,0,2,0,0,121.11
2005,6,26,9,1,237,123.47,73,0,2,0,0,123.47
2005,6,26,9,1,237,128.05,333.2,0,2,0,0,128.05
2005,6,26,10,1,237,107.35,76,0,2,0,0,107.35
2005,6,26,10,1,237,108.94,76,0,2,0,0,108.94
2005,6,26,10,1,237,115.11,185,0,2,0,0,115.11
2005,6,26,10,1,237,121.11,185,0,2,0,0,121.11
2005,6,26,10,1,237,123.47,73,0,2,0,0,123.47
2005,6,26,10,1,237,128.05,333.2,0,2,0,0,128.05
2005,6,26,11,1,237,107.35,76,0,2,0,0,107.35
2005,6,26,11,1,237,108.94,76,0,2,0,0,108.94
2005,6,26,11,1,237,115.11,185,0,2,0,0,115.11
2005,6,26,11,1,237,121.11,185,0,2,0,0,121.11
2005,6,26,11,1,237,123.47,73,0,2,0,0,123.47
2005,6,26,11,1,237,128.05,333.2,0,2,0,0,128.05
2005,6,26,12,1,237,107.35,76,0,2,0,0,107.35
2005,6,26,12,1,237,108.94,76,0,2,0,0,108.94
2005,6,26,12,1,237,115.11,185,0,2,0,0,115.11
2005,6,26,12,1,237,121.11,185,0,2,0,0,121.11
2005,6,26,12,1,237,128.05,406.2,0,2,0,0,128.05
2005,6,26,13,1,237,107.35,76,0,2,0,0,107.35
2005,6,26,13,1,237,108.94,76,0,2,0,0,108.94
2005,6,26,13,1,237,115.11,185,0,2,0,0,115.11
2005,6,26,13,1,237,121.11,185,0,2,0,0,121.11
2005,6,26,13,1,237,128.05,406.2,0,2,0,0,128.05
2005,6,26,14,1,237,107.35,76,0,2,0,0,107.35
2005,6,26,14,1,237,108.94,76,0,2,0,0,108.94
2005,6,26,14,1,237,115.11,185,0,2,0,0,115.11
2005,6,26,14,1,237,121.11,185,0,2,0,0,121.11
2005,6,26,14,1,237,128.05,406.2,0,2,0,0,128.05
2005,6,26,15,1,237,107.35,76,0,2,0,0,107.35
2005,6,26,15,1,237,108.94,76,0,2,0,0,108.94
2005,6,26,15,1,237,115.11,185,0,2,0,0,115.11
2005,6,26,15,1,237,121.11,185,0,2,0,0,121.11
2005,6,26,15,1,237,128.05,406.2,0,2,0,0,128.05
2005,6,26,16,1,237,107.35,76,0,2,0,0,107.35
2005,6,26,16,1,237,108.94,76,0,2,0,0,108.94
2005,6,26,16,1,237,115.11,185,0,2,0,0,115.11
2005,6,26,16,1,237,121.11,185,0,2,0,0,121.11
2005,6,26,16,1,237,128.05,406.2,0,2,0,0,128.05
2005,6,26,17,1,237,107.35,76,0,2,0,0,107.35
2005,6,26,17,1,237,108.94,76,0,2,0,0,108.94
2005,6,26,17,1,237,115.11,185,0,2,0,0,115.11
2005,6,26,17,1,237,121.11,185,0,2,0,0,121.11
2005,6,26,17,1,237,123.47,73,0,2,0,0,123.47
2005,6,26,17,1,237,128.05,333.2,0,2,0,0,128.05
2005,6,26,18,1,237,107.35,76,0,2,0,0,107.35
2005,6,26,18,1,237,108.94,76,0,2,0,0,108.94
2005,6,26,18,1,237,115.11,185,0,2,0,0,115.11
2005,6,26,18,1,237,121.11,185,0,2,0,0,121.11
2005,6,26,18,1,237,123.47,73,0,2,0,0,123.47
2005,6,26,18,1,237,128.05,333.2,0,2,0,0,128.05
2005,6,26,19,1,237,107.35,76,0,2,0,0,107.35
2005,6,26,19,1,237,108.94,76,0,2,0,0,108.94
2005,6,26,19,1,237,115.11,185,0,2,0,0,115.11
2005,6,26,19,1,237,121.11,185,0,2,0,0,121.11
2005,6,26,19,1,237,128.05,406.2,0,2,0,0,128.05
2005,6,26,20,1,237,0,40,0,2,1,0,0
2005,6,26,20,1,237,107.35,76,0,2,0,0,107.35
2005,6,26,20,1,237,108.94,76,0,2,0,0,108.94
2005,6,26,20,1,237,115.11,185,0,2,0,0,115.11
2005,6,26,20,1,237,121.11,185,0,2,0,0,121.11
2005,6,26,20,1,237,128.05,366.2,0,2,0,0,128.05
2005,6,26,21,1,237,0,110,0,2,1,0,0
2005,6,26,21,1,237,107.35,76,0,2,0,0,107.35
2005,6,26,21,1,237,108.94,76,0,2,0,0,108.94
2005,6,26,21,1,237,115.11,185,0,2,0,0,115.11
2005,6,26,21,1,237,121.11,185,0,2,0,0,121.11
2005,6,26,21,1,237,128.05,296.2,0,2,0,0,128.05
2005,6,26,22,1,237,0,160,0,2,1,0,0
2005,6,26,22,1,237,107.37,76,0,2,0,0,107.37
2005,6,26,22,1,237,108.96,76,0,2,0,0,108.96
2005,6,26,22,1,237,115.13,185,0,2,0,0,115.13
2005,6,26,22,1,237,121.11,185,0,2,0,0,121.11
2005,6,26,22,1,237,128.05,246.2,0,2,0,0,128.05
2005,6,26,23,1,237,0,160,0,2,1,0,0
2005,6,26,23,1,237,107.37,76,0,2,0,0,107.37
2005,6,26,23,1,237,108.96,76,0,2,0,0,108.96
2005,6,26,23,1,237,115.13,185,0,2,0,0,115.13
2005,6,26,23,1,237,121.11,185,0,2,0,0,121.11
2005,6,26,23,1,237,128.05,246.2,0,2,0,0,128.05
2005,6,26,24,1,237,0,110,0,2,1,0,0
2005,6,26,24,1,237,107.37,76,0,2,0,0,107.37
2005,6,26,24,1,237,108.96,76,0,2,0,0,108.96
2005,6,26,24,1,237,115.13,185,0,2,0,0,115.13
2005,6,26,24,1,237,121.11,185,0,2,0,0,121.11
2005,6,26,24,1,237,128.05,296.2,0,2,0,0,128.05
2005,6,26,1,3,238,32.2,53,0,1,0,0,32.2
2005,6,26,1,3,238,33.2,53,0,1,0,0,33.2
2005,6,26,2,3,238,32.2,53,0,1,0,0,32.2
2005,6,26,2,3,238,33.2,53,0,1,0,0,33.2
2005,6,26,3,3,238,32.2,53,0,1,0,0,32.2
2005,6,26,3,3,238,33.2,53,0,1,0,0,33.2
2005,6,26,4,3,238,32.2,53,0,1,0,0,32.2
2005,6,26,4,3,238,33.2,53,0,1,0,0,33.2
2005,6,26,5,3,238,32.2,53,0,1,0,0,32.2
2005,6,26,5,3,238,33.2,53,0,1,0,0,33.2
2005,6,26,6,3,238,32.2,53,0,1,0,0,32.2
2005,6,26,6,3,238,33.2,53,0,1,0,0,33.2
2005,6,26,7,3,238,32.2,53,0,1,0,0,32.2
2005,6,26,7,3,238,33.2,53,0,1,0,0,33.2
2005,6,26,8,3,238,32.2,53,0,1,0,0,32.2
2005,6,26,8,3,238,33.2,53,0,1,1,0,33.2
2005,6,26,9,3,238,32.2,53,0,1,0,0,32.2
2005,6,26,9,3,238,33.2,4.2,0,1,1,0,33.2
2005,6,26,10,3,238,32.2,53,0,1,0,0,32.2
2005,6,26,10,3,238,33.2,53,0,1,0,0,33.2
2005,6,26,11,3,238,32.2,53,0,1,0,0,32.2
2005,6,26,11,3,238,33.2,53,0,1,0,0,33.2
2005,6,26,12,3,238,32.2,53,0,1,0,0,32.2
2005,6,26,12,3,238,33.2,53,0,1,0,0,33.2
2005,6,26,13,3,238,32.2,53,0,1,0,0,32.2
2005,6,26,13,3,238,33.2,53,0,1,0,0,33.2
2005,6,26,14,3,238,32.2,53,0,1,0,0,32.2
2005,6,26,14,3,238,33.2,53,0,1,0,0,33.2
2005,6,26,15,3,238,32.2,53,0,1,0,0,32.2
2005,6,26,15,3,238,33.2,53,0,1,0,0,33.2
2005,6,26,16,3,238,32.2,53,0,1,0,0,32.2
2005,6,26,16,3,238,33.2,53,0,1,0,0,33.2
2005,6,26,17,3,238,32.2,53,0,1,0,0,32.2
2005,6,26,17,3,238,33.2,53,0,1,0,0,33.2
2005,6,26,18,3,238,32.2,53,0,1,0,0,32.2
2005,6,26,18,3,238,33.2,53,0,1,0,0,33.2
2005,6,26,19,3,238,32.2,53,0,1,0,0,32.2
2005,6,26,19,3,238,33.2,53,0,1,0,0,33.2
2005,6,26,20,3,238,32.2,53,0,1,0,0,32.2
2005,6,26,20,3,238,33.2,53,0,1,0,0,33.2
2005,6,26,21,3,238,32.2,53,0,1,0,0,32.2
2005,6,26,21,3,238,33.2,53,0,1,0,0,33.2
2005,6,26,22,3,238,32.2,53,0,1,0,0,32.2
2005,6,26,22,3,238,33.2,53,0,1,0,0,33.2
2005,6,26,23,3,238,32.2,53,0,1,0,0,32.2
2005,6,26,23,3,238,33.2,53,0,1,0,0,33.2
2005,6,26,24,3,238,32.2,53,0,1,0,0,32.2
2005,6,26,24,3,238,33.2,53,0,1,0,0,33.2
2005,6,26,1,7,1109,0,317,.51418,2,1,0,0
2005,6,26,1,7,1109,124.37,83,.51418,2,0,0,124.37
2005,6,26,2,7,1109,0,318,.51418,2,1,0,0
2005,6,26,2,7,1109,124.37,82,.51418,2,0,0,124.37
2005,6,26,3,7,1109,0,319,.51418,2,1,0,0
2005,6,26,3,7,1109,124.37,81,.51418,2,0,0,124.37
2005,6,26,4,7,1109,0,319,.51418,2,1,0,0
2005,6,26,4,7,1109,124.37,81,.51418,2,0,0,124.37
2005,6,26,5,7,1109,0,319,.51418,2,1,0,0
2005,6,26,5,7,1109,124.37,81,.51418,2,0,0,124.37
2005,6,26,6,7,1109,0,319,.51418,2,1,0,0
2005,6,26,6,7,1109,124.37,81,.51418,2,0,0,124.37
2005,6,26,7,7,1109,0,320,.51418,2,1,0,0
2005,6,26,7,7,1109,124.37,80,.51418,2,0,0,124.37
2005,6,26,8,7,1109,0,320,.51418,2,1,0,0
2005,6,26,8,7,1109,124.37,80,.51418,2,0,0,124.37
2005,6,26,9,7,1109,0,316,.51418,2,1,0,0
2005,6,26,9,7,1109,124.37,84,.51418,2,0,0,124.37
2005,6,26,10,7,1109,0,313,.51418,2,1,0,0
2005,6,26,10,7,1109,124.37,87,.51418,2,0,0,124.37
2005,6,26,11,7,1109,0,312,.51418,2,1,0,0
2005,6,26,11,7,1109,124.37,88,.51418,2,0,0,124.37
2005,6,26,12,7,1109,0,310,.51418,2,1,0,0
2005,6,26,12,7,1109,124.37,90,.51418,2,0,0,124.37
2005,6,26,13,7,1109,0,309,.51418,2,1,0,0
2005,6,26,13,7,1109,124.37,91,.51418,2,0,0,124.37
2005,6,26,14,7,1109,0,310,.51418,2,1,0,0
2005,6,26,14,7,1109,124.37,90,.51418,2,0,0,124.37
2005,6,26,15,7,1109,0,310,.51418,2,1,0,0
2005,6,26,15,7,1109,124.37,90,.51418,2,0,0,124.37
2005,6,26,16,7,1109,0,310,.51418,2,1,0,0
2005,6,26,16,7,1109,124.37,90,.51418,2,0,0,124.37
2005,6,26,17,7,1109,0,309,.51418,2,1,0,0
2005,6,26,17,7,1109,124.37,91,.51418,2,0,0,124.37
2005,6,26,18,7,1109,0,310,.51418,2,1,0,0
2005,6,26,18,7,1109,124.37,90,.51418,2,0,0,124.37
2005,6,26,19,7,1109,0,311,.51418,2,1,0,0
2005,6,26,19,7,1109,124.37,89,.51418,2,0,0,124.37
2005,6,26,20,7,1109,0,313,.51418,2,1,0,0
2005,6,26,20,7,1109,124.37,87,.51418,2,0,0,124.37
2005,6,26,21,7,1109,0,314,.51418,2,1,0,0
2005,6,26,21,7,1109,124.37,86,.51418,2,0,0,124.37
2005,6,26,22,7,1109,0,314,.51418,2,1,0,0
2005,6,26,22,7,1109,124.37,86,.51418,2,0,0,124.37
2005,6,26,23,7,1109,0,315,.51418,2,1,0,0
2005,6,26,23,7,1109,124.37,85,.51418,2,0,0,124.37
2005,6,26,24,7,1109,0,316,.51418,2,1,0,0
2005,6,26,24,7,1109,124.37,84,.51418,2,0,0,124.37
2005,6,26,1,2,1110,0,210,.371908,2,1,0,0
2005,6,26,1,2,1110,90.08,152.5,.371908,2,0,0,43.73312
2005,6,26,2,2,1110,0,210,.371908,2,1,0,0
2005,6,26,2,2,1110,90.08,152.5,.371908,2,0,0,43.73312
2005,6,26,3,2,1110,0,210,.371908,2,1,0,0
2005,6,26,3,2,1110,90.08,152.5,.371908,2,0,0,43.73312
2005,6,26,4,2,1110,0,210,.371908,2,1,0,0
2005,6,26,4,2,1110,90.08,152.5,.371908,2,0,0,43.73312
2005,6,26,5,2,1110,0,210,.371908,2,1,0,0
2005,6,26,5,2,1110,90.08,152.5,.371908,2,0,0,43.73312
2005,6,26,6,2,1110,0,210,.371908,2,1,0,0
2005,6,26,6,2,1110,90.08,152.5,.371908,2,0,0,43.73312
2005,6,26,7,2,1110,0,210,.371908,2,1,0,0
2005,6,26,7,2,1110,90.08,152.5,.371908,2,0,0,43.73312
2005,6,26,8,2,1110,0,210,.371908,2,1,0,0
2005,6,26,8,2,1110,90.08,152.5,.371908,2,0,0,43.73312
2005,6,26,9,2,1110,0,350,.371908,2,1,0,0
2005,6,26,9,2,1110,90.08,12.5,.371908,2,0,0,43.73312
2005,6,26,10,2,1110,0,350,.371908,2,1,0,0
2005,6,26,10,2,1110,90.08,12.5,.371908,2,0,0,43.73312
2005,6,26,11,2,1110,0,350,.371908,2,1,0,0
2005,6,26,11,2,1110,90.08,12.5,.371908,2,0,0,43.73312
2005,6,26,12,2,1110,0,350,.371908,2,1,0,0
2005,6,26,12,2,1110,90.08,12.5,.371908,2,0,0,43.73312
2005,6,26,13,2,1110,0,350,.371908,2,1,0,0
2005,6,26,13,2,1110,90.08,12.5,.371908,2,0,0,43.73312
2005,6,26,14,2,1110,0,350,.371908,2,1,0,0
2005,6,26,14,2,1110,90.08,12.5,.371908,2,0,0,43.73312
2005,6,26,15,2,1110,0,350,.371908,2,1,0,0
2005,6,26,15,2,1110,90.08,12.5,.371908,2,0,0,43.73312
2005,6,26,16,2,1110,0,350,.371908,2,1,0,0
2005,6,26,16,2,1110,90.08,12.5,.371908,2,0,0,43.73312
2005,6,26,17,2,1110,0,350,.371908,2,1,0,0
2005,6,26,17,2,1110,90.08,12.5,.371908,2,0,0,43.73312
2005,6,26,18,2,1110,0,350,.371908,2,1,0,0
2005,6,26,18,2,1110,90.08,12.5,.371908,2,0,0,43.73312
2005,6,26,19,2,1110,0,350,.371908,2,1,0,0
2005,6,26,19,2,1110,90.08,12.5,.371908,2,0,0,43.73312
2005,6,26,20,2,1110,0,350,.371908,2,1,0,0
2005,6,26,20,2,1110,90.08,12.5,.371908,2,0,0,43.73312
2005,6,26,21,2,1110,0,350,.371908,2,1,0,0
2005,6,26,21,2,1110,90.08,12.5,.371908,2,0,0,43.73312
2005,6,26,22,2,1110,0,350,.371908,2,1,0,0
2005,6,26,22,2,1110,90.08,12.5,.371908,2,0,0,43.73312
2005,6,26,23,2,1110,0,322,.371908,2,1,0,0
2005,6,26,23,2,1110,90.08,12.5,.371908,2,0,0,43.73312
2005,6,26,24,2,1110,0,210,.371908,2,1,0,0
2005,6,26,24,2,1110,90.08,12.5,.371908,2,0,0,43.73312
2005,6,26,1,9,241,0,23.9,0,2,1,0,0
2005,6,26,2,9,241,0,23.9,0,2,1,0,0
2005,6,26,3,9,241,0,23.9,0,2,1,0,0
2005,6,26,4,9,241,0,23.9,0,2,1,0,0
2005,6,26,5,9,241,0,23.9,0,2,1,0,0
2005,6,26,6,9,241,0,23.9,0,2,1,0,0
2005,6,26,7,9,241,0,23.9,0,2,1,0,0
2005,6,26,8,9,241,0,23.9,0,2,1,0,0
2005,6,26,9,9,241,0,23.9,0,2,1,0,0
2005,6,26,10,9,241,0,23.9,0,2,1,0,0
2005,6,26,11,9,241,0,23.9,0,2,1,0,0
2005,6,26,12,9,241,0,23.9,0,2,1,0,0
2005,6,26,13,9,241,0,23.9,0,2,1,0,0
2005,6,26,14,9,241,0,23.9,0,2,1,0,0
2005,6,26,15,9,241,0,23.9,0,2,1,0,0
2005,6,26,16,9,241,0,23.9,0,2,1,0,0
2005,6,26,17,9,241,0,23.9,0,2,1,0,0
2005,6,26,18,9,241,0,23.9,0,2,1,0,0
2005,6,26,19,9,241,0,23.9,0,2,1,0,0
2005,6,26,20,9,241,0,23.9,0,2,1,0,0
2005,6,26,21,9,241,0,23.9,0,2,1,0,0
2005,6,26,22,9,241,0,23.9,0,2,1,0,0
2005,6,26,23,9,241,0,23.9,0,2,1,0,0
2005,6,26,24,9,241,0,23.9,0,2,1,0,0
2005,6,26,1,2,242,80,8.3,0,2,0,0,80
2005,6,26,1,2,242,81.68,8.3,0,2,0,0,81.68
2005,6,26,1,2,242,83.35,8.3,0,2,0,0,83.35
2005,6,26,1,2,242,85.03,8.3,0,2,0,0,85.03
2005,6,26,2,2,242,80,8.3,0,2,0,0,80
2005,6,26,2,2,242,81.68,8.3,0,2,0,0,81.68
2005,6,26,2,2,242,83.35,8.3,0,2,0,0,83.35
2005,6,26,2,2,242,85.03,8.3,0,2,0,0,85.03
2005,6,26,3,2,242,80,8.3,0,2,0,0,80
2005,6,26,3,2,242,81.68,8.3,0,2,0,0,81.68
2005,6,26,3,2,242,83.35,8.3,0,2,0,0,83.35
2005,6,26,3,2,242,85.03,8.3,0,2,0,0,85.03
2005,6,26,4,2,242,80,8.3,0,2,0,0,80
2005,6,26,4,2,242,81.68,8.3,0,2,0,0,81.68
2005,6,26,4,2,242,83.35,8.3,0,2,0,0,83.35
2005,6,26,4,2,242,85.03,8.3,0,2,0,0,85.03
2005,6,26,5,2,242,80,8.3,0,2,0,0,80
2005,6,26,5,2,242,81.68,8.3,0,2,0,0,81.68
2005,6,26,5,2,242,83.35,8.3,0,2,0,0,83.35
2005,6,26,5,2,242,85.03,8.3,0,2,0,0,85.03
2005,6,26,6,2,242,80,8.3,0,2,0,0,80
2005,6,26,6,2,242,81.68,8.3,0,2,0,0,81.68
2005,6,26,6,2,242,83.35,8.3,0,2,0,0,83.35
2005,6,26,6,2,242,85.03,8.3,0,2,0,0,85.03
2005,6,26,7,2,242,80,8.3,0,2,0,0,80
2005,6,26,7,2,242,81.68,8.3,0,2,0,0,81.68
2005,6,26,7,2,242,83.35,8.3,0,2,0,0,83.35
2005,6,26,7,2,242,85.03,8.3,0,2,0,0,85.03
2005,6,26,8,2,242,80,8.3,0,2,0,0,80
2005,6,26,8,2,242,81.68,8.3,0,2,0,0,81.68
2005,6,26,8,2,242,83.35,8.3,0,2,0,0,83.35
2005,6,26,8,2,242,85.03,8.3,0,2,0,0,85.03
2005,6,26,9,2,242,80,8.3,0,2,0,0,80
2005,6,26,9,2,242,81.68,8.3,0,2,0,0,81.68
2005,6,26,9,2,242,83.35,8.3,0,2,0,0,83.35
2005,6,26,9,2,242,85.03,8.3,0,2,0,0,85.03
2005,6,26,10,2,242,80,8.3,0,2,0,0,80
2005,6,26,10,2,242,81.68,8.3,0,2,0,0,81.68
2005,6,26,10,2,242,83.35,8.3,0,2,0,0,83.35
2005,6,26,10,2,242,85.03,8.3,0,2,0,0,85.03
2005,6,26,11,2,242,80,8.3,0,2,0,0,80
2005,6,26,11,2,242,81.68,8.3,0,2,0,0,81.68
2005,6,26,11,2,242,83.35,8.3,0,2,0,0,83.35
2005,6,26,11,2,242,85.03,8.3,0,2,0,0,85.03
2005,6,26,12,2,242,80,8.3,0,2,0,0,80
2005,6,26,12,2,242,81.68,8.3,0,2,0,0,81.68
2005,6,26,12,2,242,83.35,8.3,0,2,0,0,83.35
2005,6,26,12,2,242,85.03,8.3,0,2,0,0,85.03
2005,6,26,13,2,242,80,8.3,0,2,0,0,80
2005,6,26,13,2,242,81.68,8.3,0,2,0,0,81.68
2005,6,26,13,2,242,83.35,8.3,0,2,0,0,83.35
2005,6,26,13,2,242,85.03,8.3,0,2,0,0,85.03
2005,6,26,14,2,242,0,9,0,2,1,0,0
2005,6,26,14,2,242,80.01,8.3,0,2,0,0,80.01
2005,6,26,14,2,242,81.69,8.3,0,2,0,0,81.69
2005,6,26,14,2,242,83.36,8.3,0,2,0,0,83.36
2005,6,26,14,2,242,85.04,8.3,0,2,0,0,85.04
2005,6,26,15,2,242,0,9,0,2,1,0,0
2005,6,26,15,2,242,80.01,8.3,0,2,0,0,80.01
2005,6,26,15,2,242,81.69,8.3,0,2,0,0,81.69
2005,6,26,15,2,242,83.36,8.3,0,2,0,0,83.36
2005,6,26,15,2,242,85.04,8.3,0,2,0,0,85.04
2005,6,26,16,2,242,0,9,0,2,1,0,0
2005,6,26,16,2,242,80.01,8.3,0,2,0,0,80.01
2005,6,26,16,2,242,81.69,8.3,0,2,0,0,81.69
2005,6,26,16,2,242,83.36,8.3,0,2,0,0,83.36
2005,6,26,16,2,242,85.04,8.3,0,2,0,0,85.04
2005,6,26,17,2,242,0,9,0,2,1,0,0
2005,6,26,17,2,242,80.01,8.3,0,2,0,0,80.01
2005,6,26,17,2,242,81.69,8.3,0,2,0,0,81.69
2005,6,26,17,2,242,83.36,8.3,0,2,0,0,83.36
2005,6,26,17,2,242,85.04,8.3,0,2,0,0,85.04
2005,6,26,18,2,242,80,8.3,0,2,0,0,80
2005,6,26,18,2,242,81.68,8.3,0,2,0,0,81.68
2005,6,26,18,2,242,83.35,8.3,0,2,0,0,83.35
2005,6,26,18,2,242,85.03,8.3,0,2,0,0,85.03
2005,6,26,19,2,242,80,8.3,0,2,0,0,80
2005,6,26,19,2,242,81.68,8.3,0,2,0,0,81.68
2005,6,26,19,2,242,83.35,8.3,0,2,0,0,83.35
2005,6,26,19,2,242,85.03,8.3,0,2,0,0,85.03
2005,6,26,20,2,242,80,8.3,0,2,0,0,80
2005,6,26,20,2,242,81.68,8.3,0,2,0,0,81.68
2005,6,26,20,2,242,83.35,8.3,0,2,0,0,83.35
2005,6,26,20,2,242,85.03,8.3,0,2,0,0,85.03
2005,6,26,21,2,242,80,8.3,0,2,0,0,80
2005,6,26,21,2,242,81.68,8.3,0,2,0,0,81.68
2005,6,26,21,2,242,83.35,8.3,0,2,0,0,83.35
2005,6,26,21,2,242,85.03,8.3,0,2,0,0,85.03
2005,6,26,22,2,242,80,8.3,0,2,0,0,80
2005,6,26,22,2,242,81.68,8.3,0,2,0,0,81.68
2005,6,26,22,2,242,83.35,8.3,0,2,0,0,83.35
2005,6,26,22,2,242,85.03,8.3,0,2,0,0,85.03
2005,6,26,23,2,242,80,8.3,0,2,0,0,80
2005,6,26,23,2,242,81.68,8.3,0,2,0,0,81.68
2005,6,26,23,2,242,83.35,8.3,0,2,0,0,83.35
2005,6,26,23,2,242,85.03,8.3,0,2,0,0,85.03
2005,6,26,24,2,242,80,8.3,0,2,0,0,80
2005,6,26,24,2,242,81.68,8.3,0,2,0,0,81.68
2005,6,26,24,2,242,83.35,8.3,0,2,0,0,83.35
2005,6,26,24,2,242,85.03,8.3,0,2,0,0,85.03
2005,6,26,1,2,1111,0,205,.956255,2,1,0,0
2005,6,26,1,2,1111,14.6,130,.956255,2,1,0,43.746422
2005,6,26,1,2,1111,151.02,17.2,.956255,2,0,0,151.02
2005,6,26,2,2,1111,0,205,.956255,2,1,0,0
2005,6,26,2,2,1111,14.6,130,.956255,2,1,0,43.746422
2005,6,26,2,2,1111,151.02,17.2,.956255,2,0,0,151.02
2005,6,26,3,2,1111,0,205,.956255,2,1,0,0
2005,6,26,3,2,1111,14.6,130,.956255,2,1,0,43.746422
2005,6,26,3,2,1111,151.02,17.2,.956255,2,0,0,151.02
2005,6,26,4,2,1111,0,205,.956255,2,1,0,0
2005,6,26,4,2,1111,14.6,130,.956255,2,1,0,43.746422
2005,6,26,4,2,1111,151.02,17.2,.956255,2,0,0,151.02
2005,6,26,5,2,1111,0,205,.956255,2,1,0,0
2005,6,26,5,2,1111,31.01,18.6,.956255,2,1,0,43.746422
2005,6,26,5,2,1111,31.27,18.6,.956255,2,1,0,43.746422
2005,6,26,5,2,1111,31.54,18.6,.956255,2,1,0,43.746422
2005,6,26,5,2,1111,31.81,18.6,.956255,2,1,0,43.746422
2005,6,26,5,2,1111,32.08,18.6,.956255,2,1,0,43.746422
2005,6,26,5,2,1111,32.35,18.6,.956255,2,1,0,43.746422
2005,6,26,5,2,1111,32.61,18.4,.956255,2,1,0,43.746422
2005,6,26,5,2,1111,151.08,17.2,.956255,2,0,0,151.08
2005,6,26,6,2,1111,0,205,.956255,2,1,0,0
2005,6,26,6,2,1111,31.1,18.6,.956255,2,1,0,43.746422
2005,6,26,6,2,1111,31.36,18.6,.956255,2,1,0,43.746422
2005,6,26,6,2,1111,31.63,18.6,.956255,2,1,0,43.746422
2005,6,26,6,2,1111,31.9,18.6,.956255,2,1,0,43.746422
2005,6,26,6,2,1111,32.17,18.6,.956255,2,1,0,43.746422
2005,6,26,6,2,1111,32.44,18.6,.956255,2,1,0,43.746422
2005,6,26,6,2,1111,32.7,18.4,.956255,2,1,0,43.746422
2005,6,26,6,2,1111,151.08,17.2,.956255,2,0,0,151.08
2005,6,26,7,2,1111,0,205,.956255,2,1,0,0
2005,6,26,7,2,1111,31.47,18.6,.956255,2,1,0,43.746422
2005,6,26,7,2,1111,31.74,18.6,.956255,2,1,0,43.746422
2005,6,26,7,2,1111,32.02,18.6,.956255,2,1,0,43.746422
2005,6,26,7,2,1111,32.29,18.6,.956255,2,1,0,43.746422
2005,6,26,7,2,1111,32.57,18.6,.956255,2,1,0,43.746422
2005,6,26,7,2,1111,32.84,18.6,.956255,2,1,0,43.746422
2005,6,26,7,2,1111,33.12,18.4,.956255,2,1,0,43.746422
2005,6,26,7,2,1111,151.08,17.2,.956255,2,0,0,151.08
2005,6,26,8,2,1111,0,205,.956255,2,1,0,0
2005,6,26,8,2,1111,33.34,18.6,.956255,2,0,0,43.746422
2005,6,26,8,2,1111,33.62,18.6,.956255,2,0,0,43.746422
2005,6,26,8,2,1111,33.91,18.6,.956255,2,0,0,43.746422
2005,6,26,8,2,1111,34.19,18.6,.956255,2,0,0,43.746422
2005,6,26,8,2,1111,34.47,18.6,.956255,2,0,0,43.746422
2005,6,26,8,2,1111,34.75,18.6,.956255,2,0,0,43.746422
2005,6,26,8,2,1111,35.03,18.4,.956255,2,0,0,43.746422
2005,6,26,8,2,1111,151.08,17.2,.956255,2,0,0,151.08
2005,6,26,9,2,1111,0,205,.956255,2,1,0,0
2005,6,26,9,2,1111,31.25,18.6,.956255,2,1,0,43.746422
2005,6,26,9,2,1111,31.52,18.6,.956255,2,1,0,43.746422
2005,6,26,9,2,1111,31.8,18.6,.956255,2,1,0,43.746422
2005,6,26,9,2,1111,32.07,18.6,.956255,2,1,0,43.746422
2005,6,26,9,2,1111,32.34,18.6,.956255,2,1,0,43.746422
2005,6,26,9,2,1111,32.61,18.6,.956255,2,1,0,43.746422
2005,6,26,9,2,1111,32.88,18.4,.956255,2,1,0,43.746422
2005,6,26,9,2,1111,151.08,17.2,.956255,2,0,0,151.08
2005,6,26,10,2,1111,0,205,.956255,2,1,0,0
2005,6,26,10,2,1111,14.6,130,.956255,2,1,0,43.746422
2005,6,26,10,2,1111,151.02,17.2,.956255,2,0,0,151.02
2005,6,26,11,2,1111,0,205,.956255,2,1,0,0
2005,6,26,11,2,1111,14.6,130,.956255,2,1,0,43.746422
2005,6,26,11,2,1111,151.02,17.2,.956255,2,0,0,151.02
2005,6,26,12,2,1111,0,205,.956255,2,1,0,0
2005,6,26,12,2,1111,14.6,130,.956255,2,1,0,43.746422
2005,6,26,12,2,1111,151.02,17.2,.956255,2,0,0,151.02
2005,6,26,13,2,1111,0,205,.956255,2,1,0,0
2005,6,26,13,2,1111,14.6,130,.956255,2,1,0,43.746422
2005,6,26,13,2,1111,151.02,17.2,.956255,2,0,0,151.02
2005,6,26,14,2,1111,0,205,.956255,2,1,0,0
2005,6,26,14,2,1111,14.6,130,.956255,2,1,0,43.746422
2005,6,26,14,2,1111,151.02,17.2,.956255,2,0,0,151.02
2005,6,26,15,2,1111,0,205,.956255,2,1,0,0
2005,6,26,15,2,1111,14.6,130,.956255,2,1,0,43.746422
2005,6,26,15,2,1111,151.02,17.2,.956255,2,0,0,151.02
2005,6,26,16,2,1111,0,205,.956255,2,1,0,0
2005,6,26,16,2,1111,14.6,130,.956255,2,1,0,43.746422
2005,6,26,16,2,1111,151.02,17.2,.956255,2,0,0,151.02
2005,6,26,17,2,1111,0,205,.956255,2,1,0,0
2005,6,26,17,2,1111,14.6,130,.956255,2,1,0,43.746422
2005,6,26,17,2,1111,151.02,17.2,.956255,2,0,0,151.02
2005,6,26,18,2,1111,0,205,.956255,2,1,0,0
2005,6,26,18,2,1111,14.6,130,.956255,2,1,0,43.746422
2005,6,26,18,2,1111,151.02,17.2,.956255,2,0,0,151.02
2005,6,26,19,2,1111,0,205,.956255,2,1,0,0
2005,6,26,19,2,1111,14.6,130,.956255,2,1,0,43.746422
2005,6,26,19,2,1111,151.02,17.2,.956255,2,0,0,151.02
2005,6,26,20,2,1111,0,205,.956255,2,1,0,0
2005,6,26,20,2,1111,14.6,130,.956255,2,1,0,43.746422
2005,6,26,20,2,1111,151.02,17.2,.956255,2,0,0,151.02
2005,6,26,21,2,1111,0,205,.956255,2,1,0,0
2005,6,26,21,2,1111,14.6,130,.956255,2,1,0,43.746422
2005,6,26,21,2,1111,151.02,17.2,.956255,2,0,0,151.02
2005,6,26,22,2,1111,0,205,.956255,2,1,0,0
2005,6,26,22,2,1111,14.6,130,.956255,2,1,0,43.746422
2005,6,26,22,2,1111,151.02,17.2,.956255,2,0,0,151.02
2005,6,26,23,2,1111,0,205,.956255,2,1,0,0
2005,6,26,23,2,1111,14.6,130,.956255,2,1,0,43.746422
2005,6,26,23,2,1111,151.02,17.2,.956255,2,0,0,151.02
2005,6,26,24,2,1111,0,205,.956255,2,1,0,0
2005,6,26,24,2,1111,14.6,130,.956255,2,1,0,43.746422
2005,6,26,24,2,1111,151.02,17.2,.956255,2,0,0,151.02
2005,6,26,1,2,1112,0,205,.956255,2,1,0,0
2005,6,26,1,2,1112,14.61,130,.956255,2,1,0,43.742952
2005,6,26,1,2,1112,151.02,17.1,.956255,2,0,0,151.02
2005,6,26,2,2,1112,0,205,.956255,2,1,0,0
2005,6,26,2,2,1112,14.61,18.6,.956255,2,1,0,43.742952
2005,6,26,2,2,1112,30.22,18.6,.956255,2,1,0,43.742952
2005,6,26,2,2,1112,30.47,18.6,.956255,2,1,0,43.742952
2005,6,26,2,2,1112,30.72,18.6,.956255,2,1,0,43.742952
2005,6,26,2,2,1112,30.97,18.6,.956255,2,1,0,43.742952
2005,6,26,2,2,1112,31.22,18.6,.956255,2,1,0,43.742952
2005,6,26,2,2,1112,31.47,18.4,.956255,2,1,0,43.742952
2005,6,26,2,2,1112,151.08,17.1,.956255,2,0,0,151.08
2005,6,26,3,2,1112,0,205,.956255,2,1,0,0
2005,6,26,3,2,1112,14.61,37.2,.956255,2,1,0,43.742952
2005,6,26,3,2,1112,30.14,18.6,.956255,2,1,0,43.742952
2005,6,26,3,2,1112,30.4,18.6,.956255,2,1,0,43.742952
2005,6,26,3,2,1112,30.65,18.6,.956255,2,1,0,43.742952
2005,6,26,3,2,1112,30.91,18.6,.956255,2,1,0,43.742952
2005,6,26,3,2,1112,31.16,18.4,.956255,2,1,0,43.742952
2005,6,26,3,2,1112,151.07,17.1,.956255,2,0,0,151.07
2005,6,26,4,2,1112,0,205,.956255,2,1,0,0
2005,6,26,4,2,1112,14.61,18.6,.956255,2,1,0,43.742952
2005,6,26,4,2,1112,30.17,18.6,.956255,2,1,0,43.742952
2005,6,26,4,2,1112,30.43,18.6,.956255,2,1,0,43.742952
2005,6,26,4,2,1112,30.69,18.6,.956255,2,1,0,43.742952
2005,6,26,4,2,1112,30.95,18.6,.956255,2,1,0,43.742952
2005,6,26,4,2,1112,31.21,18.6,.956255,2,1,0,43.742952
2005,6,26,4,2,1112,31.46,18.4,.956255,2,1,0,43.742952
2005,6,26,4,2,1112,151.08,17.1,.956255,2,0,0,151.08
2005,6,26,5,2,1112,0,205,.956255,2,1,0,0
2005,6,26,5,2,1112,32.81,18.6,.956255,2,1,0,43.742952
2005,6,26,5,2,1112,33.08,18.6,.956255,2,1,0,43.742952
2005,6,26,5,2,1112,33.34,18.6,.956255,2,1,0,43.742952
2005,6,26,5,2,1112,33.61,18.6,.956255,2,1,0,43.742952
2005,6,26,5,2,1112,33.88,18.6,.956255,2,1,0,43.742952
2005,6,26,5,2,1112,34.15,18.6,.956255,2,1,0,43.742952
2005,6,26,5,2,1112,34.41,18.4,.956255,2,1,0,43.742952
2005,6,26,5,2,1112,151.08,17.1,.956255,2,0,0,151.08
2005,6,26,6,2,1112,0,205,.956255,2,1,0,0
2005,6,26,6,2,1112,32.9,18.6,.956255,2,1,0,43.742952
2005,6,26,6,2,1112,33.17,18.6,.956255,2,1,0,43.742952
2005,6,26,6,2,1112,33.44,18.6,.956255,2,1,0,43.742952
2005,6,26,6,2,1112,33.71,18.6,.956255,2,1,0,43.742952
2005,6,26,6,2,1112,33.98,18.6,.956255,2,1,0,43.742952
2005,6,26,6,2,1112,34.25,18.6,.956255,2,1,0,43.742952
2005,6,26,6,2,1112,34.51,18.4,.956255,2,1,0,43.742952
2005,6,26,6,2,1112,151.08,17.1,.956255,2,0,0,151.08
2005,6,26,7,2,1112,0,205,.956255,2,1,0,0
2005,6,26,7,2,1112,33.32,18.6,.956255,2,1,0,43.742952
2005,6,26,7,2,1112,33.6,18.6,.956255,2,0,0,43.742952
2005,6,26,7,2,1112,33.87,18.6,.956255,2,0,0,43.742952
2005,6,26,7,2,1112,34.15,18.6,.956255,2,0,0,43.742952
2005,6,26,7,2,1112,34.42,18.6,.956255,2,0,0,43.742952
2005,6,26,7,2,1112,34.7,18.6,.956255,2,0,0,43.742952
2005,6,26,7,2,1112,34.97,18.4,.956255,2,0,0,43.742952
2005,6,26,7,2,1112,151.08,17.1,.956255,2,0,0,151.08
2005,6,26,8,2,1112,0,205,.956255,2,1,0,0
2005,6,26,8,2,1112,35.24,18.6,.956255,2,0,0,43.742952
2005,6,26,8,2,1112,35.52,18.6,.956255,2,0,0,43.742952
2005,6,26,8,2,1112,35.8,18.6,.956255,2,0,0,43.742952
2005,6,26,8,2,1112,36.08,18.6,.956255,2,0,0,43.742952
2005,6,26,8,2,1112,36.37,18.6,.956255,2,0,0,43.742952
2005,6,26,8,2,1112,36.65,18.6,.956255,2,0,0,43.742952
2005,6,26,8,2,1112,36.93,18.4,.956255,2,0,0,43.742952
2005,6,26,8,2,1112,151.08,17.1,.956255,2,0,0,151.08
2005,6,26,9,2,1112,0,205,.956255,2,1,0,0
2005,6,26,9,2,1112,33.08,18.6,.956255,2,1,0,43.742952
2005,6,26,9,2,1112,33.35,18.6,.956255,2,0,0,43.742952
2005,6,26,9,2,1112,33.62,18.6,.956255,2,0,0,43.742952
2005,6,26,9,2,1112,33.89,18.6,.956255,2,0,0,43.742952
2005,6,26,9,2,1112,34.17,18.6,.956255,2,0,0,43.742952
2005,6,26,9,2,1112,34.44,18.6,.956255,2,0,0,43.742952
2005,6,26,9,2,1112,34.71,18.4,.956255,2,0,0,43.742952
2005,6,26,9,2,1112,151.08,17.1,.956255,2,0,0,151.08
2005,6,26,10,2,1112,0,205,.956255,2,1,0,0
2005,6,26,10,2,1112,14.61,130,.956255,2,1,0,43.742952
2005,6,26,10,2,1112,151.02,17.1,.956255,2,0,0,151.02
2005,6,26,11,2,1112,0,205,.956255,2,1,0,0
2005,6,26,11,2,1112,14.61,130,.956255,2,1,0,43.742952
2005,6,26,11,2,1112,151.02,17.1,.956255,2,0,0,151.02
2005,6,26,12,2,1112,0,205,.956255,2,1,0,0
2005,6,26,12,2,1112,14.61,130,.956255,2,1,0,43.742952
2005,6,26,12,2,1112,151.02,17.1,.956255,2,0,0,151.02
2005,6,26,13,2,1112,0,205,.956255,2,1,0,0
2005,6,26,13,2,1112,14.61,74.4,.956255,2,1,0,43.742952
2005,6,26,13,2,1112,30.1,18.6,.956255,2,1,0,43.742952
2005,6,26,13,2,1112,30.35,18.6,.956255,2,1,0,43.742952
2005,6,26,13,2,1112,30.59,18.4,.956255,2,1,0,43.742952
2005,6,26,13,2,1112,151.05,17.1,.956255,2,0,0,151.05
2005,6,26,14,2,1112,0,205,.956255,2,1,0,0
2005,6,26,14,2,1112,30.07,18.6,.956255,2,1,0,43.742952
2005,6,26,14,2,1112,30.32,18.6,.956255,2,1,0,43.742952
2005,6,26,14,2,1112,30.56,18.6,.956255,2,1,0,43.742952
2005,6,26,14,2,1112,30.81,18.6,.956255,2,1,0,43.742952
2005,6,26,14,2,1112,31.05,18.6,.956255,2,1,0,43.742952
2005,6,26,14,2,1112,31.3,18.6,.956255,2,1,0,43.742952
2005,6,26,14,2,1112,31.54,18.4,.956255,2,1,0,43.742952
2005,6,26,14,2,1112,151.08,17.1,.956255,2,0,0,151.08
2005,6,26,15,2,1112,0,205,.956255,2,1,0,0
2005,6,26,15,2,1112,14.61,55.8,.956255,2,1,0,43.742952
2005,6,26,15,2,1112,30.16,18.6,.956255,2,1,0,43.742952
2005,6,26,15,2,1112,30.41,18.6,.956255,2,1,0,43.742952
2005,6,26,15,2,1112,30.65,18.6,.956255,2,1,0,43.742952
2005,6,26,15,2,1112,30.9,18.4,.956255,2,1,0,43.742952
2005,6,26,15,2,1112,151.06,17.1,.956255,2,0,0,151.06
2005,6,26,16,2,1112,0,205,.956255,2,1,0,0
2005,6,26,16,2,1112,14.61,130,.956255,2,1,0,43.742952
2005,6,26,16,2,1112,151.02,17.1,.956255,2,0,0,151.02
2005,6,26,17,2,1112,0,205,.956255,2,1,0,0
2005,6,26,17,2,1112,14.61,130,.956255,2,1,0,43.742952
2005,6,26,17,2,1112,151.02,17.1,.956255,2,0,0,151.02
2005,6,26,18,2,1112,0,205,.956255,2,1,0,0
2005,6,26,18,2,1112,14.61,130,.956255,2,1,0,43.742952
2005,6,26,18,2,1112,151.02,17.1,.956255,2,0,0,151.02
2005,6,26,19,2,1112,0,205,.956255,2,1,0,0
2005,6,26,19,2,1112,14.61,130,.956255,2,1,0,43.742952
2005,6,26,19,2,1112,151.02,17.1,.956255,2,0,0,151.02
2005,6,26,20,2,1112,0,205,.956255,2,1,0,0
2005,6,26,20,2,1112,14.61,130,.956255,2,1,0,43.742952
2005,6,26,20,2,1112,151.02,17.1,.956255,2,0,0,151.02
2005,6,26,21,2,1112,0,205,.956255,2,1,0,0
2005,6,26,21,2,1112,14.61,130,.956255,2,1,0,43.742952
2005,6,26,21,2,1112,151.02,17.1,.956255,2,0,0,151.02
2005,6,26,22,2,1112,0,205,.956255,2,1,0,0
2005,6,26,22,2,1112,14.61,130,.956255,2,1,0,43.742952
2005,6,26,22,2,1112,151.02,17.1,.956255,2,0,0,151.02
2005,6,26,23,2,1112,0,205,.956255,2,1,0,0
2005,6,26,23,2,1112,14.61,130,.956255,2,1,0,43.742952
2005,6,26,23,2,1112,151.02,17.1,.956255,2,0,0,151.02
2005,6,26,24,2,1112,0,205,.956255,2,1,0,0
2005,6,26,24,2,1112,14.61,130,.956255,2,1,0,43.742952
2005,6,26,24,2,1112,151.02,17.1,.956255,2,0,0,151.02
2005,6,26,1,2,1113,0,205,.956255,2,1,0,0
2005,6,26,1,2,1113,14.62,37.2,.956255,2,1,0,43.741563
2005,6,26,1,2,1113,30.24,18.6,.956255,2,1,0,43.741563
2005,6,26,1,2,1113,30.49,18.6,.956255,2,1,0,43.741563
2005,6,26,1,2,1113,30.73,18.6,.956255,2,1,0,43.741563
2005,6,26,1,2,1113,30.98,18.6,.956255,2,1,0,43.741563
2005,6,26,1,2,1113,31.22,18.4,.956255,2,1,0,43.741563
2005,6,26,1,2,1113,151.07,16.4,.956255,2,0,0,151.07
2005,6,26,2,2,1113,0,205,.956255,2,1,0,0
2005,6,26,2,2,1113,31.65,18.6,.956255,2,1,0,43.741563
2005,6,26,2,2,1113,31.9,18.6,.956255,2,1,0,43.741563
2005,6,26,2,2,1113,32.15,18.6,.956255,2,1,0,43.741563
2005,6,26,2,2,1113,32.4,18.6,.956255,2,1,0,43.741563
2005,6,26,2,2,1113,32.65,18.6,.956255,2,1,0,43.741563
2005,6,26,2,2,1113,32.89,18.6,.956255,2,1,0,43.741563
2005,6,26,2,2,1113,33.14,18.4,.956255,2,1,0,43.741563
2005,6,26,2,2,1113,151.08,16.4,.956255,2,0,0,151.08
2005,6,26,3,2,1113,0,205,.956255,2,1,0,0
2005,6,26,3,2,1113,31.35,18.6,.956255,2,1,0,43.741563
2005,6,26,3,2,1113,31.61,18.6,.956255,2,1,0,43.741563
2005,6,26,3,2,1113,31.86,18.6,.956255,2,1,0,43.741563
2005,6,26,3,2,1113,32.12,18.6,.956255,2,1,0,43.741563
2005,6,26,3,2,1113,32.37,18.6,.956255,2,1,0,43.741563
2005,6,26,3,2,1113,32.63,18.6,.956255,2,1,0,43.741563
2005,6,26,3,2,1113,32.88,18.4,.956255,2,1,0,43.741563
2005,6,26,3,2,1113,151.08,16.4,.956255,2,0,0,151.08
2005,6,26,4,2,1113,0,205,.956255,2,1,0,0
2005,6,26,4,2,1113,31.65,18.6,.956255,2,1,0,43.741563
2005,6,26,4,2,1113,31.91,18.6,.956255,2,1,0,43.741563
2005,6,26,4,2,1113,32.17,18.6,.956255,2,1,0,43.741563
2005,6,26,4,2,1113,32.43,18.6,.956255,2,1,0,43.741563
2005,6,26,4,2,1113,32.69,18.6,.956255,2,1,0,43.741563
2005,6,26,4,2,1113,32.95,18.6,.956255,2,1,0,43.741563
2005,6,26,4,2,1113,33.2,18.4,.956255,2,1,0,43.741563
2005,6,26,4,2,1113,151.08,16.4,.956255,2,0,0,151.08
2005,6,26,5,2,1113,0,205,.956255,2,1,0,0
2005,6,26,5,2,1113,34.61,18.6,.956255,2,1,0,43.741563
2005,6,26,5,2,1113,34.88,18.6,.956255,2,1,0,43.741563
2005,6,26,5,2,1113,35.15,18.6,.956255,2,1,0,43.741563
2005,6,26,5,2,1113,35.42,18.6,.956255,2,1,0,43.741563
2005,6,26,5,2,1113,35.68,18.6,.956255,2,1,0,43.741563
2005,6,26,5,2,1113,35.95,10,.956255,2,1,0,43.741563
2005,6,26,5,2,1113,36.22,18.4,.956255,2,0,0,43.741563
2005,6,26,5,2,1113,151.08,16.4,.956255,2,0,0,151.08
2005,6,26,6,2,1113,0,205,.956255,2,1,0,0
2005,6,26,6,2,1113,34.71,18.6,.956255,2,1,0,43.741563
2005,6,26,6,2,1113,34.98,18.6,.956255,2,1,0,43.741563
2005,6,26,6,2,1113,35.25,18.6,.956255,2,1,0,43.741563
2005,6,26,6,2,1113,35.52,18.6,.956255,2,1,0,43.741563
2005,6,26,6,2,1113,35.78,3.6,.956255,2,1,0,43.741563
2005,6,26,6,2,1113,36.05,18.6,.956255,2,0,0,43.741563
2005,6,26,6,2,1113,36.32,18.4,.956255,2,0,0,43.741563
2005,6,26,6,2,1113,151.08,16.4,.956255,2,0,0,151.08
2005,6,26,7,2,1113,0,205,.956255,2,1,0,0
2005,6,26,7,2,1113,35.18,18.6,.956255,2,0,0,43.741563
2005,6,26,7,2,1113,35.45,18.6,.956255,2,0,0,43.741563
2005,6,26,7,2,1113,35.73,18.6,.956255,2,0,0,43.741563
2005,6,26,7,2,1113,36,18.6,.956255,2,0,0,43.741563
2005,6,26,7,2,1113,36.28,18.6,.956255,2,0,0,43.741563
2005,6,26,7,2,1113,36.55,18.6,.956255,2,0,0,43.741563
2005,6,26,7,2,1113,36.82,18.4,.956255,2,0,0,43.741563
2005,6,26,7,2,1113,151.08,16.4,.956255,2,0,0,151.08
2005,6,26,8,2,1113,0,205,.956255,2,1,0,0
2005,6,26,8,2,1113,37.14,18.6,.956255,2,0,0,43.741563
2005,6,26,8,2,1113,37.42,18.6,.956255,2,0,0,43.741563
2005,6,26,8,2,1113,37.7,18.6,.956255,2,0,0,43.741563
2005,6,26,8,2,1113,37.98,18.6,.956255,2,0,0,43.741563
2005,6,26,8,2,1113,38.26,18.6,.956255,2,0,0,43.741563
2005,6,26,8,2,1113,38.54,18.6,.956255,2,0,0,43.741563
2005,6,26,8,2,1113,38.82,18.4,.956255,2,0,0,43.741563
2005,6,26,8,2,1113,151.08,16.4,.956255,2,0,0,151.08
2005,6,26,9,2,1113,0,205,.956255,2,1,0,0
2005,6,26,9,2,1113,34.91,18.6,.956255,2,0,0,43.741563
2005,6,26,9,2,1113,35.18,18.6,.956255,2,0,0,43.741563
2005,6,26,9,2,1113,35.45,18.6,.956255,2,0,0,43.741563
2005,6,26,9,2,1113,35.72,18.6,.956255,2,0,0,43.741563
2005,6,26,9,2,1113,35.99,18.6,.956255,2,0,0,43.741563
2005,6,26,9,2,1113,36.27,18.6,.956255,2,0,0,43.741563
2005,6,26,9,2,1113,36.53,18.4,.956255,2,0,0,43.741563
2005,6,26,9,2,1113,151.08,16.4,.956255,2,0,0,151.08
2005,6,26,10,2,1113,0,205,.956255,2,1,0,0
2005,6,26,10,2,1113,30.16,18.6,.956255,2,1,0,43.741563
2005,6,26,10,2,1113,30.42,18.6,.956255,2,1,0,43.741563
2005,6,26,10,2,1113,30.67,18.6,.956255,2,1,0,43.741563
2005,6,26,10,2,1113,30.92,18.6,.956255,2,1,0,43.741563
2005,6,26,10,2,1113,31.18,18.6,.956255,2,1,0,43.741563
2005,6,26,10,2,1113,31.43,18.6,.956255,2,1,0,43.741563
2005,6,26,10,2,1113,31.69,18.4,.956255,2,1,0,43.741563
2005,6,26,10,2,1113,151.08,16.4,.956255,2,0,0,151.08
2005,6,26,11,2,1113,0,205,.956255,2,1,0,0
2005,6,26,11,2,1113,14.62,37.2,.956255,2,1,0,43.741563
2005,6,26,11,2,1113,30.21,18.6,.956255,2,1,0,43.741563
2005,6,26,11,2,1113,30.46,18.6,.956255,2,1,0,43.741563
2005,6,26,11,2,1113,30.71,18.6,.956255,2,1,0,43.741563
2005,6,26,11,2,1113,30.96,18.6,.956255,2,1,0,43.741563
2005,6,26,11,2,1113,31.21,18.4,.956255,2,1,0,43.741563
2005,6,26,11,2,1113,151.07,16.4,.956255,2,0,0,151.07
2005,6,26,12,2,1113,0,205,.956255,2,1,0,0
2005,6,26,12,2,1113,14.62,37.2,.956255,2,1,0,43.741563
2005,6,26,12,2,1113,30.17,18.6,.956255,2,1,0,43.741563
2005,6,26,12,2,1113,30.41,18.6,.956255,2,1,0,43.741563
2005,6,26,12,2,1113,30.66,18.6,.956255,2,1,0,43.741563
2005,6,26,12,2,1113,30.9,18.6,.956255,2,1,0,43.741563
2005,6,26,12,2,1113,31.14,18.4,.956255,2,1,0,43.741563
2005,6,26,12,2,1113,151.07,16.4,.956255,2,0,0,151.07
2005,6,26,13,2,1113,0,205,.956255,2,1,0,0
2005,6,26,13,2,1113,30.8,18.6,.956255,2,1,0,43.741563
2005,6,26,13,2,1113,31.04,18.6,.956255,2,1,0,43.741563
2005,6,26,13,2,1113,31.29,18.6,.956255,2,1,0,43.741563
2005,6,26,13,2,1113,31.54,18.6,.956255,2,1,0,43.741563
2005,6,26,13,2,1113,31.79,18.6,.956255,2,1,0,43.741563
2005,6,26,13,2,1113,32.03,18.6,.956255,2,1,0,43.741563
2005,6,26,13,2,1113,32.28,18.4,.956255,2,1,0,43.741563
2005,6,26,13,2,1113,151.08,16.4,.956255,2,0,0,151.08
2005,6,26,14,2,1113,0,205,.956255,2,1,0,0
2005,6,26,14,2,1113,31.72,18.6,.956255,2,1,0,43.741563
2005,6,26,14,2,1113,31.97,18.6,.956255,2,1,0,43.741563
2005,6,26,14,2,1113,32.21,18.6,.956255,2,1,0,43.741563
2005,6,26,14,2,1113,32.46,18.6,.956255,2,1,0,43.741563
2005,6,26,14,2,1113,32.7,18.6,.956255,2,1,0,43.741563
2005,6,26,14,2,1113,32.95,18.6,.956255,2,1,0,43.741563
2005,6,26,14,2,1113,33.19,18.4,.956255,2,1,0,43.741563
2005,6,26,14,2,1113,151.08,16.4,.956255,2,0,0,151.08
2005,6,26,15,2,1113,0,205,.956255,2,1,0,0
2005,6,26,15,2,1113,31.09,18.6,.956255,2,1,0,43.741563
2005,6,26,15,2,1113,31.34,18.6,.956255,2,1,0,43.741563
2005,6,26,15,2,1113,31.58,18.6,.956255,2,1,0,43.741563
2005,6,26,15,2,1113,31.83,18.6,.956255,2,1,0,43.741563
2005,6,26,15,2,1113,32.07,18.6,.956255,2,1,0,43.741563
2005,6,26,15,2,1113,32.32,18.6,.956255,2,1,0,43.741563
2005,6,26,15,2,1113,32.56,18.4,.956255,2,1,0,43.741563
2005,6,26,15,2,1113,151.08,16.4,.956255,2,0,0,151.08
2005,6,26,16,2,1113,0,205,.956255,2,1,0,0
2005,6,26,16,2,1113,14.62,18.6,.956255,2,1,0,43.741563
2005,6,26,16,2,1113,30.21,18.6,.956255,2,1,0,43.741563
2005,6,26,16,2,1113,30.45,18.6,.956255,2,1,0,43.741563
2005,6,26,16,2,1113,30.7,18.6,.956255,2,1,0,43.741563
2005,6,26,16,2,1113,30.94,18.6,.956255,2,1,0,43.741563
2005,6,26,16,2,1113,31.19,18.6,.956255,2,1,0,43.741563
2005,6,26,16,2,1113,31.43,18.4,.956255,2,1,0,43.741563
2005,6,26,16,2,1113,151.08,16.4,.956255,2,0,0,151.08
2005,6,26,17,2,1113,0,205,.956255,2,1,0,0
2005,6,26,17,2,1113,14.62,18.6,.956255,2,1,0,43.741563
2005,6,26,17,2,1113,30.15,18.6,.956255,2,1,0,43.741563
2005,6,26,17,2,1113,30.39,18.6,.956255,2,1,0,43.741563
2005,6,26,17,2,1113,30.64,18.6,.956255,2,1,0,43.741563
2005,6,26,17,2,1113,30.88,18.6,.956255,2,1,0,43.741563
2005,6,26,17,2,1113,31.13,18.6,.956255,2,1,0,43.741563
2005,6,26,17,2,1113,31.37,18.4,.956255,2,1,0,43.741563
2005,6,26,17,2,1113,151.08,16.4,.956255,2,0,0,151.08
2005,6,26,18,2,1113,0,205,.956255,2,1,0,0
2005,6,26,18,2,1113,14.62,93,.956255,2,1,0,43.741563
2005,6,26,18,2,1113,30.24,18.6,.956255,2,1,0,43.741563
2005,6,26,18,2,1113,30.48,18.4,.956255,2,1,0,43.741563
2005,6,26,18,2,1113,151.04,16.4,.956255,2,0,0,151.04
2005,6,26,19,2,1113,0,205,.956255,2,1,0,0
2005,6,26,19,2,1113,14.62,130,.956255,2,1,0,43.741563
2005,6,26,19,2,1113,151.02,16.4,.956255,2,0,0,151.02
2005,6,26,20,2,1113,0,205,.956255,2,1,0,0
2005,6,26,20,2,1113,14.62,130,.956255,2,1,0,43.741563
2005,6,26,20,2,1113,151.02,16.4,.956255,2,0,0,151.02
2005,6,26,21,2,1113,0,205,.956255,2,1,0,0
2005,6,26,21,2,1113,14.62,130,.956255,2,1,0,43.741563
2005,6,26,21,2,1113,151.02,16.4,.956255,2,0,0,151.02
2005,6,26,22,2,1113,0,205,.956255,2,1,0,0
2005,6,26,22,2,1113,14.62,130,.956255,2,1,0,43.741563
2005,6,26,22,2,1113,151.02,16.4,.956255,2,0,0,151.02
2005,6,26,23,2,1113,0,205,.956255,2,1,0,0
2005,6,26,23,2,1113,14.62,130,.956255,2,1,0,43.741563
2005,6,26,23,2,1113,151.02,16.4,.956255,2,0,0,151.02
2005,6,26,24,2,1113,0,205,.956255,2,1,0,0
2005,6,26,24,2,1113,14.62,130,.956255,2,1,0,43.741563
2005,6,26,24,2,1113,151.02,16.4,.956255,2,0,0,151.02
2005,6,26,1,2,246,0,11.3,0,2,1,0,0
2005,6,26,2,2,246,0,11.3,0,2,1,0,0
2005,6,26,3,2,246,0,11.3,0,2,1,0,0
2005,6,26,4,2,246,0,11.3,0,2,1,0,0
2005,6,26,5,2,246,0,11.3,0,2,1,0,0
2005,6,26,6,2,246,0,11.3,0,2,1,0,0
2005,6,26,7,2,246,0,11.3,0,2,1,0,0
2005,6,26,8,2,246,0,11.3,0,2,1,0,0
2005,6,26,9,2,246,0,11.3,0,2,1,0,0
2005,6,26,10,2,246,0,19.6,0,2,1,0,0
2005,6,26,11,2,246,0,19.6,0,2,1,0,0
2005,6,26,12,2,246,0,19.6,0,2,1,0,0
2005,6,26,13,2,246,0,19.6,0,2,1,0,0
2005,6,26,14,2,246,0,19.6,0,2,1,0,0
2005,6,26,15,2,246,0,19.6,0,2,1,0,0
2005,6,26,16,2,246,0,19.6,0,2,1,0,0
2005,6,26,17,2,246,0,19.6,0,2,1,0,0
2005,6,26,18,2,246,0,19.3,0,2,1,0,0
2005,6,26,19,2,246,0,19.3,0,2,1,0,0
2005,6,26,20,2,246,0,19.3,0,2,1,0,0
2005,6,26,21,2,246,0,19.3,0,2,1,0,0
2005,6,26,22,2,246,0,19.3,0,2,1,0,0
2005,6,26,23,2,246,0,19.3,0,2,1,0,0
2005,6,26,24,2,246,0,19.3,0,2,1,0,0
2005,6,26,1,2,247,10.98,105,0,1,0,0,10.98
2005,6,26,1,2,247,10.99,105,0,1,0,0,10.99
2005,6,26,1,2,247,11,105,0,1,0,0,11
2005,6,26,2,2,247,10.98,105,0,1,0,0,10.98
2005,6,26,2,2,247,10.99,105,0,1,0,0,10.99
2005,6,26,2,2,247,11,105,0,1,0,0,11
2005,6,26,3,2,247,10.98,105,0,1,0,0,10.98
2005,6,26,3,2,247,47.49,105,0,1,1,0,47.49
2005,6,26,3,2,247,47.5,105,0,1,1,0,47.5
2005,6,26,4,2,247,47.48,105,0,1,1,0,47.48
2005,6,26,4,2,247,47.49,105,0,1,1,0,47.49
2005,6,26,4,2,247,47.5,105,0,1,1,0,47.5
2005,6,26,5,2,247,47.48,105,0,1,1,0,47.48
2005,6,26,5,2,247,47.49,105,0,1,1,0,47.49
2005,6,26,5,2,247,47.5,105,0,1,1,0,47.5
2005,6,26,6,2,247,47.48,105,0,1,1,0,47.48
2005,6,26,6,2,247,47.49,105,0,1,1,0,47.49
2005,6,26,6,2,247,47.5,105,0,1,1,0,47.5
2005,6,26,7,2,247,47.48,105,0,1,1,0,47.48
2005,6,26,7,2,247,47.49,105,0,1,1,0,47.49
2005,6,26,7,2,247,47.5,105,0,1,1,0,47.5
2005,6,26,8,2,247,47.48,105,0,1,1,0,47.48
2005,6,26,8,2,247,47.49,105,0,1,1,0,47.49
2005,6,26,8,2,247,47.5,105,0,1,1,0,47.5
2005,6,26,9,2,247,10.98,105,0,1,0,0,10.98
2005,6,26,9,2,247,47.49,105,0,1,1,0,47.49
2005,6,26,9,2,247,47.5,105,0,1,1,0,47.5
2005,6,26,10,2,247,10.98,105,0,1,0,0,10.98
2005,6,26,10,2,247,10.99,105,0,1,0,0,10.99
2005,6,26,10,2,247,11,105,0,1,0,0,11
2005,6,26,11,2,247,10.98,105,0,1,0,0,10.98
2005,6,26,11,2,247,10.99,105,0,1,0,0,10.99
2005,6,26,11,2,247,11,105,0,1,0,0,11
2005,6,26,12,2,247,10.98,105,0,1,0,0,10.98
2005,6,26,12,2,247,10.99,105,0,1,0,0,10.99
2005,6,26,12,2,247,11,105,0,1,0,0,11
2005,6,26,13,2,247,10.98,105,0,1,0,0,10.98
2005,6,26,13,2,247,10.99,105,0,1,0,0,10.99
2005,6,26,13,2,247,11,105,0,1,0,0,11
2005,6,26,14,2,247,10.98,105,0,1,0,0,10.98
2005,6,26,14,2,247,10.99,105,0,1,0,0,10.99
2005,6,26,14,2,247,11,105,0,1,0,0,11
2005,6,26,15,2,247,10.98,105,0,1,0,0,10.98
2005,6,26,15,2,247,10.99,105,0,1,0,0,10.99
2005,6,26,15,2,247,11,105,0,1,0,0,11
2005,6,26,16,2,247,10.98,105,0,1,0,0,10.98
2005,6,26,16,2,247,10.99,105,0,1,0,0,10.99
2005,6,26,16,2,247,11,105,0,1,0,0,11
2005,6,26,17,2,247,10.98,105,0,1,0,0,10.98
2005,6,26,17,2,247,10.99,105,0,1,0,0,10.99
2005,6,26,17,2,247,11,105,0,1,0,0,11
2005,6,26,18,2,247,10.98,105,0,1,0,0,10.98
2005,6,26,18,2,247,10.99,105,0,1,0,0,10.99
2005,6,26,18,2,247,11,105,0,1,0,0,11
2005,6,26,19,2,247,10.98,105,0,1,0,0,10.98
2005,6,26,19,2,247,10.99,105,0,1,0,0,10.99
2005,6,26,19,2,247,11,105,0,1,0,0,11
2005,6,26,20,2,247,10.98,105,0,1,0,0,10.98
2005,6,26,20,2,247,10.99,105,0,1,0,0,10.99
2005,6,26,20,2,247,11,105,0,1,0,0,11
2005,6,26,21,2,247,10.98,105,0,1,0,0,10.98
2005,6,26,21,2,247,10.99,105,0,1,0,0,10.99
2005,6,26,21,2,247,11,105,0,1,0,0,11
2005,6,26,22,2,247,10.98,105,0,1,0,0,10.98
2005,6,26,22,2,247,10.99,105,0,1,0,0,10.99
2005,6,26,22,2,247,11,105,0,1,0,0,11
2005,6,26,23,2,247,10.98,105,0,1,0,0,10.98
2005,6,26,23,2,247,10.99,105,0,1,0,0,10.99
2005,6,26,23,2,247,11,105,0,1,0,0,11
2005,6,26,24,2,247,10.98,105,0,1,0,0,10.98
2005,6,26,24,2,247,10.99,105,0,1,0,0,10.99
2005,6,26,24,2,247,11,105,0,1,0,0,11
2005,6,26,12,2,248,56.29,22.5,0,2,0,0,56.29
2005,6,26,12,2,248,57.6,22.5,0,2,0,0,57.6
2005,6,26,12,2,248,58.91,22.5,0,2,0,0,58.91
2005,6,26,12,2,248,60.22,22.5,0,2,0,0,60.22
2005,6,26,13,2,248,56.29,22.5,0,2,0,0,56.29
2005,6,26,13,2,248,57.6,22.5,0,2,0,0,57.6
2005,6,26,13,2,248,58.91,22.5,0,2,0,0,58.91
2005,6,26,13,2,248,60.22,22.5,0,2,0,0,60.22
2005,6,26,14,2,248,56.29,22.5,0,2,0,0,56.29
2005,6,26,14,2,248,57.6,22.5,0,2,0,0,57.6
2005,6,26,14,2,248,58.91,22.5,0,2,0,0,58.91
2005,6,26,14,2,248,60.22,22.5,0,2,0,0,60.22
2005,6,26,15,2,248,56.29,22.5,0,2,0,0,56.29
2005,6,26,15,2,248,57.6,22.5,0,2,0,0,57.6
2005,6,26,15,2,248,58.91,22.5,0,2,0,0,58.91
2005,6,26,15,2,248,60.22,22.5,0,2,0,0,60.22
2005,6,26,16,2,248,56.29,22.5,0,2,0,0,56.29
2005,6,26,16,2,248,57.6,22.5,0,2,0,0,57.6
2005,6,26,16,2,248,58.91,22.5,0,2,0,0,58.91
2005,6,26,16,2,248,60.22,22.5,0,2,0,0,60.22
2005,6,26,17,2,248,56.29,22.5,0,2,0,0,56.29
2005,6,26,17,2,248,57.6,22.5,0,2,0,0,57.6
2005,6,26,17,2,248,58.91,22.5,0,2,0,0,58.91
2005,6,26,17,2,248,60.22,22.5,0,2,0,0,60.22
2005,6,26,18,2,248,56.29,22.5,0,2,0,0,56.29
2005,6,26,18,2,248,57.6,22.5,0,2,0,0,57.6
2005,6,26,18,2,248,58.91,22.5,0,2,0,0,58.91
2005,6,26,18,2,248,60.22,22.5,0,2,0,0,60.22
2005,6,26,19,2,248,56.29,22.5,0,2,0,0,56.29
2005,6,26,19,2,248,57.6,22.5,0,2,0,0,57.6
2005,6,26,19,2,248,58.91,22.5,0,2,0,0,58.91
2005,6,26,19,2,248,60.22,22.5,0,2,0,0,60.22
2005,6,26,20,2,248,56.29,22.5,0,2,0,0,56.29
2005,6,26,20,2,248,57.6,22.5,0,2,0,0,57.6
2005,6,26,20,2,248,58.91,22.5,0,2,0,0,58.91
2005,6,26,20,2,248,60.22,22.5,0,2,0,0,60.22
2005,6,26,21,2,248,55.99,45,0,2,0,0,55.99
2005,6,26,21,2,248,57,45,0,2,0,0,57
2005,6,26,21,2,248,58,45,0,2,0,0,58
2005,6,26,21,2,248,59.01,45,0,2,0,0,59.01
2005,6,26,22,2,248,56.08,67.5,0,2,0,0,56.08
2005,6,26,22,2,248,57.18,67.5,0,2,0,0,57.18
2005,6,26,22,2,248,58.27,67.5,0,2,0,0,58.27
2005,6,26,22,2,248,59.37,67.5,0,2,0,0,59.37
2005,6,26,23,2,248,56.08,21,0,2,1,0,56.08
2005,6,26,23,2,248,57.18,67.5,0,2,0,0,57.18
2005,6,26,23,2,248,58.27,67.5,0,2,0,0,58.27
2005,6,26,23,2,248,59.37,67.5,0,2,0,0,59.37
2005,6,26,24,2,248,56.08,67.5,0,2,0,0,56.08
2005,6,26,24,2,248,57.18,67.5,0,2,0,0,57.18
2005,6,26,24,2,248,58.27,67.5,0,2,0,0,58.27
2005,6,26,24,2,248,59.37,67.5,0,2,0,0,59.37
2005,6,26,1,9,249,180,2.1,0,2,0,0,180
2005,6,26,2,9,249,180,2.1,0,2,0,0,180
2005,6,26,3,9,249,180,2.1,0,2,0,0,180
2005,6,26,4,9,249,180,2.1,0,2,0,0,180
2005,6,26,5,9,249,180,2.1,0,2,0,0,180
2005,6,26,6,9,249,180,2.1,0,2,0,0,180
2005,6,26,7,9,249,180,2.1,0,2,0,0,180
2005,6,26,8,9,249,180,2.1,0,2,0,0,180
2005,6,26,9,9,249,180,2.1,0,2,0,0,180
2005,6,26,10,9,249,180,2.1,0,2,0,0,180
2005,6,26,11,9,249,180,2.1,0,2,0,0,180
2005,6,26,12,9,249,180,2.1,0,2,0,0,180
2005,6,26,13,9,249,180,2.1,0,2,0,0,180
2005,6,26,14,9,249,180,2.1,0,2,0,0,180
2005,6,26,15,9,249,180,2.1,0,2,0,0,180
2005,6,26,16,9,249,180,2.1,0,2,0,0,180
2005,6,26,17,9,249,180,2.1,0,2,0,0,180
2005,6,26,18,9,249,180,2.1,0,2,0,0,180
2005,6,26,19,9,249,180,2.1,0,2,0,0,180
2005,6,26,20,9,249,180,2.1,0,2,0,0,180
2005,6,26,21,9,249,180,2.1,0,2,0,0,180
2005,6,26,22,9,249,180,2.1,0,2,0,0,180
2005,6,26,23,9,249,180,2.1,0,2,0,0,180
2005,6,26,24,9,249,180,2.1,0,2,0,0,180
2005,6,26,1,9,250,0,23.1,0,2,1,0,0
2005,6,26,2,9,250,0,23.1,0,2,1,0,0
2005,6,26,3,9,250,0,23.1,0,2,1,0,0
2005,6,26,4,9,250,0,23.1,0,2,1,0,0
2005,6,26,5,9,250,0,23.1,0,2,1,0,0
2005,6,26,6,9,250,0,23.1,0,2,1,0,0
2005,6,26,7,9,250,0,23.1,0,2,1,0,0
2005,6,26,8,9,250,0,22.8,0,2,1,0,0
2005,6,26,9,9,250,0,22.7,0,2,1,0,0
2005,6,26,10,9,250,0,22.5,0,2,1,0,0
2005,6,26,11,9,250,0,22.3,0,2,1,0,0
2005,6,26,12,9,250,0,22.3,0,2,1,0,0
2005,6,26,13,9,250,0,22.2,0,2,1,0,0
2005,6,26,14,9,250,0,22.2,0,2,1,0,0
2005,6,26,15,9,250,0,22,0,2,1,0,0
2005,6,26,16,9,250,0,22,0,2,1,0,0
2005,6,26,17,9,250,0,22,0,2,1,0,0
2005,6,26,18,9,250,0,22.1,0,2,1,0,0
2005,6,26,19,9,250,0,22.2,0,2,1,0,0
2005,6,26,20,9,250,0,22.5,0,2,1,0,0
2005,6,26,21,9,250,0,22.9,0,2,1,0,0
2005,6,26,22,9,250,0,23,0,2,1,0,0
2005,6,26,23,9,250,0,23,0,2,1,0,0
2005,6,26,24,9,250,0,23,0,2,1,0,0
2005,6,26,1,1,251,0,484.6,0,2,1,0,0
2005,6,26,1,1,251,130,7.1,0,2,0,0,130
2005,6,26,2,1,251,0,484.6,0,2,1,0,0
2005,6,26,2,1,251,130,7.1,0,2,0,0,130
2005,6,26,3,1,251,0,484.6,0,2,1,0,0
2005,6,26,3,1,251,130,7.1,0,2,0,0,130
2005,6,26,4,1,251,0,484.6,0,2,1,0,0
2005,6,26,4,1,251,130,7.1,0,2,0,0,130
2005,6,26,5,1,251,0,484.6,0,2,1,0,0
2005,6,26,5,1,251,130,7.1,0,2,0,0,130
2005,6,26,6,1,251,0,484.6,0,2,1,0,0
2005,6,26,6,1,251,130,7.1,0,2,0,0,130
2005,6,26,7,1,251,0,484.6,0,2,1,0,0
2005,6,26,7,1,251,130,7.1,0,2,0,0,130
2005,6,26,8,1,251,0,484.6,0,2,1,0,0
2005,6,26,8,1,251,130,7.1,0,2,0,0,130
2005,6,26,9,1,251,0,484.6,0,2,1,0,0
2005,6,26,9,1,251,130,7.1,0,2,0,0,130
2005,6,26,10,1,251,0,484.6,0,2,1,0,0
2005,6,26,10,1,251,130,7.1,0,2,0,0,130
2005,6,26,11,1,251,0,484.6,0,2,1,0,0
2005,6,26,11,1,251,130,7.1,0,2,0,0,130
2005,6,26,12,1,251,0,484.6,0,2,1,0,0
2005,6,26,12,1,251,130,7.1,0,2,0,0,130
2005,6,26,13,1,251,0,484.6,0,2,1,0,0
2005,6,26,13,1,251,130,7.1,0,2,0,0,130
2005,6,26,14,1,251,0,484.6,0,2,1,0,0
2005,6,26,14,1,251,130,7.1,0,2,0,0,130
2005,6,26,15,1,251,0,484.6,0,2,1,0,0
2005,6,26,15,1,251,130,7.1,0,2,0,0,130
2005,6,26,16,1,251,0,484.6,0,2,1,0,0
2005,6,26,16,1,251,130,7.1,0,2,0,0,130
2005,6,26,17,1,251,0,484.6,0,2,1,0,0
2005,6,26,17,1,251,130,7.1,0,2,0,0,130
2005,6,26,18,1,251,0,484.6,0,2,1,0,0
2005,6,26,18,1,251,130,7.1,0,2,0,0,130
2005,6,26,19,1,251,0,484.6,0,2,1,0,0
2005,6,26,19,1,251,130,7.1,0,2,0,0,130
2005,6,26,20,1,251,0,484.6,0,2,1,0,0
2005,6,26,20,1,251,130,7.1,0,2,0,0,130
2005,6,26,21,1,251,0,484.6,0,2,1,0,0
2005,6,26,21,1,251,130,7.1,0,2,0,0,130
2005,6,26,22,1,251,0,484.6,0,2,1,0,0
2005,6,26,22,1,251,130,7.1,0,2,0,0,130
2005,6,26,23,1,251,0,484.6,0,2,1,0,0
2005,6,26,23,1,251,130,7.1,0,2,0,0,130
2005,6,26,24,1,251,0,484.6,0,2,1,0,0
2005,6,26,24,1,251,130,7.1,0,2,0,0,130
2005,6,26,1,2,251,0,9.9,0,2,1,0,0
2005,6,26,1,2,251,130,.1,0,2,0,0,130
2005,6,26,2,2,251,0,9.9,0,2,1,0,0
2005,6,26,2,2,251,130,.1,0,2,0,0,130
2005,6,26,3,2,251,0,9.9,0,2,1,0,0
2005,6,26,3,2,251,130,.1,0,2,0,0,130
2005,6,26,4,2,251,0,9.9,0,2,1,0,0
2005,6,26,4,2,251,130,.1,0,2,0,0,130
2005,6,26,5,2,251,0,9.9,0,2,1,0,0
2005,6,26,5,2,251,130,.1,0,2,0,0,130
2005,6,26,6,2,251,0,9.9,0,2,1,0,0
2005,6,26,6,2,251,130,.1,0,2,0,0,130
2005,6,26,7,2,251,0,9.9,0,2,1,0,0
2005,6,26,7,2,251,130,.1,0,2,0,0,130
2005,6,26,8,2,251,0,9.9,0,2,1,0,0
2005,6,26,8,2,251,130,.1,0,2,0,0,130
2005,6,26,9,2,251,0,9.9,0,2,1,0,0
2005,6,26,9,2,251,130,.1,0,2,0,0,130
2005,6,26,10,2,251,0,9.9,0,2,1,0,0
2005,6,26,10,2,251,130,.1,0,2,0,0,130
2005,6,26,11,2,251,0,9.9,0,2,1,0,0
2005,6,26,11,2,251,130,.1,0,2,0,0,130
2005,6,26,12,2,251,0,9.9,0,2,1,0,0
2005,6,26,12,2,251,130,.1,0,2,0,0,130
2005,6,26,13,2,251,0,9.9,0,2,1,0,0
2005,6,26,13,2,251,130,.1,0,2,0,0,130
2005,6,26,14,2,251,0,9.9,0,2,1,0,0
2005,6,26,14,2,251,130,.1,0,2,0,0,130
2005,6,26,15,2,251,0,9.9,0,2,1,0,0
2005,6,26,15,2,251,130,.1,0,2,0,0,130
2005,6,26,16,2,251,0,9.9,0,2,1,0,0
2005,6,26,16,2,251,130,.1,0,2,0,0,130
2005,6,26,17,2,251,0,9.9,0,2,1,0,0
2005,6,26,17,2,251,130,.1,0,2,0,0,130
2005,6,26,18,2,251,0,9.9,0,2,1,0,0
2005,6,26,18,2,251,130,.1,0,2,0,0,130
2005,6,26,19,2,251,0,9.9,0,2,1,0,0
2005,6,26,19,2,251,130,.1,0,2,0,0,130
2005,6,26,20,2,251,0,9.9,0,2,1,0,0
2005,6,26,20,2,251,130,.1,0,2,0,0,130
2005,6,26,21,2,251,0,9.9,0,2,1,0,0
2005,6,26,21,2,251,130,.1,0,2,0,0,130
2005,6,26,22,2,251,0,9.9,0,2,1,0,0
2005,6,26,22,2,251,130,.1,0,2,0,0,130
2005,6,26,23,2,251,0,9.9,0,2,1,0,0
2005,6,26,23,2,251,130,.1,0,2,0,0,130
2005,6,26,24,2,251,0,9.9,0,2,1,0,0
2005,6,26,24,2,251,130,.1,0,2,0,0,130
2005,6,26,1,3,251,0,153.3,0,2,1,0,0
2005,6,26,1,3,251,130,2.2,0,2,0,0,130
2005,6,26,2,3,251,0,153.3,0,2,1,0,0
2005,6,26,2,3,251,130,2.2,0,2,0,0,130
2005,6,26,3,3,251,0,153.3,0,2,1,0,0
2005,6,26,3,3,251,130,2.2,0,2,0,0,130
2005,6,26,4,3,251,0,153.3,0,2,1,0,0
2005,6,26,4,3,251,130,2.2,0,2,0,0,130
2005,6,26,5,3,251,0,153.3,0,2,1,0,0
2005,6,26,5,3,251,130,2.2,0,2,0,0,130
2005,6,26,6,3,251,0,153.3,0,2,1,0,0
2005,6,26,6,3,251,130,2.2,0,2,0,0,130
2005,6,26,7,3,251,0,153.3,0,2,1,0,0
2005,6,26,7,3,251,130,2.2,0,2,0,0,130
2005,6,26,8,3,251,0,153.3,0,2,1,0,0
2005,6,26,8,3,251,130,2.2,0,2,0,0,130
2005,6,26,9,3,251,0,153.3,0,2,1,0,0
2005,6,26,9,3,251,130,2.2,0,2,0,0,130
2005,6,26,10,3,251,0,153.3,0,2,1,0,0
2005,6,26,10,3,251,130,2.2,0,2,0,0,130
2005,6,26,11,3,251,0,153.3,0,2,1,0,0
2005,6,26,11,3,251,130,2.2,0,2,0,0,130
2005,6,26,12,3,251,0,153.3,0,2,1,0,0
2005,6,26,12,3,251,130,2.2,0,2,0,0,130
2005,6,26,13,3,251,0,153.3,0,2,1,0,0
2005,6,26,13,3,251,130,2.2,0,2,0,0,130
2005,6,26,14,3,251,0,153.3,0,2,1,0,0
2005,6,26,14,3,251,130,2.2,0,2,0,0,130
2005,6,26,15,3,251,0,153.3,0,2,1,0,0
2005,6,26,15,3,251,130,2.2,0,2,0,0,130
2005,6,26,16,3,251,0,153.3,0,2,1,0,0
2005,6,26,16,3,251,130,2.2,0,2,0,0,130
2005,6,26,17,3,251,0,153.3,0,2,1,0,0
2005,6,26,17,3,251,130,2.2,0,2,0,0,130
2005,6,26,18,3,251,0,153.3,0,2,1,0,0
2005,6,26,18,3,251,130,2.2,0,2,0,0,130
2005,6,26,19,3,251,0,153.3,0,2,1,0,0
2005,6,26,19,3,251,130,2.2,0,2,0,0,130
2005,6,26,20,3,251,0,153.3,0,2,1,0,0
2005,6,26,20,3,251,130,2.2,0,2,0,0,130
2005,6,26,21,3,251,0,153.3,0,2,1,0,0
2005,6,26,21,3,251,130,2.2,0,2,0,0,130
2005,6,26,22,3,251,0,153.3,0,2,1,0,0
2005,6,26,22,3,251,130,2.2,0,2,0,0,130
2005,6,26,23,3,251,0,153.3,0,2,1,0,0
2005,6,26,23,3,251,130,2.2,0,2,0,0,130
2005,6,26,24,3,251,0,153.3,0,2,1,0,0
2005,6,26,24,3,251,130,2.2,0,2,0,0,130
2005,6,26,1,4,251,0,341.2,0,2,1,0,0
2005,6,26,1,4,251,130,5,0,2,0,0,130
2005,6,26,2,4,251,0,341.2,0,2,1,0,0
2005,6,26,2,4,251,130,5,0,2,0,0,130
2005,6,26,3,4,251,0,341.2,0,2,1,0,0
2005,6,26,3,4,251,130,5,0,2,0,0,130
2005,6,26,4,4,251,0,341.2,0,2,1,0,0
2005,6,26,4,4,251,130,5,0,2,0,0,130
2005,6,26,5,4,251,0,341.2,0,2,1,0,0
2005,6,26,5,4,251,130,5,0,2,0,0,130
2005,6,26,6,4,251,0,341.2,0,2,1,0,0
2005,6,26,6,4,251,130,5,0,2,0,0,130
2005,6,26,7,4,251,0,341.2,0,2,1,0,0
2005,6,26,7,4,251,130,5,0,2,0,0,130
2005,6,26,8,4,251,0,341.2,0,2,1,0,0
2005,6,26,8,4,251,130,5,0,2,0,0,130
2005,6,26,9,4,251,0,341.2,0,2,1,0,0
2005,6,26,9,4,251,130,5,0,2,0,0,130
2005,6,26,10,4,251,0,341.2,0,2,1,0,0
2005,6,26,10,4,251,130,5,0,2,0,0,130
2005,6,26,11,4,251,0,341.2,0,2,1,0,0
2005,6,26,11,4,251,130,5,0,2,0,0,130
2005,6,26,12,4,251,0,341.2,0,2,1,0,0
2005,6,26,12,4,251,130,5,0,2,0,0,130
2005,6,26,13,4,251,0,341.2,0,2,1,0,0
2005,6,26,13,4,251,130,5,0,2,0,0,130
2005,6,26,14,4,251,0,341.2,0,2,1,0,0
2005,6,26,14,4,251,130,5,0,2,0,0,130
2005,6,26,15,4,251,0,341.2,0,2,1,0,0
2005,6,26,15,4,251,130,5,0,2,0,0,130
2005,6,26,16,4,251,0,341.2,0,2,1,0,0
2005,6,26,16,4,251,130,5,0,2,0,0,130
2005,6,26,17,4,251,0,341.2,0,2,1,0,0
2005,6,26,17,4,251,130,5,0,2,0,0,130
2005,6,26,18,4,251,0,341.2,0,2,1,0,0
2005,6,26,18,4,251,130,5,0,2,0,0,130
2005,6,26,19,4,251,0,341.2,0,2,1,0,0
2005,6,26,19,4,251,130,5,0,2,0,0,130
2005,6,26,20,4,251,0,341.2,0,2,1,0,0
2005,6,26,20,4,251,130,5,0,2,0,0,130
2005,6,26,21,4,251,0,341.2,0,2,1,0,0
2005,6,26,21,4,251,130,5,0,2,0,0,130
2005,6,26,22,4,251,0,341.2,0,2,1,0,0
2005,6,26,22,4,251,130,5,0,2,0,0,130
2005,6,26,23,4,251,0,341.2,0,2,1,0,0
2005,6,26,23,4,251,130,5,0,2,0,0,130
2005,6,26,24,4,251,0,341.2,0,2,1,0,0
2005,6,26,24,4,251,130,5,0,2,0,0,130
2005,6,26,1,5,252,10,52,0,1,0,0,10
2005,6,26,1,5,252,38,52,0,1,0,0,38
2005,6,26,1,5,252,42.5,52,0,1,0,0,42.5
2005,6,26,1,5,252,46,52,0,1,1,0,46
2005,6,26,2,5,252,10,52,0,1,0,0,10
2005,6,26,2,5,252,38,52,0,1,0,0,38
2005,6,26,2,5,252,42.5,52,0,1,1,0,42.5
2005,6,26,2,5,252,46,52,0,1,1,0,46
2005,6,26,3,5,252,10,52,0,1,0,0,10
2005,6,26,3,5,252,38,52,0,1,0,0,38
2005,6,26,3,5,252,42.5,52,0,1,1,0,42.5
2005,6,26,3,5,252,46,52,0,1,1,0,46
2005,6,26,4,5,252,10,52,0,1,0,0,10
2005,6,26,4,5,252,38,52,0,1,1,0,38
2005,6,26,4,5,252,42.5,52,0,1,1,0,42.5
2005,6,26,4,5,252,46,52,0,1,1,0,46
2005,6,26,5,5,252,10,52,0,1,0,0,10
2005,6,26,5,5,252,38,52,0,1,1,0,38
2005,6,26,5,5,252,42.5,52,0,1,1,0,42.5
2005,6,26,5,5,252,46,52,0,1,1,0,46
2005,6,26,6,5,252,10,52,0,1,0,0,10
2005,6,26,6,5,252,38,52,0,1,1,0,38
2005,6,26,6,5,252,42.5,52,0,1,1,0,42.5
2005,6,26,6,5,252,46,52,0,1,1,0,46
2005,6,26,7,5,252,10,52,0,1,0,0,10
2005,6,26,7,5,252,38,52,0,1,1,0,38
2005,6,26,7,5,252,42.5,52,0,1,1,0,42.5
2005,6,26,7,5,252,46,52,0,1,1,0,46
2005,6,26,8,5,252,10,52,0,1,0,0,10
2005,6,26,8,5,252,38,52,0,1,1,0,38
2005,6,26,8,5,252,42.5,52,0,1,1,0,42.5
2005,6,26,8,5,252,46,52,0,1,1,0,46
2005,6,26,9,5,252,10,52,0,1,0,0,10
2005,6,26,9,5,252,38,52,0,1,1,0,38
2005,6,26,9,5,252,42.5,52,0,1,1,0,42.5
2005,6,26,9,5,252,46,52,0,1,1,0,46
2005,6,26,10,5,252,10,52,0,1,0,0,10
2005,6,26,10,5,252,38,52,0,1,1,0,38
2005,6,26,10,5,252,42.5,52,0,1,1,0,42.5
2005,6,26,10,5,252,46,52,0,1,1,0,46
2005,6,26,11,5,252,30,52,0,1,0,0,30
2005,6,26,11,5,252,38,52,0,1,1,0,38
2005,6,26,11,5,252,42.5,52,0,1,1,0,42.5
2005,6,26,11,5,252,46,52,0,1,1,0,46
2005,6,26,12,5,252,30,52,0,1,0,0,30
2005,6,26,12,5,252,38,52,0,1,0,0,38
2005,6,26,12,5,252,42.5,52,0,1,1,0,42.5
2005,6,26,12,5,252,46,52,0,1,1,0,46
2005,6,26,13,5,252,30,52,0,1,0,0,30
2005,6,26,13,5,252,38,52,0,1,0,0,38
2005,6,26,13,5,252,42.5,52,0,1,0,0,42.5
2005,6,26,13,5,252,46,52,0,1,1,0,46
2005,6,26,14,5,252,30,52,0,1,0,0,30
2005,6,26,14,5,252,38,52,0,1,0,0,38
2005,6,26,14,5,252,42.5,52,0,1,0,0,42.5
2005,6,26,14,5,252,46,1.4,0,1,1,0,46
2005,6,26,15,5,252,30,52,0,1,0,0,30
2005,6,26,15,5,252,38,52,0,1,0,0,38
2005,6,26,15,5,252,42.5,52,0,1,0,0,42.5
2005,6,26,15,5,252,46,52,0,1,0,0,46
2005,6,26,16,5,252,30,52,0,1,0,0,30
2005,6,26,16,5,252,38,52,0,1,0,0,38
2005,6,26,16,5,252,42.5,35,0,1,1,0,42.5
2005,6,26,16,5,252,46,52,0,1,1,0,46
2005,6,26,17,5,252,30,52,0,1,0,0,30
2005,6,26,17,5,252,38,52,0,1,0,0,38
2005,6,26,17,5,252,42.5,52,0,1,1,0,42.5
2005,6,26,17,5,252,46,52,0,1,1,0,46
2005,6,26,18,5,252,30,52,0,1,0,0,30
2005,6,26,18,5,252,38,52,0,1,0,0,38
2005,6,26,18,5,252,42.5,52,0,1,1,0,42.5
2005,6,26,18,5,252,46,52,0,1,1,0,46
2005,6,26,19,5,252,30,52,0,1,0,0,30
2005,6,26,19,5,252,38,52,0,1,0,0,38
2005,6,26,19,5,252,42.5,52,0,1,1,0,42.5
2005,6,26,19,5,252,46,52,0,1,1,0,46
2005,6,26,20,5,252,30,52,0,1,0,0,30
2005,6,26,20,5,252,38,52,0,1,0,0,38
2005,6,26,20,5,252,42.5,52,0,1,1,0,42.5
2005,6,26,20,5,252,46,52,0,1,1,0,46
2005,6,26,21,5,252,30,52,0,1,0,0,30
2005,6,26,21,5,252,38,52,0,1,0,0,38
2005,6,26,21,5,252,42.5,52,0,1,1,0,42.5
2005,6,26,21,5,252,46,52,0,1,1,0,46
2005,6,26,22,5,252,30,52,0,1,0,0,30
2005,6,26,22,5,252,38,52,0,1,0,0,38
2005,6,26,22,5,252,42.5,52,0,1,0,0,42.5
2005,6,26,22,5,252,46,52,0,1,1,0,46
2005,6,26,23,5,252,30,52,0,1,0,0,30
2005,6,26,23,5,252,38,52,0,1,0,0,38
2005,6,26,23,5,252,42.5,52,0,1,0,0,42.5
2005,6,26,23,5,252,46,52,0,1,0,0,46
2005,6,26,24,5,252,30,52,0,1,0,0,30
2005,6,26,24,5,252,38,52,0,1,0,0,38
2005,6,26,24,5,252,42.5,52,0,1,0,0,42.5
2005,6,26,24,5,252,46,52,0,1,0,0,46
2005,6,26,1,5,253,70,45,0,2,0,0,70
2005,6,26,1,5,253,80,45,0,2,0,0,80
2005,6,26,1,5,253,90,45,0,2,0,0,90
2005,6,26,1,5,253,150,45,0,2,0,0,150
2005,6,26,2,5,253,70,45,0,2,0,0,70
2005,6,26,2,5,253,80,45,0,2,0,0,80
2005,6,26,2,5,253,90,45,0,2,0,0,90
2005,6,26,2,5,253,150,45,0,2,0,0,150
2005,6,26,3,5,253,70,45,0,2,0,0,70
2005,6,26,3,5,253,80,45,0,2,0,0,80
2005,6,26,3,5,253,90,45,0,2,0,0,90
2005,6,26,3,5,253,150,45,0,2,0,0,150
2005,6,26,4,5,253,70,45,0,2,0,0,70
2005,6,26,4,5,253,80,45,0,2,0,0,80
2005,6,26,4,5,253,90,45,0,2,0,0,90
2005,6,26,4,5,253,150,45,0,2,0,0,150
2005,6,26,5,5,253,70,45,0,2,0,0,70
2005,6,26,5,5,253,80,45,0,2,0,0,80
2005,6,26,5,5,253,90,45,0,2,0,0,90
2005,6,26,5,5,253,150,45,0,2,0,0,150
2005,6,26,6,5,253,70,45,0,2,0,0,70
2005,6,26,6,5,253,80,45,0,2,0,0,80
2005,6,26,6,5,253,90,45,0,2,0,0,90
2005,6,26,6,5,253,150,45,0,2,0,0,150
2005,6,26,7,5,253,70,45,0,2,0,0,70
2005,6,26,7,5,253,80,45,0,2,0,0,80
2005,6,26,7,5,253,90,45,0,2,0,0,90
2005,6,26,7,5,253,150,45,0,2,0,0,150
2005,6,26,8,5,253,70,45,0,2,0,0,70
2005,6,26,8,5,253,80,45,0,2,0,0,80
2005,6,26,8,5,253,90,45,0,2,0,0,90
2005,6,26,8,5,253,150,45,0,2,0,0,150
2005,6,26,9,5,253,70,45,0,2,0,0,70
2005,6,26,9,5,253,80,45,0,2,0,0,80
2005,6,26,9,5,253,90,45,0,2,0,0,90
2005,6,26,9,5,253,150,45,0,2,0,0,150
2005,6,26,10,5,253,70,45,0,2,0,0,70
2005,6,26,10,5,253,80,45,0,2,0,0,80
2005,6,26,10,5,253,90,45,0,2,0,0,90
2005,6,26,10,5,253,150,45,0,2,0,0,150
2005,6,26,11,5,253,70,45,0,2,0,0,70
2005,6,26,11,5,253,80,45,0,2,0,0,80
2005,6,26,11,5,253,90,45,0,2,0,0,90
2005,6,26,11,5,253,150,45,0,2,0,0,150
2005,6,26,12,5,253,70,45,0,2,0,0,70
2005,6,26,12,5,253,80,45,0,2,0,0,80
2005,6,26,12,5,253,90,45,0,2,0,0,90
2005,6,26,12,5,253,150,45,0,2,0,0,150
2005,6,26,13,5,253,70,45,0,2,0,0,70
2005,6,26,13,5,253,80,45,0,2,0,0,80
2005,6,26,13,5,253,90,45,0,2,0,0,90
2005,6,26,13,5,253,150,45,0,2,0,0,150
2005,6,26,14,5,253,70,45,0,2,0,0,70
2005,6,26,14,5,253,80,45,0,2,0,0,80
2005,6,26,14,5,253,90,45,0,2,0,0,90
2005,6,26,14,5,253,150,45,0,2,0,0,150
2005,6,26,15,5,253,70,45,0,2,0,0,70
2005,6,26,15,5,253,80,45,0,2,0,0,80
2005,6,26,15,5,253,90,45,0,2,0,0,90
2005,6,26,15,5,253,150,45,0,2,0,0,150
2005,6,26,16,5,253,70,45,0,2,0,0,70
2005,6,26,16,5,253,80,45,0,2,0,0,80
2005,6,26,16,5,253,90,45,0,2,0,0,90
2005,6,26,16,5,253,150,45,0,2,0,0,150
2005,6,26,17,5,253,70,45,0,2,0,0,70
2005,6,26,17,5,253,80,45,0,2,0,0,80
2005,6,26,17,5,253,90,45,0,2,0,0,90
2005,6,26,17,5,253,150,45,0,2,0,0,150
2005,6,26,18,5,253,70,45,0,2,0,0,70
2005,6,26,18,5,253,80,45,0,2,0,0,80
2005,6,26,18,5,253,90,45,0,2,0,0,90
2005,6,26,18,5,253,150,45,0,2,0,0,150
2005,6,26,19,5,253,70,45,0,2,0,0,70
2005,6,26,19,5,253,80,45,0,2,0,0,80
2005,6,26,19,5,253,90,45,0,2,0,0,90
2005,6,26,19,5,253,150,45,0,2,0,0,150
2005,6,26,20,5,253,70,45,0,2,0,0,70
2005,6,26,20,5,253,80,45,0,2,0,0,80
2005,6,26,20,5,253,90,45,0,2,0,0,90
2005,6,26,20,5,253,150,45,0,2,0,0,150
2005,6,26,21,5,253,70,45,0,2,0,0,70
2005,6,26,21,5,253,80,45,0,2,0,0,80
2005,6,26,21,5,253,90,45,0,2,0,0,90
2005,6,26,21,5,253,150,45,0,2,0,0,150
2005,6,26,22,5,253,70,45,0,2,0,0,70
2005,6,26,22,5,253,80,45,0,2,0,0,80
2005,6,26,22,5,253,90,45,0,2,0,0,90
2005,6,26,22,5,253,150,45,0,2,0,0,150
2005,6,26,23,5,253,70,45,0,2,0,0,70
2005,6,26,23,5,253,80,45,0,2,0,0,80
2005,6,26,23,5,253,90,45,0,2,0,0,90
2005,6,26,23,5,253,150,45,0,2,0,0,150
2005,6,26,24,5,253,70,45,0,2,0,0,70
2005,6,26,24,5,253,80,45,0,2,0,0,80
2005,6,26,24,5,253,90,45,0,2,0,0,90
2005,6,26,24,5,253,150,45,0,2,0,0,150
2005,6,26,1,5,254,.01,1,0,1,0,0,.01
2005,6,26,1,9,255,180.3,2571,0,1,1,0,180.3
2005,6,26,2,9,255,180.3,2313,0,1,1,0,180.3
2005,6,26,3,9,255,180.3,2143,0,1,1,0,180.3
2005,6,26,4,9,255,180.3,2045,0,1,1,0,180.3
2005,6,26,5,9,255,180.3,1989,0,1,1,0,180.3
2005,6,26,6,9,255,180.3,1946,0,1,1,0,180.3
2005,6,26,7,9,255,180.3,1865,0,1,1,0,180.3
2005,6,26,8,9,255,180.3,1737,0,1,1,0,180.3
2005,6,26,9,9,255,180.3,1791,0,1,1,0,180.3
2005,6,26,10,9,255,180.3,1848,0,1,1,0,180.3
2005,6,26,11,9,255,180.3,1993,0,1,1,0,180.3
2005,6,26,12,9,255,180.3,2147,0,1,1,0,180.3
2005,6,26,13,9,255,180.3,2238,0,1,1,0,180.3
2005,6,26,14,9,255,180.3,2371,0,1,1,0,180.3
2005,6,26,15,9,255,180.3,2392,0,1,1,0,180.3
2005,6,26,16,9,255,180.3,2291,0,1,1,0,180.3
2005,6,26,17,9,255,180.3,2145,0,1,1,0,180.3
2005,6,26,18,9,255,180.3,2089,0,1,1,0,180.3
2005,6,26,19,9,255,180.3,2098,0,1,1,0,180.3
2005,6,26,20,9,255,180.3,2139,0,1,1,0,180.3
2005,6,26,21,9,255,180.3,2257,0,1,1,0,180.3
2005,6,26,22,9,255,180.3,2426,0,1,1,0,180.3
2005,6,26,23,9,255,180.3,2725,0,1,1,0,180.3
2005,6,26,24,9,255,180.3,2672,0,1,1,0,180.3
2005,6,26,1,5,256,0,44,0,2,1,0,0
2005,6,26,1,5,256,125.01,10,0,2,0,0,125.01
2005,6,26,1,5,256,127.51,20,0,2,0,0,127.51
2005,6,26,1,5,256,132.51,13,0,2,0,0,132.51
2005,6,26,1,5,256,137.51,17,0,2,0,0,137.51
2005,6,26,1,5,256,140.01,10,0,2,0,0,140.01
2005,6,26,1,5,256,145.01,15,0,2,0,0,145.01
2005,6,26,1,5,256,150.01,20,0,2,0,0,150.01
2005,6,26,1,5,256,160.01,16,0,2,0,0,160.01
2005,6,26,1,5,256,180.3,10,0,2,0,0,180.3
2005,6,26,2,5,256,0,44,0,2,1,0,0
2005,6,26,2,5,256,125.01,10,0,2,0,0,125.01
2005,6,26,2,5,256,127.51,20,0,2,0,0,127.51
2005,6,26,2,5,256,132.51,13,0,2,0,0,132.51
2005,6,26,2,5,256,137.51,17,0,2,0,0,137.51
2005,6,26,2,5,256,140.01,10,0,2,0,0,140.01
2005,6,26,2,5,256,145.01,15,0,2,0,0,145.01
2005,6,26,2,5,256,150.01,20,0,2,0,0,150.01
2005,6,26,2,5,256,160.01,16,0,2,0,0,160.01
2005,6,26,2,5,256,180.3,10,0,2,0,0,180.3
2005,6,26,3,5,256,0,44,0,2,1,0,0
2005,6,26,3,5,256,125.01,10,0,2,0,0,125.01
2005,6,26,3,5,256,127.51,20,0,2,0,0,127.51
2005,6,26,3,5,256,137.51,17,0,2,0,0,137.51
2005,6,26,3,5,256,140.01,10,0,2,0,0,140.01
2005,6,26,3,5,256,145.01,15,0,2,0,0,145.01
2005,6,26,3,5,256,150.01,20,0,2,0,0,150.01
2005,6,26,3,5,256,160.01,16,0,2,0,0,160.01
2005,6,26,3,5,256,180.3,10,0,2,0,0,180.3
2005,6,26,4,5,256,0,44,0,2,1,0,0
2005,6,26,4,5,256,125.01,10,0,2,0,0,125.01
2005,6,26,4,5,256,127.51,20,0,2,0,0,127.51
2005,6,26,4,5,256,137.51,17,0,2,0,0,137.51
2005,6,26,4,5,256,140.01,10,0,2,0,0,140.01
2005,6,26,4,5,256,145.01,15,0,2,0,0,145.01
2005,6,26,4,5,256,150.01,20,0,2,0,0,150.01
2005,6,26,4,5,256,160.01,16,0,2,0,0,160.01
2005,6,26,4,5,256,180.3,10,0,2,0,0,180.3
2005,6,26,5,5,256,0,44,0,2,1,0,0
2005,6,26,5,5,256,125.01,10,0,2,0,0,125.01
2005,6,26,5,5,256,127.51,20,0,2,0,0,127.51
2005,6,26,5,5,256,137.51,17,0,2,0,0,137.51
2005,6,26,5,5,256,140.01,10,0,2,0,0,140.01
2005,6,26,5,5,256,145.01,15,0,2,0,0,145.01
2005,6,26,5,5,256,150.01,20,0,2,0,0,150.01
2005,6,26,5,5,256,160.01,16,0,2,0,0,160.01
2005,6,26,5,5,256,180.3,10,0,2,0,0,180.3
2005,6,26,6,5,256,0,44,0,2,1,0,0
2005,6,26,6,5,256,125.01,10,0,2,0,0,125.01
2005,6,26,6,5,256,127.51,20,0,2,0,0,127.51
2005,6,26,6,5,256,137.51,17,0,2,0,0,137.51
2005,6,26,6,5,256,140.01,10,0,2,0,0,140.01
2005,6,26,6,5,256,145.01,15,0,2,0,0,145.01
2005,6,26,6,5,256,150.01,20,0,2,0,0,150.01
2005,6,26,6,5,256,160.01,16,0,2,0,0,160.01
2005,6,26,6,5,256,180.3,10,0,2,0,0,180.3
2005,6,26,7,5,256,0,44,0,2,1,0,0
2005,6,26,7,5,256,125.01,10,0,2,0,0,125.01
2005,6,26,7,5,256,127.51,20,0,2,0,0,127.51
2005,6,26,7,5,256,137.51,17,0,2,0,0,137.51
2005,6,26,7,5,256,140.01,10,0,2,0,0,140.01
2005,6,26,7,5,256,145.01,15,0,2,0,0,145.01
2005,6,26,7,5,256,150.01,20,0,2,0,0,150.01
2005,6,26,7,5,256,160.01,16,0,2,0,0,160.01
2005,6,26,7,5,256,180.3,10,0,2,0,0,180.3
2005,6,26,8,5,256,0,44,0,2,1,0,0
2005,6,26,8,5,256,125.01,10,0,2,0,0,125.01
2005,6,26,8,5,256,127.51,20,0,2,0,0,127.51
2005,6,26,8,5,256,137.51,17,0,2,0,0,137.51
2005,6,26,8,5,256,140.01,10,0,2,0,0,140.01
2005,6,26,8,5,256,145.01,15,0,2,0,0,145.01
2005,6,26,8,5,256,150.01,20,0,2,0,0,150.01
2005,6,26,8,5,256,160.01,16,0,2,0,0,160.01
2005,6,26,8,5,256,180.3,10,0,2,0,0,180.3
2005,6,26,9,5,256,0,44,0,2,1,0,0
2005,6,26,9,5,256,125.01,10,0,2,0,0,125.01
2005,6,26,9,5,256,127.51,20,0,2,0,0,127.51
2005,6,26,9,5,256,137.51,17,0,2,0,0,137.51
2005,6,26,9,5,256,140.01,10,0,2,0,0,140.01
2005,6,26,9,5,256,145.01,15,0,2,0,0,145.01
2005,6,26,9,5,256,150.01,20,0,2,0,0,150.01
2005,6,26,9,5,256,160.01,16,0,2,0,0,160.01
2005,6,26,9,5,256,180.3,10,0,2,0,0,180.3
2005,6,26,10,5,256,0,44,0,2,1,0,0
2005,6,26,10,5,256,125.01,10,0,2,0,0,125.01
2005,6,26,10,5,256,127.51,20,0,2,0,0,127.51
2005,6,26,10,5,256,137.51,17,0,2,0,0,137.51
2005,6,26,10,5,256,140.01,10,0,2,0,0,140.01
2005,6,26,10,5,256,145.01,15,0,2,0,0,145.01
2005,6,26,10,5,256,150.01,20,0,2,0,0,150.01
2005,6,26,10,5,256,160.01,16,0,2,0,0,160.01
2005,6,26,10,5,256,180.3,10,0,2,0,0,180.3
2005,6,26,11,5,256,0,44,0,2,1,0,0
2005,6,26,11,5,256,125.01,10,0,2,0,0,125.01
2005,6,26,11,5,256,127.51,20,0,2,0,0,127.51
2005,6,26,11,5,256,132.51,13,0,2,0,0,132.51
2005,6,26,11,5,256,137.51,17,0,2,0,0,137.51
2005,6,26,11,5,256,140.01,10,0,2,0,0,140.01
2005,6,26,11,5,256,145.01,15,0,2,0,0,145.01
2005,6,26,11,5,256,150.01,20,0,2,0,0,150.01
2005,6,26,11,5,256,160.01,16,0,2,0,0,160.01
2005,6,26,11,5,256,180.3,10,0,2,0,0,180.3
2005,6,26,12,5,256,0,44,0,2,1,0,0
2005,6,26,12,5,256,125.01,10,0,2,0,0,125.01
2005,6,26,12,5,256,127.51,20,0,2,0,0,127.51
2005,6,26,12,5,256,132.51,13,0,2,0,0,132.51
2005,6,26,12,5,256,137.51,17,0,2,0,0,137.51
2005,6,26,12,5,256,140.01,10,0,2,0,0,140.01
2005,6,26,12,5,256,145.01,15,0,2,0,0,145.01
2005,6,26,12,5,256,150.01,20,0,2,0,0,150.01
2005,6,26,12,5,256,160.01,16,0,2,0,0,160.01
2005,6,26,12,5,256,180.3,10,0,2,0,0,180.3
2005,6,26,13,5,256,0,44,0,2,1,0,0
2005,6,26,13,5,256,117.51,9,0,2,0,0,117.51
2005,6,26,13,5,256,125.01,10,0,2,0,0,125.01
2005,6,26,13,5,256,127.51,20,0,2,0,0,127.51
2005,6,26,13,5,256,132.51,17,0,2,0,0,132.51
2005,6,26,13,5,256,137.51,17,0,2,0,0,137.51
2005,6,26,13,5,256,140.01,10,0,2,0,0,140.01
2005,6,26,13,5,256,145.01,15,0,2,0,0,145.01
2005,6,26,13,5,256,150.01,20,0,2,0,0,150.01
2005,6,26,13,5,256,160.01,16,0,2,0,0,160.01
2005,6,26,13,5,256,180.3,10,0,2,0,0,180.3
2005,6,26,14,5,256,0,44,0,2,1,0,0
2005,6,26,14,5,256,117.51,9,0,2,0,0,117.51
2005,6,26,14,5,256,125.01,10,0,2,0,0,125.01
2005,6,26,14,5,256,127.51,20,0,2,0,0,127.51
2005,6,26,14,5,256,132.51,17,0,2,0,0,132.51
2005,6,26,14,5,256,137.51,17,0,2,0,0,137.51
2005,6,26,14,5,256,140.01,10,0,2,0,0,140.01
2005,6,26,14,5,256,145.01,15,0,2,0,0,145.01
2005,6,26,14,5,256,150.01,20,0,2,0,0,150.01
2005,6,26,14,5,256,160.01,16,0,2,0,0,160.01
2005,6,26,14,5,256,180.3,10,0,2,0,0,180.3
2005,6,26,15,5,256,0,44,0,2,1,0,0
2005,6,26,15,5,256,117.51,9,0,2,0,0,117.51
2005,6,26,15,5,256,125.01,10,0,2,0,0,125.01
2005,6,26,15,5,256,127.51,20,0,2,0,0,127.51
2005,6,26,15,5,256,132.51,17,0,2,0,0,132.51
2005,6,26,15,5,256,137.51,17,0,2,0,0,137.51
2005,6,26,15,5,256,140.01,10,0,2,0,0,140.01
2005,6,26,15,5,256,145.01,15,0,2,0,0,145.01
2005,6,26,15,5,256,150.01,20,0,2,0,0,150.01
2005,6,26,15,5,256,160.01,16,0,2,0,0,160.01
2005,6,26,15,5,256,180.3,10,0,2,0,0,180.3
2005,6,26,16,5,256,0,44,0,2,1,0,0
2005,6,26,16,5,256,125.01,10,0,2,0,0,125.01
2005,6,26,16,5,256,127.51,20,0,2,0,0,127.51
2005,6,26,16,5,256,132.51,13,0,2,0,0,132.51
2005,6,26,16,5,256,137.51,17,0,2,0,0,137.51
2005,6,26,16,5,256,140.01,10,0,2,0,0,140.01
2005,6,26,16,5,256,145.01,15,0,2,0,0,145.01
2005,6,26,16,5,256,150.01,20,0,2,0,0,150.01
2005,6,26,16,5,256,160.01,16,0,2,0,0,160.01
2005,6,26,16,5,256,180.3,10,0,2,0,0,180.3
2005,6,26,17,5,256,0,44,0,2,1,0,0
2005,6,26,17,5,256,125.01,10,0,2,0,0,125.01
2005,6,26,17,5,256,127.51,20,0,2,0,0,127.51
2005,6,26,17,5,256,132.51,13,0,2,0,0,132.51
2005,6,26,17,5,256,137.51,17,0,2,0,0,137.51
2005,6,26,17,5,256,140.01,10,0,2,0,0,140.01
2005,6,26,17,5,256,145.01,15,0,2,0,0,145.01
2005,6,26,17,5,256,150.01,20,0,2,0,0,150.01
2005,6,26,17,5,256,160.01,16,0,2,0,0,160.01
2005,6,26,17,5,256,180.3,10,0,2,0,0,180.3
2005,6,26,18,5,256,0,44,0,2,1,0,0
2005,6,26,18,5,256,125.01,10,0,2,0,0,125.01
2005,6,26,18,5,256,127.51,20,0,2,0,0,127.51
2005,6,26,18,5,256,132.51,13,0,2,0,0,132.51
2005,6,26,18,5,256,137.51,17,0,2,0,0,137.51
2005,6,26,18,5,256,140.01,10,0,2,0,0,140.01
2005,6,26,18,5,256,145.01,15,0,2,0,0,145.01
2005,6,26,18,5,256,150.01,20,0,2,0,0,150.01
2005,6,26,18,5,256,160.01,16,0,2,0,0,160.01
2005,6,26,18,5,256,180.3,10,0,2,0,0,180.3
2005,6,26,19,5,256,0,44,0,2,1,0,0
2005,6,26,19,5,256,125.01,10,0,2,0,0,125.01
2005,6,26,19,5,256,127.51,20,0,2,0,0,127.51
2005,6,26,19,5,256,132.51,13,0,2,0,0,132.51
2005,6,26,19,5,256,137.51,17,0,2,0,0,137.51
2005,6,26,19,5,256,140.01,10,0,2,0,0,140.01
2005,6,26,19,5,256,145.01,15,0,2,0,0,145.01
2005,6,26,19,5,256,150.01,20,0,2,0,0,150.01
2005,6,26,19,5,256,160.01,16,0,2,0,0,160.01
2005,6,26,19,5,256,180.3,10,0,2,0,0,180.3
2005,6,26,20,5,256,0,44,0,2,1,0,0
2005,6,26,20,5,256,125.01,10,0,2,0,0,125.01
2005,6,26,20,5,256,127.51,20,0,2,0,0,127.51
2005,6,26,20,5,256,132.51,13,0,2,0,0,132.51
2005,6,26,20,5,256,137.51,17,0,2,0,0,137.51
2005,6,26,20,5,256,140.01,10,0,2,0,0,140.01
2005,6,26,20,5,256,145.01,15,0,2,0,0,145.01
2005,6,26,20,5,256,150.01,20,0,2,0,0,150.01
2005,6,26,20,5,256,160.01,16,0,2,0,0,160.01
2005,6,26,20,5,256,180.3,10,0,2,0,0,180.3
2005,6,26,21,5,256,0,44,0,2,1,0,0
2005,6,26,21,5,256,125.01,10,0,2,0,0,125.01
2005,6,26,21,5,256,127.51,20,0,2,0,0,127.51
2005,6,26,21,5,256,132.51,13,0,2,0,0,132.51
2005,6,26,21,5,256,137.51,17,0,2,0,0,137.51
2005,6,26,21,5,256,140.01,10,0,2,0,0,140.01
2005,6,26,21,5,256,145.01,15,0,2,0,0,145.01
2005,6,26,21,5,256,150.01,20,0,2,0,0,150.01
2005,6,26,21,5,256,160.01,16,0,2,0,0,160.01
2005,6,26,21,5,256,180.3,10,0,2,0,0,180.3
2005,6,26,22,5,256,0,44,0,2,1,0,0
2005,6,26,22,5,256,117.51,9,0,2,0,0,117.51
2005,6,26,22,5,256,125.01,10,0,2,0,0,125.01
2005,6,26,22,5,256,127.51,20,0,2,0,0,127.51
2005,6,26,22,5,256,132.51,17,0,2,0,0,132.51
2005,6,26,22,5,256,137.51,17,0,2,0,0,137.51
2005,6,26,22,5,256,140.01,10,0,2,0,0,140.01
2005,6,26,22,5,256,145.01,15,0,2,0,0,145.01
2005,6,26,22,5,256,150.01,20,0,2,0,0,150.01
2005,6,26,22,5,256,160.01,16,0,2,0,0,160.01
2005,6,26,22,5,256,180.3,10,0,2,0,0,180.3
2005,6,26,23,5,256,0,44,0,2,1,0,0
2005,6,26,23,5,256,117.51,9,0,2,0,0,117.51
2005,6,26,23,5,256,125.01,10,0,2,0,0,125.01
2005,6,26,23,5,256,127.51,20,0,2,0,0,127.51
2005,6,26,23,5,256,132.51,17,0,2,0,0,132.51
2005,6,26,23,5,256,137.51,17,0,2,0,0,137.51
2005,6,26,23,5,256,140.01,10,0,2,0,0,140.01
2005,6,26,23,5,256,145.01,15,0,2,0,0,145.01
2005,6,26,23,5,256,150.01,20,0,2,0,0,150.01
2005,6,26,23,5,256,160.01,16,0,2,0,0,160.01
2005,6,26,23,5,256,180.3,10,0,2,0,0,180.3
2005,6,26,24,5,256,0,44,0,2,1,0,0
2005,6,26,24,5,256,117.51,9,0,2,0,0,117.51
2005,6,26,24,5,256,125.01,10,0,2,0,0,125.01
2005,6,26,24,5,256,127.51,20,0,2,0,0,127.51
2005,6,26,24,5,256,132.51,17,0,2,0,0,132.51
2005,6,26,24,5,256,137.51,17,0,2,0,0,137.51
2005,6,26,24,5,256,140.01,10,0,2,0,0,140.01
2005,6,26,24,5,256,145.01,15,0,2,0,0,145.01
2005,6,26,24,5,256,150.01,20,0,2,0,0,150.01
2005,6,26,24,5,256,160.01,16,0,2,0,0,160.01
2005,6,26,24,5,256,180.3,10,0,2,0,0,180.3
2005,6,26,1,5,257,0,60,0,2,1,0,0
2005,6,26,2,5,257,0,125,0,2,1,0,0
2005,6,26,3,5,257,0,125,0,2,1,0,0
2005,6,26,4,5,257,0,125,0,2,1,0,0
2005,6,26,5,5,257,0,118.2,0,2,1,0,0
2005,6,26,6,5,257,0,118,0,2,1,0,0
2005,6,26,7,5,257,0,116.8,0,2,1,0,0
2005,6,26,8,5,257,0,116.1,0,2,1,0,0
2005,6,26,9,5,257,0,115.8,0,2,1,0,0
2005,6,26,10,5,257,0,103.3,0,2,1,0,0
2005,6,26,11,5,257,0,106.2,0,2,1,0,0
2005,6,26,12,5,257,0,106.1,0,2,1,0,0
2005,6,26,13,5,257,0,106.1,0,2,1,0,0
2005,6,26,14,5,257,0,104.2,0,2,1,0,0
2005,6,26,15,5,257,0,103.5,0,2,1,0,0
2005,6,26,16,5,257,0,103.6,0,2,1,0,0
2005,6,26,17,5,257,0,105.3,0,2,1,0,0
2005,6,26,18,5,257,0,105.1,0,2,1,0,0
2005,6,26,19,5,257,0,51.9,0,2,1,0,0
2005,6,26,20,5,257,0,51.9,0,2,1,0,0
2005,6,26,21,5,257,0,47.6,0,2,1,0,0
2005,6,26,22,5,257,0,47.7,0,2,1,0,0
2005,6,26,23,5,257,0,47.8,0,2,1,0,0
2005,6,26,24,5,257,0,48,0,2,1,0,0
2005,6,26,1,4,258,1,50,0,1,0,0,1
2005,6,26,1,4,258,45,50,0,1,1,0,45
2005,6,26,1,4,258,46,50,0,1,1,0,46
2005,6,26,1,4,258,47,50,0,1,1,0,47
2005,6,26,1,4,258,48,50,0,1,1,0,48
2005,6,26,1,4,258,180.3,683.5,0,1,1,0,180.3
2005,6,26,2,4,258,1,50,0,1,0,0,1
2005,6,26,2,4,258,45,50,0,1,1,0,45
2005,6,26,2,4,258,46,50,0,1,1,0,46
2005,6,26,2,4,258,47,50,0,1,1,0,47
2005,6,26,2,4,258,48,50,0,1,1,0,48
2005,6,26,2,4,258,180.3,648.5,0,1,1,0,180.3
2005,6,26,3,4,258,1,50,0,1,0,0,1
2005,6,26,3,4,258,45,50,0,1,1,0,45
2005,6,26,3,4,258,46,50,0,1,1,0,46
2005,6,26,3,4,258,47,50,0,1,1,0,47
2005,6,26,3,4,258,48,50,0,1,1,0,48
2005,6,26,3,4,258,180.3,616.2,0,1,1,0,180.3
2005,6,26,4,4,258,1,50,0,1,0,0,1
2005,6,26,4,4,258,45,50,0,1,1,0,45
2005,6,26,4,4,258,46,50,0,1,1,0,46
2005,6,26,4,4,258,47,50,0,1,1,0,47
2005,6,26,4,4,258,48,50,0,1,1,0,48
2005,6,26,4,4,258,180.3,600.3,0,1,1,0,180.3
2005,6,26,5,4,258,1,50,0,1,0,0,1
2005,6,26,5,4,258,45,50,0,1,1,0,45
2005,6,26,5,4,258,46,50,0,1,1,0,46
2005,6,26,5,4,258,47,50,0,1,1,0,47
2005,6,26,5,4,258,48,50,0,1,1,0,48
2005,6,26,5,4,258,180.3,589.9,0,1,1,0,180.3
2005,6,26,6,4,258,1,50,0,1,0,0,1
2005,6,26,6,4,258,45,50,0,1,1,0,45
2005,6,26,6,4,258,46,50,0,1,1,0,46
2005,6,26,6,4,258,47,50,0,1,1,0,47
2005,6,26,6,4,258,48,50,0,1,1,0,48
2005,6,26,6,4,258,180.3,594.5,0,1,1,0,180.3
2005,6,26,7,4,258,1,50,0,1,0,0,1
2005,6,26,7,4,258,45,50,0,1,1,0,45
2005,6,26,7,4,258,46,50,0,1,1,0,46
2005,6,26,7,4,258,47,50,0,1,1,0,47
2005,6,26,7,4,258,48,50,0,1,1,0,48
2005,6,26,7,4,258,180.3,622.6,0,1,1,0,180.3
2005,6,26,8,4,258,1,50,0,1,0,0,1
2005,6,26,8,4,258,45,50,0,1,1,0,45
2005,6,26,8,4,258,46,50,0,1,1,0,46
2005,6,26,8,4,258,47,50,0,1,1,0,47
2005,6,26,8,4,258,48,50,0,1,1,0,48
2005,6,26,8,4,258,180.3,634.9,0,1,1,0,180.3
2005,6,26,9,4,258,1,50,0,1,0,0,1
2005,6,26,9,4,258,45,50,0,1,1,0,45
2005,6,26,9,4,258,46,50,0,1,1,0,46
2005,6,26,9,4,258,47,50,0,1,1,0,47
2005,6,26,9,4,258,48,50,0,1,1,0,48
2005,6,26,9,4,258,180.3,678.5,0,1,1,0,180.3
2005,6,26,10,4,258,1,50,0,1,0,0,1
2005,6,26,10,4,258,45,50,0,1,1,0,45
2005,6,26,10,4,258,46,50,0,1,1,0,46
2005,6,26,10,4,258,47,50,0,1,1,0,47
2005,6,26,10,4,258,48,50,0,1,1,0,48
2005,6,26,10,4,258,180.3,728.4,0,1,1,0,180.3
2005,6,26,11,4,258,1,50,0,1,0,0,1
2005,6,26,11,4,258,45,50,0,1,1,0,45
2005,6,26,11,4,258,46,50,0,1,1,0,46
2005,6,26,11,4,258,47,50,0,1,1,0,47
2005,6,26,11,4,258,48,50,0,1,1,0,48
2005,6,26,11,4,258,180.3,800.6,0,1,1,0,180.3
2005,6,26,12,4,258,1,50,0,1,0,0,1
2005,6,26,12,4,258,45,50,0,1,1,0,45
2005,6,26,12,4,258,46,50,0,1,1,0,46
2005,6,26,12,4,258,47,50,0,1,1,0,47
2005,6,26,12,4,258,48,50,0,1,1,0,48
2005,6,26,12,4,258,180.3,825.5,0,1,1,0,180.3
2005,6,26,13,4,258,1,50,0,1,0,0,1
2005,6,26,13,4,258,45,50,0,1,1,0,45
2005,6,26,13,4,258,46,50,0,1,1,0,46
2005,6,26,13,4,258,47,50,0,1,1,0,47
2005,6,26,13,4,258,48,50,0,1,1,0,48
2005,6,26,13,4,258,180.3,833.2,0,1,1,0,180.3
2005,6,26,14,4,258,1,50,0,1,0,0,1
2005,6,26,14,4,258,45,50,0,1,0,0,45
2005,6,26,14,4,258,46,1.3,0,1,1,0,46
2005,6,26,14,4,258,47,50,0,1,1,0,47
2005,6,26,14,4,258,48,50,0,1,1,0,48
2005,6,26,14,4,258,180.3,832.5,0,1,1,0,180.3
2005,6,26,15,4,258,1,50,0,1,0,0,1
2005,6,26,15,4,258,45,50,0,1,0,0,45
2005,6,26,15,4,258,46,50,0,1,0,0,46
2005,6,26,15,4,258,47,38.2,0,1,1,0,47
2005,6,26,15,4,258,48,50,0,1,1,0,48
2005,6,26,15,4,258,180.3,752.2,0,1,1,0,180.3
2005,6,26,16,4,258,1,50,0,1,0,0,1
2005,6,26,16,4,258,45,50,0,1,1,0,45
2005,6,26,16,4,258,46,50,0,1,1,0,46
2005,6,26,16,4,258,47,50,0,1,1,0,47
2005,6,26,16,4,258,48,50,0,1,1,0,48
2005,6,26,16,4,258,180.3,751.5,0,1,1,0,180.3
2005,6,26,17,4,258,1,50,0,1,0,0,1
2005,6,26,17,4,258,45,50,0,1,1,0,45
2005,6,26,17,4,258,46,50,0,1,1,0,46
2005,6,26,17,4,258,47,50,0,1,1,0,47
2005,6,26,17,4,258,48,50,0,1,1,0,48
2005,6,26,17,4,258,180.3,754.2,0,1,1,0,180.3
2005,6,26,18,4,258,1,50,0,1,0,0,1
2005,6,26,18,4,258,45,50,0,1,1,0,45
2005,6,26,18,4,258,46,50,0,1,1,0,46
2005,6,26,18,4,258,47,50,0,1,1,0,47
2005,6,26,18,4,258,48,50,0,1,1,0,48
2005,6,26,18,4,258,180.3,776.5,0,1,1,0,180.3
2005,6,26,19,4,258,1,50,0,1,0,0,1
2005,6,26,19,4,258,45,50,0,1,1,0,45
2005,6,26,19,4,258,46,50,0,1,1,0,46
2005,6,26,19,4,258,47,50,0,1,1,0,47
2005,6,26,19,4,258,48,50,0,1,1,0,48
2005,6,26,19,4,258,180.3,785.1,0,1,1,0,180.3
2005,6,26,20,4,258,1,50,0,1,0,0,1
2005,6,26,20,4,258,45,50,0,1,1,0,45
2005,6,26,20,4,258,46,50,0,1,1,0,46
2005,6,26,20,4,258,47,50,0,1,1,0,47
2005,6,26,20,4,258,48,50,0,1,1,0,48
2005,6,26,20,4,258,180.3,782.4,0,1,1,0,180.3
2005,6,26,21,4,258,1,50,0,1,0,0,1
2005,6,26,21,4,258,45,50,0,1,1,0,45
2005,6,26,21,4,258,46,50,0,1,1,0,46
2005,6,26,21,4,258,47,50,0,1,1,0,47
2005,6,26,21,4,258,48,50,0,1,1,0,48
2005,6,26,21,4,258,180.3,778.2,0,1,1,0,180.3
2005,6,26,22,4,258,1,50,0,1,0,0,1
2005,6,26,22,4,258,45,50,0,1,1,0,45
2005,6,26,22,4,258,46,50,0,1,1,0,46
2005,6,26,22,4,258,47,50,0,1,1,0,47
2005,6,26,22,4,258,48,50,0,1,1,0,48
2005,6,26,22,4,258,180.3,772.1,0,1,1,0,180.3
2005,6,26,23,4,258,1,50,0,1,0,0,1
2005,6,26,23,4,258,45,50,0,1,0,0,45
2005,6,26,23,4,258,46,50,0,1,0,0,46
2005,6,26,23,4,258,47,50,0,1,0,0,47
2005,6,26,23,4,258,48,50,0,1,0,0,48
2005,6,26,23,4,258,180.3,774.2,0,1,1,0,180.3
2005,6,26,24,4,258,1,50,0,1,0,0,1
2005,6,26,24,4,258,45,50,0,1,0,0,45
2005,6,26,24,4,258,46,50,0,1,0,0,46
2005,6,26,24,4,258,47,50,0,1,0,0,47
2005,6,26,24,4,258,48,50,0,1,0,0,48
2005,6,26,24,4,258,180.3,749.4,0,1,1,0,180.3
2005,6,26,1,4,259,180.3,18.3,0,1,1,0,180.3
2005,6,26,2,4,259,180.3,17.6,0,1,1,0,180.3
2005,6,26,3,4,259,180.3,17,0,1,1,0,180.3
2005,6,26,4,4,259,180.3,16.9,0,1,1,0,180.3
2005,6,26,5,4,259,180.3,16.5,0,1,1,0,180.3
2005,6,26,6,4,259,180.3,16.8,0,1,1,0,180.3
2005,6,26,7,4,259,180.3,17.4,0,1,1,0,180.3
2005,6,26,8,4,259,180.3,17.8,0,1,1,0,180.3
2005,6,26,9,4,259,180.3,17.6,0,1,1,0,180.3
2005,6,26,10,4,259,180.3,17.9,0,1,1,0,180.3
2005,6,26,11,4,259,180.3,18.9,0,1,1,0,180.3
2005,6,26,12,4,259,180.3,18.9,0,1,1,0,180.3
2005,6,26,13,4,259,180.3,19.2,0,1,1,0,180.3
2005,6,26,14,4,259,180.3,19.7,0,1,1,0,180.3
2005,6,26,15,4,259,180.3,19.8,0,1,1,0,180.3
2005,6,26,16,4,259,180.3,19.9,0,1,1,0,180.3
2005,6,26,17,4,259,180.3,19.7,0,1,1,0,180.3
2005,6,26,18,4,259,180.3,19.3,0,1,1,0,180.3
2005,6,26,19,4,259,180.3,19.1,0,1,1,0,180.3
2005,6,26,20,4,259,180.3,18.9,0,1,1,0,180.3
2005,6,26,21,4,259,180.3,18.7,0,1,1,0,180.3
2005,6,26,22,4,259,180.3,17.9,0,1,1,0,180.3
2005,6,26,23,4,259,180.3,18,0,1,1,0,180.3
2005,6,26,24,4,259,180.3,18.8,0,1,1,0,180.3
2005,6,26,1,5,260,0,12,0,2,1,0,0
2005,6,26,1,5,260,115,25,0,2,0,0,115
2005,6,26,1,5,260,135,80,0,2,0,0,135
2005,6,26,1,5,260,137.5,20,0,2,0,0,137.5
2005,6,26,1,5,260,140,75,0,2,0,0,140
2005,6,26,1,5,260,142.5,20,0,2,0,0,142.5
2005,6,26,1,5,260,145,13,0,2,0,0,145
2005,6,26,1,5,260,150,85,0,2,0,0,150
2005,6,26,1,5,260,160,128,0,2,0,0,160
2005,6,26,1,5,260,170,52,0,2,0,0,170
2005,6,26,1,5,260,180,55,0,2,0,0,180
2005,6,26,2,5,260,115,25,0,2,0,0,115
2005,6,26,2,5,260,135,80,0,2,0,0,135
2005,6,26,2,5,260,137.5,20,0,2,0,0,137.5
2005,6,26,2,5,260,140,75,0,2,0,0,140
2005,6,26,2,5,260,142.5,20,0,2,0,0,142.5
2005,6,26,2,5,260,145,13,0,2,0,0,145
2005,6,26,2,5,260,150,85,0,2,0,0,150
2005,6,26,2,5,260,160,128,0,2,0,0,160
2005,6,26,2,5,260,170,52,0,2,0,0,170
2005,6,26,2,5,260,180,55,0,2,0,0,180
2005,6,26,3,5,260,115,25,0,2,0,0,115
2005,6,26,3,5,260,135,80,0,2,0,0,135
2005,6,26,3,5,260,137.5,20,0,2,0,0,137.5
2005,6,26,3,5,260,140,75,0,2,0,0,140
2005,6,26,3,5,260,142.5,20,0,2,0,0,142.5
2005,6,26,3,5,260,145,13,0,2,0,0,145
2005,6,26,3,5,260,150,85,0,2,0,0,150
2005,6,26,3,5,260,160,128,0,2,0,0,160
2005,6,26,3,5,260,170,52,0,2,0,0,170
2005,6,26,3,5,260,180,55,0,2,0,0,180
2005,6,26,4,5,260,115,25,0,2,0,0,115
2005,6,26,4,5,260,135,80,0,2,0,0,135
2005,6,26,4,5,260,137.5,20,0,2,0,0,137.5
2005,6,26,4,5,260,140,75,0,2,0,0,140
2005,6,26,4,5,260,142.5,20,0,2,0,0,142.5
2005,6,26,4,5,260,145,13,0,2,0,0,145
2005,6,26,4,5,260,150,85,0,2,0,0,150
2005,6,26,4,5,260,160,128,0,2,0,0,160
2005,6,26,4,5,260,170,52,0,2,0,0,170
2005,6,26,4,5,260,180,55,0,2,0,0,180
2005,6,26,5,5,260,115,25,0,2,0,0,115
2005,6,26,5,5,260,135,80,0,2,0,0,135
2005,6,26,5,5,260,137.5,20,0,2,0,0,137.5
2005,6,26,5,5,260,140,75,0,2,0,0,140
2005,6,26,5,5,260,142.5,20,0,2,0,0,142.5
2005,6,26,5,5,260,145,13,0,2,0,0,145
2005,6,26,5,5,260,150,85,0,2,0,0,150
2005,6,26,5,5,260,160,128,0,2,0,0,160
2005,6,26,5,5,260,170,52,0,2,0,0,170
2005,6,26,5,5,260,180,55,0,2,0,0,180
2005,6,26,6,5,260,115,25,0,2,0,0,115
2005,6,26,6,5,260,135,80,0,2,0,0,135
2005,6,26,6,5,260,137.5,20,0,2,0,0,137.5
2005,6,26,6,5,260,140,75,0,2,0,0,140
2005,6,26,6,5,260,142.5,20,0,2,0,0,142.5
2005,6,26,6,5,260,145,13,0,2,0,0,145
2005,6,26,6,5,260,150,85,0,2,0,0,150
2005,6,26,6,5,260,160,128,0,2,0,0,160
2005,6,26,6,5,260,170,52,0,2,0,0,170
2005,6,26,6,5,260,180,55,0,2,0,0,180
2005,6,26,7,5,260,115,25,0,2,0,0,115
2005,6,26,7,5,260,135,80,0,2,0,0,135
2005,6,26,7,5,260,137.5,20,0,2,0,0,137.5
2005,6,26,7,5,260,140,75,0,2,0,0,140
2005,6,26,7,5,260,142.5,20,0,2,0,0,142.5
2005,6,26,7,5,260,145,13,0,2,0,0,145
2005,6,26,7,5,260,150,85,0,2,0,0,150
2005,6,26,7,5,260,160,128,0,2,0,0,160
2005,6,26,7,5,260,170,52,0,2,0,0,170
2005,6,26,7,5,260,180,55,0,2,0,0,180
2005,6,26,8,5,260,0,20,0,2,1,0,0
2005,6,26,8,5,260,115,25,0,2,0,0,115
2005,6,26,8,5,260,135,60,0,2,0,0,135
2005,6,26,8,5,260,137.5,20,0,2,0,0,137.5
2005,6,26,8,5,260,140,75,0,2,0,0,140
2005,6,26,8,5,260,142.5,20,0,2,0,0,142.5
2005,6,26,8,5,260,145,13,0,2,0,0,145
2005,6,26,8,5,260,150,85,0,2,0,0,150
2005,6,26,8,5,260,160,128,0,2,0,0,160
2005,6,26,8,5,260,170,52,0,2,0,0,170
2005,6,26,8,5,260,180,55,0,2,0,0,180
2005,6,26,9,5,260,0,20,0,2,1,0,0
2005,6,26,9,5,260,115,25,0,2,0,0,115
2005,6,26,9,5,260,135,60,0,2,0,0,135
2005,6,26,9,5,260,137.5,20,0,2,0,0,137.5
2005,6,26,9,5,260,140,75,0,2,0,0,140
2005,6,26,9,5,260,142.5,20,0,2,0,0,142.5
2005,6,26,9,5,260,145,13,0,2,0,0,145
2005,6,26,9,5,260,150,85,0,2,0,0,150
2005,6,26,9,5,260,160,128,0,2,0,0,160
2005,6,26,9,5,260,170,52,0,2,0,0,170
2005,6,26,9,5,260,180,55,0,2,0,0,180
2005,6,26,10,5,260,0,20,0,2,1,0,0
2005,6,26,10,5,260,115,25,0,2,0,0,115
2005,6,26,10,5,260,135,60,0,2,0,0,135
2005,6,26,10,5,260,137.5,20,0,2,0,0,137.5
2005,6,26,10,5,260,140,75,0,2,0,0,140
2005,6,26,10,5,260,142.5,20,0,2,0,0,142.5
2005,6,26,10,5,260,145,13,0,2,0,0,145
2005,6,26,10,5,260,150,85,0,2,0,0,150
2005,6,26,10,5,260,160,128,0,2,0,0,160
2005,6,26,10,5,260,170,52,0,2,0,0,170
2005,6,26,10,5,260,180,55,0,2,0,0,180
2005,6,26,11,5,260,0,20,0,2,1,0,0
2005,6,26,11,5,260,115,25,0,2,0,0,115
2005,6,26,11,5,260,135,60,0,2,0,0,135
2005,6,26,11,5,260,137.5,20,0,2,0,0,137.5
2005,6,26,11,5,260,140,75,0,2,0,0,140
2005,6,26,11,5,260,142.5,20,0,2,0,0,142.5
2005,6,26,11,5,260,145,13,0,2,0,0,145
2005,6,26,11,5,260,150,85,0,2,0,0,150
2005,6,26,11,5,260,160,128,0,2,0,0,160
2005,6,26,11,5,260,170,52,0,2,0,0,170
2005,6,26,11,5,260,180,55,0,2,0,0,180
2005,6,26,12,5,260,0,32,0,2,1,0,0
2005,6,26,12,5,260,115,25,0,2,0,0,115
2005,6,26,12,5,260,135,60,0,2,0,0,135
2005,6,26,12,5,260,137.5,20,0,2,0,0,137.5
2005,6,26,12,5,260,140,75,0,2,0,0,140
2005,6,26,12,5,260,142.5,20,0,2,0,0,142.5
2005,6,26,12,5,260,145,13,0,2,0,0,145
2005,6,26,12,5,260,150,85,0,2,0,0,150
2005,6,26,12,5,260,160,128,0,2,0,0,160
2005,6,26,12,5,260,170,52,0,2,0,0,170
2005,6,26,12,5,260,180,55,0,2,0,0,180
2005,6,26,13,5,260,0,32,0,2,1,0,0
2005,6,26,13,5,260,115,25,0,2,0,0,115
2005,6,26,13,5,260,135,60,0,2,0,0,135
2005,6,26,13,5,260,137.5,20,0,2,0,0,137.5
2005,6,26,13,5,260,140,75,0,2,0,0,140
2005,6,26,13,5,260,142.5,20,0,2,0,0,142.5
2005,6,26,13,5,260,145,13,0,2,0,0,145
2005,6,26,13,5,260,150,85,0,2,0,0,150
2005,6,26,13,5,260,160,128,0,2,0,0,160
2005,6,26,13,5,260,170,52,0,2,0,0,170
2005,6,26,13,5,260,180,55,0,2,0,0,180
2005,6,26,14,5,260,0,32,0,2,1,0,0
2005,6,26,14,5,260,115,25,0,2,0,0,115
2005,6,26,14,5,260,135,60,0,2,0,0,135
2005,6,26,14,5,260,137.5,20,0,2,0,0,137.5
2005,6,26,14,5,260,140,75,0,2,0,0,140
2005,6,26,14,5,260,142.5,20,0,2,0,0,142.5
2005,6,26,14,5,260,145,13,0,2,0,0,145
2005,6,26,14,5,260,150,85,0,2,0,0,150
2005,6,26,14,5,260,160,128,0,2,0,0,160
2005,6,26,14,5,260,170,52,0,2,0,0,170
2005,6,26,14,5,260,180,55,0,2,0,0,180
2005,6,26,15,5,260,0,32,0,2,1,0,0
2005,6,26,15,5,260,115,25,0,2,0,0,115
2005,6,26,15,5,260,135,60,0,2,0,0,135
2005,6,26,15,5,260,137.5,20,0,2,0,0,137.5
2005,6,26,15,5,260,140,75,0,2,0,0,140
2005,6,26,15,5,260,142.5,20,0,2,0,0,142.5
2005,6,26,15,5,260,145,13,0,2,0,0,145
2005,6,26,15,5,260,150,85,0,2,0,0,150
2005,6,26,15,5,260,160,128,0,2,0,0,160
2005,6,26,15,5,260,170,52,0,2,0,0,170
2005,6,26,15,5,260,180,55,0,2,0,0,180
2005,6,26,16,5,260,0,32,0,2,1,0,0
2005,6,26,16,5,260,115,25,0,2,0,0,115
2005,6,26,16,5,260,135,60,0,2,0,0,135
2005,6,26,16,5,260,137.5,20,0,2,0,0,137.5
2005,6,26,16,5,260,140,75,0,2,0,0,140
2005,6,26,16,5,260,142.5,20,0,2,0,0,142.5
2005,6,26,16,5,260,145,13,0,2,0,0,145
2005,6,26,16,5,260,150,85,0,2,0,0,150
2005,6,26,16,5,260,160,128,0,2,0,0,160
2005,6,26,16,5,260,170,52,0,2,0,0,170
2005,6,26,16,5,260,180,55,0,2,0,0,180
2005,6,26,17,5,260,0,20,0,2,1,0,0
2005,6,26,17,5,260,115,25,0,2,0,0,115
2005,6,26,17,5,260,135,60,0,2,0,0,135
2005,6,26,17,5,260,137.5,20,0,2,0,0,137.5
2005,6,26,17,5,260,140,75,0,2,0,0,140
2005,6,26,17,5,260,142.5,20,0,2,0,0,142.5
2005,6,26,17,5,260,145,13,0,2,0,0,145
2005,6,26,17,5,260,150,85,0,2,0,0,150
2005,6,26,17,5,260,160,128,0,2,0,0,160
2005,6,26,17,5,260,170,52,0,2,0,0,170
2005,6,26,17,5,260,180,55,0,2,0,0,180
2005,6,26,18,5,260,0,20,0,2,1,0,0
2005,6,26,18,5,260,115,25,0,2,0,0,115
2005,6,26,18,5,260,135,60,0,2,0,0,135
2005,6,26,18,5,260,137.5,20,0,2,0,0,137.5
2005,6,26,18,5,260,140,75,0,2,0,0,140
2005,6,26,18,5,260,142.5,20,0,2,0,0,142.5
2005,6,26,18,5,260,145,13,0,2,0,0,145
2005,6,26,18,5,260,150,85,0,2,0,0,150
2005,6,26,18,5,260,160,128,0,2,0,0,160
2005,6,26,18,5,260,170,52,0,2,0,0,170
2005,6,26,18,5,260,180,55,0,2,0,0,180
2005,6,26,19,5,260,0,20,0,2,1,0,0
2005,6,26,19,5,260,115,25,0,2,0,0,115
2005,6,26,19,5,260,135,60,0,2,0,0,135
2005,6,26,19,5,260,137.5,20,0,2,0,0,137.5
2005,6,26,19,5,260,140,75,0,2,0,0,140
2005,6,26,19,5,260,142.5,20,0,2,0,0,142.5
2005,6,26,19,5,260,145,13,0,2,0,0,145
2005,6,26,19,5,260,150,85,0,2,0,0,150
2005,6,26,19,5,260,160,128,0,2,0,0,160
2005,6,26,19,5,260,170,52,0,2,0,0,170
2005,6,26,19,5,260,180,55,0,2,0,0,180
2005,6,26,20,5,260,0,20,0,2,1,0,0
2005,6,26,20,5,260,115,25,0,2,0,0,115
2005,6,26,20,5,260,135,60,0,2,0,0,135
2005,6,26,20,5,260,137.5,20,0,2,0,0,137.5
2005,6,26,20,5,260,140,75,0,2,0,0,140
2005,6,26,20,5,260,142.5,20,0,2,0,0,142.5
2005,6,26,20,5,260,145,13,0,2,0,0,145
2005,6,26,20,5,260,150,85,0,2,0,0,150
2005,6,26,20,5,260,160,128,0,2,0,0,160
2005,6,26,20,5,260,170,52,0,2,0,0,170
2005,6,26,20,5,260,180,55,0,2,0,0,180
2005,6,26,21,5,260,0,20,0,2,1,0,0
2005,6,26,21,5,260,115,25,0,2,0,0,115
2005,6,26,21,5,260,135,60,0,2,0,0,135
2005,6,26,21,5,260,137.5,20,0,2,0,0,137.5
2005,6,26,21,5,260,140,75,0,2,0,0,140
2005,6,26,21,5,260,142.5,20,0,2,0,0,142.5
2005,6,26,21,5,260,145,13,0,2,0,0,145
2005,6,26,21,5,260,150,85,0,2,0,0,150
2005,6,26,21,5,260,160,128,0,2,0,0,160
2005,6,26,21,5,260,170,52,0,2,0,0,170
2005,6,26,21,5,260,180,55,0,2,0,0,180
2005,6,26,22,5,260,0,32,0,2,1,0,0
2005,6,26,22,5,260,115,25,0,2,0,0,115
2005,6,26,22,5,260,135,60,0,2,0,0,135
2005,6,26,22,5,260,137.5,20,0,2,0,0,137.5
2005,6,26,22,5,260,140,75,0,2,0,0,140
2005,6,26,22,5,260,142.5,20,0,2,0,0,142.5
2005,6,26,22,5,260,145,13,0,2,0,0,145
2005,6,26,22,5,260,150,85,0,2,0,0,150
2005,6,26,22,5,260,160,128,0,2,0,0,160
2005,6,26,22,5,260,170,52,0,2,0,0,170
2005,6,26,22,5,260,180,55,0,2,0,0,180
2005,6,26,23,5,260,0,89,0,2,1,0,0
2005,6,26,23,5,260,115,25,0,2,0,0,115
2005,6,26,23,5,260,135,60,0,2,0,0,135
2005,6,26,23,5,260,137.5,20,0,2,0,0,137.5
2005,6,26,23,5,260,140,75,0,2,0,0,140
2005,6,26,23,5,260,142.5,20,0,2,0,0,142.5
2005,6,26,23,5,260,145,13,0,2,0,0,145
2005,6,26,23,5,260,150,85,0,2,0,0,150
2005,6,26,23,5,260,160,128,0,2,0,0,160
2005,6,26,23,5,260,170,18,0,2,0,0,170
2005,6,26,23,5,260,180,55,0,2,0,0,180
2005,6,26,24,5,260,0,52,0,2,1,0,0
2005,6,26,24,5,260,115,25,0,2,0,0,115
2005,6,26,24,5,260,135,60,0,2,0,0,135
2005,6,26,24,5,260,137.5,20,0,2,0,0,137.5
2005,6,26,24,5,260,140,75,0,2,0,0,140
2005,6,26,24,5,260,142.5,20,0,2,0,0,142.5
2005,6,26,24,5,260,145,13,0,2,0,0,145
2005,6,26,24,5,260,150,85,0,2,0,0,150
2005,6,26,24,5,260,160,128,0,2,0,0,160
2005,6,26,24,5,260,170,55,0,2,0,0,170
2005,6,26,24,5,260,180,55,0,2,0,0,180
2005,6,26,1,5,261,0,25,0,2,1,0,0
2005,6,26,1,5,261,110.02,24,0,2,0,0,110.02
2005,6,26,1,5,261,136.02,11,0,2,0,0,136.02
2005,6,26,1,5,261,140.02,8,0,2,0,0,140.02
2005,6,26,2,5,261,0,14,0,2,1,0,0
2005,6,26,2,5,261,110.02,20,0,2,0,0,110.02
2005,6,26,2,5,261,136.02,12,0,2,0,0,136.02
2005,6,26,2,5,261,140.02,5,0,2,0,0,140.02
2005,6,26,3,5,261,0,10,0,2,1,0,0
2005,6,26,3,5,261,110.02,20,0,2,0,0,110.02
2005,6,26,3,5,261,136.02,5,0,2,0,0,136.02
2005,6,26,3,5,261,140.02,5,0,2,0,0,140.02
2005,6,26,4,5,261,0,10,0,2,1,0,0
2005,6,26,4,5,261,110.02,20,0,2,0,0,110.02
2005,6,26,4,5,261,140.02,5,0,2,0,0,140.02
2005,6,26,5,5,261,0,10,0,2,1,0,0
2005,6,26,5,5,261,110.02,20,0,2,0,0,110.02
2005,6,26,5,5,261,140.02,5,0,2,0,0,140.02
2005,6,26,6,5,261,0,10,0,2,1,0,0
2005,6,26,6,5,261,110.02,20,0,2,0,0,110.02
2005,6,26,6,5,261,140.02,5,0,2,0,0,140.02
2005,6,26,7,5,261,0,10,0,2,1,0,0
2005,6,26,7,5,261,110.02,20,0,2,0,0,110.02
2005,6,26,7,5,261,140.02,5,0,2,0,0,140.02
2005,6,26,8,5,261,0,10,0,2,1,0,0
2005,6,26,8,5,261,110.02,20,0,2,0,0,110.02
2005,6,26,8,5,261,140.02,5,0,2,0,0,140.02
2005,6,26,9,5,261,0,10,0,2,1,0,0
2005,6,26,9,5,261,110.02,20,0,2,0,0,110.02
2005,6,26,9,5,261,140.02,5,0,2,0,0,140.02
2005,6,26,10,5,261,0,10,0,2,1,0,0
2005,6,26,10,5,261,110.02,20,0,2,0,0,110.02
2005,6,26,10,5,261,136.02,5,0,2,0,0,136.02
2005,6,26,10,5,261,140.02,5,0,2,0,0,140.02
2005,6,26,11,5,261,0,14,0,2,1,0,0
2005,6,26,11,5,261,110.02,20,0,2,0,0,110.02
2005,6,26,11,5,261,136.02,7,0,2,0,0,136.02
2005,6,26,11,5,261,140.02,5,0,2,0,0,140.02
2005,6,26,12,5,261,0,17,0,2,1,0,0
2005,6,26,12,5,261,110.02,20,0,2,0,0,110.02
2005,6,26,12,5,261,136.02,14,0,2,0,0,136.02
2005,6,26,12,5,261,140.02,5,0,2,0,0,140.02
2005,6,26,13,5,261,0,21,0,2,1,0,0
2005,6,26,13,5,261,110.02,20,0,2,0,0,110.02
2005,6,26,13,5,261,136.02,15,0,2,0,0,136.02
2005,6,26,13,5,261,140.02,5,0,2,0,0,140.02
2005,6,26,14,5,261,0,21,0,2,1,0,0
2005,6,26,14,5,261,110.02,20,0,2,0,0,110.02
2005,6,26,14,5,261,136.02,15,0,2,0,0,136.02
2005,6,26,14,5,261,140.02,5,0,2,0,0,140.02
2005,6,26,15,5,261,0,21,0,2,1,0,0
2005,6,26,15,5,261,110.02,20,0,2,0,0,110.02
2005,6,26,15,5,261,136.02,15,0,2,0,0,136.02
2005,6,26,15,5,261,140.02,5,0,2,0,0,140.02
2005,6,26,16,5,261,0,21,0,2,1,0,0
2005,6,26,16,5,261,110.02,20,0,2,0,0,110.02
2005,6,26,16,5,261,136.02,15,0,2,0,0,136.02
2005,6,26,16,5,261,140.02,5,0,2,0,0,140.02
2005,6,26,17,5,261,0,14,0,2,1,0,0
2005,6,26,17,5,261,110.02,20,0,2,0,0,110.02
2005,6,26,17,5,261,136.02,12,0,2,0,0,136.02
2005,6,26,17,5,261,140.02,5,0,2,0,0,140.02
2005,6,26,18,5,261,0,10,0,2,1,0,0
2005,6,26,18,5,261,110.02,20,0,2,0,0,110.02
2005,6,26,18,5,261,136.02,5,0,2,0,0,136.02
2005,6,26,18,5,261,140.02,5,0,2,0,0,140.02
2005,6,26,19,5,261,0,10,0,2,1,0,0
2005,6,26,19,5,261,110.02,20,0,2,0,0,110.02
2005,6,26,19,5,261,136.02,5,0,2,0,0,136.02
2005,6,26,19,5,261,140.02,5,0,2,0,0,140.02
2005,6,26,20,5,261,0,10,0,2,1,0,0
2005,6,26,20,5,261,110.02,20,0,2,0,0,110.02
2005,6,26,20,5,261,136.02,5,0,2,0,0,136.02
2005,6,26,20,5,261,140.02,5,0,2,0,0,140.02
2005,6,26,21,5,261,0,14,0,2,1,0,0
2005,6,26,21,5,261,110.02,20,0,2,0,0,110.02
2005,6,26,21,5,261,136.02,12,0,2,0,0,136.02
2005,6,26,21,5,261,140.02,5,0,2,0,0,140.02
2005,6,26,22,5,261,0,38,0,2,1,0,0
2005,6,26,22,5,261,110.02,24,0,2,0,0,110.02
2005,6,26,22,5,261,136.02,14,0,2,0,0,136.02
2005,6,26,22,5,261,140.02,8,0,2,0,0,140.02
2005,6,26,23,5,261,0,53,0,2,1,0,0
2005,6,26,23,5,261,110.02,24,0,2,0,0,110.02
2005,6,26,23,5,261,136.02,14,0,2,0,0,136.02
2005,6,26,23,5,261,140.02,8,0,2,0,0,140.02
2005,6,26,24,5,261,0,53,0,2,1,0,0
2005,6,26,24,5,261,110.02,24,0,2,0,0,110.02
2005,6,26,24,5,261,136.02,14,0,2,0,0,136.02
2005,6,26,24,5,261,140.02,8,0,2,0,0,140.02
2005,6,26,1,6,262,14.69,9.9,0,1,0,0,14.69
2005,6,26,1,6,262,180.3,9.9,0,1,1,0,180.3
2005,6,26,2,6,262,14.69,6,0,1,0,0,14.69
2005,6,26,2,6,262,180.3,14.1,0,1,1,0,180.3
2005,6,26,3,6,262,14.69,6,0,1,0,0,14.69
2005,6,26,3,6,262,180.3,14,0,1,1,0,180.3
2005,6,26,4,6,262,14.69,5.9,0,1,0,0,14.69
2005,6,26,4,6,262,180.3,13.7,0,1,1,0,180.3
2005,6,26,5,6,262,14.69,5.7,0,1,0,0,14.69
2005,6,26,5,6,262,180.3,13.4,0,1,1,0,180.3
2005,6,26,6,6,262,14.69,5.7,0,1,0,0,14.69
2005,6,26,6,6,262,180.3,13.3,0,1,1,0,180.3
2005,6,26,7,6,262,14.69,5.7,0,1,0,0,14.69
2005,6,26,7,6,262,180.3,13.4,0,1,1,0,180.3
2005,6,26,8,6,262,14.69,5.6,0,1,0,0,14.69
2005,6,26,8,6,262,180.3,13.1,0,1,1,0,180.3
2005,6,26,9,6,262,14.69,5.5,0,1,0,0,14.69
2005,6,26,9,6,262,180.3,12.8,0,1,1,0,180.3
2005,6,26,10,6,262,14.69,9.1,0,1,0,0,14.69
2005,6,26,10,6,262,180.3,9.1,0,1,1,0,180.3
2005,6,26,11,6,262,14.69,9.2,0,1,0,0,14.69
2005,6,26,11,6,262,180.3,9.2,0,1,1,0,180.3
2005,6,26,12,6,262,14.69,9.2,0,1,0,0,14.69
2005,6,26,12,6,262,180.3,9.2,0,1,1,0,180.3
2005,6,26,13,6,262,14.69,9.4,0,1,0,0,14.69
2005,6,26,13,6,262,180.3,9.4,0,1,1,0,180.3
2005,6,26,14,6,262,14.69,9.6,0,1,0,0,14.69
2005,6,26,14,6,262,180.3,9.6,0,1,1,0,180.3
2005,6,26,15,6,262,14.69,9.8,0,1,0,0,14.69
2005,6,26,15,6,262,180.3,9.8,0,1,1,0,180.3
2005,6,26,16,6,262,14.69,9.9,0,1,0,0,14.69
2005,6,26,16,6,262,180.3,9.9,0,1,1,0,180.3
2005,6,26,17,6,262,14.69,9.8,0,1,0,0,14.69
2005,6,26,17,6,262,180.3,9.8,0,1,1,0,180.3
2005,6,26,18,6,262,14.69,10,0,1,0,0,14.69
2005,6,26,18,6,262,180.3,10,0,1,1,0,180.3
2005,6,26,19,6,262,14.69,9.6,0,1,0,0,14.69
2005,6,26,19,6,262,180.3,9.6,0,1,1,0,180.3
2005,6,26,20,6,262,14.69,9.9,0,1,0,0,14.69
2005,6,26,20,6,262,180.3,9.9,0,1,1,0,180.3
2005,6,26,21,6,262,14.69,9.8,0,1,0,0,14.69
2005,6,26,21,6,262,180.3,9.8,0,1,1,0,180.3
2005,6,26,22,6,262,14.69,9.8,0,1,0,0,14.69
2005,6,26,22,6,262,180.3,9.8,0,1,1,0,180.3
2005,6,26,23,6,262,14.69,9.6,0,1,0,0,14.69
2005,6,26,23,6,262,180.3,9.6,0,1,1,0,180.3
2005,6,26,24,6,262,14.69,9.6,0,1,0,0,14.69
2005,6,26,24,6,262,180.3,9.6,0,1,1,0,180.3
2005,6,26,1,6,263,14.69,3,0,1,0,0,14.69
2005,6,26,1,6,263,180.3,3,0,1,1,0,180.3
2005,6,26,2,6,263,14.69,1.6,0,1,0,0,14.69
2005,6,26,2,6,263,180.3,3.6,0,1,1,0,180.3
2005,6,26,3,6,263,14.69,1.1,0,1,0,0,14.69
2005,6,26,3,6,263,180.3,2.5,0,1,1,0,180.3
2005,6,26,4,6,263,14.69,.9,0,1,0,0,14.69
2005,6,26,4,6,263,180.3,2.1,0,1,1,0,180.3
2005,6,26,5,6,263,14.69,.7,0,1,0,0,14.69
2005,6,26,5,6,263,180.3,1.7,0,1,1,0,180.3
2005,6,26,6,6,263,14.69,1.6,0,1,0,0,14.69
2005,6,26,6,6,263,180.3,3.7,0,1,1,0,180.3
2005,6,26,7,6,263,14.69,2.5,0,1,0,0,14.69
2005,6,26,7,6,263,180.3,5.8,0,1,1,0,180.3
2005,6,26,8,6,263,14.69,3,0,1,0,0,14.69
2005,6,26,8,6,263,180.3,7,0,1,1,0,180.3
2005,6,26,9,6,263,14.69,4.3,0,1,0,0,14.69
2005,6,26,9,6,263,180.3,9.9,0,1,1,0,180.3
2005,6,26,10,6,263,14.69,9.7,0,1,0,0,14.69
2005,6,26,10,6,263,180.3,9.7,0,1,1,0,180.3
2005,6,26,11,6,263,14.69,10.3,0,1,0,0,14.69
2005,6,26,11,6,263,180.3,10.3,0,1,1,0,180.3
2005,6,26,12,6,263,14.69,11.2,0,1,0,0,14.69
2005,6,26,12,6,263,180.3,11.2,0,1,1,0,180.3
2005,6,26,13,6,263,14.69,7.5,0,1,0,0,14.69
2005,6,26,13,6,263,180.3,7.5,0,1,1,0,180.3
2005,6,26,14,6,263,14.69,9.6,0,1,0,0,14.69
2005,6,26,14,6,263,180.3,9.6,0,1,1,0,180.3
2005,6,26,15,6,263,14.69,11.2,0,1,0,0,14.69
2005,6,26,15,6,263,180.3,11.2,0,1,1,0,180.3
2005,6,26,16,6,263,14.69,11.3,0,1,0,0,14.69
2005,6,26,16,6,263,180.3,11.3,0,1,1,0,180.3
2005,6,26,17,6,263,14.69,8.2,0,1,0,0,14.69
2005,6,26,17,6,263,180.3,8.2,0,1,1,0,180.3
2005,6,26,18,6,263,14.69,10.1,0,1,0,0,14.69
2005,6,26,18,6,263,180.3,10.1,0,1,1,0,180.3
2005,6,26,19,6,263,14.69,8.5,0,1,0,0,14.69
2005,6,26,19,6,263,180.3,8.5,0,1,1,0,180.3
2005,6,26,20,6,263,14.69,9.9,0,1,0,0,14.69
2005,6,26,20,6,263,180.3,9.9,0,1,1,0,180.3
2005,6,26,21,6,263,14.69,12.4,0,1,0,0,14.69
2005,6,26,21,6,263,180.3,12.4,0,1,1,0,180.3
2005,6,26,22,6,263,14.69,14.9,0,1,0,0,14.69
2005,6,26,22,6,263,180.3,14.9,0,1,1,0,180.3
2005,6,26,23,6,263,14.69,7.8,0,1,0,0,14.69
2005,6,26,23,6,263,180.3,7.8,0,1,1,0,180.3
2005,6,26,24,6,263,14.69,7.7,0,1,0,0,14.69
2005,6,26,24,6,263,180.3,7.7,0,1,1,0,180.3
2005,6,26,1,9,264,14.69,19.8,0,1,0,0,14.69
2005,6,26,1,9,264,180.3,375.3,0,1,1,0,180.3
2005,6,26,2,9,264,14.69,18.4,0,1,0,0,14.69
2005,6,26,2,9,264,180.3,349.3,0,1,1,0,180.3
2005,6,26,3,9,264,14.69,16.9,0,1,0,0,14.69
2005,6,26,3,9,264,180.3,321.7,0,1,1,0,180.3
2005,6,26,4,9,264,14.69,16.4,0,1,0,0,14.69
2005,6,26,4,9,264,180.3,311.1,0,1,1,0,180.3
2005,6,26,5,9,264,14.69,15.8,0,1,0,0,14.69
2005,6,26,5,9,264,180.3,299.3,0,1,1,0,180.3
2005,6,26,6,9,264,14.69,15.5,0,1,0,0,14.69
2005,6,26,6,9,264,180.3,293.9,0,1,1,0,180.3
2005,6,26,7,9,264,14.69,14.7,0,1,0,0,14.69
2005,6,26,7,9,264,180.3,279.5,0,1,1,0,180.3
2005,6,26,8,9,264,14.69,14,0,1,0,0,14.69
2005,6,26,8,9,264,180.3,265.1,0,1,1,0,180.3
2005,6,26,9,9,264,14.69,14.1,0,1,0,0,14.69
2005,6,26,9,9,264,180.3,268,0,1,1,0,180.3
2005,6,26,10,9,264,14.69,15.7,0,1,0,0,14.69
2005,6,26,10,9,264,180.3,298.9,0,1,1,0,180.3
2005,6,26,11,9,264,14.69,16.2,0,1,0,0,14.69
2005,6,26,11,9,264,180.3,308.7,0,1,1,0,180.3
2005,6,26,12,9,264,14.69,16.9,0,1,0,0,14.69
2005,6,26,12,9,264,180.3,320.6,0,1,1,0,180.3
2005,6,26,13,9,264,14.69,17.3,0,1,0,0,14.69
2005,6,26,13,9,264,180.3,328.8,0,1,1,0,180.3
2005,6,26,14,9,264,14.69,17.7,0,1,0,0,14.69
2005,6,26,14,9,264,180.3,335.6,0,1,1,0,180.3
2005,6,26,15,9,264,14.69,18.3,0,1,0,0,14.69
2005,6,26,15,9,264,180.3,347.4,0,1,1,0,180.3
2005,6,26,16,9,264,14.69,17.8,0,1,0,0,14.69
2005,6,26,16,9,264,180.3,338.6,0,1,1,0,180.3
2005,6,26,17,9,264,14.69,17.2,0,1,0,0,14.69
2005,6,26,17,9,264,180.3,327.7,0,1,1,0,180.3
2005,6,26,18,9,264,14.69,15.9,0,1,0,0,14.69
2005,6,26,18,9,264,180.3,301.5,0,1,1,0,180.3
2005,6,26,19,9,264,14.69,15.1,0,1,0,0,14.69
2005,6,26,19,9,264,180.3,287.8,0,1,1,0,180.3
2005,6,26,20,9,264,14.69,14.2,0,1,0,0,14.69
2005,6,26,20,9,264,180.3,270.1,0,1,1,0,180.3
2005,6,26,21,9,264,14.69,15.9,0,1,0,0,14.69
2005,6,26,21,9,264,180.3,301.4,0,1,1,0,180.3
2005,6,26,22,9,264,14.69,18,0,1,0,0,14.69
2005,6,26,22,9,264,180.3,342.1,0,1,1,0,180.3
2005,6,26,23,9,264,14.69,19.9,0,1,0,0,14.69
2005,6,26,23,9,264,180.3,378.4,0,1,1,0,180.3
2005,6,26,24,9,264,14.69,18,0,1,0,0,14.69
2005,6,26,24,9,264,180.3,341.3,0,1,1,0,180.3
2005,6,26,1,9,265,14.69,58.1,0,1,0,0,14.69
2005,6,26,1,9,265,180.3,58.1,0,1,1,0,180.3
2005,6,26,2,9,265,14.69,34.4,0,1,0,0,14.69
2005,6,26,2,9,265,180.3,80.2,0,1,1,0,180.3
2005,6,26,3,9,265,14.69,33.9,0,1,0,0,14.69
2005,6,26,3,9,265,180.3,79,0,1,1,0,180.3
2005,6,26,4,9,265,14.69,33,0,1,0,0,14.69
2005,6,26,4,9,265,180.3,77.1,0,1,1,0,180.3
2005,6,26,5,9,265,14.69,32.8,0,1,0,0,14.69
2005,6,26,5,9,265,180.3,76.4,0,1,1,0,180.3
2005,6,26,6,9,265,14.69,32.7,0,1,0,0,14.69
2005,6,26,6,9,265,180.3,76.4,0,1,1,0,180.3
2005,6,26,7,9,265,14.69,33.2,0,1,0,0,14.69
2005,6,26,7,9,265,180.3,77.6,0,1,1,0,180.3
2005,6,26,8,9,265,14.69,33.5,0,1,0,0,14.69
2005,6,26,8,9,265,180.3,78.2,0,1,1,0,180.3
2005,6,26,9,9,265,14.69,35,0,1,0,0,14.69
2005,6,26,9,9,265,180.3,81.7,0,1,1,0,180.3
2005,6,26,10,9,265,14.69,63.1,0,1,0,0,14.69
2005,6,26,10,9,265,180.3,63.1,0,1,1,0,180.3
2005,6,26,11,9,265,14.69,68,0,1,0,0,14.69
2005,6,26,11,9,265,180.3,68,0,1,1,0,180.3
2005,6,26,12,9,265,14.69,69.5,0,1,0,0,14.69
2005,6,26,12,9,265,180.3,69.5,0,1,1,0,180.3
2005,6,26,13,9,265,14.69,69.6,0,1,0,0,14.69
2005,6,26,13,9,265,180.3,69.6,0,1,1,0,180.3
2005,6,26,14,9,265,14.69,68.3,0,1,0,0,14.69
2005,6,26,14,9,265,180.3,68.3,0,1,1,0,180.3
2005,6,26,15,9,265,14.69,58.7,0,1,0,0,14.69
2005,6,26,15,9,265,180.3,58.7,0,1,1,0,180.3
2005,6,26,16,9,265,14.69,58.5,0,1,0,0,14.69
2005,6,26,16,9,265,180.3,58.5,0,1,1,0,180.3
2005,6,26,17,9,265,14.69,59.5,0,1,0,0,14.69
2005,6,26,17,9,265,180.3,59.5,0,1,1,0,180.3
2005,6,26,18,9,265,14.69,61,0,1,0,0,14.69
2005,6,26,18,9,265,180.3,61,0,1,1,0,180.3
2005,6,26,19,9,265,14.69,61.7,0,1,0,0,14.69
2005,6,26,19,9,265,180.3,61.7,0,1,1,0,180.3
2005,6,26,20,9,265,14.69,60.7,0,1,0,0,14.69
2005,6,26,20,9,265,180.3,60.7,0,1,1,0,180.3
2005,6,26,21,9,265,14.69,59.7,0,1,0,0,14.69
2005,6,26,21,9,265,180.3,59.7,0,1,1,0,180.3
2005,6,26,22,9,265,14.69,60.1,0,1,0,0,14.69
2005,6,26,22,9,265,180.3,60.1,0,1,1,0,180.3
2005,6,26,23,9,265,14.69,61.3,0,1,0,0,14.69
2005,6,26,23,9,265,180.3,61.3,0,1,1,0,180.3
2005,6,26,24,9,265,14.69,61.1,0,1,0,0,14.69
2005,6,26,24,9,265,180.3,61.1,0,1,1,0,180.3
2005,6,26,1,6,266,12.4,.9,0,1,0,0,12.4
2005,6,26,1,6,266,37.3,.1,0,1,0,0,37.3
2005,6,26,2,6,266,12.4,.9,0,1,0,0,12.4
2005,6,26,2,6,266,37.3,.1,0,1,0,0,37.3
2005,6,26,3,6,266,12.4,.9,0,1,0,0,12.4
2005,6,26,3,6,266,37.3,.1,0,1,0,0,37.3
2005,6,26,4,6,266,12.4,.9,0,1,0,0,12.4
2005,6,26,4,6,266,37.3,.1,0,1,1,0,37.3
2005,6,26,5,6,266,12.4,.9,0,1,0,0,12.4
2005,6,26,5,6,266,37.3,.1,0,1,1,0,37.3
2005,6,26,6,6,266,12.4,.9,0,1,0,0,12.4
2005,6,26,6,6,266,37.3,.1,0,1,1,0,37.3
2005,6,26,7,6,266,12.4,.9,0,1,0,0,12.4
2005,6,26,7,6,266,37.3,.1,0,1,1,0,37.3
2005,6,26,8,6,266,12.4,.9,0,1,0,0,12.4
2005,6,26,8,6,266,37.3,.1,0,1,1,0,37.3
2005,6,26,9,6,266,12.6,.9,0,1,0,0,12.6
2005,6,26,9,6,266,37.4,.1,0,1,1,0,37.4
2005,6,26,10,6,266,12.6,.9,0,1,0,0,12.6
2005,6,26,10,6,266,37.4,.1,0,1,1,0,37.4
2005,6,26,11,6,266,12.6,.9,0,1,0,0,12.6
2005,6,26,11,6,266,37.4,.1,0,1,0,0,37.4
2005,6,26,12,6,266,12.5,.9,0,1,0,0,12.5
2005,6,26,12,6,266,37.4,.1,0,1,0,0,37.4
2005,6,26,13,6,266,12.5,.9,0,1,0,0,12.5
2005,6,26,13,6,266,37.4,.1,0,1,0,0,37.4
2005,6,26,14,6,266,12.5,.9,0,1,0,0,12.5
2005,6,26,14,6,266,37.4,.1,0,1,0,0,37.4
2005,6,26,15,6,266,12.5,.9,0,1,0,0,12.5
2005,6,26,15,6,266,37.4,.1,0,1,0,0,37.4
2005,6,26,16,6,266,12.6,.9,0,1,0,0,12.6
2005,6,26,16,6,266,37.4,.1,0,1,0,0,37.4
2005,6,26,17,6,266,12.6,.9,0,1,0,0,12.6
2005,6,26,17,6,266,37.4,.1,0,1,0,0,37.4
2005,6,26,18,6,266,12.6,.9,0,1,0,0,12.6
2005,6,26,18,6,266,37.4,.1,0,1,0,0,37.4
2005,6,26,19,6,266,12.6,.9,0,1,0,0,12.6
2005,6,26,19,6,266,37.4,.1,0,1,0,0,37.4
2005,6,26,20,6,266,12.6,.9,0,1,0,0,12.6
2005,6,26,20,6,266,37.4,.1,0,1,0,0,37.4
2005,6,26,21,6,266,12.6,.9,0,1,0,0,12.6
2005,6,26,21,6,266,37.4,.1,0,1,0,0,37.4
2005,6,26,22,6,266,12.5,.9,0,1,0,0,12.5
2005,6,26,22,6,266,37.4,.1,0,1,0,0,37.4
2005,6,26,23,6,266,12.4,.9,0,1,0,0,12.4
2005,6,26,23,6,266,37.3,.1,0,1,0,0,37.3
2005,6,26,24,6,266,12.5,.9,0,1,0,0,12.5
2005,6,26,24,6,266,37.4,.1,0,1,0,0,37.4
2005,6,26,1,6,267,0,62.6,0,2,1,0,0
2005,6,26,1,6,267,102.61,21.8,0,2,0,0,102.61
2005,6,26,2,6,267,0,62.6,0,2,1,0,0
2005,6,26,2,6,267,102.61,21.8,0,2,0,0,102.61
2005,6,26,3,6,267,0,62.6,0,2,1,0,0
2005,6,26,3,6,267,102.61,21.8,0,2,0,0,102.61
2005,6,26,4,6,267,0,62.6,0,2,1,0,0
2005,6,26,4,6,267,102.61,21.8,0,2,0,0,102.61
2005,6,26,5,6,267,0,64.3,0,2,1,0,0
2005,6,26,5,6,267,102.61,21.8,0,2,0,0,102.61
2005,6,26,6,6,267,0,82.6,0,2,1,0,0
2005,6,26,6,6,267,102.61,21.8,0,2,0,0,102.61
2005,6,26,7,6,267,0,65.9,0,2,1,0,0
2005,6,26,7,6,267,102.61,21.8,0,2,0,0,102.61
2005,6,26,8,6,267,0,62.6,0,2,1,0,0
2005,6,26,8,6,267,102.61,21.8,0,2,0,0,102.61
2005,6,26,9,6,267,0,62.6,0,2,1,0,0
2005,6,26,9,6,267,102.61,21.8,0,2,0,0,102.61
2005,6,26,10,6,267,0,62.6,0,2,1,0,0
2005,6,26,10,6,267,102.61,21.8,0,2,0,0,102.61
2005,6,26,11,6,267,0,62.8,0,2,1,0,0
2005,6,26,11,6,267,102.61,21.8,0,2,0,0,102.61
2005,6,26,12,6,267,0,63,0,2,1,0,0
2005,6,26,12,6,267,102.61,21.8,0,2,0,0,102.61
2005,6,26,13,6,267,0,63,0,2,1,0,0
2005,6,26,13,6,267,102.61,21.8,0,2,0,0,102.61
2005,6,26,14,6,267,0,63,0,2,1,0,0
2005,6,26,14,6,267,102.61,21.8,0,2,0,0,102.61
2005,6,26,15,6,267,0,63,0,2,1,0,0
2005,6,26,15,6,267,102.61,21.8,0,2,0,0,102.61
2005,6,26,16,6,267,0,63,0,2,1,0,0
2005,6,26,16,6,267,102.61,21.8,0,2,0,0,102.61
2005,6,26,17,6,267,0,63,0,2,1,0,0
2005,6,26,17,6,267,102.61,21.8,0,2,0,0,102.61
2005,6,26,18,6,267,0,78,0,2,1,0,0
2005,6,26,18,6,267,102.61,21.8,0,2,0,0,102.61
2005,6,26,19,6,267,0,73,0,2,1,0,0
2005,6,26,19,6,267,102.61,21.8,0,2,0,0,102.61
2005,6,26,20,6,267,0,63,0,2,1,0,0
2005,6,26,20,6,267,102.61,21.8,0,2,0,0,102.61
2005,6,26,21,6,267,0,63,0,2,1,0,0
2005,6,26,21,6,267,102.61,21.8,0,2,0,0,102.61
2005,6,26,22,6,267,0,62.8,0,2,1,0,0
2005,6,26,22,6,267,102.61,21.8,0,2,0,0,102.61
2005,6,26,23,6,267,0,62.6,0,2,1,0,0
2005,6,26,23,6,267,102.61,21.8,0,2,0,0,102.61
2005,6,26,24,6,267,0,62.6,0,2,1,0,0
2005,6,26,24,6,267,102.61,21.8,0,2,0,0,102.61
2005,6,26,1,8,268,0,105.5,0,2,1,0,0
2005,6,26,1,8,268,180.3,679,0,2,0,0,180.3
2005,6,26,2,8,268,0,105.9,0,2,1,0,0
2005,6,26,2,8,268,180.3,678.7,0,2,0,0,180.3
2005,6,26,3,8,268,0,113.1,0,2,1,0,0
2005,6,26,3,8,268,180.3,671.5,0,2,0,0,180.3
2005,6,26,4,8,268,0,114.7,0,2,1,0,0
2005,6,26,4,8,268,180.3,669.8,0,2,0,0,180.3
2005,6,26,5,8,268,0,119.9,0,2,1,0,0
2005,6,26,5,8,268,180.3,664.7,0,2,0,0,180.3
2005,6,26,6,8,268,0,121.6,0,2,1,0,0
2005,6,26,6,8,268,180.3,663,0,2,0,0,180.3
2005,6,26,7,8,268,0,119.3,0,2,1,0,0
2005,6,26,7,8,268,180.3,665.3,0,2,0,0,180.3
2005,6,26,8,8,268,0,117.7,0,2,1,0,0
2005,6,26,8,8,268,180.3,666.9,0,2,0,0,180.3
2005,6,26,9,8,268,0,106.3,0,2,1,0,0
2005,6,26,9,8,268,180.3,678.2,0,2,0,0,180.3
2005,6,26,10,8,268,0,93,0,2,1,0,0
2005,6,26,10,8,268,180.3,691.6,0,2,0,0,180.3
2005,6,26,11,8,268,0,89.6,0,2,1,0,0
2005,6,26,11,8,268,180.3,695,0,2,0,0,180.3
2005,6,26,12,8,268,0,85.5,0,2,1,0,0
2005,6,26,12,8,268,180.3,699.1,0,2,0,0,180.3
2005,6,26,13,8,268,0,83.7,0,2,1,0,0
2005,6,26,13,8,268,180.3,700.8,0,2,0,0,180.3
2005,6,26,14,8,268,0,91.7,0,2,1,0,0
2005,6,26,14,8,268,180.3,692.9,0,2,0,0,180.3
2005,6,26,15,8,268,0,104.2,0,2,1,0,0
2005,6,26,15,8,268,180.3,680.4,0,2,0,0,180.3
2005,6,26,16,8,268,0,109.4,0,2,1,0,0
2005,6,26,16,8,268,180.3,675.1,0,2,0,0,180.3
2005,6,26,17,8,268,0,106.5,0,2,1,0,0
2005,6,26,17,8,268,180.3,678,0,2,0,0,180.3
2005,6,26,18,8,268,0,115.3,0,2,1,0,0
2005,6,26,18,8,268,180.3,669.3,0,2,0,0,180.3
2005,6,26,19,8,268,0,109.6,0,2,1,0,0
2005,6,26,19,8,268,180.3,675,0,2,0,0,180.3
2005,6,26,20,8,268,0,105.9,0,2,1,0,0
2005,6,26,20,8,268,180.3,678.7,0,2,0,0,180.3
2005,6,26,21,8,268,0,104.1,0,2,1,0,0
2005,6,26,21,8,268,180.3,680.5,0,2,0,0,180.3
2005,6,26,22,8,268,0,105,0,2,1,0,0
2005,6,26,22,8,268,180.3,679.6,0,2,0,0,180.3
2005,6,26,23,8,268,0,103.9,0,2,1,0,0
2005,6,26,23,8,268,180.3,680.6,0,2,0,0,180.3
2005,6,26,24,8,268,0,110.5,0,2,1,0,0
2005,6,26,24,8,268,180.3,674.1,0,2,0,0,180.3
2005,6,26,1,9,269,0,3.2,0,2,1,0,0
2005,6,26,2,9,269,0,3.2,0,2,1,0,0
2005,6,26,3,9,269,0,3.1,0,2,1,0,0
2005,6,26,4,9,269,0,3.1,0,2,1,0,0
2005,6,26,5,9,269,0,3.1,0,2,1,0,0
2005,6,26,6,9,269,0,3.1,0,2,1,0,0
2005,6,26,7,9,269,0,3.1,0,2,1,0,0
2005,6,26,8,9,269,0,3.3,0,2,1,0,0
2005,6,26,9,9,269,0,3.3,0,2,1,0,0
2005,6,26,10,9,269,0,3.2,0,2,1,0,0
2005,6,26,11,9,269,0,3.3,0,2,1,0,0
2005,6,26,12,9,269,0,3.4,0,2,1,0,0
2005,6,26,13,9,269,0,3.3,0,2,1,0,0
2005,6,26,14,9,269,0,3.3,0,2,1,0,0
2005,6,26,15,9,269,0,3.3,0,2,1,0,0
2005,6,26,16,9,269,0,3.3,0,2,1,0,0
2005,6,26,17,9,269,0,3.2,0,2,1,0,0
2005,6,26,18,9,269,0,3.2,0,2,1,0,0
2005,6,26,19,9,269,0,3.2,0,2,1,0,0
2005,6,26,20,9,269,0,3.2,0,2,1,0,0
2005,6,26,21,9,269,0,3.3,0,2,1,0,0
2005,6,26,22,9,269,0,3.2,0,2,1,0,0
2005,6,26,23,9,269,0,3.2,0,2,1,0,0
2005,6,26,24,9,269,0,3.2,0,2,1,0,0
2005,6,26,1,9,270,0,3.7,0,2,1,0,0
2005,6,26,2,9,270,0,2.5,0,2,1,0,0
2005,6,26,3,9,270,0,1.7,0,2,1,0,0
2005,6,26,4,9,270,0,1.3,0,2,1,0,0
2005,6,26,5,9,270,0,1.3,0,2,1,0,0
2005,6,26,6,9,270,0,1.8,0,2,1,0,0
2005,6,26,7,9,270,0,2.2,0,2,1,0,0
2005,6,26,8,9,270,0,2.6,0,2,1,0,0
2005,6,26,9,9,270,0,3.1,0,2,1,0,0
2005,6,26,10,9,270,0,3.6,0,2,1,0,0
2005,6,26,11,9,270,0,4.1,0,2,1,0,0
2005,6,26,12,9,270,0,4.6,0,2,1,0,0
2005,6,26,13,9,270,0,6.4,0,2,1,0,0
2005,6,26,14,9,270,0,7.4,0,2,1,0,0
2005,6,26,15,9,270,0,8.8,0,2,1,0,0
2005,6,26,16,9,270,0,10.2,0,2,1,0,0
2005,6,26,17,9,270,0,13,0,2,1,0,0
2005,6,26,18,9,270,0,15,0,2,1,0,0
2005,6,26,19,9,270,0,16.5,0,2,1,0,0
2005,6,26,20,9,270,0,17.5,0,2,1,0,0
2005,6,26,21,9,270,0,18,0,2,1,0,0
2005,6,26,22,9,270,0,18,0,2,1,0,0
2005,6,26,23,9,270,0,17,0,2,1,0,0
2005,6,26,24,9,270,0,15,0,2,1,0,0
2005,6,26,1,9,271,0,3,0,2,1,0,0
2005,6,26,2,9,271,0,3,0,2,1,0,0
2005,6,26,3,9,271,0,3,0,2,1,0,0
2005,6,26,4,9,271,0,3,0,2,1,0,0
2005,6,26,5,9,271,0,3,0,2,1,0,0
2005,6,26,6,9,271,0,3,0,2,1,0,0
2005,6,26,7,9,271,0,3,0,2,1,0,0
2005,6,26,8,9,271,0,3,0,2,1,0,0
2005,6,26,9,9,271,0,3,0,2,1,0,0
2005,6,26,10,9,271,0,3,0,2,1,0,0
2005,6,26,11,9,271,0,3,0,2,1,0,0
2005,6,26,12,9,271,0,3,0,2,1,0,0
2005,6,26,13,9,271,0,2.6,0,2,1,0,0
2005,6,26,14,9,271,0,2.5,0,2,1,0,0
2005,6,26,15,9,271,0,2.5,0,2,1,0,0
2005,6,26,16,9,271,0,2.5,0,2,1,0,0
2005,6,26,17,9,271,0,2.5,0,2,1,0,0
2005,6,26,18,9,271,0,2.5,0,2,1,0,0
2005,6,26,19,9,271,0,2.5,0,2,1,0,0
2005,6,26,20,9,271,0,3,0,2,1,0,0
2005,6,26,21,9,271,0,3,0,2,1,0,0
2005,6,26,22,9,271,0,3,0,2,1,0,0
2005,6,26,23,9,271,0,2.7,0,2,1,0,0
2005,6,26,24,9,271,0,3,0,2,1,0,0
